t,rhoc,errD,Mb,q00,q20,q22,vatm
0.000,1.2799999990e-03,4.205366e-07,1.5058474339e+00,1.5058260555e+00,-6.1309689827e-15,1.1448028106e-15,0.0000e+00
1.025,1.2786123672e-03,5.500207e-04,1.5058473783e+00,1.5058260231e+00,4.1427952816e-15,1.2540632845e-15,0.0000e+00
2.051,1.2774225461e-03,1.049669e-03,1.5058473197e+00,1.5058259844e+00,7.0343895841e-15,-1.4239702916e-15,0.0000e+00
3.076,1.2768380406e-03,1.461706e-03,1.5058472618e+00,1.5058259362e+00,-1.0377978617e-14,2.1648180544e-16,0.0000e+00
4.101,1.2765382894e-03,1.825412e-03,1.5058472057e+00,1.5058258852e+00,1.0494200698e-14,-3.4380677224e-16,0.0000e+00
5.127,1.2762701461e-03,2.151310e-03,1.5058471526e+00,1.5058258365e+00,4.0029874281e-15,3.1143081070e-16,0.0000e+00
6.152,1.2759910032e-03,2.432821e-03,1.5058471031e+00,1.5058257917e+00,-4.3832079502e-15,2.6318381402e-16,0.0000e+00
7.178,1.2757492619e-03,2.664306e-03,1.5058470581e+00,1.5058257507e+00,-4.0747930831e-15,-1.8562167528e-16,0.0000e+00
8.203,1.2755485084e-03,2.843569e-03,1.5058470181e+00,1.5058257141e+00,1.0564240183e-14,-6.2393750856e-16,0.0000e+00
9.228,1.2753689990e-03,2.970533e-03,1.5058469835e+00,1.5058256825e+00,-1.4894154966e-14,-1.2518531968e-15,0.0000e+00
10.254,1.2752284479e-03,3.046329e-03,1.5058469545e+00,1.5058256559e+00,4.8109213726e-15,5.2230813325e-16,0.0000e+00
11.279,1.2751733717e-03,3.072920e-03,1.5058469315e+00,1.5058256337e+00,7.2640101137e-15,-1.7852806656e-15,0.0000e+00
12.304,1.2752348374e-03,3.053031e-03,1.5058469143e+00,1.5058256155e+00,9.5862898640e-15,1.5777518431e-15,0.0000e+00
13.330,1.2754088335e-03,2.990268e-03,1.5058469031e+00,1.5058256014e+00,9.2930945046e-15,2.0282085807e-16,0.0000e+00
14.355,1.2756708534e-03,2.889186e-03,1.5058468976e+00,1.5058255916e+00,-2.8737138407e-15,5.9771439434e-16,0.0000e+00
15.380,1.2759993671e-03,2.755217e-03,1.5058468978e+00,1.5058255863e+00,-5.0319673276e-15,-1.1449801276e-16,0.0000e+00
16.406,1.2763848027e-03,2.594463e-03,1.5058469034e+00,1.5058255854e+00,5.7439587385e-15,7.5923341299e-16,0.0000e+00
17.431,1.2768210790e-03,2.413395e-03,1.5058469139e+00,1.5058255887e+00,-1.9864747481e-14,-1.0867042608e-16,0.0000e+00
18.456,1.2772935503e-03,2.218639e-03,1.5058469292e+00,1.5058255960e+00,-6.9961214852e-15,-2.9545135535e-16,0.0000e+00
19.482,1.2777766180e-03,2.016970e-03,1.5058469486e+00,1.5058256074e+00,-1.0151515708e-14,-6.9205251004e-16,0.0000e+00
20.507,1.2782423897e-03,1.815459e-03,1.5058469718e+00,1.5058256228e+00,1.2522051978e-14,-1.9627916663e-15,0.0000e+00
21.533,1.2786720641e-03,1.621574e-03,1.5058469983e+00,1.5058256421e+00,6.5700260139e-15,-1.7149994198e-16,0.0000e+00
22.558,1.2790611343e-03,1.443044e-03,1.5058470275e+00,1.5058256648e+00,-3.9632149154e-15,-3.7565521106e-16,0.0000e+00
23.583,1.2794157262e-03,1.287395e-03,1.5058470590e+00,1.5058256904e+00,-8.4537092475e-15,-8.7156928475e-16,0.0000e+00
24.609,1.2797440196e-03,1.161090e-03,1.5058470923e+00,1.5058257182e+00,6.4707402470e-15,2.5518782300e-16,0.0000e+00
25.634,1.2800489589e-03,1.068273e-03,1.5058471269e+00,1.5058257477e+00,1.9147692846e-14,2.2458372218e-15,0.0000e+00
26.659,1.2803261315e-03,1.009402e-03,1.5058471624e+00,1.5058257786e+00,1.0587510129e-14,-2.0090870991e-15,0.0000e+00
27.685,1.2805667386e-03,9.806033e-04,1.5058471984e+00,1.5058258106e+00,-7.5850735274e-15,1.0016068086e-15,0.0000e+00
28.710,1.2807627705e-03,9.745478e-04,1.5058472345e+00,1.5058258434e+00,7.6288308319e-15,-1.5554840152e-15,0.0000e+00
29.735,1.2809112403e-03,9.825198e-04,1.5058472704e+00,1.5058258768e+00,8.2814527777e-15,-3.6988183449e-16,0.0000e+00
30.761,1.2810156025e-03,9.964460e-04,1.5058473057e+00,1.5058259104e+00,1.4523489284e-14,-3.4036443034e-16,0.0000e+00
31.786,1.2810841440e-03,1.010038e-03,1.5058473402e+00,1.5058259437e+00,1.3159617154e-14,-5.0356396236e-16,0.0000e+00
32.812,1.2811267402e-03,1.019086e-03,1.5058473737e+00,1.5058259765e+00,1.4302840570e-14,-3.6513844999e-16,0.0000e+00
33.837,1.2811517794e-03,1.021306e-03,1.5058474058e+00,1.5058260082e+00,-1.8296405406e-15,-1.9542264691e-15,0.0000e+00
34.862,1.2811644918e-03,1.016053e-03,1.5058474366e+00,1.5058260388e+00,6.8192027982e-15,7.7812347583e-17,0.0000e+00
35.888,1.2811668381e-03,1.004015e-03,1.5058474658e+00,1.5058260680e+00,6.3316530460e-16,6.5140950694e-16,0.0000e+00
36.913,1.2811583763e-03,9.869311e-04,1.5058474934e+00,1.5058260957e+00,6.0247807062e-15,-1.0528478880e-15,0.0000e+00
37.938,1.2811373912e-03,9.672842e-04,1.5058475192e+00,1.5058261219e+00,-1.3690514262e-14,-7.2108202321e-16,0.0000e+00
38.964,1.2811019334e-03,9.479684e-04,1.5058475433e+00,1.5058261466e+00,-2.9506921795e-15,1.1662429085e-15,0.0000e+00
39.989,1.2810508415e-03,9.319049e-04,1.5058475656e+00,1.5058261697e+00,1.1480485932e-14,-6.6451377486e-16,0.0000e+00
41.014,1.2809847292e-03,9.216252e-04,1.5058475861e+00,1.5058261913e+00,-2.6999705036e-15,1.3963897647e-16,0.0000e+00
42.040,1.2809067817e-03,9.188844e-04,1.5058476049e+00,1.5058262114e+00,-6.5919988442e-15,5.9237469864e-16,0.0000e+00
43.065,1.2808229784e-03,9.243069e-04,1.5058476220e+00,1.5058262299e+00,-2.1786589129e-16,-1.1433538244e-16,0.0000e+00
44.090,1.2807414146e-03,9.377095e-04,1.5058476373e+00,1.5058262466e+00,4.8371724893e-15,-3.3572946606e-16,0.0000e+00
45.116,1.2806706905e-03,9.577894e-04,1.5058476511e+00,1.5058262616e+00,7.6187608881e-15,9.8032934101e-16,0.0000e+00
46.141,1.2806179484e-03,9.828422e-04,1.5058476633e+00,1.5058262746e+00,-5.5295486285e-15,-1.6775651798e-15,0.0000e+00
47.167,1.2805872852e-03,1.011267e-03,1.5058476740e+00,1.5058262858e+00,-2.0073321207e-14,-1.4434859307e-15,0.0000e+00
48.192,1.2805790860e-03,1.041649e-03,1.5058476833e+00,1.5058262952e+00,-9.3465095459e-15,3.4588968225e-15,0.0000e+00
49.217,1.2805904125e-03,1.072742e-03,1.5058476911e+00,1.5058263029e+00,6.8441254132e-15,1.8096626878e-15,0.0000e+00
50.243,1.2806161729e-03,1.103472e-03,1.5058476976e+00,1.5058263089e+00,-5.2742326868e-15,9.3804329627e-17,0.0000e+00
51.268,1.2806505880e-03,1.132920e-03,1.5058477027e+00,1.5058263135e+00,1.5895031549e-14,1.8385024656e-15,0.0000e+00
52.293,1.2806885188e-03,1.160266e-03,1.5058477065e+00,1.5058263166e+00,6.5771541150e-15,-9.7570690342e-16,0.0000e+00
53.319,1.2807263793e-03,1.184718e-03,1.5058477090e+00,1.5058263185e+00,-7.0402242967e-16,-1.1673938475e-15,0.0000e+00
54.344,1.2807625118e-03,1.205458e-03,1.5058477103e+00,1.5058263192e+00,-4.1149631327e-15,-5.7029660607e-16,0.0000e+00
55.369,1.2807971143e-03,1.221623e-03,1.5058477102e+00,1.5058263186e+00,2.6062232238e-14,1.9789608570e-15,0.0000e+00
56.395,1.2808317407e-03,1.232317e-03,1.5058477089e+00,1.5058263167e+00,9.9729972570e-15,9.4419830362e-16,0.0000e+00
57.420,1.2808684817e-03,1.236669e-03,1.5058477063e+00,1.5058263135e+00,1.0057944499e-14,-2.6913234761e-16,0.0000e+00
58.446,1.2809089944e-03,1.233887e-03,1.5058477024e+00,1.5058263089e+00,-9.9927779787e-16,5.5350605076e-16,0.0000e+00
59.471,1.2809535632e-03,1.223310e-03,1.5058476972e+00,1.5058263029e+00,6.8569731275e-15,-9.2325862333e-16,0.0000e+00
60.496,1.2810004909e-03,1.204444e-03,1.5058476906e+00,1.5058262955e+00,-5.1631426633e-15,1.0547327151e-15,0.0000e+00
61.522,1.2810460066e-03,1.176967e-03,1.5058476826e+00,1.5058262868e+00,7.3254298143e-15,2.3357717920e-15,0.0000e+00
62.547,1.2810847834e-03,1.140730e-03,1.5058476733e+00,1.5058262768e+00,-9.6665389767e-15,-6.5990591563e-16,0.0000e+00
63.572,1.2811109794e-03,1.095758e-03,1.5058476626e+00,1.5058262656e+00,-1.5403894588e-15,4.9026779904e-17,0.0000e+00
64.598,1.2811194742e-03,1.042248e-03,1.5058476504e+00,1.5058262534e+00,-5.2916340805e-15,9.6647865826e-16,0.0000e+00
65.623,1.2811068813e-03,9.805717e-04,1.5058476369e+00,1.5058262400e+00,1.4369517367e-15,9.4647512818e-16,0.0000e+00
66.648,1.2810721999e-03,9.113358e-04,1.5058476219e+00,1.5058262256e+00,-2.4970487097e-15,-1.0678098780e-15,0.0000e+00
67.674,1.2810168989e-03,8.354650e-04,1.5058476056e+00,1.5058262103e+00,4.1881419186e-15,9.7873014281e-16,0.0000e+00
68.699,1.2809444580e-03,7.543118e-04,1.5058475880e+00,1.5058261938e+00,1.5287566533e-15,-5.2126356282e-16,0.0000e+00
69.725,1.2808594379e-03,6.698353e-04,1.5058475691e+00,1.5058261763e+00,4.2880105586e-15,5.2350075564e-16,0.0000e+00
70.750,1.2807662452e-03,5.849691e-04,1.5058475490e+00,1.5058261578e+00,1.2072148510e-14,6.6021864959e-16,0.0000e+00
71.775,1.2806678625e-03,5.042877e-04,1.5058475278e+00,1.5058261382e+00,-9.5465039626e-15,2.4076793411e-16,0.0000e+00
72.801,1.2805649288e-03,4.350205e-04,1.5058475055e+00,1.5058261177e+00,-7.5487394545e-15,-2.9607142670e-18,0.0000e+00
73.826,1.2804555177e-03,3.877082e-04,1.5058474824e+00,1.5058260965e+00,-6.0372260694e-15,-2.0703466818e-16,0.0000e+00
74.851,1.2803358180e-03,3.735707e-04,1.5058474586e+00,1.5058260746e+00,-3.2216207606e-15,4.2372705071e-16,0.0000e+00
75.877,1.2802016245e-03,3.958822e-04,1.5058474342e+00,1.5058260524e+00,-6.4841595487e-16,2.6861317240e-15,0.0000e+00
76.902,1.2800502300e-03,4.449872e-04,1.5058474093e+00,1.5058260301e+00,1.3505547196e-15,-1.5585468863e-15,0.0000e+00
77.927,1.2798821441e-03,5.069541e-04,1.5058473843e+00,1.5058260079e+00,1.3893827304e-15,-7.0246085090e-16,0.0000e+00
78.953,1.2797020925e-03,5.721043e-04,1.5058473592e+00,1.5058259858e+00,-4.9903474391e-15,-1.5466477675e-15,0.0000e+00
79.978,1.2795189566e-03,6.356375e-04,1.5058473343e+00,1.5058259640e+00,-1.0307191195e-15,-2.4414940305e-15,0.0000e+00
81.003,1.2793446236e-03,6.956759e-04,1.5058473099e+00,1.5058259424e+00,1.6468710530e-14,-1.6406752009e-15,0.0000e+00
82.029,1.2791920131e-03,7.516944e-04,1.5058472859e+00,1.5058259211e+00,-5.3572549777e-15,-3.0293213434e-15,0.0000e+00
83.054,1.2790727462e-03,8.037714e-04,1.5058472627e+00,1.5058258999e+00,5.8400191456e-15,-1.6665334227e-15,0.0000e+00
84.080,1.2789949844e-03,8.523854e-04,1.5058472404e+00,1.5058258788e+00,2.7381844949e-15,-2.0283338476e-16,0.0000e+00
85.105,1.2789618814e-03,8.983866e-04,1.5058472190e+00,1.5058258580e+00,-4.9135562057e-16,2.5046633854e-15,0.0000e+00
86.130,1.2789709240e-03,9.428905e-04,1.5058471988e+00,1.5058258376e+00,1.0575407662e-14,-6.6955747498e-17,0.0000e+00
87.156,1.2790142349e-03,9.870329e-04,1.5058471798e+00,1.5058258179e+00,7.9697852368e-15,-1.2199505478e-15,0.0000e+00
88.181,1.2790797192e-03,1.031678e-03,1.5058471620e+00,1.5058257990e+00,8.7338360582e-15,-1.0684332942e-15,0.0000e+00
89.206,1.2791527952e-03,1.077208e-03,1.5058471455e+00,1.5058257813e+00,6.7336863352e-15,-1.1667433262e-15,0.0000e+00
90.232,1.2792183896e-03,1.123482e-03,1.5058471304e+00,1.5058257651e+00,3.4702377927e-15,1.2823067511e-15,0.0000e+00
91.257,1.2792628726e-03,1.169956e-03,1.5058471167e+00,1.5058257507e+00,1.6450346855e-14,-5.2801272135e-16,0.0000e+00
92.282,1.2792756213e-03,1.215892e-03,1.5058471046e+00,1.5058257383e+00,1.7585696261e-14,-1.2016817412e-15,0.0000e+00
93.308,1.2792499623e-03,1.260567e-03,1.5058470940e+00,1.5058257281e+00,-2.5145446599e-15,2.4945532002e-15,0.0000e+00
94.333,1.2791834300e-03,1.303398e-03,1.5058470851e+00,1.5058257204e+00,-2.0172647293e-14,-8.8178789023e-16,0.0000e+00
95.359,1.2790775369e-03,1.343962e-03,1.5058470780e+00,1.5058257150e+00,8.3788682374e-15,1.1204353668e-15,0.0000e+00
96.384,1.2789373558e-03,1.381927e-03,1.5058470728e+00,1.5058257121e+00,-7.8030686341e-17,-1.2007330643e-15,0.0000e+00
97.409,1.2787710354e-03,1.416908e-03,1.5058470696e+00,1.5058257118e+00,1.1040896267e-14,-1.3203476690e-15,0.0000e+00
98.435,1.2785890653e-03,1.448301e-03,1.5058470687e+00,1.5058257139e+00,1.2228734609e-14,-1.6697047140e-15,0.0000e+00
99.460,1.2784030209e-03,1.475094e-03,1.5058470701e+00,1.5058257184e+00,-6.2036103487e-15,-1.9054915815e-15,0.0000e+00
100.485,1.2782238387e-03,1.495700e-03,1.5058470740e+00,1.5058257253e+00,7.4674065458e-15,-7.6388306399e-17,0.0000e+00
101.511,1.2780601796e-03,1.507850e-03,1.5058470805e+00,1.5058257346e+00,-3.7991616515e-15,-4.4547490446e-15,0.0000e+00
102.536,1.2779176806e-03,1.508593e-03,1.5058470898e+00,1.5058257462e+00,-6.3264079382e-16,-3.9331122744e-15,0.0000e+00
103.561,1.2777996262e-03,1.494446e-03,1.5058471020e+00,1.5058257603e+00,-3.4817208230e-15,-2.6074853831e-15,0.0000e+00
104.587,1.2777088957e-03,1.461704e-03,1.5058471170e+00,1.5058257769e+00,2.5764349904e-15,-1.4737080663e-15,0.0000e+00
105.612,1.2776503550e-03,1.406860e-03,1.5058471349e+00,1.5058257958e+00,8.6414619344e-15,4.5300050937e-16,0.0000e+00
106.637,1.2776325659e-03,1.327075e-03,1.5058471557e+00,1.5058258169e+00,-4.6439818539e-17,-4.0228300041e-15,0.0000e+00
107.663,1.2776679389e-03,1.220609e-03,1.5058471793e+00,1.5058258398e+00,3.1249192887e-15,-4.8049756114e-16,0.0000e+00
108.688,1.2777710749e-03,1.087182e-03,1.5058472054e+00,1.5058258643e+00,4.0726881597e-15,-2.0511541434e-15,0.0000e+00
109.714,1.2779556952e-03,9.282918e-04,1.5058472339e+00,1.5058258897e+00,1.9838478515e-14,-2.7011062407e-15,0.0000e+00
110.739,1.2782310083e-03,7.476684e-04,1.5058472645e+00,1.5058259156e+00,-4.5650150455e-15,-1.7218548385e-15,0.0000e+00
111.764,1.2785985024e-03,5.526016e-04,1.5058472967e+00,1.5058259418e+00,1.0144355817e-14,-1.9977571864e-15,0.0000e+00
112.790,1.2790499894e-03,3.600086e-04,1.5058473303e+00,1.5058259678e+00,-1.6255086181e-14,-3.7624046423e-15,0.0000e+00
113.815,1.2795673690e-03,2.309210e-04,1.5058473646e+00,1.5058259935e+00,-9.0596429503e-15,-4.4001865703e-15,0.0000e+00
114.840,1.2801241733e-03,2.955573e-04,1.5058473992e+00,1.5058260188e+00,-2.5745689832e-15,-7.8060472248e-16,0.0000e+00
115.866,1.2806885725e-03,4.793513e-04,1.5058474337e+00,1.5058260438e+00,1.9085703321e-14,-1.2727782987e-15,0.0000e+00
116.891,1.2812272375e-03,6.826503e-04,1.5058474673e+00,1.5058260685e+00,-1.6238050188e-15,-2.8024791438e-15,0.0000e+00
117.916,1.2817093451e-03,8.780674e-04,1.5058474998e+00,1.5058260929e+00,9.5953428662e-15,-2.8087133063e-15,0.0000e+00
118.942,1.2821100350e-03,1.055034e-03,1.5058475306e+00,1.5058261170e+00,8.7026920997e-15,-3.3040039638e-15,0.0000e+00
119.967,1.2824127913e-03,1.207776e-03,1.5058475593e+00,1.5058261406e+00,7.2836747310e-15,-1.9327321611e-15,0.0000e+00
120.993,1.2826105464e-03,1.333035e-03,1.5058475855e+00,1.5058261636e+00,-1.8750282659e-15,9.1790640093e-16,0.0000e+00
122.018,1.2827052919e-03,1.429425e-03,1.5058476091e+00,1.5058261855e+00,1.1148421770e-14,-2.0921098804e-15,0.0000e+00
123.043,1.2827066937e-03,1.497061e-03,1.5058476297e+00,1.5058262061e+00,-8.3878171876e-15,-1.2618278567e-15,0.0000e+00
124.069,1.2826300734e-03,1.537263e-03,1.5058476473e+00,1.5058262250e+00,1.7616270465e-14,2.0495153134e-15,0.0000e+00
125.094,1.2824938171e-03,1.552242e-03,1.5058476618e+00,1.5058262418e+00,1.3569648475e-14,-2.8157335154e-15,0.0000e+00
126.119,1.2823167203e-03,1.544815e-03,1.5058476733e+00,1.5058262562e+00,1.4693193624e-14,-2.6877163439e-15,0.0000e+00
127.145,1.2821163084e-03,1.518160e-03,1.5058476817e+00,1.5058262680e+00,-3.1198957139e-15,-2.8849869292e-15,0.0000e+00
128.170,1.2819073334e-03,1.475602e-03,1.5058476871e+00,1.5058262769e+00,-3.4546024861e-15,1.5956682840e-15,0.0000e+00
129.195,1.2817008438e-03,1.420451e-03,1.5058476898e+00,1.5058262830e+00,8.7903768417e-15,5.2943676253e-16,0.0000e+00
130.221,1.2815040017e-03,1.355876e-03,1.5058476898e+00,1.5058262863e+00,-1.4048694295e-14,3.2005021797e-16,0.0000e+00
131.246,1.2813204908e-03,1.284815e-03,1.5058476874e+00,1.5058262869e+00,-1.3458048063e-14,-3.2549709205e-15,0.0000e+00
132.271,1.2811513506e-03,1.209914e-03,1.5058476826e+00,1.5058262850e+00,6.3077029240e-15,-2.2874581669e-16,0.0000e+00
133.297,1.2809959751e-03,1.133483e-03,1.5058476757e+00,1.5058262807e+00,1.8765497589e-14,-3.0337665723e-15,0.0000e+00
134.322,1.2808530445e-03,1.057484e-03,1.5058476670e+00,1.5058262744e+00,-2.4142698826e-15,1.9027121792e-16,0.0000e+00
135.348,1.2807212229e-03,9.835373e-04,1.5058476565e+00,1.5058262661e+00,7.9033910104e-15,-1.9945587900e-15,0.0000e+00
136.373,1.2805995449e-03,9.129365e-04,1.5058476444e+00,1.5058262560e+00,-1.9586812574e-14,-1.8812325579e-15,0.0000e+00
137.398,1.2804875086e-03,8.466656e-04,1.5058476310e+00,1.5058262445e+00,1.1506316798e-14,1.1790072291e-16,0.0000e+00
138.424,1.2803849567e-03,7.854070e-04,1.5058476165e+00,1.5058262317e+00,-1.2393944314e-14,1.3145325007e-16,0.0000e+00
139.449,1.2802918546e-03,7.295347e-04,1.5058476009e+00,1.5058262176e+00,-6.5520461681e-15,-1.5184877760e-16,0.0000e+00
140.474,1.2802080729e-03,6.791040e-04,1.5058475844e+00,1.5058262026e+00,-1.2214224250e-14,-2.8529216499e-15,0.0000e+00
141.500,1.2801332475e-03,6.338547e-04,1.5058475673e+00,1.5058261867e+00,-1.0548713528e-14,8.1848506172e-16,0.0000e+00
142.525,1.2800667527e-03,5.932485e-04,1.5058475496e+00,1.5058261702e+00,2.0085295902e-15,-1.9663695335e-15,0.0000e+00
143.550,1.2800077549e-03,5.565569e-04,1.5058475316e+00,1.5058261531e+00,-1.7531640521e-15,1.4392157505e-16,0.0000e+00
144.576,1.2799552746e-03,5.229892e-04,1.5058475132e+00,1.5058261356e+00,-1.4237020225e-14,8.3634729251e-16,0.0000e+00
145.601,1.2799081947e-03,4.918451e-04,1.5058474946e+00,1.5058261178e+00,7.3287638813e-15,1.4136307392e-15,0.0000e+00
146.627,1.2798652078e-03,4.626693e-04,1.5058474761e+00,1.5058260999e+00,-1.6682709964e-15,1.3307955333e-16,0.0000e+00
147.652,1.2798247540e-03,4.353859e-04,1.5058474575e+00,1.5058260821e+00,4.9507832787e-15,-2.3825947475e-15,0.0000e+00
148.677,1.2797850424e-03,4.104027e-04,1.5058474391e+00,1.5058260644e+00,-2.7313583054e-15,-2.0321263952e-15,0.0000e+00
149.703,1.2797442389e-03,3.886703e-04,1.5058474210e+00,1.5058260469e+00,2.5289463772e-16,-2.0727026615e-15,0.0000e+00
150.728,1.2797008392e-03,3.716600e-04,1.5058474032e+00,1.5058260299e+00,-9.0173862848e-15,-1.4100925038e-15,0.0000e+00
151.753,1.2796541481e-03,3.611974e-04,1.5058473859e+00,1.5058260133e+00,8.7915695422e-15,-1.9157372920e-15,0.0000e+00
152.779,1.2796047182e-03,3.590891e-04,1.5058473690e+00,1.5058259973e+00,4.3173111433e-15,-2.0385231881e-15,0.0000e+00
153.804,1.2795545722e-03,3.666035e-04,1.5058473528e+00,1.5058259819e+00,4.2085250306e-15,1.4415489452e-15,0.0000e+00
154.829,1.2795070797e-03,3.840407e-04,1.5058473371e+00,1.5058259670e+00,-1.3289020162e-15,-2.6481971747e-15,0.0000e+00
155.855,1.2794664569e-03,4.106576e-04,1.5058473222e+00,1.5058259527e+00,-5.1152747910e-15,-6.9340992277e-17,0.0000e+00
156.880,1.2794369791e-03,4.449622e-04,1.5058473080e+00,1.5058259390e+00,4.9690793756e-15,9.6704570439e-17,0.0000e+00
157.905,1.2794220804e-03,4.851327e-04,1.5058472945e+00,1.5058259258e+00,-9.9501116990e-15,5.9451599794e-16,0.0000e+00
158.931,1.2794235524e-03,5.291450e-04,1.5058472818e+00,1.5058259130e+00,-1.4353734323e-14,1.8263865063e-15,0.0000e+00
159.956,1.2794410287e-03,5.742978e-04,1.5058472698e+00,1.5058259008e+00,4.5948806204e-15,-9.9896304002e-16,0.0000e+00
160.982,1.2794718716e-03,6.179527e-04,1.5058472587e+00,1.5058258891e+00,1.7882401681e-14,1.5890817558e-15,0.0000e+00
162.007,1.2795114847e-03,6.581562e-04,1.5058472483e+00,1.5058258781e+00,-2.1902058207e-14,1.6092479162e-15,0.0000e+00
163.032,1.2795539823e-03,6.937370e-04,1.5058472387e+00,1.5058258678e+00,-1.0973910156e-14,1.8610809758e-15,0.0000e+00
164.058,1.2795930704e-03,7.241746e-04,1.5058472298e+00,1.5058258583e+00,-2.0853661783e-14,-2.9279506003e-16,0.0000e+00
165.083,1.2796229641e-03,7.494028e-04,1.5058472217e+00,1.5058258497e+00,-9.6388235798e-15,-1.3323009980e-15,0.0000e+00
166.108,1.2796391634e-03,7.696353e-04,1.5058472144e+00,1.5058258421e+00,-1.8848129238e-15,-2.5735769602e-15,0.0000e+00
167.134,1.2796389602e-03,7.852561e-04,1.5058472078e+00,1.5058258355e+00,-1.7924486307e-14,-4.3702105402e-16,0.0000e+00
168.159,1.2796216109e-03,7.967643e-04,1.5058472020e+00,1.5058258299e+00,-3.0292018647e-15,-1.7168675085e-15,0.0000e+00
169.184,1.2795881903e-03,8.047410e-04,1.5058471969e+00,1.5058258255e+00,-2.2700003589e-16,8.2583053144e-16,0.0000e+00
170.210,1.2795412026e-03,8.098041e-04,1.5058471927e+00,1.5058258220e+00,-1.1961930016e-14,3.6841940339e-15,0.0000e+00
171.235,1.2794840639e-03,8.125399e-04,1.5058471894e+00,1.5058258196e+00,5.0928683085e-15,1.5929577786e-15,0.0000e+00
172.261,1.2794205717e-03,8.134263e-04,1.5058471869e+00,1.5058258183e+00,-8.9324523163e-15,-1.4818124775e-15,0.0000e+00
173.286,1.2793544586e-03,8.127669e-04,1.5058471855e+00,1.5058258179e+00,-1.9709083105e-14,2.5662439088e-16,0.0000e+00
174.311,1.2792890973e-03,8.106543e-04,1.5058471850e+00,1.5058258185e+00,2.0363803884e-15,5.7258800900e-16,0.0000e+00
175.337,1.2792273778e-03,8.069703e-04,1.5058471856e+00,1.5058258202e+00,-5.7660127933e-15,5.6686884254e-16,0.0000e+00
176.362,1.2791717081e-03,8.014201e-04,1.5058471874e+00,1.5058258228e+00,-1.0016912025e-14,2.5839998794e-15,0.0000e+00
177.387,1.2791240560e-03,7.935926e-04,1.5058471903e+00,1.5058258266e+00,-5.5968095144e-15,2.8988229252e-16,0.0000e+00
178.413,1.2790860016e-03,7.830304e-04,1.5058471944e+00,1.5058258313e+00,9.8911675852e-15,-5.4302892144e-16,0.0000e+00
179.438,1.2790588456e-03,7.692965e-04,1.5058471998e+00,1.5058258372e+00,-1.3032105408e-14,-1.3857521651e-15,0.0000e+00
180.463,1.2790437942e-03,7.520195e-04,1.5058472065e+00,1.5058258441e+00,-1.3327914852e-15,3.4615238527e-16,0.0000e+00
181.489,1.2790420999e-03,7.309050e-04,1.5058472144e+00,1.5058258520e+00,8.2688501951e-16,-1.2146401172e-16,0.0000e+00
182.514,1.2790549268e-03,7.057123e-04,1.5058472236e+00,1.5058258610e+00,8.6631730490e-15,-3.3877043715e-15,0.0000e+00
183.539,1.2790828029e-03,6.762055e-04,1.5058472340e+00,1.5058258709e+00,6.0998209450e-15,-4.0362762711e-16,0.0000e+00
184.565,1.2791248237e-03,6.421027e-04,1.5058472456e+00,1.5058258819e+00,5.1732888611e-15,-4.3122057240e-16,0.0000e+00
185.590,1.2791780670e-03,6.030545e-04,1.5058472584e+00,1.5058258938e+00,-6.2436029558e-16,-2.3243188807e-15,0.0000e+00
186.616,1.2792377292e-03,5.586756e-04,1.5058472724e+00,1.5058259067e+00,4.4004695286e-15,-7.9765380164e-16,0.0000e+00
187.641,1.2792982037e-03,5.086531e-04,1.5058472873e+00,1.5058259207e+00,-5.3800640708e-15,-1.8239595781e-15,0.0000e+00
188.666,1.2793548577e-03,4.529532e-04,1.5058473033e+00,1.5058259357e+00,2.7075149187e-15,-2.2580199179e-15,0.0000e+00
189.692,1.2794058842e-03,3.921827e-04,1.5058473201e+00,1.5058259517e+00,8.0675942166e-16,-7.2891754392e-17,0.0000e+00
190.717,1.2794535213e-03,3.282780e-04,1.5058473377e+00,1.5058259685e+00,4.7999708802e-15,-3.3178546465e-15,0.0000e+00
191.742,1.2795041486e-03,2.660337e-04,1.5058473560e+00,1.5058259859e+00,-3.0185498088e-15,-2.8511056113e-15,0.0000e+00
192.768,1.2795671638e-03,2.165602e-04,1.5058473748e+00,1.5058260037e+00,1.6938820357e-14,1.5716261008e-15,0.0000e+00
193.793,1.2796529367e-03,2.003411e-04,1.5058473940e+00,1.5058260214e+00,9.8028591461e-15,-2.3359740541e-15,0.0000e+00
194.818,1.2797703837e-03,2.323273e-04,1.5058474133e+00,1.5058260388e+00,5.5200437159e-15,-3.1633558370e-15,0.0000e+00
195.844,1.2799247667e-03,3.016057e-04,1.5058474327e+00,1.5058260556e+00,1.1440492301e-14,-2.4460205746e-15,0.0000e+00
196.869,1.2801162104e-03,3.902392e-04,1.5058474518e+00,1.5058260715e+00,-6.1230272469e-15,-2.9764935925e-15,0.0000e+00
197.895,1.2803392224e-03,4.872017e-04,1.5058474705e+00,1.5058260865e+00,8.6277059332e-15,-1.9716821241e-15,0.0000e+00
198.920,1.2805832559e-03,5.861709e-04,1.5058474885e+00,1.5058261004e+00,-1.0820333172e-14,-2.2718977057e-15,0.0000e+00
199.945,1.2808341505e-03,6.828145e-04,1.5058475057e+00,1.5058261134e+00,3.0360009789e-15,-1.5855706254e-15,0.0000e+00
200.971,1.2810761283e-03,7.736679e-04,1.5058475217e+00,1.5058261253e+00,-1.9658830609e-14,2.4258960976e-15,0.0000e+00
201.996,1.2812939432e-03,8.557761e-04,1.5058475363e+00,1.5058261363e+00,-1.7295825532e-14,5.7936427257e-16,0.0000e+00
203.021,1.2814747874e-03,9.266369e-04,1.5058475494e+00,1.5058261464e+00,2.7589249938e-14,-2.9040981525e-16,0.0000e+00
204.047,1.2816096504e-03,9.842487e-04,1.5058475607e+00,1.5058261555e+00,-4.6658595651e-15,-8.7661082486e-16,0.0000e+00
205.072,1.2816939710e-03,1.027175e-03,1.5058475702e+00,1.5058261635e+00,-1.9398323949e-14,-2.1633170181e-16,0.0000e+00
206.097,1.2817275812e-03,1.054584e-03,1.5058475776e+00,1.5058261704e+00,5.4684894853e-16,-5.4370654779e-16,0.0000e+00
207.123,1.2817140659e-03,1.066245e-03,1.5058475831e+00,1.5058261761e+00,3.7872984678e-16,-2.8685883713e-15,0.0000e+00
208.148,1.2816597410e-03,1.062488e-03,1.5058475864e+00,1.5058261803e+00,-8.2046954668e-15,-3.2204390813e-15,0.0000e+00
209.174,1.2815724761e-03,1.044139e-03,1.5058475877e+00,1.5058261831e+00,1.1747917361e-15,-2.2727650674e-15,0.0000e+00
210.199,1.2814605639e-03,1.012432e-03,1.5058475869e+00,1.5058261842e+00,-1.3814452794e-15,-3.6421124113e-15,0.0000e+00
211.224,1.2813317918e-03,9.689218e-04,1.5058475842e+00,1.5058261836e+00,1.1585016392e-14,-5.6208897963e-15,0.0000e+00
212.250,1.2811928101e-03,9.153996e-04,1.5058475797e+00,1.5058261814e+00,-5.7654574218e-15,-9.4524082237e-16,0.0000e+00
213.275,1.2810488284e-03,8.538132e-04,1.5058475734e+00,1.5058261775e+00,2.0745359233e-14,-1.5374320490e-15,0.0000e+00
214.300,1.2809036181e-03,7.862041e-04,1.5058475655e+00,1.5058261720e+00,8.5130379582e-15,-1.2690106961e-15,0.0000e+00
215.326,1.2807597529e-03,7.146593e-04,1.5058475561e+00,1.5058261650e+00,-1.1964871231e-14,-2.8908416209e-15,0.0000e+00
216.351,1.2806189876e-03,6.412833e-04,1.5058475454e+00,1.5058261567e+00,-4.1776704396e-15,-5.7246750492e-15,0.0000e+00
217.376,1.2804826498e-03,5.681965e-04,1.5058475336e+00,1.5058261472e+00,6.1392179658e-15,-4.4423078247e-15,0.0000e+00
218.402,1.2803519234e-03,4.975634e-04,1.5058475209e+00,1.5058261366e+00,-4.6743976589e-15,-3.7509120993e-15,0.0000e+00
219.427,1.2802279519e-03,4.316521e-04,1.5058475073e+00,1.5058261251e+00,-1.0980605381e-14,-4.3127456651e-15,0.0000e+00
220.452,1.2801117684e-03,3.729076e-04,1.5058474931e+00,1.5058261128e+00,9.2054634567e-16,-2.5362825655e-16,0.0000e+00
221.478,1.2800041383e-03,3.239634e-04,1.5058474784e+00,1.5058261000e+00,3.1436080378e-15,-3.3125962660e-15,0.0000e+00
222.503,1.2799054391e-03,2.874029e-04,1.5058474634e+00,1.5058260866e+00,-5.4972665695e-16,8.8789894580e-17,0.0000e+00
223.529,1.2798156741e-03,2.650216e-04,1.5058474482e+00,1.5058260729e+00,7.4034654909e-15,-1.7506404062e-15,0.0000e+00
224.554,1.2797346483e-03,2.567452e-04,1.5058474330e+00,1.5058260591e+00,-5.5327604858e-15,-3.1301792505e-15,0.0000e+00
225.579,1.2796622485e-03,2.602022e-04,1.5058474179e+00,1.5058260451e+00,-8.4983374723e-17,-1.5312249915e-15,0.0000e+00
226.605,1.2795987156e-03,2.716806e-04,1.5058474030e+00,1.5058260313e+00,-1.8081600895e-15,-8.6717826596e-16,0.0000e+00
227.630,1.2795447866e-03,2.876063e-04,1.5058473884e+00,1.5058260176e+00,3.1574994216e-15,-2.4408977193e-15,0.0000e+00
228.655,1.2795016299e-03,3.053841e-04,1.5058473742e+00,1.5058260041e+00,2.1146189134e-15,-3.9761822057e-15,0.0000e+00
229.681,1.2794705695e-03,3.235023e-04,1.5058473605e+00,1.5058259910e+00,6.9788648646e-15,-9.3342301869e-16,0.0000e+00
230.706,1.2794526672e-03,3.413076e-04,1.5058473474e+00,1.5058259781e+00,-6.9478340039e-15,6.8569524063e-17,0.0000e+00
231.731,1.2794482873e-03,3.587282e-04,1.5058473348e+00,1.5058259657e+00,-1.9339952572e-15,-3.5970909161e-15,0.0000e+00
232.757,1.2794567651e-03,3.760296e-04,1.5058473229e+00,1.5058259537e+00,-2.1724242168e-16,-3.0572417093e-16,0.0000e+00
233.782,1.2794762775e-03,3.936164e-04,1.5058473117e+00,1.5058259421e+00,1.1473167514e-14,-4.2035394012e-15,0.0000e+00
234.808,1.2795039599e-03,4.118477e-04,1.5058473012e+00,1.5058259311e+00,4.5069390102e-16,-2.8041325522e-15,0.0000e+00
235.833,1.2795362415e-03,4.307606e-04,1.5058472914e+00,1.5058259208e+00,-1.0357608189e-15,-3.0067970432e-15,0.0000e+00
236.858,1.2795693155e-03,4.501242e-04,1.5058472823e+00,1.5058259111e+00,-1.0472046654e-14,-4.8795394558e-15,0.0000e+00
237.884,1.2795996325e-03,4.696112e-04,1.5058472739e+00,1.5058259022e+00,-1.3353788255e-14,-4.9891251904e-15,0.0000e+00
238.909,1.2796243086e-03,4.888474e-04,1.5058472662e+00,1.5058258942e+00,-9.5561939526e-15,-3.2795009947e-15,0.0000e+00
239.934,1.2796413753e-03,5.074302e-04,1.5058472593e+00,1.5058258869e+00,-9.1245730580e-15,-3.4438118339e-15,0.0000e+00
240.960,1.2796498448e-03,5.249545e-04,1.5058472530e+00,1.5058258805e+00,-3.2684311972e-15,-1.6811159419e-15,0.0000e+00
241.985,1.2796496105e-03,5.410441e-04,1.5058472475e+00,1.5058258750e+00,1.2355343709e-15,-4.6198480904e-16,0.0000e+00
243.010,1.2796412426e-03,5.553769e-04,1.5058472427e+00,1.5058258703e+00,1.0320431830e-15,-3.4490160043e-15,0.0000e+00
244.036,1.2796257486e-03,5.677003e-04,1.5058472386e+00,1.5058258665e+00,1.6011665008e-14,-4.4251232202e-15,0.0000e+00
245.061,1.2796043639e-03,5.778287e-04,1.5058472353e+00,1.5058258635e+00,6.9967272366e-15,1.2248711410e-15,0.0000e+00
246.086,1.2795784134e-03,5.856290e-04,1.5058472327e+00,1.5058258614e+00,-3.3003202621e-15,-1.1995133369e-15,0.0000e+00
247.112,1.2795492525e-03,5.909971e-04,1.5058472309e+00,1.5058258601e+00,-3.9154830193e-15,-4.0289286414e-15,0.0000e+00
248.137,1.2795182693e-03,5.938375e-04,1.5058472299e+00,1.5058258596e+00,3.6659361987e-15,-4.4864912232e-16,0.0000e+00
249.163,1.2794869146e-03,5.940501e-04,1.5058472297e+00,1.5058258599e+00,1.0696650192e-15,-1.3310270604e-15,0.0000e+00
250.188,1.2794567258e-03,5.915282e-04,1.5058472303e+00,1.5058258610e+00,-7.5430608572e-15,-1.4070860028e-16,0.0000e+00
251.213,1.2794293149e-03,5.861632e-04,1.5058472317e+00,1.5058258629e+00,-1.9621301766e-15,-9.3461564108e-16,0.0000e+00
252.239,1.2794062981e-03,5.778534e-04,1.5058472341e+00,1.5058258656e+00,-6.8721294537e-15,-2.5550099980e-15,0.0000e+00
253.264,1.2793891596e-03,5.665120e-04,1.5058472372e+00,1.5058258691e+00,-2.3158511438e-15,2.6822557013e-15,0.0000e+00
254.289,1.2793790866e-03,5.520733e-04,1.5058472412e+00,1.5058258732e+00,9.6339948025e-15,1.8454684645e-15,0.0000e+00
255.315,1.2793768518e-03,5.344970e-04,1.5058472461e+00,1.5058258782e+00,-1.6278003446e-14,-1.1222368270e-15,0.0000e+00
256.340,1.2793827864e-03,5.137681e-04,1.5058472518e+00,1.5058258838e+00,-5.4864106821e-15,-2.1089963293e-15,0.0000e+00
257.365,1.2793968443e-03,4.898944e-04,1.5058472584e+00,1.5058258901e+00,-6.5327199969e-15,1.3355139727e-15,0.0000e+00
258.391,1.2794186723e-03,4.628997e-04,1.5058472657e+00,1.5058258971e+00,1.6290372694e-14,-4.1181584802e-15,0.0000e+00
259.416,1.2794476042e-03,4.328149e-04,1.5058472739e+00,1.5058259047e+00,-1.9623634544e-14,-2.7848608585e-15,0.0000e+00
260.442,1.2794825905e-03,3.996748e-04,1.5058472827e+00,1.5058259130e+00,-1.0608981380e-14,-3.5881191431e-15,0.0000e+00
261.467,1.2795221770e-03,3.635282e-04,1.5058472922e+00,1.5058259219e+00,2.9163865017e-15,2.5490885694e-15,0.0000e+00
262.492,1.2795646694e-03,3.244731e-04,1.5058473024e+00,1.5058259313e+00,3.3198045677e-15,-1.8910445875e-15,0.0000e+00
263.518,1.2796085257e-03,2.827331e-04,1.5058473132e+00,1.5058259413e+00,-4.8904383661e-15,-2.3206325933e-15,0.0000e+00
264.543,1.2796528783e-03,2.388101e-04,1.5058473244e+00,1.5058259518e+00,-1.2523181013e-14,-2.5636565103e-15,0.0000e+00
265.568,1.2796979796e-03,1.938186e-04,1.5058473361e+00,1.5058259628e+00,-6.0058926858e-15,-3.2351029157e-15,0.0000e+00
266.594,1.2797453631e-03,1.503491e-04,1.5058473482e+00,1.5058259741e+00,-1.8229350618e-14,-4.0795879879e-15,0.0000e+00
267.619,1.2797976093e-03,1.148611e-04,1.5058473605e+00,1.5058259855e+00,8.5045541763e-15,1.2171190955e-15,0.0000e+00
268.644,1.2798577537e-03,1.013156e-04,1.5058473730e+00,1.5058259970e+00,2.7837885097e-15,8.5797712585e-16,0.0000e+00
269.670,1.2799284966e-03,1.206558e-04,1.5058473856e+00,1.5058260084e+00,-4.7166404666e-16,8.1824111623e-16,0.0000e+00
270.695,1.2800114316e-03,1.628045e-04,1.5058473981e+00,1.5058260196e+00,4.2819661611e-15,2.4524026807e-16,0.0000e+00
271.720,1.2801064904e-03,2.148807e-04,1.5058474106e+00,1.5058260304e+00,7.5647541495e-15,1.2508106780e-15,0.0000e+00
272.746,1.2802117291e-03,2.705862e-04,1.5058474227e+00,1.5058260408e+00,-1.3731063614e-14,1.1184566978e-15,0.0000e+00
273.771,1.2803234843e-03,3.268582e-04,1.5058474345e+00,1.5058260507e+00,-2.0277787939e-15,-4.9304720128e-16,0.0000e+00
274.797,1.2804368441e-03,3.818079e-04,1.5058474458e+00,1.5058260601e+00,7.3620354307e-15,-3.4335390183e-15,0.0000e+00
275.822,1.2805463220e-03,4.340220e-04,1.5058474564e+00,1.5058260690e+00,-6.9826776001e-15,2.1736022521e-15,0.0000e+00
276.847,1.2806465897e-03,4.823376e-04,1.5058474664e+00,1.5058260772e+00,3.2556739031e-15,-3.7385521945e-15,0.0000e+00
277.873,1.2807331330e-03,5.257751e-04,1.5058474755e+00,1.5058260849e+00,-8.5960517565e-15,-2.2554449377e-15,0.0000e+00
278.898,1.2808027214e-03,5.635265e-04,1.5058474836e+00,1.5058260918e+00,3.9123209412e-15,1.7822052678e-15,0.0000e+00
279.923,1.2808536340e-03,5.949590e-04,1.5058474908e+00,1.5058260981e+00,-2.7465547031e-14,-1.1337835802e-15,0.0000e+00
280.949,1.2808856399e-03,6.196194e-04,1.5058474968e+00,1.5058261037e+00,9.7522404119e-15,-1.9206975170e-15,0.0000e+00
281.974,1.2808997784e-03,6.372337e-04,1.5058475017e+00,1.5058261084e+00,-1.7202990887e-15,-2.4623920274e-15,0.0000e+00
282.999,1.2808980078e-03,6.476983e-04,1.5058475055e+00,1.5058261121e+00,-1.6865126404e-15,9.9182188404e-16,0.0000e+00
284.025,1.2808828008e-03,6.510660e-04,1.5058475081e+00,1.5058261150e+00,-7.9812549300e-15,-1.6682139360e-15,0.0000e+00
285.050,1.2808567552e-03,6.475278e-04,1.5058475094e+00,1.5058261168e+00,7.0077723409e-15,-3.1653074009e-15,0.0000e+00
286.076,1.2808222725e-03,6.373932e-04,1.5058475096e+00,1.5058261175e+00,6.2790529552e-15,2.2515542282e-16,0.0000e+00
287.101,1.2807813375e-03,6.210719e-04,1.5058475087e+00,1.5058261172e+00,-9.4701084599e-15,-2.7420619778e-15,0.0000e+00
288.126,1.2807354115e-03,5.990561e-04,1.5058475065e+00,1.5058261159e+00,2.4282731473e-14,-1.1079524634e-15,0.0000e+00
289.152,1.2806854315e-03,5.719055e-04,1.5058475033e+00,1.5058261135e+00,1.6068734295e-15,-1.1165176606e-15,0.0000e+00
290.177,1.2806318973e-03,5.402345e-04,1.5058474991e+00,1.5058261102e+00,-3.9613585339e-15,-3.5014935495e-16,0.0000e+00
291.202,1.2805750203e-03,5.047017e-04,1.5058474939e+00,1.5058261059e+00,7.7210282966e-15,-2.6959291753e-15,0.0000e+00
292.228,1.2805149062e-03,4.660017e-04,1.5058474878e+00,1.5058261008e+00,-8.4002313018e-15,-5.9684036976e-15,0.0000e+00
293.253,1.2804517354e-03,4.248624e-04,1.5058474808e+00,1.5058260949e+00,5.1669461389e-15,-5.3115690765e-16,0.0000e+00
294.278,1.2803859008e-03,3.820487e-04,1.5058474732e+00,1.5058260883e+00,-1.3817542318e-14,-4.9980698583e-15,0.0000e+00
295.304,1.2803180590e-03,3.383804e-04,1.5058474648e+00,1.5058260811e+00,-1.2660901884e-14,-2.6734048752e-15,0.0000e+00
296.329,1.2802490760e-03,2.947693e-04,1.5058474559e+00,1.5058260734e+00,-1.8644708566e-15,-5.0625527825e-15,0.0000e+00
297.354,1.2801798913e-03,2.522940e-04,1.5058474465e+00,1.5058260651e+00,-1.7604958636e-15,1.3192780452e-15,0.0000e+00
298.380,1.2801113611e-03,2.123357e-04,1.5058474367e+00,1.5058260565e+00,-1.8076586590e-14,-2.5104221836e-15,0.0000e+00
299.405,1.2800441598e-03,1.768073e-04,1.5058474266e+00,1.5058260475e+00,-3.6468450027e-15,-2.9010873314e-15,0.0000e+00
300.431,1.2799787903e-03,1.484404e-04,1.5058474163e+00,1.5058260383e+00,-1.0034950645e-14,-3.0561282421e-15,0.0000e+00
301.456,1.2799157065e-03,1.307000e-04,1.5058474059e+00,1.5058260290e+00,-1.4248865012e-14,-2.8837129916e-15,0.0000e+00
302.481,1.2798554952e-03,1.262277e-04,1.5058473955e+00,1.5058260196e+00,-5.8470977680e-15,-2.4552091880e-15,0.0000e+00
303.507,1.2797990347e-03,1.342363e-04,1.5058473852e+00,1.5058260102e+00,-2.3721349308e-15,-2.2436271340e-15,0.0000e+00
304.532,1.2797475540e-03,1.507745e-04,1.5058473749e+00,1.5058260008e+00,-1.2787170328e-15,6.6170942758e-16,0.0000e+00
305.557,1.2797025543e-03,1.717121e-04,1.5058473649e+00,1.5058259916e+00,2.2274979325e-15,-1.8428518010e-15,0.0000e+00
306.583,1.2796655981e-03,1.943076e-04,1.5058473552e+00,1.5058259824e+00,1.7556964694e-14,-2.4920991669e-15,0.0000e+00
307.608,1.2796380214e-03,2.170908e-04,1.5058473458e+00,1.5058259735e+00,1.0115381056e-15,-1.2372706775e-15,0.0000e+00
308.633,1.2796206400e-03,2.393917e-04,1.5058473368e+00,1.5058259648e+00,1.1650895347e-14,-2.0367613595e-15,0.0000e+00
309.659,1.2796135232e-03,2.609213e-04,1.5058473282e+00,1.5058259563e+00,5.4173698313e-15,1.0245105795e-15,0.0000e+00
310.684,1.2796158887e-03,2.814713e-04,1.5058473201e+00,1.5058259481e+00,-1.3150419069e-14,-1.1251912780e-15,0.0000e+00
311.710,1.2796261391e-03,3.009307e-04,1.5058473124e+00,1.5058259403e+00,-1.1131268699e-14,-1.6452017449e-15,0.0000e+00
312.735,1.2796420277e-03,3.192886e-04,1.5058473052e+00,1.5058259328e+00,4.6362292922e-15,1.6042855313e-16,0.0000e+00
313.760,1.2796609168e-03,3.365731e-04,1.5058472985e+00,1.5058259258e+00,-1.7914986154e-14,4.8409000667e-16,0.0000e+00
314.786,1.2796800765e-03,3.527919e-04,1.5058472924e+00,1.5058259194e+00,-2.8316171270e-14,-1.8450473104e-15,0.0000e+00
315.811,1.2796969731e-03,3.679055e-04,1.5058472868e+00,1.5058259135e+00,-1.4977462329e-14,-1.9567472392e-15,0.0000e+00
316.836,1.2797095055e-03,3.818295e-04,1.5058472817e+00,1.5058259081e+00,-1.8903819177e-14,-9.3873560934e-16,0.0000e+00
317.862,1.2797161663e-03,3.944558e-04,1.5058472771e+00,1.5058259035e+00,2.2117770784e-15,-2.5776156133e-15,0.0000e+00
318.887,1.2797161206e-03,4.056772e-04,1.5058472731e+00,1.5058258994e+00,-1.6025547004e-14,-1.7832748916e-15,0.0000e+00
319.912,1.2797092075e-03,4.154043e-04,1.5058472696e+00,1.5058258961e+00,-1.1949800641e-14,-9.4307241803e-16,0.0000e+00
320.938,1.2796958825e-03,4.235695e-04,1.5058472667e+00,1.5058258934e+00,-1.1894587450e-16,-4.9390350500e-15,0.0000e+00
321.963,1.2796771169e-03,4.301217e-04,1.5058472644e+00,1.5058258914e+00,-9.9309742652e-16,1.7494623622e-15,0.0000e+00
322.988,1.2796542694e-03,4.350144e-04,1.5058472626e+00,1.5058258900e+00,-7.7014480083e-16,-2.0246454002e-15,0.0000e+00
324.014,1.2796289461e-03,4.381953e-04,1.5058472615e+00,1.5058258893e+00,-7.3189956847e-16,-2.6441606816e-16,0.0000e+00
325.039,1.2796028604e-03,4.395972e-04,1.5058472610e+00,1.5058258893e+00,5.7291593330e-15,1.2584250382e-16,0.0000e+00
326.065,1.2795777049e-03,4.391338e-04,1.5058472611e+00,1.5058258898e+00,1.4663474406e-15,2.2720207043e-15,0.0000e+00
327.090,1.2795550330e-03,4.366998e-04,1.5058472619e+00,1.5058258910e+00,5.4323060452e-16,-5.2841929716e-16,0.0000e+00
328.115,1.2795361554e-03,4.321752e-04,1.5058472634e+00,1.5058258928e+00,1.0574269102e-14,-2.4012701299e-15,0.0000e+00
329.141,1.2795220728e-03,4.254329e-04,1.5058472655e+00,1.5058258952e+00,-2.1257769932e-15,7.7574039107e-16,0.0000e+00
330.166,1.2795134773e-03,4.163474e-04,1.5058472683e+00,1.5058258981e+00,-6.2154011436e-15,-3.4507236228e-15,0.0000e+00
331.191,1.2795108176e-03,4.048023e-04,1.5058472718e+00,1.5058259017e+00,-5.8220661518e-15,-2.5245439169e-15,0.0000e+00
332.217,1.2795143718e-03,3.906936e-04,1.5058472760e+00,1.5058259058e+00,1.9057203536e-15,-3.6733916439e-15,0.0000e+00
333.242,1.2795242495e-03,3.739275e-04,1.5058472808e+00,1.5058259104e+00,2.9940289371e-15,-1.3466124666e-15,0.0000e+00
334.267,1.2795402945e-03,3.544170e-04,1.5058472863e+00,1.5058259156e+00,-3.7310331984e-15,-3.0104291205e-15,0.0000e+00
335.293,1.2795619580e-03,3.320800e-04,1.5058472924e+00,1.5058259213e+00,-7.1611236170e-15,-2.4227373329e-15,0.0000e+00
336.318,1.2795882627e-03,3.068473e-04,1.5058472990e+00,1.5058259275e+00,7.6730253688e-15,1.4625824673e-15,0.0000e+00
337.344,1.2796179667e-03,2.786852e-04,1.5058473062e+00,1.5058259342e+00,2.7287246431e-15,-2.1851615319e-15,0.0000e+00
338.369,1.2796499263e-03,2.476362e-04,1.5058473139e+00,1.5058259414e+00,1.0236851786e-14,-5.5945458435e-16,0.0000e+00
339.394,1.2796835359e-03,2.138866e-04,1.5058473221e+00,1.5058259490e+00,1.3233058036e-14,7.6701040356e-17,0.0000e+00
340.420,1.2797190635e-03,1.778891e-04,1.5058473306e+00,1.5058259570e+00,-6.0122488158e-15,-1.0690296054e-15,0.0000e+00
341.445,1.2797577275e-03,1.406376e-04,1.5058473395e+00,1.5058259652e+00,4.6030262230e-16,-5.0410606344e-16,0.0000e+00
342.470,1.2798014556e-03,1.044842e-04,1.5058473487e+00,1.5058259736e+00,2.9362409072e-15,1.3762257643e-15,0.0000e+00
343.496,1.2798523825e-03,7.587946e-05,1.5058473580e+00,1.5058259821e+00,8.0410441998e-15,1.6325582629e-15,0.0000e+00
344.521,1.2799122276e-03,6.971113e-05,1.5058473675e+00,1.5058259906e+00,1.8637182418e-14,-3.2185688326e-15,0.0000e+00
345.546,1.2799817236e-03,9.257952e-05,1.5058473770e+00,1.5058259989e+00,1.4009075704e-14,-3.8048782624e-15,0.0000e+00
346.572,1.2800602414e-03,1.303167e-04,1.5058473864e+00,1.5058260070e+00,1.8774876083e-14,1.7936707058e-15,0.0000e+00
347.597,1.2801456962e-03,1.728773e-04,1.5058473957e+00,1.5058260149e+00,1.8691419615e-14,-1.1200684227e-15,0.0000e+00
348.623,1.2802347433e-03,2.162762e-04,1.5058474047e+00,1.5058260224e+00,4.3834881432e-15,9.4373535768e-17,0.0000e+00
349.648,1.2803232128e-03,2.585846e-04,1.5058474133e+00,1.5058260296e+00,4.8501694112e-15,4.4120981075e-16,0.0000e+00
350.673,1.2804066812e-03,2.985705e-04,1.5058474215e+00,1.5058260364e+00,8.8869658032e-15,-1.4328607494e-15,0.0000e+00
351.699,1.2804810647e-03,3.353145e-04,1.5058474292e+00,1.5058260428e+00,6.3795449875e-15,-7.7065932756e-17,0.0000e+00
352.724,1.2805431219e-03,3.681005e-04,1.5058474363e+00,1.5058260489e+00,6.4634622321e-15,5.4374823121e-16,0.0000e+00
353.749,1.2805907859e-03,3.963854e-04,1.5058474427e+00,1.5058260545e+00,3.9467037258e-15,-3.7659554044e-15,0.0000e+00
354.775,1.2806232843e-03,4.197893e-04,1.5058474484e+00,1.5058260596e+00,8.7212183822e-15,1.2823338562e-15,0.0000e+00
355.800,1.2806410523e-03,4.380854e-04,1.5058474532e+00,1.5058260642e+00,6.6320150031e-15,1.5387747750e-15,0.0000e+00
356.825,1.2806454864e-03,4.511874e-04,1.5058474573e+00,1.5058260682e+00,2.1911188326e-14,-7.5680648480e-16,0.0000e+00
357.851,1.2806386061e-03,4.591334e-04,1.5058474605e+00,1.5058260715e+00,-4.9121496058e-15,-2.0985575385e-17,0.0000e+00
358.876,1.2806226954e-03,4.620682e-04,1.5058474629e+00,1.5058260741e+00,6.2227557815e-15,-4.5058420720e-15,0.0000e+00
359.901,1.2805999828e-03,4.602265e-04,1.5058474644e+00,1.5058260760e+00,-1.1375092312e-14,-3.4504525722e-15,0.0000e+00
360.927,1.2805723999e-03,4.539159e-04,1.5058474651e+00,1.5058260772e+00,2.9714909616e-15,-2.5958302098e-15,0.0000e+00
361.952,1.2805414396e-03,4.435003e-04,1.5058474650e+00,1.5058260776e+00,8.2816014933e-15,3.1151212586e-16,0.0000e+00
362.978,1.2805081158e-03,4.293841e-04,1.5058474640e+00,1.5058260772e+00,-1.5003008967e-14,-2.8918987180e-15,0.0000e+00
364.003,1.2804730128e-03,4.119968e-04,1.5058474623e+00,1.5058260760e+00,5.1992011264e-16,7.3529749002e-17,0.0000e+00
365.028,1.2804363983e-03,3.917801e-04,1.5058474598e+00,1.5058260742e+00,5.6629686078e-16,-3.0744783639e-15,0.0000e+00
366.054,1.2803983651e-03,3.691775e-04,1.5058474567e+00,1.5058260716e+00,-1.1527016143e-14,-2.1401942468e-15,0.0000e+00
367.079,1.2803589651e-03,3.446285e-04,1.5058474529e+00,1.5058260685e+00,6.3275303665e-15,-3.0305681759e-15,0.0000e+00
368.104,1.2803183086e-03,3.185656e-04,1.5058474485e+00,1.5058260648e+00,-1.2682328423e-14,-1.8072628647e-15,0.0000e+00
369.130,1.2802766169e-03,2.914160e-04,1.5058474435e+00,1.5058260606e+00,1.1023562344e-14,4.6330043001e-16,0.0000e+00
370.155,1.2802342324e-03,2.636080e-04,1.5058474381e+00,1.5058260559e+00,-2.1258042343e-14,-1.0014024949e-15,0.0000e+00
371.180,1.2801915948e-03,2.355842e-04,1.5058474323e+00,1.5058260507e+00,-2.6709275292e-15,-1.3340357214e-15,0.0000e+00
372.206,1.2801491896e-03,2.078253e-04,1.5058474261e+00,1.5058260452e+00,-8.3476474711e-15,-1.2311720403e-15,0.0000e+00
373.231,1.2801074781e-03,1.808911e-04,1.5058474195e+00,1.5058260394e+00,-4.6977486167e-15,-9.7139719979e-16,0.0000e+00
374.257,1.2800668221e-03,1.554873e-04,1.5058474128e+00,1.5058260333e+00,-5.0923304411e-15,-2.3741108655e-15,0.0000e+00
375.282,1.2800274309e-03,1.325688e-04,1.5058474058e+00,1.5058260270e+00,2.6004769999e-15,-2.3690443804e-16,0.0000e+00
376.307,1.2799893567e-03,1.134639e-04,1.5058473987e+00,1.5058260205e+00,-8.6344324828e-15,-8.1800969743e-16,0.0000e+00
377.333,1.2799525540e-03,9.988971e-05,1.5058473915e+00,1.5058260140e+00,-1.1061920485e-14,-5.2463250507e-15,0.0000e+00
378.358,1.2799169926e-03,9.350151e-05,1.5058473844e+00,1.5058260074e+00,-7.6174237305e-15,-1.9857225423e-15,0.0000e+00
379.383,1.2798827896e-03,9.480827e-05,1.5058473772e+00,1.5058260008e+00,2.4481330612e-15,1.0782056921e-15,0.0000e+00
380.409,1.2798503137e-03,1.025460e-04,1.5058473701e+00,1.5058259943e+00,-1.9956457202e-15,-2.7413843514e-15,0.0000e+00
381.434,1.2798202221e-03,1.145338e-04,1.5058473632e+00,1.5058259879e+00,-2.5840964437e-15,-2.3469516011e-15,0.0000e+00
382.459,1.2797934112e-03,1.288427e-04,1.5058473565e+00,1.5058259815e+00,-5.5772804807e-15,-1.4728135995e-15,0.0000e+00
383.485,1.2797708900e-03,1.441951e-04,1.5058473499e+00,1.5058259754e+00,1.6241949433e-14,-4.5039447182e-15,0.0000e+00
384.510,1.2797536044e-03,1.598618e-04,1.5058473436e+00,1.5058259694e+00,5.2630471901e-15,-3.0421962442e-15,0.0000e+00
385.535,1.2797422515e-03,1.754584e-04,1.5058473376e+00,1.5058259635e+00,-9.8923502453e-16,-5.5032538606e-15,0.0000e+00
386.561,1.2797371235e-03,1.906909e-04,1.5058473319e+00,1.5058259579e+00,1.0643142985e-14,-1.0973272821e-15,0.0000e+00
387.586,1.2797380105e-03,2.052940e-04,1.5058473265e+00,1.5058259525e+00,-9.6402738826e-15,-1.7711589323e-15,0.0000e+00
388.612,1.2797441756e-03,2.191064e-04,1.5058473214e+00,1.5058259473e+00,1.8208137356e-15,2.3752367511e-15,0.0000e+00
389.637,1.2797544048e-03,2.320618e-04,1.5058473167e+00,1.5058259424e+00,-2.5248854071e-15,-2.4630425487e-15,0.0000e+00
390.662,1.2797671210e-03,2.441411e-04,1.5058473123e+00,1.5058259378e+00,-4.5778493212e-15,-6.6744112073e-16,0.0000e+00
391.688,1.2797805439e-03,2.553308e-04,1.5058473083e+00,1.5058259336e+00,-7.4183641412e-15,-4.3318276233e-15,0.0000e+00
392.713,1.2797928732e-03,2.656006e-04,1.5058473046e+00,1.5058259297e+00,1.1583227612e-14,-1.7899698400e-15,0.0000e+00
393.738,1.2798024719e-03,2.749020e-04,1.5058473013e+00,1.5058259262e+00,-1.6780748049e-14,1.9010858760e-16,0.0000e+00
394.764,1.2798080276e-03,2.831796e-04,1.5058472983e+00,1.5058259232e+00,-7.5296439319e-15,-7.6249854620e-16,0.0000e+00
395.789,1.2798086747e-03,2.903857e-04,1.5058472957e+00,1.5058259206e+00,-3.0972763707e-15,-2.4977099132e-15,0.0000e+00
396.814,1.2798040637e-03,2.964887e-04,1.5058472935e+00,1.5058259184e+00,7.6708027677e-15,-2.3232888887e-15,0.0000e+00
397.840,1.2797943721e-03,3.014744e-04,1.5058472917e+00,1.5058259168e+00,-5.7155839567e-15,-4.1358580806e-15,0.0000e+00
398.865,1.2797802580e-03,3.053407e-04,1.5058472903e+00,1.5058259156e+00,4.3465575937e-15,-2.0878272818e-15,0.0000e+00
399.891,1.2797627627e-03,3.080883e-04,1.5058472892e+00,1.5058259148e+00,-6.7763402563e-15,-2.5098258724e-15,0.0000e+00
400.916,1.2797431808e-03,3.097122e-04,1.5058472886e+00,1.5058259145e+00,-4.0530412397e-15,-9.2523729229e-16,0.0000e+00
401.941,1.2797229168e-03,3.101932e-04,1.5058472884e+00,1.5058259147e+00,-2.3979985992e-14,-4.2465280174e-15,0.0000e+00
402.967,1.2797033438e-03,3.094928e-04,1.5058472886e+00,1.5058259152e+00,2.1946331196e-15,-4.6973685458e-16,0.0000e+00
403.992,1.2796856747e-03,3.075504e-04,1.5058472893e+00,1.5058259162e+00,6.5812744501e-15,-3.5249914716e-15,0.0000e+00
405.017,1.2796708659e-03,3.042857e-04,1.5058472905e+00,1.5058259176e+00,-6.9412474130e-15,1.2296936807e-16,0.0000e+00
406.043,1.2796595807e-03,2.996032e-04,1.5058472921e+00,1.5058259194e+00,-9.7729530972e-15,-1.3272323528e-15,0.0000e+00
407.068,1.2796522304e-03,2.933987e-04,1.5058472942e+00,1.5058259216e+00,-1.9867145409e-15,2.1086856470e-15,0.0000e+00
408.093,1.2796490645e-03,2.855649e-04,1.5058472968e+00,1.5058259243e+00,-1.2362678413e-14,-1.7849825100e-15,0.0000e+00
409.119,1.2796502432e-03,2.759937e-04,1.5058472998e+00,1.5058259273e+00,4.3002630496e-16,-1.6241140127e-15,0.0000e+00
410.144,1.2796558286e-03,2.645753e-04,1.5058473033e+00,1.5058259307e+00,-2.8665717194e-15,-3.9155210941e-15,0.0000e+00
411.169,1.2796656955e-03,2.511965e-04,1.5058473073e+00,1.5058259345e+00,4.0203482390e-15,-9.7231877163e-16,0.0000e+00
412.195,1.2796794375e-03,2.357440e-04,1.5058473117e+00,1.5058259387e+00,-1.0130007999e-14,-1.3927723741e-15,0.0000e+00
413.220,1.2796963753e-03,2.181157e-04,1.5058473165e+00,1.5058259433e+00,-1.4883203775e-15,1.7891441617e-15,0.0000e+00
414.246,1.2797157237e-03,1.982440e-04,1.5058473218e+00,1.5058259482e+00,9.2449287601e-15,-4.5217277938e-16,0.0000e+00
415.271,1.2797368865e-03,1.761340e-04,1.5058473274e+00,1.5058259534e+00,-3.2272044881e-15,3.0346756174e-15,0.0000e+00
416.296,1.2797597619e-03,1.519236e-04,1.5058473333e+00,1.5058259589e+00,-7.9314628513e-15,1.4600616973e-15,0.0000e+00
417.322,1.2797849237e-03,1.259919e-04,1.5058473395e+00,1.5058259647e+00,6.8415506859e-15,1.8061661358e-15,0.0000e+00
418.347,1.2798135829e-03,9.921323e-05,1.5058473459e+00,1.5058259707e+00,-9.6916374173e-16,-2.7205134596e-15,0.0000e+00
419.372,1.2798473217e-03,7.372449e-05,1.5058473526e+00,1.5058259768e+00,1.3824300559e-14,-1.5294902681e-15,0.0000e+00
420.398,1.2798876703e-03,5.531989e-05,1.5058473594e+00,1.5058259829e+00,-1.6022158462e-15,-2.4254749434e-15,0.0000e+00
421.423,1.2799356460e-03,5.519961e-05,1.5058473662e+00,1.5058259890e+00,-3.9862002447e-15,-1.7340792180e-15,0.0000e+00
422.448,1.2799913782e-03,7.483119e-05,1.5058473731e+00,1.5058259949e+00,-7.5138688572e-15,9.4598723720e-16,0.0000e+00
423.474,1.2800539084e-03,1.037729e-04,1.5058473799e+00,1.5058260007e+00,2.1513191684e-15,-3.6768068808e-15,0.0000e+00
424.499,1.2801212078e-03,1.357360e-04,1.5058473866e+00,1.5058260062e+00,1.1662184568e-14,6.9027815482e-16,0.0000e+00
425.525,1.2801903977e-03,1.680962e-04,1.5058473931e+00,1.5058260116e+00,4.3788667353e-15,-1.1492334611e-15,0.0000e+00
426.550,1.2802581219e-03,1.994684e-04,1.5058473993e+00,1.5058260166e+00,-3.1050420512e-15,-2.4473779873e-16,0.0000e+00
427.575,1.2803209893e-03,2.289165e-04,1.5058474051e+00,1.5058260214e+00,5.2538314352e-15,3.4997712444e-15,0.0000e+00
428.601,1.2803760031e-03,2.557272e-04,1.5058474106e+00,1.5058260259e+00,4.5336501397e-15,1.8987027912e-15,0.0000e+00
429.626,1.2804209000e-03,2.793449e-04,1.5058474156e+00,1.5058260302e+00,7.9703270786e-15,1.1964379390e-15,0.0000e+00
430.651,1.2804543495e-03,2.993533e-04,1.5058474200e+00,1.5058260341e+00,-8.5206996752e-15,3.0690990364e-15,0.0000e+00
431.677,1.2804759960e-03,3.154687e-04,1.5058474239e+00,1.5058260376e+00,5.8857586625e-15,3.3911341867e-15,0.0000e+00
432.702,1.2804863573e-03,3.275323e-04,1.5058474272e+00,1.5058260407e+00,6.7696682100e-16,1.1237963935e-15,0.0000e+00
433.727,1.2804866188e-03,3.355002e-04,1.5058474299e+00,1.5058260434e+00,3.5414696167e-15,1.5262522399e-15,0.0000e+00
434.753,1.2804783744e-03,3.394309e-04,1.5058474319e+00,1.5058260456e+00,-1.1829806685e-14,8.3802564586e-17,0.0000e+00
435.778,1.2804633633e-03,3.394715e-04,1.5058474333e+00,1.5058260472e+00,-4.6631896684e-15,-7.5143633915e-18,0.0000e+00
436.803,1.2804432446e-03,3.358435e-04,1.5058474341e+00,1.5058260483e+00,-1.3371704807e-14,1.0489864436e-15,0.0000e+00
437.829,1.2804194351e-03,3.288283e-04,1.5058474343e+00,1.5058260489e+00,1.0000888658e-14,1.5238669951e-15,0.0000e+00
438.854,1.2803930220e-03,3.187532e-04,1.5058474338e+00,1.5058260489e+00,3.3328691142e-15,1.8151921189e-15,0.0000e+00
439.880,1.2803647512e-03,3.059771e-04,1.5058474327e+00,1.5058260483e+00,1.5762881103e-14,2.1500208548e-15,0.0000e+00
440.905,1.2803350772e-03,2.908781e-04,1.5058474311e+00,1.5058260472e+00,1.6628048640e-16,-1.4108807104e-16,0.0000e+00
441.930,1.2803042547e-03,2.738427e-04,1.5058474290e+00,1.5058260456e+00,1.3420096392e-14,4.9873779402e-15,0.0000e+00
442.956,1.2802724440e-03,2.552579e-04,1.5058474264e+00,1.5058260435e+00,-7.8017381188e-15,2.7207211182e-17,0.0000e+00
443.981,1.2802398027e-03,2.355063e-04,1.5058474233e+00,1.5058260409e+00,-2.4415103399e-15,2.1484216566e-15,0.0000e+00
445.006,1.2802065468e-03,2.149654e-04,1.5058474198e+00,1.5058260380e+00,2.3278692538e-14,2.1785624770e-15,0.0000e+00
446.032,1.2801729755e-03,1.940106e-04,1.5058474159e+00,1.5058260347e+00,1.2487140426e-14,2.1713232675e-16,0.0000e+00
447.057,1.2801394617e-03,1.730242e-04,1.5058474118e+00,1.5058260311e+00,2.4140755408e-15,-1.1755795739e-15,0.0000e+00
448.082,1.2801064172e-03,1.524127e-04,1.5058474073e+00,1.5058260272e+00,1.5428242293e-15,-1.7567412034e-16,0.0000e+00
449.108,1.2800742373e-03,1.326360e-04,1.5058474026e+00,1.5058260230e+00,-3.2936796873e-15,5.4738030849e-16,0.0000e+00
450.133,1.2800432401e-03,1.142549e-04,1.5058473977e+00,1.5058260187e+00,-1.5802946853e-14,2.8264308301e-17,0.0000e+00
451.159,1.2800136187e-03,9.799502e-05,1.5058473927e+00,1.5058260141e+00,-1.6219700613e-14,-3.0400278398e-15,0.0000e+00
452.184,1.2799854263e-03,8.480358e-05,1.5058473876e+00,1.5058260095e+00,7.7383620284e-15,3.0240482761e-16,0.0000e+00
453.209,1.2799586095e-03,7.578755e-05,1.5058473824e+00,1.5058260048e+00,-9.0171287351e-15,4.5042845572e-15,0.0000e+00
454.235,1.2799330851e-03,7.183659e-05,1.5058473772e+00,1.5058260000e+00,-3.0305980162e-15,3.7441775191e-15,0.0000e+00
455.260,1.2799088391e-03,7.299260e-05,1.5058473721e+00,1.5058259953e+00,1.0217390306e-14,4.6550157642e-15,0.0000e+00
456.285,1.2798860148e-03,7.826491e-05,1.5058473670e+00,1.5058259905e+00,3.3939774891e-15,8.8798242097e-16,0.0000e+00
457.311,1.2798649591e-03,8.622355e-05,1.5058473620e+00,1.5058259859e+00,-1.7673533967e-15,2.2765743534e-15,0.0000e+00
458.336,1.2798462064e-03,9.564207e-05,1.5058473571e+00,1.5058259813e+00,-1.0727023963e-14,2.5709623483e-15,0.0000e+00
459.361,1.2798304035e-03,1.057056e-04,1.5058473524e+00,1.5058259769e+00,-8.4651337862e-16,-8.7452373567e-16,0.0000e+00
460.387,1.2798181920e-03,1.159503e-04,1.5058473479e+00,1.5058259726e+00,2.2975549654e-14,4.2323915974e-16,0.0000e+00
461.412,1.2798100764e-03,1.261490e-04,1.5058473436e+00,1.5058259684e+00,-1.4842790923e-14,-1.0896836568e-15,0.0000e+00
462.438,1.2798063080e-03,1.361900e-04,1.5058473395e+00,1.5058259643e+00,-2.1163309504e-15,3.0465454712e-16,0.0000e+00
463.463,1.2798068059e-03,1.459416e-04,1.5058473356e+00,1.5058259604e+00,-3.5165238419e-15,4.2194104364e-15,0.0000e+00
464.488,1.2798111292e-03,1.552848e-04,1.5058473319e+00,1.5058259567e+00,5.0676468627e-15,1.5795949868e-15,0.0000e+00
465.514,1.2798185020e-03,1.641493e-04,1.5058473286e+00,1.5058259532e+00,2.5193252451e-16,-1.2541300213e-15,0.0000e+00
466.539,1.2798278833e-03,1.724983e-04,1.5058473254e+00,1.5058259499e+00,2.7280334497e-15,-1.0927736330e-15,0.0000e+00
467.564,1.2798380696e-03,1.803037e-04,1.5058473225e+00,1.5058259469e+00,1.3365086757e-14,3.1537210160e-15,0.0000e+00
468.590,1.2798478161e-03,1.875284e-04,1.5058473199e+00,1.5058259441e+00,-1.8734033151e-14,8.9711682428e-16,0.0000e+00
469.615,1.2798559593e-03,1.941224e-04,1.5058473176e+00,1.5058259416e+00,-5.9745998820e-15,1.6495802370e-15,0.0000e+00
470.640,1.2798615279e-03,2.000295e-04,1.5058473155e+00,1.5058259394e+00,-7.6229531000e-15,-9.2179495039e-16,0.0000e+00
471.666,1.2798638293e-03,2.051971e-04,1.5058473136e+00,1.5058259375e+00,-9.3646290205e-15,1.4938617000e-15,0.0000e+00
472.691,1.2798625054e-03,2.095858e-04,1.5058473120e+00,1.5058259360e+00,-9.4294507563e-15,7.0700197333e-16,0.0000e+00
473.716,1.2798575517e-03,2.131723e-04,1.5058473107e+00,1.5058259347e+00,-6.5150602112e-16,-1.4061893760e-15,0.0000e+00
474.742,1.2798493001e-03,2.159471e-04,1.5058473097e+00,1.5058259338e+00,-1.2812879816e-14,-2.3697740568e-15,0.0000e+00
475.767,1.2798383693e-03,2.179089e-04,1.5058473089e+00,1.5058259332e+00,-1.0465621865e-15,-2.5346541022e-15,0.0000e+00
476.793,1.2798255868e-03,2.190576e-04,1.5058473084e+00,1.5058259330e+00,3.2884304648e-15,2.9553662285e-15,0.0000e+00
477.818,1.2798118966e-03,2.193872e-04,1.5058473082e+00,1.5058259330e+00,3.2520283766e-15,3.2062777163e-15,0.0000e+00
478.843,1.2797982646e-03,2.188816e-04,1.5058473083e+00,1.5058259333e+00,9.3171095388e-15,2.8137965299e-15,0.0000e+00
479.869,1.2797855894e-03,2.175113e-04,1.5058473088e+00,1.5058259340e+00,2.8764336371e-15,1.0803448314e-16,0.0000e+00
480.894,1.2797746257e-03,2.152332e-04,1.5058473095e+00,1.5058259349e+00,-8.2717388039e-16,-1.3482116648e-15,0.0000e+00
481.919,1.2797659348e-03,2.119934e-04,1.5058473106e+00,1.5058259361e+00,2.0158210545e-15,3.5805714113e-15,0.0000e+00
482.945,1.2797598808e-03,2.077307e-04,1.5058473119e+00,1.5058259376e+00,-4.2571152195e-15,-9.7193930087e-16,0.0000e+00
483.970,1.2797566752e-03,2.023812e-04,1.5058473136e+00,1.5058259393e+00,-1.3194505438e-14,6.0089674372e-15,0.0000e+00
484.995,1.2797564399e-03,1.958812e-04,1.5058473157e+00,1.5058259414e+00,8.4243774589e-15,2.7186035791e-15,0.0000e+00
486.021,1.2797592404e-03,1.881677e-04,1.5058473180e+00,1.5058259437e+00,-1.2574992322e-14,-3.8467826764e-15,0.0000e+00
487.046,1.2797650578e-03,1.791774e-04,1.5058473207e+00,1.5058259463e+00,1.0826482323e-15,-9.3176961038e-16,0.0000e+00
488.072,1.2797737189e-03,1.688460e-04,1.5058473237e+00,1.5058259491e+00,5.3079602783e-15,-3.1951771707e-15,0.0000e+00
489.097,1.2797848505e-03,1.571117e-04,1.5058473270e+00,1.5058259522e+00,-5.3891984869e-15,-1.0346332915e-15,0.0000e+00
490.122,1.2797979205e-03,1.439262e-04,1.5058473305e+00,1.5058259555e+00,-2.5389800564e-15,-5.0379142881e-15,0.0000e+00
491.148,1.2798123902e-03,1.292743e-04,1.5058473343e+00,1.5058259591e+00,-4.0131562010e-15,-4.7794968603e-16,0.0000e+00
492.173,1.2798279278e-03,1.132069e-04,1.5058473384e+00,1.5058259629e+00,-1.1627575824e-14,-8.5286679728e-16,0.0000e+00
493.198,1.2798445986e-03,9.589726e-05,1.5058473426e+00,1.5058259669e+00,-1.1058138719e-15,-3.0244445936e-16,0.0000e+00
494.224,1.2798629409e-03,7.775613e-05,1.5058473470e+00,1.5058259710e+00,-1.0831717226e-14,3.1738329663e-15,0.0000e+00
495.249,1.2798838847e-03,5.973870e-05,1.5058473516e+00,1.5058259752e+00,5.8046332712e-15,3.7230876268e-16,0.0000e+00
496.274,1.2799085269e-03,4.429408e-05,1.5058473563e+00,1.5058259795e+00,3.4417366059e-15,-2.2585620190e-15,0.0000e+00
497.300,1.2799378254e-03,3.738208e-05,1.5058473611e+00,1.5058259838e+00,-3.6072304623e-16,-5.7619444989e-15,0.0000e+00
498.325,1.2799722987e-03,4.472720e-05,1.5058473659e+00,1.5058259880e+00,-2.4459013247e-15,-6.5816826565e-15,0.0000e+00
499.350,1.2800118082e-03,6.192315e-05,1.5058473706e+00,1.5058259921e+00,-3.3518335577e-15,-1.5365104771e-15,0.0000e+00
500.376,1.2800554727e-03,8.298023e-05,1.5058473753e+00,1.5058259961e+00,-1.2962947006e-14,-2.9496595888e-15,0.0000e+00
501.401,1.2801017300e-03,1.051593e-04,1.5058473799e+00,1.5058259999e+00,1.3291130571e-14,-2.7681099350e-15,0.0000e+00
502.427,1.2801485250e-03,1.271860e-04,1.5058473844e+00,1.5058260035e+00,-6.0397604857e-15,-3.1649550352e-15,0.0000e+00
503.452,1.2801935810e-03,1.482884e-04,1.5058473886e+00,1.5058260070e+00,-3.3371968374e-15,1.0277089760e-15,0.0000e+00
504.477,1.2802346980e-03,1.679032e-04,1.5058473925e+00,1.5058260102e+00,-1.5961348780e-14,-1.9768862945e-15,0.0000e+00
505.503,1.2802700213e-03,1.855880e-04,1.5058473962e+00,1.5058260133e+00,-8.1846105439e-15,-3.1189306529e-15,0.0000e+00
506.528,1.2802982371e-03,2.009964e-04,1.5058473995e+00,1.5058260161e+00,1.2194067329e-15,-3.8854886939e-15,0.0000e+00
507.553,1.2803186677e-03,2.138705e-04,1.5058474024e+00,1.5058260187e+00,-2.3461140854e-15,-4.9547559815e-15,0.0000e+00
508.579,1.2803312644e-03,2.240374e-04,1.5058474049e+00,1.5058260210e+00,7.9673726317e-15,-5.9519780347e-15,0.0000e+00
509.604,1.2803365127e-03,2.314043e-04,1.5058474070e+00,1.5058260230e+00,-8.1579798334e-15,2.9874564528e-16,0.0000e+00
510.629,1.2803352810e-03,2.359521e-04,1.5058474087e+00,1.5058260247e+00,-3.6101447440e-15,-2.9568153231e-15,0.0000e+00
511.655,1.2803286463e-03,2.377280e-04,1.5058474099e+00,1.5058260260e+00,5.1777204390e-15,-1.5282434356e-15,0.0000e+00
512.680,1.2803177289e-03,2.368366e-04,1.5058474107e+00,1.5058260270e+00,-2.4391928466e-15,-2.1452899970e-15,0.0000e+00
513.706,1.2803035588e-03,2.334310e-04,1.5058474110e+00,1.5058260276e+00,-2.7870184566e-15,-1.6116727927e-15,0.0000e+00
514.731,1.2802869860e-03,2.277037e-04,1.5058474109e+00,1.5058260277e+00,1.3124055000e-14,-4.1514705919e-15,0.0000e+00
515.756,1.2802686416e-03,2.198775e-04,1.5058474104e+00,1.5058260275e+00,3.3998728199e-15,-6.4778702985e-15,0.0000e+00
516.782,1.2802489447e-03,2.101964e-04,1.5058474094e+00,1.5058260269e+00,5.1018669428e-15,-5.6283978963e-15,0.0000e+00
517.807,1.2802281463e-03,1.989183e-04,1.5058474081e+00,1.5058260259e+00,-1.1506456705e-15,-5.2847329127e-15,0.0000e+00
518.832,1.2802063948e-03,1.863080e-04,1.5058474064e+00,1.5058260246e+00,-4.7648200597e-15,-3.0418167734e-15,0.0000e+00
519.858,1.2801838035e-03,1.726332e-04,1.5058474044e+00,1.5058260230e+00,2.4664154080e-15,3.3703446100e-15,0.0000e+00
520.883,1.2801605045e-03,1.581623e-04,1.5058474021e+00,1.5058260210e+00,1.0032981295e-15,-7.5073495263e-16,0.0000e+00
521.908,1.2801366820e-03,1.431651e-04,1.5058473995e+00,1.5058260188e+00,-9.6677855695e-15,-4.1604694699e-15,0.0000e+00
522.934,1.2801125806e-03,1.279174e-04,1.5058473966e+00,1.5058260164e+00,-4.0619182356e-15,-1.6291013427e-15,0.0000e+00
523.959,1.2800884930e-03,1.127109e-04,1.5058473935e+00,1.5058260137e+00,7.5223618503e-15,-4.9179744228e-15,0.0000e+00
524.984,1.2800647293e-03,9.787291e-05,1.5058473903e+00,1.5058260108e+00,7.6246021165e-15,-4.2821982689e-15,0.0000e+00
526.010,1.2800415740e-03,8.380008e-05,1.5058473869e+00,1.5058260078e+00,-4.1381647493e-15,-1.9677247862e-15,0.0000e+00
527.035,1.2800192432e-03,7.101449e-05,1.5058473833e+00,1.5058260047e+00,-1.9586744353e-15,-8.3720007589e-16,0.0000e+00
528.061,1.2799978582e-03,6.023745e-05,1.5058473797e+00,1.5058260014e+00,-1.3579763182e-14,-1.7081396810e-15,0.0000e+00
529.086,1.2799774491e-03,5.241935e-05,1.5058473761e+00,1.5058259981e+00,-7.7437329322e-16,-2.9428583801e-16,0.0000e+00
530.111,1.2799579936e-03,4.851886e-05,1.5058473724e+00,1.5058259947e+00,4.0579835544e-15,-4.0828969645e-16,0.0000e+00
531.137,1.2799394820e-03,4.887758e-05,1.5058473687e+00,1.5058259913e+00,2.4269233609e-15,-8.0443006522e-16,0.0000e+00
532.162,1.2799219858e-03,5.279194e-05,1.5058473650e+00,1.5058259880e+00,5.3207131718e-15,-1.7802120205e-15,0.0000e+00
533.187,1.2799057071e-03,5.899341e-05,1.5058473614e+00,1.5058259846e+00,-1.2723866870e-14,-2.1310620035e-16,0.0000e+00
534.213,1.2798909884e-03,6.636186e-05,1.5058473579e+00,1.5058259814e+00,-1.0166911569e-14,3.6409593123e-16,0.0000e+00
535.238,1.2798782759e-03,7.416668e-05,1.5058473545e+00,1.5058259782e+00,-1.1744046256e-14,9.4942957910e-16,0.0000e+00
536.263,1.2798680467e-03,8.200118e-05,1.5058473512e+00,1.5058259751e+00,-3.0075722527e-15,1.9739984721e-16,0.0000e+00
537.289,1.2798607152e-03,8.966922e-05,1.5058473481e+00,1.5058259721e+00,-4.4526917731e-15,2.8248824971e-15,0.0000e+00
538.314,1.2798565419e-03,9.708311e-05,1.5058473451e+00,1.5058259691e+00,-4.7682081548e-15,-2.7960010359e-15,0.0000e+00
539.340,1.2798555641e-03,1.041622e-04,1.5058473423e+00,1.5058259663e+00,-9.3662412196e-16,-3.3160949780e-16,0.0000e+00
540.365,1.2798575613e-03,1.108469e-04,1.5058473397e+00,1.5058259637e+00,-3.8949781670e-15,3.3793955382e-16,0.0000e+00
541.390,1.2798620590e-03,1.171169e-04,1.5058473372e+00,1.5058259611e+00,-2.3726092364e-15,-1.9727392212e-15,0.0000e+00
542.416,1.2798683695e-03,1.229765e-04,1.5058473349e+00,1.5058259587e+00,-1.1591688727e-14,1.2673718662e-15,0.0000e+00
543.441,1.2798756599e-03,1.284329e-04,1.5058473328e+00,1.5058259565e+00,1.8567102322e-14,-1.8302175008e-17,0.0000e+00
544.466,1.2798830368e-03,1.334821e-04,1.5058473309e+00,1.5058259545e+00,-9.1190843528e-15,5.6035029298e-15,0.0000e+00
545.492,1.2798896353e-03,1.381043e-04,1.5058473292e+00,1.5058259527e+00,5.8632073152e-15,-3.3807112675e-15,0.0000e+00
546.517,1.2798947016e-03,1.422672e-04,1.5058473277e+00,1.5058259511e+00,4.9615712377e-15,1.2306987277e-15,0.0000e+00
547.542,1.2798976603e-03,1.459347e-04,1.5058473263e+00,1.5058259497e+00,-2.2931507575e-15,2.9006953340e-15,0.0000e+00
548.568,1.2798981613e-03,1.490741e-04,1.5058473252e+00,1.5058259485e+00,-2.1002129892e-14,2.8481386337e-15,0.0000e+00
549.593,1.2798961005e-03,1.516609e-04,1.5058473242e+00,1.5058259476e+00,1.7936218640e-14,-6.3101192773e-16,0.0000e+00
550.618,1.2798916174e-03,1.536798e-04,1.5058473235e+00,1.5058259469e+00,-1.6589332181e-14,3.0481717745e-16,0.0000e+00
551.644,1.2798850672e-03,1.551223e-04,1.5058473229e+00,1.5058259465e+00,1.2682378201e-14,1.3073247162e-15,0.0000e+00
552.669,1.2798769730e-03,1.559833e-04,1.5058473225e+00,1.5058259462e+00,4.1671356535e-15,2.0936694469e-15,0.0000e+00
553.695,1.2798679666e-03,1.562568e-04,1.5058473224e+00,1.5058259462e+00,1.7895696585e-14,1.4986863997e-15,0.0000e+00
554.720,1.2798587229e-03,1.559324e-04,1.5058473224e+00,1.5058259464e+00,-6.4088364112e-15,8.7499909996e-16,0.0000e+00
555.745,1.2798498957e-03,1.549925e-04,1.5058473227e+00,1.5058259468e+00,2.9359698755e-15,4.2031181387e-16,0.0000e+00
556.771,1.2798420586e-03,1.534114e-04,1.5058473232e+00,1.5058259475e+00,1.5509367601e-14,4.5282454252e-15,0.0000e+00
557.796,1.2798356619e-03,1.511559e-04,1.5058473239e+00,1.5058259483e+00,1.4470214775e-15,4.3821762875e-15,0.0000e+00
558.821,1.2798310209e-03,1.481876e-04,1.5058473249e+00,1.5058259493e+00,8.5419456252e-15,4.5378677195e-15,0.0000e+00
559.847,1.2798283377e-03,1.444653e-04,1.5058473260e+00,1.5058259505e+00,1.1008221685e-15,9.4967352459e-16,0.0000e+00
560.872,1.2798277383e-03,1.399473e-04,1.5058473274e+00,1.5058259519e+00,3.0281406062e-15,1.5329200833e-15,0.0000e+00
561.897,1.2798292924e-03,1.345911e-04,1.5058473291e+00,1.5058259536e+00,3.9897737213e-15,5.1519056199e-15,0.0000e+00
562.923,1.2798329950e-03,1.283533e-04,1.5058473309e+00,1.5058259553e+00,5.3822823321e-15,2.1700514899e-15,0.0000e+00
563.948,1.2798387216e-03,1.211882e-04,1.5058473330e+00,1.5058259573e+00,1.6943184305e-14,3.5460124670e-15,0.0000e+00
564.974,1.2798462025e-03,1.130513e-04,1.5058473352e+00,1.5058259595e+00,1.4601809690e-15,7.9896942261e-16,0.0000e+00
565.999,1.2798550562e-03,1.039054e-04,1.5058473377e+00,1.5058259618e+00,-1.0417714619e-14,-1.6896540340e-15,0.0000e+00
567.024,1.2798648988e-03,9.373429e-05,1.5058473404e+00,1.5058259643e+00,-6.2359739468e-15,2.8512557149e-15,0.0000e+00
568.050,1.2798754944e-03,8.256415e-05,1.5058473432e+00,1.5058259669e+00,-9.1579388876e-16,4.8597402394e-15,0.0000e+00
569.075,1.2798868871e-03,7.049756e-05,1.5058473461e+00,1.5058259697e+00,-2.9329926905e-15,4.1428928680e-15,0.0000e+00
570.100,1.2798994535e-03,5.778014e-05,1.5058473492e+00,1.5058259726e+00,2.7347825841e-15,2.8708797742e-15,0.0000e+00
571.126,1.2799138449e-03,4.496704e-05,1.5058473524e+00,1.5058259755e+00,8.6344958084e-15,2.6653963575e-15,0.0000e+00
572.151,1.2799308290e-03,3.342850e-05,1.5058473557e+00,1.5058259785e+00,-4.4218191205e-15,3.7784925179e-15,0.0000e+00
573.176,1.2799510760e-03,2.664823e-05,1.5058473590e+00,1.5058259815e+00,8.9091106619e-15,3.8555792923e-15,0.0000e+00
574.202,1.2799749481e-03,2.939160e-05,1.5058473624e+00,1.5058259845e+00,1.7693208241e-14,9.4311410144e-16,0.0000e+00
575.227,1.2800023470e-03,4.015335e-05,1.5058473657e+00,1.5058259873e+00,-3.0176955599e-16,5.4220324311e-16,0.0000e+00
576.252,1.2800326551e-03,5.434411e-05,1.5058473690e+00,1.5058259901e+00,9.7420087389e-16,3.5796227344e-15,0.0000e+00
577.278,1.2800647790e-03,6.960131e-05,1.5058473723e+00,1.5058259928e+00,-7.3551819124e-16,2.8914829604e-17,0.0000e+00
578.303,1.2800972829e-03,8.487647e-05,1.5058473754e+00,1.5058259954e+00,-1.4991909399e-14,4.1923595922e-15,0.0000e+00
579.329,1.2801285799e-03,9.957940e-05,1.5058473784e+00,1.5058259979e+00,-1.8407132313e-15,1.7372650877e-15,0.0000e+00
580.354,1.2801571424e-03,1.133003e-04,1.5058473812e+00,1.5058260002e+00,-4.9506794018e-15,-1.3906852849e-15,0.0000e+00
581.379,1.2801816903e-03,1.257258e-04,1.5058473837e+00,1.5058260024e+00,-3.1767484660e-15,3.3868244831e-15,0.0000e+00
582.405,1.2802013274e-03,1.366138e-04,1.5058473861e+00,1.5058260044e+00,-2.5501202690e-15,-1.4993494477e-15,0.0000e+00
583.430,1.2802156055e-03,1.457853e-04,1.5058473882e+00,1.5058260062e+00,-1.4361635578e-14,-9.5310128812e-16,0.0000e+00
584.455,1.2802245167e-03,1.531201e-04,1.5058473900e+00,1.5058260079e+00,1.7694360520e-15,1.4832907288e-15,0.0000e+00
585.481,1.2802284229e-03,1.585528e-04,1.5058473916e+00,1.5058260094e+00,1.6360425601e-14,-9.4713817618e-16,0.0000e+00
586.506,1.2802279474e-03,1.620668e-04,1.5058473928e+00,1.5058260106e+00,-1.2942888960e-15,-8.4012742175e-16,0.0000e+00
587.531,1.2802238490e-03,1.636892e-04,1.5058473937e+00,1.5058260116e+00,-1.9196093068e-14,-5.1920065219e-15,0.0000e+00
588.557,1.2802169052e-03,1.634846e-04,1.5058473943e+00,1.5058260123e+00,-1.2975143985e-15,-2.1885247186e-16,0.0000e+00
589.582,1.2802078181e-03,1.615498e-04,1.5058473946e+00,1.5058260128e+00,2.4142503532e-14,2.5632623528e-16,0.0000e+00
590.608,1.2801971544e-03,1.580073e-04,1.5058473946e+00,1.5058260130e+00,5.5888905670e-15,3.3568983431e-16,0.0000e+00
591.633,1.2801853207e-03,1.530001e-04,1.5058473943e+00,1.5058260129e+00,-4.2215670010e-15,1.8555244397e-15,0.0000e+00
592.658,1.2801725724e-03,1.466860e-04,1.5058473938e+00,1.5058260125e+00,-1.1758262580e-15,7.1247719430e-16,0.0000e+00
593.684,1.2801590475e-03,1.392319e-04,1.5058473929e+00,1.5058260119e+00,-3.2785361126e-14,-4.7066905244e-15,0.0000e+00
594.709,1.2801448156e-03,1.308097e-04,1.5058473918e+00,1.5058260111e+00,-2.8319586288e-15,-1.1726522281e-15,0.0000e+00
595.734,1.2801299271e-03,1.215932e-04,1.5058473905e+00,1.5058260100e+00,7.1054861189e-15,1.0112269429e-16,0.0000e+00
596.760,1.2801144521e-03,1.117568e-04,1.5058473889e+00,1.5058260087e+00,9.3970558311e-15,8.3220021920e-16,0.0000e+00
597.785,1.2800985018e-03,1.014753e-04,1.5058473872e+00,1.5058260072e+00,4.8124662877e-15,-1.3529008392e-15,0.0000e+00
598.810,1.2800822320e-03,9.092711e-05,1.5058473852e+00,1.5058260055e+00,8.3258640859e-15,2.1173050542e-15,0.0000e+00
599.836,1.2800658335e-03,8.029981e-05,1.5058473831e+00,1.5058260037e+00,8.6755463924e-15,-1.3948052532e-15,0.0000e+00
600.861,1.2800495140e-03,6.980231e-05,1.5058473809e+00,1.5058260017e+00,-1.2078536195e-14,1.7669993323e-15,0.0000e+00
601.887,1.2800334743e-03,5.968692e-05,1.5058473785e+00,1.5058259996e+00,1.1737035174e-14,1.1763259887e-15,0.0000e+00
602.912,1.2800178834e-03,5.028930e-05,1.5058473761e+00,1.5058259975e+00,2.5470394055e-15,1.3793135805e-16,0.0000e+00
603.937,1.2800028568e-03,4.209348e-05,1.5058473736e+00,1.5058259952e+00,-1.5955453425e-14,-3.3442842345e-16,0.0000e+00
604.963,1.2799884492e-03,3.580202e-05,1.5058473710e+00,1.5058259929e+00,3.1595187681e-15,-4.1019225526e-15,0.0000e+00
605.988,1.2799746651e-03,3.227011e-05,1.5058473685e+00,1.5058259905e+00,9.3232352253e-15,-4.2242747678e-15,0.0000e+00
607.013,1.2799614901e-03,3.203790e-05,1.5058473659e+00,1.5058259882e+00,9.8691852308e-15,7.4700903350e-16,0.0000e+00
608.039,1.2799489346e-03,3.475376e-05,1.5058473633e+00,1.5058259858e+00,1.0769737110e-14,-7.0731265562e-16,0.0000e+00
609.064,1.2799370754e-03,3.941416e-05,1.5058473608e+00,1.5058259835e+00,1.0132863203e-14,-4.1842677076e-15,0.0000e+00
610.089,1.2799260812e-03,4.506357e-05,1.5058473583e+00,1.5058259812e+00,1.8664788913e-14,5.6139362157e-16,0.0000e+00
611.115,1.2799162117e-03,5.107506e-05,1.5058473559e+00,1.5058259790e+00,-2.6803735932e-15,-3.1291763635e-15,0.0000e+00
612.140,1.2799077881e-03,5.709784e-05,1.5058473536e+00,1.5058259768e+00,-2.5842856826e-16,-2.8531384904e-15,0.0000e+00
613.165,1.2799011403e-03,6.295503e-05,1.5058473514e+00,1.5058259746e+00,5.7752649438e-15,2.1957470814e-15,0.0000e+00
614.191,1.2798965451e-03,6.855719e-05,1.5058473492e+00,1.5058259726e+00,-5.5249077099e-17,4.8387316623e-16,0.0000e+00
615.216,1.2798941661e-03,7.383087e-05,1.5058473472e+00,1.5058259706e+00,1.8553766620e-14,-2.2994635459e-15,0.0000e+00
616.242,1.2798940088e-03,7.873189e-05,1.5058473453e+00,1.5058259688e+00,8.7041422511e-15,-2.5813290057e-15,0.0000e+00
617.267,1.2798958978e-03,8.325377e-05,1.5058473436e+00,1.5058259670e+00,1.2172965789e-14,-1.2751364384e-15,0.0000e+00
618.292,1.2798994804e-03,8.741394e-05,1.5058473420e+00,1.5058259653e+00,-1.5091777354e-15,-1.6336820968e-15,0.0000e+00
619.318,1.2799042546e-03,9.123617e-05,1.5058473405e+00,1.5058259637e+00,4.0628218337e-15,-1.6005597205e-15,0.0000e+00
620.343,1.2799096172e-03,9.473760e-05,1.5058473391e+00,1.5058259623e+00,4.6990045651e-15,-1.2518531968e-15,0.0000e+00
621.368,1.2799149250e-03,9.792246e-05,1.5058473379e+00,1.5058259610e+00,1.0860051174e-14,-4.9760876592e-15,0.0000e+00
622.394,1.2799195612e-03,1.007823e-04,1.5058473368e+00,1.5058259598e+00,6.9919295321e-15,-4.5519206643e-15,0.0000e+00
623.419,1.2799229979e-03,1.033004e-04,1.5058473359e+00,1.5058259588e+00,-6.6550580804e-16,-2.8432993556e-15,0.0000e+00
624.444,1.2799248474e-03,1.054574e-04,1.5058473350e+00,1.5058259579e+00,-7.0822886023e-15,-3.3891951495e-15,0.0000e+00
625.470,1.2799248963e-03,1.072357e-04,1.5058473344e+00,1.5058259573e+00,1.1995793611e-14,-5.5166437574e-15,0.0000e+00
626.495,1.2799231197e-03,1.086225e-04,1.5058473338e+00,1.5058259567e+00,-7.1882287059e-15,-1.3953744593e-15,0.0000e+00
627.521,1.2799196726e-03,1.096096e-04,1.5058473334e+00,1.5058259564e+00,-9.8763318093e-15,-4.0185474056e-15,0.0000e+00
628.546,1.2799148633e-03,1.101933e-04,1.5058473331e+00,1.5058259562e+00,5.5269020323e-16,-1.9070094645e-15,0.0000e+00
629.571,1.2799091112e-03,1.103714e-04,1.5058473330e+00,1.5058259562e+00,-8.3022735426e-15,2.6361749489e-16,0.0000e+00
630.597,1.2799028969e-03,1.101409e-04,1.5058473330e+00,1.5058259563e+00,1.1520547143e-14,-1.5214400669e-15,0.0000e+00
631.622,1.2798967092e-03,1.094951e-04,1.5058473332e+00,1.5058259566e+00,1.4037359855e-14,-1.7983453018e-15,0.0000e+00
632.647,1.2798909936e-03,1.084222e-04,1.5058473335e+00,1.5058259570e+00,-9.0054735202e-15,1.4028158226e-15,0.0000e+00
633.673,1.2798861142e-03,1.069041e-04,1.5058473340e+00,1.5058259575e+00,-4.4980378489e-16,1.5167925760e-15,0.0000e+00
634.698,1.2798823391e-03,1.049177e-04,1.5058473346e+00,1.5058259582e+00,-2.3215019970e-16,-3.6740150602e-15,0.0000e+00
635.723,1.2798798519e-03,1.024359e-04,1.5058473354e+00,1.5058259591e+00,2.4650873065e-15,6.8580582086e-16,0.0000e+00
636.749,1.2798787755e-03,9.942904e-05,1.5058473364e+00,1.5058259601e+00,1.3547205601e-14,-3.0813630477e-15,0.0000e+00
637.774,1.2798791846e-03,9.586469e-05,1.5058473375e+00,1.5058259612e+00,-1.9376694009e-14,-5.7392868335e-16,0.0000e+00
638.799,1.2798810923e-03,9.170753e-05,1.5058473388e+00,1.5058259624e+00,-1.0381434504e-14,7.6102256258e-15,0.0000e+00
639.825,1.2798844213e-03,8.691912e-05,1.5058473402e+00,1.5058259637e+00,-1.6611557741e-15,7.5858289169e-16,0.0000e+00
640.850,1.2798889904e-03,8.145996e-05,1.5058473417e+00,1.5058259652e+00,1.7098198104e-14,1.3974761269e-15,0.0000e+00
641.876,1.2798945439e-03,7.529472e-05,1.5058473434e+00,1.5058259668e+00,1.4109012055e-14,6.4433508776e-16,0.0000e+00
642.901,1.2799008314e-03,6.840176e-05,1.5058473452e+00,1.5058259685e+00,1.1808714514e-14,1.5416208057e-15,0.0000e+00
643.926,1.2799077133e-03,6.078740e-05,1.5058473472e+00,1.5058259704e+00,-5.0970873325e-15,6.0016761776e-15,0.0000e+00
644.952,1.2799152484e-03,5.250743e-05,1.5058473492e+00,1.5058259723e+00,-1.6785383065e-14,-2.3419393260e-16,0.0000e+00
645.977,1.2799237243e-03,4.370521e-05,1.5058473514e+00,1.5058259743e+00,1.1087910319e-15,3.6875008505e-15,0.0000e+00
647.002,1.2799336106e-03,3.469906e-05,1.5058473536e+00,1.5058259763e+00,4.7993881205e-15,2.6659113535e-15,0.0000e+00
648.028,1.2799454447e-03,2.623264e-05,1.5058473559e+00,1.5058259784e+00,-8.7296389551e-15,2.8421213116e-15,0.0000e+00
649.053,1.2799596819e-03,2.017585e-05,1.5058473582e+00,1.5058259805e+00,1.6243291126e-14,-1.0279078931e-17,0.0000e+00
650.078,1.2799765505e-03,1.988449e-05,1.5058473605e+00,1.5058259826e+00,1.6439653690e-14,5.2395904706e-15,0.0000e+00
651.104,1.2799959494e-03,2.594942e-05,1.5058473629e+00,1.5058259846e+00,1.8716898832e-15,1.9931910106e-15,0.0000e+00
652.129,1.2800174121e-03,3.525883e-05,1.5058473652e+00,1.5058259865e+00,-1.8150773081e-14,5.5992203312e-15,0.0000e+00
653.155,1.2800401418e-03,4.569062e-05,1.5058473674e+00,1.5058259884e+00,-1.7124128493e-14,2.1974818049e-15,0.0000e+00
654.180,1.2800631091e-03,5.629588e-05,1.5058473696e+00,1.5058259902e+00,-4.5907649323e-15,3.7459122426e-15,0.0000e+00
655.205,1.2800851879e-03,6.657894e-05,1.5058473717e+00,1.5058259919e+00,-1.1169527533e-14,2.1534631967e-15,0.0000e+00
656.231,1.2801053034e-03,7.621899e-05,1.5058473737e+00,1.5058259936e+00,3.1100791514e-15,2.6018892152e-15,0.0000e+00
657.256,1.2801225641e-03,8.498109e-05,1.5058473755e+00,1.5058259951e+00,-1.9858472431e-15,1.7509802452e-15,0.0000e+00
658.281,1.2801363548e-03,9.268782e-05,1.5058473772e+00,1.5058259966e+00,1.2660938060e-14,-1.0743693011e-15,0.0000e+00
659.307,1.2801463799e-03,9.920963e-05,1.5058473787e+00,1.5058259979e+00,4.3557867876e-15,-1.7111483421e-15,0.0000e+00
660.332,1.2801526549e-03,1.044602e-04,1.5058473800e+00,1.5058259991e+00,-4.0749964114e-15,5.3273566364e-15,0.0000e+00
661.357,1.2801554539e-03,1.083922e-04,1.5058473811e+00,1.5058260001e+00,-1.9601869277e-14,-3.3936154333e-16,0.0000e+00
662.383,1.2801552308e-03,1.109929e-04,1.5058473820e+00,1.5058260010e+00,-1.1917369176e-15,-1.1658759645e-15,0.0000e+00
663.408,1.2801525293e-03,1.122796e-04,1.5058473827e+00,1.5058260018e+00,3.1836422643e-15,-5.8271072095e-16,0.0000e+00
664.433,1.2801478987e-03,1.122953e-04,1.5058473831e+00,1.5058260023e+00,-1.3092644695e-14,1.6183823195e-15,0.0000e+00
665.459,1.2801418274e-03,1.111047e-04,1.5058473834e+00,1.5058260027e+00,-7.7101226555e-16,-3.9129482740e-16,0.0000e+00
666.484,1.2801347018e-03,1.087902e-04,1.5058473834e+00,1.5058260028e+00,1.8179201854e-14,2.0040059272e-15,0.0000e+00
667.510,1.2801267903e-03,1.054488e-04,1.5058473833e+00,1.5058260028e+00,-9.6481208410e-15,3.9314463394e-15,0.0000e+00
668.535,1.2801182526e-03,1.011873e-04,1.5058473829e+00,1.5058260026e+00,-7.2346190425e-15,3.1731824450e-15,0.0000e+00
669.560,1.2801091662e-03,9.611937e-05,1.5058473824e+00,1.5058260022e+00,5.4090891951e-15,6.2131769164e-15,0.0000e+00
670.586,1.2800995635e-03,9.036216e-05,1.5058473816e+00,1.5058260016e+00,5.7494341622e-16,-8.1237184614e-16,0.0000e+00
671.611,1.2800894685e-03,8.403392e-05,1.5058473807e+00,1.5058260009e+00,-9.7631949944e-16,3.7612537033e-15,0.0000e+00
672.636,1.2800789256e-03,7.725295e-05,1.5058473797e+00,1.5058260000e+00,7.2971459638e-15,7.6158905821e-15,0.0000e+00
673.662,1.2800680134e-03,7.013773e-05,1.5058473785e+00,1.5058259990e+00,1.8508948393e-14,5.0451388109e-15,0.0000e+00
674.687,1.2800568445e-03,6.280861e-05,1.5058473772e+00,1.5058259979e+00,-2.2286814278e-15,5.9974206841e-15,0.0000e+00
675.712,1.2800455549e-03,5.539189e-05,1.5058473757e+00,1.5058259966e+00,8.6933141296e-16,1.6908070246e-15,0.0000e+00
676.738,1.2800342890e-03,4.802784e-05,1.5058473742e+00,1.5058259953e+00,7.6049916203e-15,6.5572213708e-15,0.0000e+00
677.763,1.2800231850e-03,4.088639e-05,1.5058473726e+00,1.5058259938e+00,-5.0023822912e-15,2.1922505294e-15,0.0000e+00
678.789,1.2800123628e-03,3.419704e-05,1.5058473709e+00,1.5058259923e+00,1.1135750594e-15,3.1545341676e-15,0.0000e+00
679.814,1.2800019131e-03,2.830290e-05,1.5058473692e+00,1.5058259908e+00,4.1860278343e-15,7.3719179883e-15,0.0000e+00
680.839,1.2799918914e-03,2.373356e-05,1.5058473674e+00,1.5058259892e+00,-1.5446556026e-14,3.9214966244e-16,0.0000e+00
681.865,1.2799823175e-03,2.118888e-05,1.5058473656e+00,1.5058259876e+00,-6.8816705708e-15,2.6141406998e-15,0.0000e+00
682.890,1.2799731864e-03,2.115776e-05,1.5058473638e+00,1.5058259859e+00,-1.4276525697e-14,6.6500561818e-15,0.0000e+00
683.915,1.2799644879e-03,2.337154e-05,1.5058473621e+00,1.5058259843e+00,-1.3611774239e-14,3.5348993948e-15,0.0000e+00
684.941,1.2799562331e-03,2.701437e-05,1.5058473603e+00,1.5058259827e+00,-8.1486692260e-15,1.2260366584e-15,0.0000e+00
685.966,1.2799484787e-03,3.134472e-05,1.5058473586e+00,1.5058259811e+00,3.0215816120e-16,6.1554702558e-15,0.0000e+00
686.991,1.2799413417e-03,3.589885e-05,1.5058473569e+00,1.5058259795e+00,-1.5282746623e-14,5.3374668217e-15,0.0000e+00
688.017,1.2799349970e-03,4.042269e-05,1.5058473553e+00,1.5058259780e+00,-5.7694553172e-15,2.8428802531e-15,0.0000e+00
689.042,1.2799296581e-03,4.478578e-05,1.5058473537e+00,1.5058259765e+00,1.8350167492e-15,2.2048001696e-15,0.0000e+00
690.067,1.2799255439e-03,4.891391e-05,1.5058473522e+00,1.5058259751e+00,1.4931108345e-14,3.2895715482e-15,0.0000e+00
691.093,1.2799228372e-03,5.274788e-05,1.5058473508e+00,1.5058259738e+00,7.6499318162e-15,2.1389077825e-15,0.0000e+00
692.118,1.2799216444e-03,5.625724e-05,1.5058473495e+00,1.5058259725e+00,3.1722717130e-15,1.9028498645e-15,0.0000e+00
693.144,1.2799219641e-03,5.944191e-05,1.5058473483e+00,1.5058259712e+00,7.0911069142e-15,-6.0233478027e-16,0.0000e+00
694.169,1.2799236695e-03,6.232131e-05,1.5058473472e+00,1.5058259701e+00,6.6110086409e-15,-8.3104722856e-16,0.0000e+00
695.194,1.2799265089e-03,6.492201e-05,1.5058473461e+00,1.5058259690e+00,1.1696052356e-14,2.8739426454e-15,0.0000e+00
696.220,1.2799301238e-03,6.726794e-05,1.5058473452e+00,1.5058259680e+00,1.0361413036e-14,-3.2171593698e-15,0.0000e+00
697.245,1.2799340844e-03,6.937467e-05,1.5058473444e+00,1.5058259671e+00,-2.3717819554e-16,-2.5105543640e-17,0.0000e+00
698.270,1.2799379343e-03,7.124762e-05,1.5058473436e+00,1.5058259663e+00,-3.3817439657e-15,4.2708287244e-15,0.0000e+00
699.296,1.2799412404e-03,7.288361e-05,1.5058473430e+00,1.5058259656e+00,6.1487183919e-15,-9.2282494246e-16,0.0000e+00
700.321,1.2799436411e-03,7.427390e-05,1.5058473424e+00,1.5058259650e+00,-6.7693878623e-15,3.5230273810e-15,0.0000e+00
701.346,1.2799448832e-03,7.540767e-05,1.5058473420e+00,1.5058259645e+00,5.0981264879e-15,1.3976929673e-15,0.0000e+00
702.372,1.2799448461e-03,7.627493e-05,1.5058473416e+00,1.5058259642e+00,3.7466413753e-15,1.2353065869e-15,0.0000e+00
703.397,1.2799435480e-03,7.686843e-05,1.5058473413e+00,1.5058259639e+00,1.2256598438e-14,-2.6341838616e-15,0.0000e+00
704.423,1.2799411349e-03,7.718445e-05,1.5058473412e+00,1.5058259638e+00,1.2124549388e-16,1.7732334948e-15,0.0000e+00
705.448,1.2799378558e-03,7.722214e-05,1.5058473411e+00,1.5058259638e+00,1.7584815147e-14,4.1070870913e-15,0.0000e+00
706.473,1.2799340277e-03,7.698199e-05,1.5058473411e+00,1.5058259638e+00,9.2293168516e-16,1.0751699261e-15,0.0000e+00
707.499,1.2799299951e-03,7.646372e-05,1.5058473412e+00,1.5058259640e+00,-1.3291880368e-14,1.0122862000e-15,0.0000e+00
708.524,1.2799260885e-03,7.566432e-05,1.5058473415e+00,1.5058259643e+00,1.0109241167e-14,-1.4681244251e-15,0.0000e+00
709.549,1.2799225920e-03,7.457689e-05,1.5058473418e+00,1.5058259647e+00,1.5539780061e-15,-7.9207232047e-17,0.0000e+00
710.575,1.2799197273e-03,7.319039e-05,1.5058473422e+00,1.5058259652e+00,1.3700037446e-14,4.9619262942e-15,0.0000e+00
711.600,1.2799176581e-03,7.148988e-05,1.5058473428e+00,1.5058259658e+00,2.0264733116e-15,-1.7891295833e-15,0.0000e+00
712.625,1.2799165010e-03,6.945698e-05,1.5058473434e+00,1.5058259664e+00,5.5475017692e-16,3.2439266367e-15,0.0000e+00
713.651,1.2799163310e-03,6.706972e-05,1.5058473442e+00,1.5058259672e+00,3.3850328423e-15,3.4272923292e-15,0.0000e+00
714.676,1.2799171699e-03,6.430223e-05,1.5058473450e+00,1.5058259680e+00,5.4464128795e-15,4.2868727565e-16,0.0000e+00
715.701,1.2799189698e-03,6.112491e-05,1.5058473460e+00,1.5058259690e+00,5.3975560181e-15,-3.2320693096e-16,0.0000e+00
716.727,1.2799216092e-03,5.750605e-05,1.5058473470e+00,1.5058259700e+00,-5.4845264226e-16,4.5676811192e-16,0.0000e+00
717.752,1.2799249211e-03,5.341595e-05,1.5058473482e+00,1.5058259711e+00,1.0573862994e-15,-1.6246832188e-15,0.0000e+00
718.778,1.2799287522e-03,4.883379e-05,1.5058473494e+00,1.5058259722e+00,-8.7253422632e-16,-2.2378559175e-16,0.0000e+00
719.803,1.2799330348e-03,4.375755e-05,1.5058473507e+00,1.5058259735e+00,-1.1999172575e-14,-1.1477697882e-15,0.0000e+00
720.828,1.2799378413e-03,3.821805e-05,1.5058473521e+00,1.5058259748e+00,-7.0802150822e-15,-3.8319291066e-15,0.0000e+00
721.854,1.2799433962e-03,3.230169e-05,1.5058473536e+00,1.5058259762e+00,3.8615673010e-16,-3.2141507087e-15,0.0000e+00
722.879,1.2799500357e-03,2.619824e-05,1.5058473551e+00,1.5058259776e+00,-1.5530419054e-14,-6.7992549274e-15,0.0000e+00
723.904,1.2799581250e-03,2.032594e-05,1.5058473566e+00,1.5058259790e+00,-2.2032162156e-15,4.3695724373e-15,0.0000e+00
724.930,1.2799679554e-03,1.566998e-05,1.5058473582e+00,1.5058259804e+00,2.4732594615e-15,-4.7574582912e-15,0.0000e+00
725.955,1.2799796501e-03,1.417734e-05,1.5058473598e+00,1.5058259818e+00,3.4759025245e-15,3.3447032287e-15,0.0000e+00
726.980,1.2799931012e-03,1.704091e-05,1.5058473614e+00,1.5058259832e+00,2.3018606484e-15,-2.9456209357e-15,0.0000e+00
728.006,1.2800079522e-03,2.272338e-05,1.5058473630e+00,1.5058259845e+00,-1.1666607119e-14,2.1934973619e-15,0.0000e+00
729.031,1.2800236296e-03,2.953137e-05,1.5058473646e+00,1.5058259858e+00,7.5653911436e-15,-1.2408485447e-15,0.0000e+00
730.057,1.2800394123e-03,3.662604e-05,1.5058473661e+00,1.5058259870e+00,3.7159584345e-15,1.7354761542e-15,0.0000e+00
731.082,1.2800545272e-03,4.358423e-05,1.5058473675e+00,1.5058259882e+00,-3.6661437658e-15,1.7140610012e-16,0.0000e+00
732.107,1.2800682484e-03,5.014978e-05,1.5058473688e+00,1.5058259894e+00,-7.5238977265e-15,2.1921941593e-16,0.0000e+00
733.133,1.2800799850e-03,5.614545e-05,1.5058473701e+00,1.5058259904e+00,-3.5639577123e-15,-4.6623737606e-15,0.0000e+00
734.158,1.2800893402e-03,6.144186e-05,1.5058473713e+00,1.5058259914e+00,-9.0778033863e-15,7.0640566214e-16,0.0000e+00
735.183,1.2800961370e-03,6.594602e-05,1.5058473723e+00,1.5058259923e+00,-6.1001911979e-15,1.7983598802e-15,0.0000e+00
736.209,1.2801004080e-03,6.959603e-05,1.5058473732e+00,1.5058259932e+00,-5.9363411450e-15,3.7653736716e-15,0.0000e+00
737.234,1.2801023578e-03,7.235726e-05,1.5058473740e+00,1.5058259939e+00,1.5271846373e-15,1.1773288758e-15,0.0000e+00
738.259,1.2801023064e-03,7.421881e-05,1.5058473746e+00,1.5058259945e+00,2.0760213291e-15,-1.0479689782e-15,0.0000e+00
739.285,1.2801006277e-03,7.518995e-05,1.5058473751e+00,1.5058259950e+00,2.0912814745e-15,-5.0329291181e-16,0.0000e+00
740.310,1.2800976919e-03,7.529707e-05,1.5058473754e+00,1.5058259954e+00,1.2730384226e-17,-1.7138588475e-15,0.0000e+00
741.336,1.2800938215e-03,7.458092e-05,1.5058473756e+00,1.5058259957e+00,6.0924076189e-15,3.8705412823e-15,0.0000e+00
742.361,1.2800892641e-03,7.309417e-05,1.5058473757e+00,1.5058259958e+00,-8.4954241919e-15,5.4249619370e-15,0.0000e+00
743.386,1.2800841840e-03,7.089909e-05,1.5058473756e+00,1.5058259958e+00,-9.4756103289e-16,-9.1038372253e-16,0.0000e+00
744.412,1.2800786710e-03,6.806510e-05,1.5058473754e+00,1.5058259957e+00,-7.2855494352e-15,-1.4923021336e-15,0.0000e+00
745.437,1.2800727603e-03,6.466647e-05,1.5058473750e+00,1.5058259954e+00,3.4236575235e-15,3.0018221316e-16,0.0000e+00
746.462,1.2800664606e-03,6.078013e-05,1.5058473745e+00,1.5058259950e+00,-3.6871904542e-16,5.4537203996e-15,0.0000e+00
747.488,1.2800597795e-03,5.648416e-05,1.5058473739e+00,1.5058259946e+00,-1.4504140394e-14,2.6142762251e-15,0.0000e+00
748.513,1.2800527438e-03,5.185688e-05,1.5058473732e+00,1.5058259940e+00,2.9171318215e-15,1.9601499493e-15,0.0000e+00
749.538,1.2800454086e-03,4.697693e-05,1.5058473724e+00,1.5058259933e+00,-8.8817796356e-15,-1.5647539437e-15,0.0000e+00
750.564,1.2800378555e-03,4.192445e-05,1.5058473715e+00,1.5058259925e+00,-3.4595083878e-15,1.1931018574e-16,0.0000e+00
751.589,1.2800301824e-03,3.678389e-05,1.5058473706e+00,1.5058259917e+00,-1.5547766299e-14,7.0819459572e-16,0.0000e+00
752.614,1.2800224915e-03,3.164979e-05,1.5058473695e+00,1.5058259908e+00,-1.4348448961e-14,6.2188960829e-15,0.0000e+00
753.640,1.2800148784e-03,2.663869e-05,1.5058473684e+00,1.5058259898e+00,5.9697436974e-15,4.6453663649e-15,0.0000e+00
754.665,1.2800074266e-03,2.191421e-05,1.5058473673e+00,1.5058259888e+00,1.0814352028e-14,6.8349397573e-15,0.0000e+00
755.691,1.2800002039e-03,1.773846e-05,1.5058473661e+00,1.5058259878e+00,-1.0781369602e-14,6.1566899832e-15,0.0000e+00
756.716,1.2799932607e-03,1.455638e-05,1.5058473649e+00,1.5058259867e+00,-6.8681722525e-15,7.2540652121e-15,0.0000e+00
757.741,1.2799866273e-03,1.300389e-05,1.5058473637e+00,1.5058259856e+00,2.5139305902e-15,3.3107677007e-15,0.0000e+00
758.767,1.2799803145e-03,1.348534e-05,1.5058473625e+00,1.5058259844e+00,-1.9551128607e-14,4.1985666496e-15,0.0000e+00
759.792,1.2799743176e-03,1.563234e-05,1.5058473613e+00,1.5058259833e+00,-1.1689443128e-14,7.3146179034e-15,0.0000e+00
760.817,1.2799686280e-03,1.870357e-05,1.5058473601e+00,1.5058259822e+00,9.0806499686e-17,4.8500366300e-15,0.0000e+00
761.843,1.2799632487e-03,2.215168e-05,1.5058473589e+00,1.5058259811e+00,-7.7998000704e-15,3.2570183780e-15,0.0000e+00
762.868,1.2799582110e-03,2.567476e-05,1.5058473577e+00,1.5058259801e+00,-7.5809267560e-15,4.4589106963e-15,0.0000e+00
763.893,1.2799535863e-03,2.911506e-05,1.5058473566e+00,1.5058259790e+00,-9.8790287849e-15,8.1209661642e-15,0.0000e+00
764.919,1.2799494875e-03,3.238744e-05,1.5058473555e+00,1.5058259780e+00,-7.2415579216e-15,3.4522560842e-15,0.0000e+00
765.944,1.2799460584e-03,3.543036e-05,1.5058473545e+00,1.5058259771e+00,5.1850930419e-15,8.1017757857e-15,0.0000e+00
766.970,1.2799434522e-03,3.820237e-05,1.5058473536e+00,1.5058259762e+00,-1.2244242926e-14,5.1900966414e-15,0.0000e+00
767.995,1.2799418026e-03,4.068814e-05,1.5058473527e+00,1.5058259753e+00,-7.6731240847e-16,7.2381545452e-15,0.0000e+00
769.020,1.2799411935e-03,4.289349e-05,1.5058473518e+00,1.5058259745e+00,-1.1161612845e-14,4.7447877041e-15,0.0000e+00
770.046,1.2799416334e-03,4.483756e-05,1.5058473511e+00,1.5058259737e+00,-2.6058346883e-15,7.7582734324e-15,0.0000e+00
771.071,1.2799430401e-03,4.654538e-05,1.5058473504e+00,1.5058259730e+00,-1.5469473336e-14,3.4854868808e-15,0.0000e+00
772.096,1.2799452390e-03,4.804197e-05,1.5058473498e+00,1.5058259723e+00,-2.9620899681e-15,5.1904761122e-15,0.0000e+00
773.122,1.2799479763e-03,4.934810e-05,1.5058473492e+00,1.5058259717e+00,2.0172982452e-15,4.0993621508e-15,0.0000e+00
774.147,1.2799509452e-03,5.047799e-05,1.5058473487e+00,1.5058259712e+00,4.5830084768e-15,2.6899264316e-15,0.0000e+00
775.172,1.2799538210e-03,5.143879e-05,1.5058473483e+00,1.5058259707e+00,1.3022926079e-14,2.0119748132e-15,0.0000e+00
776.198,1.2799562995e-03,5.223135e-05,1.5058473480e+00,1.5058259703e+00,-4.2326122816e-15,4.8818850688e-15,0.0000e+00
777.223,1.2799581329e-03,5.285204e-05,1.5058473477e+00,1.5058259700e+00,-1.0199207229e-14,6.6836935542e-15,0.0000e+00
778.248,1.2799591566e-03,5.329514e-05,1.5058473475e+00,1.5058259698e+00,-2.0282259763e-15,2.0178566100e-15,0.0000e+00
779.274,1.2799593038e-03,5.355517e-05,1.5058473473e+00,1.5058259696e+00,8.3477378923e-15,2.4494503898e-15,0.0000e+00
780.299,1.2799586070e-03,5.362867e-05,1.5058473472e+00,1.5058259696e+00,4.2672210436e-15,1.8680740798e-15,0.0000e+00
781.325,1.2799571862e-03,5.351476e-05,1.5058473472e+00,1.5058259696e+00,1.2539426122e-14,6.7384186589e-15,0.0000e+00
782.350,1.2799552272e-03,5.321473e-05,1.5058473472e+00,1.5058259696e+00,-1.0680199970e-14,4.1881312037e-15,0.0000e+00
783.375,1.2799529526e-03,5.273077e-05,1.5058473474e+00,1.5058259698e+00,5.7886819521e-15,1.3447025861e-15,0.0000e+00
784.401,1.2799505901e-03,5.206448e-05,1.5058473475e+00,1.5058259700e+00,-1.4002913711e-14,5.1671115553e-15,0.0000e+00
785.426,1.2799483487e-03,5.121566e-05,1.5058473478e+00,1.5058259703e+00,-1.1131011234e-14,4.1822494069e-15,0.0000e+00
786.451,1.2799464055e-03,5.018152e-05,1.5058473481e+00,1.5058259706e+00,1.1276160557e-16,3.3206610455e-15,0.0000e+00
787.477,1.2799449037e-03,4.895621e-05,1.5058473485e+00,1.5058259710e+00,-2.3614148575e-15,1.1297595054e-15,0.0000e+00
788.502,1.2799439518e-03,4.753044e-05,1.5058473489e+00,1.5058259715e+00,-2.4604702790e-15,3.8359010229e-15,0.0000e+00
789.527,1.2799436181e-03,4.589089e-05,1.5058473494e+00,1.5058259720e+00,-3.6785985254e-15,-3.8115969710e-17,0.0000e+00
790.553,1.2799439192e-03,4.401988e-05,1.5058473500e+00,1.5058259726e+00,1.7767164391e-14,-2.2381248080e-15,0.0000e+00
791.578,1.2799448139e-03,4.189568e-05,1.5058473507e+00,1.5058259732e+00,-8.6161229827e-15,1.6088684455e-15,0.0000e+00
792.604,1.2799462148e-03,3.949431e-05,1.5058473514e+00,1.5058259739e+00,8.3075953028e-15,3.6851698159e-15,0.0000e+00
793.629,1.2799480211e-03,3.679312e-05,1.5058473522e+00,1.5058259747e+00,-8.7833069591e-15,7.5646891345e-15,0.0000e+00
794.654,1.2799501664e-03,3.377640e-05,1.5058473530e+00,1.5058259755e+00,1.8749681950e-14,-2.4091848058e-15,0.0000e+00
795.680,1.2799526627e-03,3.044277e-05,1.5058473539e+00,1.5058259763e+00,-1.7763251602e-15,-7.2860617029e-15,0.0000e+00
796.705,1.2799556226e-03,2.681497e-05,1.5058473548e+00,1.5058259772e+00,6.5457808254e-16,3.3788284920e-15,0.0000e+00
797.730,1.2799592467e-03,2.295488e-05,1.5058473558e+00,1.5058259781e+00,1.0103048146e-15,5.4691952256e-16,0.0000e+00
798.756,1.2799637808e-03,1.899280e-05,1.5058473568e+00,1.5058259790e+00,2.7201729550e-15,-4.1312502214e-15,0.0000e+00
799.781,1.2799694510e-03,1.519647e-05,1.5058473578e+00,1.5058259800e+00,-1.1723988516e-14,-3.1123983348e-15,0.0000e+00
800.806,1.2799763980e-03,1.213069e-05,1.5058473589e+00,1.5058259809e+00,1.3031911396e-14,2.7971789715e-16,0.0000e+00
801.832,1.2799846246e-03,1.081799e-05,1.5058473599e+00,1.5058259818e+00,1.4357321446e-14,-6.1827255221e-16,0.0000e+00
802.857,1.2799939707e-03,1.205164e-05,1.5058473610e+00,1.5058259827e+00,-4.2290344249e-15,-1.0967309709e-15,0.0000e+00
803.882,1.2800041198e-03,1.525630e-05,1.5058473620e+00,1.5058259836e+00,5.7809841047e-15,1.7390540213e-15,0.0000e+00
804.908,1.2800146336e-03,1.940052e-05,1.5058473631e+00,1.5058259845e+00,-1.0292177578e-14,-1.9779976018e-15,0.0000e+00
805.933,1.2800250079e-03,2.384935e-05,1.5058473641e+00,1.5058259853e+00,-8.3721635027e-16,-3.8710688050e-15,0.0000e+00
806.959,1.2800347384e-03,2.826615e-05,1.5058473650e+00,1.5058259861e+00,-2.7923581284e-15,-4.2619236882e-15,0.0000e+00
807.984,1.2800433823e-03,3.245403e-05,1.5058473659e+00,1.5058259868e+00,-3.3165969843e-15,-8.5395099945e-16,0.0000e+00
809.009,1.2800506073e-03,3.628267e-05,1.5058473667e+00,1.5058259875e+00,-1.5694593939e-15,-1.1149997775e-15,0.0000e+00
810.035,1.2800562198e-03,3.966250e-05,1.5058473675e+00,1.5058259882e+00,-4.0943494136e-15,2.5501456666e-15,0.0000e+00
811.060,1.2800601703e-03,4.253219e-05,1.5058473682e+00,1.5058259888e+00,-5.9563175673e-15,-5.9957006473e-16,0.0000e+00
812.085,1.2800625371e-03,4.485222e-05,1.5058473688e+00,1.5058259894e+00,4.7698978127e-15,1.3259458885e-15,0.0000e+00
813.111,1.2800634948e-03,4.660100e-05,1.5058473693e+00,1.5058259899e+00,-1.7428260755e-14,-1.3236273806e-15,0.0000e+00
814.136,1.2800632750e-03,4.777195e-05,1.5058473697e+00,1.5058259903e+00,-2.4020860063e-15,-2.2830107779e-15,0.0000e+00
815.161,1.2800621258e-03,4.837106e-05,1.5058473700e+00,1.5058259906e+00,-2.8791078572e-15,5.5144606663e-16,0.0000e+00
816.187,1.2800602768e-03,4.841476e-05,1.5058473702e+00,1.5058259909e+00,-6.2033259284e-15,-2.6799100882e-15,0.0000e+00
817.212,1.2800579143e-03,4.792817e-05,1.5058473704e+00,1.5058259910e+00,6.7507622859e-15,-1.6306463308e-15,0.0000e+00
818.238,1.2800551689e-03,4.694350e-05,1.5058473704e+00,1.5058259911e+00,-1.5234350137e-15,8.5155322798e-16,0.0000e+00
819.263,1.2800521151e-03,4.549862e-05,1.5058473703e+00,1.5058259911e+00,-4.1291929625e-15,3.4846737291e-15,0.0000e+00
820.288,1.2800487812e-03,4.363566e-05,1.5058473702e+00,1.5058259910e+00,-5.8203450637e-15,-8.0564979267e-16,0.0000e+00
821.314,1.2800451667e-03,4.139968e-05,1.5058473699e+00,1.5058259908e+00,-8.7403996698e-15,1.5500504776e-15,0.0000e+00
822.339,1.2800412616e-03,3.883750e-05,1.5058473696e+00,1.5058259906e+00,1.9184325456e-15,9.6618050266e-16,0.0000e+00
823.364,1.2800370632e-03,3.599686e-05,1.5058473692e+00,1.5058259903e+00,-2.6216233940e-15,4.9824448203e-15,0.0000e+00
824.390,1.2800325881e-03,3.292595e-05,1.5058473688e+00,1.5058259899e+00,3.5243803292e-16,-2.9070797084e-16,0.0000e+00
825.415,1.2800278753e-03,2.967361e-05,1.5058473682e+00,1.5058259894e+00,-1.0732512741e-14,3.0622664027e-16,0.0000e+00
826.440,1.2800229834e-03,2.629020e-05,1.5058473677e+00,1.5058259889e+00,-9.9961628597e-16,4.3546917624e-15,0.0000e+00
827.466,1.2800179817e-03,2.282972e-05,1.5058473670e+00,1.5058259884e+00,-9.0627465274e-15,-3.7804566085e-15,0.0000e+00
828.491,1.2800129406e-03,1.935436e-05,1.5058473663e+00,1.5058259878e+00,-5.1589004222e-15,-6.4784416646e-16,0.0000e+00
829.516,1.2800079236e-03,1.594456e-05,1.5058473656e+00,1.5058259871e+00,2.8028840217e-15,-8.0052693740e-16,0.0000e+00
830.542,1.2800029839e-03,1.272316e-05,1.5058473649e+00,1.5058259864e+00,-2.6445271633e-15,5.9539712820e-15,0.0000e+00
831.567,1.2799981643e-03,9.913641e-06,1.5058473641e+00,1.5058259857e+00,6.1676241495e-15,6.0117863629e-15,0.0000e+00
832.593,1.2799935001e-03,7.952583e-06,1.5058473633e+00,1.5058259850e+00,-5.3811076560e-15,5.0785864480e-15,0.0000e+00
833.618,1.2799890204e-03,7.467169e-06,1.5058473625e+00,1.5058259843e+00,-1.4665605197e-14,4.5200325937e-15,0.0000e+00
834.643,1.2799847470e-03,8.608283e-06,1.5058473617e+00,1.5058259835e+00,-3.5854384646e-15,1.0700741758e-15,0.0000e+00
835.669,1.2799806927e-03,1.076742e-05,1.5058473608e+00,1.5058259828e+00,1.1399536602e-14,2.4998115807e-15,0.0000e+00
836.694,1.2799768594e-03,1.335679e-05,1.5058473600e+00,1.5058259821e+00,-1.5952498507e-15,1.9452671145e-16,0.0000e+00
837.719,1.2799732422e-03,1.606941e-05,1.5058473593e+00,1.5058259813e+00,4.4441221689e-15,-1.2072924875e-15,0.0000e+00
838.745,1.2799698377e-03,1.875726e-05,1.5058473585e+00,1.5058259806e+00,3.0387386559e-15,1.3096286459e-15,0.0000e+00
839.770,1.2799666553e-03,2.133755e-05,1.5058473578e+00,1.5058259800e+00,-4.8250068056e-15,3.3914865524e-15,0.0000e+00
840.795,1.2799637290e-03,2.375024e-05,1.5058473570e+00,1.5058259793e+00,-4.8688492303e-15,1.0292894166e-14,0.0000e+00
841.821,1.2799611220e-03,2.595630e-05,1.5058473564e+00,1.5058259787e+00,-1.1113433615e-14,3.9370570856e-15,0.0000e+00
842.846,1.2799589246e-03,2.793580e-05,1.5058473557e+00,1.5058259781e+00,-1.4134115735e-14,1.0549224505e-15,0.0000e+00
843.872,1.2799572409e-03,2.968336e-05,1.5058473552e+00,1.5058259775e+00,-4.3420624980e-15,5.7391637266e-15,0.0000e+00
844.897,1.2799561699e-03,3.120400e-05,1.5058473546e+00,1.5058259770e+00,3.9826586233e-15,5.1723699359e-15,0.0000e+00
845.922,1.2799557820e-03,3.250990e-05,1.5058473541e+00,1.5058259765e+00,-1.1325042772e-14,3.6818629993e-15,0.0000e+00
846.948,1.2799560990e-03,3.361758e-05,1.5058473537e+00,1.5058259760e+00,7.5153337128e-17,5.1065859691e-15,0.0000e+00
847.973,1.2799570799e-03,3.454555e-05,1.5058473533e+00,1.5058259756e+00,-7.5350238279e-16,5.3329673827e-15,0.0000e+00
848.998,1.2799586185e-03,3.531204e-05,1.5058473529e+00,1.5058259753e+00,-2.7253674613e-16,6.5097333156e-15,0.0000e+00
850.024,1.2799605508e-03,3.593310e-05,1.5058473526e+00,1.5058259749e+00,1.0137701464e-14,6.4292562494e-16,0.0000e+00
851.049,1.2799626742e-03,3.642108e-05,1.5058473524e+00,1.5058259747e+00,1.4336451084e-15,6.3089119682e-15,0.0000e+00
852.074,1.2799647724e-03,3.678391e-05,1.5058473522e+00,1.5058259744e+00,-2.6204443122e-15,6.1970765141e-15,0.0000e+00
853.100,1.2799666430e-03,3.702534e-05,1.5058473520e+00,1.5058259742e+00,-7.1323652053e-15,7.4836721272e-15,0.0000e+00
854.125,1.2799681218e-03,3.714610e-05,1.5058473519e+00,1.5058259741e+00,-1.7854460086e-15,5.2919845406e-15,0.0000e+00
855.151,1.2799691015e-03,3.714545e-05,1.5058473519e+00,1.5058259740e+00,4.6752198697e-15,-9.8519367243e-16,0.0000e+00
856.176,1.2799695402e-03,3.702266e-05,1.5058473519e+00,1.5058259740e+00,-1.4285131007e-15,4.2636187800e-15,0.0000e+00
857.201,1.2799694604e-03,3.677800e-05,1.5058473519e+00,1.5058259740e+00,-1.0389186558e-14,2.1244099234e-17,0.0000e+00
858.227,1.2799689376e-03,3.641302e-05,1.5058473520e+00,1.5058259741e+00,5.1865973770e-15,3.3252689047e-15,0.0000e+00
859.252,1.2799680844e-03,3.593026e-05,1.5058473521e+00,1.5058259742e+00,-1.2010638012e-14,4.8411190671e-15,0.0000e+00
860.277,1.2799670329e-03,3.533266e-05,1.5058473522e+00,1.5058259744e+00,1.7728513115e-15,-7.8561915753e-16,0.0000e+00
861.303,1.2799659214e-03,3.462273e-05,1.5058473524e+00,1.5058259746e+00,-7.0503995209e-15,1.6029595436e-15,0.0000e+00
862.328,1.2799648833e-03,3.380184e-05,1.5058473527e+00,1.5058259749e+00,-4.0685047336e-15,5.7489486512e-15,0.0000e+00
863.353,1.2799640354e-03,3.286926e-05,1.5058473529e+00,1.5058259752e+00,-1.0087263359e-14,4.2558667344e-15,0.0000e+00
864.379,1.2799634640e-03,3.182129e-05,1.5058473533e+00,1.5058259755e+00,-3.8907904456e-15,9.0090937187e-17,0.0000e+00
865.404,1.2799632126e-03,3.065048e-05,1.5058473536e+00,1.5058259759e+00,-9.9528493954e-15,5.9078113745e-15,0.0000e+00
866.429,1.2799632784e-03,2.934544e-05,1.5058473540e+00,1.5058259763e+00,-9.8841380831e-15,7.3783689912e-15,0.0000e+00
867.455,1.2799636252e-03,2.789159e-05,1.5058473545e+00,1.5058259767e+00,3.0498652857e-15,5.3076491019e-16,0.0000e+00
868.480,1.2799642105e-03,2.627339e-05,1.5058473550e+00,1.5058259772e+00,8.7139813798e-15,-1.5959247562e-15,0.0000e+00
869.506,1.2799650185e-03,2.447784e-05,1.5058473555e+00,1.5058259777e+00,-1.0201348535e-14,-2.7575931739e-15,0.0000e+00
870.531,1.2799660877e-03,2.249915e-05,1.5058473560e+00,1.5058259783e+00,-2.5954941127e-15,4.8084303716e-15,0.0000e+00
871.556,1.2799675187e-03,2.034440e-05,1.5058473566e+00,1.5058259788e+00,-1.1921597913e-14,-2.9482772310e-15,0.0000e+00
872.582,1.2799694610e-03,1.804069e-05,1.5058473572e+00,1.5058259794e+00,-8.1915223117e-15,2.7843062308e-15,0.0000e+00
873.607,1.2799720793e-03,1.564586e-05,1.5058473579e+00,1.5058259800e+00,-9.8622778600e-15,1.4950814275e-15,0.0000e+00
874.632,1.2799755115e-03,1.326788e-05,1.5058473585e+00,1.5058259806e+00,1.1217485508e-14,-2.3410698043e-15,0.0000e+00
875.658,1.2799798273e-03,1.110183e-05,1.5058473592e+00,1.5058259812e+00,7.1255303261e-15,1.5910062147e-15,0.0000e+00
876.683,1.2799850012e-03,9.483116e-06,1.5058473599e+00,1.5058259818e+00,4.2363348239e-15,5.0761198880e-15,0.0000e+00
877.708,1.2799909024e-03,8.864509e-06,1.5058473606e+00,1.5058259824e+00,9.3033134896e-16,2.8939732805e-15,0.0000e+00
878.734,1.2799973057e-03,9.505822e-06,1.5058473612e+00,1.5058259829e+00,6.1087248698e-15,8.6494312481e-16,0.0000e+00
879.759,1.2800039187e-03,1.117401e-05,1.5058473619e+00,1.5058259835e+00,2.8831827487e-15,2.7264369398e-15,0.0000e+00
880.785,1.2800104201e-03,1.341757e-05,1.5058473625e+00,1.5058259840e+00,-1.3854431775e-15,1.6688519307e-15,0.0000e+00
881.810,1.2800165001e-03,1.588552e-05,1.5058473632e+00,1.5058259845e+00,-1.3285903721e-14,5.6937898657e-15,0.0000e+00
882.835,1.2800218969e-03,1.836074e-05,1.5058473637e+00,1.5058259850e+00,1.1347305616e-15,-4.5453091911e-16,0.0000e+00
883.861,1.2800264228e-03,2.070995e-05,1.5058473643e+00,1.5058259855e+00,5.7591103249e-15,-1.7262187523e-15,0.0000e+00
884.886,1.2800299774e-03,2.284795e-05,1.5058473648e+00,1.5058259859e+00,-2.7576772109e-15,-5.7418054436e-15,0.0000e+00
885.911,1.2800325461e-03,2.471890e-05,1.5058473653e+00,1.5058259864e+00,-6.7368347095e-15,6.6264205744e-15,0.0000e+00
886.937,1.2800341876e-03,2.628711e-05,1.5058473657e+00,1.5058259867e+00,-5.6372233139e-15,5.8230267646e-15,0.0000e+00
887.962,1.2800350137e-03,2.753099e-05,1.5058473660e+00,1.5058259871e+00,-4.4447364496e-15,4.6580244252e-15,0.0000e+00
888.987,1.2800351647e-03,2.843980e-05,1.5058473663e+00,1.5058259874e+00,9.8258307001e-15,3.8187684686e-16,0.0000e+00
890.013,1.2800347868e-03,2.901106e-05,1.5058473666e+00,1.5058259876e+00,-8.3044555263e-15,7.4822876094e-16,0.0000e+00
891.038,1.2800340117e-03,2.924888e-05,1.5058473667e+00,1.5058259878e+00,-1.2827557255e-14,-1.6705720758e-15,0.0000e+00
892.063,1.2800329434e-03,2.916287e-05,1.5058473669e+00,1.5058259879e+00,-3.1130244741e-15,-5.4565811170e-16,0.0000e+00
893.089,1.2800316514e-03,2.876729e-05,1.5058473669e+00,1.5058259880e+00,-3.6751155380e-15,-1.7272182944e-17,0.0000e+00
894.114,1.2800301714e-03,2.808016e-05,1.5058473669e+00,1.5058259881e+00,-1.1037403506e-15,-3.9736885407e-15,0.0000e+00
895.140,1.2800285115e-03,2.712244e-05,1.5058473669e+00,1.5058259880e+00,-9.9296474781e-15,1.7391624415e-15,0.0000e+00
896.165,1.2800266623e-03,2.591720e-05,1.5058473668e+00,1.5058259879e+00,3.1121933497e-15,2.7584480089e-15,0.0000e+00
897.190,1.2800246090e-03,2.448899e-05,1.5058473666e+00,1.5058259878e+00,9.4954200877e-15,3.7331457620e-15,0.0000e+00
898.216,1.2800223414e-03,2.286338e-05,1.5058473664e+00,1.5058259876e+00,-3.1916291316e-15,1.9257807405e-15,0.0000e+00
899.241,1.2800198609e-03,2.106682e-05,1.5058473661e+00,1.5058259874e+00,-2.6036256358e-15,6.5311712536e-16,0.0000e+00
900.266,1.2800171835e-03,1.912678e-05,1.5058473658e+00,1.5058259872e+00,-1.2491183092e-15,8.7150818496e-15,0.0000e+00
901.292,1.2800143380e-03,1.707233e-05,1.5058473655e+00,1.5058259869e+00,1.0411367636e-14,2.6433057382e-15,0.0000e+00
902.317,1.2800113625e-03,1.493539e-05,1.5058473651e+00,1.5058259865e+00,2.1115967177e-15,1.3362458092e-15,0.0000e+00
903.342,1.2800082991e-03,1.275331e-05,1.5058473647e+00,1.5058259862e+00,-2.9438342818e-16,-4.2781325107e-15,0.0000e+00
904.368,1.2800051892e-03,1.057472e-05,1.5058473642e+00,1.5058259858e+00,6.3122702727e-15,1.1549401009e-15,0.0000e+00
905.393,1.2800020703e-03,8.473546e-06,1.5058473638e+00,1.5058259854e+00,-1.0439059421e-15,7.5725258401e-17,0.0000e+00
906.419,1.2799989748e-03,6.584883e-06,1.5058473633e+00,1.5058259850e+00,-9.2006705937e-15,3.2656377852e-15,0.0000e+00
907.444,1.2799959295e-03,5.185086e-06,1.5058473628e+00,1.5058259845e+00,-5.7879816252e-15,2.3798988204e-15,0.0000e+00
908.469,1.2799929570e-03,4.730992e-06,1.5058473623e+00,1.5058259840e+00,-6.7503465783e-15,-1.3276681937e-16,0.0000e+00
909.495,1.2799900766e-03,5.433757e-06,1.5058473618e+00,1.5058259836e+00,1.0400430748e-14,-1.8367260587e-15,0.0000e+00
910.520,1.2799873062e-03,6.906204e-06,1.5058473613e+00,1.5058259831e+00,-4.0615387425e-15,5.4182398835e-15,0.0000e+00
911.545,1.2799846611e-03,8.718586e-06,1.5058473607e+00,1.5058259826e+00,-4.8947752168e-15,5.8463371113e-15,0.0000e+00
912.571,1.2799821536e-03,1.064276e-05,1.5058473602e+00,1.5058259822e+00,-9.4963731820e-15,2.1961807623e-15,0.0000e+00
913.596,1.2799797914e-03,1.256437e-05,1.5058473597e+00,1.5058259817e+00,-5.2386299352e-15,1.1757025725e-15,0.0000e+00
914.621,1.2799775776e-03,1.442254e-05,1.5058473592e+00,1.5058259813e+00,-2.5486023721e-15,4.7245402285e-15,0.0000e+00
915.647,1.2799755129e-03,1.618179e-05,1.5058473588e+00,1.5058259808e+00,-6.9237105035e-15,3.6821882599e-15,0.0000e+00
916.672,1.2799736011e-03,1.781939e-05,1.5058473583e+00,1.5058259804e+00,6.2073741913e-16,-1.1899994628e-15,0.0000e+00
917.697,1.2799718548e-03,1.931981e-05,1.5058473579e+00,1.5058259800e+00,-8.3514150285e-15,3.5635494372e-15,0.0000e+00
918.723,1.2799702999e-03,2.067236e-05,1.5058473575e+00,1.5058259797e+00,-8.2635675472e-15,2.8995298166e-15,0.0000e+00
919.748,1.2799689767e-03,2.187028e-05,1.5058473572e+00,1.5058259793e+00,-3.5669257084e-15,3.9922971863e-15,0.0000e+00
920.774,1.2799679356e-03,2.291043e-05,1.5058473568e+00,1.5058259790e+00,-3.5391565799e-15,3.5287194424e-15,0.0000e+00
921.799,1.2799672288e-03,2.379322e-05,1.5058473565e+00,1.5058259787e+00,-5.9054549261e-15,6.3860800579e-15,0.0000e+00
922.824,1.2799668989e-03,2.452229e-05,1.5058473563e+00,1.5058259785e+00,5.5054612315e-15,-4.1672999436e-15,0.0000e+00
923.850,1.2799669675e-03,2.510402e-05,1.5058473560e+00,1.5058259782e+00,-2.2091115638e-15,1.2911429988e-15,0.0000e+00
924.875,1.2799674270e-03,2.554684e-05,1.5058473558e+00,1.5058259780e+00,-3.2432371483e-15,2.1101222149e-15,0.0000e+00
925.900,1.2799682372e-03,2.586040e-05,1.5058473557e+00,1.5058259779e+00,-5.1763831740e-15,6.0602773050e-15,0.0000e+00
926.926,1.2799693274e-03,2.605473e-05,1.5058473556e+00,1.5058259777e+00,-9.4125643496e-15,-4.4951897856e-15,0.0000e+00
927.951,1.2799706038e-03,2.613950e-05,1.5058473555e+00,1.5058259776e+00,2.2446283313e-15,4.1411852496e-15,0.0000e+00
928.976,1.2799719614e-03,2.612353e-05,1.5058473554e+00,1.5058259775e+00,-4.7335679012e-15,-6.8947752988e-16,0.0000e+00
930.002,1.2799732962e-03,2.601438e-05,1.5058473554e+00,1.5058259775e+00,-7.5203871047e-16,3.8237579586e-15,0.0000e+00
931.027,1.2799745162e-03,2.581832e-05,1.5058473554e+00,1.5058259775e+00,-4.5639444710e-15,-1.4787767115e-15,0.0000e+00
932.053,1.2799755509e-03,2.554040e-05,1.5058473554e+00,1.5058259775e+00,-1.0945422933e-14,2.0637725720e-15,0.0000e+00
933.078,1.2799763572e-03,2.518476e-05,1.5058473555e+00,1.5058259775e+00,-6.2899536720e-15,-5.1146758019e-15,0.0000e+00
934.103,1.2799769230e-03,2.475486e-05,1.5058473556e+00,1.5058259776e+00,7.4767982808e-15,1.9653541198e-15,0.0000e+00
935.129,1.2799772661e-03,2.425372e-05,1.5058473557e+00,1.5058259778e+00,-3.8133784121e-15,-1.7836001522e-15,0.0000e+00
936.154,1.2799774275e-03,2.368396e-05,1.5058473559e+00,1.5058259779e+00,-3.9884770630e-15,-3.3012934583e-15,0.0000e+00
937.179,1.2799774590e-03,2.304769e-05,1.5058473561e+00,1.5058259781e+00,-6.2996437292e-15,-2.0734616031e-15,0.0000e+00
938.205,1.2799774098e-03,2.234626e-05,1.5058473563e+00,1.5058259783e+00,2.1282256757e-15,-5.7249732048e-15,0.0000e+00
939.230,1.2799773173e-03,2.157985e-05,1.5058473565e+00,1.5058259785e+00,-1.1414434737e-15,-2.4132505639e-15,0.0000e+00
940.255,1.2799772070e-03,2.074726e-05,1.5058473567e+00,1.5058259788e+00,1.6463655722e-15,-5.4530574600e-16,0.0000e+00
941.281,1.2799771016e-03,1.984598e-05,1.5058473570e+00,1.5058259790e+00,-7.1482081127e-15,-2.4362627550e-15,0.0000e+00
942.306,1.2799770349e-03,1.887270e-05,1.5058473573e+00,1.5058259793e+00,-1.1663517138e-14,-2.8578005597e-15,0.0000e+00
943.331,1.2799770642e-03,1.782463e-05,1.5058473576e+00,1.5058259796e+00,-1.0773617548e-14,1.2648510961e-15,0.0000e+00
944.357,1.2799772742e-03,1.670134e-05,1.5058473579e+00,1.5058259800e+00,-1.4913561734e-15,2.7986448045e-15,0.0000e+00
945.382,1.2799777703e-03,1.550717e-05,1.5058473583e+00,1.5058259803e+00,2.4386327561e-15,-2.0274372208e-15,0.0000e+00
946.408,1.2799786621e-03,1.425406e-05,1.5058473587e+00,1.5058259807e+00,-3.6520220259e-15,2.8129020631e-15,0.0000e+00
947.433,1.2799800415e-03,1.296493e-05,1.5058473590e+00,1.5058259810e+00,-6.0947972835e-15,-1.4161640360e-15,0.0000e+00
948.458,1.2799819619e-03,1.167768e-05,1.5058473594e+00,1.5058259814e+00,-9.2969879165e-16,-7.8011683150e-16,0.0000e+00
949.484,1.2799844222e-03,1.045001e-05,1.5058473598e+00,1.5058259817e+00,-8.7913707174e-15,2.4504261717e-15,0.0000e+00
950.509,1.2799873620e-03,9.363760e-06,1.5058473602e+00,1.5058259821e+00,-2.7707960539e-15,2.3740983388e-15,0.0000e+00
951.534,1.2799906656e-03,8.523828e-06,1.5058473606e+00,1.5058259824e+00,1.0136658390e-15,-2.3750074923e-16,0.0000e+00
952.560,1.2799941771e-03,8.039842e-06,1.5058473610e+00,1.5058259828e+00,8.2380301747e-15,3.6812395830e-15,0.0000e+00
953.585,1.2799977209e-03,7.982420e-06,1.5058473614e+00,1.5058259831e+00,5.9585899744e-15,1.4176693923e-15,0.0000e+00
954.610,1.2800011248e-03,8.339174e-06,1.5058473618e+00,1.5058259834e+00,-1.4434615454e-15,-2.6443211519e-15,0.0000e+00
955.636,1.2800042411e-03,9.019086e-06,1.5058473622e+00,1.5058259838e+00,1.5270666908e-14,6.5357270627e-15,0.0000e+00
956.661,1.2800069616e-03,9.900984e-06,1.5058473626e+00,1.5058259841e+00,2.0339407395e-15,-1.3078793440e-15,0.0000e+00
957.687,1.2800092258e-03,1.087541e-05,1.5058473629e+00,1.5058259844e+00,1.6549443174e-15,-5.0965154155e-15,0.0000e+00
958.712,1.2800110197e-03,1.185910e-05,1.5058473632e+00,1.5058259847e+00,1.8264922059e-15,7.3506134156e-15,0.0000e+00
959.737,1.2800123690e-03,1.279323e-05,1.5058473635e+00,1.5058259849e+00,-1.0624770146e-14,-2.3759269041e-15,0.0000e+00
960.763,1.2800133269e-03,1.363747e-05,1.5058473638e+00,1.5058259852e+00,-5.9082060930e-15,4.6896538636e-16,0.0000e+00
961.788,1.2800139602e-03,1.436462e-05,1.5058473640e+00,1.5058259854e+00,-1.3496266048e-14,-3.1068655589e-17,0.0000e+00
962.813,1.2800143371e-03,1.495685e-05,1.5058473642e+00,1.5058259856e+00,-2.5396979096e-16,-4.3902682804e-16,0.0000e+00
963.839,1.2800145164e-03,1.540315e-05,1.5058473644e+00,1.5058259858e+00,-4.2922434129e-15,3.7363170534e-15,0.0000e+00
964.864,1.2800145413e-03,1.569763e-05,1.5058473645e+00,1.5058259859e+00,-8.4327166419e-15,-9.5754651703e-16,0.0000e+00
965.889,1.2800144374e-03,1.583838e-05,1.5058473646e+00,1.5058259860e+00,-5.4408065370e-15,-6.6555439295e-15,0.0000e+00
966.915,1.2800142137e-03,1.582664e-05,1.5058473647e+00,1.5058259861e+00,-3.3616049258e-15,1.9297651835e-15,0.0000e+00
967.940,1.2800138674e-03,1.566612e-05,1.5058473648e+00,1.5058259862e+00,-3.1171715461e-15,2.2948702650e-15,0.0000e+00
968.965,1.2800133887e-03,1.536253e-05,1.5058473648e+00,1.5058259862e+00,2.4583516785e-15,2.9760473850e-15,0.0000e+00
969.991,1.2800127667e-03,1.492323e-05,1.5058473648e+00,1.5058259862e+00,-1.0051850614e-14,6.7528905979e-16,0.0000e+00
971.016,1.2800119937e-03,1.435698e-05,1.5058473647e+00,1.5058259861e+00,-8.1092178189e-15,1.4815560054e-15,0.0000e+00
972.042,1.2800110675e-03,1.367397e-05,1.5058473646e+00,1.5058259861e+00,3.3672112547e-15,-1.1785611299e-15,0.0000e+00
973.067,1.2800099920e-03,1.288588e-05,1.5058473645e+00,1.5058259860e+00,-2.7367516575e-16,-1.8189451431e-15,0.0000e+00
974.092,1.2800087762e-03,1.200623e-05,1.5058473644e+00,1.5058259858e+00,-1.0136431484e-15,7.4840244929e-15,0.0000e+00
975.118,1.2800074325e-03,1.105108e-05,1.5058473642e+00,1.5058259857e+00,-3.3403274579e-15,2.2419611990e-15,0.0000e+00
976.143,1.2800059751e-03,1.003998e-05,1.5058473640e+00,1.5058259855e+00,9.6344017084e-16,2.9614919708e-15,0.0000e+00
977.168,1.2800044187e-03,8.997918e-06,1.5058473638e+00,1.5058259853e+00,-5.1982976157e-15,-2.9124985593e-15,0.0000e+00
978.194,1.2800027791e-03,7.958404e-06,1.5058473635e+00,1.5058259851e+00,-1.2982178035e-14,3.8974566012e-15,0.0000e+00
979.219,1.2800010723e-03,6.968810e-06,1.5058473633e+00,1.5058259849e+00,-4.0861907896e-15,2.0466150726e-15,0.0000e+00
980.244,1.2799993156e-03,6.098091e-06,1.5058473630e+00,1.5058259847e+00,3.1252584448e-16,9.2012381038e-15,0.0000e+00
981.270,1.2799975274e-03,5.443022e-06,1.5058473627e+00,1.5058259844e+00,-2.9854138761e-15,4.1799725823e-15,0.0000e+00
982.295,1.2799957262e-03,5.116587e-06,1.5058473624e+00,1.5058259842e+00,-9.4540350876e-15,5.1775448412e-16,0.0000e+00
983.321,1.2799939298e-03,5.196884e-06,1.5058473621e+00,1.5058259839e+00,-8.0237420290e-15,4.5407137502e-15,0.0000e+00
984.346,1.2799921542e-03,5.668859e-06,1.5058473618e+00,1.5058259836e+00,-2.2318662608e-15,5.1943499749e-16,0.0000e+00
985.371,1.2799904130e-03,6.438442e-06,1.5058473615e+00,1.5058259833e+00,1.6818867416e-15,-2.2927685975e-15,0.0000e+00
986.397,1.2799887171e-03,7.397174e-06,1.5058473612e+00,1.5058259831e+00,-2.9471686438e-15,1.6174878527e-15,0.0000e+00
987.422,1.2799870759e-03,8.459670e-06,1.5058473609e+00,1.5058259828e+00,-1.0451121148e-15,5.6641640413e-15,0.0000e+00
988.447,1.2799854988e-03,9.566905e-06,1.5058473606e+00,1.5058259825e+00,9.1492212528e-16,4.2018192561e-15,0.0000e+00
989.473,1.2799839966e-03,1.067881e-05,1.5058473603e+00,1.5058259822e+00,-1.0385662438e-15,1.4652116576e-15,0.0000e+00
990.498,1.2799825827e-03,1.176745e-05,1.5058473600e+00,1.5058259820e+00,-7.9622406596e-15,6.0751037697e-15,0.0000e+00
991.523,1.2799812731e-03,1.281269e-05,1.5058473598e+00,1.5058259817e+00,-5.4184177596e-15,2.8263461700e-15,0.0000e+00
992.549,1.2799800857e-03,1.379952e-05,1.5058473595e+00,1.5058259815e+00,-6.5959290814e-15,2.4620000299e-15,0.0000e+00
993.574,1.2799790377e-03,1.471662e-05,1.5058473593e+00,1.5058259813e+00,-3.1392350573e-15,-9.7427033554e-16,0.0000e+00
994.600,1.2799781434e-03,1.555535e-05,1.5058473591e+00,1.5058259811e+00,-2.7025184220e-15,4.6454726251e-16,0.0000e+00
995.625,1.2799774119e-03,1.630917e-05,1.5058473589e+00,1.5058259809e+00,-5.7612153808e-15,4.4403437341e-15,0.0000e+00
996.650,1.2799768446e-03,1.697323e-05,1.5058473587e+00,1.5058259807e+00,-1.2351727540e-15,7.4885510370e-15,0.0000e+00
997.676,1.2799764359e-03,1.754411e-05,1.5058473585e+00,1.5058259806e+00,-1.0394702442e-14,-5.2505827043e-16,0.0000e+00
998.701,1.2799761736e-03,1.801953e-05,1.5058473584e+00,1.5058259804e+00,-2.7746178657e-15,3.3613186270e-15,0.0000e+00
999.726,1.2799760414e-03,1.839831e-05,1.5058473583e+00,1.5058259803e+00,3.1372655304e-15,-8.7040376742e-16,0.0000e+00
1000.752,1.2799760221e-03,1.868025e-05,1.5058473582e+00,1.5058259802e+00,-5.4056783824e-15,-1.5596039834e-15,0.0000e+00
1001.777,1.2799761002e-03,1.886606e-05,1.5058473581e+00,1.5058259802e+00,-8.0199744233e-15,4.1141344054e-15,0.0000e+00
1002.802,1.2799762647e-03,1.895736e-05,1.5058473581e+00,1.5058259801e+00,-7.5031754149e-16,2.0746959089e-15,0.0000e+00
1003.828,1.2799765096e-03,1.895659e-05,1.5058473580e+00,1.5058259801e+00,-1.2151882455e-14,-3.2508780573e-15,0.0000e+00
1004.853,1.2799768342e-03,1.886702e-05,1.5058473580e+00,1.5058259801e+00,6.8337444179e-15,-1.5217111175e-15,0.0000e+00
1005.878,1.2799772416e-03,1.869263e-05,1.5058473581e+00,1.5058259801e+00,-4.8273242856e-15,-5.5639171321e-16,0.0000e+00
1006.904,1.2799777362e-03,1.843807e-05,1.5058473581e+00,1.5058259801e+00,-5.9211351998e-15,-3.1488546329e-15,0.0000e+00
1007.929,1.2799783216e-03,1.810858e-05,1.5058473582e+00,1.5058259802e+00,-2.1078741864e-15,6.5308210479e-15,0.0000e+00
1008.955,1.2799789984e-03,1.770990e-05,1.5058473583e+00,1.5058259803e+00,-6.0256929468e-15,1.9148031935e-15,0.0000e+00
1009.980,1.2799797629e-03,1.724825e-05,1.5058473584e+00,1.5058259804e+00,1.1896507778e-14,1.1583011276e-15,0.0000e+00
1011.005,1.2799806071e-03,1.673027e-05,1.5058473585e+00,1.5058259805e+00,-3.7580027880e-15,4.1589390602e-15,0.0000e+00
1012.031,1.2799815188e-03,1.616305e-05,1.5058473587e+00,1.5058259806e+00,8.9230562144e-15,6.9298866025e-16,0.0000e+00
1013.056,1.2799824840e-03,1.555407e-05,1.5058473588e+00,1.5058259807e+00,-5.2932466168e-15,4.7119634833e-15,0.0000e+00
1014.081,1.2799834880e-03,1.491127e-05,1.5058473590e+00,1.5058259809e+00,-3.3253383586e-15,6.6121904209e-15,0.0000e+00
1015.107,1.2799845174e-03,1.424304e-05,1.5058473592e+00,1.5058259811e+00,-7.8761278999e-15,4.8286507421e-15,0.0000e+00
1016.132,1.2799855613e-03,1.355824e-05,1.5058473594e+00,1.5058259812e+00,-2.1229988071e-15,5.0522945453e-15,0.0000e+00
1017.157,1.2799866115e-03,1.286619e-05,1.5058473596e+00,1.5058259814e+00,-1.5206702904e-15,-5.0088056198e-16,0.0000e+00
1018.183,1.2799876625e-03,1.217665e-05,1.5058473598e+00,1.5058259816e+00,-8.8841779362e-16,1.2969434804e-15,0.0000e+00
1019.208,1.2799887099e-03,1.149975e-05,1.5058473600e+00,1.5058259818e+00,-1.2295335956e-14,2.1624078646e-15,0.0000e+00
1020.234,1.2799897496e-03,1.084588e-05,1.5058473602e+00,1.5058259820e+00,-5.1980260781e-16,1.7587593958e-15,0.0000e+00
1021.259,1.2799907769e-03,1.022563e-05,1.5058473605e+00,1.5058259823e+00,-1.8822517154e-15,5.2440628045e-15,0.0000e+00
1022.284,1.2799917851e-03,9.649487e-06,1.5058473607e+00,1.5058259825e+00,6.5824534581e-15,-3.5895849760e-16,0.0000e+00
1023.310,1.2799927665e-03,9.127569e-06,1.5058473609e+00,1.5058259827e+00,3.0954017732e-15,2.2247494895e-15,0.0000e+00
1024.335,1.2799937124e-03,8.669128e-06,1.5058473611e+00,1.5058259829e+00,-1.7141461691e-15,1.4944851163e-15,0.0000e+00
1025.360,1.2799946144e-03,8.281906e-06,1.5058473614e+00,1.5058259831e+00,-6.6432409536e-15,-2.4776792780e-15,0.0000e+00
1026.386,1.2799954658e-03,7.971352e-06,1.5058473616e+00,1.5058259833e+00,3.4250805483e-15,1.3685008238e-15,0.0000e+00
1027.411,1.2799962626e-03,7.739843e-06,1.5058473618e+00,1.5058259835e+00,-1.6919200251e-15,-1.1480679438e-15,0.0000e+00
1028.436,1.2799970042e-03,7.586101e-06,1.5058473620e+00,1.5058259837e+00,-4.5762908274e-15,-2.0654677721e-16,0.0000e+00
1029.462,1.2799976932e-03,7.505033e-06,1.5058473622e+00,1.5058259839e+00,1.2542638530e-15,-3.1064894330e-15,0.0000e+00
1030.487,1.2799983346e-03,7.488085e-06,1.5058473624e+00,1.5058259841e+00,-1.3503150261e-15,1.9457842706e-15,0.0000e+00
1031.512,1.2799989349e-03,7.524061e-06,1.5058473626e+00,1.5058259843e+00,-8.0397475628e-15,1.2845835757e-15,0.0000e+00
1032.538,1.2799995002e-03,7.600181e-06,1.5058473628e+00,1.5058259844e+00,-1.6682844186e-15,-1.0694361812e-15,0.0000e+00
1033.563,1.2800000352e-03,7.703138e-06,1.5058473629e+00,1.5058259846e+00,-8.5463545807e-15,4.1952360728e-17,0.0000e+00
1034.589,1.2800005418e-03,7.819962e-06,1.5058473631e+00,1.5058259847e+00,-4.1406177377e-15,2.6179625124e-15,0.0000e+00
1035.614,1.2800010184e-03,7.938617e-06,1.5058473632e+00,1.5058259848e+00,-5.4123733336e-15,6.5084030080e-16,0.0000e+00
1036.639,1.2800014602e-03,8.048350e-06,1.5058473633e+00,1.5058259849e+00,-1.1273217450e-15,-5.1920357870e-16,0.0000e+00
1037.665,1.2800018595e-03,8.139851e-06,1.5058473634e+00,1.5058259850e+00,-1.6910662172e-15,-5.0876249577e-15,0.0000e+00
1038.690,1.2800022066e-03,8.205304e-06,1.5058473635e+00,1.5058259851e+00,-1.1508082748e-15,3.7707133673e-15,0.0000e+00
1039.715,1.2800024905e-03,8.238377e-06,1.5058473636e+00,1.5058259852e+00,9.7966254657e-16,3.8217250795e-15,0.0000e+00
1040.741,1.2800027004e-03,8.234219e-06,1.5058473636e+00,1.5058259852e+00,-8.7958023962e-15,-3.8573410739e-19,0.0000e+00
1041.766,1.2800028264e-03,8.189455e-06,1.5058473636e+00,1.5058259852e+00,-4.1824137320e-15,2.7285782391e-15,0.0000e+00
1042.791,1.2800028601e-03,8.102234e-06,1.5058473637e+00,1.5058259853e+00,4.0922579059e-15,-4.1877935247e-16,0.0000e+00
1043.817,1.2800027952e-03,7.972306e-06,1.5058473637e+00,1.5058259853e+00,-8.5417056060e-16,2.4839822290e-15,0.0000e+00
1044.842,1.2800026277e-03,7.801142e-06,1.5058473636e+00,1.5058259852e+00,-1.1790517416e-15,1.5232414189e-16,0.0000e+00
1045.868,1.2800023563e-03,7.592101e-06,1.5058473636e+00,1.5058259852e+00,-1.8344112973e-15,1.8832258052e-15,0.0000e+00
1046.893,1.2800019820e-03,7.350641e-06,1.5058473636e+00,1.5058259852e+00,-3.7097015848e-15,-6.3006325083e-16,0.0000e+00
1047.918,1.2800015083e-03,7.084582e-06,1.5058473635e+00,1.5058259851e+00,-1.8382331098e-15,4.7077079898e-15,0.0000e+00
1048.944,1.2800009409e-03,6.804385e-06,1.5058473634e+00,1.5058259851e+00,3.8276719183e-15,1.1695768302e-15,0.0000e+00
1049.969,1.2800002874e-03,6.523422e-06,1.5058473633e+00,1.5058259850e+00,1.0253210107e-15,-5.2286525553e-15,0.0000e+00
1050.994,1.2799995568e-03,6.258092e-06,1.5058473632e+00,1.5058259849e+00,-3.7298948502e-15,2.6940192948e-15,0.0000e+00
1052.020,1.2799987593e-03,6.027560e-06,1.5058473631e+00,1.5058259848e+00,-4.6155931573e-15,4.8227147352e-15,0.0000e+00
1053.045,1.2799979055e-03,5.852760e-06,1.5058473630e+00,1.5058259847e+00,-1.4785016512e-14,-2.0351621613e-15,0.0000e+00
1054.070,1.2799970060e-03,5.754344e-06,1.5058473628e+00,1.5058259845e+00,-5.9623213331e-15,4.1115030551e-16,0.0000e+00
1055.096,1.2799960714e-03,5.749600e-06,1.5058473627e+00,1.5058259844e+00,-8.3571206441e-15,-2.6194387121e-15,0.0000e+00
1056.121,1.2799951112e-03,5.849137e-06,1.5058473626e+00,1.5058259843e+00,3.4959602643e-15,2.8294090411e-15,0.0000e+00
1057.146,1.2799941347e-03,6.054745e-06,1.5058473624e+00,1.5058259841e+00,-5.1241788434e-15,-2.8429740950e-15,0.0000e+00
1058.172,1.2799931504e-03,6.359500e-06,1.5058473622e+00,1.5058259840e+00,-3.6887222719e-15,3.3819184682e-15,0.0000e+00
1059.197,1.2799921663e-03,6.749946e-06,1.5058473621e+00,1.5058259838e+00,-1.1675307840e-14,5.2320552655e-15,0.0000e+00
1060.223,1.2799911905e-03,7.209119e-06,1.5058473619e+00,1.5058259837e+00,-3.4201247360e-15,-2.9402270299e-15,0.0000e+00
1061.248,1.2799902310e-03,7.719185e-06,1.5058473617e+00,1.5058259835e+00,-7.5435217807e-15,5.6263795956e-15,0.0000e+00
1062.273,1.2799892958e-03,8.263155e-06,1.5058473616e+00,1.5058259834e+00,-2.4703907378e-15,-3.8581396941e-15,0.0000e+00
1063.299,1.2799883934e-03,8.825715e-06,1.5058473614e+00,1.5058259832e+00,2.9744861251e-15,2.6508409433e-15,0.0000e+00
1064.324,1.2799875317e-03,9.393487e-06,1.5058473612e+00,1.5058259831e+00,1.2534642542e-15,-4.9549457169e-15,0.0000e+00
1065.349,1.2799867186e-03,9.954980e-06,1.5058473611e+00,1.5058259830e+00,-9.7432324629e-15,3.2407282403e-15,0.0000e+00
1066.375,1.2799859610e-03,1.050041e-05,1.5058473609e+00,1.5058259828e+00,-2.1494939993e-15,3.5812761427e-15,0.0000e+00
1067.400,1.2799852648e-03,1.102149e-05,1.5058473608e+00,1.5058259827e+00,5.2934590473e-15,6.5233942630e-15,0.0000e+00
1068.425,1.2799846348e-03,1.151127e-05,1.5058473607e+00,1.5058259826e+00,-7.4357656365e-15,2.0508434611e-15,0.0000e+00
1069.451,1.2799840740e-03,1.196392e-05,1.5058473606e+00,1.5058259825e+00,-7.1929585599e-15,-5.5503624450e-15,0.0000e+00
1070.476,1.2799835848e-03,1.237465e-05,1.5058473605e+00,1.5058259824e+00,-3.2626037119e-15,2.7546533013e-15,0.0000e+00
1071.502,1.2799831682e-03,1.273959e-05,1.5058473604e+00,1.5058259823e+00,-1.0878161265e-15,-1.2601744484e-15,0.0000e+00
1072.527,1.2799828250e-03,1.305571e-05,1.5058473603e+00,1.5058259822e+00,-1.8908711230e-15,3.0365187611e-15,0.0000e+00
1073.552,1.2799825554e-03,1.332075e-05,1.5058473602e+00,1.5058259821e+00,-5.1351021786e-15,2.6711155240e-15,0.0000e+00
1074.578,1.2799823599e-03,1.353320e-05,1.5058473601e+00,1.5058259821e+00,6.6724969295e-16,-8.3058644263e-16,0.0000e+00
1075.603,1.2799822389e-03,1.369223e-05,1.5058473601e+00,1.5058259820e+00,-4.8549578897e-15,-2.9357546959e-15,0.0000e+00
1076.628,1.2799821928e-03,1.379769e-05,1.5058473601e+00,1.5058259820e+00,-1.0435021211e-14,4.0268561305e-15,0.0000e+00
1077.654,1.2799822218e-03,1.385001e-05,1.5058473600e+00,1.5058259820e+00,1.5059613887e-15,3.4340414877e-15,0.0000e+00
1078.679,1.2799823256e-03,1.385025e-05,1.5058473600e+00,1.5058259820e+00,-1.0911093902e-15,-3.1896206346e-15,0.0000e+00
1079.704,1.2799825031e-03,1.379999e-05,1.5058473600e+00,1.5058259820e+00,-3.4577058922e-15,1.1233356076e-15,0.0000e+00
1080.730,1.2799827519e-03,1.370135e-05,1.5058473601e+00,1.5058259820e+00,2.5208017273e-15,-1.4117459121e-15,0.0000e+00
1081.755,1.2799830689e-03,1.355691e-05,1.5058473601e+00,1.5058259820e+00,8.9139624677e-15,1.8834968557e-15,0.0000e+00
1082.780,1.2799834493e-03,1.336969e-05,1.5058473601e+00,1.5058259821e+00,-1.3977353170e-15,5.9062934915e-15,0.0000e+00
1083.806,1.2799838877e-03,1.314313e-05,1.5058473602e+00,1.5058259821e+00,-5.2710746832e-15,-4.0864455666e-15,0.0000e+00
1084.831,1.2799843781e-03,1.288105e-05,1.5058473603e+00,1.5058259822e+00,-8.1737685021e-15,2.8246656566e-15,0.0000e+00
1085.857,1.2799849139e-03,1.258759e-05,1.5058473604e+00,1.5058259822e+00,2.5701058211e-15,6.7742786457e-15,0.0000e+00
1086.882,1.2799854885e-03,1.226720e-05,1.5058473604e+00,1.5058259823e+00,-1.3604924897e-16,6.6262579441e-15,0.0000e+00
1087.907,1.2799860956e-03,1.192457e-05,1.5058473605e+00,1.5058259824e+00,-6.7892558804e-15,5.0167869241e-15,0.0000e+00
1088.933,1.2799867292e-03,1.156464e-05,1.5058473607e+00,1.5058259825e+00,-1.0745089479e-14,2.7472265165e-15,0.0000e+00
1089.958,1.2799873835e-03,1.119247e-05,1.5058473608e+00,1.5058259826e+00,6.7564408019e-15,1.0628913364e-15,0.0000e+00
1090.983,1.2799880532e-03,1.081323e-05,1.5058473609e+00,1.5058259827e+00,-1.4182262574e-16,4.2858720295e-15,0.0000e+00
1092.009,1.2799887330e-03,1.043212e-05,1.5058473610e+00,1.5058259829e+00,5.6941937233e-15,2.8716116107e-15,0.0000e+00
1093.034,1.2799894177e-03,1.005429e-05,1.5058473612e+00,1.5058259830e+00,-1.1803568956e-14,3.0197136275e-15,0.0000e+00
1094.059,1.2799901024e-03,9.684727e-06,1.5058473613e+00,1.5058259831e+00,5.1561312899e-15,-5.0044688111e-16,0.0000e+00
1095.085,1.2799907820e-03,9.328184e-06,1.5058473614e+00,1.5058259832e+00,-1.2097753184e-15,4.3461536703e-15,0.0000e+00
1096.110,1.2799914516e-03,8.989024e-06,1.5058473616e+00,1.5058259834e+00,-6.4776509170e-17,2.8444523463e-15,0.0000e+00
1097.136,1.2799921065e-03,8.671104e-06,1.5058473617e+00,1.5058259835e+00,-2.9424117054e-15,9.9721578985e-16,0.0000e+00
1098.161,1.2799927420e-03,8.377634e-06,1.5058473619e+00,1.5058259836e+00,4.8577588517e-15,5.7099715831e-15,0.0000e+00
1099.186,1.2799933541e-03,8.111035e-06,1.5058473620e+00,1.5058259838e+00,-7.6803345418e-15,5.2067933549e-15,0.0000e+00
1100.212,1.2799939391e-03,7.872826e-06,1.5058473621e+00,1.5058259839e+00,-1.2135456794e-14,6.5455390924e-15,0.0000e+00
1101.237,1.2799944935e-03,7.663542e-06,1.5058473623e+00,1.5058259840e+00,4.6329630835e-15,2.2379767560e-15,0.0000e+00
1102.262,1.2799950144e-03,7.482702e-06,1.5058473624e+00,1.5058259841e+00,-1.1113297618e-15,9.3381186281e-15,0.0000e+00
1103.288,1.2799954993e-03,7.328846e-06,1.5058473625e+00,1.5058259842e+00,-5.2104406781e-15,1.9825387242e-15,0.0000e+00
1104.313,1.2799959459e-03,7.199639e-06,1.5058473626e+00,1.5058259844e+00,3.4014584931e-15,-2.7967870824e-15,0.0000e+00
1105.338,1.2799963521e-03,7.092035e-06,1.5058473628e+00,1.5058259845e+00,1.9248022391e-15,3.3712424217e-17,0.0000e+00
1106.364,1.2799967160e-03,7.002487e-06,1.5058473629e+00,1.5058259846e+00,3.2197597613e-15,8.5555143949e-15,0.0000e+00
1107.389,1.2799970360e-03,6.927175e-06,1.5058473630e+00,1.5058259847e+00,3.7932349478e-15,1.5809751846e-16,0.0000e+00
1108.414,1.2799973106e-03,6.862242e-06,1.5058473631e+00,1.5058259847e+00,1.3892199182e-15,3.0470355222e-15,0.0000e+00
1109.440,1.2799975387e-03,6.804004e-06,1.5058473631e+00,1.5058259848e+00,-3.0129797153e-15,6.5758967532e-15,0.0000e+00
1110.465,1.2799977193e-03,6.749130e-06,1.5058473632e+00,1.5058259849e+00,4.4616184819e-15,3.2937999367e-15,0.0000e+00
1111.491,1.2799978521e-03,6.694787e-06,1.5058473633e+00,1.5058259849e+00,1.2163303291e-15,8.2067841110e-17,0.0000e+00
1112.516,1.2799979369e-03,6.638751e-06,1.5058473633e+00,1.5058259850e+00,5.1358296028e-15,2.9696234871e-15,0.0000e+00
1113.541,1.2799979740e-03,6.579480e-06,1.5058473634e+00,1.5058259850e+00,2.6793391880e-15,-2.5888913159e-15,0.0000e+00
1114.567,1.2799979641e-03,6.516165e-06,1.5058473634e+00,1.5058259851e+00,-4.8651222869e-15,5.2029444371e-15,0.0000e+00
1115.592,1.2799979083e-03,6.448749e-06,1.5058473634e+00,1.5058259851e+00,5.7792544982e-17,-5.7319934139e-15,0.0000e+00
1116.617,1.2799978080e-03,6.377941e-06,1.5058473634e+00,1.5058259851e+00,-8.2405684454e-16,-2.2995448611e-15,0.0000e+00
1117.643,1.2799976647e-03,6.305196e-06,1.5058473634e+00,1.5058259851e+00,-7.3572965056e-15,-2.8888358469e-15,0.0000e+00
1118.668,1.2799974806e-03,6.232687e-06,1.5058473634e+00,1.5058259851e+00,7.1768266398e-15,5.4295155861e-15,0.0000e+00
1119.693,1.2799972577e-03,6.163250e-06,1.5058473634e+00,1.5058259851e+00,-3.7260459319e-15,5.3335094838e-15,0.0000e+00
1120.719,1.2799969985e-03,6.100296e-06,1.5058473634e+00,1.5058259851e+00,8.1323882246e-15,-4.4079657209e-15,0.0000e+00
1121.744,1.2799967055e-03,6.047688e-06,1.5058473634e+00,1.5058259851e+00,-1.0414660201e-16,2.6974345317e-15,0.0000e+00
1122.770,1.2799963813e-03,6.009575e-06,1.5058473633e+00,1.5058259850e+00,3.0726746487e-16,7.3451360346e-16,0.0000e+00
1123.795,1.2799960285e-03,5.990178e-06,1.5058473633e+00,1.5058259850e+00,-8.9040870875e-15,4.7619452035e-15,0.0000e+00
1124.820,1.2799956497e-03,5.993532e-06,1.5058473632e+00,1.5058259849e+00,-5.0011761069e-15,-6.0506904586e-18,0.0000e+00
1125.846,1.2799952476e-03,6.023210e-06,1.5058473632e+00,1.5058259849e+00,-8.6139405675e-16,-6.7269950127e-16,0.0000e+00
1126.871,1.2799948248e-03,6.082047e-06,1.5058473631e+00,1.5058259848e+00,1.9152206019e-15,2.6249827215e-15,0.0000e+00
1127.896,1.2799943839e-03,6.171911e-06,1.5058473630e+00,1.5058259847e+00,3.3795033986e-15,-5.7882906117e-15,0.0000e+00
1128.922,1.2799939273e-03,6.293555e-06,1.5058473629e+00,1.5058259847e+00,-1.5080528899e-15,6.3806048369e-15,0.0000e+00
1129.947,1.2799934577e-03,6.446563e-06,1.5058473629e+00,1.5058259846e+00,6.1146202192e-15,-4.4086433472e-15,0.0000e+00
1130.972,1.2799929778e-03,6.629401e-06,1.5058473628e+00,1.5058259845e+00,9.1204898952e-16,4.1434620742e-15,0.0000e+00
1131.998,1.2799924907e-03,6.839559e-06,1.5058473627e+00,1.5058259845e+00,-5.2525483803e-15,6.9464206856e-16,0.0000e+00
1133.023,1.2799919994e-03,7.073743e-06,1.5058473626e+00,1.5058259844e+00,-1.5381259473e-15,-1.6080678205e-15,0.0000e+00
1134.049,1.2799915073e-03,7.328086e-06,1.5058473625e+00,1.5058259843e+00,5.5020459920e-15,4.6478058198e-15,0.0000e+00
1135.074,1.2799910180e-03,7.598360e-06,1.5058473624e+00,1.5058259842e+00,-1.7282950083e-15,1.8054050343e-16,0.0000e+00
1136.099,1.2799905352e-03,7.880156e-06,1.5058473623e+00,1.5058259841e+00,2.7190616458e-15,7.0698050529e-15,0.0000e+00
1137.125,1.2799900627e-03,8.169033e-06,1.5058473622e+00,1.5058259841e+00,-1.8720602163e-15,5.4654005180e-16,0.0000e+00
1138.150,1.2799896042e-03,8.460633e-06,1.5058473622e+00,1.5058259840e+00,1.0130559749e-15,-4.0715919968e-15,0.0000e+00
1139.175,1.2799891634e-03,8.750767e-06,1.5058473621e+00,1.5058259839e+00,-1.2878230150e-14,-6.6809164203e-16,0.0000e+00
1140.201,1.2799887439e-03,9.035471e-06,1.5058473620e+00,1.5058259838e+00,2.2808004963e-16,-3.0512785974e-16,0.0000e+00
1141.226,1.2799883489e-03,9.311052e-06,1.5058473619e+00,1.5058259838e+00,-6.4044047677e-15,5.8084171404e-15,0.0000e+00
1142.251,1.2799879813e-03,9.574115e-06,1.5058473619e+00,1.5058259837e+00,-6.1049210225e-15,-8.5568572293e-16,0.0000e+00
1143.277,1.2799876440e-03,9.821583e-06,1.5058473618e+00,1.5058259836e+00,-1.0898571850e-14,-3.3897372506e-15,0.0000e+00
1144.302,1.2799873395e-03,1.005071e-05,1.5058473617e+00,1.5058259836e+00,3.5414696517e-15,-3.5234486435e-16,0.0000e+00
1145.327,1.2799870699e-03,1.025910e-05,1.5058473617e+00,1.5058259835e+00,-8.6330636482e-15,2.3942916043e-15,0.0000e+00
1146.353,1.2799868373e-03,1.044469e-05,1.5058473616e+00,1.5058259835e+00,-3.8265103372e-16,3.4900405299e-15,0.0000e+00
1147.378,1.2799866433e-03,1.060579e-05,1.5058473616e+00,1.5058259835e+00,-4.0452892603e-15,-1.6558269262e-15,0.0000e+00
1148.404,1.2799864893e-03,1.074105e-05,1.5058473616e+00,1.5058259834e+00,-3.9054407325e-15,1.1467272694e-15,0.0000e+00
1149.429,1.2799863764e-03,1.084949e-05,1.5058473615e+00,1.5058259834e+00,-6.5854800826e-15,-1.2105450940e-15,0.0000e+00
1150.454,1.2799863051e-03,1.093045e-05,1.5058473615e+00,1.5058259834e+00,-2.7565930054e-15,2.8168051909e-15,0.0000e+00
1151.480,1.2799862759e-03,1.098366e-05,1.5058473615e+00,1.5058259834e+00,-1.1938159103e-14,-3.6602185875e-15,0.0000e+00
1152.505,1.2799862884e-03,1.100914e-05,1.5058473615e+00,1.5058259834e+00,2.3272445340e-15,2.7722715866e-15,0.0000e+00
1153.530,1.2799863421e-03,1.100729e-05,1.5058473615e+00,1.5058259834e+00,-4.7974133806e-16,-1.3209439802e-15,0.0000e+00
1154.556,1.2799864359e-03,1.097877e-05,1.5058473615e+00,1.5058259834e+00,-2.9250238128e-15,-5.6384560315e-16,0.0000e+00
1155.581,1.2799865685e-03,1.092459e-05,1.5058473615e+00,1.5058259834e+00,-3.4405077357e-15,2.5813977942e-15,0.0000e+00
1156.606,1.2799867379e-03,1.084601e-05,1.5058473616e+00,1.5058259834e+00,-6.9729061763e-15,-6.6156723946e-15,0.0000e+00
1157.632,1.2799869423e-03,1.074456e-05,1.5058473616e+00,1.5058259835e+00,-5.6157149703e-16,7.7989310139e-15,0.0000e+00
1158.657,1.2799871792e-03,1.062201e-05,1.5058473616e+00,1.5058259835e+00,-6.8774150700e-15,-4.7041697544e-15,0.0000e+00
1159.683,1.2799874462e-03,1.048036e-05,1.5058473617e+00,1.5058259835e+00,1.2936068403e-15,2.0500574145e-15,0.0000e+00
1160.708,1.2799877407e-03,1.032178e-05,1.5058473617e+00,1.5058259836e+00,5.3808055642e-16,-1.5018973228e-15,0.0000e+00
1161.733,1.2799880597e-03,1.014859e-05,1.5058473618e+00,1.5058259836e+00,-4.4422292281e-15,-6.0160543831e-15,0.0000e+00
1162.759,1.2799884004e-03,9.963241e-06,1.5058473619e+00,1.5058259837e+00,4.9693639131e-15,-4.6718897947e-16,0.0000e+00
1163.784,1.2799887598e-03,9.768276e-06,1.5058473619e+00,1.5058259838e+00,-7.4368091810e-15,3.1360214155e-15,0.0000e+00
1164.809,1.2799891346e-03,9.566267e-06,1.5058473620e+00,1.5058259838e+00,-1.1900428390e-15,-2.4802271531e-15,0.0000e+00
1165.835,1.2799895216e-03,9.359795e-06,1.5058473621e+00,1.5058259839e+00,-7.2175835018e-15,-1.4385799159e-15,0.0000e+00
1166.860,1.2799899176e-03,9.151394e-06,1.5058473622e+00,1.5058259840e+00,1.9181208440e-15,-4.4377237256e-17,0.0000e+00
1167.885,1.2799903192e-03,8.943507e-06,1.5058473622e+00,1.5058259840e+00,1.4396624252e-15,1.2137038586e-15,0.0000e+00
1168.911,1.2799907231e-03,8.738441e-06,1.5058473623e+00,1.5058259841e+00,4.9621679972e-16,-4.0806992951e-15,0.0000e+00
1169.936,1.2799911260e-03,8.538316e-06,1.5058473624e+00,1.5058259842e+00,-8.7501981405e-15,-3.2850575308e-15,0.0000e+00
1170.961,1.2799915246e-03,8.345023e-06,1.5058473625e+00,1.5058259843e+00,-1.4889709783e-14,3.5365528031e-15,0.0000e+00
1171.987,1.2799919158e-03,8.160181e-06,1.5058473626e+00,1.5058259844e+00,-2.7348683048e-15,1.7581630846e-15,0.0000e+00
1173.012,1.2799922965e-03,7.985106e-06,1.5058473627e+00,1.5058259844e+00,-6.9441748193e-15,-8.0315612767e-16,0.0000e+00
1174.038,1.2799926640e-03,7.820790e-06,1.5058473627e+00,1.5058259845e+00,-5.0075728989e-15,-2.2667477454e-15,0.0000e+00
1175.063,1.2799930156e-03,7.667882e-06,1.5058473628e+00,1.5058259846e+00,-4.0238898203e-15,1.9271630982e-15,0.0000e+00
1176.088,1.2799933486e-03,7.526698e-06,1.5058473629e+00,1.5058259847e+00,-5.9372491568e-15,-1.0693570261e-16,0.0000e+00
1177.114,1.2799936609e-03,7.397234e-06,1.5058473630e+00,1.5058259847e+00,-5.5528317241e-15,-2.5522181774e-15,0.0000e+00
1178.139,1.2799939504e-03,7.279199e-06,1.5058473631e+00,1.5058259848e+00,-2.2949261686e-15,2.8785233995e-15,0.0000e+00
1179.164,1.2799942152e-03,7.172062e-06,1.5058473631e+00,1.5058259849e+00,-2.2118356246e-15,1.5478549682e-15,0.0000e+00
1180.190,1.2799944537e-03,7.075101e-06,1.5058473632e+00,1.5058259849e+00,2.7951188998e-16,-9.0241483656e-16,0.0000e+00
1181.215,1.2799946648e-03,6.987476e-06,1.5058473633e+00,1.5058259850e+00,-1.8521922116e-15,1.4307611336e-15,0.0000e+00
1182.240,1.2799948472e-03,6.908285e-06,1.5058473633e+00,1.5058259850e+00,4.4188331541e-15,4.6988988472e-15,0.0000e+00
1183.266,1.2799950002e-03,6.836637e-06,1.5058473634e+00,1.5058259851e+00,-9.0037659242e-15,-4.5618432742e-16,0.0000e+00
1184.291,1.2799951233e-03,6.771710e-06,1.5058473634e+00,1.5058259851e+00,-5.1783211889e-15,9.2859142934e-15,0.0000e+00
1185.317,1.2799952161e-03,6.712805e-06,1.5058473635e+00,1.5058259852e+00,9.3691787706e-16,8.4641161518e-15,0.0000e+00
1186.342,1.2799952787e-03,6.659393e-06,1.5058473635e+00,1.5058259852e+00,-7.5622242683e-15,2.3846964150e-15,0.0000e+00
1187.367,1.2799953111e-03,6.611146e-06,1.5058473635e+00,1.5058259853e+00,-9.0144177418e-16,-1.2247210374e-15,0.0000e+00
1188.393,1.2799953138e-03,6.567961e-06,1.5058473636e+00,1.5058259853e+00,2.8372261297e-15,2.5961429437e-15,0.0000e+00
1189.418,1.2799952874e-03,6.529966e-06,1.5058473636e+00,1.5058259853e+00,-9.7442353506e-15,-8.0326454789e-16,0.0000e+00
1190.443,1.2799952327e-03,6.497518e-06,1.5058473636e+00,1.5058259853e+00,-4.2698135098e-16,2.8851912429e-15,0.0000e+00
1191.469,1.2799951507e-03,6.471188e-06,1.5058473636e+00,1.5058259853e+00,-1.8756922940e-15,5.3288745195e-15,0.0000e+00
1192.494,1.2799950425e-03,6.451729e-06,1.5058473636e+00,1.5058259853e+00,-4.8942195624e-15,1.0914871687e-15,0.0000e+00
1193.519,1.2799949096e-03,6.440037e-06,1.5058473636e+00,1.5058259853e+00,-5.5198990836e-15,4.0736936644e-15,0.0000e+00
1194.545,1.2799947533e-03,6.437104e-06,1.5058473636e+00,1.5058259853e+00,-2.1806106024e-15,-2.5071695771e-15,0.0000e+00
1195.570,1.2799945753e-03,6.443959e-06,1.5058473636e+00,1.5058259853e+00,-1.8421768943e-15,6.2002478055e-15,0.0000e+00
1196.595,1.2799943774e-03,6.461603e-06,1.5058473636e+00,1.5058259853e+00,-3.5490499270e-15,8.5742168824e-15,0.0000e+00
1197.621,1.2799941614e-03,6.490947e-06,1.5058473635e+00,1.5058259853e+00,-1.3156476617e-15,1.8149752784e-15,0.0000e+00
1198.646,1.2799939291e-03,6.532751e-06,1.5058473635e+00,1.5058259852e+00,1.7116751969e-15,6.4316957043e-16,0.0000e+00
1199.672,1.2799936826e-03,6.587564e-06,1.5058473635e+00,1.5058259852e+00,4.1922489212e-16,3.0161357603e-15,0.0000e+00
1200.697,1.2799934238e-03,6.655681e-06,1.5058473634e+00,1.5058259852e+00,7.4556563340e-15,7.7153119213e-15,0.0000e+00
1201.722,1.2799931548e-03,6.737112e-06,1.5058473634e+00,1.5058259852e+00,1.8629213999e-15,4.9576436956e-15,0.0000e+00
1202.748,1.2799928777e-03,6.831563e-06,1.5058473634e+00,1.5058259851e+00,-1.7147153762e-15,2.5965224145e-15,0.0000e+00
1203.773,1.2799925946e-03,6.938438e-06,1.5058473633e+00,1.5058259851e+00,4.2925100484e-15,4.8610412820e-15,0.0000e+00
1204.798,1.2799923077e-03,7.056852e-06,1.5058473633e+00,1.5058259850e+00,-7.3504524789e-15,5.2471798858e-15,0.0000e+00
1205.824,1.2799920190e-03,7.185658e-06,1.5058473632e+00,1.5058259850e+00,-7.9981141990e-15,3.4367519931e-15,0.0000e+00
1206.849,1.2799917308e-03,7.323482e-06,1.5058473632e+00,1.5058259850e+00,-6.6821633415e-16,2.8849472974e-15,0.0000e+00
1207.874,1.2799914450e-03,7.468770e-06,1.5058473631e+00,1.5058259849e+00,1.3213624150e-15,2.2867907988e-16,0.0000e+00
1208.900,1.2799911638e-03,7.619837e-06,1.5058473631e+00,1.5058259849e+00,4.7610484890e-16,4.6163368517e-15,0.0000e+00
1209.925,1.2799908890e-03,7.774913e-06,1.5058473630e+00,1.5058259848e+00,-8.0036842876e-15,4.5711527262e-15,0.0000e+00
1210.951,1.2799906225e-03,7.932175e-06,1.5058473630e+00,1.5058259848e+00,7.7188328592e-15,7.0517530867e-15,0.0000e+00
1211.976,1.2799903662e-03,8.089788e-06,1.5058473630e+00,1.5058259848e+00,-5.2558823015e-15,9.4411720445e-15,0.0000e+00
1213.001,1.2799901217e-03,8.245942e-06,1.5058473629e+00,1.5058259847e+00,-1.6740979794e-16,8.2206856590e-15,0.0000e+00
1214.027,1.2799898904e-03,8.398886e-06,1.5058473629e+00,1.5058259847e+00,-9.0157328053e-15,4.2334237494e-15,0.0000e+00
1215.052,1.2799896739e-03,8.546949e-06,1.5058473628e+00,1.5058259846e+00,-4.4714349246e-15,4.3953764490e-15,0.0000e+00
1216.077,1.2799894734e-03,8.688565e-06,1.5058473628e+00,1.5058259846e+00,6.2617871123e-15,1.9218505076e-15,0.0000e+00
1217.103,1.2799892901e-03,8.822286e-06,1.5058473628e+00,1.5058259846e+00,2.2538309683e-16,7.2196146881e-15,0.0000e+00
1218.128,1.2799891250e-03,8.946796e-06,1.5058473627e+00,1.5058259846e+00,3.1867051481e-15,7.6802379811e-15,0.0000e+00
1219.153,1.2799889791e-03,9.060924e-06,1.5058473627e+00,1.5058259845e+00,-3.6195366200e-15,7.2898167787e-15,0.0000e+00
1220.179,1.2799888531e-03,9.163648e-06,1.5058473627e+00,1.5058259845e+00,-5.2500276095e-15,1.5523001971e-15,0.0000e+00
1221.204,1.2799887477e-03,9.254101e-06,1.5058473627e+00,1.5058259845e+00,1.5297189680e-15,6.2890168584e-15,0.0000e+00
1222.229,1.2799886635e-03,9.331578e-06,1.5058473626e+00,1.5058259845e+00,-2.3009570428e-15,4.9749909304e-15,0.0000e+00
1223.255,1.2799886006e-03,9.395536e-06,1.5058473626e+00,1.5058259845e+00,8.2623163036e-15,2.3805222367e-15,0.0000e+00
1224.280,1.2799885595e-03,9.445593e-06,1.5058473626e+00,1.5058259845e+00,6.2683605645e-16,5.1956531775e-15,0.0000e+00
1225.306,1.2799885400e-03,9.481527e-06,1.5058473626e+00,1.5058259845e+00,1.3477085284e-15,7.2118084324e-15,0.0000e+00
1226.331,1.2799885422e-03,9.503274e-06,1.5058473626e+00,1.5058259845e+00,1.0765631176e-15,4.0407881285e-15,0.0000e+00
1227.356,1.2799885658e-03,9.510921e-06,1.5058473626e+00,1.5058259845e+00,-1.1199085111e-15,2.7110412690e-15,0.0000e+00
1228.382,1.2799886102e-03,9.504707e-06,1.5058473626e+00,1.5058259845e+00,7.2899500615e-16,2.0817974331e-15,0.0000e+00
1229.407,1.2799886750e-03,9.485013e-06,1.5058473626e+00,1.5058259845e+00,-2.4887679640e-15,4.3613867109e-15,0.0000e+00
1230.432,1.2799887594e-03,9.452354e-06,1.5058473627e+00,1.5058259845e+00,1.3004508662e-15,2.3111604027e-15,0.0000e+00
1231.458,1.2799888627e-03,9.407375e-06,1.5058473627e+00,1.5058259845e+00,-4.0627720204e-15,5.3631624132e-15,0.0000e+00
1232.483,1.2799889840e-03,9.350837e-06,1.5058473627e+00,1.5058259845e+00,2.4287800671e-15,5.3926798173e-15,0.0000e+00
1233.508,1.2799891223e-03,9.283604e-06,1.5058473627e+00,1.5058259846e+00,-3.6635687805e-15,8.5465968320e-15,0.0000e+00
1234.534,1.2799892764e-03,9.206634e-06,1.5058473628e+00,1.5058259846e+00,1.6702591510e-16,1.3454996907e-14,0.0000e+00
1235.559,1.2799894450e-03,9.120958e-06,1.5058473628e+00,1.5058259846e+00,3.6181498503e-15,9.8875901291e-16,0.0000e+00
1236.585,1.2799896266e-03,9.027671e-06,1.5058473629e+00,1.5058259847e+00,2.1361403482e-15,3.9821870010e-15,0.0000e+00
1237.610,1.2799898194e-03,8.927914e-06,1.5058473629e+00,1.5058259847e+00,-4.3957440602e-15,9.8396141829e-16,0.0000e+00
1238.635,1.2799900218e-03,8.822854e-06,1.5058473629e+00,1.5058259847e+00,3.3442803815e-15,6.6048991613e-15,0.0000e+00
1239.661,1.2799902320e-03,8.713673e-06,1.5058473630e+00,1.5058259848e+00,-1.9184098587e-15,1.7628251540e-15,0.0000e+00
1240.686,1.2799904484e-03,8.601544e-06,1.5058473630e+00,1.5058259848e+00,-1.4888354055e-15,8.0602237375e-15,0.0000e+00
1241.711,1.2799906691e-03,8.487618e-06,1.5058473631e+00,1.5058259849e+00,-3.9761307144e-15,-1.0498471425e-14,0.0000e+00
1242.737,1.2799908924e-03,8.373005e-06,1.5058473631e+00,1.5058259849e+00,6.5100151997e-15,-2.9241558927e-16,0.0000e+00
1243.762,1.2799911167e-03,8.258759e-06,1.5058473632e+00,1.5058259850e+00,2.0771326448e-15,4.7866899581e-16,0.0000e+00
1244.787,1.2799913403e-03,8.145862e-06,1.5058473632e+00,1.5058259850e+00,1.7029202650e-15,3.8305884323e-15,0.0000e+00
1245.813,1.2799915615e-03,8.035209e-06,1.5058473633e+00,1.5058259851e+00,3.1596136463e-15,-1.1289588805e-15,0.0000e+00
1246.838,1.2799917786e-03,7.927602e-06,1.5058473633e+00,1.5058259851e+00,-7.5993581922e-15,-3.3674297909e-15,0.0000e+00
1247.864,1.2799919901e-03,7.823739e-06,1.5058473634e+00,1.5058259852e+00,3.5157605074e-15,5.3266519050e-15,0.0000e+00
1248.889,1.2799921944e-03,7.724209e-06,1.5058473634e+00,1.5058259852e+00,4.8656740008e-16,9.7891987819e-16,0.0000e+00
1249.914,1.2799923899e-03,7.629494e-06,1.5058473635e+00,1.5058259853e+00,6.2827262392e-16,1.8865055168e-15,0.0000e+00
1250.940,1.2799925752e-03,7.539968e-06,1.5058473635e+00,1.5058259853e+00,1.1856609608e-15,-8.3117169581e-15,0.0000e+00
1251.965,1.2799927490e-03,7.455906e-06,1.5058473636e+00,1.5058259854e+00,-1.0982515731e-15,5.6534033348e-15,0.0000e+00
1252.990,1.2799929100e-03,7.377491e-06,1.5058473636e+00,1.5058259854e+00,5.4275341979e-15,1.3494459706e-15,0.0000e+00
1254.016,1.2799930571e-03,7.304830e-06,1.5058473637e+00,1.5058259854e+00,-2.1711373855e-15,4.7648454443e-15,0.0000e+00
1255.041,1.2799931895e-03,7.237963e-06,1.5058473637e+00,1.5058259855e+00,1.7490530671e-15,4.9367999088e-15,0.0000e+00
1256.066,1.2799933062e-03,7.176883e-06,1.5058473638e+00,1.5058259855e+00,-1.8399813845e-15,1.2642547849e-15,0.0000e+00
1257.092,1.2799934067e-03,7.121552e-06,1.5058473638e+00,1.5058259856e+00,1.3999941777e-15,1.3563306544e-15,0.0000e+00
1258.117,1.2799934903e-03,7.071915e-06,1.5058473638e+00,1.5058259856e+00,-4.3764317095e-15,-4.5433825722e-15,0.0000e+00
1259.142,1.2799935568e-03,7.027919e-06,1.5058473639e+00,1.5058259856e+00,-2.9986817989e-15,1.0131026966e-17,0.0000e+00
1260.168,1.2799936058e-03,6.989523e-06,1.5058473639e+00,1.5058259856e+00,-5.4518649263e-16,2.1666091480e-15,0.0000e+00
1261.193,1.2799936373e-03,6.956710e-06,1.5058473639e+00,1.5058259857e+00,6.5908831289e-15,-1.9516265439e-16,0.0000e+00
1262.219,1.2799936513e-03,6.929492e-06,1.5058473639e+00,1.5058259857e+00,1.6914412740e-15,-1.6685934068e-15,0.0000e+00
1263.244,1.2799936479e-03,6.907919e-06,1.5058473640e+00,1.5058259857e+00,-1.0428488423e-15,2.4856627423e-15,0.0000e+00
1264.269,1.2799936275e-03,6.892076e-06,1.5058473640e+00,1.5058259857e+00,1.4870149543e-15,-5.0130047432e-15,0.0000e+00
1265.295,1.2799935905e-03,6.882079e-06,1.5058473640e+00,1.5058259857e+00,-1.9302954257e-15,4.8648088846e-15,0.0000e+00
1266.320,1.2799935374e-03,6.878069e-06,1.5058473640e+00,1.5058259857e+00,1.4206346763e-15,4.0528227726e-15,0.0000e+00
1267.345,1.2799934688e-03,6.880206e-06,1.5058473640e+00,1.5058259857e+00,6.4154863223e-15,-2.1021387505e-15,0.0000e+00
1268.371,1.2799933857e-03,6.888650e-06,1.5058473640e+00,1.5058259857e+00,-3.1474072320e-15,-9.4963184117e-16,0.0000e+00
1269.396,1.2799932888e-03,6.903552e-06,1.5058473640e+00,1.5058259857e+00,-8.7279855491e-15,3.5199374048e-15,0.0000e+00
1270.421,1.2799931792e-03,6.925034e-06,1.5058473640e+00,1.5058259857e+00,-9.9499627127e-15,5.5648782274e-15,0.0000e+00
1271.447,1.2799930580e-03,6.953179e-06,1.5058473640e+00,1.5058259857e+00,-2.2058047502e-15,-2.2757737284e-15,0.0000e+00
1272.472,1.2799929262e-03,6.988013e-06,1.5058473640e+00,1.5058259857e+00,-6.0991205414e-15,5.3423728365e-15,0.0000e+00
1273.498,1.2799927851e-03,7.029492e-06,1.5058473639e+00,1.5058259857e+00,-4.2402694692e-15,6.0573770642e-15,0.0000e+00
1274.523,1.2799926358e-03,7.077491e-06,1.5058473639e+00,1.5058259857e+00,-4.9590412995e-15,9.7030047092e-16,0.0000e+00
1275.548,1.2799924798e-03,7.131797e-06,1.5058473639e+00,1.5058259857e+00,2.1117864563e-15,5.3066212699e-15,0.0000e+00
1276.574,1.2799923182e-03,7.192105e-06,1.5058473639e+00,1.5058259857e+00,-3.7814757674e-15,9.1047961605e-16,0.0000e+00
1277.599,1.2799921524e-03,7.258017e-06,1.5058473639e+00,1.5058259856e+00,-3.2798154222e-15,5.4705504783e-16,0.0000e+00
1278.624,1.2799919838e-03,7.329044e-06,1.5058473639e+00,1.5058259856e+00,-7.0607130007e-15,4.6855902655e-15,0.0000e+00
1279.650,1.2799918137e-03,7.404609e-06,1.5058473638e+00,1.5058259856e+00,1.7673625313e-15,4.0988742598e-15,0.0000e+00
1280.675,1.2799916434e-03,7.484061e-06,1.5058473638e+00,1.5058259856e+00,-1.0712955967e-15,-2.3794234561e-15,0.0000e+00
1281.700,1.2799914742e-03,7.566682e-06,1.5058473638e+00,1.5058259856e+00,-4.1112087530e-15,-1.4988886618e-15,0.0000e+00
1282.726,1.2799913074e-03,7.651698e-06,1.5058473638e+00,1.5058259855e+00,2.0065239780e-15,-2.0711034633e-15,0.0000e+00
1283.751,1.2799911441e-03,7.738296e-06,1.5058473637e+00,1.5058259855e+00,-4.2481570399e-15,2.1892960785e-15,0.0000e+00
1284.776,1.2799909855e-03,7.825634e-06,1.5058473637e+00,1.5058259855e+00,-3.1708531036e-15,-3.5082134430e-15,0.0000e+00
1285.802,1.2799908327e-03,7.912860e-06,1.5058473637e+00,1.5058259855e+00,-1.2884206342e-15,5.2587537440e-15,0.0000e+00
1286.827,1.2799906868e-03,7.999119e-06,1.5058473637e+00,1.5058259855e+00,-3.5655569045e-15,4.5329888097e-15,0.0000e+00
1287.853,1.2799905486e-03,8.083575e-06,1.5058473637e+00,1.5058259855e+00,-4.3986980389e-16,4.8024108896e-16,0.0000e+00
1288.878,1.2799904192e-03,8.165413e-06,1.5058473636e+00,1.5058259854e+00,-4.0441372959e-15,-2.9051801946e-15,0.0000e+00
1289.903,1.2799902992e-03,8.243859e-06,1.5058473636e+00,1.5058259854e+00,-5.0844428329e-15,3.2420021779e-15,0.0000e+00
1290.929,1.2799901895e-03,8.318185e-06,1.5058473636e+00,1.5058259854e+00,-1.1338540619e-15,5.4505491083e-15,0.0000e+00
1291.954,1.2799900907e-03,8.387718e-06,1.5058473636e+00,1.5058259854e+00,-3.1385574313e-15,-3.1586937676e-15,0.0000e+00
1292.979,1.2799900033e-03,8.451850e-06,1.5058473636e+00,1.5058259854e+00,4.8215329463e-15,4.0323855616e-15,0.0000e+00
1294.005,1.2799899278e-03,8.510040e-06,1.5058473636e+00,1.5058259854e+00,-3.3953778209e-15,1.3156459679e-15,0.0000e+00
1295.030,1.2799898645e-03,8.561823e-06,1.5058473636e+00,1.5058259854e+00,6.8552251715e-15,-5.1948525526e-15,0.0000e+00
1296.055,1.2799898138e-03,8.606809e-06,1.5058473635e+00,1.5058259854e+00,3.0868501280e-15,7.1732921503e-15,0.0000e+00
1297.081,1.2799897757e-03,8.644688e-06,1.5058473635e+00,1.5058259854e+00,-7.9037072945e-15,2.1304239005e-15,0.0000e+00
1298.106,1.2799897504e-03,8.675233e-06,1.5058473635e+00,1.5058259854e+00,-4.0409117943e-15,-1.5865214624e-16,0.0000e+00
1299.132,1.2799897378e-03,8.698294e-06,1.5058473635e+00,1.5058259854e+00,4.2908837456e-15,5.8306703900e-15,0.0000e+00
1300.157,1.2799897377e-03,8.713806e-06,1.5058473635e+00,1.5058259854e+00,-3.0609150031e-15,3.1182404999e-15,0.0000e+00
1301.182,1.2799897501e-03,8.721778e-06,1.5058473636e+00,1.5058259854e+00,1.8266819430e-15,5.2862382690e-15,0.0000e+00
1302.208,1.2799897745e-03,8.722296e-06,1.5058473636e+00,1.5058259854e+00,-2.5917129605e-15,7.7423898706e-15,0.0000e+00
1303.233,1.2799898107e-03,8.715522e-06,1.5058473636e+00,1.5058259854e+00,4.0534710493e-16,7.5508926619e-15,0.0000e+00
1304.258,1.2799898582e-03,8.701680e-06,1.5058473636e+00,1.5058259854e+00,-2.6706564312e-15,-7.5691490501e-16,0.0000e+00
1305.284,1.2799899164e-03,8.681064e-06,1.5058473636e+00,1.5058259854e+00,-3.7765833047e-15,4.6391593074e-15,0.0000e+00
1306.309,1.2799899849e-03,8.654022e-06,1.5058473636e+00,1.5058259854e+00,1.4511147848e-16,9.4414973052e-15,0.0000e+00
1307.334,1.2799900628e-03,8.620956e-06,1.5058473636e+00,1.5058259854e+00,1.0316106926e-14,2.3894940096e-15,0.0000e+00
1308.360,1.2799901495e-03,8.582315e-06,1.5058473637e+00,1.5058259855e+00,-4.0229004857e-15,1.2798130861e-15,0.0000e+00
1309.385,1.2799902442e-03,8.538584e-06,1.5058473637e+00,1.5058259855e+00,-6.4276468774e-16,6.6970325858e-17,0.0000e+00
1310.410,1.2799903461e-03,8.490284e-06,1.5058473637e+00,1.5058259855e+00,3.5142290719e-15,5.7736413557e-15,0.0000e+00
1311.436,1.2799904543e-03,8.437960e-06,1.5058473637e+00,1.5058259855e+00,6.5077654802e-15,4.9896818698e-15,0.0000e+00
1312.461,1.2799905679e-03,8.382172e-06,1.5058473638e+00,1.5058259856e+00,-2.3301758170e-16,-1.7300676700e-15,0.0000e+00
1313.487,1.2799906860e-03,8.323494e-06,1.5058473638e+00,1.5058259856e+00,5.4707943393e-16,1.4443949759e-15,0.0000e+00
1314.512,1.2799908077e-03,8.262503e-06,1.5058473638e+00,1.5058259856e+00,-7.0851075492e-15,-2.2018061952e-16,0.0000e+00
1315.537,1.2799909321e-03,8.199769e-06,1.5058473639e+00,1.5058259857e+00,2.6351443979e-15,1.9671159483e-15,0.0000e+00
1316.563,1.2799910580e-03,8.135856e-06,1.5058473639e+00,1.5058259857e+00,-1.0989427519e-15,-4.5795136096e-15,0.0000e+00
1317.588,1.2799911847e-03,8.071308e-06,1.5058473639e+00,1.5058259857e+00,3.7097789596e-16,4.7554942006e-15,0.0000e+00
1318.613,1.2799913112e-03,8.006649e-06,1.5058473640e+00,1.5058259858e+00,-4.6772029444e-15,5.4948929771e-15,0.0000e+00
1319.639,1.2799914365e-03,7.942376e-06,1.5058473640e+00,1.5058259858e+00,-2.0915162883e-15,1.5751226528e-15,0.0000e+00
1320.664,1.2799915597e-03,7.878954e-06,1.5058473640e+00,1.5058259858e+00,6.3891944200e-15,9.0634360077e-15,0.0000e+00
1321.689,1.2799916799e-03,7.816815e-06,1.5058473641e+00,1.5058259858e+00,5.0769032155e-15,-7.8998307127e-16,0.0000e+00
1322.715,1.2799917963e-03,7.756355e-06,1.5058473641e+00,1.5058259859e+00,-7.6208118428e-15,8.2690139708e-15,0.0000e+00
1323.740,1.2799919080e-03,7.697932e-06,1.5058473641e+00,1.5058259859e+00,-9.2776030895e-17,7.1613637663e-16,0.0000e+00
1324.766,1.2799920143e-03,7.641866e-06,1.5058473642e+00,1.5058259859e+00,1.9578026430e-15,3.4482716412e-15,0.0000e+00
1325.791,1.2799921143e-03,7.588441e-06,1.5058473642e+00,1.5058259860e+00,3.9533309515e-15,8.0604405779e-15,0.0000e+00
1326.816,1.2799922076e-03,7.537906e-06,1.5058473642e+00,1.5058259860e+00,9.1971972041e-16,2.3012670579e-15,0.0000e+00
1327.842,1.2799922933e-03,7.490474e-06,1.5058473643e+00,1.5058259860e+00,3.3088952053e-16,2.6762654843e-15,0.0000e+00
1328.867,1.2799923711e-03,7.446331e-06,1.5058473643e+00,1.5058259861e+00,6.4931694082e-15,3.0457886897e-15,0.0000e+00
1329.892,1.2799924404e-03,7.405634e-06,1.5058473643e+00,1.5058259861e+00,-3.5055817841e-17,-2.6436164205e-15,0.0000e+00
1330.918,1.2799925008e-03,7.368514e-06,1.5058473643e+00,1.5058259861e+00,-6.7188640556e-15,7.9864708847e-15,0.0000e+00
1331.943,1.2799925520e-03,7.335085e-06,1.5058473644e+00,1.5058259861e+00,4.7376970131e-15,7.1310895807e-15,0.0000e+00
1332.968,1.2799925937e-03,7.305439e-06,1.5058473644e+00,1.5058259861e+00,1.1038036967e-15,1.2159264731e-15,0.0000e+00
1333.994,1.2799926257e-03,7.279658e-06,1.5058473644e+00,1.5058259862e+00,-7.5907247610e-16,5.2826604019e-15,0.0000e+00
1335.019,1.2799926480e-03,7.257807e-06,1.5058473644e+00,1.5058259862e+00,-1.0685308812e-15,8.6103999699e-16,0.0000e+00
1336.044,1.2799926604e-03,7.239945e-06,1.5058473644e+00,1.5058259862e+00,2.7712664520e-16,2.9616546011e-15,0.0000e+00
1337.070,1.2799926630e-03,7.226116e-06,1.5058473645e+00,1.5058259862e+00,3.1697107504e-16,9.8307529902e-15,0.0000e+00
1338.095,1.2799926560e-03,7.216359e-06,1.5058473645e+00,1.5058259862e+00,5.6820782346e-16,5.6657361345e-15,0.0000e+00
1339.121,1.2799926394e-03,7.210700e-06,1.5058473645e+00,1.5058259862e+00,1.3754369985e-15,4.7950675799e-15,0.0000e+00
1340.146,1.2799926137e-03,7.209155e-06,1.5058473645e+00,1.5058259862e+00,9.1061242195e-16,1.8429476945e-15,0.0000e+00
1341.171,1.2799925790e-03,7.211727e-06,1.5058473645e+00,1.5058259863e+00,-1.0609414661e-15,3.6198173699e-16,0.0000e+00
1342.197,1.2799925359e-03,7.218403e-06,1.5058473645e+00,1.5058259863e+00,4.2222401952e-15,-5.7558209167e-16,0.0000e+00
1343.222,1.2799924847e-03,7.229150e-06,1.5058473645e+00,1.5058259863e+00,-4.3782337250e-16,-1.2658936149e-15,0.0000e+00
1344.247,1.2799924259e-03,7.243917e-06,1.5058473645e+00,1.5058259863e+00,-1.8751366399e-15,6.7523506568e-15,0.0000e+00
1345.273,1.2799923601e-03,7.262625e-06,1.5058473645e+00,1.5058259863e+00,-6.9457875703e-15,3.3170560733e-15,0.0000e+00
1346.298,1.2799922879e-03,7.285170e-06,1.5058473645e+00,1.5058259863e+00,-1.8311180317e-15,9.9943840430e-16,0.0000e+00
1347.323,1.2799922099e-03,7.311417e-06,1.5058473645e+00,1.5058259863e+00,-6.2517897597e-15,-3.2914293786e-16,0.0000e+00
1348.349,1.2799921269e-03,7.341201e-06,1.5058473645e+00,1.5058259863e+00,1.1377256721e-15,6.7228061476e-15,0.0000e+00
1349.374,1.2799920395e-03,7.374322e-06,1.5058473645e+00,1.5058259863e+00,-7.6122732792e-16,7.1374592685e-15,0.0000e+00
1350.400,1.2799919485e-03,7.410549e-06,1.5058473645e+00,1.5058259863e+00,9.5906130422e-15,-3.5864386297e-15,0.0000e+00
1351.425,1.2799918545e-03,7.449616e-06,1.5058473645e+00,1.5058259862e+00,2.3073634474e-16,3.1336090657e-15,0.0000e+00
1352.450,1.2799917584e-03,7.491225e-06,1.5058473645e+00,1.5058259862e+00,-2.0503030534e-15,4.4962072510e-15,0.0000e+00
1353.476,1.2799916610e-03,7.535050e-06,1.5058473645e+00,1.5058259862e+00,2.6896120043e-15,3.6330988465e-16,0.0000e+00
1354.501,1.2799915629e-03,7.580737e-06,1.5058473644e+00,1.5058259862e+00,-6.3871252959e-15,-6.4872215422e-15,0.0000e+00
1355.526,1.2799914650e-03,7.627907e-06,1.5058473644e+00,1.5058259862e+00,3.8523239666e-15,3.5582672965e-17,0.0000e+00
1356.552,1.2799913680e-03,7.676163e-06,1.5058473644e+00,1.5058259862e+00,6.2707588850e-15,5.2621147707e-15,0.0000e+00
1357.577,1.2799912726e-03,7.725093e-06,1.5058473644e+00,1.5058259862e+00,-2.0905676115e-15,7.5803558559e-15,0.0000e+00
1358.602,1.2799911795e-03,7.774274e-06,1.5058473644e+00,1.5058259862e+00,-1.5752504319e-14,3.5362275424e-15,0.0000e+00
1359.628,1.2799910894e-03,7.823279e-06,1.5058473644e+00,1.5058259862e+00,1.9927952681e-15,4.5024685186e-15,0.0000e+00
1360.653,1.2799910029e-03,7.871682e-06,1.5058473644e+00,1.5058259862e+00,-5.5147220177e-15,4.5713153565e-15,0.0000e+00
1361.678,1.2799909206e-03,7.919062e-06,1.5058473644e+00,1.5058259862e+00,2.3814410894e-15,1.4770565663e-15,0.0000e+00
1362.704,1.2799908431e-03,7.965009e-06,1.5058473644e+00,1.5058259862e+00,4.0461793151e-15,3.2231641651e-15,0.0000e+00
1363.729,1.2799907709e-03,8.009130e-06,1.5058473644e+00,1.5058259862e+00,2.2641439668e-15,3.9931916531e-15,0.0000e+00
1364.755,1.2799907045e-03,8.051051e-06,1.5058473644e+00,1.5058259862e+00,4.1789674487e-16,9.7211650956e-16,0.0000e+00
1365.780,1.2799906442e-03,8.090426e-06,1.5058473644e+00,1.5058259862e+00,-2.1271729872e-15,6.3905294706e-18,0.0000e+00
1366.805,1.2799905904e-03,8.126934e-06,1.5058473644e+00,1.5058259862e+00,-1.9202123450e-15,8.4319424523e-15,0.0000e+00
1367.831,1.2799905435e-03,8.160288e-06,1.5058473644e+00,1.5058259862e+00,5.5364965164e-15,2.8901514678e-15,0.0000e+00
1368.856,1.2799905036e-03,8.190236e-06,1.5058473644e+00,1.5058259862e+00,-6.1617462956e-16,1.2663689792e-15,0.0000e+00
1369.881,1.2799904710e-03,8.216560e-06,1.5058473644e+00,1.5058259862e+00,5.0002505954e-16,1.1524464359e-15,0.0000e+00
1370.907,1.2799904457e-03,8.239086e-06,1.5058473644e+00,1.5058259862e+00,-4.9206740948e-15,5.4166114203e-16,0.0000e+00
1371.932,1.2799904279e-03,8.257674e-06,1.5058473644e+00,1.5058259862e+00,-4.5176761472e-15,4.4834136654e-15,0.0000e+00
1372.957,1.2799904175e-03,8.272230e-06,1.5058473644e+00,1.5058259862e+00,8.0028129868e-16,3.8540343042e-15,0.0000e+00
1373.983,1.2799904146e-03,8.282696e-06,1.5058473644e+00,1.5058259862e+00,-5.6708742355e-15,9.6131265091e-15,0.0000e+00
1375.008,1.2799904189e-03,8.289056e-06,1.5058473644e+00,1.5058259862e+00,-1.1109909486e-15,3.2013445964e-15,0.0000e+00
1376.034,1.2799904305e-03,8.291329e-06,1.5058473644e+00,1.5058259862e+00,-2.0051324802e-15,3.6877447960e-15,0.0000e+00
1377.059,1.2799904489e-03,8.289575e-06,1.5058473644e+00,1.5058259862e+00,6.5439913852e-15,2.7039375847e-16,0.0000e+00
1378.084,1.2799904741e-03,8.283890e-06,1.5058473644e+00,1.5058259862e+00,1.4184933774e-15,3.9585513937e-15,0.0000e+00
1379.110,1.2799905056e-03,8.274405e-06,1.5058473644e+00,1.5058259862e+00,9.7784917264e-15,7.3418855881e-15,0.0000e+00
1380.135,1.2799905432e-03,8.261282e-06,1.5058473644e+00,1.5058259862e+00,-3.9357441837e-15,5.0798874906e-15,0.0000e+00
1381.160,1.2799905865e-03,8.244710e-06,1.5058473644e+00,1.5058259862e+00,-1.7850123341e-15,3.0344587770e-15,0.0000e+00
1382.186,1.2799906350e-03,8.224906e-06,1.5058473645e+00,1.5058259863e+00,-3.1821423587e-15,2.3651244058e-16,0.0000e+00
1383.211,1.2799906883e-03,8.202108e-06,1.5058473645e+00,1.5058259863e+00,-7.5142618742e-15,9.3392841454e-15,0.0000e+00
1384.236,1.2799907459e-03,8.176573e-06,1.5058473645e+00,1.5058259863e+00,-1.6510320507e-15,6.3772980203e-15,0.0000e+00
1385.262,1.2799908074e-03,8.148573e-06,1.5058473645e+00,1.5058259863e+00,-1.4472155948e-15,4.8969283740e-15,0.0000e+00
1386.287,1.2799908721e-03,8.118394e-06,1.5058473645e+00,1.5058259863e+00,1.3631177515e-15,5.0313965484e-15,0.0000e+00
1387.313,1.2799909396e-03,8.086331e-06,1.5058473646e+00,1.5058259863e+00,2.0795856521e-15,4.7746303689e-15,0.0000e+00
1388.338,1.2799910092e-03,8.052683e-06,1.5058473646e+00,1.5058259864e+00,-2.8602156286e-15,8.5609354058e-15,0.0000e+00
1389.363,1.2799910806e-03,8.017753e-06,1.5058473646e+00,1.5058259864e+00,-3.4575297105e-15,4.1808399441e-15,0.0000e+00
1390.389,1.2799911529e-03,7.981843e-06,1.5058473646e+00,1.5058259864e+00,-9.2787331473e-15,8.2492543862e-15,0.0000e+00
1391.414,1.2799912259e-03,7.945251e-06,1.5058473646e+00,1.5058259864e+00,-9.6453967695e-15,7.6190618735e-15,0.0000e+00
1392.439,1.2799912987e-03,7.908270e-06,1.5058473647e+00,1.5058259865e+00,-1.8582908485e-15,3.5109656318e-15,0.0000e+00
1393.465,1.2799913710e-03,7.871182e-06,1.5058473647e+00,1.5058259865e+00,-2.4254641099e-15,4.0487028043e-15,0.0000e+00
1394.490,1.2799914422e-03,7.834262e-06,1.5058473647e+00,1.5058259865e+00,-1.6583368629e-15,1.7046306023e-15,0.0000e+00
1395.515,1.2799915117e-03,7.797772e-06,1.5058473647e+00,1.5058259865e+00,-1.8256428107e-15,6.9900077730e-15,0.0000e+00
1396.541,1.2799915791e-03,7.761957e-06,1.5058473648e+00,1.5058259865e+00,2.7259192246e-15,4.9510029573e-15,0.0000e+00
1397.566,1.2799916438e-03,7.727053e-06,1.5058473648e+00,1.5058259866e+00,2.9366072843e-16,3.3205775703e-16,0.0000e+00
1398.591,1.2799917056e-03,7.693276e-06,1.5058473648e+00,1.5058259866e+00,3.8870997513e-15,2.8789570804e-15,0.0000e+00
1399.617,1.2799917639e-03,7.660829e-06,1.5058473648e+00,1.5058259866e+00,7.4470098221e-15,9.4438803900e-16,0.0000e+00
1400.642,1.2799918183e-03,7.629896e-06,1.5058473649e+00,1.5058259866e+00,3.0432656730e-16,1.2083912680e-15,0.0000e+00
1401.668,1.2799918686e-03,7.600648e-06,1.5058473649e+00,1.5058259867e+00,9.6962820966e-15,5.9320161880e-15,0.0000e+00
1402.693,1.2799919144e-03,7.573236e-06,1.5058473649e+00,1.5058259867e+00,1.2171800259e-14,4.6728779950e-15,0.0000e+00
1403.718,1.2799919553e-03,7.547799e-06,1.5058473649e+00,1.5058259867e+00,1.0077433370e-14,1.5885645998e-16,0.0000e+00
1404.744,1.2799919912e-03,7.524459e-06,1.5058473649e+00,1.5058259867e+00,1.4853479938e-15,-5.4432996404e-16,0.0000e+00
1405.769,1.2799920218e-03,7.503322e-06,1.5058473650e+00,1.5058259867e+00,1.8007410033e-14,1.2348729061e-15,0.0000e+00
1406.794,1.2799920470e-03,7.484480e-06,1.5058473650e+00,1.5058259867e+00,9.1529070727e-15,-6.0108794777e-16,0.0000e+00
1407.820,1.2799920667e-03,7.468013e-06,1.5058473650e+00,1.5058259868e+00,4.5120880936e-15,-2.1428505421e-15,0.0000e+00
1408.845,1.2799920809e-03,7.453986e-06,1.5058473650e+00,1.5058259868e+00,1.0986333604e-14,-1.5353991699e-15,0.0000e+00
1409.870,1.2799920894e-03,7.442449e-06,1.5058473650e+00,1.5058259868e+00,4.2672887955e-15,-1.2542134965e-16,0.0000e+00
1410.896,1.2799920924e-03,7.433441e-06,1.5058473650e+00,1.5058259868e+00,1.0298204509e-15,9.0251636710e-15,0.0000e+00
1411.921,1.2799920899e-03,7.426987e-06,1.5058473650e+00,1.5058259868e+00,5.3658024367e-15,1.8318888323e-15,0.0000e+00
1412.947,1.2799920820e-03,7.423099e-06,1.5058473650e+00,1.5058259868e+00,2.3746512731e-15,-1.2613399658e-15,0.0000e+00
1413.972,1.2799920689e-03,7.421776e-06,1.5058473651e+00,1.5058259868e+00,-2.1912624167e-16,1.5570435816e-15,0.0000e+00
1414.997,1.2799920506e-03,7.423001e-06,1.5058473651e+00,1.5058259868e+00,8.7201748806e-15,2.3173945652e-15,0.0000e+00
1416.023,1.2799920274e-03,7.426745e-06,1.5058473651e+00,1.5058259868e+00,3.1470369008e-15,1.1685739432e-15,0.0000e+00
1417.048,1.2799919996e-03,7.432963e-06,1.5058473651e+00,1.5058259868e+00,2.1256913493e-15,1.0699657556e-15,0.0000e+00
1418.073,1.2799919674e-03,7.441596e-06,1.5058473651e+00,1.5058259869e+00,2.1658474873e-15,-2.7888724066e-15,0.0000e+00
1419.099,1.2799919312e-03,7.452569e-06,1.5058473651e+00,1.5058259869e+00,1.0978324060e-14,5.0107424970e-15,0.0000e+00
1420.124,1.2799918912e-03,7.465792e-06,1.5058473651e+00,1.5058259869e+00,3.0247660008e-15,9.3506390031e-16,0.0000e+00
1421.149,1.2799918478e-03,7.481159e-06,1.5058473651e+00,1.5058259869e+00,-1.3617669113e-15,2.0811740168e-15,0.0000e+00
1422.175,1.2799918013e-03,7.498547e-06,1.5058473651e+00,1.5058259869e+00,5.8599953395e-15,-7.4870423357e-17,0.0000e+00
1423.200,1.2799917523e-03,7.517819e-06,1.5058473651e+00,1.5058259869e+00,-3.0447486982e-18,7.3607778109e-15,0.0000e+00
1424.225,1.2799917010e-03,7.538824e-06,1.5058473651e+00,1.5058259869e+00,7.0190481194e-15,6.3851042759e-15,0.0000e+00
1425.251,1.2799916479e-03,7.561393e-06,1.5058473651e+00,1.5058259869e+00,6.6044632328e-16,3.6848987653e-15,0.0000e+00
1426.276,1.2799915934e-03,7.585347e-06,1.5058473651e+00,1.5058259869e+00,1.9722225318e-15,1.7353406289e-15,0.0000e+00
1427.302,1.2799915380e-03,7.610494e-06,1.5058473651e+00,1.5058259869e+00,5.6119705400e-15,4.0320331959e-15,0.0000e+00
1428.327,1.2799914820e-03,7.636632e-06,1.5058473651e+00,1.5058259869e+00,8.1670013798e-15,2.8305474534e-15,0.0000e+00
1429.352,1.2799914259e-03,7.663547e-06,1.5058473651e+00,1.5058259869e+00,7.8435838717e-15,-4.7927999371e-17,0.0000e+00
1430.378,1.2799913702e-03,7.691021e-06,1.5058473651e+00,1.5058259869e+00,-1.0871520534e-15,2.8145012613e-15,0.0000e+00
1431.403,1.2799913152e-03,7.718830e-06,1.5058473651e+00,1.5058259869e+00,-1.3713756529e-15,4.4509960204e-15,0.0000e+00
1432.428,1.2799912613e-03,7.746746e-06,1.5058473651e+00,1.5058259869e+00,2.2806509449e-15,-2.8653379248e-16,0.0000e+00
1433.454,1.2799912090e-03,7.774542e-06,1.5058473651e+00,1.5058259869e+00,-5.4349111853e-15,-1.0595699415e-15,0.0000e+00
1434.479,1.2799911585e-03,7.801990e-06,1.5058473651e+00,1.5058259869e+00,-5.9552062553e-15,-4.3504238506e-16,0.0000e+00
1435.504,1.2799911103e-03,7.828869e-06,1.5058473651e+00,1.5058259869e+00,-7.0501013717e-15,1.7240898713e-16,0.0000e+00
1436.530,1.2799910647e-03,7.854961e-06,1.5058473651e+00,1.5058259869e+00,-2.8499021555e-15,1.2197482858e-15,0.0000e+00
1437.555,1.2799910219e-03,7.880058e-06,1.5058473651e+00,1.5058259869e+00,-1.4709718670e-14,4.1520272713e-15,0.0000e+00
1438.581,1.2799909823e-03,7.903962e-06,1.5058473651e+00,1.5058259869e+00,-1.3953514760e-14,2.1896213392e-15,0.0000e+00
1439.606,1.2799909461e-03,7.926487e-06,1.5058473651e+00,1.5058259869e+00,-6.3588953817e-15,3.2876741944e-15,0.0000e+00
1440.631,1.2799909136e-03,7.947461e-06,1.5058473651e+00,1.5058259869e+00,-3.4989462336e-15,-7.8263760156e-16,0.0000e+00
1441.657,1.2799908848e-03,7.966729e-06,1.5058473651e+00,1.5058259869e+00,-3.8438038396e-15,4.1930372185e-15,0.0000e+00
1442.682,1.2799908600e-03,7.984152e-06,1.5058473651e+00,1.5058259869e+00,2.6165232254e-15,-4.0014712213e-15,0.0000e+00
1443.707,1.2799908393e-03,7.999608e-06,1.5058473651e+00,1.5058259869e+00,-1.8489255797e-16,-9.2163448008e-17,0.0000e+00
1444.733,1.2799908228e-03,8.012997e-06,1.5058473651e+00,1.5058259869e+00,1.7889652598e-15,1.2687271189e-15,0.0000e+00
1445.758,1.2799908106e-03,8.024237e-06,1.5058473651e+00,1.5058259869e+00,2.0710069024e-15,-1.9607858923e-15,0.0000e+00
1446.783,1.2799908026e-03,8.033267e-06,1.5058473651e+00,1.5058259869e+00,6.0450144404e-15,-2.8968589430e-15,0.0000e+00
1447.809,1.2799907990e-03,8.040048e-06,1.5058473651e+00,1.5058259869e+00,6.3722266560e-15,4.8960610122e-15,0.0000e+00
1448.834,1.2799907995e-03,8.044559e-06,1.5058473651e+00,1.5058259869e+00,8.5405632384e-15,5.8563117713e-15,0.0000e+00
1449.859,1.2799908042e-03,8.046802e-06,1.5058473651e+00,1.5058259869e+00,2.0205915014e-15,-6.2710879991e-16,0.0000e+00
1450.885,1.2799908129e-03,8.046796e-06,1.5058473651e+00,1.5058259869e+00,9.5046087051e-15,4.2407150091e-15,0.0000e+00
1451.910,1.2799908256e-03,8.044581e-06,1.5058473652e+00,1.5058259869e+00,1.0543043993e-14,5.7266716415e-17,0.0000e+00
1452.936,1.2799908421e-03,8.040216e-06,1.5058473652e+00,1.5058259870e+00,5.9757662350e-17,-2.3759540092e-15,0.0000e+00
1453.961,1.2799908621e-03,8.033775e-06,1.5058473652e+00,1.5058259870e+00,1.0630742397e-14,-1.1662825403e-15,0.0000e+00
1454.986,1.2799908854e-03,8.025349e-06,1.5058473652e+00,1.5058259870e+00,9.6466662948e-15,4.7966396730e-15,0.0000e+00
1456.012,1.2799909120e-03,8.015044e-06,1.5058473652e+00,1.5058259870e+00,1.7998356945e-14,3.2869423579e-15,0.0000e+00
1457.037,1.2799909414e-03,8.002979e-06,1.5058473652e+00,1.5058259870e+00,1.1556393554e-14,3.5479889760e-16,0.0000e+00
1458.062,1.2799909734e-03,7.989284e-06,1.5058473652e+00,1.5058259870e+00,1.9425302529e-14,-4.6044773646e-15,0.0000e+00
1459.088,1.2799910078e-03,7.974100e-06,1.5058473652e+00,1.5058259870e+00,4.6145456726e-16,3.0772576578e-15,0.0000e+00
1460.113,1.2799910442e-03,7.957576e-06,1.5058473653e+00,1.5058259870e+00,1.0343239086e-14,1.4438236097e-16,0.0000e+00
1461.138,1.2799910823e-03,7.939868e-06,1.5058473653e+00,1.5058259871e+00,9.3998747752e-15,1.6803715787e-15,0.0000e+00
1462.164,1.2799911218e-03,7.921136e-06,1.5058473653e+00,1.5058259871e+00,1.0529857384e-14,1.4564296200e-15,0.0000e+00
1463.189,1.2799911624e-03,7.901545e-06,1.5058473653e+00,1.5058259871e+00,8.5380289157e-15,3.4740214428e-15,0.0000e+00
1464.215,1.2799912038e-03,7.881262e-06,1.5058473653e+00,1.5058259871e+00,1.4822593256e-14,7.6188970831e-16,0.0000e+00
1465.240,1.2799912456e-03,7.860453e-06,1.5058473653e+00,1.5058259871e+00,9.1266016176e-15,1.1510480311e-14,0.0000e+00
1466.265,1.2799912874e-03,7.839284e-06,1.5058473654e+00,1.5058259871e+00,1.4701989317e-14,-1.5516622025e-15,0.0000e+00
1467.291,1.2799913291e-03,7.817919e-06,1.5058473654e+00,1.5058259872e+00,1.2944971934e-14,-1.6391031077e-15,0.0000e+00
1468.316,1.2799913703e-03,7.796519e-06,1.5058473654e+00,1.5058259872e+00,-3.1951934424e-15,5.7244185771e-15,0.0000e+00
1469.341,1.2799914106e-03,7.775240e-06,1.5058473654e+00,1.5058259872e+00,1.1035868563e-15,5.3040462897e-15,0.0000e+00
1470.367,1.2799914497e-03,7.754232e-06,1.5058473654e+00,1.5058259872e+00,3.0135987185e-15,6.8247753619e-15,0.0000e+00
1471.392,1.2799914875e-03,7.733639e-06,1.5058473654e+00,1.5058259872e+00,8.3021878381e-15,7.8914405643e-15,0.0000e+00
1472.417,1.2799915236e-03,7.713598e-06,1.5058473655e+00,1.5058259872e+00,-6.4035233811e-16,1.3939795749e-15,0.0000e+00
1473.443,1.2799915578e-03,7.694240e-06,1.5058473655e+00,1.5058259873e+00,-1.0555611126e-15,8.5345079778e-15,0.0000e+00
1474.468,1.2799915898e-03,7.675685e-06,1.5058473655e+00,1.5058259873e+00,3.2886201521e-15,9.2479943225e-15,0.0000e+00
1475.493,1.2799916195e-03,7.658046e-06,1.5058473655e+00,1.5058259873e+00,3.9908583718e-16,7.7823427206e-15,0.0000e+00
1476.519,1.2799916466e-03,7.641427e-06,1.5058473655e+00,1.5058259873e+00,1.2742592046e-14,3.4491390029e-15,0.0000e+00
1477.544,1.2799916709e-03,7.625923e-06,1.5058473655e+00,1.5058259873e+00,4.4338493544e-15,4.0030307878e-15,0.0000e+00
1478.570,1.2799916925e-03,7.611620e-06,1.5058473656e+00,1.5058259873e+00,7.2523548745e-15,3.0076518783e-15,0.0000e+00
1479.595,1.2799917110e-03,7.598593e-06,1.5058473656e+00,1.5058259873e+00,8.4676099846e-15,9.3441337901e-16,0.0000e+00
1480.620,1.2799917264e-03,7.586908e-06,1.5058473656e+00,1.5058259874e+00,6.9500250987e-15,7.5230557711e-15,0.0000e+00
1481.646,1.2799917388e-03,7.576623e-06,1.5058473656e+00,1.5058259874e+00,5.7895493034e-15,4.0631226932e-15,0.0000e+00
1482.671,1.2799917479e-03,7.567785e-06,1.5058473656e+00,1.5058259874e+00,-7.2690288954e-15,8.7644130485e-15,0.0000e+00
1483.696,1.2799917537e-03,7.560431e-06,1.5058473656e+00,1.5058259874e+00,6.8662433757e-15,5.7045776773e-15,0.0000e+00
1484.722,1.2799917564e-03,7.554588e-06,1.5058473656e+00,1.5058259874e+00,7.0510998461e-15,8.0586787494e-15,0.0000e+00
1485.747,1.2799917559e-03,7.550276e-06,1.5058473656e+00,1.5058259874e+00,7.2340318577e-15,1.0953471445e-14,0.0000e+00
1486.772,1.2799917523e-03,7.547501e-06,1.5058473657e+00,1.5058259874e+00,-1.0757408256e-15,6.1647130793e-15,0.0000e+00
1487.798,1.2799917456e-03,7.546262e-06,1.5058473657e+00,1.5058259874e+00,3.6081074272e-15,2.3059020221e-15,0.0000e+00
1488.823,1.2799917359e-03,7.546548e-06,1.5058473657e+00,1.5058259874e+00,6.6407840056e-16,3.9462456990e-15,0.0000e+00
1489.849,1.2799917233e-03,7.548337e-06,1.5058473657e+00,1.5058259875e+00,4.5257766176e-16,-2.5650930782e-15,0.0000e+00
1490.874,1.2799917081e-03,7.551599e-06,1.5058473657e+00,1.5058259875e+00,3.8293659855e-15,-3.6815231602e-15,0.0000e+00
1491.899,1.2799916902e-03,7.556292e-06,1.5058473657e+00,1.5058259875e+00,1.1150576681e-14,6.3629052364e-15,0.0000e+00
1492.925,1.2799916700e-03,7.562368e-06,1.5058473657e+00,1.5058259875e+00,6.3860773386e-15,6.3407333020e-15,0.0000e+00
1493.950,1.2799916476e-03,7.569767e-06,1.5058473657e+00,1.5058259875e+00,8.4839276988e-16,-6.9527801151e-16,0.0000e+00
1494.975,1.2799916231e-03,7.578420e-06,1.5058473657e+00,1.5058259875e+00,1.1234629454e-14,5.7739937214e-15,0.0000e+00
1496.001,1.2799915969e-03,7.588251e-06,1.5058473657e+00,1.5058259875e+00,1.0221849100e-14,3.2784584759e-15,0.0000e+00
1497.026,1.2799915691e-03,7.599174e-06,1.5058473657e+00,1.5058259875e+00,4.3357290577e-15,2.5338284239e-15,0.0000e+00
1498.051,1.2799915399e-03,7.611097e-06,1.5058473657e+00,1.5058259875e+00,7.3694216041e-15,6.2926489357e-15,0.0000e+00
1499.077,1.2799915096e-03,7.623920e-06,1.5058473657e+00,1.5058259875e+00,1.0345339727e-14,2.1369833237e-15,0.0000e+00
1500.102,1.2799914785e-03,7.637537e-06,1.5058473657e+00,1.5058259875e+00,6.5784554617e-15,7.4136326668e-15,0.0000e+00
1501.127,1.2799914467e-03,7.651834e-06,1.5058473657e+00,1.5058259875e+00,-1.1537898294e-15,6.7139970049e-15,0.0000e+00
1502.153,1.2799914146e-03,7.666696e-06,1.5058473657e+00,1.5058259875e+00,1.8066146685e-14,1.4582727637e-15,0.0000e+00
1503.178,1.2799913823e-03,7.682001e-06,1.5058473657e+00,1.5058259875e+00,6.1488539034e-15,9.4560776644e-16,0.0000e+00
1504.204,1.2799913501e-03,7.697625e-06,1.5058473657e+00,1.5058259875e+00,1.0396351439e-14,4.9282889218e-15,0.0000e+00
1505.229,1.2799913183e-03,7.713443e-06,1.5058473657e+00,1.5058259875e+00,-2.3046026729e-15,1.2011000084e-15,0.0000e+00
1506.254,1.2799912870e-03,7.729327e-06,1.5058473658e+00,1.5058259875e+00,1.0186978447e-14,-2.3050200821e-15,0.0000e+00
1507.280,1.2799912566e-03,7.745152e-06,1.5058473658e+00,1.5058259875e+00,4.3208619355e-15,2.4401533562e-15,0.0000e+00
1508.305,1.2799912271e-03,7.760791e-06,1.5058473658e+00,1.5058259875e+00,1.4138312607e-14,2.3483756423e-15,0.0000e+00
1509.330,1.2799911989e-03,7.776123e-06,1.5058473658e+00,1.5058259875e+00,4.3803168721e-15,3.4870047638e-15,0.0000e+00
1510.356,1.2799911721e-03,7.791027e-06,1.5058473658e+00,1.5058259876e+00,1.8482764923e-14,1.3842217553e-15,0.0000e+00
1511.381,1.2799911468e-03,7.805390e-06,1.5058473658e+00,1.5058259876e+00,8.8154762516e-15,3.1191891768e-15,0.0000e+00
1512.406,1.2799911234e-03,7.819102e-06,1.5058473658e+00,1.5058259876e+00,7.1430130854e-15,-1.7944172289e-16,0.0000e+00
1513.432,1.2799911018e-03,7.832061e-06,1.5058473658e+00,1.5058259876e+00,8.1701862236e-15,1.5140820705e-15,0.0000e+00
1514.457,1.2799910822e-03,7.844171e-06,1.5058473658e+00,1.5058259876e+00,5.4405852817e-15,3.1549678485e-15,0.0000e+00
1515.483,1.2799910648e-03,7.855346e-06,1.5058473658e+00,1.5058259876e+00,3.9500783450e-15,4.5156686800e-15,0.0000e+00
1516.508,1.2799910496e-03,7.865508e-06,1.5058473658e+00,1.5058259876e+00,5.2248561544e-15,2.9408921295e-15,0.0000e+00
1517.533,1.2799910368e-03,7.874587e-06,1.5058473658e+00,1.5058259876e+00,9.1791718704e-15,-4.5406178567e-15,0.0000e+00
1518.559,1.2799910263e-03,7.882527e-06,1.5058473658e+00,1.5058259876e+00,1.0345190649e-14,6.0451255797e-15,0.0000e+00
1519.584,1.2799910182e-03,7.889278e-06,1.5058473658e+00,1.5058259876e+00,6.3935312286e-15,2.7315847401e-16,0.0000e+00
1520.609,1.2799910126e-03,7.894804e-06,1.5058473658e+00,1.5058259876e+00,6.6873364649e-15,9.9095452230e-16,0.0000e+00
1521.635,1.2799910094e-03,7.899077e-06,1.5058473658e+00,1.5058259876e+00,1.0864835198e-14,1.5150849575e-15,0.0000e+00
1522.660,1.2799910086e-03,7.902082e-06,1.5058473658e+00,1.5058259876e+00,1.4629347771e-14,1.6018460764e-16,0.0000e+00
1523.685,1.2799910103e-03,7.903814e-06,1.5058473658e+00,1.5058259876e+00,3.0207544529e-15,-4.2008039508e-16,0.0000e+00
1524.711,1.2799910142e-03,7.904279e-06,1.5058473659e+00,1.5058259876e+00,7.4734643551e-15,2.9991679963e-15,0.0000e+00
1525.736,1.2799910205e-03,7.903494e-06,1.5058473659e+00,1.5058259877e+00,1.5681267824e-14,7.6801545059e-16,0.0000e+00
1526.762,1.2799910289e-03,7.901483e-06,1.5058473659e+00,1.5058259877e+00,2.9635898933e-15,-3.9277454736e-15,0.0000e+00
1527.787,1.2799910394e-03,7.898283e-06,1.5058473659e+00,1.5058259877e+00,4.2945835853e-15,2.3053057110e-15,0.0000e+00
1528.812,1.2799910519e-03,7.893938e-06,1.5058473659e+00,1.5058259877e+00,1.1581126916e-14,4.4975353987e-15,0.0000e+00
1529.838,1.2799910663e-03,7.888502e-06,1.5058473659e+00,1.5058259877e+00,4.5120745411e-15,-7.4122086257e-15,0.0000e+00
1530.863,1.2799910823e-03,7.882034e-06,1.5058473659e+00,1.5058259877e+00,1.3124759759e-14,1.0290642287e-15,0.0000e+00
1531.888,1.2799911000e-03,7.874603e-06,1.5058473659e+00,1.5058259877e+00,5.0600709767e-15,-5.2449969031e-15,0.0000e+00
1532.914,1.2799911190e-03,7.866282e-06,1.5058473659e+00,1.5058259877e+00,3.3745702793e-15,-4.2887305869e-15,0.0000e+00
1533.939,1.2799911393e-03,7.857151e-06,1.5058473659e+00,1.5058259877e+00,1.7407548076e-14,2.8463768051e-15,0.0000e+00
1534.964,1.2799911606e-03,7.847294e-06,1.5058473660e+00,1.5058259878e+00,1.8525306305e-14,-1.4168438224e-16,0.0000e+00
1535.990,1.2799911828e-03,7.836797e-06,1.5058473660e+00,1.5058259878e+00,1.4473331079e-14,-3.4929532974e-15,0.0000e+00
1537.015,1.2799912057e-03,7.825751e-06,1.5058473660e+00,1.5058259878e+00,1.6250921198e-14,1.1751604714e-15,0.0000e+00
1538.040,1.2799912291e-03,7.814250e-06,1.5058473660e+00,1.5058259878e+00,1.8539319618e-14,2.5598763811e-15,0.0000e+00
1539.066,1.2799912529e-03,7.802387e-06,1.5058473660e+00,1.5058259878e+00,1.7561857150e-14,4.0499745818e-16,0.0000e+00
1540.091,1.2799912767e-03,7.790256e-06,1.5058473660e+00,1.5058259878e+00,1.5528178477e-14,-1.8600635105e-15,0.0000e+00
1541.117,1.2799913006e-03,7.777952e-06,1.5058473660e+00,1.5058259878e+00,1.8037577958e-14,1.7465350163e-15,0.0000e+00
1542.142,1.2799913242e-03,7.765568e-06,1.5058473661e+00,1.5058259878e+00,1.7606932855e-14,-2.0584454030e-15,0.0000e+00
1543.167,1.2799913474e-03,7.753195e-06,1.5058473661e+00,1.5058259879e+00,6.9072939806e-15,-2.4755672438e-16,0.0000e+00
1544.193,1.2799913700e-03,7.740924e-06,1.5058473661e+00,1.5058259879e+00,1.7438502048e-14,2.1733854116e-15,0.0000e+00
1545.218,1.2799913918e-03,7.728841e-06,1.5058473661e+00,1.5058259879e+00,1.4960300484e-14,-3.7116368756e-15,0.0000e+00
1546.243,1.2799914128e-03,7.717029e-06,1.5058473661e+00,1.5058259879e+00,1.1254294171e-14,-2.7619570876e-15,0.0000e+00
1547.269,1.2799914327e-03,7.705567e-06,1.5058473661e+00,1.5058259879e+00,1.7729542568e-14,-6.6277341438e-15,0.0000e+00
1548.294,1.2799914515e-03,7.694533e-06,1.5058473661e+00,1.5058259879e+00,5.9620865266e-15,-4.9098700116e-15,0.0000e+00
1549.319,1.2799914689e-03,7.683995e-06,1.5058473662e+00,1.5058259879e+00,2.1606595327e-14,-4.5853411963e-15,0.0000e+00
1550.345,1.2799914849e-03,7.674020e-06,1.5058473662e+00,1.5058259879e+00,1.6488429236e-14,-2.5066274760e-15,0.0000e+00
1551.370,1.2799914994e-03,7.664668e-06,1.5058473662e+00,1.5058259880e+00,2.1973001451e-14,-3.7440816256e-15,0.0000e+00
1552.396,1.2799915122e-03,7.655995e-06,1.5058473662e+00,1.5058259880e+00,1.5290900832e-14,-3.1699152601e-15,0.0000e+00
1553.421,1.2799915234e-03,7.648050e-06,1.5058473662e+00,1.5058259880e+00,1.4947262953e-14,-5.7309092117e-15,0.0000e+00
1554.446,1.2799915328e-03,7.640877e-06,1.5058473662e+00,1.5058259880e+00,1.2774576010e-14,-5.8368357640e-15,0.0000e+00
1555.472,1.2799915405e-03,7.634512e-06,1.5058473662e+00,1.5058259880e+00,1.4151851582e-14,-5.7064604527e-15,0.0000e+00
1556.497,1.2799915463e-03,7.628989e-06,1.5058473662e+00,1.5058259880e+00,2.1972879478e-14,-8.5286679728e-16,0.0000e+00
1557.522,1.2799915502e-03,7.624331e-06,1.5058473662e+00,1.5058259880e+00,1.8556585538e-14,-5.8161817126e-15,0.0000e+00
1558.548,1.2799915523e-03,7.620557e-06,1.5058473663e+00,1.5058259880e+00,2.3136445250e-14,7.4362090171e-16,0.0000e+00
1559.573,1.2799915525e-03,7.617681e-06,1.5058473663e+00,1.5058259880e+00,1.9229739562e-14,-1.3121348375e-15,0.0000e+00
1560.598,1.2799915510e-03,7.615708e-06,1.5058473663e+00,1.5058259881e+00,1.3909193583e-14,-7.5439933997e-15,0.0000e+00
1561.624,1.2799915476e-03,7.614640e-06,1.5058473663e+00,1.5058259881e+00,1.2921797112e-14,-7.5891504202e-15,0.0000e+00
1562.649,1.2799915425e-03,7.614468e-06,1.5058473663e+00,1.5058259881e+00,2.2351726823e-14,-1.6884072015e-15,0.0000e+00
1563.674,1.2799915358e-03,7.615182e-06,1.5058473663e+00,1.5058259881e+00,2.3868173296e-14,-8.5076865007e-15,0.0000e+00
1564.700,1.2799915274e-03,7.616763e-06,1.5058473663e+00,1.5058259881e+00,2.3862277947e-14,-3.1999476603e-15,0.0000e+00
1565.725,1.2799915176e-03,7.619187e-06,1.5058473663e+00,1.5058259881e+00,2.4356267562e-14,-2.9902900652e-15,0.0000e+00
1566.751,1.2799915063e-03,7.622423e-06,1.5058473663e+00,1.5058259881e+00,2.1461678154e-14,-6.1437733990e-15,0.0000e+00
1567.776,1.2799914937e-03,7.626437e-06,1.5058473663e+00,1.5058259881e+00,2.5912409387e-14,-1.3330895390e-14,0.0000e+00
1568.801,1.2799914799e-03,7.631187e-06,1.5058473663e+00,1.5058259881e+00,2.6082859521e-14,-6.4896609971e-15,0.0000e+00
1569.827,1.2799914650e-03,7.636629e-06,1.5058473663e+00,1.5058259881e+00,3.1102037954e-14,-9.2956575346e-15,0.0000e+00
1570.852,1.2799914492e-03,7.642712e-06,1.5058473664e+00,1.5058259881e+00,2.7711697103e-14,-7.4280921875e-15,0.0000e+00
1571.877,1.2799914326e-03,7.649380e-06,1.5058473664e+00,1.5058259881e+00,1.4746915944e-14,-9.0876533478e-15,0.0000e+00
1572.903,1.2799914152e-03,7.656577e-06,1.5058473664e+00,1.5058259882e+00,2.1345234841e-14,-8.0086011357e-15,0.0000e+00
1573.928,1.2799913974e-03,7.664240e-06,1.5058473664e+00,1.5058259882e+00,3.0183705161e-14,-1.0438975831e-14,0.0000e+00
1574.953,1.2799913791e-03,7.672304e-06,1.5058473664e+00,1.5058259882e+00,3.0564449859e-14,-1.4161855040e-14,0.0000e+00
1575.979,1.2799913605e-03,7.680702e-06,1.5058473664e+00,1.5058259882e+00,2.7912477793e-14,-1.0229264025e-14,0.0000e+00
1577.004,1.2799913418e-03,7.689365e-06,1.5058473664e+00,1.5058259882e+00,2.3324581432e-14,-9.7852290256e-15,0.0000e+00
1578.030,1.2799913232e-03,7.698222e-06,1.5058473664e+00,1.5058259882e+00,2.4198475488e-14,-9.2654082940e-15,0.0000e+00
1579.055,1.2799913046e-03,7.707201e-06,1.5058473664e+00,1.5058259882e+00,2.5707075048e-14,-7.6391321404e-15,0.0000e+00
1580.080,1.2799912864e-03,7.716230e-06,1.5058473664e+00,1.5058259882e+00,3.2798407778e-14,-9.4339204167e-15,0.0000e+00
1581.106,1.2799912686e-03,7.725239e-06,1.5058473664e+00,1.5058259882e+00,3.3565250422e-14,-4.5409431173e-15,0.0000e+00
1582.131,1.2799912513e-03,7.734156e-06,1.5058473664e+00,1.5058259882e+00,3.2959222065e-14,-1.0454344396e-14,0.0000e+00
1583.156,1.2799912347e-03,7.742912e-06,1.5058473664e+00,1.5058259882e+00,3.3220501236e-14,-1.0157083266e-14,0.0000e+00
1584.182,1.2799912188e-03,7.751440e-06,1.5058473664e+00,1.5058259882e+00,3.0015531852e-14,-1.3316990497e-14,0.0000e+00
1585.207,1.2799912039e-03,7.759675e-06,1.5058473664e+00,1.5058259882e+00,3.2205525372e-14,-1.4614211292e-14,0.0000e+00
1586.232,1.2799911899e-03,7.767555e-06,1.5058473664e+00,1.5058259882e+00,3.6282044226e-14,-1.1553562769e-14,0.0000e+00
1587.258,1.2799911769e-03,7.775024e-06,1.5058473664e+00,1.5058259882e+00,3.5658316268e-14,-1.9226569964e-14,0.0000e+00
1588.283,1.2799911651e-03,7.782026e-06,1.5058473665e+00,1.5058259882e+00,3.8122423203e-14,-1.5774931033e-14,0.0000e+00
1589.308,1.2799911545e-03,7.788512e-06,1.5058473665e+00,1.5058259883e+00,3.6452846725e-14,-1.5864730078e-14,0.0000e+00
1590.334,1.2799911452e-03,7.794437e-06,1.5058473665e+00,1.5058259883e+00,3.2638948743e-14,-1.4331749521e-14,0.0000e+00
1591.359,1.2799911372e-03,7.799762e-06,1.5058473665e+00,1.5058259883e+00,4.0924299773e-14,-1.3555514975e-14,0.0000e+00
1592.385,1.2799911306e-03,7.804452e-06,1.5058473665e+00,1.5058259883e+00,4.1075247820e-14,-1.5625853234e-14,0.0000e+00
1593.410,1.2799911253e-03,7.808480e-06,1.5058473665e+00,1.5058259883e+00,3.1234513907e-14,-1.9803094469e-14,0.0000e+00
1594.435,1.2799911214e-03,7.811820e-06,1.5058473665e+00,1.5058259883e+00,3.7555629413e-14,-1.8855718611e-14,0.0000e+00
1595.461,1.2799911189e-03,7.814458e-06,1.5058473665e+00,1.5058259883e+00,5.2388341836e-14,-2.3328459148e-14,0.0000e+00
1596.486,1.2799911178e-03,7.816381e-06,1.5058473665e+00,1.5058259883e+00,3.8626401031e-14,-2.0157520159e-14,0.0000e+00
1597.511,1.2799911181e-03,7.817585e-06,1.5058473665e+00,1.5058259883e+00,3.6860696478e-14,-1.9818408825e-14,0.0000e+00
1598.537,1.2799911198e-03,7.818069e-06,1.5058473665e+00,1.5058259883e+00,4.4916399934e-14,-2.0689538165e-14,0.0000e+00
1599.562,1.2799911227e-03,7.817841e-06,1.5058473665e+00,1.5058259883e+00,4.6465331816e-14,-2.2416130125e-14,0.0000e+00
1600.587,1.2799911270e-03,7.816912e-06,1.5058473666e+00,1.5058259883e+00,4.3553340963e-14,-2.2658124050e-14,0.0000e+00
1601.613,1.2799911324e-03,7.815299e-06,1.5058473666e+00,1.5058259883e+00,5.0752131680e-14,-2.5793284367e-14,0.0000e+00
1602.638,1.2799911391e-03,7.813024e-06,1.5058473666e+00,1.5058259884e+00,4.3800268008e-14,-2.7002278210e-14,0.0000e+00
1603.664,1.2799911468e-03,7.810116e-06,1.5058473666e+00,1.5058259884e+00,5.3683922775e-14,-2.5787185730e-14,0.0000e+00
1604.689,1.2799911555e-03,7.806605e-06,1.5058473666e+00,1.5058259884e+00,5.0572574248e-14,-2.4577785311e-14,0.0000e+00
1605.714,1.2799911651e-03,7.802526e-06,1.5058473666e+00,1.5058259884e+00,5.8894246050e-14,-2.5108637800e-14,0.0000e+00
1606.740,1.2799911756e-03,7.797921e-06,1.5058473666e+00,1.5058259884e+00,5.8364288028e-14,-2.7697821008e-14,0.0000e+00
1607.765,1.2799911868e-03,7.792830e-06,1.5058473666e+00,1.5058259884e+00,6.6267227399e-14,-2.2997560645e-14,0.0000e+00
1608.790,1.2799911987e-03,7.787301e-06,1.5058473666e+00,1.5058259884e+00,5.4354881289e-14,-2.7606395660e-14,0.0000e+00
1609.816,1.2799912111e-03,7.781381e-06,1.5058473666e+00,1.5058259884e+00,6.3581441777e-14,-3.1728749160e-14,0.0000e+00
1610.841,1.2799912239e-03,7.775120e-06,1.5058473667e+00,1.5058259884e+00,5.7640623736e-14,-3.2563747463e-14,0.0000e+00
1611.866,1.2799912371e-03,7.768570e-06,1.5058473667e+00,1.5058259885e+00,6.0856882375e-14,-2.9826868814e-14,0.0000e+00
1612.892,1.2799912505e-03,7.761785e-06,1.5058473667e+00,1.5058259885e+00,6.6798879487e-14,-3.9683377869e-14,0.0000e+00
1613.917,1.2799912640e-03,7.754817e-06,1.5058473667e+00,1.5058259885e+00,6.3728364724e-14,-3.4967450785e-14,0.0000e+00
1614.942,1.2799912776e-03,7.747721e-06,1.5058473667e+00,1.5058259885e+00,7.9902899309e-14,-3.8416650261e-14,0.0000e+00
1615.968,1.2799912910e-03,7.740551e-06,1.5058473667e+00,1.5058259885e+00,7.3412444976e-14,-3.3370800456e-14,0.0000e+00
1616.993,1.2799913042e-03,7.733360e-06,1.5058473667e+00,1.5058259885e+00,8.5962030913e-14,-3.3412623554e-14,0.0000e+00
1618.019,1.2799913172e-03,7.726200e-06,1.5058473667e+00,1.5058259885e+00,8.8399601999e-14,-3.9280108871e-14,0.0000e+00
1619.044,1.2799913298e-03,7.719123e-06,1.5058473667e+00,1.5058259885e+00,1.0739086672e-13,-2.8992710768e-14,0.0000e+00
1620.069,1.2799913418e-03,7.712178e-06,1.5058473668e+00,1.5058259885e+00,1.0651302888e-13,-2.4413718418e-14,0.0000e+00
1621.095,1.2799913533e-03,7.705412e-06,1.5058473668e+00,1.5058259886e+00,9.6217567497e-15,-4.9025297468e-14,0.0000e+00
1622.120,1.2799913642e-03,7.698873e-06,1.5058473668e+00,1.5058259886e+00,-2.0748167809e-13,-6.9552199045e-14,0.0000e+00
1623.145,1.2799913743e-03,7.692601e-06,1.5058473668e+00,1.5058259886e+00,-4.3633259255e-13,-4.9783317417e-14,0.0000e+00
1624.171,1.2799913837e-03,7.686638e-06,1.5058473668e+00,1.5058259886e+00,-5.4211284527e-13,4.0843730558e-15,0.0000e+00
1625.196,1.2799913922e-03,7.681021e-06,1.5058473668e+00,1.5058259886e+00,-4.0313399676e-13,4.5260962104e-14,0.0000e+00
1626.221,1.2799913998e-03,7.675784e-06,1.5058473668e+00,1.5058259886e+00,-5.4528507127e-14,4.4356114076e-14,0.0000e+00
1627.247,1.2799914064e-03,7.670958e-06,1.5058473668e+00,1.5058259886e+00,3.9020794431e-13,3.0091103462e-14,0.0000e+00
1628.272,1.2799914120e-03,7.666571e-06,1.5058473669e+00,1.5058259886e+00,7.8426844740e-13,-7.7398003121e-15,0.0000e+00
1629.298,1.2799914167e-03,7.662646e-06,1.5058473669e+00,1.5058259886e+00,1.0616330994e-12,-2.6801402652e-14,0.0000e+00
1630.323,1.2799914202e-03,7.659204e-06,1.5058473669e+00,1.5058259887e+00,1.2121873240e-12,-4.3789522547e-14,0.0000e+00
1631.348,1.2799914227e-03,7.656261e-06,1.5058473669e+00,1.5058259887e+00,1.2444393977e-12,-4.4052685520e-14,0.0000e+00
1632.374,1.2799914242e-03,7.653829e-06,1.5058473669e+00,1.5058259887e+00,1.1904242828e-12,-5.0881207642e-14,0.0000e+00
1633.399,1.2799914246e-03,7.651917e-06,1.5058473669e+00,1.5058259887e+00,1.0881207141e-12,-4.1272980885e-14,0.0000e+00
1634.424,1.2799914240e-03,7.650531e-06,1.5058473669e+00,1.5058259887e+00,9.2488281488e-13,-4.4620319567e-14,0.0000e+00
1635.450,1.2799914223e-03,7.649671e-06,1.5058473669e+00,1.5058259887e+00,7.1498195192e-13,-4.2022544057e-14,0.0000e+00
1636.475,1.2799914196e-03,7.649335e-06,1.5058473669e+00,1.5058259887e+00,4.7814554965e-13,-4.7101733079e-14,0.0000e+00
1637.500,1.2799914159e-03,7.649516e-06,1.5058473669e+00,1.5058259887e+00,2.1377625333e-13,-3.9127290575e-14,0.0000e+00
1638.526,1.2799914113e-03,7.650204e-06,1.5058473669e+00,1.5058259887e+00,-2.7898306262e-14,-4.5633696233e-14,0.0000e+00
1639.551,1.2799914058e-03,7.651386e-06,1.5058473670e+00,1.5058259887e+00,-2.5761202881e-13,-4.8023657291e-14,0.0000e+00
1640.577,1.2799913995e-03,7.653045e-06,1.5058473670e+00,1.5058259887e+00,-4.4826528100e-13,-4.8014929464e-14,0.0000e+00
1641.602,1.2799913924e-03,7.655159e-06,1.5058473670e+00,1.5058259888e+00,-6.1207249478e-13,-5.6135549526e-14,0.0000e+00
1642.627,1.2799913846e-03,7.657707e-06,1.5058473670e+00,1.5058259888e+00,-7.4236100208e-13,-5.9380647943e-14,0.0000e+00
1643.653,1.2799913762e-03,7.660662e-06,1.5058473670e+00,1.5058259888e+00,-8.6938816149e-13,-6.7212328126e-14,0.0000e+00
1644.678,1.2799913672e-03,7.663995e-06,1.5058473670e+00,1.5058259888e+00,-9.8642233789e-13,-7.1602100092e-14,0.0000e+00
1645.703,1.2799913576e-03,7.667675e-06,1.5058473670e+00,1.5058259888e+00,-1.0958934723e-12,-8.4011010797e-14,0.0000e+00
1646.729,1.2799913477e-03,7.671667e-06,1.5058473670e+00,1.5058259888e+00,-1.1996503869e-12,-8.7073800619e-14,0.0000e+00
1647.754,1.2799913374e-03,7.675937e-06,1.5058473670e+00,1.5058259888e+00,-1.2886941360e-12,-1.0540142519e-13,0.0000e+00
1648.779,1.2799913268e-03,7.680447e-06,1.5058473670e+00,1.5058259888e+00,-1.3653058266e-12,-1.0541760691e-13,0.0000e+00
1649.805,1.2799913160e-03,7.685159e-06,1.5058473670e+00,1.5058259888e+00,-1.4300051305e-12,-1.0967705778e-13,0.0000e+00
1650.830,1.2799913052e-03,7.690032e-06,1.5058473670e+00,1.5058259888e+00,-1.4679941651e-12,-1.2221908140e-13,0.0000e+00
1651.855,1.2799912943e-03,7.695027e-06,1.5058473670e+00,1.5058259888e+00,-1.4868373007e-12,-1.3278522788e-13,0.0000e+00
1652.881,1.2799912835e-03,7.700103e-06,1.5058473671e+00,1.5058259888e+00,-1.4828346702e-12,-1.2478083429e-13,0.0000e+00
1653.906,1.2799912728e-03,7.705218e-06,1.5058473671e+00,1.5058259888e+00,-1.4448753427e-12,-1.4036331318e-13,0.0000e+00
1654.932,1.2799912623e-03,7.710331e-06,1.5058473671e+00,1.5058259889e+00,-1.4004150848e-12,-1.4754311680e-13,0.0000e+00
1655.957,1.2799912521e-03,7.715403e-06,1.5058473671e+00,1.5058259889e+00,-1.3346784298e-12,-1.4856137238e-13,0.0000e+00
1656.982,1.2799912422e-03,7.720393e-06,1.5058473671e+00,1.5058259889e+00,-1.2607858776e-12,-1.5922081446e-13,0.0000e+00
1658.008,1.2799912328e-03,7.725263e-06,1.5058473671e+00,1.5058259889e+00,-1.1846627827e-12,-1.6073154177e-13,0.0000e+00
1659.033,1.2799912239e-03,7.729977e-06,1.5058473671e+00,1.5058259889e+00,-1.0886394821e-12,-1.6822028880e-13,0.0000e+00
1660.058,1.2799912155e-03,7.734498e-06,1.5058473671e+00,1.5058259889e+00,-9.9372083455e-13,-1.6778273191e-13,0.0000e+00
1661.084,1.2799912077e-03,7.738794e-06,1.5058473671e+00,1.5058259889e+00,-9.0248786448e-13,-1.7321290428e-13,0.0000e+00
1662.109,1.2799912005e-03,7.742834e-06,1.5058473671e+00,1.5058259889e+00,-7.8953905673e-13,-1.8578948685e-13,0.0000e+00
1663.134,1.2799911940e-03,7.746588e-06,1.5058473671e+00,1.5058259889e+00,-6.9283985101e-13,-1.8854566430e-13,0.0000e+00
1664.160,1.2799911882e-03,7.750030e-06,1.5058473671e+00,1.5058259889e+00,-5.8622705300e-13,-1.8916618031e-13,0.0000e+00
1665.185,1.2799911832e-03,7.753139e-06,1.5058473671e+00,1.5058259889e+00,-4.8697529655e-13,-1.8943620086e-13,0.0000e+00
1666.211,1.2799911789e-03,7.755892e-06,1.5058473671e+00,1.5058259889e+00,-3.7137622435e-13,-1.9750724578e-13,0.0000e+00
1667.236,1.2799911755e-03,7.758273e-06,1.5058473672e+00,1.5058259889e+00,-2.6202723887e-13,-2.0197255953e-13,0.0000e+00
1668.261,1.2799911728e-03,7.760268e-06,1.5058473672e+00,1.5058259889e+00,-1.5520589456e-13,-2.1035894465e-13,0.0000e+00
1669.287,1.2799911709e-03,7.761866e-06,1.5058473672e+00,1.5058259890e+00,-5.3531393494e-14,-2.1390358102e-13,0.0000e+00
1670.312,1.2799911699e-03,7.763059e-06,1.5058473672e+00,1.5058259890e+00,3.9209620484e-14,-2.0974723778e-13,0.0000e+00
1671.337,1.2799911696e-03,7.763844e-06,1.5058473672e+00,1.5058259890e+00,1.2586174151e-13,-2.1648200352e-13,0.0000e+00
1672.363,1.2799911701e-03,7.764218e-06,1.5058473672e+00,1.5058259890e+00,2.3365257940e-13,-2.2470548727e-13,0.0000e+00
1673.388,1.2799911714e-03,7.764186e-06,1.5058473672e+00,1.5058259890e+00,3.3501767627e-13,-2.2783200107e-13,0.0000e+00
1674.413,1.2799911734e-03,7.763750e-06,1.5058473672e+00,1.5058259890e+00,4.5544574429e-13,-2.2863105807e-13,0.0000e+00
1675.439,1.2799911761e-03,7.762921e-06,1.5058473672e+00,1.5058259890e+00,5.6701577213e-13,-2.3180880043e-13,0.0000e+00
1676.464,1.2799911796e-03,7.761710e-06,1.5058473672e+00,1.5058259890e+00,6.9981420747e-13,-2.3230363030e-13,0.0000e+00
1677.489,1.2799911836e-03,7.760129e-06,1.5058473672e+00,1.5058259890e+00,8.0556209675e-13,-2.4354526184e-13,0.0000e+00
1678.515,1.2799911883e-03,7.758197e-06,1.5058473673e+00,1.5058259890e+00,9.2058028053e-13,-2.5091415033e-13,0.0000e+00
1679.540,1.2799911935e-03,7.755933e-06,1.5058473673e+00,1.5058259890e+00,1.0121574848e-12,-2.5590156163e-13,0.0000e+00
1680.566,1.2799911992e-03,7.753356e-06,1.5058473673e+00,1.5058259891e+00,1.0856332291e-12,-2.6644897852e-13,0.0000e+00
1681.591,1.2799912053e-03,7.750492e-06,1.5058473673e+00,1.5058259891e+00,1.1229166514e-12,-2.6393062082e-13,0.0000e+00
1682.616,1.2799912118e-03,7.747365e-06,1.5058473673e+00,1.5058259891e+00,1.1216158527e-12,-2.7846085439e-13,0.0000e+00
1683.642,1.2799912187e-03,7.744001e-06,1.5058473673e+00,1.5058259891e+00,1.1027042904e-12,-2.9602926640e-13,0.0000e+00
1684.667,1.2799912258e-03,7.740430e-06,1.5058473673e+00,1.5058259891e+00,1.0501142780e-12,-2.9559265818e-13,0.0000e+00
1685.692,1.2799912332e-03,7.736679e-06,1.5058473673e+00,1.5058259891e+00,9.6878809685e-13,-3.0626394517e-13,0.0000e+00
1686.718,1.2799912407e-03,7.732779e-06,1.5058473673e+00,1.5058259891e+00,8.9443395910e-13,-3.1516402528e-13,0.0000e+00
1687.743,1.2799912483e-03,7.728760e-06,1.5058473673e+00,1.5058259891e+00,7.9581917143e-13,-3.1725325576e-13,0.0000e+00
1688.768,1.2799912559e-03,7.724653e-06,1.5058473674e+00,1.5058259891e+00,7.0447250921e-13,-3.3630577791e-13,0.0000e+00
1689.794,1.2799912635e-03,7.720490e-06,1.5058473674e+00,1.5058259892e+00,6.1915315725e-13,-3.3865125957e-13,0.0000e+00
1690.819,1.2799912710e-03,7.716300e-06,1.5058473674e+00,1.5058259892e+00,5.4499120789e-13,-3.4920515457e-13,0.0000e+00
1691.845,1.2799912784e-03,7.712115e-06,1.5058473674e+00,1.5058259892e+00,5.0029277782e-13,-3.5165726752e-13,0.0000e+00
1692.870,1.2799912855e-03,7.707964e-06,1.5058473674e+00,1.5058259892e+00,4.6096811450e-13,-3.6342855892e-13,0.0000e+00
1693.895,1.2799912924e-03,7.703877e-06,1.5058473674e+00,1.5058259892e+00,4.6335974252e-13,-3.7240686422e-13,0.0000e+00
1694.921,1.2799912990e-03,7.699881e-06,1.5058473674e+00,1.5058259892e+00,4.8395709013e-13,-3.7401668760e-13,0.0000e+00
1695.946,1.2799913052e-03,7.696004e-06,1.5058473674e+00,1.5058259892e+00,5.1433197622e-13,-3.8014112884e-13,0.0000e+00
1696.971,1.2799913110e-03,7.692271e-06,1.5058473674e+00,1.5058259892e+00,5.4991610139e-13,-3.9616398354e-13,0.0000e+00
1697.997,1.2799913164e-03,7.688707e-06,1.5058473674e+00,1.5058259892e+00,6.0357738687e-13,-4.0759811517e-13,0.0000e+00
1699.022,1.2799913213e-03,7.685334e-06,1.5058473675e+00,1.5058259892e+00,6.5832475833e-13,-4.1162519441e-13,0.0000e+00
1700.047,1.2799913257e-03,7.682172e-06,1.5058473675e+00,1.5058259893e+00,7.1148071073e-13,-4.2054674172e-13,0.0000e+00
1701.073,1.2799913296e-03,7.679242e-06,1.5058473675e+00,1.5058259893e+00,7.5891428473e-13,-4.3314853199e-13,0.0000e+00
1702.098,1.2799913329e-03,7.676559e-06,1.5058473675e+00,1.5058259893e+00,8.0618942968e-13,-4.4375986260e-13,0.0000e+00
1703.123,1.2799913356e-03,7.674138e-06,1.5058473675e+00,1.5058259893e+00,8.3934735433e-13,-4.6263444006e-13,0.0000e+00
1704.149,1.2799913377e-03,7.671992e-06,1.5058473675e+00,1.5058259893e+00,8.8181591935e-13,-4.7279246574e-13,0.0000e+00
1705.174,1.2799913393e-03,7.670132e-06,1.5058473675e+00,1.5058259893e+00,9.0667010219e-13,-4.7952853253e-13,0.0000e+00
1706.200,1.2799913402e-03,7.668565e-06,1.5058473675e+00,1.5058259893e+00,9.2670665978e-13,-4.9081537530e-13,0.0000e+00
1707.225,1.2799913405e-03,7.667298e-06,1.5058473675e+00,1.5058259893e+00,9.6183799501e-13,-5.0512483820e-13,0.0000e+00
1708.250,1.2799913402e-03,7.666334e-06,1.5058473675e+00,1.5058259893e+00,9.8846357446e-13,-5.1612184662e-13,0.0000e+00
1709.276,1.2799913393e-03,7.665675e-06,1.5058473676e+00,1.5058259893e+00,1.0076717067e-12,-5.2953499959e-13,0.0000e+00
1710.301,1.2799913378e-03,7.665320e-06,1.5058473676e+00,1.5058259893e+00,1.0476536676e-12,-5.4247408516e-13,0.0000e+00
1711.326,1.2799913358e-03,7.665265e-06,1.5058473676e+00,1.5058259894e+00,1.0824360117e-12,-5.6312607656e-13,0.0000e+00
1712.352,1.2799913332e-03,7.665506e-06,1.5058473676e+00,1.5058259894e+00,1.1052687403e-12,-5.7737775149e-13,0.0000e+00
1713.377,1.2799913301e-03,7.666035e-06,1.5058473676e+00,1.5058259894e+00,1.1543458970e-12,-5.8672750445e-13,0.0000e+00
1714.402,1.2799913265e-03,7.666843e-06,1.5058473676e+00,1.5058259894e+00,1.1865431779e-12,-6.0752456210e-13,0.0000e+00
1715.428,1.2799913224e-03,7.667919e-06,1.5058473676e+00,1.5058259894e+00,1.2323799660e-12,-6.2266972804e-13,0.0000e+00
1716.453,1.2799913180e-03,7.669248e-06,1.5058473676e+00,1.5058259894e+00,1.2585391352e-12,-6.4565118202e-13,0.0000e+00
1717.479,1.2799913131e-03,7.670818e-06,1.5058473676e+00,1.5058259894e+00,1.2907900570e-12,-6.7090116641e-13,0.0000e+00
1718.504,1.2799913079e-03,7.672611e-06,1.5058473676e+00,1.5058259894e+00,1.3106260643e-12,-6.8481223923e-13,0.0000e+00
1719.529,1.2799913024e-03,7.674609e-06,1.5058473676e+00,1.5058259894e+00,1.3332207156e-12,-7.0506838841e-13,0.0000e+00
1720.555,1.2799912966e-03,7.676793e-06,1.5058473676e+00,1.5058259894e+00,1.3398547183e-12,-7.2446091636e-13,0.0000e+00
1721.580,1.2799912906e-03,7.679143e-06,1.5058473677e+00,1.5058259894e+00,1.4001375246e-12,-7.2665181790e-13,0.0000e+00
1722.605,1.2799912845e-03,7.681638e-06,1.5058473677e+00,1.5058259894e+00,1.4575016316e-12,-7.2729290665e-13,0.0000e+00
1723.631,1.2799912782e-03,7.684255e-06,1.5058473677e+00,1.5058259895e+00,1.3711256297e-12,-8.1780242927e-13,0.0000e+00
1724.656,1.2799912718e-03,7.686972e-06,1.5058473677e+00,1.5058259895e+00,1.1498189192e-12,-9.2392557448e-13,0.0000e+00
1725.681,1.2799912654e-03,7.689766e-06,1.5058473677e+00,1.5058259895e+00,9.9695600811e-13,-9.8871746920e-13,0.0000e+00
1726.707,1.2799912590e-03,7.692613e-06,1.5058473677e+00,1.5058259895e+00,1.0261333387e-12,-9.7675896318e-13,0.0000e+00
1727.732,1.2799912527e-03,7.695490e-06,1.5058473677e+00,1.5058259895e+00,1.2486488533e-12,-9.0218401410e-13,0.0000e+00
1728.757,1.2799912465e-03,7.698373e-06,1.5058473677e+00,1.5058259895e+00,1.5276043415e-12,-8.3610216274e-13,0.0000e+00
1729.783,1.2799912405e-03,7.701239e-06,1.5058473677e+00,1.5058259895e+00,1.7554963740e-12,-7.9798993561e-13,0.0000e+00
1730.808,1.2799912346e-03,7.704066e-06,1.5058473677e+00,1.5058259895e+00,1.8803519849e-12,-7.9663571288e-13,0.0000e+00
1731.834,1.2799912289e-03,7.706832e-06,1.5058473677e+00,1.5058259895e+00,1.9229935208e-12,-8.2381985974e-13,0.0000e+00
1732.859,1.2799912236e-03,7.709515e-06,1.5058473677e+00,1.5058259895e+00,1.9050747082e-12,-8.6623772475e-13,0.0000e+00
1733.884,1.2799912185e-03,7.712095e-06,1.5058473677e+00,1.5058259895e+00,1.8648768285e-12,-9.2152249457e-13,0.0000e+00
1734.910,1.2799912137e-03,7.714553e-06,1.5058473678e+00,1.5058259895e+00,1.8279216890e-12,-9.7704624965e-13,0.0000e+00
1735.935,1.2799912093e-03,7.716870e-06,1.5058473678e+00,1.5058259896e+00,1.7824543157e-12,-1.0384304969e-12,0.0000e+00
1736.960,1.2799912053e-03,7.719029e-06,1.5058473678e+00,1.5058259896e+00,1.7186459278e-12,-1.1060947414e-12,0.0000e+00
1737.986,1.2799912017e-03,7.721016e-06,1.5058473678e+00,1.5058259896e+00,1.6509984885e-12,-1.1751764988e-12,0.0000e+00
1739.011,1.2799911985e-03,7.722816e-06,1.5058473678e+00,1.5058259896e+00,1.5784902050e-12,-1.2507786482e-12,0.0000e+00
1740.036,1.2799911957e-03,7.724417e-06,1.5058473678e+00,1.5058259896e+00,1.5156154508e-12,-1.3241405647e-12,0.0000e+00
1741.062,1.2799911934e-03,7.725808e-06,1.5058473678e+00,1.5058259896e+00,1.4580338935e-12,-1.3982330168e-12,0.0000e+00
1742.087,1.2799911915e-03,7.726981e-06,1.5058473678e+00,1.5058259896e+00,1.4269939036e-12,-1.4745619339e-12,0.0000e+00
1743.113,1.2799911902e-03,7.727930e-06,1.5058473678e+00,1.5058259896e+00,1.4029586593e-12,-1.5404637264e-12,0.0000e+00
1744.138,1.2799911892e-03,7.728649e-06,1.5058473678e+00,1.5058259896e+00,1.3965037262e-12,-1.6065606753e-12,0.0000e+00
1745.163,1.2799911888e-03,7.729136e-06,1.5058473678e+00,1.5058259896e+00,1.4062378423e-12,-1.6616709156e-12,0.0000e+00
1746.189,1.2799911888e-03,7.729389e-06,1.5058473678e+00,1.5058259896e+00,1.4049623462e-12,-1.7420532852e-12,0.0000e+00
1747.214,1.2799911893e-03,7.729408e-06,1.5058473679e+00,1.5058259896e+00,1.4258648561e-12,-1.8097336030e-12,0.0000e+00
1748.239,1.2799911902e-03,7.729197e-06,1.5058473679e+00,1.5058259897e+00,1.4430452457e-12,-1.8784778483e-12,0.0000e+00
1749.265,1.2799911914e-03,7.728760e-06,1.5058473679e+00,1.5058259897e+00,1.4778643307e-12,-1.9475896924e-12,0.0000e+00
1750.290,1.2799911931e-03,7.728101e-06,1.5058473679e+00,1.5058259897e+00,1.5112046046e-12,-2.0146201122e-12,0.0000e+00
1751.315,1.2799911951e-03,7.727230e-06,1.5058473679e+00,1.5058259897e+00,1.5682344385e-12,-2.0740427938e-12,0.0000e+00
1752.341,1.2799911975e-03,7.726153e-06,1.5058473679e+00,1.5058259897e+00,1.6382860961e-12,-2.1349080606e-12,0.0000e+00
1753.366,1.2799912002e-03,7.724882e-06,1.5058473679e+00,1.5058259897e+00,1.7090807981e-12,-2.2022761553e-12,0.0000e+00
1754.391,1.2799912032e-03,7.723428e-06,1.5058473679e+00,1.5058259897e+00,1.7945780541e-12,-2.2543800927e-12,0.0000e+00
1755.417,1.2799912065e-03,7.721804e-06,1.5058473679e+00,1.5058259897e+00,1.8980643248e-12,-2.3137102648e-12,0.0000e+00
1756.442,1.2799912100e-03,7.720024e-06,1.5058473679e+00,1.5058259897e+00,2.0048729568e-12,-2.3684690610e-12,0.0000e+00
1757.468,1.2799912137e-03,7.718102e-06,1.5058473679e+00,1.5058259897e+00,2.1275837312e-12,-2.4239874493e-12,0.0000e+00
1758.493,1.2799912176e-03,7.716054e-06,1.5058473680e+00,1.5058259897e+00,2.2400396471e-12,-2.4770048813e-12,0.0000e+00
1759.518,1.2799912216e-03,7.713896e-06,1.5058473680e+00,1.5058259898e+00,2.3743428195e-12,-2.5411101237e-12,0.0000e+00
1760.544,1.2799912257e-03,7.711645e-06,1.5058473680e+00,1.5058259898e+00,2.5122867835e-12,-2.5967194224e-12,0.0000e+00
1761.569,1.2799912299e-03,7.709319e-06,1.5058473680e+00,1.5058259898e+00,2.6470105992e-12,-2.6560451492e-12,0.0000e+00
1762.594,1.2799912341e-03,7.706934e-06,1.5058473680e+00,1.5058259898e+00,2.7944008373e-12,-2.7185846410e-12,0.0000e+00
1763.620,1.2799912383e-03,7.704510e-06,1.5058473680e+00,1.5058259898e+00,2.9434869572e-12,-2.7832139867e-12,0.0000e+00
1764.645,1.2799912425e-03,7.702063e-06,1.5058473680e+00,1.5058259898e+00,3.1006984135e-12,-2.8414415252e-12,0.0000e+00
1765.670,1.2799912466e-03,7.699612e-06,1.5058473680e+00,1.5058259898e+00,3.2575617596e-12,-2.9108313316e-12,0.0000e+00
1766.696,1.2799912506e-03,7.697173e-06,1.5058473680e+00,1.5058259898e+00,3.4139279177e-12,-2.9775101447e-12,0.0000e+00
1767.721,1.2799912545e-03,7.694763e-06,1.5058473680e+00,1.5058259898e+00,3.5850242227e-12,-3.0527073987e-12,0.0000e+00
1768.747,1.2799912582e-03,7.692400e-06,1.5058473681e+00,1.5058259898e+00,3.7518638009e-12,-3.1278753521e-12,0.0000e+00
1769.772,1.2799912617e-03,7.690100e-06,1.5058473681e+00,1.5058259899e+00,3.9206442365e-12,-3.2022114786e-12,0.0000e+00
1770.797,1.2799912650e-03,7.687876e-06,1.5058473681e+00,1.5058259899e+00,4.0963307553e-12,-3.2774588499e-12,0.0000e+00
1771.823,1.2799912680e-03,7.685744e-06,1.5058473681e+00,1.5058259899e+00,4.2657527404e-12,-3.3607356598e-12,0.0000e+00
1772.848,1.2799912708e-03,7.683718e-06,1.5058473681e+00,1.5058259899e+00,4.4309707587e-12,-3.4484391317e-12,0.0000e+00
1773.873,1.2799912733e-03,7.681809e-06,1.5058473681e+00,1.5058259899e+00,4.6062277573e-12,-3.5429668973e-12,0.0000e+00
1774.899,1.2799912755e-03,7.680028e-06,1.5058473681e+00,1.5058259899e+00,4.7900606867e-12,-3.6263577653e-12,0.0000e+00
1775.924,1.2799912773e-03,7.678387e-06,1.5058473681e+00,1.5058259899e+00,4.9734749649e-12,-3.7148056775e-12,0.0000e+00
1776.949,1.2799912789e-03,7.676894e-06,1.5058473681e+00,1.5058259899e+00,5.1722003733e-12,-3.7998933490e-12,0.0000e+00
1777.975,1.2799912801e-03,7.675558e-06,1.5058473681e+00,1.5058259899e+00,5.3816193084e-12,-3.8927132522e-12,0.0000e+00
1779.000,1.2799912809e-03,7.674384e-06,1.5058473681e+00,1.5058259899e+00,5.6087774038e-12,-3.9785968636e-12,0.0000e+00
1780.026,1.2799912815e-03,7.673378e-06,1.5058473682e+00,1.5058259899e+00,5.8425044633e-12,-4.0779988769e-12,0.0000e+00
1781.051,1.2799912816e-03,7.672543e-06,1.5058473682e+00,1.5058259900e+00,6.0739280133e-12,-4.1727677962e-12,0.0000e+00
1782.076,1.2799912814e-03,7.671884e-06,1.5058473682e+00,1.5058259900e+00,6.3036286035e-12,-4.2770788059e-12,0.0000e+00
1783.102,1.2799912809e-03,7.671400e-06,1.5058473682e+00,1.5058259900e+00,6.5072969980e-12,-4.3946043698e-12,0.0000e+00
1784.127,1.2799912800e-03,7.671092e-06,1.5058473682e+00,1.5058259900e+00,6.7058808910e-12,-4.5240789259e-12,0.0000e+00
1785.152,1.2799912788e-03,7.670958e-06,1.5058473682e+00,1.5058259900e+00,6.8727600019e-12,-4.6618943306e-12,0.0000e+00
1786.178,1.2799912773e-03,7.670996e-06,1.5058473682e+00,1.5058259900e+00,7.0090650587e-12,-4.8024969481e-12,0.0000e+00
1787.203,1.2799912755e-03,7.671202e-06,1.5058473682e+00,1.5058259900e+00,7.1392951546e-12,-4.9647961586e-12,0.0000e+00
1788.228,1.2799912734e-03,7.671570e-06,1.5058473682e+00,1.5058259900e+00,7.2587345251e-12,-5.1269952159e-12,0.0000e+00
1789.254,1.2799912710e-03,7.672096e-06,1.5058473682e+00,1.5058259900e+00,7.3727458510e-12,-5.2935936404e-12,0.0000e+00
1790.279,1.2799912684e-03,7.672770e-06,1.5058473682e+00,1.5058259900e+00,7.4976008520e-12,-5.4829815338e-12,0.0000e+00
1791.304,1.2799912656e-03,7.673586e-06,1.5058473683e+00,1.5058259900e+00,7.6157839033e-12,-5.6602647979e-12,0.0000e+00
1792.330,1.2799912625e-03,7.674533e-06,1.5058473683e+00,1.5058259900e+00,7.7649882690e-12,-5.8307964910e-12,0.0000e+00
1793.355,1.2799912593e-03,7.675603e-06,1.5058473683e+00,1.5058259901e+00,7.9253461343e-12,-6.0151193442e-12,0.0000e+00
1794.381,1.2799912559e-03,7.676783e-06,1.5058473683e+00,1.5058259901e+00,8.0842831119e-12,-6.1913787961e-12,0.0000e+00
1795.406,1.2799912523e-03,7.678063e-06,1.5058473683e+00,1.5058259901e+00,8.2662895942e-12,-6.3786195355e-12,0.0000e+00
1796.431,1.2799912487e-03,7.679430e-06,1.5058473683e+00,1.5058259901e+00,8.4528083228e-12,-6.5715482977e-12,0.0000e+00
1797.457,1.2799912450e-03,7.680872e-06,1.5058473683e+00,1.5058259901e+00,8.6423747029e-12,-6.7464378602e-12,0.0000e+00
1798.482,1.2799912412e-03,7.682377e-06,1.5058473683e+00,1.5058259901e+00,8.8298737400e-12,-6.9285909809e-12,0.0000e+00
1799.507,1.2799912374e-03,7.683930e-06,1.5058473683e+00,1.5058259901e+00,9.0298389607e-12,-7.1154878927e-12,0.0000e+00
1800.533,1.2799912336e-03,7.685518e-06,1.5058473683e+00,1.5058259901e+00,9.2196603452e-12,-7.2934228977e-12,0.0000e+00
1801.558,1.2799912298e-03,7.687129e-06,1.5058473683e+00,1.5058259901e+00,9.3811055297e-12,-7.4983645115e-12,0.0000e+00
1802.583,1.2799912260e-03,7.688748e-06,1.5058473683e+00,1.5058259901e+00,9.5234155487e-12,-7.7114869728e-12,0.0000e+00
1803.609,1.2799912224e-03,7.690362e-06,1.5058473684e+00,1.5058259901e+00,9.6497557712e-12,-7.9227697870e-12,0.0000e+00
1804.634,1.2799912188e-03,7.691958e-06,1.5058473684e+00,1.5058259901e+00,9.7645545937e-12,-8.1387120413e-12,0.0000e+00
1805.660,1.2799912154e-03,7.693524e-06,1.5058473684e+00,1.5058259902e+00,9.8773867549e-12,-8.3475880080e-12,0.0000e+00
1806.685,1.2799912121e-03,7.695047e-06,1.5058473684e+00,1.5058259902e+00,9.9642405375e-12,-8.5437535473e-12,0.0000e+00
1807.710,1.2799912090e-03,7.696515e-06,1.5058473684e+00,1.5058259902e+00,1.0064429411e-11,-8.7487282022e-12,0.0000e+00
1808.736,1.2799912060e-03,7.697917e-06,1.5058473684e+00,1.5058259902e+00,1.0164227957e-11,-8.9509493088e-12,0.0000e+00
1809.761,1.2799912033e-03,7.699242e-06,1.5058473684e+00,1.5058259902e+00,1.0273007262e-11,-9.1590097656e-12,0.0000e+00
1810.786,1.2799912007e-03,7.700481e-06,1.5058473684e+00,1.5058259902e+00,1.0385830126e-11,-9.3804829418e-12,0.0000e+00
1811.812,1.2799911984e-03,7.701625e-06,1.5058473684e+00,1.5058259902e+00,1.0520265111e-11,-9.6118302453e-12,0.0000e+00
1812.837,1.2799911964e-03,7.702665e-06,1.5058473684e+00,1.5058259902e+00,1.0676228013e-11,-9.8550418648e-12,0.0000e+00
1813.862,1.2799911945e-03,7.703594e-06,1.5058473684e+00,1.5058259902e+00,1.0869576768e-11,-1.0101524929e-11,0.0000e+00
1814.888,1.2799911930e-03,7.704406e-06,1.5058473684e+00,1.5058259902e+00,1.1113298505e-11,-1.0364811229e-11,0.0000e+00
1815.913,1.2799911917e-03,7.705096e-06,1.5058473685e+00,1.5058259902e+00,1.1384121813e-11,-1.0623333816e-11,0.0000e+00
1816.938,1.2799911906e-03,7.705659e-06,1.5058473685e+00,1.5058259902e+00,1.1725556159e-11,-1.0899993018e-11,0.0000e+00
1817.964,1.2799911899e-03,7.706092e-06,1.5058473685e+00,1.5058259903e+00,1.2138676855e-11,-1.1167435255e-11,0.0000e+00
1818.989,1.2799911893e-03,7.706393e-06,1.5058473685e+00,1.5058259903e+00,1.2622683163e-11,-1.1442252615e-11,0.0000e+00
1820.015,1.2799911891e-03,7.706562e-06,1.5058473685e+00,1.5058259903e+00,1.3190007305e-11,-1.1723146494e-11,0.0000e+00
1821.040,1.2799911891e-03,7.706597e-06,1.5058473685e+00,1.5058259903e+00,1.3852211321e-11,-1.2001573054e-11,0.0000e+00
1822.065,1.2799911894e-03,7.706500e-06,1.5058473685e+00,1.5058259903e+00,1.4608343782e-11,-1.2291580764e-11,0.0000e+00
1823.091,1.2799911898e-03,7.706273e-06,1.5058473685e+00,1.5058259903e+00,1.5465928794e-11,-1.2576309602e-11,0.0000e+00
1824.116,1.2799911906e-03,7.705918e-06,1.5058473685e+00,1.5058259903e+00,1.6435128951e-11,-1.2866419498e-11,0.0000e+00
1825.141,1.2799911915e-03,7.705440e-06,1.5058473685e+00,1.5058259903e+00,1.7508705292e-11,-1.3157049322e-11,0.0000e+00
1826.167,1.2799911927e-03,7.704842e-06,1.5058473685e+00,1.5058259903e+00,1.8698639104e-11,-1.3453282033e-11,0.0000e+00
1827.192,1.2799911940e-03,7.704132e-06,1.5058473685e+00,1.5058259903e+00,2.0008987283e-11,-1.3761337860e-11,0.0000e+00
1828.217,1.2799911956e-03,7.703315e-06,1.5058473686e+00,1.5058259903e+00,2.1438365573e-11,-1.4076056435e-11,0.0000e+00
1829.243,1.2799911972e-03,7.702398e-06,1.5058473686e+00,1.5058259904e+00,2.2981108801e-11,-1.4402234484e-11,0.0000e+00
1830.268,1.2799911991e-03,7.701388e-06,1.5058473686e+00,1.5058259904e+00,2.4651181817e-11,-1.4742291731e-11,0.0000e+00
1831.294,1.2799912010e-03,7.700295e-06,1.5058473686e+00,1.5058259904e+00,2.6436438506e-11,-1.5115853698e-11,0.0000e+00
1832.319,1.2799912031e-03,7.699127e-06,1.5058473686e+00,1.5058259904e+00,2.8358803957e-11,-1.5527213473e-11,0.0000e+00
1833.344,1.2799912052e-03,7.697893e-06,1.5058473686e+00,1.5058259904e+00,3.0390102630e-11,-1.5972028800e-11,0.0000e+00
1834.370,1.2799912074e-03,7.696602e-06,1.5058473686e+00,1.5058259904e+00,3.2555352651e-11,-1.6457512741e-11,0.0000e+00
1835.395,1.2799912097e-03,7.695266e-06,1.5058473686e+00,1.5058259904e+00,3.4838224243e-11,-1.7001934887e-11,0.0000e+00
1836.420,1.2799912120e-03,7.693893e-06,1.5058473686e+00,1.5058259904e+00,3.7243011590e-11,-1.7613922480e-11,0.0000e+00
1837.446,1.2799912142e-03,7.692494e-06,1.5058473686e+00,1.5058259904e+00,3.9767596461e-11,-1.8283803080e-11,0.0000e+00
1838.471,1.2799912165e-03,7.691079e-06,1.5058473687e+00,1.5058259904e+00,4.2406369721e-11,-1.9024520355e-11,0.0000e+00
1839.496,1.2799912187e-03,7.689658e-06,1.5058473687e+00,1.5058259904e+00,4.5165411915e-11,-1.9871456348e-11,0.0000e+00
1840.522,1.2799912209e-03,7.688242e-06,1.5058473687e+00,1.5058259905e+00,4.8061015702e-11,-2.0812218302e-11,0.0000e+00
1841.547,1.2799912230e-03,7.686840e-06,1.5058473687e+00,1.5058259905e+00,5.1069077357e-11,-2.1852339768e-11,0.0000e+00
1842.572,1.2799912250e-03,7.685462e-06,1.5058473687e+00,1.5058259905e+00,5.4198926005e-11,-2.2984456521e-11,0.0000e+00
1843.598,1.2799912269e-03,7.684118e-06,1.5058473687e+00,1.5058259905e+00,5.7436970427e-11,-2.4216689261e-11,0.0000e+00
1844.623,1.2799912287e-03,7.682815e-06,1.5058473687e+00,1.5058259905e+00,6.0793106149e-11,-2.5540378412e-11,0.0000e+00
1845.649,1.2799912304e-03,7.681563e-06,1.5058473687e+00,1.5058259905e+00,6.4262473385e-11,-2.6961961912e-11,0.0000e+00
1846.674,1.2799912319e-03,7.680370e-06,1.5058473687e+00,1.5058259905e+00,6.7829848947e-11,-2.8500148482e-11,0.0000e+00
1847.699,1.2799912332e-03,7.679243e-06,1.5058473687e+00,1.5058259905e+00,7.1505152769e-11,-3.0152598876e-11,0.0000e+00
1848.725,1.2799912344e-03,7.678189e-06,1.5058473687e+00,1.5058259905e+00,7.5286908656e-11,-3.1934116219e-11,0.0000e+00
1849.750,1.2799912354e-03,7.677214e-06,1.5058473688e+00,1.5058259905e+00,7.9158581875e-11,-3.3834803834e-11,0.0000e+00
1850.775,1.2799912362e-03,7.676324e-06,1.5058473688e+00,1.5058259905e+00,8.3140841669e-11,-3.5886705533e-11,0.0000e+00
1851.801,1.2799912368e-03,7.675523e-06,1.5058473688e+00,1.5058259906e+00,8.7217121577e-11,-3.8078807881e-11,0.0000e+00
1852.826,1.2799912372e-03,7.674816e-06,1.5058473688e+00,1.5058259906e+00,9.1383197943e-11,-4.0419656045e-11,0.0000e+00
1853.851,1.2799912374e-03,7.674205e-06,1.5058473688e+00,1.5058259906e+00,9.5623833292e-11,-4.2934156264e-11,0.0000e+00
1854.877,1.2799912375e-03,7.673695e-06,1.5058473688e+00,1.5058259906e+00,9.9895013476e-11,-4.5625531219e-11,0.0000e+00
1855.902,1.2799912373e-03,7.673285e-06,1.5058473688e+00,1.5058259906e+00,1.0415379463e-10,-4.8552329454e-11,0.0000e+00
1856.928,1.2799912369e-03,7.672978e-06,1.5058473688e+00,1.5058259906e+00,1.0839622761e-10,-5.1742159066e-11,0.0000e+00
1857.953,1.2799912363e-03,7.672774e-06,1.5058473688e+00,1.5058259906e+00,1.1262002125e-10,-5.5209162091e-11,0.0000e+00
1858.978,1.2799912356e-03,7.672671e-06,1.5058473688e+00,1.5058259906e+00,1.1686425329e-10,-5.8976475375e-11,0.0000e+00
1860.004,1.2799912346e-03,7.672670e-06,1.5058473688e+00,1.5058259906e+00,1.2112147387e-10,-6.3058503846e-11,0.0000e+00
1861.029,1.2799912335e-03,7.672768e-06,1.5058473688e+00,1.5058259906e+00,1.2540476468e-10,-6.7444781835e-11,0.0000e+00
1862.054,1.2799912322e-03,7.672962e-06,1.5058473689e+00,1.5058259906e+00,1.2962056059e-10,-7.2269094469e-11,0.0000e+00
1863.080,1.2799912308e-03,7.673249e-06,1.5058473689e+00,1.5058259907e+00,1.3327335252e-10,-7.8528037459e-11,0.0000e+00
1864.105,1.2799912292e-03,7.673625e-06,1.5058473689e+00,1.5058259907e+00,1.3598165049e-10,-8.6652413333e-11,0.0000e+00
1865.130,1.2799912274e-03,7.674085e-06,1.5058473689e+00,1.5058259907e+00,1.3829291095e-10,-9.4781120242e-11,0.0000e+00
1866.156,1.2799912256e-03,7.674625e-06,1.5058473689e+00,1.5058259907e+00,1.4154065618e-10,-1.0053960584e-10,0.0000e+00
1867.181,1.2799912236e-03,7.675238e-06,1.5058473689e+00,1.5058259907e+00,1.4594401720e-10,-1.0386864701e-10,0.0000e+00
1868.206,1.2799912215e-03,7.675918e-06,1.5058473689e+00,1.5058259907e+00,1.5134528436e-10,-1.0516056006e-10,0.0000e+00
1869.232,1.2799912194e-03,7.676661e-06,1.5058473689e+00,1.5058259907e+00,1.5749825953e-10,-1.0475222578e-10,0.0000e+00
1870.257,1.2799912172e-03,7.677457e-06,1.5058473689e+00,1.5058259907e+00,1.6439289680e-10,-1.0386362298e-10,0.0000e+00
1871.283,1.2799912149e-03,7.678302e-06,1.5058473689e+00,1.5058259907e+00,1.7071930258e-10,-1.0351771898e-10,0.0000e+00
1872.308,1.2799912126e-03,7.679187e-06,1.5058473689e+00,1.5058259907e+00,1.7521652859e-10,-1.0281583907e-10,0.0000e+00
1873.333,1.2799912103e-03,7.680105e-06,1.5058473690e+00,1.5058259907e+00,1.7776135119e-10,-9.9505442629e-11,0.0000e+00
1874.359,1.2799912080e-03,7.681049e-06,1.5058473690e+00,1.5058259907e+00,1.7956827242e-10,-9.2539588656e-11,0.0000e+00
1875.384,1.2799912056e-03,7.682011e-06,1.5058473690e+00,1.5058259908e+00,1.8246048776e-10,-8.2695655045e-11,0.0000e+00
1876.409,1.2799912034e-03,7.682985e-06,1.5058473690e+00,1.5058259908e+00,1.8779420322e-10,-7.1640860893e-11,0.0000e+00
1877.435,1.2799912011e-03,7.683961e-06,1.5058473690e+00,1.5058259908e+00,1.9679674630e-10,-6.0579635607e-11,0.0000e+00
1878.460,1.2799911989e-03,7.684933e-06,1.5058473690e+00,1.5058259908e+00,2.0917012711e-10,-4.9272037167e-11,0.0000e+00
1879.485,1.2799911967e-03,7.685893e-06,1.5058473690e+00,1.5058259908e+00,2.2365572718e-10,-3.7618178191e-11,0.0000e+00
1880.511,1.2799911947e-03,7.686833e-06,1.5058473690e+00,1.5058259908e+00,2.4011439133e-10,-2.6981947499e-11,0.0000e+00
1881.536,1.2799911927e-03,7.687748e-06,1.5058473690e+00,1.5058259908e+00,2.5731123711e-10,-1.9321315062e-11,0.0000e+00
1882.562,1.2799911908e-03,7.688630e-06,1.5058473690e+00,1.5058259908e+00,2.7279119028e-10,-1.4902180814e-11,0.0000e+00
1883.587,1.2799911891e-03,7.689474e-06,1.5058473690e+00,1.5058259908e+00,2.8409210972e-10,-1.2536761240e-11,0.0000e+00
1884.612,1.2799911874e-03,7.690273e-06,1.5058473690e+00,1.5058259908e+00,2.9060590267e-10,-1.1740967661e-11,0.0000e+00
1885.638,1.2799911859e-03,7.691023e-06,1.5058473691e+00,1.5058259908e+00,2.9265374528e-10,-1.2960166150e-11,0.0000e+00
1886.663,1.2799911845e-03,7.691719e-06,1.5058473691e+00,1.5058259908e+00,2.9010151958e-10,-1.6987659793e-11,0.0000e+00
1887.688,1.2799911833e-03,7.692356e-06,1.5058473691e+00,1.5058259909e+00,2.8244457767e-10,-2.3194522074e-11,0.0000e+00
1888.714,1.2799911822e-03,7.692931e-06,1.5058473691e+00,1.5058259909e+00,2.6903388117e-10,-2.9675860679e-11,0.0000e+00
1889.739,1.2799911812e-03,7.693440e-06,1.5058473691e+00,1.5058259909e+00,2.4977496030e-10,-3.5163260195e-11,0.0000e+00
1890.764,1.2799911804e-03,7.693882e-06,1.5058473691e+00,1.5058259909e+00,2.2542700271e-10,-3.9276439339e-11,0.0000e+00
1891.790,1.2799911798e-03,7.694253e-06,1.5058473691e+00,1.5058259909e+00,1.9649934774e-10,-4.2916410015e-11,0.0000e+00
1892.815,1.2799911793e-03,7.694552e-06,1.5058473691e+00,1.5058259909e+00,1.6300558697e-10,-4.7657701576e-11,0.0000e+00
1893.840,1.2799911790e-03,7.694780e-06,1.5058473691e+00,1.5058259909e+00,1.2480316995e-10,-5.4742253813e-11,0.0000e+00
1894.866,1.2799911788e-03,7.694937e-06,1.5058473691e+00,1.5058259909e+00,8.1896493985e-11,-6.4684838059e-11,0.0000e+00
1895.891,1.2799911788e-03,7.695022e-06,1.5058473691e+00,1.5058259909e+00,3.4641278159e-11,-7.7398157551e-11,0.0000e+00
1896.917,1.2799911789e-03,7.695037e-06,1.5058473691e+00,1.5058259909e+00,-1.6567856782e-11,-9.2659855842e-11,0.0000e+00
1897.942,1.2799911792e-03,7.694984e-06,1.5058473692e+00,1.5058259909e+00,-7.1350356662e-11,-1.1038739186e-10,0.0000e+00
1898.967,1.2799911796e-03,7.694865e-06,1.5058473692e+00,1.5058259910e+00,-1.2945152909e-10,-1.3072650141e-10,0.0000e+00
1899.993,1.2799911801e-03,7.694682e-06,1.5058473692e+00,1.5058259910e+00,-1.9083097987e-10,-1.5391699062e-10,0.0000e+00
1901.018,1.2799911807e-03,7.694440e-06,1.5058473692e+00,1.5058259910e+00,-2.5572211968e-10,-1.8051134549e-10,0.0000e+00
1902.043,1.2799911814e-03,7.694141e-06,1.5058473692e+00,1.5058259910e+00,-3.2445742361e-10,-2.1101391300e-10,0.0000e+00
1903.069,1.2799911822e-03,7.693789e-06,1.5058473692e+00,1.5058259910e+00,-3.9690733776e-10,-2.4491493244e-10,0.0000e+00
1904.094,1.2799911830e-03,7.693389e-06,1.5058473692e+00,1.5058259910e+00,-4.7254857374e-10,-2.8092885272e-10,0.0000e+00
1905.119,1.2799911840e-03,7.692945e-06,1.5058473692e+00,1.5058259910e+00,-5.5077834804e-10,-3.1764022077e-10,0.0000e+00
1906.145,1.2799911849e-03,7.692462e-06,1.5058473692e+00,1.5058259910e+00,-6.3098614151e-10,-3.5396943794e-10,0.0000e+00
1907.170,1.2799911859e-03,7.691946e-06,1.5058473692e+00,1.5058259910e+00,-7.1260034067e-10,-3.8924685077e-10,0.0000e+00
1908.196,1.2799911870e-03,7.691402e-06,1.5058473692e+00,1.5058259910e+00,-7.9504411040e-10,-4.2310894789e-10,0.0000e+00
1909.221,1.2799911881e-03,7.690835e-06,1.5058473693e+00,1.5058259910e+00,-8.7771413876e-10,-4.5537507099e-10,0.0000e+00
1910.246,1.2799911893e-03,7.690252e-06,1.5058473693e+00,1.5058259910e+00,-9.5999873107e-10,-4.8597734653e-10,0.0000e+00
1911.272,1.2799911904e-03,7.689658e-06,1.5058473693e+00,1.5058259911e+00,-1.0413161230e-09,-5.1492824916e-10,0.0000e+00
1912.297,1.2799911916e-03,7.689059e-06,1.5058473693e+00,1.5058259911e+00,-1.1211996590e-09,-5.4229657007e-10,0.0000e+00
1913.322,1.2799911927e-03,7.688461e-06,1.5058473693e+00,1.5058259911e+00,-1.1992197131e-09,-5.6820008278e-10,0.0000e+00
1914.348,1.2799911938e-03,7.687871e-06,1.5058473693e+00,1.5058259911e+00,-1.2750507153e-09,-5.9283366809e-10,0.0000e+00
1915.373,1.2799911949e-03,7.687294e-06,1.5058473693e+00,1.5058259911e+00,-1.3485152243e-09,-6.1637184878e-10,0.0000e+00
1916.398,1.2799911959e-03,7.686736e-06,1.5058473693e+00,1.5058259911e+00,-1.4195504031e-09,-6.3890273557e-10,0.0000e+00
1917.424,1.2799911969e-03,7.686203e-06,1.5058473693e+00,1.5058259911e+00,-1.4882603810e-09,-6.6033340520e-10,0.0000e+00
1918.449,1.2799911977e-03,7.685700e-06,1.5058473693e+00,1.5058259911e+00,-1.5547687977e-09,-6.8052988093e-10,0.0000e+00
1919.475,1.2799911986e-03,7.685232e-06,1.5058473693e+00,1.5058259911e+00,-1.6192207014e-09,-6.9945211971e-10,0.0000e+00
1920.500,1.2799911993e-03,7.684804e-06,1.5058473694e+00,1.5058259911e+00,-1.6816021256e-09,-7.1708384587e-10,0.0000e+00
1921.525,1.2799911999e-03,7.684421e-06,1.5058473694e+00,1.5058259911e+00,-1.7418417694e-09,-7.3348690395e-10,0.0000e+00
1922.551,1.2799912004e-03,7.684087e-06,1.5058473694e+00,1.5058259912e+00,-1.7997960805e-09,-7.4874710257e-10,0.0000e+00
1923.576,1.2799912009e-03,7.683805e-06,1.5058473694e+00,1.5058259912e+00,-1.8553865553e-09,-7.6297560539e-10,0.0000e+00
1924.601,1.2799912012e-03,7.683580e-06,1.5058473694e+00,1.5058259912e+00,-1.9084819765e-09,-7.7622480067e-10,0.0000e+00
1925.627,1.2799912014e-03,7.683414e-06,1.5058473694e+00,1.5058259912e+00,-1.9587743444e-09,-7.8821204111e-10,0.0000e+00
1926.652,1.2799912015e-03,7.683311e-06,1.5058473694e+00,1.5058259912e+00,-2.0060215250e-09,-7.9870077566e-10,0.0000e+00
1927.677,1.2799912015e-03,7.683271e-06,1.5058473694e+00,1.5058259912e+00,-2.0500896449e-09,-8.0757684533e-10,0.0000e+00
1928.703,1.2799912014e-03,7.683298e-06,1.5058473694e+00,1.5058259912e+00,-2.0909755414e-09,-8.1487307351e-10,0.0000e+00
1929.728,1.2799912012e-03,7.683393e-06,1.5058473694e+00,1.5058259912e+00,-2.1287809682e-09,-8.2076551291e-10,0.0000e+00
1930.753,1.2799912009e-03,7.683556e-06,1.5058473694e+00,1.5058259912e+00,-2.1635386877e-09,-8.2565276990e-10,0.0000e+00
1931.779,1.2799912005e-03,7.683790e-06,1.5058473694e+00,1.5058259912e+00,-2.1951956188e-09,-8.3025845078e-10,0.0000e+00
1932.804,1.2799911999e-03,7.684093e-06,1.5058473695e+00,1.5058259912e+00,-2.2236231298e-09,-8.3502498612e-10,0.0000e+00
1933.830,1.2799911993e-03,7.684465e-06,1.5058473695e+00,1.5058259913e+00,-2.2486915094e-09,-8.4031077472e-10,0.0000e+00
1934.855,1.2799911985e-03,7.684907e-06,1.5058473695e+00,1.5058259913e+00,-2.2702898383e-09,-8.4647984117e-10,0.0000e+00
1935.880,1.2799911977e-03,7.685416e-06,1.5058473695e+00,1.5058259913e+00,-2.2882777906e-09,-8.5381468015e-10,0.0000e+00
1936.906,1.2799911967e-03,7.685992e-06,1.5058473695e+00,1.5058259913e+00,-2.3024894243e-09,-8.6261412277e-10,0.0000e+00
1937.931,1.2799911957e-03,7.686632e-06,1.5058473695e+00,1.5058259913e+00,-2.3127388393e-09,-8.7318092547e-10,0.0000e+00
1938.956,1.2799911946e-03,7.687335e-06,1.5058473695e+00,1.5058259913e+00,-2.3189383221e-09,-8.8589744953e-10,0.0000e+00
1939.982,1.2799911934e-03,7.688097e-06,1.5058473695e+00,1.5058259913e+00,-2.3210872552e-09,-9.0112987708e-10,0.0000e+00
1941.007,1.2799911921e-03,7.688917e-06,1.5058473695e+00,1.5058259913e+00,-2.3193096532e-09,-9.1926335942e-10,0.0000e+00
1942.032,1.2799911908e-03,7.689791e-06,1.5058473695e+00,1.5058259913e+00,-2.3139221604e-09,-9.4074509554e-10,0.0000e+00
1943.058,1.2799911895e-03,7.690715e-06,1.5058473695e+00,1.5058259913e+00,-2.3053639298e-09,-9.6596572118e-10,0.0000e+00
1944.083,1.2799911881e-03,7.691688e-06,1.5058473696e+00,1.5058259913e+00,-2.2941948106e-09,-9.9507607591e-10,0.0000e+00
1945.109,1.2799911867e-03,7.692704e-06,1.5058473696e+00,1.5058259913e+00,-2.2810592276e-09,-1.0279638756e-09,0.0000e+00
1946.134,1.2799911852e-03,7.693760e-06,1.5058473696e+00,1.5058259914e+00,-2.2665901328e-09,-1.0641875222e-09,0.0000e+00
1947.159,1.2799911837e-03,7.694853e-06,1.5058473696e+00,1.5058259914e+00,-2.2514106691e-09,-1.1031029112e-09,0.0000e+00
1948.185,1.2799911823e-03,7.695979e-06,1.5058473696e+00,1.5058259914e+00,-2.2359477632e-09,-1.1440036312e-09,0.0000e+00
1949.210,1.2799911808e-03,7.697133e-06,1.5058473696e+00,1.5058259914e+00,-2.2203603782e-09,-1.1863214783e-09,0.0000e+00
1950.235,1.2799911793e-03,7.698313e-06,1.5058473696e+00,1.5058259914e+00,-2.2045449695e-09,-1.2295887632e-09,0.0000e+00
1951.261,1.2799911779e-03,7.699514e-06,1.5058473696e+00,1.5058259914e+00,-2.1881885654e-09,-1.2734814681e-09,0.0000e+00
1952.286,1.2799911765e-03,7.700732e-06,1.5058473696e+00,1.5058259914e+00,-2.1709250369e-09,-1.3178571543e-09,0.0000e+00
1953.311,1.2799911751e-03,7.701964e-06,1.5058473696e+00,1.5058259914e+00,-2.1522708974e-09,-1.3618305888e-09,0.0000e+00
1954.337,1.2799911737e-03,7.703207e-06,1.5058473696e+00,1.5058259914e+00,-2.1317149102e-09,-1.3995228757e-09,0.0000e+00
1955.362,1.2799911724e-03,7.704457e-06,1.5058473696e+00,1.5058259914e+00,-2.1096059094e-09,-1.4260605641e-09,0.0000e+00
1956.387,1.2799911712e-03,7.705712e-06,1.5058473697e+00,1.5058259914e+00,-2.0866519116e-09,-1.4387292029e-09,0.0000e+00
1957.413,1.2799911700e-03,7.706968e-06,1.5058473697e+00,1.5058259914e+00,-2.0634678496e-09,-1.4362101904e-09,0.0000e+00
1958.438,1.2799911689e-03,7.708222e-06,1.5058473697e+00,1.5058259915e+00,-2.0406502344e-09,-1.4180543676e-09,0.0000e+00
1959.464,1.2799911679e-03,7.709473e-06,1.5058473697e+00,1.5058259915e+00,-2.0188154803e-09,-1.3843217624e-09,0.0000e+00
1960.489,1.2799911669e-03,7.710718e-06,1.5058473697e+00,1.5058259915e+00,-1.9986027318e-09,-1.3353653353e-09,0.0000e+00
1961.514,1.2799911660e-03,7.711955e-06,1.5058473697e+00,1.5058259915e+00,-1.9805280532e-09,-1.2698128395e-09,0.0000e+00
1962.540,1.2799911652e-03,7.713184e-06,1.5058473697e+00,1.5058259915e+00,-1.9652789608e-09,-1.1855483074e-09,0.0000e+00
1963.565,1.2799911645e-03,7.714402e-06,1.5058473697e+00,1.5058259915e+00,-1.9535853796e-09,-1.0818818776e-09,0.0000e+00
1964.590,1.2799911639e-03,7.715609e-06,1.5058473697e+00,1.5058259915e+00,-1.9460733374e-09,-9.5882476793e-10,0.0000e+00
1965.616,1.2799911634e-03,7.716806e-06,1.5058473697e+00,1.5058259915e+00,-1.9431308607e-09,-8.1673484049e-10,0.0000e+00
1966.641,1.2799911629e-03,7.717990e-06,1.5058473697e+00,1.5058259915e+00,-1.9451349567e-09,-6.5608683897e-10,0.0000e+00
1967.666,1.2799911625e-03,7.719164e-06,1.5058473697e+00,1.5058259915e+00,-1.9524155568e-09,-4.7745108882e-10,0.0000e+00
1968.692,1.2799911622e-03,7.720328e-06,1.5058473698e+00,1.5058259915e+00,-1.9652111188e-09,-2.8139586931e-10,0.0000e+00
1969.717,1.2799911620e-03,7.721482e-06,1.5058473698e+00,1.5058259916e+00,-1.9835773450e-09,-6.8478302164e-11,0.0000e+00
1970.743,1.2799911619e-03,7.722628e-06,1.5058473698e+00,1.5058259916e+00,-2.0074874438e-09,1.6068682444e-10,0.0000e+00
1971.768,1.2799911619e-03,7.723768e-06,1.5058473698e+00,1.5058259916e+00,-2.0368823702e-09,4.0540363432e-10,0.0000e+00
1972.793,1.2799911619e-03,7.724904e-06,1.5058473698e+00,1.5058259916e+00,-2.0716874446e-09,6.6497466886e-10,0.0000e+00
1973.819,1.2799911620e-03,7.726038e-06,1.5058473698e+00,1.5058259916e+00,-2.1130815410e-09,9.3947788009e-10,0.0000e+00
1974.844,1.2799911622e-03,7.727172e-06,1.5058473698e+00,1.5058259916e+00,-2.1655376498e-09,1.2314981200e-09,0.0000e+00
1975.869,1.2799911624e-03,7.728311e-06,1.5058473698e+00,1.5058259916e+00,-2.2314304150e-09,1.5433355738e-09,0.0000e+00
1976.895,1.2799911627e-03,7.729457e-06,1.5058473698e+00,1.5058259916e+00,-2.3115937489e-09,1.8766855966e-09,0.0000e+00
1977.920,1.2799911630e-03,7.730613e-06,1.5058473698e+00,1.5058259916e+00,-2.4051651991e-09,2.2319787448e-09,0.0000e+00
1978.945,1.2799911634e-03,7.731785e-06,1.5058473698e+00,1.5058259916e+00,-2.5069105834e-09,2.6065983059e-09,0.0000e+00
1979.971,1.2799911638e-03,7.732975e-06,1.5058473698e+00,1.5058259916e+00,-2.6120307366e-09,2.9989842385e-09,0.0000e+00
1980.996,1.2799911643e-03,7.734188e-06,1.5058473699e+00,1.5058259916e+00,-2.7169859813e-09,3.4085922586e-09,0.0000e+00
1982.021,1.2799911647e-03,7.735428e-06,1.5058473699e+00,1.5058259917e+00,-2.8197168519e-09,3.8348835367e-09,0.0000e+00
1983.047,1.2799911652e-03,7.736700e-06,1.5058473699e+00,1.5058259917e+00,-2.9225030522e-09,4.2749603784e-09,0.0000e+00
1984.072,1.2799911658e-03,7.738009e-06,1.5058473699e+00,1.5058259917e+00,-3.0267268131e-09,4.7257732813e-09,0.0000e+00
1985.098,1.2799911663e-03,7.739359e-06,1.5058473699e+00,1.5058259917e+00,-3.1325324504e-09,5.1849609287e-09,0.0000e+00
1986.123,1.2799911668e-03,7.740756e-06,1.5058473699e+00,1.5058259917e+00,-3.2386058735e-09,5.6503116273e-09,0.0000e+00
1987.148,1.2799911673e-03,7.742204e-06,1.5058473699e+00,1.5058259917e+00,-3.3421061824e-09,6.1195024839e-09,0.0000e+00
1988.174,1.2799911678e-03,7.743708e-06,1.5058473699e+00,1.5058259917e+00,-3.4409986673e-09,6.5916880290e-09,0.0000e+00
1989.199,1.2799911683e-03,7.745273e-06,1.5058473699e+00,1.5058259917e+00,-3.5339202648e-09,7.0669464217e-09,0.0000e+00
1990.224,1.2799911688e-03,7.746903e-06,1.5058473699e+00,1.5058259917e+00,-3.6199862379e-09,7.5458425114e-09,0.0000e+00
1991.250,1.2799911692e-03,7.748604e-06,1.5058473699e+00,1.5058259917e+00,-3.6984933546e-09,8.0289633775e-09,0.0000e+00
1992.275,1.2799911696e-03,7.750381e-06,1.5058473700e+00,1.5058259917e+00,-3.7686876018e-09,8.5152922025e-09,0.0000e+00
1993.300,1.2799911699e-03,7.752238e-06,1.5058473700e+00,1.5058259918e+00,-3.8298425660e-09,8.9993489445e-09,0.0000e+00
1994.326,1.2799911702e-03,7.754179e-06,1.5058473700e+00,1.5058259918e+00,-3.8783580822e-09,9.4799555974e-09,0.0000e+00
1995.351,1.2799911704e-03,7.756210e-06,1.5058473700e+00,1.5058259918e+00,-3.9079643972e-09,9.9582356070e-09,0.0000e+00
1996.377,1.2799911706e-03,7.758335e-06,1.5058473700e+00,1.5058259918e+00,-3.9120999223e-09,1.0434984294e-08,0.0000e+00
1997.402,1.2799911707e-03,7.760558e-06,1.5058473700e+00,1.5058259918e+00,-3.8869088082e-09,1.0908926999e-08,0.0000e+00
1998.427,1.2799911707e-03,7.762883e-06,1.5058473700e+00,1.5058259918e+00,-3.8303762824e-09,1.1377882351e-08,0.0000e+00
1999.453,1.2799911707e-03,7.765313e-06,1.5058473700e+00,1.5058259918e+00,-3.7418358667e-09,1.1839343441e-08,0.0000e+00
