t,rhoc,errD,Mb,q00,q20,q22,vatm
0.000,1.2799935799e-03,9.659695e-08,1.5060942368e+00,1.5060942368e+00,1.1596589511e-06,1.1336650104e-15,0.0000e+00
1.026,1.2799936557e-03,2.124939e-04,1.5060942368e+00,1.5060942368e+00,1.9870322773e-03,5.3811275718e-16,2.1589e-03
2.053,1.2799938487e-03,3.531548e-04,1.5060942368e+00,1.5060942368e+00,3.9615950312e-03,3.0815347640e-16,8.3297e-03
3.079,1.2799941592e-03,4.322927e-04,1.5060942368e+00,1.5060942368e+00,5.9196009475e-03,6.1660899437e-16,1.9932e-02
4.105,1.2799944816e-03,4.675910e-04,1.5060942368e+00,1.5060942368e+00,7.8556533646e-03,1.1121368211e-15,3.1403e-02
5.132,1.2799947409e-03,4.701847e-04,1.5060942368e+00,1.5060942368e+00,9.7633571754e-03,-1.1410261230e-16,4.2101e-02
6.158,1.2799950234e-03,4.469349e-04,1.5060942368e+00,1.5060942368e+00,1.1635576021e-02,-8.0536281243e-16,5.1550e-02
7.184,1.2799953863e-03,4.047323e-04,1.5060942368e+00,1.5060942368e+00,1.3464596133e-02,5.5100798677e-16,5.9298e-02
8.210,1.2799958122e-03,3.526475e-04,1.5060942368e+00,1.5060942368e+00,1.5242281491e-02,-7.0835382273e-16,6.5846e-02
9.237,1.2799962573e-03,3.013714e-04,1.5060942368e+00,1.5060942368e+00,1.6960223787e-02,3.2167890036e-16,7.1209e-02
10.263,1.2799966250e-03,2.619413e-04,1.5060942368e+00,1.5060942368e+00,1.8609881677e-02,-1.8045770836e-15,7.5488e-02
11.289,1.2799967786e-03,2.431425e-04,1.5060942368e+00,1.5060942368e+00,2.0182713387e-02,8.2877380731e-16,7.8818e-02
12.316,1.2799966656e-03,2.464540e-04,1.5060942368e+00,1.5060942368e+00,2.1670301870e-02,8.1846710699e-16,8.1820e-02
13.342,1.2799963707e-03,2.649536e-04,1.5060942368e+00,1.5060942368e+00,2.3064473356e-02,-1.6230951958e-15,8.5514e-02
14.368,1.2799960049e-03,2.894128e-04,1.5060942368e+00,1.5060942368e+00,2.4357428005e-02,9.5114635013e-16,8.7666e-02
15.395,1.2799956233e-03,3.131224e-04,1.5060942367e+00,1.5060942367e+00,2.5541908459e-02,-6.7519079023e-16,8.8896e-02
16.421,1.2799952225e-03,3.324484e-04,1.5060942367e+00,1.5060942367e+00,2.6611408170e-02,-2.2110986891e-15,9.0010e-02
17.447,1.2799947831e-03,3.460648e-04,1.5060942367e+00,1.5060942367e+00,2.7560387618e-02,-1.5983753864e-15,9.1569e-02
18.474,1.2799942980e-03,3.541649e-04,1.5060942367e+00,1.5060942367e+00,2.8384451347e-02,3.9127789882e-16,6.4108e-02
19.500,1.2799937926e-03,3.575918e-04,1.5060942367e+00,1.5060942367e+00,2.9080452622e-02,2.2147828887e-16,0.0000e+00
20.526,1.2799933197e-03,3.571250e-04,1.5060942367e+00,1.5060942367e+00,2.9646523488e-02,-6.6918024330e-16,0.0000e+00
21.552,1.2799929210e-03,3.533476e-04,1.5060942367e+00,1.5060942367e+00,3.0082056919e-02,-1.2475614447e-15,0.0000e+00
22.579,1.2799925995e-03,3.469774e-04,1.5060942367e+00,1.5060942367e+00,3.0387688048e-02,5.4854142673e-16,0.0000e+00
23.605,1.2799923236e-03,3.390853e-04,1.5060942367e+00,1.5060942367e+00,3.0565325072e-02,4.1318556176e-16,0.0000e+00
24.631,1.2799920582e-03,3.308660e-04,1.5060942367e+00,1.5060942367e+00,3.0618254093e-02,-2.5911115531e-15,0.0000e+00
25.658,1.2799918006e-03,3.231842e-04,1.5060942368e+00,1.5060942368e+00,3.0551281322e-02,-3.8495664378e-16,0.0000e+00
26.684,1.2799915897e-03,3.163211e-04,1.5060942368e+00,1.5060942368e+00,3.0370804895e-02,2.8625936868e-16,0.0000e+00
27.710,1.2799914731e-03,3.100629e-04,1.5060942368e+00,1.5060942368e+00,3.0084675146e-02,-2.5740218164e-15,0.0000e+00
28.737,1.2799914559e-03,3.039364e-04,1.5060942368e+00,1.5060942368e+00,2.9701741820e-02,-1.7995694283e-15,0.0000e+00
29.763,1.2799914785e-03,2.974155e-04,1.5060942368e+00,1.5060942368e+00,2.9231086934e-02,-8.9688980458e-16,0.0000e+00
30.789,1.2799914498e-03,2.900986e-04,1.5060942368e+00,1.5060942368e+00,2.8681062775e-02,-2.2181392295e-15,0.0000e+00
31.815,1.2799913138e-03,2.818555e-04,1.5060942368e+00,1.5060942368e+00,2.8058344768e-02,1.0455261501e-15,0.0000e+00
32.842,1.2799911047e-03,2.728546e-04,1.5060942368e+00,1.5060942368e+00,2.7367236513e-02,-5.5241166932e-16,0.0000e+00
33.868,1.2799909476e-03,2.634646e-04,1.5060942368e+00,1.5060942368e+00,2.6609370177e-02,2.3814258569e-15,0.0000e+00
34.894,1.2799910028e-03,2.541568e-04,1.5060942368e+00,1.5060942368e+00,2.5783886784e-02,-1.3180955723e-15,0.0000e+00
35.921,1.2799913851e-03,2.454385e-04,1.5060942369e+00,1.5060942369e+00,2.4888046079e-02,3.0600540074e-16,0.0000e+00
36.947,1.2799921049e-03,2.376678e-04,1.5060942369e+00,1.5060942369e+00,2.3918133619e-02,-2.6440206192e-15,0.0000e+00
37.973,1.2799930619e-03,2.307446e-04,1.5060942369e+00,1.5060942369e+00,2.2870501126e-02,1.9146022827e-15,0.0000e+00
39.000,1.2799940914e-03,2.240418e-04,1.5060942369e+00,1.5060942369e+00,2.1742558191e-02,2.1826633993e-16,0.0000e+00
40.026,1.2799950363e-03,2.168425e-04,1.5060942369e+00,1.5060942369e+00,2.0533567812e-02,-2.4445748533e-15,0.0000e+00
41.052,1.2799958091e-03,2.089151e-04,1.5060942369e+00,1.5060942369e+00,1.9245147676e-02,7.1375350902e-16,0.0000e+00
42.079,1.2799964246e-03,2.005852e-04,1.5060942369e+00,1.5060942369e+00,1.7881443204e-02,-1.5886660950e-16,0.0000e+00
43.105,1.2799969943e-03,1.922060e-04,1.5060942369e+00,1.5060942369e+00,1.6448992222e-02,-3.8661682836e-16,0.0000e+00
44.131,1.2799976897e-03,1.836631e-04,1.5060942369e+00,1.5060942369e+00,1.4956336236e-02,4.7971028361e-15,0.0000e+00
45.157,1.2799986828e-03,1.745545e-04,1.5060942369e+00,1.5060942369e+00,1.3413469495e-02,-6.1138549124e-16,0.0000e+00
46.184,1.2800000880e-03,1.648526e-04,1.5060942369e+00,1.5060942369e+00,1.1831215884e-02,1.0987322774e-16,0.0000e+00
47.210,1.2800019319e-03,1.552416e-04,1.5060942369e+00,1.5060942369e+00,1.0220636510e-02,3.2422417243e-15,0.0000e+00
48.236,1.2800041643e-03,1.466447e-04,1.5060942368e+00,1.5060942368e+00,8.5924911956e-03,6.3945177889e-16,0.0000e+00
49.263,1.2800067038e-03,1.393753e-04,1.5060942368e+00,1.5060942368e+00,6.9568080412e-03,4.7974077680e-15,0.0000e+00
50.289,1.2800094910e-03,1.328912e-04,1.5060942368e+00,1.5060942368e+00,5.3226492157e-03,1.9425126181e-16,0.0000e+00
51.315,1.2800125233e-03,1.264605e-04,1.5060942367e+00,1.5060942367e+00,3.6979983988e-03,-1.0644543446e-16,0.0000e+00
52.342,1.2800158568e-03,1.199952e-04,1.5060942367e+00,1.5060942367e+00,2.0897560499e-03,3.3683062376e-16,0.0000e+00
53.368,1.2800195768e-03,1.141905e-04,1.5060942366e+00,1.5060942366e+00,5.0381612823e-04,2.2543302572e-15,0.0000e+00
54.394,1.2800237516e-03,1.098951e-04,1.5060942366e+00,1.5060942366e+00,-1.0548088901e-03,-1.7487745566e-15,0.0000e+00
55.421,1.2800283812e-03,1.074160e-04,1.5060942365e+00,1.5060942365e+00,-2.5818447236e-03,-3.3127023090e-15,0.0000e+00
56.447,1.2800333541e-03,1.065250e-04,1.5060942365e+00,1.5060942365e+00,-4.0736198959e-03,-5.7012591659e-17,0.0000e+00
57.473,1.2800384233e-03,1.070774e-04,1.5060942364e+00,1.5060942364e+00,-5.5269522364e-03,1.2598593670e-15,0.0000e+00
58.499,1.2800432118e-03,1.094053e-04,1.5060942364e+00,1.5060942364e+00,-6.9390842567e-03,-4.5647332958e-16,0.0000e+00
59.526,1.2800472537e-03,1.140236e-04,1.5060942363e+00,1.5060942363e+00,-8.3075494967e-03,2.1689493361e-15,0.0000e+00
60.552,1.2800500618e-03,1.209742e-04,1.5060942362e+00,1.5060942362e+00,-9.6300525347e-03,2.7410286125e-15,0.0000e+00
61.578,1.2800511999e-03,1.295849e-04,1.5060942361e+00,1.5060942361e+00,-1.0904334661e-02,3.1415532238e-15,0.0000e+00
62.605,1.2800503311e-03,1.389689e-04,1.5060942361e+00,1.5060942361e+00,-1.2128444404e-02,-3.7310495878e-16,0.0000e+00
63.631,1.2800472236e-03,1.485531e-04,1.5060942360e+00,1.5060942360e+00,-1.3300745089e-02,-1.8466509077e-15,0.0000e+00
64.657,1.2800417064e-03,1.581931e-04,1.5060942359e+00,1.5060942359e+00,-1.4419764062e-02,-1.2930911597e-15,0.0000e+00
65.684,1.2800335933e-03,1.679816e-04,1.5060942358e+00,1.5060942358e+00,-1.5484021231e-02,3.6069673351e-15,0.0000e+00
66.710,1.2800226051e-03,1.779966e-04,1.5060942357e+00,1.5060942357e+00,-1.6491911659e-02,-2.1200189329e-15,0.0000e+00
67.736,1.2800083259e-03,1.881986e-04,1.5060942357e+00,1.5060942357e+00,-1.7441657653e-02,-9.8785436685e-16,0.0000e+00
68.763,1.2799902239e-03,1.985167e-04,1.5060942356e+00,1.5060942356e+00,-1.8331316958e-02,5.6790121177e-16,0.0000e+00
69.789,1.2799677471e-03,2.089846e-04,1.5060942355e+00,1.5060942355e+00,-1.9158826933e-02,-9.3029000775e-16,0.0000e+00
70.815,1.2799404879e-03,2.197567e-04,1.5060942355e+00,1.5060942355e+00,-1.9922061876e-02,-5.5972325772e-16,0.0000e+00
71.841,1.2799083875e-03,2.309470e-04,1.5060942354e+00,1.5060942354e+00,-2.0618886910e-02,6.9717199205e-16,0.0000e+00
72.868,1.2798719384e-03,2.423901e-04,1.5060942354e+00,1.5060942354e+00,-2.1247195305e-02,2.0852353759e-15,0.0000e+00
73.894,1.2798323413e-03,2.535069e-04,1.5060942354e+00,1.5060942354e+00,-2.1804927075e-02,-8.7153980253e-16,0.0000e+00
74.920,1.2797915719e-03,2.633795e-04,1.5060942354e+00,1.5060942354e+00,-2.2290090792e-02,2.1700538671e-15,0.0000e+00
75.947,1.2797523282e-03,2.709956e-04,1.5060942354e+00,1.5060942354e+00,-2.2700786740e-02,4.7186122808e-16,0.0000e+00
76.973,1.2797178408e-03,2.755310e-04,1.5060942354e+00,1.5060942354e+00,-2.3035244193e-02,-1.5408787900e-15,0.0000e+00
77.999,1.2796915610e-03,2.765477e-04,1.5060942355e+00,1.5060942355e+00,-2.3291880304e-02,4.4764963831e-16,0.0000e+00
79.026,1.2796767570e-03,2.740636e-04,1.5060942356e+00,1.5060942356e+00,-2.3469387107e-02,7.9061557251e-17,0.0000e+00
80.052,1.2796760750e-03,2.685109e-04,1.5060942357e+00,1.5060942357e+00,-2.3566816245e-02,-3.2029878254e-15,0.0000e+00
81.078,1.2796911399e-03,2.606362e-04,1.5060942358e+00,1.5060942358e+00,-2.3583653113e-02,-5.0636018205e-16,0.0000e+00
82.105,1.2797222668e-03,2.513903e-04,1.5060942359e+00,1.5060942359e+00,-2.3519865284e-02,4.1650593091e-16,0.0000e+00
83.131,1.2797683368e-03,2.418216e-04,1.5060942361e+00,1.5060942361e+00,-2.3375914162e-02,-1.0348680836e-15,0.0000e+00
84.157,1.2798268571e-03,2.329569e-04,1.5060942362e+00,1.5060942362e+00,-2.3152725676e-02,-2.0882179280e-15,0.0000e+00
85.183,1.2798941870e-03,2.256439e-04,1.5060942364e+00,1.5060942364e+00,-2.2851628933e-02,-7.6334997824e-16,0.0000e+00
86.210,1.2799658815e-03,2.203729e-04,1.5060942366e+00,1.5060942366e+00,-2.2474277257e-02,-1.2815986167e-15,0.0000e+00
87.236,1.2800371007e-03,2.171541e-04,1.5060942367e+00,1.5060942367e+00,-2.2022569234e-02,1.5011485605e-15,0.0000e+00
88.262,1.2801030554e-03,2.155377e-04,1.5060942368e+00,1.5060942368e+00,-2.1498583793e-02,-4.4179718850e-15,0.0000e+00
89.289,1.2801594435e-03,2.147835e-04,1.5060942370e+00,1.5060942370e+00,-2.0904540963e-02,-4.5097100356e-16,0.0000e+00
90.315,1.2802028531e-03,2.140982e-04,1.5060942371e+00,1.5060942371e+00,-2.0242790722e-02,-1.2254504967e-15,0.0000e+00
91.341,1.2802310971e-03,2.128323e-04,1.5060942372e+00,1.5060942372e+00,-1.9515825355e-02,2.5393659141e-16,0.0000e+00
92.368,1.2802434399e-03,2.105840e-04,1.5060942373e+00,1.5060942373e+00,-1.8726305429e-02,-4.1871723475e-15,0.0000e+00
93.394,1.2802406701e-03,2.072097e-04,1.5060942373e+00,1.5060942373e+00,-1.7877087387e-02,5.8169768442e-16,0.0000e+00
94.420,1.2802249913e-03,2.027700e-04,1.5060942374e+00,1.5060942374e+00,-1.6971242237e-02,-1.1952012561e-15,0.0000e+00
95.446,1.2801997343e-03,1.974383e-04,1.5060942374e+00,1.5060942374e+00,-1.6012058793e-02,-1.6044062610e-15,0.0000e+00
96.473,1.2801689213e-03,1.914031e-04,1.5060942374e+00,1.5060942374e+00,-1.5003030514e-02,-6.1757221989e-16,0.0000e+00
97.499,1.2801367508e-03,1.847923e-04,1.5060942374e+00,1.5060942374e+00,-1.3947830048e-02,-3.1669516557e-15,0.0000e+00
98.525,1.2801070736e-03,1.776459e-04,1.5060942374e+00,1.5060942374e+00,-1.2850279106e-02,-2.2320237936e-15,0.0000e+00
99.552,1.2800829395e-03,1.699379e-04,1.5060942374e+00,1.5060942374e+00,-1.1714322552e-02,2.5747323280e-15,0.0000e+00
100.578,1.2800662802e-03,1.616306e-04,1.5060942374e+00,1.5060942374e+00,-1.0544014133e-02,-9.8980593076e-16,0.0000e+00
101.604,1.2800577682e-03,1.527257e-04,1.5060942374e+00,1.5060942374e+00,-9.3435177378e-03,-8.4829044219e-16,0.0000e+00
102.631,1.2800568563e-03,1.432922e-04,1.5060942373e+00,1.5060942373e+00,-8.1171234572e-03,-2.0845045355e-15,0.0000e+00
103.657,1.2800619821e-03,1.334654e-04,1.5060942373e+00,1.5060942373e+00,-6.8692730789e-03,-1.0255585917e-16,0.0000e+00
104.683,1.2800708893e-03,1.234328e-04,1.5060942372e+00,1.5060942372e+00,-5.6045864377e-03,-1.5326049721e-15,0.0000e+00
105.710,1.2800810025e-03,1.134188e-04,1.5060942372e+00,1.5060942372e+00,-4.3278842023e-03,1.7313246817e-15,0.0000e+00
106.736,1.2800898000e-03,1.036778e-04,1.5060942371e+00,1.5060942371e+00,-3.0441954569e-03,4.0745284277e-16,0.0000e+00
107.762,1.2800951319e-03,9.449287e-05,1.5060942370e+00,1.5060942370e+00,-1.7587059376e-03,2.2226105674e-15,0.0000e+00
108.788,1.2800954450e-03,8.619816e-05,1.5060942369e+00,1.5060942369e+00,-4.7670199122e-04,-2.8199120928e-15,0.0000e+00
109.815,1.2800898966e-03,7.922241e-05,1.5060942368e+00,1.5060942368e+00,7.9650163235e-04,-8.9421995673e-16,0.0000e+00
110.841,1.2800783586e-03,7.413329e-05,1.5060942367e+00,1.5060942367e+00,2.0556499550e-03,-1.7156792852e-15,0.0000e+00
111.867,1.2800613304e-03,7.161265e-05,1.5060942366e+00,1.5060942366e+00,3.2956414760e-03,-2.7115716753e-17,0.0000e+00
112.894,1.2800397887e-03,7.226308e-05,1.5060942364e+00,1.5060942364e+00,4.5115816397e-03,-2.8899119899e-16,0.0000e+00
113.920,1.2800150068e-03,7.628787e-05,1.5060942363e+00,1.5060942363e+00,5.6988572884e-03,2.2896345905e-15,0.0000e+00
114.946,1.2799883766e-03,8.333215e-05,1.5060942362e+00,1.5060942362e+00,6.8532337472e-03,7.8690327435e-16,0.0000e+00
115.973,1.2799612572e-03,9.263901e-05,1.5060942361e+00,1.5060942361e+00,7.9708921228e-03,-2.7482203185e-16,0.0000e+00
116.999,1.2799348645e-03,1.033272e-04,1.5060942360e+00,1.5060942360e+00,9.0483583736e-03,-2.8500190319e-15,0.0000e+00
118.025,1.2799102096e-03,1.145820e-04,1.5060942359e+00,1.5060942359e+00,1.0082464828e-02,-4.8288042875e-16,0.0000e+00
119.052,1.2798880803e-03,1.257369e-04,1.5060942358e+00,1.5060942358e+00,1.1070278694e-02,-7.9931009359e-18,0.0000e+00
120.078,1.2798690557e-03,1.362920e-04,1.5060942357e+00,1.5060942357e+00,1.2009127186e-02,7.2340968462e-16,0.0000e+00
121.104,1.2798535385e-03,1.458945e-04,1.5060942356e+00,1.5060942356e+00,1.2896540926e-02,-9.3813692097e-16,0.0000e+00
122.130,1.2798417914e-03,1.543090e-04,1.5060942355e+00,1.5060942355e+00,1.3730194623e-02,6.8847126961e-16,0.0000e+00
123.157,1.2798339655e-03,1.613980e-04,1.5060942354e+00,1.5060942354e+00,1.4507867949e-02,2.8669925761e-15,0.0000e+00
124.183,1.2798301138e-03,1.671098e-04,1.5060942354e+00,1.5060942354e+00,1.5227432732e-02,1.3276355553e-15,0.0000e+00
125.209,1.2798301897e-03,1.714703e-04,1.5060942354e+00,1.5060942354e+00,1.5886862494e-02,-9.1699497861e-16,0.0000e+00
126.236,1.2798340343e-03,1.745712e-04,1.5060942353e+00,1.5060942353e+00,1.6484257471e-02,6.1271264281e-16,0.0000e+00
127.262,1.2798413643e-03,1.765532e-04,1.5060942353e+00,1.5060942353e+00,1.7017877857e-02,-7.3725458720e-16,0.0000e+00
128.288,1.2798517686e-03,1.775859e-04,1.5060942353e+00,1.5060942353e+00,1.7486178995e-02,2.8896185202e-15,0.0000e+00
129.315,1.2798647213e-03,1.778476e-04,1.5060942353e+00,1.5060942353e+00,1.7887844149e-02,-1.3846791382e-15,0.0000e+00
130.341,1.2798796085e-03,1.775097e-04,1.5060942353e+00,1.5060942353e+00,1.8221812137e-02,-1.5061368866e-15,0.0000e+00
131.367,1.2798957632e-03,1.767227e-04,1.5060942353e+00,1.5060942353e+00,1.8487298942e-02,-5.4888123600e-16,0.0000e+00
132.394,1.2799125050e-03,1.756074e-04,1.5060942353e+00,1.5060942353e+00,1.8683812871e-02,-1.1129374162e-15,0.0000e+00
133.420,1.2799291792e-03,1.742491e-04,1.5060942354e+00,1.5060942354e+00,1.8811163590e-02,4.7471403505e-16,0.0000e+00
134.446,1.2799451977e-03,1.726953e-04,1.5060942354e+00,1.5060942354e+00,1.8869465013e-02,5.9763545635e-16,0.0000e+00
135.472,1.2799600747e-03,1.709608e-04,1.5060942354e+00,1.5060942354e+00,1.8859132489e-02,2.1146104785e-15,0.0000e+00
136.499,1.2799734538e-03,1.690374e-04,1.5060942355e+00,1.5060942355e+00,1.8780874717e-02,2.4063625069e-15,0.0000e+00
137.525,1.2799851193e-03,1.669053e-04,1.5060942355e+00,1.5060942355e+00,1.8635680543e-02,3.5755243778e-16,0.0000e+00
138.551,1.2799949896e-03,1.645431e-04,1.5060942356e+00,1.5060942356e+00,1.8424801540e-02,2.4919320690e-16,0.0000e+00
139.578,1.2800030965e-03,1.619331e-04,1.5060942356e+00,1.5060942356e+00,1.8149732198e-02,1.0594717005e-15,0.0000e+00
140.604,1.2800095569e-03,1.590620e-04,1.5060942357e+00,1.5060942357e+00,1.7812189488e-02,1.7384939686e-15,0.0000e+00
141.630,1.2800145436e-03,1.559202e-04,1.5060942357e+00,1.5060942357e+00,1.7414093991e-02,1.8500448196e-15,0.0000e+00
142.657,1.2800182575e-03,1.525002e-04,1.5060942357e+00,1.5060942357e+00,1.6957554098e-02,4.6616916667e-16,0.0000e+00
143.683,1.2800209004e-03,1.487968e-04,1.5060942358e+00,1.5060942358e+00,1.6444857094e-02,-1.7417136899e-15,0.0000e+00
144.709,1.2800226495e-03,1.448064e-04,1.5060942358e+00,1.5060942358e+00,1.5878463984e-02,-1.0386898962e-15,0.0000e+00
145.736,1.2800236399e-03,1.405228e-04,1.5060942359e+00,1.5060942359e+00,1.5260993746e-02,1.2643723586e-15,0.0000e+00
146.762,1.2800239623e-03,1.359371e-04,1.5060942359e+00,1.5060942359e+00,1.4595219038e-02,-2.7417151054e-16,0.0000e+00
147.788,1.2800236835e-03,1.310392e-04,1.5060942359e+00,1.5060942359e+00,1.3884062957e-02,1.1078135649e-15,0.0000e+00
148.814,1.2800228874e-03,1.258217e-04,1.5060942360e+00,1.5060942360e+00,1.3130591896e-02,3.4795047229e-16,0.0000e+00
149.841,1.2800217234e-03,1.202847e-04,1.5060942360e+00,1.5060942360e+00,1.2338003152e-02,-9.2541109798e-16,0.0000e+00
150.867,1.2800204438e-03,1.144420e-04,1.5060942360e+00,1.5060942360e+00,1.1509609466e-02,2.2855485035e-15,0.0000e+00
151.893,1.2800194107e-03,1.083239e-04,1.5060942360e+00,1.5060942360e+00,1.0648813506e-02,-1.4446016371e-15,0.0000e+00
152.920,1.2800190623e-03,1.019786e-04,1.5060942361e+00,1.5060942361e+00,9.7590821267e-03,2.7348283313e-15,0.0000e+00
153.946,1.2800198398e-03,9.547503e-05,1.5060942361e+00,1.5060942361e+00,8.8439232429e-03,-2.5494047451e-16,0.0000e+00
154.972,1.2800220898e-03,8.890240e-05,1.5060942361e+00,1.5060942361e+00,7.9068640491e-03,3.2589519903e-15,0.0000e+00
155.999,1.2800259650e-03,8.236740e-05,1.5060942361e+00,1.5060942361e+00,6.9514329759e-03,-8.2357740892e-16,0.0000e+00
157.025,1.2800313467e-03,7.598828e-05,1.5060942361e+00,1.5060942361e+00,5.9811457807e-03,-2.1674934356e-15,0.0000e+00
158.051,1.2800378112e-03,6.988797e-05,1.5060942361e+00,1.5060942361e+00,4.9994958750e-03,3.5411291582e-15,0.0000e+00
159.077,1.2800446504e-03,6.418856e-05,1.5060942361e+00,1.5060942361e+00,4.0099484554e-03,-2.3049171552e-16,0.0000e+00
160.104,1.2800509472e-03,5.901188e-05,1.5060942361e+00,1.5060942361e+00,3.0159373650e-03,9.3418536322e-16,0.0000e+00
161.130,1.2800556930e-03,5.449091e-05,1.5060942361e+00,1.5060942361e+00,2.0208634324e-03,7.0469255034e-17,0.0000e+00
162.156,1.2800579297e-03,5.079221e-05,1.5060942361e+00,1.5060942361e+00,1.0280915545e-03,4.5836291103e-16,0.0000e+00
163.183,1.2800568915e-03,4.813806e-05,1.5060942360e+00,1.5060942360e+00,4.0944871026e-05,-5.4802742679e-16,0.0000e+00
164.209,1.2800521231e-03,4.680188e-05,1.5060942360e+00,1.5060942360e+00,-9.3730318199e-04,1.3351639842e-15,0.0000e+00
165.235,1.2800435567e-03,4.704618e-05,1.5060942359e+00,1.5060942359e+00,-1.9034488114e-03,-9.4695961615e-16,0.0000e+00
166.262,1.2800315349e-03,4.901754e-05,1.5060942359e+00,1.5060942359e+00,-2.8543449941e-03,-3.3721369169e-15,0.0000e+00
167.288,1.2800167764e-03,5.265582e-05,1.5060942358e+00,1.5060942358e+00,-3.7869348715e-03,-1.1720045904e-17,0.0000e+00
168.314,1.2800002909e-03,5.771003e-05,1.5060942358e+00,1.5060942358e+00,-4.6983011558e-03,1.2005264032e-15,0.0000e+00
169.341,1.2799832560e-03,6.382212e-05,1.5060942357e+00,1.5060942357e+00,-5.5856543169e-03,-1.0149933025e-15,0.0000e+00
170.367,1.2799668785e-03,7.059793e-05,1.5060942357e+00,1.5060942357e+00,-6.4462898791e-03,-1.2894262954e-16,0.0000e+00
171.393,1.2799522620e-03,7.766610e-05,1.5060942356e+00,1.5060942356e+00,-7.2776092019e-03,1.7340622922e-15,0.0000e+00
172.419,1.2799403006e-03,8.472564e-05,1.5060942356e+00,1.5060942356e+00,-8.0771549642e-03,2.0040150807e-15,0.0000e+00
173.446,1.2799316116e-03,9.155755e-05,1.5060942355e+00,1.5060942355e+00,-8.8426106947e-03,1.0258343281e-15,0.0000e+00
174.472,1.2799265113e-03,9.802030e-05,1.5060942355e+00,1.5060942355e+00,-9.5717996422e-03,-1.1861075103e-15,0.0000e+00
175.498,1.2799250258e-03,1.040401e-04,1.5060942354e+00,1.5060942354e+00,-1.0262686916e-02,4.9012325842e-16,0.0000e+00
176.525,1.2799269318e-03,1.095972e-04,1.5060942354e+00,1.5060942354e+00,-1.0913380167e-02,6.1494880979e-16,0.0000e+00
177.551,1.2799318123e-03,1.147073e-04,1.5060942353e+00,1.5060942353e+00,-1.1522131168e-02,-2.7735692262e-15,0.0000e+00
178.577,1.2799391192e-03,1.194098e-04,1.5060942353e+00,1.5060942353e+00,-1.2087357721e-02,1.4049662753e-15,0.0000e+00
179.604,1.2799482357e-03,1.237535e-04,1.5060942353e+00,1.5060942353e+00,-1.2607645522e-02,8.2917251227e-17,0.0000e+00
180.630,1.2799585318e-03,1.277820e-04,1.5060942352e+00,1.5060942352e+00,-1.3081752721e-02,-7.2648710438e-16,0.0000e+00
181.656,1.2799694069e-03,1.315255e-04,1.5060942352e+00,1.5060942352e+00,-1.3508611645e-02,2.1566707465e-15,0.0000e+00
182.683,1.2799803187e-03,1.349945e-04,1.5060942352e+00,1.5060942352e+00,-1.3887325039e-02,-2.0826557098e-16,0.0000e+00
183.709,1.2799907991e-03,1.381798e-04,1.5060942352e+00,1.5060942352e+00,-1.4217161344e-02,2.0487644310e-16,0.0000e+00
184.735,1.2800004591e-03,1.410543e-04,1.5060942351e+00,1.5060942351e+00,-1.4497550155e-02,-1.3822667884e-15,0.0000e+00
185.761,1.2800089889e-03,1.435785e-04,1.5060942351e+00,1.5060942351e+00,-1.4728078562e-02,3.0029301055e-16,0.0000e+00
186.788,1.2800161537e-03,1.457075e-04,1.5060942351e+00,1.5060942351e+00,-1.4908488702e-02,4.3312132920e-16,0.0000e+00
187.814,1.2800217890e-03,1.473972e-04,1.5060942351e+00,1.5060942351e+00,-1.5038675897e-02,3.3288683836e-16,0.0000e+00
188.840,1.2800257945e-03,1.486107e-04,1.5060942351e+00,1.5060942351e+00,-1.5118687063e-02,7.3897476206e-16,0.0000e+00
189.867,1.2800281288e-03,1.493237e-04,1.5060942351e+00,1.5060942351e+00,-1.5148719805e-02,-1.4288942581e-15,0.0000e+00
190.893,1.2800288059e-03,1.495270e-04,1.5060942350e+00,1.5060942350e+00,-1.5129121617e-02,7.7674565525e-16,0.0000e+00
191.919,1.2800278962e-03,1.492284e-04,1.5060942350e+00,1.5060942350e+00,-1.5060388134e-02,-1.5038736146e-15,0.0000e+00
192.946,1.2800255241e-03,1.484516e-04,1.5060942350e+00,1.5060942350e+00,-1.4943161269e-02,6.6375823635e-16,0.0000e+00
193.972,1.2800218562e-03,1.472337e-04,1.5060942350e+00,1.5060942350e+00,-1.4778227020e-02,-2.0728832435e-15,0.0000e+00
194.998,1.2800170751e-03,1.456208e-04,1.5060942350e+00,1.5060942350e+00,-1.4566513044e-02,-2.5301726148e-15,0.0000e+00
196.025,1.2800113447e-03,1.436622e-04,1.5060942349e+00,1.5060942349e+00,-1.4309086177e-02,-7.8057524026e-16,0.0000e+00
197.051,1.2800047856e-03,1.414043e-04,1.5060942349e+00,1.5060942349e+00,-1.4007149783e-02,-2.0113683227e-15,0.0000e+00
198.077,1.2799974794e-03,1.388843e-04,1.5060942349e+00,1.5060942349e+00,-1.3662040978e-02,1.9757512853e-15,0.0000e+00
199.103,1.2799895078e-03,1.361254e-04,1.5060942349e+00,1.5060942349e+00,-1.3275227656e-02,-1.2889847440e-15,0.0000e+00
200.130,1.2799810157e-03,1.331343e-04,1.5060942348e+00,1.5060942348e+00,-1.2848304892e-02,-2.7021417262e-16,0.0000e+00
201.156,1.2799722738e-03,1.299012e-04,1.5060942348e+00,1.5060942348e+00,-1.2382990549e-02,-2.6349539785e-15,0.0000e+00
202.182,1.2799637101e-03,1.264031e-04,1.5060942348e+00,1.5060942348e+00,-1.1881120177e-02,-2.3029577207e-15,0.0000e+00
203.209,1.2799558922e-03,1.226096e-04,1.5060942348e+00,1.5060942348e+00,-1.1344640928e-02,1.8948077226e-16,0.0000e+00
204.235,1.2799494567e-03,1.184911e-04,1.5060942347e+00,1.5060942347e+00,-1.0775604460e-02,-1.2800875099e-15,0.0000e+00
205.261,1.2799450061e-03,1.140274e-04,1.5060942347e+00,1.5060942347e+00,-1.0176158850e-02,7.4707239704e-16,0.0000e+00
206.288,1.2799429986e-03,1.092167e-04,1.5060942347e+00,1.5060942347e+00,-9.5485396901e-03,-4.0043419799e-15,0.0000e+00
207.314,1.2799436614e-03,1.040821e-04,1.5060942347e+00,1.5060942347e+00,-8.8950606045e-03,-2.0357899767e-15,0.0000e+00
208.340,1.2799469483e-03,9.867500e-05,1.5060942346e+00,1.5060942346e+00,-8.2181036480e-03,1.1350812495e-15,0.0000e+00
209.366,1.2799525462e-03,9.307457e-05,1.5060942346e+00,1.5060942346e+00,-7.5201096200e-03,3.8587721954e-16,0.0000e+00
210.393,1.2799599267e-03,8.738279e-05,1.5060942346e+00,1.5060942346e+00,-6.8035687084e-03,5.5171271808e-16,0.0000e+00
211.419,1.2799684237e-03,8.171633e-05,1.5060942346e+00,1.5060942346e+00,-6.0710117161e-03,2.3551407305e-15,0.0000e+00
212.445,1.2799773243e-03,7.619658e-05,1.5060942346e+00,1.5060942346e+00,-5.3250019892e-03,-1.5166943053e-15,0.0000e+00
213.472,1.2799859519e-03,7.094013e-05,1.5060942345e+00,1.5060942345e+00,-4.5681279412e-03,1.2216412405e-15,0.0000e+00
214.498,1.2799937319e-03,6.605209e-05,1.5060942345e+00,1.5060942345e+00,-3.8029961624e-03,-6.6232266456e-16,0.0000e+00
215.524,1.2800002314e-03,6.162385e-05,1.5060942345e+00,1.5060942345e+00,-3.0322248896e-03,-1.9982155951e-15,0.0000e+00
216.551,1.2800051742e-03,5.773584e-05,1.5060942344e+00,1.5060942344e+00,-2.2584377375e-03,1.8052401649e-15,0.0000e+00
217.577,1.2800084322e-03,5.446237e-05,1.5060942344e+00,1.5060942344e+00,-1.4842640256e-03,3.8779490213e-16,0.0000e+00
218.603,1.2800100044e-03,5.187479e-05,1.5060942343e+00,1.5060942343e+00,-7.1233323812e-04,1.5210165653e-15,0.0000e+00
219.630,1.2800099876e-03,5.004493e-05,1.5060942343e+00,1.5060942343e+00,5.4744517310e-05,-4.8975483872e-15,0.0000e+00
220.656,1.2800085471e-03,4.904122e-05,1.5060942343e+00,1.5060942343e+00,8.1437987573e-04,-1.7678768436e-15,0.0000e+00
221.682,1.2800058921e-03,4.890251e-05,1.5060942342e+00,1.5060942342e+00,1.5639596035e-03,-1.8118141366e-15,0.0000e+00
222.708,1.2800022559e-03,4.961648e-05,1.5060942342e+00,1.5060942342e+00,2.3008855386e-03,2.4766120314e-15,0.0000e+00
223.735,1.2799978830e-03,5.112446e-05,1.5060942341e+00,1.5060942341e+00,3.0226176666e-03,2.1168263167e-15,0.0000e+00
224.761,1.2799930197e-03,5.332418e-05,1.5060942341e+00,1.5060942341e+00,3.7266309118e-03,1.9031775023e-15,0.0000e+00
225.787,1.2799879072e-03,5.608222e-05,1.5060942341e+00,1.5060942341e+00,4.4104606101e-03,-3.1547340525e-15,0.0000e+00
226.814,1.2799827756e-03,5.925564e-05,1.5060942340e+00,1.5060942340e+00,5.0717364910e-03,-3.8764682042e-16,0.0000e+00
227.840,1.2799778366e-03,6.270565e-05,1.5060942340e+00,1.5060942340e+00,5.7081674132e-03,-3.1498415902e-15,0.0000e+00
228.866,1.2799732771e-03,6.630441e-05,1.5060942340e+00,1.5060942340e+00,6.3176119169e-03,-5.4748532570e-16,0.0000e+00
229.893,1.2799692522e-03,6.993830e-05,1.5060942339e+00,1.5060942339e+00,6.8979621270e-03,-8.7482629037e-16,0.0000e+00
230.919,1.2799658793e-03,7.350980e-05,1.5060942339e+00,1.5060942339e+00,7.4472538361e-03,3.6716117953e-16,0.0000e+00
231.945,1.2799632343e-03,7.693912e-05,1.5060942339e+00,1.5060942339e+00,7.9636235079e-03,-3.7818094840e-15,0.0000e+00
232.972,1.2799613506e-03,8.016389e-05,1.5060942339e+00,1.5060942339e+00,8.4453519174e-03,-1.8583941725e-15,0.0000e+00
233.998,1.2799602228e-03,8.313705e-05,1.5060942338e+00,1.5060942338e+00,8.8908614619e-03,-7.7083097323e-16,0.0000e+00
235.024,1.2799598152e-03,8.582506e-05,1.5060942338e+00,1.5060942338e+00,9.2987216050e-03,1.7525818206e-15,0.0000e+00
236.050,1.2799600730e-03,8.820645e-05,1.5060942338e+00,1.5060942338e+00,9.6676548273e-03,2.3916309098e-15,0.0000e+00
237.077,1.2799609357e-03,9.027034e-05,1.5060942338e+00,1.5060942338e+00,9.9965423850e-03,-1.6208522527e-15,0.0000e+00
238.103,1.2799623486e-03,9.201457e-05,1.5060942338e+00,1.5060942338e+00,1.0284429075e-02,2.8888855894e-16,0.0000e+00
239.129,1.2799642694e-03,9.344358e-05,1.5060942338e+00,1.5060942338e+00,1.0530526574e-02,-3.7953958925e-15,0.0000e+00
240.156,1.2799666686e-03,9.456642e-05,1.5060942338e+00,1.5060942338e+00,1.0734215317e-02,-3.5911306877e-17,0.0000e+00
241.182,1.2799695221e-03,9.539483e-05,1.5060942338e+00,1.5060942338e+00,1.0895045394e-02,6.6450362534e-16,0.0000e+00
242.208,1.2799727985e-03,9.594161e-05,1.5060942337e+00,1.5060942337e+00,1.1012736588e-02,1.5406338484e-15,0.0000e+00
243.235,1.2799764445e-03,9.621928e-05,1.5060942337e+00,1.5060942337e+00,1.1087178080e-02,6.0724988009e-17,0.0000e+00
244.261,1.2799803743e-03,9.623905e-05,1.5060942337e+00,1.5060942337e+00,1.1118428057e-02,-7.0728994966e-16,0.0000e+00
245.287,1.2799844653e-03,9.601038e-05,1.5060942337e+00,1.5060942337e+00,1.1106713505e-02,3.1672352627e-15,0.0000e+00
246.314,1.2799885626e-03,9.554067e-05,1.5060942337e+00,1.5060942337e+00,1.1052429936e-02,-9.2471314283e-16,0.0000e+00
247.340,1.2799924913e-03,9.483538e-05,1.5060942337e+00,1.5060942337e+00,1.0956140847e-02,2.5561710478e-16,0.0000e+00
248.366,1.2799960748e-03,9.389857e-05,1.5060942337e+00,1.5060942337e+00,1.0818576750e-02,-2.5421259437e-15,0.0000e+00
249.392,1.2799991560e-03,9.273387e-05,1.5060942337e+00,1.5060942337e+00,1.0640633390e-02,-2.0450463527e-15,0.0000e+00
250.419,1.2800016179e-03,9.134523e-05,1.5060942337e+00,1.5060942337e+00,1.0423368800e-02,6.8168822977e-16,0.0000e+00
251.445,1.2800034028e-03,8.973767e-05,1.5060942337e+00,1.5060942337e+00,1.0167998893e-02,-4.1474295616e-15,0.0000e+00
252.471,1.2800045240e-03,8.791754e-05,1.5060942337e+00,1.5060942337e+00,9.8758914447e-03,3.8275226775e-17,0.0000e+00
253.498,1.2800050694e-03,8.589236e-05,1.5060942337e+00,1.5060942337e+00,9.5485584839e-03,9.9757053273e-16,0.0000e+00
254.524,1.2800051935e-03,8.367051e-05,1.5060942337e+00,1.5060942337e+00,9.1876470762e-03,-8.2345543618e-16,0.0000e+00
255.550,1.2800050979e-03,8.126103e-05,1.5060942337e+00,1.5060942337e+00,8.7949286761e-03,4.2496417254e-15,0.0000e+00
256.577,1.2800050005e-03,7.867386e-05,1.5060942337e+00,1.5060942337e+00,8.3722872707e-03,-3.3379303383e-15,0.0000e+00
257.603,1.2800051008e-03,7.592069e-05,1.5060942337e+00,1.5060942337e+00,7.9217065374e-03,2.2171545810e-16,0.0000e+00
258.629,1.2800055453e-03,7.301639e-05,1.5060942337e+00,1.5060942337e+00,7.4452561149e-03,2.0027072618e-15,0.0000e+00
259.656,1.2800064032e-03,6.998104e-05,1.5060942337e+00,1.5060942337e+00,6.9450771054e-03,3.8128968910e-16,0.0000e+00
260.682,1.2800076573e-03,6.684179e-05,1.5060942337e+00,1.5060942337e+00,6.4233672022e-03,5.1114808085e-15,0.0000e+00
261.708,1.2800092136e-03,6.363415e-05,1.5060942336e+00,1.5060942336e+00,5.8823658753e-03,4.0587543804e-15,0.0000e+00
262.734,1.2800109254e-03,6.040268e-05,1.5060942336e+00,1.5060942336e+00,5.3243397618e-03,4.4262447067e-15,0.0000e+00
263.761,1.2800126269e-03,5.720090e-05,1.5060942336e+00,1.5060942336e+00,4.7515683532e-03,1.3404765748e-15,0.0000e+00
264.787,1.2800141673e-03,5.409077e-05,1.5060942336e+00,1.5060942336e+00,4.1663303066e-03,1.1502600799e-15,0.0000e+00
265.813,1.2800154372e-03,5.114206e-05,1.5060942336e+00,1.5060942336e+00,3.5708907139e-03,2.0651629889e-16,0.0000e+00
266.840,1.2800163825e-03,4.843225e-05,1.5060942335e+00,1.5060942335e+00,2.9674895587e-03,3.8257040291e-16,0.0000e+00
267.866,1.2800170044e-03,4.604647e-05,1.5060942335e+00,1.5060942335e+00,2.3583314551e-03,1.5634291991e-15,0.0000e+00
268.892,1.2800173462e-03,4.407650e-05,1.5060942335e+00,1.5060942335e+00,1.7455772420e-03,6.1354086243e-18,0.0000e+00
269.919,1.2800174732e-03,4.261692e-05,1.5060942334e+00,1.5060942334e+00,1.1313404565e-03,3.7305934878e-15,0.0000e+00
270.945,1.2800174499e-03,4.175505e-05,1.5060942334e+00,1.5060942334e+00,5.1767884196e-04,2.6815804521e-15,0.0000e+00
271.971,1.2800173206e-03,4.155833e-05,1.5060942333e+00,1.5060942333e+00,-9.3405808164e-05,3.8408568488e-15,0.0000e+00
272.997,1.2800170961e-03,4.205693e-05,1.5060942333e+00,1.5060942333e+00,-6.9995904956e-04,-1.3858853132e-15,0.0000e+00
274.024,1.2800167496e-03,4.323158e-05,1.5060942332e+00,1.5060942332e+00,-1.3000365552e-03,2.3758151107e-15,0.0000e+00
275.050,1.2800162197e-03,4.501082e-05,1.5060942332e+00,1.5060942332e+00,-1.8917463245e-03,4.6828821372e-15,0.0000e+00
276.076,1.2800154194e-03,4.729770e-05,1.5060942331e+00,1.5060942331e+00,-2.4733105492e-03,3.7136325001e-15,0.0000e+00
277.103,1.2800142496e-03,4.999880e-05,1.5060942331e+00,1.5060942331e+00,-3.0430613995e-03,-1.5734861703e-15,0.0000e+00
278.129,1.2800126127e-03,5.303529e-05,1.5060942330e+00,1.5060942330e+00,-3.5994340049e-03,3.4006775430e-15,0.0000e+00
279.155,1.2800104248e-03,5.634337e-05,1.5060942329e+00,1.5060942329e+00,-4.1409536140e-03,2.2149804946e-15,0.0000e+00
280.182,1.2800076256e-03,5.987242e-05,1.5060942329e+00,1.5060942329e+00,-4.6662212202e-03,1.9971846070e-15,0.0000e+00
281.208,1.2800041850e-03,6.358098e-05,1.5060942328e+00,1.5060942328e+00,-5.1738964373e-03,-1.2367804094e-15,0.0000e+00
282.234,1.2800001052e-03,6.743332e-05,1.5060942327e+00,1.5060942327e+00,-5.6626894916e-03,2.6801980943e-15,0.0000e+00
283.261,1.2799954220e-03,7.139638e-05,1.5060942327e+00,1.5060942327e+00,-6.1313592645e-03,3.3759645097e-15,0.0000e+00
284.287,1.2799902025e-03,7.543654e-05,1.5060942326e+00,1.5060942326e+00,-6.5787151610e-03,1.1133012441e-16,0.0000e+00
285.313,1.2799845423e-03,7.951708e-05,1.5060942325e+00,1.5060942325e+00,-7.0036222676e-03,2.6393158019e-16,0.0000e+00
286.339,1.2799785607e-03,8.359693e-05,1.5060942325e+00,1.5060942325e+00,-7.4050073644e-03,6.6369615569e-17,0.0000e+00
287.366,1.2799723953e-03,8.763085e-05,1.5060942324e+00,1.5060942324e+00,-7.7818638052e-03,-1.9295042824e-15,0.0000e+00
288.392,1.2799661964e-03,9.157072e-05,1.5060942323e+00,1.5060942323e+00,-8.1332546236e-03,2.8827202839e-15,0.0000e+00
289.418,1.2799601194e-03,9.536729e-05,1.5060942323e+00,1.5060942323e+00,-8.4583142767e-03,4.1413095995e-15,0.0000e+00
290.445,1.2799543191e-03,9.897204e-05,1.5060942322e+00,1.5060942322e+00,-8.7562499454e-03,7.8581907218e-16,0.0000e+00
291.471,1.2799489426e-03,1.023385e-04,1.5060942322e+00,1.5060942322e+00,-9.0263433254e-03,1.3206288988e-15,0.0000e+00
292.497,1.2799441245e-03,1.054232e-04,1.5060942321e+00,1.5060942321e+00,-9.2679536912e-03,-6.1633893992e-16,0.0000e+00
293.524,1.2799399815e-03,1.081862e-04,1.5060942321e+00,1.5060942321e+00,-9.4805224408e-03,1.5400703242e-16,0.0000e+00
294.550,1.2799366087e-03,1.105914e-04,1.5060942320e+00,1.5060942320e+00,-9.6635787270e-03,5.0056548060e-16,0.0000e+00
295.576,1.2799340773e-03,1.126071e-04,1.5060942320e+00,1.5060942320e+00,-9.8167453949e-03,3.9602613893e-15,0.0000e+00
296.603,1.2799324325e-03,1.142071e-04,1.5060942320e+00,1.5060942320e+00,-9.9397442149e-03,7.4887378887e-17,0.0000e+00
297.629,1.2799316894e-03,1.153713e-04,1.5060942319e+00,1.5060942319e+00,-1.0032399597e-02,-2.2068228694e-15,0.0000e+00
298.655,1.2799318287e-03,1.160871e-04,1.5060942319e+00,1.5060942319e+00,-1.0094640135e-02,-1.2902993391e-15,0.0000e+00
299.681,1.2799327929e-03,1.163504e-04,1.5060942319e+00,1.5060942319e+00,-1.0126497832e-02,6.4363950978e-16,0.0000e+00
300.708,1.2799344924e-03,1.161669e-04,1.5060942319e+00,1.5060942319e+00,-1.0128105278e-02,-1.7359674184e-15,0.0000e+00
301.734,1.2799368227e-03,1.155526e-04,1.5060942319e+00,1.5060942319e+00,-1.0099691290e-02,2.3159129406e-15,0.0000e+00
302.760,1.2799396935e-03,1.145349e-04,1.5060942319e+00,1.5060942319e+00,-1.0041575751e-02,1.7037859466e-15,0.0000e+00
303.787,1.2799430592e-03,1.131522e-04,1.5060942319e+00,1.5060942319e+00,-9.9541643115e-03,-7.8518987575e-16,0.0000e+00
304.813,1.2799469391e-03,1.114536e-04,1.5060942319e+00,1.5060942319e+00,-9.8379436737e-03,1.3078082081e-15,0.0000e+00
305.839,1.2799514149e-03,1.094974e-04,1.5060942319e+00,1.5060942319e+00,-9.6934783262e-03,5.8812835855e-16,0.0000e+00
306.866,1.2799566052e-03,1.073487e-04,1.5060942319e+00,1.5060942319e+00,-9.5214081683e-03,-4.6947020313e-16,0.0000e+00
307.892,1.2799626214e-03,1.050771e-04,1.5060942319e+00,1.5060942319e+00,-9.3224472184e-03,2.3671143882e-15,0.0000e+00
308.918,1.2799695195e-03,1.027528e-04,1.5060942319e+00,1.5060942319e+00,-9.0973833497e-03,-4.1404036706e-16,0.0000e+00
309.945,1.2799772629e-03,1.004423e-04,1.5060942319e+00,1.5060942319e+00,-8.8470784732e-03,-4.0762449127e-15,0.0000e+00
310.971,1.2799857048e-03,9.820304e-05,1.5060942319e+00,1.5060942319e+00,-8.5724689452e-03,-7.3684123513e-16,0.0000e+00
311.997,1.2799945968e-03,9.607789e-05,1.5060942319e+00,1.5060942319e+00,-8.2745657122e-03,-2.6207170487e-15,0.0000e+00
313.023,1.2800036175e-03,9.408953e-05,1.5060942319e+00,1.5060942319e+00,-7.9544538905e-03,3.3427133843e-15,0.0000e+00
314.050,1.2800124149e-03,9.223668e-05,1.5060942319e+00,1.5060942319e+00,-7.6132915723e-03,4.6513318540e-15,0.0000e+00
315.076,1.2800206510e-03,9.049363e-05,1.5060942319e+00,1.5060942319e+00,-7.2523078130e-03,4.0191663543e-16,0.0000e+00
316.102,1.2800280391e-03,8.881377e-05,1.5060942319e+00,1.5060942319e+00,-6.8727998145e-03,-4.1593094460e-16,0.0000e+00
317.129,1.2800343669e-03,8.713688e-05,1.5060942319e+00,1.5060942319e+00,-6.4761294023e-03,-8.1711962973e-16,0.0000e+00
318.155,1.2800395046e-03,8.539858e-05,1.5060942319e+00,1.5060942319e+00,-6.0637189732e-03,1.5342573844e-15,0.0000e+00
319.181,1.2800434000e-03,8.353962e-05,1.5060942319e+00,1.5060942319e+00,-5.6370470805e-03,2.4318412579e-15,0.0000e+00
320.208,1.2800460624e-03,8.151344e-05,1.5060942319e+00,1.5060942319e+00,-5.1976437703e-03,-1.7120743130e-15,0.0000e+00
321.234,1.2800475426e-03,7.929063e-05,1.5060942319e+00,1.5060942319e+00,-4.7470857434e-03,-6.4857362576e-16,0.0000e+00
322.260,1.2800479143e-03,7.686063e-05,1.5060942319e+00,1.5060942319e+00,-4.2869913931e-03,5.2281195392e-16,0.0000e+00
323.287,1.2800472577e-03,7.423141e-05,1.5060942318e+00,1.5060942318e+00,-3.8190156978e-03,-1.4319096954e-15,0.0000e+00
324.313,1.2800456494e-03,7.142828e-05,1.5060942318e+00,1.5060942318e+00,-3.3448449269e-03,-6.0030630029e-16,0.0000e+00
325.339,1.2800431596e-03,6.849274e-05,1.5060942317e+00,1.5060942317e+00,-2.8661914550e-03,2.4050479117e-15,0.0000e+00
326.365,1.2800398536e-03,6.548130e-05,1.5060942317e+00,1.5060942317e+00,-2.3847928497e-03,-3.0976846894e-15,0.0000e+00
327.392,1.2800357980e-03,6.246513e-05,1.5060942317e+00,1.5060942317e+00,-1.9024018076e-03,1.3222009920e-15,0.0000e+00
328.418,1.2800310670e-03,5.953005e-05,1.5060942316e+00,1.5060942316e+00,-1.4207739175e-03,-1.1043993241e-15,0.0000e+00
329.444,1.2800257480e-03,5.677637e-05,1.5060942315e+00,1.5060942315e+00,-9.4166261141e-04,-1.1288887407e-15,0.0000e+00
330.471,1.2800199448e-03,5.431530e-05,1.5060942315e+00,1.5060942315e+00,-4.6681424617e-04,-2.3337840380e-16,0.0000e+00
331.497,1.2800137778e-03,5.226068e-05,1.5060942314e+00,1.5060942314e+00,2.0379140555e-06,1.5929466032e-15,0.0000e+00
332.523,1.2800073812e-03,5.071634e-05,1.5060942314e+00,1.5060942314e+00,4.6318063166e-04,3.0399285046e-16,0.0000e+00
333.550,1.2800008968e-03,4.975914e-05,1.5060942313e+00,1.5060942313e+00,9.1491929211e-04,-2.9181814673e-15,0.0000e+00
334.576,1.2799944664e-03,4.942276e-05,1.5060942312e+00,1.5060942312e+00,1.3555795967e-03,4.2130352552e-16,0.0000e+00
335.602,1.2799882243e-03,4.969382e-05,1.5060942312e+00,1.5060942312e+00,1.7835380471e-03,-3.9363026116e-16,0.0000e+00
336.628,1.2799822898e-03,5.051571e-05,1.5060942311e+00,1.5060942311e+00,2.1972317758e-03,2.1331164543e-15,0.0000e+00
337.655,1.2799767633e-03,5.179881e-05,1.5060942311e+00,1.5060942311e+00,2.5951648274e-03,-2.7911818296e-16,0.0000e+00
338.681,1.2799717240e-03,5.343428e-05,1.5060942310e+00,1.5060942310e+00,2.9759121926e-03,-2.6373606463e-16,0.0000e+00
339.707,1.2799672304e-03,5.530794e-05,1.5060942309e+00,1.5060942309e+00,3.3381233620e-03,8.8968564030e-16,0.0000e+00
340.734,1.2799633226e-03,5.731155e-05,1.5060942309e+00,1.5060942309e+00,3.6805288548e-03,-1.2837195872e-15,0.0000e+00
341.760,1.2799600267e-03,5.934900e-05,1.5060942308e+00,1.5060942308e+00,4.0019427993e-03,-7.6791717989e-16,0.0000e+00
342.786,1.2799573563e-03,6.133616e-05,1.5060942308e+00,1.5060942308e+00,4.3011988443e-03,3.9913836736e-16,0.0000e+00
343.813,1.2799553156e-03,6.320443e-05,1.5060942307e+00,1.5060942307e+00,4.5773734745e-03,-2.1050162854e-15,0.0000e+00
344.839,1.2799538992e-03,6.490162e-05,1.5060942307e+00,1.5060942307e+00,4.8295590297e-03,1.6100363400e-15,0.0000e+00
345.865,1.2799530918e-03,6.639180e-05,1.5060942306e+00,1.5060942306e+00,5.0569105261e-03,1.5903512943e-15,0.0000e+00
346.892,1.2799528672e-03,6.765183e-05,1.5060942306e+00,1.5060942306e+00,5.2588874661e-03,-9.4979887059e-16,0.0000e+00
347.918,1.2799531893e-03,6.866864e-05,1.5060942305e+00,1.5060942305e+00,5.4349216853e-03,3.4635951503e-15,0.0000e+00
348.944,1.2799540153e-03,6.943799e-05,1.5060942305e+00,1.5060942305e+00,5.5846077313e-03,1.7630918054e-15,0.0000e+00
349.970,1.2799552989e-03,6.996279e-05,1.5060942305e+00,1.5060942305e+00,5.7076570834e-03,-4.0750251853e-15,0.0000e+00
350.997,1.2799569940e-03,7.025197e-05,1.5060942304e+00,1.5060942304e+00,5.8038871549e-03,-4.8124249641e-15,0.0000e+00
352.023,1.2799590561e-03,7.031945e-05,1.5060942304e+00,1.5060942304e+00,5.8732147827e-03,2.5479660869e-15,0.0000e+00
353.049,1.2799614417e-03,7.018319e-05,1.5060942304e+00,1.5060942304e+00,5.9156512226e-03,-1.1230476015e-15,0.0000e+00
354.076,1.2799641070e-03,6.986428e-05,1.5060942304e+00,1.5060942304e+00,5.9312984950e-03,1.1399601593e-15,0.0000e+00
355.102,1.2799670066e-03,6.938596e-05,1.5060942303e+00,1.5060942303e+00,5.9203467664e-03,1.7451482594e-15,0.0000e+00
356.128,1.2799700933e-03,6.877259e-05,1.5060942303e+00,1.5060942303e+00,5.8830724385e-03,1.1536211067e-15,0.0000e+00
357.155,1.2799733182e-03,6.804866e-05,1.5060942303e+00,1.5060942303e+00,5.8198367852e-03,-1.6856197800e-15,0.0000e+00
358.181,1.2799766302e-03,6.723768e-05,1.5060942303e+00,1.5060942303e+00,5.7310851154e-03,2.6802523044e-15,0.0000e+00
359.207,1.2799799739e-03,6.636137e-05,1.5060942302e+00,1.5060942302e+00,5.6173464179e-03,-1.2562553909e-15,0.0000e+00
360.234,1.2799832869e-03,6.543885e-05,1.5060942302e+00,1.5060942302e+00,5.4792333554e-03,1.2148717531e-15,0.0000e+00
361.260,1.2799864981e-03,6.448613e-05,1.5060942302e+00,1.5060942302e+00,5.3174422749e-03,2.6410922772e-15,0.0000e+00
362.286,1.2799895292e-03,6.351585e-05,1.5060942302e+00,1.5060942302e+00,5.1327062484e-03,-1.6024479208e-15,0.0000e+00
363.312,1.2799923010e-03,6.253776e-05,1.5060942302e+00,1.5060942302e+00,4.9259768100e-03,-2.4651814708e-15,0.0000e+00
364.339,1.2799947421e-03,6.155900e-05,1.5060942301e+00,1.5060942301e+00,4.6981612226e-03,-1.7844177030e-15,0.0000e+00
365.365,1.2799967974e-03,6.058614e-05,1.5060942301e+00,1.5060942301e+00,4.4502863989e-03,-1.4162429740e-15,0.0000e+00
366.391,1.2799984335e-03,5.962518e-05,1.5060942301e+00,1.5060942301e+00,4.1834563876e-03,-3.3747999885e-15,0.0000e+00
367.418,1.2799996388e-03,5.868160e-05,1.5060942301e+00,1.5060942301e+00,3.8988243186e-03,-5.4593345191e-15,0.0000e+00
368.444,1.2800004183e-03,5.776236e-05,1.5060942301e+00,1.5060942301e+00,3.5977043296e-03,-5.0368480376e-15,0.0000e+00
369.470,1.2800007884e-03,5.687807e-05,1.5060942300e+00,1.5060942300e+00,3.2813461376e-03,1.9765779894e-15,0.0000e+00
370.497,1.2800007720e-03,5.604529e-05,1.5060942300e+00,1.5060942300e+00,2.9510861253e-03,-4.4352513571e-15,0.0000e+00
371.523,1.2800003990e-03,5.528714e-05,1.5060942300e+00,1.5060942300e+00,2.6083083795e-03,8.4114048803e-16,0.0000e+00
372.549,1.2799997093e-03,5.462819e-05,1.5060942300e+00,1.5060942300e+00,2.2544234635e-03,-2.7792816164e-15,0.0000e+00
373.576,1.2799987582e-03,5.409307e-05,1.5060942300e+00,1.5060942300e+00,1.8908567560e-03,-2.1979120828e-15,0.0000e+00
374.602,1.2799976188e-03,5.370635e-05,1.5060942299e+00,1.5060942299e+00,1.5190424273e-03,2.0749286790e-15,0.0000e+00
375.628,1.2799963811e-03,5.349147e-05,1.5060942299e+00,1.5060942299e+00,1.1404182002e-03,-2.3374624549e-15,0.0000e+00
376.654,1.2799951459e-03,5.346889e-05,1.5060942299e+00,1.5060942299e+00,7.5641996725e-04,-2.0771793946e-15,0.0000e+00
377.681,1.2799940156e-03,5.365425e-05,1.5060942299e+00,1.5060942299e+00,3.6847638783e-04,-2.2052168949e-15,0.0000e+00
378.707,1.2799930833e-03,5.405727e-05,1.5060942298e+00,1.5060942298e+00,-2.1996449533e-05,-1.7700926818e-15,0.0000e+00
379.733,1.2799924220e-03,5.468127e-05,1.5060942298e+00,1.5060942298e+00,-4.1360025590e-04,-4.0760755062e-15,0.0000e+00
380.760,1.2799920774e-03,5.552313e-05,1.5060942298e+00,1.5060942298e+00,-8.0496127082e-04,-1.7098110410e-15,0.0000e+00
381.786,1.2799920630e-03,5.657368e-05,1.5060942298e+00,1.5060942298e+00,-1.1947419093e-03,-3.5507456723e-15,0.0000e+00
382.812,1.2799923591e-03,5.781908e-05,1.5060942297e+00,1.5060942297e+00,-1.5816454405e-03,-2.9233449801e-15,0.0000e+00
383.839,1.2799929158e-03,5.924193e-05,1.5060942297e+00,1.5060942297e+00,-1.9644161825e-03,1.2544451324e-15,0.0000e+00
384.865,1.2799936577e-03,6.082216e-05,1.5060942297e+00,1.5060942297e+00,-2.3418419306e-03,2.7037998204e-15,0.0000e+00
385.891,1.2799944922e-03,6.253815e-05,1.5060942296e+00,1.5060942296e+00,-2.7127614708e-03,1.5835750307e-15,0.0000e+00
386.918,1.2799953199e-03,6.436848e-05,1.5060942296e+00,1.5060942296e+00,-3.0760662222e-03,-9.7554189593e-16,0.0000e+00
387.944,1.2799960451e-03,6.629272e-05,1.5060942296e+00,1.5060942296e+00,-3.4306983697e-03,6.0201292262e-16,0.0000e+00
388.970,1.2799965856e-03,6.829192e-05,1.5060942295e+00,1.5060942295e+00,-3.7756512475e-03,-2.7092760374e-15,0.0000e+00
389.996,1.2799968770e-03,7.034911e-05,1.5060942295e+00,1.5060942295e+00,-4.1099688911e-03,-7.3827780300e-16,0.0000e+00
391.023,1.2799968736e-03,7.244920e-05,1.5060942295e+00,1.5060942295e+00,-4.4327465391e-03,-4.3306258475e-15,0.0000e+00
392.049,1.2799965456e-03,7.457846e-05,1.5060942294e+00,1.5060942294e+00,-4.7431324070e-03,5.0074166345e-16,0.0000e+00
393.075,1.2799958800e-03,7.672378e-05,1.5060942294e+00,1.5060942294e+00,-5.0403296797e-03,2.0919438768e-15,0.0000e+00
394.102,1.2799948845e-03,7.887184e-05,1.5060942294e+00,1.5060942294e+00,-5.3235979881e-03,-3.8537677212e-16,0.0000e+00
395.128,1.2799935972e-03,8.100848e-05,1.5060942293e+00,1.5060942293e+00,-5.5922540956e-03,4.0101888993e-15,0.0000e+00
396.154,1.2799920951e-03,8.311833e-05,1.5060942293e+00,1.5060942293e+00,-5.8456718486e-03,3.8882297074e-15,0.0000e+00
397.181,1.2799904980e-03,8.518481e-05,1.5060942293e+00,1.5060942293e+00,-6.0832816277e-03,5.0926510875e-17,0.0000e+00
398.207,1.2799889623e-03,8.719059e-05,1.5060942292e+00,1.5060942292e+00,-6.3045695929e-03,-9.8523195284e-16,0.0000e+00
399.233,1.2799876658e-03,8.911835e-05,1.5060942292e+00,1.5060942292e+00,-6.5090770604e-03,1.4613176832e-15,0.0000e+00
400.259,1.2799867844e-03,9.095166e-05,1.5060942292e+00,1.5060942292e+00,-6.6964001348e-03,-5.9218156026e-16,0.0000e+00
401.286,1.2799864665e-03,9.267600e-05,1.5060942291e+00,1.5060942291e+00,-6.8661896291e-03,-5.1634421937e-15,0.0000e+00
402.312,1.2799868096e-03,9.427944e-05,1.5060942291e+00,1.5060942291e+00,-7.0181511421e-03,-6.3466873290e-16,0.0000e+00
403.338,1.2799878432e-03,9.575295e-05,1.5060942291e+00,1.5060942291e+00,-7.1520450635e-03,-1.6908036216e-15,0.0000e+00
404.365,1.2799895209e-03,9.709021e-05,1.5060942290e+00,1.5060942290e+00,-7.2676862999e-03,5.9077110135e-16,0.0000e+00
405.391,1.2799917226e-03,9.828707e-05,1.5060942290e+00,1.5060942290e+00,-7.3649436377e-03,1.8878089366e-15,0.0000e+00
406.417,1.2799942672e-03,9.934064e-05,1.5060942290e+00,1.5060942290e+00,-7.4437385566e-03,4.1550982016e-16,0.0000e+00
407.444,1.2799969320e-03,1.002486e-04,1.5060942289e+00,1.5060942289e+00,-7.5040434948e-03,-3.4469129855e-15,0.0000e+00
408.470,1.2799994783e-03,1.010089e-04,1.5060942289e+00,1.5060942289e+00,-7.5458799450e-03,1.2023966519e-15,0.0000e+00
409.496,1.2800016770e-03,1.016199e-04,1.5060942289e+00,1.5060942289e+00,-7.5693166549e-03,-7.9186449538e-16,0.0000e+00
410.523,1.2800033324e-03,1.020811e-04,1.5060942288e+00,1.5060942288e+00,-7.5744678437e-03,1.1875227533e-15,0.0000e+00
411.549,1.2800043002e-03,1.023935e-04,1.5060942288e+00,1.5060942288e+00,-7.5614918407e-03,2.4782789922e-15,0.0000e+00
412.575,1.2800044986e-03,1.025605e-04,1.5060942287e+00,1.5060942287e+00,-7.5305899192e-03,-1.1131745855e-15,0.0000e+00
413.601,1.2800039116e-03,1.025882e-04,1.5060942287e+00,1.5060942287e+00,-7.4820056258e-03,2.4962496432e-15,0.0000e+00
414.628,1.2800025856e-03,1.024847e-04,1.5060942287e+00,1.5060942287e+00,-7.4160244517e-03,4.6894212316e-15,0.0000e+00
415.654,1.2800006213e-03,1.022596e-04,1.5060942286e+00,1.5060942286e+00,-7.3329737102e-03,1.7635514970e-16,0.0000e+00
416.680,1.2799981632e-03,1.019233e-04,1.5060942286e+00,1.5060942286e+00,-7.2332224995e-03,1.1143176836e-16,0.0000e+00
417.707,1.2799953868e-03,1.014852e-04,1.5060942285e+00,1.5060942285e+00,-7.1171816514e-03,1.5508524539e-15,0.0000e+00
418.733,1.2799924866e-03,1.009536e-04,1.5060942285e+00,1.5060942285e+00,-6.9853034512e-03,-5.1644326225e-16,0.0000e+00
419.759,1.2799896618e-03,1.003354e-04,1.5060942285e+00,1.5060942285e+00,-6.8380812889e-03,-2.8534274925e-15,0.0000e+00
420.786,1.2799871027e-03,9.963620e-05,1.5060942284e+00,1.5060942284e+00,-6.6760492943e-03,-1.4891216888e-15,0.0000e+00
421.812,1.2799849765e-03,9.886135e-05,1.5060942284e+00,1.5060942284e+00,-6.4997819959e-03,-9.6102036308e-16,0.0000e+00
422.838,1.2799834132e-03,9.801698e-05,1.5060942283e+00,1.5060942283e+00,-6.3098939950e-03,2.6877197469e-15,0.0000e+00
423.865,1.2799824940e-03,9.711092e-05,1.5060942283e+00,1.5060942283e+00,-6.1070397371e-03,-2.2300394427e-16,0.0000e+00
424.891,1.2799822435e-03,9.615325e-05,1.5060942282e+00,1.5060942282e+00,-5.8919134425e-03,-1.0944585455e-15,0.0000e+00
425.917,1.2799826258e-03,9.515613e-05,1.5060942282e+00,1.5060942282e+00,-5.6652491844e-03,8.5629898965e-16,0.0000e+00
426.943,1.2799835484e-03,9.413312e-05,1.5060942281e+00,1.5060942281e+00,-5.4278210416e-03,-4.0796398208e-15,0.0000e+00
427.970,1.2799848705e-03,9.309794e-05,1.5060942281e+00,1.5060942281e+00,-5.1804432058e-03,3.8183325486e-15,0.0000e+00
428.996,1.2799864177e-03,9.206338e-05,1.5060942280e+00,1.5060942280e+00,-4.9239698819e-03,1.2041517042e-15,0.0000e+00
430.022,1.2799879988e-03,9.104038e-05,1.5060942280e+00,1.5060942280e+00,-4.6592948155e-03,4.9732382553e-15,0.0000e+00
431.049,1.2799894248e-03,9.003784e-05,1.5060942279e+00,1.5060942279e+00,-4.3873502893e-03,2.6059980081e-15,0.0000e+00
432.075,1.2799905264e-03,8.906306e-05,1.5060942279e+00,1.5060942279e+00,-4.1091054499e-03,-3.6860551977e-16,0.0000e+00
433.101,1.2799911692e-03,8.812269e-05,1.5060942278e+00,1.5060942278e+00,-3.8255638946e-03,1.3643019176e-15,0.0000e+00
434.128,1.2799912630e-03,8.722388e-05,1.5060942278e+00,1.5060942278e+00,-3.5377604924e-03,1.4052904417e-16,0.0000e+00
435.154,1.2799907664e-03,8.637519e-05,1.5060942277e+00,1.5060942277e+00,-3.2467574816e-03,-2.0709587846e-15,0.0000e+00
436.180,1.2799896860e-03,8.558657e-05,1.5060942277e+00,1.5060942277e+00,-2.9536418640e-03,-1.9723370445e-15,0.0000e+00
437.207,1.2799880701e-03,8.486848e-05,1.5060942276e+00,1.5060942276e+00,-2.6595222870e-03,-4.1907513090e-16,0.0000e+00
438.233,1.2799859995e-03,8.423226e-05,1.5060942276e+00,1.5060942276e+00,-2.3655174228e-03,3.8022118176e-15,0.0000e+00
439.259,1.2799835764e-03,8.368912e-05,1.5060942275e+00,1.5060942275e+00,-2.0727501337e-03,7.5269669581e-16,0.0000e+00
440.285,1.2799809135e-03,8.324860e-05,1.5060942275e+00,1.5060942275e+00,-1.7823430237e-03,-1.8742235242e-15,0.0000e+00
441.312,1.2799781261e-03,8.291667e-05,1.5060942274e+00,1.5060942274e+00,-1.4954139812e-03,-3.5606375016e-17,0.0000e+00
442.338,1.2799753250e-03,8.269415e-05,1.5060942274e+00,1.5060942274e+00,-1.2130713363e-03,-1.2157005477e-16,0.0000e+00
443.364,1.2799726134e-03,8.257603e-05,1.5060942274e+00,1.5060942274e+00,-9.3640856623e-04,-8.9974938781e-16,0.0000e+00
444.391,1.2799700839e-03,8.255157e-05,1.5060942273e+00,1.5060942273e+00,-6.6649870690e-04,-5.8597450282e-16,0.0000e+00
445.417,1.2799678189e-03,8.260525e-05,1.5060942273e+00,1.5060942273e+00,-4.0438862463e-04,-2.1737004930e-15,0.0000e+00
446.443,1.2799658890e-03,8.271811e-05,1.5060942272e+00,1.5060942272e+00,-1.5109358248e-04,-5.0548525699e-15,0.0000e+00
447.470,1.2799643530e-03,8.286759e-05,1.5060942272e+00,1.5060942272e+00,9.2398084671e-05,-2.3745150641e-15,0.0000e+00
448.496,1.2799632565e-03,8.302974e-05,1.5060942272e+00,1.5060942272e+00,3.2512937937e-04,-3.7188037853e-15,0.0000e+00
449.522,1.2799626307e-03,8.318411e-05,1.5060942271e+00,1.5060942271e+00,5.4619841793e-04,-4.4447934305e-16,0.0000e+00
450.548,1.2799624909e-03,8.331525e-05,1.5060942271e+00,1.5060942271e+00,7.5476313878e-04,-6.7240574476e-16,0.0000e+00
451.575,1.2799628345e-03,8.341284e-05,1.5060942271e+00,1.5060942271e+00,9.5004137305e-04,-7.2245522755e-16,0.0000e+00
452.601,1.2799636420e-03,8.347126e-05,1.5060942271e+00,1.5060942271e+00,1.1313108057e-03,4.6735501280e-16,0.0000e+00
453.627,1.2799648786e-03,8.348907e-05,1.5060942270e+00,1.5060942270e+00,1.2979097992e-03,-3.0918096689e-15,0.0000e+00
454.654,1.2799664966e-03,8.346831e-05,1.5060942270e+00,1.5060942270e+00,1.4492393010e-03,-3.8071459335e-15,0.0000e+00
455.680,1.2799684393e-03,8.341377e-05,1.5060942270e+00,1.5060942270e+00,1.5847649982e-03,1.4019711668e-15,0.0000e+00
456.706,1.2799706452e-03,8.333238e-05,1.5060942270e+00,1.5060942270e+00,1.7040192826e-03,1.5882980864e-15,0.0000e+00
457.733,1.2799730520e-03,8.323228e-05,1.5060942270e+00,1.5060942270e+00,1.8066031575e-03,-1.0380190461e-15,0.0000e+00
458.759,1.2799755999e-03,8.312207e-05,1.5060942269e+00,1.5060942269e+00,1.8921879594e-03,-2.0831086252e-15,0.0000e+00
459.785,1.2799782342e-03,8.301034e-05,1.5060942269e+00,1.5060942269e+00,1.9605166410e-03,-4.0765633971e-15,0.0000e+00
460.812,1.2799809059e-03,8.290526e-05,1.5060942269e+00,1.5060942269e+00,2.0114044152e-03,-3.1994438396e-15,0.0000e+00
461.838,1.2799835706e-03,8.281436e-05,1.5060942269e+00,1.5060942269e+00,2.0447388464e-03,-3.3711543587e-15,0.0000e+00
462.864,1.2799861873e-03,8.274444e-05,1.5060942269e+00,1.5060942269e+00,2.0604797549e-03,1.5648928720e-15,0.0000e+00
463.890,1.2799887174e-03,8.270152e-05,1.5060942269e+00,1.5060942269e+00,2.0586590919e-03,-4.3637143425e-15,0.0000e+00
464.917,1.2799911251e-03,8.269076e-05,1.5060942268e+00,1.5060942268e+00,2.0393808632e-03,-4.0873715375e-15,0.0000e+00
465.943,1.2799933804e-03,8.271645e-05,1.5060942268e+00,1.5060942268e+00,2.0028211100e-03,-1.3600745252e-15,0.0000e+00
466.969,1.2799954619e-03,8.278184e-05,1.5060942268e+00,1.5060942268e+00,1.9492278353e-03,-3.7448731655e-16,0.0000e+00
467.996,1.2799973599e-03,8.288911e-05,1.5060942268e+00,1.5060942268e+00,1.8789206781e-03,3.8350902484e-15,0.0000e+00
469.022,1.2799990779e-03,8.303937e-05,1.5060942268e+00,1.5060942268e+00,1.7922900718e-03,-1.0245952680e-15,0.0000e+00
470.048,1.2800006311e-03,8.323271e-05,1.5060942268e+00,1.5060942268e+00,1.6897956656e-03,1.7113956906e-15,0.0000e+00
471.075,1.2800020415e-03,8.346845e-05,1.5060942267e+00,1.5060942267e+00,1.5719638905e-03,-5.1500048631e-15,0.0000e+00
472.101,1.2800033311e-03,8.374542e-05,1.5060942267e+00,1.5060942267e+00,1.4393845720e-03,4.0777211421e-15,0.0000e+00
473.127,1.2800045128e-03,8.406230e-05,1.5060942267e+00,1.5060942267e+00,1.2927066113e-03,2.4740031699e-15,0.0000e+00
474.154,1.2800055835e-03,8.441799e-05,1.5060942267e+00,1.5060942267e+00,1.1326328559e-03,-4.4350548455e-15,0.0000e+00
475.180,1.2800065204e-03,8.481189e-05,1.5060942267e+00,1.5060942267e+00,9.5991431028e-04,1.4562558143e-15,0.0000e+00
476.206,1.2800072844e-03,8.524409e-05,1.5060942266e+00,1.5060942266e+00,7.7534383622e-04,-9.3875465524e-17,0.0000e+00
477.232,1.2800078287e-03,8.571549e-05,1.5060942266e+00,1.5060942266e+00,5.7974974836e-04,2.9093848811e-15,0.0000e+00
478.259,1.2800081111e-03,8.622792e-05,1.5060942266e+00,1.5060942266e+00,3.7398967669e-04,3.3014245161e-16,0.0000e+00
479.285,1.2800081057e-03,8.678405e-05,1.5060942266e+00,1.5060942266e+00,1.5894435261e-04,-1.6842780798e-15,0.0000e+00
480.311,1.2800078111e-03,8.738718e-05,1.5060942265e+00,1.5060942265e+00,-6.4488519547e-05,1.2254427243e-15,0.0000e+00
481.338,1.2800072528e-03,8.804101e-05,1.5060942265e+00,1.5060942265e+00,-2.9540000036e-04,-3.3108049552e-15,0.0000e+00
482.364,1.2800064784e-03,8.874940e-05,1.5060942265e+00,1.5060942265e+00,-5.3287519508e-04,-1.8135759651e-15,0.0000e+00
483.390,1.2800055495e-03,8.951573e-05,1.5060942264e+00,1.5060942264e+00,-7.7600055127e-04,-3.6054301193e-15,0.0000e+00
484.417,1.2800045303e-03,9.034262e-05,1.5060942264e+00,1.5060942264e+00,-1.0238699885e-03,1.6201804065e-15,0.0000e+00
485.443,1.2800034779e-03,9.123232e-05,1.5060942264e+00,1.5060942264e+00,-1.2755871833e-03,4.0202177694e-15,0.0000e+00
486.469,1.2800024340e-03,9.218690e-05,1.5060942263e+00,1.5060942263e+00,-1.5302685747e-03,-1.2174951632e-15,0.0000e+00
487.496,1.2800014219e-03,9.320822e-05,1.5060942263e+00,1.5060942263e+00,-1.7870457604e-03,-2.4431924955e-15,0.0000e+00
488.522,1.2800004466e-03,9.429770e-05,1.5060942263e+00,1.5060942262e+00,-2.0450672227e-03,-2.2916345843e-15,0.0000e+00
489.548,1.2799994989e-03,9.545610e-05,1.5060942262e+00,1.5060942262e+00,-2.3035007863e-03,-2.4181609778e-15,0.0000e+00
490.574,1.2799985612e-03,9.668318e-05,1.5060942262e+00,1.5060942262e+00,-2.5615363675e-03,3.6917383925e-15,0.0000e+00
491.601,1.2799976141e-03,9.797729e-05,1.5060942261e+00,1.5060942261e+00,-2.8183890655e-03,4.7829867848e-16,0.0000e+00
492.627,1.2799966423e-03,9.933547e-05,1.5060942261e+00,1.5060942261e+00,-3.0733003490e-03,4.2293061584e-15,0.0000e+00
493.653,1.2799956379e-03,1.007537e-04,1.5060942260e+00,1.5060942260e+00,-3.3255386110e-03,-3.2083286154e-16,0.0000e+00
494.680,1.2799946018e-03,1.022272e-04,1.5060942260e+00,1.5060942260e+00,-3.5743990414e-03,1.2404114906e-15,0.0000e+00
495.706,1.2799935432e-03,1.037499e-04,1.5060942260e+00,1.5060942260e+00,-3.8192034436e-03,5.2876772141e-15,0.0000e+00
496.732,1.2799924764e-03,1.053156e-04,1.5060942259e+00,1.5060942259e+00,-4.0593002106e-03,-1.9451438988e-15,0.0000e+00
497.759,1.2799914177e-03,1.069167e-04,1.5060942259e+00,1.5060942259e+00,-4.2940643350e-03,-3.6012491647e-15,0.0000e+00
498.785,1.2799903815e-03,1.085454e-04,1.5060942258e+00,1.5060942258e+00,-4.5228973754e-03,2.3214491480e-15,0.0000e+00
499.811,1.2799893778e-03,1.101930e-04,1.5060942258e+00,1.5060942258e+00,-4.7452273887e-03,1.1443986119e-15,0.0000e+00
500.838,1.2799884111e-03,1.118508e-04,1.5060942257e+00,1.5060942257e+00,-4.9605087734e-03,3.4508411280e-16,0.0000e+00
501.864,1.2799874804e-03,1.135094e-04,1.5060942257e+00,1.5060942257e+00,-5.1682221233e-03,-4.4874353629e-15,0.0000e+00
502.890,1.2799865815e-03,1.151596e-04,1.5060942256e+00,1.5060942256e+00,-5.3678740540e-03,-3.6541514545e-15,0.0000e+00
503.916,1.2799857092e-03,1.167925e-04,1.5060942256e+00,1.5060942256e+00,-5.5589970324e-03,-1.7904011437e-15,0.0000e+00
504.943,1.2799848599e-03,1.183991e-04,1.5060942256e+00,1.5060942256e+00,-5.7411492466e-03,1.0190716171e-15,0.0000e+00
505.969,1.2799840342e-03,1.199712e-04,1.5060942255e+00,1.5060942255e+00,-5.9139145951e-03,-1.1313470089e-17,0.0000e+00
506.995,1.2799832382e-03,1.215010e-04,1.5060942255e+00,1.5060942255e+00,-6.0769028290e-03,5.0243245064e-15,0.0000e+00
508.022,1.2799824831e-03,1.229814e-04,1.5060942254e+00,1.5060942254e+00,-6.2297497714e-03,-1.2570075562e-15,0.0000e+00
509.048,1.2799817836e-03,1.244059e-04,1.5060942254e+00,1.5060942254e+00,-6.3721176413e-03,-4.6061351720e-15,0.0000e+00
510.074,1.2799811554e-03,1.257691e-04,1.5060942253e+00,1.5060942253e+00,-6.5036954144e-03,2.0996541705e-16,0.0000e+00
511.101,1.2799806112e-03,1.270660e-04,1.5060942253e+00,1.5060942253e+00,-6.6241993012e-03,-1.1342826465e-15,0.0000e+00
512.127,1.2799801586e-03,1.282926e-04,1.5060942252e+00,1.5060942252e+00,-6.7333732957e-03,-8.5484986534e-16,0.0000e+00
513.153,1.2799797981e-03,1.294456e-04,1.5060942252e+00,1.5060942252e+00,-6.8309896942e-03,5.0108058606e-15,0.0000e+00
514.179,1.2799795254e-03,1.305225e-04,1.5060942252e+00,1.5060942252e+00,-6.9168497627e-03,-3.6112034959e-15,0.0000e+00
515.206,1.2799793339e-03,1.315213e-04,1.5060942251e+00,1.5060942251e+00,-6.9907845420e-03,-2.3463325839e-15,0.0000e+00
516.232,1.2799792194e-03,1.324411e-04,1.5060942251e+00,1.5060942251e+00,-7.0526558069e-03,-1.8833308224e-15,0.0000e+00
517.258,1.2799791832e-03,1.332814e-04,1.5060942250e+00,1.5060942250e+00,-7.1023571716e-03,-2.5086308729e-15,0.0000e+00
518.285,1.2799792336e-03,1.340425e-04,1.5060942250e+00,1.5060942250e+00,-7.1398153162e-03,2.1206345768e-15,0.0000e+00
519.311,1.2799793838e-03,1.347255e-04,1.5060942250e+00,1.5060942250e+00,-7.1649912841e-03,-1.9614283544e-16,0.0000e+00
520.337,1.2799796483e-03,1.353321e-04,1.5060942249e+00,1.5060942249e+00,-7.1778815506e-03,3.8982924588e-15,0.0000e+00
521.364,1.2799800387e-03,1.358646e-04,1.5060942249e+00,1.5060942249e+00,-7.1785195486e-03,-4.4733215002e-16,0.0000e+00
522.390,1.2799805597e-03,1.363258e-04,1.5060942249e+00,1.5060942249e+00,-7.1669771563e-03,2.0326515705e-15,0.0000e+00
523.416,1.2799812078e-03,1.367193e-04,1.5060942248e+00,1.5060942248e+00,-7.1433653825e-03,-7.5586330127e-17,0.0000e+00
524.443,1.2799819708e-03,1.370489e-04,1.5060942248e+00,1.5060942248e+00,-7.1078347826e-03,-5.2839444889e-15,0.0000e+00
525.469,1.2799828291e-03,1.373190e-04,1.5060942247e+00,1.5060942247e+00,-7.0605758572e-03,-2.8957859161e-15,0.0000e+00
526.495,1.2799837580e-03,1.375338e-04,1.5060942247e+00,1.5060942247e+00,-7.0018193235e-03,1.8399278581e-15,0.0000e+00
527.521,1.2799847294e-03,1.376978e-04,1.5060942247e+00,1.5060942247e+00,-6.9318362478e-03,9.2950296509e-16,0.0000e+00
528.548,1.2799857135e-03,1.378154e-04,1.5060942246e+00,1.5060942246e+00,-6.8509385296e-03,-1.9129092129e-15,0.0000e+00
529.574,1.2799866801e-03,1.378912e-04,1.5060942246e+00,1.5060942246e+00,-6.7594790209e-03,4.3085342321e-15,0.0000e+00
530.600,1.2799875988e-03,1.379294e-04,1.5060942246e+00,1.5060942246e+00,-6.6578510011e-03,-2.0830882964e-15,0.0000e+00
531.627,1.2799884396e-03,1.379344e-04,1.5060942245e+00,1.5060942245e+00,-6.5464875176e-03,-9.8965685296e-16,0.0000e+00
532.653,1.2799891730e-03,1.379104e-04,1.5060942245e+00,1.5060942245e+00,-6.4258607946e-03,-2.3667291373e-15,0.0000e+00
533.679,1.2799897712e-03,1.378615e-04,1.5060942245e+00,1.5060942245e+00,-6.2964815328e-03,2.3845282913e-16,0.0000e+00
534.706,1.2799902092e-03,1.377919e-04,1.5060942244e+00,1.5060942244e+00,-6.1588979825e-03,-6.0326606279e-15,0.0000e+00
535.732,1.2799904663e-03,1.377060e-04,1.5060942244e+00,1.5060942244e+00,-6.0136947373e-03,-3.0555238717e-16,0.0000e+00
536.758,1.2799905284e-03,1.376083e-04,1.5060942243e+00,1.5060942243e+00,-5.8614910768e-03,-3.6678462832e-15,0.0000e+00
537.785,1.2799903897e-03,1.375033e-04,1.5060942243e+00,1.5060942243e+00,-5.7029388864e-03,-5.1765745925e-15,0.0000e+00
538.811,1.2799900545e-03,1.373959e-04,1.5060942243e+00,1.5060942243e+00,-5.5387201471e-03,-4.8129602889e-15,0.0000e+00
539.837,1.2799895370e-03,1.372909e-04,1.5060942242e+00,1.5060942242e+00,-5.3695440102e-03,-2.0793681277e-15,0.0000e+00
540.863,1.2799888619e-03,1.371926e-04,1.5060942242e+00,1.5060942242e+00,-5.1961434944e-03,9.3472068804e-16,0.0000e+00
541.890,1.2799880618e-03,1.371054e-04,1.5060942242e+00,1.5060942242e+00,-5.0192718257e-03,5.9440317862e-16,0.0000e+00
542.916,1.2799871753e-03,1.370331e-04,1.5060942241e+00,1.5060942241e+00,-4.8396985364e-03,-2.0942284737e-15,0.0000e+00
543.942,1.2799862433e-03,1.369788e-04,1.5060942241e+00,1.5060942241e+00,-4.6582055105e-03,-5.5259384138e-15,0.0000e+00
544.969,1.2799853061e-03,1.369451e-04,1.5060942241e+00,1.5060942241e+00,-4.4755825902e-03,-2.3138618231e-16,0.0000e+00
545.995,1.2799844013e-03,1.369336e-04,1.5060942240e+00,1.5060942240e+00,-4.2926231462e-03,-1.3162863099e-15,0.0000e+00
547.021,1.2799835618e-03,1.369455e-04,1.5060942240e+00,1.5060942240e+00,-4.1101197556e-03,6.4973814700e-16,0.0000e+00
548.048,1.2799828145e-03,1.369810e-04,1.5060942240e+00,1.5060942240e+00,-3.9288599341e-03,7.5310327162e-16,0.0000e+00
549.074,1.2799821798e-03,1.370401e-04,1.5060942239e+00,1.5060942239e+00,-3.7496219233e-03,-2.1743306855e-15,0.0000e+00
550.100,1.2799816723e-03,1.371220e-04,1.5060942239e+00,1.5060942239e+00,-3.5731705700e-03,-4.6252442353e-15,0.0000e+00
551.127,1.2799813017e-03,1.372260e-04,1.5060942239e+00,1.5060942239e+00,-3.4002533510e-03,-7.4651205753e-17,0.0000e+00
552.153,1.2799810740e-03,1.373509e-04,1.5060942238e+00,1.5060942238e+00,-3.2315966355e-03,-5.7045685923e-16,0.0000e+00
553.179,1.2799809930e-03,1.374959e-04,1.5060942238e+00,1.5060942238e+00,-3.0679022088e-03,1.6259146410e-17,0.0000e+00
554.205,1.2799810605e-03,1.376600e-04,1.5060942238e+00,1.5060942238e+00,-2.9098440345e-03,-3.3969177128e-15,0.0000e+00
555.232,1.2799812763e-03,1.378426e-04,1.5060942237e+00,1.5060942237e+00,-2.7580652701e-03,-1.4258324812e-16,0.0000e+00
556.258,1.2799816372e-03,1.380433e-04,1.5060942237e+00,1.5060942237e+00,-2.6131755817e-03,8.8616875950e-16,0.0000e+00
557.284,1.2799821356e-03,1.382620e-04,1.5060942237e+00,1.5060942237e+00,-2.4757487478e-03,5.1180052561e-16,0.0000e+00
558.311,1.2799827593e-03,1.384989e-04,1.5060942236e+00,1.5060942236e+00,-2.3463204972e-03,6.9762600171e-16,0.0000e+00
559.337,1.2799834912e-03,1.387545e-04,1.5060942236e+00,1.5060942236e+00,-2.2253867680e-03,2.7308574408e-15,0.0000e+00
560.363,1.2799843096e-03,1.390292e-04,1.5060942236e+00,1.5060942236e+00,-2.1134029095e-03,1.1044525381e-15,0.0000e+00
561.390,1.2799851890e-03,1.393233e-04,1.5060942235e+00,1.5060942235e+00,-2.0107828067e-03,-4.3314118940e-15,0.0000e+00
562.416,1.2799861021e-03,1.396377e-04,1.5060942235e+00,1.5060942235e+00,-1.9178953758e-03,-1.7858474946e-15,0.0000e+00
563.442,1.2799870212e-03,1.399733e-04,1.5060942235e+00,1.5060942235e+00,-1.8350635751e-03,2.0383842895e-15,0.0000e+00
564.469,1.2799879203e-03,1.403316e-04,1.5060942235e+00,1.5060942235e+00,-1.7625641591e-03,-5.2985066794e-15,0.0000e+00
565.495,1.2799887763e-03,1.407140e-04,1.5060942234e+00,1.5060942234e+00,-1.7006275549e-03,-6.4181419341e-15,0.0000e+00
566.521,1.2799895705e-03,1.411219e-04,1.5060942234e+00,1.5060942234e+00,-1.6494378806e-03,3.7963435733e-15,0.0000e+00
567.547,1.2799902879e-03,1.415566e-04,1.5060942234e+00,1.5060942234e+00,-1.6091329989e-03,2.5441307217e-15,0.0000e+00
568.574,1.2799909180e-03,1.420191e-04,1.5060942233e+00,1.5060942233e+00,-1.5798046811e-03,2.6236298460e-15,0.0000e+00
569.600,1.2799914527e-03,1.425103e-04,1.5060942233e+00,1.5060942233e+00,-1.5614989592e-03,-9.4799898556e-15,0.0000e+00
570.626,1.2799918862e-03,1.430310e-04,1.5060942233e+00,1.5060942233e+00,-1.5542167589e-03,1.7631663443e-15,0.0000e+00
571.653,1.2799922135e-03,1.435817e-04,1.5060942233e+00,1.5060942233e+00,-1.5579148581e-03,-2.9175591453e-16,0.0000e+00
572.679,1.2799924310e-03,1.441629e-04,1.5060942232e+00,1.5060942232e+00,-1.5725071655e-03,4.5498573069e-15,0.0000e+00
573.705,1.2799925367e-03,1.447750e-04,1.5060942232e+00,1.5060942232e+00,-1.5978663786e-03,1.0405455963e-15,0.0000e+00
574.732,1.2799925309e-03,1.454184e-04,1.5060942232e+00,1.5060942232e+00,-1.6338259605e-03,-5.9224932290e-16,0.0000e+00
575.758,1.2799924170e-03,1.460934e-04,1.5060942231e+00,1.5060942231e+00,-1.6801823724e-03,1.2570946515e-15,0.0000e+00
576.784,1.2799922011e-03,1.468006e-04,1.5060942231e+00,1.5060942231e+00,-1.7366974985e-03,3.6701017828e-15,0.0000e+00
577.810,1.2799918919e-03,1.475402e-04,1.5060942231e+00,1.5060942231e+00,-1.8031012102e-03,-2.3747657859e-15,0.0000e+00
578.837,1.2799915000e-03,1.483129e-04,1.5060942230e+00,1.5060942230e+00,-1.8790940062e-03,-1.2709937642e-15,0.0000e+00
579.863,1.2799910372e-03,1.491192e-04,1.5060942230e+00,1.5060942230e+00,-1.9643496726e-03,2.8557496606e-16,0.0000e+00
580.889,1.2799905156e-03,1.499596e-04,1.5060942229e+00,1.5060942229e+00,-2.0585179164e-03,-8.6292039526e-16,0.0000e+00
581.916,1.2799899474e-03,1.508346e-04,1.5060942229e+00,1.5060942229e+00,-2.1612269424e-03,1.9619751414e-15,0.0000e+00
582.942,1.2799893445e-03,1.517447e-04,1.5060942229e+00,1.5060942229e+00,-2.2720859537e-03,-1.3473012683e-15,0.0000e+00
583.968,1.2799887186e-03,1.526901e-04,1.5060942228e+00,1.5060942228e+00,-2.3906875580e-03,-1.8611046779e-15,0.0000e+00
584.995,1.2799880807e-03,1.536712e-04,1.5060942228e+00,1.5060942228e+00,-2.5166100559e-03,2.3144492677e-15,0.0000e+00
586.021,1.2799874413e-03,1.546881e-04,1.5060942228e+00,1.5060942228e+00,-2.6494195657e-03,7.4713338341e-16,0.0000e+00
587.047,1.2799868095e-03,1.557407e-04,1.5060942227e+00,1.5060942227e+00,-2.7886719888e-03,5.2333248039e-15,0.0000e+00
588.074,1.2799861937e-03,1.568288e-04,1.5060942227e+00,1.5060942227e+00,-2.9339148943e-03,5.0509010121e-15,0.0000e+00
589.100,1.2799856013e-03,1.579521e-04,1.5060942227e+00,1.5060942227e+00,-3.0846891853e-03,3.8771358697e-16,0.0000e+00
590.126,1.2799850406e-03,1.591102e-04,1.5060942226e+00,1.5060942226e+00,-3.2405304928e-03,-4.2748447400e-16,0.0000e+00
591.152,1.2799845205e-03,1.603022e-04,1.5060942226e+00,1.5060942226e+00,-3.4009704193e-03,1.4151035656e-15,0.0000e+00
592.179,1.2799840520e-03,1.615274e-04,1.5060942226e+00,1.5060942226e+00,-3.5655376171e-03,2.9847843659e-15,0.0000e+00
593.205,1.2799836469e-03,1.627847e-04,1.5060942225e+00,1.5060942225e+00,-3.7337587037e-03,1.3625468653e-15,0.0000e+00
594.231,1.2799833179e-03,1.640728e-04,1.5060942225e+00,1.5060942225e+00,-3.9051590925e-03,2.2181111284e-15,0.0000e+00
595.258,1.2799830759e-03,1.653904e-04,1.5060942224e+00,1.5060942224e+00,-4.0792642984e-03,2.8679277005e-15,0.0000e+00
596.284,1.2799829295e-03,1.667354e-04,1.5060942224e+00,1.5060942224e+00,-4.2556006664e-03,3.3408905694e-15,0.0000e+00
597.310,1.2799828822e-03,1.681057e-04,1.5060942224e+00,1.5060942224e+00,-4.4336954974e-03,5.7681685119e-15,0.0000e+00
598.337,1.2799829324e-03,1.694992e-04,1.5060942223e+00,1.5060942223e+00,-4.6130769632e-03,2.1691390715e-15,0.0000e+00
599.363,1.2799830726e-03,1.709136e-04,1.5060942223e+00,1.5060942223e+00,-4.7932743050e-03,5.2223065994e-15,0.0000e+00
600.389,1.2799832906e-03,1.723467e-04,1.5060942223e+00,1.5060942223e+00,-4.9738183025e-03,1.9657766253e-15,0.0000e+00
601.416,1.2799835708e-03,1.737963e-04,1.5060942222e+00,1.5060942222e+00,-5.1542419285e-03,2.5021178875e-15,0.0000e+00
602.442,1.2799838957e-03,1.752602e-04,1.5060942222e+00,1.5060942222e+00,-5.3340810652e-03,-6.3773838030e-16,0.0000e+00
603.468,1.2799842480e-03,1.767362e-04,1.5060942222e+00,1.5060942222e+00,-5.5128751756e-03,5.6931067459e-16,0.0000e+00
604.494,1.2799846119e-03,1.782217e-04,1.5060942221e+00,1.5060942221e+00,-5.6901678933e-03,2.2781149424e-15,0.0000e+00
605.521,1.2799849749e-03,1.797144e-04,1.5060942221e+00,1.5060942221e+00,-5.8655075484e-03,-3.8274069616e-15,0.0000e+00
606.547,1.2799853282e-03,1.812116e-04,1.5060942221e+00,1.5060942221e+00,-6.0384478406e-03,7.6259015006e-15,0.0000e+00
607.573,1.2799856669e-03,1.827106e-04,1.5060942220e+00,1.5060942220e+00,-6.2085485867e-03,6.0626717032e-15,0.0000e+00
608.600,1.2799859901e-03,1.842086e-04,1.5060942220e+00,1.5060942220e+00,-6.3753764963e-03,2.1621527438e-15,0.0000e+00
609.626,1.2799863000e-03,1.857029e-04,1.5060942220e+00,1.5060942220e+00,-6.5385059689e-03,2.8951886089e-15,0.0000e+00
610.652,1.2799866008e-03,1.871905e-04,1.5060942220e+00,1.5060942220e+00,-6.6975202515e-03,-2.2959724873e-16,0.0000e+00
611.679,1.2799868982e-03,1.886689e-04,1.5060942219e+00,1.5060942219e+00,-6.8520127299e-03,3.9163704358e-16,0.0000e+00
612.705,1.2799871973e-03,1.901353e-04,1.5060942219e+00,1.5060942219e+00,-7.0015881753e-03,-4.4882292800e-16,0.0000e+00
613.731,1.2799875022e-03,1.915873e-04,1.5060942219e+00,1.5060942219e+00,-7.1458640154e-03,2.4610062964e-15,0.0000e+00
614.758,1.2799878149e-03,1.930228e-04,1.5060942218e+00,1.5060942218e+00,-7.2844717047e-03,3.8226896861e-15,0.0000e+00
615.784,1.2799881344e-03,1.944396e-04,1.5060942218e+00,1.5060942218e+00,-7.4170582389e-03,-3.9960478333e-15,0.0000e+00
616.810,1.2799884573e-03,1.958360e-04,1.5060942218e+00,1.5060942218e+00,-7.5432876988e-03,-3.2685695986e-16,0.0000e+00
617.836,1.2799887782e-03,1.972101e-04,1.5060942217e+00,1.5060942217e+00,-7.6628427486e-03,1.3183114167e-15,0.0000e+00
618.863,1.2799890905e-03,1.985607e-04,1.5060942217e+00,1.5060942217e+00,-7.7754260892e-03,1.1848122479e-15,0.0000e+00
619.889,1.2799893876e-03,1.998864e-04,1.5060942217e+00,1.5060942217e+00,-7.8807618883e-03,-8.8594613890e-16,0.0000e+00
620.915,1.2799896634e-03,2.011863e-04,1.5060942216e+00,1.5060942216e+00,-7.9785971971e-03,7.0692992103e-15,0.0000e+00
621.942,1.2799899127e-03,2.024595e-04,1.5060942216e+00,1.5060942216e+00,-8.0687033315e-03,-3.0574675651e-15,0.0000e+00
622.968,1.2799901302e-03,2.037053e-04,1.5060942216e+00,1.5060942216e+00,-8.1508773177e-03,5.2925967814e-15,0.0000e+00
623.994,1.2799903107e-03,2.049230e-04,1.5060942215e+00,1.5060942215e+00,-8.2249434180e-03,-2.8496056798e-15,0.0000e+00
625.021,1.2799904479e-03,2.061125e-04,1.5060942215e+00,1.5060942215e+00,-8.2907544340e-03,-1.4397972662e-15,0.0000e+00
626.047,1.2799905358e-03,2.072736e-04,1.5060942214e+00,1.5060942214e+00,-8.3481928826e-03,2.6551936817e-15,0.0000e+00
627.073,1.2799905688e-03,2.084062e-04,1.5060942214e+00,1.5060942214e+00,-8.3971721928e-03,3.4590279487e-15,0.0000e+00
628.099,1.2799905434e-03,2.095105e-04,1.5060942214e+00,1.5060942214e+00,-8.4376378314e-03,-1.6027799578e-15,0.0000e+00
629.126,1.2799904592e-03,2.105870e-04,1.5060942213e+00,1.5060942213e+00,-8.4695683201e-03,3.3660576124e-15,0.0000e+00
630.152,1.2799903195e-03,2.116362e-04,1.5060942213e+00,1.5060942213e+00,-8.4929759676e-03,2.0322111134e-15,0.0000e+00
631.178,1.2799901306e-03,2.126589e-04,1.5060942213e+00,1.5060942213e+00,-8.5079073168e-03,2.9510239265e-16,0.0000e+00
632.205,1.2799899012e-03,2.136560e-04,1.5060942212e+00,1.5060942212e+00,-8.5144433168e-03,-1.3771032756e-15,0.0000e+00
633.231,1.2799896400e-03,2.146285e-04,1.5060942212e+00,1.5060942212e+00,-8.5126993102e-03,2.8247493490e-15,0.0000e+00
634.257,1.2799893544e-03,2.155776e-04,1.5060942211e+00,1.5060942211e+00,-8.5028248507e-03,1.3609059152e-16,0.0000e+00
635.284,1.2799890488e-03,2.165047e-04,1.5060942211e+00,1.5060942211e+00,-8.4850033089e-03,-8.7610825001e-15,0.0000e+00
636.310,1.2799887235e-03,2.174110e-04,1.5060942211e+00,1.5060942211e+00,-8.4594512203e-03,-6.3295355116e-15,0.0000e+00
637.336,1.2799883745e-03,2.182981e-04,1.5060942210e+00,1.5060942210e+00,-8.4264173807e-03,2.5217419468e-15,0.0000e+00
638.363,1.2799879943e-03,2.191674e-04,1.5060942210e+00,1.5060942210e+00,-8.3861817431e-03,-1.6364387532e-16,0.0000e+00
639.389,1.2799875730e-03,2.200203e-04,1.5060942209e+00,1.5060942209e+00,-8.3390541904e-03,-3.6246950367e-15,0.0000e+00
640.415,1.2799871006e-03,2.208585e-04,1.5060942209e+00,1.5060942209e+00,-8.2853730351e-03,3.1739573162e-15,0.0000e+00
641.441,1.2799865692e-03,2.216832e-04,1.5060942208e+00,1.5060942208e+00,-8.2255030885e-03,4.4367275865e-15,0.0000e+00
642.468,1.2799859747e-03,2.224961e-04,1.5060942208e+00,1.5060942208e+00,-8.1598336634e-03,-7.6560771984e-15,0.0000e+00
643.494,1.2799853181e-03,2.232984e-04,1.5060942208e+00,1.5060942208e+00,-8.0887765566e-03,1.2514771290e-15,0.0000e+00
644.520,1.2799846057e-03,2.240915e-04,1.5060942207e+00,1.5060942207e+00,-8.0127640266e-03,-1.7680055926e-15,0.0000e+00
645.547,1.2799838480e-03,2.248765e-04,1.5060942207e+00,1.5060942207e+00,-7.9322467255e-03,4.1241521002e-15,0.0000e+00
646.573,1.2799830587e-03,2.256546e-04,1.5060942206e+00,1.5060942206e+00,-7.8476913614e-03,4.1192325328e-15,0.0000e+00
647.599,1.2799822535e-03,2.264269e-04,1.5060942206e+00,1.5060942206e+00,-7.7595782465e-03,-2.0484209320e-15,0.0000e+00
648.626,1.2799814491e-03,2.271942e-04,1.5060942206e+00,1.5060942206e+00,-7.6683987679e-03,4.2079609281e-15,0.0000e+00
649.652,1.2799806618e-03,2.279575e-04,1.5060942205e+00,1.5060942205e+00,-7.5746528233e-03,1.7579949609e-16,0.0000e+00
650.678,1.2799799075e-03,2.287174e-04,1.5060942205e+00,1.5060942205e+00,-7.4788464201e-03,6.6290521419e-15,0.0000e+00
651.705,1.2799791999e-03,2.294749e-04,1.5060942204e+00,1.5060942204e+00,-7.3814890841e-03,2.4160379170e-16,0.0000e+00
652.731,1.2799785509e-03,2.302305e-04,1.5060942204e+00,1.5060942204e+00,-7.2830909811e-03,4.0071734620e-15,0.0000e+00
653.757,1.2799779703e-03,2.309849e-04,1.5060942204e+00,1.5060942204e+00,-7.1841603092e-03,2.3098820660e-15,0.0000e+00
654.783,1.2799774656e-03,2.317388e-04,1.5060942203e+00,1.5060942203e+00,-7.0852010374e-03,1.5016228990e-15,0.0000e+00
655.810,1.2799770419e-03,2.324928e-04,1.5060942203e+00,1.5060942203e+00,-6.9867107615e-03,-8.1741225489e-15,0.0000e+00
656.836,1.2799767033e-03,2.332477e-04,1.5060942202e+00,1.5060942202e+00,-6.8891788151e-03,-8.8088890396e-15,0.0000e+00
657.862,1.2799764525e-03,2.340043e-04,1.5060942202e+00,1.5060942202e+00,-6.7930843644e-03,-5.5275714934e-15,0.0000e+00
658.889,1.2799762914e-03,2.347636e-04,1.5060942202e+00,1.5060942202e+00,-6.6988945029e-03,3.7847426101e-15,0.0000e+00
659.915,1.2799762204e-03,2.355268e-04,1.5060942201e+00,1.5060942201e+00,-6.6070624048e-03,5.1413912360e-15,0.0000e+00
660.941,1.2799762382e-03,2.362950e-04,1.5060942201e+00,1.5060942201e+00,-6.5180255201e-03,1.8640784615e-15,0.0000e+00
661.968,1.2799763411e-03,2.370698e-04,1.5060942201e+00,1.5060942201e+00,-6.4322038818e-03,-3.7612096427e-15,0.0000e+00
662.994,1.2799765234e-03,2.378524e-04,1.5060942200e+00,1.5060942200e+00,-6.3499986028e-03,1.5183128362e-15,0.0000e+00
664.020,1.2799767770e-03,2.386441e-04,1.5060942200e+00,1.5060942200e+00,-6.2717917736e-03,-1.9386793433e-15,0.0000e+00
665.047,1.2799770921e-03,2.394456e-04,1.5060942199e+00,1.5060942199e+00,-6.1979459546e-03,3.4388471414e-16,0.0000e+00
666.073,1.2799774577e-03,2.402583e-04,1.5060942199e+00,1.5060942199e+00,-6.1288001973e-03,-1.7285812911e-15,0.0000e+00
667.099,1.2799778629e-03,2.410838e-04,1.5060942199e+00,1.5060942199e+00,-6.0646694693e-03,-4.0646450438e-16,0.0000e+00
668.125,1.2799782967e-03,2.419240e-04,1.5060942198e+00,1.5060942198e+00,-6.0058449426e-03,3.1491765203e-15,0.0000e+00
669.152,1.2799787489e-03,2.427810e-04,1.5060942198e+00,1.5060942198e+00,-5.9525942775e-03,3.5245069836e-15,0.0000e+00
670.178,1.2799792103e-03,2.436568e-04,1.5060942198e+00,1.5060942198e+00,-5.9051617599e-03,1.4990004850e-15,0.0000e+00
671.204,1.2799796723e-03,2.445532e-04,1.5060942198e+00,1.5060942198e+00,-5.8637682816e-03,-2.8669404564e-16,0.0000e+00
672.231,1.2799801280e-03,2.454721e-04,1.5060942197e+00,1.5060942197e+00,-5.8286112628e-03,1.7877167472e-15,0.0000e+00
673.257,1.2799805718e-03,2.464149e-04,1.5060942197e+00,1.5060942197e+00,-5.7998644743e-03,9.3379911619e-16,0.0000e+00
674.283,1.2799809996e-03,2.473829e-04,1.5060942197e+00,1.5060942197e+00,-5.7776778937e-03,5.4576315866e-16,0.0000e+00
675.310,1.2799814075e-03,2.483770e-04,1.5060942196e+00,1.5060942196e+00,-5.7621776995e-03,-8.5425355414e-16,0.0000e+00
676.336,1.2799817915e-03,2.493983e-04,1.5060942196e+00,1.5060942196e+00,-5.7534664121e-03,-1.7074257962e-15,0.0000e+00
677.362,1.2799821472e-03,2.504473e-04,1.5060942196e+00,1.5060942196e+00,-5.7516231870e-03,1.2072092637e-14,0.0000e+00
678.389,1.2799824696e-03,2.515248e-04,1.5060942195e+00,1.5060942195e+00,-5.7567042385e-03,-8.7235973042e-16,0.0000e+00
679.415,1.2799827547e-03,2.526310e-04,1.5060942195e+00,1.5060942195e+00,-5.7687433091e-03,-3.1581289606e-15,0.0000e+00
680.441,1.2799830001e-03,2.537665e-04,1.5060942195e+00,1.5060942195e+00,-5.7877521915e-03,-1.4698781945e-16,0.0000e+00
681.467,1.2799832063e-03,2.549315e-04,1.5060942194e+00,1.5060942194e+00,-5.8137213524e-03,8.6260091478e-16,0.0000e+00
682.494,1.2799833767e-03,2.561264e-04,1.5060942194e+00,1.5060942194e+00,-5.8466205750e-03,1.4266977526e-15,0.0000e+00
683.520,1.2799835167e-03,2.573513e-04,1.5060942194e+00,1.5060942194e+00,-5.8863996093e-03,1.0022529309e-15,0.0000e+00
684.546,1.2799836328e-03,2.586066e-04,1.5060942193e+00,1.5060942193e+00,-5.9329887681e-03,3.8737081746e-15,0.0000e+00
685.573,1.2799837307e-03,2.598922e-04,1.5060942193e+00,1.5060942193e+00,-5.9862994254e-03,-6.8727682338e-15,0.0000e+00
686.599,1.2799838152e-03,2.612082e-04,1.5060942193e+00,1.5060942193e+00,-6.0462245290e-03,1.0285922674e-15,0.0000e+00
687.625,1.2799838902e-03,2.625545e-04,1.5060942192e+00,1.5060942192e+00,-6.1126390542e-03,3.1647754790e-15,0.0000e+00
688.652,1.2799839586e-03,2.639307e-04,1.5060942192e+00,1.5060942192e+00,-6.1854005143e-03,1.8373393254e-15,0.0000e+00
689.678,1.2799840226e-03,2.653367e-04,1.5060942192e+00,1.5060942192e+00,-6.2643497113e-03,1.3075439338e-15,0.0000e+00
690.704,1.2799840832e-03,2.667720e-04,1.5060942191e+00,1.5060942191e+00,-6.3493115769e-03,-3.8034200829e-16,0.0000e+00
691.730,1.2799841409e-03,2.682362e-04,1.5060942191e+00,1.5060942191e+00,-6.4400958532e-03,1.1119335331e-15,0.0000e+00
692.757,1.2799841953e-03,2.697290e-04,1.5060942191e+00,1.5060942191e+00,-6.5364976221e-03,1.5865430341e-15,0.0000e+00
693.783,1.2799842467e-03,2.712499e-04,1.5060942190e+00,1.5060942190e+00,-6.6382977555e-03,6.0740964836e-15,0.0000e+00
694.809,1.2799842963e-03,2.727983e-04,1.5060942190e+00,1.5060942190e+00,-6.7452633524e-03,6.0734188573e-15,0.0000e+00
695.836,1.2799843473e-03,2.743738e-04,1.5060942190e+00,1.5060942190e+00,-6.8571481703e-03,5.1477609237e-15,0.0000e+00
696.862,1.2799844061e-03,2.759758e-04,1.5060942189e+00,1.5060942189e+00,-6.9736930844e-03,8.3603264997e-15,0.0000e+00
697.888,1.2799844817e-03,2.776036e-04,1.5060942189e+00,1.5060942189e+00,-7.0946265795e-03,2.9189665178e-15,0.0000e+00
698.915,1.2799845845e-03,2.792564e-04,1.5060942189e+00,1.5060942189e+00,-7.2196652416e-03,3.0942006939e-15,0.0000e+00
699.941,1.2799847243e-03,2.809335e-04,1.5060942188e+00,1.5060942188e+00,-7.3485142956e-03,-2.0190051718e-15,0.0000e+00
700.967,1.2799849069e-03,2.826341e-04,1.5060942188e+00,1.5060942188e+00,-7.4808682047e-03,1.5134813602e-15,0.0000e+00
701.994,1.2799851311e-03,2.843572e-04,1.5060942188e+00,1.5060942188e+00,-7.6164114487e-03,3.9954505260e-15,0.0000e+00
703.020,1.2799853879e-03,2.861019e-04,1.5060942187e+00,1.5060942187e+00,-7.7548191267e-03,-4.6257998889e-15,0.0000e+00
704.046,1.2799856611e-03,2.878673e-04,1.5060942187e+00,1.5060942187e+00,-7.8957575557e-03,7.8311534301e-16,0.0000e+00
705.072,1.2799859291e-03,2.896523e-04,1.5060942187e+00,1.5060942187e+00,-8.0388851162e-03,-3.4969760208e-15,0.0000e+00
706.099,1.2799861688e-03,2.914558e-04,1.5060942186e+00,1.5060942186e+00,-8.1838532235e-03,6.6876589513e-16,0.0000e+00
707.125,1.2799863592e-03,2.932766e-04,1.5060942186e+00,1.5060942186e+00,-8.3303073577e-03,3.1770337399e-15,0.0000e+00
708.151,1.2799864837e-03,2.951134e-04,1.5060942186e+00,1.5060942186e+00,-8.4778881657e-03,-3.1750425144e-15,0.0000e+00
709.178,1.2799865322e-03,2.969652e-04,1.5060942185e+00,1.5060942185e+00,-8.6262325880e-03,-9.6213223850e-15,0.0000e+00
710.204,1.2799865014e-03,2.988307e-04,1.5060942185e+00,1.5060942185e+00,-8.7749749663e-03,4.3070570067e-15,0.0000e+00
711.230,1.2799863938e-03,3.007087e-04,1.5060942184e+00,1.5060942184e+00,-8.9237482223e-03,-3.1680968443e-15,0.0000e+00
712.257,1.2799862166e-03,3.025979e-04,1.5060942184e+00,1.5060942184e+00,-9.0721851304e-03,6.1366142914e-15,0.0000e+00
713.283,1.2799859802e-03,3.044970e-04,1.5060942184e+00,1.5060942184e+00,-9.2199196417e-03,1.7853710658e-16,0.0000e+00
714.309,1.2799856965e-03,3.064047e-04,1.5060942183e+00,1.5060942183e+00,-9.3665882534e-03,-1.4021009119e-15,0.0000e+00
715.336,1.2799853771e-03,3.083198e-04,1.5060942183e+00,1.5060942183e+00,-9.5118314347e-03,-2.8494769308e-15,0.0000e+00
716.362,1.2799850327e-03,3.102409e-04,1.5060942182e+00,1.5060942182e+00,-9.6552951015e-03,5.2908891630e-15,0.0000e+00
717.388,1.2799846720e-03,3.121668e-04,1.5060942182e+00,1.5060942182e+00,-9.7966321422e-03,-1.7964940989e-16,0.0000e+00
718.414,1.2799843010e-03,3.140963e-04,1.5060942182e+00,1.5060942182e+00,-9.9355038780e-03,1.6218134861e-15,0.0000e+00
719.441,1.2799839241e-03,3.160280e-04,1.5060942181e+00,1.5060942181e+00,-1.0071581496e-02,-2.8596413262e-15,0.0000e+00
720.467,1.2799835437e-03,3.179609e-04,1.5060942181e+00,1.5060942181e+00,-1.0204547517e-02,2.5120112323e-15,0.0000e+00
721.493,1.2799831616e-03,3.198936e-04,1.5060942180e+00,1.5060942180e+00,-1.0334097262e-02,-3.5392734580e-15,0.0000e+00
722.520,1.2799827789e-03,3.218252e-04,1.5060942180e+00,1.5060942180e+00,-1.0459940265e-02,1.3167393235e-15,0.0000e+00
723.546,1.2799823968e-03,3.237545e-04,1.5060942179e+00,1.5060942179e+00,-1.0581801607e-02,-2.1008624358e-15,0.0000e+00
724.572,1.2799820160e-03,3.256805e-04,1.5060942179e+00,1.5060942179e+00,-1.0699423207e-02,-4.0802158032e-15,0.0000e+00
725.599,1.2799816366e-03,3.276023e-04,1.5060942179e+00,1.5060942179e+00,-1.0812565042e-02,-6.4120782725e-16,0.0000e+00
726.625,1.2799812583e-03,3.295188e-04,1.5060942178e+00,1.5060942178e+00,-1.0921006278e-02,-5.5893439121e-15,0.0000e+00
727.651,1.2799808800e-03,3.314293e-04,1.5060942178e+00,1.5060942178e+00,-1.1024546292e-02,3.8349750520e-15,0.0000e+00
728.678,1.2799805007e-03,3.333328e-04,1.5060942177e+00,1.5060942177e+00,-1.1123005603e-02,1.3630008750e-15,0.0000e+00
729.704,1.2799801196e-03,3.352287e-04,1.5060942177e+00,1.5060942177e+00,-1.1216226690e-02,2.6849143738e-15,0.0000e+00
730.730,1.2799797364e-03,3.371162e-04,1.5060942176e+00,1.5060942176e+00,-1.1304074670e-02,5.8711812708e-15,0.0000e+00
731.756,1.2799793510e-03,3.389946e-04,1.5060942176e+00,1.5060942176e+00,-1.1386437903e-02,-1.7506974999e-17,0.0000e+00
732.783,1.2799789638e-03,3.408634e-04,1.5060942175e+00,1.5060942175e+00,-1.1463228608e-02,-1.1716063063e-15,0.0000e+00
733.809,1.2799785750e-03,3.427222e-04,1.5060942175e+00,1.5060942175e+00,-1.1534383085e-02,-3.6321839022e-16,0.0000e+00
734.835,1.2799781853e-03,3.445703e-04,1.5060942174e+00,1.5060942174e+00,-1.1599861796e-02,-2.4617459052e-15,0.0000e+00
735.862,1.2799777960e-03,3.464076e-04,1.5060942174e+00,1.5060942174e+00,-1.1659649426e-02,-5.0995160174e-16,0.0000e+00
736.888,1.2799774095e-03,3.482338e-04,1.5060942173e+00,1.5060942173e+00,-1.1713754822e-02,-1.7386169374e-15,0.0000e+00
737.914,1.2799770288e-03,3.500486e-04,1.5060942173e+00,1.5060942173e+00,-1.1762210774e-02,-3.1009779535e-15,0.0000e+00
738.941,1.2799766573e-03,3.518520e-04,1.5060942172e+00,1.5060942172e+00,-1.1805073591e-02,-1.4312727266e-15,0.0000e+00
739.967,1.2799762979e-03,3.536439e-04,1.5060942172e+00,1.5060942172e+00,-1.1842422528e-02,-1.0240117222e-14,0.0000e+00
740.993,1.2799759530e-03,3.554243e-04,1.5060942172e+00,1.5060942172e+00,-1.1874359047e-02,2.3162178725e-15,0.0000e+00
742.020,1.2799756243e-03,3.571933e-04,1.5060942171e+00,1.5060942171e+00,-1.1901005965e-02,3.3048126479e-16,0.0000e+00
743.046,1.2799753127e-03,3.589509e-04,1.5060942171e+00,1.5060942171e+00,-1.1922506487e-02,-6.5883887802e-15,0.0000e+00
744.072,1.2799750193e-03,3.606974e-04,1.5060942170e+00,1.5060942170e+00,-1.1939023109e-02,-4.6400175842e-16,0.0000e+00
745.098,1.2799747457e-03,3.624328e-04,1.5060942170e+00,1.5060942170e+00,-1.1950736281e-02,-1.0069916295e-16,0.0000e+00
746.125,1.2799744940e-03,3.641576e-04,1.5060942169e+00,1.5060942169e+00,-1.1957843598e-02,-1.0702401794e-15,0.0000e+00
747.151,1.2799742674e-03,3.658719e-04,1.5060942169e+00,1.5060942169e+00,-1.1960558585e-02,-7.2393844222e-15,0.0000e+00
748.177,1.2799740692e-03,3.675762e-04,1.5060942168e+00,1.5060942168e+00,-1.1959109342e-02,-3.7950852787e-16,0.0000e+00
749.204,1.2799739026e-03,3.692709e-04,1.5060942168e+00,1.5060942168e+00,-1.1953737204e-02,-5.0035291495e-15,0.0000e+00
750.230,1.2799737706e-03,3.709566e-04,1.5060942167e+00,1.5060942167e+00,-1.1944695404e-02,3.4758601874e-15,0.0000e+00
751.256,1.2799736751e-03,3.726338e-04,1.5060942167e+00,1.5060942167e+00,-1.1932247769e-02,-4.6918752351e-15,0.0000e+00
752.283,1.2799736168e-03,3.743033e-04,1.5060942166e+00,1.5060942166e+00,-1.1916667424e-02,-5.5500020201e-16,0.0000e+00
753.309,1.2799735952e-03,3.759658e-04,1.5060942166e+00,1.5060942166e+00,-1.1898235516e-02,5.7510437995e-16,0.0000e+00
754.335,1.2799736094e-03,3.776223e-04,1.5060942165e+00,1.5060942165e+00,-1.1877239947e-02,7.4795409836e-15,0.0000e+00
755.361,1.2799736578e-03,3.792737e-04,1.5060942165e+00,1.5060942165e+00,-1.1853974109e-02,1.8258061248e-15,0.0000e+00
756.388,1.2799737387e-03,3.809211e-04,1.5060942164e+00,1.5060942164e+00,-1.1828735638e-02,-9.5957284375e-15,0.0000e+00
757.414,1.2799738508e-03,3.825657e-04,1.5060942164e+00,1.5060942164e+00,-1.1801825175e-02,1.1563519409e-15,0.0000e+00
758.440,1.2799739922e-03,3.842086e-04,1.5060942164e+00,1.5060942164e+00,-1.1773545164e-02,9.4783286749e-15,0.0000e+00
759.467,1.2799741605e-03,3.858511e-04,1.5060942163e+00,1.5060942163e+00,-1.1744198739e-02,1.5656924711e-15,0.0000e+00
760.493,1.2799743528e-03,3.874944e-04,1.5060942163e+00,1.5060942163e+00,-1.1714088543e-02,-6.3985788611e-15,0.0000e+00
761.519,1.2799745651e-03,3.891398e-04,1.5060942162e+00,1.5060942162e+00,-1.1683515540e-02,6.3238424541e-15,0.0000e+00
762.546,1.2799747928e-03,3.907888e-04,1.5060942162e+00,1.5060942162e+00,-1.1652778039e-02,-6.0176319696e-16,0.0000e+00
763.572,1.2799750311e-03,3.924425e-04,1.5060942161e+00,1.5060942161e+00,-1.1622170908e-02,4.3908387295e-15,0.0000e+00
764.598,1.2799752748e-03,3.941025e-04,1.5060942161e+00,1.5060942161e+00,-1.1591984798e-02,3.5788526175e-15,0.0000e+00
765.625,1.2799755192e-03,3.957700e-04,1.5060942160e+00,1.5060942160e+00,-1.1562505286e-02,-9.4752882229e-16,0.0000e+00
766.651,1.2799757598e-03,3.974466e-04,1.5060942160e+00,1.5060942160e+00,-1.1534011919e-02,4.7827834969e-16,0.0000e+00
767.677,1.2799759928e-03,3.991334e-04,1.5060942159e+00,1.5060942159e+00,-1.1506777430e-02,2.0802480459e-15,0.0000e+00
768.703,1.2799762147e-03,4.008319e-04,1.5060942159e+00,1.5060942159e+00,-1.1481067074e-02,3.4377629393e-16,0.0000e+00
769.730,1.2799764228e-03,4.025433e-04,1.5060942158e+00,1.5060942158e+00,-1.1457137991e-02,7.5356405755e-16,0.0000e+00
770.756,1.2799766148e-03,4.042689e-04,1.5060942158e+00,1.5060942158e+00,-1.1435238544e-02,4.1792107572e-17,0.0000e+00
771.782,1.2799767889e-03,4.060100e-04,1.5060942157e+00,1.5060942157e+00,-1.1415607795e-02,4.7110646174e-15,0.0000e+00
772.809,1.2799769432e-03,4.077676e-04,1.5060942157e+00,1.5060942157e+00,-1.1398475083e-02,1.8073814641e-15,0.0000e+00
773.835,1.2799770758e-03,4.095431e-04,1.5060942157e+00,1.5060942157e+00,-1.1384059554e-02,-5.7964265271e-15,0.0000e+00
774.861,1.2799771844e-03,4.113373e-04,1.5060942156e+00,1.5060942156e+00,-1.1372569713e-02,8.3614716882e-15,0.0000e+00
775.888,1.2799772663e-03,4.131515e-04,1.5060942156e+00,1.5060942156e+00,-1.1364202997e-02,1.5939765953e-15,0.0000e+00
776.914,1.2799773185e-03,4.149865e-04,1.5060942155e+00,1.5060942155e+00,-1.1359145435e-02,6.7874269742e-15,0.0000e+00
777.940,1.2799773384e-03,4.168431e-04,1.5060942155e+00,1.5060942155e+00,-1.1357571409e-02,-3.3993300626e-15,0.0000e+00
778.967,1.2799773234e-03,4.187221e-04,1.5060942154e+00,1.5060942154e+00,-1.1359643453e-02,4.9130650347e-15,0.0000e+00
779.993,1.2799772721e-03,4.206244e-04,1.5060942154e+00,1.5060942154e+00,-1.1365512057e-02,-2.9347155504e-15,0.0000e+00
781.019,1.2799771837e-03,4.225503e-04,1.5060942153e+00,1.5060942153e+00,-1.1375315470e-02,2.2771730417e-15,0.0000e+00
782.045,1.2799770593e-03,4.245007e-04,1.5060942153e+00,1.5060942153e+00,-1.1389179484e-02,1.0345418268e-15,0.0000e+00
783.072,1.2799769011e-03,4.264759e-04,1.5060942152e+00,1.5060942152e+00,-1.1407217255e-02,-3.3781406864e-15,0.0000e+00
784.098,1.2799767132e-03,4.284765e-04,1.5060942151e+00,1.5060942151e+00,-1.1429529113e-02,1.1230059478e-15,0.0000e+00
785.124,1.2799765008e-03,4.305027e-04,1.5060942151e+00,1.5060942151e+00,-1.1456202420e-02,6.3929942239e-15,0.0000e+00
786.151,1.2799762695e-03,4.325549e-04,1.5060942150e+00,1.5060942150e+00,-1.1487311461e-02,-1.0532046528e-15,0.0000e+00
787.177,1.2799760239e-03,4.346334e-04,1.5060942150e+00,1.5060942150e+00,-1.1522917326e-02,-2.6186435121e-15,0.0000e+00
788.203,1.2799757672e-03,4.367382e-04,1.5060942149e+00,1.5060942149e+00,-1.1563067796e-02,-2.4884037261e-15,0.0000e+00
789.230,1.2799755015e-03,4.388697e-04,1.5060942149e+00,1.5060942149e+00,-1.1607797239e-02,1.2500942030e-14,0.0000e+00
790.256,1.2799752278e-03,4.410278e-04,1.5060942148e+00,1.5060942148e+00,-1.1657126515e-02,1.1128552144e-14,0.0000e+00
791.282,1.2799749474e-03,4.432126e-04,1.5060942148e+00,1.5060942148e+00,-1.1711062901e-02,2.8095163084e-15,0.0000e+00
792.309,1.2799746622e-03,4.454239e-04,1.5060942147e+00,1.5060942147e+00,-1.1769600024e-02,6.6223368647e-15,0.0000e+00
793.335,1.2799743746e-03,4.476619e-04,1.5060942147e+00,1.5060942147e+00,-1.1832717820e-02,-3.7580519039e-15,0.0000e+00
794.361,1.2799740870e-03,4.499263e-04,1.5060942146e+00,1.5060942146e+00,-1.1900382522e-02,6.5516468830e-15,0.0000e+00
795.387,1.2799738012e-03,4.522168e-04,1.5060942145e+00,1.5060942145e+00,-1.1972546682e-02,-1.6434849731e-15,0.0000e+00
796.414,1.2799735183e-03,4.545334e-04,1.5060942145e+00,1.5060942145e+00,-1.2049149252e-02,6.8956371273e-15,0.0000e+00
797.440,1.2799732391e-03,4.568758e-04,1.5060942144e+00,1.5060942144e+00,-1.2130115748e-02,-1.5776207854e-16,0.0000e+00
798.466,1.2799729641e-03,4.592437e-04,1.5060942144e+00,1.5060942144e+00,-1.2215358374e-02,9.0340700585e-15,0.0000e+00
799.493,1.2799726945e-03,4.616367e-04,1.5060942143e+00,1.5060942143e+00,-1.2304776146e-02,6.1066361013e-15,0.0000e+00
800.519,1.2799724315e-03,4.640546e-04,1.5060942142e+00,1.5060942142e+00,-1.2398255084e-02,3.7572716375e-15,0.0000e+00
801.545,1.2799721763e-03,4.664968e-04,1.5060942142e+00,1.5060942142e+00,-1.2495668486e-02,3.4299238966e-15,0.0000e+00
802.572,1.2799719297e-03,4.689631e-04,1.5060942141e+00,1.5060942141e+00,-1.2596877247e-02,-2.0733169243e-15,0.0000e+00
803.598,1.2799716924e-03,4.714529e-04,1.5060942141e+00,1.5060942141e+00,-1.2701730383e-02,6.8382760561e-15,0.0000e+00
804.624,1.2799714649e-03,4.739657e-04,1.5060942140e+00,1.5060942140e+00,-1.2810065536e-02,-1.0847413835e-15,0.0000e+00
805.650,1.2799712482e-03,4.765011e-04,1.5060942139e+00,1.5060942139e+00,-1.2921709406e-02,-1.4222806248e-15,0.0000e+00
806.677,1.2799710434e-03,4.790586e-04,1.5060942139e+00,1.5060942139e+00,-1.3036478237e-02,2.0780931941e-15,0.0000e+00
807.703,1.2799708512e-03,4.816377e-04,1.5060942138e+00,1.5060942138e+00,-1.3154178436e-02,-4.0240552250e-16,0.0000e+00
808.729,1.2799706716e-03,4.842378e-04,1.5060942138e+00,1.5060942138e+00,-1.3274607289e-02,-3.3312557187e-15,0.0000e+00
809.756,1.2799705041e-03,4.868584e-04,1.5060942137e+00,1.5060942137e+00,-1.3397553725e-02,7.3973855639e-15,0.0000e+00
810.782,1.2799703474e-03,4.894989e-04,1.5060942136e+00,1.5060942136e+00,-1.3522799066e-02,5.7835777353e-15,0.0000e+00
811.808,1.2799702005e-03,4.921588e-04,1.5060942136e+00,1.5060942136e+00,-1.3650117837e-02,8.9740797970e-15,0.0000e+00
812.835,1.2799700623e-03,4.948375e-04,1.5060942135e+00,1.5060942135e+00,-1.3779278604e-02,7.7702291385e-15,0.0000e+00
813.861,1.2799699319e-03,4.975345e-04,1.5060942134e+00,1.5060942134e+00,-1.3910044870e-02,5.4258181234e-15,0.0000e+00
814.887,1.2799698084e-03,5.002491e-04,1.5060942134e+00,1.5060942134e+00,-1.4042175991e-02,2.6538994154e-15,0.0000e+00
815.914,1.2799696914e-03,5.029808e-04,1.5060942133e+00,1.5060942133e+00,-1.4175428125e-02,3.4420737372e-15,0.0000e+00
816.940,1.2799695802e-03,5.057290e-04,1.5060942132e+00,1.5060942132e+00,-1.4309555200e-02,1.3917457851e-15,0.0000e+00
817.966,1.2799694745e-03,5.084930e-04,1.5060942132e+00,1.5060942132e+00,-1.4444309914e-02,-6.8875811460e-15,0.0000e+00
818.992,1.2799693741e-03,5.112723e-04,1.5060942131e+00,1.5060942131e+00,-1.4579444752e-02,8.5869112012e-15,0.0000e+00
820.019,1.2799692790e-03,5.140663e-04,1.5060942130e+00,1.5060942130e+00,-1.4714713019e-02,-2.1864873024e-15,0.0000e+00
821.045,1.2799691891e-03,5.168743e-04,1.5060942130e+00,1.5060942130e+00,-1.4849869874e-02,9.0297196973e-15,0.0000e+00
822.071,1.2799691044e-03,5.196958e-04,1.5060942129e+00,1.5060942129e+00,-1.4984673374e-02,4.8668102595e-15,0.0000e+00
823.098,1.2799690240e-03,5.225301e-04,1.5060942128e+00,1.5060942128e+00,-1.5118885496e-02,1.3968889691e-15,0.0000e+00
824.124,1.2799689466e-03,5.253766e-04,1.5060942128e+00,1.5060942128e+00,-1.5252273142e-02,6.4590278182e-16,0.0000e+00
825.150,1.2799688698e-03,5.282347e-04,1.5060942127e+00,1.5060942127e+00,-1.5384609121e-02,-4.5505291531e-15,0.0000e+00
826.177,1.2799687911e-03,5.311038e-04,1.5060942126e+00,1.5060942126e+00,-1.5515673098e-02,1.1142499210e-16,0.0000e+00
827.203,1.2799687082e-03,5.339833e-04,1.5060942125e+00,1.5060942125e+00,-1.5645252478e-02,1.7313642450e-16,0.0000e+00
828.229,1.2799686190e-03,5.368727e-04,1.5060942125e+00,1.5060942125e+00,-1.5773143257e-02,3.0780189765e-15,0.0000e+00
829.256,1.2799685225e-03,5.397713e-04,1.5060942124e+00,1.5060942124e+00,-1.5899150827e-02,-2.1464666897e-15,0.0000e+00
830.282,1.2799684183e-03,5.426786e-04,1.5060942123e+00,1.5060942123e+00,-1.6023090720e-02,3.0483660470e-15,0.0000e+00
831.308,1.2799683067e-03,5.455941e-04,1.5060942122e+00,1.5060942122e+00,-1.6144789277e-02,1.4302242296e-14,0.0000e+00
832.334,1.2799681881e-03,5.485173e-04,1.5060942122e+00,1.5060942122e+00,-1.6264084247e-02,2.9370252602e-15,0.0000e+00
833.361,1.2799680635e-03,5.514477e-04,1.5060942121e+00,1.5060942121e+00,-1.6380825317e-02,8.2438956446e-16,0.0000e+00
834.387,1.2799679333e-03,5.543848e-04,1.5060942120e+00,1.5060942120e+00,-1.6494874566e-02,-2.7884295723e-15,0.0000e+00
835.413,1.2799677979e-03,5.573282e-04,1.5060942119e+00,1.5060942119e+00,-1.6606106859e-02,-4.4655751366e-15,0.0000e+00
836.440,1.2799676573e-03,5.602775e-04,1.5060942118e+00,1.5060942118e+00,-1.6714410153e-02,3.7860436527e-15,0.0000e+00
837.466,1.2799675115e-03,5.632322e-04,1.5060942118e+00,1.5060942118e+00,-1.6819685738e-02,2.1125290713e-16,0.0000e+00
838.492,1.2799673599e-03,5.661920e-04,1.5060942117e+00,1.5060942117e+00,-1.6921848392e-02,5.0630644053e-15,0.0000e+00
839.519,1.2799672021e-03,5.691567e-04,1.5060942116e+00,1.5060942116e+00,-1.7020826480e-02,5.7630592091e-15,0.0000e+00
840.545,1.2799670379e-03,5.721259e-04,1.5060942115e+00,1.5060942115e+00,-1.7116561982e-02,-2.7067495854e-16,0.0000e+00
841.571,1.2799668668e-03,5.750993e-04,1.5060942114e+00,1.5060942114e+00,-1.7209010466e-02,6.3535902512e-15,0.0000e+00
842.598,1.2799666891e-03,5.780768e-04,1.5060942113e+00,1.5060942113e+00,-1.7298140989e-02,7.3440970272e-15,0.0000e+00
843.624,1.2799665049e-03,5.810582e-04,1.5060942113e+00,1.5060942113e+00,-1.7383935943e-02,3.3770825932e-15,0.0000e+00
844.650,1.2799663146e-03,5.840433e-04,1.5060942112e+00,1.5060942112e+00,-1.7466390852e-02,2.3673380049e-15,0.0000e+00
845.676,1.2799661187e-03,5.870322e-04,1.5060942111e+00,1.5060942111e+00,-1.7545514113e-02,3.9881999240e-15,0.0000e+00
846.703,1.2799659175e-03,5.900246e-04,1.5060942110e+00,1.5060942110e+00,-1.7621326700e-02,9.5718400180e-16,0.0000e+00
847.729,1.2799657112e-03,5.930207e-04,1.5060942109e+00,1.5060942109e+00,-1.7693861827e-02,-5.7138520734e-16,0.0000e+00
848.755,1.2799654996e-03,5.960204e-04,1.5060942108e+00,1.5060942108e+00,-1.7763164576e-02,4.8110822679e-15,0.0000e+00
849.782,1.2799652831e-03,5.990239e-04,1.5060942107e+00,1.5060942107e+00,-1.7829291488e-02,-3.6738011034e-17,0.0000e+00
850.808,1.2799650619e-03,6.020313e-04,1.5060942106e+00,1.5060942106e+00,-1.7892310126e-02,1.0307064616e-15,0.0000e+00
851.834,1.2799648361e-03,6.050427e-04,1.5060942105e+00,1.5060942105e+00,-1.7952298614e-02,-2.7656748792e-15,0.0000e+00
852.861,1.2799646060e-03,6.080584e-04,1.5060942104e+00,1.5060942104e+00,-1.8009345144e-02,5.5510502506e-15,0.0000e+00
853.887,1.2799643713e-03,6.110787e-04,1.5060942103e+00,1.5060942103e+00,-1.8063547482e-02,-4.9106943385e-15,0.0000e+00
854.913,1.2799641320e-03,6.141038e-04,1.5060942102e+00,1.5060942102e+00,-1.8115012474e-02,6.5559091528e-15,0.0000e+00
855.940,1.2799638882e-03,6.171341e-04,1.5060942101e+00,1.5060942101e+00,-1.8163855525e-02,-3.9268621822e-15,0.0000e+00
856.966,1.2799636399e-03,6.201700e-04,1.5060942100e+00,1.5060942100e+00,-1.8210200044e-02,-9.7340658584e-15,0.0000e+00
857.992,1.2799633873e-03,6.232119e-04,1.5060942099e+00,1.5060942099e+00,-1.8254176891e-02,4.2000801336e-15,0.0000e+00
859.018,1.2799631306e-03,6.262604e-04,1.5060942098e+00,1.5060942098e+00,-1.8295923849e-02,-2.3793736451e-15,0.0000e+00
860.045,1.2799628697e-03,6.293158e-04,1.5060942097e+00,1.5060942097e+00,-1.8335585097e-02,1.4368485954e-15,0.0000e+00
861.071,1.2799626045e-03,6.323788e-04,1.5060942096e+00,1.5060942096e+00,-1.8373310696e-02,-6.6716622833e-15,0.0000e+00
862.097,1.2799623347e-03,6.354499e-04,1.5060942095e+00,1.5060942095e+00,-1.8409256070e-02,-2.2615954079e-15,0.0000e+00
863.124,1.2799620600e-03,6.385296e-04,1.5060942094e+00,1.5060942094e+00,-1.8443581481e-02,5.1050625926e-16,0.0000e+00
864.150,1.2799617798e-03,6.416187e-04,1.5060942093e+00,1.5060942093e+00,-1.8476451519e-02,3.9510185657e-15,0.0000e+00
865.176,1.2799614939e-03,6.447177e-04,1.5060942092e+00,1.5060942092e+00,-1.8508034579e-02,1.4653035909e-14,0.0000e+00
866.203,1.2799612017e-03,6.478274e-04,1.5060942091e+00,1.5060942091e+00,-1.8538502312e-02,-2.9399061683e-15,0.0000e+00
867.229,1.2799609031e-03,6.509481e-04,1.5060942090e+00,1.5060942090e+00,-1.8568028433e-02,-3.4640772611e-15,0.0000e+00
868.255,1.2799605977e-03,6.540806e-04,1.5060942089e+00,1.5060942089e+00,-1.8596788593e-02,4.2235260055e-15,0.0000e+00
869.281,1.2799602854e-03,6.572256e-04,1.5060942088e+00,1.5060942088e+00,-1.8624961643e-02,-1.7431231527e-15,0.0000e+00
870.308,1.2799599661e-03,6.603839e-04,1.5060942086e+00,1.5060942086e+00,-1.8652728501e-02,1.0154254191e-14,0.0000e+00
871.334,1.2799596398e-03,6.635564e-04,1.5060942085e+00,1.5060942085e+00,-1.8680270604e-02,3.4013348406e-15,0.0000e+00
872.360,1.2799593067e-03,6.667438e-04,1.5060942084e+00,1.5060942084e+00,-1.8707768930e-02,3.4353912470e-16,0.0000e+00
873.387,1.2799589670e-03,6.699468e-04,1.5060942083e+00,1.5060942083e+00,-1.8735403632e-02,4.7836926105e-15,0.0000e+00
874.413,1.2799586214e-03,6.731662e-04,1.5060942082e+00,1.5060942082e+00,-1.8763353960e-02,1.7493698717e-15,0.0000e+00
875.439,1.2799582701e-03,6.764025e-04,1.5060942080e+00,1.5060942080e+00,-1.8791797969e-02,-2.6928582450e-16,0.0000e+00
876.466,1.2799579137e-03,6.796566e-04,1.5060942079e+00,1.5060942079e+00,-1.8820912125e-02,5.5969933176e-15,0.0000e+00
877.492,1.2799575528e-03,6.829289e-04,1.5060942078e+00,1.5060942078e+00,-1.8850871232e-02,2.6924766839e-15,0.0000e+00
878.518,1.2799571882e-03,6.862203e-04,1.5060942077e+00,1.5060942077e+00,-1.8881847742e-02,3.6868188251e-15,0.0000e+00
879.545,1.2799568210e-03,6.895312e-04,1.5060942075e+00,1.5060942075e+00,-1.8914010791e-02,-5.2697685455e-15,0.0000e+00
880.571,1.2799564525e-03,6.928623e-04,1.5060942074e+00,1.5060942074e+00,-1.8947525732e-02,-1.5947647322e-16,0.0000e+00
881.597,1.2799560840e-03,6.962141e-04,1.5060942073e+00,1.5060942073e+00,-1.8982553735e-02,-2.1775494107e-15,0.0000e+00
882.623,1.2799557168e-03,6.995870e-04,1.5060942071e+00,1.5060942071e+00,-1.9019251214e-02,-3.5313858872e-15,0.0000e+00
883.650,1.2799553522e-03,7.029817e-04,1.5060942070e+00,1.5060942070e+00,-1.9057767869e-02,2.6245107602e-15,0.0000e+00
884.676,1.2799549915e-03,7.063986e-04,1.5060942069e+00,1.5060942069e+00,-1.9098247927e-02,9.0466061461e-15,0.0000e+00
885.702,1.2799546361e-03,7.098383e-04,1.5060942067e+00,1.5060942067e+00,-1.9140830103e-02,3.6862225139e-15,0.0000e+00
886.729,1.2799542872e-03,7.133013e-04,1.5060942066e+00,1.5060942066e+00,-1.9185646637e-02,5.3356531602e-15,0.0000e+00
887.755,1.2799539462e-03,7.167881e-04,1.5060942065e+00,1.5060942065e+00,-1.9232823534e-02,3.1555394318e-15,0.0000e+00
888.781,1.2799536140e-03,7.202991e-04,1.5060942063e+00,1.5060942063e+00,-1.9282480043e-02,7.4477603074e-15,0.0000e+00
889.808,1.2799532914e-03,7.238347e-04,1.5060942062e+00,1.5060942062e+00,-1.9334728013e-02,3.7016385135e-15,0.0000e+00
890.834,1.2799529792e-03,7.273954e-04,1.5060942060e+00,1.5060942060e+00,-1.9389671307e-02,-1.1611979654e-15,0.0000e+00
891.860,1.2799526789e-03,7.309815e-04,1.5060942059e+00,1.5060942059e+00,-1.9447406024e-02,3.3995448127e-16,0.0000e+00
892.887,1.2799523926e-03,7.345933e-04,1.5060942057e+00,1.5060942057e+00,-1.9508021696e-02,2.0589841308e-15,0.0000e+00
893.913,1.2799521228e-03,7.382312e-04,1.5060942056e+00,1.5060942056e+00,-1.9571598223e-02,-9.6092877409e-15,0.0000e+00
894.939,1.2799518714e-03,7.418954e-04,1.5060942054e+00,1.5060942054e+00,-1.9638204810e-02,4.5096266301e-15,0.0000e+00
895.965,1.2799516391e-03,7.455862e-04,1.5060942053e+00,1.5060942053e+00,-1.9707899969e-02,8.2224227596e-15,0.0000e+00
896.992,1.2799514248e-03,7.493038e-04,1.5060942051e+00,1.5060942051e+00,-1.9780731659e-02,8.1324610844e-15,0.0000e+00
898.018,1.2799512264e-03,7.530484e-04,1.5060942050e+00,1.5060942050e+00,-1.9856737310e-02,3.6942445157e-16,0.0000e+00
899.044,1.2799510406e-03,7.568201e-04,1.5060942048e+00,1.5060942048e+00,-1.9935943663e-02,9.9444475177e-15,0.0000e+00
900.071,1.2799508643e-03,7.606193e-04,1.5060942046e+00,1.5060942046e+00,-2.0018366940e-02,-4.0271847644e-15,0.0000e+00
901.097,1.2799506951e-03,7.644460e-04,1.5060942045e+00,1.5060942045e+00,-2.0104012975e-02,-3.5365494001e-15,0.0000e+00
902.123,1.2799505315e-03,7.683005e-04,1.5060942043e+00,1.5060942043e+00,-2.0192877148e-02,7.1464334186e-15,0.0000e+00
903.150,1.2799503730e-03,7.721829e-04,1.5060942041e+00,1.5060942041e+00,-2.0284944267e-02,5.6160606291e-16,0.0000e+00
904.176,1.2799502198e-03,7.760934e-04,1.5060942040e+00,1.5060942040e+00,-2.0380188513e-02,1.1987849034e-15,0.0000e+00
905.202,1.2799500720e-03,7.800321e-04,1.5060942038e+00,1.5060942038e+00,-2.0478573480e-02,-1.8733697150e-15,0.0000e+00
906.229,1.2799499296e-03,7.839992e-04,1.5060942036e+00,1.5060942036e+00,-2.0580052307e-02,1.0673553150e-14,0.0000e+00
907.255,1.2799497919e-03,7.879947e-04,1.5060942034e+00,1.5060942034e+00,-2.0684567864e-02,-7.5071334095e-17,0.0000e+00
908.281,1.2799496581e-03,7.920188e-04,1.5060942032e+00,1.5060942032e+00,-2.0792052984e-02,8.6076454735e-16,0.0000e+00
909.307,1.2799495279e-03,7.960715e-04,1.5060942031e+00,1.5060942031e+00,-2.0902430742e-02,1.4846972572e-14,0.0000e+00
910.334,1.2799494014e-03,8.001530e-04,1.5060942029e+00,1.5060942029e+00,-2.1015614765e-02,2.4436793904e-15,0.0000e+00
911.360,1.2799492790e-03,8.042632e-04,1.5060942027e+00,1.5060942027e+00,-2.1131509609e-02,4.4554232977e-15,0.0000e+00
912.386,1.2799491609e-03,8.084023e-04,1.5060942025e+00,1.5060942025e+00,-2.1250011174e-02,2.0348809613e-15,0.0000e+00
913.413,1.2799490465e-03,8.125701e-04,1.5060942023e+00,1.5060942023e+00,-2.1371007169e-02,7.2993059249e-15,0.0000e+00
914.439,1.2799489336e-03,8.167667e-04,1.5060942021e+00,1.5060942021e+00,-2.1494377620e-02,-8.2709277426e-18,0.0000e+00
915.465,1.2799488182e-03,8.209920e-04,1.5060942019e+00,1.5060942019e+00,-2.1619995421e-02,-1.3771845907e-15,0.0000e+00
916.492,1.2799486953e-03,8.252460e-04,1.5060942017e+00,1.5060942017e+00,-2.1747726866e-02,3.3488052453e-15,0.0000e+00
917.518,1.2799485589e-03,8.295283e-04,1.5060942015e+00,1.5060942015e+00,-2.1877431394e-02,2.1079087538e-15,0.0000e+00
918.544,1.2799484030e-03,8.338391e-04,1.5060942013e+00,1.5060942013e+00,-2.2008962705e-02,-2.2084898302e-15,0.0000e+00
919.571,1.2799482224e-03,8.381784e-04,1.5060942011e+00,1.5060942011e+00,-2.2142170052e-02,-9.4279221405e-16,0.0000e+00
920.597,1.2799480135e-03,8.425458e-04,1.5060942009e+00,1.5060942009e+00,-2.2276898949e-02,7.5842263853e-16,0.0000e+00
921.623,1.2799477751e-03,8.469415e-04,1.5060942006e+00,1.5060942006e+00,-2.2412991161e-02,-4.4825632294e-15,0.0000e+00
922.649,1.2799475084e-03,8.513651e-04,1.5060942004e+00,1.5060942004e+00,-2.2550285890e-02,4.2115320190e-15,0.0000e+00
923.676,1.2799472164e-03,8.558166e-04,1.5060942002e+00,1.5060942002e+00,-2.2688621012e-02,-5.9795414977e-15,0.0000e+00
924.702,1.2799469037e-03,8.602957e-04,1.5060942000e+00,1.5060942000e+00,-2.2827833524e-02,2.4876505647e-15,0.0000e+00
925.728,1.2799465746e-03,8.648022e-04,1.5060941997e+00,1.5060941997e+00,-2.2967760019e-02,-9.6678018712e-16,0.0000e+00
926.755,1.2799462328e-03,8.693359e-04,1.5060941995e+00,1.5060941995e+00,-2.3108237233e-02,1.0613149536e-14,0.0000e+00
927.781,1.2799458806e-03,8.738965e-04,1.5060941992e+00,1.5060941992e+00,-2.3249102636e-02,4.3027269742e-15,0.0000e+00
928.807,1.2799455187e-03,8.784836e-04,1.5060941990e+00,1.5060941990e+00,-2.3390195042e-02,-1.7120675367e-15,0.0000e+00
929.834,1.2799451466e-03,8.830969e-04,1.5060941988e+00,1.5060941988e+00,-2.3531355240e-02,6.4109784274e-15,0.0000e+00
930.860,1.2799447627e-03,8.877360e-04,1.5060941985e+00,1.5060941985e+00,-2.3672426619e-02,1.3683598052e-16,0.0000e+00
931.886,1.2799443652e-03,8.924007e-04,1.5060941982e+00,1.5060941982e+00,-2.3813255797e-02,-9.0422364522e-15,0.0000e+00
932.912,1.2799439521e-03,8.970904e-04,1.5060941980e+00,1.5060941980e+00,-2.3953693228e-02,-8.6387694270e-17,0.0000e+00
933.939,1.2799435217e-03,9.018047e-04,1.5060941977e+00,1.5060941977e+00,-2.4093594317e-02,5.7241770087e-15,0.0000e+00
934.965,1.2799430731e-03,9.065423e-04,1.5060941975e+00,1.5060941975e+00,-2.4232825036e-02,-2.6800229075e-15,0.0000e+00
935.991,1.2799426061e-03,9.113015e-04,1.5060941972e+00,1.5060941972e+00,-2.4371258605e-02,1.1632230722e-15,0.0000e+00
937.018,1.2799421212e-03,9.160817e-04,1.5060941969e+00,1.5060941969e+00,-2.4508770749e-02,1.1027381435e-15,0.0000e+00
938.044,1.2799416198e-03,9.208827e-04,1.5060941966e+00,1.5060941966e+00,-2.4645239355e-02,-7.0544680597e-16,0.0000e+00
939.070,1.2799411033e-03,9.257049e-04,1.5060941963e+00,1.5060941963e+00,-2.4780542932e-02,-8.4226066189e-17,0.0000e+00
940.097,1.2799405736e-03,9.305490e-04,1.5060941960e+00,1.5060941960e+00,-2.4914568531e-02,6.6779835412e-15,0.0000e+00
941.123,1.2799400322e-03,9.354161e-04,1.5060941957e+00,1.5060941957e+00,-2.5047213513e-02,-1.9689285839e-15,0.0000e+00
942.149,1.2799394808e-03,9.403066e-04,1.5060941954e+00,1.5060941954e+00,-2.5178385085e-02,5.1416284052e-15,0.0000e+00
943.176,1.2799389213e-03,9.452211e-04,1.5060941951e+00,1.5060941951e+00,-2.5307999764e-02,7.8603331153e-15,0.0000e+00
944.202,1.2799383560e-03,9.501597e-04,1.5060941948e+00,1.5060941948e+00,-2.5435982855e-02,-2.5608013261e-15,0.0000e+00
945.228,1.2799377877e-03,9.551222e-04,1.5060941945e+00,1.5060941945e+00,-2.5562267899e-02,6.7910861566e-15,0.0000e+00
946.254,1.2799372194e-03,9.601084e-04,1.5060941942e+00,1.5060941942e+00,-2.5686796202e-02,-1.2220024728e-16,0.0000e+00
947.281,1.2799366542e-03,9.651178e-04,1.5060941939e+00,1.5060941939e+00,-2.5809516536e-02,-3.0276587816e-15,0.0000e+00
948.307,1.2799360944e-03,9.701496e-04,1.5060941935e+00,1.5060941935e+00,-2.5930385053e-02,1.5051330035e-15,0.0000e+00
949.333,1.2799355412e-03,9.752034e-04,1.5060941932e+00,1.5060941932e+00,-2.6049365348e-02,5.1327989337e-15,0.0000e+00
950.360,1.2799349943e-03,9.802786e-04,1.5060941928e+00,1.5060941928e+00,-2.6166428653e-02,5.1991046729e-15,0.0000e+00
951.386,1.2799344522e-03,9.853745e-04,1.5060941925e+00,1.5060941925e+00,-2.6281554043e-02,1.6723711886e-15,0.0000e+00
952.412,1.2799339121e-03,9.904911e-04,1.5060941921e+00,1.5060941921e+00,-2.6394728536e-02,1.1489522611e-15,0.0000e+00
953.439,1.2799333705e-03,9.956279e-04,1.5060941918e+00,1.5060941918e+00,-2.6505947054e-02,9.2499482635e-15,0.0000e+00
954.465,1.2799328240e-03,1.000785e-03,1.5060941914e+00,1.5060941914e+00,-2.6615212263e-02,5.7930566337e-16,0.0000e+00
955.491,1.2799322700e-03,1.005962e-03,1.5060941910e+00,1.5060941910e+00,-2.6722534287e-02,6.1117318515e-15,0.0000e+00
956.518,1.2799317071e-03,1.011159e-03,1.5060941907e+00,1.5060941907e+00,-2.6827930369e-02,6.1071782024e-15,0.0000e+00
957.544,1.2799311366e-03,1.016375e-03,1.5060941903e+00,1.5060941903e+00,-2.6931424490e-02,1.4208904947e-15,0.0000e+00
958.570,1.2799305618e-03,1.021611e-03,1.5060941899e+00,1.5060941899e+00,-2.7033047008e-02,3.2462193910e-15,0.0000e+00
959.596,1.2799299873e-03,1.026867e-03,1.5060941895e+00,1.5060941895e+00,-2.7132834324e-02,5.5134002359e-16,0.0000e+00
960.623,1.2799294171e-03,1.032143e-03,1.5060941891e+00,1.5060941891e+00,-2.7230828648e-02,4.2131650985e-15,0.0000e+00
961.649,1.2799288526e-03,1.037438e-03,1.5060941887e+00,1.5060941887e+00,-2.7327077673e-02,9.1221276037e-15,0.0000e+00
962.675,1.2799282926e-03,1.042753e-03,1.5060941883e+00,1.5060941883e+00,-2.7421634547e-02,-3.1786271579e-15,0.0000e+00
963.702,1.2799277343e-03,1.048087e-03,1.5060941878e+00,1.5060941878e+00,-2.7514557706e-02,2.4831782308e-15,0.0000e+00
964.728,1.2799271764e-03,1.053442e-03,1.5060941874e+00,1.5060941874e+00,-2.7605910594e-02,9.3466726499e-15,0.0000e+00
965.754,1.2799266216e-03,1.058816e-03,1.5060941870e+00,1.5060941870e+00,-2.7695761411e-02,7.5923996535e-15,0.0000e+00
966.781,1.2799260791e-03,1.064212e-03,1.5060941865e+00,1.5060941865e+00,-2.7784182851e-02,6.7608572447e-15,0.0000e+00
967.807,1.2799255630e-03,1.069629e-03,1.5060941861e+00,1.5060941861e+00,-2.7871251800e-02,2.9671514338e-16,0.0000e+00
968.833,1.2799250900e-03,1.075067e-03,1.5060941856e+00,1.5060941856e+00,-2.7957049028e-02,6.1760589217e-15,0.0000e+00
969.860,1.2799246753e-03,1.080528e-03,1.5060941851e+00,1.5060941851e+00,-2.8041658882e-02,-9.9315340496e-16,0.0000e+00
970.886,1.2799243278e-03,1.086012e-03,1.5060941847e+00,1.5060941847e+00,-2.8125168988e-02,-2.8216874739e-15,0.0000e+00
971.912,1.2799240477e-03,1.091519e-03,1.5060941842e+00,1.5060941842e+00,-2.8207669979e-02,2.5847069880e-15,0.0000e+00
972.938,1.2799238245e-03,1.097050e-03,1.5060941837e+00,1.5060941837e+00,-2.8289255253e-02,1.0811002880e-14,0.0000e+00
973.965,1.2799236386e-03,1.102606e-03,1.5060941832e+00,1.5060941832e+00,-2.8370020761e-02,7.0751674545e-15,0.0000e+00
974.991,1.2799234637e-03,1.108188e-03,1.5060941827e+00,1.5060941827e+00,-2.8450064826e-02,-6.2052616301e-19,0.0000e+00
976.017,1.2799232706e-03,1.113795e-03,1.5060941822e+00,1.5060941822e+00,-2.8529487977e-02,1.1012379881e-14,0.0000e+00
977.044,1.2799230321e-03,1.119429e-03,1.5060941816e+00,1.5060941816e+00,-2.8608392791e-02,2.9445864761e-16,0.0000e+00
978.070,1.2799227257e-03,1.125090e-03,1.5060941811e+00,1.5060941811e+00,-2.8686883723e-02,8.5726607189e-15,0.0000e+00
979.096,1.2799223373e-03,1.130778e-03,1.5060941806e+00,1.5060941806e+00,-2.8765066926e-02,9.2822303832e-15,0.0000e+00
980.123,1.2799218617e-03,1.136495e-03,1.5060941800e+00,1.5060941800e+00,-2.8843050031e-02,7.7539186721e-15,0.0000e+00
981.149,1.2799213030e-03,1.142240e-03,1.5060941794e+00,1.5060941794e+00,-2.8920941908e-02,1.5386790058e-14,0.0000e+00
982.175,1.2799206724e-03,1.148015e-03,1.5060941789e+00,1.5060941789e+00,-2.8998852373e-02,1.9120476314e-15,0.0000e+00
983.202,1.2799199864e-03,1.153819e-03,1.5060941783e+00,1.5060941783e+00,-2.9076891054e-02,9.5465792017e-15,0.0000e+00
984.228,1.2799192634e-03,1.159654e-03,1.5060941777e+00,1.5060941777e+00,-2.9155165330e-02,-5.7443373890e-15,0.0000e+00
985.254,1.2799185220e-03,1.165520e-03,1.5060941771e+00,1.5060941771e+00,-2.9233783290e-02,1.0531942794e-14,0.0000e+00
986.280,1.2799177781e-03,1.171417e-03,1.5060941765e+00,1.5060941765e+00,-2.9312853930e-02,-3.8832365972e-15,0.0000e+00
987.307,1.2799170436e-03,1.177346e-03,1.5060941759e+00,1.5060941759e+00,-2.9392486185e-02,6.0069437116e-15,0.0000e+00
988.333,1.2799163263e-03,1.183306e-03,1.5060941752e+00,1.5060941752e+00,-2.9472786272e-02,-3.6592200996e-15,0.0000e+00
989.359,1.2799156294e-03,1.189299e-03,1.5060941746e+00,1.5060941746e+00,-2.9553859935e-02,5.7865728438e-15,0.0000e+00
990.386,1.2799149530e-03,1.195323e-03,1.5060941739e+00,1.5060941739e+00,-2.9635814838e-02,-6.2575919211e-15,0.0000e+00
991.412,1.2799142949e-03,1.201381e-03,1.5060941733e+00,1.5060941733e+00,-2.9718758448e-02,1.2318733985e-15,0.0000e+00
992.438,1.2799136518e-03,1.207472e-03,1.5060941726e+00,1.5060941726e+00,-2.9802794960e-02,1.6737224850e-14,0.0000e+00
993.465,1.2799130205e-03,1.213598e-03,1.5060941719e+00,1.5060941719e+00,-2.9888023859e-02,9.3800039961e-16,0.0000e+00
994.491,1.2799123984e-03,1.219759e-03,1.5060941712e+00,1.5060941712e+00,-2.9974539624e-02,-6.0244071389e-15,0.0000e+00
995.517,1.2799117842e-03,1.225954e-03,1.5060941705e+00,1.5060941705e+00,-3.0062431934e-02,6.0174062625e-15,0.0000e+00
996.543,1.2799111769e-03,1.232184e-03,1.5060941698e+00,1.5060941698e+00,-3.0151785409e-02,9.5125759110e-15,0.0000e+00
997.570,1.2799105763e-03,1.238449e-03,1.5060941690e+00,1.5060941690e+00,-3.0242676094e-02,7.5019365347e-15,0.0000e+00
998.596,1.2799099819e-03,1.244750e-03,1.5060941683e+00,1.5060941683e+00,-3.0335176476e-02,3.1222679776e-15,0.0000e+00
999.622,1.2799093926e-03,1.251087e-03,1.5060941675e+00,1.5060941675e+00,-3.0429358328e-02,3.0957660108e-15,0.0000e+00
1000.649,1.2799088066e-03,1.257460e-03,1.5060941668e+00,1.5060941668e+00,-3.0525288786e-02,1.0595775197e-14,0.0000e+00
1001.675,1.2799082215e-03,1.263869e-03,1.5060941660e+00,1.5060941660e+00,-3.0623027016e-02,7.4585887766e-15,0.0000e+00
1002.701,1.2799076345e-03,1.270316e-03,1.5060941652e+00,1.5060941652e+00,-3.0722623616e-02,3.0774700991e-15,0.0000e+00
1003.728,1.2799070429e-03,1.276800e-03,1.5060941644e+00,1.5060941644e+00,-3.0824121057e-02,1.0061222868e-14,0.0000e+00
1004.754,1.2799064444e-03,1.283321e-03,1.5060941635e+00,1.5060941635e+00,-3.0927554405e-02,9.5569875425e-15,0.0000e+00
1005.780,1.2799058373e-03,1.289879e-03,1.5060941627e+00,1.5060941627e+00,-3.1032951999e-02,1.4325532314e-14,0.0000e+00
1006.807,1.2799052204e-03,1.296476e-03,1.5060941618e+00,1.5060941618e+00,-3.1140335936e-02,2.4987026506e-15,0.0000e+00
1007.833,1.2799045933e-03,1.303110e-03,1.5060941610e+00,1.5060941610e+00,-3.1249722345e-02,9.2102529115e-15,0.0000e+00
1008.859,1.2799039547e-03,1.309782e-03,1.5060941601e+00,1.5060941601e+00,-3.1361121495e-02,2.9223817546e-15,0.0000e+00
1009.885,1.2799033026e-03,1.316494e-03,1.5060941592e+00,1.5060941592e+00,-3.1474537799e-02,9.5171905465e-15,0.0000e+00
1010.912,1.2799026351e-03,1.323244e-03,1.5060941583e+00,1.5060941583e+00,-3.1589969732e-02,1.0290626495e-14,0.0000e+00
1011.938,1.2799019524e-03,1.330033e-03,1.5060941574e+00,1.5060941574e+00,-3.1707409703e-02,4.6415130481e-15,0.0000e+00
1012.964,1.2799012587e-03,1.336862e-03,1.5060941564e+00,1.5060941564e+00,-3.1826843443e-02,9.2136681483e-15,0.0000e+00
1013.991,1.2799005618e-03,1.343728e-03,1.5060941555e+00,1.5060941555e+00,-3.1948248741e-02,1.1317128783e-14,0.0000e+00
1015.017,1.2798998713e-03,1.350634e-03,1.5060941545e+00,1.5060941545e+00,-3.2071598773e-02,1.0569449413e-14,0.0000e+00
1016.043,1.2798991949e-03,1.357578e-03,1.5060941535e+00,1.5060941535e+00,-3.2196862603e-02,4.6713353841e-15,0.0000e+00
1017.070,1.2798985341e-03,1.364561e-03,1.5060941525e+00,1.5060941525e+00,-3.2324003367e-02,1.7321806333e-14,0.0000e+00
1018.096,1.2798978822e-03,1.371583e-03,1.5060941515e+00,1.5060941515e+00,-3.2452976939e-02,2.0739685919e-14,0.0000e+00
1019.122,1.2798972254e-03,1.378645e-03,1.5060941505e+00,1.5060941505e+00,-3.2583731635e-02,-1.7310071934e-15,0.0000e+00
1020.149,1.2798965466e-03,1.385745e-03,1.5060941494e+00,1.5060941494e+00,-3.2716208946e-02,1.6337662468e-14,0.0000e+00
1021.175,1.2798958313e-03,1.392883e-03,1.5060941483e+00,1.5060941483e+00,-3.2850344863e-02,9.9309695294e-15,0.0000e+00
1022.201,1.2798950720e-03,1.400059e-03,1.5060941473e+00,1.5060941473e+00,-3.2986070723e-02,2.7982406058e-15,0.0000e+00
1023.227,1.2798942706e-03,1.407274e-03,1.5060941462e+00,1.5060941462e+00,-3.3123313754e-02,7.8526013986e-15,0.0000e+00
1024.254,1.2798934367e-03,1.414526e-03,1.5060941450e+00,1.5060941450e+00,-3.3261997478e-02,3.7602057596e-15,0.0000e+00
1025.280,1.2798925832e-03,1.421816e-03,1.5060941439e+00,1.5060941439e+00,-3.3402042072e-02,1.5446047389e-15,0.0000e+00
1026.306,1.2798917224e-03,1.429145e-03,1.5060941427e+00,1.5060941427e+00,-3.3543364732e-02,4.0840027385e-15,0.0000e+00
1027.333,1.2798908624e-03,1.436511e-03,1.5060941416e+00,1.5060941416e+00,-3.3685880011e-02,6.6930132938e-15,0.0000e+00
1028.359,1.2798900064e-03,1.443915e-03,1.5060941404e+00,1.5060941404e+00,-3.3829500318e-02,1.3565235540e-14,0.0000e+00
1029.385,1.2798891537e-03,1.451356e-03,1.5060941391e+00,1.5060941391e+00,-3.3974136411e-02,1.9853600270e-15,0.0000e+00
1030.412,1.2798883013e-03,1.458835e-03,1.5060941379e+00,1.5060941379e+00,-3.4119697809e-02,1.2386721331e-14,0.0000e+00
1031.438,1.2798874458e-03,1.466351e-03,1.5060941366e+00,1.5060941366e+00,-3.4266093235e-02,5.7194878343e-15,0.0000e+00
1032.464,1.2798865851e-03,1.473904e-03,1.5060941354e+00,1.5060941354e+00,-3.4413230999e-02,1.1879694185e-14,0.0000e+00
1033.491,1.2798857182e-03,1.481494e-03,1.5060941341e+00,1.5060941341e+00,-3.4561019022e-02,7.9797783134e-15,0.0000e+00
1034.517,1.2798848454e-03,1.489120e-03,1.5060941328e+00,1.5060941328e+00,-3.4709365660e-02,1.7864089284e-15,0.0000e+00
1035.543,1.2798839672e-03,1.496784e-03,1.5060941314e+00,1.5060941314e+00,-3.4858180012e-02,6.7191357899e-15,0.0000e+00
1036.569,1.2798830852e-03,1.504484e-03,1.5060941301e+00,1.5060941301e+00,-3.5007372014e-02,9.7138444918e-15,0.0000e+00
1037.596,1.2798822026e-03,1.512220e-03,1.5060941287e+00,1.5060941287e+00,-3.5156852569e-02,2.7168170227e-15,0.0000e+00
1038.622,1.2798813243e-03,1.519993e-03,1.5060941273e+00,1.5060941273e+00,-3.5306533831e-02,4.5392998883e-15,0.0000e+00
1039.648,1.2798804566e-03,1.527801e-03,1.5060941259e+00,1.5060941259e+00,-3.5456329745e-02,-4.0936531339e-15,0.0000e+00
1040.675,1.2798796056e-03,1.535645e-03,1.5060941244e+00,1.5060941244e+00,-3.5606155974e-02,-5.9978712907e-15,0.0000e+00
1041.701,1.2798787747e-03,1.543524e-03,1.5060941229e+00,1.5060941229e+00,-3.5755930115e-02,-3.8042660215e-15,0.0000e+00
1042.727,1.2798779638e-03,1.551439e-03,1.5060941214e+00,1.5060941214e+00,-3.5905571932e-02,7.1980549945e-15,0.0000e+00
1043.754,1.2798771683e-03,1.559388e-03,1.5060941199e+00,1.5060941199e+00,-3.6055003555e-02,1.1781614546e-14,0.0000e+00
1044.780,1.2798763806e-03,1.567372e-03,1.5060941184e+00,1.5060941184e+00,-3.6204149728e-02,1.0337416595e-14,0.0000e+00
1045.806,1.2798755917e-03,1.575390e-03,1.5060941168e+00,1.5060941168e+00,-3.6352937926e-02,1.1118794325e-14,0.0000e+00
1046.832,1.2798747929e-03,1.583442e-03,1.5060941152e+00,1.5060941152e+00,-3.6501298464e-02,8.4628039338e-15,0.0000e+00
1047.859,1.2798739781e-03,1.591527e-03,1.5060941136e+00,1.5060941136e+00,-3.6649164854e-02,-3.4227013957e-15,0.0000e+00
1048.885,1.2798731440e-03,1.599646e-03,1.5060941120e+00,1.5060941120e+00,-3.6796473865e-02,7.4236842429e-15,0.0000e+00
1049.911,1.2798722909e-03,1.607799e-03,1.5060941103e+00,1.5060941103e+00,-3.6943165652e-02,1.4743790407e-14,0.0000e+00
1050.938,1.2798714218e-03,1.615984e-03,1.5060941086e+00,1.5060941086e+00,-3.7089183912e-02,6.1568211094e-15,0.0000e+00
1051.964,1.2798705415e-03,1.624203e-03,1.5060941069e+00,1.5060941069e+00,-3.7234476003e-02,1.2954518009e-14,0.0000e+00
1052.990,1.2798696553e-03,1.632454e-03,1.5060941052e+00,1.5060941052e+00,-3.7378993040e-02,6.3539968270e-15,0.0000e+00
1054.017,1.2798687678e-03,1.640738e-03,1.5060941034e+00,1.5060941034e+00,-3.7522689965e-02,9.7873805042e-15,0.0000e+00
1055.043,1.2798678819e-03,1.649055e-03,1.5060941016e+00,1.5060941016e+00,-3.7665525566e-02,4.1771628101e-15,0.0000e+00
1056.069,1.2798669988e-03,1.657405e-03,1.5060940998e+00,1.5060940998e+00,-3.7807462421e-02,1.6319564584e-16,0.0000e+00
1057.096,1.2798661177e-03,1.665787e-03,1.5060940980e+00,1.5060940980e+00,-3.7948466979e-02,-3.0282754216e-15,0.0000e+00
1058.122,1.2798652365e-03,1.674201e-03,1.5060940961e+00,1.5060940961e+00,-3.8088509686e-02,-1.1618714166e-14,0.0000e+00
1059.148,1.2798643529e-03,1.682648e-03,1.5060940942e+00,1.5060940942e+00,-3.8227564836e-02,-5.3416319151e-16,0.0000e+00
1060.174,1.2798634645e-03,1.691127e-03,1.5060940922e+00,1.5060940922e+00,-3.8365610494e-02,-2.0413416600e-14,0.0000e+00
1061.201,1.2798625696e-03,1.699638e-03,1.5060940903e+00,1.5060940903e+00,-3.8502628518e-02,-8.8812527583e-15,0.0000e+00
1062.227,1.2798616671e-03,1.708181e-03,1.5060940883e+00,1.5060940883e+00,-3.8638604733e-02,-1.6787932626e-14,0.0000e+00
1063.253,1.2798607562e-03,1.716756e-03,1.5060940863e+00,1.5060940862e+00,-3.8773528953e-02,-1.1985804693e-14,0.0000e+00
1064.280,1.2798598359e-03,1.725362e-03,1.5060940842e+00,1.5060940842e+00,-3.8907395054e-02,-2.5894993706e-14,0.0000e+00
1065.306,1.2798589053e-03,1.734001e-03,1.5060940821e+00,1.5060940821e+00,-3.9040201041e-02,-2.7805405368e-14,0.0000e+00
1066.332,1.2798579630e-03,1.742672e-03,1.5060940800e+00,1.5060940800e+00,-3.9171949033e-02,-2.8733502756e-14,0.0000e+00
1067.359,1.2798570075e-03,1.751374e-03,1.5060940778e+00,1.5060940778e+00,-3.9302644966e-02,-2.7509397846e-14,0.0000e+00
1068.385,1.2798560377e-03,1.760109e-03,1.5060940757e+00,1.5060940757e+00,-3.9432298696e-02,-2.0345172849e-14,0.0000e+00
1069.411,1.2798550531e-03,1.768877e-03,1.5060940734e+00,1.5060940734e+00,-3.9560924286e-02,-2.9042385179e-14,0.0000e+00
1070.438,1.2798540540e-03,1.777677e-03,1.5060940712e+00,1.5060940712e+00,-3.9688540058e-02,-2.6983356504e-14,0.0000e+00
1071.464,1.2798530416e-03,1.786511e-03,1.5060940689e+00,1.5060940689e+00,-3.9815168534e-02,-2.7520680325e-14,0.0000e+00
1072.490,1.2798520174e-03,1.795378e-03,1.5060940666e+00,1.5060940666e+00,-3.9940836313e-02,-3.3897340863e-14,0.0000e+00
1073.516,1.2798509832e-03,1.804279e-03,1.5060940643e+00,1.5060940643e+00,-4.0065573937e-02,-2.9570364532e-14,0.0000e+00
1074.543,1.2798499406e-03,1.813213e-03,1.5060940619e+00,1.5060940619e+00,-4.0189415750e-02,-3.0294611583e-14,0.0000e+00
1075.569,1.2798488907e-03,1.822180e-03,1.5060940595e+00,1.5060940595e+00,-4.0312399753e-02,-3.8820404773e-14,0.0000e+00
1076.595,1.2798478342e-03,1.831181e-03,1.5060940570e+00,1.5060940570e+00,-4.0434567470e-02,-3.0893856900e-14,0.0000e+00
1077.622,1.2798467707e-03,1.840215e-03,1.5060940545e+00,1.5060940545e+00,-4.0555963805e-02,-3.2963483651e-14,0.0000e+00
1078.648,1.2798456999e-03,1.849283e-03,1.5060940520e+00,1.5060940520e+00,-4.0676636891e-02,-2.8405911070e-14,0.0000e+00
1079.674,1.2798446210e-03,1.858385e-03,1.5060940494e+00,1.5060940494e+00,-4.0796637896e-02,-3.3354006497e-14,0.0000e+00
1080.701,1.2798435334e-03,1.867520e-03,1.5060940468e+00,1.5060940468e+00,-4.0916020818e-02,-3.0897190822e-14,0.0000e+00
1081.727,1.2798424369e-03,1.876689e-03,1.5060940442e+00,1.5060940442e+00,-4.1034842245e-02,-2.6598288550e-14,0.0000e+00
1082.753,1.2798413318e-03,1.885891e-03,1.5060940415e+00,1.5060940415e+00,-4.1153160552e-02,-3.3113313615e-14,0.0000e+00
1083.780,1.2798402191e-03,1.895127e-03,1.5060940388e+00,1.5060940388e+00,-4.1271035901e-02,-2.3587736944e-14,0.0000e+00
1084.806,1.2798391001e-03,1.904396e-03,1.5060940360e+00,1.5060940360e+00,-4.1388530799e-02,-2.0889896350e-14,0.0000e+00
1085.832,1.2798379765e-03,1.913699e-03,1.5060940333e+00,1.5060940333e+00,-4.1505709815e-02,-1.7497163478e-14,0.0000e+00
1086.858,1.2798368499e-03,1.923035e-03,1.5060940304e+00,1.5060940304e+00,-4.1622638977e-02,-3.1168871557e-14,0.0000e+00
1087.885,1.2798357212e-03,1.932405e-03,1.5060940275e+00,1.5060940275e+00,-4.1739385105e-02,-1.6353506368e-14,0.0000e+00
1088.911,1.2798345907e-03,1.941809e-03,1.5060940246e+00,1.5060940246e+00,-4.1856015563e-02,-1.6504739019e-14,0.0000e+00
1089.937,1.2798334578e-03,1.951246e-03,1.5060940217e+00,1.5060940217e+00,-4.1972598134e-02,-1.9147644445e-14,0.0000e+00
1090.964,1.2798323210e-03,1.960717e-03,1.5060940187e+00,1.5060940187e+00,-4.2089200869e-02,-1.2426241497e-14,0.0000e+00
1091.990,1.2798311786e-03,1.970222e-03,1.5060940156e+00,1.5060940156e+00,-4.2205891839e-02,-1.0268069310e-14,0.0000e+00
1093.016,1.2798300287e-03,1.979760e-03,1.5060940126e+00,1.5060940126e+00,-4.2322738882e-02,-1.7582219138e-14,0.0000e+00
1094.043,1.2798288698e-03,1.989332e-03,1.5060940094e+00,1.5060940094e+00,-4.2439809381e-02,-8.2680347858e-15,0.0000e+00
1095.069,1.2798277012e-03,1.998938e-03,1.5060940063e+00,1.5060940063e+00,-4.2557170066e-02,-3.9332047649e-15,0.0000e+00
1096.095,1.2798265231e-03,2.008577e-03,1.5060940030e+00,1.5060940030e+00,-4.2674886808e-02,-7.2159046689e-15,0.0000e+00
1097.122,1.2798253367e-03,2.018249e-03,1.5060939998e+00,1.5060939998e+00,-4.2793024397e-02,-6.3471266918e-15,0.0000e+00
1098.148,1.2798241439e-03,2.027954e-03,1.5060939965e+00,1.5060939965e+00,-4.2911646306e-02,-5.7654318975e-15,0.0000e+00
1099.174,1.2798229468e-03,2.037693e-03,1.5060939931e+00,1.5060939931e+00,-4.3030814451e-02,-7.6811358211e-15,0.0000e+00
1100.200,1.2798217472e-03,2.047465e-03,1.5060939897e+00,1.5060939897e+00,-4.3150588950e-02,-8.9706791088e-15,0.0000e+00
1101.227,1.2798205459e-03,2.057270e-03,1.5060939863e+00,1.5060939863e+00,-4.3271027814e-02,-1.4673833258e-14,0.0000e+00
1102.253,1.2798193426e-03,2.067107e-03,1.5060939828e+00,1.5060939828e+00,-4.3392186731e-02,-2.7345040667e-15,0.0000e+00
1103.279,1.2798181366e-03,2.076978e-03,1.5060939792e+00,1.5060939792e+00,-4.3514118890e-02,6.1629400754e-15,0.0000e+00
1104.306,1.2798169272e-03,2.086881e-03,1.5060939757e+00,1.5060939757e+00,-4.3636874777e-02,5.4332381320e-15,0.0000e+00
1105.332,1.2798157148e-03,2.096818e-03,1.5060939720e+00,1.5060939720e+00,-4.3760502068e-02,-1.3429712359e-15,0.0000e+00
1106.358,1.2798144997e-03,2.106786e-03,1.5060939683e+00,1.5060939683e+00,-4.3885045503e-02,-4.8487942650e-16,0.0000e+00
1107.385,1.2798132825e-03,2.116787e-03,1.5060939646e+00,1.5060939646e+00,-4.4010546766e-02,-2.8805607462e-16,0.0000e+00
1108.411,1.2798120629e-03,2.126821e-03,1.5060939608e+00,1.5060939608e+00,-4.4137044304e-02,-9.3117758885e-15,0.0000e+00
1109.437,1.2798108396e-03,2.136888e-03,1.5060939570e+00,1.5060939570e+00,-4.4264572930e-02,1.4440315443e-14,0.0000e+00
1110.463,1.2798096110e-03,2.146986e-03,1.5060939531e+00,1.5060939531e+00,-4.4393163792e-02,1.2367483519e-14,0.0000e+00
1111.490,1.2798083750e-03,2.157118e-03,1.5060939491e+00,1.5060939491e+00,-4.4522844448e-02,6.3168967839e-15,0.0000e+00
1112.516,1.2798071303e-03,2.167281e-03,1.5060939451e+00,1.5060939451e+00,-4.4653638819e-02,1.0429275624e-14,0.0000e+00
1113.542,1.2798058762e-03,2.177477e-03,1.5060939411e+00,1.5060939411e+00,-4.4785566862e-02,1.1620983218e-14,0.0000e+00
1114.569,1.2798046130e-03,2.187704e-03,1.5060939370e+00,1.5060939370e+00,-4.4918643797e-02,1.3667150545e-14,0.0000e+00
1115.595,1.2798033419e-03,2.197964e-03,1.5060939328e+00,1.5060939328e+00,-4.5052880324e-02,1.4720385193e-14,0.0000e+00
1116.621,1.2798020648e-03,2.208255e-03,1.5060939286e+00,1.5060939286e+00,-4.5188283864e-02,1.4635593806e-14,0.0000e+00
1117.648,1.2798007835e-03,2.218579e-03,1.5060939243e+00,1.5060939243e+00,-4.5324858782e-02,1.5634523478e-14,0.0000e+00
1118.674,1.2797994997e-03,2.228934e-03,1.5060939200e+00,1.5060939200e+00,-4.5462606228e-02,1.9230273207e-14,0.0000e+00
1119.700,1.2797982146e-03,2.239322e-03,1.5060939156e+00,1.5060939156e+00,-4.5601524004e-02,3.3583273603e-14,0.0000e+00
1120.727,1.2797969285e-03,2.249741e-03,1.5060939112e+00,1.5060939112e+00,-4.5741606511e-02,2.2192381305e-14,0.0000e+00
1121.753,1.2797956413e-03,2.260193e-03,1.5060939067e+00,1.5060939067e+00,-4.5882844789e-02,2.4023483577e-14,0.0000e+00
1122.779,1.2797943525e-03,2.270676e-03,1.5060939021e+00,1.5060939021e+00,-4.6025226617e-02,2.5644006683e-14,0.0000e+00
1123.805,1.2797930611e-03,2.281190e-03,1.5060938975e+00,1.5060938975e+00,-4.6168736637e-02,3.3810901849e-14,0.0000e+00
1124.832,1.2797917661e-03,2.291736e-03,1.5060938929e+00,1.5060938929e+00,-4.6313356413e-02,2.6065524159e-14,0.0000e+00
1125.858,1.2797904665e-03,2.302312e-03,1.5060938881e+00,1.5060938881e+00,-4.6459064573e-02,2.7599561813e-14,0.0000e+00
1126.884,1.2797891612e-03,2.312919e-03,1.5060938833e+00,1.5060938833e+00,-4.6605836951e-02,4.5795184773e-14,0.0000e+00
1127.911,1.2797878499e-03,2.323556e-03,1.5060938785e+00,1.5060938785e+00,-4.6753646660e-02,3.8622719840e-14,0.0000e+00
1128.937,1.2797865329e-03,2.334224e-03,1.5060938736e+00,1.5060938736e+00,-4.6902464241e-02,3.5734201964e-14,0.0000e+00
1129.963,1.2797852108e-03,2.344921e-03,1.5060938686e+00,1.5060938686e+00,-4.7052257902e-02,2.7132575609e-14,0.0000e+00
1130.990,1.2797838848e-03,2.355648e-03,1.5060938635e+00,1.5060938635e+00,-4.7202993432e-02,3.5438770425e-14,0.0000e+00
1132.016,1.2797825560e-03,2.366405e-03,1.5060938584e+00,1.5060938584e+00,-4.7354634636e-02,3.4785328552e-14,0.0000e+00
1133.042,1.2797812257e-03,2.377190e-03,1.5060938533e+00,1.5060938533e+00,-4.7507143275e-02,2.8630055320e-14,0.0000e+00
1134.069,1.2797798951e-03,2.388004e-03,1.5060938480e+00,1.5060938480e+00,-4.7660479042e-02,3.8150902159e-14,0.0000e+00
1135.095,1.2797785652e-03,2.398847e-03,1.5060938427e+00,1.5060938427e+00,-4.7814599797e-02,4.1810247122e-14,0.0000e+00
1136.121,1.2797772364e-03,2.409719e-03,1.5060938374e+00,1.5060938373e+00,-4.7969461423e-02,3.7374538865e-14,0.0000e+00
1137.147,1.2797759078e-03,2.420618e-03,1.5060938319e+00,1.5060938319e+00,-4.8125018518e-02,2.8228202561e-14,0.0000e+00
1138.174,1.2797745767e-03,2.431546e-03,1.5060938264e+00,1.5060938264e+00,-4.8281224557e-02,4.2252574503e-14,0.0000e+00
1139.200,1.2797732393e-03,2.442500e-03,1.5060938208e+00,1.5060938208e+00,-4.8438031987e-02,3.1201152681e-14,0.0000e+00
1140.226,1.2797718914e-03,2.453483e-03,1.5060938152e+00,1.5060938152e+00,-4.8595392468e-02,3.5924350697e-14,0.0000e+00
1141.253,1.2797705289e-03,2.464492e-03,1.5060938095e+00,1.5060938095e+00,-4.8753256880e-02,3.5758894669e-14,0.0000e+00
1142.279,1.2797691493e-03,2.475528e-03,1.5060938037e+00,1.5060938037e+00,-4.8911575344e-02,3.3740150881e-14,0.0000e+00
1143.305,1.2797677517e-03,2.486590e-03,1.5060937979e+00,1.5060937979e+00,-4.9070297455e-02,3.2491400700e-14,0.0000e+00
1144.332,1.2797663368e-03,2.497679e-03,1.5060937920e+00,1.5060937920e+00,-4.9229372409e-02,3.8453130291e-14,0.0000e+00
1145.358,1.2797649067e-03,2.508793e-03,1.5060937860e+00,1.5060937860e+00,-4.9388749551e-02,3.5051744131e-14,0.0000e+00
1146.384,1.2797634640e-03,2.519933e-03,1.5060937799e+00,1.5060937799e+00,-4.9548378350e-02,4.0021970835e-14,0.0000e+00
1147.411,1.2797620116e-03,2.531098e-03,1.5060937738e+00,1.5060937738e+00,-4.9708208444e-02,3.0607274165e-14,0.0000e+00
1148.437,1.2797605516e-03,2.542288e-03,1.5060937676e+00,1.5060937676e+00,-4.9868189805e-02,3.0399574910e-14,0.0000e+00
1149.463,1.2797590855e-03,2.553502e-03,1.5060937613e+00,1.5060937613e+00,-5.0028272645e-02,3.5302621737e-14,0.0000e+00
1150.489,1.2797576134e-03,2.564741e-03,1.5060937549e+00,1.5060937549e+00,-5.0188408085e-02,2.1380300325e-14,0.0000e+00
1151.516,1.2797561350e-03,2.576003e-03,1.5060937485e+00,1.5060937485e+00,-5.0348548120e-02,1.8298299796e-14,0.0000e+00
1152.542,1.2797546492e-03,2.587288e-03,1.5060937420e+00,1.5060937420e+00,-5.0508645896e-02,2.2909282886e-14,0.0000e+00
1153.568,1.2797531552e-03,2.598596e-03,1.5060937354e+00,1.5060937354e+00,-5.0668655820e-02,2.8921251695e-14,0.0000e+00
1154.595,1.2797516523e-03,2.609926e-03,1.5060937288e+00,1.5060937288e+00,-5.0828533266e-02,2.2701210937e-14,0.0000e+00
1155.621,1.2797501406e-03,2.621279e-03,1.5060937220e+00,1.5060937220e+00,-5.0988234380e-02,2.6331533162e-14,0.0000e+00
1156.647,1.2797486209e-03,2.632654e-03,1.5060937152e+00,1.5060937152e+00,-5.1147718506e-02,2.7267707857e-14,0.0000e+00
1157.674,1.2797470944e-03,2.644051e-03,1.5060937083e+00,1.5060937083e+00,-5.1306946428e-02,1.8552165734e-14,0.0000e+00
1158.700,1.2797455621e-03,2.655468e-03,1.5060937013e+00,1.5060937013e+00,-5.1465880385e-02,2.6353020694e-14,0.0000e+00
1159.726,1.2797440247e-03,2.666907e-03,1.5060936943e+00,1.5060936943e+00,-5.1624484133e-02,2.7821565760e-14,0.0000e+00
1160.753,1.2797424824e-03,2.678366e-03,1.5060936871e+00,1.5060936871e+00,-5.1782723260e-02,1.4406488335e-14,0.0000e+00
1161.779,1.2797409347e-03,2.689846e-03,1.5060936799e+00,1.5060936799e+00,-5.1940565518e-02,6.3328074508e-15,0.0000e+00
1162.805,1.2797393811e-03,2.701346e-03,1.5060936726e+00,1.5060936726e+00,-5.2097981019e-02,1.3109619906e-14,0.0000e+00
1163.831,1.2797378208e-03,2.712866e-03,1.5060936652e+00,1.5060936652e+00,-5.2254942318e-02,4.4423586615e-15,0.0000e+00
1164.858,1.2797362531e-03,2.724405e-03,1.5060936578e+00,1.5060936578e+00,-5.2411424322e-02,1.3957188178e-14,0.0000e+00
1165.884,1.2797346778e-03,2.735963e-03,1.5060936502e+00,1.5060936502e+00,-5.2567404230e-02,1.4870655614e-14,0.0000e+00
1166.910,1.2797330948e-03,2.747540e-03,1.5060936426e+00,1.5060936426e+00,-5.2722861366e-02,1.5527871866e-14,0.0000e+00
1167.937,1.2797315043e-03,2.759136e-03,1.5060936349e+00,1.5060936349e+00,-5.2877778009e-02,1.8136557160e-14,0.0000e+00
1168.963,1.2797299067e-03,2.770750e-03,1.5060936271e+00,1.5060936271e+00,-5.3032138938e-02,1.1381150921e-14,0.0000e+00
1169.989,1.2797283023e-03,2.782382e-03,1.5060936192e+00,1.5060936192e+00,-5.3185931405e-02,1.0622419465e-14,0.0000e+00
1171.016,1.2797266917e-03,2.794031e-03,1.5060936112e+00,1.5060936112e+00,-5.3339145193e-02,5.2021133339e-15,0.0000e+00
1172.042,1.2797250756e-03,2.805699e-03,1.5060936031e+00,1.5060936031e+00,-5.3491772658e-02,2.0517877389e-15,0.0000e+00
1173.068,1.2797234545e-03,2.817383e-03,1.5060935950e+00,1.5060935950e+00,-5.3643808798e-02,3.2525280924e-15,0.0000e+00
1174.094,1.2797218285e-03,2.829084e-03,1.5060935867e+00,1.5060935867e+00,-5.3795251295e-02,2.8274937357e-15,0.0000e+00
1175.121,1.2797201976e-03,2.840802e-03,1.5060935784e+00,1.5060935784e+00,-5.3946100496e-02,6.1006255555e-15,0.0000e+00
1176.147,1.2797185627e-03,2.852536e-03,1.5060935700e+00,1.5060935700e+00,-5.4096359382e-02,4.8690870841e-15,0.0000e+00
1177.173,1.2797169256e-03,2.864287e-03,1.5060935615e+00,1.5060935615e+00,-5.4246033516e-02,-4.1628862188e-15,0.0000e+00
1178.200,1.2797152886e-03,2.876053e-03,1.5060935529e+00,1.5060935529e+00,-5.4395130995e-02,2.0125791835e-16,0.0000e+00
1179.226,1.2797136538e-03,2.887835e-03,1.5060935442e+00,1.5060935442e+00,-5.4543662269e-02,-3.2201193141e-16,0.0000e+00
1180.252,1.2797120215e-03,2.899632e-03,1.5060935354e+00,1.5060935354e+00,-5.4691640118e-02,8.5990678181e-15,0.0000e+00
1181.279,1.2797103904e-03,2.911445e-03,1.5060935265e+00,1.5060935265e+00,-5.4839079816e-02,1.5749759522e-15,0.0000e+00
1182.305,1.2797087572e-03,2.923272e-03,1.5060935175e+00,1.5060935175e+00,-5.4985998819e-02,2.7271237196e-15,0.0000e+00
1183.331,1.2797071184e-03,2.935113e-03,1.5060935084e+00,1.5060935084e+00,-5.5132416679e-02,1.7771186710e-15,0.0000e+00
1184.358,1.2797054709e-03,2.946969e-03,1.5060934993e+00,1.5060934993e+00,-5.5278355002e-02,5.7488968183e-15,0.0000e+00
1185.384,1.2797038127e-03,2.958839e-03,1.5060934900e+00,1.5060934900e+00,-5.5423837289e-02,-2.7588240767e-15,0.0000e+00
1186.410,1.2797021436e-03,2.970723e-03,1.5060934806e+00,1.5060934806e+00,-5.5568888777e-02,6.6600196664e-15,0.0000e+00
1187.436,1.2797004644e-03,2.982621e-03,1.5060934712e+00,1.5060934712e+00,-5.5713536333e-02,-1.0332417803e-15,0.0000e+00
1188.463,1.2796987769e-03,2.994533e-03,1.5060934616e+00,1.5060934616e+00,-5.5857808327e-02,1.8753744929e-15,0.0000e+00
1189.489,1.2796970836e-03,3.006458e-03,1.5060934520e+00,1.5060934520e+00,-5.6001734516e-02,-5.9357126249e-15,0.0000e+00
1190.515,1.2796953866e-03,3.018397e-03,1.5060934422e+00,1.5060934422e+00,-5.6145345916e-02,-8.4267291969e-16,0.0000e+00
1191.542,1.2796936876e-03,3.030349e-03,1.5060934324e+00,1.5060934324e+00,-5.6288674743e-02,2.3902959859e-15,0.0000e+00
1192.568,1.2796919876e-03,3.042314e-03,1.5060934224e+00,1.5060934224e+00,-5.6431754224e-02,6.4756578633e-15,0.0000e+00
1193.594,1.2796902870e-03,3.054293e-03,1.5060934124e+00,1.5060934124e+00,-5.6574618504e-02,-3.6319117574e-15,0.0000e+00
1194.621,1.2796885857e-03,3.066284e-03,1.5060934022e+00,1.5060934022e+00,-5.6717302477e-02,-3.6583933955e-15,0.0000e+00
1195.647,1.2796868834e-03,3.078289e-03,1.5060933920e+00,1.5060933920e+00,-5.6859841578e-02,1.4936743418e-15,0.0000e+00
1196.673,1.2796851798e-03,3.090306e-03,1.5060933816e+00,1.5060933816e+00,-5.7002271947e-02,-8.2485134648e-16,0.0000e+00
1197.700,1.2796834745e-03,3.102336e-03,1.5060933711e+00,1.5060933711e+00,-5.7144630185e-02,-3.3864348330e-15,0.0000e+00
1198.726,1.2796817671e-03,3.114378e-03,1.5060933606e+00,1.5060933606e+00,-5.7286953150e-02,9.8862586480e-16,0.0000e+00
1199.752,1.2796800570e-03,3.126433e-03,1.5060933499e+00,1.5060933499e+00,-5.7429277853e-02,9.9780171274e-15,0.0000e+00
1200.778,1.2796783438e-03,3.138499e-03,1.5060933391e+00,1.5060933391e+00,-5.7571641358e-02,6.9763492028e-15,0.0000e+00
1201.805,1.2796766275e-03,3.150578e-03,1.5060933283e+00,1.5060933283e+00,-5.7714080582e-02,-5.2440594015e-15,0.0000e+00
1202.831,1.2796749086e-03,3.162669e-03,1.5060933173e+00,1.5060933173e+00,-5.7856632161e-02,2.5586105027e-16,0.0000e+00
1203.857,1.2796731878e-03,3.174773e-03,1.5060933062e+00,1.5060933062e+00,-5.7999332336e-02,-5.8559492263e-15,0.0000e+00
1204.884,1.2796714665e-03,3.186887e-03,1.5060932950e+00,1.5060932950e+00,-5.8142216929e-02,4.4225516431e-15,0.0000e+00
1205.910,1.2796697460e-03,3.199014e-03,1.5060932837e+00,1.5060932837e+00,-5.8285320888e-02,1.1101772350e-14,0.0000e+00
1206.936,1.2796680272e-03,3.211153e-03,1.5060932723e+00,1.5060932723e+00,-5.8428678491e-02,5.7039092044e-15,0.0000e+00
1207.963,1.2796663104e-03,3.223303e-03,1.5060932608e+00,1.5060932608e+00,-5.8572323408e-02,3.2712373561e-15,0.0000e+00
1208.989,1.2796645949e-03,3.235465e-03,1.5060932491e+00,1.5060932491e+00,-5.8716288138e-02,9.7412477017e-15,0.0000e+00
1210.015,1.2796628792e-03,3.247638e-03,1.5060932374e+00,1.5060932374e+00,-5.8860603741e-02,7.8458928976e-15,0.0000e+00
1211.042,1.2796611612e-03,3.259823e-03,1.5060932255e+00,1.5060932255e+00,-5.9005299735e-02,1.7001200974e-14,0.0000e+00
1212.068,1.2796594386e-03,3.272020e-03,1.5060932136e+00,1.5060932136e+00,-5.9150404089e-02,1.4245999308e-14,0.0000e+00
1213.094,1.2796577095e-03,3.284228e-03,1.5060932015e+00,1.5060932015e+00,-5.9295942994e-02,1.4864252045e-14,0.0000e+00
1214.120,1.2796559726e-03,3.296447e-03,1.5060931893e+00,1.5060931893e+00,-5.9441941611e-02,6.6973094449e-15,0.0000e+00
1215.147,1.2796542275e-03,3.308677e-03,1.5060931770e+00,1.5060931770e+00,-5.9588423595e-02,1.3119174438e-14,0.0000e+00
1216.173,1.2796524743e-03,3.320919e-03,1.5060931646e+00,1.5060931646e+00,-5.9735411015e-02,2.0541663168e-14,0.0000e+00
1217.199,1.2796507137e-03,3.333172e-03,1.5060931521e+00,1.5060931521e+00,-5.9882924235e-02,2.7646446781e-14,0.0000e+00
1218.226,1.2796489465e-03,3.345436e-03,1.5060931395e+00,1.5060931395e+00,-6.0030981081e-02,1.7871964396e-14,0.0000e+00
1219.252,1.2796471738e-03,3.357710e-03,1.5060931267e+00,1.5060931267e+00,-6.0179598161e-02,2.4299169085e-14,0.0000e+00
1220.278,1.2796453963e-03,3.369995e-03,1.5060931139e+00,1.5060931139e+00,-6.0328791784e-02,2.2606621073e-14,0.0000e+00
1221.305,1.2796436144e-03,3.382291e-03,1.5060931009e+00,1.5060931009e+00,-6.0478577353e-02,2.6805254973e-14,0.0000e+00
1222.331,1.2796418285e-03,3.394599e-03,1.5060930878e+00,1.5060930878e+00,-6.0628967674e-02,3.0998481414e-14,0.0000e+00
1223.357,1.2796400385e-03,3.406918e-03,1.5060930746e+00,1.5060930746e+00,-6.0779972989e-02,2.0638550185e-14,0.0000e+00
1224.383,1.2796382442e-03,3.419250e-03,1.5060930612e+00,1.5060930612e+00,-6.0931601337e-02,2.0034927402e-14,0.0000e+00
1225.410,1.2796364453e-03,3.431593e-03,1.5060930478e+00,1.5060930478e+00,-6.1083858237e-02,1.7431913840e-14,0.0000e+00
1226.436,1.2796346413e-03,3.443948e-03,1.5060930342e+00,1.5060930342e+00,-6.1236746602e-02,2.7727870364e-14,0.0000e+00
1227.462,1.2796328320e-03,3.456315e-03,1.5060930205e+00,1.5060930205e+00,-6.1390267113e-02,3.0031061368e-14,0.0000e+00
1228.489,1.2796310168e-03,3.468694e-03,1.5060930067e+00,1.5060930067e+00,-6.1544418483e-02,3.1541470190e-14,0.0000e+00
1229.515,1.2796291956e-03,3.481085e-03,1.5060929928e+00,1.5060929928e+00,-6.1699197277e-02,2.8636404679e-14,0.0000e+00
1230.541,1.2796273683e-03,3.493487e-03,1.5060929787e+00,1.5060929787e+00,-6.1854598283e-02,2.7149197783e-14,0.0000e+00
1231.568,1.2796255351e-03,3.505901e-03,1.5060929646e+00,1.5060929646e+00,-6.2010614510e-02,2.6116474885e-14,0.0000e+00
1232.594,1.2796236964e-03,3.518326e-03,1.5060929503e+00,1.5060929503e+00,-6.2167237100e-02,3.6719755292e-14,0.0000e+00
1233.620,1.2796218524e-03,3.530763e-03,1.5060929359e+00,1.5060929359e+00,-6.2324455394e-02,3.7625802718e-14,0.0000e+00
1234.647,1.2796200036e-03,3.543209e-03,1.5060929214e+00,1.5060929214e+00,-6.2482256924e-02,2.6982915051e-14,0.0000e+00
1235.673,1.2796181508e-03,3.555667e-03,1.5060929067e+00,1.5060929067e+00,-6.2640627463e-02,4.2236372457e-14,0.0000e+00
1236.699,1.2796162949e-03,3.568134e-03,1.5060928919e+00,1.5060928919e+00,-6.2799551152e-02,2.8871662998e-14,0.0000e+00
1237.725,1.2796144371e-03,3.580611e-03,1.5060928770e+00,1.5060928770e+00,-6.2959010580e-02,2.4193208651e-14,0.0000e+00
1238.752,1.2796125782e-03,3.593097e-03,1.5060928620e+00,1.5060928620e+00,-6.3118986862e-02,3.9756592024e-14,0.0000e+00
1239.778,1.2796107189e-03,3.605593e-03,1.5060928469e+00,1.5060928469e+00,-6.3279459706e-02,3.7984395811e-14,0.0000e+00
1240.804,1.2796088596e-03,3.618098e-03,1.5060928316e+00,1.5060928316e+00,-6.3440410540e-02,3.9537989761e-14,0.0000e+00
1241.831,1.2796070005e-03,3.630613e-03,1.5060928162e+00,1.5060928162e+00,-6.3601830168e-02,3.4642545902e-14,0.0000e+00
1242.857,1.2796051422e-03,3.643136e-03,1.5060928007e+00,1.5060928007e+00,-6.3763694737e-02,2.8613256963e-14,0.0000e+00
1243.883,1.2796032856e-03,3.655668e-03,1.5060927850e+00,1.5060927850e+00,-6.3925966813e-02,2.7847844111e-14,0.0000e+00
1244.910,1.2796014318e-03,3.668207e-03,1.5060927692e+00,1.5060927692e+00,-6.4088608329e-02,3.4957994524e-14,0.0000e+00
1245.936,1.2795995822e-03,3.680754e-03,1.5060927533e+00,1.5060927533e+00,-6.4251587080e-02,3.2852521339e-14,0.0000e+00
1246.962,1.2795977376e-03,3.693309e-03,1.5060927373e+00,1.5060927373e+00,-6.4414875488e-02,3.4013932258e-14,0.0000e+00
1247.989,1.2795958979e-03,3.705870e-03,1.5060927212e+00,1.5060927212e+00,-6.4578447701e-02,2.8274193062e-14,0.0000e+00
1249.015,1.2795940614e-03,3.718439e-03,1.5060927049e+00,1.5060927049e+00,-6.4742277683e-02,3.2361567490e-14,0.0000e+00
1250.041,1.2795922252e-03,3.731014e-03,1.5060926885e+00,1.5060926885e+00,-6.4906338489e-02,3.8202577945e-14,0.0000e+00
1251.067,1.2795903853e-03,3.743596e-03,1.5060926719e+00,1.5060926719e+00,-6.5070602135e-02,2.7024697492e-14,0.0000e+00
1252.094,1.2795885374e-03,3.756185e-03,1.5060926552e+00,1.5060926552e+00,-6.5235039700e-02,2.5118676849e-14,0.0000e+00
1253.120,1.2795866778e-03,3.768781e-03,1.5060926384e+00,1.5060926384e+00,-6.5399621297e-02,2.5058313894e-14,0.0000e+00
1254.146,1.2795848043e-03,3.781383e-03,1.5060926215e+00,1.5060926215e+00,-6.5564316010e-02,3.8102478980e-14,0.0000e+00
1255.173,1.2795829161e-03,3.793992e-03,1.5060926044e+00,1.5060926044e+00,-6.5729091873e-02,2.7408118814e-14,0.0000e+00
1256.199,1.2795810143e-03,3.806607e-03,1.5060925873e+00,1.5060925873e+00,-6.5893915941e-02,3.1336406902e-14,0.0000e+00
1257.225,1.2795791011e-03,3.819228e-03,1.5060925699e+00,1.5060925699e+00,-6.6058754484e-02,2.9115452633e-14,0.0000e+00
1258.252,1.2795771799e-03,3.831853e-03,1.5060925525e+00,1.5060925525e+00,-6.6223573391e-02,2.6041590396e-14,0.0000e+00
1259.278,1.2795752552e-03,3.844483e-03,1.5060925349e+00,1.5060925349e+00,-6.6388338591e-02,3.0781776505e-14,0.0000e+00
1260.304,1.2795733323e-03,3.857118e-03,1.5060925172e+00,1.5060925172e+00,-6.6553016347e-02,2.2875333806e-14,0.0000e+00
1261.331,1.2795714142e-03,3.869757e-03,1.5060924993e+00,1.5060924993e+00,-6.6717573472e-02,2.5678565628e-14,0.0000e+00
1262.357,1.2795695002e-03,3.882400e-03,1.5060924813e+00,1.5060924813e+00,-6.6881977452e-02,2.7502329207e-14,0.0000e+00
1263.383,1.2795675845e-03,3.895046e-03,1.5060924632e+00,1.5060924632e+00,-6.7046196512e-02,2.7509105471e-14,0.0000e+00
1264.409,1.2795656605e-03,3.907697e-03,1.5060924450e+00,1.5060924450e+00,-6.7210199641e-02,2.9699830828e-14,0.0000e+00
1265.436,1.2795637260e-03,3.920351e-03,1.5060924266e+00,1.5060924266e+00,-6.7373956622e-02,2.3778440334e-14,0.0000e+00
1266.462,1.2795617877e-03,3.933009e-03,1.5060924081e+00,1.5060924081e+00,-6.7537437947e-02,2.2333076865e-14,0.0000e+00
1267.488,1.2795598613e-03,3.945670e-03,1.5060923894e+00,1.5060923894e+00,-6.7700613594e-02,2.7962877961e-14,0.0000e+00
1268.515,1.2795579648e-03,3.958334e-03,1.5060923706e+00,1.5060923706e+00,-6.7863454122e-02,2.3124801949e-14,0.0000e+00
1269.541,1.2795561110e-03,3.971000e-03,1.5060923517e+00,1.5060923517e+00,-6.8025932855e-02,2.2610381900e-14,0.0000e+00
1270.567,1.2795543004e-03,3.983669e-03,1.5060923326e+00,1.5060923326e+00,-6.8188025959e-02,1.7207504319e-14,0.0000e+00
1271.594,1.2795525199e-03,3.996341e-03,1.5060923134e+00,1.5060923134e+00,-6.8349711633e-02,2.5906641107e-14,0.0000e+00
1272.620,1.2795507463e-03,4.009016e-03,1.5060922941e+00,1.5060922941e+00,-6.8510969510e-02,8.7700871583e-15,0.0000e+00
1273.646,1.2795489534e-03,4.021693e-03,1.5060922747e+00,1.5060922747e+00,-6.8671780478e-02,2.2400859830e-14,0.0000e+00
1274.673,1.2795471191e-03,4.034373e-03,1.5060922551e+00,1.5060922551e+00,-6.8832126774e-02,2.2677433028e-14,0.0000e+00
1275.699,1.2795452304e-03,4.047056e-03,1.5060922353e+00,1.5060922353e+00,-6.8991992210e-02,1.6428498281e-14,0.0000e+00
1276.725,1.2795432855e-03,4.059742e-03,1.5060922154e+00,1.5060922154e+00,-6.9151362455e-02,2.0590702988e-14,0.0000e+00
1277.751,1.2795412921e-03,4.072431e-03,1.5060921954e+00,1.5060921954e+00,-6.9310224975e-02,2.3277010382e-14,0.0000e+00
1278.778,1.2795392644e-03,4.085122e-03,1.5060921753e+00,1.5060921753e+00,-6.9468568760e-02,1.3547170022e-14,0.0000e+00
1279.804,1.2795372195e-03,4.097816e-03,1.5060921550e+00,1.5060921550e+00,-6.9626384583e-02,1.1076930568e-14,0.0000e+00
1280.830,1.2795351737e-03,4.110512e-03,1.5060921346e+00,1.5060921346e+00,-6.9783665895e-02,1.8292296026e-14,0.0000e+00
1281.857,1.2795331409e-03,4.123210e-03,1.5060921140e+00,1.5060921140e+00,-6.9940407375e-02,1.7584948976e-14,0.0000e+00
1282.883,1.2795311299e-03,4.135910e-03,1.5060920933e+00,1.5060920933e+00,-7.0096605007e-02,2.4613763898e-14,0.0000e+00
1283.909,1.2795291438e-03,4.148611e-03,1.5060920725e+00,1.5060920725e+00,-7.0252256239e-02,1.4466939382e-14,0.0000e+00
1284.936,1.2795271801e-03,4.161313e-03,1.5060920515e+00,1.5060920515e+00,-7.0407360240e-02,2.1153776610e-14,0.0000e+00
1285.962,1.2795252331e-03,4.174017e-03,1.5060920304e+00,1.5060920304e+00,-7.0561917838e-02,1.8444755180e-14,0.0000e+00
1286.988,1.2795232975e-03,4.186721e-03,1.5060920091e+00,1.5060920091e+00,-7.0715931463e-02,2.0447290145e-14,0.0000e+00
1288.014,1.2795213713e-03,4.199427e-03,1.5060919877e+00,1.5060919877e+00,-7.0869405121e-02,1.2218371839e-14,0.0000e+00
1289.041,1.2795194562e-03,4.212133e-03,1.5060919662e+00,1.5060919662e+00,-7.1022344360e-02,2.0657523723e-14,0.0000e+00
1290.067,1.2795175561e-03,4.224840e-03,1.5060919445e+00,1.5060919445e+00,-7.1174756175e-02,2.0624028652e-14,0.0000e+00
1291.093,1.2795156733e-03,4.237548e-03,1.5060919227e+00,1.5060919227e+00,-7.1326648851e-02,2.1655674124e-14,0.0000e+00
1292.120,1.2795138062e-03,4.250257e-03,1.5060919008e+00,1.5060919008e+00,-7.1478031842e-02,9.1617077592e-15,0.0000e+00
1293.146,1.2795119484e-03,4.262966e-03,1.5060918787e+00,1.5060918787e+00,-7.1628915715e-02,1.9893228954e-14,0.0000e+00
1294.172,1.2795100903e-03,4.275676e-03,1.5060918564e+00,1.5060918564e+00,-7.1779312078e-02,3.1890386778e-14,0.0000e+00
1295.199,1.2795082215e-03,4.288386e-03,1.5060918341e+00,1.5060918341e+00,-7.1929233504e-02,2.2930580683e-14,0.0000e+00
1296.225,1.2795063338e-03,4.301097e-03,1.5060918116e+00,1.5060918115e+00,-7.2078692986e-02,2.4018618220e-14,0.0000e+00
1297.251,1.2795044219e-03,4.313809e-03,1.5060917889e+00,1.5060917889e+00,-7.2227712046e-02,1.6433255218e-14,0.0000e+00
1298.278,1.2795024849e-03,4.326522e-03,1.5060917661e+00,1.5060917661e+00,-7.2376321133e-02,1.5902606018e-14,0.0000e+00
1299.304,1.2795005253e-03,4.339238e-03,1.5060917432e+00,1.5060917432e+00,-7.2524546433e-02,1.7628066341e-14,0.0000e+00
1300.330,1.2794985485e-03,4.351954e-03,1.5060917201e+00,1.5060917201e+00,-7.2672406469e-02,1.9814759822e-14,0.0000e+00
1301.356,1.2794965624e-03,4.364671e-03,1.5060916969e+00,1.5060916969e+00,-7.2819916882e-02,1.8841593504e-14,0.0000e+00
1302.383,1.2794945760e-03,4.377389e-03,1.5060916735e+00,1.5060916735e+00,-7.2967095297e-02,1.9528821827e-14,0.0000e+00
1303.409,1.2794925985e-03,4.390107e-03,1.5060916500e+00,1.5060916500e+00,-7.3113966178e-02,1.5023961801e-14,0.0000e+00
1304.435,1.2794906378e-03,4.402826e-03,1.5060916264e+00,1.5060916264e+00,-7.3260558383e-02,1.1947998922e-14,0.0000e+00
1305.462,1.2794886994e-03,4.415547e-03,1.5060916026e+00,1.5060916026e+00,-7.3406889623e-02,2.0128385629e-14,0.0000e+00
1306.488,1.2794867849e-03,4.428269e-03,1.5060915786e+00,1.5060915786e+00,-7.3552968972e-02,1.7600981616e-14,0.0000e+00
1307.514,1.2794848918e-03,4.440992e-03,1.5060915546e+00,1.5060915546e+00,-7.3698807805e-02,2.3849618207e-14,0.0000e+00
1308.541,1.2794830143e-03,4.453716e-03,1.5060915304e+00,1.5060915304e+00,-7.3844423886e-02,2.2355939979e-14,0.0000e+00
1309.567,1.2794811443e-03,4.466443e-03,1.5060915060e+00,1.5060915060e+00,-7.3989838588e-02,2.3407460232e-14,0.0000e+00
1310.593,1.2794792734e-03,4.479170e-03,1.5060914815e+00,1.5060914815e+00,-7.4135075078e-02,1.5451313640e-14,0.0000e+00
1311.620,1.2794773946e-03,4.491899e-03,1.5060914569e+00,1.5060914569e+00,-7.4280156127e-02,1.9601747976e-14,0.0000e+00
1312.646,1.2794755040e-03,4.504628e-03,1.5060914321e+00,1.5060914321e+00,-7.4425103337e-02,1.5862409222e-14,0.0000e+00
1313.672,1.2794736012e-03,4.517357e-03,1.5060914072e+00,1.5060914072e+00,-7.4569937344e-02,2.4826755415e-14,0.0000e+00
1314.698,1.2794716890e-03,4.530086e-03,1.5060913821e+00,1.5060913821e+00,-7.4714677725e-02,2.5104107883e-14,0.0000e+00
1315.725,1.2794697732e-03,4.542813e-03,1.5060913569e+00,1.5060913569e+00,-7.4859343118e-02,1.9827519526e-14,0.0000e+00
1316.751,1.2794678601e-03,4.555540e-03,1.5060913315e+00,1.5060913315e+00,-7.5003951225e-02,2.8754691136e-14,0.0000e+00
1317.777,1.2794659541e-03,4.568266e-03,1.5060913060e+00,1.5060913060e+00,-7.5148518884e-02,2.4258674134e-14,0.0000e+00
1318.804,1.2794640558e-03,4.580990e-03,1.5060912804e+00,1.5060912804e+00,-7.5293062106e-02,2.7522231093e-14,0.0000e+00
1319.830,1.2794621613e-03,4.593712e-03,1.5060912546e+00,1.5060912546e+00,-7.5437596077e-02,3.0428340149e-14,0.0000e+00
1320.856,1.2794602651e-03,4.606433e-03,1.5060912287e+00,1.5060912287e+00,-7.5582135140e-02,2.7862060712e-14,0.0000e+00
1321.883,1.2794583640e-03,4.619153e-03,1.5060912026e+00,1.5060912026e+00,-7.5726692775e-02,2.7878344073e-14,0.0000e+00
1322.909,1.2794564606e-03,4.631873e-03,1.5060911764e+00,1.5060911764e+00,-7.5871281553e-02,2.4853365802e-14,0.0000e+00
1323.935,1.2794545633e-03,4.644591e-03,1.5060911501e+00,1.5060911501e+00,-7.6015913164e-02,3.3122318273e-14,0.0000e+00
1324.962,1.2794526836e-03,4.657310e-03,1.5060911236e+00,1.5060911236e+00,-7.6160598499e-02,3.2227499115e-14,0.0000e+00
1325.988,1.2794508312e-03,4.670028e-03,1.5060910969e+00,1.5060910969e+00,-7.6305347347e-02,2.6367264400e-14,0.0000e+00
1327.014,1.2794490112e-03,4.682747e-03,1.5060910701e+00,1.5060910701e+00,-7.6450169288e-02,2.8515699096e-14,0.0000e+00
1328.040,1.2794472222e-03,4.695466e-03,1.5060910432e+00,1.5060910432e+00,-7.6595074638e-02,2.6099751067e-14,0.0000e+00
1329.067,1.2794454570e-03,4.708188e-03,1.5060910161e+00,1.5060910161e+00,-7.6740072774e-02,2.7579402429e-14,0.0000e+00
1330.093,1.2794437038e-03,4.720911e-03,1.5060909889e+00,1.5060909889e+00,-7.6885170943e-02,2.0616276606e-14,0.0000e+00
1331.119,1.2794419476e-03,4.733638e-03,1.5060909616e+00,1.5060909616e+00,-7.7030374123e-02,4.3710467283e-14,0.0000e+00
1332.146,1.2794401714e-03,4.746366e-03,1.5060909341e+00,1.5060909341e+00,-7.7175685389e-02,3.4264667563e-14,0.0000e+00
1333.172,1.2794383581e-03,4.759098e-03,1.5060909064e+00,1.5060909064e+00,-7.7321106300e-02,1.9142080136e-14,0.0000e+00
1334.198,1.2794364926e-03,4.771833e-03,1.5060908786e+00,1.5060908786e+00,-7.7466637704e-02,2.9098525527e-14,0.0000e+00
1335.225,1.2794345643e-03,4.784575e-03,1.5060908507e+00,1.5060908507e+00,-7.7612281270e-02,2.7297814796e-14,0.0000e+00
1336.251,1.2794325692e-03,4.797326e-03,1.5060908226e+00,1.5060908226e+00,-7.7758029247e-02,3.1339639180e-14,0.0000e+00
1337.277,1.2794305111e-03,4.810086e-03,1.5060907944e+00,1.5060907944e+00,-7.7903872110e-02,2.9448831249e-14,0.0000e+00
1338.304,1.2794284008e-03,4.822857e-03,1.5060907660e+00,1.5060907660e+00,-7.8049803040e-02,2.9575127249e-14,0.0000e+00
1339.330,1.2794262548e-03,4.835636e-03,1.5060907375e+00,1.5060907375e+00,-7.8195817469e-02,3.0552474521e-14,0.0000e+00
1340.356,1.2794240925e-03,4.848422e-03,1.5060907089e+00,1.5060907089e+00,-7.8341911895e-02,3.2199553804e-14,0.0000e+00
1341.382,1.2794219332e-03,4.861214e-03,1.5060906801e+00,1.5060906801e+00,-7.8488082869e-02,2.8334745754e-14,0.0000e+00
1342.409,1.2794197933e-03,4.874009e-03,1.5060906511e+00,1.5060906511e+00,-7.8634326277e-02,3.2273503169e-14,0.0000e+00
1343.435,1.2794176848e-03,4.886807e-03,1.5060906221e+00,1.5060906221e+00,-7.8780636784e-02,3.8057830179e-14,0.0000e+00
1344.461,1.2794156144e-03,4.899605e-03,1.5060905928e+00,1.5060905928e+00,-7.8927007398e-02,4.4588237362e-14,0.0000e+00
1345.488,1.2794135842e-03,4.912404e-03,1.5060905635e+00,1.5060905635e+00,-7.9073429216e-02,2.6181933591e-14,0.0000e+00
1346.514,1.2794115921e-03,4.925201e-03,1.5060905339e+00,1.5060905339e+00,-7.9219891389e-02,3.5858898767e-14,0.0000e+00
1347.540,1.2794096337e-03,4.937998e-03,1.5060905043e+00,1.5060905043e+00,-7.9366381315e-02,2.6155926292e-14,0.0000e+00
1348.567,1.2794077034e-03,4.950793e-03,1.5060904745e+00,1.5060904745e+00,-7.9512885003e-02,2.6239640252e-14,0.0000e+00
1349.593,1.2794057954e-03,4.963588e-03,1.5060904445e+00,1.5060904445e+00,-7.9659387516e-02,2.1789837367e-14,0.0000e+00
1350.619,1.2794039047e-03,4.976380e-03,1.5060904145e+00,1.5060904145e+00,-7.9805873572e-02,2.9845981281e-14,0.0000e+00
1351.645,1.2794020274e-03,4.989171e-03,1.5060903842e+00,1.5060903842e+00,-7.9952326226e-02,3.4354785093e-14,0.0000e+00
1352.672,1.2794001614e-03,5.001960e-03,1.5060903538e+00,1.5060903538e+00,-8.0098729498e-02,2.4586557199e-14,0.0000e+00
1353.698,1.2793983057e-03,5.014747e-03,1.5060903233e+00,1.5060903233e+00,-8.0245070037e-02,2.7980089671e-14,0.0000e+00
1354.724,1.2793964611e-03,5.027532e-03,1.5060902927e+00,1.5060902927e+00,-8.0391333843e-02,3.5708716437e-14,0.0000e+00
1355.751,1.2793946288e-03,5.040315e-03,1.5060902619e+00,1.5060902619e+00,-8.0537505867e-02,3.0951013687e-14,0.0000e+00
1356.777,1.2793928099e-03,5.053096e-03,1.5060902309e+00,1.5060902309e+00,-8.0683570560e-02,3.0035947054e-14,0.0000e+00
1357.803,1.2793910041e-03,5.065875e-03,1.5060901998e+00,1.5060901998e+00,-8.0829512301e-02,2.3663440365e-14,0.0000e+00
1358.830,1.2793892085e-03,5.078651e-03,1.5060901686e+00,1.5060901686e+00,-8.0975315453e-02,2.8630604198e-14,0.0000e+00
1359.856,1.2793874188e-03,5.091423e-03,1.5060901372e+00,1.5060901372e+00,-8.1120964279e-02,1.8587991840e-14,0.0000e+00
1360.882,1.2793856301e-03,5.104191e-03,1.5060901057e+00,1.5060901057e+00,-8.1266442886e-02,2.0103991080e-14,0.0000e+00
1361.909,1.2793838403e-03,5.116955e-03,1.5060900740e+00,1.5060900740e+00,-8.1411735223e-02,3.5102037559e-14,0.0000e+00
1362.935,1.2793820513e-03,5.129715e-03,1.5060900422e+00,1.5060900422e+00,-8.1556825184e-02,2.5531378406e-14,0.0000e+00
1363.961,1.2793802697e-03,5.142471e-03,1.5060900102e+00,1.5060900102e+00,-8.1701696788e-02,2.1376044831e-14,0.0000e+00
1364.987,1.2793785043e-03,5.155222e-03,1.5060899781e+00,1.5060899781e+00,-8.1846334318e-02,2.7829812473e-14,0.0000e+00
1366.014,1.2793767624e-03,5.167969e-03,1.5060899459e+00,1.5060899458e+00,-8.1990722465e-02,3.1164540529e-14,0.0000e+00
1367.040,1.2793750466e-03,5.180712e-03,1.5060899135e+00,1.5060899135e+00,-8.2134846437e-02,2.1555155030e-14,0.0000e+00
1368.066,1.2793733525e-03,5.193449e-03,1.5060898809e+00,1.5060898809e+00,-8.2278692024e-02,3.6656952881e-14,0.0000e+00
1369.093,1.2793716680e-03,5.206182e-03,1.5060898482e+00,1.5060898482e+00,-8.2422245549e-02,3.4591825569e-14,0.0000e+00
1370.119,1.2793699755e-03,5.218909e-03,1.5060898154e+00,1.5060898154e+00,-8.2565493901e-02,1.7950785894e-14,0.0000e+00
1371.145,1.2793682545e-03,5.231631e-03,1.5060897824e+00,1.5060897824e+00,-8.2708424400e-02,1.9861997155e-14,0.0000e+00
1372.172,1.2793664867e-03,5.244347e-03,1.5060897493e+00,1.5060897493e+00,-8.2851024662e-02,3.2243965436e-14,0.0000e+00
1373.198,1.2793646604e-03,5.257056e-03,1.5060897161e+00,1.5060897161e+00,-8.2993282652e-02,2.4521308558e-14,0.0000e+00
1374.224,1.2793627741e-03,5.269757e-03,1.5060896827e+00,1.5060896827e+00,-8.3135186700e-02,2.5620289761e-14,0.0000e+00
1375.251,1.2793608360e-03,5.282452e-03,1.5060896491e+00,1.5060896491e+00,-8.3276725343e-02,2.7078744971e-14,0.0000e+00
1376.277,1.2793588621e-03,5.295138e-03,1.5060896155e+00,1.5060896155e+00,-8.3417887280e-02,2.2078133501e-14,0.0000e+00
1377.303,1.2793568711e-03,5.307815e-03,1.5060895816e+00,1.5060895816e+00,-8.3558661562e-02,2.6676804120e-14,0.0000e+00
1378.329,1.2793548798e-03,5.320483e-03,1.5060895477e+00,1.5060895477e+00,-8.3699037535e-02,3.3362333529e-14,0.0000e+00
1379.356,1.2793529000e-03,5.333143e-03,1.5060895136e+00,1.5060895136e+00,-8.3839005924e-02,1.9436861154e-14,0.0000e+00
1380.382,1.2793509370e-03,5.345801e-03,1.5060894793e+00,1.5060894793e+00,-8.3978708556e-02,2.1303213550e-14,0.0000e+00
1381.408,1.2793489903e-03,5.358476e-03,1.5060894449e+00,1.5060894449e+00,-8.4118398773e-02,2.6794087690e-14,0.0000e+00
1382.435,1.2793470560e-03,5.371172e-03,1.5060894103e+00,1.5060894103e+00,-8.4258144765e-02,1.7186687637e-14,0.0000e+00
1383.461,1.2793451287e-03,5.383889e-03,1.5060893756e+00,1.5060893756e+00,-8.4397928107e-02,9.4784845290e-15,0.0000e+00
1384.487,1.2793432043e-03,5.396620e-03,1.5060893408e+00,1.5060893408e+00,-8.4537691652e-02,2.1979437222e-14,0.0000e+00
1385.514,1.2793412809e-03,5.409361e-03,1.5060893058e+00,1.5060893058e+00,-8.4677368369e-02,1.8923952212e-14,0.0000e+00
1386.540,1.2793393597e-03,5.422105e-03,1.5060892707e+00,1.5060892707e+00,-8.4816894604e-02,6.0639456408e-15,0.0000e+00
1387.566,1.2793374438e-03,5.434848e-03,1.5060892355e+00,1.5060892355e+00,-8.4956214323e-02,1.6630742644e-14,0.0000e+00
1388.593,1.2793355378e-03,5.447584e-03,1.5060892000e+00,1.5060892000e+00,-8.5095280092e-02,1.4636813534e-14,0.0000e+00
1389.619,1.2793336461e-03,5.460311e-03,1.5060891645e+00,1.5060891645e+00,-8.5234053385e-02,2.3625025727e-14,0.0000e+00
1390.645,1.2793317719e-03,5.473027e-03,1.5060891288e+00,1.5060891288e+00,-8.5372503717e-02,1.7374234284e-14,0.0000e+00
1391.671,1.2793299167e-03,5.485731e-03,1.5060890930e+00,1.5060890930e+00,-8.5510606731e-02,1.0740041848e-14,0.0000e+00
1392.698,1.2793280798e-03,5.498423e-03,1.5060890570e+00,1.5060890570e+00,-8.5648342906e-02,1.6755181949e-14,0.0000e+00
1393.724,1.2793262587e-03,5.511103e-03,1.5060890208e+00,1.5060890208e+00,-8.5785697682e-02,1.8405398641e-14,0.0000e+00
1394.750,1.2793244493e-03,5.523772e-03,1.5060889846e+00,1.5060889846e+00,-8.5922661087e-02,1.9486056828e-14,0.0000e+00
1395.777,1.2793226470e-03,5.536431e-03,1.5060889481e+00,1.5060889481e+00,-8.6059227055e-02,1.0072058113e-14,0.0000e+00
1396.803,1.2793208471e-03,5.549078e-03,1.5060889116e+00,1.5060889116e+00,-8.6195392509e-02,1.8313661585e-14,0.0000e+00
1397.829,1.2793190451e-03,5.561715e-03,1.5060888749e+00,1.5060888749e+00,-8.6331156697e-02,4.2953069656e-15,0.0000e+00
1398.856,1.2793172378e-03,5.574340e-03,1.5060888380e+00,1.5060888380e+00,-8.6466520778e-02,1.1547989307e-14,0.0000e+00
1399.882,1.2793154249e-03,5.586952e-03,1.5060888010e+00,1.5060888010e+00,-8.6601487698e-02,1.5013228199e-14,0.0000e+00
1400.908,1.2793136101e-03,5.599550e-03,1.5060887639e+00,1.5060887639e+00,-8.6736062182e-02,6.2299302171e-15,0.0000e+00
1401.934,1.2793117993e-03,5.612134e-03,1.5060887266e+00,1.5060887266e+00,-8.6870250308e-02,1.0521432809e-14,0.0000e+00
1402.961,1.2793099951e-03,5.624703e-03,1.5060886892e+00,1.5060886892e+00,-8.7004059008e-02,3.1665711889e-15,0.0000e+00
1403.987,1.2793081902e-03,5.637255e-03,1.5060886516e+00,1.5060886516e+00,-8.7137495713e-02,8.7642392428e-15,0.0000e+00
1405.013,1.2793063662e-03,5.649792e-03,1.5060886139e+00,1.5060886139e+00,-8.7270568103e-02,1.8342677546e-14,0.0000e+00
1406.040,1.2793045009e-03,5.662312e-03,1.5060885760e+00,1.5060885760e+00,-8.7403283926e-02,7.0376811644e-15,0.0000e+00
1407.066,1.2793025848e-03,5.674814e-03,1.5060885381e+00,1.5060885381e+00,-8.7535650902e-02,1.0190392004e-14,0.0000e+00
1408.092,1.2793006366e-03,5.687300e-03,1.5060884999e+00,1.5060884999e+00,-8.7667676704e-02,3.9881524901e-15,0.0000e+00
1409.119,1.2792987103e-03,5.699769e-03,1.5060884616e+00,1.5060884616e+00,-8.7799369007e-02,-4.3838330691e-15,0.0000e+00
1410.145,1.2792968871e-03,5.712220e-03,1.5060884232e+00,1.5060884232e+00,-8.7930735559e-02,1.1400659784e-14,0.0000e+00
1411.171,1.2792952519e-03,5.724653e-03,1.5060883846e+00,1.5060883846e+00,-8.8061784266e-02,1.3229396047e-15,0.0000e+00
1412.198,1.2792938652e-03,5.737068e-03,1.5060883459e+00,1.5060883459e+00,-8.8192523246e-02,1.5271132791e-14,0.0000e+00
1413.224,1.2792927385e-03,5.749466e-03,1.5060883070e+00,1.5060883070e+00,-8.8322960859e-02,4.4974090268e-15,0.0000e+00
1414.250,1.2792918240e-03,5.761846e-03,1.5060882680e+00,1.5060882680e+00,-8.8453105654e-02,6.4827119537e-15,0.0000e+00
1415.276,1.2792910198e-03,5.774207e-03,1.5060882289e+00,1.5060882289e+00,-8.8582966326e-02,-5.3150121420e-17,0.0000e+00
1416.303,1.2792901891e-03,5.786551e-03,1.5060881896e+00,1.5060881896e+00,-8.8712551715e-02,-1.8455734818e-15,0.0000e+00
1417.329,1.2792891870e-03,5.798877e-03,1.5060881502e+00,1.5060881502e+00,-8.8841870665e-02,-5.6791090758e-15,0.0000e+00
1418.355,1.2792878884e-03,5.811185e-03,1.5060881106e+00,1.5060881106e+00,-8.8970931931e-02,-1.0824712258e-14,0.0000e+00
1419.382,1.2792862099e-03,5.823476e-03,1.5060880709e+00,1.5060880709e+00,-8.9099744128e-02,4.8262272170e-15,0.0000e+00
1420.408,1.2792841225e-03,5.835749e-03,1.5060880311e+00,1.5060880310e+00,-8.9228315687e-02,-1.8937256107e-15,0.0000e+00
1421.434,1.2792816535e-03,5.848005e-03,1.5060879911e+00,1.5060879911e+00,-8.9356654849e-02,-1.2251935669e-14,0.0000e+00
1422.461,1.2792788777e-03,5.860243e-03,1.5060879509e+00,1.5060879509e+00,-8.9484769695e-02,-1.0837539725e-14,0.0000e+00
1423.487,1.2792759018e-03,5.872462e-03,1.5060879106e+00,1.5060879106e+00,-8.9612668220e-02,-1.7546691188e-14,0.0000e+00
1424.513,1.2792728447e-03,5.884662e-03,1.5060878702e+00,1.5060878702e+00,-8.9740358429e-02,-1.2149085540e-14,0.0000e+00
1425.540,1.2792698188e-03,5.896841e-03,1.5060878297e+00,1.5060878297e+00,-8.9867848451e-02,-1.2745911731e-14,0.0000e+00
1426.566,1.2792669148e-03,5.908998e-03,1.5060877889e+00,1.5060877889e+00,-8.9995146619e-02,-1.6270192208e-14,0.0000e+00
1427.592,1.2792641926e-03,5.921132e-03,1.5060877481e+00,1.5060877481e+00,-9.0122261502e-02,-1.3149682173e-14,0.0000e+00
1428.618,1.2792616784e-03,5.933241e-03,1.5060877071e+00,1.5060877071e+00,-9.0249201951e-02,-1.9146824517e-14,0.0000e+00
1429.645,1.2792593669e-03,5.945324e-03,1.5060876660e+00,1.5060876660e+00,-9.0375977120e-02,-1.2524185610e-14,0.0000e+00
1430.671,1.2792572296e-03,5.957381e-03,1.5060876247e+00,1.5060876247e+00,-9.0502596593e-02,-1.1544873222e-14,0.0000e+00
1431.697,1.2792552243e-03,5.969409e-03,1.5060875833e+00,1.5060875833e+00,-9.0629070086e-02,-2.2309218637e-14,0.0000e+00
1432.724,1.2792533061e-03,5.981409e-03,1.5060875418e+00,1.5060875418e+00,-9.0755407365e-02,-3.1944536897e-14,0.0000e+00
1433.750,1.2792514360e-03,5.993379e-03,1.5060875001e+00,1.5060875001e+00,-9.0881618378e-02,-1.9142785864e-14,0.0000e+00
1434.776,1.2792495863e-03,6.005319e-03,1.5060874582e+00,1.5060874582e+00,-9.1007713125e-02,-2.0129416617e-14,0.0000e+00
1435.803,1.2792477429e-03,6.017229e-03,1.5060874163e+00,1.5060874163e+00,-9.1133701525e-02,-2.2011720337e-14,0.0000e+00
1436.829,1.2792459036e-03,6.029109e-03,1.5060873742e+00,1.5060873741e+00,-9.1259593354e-02,-2.7916495433e-14,0.0000e+00
1437.855,1.2792440749e-03,6.040959e-03,1.5060873319e+00,1.5060873319e+00,-9.1385398189e-02,-2.5890202888e-14,0.0000e+00
1438.882,1.2792422672e-03,6.052778e-03,1.5060872895e+00,1.5060872895e+00,-9.1511125342e-02,-2.5503684813e-14,0.0000e+00
1439.908,1.2792404899e-03,6.064566e-03,1.5060872470e+00,1.5060872470e+00,-9.1636783637e-02,-2.8901398239e-14,0.0000e+00
1440.934,1.2792387480e-03,6.076324e-03,1.5060872043e+00,1.5060872043e+00,-9.1762380633e-02,-3.2951916569e-14,0.0000e+00
1441.960,1.2792370400e-03,6.088051e-03,1.5060871615e+00,1.5060871615e+00,-9.1887923223e-02,-4.1746144664e-14,0.0000e+00
1442.987,1.2792353588e-03,6.099746e-03,1.5060871185e+00,1.5060871185e+00,-9.2013418379e-02,-3.5399184489e-14,0.0000e+00
1444.013,1.2792336934e-03,6.111411e-03,1.5060870754e+00,1.5060870754e+00,-9.2138872967e-02,-4.9838087579e-14,0.0000e+00
1445.039,1.2792320324e-03,6.123046e-03,1.5060870322e+00,1.5060870322e+00,-9.2264293328e-02,-4.6375274589e-14,0.0000e+00
1446.066,1.2792303667e-03,6.134651e-03,1.5060869888e+00,1.5060869888e+00,-9.2389685024e-02,-4.8416942476e-14,0.0000e+00
1447.092,1.2792286917e-03,6.146228e-03,1.5060869453e+00,1.5060869453e+00,-9.2515052505e-02,-5.3270603894e-14,0.0000e+00
1448.118,1.2792270066e-03,6.157777e-03,1.5060869017e+00,1.5060869017e+00,-9.2640398830e-02,-5.8381946287e-14,0.0000e+00
1449.145,1.2792253136e-03,6.169300e-03,1.5060868579e+00,1.5060868579e+00,-9.2765726449e-02,-5.0241315919e-14,0.0000e+00
1450.171,1.2792236153e-03,6.180795e-03,1.5060868140e+00,1.5060868140e+00,-9.2891037772e-02,-6.1504828015e-14,0.0000e+00
1451.197,1.2792219130e-03,6.192264e-03,1.5060867699e+00,1.5060867699e+00,-9.3016335307e-02,-5.7204272335e-14,0.0000e+00
1452.224,1.2792202057e-03,6.203706e-03,1.5060867257e+00,1.5060867257e+00,-9.3141621953e-02,-6.6131667562e-14,0.0000e+00
1453.250,1.2792184912e-03,6.215118e-03,1.5060866814e+00,1.5060866814e+00,-9.3266901198e-02,-7.5860972597e-14,0.0000e+00
1454.276,1.2792167672e-03,6.226499e-03,1.5060866369e+00,1.5060866369e+00,-9.3392177122e-02,-7.3555125298e-14,0.0000e+00
1455.302,1.2792150337e-03,6.237848e-03,1.5060865923e+00,1.5060865923e+00,-9.3517454267e-02,-8.4261601423e-14,0.0000e+00
1456.329,1.2792132931e-03,6.249161e-03,1.5060865475e+00,1.5060865475e+00,-9.3642737418e-02,-8.0073585928e-14,0.0000e+00
1457.355,1.2792115503e-03,6.260437e-03,1.5060865026e+00,1.5060865026e+00,-9.3768031431e-02,-7.6690570218e-14,0.0000e+00
1458.381,1.2792098120e-03,6.271674e-03,1.5060864576e+00,1.5060864576e+00,-9.3893340977e-02,-9.4721021753e-14,0.0000e+00
1459.408,1.2792080842e-03,6.282871e-03,1.5060864124e+00,1.5060864124e+00,-9.4018669718e-02,-9.5993536291e-14,0.0000e+00
1460.434,1.2792063707e-03,6.294026e-03,1.5060863671e+00,1.5060863671e+00,-9.4144019634e-02,-9.7727304314e-14,0.0000e+00
1461.460,1.2792046709e-03,6.305138e-03,1.5060863217e+00,1.5060863217e+00,-9.4269390879e-02,-1.1252312676e-13,0.0000e+00
1462.487,1.2792029786e-03,6.316208e-03,1.5060862761e+00,1.5060862761e+00,-9.4394782002e-02,-1.2448728418e-13,0.0000e+00
1463.513,1.2792012831e-03,6.327235e-03,1.5060862304e+00,1.5060862304e+00,-9.4520190804e-02,-1.2618740128e-13,0.0000e+00
1464.539,1.2791995725e-03,6.338221e-03,1.5060861846e+00,1.5060861846e+00,-9.4645614483e-02,-1.2822201507e-13,0.0000e+00
1465.565,1.2791978371e-03,6.349166e-03,1.5060861386e+00,1.5060861386e+00,-9.4771048714e-02,-1.3126577715e-13,0.0000e+00
1466.592,1.2791960732e-03,6.360072e-03,1.5060860925e+00,1.5060860925e+00,-9.4896486992e-02,-1.3382471112e-13,0.0000e+00
1467.618,1.2791942848e-03,6.370939e-03,1.5060860462e+00,1.5060860462e+00,-9.5021920597e-02,-1.3940236886e-13,0.0000e+00
1468.644,1.2791924825e-03,6.381768e-03,1.5060859999e+00,1.5060859999e+00,-9.5147338983e-02,-1.4821027823e-13,0.0000e+00
1469.671,1.2791906811e-03,6.392560e-03,1.5060859533e+00,1.5060859533e+00,-9.5272730233e-02,-1.4671720309e-13,0.0000e+00
1470.697,1.2791888962e-03,6.403314e-03,1.5060859067e+00,1.5060859067e+00,-9.5398081365e-02,-1.5297672236e-13,0.0000e+00
1471.723,1.2791871396e-03,6.414032e-03,1.5060858599e+00,1.5060858599e+00,-9.5523378521e-02,-1.6501452422e-13,0.0000e+00
1472.750,1.2791854172e-03,6.424712e-03,1.5060858130e+00,1.5060858130e+00,-9.5648607117e-02,-1.6666646886e-13,0.0000e+00
1473.776,1.2791837277e-03,6.435356e-03,1.5060857660e+00,1.5060857660e+00,-9.5773752013e-02,-1.7192495104e-13,0.0000e+00
1474.802,1.2791820629e-03,6.445962e-03,1.5060857188e+00,1.5060857188e+00,-9.5898797718e-02,-1.7781136246e-13,0.0000e+00
1475.829,1.2791804115e-03,6.456531e-03,1.5060856715e+00,1.5060856715e+00,-9.6023728526e-02,-1.9174781916e-13,0.0000e+00
1476.855,1.2791787619e-03,6.467063e-03,1.5060856240e+00,1.5060856240e+00,-9.6148528823e-02,-2.7238408857e-13,0.0000e+00
1477.881,1.2791771054e-03,6.477556e-03,1.5060855764e+00,1.5060855764e+00,-9.6273182648e-02,-3.4734563704e-13,0.0000e+00
1478.907,1.2791754369e-03,6.488010e-03,1.5060855287e+00,1.5060855287e+00,-9.6397671952e-02,-3.9612508541e-13,0.0000e+00
1479.934,1.2791737543e-03,6.498423e-03,1.5060854809e+00,1.5060854809e+00,-9.6521977581e-02,-4.2835615272e-13,0.0000e+00
1480.960,1.2791720580e-03,6.508796e-03,1.5060854329e+00,1.5060854329e+00,-9.6646082471e-02,-4.6549013812e-13,0.0000e+00
1481.986,1.2791703502e-03,6.519129e-03,1.5060853848e+00,1.5060853848e+00,-9.6769972565e-02,-4.7410146131e-13,0.0000e+00
1483.013,1.2791686345e-03,6.529421e-03,1.5060853365e+00,1.5060853365e+00,-9.6893637534e-02,-4.7682080976e-13,0.0000e+00
1484.039,1.2791669153e-03,6.539672e-03,1.5060852881e+00,1.5060852881e+00,-9.7017069740e-02,-4.8009903056e-13,0.0000e+00
1485.065,1.2791651963e-03,6.549882e-03,1.5060852396e+00,1.5060852396e+00,-9.7140257381e-02,-4.8443006587e-13,0.0000e+00
1486.092,1.2791634795e-03,6.560051e-03,1.5060851910e+00,1.5060851910e+00,-9.7263187609e-02,-4.9760672724e-13,0.0000e+00
1487.118,1.2791617640e-03,6.570181e-03,1.5060851422e+00,1.5060851422e+00,-9.7385848517e-02,-4.9647936704e-13,0.0000e+00
1488.144,1.2791600455e-03,6.580271e-03,1.5060850933e+00,1.5060850933e+00,-9.7508228697e-02,-5.2003697283e-13,0.0000e+00
1489.171,1.2791583164e-03,6.590323e-03,1.5060850442e+00,1.5060850442e+00,-9.7630329093e-02,-4.1174083575e-13,0.0000e+00
1490.197,1.2791565675e-03,6.600336e-03,1.5060849951e+00,1.5060849951e+00,-9.7752179450e-02,-4.0130799870e-13,0.0000e+00
1491.223,1.2791547899e-03,6.610312e-03,1.5060849458e+00,1.5060849458e+00,-9.7873791601e-02,-4.3323191154e-13,0.0000e+00
1492.249,1.2791529773e-03,6.620248e-03,1.5060848963e+00,1.5060848963e+00,-9.7995160313e-02,-4.7755512634e-13,0.0000e+00
1493.276,1.2791511282e-03,6.630145e-03,1.5060848468e+00,1.5060848468e+00,-9.8116272546e-02,-5.4274575674e-13,0.0000e+00
1494.302,1.2791492461e-03,6.640001e-03,1.5060847971e+00,1.5060847971e+00,-9.8237112923e-02,-5.8366274713e-13,0.0000e+00
1495.328,1.2791473400e-03,6.649816e-03,1.5060847472e+00,1.5060847472e+00,-9.8357666386e-02,-6.0557947392e-13,0.0000e+00
1496.355,1.2791454220e-03,6.659589e-03,1.5060846973e+00,1.5060846973e+00,-9.8477919565e-02,-6.2313975441e-13,0.0000e+00
1497.381,1.2791435060e-03,6.669319e-03,1.5060846472e+00,1.5060846472e+00,-9.8597862666e-02,-6.2357010813e-13,0.0000e+00
1498.407,1.2791416038e-03,6.679007e-03,1.5060845969e+00,1.5060845969e+00,-9.8717489290e-02,-6.2935462488e-13,0.0000e+00
1499.434,1.2791397235e-03,6.688652e-03,1.5060845466e+00,1.5060845466e+00,-9.8836792934e-02,-6.1608214714e-13,0.0000e+00
1500.460,1.2791378668e-03,6.698254e-03,1.5060844961e+00,1.5060844961e+00,-9.8955768717e-02,-6.1345865571e-13,0.0000e+00
1501.486,1.2791360294e-03,6.707815e-03,1.5060844455e+00,1.5060844455e+00,-9.9074414057e-02,-6.0113754505e-13,0.0000e+00
1502.513,1.2791342025e-03,6.717334e-03,1.5060843947e+00,1.5060843947e+00,-9.9192728585e-02,-5.7799804150e-13,0.0000e+00
1503.539,1.2791323771e-03,6.726812e-03,1.5060843438e+00,1.5060843438e+00,-9.9310713945e-02,-5.5372057290e-13,0.0000e+00
1504.565,1.2791305472e-03,6.736247e-03,1.5060842928e+00,1.5060842928e+00,-9.9428373813e-02,-5.3613416314e-13,0.0000e+00
1505.591,1.2791287133e-03,6.745641e-03,1.5060842417e+00,1.5060842417e+00,-9.9545716112e-02,-5.1167442661e-13,0.0000e+00
1506.618,1.2791268817e-03,6.754991e-03,1.5060841904e+00,1.5060841904e+00,-9.9662752003e-02,-4.9205885117e-13,0.0000e+00
1507.644,1.2791250622e-03,6.764299e-03,1.5060841390e+00,1.5060841390e+00,-9.9779493547e-02,-4.5023823248e-13,0.0000e+00
1508.670,1.2791232653e-03,6.773563e-03,1.5060840874e+00,1.5060840874e+00,-9.9895953126e-02,-4.3412332223e-13,0.0000e+00
1509.697,1.2791214986e-03,6.782784e-03,1.5060840358e+00,1.5060840358e+00,-1.0001214343e-01,-3.9192675644e-13,0.0000e+00
1510.723,1.2791197638e-03,6.791962e-03,1.5060839840e+00,1.5060839840e+00,-1.0012807708e-01,-3.5863168022e-13,0.0000e+00
1511.749,1.2791180564e-03,6.801096e-03,1.5060839321e+00,1.5060839321e+00,-1.0024376623e-01,-3.3551456544e-13,0.0000e+00
1512.776,1.2791163675e-03,6.810187e-03,1.5060838800e+00,1.5060838800e+00,-1.0035922249e-01,-3.1507864198e-13,0.0000e+00
1513.802,1.2791146882e-03,6.819235e-03,1.5060838278e+00,1.5060838278e+00,-1.0047445691e-01,-2.7949121000e-13,0.0000e+00
1514.828,1.2791130139e-03,6.828240e-03,1.5060837755e+00,1.5060837755e+00,-1.0058948008e-01,-2.7489564291e-13,0.0000e+00
1515.855,1.2791113471e-03,6.837202e-03,1.5060837231e+00,1.5060837231e+00,-1.0070430221e-01,-2.6054498710e-13,0.0000e+00
1516.881,1.2791096967e-03,6.846121e-03,1.5060836705e+00,1.5060836705e+00,-1.0081893321e-01,-2.5345004940e-13,0.0000e+00
1517.907,1.2791080738e-03,6.854999e-03,1.5060836178e+00,1.5060836178e+00,-1.0093338276e-01,-2.4913215326e-13,0.0000e+00
1518.933,1.2791064869e-03,6.863835e-03,1.5060835650e+00,1.5060835650e+00,-1.0104765973e-01,-2.4659646187e-13,0.0000e+00
1519.960,1.2791049360e-03,6.872630e-03,1.5060835120e+00,1.5060835120e+00,-1.0116177103e-01,-2.5514515884e-13,0.0000e+00
1520.986,1.2791034089e-03,6.881382e-03,1.5060834590e+00,1.5060834590e+00,-1.0127572342e-01,-2.5132128619e-13,0.0000e+00
1522.012,1.2791018811e-03,6.890093e-03,1.5060834058e+00,1.5060834058e+00,-1.0138952507e-01,-2.7071642978e-13,0.0000e+00
1523.039,1.2791003192e-03,6.898762e-03,1.5060833524e+00,1.5060833524e+00,-1.0150318566e-01,-2.7679176343e-13,0.0000e+00
1524.065,1.2790986889e-03,6.907391e-03,1.5060832990e+00,1.5060832990e+00,-1.0161671634e-01,-3.1180645884e-13,0.0000e+00
1525.091,1.2790969641e-03,6.915978e-03,1.5060832454e+00,1.5060832454e+00,-1.0173012783e-01,-3.4936436728e-13,0.0000e+00
1526.118,1.2790951326e-03,6.924524e-03,1.5060831917e+00,1.5060831917e+00,-1.0184342906e-01,-3.8184496373e-13,0.0000e+00
1527.144,1.2790932002e-03,6.933030e-03,1.5060831379e+00,1.5060831379e+00,-1.0195662835e-01,-4.3833935758e-13,0.0000e+00
1528.170,1.2790911893e-03,6.941495e-03,1.5060830839e+00,1.5060830839e+00,-1.0206973411e-01,-4.8708369134e-13,0.0000e+00
1529.196,1.2790891340e-03,6.949920e-03,1.5060830298e+00,1.5060830298e+00,-1.0218275524e-01,-5.3527390293e-13,0.0000e+00
1530.223,1.2790870717e-03,6.958305e-03,1.5060829756e+00,1.5060829756e+00,-1.0229570032e-01,-5.8328965283e-13,0.0000e+00
1531.249,1.2790850367e-03,6.966650e-03,1.5060829213e+00,1.5060829213e+00,-1.0240857455e-01,-6.5265447515e-13,0.0000e+00
1532.275,1.2790830561e-03,6.974955e-03,1.5060828668e+00,1.5060828668e+00,-1.0252137651e-01,-7.2166062306e-13,0.0000e+00
1533.302,1.2790811495e-03,6.983224e-03,1.5060828122e+00,1.5060828122e+00,-1.0263410864e-01,-7.8229279997e-13,0.0000e+00
1534.328,1.2790793299e-03,6.991458e-03,1.5060827575e+00,1.5060827575e+00,-1.0274677595e-01,-8.6037773838e-13,0.0000e+00
1535.354,1.2790776024e-03,6.999656e-03,1.5060827027e+00,1.5060827027e+00,-1.0285938400e-01,-9.3617283504e-13,0.0000e+00
1536.381,1.2790759634e-03,7.007820e-03,1.5060826477e+00,1.5060826477e+00,-1.0297194011e-01,-1.0150483872e-12,0.0000e+00
1537.407,1.2790744005e-03,7.015949e-03,1.5060825927e+00,1.5060825927e+00,-1.0308445281e-01,-1.0733362954e-12,0.0000e+00
1538.433,1.2790728975e-03,7.024045e-03,1.5060825375e+00,1.5060825375e+00,-1.0319693032e-01,-1.1562426470e-12,0.0000e+00
1539.460,1.2790714379e-03,7.032108e-03,1.5060824822e+00,1.5060824822e+00,-1.0330937986e-01,-1.2487014499e-12,0.0000e+00
1540.486,1.2790700062e-03,7.040139e-03,1.5060824267e+00,1.5060824267e+00,-1.0342180722e-01,-1.3078080053e-12,0.0000e+00
1541.512,1.2790685856e-03,7.048138e-03,1.5060823712e+00,1.5060823712e+00,-1.0353421658e-01,-1.3800118585e-12,0.0000e+00
1542.538,1.2790671573e-03,7.056106e-03,1.5060823155e+00,1.5060823155e+00,-1.0364661050e-01,-1.4719545405e-12,0.0000e+00
1543.565,1.2790657051e-03,7.064046e-03,1.5060822597e+00,1.5060822597e+00,-1.0375899053e-01,-1.5559778304e-12,0.0000e+00
1544.591,1.2790642203e-03,7.071958e-03,1.5060822037e+00,1.5060822037e+00,-1.0387135741e-01,-1.6434616497e-12,0.0000e+00
1545.617,1.2790627035e-03,7.079844e-03,1.5060821477e+00,1.5060821477e+00,-1.0398370997e-01,-1.7240687541e-12,0.0000e+00
1546.644,1.2790611596e-03,7.087705e-03,1.5060820915e+00,1.5060820915e+00,-1.0409604511e-01,-1.7936339844e-12,0.0000e+00
1547.670,1.2790595939e-03,7.095542e-03,1.5060820352e+00,1.5060820352e+00,-1.0420835838e-01,-1.8730579870e-12,0.0000e+00
1548.696,1.2790580108e-03,7.103355e-03,1.5060819788e+00,1.5060819788e+00,-1.0432064435e-01,-1.9466523701e-12,0.0000e+00
1549.723,1.2790564163e-03,7.111145e-03,1.5060819223e+00,1.5060819223e+00,-1.0443289701e-01,-2.0351640808e-12,0.0000e+00
1550.749,1.2790548186e-03,7.118914e-03,1.5060818657e+00,1.5060818657e+00,-1.0454511087e-01,-2.0976476617e-12,0.0000e+00
1551.775,1.2790532272e-03,7.126660e-03,1.5060818089e+00,1.5060818089e+00,-1.0465728005e-01,-2.1852664506e-12,0.0000e+00
1552.802,1.2790516473e-03,7.134385e-03,1.5060817520e+00,1.5060817520e+00,-1.0476939701e-01,-2.2881329100e-12,0.0000e+00
1553.828,1.2790500761e-03,7.142087e-03,1.5060816950e+00,1.5060816950e+00,-1.0488145341e-01,-2.3990282388e-12,0.0000e+00
1554.854,1.2790485031e-03,7.149769e-03,1.5060816379e+00,1.5060816379e+00,-1.0499344024e-01,-2.4909479629e-12,0.0000e+00
1555.880,1.2790469146e-03,7.157431e-03,1.5060815807e+00,1.5060815807e+00,-1.0510534731e-01,-2.5645808012e-12,0.0000e+00
1556.907,1.2790453027e-03,7.165073e-03,1.5060815233e+00,1.5060815233e+00,-1.0521716325e-01,-2.6556067090e-12,0.0000e+00
1557.933,1.2790436698e-03,7.172696e-03,1.5060814659e+00,1.5060814659e+00,-1.0532887582e-01,-2.7496762569e-12,0.0000e+00
1558.959,1.2790420251e-03,7.180299e-03,1.5060814083e+00,1.5060814083e+00,-1.0544047220e-01,-2.8716411408e-12,0.0000e+00
1559.986,1.2790403762e-03,7.187882e-03,1.5060813506e+00,1.5060813506e+00,-1.0555193917e-01,-2.9635537430e-12,0.0000e+00
1561.012,1.2790387221e-03,7.195446e-03,1.5060812927e+00,1.5060812927e+00,-1.0566326310e-01,-3.0640869655e-12,0.0000e+00
1562.038,1.2790370565e-03,7.202989e-03,1.5060812348e+00,1.5060812348e+00,-1.0577442997e-01,-3.1654384963e-12,0.0000e+00
1563.065,1.2790353742e-03,7.210513e-03,1.5060811768e+00,1.5060811768e+00,-1.0588542533e-01,-3.2624374568e-12,0.0000e+00
1564.091,1.2790336771e-03,7.218016e-03,1.5060811186e+00,1.5060811186e+00,-1.0599623416e-01,-3.3640660690e-12,0.0000e+00
1565.117,1.2790319722e-03,7.225499e-03,1.5060810603e+00,1.5060810603e+00,-1.0610684041e-01,-3.4622241365e-12,0.0000e+00
1566.144,1.2790302621e-03,7.232964e-03,1.5060810020e+00,1.5060810020e+00,-1.0621722675e-01,-3.5647989590e-12,0.0000e+00
1567.170,1.2790285435e-03,7.240409e-03,1.5060809435e+00,1.5060809435e+00,-1.0632737454e-01,-3.6511461414e-12,0.0000e+00
1568.196,1.2790268108e-03,7.247836e-03,1.5060808848e+00,1.5060808848e+00,-1.0643726370e-01,-3.7430941564e-12,0.0000e+00
1569.222,1.2790250623e-03,7.255246e-03,1.5060808261e+00,1.5060808261e+00,-1.0654687253e-01,-3.8521255248e-12,0.0000e+00
1570.249,1.2790233033e-03,7.262640e-03,1.5060807673e+00,1.5060807673e+00,-1.0665617804e-01,-3.9747383348e-12,0.0000e+00
1571.275,1.2790215434e-03,7.270019e-03,1.5060807083e+00,1.5060807083e+00,-1.0676515610e-01,-4.1573994584e-12,0.0000e+00
1572.301,1.2790197938e-03,7.277384e-03,1.5060806493e+00,1.5060806493e+00,-1.0687378103e-01,-6.2158203767e-12,0.0000e+00
1573.328,1.2790180640e-03,7.284737e-03,1.5060805901e+00,1.5060805901e+00,-1.0698202530e-01,-9.2080628236e-12,0.0000e+00
1574.354,1.2790163579e-03,7.292077e-03,1.5060805308e+00,1.5060805308e+00,-1.0708986017e-01,-1.1366983727e-11,0.0000e+00
1575.380,1.2790146708e-03,7.299405e-03,1.5060804715e+00,1.5060804715e+00,-1.0719725676e-01,-1.2489866574e-11,0.0000e+00
1576.407,1.2790129945e-03,7.306721e-03,1.5060804120e+00,1.5060804120e+00,-1.0730418658e-01,-1.2925604086e-11,0.0000e+00
1577.433,1.2790113228e-03,7.314026e-03,1.5060803524e+00,1.5060803524e+00,-1.0741062167e-01,-1.3186265045e-11,0.0000e+00
1578.459,1.2790096498e-03,7.321321e-03,1.5060802926e+00,1.5060802926e+00,-1.0751653460e-01,-1.3560204619e-11,0.0000e+00
1579.486,1.2790079670e-03,7.328605e-03,1.5060802328e+00,1.5060802328e+00,-1.0762189843e-01,-1.4211672966e-11,0.0000e+00
1580.512,1.2790062667e-03,7.335880e-03,1.5060801729e+00,1.5060801729e+00,-1.0772668644e-01,-1.5120856827e-11,0.0000e+00
1581.538,1.2790045468e-03,7.343144e-03,1.5060801129e+00,1.5060801129e+00,-1.0783087178e-01,-1.6219919637e-11,0.0000e+00
1582.564,1.2790028115e-03,7.350399e-03,1.5060800527e+00,1.5060800527e+00,-1.0793442714e-01,-1.7369807229e-11,0.0000e+00
1583.591,1.2790010668e-03,7.357645e-03,1.5060799925e+00,1.5060799925e+00,-1.0803732572e-01,-1.8466958300e-11,0.0000e+00
1584.617,1.2789993165e-03,7.364882e-03,1.5060799322e+00,1.5060799322e+00,-1.0813954337e-01,-1.9447197356e-11,0.0000e+00
1585.643,1.2789975609e-03,7.372110e-03,1.5060798717e+00,1.5060798717e+00,-1.0824105837e-01,-2.0280917656e-11,0.0000e+00
1586.670,1.2789958013e-03,7.379331e-03,1.5060798112e+00,1.5060798112e+00,-1.0834185048e-01,-2.0998815158e-11,0.0000e+00
1587.696,1.2789940417e-03,7.386544e-03,1.5060797505e+00,1.5060797505e+00,-1.0844190007e-01,-2.1612797391e-11,0.0000e+00
1588.722,1.2789922841e-03,7.393749e-03,1.5060796897e+00,1.5060796897e+00,-1.0854118767e-01,-2.2153532044e-11,0.0000e+00
1589.749,1.2789905257e-03,7.400946e-03,1.5060796289e+00,1.5060796289e+00,-1.0863969361e-01,-2.2648693078e-11,0.0000e+00
1590.775,1.2789887606e-03,7.408136e-03,1.5060795679e+00,1.5060795679e+00,-1.0873739824e-01,-2.3041462432e-11,0.0000e+00
1591.801,1.2789869873e-03,7.415318e-03,1.5060795069e+00,1.5060795069e+00,-1.0883428214e-01,-2.3319029606e-11,0.0000e+00
1592.827,1.2789852127e-03,7.422492e-03,1.5060794457e+00,1.5060794457e+00,-1.0893032626e-01,-2.3406954296e-11,0.0000e+00
1593.854,1.2789834477e-03,7.429660e-03,1.5060793844e+00,1.5060793844e+00,-1.0902551207e-01,-2.3253921856e-11,0.0000e+00
1594.880,1.2789816998e-03,7.436819e-03,1.5060793231e+00,1.5060793231e+00,-1.0911982164e-01,-2.2795478284e-11,0.0000e+00
1595.906,1.2789799689e-03,7.443972e-03,1.5060792616e+00,1.5060792616e+00,-1.0921323827e-01,-2.2029656389e-11,0.0000e+00
1596.933,1.2789782474e-03,7.451118e-03,1.5060792001e+00,1.5060792001e+00,-1.0930574788e-01,-2.0921154055e-11,0.0000e+00
1597.959,1.2789765259e-03,7.458257e-03,1.5060791384e+00,1.5060791384e+00,-1.0939733715e-01,-1.9461810361e-11,0.0000e+00
1598.985,1.2789747971e-03,7.465389e-03,1.5060790766e+00,1.5060790766e+00,-1.0948799263e-01,-1.7701152044e-11,0.0000e+00
1600.012,1.2789730577e-03,7.472515e-03,1.5060790148e+00,1.5060790148e+00,-1.0957770117e-01,-1.5617263346e-11,0.0000e+00
1601.038,1.2789713088e-03,7.479635e-03,1.5060789529e+00,1.5060789529e+00,-1.0966645050e-01,-1.3259634700e-11,0.0000e+00
1602.064,1.2789695570e-03,7.486748e-03,1.5060788908e+00,1.5060788908e+00,-1.0975422823e-01,-1.0623409308e-11,0.0000e+00
1603.091,1.2789678163e-03,7.493852e-03,1.5060788287e+00,1.5060788287e+00,-1.0984102045e-01,-7.7031513870e-12,0.0000e+00
1604.117,1.2789661047e-03,7.500947e-03,1.5060787665e+00,1.5060787665e+00,-1.0992683292e-01,-4.5336871638e-12,0.0000e+00
1605.143,1.2789644318e-03,7.508034e-03,1.5060787042e+00,1.5060787042e+00,-1.1001167912e-01,-1.0923782940e-12,0.0000e+00
1606.169,1.2789627932e-03,7.515114e-03,1.5060786417e+00,1.5060786417e+00,-1.1009555328e-01,2.5873895544e-12,0.0000e+00
1607.196,1.2789611746e-03,7.522191e-03,1.5060785792e+00,1.5060785792e+00,-1.1017843995e-01,6.5283495598e-12,0.0000e+00
1608.222,1.2789595613e-03,7.529268e-03,1.5060785167e+00,1.5060785167e+00,-1.1026032565e-01,1.0677322886e-11,0.0000e+00
1609.248,1.2789579420e-03,7.536345e-03,1.5060784540e+00,1.5060784540e+00,-1.1034120147e-01,1.5001487394e-11,0.0000e+00
1610.275,1.2789563059e-03,7.543421e-03,1.5060783912e+00,1.5060783912e+00,-1.1042106342e-01,1.9476202853e-11,0.0000e+00
1611.301,1.2789546494e-03,7.550497e-03,1.5060783284e+00,1.5060783284e+00,-1.1049991188e-01,2.3205068573e-11,0.0000e+00
1612.327,1.2789529826e-03,7.557570e-03,1.5060782654e+00,1.5060782654e+00,-1.1057775049e-01,2.4752560769e-11,0.0000e+00
1613.354,1.2789513197e-03,7.564639e-03,1.5060782024e+00,1.5060782024e+00,-1.1065458504e-01,2.4556303608e-11,0.0000e+00
1614.380,1.2789496681e-03,7.571704e-03,1.5060781393e+00,1.5060781393e+00,-1.1073042215e-01,2.6286134581e-11,0.0000e+00
1615.406,1.2789480284e-03,7.578763e-03,1.5060780761e+00,1.5060780761e+00,-1.1080526810e-01,2.9204840839e-11,0.0000e+00
1616.433,1.2789463992e-03,7.585815e-03,1.5060780128e+00,1.5060780128e+00,-1.1087912785e-01,3.2635673043e-11,0.0000e+00
1617.459,1.2789447774e-03,7.592860e-03,1.5060779494e+00,1.5060779494e+00,-1.1095200453e-01,3.6141851267e-11,0.0000e+00
1618.485,1.2789431588e-03,7.599899e-03,1.5060778859e+00,1.5060778859e+00,-1.1102389995e-01,3.9437962657e-11,0.0000e+00
1619.511,1.2789415381e-03,7.606932e-03,1.5060778224e+00,1.5060778224e+00,-1.1109481675e-01,4.2391204936e-11,0.0000e+00
1620.538,1.2789399078e-03,7.613959e-03,1.5060777588e+00,1.5060777588e+00,-1.1116475783e-01,4.4946452840e-11,0.0000e+00
1621.564,1.2789382618e-03,7.620982e-03,1.5060776951e+00,1.5060776951e+00,-1.1123372511e-01,4.7053654270e-11,0.0000e+00
1622.590,1.2789366029e-03,7.628000e-03,1.5060776313e+00,1.5060776313e+00,-1.1130171888e-01,4.8708009214e-11,0.0000e+00
1623.617,1.2789349433e-03,7.635015e-03,1.5060775674e+00,1.5060775674e+00,-1.1136873741e-01,4.9930534319e-11,0.0000e+00
1624.643,1.2789332997e-03,7.642027e-03,1.5060775035e+00,1.5060775035e+00,-1.1143477712e-01,5.0704541087e-11,0.0000e+00
1625.669,1.2789316865e-03,7.649036e-03,1.5060774394e+00,1.5060774394e+00,-1.1149983242e-01,5.1017374810e-11,0.0000e+00
1626.696,1.2789301138e-03,7.656040e-03,1.5060773753e+00,1.5060773753e+00,-1.1156389579e-01,5.0992750180e-11,0.0000e+00
1627.722,1.2789285886e-03,7.663039e-03,1.5060773111e+00,1.5060773111e+00,-1.1162695782e-01,5.0570876022e-11,0.0000e+00
1628.748,1.2789271151e-03,7.670032e-03,1.5060772469e+00,1.5060772469e+00,-1.1168900893e-01,4.9714513379e-11,0.0000e+00
1629.775,1.2789256938e-03,7.677020e-03,1.5060771825e+00,1.5060771825e+00,-1.1175004001e-01,4.8494048833e-11,0.0000e+00
1630.801,1.2789243203e-03,7.684006e-03,1.5060771181e+00,1.5060771181e+00,-1.1181004070e-01,4.6980976959e-11,0.0000e+00
1631.827,1.2789229845e-03,7.690990e-03,1.5060770536e+00,1.5060770536e+00,-1.1186901549e-01,4.5252668823e-11,0.0000e+00
1632.853,1.2789216681e-03,7.697971e-03,1.5060769890e+00,1.5060769890e+00,-1.1192696920e-01,4.2291183714e-11,0.0000e+00
1633.880,1.2789203468e-03,7.704952e-03,1.5060769244e+00,1.5060769244e+00,-1.1198390202e-01,2.6522978817e-11,0.0000e+00
1634.906,1.2789189952e-03,7.711935e-03,1.5060768597e+00,1.5060768597e+00,-1.1203981048e-01,3.4879688346e-12,0.0000e+00
1635.932,1.2789175929e-03,7.718921e-03,1.5060767949e+00,1.5060767949e+00,-1.1209468819e-01,-1.3800113833e-11,0.0000e+00
1636.959,1.2789161267e-03,7.725912e-03,1.5060767300e+00,1.5060767300e+00,-1.1214852729e-01,-2.4748711121e-11,0.0000e+00
1637.985,1.2789145910e-03,7.732910e-03,1.5060766651e+00,1.5060766651e+00,-1.1220131955e-01,-3.1086893480e-11,0.0000e+00
1639.011,1.2789129873e-03,7.739915e-03,1.5060766001e+00,1.5060766001e+00,-1.1225305630e-01,-3.4678098897e-11,0.0000e+00
1640.038,1.2789113219e-03,7.746926e-03,1.5060765350e+00,1.5060765350e+00,-1.1230372762e-01,-3.6875412985e-11,0.0000e+00
1641.064,1.2789096011e-03,7.753942e-03,1.5060764699e+00,1.5060764698e+00,-1.1235332178e-01,-3.8979433163e-11,0.0000e+00
1642.090,1.2789078270e-03,7.760962e-03,1.5060764046e+00,1.5060764046e+00,-1.1240182609e-01,-4.1267828338e-11,0.0000e+00
1643.116,1.2789059973e-03,7.767985e-03,1.5060763393e+00,1.5060763393e+00,-1.1244922835e-01,-4.3398876930e-11,0.0000e+00
1644.143,1.2789041092e-03,7.775011e-03,1.5060762740e+00,1.5060762740e+00,-1.1249551741e-01,-4.5018925163e-11,0.0000e+00
1645.169,1.2789021653e-03,7.782038e-03,1.5060762086e+00,1.5060762086e+00,-1.1254068528e-01,-4.6792623294e-11,0.0000e+00
1646.195,1.2789001748e-03,7.789067e-03,1.5060761431e+00,1.5060761431e+00,-1.1258472259e-01,-4.8372884519e-11,0.0000e+00
1647.222,1.2788981522e-03,7.796093e-03,1.5060760775e+00,1.5060760775e+00,-1.1262761558e-01,-5.0708560896e-11,0.0000e+00
1648.248,1.2788961194e-03,7.803119e-03,1.5060760119e+00,1.5060760119e+00,-1.1266934688e-01,-5.5339509766e-11,0.0000e+00
1649.274,1.2788941073e-03,7.810143e-03,1.5060759462e+00,1.5060759462e+00,-1.1270990150e-01,-5.8926065190e-11,0.0000e+00
1650.301,1.2788921557e-03,7.817166e-03,1.5060758804e+00,1.5060758804e+00,-1.1274927043e-01,-6.1339055238e-11,0.0000e+00
1651.327,1.2788903089e-03,7.824190e-03,1.5060758146e+00,1.5060758146e+00,-1.1278745003e-01,-6.2128725508e-11,0.0000e+00
1652.353,1.2788886092e-03,7.831215e-03,1.5060757487e+00,1.5060757487e+00,-1.1282443795e-01,-6.2317374355e-11,0.0000e+00
1653.380,1.2788870815e-03,7.838241e-03,1.5060756827e+00,1.5060756827e+00,-1.1286022839e-01,-6.0904205992e-11,0.0000e+00
1654.406,1.2788857222e-03,7.845267e-03,1.5060756167e+00,1.5060756167e+00,-1.1289480905e-01,-5.9339668118e-11,0.0000e+00
1655.432,1.2788844958e-03,7.852292e-03,1.5060755506e+00,1.5060755506e+00,-1.1292816447e-01,-5.9733240344e-11,0.0000e+00
1656.458,1.2788833380e-03,7.859317e-03,1.5060754845e+00,1.5060754845e+00,-1.1296027658e-01,-6.1193002824e-11,0.0000e+00
1657.485,1.2788821659e-03,7.866338e-03,1.5060754183e+00,1.5060754183e+00,-1.1299112476e-01,-6.1924763559e-11,0.0000e+00
1658.511,1.2788808936e-03,7.873356e-03,1.5060753520e+00,1.5060753520e+00,-1.1302068598e-01,-6.0988590159e-11,0.0000e+00
1659.537,1.2788794449e-03,7.880370e-03,1.5060752857e+00,1.5060752857e+00,-1.1304893599e-01,-6.0231757777e-11,0.0000e+00
1660.564,1.2788777657e-03,7.887381e-03,1.5060752193e+00,1.5060752193e+00,-1.1307584926e-01,-6.0312180594e-11,0.0000e+00
1661.590,1.2788758385e-03,7.894389e-03,1.5060751529e+00,1.5060751529e+00,-1.1310140050e-01,-6.0137021038e-11,0.0000e+00
1662.616,1.2788736954e-03,7.901393e-03,1.5060750864e+00,1.5060750864e+00,-1.1312557055e-01,-5.9620538958e-11,0.0000e+00
1663.643,1.2788714209e-03,7.908393e-03,1.5060750198e+00,1.5060750198e+00,-1.1314833746e-01,-5.6972473814e-11,0.0000e+00
1664.669,1.2788691366e-03,7.915385e-03,1.5060749532e+00,1.5060749532e+00,-1.1316968126e-01,-5.3381883465e-11,0.0000e+00
1665.695,1.2788669707e-03,7.922369e-03,1.5060748865e+00,1.5060748865e+00,-1.1318957175e-01,-5.0721882515e-11,0.0000e+00
1666.722,1.2788650223e-03,7.929347e-03,1.5060748198e+00,1.5060748198e+00,-1.1320795605e-01,-5.2578701955e-11,0.0000e+00
1667.748,1.2788633354e-03,7.936323e-03,1.5060747530e+00,1.5060747530e+00,-1.1322479558e-01,-6.6019709587e-11,0.0000e+00
1668.774,1.2788618925e-03,7.943299e-03,1.5060746862e+00,1.5060746862e+00,-1.1324006841e-01,-7.5791876570e-11,0.0000e+00
1669.800,1.2788606241e-03,7.950273e-03,1.5060746192e+00,1.5060746192e+00,-1.1325375858e-01,-8.4372332760e-11,0.0000e+00
1670.827,1.2788594322e-03,7.957235e-03,1.5060745523e+00,1.5060745523e+00,-1.1326586651e-01,-9.0741469911e-11,0.0000e+00
1671.853,1.2788582247e-03,7.964177e-03,1.5060744853e+00,1.5060744853e+00,-1.1327641761e-01,-9.4317392970e-11,0.0000e+00
1672.879,1.2788569372e-03,7.971100e-03,1.5060744182e+00,1.5060744182e+00,-1.1328542508e-01,-9.7504962075e-11,0.0000e+00
1673.906,1.2788555303e-03,7.978012e-03,1.5060743511e+00,1.5060743511e+00,-1.1329287256e-01,-1.0060879476e-10,0.0000e+00
1674.932,1.2788539802e-03,7.984917e-03,1.5060742839e+00,1.5060742839e+00,-1.1329873903e-01,-1.0394047141e-10,0.0000e+00
1675.958,1.2788522772e-03,7.991816e-03,1.5060742167e+00,1.5060742167e+00,-1.1330307753e-01,-1.0799456897e-10,0.0000e+00
1676.985,1.2788504319e-03,7.998708e-03,1.5060741494e+00,1.5060741494e+00,-1.1330593175e-01,-1.1210966925e-10,0.0000e+00
1678.011,1.2788484734e-03,8.005593e-03,1.5060740821e+00,1.5060740821e+00,-1.1330732460e-01,-1.1471995821e-10,0.0000e+00
1679.037,1.2788464381e-03,8.012475e-03,1.5060740147e+00,1.5060740147e+00,-1.1330727261e-01,-1.0371050183e-10,0.0000e+00
1680.064,1.2788443560e-03,8.019355e-03,1.5060739473e+00,1.5060739473e+00,-1.1330578855e-01,-8.2198838147e-11,0.0000e+00
1681.090,1.2788422457e-03,8.026235e-03,1.5060738798e+00,1.5060738798e+00,-1.1330288490e-01,-2.9874313808e-11,0.0000e+00
1682.116,1.2788401226e-03,8.033113e-03,1.5060738122e+00,1.5060738122e+00,-1.1329857822e-01,3.2511828512e-11,0.0000e+00
1683.142,1.2788380075e-03,8.039991e-03,1.5060737447e+00,1.5060737447e+00,-1.1329288751e-01,8.0250228178e-11,0.0000e+00
1684.169,1.2788359260e-03,8.046867e-03,1.5060736770e+00,1.5060736770e+00,-1.1328583362e-01,1.0661033252e-10,0.0000e+00
1685.195,1.2788339000e-03,8.053742e-03,1.5060736094e+00,1.5060736093e+00,-1.1327743929e-01,1.1473581346e-10,0.0000e+00
1686.221,1.2788319404e-03,8.060616e-03,1.5060735416e+00,1.5060735416e+00,-1.1326772924e-01,1.0866161849e-10,0.0000e+00
1687.248,1.2788300456e-03,8.067487e-03,1.5060734738e+00,1.5060734738e+00,-1.1325673084e-01,9.3350101388e-11,0.0000e+00
1688.274,1.2788282047e-03,8.074358e-03,1.5060734060e+00,1.5060734060e+00,-1.1324447211e-01,7.3219881197e-11,0.0000e+00
1689.300,1.2788264050e-03,8.081229e-03,1.5060733381e+00,1.5060733381e+00,-1.1323097917e-01,5.1875206268e-11,0.0000e+00
1690.327,1.2788246431e-03,8.088099e-03,1.5060732702e+00,1.5060732702e+00,-1.1321627885e-01,3.1978508826e-11,0.0000e+00
1691.353,1.2788229337e-03,8.094971e-03,1.5060732022e+00,1.5060732022e+00,-1.1320039733e-01,8.8234460864e-12,0.0000e+00
1692.379,1.2788213118e-03,8.101846e-03,1.5060731342e+00,1.5060731342e+00,-1.1318335934e-01,-3.1792060111e-11,0.0000e+00
1693.406,1.2788198257e-03,8.108725e-03,1.5060730662e+00,1.5060730662e+00,-1.1316518656e-01,-6.6234969715e-11,0.0000e+00
1694.432,1.2788185219e-03,8.115605e-03,1.5060729981e+00,1.5060729981e+00,-1.1314589947e-01,-9.0055939841e-11,0.0000e+00
1695.458,1.2788174285e-03,8.122485e-03,1.5060729299e+00,1.5060729299e+00,-1.1312551998e-01,-1.2022025830e-10,0.0000e+00
1696.484,1.2788165402e-03,8.129369e-03,1.5060728617e+00,1.5060728617e+00,-1.1310406828e-01,-1.5521256575e-10,0.0000e+00
1697.511,1.2788158119e-03,8.136257e-03,1.5060727934e+00,1.5060727934e+00,-1.1308155752e-01,-1.7832595602e-10,0.0000e+00
1698.537,1.2788151630e-03,8.143151e-03,1.5060727251e+00,1.5060727251e+00,-1.1305799399e-01,-1.9405953402e-10,0.0000e+00
1699.563,1.2788144936e-03,8.150053e-03,1.5060726568e+00,1.5060726568e+00,-1.1303338259e-01,-2.0549051257e-10,0.0000e+00
1700.590,1.2788137062e-03,8.156963e-03,1.5060725884e+00,1.5060725884e+00,-1.1300772982e-01,-2.1387664353e-10,0.0000e+00
1701.616,1.2788127264e-03,8.163883e-03,1.5060725200e+00,1.5060725200e+00,-1.1298104459e-01,-2.1929855167e-10,0.0000e+00
1702.642,1.2788115112e-03,8.170814e-03,1.5060724515e+00,1.5060724515e+00,-1.1295333817e-01,-2.2147943091e-10,0.0000e+00
1703.669,1.2788100402e-03,8.177757e-03,1.5060723830e+00,1.5060723830e+00,-1.1292462369e-01,-2.2027745063e-10,0.0000e+00
1704.695,1.2788083114e-03,8.184715e-03,1.5060723144e+00,1.5060723144e+00,-1.1289491570e-01,-2.1564992958e-10,0.0000e+00
1705.721,1.2788063430e-03,8.191686e-03,1.5060722458e+00,1.5060722458e+00,-1.1286422982e-01,-2.0772080675e-10,0.0000e+00
1706.747,1.2788041764e-03,8.198671e-03,1.5060721772e+00,1.5060721772e+00,-1.1283258229e-01,-1.9690688540e-10,0.0000e+00
1707.774,1.2788018720e-03,8.205670e-03,1.5060721085e+00,1.5060721085e+00,-1.1279998970e-01,-1.8495021473e-10,0.0000e+00
1708.800,1.2787995030e-03,8.212681e-03,1.5060720397e+00,1.5060720397e+00,-1.1276647748e-01,-1.6794363675e-10,0.0000e+00
1709.826,1.2787971525e-03,8.219708e-03,1.5060719709e+00,1.5060719709e+00,-1.1273210949e-01,-1.3114134117e-10,0.0000e+00
1710.853,1.2787949064e-03,8.226750e-03,1.5060719021e+00,1.5060719021e+00,-1.1269694319e-01,-9.4575076100e-11,0.0000e+00
1711.879,1.2787928381e-03,8.233811e-03,1.5060718332e+00,1.5060718332e+00,-1.1266100360e-01,-5.8409750321e-11,0.0000e+00
1712.905,1.2787909874e-03,8.240891e-03,1.5060717643e+00,1.5060717643e+00,-1.1262430080e-01,-2.2508535194e-11,0.0000e+00
1713.932,1.2787893469e-03,8.247992e-03,1.5060716953e+00,1.5060716953e+00,-1.1258684021e-01,1.5133714895e-11,0.0000e+00
1714.958,1.2787878673e-03,8.255113e-03,1.5060716263e+00,1.5060716263e+00,-1.1254862582e-01,5.2558476346e-11,0.0000e+00
1715.984,1.2787864732e-03,8.262251e-03,1.5060715572e+00,1.5060715572e+00,-1.1250965712e-01,9.0228969393e-11,0.0000e+00
1717.011,1.2787850767e-03,8.269407e-03,1.5060714881e+00,1.5060714881e+00,-1.1246992997e-01,1.2997928576e-10,0.0000e+00
1718.037,1.2787835926e-03,8.276581e-03,1.5060714190e+00,1.5060714190e+00,-1.1242943874e-01,1.7078509363e-10,0.0000e+00
1719.063,1.2787819557e-03,8.283771e-03,1.5060713498e+00,1.5060713498e+00,-1.1238817827e-01,2.1260765132e-10,0.0000e+00
1720.089,1.2787801372e-03,8.290979e-03,1.5060712805e+00,1.5060712805e+00,-1.1234614366e-01,2.5624994524e-10,0.0000e+00
1721.116,1.2787781449e-03,8.298206e-03,1.5060712113e+00,1.5060712113e+00,-1.1230332956e-01,2.9867663609e-10,0.0000e+00
1722.142,1.2787760104e-03,8.305451e-03,1.5060711419e+00,1.5060711419e+00,-1.1225973072e-01,3.3993949230e-10,0.0000e+00
1723.168,1.2787737779e-03,8.312715e-03,1.5060710725e+00,1.5060710725e+00,-1.1221534345e-01,3.7968804389e-10,0.0000e+00
1724.195,1.2787714943e-03,8.319998e-03,1.5060710031e+00,1.5060710031e+00,-1.1217016867e-01,4.1788455862e-10,0.0000e+00
1725.221,1.2787692043e-03,8.327300e-03,1.5060709337e+00,1.5060709337e+00,-1.1212421412e-01,4.5195170620e-10,0.0000e+00
1726.247,1.2787669490e-03,8.334622e-03,1.5060708641e+00,1.5060708641e+00,-1.1207749228e-01,4.8129152542e-10,0.0000e+00
1727.274,1.2787647577e-03,8.341965e-03,1.5060707946e+00,1.5060707946e+00,-1.1203001880e-01,5.0547169390e-10,0.0000e+00
1728.300,1.2787626399e-03,8.349328e-03,1.5060707250e+00,1.5060707250e+00,-1.1198181202e-01,5.2401801356e-10,0.0000e+00
1729.326,1.2787605880e-03,8.356715e-03,1.5060706553e+00,1.5060706553e+00,-1.1193289687e-01,5.3735440682e-10,0.0000e+00
1730.353,1.2787585930e-03,8.364126e-03,1.5060705856e+00,1.5060705856e+00,-1.1188330264e-01,5.4565771381e-10,0.0000e+00
1731.379,1.2787566549e-03,8.371562e-03,1.5060705159e+00,1.5060705159e+00,-1.1183306444e-01,5.4907383516e-10,0.0000e+00
1732.405,1.2787547820e-03,8.379021e-03,1.5060704461e+00,1.5060704461e+00,-1.1178222072e-01,5.4769091490e-10,0.0000e+00
1733.431,1.2787529808e-03,8.386500e-03,1.5060703762e+00,1.5060703762e+00,-1.1173080393e-01,5.4168487560e-10,0.0000e+00
1734.458,1.2787512476e-03,8.393999e-03,1.5060703063e+00,1.5060703063e+00,-1.1167884081e-01,5.3118772044e-10,0.0000e+00
1735.484,1.2787495652e-03,8.401517e-03,1.5060702364e+00,1.5060702364e+00,-1.1162636105e-01,5.1631514028e-10,0.0000e+00
1736.510,1.2787479117e-03,8.409057e-03,1.5060701664e+00,1.5060701664e+00,-1.1157340380e-01,4.9715189377e-10,0.0000e+00
1737.537,1.2787462712e-03,8.416618e-03,1.5060700964e+00,1.5060700964e+00,-1.1152001726e-01,4.7383227722e-10,0.0000e+00
1738.563,1.2787446391e-03,8.424200e-03,1.5060700263e+00,1.5060700263e+00,-1.1146625351e-01,4.3914509882e-10,0.0000e+00
1739.589,1.2787430202e-03,8.431800e-03,1.5060699561e+00,1.5060699561e+00,-1.1141216202e-01,3.0793626943e-10,0.0000e+00
1740.616,1.2787414233e-03,8.439416e-03,1.5060698859e+00,1.5060698859e+00,-1.1135777992e-01,7.6586610456e-11,0.0000e+00
1741.642,1.2787398541e-03,8.447044e-03,1.5060698157e+00,1.5060698157e+00,-1.1130313035e-01,-1.2693801148e-10,0.0000e+00
1742.668,1.2787383128e-03,8.454684e-03,1.5060697454e+00,1.5060697454e+00,-1.1124823263e-01,-2.4151033726e-10,0.0000e+00
1743.695,1.2787367968e-03,8.462334e-03,1.5060696751e+00,1.5060696751e+00,-1.1119309872e-01,-3.0093046282e-10,0.0000e+00
1744.721,1.2787352951e-03,8.469991e-03,1.5060696047e+00,1.5060696047e+00,-1.1113773896e-01,-3.6822235458e-10,0.0000e+00
1745.747,1.2787337762e-03,8.477656e-03,1.5060695342e+00,1.5060695342e+00,-1.1108216058e-01,-4.0984595322e-10,0.0000e+00
1746.773,1.2787321919e-03,8.485328e-03,1.5060694637e+00,1.5060694637e+00,-1.1102636991e-01,-4.3638129415e-10,0.0000e+00
1747.800,1.2787304996e-03,8.493007e-03,1.5060693932e+00,1.5060693932e+00,-1.1097037524e-01,-4.6364671868e-10,0.0000e+00
1748.826,1.2787287007e-03,8.500695e-03,1.5060693226e+00,1.5060693226e+00,-1.1091418353e-01,-4.9143178417e-10,0.0000e+00
1749.852,1.2787268574e-03,8.508395e-03,1.5060692519e+00,1.5060692519e+00,-1.1085779930e-01,-5.1974401386e-10,0.0000e+00
1750.879,1.2787250667e-03,8.516107e-03,1.5060691812e+00,1.5060691812e+00,-1.1080122491e-01,-5.4960061327e-10,0.0000e+00
1751.905,1.2787234077e-03,8.523833e-03,1.5060691104e+00,1.5060691104e+00,-1.1074446111e-01,-5.7460918523e-10,0.0000e+00
1752.931,1.2787218975e-03,8.531571e-03,1.5060690396e+00,1.5060690396e+00,-1.1068750752e-01,-5.9407839302e-10,0.0000e+00
1753.958,1.2787204825e-03,8.539321e-03,1.5060689687e+00,1.5060689687e+00,-1.1063036242e-01,-6.1382969253e-10,0.0000e+00
1754.984,1.2787190676e-03,8.547081e-03,1.5060688978e+00,1.5060688978e+00,-1.1057302430e-01,-6.3856325508e-10,0.0000e+00
1756.010,1.2787175605e-03,8.554851e-03,1.5060688268e+00,1.5060688268e+00,-1.1051549286e-01,-6.7037394811e-10,0.0000e+00
1757.037,1.2787159071e-03,8.562629e-03,1.5060687557e+00,1.5060687557e+00,-1.1045776936e-01,-7.0693376023e-10,0.0000e+00
1758.063,1.2787141040e-03,8.570414e-03,1.5060686846e+00,1.5060686846e+00,-1.1039985524e-01,-7.4293514101e-10,0.0000e+00
1759.089,1.2787121866e-03,8.578204e-03,1.5060686134e+00,1.5060686134e+00,-1.1034175215e-01,-7.7347699064e-10,0.0000e+00
1760.115,1.2787102073e-03,8.585999e-03,1.5060685422e+00,1.5060685422e+00,-1.1028346451e-01,-7.9663115853e-10,0.0000e+00
1761.142,1.2787082156e-03,8.593797e-03,1.5060684709e+00,1.5060684709e+00,-1.1022499935e-01,-8.4262054824e-10,0.0000e+00
1762.168,1.2787062451e-03,8.601599e-03,1.5060683996e+00,1.5060683996e+00,-1.1016636548e-01,-9.5606702299e-10,0.0000e+00
1763.194,1.2787043115e-03,8.609402e-03,1.5060683281e+00,1.5060683281e+00,-1.1010757385e-01,-1.0734528823e-09,0.0000e+00
1764.221,1.2787024181e-03,8.617208e-03,1.5060682567e+00,1.5060682567e+00,-1.1004863830e-01,-1.1373330941e-09,0.0000e+00
1765.247,1.2787005636e-03,8.625015e-03,1.5060681851e+00,1.5060681851e+00,-1.0998957535e-01,-1.1601117787e-09,0.0000e+00
1766.273,1.2786987476e-03,8.632824e-03,1.5060681135e+00,1.5060681135e+00,-1.0993040414e-01,-1.2154986380e-09,0.0000e+00
1767.300,1.2786969718e-03,8.640628e-03,1.5060680419e+00,1.5060680419e+00,-1.0987114560e-01,-1.3188925381e-09,0.0000e+00
1768.326,1.2786952400e-03,8.648428e-03,1.5060679702e+00,1.5060679702e+00,-1.0981182470e-01,-1.4101877371e-09,0.0000e+00
1769.352,1.2786935558e-03,8.656228e-03,1.5060678984e+00,1.5060678984e+00,-1.0975247218e-01,-1.4636470587e-09,0.0000e+00
1770.378,1.2786919224e-03,8.664033e-03,1.5060678265e+00,1.5060678265e+00,-1.0969311887e-01,-1.4915605109e-09,0.0000e+00
1771.405,1.2786903411e-03,8.671844e-03,1.5060677546e+00,1.5060677546e+00,-1.0963379244e-01,-1.5108190120e-09,0.0000e+00
1772.431,1.2786888092e-03,8.679661e-03,1.5060676826e+00,1.5060676826e+00,-1.0957451847e-01,-1.5366907775e-09,0.0000e+00
1773.457,1.2786873151e-03,8.687484e-03,1.5060676106e+00,1.5060676106e+00,-1.0951532290e-01,-1.5758252814e-09,0.0000e+00
1774.484,1.2786858369e-03,8.695313e-03,1.5060675385e+00,1.5060675385e+00,-1.0945623397e-01,-1.6253270474e-09,0.0000e+00
1775.510,1.2786843463e-03,8.703147e-03,1.5060674663e+00,1.5060674663e+00,-1.0939728358e-01,-1.6840976058e-09,0.0000e+00
1776.536,1.2786828195e-03,8.710984e-03,1.5060673941e+00,1.5060673941e+00,-1.0933850732e-01,-1.7382794324e-09,0.0000e+00
1777.563,1.2786812481e-03,8.718824e-03,1.5060673217e+00,1.5060673217e+00,-1.0927994418e-01,-1.7753366835e-09,0.0000e+00
1778.589,1.2786796402e-03,8.726661e-03,1.5060672494e+00,1.5060672494e+00,-1.0922163258e-01,-1.7959725446e-09,0.0000e+00
1779.615,1.2786780131e-03,8.734492e-03,1.5060671769e+00,1.5060671769e+00,-1.0916359868e-01,-1.8112887635e-09,0.0000e+00
1780.642,1.2786763817e-03,8.742320e-03,1.5060671044e+00,1.5060671044e+00,-1.0910587268e-01,-1.7999209731e-09,0.0000e+00
1781.668,1.2786747520e-03,8.750147e-03,1.5060670318e+00,1.5060670318e+00,-1.0904849961e-01,-1.7190156315e-09,0.0000e+00
1782.694,1.2786731219e-03,8.757977e-03,1.5060669591e+00,1.5060669591e+00,-1.0899153381e-01,-1.5848469724e-09,0.0000e+00
1783.720,1.2786714854e-03,8.765809e-03,1.5060668863e+00,1.5060668863e+00,-1.0893502929e-01,-1.4633768920e-09,0.0000e+00
1784.747,1.2786698374e-03,8.773647e-03,1.5060668135e+00,1.5060668135e+00,-1.0887903853e-01,-1.3952536713e-09,0.0000e+00
1785.773,1.2786681756e-03,8.781491e-03,1.5060667406e+00,1.5060667406e+00,-1.0882361207e-01,-1.3795581344e-09,0.0000e+00
1786.799,1.2786665028e-03,8.789342e-03,1.5060666676e+00,1.5060666676e+00,-1.0876879670e-01,-1.3962940358e-09,0.0000e+00
1787.826,1.2786648279e-03,8.797203e-03,1.5060665946e+00,1.5060665946e+00,-1.0871463352e-01,-1.4290434186e-09,0.0000e+00
1788.852,1.2786631659e-03,8.805071e-03,1.5060665215e+00,1.5060665215e+00,-1.0866115691e-01,-1.4702462067e-09,0.0000e+00
1789.878,1.2786615339e-03,8.812945e-03,1.5060664483e+00,1.5060664483e+00,-1.0860839446e-01,-1.5099671928e-09,0.0000e+00
1790.905,1.2786599435e-03,8.820823e-03,1.5060663750e+00,1.5060663750e+00,-1.0855636738e-01,-1.5023896914e-09,0.0000e+00
1791.931,1.2786583938e-03,8.828704e-03,1.5060663016e+00,1.5060663016e+00,-1.0850509232e-01,-1.3818138680e-09,0.0000e+00
1792.957,1.2786568691e-03,8.836585e-03,1.5060662282e+00,1.5060662282e+00,-1.0845458094e-01,-1.1245532791e-09,0.0000e+00
1793.984,1.2786553431e-03,8.844465e-03,1.5060661546e+00,1.5060661546e+00,-1.0840483974e-01,-1.0042900516e-09,0.0000e+00
1795.010,1.2786537878e-03,8.852344e-03,1.5060660810e+00,1.5060660810e+00,-1.0835587309e-01,-1.0340844166e-09,0.0000e+00
1796.036,1.2786521804e-03,8.860222e-03,1.5060660073e+00,1.5060660073e+00,-1.0830768525e-01,-7.2548405600e-10,0.0000e+00
1797.062,1.2786505069e-03,8.868099e-03,1.5060659336e+00,1.5060659336e+00,-1.0826028132e-01,-5.6537043359e-10,0.0000e+00
1798.089,1.2786487621e-03,8.875977e-03,1.5060658597e+00,1.5060658597e+00,-1.0821366675e-01,-4.3199850005e-10,0.0000e+00
1799.115,1.2786469529e-03,8.883855e-03,1.5060657858e+00,1.5060657858e+00,-1.0816784660e-01,-6.4980482889e-10,0.0000e+00
1800.141,1.2786451017e-03,8.891734e-03,1.5060657117e+00,1.5060657117e+00,-1.0812282315e-01,-1.0492519309e-09,0.0000e+00
1801.168,1.2786432488e-03,8.899615e-03,1.5060656376e+00,1.5060656376e+00,-1.0807859720e-01,-1.1216578853e-09,0.0000e+00
1802.194,1.2786414470e-03,8.907498e-03,1.5060655634e+00,1.5060655634e+00,-1.0803517074e-01,-1.2498877285e-09,0.0000e+00
1803.220,1.2786397484e-03,8.915384e-03,1.5060654892e+00,1.5060654892e+00,-1.0799254660e-01,-1.2426457867e-09,0.0000e+00
1804.247,1.2786381884e-03,8.923273e-03,1.5060654148e+00,1.5060654148e+00,-1.0795072797e-01,-1.2044845844e-09,0.0000e+00
1805.273,1.2786367719e-03,8.931165e-03,1.5060653403e+00,1.5060653403e+00,-1.0790971864e-01,-1.1452027888e-09,0.0000e+00
1806.299,1.2786354690e-03,8.939060e-03,1.5060652658e+00,1.5060652658e+00,-1.0786952241e-01,-1.0742611319e-09,0.0000e+00
1807.326,1.2786342223e-03,8.946960e-03,1.5060651911e+00,1.5060651911e+00,-1.0783014411e-01,-1.0026720478e-09,0.0000e+00
1808.352,1.2786329620e-03,8.954862e-03,1.5060651164e+00,1.5060651164e+00,-1.0779158983e-01,-9.3042274562e-10,0.0000e+00
1809.378,1.2786316246e-03,8.962769e-03,1.5060650416e+00,1.5060650416e+00,-1.0775386709e-01,-8.5506353127e-10,0.0000e+00
1810.404,1.2786301686e-03,8.970680e-03,1.5060649667e+00,1.5060649667e+00,-1.0771698434e-01,-7.9984962556e-10,0.0000e+00
1811.431,1.2786285814e-03,8.978595e-03,1.5060648917e+00,1.5060648917e+00,-1.0768095004e-01,-7.5671741853e-10,0.0000e+00
1812.457,1.2786268782e-03,8.986516e-03,1.5060648166e+00,1.5060648166e+00,-1.0764577241e-01,-7.0189702999e-10,0.0000e+00
1813.483,1.2786250937e-03,8.994442e-03,1.5060647414e+00,1.5060647414e+00,-1.0761145945e-01,-6.5465442312e-10,0.0000e+00
1814.510,1.2786232714e-03,9.002373e-03,1.5060646661e+00,1.5060646661e+00,-1.0757801846e-01,-6.1861220339e-10,0.0000e+00
1815.536,1.2786214541e-03,9.010308e-03,1.5060645907e+00,1.5060645907e+00,-1.0754545649e-01,-5.8383987277e-10,0.0000e+00
1816.562,1.2786196775e-03,9.018248e-03,1.5060645152e+00,1.5060645152e+00,-1.0751378260e-01,-5.4437728602e-10,0.0000e+00
1817.589,1.2786179664e-03,9.026192e-03,1.5060644397e+00,1.5060644397e+00,-1.0748300651e-01,-4.9765000836e-10,0.0000e+00
1818.615,1.2786163332e-03,9.034140e-03,1.5060643640e+00,1.5060643640e+00,-1.0745313644e-01,-4.4164363329e-10,0.0000e+00
1819.641,1.2786147778e-03,9.042092e-03,1.5060642882e+00,1.5060642882e+00,-1.0742417854e-01,-3.7583122578e-10,0.0000e+00
1820.667,1.2786132895e-03,9.050048e-03,1.5060642124e+00,1.5060642124e+00,-1.0739613688e-01,-3.0165699443e-10,0.0000e+00
1821.694,1.2786118493e-03,9.058008e-03,1.5060641364e+00,1.5060641364e+00,-1.0736901371e-01,-2.2053788867e-10,0.0000e+00
1822.720,1.2786104341e-03,9.065972e-03,1.5060640603e+00,1.5060640603e+00,-1.0734280970e-01,-1.3445701982e-10,0.0000e+00
1823.746,1.2786090204e-03,9.073941e-03,1.5060639841e+00,1.5060639841e+00,-1.0731752396e-01,-4.3055087657e-11,0.0000e+00
1824.773,1.2786075897e-03,9.081914e-03,1.5060639079e+00,1.5060639079e+00,-1.0729315422e-01,5.4458129679e-11,0.0000e+00
1825.799,1.2786061320e-03,9.089890e-03,1.5060638315e+00,1.5060638315e+00,-1.0726969701e-01,1.6000681338e-10,0.0000e+00
1826.825,1.2786046468e-03,9.097868e-03,1.5060637550e+00,1.5060637550e+00,-1.0724714705e-01,2.7514285233e-10,0.0000e+00
1827.852,1.2786031421e-03,9.105847e-03,1.5060636784e+00,1.5060636784e+00,-1.0722549750e-01,4.1341625628e-10,0.0000e+00
1828.878,1.2786016309e-03,9.113829e-03,1.5060636017e+00,1.5060636017e+00,-1.0720474191e-01,5.7377130640e-10,0.0000e+00
1829.904,1.2786001271e-03,9.121814e-03,1.5060635249e+00,1.5060635249e+00,-1.0718487532e-01,7.2448375774e-10,0.0000e+00
1830.931,1.2785986417e-03,9.129803e-03,1.5060634480e+00,1.5060634480e+00,-1.0716589237e-01,8.3519660644e-10,0.0000e+00
1831.957,1.2785971810e-03,9.137797e-03,1.5060633710e+00,1.5060633710e+00,-1.0714778543e-01,8.9659146600e-10,0.0000e+00
1832.983,1.2785957454e-03,9.145793e-03,1.5060632939e+00,1.5060632939e+00,-1.0713054528e-01,9.4410366090e-10,0.0000e+00
1834.009,1.2785943306e-03,9.153791e-03,1.5060632166e+00,1.5060632166e+00,-1.0711416272e-01,9.6883303345e-10,0.0000e+00
1835.036,1.2785929292e-03,9.161789e-03,1.5060631393e+00,1.5060631393e+00,-1.0709862949e-01,9.6850318392e-10,0.0000e+00
1836.062,1.2785915335e-03,9.169788e-03,1.5060630619e+00,1.5060630619e+00,-1.0708393908e-01,9.4380493557e-10,0.0000e+00
1837.088,1.2785901368e-03,9.177785e-03,1.5060629843e+00,1.5060629843e+00,-1.0707008624e-01,8.7395903972e-10,0.0000e+00
1838.115,1.2785887350e-03,9.185781e-03,1.5060629066e+00,1.5060629066e+00,-1.0705706625e-01,7.8326113795e-10,0.0000e+00
1839.141,1.2785873265e-03,9.193774e-03,1.5060628288e+00,1.5060628288e+00,-1.0704487511e-01,6.8637984772e-10,0.0000e+00
1840.167,1.2785859121e-03,9.201764e-03,1.5060627509e+00,1.5060627509e+00,-1.0703350927e-01,5.6434048092e-10,0.0000e+00
1841.194,1.2785844934e-03,9.209751e-03,1.5060626729e+00,1.5060626729e+00,-1.0702296584e-01,3.7112804405e-10,0.0000e+00
1842.220,1.2785830724e-03,9.217737e-03,1.5060625948e+00,1.5060625948e+00,-1.0701324270e-01,1.9544278026e-10,0.0000e+00
1843.246,1.2785816496e-03,9.225719e-03,1.5060625166e+00,1.5060625166e+00,-1.0700433793e-01,2.2367596812e-11,0.0000e+00
1844.273,1.2785802232e-03,9.233699e-03,1.5060624382e+00,1.5060624382e+00,-1.0699624931e-01,-2.8914867997e-10,0.0000e+00
1845.299,1.2785787897e-03,9.241676e-03,1.5060623597e+00,1.5060623597e+00,-1.0698897384e-01,-6.7940017780e-10,0.0000e+00
1846.325,1.2785773458e-03,9.249650e-03,1.5060622812e+00,1.5060622812e+00,-1.0698250776e-01,-1.0365487156e-09,0.0000e+00
1847.351,1.2785758928e-03,9.257621e-03,1.5060622024e+00,1.5060622024e+00,-1.0697684650e-01,-1.3708777168e-09,0.0000e+00
1848.378,1.2785744387e-03,9.265587e-03,1.5060621236e+00,1.5060621236e+00,-1.0697198445e-01,-1.8062476615e-09,0.0000e+00
1849.404,1.2785729985e-03,9.273548e-03,1.5060620447e+00,1.5060620447e+00,-1.0696791502e-01,-2.2634016375e-09,0.0000e+00
1850.430,1.2785715889e-03,9.281504e-03,1.5060619656e+00,1.5060619656e+00,-1.0696463089e-01,-2.6855964652e-09,0.0000e+00
1851.457,1.2785702223e-03,9.289453e-03,1.5060618864e+00,1.5060618864e+00,-1.0696212433e-01,-3.0660541136e-09,0.0000e+00
1852.483,1.2785689009e-03,9.297396e-03,1.5060618071e+00,1.5060618071e+00,-1.0696038767e-01,-3.4301784898e-09,0.0000e+00
1853.509,1.2785676149e-03,9.305333e-03,1.5060617277e+00,1.5060617277e+00,-1.0695941372e-01,-3.7959403645e-09,0.0000e+00
1854.536,1.2785663450e-03,9.313262e-03,1.5060616482e+00,1.5060616482e+00,-1.0695919597e-01,-4.2336432411e-09,0.0000e+00
1855.562,1.2785650667e-03,9.321184e-03,1.5060615685e+00,1.5060615685e+00,-1.0695972870e-01,-4.7500529380e-09,0.0000e+00
1856.588,1.2785637567e-03,9.329100e-03,1.5060614887e+00,1.5060614887e+00,-1.0696100691e-01,-5.3477747859e-09,0.0000e+00
1857.615,1.2785623975e-03,9.337009e-03,1.5060614088e+00,1.5060614088e+00,-1.0696302629e-01,-6.0674195617e-09,0.0000e+00
1858.641,1.2785609811e-03,9.344912e-03,1.5060613287e+00,1.5060613287e+00,-1.0696578319e-01,-6.9233603380e-09,0.0000e+00
1859.667,1.2785595100e-03,9.352808e-03,1.5060612486e+00,1.5060612486e+00,-1.0696927461e-01,-7.8882257110e-09,0.0000e+00
1860.693,1.2785579965e-03,9.360698e-03,1.5060611683e+00,1.5060611683e+00,-1.0697349826e-01,-8.9269111428e-09,0.0000e+00
1861.720,1.2785564598e-03,9.368581e-03,1.5060610878e+00,1.5060610878e+00,-1.0697845236e-01,-1.0020694036e-08,0.0000e+00
1862.746,1.2785549219e-03,9.376456e-03,1.5060610073e+00,1.5060610073e+00,-1.0698413554e-01,-1.1149968010e-08,0.0000e+00
1863.772,1.2785534024e-03,9.384323e-03,1.5060609266e+00,1.5060609266e+00,-1.0699054667e-01,-1.2283753978e-08,0.0000e+00
1864.799,1.2785519150e-03,9.392182e-03,1.5060608458e+00,1.5060608458e+00,-1.0699768490e-01,-1.3373751859e-08,0.0000e+00
1865.825,1.2785504654e-03,9.400032e-03,1.5060607649e+00,1.5060607649e+00,-1.0700554970e-01,-1.4377817196e-08,0.0000e+00
1866.851,1.2785490513e-03,9.407872e-03,1.5060606838e+00,1.5060606838e+00,-1.0701414097e-01,-1.5284997045e-08,0.0000e+00
1867.878,1.2785476656e-03,9.415702e-03,1.5060606026e+00,1.5060606026e+00,-1.0702345887e-01,-1.6138387638e-08,0.0000e+00
1868.904,1.2785462987e-03,9.423523e-03,1.5060605213e+00,1.5060605213e+00,-1.0703350362e-01,-1.6990910166e-08,0.0000e+00
1869.930,1.2785449404e-03,9.431333e-03,1.5060604398e+00,1.5060604398e+00,-1.0704427527e-01,-1.7882594376e-08,0.0000e+00
1870.957,1.2785435819e-03,9.439133e-03,1.5060603582e+00,1.5060603582e+00,-1.0705577374e-01,-1.8843077888e-08,0.0000e+00
1871.983,1.2785422157e-03,9.446922e-03,1.5060602765e+00,1.5060602765e+00,-1.0706799885e-01,-1.9896599741e-08,0.0000e+00
1873.009,1.2785408369e-03,9.454701e-03,1.5060601946e+00,1.5060601946e+00,-1.0708095039e-01,-2.1061498969e-08,0.0000e+00
1874.035,1.2785394441e-03,9.462470e-03,1.5060601126e+00,1.5060601126e+00,-1.0709462807e-01,-2.2340906253e-08,0.0000e+00
1875.062,1.2785380394e-03,9.470228e-03,1.5060600305e+00,1.5060600305e+00,-1.0710903150e-01,-2.3736190298e-08,0.0000e+00
1876.088,1.2785366278e-03,9.477976e-03,1.5060599482e+00,1.5060599482e+00,-1.0712416026e-01,-2.5248027575e-08,0.0000e+00
1877.114,1.2785352162e-03,9.485712e-03,1.5060598658e+00,1.5060598658e+00,-1.0714001387e-01,-2.6873942319e-08,0.0000e+00
1878.141,1.2785338105e-03,9.493438e-03,1.5060597833e+00,1.5060597833e+00,-1.0715659186e-01,-2.8609830152e-08,0.0000e+00
1879.167,1.2785324143e-03,9.501152e-03,1.5060597006e+00,1.5060597006e+00,-1.0717389375e-01,-3.0444576495e-08,0.0000e+00
1880.193,1.2785310279e-03,9.508855e-03,1.5060596178e+00,1.5060596178e+00,-1.0719191902e-01,-3.2359875411e-08,0.0000e+00
1881.220,1.2785296478e-03,9.516547e-03,1.5060595348e+00,1.5060595348e+00,-1.0721066716e-01,-3.4336250244e-08,0.0000e+00
1882.246,1.2785282675e-03,9.524227e-03,1.5060594518e+00,1.5060594518e+00,-1.0723013775e-01,-3.6354841643e-08,0.0000e+00
1883.272,1.2785268796e-03,9.531896e-03,1.5060593685e+00,1.5060593685e+00,-1.0725033051e-01,-3.8399102417e-08,0.0000e+00
1884.298,1.2785254778e-03,9.539553e-03,1.5060592851e+00,1.5060592851e+00,-1.0727124541e-01,-4.0454027429e-08,0.0000e+00
1885.325,1.2785240590e-03,9.547199e-03,1.5060592016e+00,1.5060592016e+00,-1.0729288280e-01,-4.2505271054e-08,0.0000e+00
1886.351,1.2785226249e-03,9.554833e-03,1.5060591180e+00,1.5060591180e+00,-1.0731524359e-01,-4.4538122440e-08,0.0000e+00
1887.377,1.2785211816e-03,9.562457e-03,1.5060590342e+00,1.5060590342e+00,-1.0733832978e-01,-4.6537329853e-08,0.0000e+00
1888.404,1.2785197368e-03,9.570069e-03,1.5060589502e+00,1.5060589502e+00,-1.0736214376e-01,-4.8487051320e-08,0.0000e+00
1889.430,1.2785182968e-03,9.577669e-03,1.5060588662e+00,1.5060588662e+00,-1.0738668750e-01,-5.0371162620e-08,0.0000e+00
1890.456,1.2785168645e-03,9.585259e-03,1.5060587819e+00,1.5060587819e+00,-1.0741196364e-01,-5.2175003355e-08,0.0000e+00
1891.483,1.2785154397e-03,9.592836e-03,1.5060586976e+00,1.5060586976e+00,-1.0743797646e-01,-5.3884376137e-08,0.0000e+00
1892.509,1.2785140208e-03,9.600401e-03,1.5060586131e+00,1.5060586131e+00,-1.0746473219e-01,-5.5484341037e-08,0.0000e+00
1893.535,1.2785126056e-03,9.607954e-03,1.5060585284e+00,1.5060585284e+00,-1.0749223868e-01,-5.6970539694e-08,0.0000e+00
1894.562,1.2785111933e-03,9.615495e-03,1.5060584436e+00,1.5060584436e+00,-1.0752050497e-01,-5.8265365175e-08,0.0000e+00
1895.588,1.2785097844e-03,9.623023e-03,1.5060583587e+00,1.5060583587e+00,-1.0754954121e-01,-5.9290903773e-08,0.0000e+00
1896.614,1.2785083800e-03,9.630539e-03,1.5060582736e+00,1.5060582736e+00,-1.0757935795e-01,-6.0084068585e-08,0.0000e+00
1897.640,1.2785069817e-03,9.638042e-03,1.5060581883e+00,1.5060581883e+00,-1.0760996577e-01,-6.0651157771e-08,0.0000e+00
1898.667,1.2785055905e-03,9.645532e-03,1.5060581029e+00,1.5060581029e+00,-1.0764137524e-01,-6.0828306333e-08,0.0000e+00
1899.693,1.2785042066e-03,9.653011e-03,1.5060580174e+00,1.5060580174e+00,-1.0767359650e-01,-6.0823065192e-08,0.0000e+00
1900.719,1.2785028293e-03,9.660478e-03,1.5060579317e+00,1.5060579317e+00,-1.0770663873e-01,-6.1311527724e-08,0.0000e+00
1901.746,1.2785014570e-03,9.667935e-03,1.5060578459e+00,1.5060578459e+00,-1.0774050982e-01,-6.2584750292e-08,0.0000e+00
1902.772,1.2785000882e-03,9.675381e-03,1.5060577599e+00,1.5060577599e+00,-1.0777521636e-01,-6.4284325159e-08,0.0000e+00
1903.798,1.2784987216e-03,9.682817e-03,1.5060576737e+00,1.5060576737e+00,-1.0781076366e-01,-6.5867992457e-08,0.0000e+00
1904.825,1.2784973571e-03,9.690244e-03,1.5060575875e+00,1.5060575875e+00,-1.0784715581e-01,-6.6938517264e-08,0.0000e+00
1905.851,1.2784959955e-03,9.697661e-03,1.5060575010e+00,1.5060575010e+00,-1.0788439582e-01,-6.7287163618e-08,0.0000e+00
1906.877,1.2784946387e-03,9.705069e-03,1.5060574144e+00,1.5060574144e+00,-1.0792248557e-01,-6.6780054358e-08,0.0000e+00
1907.904,1.2784932879e-03,9.712469e-03,1.5060573277e+00,1.5060573277e+00,-1.0796142588e-01,-6.5361313122e-08,0.0000e+00
1908.930,1.2784919436e-03,9.719859e-03,1.5060572408e+00,1.5060572408e+00,-1.0800121666e-01,-6.3187461862e-08,0.0000e+00
1909.956,1.2784906051e-03,9.727241e-03,1.5060571538e+00,1.5060571538e+00,-1.0804185661e-01,-6.0306927908e-08,0.0000e+00
1910.982,1.2784892717e-03,9.734614e-03,1.5060570666e+00,1.5060570666e+00,-1.0808334290e-01,-5.6681340022e-08,0.0000e+00
1912.009,1.2784879434e-03,9.741979e-03,1.5060569792e+00,1.5060569792e+00,-1.0812567114e-01,-5.2060613994e-08,0.0000e+00
1913.035,1.2784866221e-03,9.749336e-03,1.5060568917e+00,1.5060568917e+00,-1.0816883595e-01,-4.6237384254e-08,0.0000e+00
1914.061,1.2784853112e-03,9.756686e-03,1.5060568040e+00,1.5060568040e+00,-1.0821283151e-01,-3.9489175543e-08,0.0000e+00
1915.088,1.2784840155e-03,9.764030e-03,1.5060567162e+00,1.5060567162e+00,-1.0825765200e-01,-3.2517662516e-08,0.0000e+00
1916.114,1.2784827389e-03,9.771368e-03,1.5060566282e+00,1.5060566282e+00,-1.0830329165e-01,-2.6281222019e-08,0.0000e+00
1917.140,1.2784814839e-03,9.778701e-03,1.5060565401e+00,1.5060565401e+00,-1.0834974448e-01,-2.1438945746e-08,0.0000e+00
1918.167,1.2784802502e-03,9.786030e-03,1.5060564518e+00,1.5060564518e+00,-1.0839700392e-01,-1.8135306805e-08,0.0000e+00
1919.193,1.2784790356e-03,9.793356e-03,1.5060563634e+00,1.5060563634e+00,-1.0844506246e-01,-1.5899439287e-08,0.0000e+00
1920.219,1.2784778361e-03,9.800681e-03,1.5060562748e+00,1.5060562748e+00,-1.0849391148e-01,-1.3838167943e-08,0.0000e+00
1921.246,1.2784766461e-03,9.808003e-03,1.5060561860e+00,1.5060561860e+00,-1.0854354100e-01,-1.1108604852e-08,0.0000e+00
1922.272,1.2784754593e-03,9.815325e-03,1.5060560971e+00,1.5060560971e+00,-1.0859393958e-01,-7.1793429272e-09,0.0000e+00
1923.298,1.2784742681e-03,9.822646e-03,1.5060560080e+00,1.5060560080e+00,-1.0864509431e-01,-1.7930791179e-09,0.0000e+00
1924.324,1.2784730639e-03,9.829966e-03,1.5060559187e+00,1.5060559187e+00,-1.0869699091e-01,5.1090416095e-09,0.0000e+00
1925.351,1.2784718377e-03,9.837287e-03,1.5060558293e+00,1.5060558293e+00,-1.0874961380e-01,1.3388759280e-08,0.0000e+00
1926.377,1.2784705807e-03,9.844609e-03,1.5060557397e+00,1.5060557397e+00,-1.0880294622e-01,2.2696483291e-08,0.0000e+00
1927.403,1.2784692861e-03,9.851932e-03,1.5060556500e+00,1.5060556500e+00,-1.0885697038e-01,3.2552224969e-08,0.0000e+00
1928.430,1.2784679507e-03,9.859257e-03,1.5060555601e+00,1.5060555601e+00,-1.0891166751e-01,4.2370120255e-08,0.0000e+00
1929.456,1.2784665753e-03,9.866584e-03,1.5060554700e+00,1.5060554700e+00,-1.0896701788e-01,5.1516757274e-08,0.0000e+00
1930.482,1.2784651656e-03,9.873914e-03,1.5060553798e+00,1.5060553798e+00,-1.0902300135e-01,5.9672814955e-08,0.0000e+00
1931.509,1.2784637308e-03,9.881246e-03,1.5060552894e+00,1.5060552894e+00,-1.0907959731e-01,6.6838348995e-08,0.0000e+00
1932.535,1.2784622822e-03,9.888582e-03,1.5060551988e+00,1.5060551988e+00,-1.0913678421e-01,7.3274787568e-08,0.0000e+00
1933.561,1.2784608318e-03,9.895922e-03,1.5060551081e+00,1.5060551081e+00,-1.0919453997e-01,7.9205942406e-08,0.0000e+00
1934.588,1.2784593900e-03,9.903265e-03,1.5060550172e+00,1.5060550172e+00,-1.0925284190e-01,8.4723379825e-08,0.0000e+00
1935.614,1.2784579645e-03,9.910613e-03,1.5060549261e+00,1.5060549261e+00,-1.0931166693e-01,8.9769282031e-08,0.0000e+00
1936.640,1.2784565588e-03,9.917964e-03,1.5060548348e+00,1.5060548348e+00,-1.0937099172e-01,9.4216125935e-08,0.0000e+00
1937.666,1.2784551717e-03,9.925321e-03,1.5060547434e+00,1.5060547434e+00,-1.0943079255e-01,9.7947019045e-08,0.0000e+00
1938.693,1.2784537977e-03,9.932681e-03,1.5060546518e+00,1.5060546518e+00,-1.0949104536e-01,1.0090592239e-07,0.0000e+00
1939.719,1.2784524286e-03,9.940047e-03,1.5060545601e+00,1.5060545601e+00,-1.0955172571e-01,1.0305817568e-07,0.0000e+00
1940.745,1.2784510550e-03,9.947418e-03,1.5060544681e+00,1.5060544681e+00,-1.0961280867e-01,1.0436552246e-07,0.0000e+00
1941.772,1.2784496692e-03,9.954795e-03,1.5060543760e+00,1.5060543760e+00,-1.0967426847e-01,1.0477787252e-07,0.0000e+00
1942.798,1.2784482667e-03,9.962179e-03,1.5060542837e+00,1.5060542837e+00,-1.0973607798e-01,1.0407892092e-07,0.0000e+00
1943.824,1.2784468476e-03,9.969570e-03,1.5060541913e+00,1.5060541913e+00,-1.0979820880e-01,1.0199426335e-07,0.0000e+00
1944.851,1.2784454168e-03,9.976968e-03,1.5060540986e+00,1.5060540986e+00,-1.0986063175e-01,9.8426631310e-08,0.0000e+00
1945.877,1.2784439821e-03,9.984374e-03,1.5060540058e+00,1.5060540058e+00,-1.0992331730e-01,9.3428477828e-08,0.0000e+00
1946.903,1.2784425528e-03,9.991788e-03,1.5060539128e+00,1.5060539128e+00,-1.0998623577e-01,8.7038672903e-08,0.0000e+00
1947.929,1.2784411373e-03,9.999211e-03,1.5060538196e+00,1.5060538196e+00,-1.1004935746e-01,7.9292356521e-08,0.0000e+00
1948.956,1.2784397432e-03,1.000664e-02,1.5060537263e+00,1.5060537263e+00,-1.1011265272e-01,7.0330829339e-08,0.0000e+00
1949.982,1.2784383773e-03,1.001408e-02,1.5060536327e+00,1.5060536327e+00,-1.1017609229e-01,6.0295839047e-08,0.0000e+00
1951.008,1.2784370460e-03,1.002153e-02,1.5060535390e+00,1.5060535390e+00,-1.1023964763e-01,4.9267176288e-08,0.0000e+00
1952.035,1.2784357536e-03,1.002899e-02,1.5060534451e+00,1.5060534451e+00,-1.1030329094e-01,3.7247933494e-08,0.0000e+00
1953.061,1.2784344998e-03,1.003646e-02,1.5060533510e+00,1.5060533510e+00,-1.1036699516e-01,2.4277952637e-08,0.0000e+00
1954.087,1.2784332762e-03,1.004395e-02,1.5060532567e+00,1.5060532567e+00,-1.1043073375e-01,1.0357571796e-08,0.0000e+00
1955.114,1.2784320655e-03,1.005144e-02,1.5060531623e+00,1.5060531623e+00,-1.1049448100e-01,-4.4763419274e-09,0.0000e+00
1956.140,1.2784308437e-03,1.005895e-02,1.5060530676e+00,1.5060530676e+00,-1.1055821222e-01,-2.0031284821e-08,0.0000e+00
1957.166,1.2784295851e-03,1.006647e-02,1.5060529728e+00,1.5060529728e+00,-1.1062190313e-01,-3.5987351473e-08,0.0000e+00
1958.193,1.2784282691e-03,1.007400e-02,1.5060528778e+00,1.5060528778e+00,-1.1068552954e-01,-5.1978663804e-08,0.0000e+00
1959.219,1.2784268846e-03,1.008155e-02,1.5060527825e+00,1.5060527825e+00,-1.1074906774e-01,-6.7751940713e-08,0.0000e+00
1960.245,1.2784254322e-03,1.008911e-02,1.5060526871e+00,1.5060526871e+00,-1.1081249415e-01,-8.3081442777e-08,0.0000e+00
1961.271,1.2784239231e-03,1.009669e-02,1.5060525915e+00,1.5060525915e+00,-1.1087578523e-01,-9.7775097331e-08,0.0000e+00
1962.298,1.2784223752e-03,1.010428e-02,1.5060524957e+00,1.5060524957e+00,-1.1093891766e-01,-1.1169269419e-07,0.0000e+00
1963.324,1.2784208082e-03,1.011188e-02,1.5060523997e+00,1.5060523997e+00,-1.1100186852e-01,-1.2474986048e-07,0.0000e+00
1964.350,1.2784192402e-03,1.011950e-02,1.5060523035e+00,1.5060523035e+00,-1.1106461538e-01,-1.3707869151e-07,0.0000e+00
1965.377,1.2784176846e-03,1.012714e-02,1.5060522071e+00,1.5060522071e+00,-1.1112713670e-01,-1.4876324280e-07,0.0000e+00
1966.403,1.2784161490e-03,1.013479e-02,1.5060521105e+00,1.5060521105e+00,-1.1118941186e-01,-1.5986304554e-07,0.0000e+00
1967.429,1.2784146356e-03,1.014245e-02,1.5060520137e+00,1.5060520137e+00,-1.1125142116e-01,-1.7049322927e-07,0.0000e+00
1968.456,1.2784131413e-03,1.015012e-02,1.5060519167e+00,1.5060519167e+00,-1.1131314575e-01,-1.8072327752e-07,0.0000e+00
1969.482,1.2784116595e-03,1.015781e-02,1.5060518195e+00,1.5060518195e+00,-1.1137456782e-01,-1.9076823594e-07,0.0000e+00
1970.508,1.2784101822e-03,1.016552e-02,1.5060517221e+00,1.5060517221e+00,-1.1143567058e-01,-2.0099890334e-07,0.0000e+00
1971.535,1.2784087019e-03,1.017324e-02,1.5060516244e+00,1.5060516244e+00,-1.1149643817e-01,-2.1163182309e-07,0.0000e+00
1972.561,1.2784072137e-03,1.018097e-02,1.5060515266e+00,1.5060515266e+00,-1.1155685578e-01,-2.2266088207e-07,0.0000e+00
1973.587,1.2784057152e-03,1.018872e-02,1.5060514285e+00,1.5060514285e+00,-1.1161691003e-01,-2.3217873033e-07,0.0000e+00
1974.613,1.2784042069e-03,1.019647e-02,1.5060513303e+00,1.5060513303e+00,-1.1167658853e-01,-2.3798900587e-07,0.0000e+00
1975.640,1.2784026910e-03,1.020425e-02,1.5060512318e+00,1.5060512318e+00,-1.1173587968e-01,-2.4056129344e-07,0.0000e+00
1976.666,1.2784011712e-03,1.021203e-02,1.5060511331e+00,1.5060511331e+00,-1.1179477368e-01,-2.4242277590e-07,0.0000e+00
1977.692,1.2783996517e-03,1.021983e-02,1.5060510342e+00,1.5060510342e+00,-1.1185326324e-01,-2.4930819976e-07,0.0000e+00
1978.719,1.2783981364e-03,1.022765e-02,1.5060509351e+00,1.5060509351e+00,-1.1191134309e-01,-2.6919390778e-07,0.0000e+00
1979.745,1.2783966285e-03,1.023547e-02,1.5060508357e+00,1.5060508357e+00,-1.1196900898e-01,-3.0569079745e-07,0.0000e+00
1980.771,1.2783951301e-03,1.024331e-02,1.5060507361e+00,1.5060507361e+00,-1.1202625763e-01,-3.5352150760e-07,0.0000e+00
1981.798,1.2783936414e-03,1.025116e-02,1.5060506363e+00,1.5060506363e+00,-1.1208308743e-01,-4.0391571298e-07,0.0000e+00
1982.824,1.2783921613e-03,1.025903e-02,1.5060505363e+00,1.5060505363e+00,-1.1213949940e-01,-4.4807441995e-07,0.0000e+00
1983.850,1.2783906878e-03,1.026692e-02,1.5060504360e+00,1.5060504360e+00,-1.1219549665e-01,-4.8036399644e-07,0.0000e+00
1984.877,1.2783892187e-03,1.027482e-02,1.5060503355e+00,1.5060503355e+00,-1.1225108361e-01,-4.9981891107e-07,0.0000e+00
1985.903,1.2783877521e-03,1.028274e-02,1.5060502348e+00,1.5060502348e+00,-1.1230626607e-01,-5.0704115872e-07,0.0000e+00
1986.929,1.2783862873e-03,1.029068e-02,1.5060501338e+00,1.5060501338e+00,-1.1236105045e-01,-5.0396155418e-07,0.0000e+00
1987.955,1.2783848242e-03,1.029864e-02,1.5060500326e+00,1.5060500326e+00,-1.1241544300e-01,-4.9603146249e-07,0.0000e+00
1988.982,1.2783833643e-03,1.030661e-02,1.5060499312e+00,1.5060499312e+00,-1.1246944905e-01,-4.8883559752e-07,0.0000e+00
1990.008,1.2783819097e-03,1.031461e-02,1.5060498295e+00,1.5060498295e+00,-1.1252307349e-01,-4.8576965257e-07,0.0000e+00
1991.034,1.2783804617e-03,1.032262e-02,1.5060497276e+00,1.5060497276e+00,-1.1257632130e-01,-4.8801712642e-07,0.0000e+00
1992.061,1.2783790201e-03,1.033065e-02,1.5060496254e+00,1.5060496254e+00,-1.1262919769e-01,-4.9539309975e-07,0.0000e+00
1993.087,1.2783775827e-03,1.033870e-02,1.5060495229e+00,1.5060495229e+00,-1.1268170792e-01,-5.0711381658e-07,0.0000e+00
1994.113,1.2783761459e-03,1.034677e-02,1.5060494202e+00,1.5060494202e+00,-1.1273385706e-01,-5.2213117950e-07,0.0000e+00
1995.140,1.2783747067e-03,1.035485e-02,1.5060493173e+00,1.5060493173e+00,-1.1278564987e-01,-5.3922481818e-07,0.0000e+00
1996.166,1.2783732627e-03,1.036295e-02,1.5060492140e+00,1.5060492140e+00,-1.1283709074e-01,-5.5712787143e-07,0.0000e+00
1997.192,1.2783718120e-03,1.037107e-02,1.5060491106e+00,1.5060491106e+00,-1.1288818368e-01,-5.7469395963e-07,0.0000e+00
1998.219,1.2783703535e-03,1.037920e-02,1.5060490068e+00,1.5060490068e+00,-1.1293893227e-01,-5.9108637076e-07,0.0000e+00
1999.245,1.2783688873e-03,1.038735e-02,1.5060489028e+00,1.5060489028e+00,-1.1298933960e-01,-6.0575885633e-07,0.0000e+00
