t,rhoc_rel,errD,Snorm,Mb_rel,vatm,rstar_R
0.00,0.00000000e+00,3.845954e-07,1.245356e-05,0.0000000000e+00,0.0000e+00,0.9938
0.51,-3.33261564e-04,1.164558e-04,1.243389e-05,-9.7699626167e-15,3.6749e-03,1.0125
1.01,-6.63657781e-04,2.325759e-04,1.237477e-05,-1.0880185641e-14,8.5081e-03,1.0125
1.52,-9.88513955e-04,3.479611e-04,1.227666e-05,-1.1768364061e-14,1.3881e-02,1.0125
2.03,-1.30524865e-03,4.622541e-04,1.214030e-05,-1.2434497876e-14,1.7865e-02,1.0125
2.53,-1.61132951e-03,5.751082e-04,1.196674e-05,-1.3100631691e-14,2.0629e-02,1.0125
3.04,-1.90441512e-03,6.861813e-04,1.175734e-05,-1.4432899320e-14,2.2794e-02,1.0125
3.55,-2.18231755e-03,7.951384e-04,1.151370e-05,-1.6098233857e-14,1.3531e-02,1.0125
4.05,-2.44304209e-03,9.016692e-04,1.123774e-05,-1.6098233857e-14,1.2530e-02,1.0125
4.56,-2.68482179e-03,1.005497e-03,1.093166e-05,-1.6209256160e-14,1.3356e-02,1.0125
5.07,-2.90611036e-03,1.106349e-03,1.059791e-05,-1.8984813721e-14,1.4662e-02,1.0125
5.57,-3.10561921e-03,1.203994e-03,1.023926e-05,-1.8540724511e-14,1.6432e-02,1.0125
6.08,-3.28231047e-03,1.298216e-03,9.858753e-06,-1.9761969838e-14,1.8339e-02,1.0125
6.59,-3.43540838e-03,1.388829e-03,9.459721e-06,-2.1094237468e-14,2.0599e-02,1.0125
7.10,-3.56439979e-03,1.475674e-03,9.045828e-06,-2.3314683517e-14,2.2749e-02,1.0125
7.60,-3.66902763e-03,1.558622e-03,8.621079e-06,-2.5091040357e-14,2.4705e-02,1.0125
8.11,-3.74928597e-03,1.637576e-03,8.189857e-06,-2.7533531011e-14,2.6405e-02,1.0125
8.62,-3.80540870e-03,1.712472e-03,7.756978e-06,-3.1974423109e-14,2.7441e-02,1.0125
9.12,-3.83785806e-03,1.783279e-03,7.327739e-06,-3.8524738954e-14,2.7628e-02,1.0125
9.63,-3.84730591e-03,1.850003e-03,6.907985e-06,-4.6851411639e-14,2.7371e-02,1.0125
10.14,-3.83461443e-03,1.912678e-03,6.504160e-06,-5.8508753398e-14,2.6261e-02,1.0125
10.64,-3.80081725e-03,1.971373e-03,6.123332e-06,-7.6050277187e-14,2.6507e-02,1.0125
11.15,-3.74709605e-03,2.026176e-03,5.773145e-06,-1.0114131754e-13,2.6598e-02,1.0125
11.66,-3.67476366e-03,2.077207e-03,5.461641e-06,-1.3522516440e-13,2.7240e-02,1.0125
12.16,-3.58523369e-03,2.124607e-03,5.196873e-06,-1.8085533071e-13,2.8120e-02,1.0125
12.67,-3.48000292e-03,2.168549e-03,4.986272e-06,-2.4003021792e-13,2.8686e-02,1.0125
13.18,-3.36062839e-03,2.209235e-03,4.835779e-06,-3.1530333899e-13,2.9044e-02,1.0125
13.68,-3.22870238e-03,2.246891e-03,4.748896e-06,-4.0967229609e-13,2.9355e-02,1.0125
14.19,-3.08583430e-03,2.281756e-03,4.725958e-06,-5.2935433814e-13,2.9632e-02,1.0125
14.70,-2.93363797e-03,2.314086e-03,4.763921e-06,-6.7901240186e-13,2.9937e-02,1.0125
15.20,-2.77369999e-03,2.344148e-03,4.856783e-06,-8.6075591099e-13,3.0302e-02,1.0125
15.71,-2.60757312e-03,2.372217e-03,4.996504e-06,-1.0796918914e-12,3.0729e-02,1.0125
16.22,-2.43676185e-03,2.398567e-03,5.174082e-06,-1.3369305663e-12,3.1181e-02,1.0125
16.72,-2.26270652e-03,2.423473e-03,5.380501e-06,-1.6348034038e-12,3.1613e-02,1.0125
17.23,-2.08677795e-03,2.447203e-03,5.607374e-06,-1.9754198277e-12,3.1988e-02,1.0125
17.74,-1.91026037e-03,2.470013e-03,5.847292e-06,-2.3003821070e-12,3.2280e-02,1.0125
18.24,-1.73435399e-03,2.492139e-03,6.093939e-06,-2.6614266346e-12,3.2481e-02,1.0125
18.75,-1.56015944e-03,2.513793e-03,6.342066e-06,-3.0615510127e-12,3.2631e-02,1.0125
19.26,-1.38869149e-03,2.535167e-03,6.587393e-06,-3.4370284396e-12,3.2803e-02,1.0125
19.76,-1.22086095e-03,2.556434e-03,6.826491e-06,-3.4913183455e-12,3.3098e-02,1.0125
20.27,-1.05746723e-03,2.577724e-03,7.056654e-06,-3.5444980284e-12,3.3485e-02,1.0125
20.78,-8.99227842e-04,2.599126e-03,7.275793e-06,-3.5893510386e-12,3.3923e-02,1.0125
21.29,-7.46756437e-04,2.620689e-03,7.482335e-06,-3.6413094762e-12,3.4380e-02,1.0125
21.79,-6.00567727e-04,2.642424e-03,7.675143e-06,-3.6910474677e-12,3.4839e-02,1.0125
22.30,-4.61092803e-04,2.664301e-03,7.853451e-06,-3.7353453664e-12,3.5298e-02,1.0125
22.81,-3.28688004e-04,2.686275e-03,8.016810e-06,-3.7825298449e-12,3.5838e-02,1.0125
23.31,-2.03598919e-04,2.708224e-03,8.165033e-06,-3.8282710335e-12,3.6332e-02,1.0125
23.82,-8.60182799e-05,2.729983e-03,8.298166e-06,-3.8762326682e-12,3.6691e-02,1.0125
24.33,2.39437554e-05,2.751351e-03,8.416446e-06,-3.9178660316e-12,3.6881e-02,1.0125
24.83,1.26236662e-04,2.772094e-03,8.520277e-06,-3.9662717555e-12,3.6900e-02,1.0125
25.34,2.20851759e-04,2.791953e-03,8.610203e-06,-4.0115688549e-12,3.6752e-02,1.0125
25.85,3.07880350e-04,2.810643e-03,8.686884e-06,-4.0513148392e-12,3.6440e-02,1.0125
26.35,3.87407163e-04,2.827854e-03,8.751076e-06,-4.0983882954e-12,3.5962e-02,1.0125
26.86,4.59614714e-04,2.843253e-03,8.803613e-06,-4.1380232574e-12,3.5304e-02,1.0125
27.37,5.24650773e-04,2.856485e-03,8.845382e-06,-4.1784353755e-12,3.4455e-02,1.0125
27.87,5.82765321e-04,2.867173e-03,8.877313e-06,-4.2194026051e-12,3.3401e-02,1.0125
28.38,6.34201680e-04,2.874917e-03,8.900354e-06,-4.2558179203e-12,3.2140e-02,1.0125
28.89,6.79235952e-04,2.879310e-03,8.915460e-06,-4.2942316369e-12,3.0676e-02,1.0125
29.39,7.18134130e-04,2.879941e-03,8.923573e-06,-4.3304249076e-12,2.9029e-02,1.0250
29.90,7.51215424e-04,2.876363e-03,8.925603e-06,-4.3308689968e-12,2.7365e-02,1.0250
30.41,7.78796854e-04,2.868095e-03,8.922423e-06,-4.3326453536e-12,2.7927e-02,1.0250
30.91,8.01174826e-04,2.854718e-03,8.914843e-06,-4.3394177140e-12,2.9057e-02,1.0250
31.42,8.18669374e-04,2.835902e-03,8.903603e-06,-4.3504089220e-12,3.0158e-02,1.0250
31.93,8.31644169e-04,2.811386e-03,8.889360e-06,-4.3753889400e-12,3.1255e-02,1.0250
32.43,8.40388792e-04,2.780955e-03,8.872673e-06,-4.4164671920e-12,3.2369e-02,1.0250
32.94,8.45217157e-04,2.744413e-03,8.853996e-06,-4.4754200346e-12,3.3519e-02,1.0250
33.45,8.46472086e-04,2.701568e-03,8.833670e-06,-4.5532466686e-12,3.4709e-02,1.0250
33.95,8.44441556e-04,2.652278e-03,8.811916e-06,-4.6592729674e-12,3.5915e-02,1.0250
34.46,8.39400962e-04,2.596434e-03,8.788831e-06,-4.7940540426e-12,3.7101e-02,1.0250
34.97,8.31671814e-04,2.533872e-03,8.764388e-06,-4.9601434071e-12,3.8061e-02,1.0250
35.48,8.21544953e-04,2.464664e-03,8.738442e-06,-5.1574300386e-12,3.8675e-02,1.0250
35.98,8.09260153e-04,2.389063e-03,8.710723e-06,-5.3826942903e-12,3.8865e-02,1.0250
36.49,7.95082603e-04,2.307450e-03,8.680852e-06,-5.6377125190e-12,3.8523e-02,1.0250
37.00,7.79265945e-04,2.220111e-03,8.648341e-06,-5.9214855241e-12,3.7249e-02,1.0250
37.50,7.62018879e-04,2.127545e-03,8.612608e-06,-6.2380101085e-12,3.7232e-02,1.0250
38.01,7.43569386e-04,2.030579e-03,8.572980e-06,-6.5858429821e-12,3.6579e-02,1.0250
38.52,7.24165806e-04,1.930421e-03,8.528712e-06,-6.9284578075e-12,3.5632e-02,1.0250
39.02,7.03985776e-04,1.828904e-03,8.478983e-06,-7.3124839517e-12,3.5156e-02,1.0250
39.53,6.83172227e-04,1.728651e-03,8.422915e-06,-7.7239326046e-12,3.5870e-02,1.0250
40.04,6.61919087e-04,1.633053e-03,8.359578e-06,-8.1216144920e-12,3.8070e-02,1.0250
40.54,6.40416626e-04,1.546173e-03,8.288015e-06,-8.4691142987e-12,4.2107e-02,1.0250
41.05,6.18787886e-04,1.472501e-03,8.207264e-06,-8.7765350543e-12,4.8796e-02,1.0250
41.56,5.97190520e-04,1.416564e-03,8.116408e-06,-8.9529494929e-12,6.0026e-02,1.0250
42.06,5.75757011e-04,1.382527e-03,8.014592e-06,-8.9982465923e-12,7.1387e-02,1.0250
42.57,5.54548997e-04,1.373528e-03,7.901025e-06,-9.0217833204e-12,7.2489e-02,1.0250
43.08,5.33696887e-04,1.390525e-03,7.774982e-06,-9.0328855507e-12,7.0952e-02,1.0250
43.58,5.13381943e-04,1.434593e-03,7.635993e-06,-9.0356611082e-12,7.3017e-02,1.0250
44.09,4.93665331e-04,1.502706e-03,7.483684e-06,-9.0478735615e-12,5.0709e-02,1.0250
44.60,4.74535223e-04,1.599085e-03,7.320597e-06,-9.0795149177e-12,5.0878e-02,1.0250
45.10,4.56070387e-04,1.728472e-03,7.140295e-06,-9.1170404559e-12,5.1218e-02,1.0250
45.61,4.38435152e-04,1.889906e-03,6.941231e-06,-9.1519014589e-12,5.3444e-02,1.0250
46.12,4.21783811e-04,2.075278e-03,6.725263e-06,-9.1784357892e-12,5.7741e-02,1.0250
46.62,4.06191593e-04,2.272503e-03,6.495519e-06,-9.1892049525e-12,6.2896e-02,1.0250
47.13,3.91531450e-04,2.471787e-03,6.253649e-06,-9.1865404173e-12,6.8450e-02,1.0250
47.64,3.77519823e-04,2.669233e-03,5.998651e-06,-9.1784357892e-12,7.4824e-02,1.0250
48.14,3.64097827e-04,2.865181e-03,5.728731e-06,-9.1665564028e-12,8.1895e-02,1.0250
48.65,3.51712911e-04,3.060669e-03,5.442973e-06,-9.1534557711e-12,8.8867e-02,1.0250
49.16,3.41128947e-04,3.256401e-03,5.141891e-06,-9.1373575373e-12,9.8503e-02,1.0250
49.67,3.32941915e-04,3.450588e-03,4.826778e-06,-9.1220364595e-12,1.0685e-01,1.0250
50.17,3.27169997e-04,3.640457e-03,4.499358e-06,-9.1039398242e-12,1.1083e-01,1.0250
50.68,3.23130021e-04,3.823270e-03,4.161022e-06,-9.0841778544e-12,1.1800e-01,1.0250
51.19,3.19702403e-04,3.996561e-03,3.812502e-06,-9.0640828176e-12,1.2515e-01,1.0250
51.69,3.15926636e-04,4.158141e-03,3.454734e-06,-9.0423224464e-12,1.3227e-01,1.0250
52.20,3.11554700e-04,4.306197e-03,3.088941e-06,-9.0193408298e-12,1.3936e-01,1.0250
52.71,3.07006639e-04,4.439394e-03,2.716804e-06,-8.9933616110e-12,1.4643e-01,1.0250
53.21,3.02863235e-04,4.556182e-03,2.341376e-06,-8.9678264814e-12,1.5348e-01,1.0250
53.72,2.99483676e-04,4.655747e-03,1.964982e-06,-8.9441787310e-12,1.6049e-01,1.0250
54.23,2.96929488e-04,4.737407e-03,1.592415e-06,-8.9178664453e-12,1.6749e-01,1.0250
54.73,2.95233873e-04,4.800756e-03,1.233113e-06,-8.8924423380e-12,1.7445e-01,1.0250
55.24,2.94689810e-04,4.845511e-03,9.091857e-07,-8.8654639185e-12,1.8135e-01,1.0250
55.75,2.95927973e-04,4.871492e-03,6.775403e-07,-8.8387075436e-12,1.8807e-01,1.0250
56.25,2.99828448e-04,4.878587e-03,6.469772e-07,-8.8122842357e-12,1.9474e-01,1.0250
56.76,3.07178977e-04,4.866783e-03,8.382158e-07,-8.7849727493e-12,2.0138e-01,1.0250
57.27,3.18402243e-04,4.835380e-03,1.141927e-06,-8.7657658909e-12,2.0798e-01,1.0250
57.77,3.33402242e-04,4.786755e-03,1.487053e-06,-8.7522211700e-12,2.1455e-01,1.0250
58.28,3.51371627e-04,4.718939e-03,1.846508e-06,-8.7406748506e-12,2.2108e-01,1.0250
58.79,3.70979543e-04,4.633342e-03,2.208990e-06,-8.7276852412e-12,2.2759e-01,1.0250
59.29,3.90915610e-04,4.541668e-03,2.569091e-06,-8.7272411520e-12,2.3430e-01,1.0250
59.80,4.10257512e-04,4.441951e-03,2.923554e-06,-8.7276852412e-12,2.4109e-01,1.0250
60.31,4.28562781e-04,4.332152e-03,3.270016e-06,-8.7841955931e-12,2.4535e-01,1.0250
60.81,4.45695027e-04,4.212379e-03,3.606900e-06,-9.0261131902e-12,1.0200e-02,1.0125
61.32,4.61569080e-04,4.083681e-03,3.933181e-06,-9.0680796205e-12,1.3154e-02,1.0125
61.83,4.76160207e-04,3.947686e-03,4.247971e-06,-9.1366914035e-12,1.6208e-02,1.0125
62.33,4.89624343e-04,3.806248e-03,4.550686e-06,-9.2348351188e-12,1.9203e-02,1.0125
62.84,5.02404236e-04,3.661232e-03,4.840875e-06,-9.3629548559e-12,2.2043e-02,1.0125
63.35,5.15292712e-04,3.514459e-03,5.118114e-06,-9.5202734585e-12,2.4745e-02,1.0125
63.86,5.29223037e-04,3.367713e-03,5.382180e-06,-9.7052366144e-12,2.7326e-02,1.0125
64.36,5.44995119e-04,3.222754e-03,5.632903e-06,-9.9124042308e-12,2.9810e-02,1.0125
64.87,5.63214704e-04,3.081383e-03,5.870259e-06,-1.0140777107e-11,3.2228e-02,1.0125
65.38,5.84327436e-04,2.945406e-03,6.094382e-06,-1.0385803328e-11,3.4616e-02,1.0125
65.88,6.08661407e-04,2.816538e-03,6.305594e-06,-1.0643597115e-11,3.7015e-02,1.0125
66.39,6.36383767e-04,2.696351e-03,6.504180e-06,-1.0909828596e-11,3.9467e-02,1.0125
66.90,6.67276553e-04,2.586277e-03,6.690445e-06,-1.1182499371e-11,4.1995e-02,1.0125
67.40,7.00605190e-04,2.487456e-03,6.864914e-06,-1.1458722859e-11,4.4587e-02,1.0125
67.91,7.35304727e-04,2.400628e-03,7.028276e-06,-1.1734502259e-11,4.7170e-02,1.0125
68.42,7.70257009e-04,2.326187e-03,7.181255e-06,-1.2006839967e-11,4.9607e-02,1.0125
68.92,8.04372988e-04,2.264312e-03,7.324604e-06,-1.2271517136e-11,5.1699e-02,1.0125
69.43,8.36512960e-04,2.215065e-03,7.459092e-06,-1.2524425941e-11,5.3206e-02,1.0125
69.94,8.65548923e-04,2.178354e-03,7.585545e-06,-1.2765011270e-11,5.3921e-02,1.0125
70.44,8.90582085e-04,2.155173e-03,7.704816e-06,-1.3014922473e-11,5.5418e-02,1.0125
70.95,9.11145307e-04,2.144330e-03,7.817784e-06,-1.3288037337e-11,5.5773e-02,1.0125
71.46,9.27288761e-04,2.143708e-03,7.925295e-06,-1.3620771178e-11,5.4577e-02,1.0125
71.96,9.39533986e-04,2.150204e-03,8.028178e-06,-1.3977485835e-11,5.1857e-02,1.0125
72.47,9.48746639e-04,2.166869e-03,8.127124e-06,-1.4228063172e-11,5.0864e-02,1.0125
72.98,9.55979353e-04,2.191037e-03,8.222786e-06,-1.4320655772e-11,4.8744e-02,1.0125
73.48,9.62300346e-04,2.220642e-03,8.315802e-06,-1.4396706050e-11,4.6228e-02,1.0125
73.99,9.68689169e-04,2.253825e-03,8.406751e-06,-1.4463541476e-11,4.3962e-02,1.0125
74.50,9.75978628e-04,2.288679e-03,8.496091e-06,-1.4529821790e-11,4.2359e-02,1.0125
75.00,9.84910904e-04,2.323483e-03,8.584158e-06,-1.4596879261e-11,4.1833e-02,1.0125
75.51,9.96198326e-04,2.356854e-03,8.671162e-06,-1.4664158776e-11,4.2740e-02,1.0125
76.02,1.01035180e-03,2.387929e-03,8.757178e-06,-1.4735324072e-11,4.5182e-02,1.0125
76.52,1.02733371e-03,2.416604e-03,8.842150e-06,-1.4803047677e-11,4.9584e-02,1.0125
77.03,1.04625347e-03,2.441990e-03,8.925850e-06,-1.4887202582e-11,5.4140e-02,1.0125
77.54,1.06534247e-03,2.461206e-03,9.007979e-06,-1.4966805573e-11,5.2226e-02,1.0125
78.05,1.08225715e-03,2.481837e-03,9.088196e-06,-1.5039747225e-11,5.0424e-02,1.0125
78.55,1.09446531e-03,2.506587e-03,9.165952e-06,-1.5116463636e-11,5.0173e-02,1.0125
79.06,1.09950937e-03,2.535621e-03,9.240561e-06,-1.5188517111e-11,5.0579e-02,1.0125
79.57,1.09515851e-03,2.568169e-03,9.311261e-06,-1.5267342945e-11,5.0361e-02,1.0125
80.07,1.07960136e-03,2.602572e-03,9.377230e-06,-1.5386358854e-11,4.7222e-02,1.0125
80.58,1.05168471e-03,2.635429e-03,9.437577e-06,-1.5631496098e-11,2.4860e-02,1.0125
81.09,1.01105651e-03,2.653591e-03,9.491283e-06,-1.5760837080e-11,1.1029e-02,1.0250
81.59,9.58184428e-04,2.661375e-03,9.537209e-06,-1.6880385978e-11,1.1998e-02,1.0250
82.10,8.94387272e-04,2.660397e-03,9.574209e-06,-1.6982082407e-11,1.2697e-02,1.0375
82.61,8.21632229e-04,2.651217e-03,9.601207e-06,-1.6982748541e-11,1.3785e-02,1.0375
83.11,7.41979880e-04,2.636544e-03,9.617228e-06,-1.6983969786e-11,2.0988e-02,1.0375
83.62,6.57198804e-04,2.619740e-03,9.621376e-06,-1.6985191031e-11,2.8183e-02,1.0375
84.13,5.68734309e-04,2.604371e-03,9.612741e-06,-1.6985635121e-11,3.5366e-02,1.0375
84.63,4.77563515e-04,2.592732e-03,9.590317e-06,-1.6985857165e-11,4.2535e-02,1.0375
85.14,3.83952824e-04,2.581306e-03,9.552987e-06,-1.6987522500e-11,4.9688e-02,1.0375
85.65,2.87590029e-04,2.567283e-03,9.499642e-06,-1.6988410678e-11,5.6826e-02,1.0375
86.15,1.87951367e-04,2.552217e-03,9.429307e-06,-1.6989631924e-11,6.3948e-02,1.0375
86.66,8.45847845e-05,2.538601e-03,9.341211e-06,-1.6990853169e-11,7.1053e-02,1.0375
87.17,-2.25783063e-05,2.528887e-03,9.234789e-06,-1.6990853169e-11,7.8140e-02,1.0375
87.67,-1.33631767e-04,2.524732e-03,9.109620e-06,-1.6992518503e-11,8.5221e-02,1.0375
88.18,-2.50886240e-04,2.526795e-03,8.965355e-06,-1.6991741347e-11,9.2351e-02,1.0375
88.69,-3.80195292e-04,2.534908e-03,8.801691e-06,-1.6994183838e-11,9.9474e-02,1.0375
89.19,-5.26310426e-04,2.548429e-03,8.618424e-06,-1.6994294860e-11,1.0666e-01,1.0375
89.70,-6.84925314e-04,2.566257e-03,8.415473e-06,-1.6995516106e-11,1.1380e-01,1.0375
90.21,-8.45441148e-04,2.587019e-03,8.192988e-06,-1.6996182239e-11,1.2241e-01,1.0375
90.72,-1.01217466e-03,2.609150e-03,7.951418e-06,-1.7011503317e-11,1.2805e-01,1.0375
91.22,-1.22226384e-03,2.630787e-03,7.691514e-06,-1.7049250900e-11,1.3487e-01,1.0312
91.73,-1.52362751e-03,2.649952e-03,7.414341e-06,-1.7176926548e-11,1.4047e-01,1.0312
92.24,-1.92093577e-03,2.664991e-03,7.121378e-06,-1.7243095840e-11,1.4406e-01,1.0375
92.74,-2.34297000e-03,2.674767e-03,6.814662e-06,-1.7474022229e-11,3.4488e-02,1.0250
93.25,-2.63807336e-03,2.678741e-03,6.496889e-06,-1.7512213901e-11,3.7430e-02,1.0250
93.76,-2.61724881e-03,2.676985e-03,6.171533e-06,-1.7545853659e-11,4.0904e-02,1.0250
94.26,-2.20580066e-03,2.669159e-03,5.843007e-06,-1.7569501409e-11,4.5977e-02,1.0250
94.77,-1.55974665e-03,2.656284e-03,5.516891e-06,-1.7584378398e-11,4.4355e-02,1.0250
95.28,-9.83858071e-04,2.639967e-03,5.200317e-06,-1.7596812896e-11,4.1390e-02,1.0250
95.78,-7.72210073e-04,2.621293e-03,4.902224e-06,-1.7600365609e-11,2.8161e-02,1.0250
96.29,-1.07102174e-03,2.600920e-03,4.633501e-06,-1.7614354419e-11,3.2367e-02,1.0250
96.80,-1.78504697e-03,2.578994e-03,4.406802e-06,-1.7652657114e-11,3.6765e-02,1.0250
97.30,-2.63384552e-03,2.555304e-03,4.235872e-06,-1.7706502931e-11,4.1388e-02,1.0250
97.81,-3.36191949e-03,2.529125e-03,4.134269e-06,-1.7761903059e-11,4.6355e-02,1.0250
98.32,-3.84093651e-03,2.500021e-03,4.112905e-06,-1.7812529229e-11,5.1271e-02,1.0250
98.82,-4.04875086e-03,2.467712e-03,4.177506e-06,-1.7853274414e-11,5.5357e-02,1.0250
99.33,-4.04072644e-03,2.432060e-03,4.327424e-06,-1.7884693726e-11,5.8108e-02,1.0250
99.84,-3.90982534e-03,2.393030e-03,4.556074e-06,-1.7909784766e-11,5.9914e-02,1.0250
100.34,-3.74914858e-03,2.350685e-03,4.852804e-06,-1.7929213669e-11,6.0807e-02,1.0250
100.85,-3.62711360e-03,2.305143e-03,5.205362e-06,-1.7946311104e-11,6.0227e-02,1.0250
101.36,-3.57543525e-03,2.256536e-03,5.601598e-06,-1.7961854226e-11,5.7475e-02,1.0250
101.86,-3.59026407e-03,2.204954e-03,6.030313e-06,-1.7975732014e-11,5.2495e-02,1.0250
102.37,-3.64451934e-03,2.150351e-03,6.481645e-06,-1.7991608203e-11,4.6676e-02,1.0250
102.88,-3.70353045e-03,2.092161e-03,6.946999e-06,-1.8012258352e-11,4.1227e-02,1.0250
103.38,-3.73872049e-03,2.030880e-03,7.418822e-06,-1.8034795879e-11,3.4689e-02,1.0250
103.89,-3.73325957e-03,1.966677e-03,7.890502e-06,-1.8049228778e-11,2.7740e-02,1.0250
104.40,-3.68212538e-03,1.899739e-03,8.356247e-06,-1.8060886120e-11,2.5968e-02,1.0250
104.91,-3.58807808e-03,1.830417e-03,8.811018e-06,-1.8080537068e-11,2.6453e-02,1.0250
105.41,-3.45749979e-03,1.759238e-03,9.250535e-06,-1.8104406863e-11,2.6896e-02,1.0250
105.92,-3.29759092e-03,1.686817e-03,9.671085e-06,-1.8131385282e-11,2.7190e-02,1.0250
106.43,-3.11429340e-03,1.613860e-03,1.006946e-05,-1.8164247884e-11,2.7289e-02,1.0250
106.93,-2.91112426e-03,1.541165e-03,1.044280e-05,-1.8201440355e-11,2.7166e-02,1.0250
107.44,-2.68991814e-03,1.469630e-03,1.078857e-05,-1.8247070521e-11,2.6782e-02,1.0250
107.95,-2.45190853e-03,1.400104e-03,1.110462e-05,-1.8315904349e-11,2.5638e-02,1.0250
108.45,-2.20015946e-03,1.332157e-03,1.138923e-05,-1.8417045666e-11,2.1432e-02,1.0250
108.96,-1.94131555e-03,1.265895e-03,1.164112e-05,-1.8560375459e-11,1.9093e-02,1.0250
109.47,-1.68392084e-03,1.201991e-03,1.185931e-05,-1.8726464823e-11,2.1239e-02,1.0250
109.97,-1.43437107e-03,1.141792e-03,1.204281e-05,-1.8881340935e-11,2.3268e-02,1.0250
110.48,-1.19286690e-03,1.087659e-03,1.219044e-05,-1.9000023777e-11,2.5043e-02,1.0250
110.99,-9.52080800e-04,1.043069e-03,1.230081e-05,-1.9080181879e-11,2.6534e-02,1.0250
111.49,-7.00907525e-04,1.012186e-03,1.237268e-05,-1.9125923068e-11,2.7731e-02,1.0250
112.00,-4.30317240e-04,9.987627e-04,1.240531e-05,-1.9147350372e-11,2.8523e-02,1.0250
112.51,-1.37132789e-04,1.004831e-03,1.239873e-05,-1.9160673048e-11,4.7087e-02,1.0250
113.01,1.75834826e-04,1.030073e-03,1.235336e-05,-1.9175994126e-11,5.3283e-02,1.0250
113.52,5.01988816e-04,1.072275e-03,1.226954e-05,-1.9197199386e-11,5.4422e-02,1.0250
114.03,8.33287772e-04,1.127508e-03,1.214748e-05,-1.9224399850e-11,5.3607e-02,1.0250
114.53,1.16033187e-03,1.190815e-03,1.198791e-05,-1.9256818362e-11,5.1035e-02,1.0250
115.04,1.47342097e-03,1.256790e-03,1.179319e-05,-1.9289347897e-11,4.7517e-02,1.0250
115.55,1.76307551e-03,1.320572e-03,1.156757e-05,-1.9325208100e-11,4.4058e-02,1.0250
116.05,2.02323585e-03,1.379016e-03,1.131591e-05,-1.9360735237e-11,4.1389e-02,1.0250
116.56,2.25323540e-03,1.431432e-03,1.104169e-05,-1.9395263173e-11,3.9094e-02,1.0250
117.07,2.45801335e-03,1.479434e-03,1.074616e-05,-1.9428791909e-11,3.7482e-02,1.0250
117.57,2.64815597e-03,1.525991e-03,1.042910e-05,-1.9460433265e-11,3.6778e-02,1.0250
118.08,2.83684668e-03,1.574220e-03,1.009051e-05,-1.9486745551e-11,3.6748e-02,1.0250
118.59,3.03894079e-03,1.626486e-03,9.731564e-06,-1.9506840587e-11,3.6706e-02,1.0250
119.10,3.26912723e-03,1.684007e-03,9.354817e-06,-1.9519386107e-11,3.6604e-02,1.0250
119.60,3.53718076e-03,1.746823e-03,8.964086e-06,-1.9533041851e-11,3.7268e-02,1.0250
120.11,3.84554808e-03,1.813984e-03,8.564554e-06,-1.9546475549e-11,3.8270e-02,1.0250
120.62,4.18546419e-03,1.883826e-03,8.162896e-06,-1.9561685605e-11,3.9070e-02,1.0250
121.12,4.53426011e-03,1.954436e-03,7.766867e-06,-1.9576229526e-11,3.9546e-02,1.0250
121.63,4.85713856e-03,2.024055e-03,7.384305e-06,-1.9601653634e-11,3.9748e-02,1.0250
122.14,5.10909196e-03,2.091245e-03,7.022172e-06,-1.9632961923e-11,3.9617e-02,1.0250
122.64,5.24460866e-03,2.154890e-03,6.686270e-06,-1.9672041773e-11,3.8746e-02,1.0250
123.15,5.23011673e-03,2.214133e-03,6.381732e-06,-1.9713120025e-11,3.7813e-02,1.0250
123.66,5.05043801e-03,2.268327e-03,6.113609e-06,-1.9757306902e-11,3.6854e-02,1.0250
124.16,4.71104704e-03,2.317130e-03,5.886811e-06,-1.9799051287e-11,3.5748e-02,1.0250
124.67,4.23494878e-03,2.360633e-03,5.705506e-06,-1.9833912290e-11,3.4230e-02,1.0250
125.18,3.65866130e-03,2.399412e-03,5.572307e-06,-1.9858670264e-11,3.1984e-02,1.0250
125.68,3.02983361e-03,2.434492e-03,5.487743e-06,-1.9878432234e-11,2.8670e-02,1.0250
126.19,2.40306273e-03,2.467199e-03,5.450161e-06,-1.9895307624e-11,2.4321e-02,1.0250
126.70,1.83250588e-03,2.498930e-03,5.456053e-06,-1.9905188609e-11,2.2273e-02,1.0250
127.20,1.36035146e-03,2.530936e-03,5.500547e-06,-1.9909629501e-11,2.4093e-02,1.0250
127.71,1.00578788e-03,2.564175e-03,5.578030e-06,-1.9925061601e-11,2.5828e-02,1.0250
128.22,7.60107949e-04,2.599241e-03,5.682928e-06,-1.9943602325e-11,2.7609e-02,1.0250
128.72,5.89753113e-04,2.636350e-03,5.810012e-06,-1.9965251674e-11,2.9293e-02,1.0250
129.23,4.49023977e-04,2.675417e-03,5.954205e-06,-1.9985901822e-11,3.0610e-02,1.0250
129.74,2.99451967e-04,2.716172e-03,6.110139e-06,-2.0004553569e-11,3.1240e-02,1.0250
130.24,1.27183683e-04,2.758381e-03,6.271798e-06,-2.0017099089e-11,3.0927e-02,1.0250
130.75,-5.11476837e-05,2.801963e-03,6.432908e-06,-2.0020984870e-11,3.1885e-02,1.0250
131.26,-1.93674158e-04,2.846799e-03,6.587974e-06,-2.0031087899e-11,3.2994e-02,1.0250
131.76,-2.39971221e-04,2.892105e-03,6.733384e-06,-2.0044188531e-11,2.9866e-02,1.0250
132.27,-1.13600548e-04,2.937623e-03,6.867926e-06,-2.0061841077e-11,2.6997e-02,1.0250
132.78,2.60425159e-04,2.982802e-03,6.992318e-06,-2.0086154962e-11,2.7255e-02,1.0250
133.29,9.06986537e-04,3.027418e-03,7.108096e-06,-2.0117907340e-11,2.7350e-02,1.0250
133.79,1.76946476e-03,3.071626e-03,7.216674e-06,-2.0161095016e-11,2.7413e-02,1.0250
134.30,2.72284533e-03,3.115746e-03,7.319266e-06,-2.0228929642e-11,2.7474e-02,1.0250
134.81,3.59234287e-03,3.159839e-03,7.417064e-06,-2.0339174789e-11,2.7513e-02,1.0250
135.31,4.17991110e-03,3.203443e-03,7.511096e-06,-2.0526247368e-11,2.7447e-02,1.0250
135.82,4.32305342e-03,3.245674e-03,7.601801e-06,-2.0831669723e-11,2.7113e-02,1.0250
136.33,3.95910941e-03,3.285523e-03,7.688797e-06,-2.1224577651e-11,2.6459e-02,1.0250
136.83,3.13800416e-03,3.322082e-03,7.770903e-06,-2.1242896331e-11,2.4872e-02,1.0250
137.34,2.00312639e-03,3.354681e-03,7.846338e-06,-2.1244006554e-11,2.0597e-02,1.0375
137.85,7.48987647e-04,3.383251e-03,7.913191e-06,-2.1245560866e-11,2.0292e-02,1.0375
138.35,-4.61157664e-04,3.408370e-03,7.970074e-06,-2.1246893134e-11,2.1842e-02,1.0375
138.86,-1.53441705e-03,3.431093e-03,8.016705e-06,-2.1247559268e-11,2.4349e-02,1.0375
139.37,-2.42590177e-03,3.452760e-03,8.054011e-06,-2.1247448245e-11,3.1682e-02,1.0375
139.87,-3.11613692e-03,3.474245e-03,8.083933e-06,-2.1248891535e-11,3.9027e-02,1.0375
140.38,-3.60035977e-03,3.495346e-03,8.109146e-06,-2.1251000959e-11,4.6374e-02,1.0375
140.89,-3.87975110e-03,3.514873e-03,8.132697e-06,-2.1250334825e-11,5.3725e-02,1.0375
141.39,-3.95805344e-03,3.530993e-03,8.157466e-06,-2.1251667093e-11,6.0575e-02,1.0375
141.90,-3.84217120e-03,3.541602e-03,8.185607e-06,-2.1254220606e-11,6.7669e-02,1.0375
142.41,-3.54273769e-03,3.544429e-03,8.218221e-06,-2.1253332427e-11,7.4769e-02,1.0375
142.91,-3.07532239e-03,3.537062e-03,8.255300e-06,-2.1254553673e-11,8.1850e-02,1.0375
143.42,-2.46230359e-03,3.517165e-03,8.295846e-06,-2.1256107985e-11,8.8912e-02,1.0375
143.93,-1.73721880e-03,3.482960e-03,8.338156e-06,-2.1256107985e-11,9.5954e-02,1.0375
144.43,-9.48418138e-04,3.433897e-03,8.380370e-06,-2.1256885141e-11,1.0298e-01,1.0375
144.94,-1.60341679e-04,3.371217e-03,8.421209e-06,-2.1257884342e-11,1.0998e-01,1.0375
145.45,5.49694820e-04,3.298031e-03,8.460524e-06,-2.1259549676e-11,1.1696e-01,1.0375
145.95,1.10508211e-03,3.218782e-03,8.499156e-06,-2.1260548877e-11,1.2392e-01,1.0375
146.46,1.45013565e-03,3.138238e-03,8.538049e-06,-2.1260215810e-11,1.3086e-01,1.0375
146.97,1.56564682e-03,3.060333e-03,8.577163e-06,-2.1261437055e-11,1.3778e-01,1.0375
147.48,1.47297728e-03,2.987161e-03,8.614962e-06,-2.1261992167e-11,1.4468e-01,1.0375
147.98,1.22468344e-03,2.918342e-03,8.648877e-06,-2.1263768524e-11,1.5163e-01,1.0375
148.49,8.85799604e-04,2.850988e-03,8.676400e-06,-2.1264878747e-11,1.5861e-01,1.0375
149.00,5.17225310e-04,2.780477e-03,8.696002e-06,-2.1265988970e-11,1.6603e-01,1.0375
149.50,1.66661361e-04,2.701965e-03,8.707285e-06,-2.1397106309e-11,1.7149e-01,1.0312
150.01,-1.34238862e-04,2.612039e-03,8.710391e-06,-2.1477264411e-11,1.7527e-01,1.0375
150.52,-3.69052018e-04,2.509817e-03,8.705347e-06,-2.1732171618e-11,2.8269e-02,1.0250
151.02,-5.34958223e-04,2.397102e-03,8.691979e-06,-2.1824431151e-11,2.5557e-02,1.0250
151.53,-6.40329107e-04,2.277721e-03,8.670411e-06,-2.1907697878e-11,2.3280e-02,1.0250
152.04,-7.00164472e-04,2.156534e-03,8.641449e-06,-2.1993851185e-11,2.1151e-02,1.0250
152.54,-7.30755321e-04,2.038603e-03,8.606062e-06,-2.2076895867e-11,1.8521e-02,1.0250
153.05,-7.45662812e-04,1.928860e-03,8.564005e-06,-2.2158164192e-11,1.5092e-02,1.0250
153.56,-7.53476169e-04,1.832191e-03,8.512503e-06,-2.2241986031e-11,1.0637e-02,1.0250
154.06,-7.57364611e-04,1.753589e-03,8.446152e-06,-2.2355228779e-11,1.1196e-02,1.0250
154.57,-7.56370222e-04,1.697998e-03,8.358407e-06,-2.2490898033e-11,1.3160e-02,1.0375
155.08,-7.47579986e-04,1.669626e-03,8.244051e-06,-2.2490787011e-11,1.4264e-02,1.0375
155.58,-7.28088131e-04,1.670911e-03,8.101517e-06,-2.2490787011e-11,1.4522e-02,1.0375
156.09,-6.96219978e-04,1.701725e-03,7.933955e-06,-2.2493784613e-11,1.4152e-02,1.0375
156.60,-6.51868880e-04,1.759456e-03,7.748398e-06,-2.2494450747e-11,1.3414e-02,1.0375
157.10,-5.96095440e-04,1.840008e-03,7.553125e-06,-2.2496116081e-11,1.7752e-02,1.0375
157.61,-5.30362664e-04,1.939045e-03,7.354301e-06,-2.2499113683e-11,2.3955e-02,1.0375
158.12,-4.55835535e-04,2.052819e-03,7.153506e-06,-2.2501556174e-11,3.4062e-02,1.0375
158.62,-3.72802829e-04,2.178280e-03,6.947437e-06,-2.2503221508e-11,3.8823e-02,1.0375
159.13,-2.80509506e-04,2.312713e-03,6.729876e-06,-2.2504775821e-11,4.4720e-02,1.0375
159.64,-1.77940751e-04,2.453422e-03,6.494715e-06,-2.2505886044e-11,5.1879e-02,1.0375
160.14,-6.58862308e-05,2.597752e-03,6.238495e-06,-2.2506441155e-11,5.8456e-02,1.0375
160.65,5.02440804e-05,2.743303e-03,5.961434e-06,-2.2507773423e-11,6.5754e-02,1.0375
161.16,1.58627049e-04,2.888147e-03,5.666930e-06,-2.2508772624e-11,7.2898e-02,1.0375
161.67,2.41034258e-04,3.030841e-03,5.360348e-06,-2.2509993869e-11,8.0031e-02,1.0375
162.17,2.76144112e-04,3.170173e-03,5.047684e-06,-2.2509993869e-11,8.7152e-02,1.0375
162.68,2.45165259e-04,3.304937e-03,4.734400e-06,-2.2511326137e-11,9.4229e-02,1.0375
163.19,1.38403526e-04,3.433908e-03,4.424398e-06,-2.2512658404e-11,1.0126e-01,1.0375
163.69,-3.90236646e-05,3.555876e-03,4.118899e-06,-2.2513657605e-11,1.0827e-01,1.0375
164.20,-2.65247872e-04,3.669724e-03,3.816013e-06,-2.2514101694e-11,1.1526e-01,1.0375
164.71,-5.05066895e-04,3.774406e-03,3.512148e-06,-2.2515322939e-11,1.2224e-01,1.0375
165.21,-7.15593229e-04,3.868744e-03,3.205694e-06,-2.2515767029e-11,1.2918e-01,1.0375
165.72,-8.52475648e-04,3.951221e-03,2.902164e-06,-2.2516322140e-11,1.3611e-01,1.0375
166.23,-8.75724819e-04,4.019925e-03,2.618283e-06,-2.2518209519e-11,1.4302e-01,1.0375
166.73,-7.56113335e-04,4.072930e-03,2.381847e-06,-2.2519541787e-11,1.4990e-01,1.0375
167.24,-4.86162234e-04,4.108767e-03,2.223995e-06,-2.2519097698e-11,1.5676e-01,1.0375
167.75,-9.22772496e-05,4.126759e-03,2.163537e-06,-2.2520763032e-11,1.6359e-01,1.0375
168.25,3.57742803e-04,4.127184e-03,2.194061e-06,-2.2522650411e-11,1.7041e-01,1.0375
168.76,7.61285550e-04,4.111161e-03,2.288538e-06,-2.2522983478e-11,1.7720e-01,1.0375
169.27,1.00920467e-03,4.080248e-03,2.416930e-06,-2.2522095300e-11,1.8396e-01,1.0375
169.77,1.02340817e-03,4.036151e-03,2.559733e-06,-2.2523094501e-11,1.9069e-01,1.0375
170.28,7.86635762e-04,3.980279e-03,2.710914e-06,-2.2525759036e-11,1.9752e-01,1.0375
170.79,3.45445665e-04,3.913890e-03,2.873936e-06,-2.2526425170e-11,2.0442e-01,1.0375
171.29,-2.14294408e-04,3.837898e-03,3.055526e-06,-2.2635560093e-11,2.0863e-01,1.0312
171.80,-8.00190450e-04,3.753221e-03,3.260227e-06,-2.2863599902e-11,4.9995e-02,1.0250
172.31,-1.33609654e-03,3.660869e-03,3.487624e-06,-2.2882362671e-11,5.2848e-02,1.0250
172.81,-1.76817922e-03,3.561980e-03,3.732681e-06,-2.2905677355e-11,5.7802e-02,1.0250
173.32,-2.06076248e-03,3.457637e-03,3.988101e-06,-2.2934210087e-11,6.3321e-02,1.0250
173.83,-2.19249078e-03,3.348567e-03,4.246914e-06,-2.2970847446e-11,6.8369e-02,1.0250
174.34,-2.15656320e-03,3.234939e-03,4.503918e-06,-2.3009705252e-11,7.2338e-02,1.0250
174.84,-1.96155357e-03,3.116440e-03,4.755393e-06,-2.3049784303e-11,7.4361e-02,1.0250
175.35,-1.63041018e-03,2.992656e-03,4.998219e-06,-2.3089752332e-11,7.1513e-02,1.0250
175.86,-1.19996540e-03,2.863814e-03,5.229407e-06,-2.3128832183e-11,6.7354e-02,1.0250
176.36,-7.21196335e-04,2.731396e-03,5.445586e-06,-2.3176460751e-11,6.8581e-02,1.0250
176.87,-2.56075616e-04,2.597938e-03,5.643611e-06,-2.3228641233e-11,6.4975e-02,1.0250
177.38,1.29334311e-04,2.466959e-03,5.822574e-06,-2.3282042960e-11,6.5167e-02,1.0250
177.88,3.74988147e-04,2.342308e-03,5.984757e-06,-2.3339996602e-11,6.2101e-02,1.0250
178.39,4.42390260e-04,2.227552e-03,6.134964e-06,-2.3398283311e-11,6.2335e-02,1.0250
178.90,3.28644125e-04,2.125473e-03,6.279397e-06,-2.3455348774e-11,6.0888e-02,1.0250
179.40,6.80531126e-05,2.038713e-03,6.423919e-06,-2.3508861524e-11,6.2782e-02,1.0250
179.91,-2.80915272e-04,1.970619e-03,6.572025e-06,-2.3556379070e-11,6.2663e-02,1.0250
180.42,-6.56075236e-04,1.925629e-03,6.723641e-06,-2.3600343901e-11,6.4562e-02,1.0250
180.92,-1.00636665e-03,1.907708e-03,6.875563e-06,-2.3640311930e-11,6.4256e-02,1.0250
181.43,-1.29610386e-03,1.917824e-03,7.023309e-06,-2.3678836669e-11,6.5127e-02,1.0250
181.94,-1.50371298e-03,1.952230e-03,7.163542e-06,-2.3715474029e-11,6.4683e-02,1.0250
182.44,-1.62025139e-03,2.003286e-03,7.295898e-06,-2.3750557077e-11,6.6269e-02,1.0250
182.95,-1.65005924e-03,2.062657e-03,7.423247e-06,-2.3777646518e-11,6.4559e-02,1.0250
183.46,-1.61009513e-03,2.124694e-03,7.550269e-06,-2.3797075421e-11,6.0625e-02,1.0250
183.96,-1.52574162e-03,2.187874e-03,7.680847e-06,-2.3815838190e-11,5.7885e-02,1.0250
184.47,-1.42514287e-03,2.254025e-03,7.815870e-06,-2.3829715978e-11,5.2173e-02,1.0250
184.98,-1.33320890e-03,2.326277e-03,7.953155e-06,-2.3837376517e-11,4.8280e-02,1.0250
185.48,-1.26720781e-03,2.406683e-03,8.088983e-06,-2.3841484342e-11,4.2292e-02,1.0250
185.99,-1.23456571e-03,2.494680e-03,8.220735e-06,-2.3850810216e-11,3.6884e-02,1.0250
186.50,-1.23225936e-03,2.586983e-03,8.348863e-06,-2.3862467557e-11,4.2625e-02,1.0250
187.00,-1.24816203e-03,2.678490e-03,8.476848e-06,-2.3878898858e-11,4.8764e-02,1.0250
187.51,-1.26416070e-03,2.763827e-03,8.609497e-06,-2.3890889267e-11,5.5120e-02,1.0250
188.02,-1.26129683e-03,2.838625e-03,8.750116e-06,-2.3903989899e-11,6.1023e-02,1.0250
188.53,-1.22618490e-03,2.900065e-03,8.898447e-06,-2.3920310177e-11,6.2272e-02,1.0250
189.03,-1.15648948e-03,2.946803e-03,9.050652e-06,-2.3935742277e-11,5.4566e-02,1.0250
189.54,-1.06542019e-03,2.978465e-03,9.201159e-06,-2.3962387630e-11,4.0660e-02,1.0250
190.05,-9.82839257e-04,2.995085e-03,9.345201e-06,-2.3979040975e-11,2.4717e-02,1.0250
190.55,-9.47137468e-04,2.996808e-03,9.480570e-06,-2.4009683131e-11,2.0025e-02,1.0250
191.06,-9.90331471e-04,2.984083e-03,9.607589e-06,-2.4072743798e-11,2.0071e-02,1.0250
191.57,-1.12466526e-03,2.958076e-03,9.727638e-06,-2.4160673462e-11,1.9577e-02,1.0250
192.07,-1.33406039e-03,2.921152e-03,9.841244e-06,-2.4256596731e-11,1.9925e-02,1.0250
192.58,-1.57452819e-03,2.877053e-03,9.946927e-06,-2.4346746841e-11,2.1036e-02,1.0250
193.09,-1.78492393e-03,2.830549e-03,1.004149e-05,-2.4420021560e-11,2.2510e-02,1.0250
193.59,-1.90198622e-03,2.786619e-03,1.012153e-05,-2.4475310667e-11,2.3956e-02,1.0250
194.10,-1.87494335e-03,2.749461e-03,1.018518e-05,-2.4515056651e-11,2.4525e-02,1.0250
194.61,-1.67597879e-03,2.721745e-03,1.023300e-05,-2.4541479959e-11,2.1062e-02,1.0250
195.11,-1.30321819e-03,2.704400e-03,1.026749e-05,-2.4564905665e-11,1.6547e-02,1.0250
195.62,-7.82411207e-04,2.697630e-03,1.029127e-05,-2.4586221947e-11,1.9843e-02,1.0375
196.13,-1.70076933e-04,2.701259e-03,1.030491e-05,-2.4587443193e-11,2.4327e-02,1.0375
196.63,4.52087696e-04,2.715252e-03,1.030574e-05,-2.4587554215e-11,2.8931e-02,1.0375
197.14,9.91430471e-04,2.739417e-03,1.028836e-05,-2.4588442393e-11,3.3672e-02,1.0375
197.65,1.35982647e-03,2.772791e-03,1.024679e-05,-2.4588442393e-11,3.8608e-02,1.0375
198.15,1.49434703e-03,2.812777e-03,1.017705e-05,-2.4590551817e-11,4.3724e-02,1.0375
198.66,1.37950123e-03,2.854099e-03,1.007885e-05,-2.4591439995e-11,4.9008e-02,1.0375
199.17,1.05442255e-03,2.890416e-03,9.955287e-06,-2.4592661241e-11,5.4490e-02,1.0375
199.67,6.00959658e-04,2.916791e-03,9.810689e-06,-2.4593105330e-11,5.9312e-02,1.0375
200.18,1.21397083e-04,2.930646e-03,9.647852e-06,-2.4594215553e-11,6.3506e-02,1.0375
200.69,-2.85352477e-04,2.932124e-03,9.466257e-06,-2.4594326575e-11,7.0276e-02,1.0375
201.19,-5.42467321e-04,2.923865e-03,9.262287e-06,-2.4595547821e-11,7.7399e-02,1.0375
201.70,-6.06153898e-04,2.909895e-03,9.031298e-06,-2.4596547021e-11,8.4512e-02,1.0375
202.21,-4.67002494e-04,2.894434e-03,8.770354e-06,-2.4597879289e-11,9.1569e-02,1.0375
202.72,-1.44612963e-04,2.880666e-03,8.480106e-06,-2.4599211557e-11,9.8606e-02,1.0375
203.22,3.15875965e-04,2.870225e-03,8.164980e-06,-2.4600321780e-11,1.0562e-01,1.0375
203.73,8.47499783e-04,2.863501e-03,7.831523e-06,-2.4600876891e-11,1.1262e-01,1.0375
204.24,1.37518221e-03,2.860420e-03,7.485849e-06,-2.4601209958e-11,1.1960e-01,1.0375
204.74,1.83380978e-03,2.861082e-03,7.131462e-06,-2.4602098136e-11,1.2655e-01,1.0375
205.25,2.17718884e-03,2.865891e-03,6.768704e-06,-2.4603541426e-11,1.3348e-01,1.0375
205.76,2.38254822e-03,2.875179e-03,6.395999e-06,-2.4604540627e-11,1.4039e-01,1.0375
206.26,2.45575399e-03,2.888524e-03,6.012129e-06,-2.4604540627e-11,1.4728e-01,1.0375
206.77,2.42955897e-03,2.904299e-03,5.618376e-06,-2.4606428006e-11,1.5415e-01,1.0375
207.28,2.35297304e-03,2.919689e-03,5.219736e-06,-2.4605872895e-11,1.6099e-01,1.0375
207.78,2.27851027e-03,2.931179e-03,4.825228e-06,-2.4608093341e-11,1.6787e-01,1.0375
208.29,2.25319269e-03,2.935266e-03,4.447868e-06,-2.4608981519e-11,1.7482e-01,1.0375
208.80,2.31312616e-03,2.929090e-03,4.104853e-06,-2.4628410422e-11,1.8178e-01,1.0312
209.30,2.47939706e-03,2.910969e-03,3.817701e-06,-2.4739987836e-11,1.8587e-01,1.0375
209.81,2.75596750e-03,2.880704e-03,3.610931e-06,-2.4842461421e-11,1.8428e-01,1.0375
210.32,3.13066337e-03,2.839559e-03,3.507426e-06,-2.4994450953e-11,5.0508e-02,1.0250
210.82,3.57591098e-03,2.789907e-03,3.520998e-06,-2.5006108295e-11,3.9994e-02,1.0250
211.33,4.04634326e-03,2.734690e-03,3.651014e-06,-2.5010549187e-11,4.6050e-02,1.0250
211.84,4.47912501e-03,2.676867e-03,3.884087e-06,-2.5016433369e-11,5.2227e-02,1.0250
212.34,4.80452803e-03,2.619154e-03,4.201212e-06,-2.5021429373e-11,5.8624e-02,1.0250
212.85,4.96374780e-03,2.563963e-03,4.584051e-06,-2.5023427774e-11,6.5098e-02,1.0250
213.36,4.92422636e-03,2.513487e-03,5.017022e-06,-2.5028090711e-11,7.1394e-02,1.0250
213.86,4.68677417e-03,2.469454e-03,5.486422e-06,-2.5039414986e-11,7.2149e-02,1.0250
214.37,4.28409144e-03,2.432450e-03,5.979264e-06,-2.5053625841e-11,6.3098e-02,1.0250
214.88,3.77226450e-03,2.401126e-03,6.483327e-06,-2.5075275190e-11,4.9235e-02,1.0250
215.38,3.21821570e-03,2.371852e-03,6.988232e-06,-2.5099144985e-11,3.5490e-02,1.0250
215.89,2.68705381e-03,2.339402e-03,7.486502e-06,-2.5114466062e-11,2.2332e-02,1.0250
216.40,2.23269085e-03,2.298721e-03,7.973712e-06,-2.5142887772e-11,2.6372e-02,1.0250
216.91,1.89321930e-03,2.246966e-03,8.447541e-06,-2.5194402120e-11,2.8305e-02,1.0250
217.41,1.69029363e-03,2.184648e-03,8.906230e-06,-2.5252577807e-11,2.9811e-02,1.0250
217.92,1.63103762e-03,2.115522e-03,9.347258e-06,-2.5312307805e-11,3.2025e-02,1.0250
218.43,1.71139886e-03,2.045198e-03,9.766903e-06,-2.5366375667e-11,3.5159e-02,1.0250
218.93,1.91792623e-03,1.979125e-03,1.016083e-05,-2.5413560145e-11,3.9255e-02,1.0250
219.44,2.22296522e-03,1.920859e-03,1.052525e-05,-2.5451196706e-11,4.4466e-02,1.0250
219.95,2.57475399e-03,1.871373e-03,1.085793e-05,-2.5482060906e-11,4.9616e-02,1.0250
220.45,2.89540401e-03,1.829596e-03,1.115828e-05,-2.5501489809e-11,4.8396e-02,1.0250
220.96,3.09838264e-03,1.793739e-03,1.142651e-05,-2.5510704660e-11,4.7448e-02,1.0250
221.47,3.11669514e-03,1.762472e-03,1.166226e-05,-2.5516477820e-11,4.7824e-02,1.0250
221.97,2.92125498e-03,1.735391e-03,1.186355e-05,-2.5520474622e-11,3.2474e-02,1.0250
222.48,2.51965288e-03,1.712562e-03,1.202664e-05,-2.5529134362e-11,3.7597e-02,1.0250
222.99,1.94468094e-03,1.693612e-03,1.214713e-05,-2.5539459436e-11,4.3228e-02,1.0250
223.49,1.24522885e-03,1.677021e-03,1.222160e-05,-2.5550561666e-11,4.9296e-02,1.0250
224.00,4.83351617e-04,1.660289e-03,1.224936e-05,-2.5561330830e-11,5.5653e-02,1.0250
224.51,-2.66073539e-04,1.640852e-03,1.223310e-05,-2.5570767725e-11,6.2174e-02,1.0250
225.01,-9.19750599e-04,1.617319e-03,1.217830e-05,-2.5577207019e-11,6.8726e-02,1.0250
225.52,-1.39843825e-03,1.590423e-03,1.209137e-05,-2.5582203023e-11,7.4671e-02,1.0250
226.03,-1.64463506e-03,1.563290e-03,1.197738e-05,-2.5587865160e-11,7.8494e-02,1.0250
226.53,-1.63799654e-03,1.540982e-03,1.183842e-05,-2.5593638320e-11,7.9316e-02,1.0250
227.04,-1.40334480e-03,1.529412e-03,1.167337e-05,-2.5598079212e-11,7.8326e-02,1.0250
227.55,-1.01281681e-03,1.533915e-03,1.147921e-05,-2.5603075215e-11,7.7721e-02,1.0250
228.05,-5.83937236e-04,1.557798e-03,1.125337e-05,-2.5607294063e-11,7.9456e-02,1.0250
228.56,-2.65771371e-04,1.601300e-03,1.099580e-05,-2.5609847576e-11,8.4674e-02,1.0250
229.07,-2.02901877e-04,1.661413e-03,1.071007e-05,-2.5611401888e-11,9.1254e-02,1.0250
229.57,-4.86066594e-04,1.732637e-03,1.040279e-05,-2.5611401888e-11,9.8368e-02,1.0250
230.08,-1.11775360e-03,1.808390e-03,1.008163e-05,-2.5612623133e-11,1.0845e-01,1.0250
230.59,-2.01332655e-03,1.881984e-03,9.752874e-06,-2.5613622334e-11,1.0005e-01,1.0250
231.10,-3.03764904e-03,1.948411e-03,9.419854e-06,-2.5615176646e-11,3.4504e-02,1.0250
231.60,-4.05436951e-03,2.006422e-03,9.083178e-06,-2.5618507316e-11,2.8927e-02,1.0375
232.11,-4.95607807e-03,2.055297e-03,8.742927e-06,-2.5618507316e-11,3.1967e-02,1.0375
232.62,-5.66946070e-03,2.094843e-03,8.401470e-06,-2.5620616739e-11,3.4312e-02,1.0375
233.12,-6.15095809e-03,2.124418e-03,8.065057e-06,-2.5620616739e-11,3.2597e-02,1.0375
233.63,-6.38219593e-03,2.144000e-03,7.742925e-06,-2.5621504918e-11,2.6204e-02,1.0375
234.14,-6.36657452e-03,2.154376e-03,7.443991e-06,-2.5622615141e-11,2.7528e-02,1.0375
234.64,-6.12412712e-03,2.157670e-03,7.173107e-06,-2.5623503319e-11,3.4835e-02,1.0375
235.15,-5.68856186e-03,2.157483e-03,6.929419e-06,-2.5624613542e-11,4.2213e-02,1.0375
235.66,-5.10411977e-03,2.158237e-03,6.708448e-06,-2.5625945810e-11,4.9576e-02,1.0375
236.16,-4.42327337e-03,2.163830e-03,6.506868e-06,-2.5625723765e-11,5.6936e-02,1.0375
236.67,-3.70388065e-03,2.176343e-03,6.327105e-06,-2.5627167055e-11,6.3693e-02,1.0375
237.18,-3.00518095e-03,2.195568e-03,6.178546e-06,-2.5627611144e-11,7.0790e-02,1.0375
237.68,-2.38169932e-03,2.219715e-03,6.073685e-06,-2.5628277278e-11,7.7882e-02,1.0375
238.19,-1.87561482e-03,2.246873e-03,6.020792e-06,-2.5629831590e-11,8.4954e-02,1.0375
238.70,-1.50954602e-03,2.276341e-03,6.017538e-06,-2.5630719769e-11,9.2008e-02,1.0375
239.20,-1.28262385e-03,2.308928e-03,6.050267e-06,-2.5632496126e-11,9.9042e-02,1.0375
239.71,-1.17158528e-03,2.346159e-03,6.099833e-06,-2.5632274081e-11,1.0606e-01,1.0375
240.22,-1.13678471e-03,2.388819e-03,6.150365e-06,-2.5631941014e-11,1.1305e-01,1.0375
240.72,-1.13147019e-03,2.435747e-03,6.195758e-06,-2.5634161460e-11,1.2002e-01,1.0375
241.23,-1.11188699e-03,2.483752e-03,6.240682e-06,-2.5635826795e-11,1.2698e-01,1.0375
241.74,-1.04592636e-03,2.528700e-03,6.295845e-06,-2.5636603951e-11,1.3391e-01,1.0375
242.24,-9.19049270e-04,2.567172e-03,6.370090e-06,-2.5637381107e-11,1.4081e-01,1.0375
242.75,-7.36934726e-04,2.597897e-03,6.463712e-06,-2.5638602352e-11,1.4772e-01,1.0375
243.26,-5.24492295e-04,2.622329e-03,6.566882e-06,-2.5639601553e-11,1.5471e-01,1.0375
243.76,-3.20911073e-04,2.644109e-03,6.663995e-06,-2.5639490531e-11,1.6173e-01,1.0375
244.27,-1.70908314e-04,2.667642e-03,6.741178e-06,-2.5660806813e-11,1.6867e-01,1.0312
244.78,-1.13555341e-04,2.696348e-03,6.792817e-06,-2.5788482461e-11,1.7359e-01,1.0375
245.29,-1.71567375e-04,2.731502e-03,6.823921e-06,-2.5872082254e-11,1.7637e-01,1.0375
245.79,-3.44560824e-04,2.772225e-03,6.847118e-06,-2.6074920001e-11,4.8530e-02,1.0250
246.30,-6.08618362e-04,2.816591e-03,6.875571e-06,-2.6085800187e-11,4.6495e-02,1.0250
246.81,-9.21990447e-04,2.863082e-03,6.915565e-06,-2.6092794592e-11,4.7415e-02,1.0250
247.31,-1.23459559e-03,2.911441e-03,6.963218e-06,-2.6099233885e-11,4.4382e-02,1.0250
247.82,-1.49667549e-03,2.962406e-03,7.007409e-06,-2.6126545372e-11,3.6695e-02,1.0250
248.33,-1.66541010e-03,3.016837e-03,7.036832e-06,-2.6206481429e-11,3.4230e-02,1.0250
248.83,-1.70694055e-03,3.074274e-03,7.046770e-06,-2.6306845591e-11,3.4199e-02,1.0250
249.34,-1.59668821e-03,3.132159e-03,7.041972e-06,-2.6413760068e-11,3.5592e-02,1.0250
249.85,-1.31878197e-03,3.186282e-03,7.034519e-06,-2.6515567519e-11,3.8122e-02,1.0250
250.35,-8.67801752e-04,3.232052e-03,7.038005e-06,-2.6602275938e-11,4.1651e-02,1.0250
250.86,-2.52646471e-04,3.265965e-03,7.061183e-06,-2.6668334208e-11,4.6215e-02,1.0250
251.37,4.96447534e-04,3.286564e-03,7.104570e-06,-2.6716850954e-11,5.1761e-02,1.0250
251.87,1.32000505e-03,3.294611e-03,7.161795e-06,-2.6741719950e-11,5.7816e-02,1.0250
252.38,2.12805027e-03,3.292462e-03,7.224426e-06,-2.6752600135e-11,5.9269e-02,1.0250
252.89,2.80862073e-03,3.282976e-03,7.286998e-06,-2.6776358908e-11,5.1231e-02,1.0250
253.39,3.24921634e-03,3.268438e-03,7.349230e-06,-2.6819990673e-11,4.1873e-02,1.0250
253.90,3.36785806e-03,3.249953e-03,7.414549e-06,-2.6886159965e-11,3.6616e-02,1.0250
254.41,3.13924662e-03,3.227512e-03,7.486309e-06,-2.6974089629e-11,3.4058e-02,1.0250
254.91,2.60322336e-03,3.200722e-03,7.564401e-06,-2.7082447396e-11,3.3166e-02,1.0250
255.42,1.85100057e-03,3.169607e-03,7.644501e-06,-2.7202240460e-11,3.3586e-02,1.0250
255.93,9.97039218e-04,3.134892e-03,7.720399e-06,-2.7322921703e-11,3.6465e-02,1.0250
256.43,1.50261377e-04,3.097558e-03,7.787878e-06,-2.7427393690e-11,4.4324e-02,1.0250
256.94,-6.05297620e-04,3.057961e-03,7.847830e-06,-2.7502999878e-11,5.6876e-02,1.0250
257.45,-1.21463613e-03,3.011165e-03,7.906715e-06,-2.7544300174e-11,5.9223e-02,1.0250
257.96,-1.64512756e-03,2.958441e-03,7.973900e-06,-2.7555957516e-11,6.5930e-02,1.0250
258.46,-1.87723443e-03,2.896803e-03,8.056990e-06,-2.7560398408e-11,7.5595e-02,1.0250
258.97,-1.89676856e-03,2.824844e-03,8.157544e-06,-2.7562174765e-11,9.4493e-02,1.0250
259.48,-1.69032820e-03,2.740992e-03,8.269686e-06,-2.7563173965e-11,6.6890e-02,1.0250
259.98,-1.24620350e-03,2.646937e-03,8.382174e-06,-2.7565061345e-11,7.3726e-02,1.0250
260.49,-5.67431123e-04,2.544782e-03,8.483007e-06,-2.7567614858e-11,7.9254e-02,1.0250
261.00,3.06823134e-04,2.437270e-03,8.564068e-06,-2.7567725880e-11,8.5796e-02,1.0250
261.50,1.28585032e-03,2.327392e-03,8.623514e-06,-2.7570501437e-11,9.3187e-02,1.0250
262.01,2.22561557e-03,2.216740e-03,8.665184e-06,-2.7571278594e-11,1.0045e-01,1.0250
262.52,2.94598867e-03,2.105583e-03,8.695407e-06,-2.7571611660e-11,1.0766e-01,1.0250
263.02,3.27718580e-03,1.993941e-03,8.719147e-06,-2.7571833705e-11,1.1485e-01,1.0250
263.53,3.12381407e-03,1.883022e-03,8.737274e-06,-2.7572721883e-11,1.2200e-01,1.0250
264.04,2.50503664e-03,1.774704e-03,8.746325e-06,-2.7573832106e-11,1.2913e-01,1.0250
264.54,1.54596785e-03,1.677178e-03,8.740480e-06,-2.7576274597e-11,1.3623e-01,1.0250
265.05,4.33601089e-04,1.601195e-03,8.714617e-06,-2.7576607664e-11,1.4331e-01,1.0250
265.56,-6.40899487e-04,1.554388e-03,8.666794e-06,-2.7577273798e-11,1.5036e-01,1.0250
266.06,-1.53127900e-03,1.541724e-03,8.598861e-06,-2.7577273798e-11,1.5739e-01,1.0250
266.57,-2.15415661e-03,1.560806e-03,8.515050e-06,-2.7579050155e-11,1.6439e-01,1.0250
267.08,-2.47908497e-03,1.603129e-03,8.419412e-06,-2.7579716289e-11,8.4834e-02,1.0250
267.58,-2.51417125e-03,1.659299e-03,8.313480e-06,-2.7842728123e-11,2.7874e-02,1.0375
268.09,-2.29519267e-03,1.726069e-03,8.195433e-06,-2.8208102520e-11,2.9322e-02,1.0500
268.60,-1.87676046e-03,1.803157e-03,8.061206e-06,-2.8299140808e-11,2.8092e-02,1.0500
269.10,-1.32569562e-03,1.893192e-03,7.906964e-06,-2.8324342871e-11,2.6128e-02,1.0500
269.61,-7.15996591e-04,1.999324e-03,7.731485e-06,-2.8325342072e-11,2.4001e-02,1.0500
270.12,-1.23563777e-04,2.122866e-03,7.536981e-06,-2.8326341273e-11,2.1968e-02,1.0500
270.62,3.81586263e-04,2.262358e-03,7.327826e-06,-2.8327895585e-11,2.3684e-02,1.0500
271.13,7.45481831e-04,2.414231e-03,7.107838e-06,-2.8328006607e-11,3.0703e-02,1.0500
271.64,9.39713554e-04,2.574273e-03,6.877724e-06,-2.8329338875e-11,3.7710e-02,1.0500
272.15,9.66835759e-04,2.738957e-03,6.634353e-06,-2.8329005808e-11,4.4703e-02,1.0500
272.65,8.58931457e-04,2.905921e-03,6.372621e-06,-2.8331226254e-11,5.1682e-02,1.0500
273.16,6.69316430e-04,3.073760e-03,6.089377e-06,-2.8331670343e-11,5.8646e-02,1.0500
273.67,4.60255911e-04,3.241466e-03,5.787481e-06,-2.8333446700e-11,6.5594e-02,1.0500
274.17,2.90309464e-04,3.407560e-03,5.477843e-06,-2.8333446700e-11,7.2614e-02,1.0500
274.68,2.03897470e-04,3.569553e-03,5.177558e-06,-2.8334667945e-11,7.9632e-02,1.0500
275.19,2.24302428e-04,3.724190e-03,4.903688e-06,-2.8335667146e-11,8.6672e-02,1.0500
275.69,3.50329248e-04,3.868242e-03,4.664983e-06,-2.8335334079e-11,9.3693e-02,1.0500
276.20,5.56529267e-04,3.999543e-03,4.456087e-06,-2.8336666347e-11,1.0154e-01,1.0500
276.71,7.97309792e-04,4.116964e-03,4.259026e-06,-2.8338220659e-11,1.0936e-01,1.0500
277.21,1.01505573e-03,4.220062e-03,4.052112e-06,-2.8373858818e-11,1.1450e-01,1.0500
277.72,1.15206376e-03,4.308802e-03,3.822004e-06,-2.8506530469e-11,1.2095e-01,1.0437
278.23,1.16378731e-03,4.383202e-03,3.573455e-06,-2.8623436954e-11,1.2651e-01,1.0500
278.73,1.02977503e-03,4.443226e-03,3.333354e-06,-2.8716362621e-11,1.3255e-01,1.0500
279.24,7.58615119e-04,4.489112e-03,3.145284e-06,-2.8929081353e-11,1.3947e-01,1.0375
279.75,3.85298197e-04,4.521694e-03,3.050834e-06,-2.8928193174e-11,1.4636e-01,1.0375
280.25,-3.75939481e-05,4.542622e-03,3.063598e-06,-2.8930413620e-11,1.5323e-01,1.0375
280.76,-4.51327164e-04,4.553991e-03,3.158034e-06,-2.8931301799e-11,1.6008e-01,1.0375
281.27,-8.01387886e-04,4.557432e-03,3.286386e-06,-2.8932856111e-11,1.6690e-01,1.0375
281.77,-1.04459233e-03,4.553067e-03,3.406173e-06,-2.8932856111e-11,1.7370e-01,1.0375
282.28,-1.15234757e-03,4.538818e-03,3.497396e-06,-2.8933744289e-11,1.8048e-01,1.0375
282.79,-1.11093685e-03,4.510510e-03,3.565960e-06,-2.8935076557e-11,1.8730e-01,1.0375
283.29,-9.20351177e-04,4.462856e-03,3.636967e-06,-2.8936963936e-11,1.9419e-01,1.0375
283.80,-5.93454168e-04,4.391080e-03,3.740648e-06,-2.9000579715e-11,1.9961e-01,1.0375
284.31,-1.55148792e-04,4.292644e-03,3.895496e-06,-2.9109936683e-11,2.0190e-01,1.0312
284.81,3.58722829e-04,4.168470e-03,4.097688e-06,-2.9289792813e-11,3.8141e-02,1.0250
285.32,9.00731579e-04,4.023219e-03,4.323891e-06,-2.9291569170e-11,3.7906e-02,1.0250
285.83,1.41393841e-03,3.864520e-03,4.544180e-06,-2.9295788018e-11,4.0530e-02,1.0250
286.34,1.83923785e-03,3.701368e-03,4.735657e-06,-2.9304225713e-11,4.1620e-02,1.0250
286.84,2.12394867e-03,3.542232e-03,4.890114e-06,-2.9315994077e-11,4.2719e-02,1.0250
287.35,2.23125620e-03,3.393537e-03,5.014350e-06,-2.9335089913e-11,4.4107e-02,1.0250
287.86,2.15075601e-03,3.259061e-03,5.124596e-06,-2.9358293574e-11,4.5311e-02,1.0250
288.36,1.90202295e-03,3.140291e-03,5.237864e-06,-2.9379165767e-11,4.6370e-02,1.0250
288.87,1.52939995e-03,3.037329e-03,5.364053e-06,-2.9399149781e-11,4.7229e-02,1.0250
289.38,1.09268940e-03,2.949709e-03,5.502552e-06,-2.9415803127e-11,4.7712e-02,1.0250
289.88,6.56273279e-04,2.876684e-03,5.644715e-06,-2.9426017178e-11,4.7445e-02,1.0250
290.39,2.79846330e-04,2.816978e-03,5.780146e-06,-2.9433566695e-11,4.5760e-02,1.0250
290.90,1.30992875e-05,2.768399e-03,5.902854e-06,-2.9441671323e-11,4.2509e-02,1.0250
291.40,-1.06456870e-04,2.727780e-03,6.014117e-06,-2.9451774353e-11,3.8724e-02,1.0250
291.91,-5.42614972e-05,2.691530e-03,6.121086e-06,-2.9476865393e-11,3.6957e-02,1.0250
292.42,1.79842235e-04,2.656567e-03,6.232401e-06,-2.9530045076e-11,3.5109e-02,1.0250
292.92,5.87599949e-04,2.621170e-03,6.353545e-06,-2.9612978736e-11,3.2548e-02,1.0250
293.43,1.13759201e-03,2.585413e-03,6.484634e-06,-2.9716562544e-11,3.1149e-02,1.0250
293.94,1.77250778e-03,2.550844e-03,6.621711e-06,-2.9831248582e-11,3.1572e-02,1.0250
294.44,2.41034572e-03,2.519565e-03,6.760297e-06,-2.9934721368e-11,3.3926e-02,1.0250
294.95,2.95259239e-03,2.493245e-03,6.898719e-06,-3.0015101515e-11,3.8393e-02,1.0250
295.46,3.30330509e-03,2.472596e-03,7.039252e-06,-3.0057178968e-11,4.5365e-02,1.0250
295.96,3.39434925e-03,2.457516e-03,7.186624e-06,-3.0143998409e-11,4.9235e-02,1.0250
296.47,3.20513226e-03,2.447822e-03,7.345033e-06,-3.0266344986e-11,4.7689e-02,1.0250
296.98,2.76836545e-03,2.443855e-03,7.515585e-06,-3.0416558161e-11,4.6401e-02,1.0250
297.48,2.15885591e-03,2.446507e-03,7.695672e-06,-3.0606517321e-11,4.7575e-02,1.0250
297.99,1.47096491e-03,2.456551e-03,7.880553e-06,-3.0830671349e-11,5.1027e-02,1.0250
298.50,7.95817066e-04,2.473332e-03,8.066030e-06,-3.1124880451e-11,4.5296e-02,1.0250
299.00,2.05508803e-04,2.494332e-03,8.250648e-06,-3.1469160611e-11,4.8412e-02,1.0250
299.51,-2.52803754e-04,2.514229e-03,8.436172e-06,-3.1701308245e-11,5.8430e-02,1.0250
300.02,-5.53754732e-04,2.526319e-03,8.626200e-06,-3.1769142872e-11,6.3879e-02,1.0250
300.53,-6.86964801e-04,2.524947e-03,8.823657e-06,-3.1832869674e-11,6.7423e-02,1.0250
301.03,-6.50533023e-04,2.507491e-03,9.028493e-06,-3.1879276996e-11,6.4874e-02,1.0250
301.54,-4.46515706e-04,2.475521e-03,9.236818e-06,-3.1905256215e-11,5.9312e-02,1.0250
302.05,-8.04441311e-05,2.434550e-03,9.441951e-06,-3.1923685917e-11,5.8240e-02,1.0250
302.55,4.34289760e-04,2.391977e-03,9.636825e-06,-3.1931457478e-11,5.6131e-02,1.0250
303.06,1.06830568e-03,2.354029e-03,9.816489e-06,-3.1937008593e-11,3.9839e-02,1.0250
303.57,1.76779946e-03,2.323487e-03,9.979566e-06,-3.1952107626e-11,4.4614e-02,1.0250
304.07,2.45152562e-03,2.299635e-03,1.012802e-05,-3.1968760972e-11,5.0108e-02,1.0250
304.58,3.01946149e-03,2.280252e-03,1.026545e-05,-3.1989300098e-11,5.6098e-02,1.0250
305.09,3.37328639e-03,2.264533e-03,1.039463e-05,-3.2003510952e-11,6.2226e-02,1.0250
305.59,3.44094279e-03,2.254530e-03,1.051565e-05,-3.2011393536e-11,6.8418e-02,1.0250
306.10,3.19729652e-03,2.254106e-03,1.062541e-05,-3.2016278517e-11,7.4745e-02,1.0250
306.61,2.67281893e-03,2.266240e-03,1.071882e-05,-3.2019942253e-11,7.2183e-02,1.0250
307.11,1.94606417e-03,2.289903e-03,1.079096e-05,-3.2033153907e-11,5.8533e-02,1.0250
307.62,1.12552053e-03,2.319004e-03,1.083910e-05,-3.2047142717e-11,4.4233e-02,1.0250
308.13,3.26576957e-04,2.344217e-03,1.086341e-05,-3.2059466193e-11,2.6621e-02,1.0250
308.63,-3.54056194e-04,2.356522e-03,1.086603e-05,-3.2088887103e-11,3.4911e-02,1.0250
309.14,-8.56395230e-04,2.351205e-03,1.084902e-05,-3.2139291228e-11,3.6415e-02,1.0250
309.65,-1.15928553e-03,2.330161e-03,1.081233e-05,-3.2202907008e-11,3.7497e-02,1.0250
310.15,-1.27193857e-03,2.301780e-03,1.075318e-05,-3.2265856653e-11,3.9878e-02,1.0250
310.66,-1.22233172e-03,2.278098e-03,1.066718e-05,-3.2323699273e-11,4.3774e-02,1.0250
311.17,-1.04737265e-03,2.270009e-03,1.055048e-05,-3.2367775127e-11,4.9095e-02,1.0250
311.67,-7.88366457e-04,2.282815e-03,1.040172e-05,-3.2398750349e-11,5.5733e-02,1.0250
312.18,-4.90752448e-04,2.314732e-03,1.022254e-05,-3.2418512319e-11,6.3854e-02,1.0250
312.69,-2.04631754e-04,2.358290e-03,1.001651e-05,-3.2433833397e-11,7.2717e-02,1.0250
313.19,1.69972072e-05,2.403851e-03,9.786995e-06,-3.2445823805e-11,6.4919e-02,1.0250
313.70,1.23997834e-04,2.450706e-03,9.535151e-06,-3.2455704790e-11,5.8411e-02,1.0250
314.21,7.80820775e-05,2.500512e-03,9.259331e-06,-3.2464364530e-11,5.5973e-02,1.0250
314.72,-1.37892441e-04,2.553235e-03,8.956152e-06,-3.2469582578e-11,5.5974e-02,1.0250
315.22,-5.13844458e-04,2.608365e-03,8.622806e-06,-3.2472025069e-11,5.7816e-02,1.0250
315.73,-1.01240903e-03,2.663066e-03,8.259423e-06,-3.2474467559e-11,6.1271e-02,1.0250
316.24,-1.57602452e-03,2.711613e-03,7.870116e-06,-3.2476021872e-11,6.5516e-02,1.0250
316.74,-2.13913686e-03,2.747463e-03,7.461826e-06,-3.2477909251e-11,6.5380e-02,1.0250
317.25,-2.64014357e-03,2.764529e-03,7.041460e-06,-3.2480351742e-11,6.8273e-02,1.0250
317.76,-3.02909098e-03,2.761950e-03,6.612765e-06,-3.2490454771e-11,5.4323e-02,1.0250
318.26,-3.27207048e-03,2.744594e-03,6.174805e-06,-3.2511549009e-11,3.7351e-02,1.0250
318.77,-3.35487315e-03,2.719867e-03,5.723231e-06,-3.2527758265e-11,2.4218e-02,1.0250
319.28,-3.28607330e-03,2.694873e-03,5.254422e-06,-3.2545299788e-11,1.8182e-02,1.0250
319.78,-3.09696453e-03,2.674011e-03,4.771013e-06,-3.2576719100e-11,2.2268e-02,1.0250
320.29,-2.83688862e-03,2.658109e-03,4.286698e-06,-3.2623570512e-11,2.5396e-02,1.0250
320.80,-2.56541078e-03,2.645579e-03,3.828394e-06,-3.2675639972e-11,2.9430e-02,1.0250
321.30,-2.34206857e-03,2.634771e-03,3.434148e-06,-3.2722491383e-11,3.4788e-02,1.0250
321.81,-2.21427184e-03,2.625796e-03,3.144388e-06,-3.2762459412e-11,4.1493e-02,1.0250
322.32,-2.20688096e-03,2.620726e-03,2.987201e-06,-3.2794433835e-11,4.9630e-02,1.0250
322.82,-2.31783886e-03,2.622011e-03,2.966048e-06,-3.2818525675e-11,5.7161e-02,1.0250
323.33,-2.52167433e-03,2.630164e-03,3.063226e-06,-3.2833957775e-11,6.0125e-02,1.0250
323.84,-2.77907746e-03,2.642200e-03,3.257514e-06,-3.2844393871e-11,5.9266e-02,1.0250
324.34,-3.04831994e-03,2.651778e-03,3.537348e-06,-3.2849500897e-11,5.9181e-02,1.0250
324.85,-3.29450247e-03,2.651296e-03,3.899392e-06,-3.2855052012e-11,5.9967e-02,1.0250
325.36,-3.49462568e-03,2.634299e-03,4.338684e-06,-3.2856273258e-11,4.4842e-02,1.0250
325.86,-3.63851765e-03,2.597489e-03,4.840978e-06,-3.2864932997e-11,4.8706e-02,1.0250
326.37,-3.72681177e-03,2.541785e-03,5.382931e-06,-3.2889135859e-11,4.4691e-02,1.0250
326.88,-3.76737067e-03,2.471505e-03,5.938097e-06,-3.2920999260e-11,3.4137e-02,1.0250
327.38,-3.77141172e-03,2.392459e-03,6.484220e-06,-3.2936320338e-11,2.2574e-02,1.0250
327.89,-3.74980328e-03,2.309664e-03,7.008173e-06,-3.2962188534e-11,2.5597e-02,1.0250
328.40,-3.71052336e-03,2.225774e-03,7.507237e-06,-3.3006930522e-11,2.7857e-02,1.0250
328.91,-3.65715344e-03,2.140897e-03,7.986709e-06,-3.3057445670e-11,2.9906e-02,1.0250
329.41,-3.58868298e-03,2.054038e-03,8.454750e-06,-3.3108071840e-11,3.3019e-02,1.0250
329.92,-3.50098610e-03,1.965519e-03,8.916433e-06,-3.3153035872e-11,3.7445e-02,1.0250
330.43,-3.38902470e-03,1.878873e-03,9.369654e-06,-3.3192559812e-11,4.3042e-02,1.0250
330.93,-3.24937470e-03,1.800840e-03,9.804770e-06,-3.3227420815e-11,4.9235e-02,1.0250
331.44,-3.08206070e-03,1.738890e-03,1.020822e-05,-3.3253733100e-11,5.1363e-02,1.0250
331.95,-2.89086652e-03,1.697217e-03,1.056796e-05,-3.3276048583e-11,5.1479e-02,1.0250
332.45,-2.68186972e-03,1.673623e-03,1.087797e-05,-3.3294256241e-11,5.1567e-02,1.0250
332.96,-2.46066373e-03,1.659659e-03,1.113985e-05,-3.3311131631e-11,5.1254e-02,1.0250
333.47,-2.22926995e-03,1.644461e-03,1.136076e-05,-3.3324343285e-11,5.0396e-02,1.0250
333.97,-1.98391087e-03,1.620087e-03,1.154910e-05,-3.3333780181e-11,4.9423e-02,1.0250
334.48,-1.71468409e-03,1.585258e-03,1.170984e-05,-3.3339442318e-11,4.9371e-02,1.0250
334.99,-1.40756503e-03,1.545834e-03,1.184201e-05,-3.3344327299e-11,3.5419e-02,1.0250
335.49,-1.04845670e-03,1.512156e-03,1.193941e-05,-3.3350877615e-11,3.9249e-02,1.0250
336.00,-6.28504531e-04,1.494156e-03,1.199431e-05,-3.3368197094e-11,4.3902e-02,1.0250
336.51,-1.49554192e-04,1.496268e-03,1.200204e-05,-3.3395841648e-11,4.9718e-02,1.0250
337.01,3.71754090e-04,1.512957e-03,1.196407e-05,-3.3422042911e-11,5.6538e-02,1.0250
337.52,9.03007048e-04,1.536117e-03,1.188784e-05,-3.3440028524e-11,6.2206e-02,1.0250
338.03,1.39952682e-03,1.559656e-03,1.178347e-05,-3.3450353598e-11,6.8076e-02,1.0250
338.53,1.81262239e-03,1.579896e-03,1.165896e-05,-3.3454905513e-11,7.4080e-02,1.0250
339.04,2.10111574e-03,1.599353e-03,1.151662e-05,-3.3456792892e-11,8.0975e-02,1.0250
339.55,2.24280514e-03,1.621901e-03,1.135254e-05,-3.3458014137e-11,8.7912e-02,1.0250
340.05,2.24175178e-03,1.653116e-03,1.115954e-05,-3.3459901516e-11,8.5816e-02,1.0250
340.56,2.12856947e-03,1.695528e-03,1.093187e-05,-3.3463898319e-11,4.8403e-02,1.0250
341.07,1.95374835e-03,1.745623e-03,1.066940e-05,-3.3472336014e-11,2.0435e-02,1.0250
341.58,1.77691826e-03,1.795124e-03,1.037908e-05,-3.3489766516e-11,1.6808e-02,1.0250
342.08,1.65608190e-03,1.834944e-03,1.007336e-05,-3.3536395883e-11,1.6428e-02,1.0250
342.59,1.63937439e-03,1.859260e-03,9.765925e-06,-3.3605118688e-11,1.4358e-02,1.0250
343.10,1.75960386e-03,1.868050e-03,9.466875e-06,-3.3683722478e-11,1.5240e-02,1.0250
343.60,2.03101680e-03,1.867358e-03,9.179594e-06,-3.3759106621e-11,1.9686e-02,1.0250
344.11,2.44768390e-03,1.867219e-03,8.901133e-06,-3.3824831824e-11,2.5173e-02,1.0250
344.62,2.98238448e-03,1.877890e-03,8.625884e-06,-3.3878788663e-11,3.1519e-02,1.0250
345.12,3.58550764e-03,1.905862e-03,8.350593e-06,-3.3920199982e-11,3.8629e-02,1.0250
345.63,4.18605067e-03,1.951734e-03,8.078058e-06,-3.3949620892e-11,4.6475e-02,1.0250
346.14,4.69842433e-03,2.011011e-03,7.817559e-06,-3.3977487490e-11,5.5256e-02,1.0250
346.64,5.03699509e-03,2.076859e-03,7.581639e-06,-3.3996361282e-11,5.9714e-02,1.0250
347.15,5.13586689e-03,2.142775e-03,7.380691e-06,-3.4009794980e-11,5.8623e-02,1.0250
347.66,4.96699988e-03,2.201019e-03,7.218149e-06,-3.4019453921e-11,5.3904e-02,1.0250
348.16,4.54877054e-03,2.252078e-03,7.088958e-06,-3.4024671969e-11,5.1124e-02,1.0250
348.67,3.94136036e-03,2.296707e-03,6.982565e-06,-3.4029112861e-11,3.4951e-02,1.0250
349.18,3.23230847e-03,2.335538e-03,6.888611e-06,-3.4047764608e-11,3.7389e-02,1.0250
349.68,2.51992396e-03,2.368726e-03,6.802098e-06,-3.4084290945e-11,3.6517e-02,1.0250
350.19,1.90090874e-03,2.396067e-03,6.725260e-06,-3.4135250182e-11,3.2969e-02,1.0250
350.70,1.46289286e-03,2.417524e-03,6.665199e-06,-3.4171887542e-11,2.8533e-02,1.0250
351.20,1.27806120e-03,2.434253e-03,6.628766e-06,-3.4198532894e-11,2.4574e-02,1.0250
351.71,1.39414285e-03,2.449137e-03,6.617732e-06,-3.4229286072e-11,2.2987e-02,1.0250
352.22,1.81853788e-03,2.466374e-03,6.627128e-06,-3.4264258097e-11,2.3717e-02,1.0250
352.72,2.49469768e-03,2.490328e-03,6.647559e-06,-3.4309777242e-11,2.4129e-02,1.0250
353.23,3.28515196e-03,2.524204e-03,6.669688e-06,-3.4368619062e-11,2.4200e-02,1.0250
353.74,3.98170100e-03,2.569255e-03,6.687952e-06,-3.4450220454e-11,2.3928e-02,1.0250
354.24,4.35459844e-03,2.624973e-03,6.701523e-06,-3.4563685247e-11,2.3298e-02,1.0250
354.75,4.22782230e-03,2.690075e-03,6.712313e-06,-3.4720004649e-11,2.2286e-02,1.0250
355.26,3.54566406e-03,2.763646e-03,6.721578e-06,-3.4919955816e-11,2.0848e-02,1.0250
355.77,2.39973542e-03,2.845523e-03,6.727400e-06,-3.5154656963e-11,2.2317e-02,1.0250
356.27,9.98828651e-04,2.935746e-03,6.724563e-06,-3.5400571363e-11,2.4144e-02,1.0250
356.78,-4.12182404e-04,3.034075e-03,6.706988e-06,-3.5640046470e-11,2.6311e-02,1.0250
357.29,-1.63657361e-03,3.138994e-03,6.671296e-06,-3.5853986446e-11,2.8407e-02,1.0250
357.79,-2.55697319e-03,3.247359e-03,6.619464e-06,-3.6030289863e-11,2.9802e-02,1.0250
358.30,-3.12146513e-03,3.354848e-03,6.558952e-06,-3.6158409600e-11,2.9913e-02,1.0250
358.81,-3.31953720e-03,3.456912e-03,6.499871e-06,-3.6242342460e-11,2.8236e-02,1.0250
359.31,-3.16762746e-03,3.549760e-03,6.450271e-06,-3.6289082850e-11,2.8906e-02,1.0250
359.82,-2.70551685e-03,3.631086e-03,6.412049e-06,-3.6338709819e-11,3.6917e-02,1.0250
360.33,-1.99696649e-03,3.700183e-03,6.380054e-06,-3.6406877513e-11,3.9895e-02,1.0250
360.83,-1.13154086e-03,3.757438e-03,6.345335e-06,-3.6494585132e-11,3.9345e-02,1.0250
361.34,-2.24370111e-04,3.803701e-03,6.300928e-06,-3.6586067509e-11,3.7153e-02,1.0250
361.85,5.91482735e-04,3.839815e-03,6.247104e-06,-3.6670777526e-11,3.4296e-02,1.0250
362.35,1.18591810e-03,3.866486e-03,6.193188e-06,-3.6741609755e-11,3.0768e-02,1.0250
362.86,1.46527226e-03,3.884488e-03,6.154631e-06,-3.6789016278e-11,2.5327e-02,1.0250
363.37,1.40178685e-03,3.895014e-03,6.146209e-06,-3.6827652039e-11,1.4035e-02,1.0250
363.87,1.04197342e-03,3.899910e-03,6.174693e-06,-3.6928793357e-11,1.2190e-02,1.0375
364.38,4.90056071e-04,3.901836e-03,6.235451e-06,-3.7113090379e-11,1.2203e-02,1.0375
364.89,-1.25108113e-04,3.903865e-03,6.315369e-06,-3.7390535113e-11,1.3171e-02,1.0500
365.39,-6.83959324e-04,3.907851e-03,6.400546e-06,-3.7390424090e-11,1.4984e-02,1.0500
365.90,-1.09818701e-03,3.913500e-03,6.484108e-06,-3.7391645336e-11,1.8713e-02,1.0500
366.41,-1.31751673e-03,3.918571e-03,6.569658e-06,-3.7392755559e-11,2.2494e-02,1.0500
366.91,-1.32535561e-03,3.919516e-03,6.668415e-06,-3.7394309871e-11,2.9361e-02,1.0500
367.42,-1.13006974e-03,3.912284e-03,6.791417e-06,-3.7394976005e-11,3.6370e-02,1.0500
367.93,-7.57963307e-04,3.893209e-03,6.941384e-06,-3.7396530317e-11,4.3366e-02,1.0500
368.43,-2.52132891e-04,3.859715e-03,7.109699e-06,-3.7396863384e-11,5.0347e-02,1.0500
368.94,3.24364290e-04,3.810750e-03,7.280532e-06,-3.7397196451e-11,5.7313e-02,1.0500
369.45,8.86072427e-04,3.746718e-03,7.439096e-06,-3.7398639741e-11,6.4328e-02,1.0500
369.96,1.33173781e-03,3.669052e-03,7.578775e-06,-3.7399638941e-11,7.1405e-02,1.0500
370.46,1.56370225e-03,3.579688e-03,7.703370e-06,-3.7399527919e-11,7.8490e-02,1.0500
370.97,1.51508243e-03,3.480793e-03,7.823692e-06,-3.7400194053e-11,8.5589e-02,1.0500
371.48,1.17224754e-03,3.374595e-03,7.950425e-06,-3.7401970410e-11,9.3334e-02,1.0500
371.98,5.80176931e-04,3.263397e-03,8.087202e-06,-3.7403635744e-11,1.0087e-01,1.0500
372.49,-1.71888504e-04,3.149615e-03,8.228062e-06,-3.7431835409e-11,1.0642e-01,1.0500
373.00,-9.76124359e-04,3.035514e-03,8.360761e-06,-3.7524872099e-11,1.1307e-01,1.0437
373.50,-1.73045587e-03,2.922625e-03,8.473581e-06,-3.7740255365e-11,1.1830e-01,1.0500
374.01,-2.35303659e-03,2.811167e-03,8.561192e-06,-3.7800207409e-11,1.2345e-01,1.0500
374.52,-2.78598837e-03,2.699921e-03,8.626271e-06,-3.8042902162e-11,1.2192e-01,1.0375
375.02,-2.99145583e-03,2.586802e-03,8.676402e-06,-3.8044012385e-11,1.2887e-01,1.0375
375.53,-2.94469840e-03,2.469949e-03,8.718473e-06,-3.8044789541e-11,1.3580e-01,1.0375
376.04,-2.62800253e-03,2.348829e-03,8.754125e-06,-3.8046676920e-11,1.4270e-01,1.0375
376.54,-2.03193545e-03,2.224870e-03,8.778981e-06,-3.8047121009e-11,1.4959e-01,1.0375
377.05,-1.16531416e-03,2.101370e-03,8.785821e-06,-3.8048120210e-11,1.5645e-01,1.0375
377.56,-6.77094318e-05,1.982878e-03,8.769327e-06,-3.8047676121e-11,1.6329e-01,1.0375
378.06,1.18068766e-03,1.874444e-03,8.729204e-06,-3.8051117812e-11,1.7010e-01,1.0375
378.57,2.44915560e-03,1.781135e-03,8.669836e-06,-3.8049674522e-11,1.7690e-01,1.0375
379.08,3.55301193e-03,1.707900e-03,8.596893e-06,-3.8051450879e-11,1.8366e-01,1.0375
379.58,4.28165302e-03,1.659533e-03,8.513200e-06,-3.8052561102e-11,1.9040e-01,1.0375
380.09,4.46710642e-03,1.640238e-03,8.416532e-06,-3.8052450080e-11,1.9712e-01,1.0375
380.60,4.05709222e-03,1.652685e-03,8.300652e-06,-3.8054337459e-11,8.6280e-03,1.0375
381.10,3.14314626e-03,1.697176e-03,8.158810e-06,-3.8055003593e-11,9.7985e-03,1.0375
381.61,1.92621567e-03,1.771320e-03,7.987538e-06,-3.8056335860e-11,1.0720e-02,1.0375
382.12,6.42568576e-04,1.870605e-03,7.788730e-06,-3.8060221641e-11,1.1331e-02,1.0375
382.62,-5.10230185e-04,1.989472e-03,7.569153e-06,-3.8063108221e-11,1.1630e-02,1.0375
383.13,-1.41144991e-03,2.122284e-03,7.337962e-06,-3.8067771158e-11,1.7495e-02,1.0375
383.64,-2.01220794e-03,2.263907e-03,7.103653e-06,-3.8069880581e-11,2.4294e-02,1.0375
384.15,-2.31053354e-03,2.409967e-03,6.871934e-06,-3.8071767960e-11,2.9429e-02,1.0375
384.65,-2.32643373e-03,2.556977e-03,6.645185e-06,-3.8076874986e-11,2.7941e-02,1.0375
385.16,-2.08809017e-03,2.702423e-03,6.423198e-06,-3.8085867793e-11,3.0005e-02,1.0375
385.67,-1.63004676e-03,2.844746e-03,6.204399e-06,-3.8093972421e-11,3.5173e-02,1.0375
386.17,-9.98383306e-04,2.983113e-03,5.987076e-06,-3.8100633759e-11,4.2238e-02,1.0375
386.68,-2.58130669e-04,3.116946e-03,5.770421e-06,-3.8105518740e-11,4.9282e-02,1.0375
387.19,5.02355842e-04,3.245418e-03,5.555266e-06,-3.8106851008e-11,5.6310e-02,1.0375
387.69,1.17585241e-03,3.367177e-03,5.344188e-06,-3.8107850209e-11,6.3310e-02,1.0375
388.20,1.65486709e-03,3.480457e-03,5.140806e-06,-3.8109515543e-11,7.0140e-02,1.0375
388.71,1.85718925e-03,3.583490e-03,4.948521e-06,-3.8109959632e-11,7.7403e-02,1.0375
389.21,1.75138895e-03,3.674939e-03,4.769490e-06,-3.8111291900e-11,8.4502e-02,1.0375
389.72,1.36942539e-03,3.754092e-03,4.604774e-06,-3.8112402123e-11,9.1568e-02,1.0375
390.23,7.97249424e-04,3.820715e-03,4.455901e-06,-3.8113512346e-11,9.8613e-02,1.0375
390.73,1.50431908e-04,3.874692e-03,4.327101e-06,-3.8114178480e-11,1.0564e-01,1.0375
391.24,-4.55928561e-04,3.915654e-03,4.226403e-06,-3.8114067458e-11,1.1265e-01,1.0375
391.75,-9.31744000e-04,3.942892e-03,4.163896e-06,-3.8116398926e-11,1.1963e-01,1.0375
392.25,-1.22498248e-03,3.955576e-03,4.147212e-06,-3.8117620171e-11,1.2659e-01,1.0375
392.76,-1.32455566e-03,3.953151e-03,4.176529e-06,-3.8117287104e-11,1.3353e-01,1.0375
393.27,-1.25599977e-03,3.935778e-03,4.242480e-06,-3.8117731194e-11,1.4044e-01,1.0375
393.77,-1.07267347e-03,3.904514e-03,4.328627e-06,-3.8118952439e-11,1.4733e-01,1.0375
394.28,-8.44275984e-04,3.861042e-03,4.417157e-06,-3.8118952439e-11,1.5420e-01,1.0375
394.79,-6.43144790e-04,3.807163e-03,4.494822e-06,-3.8121727997e-11,1.6105e-01,1.0375
395.29,-5.29830502e-04,3.744488e-03,4.556566e-06,-3.8121727997e-11,1.6787e-01,1.0375
395.80,-5.40906729e-04,3.673953e-03,4.605901e-06,-3.8122949242e-11,1.7467e-01,1.0375
396.31,-6.81846341e-04,3.595980e-03,4.652311e-06,-3.8124392532e-11,1.8144e-01,1.0375
396.81,-9.27009655e-04,3.510872e-03,4.706620e-06,-3.8124947643e-11,1.8808e-01,1.0375
397.32,-1.22647374e-03,3.419299e-03,4.776089e-06,-3.8124947643e-11,1.9467e-01,1.0375
397.83,-1.51734499e-03,3.322684e-03,4.861205e-06,-3.8126612978e-11,2.0127e-01,1.0375
398.34,-1.73641131e-03,3.223213e-03,4.955472e-06,-3.8128056268e-11,2.0795e-01,1.0375
398.84,-1.83111797e-03,3.123410e-03,5.048360e-06,-3.8129277513e-11,2.1460e-01,1.0375
399.35,-1.76818747e-03,3.025376e-03,5.130060e-06,-3.8130276714e-11,2.2134e-01,1.0375
399.86,-1.53910085e-03,2.930069e-03,5.195781e-06,-3.8196779073e-11,2.2579e-01,1.0375
400.36,-1.16165405e-03,2.837114e-03,5.247543e-06,-3.8319125650e-11,2.2224e-01,1.0312
400.87,-6.81564798e-04,2.745526e-03,5.292923e-06,-3.8494429866e-11,6.0532e-02,1.0250
401.38,-1.69415581e-04,2.655008e-03,5.340855e-06,-3.8546055237e-11,5.8881e-02,1.0250
401.88,2.91112743e-04,2.566981e-03,5.397116e-06,-3.8597125496e-11,5.7376e-02,1.0250
402.39,6.18092321e-04,2.485252e-03,5.462520e-06,-3.8646419398e-11,5.6393e-02,1.0250
402.90,7.48702239e-04,2.415273e-03,5.533797e-06,-3.8694158988e-11,5.6079e-02,1.0250
403.40,6.55396957e-04,2.362182e-03,5.606576e-06,-3.8746561515e-11,5.7747e-02,1.0250
403.91,3.50770568e-04,2.328941e-03,5.678738e-06,-3.8800740398e-11,5.9838e-02,1.0250
404.42,-1.19336194e-04,2.315696e-03,5.752087e-06,-3.8852254747e-11,5.9853e-02,1.0250
404.92,-6.89572392e-04,2.320868e-03,5.831668e-06,-3.8901104560e-11,6.1383e-02,1.0250
405.43,-1.29076653e-03,2.342756e-03,5.923332e-06,-3.8934300228e-11,6.0273e-02,1.0250
405.94,-1.86206158e-03,2.380324e-03,6.031094e-06,-3.8965830562e-11,6.4673e-02,1.0250
406.44,-2.35732361e-03,2.432322e-03,6.155954e-06,-3.8988590134e-11,6.5274e-02,1.0250
406.95,-2.74682168e-03,2.495766e-03,6.296846e-06,-3.9006575747e-11,6.8737e-02,1.0250
407.46,-3.01603856e-03,2.564770e-03,6.452748e-06,-3.9022896026e-11,7.2023e-02,1.0250
407.96,-3.16329786e-03,2.630926e-03,6.624206e-06,-3.9034442345e-11,6.7682e-02,1.0250
408.47,-3.19714783e-03,2.685166e-03,6.813065e-06,-3.9043324129e-11,5.8769e-02,1.0250
408.98,-3.13371815e-03,2.720188e-03,7.020626e-06,-3.9051872847e-11,4.9632e-02,1.0250
409.48,-2.99398474e-03,2.732524e-03,7.245591e-06,-3.9060532586e-11,4.2976e-02,1.0250
409.99,-2.80072589e-03,2.723482e-03,7.483378e-06,-3.9072300950e-11,3.9202e-02,1.0250
410.50,-2.57518893e-03,2.698631e-03,7.727351e-06,-3.9096614834e-11,3.7629e-02,1.0250
411.00,-2.33437776e-03,2.665967e-03,7.971346e-06,-3.9128811302e-11,3.6874e-02,1.0250
411.51,-2.08889033e-03,2.633427e-03,8.212064e-06,-3.9169445465e-11,3.5637e-02,1.0250
412.02,-1.84096921e-03,2.606800e-03,8.450034e-06,-3.9211522918e-11,3.4261e-02,1.0250
412.53,-1.58536862e-03,2.588943e-03,8.688638e-06,-3.9249825612e-11,3.2915e-02,1.0250
413.03,-1.31416954e-03,2.580438e-03,8.931649e-06,-3.9277359143e-11,3.0848e-02,1.0250
413.54,-1.02363508e-03,2.580569e-03,9.180522e-06,-3.9300229737e-11,2.2951e-02,1.0250
414.05,-7.22140460e-04,2.588587e-03,9.432818e-06,-3.9319991707e-11,1.9960e-02,1.0250
414.55,-4.36716796e-04,2.604080e-03,9.682572e-06,-3.9415914976e-11,2.2634e-02,1.0250
415.06,-2.11244388e-04,2.625485e-03,9.922350e-06,-3.9558467613e-11,2.5082e-02,1.0250
415.57,-9.43247389e-05,2.649329e-03,1.014588e-05,-3.9700465138e-11,2.7001e-02,1.0250
416.07,-1.21984048e-04,2.669282e-03,1.034997e-05,-3.9831804521e-11,2.8203e-02,1.0250
416.58,-3.00571223e-04,2.677812e-03,1.053477e-05,-3.9951819630e-11,2.8229e-02,1.0250
417.09,-6.00261346e-04,2.668844e-03,1.070250e-05,-4.0050629480e-11,2.6165e-02,1.0250
417.59,-9.61333022e-04,2.639712e-03,1.085539e-05,-4.0126235668e-11,2.1668e-02,1.0250
418.10,-1.30979596e-03,2.592466e-03,1.099382e-05,-4.0197734030e-11,2.4288e-02,1.0250
418.61,-1.57691359e-03,2.533857e-03,1.111580e-05,-4.0281666891e-11,2.7111e-02,1.0250
419.11,-1.71273387e-03,2.473546e-03,1.121767e-05,-4.0373371313e-11,2.7883e-02,1.0250
419.62,-1.69257376e-03,2.421224e-03,1.129562e-05,-4.0464187556e-11,2.7751e-02,1.0250
420.13,-1.51902957e-03,2.383916e-03,1.134711e-05,-4.0545233837e-11,2.7236e-02,1.0250
420.63,-1.21911131e-03,2.364686e-03,1.137144e-05,-4.0608516549e-11,2.6404e-02,1.0250
421.14,-8.37210126e-04,2.363348e-03,1.136918e-05,-4.0648262534e-11,2.4999e-02,1.0250
421.65,-4.26505795e-04,2.378352e-03,1.134088e-05,-4.0781489297e-11,1.6209e-02,1.0250
422.15,-4.04304594e-05,2.408381e-03,1.128586e-05,-4.0837111470e-11,1.1856e-02,1.0375
422.66,2.75639497e-04,2.452320e-03,1.120203e-05,-4.0838776805e-11,1.2045e-02,1.0375
423.17,4.93807191e-04,2.507760e-03,1.108679e-05,-4.0838776805e-11,1.1633e-02,1.0375
423.67,6.10043487e-04,2.569436e-03,1.093858e-05,-4.0840997251e-11,1.1948e-02,1.0375
424.18,6.41425926e-04,2.629051e-03,1.075813e-05,-4.0841552362e-11,1.7006e-02,1.0375
424.69,6.19559839e-04,2.677006e-03,1.054850e-05,-4.0844438942e-11,2.6608e-02,1.0375
425.19,5.83227446e-04,2.705320e-03,1.031386e-05,-4.0846881433e-11,3.9480e-02,1.0375
425.70,5.69149293e-04,2.710530e-03,1.005734e-05,-4.0848435745e-11,4.6784e-02,1.0375
426.21,6.04916827e-04,2.695498e-03,9.779288e-06,-4.0851100280e-11,4.9365e-02,1.0375
426.72,7.05688087e-04,2.668932e-03,9.476821e-06,-4.0851322325e-11,5.0235e-02,1.0375
427.22,8.73602425e-04,2.643035e-03,9.145139e-06,-4.0852321526e-11,5.4836e-02,1.0375
427.73,1.09941376e-03,2.629305e-03,8.779928e-06,-4.0855541172e-11,6.2034e-02,1.0375
428.24,1.36552907e-03,2.634267e-03,8.379566e-06,-4.0854764016e-11,6.9129e-02,1.0375
428.74,1.64967293e-03,2.657770e-03,7.946139e-06,-4.0855541172e-11,4.9143e-02,1.0375
429.25,1.92894061e-03,2.695149e-03,7.484926e-06,-4.1057268696e-11,2.5081e-02,1.0500
429.76,2.18367838e-03,2.740957e-03,7.002645e-06,-4.1059156075e-11,2.7627e-02,1.0500
430.26,2.40033340e-03,2.791912e-03,6.505335e-06,-4.1059378120e-11,2.8184e-02,1.0500
430.77,2.57371722e-03,2.847761e-03,5.996938e-06,-4.1060710387e-11,2.4965e-02,1.0500
431.28,2.70713322e-03,2.909564e-03,5.479378e-06,-4.1061487543e-11,1.9181e-02,1.0500
431.78,2.80924255e-03,2.976553e-03,4.954254e-06,-4.1062708789e-11,2.9246e-02,1.0500
432.29,2.89189364e-03,3.044001e-03,4.425679e-06,-4.1062708789e-11,3.3878e-02,1.0500
432.80,2.96972977e-03,3.103583e-03,3.903467e-06,-4.1064929235e-11,4.0180e-02,1.0500
433.30,3.05674890e-03,3.145547e-03,3.405935e-06,-4.1064707190e-11,4.7173e-02,1.0500
433.81,3.16028067e-03,3.161908e-03,2.961988e-06,-4.1065817413e-11,5.4149e-02,1.0500
434.32,3.27899162e-03,3.149022e-03,2.611633e-06,-4.1066927636e-11,6.1110e-02,1.0500
434.82,3.40573597e-03,3.108688e-03,2.401081e-06,-4.1067371725e-11,6.8056e-02,1.0500
435.33,3.52972696e-03,3.047478e-03,2.366335e-06,-4.1068148882e-11,7.4984e-02,1.0500
435.84,3.63726626e-03,2.974582e-03,2.511905e-06,-4.1068148882e-11,8.1895e-02,1.0500
436.34,3.71379560e-03,2.898937e-03,2.809890e-06,-4.1070147283e-11,8.8788e-02,1.0500
436.85,3.74713922e-03,2.826847e-03,3.220742e-06,-4.1070480350e-11,9.5664e-02,1.0500
437.36,3.73013822e-03,2.761433e-03,3.709083e-06,-4.1071479551e-11,1.0252e-01,1.0500
437.86,3.66157625e-03,2.703756e-03,4.246628e-06,-4.1072367729e-11,1.0936e-01,1.0500
438.37,3.54555835e-03,2.654692e-03,4.810586e-06,-4.1073033863e-11,1.1617e-01,1.0500
438.88,3.39017098e-03,2.615967e-03,5.382731e-06,-4.1074033064e-11,1.2302e-01,1.0500
439.39,3.20599895e-03,2.589404e-03,5.949591e-06,-4.1075032264e-11,1.2990e-01,1.0500
439.89,3.00482570e-03,2.575045e-03,6.502490e-06,-4.1076253510e-11,1.3686e-01,1.0500
440.40,2.79880629e-03,2.569531e-03,7.036855e-06,-4.1077252710e-11,1.4393e-01,1.0500
440.91,2.60022230e-03,2.566218e-03,7.550781e-06,-4.1198600087e-11,1.5017e-01,1.0437
441.41,2.42158680e-03,2.557263e-03,8.043353e-06,-4.1333381162e-11,1.5522e-01,1.0500
441.92,2.27563103e-03,2.536478e-03,8.513375e-06,-4.1428305231e-11,1.5835e-01,1.0500
442.43,2.17472104e-03,2.501421e-03,8.958849e-06,-4.1641134985e-11,5.7597e-02,1.0375
442.93,2.12952666e-03,2.453923e-03,9.377096e-06,-4.1642578275e-11,6.1737e-02,1.0375
443.44,2.14702882e-03,2.398970e-03,9.765146e-06,-4.1643355431e-11,6.8296e-02,1.0375
443.95,2.22777221e-03,2.342773e-03,1.012009e-05,-4.1644132587e-11,7.5408e-02,1.0375
444.45,2.36215165e-03,2.290789e-03,1.043937e-05,-4.1646019966e-11,8.5496e-02,1.0375
444.96,2.52665474e-03,2.246685e-03,1.072104e-05,-4.1645575877e-11,8.8260e-02,1.0375
445.47,2.68300818e-03,2.212183e-03,1.096419e-05,-4.1647019167e-11,9.4900e-02,1.0375
445.97,2.78334502e-03,2.187966e-03,1.116903e-05,-4.1647463256e-11,1.0194e-01,1.0375
446.48,2.78085481e-03,2.174661e-03,1.133675e-05,-4.1649017568e-11,1.0896e-01,1.0375
446.99,2.64069889e-03,2.172607e-03,1.146877e-05,-4.1650127791e-11,1.1595e-01,1.0375
447.49,2.34579140e-03,2.181208e-03,1.156572e-05,-4.1652237215e-11,1.2292e-01,1.0375
448.00,1.89725284e-03,2.198191e-03,1.162690e-05,-4.1651904148e-11,1.2987e-01,1.0375
448.51,1.31392885e-03,2.219539e-03,1.165052e-05,-4.1653569482e-11,1.3680e-01,1.0375
449.01,6.33733740e-04,2.240317e-03,1.163496e-05,-4.1653347438e-11,1.4370e-01,1.0375
449.52,-8.61149054e-05,2.255988e-03,1.158022e-05,-4.1654679706e-11,1.5058e-01,1.0375
450.03,-7.75399474e-04,2.263605e-03,1.148893e-05,-4.1655900951e-11,1.5744e-01,1.0375
450.53,-1.36518820e-03,2.262456e-03,1.136599e-05,-4.1656234018e-11,1.6428e-01,1.0375
451.04,-1.80517146e-03,2.254153e-03,1.121718e-05,-4.1657233218e-11,1.7109e-01,1.0375
451.55,-2.07627797e-03,2.242057e-03,1.104745e-05,-4.1657566285e-11,1.7788e-01,1.0375
452.05,-2.19344471e-03,2.230354e-03,1.085973e-05,-4.1659342642e-11,1.8461e-01,1.0375
452.56,-2.19879346e-03,2.223019e-03,1.065502e-05,-4.1659786731e-11,1.9123e-01,1.0375
453.07,-2.14912338e-03,2.222848e-03,1.043363e-05,-4.1659897754e-11,1.9784e-01,1.0375
453.58,-2.10199200e-03,2.230796e-03,1.019692e-05,-4.1661896155e-11,2.0453e-01,1.0375
454.08,-2.10391370e-03,2.245786e-03,9.948424e-06,-4.1663006378e-11,2.1119e-01,1.0375
454.59,-2.18339137e-03,2.264966e-03,9.693774e-06,-4.1663117401e-11,2.1789e-01,1.0375
455.10,-2.34933450e-03,2.284458e-03,9.439386e-06,-4.1704417697e-11,2.2363e-01,1.0375
455.60,-2.59304299e-03,2.300276e-03,9.190611e-06,-4.1786241134e-11,2.2524e-01,1.0375
456.11,-2.89200594e-03,2.309108e-03,8.950449e-06,-4.2003844847e-11,3.5053e-02,1.0250
456.62,-3.21510751e-03,2.308757e-03,8.719638e-06,-4.2051695459e-11,3.3163e-02,1.0250
457.12,-3.52860635e-03,2.298206e-03,8.498111e-06,-4.2100545272e-11,3.1531e-02,1.0250
457.63,-3.80123729e-03,2.277435e-03,8.286934e-06,-4.2147063617e-11,3.0086e-02,1.0250
458.14,-4.00725578e-03,2.247230e-03,8.089443e-06,-4.2192693783e-11,2.8899e-02,1.0250
458.64,-4.12771791e-03,2.209164e-03,7.910726e-06,-4.2239434173e-11,2.7737e-02,1.0250
459.15,-4.15097138e-03,2.165767e-03,7.755583e-06,-4.2286840696e-11,2.6575e-02,1.0250
459.66,-4.07307188e-03,2.120684e-03,7.626117e-06,-4.2331249617e-11,2.5425e-02,1.0250
460.16,-3.89844859e-03,2.078562e-03,7.520519e-06,-4.2371772757e-11,2.4222e-02,1.0250
460.67,-3.64079936e-03,2.044455e-03,7.433949e-06,-4.2406300693e-11,2.2865e-02,1.0250
461.18,-3.32369344e-03,2.022776e-03,7.361099e-06,-4.2433723202e-11,2.1221e-02,1.0250
461.68,-2.97985416e-03,2.016180e-03,7.298858e-06,-4.2454373350e-11,1.8930e-02,1.0250
462.19,-2.64805650e-03,2.024954e-03,7.247340e-06,-4.2465142513e-11,1.3612e-02,1.0250
462.70,-2.36730391e-03,2.047289e-03,7.208537e-06,-4.2530756694e-11,1.4298e-02,1.0375
463.20,-2.16921129e-03,2.080386e-03,7.183318e-06,-4.2895242913e-11,1.4513e-02,1.0500
463.71,-2.07071897e-03,2.121687e-03,7.168707e-06,-4.2913228526e-11,1.4785e-02,1.0500
464.22,-2.06983489e-03,2.169529e-03,7.157333e-06,-4.2913228526e-11,1.6607e-02,1.0500
464.72,-2.14628693e-03,2.223119e-03,7.139615e-06,-4.2914116705e-11,1.8250e-02,1.0500
465.23,-2.26629134e-03,2.281955e-03,7.107545e-06,-4.2914449772e-11,3.2917e-02,1.0500
465.74,-2.38817286e-03,2.345190e-03,7.057945e-06,-4.2915893061e-11,3.6222e-02,1.0500
466.24,-2.46670939e-03,2.411364e-03,6.993417e-06,-4.2916670218e-11,3.7962e-02,1.0500
466.75,-2.45737353e-03,2.478592e-03,6.920410e-06,-4.2917558396e-11,4.1588e-02,1.0500
467.26,-2.32142780e-03,2.545206e-03,6.845330e-06,-4.2918557597e-11,4.8573e-02,1.0500
467.77,-2.02963634e-03,2.610386e-03,6.770735e-06,-4.2919556797e-11,5.5543e-02,1.0500
468.27,-1.56372468e-03,2.674331e-03,6.693714e-06,-4.2920222931e-11,6.2558e-02,1.0500
468.78,-9.20736828e-04,2.737928e-03,6.607435e-06,-4.2921333154e-11,6.9650e-02,1.0500
469.29,-1.25314636e-04,2.802160e-03,6.505055e-06,-4.2922554400e-11,7.6742e-02,1.0500
469.79,7.55371731e-04,2.867591e-03,6.383878e-06,-4.2923775645e-11,8.3845e-02,1.0500
470.30,1.60828520e-03,2.934169e-03,6.247529e-06,-4.2924441779e-11,9.1558e-02,1.0500
470.81,2.29350894e-03,3.001414e-03,6.104874e-06,-4.2925552002e-11,9.9056e-02,1.0500
471.31,2.68295854e-03,3.068760e-03,5.966097e-06,-4.2950976109e-11,1.0473e-01,1.0500
471.82,2.70279891e-03,3.135940e-03,5.837969e-06,-4.3009484862e-11,1.1143e-01,1.0437
472.33,2.35839260e-03,3.203014e-03,5.721099e-06,-4.3252734727e-11,1.1712e-01,1.0437
472.83,1.72943512e-03,3.269996e-03,5.610993e-06,-4.3321346510e-11,1.2272e-01,1.0437
473.34,9.41822068e-04,3.336353e-03,5.502395e-06,-4.3436143571e-11,1.2777e-01,1.0437
473.85,1.35155983e-04,3.400619e-03,5.394342e-06,-4.3569259311e-11,1.3471e-01,1.0375
474.35,-5.60458894e-04,3.460384e-03,5.292948e-06,-4.3570147490e-11,1.4161e-01,1.0375
474.86,-1.03823730e-03,3.512708e-03,5.210172e-06,-4.3571479758e-11,1.4850e-01,1.0375
475.37,-1.22454791e-03,3.554776e-03,5.158953e-06,-4.3571812824e-11,1.5536e-01,1.0375
475.87,-1.08622693e-03,3.584730e-03,5.147292e-06,-4.3573256114e-11,1.6220e-01,1.0375
476.38,-6.34392212e-04,3.601933e-03,5.174909e-06,-4.3573922248e-11,1.6902e-01,1.0375
476.89,7.41792771e-05,3.606942e-03,5.234658e-06,-4.3575143494e-11,1.7581e-01,1.0375
477.39,9.36309707e-04,3.601171e-03,5.317654e-06,-4.3575587583e-11,1.8258e-01,1.0375
477.90,1.80483426e-03,3.586186e-03,5.418614e-06,-4.3577363940e-11,1.8938e-01,1.0375
478.41,2.50401013e-03,3.563257e-03,5.538173e-06,-4.3577697006e-11,1.9628e-01,1.0375
478.91,2.86695886e-03,3.533148e-03,5.681023e-06,-4.3640535630e-11,2.0167e-01,1.0375
479.42,2.78772836e-03,3.496395e-03,5.851190e-06,-4.3728798360e-11,2.0390e-01,1.0375
479.93,2.26177142e-03,3.453650e-03,6.047487e-06,-4.3938852556e-11,3.7805e-02,1.0250
480.43,1.38897724e-03,3.405832e-03,6.262094e-06,-4.3968717556e-11,4.9686e-02,1.0250
480.94,3.36303331e-04,3.354042e-03,6.483156e-06,-4.4011461142e-11,5.7314e-02,1.0250
481.45,-7.17208534e-04,3.298888e-03,6.699659e-06,-4.4058312554e-11,6.1699e-02,1.0250
481.96,-1.62536685e-03,3.239912e-03,6.905641e-06,-4.4099168761e-11,6.0438e-02,1.0250
482.46,-2.29397291e-03,3.175452e-03,7.101516e-06,-4.4144132794e-11,6.4111e-02,1.0250
482.97,-2.67720818e-03,3.102851e-03,7.291946e-06,-4.4187764559e-11,6.4362e-02,1.0250
483.48,-2.76297048e-03,3.019417e-03,7.481548e-06,-4.4229508944e-11,6.5271e-02,1.0250
483.98,-2.55895333e-03,2.923299e-03,7.670869e-06,-4.4266923460e-11,6.4599e-02,1.0250
484.49,-2.08646622e-03,2.814127e-03,7.854997e-06,-4.4301229352e-11,6.4933e-02,1.0250
485.00,-1.38300437e-03,2.693087e-03,8.025521e-06,-4.4329095950e-11,6.4112e-02,1.0250
485.50,-5.10189869e-04,2.562546e-03,8.174569e-06,-4.4352299611e-11,6.4310e-02,1.0250
486.01,4.38776047e-04,2.425327e-03,8.298494e-06,-4.4367287622e-11,6.4327e-02,1.0250
486.52,1.33890437e-03,2.284056e-03,8.399229e-06,-4.4377057584e-11,6.4514e-02,1.0250
487.02,2.04682530e-03,2.140896e-03,8.482688e-06,-4.4399262045e-11,6.4609e-02,1.0250
487.53,2.43025493e-03,1.997882e-03,8.555122e-06,-4.4413916989e-11,6.4785e-02,1.0250
488.04,2.40641181e-03,1.857850e-03,8.619465e-06,-4.4437897806e-11,6.4310e-02,1.0250
488.54,1.97200512e-03,1.725522e-03,8.673684e-06,-4.4470094274e-11,6.4385e-02,1.0250
489.05,1.20759304e-03,1.607888e-03,8.711754e-06,-4.4509396169e-11,6.3450e-02,1.0250
489.56,2.53374397e-04,1.513487e-03,8.727120e-06,-4.4546699662e-11,5.8431e-02,1.0250
490.06,-7.30119035e-04,1.450165e-03,8.716339e-06,-4.4578563063e-11,5.7531e-02,1.0250
490.57,-1.59811343e-03,1.422220e-03,8.680910e-06,-4.4609205219e-11,5.6377e-02,1.0250
491.08,-2.24304730e-03,1.428933e-03,8.626331e-06,-4.4635406482e-11,5.2885e-02,1.0250
491.58,-2.60013579e-03,1.465588e-03,8.558913e-06,-4.4651282671e-11,4.8418e-02,1.0250
492.09,-2.64328745e-03,1.526364e-03,8.482033e-06,-4.4660275478e-11,4.4507e-02,1.0250
492.60,-2.38015506e-03,1.606995e-03,8.394142e-06,-4.4668047039e-11,2.5197e-02,1.0250
493.10,-1.85171932e-03,1.705666e-03,8.289848e-06,-4.4705239510e-11,2.9388e-02,1.0250
493.61,-1.13473090e-03,1.822043e-03,8.163454e-06,-4.4750758654e-11,3.7380e-02,1.0250
494.12,-3.40101113e-04,1.955482e-03,8.012875e-06,-4.4796721888e-11,6.3593e-02,1.0250
494.62,3.99257973e-04,2.102085e-03,7.841645e-06,-4.4828585288e-11,6.4472e-02,1.0250
495.13,9.52508619e-04,2.259714e-03,7.657842e-06,-4.4846459879e-11,5.0214e-02,1.0250
495.64,1.22149569e-03,2.423114e-03,7.470416e-06,-4.4855674730e-11,5.6181e-02,1.0250
496.15,1.16700960e-03,2.588438e-03,7.284954e-06,-4.4865777760e-11,6.0583e-02,1.0250
496.65,8.18930859e-04,2.753752e-03,7.101364e-06,-4.4889425510e-11,5.4495e-02,1.0250
497.16,2.64811084e-04,2.918515e-03,6.914926e-06,-4.4927950249e-11,4.2052e-02,1.0250
497.67,-3.77740475e-04,3.082233e-03,6.720265e-06,-4.4969472590e-11,3.0770e-02,1.0250
498.17,-9.92026130e-04,3.244023e-03,6.516034e-06,-4.4993675452e-11,2.3080e-02,1.0250
498.68,-1.48484695e-03,3.402033e-03,6.307776e-06,-4.5020875916e-11,2.2077e-02,1.0250
499.19,-1.79619366e-03,3.553406e-03,6.107297e-06,-4.5057846343e-11,2.2329e-02,1.0250
499.69,-1.89853301e-03,3.694787e-03,5.928479e-06,-4.5101145041e-11,2.2394e-02,1.0250
500.20,-1.79111578e-03,3.823186e-03,5.781177e-06,-4.5157322326e-11,2.2313e-02,1.0250
500.71,-1.49392487e-03,3.936680e-03,5.666326e-06,-4.5239922919e-11,2.2506e-02,1.0250
501.21,-1.04348200e-03,4.034636e-03,5.575372e-06,-4.5359715983e-11,2.3241e-02,1.0250
501.72,-4.90405820e-04,4.117376e-03,5.494896e-06,-4.5524806147e-11,2.4097e-02,1.0250
502.23,1.02952269e-04,4.185574e-03,5.414190e-06,-4.5739634302e-11,2.4687e-02,1.0250
502.73,6.67033079e-04,4.239665e-03,5.331774e-06,-4.6005199650e-11,2.4785e-02,1.0250
503.24,1.13330833e-03,4.279524e-03,5.257314e-06,-4.6323056502e-11,2.2490e-02,1.0250
503.75,1.44581775e-03,4.304915e-03,5.207259e-06,-4.6664561104e-11,2.0567e-02,1.0250
504.25,1.57306485e-03,4.316422e-03,5.195423e-06,-4.7012505000e-11,2.1102e-02,1.0250
504.76,1.51581547e-03,4.316142e-03,5.223418e-06,-4.7354120625e-11,2.1103e-02,1.0250
505.27,1.30724181e-03,4.306962e-03,5.277638e-06,-4.7686854465e-11,2.0513e-02,1.0250
505.77,1.00498111e-03,4.291956e-03,5.335208e-06,-4.7935766467e-11,1.9607e-02,1.0250
506.28,6.78064914e-04,4.273705e-03,5.375160e-06,-4.8100967653e-11,1.8700e-02,1.0250
506.79,3.93178568e-04,4.253258e-03,5.388364e-06,-4.8201664882e-11,1.9379e-02,1.0250
507.29,2.03778991e-04,4.229402e-03,5.381383e-06,-4.8261172836e-11,2.5073e-02,1.0250
507.80,1.43411566e-04,4.198819e-03,5.372537e-06,-4.8299253486e-11,3.2450e-02,1.0250
508.31,2.22745602e-04,4.157120e-03,5.381505e-06,-4.8331338931e-11,4.1331e-02,1.0250
508.81,4.29271236e-04,4.100340e-03,5.417316e-06,-4.8370085715e-11,4.9212e-02,1.0250
509.32,7.29137375e-04,4.026238e-03,5.471984e-06,-4.8405945918e-11,4.8979e-02,1.0250
509.83,1.07149801e-03,3.934994e-03,5.524172e-06,-4.8444581680e-11,4.7696e-02,1.0250
510.34,1.39608449e-03,3.829072e-03,5.550385e-06,-4.8486992199e-11,4.6451e-02,1.0250
510.84,1.64396748e-03,3.712536e-03,5.536749e-06,-4.8535397923e-11,4.5177e-02,1.0250
511.35,1.76977380e-03,3.590128e-03,5.485636e-06,-4.8591242141e-11,4.3032e-02,1.0250
511.86,1.75200514e-03,3.466511e-03,5.414740e-06,-4.8655190987e-11,4.0535e-02,1.0250
512.36,1.59791975e-03,3.345826e-03,5.348815e-06,-4.8726578328e-11,3.7630e-02,1.0250
512.87,1.34124018e-03,3.231801e-03,5.307443e-06,-4.8803849850e-11,3.4681e-02,1.0250
513.38,1.03380768e-03,3.128152e-03,5.295251e-06,-4.8883563863e-11,3.1873e-02,1.0250
513.88,7.34425274e-04,3.038737e-03,5.300794e-06,-4.8959170051e-11,2.9069e-02,1.0250
514.39,4.98345219e-04,2.967054e-03,5.304808e-06,-4.9026782634e-11,2.6034e-02,1.0250
514.90,3.69442924e-04,2.915214e-03,5.292295e-06,-4.9093618060e-11,2.2675e-02,1.0250
515.40,3.75322570e-04,2.882916e-03,5.261466e-06,-4.9166226646e-11,1.8766e-02,1.0250
515.91,5.24553529e-04,2.867006e-03,5.225445e-06,-4.9245829636e-11,1.4312e-02,1.0250
516.42,8.05318045e-04,2.861978e-03,5.206255e-06,-4.9357073983e-11,1.2125e-02,1.0250
516.92,1.18559821e-03,2.861357e-03,5.224073e-06,-4.9465875840e-11,1.1546e-02,1.0375
517.43,1.61591603e-03,2.859548e-03,5.287673e-06,-4.9497739241e-11,1.0838e-02,1.0375
517.94,2.03581895e-03,2.853375e-03,5.391836e-06,-4.9906745403e-11,1.0814e-02,1.0500
518.44,2.38429647e-03,2.842695e-03,5.523005e-06,-4.9908743804e-11,1.2526e-02,1.0500
518.95,2.61229487e-03,2.829793e-03,5.668292e-06,-4.9908521760e-11,1.4253e-02,1.0500
519.46,2.69356925e-03,2.818052e-03,5.822516e-06,-4.9909520961e-11,2.0286e-02,1.0500
519.96,2.62980868e-03,2.810028e-03,5.989716e-06,-4.9911297317e-11,2.6581e-02,1.0500
520.47,2.44797967e-03,2.805853e-03,6.179344e-06,-4.9911408340e-11,3.3597e-02,1.0500
520.98,2.19113853e-03,2.803042e-03,6.400029e-06,-4.9913628786e-11,4.0600e-02,1.0500
521.48,1.90653131e-03,2.797727e-03,6.654410e-06,-4.9913628786e-11,4.7589e-02,1.0500
521.99,1.63524242e-03,2.786510e-03,6.937481e-06,-4.9915405143e-11,5.4563e-02,1.0500
522.50,1.40617252e-03,2.767899e-03,7.238811e-06,-4.9915294120e-11,6.1522e-02,1.0500
523.01,1.23498087e-03,2.742601e-03,7.546934e-06,-4.9915849232e-11,6.8465e-02,1.0500
523.51,1.12696547e-03,2.712603e-03,7.853365e-06,-4.9917958655e-11,7.5391e-02,1.0500
524.02,1.08205291e-03,2.679496e-03,8.154475e-06,-4.9918513767e-11,8.2300e-02,1.0500
524.53,1.09990632e-03,2.642981e-03,8.450980e-06,-4.9919068879e-11,1.1558e-01,1.0500
525.03,1.18331355e-03,2.600519e-03,8.745709e-06,-4.9920734213e-11,9.6078e-02,1.0500
525.54,1.33839127e-03,2.548484e-03,9.040939e-06,-4.9920845235e-11,1.0302e-01,1.0500
526.05,1.57083978e-03,2.484132e-03,9.336438e-06,-4.9921844436e-11,1.0996e-01,1.0500
526.55,1.87863120e-03,2.407829e-03,9.628855e-06,-4.9923176704e-11,1.1690e-01,1.0500
527.06,2.24308595e-03,2.323950e-03,9.912524e-06,-4.9923509771e-11,1.2395e-01,1.0500
527.57,2.62197301e-03,2.240303e-03,1.018131e-05,-4.9928949863e-11,1.3196e-01,1.0500
528.07,2.94926102e-03,2.165708e-03,1.043043e-05,-5.0046855549e-11,1.3728e-01,1.0437
528.58,3.14514456e-03,2.107128e-03,1.065773e-05,-5.0191073520e-11,1.4245e-01,1.0500
529.09,3.13595657e-03,2.066963e-03,1.086379e-05,-5.0276338648e-11,1.4584e-01,1.0500
529.59,2.87762720e-03,2.042599e-03,1.105062e-05,-5.0487947156e-11,1.0511e-01,1.0375
530.10,2.37240459e-03,2.027876e-03,1.121985e-05,-5.0489168402e-11,1.1213e-01,1.0375
530.61,1.67082375e-03,2.015854e-03,1.137108e-05,-5.0489612491e-11,1.1912e-01,1.0375
531.11,8.58313597e-04,2.001335e-03,1.150130e-05,-5.0490500669e-11,1.2609e-01,1.0375
531.62,3.35591990e-05,1.982047e-03,1.160582e-05,-5.0492277026e-11,1.3303e-01,1.0375
532.13,-7.11674239e-04,1.958764e-03,1.168000e-05,-5.0492166004e-11,1.3995e-01,1.0375
532.63,-1.30543884e-03,1.934417e-03,1.172103e-05,-5.0493498271e-11,1.4685e-01,1.0375
533.14,-1.69886651e-03,1.912831e-03,1.172876e-05,-5.0495385651e-11,1.5372e-01,1.0375
533.65,-1.86257796e-03,1.897443e-03,1.170519e-05,-5.0495163606e-11,1.6057e-01,1.0375
534.15,-1.78287904e-03,1.891038e-03,1.165299e-05,-5.0496384851e-11,1.6739e-01,1.0375
534.66,-1.46312618e-03,1.895557e-03,1.157386e-05,-5.0496939963e-11,1.7419e-01,1.0375
535.17,-9.32437489e-04,1.912830e-03,1.146757e-05,-5.0497606097e-11,1.8093e-01,1.0375
535.67,-2.57509398e-04,1.944537e-03,1.133218e-05,-5.0497606097e-11,1.8749e-01,1.0375
536.18,4.52716183e-04,1.992102e-03,1.116529e-05,-5.0500270632e-11,1.9401e-01,1.0375
536.69,1.06019315e-03,2.056222e-03,1.096542e-05,-5.0499826543e-11,2.0049e-01,1.0375
537.20,1.43034913e-03,2.136548e-03,1.073298e-05,-5.0501158810e-11,2.0694e-01,1.0375
537.70,1.47232337e-03,2.231404e-03,1.046983e-05,-5.0502269033e-11,2.1336e-01,1.0375
538.21,1.16727384e-03,2.337404e-03,1.017821e-05,-5.0502935167e-11,1.6096e-02,1.0375
538.72,5.69568945e-04,2.449525e-03,9.859337e-06,-5.0503934368e-11,1.6540e-02,1.0375
539.22,-2.17565686e-04,2.561395e-03,9.512750e-06,-5.0505821747e-11,1.9195e-02,1.0375
539.73,-1.07585872e-03,2.665802e-03,9.136825e-06,-5.0507265037e-11,2.3404e-02,1.0375
540.24,-1.89913385e-03,2.755590e-03,8.730201e-06,-5.0509929572e-11,2.9403e-02,1.0375
540.74,-2.60716905e-03,2.824844e-03,8.293359e-06,-5.0512483085e-11,3.9469e-02,1.0375
541.25,-3.14866623e-03,2.869972e-03,7.829397e-06,-5.0514259442e-11,4.2867e-02,1.0375
541.76,-3.49911624e-03,2.890564e-03,7.343481e-06,-5.0516923977e-11,4.6060e-02,1.0375
542.26,-3.65777758e-03,2.889491e-03,6.841158e-06,-5.0517368066e-11,5.3908e-02,1.0375
542.77,-3.64498779e-03,2.872369e-03,6.326382e-06,-5.0518367267e-11,6.0473e-02,1.0375
543.28,-3.49907967e-03,2.846272e-03,5.800326e-06,-5.0519144423e-11,6.7626e-02,1.0375
543.78,-3.27160562e-03,2.818051e-03,5.261776e-06,-5.0521142825e-11,6.0052e-02,1.0375
544.29,-3.02001263e-03,2.792934e-03,4.709165e-06,-5.0521364869e-11,1.7537e-02,1.0375
544.80,-2.79822965e-03,2.774042e-03,4.143869e-06,-5.0595416745e-11,2.2814e-02,1.0500
545.30,-2.64726301e-03,2.762900e-03,3.574358e-06,-5.0597415147e-11,2.6357e-02,1.0500
545.81,-2.58859656e-03,2.760229e-03,3.021451e-06,-5.0597082080e-11,2.8433e-02,1.0500
546.32,-2.62235328e-03,2.766172e-03,2.525665e-06,-5.0598081280e-11,2.9980e-02,1.0500
546.82,-2.73063885e-03,2.779754e-03,2.154509e-06,-5.0599413548e-11,2.9988e-02,1.0500
547.33,-2.88506591e-03,2.797919e-03,1.991412e-06,-5.0600190704e-11,3.1755e-02,1.0500
547.84,-3.05585181e-03,2.815168e-03,2.076746e-06,-5.0600967860e-11,3.8762e-02,1.0500
548.34,-3.21868291e-03,2.824192e-03,2.361383e-06,-5.0603077284e-11,4.5755e-02,1.0500
548.85,-3.35610449e-03,2.817729e-03,2.761115e-06,-5.0603077284e-11,5.2733e-02,1.0500
549.36,-3.45516152e-03,2.790655e-03,3.218001e-06,-5.0604409552e-11,5.9696e-02,1.0500
549.86,-3.50448258e-03,2.741500e-03,3.707147e-06,-5.0604853641e-11,6.6643e-02,1.0500
550.37,-3.49550999e-03,2.672812e-03,4.222782e-06,-5.0604631596e-11,7.3574e-02,1.0500
550.88,-3.42640876e-03,2.590692e-03,4.764739e-06,-5.0606518975e-11,8.0488e-02,1.0500
551.39,-3.30494585e-03,2.502797e-03,5.329544e-06,-5.0608406355e-11,8.7383e-02,1.0500
551.89,-3.14735597e-03,2.416514e-03,5.907015e-06,-5.0608184310e-11,9.4261e-02,1.0500
552.40,-2.97345608e-03,2.337550e-03,6.481792e-06,-5.0609072488e-11,1.0116e-01,1.0500
552.91,-2.80122031e-03,2.269750e-03,7.037595e-06,-5.0610182711e-11,1.0810e-01,1.0500
553.41,-2.64362002e-03,2.215861e-03,7.561526e-06,-5.0611070890e-11,1.1506e-01,1.0500
553.92,-2.50819902e-03,2.178326e-03,8.046559e-06,-5.0612403157e-11,1.2204e-01,1.0500
554.43,-2.39849394e-03,2.159392e-03,8.491643e-06,-5.0612736224e-11,1.2956e-01,1.0500
554.93,-2.31656944e-03,2.159891e-03,8.899943e-06,-5.0631832060e-11,1.3581e-01,1.0500
555.44,-2.26557752e-03,2.177532e-03,9.276245e-06,-5.0818127484e-11,1.4162e-01,1.0437
555.95,-2.25026918e-03,2.206013e-03,9.624537e-06,-5.0890736070e-11,1.4667e-01,1.0500
556.45,-2.27410428e-03,2.235949e-03,9.946411e-06,-5.1017856606e-11,1.4678e-01,1.0437
556.96,-2.33470174e-03,2.257458e-03,1.024047e-05,-5.1151527458e-11,1.0222e-01,1.0375
557.47,-2.42122092e-03,2.263041e-03,1.050266e-05,-5.1152526659e-11,1.0924e-01,1.0375
557.97,-2.51491663e-03,2.249619e-03,1.072740e-05,-5.1154191993e-11,1.1624e-01,1.0375
558.48,-2.59115763e-03,2.219274e-03,1.090926e-05,-5.1154969150e-11,1.2321e-01,1.0375
558.99,-2.62174028e-03,2.178277e-03,1.104484e-05,-5.1154636083e-11,1.3016e-01,1.0375
559.49,-2.57770615e-03,2.134804e-03,1.113422e-05,-5.1155191194e-11,1.3709e-01,1.0375
560.00,-2.43137746e-03,2.096094e-03,1.118141e-05,-5.1156745506e-11,1.4399e-01,1.0375
560.51,-2.15556303e-03,2.066146e-03,1.119341e-05,-5.1157633685e-11,1.5087e-01,1.0375
561.01,-1.72244687e-03,2.045326e-03,1.117797e-05,-5.1158965952e-11,1.5773e-01,1.0375
561.52,-1.10909809e-03,2.032377e-03,1.114092e-05,-5.1160076175e-11,1.2957e-01,1.0375
562.03,-3.11749208e-04,2.027198e-03,1.108425e-05,-5.1160631287e-11,3.4707e-02,1.0375
562.53,6.39352821e-04,2.032199e-03,1.100579e-05,-5.1162629688e-11,2.6601e-02,1.0375
563.04,1.67326638e-03,2.051083e-03,1.090084e-05,-5.1162740711e-11,3.0766e-02,1.0375
563.55,2.68234040e-03,2.085739e-03,1.076494e-05,-5.1163961956e-11,3.9114e-02,1.0375
564.05,3.53628657e-03,2.133302e-03,1.059683e-05,-5.1164184001e-11,5.3741e-02,1.0375
564.56,4.10846750e-03,2.185184e-03,1.040023e-05,-5.1165738313e-11,5.9168e-02,1.0375
565.07,4.31358944e-03,2.229505e-03,1.018399e-05,-5.1166737514e-11,5.7598e-02,1.0375
565.58,4.14089050e-03,2.255092e-03,9.960149e-06,-5.1168180804e-11,6.3456e-02,1.0375
566.08,3.66117664e-03,2.255080e-03,9.740495e-06,-5.1168735915e-11,7.0425e-02,1.0375
566.59,3.00281734e-03,2.228956e-03,9.532680e-06,-5.1169846138e-11,7.7596e-02,1.0375
567.10,2.31072761e-03,2.182567e-03,9.337813e-06,-5.1169180004e-11,8.4705e-02,1.0375
567.60,1.70913875e-03,2.126574e-03,9.151203e-06,-5.1170845339e-11,9.1805e-02,1.0375
568.11,1.28240973e-03,2.073095e-03,8.966152e-06,-5.1172732718e-11,3.9404e-02,1.0375
568.62,1.07381903e-03,2.031949e-03,8.778998e-06,-5.1228021825e-11,1.9940e-02,1.0375
569.12,1.09319522e-03,2.007259e-03,8.592771e-06,-5.1725623784e-11,2.0917e-02,1.0500
569.63,1.32480315e-03,1.997077e-03,8.417376e-06,-5.1726067873e-11,2.1212e-02,1.0500
570.14,1.73247847e-03,1.996287e-03,8.265796e-06,-5.1727622186e-11,2.0742e-02,1.0500
570.64,2.26323178e-03,2.000619e-03,8.147891e-06,-5.1728399342e-11,2.5286e-02,1.0500
571.15,2.85151827e-03,2.009029e-03,8.065107e-06,-5.1728954453e-11,4.6940e-02,1.0500
571.66,3.42543347e-03,2.024171e-03,8.009260e-06,-5.1730064676e-11,5.3669e-02,1.0500
572.16,3.91465387e-03,2.049100e-03,7.966589e-06,-5.1731174899e-11,5.5244e-02,1.0500
572.67,4.25900334e-03,2.083992e-03,7.924808e-06,-5.1732507167e-11,5.3921e-02,1.0500
573.18,4.41655452e-03,2.124776e-03,7.879055e-06,-5.1732729212e-11,5.8809e-02,1.0500
573.68,4.37044278e-03,2.164303e-03,7.833714e-06,-5.1733839435e-11,6.6133e-02,1.0500
574.19,4.13281597e-03,2.195505e-03,7.799034e-06,-5.1735504769e-11,7.3372e-02,1.0500
574.70,3.74319710e-03,2.215032e-03,7.784089e-06,-5.1735726814e-11,8.0593e-02,1.0500
575.20,3.25958665e-03,2.225508e-03,7.789804e-06,-5.1736392948e-11,8.7825e-02,1.0500
575.71,2.74449328e-03,2.235442e-03,7.806205e-06,-5.1737059081e-11,9.8531e-02,1.0500
576.22,2.25125463e-03,2.256483e-03,7.815740e-06,-5.1813442425e-11,1.0061e-01,1.0500
576.72,1.81514912e-03,2.298754e-03,7.800273e-06,-5.2056581268e-11,1.0659e-01,1.0437
577.23,1.45061818e-03,2.366539e-03,7.748122e-06,-5.2133963813e-11,1.1206e-01,1.0500
577.74,1.15413991e-03,2.457003e-03,7.657943e-06,-5.2223003699e-11,1.1549e-01,1.0500
578.24,9.11543100e-04,2.562600e-03,7.538108e-06,-5.2406967654e-11,8.7854e-02,1.0375
578.75,7.06622041e-04,2.675238e-03,7.402268e-06,-5.2406856632e-11,9.0030e-02,1.0375
579.26,5.27056649e-04,2.789449e-03,7.262951e-06,-5.2406967654e-11,9.6586e-02,1.0375
579.77,3.67139957e-04,2.903189e-03,7.126012e-06,-5.2408632989e-11,1.0361e-01,1.0375
580.27,2.30623297e-04,3.016975e-03,6.988041e-06,-5.2409521167e-11,1.1062e-01,1.0375
580.78,1.34197389e-04,3.131768e-03,6.838256e-06,-5.2409743212e-11,1.1761e-01,1.0375
581.29,1.05604700e-04,3.247055e-03,6.664035e-06,-5.2412185703e-11,1.2457e-01,1.0375
581.79,1.70749612e-04,3.360202e-03,6.457460e-06,-5.2412185703e-11,1.3151e-01,1.0375
582.30,3.33804712e-04,3.467273e-03,6.220194e-06,-5.2412629792e-11,1.3583e-01,1.0375
582.81,5.62727065e-04,3.564543e-03,5.964803e-06,-5.2413962059e-11,2.8962e-02,1.0375
583.31,7.90484867e-04,3.649879e-03,5.711490e-06,-5.2414961260e-11,1.8363e-02,1.0375
583.82,9.32482626e-04,3.723245e-03,5.480513e-06,-5.2416182506e-11,2.0137e-02,1.0375
584.33,9.12246598e-04,3.786447e-03,5.282922e-06,-5.2417514773e-11,2.1630e-02,1.0375
584.83,6.84970141e-04,3.842243e-03,5.114843e-06,-5.2418624996e-11,2.2715e-02,1.0375
585.34,2.50726249e-04,3.893274e-03,4.959787e-06,-5.2419957264e-11,2.6208e-02,1.0375
585.85,-3.46200801e-04,3.941281e-03,4.798675e-06,-5.2421622598e-11,3.2857e-02,1.0375
586.35,-1.03003194e-03,3.986882e-03,4.622264e-06,-5.2423065888e-11,3.9459e-02,1.0375
586.86,-1.71272360e-03,4.029791e-03,4.439916e-06,-5.2424509178e-11,4.5347e-02,1.0375
587.37,-2.31348717e-03,4.069681e-03,4.280342e-06,-5.2425841446e-11,5.1296e-02,1.0375
587.87,-2.77333602e-03,4.106679e-03,4.181809e-06,-5.2425730424e-11,5.7823e-02,1.0375
588.38,-3.06091090e-03,4.141630e-03,4.172727e-06,-5.2427284736e-11,6.4690e-02,1.0375
588.89,-3.16892854e-03,4.175691e-03,4.254055e-06,-5.2428505981e-11,7.1817e-02,1.0375
589.39,-3.10509171e-03,4.209429e-03,4.398619e-06,-5.2429061093e-11,7.8968e-02,1.0375
589.90,-2.88363655e-03,4.241909e-03,4.568521e-06,-5.2429727226e-11,8.6094e-02,1.0375
590.41,-2.52115112e-03,4.270131e-03,4.735741e-06,-5.2430615405e-11,9.3188e-02,1.0375
590.91,-2.03550082e-03,4.289198e-03,4.893255e-06,-5.2431947672e-11,1.0022e-01,1.0375
591.42,-1.44506130e-03,4.293036e-03,5.053804e-06,-5.2433390962e-11,1.0724e-01,1.0375
591.93,-7.68251872e-04,4.275786e-03,5.239118e-06,-5.2432835851e-11,1.1423e-01,1.0375
592.43,-2.63606813e-05,4.233916e-03,5.465376e-06,-5.2434168119e-11,1.2120e-01,1.0375
592.94,7.48402730e-04,4.167328e-03,5.732857e-06,-5.2436499587e-11,1.2816e-01,1.0375
593.45,1.50373416e-03,4.079513e-03,6.025870e-06,-5.2436277542e-11,1.3509e-01,1.0375
593.96,2.16337932e-03,3.976526e-03,6.321507e-06,-5.2438275944e-11,1.4200e-01,1.0375
594.46,2.63679870e-03,3.865209e-03,6.600467e-06,-5.2438053899e-11,1.4888e-01,1.0375
594.97,2.84201641e-03,3.751255e-03,6.853753e-06,-5.2439275144e-11,1.5574e-01,1.0375
595.48,2.73322508e-03,3.638084e-03,7.083064e-06,-5.2440052301e-11,1.6258e-01,1.0375
595.98,2.31979790e-03,3.526896e-03,7.296265e-06,-5.2440274345e-11,1.6940e-01,1.0375
596.49,1.66681941e-03,3.417505e-03,7.501188e-06,-5.2442827858e-11,1.7619e-01,1.0375
597.00,8.78448446e-04,3.309203e-03,7.701029e-06,-5.2443605014e-11,1.8296e-01,1.0375
597.50,7.39769037e-05,3.201076e-03,7.893537e-06,-5.2442938880e-11,9.9254e-02,1.0375
598.01,-6.33616566e-04,3.091697e-03,8.073057e-06,-5.2707838094e-11,1.8709e-02,1.0500
598.52,-1.15160928e-03,2.978858e-03,8.233496e-06,-5.2759796532e-11,3.1021e-02,1.0500
599.02,-1.41219189e-03,2.859718e-03,8.370500e-06,-5.2965187791e-11,3.6735e-02,1.0500
599.53,-1.37041307e-03,2.731531e-03,8.482076e-06,-5.3161031133e-11,3.1052e-02,1.0625
600.04,-1.00461257e-03,2.592736e-03,8.568107e-06,-5.3162363400e-11,1.7381e-02,1.0625
600.54,-3.27122527e-04,2.443981e-03,8.629621e-06,-5.3162807490e-11,1.7865e-02,1.0625
601.05,5.98067541e-04,2.288669e-03,8.668385e-06,-5.3163473623e-11,3.4149e-02,1.0625
601.56,1.64357712e-03,2.133001e-03,8.686800e-06,-5.3204440853e-11,3.7071e-02,1.0563
602.06,2.62646922e-03,1.985347e-03,8.687547e-06,-5.3314574977e-11,3.7783e-02,1.0625
602.57,3.34082765e-03,1.855152e-03,8.672721e-06,-5.3349324958e-11,4.4249e-02,1.0625
603.08,3.61729222e-03,1.751505e-03,8.642827e-06,-5.3382631648e-11,5.0595e-02,1.0625
603.58,3.38232368e-03,1.681527e-03,8.596464e-06,-5.3442361647e-11,5.6221e-02,1.0625
604.09,2.68385107e-03,1.648893e-03,8.531289e-06,-5.3665294431e-11,6.0283e-02,1.0500
604.60,1.67135998e-03,1.653092e-03,8.445754e-06,-5.3667292832e-11,6.7062e-02,1.0500
605.10,5.38991308e-04,1.690316e-03,8.340598e-06,-5.3667181810e-11,7.3958e-02,1.0500
605.61,-5.32786360e-04,1.755255e-03,8.219468e-06,-5.3667625899e-11,8.0910e-02,1.0500
606.12,-1.41161045e-03,1.842687e-03,8.087913e-06,-5.3669069189e-11,8.7848e-02,1.0500
606.63,-2.02178395e-03,1.948039e-03,7.951242e-06,-5.3670068390e-11,9.4726e-02,1.0500
607.13,-2.32865234e-03,2.067028e-03,7.812620e-06,-5.3671178613e-11,1.0159e-01,1.0500
607.64,-2.31716767e-03,2.195109e-03,7.672230e-06,-5.3671733724e-11,1.0843e-01,1.0500
608.15,-1.98077668e-03,2.327276e-03,7.528049e-06,-5.3672510880e-11,1.1525e-01,1.0500
608.65,-1.32432530e-03,2.458488e-03,7.377985e-06,-5.3673621103e-11,1.2206e-01,1.0500
609.16,-3.76371884e-04,2.584589e-03,7.222333e-06,-5.3675397460e-11,1.2884e-01,1.0500
609.67,7.92901926e-04,2.703197e-03,7.065267e-06,-5.3675619505e-11,1.3560e-01,1.0500
610.17,2.05256692e-03,2.814095e-03,6.914475e-06,-5.3676729728e-11,1.4234e-01,1.0500
610.68,3.20399320e-03,2.918909e-03,6.778844e-06,-5.3676063594e-11,1.4906e-01,1.0500
611.19,4.00623198e-03,3.020184e-03,6.664938e-06,-5.3678061995e-11,1.5576e-01,1.0500
611.69,4.24826079e-03,3.120193e-03,6.573853e-06,-5.3679727330e-11,1.6246e-01,1.0500
612.20,3.83947470e-03,3.219966e-03,6.500397e-06,-5.3680393464e-11,1.6920e-01,1.0500
612.71,2.85944777e-03,3.318928e-03,6.435616e-06,-5.3681059597e-11,1.7613e-01,1.0500
613.21,1.52884682e-03,3.415080e-03,6.371779e-06,-5.3758442142e-11,1.8214e-01,1.0437
613.72,1.13580122e-04,3.505573e-03,6.307260e-06,-5.3853033144e-11,1.8528e-01,1.0500
614.23,-1.16578213e-03,3.587364e-03,6.248513e-06,-5.4084625667e-11,6.6378e-02,1.0375
614.73,-2.16879736e-03,3.657735e-03,6.207521e-06,-5.4091175983e-11,6.9661e-02,1.0375
615.24,-2.82620892e-03,3.714534e-03,6.195294e-06,-5.4093840518e-11,7.4097e-02,1.0375
615.75,-3.11505182e-03,3.756298e-03,6.214684e-06,-5.4094395630e-11,8.0823e-02,1.0375
616.25,-3.03716413e-03,3.782324e-03,6.257079e-06,-5.4095283808e-11,8.7431e-02,1.0375
616.76,-2.61153099e-03,3.792272e-03,6.305510e-06,-5.4097393232e-11,9.6687e-02,1.0375
617.27,-1.88015445e-03,3.786077e-03,6.342346e-06,-5.4098392432e-11,1.0131e-01,1.0375
617.77,-9.21779246e-04,3.763908e-03,6.356996e-06,-5.4099391633e-11,1.0834e-01,1.0375
618.28,1.34896337e-04,3.726217e-03,6.349684e-06,-5.4100279812e-11,1.1535e-01,1.0375
618.79,1.11114622e-03,3.673941e-03,6.329878e-06,-5.4100612878e-11,1.2233e-01,1.0375
619.29,1.80634418e-03,3.608808e-03,6.310432e-06,-5.4101612079e-11,1.2928e-01,1.0375
619.80,2.05641405e-03,3.533427e-03,6.300332e-06,-5.4102833325e-11,1.3621e-01,1.0375
620.31,1.79487173e-03,3.451109e-03,6.299641e-06,-5.4103499458e-11,1.4312e-01,1.0375
620.82,1.08023159e-03,3.365512e-03,6.299097e-06,-5.4103388436e-11,7.9192e-02,1.0375
621.32,7.44000441e-05,3.280169e-03,6.284163e-06,-5.4105941949e-11,3.4623e-02,1.0375
621.83,-1.01687785e-03,3.198020e-03,6.241195e-06,-5.4108495462e-11,3.1444e-02,1.0375
622.34,-2.00761332e-03,3.121005e-03,6.163033e-06,-5.4112825332e-11,3.3423e-02,1.0375
622.84,-2.76617305e-03,3.049847e-03,6.052199e-06,-5.4118376447e-11,3.9166e-02,1.0375
623.35,-3.21796371e-03,2.984173e-03,5.920756e-06,-5.4121485071e-11,4.5780e-02,1.0375
623.86,-3.33525984e-03,2.922984e-03,5.786408e-06,-5.4125925963e-11,5.3100e-02,1.0375
624.36,-3.12916453e-03,2.865411e-03,5.665379e-06,-5.4126481075e-11,5.7440e-02,1.0375
624.87,-2.64788351e-03,2.811592e-03,5.565106e-06,-5.4126481075e-11,6.3334e-02,1.0375
625.38,-1.97749806e-03,2.762884e-03,5.480330e-06,-5.4128257432e-11,6.9887e-02,1.0375
625.88,-1.23767484e-03,2.721833e-03,5.395830e-06,-5.4128590499e-11,7.6854e-02,1.0375
626.39,-5.66385084e-04,2.691230e-03,5.294992e-06,-5.4130255833e-11,8.4020e-02,1.0375
626.90,-9.43166567e-05,2.672841e-03,5.169928e-06,-5.4130699922e-11,9.1398e-02,1.0375
627.40,8.52886812e-05,2.666599e-03,5.028244e-06,-5.4131810145e-11,6.1674e-02,1.0375
627.91,-5.95136712e-05,2.670961e-03,4.893036e-06,-5.4133142413e-11,3.0399e-02,1.0375
628.42,-4.92643509e-04,2.683350e-03,4.794679e-06,-5.4134030592e-11,2.9980e-02,1.0375
628.92,-1.12222775e-03,2.701446e-03,4.756685e-06,-5.4134585703e-11,3.0416e-02,1.0375
629.43,-1.82606971e-03,2.723726e-03,4.783320e-06,-5.4136695127e-11,2.9765e-02,1.0375
629.94,-2.48261325e-03,2.749099e-03,4.858388e-06,-5.4137694327e-11,2.8454e-02,1.0375
630.44,-2.99644329e-03,2.776004e-03,4.956881e-06,-5.4141024997e-11,3.5614e-02,1.0375
630.95,-3.30895812e-03,2.801451e-03,5.061094e-06,-5.4147353268e-11,4.0591e-02,1.0375
631.46,-3.39652542e-03,2.821075e-03,5.171178e-06,-5.4152349271e-11,4.7482e-02,1.0375
631.96,-3.26536462e-03,2.830639e-03,5.305036e-06,-5.4153348472e-11,5.0886e-02,1.0375
632.47,-2.94752887e-03,2.827555e-03,5.487700e-06,-5.4155235851e-11,5.6785e-02,1.0375
632.98,-2.49734183e-03,2.811979e-03,5.735650e-06,-5.4156013007e-11,6.0820e-02,1.0375
633.48,-1.98620833e-03,2.787203e-03,6.045877e-06,-5.4157012208e-11,6.7130e-02,1.0375
633.99,-1.49376632e-03,2.758885e-03,6.397163e-06,-5.4158677543e-11,7.4092e-02,1.0375
634.50,-1.09459680e-03,2.733398e-03,6.761621e-06,-5.4159232654e-11,8.1152e-02,1.0375
635.01,-8.43614324e-04,2.715905e-03,7.117885e-06,-5.4160342877e-11,8.8261e-02,1.0375
635.51,-7.65363987e-04,2.708861e-03,7.458609e-06,-5.4161564123e-11,9.5319e-02,1.0375
636.02,-8.50873789e-04,2.711342e-03,7.789841e-06,-5.4161786167e-11,1.0235e-01,1.0375
636.53,-1.06279230e-03,2.719401e-03,8.123944e-06,-5.4161897189e-11,1.0937e-01,1.0375
637.03,-1.34693709e-03,2.727252e-03,8.470267e-06,-5.4162896390e-11,1.1636e-01,1.0375
637.54,-1.64655345e-03,2.728745e-03,8.828687e-06,-5.4165005814e-11,1.2333e-01,1.0375
638.05,-1.91508159e-03,2.718528e-03,9.189354e-06,-5.4165338881e-11,1.3027e-01,1.0375
638.55,-2.12410564e-03,2.692557e-03,9.538045e-06,-5.4166338082e-11,1.3720e-01,1.0375
639.06,-2.26485129e-03,2.648155e-03,9.863305e-06,-5.4167781371e-11,1.4410e-01,1.0375
639.57,-2.34363232e-03,2.584002e-03,1.016117e-05,-5.4168558528e-11,1.5098e-01,1.0375
640.07,-2.37364591e-03,2.500450e-03,1.043526e-05,-5.4169335684e-11,2.2140e-02,1.0375
640.58,-2.36661075e-03,2.400281e-03,1.069284e-05,-5.4177884401e-11,1.9396e-02,1.0375
641.09,-2.32689838e-03,2.289588e-03,1.093931e-05,-5.4422133466e-11,2.7800e-02,1.0500
641.59,-2.24868052e-03,2.177948e-03,1.117428e-05,-5.4422577556e-11,3.2284e-02,1.0500
642.10,-2.11565695e-03,2.077121e-03,1.139144e-05,-5.4423243689e-11,3.4290e-02,1.0500
642.61,-1.90407166e-03,1.998066e-03,1.158178e-05,-5.4425242091e-11,3.4630e-02,1.0500
643.11,-1.59058418e-03,1.947286e-03,1.173821e-05,-5.4425242091e-11,3.3978e-02,1.0500
643.62,-1.16456311e-03,1.924901e-03,1.185863e-05,-5.4425797202e-11,3.2722e-02,1.0500
644.13,-6.40629106e-04,1.925890e-03,1.194591e-05,-5.4427462537e-11,3.0438e-02,1.0500
644.63,-6.56641741e-05,1.943772e-03,1.200509e-05,-5.4427684582e-11,3.7544e-02,1.0500
645.14,4.84366860e-04,1.974333e-03,1.203950e-05,-5.4428794805e-11,4.4780e-02,1.0500
645.65,9.19556590e-04,2.016609e-03,1.204829e-05,-5.4429682983e-11,5.1989e-02,1.0500
646.15,1.16071861e-03,2.070908e-03,1.202670e-05,-5.4430793206e-11,5.9184e-02,1.0500
646.66,1.16578755e-03,2.135589e-03,1.196892e-05,-5.4431126273e-11,6.6379e-02,1.0500
647.17,9.45207714e-04,2.205333e-03,1.187167e-05,-5.4432236496e-11,7.2920e-02,1.0500
647.67,5.58160870e-04,2.272133e-03,1.173636e-05,-5.4433457741e-11,7.9826e-02,1.0500
648.18,9.43292277e-05,2.328091e-03,1.156840e-05,-5.4434012853e-11,8.6756e-02,1.0500
648.69,-3.46865445e-04,2.368605e-03,1.137383e-05,-5.4435123076e-11,9.3640e-02,1.0500
649.20,-6.71361091e-04,2.394333e-03,1.115534e-05,-5.4436455343e-11,1.0051e-01,1.0500
649.70,-8.01064990e-04,2.411053e-03,1.091026e-05,-5.4436677388e-11,1.0735e-01,1.0500
650.21,-6.84494899e-04,2.427332e-03,1.063195e-05,-5.4438009656e-11,1.1418e-01,1.0500
650.72,-3.05858936e-04,2.450876e-03,1.031383e-05,-5.4438786812e-11,1.2098e-01,1.0500
651.22,3.08265004e-04,2.485431e-03,9.953786e-06,-5.4439674990e-11,1.2777e-01,1.0500
651.73,1.09044600e-03,2.529905e-03,9.556229e-06,-5.4440563169e-11,1.3454e-01,1.0500
652.24,1.94513395e-03,2.580199e-03,9.130653e-06,-5.4441229302e-11,1.4128e-01,1.0500
652.74,2.76187908e-03,2.632359e-03,8.687064e-06,-5.4442561570e-11,1.4800e-01,1.0500
653.25,3.43265803e-03,2.684801e-03,8.230825e-06,-5.4442561570e-11,1.5470e-01,1.0500
653.76,3.87233861e-03,2.738425e-03,7.760076e-06,-5.4443671793e-11,1.6140e-01,1.0500
654.26,4.03561424e-03,2.794599e-03,7.267609e-06,-5.4445892239e-11,1.6818e-01,1.0500
654.77,3.92858507e-03,2.852512e-03,6.746217e-06,-5.4445892239e-11,1.7506e-01,1.0500
655.28,3.60671718e-03,2.907946e-03,6.194483e-06,-5.4537596661e-11,1.8089e-01,1.0437
655.78,3.15839166e-03,2.954335e-03,5.619775e-06,-5.4621862589e-11,1.7663e-01,1.0500
656.29,2.68090399e-03,2.985427e-03,5.036818e-06,-5.4869553345e-11,4.7290e-02,1.0375
656.80,2.25842602e-03,2.997905e-03,4.462560e-06,-5.4884985445e-11,5.4106e-02,1.0375
657.30,1.94937298e-03,2.992607e-03,3.910175e-06,-5.4899307322e-11,6.1284e-02,1.0375
657.81,1.78385417e-03,2.974112e-03,3.386388e-06,-5.4906745817e-11,6.6140e-02,1.0375
658.32,1.76796031e-03,2.948708e-03,2.895890e-06,-5.4909965463e-11,7.0317e-02,1.0375
658.82,1.89033754e-03,2.922073e-03,2.454123e-06,-5.4910964664e-11,7.5805e-02,1.0375
659.33,2.12777608e-03,2.897698e-03,2.105710e-06,-5.4913074088e-11,8.2382e-02,1.0375
659.84,2.44876780e-03,2.876736e-03,1.932826e-06,-5.4913740222e-11,8.9394e-02,1.0375
660.34,2.81560568e-03,2.859012e-03,2.009932e-06,-5.4914517378e-11,9.8708e-02,1.0375
660.85,3.18640616e-03,2.844880e-03,2.321332e-06,-5.4915849645e-11,1.0350e-01,1.0375
661.36,3.51820585e-03,2.836149e-03,2.779842e-06,-5.4916515779e-11,1.1052e-01,1.0375
661.86,3.77156633e-03,2.835648e-03,3.305174e-06,-5.4917403958e-11,1.1751e-01,1.0375
662.37,3.91616654e-03,2.845614e-03,3.849728e-06,-5.4918292136e-11,1.2449e-01,1.0375
662.88,3.93605128e-03,2.865588e-03,4.391585e-06,-5.4919846448e-11,1.1635e-01,1.0375
663.39,3.83289161e-03,2.891606e-03,4.924166e-06,-5.4970250574e-11,3.7413e-02,1.0500
663.89,3.62597868e-03,2.917012e-03,5.448269e-06,-5.5021542877e-11,3.9804e-02,1.0500
664.40,3.34873438e-03,2.934673e-03,5.966376e-06,-5.5984106240e-11,3.7744e-02,1.0500
664.91,3.04268129e-03,2.939288e-03,6.478969e-06,-5.6826543471e-11,3.2666e-02,1.0625
665.41,2.75058125e-03,2.928703e-03,6.982713e-06,-5.6826876538e-11,2.4135e-02,1.0625
665.92,2.51040482e-03,2.903952e-03,7.470473e-06,-5.6828541872e-11,1.5836e-02,1.0625
666.43,2.35090028e-03,2.868300e-03,7.932977e-06,-5.6829208006e-11,2.2716e-02,1.0625
666.93,2.28853731e-03,2.826101e-03,8.361483e-06,-5.6830540274e-11,2.9703e-02,1.0625
667.44,2.32523861e-03,2.781601e-03,8.750367e-06,-5.6831095385e-11,3.6689e-02,1.0625
667.95,2.44680797e-03,2.738403e-03,9.098509e-06,-5.6831983564e-11,4.3668e-02,1.0625
668.45,2.62265195e-03,2.699658e-03,9.408841e-06,-5.6833648898e-11,5.0647e-02,1.0625
668.96,2.80756920e-03,2.668648e-03,9.686205e-06,-5.6833315831e-11,5.8015e-02,1.0625
669.47,2.94629759e-03,2.649111e-03,9.934489e-06,-5.6867066611e-11,6.3940e-02,1.0625
669.97,2.98145855e-03,2.645082e-03,1.015442e-05,-5.6926130476e-11,7.0673e-02,1.0625
670.48,2.86492178e-03,2.659833e-03,1.034309e-05,-5.7014282184e-11,7.7303e-02,1.0563
670.99,2.57053210e-03,2.694179e-03,1.049551e-05,-5.7290838740e-11,8.3091e-02,1.0563
671.49,2.10351807e-03,2.745082e-03,1.060728e-05,-5.7337801174e-11,8.8865e-02,1.0625
672.00,1.50145195e-03,2.805464e-03,1.067689e-05,-5.7395199704e-11,9.3851e-02,1.0625
672.51,8.25148121e-04,2.865487e-03,1.070676e-05,-5.7611915238e-11,1.0007e-01,1.0500
673.01,1.43389571e-04,2.914739e-03,1.070229e-05,-5.7613358528e-11,1.0692e-01,1.0500
673.52,-4.82261655e-04,2.944584e-03,1.066975e-05,-5.7614135685e-11,1.1375e-01,1.0500
674.03,-1.00788627e-03,2.949990e-03,1.061392e-05,-5.7613913640e-11,1.2056e-01,1.0500
674.53,-1.41100841e-03,2.930494e-03,1.053677e-05,-5.7615689997e-11,1.2735e-01,1.0500
675.04,-1.68927358e-03,2.890021e-03,1.043786e-05,-5.7616911242e-11,1.3412e-01,1.0500
675.55,-1.85689932e-03,2.835580e-03,1.031630e-05,-5.7618132487e-11,1.4086e-01,1.0500
676.05,-1.94035846e-03,2.775289e-03,1.017304e-05,-5.7618354532e-11,1.4759e-01,1.0500
676.56,-1.97367532e-03,2.716188e-03,1.001230e-05,-5.7619686800e-11,1.5429e-01,1.0500
677.07,-1.99345783e-03,2.663020e-03,9.841110e-06,-5.7620908045e-11,1.6097e-01,1.0500
677.58,-2.03354970e-03,2.618420e-03,9.667162e-06,-5.7621352134e-11,1.6763e-01,1.0500
678.08,-2.11961534e-03,2.583935e-03,9.496066e-06,-5.7621574179e-11,1.7430e-01,1.0500
678.59,-2.26459321e-03,2.560744e-03,9.329656e-06,-5.7623128491e-11,1.8106e-01,1.0500
679.10,-2.46591263e-03,2.549245e-03,9.166515e-06,-5.7641225126e-11,1.8767e-01,1.0500
679.60,-2.70477578e-03,2.547731e-03,9.004579e-06,-5.7727378433e-11,1.9220e-01,1.0500
680.11,-2.94738645e-03,2.551202e-03,8.844332e-06,-5.7981064394e-11,9.1457e-02,1.0375
680.62,-3.14812023e-03,2.551684e-03,8.690627e-06,-5.7982507684e-11,6.5615e-02,1.0375
681.12,-3.25474329e-03,2.539898e-03,8.551875e-06,-5.7985727331e-11,4.6352e-02,1.0375
681.63,-3.21620025e-03,2.508054e-03,8.436815e-06,-5.7988391866e-11,3.8937e-02,1.0375
682.14,-2.99427885e-03,2.452339e-03,8.350612e-06,-5.7992721736e-11,3.8637e-02,1.0375
682.64,-2.57927653e-03,2.374242e-03,8.292571e-06,-5.7996052405e-11,4.2630e-02,1.0375
683.15,-2.00570048e-03,2.280306e-03,8.256859e-06,-5.7998716940e-11,4.7922e-02,1.0375
683.66,-1.36020636e-03,2.180485e-03,8.235707e-06,-5.8000604319e-11,5.4214e-02,1.0375
684.16,-7.73776301e-04,2.085567e-03,8.223076e-06,-5.8002824765e-11,6.0853e-02,1.0375
684.67,-3.94041891e-04,2.004590e-03,8.216706e-06,-5.8003046810e-11,6.7814e-02,1.0375
685.18,-3.40976937e-04,1.943144e-03,8.217591e-06,-5.8005045211e-11,7.4985e-02,1.0375
685.68,-6.60364508e-04,1.903168e-03,8.227467e-06,-5.8005378278e-11,8.4823e-02,1.0375
686.19,-1.30037122e-03,1.884064e-03,8.245860e-06,-5.8007154635e-11,8.9276e-02,1.0375
686.70,-2.13071288e-03,1.884217e-03,8.268399e-06,-5.8007043613e-11,6.8834e-02,1.0375
687.20,-2.99408605e-03,1.902220e-03,8.287189e-06,-5.8008486903e-11,2.7379e-02,1.0375
687.71,-3.75440560e-03,1.936987e-03,8.292762e-06,-5.8013815973e-11,3.1288e-02,1.0375
688.22,-4.31646303e-03,1.987047e-03,8.276803e-06,-5.8105631418e-11,3.2093e-02,1.0500
688.72,-4.62317690e-03,2.049774e-03,8.234319e-06,-5.8107407774e-11,2.9653e-02,1.0500
689.23,-4.64622120e-03,2.121112e-03,8.164356e-06,-5.8108073908e-11,1.9640e-02,1.0500
689.74,-4.38440219e-03,2.196188e-03,8.069147e-06,-5.8108406975e-11,2.5134e-02,1.0500
690.25,-3.86713131e-03,2.270537e-03,7.952077e-06,-5.8110294354e-11,3.2166e-02,1.0500
690.75,-3.15199960e-03,2.341373e-03,7.815478e-06,-5.8110516399e-11,3.9180e-02,1.0500
691.26,-2.31244791e-03,2.408440e-03,7.659237e-06,-5.8237414891e-11,4.5951e-02,1.0437
691.77,-1.42448112e-03,2.474087e-03,7.480857e-06,-5.8476778975e-11,5.2479e-02,1.0437
692.27,-5.61443115e-04,2.542371e-03,7.276931e-06,-5.8626437038e-11,5.8673e-02,1.0500
692.78,2.06238212e-04,2.617407e-03,7.045286e-06,-5.8657523283e-11,6.5170e-02,1.0500
693.29,8.14770228e-04,2.701609e-03,6.786701e-06,-5.8718030438e-11,7.0791e-02,1.0500
693.79,1.21761631e-03,2.794737e-03,6.505349e-06,-5.8948290693e-11,4.1296e-02,1.0375
694.30,1.39907219e-03,2.894169e-03,6.207771e-06,-5.8956062254e-11,4.1692e-02,1.0375
694.81,1.38266810e-03,2.996115e-03,5.900909e-06,-5.8964166882e-11,4.2902e-02,1.0375
695.31,1.22752748e-03,3.097136e-03,5.590327e-06,-5.8973936845e-11,4.5044e-02,1.0375
695.82,1.01243085e-03,3.195417e-03,5.279111e-06,-5.8982929652e-11,4.7864e-02,1.0375
696.33,8.15080060e-04,3.290413e-03,4.968252e-06,-5.8992477570e-11,5.1135e-02,1.0375
696.83,6.95839859e-04,3.381822e-03,4.658166e-06,-5.9003468778e-11,5.5207e-02,1.0375
697.34,6.89890002e-04,3.468760e-03,4.350573e-06,-5.9009797049e-11,6.0205e-02,1.0375
697.85,8.05617855e-04,3.549318e-03,4.050092e-06,-5.9013460785e-11,6.5530e-02,1.0375
698.35,1.02593458e-03,3.620840e-03,3.765493e-06,-5.9015237142e-11,7.1718e-02,1.0375
698.86,1.31199908e-03,3.680587e-03,3.510228e-06,-5.9016791454e-11,7.8748e-02,1.0375
699.37,1.61055154e-03,3.726727e-03,3.301572e-06,-5.9018456788e-11,8.5473e-02,1.0375
699.87,1.86463077e-03,3.759051e-03,3.157690e-06,-5.9019455989e-11,7.9806e-02,1.0375
700.38,2.02504051e-03,3.779349e-03,3.092802e-06,-5.9021676435e-11,5.5153e-02,1.0375
700.89,2.05904992e-03,3.790431e-03,3.112354e-06,-5.9025229149e-11,3.7891e-02,1.0375
701.39,1.95407697e-03,3.795110e-03,3.211382e-06,-5.9029781063e-11,2.9298e-02,1.0375
701.90,1.71676980e-03,3.795113e-03,3.377273e-06,-5.9035665245e-11,2.6394e-02,1.0375
702.41,1.37005482e-03,3.790631e-03,3.594578e-06,-5.9041216360e-11,2.7822e-02,1.0375
702.91,9.49972110e-04,3.780640e-03,3.848643e-06,-5.9047544632e-11,3.1971e-02,1.0375
703.42,5.01448965e-04,3.763419e-03,4.126891e-06,-5.9052984724e-11,3.7217e-02,1.0375
703.93,7.20161600e-05,3.737255e-03,4.418856e-06,-5.9057869706e-11,4.2679e-02,1.0375
704.44,-2.94502953e-04,3.700883e-03,4.716418e-06,-5.9061200375e-11,4.7831e-02,1.0375
704.94,-5.61461723e-04,3.653537e-03,5.014675e-06,-5.9066640468e-11,5.2482e-02,1.0375
705.45,-7.01121445e-04,3.594692e-03,5.312598e-06,-5.9068194780e-11,5.7525e-02,1.0375
705.96,-6.99052894e-04,3.523807e-03,5.612145e-06,-5.9071636471e-11,6.3250e-02,1.0375
706.46,-5.62549775e-04,3.440349e-03,5.915395e-06,-5.9071858516e-11,6.9791e-02,1.0375
706.97,-3.27885083e-04,3.344055e-03,6.220978e-06,-5.9072857717e-11,7.6663e-02,1.0375
707.48,-5.90077412e-05,3.235545e-03,6.522137e-06,-5.9072746694e-11,8.3819e-02,1.0375
707.98,1.65081174e-04,3.116424e-03,6.808018e-06,-5.9075078163e-11,9.3163e-02,1.0375
708.49,2.70118615e-04,2.989234e-03,7.067735e-06,-5.9075633274e-11,9.8102e-02,1.0375
709.00,2.05725675e-04,2.856968e-03,7.295081e-06,-5.9077409631e-11,1.0514e-01,1.0375
709.50,-4.28734854e-05,2.722386e-03,7.491110e-06,-5.9078297809e-11,1.1215e-01,1.0375
710.01,-4.53440233e-04,2.587141e-03,7.663369e-06,-5.9078852921e-11,7.5074e-02,1.0375
710.52,-9.74210132e-04,2.452630e-03,7.821914e-06,-5.9081295412e-11,2.7434e-02,1.0375
711.02,-1.53614065e-03,2.320214e-03,7.973777e-06,-5.9168669964e-11,3.1220e-02,1.0375
711.53,-2.06619505e-03,2.192002e-03,8.118958e-06,-5.9324767321e-11,4.7603e-02,1.0500
712.04,-2.49870334e-03,2.070959e-03,8.250393e-06,-5.9325100388e-11,6.9600e-02,1.0500
712.54,-2.78324707e-03,1.960195e-03,8.357975e-06,-5.9324767321e-11,8.7062e-02,1.0500
713.05,-2.88822551e-03,1.861853e-03,8.434221e-06,-5.9326876745e-11,8.5084e-02,1.0500
713.56,-2.80116648e-03,1.775750e-03,8.478288e-06,-5.9327875945e-11,7.7138e-02,1.0500
714.06,-2.52856383e-03,1.699391e-03,8.496249e-06,-5.9329541280e-11,7.1799e-02,1.0500
714.57,-2.09704745e-03,1.629777e-03,8.497642e-06,-5.9330540481e-11,6.7179e-02,1.0500
715.08,-1.55451384e-03,1.566301e-03,8.490281e-06,-5.9329763324e-11,6.2820e-02,1.0500
715.58,-9.67518506e-04,1.513151e-03,8.476280e-06,-5.9331761726e-11,5.9376e-02,1.0500
716.09,-4.12388261e-04,1.479592e-03,8.451573e-06,-5.9333093994e-11,6.1623e-02,1.0500
716.60,3.87245076e-05,1.477370e-03,8.409123e-06,-5.9333205016e-11,6.8654e-02,1.0500
717.10,3.32334634e-04,1.515594e-03,8.343804e-06,-5.9334093194e-11,7.5763e-02,1.0500
717.61,4.43601636e-04,1.596123e-03,8.256104e-06,-5.9335092395e-11,8.2794e-02,1.0500
718.12,3.78772244e-04,1.713095e-03,8.152693e-06,-5.9336313640e-11,9.0492e-02,1.0500
718.63,1.70061523e-04,1.856546e-03,8.043637e-06,-5.9337534886e-11,9.8054e-02,1.0500
719.13,-1.34615905e-04,2.016636e-03,7.937881e-06,-5.9338089997e-11,1.0716e-01,1.0500
719.64,-4.83505051e-04,2.185963e-03,7.839555e-06,-5.9403038044e-11,1.1063e-01,1.0437
720.15,-8.31098591e-04,2.359745e-03,7.747214e-06,-5.9608096237e-11,1.1665e-01,1.0437
720.65,-1.14425234e-03,2.534874e-03,7.656285e-06,-5.9706350974e-11,1.2182e-01,1.0500
721.16,-1.40365682e-03,2.708825e-03,7.563033e-06,-5.9793059393e-11,1.2489e-01,1.0500
721.67,-1.60131106e-03,2.878996e-03,7.467532e-06,-5.9975580058e-11,1.2712e-01,1.0375
722.17,-1.73543705e-03,3.042630e-03,7.373995e-06,-5.9977023348e-11,1.3406e-01,1.0375
722.68,-1.80457399e-03,3.196152e-03,7.288455e-06,-5.9977467437e-11,1.4097e-01,1.0375
723.19,-1.80258793e-03,3.338145e-03,7.215492e-06,-5.9977578459e-11,1.4786e-01,1.0375
723.69,-1.71614944e-03,3.467892e-03,7.156107e-06,-5.9980131972e-11,1.5473e-01,1.0375
724.20,-1.52586874e-03,3.584955e-03,7.108180e-06,-5.9979798905e-11,1.6157e-01,1.0375
724.71,-1.21168024e-03,3.688760e-03,7.069185e-06,-5.9981575262e-11,1.6840e-01,1.0375
725.21,-7.62182660e-04,3.778066e-03,7.039164e-06,-5.9982019351e-11,1.7519e-01,1.0375
725.72,-1.86329301e-04,3.850985e-03,7.021780e-06,-5.9983684686e-11,1.8193e-01,1.0375
726.23,4.76018579e-04,3.905845e-03,7.022431e-06,-5.9983018552e-11,1.8854e-01,1.0375
726.73,1.15002147e-03,3.942327e-03,7.044413e-06,-5.9985238998e-11,1.9505e-01,1.0375
727.24,1.73366342e-03,3.962235e-03,7.085598e-06,-5.9986016154e-11,2.0155e-01,1.0375
727.75,2.11941192e-03,3.969361e-03,7.137979e-06,-5.9987792511e-11,2.0819e-01,1.0375
728.25,2.22521783e-03,3.968391e-03,7.190503e-06,-5.9988347623e-11,2.1483e-01,1.0375
728.76,2.02338360e-03,3.963325e-03,7.233481e-06,-5.9989124779e-11,2.2154e-01,1.0375
729.27,1.55308925e-03,3.956307e-03,7.262025e-06,-6.0024429871e-11,2.2751e-01,1.0375
729.77,9.08558857e-04,3.947334e-03,7.276823e-06,-6.0126903456e-11,2.2628e-01,1.0375
730.28,2.08707327e-04,3.934830e-03,7.282087e-06,-6.0469851348e-11,2.9567e-02,1.0250
730.79,-4.34674946e-04,3.916761e-03,7.281983e-06,-6.0704996585e-11,3.0821e-02,1.0250
731.29,-9.34869212e-04,3.891631e-03,7.277558e-06,-6.0882632269e-11,3.1334e-02,1.0250
731.80,-1.23190056e-03,3.858990e-03,7.265770e-06,-6.1003979646e-11,3.0723e-02,1.0250
732.31,-1.28733450e-03,3.819345e-03,7.240861e-06,-6.1072924495e-11,2.8530e-02,1.0250
732.82,-1.08265717e-03,3.773730e-03,7.196890e-06,-6.1112892524e-11,3.3276e-02,1.0250
733.32,-6.23946395e-04,3.723408e-03,7.129808e-06,-6.1160632114e-11,4.0859e-02,1.0250
733.83,5.17864766e-05,3.669710e-03,7.038188e-06,-6.1238680793e-11,4.2152e-02,1.0250
734.34,8.74239073e-04,3.614017e-03,6.922649e-06,-6.1330163170e-11,3.9817e-02,1.0250
734.84,1.74385846e-03,3.557858e-03,6.784724e-06,-6.1428639953e-11,3.6010e-02,1.0250
735.35,2.54227817e-03,3.502838e-03,6.626029e-06,-6.1523341977e-11,3.1663e-02,1.0250
735.86,3.14947174e-03,3.450308e-03,6.448230e-06,-6.1606497681e-11,2.6882e-02,1.0250
736.36,3.46811411e-03,3.400905e-03,6.253696e-06,-6.1682103869e-11,2.1436e-02,1.0250
736.87,3.45110138e-03,3.354246e-03,6.046207e-06,-6.1768146153e-11,1.4757e-02,1.0250
737.38,3.11991259e-03,3.309059e-03,5.830984e-06,-6.1888161262e-11,1.0378e-02,1.0250
737.88,2.55997768e-03,3.263728e-03,5.613722e-06,-6.2067018192e-11,1.1016e-02,1.0375
738.39,1.89245420e-03,3.217013e-03,5.398750e-06,-6.2068017392e-11,1.1094e-02,1.0375
738.90,1.23926900e-03,3.168891e-03,5.187628e-06,-6.2068905571e-11,1.2386e-02,1.0375
739.40,7.00457578e-04,3.120832e-03,4.979389e-06,-6.2072014195e-11,1.6768e-02,1.0375
739.91,3.47823118e-04,3.075525e-03,4.772944e-06,-6.2077676333e-11,1.7930e-02,1.0375
740.42,2.25027142e-04,3.036095e-03,4.571001e-06,-6.2093885589e-11,1.6417e-02,1.0375
740.92,3.45240245e-04,3.005138e-03,4.383751e-06,-6.2118643562e-11,1.3629e-02,1.0375
741.43,6.87545961e-04,2.984031e-03,4.230046e-06,-6.2147842428e-11,1.2551e-02,1.0375
741.94,1.19836277e-03,2.972755e-03,4.134055e-06,-6.2180038896e-11,1.3103e-02,1.0375
742.44,1.80006993e-03,2.970144e-03,4.117276e-06,-6.2212124341e-11,1.6210e-02,1.0375
742.95,2.40331215e-03,2.974324e-03,4.189094e-06,-6.2243432630e-11,1.9767e-02,1.0375
743.46,2.91930802e-03,2.983101e-03,4.342938e-06,-6.2272409451e-11,2.3773e-02,1.0375
743.96,3.27222016e-03,2.994017e-03,4.560748e-06,-6.2298721737e-11,2.8315e-02,1.0375
744.47,3.41262269e-03,3.004270e-03,4.821840e-06,-6.2320482108e-11,3.3633e-02,1.0375
744.98,3.32923481e-03,3.010767e-03,5.110302e-06,-6.2339355900e-11,4.0312e-02,1.0375
745.48,3.05255730e-03,3.010454e-03,5.418100e-06,-6.2350458130e-11,4.5719e-02,1.0375
745.99,2.64634769e-03,3.000776e-03,5.744385e-06,-6.2357896624e-11,4.8356e-02,1.0375
746.50,2.18969065e-03,2.980014e-03,6.092569e-06,-6.2360672182e-11,5.3187e-02,1.0375
747.01,1.75746805e-03,2.947395e-03,6.466549e-06,-6.2363669784e-11,4.0506e-02,1.0375
747.51,1.40642761e-03,2.902996e-03,6.867169e-06,-6.2368221698e-11,4.5788e-02,1.0375
748.02,1.16956924e-03,2.847946e-03,7.289949e-06,-6.2375438148e-11,5.2558e-02,1.0375
748.53,1.05733253e-03,2.784092e-03,7.724958e-06,-6.2381211308e-11,5.9216e-02,1.0375
749.03,1.06236222e-03,2.714018e-03,8.158993e-06,-6.2386207311e-11,6.5667e-02,1.0375
749.54,1.16508670e-03,2.640853e-03,8.579159e-06,-6.2388982869e-11,7.2126e-02,1.0375
750.05,1.33858316e-03,2.567815e-03,8.976399e-06,-6.2388982869e-11,7.8852e-02,1.0375
750.55,1.55232673e-03,2.497815e-03,9.347507e-06,-6.2390426159e-11,7.8428e-02,1.0375
751.06,1.77520873e-03,2.432518e-03,9.694799e-06,-6.2395644207e-11,5.0149e-02,1.0375
751.57,1.97848108e-03,2.371383e-03,1.002360e-05,-6.2400085099e-11,2.9715e-02,1.0500
752.07,2.13878675e-03,2.311301e-03,1.033865e-05,-6.2402527590e-11,2.2140e-02,1.0500
752.58,2.24060274e-03,2.247203e-03,1.064125e-05,-6.2403304746e-11,2.0919e-02,1.0500
753.09,2.27737082e-03,2.173551e-03,1.092831e-05,-6.2403526790e-11,2.2766e-02,1.0500
753.59,2.25150077e-03,2.086248e-03,1.119387e-05,-6.2405192125e-11,2.8644e-02,1.0500
754.10,2.17373977e-03,1.984403e-03,1.143171e-05,-6.2404748036e-11,3.5655e-02,1.0500
754.61,2.06109020e-03,1.871449e-03,1.163762e-05,-6.2406191326e-11,4.2652e-02,1.0500
755.11,1.93142346e-03,1.755277e-03,1.181019e-05,-6.2406635415e-11,4.9635e-02,1.0500
755.62,1.79496870e-03,1.647310e-03,1.195008e-05,-6.2409521995e-11,5.6603e-02,1.0500
756.13,1.64711804e-03,1.560294e-03,1.205853e-05,-6.2408633816e-11,6.3574e-02,1.0500
756.63,1.46871317e-03,1.505607e-03,1.213615e-05,-6.2410077106e-11,7.0599e-02,1.0500
757.14,1.23581614e-03,1.489815e-03,1.218272e-05,-6.2411298352e-11,7.7614e-02,1.0500
757.65,9.33630375e-04,1.513392e-03,1.219772e-05,-6.2411964485e-11,8.4811e-02,1.0500
758.15,5.65463581e-04,1.572243e-03,1.218096e-05,-6.2411076307e-11,9.1950e-02,1.0500
758.66,1.51253576e-04,1.659825e-03,1.213276e-05,-6.2413185731e-11,9.9812e-02,1.0500
759.17,-2.82034804e-04,1.770072e-03,1.205331e-05,-6.2413629820e-11,1.0778e-01,1.0500
759.67,-7.10773300e-04,1.896574e-03,1.194195e-05,-6.2457261585e-11,1.1252e-01,1.0500
760.18,-1.11961827e-03,2.032196e-03,1.179706e-05,-6.2726046579e-11,1.1848e-01,1.0437
760.69,-1.49992904e-03,2.168550e-03,1.161672e-05,-6.2823746205e-11,1.2363e-01,1.0500
761.20,-1.84473728e-03,2.296199e-03,1.140004e-05,-6.2907123954e-11,1.2663e-01,1.0500
761.70,-2.14411724e-03,2.405747e-03,1.114816e-05,-6.3094529601e-11,2.7666e-02,1.0375
762.21,-2.38296298e-03,2.489676e-03,1.086435e-05,-6.3098415382e-11,3.2400e-02,1.0375
762.72,-2.54108446e-03,2.544313e-03,1.055278e-05,-6.3103855474e-11,3.8386e-02,1.0375
763.22,-2.59483613e-03,2.571104e-03,1.021665e-05,-6.3110072723e-11,4.4444e-02,1.0375
763.73,-2.52020180e-03,2.576790e-03,9.856476e-06,-6.3115290772e-11,5.0125e-02,1.0375
764.24,-2.29826972e-03,2.571762e-03,9.469811e-06,-6.3119731664e-11,5.5753e-02,1.0375
764.74,-1.92410408e-03,2.567048e-03,9.052607e-06,-6.3120952909e-11,6.1446e-02,1.0375
765.25,-1.41841660e-03,2.571038e-03,8.601863e-06,-6.3121619043e-11,6.7685e-02,1.0375
765.76,-8.38343471e-04,2.587298e-03,8.118370e-06,-6.3123728467e-11,7.4736e-02,1.0375
766.26,-2.80489330e-04,2.614568e-03,7.608176e-06,-6.3123728467e-11,8.1723e-02,1.0375
766.77,1.31219204e-04,2.648795e-03,7.081837e-06,-6.3124172556e-11,9.0841e-02,1.0375
767.28,2.75491766e-04,2.685872e-03,6.551283e-06,-6.3125615846e-11,9.5849e-02,1.0375
767.78,7.30811399e-05,2.723532e-03,6.025392e-06,-6.3127170158e-11,1.0289e-01,1.0375
768.29,-4.82850444e-04,2.761683e-03,5.506396e-06,-6.3127836292e-11,1.0513e-01,1.0375
768.80,-1.32235514e-03,2.801429e-03,4.989333e-06,-6.3129168559e-11,4.3125e-02,1.0375
769.30,-2.32134725e-03,2.843132e-03,4.465643e-06,-6.3130611849e-11,1.7870e-02,1.0375
769.81,-3.33763226e-03,2.884819e-03,3.930108e-06,-6.3134941719e-11,1.5152e-02,1.0375
770.32,-4.24477040e-03,2.921738e-03,3.389494e-06,-6.3147154172e-11,1.3037e-02,1.0375
770.82,-4.95259169e-03,2.947292e-03,2.871619e-06,-6.3161031960e-11,1.1086e-02,1.0375
771.33,-5.41143230e-03,2.955006e-03,2.433628e-06,-6.3175464859e-11,1.2784e-02,1.0375
771.84,-5.60635632e-03,2.940780e-03,2.160558e-06,-6.3189231625e-11,1.6997e-02,1.0375
772.34,-5.54702756e-03,2.904575e-03,2.125690e-06,-6.3201888167e-11,2.1502e-02,1.0375
772.85,-5.26135348e-03,2.850904e-03,2.321179e-06,-6.3214877777e-11,2.6046e-02,1.0375
773.36,-4.79314526e-03,2.787782e-03,2.667291e-06,-6.3229532721e-11,3.0354e-02,1.0375
773.87,-4.20137272e-03,2.724325e-03,3.087988e-06,-6.3242966419e-11,3.3849e-02,1.0375
774.37,-3.55756155e-03,2.667859e-03,3.542555e-06,-6.3255956029e-11,3.6092e-02,1.0375
774.88,-2.93875941e-03,2.621892e-03,4.016798e-06,-6.3269278705e-11,3.7799e-02,1.0375
775.39,-2.41576985e-03,2.585944e-03,4.507652e-06,-6.3281380136e-11,3.9710e-02,1.0375
775.89,-2.03886862e-03,2.557206e-03,5.012157e-06,-6.3292704411e-11,4.1865e-02,1.0375
776.40,-1.82612282e-03,2.533098e-03,5.522733e-06,-6.3301697217e-11,4.4368e-02,1.0375
776.91,-1.76052110e-03,2.513335e-03,6.027564e-06,-6.3308358556e-11,4.7672e-02,1.0375
777.41,-1.79760835e-03,2.500175e-03,6.514132e-06,-6.3311800247e-11,5.4397e-02,1.0375
777.92,-1.88119149e-03,2.496976e-03,6.972972e-06,-6.3312910470e-11,9.2524e-02,1.0375
778.43,-1.96053925e-03,2.505913e-03,7.399644e-06,-6.3317906474e-11,4.6828e-02,1.0375
778.93,-2.00302172e-03,2.526203e-03,7.794362e-06,-6.3333782663e-11,5.3225e-02,1.0375
779.44,-1.99920417e-03,2.553626e-03,8.159989e-06,-6.3354210766e-11,6.0010e-02,1.0375
779.95,-1.95994728e-03,2.581565e-03,8.499521e-06,-6.3365979130e-11,6.6023e-02,1.0375
780.45,-1.90829824e-03,2.603521e-03,8.814144e-06,-6.3371974335e-11,7.0088e-02,1.0375
780.96,-1.86926557e-03,2.614879e-03,9.102496e-06,-6.3374083759e-11,7.4441e-02,1.0375
781.47,-1.86073893e-03,2.614168e-03,9.361192e-06,-6.3376415227e-11,8.0805e-02,1.0375
781.97,-1.88786432e-03,2.603119e-03,9.586075e-06,-6.3376415227e-11,8.7158e-02,1.0375
782.48,-1.94165841e-03,2.586044e-03,9.773456e-06,-6.3377747495e-11,8.5477e-02,1.0375
782.99,-2.00204407e-03,2.568243e-03,9.920882e-06,-6.3379967941e-11,7.1406e-02,1.0375
783.49,-2.04307228e-03,2.554236e-03,1.002741e-05,-6.3381744297e-11,6.1728e-02,1.0375
784.00,-2.03748552e-03,2.546475e-03,1.009364e-05,-6.3382299409e-11,6.2477e-02,1.0375
784.51,-1.95971347e-03,2.545136e-03,1.012168e-05,-6.3383964743e-11,6.5557e-02,1.0375
785.01,-1.78715282e-03,2.548996e-03,1.011534e-05,-6.3384963944e-11,7.0458e-02,1.0375
785.52,-1.50198464e-03,2.556166e-03,1.008032e-05,-6.3386296212e-11,6.4473e-02,1.0375
786.03,-1.09395769e-03,2.564855e-03,1.002403e-05,-6.3387295413e-11,5.0423e-02,1.0375
786.53,-5.63502846e-04,2.573802e-03,9.954470e-06,-6.3390404037e-11,4.1003e-02,1.0375
787.04,7.49443017e-05,2.582319e-03,9.877971e-06,-6.3392513461e-11,3.8046e-02,1.0375
787.55,7.89174008e-04,2.590045e-03,9.796615e-06,-6.3395733108e-11,4.0458e-02,1.0375
788.06,1.52666873e-03,2.596512e-03,9.707057e-06,-6.3401617290e-11,4.5620e-02,1.0375
788.56,2.21772292e-03,2.600694e-03,9.602038e-06,-6.3421490282e-11,4.5651e-02,1.0375
789.07,2.78756501e-03,2.600729e-03,9.474317e-06,-6.3440697140e-11,5.0574e-02,1.0375
789.58,3.17500879e-03,2.593997e-03,9.321303e-06,-6.3453131638e-11,5.7575e-02,1.0375
790.08,3.34957157e-03,2.577603e-03,9.148280e-06,-6.3456573329e-11,5.9623e-02,1.0375
790.59,3.31927168e-03,2.548980e-03,8.968745e-06,-6.3459903998e-11,6.2664e-02,1.0375
791.10,3.12647738e-03,2.506654e-03,8.801338e-06,-6.3461347288e-11,6.7907e-02,1.0375
791.60,2.83421816e-03,2.451039e-03,8.664007e-06,-6.3461458311e-11,7.4559e-02,1.0375
792.11,2.50846069e-03,2.384726e-03,8.567534e-06,-6.3462568534e-11,7.9257e-02,1.0375
792.62,2.20355284e-03,2.312845e-03,8.511542e-06,-6.3464900002e-11,3.4981e-02,1.0375
793.12,1.95669503e-03,2.242400e-03,8.485378e-06,-6.3468674760e-11,2.1809e-02,1.0375
793.63,1.79131280e-03,2.180427e-03,8.473472e-06,-6.3477667567e-11,2.2525e-02,1.0375
794.14,1.72259806e-03,2.132389e-03,8.462261e-06,-6.3495986247e-11,2.2588e-02,1.0375
794.64,1.75811066e-03,2.100519e-03,8.445407e-06,-6.3515193105e-11,2.2234e-02,1.0375
795.15,1.89289179e-03,2.082933e-03,8.425406e-06,-6.3535177119e-11,2.1434e-02,1.0375
795.66,2.10492351e-03,2.073987e-03,8.411427e-06,-6.3550942286e-11,2.0036e-02,1.0375
796.16,2.35648758e-03,2.065945e-03,8.414477e-06,-6.3566263364e-11,2.1945e-02,1.0375
796.67,2.60145581e-03,2.051498e-03,8.441942e-06,-6.3575922304e-11,2.4173e-02,1.0375
797.18,2.79436873e-03,2.026189e-03,8.493872e-06,-6.3581140353e-11,2.2794e-02,1.0375
797.68,2.89771722e-03,1.990045e-03,8.562569e-06,-6.3585581245e-11,2.8456e-02,1.0375
798.19,2.88662779e-03,1.948223e-03,8.635258e-06,-6.3598459832e-11,3.4577e-02,1.0375
798.70,2.75175881e-03,1.909781e-03,8.698112e-06,-6.3616445445e-11,4.1512e-02,1.0375
799.20,2.50102372e-03,1.885184e-03,8.739785e-06,-6.3634431058e-11,4.9089e-02,1.0375
799.71,2.15938116e-03,1.883168e-03,8.753388e-06,-6.3649308046e-11,5.7099e-02,1.0375
800.22,1.76458737e-03,1.908642e-03,8.736782e-06,-6.3661853567e-11,6.4129e-02,1.0375
800.72,1.35834481e-03,1.961750e-03,8.691569e-06,-6.3668070815e-11,6.9461e-02,1.0375
801.23,9.77277679e-04,2.039355e-03,8.621394e-06,-6.3671956596e-11,7.3436e-02,1.0375
801.74,6.50808733e-04,2.137042e-03,8.530135e-06,-6.3673288864e-11,7.9746e-02,1.0375
802.25,4.07628180e-04,2.250571e-03,8.420412e-06,-6.3675398287e-11,8.5769e-02,1.0375
802.75,2.83261453e-04,2.376443e-03,8.292567e-06,-6.3675287265e-11,9.2877e-02,1.0375
803.26,3.18647205e-04,2.511671e-03,8.144253e-06,-6.3676175444e-11,9.6580e-02,1.0375
803.77,5.46611557e-04,2.653604e-03,7.970744e-06,-6.3677951800e-11,6.1056e-02,1.0375
804.27,9.71576362e-04,2.799637e-03,7.766085e-06,-6.3680061224e-11,3.1414e-02,1.0375
804.78,1.55034283e-03,2.946977e-03,7.524866e-06,-6.3682170648e-11,2.5225e-02,1.0375
805.29,2.18141732e-03,3.092727e-03,7.244111e-06,-6.3685390295e-11,2.5681e-02,1.0375
805.79,2.71208808e-03,3.234073e-03,6.924654e-06,-6.3691718566e-11,2.4845e-02,1.0375
806.30,2.97074602e-03,3.368579e-03,6.571551e-06,-6.3700600350e-11,2.2650e-02,1.0375
806.81,2.82024637e-03,3.494462e-03,6.193361e-06,-6.3708704978e-11,1.9178e-02,1.0375
807.31,2.21058233e-03,3.610695e-03,5.800447e-06,-6.3716809606e-11,2.2860e-02,1.0375
807.82,1.20346275e-03,3.716928e-03,5.402721e-06,-6.3721250498e-11,2.8675e-02,1.0375
808.33,-4.68485382e-05,3.813325e-03,5.007459e-06,-6.3723137878e-11,3.8091e-02,1.0375
808.83,-1.34782353e-03,3.900498e-03,4.617917e-06,-6.3725913435e-11,3.1604e-02,1.0375
809.34,-2.52715613e-03,3.979536e-03,4.233351e-06,-6.3732352729e-11,3.8313e-02,1.0375
809.85,-3.46895849e-03,4.051952e-03,3.850766e-06,-6.3739125089e-11,4.5150e-02,1.0375
810.35,-4.11905228e-03,4.119345e-03,3.468338e-06,-6.3744232115e-11,5.1432e-02,1.0375
810.86,-4.46813930e-03,4.182750e-03,3.090079e-06,-6.3748339940e-11,5.7745e-02,1.0375
811.37,-4.52868607e-03,4.242000e-03,2.730913e-06,-6.3750893453e-11,6.4094e-02,1.0375
811.87,-4.31835051e-03,4.295479e-03,2.420707e-06,-6.3751781632e-11,7.0828e-02,1.0375
812.38,-3.85484670e-03,4.340456e-03,2.203310e-06,-6.3751892654e-11,7.7936e-02,1.0375
812.89,-3.15936335e-03,4.373863e-03,2.122494e-06,-6.3753557988e-11,8.6345e-02,1.0375
813.39,-2.26296177e-03,4.393261e-03,2.194497e-06,-6.3754113100e-11,9.0997e-02,1.0375
813.90,-1.21399666e-03,4.397754e-03,2.395165e-06,-6.3755112301e-11,7.7269e-02,1.0375
814.41,-8.71953260e-05,4.388147e-03,2.680872e-06,-6.3757332747e-11,6.1232e-02,1.0375
814.91,1.00991958e-03,4.366554e-03,3.014524e-06,-6.3757554791e-11,5.3364e-02,1.0375
815.42,1.94121518e-03,4.335649e-03,3.373619e-06,-6.3760108304e-11,5.0914e-02,1.0375
815.93,2.56563116e-03,4.297909e-03,3.746104e-06,-6.3761662616e-11,5.1714e-02,1.0375
816.44,2.77972656e-03,4.255127e-03,4.123858e-06,-6.3763549996e-11,5.4810e-02,1.0375
816.94,2.55783800e-03,4.208244e-03,4.498568e-06,-6.3764771241e-11,6.0331e-02,1.0375
817.45,1.96550749e-03,4.157523e-03,4.861220e-06,-6.3766658620e-11,6.6872e-02,1.0375
817.96,1.13884366e-03,4.102955e-03,5.204174e-06,-6.3765770442e-11,7.3795e-02,1.0375
818.46,2.41836742e-04,4.044419e-03,5.523816e-06,-6.3766991687e-11,8.1580e-02,1.0375
818.97,-5.77137030e-04,3.981819e-03,5.821815e-06,-6.3768323955e-11,8.8072e-02,1.0375
819.48,-1.21375370e-03,3.914800e-03,6.104149e-06,-6.3769767245e-11,9.5126e-02,1.0375
819.98,-1.61510227e-03,3.841874e-03,6.377904e-06,-6.3771099512e-11,1.0216e-01,1.0375
820.49,-1.76830183e-03,3.760581e-03,6.647290e-06,-6.3771765646e-11,1.0918e-01,1.0375
821.00,-1.68069881e-03,3.668189e-03,6.911043e-06,-6.3772875869e-11,1.1617e-01,1.0375
821.50,-1.36546807e-03,3.562217e-03,7.162583e-06,-6.3773986092e-11,1.2314e-01,1.0375
822.01,-8.40593294e-04,3.440584e-03,7.392602e-06,-6.3774430181e-11,1.3009e-01,1.0375
822.52,-1.37518398e-04,3.301824e-03,7.592596e-06,-6.3775318360e-11,1.3702e-01,1.0375
823.02,6.91116770e-04,3.145541e-03,7.757955e-06,-6.3777094716e-11,1.4392e-01,1.0375
823.53,1.57163605e-03,2.973029e-03,7.889380e-06,-6.3777316761e-11,1.5080e-01,1.0375
824.04,2.41578171e-03,2.787751e-03,7.992173e-06,-6.3791749660e-11,1.5731e-02,1.0375
824.54,3.13055412e-03,2.595613e-03,8.073801e-06,-6.3943961237e-11,2.9727e-02,1.0500
825.05,3.62954599e-03,2.404667e-03,8.140831e-06,-6.4821703560e-11,3.6397e-02,1.0500
825.56,3.84888843e-03,2.224413e-03,8.196629e-06,-6.5141669836e-11,3.7115e-02,1.0625
826.06,3.76484381e-03,2.064800e-03,8.240883e-06,-6.5142891081e-11,3.4124e-02,1.0625
826.57,3.40477843e-03,1.934853e-03,8.271164e-06,-6.5143335171e-11,2.8781e-02,1.0625
827.08,2.84318364e-03,1.840935e-03,8.285691e-06,-6.5143890282e-11,2.2325e-02,1.0625
827.58,2.18188680e-03,1.785075e-03,8.285671e-06,-6.5144778461e-11,2.6568e-02,1.0625
828.09,1.52438878e-03,1.764396e-03,8.275544e-06,-6.5146776862e-11,3.3416e-02,1.0625
828.60,9.54945772e-04,1.772468e-03,8.260572e-06,-6.5146776862e-11,4.0448e-02,1.0625
829.10,5.28234865e-04,1.801989e-03,8.243074e-06,-6.5148775263e-11,4.7511e-02,1.0625
829.61,2.68936301e-04,1.847163e-03,8.219923e-06,-6.5148775263e-11,5.4531e-02,1.0625
830.12,1.77015342e-04,1.904595e-03,8.183465e-06,-6.5149885486e-11,6.1540e-02,1.0625
830.63,2.34665914e-04,1.972974e-03,8.125247e-06,-6.5150773665e-11,6.8552e-02,1.0625
831.13,4.12632411e-04,2.051241e-03,8.041028e-06,-6.5151661843e-11,7.5714e-02,1.0625
831.64,6.75216579e-04,2.137597e-03,7.934706e-06,-6.5154215356e-11,8.4236e-02,1.0625
832.15,9.84070933e-04,2.229062e-03,7.819130e-06,-6.5193406229e-11,8.8448e-02,1.0625
832.65,1.30107614e-03,2.322040e-03,7.713134e-06,-6.5399463622e-11,9.4685e-02,1.0563
833.16,1.59055696e-03,2.413464e-03,7.635319e-06,-6.5531025051e-11,1.0032e-01,1.0625
833.67,1.82107068e-03,2.501927e-03,7.596597e-06,-6.5596861276e-11,1.0555e-01,1.0625
834.17,1.96702431e-03,2.588106e-03,7.595284e-06,-6.5846328390e-11,1.0356e-01,1.0500
834.68,2.01028398e-03,2.674171e-03,7.617998e-06,-6.5849103947e-11,1.1040e-01,1.0500
835.19,1.94172197e-03,2.762448e-03,7.646259e-06,-6.5849548037e-11,1.1722e-01,1.0500
835.69,1.76234950e-03,2.853945e-03,7.665030e-06,-6.5849548037e-11,1.2402e-01,1.0500
836.20,1.48350734e-03,2.947415e-03,7.668868e-06,-6.5852101550e-11,1.3080e-01,1.0500
836.71,1.12571924e-03,3.039460e-03,7.663465e-06,-6.5851768483e-11,1.3756e-01,1.0500
837.21,7.16183167e-04,3.125679e-03,7.662289e-06,-6.5853433817e-11,1.4429e-01,1.0500
837.72,2.85339701e-04,3.201898e-03,7.680142e-06,-6.5854433018e-11,1.5101e-01,1.0500
838.23,-1.36742395e-04,3.265154e-03,7.726333e-06,-6.5853988929e-11,1.5770e-01,1.0500
838.73,-5.23439708e-04,3.314214e-03,7.800295e-06,-6.5856098352e-11,1.6438e-01,1.0500
839.24,-8.53649139e-04,3.349542e-03,7.891696e-06,-6.5856653464e-11,1.7103e-01,1.0500
839.75,-1.11281350e-03,3.372710e-03,7.984849e-06,-6.5857985732e-11,1.7765e-01,1.0500
840.25,-1.29319918e-03,3.385506e-03,8.065028e-06,-6.5858096754e-11,1.8425e-01,1.0500
840.76,-1.39387067e-03,3.389254e-03,8.123586e-06,-6.5859317999e-11,1.9088e-01,1.0500
841.27,-1.42071185e-03,3.384580e-03,8.159799e-06,-6.5859651066e-11,1.9762e-01,1.0500
841.77,-1.38653458e-03,3.371635e-03,8.179069e-06,-6.5920158221e-11,2.0277e-01,1.0500
842.28,-1.31092062e-03,3.350927e-03,8.188614e-06,-6.6006200505e-11,2.0469e-01,1.0500
842.79,-1.21914043e-03,3.323465e-03,8.192792e-06,-6.6202265891e-11,8.8893e-02,1.0375
843.29,-1.13946497e-03,3.290938e-03,8.190315e-06,-6.6203376115e-11,1.0792e-01,1.0375
843.80,-1.09855267e-03,3.254929e-03,8.174500e-06,-6.6204597360e-11,9.6818e-02,1.0375
844.31,-1.11530455e-03,3.216462e-03,8.136173e-06,-6.6205596561e-11,1.0430e-01,1.0375
844.82,-1.19442050e-03,3.175417e-03,8.067531e-06,-6.6207039850e-11,1.0884e-01,1.0375
845.32,-1.32150343e-03,3.130601e-03,7.965109e-06,-6.6208261096e-11,1.1632e-01,1.0375
845.83,-1.46166964e-03,3.080500e-03,7.830704e-06,-6.6209482341e-11,8.9116e-02,1.0375
846.34,-1.56308117e-03,3.024389e-03,7.669995e-06,-6.6210370520e-11,5.5693e-02,1.0375
846.84,-1.56604568e-03,2.963188e-03,7.489591e-06,-6.6211924832e-11,4.3710e-02,1.0375
847.35,-1.41729637e-03,2.899695e-03,7.293899e-06,-6.6214922434e-11,4.3198e-02,1.0375
847.86,-1.08767605e-03,2.838030e-03,7.083349e-06,-6.6221805817e-11,4.4441e-02,1.0375
848.36,-5.90398349e-04,2.782611e-03,6.854850e-06,-6.6240124497e-11,4.4837e-02,1.0375
848.87,6.35311080e-06,2.737152e-03,6.604138e-06,-6.6255001485e-11,4.9861e-02,1.0375
849.38,5.81330108e-04,2.704208e-03,6.328703e-06,-6.6267102916e-11,5.6584e-02,1.0375
849.88,9.83580375e-04,2.685342e-03,6.029864e-06,-6.6271543808e-11,5.8978e-02,1.0375
850.39,1.07655247e-03,2.681485e-03,5.713255e-06,-6.6272543009e-11,6.2389e-02,1.0375
850.90,7.87053400e-04,2.693034e-03,5.387709e-06,-6.6274208343e-11,6.7786e-02,1.0375
851.40,1.33275194e-04,2.719195e-03,5.063148e-06,-6.6275984700e-11,7.4407e-02,1.0375
851.91,-7.82075365e-04,2.757607e-03,4.748577e-06,-6.6276095723e-11,8.1206e-02,1.0375
852.42,-1.80842059e-03,2.804013e-03,4.451323e-06,-6.6276761856e-11,8.3690e-02,1.0375
852.92,-2.79503084e-03,2.853540e-03,4.178232e-06,-6.6279426392e-11,3.8587e-02,1.0375
853.43,-3.62640688e-03,2.901499e-03,3.938359e-06,-6.6280092526e-11,2.1207e-02,1.0375
853.94,-4.23477735e-03,2.944797e-03,3.745303e-06,-6.6283423195e-11,2.2275e-02,1.0375
854.44,-4.59552819e-03,2.982391e-03,3.616507e-06,-6.6285976708e-11,2.2786e-02,1.0375
854.95,-4.71573833e-03,3.014828e-03,3.568949e-06,-6.6288197154e-11,2.2727e-02,1.0375
855.46,-4.62144280e-03,3.043199e-03,3.612819e-06,-6.6291083733e-11,2.2595e-02,1.0375
855.96,-4.34709120e-03,3.067850e-03,3.747636e-06,-6.6293082135e-11,3.2053e-02,1.0375
856.47,-3.92942547e-03,3.087654e-03,3.964112e-06,-6.6299632451e-11,4.0563e-02,1.0375
856.98,-3.40600882e-03,3.100174e-03,4.249610e-06,-6.6317396019e-11,4.3220e-02,1.0375
857.49,-2.81690529e-03,3.102504e-03,4.592310e-06,-6.6335381632e-11,4.7168e-02,1.0375
857.99,-2.20665499e-03,3.092562e-03,4.981885e-06,-6.6352257022e-11,5.3320e-02,1.0375
858.50,-1.62561260e-03,3.070200e-03,5.408066e-06,-6.6361582896e-11,6.0586e-02,1.0375
859.01,-1.12852798e-03,3.037484e-03,5.859483e-06,-6.6363248230e-11,6.1967e-02,1.0375
859.51,-7.67277325e-04,2.997680e-03,6.324096e-06,-6.6365246632e-11,6.5904e-02,1.0375
860.02,-5.80117903e-04,2.953599e-03,6.790926e-06,-6.6366023788e-11,7.1828e-02,1.0375
860.53,-5.81747881e-04,2.905921e-03,7.251879e-06,-6.6367467078e-11,7.8615e-02,1.0375
861.03,-7.57438960e-04,2.852337e-03,7.702534e-06,-6.6368466278e-11,8.5229e-02,1.0375
861.54,-1.06448100e-03,2.787999e-03,8.141644e-06,-6.6369687524e-11,9.2136e-02,1.0375
862.05,-1.44125600e-03,2.707307e-03,8.569752e-06,-6.6370464680e-11,9.9184e-02,1.0375
862.55,-1.82090350e-03,2.606216e-03,8.987619e-06,-6.6371352858e-11,1.0621e-01,1.0375
863.06,-2.14498164e-03,2.484305e-03,9.394948e-06,-6.6371907970e-11,6.1192e-02,1.0375
863.57,-2.37251689e-03,2.346228e-03,9.789571e-06,-6.6374461483e-11,1.7619e-02,1.0375
864.07,-2.48243838e-03,2.201681e-03,1.016719e-05,-6.6494809658e-11,2.2816e-02,1.0500
864.58,-2.47163477e-03,2.064011e-03,1.052182e-05,-6.6589178616e-11,2.5818e-02,1.0500
865.09,-2.35308389e-03,1.947399e-03,1.084697e-05,-6.6590510883e-11,2.5604e-02,1.0500
865.59,-2.15522565e-03,1.863063e-03,1.113753e-05,-6.6591399062e-11,2.3463e-02,1.0500
866.10,-1.91837736e-03,1.815705e-03,1.139134e-05,-6.6591732129e-11,2.0074e-02,1.0500
866.61,-1.68408881e-03,1.802153e-03,1.160981e-05,-6.6593619508e-11,1.6933e-02,1.0500
867.11,-1.47978807e-03,1.813225e-03,1.179692e-05,-6.6594951775e-11,2.3561e-02,1.0500
867.62,-1.30776021e-03,1.837605e-03,1.195691e-05,-6.6596617110e-11,3.0411e-02,1.0500
868.13,-1.14718822e-03,1.865397e-03,1.209184e-05,-6.6596728132e-11,3.7498e-02,1.0500
868.63,-9.69252774e-04,1.889875e-03,1.220039e-05,-6.6597949377e-11,4.4333e-02,1.0500
869.14,-7.55864736e-04,1.907492e-03,1.227850e-05,-6.6597727333e-11,5.1009e-02,1.0500
869.65,-5.10859821e-04,1.917522e-03,1.232157e-05,-6.6599614712e-11,5.7821e-02,1.0500
870.15,-2.58690285e-04,1.921039e-03,1.232686e-05,-6.6599947779e-11,6.4983e-02,1.0500
870.66,-3.36592311e-05,1.920281e-03,1.229478e-05,-6.6600946980e-11,7.1930e-02,1.0500
871.17,1.33557510e-04,1.918725e-03,1.222817e-05,-6.6602279247e-11,7.8855e-02,1.0500
871.68,2.26938738e-04,1.921095e-03,1.213034e-05,-6.6603056403e-11,8.5820e-02,1.0500
872.18,2.51439206e-04,1.932757e-03,1.200296e-05,-6.6603167426e-11,9.2740e-02,1.0500
872.69,2.33498918e-04,1.958625e-03,1.184531e-05,-6.6604943783e-11,9.9617e-02,1.0500
873.20,2.15451496e-04,2.001839e-03,1.165525e-05,-6.6605387872e-11,1.0647e-01,1.0500
873.70,2.46383393e-04,2.062762e-03,1.143114e-05,-6.6606942184e-11,1.1330e-01,1.0500
874.21,3.73658551e-04,2.138878e-03,1.117343e-05,-6.6606498095e-11,1.2011e-01,1.0500
874.72,6.35033514e-04,2.225624e-03,1.088477e-05,-6.6609051608e-11,1.2690e-01,1.0500
875.22,1.04738442e-03,2.317534e-03,1.056850e-05,-6.6609717742e-11,1.3367e-01,1.0500
875.73,1.59302742e-03,2.409182e-03,1.022645e-05,-6.6610827965e-11,1.4042e-01,1.0500
876.24,2.21122381e-03,2.495911e-03,9.857643e-06,-6.6611161031e-11,1.4714e-01,1.0500
876.74,2.80271051e-03,2.574152e-03,9.458607e-06,-6.6611605121e-11,1.5385e-01,1.0500
877.25,3.25197651e-03,2.641509e-03,9.025468e-06,-6.6612493299e-11,1.6053e-01,1.0500
877.76,3.46380906e-03,2.696732e-03,8.556728e-06,-6.6613714544e-11,1.6719e-01,1.0500
878.26,3.39803304e-03,2.739612e-03,8.055582e-06,-6.6615490901e-11,1.7383e-01,1.0500
878.77,3.08417682e-03,2.770882e-03,7.530861e-06,-6.6615934990e-11,1.8052e-01,1.0500
879.28,2.61026039e-03,2.791763e-03,6.996078e-06,-6.6616157035e-11,1.8729e-01,1.0500
879.78,2.09328533e-03,2.804492e-03,6.466484e-06,-6.6693872647e-11,1.9318e-01,1.0437
880.29,1.64572724e-03,2.811660e-03,5.954732e-06,-6.6771144169e-11,1.9633e-01,1.0500
880.80,1.35226389e-03,2.816266e-03,5.466789e-06,-6.6994521042e-11,6.5685e-02,1.0375
881.30,1.26231606e-03,2.821344e-03,5.000423e-06,-6.6997074555e-11,7.2266e-02,1.0375
881.81,1.39182874e-03,2.829259e-03,4.547859e-06,-6.6998295800e-11,7.9268e-02,1.0375
882.32,1.72418798e-03,2.840991e-03,4.102101e-06,-6.6999295001e-11,8.7145e-02,1.0375
882.82,2.20840443e-03,2.855827e-03,3.664716e-06,-6.7000849313e-11,9.5769e-02,1.0375
883.33,2.76207620e-03,2.871684e-03,3.252784e-06,-6.7001293402e-11,1.0075e-01,1.0375
883.84,3.28610516e-03,2.886020e-03,2.903264e-06,-6.7002625670e-11,9.2908e-02,1.0375
884.34,3.68863506e-03,2.896680e-03,2.670547e-06,-6.7003513848e-11,6.0938e-02,1.0375
884.85,3.90765408e-03,2.902553e-03,2.607711e-06,-6.7006733495e-11,4.1998e-02,1.0375
885.36,3.92274194e-03,2.903790e-03,2.732783e-06,-6.7011174387e-11,3.2951e-02,1.0375
885.87,3.75404450e-03,2.901673e-03,3.014964e-06,-6.7015060168e-11,3.0067e-02,1.0375
886.37,3.45287541e-03,2.898301e-03,3.400193e-06,-6.7017502658e-11,3.1177e-02,1.0375
886.88,3.08924074e-03,2.896278e-03,3.840625e-06,-6.7022498662e-11,3.5271e-02,1.0375
887.39,2.73921714e-03,2.898407e-03,4.304176e-06,-6.7027827733e-11,4.1550e-02,1.0375
887.89,2.47316947e-03,2.907259e-03,4.771802e-06,-6.7031491469e-11,4.7809e-02,1.0375
888.40,2.34523104e-03,2.924635e-03,5.232456e-06,-6.7037042584e-11,5.2227e-02,1.0375
888.91,2.38435709e-03,2.950955e-03,5.679462e-06,-6.7041483476e-11,5.6224e-02,1.0375
889.41,2.58725583e-03,2.984843e-03,6.108669e-06,-6.7045147212e-11,6.1067e-02,1.0375
889.92,2.91419227e-03,3.023280e-03,6.517634e-06,-6.7046812546e-11,6.6449e-02,1.0375
890.43,3.29028440e-03,3.062592e-03,6.904951e-06,-6.7048144814e-11,7.2861e-02,1.0375
890.93,3.61600804e-03,3.099803e-03,7.269382e-06,-6.7048921970e-11,6.2342e-02,1.0375
891.44,3.78846095e-03,3.133578e-03,7.609166e-06,-6.7051808550e-11,3.5263e-02,1.0375
891.95,3.72910098e-03,3.164181e-03,7.922023e-06,-6.7054362063e-11,2.1422e-02,1.0375
892.45,3.40819943e-03,3.192634e-03,8.205888e-06,-6.7059136022e-11,1.7831e-02,1.0375
892.96,2.85544843e-03,3.219514e-03,8.459800e-06,-6.7066019405e-11,1.7544e-02,1.0375
893.47,2.15096401e-03,3.244145e-03,8.684175e-06,-6.7073901988e-11,1.9082e-02,1.0375
893.97,1.40025897e-03,3.264736e-03,8.880153e-06,-6.7081340482e-11,2.2664e-02,1.0375
894.48,7.06037897e-04,3.279403e-03,9.048401e-06,-6.7088778977e-11,2.6026e-02,1.0375
894.99,1.50074583e-04,3.287472e-03,9.188239e-06,-6.7091665557e-11,2.7659e-02,1.0375
895.49,-2.12302581e-04,3.290178e-03,9.297745e-06,-6.7093219869e-11,3.3060e-02,1.0375
896.00,-3.53048682e-04,3.289962e-03,9.374809e-06,-6.7097549739e-11,4.1552e-02,1.0375
896.51,-2.74429164e-04,3.289509e-03,9.418446e-06,-6.7119754199e-11,5.1769e-02,1.0375
897.01,-1.27802139e-05,3.290740e-03,9.429615e-06,-6.7162497785e-11,5.5576e-02,1.0375
897.52,3.62184238e-04,3.294023e-03,9.411200e-06,-6.7201577636e-11,5.8939e-02,1.0375
898.03,7.54691666e-04,3.298050e-03,9.367385e-06,-6.7230332412e-11,6.5900e-02,1.0375
898.53,1.05640572e-03,3.300413e-03,9.302980e-06,-6.7238992152e-11,6.7134e-02,1.0375
899.04,1.16608700e-03,3.298791e-03,9.223079e-06,-6.7240657486e-11,6.7805e-02,1.0375
899.55,1.01374790e-03,3.291813e-03,9.132940e-06,-6.7242322821e-11,7.2309e-02,1.0375
900.06,5.81680687e-04,3.279671e-03,9.037608e-06,-6.7243322022e-11,7.9005e-02,1.0375
900.56,-8.86956567e-05,3.264064e-03,8.941001e-06,-6.7244765312e-11,8.5173e-02,1.0375
901.07,-9.09466056e-04,3.247484e-03,8.844905e-06,-6.7244654289e-11,9.3437e-02,1.0375
901.58,-1.77241675e-03,3.232010e-03,8.748875e-06,-6.7246430646e-11,9.8433e-02,1.0375
902.08,-2.57627352e-03,3.218034e-03,8.651744e-06,-6.7247318825e-11,1.0546e-01,1.0375
902.59,-3.24490064e-03,3.203372e-03,8.554176e-06,-6.7247762914e-11,7.4776e-02,1.0375
903.10,-3.73359355e-03,3.183293e-03,8.460630e-06,-6.7249650293e-11,2.9405e-02,1.0375
903.60,-4.02628133e-03,3.151559e-03,8.378991e-06,-6.7252758917e-11,2.0644e-02,1.0375
904.11,-4.12816231e-03,3.101954e-03,8.317596e-06,-6.7259420256e-11,2.4881e-02,1.0375
904.62,-4.05728221e-03,3.030009e-03,8.281179e-06,-6.7274741333e-11,2.7689e-02,1.0375
905.12,-3.83696429e-03,2.934419e-03,8.268780e-06,-6.7296501705e-11,2.9503e-02,1.0375
905.63,-3.49008187e-03,2.817354e-03,8.275230e-06,-6.7325034436e-11,3.0693e-02,1.0375
906.14,-3.03608559e-03,2.683770e-03,8.295241e-06,-6.7355343525e-11,3.1411e-02,1.0375
906.64,-2.49187319e-03,2.540099e-03,8.327136e-06,-6.7386651814e-11,3.0108e-02,1.0375
907.15,-1.87712934e-03,2.393007e-03,8.373469e-06,-6.7416072724e-11,2.5458e-02,1.0375
907.66,-1.22305562e-03,2.248739e-03,8.437999e-06,-6.7442829099e-11,2.0839e-02,1.0375
908.16,-5.80712853e-04,2.113176e-03,8.521228e-06,-6.7466254805e-11,2.3487e-02,1.0375
908.67,-2.29584944e-05,1.992263e-03,8.617835e-06,-6.7484684507e-11,2.6767e-02,1.0375
909.18,3.65477949e-04,1.892048e-03,8.718076e-06,-6.7498451273e-11,3.0462e-02,1.0375
909.68,5.10168685e-04,1.817820e-03,8.811944e-06,-6.7507111012e-11,3.4079e-02,1.0375
910.19,3.73720048e-04,1.772625e-03,8.893166e-06,-6.7511773949e-11,2.7628e-02,1.0375
910.70,-2.60883071e-05,1.756052e-03,8.960378e-06,-6.7520433689e-11,3.1847e-02,1.0375
911.20,-6.17078226e-04,1.764341e-03,9.014855e-06,-6.7536864989e-11,3.6718e-02,1.0375
911.71,-1.29237088e-03,1.791740e-03,9.056679e-06,-6.7561733985e-11,4.2297e-02,1.0375
912.22,-1.93908344e-03,1.832362e-03,9.082147e-06,-6.7586825026e-11,4.8362e-02,1.0375
912.72,-2.46371474e-03,1.881370e-03,9.084167e-06,-6.7604699616e-11,5.4513e-02,1.0375
913.23,-2.80689482e-03,1.935901e-03,9.055138e-06,-6.7614802646e-11,6.0577e-02,1.0375
913.74,-2.94695778e-03,1.994781e-03,8.990217e-06,-6.7620575805e-11,6.6699e-02,1.0375
914.25,-2.89569629e-03,2.058235e-03,8.888856e-06,-6.7623684430e-11,7.3254e-02,1.0375
914.75,-2.69000613e-03,2.127641e-03,8.753761e-06,-6.7625016698e-11,8.0161e-02,1.0375
915.26,-2.38185188e-03,2.204983e-03,8.588030e-06,-6.7626015898e-11,8.7672e-02,1.0375
915.77,-2.02775382e-03,2.291944e-03,8.392405e-06,-6.7626793054e-11,9.0885e-02,1.0375
916.27,-1.67834418e-03,2.389419e-03,8.164366e-06,-6.7630012701e-11,5.5668e-02,1.0375
916.78,-1.36886934e-03,2.497214e-03,7.899683e-06,-6.7632233147e-11,4.8198e-02,1.0500
917.29,-1.11284398e-03,2.613161e-03,7.595401e-06,-6.7632677236e-11,4.1242e-02,1.0500
917.79,-9.01543401e-04,2.733715e-03,7.252504e-06,-6.7634120526e-11,3.1979e-02,1.0500
918.30,-7.09634329e-04,2.854644e-03,6.876820e-06,-6.7634897682e-11,2.8000e-02,1.0500
918.81,-5.03764505e-04,2.971968e-03,6.477710e-06,-6.7636007905e-11,2.3152e-02,1.0500
919.31,-2.50550621e-04,3.082784e-03,6.065047e-06,-6.7636007905e-11,1.7848e-02,1.0500
919.82,7.65348273e-05,3.185674e-03,5.645769e-06,-6.7637784262e-11,2.3558e-02,1.0500
920.33,4.89874636e-04,3.280561e-03,5.221535e-06,-6.7639782664e-11,3.0531e-02,1.0500
920.83,9.80391824e-04,3.368120e-03,4.788709e-06,-6.7641225954e-11,3.7726e-02,1.0500
921.34,1.51359643e-03,3.449143e-03,4.340921e-06,-6.7641781065e-11,4.4339e-02,1.0500
921.85,2.03242684e-03,3.524080e-03,3.873467e-06,-6.7641336976e-11,5.0927e-02,1.0500
922.35,2.46727366e-03,3.592879e-03,3.388447e-06,-6.7643446400e-11,5.8286e-02,1.0500
922.86,2.75054902e-03,3.655099e-03,2.899736e-06,-6.7643668444e-11,6.5233e-02,1.0500
923.37,2.83213027e-03,3.710140e-03,2.437489e-06,-6.7645333779e-11,7.2138e-02,1.0500
923.87,2.69222339e-03,3.757462e-03,2.051347e-06,-6.7645888890e-11,7.9131e-02,1.0500
924.38,2.34852239e-03,3.796737e-03,1.805029e-06,-6.7646110935e-11,8.6094e-02,1.0500
924.89,1.85539538e-03,3.827952e-03,1.744209e-06,-6.7646777069e-11,9.3010e-02,1.0500
925.39,1.29495972e-03,3.851458e-03,1.851993e-06,-6.7647887292e-11,9.9873e-02,1.0500
925.90,7.62481087e-04,3.868197e-03,2.063131e-06,-6.7649885693e-11,1.0672e-01,1.0500
926.41,3.49696066e-04,3.879479e-03,2.319509e-06,-6.7650329783e-11,1.1355e-01,1.0500
926.91,1.28775476e-04,3.886279e-03,2.592961e-06,-6.7650662849e-11,1.2036e-01,1.0500
927.42,1.38046042e-04,3.888588e-03,2.878809e-06,-6.7651328983e-11,1.2715e-01,1.0500
927.93,3.70216659e-04,3.885037e-03,3.183752e-06,-6.7652883295e-11,1.3392e-01,1.0500
928.44,7.65565139e-04,3.872803e-03,3.515659e-06,-6.7653105340e-11,1.4067e-01,1.0500
928.94,1.21519988e-03,3.847983e-03,3.876664e-06,-6.7655103742e-11,1.4739e-01,1.0500
929.45,1.57999446e-03,3.806490e-03,4.260391e-06,-6.7654881697e-11,1.5410e-01,1.0500
929.96,1.72565760e-03,3.745242e-03,4.653306e-06,-6.7656547031e-11,1.6078e-01,1.0500
930.46,1.56402443e-03,3.663159e-03,5.038788e-06,-6.7656658054e-11,1.6744e-01,1.0500
930.97,1.08229004e-03,3.561579e-03,5.401825e-06,-6.7657990321e-11,1.7408e-01,1.0500
931.48,3.45276607e-04,3.443914e-03,5.732528e-06,-6.7658878500e-11,1.8078e-01,1.0500
931.98,-5.29818147e-04,3.314691e-03,6.027448e-06,-6.7660099745e-11,1.8754e-01,1.0500
932.49,-1.41042221e-03,3.178382e-03,6.288703e-06,-6.7744365673e-11,1.9267e-01,1.0500
933.00,-2.18028999e-03,3.038630e-03,6.521698e-06,-6.7829741823e-11,1.9501e-01,1.0500
933.50,-2.75615552e-03,2.898374e-03,6.732664e-06,-6.8036576373e-11,1.6560e-01,1.0375
934.01,-3.08929873e-03,2.760304e-03,6.926529e-06,-6.8038019663e-11,1.7240e-01,1.0375
934.52,-3.16074662e-03,2.627254e-03,7.105984e-06,-6.8038352730e-11,1.7917e-01,1.0375
935.02,-2.97647321e-03,2.502373e-03,7.271635e-06,-6.8039573975e-11,1.8575e-01,1.0375
935.53,-2.56689944e-03,2.388561e-03,7.422581e-06,-6.8040129086e-11,1.9228e-01,1.0375
936.04,-1.99034831e-03,2.287450e-03,7.557112e-06,-6.8041128287e-11,1.9877e-01,1.0375
936.54,-1.33590347e-03,2.198587e-03,7.673310e-06,-6.8041572376e-11,2.0523e-01,1.0375
937.05,-7.18726867e-04,2.119560e-03,7.769481e-06,-6.8041794421e-11,2.1166e-01,1.0375
937.56,-2.62235506e-04,2.046963e-03,7.844587e-06,-6.8044458956e-11,2.1805e-01,1.0375
938.06,-6.84960906e-05,1.978052e-03,7.898638e-06,-6.8044903045e-11,2.2456e-01,1.0375
938.57,-1.87528837e-04,1.911982e-03,7.932960e-06,-6.8045458157e-11,2.3115e-01,1.0375
939.08,-6.00495494e-04,1.850603e-03,7.950335e-06,-6.8048122692e-11,2.3788e-01,1.0375
939.58,-1.22583449e-03,1.797935e-03,7.954999e-06,-6.8161365441e-11,2.3823e-01,1.0375
940.09,-1.94525222e-03,1.758751e-03,7.952371e-06,-6.8364203187e-11,1.4041e-02,1.0250
940.60,-2.63739827e-03,1.736914e-03,7.948202e-06,-6.8498318129e-11,1.5012e-02,1.0375
941.11,-3.20602153e-03,1.735440e-03,7.947021e-06,-6.8979266743e-11,1.5727e-02,1.0500
941.61,-3.59449204e-03,1.756725e-03,7.950285e-06,-6.8981265144e-11,1.6140e-02,1.0500
942.12,-3.78539380e-03,1.803699e-03,7.955347e-06,-6.8981265144e-11,1.6244e-02,1.0500
942.63,-3.78954379e-03,1.879569e-03,7.956307e-06,-6.8982930479e-11,1.6052e-02,1.0500
943.13,-3.63169563e-03,1.985747e-03,7.946826e-06,-6.8983485590e-11,2.2046e-02,1.0500
943.64,-3.33943108e-03,2.119309e-03,7.923622e-06,-6.8984817858e-11,2.9069e-02,1.0500
944.15,-2.93808196e-03,2.272026e-03,7.888841e-06,-6.8985372970e-11,3.6080e-02,1.0500
944.65,-2.45050472e-03,2.431943e-03,7.850037e-06,-6.8987371371e-11,4.3078e-02,1.0500
945.16,-1.89876639e-03,2.586376e-03,7.817805e-06,-6.8988481594e-11,5.0061e-02,1.0500
945.67,-1.30582824e-03,2.725012e-03,7.802274e-06,-6.8988703639e-11,5.7029e-02,1.0500
946.17,-6.97321367e-04,2.842083e-03,7.810071e-06,-6.8988925683e-11,6.3983e-02,1.0500
946.68,-1.04094701e-04,2.937130e-03,7.842990e-06,-6.8990813062e-11,7.0919e-02,1.0500
947.19,4.35465729e-04,3.014334e-03,7.898584e-06,-6.8990813062e-11,7.7839e-02,1.0500
947.69,8.76466356e-04,3.080605e-03,7.971733e-06,-6.8991590219e-11,8.4741e-02,1.0500
948.20,1.17457923e-03,3.143155e-03,8.056451e-06,-6.8993255553e-11,9.1667e-02,1.0500
948.71,1.29806395e-03,3.207384e-03,8.147086e-06,-6.8994254754e-11,9.8632e-02,1.0500
949.21,1.23935644e-03,3.275750e-03,8.238910e-06,-6.8995031910e-11,1.0558e-01,1.0500
949.72,1.02013975e-03,3.347933e-03,8.328542e-06,-6.8996031111e-11,1.1262e-01,1.0500
950.23,6.87594641e-04,3.421696e-03,8.414469e-06,-6.8997030311e-11,1.1998e-01,1.0500
950.73,3.04287533e-04,3.493778e-03,8.497302e-06,-6.9020233973e-11,1.2646e-01,1.0500
951.24,-6.41960933e-05,3.561529e-03,8.579281e-06,-6.9197869657e-11,1.3266e-01,1.0437
951.75,-3.61261452e-04,3.622384e-03,8.662807e-06,-6.9317662721e-11,1.3799e-01,1.0500
952.25,-5.49440287e-04,3.673848e-03,8.748563e-06,-6.9403705005e-11,1.4140e-01,1.0500
952.76,-6.16060677e-04,3.712806e-03,8.834356e-06,-6.9607986042e-11,1.1289e-01,1.0375
953.27,-5.71356952e-04,3.735697e-03,8.915093e-06,-6.9608430131e-11,1.1987e-01,1.0375
953.77,-4.39054247e-04,3.739363e-03,8.984010e-06,-6.9610650577e-11,1.2528e-01,1.0375
954.28,-2.44405144e-04,3.722053e-03,9.034601e-06,-6.9611205689e-11,4.4414e-02,1.0375
954.79,-6.21045045e-06,3.683847e-03,9.062391e-06,-6.9612204889e-11,2.8976e-02,1.0375
955.30,2.64411269e-04,3.627053e-03,9.065879e-06,-6.9612871023e-11,2.3684e-02,1.0375
955.80,5.60767169e-04,3.556277e-03,9.046068e-06,-6.9614869425e-11,2.3126e-02,1.0375
956.31,8.76503910e-04,3.477672e-03,9.004665e-06,-6.9619199294e-11,2.2523e-02,1.0375
956.82,1.20221763e-03,3.398102e-03,8.941694e-06,-6.9625083476e-11,2.2310e-02,1.0375
957.32,1.52252524e-03,3.324281e-03,8.853807e-06,-6.9633521171e-11,2.2444e-02,1.0375
957.83,1.81409801e-03,3.262074e-03,8.734494e-06,-6.9646399758e-11,2.5760e-02,1.0375
958.34,2.04664114e-03,3.215908e-03,8.576510e-06,-6.9657835056e-11,3.0619e-02,1.0375
958.84,2.18844672e-03,3.188245e-03,8.375566e-06,-6.9667827063e-11,3.6730e-02,1.0375
959.35,2.21564878e-03,3.179264e-03,8.133558e-06,-6.9673600223e-11,4.4153e-02,1.0375
959.86,2.12156626e-03,3.186828e-03,7.859511e-06,-6.9677263959e-11,5.1313e-02,1.0375
960.36,1.92172130e-03,3.206756e-03,7.567070e-06,-6.9678152137e-11,5.8439e-02,1.0375
960.87,1.65199980e-03,3.233424e-03,7.268822e-06,-6.9681260761e-11,6.5494e-02,1.0375
961.38,1.36070462e-03,3.260657e-03,6.969833e-06,-6.9681260761e-11,7.2156e-02,1.0375
961.88,1.09782284e-03,3.282660e-03,6.664116e-06,-6.9683037118e-11,7.9350e-02,1.0375
962.39,9.05420320e-04,3.294848e-03,6.336776e-06,-6.9683481208e-11,8.6480e-02,1.0375
962.90,8.11763986e-04,3.294611e-03,5.971174e-06,-6.9683703252e-11,9.3542e-02,1.0375
963.40,8.29441357e-04,3.281624e-03,5.557927e-06,-6.9685479609e-11,8.6143e-02,1.0375
963.91,9.55815981e-04,3.257603e-03,5.101632e-06,-6.9687255966e-11,3.3510e-02,1.0375
964.42,1.17413169e-03,3.225963e-03,4.623524e-06,-6.9688921300e-11,1.6510e-02,1.0375
964.92,1.45536752e-03,3.191241e-03,4.159453e-06,-6.9695138549e-11,1.7809e-02,1.0375
965.43,1.76212266e-03,3.158388e-03,3.752640e-06,-6.9714234385e-11,1.8480e-02,1.0375
965.94,2.05466920e-03,3.131988e-03,3.441285e-06,-6.9747096987e-11,1.8508e-02,1.0375
966.44,2.29779100e-03,3.115681e-03,3.244447e-06,-6.9792283064e-11,1.7877e-02,1.0375
966.95,2.46735443e-03,3.111738e-03,3.156258e-06,-6.9844685591e-11,1.6575e-02,1.0375
967.46,2.55588451e-03,3.120532e-03,3.156174e-06,-6.9900640831e-11,1.6469e-02,1.0375
967.96,2.57491768e-03,3.139940e-03,3.227504e-06,-6.9953820514e-11,2.0447e-02,1.0375
968.47,2.55196878e-03,3.165125e-03,3.368223e-06,-7.0001449082e-11,2.5108e-02,1.0375
968.98,2.52397255e-03,3.189190e-03,3.587345e-06,-7.0041750178e-11,3.0409e-02,1.0375
969.49,2.53136130e-03,3.204785e-03,3.892576e-06,-7.0077943448e-11,3.6346e-02,1.0375
969.99,2.61238055e-03,3.206169e-03,4.280063e-06,-7.0107586403e-11,4.3056e-02,1.0375
970.50,2.79225498e-03,3.190820e-03,4.733032e-06,-7.0130790064e-11,5.0461e-02,1.0375
971.01,3.06620177e-03,3.159719e-03,5.227763e-06,-7.0145889097e-11,5.1403e-02,1.0375
971.51,3.38615146e-03,3.116310e-03,5.741201e-06,-7.0153549636e-11,5.0618e-02,1.0375
972.02,3.66493129e-03,3.064574e-03,6.256276e-06,-7.0158878707e-11,5.1480e-02,1.0375
972.53,3.80190248e-03,3.007163e-03,6.763730e-06,-7.0160988130e-11,3.7649e-02,1.0375
973.03,3.71881882e-03,2.945077e-03,7.260771e-06,-7.0163763688e-11,4.3799e-02,1.0375
973.54,3.38757007e-03,2.878355e-03,7.747690e-06,-7.0169536848e-11,5.0201e-02,1.0375
974.05,2.83757871e-03,2.807560e-03,8.224200e-06,-7.0172645472e-11,5.6738e-02,1.0375
974.55,2.14314083e-03,2.734768e-03,8.687318e-06,-7.0173977740e-11,6.3349e-02,1.0375
975.06,1.39994594e-03,2.663008e-03,9.131599e-06,-7.0176309208e-11,7.0060e-02,1.0375
975.57,7.01417798e-04,2.594272e-03,9.551137e-06,-7.0177641476e-11,7.6958e-02,1.0375
976.07,1.21820859e-04,2.527450e-03,9.941824e-06,-7.0178196587e-11,8.4378e-02,1.0375
976.58,-2.91837666e-04,2.457268e-03,1.030250e-05,-7.0179639877e-11,9.0819e-02,1.0375
977.09,-5.20560226e-04,2.376268e-03,1.063449e-05,-7.0180306011e-11,7.6989e-02,1.0375
977.59,-5.69025422e-04,2.278116e-03,1.094000e-05,-7.0185746104e-11,4.5181e-02,1.0375
978.10,-4.57303218e-04,2.160739e-03,1.122019e-05,-7.0186856327e-11,2.3871e-02,1.0500
978.61,-2.09404921e-04,2.028751e-03,1.147399e-05,-7.0188077572e-11,1.7717e-02,1.0500
979.11,1.58125556e-04,1.893229e-03,1.169813e-05,-7.0188632684e-11,1.7340e-02,1.0500
979.62,6.41057323e-04,1.769424e-03,1.188823e-05,-7.0190186996e-11,2.2374e-02,1.0500
980.13,1.23971263e-03,1.672952e-03,1.204043e-05,-7.0190409041e-11,2.9398e-02,1.0500
980.63,1.93907122e-03,1.615674e-03,1.215288e-05,-7.0191297219e-11,3.6409e-02,1.0500
981.14,2.68612674e-03,1.602903e-03,1.222644e-05,-7.0192851531e-11,4.3407e-02,1.0500
981.65,3.37874769e-03,1.633030e-03,1.226450e-05,-7.0194405843e-11,5.0390e-02,1.0500
982.15,3.87739031e-03,1.699163e-03,1.227166e-05,-7.0194405843e-11,5.7358e-02,1.0500
982.66,4.04076277e-03,1.791320e-03,1.225201e-05,-7.0195294022e-11,6.4311e-02,1.0500
983.17,3.77278452e-03,1.898148e-03,1.220744e-05,-7.0195627089e-11,7.1248e-02,1.0500
983.68,3.05865794e-03,2.008422e-03,1.213697e-05,-7.0197070379e-11,7.8167e-02,1.0500
984.18,1.97149762e-03,2.112572e-03,1.203724e-05,-7.0198069579e-11,8.5069e-02,1.0500
984.69,6.49899814e-04,2.204268e-03,1.190402e-05,-7.0198846736e-11,9.1953e-02,1.0500
985.20,-7.38832210e-04,2.281315e-03,1.173394e-05,-7.0200290025e-11,9.8818e-02,1.0500
985.70,-2.03823591e-03,2.345296e-03,1.152577e-05,-7.0201400248e-11,1.0576e-01,1.0500
986.21,-3.13109991e-03,2.401063e-03,1.128082e-05,-7.0202066382e-11,1.1266e-01,1.0500
986.72,-3.94605823e-03,2.453951e-03,1.100256e-05,-7.0201955360e-11,1.1966e-01,1.0500
987.22,-4.45112530e-03,2.507979e-03,1.069551e-05,-7.0203842739e-11,1.2659e-01,1.0500
987.73,-4.64409341e-03,2.564867e-03,1.036394e-05,-7.0208172609e-11,1.3450e-01,1.0500
988.24,-4.54359842e-03,2.624018e-03,1.001071e-05,-7.0314754019e-11,1.3996e-01,1.0437
988.74,-4.18420205e-03,2.683085e-03,9.636778e-06,-7.0442651712e-11,1.4516e-01,1.0500
989.25,-3.61495908e-03,2.738685e-03,9.241731e-06,-7.0525585372e-11,1.4843e-01,1.0500
989.76,-2.90085901e-03,2.786928e-03,8.825238e-06,-7.0734973434e-11,2.7627e-02,1.0375
990.26,-2.12547668e-03,2.824007e-03,8.388628e-06,-7.0737193880e-11,3.5161e-02,1.0375
990.77,-1.38928471e-03,2.846838e-03,7.935564e-06,-7.0747296910e-11,4.5293e-02,1.0375
991.28,-7.99106920e-04,2.853772e-03,7.471178e-06,-7.0783379158e-11,5.3557e-02,1.0375
991.78,-4.48268969e-04,2.845180e-03,7.000041e-06,-7.0822014919e-11,6.0141e-02,1.0375
992.29,-3.92668851e-04,2.823607e-03,6.524434e-06,-7.0847772093e-11,6.7439e-02,1.0375
992.80,-6.33326630e-04,2.793088e-03,6.044612e-06,-7.0855765699e-11,6.7142e-02,1.0375
993.30,-1.11484548e-03,2.758090e-03,5.561857e-06,-7.0857875123e-11,6.8067e-02,1.0375
993.81,-1.74094292e-03,2.722515e-03,5.083340e-06,-7.0859207391e-11,7.2728e-02,1.0375
994.32,-2.39985508e-03,2.689112e-03,4.626180e-06,-7.0860206591e-11,7.7998e-02,1.0375
994.82,-2.98873781e-03,2.659540e-03,4.217415e-06,-7.0861982948e-11,6.3496e-02,1.0375
995.33,-3.43082617e-03,2.635268e-03,3.887335e-06,-7.0865757706e-11,3.1434e-02,1.0375
995.84,-3.68252411e-03,2.618154e-03,3.657055e-06,-7.1123218426e-11,3.7776e-02,1.0500
996.34,-3.73305720e-03,2.610536e-03,3.527684e-06,-7.1277428404e-11,3.7475e-02,1.0500
996.85,-3.59911383e-03,2.614510e-03,3.481417e-06,-7.1769923338e-11,3.4749e-02,1.0625
997.36,-3.31995697e-03,2.630782e-03,3.496091e-06,-7.1771144583e-11,3.2115e-02,1.0625
997.87,-2.95392947e-03,2.657827e-03,3.561249e-06,-7.1771366628e-11,2.8044e-02,1.0625
998.37,-2.57471392e-03,2.691785e-03,3.684219e-06,-7.1774031163e-11,2.4457e-02,1.0625
998.88,-2.26202656e-03,2.727274e-03,3.882887e-06,-7.1773587074e-11,3.1410e-02,1.0625
999.39,-2.08416084e-03,2.758810e-03,4.169927e-06,-7.1775363431e-11,3.8366e-02,1.0625
999.89,-2.07772128e-03,2.782138e-03,4.539700e-06,-7.1775585475e-11,4.5406e-02,1.0625
1000.40,-2.23550564e-03,2.795050e-03,4.967056e-06,-7.1848083039e-11,5.1750e-02,1.0625
1000.91,-2.51069448e-03,2.797545e-03,5.416730e-06,-7.1990524653e-11,5.8409e-02,1.0563
1001.41,-2.83533837e-03,2.791539e-03,5.855154e-06,-7.2260308848e-11,6.4597e-02,1.0563
1001.92,-3.14304442e-03,2.780356e-03,6.258569e-06,-7.2358452563e-11,7.0669e-02,1.0625
1002.43,-3.38412836e-03,2.768151e-03,6.615874e-06,-7.2423844699e-11,7.6345e-02,1.0625
1002.93,-3.53055414e-03,2.759275e-03,6.927212e-06,-7.2510553117e-11,8.0271e-02,1.0625
1003.44,-3.57106497e-03,2.757543e-03,7.199989e-06,-7.2684858132e-11,7.8620e-02,1.0500
1003.95,-3.50378891e-03,2.765734e-03,7.443904e-06,-7.2685746311e-11,8.5585e-02,1.0500
1004.45,-3.32953056e-03,2.785132e-03,7.666662e-06,-7.2687522668e-11,9.2514e-02,1.0500
1004.96,-3.04838156e-03,2.815322e-03,7.871900e-06,-7.2686412445e-11,9.9384e-02,1.0500
1005.47,-2.66012776e-03,2.854367e-03,8.059787e-06,-7.2688854935e-11,1.0624e-01,1.0500
1005.97,-2.16810946e-03,2.899290e-03,8.229315e-06,-7.2688632891e-11,1.1307e-01,1.0500
1006.48,-1.58603802e-03,2.946654e-03,8.380236e-06,-7.2689521069e-11,1.1988e-01,1.0500
1006.99,-9.45584668e-04,2.993104e-03,8.513046e-06,-7.2690853337e-11,1.2667e-01,1.0500
1007.49,-3.00495605e-04,3.035849e-03,8.627127e-06,-7.2691963560e-11,1.3345e-01,1.0500
1008.00,2.77473392e-04,3.072809e-03,8.718769e-06,-7.2693517872e-11,1.4020e-01,1.0500
1008.51,7.12032709e-04,3.102737e-03,8.780998e-06,-7.2694406050e-11,1.4693e-01,1.0500
1009.01,9.41118143e-04,3.125055e-03,8.805837e-06,-7.2695294229e-11,1.5363e-01,1.0500
1009.52,9.33957682e-04,3.139632e-03,8.788058e-06,-7.2696182407e-11,1.6032e-01,1.0500
1010.03,7.01049563e-04,3.146599e-03,8.728570e-06,-7.2696071385e-11,1.6698e-01,1.0500
1010.53,2.95266154e-04,3.146058e-03,8.635720e-06,-7.2697181608e-11,1.7362e-01,1.0500
1011.04,-1.95540423e-04,3.138383e-03,8.523712e-06,-7.2698513875e-11,1.8024e-01,1.0500
1011.55,-6.63167583e-04,3.124086e-03,8.408606e-06,-7.2699180009e-11,1.8683e-01,1.0500
1012.06,-9.97972273e-04,3.103667e-03,8.303659e-06,-7.2700068188e-11,1.9341e-01,1.0500
1012.56,-1.10665180e-03,3.077741e-03,8.216249e-06,-7.2701955567e-11,2.0009e-01,1.0500
1013.07,-9.23896356e-04,3.046915e-03,8.147711e-06,-7.2760131253e-11,2.0541e-01,1.0500
1013.58,-4.17795825e-04,3.011475e-03,8.095500e-06,-7.2844508203e-11,2.0731e-01,1.0500
1014.08,4.05579082e-04,2.971468e-03,8.055941e-06,-7.3041128701e-11,1.1291e-01,1.0375
1014.59,1.49277706e-03,2.927052e-03,8.025939e-06,-7.3042683013e-11,1.2051e-01,1.0375
1015.10,2.73195353e-03,2.878502e-03,8.003451e-06,-7.3042794035e-11,7.2107e-02,1.0375
1015.60,3.94876669e-03,2.826013e-03,7.987328e-06,-7.3045458571e-11,3.9372e-02,1.0375
1016.11,4.92591355e-03,2.769400e-03,7.977548e-06,-7.3047345950e-11,2.7383e-02,1.0375
1016.62,5.45417328e-03,2.707784e-03,7.976056e-06,-7.3051453775e-11,2.4014e-02,1.0375
1017.12,5.40514919e-03,2.639443e-03,7.987424e-06,-7.3058670225e-11,2.9295e-02,1.0375
1017.63,4.78733000e-03,2.562295e-03,8.018284e-06,-7.3070438589e-11,3.2551e-02,1.0375
1018.14,3.74424475e-03,2.475026e-03,8.075120e-06,-7.3104744480e-11,2.8593e-02,1.0375
1018.64,2.49838174e-03,2.378436e-03,8.161223e-06,-7.3165251635e-11,2.8505e-02,1.0375
1019.15,1.27635800e-03,2.276244e-03,8.274466e-06,-7.3240524756e-11,3.1102e-02,1.0375
1019.66,2.53742309e-04,2.174824e-03,8.407197e-06,-7.3305139736e-11,3.5715e-02,1.0375
1020.16,-4.64793103e-04,2.081801e-03,8.548573e-06,-7.3352102170e-11,4.2323e-02,1.0375
1020.67,-8.39048306e-04,2.003859e-03,8.688031e-06,-7.3375971965e-11,5.1195e-02,1.0375
1021.18,-8.76987274e-04,1.944712e-03,8.818349e-06,-7.3386852151e-11,6.2009e-02,1.0375
1021.68,-6.20582483e-04,1.904468e-03,8.936970e-06,-7.3388739530e-11,7.1937e-02,1.0375
1022.19,-1.37836850e-04,1.881006e-03,9.045040e-06,-7.3390404864e-11,8.2426e-02,1.0375
1022.70,4.81417013e-04,1.872668e-03,9.144647e-06,-7.3391737132e-11,5.6151e-02,1.0375
1023.20,1.13087562e-03,1.881725e-03,9.235585e-06,-7.3394512690e-11,2.9384e-02,1.0375
1023.71,1.69924770e-03,1.912971e-03,9.313321e-06,-7.3400285849e-11,1.9132e-02,1.0375
1024.22,2.08931260e-03,1.971204e-03,9.369297e-06,-7.3409833767e-11,1.9534e-02,1.0375
1024.73,2.23986537e-03,2.057092e-03,9.393576e-06,-7.3422934399e-11,2.0341e-02,1.0375
1025.23,2.14200274e-03,2.164430e-03,9.378538e-06,-7.3433259473e-11,2.1919e-02,1.0375
1025.74,1.84193374e-03,2.280784e-03,9.321740e-06,-7.3440253878e-11,2.4560e-02,1.0375
1026.25,1.42858017e-03,2.391346e-03,9.226401e-06,-7.3445582949e-11,2.5918e-02,1.0375
1026.75,1.01131401e-03,2.483953e-03,9.099094e-06,-7.3448025439e-11,3.2666e-02,1.0375
1027.26,6.95794453e-04,2.553289e-03,8.945677e-06,-7.3454242688e-11,4.0899e-02,1.0375
1027.77,5.63365140e-04,2.602771e-03,8.767583e-06,-7.3476447149e-11,5.1334e-02,1.0375
1028.27,6.55250439e-04,2.643385e-03,8.560686e-06,-7.3536177148e-11,5.9229e-02,1.0375
1028.78,9.60860353e-04,2.689930e-03,8.317598e-06,-7.3589134786e-11,6.5116e-02,1.0375
1029.29,1.41157111e-03,2.755066e-03,8.032335e-06,-7.3622774543e-11,7.3047e-02,1.0375
1029.79,1.88513421e-03,2.844480e-03,7.704860e-06,-7.3629102815e-11,6.9596e-02,1.0375
1030.30,2.22782319e-03,2.956155e-03,7.342961e-06,-7.3632655528e-11,7.0236e-02,1.0375
1030.81,2.29514071e-03,3.082986e-03,6.959967e-06,-7.3634209841e-11,7.6114e-02,1.0375
1031.31,1.99932908e-03,3.216837e-03,6.568879e-06,-7.3634986997e-11,8.2475e-02,1.0375
1031.82,1.34136609e-03,3.351911e-03,6.175627e-06,-7.3635320064e-11,8.6991e-02,1.0375
1032.33,4.09862780e-04,3.486112e-03,5.775289e-06,-7.3636319264e-11,9.1143e-02,1.0375
1032.83,-6.52238763e-04,3.620414e-03,5.353987e-06,-7.3637762554e-11,7.5910e-02,1.0375
1033.34,-1.69276030e-03,3.757030e-03,4.896099e-06,-7.3639538911e-11,4.2071e-02,1.0375
1033.85,-2.58692699e-03,3.896980e-03,4.393728e-06,-7.3641870380e-11,2.8102e-02,1.0375
1034.35,-3.25517034e-03,4.038486e-03,3.854837e-06,-7.3642758558e-11,2.2552e-02,1.0375
1034.86,-3.66241824e-03,4.177163e-03,3.307767e-06,-7.3644534915e-11,2.0463e-02,1.0375
1035.37,-3.80928489e-03,4.307089e-03,2.798628e-06,-7.3646755361e-11,1.9335e-02,1.0375
1035.87,-3.72120973e-03,4.420244e-03,2.384388e-06,-7.3649086829e-11,1.8603e-02,1.0375
1036.38,-3.43980615e-03,4.509077e-03,2.110948e-06,-7.3652528521e-11,1.8660e-02,1.0375
1036.89,-3.01702727e-03,4.569090e-03,1.983935e-06,-7.3657191457e-11,1.7698e-02,1.0375
1037.39,-2.51066387e-03,4.599733e-03,1.967198e-06,-7.3668293687e-11,1.9064e-02,1.0375
1037.90,-1.97966560e-03,4.603681e-03,2.023904e-06,-7.3682837609e-11,2.0282e-02,1.0375
1038.41,-1.47756831e-03,4.584859e-03,2.151506e-06,-7.3704264913e-11,2.1321e-02,1.0375
1038.92,-1.04418450e-03,4.546884e-03,2.373126e-06,-7.3727579597e-11,2.2234e-02,1.0375
1039.42,-6.97694424e-04,4.492779e-03,2.701050e-06,-7.3755113128e-11,2.3203e-02,1.0375
1039.93,-4.30695189e-04,4.425668e-03,3.113627e-06,-7.3785089150e-11,2.4442e-02,1.0375
1040.44,-2.14055158e-04,4.349597e-03,3.564642e-06,-7.3814843127e-11,2.6075e-02,1.0375
1040.94,-7.77356753e-06,4.269724e-03,4.006269e-06,-7.3844597104e-11,2.8176e-02,1.0375
1041.45,2.26863657e-04,4.191707e-03,4.405890e-06,-7.3871020412e-11,3.0815e-02,1.0375
1041.96,5.17386555e-04,4.119814e-03,4.752468e-06,-7.3894002028e-11,3.4158e-02,1.0375
1042.46,8.71705839e-04,4.055761e-03,5.054248e-06,-7.3911432530e-11,3.8149e-02,1.0375
1042.97,1.27111865e-03,3.998593e-03,5.330250e-06,-7.3920980448e-11,3.8676e-02,1.0375
1043.48,1.66901899e-03,3.945173e-03,5.599059e-06,-7.3926753608e-11,3.8940e-02,1.0375
1043.98,2.00050052e-03,3.891059e-03,5.869940e-06,-7.3931416544e-11,3.2173e-02,1.0375
1044.49,2.20222402e-03,3.831498e-03,6.140191e-06,-7.3944073087e-11,3.6879e-02,1.0375
1045.00,2.23419957e-03,3.762337e-03,6.398824e-06,-7.3963724034e-11,4.2294e-02,1.0375
1045.50,2.09299032e-03,3.680707e-03,6.633041e-06,-7.3989481209e-11,4.8276e-02,1.0375
1046.01,1.81083276e-03,3.585304e-03,6.834046e-06,-7.4008132955e-11,5.4419e-02,1.0375
1046.52,1.44302346e-03,3.476530e-03,6.999744e-06,-7.4021122565e-11,6.0478e-02,1.0375
1047.02,1.05151072e-03,3.355822e-03,7.134453e-06,-7.4026784702e-11,6.6558e-02,1.0375
1047.53,6.92719176e-04,3.224732e-03,7.246714e-06,-7.4030115371e-11,7.2964e-02,1.0375
1048.04,4.12716733e-04,3.084474e-03,7.345916e-06,-7.4030670483e-11,7.9902e-02,1.0375
1048.54,2.47138128e-04,2.936374e-03,7.438485e-06,-7.4031447639e-11,8.6758e-02,1.0375
1049.05,2.21367715e-04,2.782957e-03,7.525004e-06,-7.4033112973e-11,9.6243e-02,1.0375
1049.56,3.49159571e-04,2.628922e-03,7.600030e-06,-7.4034001152e-11,1.0396e-01,1.0375
1050.06,6.31058316e-04,2.480903e-03,7.655512e-06,-7.4035999553e-11,8.7584e-02,1.0375
1050.57,1.05354872e-03,2.346772e-03,7.685582e-06,-7.4083406076e-11,4.3282e-02,1.0500
1051.08,1.58805015e-03,2.233465e-03,7.690408e-06,-7.4189765442e-11,4.5744e-02,1.0500
1051.58,2.18924369e-03,2.144742e-03,7.676977e-06,-7.4630968072e-11,4.6157e-02,1.0500
1052.09,2.79536859e-03,2.080697e-03,7.656492e-06,-7.4847350540e-11,4.5564e-02,1.0625
1052.60,3.33319435e-03,2.038602e-03,7.640108e-06,-7.4849348941e-11,4.4377e-02,1.0625
1053.11,3.72724838e-03,2.014529e-03,7.635320e-06,-7.4849904053e-11,4.2815e-02,1.0625
1053.61,3.91449356e-03,2.004757e-03,7.644825e-06,-7.4851236320e-11,4.1212e-02,1.0625
1054.12,3.86072565e-03,2.006434e-03,7.668301e-06,-7.4851902454e-11,3.9987e-02,1.0625
1054.63,3.57091825e-03,2.017692e-03,7.705209e-06,-7.4853234722e-11,3.9864e-02,1.0625
1055.13,3.08840093e-03,2.037778e-03,7.756135e-06,-7.4853456766e-11,4.6843e-02,1.0625
1055.64,2.48348103e-03,2.067277e-03,7.821267e-06,-7.4855899257e-11,5.3824e-02,1.0625
1056.15,1.83760994e-03,2.108071e-03,7.897435e-06,-7.4873329758e-11,6.0241e-02,1.0625
1056.65,1.22894884e-03,2.162552e-03,7.976823e-06,-7.4885431189e-11,6.7062e-02,1.0625
1057.16,7.22984865e-04,2.232120e-03,8.049233e-06,-7.4943939943e-11,7.3800e-02,1.0625
1057.67,3.69495565e-04,2.315697e-03,8.106866e-06,-7.5148109957e-11,8.0104e-02,1.0563
1058.17,2.04123474e-04,2.409282e-03,8.148472e-06,-7.5306316738e-11,8.5829e-02,1.0625
1058.68,2.50092810e-04,2.506858e-03,8.180335e-06,-7.5368489227e-11,9.1293e-02,1.0625
1059.19,5.15033030e-04,2.602052e-03,8.213756e-06,-7.5451422887e-11,9.4575e-02,1.0625
1059.69,9.80881818e-04,2.689636e-03,8.260689e-06,-7.5618400430e-11,1.0052e-01,1.0500
1060.20,1.59037361e-03,2.766259e-03,8.329894e-06,-7.5619399631e-11,1.0737e-01,1.0500
1060.71,2.23924062e-03,2.830387e-03,8.425200e-06,-7.5619732698e-11,1.1420e-01,1.0500
1061.21,2.78486938e-03,2.881738e-03,8.545923e-06,-7.5620731899e-11,1.2101e-01,1.0500
1061.72,3.07667043e-03,2.920662e-03,8.688216e-06,-7.5622397233e-11,1.2779e-01,1.0500
1062.23,3.00163826e-03,2.947905e-03,8.845986e-06,-7.5622952345e-11,1.3456e-01,1.0500
1062.73,2.52549454e-03,2.964813e-03,9.011109e-06,-7.5623840523e-11,1.4131e-01,1.0500
1063.24,1.70629605e-03,2.973685e-03,9.173701e-06,-7.5624617679e-11,1.4803e-01,1.0500
1063.75,6.73709628e-04,2.977743e-03,9.323396e-06,-7.5625283813e-11,1.5474e-01,1.0500
1064.25,-4.13096908e-04,2.980479e-03,9.451624e-06,-7.5627504259e-11,1.6142e-01,1.0500
1064.76,-1.40928489e-03,2.984444e-03,9.553893e-06,-7.5627393237e-11,1.0350e-01,1.0500
1065.27,-2.21106018e-03,2.990096e-03,9.630835e-06,-7.5628836527e-11,4.7007e-02,1.0500
1065.77,-2.76100960e-03,2.995554e-03,9.687320e-06,-7.5629613683e-11,4.8507e-02,1.0500
1066.28,-3.04188035e-03,2.997152e-03,9.729876e-06,-7.5630612884e-11,4.9316e-02,1.0500
1066.79,-3.06682793e-03,2.990682e-03,9.763339e-06,-7.5631390040e-11,5.2401e-02,1.0500
1067.30,-2.87092695e-03,2.972869e-03,9.788021e-06,-7.5632389240e-11,5.9365e-02,1.0500
1067.80,-2.50597321e-03,2.942526e-03,9.798633e-06,-7.5632389240e-11,6.6314e-02,1.0500
1068.31,-2.03735660e-03,2.901000e-03,9.785484e-06,-7.5634498664e-11,7.3246e-02,1.0500
1068.82,-1.54037781e-03,2.851811e-03,9.737470e-06,-7.5634165597e-11,8.0161e-02,1.0500
1069.32,-1.09310838e-03,2.799849e-03,9.645604e-06,-7.5635830932e-11,8.7058e-02,1.0500
1069.83,-7.65238845e-04,2.750290e-03,9.505732e-06,-7.5636941155e-11,9.3938e-02,1.0500
1070.34,-6.05309421e-04,2.707527e-03,9.319488e-06,-7.5638051378e-11,1.0080e-01,1.0500
1070.84,-6.30719540e-04,2.674378e-03,9.093222e-06,-7.5638495467e-11,1.0764e-01,1.0500
1071.35,-8.25015527e-04,2.651802e-03,8.835332e-06,-7.5639050579e-11,1.1452e-01,1.0500
1071.86,-1.14413708e-03,2.639187e-03,8.553051e-06,-7.5639494668e-11,1.2145e-01,1.0500
1072.36,-1.52935317e-03,2.635147e-03,8.250042e-06,-7.5640937958e-11,1.2841e-01,1.0500
1072.87,-1.92206640e-03,2.638443e-03,7.925792e-06,-7.5642603292e-11,1.3570e-01,1.0500
1073.38,-2.27571697e-03,2.648566e-03,7.576860e-06,-7.5659478682e-11,1.4217e-01,1.0500
1073.88,-2.56195095e-03,2.665685e-03,7.199149e-06,-7.5707329295e-11,1.4863e-01,1.0437
1074.39,-2.77036719e-03,2.690007e-03,6.790146e-06,-7.5793815668e-11,1.5344e-01,1.0500
1074.90,-2.90252047e-03,2.721016e-03,6.350408e-06,-7.5902173435e-11,1.5325e-01,1.0500
1075.40,-2.96168165e-03,2.757224e-03,5.884143e-06,-7.6058048748e-11,5.2550e-02,1.0375
1075.91,-2.94135050e-03,2.796691e-03,5.399003e-06,-7.6059936127e-11,4.6814e-02,1.0375
1076.42,-2.81678823e-03,2.837913e-03,4.905264e-06,-7.6062267595e-11,4.6970e-02,1.0375
1076.92,-2.54323585e-03,2.880408e-03,4.414656e-06,-7.6064932131e-11,5.0762e-02,1.0375
1077.43,-2.06607275e-03,2.924593e-03,3.939327e-06,-7.6067152577e-11,5.7551e-02,1.0375
1077.94,-1.34892415e-03,2.970835e-03,3.491676e-06,-7.6069262001e-11,6.2149e-02,1.0375
1078.44,-4.15345561e-04,3.019068e-03,3.085921e-06,-7.6069484045e-11,6.8899e-02,1.0375
1078.95,6.14963202e-04,3.067937e-03,2.741808e-06,-7.6071593469e-11,7.6000e-02,1.0375
1079.46,1.52534688e-03,3.115319e-03,2.489190e-06,-7.6071593469e-11,8.4954e-02,1.0375
1079.96,2.06133197e-03,3.159065e-03,2.367759e-06,-7.6073147781e-11,9.0226e-02,1.0375
1080.47,2.02979647e-03,3.197642e-03,2.412827e-06,-7.6073813915e-11,9.7284e-02,1.0375
1080.98,1.37521562e-03,3.230564e-03,2.631846e-06,-7.6074480049e-11,9.2839e-02,1.0375
1081.49,1.92282954e-04,3.257847e-03,2.998455e-06,-7.6076589473e-11,4.0702e-02,1.0375
1081.99,-1.31444430e-03,3.279186e-03,3.470071e-06,-7.6077588673e-11,2.3689e-02,1.0375
1082.50,-2.89324380e-03,3.293292e-03,4.005143e-06,-7.6079698097e-11,1.6783e-02,1.0375
1083.01,-4.31395636e-03,3.297601e-03,4.569661e-06,-7.6086026368e-11,2.1043e-02,1.0375
1083.51,-5.40551367e-03,3.288420e-03,5.138293e-06,-7.6097239621e-11,2.4470e-02,1.0375
1084.02,-6.06270251e-03,3.261441e-03,5.694570e-06,-7.6116446479e-11,2.6703e-02,1.0375
1084.53,-6.25701527e-03,3.212495e-03,6.230760e-06,-7.6140982408e-11,2.7900e-02,1.0375
1085.03,-6.04177626e-03,3.138391e-03,6.746679e-06,-7.6168737984e-11,2.3845e-02,1.0375
1085.54,-5.53201894e-03,3.037923e-03,7.246988e-06,-7.6197825827e-11,2.0098e-02,1.0375
1086.05,-4.86364100e-03,2.912420e-03,7.737361e-06,-7.6224027090e-11,2.3338e-02,1.0375
1086.55,-4.15355427e-03,2.765867e-03,8.220757e-06,-7.6248451997e-11,2.7641e-02,1.0375
1087.06,-3.47538226e-03,2.604652e-03,8.695205e-06,-7.6266881699e-11,3.3006e-02,1.0375
1087.57,-2.85510693e-03,2.436990e-03,9.153965e-06,-7.6282535844e-11,3.9633e-02,1.0375
1088.07,-2.28531421e-03,2.272158e-03,9.587844e-06,-7.6291084561e-11,4.1315e-02,1.0375
1088.58,-1.74835339e-03,2.119516e-03,9.988518e-06,-7.6294748297e-11,4.3081e-02,1.0375
1089.09,-1.23493489e-03,1.987150e-03,1.035141e-05,-7.6297523854e-11,3.7962e-02,1.0375
1089.59,-7.53114294e-04,1.880204e-03,1.067699e-05,-7.6303963148e-11,3.6788e-02,1.0375
1090.10,-3.26652609e-04,1.799588e-03,1.097002e-05,-7.6317063780e-11,4.1205e-02,1.0375
1090.61,1.31672629e-05,1.742008e-03,1.123698e-05,-7.6343598110e-11,4.6378e-02,1.0375
1091.11,2.37257833e-04,1.702013e-03,1.148251e-05,-7.6378903202e-11,5.1713e-02,1.0375
1091.62,3.27044542e-04,1.675243e-03,1.170648e-05,-7.6410988648e-11,5.5909e-02,1.0375
1092.13,2.79940891e-04,1.660989e-03,1.190317e-05,-7.6436745822e-11,5.8749e-02,1.0375
1092.63,1.11350138e-04,1.662328e-03,1.206329e-05,-7.6455064502e-11,6.2128e-02,1.0375
1093.14,-1.47046821e-04,1.683842e-03,1.217797e-05,-7.6465500598e-11,6.6326e-02,1.0375
1093.65,-4.52104407e-04,1.727844e-03,1.224268e-05,-7.6470385579e-11,7.1521e-02,1.0375
1094.15,-7.55758701e-04,1.791574e-03,1.225935e-05,-7.6473050115e-11,7.4746e-02,1.0375
1094.66,-1.01158364e-03,1.867816e-03,1.223554e-05,-7.6476713851e-11,6.0032e-02,1.0375
1095.17,-1.18001781e-03,1.947560e-03,1.218110e-05,-7.6486705858e-11,3.7972e-02,1.0375
1095.68,-1.23181415e-03,2.022952e-03,1.210401e-05,-7.6495587642e-11,3.4545e-02,1.0375
1096.18,-1.14998376e-03,2.089304e-03,1.200727e-05,-7.6521899928e-11,4.1162e-02,1.0375
1096.69,-9.30781092e-04,2.145624e-03,1.188846e-05,-7.6587403086e-11,4.7078e-02,1.0375
1097.20,-5.83939082e-04,2.193741e-03,1.174192e-05,-7.6701200946e-11,4.9347e-02,1.0375
1097.70,-1.31873275e-04,2.236783e-03,1.156219e-05,-7.6859851816e-11,4.6173e-02,1.0375
1098.21,3.92869506e-04,2.277457e-03,1.134720e-05,-7.7046036218e-11,3.8489e-02,1.0375
1098.72,9.52069361e-04,2.316863e-03,1.109997e-05,-7.7215900340e-11,2.9192e-02,1.0375
1099.22,1.50779518e-03,2.354199e-03,1.082831e-05,-7.7362227735e-11,1.9654e-02,1.0375
1099.73,2.02777519e-03,2.387521e-03,1.054245e-05,-7.7479467286e-11,1.6141e-02,1.0375
1100.24,2.48820342e-03,2.415204e-03,1.025070e-05,-7.7576722823e-11,1.6422e-02,1.0375
1100.74,2.87261753e-03,2.437417e-03,9.954765e-06,-7.7661654885e-11,1.5712e-02,1.0375
1101.25,3.16824399e-03,2.456773e-03,9.647408e-06,-7.7745587745e-11,1.3881e-02,1.0375
1101.76,3.36219793e-03,2.477644e-03,9.314582e-06,-7.7837292167e-11,1.4374e-02,1.0375
1102.26,3.44112118e-03,2.504376e-03,8.941676e-06,-7.7953865585e-11,1.8442e-02,1.0375
1102.77,3.39563970e-03,2.539319e-03,8.520879e-06,-7.8102524448e-11,2.1739e-02,1.0375
1103.28,3.22735436e-03,2.581756e-03,8.056095e-06,-7.8144379856e-11,2.4219e-02,1.0500
1103.78,2.95466403e-03,2.628300e-03,7.563314e-06,-7.8144601900e-11,2.5799e-02,1.0500
1104.29,2.61355241e-03,2.674435e-03,7.066319e-06,-7.8145823146e-11,2.6399e-02,1.0500
1104.80,2.25246468e-03,2.716322e-03,6.589326e-06,-7.8146378257e-11,2.9190e-02,1.0500
1105.30,1.92316900e-03,2.752090e-03,6.149313e-06,-7.8147710525e-11,3.2821e-02,1.0500
1105.81,1.67060628e-03,2.782103e-03,5.751414e-06,-7.8149486882e-11,3.7084e-02,1.0500
1106.32,1.52481968e-03,2.808349e-03,5.389778e-06,-7.8149375859e-11,4.1990e-02,1.0500
1106.82,1.49742845e-03,2.833157e-03,5.053694e-06,-7.8151374261e-11,4.7462e-02,1.0500
1107.33,1.58269522e-03,2.857565e-03,4.736189e-06,-7.8152040395e-11,5.3348e-02,1.0500
1107.84,1.76021039e-03,2.880645e-03,4.441703e-06,-7.8152706529e-11,5.9500e-02,1.0500
1108.35,1.99680970e-03,2.898915e-03,4.189979e-06,-7.8153483685e-11,6.7078e-02,1.0500
1108.85,2.24988566e-03,2.907412e-03,4.013363e-06,-7.8154704930e-11,7.2395e-02,1.0500
1109.36,2.47592094e-03,2.901887e-03,3.944874e-06,-7.8155704131e-11,7.9321e-02,1.0500
1109.87,2.64245361e-03,2.881504e-03,3.999893e-06,-7.8156037198e-11,8.6206e-02,1.0500
1110.37,2.73560566e-03,2.850451e-03,4.164430e-06,-7.8157147421e-11,9.4852e-02,1.0500
1110.88,2.75807418e-03,2.817567e-03,4.401400e-06,-7.8158479688e-11,1.0222e-01,1.0500
1111.39,2.72145500e-03,2.793885e-03,4.668817e-06,-7.8159034800e-11,1.0749e-01,1.0500
1111.89,2.64062630e-03,2.789142e-03,4.935408e-06,-7.8161144224e-11,1.1441e-01,1.0500
1112.40,2.53268343e-03,2.809361e-03,5.186977e-06,-7.8160589112e-11,1.2129e-01,1.0500
1112.91,2.41647765e-03,2.856168e-03,5.424924e-06,-7.8161921380e-11,1.2893e-01,1.0500
1113.41,2.30905134e-03,2.927521e-03,5.660292e-06,-7.8162809558e-11,1.2075e-01,1.0500
1113.92,2.22039938e-03,3.018723e-03,5.906213e-06,-7.8163919781e-11,1.2754e-01,1.0500
1114.43,2.15117670e-03,3.122991e-03,6.171174e-06,-7.8164696937e-11,1.3431e-01,1.0500
1114.93,2.09629033e-03,3.231891e-03,6.454889e-06,-7.8166917383e-11,1.4106e-01,1.0500
1115.44,2.05318630e-03,3.336316e-03,6.747656e-06,-7.8167139428e-11,1.4778e-01,1.0500
1115.95,2.03051692e-03,3.428124e-03,7.032905e-06,-7.8167583517e-11,1.5448e-01,1.0500
1116.45,2.05212446e-03,3.501958e-03,7.291687e-06,-7.8168915785e-11,1.6117e-01,1.0500
1116.96,2.15236851e-03,3.556394e-03,7.507516e-06,-7.8168804762e-11,1.6782e-01,1.0500
1117.47,2.36160354e-03,3.593831e-03,7.670252e-06,-7.8169803963e-11,1.7446e-01,1.0500
1117.97,2.68457486e-03,3.619323e-03,7.778106e-06,-7.8170914186e-11,1.8117e-01,1.0500
1118.48,3.07917490e-03,3.638960e-03,7.837398e-06,-7.8173134632e-11,1.8794e-01,1.0500
1118.99,3.44872007e-03,3.658110e-03,7.860232e-06,-7.8188011621e-11,6.4885e-02,1.0500
1119.49,3.65750093e-03,3.679622e-03,7.861073e-06,-7.8189343888e-11,3.1058e-02,1.0500
1120.00,3.57145124e-03,3.703766e-03,7.853005e-06,-7.8189454911e-11,3.0845e-02,1.0500
1120.51,3.11100638e-03,3.729153e-03,7.844871e-06,-7.8190454111e-11,2.9604e-02,1.0500
1121.01,2.28716230e-03,3.753769e-03,7.839871e-06,-7.8191786379e-11,2.7957e-02,1.0500
1121.52,1.19955981e-03,3.775790e-03,7.835539e-06,-7.8192452513e-11,2.7416e-02,1.0500
1122.03,1.13842254e-06,3.794254e-03,7.824843e-06,-7.8194006825e-11,3.4579e-02,1.0500
1122.54,-1.14905465e-03,3.809254e-03,7.798506e-06,-7.8193562736e-11,4.1774e-02,1.0500
1123.04,-2.12470340e-03,3.821284e-03,7.748556e-06,-7.8194561937e-11,4.8957e-02,1.0500
1123.55,-2.84718224e-03,3.829978e-03,7.672279e-06,-7.8196338293e-11,5.6139e-02,1.0500
1124.06,-3.28254073e-03,3.833078e-03,7.574927e-06,-7.8196671360e-11,6.2794e-02,1.0500
1124.56,-3.43212356e-03,3.826387e-03,7.469575e-06,-7.8197448516e-11,6.9707e-02,1.0500
1125.07,-3.32144119e-03,3.805093e-03,7.373711e-06,-7.8199002829e-11,7.6633e-02,1.0500
1125.58,-2.99372734e-03,3.765712e-03,7.303970e-06,-7.8199446918e-11,8.3542e-02,1.0500
1126.08,-2.50695176e-03,3.706916e-03,7.271212e-06,-7.8201001230e-11,9.0433e-02,1.0500
1126.59,-1.93201265e-03,3.629920e-03,7.278225e-06,-7.8202222475e-11,9.7305e-02,1.0500
1127.10,-1.35023974e-03,3.538333e-03,7.320664e-06,-7.8202000431e-11,1.0416e-01,1.0500
1127.60,-8.45759743e-04,3.437113e-03,7.390359e-06,-7.8203443721e-11,1.1099e-01,1.0500
1128.11,-4.92855519e-04,3.331188e-03,7.478798e-06,-7.8204442922e-11,1.1781e-01,1.0500
1128.62,-3.41524869e-04,3.224444e-03,7.579449e-06,-7.8205553145e-11,1.2460e-01,1.0500
1129.12,-4.06040270e-04,3.119404e-03,7.688552e-06,-7.8205664167e-11,1.3138e-01,1.0500
1129.63,-6.62106974e-04,3.018021e-03,7.804669e-06,-7.8206663368e-11,1.3787e-01,1.0500
1130.14,-1.05441194e-03,2.922014e-03,7.927681e-06,-7.8208661769e-11,4.8895e-02,1.0500
1130.64,-1.51146477e-03,2.832850e-03,8.057896e-06,-7.8209105858e-11,4.0815e-02,1.0500
1131.15,-1.96200246e-03,2.751591e-03,8.195541e-06,-7.8209994037e-11,3.9480e-02,1.0500
1131.66,-2.34766055e-03,2.678058e-03,8.340501e-06,-7.8209771992e-11,3.7856e-02,1.0500
1132.16,-2.62922545e-03,2.609831e-03,8.492043e-06,-7.8211881416e-11,3.6536e-02,1.0500
1132.67,-2.78661971e-03,2.541817e-03,8.648449e-06,-7.8212547550e-11,4.2227e-02,1.0500
1133.18,-2.81453580e-03,2.466961e-03,8.806744e-06,-7.8212991639e-11,4.9208e-02,1.0500
1133.68,-2.71621367e-03,2.377888e-03,8.962762e-06,-7.8214212884e-11,5.6179e-02,1.0500
1134.19,-2.49735803e-03,2.269406e-03,9.111486e-06,-7.8215101063e-11,6.3135e-02,1.0500
1134.70,-2.16270142e-03,2.140710e-03,9.247854e-06,-7.8216766397e-11,7.0074e-02,1.0500
1135.20,-1.71741864e-03,1.996938e-03,9.367298e-06,-7.8217432531e-11,7.6997e-02,1.0500
1135.71,-1.17161517e-03,1.849384e-03,9.465723e-06,-7.8217321509e-11,8.3903e-02,1.0500
1136.22,-5.48110762e-04,1.714418e-03,9.539085e-06,-7.8219208888e-11,9.0790e-02,1.0500
1136.73,1.07065536e-04,1.610837e-03,9.583076e-06,-7.8220097066e-11,9.7659e-02,1.0500
1137.23,7.22393557e-04,1.555349e-03,9.593364e-06,-7.8221318311e-11,1.0451e-01,1.0500
1137.74,1.21105487e-03,1.557132e-03,9.566430e-06,-7.8220985245e-11,1.1138e-01,1.0500
1138.25,1.48842651e-03,1.614615e-03,9.500574e-06,-7.8222317512e-11,1.1830e-01,1.0500
1138.75,1.49675550e-03,1.717245e-03,9.396494e-06,-7.8222650579e-11,1.2525e-01,1.0500
1139.26,1.22826147e-03,1.850627e-03,9.257105e-06,-7.8223649780e-11,1.3214e-01,1.0500
1139.77,7.30327675e-04,2.001078e-03,9.086760e-06,-7.8225315114e-11,1.4036e-01,1.0500
1140.27,9.11903308e-05,2.157975e-03,8.890267e-06,-7.8253403757e-11,1.4570e-01,1.0500
1140.78,-5.84102102e-04,2.314349e-03,8.671824e-06,-7.8360429256e-11,1.5112e-01,1.0500
1141.29,-1.19799297e-03,2.466546e-03,8.433629e-06,-7.8444251095e-11,1.5428e-01,1.0500
1141.79,-1.67712832e-03,2.613277e-03,8.174250e-06,-7.8660189473e-11,3.7975e-02,1.0375
1142.30,-1.97761697e-03,2.754427e-03,7.887743e-06,-7.8675399529e-11,4.2858e-02,1.0375
1142.81,-2.08181398e-03,2.889782e-03,7.564902e-06,-7.8698492167e-11,4.8677e-02,1.0375
1143.31,-1.99262687e-03,3.019181e-03,7.197011e-06,-7.8720141516e-11,5.4873e-02,1.0375
1143.82,-1.72782386e-03,3.141487e-03,6.780737e-06,-7.8735240550e-11,6.0981e-02,1.0375
1144.33,-1.31432968e-03,3.254830e-03,6.321837e-06,-7.8742901088e-11,6.6927e-02,1.0375
1144.83,-7.84081043e-04,3.357307e-03,5.835778e-06,-7.8745787668e-11,7.3013e-02,1.0375
1145.34,-1.72394581e-04,3.447841e-03,5.344421e-06,-7.8748008114e-11,7.8918e-02,1.0375
1145.85,4.82934149e-04,3.526793e-03,4.869443e-06,-7.8752004917e-11,5.8950e-02,1.0375
1146.35,1.14378398e-03,3.595905e-03,4.424948e-06,-7.8764994527e-11,3.0557e-02,1.0375
1146.86,1.77508396e-03,3.657543e-03,4.013471e-06,-7.8787421032e-11,2.9823e-02,1.0500
1147.37,2.34663529e-03,3.713623e-03,3.629258e-06,-7.8787976143e-11,2.9638e-02,1.0500
1147.87,2.83195666e-03,3.764804e-03,3.268456e-06,-7.8788864322e-11,2.8459e-02,1.0500
1148.38,3.20638332e-03,3.810318e-03,2.941707e-06,-7.8790751701e-11,2.5103e-02,1.0500
1148.89,3.44673952e-03,3.848434e-03,2.682403e-06,-7.8791417835e-11,2.0725e-02,1.0500
1149.39,3.53220232e-03,3.877285e-03,2.541304e-06,-7.8792083968e-11,2.6403e-02,1.0500
1149.90,3.44633544e-03,3.895636e-03,2.558824e-06,-7.8793416236e-11,3.2726e-02,1.0500
1150.41,3.18227263e-03,3.903249e-03,2.730955e-06,-7.8793860325e-11,3.9598e-02,1.0500
1150.92,2.74892696e-03,3.900791e-03,3.009766e-06,-7.8795303615e-11,4.6901e-02,1.0500
1151.42,2.17396829e-03,3.889372e-03,3.336371e-06,-7.8797079972e-11,5.4140e-02,1.0500
1151.93,1.50164615e-03,3.869960e-03,3.666840e-06,-7.8797413039e-11,6.1348e-02,1.0500
1152.44,7.86446855e-04,3.843008e-03,3.979124e-06,-7.8797857128e-11,6.8127e-02,1.0500
1152.94,8.47126672e-05,3.808384e-03,4.269516e-06,-7.8798301217e-11,7.4954e-02,1.0500
1153.45,-5.53846057e-04,3.765630e-03,4.545074e-06,-7.8800077574e-11,8.1935e-02,1.0500
1153.96,-1.09264484e-03,3.714542e-03,4.815067e-06,-7.8800410641e-11,8.8827e-02,1.0500
1154.46,-1.51113615e-03,3.655627e-03,5.084117e-06,-7.8800965753e-11,9.5705e-02,1.0500
1154.97,-1.80459915e-03,3.590289e-03,5.349398e-06,-7.8802631087e-11,1.0256e-01,1.0500
1155.48,-1.98239162e-03,3.520566e-03,5.602449e-06,-7.8804296422e-11,1.0940e-01,1.0500
1155.98,-2.06532933e-03,3.448464e-03,5.833823e-06,-7.8804185399e-11,1.1622e-01,1.0500
1156.49,-2.08200039e-03,3.375078e-03,6.037697e-06,-7.8804518466e-11,1.2302e-01,1.0500
1157.00,-2.06375961e-03,3.299823e-03,6.214191e-06,-7.8805406645e-11,1.2980e-01,1.0500
1157.50,-2.03798433e-03,3.220132e-03,6.368562e-06,-7.8807627091e-11,1.3656e-01,1.0500
1158.01,-2.01953342e-03,3.131871e-03,6.507963e-06,-7.8807738113e-11,1.4330e-01,1.0500
1158.52,-2.00215159e-03,3.030511e-03,6.637533e-06,-7.8808737314e-11,1.5002e-01,1.0500
1159.02,-1.95387883e-03,2.912744e-03,6.757872e-06,-7.8808737314e-11,1.5671e-01,1.0500
1159.53,-1.82145880e-03,2.778067e-03,6.865157e-06,-7.8811290827e-11,1.6343e-01,1.0500
1160.04,-1.54693020e-03,2.629550e-03,6.953580e-06,-7.8810735715e-11,1.7022e-01,1.0500
1160.54,-1.09518778e-03,2.473394e-03,7.018612e-06,-7.8812734117e-11,1.7705e-01,1.0500
1161.05,-4.85601799e-04,2.317549e-03,7.059468e-06,-7.8927642200e-11,1.8203e-01,1.0500
1161.56,1.85251412e-04,2.170187e-03,7.079902e-06,-7.9029893740e-11,1.8455e-01,1.0437
1162.06,7.47243911e-04,2.038879e-03,7.087337e-06,-7.9212081339e-11,1.2604e-01,1.0375
1162.57,1.00046553e-03,1.930723e-03,7.090828e-06,-7.9213302584e-11,1.3299e-01,1.0375
1163.08,7.91914307e-04,1.852229e-03,7.098465e-06,-7.9214967919e-11,1.3991e-01,1.0375
1163.58,8.73560315e-05,1.808687e-03,7.115097e-06,-7.9215189963e-11,1.4681e-01,1.0375
1164.09,-1.00872444e-03,1.801644e-03,7.141327e-06,-7.9215078941e-11,1.5368e-01,1.0375
1164.60,-2.29844588e-03,1.827453e-03,7.174397e-06,-7.9216411208e-11,1.6053e-01,1.0375
1165.11,-3.56529167e-03,1.877443e-03,7.210648e-06,-7.9218187565e-11,1.6736e-01,1.0375
1165.61,-4.63520350e-03,1.940948e-03,7.248336e-06,-7.9218742677e-11,1.7416e-01,1.0375
1166.12,-5.39791926e-03,2.008616e-03,7.289238e-06,-7.9219519833e-11,1.8089e-01,1.0375
1166.63,-5.80036195e-03,2.075305e-03,7.338122e-06,-7.9220074944e-11,1.8743e-01,1.0375
1167.13,-5.83256211e-03,2.140978e-03,7.400438e-06,-7.9221740279e-11,1.9395e-01,1.0375
1167.64,-5.51669949e-03,2.209592e-03,7.479699e-06,-7.9222184368e-11,3.8956e-02,1.0375
1168.15,-4.90387164e-03,2.286276e-03,7.576153e-06,-7.9342643566e-11,2.0303e-02,1.0500
1168.65,-4.07418791e-03,2.374052e-03,7.687279e-06,-7.9530604324e-11,2.6268e-02,1.0500
1169.16,-3.13368542e-03,2.472007e-03,7.809341e-06,-8.0380591072e-11,2.6153e-02,1.0500
1169.67,-2.20298889e-03,2.575712e-03,7.938767e-06,-8.0619622089e-11,2.2979e-02,1.0625
1170.17,-1.39704359e-03,2.679346e-03,8.072698e-06,-8.0618955955e-11,1.8240e-02,1.0625
1170.68,-8.01978690e-04,2.778098e-03,8.208866e-06,-8.0620399245e-11,1.8858e-02,1.0625
1171.19,-4.58786667e-04,2.869557e-03,8.345381e-06,-8.0622064580e-11,2.5785e-02,1.0625
1171.69,-3.60846798e-04,2.953513e-03,8.480861e-06,-8.0622175602e-11,3.2649e-02,1.0625
1172.20,-4.62548458e-04,3.030531e-03,8.614993e-06,-8.0622952758e-11,3.9494e-02,1.0625
1172.71,-6.91293210e-04,3.100299e-03,8.749178e-06,-8.0722872831e-11,4.6107e-02,1.0625
1173.21,-9.59410135e-04,3.160688e-03,8.886774e-06,-8.0970896654e-11,5.2526e-02,1.0563
1173.72,-1.17678745e-03,3.208083e-03,9.032509e-06,-8.1144424513e-11,5.8529e-02,1.0625
1174.23,-1.26514765e-03,3.238365e-03,9.190989e-06,-8.1177731204e-11,6.4867e-02,1.0625
1174.73,-1.17177590e-03,3.248392e-03,9.364559e-06,-8.1239348582e-11,7.0365e-02,1.0625
1175.24,-8.78419871e-04,3.237333e-03,9.551097e-06,-8.1475159952e-11,7.4961e-02,1.0500
1175.75,-4.02929442e-04,3.207483e-03,9.742865e-06,-8.1475159952e-11,8.1934e-02,1.0500
1176.25,2.05387439e-04,3.164283e-03,9.927254e-06,-8.1476714264e-11,8.8865e-02,1.0500
1176.76,8.74270563e-04,3.115453e-03,1.008975e-05,-8.1477269376e-11,9.5764e-02,1.0500
1177.27,1.51957030e-03,3.069131e-03,1.021816e-05,-8.1478046532e-11,1.0262e-01,1.0500
1177.77,2.05868336e-03,3.031793e-03,1.030622e-05,-8.1479600844e-11,1.0946e-01,1.0500
1178.28,2.42518288e-03,3.006793e-03,1.035501e-05,-8.1480044933e-11,1.1629e-01,1.0500
1178.79,2.58133827e-03,2.994042e-03,1.037176e-05,-8.1481599246e-11,1.2309e-01,1.0500
1179.30,2.52474010e-03,2.990753e-03,1.036650e-05,-8.1482598446e-11,1.2987e-01,1.0500
1179.80,2.28731254e-03,2.992759e-03,1.034824e-05,-8.1482709469e-11,1.3663e-01,1.0500
1180.31,1.92756856e-03,2.995923e-03,1.032196e-05,-8.1483597647e-11,1.4337e-01,1.0500
1180.82,1.51834827e-03,2.996732e-03,1.028729e-05,-8.1484929915e-11,1.5008e-01,1.0500
1181.32,1.13284848e-03,2.992429e-03,1.023877e-05,-8.1485818093e-11,1.5678e-01,1.0500
1181.83,8.32162248e-04,2.981574e-03,1.016720e-05,-8.1486151160e-11,1.6345e-01,1.0500
1182.34,6.57286990e-04,2.964508e-03,1.006160e-05,-8.1487483428e-11,1.7014e-01,1.0500
1182.84,6.26908733e-04,2.943420e-03,9.911324e-06,-8.1488149561e-11,1.7688e-01,1.0500
1183.35,7.39929586e-04,2.921986e-03,9.708169e-06,-8.1491591253e-11,1.8368e-01,1.0500
1183.86,9.80147209e-04,2.904333e-03,9.447830e-06,-8.1576523314e-11,1.8875e-01,1.0500
1184.36,1.32043847e-03,2.894029e-03,9.130617e-06,-8.1688100728e-11,1.8875e-01,1.0500
1184.87,1.72499489e-03,2.893373e-03,8.761176e-06,-8.1863849033e-11,8.5550e-02,1.0375
1185.38,2.14989042e-03,2.903103e-03,8.347599e-06,-8.1865181301e-11,9.5090e-02,1.0375
1185.88,2.54375102e-03,2.922454e-03,7.900624e-06,-8.1866513568e-11,6.6185e-02,1.0375
1186.39,2.85083077e-03,2.949774e-03,7.433297e-06,-8.2096107690e-11,3.7384e-02,1.0375
1186.90,3.01816539e-03,2.983162e-03,6.960304e-06,-8.2223117204e-11,4.6838e-02,1.0500
1187.40,3.00678678e-03,3.020994e-03,6.495250e-06,-8.2420292813e-11,5.1209e-02,1.0500
1187.91,2.80405111e-03,3.062439e-03,6.045151e-06,-8.2751250297e-11,5.2475e-02,1.0625
1188.42,2.43113149e-03,3.107669e-03,5.604767e-06,-8.2752027453e-11,5.0237e-02,1.0625
1188.92,1.94034601e-03,3.157246e-03,5.155751e-06,-8.2753359720e-11,4.4803e-02,1.0625
1189.43,1.40287064e-03,3.210848e-03,4.673454e-06,-8.2753359720e-11,3.7483e-02,1.0625
1189.94,8.93670076e-04,3.266148e-03,4.138843e-06,-8.2754580966e-11,3.1443e-02,1.0625
1190.44,4.80468536e-04,3.318611e-03,3.550472e-06,-8.2755913233e-11,3.8419e-02,1.0625
1190.95,2.17626897e-04,3.362428e-03,2.934109e-06,-8.2756579367e-11,4.5394e-02,1.0625
1191.46,1.41337956e-04,3.392175e-03,2.352489e-06,-8.2757467545e-11,5.2411e-02,1.0625
1191.96,2.64134137e-04,3.404426e-03,1.918172e-06,-8.2794104905e-11,5.8775e-02,1.0625
1192.47,5.70814613e-04,3.398625e-03,1.774931e-06,-8.2829298975e-11,6.5562e-02,1.0625
1192.98,1.01954548e-03,3.376898e-03,1.966636e-06,-8.2977291704e-11,7.2127e-02,1.0625
1193.49,1.54998059e-03,3.342997e-03,2.378600e-06,-8.3262063910e-11,7.8088e-02,1.0563
1193.99,2.09628830e-03,3.300928e-03,2.892301e-06,-8.3338336232e-11,8.3813e-02,1.0625
1194.50,2.60010213e-03,3.253918e-03,3.452275e-06,-8.3400508721e-11,8.8965e-02,1.0625
1195.01,3.01940512e-03,3.204040e-03,4.038941e-06,-8.3628437508e-11,7.4869e-02,1.0500
1195.51,3.33253240e-03,3.152461e-03,4.641923e-06,-8.3630546932e-11,8.1150e-02,1.0500
1196.02,3.53793754e-03,3.099946e-03,5.248834e-06,-8.3629769776e-11,8.1980e-02,1.0500
1196.53,3.64988201e-03,3.047211e-03,5.844732e-06,-8.3630991021e-11,8.6854e-02,1.0500
1197.03,3.69047697e-03,2.994978e-03,6.416338e-06,-8.3631546133e-11,9.3522e-02,1.0500
1197.54,3.68033150e-03,2.943793e-03,6.956219e-06,-8.3632323289e-11,1.0039e-01,1.0500
1198.05,3.63147361e-03,2.893772e-03,7.464260e-06,-8.3633211467e-11,1.0724e-01,1.0500
1198.55,3.54536778e-03,2.844424e-03,7.945906e-06,-8.3634210668e-11,1.1407e-01,1.0500
1199.06,3.41612785e-03,2.794642e-03,8.408245e-06,-8.3635098846e-11,1.2088e-01,1.0500
1199.57,3.23644722e-03,2.742854e-03,8.855793e-06,-8.3635431913e-11,1.2767e-01,1.0500
1200.07,3.00301202e-03,2.687356e-03,9.287906e-06,-8.3637430315e-11,1.3444e-01,1.0500
1200.58,2.71924797e-03,2.626563e-03,9.698923e-06,-8.3638540538e-11,1.4119e-01,1.0500
1201.09,2.39501559e-03,2.559741e-03,1.008077e-05,-8.3639206672e-11,1.4792e-01,1.0500
1201.59,2.04421236e-03,2.486914e-03,1.042654e-05,-8.3639983828e-11,1.5462e-01,1.0500
1202.10,1.68174344e-03,2.408627e-03,1.073321e-05,-8.3640205872e-11,1.6130e-01,1.0500
1202.61,1.32107911e-03,2.326136e-03,1.100235e-05,-8.3642315296e-11,1.6797e-01,1.0500
1203.11,9.72976229e-04,2.241808e-03,1.123848e-05,-8.3642204274e-11,1.7460e-01,1.0500
1203.62,6.45299104e-04,2.159558e-03,1.144622e-05,-8.3642648363e-11,1.8122e-01,1.0500
1204.13,3.43480422e-04,2.085015e-03,1.162760e-05,-8.3644535742e-11,1.8781e-01,1.0500
1204.63,7.10681516e-05,2.025423e-03,1.178104e-05,-8.3645090854e-11,1.9437e-01,1.0500
1205.14,-1.70028607e-04,1.988366e-03,1.190227e-05,-8.3646756188e-11,2.0097e-01,1.0500
1205.65,-3.79601510e-04,1.979046e-03,1.198670e-05,-8.3647311300e-11,1.3697e-01,1.0500
1206.16,-5.58973439e-04,1.997781e-03,1.203160e-05,-8.3647755389e-11,1.8931e-02,1.0500
1206.66,-7.09540841e-04,2.039388e-03,1.203721e-05,-8.3649975835e-11,1.7115e-02,1.0500
1207.17,-8.28971550e-04,2.095015e-03,1.200628e-05,-8.3649975835e-11,2.2467e-02,1.0500
1207.68,-9.05064752e-04,2.155304e-03,1.194258e-05,-8.3651419125e-11,2.8206e-02,1.0500
1208.18,-9.09442094e-04,2.213169e-03,1.184915e-05,-8.3651641170e-11,3.5201e-02,1.0500
1208.69,-7.95679391e-04,2.265324e-03,1.172738e-05,-8.3653084459e-11,4.2200e-02,1.0500
1209.20,-5.07672846e-04,2.312408e-03,1.157715e-05,-8.3653639571e-11,4.9186e-02,1.0500
1209.70,-2.24775626e-06,2.357844e-03,1.139804e-05,-8.3655304906e-11,5.6156e-02,1.0500
1210.21,7.15822896e-04,2.405966e-03,1.119082e-05,-8.3655304906e-11,6.3111e-02,1.0500
1210.72,1.55798619e-03,2.459858e-03,1.095837e-05,-8.3656193084e-11,7.0050e-02,1.0500
1211.22,2.33820861e-03,2.519898e-03,1.070538e-05,-8.3656970240e-11,7.6973e-02,1.0500
1211.73,2.80724722e-03,2.583863e-03,1.043696e-05,-8.3657969441e-11,8.3877e-02,1.0500
1212.24,2.74005653e-03,2.648344e-03,1.015674e-05,-8.3657747396e-11,9.0764e-02,1.0500
1212.74,2.03625512e-03,2.710891e-03,9.865365e-06,-8.3659967842e-11,9.7699e-02,1.0500
1213.25,7.69648530e-04,2.770928e-03,9.560497e-06,-8.3660411931e-11,1.0465e-01,1.0500
1213.76,-8.39393028e-04,2.829193e-03,9.238215e-06,-8.3662077266e-11,1.1162e-01,1.0500
1214.26,-2.50931286e-03,2.885870e-03,8.895507e-06,-8.3663298511e-11,1.1861e-01,1.0500
1214.77,-3.99472505e-03,2.938530e-03,8.532579e-06,-8.3663298511e-11,1.2651e-01,1.0500
1215.28,-5.13990008e-03,2.981115e-03,8.153839e-06,-8.3732354383e-11,1.3225e-01,1.0437
1215.78,-5.87702052e-03,3.004715e-03,7.767045e-06,-8.3956286367e-11,1.3782e-01,1.0437
1216.29,-6.20220521e-03,3.000068e-03,7.380661e-06,-8.4040663317e-11,1.4198e-01,1.0500
1216.80,-6.15291718e-03,2.960816e-03,7.000959e-06,-8.4271922773e-11,1.0273e-01,1.0375
1217.30,-5.79161444e-03,2.886284e-03,6.630495e-06,-8.4272588907e-11,1.0693e-01,1.0375
1217.81,-5.19577237e-03,2.782870e-03,6.268961e-06,-8.4272588907e-11,1.1395e-01,1.0375
1218.32,-4.45236213e-03,2.663331e-03,5.916227e-06,-8.4274143219e-11,1.1614e-01,1.0375
1218.82,-3.65414342e-03,2.543833e-03,5.576071e-06,-8.4275808554e-11,3.3047e-02,1.0375
1219.33,-2.89273894e-03,2.439584e-03,5.258569e-06,-8.4281359669e-11,3.6529e-02,1.0500
1219.84,-2.24794130e-03,2.360711e-03,4.979519e-06,-8.4287132829e-11,4.2974e-02,1.0500
1220.35,-1.77491843e-03,2.311030e-03,4.756488e-06,-8.4289353275e-11,4.4217e-02,1.0500
1220.85,-1.49389264e-03,2.290114e-03,4.602719e-06,-8.4290352476e-11,4.0181e-02,1.0500
1221.36,-1.38747998e-03,2.296292e-03,4.521894e-06,-8.4290352476e-11,3.3599e-02,1.0500
1221.87,-1.40840795e-03,2.327979e-03,4.507127e-06,-8.4292350877e-11,2.5718e-02,1.0500
1222.37,-1.49445818e-03,2.382627e-03,4.544810e-06,-8.4292461899e-11,1.9905e-02,1.0500
1222.88,-1.58562001e-03,2.454807e-03,4.621287e-06,-8.4295015412e-11,2.2852e-02,1.0500
1223.39,-1.63817966e-03,2.535687e-03,4.728055e-06,-8.4296014613e-11,2.9504e-02,1.0500
1223.89,-1.63329363e-03,2.614753e-03,4.862763e-06,-8.4298457104e-11,3.6447e-02,1.0500
1224.40,-1.57771329e-03,2.682923e-03,5.026217e-06,-8.4297901992e-11,4.3720e-02,1.0500
1224.91,-1.49684290e-03,2.735166e-03,5.217746e-06,-8.4299123237e-11,5.0460e-02,1.0500
1225.41,-1.42238431e-03,2.771596e-03,5.432149e-06,-8.4300122438e-11,5.7128e-02,1.0500
1225.92,-1.38085293e-03,2.796809e-03,5.660129e-06,-8.4301787773e-11,6.4045e-02,1.0500
1226.43,-1.38858294e-03,2.817779e-03,5.891546e-06,-8.4302675951e-11,7.1018e-02,1.0500
1226.93,-1.45307828e-03,2.841239e-03,6.119019e-06,-8.4304119241e-11,7.8013e-02,1.0500
1227.44,-1.57468308e-03,2.871605e-03,6.339442e-06,-8.4304785375e-11,8.4662e-02,1.0500
1227.95,-1.74496739e-03,2.910314e-03,6.552430e-06,-8.4305451509e-11,9.0370e-02,1.0500
1228.45,-1.94317511e-03,2.956491e-03,6.756623e-06,-8.4306006620e-11,9.6600e-02,1.0500
1228.96,-2.13706400e-03,3.008816e-03,6.946326e-06,-8.4307449910e-11,1.0346e-01,1.0500
1229.47,-2.29105750e-03,3.066959e-03,7.110778e-06,-8.4308116044e-11,1.1030e-01,1.0500
1229.97,-2.37724823e-03,3.131312e-03,7.236867e-06,-8.4308338089e-11,1.1712e-01,1.0500
1230.48,-2.38315168e-03,3.201739e-03,7.313833e-06,-8.4310003423e-11,1.2392e-01,1.0500
1230.99,-2.31169084e-03,3.276235e-03,7.337733e-06,-8.4310003423e-11,1.3070e-01,1.0500
1231.49,-2.17396625e-03,3.350190e-03,7.313988e-06,-8.4311446713e-11,1.3746e-01,1.0500
1232.00,-1.98012893e-03,3.416916e-03,7.257043e-06,-8.4312112847e-11,1.4419e-01,1.0500
1232.51,-1.73334629e-03,3.469408e-03,7.186851e-06,-8.4313778181e-11,1.5091e-01,1.0500
1233.01,-1.42993102e-03,3.502529e-03,7.122717e-06,-8.4313556137e-11,1.5760e-01,1.0500
1233.52,-1.06518577e-03,3.514729e-03,7.076320e-06,-8.4314444315e-11,1.6427e-01,1.0500
1234.03,-6.41804355e-04,3.508480e-03,7.047217e-06,-8.4315776583e-11,1.7092e-01,1.0500
1234.54,-1.76762296e-04,3.489280e-03,7.023897e-06,-8.4317330895e-11,1.7755e-01,1.0500
1235.04,2.96680616e-04,3.463701e-03,6.990347e-06,-8.4317663962e-11,1.8419e-01,1.0500
1235.55,7.33340733e-04,3.437196e-03,6.934605e-06,-8.4319329297e-11,1.9092e-01,1.0500
1236.06,1.08593715e-03,3.412615e-03,6.854927e-06,-8.4366957864e-11,1.9711e-01,1.0437
1236.56,1.31729665e-03,3.390126e-03,6.760928e-06,-8.4456219795e-11,2.0008e-01,1.0500
1237.07,1.41069415e-03,3.368387e-03,6.669667e-06,-8.4678819512e-11,9.7207e-02,1.0375
1237.58,1.37467899e-03,3.345915e-03,6.598812e-06,-8.4680928936e-11,1.0850e-01,1.0375
1238.08,1.24102487e-03,3.321585e-03,6.560399e-06,-8.4681262003e-11,1.3627e-01,1.0375
1238.59,1.05726108e-03,3.294406e-03,6.558423e-06,-8.4682261203e-11,1.4411e-01,1.0375
1239.10,8.76960776e-04,3.262549e-03,6.591156e-06,-8.4683371426e-11,1.0744e-01,1.0375
1239.60,7.50893383e-04,3.222676e-03,6.656088e-06,-8.4684259605e-11,1.1120e-01,1.0375
1240.11,7.20626796e-04,3.170099e-03,6.754035e-06,-8.4685036761e-11,1.1820e-01,1.0375
1240.62,8.14555197e-04,3.099745e-03,6.889675e-06,-8.4685369828e-11,1.2518e-01,1.0375
1241.12,1.04486191e-03,3.007621e-03,7.067769e-06,-8.4687368229e-11,1.3212e-01,1.0375
1241.63,1.40469911e-03,2.892323e-03,7.287122e-06,-8.4687812318e-11,1.3905e-01,1.0375
1242.14,1.86522311e-03,2.756099e-03,7.536364e-06,-8.4689033564e-11,1.4595e-01,1.0375
1242.64,2.37335785e-03,2.605058e-03,7.795298e-06,-8.4690254809e-11,1.5283e-01,1.0375
1243.15,2.85466027e-03,2.448300e-03,8.041705e-06,-8.4691031965e-11,1.5968e-01,1.0375
1243.66,3.22314551e-03,2.295884e-03,8.259755e-06,-8.4691254010e-11,1.6651e-01,1.0375
1244.16,3.39884436e-03,2.156283e-03,8.445548e-06,-8.4693474456e-11,1.7331e-01,1.0375
1244.67,3.32895805e-03,2.034511e-03,8.607119e-06,-8.4693252411e-11,3.7838e-02,1.0375
1245.18,3.00401782e-03,1.931995e-03,8.759060e-06,-8.4695250813e-11,2.5690e-02,1.0375
1245.68,2.46151846e-03,1.848392e-03,8.914244e-06,-8.4697138192e-11,2.5424e-02,1.0375
1246.19,1.77506817e-03,1.784170e-03,9.076733e-06,-8.4700912950e-11,2.5449e-02,1.0375
1246.70,1.03434905e-03,1.742021e-03,9.239825e-06,-8.4707463266e-11,2.5503e-02,1.0375
1247.20,3.24570266e-04,1.725734e-03,9.390133e-06,-8.4715900961e-11,2.8333e-02,1.0375
1247.71,-2.87754633e-04,1.737095e-03,9.514693e-06,-8.4724227634e-11,3.4477e-02,1.0375
1248.22,-7.60367197e-04,1.773336e-03,9.606619e-06,-8.4730999994e-11,4.1297e-02,1.0375
1248.73,-1.07360140e-03,1.827531e-03,9.666320e-06,-8.4735218842e-11,4.8222e-02,1.0375
1249.23,-1.22453210e-03,1.892205e-03,9.698044e-06,-8.4737106221e-11,5.5294e-02,1.0375
1249.74,-1.21987057e-03,1.962995e-03,9.704334e-06,-8.4739104622e-11,5.8448e-02,1.0375
1250.25,-1.06985812e-03,2.040851e-03,9.682264e-06,-8.4739770756e-11,3.0352e-02,1.0375
1250.75,-7.84927732e-04,2.130020e-03,9.623721e-06,-8.4742546314e-11,1.5966e-02,1.0375
1251.26,-3.76551172e-04,2.234492e-03,9.519868e-06,-8.4745876983e-11,1.5372e-02,1.0375
1251.77,1.37086469e-04,2.354658e-03,9.366375e-06,-8.4753315477e-11,1.5417e-02,1.0375
1252.27,7.21701966e-04,2.486407e-03,9.166518e-06,-8.4758755570e-11,1.8831e-02,1.0375
1252.78,1.31779345e-03,2.622904e-03,8.930377e-06,-8.4765416908e-11,2.2747e-02,1.0375
1253.29,1.83842557e-03,2.757531e-03,8.670539e-06,-8.4771190068e-11,2.6774e-02,1.0375
1253.79,2.18035350e-03,2.886078e-03,8.396600e-06,-8.4773743581e-11,2.9701e-02,1.0375
1254.30,2.24952063e-03,3.007381e-03,8.111345e-06,-8.4778073450e-11,3.6799e-02,1.0375
1254.81,1.99263439e-03,3.122340e-03,7.810940e-06,-8.4796392130e-11,4.5244e-02,1.0375
1255.31,1.41967321e-03,3.232365e-03,7.488731e-06,-8.4835805048e-11,4.7797e-02,1.0375
1255.82,6.04902690e-04,3.338131e-03,7.140655e-06,-8.4874773876e-11,5.1265e-02,1.0375
1256.33,-3.34104744e-04,3.439243e-03,6.769316e-06,-8.4905416031e-11,5.6336e-02,1.0375
1256.83,-1.26809242e-03,3.534744e-03,6.384650e-06,-8.4922957555e-11,6.3343e-02,1.0375
1257.34,-2.08420089e-03,3.623993e-03,6.000820e-06,-8.4930840138e-11,6.8727e-02,1.0375
1257.85,-2.70246803e-03,3.707275e-03,5.630509e-06,-8.4932394451e-11,6.9824e-02,1.0375
1258.35,-3.08042865e-03,3.785745e-03,5.279387e-06,-8.4931950362e-11,7.5280e-02,1.0375
1258.86,-3.21031611e-03,3.860817e-03,4.944318e-06,-8.4934170808e-11,8.0793e-02,1.0375
1259.37,-3.11334914e-03,3.933407e-03,4.617323e-06,-8.4935058986e-11,8.2237e-02,1.0375
1259.87,-2.83284416e-03,4.003117e-03,4.293865e-06,-8.4936502276e-11,6.8400e-02,1.0375
1260.38,-2.42765529e-03,4.068942e-03,3.981363e-06,-8.4937723521e-11,5.8061e-02,1.0375
1260.89,-1.96584166e-03,4.129648e-03,3.703309e-06,-8.4938722722e-11,5.6516e-02,1.0375
1261.39,-1.51684752e-03,4.184399e-03,3.495126e-06,-8.4940943168e-11,6.1611e-02,1.0375
1261.90,-1.14179075e-03,4.233169e-03,3.390120e-06,-8.4941609302e-11,6.8220e-02,1.0375
1262.41,-8.82621321e-04,4.276773e-03,3.401425e-06,-8.4942497480e-11,7.5199e-02,1.0375
1262.92,-7.53452239e-04,4.316905e-03,3.514068e-06,-8.4943163614e-11,8.2307e-02,1.0375
1263.42,-7.38716373e-04,4.353870e-03,3.696744e-06,-8.4944828949e-11,8.9426e-02,1.0375
1263.93,-8.00020934e-04,4.385565e-03,3.920307e-06,-8.4943718726e-11,9.5421e-02,1.0375
1264.44,-8.89270764e-04,4.407933e-03,4.167873e-06,-8.4946272239e-11,4.6053e-02,1.0375
1264.94,-9.62192460e-04,4.415454e-03,4.433929e-06,-8.4947604506e-11,3.2662e-02,1.0375
1265.45,-9.85894945e-04,4.402875e-03,4.717124e-06,-8.4947937573e-11,2.5660e-02,1.0375
1265.96,-9.37290106e-04,4.366214e-03,5.012783e-06,-8.4951268242e-11,1.7138e-02,1.0375
1266.46,-7.94878554e-04,4.303815e-03,5.309666e-06,-8.4955376067e-11,1.7954e-02,1.0375
1266.97,-5.31332580e-04,4.216729e-03,5.591964e-06,-8.4959816959e-11,2.2026e-02,1.0375
1267.48,-1.12993490e-04,4.108736e-03,5.844299e-06,-8.4965701141e-11,2.5880e-02,1.0375
1267.98,4.90572266e-04,3.985895e-03,6.056760e-06,-8.4970697145e-11,2.9368e-02,1.0375
1268.49,1.28632313e-03,3.855470e-03,6.227761e-06,-8.4979578929e-11,2.9051e-02,1.0375
1269.00,2.23559114e-03,3.724530e-03,6.363694e-06,-8.5015550155e-11,2.5054e-02,1.0375
1269.50,3.23934099e-03,3.599122e-03,6.475524e-06,-8.5074502998e-11,2.6650e-02,1.0375
1270.01,4.13697630e-03,3.483515e-03,6.573562e-06,-8.5143336825e-11,3.1251e-02,1.0375
1270.52,4.73688220e-03,3.379921e-03,6.662673e-06,-8.5186302456e-11,3.7309e-02,1.0375
1271.02,4.88214136e-03,3.288341e-03,6.740354e-06,-8.5211615541e-11,4.0351e-02,1.0375
1271.53,4.51456256e-03,3.206449e-03,6.798882e-06,-8.5236151470e-11,4.2385e-02,1.0375
1272.04,3.69853125e-03,3.129855e-03,6.830434e-06,-8.5257911842e-11,4.4736e-02,1.0375
1272.54,2.59703586e-03,3.053230e-03,6.832336e-06,-8.5273899053e-11,4.6766e-02,1.0375
1273.05,1.41773918e-03,2.971979e-03,6.809627e-06,-8.5287887863e-11,4.9744e-02,1.0375
1273.56,3.56658034e-04,2.883818e-03,6.773692e-06,-8.5303208941e-11,4.8934e-02,1.0375
1274.06,-4.39741521e-04,2.789621e-03,6.737723e-06,-8.5338847100e-11,4.4147e-02,1.0375
1274.57,-8.86415756e-04,2.692996e-03,6.711444e-06,-8.5378260017e-11,4.4035e-02,1.0375
1275.08,-9.52152549e-04,2.599254e-03,6.697984e-06,-8.5409679329e-11,4.8567e-02,1.0375
1275.58,-6.46759525e-04,2.514396e-03,6.694586e-06,-8.5430107433e-11,5.6760e-02,1.0375
1276.09,-1.14626167e-05,2.443196e-03,6.696487e-06,-8.5435325481e-11,6.5012e-02,1.0375
1276.60,8.84546126e-04,2.388623e-03,6.701525e-06,-8.5438212061e-11,7.1230e-02,1.0375
1277.11,1.93970665e-03,2.351520e-03,6.712929e-06,-8.5442208864e-11,7.0261e-02,1.0375
1277.61,3.01636589e-03,2.330850e-03,6.738960e-06,-8.5445872600e-11,5.8541e-02,1.0375
1278.12,3.95331100e-03,2.324665e-03,6.789614e-06,-8.5449869403e-11,3.5800e-02,1.0375
1278.63,4.59622916e-03,2.330140e-03,6.872011e-06,-8.5463858213e-11,2.8080e-02,1.0375
1279.13,4.83497939e-03,2.343818e-03,6.987039e-06,-8.5467521949e-11,2.8917e-02,1.0500
1279.64,4.63799473e-03,2.361850e-03,7.129285e-06,-8.5469076261e-11,3.0037e-02,1.0500
1280.15,4.06847525e-03,2.380416e-03,7.290298e-06,-8.5469964439e-11,2.8524e-02,1.0500
1280.65,3.26555163e-03,2.396220e-03,7.462953e-06,-8.5471296707e-11,2.5112e-02,1.0500
1281.16,2.39877114e-03,2.407062e-03,7.644054e-06,-8.5471962841e-11,2.0692e-02,1.0500
1281.67,1.62489891e-03,2.412433e-03,7.833748e-06,-8.5473850220e-11,2.5025e-02,1.0500
1282.17,1.06427931e-03,2.413888e-03,8.032491e-06,-8.5472739997e-11,3.1960e-02,1.0500
1282.68,7.94454555e-04,2.414888e-03,8.237960e-06,-8.5475071465e-11,3.9091e-02,1.0500
1283.19,8.52237732e-04,2.419861e-03,8.444226e-06,-8.5475626577e-11,4.5755e-02,1.0500
1283.69,1.23341751e-03,2.432591e-03,8.643852e-06,-8.5477180889e-11,5.2330e-02,1.0500
1284.20,1.88287327e-03,2.454644e-03,8.831541e-06,-8.5477402934e-11,5.9515e-02,1.0500
1284.71,2.68269525e-03,2.484730e-03,9.006955e-06,-8.5478957246e-11,6.6614e-02,1.0500
1285.21,3.45519909e-03,2.519375e-03,9.175018e-06,-8.5479845424e-11,7.3461e-02,1.0500
1285.72,3.99224607e-03,2.554502e-03,9.343532e-06,-8.5480844625e-11,7.9212e-02,1.0500
1286.23,4.11094956e-03,2.586972e-03,9.519310e-06,-8.5480844625e-11,6.1104e-02,1.0500
1286.73,3.71835659e-03,2.615327e-03,9.704731e-06,-8.5481843826e-11,5.4492e-02,1.0500
1287.24,2.85019429e-03,2.639620e-03,9.896340e-06,-8.5484175294e-11,5.9021e-02,1.0500
1287.75,1.65633092e-03,2.660504e-03,1.008613e-05,-8.5483731205e-11,6.5650e-02,1.0500
1288.25,3.43916649e-04,2.678124e-03,1.026475e-05,-8.5485396539e-11,7.2703e-02,1.0500
1288.76,-8.87823248e-04,2.691326e-03,1.042495e-05,-8.5485840629e-11,7.9656e-02,1.0500
1289.27,-1.89203292e-03,2.697508e-03,1.056350e-05,-8.5487172896e-11,8.6626e-02,1.0500
1289.78,-2.58782099e-03,2.693301e-03,1.068068e-05,-8.5487728008e-11,9.3546e-02,1.0500
1290.28,-2.95186785e-03,2.675839e-03,1.077777e-05,-8.5488838231e-11,1.0041e-01,1.0500
1290.79,-3.00447612e-03,2.644138e-03,1.085407e-05,-8.5489282320e-11,1.0726e-01,1.0500
1291.30,-2.79910203e-03,2.600000e-03,1.090545e-05,-8.5490281521e-11,1.1408e-01,1.0500
1291.80,-2.41432007e-03,2.547942e-03,1.092533e-05,-8.5490947654e-11,1.2089e-01,1.0500
1292.31,-1.94549766e-03,2.494017e-03,1.090774e-05,-8.5491724811e-11,1.2768e-01,1.0500
1292.82,-1.49497533e-03,2.443879e-03,1.085028e-05,-8.5492057877e-11,1.3445e-01,1.0500
1293.32,-1.15877633e-03,2.401108e-03,1.075536e-05,-8.5493834234e-11,1.4119e-01,1.0500
1293.83,-1.00942077e-03,2.366779e-03,1.062889e-05,-8.5494944457e-11,1.4792e-01,1.0500
1294.34,-1.07998715e-03,2.340689e-03,1.047708e-05,-8.5495721613e-11,1.5462e-01,1.0500
1294.84,-1.35733234e-03,2.323461e-03,1.030299e-05,-8.5496165703e-11,1.6130e-01,1.0500
1295.35,-1.78827876e-03,2.318035e-03,1.010444e-05,-8.5496942859e-11,1.6796e-01,1.0500
1295.86,-2.29578175e-03,2.329344e-03,9.874390e-06,-8.5498497171e-11,1.7465e-01,1.0500
1296.36,-2.79810984e-03,2.362021e-03,9.603710e-06,-8.5499607394e-11,1.8142e-01,1.0500
1296.87,-3.22444242e-03,2.417364e-03,9.285112e-06,-8.5544793471e-11,1.8787e-01,1.0437
1297.38,-3.52349478e-03,2.491499e-03,8.916625e-06,-8.5639273451e-11,1.9218e-01,1.0437
1297.88,-3.66543237e-03,2.576053e-03,8.503143e-06,-8.5881080025e-11,3.9056e-02,1.0375
1298.39,-3.63963927e-03,2.660917e-03,8.055137e-06,-8.5918716586e-11,3.9804e-02,1.0375
1298.90,-3.45129901e-03,2.737535e-03,7.584574e-06,-8.5951579187e-11,4.3190e-02,1.0375
1299.40,-3.11881274e-03,2.801368e-03,7.099449e-06,-8.5974005692e-11,4.7583e-02,1.0375
1299.91,-2.67271086e-03,2.852690e-03,6.599647e-06,-8.5985885079e-11,5.1700e-02,1.0375
1300.42,-2.15536944e-03,2.895600e-03,6.076878e-06,-8.5992879484e-11,5.5698e-02,1.0375
1300.92,-1.61983700e-03,2.935636e-03,5.519562e-06,-8.5996765264e-11,6.3174e-02,1.0375
1301.43,-1.12585936e-03,2.978184e-03,4.920889e-06,-8.6001428201e-11,3.9981e-02,1.0375
1301.94,-7.32041393e-04,3.025252e-03,4.286605e-06,-8.6011753275e-11,2.5084e-02,1.0375
1302.44,-4.84908916e-04,3.075433e-03,3.639218e-06,-8.6018525636e-11,2.3007e-02,1.0375
1302.95,-4.07823115e-04,3.125287e-03,3.016586e-06,-8.6030294000e-11,2.0544e-02,1.0375
1303.46,-4.94046058e-04,3.171413e-03,2.464496e-06,-8.6045282011e-11,1.8766e-02,1.0375
1303.97,-7.07373659e-04,3.211924e-03,2.025277e-06,-8.6058382642e-11,2.0664e-02,1.0375
1304.47,-9.90526795e-04,3.246616e-03,1.729572e-06,-8.6068263627e-11,2.2690e-02,1.0375
1304.98,-1.27833189e-03,3.275947e-03,1.602235e-06,-8.6072482475e-11,2.3285e-02,1.0375
1305.49,-1.51234844e-03,3.299618e-03,1.674372e-06,-8.6076257233e-11,2.8418e-02,1.0375
1305.99,-1.65484174e-03,3.315829e-03,1.965067e-06,-8.6088802753e-11,3.4103e-02,1.0375
1306.50,-1.69916577e-03,3.321385e-03,2.449890e-06,-8.6107232455e-11,4.0647e-02,1.0375
1307.01,-1.67133101e-03,3.312667e-03,3.070459e-06,-8.6124773979e-11,4.7701e-02,1.0375
1307.51,-1.61945277e-03,3.287128e-03,3.761522e-06,-8.6139761990e-11,5.4808e-02,1.0375
1308.02,-1.59568012e-03,3.244467e-03,4.466810e-06,-8.6152307510e-11,6.1131e-02,1.0375
1308.53,-1.64145589e-03,3.186137e-03,5.146455e-06,-8.6158080670e-11,6.6507e-02,1.0375
1309.03,-1.78299144e-03,3.114657e-03,5.779916e-06,-8.6162410540e-11,7.1489e-02,1.0375
1309.54,-2.03274349e-03,3.032818e-03,6.364499e-06,-8.6162965651e-11,7.8179e-02,1.0375
1310.05,-2.38731279e-03,2.942924e-03,6.909549e-06,-8.6164186897e-11,8.4047e-02,1.0375
1310.55,-2.81920853e-03,2.846910e-03,7.428037e-06,-8.6165852231e-11,6.1169e-02,1.0375
1311.06,-3.27104936e-03,2.746623e-03,7.928789e-06,-8.6169738012e-11,3.2710e-02,1.0500
1311.57,-3.66296022e-03,2.644343e-03,8.412532e-06,-8.6170737212e-11,3.4479e-02,1.0500
1312.07,-3.91463774e-03,2.543197e-03,8.872883e-06,-8.6170293123e-11,3.3480e-02,1.0500
1312.58,-3.97220485e-03,2.447020e-03,9.300749e-06,-8.6171625391e-11,3.2097e-02,1.0500
1313.09,-3.82624496e-03,2.359495e-03,9.689317e-06,-8.6172846636e-11,2.8427e-02,1.0500
1313.59,-3.51252727e-03,2.282819e-03,1.003715e-05,-8.6173623792e-11,2.3577e-02,1.0500
1314.10,-3.09589632e-03,2.216652e-03,1.034828e-05,-8.6174845038e-11,1.8167e-02,1.0500
1314.61,-2.64538359e-03,2.158241e-03,1.062951e-05,-8.6177842640e-11,2.1144e-02,1.0500
1315.11,-2.21174918e-03,2.103897e-03,1.088645e-05,-8.6178619796e-11,2.7846e-02,1.0500
1315.62,-1.81636511e-03,2.051050e-03,1.112029e-05,-8.6180951264e-11,3.4997e-02,1.0500
1316.13,-1.45402993e-03,1.999727e-03,1.132697e-05,-8.6182394554e-11,4.2292e-02,1.0500
1316.63,-1.10567517e-03,1.952744e-03,1.149926e-05,-8.6183282733e-11,4.9735e-02,1.0500
1317.14,-7.53675843e-04,1.914702e-03,1.163050e-05,-8.6184615000e-11,5.6296e-02,1.0500
1317.65,-3.93533380e-04,1.890441e-03,1.171790e-05,-8.6185836246e-11,6.3232e-02,1.0500
1318.16,-3.90005119e-05,1.883762e-03,1.176369e-05,-8.6186835446e-11,7.0231e-02,1.0500
1318.66,2.79459819e-04,1.896701e-03,1.177363e-05,-8.6187279535e-11,7.7170e-02,1.0500
1319.17,5.21721106e-04,1.929560e-03,1.175400e-05,-8.6188278736e-11,8.4139e-02,1.0500
1319.68,6.48919335e-04,1.981362e-03,1.170871e-05,-8.6188500781e-11,9.1076e-02,1.0500
1320.18,6.35953795e-04,2.050301e-03,1.163819e-05,-8.6190721227e-11,9.7956e-02,1.0500
1320.69,4.82364870e-04,2.133938e-03,1.154040e-05,-8.6190943271e-11,1.0479e-01,1.0500
1321.20,2.18147595e-04,2.229060e-03,1.141303e-05,-8.6192386561e-11,1.0855e-01,1.0500
1321.70,-9.77528873e-05,2.331297e-03,1.125553e-05,-8.6193052695e-11,1.1167e-01,1.0500
1322.21,-3.86122237e-04,2.434758e-03,1.106993e-05,-8.6194051896e-11,1.1849e-01,1.0500
1322.72,-5.60938423e-04,2.532034e-03,1.086021e-05,-8.6194384963e-11,1.2529e-01,1.0500
1323.22,-5.44678892e-04,2.614794e-03,1.063109e-05,-8.6194829052e-11,1.3206e-01,1.0500
1323.73,-2.83320551e-04,2.675074e-03,1.038683e-05,-8.6196272342e-11,1.3881e-01,1.0500
1324.24,2.39700585e-04,2.707041e-03,1.013052e-05,-8.6197604610e-11,1.4555e-01,1.0500
1324.74,9.91462871e-04,2.708718e-03,9.864068e-06,-8.6199047900e-11,1.4854e-01,1.0500
1325.25,1.88452828e-03,2.683107e-03,9.588465e-06,-8.6198603810e-11,5.4950e-02,1.0500
1325.76,2.78338971e-03,2.638011e-03,9.304201e-06,-8.6200269145e-11,4.5654e-02,1.0500
1326.26,3.52878953e-03,2.584177e-03,9.011506e-06,-8.6200935279e-11,5.4410e-02,1.0500
1326.77,3.98062453e-03,2.532148e-03,8.710390e-06,-8.6202600613e-11,6.4815e-02,1.0500
1327.28,4.06260483e-03,2.489346e-03,8.400579e-06,-8.6202600613e-11,5.5076e-02,1.0500
1327.78,3.78778741e-03,2.459000e-03,8.081605e-06,-8.6203155725e-11,4.3973e-02,1.0500
1328.29,3.25135451e-03,2.441332e-03,7.753273e-06,-8.6204265948e-11,5.0115e-02,1.0500
1328.80,2.59501484e-03,2.435931e-03,7.416596e-06,-8.6204821059e-11,5.7404e-02,1.0500
1329.30,1.96352311e-03,2.443192e-03,7.074898e-06,-8.6206264349e-11,6.4050e-02,1.0500
1329.81,1.47252732e-03,2.463719e-03,6.734614e-06,-8.6206597416e-11,7.0967e-02,1.0500
1330.32,1.19505493e-03,2.496383e-03,6.405344e-06,-8.6207374572e-11,7.7890e-02,1.0500
1330.82,1.16250172e-03,2.536783e-03,6.099022e-06,-8.6209595018e-11,8.4796e-02,1.0500
1331.33,1.37149277e-03,2.577717e-03,5.828171e-06,-8.6210372174e-11,9.1683e-02,1.0500
1331.84,1.78976986e-03,2.611593e-03,5.603281e-06,-8.6210594219e-11,9.8552e-02,1.0500
1332.35,2.35869613e-03,2.633345e-03,5.429788e-06,-8.6210705241e-11,1.0540e-01,1.0500
1332.85,2.99448976e-03,2.642888e-03,5.305967e-06,-8.6212370576e-11,1.1223e-01,1.0500
1333.36,3.59319198e-03,2.645424e-03,5.223456e-06,-8.6213258754e-11,1.1904e-01,1.0500
1333.87,4.04420335e-03,2.649368e-03,5.170970e-06,-8.6214591022e-11,1.2583e-01,1.0500
1334.37,4.25288194e-03,2.663137e-03,5.139644e-06,-8.6216034312e-11,1.3260e-01,1.0500
1334.88,4.16566779e-03,2.692160e-03,5.127037e-06,-8.6216034312e-11,1.3935e-01,1.0500
1335.39,3.78640457e-03,2.737718e-03,5.137347e-06,-8.6217033513e-11,1.4610e-01,1.0500
1335.89,3.17498628e-03,2.798051e-03,5.177479e-06,-8.6218143736e-11,1.5291e-01,1.0500
1336.40,2.42860862e-03,2.870776e-03,5.251209e-06,-8.6217921691e-11,1.5973e-01,1.0500
1336.91,1.65479848e-03,2.954663e-03,5.355269e-06,-8.6255225185e-11,1.6651e-01,1.0437
1337.41,9.47616808e-04,3.049594e-03,5.480060e-06,-8.6343820982e-11,4.9006e-02,1.0500
1337.92,3.73985505e-04,3.154945e-03,5.614231e-06,-8.6344709160e-11,4.0433e-02,1.0500
1338.43,-2.91994066e-05,3.267806e-03,5.749637e-06,-8.6345597339e-11,4.3433e-02,1.0500
1338.93,-2.50431219e-04,3.382413e-03,5.883347e-06,-8.6346152450e-11,4.1012e-02,1.0500
1339.44,-2.95476049e-04,3.491333e-03,6.015874e-06,-8.6348150852e-11,3.2937e-02,1.0500
1339.95,-1.78871454e-04,3.587523e-03,6.147363e-06,-8.6348150852e-11,3.9940e-02,1.0500
1340.45,8.29142083e-05,3.666295e-03,6.274682e-06,-8.6348372896e-11,4.6929e-02,1.0500
1340.96,4.75048416e-04,3.726363e-03,6.391342e-06,-8.6349705164e-11,5.3903e-02,1.0500
1341.47,9.83162389e-04,3.769695e-03,6.489945e-06,-8.6350371298e-11,6.0862e-02,1.0500
1341.97,1.58667846e-03,3.800475e-03,6.565095e-06,-8.6352702766e-11,6.7822e-02,1.0500
1342.48,2.24791036e-03,3.823734e-03,6.614736e-06,-8.6352147655e-11,7.4842e-02,1.0500
1342.99,2.90153879e-03,3.844224e-03,6.639379e-06,-8.6354035034e-11,8.1864e-02,1.0500
1343.49,3.45214785e-03,3.865838e-03,6.640228e-06,-8.6354035034e-11,8.8970e-02,1.0500
1344.00,3.78725591e-03,3.891493e-03,6.617744e-06,-8.6356255480e-11,9.6207e-02,1.0500
1344.51,3.80679042e-03,3.923287e-03,6.571569e-06,-8.6356477524e-11,1.0418e-01,1.0500
1345.01,3.45872279e-03,3.962290e-03,6.501612e-06,-8.6358586948e-11,1.1240e-01,1.0500
1345.52,2.76271052e-03,4.007756e-03,6.409441e-06,-8.6393669996e-11,1.1669e-01,1.0500
1346.03,1.80784637e-03,4.056900e-03,6.299100e-06,-8.6599616367e-11,1.2267e-01,1.0437
1346.54,7.25701802e-04,4.105270e-03,6.177180e-06,-8.6680995715e-11,1.2781e-01,1.0500
1347.04,-3.46486338e-04,4.147393e-03,6.052537e-06,-8.6792018017e-11,1.3061e-01,1.0437
1347.55,-1.29573585e-03,4.177306e-03,5.935683e-06,-8.6957219203e-11,5.8662e-02,1.0375
1348.06,-2.04791239e-03,4.189745e-03,5.837478e-06,-8.6969098589e-11,5.2812e-02,1.0375
1348.56,-2.56829571e-03,4.181241e-03,5.766767e-06,-8.6984530689e-11,5.1388e-02,1.0375
1349.07,-2.85433590e-03,4.150770e-03,5.727691e-06,-8.6996632120e-11,5.4014e-02,1.0375
1349.58,-2.92660679e-03,4.099754e-03,5.718790e-06,-8.7005957994e-11,5.8774e-02,1.0375
1350.08,-2.82131704e-03,4.031571e-03,5.735610e-06,-8.7008844574e-11,6.4710e-02,1.0375
1350.59,-2.58500976e-03,3.950665e-03,5.775994e-06,-8.7011509109e-11,7.1125e-02,1.0375
1351.10,-2.27032905e-03,3.861302e-03,5.844469e-06,-8.7012730354e-11,7.8104e-02,1.0375
1351.60,-1.93117485e-03,3.766749e-03,5.951789e-06,-8.7013396488e-11,8.5107e-02,1.0375
1352.11,-1.61613281e-03,3.669107e-03,6.108650e-06,-8.7013396488e-11,9.4474e-02,1.0375
1352.62,-1.36054247e-03,3.569733e-03,6.317321e-06,-8.7015061823e-11,1.0334e-01,1.0375
1353.12,-1.17933184e-03,3.469849e-03,6.567526e-06,-8.7016061023e-11,7.2525e-02,1.0375
1353.63,-1.06375072e-03,3.371104e-03,6.840144e-06,-8.7092111301e-11,3.8826e-02,1.0500
1354.14,-9.84516352e-04,3.274888e-03,7.116000e-06,-8.7140406002e-11,4.2031e-02,1.0500
1354.64,-9.01684283e-04,3.181196e-03,7.383784e-06,-8.7320928266e-11,4.3375e-02,1.0625
1355.15,-7.78847697e-04,3.087966e-03,7.642740e-06,-8.7321372355e-11,4.4141e-02,1.0625
1355.66,-5.97361301e-04,2.991340e-03,7.899316e-06,-8.7322149511e-11,4.4956e-02,1.0625
1356.16,-3.65808120e-04,2.886991e-03,8.160164e-06,-8.7323037690e-11,4.6274e-02,1.0625
1356.67,-1.20848859e-04,2.771971e-03,8.425630e-06,-8.7624352219e-11,4.7755e-02,1.0500
1357.18,8.21613399e-05,2.646188e-03,8.687466e-06,-8.7624463241e-11,4.7018e-02,1.0500
1357.68,1.86896868e-04,2.512830e-03,8.931740e-06,-8.7625684486e-11,4.3676e-02,1.0500
1358.19,1.56298540e-04,2.377469e-03,9.144779e-06,-8.7626128575e-11,3.9901e-02,1.0500
1358.70,-1.27239751e-05,2.246381e-03,9.318679e-06,-8.7627904932e-11,4.6550e-02,1.0500
1359.20,-2.86478787e-04,2.124871e-03,9.453825e-06,-8.7629348222e-11,5.3137e-02,1.0500
1359.71,-6.04569518e-04,2.016384e-03,9.557677e-06,-8.7629237200e-11,5.9924e-02,1.0500
1360.22,-8.98114586e-04,1.922736e-03,9.640607e-06,-8.7630680490e-11,6.6880e-02,1.0500
1360.73,-1.10874437e-03,1.845204e-03,9.710554e-06,-8.7632456847e-11,7.3942e-02,1.0500
1361.23,-1.20233467e-03,1.785827e-03,9.768695e-06,-8.7632789914e-11,8.0865e-02,1.0500
1361.74,-1.17471476e-03,1.748132e-03,9.808146e-06,-8.7633789114e-11,8.7823e-02,1.0500
1362.25,-1.04943218e-03,1.736573e-03,9.816417e-06,-8.7634344226e-11,9.4734e-02,1.0500
1362.75,-8.69154318e-04,1.754774e-03,9.780509e-06,-8.7635454449e-11,1.0160e-01,1.0500
1363.26,-6.82966735e-04,1.803461e-03,9.692266e-06,-8.7636009560e-11,1.0844e-01,1.0500
1363.77,-5.32448886e-04,1.879480e-03,9.551609e-06,-8.7637785917e-11,1.1411e-01,1.0500
1364.27,-4.40012908e-04,1.976633e-03,9.366349e-06,-8.7638118984e-11,4.5707e-02,1.0500
1364.78,-4.02883593e-04,2.087868e-03,9.148763e-06,-8.7639229207e-11,3.3961e-02,1.0500
1365.29,-3.94634128e-04,2.207631e-03,8.910494e-06,-8.7639229207e-11,3.8327e-02,1.0500
1365.79,-3.73683233e-04,2.333133e-03,8.658185e-06,-8.7641116586e-11,4.3207e-02,1.0500
1366.30,-2.95869110e-04,2.464082e-03,8.392099e-06,-8.7641449653e-11,4.8524e-02,1.0500
1366.81,-1.27315867e-04,2.601055e-03,8.108425e-06,-8.7642892943e-11,5.4116e-02,1.0500
1367.31,1.45585996e-04,2.743405e-03,7.803854e-06,-8.7643114988e-11,5.9899e-02,1.0500
1367.82,5.10985041e-04,2.887791e-03,7.479781e-06,-8.7644225211e-11,6.5972e-02,1.0500
1368.33,9.31990521e-04,3.028537e-03,7.143827e-06,-8.7645002367e-11,7.5377e-02,1.0500
1368.83,1.35286009e-03,3.158938e-03,6.807884e-06,-8.7645113389e-11,7.9358e-02,1.0500
1369.34,1.71029640e-03,3.273504e-03,6.483671e-06,-8.7647888947e-11,8.7204e-02,1.0500
1369.85,1.94777619e-03,3.369609e-03,6.178096e-06,-8.7647666902e-11,9.6035e-02,1.0500
1370.35,2.02919054e-03,3.447861e-03,5.891053e-06,-8.7648666103e-11,1.0384e-01,1.0500
1370.86,1.94750702e-03,3.511167e-03,5.617063e-06,-8.7649110192e-11,1.0716e-01,1.0500
1371.37,1.72576250e-03,3.563274e-03,5.350026e-06,-8.7650553482e-11,1.0176e-01,1.0500
1371.87,1.41097803e-03,3.607239e-03,5.088776e-06,-8.7651663705e-11,1.0860e-01,1.0500
1372.38,1.06451352e-03,3.644671e-03,4.841029e-06,-8.7652662906e-11,1.1523e-01,1.0500
1372.89,7.52982546e-04,3.675795e-03,4.624110e-06,-8.7653884151e-11,7.7175e-02,1.0500
1373.40,5.41850935e-04,3.700109e-03,4.461450e-06,-8.7654106196e-11,3.9887e-02,1.0500
1373.90,4.90685159e-04,3.717152e-03,4.374747e-06,-8.7655327441e-11,3.0236e-02,1.0500
1374.41,6.46635348e-04,3.727013e-03,4.374237e-06,-8.7656104597e-11,3.0750e-02,1.0500
1374.92,1.03256952e-03,3.730429e-03,4.452821e-06,-8.7657658909e-11,3.4454e-02,1.0500
1375.42,1.62911637e-03,3.728828e-03,4.588610e-06,-8.7658436065e-11,3.9995e-02,1.0500
1375.93,2.35583605e-03,3.723855e-03,4.754294e-06,-8.7658658110e-11,4.6459e-02,1.0500
1376.44,3.06415867e-03,3.716375e-03,4.927136e-06,-8.7659324244e-11,5.3331e-02,1.0500
1376.94,3.55793497e-03,3.705734e-03,5.094565e-06,-8.7661100601e-11,6.0736e-02,1.0500
1377.45,3.64783620e-03,3.689665e-03,5.254276e-06,-8.7661655712e-11,6.7612e-02,1.0500
1377.96,3.22249453e-03,3.664741e-03,5.410237e-06,-8.7663321047e-11,7.4509e-02,1.0500
1378.46,2.29787897e-03,3.627279e-03,5.567054e-06,-8.7663876158e-11,8.1414e-02,1.0500
1378.97,1.01290715e-03,3.574593e-03,5.725541e-06,-8.7664209225e-11,8.8372e-02,1.0500
1379.48,-4.23345414e-04,3.506146e-03,5.881521e-06,-8.7665208426e-11,9.5268e-02,1.0500
1379.98,-1.79913517e-03,3.424138e-03,6.027757e-06,-8.7666318649e-11,1.0213e-01,1.0500
1380.49,-2.95091203e-03,3.333180e-03,6.157085e-06,-8.7667650917e-11,1.0897e-01,1.0500
1381.00,-3.78239251e-03,3.239270e-03,6.264668e-06,-8.7666762738e-11,1.1579e-01,1.0500
1381.50,-4.25797555e-03,3.147776e-03,6.348532e-06,-8.7669871363e-11,1.2260e-01,1.0500
1382.01,-4.38813205e-03,3.063954e-03,6.409069e-06,-8.7669649318e-11,1.2938e-01,1.0500
1382.52,-4.21629440e-03,2.990424e-03,6.448355e-06,-8.7671203630e-11,1.3614e-01,1.0500
1383.02,-3.80896248e-03,2.926527e-03,6.469648e-06,-8.7672313853e-11,1.4288e-01,1.0500
1383.53,-3.24945598e-03,2.868498e-03,6.476827e-06,-8.7672979987e-11,1.4960e-01,1.0500
1384.04,-2.63256134e-03,2.810581e-03,6.473345e-06,-8.7674201232e-11,1.5629e-01,1.0500
1384.54,-2.05614236e-03,2.746496e-03,6.460996e-06,-8.7674867366e-11,1.6297e-01,1.0500
1385.05,-1.60858209e-03,2.671609e-03,6.439485e-06,-8.7675311455e-11,1.6965e-01,1.0500
1385.56,-1.35401070e-03,2.584467e-03,6.407503e-06,-8.7676421678e-11,1.7642e-01,1.0500
1386.06,-1.31988521e-03,2.486795e-03,6.364771e-06,-8.7678309058e-11,1.8320e-01,1.0500
1386.57,-1.49224946e-03,2.383212e-03,6.313580e-06,-8.7803209148e-11,1.8731e-01,1.0500
1387.08,-1.82129561e-03,2.280512e-03,6.258641e-06,-8.7907237045e-11,1.8851e-01,1.0437
1387.59,-2.23529933e-03,2.186650e-03,6.205505e-06,-8.8066332005e-11,1.1826e-01,1.0375
1388.09,-2.65762242e-03,2.109828e-03,6.159157e-06,-8.8066220982e-11,1.2525e-01,1.0375
1388.60,-3.02128850e-03,2.057636e-03,6.124331e-06,-8.8067775295e-11,1.3220e-01,1.0375
1389.11,-3.27752875e-03,2.035522e-03,6.107478e-06,-8.8068219384e-11,1.3913e-01,1.0375
1389.61,-3.39928842e-03,2.044084e-03,6.118456e-06,-8.8069773696e-11,1.4603e-01,1.0375
1390.12,-3.38018554e-03,2.077571e-03,6.169552e-06,-8.8069551651e-11,1.5291e-01,1.0375
1390.63,-3.23229060e-03,2.125227e-03,6.270927e-06,-8.8071883120e-11,1.5976e-01,1.0375
1391.13,-2.98183494e-03,2.175439e-03,6.424800e-06,-8.8072216187e-11,1.6659e-01,1.0375
1391.64,-2.66429646e-03,2.220339e-03,6.622777e-06,-8.8072993343e-11,1.0287e-01,1.0375
1392.15,-2.31980181e-03,2.258651e-03,6.848944e-06,-8.8074547655e-11,2.8536e-02,1.0375
1392.65,-1.99016896e-03,2.295564e-03,7.086808e-06,-8.8076768101e-11,1.9847e-02,1.0375
1393.16,-1.71684625e-03,2.339524e-03,7.325608e-06,-8.8079432636e-11,2.1152e-02,1.0375
1393.67,-1.53694578e-03,2.397475e-03,7.562726e-06,-8.8088314421e-11,2.3048e-02,1.0375
1394.17,-1.47610457e-03,2.471333e-03,7.801814e-06,-8.8106966167e-11,2.4027e-02,1.0375
1394.68,-1.54072666e-03,2.557634e-03,8.048430e-06,-8.8138829568e-11,2.4286e-02,1.0375
1395.19,-1.71466668e-03,2.649903e-03,8.305781e-06,-8.8192231296e-11,2.4859e-02,1.0375
1395.69,-1.96324203e-03,2.741616e-03,8.572418e-06,-8.8261842279e-11,2.6266e-02,1.0375
1396.20,-2.24258373e-03,2.827363e-03,8.842986e-06,-8.8338003579e-11,2.8669e-02,1.0375
1396.71,-2.50938732e-03,2.903160e-03,9.110943e-06,-8.8412610566e-11,3.2223e-02,1.0375
1397.21,-2.72702249e-03,2.966364e-03,9.370818e-06,-8.8473561810e-11,3.7160e-02,1.0375
1397.72,-2.86701134e-03,3.015167e-03,9.619245e-06,-8.8515084151e-11,4.3688e-02,1.0375
1398.23,-2.90718907e-03,3.048203e-03,9.854770e-06,-8.8540286214e-11,5.1557e-02,1.0375
1398.73,-2.82860007e-03,3.064373e-03,1.007710e-05,-8.8553275823e-11,5.2602e-02,1.0375
1399.24,-2.61313316e-03,3.063036e-03,1.028678e-05,-8.8562601697e-11,4.6356e-02,1.0375
1399.75,-2.24363673e-03,3.044222e-03,1.048522e-05,-8.8573370860e-11,5.4812e-02,1.0375
1400.25,-1.70766752e-03,3.008635e-03,1.067356e-05,-8.8578033797e-11,5.0146e-02,1.0375
1400.76,-1.00484553e-03,2.957762e-03,1.085075e-05,-8.8582585711e-11,4.5316e-02,1.0375
1401.27,-1.56238127e-04,2.894175e-03,1.101200e-05,-8.8587026603e-11,4.1772e-02,1.0375
1401.78,7.87262547e-04,2.821680e-03,1.114909e-05,-8.8591467495e-11,3.8086e-02,1.0375
1402.28,1.74208124e-03,2.744998e-03,1.125334e-05,-8.8596574521e-11,3.4413e-02,1.0375
1402.79,2.59892809e-03,2.668870e-03,1.131969e-05,-8.8603568926e-11,3.2316e-02,1.0375
1403.30,3.24278148e-03,2.597050e-03,1.134930e-05,-8.8608675952e-11,3.5110e-02,1.0375
1403.80,3.58261807e-03,2.531813e-03,1.134881e-05,-8.8621221472e-11,4.5368e-02,1.0375
1404.31,3.57930836e-03,2.474458e-03,1.132637e-05,-8.8655305319e-11,3.2762e-02,1.0375
1404.82,3.26038321e-03,2.426531e-03,1.128663e-05,-8.8708596024e-11,3.2536e-02,1.0375
1405.32,2.71244271e-03,2.390728e-03,1.122766e-05,-8.8765994555e-11,3.4626e-02,1.0375
1405.83,2.05582033e-03,2.370533e-03,1.114183e-05,-8.8817841970e-11,3.7442e-02,1.0375
1406.34,1.41426042e-03,2.368696e-03,1.102054e-05,-8.8860807601e-11,4.0666e-02,1.0375
1406.84,8.91299817e-04,2.385386e-03,1.085966e-05,-8.8893781225e-11,4.4147e-02,1.0375
1407.35,5.58684605e-04,2.417720e-03,1.066218e-05,-8.8917984087e-11,4.6889e-02,1.0375
1407.86,4.54706655e-04,2.461611e-03,1.043595e-05,-8.8931417785e-11,5.1652e-02,1.0375
1408.36,5.87204698e-04,2.513870e-03,1.018719e-05,-8.8938190146e-11,5.8698e-02,1.0375
1408.87,9.36644856e-04,2.573751e-03,9.914363e-06,-8.8941742860e-11,6.5651e-02,1.0375
1409.38,1.45755447e-03,2.642358e-03,9.606531e-06,-8.8943519216e-11,7.2347e-02,1.0375
1409.88,2.07970809e-03,2.720459e-03,9.248312e-06,-8.8944074328e-11,7.8933e-02,1.0375
1410.39,2.71255431e-03,2.806258e-03,8.827924e-06,-8.8945850685e-11,6.0417e-02,1.0375
1410.90,3.25640338e-03,2.895087e-03,8.343922e-06,-8.8975160573e-11,3.6298e-02,1.0500
1411.40,3.62102873e-03,2.980608e-03,7.807241e-06,-8.8975937729e-11,4.7076e-02,1.0500
1411.91,3.74732481e-03,3.057059e-03,7.237809e-06,-8.9221963151e-11,5.2176e-02,1.0500
1412.42,3.62353426e-03,3.121029e-03,6.657435e-06,-8.9264262648e-11,5.4466e-02,1.0500
1412.92,3.28810567e-03,3.172306e-03,6.081738e-06,-8.9265483894e-11,5.5178e-02,1.0500
1413.43,2.81717031e-03,3.213358e-03,5.515517e-06,-8.9266483094e-11,5.3314e-02,1.0500
1413.94,2.30208094e-03,3.247811e-03,4.953465e-06,-8.9267704340e-11,4.8312e-02,1.0500
1414.44,1.82631726e-03,3.278611e-03,4.386362e-06,-8.9268814563e-11,4.0719e-02,1.0500
1414.95,1.44915165e-03,3.306774e-03,3.809964e-06,-8.9271368076e-11,3.3348e-02,1.0500
1415.46,1.19836329e-03,3.331189e-03,3.233969e-06,-8.9273144432e-11,3.5412e-02,1.0500
1415.97,1.07086187e-03,3.349434e-03,2.690001e-06,-8.9274032611e-11,3.5028e-02,1.0500
1416.47,1.04003905e-03,3.359185e-03,2.238536e-06,-8.9275586923e-11,3.4970e-02,1.0500
1416.98,1.06843302e-03,3.359488e-03,1.965574e-06,-8.9277696347e-11,3.8105e-02,1.0500
1417.49,1.12135943e-03,3.351355e-03,1.938176e-06,-8.9279805771e-11,3.8826e-02,1.0500
1417.99,1.17613638e-03,3.337397e-03,2.135690e-06,-8.9281138038e-11,3.8002e-02,1.0500
1418.50,1.22662054e-03,3.320675e-03,2.475543e-06,-8.9282581328e-11,3.7591e-02,1.0500
1419.01,1.28747722e-03,3.303335e-03,2.893498e-06,-8.9283025417e-11,4.0638e-02,1.0500
1419.51,1.39783588e-03,3.285730e-03,3.365437e-06,-8.9285356886e-11,4.5663e-02,1.0500
1420.02,1.61526320e-03,3.266439e-03,3.890553e-06,-8.9285911997e-11,5.1383e-02,1.0500
1420.53,1.99248182e-03,3.243158e-03,4.470903e-06,-8.9287910399e-11,5.7737e-02,1.0500
1421.03,2.54303884e-03,3.213936e-03,5.098141e-06,-8.9288465510e-11,6.4491e-02,1.0500
1421.54,3.21552836e-03,3.178133e-03,5.750396e-06,-8.9289686755e-11,7.1436e-02,1.0500
1422.05,3.89224725e-03,3.137005e-03,6.397947e-06,-8.9289353689e-11,7.8471e-02,1.0500
1422.55,4.41606975e-03,3.092803e-03,7.012650e-06,-8.9291130045e-11,8.5412e-02,1.0500
1423.06,4.63889258e-03,3.047531e-03,7.576001e-06,-8.9292018224e-11,9.2329e-02,1.0500
1423.57,4.47227161e-03,3.001641e-03,8.082629e-06,-8.9293350491e-11,9.9205e-02,1.0500
1424.07,3.91874073e-03,2.953615e-03,8.538509e-06,-8.9295126848e-11,1.0606e-01,1.0500
1424.58,3.07053252e-03,2.900415e-03,8.955160e-06,-8.9295348893e-11,1.7945e-01,1.0500
1425.09,2.07686682e-03,2.838834e-03,9.342581e-06,-8.9296237071e-11,1.1971e-01,1.0500
1425.59,1.09753427e-03,2.767215e-03,9.704255e-06,-8.9296126049e-11,1.2650e-01,1.0500
1426.10,2.64089300e-04,2.686842e-03,1.003649e-05,-8.9298346495e-11,1.3328e-01,1.0500
1426.61,-3.39935964e-04,2.602222e-03,1.033178e-05,-8.9298790584e-11,1.4003e-01,1.0500
1427.11,-6.80257097e-04,2.520197e-03,1.058376e-05,-8.9299234673e-11,1.4676e-01,1.0500
1427.62,-7.62408590e-04,2.448348e-03,1.079068e-05,-8.9301011030e-11,1.5347e-01,1.0500
1428.13,-6.20212488e-04,2.393585e-03,1.095616e-05,-8.9301677164e-11,1.6016e-01,1.0500
1428.63,-3.06018031e-04,2.361605e-03,1.108745e-05,-8.9303231476e-11,1.6682e-01,1.0500
1429.14,1.16394616e-04,2.356945e-03,1.119249e-05,-8.9303675566e-11,1.7346e-01,1.0500
1429.65,5.76969568e-04,2.382458e-03,1.127725e-05,-8.9303342499e-11,1.8008e-01,1.0500
1430.16,1.00475719e-03,2.437610e-03,1.134400e-05,-8.9304563744e-11,1.8668e-01,1.0500
1430.66,1.33445283e-03,2.516676e-03,1.139099e-05,-8.9305451922e-11,1.9325e-01,1.0500
1431.17,1.51350976e-03,2.608703e-03,1.141332e-05,-8.9306118056e-11,1.9979e-01,1.0500
1431.68,1.50863506e-03,2.699835e-03,1.140480e-05,-8.9307450324e-11,2.0636e-01,1.0500
1432.18,1.31045332e-03,2.777087e-03,1.136035e-05,-8.9309115658e-11,2.1304e-01,1.0500
1432.69,9.36083770e-04,2.831878e-03,1.127796e-05,-8.9406704262e-11,2.1746e-01,1.0437
1433.20,4.30470391e-04,2.862018e-03,1.115950e-05,-8.9635077138e-11,4.2186e-02,1.0375
1433.70,-1.32689665e-04,2.871450e-03,1.101004e-05,-8.9646290391e-11,4.7448e-02,1.0375
1434.21,-6.52316393e-04,2.868048e-03,1.083596e-05,-8.9653617863e-11,5.5292e-02,1.0375
1434.72,-1.00711623e-03,2.860534e-03,1.064294e-05,-8.9658169777e-11,3.6391e-02,1.0375
1435.22,-1.07135501e-03,2.855605e-03,1.043473e-05,-8.9664053959e-11,2.2895e-02,1.0375
1435.73,-7.46159748e-04,2.856702e-03,1.021304e-05,-8.9676932546e-11,2.3171e-02,1.0375
1436.24,-9.09730980e-06,2.863775e-03,9.978359e-06,-8.9697360650e-11,2.1690e-02,1.0375
1436.74,1.03567193e-03,2.874174e-03,9.730956e-06,-8.9720009200e-11,2.1983e-02,1.0375
1437.25,2.13504353e-03,2.884418e-03,9.471507e-06,-8.9738216857e-11,2.5072e-02,1.0375
1437.76,2.92474126e-03,2.891461e-03,9.201541e-06,-8.9751983623e-11,2.8567e-02,1.0375
1438.26,3.05139418e-03,2.892866e-03,8.923800e-06,-8.9759533139e-11,3.1353e-02,1.0375
1438.77,2.33440538e-03,2.886435e-03,8.642292e-06,-8.9760643363e-11,3.0043e-02,1.0375
1439.28,8.55472435e-04,2.869919e-03,8.361844e-06,-8.9771967637e-11,3.7327e-02,1.0375
1439.78,-1.07516587e-03,2.841112e-03,8.087212e-06,-8.9787177693e-11,4.6280e-02,1.0375
1440.29,-3.05663550e-03,2.798219e-03,7.822106e-06,-8.9809160109e-11,5.4550e-02,1.0375
1440.80,-4.76575344e-03,2.740917e-03,7.568532e-06,-8.9836249551e-11,6.0673e-02,1.0375
1441.30,-6.02578563e-03,2.671172e-03,7.326591e-06,-8.9851903695e-11,6.7967e-02,1.0375
1441.81,-6.77766793e-03,2.593377e-03,7.094848e-06,-8.9856011520e-11,7.2359e-02,1.0375
1442.32,-7.04063936e-03,2.514238e-03,6.870819e-06,-8.9858787078e-11,7.6127e-02,1.0375
1442.82,-6.87935509e-03,2.441818e-03,6.652253e-06,-8.9861007524e-11,8.2872e-02,1.0375
1443.33,-6.37686041e-03,2.383632e-03,6.439031e-06,-8.9860785479e-11,8.8646e-02,1.0375
1443.84,-5.62124012e-03,2.344410e-03,6.234771e-06,-8.9861673658e-11,8.7547e-02,1.0375
1444.35,-4.70719521e-03,2.324800e-03,6.047403e-06,-8.9867779884e-11,3.4929e-02,1.0375
1444.85,-3.74029979e-03,2.322295e-03,5.887763e-06,-9.0035756628e-11,4.3299e-02,1.0500
1445.36,-2.83313770e-03,2.332475e-03,5.766046e-06,-9.1169627403e-11,4.6338e-02,1.0500
1445.87,-2.08865986e-03,2.351203e-03,5.687457e-06,-9.1530782953e-11,4.7204e-02,1.0625
1446.37,-1.57673931e-03,2.375891e-03,5.649419e-06,-9.1531671131e-11,4.7180e-02,1.0625
1446.88,-1.31580559e-03,2.405485e-03,5.642037e-06,-9.1533114421e-11,4.7015e-02,1.0625
1447.39,-1.27172049e-03,2.439641e-03,5.651426e-06,-9.1534002600e-11,4.7364e-02,1.0625
1447.89,-1.37373641e-03,2.477884e-03,5.664031e-06,-9.1535445890e-11,4.5314e-02,1.0625
1448.40,-1.53965376e-03,2.519518e-03,5.670196e-06,-9.1535223845e-11,3.7938e-02,1.0625
1448.91,-1.69790827e-03,2.564128e-03,5.666315e-06,-9.1535445890e-11,4.4781e-02,1.0625
1449.41,-1.80051002e-03,2.612001e-03,5.655664e-06,-9.1537444291e-11,5.1770e-02,1.0625
1449.92,-1.82404832e-03,2.664115e-03,5.647946e-06,-9.1539331670e-11,5.8761e-02,1.0625
1450.43,-1.76435725e-03,2.721623e-03,5.656852e-06,-9.1538998603e-11,6.7059e-02,1.0625
1450.93,-1.62799261e-03,2.785252e-03,5.694963e-06,-9.1540774960e-11,7.4874e-02,1.0625
1451.44,-1.42368642e-03,2.855102e-03,5.767073e-06,-9.1563756577e-11,7.8814e-02,1.0625
1451.95,-1.15746624e-03,2.930796e-03,5.865763e-06,-9.1790908208e-11,8.5101e-02,1.0563
1452.45,-8.31715185e-04,3.011725e-03,5.973122e-06,-9.1942120584e-11,9.0755e-02,1.0625
1452.96,-4.49449547e-04,3.097266e-03,6.067763e-06,-9.2008956010e-11,9.6125e-02,1.0625
1453.47,-2.25765801e-05,3.186354e-03,6.133311e-06,-9.2252872008e-11,8.1856e-02,1.0500
1453.97,4.19338195e-04,3.276994e-03,6.163558e-06,-9.2254315298e-11,7.2703e-02,1.0500
1454.48,8.24822607e-04,3.366260e-03,6.162089e-06,-9.2255536543e-11,4.2027e-02,1.0500
1454.99,1.12567611e-03,3.450850e-03,6.137522e-06,-9.2256868811e-11,4.1183e-02,1.0500
1455.49,1.25324835e-03,3.527808e-03,6.097234e-06,-9.2257534945e-11,4.5515e-02,1.0500
1456.00,1.16148406e-03,3.595137e-03,6.043161e-06,-9.2259644369e-11,5.0601e-02,1.0500
1456.51,8.46669845e-04,3.652011e-03,5.972271e-06,-9.2259866413e-11,5.6110e-02,1.0500
1457.02,3.53425366e-04,3.698473e-03,5.881710e-06,-9.2260088458e-11,6.0671e-02,1.0500
1457.52,-2.36940891e-04,3.734837e-03,5.775566e-06,-9.2261531748e-11,6.5778e-02,1.0500
1458.03,-8.29885468e-04,3.761145e-03,5.668122e-06,-9.2261531748e-11,7.2672e-02,1.0500
1458.54,-1.34105262e-03,3.777070e-03,5.578994e-06,-9.2263308105e-11,7.9683e-02,1.0500
1459.04,-1.71029991e-03,3.782318e-03,5.520691e-06,-9.2263752194e-11,8.6625e-02,1.0500
1459.55,-1.90537279e-03,3.777193e-03,5.487157e-06,-9.2264973439e-11,9.3533e-02,1.0500
1460.06,-1.91989334e-03,3.762790e-03,5.454331e-06,-9.2265972640e-11,1.0040e-01,1.0500
1460.56,-1.76914309e-03,3.740555e-03,5.394283e-06,-9.2266860818e-11,1.0725e-01,1.0500
1461.07,-1.48407669e-03,3.711427e-03,5.293488e-06,-9.2267860019e-11,1.1408e-01,1.0500
1461.58,-1.10394039e-03,3.675091e-03,5.164469e-06,-9.2269192287e-11,1.2089e-01,1.0500
1462.08,-6.69118680e-04,3.629918e-03,5.045306e-06,-9.2269081264e-11,1.2768e-01,1.0500
1462.59,-2.15565112e-04,3.573862e-03,4.985631e-06,-9.2269636376e-11,1.3444e-01,1.0500
1463.10,2.28358388e-04,3.506005e-03,5.023469e-06,-9.2271745800e-11,1.4119e-01,1.0500
1463.60,6.42913648e-04,3.427821e-03,5.166752e-06,-9.2272411933e-11,1.4791e-01,1.0500
1464.11,1.01577449e-03,3.343213e-03,5.394261e-06,-9.2273078067e-11,1.5462e-01,1.0500
1464.62,1.33969446e-03,3.257043e-03,5.673480e-06,-9.2272745000e-11,1.6130e-01,1.0500
1465.12,1.61071651e-03,3.172913e-03,5.978451e-06,-9.2274521357e-11,1.6796e-01,1.0500
1465.63,1.82703201e-03,3.091367e-03,6.296489e-06,-9.2275964647e-11,1.7459e-01,1.0500
1466.14,1.98924582e-03,3.009991e-03,6.624709e-06,-9.2275964647e-11,1.8120e-01,1.0500
1466.64,2.09919697e-03,2.924566e-03,6.962748e-06,-9.2277629982e-11,1.8790e-01,1.0500
1467.15,2.15835099e-03,2.830998e-03,7.307233e-06,-9.2278740205e-11,1.9464e-01,1.0500
1467.66,2.16658454e-03,2.726406e-03,7.650244e-06,-9.2376994942e-11,1.9879e-01,1.0500
1468.16,2.12032811e-03,2.610410e-03,7.981307e-06,-9.2472918212e-11,1.9957e-01,1.0437
1468.67,2.01305122e-03,2.484761e-03,8.290795e-06,-9.2631124993e-11,4.4682e-02,1.0375
1469.18,1.83795749e-03,2.352781e-03,8.572830e-06,-9.2634788729e-11,3.2334e-02,1.0375
1469.68,1.59159628e-03,2.218942e-03,8.826229e-06,-9.2639118598e-11,2.5642e-02,1.0375
1470.19,1.27766007e-03,2.088383e-03,9.053151e-06,-9.2642782334e-11,2.1914e-02,1.0375
1470.70,9.08984050e-04,1.966454e-03,9.256172e-06,-9.2647223227e-11,2.0086e-02,1.0375
1471.21,5.06886532e-04,1.858366e-03,9.435559e-06,-9.2651220029e-11,2.0089e-02,1.0375
1471.71,9.80048599e-05,1.768994e-03,9.588378e-06,-9.2654661721e-11,2.2173e-02,1.0375
1472.22,-2.90463440e-04,1.702883e-03,9.709757e-06,-9.2657770345e-11,2.6504e-02,1.0375
1472.73,-6.35383679e-04,1.664139e-03,9.795409e-06,-9.2659879769e-11,3.2861e-02,1.0375
1473.23,-9.20422859e-04,1.656300e-03,9.843681e-06,-9.2664875773e-11,4.1278e-02,1.0375
1473.74,-1.13554763e-03,1.681606e-03,9.856186e-06,-9.2684193653e-11,5.0171e-02,1.0375
1474.25,-1.27258973e-03,1.739888e-03,9.837039e-06,-9.2713836608e-11,5.7890e-02,1.0375
1474.75,-1.31817965e-03,1.827739e-03,9.791294e-06,-9.2735930046e-11,6.6098e-02,1.0375
1475.26,-1.24759719e-03,1.938773e-03,9.723152e-06,-9.2742591384e-11,6.4979e-02,1.0375
1475.77,-1.02360407e-03,2.065481e-03,9.634259e-06,-9.2744922853e-11,6.7041e-02,1.0375
1476.27,-6.06418871e-04,2.201391e-03,9.522552e-06,-9.2746699210e-11,7.1381e-02,1.0375
1476.78,2.34553477e-05,2.342308e-03,9.382597e-06,-9.2748364544e-11,7.8073e-02,1.0375
1477.29,8.34800208e-04,2.485881e-03,9.208021e-06,-9.2749918856e-11,8.1585e-02,1.0375
1477.79,1.71652371e-03,2.630311e-03,8.995343e-06,-9.2751917258e-11,4.0808e-02,1.0375
1478.30,2.47749891e-03,2.773028e-03,8.747269e-06,-9.2778451588e-11,3.0990e-02,1.0500
1478.81,2.89005048e-03,2.910382e-03,8.473445e-06,-9.2779450789e-11,3.2766e-02,1.0500
1479.31,2.76875855e-03,3.038694e-03,8.187931e-06,-9.2780894079e-11,3.4073e-02,1.0500
1479.82,2.05455038e-03,3.155585e-03,7.904525e-06,-9.2781338168e-11,3.5136e-02,1.0500
1480.33,8.49695737e-04,3.260867e-03,7.631984e-06,-9.2781893279e-11,3.5870e-02,1.0500
1480.83,-6.19448827e-04,3.356492e-03,7.372284e-06,-9.2783558614e-11,3.6254e-02,1.0500
1481.34,-2.08972745e-03,3.445698e-03,7.122063e-06,-9.2784335770e-11,3.6258e-02,1.0500
1481.85,-3.34712488e-03,3.531738e-03,6.876552e-06,-9.2784779859e-11,4.0112e-02,1.0500
1482.35,-4.26568018e-03,3.616876e-03,6.634000e-06,-9.2786667238e-11,4.7103e-02,1.0500
1482.86,-4.79982138e-03,3.701525e-03,6.398098e-06,-9.2787000305e-11,5.4080e-02,1.0500
1483.37,-4.95579618e-03,3.784639e-03,6.178168e-06,-9.2787999506e-11,6.1041e-02,1.0500
1483.87,-4.76487833e-03,3.864629e-03,5.986915e-06,-9.2789553818e-11,6.7986e-02,1.0500
1484.38,-4.27369712e-03,3.938583e-03,5.835991e-06,-9.2789553818e-11,7.4914e-02,1.0500
1484.89,-3.54847828e-03,4.003340e-03,5.731300e-06,-9.2791108131e-11,8.1825e-02,1.0500
1485.40,-2.67896938e-03,4.056317e-03,5.670454e-06,-9.2790775064e-11,8.8719e-02,1.0500
1485.90,-1.77592528e-03,4.095585e-03,5.643917e-06,-9.2793439599e-11,9.5594e-02,1.0500
1486.41,-9.58512627e-04,4.120810e-03,5.639154e-06,-9.2793772666e-11,1.0245e-01,1.0500
1486.92,-3.25299306e-04,4.133044e-03,5.645559e-06,-9.2793772666e-11,1.0929e-01,1.0500
1487.42,7.51292254e-05,4.134336e-03,5.657981e-06,-9.2794327777e-11,1.1612e-01,1.0500
1487.93,2.53257404e-04,4.127367e-03,5.677789e-06,-9.2795993112e-11,1.2300e-01,1.0500
1488.44,2.69991440e-04,4.115183e-03,5.711539e-06,-9.2796215156e-11,1.2991e-01,1.0500
1488.94,2.13942918e-04,4.101172e-03,5.767974e-06,-9.2797658446e-11,1.3678e-01,1.0500
1489.45,1.72251146e-04,4.089390e-03,5.854228e-06,-9.2799878892e-11,1.4475e-01,1.0500
1489.96,2.09530384e-04,4.082283e-03,5.972561e-06,-9.2889140824e-11,1.5014e-01,1.0437
1490.46,3.57521443e-04,4.078866e-03,6.118210e-06,-9.3022478609e-11,1.5454e-01,1.0500
1490.97,6.13631594e-04,4.074779e-03,6.279106e-06,-9.3109409072e-11,1.5661e-01,1.0500
1491.48,9.47776392e-04,4.062750e-03,6.437888e-06,-9.3292928938e-11,1.1428e-01,1.0375
1491.98,1.31153475e-03,4.033871e-03,6.575690e-06,-9.3293150982e-11,1.2127e-01,1.0375
1492.49,1.64840859e-03,3.979425e-03,6.676459e-06,-9.3293817116e-11,1.2823e-01,1.0375
1493.00,1.90780658e-03,3.893410e-03,6.730458e-06,-9.3295704495e-11,1.3517e-01,1.0375
1493.50,2.05674014e-03,3.774996e-03,6.736155e-06,-9.3295704495e-11,1.4208e-01,1.0375
1494.01,2.08496843e-03,3.629680e-03,6.700207e-06,-9.3296037562e-11,1.4897e-01,1.0375
1494.52,2.00672862e-03,3.468303e-03,6.635810e-06,-9.3297369830e-11,1.5584e-01,1.0375
1495.02,1.85702437e-03,3.304233e-03,6.559813e-06,-9.3298813120e-11,1.6268e-01,1.0375
1495.53,1.67935450e-03,3.150015e-03,6.488676e-06,-9.3299701298e-11,6.7490e-02,1.0375
1496.04,1.51223282e-03,3.014963e-03,6.433360e-06,-9.3301255610e-11,3.0479e-02,1.0375
1496.54,1.38435268e-03,2.904658e-03,6.394499e-06,-9.3301033566e-11,2.2684e-02,1.0375
1497.05,1.31896560e-03,2.821725e-03,6.360811e-06,-9.3302920945e-11,2.3701e-02,1.0375
1497.56,1.33959398e-03,2.766508e-03,6.313111e-06,-9.3304586279e-11,2.7179e-02,1.0375
1498.06,1.46936870e-03,2.736916e-03,6.232809e-06,-9.3307361837e-11,2.4692e-02,1.0375
1498.57,1.72341516e-03,2.727982e-03,6.110830e-06,-9.3314023175e-11,2.4601e-02,1.0375
1499.08,2.10065542e-03,2.732084e-03,5.953091e-06,-9.3320351446e-11,3.5649e-02,1.0375
1499.59,2.58192466e-03,2.740038e-03,5.780733e-06,-9.3326568695e-11,3.9367e-02,1.0375
1500.09,3.13383696e-03,2.743313e-03,5.625057e-06,-9.3331786744e-11,4.2780e-02,1.0375
1500.60,3.70863649e-03,2.735508e-03,5.518381e-06,-9.3333119011e-11,4.9918e-02,1.0375
1501.11,4.24090931e-03,2.713492e-03,5.483806e-06,-9.3335117413e-11,5.7155e-02,1.0375
1501.61,4.65231086e-03,2.677943e-03,5.528454e-06,-9.3336116613e-11,6.4182e-02,1.0375
1502.12,4.86660569e-03,2.633102e-03,5.643630e-06,-9.3337115814e-11,5.0070e-02,1.0375
1502.63,4.83199873e-03,2.585668e-03,5.811073e-06,-9.3412944047e-11,3.0206e-02,1.0375
1503.13,4.54028732e-03,2.543345e-03,6.011062e-06,-9.3523744304e-11,4.2847e-02,1.0500
1503.64,4.03298463e-03,2.512770e-03,6.228607e-06,-9.3669738632e-11,5.0735e-02,1.0500
1504.15,3.38930634e-03,2.497590e-03,6.455818e-06,-9.4121377359e-11,5.3452e-02,1.0625
1504.65,2.70298594e-03,2.498025e-03,6.691669e-06,-9.4122931671e-11,4.9717e-02,1.0625
1505.16,2.05964601e-03,2.511607e-03,6.939718e-06,-9.4122709626e-11,4.1026e-02,1.0625
1505.67,1.52197756e-03,2.534338e-03,7.204862e-06,-9.4124819050e-11,3.4456e-02,1.0625
1506.17,1.12429481e-03,2.561577e-03,7.490344e-06,-9.4125152117e-11,3.3111e-02,1.0625
1506.68,8.74221789e-04,2.588360e-03,7.795947e-06,-9.4381946703e-11,3.9355e-02,1.0563
1507.19,7.58412822e-04,2.609335e-03,8.117726e-06,-9.4472429879e-11,4.5721e-02,1.0625
1507.69,7.50349757e-04,2.618982e-03,8.449053e-06,-9.4509178261e-11,5.2150e-02,1.0625
1508.20,8.19561342e-04,2.612471e-03,8.782240e-06,-9.4570573594e-11,5.7896e-02,1.0625
1508.71,9.41737505e-04,2.586907e-03,9.110047e-06,-9.4812824258e-11,2.5618e-02,1.0500
1509.21,1.10786194e-03,2.542339e-03,9.426605e-06,-9.4823149333e-11,2.7875e-02,1.0500
1509.72,1.32859755e-03,2.482164e-03,9.727548e-06,-9.4834029518e-11,3.0915e-02,1.0500
1510.23,1.62923174e-03,2.412647e-03,1.000954e-05,-9.4843688458e-11,3.4878e-02,1.0500
1510.73,2.03238930e-03,2.341557e-03,1.026990e-05,-9.4851015930e-11,4.0830e-02,1.0500
1511.24,2.53110511e-03,2.276114e-03,1.050690e-05,-9.4856122956e-11,4.7938e-02,1.0500
1511.75,3.06238846e-03,2.221172e-03,1.072087e-05,-9.4857233179e-11,5.4833e-02,1.0500
1512.25,3.49841629e-03,2.178490e-03,1.091458e-05,-9.4858787492e-11,6.1732e-02,1.0500
1512.76,3.67150941e-03,2.147532e-03,1.109221e-05,-9.4860452826e-11,6.8261e-02,1.0500
1513.27,3.43204263e-03,2.127221e-03,1.125651e-05,-9.4860785893e-11,7.4843e-02,1.0500
1513.78,2.71419578e-03,2.117771e-03,1.140607e-05,-9.4861452027e-11,8.1848e-02,1.0500
1514.28,1.57259256e-03,2.120608e-03,1.153449e-05,-9.4862562250e-11,8.8798e-02,1.0500
1514.79,1.67161987e-04,2.136237e-03,1.163257e-05,-9.4863450428e-11,9.5680e-02,1.0500
1515.30,-1.29602298e-03,2.161670e-03,1.169241e-05,-9.4864560651e-11,1.0255e-01,1.0500
1515.80,-2.63033600e-03,2.189368e-03,1.171106e-05,-9.4864560651e-11,1.0939e-01,1.0500
1516.31,-3.70465666e-03,2.209093e-03,1.169156e-05,-9.4867114164e-11,1.1622e-01,1.0500
1516.82,-4.44902433e-03,2.211734e-03,1.164075e-05,-9.4867336209e-11,1.2302e-01,1.0500
1517.32,-4.84566652e-03,2.193243e-03,1.156509e-05,-9.4868446432e-11,1.2981e-01,1.0500
1517.83,-4.91660584e-03,2.156835e-03,1.146702e-05,-9.4868668477e-11,1.3657e-01,1.0500
1518.34,-4.70978491e-03,2.112340e-03,1.134407e-05,-9.4870000744e-11,1.4331e-01,1.0500
1518.84,-4.28611948e-03,2.072641e-03,1.119090e-05,-9.4871110967e-11,1.5003e-01,1.0500
1519.35,-3.71248481e-03,2.049026e-03,1.100293e-05,-9.4871999146e-11,1.5673e-01,1.0500
1519.86,-3.05977494e-03,2.047590e-03,1.077870e-05,-9.4872443235e-11,1.6341e-01,1.0500
1520.36,-2.39912703e-03,2.069812e-03,1.051987e-05,-9.4873109369e-11,1.7006e-01,1.0500
1520.87,-1.79281058e-03,2.115737e-03,1.022872e-05,-9.4874441636e-11,1.7669e-01,1.0500
1521.38,-1.28495839e-03,2.186190e-03,9.905321e-06,-9.4874552659e-11,1.8330e-01,1.0500
1521.88,-8.98862941e-04,2.282036e-03,9.546266e-06,-9.4875440837e-11,1.8989e-01,1.0500
1522.39,-6.40890813e-04,2.401131e-03,9.146333e-06,-9.4876662082e-11,1.9644e-01,1.0500
1522.90,-5.06846403e-04,2.535864e-03,8.702309e-06,-9.4877550261e-11,2.0297e-01,1.0500
1523.40,-4.88071636e-04,2.673664e-03,8.216919e-06,-9.4879326618e-11,2.0954e-01,1.0500
1523.91,-5.76009906e-04,2.800368e-03,7.700405e-06,-9.4881991153e-11,2.1619e-01,1.0500
1524.42,-7.63444442e-04,2.904487e-03,7.168021e-06,-9.4980801002e-11,2.1892e-01,1.0500
1524.92,-1.04160649e-03,2.980600e-03,6.633769e-06,-9.5217500551e-11,3.1578e-02,1.0375
1525.43,-1.39554236e-03,3.030727e-03,6.103378e-06,-9.5247698617e-11,3.8270e-02,1.0375
1525.94,-1.80155793e-03,3.063184e-03,5.571276e-06,-9.5271457390e-11,4.4884e-02,1.0375
1526.44,-2.22815285e-03,3.089095e-03,5.024238e-06,-9.5292662650e-11,5.1123e-02,1.0375
1526.95,-2.63897590e-03,3.117850e-03,4.449950e-06,-9.5311980530e-11,5.6990e-02,1.0375
1527.46,-2.99595703e-03,3.153710e-03,3.845587e-06,-9.5327967742e-11,6.2787e-02,1.0375
1527.97,-3.26405959e-03,3.195228e-03,3.223336e-06,-9.5340624284e-11,6.7435e-02,1.0375
1528.47,-3.41805028e-03,3.237690e-03,2.614494e-06,-9.5349284024e-11,7.2753e-02,1.0375
1528.98,-3.44984226e-03,3.276786e-03,2.078172e-06,-9.5353613894e-11,8.3288e-02,1.0375
1529.49,-3.37024654e-03,3.311462e-03,1.717474e-06,-9.5356278429e-11,6.5351e-02,1.0375
1529.99,-3.20321463e-03,3.343398e-03,1.657170e-06,-9.5367602704e-11,4.8038e-02,1.0375
1530.50,-2.97582218e-03,3.374637e-03,1.910682e-06,-9.5384700138e-11,5.4428e-02,1.0375
1531.01,-2.71123736e-03,3.404464e-03,2.357728e-06,-9.5400132238e-11,6.1128e-02,1.0375
1531.51,-2.42852155e-03,3.427625e-03,2.889740e-06,-9.5407126643e-11,6.5518e-02,1.0375
1532.02,-2.14682727e-03,3.435019e-03,3.451965e-06,-9.5410901402e-11,7.0083e-02,1.0375
1532.53,-1.88894324e-03,3.416514e-03,4.021408e-06,-9.5412233669e-11,7.5915e-02,1.0375
1533.03,-1.68031249e-03,3.364503e-03,4.589470e-06,-9.5414343093e-11,8.2609e-02,1.0375
1533.54,-1.54226632e-03,3.276752e-03,5.153250e-06,-9.5414565138e-11,8.9626e-02,1.0375
1534.05,-1.48177164e-03,3.157853e-03,5.711077e-06,-9.5416341495e-11,9.9051e-02,1.0375
1534.55,-1.48490747e-03,3.018098e-03,6.260384e-06,-9.5416119450e-11,1.0383e-01,1.0375
1535.06,-1.52240119e-03,2.870554e-03,6.797329e-06,-9.5417562740e-11,1.1085e-01,1.0375
1535.57,-1.56699376e-03,2.727310e-03,7.317660e-06,-9.5419783186e-11,1.1785e-01,1.0375
1536.07,-1.60941887e-03,2.596702e-03,7.817742e-06,-9.5419894208e-11,1.1830e-01,1.0375
1536.58,-1.65705921e-03,2.483249e-03,8.294671e-06,-9.5520147347e-11,2.8654e-02,1.0375
1537.09,-1.71378067e-03,2.390108e-03,8.745126e-06,-9.5525587440e-11,3.7557e-02,1.0500
1537.59,-1.75878319e-03,2.321296e-03,9.163762e-06,-9.5809693512e-11,3.8005e-02,1.0500
1538.10,-1.74641753e-03,2.281555e-03,9.542627e-06,-9.6173957687e-11,3.3800e-02,1.0625
1538.61,-1.63208276e-03,2.273456e-03,9.872679e-06,-9.6262553484e-11,2.8318e-02,1.0625
1539.11,-1.40711802e-03,2.294016e-03,1.014708e-05,-9.6263774729e-11,2.3486e-02,1.0625
1539.62,-1.11758077e-03,2.333890e-03,1.036471e-05,-9.6263885752e-11,2.2232e-02,1.0625
1540.13,-8.52519813e-04,2.380164e-03,1.053189e-05,-9.6264551885e-11,2.9210e-02,1.0625
1540.64,-7.06846819e-04,2.420724e-03,1.066142e-05,-9.6265662108e-11,3.6186e-02,1.0625
1541.14,-7.38960760e-04,2.447513e-03,1.076858e-05,-9.6266439265e-11,4.3160e-02,1.0625
1541.65,-9.45041584e-04,2.458023e-03,1.086524e-05,-9.6267993577e-11,5.0134e-02,1.0625
1542.16,-1.26019318e-03,2.455112e-03,1.095472e-05,-9.6280761142e-11,5.6600e-02,1.0625
1542.66,-1.58072755e-03,2.445437e-03,1.103022e-05,-9.6305186048e-11,6.3396e-02,1.0625
1543.17,-1.79354733e-03,2.436890e-03,1.107828e-05,-9.6408547812e-11,7.0088e-02,1.0563
1543.68,-1.80150121e-03,2.435761e-03,1.108546e-05,-9.6648689052e-11,7.6304e-02,1.0563
1544.18,-1.54182061e-03,2.444849e-03,1.104453e-05,-9.6773589142e-11,8.2165e-02,1.0625
1544.69,-1.00024923e-03,2.463329e-03,1.095736e-05,-9.6841534791e-11,8.7675e-02,1.0625
1545.20,-2.22709690e-04,2.488304e-03,1.083380e-05,-9.6977537112e-11,8.9381e-02,1.0563
1545.70,6.79134454e-04,2.516942e-03,1.068765e-05,-9.7096664042e-11,9.4404e-02,1.0500
1546.21,1.53791217e-03,2.547730e-03,1.053159e-05,-9.7097330176e-11,1.0127e-01,1.0500
1546.72,2.16523056e-03,2.580271e-03,1.037311e-05,-9.7098329377e-11,1.0812e-01,1.0500
1547.22,2.40831677e-03,2.614073e-03,1.021296e-05,-9.7099217555e-11,1.1494e-01,1.0500
1547.73,2.20662257e-03,2.647304e-03,1.004655e-05,-9.7099550622e-11,1.2175e-01,1.0500
1548.24,1.61667801e-03,2.676335e-03,9.867166e-06,-9.7101993113e-11,1.2854e-01,1.0500
1548.74,7.89363811e-04,2.696356e-03,9.669836e-06,-9.7101993113e-11,1.3530e-01,1.0500
1549.25,-8.52408066e-05,2.702802e-03,9.454076e-06,-9.7103769470e-11,1.4205e-01,1.0500
1549.76,-8.33606976e-04,2.692959e-03,9.224548e-06,-9.7103658447e-11,1.4877e-01,1.0500
1550.26,-1.33138569e-03,2.667207e-03,8.989078e-06,-9.7105101737e-11,1.5547e-01,1.0500
1550.77,-1.50871848e-03,2.629404e-03,8.755009e-06,-9.7105989916e-11,1.6215e-01,1.0500
1551.28,-1.34084191e-03,2.586101e-03,8.525680e-06,-9.7106545027e-11,1.6880e-01,1.0500
1551.78,-8.39873874e-04,2.544631e-03,8.299397e-06,-9.7107655250e-11,1.7544e-01,1.0500
1552.29,-5.29132271e-05,2.510726e-03,8.071401e-06,-9.7108654451e-11,1.8205e-01,1.0500
1552.80,9.37383935e-04,2.486527e-03,7.837918e-06,-9.7110430808e-11,1.8868e-01,1.0500
1553.30,2.01432833e-03,2.470577e-03,7.600278e-06,-9.7110319786e-11,1.9541e-01,1.0500
1553.81,3.03656651e-03,2.458640e-03,7.366685e-06,-9.7176267033e-11,2.0067e-01,1.0500
1554.32,3.86030924e-03,2.445886e-03,7.150294e-06,-9.7288177514e-11,2.0284e-01,1.0437
1554.83,4.37086022e-03,2.429052e-03,6.964046e-06,-9.7473251692e-11,9.0089e-02,1.0375
1555.33,4.51199111e-03,2.407773e-03,6.814524e-06,-9.7473917826e-11,9.6713e-02,1.0375
1555.84,4.30129215e-03,2.384546e-03,6.698093e-06,-9.7475028049e-11,1.0387e-01,1.0375
1556.35,3.82445236e-03,2.363671e-03,6.602116e-06,-9.7475583161e-11,1.1131e-01,1.0375
1556.85,3.21096524e-03,2.349496e-03,6.511217e-06,-9.7476582361e-11,1.1568e-01,1.0375
1557.36,2.60340831e-03,2.344891e-03,6.415349e-06,-9.7477359517e-11,1.2267e-01,1.0375
1557.87,2.13248072e-03,2.350988e-03,6.314967e-06,-9.7478802807e-11,1.2963e-01,1.0375
1558.37,1.90097644e-03,2.368188e-03,6.220133e-06,-9.7479579964e-11,1.3656e-01,1.0375
1558.88,1.97205549e-03,2.397468e-03,6.143785e-06,-9.7480246097e-11,1.4347e-01,1.0375
1559.39,2.35622185e-03,2.441235e-03,6.093188e-06,-9.7481467343e-11,6.3519e-02,1.0375
1559.89,2.99624730e-03,2.502716e-03,6.065072e-06,-9.7483243700e-11,1.8714e-02,1.0375
1560.40,3.75756278e-03,2.584375e-03,6.047558e-06,-9.7731933657e-11,1.8858e-02,1.0500
1560.91,4.43920123e-03,2.686423e-03,6.027057e-06,-9.7732377746e-11,1.9423e-02,1.0500
1561.41,4.81839922e-03,2.806334e-03,5.995507e-06,-9.7733154902e-11,1.8172e-02,1.0500
1561.92,4.72298033e-03,2.939500e-03,5.953881e-06,-9.7733710014e-11,1.5563e-02,1.0500
1562.43,4.09852594e-03,3.080567e-03,5.910445e-06,-9.7736041482e-11,1.8970e-02,1.0500
1562.93,3.02948756e-03,3.224744e-03,5.874895e-06,-9.7736041482e-11,2.5945e-02,1.0500
1563.44,1.70087951e-03,3.368598e-03,5.851480e-06,-9.7737262728e-11,3.3122e-02,1.0500
1563.95,3.27257840e-04,3.510162e-03,5.834957e-06,-9.7738706017e-11,4.0308e-02,1.0500
1564.45,-9.09092074e-04,3.648409e-03,5.811996e-06,-9.7738261928e-11,4.7487e-02,1.0500
1564.96,-1.88582158e-03,3.782674e-03,5.767805e-06,-9.7740260330e-11,5.4666e-02,1.0500
1565.47,-2.53565163e-03,3.911898e-03,5.694218e-06,-9.7739816241e-11,6.1852e-02,1.0500
1565.97,-2.82578164e-03,4.032604e-03,5.595590e-06,-9.7741814642e-11,6.8391e-02,1.0500
1566.48,-2.73738383e-03,4.139579e-03,5.487407e-06,-9.7743924066e-11,7.5302e-02,1.0500
1566.99,-2.25570285e-03,4.227852e-03,5.387338e-06,-9.7743146910e-11,8.2215e-02,1.0500
1567.49,-1.37968567e-03,4.294393e-03,5.303462e-06,-9.7744812244e-11,8.9110e-02,1.0500
1568.00,-1.51566364e-04,4.338830e-03,5.227681e-06,-9.7744812244e-11,9.5986e-02,1.0500
1568.51,1.30501334e-03,4.363280e-03,5.139485e-06,-9.7746255534e-11,1.0284e-01,1.0500
1569.02,2.75832552e-03,4.371637e-03,5.018260e-06,-9.7745922467e-11,1.0968e-01,1.0500
1569.52,3.88999242e-03,4.368491e-03,4.856969e-06,-9.7747698824e-11,1.1650e-01,1.0500
1570.03,4.39082804e-03,4.358047e-03,4.670002e-06,-9.7748587002e-11,1.2330e-01,1.0500
1570.54,4.09338361e-03,4.343420e-03,4.490614e-06,-9.7749586203e-11,1.3008e-01,1.0500
1571.04,3.05278634e-03,4.326591e-03,4.356458e-06,-9.7750030292e-11,1.3683e-01,1.0500
1571.55,1.51894187e-03,4.308879e-03,4.288563e-06,-9.7752694828e-11,1.4357e-01,1.0500
1572.06,-1.74505032e-04,4.291388e-03,4.278295e-06,-9.7753027894e-11,1.5030e-01,1.0500
1572.56,-1.73058130e-03,4.274345e-03,4.295009e-06,-9.7753360961e-11,1.5711e-01,1.0500
1573.07,-2.95455988e-03,4.258266e-03,4.309207e-06,-9.7752916872e-11,1.6392e-01,1.0500
1573.58,-3.75707509e-03,4.242274e-03,4.313236e-06,-9.7835295421e-11,1.7036e-01,1.0437
1574.08,-4.12564443e-03,4.224096e-03,4.326604e-06,-9.7951868838e-11,1.7451e-01,1.0500
1574.59,-4.09218368e-03,4.200426e-03,4.383017e-06,-9.8059782516e-11,1.7598e-01,1.0437
1575.10,-3.70914809e-03,4.167061e-03,4.506576e-06,-9.8217656230e-11,3.7595e-02,1.0375
1575.60,-3.03910638e-03,4.120946e-03,4.694471e-06,-9.8219876676e-11,4.3469e-02,1.0375
1576.11,-2.15558961e-03,4.061108e-03,4.920932e-06,-9.8221097922e-11,4.9537e-02,1.0375
1576.62,-1.14939571e-03,3.987752e-03,5.157437e-06,-9.8222541212e-11,5.6146e-02,1.0375
1577.12,-1.32550635e-04,3.901536e-03,5.391889e-06,-9.8222874279e-11,6.3021e-02,1.0375
1577.63,7.67175707e-04,3.803035e-03,5.635000e-06,-9.8223873479e-11,7.0125e-02,1.0375
1578.14,1.42441146e-03,3.692645e-03,5.911296e-06,-9.8223318368e-11,7.8881e-02,1.0375
1578.64,1.74484305e-03,3.571070e-03,6.240437e-06,-9.8226538015e-11,8.4503e-02,1.0375
1579.15,1.69366980e-03,3.439871e-03,6.621404e-06,-9.8226982104e-11,3.6623e-02,1.0375
1579.66,1.30744122e-03,3.302240e-03,7.030913e-06,-9.8423491579e-11,2.2234e-02,1.0500
1580.16,6.81437537e-04,3.162589e-03,7.435941e-06,-9.8611452337e-11,2.8458e-02,1.0500
1580.67,-5.94621781e-05,3.025390e-03,7.810053e-06,-9.8847818819e-11,3.0329e-02,1.0500
1581.18,-7.91178266e-04,2.893771e-03,8.143442e-06,-9.9018349076e-11,2.8849e-02,1.0625
1581.68,-1.41007577e-03,2.768562e-03,8.442842e-06,-9.9018904187e-11,2.5350e-02,1.0625
1582.19,-1.83813201e-03,2.648376e-03,8.723009e-06,-9.9020014410e-11,2.3084e-02,1.0625
1582.70,-2.01813466e-03,2.530728e-03,8.994983e-06,-9.9042885005e-11,2.9912e-02,1.0563
1583.21,-1.90708107e-03,2.413611e-03,9.257848e-06,-9.9073083071e-11,3.6367e-02,1.0625
1583.71,-1.47561638e-03,2.296723e-03,9.498527e-06,-9.9108388163e-11,4.2826e-02,1.0625
1584.22,-7.19594390e-04,2.181872e-03,9.698918e-06,-9.9142583032e-11,4.9184e-02,1.0625
1584.73,3.16886877e-04,2.072720e-03,9.845238e-06,-9.9230068606e-11,5.4272e-02,1.0625
1585.23,1.51676467e-03,1.974250e-03,9.934069e-06,-9.9428687506e-11,5.0615e-02,1.0500
1585.74,2.68177301e-03,1.892267e-03,9.972417e-06,-9.9430241818e-11,5.6955e-02,1.0500
1586.25,3.55951596e-03,1.832882e-03,9.972566e-06,-9.9431241019e-11,6.3709e-02,1.0500
1586.75,3.91633448e-03,1.801789e-03,9.944984e-06,-9.9431241019e-11,7.0579e-02,1.0500
1587.26,3.63052961e-03,1.802850e-03,9.893371e-06,-9.9432573286e-11,7.7595e-02,1.0500
1587.77,2.75024027e-03,1.837618e-03,9.814545e-06,-9.9434571688e-11,8.4564e-02,1.0500
1588.27,1.47205425e-03,1.904246e-03,9.702669e-06,-9.9435126799e-11,9.1502e-02,1.0500
1588.78,5.86615057e-05,1.998275e-03,9.554648e-06,-9.9435459866e-11,9.8370e-02,1.0500
1589.29,-1.24793301e-03,2.114004e-03,9.373290e-06,-9.9436348044e-11,1.0523e-01,1.0500
1589.79,-2.27742886e-03,2.245538e-03,9.166807e-06,-9.9436459067e-11,1.1206e-01,1.0500
1590.30,-2.93965622e-03,2.386834e-03,8.945596e-06,-9.9437014178e-11,1.1888e-01,1.0500
1590.81,-3.20598802e-03,2.531362e-03,8.718491e-06,-9.9438790535e-11,1.2567e-01,1.0500
1591.31,-3.08504314e-03,2.672000e-03,8.490423e-06,-9.9440122803e-11,1.3245e-01,1.0500
1591.82,-2.60469482e-03,2.801495e-03,8.262415e-06,-9.9440455870e-11,1.3920e-01,1.0500
1592.33,-1.80634557e-03,2.913759e-03,8.033602e-06,-9.9441788137e-11,1.4593e-01,1.0500
1592.83,-7.49799017e-04,3.005448e-03,7.804078e-06,-9.9442010182e-11,1.5264e-01,1.0500
1593.34,4.75803031e-04,3.077027e-03,7.577093e-06,-9.9442676316e-11,1.5933e-01,1.0500
1593.85,1.74291445e-03,3.132578e-03,7.359689e-06,-9.9444896762e-11,1.6600e-01,1.0500
1594.35,2.88928138e-03,3.178162e-03,7.161648e-06,-9.9445784940e-11,1.7264e-01,1.0500
1594.86,3.74321774e-03,3.219338e-03,6.993108e-06,-9.9446229029e-11,1.7926e-01,1.0500
1595.37,4.16958376e-03,3.259189e-03,6.861441e-06,-9.9447561297e-11,1.8585e-01,1.0500
1595.87,4.11573804e-03,3.298047e-03,6.768462e-06,-9.9447561297e-11,1.9253e-01,1.0500
1596.38,3.63280697e-03,3.335066e-03,6.709364e-06,-9.9449448676e-11,1.9927e-01,1.0500
1596.89,2.85761621e-03,3.370382e-03,6.674362e-06,-9.9542041276e-11,2.0331e-01,1.0500
1597.40,1.96698367e-03,3.406242e-03,6.652478e-06,-9.9800390174e-11,4.9724e-02,1.0375
1597.90,1.12947253e-03,3.445423e-03,6.636084e-06,-9.9816044319e-11,4.0462e-02,1.0375
1598.41,4.74019390e-04,3.488464e-03,6.624227e-06,-9.9852015545e-11,3.5754e-02,1.0375
1598.92,7.94766861e-05,3.531828e-03,6.622676e-06,-9.9897756733e-11,3.5725e-02,1.0375
1599.42,-2.28467845e-05,3.568305e-03,6.640085e-06,-9.9943164855e-11,3.7729e-02,1.0375
1599.93,1.56196438e-04,3.589694e-03,6.681696e-06,-9.9985797419e-11,4.0966e-02,1.0375
1600.44,5.66020542e-04,3.590246e-03,6.744027e-06,-1.0001954820e-10,4.4606e-02,1.0375
1600.94,1.11662800e-03,3.569046e-03,6.814164e-06,-1.0004608253e-10,4.6946e-02,1.0375
1601.45,1.68321538e-03,3.530233e-03,6.874585e-06,-1.0007183970e-10,4.6130e-02,1.0375
1601.96,2.12278447e-03,3.481000e-03,6.910982e-06,-1.0009659768e-10,4.3359e-02,1.0375
1602.46,2.30526556e-03,3.428290e-03,6.919055e-06,-1.0012457530e-10,4.1125e-02,1.0375
1602.97,2.15087528e-03,3.375869e-03,6.906804e-06,-1.0015321905e-10,4.0907e-02,1.0375
1603.48,1.65646566e-03,3.323431e-03,6.890472e-06,-1.0017886520e-10,4.2034e-02,1.0375
1603.98,8.95920709e-04,3.268321e-03,6.884969e-06,-1.0020306807e-10,4.1676e-02,1.0375
1604.49,-6.14978071e-06,3.208754e-03,6.893481e-06,-1.0022060959e-10,4.6708e-02,1.0375
1605.00,-9.13409986e-04,3.146378e-03,6.903033e-06,-1.0023204489e-10,5.2727e-02,1.0375
1605.50,-1.71187933e-03,3.086363e-03,6.889595e-06,-1.0023992747e-10,5.8694e-02,1.0375
1606.01,-2.32902317e-03,3.034748e-03,6.829888e-06,-1.0024281405e-10,6.0647e-02,1.0375
1606.52,-2.73757516e-03,2.994518e-03,6.713290e-06,-1.0024459041e-10,6.4765e-02,1.0375
1607.02,-2.94906954e-03,2.962872e-03,6.548352e-06,-1.0024658881e-10,7.0603e-02,1.0375
1607.53,-3.00279343e-03,2.931554e-03,6.361112e-06,-1.0024703290e-10,7.7290e-02,1.0375
1608.04,-2.95471098e-03,2.890844e-03,6.184707e-06,-1.0024869823e-10,8.4352e-02,1.0375
1608.54,-2.86828673e-03,2.834086e-03,6.043329e-06,-1.0024869823e-10,9.1479e-02,1.0375
1609.05,-2.80534431e-03,2.761549e-03,5.938764e-06,-1.0025036357e-10,9.8535e-02,1.0375
1609.56,-2.81422140e-03,2.681255e-03,5.849131e-06,-1.0025047459e-10,1.0557e-01,1.0375
1610.06,-2.91777341e-03,2.606228e-03,5.742066e-06,-1.0025258401e-10,1.1257e-01,1.0375
1610.57,-3.10985792e-03,2.549126e-03,5.594040e-06,-1.0025302810e-10,1.1990e-01,1.0375
1611.08,-3.36494855e-03,2.516700e-03,5.405640e-06,-1.0025358321e-10,5.0217e-02,1.0375
1611.59,-3.65436707e-03,2.507352e-03,5.206139e-06,-1.0025680286e-10,1.9146e-02,1.0375
1612.09,-3.95438834e-03,2.513221e-03,5.043962e-06,-1.0025980046e-10,2.6641e-02,1.0375
1612.60,-4.24062572e-03,2.525166e-03,4.963549e-06,-1.0029244102e-10,2.6705e-02,1.0500
1613.11,-4.47768626e-03,2.537508e-03,4.979621e-06,-1.0029255204e-10,1.8489e-02,1.0500
1613.61,-4.61896162e-03,2.549375e-03,5.069138e-06,-1.0029344022e-10,1.5866e-02,1.0500
1614.12,-4.62127160e-03,2.562630e-03,5.189479e-06,-1.0029355124e-10,2.2896e-02,1.0500
1614.63,-4.46553231e-03,2.578310e-03,5.307184e-06,-1.0029499453e-10,2.9916e-02,1.0500
1615.13,-4.16832949e-03,2.593786e-03,5.417191e-06,-1.0029677089e-10,3.6925e-02,1.0500
1615.64,-3.77717070e-03,2.602482e-03,5.544301e-06,-1.0029677089e-10,4.3920e-02,1.0500
1616.15,-3.35239259e-03,2.596464e-03,5.727491e-06,-1.0029677089e-10,5.0901e-02,1.0500
1616.65,-2.94648410e-03,2.570518e-03,5.994622e-06,-1.0029765907e-10,6.3332e-02,1.0500
1617.16,-2.59087240e-03,2.525565e-03,6.343461e-06,-1.0029888031e-10,1.5633e-01,1.0500
1617.67,-2.29409260e-03,2.469782e-03,6.742863e-06,-1.0030032360e-10,7.1779e-02,1.0500
1618.17,-2.04855544e-03,2.416267e-03,7.151254e-06,-1.0030198894e-10,7.8776e-02,1.0500
1618.68,-1.84010612e-03,2.378239e-03,7.537275e-06,-1.0030165587e-10,8.5823e-02,1.0500
1619.19,-1.65610997e-03,2.364163e-03,7.891024e-06,-1.0030287712e-10,9.2863e-02,1.0500
1619.69,-1.49032572e-03,2.375813e-03,8.223203e-06,-1.0030376529e-10,1.0010e-01,1.0500
1620.20,-1.34401466e-03,2.409971e-03,8.554980e-06,-1.0030432041e-10,1.0820e-01,1.0500
1620.71,-1.22316292e-03,2.461602e-03,8.904185e-06,-1.0032275011e-10,1.1381e-01,1.0500
1621.21,-1.13325590e-03,2.526140e-03,9.274914e-06,-1.0043910148e-10,1.2040e-01,1.0437
1621.72,-1.07503516e-03,2.599102e-03,9.655760e-06,-1.0064871159e-10,1.2557e-01,1.0500
1622.23,-1.04410864e-03,2.674183e-03,1.002654e-05,-1.0070999590e-10,1.3064e-01,1.0500
1622.73,-1.03365214e-03,2.741958e-03,1.036833e-05,-1.0095180247e-10,3.6644e-02,1.0375
1623.24,-1.03624487e-03,2.790586e-03,1.067083e-05,-1.0096201652e-10,4.0777e-02,1.0375
1623.75,-1.04197777e-03,2.808382e-03,1.093401e-05,-1.0097056524e-10,4.5963e-02,1.0375
1624.26,-1.03453485e-03,2.787150e-03,1.116453e-05,-1.0097878089e-10,5.1689e-02,1.0375
1624.76,-9.90046335e-04,2.725056e-03,1.136974e-05,-1.0098266667e-10,5.7474e-02,1.0375
1625.27,-8.81736589e-04,2.627958e-03,1.155291e-05,-1.0098555325e-10,6.3708e-02,1.0375
1625.78,-6.88492969e-04,2.508365e-03,1.171196e-05,-1.0098688552e-10,7.0448e-02,1.0375
1626.28,-4.02273249e-04,2.382499e-03,1.184176e-05,-1.0098732961e-10,7.7485e-02,1.0375
1626.79,-3.05252201e-05,2.266121e-03,1.193795e-05,-1.0098910597e-10,8.5905e-02,1.0375
1627.30,4.06103338e-04,2.170810e-03,1.199950e-05,-1.0099043823e-10,9.3912e-02,1.0375
1627.80,8.77445937e-04,2.102706e-03,1.202883e-05,-1.0099099335e-10,6.3615e-02,1.0375
1628.31,1.34606857e-03,2.064398e-03,1.202963e-05,-1.0099487913e-10,3.7319e-02,1.0375
1628.82,1.76840967e-03,2.057921e-03,1.200416e-05,-1.0116496529e-10,4.2200e-02,1.0500
1629.32,2.09777734e-03,2.084988e-03,1.195169e-05,-1.0139233897e-10,4.2941e-02,1.0500
1629.83,2.29173270e-03,2.144813e-03,1.186890e-05,-1.0139278306e-10,4.1771e-02,1.0500
1630.34,2.32298155e-03,2.230985e-03,1.175205e-05,-1.0139367124e-10,3.9576e-02,1.0500
1630.84,2.18934182e-03,2.330676e-03,1.159939e-05,-1.0139522555e-10,3.6679e-02,1.0500
1631.35,1.91778487e-03,2.427375e-03,1.141255e-05,-1.0139689088e-10,3.2895e-02,1.0500
1631.86,1.56059500e-03,2.505493e-03,1.119580e-05,-1.0139744600e-10,2.7980e-02,1.0500
1632.36,1.18591666e-03,2.554782e-03,1.095362e-05,-1.0139777906e-10,3.5011e-02,1.0500
1632.87,8.67139552e-04,2.573266e-03,1.068785e-05,-1.0139911133e-10,4.2061e-02,1.0500
1633.38,6.74484014e-04,2.568064e-03,1.039624e-05,-1.0139966644e-10,4.8636e-02,1.0500
1633.88,6.69050077e-04,2.553526e-03,1.007324e-05,-1.0140044360e-10,5.5404e-02,1.0500
1634.39,8.96818017e-04,2.546501e-03,9.712535e-06,-1.0140133178e-10,6.2625e-02,1.0500
1634.90,1.37947528e-03,2.560143e-03,9.310175e-06,-1.0140277507e-10,6.9488e-02,1.0500
1635.40,2.10065592e-03,2.599526e-03,8.866525e-06,-1.0140310813e-10,7.6480e-02,1.0500
1635.91,2.99055697e-03,2.661436e-03,8.386375e-06,-1.0140377427e-10,8.3449e-02,1.0500
1636.42,3.91856571e-03,2.738725e-03,7.877195e-06,-1.0140532858e-10,9.0376e-02,1.0500
1636.92,4.70685809e-03,2.825610e-03,7.346442e-06,-1.0140666085e-10,9.7266e-02,1.0500
1637.43,5.17161046e-03,2.920261e-03,6.799297e-06,-1.0140766005e-10,1.0412e-01,1.0500
1637.94,5.18265698e-03,3.023452e-03,6.237953e-06,-1.0140766005e-10,1.1096e-01,1.0500
1638.45,4.71483758e-03,3.134791e-03,5.662853e-06,-1.0140899231e-10,1.1778e-01,1.0500
1638.95,3.86023309e-03,3.249414e-03,5.075346e-06,-1.0141010254e-10,1.2457e-01,1.0500
1639.46,2.79162768e-03,3.357449e-03,4.480713e-06,-1.0141043560e-10,1.3135e-01,1.0500
1639.97,1.70023996e-03,3.446541e-03,3.890638e-06,-1.0141221196e-10,1.3811e-01,1.0500
1640.47,7.44337294e-04,3.505828e-03,3.324922e-06,-1.0141310014e-10,1.4484e-01,1.0500
1640.98,2.90540090e-05,3.529477e-03,2.813278e-06,-1.0141310014e-10,1.5155e-01,1.0500
1641.49,-3.87976042e-04,3.518467e-03,2.398340e-06,-1.0141365525e-10,1.5825e-01,1.0500
1641.99,-4.81937764e-04,3.480057e-03,2.136693e-06,-1.0141587570e-10,1.6491e-01,1.0500
1642.50,-2.50152603e-04,3.425432e-03,2.082631e-06,-1.0141643081e-10,1.7156e-01,1.0500
1643.01,2.90713817e-04,3.365907e-03,2.248470e-06,-1.0141720796e-10,1.7824e-01,1.0500
1643.51,1.10223079e-03,3.309575e-03,2.591547e-06,-1.0141776308e-10,1.8498e-01,1.0500
1644.02,2.11697536e-03,3.259999e-03,3.050529e-06,-1.0145029261e-10,1.9154e-01,1.0437
1644.53,3.22680530e-03,3.217764e-03,3.574597e-06,-1.0154388441e-10,1.9583e-01,1.0437
1645.03,4.27616111e-03,3.182586e-03,4.127575e-06,-1.0155465358e-10,3.8499e-02,1.0500
1645.54,5.07521162e-03,3.155205e-03,4.684613e-06,-1.0155443153e-10,3.8257e-02,1.0500
1646.05,5.44212319e-03,3.137424e-03,5.229817e-06,-1.0155509766e-10,3.7162e-02,1.0500
1646.55,5.26586120e-03,3.130307e-03,5.754866e-06,-1.0155642993e-10,3.5479e-02,1.0500
1647.06,4.55662458e-03,3.132249e-03,6.257341e-06,-1.0155742913e-10,3.6460e-02,1.0500
1647.57,3.44794903e-03,3.138437e-03,6.738275e-06,-1.0155820629e-10,4.3561e-02,1.0500
1648.07,2.14646313e-03,3.142203e-03,7.199371e-06,-1.0155776220e-10,5.0836e-02,1.0500
1648.58,8.61880923e-04,3.137494e-03,7.640731e-06,-1.0155953856e-10,5.8051e-02,1.0500
1649.09,-2.44565628e-04,3.121125e-03,8.059748e-06,-1.0156075980e-10,6.5242e-02,1.0500
1649.59,-1.07771373e-03,3.093896e-03,8.451375e-06,-1.0156198105e-10,7.2434e-02,1.0500
1650.10,-1.60018661e-03,3.060220e-03,8.809502e-06,-1.0156420149e-10,7.9639e-02,1.0500
1650.61,-1.81411456e-03,3.026401e-03,9.128859e-06,-1.0156331332e-10,8.8483e-02,1.0500
1651.11,-1.74412078e-03,2.998510e-03,9.406729e-06,-1.0159761921e-10,9.2763e-02,1.0500
1651.62,-1.42648041e-03,2.980832e-03,9.643859e-06,-1.0180623011e-10,9.9140e-02,1.0437
1652.13,-9.05244417e-04,2.975399e-03,9.844233e-06,-1.0193634825e-10,1.0490e-01,1.0500
1652.64,-2.33111710e-04,2.982719e-03,1.001370e-05,-1.0199674438e-10,1.1023e-01,1.0500
1653.14,5.26454093e-04,3.002631e-03,1.015777e-05,-1.0224054936e-10,6.7439e-02,1.0375
1653.65,1.29876377e-03,3.034862e-03,1.027922e-05,-1.0224499025e-10,6.1632e-02,1.0375
1654.16,2.00157773e-03,3.078746e-03,1.037663e-05,-1.0225487124e-10,4.8477e-02,1.0375
1654.66,2.55491542e-03,3.132347e-03,1.044478e-05,-1.0227241276e-10,3.6327e-02,1.0375
1655.17,2.89597339e-03,3.191624e-03,1.047704e-05,-1.0228662362e-10,2.7627e-02,1.0375
1655.68,2.99353196e-03,3.250280e-03,1.046909e-05,-1.0229384007e-10,2.2449e-02,1.0375
1656.18,2.85463713e-03,3.300585e-03,1.042230e-05,-1.0230372105e-10,2.0478e-02,1.0375
1656.69,2.51994814e-03,3.335066e-03,1.034503e-05,-1.0231160363e-10,2.3268e-02,1.0375
1657.20,2.05013094e-03,3.348443e-03,1.025067e-05,-1.0231915315e-10,2.7133e-02,1.0375
1657.70,1.50961174e-03,3.339148e-03,1.015234e-05,-1.0232326098e-10,2.8112e-02,1.0375
1658.21,9.53828601e-04,3.309951e-03,1.005659e-05,-1.0232814596e-10,3.2454e-02,1.0375
1658.72,4.22943912e-04,3.267386e-03,9.959603e-06,-1.0234180170e-10,3.7751e-02,1.0375
1659.22,-5.85931729e-05,3.220019e-03,9.848779e-06,-1.0236245185e-10,4.3905e-02,1.0375
1659.73,-4.79173151e-04,3.176007e-03,9.709574e-06,-1.0237943826e-10,5.0281e-02,1.0375
1660.24,-8.36298344e-04,3.140727e-03,9.534185e-06,-1.0239020742e-10,5.6518e-02,1.0375
1660.74,-1.13333453e-03,3.115482e-03,9.327778e-06,-1.0239709081e-10,6.2637e-02,1.0375
1661.25,-1.37704319e-03,3.097755e-03,9.108770e-06,-1.0240008841e-10,6.8906e-02,1.0375
1661.76,-1.57571691e-03,3.082751e-03,8.901950e-06,-1.0240153170e-10,7.5773e-02,1.0375
1662.26,-1.73763682e-03,3.065456e-03,8.726586e-06,-1.0240230885e-10,8.2683e-02,1.0375
1662.77,-1.86958358e-03,3.042196e-03,8.585714e-06,-1.0240375214e-10,9.1758e-02,1.0375
1663.28,-1.97525772e-03,3.011028e-03,8.463800e-06,-1.0240464032e-10,9.9924e-02,1.0375
1663.78,-2.05379235e-03,2.971191e-03,8.335205e-06,-1.0240586157e-10,1.0407e-01,1.0375
1664.29,-2.09899057e-03,2.922117e-03,8.178484e-06,-1.0240630566e-10,1.1107e-01,1.0375
1664.80,-2.10017442e-03,2.862692e-03,7.988474e-06,-1.0240674975e-10,1.1807e-01,1.0375
1665.30,-2.04529643e-03,2.791349e-03,7.780228e-06,-1.0240863713e-10,1.2504e-01,1.0375
1665.81,-1.92623829e-03,2.707080e-03,7.582676e-06,-1.0240908122e-10,1.3199e-01,1.0375
1666.32,-1.74525372e-03,2.611017e-03,7.424174e-06,-1.0241030246e-10,1.3891e-01,1.0375
1666.83,-1.52062038e-03,2.507542e-03,7.316900e-06,-1.0241074655e-10,1.4581e-01,1.0375
1667.33,-1.28901950e-03,2.404400e-03,7.249468e-06,-1.0241207882e-10,1.5269e-01,1.0375
1667.84,-1.10230539e-03,2.311388e-03,7.193829e-06,-1.0241318904e-10,1.5954e-01,1.0375
1668.35,-1.01765376e-03,2.237567e-03,7.121426e-06,-1.0241418824e-10,6.0401e-02,1.0375
1668.85,-1.08275781e-03,2.188302e-03,7.018077e-06,-1.0241452131e-10,2.5057e-02,1.0375
1669.36,-1.32081063e-03,2.163866e-03,6.890128e-06,-1.0241507642e-10,1.6658e-02,1.0375
1669.87,-1.72137714e-03,2.160714e-03,6.759887e-06,-1.0241796300e-10,1.6156e-02,1.0375
1670.37,-2.24125865e-03,2.174486e-03,6.653020e-06,-1.0242262594e-10,1.9681e-02,1.0375
1670.88,-2.81482255e-03,2.203071e-03,6.584100e-06,-1.0243572657e-10,1.7754e-02,1.0375
1671.39,-3.36899035e-03,2.247383e-03,6.548572e-06,-1.0245992943e-10,1.2818e-02,1.0375
1671.89,-3.83680402e-03,2.309451e-03,6.526221e-06,-1.0249268101e-10,1.5344e-02,1.0375
1672.40,-4.16542950e-03,2.389395e-03,6.493256e-06,-1.0252720894e-10,1.7650e-02,1.0375
1672.91,-4.31778191e-03,2.483369e-03,6.434761e-06,-1.0256329119e-10,1.9260e-02,1.0375
1673.41,-4.26973328e-03,2.583943e-03,6.350731e-06,-1.0259981753e-10,2.1843e-02,1.0375
1673.92,-4.00625061e-03,2.682661e-03,6.253652e-06,-1.0263900840e-10,2.5489e-02,1.0375
1674.43,-3.51997994e-03,2.773173e-03,6.159749e-06,-1.0267420247e-10,2.9535e-02,1.0375
1674.93,-2.81483428e-03,2.853384e-03,6.078818e-06,-1.0271072881e-10,3.4084e-02,1.0375
1675.44,-1.91562146e-03,2.925753e-03,6.008412e-06,-1.0274348039e-10,3.9074e-02,1.0375
1675.95,-8.81017860e-04,2.995666e-03,5.935697e-06,-1.0277378948e-10,4.4412e-02,1.0375
1676.45,1.86536503e-04,3.068658e-03,5.845320e-06,-1.0280010176e-10,4.8862e-02,1.0375
1676.96,1.14399713e-03,3.147818e-03,5.728136e-06,-1.0281975271e-10,5.1271e-02,1.0375
1677.47,1.83323062e-03,3.232636e-03,5.585858e-06,-1.0283685015e-10,5.2209e-02,1.0375
1677.97,2.12539411e-03,3.319923e-03,5.429429e-06,-1.0285239327e-10,5.3321e-02,1.0375
1678.48,1.96744767e-03,3.406010e-03,5.271984e-06,-1.0286171914e-10,5.4308e-02,1.0375
1678.99,1.40449064e-03,3.488883e-03,5.120408e-06,-1.0286960173e-10,5.5679e-02,1.0375
1679.49,5.64482039e-04,3.569256e-03,4.970129e-06,-1.0287237728e-10,6.0788e-02,1.0375
1680.00,-3.84531908e-04,3.649576e-03,4.807179e-06,-1.0287659613e-10,4.1736e-02,1.0375
1680.51,-1.28073843e-03,3.731786e-03,4.616217e-06,-1.0288381258e-10,4.7767e-02,1.0375
1681.02,-1.99838578e-03,3.815220e-03,4.389834e-06,-1.0290091002e-10,5.5434e-02,1.0375
1681.52,-2.45606053e-03,3.895729e-03,4.134710e-06,-1.0291933972e-10,6.2655e-02,1.0375
1682.03,-2.61004925e-03,3.966258e-03,3.872164e-06,-1.0293199626e-10,6.7281e-02,1.0375
1682.54,-2.44310762e-03,4.019226e-03,3.632318e-06,-1.0293910169e-10,7.1745e-02,1.0375
1683.04,-1.95698290e-03,4.048609e-03,3.442665e-06,-1.0294221031e-10,7.6719e-02,1.0375
1683.55,-1.17342414e-03,4.051891e-03,3.315751e-06,-1.0294320951e-10,8.3493e-02,1.0375
1684.06,-1.44147772e-04,4.031001e-03,3.244564e-06,-1.0294420871e-10,9.0174e-02,1.0375
1684.56,1.03444940e-03,3.991836e-03,3.210469e-06,-1.0294498587e-10,1.0005e-01,1.0375
1685.07,2.21259224e-03,3.942125e-03,3.197972e-06,-1.0294587405e-10,1.0422e-01,1.0375
1685.58,3.19906747e-03,3.888403e-03,3.205616e-06,-1.0294654018e-10,1.1122e-01,1.0375
1686.08,3.80246648e-03,3.833789e-03,3.246941e-06,-1.0294765040e-10,1.1870e-01,1.0375
1686.59,3.89328590e-03,3.777650e-03,3.341822e-06,-1.0294942676e-10,1.0601e-01,1.0375
1687.10,3.45532401e-03,3.717282e-03,3.503772e-06,-1.0294942676e-10,7.0074e-02,1.0375
1687.60,2.59395881e-03,3.651204e-03,3.731713e-06,-1.0295209130e-10,4.9604e-02,1.0375
1688.11,1.49604487e-03,3.580957e-03,4.011740e-06,-1.0295286845e-10,4.1122e-02,1.0375
1688.62,3.66807325e-04,3.510565e-03,4.325639e-06,-1.0295497788e-10,4.0359e-02,1.0375
1689.12,-6.22202116e-04,3.444228e-03,4.659092e-06,-1.0295819752e-10,4.3149e-02,1.0375
1689.63,-1.35653565e-03,3.383315e-03,5.004838e-06,-1.0296430375e-10,4.7072e-02,1.0375
1690.14,-1.77697406e-03,3.324396e-03,5.360871e-06,-1.0296741237e-10,5.0018e-02,1.0375
1690.64,-1.86577162e-03,3.259725e-03,5.726541e-06,-1.0297018793e-10,5.3339e-02,1.0375
1691.15,-1.63368710e-03,3.179921e-03,6.099438e-06,-1.0297052100e-10,5.8382e-02,1.0375
1691.66,-1.11484249e-03,3.077531e-03,6.474455e-06,-1.0297385167e-10,6.4264e-02,1.0375
1692.16,-3.70384229e-04,2.949776e-03,6.844995e-06,-1.0297340758e-10,7.0923e-02,1.0375
1692.67,5.03601044e-04,2.799967e-03,7.205344e-06,-1.0297529496e-10,7.7942e-02,1.0375
1693.18,1.37309936e-03,2.636793e-03,7.552570e-06,-1.0297662723e-10,7.8330e-02,1.0375
1693.68,2.07880881e-03,2.472686e-03,7.886532e-06,-1.0303813358e-10,2.2077e-02,1.0500
1694.19,2.46948509e-03,2.320631e-03,8.207685e-06,-1.0303946585e-10,2.1354e-02,1.0500
1694.70,2.44747580e-03,2.190847e-03,8.514006e-06,-1.0303979892e-10,2.0878e-02,1.0500
1695.21,2.00460656e-03,2.089355e-03,8.799236e-06,-1.0304168629e-10,2.0044e-02,1.0500
1695.71,1.22711191e-03,2.018309e-03,9.053878e-06,-1.0304224141e-10,2.2210e-02,1.0500
1696.22,2.66051246e-04,1.977354e-03,9.268588e-06,-1.0304324061e-10,2.9232e-02,1.0500
1696.73,-7.09894601e-04,1.964539e-03,9.438161e-06,-1.0304368470e-10,3.6242e-02,1.0500
1697.23,-1.55625862e-03,1.976091e-03,9.564038e-06,-1.0304501696e-10,4.3239e-02,1.0500
1697.74,-2.17584755e-03,2.005743e-03,9.653873e-06,-1.0304535003e-10,5.0221e-02,1.0500
1698.25,-2.52308506e-03,2.045364e-03,9.717888e-06,-1.0304668230e-10,5.7189e-02,1.0500
1698.75,-2.59710336e-03,2.087365e-03,9.763393e-06,-1.0304723741e-10,6.4141e-02,1.0500
1699.26,-2.43119332e-03,2.127294e-03,9.790266e-06,-1.0304768150e-10,7.1076e-02,1.0500
1699.77,-2.08283705e-03,2.165148e-03,9.790205e-06,-1.0304845866e-10,7.8048e-02,1.0500
1700.27,-1.62511480e-03,2.204924e-03,9.750640e-06,-1.0304990194e-10,8.5050e-02,1.0500
1700.78,-1.13836657e-03,2.252152e-03,9.661547e-06,-1.0305212239e-10,9.2076e-02,1.0500
1701.29,-7.00809591e-04,2.311075e-03,9.521957e-06,-1.0305123421e-10,9.9068e-02,1.0500
1701.79,-3.78028201e-04,2.382489e-03,9.343065e-06,-1.0305256648e-10,1.0658e-01,1.0500
1702.30,-2.13080046e-04,2.463726e-03,9.145993e-06,-1.0305378773e-10,1.1484e-01,1.0500
1702.81,-2.20170823e-04,2.550893e-03,8.954172e-06,-1.0308720544e-10,1.1987e-01,1.0500
1703.31,-3.84365934e-04,2.641508e-03,8.783141e-06,-1.0322709354e-10,1.2616e-01,1.0437
1703.82,-6.67583736e-04,2.735968e-03,8.633231e-06,-1.0335199363e-10,1.3108e-01,1.0500
1704.33,-1.01845302e-03,2.837077e-03,8.490189e-06,-1.0344047841e-10,1.3397e-01,1.0500
1704.83,-1.38225158e-03,2.947954e-03,8.334189e-06,-1.0362211089e-10,1.0401e-01,1.0375
1705.34,-1.70784120e-03,3.069601e-03,8.152446e-06,-1.0362255498e-10,3.8037e-02,1.0375
1705.85,-1.95064160e-03,3.199438e-03,7.948914e-06,-1.0362610769e-10,2.2342e-02,1.0375
1706.35,-2.07292660e-03,3.331505e-03,7.746205e-06,-1.0363165881e-10,2.2107e-02,1.0375
1706.86,-2.04407455e-03,3.458266e-03,7.577700e-06,-1.0364320513e-10,1.9240e-02,1.0375
1707.37,-1.84344595e-03,3.572306e-03,7.471905e-06,-1.0365430736e-10,2.0181e-02,1.0375
1707.88,-1.46720510e-03,3.670692e-03,7.436555e-06,-1.0366230097e-10,2.3470e-02,1.0375
1708.38,-9.37967562e-04,3.752665e-03,7.453908e-06,-1.0366729697e-10,2.6626e-02,1.0375
1708.89,-3.13437565e-04,3.818211e-03,7.491024e-06,-1.0366996150e-10,2.9523e-02,1.0375
1709.40,3.11938376e-04,3.868259e-03,7.517915e-06,-1.0367173786e-10,3.2919e-02,1.0375
1709.90,8.18753666e-04,3.903587e-03,7.522367e-06,-1.0367917636e-10,4.0923e-02,1.0375
1710.41,1.09079718e-03,3.924347e-03,7.514163e-06,-1.0368905734e-10,4.7718e-02,1.0375
1710.92,1.05304366e-03,3.930530e-03,7.517454e-06,-1.0369871628e-10,5.4548e-02,1.0375
1711.42,7.01810371e-04,3.922990e-03,7.554935e-06,-1.0370315717e-10,6.1080e-02,1.0375
1711.93,1.08260895e-04,3.904366e-03,7.632319e-06,-1.0370537762e-10,6.6328e-02,1.0375
1712.44,-6.08467004e-04,3.879137e-03,7.733019e-06,-1.0370770909e-10,7.2073e-02,1.0375
1712.94,-1.32205009e-03,3.852486e-03,7.826609e-06,-1.0370748704e-10,7.8935e-02,1.0375
1713.45,-1.93042066e-03,3.828381e-03,7.884766e-06,-1.0370826420e-10,8.5795e-02,1.0375
1713.96,-2.36582008e-03,3.807903e-03,7.894534e-06,-1.0370893033e-10,9.2714e-02,1.0375
1714.46,-2.58828686e-03,3.788880e-03,7.862419e-06,-1.0371159487e-10,9.2607e-02,1.0375
1714.97,-2.57580137e-03,3.767054e-03,7.808377e-06,-1.0371292714e-10,4.5218e-02,1.0375
1715.48,-2.32080609e-03,3.738173e-03,7.753087e-06,-1.0371448145e-10,3.1081e-02,1.0375
1715.98,-1.83378661e-03,3.699820e-03,7.705203e-06,-1.0371770109e-10,2.7432e-02,1.0375
1716.49,-1.14820264e-03,3.652274e-03,7.655962e-06,-1.0371969950e-10,2.8689e-02,1.0375
1717.00,-3.20879041e-04,3.598050e-03,7.584465e-06,-1.0372247505e-10,3.2490e-02,1.0375
1717.50,5.73925649e-04,3.540491e-03,7.469961e-06,-1.0372502857e-10,3.7492e-02,1.0375
1718.01,1.45452693e-03,3.481248e-03,7.303498e-06,-1.0372869230e-10,4.3095e-02,1.0375
1718.52,2.24256860e-03,3.422430e-03,7.092837e-06,-1.0373024661e-10,4.9101e-02,1.0375
1719.02,2.87245288e-03,3.364877e-03,6.858560e-06,-1.0373135684e-10,5.5191e-02,1.0375
1719.53,3.29877734e-03,3.308169e-03,6.623486e-06,-1.0373268911e-10,6.1778e-02,1.0375
1720.04,3.50189090e-03,3.251939e-03,6.400597e-06,-1.0373446546e-10,6.8724e-02,1.0375
1720.54,3.49171082e-03,3.197428e-03,6.186736e-06,-1.0373402137e-10,7.5783e-02,1.0375
1721.05,3.30816645e-03,3.147507e-03,5.966121e-06,-1.0373568671e-10,8.2107e-02,1.0375
1721.56,3.01459199e-03,3.105195e-03,5.721502e-06,-1.0373690795e-10,8.9211e-02,1.0375
1722.07,2.68324871e-03,3.071823e-03,5.446351e-06,-1.0373768511e-10,9.6270e-02,1.0375
1722.57,2.37990414e-03,3.045770e-03,5.151901e-06,-1.0373901738e-10,1.0331e-01,1.0375
1723.08,2.15748746e-03,3.022743e-03,4.865980e-06,-1.0373879533e-10,1.1032e-01,1.0375
1723.59,2.06068886e-03,2.997268e-03,4.623395e-06,-1.0374057169e-10,1.1731e-01,1.0375
1724.09,2.13202275e-03,2.965002e-03,4.450993e-06,-1.0374223702e-10,1.2428e-01,1.0375
1724.60,2.40868385e-03,2.924719e-03,4.355530e-06,-1.0374301418e-10,1.2972e-01,1.0375
1725.11,2.90923979e-03,2.879160e-03,4.323489e-06,-1.0374345827e-10,3.1415e-02,1.0375
1725.61,3.61778298e-03,2.834572e-03,4.333623e-06,-1.0374545667e-10,8.6521e-03,1.0375
1726.12,4.47268388e-03,2.798210e-03,4.372567e-06,-1.0375023063e-10,1.0846e-02,1.0375
1726.63,5.36272864e-03,2.775281e-03,4.443317e-06,-1.0376266513e-10,1.1694e-02,1.0375
1727.13,6.13382260e-03,2.766625e-03,4.562864e-06,-1.0378198301e-10,1.1609e-02,1.0375
1727.64,6.61359011e-03,2.768321e-03,4.751311e-06,-1.0380307724e-10,1.2291e-02,1.0375
1728.15,6.65795566e-03,2.773430e-03,5.018975e-06,-1.0382439353e-10,1.6756e-02,1.0375
1728.65,6.20608230e-03,2.774886e-03,5.359458e-06,-1.0384448856e-10,2.2107e-02,1.0375
1729.16,5.31158792e-03,2.767980e-03,5.752742e-06,-1.0386236315e-10,2.8338e-02,1.0375
1729.67,4.12516279e-03,2.751166e-03,6.174248e-06,-1.0387657401e-10,3.5587e-02,1.0375
1730.17,2.83828452e-03,2.725644e-03,6.603692e-06,-1.0388745419e-10,4.4127e-02,1.0375
1730.68,1.62488131e-03,2.693934e-03,7.029804e-06,-1.0389467064e-10,5.4309e-02,1.0375
1731.19,6.10276808e-04,2.658024e-03,7.449983e-06,-1.0389822336e-10,6.6737e-02,1.0375
1731.69,-1.30987961e-04,2.618298e-03,7.866250e-06,-1.0390144300e-10,6.6903e-02,1.0375
1732.20,-5.63847512e-04,2.573556e-03,8.280254e-06,-1.0390832639e-10,4.4764e-02,1.0375
1732.71,-6.80441424e-04,2.522209e-03,8.690004e-06,-1.0391809635e-10,5.0371e-02,1.0375
1733.21,-4.90501048e-04,2.464030e-03,9.089503e-06,-1.0392564587e-10,5.7457e-02,1.0375
1733.72,-1.59419382e-05,2.401641e-03,9.470902e-06,-1.0392808836e-10,6.4564e-02,1.0375
1734.23,7.05785470e-04,2.340377e-03,9.827677e-06,-1.0393264027e-10,5.0598e-02,1.0375
1734.73,1.60646697e-03,2.287370e-03,1.015709e-05,-1.0393863548e-10,3.6277e-02,1.0375
1735.24,2.56677485e-03,2.248835e-03,1.046076e-05,-1.0395351246e-10,3.9434e-02,1.0375
1735.75,3.40950178e-03,2.227483e-03,1.074312e-05,-1.0399603401e-10,4.2156e-02,1.0375
1736.26,3.92716825e-03,2.221350e-03,1.100854e-05,-1.0406275841e-10,4.2320e-02,1.0375
1736.76,3.94643134e-03,2.224275e-03,1.125849e-05,-1.0413825358e-10,3.5480e-02,1.0375
1737.27,3.39945742e-03,2.227680e-03,1.149006e-05,-1.0420231344e-10,2.3907e-02,1.0375
1737.78,2.35803521e-03,2.222787e-03,1.169672e-05,-1.0424350272e-10,1.6445e-02,1.0375
1738.28,1.00804871e-03,2.202670e-03,1.187080e-05,-1.0426604025e-10,2.0569e-02,1.0375
1738.79,-4.19681163e-04,2.163696e-03,1.200656e-05,-1.0427958497e-10,2.3639e-02,1.0375
1739.30,-1.72054498e-03,2.106089e-03,1.210232e-05,-1.0428602426e-10,3.3017e-02,1.0375
1739.80,-2.75525214e-03,2.033492e-03,1.216063e-05,-1.0429257458e-10,4.5801e-02,1.0375
1740.31,-3.45502512e-03,1.952194e-03,1.218644e-05,-1.0430889485e-10,4.8111e-02,1.0375
1740.82,-3.80892345e-03,1.870166e-03,1.218412e-05,-1.0432454900e-10,4.8372e-02,1.0375
1741.32,-3.84655783e-03,1.795788e-03,1.215491e-05,-1.0433454101e-10,4.7887e-02,1.0375
1741.83,-3.62314746e-03,1.737504e-03,1.209613e-05,-1.0434064723e-10,5.2522e-02,1.0375
1742.34,-3.21035729e-03,1.703386e-03,1.200238e-05,-1.0434209052e-10,5.9212e-02,1.0375
1742.84,-2.69146552e-03,1.700322e-03,1.186828e-05,-1.0434297870e-10,6.5888e-02,1.0375
1743.35,-2.15649630e-03,1.732789e-03,1.169118e-05,-1.0434475506e-10,7.2954e-02,1.0375
1743.86,-1.69422144e-03,1.801430e-03,1.147289e-05,-1.0434630937e-10,8.0750e-02,1.0375
1744.36,-1.38017745e-03,1.902566e-03,1.121966e-05,-1.0434753062e-10,7.9519e-02,1.0375
1744.87,-1.26269355e-03,2.029096e-03,1.094029e-05,-1.0435408093e-10,5.1832e-02,1.0375
1745.38,-1.35175785e-03,2.170531e-03,1.064310e-05,-1.0435863285e-10,5.3190e-02,1.0500
1745.88,-1.61585756e-03,2.314643e-03,1.033245e-05,-1.0435996511e-10,5.2922e-02,1.0500
1746.39,-1.98883038e-03,2.449719e-03,1.000670e-05,-1.0435918796e-10,4.0674e-02,1.0500
1746.90,-2.38434139e-03,2.566588e-03,9.658536e-06,-1.0436107534e-10,2.4243e-02,1.0500
1747.40,-2.71293511e-03,2.660012e-03,9.278023e-06,-1.0436185249e-10,3.0543e-02,1.0500
1747.91,-2.89722121e-03,2.729388e-03,8.857340e-06,-1.0436218556e-10,3.7551e-02,1.0500
1748.42,-2.88355419e-03,2.778373e-03,8.395260e-06,-1.0436362885e-10,4.4545e-02,1.0500
1748.92,-2.65090371e-03,2.813326e-03,7.899409e-06,-1.0436429498e-10,5.1524e-02,1.0500
1749.43,-2.21760150e-03,2.841344e-03,7.384971e-06,-1.0436518316e-10,5.8488e-02,1.0500
1749.94,-1.64474122e-03,2.868224e-03,6.869744e-06,-1.0436629339e-10,6.5437e-02,1.0500
1750.45,-1.03294582e-03,2.897650e-03,6.367247e-06,-1.0436651543e-10,7.2419e-02,1.0500
1750.95,-5.08276490e-04,2.931740e-03,5.881137e-06,-1.0436818076e-10,7.9435e-02,1.0500
1751.46,-1.94708497e-04,2.972113e-03,5.404216e-06,-1.0436951303e-10,8.6459e-02,1.0500
1751.97,-1.77396479e-04,3.020453e-03,4.923327e-06,-1.0436917997e-10,9.3584e-02,1.0500
1752.47,-4.71624529e-04,3.078083e-03,4.428684e-06,-1.0437128939e-10,1.0082e-01,1.0500
1752.98,-1.01656034e-03,3.144604e-03,3.924766e-06,-1.0437128939e-10,1.0892e-01,1.0500
1753.49,-1.70070473e-03,3.216686e-03,3.440221e-06,-1.0439304976e-10,1.1441e-01,1.0500
1753.99,-2.40440236e-03,3.287829e-03,3.033629e-06,-1.0453682364e-10,1.2089e-01,1.0437
1754.50,-3.03423884e-03,3.349599e-03,2.785183e-06,-1.0470690981e-10,1.2615e-01,1.0500
1755.01,-3.53429779e-03,3.393483e-03,2.757039e-06,-1.0476786105e-10,1.3115e-01,1.0500
1755.51,-3.87808399e-03,3.412984e-03,2.941358e-06,-1.0501532977e-10,3.5605e-02,1.0375
1756.02,-4.05602144e-03,3.405180e-03,3.267219e-06,-1.0504208614e-10,3.1534e-02,1.0375
1756.53,-4.06939976e-03,3.371396e-03,3.657580e-06,-1.0506429060e-10,2.5509e-02,1.0375
1757.03,-3.93176787e-03,3.316817e-03,4.063708e-06,-1.0508049986e-10,2.2357e-02,1.0375
1757.54,-3.67017115e-03,3.249033e-03,4.467476e-06,-1.0508893755e-10,2.4959e-02,1.0375
1758.05,-3.32064600e-03,3.175759e-03,4.871922e-06,-1.0509382253e-10,2.4448e-02,1.0375
1758.55,-2.91798003e-03,3.102660e-03,5.289548e-06,-1.0510192716e-10,3.0013e-02,1.0375
1759.06,-2.48564120e-03,3.032294e-03,5.731111e-06,-1.0512180015e-10,3.5488e-02,1.0375
1759.57,-2.03241353e-03,2.964823e-03,6.197448e-06,-1.0514877857e-10,4.0776e-02,1.0375
1760.07,-1.55822260e-03,2.900321e-03,6.676809e-06,-1.0517720028e-10,4.5424e-02,1.0375
1760.58,-1.06609408e-03,2.841132e-03,7.148134e-06,-1.0520417870e-10,4.8797e-02,1.0375
1761.09,-5.73663461e-04,2.792596e-03,7.587964e-06,-1.0523137917e-10,5.0582e-02,1.0375
1761.59,-1.18211786e-04,2.761289e-03,7.977680e-06,-1.0525613714e-10,5.1093e-02,1.0375
1762.10,2.47293748e-04,2.751462e-03,8.308509e-06,-1.0527823058e-10,5.0935e-02,1.0375
1762.61,4.66079827e-04,2.761722e-03,8.583136e-06,-1.0530043504e-10,5.0659e-02,1.0375
1763.11,4.94296272e-04,2.784228e-03,8.813707e-06,-1.0532241745e-10,5.0638e-02,1.0375
1763.62,3.17763603e-04,2.807203e-03,9.016616e-06,-1.0534406680e-10,5.1070e-02,1.0375
1764.13,-3.85109679e-05,2.819472e-03,9.205528e-06,-1.0536560513e-10,5.2034e-02,1.0375
1764.64,-5.14735920e-04,2.814758e-03,9.385441e-06,-1.0538703243e-10,5.3527e-02,1.0375
1765.14,-1.03411357e-03,2.794032e-03,9.550905e-06,-1.0540535111e-10,5.5467e-02,1.0375
1765.65,-1.52371287e-03,2.765140e-03,9.689520e-06,-1.0542111628e-10,5.7695e-02,1.0375
1766.16,-1.92567213e-03,2.739784e-03,9.788704e-06,-1.0543432793e-10,5.9977e-02,1.0375
1766.66,-2.19448611e-03,2.728855e-03,9.842069e-06,-1.0544554119e-10,6.1971e-02,1.0375
1767.17,-2.28821096e-03,2.738013e-03,9.852526e-06,-1.0545575524e-10,6.3245e-02,1.0375
1767.68,-2.16626744e-03,2.765754e-03,9.831171e-06,-1.0546497009e-10,6.3426e-02,1.0375
1768.18,-1.80060908e-03,2.804950e-03,9.792693e-06,-1.0547351881e-10,6.2511e-02,1.0375
1768.69,-1.19616487e-03,2.846714e-03,9.749227e-06,-1.0548339979e-10,6.1014e-02,1.0375
1769.20,-4.08894318e-04,2.884259e-03,9.705351e-06,-1.0549228158e-10,5.9722e-02,1.0375
1769.70,4.50822376e-04,2.914885e-03,9.656865e-06,-1.0550216256e-10,5.9357e-02,1.0375
1770.21,1.23641501e-03,2.939496e-03,9.594206e-06,-1.0551193252e-10,6.0477e-02,1.0375
1770.72,1.80271669e-03,2.960306e-03,9.508629e-06,-1.0551970409e-10,6.3564e-02,1.0375
1771.22,2.04991967e-03,2.978176e-03,9.397615e-06,-1.0552592133e-10,6.8400e-02,1.0375
1771.73,1.95414804e-03,2.991023e-03,9.266626e-06,-1.0552814178e-10,7.4539e-02,1.0375
1772.24,1.56955925e-03,2.994146e-03,9.126618e-06,-1.0552869689e-10,8.1215e-02,1.0375
1772.74,1.00295811e-03,2.982176e-03,8.988872e-06,-1.0553014018e-10,8.8303e-02,1.0375
1773.25,3.77170178e-04,2.951334e-03,8.859835e-06,-1.0553091734e-10,9.7928e-02,1.0375
1773.76,-1.98979441e-04,2.901287e-03,8.738583e-06,-1.0553191654e-10,1.0116e-01,1.0375
1774.26,-6.46947995e-04,2.835916e-03,8.618302e-06,-1.0553358187e-10,5.0637e-02,1.0375
1774.77,-9.24056141e-04,2.762580e-03,8.491185e-06,-1.0559586539e-10,3.0544e-02,1.0500
1775.28,-1.02248003e-03,2.689051e-03,8.354164e-06,-1.0559697561e-10,3.4639e-02,1.0500
1775.78,-9.61540645e-04,2.621020e-03,8.212182e-06,-1.0559764174e-10,3.8585e-02,1.0500
1776.29,-7.72561489e-04,2.560532e-03,8.076813e-06,-1.0559852992e-10,3.9030e-02,1.0500
1776.80,-4.81008374e-04,2.506486e-03,7.960538e-06,-1.0559930708e-10,3.1568e-02,1.0500
1777.30,-9.56088643e-05,2.456897e-03,7.869650e-06,-1.0559941810e-10,2.1501e-02,1.0500
1777.81,3.88507373e-04,2.410926e-03,7.800024e-06,-1.0560075037e-10,2.6478e-02,1.0500
1778.32,9.74861217e-04,2.369801e-03,7.738517e-06,-1.0560097241e-10,3.2796e-02,1.0500
1778.83,1.64888039e-03,2.336002e-03,7.669428e-06,-1.0560330388e-10,3.9739e-02,1.0500
1779.33,2.36934697e-03,2.311243e-03,7.582558e-06,-1.0560419206e-10,4.7019e-02,1.0500
1779.84,3.07144140e-03,2.294698e-03,7.478849e-06,-1.0560574637e-10,5.4243e-02,1.0500
1780.35,3.67872554e-03,2.282925e-03,7.370843e-06,-1.0560607944e-10,6.1442e-02,1.0500
1780.85,4.11844053e-03,2.271784e-03,7.277268e-06,-1.0560685659e-10,6.8219e-02,1.0500
1781.36,4.33564137e-03,2.259185e-03,7.213679e-06,-1.0560796682e-10,7.5025e-02,1.0500
1781.87,4.30460974e-03,2.247231e-03,7.183721e-06,-1.0560818886e-10,8.1932e-02,1.0500
1782.37,4.03496963e-03,2.242247e-03,7.176170e-06,-1.0560929908e-10,8.8828e-02,1.0500
1782.88,3.56995233e-03,2.252371e-03,7.169665e-06,-1.0561052033e-10,9.5706e-02,1.0500
1783.39,2.97659463e-03,2.284158e-03,7.142204e-06,-1.0561107544e-10,1.0256e-01,1.0500
1783.89,2.33036785e-03,2.340070e-03,7.080162e-06,-1.0561185260e-10,1.0940e-01,1.0500
1784.40,1.69966887e-03,2.418208e-03,6.983034e-06,-1.0561340691e-10,1.1622e-01,1.0500
1784.91,1.13551217e-03,2.514367e-03,6.862686e-06,-1.0561407304e-10,1.2302e-01,1.0500
1785.41,6.68894004e-04,2.624321e-03,6.737803e-06,-1.0561551633e-10,1.2980e-01,1.0500
1785.92,3.15050652e-04,2.745280e-03,6.625571e-06,-1.0561540531e-10,1.3656e-01,1.0500
1786.43,8.15554041e-05,2.875931e-03,6.533802e-06,-1.0561729269e-10,1.4330e-01,1.0500
1786.93,-2.36072681e-05,3.015526e-03,6.457206e-06,-1.0561729269e-10,1.5001e-01,1.0500
1787.44,1.24307321e-05,3.161103e-03,6.379670e-06,-1.0561773678e-10,1.5674e-01,1.0500
1787.95,2.05687414e-04,3.311261e-03,6.281195e-06,-1.0561962416e-10,1.6353e-01,1.0500
1788.45,5.66362853e-04,3.462954e-03,6.145742e-06,-1.0562040131e-10,1.7048e-01,1.0500
1788.96,1.08397841e-03,3.613060e-03,5.966874e-06,-1.0571965525e-10,1.7632e-01,1.0437
1789.47,1.71125562e-03,3.758655e-03,5.749632e-06,-1.0580303300e-10,1.7974e-01,1.0500
1789.97,2.35494188e-03,3.895879e-03,5.509846e-06,-1.0603629086e-10,1.0375e-01,1.0375
1790.48,2.88330156e-03,4.020313e-03,5.268316e-06,-1.0603828926e-10,1.1078e-01,1.0375
1790.99,3.15556436e-03,4.128134e-03,5.041941e-06,-1.0603906642e-10,1.1760e-01,1.0375
1791.50,3.06662403e-03,4.216825e-03,4.835902e-06,-1.0603951051e-10,1.2458e-01,1.0375
1792.00,2.58692232e-03,4.285488e-03,4.641102e-06,-1.0603962153e-10,1.3152e-01,1.0375
1792.51,1.77534218e-03,4.335242e-03,4.438418e-06,-1.0604173095e-10,1.3845e-01,1.0375
1793.02,7.57827711e-04,4.369271e-03,4.207365e-06,-1.0604273015e-10,1.4535e-01,1.0375
1793.52,-3.15036662e-04,4.392395e-03,3.934714e-06,-1.0604317424e-10,1.5223e-01,1.0375
1794.03,-1.30877518e-03,4.410030e-03,3.619874e-06,-1.0604428446e-10,7.3181e-02,1.0375
1794.54,-2.12871455e-03,4.426920e-03,3.276298e-06,-1.0604539469e-10,4.3361e-02,1.0375
1795.04,-2.72394520e-03,4.446049e-03,2.929699e-06,-1.0612866141e-10,4.2257e-02,1.0500
1795.55,-3.07775060e-03,4.468140e-03,2.613977e-06,-1.0612977164e-10,3.9746e-02,1.0500
1796.06,-3.19310771e-03,4.491278e-03,2.364710e-06,-1.0613077084e-10,3.2527e-02,1.0500
1796.56,-3.07944472e-03,4.512184e-03,2.209667e-06,-1.0613221413e-10,2.2105e-02,1.0500
1797.07,-2.74482701e-03,4.527127e-03,2.158802e-06,-1.0613265822e-10,2.5505e-02,1.0500
1797.58,-2.19600730e-03,4.532466e-03,2.202199e-06,-1.0613299128e-10,3.2521e-02,1.0500
1798.08,-1.44730924e-03,4.525137e-03,2.319011e-06,-1.0613487866e-10,3.9524e-02,1.0500
1798.59,-5.36764893e-04,4.503592e-03,2.489995e-06,-1.0613543378e-10,4.6514e-02,1.0500
1799.10,4.56457754e-04,4.468252e-03,2.704360e-06,-1.0613665502e-10,5.3488e-02,1.0500
1799.60,1.40430053e-03,4.421082e-03,2.959500e-06,-1.0613721013e-10,6.0455e-02,1.0500
1800.11,2.14420610e-03,4.364633e-03,3.256819e-06,-1.0613754320e-10,6.7504e-02,1.0500
1800.62,2.52028297e-03,4.301054e-03,3.596844e-06,-1.0613832035e-10,7.4572e-02,1.0500
1801.12,2.43813626e-03,4.231789e-03,3.975877e-06,-1.0613943058e-10,8.1615e-02,1.0500
1801.63,1.90467137e-03,4.156790e-03,4.384869e-06,-1.0614109591e-10,8.8938e-02,1.0500
1802.14,1.02822824e-03,4.074289e-03,4.810586e-06,-1.0614198409e-10,9.6697e-02,1.0500
1802.64,-2.07843468e-05,3.981179e-03,5.238420e-06,-1.0614276125e-10,1.1322e-01,1.0500
1803.15,-1.06457030e-03,3.873918e-03,5.655606e-06,-1.0618728119e-10,1.0954e-01,1.0437
1803.66,-1.96051883e-03,3.749869e-03,6.053667e-06,-1.0633949277e-10,1.1583e-01,1.0437
1804.16,-2.61894134e-03,3.608435e-03,6.429345e-06,-1.0645873072e-10,1.2141e-01,1.0500
1804.67,-2.99934287e-03,3.451714e-03,6.783831e-06,-1.0654710447e-10,1.2527e-01,1.0500
1805.18,-3.09569600e-03,3.284379e-03,7.120668e-06,-1.0677336792e-10,4.2163e-02,1.0375
1805.69,-2.92020665e-03,3.112882e-03,7.443240e-06,-1.0680167861e-10,3.9727e-02,1.0375
1806.19,-2.49132245e-03,2.944224e-03,7.752931e-06,-1.0683087748e-10,4.0173e-02,1.0375
1806.70,-1.82877363e-03,2.784771e-03,8.048454e-06,-1.0686018737e-10,3.9149e-02,1.0375
1807.21,-9.56739143e-04,2.639686e-03,8.326351e-06,-1.0689171770e-10,4.0755e-02,1.0375
1807.71,8.54274613e-05,2.512743e-03,8.582024e-06,-1.0692025043e-10,3.9936e-02,1.0375
1808.22,1.22842900e-03,2.406242e-03,8.810623e-06,-1.0695033748e-10,4.1532e-02,1.0375
1808.73,2.36207715e-03,2.320774e-03,9.007621e-06,-1.0697909225e-10,3.8408e-02,1.0375
1809.23,3.33933487e-03,2.255114e-03,9.169329e-06,-1.0700529351e-10,3.9346e-02,1.0375
1809.74,4.00374828e-03,2.206608e-03,9.293629e-06,-1.0703671283e-10,3.8171e-02,1.0375
1810.25,4.23625219e-03,2.172449e-03,9.380808e-06,-1.0706924236e-10,3.8875e-02,1.0375
1810.75,4.00068889e-03,2.151088e-03,9.434005e-06,-1.0709877429e-10,3.8505e-02,1.0375
1811.26,3.36166514e-03,2.142922e-03,9.458681e-06,-1.0712841725e-10,3.8925e-02,1.0375
1811.77,2.46330588e-03,2.149775e-03,9.460994e-06,-1.0715373033e-10,3.9276e-02,1.0375
1812.27,1.48205507e-03,2.173416e-03,9.445642e-06,-1.0717171595e-10,3.9363e-02,1.0375
1812.78,5.79332400e-04,2.214054e-03,9.414234e-06,-1.0718548271e-10,3.9373e-02,1.0375
1813.29,-1.27167536e-04,2.269865e-03,9.365076e-06,-1.0719292121e-10,3.9621e-02,1.0375
1813.79,-5.70464539e-04,2.337847e-03,9.294490e-06,-1.0719702903e-10,3.7904e-02,1.0375
1814.30,-7.27423752e-04,2.415199e-03,9.199140e-06,-1.0720357935e-10,3.2910e-02,1.0375
1814.81,-6.07973879e-04,2.500125e-03,9.078537e-06,-1.0722067678e-10,3.6804e-02,1.0375
1815.31,-2.46970679e-04,2.591369e-03,8.936882e-06,-1.0724443555e-10,4.1063e-02,1.0375
1815.82,2.99415019e-04,2.686993e-03,8.783313e-06,-1.0728240518e-10,4.5233e-02,1.0375
1816.33,9.54772349e-04,2.783442e-03,8.630004e-06,-1.0733669509e-10,4.7963e-02,1.0375
1816.83,1.62534025e-03,2.875657e-03,8.488610e-06,-1.0739564793e-10,4.7286e-02,1.0375
1817.34,2.20925586e-03,2.958317e-03,8.366770e-06,-1.0743794743e-10,4.2709e-02,1.0375
1817.85,2.61389289e-03,3.027435e-03,8.266628e-06,-1.0747347456e-10,3.5142e-02,1.0375
1818.35,2.77759453e-03,3.081503e-03,8.186053e-06,-1.0748790746e-10,2.5518e-02,1.0375
1818.86,2.68710133e-03,3.121722e-03,8.121587e-06,-1.0751088908e-10,2.6686e-02,1.0375
1819.37,2.38175478e-03,3.151403e-03,8.071369e-06,-1.0755618618e-10,2.7801e-02,1.0375
1819.88,1.94150727e-03,3.174759e-03,8.036625e-06,-1.0761325164e-10,2.7371e-02,1.0375
1820.38,1.46387347e-03,3.195677e-03,8.021141e-06,-1.0767542413e-10,2.7160e-02,1.0375
1820.89,1.03927101e-03,3.216842e-03,8.029038e-06,-1.0773482106e-10,2.7552e-02,1.0375
1821.40,7.32555116e-04,3.239347e-03,8.062039e-06,-1.0778766768e-10,2.8493e-02,1.0375
1821.90,5.73758499e-04,3.262774e-03,8.117845e-06,-1.0783030024e-10,2.9846e-02,1.0375
1822.41,5.57134037e-04,3.285569e-03,8.190634e-06,-1.0786294080e-10,3.1554e-02,1.0375
1822.92,6.46299747e-04,3.305523e-03,8.273259e-06,-1.0788658855e-10,3.3828e-02,1.0375
1823.42,7.83764309e-04,3.320257e-03,8.359572e-06,-1.0790057736e-10,3.6513e-02,1.0375
1823.93,9.03649739e-04,3.327792e-03,8.445232e-06,-1.0790901506e-10,3.4357e-02,1.0375
1824.44,9.45989333e-04,3.327116e-03,8.526570e-06,-1.0791600946e-10,2.5674e-02,1.0375
1824.94,8.69822151e-04,3.318557e-03,8.598623e-06,-1.0793654859e-10,2.9391e-02,1.0375
1825.45,6.61657057e-04,3.303648e-03,8.654149e-06,-1.0796530336e-10,3.3570e-02,1.0375
1825.96,3.36863482e-04,3.284460e-03,8.684709e-06,-1.0798861805e-10,3.8183e-02,1.0375
1826.46,-6.59448794e-05,3.262683e-03,8.683405e-06,-1.0801914918e-10,4.3169e-02,1.0375
1826.97,-4.94889558e-04,3.239000e-03,8.647720e-06,-1.0805356609e-10,4.8319e-02,1.0375
1827.48,-8.95503793e-04,3.213072e-03,8.580859e-06,-1.0809408924e-10,5.3005e-02,1.0375
1827.98,-1.21938183e-03,3.184127e-03,8.490632e-06,-1.0813849816e-10,5.5659e-02,1.0375
1828.49,-1.42997501e-03,3.151844e-03,8.385770e-06,-1.0818057561e-10,5.5103e-02,1.0375
1829.00,-1.50625079e-03,3.117107e-03,8.270795e-06,-1.0821832319e-10,5.1986e-02,1.0375
1829.50,-1.44548983e-03,3.082227e-03,8.141915e-06,-1.0825007557e-10,4.7838e-02,1.0375
1830.01,-1.26588847e-03,3.050350e-03,7.986858e-06,-1.0828038466e-10,4.3925e-02,1.0375
1830.52,-1.00792833e-03,3.024235e-03,7.789642e-06,-1.0831302522e-10,4.1059e-02,1.0375
1831.02,-7.32003853e-04,3.004978e-03,7.538186e-06,-1.0834566577e-10,3.9655e-02,1.0375
1831.53,-5.10657516e-04,2.991492e-03,7.230942e-06,-1.0837408748e-10,3.9815e-02,1.0375
1832.04,-4.16450749e-04,2.981125e-03,6.879525e-06,-1.0841039177e-10,4.1431e-02,1.0375
1832.54,-5.07644427e-04,2.971115e-03,6.506331e-06,-1.0845502274e-10,4.4378e-02,1.0375
1833.05,-8.13307896e-04,2.960093e-03,6.137628e-06,-1.0850076393e-10,4.8422e-02,1.0375
1833.56,-1.32168011e-03,2.948834e-03,5.793985e-06,-1.0854039889e-10,5.3168e-02,1.0375
1834.07,-1.98001420e-03,2.939885e-03,5.481841e-06,-1.0857270638e-10,5.8118e-02,1.0375
1834.57,-2.71148091e-03,2.936153e-03,5.191395e-06,-1.0859224631e-10,6.2869e-02,1.0375
1835.08,-3.44160547e-03,2.939055e-03,4.903794e-06,-1.0860201627e-10,6.6998e-02,1.0375
1835.59,-4.11611108e-03,2.947152e-03,4.604741e-06,-1.0860834454e-10,6.8198e-02,1.0375
1836.09,-4.69817954e-03,2.956120e-03,4.297632e-06,-1.0861356259e-10,6.0573e-02,1.0375
1836.60,-5.15200080e-03,2.960137e-03,4.009770e-06,-1.0862510891e-10,4.6251e-02,1.0375
1837.11,-5.43109286e-03,2.954055e-03,3.787030e-06,-1.0863743238e-10,3.1608e-02,1.0375
1837.61,-5.48596938e-03,2.935398e-03,3.674754e-06,-1.0864920075e-10,1.8532e-02,1.0375
1838.12,-5.28647715e-03,2.905405e-03,3.692350e-06,-1.0867295952e-10,1.9089e-02,1.0375
1838.63,-4.84456129e-03,2.868700e-03,3.822995e-06,-1.0871292755e-10,2.0404e-02,1.0375
1839.13,-4.22326253e-03,2.831606e-03,4.030428e-06,-1.0876066714e-10,2.1844e-02,1.0375
1839.64,-3.52611975e-03,2.798523e-03,4.284887e-06,-1.0880718548e-10,2.4123e-02,1.0375
1840.15,-2.87202964e-03,2.769650e-03,4.576784e-06,-1.0884981805e-10,2.7262e-02,1.0375
1840.65,-2.36491483e-03,2.746444e-03,4.912216e-06,-1.0888245860e-10,3.1180e-02,1.0375
1841.16,-2.06833216e-03,2.730866e-03,5.298775e-06,-1.0891032520e-10,3.6069e-02,1.0375
1841.67,-1.99192935e-03,2.725063e-03,5.733695e-06,-1.0893108637e-10,4.2779e-02,1.0375
1842.17,-2.09358821e-03,2.731777e-03,6.201304e-06,-1.0894207758e-10,4.3907e-02,1.0375
1842.68,-2.29658139e-03,2.753644e-03,6.679410e-06,-1.0894629643e-10,4.5569e-02,1.0375
1843.19,-2.51550958e-03,2.790973e-03,7.148591e-06,-1.0895018221e-10,5.4611e-02,1.0375
1843.69,-2.68196776e-03,2.839075e-03,7.598484e-06,-1.0895684355e-10,7.2352e-02,1.0375
1844.20,-2.75906101e-03,2.888077e-03,8.028573e-06,-1.0896339386e-10,6.9750e-02,1.0375
1844.71,-2.74250935e-03,2.924719e-03,8.444244e-06,-1.0897027725e-10,6.2101e-02,1.0375
1845.21,-2.65143447e-03,2.935986e-03,8.850961e-06,-1.0897627245e-10,5.7991e-02,1.0375
1845.72,-2.51549917e-03,2.912853e-03,9.249818e-06,-1.0897782676e-10,6.3646e-02,1.0375
1846.23,-2.36433666e-03,2.852863e-03,9.636448e-06,-1.0898026925e-10,7.0289e-02,1.0375
1846.73,-2.22059098e-03,2.760557e-03,1.000315e-05,-1.0898237868e-10,7.7258e-02,1.0375
1847.24,-2.09658453e-03,2.646412e-03,1.034243e-05,-1.0898326686e-10,8.5417e-02,1.0375
1847.75,-1.99347901e-03,2.524413e-03,1.064983e-05,-1.0898315583e-10,9.3967e-02,1.0375
1848.26,-1.90168735e-03,2.408360e-03,1.092487e-05,-1.0898437708e-10,1.0102e-01,1.0375
1848.76,-1.80304608e-03,2.307724e-03,1.117000e-05,-1.0898648650e-10,1.0860e-01,1.0375
1849.27,-1.67431255e-03,2.226533e-03,1.138840e-05,-1.0898615344e-10,1.1297e-01,1.0375
1849.78,-1.49255053e-03,2.164091e-03,1.158203e-05,-1.0898748570e-10,1.1997e-01,1.0375
1850.28,-1.24158056e-03,2.117165e-03,1.175091e-05,-1.0898815184e-10,1.2693e-01,1.0375
1850.79,-9.17439144e-04,2.082759e-03,1.189354e-05,-1.0898992819e-10,1.3388e-01,1.0375
1851.30,-5.30513591e-04,2.061901e-03,1.200798e-05,-1.0899092739e-10,1.4079e-01,1.0375
1851.80,-1.02553778e-04,2.057472e-03,1.209256e-05,-1.0899137148e-10,1.4769e-01,1.0375
1852.31,3.41967986e-04,2.071494e-03,1.214607e-05,-1.0899237068e-10,1.5456e-01,1.0375
1852.82,7.88905035e-04,2.103902e-03,1.216753e-05,-1.0899214864e-10,1.6141e-01,1.0375
1853.32,1.24769645e-03,2.150948e-03,1.215593e-05,-1.0899459113e-10,1.6823e-01,1.0375
1853.83,1.75738949e-03,2.204497e-03,1.211024e-05,-1.0899448011e-10,1.7503e-01,1.0375
1854.34,2.37699427e-03,2.254928e-03,1.202971e-05,-1.0899625646e-10,1.8173e-01,1.0375
1854.84,3.15590726e-03,2.294463e-03,1.191413e-05,-1.0899625646e-10,2.4075e-02,1.0375
1855.35,4.08988363e-03,2.319836e-03,1.176406e-05,-1.0900813585e-10,2.3528e-02,1.0375
1855.86,5.08115807e-03,2.332964e-03,1.158083e-05,-1.0917089455e-10,2.3641e-02,1.0500
1856.36,5.93153293e-03,2.340252e-03,1.136650e-05,-1.0917089455e-10,2.8774e-02,1.0500
1856.87,6.39261826e-03,2.350560e-03,1.112363e-05,-1.0917211579e-10,3.0152e-02,1.0500
1857.38,6.26690332e-03,2.372661e-03,1.085489e-05,-1.0917322602e-10,2.8752e-02,1.0500
1857.88,5.50622518e-03,2.413138e-03,1.056242e-05,-1.0917533544e-10,2.5430e-02,1.0500
1858.39,4.24203636e-03,2.475317e-03,1.024714e-05,-1.0917589055e-10,2.2464e-02,1.0500
1858.90,2.73095933e-03,2.559205e-03,9.908187e-06,-1.0917888815e-10,2.0155e-02,1.0500
1859.40,1.25540244e-03,2.662050e-03,9.543236e-06,-1.0918199678e-10,2.0971e-02,1.0500
1859.91,3.96495491e-05,2.778901e-03,9.149738e-06,-1.0918654869e-10,2.2626e-02,1.0500
1860.42,-7.82504257e-04,2.903131e-03,8.726909e-06,-1.0919165572e-10,2.3653e-02,1.0500
1860.92,-1.16015113e-03,3.027160e-03,8.277544e-06,-1.0920142568e-10,2.4505e-02,1.0500
1861.43,-1.10550376e-03,3.143551e-03,7.808610e-06,-1.0921130666e-10,2.5827e-02,1.0500
1861.94,-6.76202263e-04,3.246268e-03,7.329969e-06,-1.0922518445e-10,2.8019e-02,1.0500
1862.45,3.52469161e-05,3.331616e-03,6.851600e-06,-1.0923739691e-10,3.1396e-02,1.0500
1862.95,9.06408824e-04,3.398672e-03,6.380673e-06,-1.0924949834e-10,3.9405e-02,1.0500
1863.46,1.79260222e-03,3.448926e-03,5.920295e-06,-1.0925682581e-10,4.8095e-02,1.0500
1863.97,2.54508621e-03,3.485701e-03,5.471054e-06,-1.0926270999e-10,5.4143e-02,1.0500
1864.47,3.04049992e-03,3.513143e-03,5.034902e-06,-1.0926493044e-10,5.4825e-02,1.0500
1864.98,3.21230715e-03,3.534796e-03,4.619478e-06,-1.0926737293e-10,6.1761e-02,1.0500
1865.49,3.06861106e-03,3.553014e-03,4.240684e-06,-1.0926826111e-10,6.8309e-02,1.0500
1865.99,2.68589438e-03,3.568772e-03,3.921709e-06,-1.0926870520e-10,7.5164e-02,1.0500
1866.50,2.18171996e-03,3.581758e-03,3.687622e-06,-1.0926970440e-10,8.2147e-02,1.0500
1867.01,1.68014418e-03,3.590712e-03,3.556612e-06,-1.0927148075e-10,8.9069e-02,1.0500
1867.51,1.28426034e-03,3.590742e-03,3.532352e-06,-1.0927247995e-10,9.5957e-02,1.0500
1868.02,1.06256382e-03,3.578047e-03,3.605726e-06,-1.0927281302e-10,1.0282e-01,1.0500
1868.53,1.04717928e-03,3.554521e-03,3.762116e-06,-1.0927414529e-10,1.0967e-01,1.0500
1869.03,1.23786111e-03,3.525232e-03,3.988574e-06,-1.0927470040e-10,1.1650e-01,1.0500
1869.54,1.60639633e-03,3.495980e-03,4.275085e-06,-1.0927569960e-10,1.2330e-01,1.0500
1870.05,2.09933965e-03,3.471709e-03,4.611105e-06,-1.0927636573e-10,1.3008e-01,1.0500
1870.55,2.64062582e-03,3.455440e-03,4.982444e-06,-1.0927725391e-10,1.3685e-01,1.0500
1871.06,3.13784484e-03,3.447410e-03,5.371861e-06,-1.0927858618e-10,1.4359e-01,1.0500
1871.57,3.49546602e-03,3.445000e-03,5.762801e-06,-1.0927958538e-10,1.5031e-01,1.0500
1872.07,3.63454264e-03,3.443472e-03,6.143317e-06,-1.0928025151e-10,1.5700e-01,1.0500
1872.58,3.51309189e-03,3.437573e-03,6.507722e-06,-1.0928136174e-10,1.6368e-01,1.0500
1873.09,3.13830535e-03,3.423690e-03,6.855447e-06,-1.0928269401e-10,1.7033e-01,1.0500
1873.59,2.56429837e-03,3.401427e-03,7.188028e-06,-1.0928291605e-10,1.7696e-01,1.0500
1874.10,1.87620524e-03,3.374112e-03,7.505745e-06,-1.0928402627e-10,1.8357e-01,1.0500
1874.61,1.16790506e-03,3.347863e-03,7.805275e-06,-1.0928546956e-10,1.9015e-01,1.0500
1875.12,5.22131685e-04,3.329784e-03,8.079262e-06,-1.0928602467e-10,1.9671e-01,1.0500
1875.62,-1.65374726e-06,3.326295e-03,8.318295e-06,-1.0928602467e-10,2.0324e-01,1.0500
1876.13,-3.70976716e-04,3.341793e-03,8.514802e-06,-1.0928680183e-10,2.0977e-01,1.0500
1876.64,-5.78007567e-04,3.376876e-03,8.667211e-06,-1.0928824512e-10,2.1643e-01,1.0500
1877.14,-6.34122496e-04,3.428374e-03,8.782056e-06,-1.0935774508e-10,2.2071e-01,1.0500
1877.65,-5.63478158e-04,3.490456e-03,8.872183e-06,-1.0960965469e-10,1.5380e-01,1.0375
1878.16,-3.96658896e-04,3.556316e-03,8.951075e-06,-1.0960998775e-10,1.6065e-01,1.0375
1878.66,-1.64925121e-04,3.619865e-03,9.026139e-06,-1.0961231922e-10,1.6748e-01,1.0375
1879.17,1.04348557e-04,3.676751e-03,9.095243e-06,-1.0961276331e-10,1.7428e-01,1.0375
1879.68,3.90159247e-04,3.724527e-03,9.148999e-06,-1.0961254127e-10,1.8101e-01,1.0375
1880.18,6.77418390e-04,3.762265e-03,9.177032e-06,-1.0961520580e-10,1.8756e-01,1.0375
1880.69,9.53417922e-04,3.790499e-03,9.173831e-06,-1.0961465069e-10,1.9408e-01,1.0375
1881.20,1.20245181e-03,3.810194e-03,9.140652e-06,-1.0961742625e-10,2.0056e-01,1.0375
1881.70,1.40121170e-03,3.822527e-03,9.083382e-06,-1.0961676011e-10,2.0701e-01,1.0375
1882.21,1.51804384e-03,3.828679e-03,9.008794e-06,-1.0961787034e-10,2.1343e-01,1.0375
1882.72,1.51798906e-03,3.829465e-03,8.921893e-06,-1.0961820340e-10,2.1987e-01,1.0375
1883.22,1.37284688e-03,3.824899e-03,8.825559e-06,-1.0961986874e-10,2.2646e-01,1.0375
1883.73,1.07251210e-03,3.814081e-03,8.721875e-06,-1.0962053487e-10,2.3313e-01,1.0375
1884.24,6.32437135e-04,3.795634e-03,8.613754e-06,-1.0968148612e-10,2.3762e-01,1.0375
1884.74,9.35324861e-05,3.768218e-03,8.505832e-06,-1.0992706745e-10,4.7725e-02,1.0250
1885.25,-4.85584625e-04,3.730657e-03,8.404173e-06,-1.0993939092e-10,5.2497e-02,1.0250
1885.76,-1.04066851e-03,3.682136e-03,8.314826e-06,-1.0996525912e-10,5.4900e-02,1.0250
1886.26,-1.51373201e-03,3.619873e-03,8.241680e-06,-1.1003042921e-10,5.4520e-02,1.0250
1886.77,-1.86141150e-03,3.540207e-03,8.184544e-06,-1.1006173750e-10,4.8876e-02,1.0250
1887.28,-2.05862044e-03,3.448981e-03,8.138873e-06,-1.1008127743e-10,5.0224e-02,1.0250
1887.78,-2.09805365e-03,3.345711e-03,8.097781e-06,-1.1013157053e-10,5.2306e-02,1.0250
1888.29,-1.98713184e-03,3.230548e-03,8.055659e-06,-1.1019241075e-10,5.1773e-02,1.0250
1888.80,-1.74453326e-03,3.105679e-03,8.010858e-06,-1.1028633562e-10,4.5510e-02,1.0250
1889.31,-1.39856287e-03,2.974785e-03,7.965452e-06,-1.1053202797e-10,4.5832e-02,1.0250
1889.81,-9.88684762e-04,2.843266e-03,7.922367e-06,-1.1089740237e-10,4.6315e-02,1.0250
1890.32,-5.69145016e-04,2.718186e-03,7.882343e-06,-1.1106371378e-10,4.7008e-02,1.0250
1890.83,-2.10565886e-04,2.607149e-03,7.843274e-06,-1.1109846376e-10,4.7909e-02,1.0250
1891.33,6.04056065e-06,2.516015e-03,7.802144e-06,-1.1113321374e-10,4.8428e-02,1.0250
1891.84,5.83778562e-06,2.448303e-03,7.757467e-06,-1.1117218257e-10,4.8392e-02,1.0250
1892.35,-2.56256472e-04,2.403335e-03,7.710004e-06,-1.1121037424e-10,4.7358e-02,1.0250
1892.85,-7.75076508e-04,2.377851e-03,7.661379e-06,-1.1125211863e-10,4.5423e-02,1.0250
1893.36,-1.48860133e-03,2.367302e-03,7.612034e-06,-1.1129119848e-10,4.2913e-02,1.0250
1893.87,-2.28916756e-03,2.367014e-03,7.560417e-06,-1.1132639255e-10,4.0107e-02,1.0250
1894.37,-3.04706515e-03,2.372878e-03,7.504086e-06,-1.1136136457e-10,3.7144e-02,1.0250
1894.88,-3.63639990e-03,2.381699e-03,7.441806e-06,-1.1139877909e-10,3.4039e-02,1.0250
1895.39,-3.95550268e-03,2.391646e-03,7.374872e-06,-1.1142997636e-10,3.0744e-02,1.0250
1895.89,-3.94002725e-03,2.402782e-03,7.306441e-06,-1.1143552747e-10,3.0034e-02,1.0375
1896.40,-3.57117549e-03,2.417583e-03,7.239149e-06,-1.1143652667e-10,3.0577e-02,1.0375
1896.91,-2.88180329e-03,2.441038e-03,7.172617e-06,-1.1143719281e-10,3.1739e-02,1.0375
1897.41,-1.95983129e-03,2.479850e-03,7.102713e-06,-1.1143885814e-10,3.5795e-02,1.0375
1897.92,-9.43655720e-04,2.540803e-03,7.023196e-06,-1.1143930223e-10,4.3191e-02,1.0375
1898.43,-2.16734507e-06,2.628899e-03,6.928682e-06,-1.1144030143e-10,5.0607e-02,1.0375
1898.93,7.03320091e-04,2.745969e-03,6.816899e-06,-1.1144107859e-10,5.7995e-02,1.0375
1899.44,1.06561074e-03,2.890088e-03,6.688745e-06,-1.1144229983e-10,6.5372e-02,1.0375
1899.95,1.06542239e-03,3.055655e-03,6.546281e-06,-1.1144296597e-10,7.2058e-02,1.0375
1900.45,7.73192902e-04,3.233823e-03,6.390281e-06,-1.1144374312e-10,7.9193e-02,1.0375
1900.96,3.17195396e-04,3.413189e-03,6.219214e-06,-1.1144496437e-10,8.6325e-02,1.0375
1901.47,-1.64474022e-04,3.581083e-03,6.030274e-06,-1.1144618561e-10,9.3364e-02,1.0375
1901.97,-5.65134326e-04,3.725813e-03,5.821517e-06,-1.1144585255e-10,1.0040e-01,1.0375
1902.48,-8.30366445e-04,3.839552e-03,5.593566e-06,-1.1144785095e-10,1.0741e-01,1.0375
1902.99,-9.57652465e-04,3.920207e-03,5.349877e-06,-1.1144840606e-10,1.1440e-01,1.0375
1903.50,-9.81559653e-04,3.971600e-03,5.095418e-06,-1.1144862810e-10,1.2137e-01,1.0375
1904.00,-9.52765466e-04,4.001888e-03,4.834442e-06,-1.1145007139e-10,1.2832e-01,1.0375
1904.51,-9.17901608e-04,4.020232e-03,4.568442e-06,-1.1145062651e-10,1.3525e-01,1.0375
1905.02,-9.05276217e-04,4.033508e-03,4.295480e-06,-1.1145173673e-10,1.4215e-01,1.0375
1905.52,-9.19322310e-04,4.044647e-03,4.011659e-06,-1.1145329104e-10,1.4903e-01,1.0375
1906.03,-9.43903032e-04,4.053607e-03,3.714140e-06,-1.1145373513e-10,1.5589e-01,1.0375
1906.54,-9.51908765e-04,4.060380e-03,3.403678e-06,-1.1145362411e-10,1.6273e-01,1.0375
1907.04,-9.17000870e-04,4.067865e-03,3.085060e-06,-1.1145562251e-10,1.6964e-01,1.0375
1907.55,-8.23473056e-04,4.081389e-03,2.765562e-06,-1.1145606660e-10,1.7656e-01,1.0375
1908.06,-6.71568552e-04,4.105748e-03,2.454031e-06,-1.1149203782e-10,1.8331e-01,1.0312
1908.56,-4.77283406e-04,4.141271e-03,2.163893e-06,-1.1158751700e-10,1.8760e-01,1.0375
1909.07,-2.67113201e-04,4.181912e-03,1.921063e-06,-1.1181233717e-10,1.6534e-01,1.0250
1909.58,-6.93228441e-05,4.217025e-03,1.770199e-06,-1.1211342965e-10,4.9194e-02,1.0250
1910.08,9.57528088e-05,4.235498e-03,1.760675e-06,-1.1231726660e-10,5.5445e-02,1.0250
1910.59,2.23302862e-04,4.229177e-03,1.905803e-06,-1.1244238873e-10,6.2604e-02,1.0250
1911.10,3.26691199e-04,4.194404e-03,2.166656e-06,-1.1251266585e-10,7.0005e-02,1.0250
1911.60,4.33643847e-04,4.131951e-03,2.488373e-06,-1.1254630561e-10,7.8951e-02,1.0250
1912.11,5.76550563e-04,4.045725e-03,2.835095e-06,-1.1255929522e-10,7.8120e-02,1.0250
1912.62,7.79562532e-04,3.941611e-03,3.196507e-06,-1.1257961230e-10,5.8527e-02,1.0250
1913.12,1.04651309e-03,3.818740e-03,3.577207e-06,-1.1261158672e-10,6.0678e-02,1.0250
1913.63,1.35384939e-03,3.685578e-03,3.982263e-06,-1.1264511546e-10,6.0705e-02,1.0250
1914.14,1.65162953e-03,3.547790e-03,4.407636e-06,-1.1266865219e-10,6.6425e-02,1.0250
1914.64,1.87337542e-03,3.408969e-03,4.839787e-06,-1.1267797806e-10,7.1806e-02,1.0250
1915.15,1.95276903e-03,3.273658e-03,5.261449e-06,-1.1268175282e-10,7.5854e-02,1.0250
1915.66,1.84282804e-03,3.148526e-03,5.658045e-06,-1.1268297406e-10,8.1608e-02,1.0250
1916.16,1.53218458e-03,3.040783e-03,6.021905e-06,-1.1268441735e-10,8.8615e-02,1.0250
1916.67,1.05365131e-03,2.954942e-03,6.353111e-06,-1.1268508349e-10,9.5673e-02,1.0250
1917.18,4.82039676e-04,2.889871e-03,6.658322e-06,-1.1268619371e-10,1.0296e-01,1.0250
1917.69,-7.93210298e-05,2.836977e-03,6.947024e-06,-1.1268830313e-10,1.1015e-01,1.0250
1918.19,-5.21296459e-04,2.783230e-03,7.227489e-06,-1.1268797007e-10,1.1732e-01,1.0250
1918.70,-7.56678923e-04,2.719783e-03,7.504650e-06,-1.1268941336e-10,1.2447e-01,1.0250
1919.21,-7.47207106e-04,2.640614e-03,7.779680e-06,-1.1268985745e-10,6.8155e-02,1.0250
1919.71,-5.22672861e-04,2.546788e-03,8.048605e-06,-1.1269185585e-10,2.6715e-02,1.0250
1920.22,-1.83376253e-04,2.445520e-03,8.302970e-06,-1.1269518652e-10,1.5061e-02,1.0250
1920.73,1.21972784e-04,2.341641e-03,8.532085e-06,-1.1270129274e-10,1.0491e-02,1.0250
1921.23,2.43105970e-04,2.248091e-03,8.725447e-06,-1.1272571765e-10,1.2700e-02,1.0250
1921.74,8.49925280e-05,2.177980e-03,8.876522e-06,-1.1276113376e-10,1.5251e-02,1.0250
1922.25,-3.52480325e-04,2.139086e-03,8.985982e-06,-1.1280798518e-10,1.8604e-02,1.0250
1922.75,-9.74131523e-04,2.132018e-03,9.061991e-06,-1.1286316326e-10,2.2989e-02,1.0250
1923.26,-1.62818721e-03,2.151723e-03,9.117622e-06,-1.1292256019e-10,2.8452e-02,1.0250
1923.77,-2.16228180e-03,2.191738e-03,9.165980e-06,-1.1297851543e-10,3.4557e-02,1.0250
1924.27,-2.47117582e-03,2.248157e-03,9.213161e-06,-1.1302336844e-10,4.0301e-02,1.0250
1924.78,-2.52212465e-03,2.320904e-03,9.254407e-06,-1.1306433567e-10,4.4495e-02,1.0250
1925.29,-2.35667957e-03,2.411721e-03,9.276027e-06,-1.1319278848e-10,4.1976e-02,1.0250
1925.79,-2.07350299e-03,2.520273e-03,9.263659e-06,-1.1340561823e-10,4.1394e-02,1.0250
1926.30,-1.79764665e-03,2.640910e-03,9.212520e-06,-1.1361855901e-10,4.5233e-02,1.0250
1926.81,-1.64329292e-03,2.762696e-03,9.132798e-06,-1.1371392716e-10,5.0426e-02,1.0250
1927.31,-1.68048122e-03,2.872727e-03,9.046615e-06,-1.1377654374e-10,5.0897e-02,1.0250
1927.82,-1.91736707e-03,2.960668e-03,8.977327e-06,-1.1383760601e-10,5.2669e-02,1.0250
1928.33,-2.30384497e-03,3.019936e-03,8.937640e-06,-1.1389611476e-10,4.9949e-02,1.0250
1928.83,-2.75241677e-03,3.049412e-03,8.924148e-06,-1.1394885036e-10,4.5533e-02,1.0250
1929.34,-3.16542112e-03,3.062099e-03,8.921876e-06,-1.1399237110e-10,3.6022e-02,1.0250
1929.85,-3.45825937e-03,3.070438e-03,8.913566e-06,-1.1404077682e-10,2.8102e-02,1.0250
1930.35,-3.57339718e-03,3.085452e-03,8.887805e-06,-1.1407341738e-10,2.0355e-02,1.0250
1930.86,-3.48486769e-03,3.113105e-03,8.843283e-06,-1.1418654910e-10,1.8222e-02,1.0250
1931.37,-3.19569398e-03,3.153190e-03,8.788562e-06,-1.1450496107e-10,1.7598e-02,1.0250
1931.88,-2.73164529e-03,3.200743e-03,8.738673e-06,-1.1483236584e-10,2.0060e-02,1.0250
1932.38,-2.13465559e-03,3.249012e-03,8.708882e-06,-1.1518486165e-10,2.2646e-02,1.0250
1932.89,-1.45791131e-03,3.292935e-03,8.708548e-06,-1.1548606516e-10,2.5288e-02,1.0250
1933.40,-7.62277690e-04,3.330814e-03,8.737844e-06,-1.1573475511e-10,2.8030e-02,1.0250
1933.90,-1.11792036e-04,3.362638e-03,8.790042e-06,-1.1593248583e-10,3.1015e-02,1.0250
1934.41,4.33888248e-04,3.388480e-03,8.857267e-06,-1.1608447537e-10,3.4368e-02,1.0250
1934.92,8.29660896e-04,3.409390e-03,8.935224e-06,-1.1619383233e-10,3.7620e-02,1.0250
1935.42,1.05428598e-03,3.425475e-03,9.023071e-06,-1.1627188101e-10,3.9879e-02,1.0250
1935.93,1.11435549e-03,3.436175e-03,9.119174e-06,-1.1631717811e-10,3.9608e-02,1.0250
1936.44,1.04064558e-03,3.441111e-03,9.216993e-06,-1.1633627395e-10,3.6786e-02,1.0250
1936.94,8.78385233e-04,3.440887e-03,9.305236e-06,-1.1637668607e-10,4.9018e-02,1.0250
1937.45,6.75655322e-04,3.436865e-03,9.372639e-06,-1.1645562292e-10,4.6526e-02,1.0250
1937.96,4.74138231e-04,3.430147e-03,9.412936e-06,-1.1656708931e-10,4.1161e-02,1.0250
1938.46,3.04387959e-04,3.421372e-03,9.425880e-06,-1.1670142630e-10,3.5834e-02,1.0250
1938.97,1.85382008e-04,3.410814e-03,9.413618e-06,-1.1683998213e-10,3.1665e-02,1.0250
1939.48,1.26630299e-04,3.398340e-03,9.376377e-06,-1.1696599245e-10,2.8518e-02,1.0250
1939.98,1.30860708e-04,3.383424e-03,9.311494e-06,-1.1705791891e-10,2.5470e-02,1.0250
1940.49,1.95925472e-04,3.365549e-03,9.215656e-06,-1.1712131265e-10,1.9718e-02,1.0250
1941.00,3.15544252e-04,3.344888e-03,9.086954e-06,-1.1729728300e-10,9.9219e-03,1.0375
1941.50,4.79364504e-04,3.322831e-03,8.924499e-06,-1.1757228524e-10,2.0389e-02,1.0500
1942.01,6.73281108e-04,3.301764e-03,8.726911e-06,-1.1763534591e-10,2.8827e-02,1.0500
1942.52,8.80881996e-04,3.284452e-03,8.492187e-06,-1.1780043607e-10,3.0685e-02,1.0500
1943.02,1.08630926e-03,3.272200e-03,8.219232e-06,-1.1795586730e-10,3.0069e-02,1.0625
1943.53,1.27797436e-03,3.264143e-03,7.909104e-06,-1.1795597832e-10,2.8455e-02,1.0625
1944.04,1.45185921e-03,3.258061e-03,7.565038e-06,-1.1795697752e-10,2.6467e-02,1.0625
1944.54,1.61299112e-03,3.251326e-03,7.191998e-06,-1.1798984012e-10,2.6471e-02,1.0625
1945.05,1.77417603e-03,3.241361e-03,6.796596e-06,-1.1802203659e-10,3.2901e-02,1.0625
1945.56,1.95192435e-03,3.225678e-03,6.386867e-06,-1.1807832490e-10,3.8872e-02,1.0625
1946.07,2.16043220e-03,3.201976e-03,5.970630e-06,-1.1830436630e-10,4.0966e-02,1.0500
1946.57,2.40523985e-03,3.169310e-03,5.552627e-06,-1.1830447733e-10,4.8181e-02,1.0500
1947.08,2.67835644e-03,3.128783e-03,5.132779e-06,-1.1830625368e-10,5.5465e-02,1.0500
1947.59,2.95626322e-03,3.083717e-03,4.708110e-06,-1.1830714186e-10,6.2690e-02,1.0500
1948.09,3.20200787e-03,3.038839e-03,4.278747e-06,-1.1830758595e-10,6.9325e-02,1.0500
1948.60,3.37223745e-03,2.998865e-03,3.855924e-06,-1.1830814106e-10,7.6272e-02,1.0500
1949.11,3.42786570e-03,2.967264e-03,3.468660e-06,-1.1830936231e-10,8.3232e-02,1.0500
1949.61,3.34412821e-03,2.945744e-03,3.164849e-06,-1.1831036151e-10,9.0178e-02,1.0500
1950.12,3.11678687e-03,2.934439e-03,3.000367e-06,-1.1831202684e-10,9.7055e-02,1.0500
1950.63,2.76699697e-03,2.932208e-03,3.012795e-06,-1.1831224889e-10,1.0391e-01,1.0500
1951.13,2.35055143e-03,2.936806e-03,3.197366e-06,-1.1831247093e-10,1.1075e-01,1.0500
1951.64,1.97121014e-03,2.945063e-03,3.513289e-06,-1.1831391422e-10,1.1756e-01,1.0500
1952.15,1.78641255e-03,2.953385e-03,3.911512e-06,-1.1831569058e-10,1.2436e-01,1.0500
1952.65,1.99097304e-03,2.958243e-03,4.354111e-06,-1.1831524649e-10,1.2753e-01,1.0500
1953.16,2.77504996e-03,2.956536e-03,4.818905e-06,-1.1831580160e-10,1.3021e-01,1.0500
1953.67,4.25321674e-03,2.945755e-03,5.296632e-06,-1.1831891022e-10,1.3696e-01,1.0500
1954.17,6.33839012e-03,2.924071e-03,5.785220e-06,-1.1831891022e-10,1.4370e-01,1.0500
1954.68,8.63142147e-03,2.890729e-03,6.283295e-06,-1.1832013147e-10,1.5042e-01,1.0500
1955.19,1.04498609e-02,2.846300e-03,6.785524e-06,-1.1832013147e-10,1.5711e-01,1.0500
1955.69,1.10507653e-02,2.793021e-03,7.282008e-06,-1.1832201885e-10,1.6386e-01,1.0500
1956.20,1.00260781e-02,2.734304e-03,7.761525e-06,-1.1832257396e-10,1.7065e-01,1.0500
1956.71,7.56617497e-03,2.673645e-03,8.215894e-06,-1.1832546054e-10,1.7744e-01,1.0500
1957.21,4.37037148e-03,2.613525e-03,8.642482e-06,-1.1844170089e-10,1.8227e-01,1.0500
1957.72,1.23140481e-03,2.555006e-03,9.043547e-06,-1.1854173199e-10,1.8467e-01,1.0437
1958.23,-1.35704375e-03,2.498191e-03,9.423435e-06,-1.1872114403e-10,3.1950e-02,1.0375
1958.73,-3.21978128e-03,2.443061e-03,9.785793e-06,-1.1872480776e-10,3.0006e-02,1.0375
1959.24,-4.36147200e-03,2.389938e-03,1.013240e-05,-1.1872680616e-10,2.9934e-02,1.0375
1959.75,-4.87766123e-03,2.339221e-03,1.046347e-05,-1.1872947070e-10,3.2063e-02,1.0375
1960.26,-4.88847083e-03,2.290768e-03,1.077816e-05,-1.1873557693e-10,3.8526e-02,1.0375
1960.76,-4.49665873e-03,2.243605e-03,1.107414e-05,-1.1875100903e-10,3.7547e-02,1.0375
1961.27,-3.77249968e-03,2.196447e-03,1.134686e-05,-1.1877787642e-10,3.5878e-02,1.0375
1961.78,-2.75887725e-03,2.148632e-03,1.158971e-05,-1.1880230133e-10,4.2532e-02,1.0375
1962.28,-1.49031830e-03,2.100900e-03,1.179565e-05,-1.1881973183e-10,4.6261e-02,1.0375
1962.79,-2.19640462e-05,2.055570e-03,1.195969e-05,-1.1882961282e-10,5.3323e-02,1.0375
1963.30,1.53495230e-03,2.015597e-03,1.208077e-05,-1.1883405371e-10,6.0265e-02,1.0375
1963.80,2.98734872e-03,1.983905e-03,1.216213e-05,-1.1883782847e-10,5.6429e-02,1.0375
1964.31,4.07279804e-03,1.962230e-03,1.220962e-05,-1.1883982687e-10,4.2362e-02,1.0375
1964.82,4.53042352e-03,1.951341e-03,1.222865e-05,-1.1884371265e-10,3.6625e-02,1.0375
1965.32,4.20876402e-03,1.951660e-03,1.222146e-05,-1.1884804252e-10,3.4937e-02,1.0375
1965.83,3.14549654e-03,1.963574e-03,1.218612e-05,-1.1885348261e-10,3.6008e-02,1.0375
1966.34,1.56008563e-03,1.986888e-03,1.211793e-05,-1.1885914475e-10,3.9452e-02,1.0375
1966.84,-2.35242383e-04,2.019881e-03,1.201253e-05,-1.1886469586e-10,4.4482e-02,1.0375
1967.35,-1.94319987e-03,2.058841e-03,1.186916e-05,-1.1887024698e-10,5.0217e-02,1.0375
1967.86,-3.35081311e-03,2.098861e-03,1.169287e-05,-1.1887335560e-10,5.6171e-02,1.0375
1968.36,-4.34603148e-03,2.135414e-03,1.149388e-05,-1.1887590912e-10,6.2467e-02,1.0375
1968.87,-4.89901679e-03,2.166217e-03,1.128354e-05,-1.1887735241e-10,6.9297e-02,1.0375
1969.38,-5.03513260e-03,2.192363e-03,1.106842e-05,-1.1887690832e-10,7.6388e-02,1.0375
1969.88,-4.81194864e-03,2.217999e-03,1.084620e-05,-1.1887901774e-10,8.5819e-02,1.0375
1970.39,-4.30639321e-03,2.248778e-03,1.060687e-05,-1.1887868467e-10,9.0654e-02,1.0375
1970.90,-3.60980784e-03,2.289718e-03,1.033876e-05,-1.1888012796e-10,6.4602e-02,1.0375
1971.40,-2.82548422e-03,2.343691e-03,1.003485e-05,-1.1888268148e-10,3.0496e-02,1.0375
1971.91,-2.06604907e-03,2.411121e-03,9.695062e-06,-1.1888667828e-10,2.2443e-02,1.0375
1972.42,-1.44304176e-03,2.490494e-03,9.323958e-06,-1.1888978690e-10,1.5791e-02,1.0375
1972.93,-1.05096241e-03,2.578849e-03,8.926864e-06,-1.1889833562e-10,1.1524e-02,1.0375
1973.43,-9.48404280e-04,2.671907e-03,8.508016e-06,-1.1890499696e-10,1.6206e-02,1.0375
1973.94,-1.14298396e-03,2.764223e-03,8.071843e-06,-1.1891132523e-10,2.1740e-02,1.0375
1974.45,-1.58915329e-03,2.849925e-03,7.625455e-06,-1.1891554408e-10,2.8640e-02,1.0375
1974.95,-2.19999868e-03,2.924044e-03,7.179234e-06,-1.1891643226e-10,4.0144e-02,1.0375
1975.46,-2.87003496e-03,2.983849e-03,6.744269e-06,-1.1891776452e-10,3.2524e-02,1.0375
1975.97,-3.50047218e-03,3.029443e-03,6.328643e-06,-1.1892209439e-10,3.9618e-02,1.0375
1976.47,-4.01657985e-03,3.063231e-03,5.936121e-06,-1.1892897778e-10,4.7087e-02,1.0375
1976.98,-4.37089949e-03,3.088529e-03,5.568945e-06,-1.1893408480e-10,5.3487e-02,1.0375
1977.49,-4.53589129e-03,3.108196e-03,5.232816e-06,-1.1893841467e-10,5.8811e-02,1.0375
1977.99,-4.49145615e-03,3.123765e-03,4.939728e-06,-1.1894096819e-10,6.4307e-02,1.0375
1978.50,-4.21815433e-03,3.135624e-03,4.705184e-06,-1.1894352170e-10,7.0408e-02,1.0375
1979.01,-3.69982594e-03,3.143720e-03,4.540398e-06,-1.1894418783e-10,7.6452e-02,1.0375
1979.51,-2.93333768e-03,3.148204e-03,4.445342e-06,-1.1894574214e-10,7.1139e-02,1.0375
1980.02,-1.95066382e-03,3.149269e-03,4.409691e-06,-1.1894663032e-10,6.4399e-02,1.0375
1980.53,-8.32302017e-04,3.146655e-03,4.422228e-06,-1.1894862872e-10,6.4757e-02,1.0375
1981.03,2.84210823e-04,3.139289e-03,4.481188e-06,-1.1894951690e-10,7.0628e-02,1.0375
1981.54,1.22541136e-03,3.125585e-03,4.596348e-06,-1.1895007201e-10,7.7384e-02,1.0375
1982.05,1.82744620e-03,3.104488e-03,4.780031e-06,-1.1895118224e-10,8.4433e-02,1.0375
1982.55,1.98574681e-03,3.076661e-03,5.033400e-06,-1.1895151530e-10,9.1515e-02,1.0375
1983.06,1.69398039e-03,3.045089e-03,5.339497e-06,-1.1895195939e-10,9.8569e-02,1.0375
1983.57,1.04489876e-03,3.014581e-03,5.668351e-06,-1.1895318064e-10,1.0560e-01,1.0375
1984.07,1.99899409e-04,2.990246e-03,5.989352e-06,-1.1895384677e-10,1.1260e-01,1.0375
1984.58,-6.56457269e-04,2.975714e-03,6.282033e-06,-1.1895628926e-10,1.1959e-01,1.0375
1985.09,-1.36306879e-03,2.972023e-03,6.540744e-06,-1.1895684437e-10,1.2655e-01,1.0375
1985.59,-1.81859662e-03,2.977748e-03,6.772677e-06,-1.1895773255e-10,1.2582e-01,1.0375
1986.10,-2.00102278e-03,2.990079e-03,6.991266e-06,-1.1895784358e-10,3.2668e-02,1.0375
1986.61,-1.96119948e-03,3.006193e-03,7.208369e-06,-1.1896017504e-10,1.1384e-02,1.0375
1987.12,-1.80017896e-03,3.024125e-03,7.428493e-06,-1.1896306162e-10,8.8143e-03,1.0375
1987.62,-1.62875524e-03,3.042866e-03,7.647684e-06,-1.1896750252e-10,9.3654e-03,1.0375
1988.13,-1.52975142e-03,3.062011e-03,7.856183e-06,-1.1897338670e-10,1.4095e-02,1.0375
1988.64,-1.54415209e-03,3.081456e-03,8.042792e-06,-1.1897649532e-10,2.0406e-02,1.0375
1989.14,-1.67169025e-03,3.101398e-03,8.198380e-06,-1.1897982599e-10,2.7203e-02,1.0375
1989.65,-1.88008319e-03,3.122403e-03,8.317598e-06,-1.1898304564e-10,3.3575e-02,1.0375
1990.16,-2.11399030e-03,3.145320e-03,8.399472e-06,-1.1898559915e-10,3.8167e-02,1.0375
1990.66,-2.30166533e-03,3.170766e-03,8.446938e-06,-1.1899015107e-10,3.9824e-02,1.0375
1991.17,-2.36470789e-03,3.198448e-03,8.466155e-06,-1.1900258556e-10,3.1091e-02,1.0375
1991.68,-2.24309494e-03,3.226864e-03,8.465239e-06,-1.1903156238e-10,2.9183e-02,1.0375
1992.18,-1.91823014e-03,3.253613e-03,8.452305e-06,-1.1907075326e-10,2.9797e-02,1.0375
1992.69,-1.42118129e-03,3.276381e-03,8.433286e-06,-1.1911904796e-10,3.1415e-02,1.0375
1993.20,-8.32827085e-04,3.294018e-03,8.410270e-06,-1.1917011822e-10,3.3524e-02,1.0375
1993.70,-2.58724489e-04,3.306881e-03,8.381269e-06,-1.1922118848e-10,3.5940e-02,1.0375
1994.21,2.08113837e-04,3.316303e-03,8.342435e-06,-1.1926903909e-10,3.8584e-02,1.0375
1994.72,5.09978670e-04,3.323245e-03,8.291141e-06,-1.1931167165e-10,4.1070e-02,1.0375
1995.22,6.36213606e-04,3.327116e-03,8.228390e-06,-1.1934775390e-10,4.3194e-02,1.0375
1995.73,6.21369701e-04,3.325666e-03,8.159530e-06,-1.1937739686e-10,4.4952e-02,1.0375
1996.24,5.27307619e-04,3.315939e-03,8.092383e-06,-1.1940193279e-10,4.6168e-02,1.0375
1996.74,4.20831223e-04,3.295589e-03,8.033707e-06,-1.1941836409e-10,4.7303e-02,1.0375
1997.25,3.61454537e-04,3.264342e-03,7.986513e-06,-1.1943090961e-10,5.3552e-02,1.0375
1997.76,3.93801081e-04,3.223944e-03,7.949256e-06,-1.1943679379e-10,6.0083e-02,1.0375
1998.26,5.35847725e-04,3.176756e-03,7.916989e-06,-1.1943945832e-10,5.3071e-02,1.0375
1998.77,7.78578966e-04,3.124222e-03,7.884237e-06,-1.1944278899e-10,4.7466e-02,1.0375
1999.28,1.09156403e-03,3.065729e-03,7.848281e-06,-1.1944800704e-10,4.4971e-02,1.0375
1999.78,1.41985844e-03,2.998810e-03,7.811174e-06,-1.1945477940e-10,4.5112e-02,1.0375
2000.29,1.69358341e-03,2.920464e-03,7.779568e-06,-1.1946210687e-10,4.7132e-02,1.0375
2000.80,1.85087746e-03,2.828625e-03,7.761793e-06,-1.1946721390e-10,5.1016e-02,1.0375
2001.31,1.85047416e-03,2.722928e-03,7.763881e-06,-1.1947132172e-10,5.6455e-02,1.0375
2001.81,1.68219222e-03,2.605003e-03,7.785944e-06,-1.1947431933e-10,6.2452e-02,1.0375
2002.32,1.37501947e-03,2.478781e-03,7.821285e-06,-1.1947531853e-10,6.9091e-02,1.0375
2002.83,9.89371323e-04,2.350469e-03,7.859344e-06,-1.1947720591e-10,7.6112e-02,1.0375
2003.33,6.02089748e-04,2.227900e-03,7.890579e-06,-1.1947742795e-10,8.3200e-02,1.0375
2003.84,2.88975407e-04,2.118959e-03,7.910180e-06,-1.1947787204e-10,9.2682e-02,1.0375
2004.35,1.10488363e-04,2.029813e-03,7.918683e-06,-1.1947853817e-10,9.7560e-02,1.0375
2004.85,1.07140546e-04,1.964591e-03,7.919599e-06,-1.1948042555e-10,1.0515e-01,1.0375
2005.36,2.92168345e-04,1.927093e-03,7.915697e-06,-1.1948164680e-10,5.7449e-02,1.0375
2005.87,6.44086145e-04,1.923044e-03,7.906171e-06,-1.1948353418e-10,2.4923e-02,1.0375
2006.37,1.11419446e-03,1.960090e-03,7.886347e-06,-1.1986522885e-10,2.0003e-02,1.0375
2006.88,1.63232847e-03,2.044000e-03,7.850040e-06,-1.1987189019e-10,1.5343e-02,1.0375
2007.39,2.10707231e-03,2.173410e-03,7.793183e-06,-1.1988188220e-10,1.1012e-02,1.0375
2007.89,2.44605604e-03,2.337479e-03,7.716552e-06,-1.1989043092e-10,1.4159e-02,1.0375
2008.40,2.58442135e-03,2.518407e-03,7.625897e-06,-1.1989842452e-10,1.8904e-02,1.0375
2008.91,2.49620226e-03,2.696656e-03,7.529392e-06,-1.1990464177e-10,2.4873e-02,1.0375
2009.41,2.19804605e-03,2.855648e-03,7.433639e-06,-1.1990863857e-10,3.3593e-02,1.0375
2009.92,1.74780368e-03,2.984674e-03,7.339915e-06,-1.1990997084e-10,5.3580e-02,1.0375
2010.43,1.22671600e-03,3.080240e-03,7.243746e-06,-1.1991185822e-10,3.5194e-02,1.0375
2010.93,7.16484103e-04,3.146013e-03,7.137544e-06,-1.1991563298e-10,4.2477e-02,1.0375
2011.44,2.84072942e-04,3.191231e-03,7.014637e-06,-1.1992040694e-10,4.9491e-02,1.0375
2011.95,-2.79929921e-05,3.227923e-03,6.872240e-06,-1.1992462579e-10,5.5646e-02,1.0375
2012.45,-2.03683183e-04,3.267901e-03,6.711836e-06,-1.1992618010e-10,6.1926e-02,1.0375
2012.96,-2.47974931e-04,3.320240e-03,6.537337e-06,-1.1992762339e-10,6.8419e-02,1.0375
2013.47,-1.82604713e-04,3.389195e-03,6.352424e-06,-1.1992862259e-10,7.4080e-02,1.0375
2013.97,-4.35747942e-05,3.477295e-03,6.158692e-06,-1.1993006588e-10,7.4099e-02,1.0375
2014.48,1.26764725e-04,3.584364e-03,5.955113e-06,-1.1993162019e-10,7.4651e-02,1.0375
2014.99,2.90635264e-04,3.709083e-03,5.738787e-06,-1.1993217530e-10,7.9774e-02,1.0375
2015.50,4.19353368e-04,3.848606e-03,5.506069e-06,-1.1993384064e-10,8.6459e-02,1.0375
2016.00,4.95004756e-04,3.998041e-03,5.253610e-06,-1.1993384064e-10,9.3468e-02,1.0375
2016.51,5.15815711e-04,4.150216e-03,4.979358e-06,-1.1993517290e-10,1.0051e-01,1.0375
2017.02,4.97151272e-04,4.296713e-03,4.683776e-06,-1.1993650517e-10,1.0754e-01,1.0375
2017.52,4.64849691e-04,4.429311e-03,4.370994e-06,-1.1993717131e-10,1.1454e-01,1.0375
2018.03,4.47365516e-04,4.540268e-03,4.048913e-06,-1.1993783744e-10,1.2152e-01,1.0375
2018.54,4.66595611e-04,4.621457e-03,3.728495e-06,-1.1993850357e-10,1.2848e-01,1.0375
2019.04,5.29458330e-04,4.665860e-03,3.420597e-06,-1.1993972482e-10,1.3541e-01,1.0375
2019.55,6.26450563e-04,4.673152e-03,3.132475e-06,-1.1994072402e-10,1.3910e-01,1.0375
2020.06,7.33151953e-04,4.648224e-03,2.866547e-06,-1.1994194526e-10,1.4581e-01,1.0375
2020.56,8.11785818e-04,4.599877e-03,2.623197e-06,-1.1994250038e-10,1.5268e-01,1.0375
2021.07,8.19619947e-04,4.538425e-03,2.407207e-06,-1.1994338855e-10,1.5953e-01,1.0375
2021.58,7.23058515e-04,4.472733e-03,2.234533e-06,-1.1994394367e-10,1.6636e-01,1.0375
2022.08,5.08253999e-04,4.408650e-03,2.133638e-06,-1.1994560900e-10,1.7317e-01,1.0375
2022.59,1.84839778e-04,4.348937e-03,2.135063e-06,-1.1994616411e-10,2.0002e-02,1.0375
2023.10,-2.16391194e-04,4.294747e-03,2.251537e-06,-1.1994927274e-10,1.8935e-02,1.0375
2023.60,-6.50201017e-04,4.247076e-03,2.467473e-06,-1.2010070716e-10,1.6946e-02,1.0500
2024.11,-1.06499382e-03,4.207324e-03,2.750246e-06,-1.2010081818e-10,1.7671e-02,1.0500
2024.62,-1.41045016e-03,4.176561e-03,3.068526e-06,-1.2010170636e-10,1.7887e-02,1.0500
2025.12,-1.64413445e-03,4.153909e-03,3.402209e-06,-1.2010337169e-10,1.5964e-02,1.0500
2025.63,-1.73640707e-03,4.135214e-03,3.743185e-06,-1.2010392680e-10,2.2150e-02,1.0500
2026.14,-1.67448842e-03,4.112918e-03,4.091157e-06,-1.2010448192e-10,2.9007e-02,1.0500
2026.64,-1.46579511e-03,4.077580e-03,4.447788e-06,-1.2010392680e-10,3.6198e-02,1.0500
2027.15,-1.13756321e-03,4.020300e-03,4.812722e-06,-1.2010648032e-10,4.3392e-02,1.0500
2027.66,-7.33274365e-04,3.934476e-03,5.181398e-06,-1.2010648032e-10,5.0575e-02,1.0500
2028.16,-3.09722391e-04,3.817718e-03,5.546008e-06,-1.2010847872e-10,5.7275e-02,1.0500
2028.67,6.86137735e-05,3.672954e-03,5.898478e-06,-1.2010881179e-10,6.4213e-02,1.0500
2029.18,3.43265850e-04,3.508651e-03,6.233036e-06,-1.2010914485e-10,7.1152e-02,1.0500
2029.69,4.78236335e-04,3.336699e-03,6.547129e-06,-1.2011125428e-10,7.8074e-02,1.0500
2030.19,4.69832505e-04,3.169782e-03,6.840693e-06,-1.2011081019e-10,8.4979e-02,1.0500
2030.70,3.47202648e-04,3.018668e-03,7.114750e-06,-1.2011236450e-10,9.1865e-02,1.0500
2031.21,1.65259498e-04,2.890259e-03,7.370097e-06,-1.2011336370e-10,9.8733e-02,1.0500
2031.71,-8.00488501e-06,2.787303e-03,7.606630e-06,-1.2011458494e-10,1.0558e-01,1.0500
2032.22,-1.07354643e-04,2.709773e-03,7.823404e-06,-1.2011636130e-10,1.1241e-01,1.0500
2032.73,-8.45940356e-05,2.656388e-03,8.019069e-06,-1.2011680539e-10,1.1922e-01,1.0500
2033.23,8.49186264e-05,2.624978e-03,8.192276e-06,-1.2011680539e-10,1.2601e-01,1.0500
2033.74,4.03179738e-04,2.611596e-03,8.341984e-06,-1.2011847073e-10,1.3278e-01,1.0500
2034.25,8.49384142e-04,2.609426e-03,8.467841e-06,-1.2011980299e-10,1.3955e-01,1.0500
2034.75,1.37656575e-03,2.609076e-03,8.570665e-06,-1.2012091322e-10,1.4636e-01,1.0500
2035.26,1.91466872e-03,2.600780e-03,8.652753e-06,-1.2012002504e-10,1.5325e-01,1.0500
2035.77,2.38539713e-03,2.577334e-03,8.717657e-06,-1.2012224548e-10,1.6035e-01,1.0500
2036.27,2.72137264e-03,2.536481e-03,8.769212e-06,-1.2026812879e-10,1.6585e-01,1.0437
2036.78,2.88093572e-03,2.481685e-03,8.810190e-06,-1.2036005526e-10,1.6948e-01,1.0500
2037.29,2.85647413e-03,2.421026e-03,8.841317e-06,-1.2060330512e-10,5.7781e-02,1.0375
2037.79,2.67575713e-03,2.364822e-03,8.861406e-06,-1.2060352717e-10,2.9607e-02,1.0375
2038.30,2.39504724e-03,2.322974e-03,8.868707e-06,-1.2060630272e-10,1.5033e-02,1.0375
2038.81,2.08514595e-03,2.302828e-03,8.862856e-06,-1.2061440735e-10,1.4879e-02,1.0375
2039.31,1.81418674e-03,2.307863e-03,8.846383e-06,-1.2063372523e-10,1.4417e-02,1.0375
2039.82,1.63226261e-03,2.337334e-03,8.824950e-06,-1.2066359023e-10,1.6475e-02,1.0375
2040.33,1.56355844e-03,2.386678e-03,8.806113e-06,-1.2069922839e-10,1.9086e-02,1.0375
2040.83,1.60864802e-03,2.448710e-03,8.797057e-06,-1.2073653188e-10,2.2622e-02,1.0375
2041.34,1.75247324e-03,2.515434e-03,8.802264e-06,-1.2077172595e-10,2.7148e-02,1.0375
2041.85,1.96975397e-03,2.579963e-03,8.822167e-06,-1.2080259015e-10,3.2661e-02,1.0375
2042.35,2.22481880e-03,2.637900e-03,8.853514e-06,-1.2082701506e-10,3.9215e-02,1.0375
2042.86,2.47114961e-03,2.687733e-03,8.891359e-06,-1.2084733214e-10,4.7000e-02,1.0375
2043.37,2.65725062e-03,2.730041e-03,8.931751e-06,-1.2086120993e-10,5.5092e-02,1.0375
2043.88,2.73870172e-03,2.765975e-03,8.973776e-06,-1.2086831536e-10,5.5669e-02,1.0375
2044.38,2.68963025e-03,2.795895e-03,9.019988e-06,-1.2087375545e-10,5.7338e-02,1.0375
2044.89,2.50720808e-03,2.819432e-03,9.075053e-06,-1.2087653101e-10,5.8423e-02,1.0375
2045.40,2.20849814e-03,2.836187e-03,9.143275e-06,-1.2087875145e-10,6.0109e-02,1.0375
2045.90,1.82352331e-03,2.846911e-03,9.226217e-06,-1.2088119394e-10,5.1979e-02,1.0375
2046.41,1.38848103e-03,2.854047e-03,9.321535e-06,-1.2088374746e-10,5.9056e-02,1.0375
2046.92,9.40552533e-04,2.860894e-03,9.423430e-06,-1.2088441359e-10,6.6050e-02,1.0375
2047.42,5.13965254e-04,2.869959e-03,9.524244e-06,-1.2088530177e-10,7.2962e-02,1.0375
2047.93,1.36963348e-04,2.881634e-03,9.616362e-06,-1.2088596790e-10,7.9903e-02,1.0375
2048.44,-1.69886140e-04,2.894009e-03,9.693644e-06,-1.2088730017e-10,8.6959e-02,1.0375
2048.94,-3.93669291e-04,2.903818e-03,9.752077e-06,-1.2088907653e-10,9.6960e-02,1.0375
2049.45,-5.28184321e-04,2.907979e-03,9.789715e-06,-1.2088985368e-10,1.0145e-01,1.0375
2049.96,-5.73694442e-04,2.904764e-03,9.806198e-06,-1.2089029777e-10,1.0846e-01,1.0375
2050.46,-5.38250680e-04,2.893764e-03,9.802067e-06,-1.2089140800e-10,1.1547e-01,1.0375
2050.97,-4.40050447e-04,2.875780e-03,9.777880e-06,-1.2089251822e-10,1.1031e-01,1.0375
2051.48,-3.09227581e-04,2.852168e-03,9.733166e-06,-1.2089473866e-10,4.0135e-02,1.0375
2051.98,-1.86556492e-04,2.824376e-03,9.665529e-06,-1.2089618195e-10,1.8834e-02,1.0375
2052.49,-1.16747651e-04,2.794065e-03,9.570505e-06,-1.2090417556e-10,2.0176e-02,1.0375
2053.00,-1.37380910e-04,2.763414e-03,9.442550e-06,-1.2092449264e-10,2.0586e-02,1.0375
2053.50,-2.69309123e-04,2.735074e-03,9.276984e-06,-1.2095602298e-10,2.0112e-02,1.0375
2054.01,-5.14529310e-04,2.711552e-03,9.071945e-06,-1.2099332647e-10,1.8895e-02,1.0375
2054.52,-8.61090091e-04,2.694327e-03,8.829203e-06,-1.2103062996e-10,2.2058e-02,1.0375
2055.02,-1.28849344e-03,2.683359e-03,8.553077e-06,-1.2106260439e-10,2.8118e-02,1.0375
2055.53,-1.76877154e-03,2.677478e-03,8.247707e-06,-1.2109002689e-10,3.5054e-02,1.0375
2056.04,-2.26569010e-03,2.675489e-03,7.914064e-06,-1.2111156522e-10,4.2417e-02,1.0375
2056.55,-2.73805076e-03,2.677234e-03,7.548598e-06,-1.2112821857e-10,4.9683e-02,1.0375
2057.05,-3.14864134e-03,2.683814e-03,7.144880e-06,-1.2114065306e-10,5.6556e-02,1.0375
2057.56,-3.47366906e-03,2.696781e-03,6.697909e-06,-1.2115142223e-10,6.3126e-02,1.0375
2058.07,-3.70612287e-03,2.716827e-03,6.209033e-06,-1.2116863068e-10,6.1135e-02,1.0375
2058.57,-3.85121989e-03,2.742969e-03,5.688725e-06,-1.2118450687e-10,5.8954e-02,1.0375
2059.08,-3.91759940e-03,2.772759e-03,5.155143e-06,-1.2119794057e-10,5.6797e-02,1.0375
2059.59,-3.90984650e-03,2.803272e-03,4.628346e-06,-1.2120904280e-10,5.4528e-02,1.0375
2060.09,-3.82648376e-03,2.832904e-03,4.122855e-06,-1.2121670334e-10,5.3996e-02,1.0375
2060.60,-3.66482308e-03,2.861072e-03,3.643762e-06,-1.2122258752e-10,5.3986e-02,1.0375
2061.11,-3.43046950e-03,2.887127e-03,3.191544e-06,-1.2123146931e-10,4.7903e-02,1.0375
2061.61,-3.14519254e-03,2.909207e-03,2.776963e-06,-1.2124090620e-10,4.4726e-02,1.0375
2062.12,-2.84685555e-03,2.923778e-03,2.441157e-06,-1.2125400684e-10,4.4228e-02,1.0375
2062.63,-2.58086154e-03,2.926436e-03,2.264119e-06,-1.2126533111e-10,4.5661e-02,1.0375
2063.13,-2.39121395e-03,2.913645e-03,2.324430e-06,-1.2128076321e-10,4.8520e-02,1.0375
2063.64,-2.31819877e-03,2.884553e-03,2.620321e-06,-1.2129364180e-10,5.2825e-02,1.0375
2064.15,-2.39913845e-03,2.841716e-03,3.070889e-06,-1.2130274563e-10,5.8257e-02,1.0375
2064.65,-2.66107959e-03,2.790386e-03,3.590215e-06,-1.2130529914e-10,6.4068e-02,1.0375
2065.16,-3.10175907e-03,2.736841e-03,4.125417e-06,-1.2130774163e-10,7.0419e-02,1.0375
2065.67,-3.67187338e-03,2.686326e-03,4.655626e-06,-1.2131018412e-10,7.7395e-02,1.0375
2066.17,-4.27606504e-03,2.641791e-03,5.180222e-06,-1.2131118332e-10,8.4374e-02,1.0375
2066.68,-4.79843666e-03,2.604145e-03,5.706302e-06,-1.2131107230e-10,9.3666e-02,1.0375
2067.19,-5.13677190e-03,2.573335e-03,6.238719e-06,-1.2131307070e-10,1.0188e-01,1.0375
2067.69,-5.22816319e-03,2.549191e-03,6.775122e-06,-1.2131284866e-10,8.5793e-02,1.0375
2068.20,-5.05342411e-03,2.531943e-03,7.306503e-06,-1.2131606830e-10,3.6139e-02,1.0500
2068.71,-4.62523705e-03,2.521194e-03,7.821268e-06,-1.2131651239e-10,3.6109e-02,1.0500
2069.21,-3.97086652e-03,2.515435e-03,8.309721e-06,-1.2131629035e-10,3.3862e-02,1.0500
2069.72,-3.12137678e-03,2.512079e-03,8.766691e-06,-1.2131873284e-10,3.0310e-02,1.0500
2070.23,-2.11478055e-03,2.508173e-03,9.191583e-06,-1.2131762261e-10,2.6366e-02,1.0500
2070.74,-1.01118179e-03,2.501297e-03,9.586551e-06,-1.2131851079e-10,2.3091e-02,1.0500
2071.24,9.18422652e-05,2.490052e-03,9.954131e-06,-1.2132117533e-10,2.9471e-02,1.0500
2071.75,1.06007908e-03,2.473907e-03,1.029556e-05,-1.2132195248e-10,3.6485e-02,1.0500
2072.26,1.74845598e-03,2.452610e-03,1.061031e-05,-1.2132295168e-10,4.3485e-02,1.0500
2072.76,2.04352157e-03,2.425761e-03,1.089661e-05,-1.2132428395e-10,5.0470e-02,1.0500
2073.27,1.90133474e-03,2.392869e-03,1.115222e-05,-1.2132517213e-10,5.7440e-02,1.0500
2073.78,1.36186770e-03,2.353714e-03,1.137506e-05,-1.2132483906e-10,6.4394e-02,1.0500
2074.28,5.36116208e-04,2.308700e-03,1.156368e-05,-1.2132517213e-10,7.1331e-02,1.0500
2074.79,-4.24300978e-04,2.258861e-03,1.171753e-05,-1.2132828076e-10,7.8251e-02,1.0500
2075.30,-1.36167216e-03,2.205491e-03,1.183738e-05,-1.2132739258e-10,8.5154e-02,1.0500
2075.80,-2.14111193e-03,2.149743e-03,1.192526e-05,-1.2132883587e-10,9.2039e-02,1.0500
2076.31,-2.66877832e-03,2.092610e-03,1.198399e-05,-1.2133005711e-10,9.8906e-02,1.0500
2076.82,-2.89747660e-03,2.035415e-03,1.201610e-05,-1.2133094529e-10,1.0575e-01,1.0500
2077.32,-2.82019212e-03,1.980539e-03,1.202269e-05,-1.2133172245e-10,1.1258e-01,1.0500
2077.83,-2.45459690e-03,1.931838e-03,1.200302e-05,-1.2133272165e-10,1.1860e-01,1.0500
2078.34,-1.82430429e-03,1.894259e-03,1.195505e-05,-1.2133294369e-10,4.6889e-02,1.0500
2078.84,-9.45013584e-04,1.872571e-03,1.187694e-05,-1.2133405392e-10,5.5534e-02,1.0500
2079.35,1.75790089e-04,1.869873e-03,1.176860e-05,-1.2133560823e-10,5.7515e-02,1.0500
2079.86,1.52012084e-03,1.886595e-03,1.163222e-05,-1.2133627436e-10,5.6241e-02,1.0500
2080.36,3.02470801e-03,1.920646e-03,1.147160e-05,-1.2133727356e-10,5.8031e-02,1.0500
2080.87,4.54629033e-03,1.968454e-03,1.129028e-05,-1.2133893890e-10,6.3200e-02,1.0500
2081.38,5.85575228e-03,2.026340e-03,1.108965e-05,-1.2133916094e-10,6.3931e-02,1.0500
2081.88,6.68782183e-03,2.091140e-03,1.086822e-05,-1.2133916094e-10,7.0868e-02,1.0500
2082.39,6.84150208e-03,2.160077e-03,1.062271e-05,-1.2134138139e-10,7.7788e-02,1.0500
2082.90,6.27801884e-03,2.230518e-03,1.035042e-05,-1.2134149241e-10,8.4690e-02,1.0500
2083.40,5.14808462e-03,2.299956e-03,1.005162e-05,-1.2134238059e-10,9.1595e-02,1.0500
2083.91,3.72922939e-03,2.366330e-03,9.730319e-06,-1.2134215854e-10,9.8545e-02,1.0500
2084.42,2.32094406e-03,2.428557e-03,9.393072e-06,-1.2134415694e-10,1.0552e-01,1.0500
2084.93,1.16230354e-03,2.486908e-03,9.046314e-06,-1.2134526717e-10,1.1250e-01,1.0500
2085.43,4.00890019e-04,2.542963e-03,8.693829e-06,-1.2134637739e-10,1.1955e-01,1.0500
2085.94,1.01009105e-04,2.598980e-03,8.335861e-06,-1.2134671046e-10,1.2853e-01,1.0500
2086.45,2.64105605e-04,2.657121e-03,7.970480e-06,-1.2152256978e-10,1.3274e-01,1.0437
2086.95,8.41177976e-04,2.718787e-03,7.596479e-06,-1.2167378216e-10,1.3796e-01,1.0500
2087.46,1.73148453e-03,2.784106e-03,7.216160e-06,-1.2176226694e-10,1.4149e-01,1.0500
2087.97,2.77564720e-03,2.851909e-03,6.836432e-06,-1.2197221011e-10,2.3469e-02,1.0375
2088.47,3.76078602e-03,2.920027e-03,6.467589e-06,-1.2198031474e-10,1.2505e-02,1.0375
2088.98,4.45493496e-03,2.985730e-03,6.120435e-06,-1.2199563582e-10,1.5366e-02,1.0375
2089.49,4.67123881e-03,3.046175e-03,5.803289e-06,-1.2201639699e-10,1.7618e-02,1.0375
2089.99,4.33489410e-03,3.098832e-03,5.520308e-06,-1.2203960065e-10,2.0528e-02,1.0375
2090.50,3.51214515e-03,3.141904e-03,5.271787e-06,-1.2206169409e-10,2.4337e-02,1.0375
2091.01,2.38134281e-03,3.174681e-03,5.056176e-06,-1.2208112299e-10,2.9040e-02,1.0375
2091.51,1.16549860e-03,3.197710e-03,4.873009e-06,-1.2209799838e-10,3.4746e-02,1.0375
2092.02,6.61856056e-05,3.212649e-03,4.725664e-06,-1.2211021083e-10,4.1249e-02,1.0375
2092.53,-7.73767619e-04,3.221853e-03,4.622575e-06,-1.2211909262e-10,4.3444e-02,1.0375
2093.03,-1.27673596e-03,3.227826e-03,4.575702e-06,-1.2212320044e-10,4.5956e-02,1.0375
2093.54,-1.41955196e-03,3.232766e-03,4.596126e-06,-1.2212497680e-10,4.9501e-02,1.0375
2094.05,-1.22024226e-03,3.238369e-03,4.688601e-06,-1.2213130507e-10,3.9208e-02,1.0375
2094.55,-7.30176879e-04,3.245975e-03,4.847936e-06,-1.2214484979e-10,4.4659e-02,1.0375
2095.06,-3.18854393e-05,3.256819e-03,5.059055e-06,-1.2216871959e-10,5.0545e-02,1.0375
2095.57,7.62729469e-04,3.272235e-03,5.300419e-06,-1.2219214529e-10,5.5202e-02,1.0375
2096.07,1.52121703e-03,3.293487e-03,5.549108e-06,-1.2221090806e-10,5.8090e-02,1.0375
2096.58,2.11141779e-03,3.321295e-03,5.785800e-06,-1.2222478585e-10,6.0860e-02,1.0375
2097.09,2.43188828e-03,3.355460e-03,5.998526e-06,-1.2223344559e-10,6.2048e-02,1.0375
2097.59,2.44065470e-03,3.394401e-03,6.184636e-06,-1.2223877466e-10,6.0050e-02,1.0375
2098.10,2.16798955e-03,3.435312e-03,6.350604e-06,-1.2224832258e-10,5.6963e-02,1.0375
2098.61,1.70602791e-03,3.474863e-03,6.509184e-06,-1.2225942481e-10,5.5499e-02,1.0375
2099.12,1.18062249e-03,3.510244e-03,6.673814e-06,-1.2226819557e-10,5.6340e-02,1.0375
2099.62,7.18733271e-04,3.540143e-03,6.851753e-06,-1.2227696633e-10,5.9423e-02,1.0375
2100.13,4.22759892e-04,3.565263e-03,7.039359e-06,-1.2228229540e-10,6.4247e-02,1.0375
2100.64,3.55527693e-04,3.588126e-03,7.222678e-06,-1.2228462687e-10,7.0292e-02,1.0375
2101.14,5.33348867e-04,3.612223e-03,7.383391e-06,-1.2228640323e-10,7.6950e-02,1.0375
2101.65,9.23494425e-04,3.640813e-03,7.506729e-06,-1.2228651425e-10,8.2168e-02,1.0375
2102.16,1.44567372e-03,3.675948e-03,7.587172e-06,-1.2228873469e-10,8.6804e-02,1.0375
2102.66,1.98125865e-03,3.717358e-03,7.629500e-06,-1.2228928981e-10,9.2797e-02,1.0375
2103.17,2.39486297e-03,3.763264e-03,7.645256e-06,-1.2229084412e-10,9.9185e-02,1.0375
2103.68,2.56772871e-03,3.812442e-03,7.646760e-06,-1.2229151025e-10,1.0192e-01,1.0375
2104.18,2.43299313e-03,3.862904e-03,7.641802e-06,-1.2229228741e-10,1.0699e-01,1.0375
2104.69,1.99686642e-03,3.912854e-03,7.631745e-06,-1.2229384172e-10,1.1357e-01,1.0375
2105.20,1.33449388e-03,3.960700e-03,7.613489e-06,-1.2229417479e-10,1.2056e-01,1.0375
2105.70,5.62988768e-04,4.004690e-03,7.583501e-06,-1.2229550705e-10,1.2752e-01,1.0375
2106.21,-1.94164706e-04,4.042613e-03,7.541296e-06,-1.2229606217e-10,1.3445e-01,1.0375
2106.72,-8.36068427e-04,4.071598e-03,7.490609e-06,-1.2229739443e-10,1.4184e-01,1.0375
2107.22,-1.29921268e-03,4.088368e-03,7.438183e-06,-1.2229861568e-10,5.0971e-02,1.0375
2107.73,-1.55929902e-03,4.089809e-03,7.391359e-06,-1.2229917079e-10,3.6207e-02,1.0375
2108.24,-1.62547485e-03,4.073491e-03,7.356100e-06,-1.2230128021e-10,3.7379e-02,1.0375
2108.74,-1.53195558e-03,4.037538e-03,7.336279e-06,-1.2230272350e-10,3.5481e-02,1.0375
2109.25,-1.32950067e-03,3.981480e-03,7.333840e-06,-1.2230638724e-10,2.9198e-02,1.0375
2109.76,-1.07694854e-03,3.907028e-03,7.348805e-06,-1.2231027302e-10,2.0136e-02,1.0375
2110.26,-8.32123027e-04,3.817540e-03,7.378770e-06,-1.2231482494e-10,2.3172e-02,1.0375
2110.77,-6.41972830e-04,3.717447e-03,7.418730e-06,-1.2231893276e-10,2.6878e-02,1.0375
2111.28,-5.33175601e-04,3.611454e-03,7.462347e-06,-1.2232870272e-10,2.7482e-02,1.0375
2111.78,-5.05640897e-04,3.503738e-03,7.504667e-06,-1.2236123226e-10,2.3907e-02,1.0375
2112.29,-5.31485608e-04,3.397346e-03,7.544768e-06,-1.2242196146e-10,2.4830e-02,1.0375
2112.80,-5.60901795e-04,3.294050e-03,7.586283e-06,-1.2249956605e-10,2.7150e-02,1.0375
2113.31,-5.34500563e-04,3.194808e-03,7.634856e-06,-1.2258116744e-10,2.9924e-02,1.0375
2113.81,-4.00091896e-04,3.100836e-03,7.693772e-06,-1.2266299088e-10,3.3070e-02,1.0375
2114.32,-1.30791149e-04,3.013515e-03,7.760582e-06,-1.2273626560e-10,3.6839e-02,1.0375
2114.83,2.59610926e-04,2.933070e-03,7.827302e-06,-1.2280054751e-10,4.0761e-02,1.0375
2115.33,7.09320793e-04,2.856628e-03,7.884272e-06,-1.2285406026e-10,4.3769e-02,1.0375
2115.84,1.11516621e-03,2.777163e-03,7.925618e-06,-1.2290202189e-10,4.4269e-02,1.0375
2116.35,1.35649710e-03,2.684303e-03,7.952400e-06,-1.2295020557e-10,4.2118e-02,1.0375
2116.85,1.33209264e-03,2.567947e-03,7.971295e-06,-1.2300183094e-10,3.9689e-02,1.0375
2117.36,9.96183250e-04,2.423096e-03,7.989741e-06,-1.2305756414e-10,3.8727e-02,1.0375
2117.87,3.76240611e-04,2.253876e-03,8.010376e-06,-1.2311329733e-10,3.9768e-02,1.0375
2118.37,-4.36379606e-04,2.075418e-03,8.028367e-06,-1.2316281328e-10,4.3267e-02,1.0375
2118.88,-1.31663379e-03,1.912687e-03,8.033506e-06,-1.2318834841e-10,4.9514e-02,1.0375
2119.39,-2.14064398e-03,1.795019e-03,8.015768e-06,-1.2320011678e-10,5.1141e-02,1.0375
2119.89,-2.81090282e-03,1.745773e-03,7.970882e-06,-1.2321499376e-10,4.6576e-02,1.0375
2120.40,-3.26667623e-03,1.771952e-03,7.902244e-06,-1.2323608800e-10,3.9268e-02,1.0375
2120.91,-3.48263123e-03,1.862930e-03,7.818341e-06,-1.2326395460e-10,3.4853e-02,1.0375
2121.41,-3.46181526e-03,1.999826e-03,7.727488e-06,-1.2330003685e-10,2.9500e-02,1.0375
2121.92,-3.22804282e-03,2.165577e-03,7.633008e-06,-1.2334511190e-10,2.8341e-02,1.0375
2122.43,-2.82012567e-03,2.348422e-03,7.531601e-06,-1.2339718136e-10,2.7369e-02,1.0375
2122.93,-2.28804244e-03,2.540283e-03,7.415564e-06,-1.2345247047e-10,2.7543e-02,1.0375
2123.44,-1.68974701e-03,2.733939e-03,7.277300e-06,-1.2350620526e-10,2.8640e-02,1.0375
2123.95,-1.08695280e-03,2.921456e-03,7.113593e-06,-1.2355394485e-10,3.0464e-02,1.0375
2124.45,-5.38851037e-04,3.093899e-03,6.927605e-06,-1.2359635537e-10,3.2865e-02,1.0375
2124.96,-9.41062935e-05,3.242435e-03,6.727890e-06,-1.2363365887e-10,3.5818e-02,1.0375
2125.47,2.16967496e-04,3.360359e-03,6.524992e-06,-1.2366274671e-10,3.9390e-02,1.0375
2125.97,3.87318755e-04,3.445337e-03,6.327111e-06,-1.2368450708e-10,4.0188e-02,1.0375
2126.48,4.33014852e-04,3.501062e-03,6.136577e-06,-1.2369660851e-10,3.8635e-02,1.0375
2126.99,3.87743314e-04,3.537243e-03,5.948740e-06,-1.2370737767e-10,3.7579e-02,1.0375
2127.50,2.93710770e-04,3.567191e-03,5.753984e-06,-1.2371903502e-10,3.6565e-02,1.0375
2128.00,1.91803026e-04,3.603364e-03,5.542289e-06,-1.2373302383e-10,3.5902e-02,1.0375
2128.51,1.13617341e-04,3.652811e-03,5.308541e-06,-1.2374701264e-10,3.5967e-02,1.0375
2129.02,7.68330746e-05,3.715329e-03,5.056219e-06,-1.2377221470e-10,3.6532e-02,1.0375
2129.52,8.41763158e-05,3.785179e-03,4.797241e-06,-1.2380541037e-10,3.6598e-02,1.0375
2130.03,1.25495526e-04,3.854953e-03,4.546931e-06,-1.2384271386e-10,3.6719e-02,1.0375
2130.54,1.82192541e-04,3.919252e-03,4.315895e-06,-1.2388101656e-10,3.7101e-02,1.0375
2131.04,2.33124328e-04,3.976416e-03,4.103595e-06,-1.2391598858e-10,3.8095e-02,1.0375
2131.55,2.60881286e-04,4.027077e-03,3.899234e-06,-1.2394751892e-10,3.9699e-02,1.0375
2132.06,2.57128098e-04,4.071391e-03,3.690727e-06,-1.2396728089e-10,4.0000e-02,1.0375
2132.56,2.25696189e-04,4.107067e-03,3.476250e-06,-1.2397805005e-10,3.9958e-02,1.0375
2133.07,1.82494369e-04,4.129115e-03,3.271389e-06,-1.2398659877e-10,3.9903e-02,1.0375
2133.58,1.52000791e-04,4.131684e-03,3.106317e-06,-1.2399137272e-10,2.9268e-02,1.0375
2134.08,1.60897133e-04,4.110969e-03,3.011311e-06,-1.2400358518e-10,3.4528e-02,1.0375
2134.59,2.30083691e-04,4.067464e-03,2.997931e-06,-1.2402168181e-10,4.8371e-02,1.0375
2135.10,3.66794813e-04,4.005750e-03,3.052395e-06,-1.2403678085e-10,5.2672e-02,1.0375
2135.60,5.58858394e-04,3.933588e-03,3.149078e-06,-1.2405010352e-10,5.2954e-02,1.0375
2136.11,7.73249111e-04,3.857765e-03,3.270709e-06,-1.2406065064e-10,5.5617e-02,1.0375
2136.62,9.60630553e-04,3.781720e-03,3.417642e-06,-1.2406453642e-10,6.1841e-02,1.0375
2137.12,1.06611450e-03,3.705320e-03,3.601652e-06,-1.2406753402e-10,6.8311e-02,1.0375
2137.63,1.04400274e-03,3.626711e-03,3.831594e-06,-1.2406942140e-10,7.5177e-02,1.0375
2138.14,8.71845570e-04,3.545442e-03,4.103212e-06,-1.2407097572e-10,8.1831e-02,1.0375
2138.64,5.58489028e-04,3.463550e-03,4.400568e-06,-1.2407253003e-10,7.5346e-02,1.0375
2139.15,1.42931559e-04,3.384647e-03,4.705638e-06,-1.2408185590e-10,5.2748e-02,1.0375
2139.66,-3.15203816e-04,3.311513e-03,5.007015e-06,-1.2409318018e-10,3.4167e-02,1.0375
2140.17,-7.49458521e-04,3.243976e-03,5.302108e-06,-1.2410250605e-10,2.1539e-02,1.0375
2140.67,-1.09975657e-03,3.178545e-03,5.593210e-06,-1.2411616179e-10,2.1377e-02,1.0375
2141.18,-1.32197233e-03,3.110117e-03,5.881690e-06,-1.2414114181e-10,2.6673e-02,1.0375
2141.69,-1.39326342e-03,3.034590e-03,6.164970e-06,-1.2416778716e-10,3.1757e-02,1.0375
2142.19,-1.31415256e-03,2.950709e-03,6.438140e-06,-1.2419387740e-10,3.7964e-02,1.0375
2142.70,-1.10841492e-03,2.860159e-03,6.698122e-06,-1.2421497164e-10,4.5711e-02,1.0375
2143.21,-8.20895328e-04,2.766192e-03,6.946208e-06,-1.2423018170e-10,5.5200e-02,1.0375
2143.71,-5.12413688e-04,2.672045e-03,7.186311e-06,-1.2423828633e-10,5.7917e-02,1.0375
2144.22,-2.50828924e-04,2.580094e-03,7.420005e-06,-1.2424361540e-10,6.4573e-02,1.0375
2144.73,-9.85578025e-05,2.493245e-03,7.642477e-06,-1.2424661300e-10,6.9950e-02,1.0375
2145.23,-9.89882690e-05,2.415656e-03,7.843005e-06,-1.2424827833e-10,9.4531e-02,1.0375
2145.74,-2.65969396e-04,2.353027e-03,8.010111e-06,-1.2425083185e-10,5.2781e-02,1.0375
2146.25,-5.80367446e-04,2.311314e-03,8.138075e-06,-1.2425871443e-10,5.9525e-02,1.0375
2146.75,-9.95139206e-04,2.294497e-03,8.230790e-06,-1.2426215612e-10,6.6569e-02,1.0375
2147.26,-1.44689394e-03,2.302626e-03,8.300582e-06,-1.2426371043e-10,7.0965e-02,1.0375
2147.77,-1.86969451e-03,2.331562e-03,8.362431e-06,-1.2426859541e-10,6.1729e-02,1.0375
2148.27,-2.20703630e-03,2.374419e-03,8.426784e-06,-1.2427436857e-10,4.7997e-02,1.0375
2148.78,-2.41988237e-03,2.423435e-03,8.495333e-06,-1.2428325036e-10,3.7753e-02,1.0375
2149.29,-2.49072943e-03,2.471471e-03,8.562312e-06,-1.2429157703e-10,3.1282e-02,1.0375
2149.79,-2.42470335e-03,2.512819e-03,8.620046e-06,-1.2429812735e-10,2.7590e-02,1.0375
2150.30,-2.24840714e-03,2.543804e-03,8.664710e-06,-1.2430345642e-10,2.6289e-02,1.0375
2150.81,-2.00630966e-03,2.563383e-03,8.698696e-06,-1.2430767526e-10,2.7291e-02,1.0375
2151.31,-1.75391638e-03,2.573359e-03,8.728745e-06,-1.2431333740e-10,3.0577e-02,1.0375
2151.82,-1.54762373e-03,2.578158e-03,8.761867e-06,-1.2431966567e-10,3.5985e-02,1.0375
2152.33,-1.43297627e-03,2.583784e-03,8.802211e-06,-1.2433110097e-10,4.3235e-02,1.0375
2152.83,-1.43483866e-03,2.595963e-03,8.850823e-06,-1.2434575591e-10,5.1853e-02,1.0375
2153.34,-1.55314137e-03,2.618596e-03,8.907672e-06,-1.2437140207e-10,5.9444e-02,1.0375
2153.85,-1.76572131e-03,2.653172e-03,8.973609e-06,-1.2438172714e-10,6.4357e-02,1.0375
2154.36,-2.03655107e-03,2.699145e-03,9.050364e-06,-1.2438527985e-10,6.4922e-02,1.0375
2154.86,-2.32548672e-03,2.754794e-03,9.138768e-06,-1.2438772234e-10,5.5917e-02,1.0375
2155.37,-2.59583011e-03,2.817798e-03,9.237039e-06,-1.2439083097e-10,3.6095e-02,1.0375
2155.88,-2.81799385e-03,2.885236e-03,9.340945e-06,-1.2440060093e-10,1.6088e-02,1.0375
2156.38,-2.96982975e-03,2.953290e-03,9.445973e-06,-1.2442580299e-10,1.6835e-02,1.0375
2156.89,-3.03538925e-03,3.017248e-03,9.549894e-06,-1.2447565201e-10,1.5776e-02,1.0375
2157.40,-3.00364637e-03,3.071984e-03,9.653668e-06,-1.2454315357e-10,1.5593e-02,1.0375
2157.90,-2.86777890e-03,3.112865e-03,9.759851e-06,-1.2461554011e-10,1.6787e-02,1.0375
2158.41,-2.62512656e-03,3.136672e-03,9.869597e-06,-1.2468581723e-10,1.9076e-02,1.0375
2158.92,-2.27812028e-03,3.142186e-03,9.980526e-06,-1.2474332678e-10,2.2104e-02,1.0375
2159.42,-1.83625608e-03,3.130322e-03,1.008707e-05,-1.2479006717e-10,2.5569e-02,1.0375
2159.93,-1.31809632e-03,3.103945e-03,1.018295e-05,-1.2482681555e-10,2.9251e-02,1.0375
2160.44,-7.51764034e-04,3.067525e-03,1.026385e-05,-1.2485334988e-10,3.3103e-02,1.0375
2160.94,-1.73813580e-04,3.026693e-03,1.032829e-05,-1.2487266776e-10,3.7540e-02,1.0375
2161.45,3.71912368e-04,2.987573e-03,1.037611e-05,-1.2488221568e-10,3.5808e-02,1.0375
2161.96,8.34937152e-04,2.955822e-03,1.040586e-05,-1.2488754475e-10,2.5968e-02,1.0375
2162.46,1.16139668e-03,2.935448e-03,1.041314e-05,-1.2490619650e-10,3.0253e-02,1.0375
2162.97,1.30409370e-03,2.927807e-03,1.039121e-05,-1.2493162060e-10,3.4938e-02,1.0375
2163.48,1.23879571e-03,2.931250e-03,1.033363e-05,-1.2496759183e-10,4.0056e-02,1.0375
2163.98,9.79150449e-04,2.941809e-03,1.023733e-05,-1.2500189772e-10,4.5593e-02,1.0375
2164.49,5.80836260e-04,2.954712e-03,1.010386e-05,-1.2502887614e-10,5.1429e-02,1.0375
2165.00,1.31815235e-04,2.966083e-03,9.938189e-06,-1.2504586255e-10,5.7369e-02,1.0375
2165.50,-2.65677343e-04,2.974184e-03,9.745350e-06,-1.2505585456e-10,6.3404e-02,1.0375
2166.01,-5.11948907e-04,2.979827e-03,9.527152e-06,-1.2505974034e-10,6.9665e-02,1.0375
2166.52,-5.19315340e-04,2.985526e-03,9.280756e-06,-1.2506040648e-10,7.6557e-02,1.0375
2167.02,-2.15153124e-04,2.994196e-03,9.000030e-06,-1.2506307101e-10,8.3357e-02,1.0375
2167.53,4.54234383e-04,3.007682e-03,8.678792e-06,-1.2506440328e-10,8.9619e-02,1.0375
2168.04,1.50947487e-03,3.026256e-03,8.314102e-06,-1.2506484737e-10,8.2294e-02,1.0375
2168.55,2.90840992e-03,3.048396e-03,7.907939e-06,-1.2506962133e-10,6.4228e-02,1.0375
2169.05,4.50817730e-03,3.071166e-03,7.466658e-06,-1.2507506142e-10,4.9485e-02,1.0375
2169.56,6.04621550e-03,3.091029e-03,6.998667e-06,-1.2508194480e-10,3.8839e-02,1.0375
2170.07,7.17966758e-03,3.104565e-03,6.511361e-06,-1.2509016045e-10,3.0979e-02,1.0375
2170.57,7.59936089e-03,3.109437e-03,6.008564e-06,-1.2509548952e-10,2.5595e-02,1.0375
2171.08,7.16979463e-03,3.104893e-03,5.489568e-06,-1.2510392722e-10,2.8752e-02,1.0375
2171.59,5.99999123e-03,3.091907e-03,4.950216e-06,-1.2512335612e-10,2.9893e-02,1.0375
2172.09,4.39197894e-03,3.072831e-03,4.386037e-06,-1.2516243597e-10,2.8818e-02,1.0375
2172.60,2.70989567e-03,3.050721e-03,3.796932e-06,-1.2522483051e-10,2.6500e-02,1.0375
2173.11,1.25829979e-03,3.028595e-03,3.192804e-06,-1.2530054772e-10,2.3189e-02,1.0375
2173.61,2.24351357e-04,3.008882e-03,2.600415e-06,-1.2538414751e-10,1.9038e-02,1.0375
2174.12,-3.16359305e-04,2.993224e-03,2.073574e-06,-1.2546375050e-10,1.6687e-02,1.0375
2174.63,-3.60636790e-04,2.982616e-03,1.706130e-06,-1.2553413864e-10,1.8319e-02,1.0375
2175.13,6.01846154e-05,2.977609e-03,1.610877e-06,-1.2559175921e-10,2.0147e-02,1.0375
2175.64,8.93411198e-04,2.978286e-03,1.807288e-06,-1.2564083107e-10,2.2011e-02,1.0375
2176.15,2.05100960e-03,2.983953e-03,2.195106e-06,-1.2567846763e-10,2.3464e-02,1.0375
2176.65,3.38680005e-03,2.992751e-03,2.682404e-06,-1.2570511299e-10,2.4262e-02,1.0375
2177.16,4.69147871e-03,3.001607e-03,3.228632e-06,-1.2572565211e-10,2.4000e-02,1.0375
2177.67,5.72328594e-03,3.006745e-03,3.819225e-06,-1.2573786456e-10,2.0385e-02,1.0375
2178.17,6.27097628e-03,3.004663e-03,4.443001e-06,-1.2574752351e-10,2.2841e-02,1.0500
2178.68,6.22285740e-03,2.993172e-03,5.083223e-06,-1.2575018804e-10,2.6662e-02,1.0500
2179.19,5.60579419e-03,2.972038e-03,5.718663e-06,-1.2575096520e-10,3.0971e-02,1.0500
2179.69,4.57246286e-03,2.942897e-03,6.329312e-06,-1.2575107622e-10,3.5749e-02,1.0500
2180.20,3.34606803e-03,2.908584e-03,6.902022e-06,-1.2575185337e-10,4.0944e-02,1.0500
2180.71,2.15408629e-03,2.872112e-03,7.433202e-06,-1.2575329666e-10,4.6465e-02,1.0500
2181.21,1.18001095e-03,2.835730e-03,7.927700e-06,-1.2575418484e-10,5.2244e-02,1.0500
2181.72,5.42742467e-04,2.800409e-03,8.394602e-06,-1.2575462893e-10,5.8267e-02,1.0500
2182.23,2.95878407e-04,2.765821e-03,8.841810e-06,-1.2575540609e-10,6.4763e-02,1.0500
2182.74,4.33572297e-04,2.730707e-03,9.271812e-06,-1.2575729347e-10,7.0114e-02,1.0500
2183.24,8.94206744e-04,2.693350e-03,9.680440e-06,-1.2575740449e-10,6.8039e-02,1.0500
2183.75,1.56205294e-03,2.651926e-03,1.005884e-05,-1.2575962494e-10,7.2569e-02,1.0500
2184.26,2.27505203e-03,2.604772e-03,1.039740e-05,-1.2576029107e-10,7.9487e-02,1.0500
2184.76,2.84893937e-03,2.550682e-03,1.068989e-05,-1.2576073516e-10,8.6387e-02,1.0500
2185.27,3.12016220e-03,2.489278e-03,1.093614e-05,-1.2576095720e-10,9.3269e-02,1.0500
2185.78,2.99446756e-03,2.421318e-03,1.114248e-05,-1.2576206743e-10,1.0013e-01,1.0500
2186.28,2.47678231e-03,2.348825e-03,1.131941e-05,-1.2576351072e-10,1.0698e-01,1.0500
2186.79,1.66454602e-03,2.275062e-03,1.147711e-05,-1.2576395481e-10,1.1380e-01,1.0500
2187.30,7.08614855e-04,2.204445e-03,1.162056e-05,-1.2576506503e-10,1.2061e-01,1.0500
2187.80,-2.35838469e-04,2.142434e-03,1.174683e-05,-1.2576495401e-10,1.2739e-01,1.0500
2188.31,-1.04581916e-03,2.095087e-03,1.184640e-05,-1.2576717445e-10,1.3419e-01,1.0500
2188.82,-1.64529922e-03,2.067924e-03,1.190802e-05,-1.2576839570e-10,1.4106e-01,1.0500
2189.32,-2.00264861e-03,2.064100e-03,1.192453e-05,-1.2576895081e-10,1.4795e-01,1.0500
2189.83,-2.12052935e-03,2.082718e-03,1.189651e-05,-1.2577039410e-10,1.5580e-01,1.0500
2190.34,-2.02647192e-03,2.118496e-03,1.183222e-05,-1.2596368393e-10,1.6050e-01,1.0437
2190.84,-1.76780208e-03,2.163198e-03,1.174388e-05,-1.2606227173e-10,1.6516e-01,1.0437
2191.35,-1.41007351e-03,2.208338e-03,1.164212e-05,-1.2631118373e-10,5.1231e-02,1.0375
2191.86,-1.03507125e-03,2.247856e-03,1.153127e-05,-1.2633916135e-10,5.6268e-02,1.0375
2192.36,-7.33676520e-04,2.279615e-03,1.140801e-05,-1.2635759106e-10,6.0671e-02,1.0375
2192.87,-5.91195475e-04,2.305213e-03,1.126423e-05,-1.2637046964e-10,6.3627e-02,1.0375
2193.38,-6.67756795e-04,2.328372e-03,1.109217e-05,-1.2638179392e-10,6.5544e-02,1.0375
2193.88,-9.81335720e-04,2.352809e-03,1.088909e-05,-1.2639067570e-10,6.5009e-02,1.0375
2194.39,-1.50183681e-03,2.380775e-03,1.065892e-05,-1.2639744806e-10,5.6892e-02,1.0375
2194.90,-2.15980630e-03,2.412528e-03,1.041014e-05,-1.2641077074e-10,4.4907e-02,1.0375
2195.40,-2.86590369e-03,2.447096e-03,1.015148e-05,-1.2643008862e-10,3.4579e-02,1.0375
2195.91,-3.53264769e-03,2.483504e-03,9.887656e-06,-1.2644485459e-10,2.6991e-02,1.0375
2196.42,-4.09073578e-03,2.521538e-03,9.617904e-06,-1.2645318126e-10,2.5396e-02,1.0375
2196.93,-4.49648764e-03,2.561680e-03,9.337721e-06,-1.2646539371e-10,2.4053e-02,1.0375
2197.43,-4.73109622e-03,2.604450e-03,9.042541e-06,-1.2647760617e-10,2.2268e-02,1.0375
2197.94,-4.79440981e-03,2.649675e-03,8.730954e-06,-1.2648804226e-10,2.0105e-02,1.0375
2198.45,-4.69618050e-03,2.696149e-03,8.405853e-06,-1.2649725711e-10,2.2353e-02,1.0375
2198.95,-4.44728400e-03,2.741774e-03,8.073396e-06,-1.2650402947e-10,2.5573e-02,1.0375
2199.46,-4.05334346e-03,2.784108e-03,7.740876e-06,-1.2651668602e-10,2.9676e-02,1.0375
2199.97,-3.51287344e-03,2.821132e-03,7.414824e-06,-1.2653877945e-10,3.4729e-02,1.0375
2200.47,-2.82258310e-03,2.851848e-03,7.100141e-06,-1.2657008774e-10,4.0429e-02,1.0375
2200.98,-1.98974735e-03,2.876639e-03,6.800064e-06,-1.2660261728e-10,4.6470e-02,1.0375
2201.49,-1.04969952e-03,2.897250e-03,6.516411e-06,-1.2663536886e-10,5.2321e-02,1.0375
2201.99,-8.10857769e-05,2.916219e-03,6.249977e-06,-1.2666467875e-10,5.5389e-02,1.0375
2202.50,7.92005046e-04,2.935792e-03,6.001577e-06,-1.2668710525e-10,5.4084e-02,1.0375
2203.01,1.42094490e-03,2.956718e-03,5.774010e-06,-1.2670420269e-10,4.9872e-02,1.0375
2203.51,1.67628044e-03,2.977649e-03,5.573914e-06,-1.2672252137e-10,4.3812e-02,1.0375
2204.02,1.49717220e-03,2.995619e-03,5.411295e-06,-1.2674206129e-10,3.6759e-02,1.0375
2204.53,9.19584883e-04,3.007526e-03,5.295278e-06,-1.2675327454e-10,2.9499e-02,1.0375
2205.03,6.58557337e-05,3.011826e-03,5.227863e-06,-1.2676537597e-10,2.2757e-02,1.0375
2205.54,-8.97598551e-04,3.009449e-03,5.200544e-06,-1.2678202932e-10,2.7544e-02,1.0375
2206.05,-1.81007345e-03,3.003340e-03,5.197596e-06,-1.2680601014e-10,3.0594e-02,1.0375
2206.55,-2.55145899e-03,2.996896e-03,5.204646e-06,-1.2683376571e-10,3.2948e-02,1.0375
2207.06,-3.05435906e-03,2.992255e-03,5.216972e-06,-1.2685930084e-10,3.5425e-02,1.0375
2207.57,-3.29855084e-03,2.989471e-03,5.242192e-06,-1.2688139428e-10,3.7928e-02,1.0375
2208.07,-3.29741709e-03,2.987089e-03,5.295248e-06,-1.2689638229e-10,3.8128e-02,1.0375
2208.58,-3.08414970e-03,2.983736e-03,5.388060e-06,-1.2690526408e-10,3.7316e-02,1.0375
2209.09,-2.70174105e-03,2.979749e-03,5.520308e-06,-1.2691203644e-10,3.6099e-02,1.0375
2209.59,-2.19767885e-03,2.977856e-03,5.677882e-06,-1.2691792062e-10,3.3199e-02,1.0375
2210.10,-1.62238338e-03,2.982456e-03,5.839950e-06,-1.2692125129e-10,3.0291e-02,1.0375
2210.61,-1.02935371e-03,2.997904e-03,5.989208e-06,-1.2692291662e-10,3.0889e-02,1.0375
2211.12,-4.74522459e-04,3.026688e-03,6.118701e-06,-1.2692502604e-10,3.1748e-02,1.0375
2211.62,-1.27629855e-05,3.068558e-03,6.231995e-06,-1.2692991103e-10,3.5838e-02,1.0375
2212.13,3.08946609e-04,3.120982e-03,6.337693e-06,-1.2693801565e-10,3.7911e-02,1.0375
2212.64,4.60204463e-04,3.180403e-03,6.442159e-06,-1.2694689744e-10,3.9257e-02,1.0375
2213.14,4.34882105e-04,3.243421e-03,6.544896e-06,-1.2695888785e-10,4.0408e-02,1.0375
2213.65,2.54728916e-04,3.307302e-03,6.638942e-06,-1.2697232155e-10,4.1006e-02,1.0375
2214.16,-3.34759484e-05,3.369790e-03,6.715228e-06,-1.2698631036e-10,4.1162e-02,1.0375
2214.66,-3.67486714e-04,3.428645e-03,6.767626e-06,-1.2699774565e-10,4.0958e-02,1.0375
2215.17,-6.82971046e-04,3.481326e-03,6.795679e-06,-1.2700951402e-10,4.0425e-02,1.0375
2215.68,-9.25657619e-04,3.525160e-03,6.803934e-06,-1.2701673047e-10,3.9600e-02,1.0375
2216.18,-1.05830175e-03,3.558023e-03,6.798776e-06,-1.2702450203e-10,3.8714e-02,1.0375
2216.69,-1.06231128e-03,3.579235e-03,6.784953e-06,-1.2703149643e-10,3.7730e-02,1.0375
2217.20,-9.37040600e-04,3.590113e-03,6.763871e-06,-1.2704159946e-10,3.6954e-02,1.0375
2217.70,-6.99556588e-04,3.593675e-03,6.734455e-06,-1.2705059227e-10,3.6539e-02,1.0375
2218.21,-3.84637011e-04,3.593434e-03,6.695803e-06,-1.2706580232e-10,3.6707e-02,1.0375
2218.72,-4.20152220e-05,3.591786e-03,6.650097e-06,-1.2708778474e-10,3.7109e-02,1.0375
2219.22,2.71822559e-04,3.588852e-03,6.604339e-06,-1.2711742770e-10,3.7338e-02,1.0375
2219.73,5.06609623e-04,3.582868e-03,6.569988e-06,-1.2715239972e-10,3.7194e-02,1.0375
2220.24,6.31474887e-04,3.571125e-03,6.559979e-06,-1.2719036935e-10,3.7297e-02,1.0375
2220.74,6.42440512e-04,3.551111e-03,6.583721e-06,-1.2722900511e-10,3.7790e-02,1.0375
2221.25,5.60783757e-04,3.521393e-03,6.642350e-06,-1.2726542042e-10,3.8745e-02,1.0375
2221.76,4.23315927e-04,3.481731e-03,6.727278e-06,-1.2729561849e-10,4.0138e-02,1.0375
2222.26,2.69197338e-04,3.432277e-03,6.823438e-06,-1.2732037646e-10,4.0715e-02,1.0375
2222.77,1.28591075e-04,3.372446e-03,6.915644e-06,-1.2733525345e-10,4.0494e-02,1.0375
2223.28,1.65957953e-05,3.300241e-03,6.994699e-06,-1.2734258092e-10,4.0749e-02,1.0375
2223.79,-6.68034537e-05,3.212550e-03,7.060382e-06,-1.2734735488e-10,3.7428e-02,1.0375
2224.29,-1.32111318e-04,3.106318e-03,7.120421e-06,-1.2735523747e-10,3.2706e-02,1.0375
2224.80,-1.93369263e-04,2.980126e-03,7.186380e-06,-1.2737122468e-10,3.7321e-02,1.0375
2225.31,-2.61324812e-04,2.835355e-03,7.268386e-06,-1.2738987643e-10,4.2607e-02,1.0375
2225.81,-3.38665447e-04,2.676517e-03,7.370871e-06,-1.2740841715e-10,4.8384e-02,1.0375
2226.32,-4.18336679e-04,2.510597e-03,7.490957e-06,-1.2742495947e-10,5.4401e-02,1.0375
2226.83,-4.84916031e-04,2.345760e-03,7.619869e-06,-1.2743450739e-10,6.0524e-02,1.0375
2227.33,-5.18216564e-04,2.190087e-03,7.746336e-06,-1.2743894828e-10,6.6787e-02,1.0375
2227.84,-4.97964181e-04,2.050947e-03,7.860207e-06,-1.2744072464e-10,7.3418e-02,1.0375
2228.35,-4.08477928e-04,1.934991e-03,7.954870e-06,-1.2744194589e-10,8.0125e-02,1.0375
2228.85,-2.42577411e-04,1.848151e-03,8.027911e-06,-1.2744316713e-10,8.5488e-02,1.0375
2229.36,-4.24664834e-06,1.794798e-03,8.080320e-06,-1.2744671984e-10,8.0095e-02,1.0375
2229.87,2.90245202e-04,1.776075e-03,8.114971e-06,-1.2745005051e-10,6.4017e-02,1.0375
2230.37,6.13085277e-04,1.788626e-03,8.135099e-06,-1.2745815514e-10,4.4254e-02,1.0375
2230.88,9.27924555e-04,1.825587e-03,8.143241e-06,-1.2747580769e-10,3.7305e-02,1.0375
2231.39,1.19540404e-03,1.878808e-03,8.140710e-06,-1.2748946343e-10,3.1273e-02,1.0375
2231.89,1.38083314e-03,1.941881e-03,8.127459e-06,-1.2749423739e-10,2.6298e-02,1.0375
2232.40,1.46269835e-03,2.012205e-03,8.102174e-06,-1.2749867828e-10,2.0695e-02,1.0375
2232.91,1.43987582e-03,2.091042e-03,8.062553e-06,-1.2750223100e-10,2.3211e-02,1.0375
2233.41,1.33526707e-03,2.181962e-03,8.005825e-06,-1.2751144585e-10,2.7164e-02,1.0375
2233.92,1.19419816e-03,2.288704e-03,7.929530e-06,-1.2752443546e-10,3.2116e-02,1.0375
2234.43,1.07701019e-03,2.413418e-03,7.832397e-06,-1.2754153289e-10,3.7834e-02,1.0375
2234.93,1.04637300e-03,2.555789e-03,7.714993e-06,-1.2755674295e-10,4.4036e-02,1.0375
2235.44,1.15079588e-03,2.713423e-03,7.579848e-06,-1.2756695700e-10,5.0232e-02,1.0375
2235.95,1.40688990e-03,2.882708e-03,7.430920e-06,-1.2757028767e-10,5.6431e-02,1.0375
2236.45,1.78467383e-03,3.059441e-03,7.272497e-06,-1.2757417345e-10,6.2915e-02,1.0375
2236.96,2.20243109e-03,3.239082e-03,7.107870e-06,-1.2757472856e-10,6.9673e-02,1.0375
2237.47,2.53832510e-03,3.416872e-03,6.938305e-06,-1.2757739309e-10,7.0736e-02,1.0375
2237.98,2.66169130e-03,3.587767e-03,6.762812e-06,-1.2758194501e-10,5.4228e-02,1.0375
2238.48,2.47637660e-03,3.746683e-03,6.578999e-06,-1.2758960555e-10,3.3612e-02,1.0375
2238.99,1.95748086e-03,3.889025e-03,6.384698e-06,-1.2759848733e-10,3.4056e-02,1.0375
2239.50,1.16221830e-03,4.011302e-03,6.179644e-06,-1.2761580681e-10,3.0209e-02,1.0375
2240.00,2.09472198e-04,4.110999e-03,5.966345e-06,-1.2764311830e-10,3.0410e-02,1.0375
2240.51,-7.59339322e-04,4.188857e-03,5.749684e-06,-1.2766832036e-10,3.1010e-02,1.0375
2241.02,-1.61793231e-03,4.247613e-03,5.535401e-06,-1.2768530677e-10,3.2033e-02,1.0375
2241.52,-2.27760636e-03,4.291017e-03,5.328252e-06,-1.2769441060e-10,3.3023e-02,1.0375
2242.03,-2.69244394e-03,4.323154e-03,5.130899e-06,-1.2769807434e-10,3.3818e-02,1.0375
2242.54,-2.85308381e-03,4.347556e-03,4.944010e-06,-1.2770684510e-10,3.4249e-02,1.0375
2243.04,-2.77639484e-03,4.366675e-03,4.767315e-06,-1.2772172209e-10,3.6184e-02,1.0375
2243.55,-2.49602520e-03,4.381932e-03,4.600798e-06,-1.2774026281e-10,4.2694e-02,1.0375
2244.06,-2.05571669e-03,4.394262e-03,4.445316e-06,-1.2775425162e-10,4.9209e-02,1.0375
2244.56,-1.50511471e-03,4.404286e-03,4.302486e-06,-1.2776391056e-10,5.5466e-02,1.0375
2245.07,-8.96894034e-04,4.412232e-03,4.174292e-06,-1.2776957270e-10,6.1645e-02,1.0375
2245.58,-2.84068030e-04,4.417679e-03,4.062931e-06,-1.2777134906e-10,6.8028e-02,1.0375
2246.08,2.83104776e-04,4.419271e-03,3.971160e-06,-1.2777257030e-10,7.4976e-02,1.0375
2246.59,7.60592865e-04,4.414683e-03,3.902860e-06,-1.2777434666e-10,8.1871e-02,1.0375
2247.10,1.11404429e-03,4.401008e-03,3.863200e-06,-1.2777479075e-10,9.1053e-02,1.0375
2247.60,1.32174574e-03,4.375270e-03,3.857979e-06,-1.2777667813e-10,9.8653e-02,1.0375
2248.11,1.37668197e-03,4.334756e-03,3.891505e-06,-1.2777712222e-10,1.0331e-01,1.0375
2248.62,1.28731505e-03,4.277742e-03,3.964577e-06,-1.2777801039e-10,1.1028e-01,1.0375
2249.12,1.07668803e-03,4.204170e-03,4.073793e-06,-1.2777923164e-10,1.1728e-01,1.0375
2249.63,7.79593298e-04,4.115899e-03,4.212572e-06,-1.2778011982e-10,1.2425e-01,1.0375
2250.14,4.37969634e-04,4.016469e-03,4.373386e-06,-1.2778078595e-10,1.3120e-01,1.0375
2250.64,9.52669087e-05,3.910517e-03,4.549934e-06,-1.2778111902e-10,1.3813e-01,1.0375
2251.15,-2.09091060e-04,3.803208e-03,4.738236e-06,-1.2778200720e-10,1.4241e-01,1.0375
2251.66,-4.44059903e-04,3.699462e-03,4.936431e-06,-1.2778300640e-10,4.4028e-02,1.0375
2252.17,-5.89511041e-04,3.603133e-03,5.143828e-06,-1.2778489378e-10,1.9520e-02,1.0375
2252.67,-6.36911519e-04,3.516544e-03,5.359941e-06,-1.2778755831e-10,1.2972e-02,1.0375
2253.18,-5.88537096e-04,3.440535e-03,5.583836e-06,-1.2779000080e-10,1.3701e-02,1.0375
2253.69,-4.55715927e-04,3.374997e-03,5.813716e-06,-1.2779599601e-10,1.8574e-02,1.0375
2254.19,-2.56450016e-04,3.319446e-03,6.046569e-06,-1.2780099201e-10,2.4481e-02,1.0375
2254.70,-1.25585551e-05,3.273149e-03,6.278021e-06,-1.2780887459e-10,3.0606e-02,1.0375
2255.21,2.53574967e-04,3.234654e-03,6.502722e-06,-1.2781531389e-10,3.4914e-02,1.0375
2255.71,5.22410446e-04,3.201061e-03,6.715398e-06,-1.2783196723e-10,3.2395e-02,1.0375
2256.22,7.80273631e-04,3.167724e-03,6.912265e-06,-1.2785539294e-10,3.2982e-02,1.0375
2256.73,1.02123149e-03,3.128772e-03,7.092120e-06,-1.2788181625e-10,3.5404e-02,1.0375
2257.23,1.24708481e-03,3.078410e-03,7.256402e-06,-1.2790568604e-10,4.0545e-02,1.0375
2257.74,1.46511660e-03,3.012629e-03,7.408080e-06,-1.2791634418e-10,4.3639e-02,1.0375
2258.25,1.68405271e-03,2.930698e-03,7.549919e-06,-1.2793566206e-10,3.6195e-02,1.0375
2258.75,1.90952164e-03,2.835904e-03,7.683039e-06,-1.2796652626e-10,2.9936e-02,1.0375
2259.26,2.14021108e-03,2.735116e-03,7.806641e-06,-1.2801304461e-10,2.4064e-02,1.0375
2259.77,2.36535379e-03,2.637305e-03,7.918887e-06,-1.2807965799e-10,2.1365e-02,1.0375
2260.27,2.56484209e-03,2.551426e-03,8.018407e-06,-1.2816248063e-10,1.9754e-02,1.0375
2260.78,2.71395359e-03,2.484325e-03,8.105520e-06,-1.2824685758e-10,2.0029e-02,1.0375
2261.29,2.79166864e-03,2.439357e-03,8.182464e-06,-1.2832479523e-10,2.1643e-02,1.0375
2261.79,2.78696205e-03,2.416143e-03,8.252596e-06,-1.2839207475e-10,2.4047e-02,1.0375
2262.30,2.69915179e-03,2.411355e-03,8.319298e-06,-1.2844303399e-10,2.6776e-02,1.0375
2262.81,2.53609965e-03,2.419900e-03,8.385353e-06,-1.2848222486e-10,2.9509e-02,1.0375
2263.31,2.31605886e-03,2.435959e-03,8.453129e-06,-1.2850909226e-10,3.2274e-02,1.0375
2263.82,2.07076908e-03,2.453720e-03,8.525299e-06,-1.2852563458e-10,3.5394e-02,1.0375
2264.33,1.84145105e-03,2.468033e-03,8.605427e-06,-1.2853240694e-10,2.0926e-02,1.0375
2264.83,1.66611201e-03,2.475117e-03,8.697791e-06,-1.2876388844e-10,3.2113e-02,1.0500
2265.34,1.56745349e-03,2.473186e-03,8.806210e-06,-1.2876577582e-10,4.9316e-02,1.0500
2265.85,1.55084773e-03,2.462411e-03,8.932372e-06,-1.2876644195e-10,5.4156e-02,1.0500
2266.36,1.61138704e-03,2.445720e-03,9.074626e-06,-1.2876710809e-10,5.3217e-02,1.0500
2266.86,1.74097575e-03,2.427312e-03,9.228121e-06,-1.2876755218e-10,4.9826e-02,1.0500
2267.37,1.92885995e-03,2.411765e-03,9.386365e-06,-1.2876866240e-10,5.2564e-02,1.0500
2267.88,2.15700851e-03,2.403011e-03,9.543408e-06,-1.2877032773e-10,5.8827e-02,1.0500
2268.38,2.39631594e-03,2.403599e-03,9.695567e-06,-1.2877132693e-10,6.5194e-02,1.0500
2268.89,2.60787476e-03,2.414346e-03,9.842007e-06,-1.2877210409e-10,7.2013e-02,1.0500
2269.40,2.74930582e-03,2.434065e-03,9.984216e-06,-1.2877199307e-10,8.2478e-02,1.0500
2269.90,2.78346225e-03,2.459998e-03,1.012481e-05,-1.2877310329e-10,8.5277e-02,1.0500
2270.41,2.68654472e-03,2.488299e-03,1.026604e-05,-1.2877443556e-10,7.9721e-02,1.0500
2270.92,2.45347602e-03,2.514352e-03,1.040820e-05,-1.2877499067e-10,8.6620e-02,1.0500
2271.42,2.09930496e-03,2.533708e-03,1.054842e-05,-1.2877621192e-10,9.3501e-02,1.0500
2271.93,1.65640106e-03,2.543179e-03,1.068024e-05,-1.2877743316e-10,1.0036e-01,1.0500
2272.44,1.16831411e-03,2.541590e-03,1.079473e-05,-1.2877721112e-10,1.0721e-01,1.0500
2272.94,6.82018189e-04,2.529809e-03,1.088276e-05,-1.2877854338e-10,1.1403e-01,1.0500
2273.45,2.40385867e-04,2.510066e-03,1.093761e-05,-1.2878009770e-10,1.2088e-01,1.0500
2273.96,-1.23840750e-04,2.485038e-03,1.095659e-05,-1.2877987565e-10,1.2778e-01,1.0500
2274.46,-3.92117863e-04,2.457262e-03,1.094097e-05,-1.2878109690e-10,1.3469e-01,1.0500
2274.97,-5.62244596e-04,2.429153e-03,1.089430e-05,-1.2878220712e-10,1.4173e-01,1.0500
2275.48,-6.48618887e-04,2.403414e-03,1.082008e-05,-1.2889611600e-10,1.4815e-01,1.0437
2275.98,-6.80313646e-04,2.383286e-03,1.071987e-05,-1.2906298252e-10,1.5311e-01,1.0500
2276.49,-6.96469624e-04,2.372174e-03,1.059268e-05,-1.2914314063e-10,1.5781e-01,1.0437
2277.00,-7.38851831e-04,2.372654e-03,1.043557e-05,-1.2936895999e-10,4.7630e-02,1.0375
2277.50,-8.42487002e-04,2.385506e-03,1.024493e-05,-1.2938139449e-10,4.7340e-02,1.0375
2278.01,-1.02667966e-03,2.409521e-03,1.001750e-05,-1.2938961014e-10,4.6354e-02,1.0375
2278.52,-1.28946884e-03,2.442273e-03,9.750921e-06,-1.2939671556e-10,4.5298e-02,1.0375
2279.02,-1.60790316e-03,2.481268e-03,9.443830e-06,-1.2940259975e-10,4.4036e-02,1.0375
2279.53,-1.94443428e-03,2.524692e-03,9.095895e-06,-1.2940537530e-10,3.8660e-02,1.0375
2280.04,-2.25735754e-03,2.571307e-03,8.707963e-06,-1.2940970517e-10,3.6226e-02,1.0375
2280.55,-2.51188927e-03,2.619752e-03,8.282320e-06,-1.2942635852e-10,3.8187e-02,1.0375
2281.05,-2.68869664e-03,2.667842e-03,7.822837e-06,-1.2945067240e-10,4.0780e-02,1.0375
2281.56,-2.78799203e-03,2.712537e-03,7.334732e-06,-1.2949530337e-10,4.4237e-02,1.0375
2282.07,-2.82877730e-03,2.750686e-03,6.823766e-06,-1.2954659567e-10,4.8206e-02,1.0375
2282.57,-2.84389452e-03,2.780148e-03,6.294884e-06,-1.2959355811e-10,5.2362e-02,1.0375
2283.08,-2.87216756e-03,2.800610e-03,5.750659e-06,-1.2962741991e-10,5.6540e-02,1.0375
2283.59,-2.94932349e-03,2.813644e-03,5.190251e-06,-1.2965117868e-10,6.0992e-02,1.0375
2284.09,-3.09966445e-03,2.821929e-03,4.609629e-06,-1.2966383522e-10,6.5296e-02,1.0375
2284.60,-3.33043934e-03,2.828076e-03,4.003429e-06,-1.2966949736e-10,7.0469e-02,1.0375
2285.11,-3.63027454e-03,2.833711e-03,3.368146e-06,-1.2967049656e-10,7.6947e-02,1.0375
2285.61,-3.97182664e-03,2.839014e-03,2.706106e-06,-1.2967193985e-10,8.3658e-02,1.0375
2286.12,-4.31780620e-03,2.842890e-03,2.030757e-06,-1.2967327212e-10,8.8539e-02,1.0375
2286.63,-4.62799104e-03,2.844452e-03,1.380086e-06,-1.2967604768e-10,6.3500e-02,1.0375
2287.13,-4.86597759e-03,2.843879e-03,8.786670e-07,-1.2972711794e-10,3.4139e-02,1.0375
2287.64,-5.00381092e-03,2.842750e-03,8.671116e-07,-1.2975909236e-10,3.5643e-02,1.0375
2288.15,-5.02394597e-03,2.843860e-03,1.337416e-06,-1.2977996455e-10,3.7395e-02,1.0375
2288.65,-4.91889620e-03,2.850146e-03,1.943542e-06,-1.2982193098e-10,3.9623e-02,1.0375
2289.16,-4.68938146e-03,2.863122e-03,2.570771e-06,-1.2988310427e-10,4.0718e-02,1.0375
2289.67,-4.34208779e-03,2.881617e-03,3.194730e-06,-1.2995882148e-10,3.6481e-02,1.0375
2290.17,-3.88917813e-03,2.901640e-03,3.812347e-06,-1.3004097799e-10,2.9331e-02,1.0375
2290.68,-3.35070198e-03,2.917142e-03,4.424799e-06,-1.3011480782e-10,2.1543e-02,1.0375
2291.19,-2.75861688e-03,2.921552e-03,5.031776e-06,-1.3017420475e-10,1.4780e-02,1.0375
2291.69,-2.15879057e-03,2.909420e-03,5.630175e-06,-1.3021905776e-10,1.7802e-02,1.0375
2292.20,-1.60741249e-03,2.877650e-03,6.215155e-06,-1.3025369672e-10,2.0820e-02,1.0375
2292.71,-1.16189214e-03,2.826098e-03,6.781886e-06,-1.3027878776e-10,2.3710e-02,1.0375
2293.21,-8.69449547e-04,2.757545e-03,7.326614e-06,-1.3029877177e-10,2.6324e-02,1.0375
2293.72,-7.56880429e-04,2.677167e-03,7.846501e-06,-1.3031264956e-10,2.8925e-02,1.0375
2294.23,-8.23390683e-04,2.591658e-03,8.338705e-06,-1.3032219748e-10,3.2325e-02,1.0375
2294.74,-1.03798006e-03,2.508140e-03,8.799647e-06,-1.3032597224e-10,2.6852e-02,1.0375
2295.24,-1.34363580e-03,2.433060e-03,9.225247e-06,-1.3033729651e-10,3.0680e-02,1.0375
2295.75,-1.66935940e-03,2.371260e-03,9.612131e-06,-1.3035716950e-10,3.4910e-02,1.0375
2296.26,-1.94715349e-03,2.325350e-03,9.959057e-06,-1.3038148339e-10,3.9614e-02,1.0375
2296.76,-2.12769560e-03,2.295622e-03,1.026758e-05,-1.3041612235e-10,4.4799e-02,1.0375
2297.27,-2.18878665e-03,2.280481e-03,1.054142e-05,-1.3045242664e-10,5.0352e-02,1.0375
2297.78,-2.13435348e-03,2.277171e-03,1.078466e-05,-1.3048295777e-10,5.5985e-02,1.0375
2298.28,-1.98578060e-03,2.282367e-03,1.099982e-05,-1.3050382996e-10,6.1426e-02,1.0375
2298.79,-1.76946541e-03,2.292825e-03,1.118674e-05,-1.3051215664e-10,6.6862e-02,1.0375
2299.30,-1.50469803e-03,2.305174e-03,1.134293e-05,-1.3051781877e-10,7.2876e-02,1.0375
2299.80,-1.19531161e-03,2.315883e-03,1.146514e-05,-1.3052259273e-10,7.7582e-02,1.0375
2300.31,-8.27594248e-04,2.321308e-03,1.155119e-05,-1.3052636749e-10,8.0260e-02,1.0375
2300.82,-3.75651649e-04,2.317936e-03,1.160125e-05,-1.3052936509e-10,8.2169e-02,1.0375
2301.32,1.86177362e-04,2.303103e-03,1.161789e-05,-1.3053158554e-10,8.3526e-02,1.0375
2301.83,8.65926951e-04,2.275740e-03,1.160512e-05,-1.3053302883e-10,8.5371e-02,1.0375
2302.34,1.63591180e-03,2.237006e-03,1.156710e-05,-1.3053513825e-10,8.9526e-02,1.0375
2302.84,2.42145394e-03,2.190345e-03,1.150713e-05,-1.3053735870e-10,8.8993e-02,1.0375
2303.35,3.10625483e-03,2.141062e-03,1.142729e-05,-1.3053913506e-10,5.1565e-02,1.0375
2303.86,3.56056770e-03,2.095837e-03,1.132878e-05,-1.3054690662e-10,2.5931e-02,1.0375
2304.36,3.68584366e-03,2.061295e-03,1.121242e-05,-1.3055778680e-10,2.8093e-02,1.0500
2304.87,3.45521198e-03,2.042792e-03,1.107900e-05,-1.3055823089e-10,2.8392e-02,1.0500
2305.38,2.92723373e-03,2.043430e-03,1.092927e-05,-1.3055989623e-10,2.8369e-02,1.0500
2305.88,2.22611178e-03,2.063574e-03,1.076376e-05,-1.3056000725e-10,2.6195e-02,1.0500
2306.39,1.50185675e-03,2.100951e-03,1.058265e-05,-1.3056067338e-10,2.2782e-02,1.0500
2306.90,8.91452305e-04,2.151303e-03,1.038609e-05,-1.3056222770e-10,2.3386e-02,1.0500
2307.41,4.94345874e-04,2.209406e-03,1.017477e-05,-1.3056311587e-10,3.0134e-02,1.0500
2307.91,3.63543712e-04,2.270171e-03,9.950562e-06,-1.3056533632e-10,3.6988e-02,1.0500
2308.42,5.06747967e-04,2.329565e-03,9.716730e-06,-1.3056533632e-10,4.3254e-02,1.0500
2308.93,8.91553992e-04,2.385140e-03,9.477469e-06,-1.3056611348e-10,5.0427e-02,1.0500
2309.43,1.45151819e-03,2.436108e-03,9.236767e-06,-1.3056744574e-10,5.7755e-02,1.0500
2309.94,2.09319207e-03,2.483032e-03,8.996975e-06,-1.3056755677e-10,6.4997e-02,1.0500
2310.45,2.70663619e-03,2.527301e-03,8.757750e-06,-1.3056933312e-10,7.1554e-02,1.0500
2310.95,3.18220323e-03,2.570575e-03,8.516038e-06,-1.3056933312e-10,7.8513e-02,1.0500
2311.46,3.43331967e-03,2.614314e-03,8.267296e-06,-1.3057122050e-10,8.5556e-02,1.0500
2311.97,3.41948435e-03,2.659534e-03,8.007631e-06,-1.3057177561e-10,8.2785e-02,1.0500
2312.47,3.15982343e-03,2.706720e-03,7.736072e-06,-1.3057255277e-10,7.5697e-02,1.0500
2312.98,2.72967298e-03,2.755885e-03,7.456171e-06,-1.3057355197e-10,8.1638e-02,1.0500
2313.49,2.24040630e-03,2.806590e-03,7.176317e-06,-1.3057432913e-10,8.8570e-02,1.0500
2313.99,1.81029853e-03,2.857863e-03,6.908346e-06,-1.3057577242e-10,9.5448e-02,1.0500
2314.50,1.53624460e-03,2.908064e-03,6.664437e-06,-1.3057610548e-10,1.0231e-01,1.0500
2315.01,1.47280483e-03,2.954879e-03,6.453015e-06,-1.3057732673e-10,1.0915e-01,1.0500
2315.51,1.62073298e-03,2.995591e-03,6.275376e-06,-1.3057877002e-10,1.1597e-01,1.0500
2316.02,1.92544695e-03,3.027698e-03,6.125102e-06,-1.3057988024e-10,1.2277e-01,1.0500
2316.53,2.28670934e-03,3.049715e-03,5.991091e-06,-1.3058065740e-10,1.2955e-01,1.0500
2317.03,2.58093736e-03,3.061855e-03,5.862892e-06,-1.3058076842e-10,1.3631e-01,1.0500
2317.54,2.69389486e-03,3.066297e-03,5.735727e-06,-1.3058232273e-10,1.4305e-01,1.0500
2318.05,2.55460302e-03,3.066812e-03,5.612965e-06,-1.3058210069e-10,1.4977e-01,1.0500
2318.55,2.15676216e-03,3.068038e-03,5.505113e-06,-1.3058298887e-10,1.5556e-01,1.0500
2319.06,1.55788739e-03,3.074469e-03,5.425630e-06,-1.3058498727e-10,4.2448e-02,1.0500
2319.57,8.57761647e-04,3.089601e-03,5.384963e-06,-1.3058409909e-10,4.0159e-02,1.0500
2320.07,1.68093723e-04,3.116079e-03,5.385238e-06,-1.3058565340e-10,3.7036e-02,1.0500
2320.58,-4.13081422e-04,3.155912e-03,5.418318e-06,-1.3058765180e-10,3.3459e-02,1.0500
2321.09,-8.15027179e-04,3.210441e-03,5.468586e-06,-1.3058809589e-10,2.9794e-02,1.0500
2321.60,-9.96713382e-04,3.279912e-03,5.519153e-06,-1.3058853998e-10,2.9536e-02,1.0500
2322.10,-9.43432714e-04,3.362943e-03,5.558315e-06,-1.3058998327e-10,3.5815e-02,1.0500
2322.61,-6.63455150e-04,3.456293e-03,5.583326e-06,-1.3059064941e-10,4.2685e-02,1.0500
2323.12,-1.88129442e-04,3.555272e-03,5.600014e-06,-1.3059187065e-10,4.9997e-02,1.0500
2323.62,4.24840180e-04,3.654739e-03,5.618621e-06,-1.3059242576e-10,5.7229e-02,1.0500
2324.13,1.08897296e-03,3.750281e-03,5.647787e-06,-1.3059264781e-10,6.3957e-02,1.0500
2324.64,1.69380047e-03,3.839004e-03,5.689648e-06,-1.3059364701e-10,7.0812e-02,1.0500
2325.14,2.12192849e-03,3.919718e-03,5.738614e-06,-1.3059531234e-10,7.7736e-02,1.0500
2325.65,2.27718337e-03,3.992513e-03,5.784195e-06,-1.3059597848e-10,8.4642e-02,1.0500
2326.16,2.11388800e-03,4.058090e-03,5.815889e-06,-1.3059786586e-10,9.1530e-02,1.0500
2326.66,1.65282063e-03,4.117218e-03,5.827327e-06,-1.3059819892e-10,9.8399e-02,1.0500
2327.17,9.74764358e-04,4.170488e-03,5.818037e-06,-1.3059819892e-10,1.0525e-01,1.0500
2327.68,1.94939704e-04,4.218306e-03,5.792860e-06,-1.3059986426e-10,1.1208e-01,1.0500
2328.18,-5.68715351e-04,4.260867e-03,5.759967e-06,-1.3059997528e-10,1.1889e-01,1.0500
2328.69,-1.22022129e-03,4.298317e-03,5.728380e-06,-1.3060141857e-10,1.2568e-01,1.0500
2329.20,-1.69702805e-03,4.330523e-03,5.705492e-06,-1.3060230675e-10,1.3245e-01,1.0500
2329.70,-1.96965794e-03,4.356770e-03,5.695139e-06,-1.3060275084e-10,1.3920e-01,1.0500
2330.21,-2.03455937e-03,4.375689e-03,5.697110e-06,-1.3060363901e-10,1.4593e-01,1.0500
2330.72,-1.90501349e-03,4.385318e-03,5.708679e-06,-1.3060452719e-10,1.5274e-01,1.0500
2331.22,-1.60306092e-03,4.382822e-03,5.727487e-06,-1.3060563742e-10,1.5954e-01,1.0500
2331.73,-1.15377335e-03,4.366849e-03,5.754016e-06,-1.3060663662e-10,1.6707e-01,1.0500
2332.24,-5.82497574e-04,4.336586e-03,5.791908e-06,-1.3077472438e-10,1.7118e-01,1.0500
2332.74,8.43867906e-05,4.292392e-03,5.845858e-06,-1.3085499351e-10,1.7556e-01,1.0437
2333.25,8.14996133e-04,4.235657e-03,5.918460e-06,-1.3106704611e-10,5.7547e-02,1.0375
2333.76,1.56490467e-03,4.168223e-03,6.008292e-06,-1.3107037677e-10,6.3631e-02,1.0375
2334.26,2.27099044e-03,4.091556e-03,6.110778e-06,-1.3107148700e-10,7.0286e-02,1.0375
2334.77,2.85157709e-03,4.006704e-03,6.221426e-06,-1.3107404051e-10,7.7056e-02,1.0375
2335.28,3.21762366e-03,3.913835e-03,6.339185e-06,-1.3107437358e-10,8.1693e-02,1.0375
2335.79,3.29481918e-03,3.812331e-03,6.467441e-06,-1.3107626096e-10,7.2018e-02,1.0375
2336.29,3.04889653e-03,3.701309e-03,6.611506e-06,-1.3107892549e-10,5.9283e-02,1.0375
2336.80,2.50174388e-03,3.580108e-03,6.774050e-06,-1.3108225616e-10,5.1482e-02,1.0375
2337.31,1.72911448e-03,3.448931e-03,6.951069e-06,-1.3108480967e-10,4.8206e-02,1.0375
2337.81,8.40686928e-04,3.309565e-03,7.131813e-06,-1.3108913954e-10,4.8510e-02,1.0375
2338.32,-4.76806619e-05,3.165356e-03,7.303120e-06,-1.3109369146e-10,5.2088e-02,1.0375
2338.83,-8.37863840e-04,3.020265e-03,7.455469e-06,-1.3109724417e-10,5.7315e-02,1.0375
2339.33,-1.46286634e-03,2.877639e-03,7.587059e-06,-1.3109913155e-10,6.3469e-02,1.0375
2339.84,-1.88946038e-03,2.739543e-03,7.703502e-06,-1.3110168506e-10,5.8660e-02,1.0375
2340.35,-2.11362329e-03,2.606630e-03,7.813266e-06,-1.3110568187e-10,4.9224e-02,1.0375
2340.85,-2.15284009e-03,2.479054e-03,7.921592e-06,-1.3110990071e-10,4.1318e-02,1.0375
2341.36,-2.03813142e-03,2.357859e-03,8.026632e-06,-1.3111289832e-10,3.4714e-02,1.0375
2341.87,-1.80727934e-03,2.245976e-03,8.120251e-06,-1.3111711716e-10,2.8716e-02,1.0375
2342.37,-1.49982455e-03,2.148014e-03,8.192862e-06,-1.3112155806e-10,2.1812e-02,1.0375
2342.88,-1.15394079e-03,2.069032e-03,8.238718e-06,-1.3113099495e-10,2.6457e-02,1.0375
2343.39,-8.04958024e-04,2.013096e-03,8.258578e-06,-1.3114631603e-10,3.0037e-02,1.0375
2343.89,-4.84943664e-04,1.982407e-03,8.258288e-06,-1.3116641107e-10,3.2526e-02,1.0375
2344.40,-2.22448509e-04,1.977407e-03,8.244420e-06,-1.3118894859e-10,3.4978e-02,1.0375
2344.91,-4.15266715e-05,1.997522e-03,8.219902e-06,-1.3121237430e-10,3.7456e-02,1.0375
2345.41,4.03934132e-05,2.041729e-03,8.182407e-06,-1.3123624409e-10,3.8978e-02,1.0375
2345.92,1.53987287e-05,2.108548e-03,8.126364e-06,-1.3125911469e-10,4.0379e-02,1.0375
2346.43,-1.12380603e-04,2.195591e-03,8.047190e-06,-1.3128242937e-10,3.9920e-02,1.0375
2346.93,-3.25909886e-04,2.299350e-03,7.944720e-06,-1.3130818655e-10,3.9886e-02,1.0375
2347.44,-5.96800900e-04,2.415460e-03,7.823991e-06,-1.3133683030e-10,3.8342e-02,1.0375
2347.95,-8.89008732e-04,2.539286e-03,7.693035e-06,-1.3136969290e-10,3.6229e-02,1.0375
2348.45,-1.16352626e-03,2.666476e-03,7.558923e-06,-1.3140988298e-10,3.4181e-02,1.0375
2348.96,-1.38266357e-03,2.793330e-03,7.424353e-06,-1.3145662336e-10,3.2321e-02,1.0375
2349.47,-1.51294038e-03,2.917009e-03,7.286758e-06,-1.3150724953e-10,3.0803e-02,1.0375
2349.98,-1.52648548e-03,3.035656e-03,7.140412e-06,-1.3156131740e-10,2.9854e-02,1.0375
2350.48,-1.40172629e-03,3.148358e-03,6.980270e-06,-1.3161383094e-10,2.9514e-02,1.0375
2350.99,-1.12472906e-03,3.254852e-03,6.805647e-06,-1.3166023827e-10,2.9696e-02,1.0375
2351.50,-6.92561390e-04,3.354993e-03,6.622193e-06,-1.3169976221e-10,3.0268e-02,1.0375
2352.00,-1.19261536e-04,3.448207e-03,6.441284e-06,-1.3173007130e-10,3.1133e-02,1.0375
2352.51,5.56727276e-04,3.533245e-03,6.276587e-06,-1.3174961122e-10,3.2296e-02,1.0375
2353.02,1.26720187e-03,3.608488e-03,6.138566e-06,-1.3176282287e-10,3.4052e-02,1.0375
2353.52,1.91639507e-03,3.672612e-03,6.029229e-06,-1.3177026137e-10,3.1436e-02,1.0375
2354.03,2.39550658e-03,3.725261e-03,5.940228e-06,-1.3177858804e-10,2.5239e-02,1.0375
2354.54,2.60923414e-03,3.767248e-03,5.856005e-06,-1.3180778691e-10,2.8833e-02,1.0375
2355.04,2.50577217e-03,3.800160e-03,5.760573e-06,-1.3183965031e-10,3.3010e-02,1.0375
2355.55,2.09631860e-03,3.825566e-03,5.644384e-06,-1.3187106962e-10,3.7757e-02,1.0375
2356.06,1.45356061e-03,3.844271e-03,5.508121e-06,-1.3190182280e-10,4.3012e-02,1.0375
2356.56,6.89912334e-04,3.856004e-03,5.362080e-06,-1.3192535953e-10,4.8639e-02,1.0375
2357.07,-7.32199900e-05,3.859718e-03,5.221620e-06,-1.3194001447e-10,5.4508e-02,1.0375
2357.58,-7.31846101e-04,3.854279e-03,5.100649e-06,-1.3194700887e-10,6.0581e-02,1.0375
2358.08,-1.21409499e-03,3.839154e-03,5.006193e-06,-1.3195078363e-10,6.6974e-02,1.0375
2358.59,-1.48346528e-03,3.814722e-03,4.936908e-06,-1.3195255999e-10,7.3769e-02,1.0375
2359.10,-1.53518843e-03,3.782123e-03,4.886286e-06,-1.3195300408e-10,8.0544e-02,1.0375
2359.60,-1.39045944e-03,3.742753e-03,4.848360e-06,-1.3195566861e-10,8.7343e-02,1.0375
2360.11,-1.09114948e-03,3.697672e-03,4.822281e-06,-1.3195788906e-10,8.1748e-02,1.0375
2360.62,-6.95147586e-04,3.647355e-03,4.813130e-06,-1.3196232995e-10,6.1215e-02,1.0375
2361.12,-2.70912478e-04,3.591960e-03,4.828687e-06,-1.3197032356e-10,4.3752e-02,1.0375
2361.63,1.10321325e-04,3.531981e-03,4.874196e-06,-1.3197998250e-10,3.2849e-02,1.0375
2362.14,3.84942639e-04,3.468804e-03,4.948298e-06,-1.3198631077e-10,2.6458e-02,1.0375
2362.64,5.08138787e-04,3.404750e-03,5.042579e-06,-1.3199197291e-10,2.2413e-02,1.0375
2363.15,4.62443255e-04,3.342454e-03,5.144961e-06,-1.3199918936e-10,2.9651e-02,1.0375
2363.66,2.60512748e-04,3.283881e-03,5.245025e-06,-1.3201084670e-10,3.7920e-02,1.0375
2364.17,-5.87242177e-05,3.229483e-03,5.338626e-06,-1.3202006155e-10,4.5905e-02,1.0375
2364.67,-4.38506543e-04,3.178032e-03,5.429659e-06,-1.3202561266e-10,5.3807e-02,1.0375
2365.18,-8.13719030e-04,3.127366e-03,5.527979e-06,-1.3203016458e-10,6.1574e-02,1.0375
2365.69,-1.11870270e-03,3.075711e-03,5.644085e-06,-1.3203826921e-10,4.5492e-02,1.0375
2366.19,-1.29313682e-03,3.022970e-03,5.783058e-06,-1.3205647686e-10,4.4695e-02,1.0375
2366.70,-1.28808204e-03,2.971724e-03,5.941162e-06,-1.3207390737e-10,5.0313e-02,1.0375
2367.21,-1.07499590e-03,2.926071e-03,6.107158e-06,-1.3208467653e-10,5.6881e-02,1.0375
2367.71,-6.58839280e-04,2.890122e-03,6.267425e-06,-1.3208967253e-10,6.4093e-02,1.0375
2368.22,-9.23159731e-05,2.866462e-03,6.411872e-06,-1.3209378036e-10,5.6792e-02,1.0375
2368.73,5.16934890e-04,2.854302e-03,6.537749e-06,-1.3210010863e-10,4.1151e-02,1.0375
2369.23,1.01732897e-03,2.849327e-03,6.650008e-06,-1.3210676997e-10,3.0213e-02,1.0375
2369.74,1.24904404e-03,2.845014e-03,6.758461e-06,-1.3211265415e-10,2.3481e-02,1.0375
2370.25,1.09650722e-03,2.834595e-03,6.873097e-06,-1.3211920447e-10,1.9812e-02,1.0375
2370.75,5.33469877e-04,2.812895e-03,6.999561e-06,-1.3212619887e-10,1.8559e-02,1.0375
2371.26,-3.65309189e-04,2.777538e-03,7.136753e-06,-1.3213463657e-10,1.9733e-02,1.0375
2371.77,-1.45259519e-03,2.729381e-03,7.277585e-06,-1.3213996564e-10,2.0991e-02,1.0375
2372.27,-2.55951335e-03,2.672157e-03,7.412448e-06,-1.3214729311e-10,2.3257e-02,1.0375
2372.78,-3.54176117e-03,2.611383e-03,7.533800e-06,-1.3215173400e-10,2.6409e-02,1.0375
2373.29,-4.30448181e-03,2.552814e-03,7.639924e-06,-1.3215717409e-10,3.0210e-02,1.0375
2373.79,-4.80506172e-03,2.501029e-03,7.736380e-06,-1.3216483463e-10,3.5331e-02,1.0375
2374.30,-5.04248320e-03,2.458906e-03,7.834398e-06,-1.3217738015e-10,4.2588e-02,1.0375
2374.81,-5.04265189e-03,2.427839e-03,7.946535e-06,-1.3220236017e-10,5.2515e-02,1.0375
2375.31,-4.84561375e-03,2.408880e-03,8.081269e-06,-1.3226997275e-10,5.9949e-02,1.0375
2375.82,-4.49684813e-03,2.403783e-03,8.239156e-06,-1.3233769636e-10,6.3405e-02,1.0375
2376.33,-4.04247732e-03,2.414887e-03,8.412793e-06,-1.3239187524e-10,6.3724e-02,1.0375
2376.83,-3.52721851e-03,2.443740e-03,8.590708e-06,-1.3243395269e-10,6.4766e-02,1.0375
2377.34,-2.99369989e-03,2.489233e-03,8.763048e-06,-1.3245737840e-10,6.5586e-02,1.0375
2377.85,-2.48189800e-03,2.546566e-03,8.926101e-06,-1.3246237440e-10,5.7814e-02,1.0375
2378.36,-2.02772802e-03,2.607739e-03,9.083615e-06,-1.3246670427e-10,5.1090e-02,1.0375
2378.86,-1.66038027e-03,2.663325e-03,9.244487e-06,-1.3247059005e-10,4.3864e-02,1.0375
2379.37,-1.39889432e-03,2.704938e-03,9.418018e-06,-1.3247525299e-10,3.3362e-02,1.0375
2379.88,-1.24912102e-03,2.726900e-03,9.609018e-06,-1.3248291353e-10,2.4433e-02,1.0375
2380.38,-1.20204242e-03,2.727428e-03,9.815162e-06,-1.3249623620e-10,2.4766e-02,1.0375
2380.89,-1.23392329e-03,2.708842e-03,1.002792e-05,-1.3251777453e-10,2.4939e-02,1.0375
2381.40,-1.30896705e-03,2.676792e-03,1.023642e-05,-1.3254053410e-10,2.5280e-02,1.0375
2381.90,-1.38556130e-03,2.638638e-03,1.043199e-05,-1.3256518105e-10,2.4564e-02,1.0375
2382.41,-1.42600880e-03,2.601585e-03,1.061102e-05,-1.3259016107e-10,2.3706e-02,1.0375
2382.92,-1.40660763e-03,2.571100e-03,1.077470e-05,-1.3261558518e-10,2.3676e-02,1.0375
2383.42,-1.32279503e-03,2.550130e-03,1.092616e-05,-1.3264722654e-10,2.4873e-02,1.0375
2383.93,-1.18582253e-03,2.539392e-03,1.106681e-05,-1.3268419696e-10,2.6593e-02,1.0375
2384.44,-1.01275472e-03,2.538326e-03,1.119409e-05,-1.3272594135e-10,2.8270e-02,1.0375
2384.94,-8.16408200e-04,2.546039e-03,1.130165e-05,-1.3276546529e-10,2.9960e-02,1.0375
2385.45,-6.01794829e-04,2.561793e-03,1.138172e-05,-1.3280132549e-10,3.1918e-02,1.0375
2385.96,-3.70317324e-04,2.584944e-03,1.142805e-05,-1.3283074640e-10,3.4396e-02,1.0375
2386.46,-1.26907450e-04,2.614569e-03,1.143803e-05,-1.3285639255e-10,3.7867e-02,1.0375
2386.97,1.16176059e-04,2.649104e-03,1.141280e-05,-1.3286927114e-10,3.8815e-02,1.0375
2387.48,3.41265953e-04,2.686260e-03,1.135558e-05,-1.3287637657e-10,3.8391e-02,1.0375
2387.98,5.30356393e-04,2.723209e-03,1.126916e-05,-1.3288226075e-10,2.8831e-02,1.0375
2388.49,6.69408036e-04,2.757051e-03,1.115381e-05,-1.3289547240e-10,3.3074e-02,1.0375
2389.00,7.50453681e-04,2.785293e-03,1.100683e-05,-1.3291479029e-10,3.7889e-02,1.0375
2389.50,7.72941590e-04,2.806319e-03,1.082370e-05,-1.3293299794e-10,4.3309e-02,1.0375
2390.01,7.46210072e-04,2.819692e-03,1.060021e-05,-1.3295153867e-10,4.9133e-02,1.0375
2390.52,6.93191257e-04,2.826242e-03,1.033415e-05,-1.3296508339e-10,5.5168e-02,1.0375
2391.03,6.53182468e-04,2.827848e-03,1.002600e-05,-1.3297374313e-10,6.1505e-02,1.0375
2391.53,6.80353840e-04,2.826961e-03,9.678232e-06,-1.3298129264e-10,6.7322e-02,1.0375
2392.04,8.35456432e-04,2.826009e-03,9.293905e-06,-1.3299206181e-10,6.8797e-02,1.0375
2392.55,1.17093078e-03,2.826904e-03,8.875200e-06,-1.3300238688e-10,6.2966e-02,1.0375
2393.05,1.71295363e-03,2.830773e-03,8.422683e-06,-1.3301537649e-10,5.2532e-02,1.0375
2393.56,2.44599268e-03,2.837987e-03,7.935584e-06,-1.3303658175e-10,4.2123e-02,1.0375
2394.07,3.30536729e-03,2.848431e-03,7.412865e-06,-1.3305956337e-10,3.3885e-02,1.0375
2394.57,4.18186805e-03,2.861860e-03,6.854570e-06,-1.3307532853e-10,2.8171e-02,1.0375
2395.08,4.94034255e-03,2.878071e-03,6.263008e-06,-1.3308454339e-10,2.4761e-02,1.0375
2395.59,5.45055252e-03,2.896894e-03,5.643657e-06,-1.3309275904e-10,2.3301e-02,1.0375
2396.09,5.62279281e-03,2.918136e-03,5.005839e-06,-1.3310208491e-10,2.7705e-02,1.0375
2396.60,5.43525429e-03,2.941479e-03,4.363063e-06,-1.3310852420e-10,3.3958e-02,1.0375
2397.11,4.94059199e-03,2.966472e-03,3.732770e-06,-1.3311407532e-10,3.8000e-02,1.0375
2397.61,4.24827565e-03,2.992679e-03,3.135288e-06,-1.3311585167e-10,3.3063e-02,1.0375
2398.12,3.49151067e-03,3.019761e-03,2.592737e-06,-1.3312395630e-10,3.7945e-02,1.0375
2398.63,2.79365317e-03,3.047224e-03,2.130244e-06,-1.3313827818e-10,4.3959e-02,1.0375
2399.13,2.24574918e-03,3.074464e-03,1.782589e-06,-1.3315537561e-10,5.0542e-02,1.0375
2399.64,1.89870154e-03,3.100204e-03,1.602023e-06,-1.3316914238e-10,5.7040e-02,1.0375
2400.15,1.76695053e-03,3.122450e-03,1.640000e-06,-1.3317746905e-10,6.3114e-02,1.0375
2400.65,1.83807260e-03,3.138897e-03,1.895928e-06,-1.3318346426e-10,6.9029e-02,1.0375
2401.16,2.08329343e-03,3.147686e-03,2.315619e-06,-1.3318368630e-10,7.5372e-02,1.0375
2401.67,2.46556831e-03,3.148134e-03,2.839333e-06,-1.3318623981e-10,8.1930e-02,1.0375
2402.17,2.94350497e-03,3.140949e-03,3.422467e-06,-1.3318801617e-10,6.3117e-02,1.0375
2402.68,3.47096354e-03,3.128429e-03,4.033401e-06,-1.3319534364e-10,3.9817e-02,1.0375
2403.19,3.99397238e-03,3.113314e-03,4.649585e-06,-1.3320777814e-10,4.7632e-02,1.0500
2403.69,4.44846221e-03,3.097709e-03,5.255631e-06,-1.3320844428e-10,5.0388e-02,1.0500
2404.20,4.76318234e-03,3.082449e-03,5.842081e-06,-1.3320977654e-10,4.6843e-02,1.0500
2404.71,4.87056634e-03,3.067059e-03,6.403910e-06,-1.3321110881e-10,3.9972e-02,1.0500
2405.22,4.72387666e-03,3.050224e-03,6.938684e-06,-1.3321177494e-10,3.2020e-02,1.0500
2405.72,4.31383643e-03,3.030553e-03,7.444890e-06,-1.3321332926e-10,2.3607e-02,1.0500
2406.23,3.67617401e-03,3.007213e-03,7.920934e-06,-1.3321432846e-10,2.6008e-02,1.0500
2406.74,2.88541008e-03,2.980121e-03,8.364992e-06,-1.3321499459e-10,3.2948e-02,1.0500
2407.24,2.03743560e-03,2.949693e-03,8.775441e-06,-1.3321499459e-10,4.0097e-02,1.0500
2407.75,1.22860809e-03,2.916403e-03,9.151466e-06,-1.3321732606e-10,4.6729e-02,1.0500
2408.26,5.38986953e-04,2.880488e-03,9.493424e-06,-1.3321765913e-10,5.3492e-02,1.0500
2408.76,2.32763705e-05,2.842022e-03,9.802781e-06,-1.3321821424e-10,6.0406e-02,1.0500
2409.27,-2.91320890e-04,2.801351e-03,1.008157e-05,-1.3321921344e-10,6.7521e-02,1.0500
2409.78,-4.03339421e-04,2.759610e-03,1.033158e-05,-1.3321987957e-10,7.3497e-02,1.0500
2410.28,-3.34195424e-04,2.718960e-03,1.055351e-05,-1.3322132286e-10,5.7789e-02,1.0500
2410.79,-1.25524522e-04,2.682370e-03,1.074658e-05,-1.3322243309e-10,4.5679e-02,1.0500
2411.30,1.63762514e-04,2.652954e-03,1.090883e-05,-1.3322321024e-10,4.4757e-02,1.0500
2411.80,4.62355264e-04,2.633111e-03,1.103808e-05,-1.3322409842e-10,4.8137e-02,1.0500
2412.31,6.94989120e-04,2.623861e-03,1.113322e-05,-1.3322576375e-10,5.3330e-02,1.0500
2412.82,7.94600029e-04,2.624603e-03,1.119506e-05,-1.3322598580e-10,5.9065e-02,1.0500
2413.32,7.15784322e-04,2.633332e-03,1.122646e-05,-1.3322676296e-10,6.5476e-02,1.0500
2413.83,4.45063702e-04,2.647135e-03,1.123170e-05,-1.3322754011e-10,7.2569e-02,1.0500
2414.34,3.60660641e-06,2.662696e-03,1.121516e-05,-1.3322909442e-10,7.9520e-02,1.0500
2414.84,-5.59065337e-04,2.676640e-03,1.118015e-05,-1.3323031567e-10,8.6490e-02,1.0500
2415.35,-1.17792648e-03,2.685737e-03,1.112807e-05,-1.3323031567e-10,9.3411e-02,1.0500
2415.86,-1.78697104e-03,2.687154e-03,1.105835e-05,-1.3323131487e-10,1.0028e-01,1.0500
2416.36,-2.33087091e-03,2.678941e-03,1.096931e-05,-1.3323186998e-10,1.0712e-01,1.0500
2416.87,-2.77148534e-03,2.660849e-03,1.085944e-05,-1.3323353532e-10,1.1395e-01,1.0500
2417.38,-3.08932789e-03,2.634877e-03,1.072869e-05,-1.3323442349e-10,1.2076e-01,1.0500
2417.88,-3.28140739e-03,2.605341e-03,1.057908e-05,-1.3323397940e-10,1.2755e-01,1.0500
2418.39,-3.35700035e-03,2.577674e-03,1.041431e-05,-1.3323531167e-10,1.3432e-01,1.0500
2418.90,-3.33247664e-03,2.557068e-03,1.023879e-05,-1.3323675496e-10,1.4106e-01,1.0500
2419.41,-3.22591897e-03,2.547594e-03,1.005650e-05,-1.3323664394e-10,1.4779e-01,1.0500
2419.91,-3.05225309e-03,2.551984e-03,9.870468e-06,-1.3323875336e-10,1.5449e-01,1.0500
2420.42,-2.81985778e-03,2.571834e-03,9.682800e-06,-1.3323930848e-10,1.6117e-01,1.0500
2420.93,-2.52982394e-03,2.607693e-03,9.495005e-06,-1.3324019665e-10,1.6783e-01,1.0500
2421.43,-2.17881859e-03,2.658611e-03,9.308096e-06,-1.3324241710e-10,1.7447e-01,1.0500
2421.94,-1.76567101e-03,2.721052e-03,9.122293e-06,-1.3324163994e-10,1.8115e-01,1.0500
2422.45,-1.30037315e-03,2.788577e-03,8.936617e-06,-1.3324308323e-10,4.5574e-02,1.0500
2422.95,-8.12487430e-04,2.852629e-03,8.748916e-06,-1.3324419346e-10,3.8396e-02,1.0500
2423.46,-3.54652522e-04,2.904257e-03,8.556620e-06,-1.3324552572e-10,4.0880e-02,1.0500
2423.97,2.92553859e-06,2.936138e-03,8.358018e-06,-1.3324563675e-10,4.2789e-02,1.0500
2424.47,1.88290132e-04,2.944180e-03,8.153444e-06,-1.3324741310e-10,4.4293e-02,1.0500
2424.98,1.49884890e-04,2.928298e-03,7.945810e-06,-1.3324841230e-10,4.5545e-02,1.0500
2425.49,-1.23915231e-04,2.892268e-03,7.740169e-06,-1.3324896742e-10,4.6884e-02,1.0500
2425.99,-5.97369666e-04,2.842768e-03,7.542304e-06,-1.3324896742e-10,4.6654e-02,1.0500
2426.50,-1.19592903e-03,2.787966e-03,7.356715e-06,-1.3325063275e-10,5.2532e-02,1.0500
2427.01,-1.82649533e-03,2.736059e-03,7.184702e-06,-1.3325118786e-10,5.9498e-02,1.0500
2427.51,-2.40015825e-03,2.694001e-03,7.023512e-06,-1.3325240911e-10,6.6447e-02,1.0500
2428.02,-2.84915484e-03,2.666732e-03,6.867244e-06,-1.3325274217e-10,7.3380e-02,1.0500
2428.53,-3.13449281e-03,2.656873e-03,6.709369e-06,-1.3325318626e-10,8.0295e-02,1.0500
2429.03,-3.24519270e-03,2.664735e-03,6.545718e-06,-1.3325429649e-10,8.7193e-02,1.0500
2429.54,-3.19230141e-03,2.688550e-03,6.376501e-06,-1.3325596182e-10,9.4073e-02,1.0500
2430.05,-3.00090338e-03,2.724882e-03,6.206405e-06,-1.3325651693e-10,1.0093e-01,1.0500
2430.55,-2.70247748e-03,2.769243e-03,6.042906e-06,-1.3325729409e-10,1.0778e-01,1.0500
2431.06,-2.32901411e-03,2.816826e-03,5.893721e-06,-1.3325907045e-10,5.0911e-02,1.0500
2431.57,-1.90959016e-03,2.863279e-03,5.764552e-06,-1.3325929249e-10,3.7599e-02,1.0500
2432.07,-1.46948641e-03,2.905464e-03,5.657773e-06,-1.3326051373e-10,4.2630e-02,1.0500
2432.58,-1.03128810e-03,2.941930e-03,5.572072e-06,-1.3326140191e-10,4.7996e-02,1.0500
2433.09,-6.16798006e-04,2.973790e-03,5.502827e-06,-1.3326306725e-10,5.3571e-02,1.0500
2433.60,-2.48265049e-04,3.004590e-03,5.443238e-06,-1.3326351134e-10,5.9349e-02,1.0500
2434.10,5.23325295e-05,3.039141e-03,5.386332e-06,-1.3326462156e-10,6.5745e-02,1.0500
2434.61,2.66337157e-04,3.081843e-03,5.327450e-06,-1.3326506565e-10,7.2061e-02,1.0500
2435.12,3.82944565e-04,3.135596e-03,5.266220e-06,-1.3326628689e-10,7.7520e-02,1.0500
2435.62,4.03343757e-04,3.200702e-03,5.206830e-06,-1.3326773018e-10,6.5681e-02,1.0500
2436.13,3.42386860e-04,3.274701e-03,5.156064e-06,-1.3326784121e-10,7.1047e-02,1.0500
2436.64,2.26560180e-04,3.353143e-03,5.119640e-06,-1.3326939552e-10,7.7959e-02,1.0500
2437.14,8.85380987e-05,3.430944e-03,5.098432e-06,-1.3326917347e-10,8.4865e-02,1.0500
2437.65,-4.00238897e-05,3.503803e-03,5.086607e-06,-1.3326995063e-10,9.1753e-02,1.0500
2438.16,-1.35225972e-04,3.569068e-03,5.072938e-06,-1.3327083881e-10,9.8622e-02,1.0500
2438.66,-1.85313898e-04,3.625855e-03,5.045039e-06,-1.3327217108e-10,1.0547e-01,1.0500
2439.17,-1.91773218e-04,3.674480e-03,4.994801e-06,-1.3327339232e-10,1.1230e-01,1.0500
2439.68,-1.67193486e-04,3.715523e-03,4.922816e-06,-1.3327428050e-10,1.1911e-01,1.0500
2440.18,-1.30739008e-04,3.749091e-03,4.839912e-06,-1.3327472459e-10,1.2591e-01,1.0500
2440.69,-1.02473200e-04,3.774695e-03,4.764681e-06,-1.3327594584e-10,1.3268e-01,1.0500
2441.20,-9.78476262e-05,3.791706e-03,4.717082e-06,-1.3327683401e-10,1.3943e-01,1.0500
2441.70,-1.23462525e-04,3.800080e-03,4.710258e-06,-1.3327761117e-10,1.4615e-01,1.0500
2442.21,-1.74855394e-04,3.800793e-03,4.744763e-06,-1.3327816628e-10,1.5288e-01,1.0500
2442.72,-2.36709999e-04,3.795684e-03,4.808949e-06,-1.3328027570e-10,1.5967e-01,1.0500
2443.22,-2.85573466e-04,3.786787e-03,4.885324e-06,-1.3328027570e-10,1.6648e-01,1.0500
2443.73,-2.94895701e-04,3.775585e-03,4.958836e-06,-1.3335399451e-10,1.7287e-01,1.0437
2444.24,-2.41867704e-04,3.762623e-03,5.022755e-06,-1.3345580196e-10,1.7703e-01,1.0500
2444.74,-1.15050138e-04,3.747564e-03,5.080306e-06,-1.3356304951e-10,1.7560e-01,1.0500
2445.25,7.88468170e-05,3.729499e-03,5.142509e-06,-1.3371681540e-10,4.9115e-02,1.0375
2445.76,3.11280220e-04,3.707059e-03,5.223708e-06,-1.3372347674e-10,3.5265e-02,1.0375
2446.26,5.33696863e-04,3.678202e-03,5.336495e-06,-1.3373480101e-10,3.9398e-02,1.0375
2446.77,6.86340337e-04,3.639799e-03,5.487554e-06,-1.3375478503e-10,4.3925e-02,1.0375
2447.28,7.13098883e-04,3.587496e-03,5.675565e-06,-1.3378664843e-10,4.9118e-02,1.0375
2447.79,5.78188118e-04,3.516202e-03,5.891641e-06,-1.3382284170e-10,5.4805e-02,1.0375
2448.29,2.78347027e-04,3.421334e-03,6.122008e-06,-1.3384904296e-10,6.0088e-02,1.0375
2448.80,-1.54682654e-04,3.300406e-03,6.351880e-06,-1.3386081132e-10,6.5557e-02,1.0375
2449.31,-6.62335241e-04,3.154298e-03,6.569189e-06,-1.3386647346e-10,7.1201e-02,1.0375
2449.81,-1.17417005e-03,2.987581e-03,6.767111e-06,-1.3386880493e-10,8.5160e-02,1.0375
2450.32,-1.62344746e-03,2.807706e-03,6.944867e-06,-1.3387058129e-10,1.1672e-01,1.0375
2450.83,-1.95840726e-03,2.623227e-03,7.106810e-06,-1.3387169151e-10,9.0638e-02,1.0375
2451.33,-2.14740377e-03,2.442119e-03,7.260071e-06,-1.3387424502e-10,6.7460e-02,1.0375
2451.84,-2.17876315e-03,2.270965e-03,7.411424e-06,-1.3387913000e-10,3.9324e-02,1.0500
2452.35,-2.05743441e-03,2.114416e-03,7.564305e-06,-1.3388112841e-10,3.9761e-02,1.0500
2452.85,-1.80038170e-03,1.976656e-03,7.717147e-06,-1.3388146147e-10,3.9711e-02,1.0500
2453.36,-1.43197129e-03,1.863007e-03,7.863759e-06,-1.3388234965e-10,3.9554e-02,1.0500
2453.87,-9.79995685e-04,1.780501e-03,7.995569e-06,-1.3388334885e-10,3.9336e-02,1.0500
2454.37,-4.72717135e-04,1.736581e-03,8.104664e-06,-1.3388379294e-10,3.8959e-02,1.0500
2454.88,6.27000288e-05,1.736221e-03,8.186240e-06,-1.3388457010e-10,4.2982e-02,1.0500
2455.39,6.00079834e-04,1.779013e-03,8.239577e-06,-1.3388623543e-10,5.0273e-02,1.0500
2455.89,1.11260541e-03,1.858417e-03,8.267472e-06,-1.3388723463e-10,5.7510e-02,1.0500
2456.40,1.57065505e-03,1.963785e-03,8.274815e-06,-1.3388778974e-10,6.4708e-02,1.0500
2456.91,1.94089375e-03,2.083745e-03,8.267066e-06,-1.3388878894e-10,7.1902e-02,1.0500
2457.41,2.18849570e-03,2.209288e-03,8.249059e-06,-1.3388989917e-10,7.9106e-02,1.0500
2457.92,2.28321061e-03,2.335310e-03,8.223963e-06,-1.3389045428e-10,8.9216e-02,1.0500
2458.43,2.20780514e-03,2.460635e-03,8.192253e-06,-1.3392542630e-10,9.2323e-02,1.0500
2458.93,1.96542447e-03,2.586764e-03,8.151044e-06,-1.3410184074e-10,9.8758e-02,1.0437
2459.44,1.58215061e-03,2.715995e-03,8.094549e-06,-1.3426182388e-10,1.0440e-01,1.0500
2459.95,1.10301647e-03,2.849628e-03,8.016090e-06,-1.3432199797e-10,1.0975e-01,1.0500
2460.45,5.82805833e-04,2.986887e-03,7.911105e-06,-1.3456813441e-10,4.8752e-02,1.0375
2460.96,7.51351649e-05,3.124999e-03,7.779933e-06,-1.3458589798e-10,5.4572e-02,1.0375
2461.47,-3.76584994e-04,3.259959e-03,7.629181e-06,-1.3459533488e-10,6.0750e-02,1.0375
2461.98,-7.44239890e-04,3.387752e-03,7.470798e-06,-1.3459744430e-10,6.7407e-02,1.0375
2462.48,-1.01593321e-03,3.505539e-03,7.319192e-06,-1.3459988679e-10,7.4006e-02,1.0375
2462.99,-1.19367789e-03,3.612367e-03,7.186808e-06,-1.3460188519e-10,8.1978e-02,1.0375
2463.50,-1.28903953e-03,3.709303e-03,7.079343e-06,-1.3460255133e-10,9.0831e-02,1.0375
2464.00,-1.31764465e-03,3.798768e-03,6.993549e-06,-1.3460355053e-10,9.2767e-02,1.0375
2464.51,-1.29320115e-03,3.883573e-03,6.919071e-06,-1.3460477177e-10,8.0984e-02,1.0375
2465.02,-1.22178430e-03,3.965430e-03,6.843387e-06,-1.3460910164e-10,6.2121e-02,1.0375
2465.52,-1.09766349e-03,4.042821e-03,6.757347e-06,-1.3461298742e-10,5.2000e-02,1.0375
2466.03,-9.02567423e-04,4.114351e-03,6.658662e-06,-1.3461887161e-10,4.8915e-02,1.0375
2466.54,-6.10429516e-04,4.176792e-03,6.551901e-06,-1.3462575499e-10,5.0600e-02,1.0375
2467.04,-1.98736435e-04,4.226942e-03,6.445622e-06,-1.3463063997e-10,5.5119e-02,1.0375
2467.55,3.34704187e-04,4.262296e-03,6.348516e-06,-1.3463286042e-10,6.0927e-02,1.0375
2468.06,9.54310743e-04,4.281572e-03,6.266477e-06,-1.3463385962e-10,6.7396e-02,1.0375
2468.56,1.57707748e-03,4.284995e-03,6.201492e-06,-1.3463596904e-10,7.4319e-02,1.0375
2469.07,2.08053518e-03,4.274105e-03,6.152044e-06,-1.3463674620e-10,8.1436e-02,1.0375
2469.58,2.33317196e-03,4.251172e-03,6.114026e-06,-1.3463719029e-10,9.0944e-02,1.0375
2470.08,2.23970619e-03,4.218883e-03,6.081575e-06,-1.3463741233e-10,9.3706e-02,1.0375
2470.59,1.78045753e-03,4.180341e-03,6.047939e-06,-1.3463918869e-10,5.6465e-02,1.0375
2471.10,1.02288895e-03,4.138587e-03,6.006824e-06,-1.3464140913e-10,3.2797e-02,1.0375
2471.60,9.90263208e-05,4.096247e-03,5.954270e-06,-1.3464318549e-10,2.3515e-02,1.0375
2472.11,-8.37110585e-04,4.055374e-03,5.890516e-06,-1.3464540594e-10,1.9436e-02,1.0375
2472.62,-1.64968492e-03,4.017388e-03,5.821063e-06,-1.3465017989e-10,1.8223e-02,1.0375
2473.12,-2.24400734e-03,3.983146e-03,5.756246e-06,-1.3465528692e-10,2.0312e-02,1.0375
2473.63,-2.57069709e-03,3.953094e-03,5.708749e-06,-1.3466017190e-10,2.4654e-02,1.0375
2474.14,-2.61802644e-03,3.927400e-03,5.689121e-06,-1.3466516791e-10,3.1344e-02,1.0375
2474.65,-2.40091241e-03,3.906059e-03,5.700695e-06,-1.3468526294e-10,3.5277e-02,1.0375
2475.15,-1.95233634e-03,3.888927e-03,5.736632e-06,-1.3472944982e-10,3.1013e-02,1.0375
2475.66,-1.31937671e-03,3.875176e-03,5.781339e-06,-1.3478884675e-10,3.0016e-02,1.0375
2476.17,-5.63011368e-04,3.862649e-03,5.816321e-06,-1.3485457195e-10,3.3026e-02,1.0375
2476.67,2.41345044e-04,3.847464e-03,5.827601e-06,-1.3491285866e-10,3.6415e-02,1.0375
2477.18,1.00669260e-03,3.824140e-03,5.811294e-06,-1.3496326279e-10,4.0347e-02,1.0375
2477.69,1.64404338e-03,3.786637e-03,5.775252e-06,-1.3500234264e-10,4.3871e-02,1.0375
2478.19,2.07886811e-03,3.730028e-03,5.736496e-06,-1.3503476115e-10,4.5183e-02,1.0375
2478.70,2.26967717e-03,3.652207e-03,5.715558e-06,-1.3506440411e-10,4.5255e-02,1.0375
2479.21,2.22069268e-03,3.554936e-03,5.729777e-06,-1.3509271479e-10,4.5565e-02,1.0375
2479.71,1.98193442e-03,3.443819e-03,5.787898e-06,-1.3511569641e-10,4.6324e-02,1.0375
2480.22,1.63599724e-03,3.327172e-03,5.887791e-06,-1.3513445918e-10,4.5342e-02,1.0375
2480.73,1.27720351e-03,3.214196e-03,6.017845e-06,-1.3515433217e-10,4.1673e-02,1.0375
2481.23,9.91204396e-04,3.113002e-03,6.161141e-06,-1.3517653663e-10,4.0400e-02,1.0375
2481.74,8.40720887e-04,3.029203e-03,6.300623e-06,-1.3519996234e-10,3.8559e-02,1.0375
2482.25,8.58777100e-04,2.965404e-03,6.423833e-06,-1.3522438724e-10,3.8356e-02,1.0375
2482.75,1.04767332e-03,2.921368e-03,6.526031e-06,-1.3524648068e-10,3.7893e-02,1.0375
2483.26,1.38131032e-03,2.894541e-03,6.611041e-06,-1.3526668674e-10,3.8479e-02,1.0375
2483.77,1.80967252e-03,2.880619e-03,6.689762e-06,-1.3528711484e-10,3.9138e-02,1.0375
2484.27,2.26585889e-03,2.874149e-03,6.776820e-06,-1.3530965237e-10,4.0861e-02,1.0375
2484.78,2.67661540e-03,2.869294e-03,6.886054e-06,-1.3533230092e-10,4.2974e-02,1.0375
2485.29,2.97626243e-03,2.860870e-03,7.025869e-06,-1.3535628174e-10,4.6614e-02,1.0375
2485.79,3.12183244e-03,2.845278e-03,7.196020e-06,-1.3537915233e-10,5.0144e-02,1.0375
2486.30,3.10543617e-03,2.821073e-03,7.387567e-06,-1.3540002453e-10,5.4855e-02,1.0375
2486.81,2.95950032e-03,2.788917e-03,7.586621e-06,-1.3541512356e-10,5.3683e-02,1.0375
2487.31,2.75221921e-03,2.750793e-03,7.780381e-06,-1.3542333921e-10,5.5043e-02,1.0375
2487.82,2.57384552e-03,2.709333e-03,7.962592e-06,-1.3542966748e-10,5.5608e-02,1.0375
2488.33,2.51709815e-03,2.666688e-03,8.135903e-06,-1.3543210997e-10,5.6133e-02,1.0375
2488.84,2.65493071e-03,2.623977e-03,8.310135e-06,-1.3543410837e-10,4.7972e-02,1.0375
2489.34,3.01740917e-03,2.581537e-03,8.497282e-06,-1.3543677291e-10,5.4896e-02,1.0375
2489.85,3.57045990e-03,2.539664e-03,8.705600e-06,-1.3543854926e-10,6.1791e-02,1.0375
2490.36,4.20459302e-03,2.499683e-03,8.935703e-06,-1.3543943744e-10,6.8718e-02,1.0375
2490.86,4.74691531e-03,2.464073e-03,9.180614e-06,-1.3544221300e-10,7.3967e-02,1.0375
2491.37,5.00555389e-03,2.435639e-03,9.429398e-06,-1.3544476651e-10,6.4626e-02,1.0375
2491.88,4.83696854e-03,2.415938e-03,9.672090e-06,-1.3545431443e-10,4.6240e-02,1.0375
2492.38,4.20433283e-03,2.403951e-03,9.903265e-06,-1.3546541666e-10,3.0794e-02,1.0375
2492.89,3.19258943e-03,2.395935e-03,1.012282e-05,-1.3547407640e-10,1.9208e-02,1.0375
2493.40,1.97214267e-03,2.386640e-03,1.033415e-05,-1.3548984157e-10,1.7539e-02,1.0375
2493.90,7.36021165e-04,2.371219e-03,1.054108e-05,-1.3551426647e-10,2.0454e-02,1.0375
2494.41,-3.54637474e-04,2.346899e-03,1.074531e-05,-1.3554346534e-10,2.3153e-02,1.0375
2494.92,-1.19727181e-03,2.313848e-03,1.094526e-05,-1.3557333034e-10,2.6427e-02,1.0375
2495.42,-1.74795732e-03,2.275091e-03,1.113654e-05,-1.3559964263e-10,3.0471e-02,1.0375
2495.93,-2.00643219e-03,2.235652e-03,1.131321e-05,-1.3562240220e-10,3.5499e-02,1.0375
2496.44,-1.99714627e-03,2.201272e-03,1.146898e-05,-1.3564038781e-10,4.1823e-02,1.0375
2496.94,-1.75277252e-03,2.177071e-03,1.159791e-05,-1.3565026880e-10,4.3438e-02,1.0375
2497.45,-1.30320836e-03,2.166529e-03,1.169468e-05,-1.3565526480e-10,4.5476e-02,1.0375
2497.96,-6.72085231e-04,2.170958e-03,1.175499e-05,-1.3565748525e-10,3.4000e-02,1.0375
2498.46,1.17151764e-04,2.189464e-03,1.177610e-05,-1.3566503476e-10,3.9390e-02,1.0375
2498.97,1.02480727e-03,2.219199e-03,1.175765e-05,-1.3567746926e-10,4.5419e-02,1.0375
2499.48,1.97261843e-03,2.255739e-03,1.170209e-05,-1.3569323443e-10,5.1798e-02,1.0375
2499.98,2.82875843e-03,2.293684e-03,1.161419e-05,-1.3570444768e-10,5.8115e-02,1.0375
2500.49,3.41789316e-03,2.327778e-03,1.149915e-05,-1.3571199720e-10,6.4284e-02,1.0375
2501.00,3.56506295e-03,2.354120e-03,1.135973e-05,-1.3571510582e-10,7.0535e-02,1.0375
2501.50,3.16065560e-03,2.370896e-03,1.119377e-05,-1.3571743729e-10,7.6803e-02,1.0375
2502.01,2.21362791e-03,2.379632e-03,1.099393e-05,-1.3572099000e-10,6.8890e-02,1.0375
2502.52,8.59333537e-04,2.383704e-03,1.075039e-05,-1.3572809543e-10,4.8035e-02,1.0375
2503.03,-6.86112915e-04,2.386970e-03,1.045545e-05,-1.3574308344e-10,3.1710e-02,1.0375
2503.53,-2.19811341e-03,2.392390e-03,1.010755e-05,-1.3575229829e-10,2.6121e-02,1.0375
2504.04,-3.50212318e-03,2.401466e-03,9.712704e-06,-1.3576262337e-10,2.6128e-02,1.0375
2504.55,-4.49612027e-03,2.414706e-03,9.282333e-06,-1.3577672320e-10,2.6298e-02,1.0375
2505.05,-5.14297087e-03,2.432691e-03,8.828403e-06,-1.3579826152e-10,2.6514e-02,1.0375
2505.56,-5.45187283e-03,2.456864e-03,8.358140e-06,-1.3582357461e-10,2.6545e-02,1.0375
2506.07,-5.46257929e-03,2.489441e-03,7.871237e-06,-1.3584677827e-10,2.6181e-02,1.0375
2506.57,-5.23511458e-03,2.532391e-03,7.361331e-06,-1.3586620717e-10,2.5580e-02,1.0375
2507.08,-4.84242705e-03,2.585996e-03,6.821022e-06,-1.3588297154e-10,2.2300e-02,1.0375
2507.59,-4.36325809e-03,2.648156e-03,6.247498e-06,-1.3589906978e-10,1.8471e-02,1.0375
2508.09,-3.87532141e-03,2.715065e-03,5.645552e-06,-1.3591339165e-10,2.0959e-02,1.0375
2508.60,-3.44783960e-03,2.782319e-03,5.026349e-06,-1.3592593717e-10,2.3431e-02,1.0375
2509.11,-3.13388431e-03,2.846158e-03,4.402857e-06,-1.3593415282e-10,2.5765e-02,1.0375
2509.61,-2.96384395e-03,2.904071e-03,3.785299e-06,-1.3593914883e-10,2.8737e-02,1.0375
2510.12,-2.94194297e-03,2.954519e-03,3.181564e-06,-1.3594381176e-10,3.9207e-02,1.0375
2510.63,-3.04687194e-03,2.996158e-03,2.607171e-06,-1.3594925186e-10,4.0863e-02,1.0375
2511.13,-3.23823555e-03,3.027218e-03,2.107400e-06,-1.3595435888e-10,4.1304e-02,1.0375
2511.64,-3.46478258e-03,3.045590e-03,1.784445e-06,-1.3596346271e-10,4.0617e-02,1.0375
2512.15,-3.67504714e-03,3.049698e-03,1.765122e-06,-1.3597356574e-10,3.9477e-02,1.0375
2512.65,-3.82556966e-03,3.039585e-03,2.046989e-06,-1.3599132931e-10,3.8790e-02,1.0375
2513.16,-3.88739757e-03,3.017554e-03,2.491002e-06,-1.3601986204e-10,3.8189e-02,1.0375
2513.67,-3.84946970e-03,2.987910e-03,2.979252e-06,-1.3605894189e-10,3.6702e-02,1.0375
2514.17,-3.71818951e-03,2.955807e-03,3.459709e-06,-1.3610534921e-10,3.5053e-02,1.0375
2514.68,-3.51400162e-03,2.925612e-03,3.926210e-06,-1.3615630845e-10,3.3634e-02,1.0375
2515.19,-3.26557309e-03,2.899491e-03,4.396346e-06,-1.3620604644e-10,3.2872e-02,1.0375
2515.69,-3.00263334e-03,2.876895e-03,4.891896e-06,-1.3625200967e-10,3.2830e-02,1.0375
2516.20,-2.74972245e-03,2.855237e-03,5.423149e-06,-1.3629009032e-10,3.3433e-02,1.0375
2516.71,-2.52265917e-03,2.831429e-03,5.981845e-06,-1.3631995532e-10,3.4661e-02,1.0375
2517.22,-2.32710737e-03,2.803497e-03,6.544634e-06,-1.3633971729e-10,3.6640e-02,1.0375
2517.72,-2.16017223e-03,2.771506e-03,7.083307e-06,-1.3635015339e-10,3.5244e-02,1.0375
2518.23,-2.01338205e-03,2.737474e-03,7.575587e-06,-1.3635570451e-10,2.5061e-02,1.0375
2518.74,-1.87562967e-03,2.704399e-03,8.011779e-06,-1.3637113661e-10,2.8634e-02,1.0375
2519.24,-1.73507554e-03,2.675010e-03,8.395452e-06,-1.3639955831e-10,3.2758e-02,1.0375
2519.75,-1.57996926e-03,2.650948e-03,8.738803e-06,-1.3642420527e-10,3.7481e-02,1.0375
2520.26,-1.39986044e-03,2.632783e-03,9.055223e-06,-1.3645218289e-10,4.2751e-02,1.0375
2520.76,-1.18888107e-03,2.620640e-03,9.352570e-06,-1.3647605268e-10,4.8412e-02,1.0375
2521.27,-9.50646444e-04,2.614644e-03,9.630327e-06,-1.3649126274e-10,5.4308e-02,1.0375
2521.78,-7.01754471e-04,2.615298e-03,9.881691e-06,-1.3649825714e-10,6.0386e-02,1.0375
2522.28,-4.70310279e-04,2.621983e-03,1.009883e-05,-1.3650280906e-10,6.6680e-02,1.0375
2522.79,-2.88446412e-04,2.631980e-03,1.027798e-05,-1.3650336417e-10,7.3511e-02,1.0375
2523.30,-1.81779481e-04,2.640275e-03,1.042165e-05,-1.3650502950e-10,8.0308e-02,1.0375
2523.80,-1.61008779e-04,2.640630e-03,1.053693e-05,-1.3650613973e-10,8.7135e-02,1.0375
2524.31,-2.19570818e-04,2.627490e-03,1.063126e-05,-1.3650836017e-10,7.4965e-02,1.0375
2524.82,-3.37264529e-04,2.599479e-03,1.070820e-05,-1.3651313413e-10,5.3577e-02,1.0500
2525.32,-4.86207603e-04,2.559357e-03,1.076558e-05,-1.3651491049e-10,5.7939e-02,1.0500
2525.83,-6.35062851e-04,2.513421e-03,1.079728e-05,-1.3651546560e-10,5.3338e-02,1.0500
2526.34,-7.49988545e-04,2.469810e-03,1.079727e-05,-1.3651690889e-10,4.5315e-02,1.0500
2526.84,-7.93653370e-04,2.435542e-03,1.076372e-05,-1.3651757502e-10,3.9208e-02,1.0500
2527.35,-7.24614099e-04,2.414094e-03,1.070095e-05,-1.3651901831e-10,3.4951e-02,1.0500
2527.86,-4.98562596e-04,2.404859e-03,1.061839e-05,-1.3652001751e-10,3.0386e-02,1.0500
2528.36,-7.23815609e-05,2.404612e-03,1.052703e-05,-1.3652212694e-10,2.5333e-02,1.0500
2528.87,5.87213281e-04,2.409868e-03,1.043508e-05,-1.3652534658e-10,2.3785e-02,1.0500
2529.38,1.48799824e-03,2.418553e-03,1.034505e-05,-1.3652812214e-10,2.9601e-02,1.0500
2529.88,2.58910386e-03,2.430118e-03,1.025367e-05,-1.3653156383e-10,3.6159e-02,1.0500
2530.39,3.77773141e-03,2.444380e-03,1.015469e-05,-1.3653478348e-10,4.3069e-02,1.0500
2530.90,4.86411871e-03,2.460187e-03,1.004275e-05,-1.3653556064e-10,5.0194e-02,1.0500
2531.41,5.61400535e-03,2.475040e-03,9.916283e-06,-1.3653711495e-10,5.7243e-02,1.0500
2531.91,5.82422874e-03,2.486007e-03,9.777904e-06,-1.3653689290e-10,6.3864e-02,1.0500
2532.42,5.40940660e-03,2.491272e-03,9.632617e-06,-1.3653844722e-10,7.0477e-02,1.0500
2532.93,4.44550356e-03,2.491304e-03,9.485101e-06,-1.3653855824e-10,6.9687e-02,1.0500
2533.43,3.14075343e-03,2.488895e-03,9.337763e-06,-1.3654011255e-10,5.3771e-02,1.0500
2533.94,1.75527632e-03,2.488022e-03,9.190541e-06,-1.3654022357e-10,4.9540e-02,1.0500
2534.45,5.20774860e-04,2.492318e-03,9.042313e-06,-1.3654255504e-10,5.1872e-02,1.0500
2534.95,-4.03851747e-04,2.503928e-03,8.892790e-06,-1.3654233300e-10,5.8058e-02,1.0500
2535.46,-9.38433501e-04,2.523340e-03,8.743487e-06,-1.3654344322e-10,6.4787e-02,1.0500
2535.97,-1.06647663e-03,2.550018e-03,8.597016e-06,-1.3654510855e-10,7.1748e-02,1.0500
2536.47,-8.17403235e-04,2.583066e-03,8.455073e-06,-1.3654544162e-10,7.8714e-02,1.0500
2536.98,-2.55586000e-04,2.621212e-03,8.316570e-06,-1.3654710695e-10,8.5672e-02,1.0500
2537.49,5.23470225e-04,2.662151e-03,8.177425e-06,-1.3654777309e-10,9.2599e-02,1.0500
2537.99,1.39564489e-03,2.702000e-03,8.032501e-06,-1.3654777309e-10,9.9465e-02,1.0500
2538.50,2.21754500e-03,2.735708e-03,7.878620e-06,-1.3654932740e-10,1.0632e-01,1.0500
2539.01,2.84811804e-03,2.758610e-03,7.716738e-06,-1.3654977149e-10,1.1315e-01,1.0500
2539.51,3.18001996e-03,2.768412e-03,7.551731e-06,-1.3655088171e-10,1.1996e-01,1.0500
2540.02,3.16874722e-03,2.766579e-03,7.389660e-06,-1.3655188091e-10,1.2675e-01,1.0500
2540.53,2.84439623e-03,2.758427e-03,7.233995e-06,-1.3655310216e-10,1.3353e-01,1.0500
2541.03,2.29881636e-03,2.751880e-03,7.083161e-06,-1.3655410136e-10,1.4028e-01,1.0500
2541.54,1.65465946e-03,2.755557e-03,6.931134e-06,-1.3655410136e-10,1.4700e-01,1.0500
2542.05,1.03133241e-03,2.777029e-03,6.770883e-06,-1.3655510056e-10,1.5371e-01,1.0500
2542.55,5.20721374e-04,2.821652e-03,6.598637e-06,-1.3655676590e-10,1.6040e-01,1.0500
2543.06,1.77097739e-04,2.891609e-03,6.416500e-06,-1.3655676590e-10,1.6706e-01,1.0500
2543.57,1.82394831e-05,2.985532e-03,6.231845e-06,-1.3655854225e-10,1.7370e-01,1.0500
2544.07,3.21411293e-05,3.098340e-03,6.053705e-06,-1.3655920839e-10,1.8032e-01,1.0500
2544.58,1.84838995e-04,3.221387e-03,5.888056e-06,-1.3656009656e-10,1.8691e-01,1.0500
2545.09,4.27406748e-04,3.344108e-03,5.734890e-06,-1.3656120679e-10,1.9350e-01,1.0500
2545.60,7.02301312e-04,3.456180e-03,5.589076e-06,-1.3656187292e-10,2.0022e-01,1.0500
2546.10,9.50141357e-04,3.549771e-03,5.444365e-06,-1.3662793119e-10,2.0534e-01,1.0500
2546.61,1.11759562e-03,3.621406e-03,5.297580e-06,-1.3673773225e-10,2.0473e-01,1.0500
2547.12,1.16574984e-03,3.672954e-03,5.150033e-06,-1.3692402767e-10,2.2380e-02,1.0375
2547.62,1.07694511e-03,3.711305e-03,5.005416e-06,-1.3694045897e-10,2.0463e-02,1.0375
2548.13,8.57678441e-04,3.746576e-03,4.866036e-06,-1.3695022894e-10,1.9192e-02,1.0375
2548.64,5.36229248e-04,3.789139e-03,4.730349e-06,-1.3695611312e-10,2.2876e-02,1.0375
2549.14,1.55700196e-04,3.846399e-03,4.593865e-06,-1.3696910273e-10,2.7283e-02,1.0375
2549.65,-2.35103576e-04,3.920733e-03,4.453175e-06,-1.3698775447e-10,3.2260e-02,1.0375
2550.16,-5.90081389e-04,4.009583e-03,4.310724e-06,-1.3701551005e-10,3.7862e-02,1.0375
2550.66,-8.71515540e-04,4.107472e-03,4.176913e-06,-1.3704637425e-10,4.3884e-02,1.0375
2551.17,-1.05245633e-03,4.208675e-03,4.066864e-06,-1.3707290858e-10,5.0089e-02,1.0375
2551.68,-1.11648386e-03,4.308394e-03,3.992116e-06,-1.3708778557e-10,5.5912e-02,1.0375
2552.18,-1.05615831e-03,4.405486e-03,3.952319e-06,-1.3709500202e-10,6.1846e-02,1.0375
2552.69,-8.71578310e-04,4.499385e-03,3.933988e-06,-1.3709866575e-10,6.7942e-02,1.0375
2553.20,-5.70205216e-04,4.588635e-03,3.918755e-06,-1.3710055313e-10,7.4773e-02,1.0375
2553.70,-1.68526091e-04,4.669147e-03,3.895738e-06,-1.3710177438e-10,8.1573e-02,1.0375
2554.21,3.04845552e-04,4.734724e-03,3.869943e-06,-1.3710277358e-10,9.0773e-02,1.0375
2554.72,8.06329937e-04,4.778348e-03,3.861447e-06,-1.3710366176e-10,9.7897e-02,1.0375
2555.22,1.27760337e-03,4.794048e-03,3.894833e-06,-1.3710399482e-10,1.0632e-01,1.0375
2555.73,1.65165689e-03,4.778676e-03,3.984372e-06,-1.3710543811e-10,1.0990e-01,1.0375
2556.24,1.86548160e-03,4.732857e-03,4.125360e-06,-1.3710599323e-10,1.1690e-01,1.0375
2556.74,1.87647877e-03,4.660742e-03,4.298285e-06,-1.3710810265e-10,1.2388e-01,1.0375
2557.25,1.67632208e-03,4.568771e-03,4.481326e-06,-1.3710799163e-10,1.3083e-01,1.0375
2557.76,1.29576285e-03,4.464070e-03,4.661094e-06,-1.3710932389e-10,1.3776e-01,1.0375
2558.27,7.97748386e-04,4.353055e-03,4.835794e-06,-1.3710999003e-10,1.4467e-01,1.0375
2558.77,2.61856719e-04,4.240610e-03,5.011384e-06,-1.3711176639e-10,4.5977e-02,1.0375
2559.28,-2.33435954e-04,4.130031e-03,5.194967e-06,-1.3714707148e-10,2.1189e-02,1.0375
2559.79,-6.24654963e-04,4.023137e-03,5.390233e-06,-1.3727219361e-10,2.3244e-02,1.0500
2560.29,-8.70651625e-04,3.920082e-03,5.597496e-06,-1.3728307380e-10,2.2172e-02,1.0500
2560.80,-9.53979535e-04,3.819023e-03,5.816833e-06,-1.3728385095e-10,1.9364e-02,1.0500
2561.31,-8.78703202e-04,3.716086e-03,6.050137e-06,-1.3728473913e-10,1.4787e-02,1.0500
2561.81,-6.66965940e-04,3.606182e-03,6.299031e-06,-1.3728562731e-10,1.8324e-02,1.0500
2562.32,-3.55513898e-04,3.484690e-03,6.559962e-06,-1.3728695958e-10,2.5117e-02,1.0500
2562.83,7.94432349e-06,3.349294e-03,6.821227e-06,-1.3728740367e-10,3.1564e-02,1.0500
2563.33,3.69471788e-04,3.201201e-03,7.065640e-06,-1.3728829185e-10,3.8495e-02,1.0500
2563.84,6.75554418e-04,3.044440e-03,7.278070e-06,-1.3728918002e-10,4.5764e-02,1.0500
2564.35,8.81490801e-04,2.883636e-03,7.452119e-06,-1.3729017923e-10,5.3008e-02,1.0500
2564.85,9.59968109e-04,2.723857e-03,7.592802e-06,-1.3729151149e-10,6.0219e-02,1.0500
2565.36,9.07367285e-04,2.569116e-03,7.713350e-06,-1.3729140047e-10,6.7001e-02,1.0500
2565.87,7.45584167e-04,2.423375e-03,7.827535e-06,-1.3729306581e-10,7.3895e-02,1.0500
2566.37,5.18519305e-04,2.292008e-03,7.941760e-06,-1.3729350989e-10,8.0845e-02,1.0500
2566.88,2.84068121e-04,2.182590e-03,8.051850e-06,-1.3729473114e-10,8.7791e-02,1.0500
2567.39,1.03460089e-04,2.104481e-03,8.146515e-06,-1.3729617443e-10,9.4682e-02,1.0500
2567.89,2.97832662e-05,2.065572e-03,8.214575e-06,-1.3729695159e-10,1.0154e-01,1.0500
2568.40,9.69563832e-05,2.068245e-03,8.251318e-06,-1.3729739567e-10,1.0839e-01,1.0500
2568.91,3.10159420e-04,2.107521e-03,8.260593e-06,-1.3729828385e-10,1.0833e-01,1.0500
2569.41,6.39406437e-04,2.173038e-03,8.252050e-06,-1.3729883896e-10,5.2045e-02,1.0500
2569.92,1.01925018e-03,2.253245e-03,8.235414e-06,-1.3730006021e-10,3.5627e-02,1.0500
2570.43,1.35815199e-03,2.339150e-03,8.215123e-06,-1.3730094839e-10,3.4592e-02,1.0500
2570.93,1.55893757e-03,2.425927e-03,8.188322e-06,-1.3730172554e-10,3.8432e-02,1.0500
2571.44,1.54638646e-03,2.512277e-03,8.147300e-06,-1.3730361292e-10,4.4412e-02,1.0500
2571.95,1.29205859e-03,2.598518e-03,8.084819e-06,-1.3730361292e-10,5.1420e-02,1.0500
2572.46,8.25133091e-04,2.684560e-03,7.999432e-06,-1.3730538928e-10,5.8812e-02,1.0500
2572.96,2.24107480e-04,2.768762e-03,7.898067e-06,-1.3730627746e-10,6.6067e-02,1.0500
2573.47,-4.06027292e-04,2.848172e-03,7.794431e-06,-1.3730649950e-10,7.2570e-02,1.0500
2573.98,-9.60353499e-04,2.919945e-03,7.703644e-06,-1.3730849791e-10,7.9456e-02,1.0500
2574.48,-1.35468248e-03,2.983244e-03,7.635044e-06,-1.3730849791e-10,8.6358e-02,1.0500
2574.99,-1.53645630e-03,3.040128e-03,7.587280e-06,-1.3730894199e-10,9.3242e-02,1.0500
2575.50,-1.48749271e-03,3.095051e-03,7.549104e-06,-1.3731027426e-10,1.0011e-01,1.0500
2576.00,-1.22233701e-03,3.153086e-03,7.505505e-06,-1.3731171755e-10,1.0695e-01,1.0500
2576.51,-7.85032603e-04,3.217487e-03,7.445827e-06,-1.3731171755e-10,1.1378e-01,1.0500
2577.02,-2.44711936e-04,3.287787e-03,7.369431e-06,-1.3731327186e-10,1.2059e-01,1.0500
2577.52,3.11686827e-04,3.359655e-03,7.286047e-06,-1.3731404902e-10,1.2737e-01,1.0500
2578.03,7.91623705e-04,3.426771e-03,7.210614e-06,-1.3731327186e-10,1.3414e-01,1.0500
2578.54,1.11401782e-03,3.483761e-03,7.155169e-06,-1.3731593640e-10,1.4089e-01,1.0500
2579.04,1.22732746e-03,3.528519e-03,7.122230e-06,-1.3731660253e-10,1.4761e-01,1.0500
2579.55,1.12199231e-03,3.562754e-03,7.103696e-06,-1.3731771276e-10,1.5432e-01,1.0500
2580.06,8.31527864e-04,3.590464e-03,7.085882e-06,-1.3731937809e-10,1.6113e-01,1.0500
2580.56,4.21453203e-04,3.615165e-03,7.057352e-06,-1.3731893400e-10,1.6794e-01,1.0500
2581.07,-2.91666256e-05,3.637502e-03,7.014776e-06,-1.3740264482e-10,1.7421e-01,1.0437
2581.58,-4.46303955e-04,3.654619e-03,6.963701e-06,-1.3748857608e-10,1.7859e-01,1.0500
2582.08,-7.74093204e-04,3.661566e-03,6.914173e-06,-1.3774914542e-10,6.8131e-02,1.0375
2582.59,-9.80682579e-04,3.653845e-03,6.873888e-06,-1.3775458552e-10,7.3273e-02,1.0375
2583.10,-1.05813442e-03,3.629712e-03,6.842974e-06,-1.3775725005e-10,7.9715e-02,1.0375
2583.60,-1.01887827e-03,3.591160e-03,6.813544e-06,-1.3775780516e-10,8.6531e-02,1.0375
2584.11,-8.90750571e-04,3.543260e-03,6.774122e-06,-1.3775902641e-10,9.5174e-02,1.0375
2584.62,-7.11542167e-04,3.492156e-03,6.716040e-06,-1.3775991459e-10,1.0307e-01,1.0375
2585.12,-5.23085885e-04,3.442663e-03,6.638061e-06,-1.3776102481e-10,1.0786e-01,1.0375
2585.63,-3.64636822e-04,3.396633e-03,6.546851e-06,-1.3776102481e-10,1.1285e-01,1.0375
2586.14,-2.65584602e-04,3.352930e-03,6.453251e-06,-1.3776224606e-10,7.1796e-02,1.0375
2586.65,-2.38136083e-04,3.308992e-03,6.366387e-06,-1.3776624286e-10,4.5152e-02,1.0375
2587.15,-2.71269325e-04,3.263084e-03,6.288873e-06,-1.3776768615e-10,3.1277e-02,1.0375
2587.66,-3.27839572e-04,3.215939e-03,6.215833e-06,-1.3776935148e-10,2.3551e-02,1.0375
2588.17,-3.47114723e-04,3.170891e-03,6.138305e-06,-1.3777268215e-10,1.7712e-02,1.0375
2588.67,-2.55045171e-04,3.132427e-03,6.048981e-06,-1.3777801122e-10,2.0131e-02,1.0375
2589.18,1.61612961e-05,3.103941e-03,5.947073e-06,-1.3778833630e-10,2.4495e-02,1.0375
2589.69,4.99826141e-04,3.085994e-03,5.839797e-06,-1.3780132591e-10,2.8370e-02,1.0375
2590.19,1.16342817e-03,3.076068e-03,5.739679e-06,-1.3781731312e-10,3.2420e-02,1.0375
2590.70,1.88718184e-03,3.069902e-03,5.658848e-06,-1.3783285624e-10,3.6920e-02,1.0375
2591.21,2.47211936e-03,3.063514e-03,5.603229e-06,-1.3784673403e-10,4.2250e-02,1.0375
2591.71,2.69222855e-03,3.054742e-03,5.570111e-06,-1.3785639297e-10,4.8653e-02,1.0375
2592.22,2.38033406e-03,3.043568e-03,5.550865e-06,-1.3786394248e-10,5.6307e-02,1.0375
2592.73,1.50451275e-03,3.031244e-03,5.537271e-06,-1.3786760622e-10,6.5509e-02,1.0375
2593.23,1.86124992e-04,3.018786e-03,5.527532e-06,-1.3787193609e-10,4.4202e-02,1.0375
2593.74,-1.35078304e-03,3.006271e-03,5.528305e-06,-1.3788203912e-10,4.5910e-02,1.0375
2594.25,-2.86201024e-03,2.992387e-03,5.551497e-06,-1.3789447362e-10,5.2960e-02,1.0375
2594.75,-4.15034432e-03,2.975370e-03,5.607693e-06,-1.3790069087e-10,5.4870e-02,1.0375
2595.26,-5.09492241e-03,2.954294e-03,5.700299e-06,-1.3790624198e-10,5.4509e-02,1.0375
2595.77,-5.64624168e-03,2.929935e-03,5.824154e-06,-1.3791112696e-10,5.5513e-02,1.0375
2596.27,-5.80678502e-03,2.904667e-03,5.969341e-06,-1.3791645603e-10,5.7220e-02,1.0375
2596.78,-5.61319135e-03,2.881324e-03,6.127416e-06,-1.3792089693e-10,5.8035e-02,1.0375
2597.29,-5.12612009e-03,2.861655e-03,6.296011e-06,-1.3792544884e-10,5.5433e-02,1.0375
2597.79,-4.42707838e-03,2.845184e-03,6.479152e-06,-1.3793111098e-10,4.9631e-02,1.0375
2598.30,-3.61775966e-03,2.829123e-03,6.683333e-06,-1.3793644005e-10,4.4307e-02,1.0375
2598.81,-2.81651524e-03,2.809507e-03,6.912023e-06,-1.3794454468e-10,4.0656e-02,1.0375
2599.31,-2.14549453e-03,2.782812e-03,7.162302e-06,-1.3795464771e-10,3.8418e-02,1.0375
2599.82,-1.70828966e-03,2.747273e-03,7.425794e-06,-1.3796297438e-10,3.6857e-02,1.0375
2600.33,-1.56417007e-03,2.703404e-03,7.692941e-06,-1.3797096798e-10,3.4574e-02,1.0375
2600.84,-1.71066311e-03,2.653392e-03,7.957605e-06,-1.3797651910e-10,3.1505e-02,1.0375
2601.34,-2.08449376e-03,2.599997e-03,8.219263e-06,-1.3798295839e-10,2.8589e-02,1.0375
2601.85,-2.58152410e-03,2.545625e-03,8.481868e-06,-1.3798806542e-10,2.6514e-02,1.0375
2602.36,-3.08663887e-03,2.491969e-03,8.750402e-06,-1.3799350551e-10,3.1963e-02,1.0375
2602.86,-3.50098357e-03,2.440340e-03,9.027259e-06,-1.3799916765e-10,3.6214e-02,1.0375
2603.37,-3.75767845e-03,2.392355e-03,9.310501e-06,-1.3800682819e-10,3.8358e-02,1.0375
2603.88,-3.82532450e-03,2.350346e-03,9.594661e-06,-1.3801459975e-10,3.9475e-02,1.0375
2604.38,-3.70155818e-03,2.317146e-03,9.873135e-06,-1.3802192722e-10,3.9489e-02,1.0375
2604.89,-3.40357046e-03,2.295322e-03,1.014052e-05,-1.3803136412e-10,3.8693e-02,1.0375
2605.40,-2.95868736e-03,2.286306e-03,1.039370e-05,-1.3804113408e-10,3.7609e-02,1.0375
2605.90,-2.39888103e-03,2.289905e-03,1.063163e-05,-1.3805445676e-10,3.6682e-02,1.0375
2606.41,-1.76015884e-03,2.304366e-03,1.085438e-05,-1.3807133215e-10,3.6142e-02,1.0375
2606.92,-1.08629349e-03,2.326816e-03,1.106236e-05,-1.3809020594e-10,3.6051e-02,1.0375
2607.42,-4.33038914e-04,2.353727e-03,1.125609e-05,-1.3811118915e-10,3.6351e-02,1.0375
2607.93,1.33540760e-04,2.381239e-03,1.143621e-05,-1.3813150623e-10,3.6909e-02,1.0375
2608.44,5.48242006e-04,2.405471e-03,1.160292e-05,-1.3815226740e-10,3.7572e-02,1.0375
2608.94,7.63814929e-04,2.422985e-03,1.175457e-05,-1.3816958688e-10,3.8188e-02,1.0375
2609.45,7.64538430e-04,2.431383e-03,1.188604e-05,-1.3818368672e-10,3.8618e-02,1.0375
2609.96,5.69234342e-04,2.429783e-03,1.198885e-05,-1.3819045908e-10,3.8714e-02,1.0375
2610.46,2.24973553e-04,2.418911e-03,1.205335e-05,-1.3819534406e-10,3.8528e-02,1.0375
2610.97,-2.01960021e-04,2.400785e-03,1.207251e-05,-1.3819845268e-10,3.2337e-02,1.0375
2611.48,-6.33380926e-04,2.378197e-03,1.204488e-05,-1.3821110922e-10,3.5520e-02,1.0375
2611.98,-9.85750264e-04,2.354254e-03,1.197544e-05,-1.3823175937e-10,3.8777e-02,1.0375
2612.49,-1.17905096e-03,2.332195e-03,1.187330e-05,-1.3827183842e-10,4.2051e-02,1.0375
2613.00,-1.14870455e-03,2.315521e-03,1.174686e-05,-1.3832657242e-10,4.4688e-02,1.0375
2613.50,-8.57891148e-04,2.308160e-03,1.159879e-05,-1.3838163948e-10,4.6098e-02,1.0375
2614.01,-3.06552227e-04,2.314162e-03,1.142345e-05,-1.3842793578e-10,4.6189e-02,1.0375
2614.52,4.65241111e-04,2.336688e-03,1.120895e-05,-1.3846246372e-10,4.5344e-02,1.0375
2615.03,1.37998213e-03,2.376646e-03,1.094284e-05,-1.3848755476e-10,4.4138e-02,1.0375
2615.53,2.33118159e-03,2.431823e-03,1.061837e-05,-1.3851153557e-10,4.2949e-02,1.0375
2616.04,3.19761246e-03,2.497189e-03,1.023800e-05,-1.3853407310e-10,4.2182e-02,1.0375
2616.55,3.86321130e-03,2.566280e-03,9.812477e-06,-1.3855383507e-10,4.2111e-02,1.0375
2617.05,4.24042618e-03,2.633011e-03,9.356256e-06,-1.3857515135e-10,4.2899e-02,1.0375
2617.56,4.29129310e-03,2.693182e-03,8.881211e-06,-1.3859868808e-10,4.4518e-02,1.0375
2618.07,4.03814135e-03,2.745179e-03,8.391895e-06,-1.3862644366e-10,4.6980e-02,1.0375
2618.57,3.55774994e-03,2.789776e-03,7.884770e-06,-1.3865297799e-10,5.0324e-02,1.0375
2619.08,2.95978221e-03,2.829229e-03,7.351818e-06,-1.3867684778e-10,5.4699e-02,1.0375
2619.59,2.35854682e-03,2.866067e-03,6.786633e-06,-1.3869294602e-10,5.9789e-02,1.0375
2620.09,1.85036458e-03,2.902222e-03,6.190097e-06,-1.3870082860e-10,6.4843e-02,1.0375
2620.60,1.50432227e-03,2.938495e-03,5.573584e-06,-1.3870371518e-10,7.0721e-02,1.0375
2621.11,1.36550475e-03,2.974777e-03,4.958895e-06,-1.3870560256e-10,7.7186e-02,1.0375
2621.61,1.46320276e-03,3.010654e-03,4.374953e-06,-1.3870748994e-10,8.0488e-02,1.0375
2622.12,1.81558772e-03,3.046046e-03,3.851670e-06,-1.3871204185e-10,5.2191e-02,1.0375
2622.63,2.42579273e-03,3.081479e-03,3.412328e-06,-1.3872281102e-10,3.7681e-02,1.0375
2623.13,3.26910275e-03,3.117308e-03,3.068004e-06,-1.3874346116e-10,3.8966e-02,1.0375
2623.64,4.27551986e-03,3.153061e-03,2.819181e-06,-1.3874934535e-10,3.9289e-02,1.0500
2624.15,5.31695002e-03,3.186873e-03,2.666079e-06,-1.3875067761e-10,3.8942e-02,1.0500
2624.65,6.21274415e-03,3.215558e-03,2.619922e-06,-1.3875101068e-10,3.7818e-02,1.0500
2625.16,6.76529801e-03,3.235420e-03,2.701578e-06,-1.3875256499e-10,3.6526e-02,1.0500
2625.67,6.82189385e-03,3.243500e-03,2.923903e-06,-1.3875378624e-10,3.5022e-02,1.0500
2626.17,6.33530091e-03,3.238683e-03,3.275146e-06,-1.3875378624e-10,4.0735e-02,1.0500
2626.68,5.38632313e-03,3.222205e-03,3.721409e-06,-1.3875545157e-10,4.7722e-02,1.0500
2627.19,4.15287546e-03,3.197444e-03,4.221693e-06,-1.3875611771e-10,5.4694e-02,1.0500
2627.69,2.84585899e-03,3.169058e-03,4.740427e-06,-1.3875689486e-10,6.1746e-02,1.0500
2628.20,1.64880092e-03,3.142091e-03,5.252857e-06,-1.3875744997e-10,6.8866e-02,1.0500
2628.71,6.85844843e-04,3.121011e-03,5.745387e-06,-1.3875833815e-10,7.6038e-02,1.0500
2629.22,1.97822987e-05,3.108939e-03,6.213275e-06,-1.3875911531e-10,8.3329e-02,1.0500
2629.72,-3.32160765e-04,3.107151e-03,6.657191e-06,-1.3875978144e-10,9.0902e-02,1.0500
2630.23,-3.78622730e-04,3.114858e-03,7.079649e-06,-1.3876089167e-10,9.8271e-02,1.0500
2630.74,-1.39856343e-04,3.129381e-03,7.482155e-06,-1.3879097871e-10,4.8198e-02,1.0500
2631.24,3.56482492e-04,3.146800e-03,7.863633e-06,-1.3879108973e-10,4.1455e-02,1.0500
2631.75,1.06861393e-03,3.162993e-03,8.220363e-06,-1.3879108973e-10,4.5598e-02,1.0500
2632.26,1.92603085e-03,3.174745e-03,8.547192e-06,-1.3879342120e-10,5.0248e-02,1.0500
2632.76,2.81538973e-03,3.180511e-03,8.839462e-06,-1.3879375427e-10,5.4722e-02,1.0500
2633.27,3.58022915e-03,3.180540e-03,9.094900e-06,-1.3879442040e-10,5.9785e-02,1.0500
2633.78,4.04667892e-03,3.176324e-03,9.314685e-06,-1.3879564165e-10,6.4656e-02,1.0500
2634.28,4.07426837e-03,3.169764e-03,9.503147e-06,-1.3879686289e-10,7.0108e-02,1.0500
2634.79,3.61016355e-03,3.162344e-03,9.666114e-06,-1.3879641880e-10,7.6391e-02,1.0500
2635.30,2.71470997e-03,3.154734e-03,9.808545e-06,-1.3879797311e-10,8.3118e-02,1.0500
2635.80,1.54109441e-03,3.147086e-03,9.932579e-06,-1.3879952743e-10,8.9824e-02,1.0500
2636.31,2.81947510e-04,3.139590e-03,1.003697e-05,-1.3879997152e-10,9.5947e-02,1.0500
2636.82,-8.86556539e-04,3.132724e-03,1.011823e-05,-1.3880108174e-10,8.1764e-02,1.0500
2637.32,-1.83940807e-03,3.127149e-03,1.017288e-05,-1.3880219196e-10,8.5843e-02,1.0500
2637.83,-2.51147511e-03,3.122849e-03,1.019989e-05,-1.3880285810e-10,6.1106e-02,1.0500
2638.34,-2.88895075e-03,3.118741e-03,1.020190e-05,-1.3880496752e-10,4.7438e-02,1.0500
2638.84,-2.99488177e-03,3.113012e-03,1.018481e-05,-1.3880496752e-10,4.4615e-02,1.0500
2639.35,-2.87611349e-03,3.104084e-03,1.015575e-05,-1.3880563365e-10,4.1060e-02,1.0500
2639.86,-2.59391868e-03,3.091654e-03,1.012018e-05,-1.3880674388e-10,3.7269e-02,1.0500
2640.36,-2.21727297e-03,3.077175e-03,1.007987e-05,-1.3880685490e-10,3.3590e-02,1.0500
2640.87,-1.81666441e-03,3.063524e-03,1.003255e-05,-1.3880852023e-10,3.3486e-02,1.0500
2641.38,-1.45697858e-03,3.054126e-03,9.973733e-06,-1.3881029659e-10,3.9693e-02,1.0500
2641.89,-1.18960482e-03,3.052014e-03,9.899610e-06,-1.3880996352e-10,4.6176e-02,1.0500
2642.39,-1.04552368e-03,3.059109e-03,9.809824e-06,-1.3881162886e-10,5.2803e-02,1.0500
2642.90,-1.03179404e-03,3.075708e-03,9.708664e-06,-1.3881273908e-10,5.9372e-02,1.0500
2643.41,-1.13303479e-03,3.100086e-03,9.604077e-06,-1.3881351624e-10,6.5366e-02,1.0500
2643.91,-1.31760108e-03,3.128439e-03,9.504764e-06,-1.3881362726e-10,7.2313e-02,1.0500
2644.42,-1.54634424e-03,3.155132e-03,9.416575e-06,-1.3881573668e-10,7.9276e-02,1.0500
2644.93,-1.78114554e-03,3.173376e-03,9.339916e-06,-1.3881673588e-10,8.6246e-02,1.0500
2645.43,-1.99099792e-03,3.176314e-03,9.269605e-06,-1.3881706895e-10,9.3168e-02,1.0500
2645.94,-2.15467837e-03,3.158314e-03,9.197386e-06,-1.3881773508e-10,1.0003e-01,1.0500
2646.45,-2.26026881e-03,3.116167e-03,9.115925e-06,-1.3881862326e-10,1.0688e-01,1.0500
2646.95,-2.30254686e-03,3.049962e-03,9.022313e-06,-1.3881973349e-10,1.1371e-01,1.0500
2647.46,-2.27956342e-03,2.963431e-03,8.919370e-06,-1.3881973349e-10,1.2052e-01,1.0500
2647.97,-2.18971255e-03,2.863588e-03,8.814081e-06,-1.3882228700e-10,1.2731e-01,1.0500
2648.47,-2.03040902e-03,2.759694e-03,8.713856e-06,-1.3882306416e-10,1.3408e-01,1.0500
2648.98,-1.79912029e-03,2.661769e-03,8.622447e-06,-1.3882306416e-10,1.4083e-01,1.0500
2649.49,-1.49687505e-03,2.579036e-03,8.537677e-06,-1.3882450745e-10,1.4755e-01,1.0500
2649.99,-1.13345635e-03,2.518548e-03,8.452240e-06,-1.3882583971e-10,1.5426e-01,1.0500
2650.50,-7.32436624e-04,2.484033e-03,8.357112e-06,-1.3882617278e-10,1.6094e-01,1.0500
2651.01,-3.33420656e-04,2.474932e-03,8.245654e-06,-1.3882717198e-10,1.6760e-01,1.0500
2651.51,1.10578959e-05,2.486288e-03,8.116288e-06,-1.3882828220e-10,1.7423e-01,1.0500
2652.02,2.45026932e-04,2.509983e-03,7.972486e-06,-1.3882850425e-10,1.8090e-01,1.0500
2652.53,3.23112289e-04,2.537000e-03,7.820255e-06,-1.3883083572e-10,1.8763e-01,1.0500
2653.03,2.24293338e-04,2.559950e-03,7.664509e-06,-1.3889100980e-10,1.9377e-01,1.0437
2653.54,-4.04345558e-05,2.574746e-03,7.506300e-06,-1.3897283324e-10,1.9685e-01,1.0500
2654.05,-4.30006276e-04,2.581376e-03,7.342385e-06,-1.3919798647e-10,7.7764e-02,1.0375
2654.55,-8.83884666e-04,2.583460e-03,7.167279e-06,-1.3920020692e-10,8.4687e-02,1.0375
2655.06,-1.33661460e-03,2.586943e-03,6.976526e-06,-1.3920198327e-10,9.1631e-02,1.0375
2655.57,-1.73085539e-03,2.598524e-03,6.769311e-06,-1.3920176123e-10,1.0118e-01,1.0375
2656.08,-2.02540008e-03,2.623953e-03,6.549127e-06,-1.3920242736e-10,1.1022e-01,1.0375
2656.58,-2.19755441e-03,2.666523e-03,6.322325e-06,-1.3920387065e-10,1.0067e-01,1.0375
2657.09,-2.24125921e-03,2.726799e-03,6.095467e-06,-1.3931844567e-10,4.6071e-02,1.0375
2657.60,-2.16296979e-03,2.803610e-03,5.872796e-06,-1.3959922107e-10,5.6242e-02,1.0500
2658.10,-1.97698840e-03,2.894286e-03,5.654946e-06,-1.3982270897e-10,5.4409e-02,1.0625
2658.61,-1.70134228e-03,2.995569e-03,5.439260e-06,-1.4004641891e-10,4.7730e-02,1.0625
2659.12,-1.35482032e-03,3.104067e-03,5.221315e-06,-1.4021750427e-10,4.2952e-02,1.0625
2659.62,-9.55493616e-04,3.216223e-03,4.996929e-06,-1.4021861450e-10,3.7160e-02,1.0625
2660.13,-5.20822278e-04,3.328037e-03,4.763974e-06,-1.4021972472e-10,3.0437e-02,1.0625
2660.64,-6.91456425e-05,3.434921e-03,4.523543e-06,-1.4022094597e-10,2.4967e-02,1.0625
2661.14,3.78083915e-04,3.532025e-03,4.280374e-06,-1.4022039085e-10,2.4619e-02,1.0625
2661.65,7.94440907e-04,3.615030e-03,4.042516e-06,-1.4022238926e-10,3.1499e-02,1.0625
2662.16,1.14843227e-03,3.681227e-03,3.819986e-06,-1.4022294437e-10,3.8534e-02,1.0625
2662.66,1.40630236e-03,3.730448e-03,3.622038e-06,-1.4022460970e-10,4.5551e-02,1.0625
2663.17,1.53787644e-03,3.765390e-03,3.453459e-06,-1.4022460970e-10,5.2562e-02,1.0625
2663.68,1.52407125e-03,3.790988e-03,3.311923e-06,-1.4022516481e-10,5.9143e-02,1.0625
2664.18,1.36343557e-03,3.812872e-03,3.189032e-06,-1.4022716321e-10,6.5903e-02,1.0625
2664.69,1.07497036e-03,3.835475e-03,3.075666e-06,-1.4022727424e-10,7.2673e-02,1.0625
2665.20,6.95832116e-04,3.860735e-03,2.968946e-06,-1.4022782935e-10,7.9430e-02,1.0625
2665.70,2.74647318e-04,3.888007e-03,2.876687e-06,-1.4022905059e-10,8.6170e-02,1.0625
2666.21,-1.37196462e-04,3.915130e-03,2.816143e-06,-1.4023049388e-10,9.2892e-02,1.0625
2666.72,-4.93621698e-04,3.939917e-03,2.806434e-06,-1.4023171513e-10,9.9597e-02,1.0625
2667.22,-7.59574838e-04,3.961062e-03,2.858150e-06,-1.4023227024e-10,1.0628e-01,1.0625
2667.73,-9.14038097e-04,3.978185e-03,2.967390e-06,-1.4023271433e-10,1.1295e-01,1.0625
2668.24,-9.50977391e-04,3.990845e-03,3.119246e-06,-1.4023449069e-10,1.1960e-01,1.0625
2668.74,-8.79084871e-04,3.997348e-03,3.297478e-06,-1.4023504580e-10,1.2623e-01,1.0625
2669.25,-7.20754765e-04,3.994073e-03,3.492726e-06,-1.4023548989e-10,1.3284e-01,1.0625
2669.76,-5.10081956e-04,3.975691e-03,3.704704e-06,-1.4023660011e-10,1.3943e-01,1.0625
2670.27,-2.89260536e-04,3.936371e-03,3.938333e-06,-1.4023771033e-10,1.4611e-01,1.0625
2670.77,-1.02925591e-04,3.871245e-03,4.196979e-06,-1.4023848749e-10,1.5279e-01,1.0625
2671.28,9.22023260e-06,3.779190e-03,4.477318e-06,-1.4023948669e-10,1.5946e-01,1.0625
2671.79,2.00637138e-05,3.662804e-03,4.768825e-06,-1.4035861362e-10,1.6536e-01,1.0563
2672.29,-7.91390830e-05,3.528044e-03,5.057629e-06,-1.4044165830e-10,1.6974e-01,1.0625
2672.80,-2.76791314e-04,3.382877e-03,5.331923e-06,-1.4071244170e-10,1.4799e-01,1.0500
2673.31,-5.43480315e-04,3.234009e-03,5.585947e-06,-1.4071288579e-10,1.5470e-01,1.0500
2673.81,-8.38081892e-04,3.086465e-03,5.821040e-06,-1.4071388499e-10,1.6138e-01,1.0500
2674.32,-1.11547946e-03,2.941726e-03,6.043662e-06,-1.4071499521e-10,1.1711e-01,1.0500
2674.83,-1.33392976e-03,2.799340e-03,6.261456e-06,-1.4071566135e-10,9.0832e-02,1.0500
2675.33,-1.46089981e-03,2.660076e-03,6.479198e-06,-1.4071788179e-10,4.7197e-02,1.0500
2675.84,-1.47712505e-03,2.528493e-03,6.696538e-06,-1.4071777077e-10,3.5890e-02,1.0500
2676.35,-1.37913929e-03,2.412904e-03,6.908441e-06,-1.4071876997e-10,2.6017e-02,1.0500
2676.85,-1.18043420e-03,2.322232e-03,7.107748e-06,-1.4071932508e-10,2.7912e-02,1.0500
2677.36,-9.10925889e-04,2.261433e-03,7.288295e-06,-1.4072010224e-10,3.3471e-02,1.0500
2677.87,-6.13969383e-04,2.228275e-03,7.447103e-06,-1.4072154553e-10,3.9512e-02,1.0500
2678.37,-3.40239242e-04,2.213824e-03,7.584844e-06,-1.4072265575e-10,4.5933e-02,1.0500
2678.88,-1.38655974e-04,2.206506e-03,7.704583e-06,-1.4072321086e-10,5.2599e-02,1.0500
2679.39,-4.59835348e-05,2.197239e-03,7.809501e-06,-1.4072443211e-10,5.9628e-02,1.0500
2679.89,-7.79975256e-05,2.183100e-03,7.900802e-06,-1.4072598642e-10,6.6772e-02,1.0500
2680.40,-2.25269428e-04,2.168339e-03,7.976986e-06,-1.4072687460e-10,7.3610e-02,1.0500
2680.91,-4.55208940e-04,2.162648e-03,8.034920e-06,-1.4072742971e-10,8.0586e-02,1.0500
2681.41,-7.19677682e-04,2.177201e-03,8.072016e-06,-1.4072820687e-10,8.7540e-02,1.0500
2681.92,-9.65560949e-04,2.220105e-03,8.088272e-06,-1.4072865095e-10,9.4451e-02,1.0500
2682.43,-1.14518509e-03,2.293550e-03,8.087079e-06,-1.4073031629e-10,1.0132e-01,1.0500
2682.93,-1.22437556e-03,2.394124e-03,8.074467e-06,-1.4073031629e-10,1.0816e-01,1.0500
2683.44,-1.18736035e-03,2.515354e-03,8.057169e-06,-1.4073142651e-10,1.1499e-01,1.0500
2683.95,-1.03864212e-03,2.650802e-03,8.040345e-06,-1.4073298082e-10,1.2179e-01,1.0500
2684.46,-8.02003405e-04,2.795411e-03,8.025958e-06,-1.4073275878e-10,1.2858e-01,1.0500
2684.96,-5.16372731e-04,2.945240e-03,8.012442e-06,-1.4073475718e-10,1.3534e-01,1.0500
2685.47,-2.28207689e-04,3.096504e-03,7.995819e-06,-1.4073586740e-10,1.4209e-01,1.0500
2685.98,1.90041323e-05,3.244720e-03,7.971757e-06,-1.4073642252e-10,1.4881e-01,1.0500
2686.48,1.95754701e-04,3.383694e-03,7.937724e-06,-1.4073664456e-10,1.5551e-01,1.0500
2686.99,2.94246287e-04,3.508833e-03,7.894603e-06,-1.4073664456e-10,1.6219e-01,1.0500
2687.50,3.29388854e-04,3.615898e-03,7.847156e-06,-1.4073997523e-10,1.6884e-01,1.0500
2688.00,3.32032076e-04,3.700499e-03,7.803008e-06,-1.4073953114e-10,1.7547e-01,1.0500
2688.51,3.36659870e-04,3.761200e-03,7.770307e-06,-1.4074075239e-10,1.8215e-01,1.0500
2689.02,3.68014900e-04,3.799357e-03,7.754699e-06,-1.4074164056e-10,1.8889e-01,1.0500
2689.52,4.31363494e-04,3.818893e-03,7.756853e-06,-1.4081946720e-10,1.9413e-01,1.0500
2690.03,5.09684139e-04,3.825604e-03,7.771890e-06,-1.4090173472e-10,1.9641e-01,1.0500
2690.54,5.68795443e-04,3.825983e-03,7.791208e-06,-1.4110723701e-10,9.4360e-02,1.0375
2691.04,5.68906480e-04,3.825734e-03,7.805997e-06,-1.4110768110e-10,1.0165e-01,1.0375
2691.55,4.78735786e-04,3.828341e-03,7.810822e-06,-1.4110845825e-10,1.0649e-01,1.0375
2692.06,2.87059738e-04,3.836554e-03,7.805661e-06,-1.4111034563e-10,1.1351e-01,1.0375
2692.56,7.32458102e-06,3.851043e-03,7.795466e-06,-1.4111112279e-10,1.2050e-01,1.0375
2693.07,-3.26120439e-04,3.871140e-03,7.787315e-06,-1.4111167790e-10,1.2748e-01,1.0375
2693.58,-6.67971497e-04,3.895288e-03,7.786363e-06,-1.4111256608e-10,6.3980e-02,1.0375
2694.08,-9.73603472e-04,3.921482e-03,7.792539e-06,-1.4111400937e-10,3.3417e-02,1.0375
2694.59,-1.20800476e-03,3.947217e-03,7.799825e-06,-1.4111611879e-10,3.3340e-02,1.0375
2695.10,-1.34961580e-03,3.969613e-03,7.798607e-06,-1.4112178093e-10,3.3698e-02,1.0375
2695.60,-1.38915432e-03,3.985283e-03,7.779841e-06,-1.4112833124e-10,3.3379e-02,1.0375
2696.11,-1.32536704e-03,3.989662e-03,7.738736e-06,-1.4113377134e-10,2.9316e-02,1.0375
2696.62,-1.16044410e-03,3.979759e-03,7.676204e-06,-1.4113876734e-10,2.2298e-02,1.0375
2697.12,-8.97610422e-04,3.954144e-03,7.597294e-06,-1.4114243108e-10,2.6095e-02,1.0375
2697.63,-5.42374682e-04,3.913670e-03,7.507519e-06,-1.4114953650e-10,3.2438e-02,1.0375
2698.14,-1.07316553e-04,3.862016e-03,7.409251e-06,-1.4117573777e-10,3.6870e-02,1.0375
2698.65,3.81558879e-04,3.805428e-03,7.300180e-06,-1.4123358039e-10,3.2977e-02,1.0375
2699.15,8.80474481e-04,3.751318e-03,7.174780e-06,-1.4131462667e-10,2.8538e-02,1.0375
2699.66,1.32965899e-03,3.706013e-03,7.027947e-06,-1.4140044691e-10,3.2500e-02,1.0375
2700.17,1.66385236e-03,3.673422e-03,6.858846e-06,-1.4147771843e-10,3.6019e-02,1.0375
2700.67,1.83020528e-03,3.654490e-03,6.672919e-06,-1.4154322159e-10,3.9728e-02,1.0375
2701.18,1.80735064e-03,3.647168e-03,6.480808e-06,-1.4159340367e-10,4.4202e-02,1.0375
2701.69,1.61691187e-03,3.647207e-03,6.294634e-06,-1.4161494200e-10,4.6625e-02,1.0375
2702.19,1.32126759e-03,3.649169e-03,6.123395e-06,-1.4163648032e-10,4.5025e-02,1.0375
2702.70,1.00792796e-03,3.647356e-03,5.969894e-06,-1.4165990603e-10,4.0866e-02,1.0375
2703.21,7.66854537e-04,3.636678e-03,5.830944e-06,-1.4168644036e-10,4.0676e-02,1.0375
2703.71,6.68677751e-04,3.613497e-03,5.700737e-06,-1.4171419593e-10,3.9401e-02,1.0375
2704.22,7.49272533e-04,3.576263e-03,5.575392e-06,-1.4174339480e-10,4.1128e-02,1.0375
2704.73,1.00267376e-03,3.525842e-03,5.456104e-06,-1.4176881891e-10,4.1949e-02,1.0375
2705.23,1.38240435e-03,3.465493e-03,5.349618e-06,-1.4179424301e-10,4.4733e-02,1.0375
2705.74,1.81101757e-03,3.399730e-03,5.266038e-06,-1.4181844588e-10,4.6412e-02,1.0375
2706.25,2.19729294e-03,3.333195e-03,5.214961e-06,-1.4184120545e-10,4.9456e-02,1.0375
2706.75,2.45850564e-03,3.270030e-03,5.202765e-06,-1.4186452013e-10,4.9739e-02,1.0375
2707.26,2.54191880e-03,3.213665e-03,5.231740e-06,-1.4188106245e-10,4.9461e-02,1.0375
2707.77,2.43793466e-03,3.166623e-03,5.300535e-06,-1.4189471820e-10,4.6920e-02,1.0375
2708.27,2.17999448e-03,3.130136e-03,5.405005e-06,-1.4191026132e-10,4.9093e-02,1.0375
2708.78,1.83242925e-03,3.103719e-03,5.539581e-06,-1.4192158559e-10,4.6850e-02,1.0375
2709.29,1.47252031e-03,3.084890e-03,5.699079e-06,-1.4192913511e-10,4.4598e-02,1.0375
2709.79,1.17384172e-03,3.069278e-03,5.880248e-06,-1.4193468623e-10,4.2570e-02,1.0375
2710.30,9.95538425e-04,3.051449e-03,6.082340e-06,-1.4193712872e-10,3.8260e-02,1.0375
2710.81,9.78935434e-04,3.026438e-03,6.306486e-06,-1.4194123654e-10,3.5261e-02,1.0375
2711.31,1.14961558e-03,2.991302e-03,6.554179e-06,-1.4195300491e-10,3.6915e-02,1.0375
2711.82,1.52035327e-03,2.945868e-03,6.825537e-06,-1.4196921416e-10,3.9198e-02,1.0375
2712.33,2.08974267e-03,2.892385e-03,7.118201e-06,-1.4197809595e-10,4.2797e-02,1.0500
2712.84,2.83419805e-03,2.834304e-03,7.427527e-06,-1.4197909515e-10,4.8772e-02,1.0500
2713.34,3.69600481e-03,2.774902e-03,7.748021e-06,-1.4198120457e-10,5.9369e-02,1.0500
2713.85,4.57475540e-03,2.716431e-03,8.075172e-06,-1.4198031639e-10,6.2143e-02,1.0500
2714.36,5.33177043e-03,2.660141e-03,8.406454e-06,-1.4198164866e-10,6.1858e-02,1.0500
2714.86,5.81472226e-03,2.606810e-03,8.740766e-06,-1.4198298093e-10,6.7401e-02,1.0500
2715.37,5.90021779e-03,2.557374e-03,9.076701e-06,-1.4198298093e-10,6.6034e-02,1.0500
2715.88,5.53803388e-03,2.513607e-03,9.410924e-06,-1.4198409115e-10,6.6400e-02,1.0500
2716.38,4.77326007e-03,2.476950e-03,9.737847e-06,-1.4198531240e-10,7.0167e-02,1.0500
2716.89,3.73248458e-03,2.447384e-03,1.005082e-05,-1.4198620057e-10,7.6005e-02,1.0500
2717.40,2.58200743e-03,2.422600e-03,1.034407e-05,-1.4198775489e-10,7.3750e-02,1.0500
2717.90,1.48113658e-03,2.398415e-03,1.061423e-05,-1.4198808795e-10,8.1196e-02,1.0500
2718.41,5.50875950e-04,2.370041e-03,1.086073e-05,-1.4198864307e-10,8.8497e-02,1.0500
2718.92,-1.35506007e-04,2.334315e-03,1.108487e-05,-1.4198953124e-10,4.0052e-02,1.0500
2719.42,-5.45487702e-04,2.291048e-03,1.128851e-05,-1.4199086351e-10,3.9731e-02,1.0500
2719.93,-6.73586493e-04,2.243185e-03,1.147277e-05,-1.4199208476e-10,3.4676e-02,1.0500
2720.44,-5.29259461e-04,2.195403e-03,1.163749e-05,-1.4199297294e-10,2.7607e-02,1.0500
2720.94,-1.31754101e-04,2.152251e-03,1.178118e-05,-1.4199341702e-10,2.6766e-02,1.0500
2721.45,4.85548722e-04,2.116925e-03,1.190123e-05,-1.4199474929e-10,3.3024e-02,1.0500
2721.96,1.26210697e-03,2.091197e-03,1.199424e-05,-1.4199585952e-10,4.0032e-02,1.0500
2722.46,2.09467382e-03,2.076049e-03,1.205659e-05,-1.4199608156e-10,4.7025e-02,1.0500
2722.97,2.83188960e-03,2.072171e-03,1.208511e-05,-1.4199719178e-10,5.4002e-02,1.0500
2723.48,3.29361053e-03,2.079787e-03,1.207784e-05,-1.4199874609e-10,6.0964e-02,1.0500
2723.98,3.31942324e-03,2.098072e-03,1.203424e-05,-1.4199963427e-10,6.7910e-02,1.0500
2724.49,2.82913959e-03,2.124880e-03,1.195471e-05,-1.4200018938e-10,7.4838e-02,1.0500
2725.00,1.86128119e-03,2.157226e-03,1.183958e-05,-1.4200096654e-10,8.1750e-02,1.0500
2725.50,5.63770545e-04,2.192363e-03,1.168823e-05,-1.4200152165e-10,8.8644e-02,1.0500
2726.01,-8.58073347e-04,2.228742e-03,1.149902e-05,-1.4200185472e-10,9.5520e-02,1.0500
2726.52,-2.20525662e-03,2.266266e-03,1.127035e-05,-1.4200329801e-10,1.0238e-01,1.0500
2727.03,-3.33004505e-03,2.305748e-03,1.100234e-05,-1.4200374210e-10,1.0921e-01,1.0500
2727.53,-4.15132459e-03,2.348340e-03,1.069825e-05,-1.4200485232e-10,1.1603e-01,1.0500
2728.04,-4.64777845e-03,2.394412e-03,1.036458e-05,-1.4200651766e-10,1.2283e-01,1.0500
2728.55,-4.84197046e-03,2.443567e-03,1.000892e-05,-1.4200662868e-10,1.2969e-01,1.0500
2729.05,-4.78463266e-03,2.494908e-03,9.636093e-06,-1.4200662868e-10,1.3658e-01,1.0500
2729.56,-4.54254638e-03,2.548007e-03,9.244692e-06,-1.4200884912e-10,1.4349e-01,1.0500
2730.07,-4.18966255e-03,2.602700e-03,8.826636e-06,-1.4201184673e-10,1.5059e-01,1.0500
2730.57,-3.79994226e-03,2.657610e-03,8.371180e-06,-1.4222445444e-10,1.5588e-01,1.0437
2731.08,-3.44071954e-03,2.709467e-03,7.871866e-06,-1.4231582579e-10,1.5976e-01,1.0500
2731.59,-3.16629761e-03,2.753554e-03,7.332669e-06,-1.4256540393e-10,2.8997e-02,1.0375
2732.09,-3.01245769e-03,2.785251e-03,6.769547e-06,-1.4258194625e-10,2.8809e-02,1.0375
2732.60,-2.99308872e-03,2.802115e-03,6.205679e-06,-1.4259959880e-10,2.8759e-02,1.0375
2733.11,-3.09981140e-03,2.805299e-03,5.661900e-06,-1.4262391268e-10,2.8862e-02,1.0375
2733.61,-3.30495301e-03,2.799607e-03,5.147232e-06,-1.4264867065e-10,2.9318e-02,1.0375
2734.12,-3.56639620e-03,2.791830e-03,4.656203e-06,-1.4266976489e-10,2.6960e-02,1.0375
2734.63,-3.83367131e-03,2.788290e-03,4.177211e-06,-1.4269407878e-10,2.0257e-02,1.0375
2735.13,-4.05414721e-03,2.792781e-03,3.709898e-06,-1.4271950288e-10,1.8777e-02,1.0375
2735.64,-4.17874205e-03,2.805604e-03,3.283879e-06,-1.4274670335e-10,2.2032e-02,1.0375
2736.15,-4.16821727e-03,2.824432e-03,2.966716e-06,-1.4277456994e-10,2.5626e-02,1.0375
2736.65,-3.99866510e-03,2.846173e-03,2.840399e-06,-1.4279999405e-10,2.8475e-02,1.0375
2737.16,-3.66672338e-03,2.868558e-03,2.938360e-06,-1.4282430794e-10,3.0794e-02,1.0375
2737.67,-3.19230568e-03,2.890595e-03,3.209208e-06,-1.4285439498e-10,3.2749e-02,1.0375
2738.17,-2.61825437e-03,2.911942e-03,3.564529e-06,-1.4288903394e-10,3.4587e-02,1.0375
2738.68,-2.00567359e-03,2.931950e-03,3.939810e-06,-1.4292378392e-10,3.6393e-02,1.0375
2739.19,-1.42545842e-03,2.949136e-03,4.312862e-06,-1.4295875594e-10,3.8220e-02,1.0375
2739.70,-9.47800766e-04,2.961424e-03,4.693461e-06,-1.4299161855e-10,3.9740e-02,1.0375
2740.20,-6.31356210e-04,2.967044e-03,5.102075e-06,-1.4301992923e-10,3.9983e-02,1.0375
2740.71,-5.13019342e-04,2.965620e-03,5.548465e-06,-1.4304057938e-10,3.9434e-02,1.0375
2741.22,-5.99734053e-04,2.958775e-03,6.020766e-06,-1.4305456819e-10,3.8709e-02,1.0375
2741.72,-8.66247785e-04,2.949802e-03,6.490036e-06,-1.4306600349e-10,3.8142e-02,1.0375
2742.23,-1.26258575e-03,2.942431e-03,6.924652e-06,-1.4307666163e-10,3.7513e-02,1.0375
2742.74,-1.72962345e-03,2.939272e-03,7.304244e-06,-1.4308476626e-10,3.6687e-02,1.0375
2743.24,-2.21439167e-03,2.940786e-03,7.626199e-06,-1.4308920715e-10,3.2981e-02,1.0375
2743.75,-2.67707238e-03,2.945240e-03,7.903286e-06,-1.4309464724e-10,3.0529e-02,1.0375
2744.26,-3.08745865e-03,2.949547e-03,8.154815e-06,-1.4310574947e-10,3.2646e-02,1.0375
2744.76,-3.41702397e-03,2.950420e-03,8.395986e-06,-1.4312961927e-10,3.4965e-02,1.0375
2745.27,-3.63378237e-03,2.945399e-03,8.630738e-06,-1.4316081653e-10,3.7440e-02,1.0375
2745.78,-3.70338042e-03,2.933495e-03,8.851488e-06,-1.4319634367e-10,4.0060e-02,1.0375
2746.28,-3.59475429e-03,2.915397e-03,9.044995e-06,-1.4323453534e-10,4.2785e-02,1.0500
2746.79,-3.28636036e-03,2.893277e-03,9.200276e-06,-1.4323464637e-10,4.5445e-02,1.0500
2747.30,-2.77011850e-03,2.870227e-03,9.314172e-06,-1.4323531250e-10,4.7618e-02,1.0500
2747.80,-2.05345097e-03,2.849449e-03,9.392344e-06,-1.4323631170e-10,4.8957e-02,1.0500
2748.31,-1.16283002e-03,2.833427e-03,9.446069e-06,-1.4323753295e-10,4.9409e-02,1.0500
2748.82,-1.51280292e-04,2.823426e-03,9.486947e-06,-1.4323842112e-10,4.9210e-02,1.0500
2749.32,8.93938249e-04,2.819539e-03,9.522271e-06,-1.4324030850e-10,4.8699e-02,1.0500
2749.83,1.85336757e-03,2.821258e-03,9.553076e-06,-1.4324030850e-10,4.8173e-02,1.0500
2750.34,2.59446156e-03,2.828143e-03,9.575294e-06,-1.4324119668e-10,5.4716e-02,1.0500
2750.84,3.00358788e-03,2.840099e-03,9.582869e-06,-1.4324275099e-10,6.1676e-02,1.0500
2751.35,3.01772924e-03,2.856962e-03,9.571164e-06,-1.4324341713e-10,6.8620e-02,1.0500
2751.86,2.64520471e-03,2.877586e-03,9.539343e-06,-1.4324474940e-10,7.5547e-02,1.0500
2752.36,1.97254113e-03,2.899121e-03,9.491153e-06,-1.4324486042e-10,8.2457e-02,1.0500
2752.87,1.15684660e-03,2.917108e-03,9.434082e-06,-1.4324563757e-10,8.9349e-02,1.0500
2753.38,4.01548212e-04,2.926541e-03,9.377297e-06,-1.4324630371e-10,9.6223e-02,1.0500
2753.89,-8.30667630e-05,2.923404e-03,9.328943e-06,-1.4324741393e-10,1.0308e-01,1.0500
2754.39,-1.25938917e-04,2.906036e-03,9.293557e-06,-1.4324874620e-10,1.0991e-01,1.0500
2754.90,3.62179695e-04,2.875741e-03,9.270529e-06,-1.4324852415e-10,1.1673e-01,1.0500
2755.41,1.35493993e-03,2.836388e-03,9.254481e-06,-1.4324985642e-10,1.2355e-01,1.0500
2755.91,2.68949318e-03,2.793093e-03,9.237772e-06,-1.4325118869e-10,1.3044e-01,1.0500
2756.42,4.07229446e-03,2.750481e-03,9.214087e-06,-1.4325141073e-10,1.3731e-01,1.0500
2756.93,5.13576135e-03,2.711346e-03,9.181267e-06,-1.4325285402e-10,1.4429e-01,1.0500
2757.43,5.55405614e-03,2.676345e-03,9.141760e-06,-1.4337342424e-10,1.5071e-01,1.0437
2757.94,5.17482739e-03,2.644745e-03,9.100447e-06,-1.4352041777e-10,1.5564e-01,1.0500
2758.45,4.08419525e-03,2.615586e-03,9.061142e-06,-1.4361767331e-10,1.5869e-01,1.0500
2758.95,2.55749759e-03,2.588443e-03,9.023922e-06,-1.4385870273e-10,2.8477e-02,1.0375
2759.46,9.35087097e-04,2.563332e-03,8.984986e-06,-1.4390355574e-10,2.9907e-02,1.0375
2759.97,-4.92978391e-04,2.539997e-03,8.939161e-06,-1.4394263559e-10,3.1731e-02,1.0375
2760.47,-1.54148296e-03,2.517241e-03,8.883459e-06,-1.4397250059e-10,3.3952e-02,1.0375
2760.98,-2.12732709e-03,2.493007e-03,8.819388e-06,-1.4399526016e-10,3.6832e-02,1.0375
2761.49,-2.24039391e-03,2.465448e-03,8.752398e-06,-1.4400691750e-10,3.6708e-02,1.0375
2761.99,-1.91545521e-03,2.434565e-03,8.688616e-06,-1.4401402293e-10,2.9815e-02,1.0375
2762.50,-1.21805137e-03,2.403457e-03,8.630724e-06,-1.4402434800e-10,2.9116e-02,1.0375
2763.01,-2.44680652e-04,2.378406e-03,8.575516e-06,-1.4404932802e-10,3.3439e-02,1.0375
2763.51,8.70739678e-04,2.367257e-03,8.514584e-06,-1.4407586235e-10,3.8318e-02,1.0375
2764.02,1.95718961e-03,2.376785e-03,8.437592e-06,-1.4410694860e-10,4.3697e-02,1.0375
2764.53,2.82642396e-03,2.410347e-03,8.336095e-06,-1.4413381599e-10,4.9445e-02,1.0375
2765.03,3.31554377e-03,2.467098e-03,8.205957e-06,-1.4415091343e-10,5.5376e-02,1.0375
2765.54,3.33764274e-03,2.542997e-03,8.047653e-06,-1.4415979521e-10,6.1427e-02,1.0375
2766.05,2.91302212e-03,2.632590e-03,7.865084e-06,-1.4416479122e-10,6.7672e-02,1.0375
2766.55,2.16073458e-03,2.730775e-03,7.663997e-06,-1.4416667860e-10,7.4470e-02,1.0375
2767.06,1.25497508e-03,2.832950e-03,7.450713e-06,-1.4416801086e-10,8.1008e-02,1.0375
2767.57,3.71174422e-04,2.935309e-03,7.231107e-06,-1.4417156358e-10,7.9018e-02,1.0375
2768.08,-3.53670199e-04,3.034547e-03,7.009457e-06,-1.4417611549e-10,6.0079e-02,1.0375
2768.58,-8.37173322e-04,3.127942e-03,6.787258e-06,-1.4418743977e-10,4.2435e-02,1.0375
2769.09,-1.04940737e-03,3.213867e-03,6.562800e-06,-1.4420398209e-10,3.0882e-02,1.0375
2769.60,-1.00266885e-03,3.292263e-03,6.332387e-06,-1.4421353001e-10,2.3799e-02,1.0375
2770.10,-7.40878399e-04,3.364735e-03,6.092976e-06,-1.4422152361e-10,2.3547e-02,1.0375
2770.61,-3.31255475e-04,3.434166e-03,5.844530e-06,-1.4423395811e-10,2.2285e-02,1.0375
2771.12,1.43125475e-04,3.504028e-03,5.589887e-06,-1.4424261785e-10,2.0741e-02,1.0375
2771.62,5.92817080e-04,3.577674e-03,5.331429e-06,-1.4425338701e-10,1.9690e-02,1.0375
2772.13,9.35204381e-04,3.657736e-03,5.066675e-06,-1.4426237982e-10,2.0455e-02,1.0375
2772.64,1.10986540e-03,3.745770e-03,4.786711e-06,-1.4426992934e-10,2.2944e-02,1.0375
2773.14,1.09126007e-03,3.842197e-03,4.480012e-06,-1.4427592454e-10,2.5190e-02,1.0375
2773.65,8.93241423e-04,3.946369e-03,4.140453e-06,-1.4428380712e-10,2.6813e-02,1.0375
2774.16,5.62885393e-04,4.056754e-03,3.775298e-06,-1.4429102357e-10,2.7817e-02,1.0375
2774.66,1.66010723e-04,4.171214e-03,3.408372e-06,-1.4429613060e-10,2.8853e-02,1.0375
2775.17,-2.29857352e-04,4.287226e-03,3.074582e-06,-1.4430268092e-10,4.0585e-02,1.0375
2775.68,-5.69377424e-04,4.401241e-03,2.804801e-06,-1.4430834305e-10,4.4928e-02,1.0375
2776.18,-8.17093403e-04,4.510336e-03,2.608190e-06,-1.4431167372e-10,4.9447e-02,1.0375
2776.69,-9.58935758e-04,4.611541e-03,2.468196e-06,-1.4431511541e-10,5.8483e-02,1.0375
2777.20,-9.99306364e-04,4.700769e-03,2.360655e-06,-1.4431489337e-10,1.0825e-01,1.0375
2777.70,-9.55853731e-04,4.772705e-03,2.278863e-06,-1.4431955631e-10,4.7751e-02,1.0375
2778.21,-8.53501944e-04,4.821752e-03,2.242229e-06,-1.4433887419e-10,5.3383e-02,1.0375
2778.72,-7.18572498e-04,4.843841e-03,2.278806e-06,-1.4436141171e-10,5.9441e-02,1.0375
2779.22,-5.73339267e-04,4.837556e-03,2.395268e-06,-1.4437528950e-10,6.6253e-02,1.0375
2779.73,-4.31229785e-04,4.804923e-03,2.566340e-06,-1.4438028551e-10,7.1352e-02,1.0375
2780.24,-2.93123659e-04,4.751033e-03,2.754520e-06,-1.4438317208e-10,7.6378e-02,1.0375
2780.74,-1.45660810e-04,4.682664e-03,2.935795e-06,-1.4438372720e-10,8.2903e-02,1.0375
2781.25,3.71419892e-05,4.606473e-03,3.110814e-06,-1.4438550355e-10,8.9735e-02,1.0375
2781.76,2.87750992e-04,4.527572e-03,3.299203e-06,-1.4438550355e-10,9.9466e-02,1.0375
2782.27,6.34098276e-04,4.449024e-03,3.522841e-06,-1.4438705787e-10,1.0374e-01,1.0375
2782.77,1.08507425e-03,4.372097e-03,3.789028e-06,-1.4438872320e-10,1.1077e-01,1.0375
2783.28,1.61636397e-03,4.296703e-03,4.085428e-06,-1.4438872320e-10,1.1776e-01,1.0375
2783.79,2.16291697e-03,4.221531e-03,4.389022e-06,-1.4438994445e-10,1.2419e-01,1.0375
2784.29,2.62509016e-03,4.144066e-03,4.680012e-06,-1.4442380625e-10,4.5855e-02,1.0375
2784.80,2.89203339e-03,4.060550e-03,4.950887e-06,-1.4466439158e-10,5.6230e-02,1.0500
2785.31,2.87726259e-03,3.966386e-03,5.206749e-06,-1.4486667421e-10,5.1695e-02,1.0500
2785.81,2.55174923e-03,3.857377e-03,5.458499e-06,-1.4526180259e-10,3.4527e-02,1.0625
2786.32,1.95768308e-03,3.731189e-03,5.713766e-06,-1.4526280179e-10,2.4731e-02,1.0625
2786.83,1.19576458e-03,3.588654e-03,5.971309e-06,-1.4526335690e-10,3.3114e-02,1.0625
2787.33,3.93880596e-04,3.434222e-03,6.222347e-06,-1.4526380099e-10,3.3412e-02,1.0625
2787.84,-3.26641164e-04,3.274630e-03,6.456046e-06,-1.4526613246e-10,3.3101e-02,1.0625
2788.35,-8.74187962e-04,3.117383e-03,6.665627e-06,-1.4526602143e-10,3.2305e-02,1.0625
2788.85,-1.19569762e-03,2.969224e-03,6.851155e-06,-1.4526702063e-10,3.9204e-02,1.0625
2789.36,-1.27490353e-03,2.835521e-03,7.017753e-06,-1.4526835290e-10,4.6302e-02,1.0625
2789.87,-1.12600321e-03,2.720037e-03,7.171043e-06,-1.4526901904e-10,5.3357e-02,1.0625
2790.37,-7.87136568e-04,2.625366e-03,7.313206e-06,-1.4527012926e-10,6.0376e-02,1.0625
2790.88,-3.15114522e-04,2.553266e-03,7.442211e-06,-1.4527090642e-10,6.7392e-02,1.0625
2791.39,2.19606933e-04,2.504419e-03,7.554109e-06,-1.4527223868e-10,7.4415e-02,1.0625
2791.89,7.39799313e-04,2.477838e-03,7.646260e-06,-1.4527090642e-10,8.4462e-02,1.0625
2792.40,1.17167087e-03,2.470515e-03,7.719222e-06,-1.4527312686e-10,9.1710e-02,1.0625
2792.91,1.45779555e-03,2.477682e-03,7.776382e-06,-1.4533063641e-10,9.4091e-02,1.0625
2793.41,1.56956599e-03,2.493440e-03,7.822249e-06,-1.4558920736e-10,9.9886e-02,1.0563
2793.92,1.51464467e-03,2.511636e-03,7.860531e-06,-1.4565992856e-10,1.0532e-01,1.0625
2794.43,1.33605557e-03,2.527092e-03,7.893269e-06,-1.4574563778e-10,1.1108e-01,1.0625
2794.93,1.10271540e-03,2.536974e-03,7.920980e-06,-1.4593160014e-10,1.1790e-01,1.0500
2795.44,8.94246037e-04,2.541931e-03,7.943197e-06,-1.4593248832e-10,1.2470e-01,1.0500
2795.95,7.83975170e-04,2.546350e-03,7.958990e-06,-1.4593282138e-10,1.3147e-01,1.0500
2796.46,8.23109705e-04,2.557116e-03,7.967712e-06,-1.4593537490e-10,1.3823e-01,1.0500
2796.96,1.02776380e-03,2.581047e-03,7.970127e-06,-1.4593493081e-10,1.4496e-01,1.0500
2797.47,1.37047531e-03,2.622095e-03,7.969279e-06,-1.4593626307e-10,1.5167e-01,1.0500
2797.98,1.77926074e-03,2.680005e-03,7.970414e-06,-1.4593914965e-10,1.5837e-01,1.0500
2798.48,2.14838040e-03,2.751229e-03,7.979483e-06,-1.4593903863e-10,1.6503e-01,1.0500
2798.99,2.36290425e-03,2.831278e-03,8.000601e-06,-1.4593881659e-10,1.7168e-01,1.0500
2799.50,2.33250062e-03,2.916717e-03,8.033849e-06,-1.4594037090e-10,1.7839e-01,1.0500
2800.00,2.02193260e-03,3.005477e-03,8.074986e-06,-1.4594081499e-10,1.8516e-01,1.0500
2800.51,1.46377760e-03,3.095623e-03,8.117680e-06,-1.4602508092e-10,1.9031e-01,1.0500
2801.02,7.46993262e-04,3.183630e-03,8.157176e-06,-1.4611090116e-10,1.9261e-01,1.0500
2801.52,-1.20121482e-05,3.263700e-03,8.193251e-06,-1.4632728362e-10,4.7370e-02,1.0375
2802.03,-7.01364102e-04,3.328496e-03,8.230464e-06,-1.4635104240e-10,5.3331e-02,1.0375
2802.54,-1.23651730e-03,3.371114e-03,8.275233e-06,-1.4636836188e-10,5.9331e-02,1.0375
2803.04,-1.56964186e-03,3.388085e-03,8.331310e-06,-1.4637668855e-10,6.5313e-02,1.0375
2803.55,-1.68832851e-03,3.380316e-03,8.396434e-06,-1.4638112944e-10,7.1476e-02,1.0375
2804.06,-1.60888976e-03,3.353533e-03,8.462420e-06,-1.4638279477e-10,7.8292e-02,1.0375
2804.56,-1.36851364e-03,3.316675e-03,8.518626e-06,-1.4638334989e-10,8.5119e-02,1.0375
2805.07,-1.01820820e-03,3.278266e-03,8.556623e-06,-1.4638545931e-10,8.5415e-02,1.0375
2805.58,-6.16534077e-04,3.244963e-03,8.573313e-06,-1.4639700563e-10,4.8332e-02,1.0500
2806.08,-2.23255756e-04,3.219900e-03,8.570982e-06,-1.4639833790e-10,4.9562e-02,1.0500
2806.59,1.07708220e-04,3.203030e-03,8.554642e-06,-1.4639989221e-10,3.9602e-02,1.0500
2807.10,3.35646574e-04,3.194319e-03,8.528519e-06,-1.4640000323e-10,3.5318e-02,1.0500
2807.60,4.39231338e-04,3.194683e-03,8.493787e-06,-1.4640044732e-10,3.1713e-02,1.0500
2808.11,4.19557597e-04,3.205066e-03,8.448621e-06,-1.4640233470e-10,2.7209e-02,1.0500
2808.62,2.98722461e-04,3.224328e-03,8.389926e-06,-1.4640344492e-10,2.2523e-02,1.0500
2809.12,1.14066523e-04,3.247761e-03,8.315148e-06,-1.4640444412e-10,1.8316e-02,1.0500
2809.63,-9.03581199e-05,3.267595e-03,8.222869e-06,-1.4640799684e-10,2.4434e-02,1.0500
2810.14,-2.72870440e-04,3.275404e-03,8.112202e-06,-1.4640910706e-10,3.1001e-02,1.0500
2810.65,-4.01854894e-04,3.265133e-03,7.981985e-06,-1.4641132751e-10,3.8107e-02,1.0500
2811.15,-4.60920671e-04,3.235237e-03,7.830829e-06,-1.4641154955e-10,4.5589e-02,1.0500
2811.66,-4.51116180e-04,3.189125e-03,7.658137e-06,-1.4641399204e-10,5.2735e-02,1.0500
2812.17,-3.90184207e-04,3.133963e-03,7.465171e-06,-1.4641465818e-10,5.9418e-02,1.0500
2812.67,-3.08965240e-04,3.078482e-03,7.255061e-06,-1.4641465818e-10,6.6364e-02,1.0500
2813.18,-2.45202124e-04,3.030749e-03,7.031478e-06,-1.4641632351e-10,7.3400e-02,1.0500
2813.69,-2.35458946e-04,2.996788e-03,6.796907e-06,-1.4641665658e-10,8.0359e-02,1.0500
2814.19,-3.06639441e-04,2.980404e-03,6.552037e-06,-1.4641809987e-10,8.7323e-02,1.0500
2814.70,-4.69236995e-04,2.983481e-03,6.297071e-06,-1.4641932111e-10,9.4236e-02,1.0500
2815.21,-7.14353175e-04,3.006878e-03,6.034310e-06,-1.4641965418e-10,1.0110e-01,1.0500
2815.71,-1.01544934e-03,3.049557e-03,5.770090e-06,-1.4642065338e-10,1.0795e-01,1.0500
2816.22,-1.33420999e-03,3.107385e-03,5.514240e-06,-1.4642109747e-10,1.1478e-01,1.0500
2816.73,-1.62864789e-03,3.172661e-03,5.276822e-06,-1.4642276280e-10,1.2158e-01,1.0500
2817.23,-1.86125719e-03,3.234816e-03,5.064245e-06,-1.4642331791e-10,1.2837e-01,1.0500
2817.74,-2.00557671e-03,3.282406e-03,4.878046e-06,-1.4642320689e-10,1.3514e-01,1.0500
2818.25,-2.05044917e-03,3.305789e-03,4.718174e-06,-1.4642576041e-10,1.4188e-01,1.0500
2818.75,-2.00197864e-03,3.299194e-03,4.588851e-06,-1.4642553836e-10,1.4860e-01,1.0500
2819.26,-1.88337909e-03,3.262402e-03,4.502163e-06,-1.4642664858e-10,1.5531e-01,1.0500
2819.77,-1.73262586e-03,3.200428e-03,4.475091e-06,-1.4642753676e-10,1.6199e-01,1.0500
2820.27,-1.59747628e-03,3.122243e-03,4.520461e-06,-1.4642875801e-10,1.6864e-01,1.0500
2820.78,-1.52759518e-03,3.038509e-03,4.638303e-06,-1.4643042334e-10,1.7528e-01,1.0500
2821.29,-1.56455474e-03,2.959354e-03,4.815225e-06,-1.4643042334e-10,1.8189e-01,1.0500
2821.79,-1.73203244e-03,2.892612e-03,5.032604e-06,-1.4643186663e-10,1.8850e-01,1.0500
2822.30,-2.02950206e-03,2.842822e-03,5.276814e-06,-1.4643197765e-10,1.9521e-01,1.0500
2822.81,-2.43199175e-03,2.810932e-03,5.544321e-06,-1.4647605351e-10,2.0137e-01,1.0437
2823.32,-2.89609036e-03,2.795059e-03,5.839349e-06,-1.4652856706e-10,3.1861e-02,1.0500
2823.82,-3.36975707e-03,2.791233e-03,6.166730e-06,-1.4662249193e-10,3.2723e-02,1.0500
2824.33,-3.80235281e-03,2.794147e-03,6.525148e-06,-1.4670242798e-10,3.2487e-02,1.0500
2824.84,-4.15218320e-03,2.798133e-03,6.905273e-06,-1.4715928476e-10,3.1103e-02,1.0625
2825.34,-4.39073707e-03,2.798026e-03,7.293496e-06,-1.4715928476e-10,2.7751e-02,1.0625
2825.85,-4.50425928e-03,2.789564e-03,7.678092e-06,-1.4716039498e-10,2.3443e-02,1.0625
2826.36,-4.49353790e-03,2.769279e-03,8.053597e-06,-1.4716305952e-10,2.8310e-02,1.0625
2826.86,-4.37210848e-03,2.734240e-03,8.421007e-06,-1.4716206032e-10,3.5136e-02,1.0625
2827.37,-4.16244773e-03,2.682183e-03,8.784285e-06,-1.4720491492e-10,4.1943e-02,1.0563
2827.88,-3.88998053e-03,2.612311e-03,9.145722e-06,-1.4733292364e-10,4.8502e-02,1.0625
2828.38,-3.57594547e-03,2.526494e-03,9.503027e-06,-1.4762435718e-10,5.4730e-02,1.0563
2828.89,-3.23137676e-03,2.430163e-03,9.849620e-06,-1.4770973333e-10,6.0943e-02,1.0625
2829.40,-2.85534946e-03,2.332077e-03,1.017751e-05,-1.4777978841e-10,6.6752e-02,1.0625
2829.90,-2.43955828e-03,2.242531e-03,1.048080e-05,-1.4783585467e-10,7.1917e-02,1.0625
2830.41,-1.97926449e-03,2.170408e-03,1.075772e-05,-1.4804080184e-10,6.8085e-02,1.0500
2830.92,-1.48637038e-03,2.120376e-03,1.101023e-05,-1.4804146797e-10,7.5027e-02,1.0500
2831.42,-9.97299436e-04,2.091755e-03,1.124158e-05,-1.4804213411e-10,8.2007e-02,1.0500
2831.93,-5.69247131e-04,2.079936e-03,1.145350e-05,-1.4804402149e-10,8.8955e-02,1.0500
2832.44,-2.64465412e-04,2.079417e-03,1.164459e-05,-1.4804424353e-10,9.5842e-02,1.0500
2832.94,-1.29561954e-04,2.086475e-03,1.181077e-05,-1.4804468762e-10,1.0270e-01,1.0500
2833.45,-1.79219045e-04,2.099919e-03,1.194740e-05,-1.4804713011e-10,1.0955e-01,1.0500
2833.96,-3.89859495e-04,2.119910e-03,1.205151e-05,-1.4804757420e-10,1.1637e-01,1.0500
2834.46,-7.02945960e-04,2.145981e-03,1.212284e-05,-1.4804801829e-10,1.2317e-01,1.0500
2834.97,-1.03484521e-03,2.175835e-03,1.216324e-05,-1.4804835136e-10,1.2996e-01,1.0500
2835.48,-1.29081067e-03,2.205700e-03,1.217450e-05,-1.4804957260e-10,1.3672e-01,1.0500
2835.98,-1.38163406e-03,2.231882e-03,1.215622e-05,-1.4805112691e-10,1.4346e-01,1.0500
2836.49,-1.24107491e-03,2.252373e-03,1.210506e-05,-1.4805212611e-10,1.5018e-01,1.0500
2837.00,-8.40905455e-04,2.267455e-03,1.201593e-05,-1.4805279225e-10,1.5687e-01,1.0500
2837.51,-1.99798692e-04,2.279058e-03,1.188442e-05,-1.4805323634e-10,1.6355e-01,1.0500
2838.01,6.16895681e-04,2.289460e-03,1.170896e-05,-1.4805434656e-10,1.7020e-01,1.0500
2838.52,1.50736824e-03,2.300206e-03,1.149144e-05,-1.4805479065e-10,1.7683e-01,1.0500
2839.03,2.35189478e-03,2.311669e-03,1.123612e-05,-1.4805645598e-10,1.8343e-01,1.0500
2839.53,3.03599419e-03,2.324089e-03,1.094747e-05,-1.4805601189e-10,7.6483e-02,1.0500
2840.04,3.47345872e-03,2.337953e-03,1.062845e-05,-1.4805823234e-10,4.4670e-02,1.0500
2840.55,3.62436001e-03,2.354674e-03,1.027988e-05,-1.4805956461e-10,4.4962e-02,1.0500
2841.05,3.50352911e-03,2.376653e-03,9.901378e-06,-1.4805912052e-10,4.5419e-02,1.0500
2841.56,3.17637657e-03,2.406503e-03,9.493181e-06,-1.4806100790e-10,4.6327e-02,1.0500
2842.07,2.74214804e-03,2.445920e-03,9.057802e-06,-1.4806156301e-10,4.5907e-02,1.0500
2842.57,2.30938550e-03,2.494967e-03,8.600545e-06,-1.4806156301e-10,4.3780e-02,1.0500
2843.08,1.97191463e-03,2.552023e-03,8.128533e-06,-1.4806311732e-10,4.0543e-02,1.0500
2843.59,1.79331607e-03,2.614401e-03,7.648703e-06,-1.4806456061e-10,3.9643e-02,1.0500
2844.09,1.80330103e-03,2.679209e-03,7.165899e-06,-1.4806578186e-10,4.6820e-02,1.0500
2844.60,2.00334690e-03,2.743955e-03,6.682401e-06,-1.4806633697e-10,5.4115e-02,1.0500
2845.11,2.37490143e-03,2.806710e-03,6.199615e-06,-1.4806778026e-10,6.1343e-02,1.0500
2845.61,2.88368744e-03,2.865945e-03,5.721460e-06,-1.4806733617e-10,6.8142e-02,1.0500
2846.12,3.47799520e-03,2.920347e-03,5.257806e-06,-1.4807000071e-10,7.4960e-02,1.0500
2846.63,4.08486884e-03,2.968856e-03,4.825783e-06,-1.4807033377e-10,8.1939e-02,1.0500
2847.13,4.61200719e-03,3.010962e-03,4.447358e-06,-1.4807099991e-10,8.8836e-02,1.0500
2847.64,4.96172844e-03,3.047060e-03,4.143209e-06,-1.4807222115e-10,9.5714e-02,1.0500
2848.15,5.05604639e-03,3.078589e-03,3.925562e-06,-1.4807222115e-10,1.0257e-01,1.0500
2848.65,4.86294236e-03,3.107787e-03,3.794771e-06,-1.4807299831e-10,1.0941e-01,1.0500
2849.16,4.41045461e-03,3.137110e-03,3.742948e-06,-1.4807499671e-10,1.1623e-01,1.0500
2849.67,3.78117521e-03,3.168520e-03,3.762244e-06,-1.4807544080e-10,1.2303e-01,1.0500
2850.17,3.09077929e-03,3.202913e-03,3.851200e-06,-1.4807632898e-10,1.2981e-01,1.0500
2850.68,2.46133871e-03,3.239880e-03,4.014345e-06,-1.4807710613e-10,1.3657e-01,1.0500
2851.19,1.99889484e-03,3.277798e-03,4.255598e-06,-1.4807777227e-10,1.4331e-01,1.0500
2851.70,1.77842313e-03,3.314160e-03,4.570392e-06,-1.4807866044e-10,1.5003e-01,1.0500
2852.20,1.83407627e-03,3.345862e-03,4.941944e-06,-1.4807899351e-10,1.5672e-01,1.0500
2852.71,2.15175836e-03,3.370071e-03,5.343849e-06,-1.4808043680e-10,1.6345e-01,1.0500
2853.22,2.66416804e-03,3.384109e-03,5.747178e-06,-1.4808210214e-10,1.7021e-01,1.0500
2853.72,3.25291257e-03,3.385959e-03,6.128536e-06,-1.4808243520e-10,1.7704e-01,1.0500
2854.23,3.76462819e-03,3.374933e-03,6.475866e-06,-1.4819401262e-10,1.8202e-01,1.0500
2854.74,4.04450096e-03,3.352283e-03,6.789851e-06,-1.4827350459e-10,1.8447e-01,1.0500
2855.24,3.98022801e-03,3.321444e-03,7.080223e-06,-1.4849355079e-10,3.1031e-02,1.0375
2855.75,3.53839217e-03,3.287749e-03,7.358391e-06,-1.4852308272e-10,2.8948e-02,1.0375
2856.26,2.77442453e-03,3.257654e-03,7.629882e-06,-1.4854606434e-10,2.6059e-02,1.0375
2856.76,1.81098335e-03,3.237615e-03,7.890624e-06,-1.4856604835e-10,2.2603e-02,1.0375
2857.27,7.97453235e-04,3.232890e-03,8.128938e-06,-1.4858336783e-10,1.9166e-02,1.0375
2857.78,-1.29292257e-04,3.246558e-03,8.331660e-06,-1.4860412900e-10,2.2966e-02,1.0375
2858.28,-8.69131991e-04,3.278957e-03,8.490715e-06,-1.4863643649e-10,2.7196e-02,1.0375
2858.79,-1.36587037e-03,3.327536e-03,8.606902e-06,-1.4867329590e-10,3.1822e-02,1.0375
2859.30,-1.60303653e-03,3.387289e-03,8.689409e-06,-1.4871304188e-10,3.6795e-02,1.0375
2859.80,-1.59547304e-03,3.451754e-03,8.751538e-06,-1.4876233578e-10,4.2130e-02,1.0375
2860.31,-1.38155466e-03,3.514309e-03,8.804726e-06,-1.4880918719e-10,4.7753e-02,1.0375
2860.82,-1.01774415e-03,3.569491e-03,8.853819e-06,-1.4884093957e-10,5.3480e-02,1.0375
2861.32,-5.74722140e-04,3.613842e-03,8.896119e-06,-1.4885803701e-10,5.9251e-02,1.0375
2861.83,-1.32893307e-04,3.646275e-03,8.924561e-06,-1.4886536448e-10,6.5176e-02,1.0375
2862.34,2.25107061e-04,3.667463e-03,8.933029e-06,-1.4886902822e-10,7.1796e-02,1.0375
2862.84,4.25880169e-04,3.679000e-03,8.920776e-06,-1.4887124866e-10,7.8505e-02,1.0375
2863.35,4.18896783e-04,3.682499e-03,8.893670e-06,-1.4887124866e-10,8.5909e-02,1.0375
2863.86,1.87767166e-04,3.679004e-03,8.861785e-06,-1.4887213684e-10,8.5836e-02,1.0375
2864.36,-2.45851409e-04,3.669440e-03,8.834791e-06,-1.4887768796e-10,5.6276e-02,1.0375
2864.87,-8.27887358e-04,3.654614e-03,8.817745e-06,-1.4889012245e-10,3.4581e-02,1.0375
2865.38,-1.48464133e-03,3.635265e-03,8.809638e-06,-1.4890122468e-10,3.5846e-02,1.0375
2865.89,-2.13712820e-03,3.612014e-03,8.805413e-06,-1.4892265199e-10,3.6902e-02,1.0375
2866.39,-2.71148595e-03,3.584975e-03,8.800042e-06,-1.4896250899e-10,3.8031e-02,1.0375
2866.90,-3.14285677e-03,3.553373e-03,8.792136e-06,-1.4901246903e-10,3.9144e-02,1.0375
2867.41,-3.37385549e-03,3.515538e-03,8.785051e-06,-1.4906598178e-10,4.0047e-02,1.0375
2867.91,-3.35165357e-03,3.469418e-03,8.785052e-06,-1.4912049373e-10,4.0136e-02,1.0375
2868.42,-3.02911661e-03,3.413400e-03,8.797781e-06,-1.4917078683e-10,3.6113e-02,1.0375
2868.93,-2.37514889e-03,3.347152e-03,8.825187e-06,-1.4921330838e-10,2.8092e-02,1.0375
2869.43,-1.39704374e-03,3.272019e-03,8.864574e-06,-1.4924539382e-10,1.8809e-02,1.0375
2869.94,-1.71460531e-04,3.190927e-03,8.910006e-06,-1.4927281633e-10,1.9297e-02,1.0375
2870.45,1.13098080e-03,3.107907e-03,8.954941e-06,-1.4929169012e-10,1.9286e-02,1.0375
2870.95,2.25382687e-03,3.027388e-03,8.994508e-06,-1.4930612302e-10,2.0169e-02,1.0375
2871.46,2.91660354e-03,2.953390e-03,9.026420e-06,-1.4931467174e-10,2.4093e-02,1.0375
2871.97,2.91804088e-03,2.888692e-03,9.050421e-06,-1.4933754233e-10,2.8013e-02,1.0375
2872.47,2.22672895e-03,2.834167e-03,9.066889e-06,-1.4935408466e-10,3.1985e-02,1.0500
2872.98,9.99187466e-04,2.788559e-03,9.075423e-06,-1.4935552795e-10,3.6133e-02,1.0500
2873.49,-4.87547163e-04,2.748928e-03,9.074064e-06,-1.4935563897e-10,4.0609e-02,1.0500
2873.99,-1.94287301e-03,2.711685e-03,9.059320e-06,-1.4935730430e-10,4.5474e-02,1.0500
2874.50,-3.14681495e-03,2.673864e-03,9.026909e-06,-1.4935697124e-10,5.0674e-02,1.0500
2875.01,-3.98008732e-03,2.634044e-03,8.972949e-06,-1.4935874759e-10,5.5643e-02,1.0500
2875.51,-4.40925671e-03,2.592592e-03,8.895252e-06,-1.4936007986e-10,6.0812e-02,1.0500
2876.02,-4.45492145e-03,2.551224e-03,8.794262e-06,-1.4936052395e-10,6.5707e-02,1.0500
2876.53,-4.16496327e-03,2.512291e-03,8.673109e-06,-1.4936163417e-10,7.1292e-02,1.0500
2877.03,-3.59996741e-03,2.478238e-03,8.536474e-06,-1.4936307746e-10,7.7180e-02,1.0500
2877.54,-2.82806249e-03,2.451487e-03,8.388470e-06,-1.4936374360e-10,8.3345e-02,1.0500
2878.05,-1.92466247e-03,2.434599e-03,8.230441e-06,-1.4936463177e-10,8.8130e-02,1.0500
2878.55,-9.73819445e-04,2.430267e-03,8.060037e-06,-1.4936529791e-10,8.6874e-02,1.0500
2879.06,-6.78658811e-05,2.440775e-03,7.872550e-06,-1.4936629711e-10,9.2738e-02,1.0500
2879.57,6.98516557e-04,2.467100e-03,7.664216e-06,-1.4936596404e-10,9.9601e-02,1.0500
2880.08,1.24178799e-03,2.508299e-03,7.435631e-06,-1.4936818449e-10,1.0647e-01,1.0500
2880.58,1.50769001e-03,2.561794e-03,7.192910e-06,-1.4936818449e-10,1.1340e-01,1.0500
2881.09,1.48633324e-03,2.624537e-03,6.945163e-06,-1.4936984982e-10,1.2031e-01,1.0500
2881.60,1.21614967e-03,2.694336e-03,6.699195e-06,-1.4937073800e-10,1.2724e-01,1.0500
2882.10,7.73871714e-04,2.770532e-03,6.454517e-06,-1.4937118209e-10,1.3449e-01,1.0500
2882.61,2.54954509e-04,2.853659e-03,6.202167e-06,-1.4939072202e-10,1.4098e-01,1.0500
2883.12,-2.47149116e-04,2.944343e-03,5.928646e-06,-1.4948797755e-10,1.4708e-01,1.0437
2883.62,-6.55817727e-04,3.042123e-03,5.622920e-06,-1.4956691441e-10,1.5116e-01,1.0500
2884.13,-9.17679054e-04,3.144858e-03,5.282790e-06,-1.4980694463e-10,3.7020e-02,1.0375
2884.64,-1.00226927e-03,3.249004e-03,4.917493e-06,-1.4982148855e-10,3.7412e-02,1.0375
2885.14,-8.98510645e-04,3.350568e-03,4.545223e-06,-1.4984380403e-10,3.6418e-02,1.0375
2885.65,-6.11421145e-04,3.446267e-03,4.186021e-06,-1.4987200370e-10,3.4569e-02,1.0375
2886.16,-1.61174088e-04,3.534364e-03,3.852624e-06,-1.4990952923e-10,3.1948e-02,1.0375
2886.66,4.15116902e-04,3.614887e-03,3.543970e-06,-1.4996281994e-10,2.9318e-02,1.0375
2887.17,1.06045442e-03,3.689189e-03,3.246121e-06,-1.5002588061e-10,2.6965e-02,1.0375
2887.68,1.69725852e-03,3.759087e-03,2.941442e-06,-1.5009748999e-10,2.5373e-02,1.0375
2888.18,2.23312737e-03,3.825921e-03,2.622054e-06,-1.5017431743e-10,2.4608e-02,1.0375
2888.69,2.57563718e-03,3.889899e-03,2.302230e-06,-1.5025070077e-10,2.4538e-02,1.0375
2889.20,2.65408662e-03,3.949924e-03,2.024858e-06,-1.5032231016e-10,2.4963e-02,1.0375
2889.70,2.44042592e-03,4.003879e-03,1.851717e-06,-1.5038104095e-10,2.5673e-02,1.0375
2890.21,1.95940627e-03,4.049174e-03,1.823227e-06,-1.5042700419e-10,2.6464e-02,1.0375
2890.72,1.28226694e-03,4.083288e-03,1.915190e-06,-1.5046242030e-10,2.7271e-02,1.0375
2891.22,5.06704377e-04,4.104148e-03,2.058456e-06,-1.5048784441e-10,2.7629e-02,1.0375
2891.73,-2.67772431e-04,4.110322e-03,2.194659e-06,-1.5050716229e-10,2.7128e-02,1.0375
2892.24,-9.59773428e-04,4.101073e-03,2.303690e-06,-1.5051948576e-10,2.2522e-02,1.0375
2892.74,-1.51646902e-03,4.076313e-03,2.402615e-06,-1.5063150727e-10,1.9750e-02,1.0500
2893.25,-1.91486340e-03,4.036551e-03,2.530338e-06,-1.5063328362e-10,2.3040e-02,1.0500
2893.76,-2.15697865e-03,3.982812e-03,2.722977e-06,-1.5063428283e-10,2.6828e-02,1.0500
2894.27,-2.26226548e-03,3.916615e-03,2.991396e-06,-1.5063428283e-10,3.1090e-02,1.0500
2894.77,-2.25956347e-03,3.840018e-03,3.317539e-06,-1.5063605918e-10,3.5792e-02,1.0500
2895.28,-2.17992117e-03,3.755534e-03,3.669225e-06,-1.5063705838e-10,4.0887e-02,1.0500
2895.79,-2.05103872e-03,3.665855e-03,4.017238e-06,-1.5063772452e-10,4.6309e-02,1.0500
2896.29,-1.89388556e-03,3.573402e-03,4.344129e-06,-1.5063827963e-10,5.2017e-02,1.0500
2896.80,-1.72182813e-03,3.479862e-03,4.644620e-06,-1.5063983394e-10,5.8241e-02,1.0500
2897.31,-1.54216001e-03,3.385888e-03,4.921369e-06,-1.5064016701e-10,6.4734e-02,1.0500
2897.81,-1.35932057e-03,3.291024e-03,5.179762e-06,-1.5064149927e-10,7.1278e-02,1.0500
2898.32,-1.17857560e-03,3.193922e-03,5.424056e-06,-1.5064194336e-10,7.8995e-02,1.0500
2898.83,-1.00877518e-03,3.092820e-03,5.655746e-06,-1.5064316461e-10,8.8344e-02,1.0500
2899.33,-8.63103576e-04,2.986213e-03,5.873839e-06,-1.5064360870e-10,9.4783e-02,1.0500
2899.84,-7.57420745e-04,2.873622e-03,6.076207e-06,-1.5064471892e-10,1.0176e-01,1.0500
2900.35,-7.06644229e-04,2.756191e-03,6.261179e-06,-1.5064549608e-10,1.0954e-01,1.0500
2900.85,-7.20312314e-04,2.636876e-03,6.428830e-06,-1.5064638426e-10,1.1354e-01,1.0500
2901.36,-7.98681897e-04,2.520057e-03,6.581628e-06,-1.5064760550e-10,1.2042e-01,1.0500
2901.87,-9.30338603e-04,2.410637e-03,6.724203e-06,-1.5064727243e-10,1.2671e-01,1.0500
2902.37,-1.09159963e-03,2.313117e-03,6.861968e-06,-1.5064904879e-10,1.2232e-01,1.0500
2902.88,-1.24750635e-03,2.231681e-03,6.998823e-06,-1.5064971493e-10,1.2911e-01,1.0500
2903.39,-1.35433850e-03,2.170206e-03,7.134968e-06,-1.5064971493e-10,1.2963e-01,1.0500
2903.89,-1.36424396e-03,2.133209e-03,7.266282e-06,-1.5065171333e-10,1.3173e-01,1.0500
2904.40,-1.23316636e-03,2.125838e-03,7.385977e-06,-1.5065360071e-10,1.3025e-01,1.0500
2904.91,-9.32970073e-04,2.152436e-03,7.487770e-06,-1.5065371173e-10,1.3691e-01,1.0500
2905.41,-4.66881439e-04,2.214215e-03,7.568924e-06,-1.5065459991e-10,1.4364e-01,1.0500
2905.92,1.16014267e-04,2.307574e-03,7.631709e-06,-1.5065659831e-10,1.5041e-01,1.0500
2906.43,7.15370976e-04,2.424299e-03,7.682783e-06,-1.5065615422e-10,1.5721e-01,1.0500
2906.94,1.19271835e-03,2.553523e-03,7.730814e-06,-1.5065715342e-10,1.6409e-01,1.0500
2907.44,1.40693640e-03,2.684254e-03,7.783267e-06,-1.5075085624e-10,1.7025e-01,1.0437
2907.95,1.26244632e-03,2.807484e-03,7.843573e-06,-1.5083256866e-10,1.7480e-01,1.0500
2908.46,7.47558911e-04,2.917515e-03,7.910006e-06,-1.5109935525e-10,1.9615e-02,1.0375
2908.96,-5.85784238e-05,3.012161e-03,7.976969e-06,-1.5111356610e-10,1.7927e-02,1.0375
2909.47,-1.01391633e-03,3.092029e-03,8.038303e-06,-1.5113055252e-10,2.2105e-02,1.0375
2909.98,-1.95920843e-03,3.159256e-03,8.091103e-06,-1.5115753094e-10,2.6813e-02,1.0375
2910.48,-2.75828908e-03,3.216233e-03,8.138091e-06,-1.5118595265e-10,3.2092e-02,1.0375
2910.99,-3.31942206e-03,3.264900e-03,8.187092e-06,-1.5121337515e-10,3.7767e-02,1.0375
2911.50,-3.59791514e-03,3.306797e-03,8.247557e-06,-1.5124235198e-10,4.3640e-02,1.0375
2912.00,-3.58793433e-03,3.343651e-03,8.325753e-06,-1.5126677688e-10,4.9605e-02,1.0375
2912.51,-3.31188219e-03,3.378010e-03,8.421173e-06,-1.5128309716e-10,5.5505e-02,1.0375
2913.02,-2.81236653e-03,3.413174e-03,8.526621e-06,-1.5129153486e-10,6.1469e-02,1.0375
2913.52,-2.14796287e-03,3.452422e-03,8.631608e-06,-1.5129697495e-10,6.7916e-02,1.0375
2914.03,-1.39106483e-03,3.497741e-03,8.727115e-06,-1.5129719699e-10,7.4680e-02,1.0375
2914.54,-6.24489586e-04,3.548707e-03,8.809297e-06,-1.5129930642e-10,8.1405e-02,1.0375
2915.04,6.64426098e-05,3.602127e-03,8.880371e-06,-1.5130008357e-10,9.1173e-02,1.0375
2915.55,6.07426457e-04,3.652574e-03,8.946712e-06,-1.5130097175e-10,9.5393e-02,1.0375
2916.06,9.51406649e-04,3.693843e-03,9.015346e-06,-1.5130185993e-10,1.0122e-01,1.0375
2916.56,1.09110472e-03,3.720400e-03,9.090380e-06,-1.5130252606e-10,1.0239e-01,1.0375
2917.07,1.06122195e-03,3.728658e-03,9.170726e-06,-1.5130408038e-10,1.0161e-01,1.0375
2917.58,9.27871056e-04,3.717741e-03,9.249955e-06,-1.5130507958e-10,1.0749e-01,1.0375
2918.08,7.68769631e-04,3.689646e-03,9.318307e-06,-1.5130685593e-10,1.1434e-01,1.0375
2918.59,6.51483781e-04,3.648896e-03,9.365980e-06,-1.5130652287e-10,1.2132e-01,1.0375
2919.10,6.16691691e-04,3.601598e-03,9.386261e-06,-1.5130685593e-10,1.2828e-01,1.0375
2919.60,6.70448671e-04,3.554167e-03,9.377166e-06,-1.5130874331e-10,1.3521e-01,1.0375
2920.11,7.86241862e-04,3.512031e-03,9.340944e-06,-1.5130929842e-10,1.3634e-01,1.0375
2920.62,9.15416614e-04,3.478858e-03,9.281738e-06,-1.5131085274e-10,3.4517e-02,1.0375
2921.13,1.00302774e-03,3.456753e-03,9.202596e-06,-1.5131285114e-10,1.5584e-02,1.0375
2921.63,1.00483227e-03,3.447062e-03,9.103332e-06,-1.5131562670e-10,1.7016e-02,1.0375
2922.14,9.00430036e-04,3.451123e-03,8.980317e-06,-1.5132306519e-10,1.9520e-02,1.0375
2922.65,6.98517479e-04,3.470218e-03,8.828231e-06,-1.5133605480e-10,2.0831e-02,1.0375
2923.15,4.33113411e-04,3.504771e-03,8.642852e-06,-1.5135048770e-10,2.1158e-02,1.0375
2923.66,1.53110605e-04,3.552347e-03,8.423670e-06,-1.5136769616e-10,2.0404e-02,1.0375
2924.17,-9.04097145e-05,3.606400e-03,8.174975e-06,-1.5138468257e-10,2.1249e-02,1.0375
2924.67,-2.54947566e-04,3.657347e-03,7.905341e-06,-1.5139944853e-10,2.5176e-02,1.0375
2925.18,-3.13209323e-04,3.695089e-03,7.625548e-06,-1.5141077281e-10,3.0089e-02,1.0375
2925.69,-2.55435638e-04,3.711325e-03,7.345293e-06,-1.5142131993e-10,3.7318e-02,1.0375
2926.19,-8.84749377e-05,3.701502e-03,7.069757e-06,-1.5142798127e-10,4.5873e-02,1.0375
2926.70,1.67195473e-04,3.665876e-03,6.797586e-06,-1.5143097887e-10,5.3531e-02,1.0375
2927.21,4.81746542e-04,3.609537e-03,6.521729e-06,-1.5143464260e-10,6.5160e-02,1.0375
2927.71,8.21298686e-04,3.541259e-03,6.233272e-06,-1.5143930554e-10,5.3599e-02,1.0375
2928.22,1.15405734e-03,3.471280e-03,5.926750e-06,-1.5144907550e-10,4.5924e-02,1.0375
2928.73,1.45665948e-03,3.408643e-03,5.604554e-06,-1.5147183507e-10,4.0090e-02,1.0375
2929.23,1.71939254e-03,3.359108e-03,5.278368e-06,-1.5151468968e-10,3.6144e-02,1.0375
2929.74,1.94845336e-03,3.324590e-03,4.966744e-06,-1.5156675914e-10,3.7232e-02,1.0375
2930.25,2.16364775e-03,3.304129e-03,4.689512e-06,-1.5161583100e-10,4.0696e-02,1.0375
2930.75,2.39107703e-03,3.295649e-03,4.461560e-06,-1.5164469680e-10,4.5017e-02,1.0375
2931.26,2.65211885e-03,3.297234e-03,4.289525e-06,-1.5166068401e-10,4.7029e-02,1.0375
2931.77,2.95177001e-03,3.307285e-03,4.173551e-06,-1.5167245238e-10,4.8912e-02,1.0375
2932.27,3.27052940e-03,3.323707e-03,4.112687e-06,-1.5168599710e-10,4.8213e-02,1.0375
2932.78,3.56388941e-03,3.342912e-03,4.109736e-06,-1.5171519596e-10,4.1531e-02,1.0375
2933.29,3.77165181e-03,3.359416e-03,4.172064e-06,-1.5175338763e-10,3.7225e-02,1.0375
2933.79,3.83557885e-03,3.366309e-03,4.307956e-06,-1.5179757451e-10,3.7092e-02,1.0375
2934.30,3.71950269e-03,3.356702e-03,4.521180e-06,-1.5183743152e-10,4.0302e-02,1.0375
2934.81,3.42362569e-03,3.326140e-03,4.807343e-06,-1.5186674140e-10,4.6169e-02,1.0375
2935.32,2.98674644e-03,3.273234e-03,5.153917e-06,-1.5188339475e-10,5.3651e-02,1.0375
2935.82,2.47594913e-03,3.200462e-03,5.543287e-06,-1.5188883484e-10,6.0675e-02,1.0375
2936.33,1.96908701e-03,3.113869e-03,5.956896e-06,-1.5189050018e-10,6.7136e-02,1.0375
2936.84,1.53745131e-03,3.021527e-03,6.378898e-06,-1.5189316471e-10,6.1199e-02,1.0375
2937.34,1.23390245e-03,2.931898e-03,6.798510e-06,-1.5189749458e-10,5.4554e-02,1.0375
2937.85,1.08793905e-03,2.851826e-03,7.210703e-06,-1.5190282365e-10,2.8469e-02,1.0375
2938.36,1.10634618e-03,2.785074e-03,7.615297e-06,-1.5191170544e-10,2.7756e-02,1.0500
2938.86,1.27714709e-03,2.732227e-03,8.014758e-06,-1.5191203850e-10,2.5342e-02,1.0500
2939.37,1.57498434e-03,2.691635e-03,8.411476e-06,-1.5191314873e-10,2.3626e-02,1.0500
2939.88,1.96673671e-03,2.660705e-03,8.805498e-06,-1.5191359282e-10,1.9897e-02,1.0500
2940.38,2.41648534e-03,2.636711e-03,9.193638e-06,-1.5191481406e-10,2.2070e-02,1.0500
2940.89,2.88888232e-03,2.616906e-03,9.570191e-06,-1.5191659042e-10,2.8391e-02,1.0500
2941.40,3.35004944e-03,2.598250e-03,9.928740e-06,-1.5191714553e-10,3.5360e-02,1.0500
2941.90,3.76589601e-03,2.577250e-03,1.026409e-05,-1.5191636837e-10,4.2612e-02,1.0500
2942.41,4.09924115e-03,2.550166e-03,1.057349e-05,-1.5191814473e-10,4.9826e-02,1.0500
2942.92,4.30857938e-03,2.513597e-03,1.085673e-05,-1.5191925495e-10,5.7020e-02,1.0500
2943.42,4.35145136e-03,2.465355e-03,1.111509e-05,-1.5192014313e-10,6.4213e-02,1.0500
2943.93,4.19334044e-03,2.405444e-03,1.134966e-05,-1.5192069824e-10,7.0709e-02,1.0500
2944.44,3.81948866e-03,2.336914e-03,1.155972e-05,-1.5192169744e-10,7.7630e-02,1.0500
2944.94,3.24428203e-03,2.266140e-03,1.174213e-05,-1.5192336278e-10,8.4537e-02,1.0500
2945.45,2.51319461e-03,2.202019e-03,1.189206e-05,-1.5192436198e-10,9.1426e-02,1.0500
2945.96,1.69584450e-03,2.153826e-03,1.200486e-05,-1.5192480607e-10,9.8296e-02,1.0500
2946.46,8.73025021e-04,2.128209e-03,1.207801e-05,-1.5192513914e-10,1.0515e-01,1.0500
2946.97,1.22673872e-04,2.126764e-03,1.211218e-05,-1.5192658243e-10,1.1198e-01,1.0500
2947.48,-4.91290501e-04,2.145577e-03,1.211075e-05,-1.5192747060e-10,1.1879e-01,1.0500
2947.98,-9.25993465e-04,2.177290e-03,1.207799e-05,-1.5192780367e-10,1.2558e-01,1.0500
2948.49,-1.16334740e-03,2.214420e-03,1.201677e-05,-1.5192980207e-10,1.3236e-01,1.0500
2949.00,-1.21197218e-03,2.250838e-03,1.192712e-05,-1.5193013514e-10,1.3911e-01,1.0500
2949.51,-1.10788140e-03,2.282580e-03,1.180648e-05,-1.5193146741e-10,1.4583e-01,1.0500
2950.01,-9.12602290e-04,2.307598e-03,1.165155e-05,-1.5193224456e-10,1.5256e-01,1.0500
2950.52,-7.06066352e-04,2.325323e-03,1.146053e-05,-1.5193313274e-10,1.5937e-01,1.0500
2951.03,-5.73154520e-04,2.336317e-03,1.123438e-05,-1.5193368785e-10,1.6622e-01,1.0500
2951.53,-5.86380239e-04,2.342352e-03,1.097636e-05,-1.5200118941e-10,1.7265e-01,1.0437
2952.04,-7.89284590e-04,2.346689e-03,1.069026e-05,-1.5210677162e-10,1.7689e-01,1.0500
2952.55,-1.18524846e-03,2.353919e-03,1.037867e-05,-1.5221890415e-10,1.7571e-01,1.0500
2953.05,-1.73647015e-03,2.368877e-03,1.004218e-05,-1.5238932338e-10,4.9641e-02,1.0375
2953.56,-2.37564482e-03,2.395079e-03,9.680171e-06,-1.5240142481e-10,5.5371e-02,1.0375
2954.07,-3.02612517e-03,2.433124e-03,9.292372e-06,-1.5240531059e-10,6.1403e-02,1.0375
2954.57,-3.62070852e-03,2.480290e-03,8.880486e-06,-1.5240719797e-10,6.7740e-02,1.0375
2955.08,-4.11170610e-03,2.531858e-03,8.448837e-06,-1.5240886331e-10,7.4756e-02,1.0375
2955.59,-4.47260199e-03,2.583105e-03,8.004020e-06,-1.5241052864e-10,8.1378e-02,1.0375
2956.09,-4.69573062e-03,2.631405e-03,7.553988e-06,-1.5241208295e-10,7.6014e-02,1.0375
2956.60,-4.78869222e-03,2.676990e-03,7.107071e-06,-1.5241674589e-10,3.7582e-02,1.0375
2957.11,-4.76946823e-03,2.722066e-03,6.671104e-06,-1.5241929940e-10,4.6321e-02,1.0500
2957.61,-4.66046721e-03,2.769006e-03,6.252527e-06,-1.5241941043e-10,4.5436e-02,1.0500
2958.12,-4.48222494e-03,2.818555e-03,5.855533e-06,-1.5242018758e-10,3.9750e-02,1.0500
2958.63,-4.24989149e-03,2.868870e-03,5.482006e-06,-1.5242174189e-10,3.3101e-02,1.0500
2959.13,-3.97250836e-03,2.915747e-03,5.133105e-06,-1.5242251905e-10,2.8579e-02,1.0500
2959.64,-3.65571455e-03,2.953721e-03,4.812661e-06,-1.5242418439e-10,2.3358e-02,1.0500
2960.15,-3.30649235e-03,2.977502e-03,4.531372e-06,-1.5242529461e-10,1.8861e-02,1.0500
2960.65,-2.93836650e-03,2.983345e-03,4.308498e-06,-1.5242762608e-10,2.5199e-02,1.0500
2961.16,-2.57481194e-03,2.969839e-03,4.168726e-06,-1.5242884732e-10,3.1888e-02,1.0500
2961.67,-2.24878000e-03,2.938213e-03,4.133160e-06,-1.5243006857e-10,3.9244e-02,1.0500
2962.17,-1.99741991e-03,2.892410e-03,4.207544e-06,-1.5243162288e-10,4.6767e-02,1.0500
2962.68,-1.85285370e-03,2.838859e-03,4.376665e-06,-1.5243184492e-10,5.3482e-02,1.0500
2963.19,-1.83215447e-03,2.785656e-03,4.610347e-06,-1.5243384333e-10,6.0362e-02,1.0500
2963.70,-1.93055689e-03,2.741094e-03,4.876155e-06,-1.5243384333e-10,6.7383e-02,1.0500
2964.20,-2.12095160e-03,2.711930e-03,5.150072e-06,-1.5243561968e-10,7.4382e-02,1.0500
2964.71,-2.35982228e-03,2.702069e-03,5.420797e-06,-1.5243628582e-10,8.1348e-02,1.0500
2965.22,-2.59666990e-03,2.712224e-03,5.687857e-06,-1.5243650786e-10,8.8312e-02,1.0500
2965.72,-2.78323683e-03,2.740527e-03,5.955831e-06,-1.5243828422e-10,9.5201e-02,1.0500
2966.23,-2.88093566e-03,2.783648e-03,6.227804e-06,-1.5243861728e-10,1.0206e-01,1.0500
2966.74,-2.86531922e-03,2.837753e-03,6.501216e-06,-1.5243917240e-10,1.0891e-01,1.0500
2967.24,-2.72762980e-03,2.898891e-03,6.767830e-06,-1.5244150386e-10,1.1573e-01,1.0500
2967.75,-2.47177634e-03,2.962948e-03,7.017152e-06,-1.5244183693e-10,1.2254e-01,1.0500
2968.26,-2.10884993e-03,3.025621e-03,7.240777e-06,-1.5244316920e-10,1.2932e-01,1.0500
2968.76,-1.65450635e-03,3.082402e-03,7.435046e-06,-1.5244305818e-10,1.3608e-01,1.0500
2969.27,-1.13359283e-03,3.130068e-03,7.600893e-06,-1.5244328022e-10,1.4283e-01,1.0500
2969.78,-5.88517046e-04,3.166658e-03,7.741491e-06,-1.5244505658e-10,1.4955e-01,1.0500
2970.28,-8.04325834e-05,3.191782e-03,7.859496e-06,-1.5244627782e-10,1.5624e-01,1.0500
2970.79,3.24740337e-04,3.206726e-03,7.955562e-06,-1.5244638885e-10,1.6292e-01,1.0500
2971.30,5.80279912e-04,3.213838e-03,8.028839e-06,-1.5244816520e-10,1.6957e-01,1.0500
2971.80,6.76222635e-04,3.215688e-03,8.078839e-06,-1.5244772111e-10,1.6381e-01,1.0500
2972.31,6.37447743e-04,3.215180e-03,8.107347e-06,-1.5244994156e-10,5.3992e-02,1.0500
2972.82,5.04877061e-04,3.213985e-03,8.119132e-06,-1.5277723531e-10,4.9042e-02,1.0625
2973.32,3.15041397e-04,3.213214e-03,8.120913e-06,-1.5284618016e-10,4.3383e-02,1.0625
2973.83,9.17593864e-05,3.213744e-03,8.119023e-06,-1.5287304755e-10,3.8907e-02,1.0625
2974.34,-1.48227603e-04,3.216407e-03,8.117023e-06,-1.5287437982e-10,3.4106e-02,1.0625
2974.84,-3.84063204e-04,3.221802e-03,8.114695e-06,-1.5287515698e-10,2.8499e-02,1.0625
2975.35,-5.83621416e-04,3.229811e-03,8.109156e-06,-1.5287615618e-10,2.2731e-02,1.0625
2975.86,-7.04147239e-04,3.239102e-03,8.097597e-06,-1.5287582311e-10,2.6022e-02,1.0625
2976.36,-6.98358436e-04,3.247008e-03,8.080144e-06,-1.5287715538e-10,3.2933e-02,1.0625
2976.87,-5.22049040e-04,3.249928e-03,8.061300e-06,-1.5287771049e-10,3.9798e-02,1.0625
2977.38,-1.41723116e-04,3.244141e-03,8.049111e-06,-1.5287893174e-10,4.6597e-02,1.0625
2977.89,4.56116410e-04,3.226699e-03,8.052360e-06,-1.5288037503e-10,5.3412e-02,1.0625
2978.39,1.25203151e-03,3.196169e-03,8.077104e-06,-1.5288115218e-10,6.0213e-02,1.0625
2978.90,2.17878069e-03,3.153043e-03,8.124307e-06,-1.5288248445e-10,6.6998e-02,1.0625
2979.41,3.11274380e-03,3.099759e-03,8.189693e-06,-1.5288170729e-10,7.3768e-02,1.0625
2979.91,3.88464796e-03,3.040248e-03,8.265709e-06,-1.5288414978e-10,8.0521e-02,1.0625
2980.42,4.31844947e-03,2.979058e-03,8.344479e-06,-1.5288481592e-10,8.7257e-02,1.0625
2980.93,4.29033323e-03,2.920280e-03,8.420473e-06,-1.5288526001e-10,9.3975e-02,1.0625
2981.43,3.77966666e-03,2.866532e-03,8.492049e-06,-1.5288648125e-10,1.0068e-01,1.0625
2981.94,2.88104893e-03,2.818507e-03,8.561495e-06,-1.5288659228e-10,1.0736e-01,1.0625
2982.45,1.76988289e-03,2.775242e-03,8.633549e-06,-1.5288981192e-10,1.1402e-01,1.0625
2982.95,6.43610955e-04,2.734900e-03,8.712719e-06,-1.5288914579e-10,1.2067e-01,1.0625
2983.46,-3.29650498e-04,2.695842e-03,8.800294e-06,-1.5289047806e-10,1.2732e-01,1.0625
2983.97,-1.03700436e-03,2.657104e-03,8.892421e-06,-1.5289047806e-10,1.3405e-01,1.0625
2984.47,-1.42243872e-03,2.618272e-03,8.980379e-06,-1.5289292055e-10,1.4077e-01,1.0625
2984.98,-1.47579738e-03,2.578869e-03,9.053206e-06,-1.5289247646e-10,1.4758e-01,1.0625
2985.49,-1.22046829e-03,2.537979e-03,9.101579e-06,-1.5303769363e-10,1.5363e-01,1.0563
2985.99,-7.06140586e-04,2.493923e-03,9.121181e-06,-1.5316703461e-10,1.5861e-01,1.0563
2986.50,-7.39482874e-06,2.444788e-03,9.114027e-06,-1.5327106251e-10,1.5947e-01,1.0625
2987.01,7.75647018e-04,2.390504e-03,9.087037e-06,-1.5345624771e-10,1.5780e-01,1.0500
2987.51,1.52123734e-03,2.332760e-03,9.048328e-06,-1.5345791304e-10,1.3604e-01,1.0500
2988.02,2.10076038e-03,2.276067e-03,9.002842e-06,-1.5345791304e-10,1.2583e-01,1.0500
2988.53,2.40532574e-03,2.227876e-03,8.949465e-06,-1.5345968940e-10,5.9577e-02,1.0500
2989.03,2.37622214e-03,2.197227e-03,8.881118e-06,-1.5346035553e-10,4.3892e-02,1.0500
2989.54,2.02479805e-03,2.192265e-03,8.787790e-06,-1.5346079962e-10,4.3057e-02,1.0500
2990.05,1.43030120e-03,2.217477e-03,8.661022e-06,-1.5346179882e-10,4.5901e-02,1.0500
2990.56,7.16024858e-04,2.272292e-03,8.497822e-06,-1.5346290905e-10,5.2426e-02,1.0500
2991.06,1.54805481e-05,2.351969e-03,8.302403e-06,-1.5346379723e-10,5.9858e-02,1.0500
2991.57,-5.57328136e-04,2.450067e-03,8.084951e-06,-1.5346479643e-10,6.6597e-02,1.0500
2992.08,-9.25689635e-04,2.561028e-03,7.857689e-06,-1.5346579563e-10,7.3490e-02,1.0500
2992.58,-1.05617369e-03,2.681615e-03,7.629661e-06,-1.5346668381e-10,5.8935e-02,1.0500
2993.09,-9.57174314e-04,2.810828e-03,7.402599e-06,-1.5346701687e-10,1.8264e-02,1.0500
2993.60,-6.73956748e-04,2.948748e-03,7.170115e-06,-1.5346801607e-10,1.9607e-02,1.0500
2994.10,-2.81397254e-04,3.094942e-03,6.920858e-06,-1.5346868221e-10,2.4171e-02,1.0500
2994.61,1.26817397e-04,3.247418e-03,6.644065e-06,-1.5346968141e-10,2.8758e-02,1.0500
2995.12,4.53944178e-04,3.402576e-03,6.334860e-06,-1.5347167981e-10,3.5027e-02,1.0500
2995.62,6.19731913e-04,3.555984e-03,5.997080e-06,-1.5347279003e-10,4.1312e-02,1.0500
2996.13,5.78780629e-04,3.703438e-03,5.642742e-06,-1.5347334514e-10,4.7851e-02,1.0500
2996.64,3.30835407e-04,3.841760e-03,5.288444e-06,-1.5347467741e-10,5.4478e-02,1.0500
2997.14,-8.13717131e-05,3.969068e-03,4.949711e-06,-1.5347545457e-10,6.1612e-02,1.0500
2997.65,-5.85281713e-04,4.084775e-03,4.634996e-06,-1.5347612070e-10,6.8584e-02,1.0500
2998.16,-1.09619973e-03,4.189117e-03,4.341726e-06,-1.5347689786e-10,7.5529e-02,1.0500
2998.66,-1.53232826e-03,4.282714e-03,4.056792e-06,-1.5347767501e-10,8.2485e-02,1.0500
2999.17,-1.82337267e-03,4.366091e-03,3.762018e-06,-1.5347856319e-10,8.9429e-02,1.0500
2999.68,-1.91363100e-03,4.439388e-03,3.442786e-06,-1.5348056159e-10,9.6314e-02,1.0500
3000.18,-1.76368283e-03,4.502252e-03,3.097072e-06,-1.5348100568e-10,1.0317e-01,1.0500
3000.69,-1.35525727e-03,4.554045e-03,2.742952e-06,-1.5348267102e-10,1.1001e-01,1.0500
3001.20,-7.01460944e-04,4.594348e-03,2.422426e-06,-1.5348267102e-10,1.1683e-01,1.0500
3001.70,1.39993825e-04,4.622812e-03,2.194566e-06,-1.5348422533e-10,1.2363e-01,1.0500
3002.21,1.05804656e-03,4.640492e-03,2.105902e-06,-1.5348533555e-10,1.3041e-01,1.0500
3002.72,1.89495704e-03,4.650931e-03,2.149859e-06,-1.5348544657e-10,1.3717e-01,1.0500
3003.22,2.47740542e-03,4.657515e-03,2.267873e-06,-1.5348722293e-10,1.4391e-01,1.0500
3003.73,2.66939318e-03,4.662554e-03,2.396961e-06,-1.5348788907e-10,1.5063e-01,1.0500
3004.24,2.42520073e-03,4.665791e-03,2.506401e-06,-1.5348811111e-10,1.5732e-01,1.0500
3004.75,1.81049627e-03,4.664474e-03,2.604146e-06,-1.5348966542e-10,1.6399e-01,1.0500
3005.25,9.75565538e-04,4.653973e-03,2.723199e-06,-1.5348966542e-10,1.7064e-01,1.0500
3005.76,9.74911549e-05,4.629279e-03,2.896192e-06,-1.5349088667e-10,1.7727e-01,1.0500
3006.27,-6.73237729e-04,4.586828e-03,3.131332e-06,-1.5349144178e-10,1.8398e-01,1.0500
3006.77,-1.23758580e-03,4.525297e-03,3.407466e-06,-1.5349388427e-10,1.9074e-01,1.0500
3007.28,-1.54576242e-03,4.445207e-03,3.689753e-06,-1.5359280514e-10,1.9588e-01,1.0437
3007.79,-1.58486862e-03,4.349565e-03,3.950144e-06,-1.5368151196e-10,1.9581e-01,1.0500
3008.29,-1.37057745e-03,4.242485e-03,4.179804e-06,-1.5386014685e-10,2.7039e-02,1.0375
3008.80,-9.44873805e-04,4.128118e-03,4.390013e-06,-1.5386103502e-10,2.4566e-02,1.0375
3009.31,-3.72979255e-04,4.010077e-03,4.602703e-06,-1.5386369956e-10,2.6414e-02,1.0375
3009.81,2.67080015e-04,3.891549e-03,4.835308e-06,-1.5386669716e-10,3.0812e-02,1.0375
3010.32,9.01767020e-04,3.775794e-03,5.088729e-06,-1.5387036090e-10,3.7336e-02,1.0375
3010.83,1.47873891e-03,3.666412e-03,5.346398e-06,-1.5387047192e-10,4.3645e-02,1.0375
3011.33,1.97420054e-03,3.566880e-03,5.584285e-06,-1.5387269237e-10,4.2235e-02,1.0375
3011.84,2.38722622e-03,3.479855e-03,5.784208e-06,-1.5387480179e-10,2.5030e-02,1.0375
3012.35,2.72482864e-03,3.406198e-03,5.942606e-06,-1.5387902064e-10,1.1596e-02,1.0375
3012.85,2.98625114e-03,3.344134e-03,6.070969e-06,-1.5389156616e-10,1.4120e-02,1.0375
3013.36,3.15458598e-03,3.289442e-03,6.188769e-06,-1.5391388164e-10,1.6141e-02,1.0375
3013.87,3.19957370e-03,3.236409e-03,6.312749e-06,-1.5394652220e-10,1.7591e-02,1.0375
3014.37,3.08993919e-03,3.179183e-03,6.448567e-06,-1.5398671227e-10,1.8434e-02,1.0375
3014.88,2.80922745e-03,3.113093e-03,6.589720e-06,-1.5403567311e-10,1.8673e-02,1.0375
3015.39,2.36760482e-03,3.035684e-03,6.723724e-06,-1.5409018506e-10,1.9639e-02,1.0375
3015.89,1.80430743e-03,2.947354e-03,6.840700e-06,-1.5415102528e-10,2.1841e-02,1.0375
3016.40,1.18024714e-03,2.851525e-03,6.938836e-06,-1.5421419697e-10,2.4054e-02,1.0375
3016.91,5.64874056e-04,2.754362e-03,7.024150e-06,-1.5427914501e-10,2.6138e-02,1.0375
3017.41,2.31723906e-05,2.663978e-03,7.105636e-06,-1.5434697964e-10,2.7950e-02,1.0375
3017.92,-3.92747279e-04,2.589170e-03,7.189318e-06,-1.5441614654e-10,2.9388e-02,1.0375
3018.43,-6.46009146e-04,2.537731e-03,7.275280e-06,-1.5448453627e-10,3.0437e-02,1.0375
3018.94,-7.12627399e-04,2.514684e-03,7.359343e-06,-1.5455070557e-10,3.1152e-02,1.0375
3019.44,-5.77521469e-04,2.521146e-03,7.437668e-06,-1.5461332215e-10,3.1610e-02,1.0375
3019.95,-2.32613111e-04,2.554345e-03,7.511168e-06,-1.5466994352e-10,3.1862e-02,1.0375
3020.46,3.19643278e-04,2.608793e-03,7.586720e-06,-1.5471912640e-10,3.1930e-02,1.0375
3020.96,1.05575350e-03,2.678003e-03,7.674085e-06,-1.5475787318e-10,3.1818e-02,1.0375
3021.47,1.91602530e-03,2.755915e-03,7.780278e-06,-1.5478618387e-10,3.1559e-02,1.0375
3021.98,2.79274525e-03,2.837514e-03,7.905097e-06,-1.5480616788e-10,3.1324e-02,1.0375
3022.48,3.53425920e-03,2.918599e-03,8.041057e-06,-1.5481860238e-10,3.0886e-02,1.0375
3022.99,3.97508638e-03,2.994978e-03,8.177828e-06,-1.5482681803e-10,2.5361e-02,1.0375
3023.50,3.98821769e-03,3.061767e-03,8.308052e-06,-1.5483359039e-10,2.0833e-02,1.0500
3024.00,3.53630367e-03,3.113594e-03,8.430847e-06,-1.5483481164e-10,2.3801e-02,1.0500
3024.51,2.69152101e-03,3.145788e-03,8.551220e-06,-1.5483614391e-10,2.7280e-02,1.0500
3025.02,1.61122447e-03,3.156157e-03,8.676264e-06,-1.5483669902e-10,3.1249e-02,1.0500
3025.52,4.84877994e-04,3.146366e-03,8.810719e-06,-1.5483758720e-10,3.5701e-02,1.0500
3026.03,-5.18292987e-04,3.121949e-03,8.954428e-06,-1.5483847537e-10,4.0621e-02,1.0500
3026.54,-1.28033925e-03,3.090637e-03,9.102733e-06,-1.5483903049e-10,4.5974e-02,1.0500
3027.04,-1.74175797e-03,3.059626e-03,9.248945e-06,-1.5484069582e-10,5.1698e-02,1.0500
3027.55,-1.89389750e-03,3.033134e-03,9.387080e-06,-1.5484147298e-10,5.7681e-02,1.0500
3028.06,-1.76705014e-03,3.011651e-03,9.513349e-06,-1.5484280524e-10,6.3547e-02,1.0500
3028.56,-1.42018596e-03,2.993195e-03,9.625907e-06,-1.5484247218e-10,6.7839e-02,1.0500
3029.07,-9.33087446e-04,2.975709e-03,9.723428e-06,-1.5484413751e-10,6.8865e-02,1.0500
3029.58,-3.98456845e-04,2.959106e-03,9.803805e-06,-1.5484458160e-10,7.5786e-02,1.0500
3030.08,8.88394058e-05,2.945748e-03,9.864102e-06,-1.5484558080e-10,8.2685e-02,1.0500
3030.59,4.46077334e-04,2.939070e-03,9.901923e-06,-1.5484613591e-10,8.9579e-02,1.0500
3031.10,6.17742295e-04,2.941240e-03,9.917075e-06,-1.5484835636e-10,9.6455e-02,1.0500
3031.60,5.86053644e-04,2.951404e-03,9.911993e-06,-1.5484835636e-10,1.0331e-01,1.0500
3032.11,3.72322825e-04,2.965725e-03,9.890123e-06,-1.5484979965e-10,1.1015e-01,1.0500
3032.62,2.85002458e-05,2.979177e-03,9.852958e-06,-1.5485002169e-10,1.1697e-01,1.0500
3033.13,-3.77067869e-04,2.987907e-03,9.797637e-06,-1.5485190907e-10,1.2376e-01,1.0500
3033.63,-7.73554258e-04,2.990702e-03,9.716951e-06,-1.5485290827e-10,1.3054e-01,1.0500
3034.14,-1.09673142e-03,2.988871e-03,9.602227e-06,-1.5485279725e-10,1.3730e-01,1.0500
3034.65,-1.29252142e-03,2.984849e-03,9.447679e-06,-1.5485313032e-10,1.4403e-01,1.0500
3035.15,-1.31784322e-03,2.980591e-03,9.253888e-06,-1.5485424054e-10,1.5075e-01,1.0500
3035.66,-1.14311927e-03,2.976862e-03,9.028321e-06,-1.5485523974e-10,1.5748e-01,1.0500
3036.17,-7.59828403e-04,2.973865e-03,8.782204e-06,-1.5485634997e-10,1.6429e-01,1.0500
3036.67,-1.93220097e-04,2.972689e-03,8.524989e-06,-1.5485834837e-10,1.7155e-01,1.0500
3037.18,4.84621443e-04,2.976347e-03,8.259320e-06,-1.5499856953e-10,1.7600e-01,1.0500
3037.69,1.15108724e-03,2.989433e-03,7.979550e-06,-1.5507484186e-10,1.8031e-01,1.0437
3038.19,1.64959807e-03,3.016264e-03,7.674848e-06,-1.5529111330e-10,3.5666e-02,1.0375
3038.70,1.82987702e-03,3.058482e-03,7.335106e-06,-1.5530465802e-10,3.1173e-02,1.0375
3039.21,1.59951866e-03,3.113554e-03,6.956467e-06,-1.5531376185e-10,2.7940e-02,1.0375
3039.71,9.60899245e-04,3.175076e-03,6.544135e-06,-1.5531953501e-10,2.6311e-02,1.0375
3040.22,1.14135706e-05,3.234679e-03,6.111897e-06,-1.5532541919e-10,2.6499e-02,1.0375
3040.73,-1.09282829e-03,3.284502e-03,5.679163e-06,-1.5532897191e-10,2.8444e-02,1.0375
3041.23,-2.18816469e-03,3.319183e-03,5.266600e-06,-1.5533541120e-10,3.1544e-02,1.0375
3041.74,-3.14438871e-03,3.336800e-03,4.891207e-06,-1.5535683850e-10,3.5600e-02,1.0375
3042.25,-3.88339147e-03,3.338616e-03,4.561720e-06,-1.5538714759e-10,4.1017e-02,1.0375
3042.75,-4.37780823e-03,3.328218e-03,4.276230e-06,-1.5541312681e-10,4.6990e-02,1.0375
3043.26,-4.63876874e-03,3.310438e-03,4.024583e-06,-1.5542822585e-10,5.2810e-02,1.0375
3043.77,-4.70104811e-03,3.289588e-03,3.796728e-06,-1.5543610843e-10,5.8884e-02,1.0375
3044.27,-4.61017347e-03,3.268564e-03,3.594826e-06,-1.5544110443e-10,6.5092e-02,1.0375
3044.78,-4.41285533e-03,3.248497e-03,3.443558e-06,-1.5544321386e-10,7.1804e-02,1.0375
3045.29,-4.15057027e-03,3.229007e-03,3.389671e-06,-1.5544310283e-10,7.8721e-02,1.0375
3045.79,-3.85585120e-03,3.208859e-03,3.481250e-06,-1.5544543430e-10,8.1503e-02,1.0375
3046.30,-3.55105506e-03,3.187143e-03,3.733609e-06,-1.5544865395e-10,5.2041e-02,1.0375
3046.81,-3.24945571e-03,3.163723e-03,4.114426e-06,-1.5545864596e-10,3.4439e-02,1.0375
3047.32,-2.95822570e-03,3.138519e-03,4.564158e-06,-1.5547829690e-10,3.7822e-02,1.0375
3047.82,-2.68239269e-03,3.110890e-03,5.027172e-06,-1.5553192068e-10,4.0033e-02,1.0375
3048.33,-2.42850827e-03,3.078851e-03,5.470379e-06,-1.5561829603e-10,4.1348e-02,1.0375
3048.84,-2.20674416e-03,3.038925e-03,5.886894e-06,-1.5571743894e-10,4.2059e-02,1.0375
3049.34,-2.03043300e-03,2.987029e-03,6.289232e-06,-1.5581413937e-10,4.2378e-02,1.0375
3049.85,-1.91271217e-03,2.920132e-03,6.696633e-06,-1.5589585178e-10,4.2073e-02,1.0375
3050.36,-1.86101979e-03,2.837951e-03,7.122051e-06,-1.5596335334e-10,4.0315e-02,1.0375
3050.86,-1.87158759e-03,2.743750e-03,7.564858e-06,-1.5601120396e-10,3.2326e-02,1.0375
3051.37,-1.92699779e-03,2.644091e-03,8.012359e-06,-1.5605983172e-10,2.0425e-02,1.0375
3051.88,-1.99925558e-03,2.547192e-03,8.447826e-06,-1.5611678617e-10,1.1012e-02,1.0375
3052.38,-2.05840587e-03,2.460567e-03,8.859368e-06,-1.5619061600e-10,1.4364e-02,1.0375
3052.89,-2.08362326e-03,2.389164e-03,9.244655e-06,-1.5626477889e-10,1.7413e-02,1.0375
3053.40,-2.07177643e-03,2.334817e-03,9.609612e-06,-1.5632395378e-10,1.9949e-02,1.0375
3053.90,-2.03898826e-03,2.297036e-03,9.962516e-06,-1.5636458794e-10,2.1969e-02,1.0375
3054.41,-2.01365273e-03,2.274235e-03,1.030722e-05,-1.5638756956e-10,2.3494e-02,1.0375
3054.92,-2.02341189e-03,2.264372e-03,1.063956e-05,-1.5639878281e-10,2.4599e-02,1.0375
3055.42,-2.08163658e-03,2.264657e-03,1.094886e-05,-1.5640988504e-10,3.1085e-02,1.0375
3055.93,-2.17914556e-03,2.270881e-03,1.122317e-05,-1.5642120932e-10,3.9073e-02,1.0375
3056.44,-2.28411415e-03,2.277315e-03,1.145472e-05,-1.5643120133e-10,4.0976e-02,1.0375
3056.94,-2.34981662e-03,2.277602e-03,1.164287e-05,-1.5644063822e-10,4.1939e-02,1.0375
3057.45,-2.32671838e-03,2.266380e-03,1.179329e-05,-1.5644863183e-10,4.2116e-02,1.0375
3057.96,-2.17573702e-03,2.241044e-03,1.191427e-05,-1.5645396090e-10,4.1105e-02,1.0375
3058.46,-1.87960121e-03,2.202972e-03,1.201219e-05,-1.5645762463e-10,3.5820e-02,1.0375
3058.97,-1.45029668e-03,2.157763e-03,1.208822e-05,-1.5646239859e-10,3.4246e-02,1.0375
3059.48,-9.30955533e-04,2.114234e-03,1.213792e-05,-1.5646828277e-10,3.5215e-02,1.0375
3059.98,-3.90743031e-04,2.082111e-03,1.215346e-05,-1.5648327079e-10,3.5629e-02,1.0375
3060.49,8.79841186e-05,2.068984e-03,1.212713e-05,-1.5649592733e-10,3.5333e-02,1.0375
3061.00,4.28867915e-04,2.077680e-03,1.205429e-05,-1.5650092333e-10,3.4371e-02,1.0375
3061.51,5.82117499e-04,2.105392e-03,1.193469e-05,-1.5650691854e-10,3.9647e-02,1.0375
3062.01,5.38976580e-04,2.145229e-03,1.177185e-05,-1.5651502316e-10,4.0961e-02,1.0375
3062.52,3.34373258e-04,2.189075e-03,1.157137e-05,-1.5652990015e-10,4.2402e-02,1.0375
3063.03,3.78824861e-05,2.230539e-03,1.133892e-05,-1.5654977314e-10,4.3319e-02,1.0375
3063.53,-2.61532756e-04,2.266755e-03,1.107876e-05,-1.5656853591e-10,4.3949e-02,1.0375
3064.04,-4.70811203e-04,2.298615e-03,1.079340e-05,-1.5658629948e-10,4.4488e-02,1.0375
3064.55,-5.04916850e-04,2.329607e-03,1.048423e-05,-1.5660195363e-10,4.5063e-02,1.0375
3065.05,-2.95579567e-04,2.363870e-03,1.015283e-05,-1.5661261177e-10,4.5813e-02,1.0375
3065.56,2.02374117e-04,2.404341e-03,9.802050e-06,-1.5661683062e-10,4.7867e-02,1.0375
3066.07,1.00549017e-03,2.451695e-03,9.436220e-06,-1.5661938413e-10,3.5767e-02,1.0375
3066.57,2.09419537e-03,2.504390e-03,9.060215e-06,-1.5662637853e-10,4.0940e-02,1.0375
3067.08,3.40076023e-03,2.559501e-03,8.677995e-06,-1.5663936814e-10,4.7051e-02,1.0375
3067.59,4.79516097e-03,2.613663e-03,8.291602e-06,-1.5665457820e-10,5.3774e-02,1.0375
3068.09,6.08148542e-03,2.663699e-03,7.901475e-06,-1.5667045439e-10,6.0121e-02,1.0375
3068.60,7.02463138e-03,2.706893e-03,7.508055e-06,-1.5668155662e-10,6.2793e-02,1.0375
3069.11,7.41635162e-03,2.741159e-03,7.113805e-06,-1.5669132658e-10,5.8337e-02,1.0375
3069.61,7.15770377e-03,2.765478e-03,6.724543e-06,-1.5670265086e-10,4.7252e-02,1.0375
3070.12,6.30797127e-03,2.780456e-03,6.349394e-06,-1.5671652864e-10,3.3896e-02,1.0375
3070.63,5.06424967e-03,2.788646e-03,5.999396e-06,-1.5672774190e-10,2.1082e-02,1.0375
3071.13,3.68533691e-03,2.794257e-03,5.685387e-06,-1.5675016840e-10,1.9326e-02,1.0375
3071.64,2.40878926e-03,2.802197e-03,5.416091e-06,-1.5679002541e-10,2.0450e-02,1.0375
3072.15,1.40119964e-03,2.816723e-03,5.197204e-06,-1.5683876420e-10,2.1262e-02,1.0375
3072.65,7.49301510e-04,2.840387e-03,5.031695e-06,-1.5688694788e-10,2.2673e-02,1.0375
3073.16,4.76333160e-04,2.873765e-03,4.920749e-06,-1.5692891431e-10,2.4694e-02,1.0375
3073.67,5.64300642e-04,2.915979e-03,4.864446e-06,-1.5696266509e-10,2.7129e-02,1.0375
3074.18,9.69871140e-04,2.965540e-03,4.861657e-06,-1.5698820022e-10,2.9753e-02,1.0375
3074.68,1.63003101e-03,3.020903e-03,4.909474e-06,-1.5700352129e-10,3.2317e-02,1.0375
3075.19,2.45976874e-03,3.080448e-03,5.002953e-06,-1.5701062672e-10,3.2335e-02,1.0375
3075.70,3.34813663e-03,3.142077e-03,5.135632e-06,-1.5701973055e-10,2.8023e-02,1.0375
3076.20,4.16125144e-03,3.202905e-03,5.300446e-06,-1.5703938150e-10,3.2987e-02,1.0375
3076.71,4.75932129e-03,3.259373e-03,5.490224e-06,-1.5706747014e-10,3.8454e-02,1.0375
3077.22,5.02756007e-03,3.308230e-03,5.697301e-06,-1.5709211709e-10,4.4233e-02,1.0375
3077.72,4.90992505e-03,3.347623e-03,5.912734e-06,-1.5710943657e-10,5.0197e-02,1.0375
3078.23,4.42815086e-03,3.377904e-03,6.126176e-06,-1.5711842938e-10,5.6307e-02,1.0375
3078.74,3.67429053e-03,3.401740e-03,6.327089e-06,-1.5712320334e-10,6.2594e-02,1.0375
3079.24,2.78013634e-03,3.423297e-03,6.506987e-06,-1.5712575685e-10,6.9384e-02,1.0375
3079.75,1.87908966e-03,3.446837e-03,6.661650e-06,-1.5712653401e-10,7.5898e-02,1.0375
3080.26,1.07641211e-03,3.475323e-03,6.792181e-06,-1.5712942059e-10,7.4297e-02,1.0375
3080.76,4.35150393e-04,3.510244e-03,6.904191e-06,-1.5714096691e-10,4.5651e-02,1.0375
3081.27,-2.39112043e-05,3.551157e-03,7.005183e-06,-1.5715984070e-10,4.0178e-02,1.0375
3081.78,-3.13903111e-04,3.596156e-03,7.101006e-06,-1.5719114899e-10,4.1150e-02,1.0375
3082.28,-4.70273516e-04,3.642796e-03,7.192935e-06,-1.5726120406e-10,4.0504e-02,1.0375
3082.79,-5.39003087e-04,3.688889e-03,7.276918e-06,-1.5735002190e-10,3.8123e-02,1.0375
3083.30,-5.66116729e-04,3.732945e-03,7.345494e-06,-1.5743162329e-10,3.4056e-02,1.0375
3083.80,-5.89416702e-04,3.774157e-03,7.391557e-06,-1.5749090920e-10,2.8445e-02,1.0375
3084.31,-6.33301710e-04,3.812096e-03,7.412146e-06,-1.5752721350e-10,2.1619e-02,1.0375
3084.82,-7.07291860e-04,3.846359e-03,7.410421e-06,-1.5755163840e-10,1.4096e-02,1.0375
3085.32,-8.08157307e-04,3.876421e-03,7.394763e-06,-1.5758450100e-10,1.6368e-02,1.0375
3085.83,-9.24587758e-04,3.901824e-03,7.375295e-06,-1.5764967110e-10,2.1827e-02,1.0375
3086.34,-1.04265151e-03,3.922423e-03,7.359556e-06,-1.5771106643e-10,2.7446e-02,1.0375
3086.84,-1.15024641e-03,3.938641e-03,7.349802e-06,-1.5775580842e-10,3.3083e-02,1.0375
3087.35,-1.23934154e-03,3.951486e-03,7.343529e-06,-1.5779244578e-10,3.8717e-02,1.0375
3087.86,-1.30574896e-03,3.962266e-03,7.336724e-06,-1.5782053442e-10,4.4836e-02,1.0375
3088.37,-1.34707110e-03,3.972238e-03,7.327652e-06,-1.5784251683e-10,5.1051e-02,1.0375
3088.87,-1.36006142e-03,3.982252e-03,7.318927e-06,-1.5785073249e-10,5.7131e-02,1.0375
3089.38,-1.33878334e-03,3.992580e-03,7.317023e-06,-1.5785361906e-10,6.3265e-02,1.0375
3089.89,-1.27465063e-03,4.002635e-03,7.329940e-06,-1.5785472929e-10,6.8817e-02,1.0375
3090.39,-1.15877569e-03,4.010632e-03,7.364653e-06,-1.5785683871e-10,7.4658e-02,1.0375
3090.90,-9.86216240e-04,4.013356e-03,7.425725e-06,-1.5786316698e-10,6.7836e-02,1.0375
3091.41,-7.60914802e-04,4.006148e-03,7.515191e-06,-1.5787549046e-10,4.9041e-02,1.0375
3091.91,-4.99574177e-04,3.983351e-03,7.632744e-06,-1.5789769492e-10,3.1585e-02,1.0375
3092.42,-2.32584386e-04,3.939284e-03,7.775250e-06,-1.5791035146e-10,2.6078e-02,1.0375
3092.93,-6.03488503e-07,3.869566e-03,7.935958e-06,-1.5792889219e-10,1.9270e-02,1.0375
3093.43,1.53345605e-04,3.772409e-03,8.104814e-06,-1.5794787700e-10,1.9334e-02,1.0375
3093.94,1.94521749e-04,3.649390e-03,8.270748e-06,-1.5796886021e-10,2.2521e-02,1.0375
3094.45,1.06395897e-04,3.505412e-03,8.425200e-06,-1.5798773401e-10,2.5954e-02,1.0375
3094.95,-1.03962705e-04,3.347806e-03,8.564950e-06,-1.5800383224e-10,2.9708e-02,1.0375
3095.46,-4.07225879e-04,3.184886e-03,8.692574e-06,-1.5801782105e-10,3.4035e-02,1.0375
3095.97,-7.59115471e-04,3.024502e-03,8.814035e-06,-1.5802559261e-10,3.5662e-02,1.0375
3096.47,-1.11046947e-03,2.873201e-03,8.934467e-06,-1.5803136577e-10,3.6053e-02,1.0375
3096.98,-1.41628592e-03,2.736111e-03,9.054305e-06,-1.5803403031e-10,3.5171e-02,1.0375
3097.49,-1.64128310e-03,2.617262e-03,9.167877e-06,-1.5803869324e-10,3.2402e-02,1.0375
3097.99,-1.76158848e-03,2.519791e-03,9.265187e-06,-1.5804768605e-10,3.5076e-02,1.0375
3098.50,-1.76380871e-03,2.445698e-03,9.335723e-06,-1.5806544962e-10,3.8161e-02,1.0375
3099.01,-1.64339353e-03,2.395350e-03,9.372148e-06,-1.5808876430e-10,4.2026e-02,1.0375
3099.51,-1.40395785e-03,2.367160e-03,9.372177e-06,-1.5812950949e-10,4.6987e-02,1.0375
3100.02,-1.05837110e-03,2.357811e-03,9.338210e-06,-1.5817525068e-10,5.2658e-02,1.0375
3100.53,-6.31239024e-04,2.362893e-03,9.275380e-06,-1.5821222110e-10,5.8353e-02,1.0375
3101.03,-1.61165528e-04,2.378020e-03,9.189196e-06,-1.5823720112e-10,6.3208e-02,1.0375
3101.54,2.99664970e-04,2.399571e-03,9.083810e-06,-1.5824952460e-10,6.7027e-02,1.0375
3102.05,6.90855139e-04,2.424699e-03,8.961364e-06,-1.5825607491e-10,7.1447e-02,1.0375
3102.56,9.54643734e-04,2.451363e-03,8.822200e-06,-1.5825851740e-10,7.7608e-02,1.0375
3103.06,1.04980546e-03,2.478371e-03,8.665463e-06,-1.5826040478e-10,8.4155e-02,1.0375
3103.57,9.63570430e-04,2.505381e-03,8.489849e-06,-1.5826173705e-10,7.8446e-02,1.0375
3104.08,7.16358924e-04,2.533657e-03,8.293701e-06,-1.5826662203e-10,3.9806e-02,1.0375
3104.58,3.57085216e-04,2.566041e-03,8.075328e-06,-1.5826939759e-10,3.9313e-02,1.0500
3105.09,-4.88573369e-05,2.605998e-03,7.833644e-06,-1.5827072986e-10,3.6697e-02,1.0500
3105.60,-4.33949263e-04,2.656230e-03,7.569028e-06,-1.5827195110e-10,3.3670e-02,1.0500
3106.10,-7.40435021e-04,2.717444e-03,7.284161e-06,-1.5827195110e-10,3.2531e-02,1.0500
3106.61,-9.27369461e-04,2.787952e-03,6.984391e-06,-1.5827328337e-10,2.9773e-02,1.0500
3107.12,-9.73114686e-04,2.864364e-03,6.677263e-06,-1.5827550381e-10,2.6222e-02,1.0500
3107.62,-8.75049197e-04,2.943088e-03,6.370877e-06,-1.5827672506e-10,2.2326e-02,1.0500
3108.13,-6.48210115e-04,3.021957e-03,6.071310e-06,-1.5827916755e-10,2.2582e-02,1.0500
3108.64,-3.23528243e-04,3.101189e-03,5.780113e-06,-1.5828061084e-10,2.9081e-02,1.0500
3109.14,5.50038010e-05,3.183080e-03,5.493377e-06,-1.5828238720e-10,3.5826e-02,1.0500
3109.65,4.35675908e-04,3.270568e-03,5.203358e-06,-1.5828283129e-10,4.2697e-02,1.0500
3110.16,7.67930967e-04,3.365310e-03,4.902317e-06,-1.5828482969e-10,5.0141e-02,1.0500
3110.66,1.01390883e-03,3.466297e-03,4.587048e-06,-1.5828449662e-10,5.6862e-02,1.0500
3111.17,1.15926185e-03,3.569649e-03,4.262293e-06,-1.5828593991e-10,6.4090e-02,1.0500
3111.68,1.21830644e-03,3.669616e-03,3.941630e-06,-1.5828660604e-10,7.0938e-02,1.0500
3112.18,1.22962159e-03,3.760244e-03,3.644996e-06,-1.5828904854e-10,7.7942e-02,1.0500
3112.69,1.24181301e-03,3.836996e-03,3.392924e-06,-1.5828871547e-10,8.4909e-02,1.0500
3113.20,1.29352015e-03,3.897785e-03,3.199269e-06,-1.5828993671e-10,9.1825e-02,1.0500
3113.70,1.39469478e-03,3.943058e-03,3.066208e-06,-1.5829082489e-10,9.8705e-02,1.0500
3114.21,1.51666595e-03,3.975171e-03,2.985131e-06,-1.5829160205e-10,1.0556e-01,1.0500
3114.72,1.59643321e-03,3.997330e-03,2.942967e-06,-1.5829304534e-10,1.1239e-01,1.0500
3115.22,1.55599951e-03,4.012525e-03,2.929304e-06,-1.5829315636e-10,1.1921e-01,1.0500
3115.73,1.33095395e-03,4.022772e-03,2.939931e-06,-1.5829482169e-10,1.2600e-01,1.0500
3116.24,8.96753146e-04,4.028784e-03,2.975922e-06,-1.5829526578e-10,1.3277e-01,1.0500
3116.75,2.80759380e-04,4.030009e-03,3.040230e-06,-1.5829659805e-10,1.3953e-01,1.0500
3117.25,-4.45020275e-04,4.024875e-03,3.134409e-06,-1.5829715316e-10,1.4626e-01,1.0500
3117.76,-1.18556029e-03,4.011178e-03,3.257284e-06,-1.5829859645e-10,1.5297e-01,1.0500
3118.27,-1.84788988e-03,3.986504e-03,3.405724e-06,-1.5829881850e-10,1.5965e-01,1.0500
3118.77,-2.35996025e-03,3.948639e-03,3.576307e-06,-1.5829904054e-10,1.6632e-01,1.0500
3119.28,-2.67938603e-03,3.895922e-03,3.766219e-06,-1.5830070588e-10,1.7296e-01,1.0500
3119.79,-2.79350354e-03,3.827590e-03,3.972537e-06,-1.5830070588e-10,1.7958e-01,1.0500
3120.29,-2.71456368e-03,3.744178e-03,4.190422e-06,-1.5830325939e-10,1.8619e-01,1.0500
3120.80,-2.47353372e-03,3.647822e-03,4.411775e-06,-1.5830325939e-10,1.9287e-01,1.0500
3121.31,-2.11439998e-03,3.542211e-03,4.625803e-06,-1.5830559086e-10,1.9960e-01,1.0500
3121.81,-1.68929426e-03,3.431944e-03,4.821627e-06,-1.5841361556e-10,2.0411e-01,1.0437
3122.32,-1.25383216e-03,3.321297e-03,4.991822e-06,-1.5865364578e-10,3.6700e-02,1.0375
3122.83,-8.61922971e-04,3.212865e-03,5.135188e-06,-1.5867585024e-10,3.5832e-02,1.0375
3123.33,-5.59885543e-04,3.106824e-03,5.257511e-06,-1.5869550118e-10,3.5500e-02,1.0375
3123.84,-3.80627043e-04,3.001419e-03,5.369777e-06,-1.5871137737e-10,3.5312e-02,1.0375
3124.35,-3.39340956e-04,2.894600e-03,5.484277e-06,-1.5872247960e-10,3.4790e-02,1.0375
3124.85,-4.32139009e-04,2.786073e-03,5.609917e-06,-1.5872647641e-10,3.3189e-02,1.0375
3125.36,-6.38169117e-04,2.678749e-03,5.748710e-06,-1.5873247161e-10,3.6366e-02,1.0375
3125.87,-9.24563162e-04,2.578842e-03,5.895125e-06,-1.5874090931e-10,3.8651e-02,1.0375
3126.37,-1.25269293e-03,2.494484e-03,6.038637e-06,-1.5875656345e-10,4.0007e-02,1.0375
3126.88,-1.58409239e-03,2.433303e-03,6.168261e-06,-1.5877821280e-10,4.0783e-02,1.0375
3127.39,-1.88493797e-03,2.400070e-03,6.277013e-06,-1.5880197157e-10,4.1289e-02,1.0375
3127.89,-2.12876316e-03,2.395384e-03,6.364581e-06,-1.5882306581e-10,4.1608e-02,1.0375
3128.40,-2.29771588e-03,2.415871e-03,6.437360e-06,-1.5884238369e-10,4.1340e-02,1.0375
3128.91,-2.38292963e-03,2.455511e-03,6.506065e-06,-1.5885914806e-10,4.0067e-02,1.0375
3129.41,-2.38445673e-03,2.507404e-03,6.582047e-06,-1.5886991722e-10,3.7208e-02,1.0375
3129.92,-2.31083064e-03,2.565145e-03,6.673851e-06,-1.5887546834e-10,3.1617e-02,1.0375
3130.43,-2.17790036e-03,2.623681e-03,6.785247e-06,-1.5888246274e-10,3.0276e-02,1.0375
3130.94,-2.00638339e-03,2.679914e-03,6.915071e-06,-1.5890233573e-10,3.3225e-02,1.0375
3131.44,-1.81787144e-03,2.732585e-03,7.058381e-06,-1.5894430216e-10,3.7190e-02,1.0375
3131.95,-1.62985659e-03,2.781859e-03,7.208294e-06,-1.5899370709e-10,4.1962e-02,1.0375
3132.46,-1.45138358e-03,2.828850e-03,7.358028e-06,-1.5903722783e-10,4.7454e-02,1.0375
3132.96,-1.28145652e-03,2.875081e-03,7.502807e-06,-1.5906320705e-10,5.2964e-02,1.0375
3133.47,-1.11167814e-03,2.921993e-03,7.641256e-06,-1.5907541950e-10,5.8792e-02,1.0375
3133.98,-9.32791485e-04,2.970412e-03,7.775898e-06,-1.5908141471e-10,6.4749e-02,1.0375
3134.48,-7.42689602e-04,3.020159e-03,7.912537e-06,-1.5908407924e-10,7.1279e-02,1.0375
3134.99,-5.52263139e-04,3.069785e-03,8.058576e-06,-1.5908618867e-10,7.8131e-02,1.0375
3135.50,-3.85947159e-04,3.116821e-03,8.220732e-06,-1.5908707685e-10,8.4937e-02,1.0375
3136.00,-2.75936664e-04,3.158529e-03,8.402747e-06,-1.5908818707e-10,9.4514e-02,1.0375
3136.51,-2.51885376e-04,3.192735e-03,8.603806e-06,-1.5908974138e-10,9.9210e-02,1.0375
3137.02,-3.30125694e-04,3.218612e-03,8.818220e-06,-1.5909118467e-10,7.1495e-02,1.0375
3137.52,-5.06814764e-04,3.236963e-03,9.036604e-06,-1.5915002649e-10,3.3318e-02,1.0375
3138.03,-7.57611562e-04,3.249637e-03,9.248319e-06,-1.5915102569e-10,2.8703e-02,1.0500
3138.54,-1.04353497e-03,3.258867e-03,9.444360e-06,-1.5915235796e-10,2.4880e-02,1.0500
3139.04,-1.32025272e-03,3.266423e-03,9.619651e-06,-1.5915180285e-10,2.0713e-02,1.0500
3139.55,-1.54735179e-03,3.273012e-03,9.773859e-06,-1.5918455443e-10,2.7324e-02,1.0500
3140.06,-1.69501650e-03,3.278186e-03,9.910464e-06,-1.5921475249e-10,3.3904e-02,1.0500
3140.56,-1.74701312e-03,3.280792e-03,1.003454e-05,-1.5927248409e-10,4.0010e-02,1.0500
3141.07,-1.70005206e-03,3.279679e-03,1.015023e-05,-1.5949241927e-10,2.7254e-02,1.0375
3141.58,-1.56020891e-03,3.274325e-03,1.025900e-05,-1.5950096799e-10,3.3828e-02,1.0375
3142.08,-1.33741062e-03,3.265184e-03,1.035922e-05,-1.5951306942e-10,4.0840e-02,1.0375
3142.59,-1.03940340e-03,3.253648e-03,1.044684e-05,-1.5952061894e-10,4.7830e-02,1.0375
3143.10,-6.67215349e-04,3.241779e-03,1.051652e-05,-1.5952716925e-10,5.4256e-02,1.0375
3143.60,-2.14617617e-04,3.231923e-03,1.056232e-05,-1.5953149912e-10,6.0288e-02,1.0375
3144.11,3.26226219e-04,3.226275e-03,1.057823e-05,-1.5953349752e-10,6.6657e-02,1.0375
3144.62,9.52658936e-04,3.226617e-03,1.055878e-05,-1.5953438570e-10,6.8107e-02,1.0375
3145.13,1.63626755e-03,3.233783e-03,1.050023e-05,-1.5953727228e-10,5.5765e-02,1.0375
3145.63,2.31149838e-03,3.247247e-03,1.040173e-05,-1.5954382260e-10,3.9875e-02,1.0375
3146.14,2.87686709e-03,3.265046e-03,1.026590e-05,-1.5955015087e-10,2.7728e-02,1.0375
3146.65,3.21500081e-03,3.284148e-03,1.009802e-05,-1.5955603505e-10,1.9166e-02,1.0375
3147.15,3.22966146e-03,3.301214e-03,9.904172e-06,-1.5956436172e-10,1.7522e-02,1.0375
3147.66,2.88577145e-03,3.313401e-03,9.688808e-06,-1.5957957178e-10,2.1796e-02,1.0375
3148.17,2.23060035e-03,3.318983e-03,9.453051e-06,-1.5959666921e-10,2.5662e-02,1.0375
3148.67,1.38134322e-03,3.317777e-03,9.194418e-06,-1.5961620914e-10,2.9773e-02,1.0375
3149.18,4.85111495e-04,3.311165e-03,8.908125e-06,-1.5963663724e-10,3.4385e-02,1.0375
3149.69,-3.25210337e-04,3.301770e-03,8.589261e-06,-1.5965451183e-10,3.9475e-02,1.0375
3150.19,-9.56889541e-04,3.292887e-03,8.234917e-06,-1.5966972189e-10,4.4519e-02,1.0375
3150.70,-1.35913547e-03,3.287786e-03,7.845541e-06,-1.5968337763e-10,4.7717e-02,1.0375
3151.21,-1.51098940e-03,3.289047e-03,7.425242e-06,-1.5969270351e-10,5.0870e-02,1.0375
3151.71,-1.40993275e-03,3.298116e-03,6.981163e-06,-1.5969803258e-10,5.4632e-02,1.0375
3152.22,-1.06882123e-03,3.315258e-03,6.522230e-06,-1.5970280653e-10,6.2411e-02,1.0375
3152.73,-5.18649141e-04,3.339831e-03,6.057659e-06,-1.5970325062e-10,1.0124e-01,1.0375
3153.23,1.90420808e-04,3.370676e-03,5.595561e-06,-1.5970813561e-10,4.8293e-02,1.0375
3153.74,9.94907978e-04,3.406418e-03,5.141916e-06,-1.5972889678e-10,5.4771e-02,1.0375
3154.25,1.82936779e-03,3.445374e-03,4.700251e-06,-1.5975676337e-10,6.1865e-02,1.0375
3154.75,2.63690869e-03,3.485050e-03,4.272434e-06,-1.5977286161e-10,6.6881e-02,1.0375
3155.26,3.37293304e-03,3.522479e-03,3.861021e-06,-1.5977863477e-10,6.8202e-02,1.0375
3155.77,4.00141610e-03,3.553711e-03,3.473179e-06,-1.5978318668e-10,7.0981e-02,1.0375
3156.27,4.48885896e-03,3.574362e-03,3.125626e-06,-1.5978496304e-10,6.9325e-02,1.0375
3156.78,4.80279373e-03,3.580360e-03,2.848833e-06,-1.5978829371e-10,5.9343e-02,1.0375
3157.29,4.91801950e-03,3.568642e-03,2.685913e-06,-1.5979206847e-10,5.0036e-02,1.0375
3157.80,4.82747876e-03,3.537866e-03,2.678707e-06,-1.5979695345e-10,4.3113e-02,1.0375
3158.30,4.55064427e-03,3.488830e-03,2.842961e-06,-1.5980383683e-10,3.8029e-02,1.0375
3158.81,4.13344694e-03,3.424508e-03,3.156434e-06,-1.5981072021e-10,3.3761e-02,1.0375
3159.32,3.63895537e-03,3.349728e-03,3.573862e-06,-1.5981549417e-10,2.9539e-02,1.0375
3159.82,3.13309792e-03,3.270422e-03,4.048614e-06,-1.5982060120e-10,2.4694e-02,1.0375
3160.33,2.67137491e-03,3.192833e-03,4.544224e-06,-1.5982770663e-10,1.9987e-02,1.0375
3160.84,2.29065829e-03,3.122371e-03,5.037503e-06,-1.5984435997e-10,2.3456e-02,1.0375
3161.34,2.00706608e-03,3.062516e-03,5.517958e-06,-1.5986845181e-10,2.5044e-02,1.0375
3161.85,1.81862603e-03,3.014171e-03,5.985226e-06,-1.5989509716e-10,2.6462e-02,1.0375
3162.36,1.71063636e-03,2.975697e-03,6.444967e-06,-1.5992307478e-10,2.8343e-02,1.0375
3162.86,1.66182418e-03,2.943691e-03,6.904049e-06,-1.5995060831e-10,3.0935e-02,1.0375
3163.37,1.64994014e-03,2.914296e-03,7.366376e-06,-1.5997547731e-10,3.4389e-02,1.0375
3163.88,1.65597373e-03,2.884583e-03,7.830668e-06,-1.5999590541e-10,3.8742e-02,1.0375
3164.38,1.66667674e-03,2.853487e-03,8.290694e-06,-1.6001200365e-10,4.1452e-02,1.0375
3164.89,1.67557136e-03,2.821933e-03,8.737360e-06,-1.6002110748e-10,4.2823e-02,1.0375
3165.40,1.68304040e-03,2.792140e-03,9.161448e-06,-1.6002688064e-10,4.4677e-02,1.0375
3165.90,1.69627388e-03,2.766446e-03,9.555884e-06,-1.6002899006e-10,4.4615e-02,1.0375
3166.41,1.72954824e-03,2.746216e-03,9.916915e-06,-1.6003498526e-10,3.6974e-02,1.0375
3166.92,1.80443136e-03,2.731370e-03,1.024410e-05,-1.6004930714e-10,4.1154e-02,1.0375
3167.42,1.94828110e-03,2.720547e-03,1.053938e-05,-1.6007872805e-10,4.5449e-02,1.0375
3167.93,2.18855605e-03,2.711728e-03,1.080560e-05,-1.6011947324e-10,4.8740e-02,1.0375
3168.44,2.54101841e-03,2.702870e-03,1.104509e-05,-1.6015877513e-10,4.9993e-02,1.0375
3168.94,2.99272395e-03,2.692239e-03,1.125857e-05,-1.6019230387e-10,4.9494e-02,1.0375
3169.45,3.48564661e-03,2.678451e-03,1.144491e-05,-1.6021739491e-10,4.8171e-02,1.0375
3169.96,3.91177769e-03,2.660418e-03,1.160152e-05,-1.6023771199e-10,4.6692e-02,1.0375
3170.46,4.13089673e-03,2.637386e-03,1.172521e-05,-1.6025636373e-10,4.5342e-02,1.0375
3170.97,4.01295115e-03,2.609154e-03,1.181315e-05,-1.6027545957e-10,4.4214e-02,1.0375
3171.48,3.48968482e-03,2.576386e-03,1.186357e-05,-1.6029588767e-10,4.3572e-02,1.0375
3171.99,2.58785594e-03,2.540826e-03,1.187614e-05,-1.6032108974e-10,4.3984e-02,1.0375
3172.49,1.42378828e-03,2.505225e-03,1.185200e-05,-1.6034884531e-10,4.5484e-02,1.0375
3173.00,1.63234736e-04,2.472882e-03,1.179361e-05,-1.6037582373e-10,4.7781e-02,1.0375
3173.51,-1.02955038e-03,2.446939e-03,1.170421e-05,-1.6040013762e-10,5.0535e-02,1.0375
3174.01,-2.02958639e-03,2.429914e-03,1.158708e-05,-1.6042267514e-10,5.3493e-02,1.0375
3174.52,-2.76628326e-03,2.423630e-03,1.144443e-05,-1.6044021667e-10,5.6641e-02,1.0375
3175.03,-3.22024163e-03,2.429378e-03,1.127644e-05,-1.6045542672e-10,6.0250e-02,1.0375
3175.53,-3.41121628e-03,2.447980e-03,1.108103e-05,-1.6046675100e-10,6.4779e-02,1.0375
3176.04,-3.38476009e-03,2.479422e-03,1.085461e-05,-1.6047307927e-10,7.0114e-02,1.0375
3176.55,-3.20089767e-03,2.522140e-03,1.059398e-05,-1.6047474460e-10,7.6326e-02,1.0375
3177.05,-2.92507907e-03,2.572792e-03,1.029851e-05,-1.6047663198e-10,8.3120e-02,1.0375
3177.56,-2.62050953e-03,2.626149e-03,9.971774e-06,-1.6047696505e-10,9.0116e-02,1.0375
3178.07,-2.34127042e-03,2.675966e-03,9.621954e-06,-1.6047829732e-10,9.6389e-02,1.0375
3178.57,-2.12658320e-03,2.716505e-03,9.260564e-06,-1.6047951856e-10,8.0557e-02,1.0375
3179.08,-1.99732645e-03,2.743843e-03,8.899702e-06,-1.6048240514e-10,5.5331e-02,1.0375
3179.59,-1.95596540e-03,2.756577e-03,8.548626e-06,-1.6048551377e-10,3.8376e-02,1.0375
3180.09,-1.99027163e-03,2.756014e-03,8.211076e-06,-1.6049006568e-10,2.6819e-02,1.0375
3180.60,-2.07994587e-03,2.745646e-03,7.884804e-06,-1.6049639395e-10,2.8918e-02,1.0375
3181.11,-2.20415583e-03,2.730016e-03,7.563852e-06,-1.6051293628e-10,3.5821e-02,1.0375
3181.61,-2.34763612e-03,2.713566e-03,7.242709e-06,-1.6055434759e-10,3.8601e-02,1.0375
3182.12,-2.50354278e-03,2.699648e-03,6.920473e-06,-1.6063450570e-10,3.6286e-02,1.0375
3182.63,-2.67244155e-03,2.689954e-03,6.603170e-06,-1.6075674125e-10,3.1100e-02,1.0375
3183.13,-2.85814292e-03,2.684596e-03,6.303294e-06,-1.6089207744e-10,2.4262e-02,1.0375
3183.64,-3.06209940e-03,2.682652e-03,6.036801e-06,-1.6100787370e-10,1.8247e-02,1.0375
3184.15,-3.27851440e-03,2.682823e-03,5.818817e-06,-1.6109968914e-10,1.4325e-02,1.0375
3184.65,-3.49193616e-03,2.683942e-03,5.659845e-06,-1.6117429613e-10,1.7113e-02,1.0375
3185.16,-3.67832948e-03,2.685231e-03,5.563945e-06,-1.6122880808e-10,2.0254e-02,1.0375
3185.67,-3.80946123e-03,2.686456e-03,5.529100e-06,-1.6126822100e-10,2.3092e-02,1.0375
3186.18,-3.85933872e-03,2.688055e-03,5.548601e-06,-1.6129442226e-10,2.5516e-02,1.0375
3186.68,-3.81105710e-03,2.691266e-03,5.612057e-06,-1.6130929925e-10,2.7472e-02,1.0375
3187.19,-3.66212602e-03,2.698053e-03,5.705897e-06,-1.6131862512e-10,2.9073e-02,1.0375
3187.70,-3.42663176e-03,2.710651e-03,5.814480e-06,-1.6132584157e-10,2.2915e-02,1.0375
3188.20,-3.13347635e-03,2.730812e-03,5.922748e-06,-1.6134671377e-10,2.6729e-02,1.0375
3188.71,-2.82057882e-03,2.758998e-03,6.019920e-06,-1.6137347014e-10,3.0681e-02,1.0375
3189.22,-2.52619720e-03,2.793997e-03,6.102614e-06,-1.6139756198e-10,3.4911e-02,1.0375
3189.72,-2.27975457e-03,2.833271e-03,6.175661e-06,-1.6141721293e-10,3.9444e-02,1.0375
3190.23,-2.09505553e-03,2.873911e-03,6.249650e-06,-1.6144341419e-10,4.4201e-02,1.0375
3190.74,-1.96818953e-03,2.913813e-03,6.335517e-06,-1.6148049564e-10,4.8832e-02,1.0375
3191.24,-1.88056543e-03,2.952532e-03,6.438229e-06,-1.6152945648e-10,5.2412e-02,1.0375
3191.75,-1.80552764e-03,2.991382e-03,6.552781e-06,-1.6157897242e-10,5.4015e-02,1.0375
3192.26,-1.71612533e-03,3.032673e-03,6.665049e-06,-1.6162282623e-10,5.3915e-02,1.0375
3192.76,-1.59188221e-03,3.078412e-03,6.757212e-06,-1.6166090688e-10,5.3113e-02,1.0375
3193.27,-1.42316710e-03,3.129143e-03,6.814698e-06,-1.6169698913e-10,5.2348e-02,1.0375
3193.78,-1.21237556e-03,3.183526e-03,6.831159e-06,-1.6173051787e-10,5.1917e-02,1.0375
3194.28,-9.71839003e-04,3.238862e-03,6.809567e-06,-1.6176060491e-10,5.1850e-02,1.0375
3194.79,-7.19384086e-04,3.292169e-03,6.759687e-06,-1.6179235729e-10,5.2116e-02,1.0375
3195.30,-4.73271734e-04,3.341136e-03,6.693691e-06,-1.6182000184e-10,5.2667e-02,1.0375
3195.80,-2.48125938e-04,3.384540e-03,6.622269e-06,-1.6184709128e-10,5.3462e-02,1.0375
3196.31,-5.24166931e-05,3.422112e-03,6.552883e-06,-1.6187229335e-10,5.4489e-02,1.0375
3196.82,1.12971258e-04,3.454176e-03,6.490295e-06,-1.6189605212e-10,5.5758e-02,1.0375
3197.32,2.55676266e-04,3.481423e-03,6.437949e-06,-1.6191625818e-10,5.7285e-02,1.0375
3197.83,3.92128739e-04,3.504954e-03,6.398490e-06,-1.6193413277e-10,5.9060e-02,1.0375
3198.34,5.46152974e-04,3.526357e-03,6.372860e-06,-1.6195011998e-10,6.0955e-02,1.0375
3198.84,7.44807009e-04,3.547376e-03,6.359087e-06,-1.6196355368e-10,6.2676e-02,1.0375
3199.35,1.01111946e-03,3.569067e-03,6.352476e-06,-1.6197421182e-10,6.3669e-02,1.0375
3199.86,1.35463697e-03,3.590794e-03,6.347942e-06,-1.6198409281e-10,6.3019e-02,1.0375
3200.37,1.76208164e-03,3.609704e-03,6.343390e-06,-1.6199530606e-10,5.9704e-02,1.0375
3200.87,2.19167388e-03,3.621153e-03,6.342154e-06,-1.6200429886e-10,5.3577e-02,1.0375
3201.38,2.57522136e-03,3.619993e-03,6.352990e-06,-1.6201762154e-10,4.5852e-02,1.0375
3201.89,2.83074904e-03,3.602150e-03,6.387422e-06,-1.6203371977e-10,3.8036e-02,1.0375
3202.39,2.88435337e-03,3.565817e-03,6.455584e-06,-1.6204937392e-10,3.0840e-02,1.0375
3202.90,2.69427256e-03,3.511904e-03,6.562442e-06,-1.6205936593e-10,2.4333e-02,1.0375
3203.41,2.26677343e-03,3.443700e-03,6.706163e-06,-1.6207135634e-10,2.1386e-02,1.0375
3203.91,1.65615702e-03,3.365971e-03,6.879191e-06,-1.6208934195e-10,2.5976e-02,1.0375
3204.42,9.49210221e-04,3.283759e-03,7.071144e-06,-1.6211609832e-10,2.8935e-02,1.0375
3204.93,2.42120127e-04,3.201257e-03,7.271912e-06,-1.6214696252e-10,3.1613e-02,1.0375
3205.43,-3.80041875e-04,3.121069e-03,7.473730e-06,-1.6217527321e-10,3.4691e-02,1.0375
3205.94,-8.54858890e-04,3.044069e-03,7.671884e-06,-1.6220080834e-10,3.8604e-02,1.0375
3206.45,-1.14440486e-03,2.969843e-03,7.864342e-06,-1.6222012622e-10,4.2112e-02,1.0375
3206.95,-1.23075389e-03,2.897405e-03,8.050803e-06,-1.6223011823e-10,4.2985e-02,1.0375
3207.46,-1.10998201e-03,2.825825e-03,8.231644e-06,-1.6223566934e-10,4.4674e-02,1.0375
3207.97,-7.88930659e-04,2.754488e-03,8.407097e-06,-1.6223911103e-10,3.3983e-02,1.0375
3208.47,-2.87266616e-04,2.682916e-03,8.576757e-06,-1.6224688260e-10,3.9509e-02,1.0375
3208.98,3.55281800e-04,2.611065e-03,8.739251e-06,-1.6225987221e-10,4.5575e-02,1.0375
3209.49,1.07012000e-03,2.539555e-03,8.891880e-06,-1.6227108546e-10,5.1866e-02,1.0375
3209.99,1.75646793e-03,2.469909e-03,9.030321e-06,-1.6227885702e-10,5.8190e-02,1.0375
3210.50,2.29154561e-03,2.404874e-03,9.148848e-06,-1.6228463018e-10,6.4551e-02,1.0375
3211.01,2.55761627e-03,2.347954e-03,9.241363e-06,-1.6228740574e-10,7.1066e-02,1.0375
3211.51,2.47872746e-03,2.302225e-03,9.303020e-06,-1.6228951516e-10,7.7827e-02,1.0375
3212.02,2.05004678e-03,2.268800e-03,9.331716e-06,-1.6229029232e-10,7.8624e-02,1.0375
3212.53,1.34313541e-03,2.246925e-03,9.328673e-06,-1.6229595445e-10,5.2200e-02,1.0375
3213.03,4.83713097e-04,2.234288e-03,9.297747e-06,-1.6230583544e-10,3.2411e-02,1.0375
3213.54,-3.85821675e-04,2.228134e-03,9.243666e-06,-1.6232504230e-10,3.7061e-02,1.0375
3214.05,-1.14125904e-03,2.227255e-03,9.169898e-06,-1.6237688971e-10,4.0499e-02,1.0375
3214.56,-1.69739482e-03,2.233148e-03,9.077104e-06,-1.6246293200e-10,4.2831e-02,1.0375
3215.06,-2.01369026e-03,2.249798e-03,8.962879e-06,-1.6257228896e-10,4.4066e-02,1.0375
3215.57,-2.09005201e-03,2.282297e-03,8.822937e-06,-1.6268419945e-10,4.4584e-02,1.0375
3216.08,-1.95866214e-03,2.334705e-03,8.653197e-06,-1.6278511872e-10,4.3993e-02,1.0375
3216.58,-1.67518580e-03,2.408517e-03,8.451927e-06,-1.6286538784e-10,4.1379e-02,1.0375
3217.09,-1.30981884e-03,2.502387e-03,8.221166e-06,-1.6293255634e-10,3.6380e-02,1.0375
3217.60,-9.37244008e-04,2.612801e-03,7.966848e-06,-1.6303680628e-10,2.9577e-02,1.0375
3218.10,-6.25052095e-04,2.735413e-03,7.697482e-06,-1.6323031815e-10,2.2282e-02,1.0500
3218.61,-4.21927508e-04,2.866349e-03,7.421714e-06,-1.6323098428e-10,1.9055e-02,1.0500
3219.12,-3.48529669e-04,3.003010e-03,7.145701e-06,-1.6323231655e-10,1.9007e-02,1.0500
3219.62,-3.94123901e-04,3.144157e-03,6.871534e-06,-1.6323387086e-10,2.3836e-02,1.0500
3220.13,-5.20241793e-04,3.289371e-03,6.597563e-06,-1.6323509211e-10,2.8636e-02,1.0500
3220.64,-6.70075115e-04,3.438283e-03,6.320503e-06,-1.6323686847e-10,3.6900e-02,1.0500
3221.14,-7.80650721e-04,3.589896e-03,6.038172e-06,-1.6323964402e-10,4.8301e-02,1.0500
3221.65,-7.94981189e-04,3.742180e-03,5.751500e-06,-1.6323953300e-10,5.5643e-02,1.0500
3222.16,-6.72749219e-04,3.892271e-03,5.465049e-06,-1.6324042118e-10,5.8082e-02,1.0500
3222.66,-3.99258504e-04,4.036652e-03,5.186190e-06,-1.6324064323e-10,5.8918e-02,1.0500
3223.17,7.72572317e-06,4.171547e-03,4.923796e-06,-1.6324230856e-10,6.2144e-02,1.0500
3223.68,4.95069051e-04,4.293279e-03,4.687235e-06,-1.6324241958e-10,6.8965e-02,1.0500
3224.18,9.78719768e-04,4.398552e-03,4.485638e-06,-1.6324397389e-10,7.6648e-02,1.0500
3224.69,1.35864750e-03,4.484724e-03,4.326504e-06,-1.6324464003e-10,8.4129e-02,1.0500
3225.20,1.54354930e-03,4.550111e-03,4.212873e-06,-1.6324663843e-10,9.0160e-02,1.0500
3225.70,1.47819996e-03,4.594319e-03,4.140166e-06,-1.6324752661e-10,9.6676e-02,1.0500
3226.21,1.16192981e-03,4.618370e-03,4.095613e-06,-1.6324719354e-10,1.0354e-01,1.0500
3226.72,6.49220270e-04,4.624626e-03,4.062324e-06,-1.6324852581e-10,1.1062e-01,1.0500
3227.22,3.24097403e-05,4.616389e-03,4.026742e-06,-1.6324941399e-10,1.1720e-01,1.0500
3227.73,-5.84561257e-04,4.596723e-03,3.985790e-06,-1.6324985808e-10,1.2400e-01,1.0500
3228.24,-1.10995923e-03,4.568635e-03,3.949996e-06,-1.6325096830e-10,1.3078e-01,1.0500
3228.75,-1.47846880e-03,4.535838e-03,3.940178e-06,-1.6325252261e-10,1.3753e-01,1.0500
3229.25,-1.65500165e-03,4.500970e-03,3.977193e-06,-1.6325429897e-10,1.4427e-01,1.0500
3229.76,-1.63145793e-03,4.465726e-03,4.069233e-06,-1.6325474306e-10,1.5099e-01,1.0500
3230.27,-1.42067025e-03,4.430846e-03,4.205106e-06,-1.6325440999e-10,1.5768e-01,1.0500
3230.77,-1.05054476e-03,4.396191e-03,4.359008e-06,-1.6325607533e-10,1.6435e-01,1.0500
3231.28,-5.59638098e-04,4.360498e-03,4.503032e-06,-1.6325707453e-10,1.7100e-01,1.0500
3231.79,6.02832572e-06,4.321751e-03,4.618980e-06,-1.6325796270e-10,1.7763e-01,1.0500
3232.29,5.95917953e-04,4.277054e-03,4.703951e-06,-1.6325818475e-10,1.8422e-01,1.0500
3232.80,1.15881622e-03,4.222370e-03,4.768823e-06,-1.6325907293e-10,1.9092e-01,1.0500
3233.31,1.64814115e-03,4.155070e-03,4.831327e-06,-1.6326040519e-10,1.9766e-01,1.0500
3233.81,2.02826888e-03,4.074223e-03,4.907004e-06,-1.6335066633e-10,2.0189e-01,1.0500
3234.32,2.28029678e-03,3.980989e-03,5.002242e-06,-1.6361267896e-10,5.4368e-02,1.0375
3234.83,2.40512632e-03,3.878728e-03,5.112669e-06,-1.6361489941e-10,5.9861e-02,1.0375
3235.33,2.42227322e-03,3.772337e-03,5.227450e-06,-1.6361645372e-10,6.5877e-02,1.0375
3235.84,2.36428492e-03,3.666724e-03,5.334972e-06,-1.6361745292e-10,7.2718e-02,1.0375
3236.35,2.26830910e-03,3.565897e-03,5.427203e-06,-1.6361789701e-10,7.9780e-02,1.0375
3236.85,2.16733594e-03,3.472307e-03,5.501330e-06,-1.6362033950e-10,7.6263e-02,1.0375
3237.36,2.08353532e-03,3.387343e-03,5.558987e-06,-1.6362144972e-10,3.0151e-02,1.0375
3237.87,2.02517980e-03,3.311484e-03,5.604544e-06,-1.6362811106e-10,1.6506e-02,1.0375
3238.37,1.98744902e-03,3.244147e-03,5.643662e-06,-1.6362866617e-10,2.2104e-02,1.0500
3238.88,1.95639974e-03,3.183779e-03,5.682439e-06,-1.6362911026e-10,2.3864e-02,1.0500
3239.39,1.91472497e-03,3.128218e-03,5.726919e-06,-1.6363044253e-10,2.3171e-02,1.0500
3239.89,1.84762425e-03,3.075264e-03,5.782396e-06,-1.6363166377e-10,2.1035e-02,1.0500
3240.40,1.74721122e-03,3.023367e-03,5.852419e-06,-1.6363244093e-10,1.9343e-02,1.0500
3240.91,1.61447494e-03,2.971973e-03,5.938159e-06,-1.6363299604e-10,2.6110e-02,1.0500
3241.42,1.45881995e-03,2.921690e-03,6.037828e-06,-1.6363499444e-10,3.2860e-02,1.0500
3241.92,1.29624093e-03,2.874404e-03,6.147502e-06,-1.6363477240e-10,3.9261e-02,1.0500
3242.43,1.14765473e-03,2.832981e-03,6.263145e-06,-1.6363654876e-10,4.6306e-02,1.0500
3242.94,1.03841403e-03,2.800485e-03,6.382796e-06,-1.6363754796e-10,5.3633e-02,1.0500
3243.44,9.98682212e-04,2.779206e-03,6.507845e-06,-1.6363788102e-10,6.0879e-02,1.0500
3243.95,1.06279868e-03,2.769979e-03,6.642800e-06,-1.6363876920e-10,6.7694e-02,1.0500
3244.46,1.26486769e-03,2.772191e-03,6.793867e-06,-1.6364065658e-10,7.4516e-02,1.0500
3244.96,1.62830878e-03,2.784394e-03,6.966550e-06,-1.6364032351e-10,8.1494e-02,1.0500
3245.47,2.14947771e-03,2.805056e-03,7.163302e-06,-1.6364143374e-10,8.8448e-02,1.0500
3245.98,2.77975175e-03,2.832916e-03,7.382332e-06,-1.6364276600e-10,9.5343e-02,1.0500
3246.48,3.41562373e-03,2.866741e-03,7.618049e-06,-1.6364254396e-10,1.0221e-01,1.0500
3246.99,3.90894810e-03,2.904669e-03,7.862875e-06,-1.6364432032e-10,1.0905e-01,1.0500
3247.50,4.10399104e-03,2.943666e-03,8.109591e-06,-1.6364576361e-10,1.1587e-01,1.0500
3248.00,3.89209828e-03,2.979567e-03,8.353219e-06,-1.6364609667e-10,1.2267e-01,1.0500
3248.51,3.25770927e-03,3.007790e-03,8.591690e-06,-1.6364742894e-10,1.2945e-01,1.0500
3249.02,2.28857954e-03,3.024408e-03,8.825179e-06,-1.6364753996e-10,1.3621e-01,1.0500
3249.52,1.14437042e-03,3.027120e-03,9.054631e-06,-1.6364842814e-10,1.4295e-01,1.0500
3250.03,3.65572117e-06,3.015659e-03,9.280447e-06,-1.6364998245e-10,1.4967e-01,1.0500
3250.54,-9.82502661e-04,2.991461e-03,9.502022e-06,-1.6365142574e-10,1.5637e-01,1.0500
3251.04,-1.71420191e-03,2.956768e-03,9.718170e-06,-1.6365231392e-10,1.6304e-01,1.0500
3251.55,-2.14424821e-03,2.913660e-03,9.927730e-06,-1.6365286903e-10,1.6971e-01,1.0500
3252.06,-2.26746351e-03,2.863624e-03,1.012957e-05,-1.6365286903e-10,1.7646e-01,1.0500
3252.56,-2.10771343e-03,2.808033e-03,1.032178e-05,-1.6365386823e-10,1.8343e-01,1.0500
3253.07,-1.70842512e-03,2.749287e-03,1.050055e-05,-1.6374768208e-10,1.8837e-01,1.0500
3253.58,-1.12798781e-03,2.691809e-03,1.065989e-05,-1.6385903745e-10,1.9084e-01,1.0437
3254.08,-4.38380789e-04,2.641885e-03,1.079270e-05,-1.6404622105e-10,4.8670e-02,1.0375
3254.59,2.76299765e-04,2.605842e-03,1.089293e-05,-1.6405421466e-10,5.0250e-02,1.0375
3255.10,9.25023201e-04,2.587213e-03,1.095779e-05,-1.6406376258e-10,5.1515e-02,1.0375
3255.61,1.42080673e-03,2.584622e-03,1.098863e-05,-1.6407519787e-10,5.2297e-02,1.0375
3256.11,1.69622197e-03,2.591977e-03,1.098985e-05,-1.6408840953e-10,5.2493e-02,1.0375
3256.62,1.71831814e-03,2.601070e-03,1.096632e-05,-1.6410284243e-10,5.0996e-02,1.0375
3257.13,1.49626217e-03,2.605150e-03,1.092064e-05,-1.6411538795e-10,4.9415e-02,1.0375
3257.63,1.07753793e-03,2.601614e-03,1.085182e-05,-1.6412760040e-10,4.6778e-02,1.0375
3258.14,5.34004406e-04,2.592769e-03,1.075579e-05,-1.6413792547e-10,4.7503e-02,1.0375
3258.65,-5.62689909e-05,2.584562e-03,1.062762e-05,-1.6414825055e-10,4.6796e-02,1.0375
3259.15,-6.24628974e-04,2.584062e-03,1.046373e-05,-1.6415913073e-10,4.8918e-02,1.0375
3259.66,-1.12084801e-03,2.596915e-03,1.026307e-05,-1.6416867865e-10,5.0337e-02,1.0375
3260.17,-1.51515245e-03,2.625971e-03,1.002682e-05,-1.6417611715e-10,5.0818e-02,1.0375
3260.67,-1.79541426e-03,2.671432e-03,9.756819e-06,-1.6418111315e-10,5.3319e-02,1.0375
3261.18,-1.96229832e-03,2.731879e-03,9.454242e-06,-1.6418433280e-10,6.2416e-02,1.0375
3261.69,-2.02450617e-03,2.805133e-03,9.119206e-06,-1.6418666426e-10,4.6689e-02,1.0375
3262.19,-1.99519282e-03,2.888381e-03,8.751754e-06,-1.6419821058e-10,5.4589e-02,1.0375
3262.70,-1.88978596e-03,2.977769e-03,8.353454e-06,-1.6422330162e-10,5.2868e-02,1.0375
3263.21,-1.72503623e-03,3.068063e-03,7.928457e-06,-1.6425349969e-10,5.6789e-02,1.0375
3263.71,-1.51906548e-03,3.153012e-03,7.483029e-06,-1.6427526006e-10,6.2823e-02,1.0375
3264.22,-1.29217130e-03,3.226871e-03,7.023392e-06,-1.6428314265e-10,6.5888e-02,1.0375
3264.73,-1.06794640e-03,3.285437e-03,6.552899e-06,-1.6428547411e-10,6.7913e-02,1.0375
3265.23,-8.73895153e-04,3.327228e-03,6.070418e-06,-1.6428680638e-10,6.8937e-02,1.0375
3265.74,-7.40487261e-04,3.353572e-03,5.571558e-06,-1.6428802763e-10,4.6847e-02,1.0375
3266.25,-6.97885463e-04,3.367589e-03,5.052776e-06,-1.6429146932e-10,3.0854e-02,1.0375
3266.75,-7.70558687e-04,3.372875e-03,4.516450e-06,-1.6429624328e-10,2.0364e-02,1.0375
3267.26,-9.71261800e-04,3.372417e-03,3.974203e-06,-1.6430568017e-10,2.4086e-02,1.0375
3267.77,-1.29664606e-03,3.368139e-03,3.446747e-06,-1.6432599725e-10,2.7982e-02,1.0375
3268.27,-1.72641232e-03,3.361093e-03,2.960883e-06,-1.6435874883e-10,3.1749e-02,1.0375
3268.78,-2.22649000e-03,3.351873e-03,2.546919e-06,-1.6440715456e-10,3.5072e-02,1.0375
3269.29,-2.75504323e-03,3.340800e-03,2.240443e-06,-1.6446766171e-10,3.7662e-02,1.0375
3269.80,-3.26915791e-03,3.327720e-03,2.086207e-06,-1.6453916007e-10,3.9230e-02,1.0375
3270.30,-3.73027011e-03,3.311658e-03,2.127164e-06,-1.6461243479e-10,3.9961e-02,1.0375
3270.81,-4.10740471e-03,3.290703e-03,2.370998e-06,-1.6467516240e-10,3.8096e-02,1.0375
3271.32,-4.37839192e-03,3.262512e-03,2.776385e-06,-1.6473244990e-10,2.9457e-02,1.0375
3271.82,-4.52987670e-03,3.225387e-03,3.279762e-06,-1.6480161680e-10,1.7036e-02,1.0375
3272.33,-4.55698703e-03,3.179085e-03,3.822933e-06,-1.6490253607e-10,1.0373e-02,1.0375
3272.84,-4.46313651e-03,3.125050e-03,4.364446e-06,-1.6503898248e-10,1.3341e-02,1.0375
3273.34,-4.25989091e-03,3.065967e-03,4.882535e-06,-1.6517809343e-10,1.6463e-02,1.0375
3273.85,-3.96645979e-03,3.004788e-03,5.374068e-06,-1.6530765645e-10,1.9665e-02,1.0375
3274.36,-3.60823480e-03,2.943763e-03,5.849654e-06,-1.6541235048e-10,2.2851e-02,1.0375
3274.86,-3.21422323e-03,2.884002e-03,6.325214e-06,-1.6549317472e-10,2.5880e-02,1.0375
3275.37,-2.81350858e-03,2.825865e-03,6.812308e-06,-1.6555701254e-10,2.8576e-02,1.0500
3275.88,-2.43133590e-03,2.769867e-03,7.311186e-06,-1.6555756766e-10,3.0797e-02,1.0500
3276.38,-2.08579859e-03,2.717437e-03,7.809936e-06,-1.6555901095e-10,3.2231e-02,1.0500
3276.89,-1.78589501e-03,2.670881e-03,8.289754e-06,-1.6555889992e-10,3.2766e-02,1.0500
3277.40,-1.53190627e-03,2.632344e-03,8.732993e-06,-1.6556100935e-10,3.2093e-02,1.0500
3277.90,-1.31908625e-03,2.602371e-03,9.129799e-06,-1.6556123139e-10,3.6771e-02,1.0500
3278.41,-1.14454747e-03,2.579058e-03,9.480674e-06,-1.6556156446e-10,3.8526e-02,1.0500
3278.92,-1.01424569e-03,2.558269e-03,9.794554e-06,-1.6556245264e-10,4.0982e-02,1.0500
3279.42,-9.44556566e-04,2.534901e-03,1.008371e-05,-1.6556378490e-10,4.8200e-02,1.0500
3279.93,-9.55207731e-04,2.504662e-03,1.035784e-05,-1.6556589433e-10,5.5396e-02,1.0500
3280.44,-1.05723600e-03,2.465510e-03,1.062001e-05,-1.6556567228e-10,6.2588e-02,1.0500
3280.94,-1.24440729e-03,2.418254e-03,1.086586e-05,-1.6556711557e-10,6.9395e-02,1.0500
3281.45,-1.49317520e-03,2.366227e-03,1.108629e-05,-1.6556778171e-10,7.6147e-02,1.0500
3281.96,-1.76787258e-03,2.314242e-03,1.127160e-05,-1.6556833682e-10,8.3058e-02,1.0500
3282.46,-2.02398872e-03,2.267238e-03,1.141525e-05,-1.6556911397e-10,8.9952e-02,1.0500
3282.97,-2.20757380e-03,2.229117e-03,1.151559e-05,-1.6557044624e-10,9.6826e-02,1.0500
3283.48,-2.25684386e-03,2.202178e-03,1.157546e-05,-1.6557044624e-10,1.0368e-01,1.0500
3283.99,-2.11343041e-03,2.187286e-03,1.160020e-05,-1.6557266669e-10,1.1052e-01,1.0500
3284.49,-1.74325969e-03,2.184547e-03,1.159515e-05,-1.6557277771e-10,1.1734e-01,1.0500
3285.00,-1.15770891e-03,2.193926e-03,1.156378e-05,-1.6557377691e-10,1.2413e-01,1.0500
3285.51,-4.22720445e-04,2.215347e-03,1.150685e-05,-1.6557466509e-10,1.3091e-01,1.0500
3286.01,3.51075708e-04,2.248254e-03,1.142275e-05,-1.6557499816e-10,1.3766e-01,1.0500
3286.52,1.03493378e-03,2.291037e-03,1.130861e-05,-1.6557633042e-10,1.4440e-01,1.0500
3287.03,1.51579173e-03,2.340885e-03,1.116162e-05,-1.6557677451e-10,1.5111e-01,1.0500
3287.53,1.72592302e-03,2.394154e-03,1.098014e-05,-1.6557788474e-10,1.5784e-01,1.0500
3288.04,1.65987817e-03,2.447138e-03,1.076441e-05,-1.6557855087e-10,1.6461e-01,1.0500
3288.55,1.37516388e-03,2.496692e-03,1.051677e-05,-1.6558077132e-10,1.7142e-01,1.0500
3289.05,9.78036138e-04,2.540446e-03,1.024162e-05,-1.6569334793e-10,1.7732e-01,1.0437
3289.56,5.99378537e-04,2.576553e-03,9.945121e-06,-1.6578016737e-10,1.8050e-01,1.0500
3290.07,3.67298815e-04,2.603358e-03,9.634579e-06,-1.6601064967e-10,5.7575e-02,1.0375
3290.57,3.82630090e-04,2.619424e-03,9.317537e-06,-1.6602952346e-10,5.1941e-02,1.0375
3291.08,7.01386622e-04,2.624066e-03,9.000600e-06,-1.6605483655e-10,4.2824e-02,1.0375
3291.59,1.32540355e-03,2.618176e-03,8.688267e-06,-1.6607382136e-10,3.2364e-02,1.0375
3292.09,2.20021337e-03,2.604778e-03,8.382285e-06,-1.6608914244e-10,2.2041e-02,1.0375
3292.60,3.21897596e-03,2.588713e-03,8.082052e-06,-1.6611312326e-10,2.4084e-02,1.0375
3293.11,4.23340873e-03,2.575313e-03,7.786289e-06,-1.6615420151e-10,2.5660e-02,1.0375
3293.61,5.07527116e-03,2.568499e-03,7.495474e-06,-1.6620227417e-10,2.6627e-02,1.0375
3294.12,5.59064736e-03,2.569444e-03,7.213960e-06,-1.6625090193e-10,2.7942e-02,1.0375
3294.63,5.68105362e-03,2.576598e-03,6.950501e-06,-1.6629408961e-10,2.9748e-02,1.0375
3295.13,5.33495784e-03,2.587146e-03,6.716430e-06,-1.6632950572e-10,3.1989e-02,1.0375
3295.64,4.63208298e-03,2.599066e-03,6.521899e-06,-1.6635748334e-10,3.4671e-02,1.0375
3296.15,3.71632349e-03,2.612703e-03,6.371800e-06,-1.6637680122e-10,3.7958e-02,1.0375
3296.65,2.75121546e-03,2.631069e-03,6.264126e-06,-1.6638590505e-10,3.6350e-02,1.0375
3297.16,1.87924939e-03,2.658803e-03,6.191459e-06,-1.6639289946e-10,2.6791e-02,1.0375
3297.67,1.19918450e-03,2.700275e-03,6.144902e-06,-1.6640744338e-10,3.0738e-02,1.0375
3298.18,7.63017048e-04,2.757735e-03,6.118128e-06,-1.6643042500e-10,3.5134e-02,1.0375
3298.68,5.85927381e-04,2.830306e-03,6.109154e-06,-1.6646317658e-10,4.0063e-02,1.0375
3299.19,6.60651337e-04,2.914114e-03,6.119232e-06,-1.6650048007e-10,4.5487e-02,1.0375
3299.70,9.69451044e-04,3.003303e-03,6.150063e-06,-1.6652934587e-10,5.1271e-02,1.0375
3300.20,1.48923566e-03,3.091356e-03,6.201117e-06,-1.6654777557e-10,5.7178e-02,1.0375
3300.71,2.18762778e-03,3.172451e-03,6.268389e-06,-1.6655721247e-10,6.3164e-02,1.0375
3301.22,3.01083215e-03,3.242243e-03,6.344867e-06,-1.6656254154e-10,6.9361e-02,1.0375
3301.72,3.86899001e-03,3.298435e-03,6.422060e-06,-1.6656442892e-10,7.5880e-02,1.0375
3302.23,4.63019229e-03,3.341070e-03,6.491634e-06,-1.6656664936e-10,8.0306e-02,1.0375
3302.74,5.13590358e-03,3.372738e-03,6.546516e-06,-1.6657220048e-10,6.4194e-02,1.0375
3303.24,5.24212616e-03,3.397762e-03,6.581406e-06,-1.6658374680e-10,4.1128e-02,1.0375
3303.75,4.87233451e-03,3.421393e-03,6.592974e-06,-1.6660073321e-10,3.0750e-02,1.0375
3304.26,4.05327629e-03,3.448812e-03,6.580066e-06,-1.6661549918e-10,2.9950e-02,1.0375
3304.76,2.91047494e-03,3.484168e-03,6.543989e-06,-1.6663725955e-10,2.8523e-02,1.0375
3305.27,1.62584566e-03,3.530005e-03,6.488577e-06,-1.6666623637e-10,2.6652e-02,1.0375
3305.78,3.82565374e-04,3.587189e-03,6.419595e-06,-1.6669410297e-10,2.4186e-02,1.0375
3306.28,-6.76405700e-04,3.655269e-03,6.343251e-06,-1.6671430902e-10,2.0789e-02,1.0375
3306.79,-1.46526005e-03,3.732926e-03,6.264077e-06,-1.6672752068e-10,1.8073e-02,1.0375
3307.30,-1.95237839e-03,3.818257e-03,6.183039e-06,-1.6673684655e-10,2.1502e-02,1.0375
3307.80,-2.14812887e-03,3.908795e-03,6.096967e-06,-1.6675116843e-10,2.6138e-02,1.0375
3308.31,-2.09204190e-03,4.001412e-03,6.000079e-06,-1.6677470516e-10,3.1321e-02,1.0375
3308.82,-1.84312957e-03,4.092253e-03,5.887376e-06,-1.6680357096e-10,3.6996e-02,1.0375
3309.32,-1.47308978e-03,4.176898e-03,5.758677e-06,-1.6683443516e-10,4.2934e-02,1.0375
3309.83,-1.06011314e-03,4.250795e-03,5.621312e-06,-1.6686108051e-10,4.8974e-02,1.0375
3310.34,-6.81016732e-04,4.309987e-03,5.489636e-06,-1.6687706772e-10,5.4938e-02,1.0375
3310.84,-4.01086431e-04,4.351789e-03,5.380576e-06,-1.6688628257e-10,6.0980e-02,1.0375
3311.35,-2.63464961e-04,4.375359e-03,5.306824e-06,-1.6688950222e-10,6.7369e-02,1.0375
3311.86,-2.81711069e-04,4.381887e-03,5.271743e-06,-1.6689127857e-10,7.4210e-02,1.0375
3312.37,-4.38868542e-04,4.374243e-03,5.270011e-06,-1.6689205573e-10,8.0983e-02,1.0375
3312.87,-6.93883421e-04,4.356078e-03,5.294071e-06,-1.6689338800e-10,8.8426e-02,1.0375
3313.38,-9.93037884e-04,4.330560e-03,5.341809e-06,-1.6689516436e-10,7.1723e-02,1.0375
3313.89,-1.28227938e-03,4.300370e-03,5.419717e-06,-1.6689893911e-10,4.2663e-02,1.0500
3314.39,-1.51679259e-03,4.266580e-03,5.538929e-06,-1.6689938320e-10,4.5318e-02,1.0500
3314.90,-1.66613411e-03,4.228914e-03,5.706556e-06,-1.6690093751e-10,4.6863e-02,1.0500
3315.41,-1.71529149e-03,4.186348e-03,5.918650e-06,-1.6690149263e-10,4.8257e-02,1.0500
3315.91,-1.66316765e-03,4.137607e-03,6.160191e-06,-1.6690315796e-10,4.7306e-02,1.0500
3316.42,-1.52008299e-03,4.081474e-03,6.411946e-06,-1.6690238080e-10,3.9980e-02,1.0500
3316.93,-1.30529942e-03,4.016913e-03,6.659224e-06,-1.6690515636e-10,3.0057e-02,1.0500
3317.43,-1.04477515e-03,3.943022e-03,6.897337e-06,-1.6690515636e-10,3.0574e-02,1.0500
3317.94,-7.68736605e-04,3.859085e-03,7.131441e-06,-1.6690659965e-10,3.7434e-02,1.0500
3318.45,-5.08462820e-04,3.764783e-03,7.371405e-06,-1.6690782090e-10,4.3799e-02,1.0500
3318.95,-2.92021120e-04,3.660480e-03,7.624470e-06,-1.6690793192e-10,5.0871e-02,1.0500
3319.46,-1.39440378e-04,3.547425e-03,7.889572e-06,-1.6690915317e-10,5.8229e-02,1.0500
3319.97,-5.85592241e-05,3.427712e-03,8.156372e-06,-1.6691004134e-10,6.5485e-02,1.0500
3320.47,-4.30437556e-05,3.303933e-03,8.409214e-06,-1.6691037441e-10,7.2066e-02,1.0500
3320.98,-7.35663264e-05,3.178647e-03,8.633362e-06,-1.6691226179e-10,7.9013e-02,1.0500
3321.49,-1.22082458e-04,3.053975e-03,8.820027e-06,-1.6691215077e-10,8.5943e-02,1.0500
3321.99,-1.58103033e-04,2.931515e-03,8.968104e-06,-1.6691370508e-10,9.2880e-02,1.0500
3322.50,-1.55345722e-04,2.812584e-03,9.082598e-06,-1.6691448224e-10,9.9739e-02,1.0500
3323.01,-9.72779308e-05,2.698586e-03,9.171132e-06,-1.6691559246e-10,1.0659e-01,1.0500
3323.51,1.94365060e-05,2.591320e-03,9.240370e-06,-1.6691559246e-10,1.1342e-01,1.0500
3324.02,1.84061792e-04,2.493080e-03,9.293728e-06,-1.6691692473e-10,1.2023e-01,1.0500
3324.53,3.73599110e-04,2.406469e-03,9.330889e-06,-1.6691814597e-10,1.2702e-01,1.0500
3325.04,5.57094536e-04,2.334450e-03,9.348633e-06,-1.6691859006e-10,1.3379e-01,1.0500
3325.54,7.01847361e-04,2.280995e-03,9.342184e-06,-1.6692036642e-10,1.4053e-01,1.0500
3326.05,7.80361458e-04,2.249095e-03,9.306485e-06,-1.6692025540e-10,1.4726e-01,1.0500
3326.56,7.76411861e-04,2.240004e-03,9.237330e-06,-1.6692203175e-10,1.5396e-01,1.0500
3327.06,6.88598466e-04,2.252440e-03,9.132480e-06,-1.6692391913e-10,1.6065e-01,1.0500
3327.57,5.30447852e-04,2.282326e-03,8.992929e-06,-1.6692336402e-10,1.6731e-01,1.0500
3328.08,3.27304600e-04,2.323463e-03,8.823386e-06,-1.6692436322e-10,1.7400e-01,1.0500
3328.58,1.11372918e-04,2.369648e-03,8.631652e-06,-1.6692547344e-10,1.8074e-01,1.0500
3329.09,-8.32236791e-05,2.416660e-03,8.426735e-06,-1.6694412519e-10,1.8738e-01,1.0500
3329.60,-2.23825054e-04,2.463421e-03,8.215927e-06,-1.6704226891e-10,1.9178e-01,1.0500
3330.10,-2.80515692e-04,2.512057e-03,8.002113e-06,-1.6729884145e-10,2.5518e-02,1.0375
3330.61,-2.26049718e-04,2.566741e-03,7.782950e-06,-1.6730716812e-10,2.9429e-02,1.0375
3331.12,-3.63328141e-05,2.631708e-03,7.552774e-06,-1.6732726316e-10,3.2576e-02,1.0375
3331.62,3.06099066e-04,2.709227e-03,7.306535e-06,-1.6738455066e-10,3.4436e-02,1.0500
3332.13,8.03840663e-04,2.798496e-03,7.043679e-06,-1.6738499475e-10,3.4003e-02,1.0500
3332.64,1.43202888e-03,2.895964e-03,6.769920e-06,-1.6738610498e-10,2.9978e-02,1.0500
3333.14,2.12562498e-03,2.996707e-03,6.496036e-06,-1.6738810338e-10,3.2586e-02,1.0500
3333.65,2.77545421e-03,3.096280e-03,6.234158e-06,-1.6738765929e-10,3.4029e-02,1.0500
3334.16,3.24319372e-03,3.191994e-03,5.993266e-06,-1.6738921360e-10,3.3967e-02,1.0500
3334.66,3.39772864e-03,3.283368e-03,5.776211e-06,-1.6738976871e-10,4.0969e-02,1.0500
3335.17,3.16050005e-03,3.371601e-03,5.580131e-06,-1.6739098996e-10,4.7957e-02,1.0500
3335.68,2.53782863e-03,3.458274e-03,5.400235e-06,-1.6739210018e-10,5.4930e-02,1.0500
3336.18,1.62305021e-03,3.543889e-03,5.234794e-06,-1.6739309938e-10,6.1887e-02,1.0500
3336.69,5.67148765e-04,3.626980e-03,5.088202e-06,-1.6739420960e-10,6.8829e-02,1.0500
3337.20,-4.67254308e-04,3.704269e-03,4.969853e-06,-1.6739398756e-10,7.5754e-02,1.0500
3337.70,-1.34672577e-03,3.771751e-03,4.888996e-06,-1.6739654107e-10,8.2661e-02,1.0500
3338.21,-1.98726326e-03,3.826084e-03,4.848531e-06,-1.6739654107e-10,8.9591e-02,1.0500
3338.72,-2.35329792e-03,3.865540e-03,4.842006e-06,-1.6739731823e-10,9.6560e-02,1.0500
3339.23,-2.44601009e-03,3.890137e-03,4.856058e-06,-1.6739798436e-10,1.0356e-01,1.0500
3339.73,-2.29190728e-03,3.901079e-03,4.876605e-06,-1.6739787334e-10,2.0126e-02,1.0500
3340.24,-1.93587146e-03,3.899952e-03,4.894848e-06,-1.6739998276e-10,2.3436e-02,1.0500
3340.75,-1.43718206e-03,3.888077e-03,4.909953e-06,-1.6740109299e-10,2.7166e-02,1.0500
3341.25,-8.65776314e-04,3.866295e-03,4.927622e-06,-1.6740142605e-10,3.1308e-02,1.0500
3341.76,-2.97053579e-04,3.835164e-03,4.955730e-06,-1.6740253628e-10,3.5858e-02,1.0500
3342.27,1.95554763e-04,3.795423e-03,4.999307e-06,-1.6740386855e-10,4.0800e-02,1.0500
3342.77,5.50122483e-04,3.748517e-03,5.057360e-06,-1.6740597797e-10,4.6106e-02,1.0500
3343.28,7.26096648e-04,3.696901e-03,5.123021e-06,-1.6740542286e-10,5.1750e-02,1.0500
3343.79,7.11142380e-04,3.643838e-03,5.186710e-06,-1.6740719921e-10,5.7617e-02,1.0500
3344.29,5.21795210e-04,3.592555e-03,5.240356e-06,-1.6740808739e-10,6.2939e-02,1.0500
3344.80,1.97140935e-04,3.545005e-03,5.280372e-06,-1.6740853148e-10,6.5602e-02,1.0500
3345.31,-2.12171127e-04,3.500802e-03,5.307982e-06,-1.6741052988e-10,6.6388e-02,1.0500
3345.81,-6.55543666e-04,3.456962e-03,5.327086e-06,-1.6740997477e-10,7.3287e-02,1.0500
3346.32,-1.09110730e-03,3.408680e-03,5.341187e-06,-1.6741086295e-10,8.0233e-02,1.0500
3346.83,-1.48982702e-03,3.350837e-03,5.351305e-06,-1.6741263931e-10,8.7179e-02,1.0500
3347.33,-1.83544066e-03,3.279639e-03,5.356042e-06,-1.6741330544e-10,9.4103e-02,1.0500
3347.84,-2.12179711e-03,3.193828e-03,5.353431e-06,-1.6741530384e-10,1.0097e-01,1.0500
3348.35,-2.34929490e-03,3.095189e-03,5.343107e-06,-1.6741619202e-10,1.0781e-01,1.0500
3348.85,-2.52159733e-03,2.988316e-03,5.327342e-06,-1.6741674713e-10,1.1464e-01,1.0500
3349.36,-2.64311999e-03,2.879804e-03,5.310371e-06,-1.6741674713e-10,1.2144e-01,1.0500
3349.87,-2.71730254e-03,2.777100e-03,5.296647e-06,-1.6741874553e-10,1.2823e-01,1.0500
3350.37,-2.74550936e-03,2.687296e-03,5.289269e-06,-1.6741941167e-10,1.3500e-01,1.0500
3350.88,-2.72649372e-03,2.616155e-03,5.289721e-06,-1.6741963371e-10,1.4174e-01,1.0500
3351.39,-2.65655730e-03,2.567593e-03,5.299088e-06,-1.6742096598e-10,1.4846e-01,1.0500
3351.89,-2.53068387e-03,2.543629e-03,5.319783e-06,-1.6742263131e-10,1.5516e-01,1.0500
3352.40,-2.34490206e-03,2.544624e-03,5.356283e-06,-1.6742229825e-10,1.6184e-01,1.0500
3352.91,-2.09986302e-03,2.569512e-03,5.413934e-06,-1.6742363051e-10,1.6850e-01,1.0500
3353.42,-1.80509210e-03,2.615739e-03,5.496298e-06,-1.6742407460e-10,1.7516e-01,1.0500
3353.92,-1.48267420e-03,2.679369e-03,5.602863e-06,-1.6742529585e-10,1.8191e-01,1.0500
3354.43,-1.16851934e-03,2.754881e-03,5.728913e-06,-1.6742807141e-10,1.8867e-01,1.0500
3354.94,-9.09302398e-04,2.835502e-03,5.867911e-06,-1.6752244036e-10,1.9309e-01,1.0500
3355.44,-7.54202808e-04,2.914111e-03,6.015031e-06,-1.6762413679e-10,1.9109e-01,1.0500
3355.95,-7.42769845e-04,2.984385e-03,6.169944e-06,-1.6779722056e-10,3.6812e-02,1.0375
3356.46,-8.92713463e-04,3.041771e-03,6.337589e-06,-1.6782875090e-10,3.8955e-02,1.0375
3356.96,-1.19248824e-03,3.083876e-03,6.526589e-06,-1.6786783075e-10,4.2074e-02,1.0375
3357.47,-1.60198755e-03,3.110313e-03,6.745810e-06,-1.6790868695e-10,4.6172e-02,1.0375
3357.98,-2.06111270e-03,3.122258e-03,7.000193e-06,-1.6794210467e-10,5.1176e-02,1.0375
3358.48,-2.50265506e-03,3.121964e-03,7.287544e-06,-1.6796575242e-10,5.6580e-02,1.0375
3358.99,-2.86482143e-03,3.112451e-03,7.598003e-06,-1.6797674363e-10,6.1785e-02,1.0375
3359.50,-3.10004328e-03,3.097228e-03,7.916771e-06,-1.6798207270e-10,6.7592e-02,1.0375
3360.00,-3.17908955e-03,3.079952e-03,8.228996e-06,-1.6798473723e-10,7.4212e-02,1.0375
3360.51,-3.09143559e-03,3.063889e-03,8.524536e-06,-1.6798684666e-10,8.1023e-02,1.0375
3361.02,-2.84363179e-03,3.051324e-03,8.800577e-06,-1.6798695768e-10,8.7469e-02,1.0375
3361.52,-2.45718474e-03,3.043200e-03,9.061265e-06,-1.6798906710e-10,7.6509e-02,1.0375
3362.03,-1.96666408e-03,3.038896e-03,9.314768e-06,-1.6799328595e-10,4.2017e-02,1.0375
3362.54,-1.41780660e-03,3.036591e-03,9.569080e-06,-1.6800216773e-10,3.9305e-02,1.0375
3363.04,-8.64643504e-04,3.033623e-03,9.828223e-06,-1.6802592651e-10,3.6710e-02,1.0375
3363.55,-3.64457479e-04,3.027317e-03,1.009022e-05,-1.6807177872e-10,3.1827e-02,1.0375
3364.06,3.00247131e-05,3.015665e-03,1.034744e-05,-1.6811818604e-10,2.5758e-02,1.0375
3364.56,2.80380128e-04,2.997733e-03,1.058899e-05,-1.6815049353e-10,2.3733e-02,1.0375
3365.07,3.71702791e-04,2.973700e-03,1.080403e-05,-1.6817092163e-10,2.6584e-02,1.0375
3365.58,3.17988201e-04,2.944531e-03,1.098491e-05,-1.6818335613e-10,2.7399e-02,1.0375
3366.08,1.61214635e-04,2.911543e-03,1.112889e-05,-1.6818835213e-10,2.6320e-02,1.0375
3366.59,-3.61596752e-05,2.876170e-03,1.123812e-05,-1.6819301507e-10,2.7033e-02,1.0375
3367.10,-2.03295226e-04,2.840010e-03,1.131780e-05,-1.6820489446e-10,3.3469e-02,1.0375
3367.61,-2.74657874e-04,2.805224e-03,1.137334e-05,-1.6821821713e-10,3.9997e-02,1.0375
3368.11,-2.02762645e-04,2.774956e-03,1.140770e-05,-1.6823153981e-10,4.6518e-02,1.0375
3368.62,3.15766967e-05,2.753250e-03,1.142000e-05,-1.6823842319e-10,5.2930e-02,1.0375
3369.13,4.12752116e-04,2.744225e-03,1.140583e-05,-1.6824308613e-10,5.9362e-02,1.0375
3369.63,8.89383044e-04,2.750976e-03,1.135914e-05,-1.6824608373e-10,6.6049e-02,1.0375
3370.14,1.38089849e-03,2.774824e-03,1.127461e-05,-1.6824697191e-10,7.0309e-02,1.0375
3370.65,1.79278355e-03,2.814561e-03,1.114958e-05,-1.6825218996e-10,6.1845e-02,1.0375
3371.15,2.03908816e-03,2.866697e-03,1.098465e-05,-1.6826107174e-10,4.6118e-02,1.0375
3371.66,2.06684929e-03,2.926357e-03,1.078297e-05,-1.6827428340e-10,3.3139e-02,1.0375
3372.17,1.87320719e-03,2.988326e-03,1.054853e-05,-1.6828294314e-10,2.4129e-02,1.0375
3372.67,1.50612935e-03,3.047901e-03,1.028450e-05,-1.6829315719e-10,1.8236e-02,1.0375
3373.18,1.04682156e-03,3.101423e-03,9.992229e-06,-1.6830481453e-10,2.4423e-02,1.0375
3373.69,5.82508467e-04,3.146542e-03,9.671247e-06,-1.6832357730e-10,2.9712e-02,1.0375
3374.19,1.83475410e-04,3.182362e-03,9.320069e-06,-1.6834389438e-10,3.5130e-02,1.0375
3374.70,-1.06562912e-04,3.209477e-03,8.937275e-06,-1.6836199102e-10,4.1138e-02,1.0375
3375.21,-2.67711448e-04,3.229832e-03,8.522408e-06,-1.6837820027e-10,4.7129e-02,1.0375
3375.71,-2.96116967e-04,3.246254e-03,8.076516e-06,-1.6838996864e-10,5.1280e-02,1.0375
3376.22,-1.97431902e-04,3.261747e-03,7.602228e-06,-1.6839807326e-10,5.5838e-02,1.0375
3376.73,1.73891121e-05,3.278958e-03,7.103466e-06,-1.6840462358e-10,6.2924e-02,1.0375
3377.23,3.36192945e-04,3.299991e-03,6.584865e-06,-1.6840639994e-10,8.7515e-02,1.0375
3377.74,7.50702397e-04,3.326330e-03,6.050912e-06,-1.6840884243e-10,4.4833e-02,1.0375
3378.25,1.26010884e-03,3.358768e-03,5.504949e-06,-1.6842549577e-10,5.0416e-02,1.0375
3378.75,1.86874724e-03,3.397122e-03,4.948526e-06,-1.6845447259e-10,5.6948e-02,1.0375
3379.26,2.57513396e-03,3.439822e-03,4.381746e-06,-1.6848211715e-10,6.4219e-02,1.0375
3379.77,3.35448787e-03,3.483460e-03,3.805242e-06,-1.6848977769e-10,6.3047e-02,1.0375
3380.27,4.14261581e-03,3.523305e-03,3.224193e-06,-1.6849532880e-10,6.1186e-02,1.0375
3380.78,4.83275871e-03,3.554065e-03,2.654932e-06,-1.6849854845e-10,5.6025e-02,1.0375
3381.29,5.29490393e-03,3.571021e-03,2.135653e-06,-1.6850443263e-10,4.6850e-02,1.0375
3381.80,5.41643251e-03,3.571443e-03,1.742271e-06,-1.6851253726e-10,3.9772e-02,1.0375
3382.30,5.14742031e-03,3.555463e-03,1.585978e-06,-1.6852164109e-10,3.5786e-02,1.0375
3382.81,4.52573080e-03,3.525942e-03,1.721093e-06,-1.6853241025e-10,3.4239e-02,1.0375
3383.32,3.66681166e-03,3.487340e-03,2.066492e-06,-1.6854373452e-10,3.4514e-02,1.0375
3383.82,2.72500450e-03,3.444133e-03,2.512572e-06,-1.6855439267e-10,3.6034e-02,1.0375
3384.33,1.84846517e-03,3.399725e-03,2.999228e-06,-1.6856649410e-10,3.7971e-02,1.0375
3384.84,1.14757162e-03,3.355946e-03,3.505172e-06,-1.6857903962e-10,4.0385e-02,1.0375
3385.34,6.83515011e-04,3.313505e-03,4.026097e-06,-1.6859569296e-10,4.3483e-02,1.0375
3385.85,4.72355652e-04,3.273007e-03,4.560998e-06,-1.6861112506e-10,4.7022e-02,1.0375
3386.36,4.96140033e-04,3.235792e-03,5.105596e-06,-1.6862466978e-10,5.0897e-02,1.0375
3386.86,7.14815489e-04,3.203857e-03,5.651325e-06,-1.6863743735e-10,5.5289e-02,1.0375
3387.37,1.07638493e-03,3.178791e-03,6.187409e-06,-1.6864576402e-10,6.0436e-02,1.0375
3387.88,1.52525392e-03,3.160425e-03,6.703903e-06,-1.6865053798e-10,6.6085e-02,1.0375
3388.38,2.00932721e-03,3.146118e-03,7.194101e-06,-1.6865231434e-10,7.2348e-02,1.0375
3388.89,2.48566999e-03,3.131311e-03,7.655445e-06,-1.6865275843e-10,7.9289e-02,1.0375
3389.40,2.92355481e-03,3.111162e-03,8.088858e-06,-1.6865508989e-10,8.6200e-02,1.0375
3389.90,3.30355473e-03,3.082229e-03,8.497049e-06,-1.6865631114e-10,7.7896e-02,1.0375
3390.41,3.61253416e-03,3.044272e-03,8.882543e-06,-1.6865919772e-10,3.2998e-02,1.0500
3390.92,3.83649623e-03,3.000195e-03,9.246135e-06,-1.6865930874e-10,3.4268e-02,1.0500
3391.42,3.95502620e-03,2.955105e-03,9.586159e-06,-1.6866064101e-10,3.4453e-02,1.0500
3391.93,3.94116598e-03,2.915173e-03,9.898715e-06,-1.6866197328e-10,3.4234e-02,1.0500
3392.44,3.76834220e-03,2.886257e-03,1.017869e-05,-1.6866275043e-10,3.3812e-02,1.0500
3392.94,3.42219049e-03,2.872643e-03,1.042128e-05,-1.6866275043e-10,3.3247e-02,1.0500
3393.45,2.91186343e-03,2.876022e-03,1.062361e-05,-1.6866408270e-10,3.2541e-02,1.0500
3393.96,2.27498319e-03,2.894926e-03,1.078587e-05,-1.6866574803e-10,3.6067e-02,1.0500
3394.46,1.57341849e-03,2.924887e-03,1.091157e-05,-1.6866663621e-10,4.3263e-02,1.0500
3394.97,8.81577691e-04,2.959468e-03,1.100641e-05,-1.6866730235e-10,5.0447e-02,1.0500
3395.48,2.71894696e-04,2.991996e-03,1.107616e-05,-1.6866763541e-10,5.7630e-02,1.0500
3395.99,-1.97890412e-04,3.017340e-03,1.112413e-05,-1.6866863461e-10,6.4205e-02,1.0500
3396.49,-4.93282807e-04,3.033065e-03,1.114974e-05,-1.6866907870e-10,7.1143e-02,1.0500
3397.00,-6.07363977e-04,3.039557e-03,1.114889e-05,-1.6866996688e-10,7.8066e-02,1.0500
3397.51,-5.61805539e-04,3.039183e-03,1.111624e-05,-1.6867263142e-10,8.4971e-02,1.0500
3398.01,-4.04928394e-04,3.034903e-03,1.104841e-05,-1.6867218733e-10,9.1858e-02,1.0500
3398.52,-2.06045550e-04,3.028848e-03,1.094618e-05,-1.6867340857e-10,9.8726e-02,1.0500
3399.03,-4.49451526e-05,3.021490e-03,1.081467e-05,-1.6867385266e-10,1.0558e-01,1.0500
3399.53,3.29286705e-06,3.012016e-03,1.066119e-05,-1.6867585106e-10,1.1241e-01,1.0500
3400.04,-1.14856066e-04,2.999411e-03,1.049186e-05,-1.6867685027e-10,1.1922e-01,1.0500
3400.55,-4.18296213e-04,2.983468e-03,1.030889e-05,-1.6867640618e-10,1.2601e-01,1.0500
3401.05,-8.87221560e-04,2.965134e-03,1.011009e-05,-1.6867773844e-10,1.3278e-01,1.0500
3401.56,-1.46963685e-03,2.946234e-03,9.890849e-06,-1.6867929276e-10,1.3952e-01,1.0500
3402.07,-2.09541689e-03,2.928272e-03,9.647604e-06,-1.6867973684e-10,1.4627e-01,1.0500
3402.57,-2.69212834e-03,2.911998e-03,9.381287e-06,-1.6868062502e-10,1.4771e-01,1.0500
3403.08,-3.19750784e-03,2.896268e-03,9.099140e-06,-1.6868129116e-10,1.1967e-01,1.0500
3403.59,-3.56632811e-03,2.878405e-03,8.813958e-06,-1.6868217934e-10,1.2597e-01,1.0500
3404.09,-3.77222246e-03,2.855373e-03,8.540555e-06,-1.6870760344e-10,1.3279e-01,1.0500
3404.60,-3.80655028e-03,2.825134e-03,8.290425e-06,-1.6893875188e-10,1.3851e-01,1.0437
3405.11,-3.67648407e-03,2.787647e-03,8.066963e-06,-1.6901002819e-10,1.4357e-01,1.0500
3405.61,-3.40370568e-03,2.745019e-03,7.864161e-06,-1.6913836998e-10,1.4374e-01,1.0437
3406.12,-3.02392190e-03,2.700852e-03,7.670164e-06,-1.6931478442e-10,2.7282e-02,1.0375
3406.63,-2.58620448e-03,2.659009e-03,7.474085e-06,-1.6934975644e-10,1.7543e-02,1.0375
3407.13,-2.15032103e-03,2.622366e-03,7.272771e-06,-1.6937362624e-10,1.7016e-02,1.0375
3407.64,-1.78029076e-03,2.592038e-03,7.074010e-06,-1.6938994651e-10,1.8193e-02,1.0375
3408.15,-1.53380682e-03,2.567612e-03,6.894908e-06,-1.6940837622e-10,2.2608e-02,1.0375
3408.66,-1.44964545e-03,2.547936e-03,6.755886e-06,-1.6944035064e-10,2.6794e-02,1.0375
3409.16,-1.53739952e-03,2.531963e-03,6.672295e-06,-1.6948054071e-10,3.0672e-02,1.0375
3409.67,-1.77406769e-03,2.519381e-03,6.647157e-06,-1.6952284021e-10,3.4123e-02,1.0500
3410.18,-2.10948302e-03,2.510909e-03,6.669145e-06,-1.6952483861e-10,3.6966e-02,1.0500
3410.68,-2.47892247e-03,2.508146e-03,6.717147e-06,-1.6952483861e-10,3.8979e-02,1.0500
3411.19,-2.81792163e-03,2.513127e-03,6.768613e-06,-1.6952639292e-10,3.9968e-02,1.0500
3411.70,-3.07523043e-03,2.527803e-03,6.807213e-06,-1.6952694804e-10,3.9742e-02,1.0500
3412.20,-3.22011650e-03,2.553602e-03,6.826815e-06,-1.6952683701e-10,3.8277e-02,1.0500
3412.71,-3.24424731e-03,2.591120e-03,6.831114e-06,-1.6952872439e-10,3.5730e-02,1.0500
3413.22,-3.15839636e-03,2.639937e-03,6.829762e-06,-1.6952905746e-10,3.4469e-02,1.0500
3413.72,-2.98616008e-03,2.698607e-03,6.832635e-06,-1.6952972359e-10,4.0936e-02,1.0500
3414.23,-2.75633640e-03,2.764951e-03,6.844378e-06,-1.6953161097e-10,4.7271e-02,1.0500
3414.74,-2.49574719e-03,2.836542e-03,6.861387e-06,-1.6953161097e-10,5.4546e-02,1.0500
3415.24,-2.22413187e-03,2.911122e-03,6.872494e-06,-1.6953272119e-10,6.1872e-02,1.0500
3415.75,-1.95207302e-03,2.986835e-03,6.862991e-06,-1.6953360937e-10,6.8734e-02,1.0500
3416.26,-1.68224039e-03,3.062131e-03,6.820067e-06,-1.6953360937e-10,7.5544e-02,1.0500
3416.76,-1.41312032e-03,3.135519e-03,6.737269e-06,-1.6953538573e-10,8.2483e-02,1.0500
3417.27,-1.14366376e-03,3.205473e-03,6.616221e-06,-1.6953538573e-10,8.9411e-02,1.0500
3417.78,-8.77110623e-04,3.270632e-03,6.465016e-06,-1.6953716209e-10,9.6288e-02,1.0500
3418.28,-6.22830872e-04,3.330164e-03,6.294177e-06,-1.6953849435e-10,1.0315e-01,1.0500
3418.79,-3.95808822e-04,3.384070e-03,6.112251e-06,-1.6953916049e-10,1.0998e-01,1.0500
3419.30,-2.13708966e-04,3.433175e-03,5.923321e-06,-1.6953971560e-10,1.1680e-01,1.0500
3419.80,-9.18797658e-05,3.478895e-03,5.727498e-06,-1.6954126991e-10,1.2360e-01,1.0500
3420.31,-3.78391752e-05,3.522990e-03,5.523570e-06,-1.6954271320e-10,1.3038e-01,1.0500
3420.82,-4.79067885e-05,3.567323e-03,5.311873e-06,-1.6954304627e-10,1.3714e-01,1.0500
3421.32,-1.07647020e-04,3.613549e-03,5.095896e-06,-1.6954304627e-10,1.4388e-01,1.0500
3421.83,-1.94632963e-04,3.662606e-03,4.882281e-06,-1.6954415649e-10,1.5059e-01,1.0500
3422.34,-2.79976113e-04,3.714097e-03,4.679799e-06,-1.6954537774e-10,1.5728e-01,1.0500
3422.85,-3.26873961e-04,3.765841e-03,4.498170e-06,-1.6954726512e-10,1.6397e-01,1.0500
3423.35,-2.88658332e-04,3.813932e-03,4.347357e-06,-1.6954715409e-10,1.7073e-01,1.0500
3423.86,-1.11218938e-04,3.853379e-03,4.237369e-06,-1.6954726512e-10,1.7752e-01,1.0500
3424.37,2.56800813e-04,3.879135e-03,4.177921e-06,-1.6962709015e-10,1.8350e-01,1.0437
3424.87,8.46061990e-04,3.887187e-03,4.177114e-06,-1.6969914363e-10,1.8686e-01,1.0500
3425.38,1.64414809e-03,3.875408e-03,4.239060e-06,-1.6993528806e-10,3.8376e-02,1.0375
3425.89,2.57566805e-03,3.843999e-03,4.361739e-06,-1.6996004604e-10,4.2065e-02,1.0375
3426.39,3.49599485e-03,3.795429e-03,4.536888e-06,-1.6997747654e-10,4.2670e-02,1.0375
3426.90,4.21111552e-03,3.733869e-03,4.752549e-06,-1.6998868979e-10,4.2639e-02,1.0375
3427.41,4.52856599e-03,3.664214e-03,4.996965e-06,-1.6999490704e-10,4.2799e-02,1.0375
3427.91,4.32596129e-03,3.590966e-03,5.261656e-06,-1.6999857078e-10,3.8729e-02,1.0375
3428.42,3.60402414e-03,3.517319e-03,5.542193e-06,-1.7000612029e-10,3.5085e-02,1.0375
3428.93,2.49095442e-03,3.444833e-03,5.836629e-06,-1.7002432795e-10,3.8629e-02,1.0375
3429.43,1.19354930e-03,3.373670e-03,6.142833e-06,-1.7005497011e-10,4.2507e-02,1.0375
3429.94,-7.46602503e-05,3.303257e-03,6.456497e-06,-1.7010504116e-10,4.6589e-02,1.0375
3430.45,-1.14882620e-03,3.232976e-03,6.770955e-06,-1.7015644449e-10,5.0494e-02,1.0375
3430.95,-1.93241395e-03,3.162522e-03,7.078671e-06,-1.7020285181e-10,5.4075e-02,1.0375
3431.46,-2.38740577e-03,3.091813e-03,7.373244e-06,-1.7023749077e-10,5.7594e-02,1.0375
3431.97,-2.51295422e-03,3.020586e-03,7.650707e-06,-1.7026224874e-10,6.1690e-02,1.0375
3432.47,-2.32719237e-03,2.947935e-03,7.909552e-06,-1.7027546040e-10,6.6402e-02,1.0375
3432.98,-1.85886721e-03,2.872102e-03,8.149747e-06,-1.7028056742e-10,7.1851e-02,1.0375
3433.49,-1.14964514e-03,2.791056e-03,8.371401e-06,-1.7028278787e-10,7.8306e-02,1.0375
3433.99,-2.64626198e-04,2.702839e-03,8.573714e-06,-1.7028423116e-10,8.5190e-02,1.0375
3434.50,6.95045142e-04,2.605920e-03,8.754585e-06,-1.7028523036e-10,8.8049e-02,1.0375
3435.01,1.58815677e-03,2.501092e-03,8.910902e-06,-1.7028878307e-10,5.9991e-02,1.0375
3435.51,2.24995659e-03,2.391337e-03,9.039262e-06,-1.7029799793e-10,3.0562e-02,1.0375
3436.02,2.53296440e-03,2.281751e-03,9.136794e-06,-1.7030987731e-10,3.2592e-02,1.0375
3436.53,2.35821591e-03,2.179196e-03,9.201891e-06,-1.7033774391e-10,3.4803e-02,1.0375
3437.04,1.74908961e-03,2.091406e-03,9.234703e-06,-1.7039436528e-10,3.6911e-02,1.0375
3437.54,8.25842809e-04,2.025566e-03,9.237313e-06,-1.7047196987e-10,3.8743e-02,1.0375
3438.05,-2.36356718e-04,1.986815e-03,9.213394e-06,-1.7056200896e-10,4.0190e-02,1.0375
3438.56,-1.26154626e-03,1.977396e-03,9.167247e-06,-1.7065271418e-10,4.1129e-02,1.0375
3439.06,-2.11385079e-03,1.996932e-03,9.102356e-06,-1.7073786829e-10,4.1051e-02,1.0375
3439.57,-2.71457378e-03,2.043579e-03,9.020016e-06,-1.7081203119e-10,3.9811e-02,1.0375
3440.08,-3.03967479e-03,2.115116e-03,8.918804e-06,-1.7087509185e-10,3.7497e-02,1.0375
3440.58,-3.10747464e-03,2.209106e-03,8.795456e-06,-1.7097812055e-10,3.4259e-02,1.0375
3441.09,-2.96449053e-03,2.322319e-03,8.647037e-06,-1.7099333061e-10,2.9819e-02,1.0500
3441.60,-2.67294849e-03,2.450470e-03,8.473573e-06,-1.7099466287e-10,2.0544e-02,1.0500
3442.10,-2.30028967e-03,2.588484e-03,8.279702e-06,-1.7099599514e-10,1.7211e-02,1.0500
3442.61,-1.90988469e-03,2.731118e-03,8.074110e-06,-1.7099721639e-10,1.9454e-02,1.0500
3443.12,-1.55270799e-03,2.873984e-03,7.866457e-06,-1.7099921479e-10,2.3442e-02,1.0500
3443.62,-1.26086208e-03,3.014367e-03,7.663170e-06,-1.7100254546e-10,2.7515e-02,1.0500
3444.13,-1.04452438e-03,3.151339e-03,7.464638e-06,-1.7100354466e-10,3.1706e-02,1.0500
3444.64,-8.93498544e-04,3.285128e-03,7.265839e-06,-1.7100576510e-10,3.7968e-02,1.0500
3445.14,-7.83236843e-04,3.416099e-03,7.060277e-06,-1.7100731942e-10,4.8780e-02,1.0500
3445.65,-6.83739091e-04,3.543725e-03,6.845030e-06,-1.7100731942e-10,5.2286e-02,1.0500
3446.16,-5.68917381e-04,3.666568e-03,6.624190e-06,-1.7100898475e-10,5.8313e-02,1.0500
3446.66,-4.24094737e-04,3.782239e-03,6.409095e-06,-1.7101042804e-10,6.5467e-02,1.0500
3447.17,-2.50011310e-04,3.888138e-03,6.215272e-06,-1.7101087213e-10,7.2432e-02,1.0500
3447.68,-6.26241256e-05,3.982153e-03,6.057407e-06,-1.7101242644e-10,7.9396e-02,1.0500
3448.18,1.11186100e-04,4.063134e-03,5.944412e-06,-1.7101253746e-10,8.6349e-02,1.0500
3448.69,2.41136831e-04,4.131036e-03,5.876584e-06,-1.7101398075e-10,9.3259e-02,1.0500
3449.20,3.02482801e-04,4.186821e-03,5.845771e-06,-1.7101386973e-10,1.0013e-01,1.0500
3449.70,2.83558512e-04,4.232140e-03,5.838202e-06,-1.7101542404e-10,1.0698e-01,1.0500
3450.21,1.89167558e-04,4.268879e-03,5.838891e-06,-1.7101609018e-10,1.1381e-01,1.0500
3450.72,3.90130500e-05,4.298712e-03,5.836337e-06,-1.7101753347e-10,1.2062e-01,1.0500
3451.23,-1.37163891e-04,4.320603e-03,5.826208e-06,-1.7101753347e-10,1.2741e-01,1.0500
3451.73,-3.05542765e-04,4.336434e-03,5.812786e-06,-1.7101886574e-10,1.3418e-01,1.0500
3452.24,-4.34463573e-04,4.346751e-03,5.806930e-06,-1.7101975391e-10,1.4093e-01,1.0500
3452.75,-5.00537248e-04,4.351473e-03,5.820577e-06,-1.7102108618e-10,1.4765e-01,1.0500
3453.25,-4.92359954e-04,4.350000e-03,5.859673e-06,-1.7102164129e-10,1.5436e-01,1.0500
3453.76,-4.08430292e-04,4.341470e-03,5.919250e-06,-1.7102252947e-10,1.6104e-01,1.0500
3454.27,-2.48929969e-04,4.324478e-03,5.984113e-06,-1.7102441685e-10,1.6770e-01,1.0500
3454.77,-6.83347397e-06,4.297743e-03,6.035230e-06,-1.7102397276e-10,1.7434e-01,1.0500
3455.28,3.33435085e-04,4.260234e-03,6.058212e-06,-1.7102463890e-10,1.8095e-01,1.0500
3455.79,7.85622156e-04,4.210813e-03,6.049312e-06,-1.7102685934e-10,1.8754e-01,1.0500
3456.29,1.34354150e-03,4.149794e-03,6.016144e-06,-1.7102652627e-10,1.9422e-01,1.0500
3456.80,1.96535847e-03,4.079157e-03,5.972873e-06,-1.7102919081e-10,2.0096e-01,1.0500
3457.31,2.57058334e-03,4.002440e-03,5.932229e-06,-1.7114065720e-10,2.0513e-01,1.0437
3457.81,3.05482646e-03,3.924404e-03,5.898542e-06,-1.7137935515e-10,2.9038e-02,1.0375
3458.32,3.31912456e-03,3.850298e-03,5.865815e-06,-1.7138224173e-10,3.0334e-02,1.0375
3458.83,3.30268305e-03,3.784877e-03,5.821859e-06,-1.7138490627e-10,3.5344e-02,1.0375
3459.33,3.00452719e-03,3.731374e-03,5.755654e-06,-1.7139423214e-10,4.0737e-02,1.0375
3459.84,2.48421523e-03,3.690616e-03,5.663522e-06,-1.7142720576e-10,3.6745e-02,1.0375
3460.35,1.84252439e-03,3.660923e-03,5.551214e-06,-1.7146983833e-10,3.4089e-02,1.0375
3460.85,1.19252852e-03,3.638433e-03,5.431298e-06,-1.7151313703e-10,3.1626e-02,1.0375
3461.36,6.33523028e-04,3.617767e-03,5.317127e-06,-1.7155887821e-10,3.3750e-02,1.0375
3461.87,2.35268689e-04,3.593355e-03,5.217092e-06,-1.7159862420e-10,3.7520e-02,1.0375
3462.37,3.32586801e-05,3.560472e-03,5.132218e-06,-1.7163293009e-10,4.1406e-02,1.0375
3462.88,3.15773398e-05,3.515922e-03,5.058216e-06,-1.7165369126e-10,4.4153e-02,1.0375
3463.39,2.09316631e-04,3.458421e-03,4.990464e-06,-1.7167034461e-10,4.3526e-02,1.0375
3463.89,5.27975713e-04,3.388766e-03,4.928811e-06,-1.7168988453e-10,4.0609e-02,1.0375
3464.40,9.39002608e-04,3.309829e-03,4.879644e-06,-1.7171464251e-10,3.6141e-02,1.0375
3464.91,1.39156778e-03,3.226300e-03,4.854220e-06,-1.7174894840e-10,3.5028e-02,1.0375
3465.42,1.84050741e-03,3.144143e-03,4.864173e-06,-1.7178958256e-10,3.1821e-02,1.0375
3465.92,2.25346377e-03,3.069877e-03,4.916683e-06,-1.7184076384e-10,3.1524e-02,1.0375
3466.43,2.61531336e-03,3.009550e-03,5.012230e-06,-1.7189971668e-10,3.0602e-02,1.0375
3466.94,2.92783719e-03,2.967724e-03,5.146185e-06,-1.7196222224e-10,3.0943e-02,1.0375
3467.44,3.20369799e-03,2.946628e-03,5.312983e-06,-1.7202383962e-10,3.1958e-02,1.0375
3467.95,3.45587544e-03,2.945640e-03,5.509445e-06,-1.7207990588e-10,3.3699e-02,1.0375
3468.46,3.68591154e-03,2.961525e-03,5.735037e-06,-1.7213008796e-10,3.6055e-02,1.0375
3468.96,3.87564399e-03,2.989441e-03,5.989695e-06,-1.7217305359e-10,3.8983e-02,1.0375
3469.47,3.98677066e-03,3.024126e-03,6.271248e-06,-1.7220869175e-10,4.2582e-02,1.0375
3469.98,3.97017060e-03,3.060614e-03,6.574428e-06,-1.7223611426e-10,4.4949e-02,1.0375
3470.48,3.78274739e-03,3.094272e-03,6.892214e-06,-1.7225121329e-10,4.0859e-02,1.0375
3470.99,3.40537606e-03,3.120440e-03,7.218549e-06,-1.7225931792e-10,3.7866e-02,1.0375
3471.50,2.85407736e-03,3.134159e-03,7.550492e-06,-1.7226442495e-10,3.1205e-02,1.0375
3472.00,2.17949554e-03,3.130635e-03,7.888178e-06,-1.7227352878e-10,2.7426e-02,1.0375
3472.51,1.45559899e-03,3.106560e-03,8.232433e-06,-1.7229795368e-10,3.1468e-02,1.0375
3473.02,7.63317822e-04,3.061663e-03,8.581648e-06,-1.7232271166e-10,3.5623e-02,1.0375
3473.52,1.75661804e-04,2.999689e-03,8.930139e-06,-1.7236156946e-10,3.9777e-02,1.0375
3474.03,-2.51878807e-04,2.927955e-03,9.269215e-06,-1.7241397199e-10,4.3681e-02,1.0375
3474.54,-4.85542205e-04,2.855259e-03,9.590298e-06,-1.7248213968e-10,4.6849e-02,1.0375
3475.04,-5.14344392e-04,2.788779e-03,9.888198e-06,-1.7255474827e-10,4.8609e-02,1.0375
3475.55,-3.50434451e-04,2.731525e-03,1.016267e-05,-1.7262447027e-10,4.8639e-02,1.0375
3476.06,-2.98106637e-05,2.682004e-03,1.041741e-05,-1.7268431129e-10,4.7270e-02,1.0375
3476.56,3.87684766e-04,2.636403e-03,1.065702e-05,-1.7273205088e-10,4.5103e-02,1.0375
3477.07,8.21937628e-04,2.591964e-03,1.088355e-05,-1.7276891029e-10,4.2721e-02,1.0375
3477.58,1.18267512e-03,2.549363e-03,1.109443e-05,-1.7280410436e-10,4.0460e-02,1.0375
3478.08,1.38665128e-03,2.512610e-03,1.128317e-05,-1.7283829923e-10,3.8622e-02,1.0375
3478.59,1.37796213e-03,2.486470e-03,1.144205e-05,-1.7286794218e-10,3.7352e-02,1.0375
3479.10,1.14380452e-03,2.473052e-03,1.156529e-05,-1.7289303322e-10,3.6732e-02,1.0375
3479.61,7.18407271e-04,2.469809e-03,1.165089e-05,-1.7291579280e-10,3.6799e-02,1.0375
3480.11,1.73136584e-04,2.470355e-03,1.170045e-05,-1.7293577681e-10,3.7570e-02,1.0375
3480.62,-4.02595829e-04,2.467454e-03,1.171731e-05,-1.7295287424e-10,3.9084e-02,1.0375
3481.13,-9.21700058e-04,2.456269e-03,1.170422e-05,-1.7297319133e-10,4.1480e-02,1.0375
3481.63,-1.31471919e-03,2.436240e-03,1.166187e-05,-1.7299772725e-10,4.5126e-02,1.0375
3482.14,-1.53792609e-03,2.411060e-03,1.158885e-05,-1.7301626798e-10,5.0870e-02,1.0375
3482.65,-1.57553933e-03,2.387204e-03,1.148290e-05,-1.7302870248e-10,5.9634e-02,1.0375
3483.15,-1.43859708e-03,2.371902e-03,1.134236e-05,-1.7305845645e-10,6.1482e-02,1.0375
3483.66,-1.16226974e-03,2.371490e-03,1.116682e-05,-1.7312462575e-10,5.5552e-02,1.0375
3484.17,-8.01843455e-04,2.390541e-03,1.095670e-05,-1.7318735335e-10,5.3422e-02,1.0375
3484.67,-4.26412042e-04,2.431638e-03,1.071217e-05,-1.7323797952e-10,7.2244e-02,1.0375
3485.18,-1.09276355e-04,2.495319e-03,1.043258e-05,-1.7326096113e-10,4.0820e-02,1.0375
3485.69,8.45688106e-05,2.579896e-03,1.011700e-05,-1.7328150026e-10,4.4412e-02,1.0375
3486.19,1.11276676e-04,2.681237e-03,9.765754e-06,-1.7329726543e-10,4.4897e-02,1.0375
3486.70,-4.28201023e-05,2.792934e-03,9.382006e-06,-1.7331325264e-10,3.8004e-02,1.0375
3487.21,-3.59560848e-04,2.907146e-03,8.972058e-06,-1.7333046110e-10,3.5419e-02,1.0375
3487.71,-7.95453359e-04,3.016204e-03,8.543530e-06,-1.7335244351e-10,3.1909e-02,1.0375
3488.22,-1.29366884e-03,3.113807e-03,8.101937e-06,-1.7337442593e-10,3.2907e-02,1.0375
3488.73,-1.79700356e-03,3.196046e-03,7.647574e-06,-1.7339385483e-10,3.2557e-02,1.0375
3489.23,-2.25777958e-03,3.261552e-03,7.174916e-06,-1.7340950897e-10,3.5530e-02,1.0375
3489.74,-2.64275154e-03,3.310862e-03,6.675339e-06,-1.7341994507e-10,3.6890e-02,1.0375
3490.25,-2.93332962e-03,3.345527e-03,6.141789e-06,-1.7342483005e-10,4.0126e-02,1.0375
3490.75,-3.12285294e-03,3.367437e-03,5.572829e-06,-1.7342849379e-10,3.1270e-02,1.0375
3491.26,-3.21304045e-03,3.378492e-03,4.974220e-06,-1.7343781966e-10,3.7501e-02,1.0375
3491.77,-3.21133082e-03,3.380726e-03,4.357953e-06,-1.7345280767e-10,4.4080e-02,1.0375
3492.27,-3.12991786e-03,3.376322e-03,3.740418e-06,-1.7346690750e-10,5.0721e-02,1.0375
3492.78,-2.98621715e-03,3.367646e-03,3.142261e-06,-1.7347723258e-10,5.5310e-02,1.0375
3493.29,-2.80361255e-03,3.357207e-03,2.592179e-06,-1.7348755765e-10,4.8854e-02,1.0375
3493.80,-2.61098075e-03,3.346787e-03,2.134917e-06,-1.7350054726e-10,3.5193e-02,1.0375
3494.30,-2.43991083e-03,3.336919e-03,1.836086e-06,-1.7351298176e-10,2.0419e-02,1.0375
3494.81,-2.31965842e-03,3.326802e-03,1.757129e-06,-1.7353907200e-10,1.9910e-02,1.0375
3495.32,-2.27121635e-03,3.314617e-03,1.894821e-06,-1.7359047533e-10,1.9941e-02,1.0375
3495.82,-2.30266929e-03,3.298017e-03,2.181056e-06,-1.7365620053e-10,2.0145e-02,1.0375
3496.33,-2.40762849e-03,3.274691e-03,2.552194e-06,-1.7372492334e-10,2.1438e-02,1.0375
3496.84,-2.56722925e-03,3.242869e-03,2.978915e-06,-1.7378554151e-10,2.3759e-02,1.0375
3497.34,-2.75449486e-03,3.201732e-03,3.453577e-06,-1.7383394724e-10,2.6906e-02,1.0375
3497.85,-2.93942161e-03,3.151715e-03,3.971553e-06,-1.7387380424e-10,3.0767e-02,1.0375
3498.36,-3.09312443e-03,3.094632e-03,4.520607e-06,-1.7390244800e-10,3.5606e-02,1.0375
3498.86,-3.19041684e-03,3.033547e-03,5.080384e-06,-1.7392254303e-10,4.2208e-02,1.0375
3499.37,-3.21098441e-03,2.972287e-03,5.628612e-06,-1.7393042562e-10,4.0270e-02,1.0375
3499.88,-3.14000453e-03,2.914708e-03,6.148582e-06,-1.7393519958e-10,2.5867e-02,1.0375
3500.38,-2.96928056e-03,2.863902e-03,6.633609e-06,-1.7394385932e-10,2.9740e-02,1.0375
3500.89,-2.69994495e-03,2.821682e-03,7.086647e-06,-1.7396417640e-10,3.3130e-02,1.0375
3501.40,-2.34682779e-03,2.788486e-03,7.515730e-06,-1.7399504060e-10,3.5520e-02,1.0375
3501.90,-1.94276484e-03,2.763666e-03,7.927788e-06,-1.7401213803e-10,3.6294e-02,1.0500
3502.41,-1.53931684e-03,2.745911e-03,8.324151e-06,-1.7401302621e-10,3.5086e-02,1.0500
3502.92,-1.20029906e-03,2.733507e-03,8.699902e-06,-1.7401391439e-10,3.1871e-02,1.0500
3503.42,-9.87371703e-04,2.724350e-03,9.046869e-06,-1.7401524666e-10,2.9418e-02,1.0500
3503.93,-9.41392418e-04,2.715995e-03,9.357983e-06,-1.7401569075e-10,3.5193e-02,1.0500
3504.44,-1.06649474e-03,2.705991e-03,9.630401e-06,-1.7401613484e-10,3.6992e-02,1.0500
3504.94,-1.32389630e-03,2.692489e-03,9.865994e-06,-1.7401746710e-10,4.1222e-02,1.0500
3505.45,-1.63920600e-03,2.674973e-03,1.006940e-05,-1.7401835528e-10,4.8212e-02,1.0500
3505.96,-1.92176570e-03,2.654651e-03,1.024506e-05,-1.7401968755e-10,5.5186e-02,1.0500
3506.47,-2.08938321e-03,2.634202e-03,1.039483e-05,-1.7402035368e-10,6.2145e-02,1.0500
3506.97,-2.08940147e-03,2.616921e-03,1.051742e-05,-1.7402146391e-10,6.9088e-02,1.0500
3507.48,-1.90918449e-03,2.605634e-03,1.060956e-05,-1.7402190799e-10,7.6014e-02,1.0500
3507.99,-1.57468156e-03,2.601901e-03,1.066815e-05,-1.7402190799e-10,8.2923e-02,1.0500
3508.49,-1.14100975e-03,2.605886e-03,1.069213e-05,-1.7402423946e-10,8.9814e-02,1.0500
3509.00,-6.80383179e-04,2.616787e-03,1.068321e-05,-1.7402479457e-10,9.6686e-02,1.0500
3509.51,-2.69974953e-04,2.633385e-03,1.064523e-05,-1.7402557173e-10,1.0354e-01,1.0500
3510.01,2.09691492e-05,2.654349e-03,1.058256e-05,-1.7402601582e-10,1.1037e-01,1.0500
3510.52,1.45294907e-04,2.678096e-03,1.049832e-05,-1.7402801422e-10,1.1719e-01,1.0500
3511.03,9.06009729e-05,2.702564e-03,1.039341e-05,-1.7402868036e-10,1.2401e-01,1.0500
3511.53,-1.14519326e-04,2.725060e-03,1.026677e-05,-1.7402979058e-10,1.3091e-01,1.0500
3512.04,-4.03505242e-04,2.742439e-03,1.011698e-05,-1.7403045671e-10,1.3784e-01,1.0500
3512.55,-6.82705246e-04,2.751558e-03,9.944224e-06,-1.7403112285e-10,1.4500e-01,1.0500
3513.05,-8.46297102e-04,2.749818e-03,9.751721e-06,-1.7411927455e-10,1.5128e-01,1.0437
3513.56,-7.92180996e-04,2.735701e-03,9.545555e-06,-1.7426837751e-10,1.5627e-01,1.0500
3514.07,-4.37801868e-04,2.709225e-03,9.333023e-06,-1.7436296851e-10,1.5942e-01,1.0500
3514.57,2.63582570e-04,2.672270e-03,9.120178e-06,-1.7458601231e-10,5.8568e-02,1.0375
3515.08,1.30519869e-03,2.628602e-03,8.909959e-06,-1.7460122237e-10,5.2244e-02,1.0375
3515.59,2.60841135e-03,2.583375e-03,8.702053e-06,-1.7462176150e-10,4.4747e-02,1.0375
3516.09,4.01051306e-03,2.542018e-03,8.494722e-06,-1.7464785174e-10,3.7767e-02,1.0375
3516.60,5.27418461e-03,2.508764e-03,8.287577e-06,-1.7467238766e-10,3.2138e-02,1.0375
3517.11,6.13570900e-03,2.485479e-03,8.083693e-06,-1.7468493319e-10,2.8133e-02,1.0375
3517.61,6.38981026e-03,2.471467e-03,7.889686e-06,-1.7469281577e-10,2.5769e-02,1.0375
3518.12,5.97375391e-03,2.464466e-03,7.713564e-06,-1.7470103142e-10,2.5025e-02,1.0375
3518.63,4.99727460e-03,2.462311e-03,7.561463e-06,-1.7470880298e-10,3.0899e-02,1.0375
3519.13,3.69667621e-03,2.464377e-03,7.435177e-06,-1.7471346592e-10,3.6455e-02,1.0375
3519.64,2.34511791e-03,2.472057e-03,7.332025e-06,-1.7471724068e-10,3.8799e-02,1.0375
3520.15,1.17295307e-03,2.488048e-03,7.247117e-06,-1.7472212566e-10,3.5214e-02,1.0375
3520.66,3.29438650e-04,2.514920e-03,7.176557e-06,-1.7473278380e-10,4.0182e-02,1.0375
3521.16,-1.17048694e-04,2.553602e-03,7.119611e-06,-1.7475054737e-10,4.6388e-02,1.0375
3521.67,-1.60195762e-04,2.603141e-03,7.078576e-06,-1.7477153058e-10,5.3141e-02,1.0375
3522.18,1.63572612e-04,2.660841e-03,7.056555e-06,-1.7478540837e-10,5.9166e-02,1.0375
3522.68,7.86266635e-04,2.723358e-03,7.054529e-06,-1.7479273584e-10,6.4688e-02,1.0375
3523.19,1.61149309e-03,2.787692e-03,7.069462e-06,-1.7479584447e-10,7.0624e-02,1.0375
3523.70,2.51552554e-03,2.851667e-03,7.094504e-06,-1.7479862002e-10,6.8385e-02,1.0375
3524.20,3.35463165e-03,2.914310e-03,7.121013e-06,-1.7480705772e-10,4.4965e-02,1.0375
3524.71,3.98494117e-03,2.975059e-03,7.141181e-06,-1.7481749381e-10,2.9342e-02,1.0375
3525.22,4.29362108e-03,3.033453e-03,7.149924e-06,-1.7483325898e-10,3.1204e-02,1.0375
3525.72,4.23009042e-03,3.089327e-03,7.145302e-06,-1.7486845305e-10,3.2321e-02,1.0375
3526.23,3.82125376e-03,3.143187e-03,7.127477e-06,-1.7491963433e-10,3.2995e-02,1.0375
3526.74,3.16134187e-03,3.196498e-03,7.096856e-06,-1.7497714389e-10,3.3240e-02,1.0375
3527.24,2.38105602e-03,3.251714e-03,7.052401e-06,-1.7503387628e-10,3.3018e-02,1.0375
3527.75,1.61093341e-03,3.311805e-03,6.990983e-06,-1.7508283712e-10,3.1894e-02,1.0375
3528.26,9.53197816e-04,3.379555e-03,6.908198e-06,-1.7512102879e-10,2.8925e-02,1.0375
3528.76,4.68208534e-04,3.456872e-03,6.800144e-06,-1.7516055273e-10,2.4400e-02,1.0375
3529.27,1.73751918e-04,3.544287e-03,6.665071e-06,-1.7522405749e-10,1.9034e-02,1.0375
3529.78,5.21324671e-05,3.640768e-03,6.503857e-06,-1.7533774432e-10,1.8478e-02,1.0375
3530.28,6.06498970e-05,3.743889e-03,6.318991e-06,-1.7546886166e-10,2.2848e-02,1.0375
3530.79,1.42982821e-04,3.850260e-03,6.112633e-06,-1.7557844068e-10,2.7576e-02,1.0375
3531.30,2.40334414e-04,3.955991e-03,5.885049e-06,-1.7565815469e-10,3.2524e-02,1.0375
3531.80,3.01449891e-04,4.057174e-03,5.634744e-06,-1.7571299971e-10,3.7595e-02,1.0375
3532.31,2.90304391e-04,4.150311e-03,5.360776e-06,-1.7576040623e-10,4.4696e-02,1.0375
3532.82,1.90194201e-04,4.232614e-03,5.066214e-06,-1.7579782075e-10,5.1327e-02,1.0375
3533.32,3.62156375e-06,4.302479e-03,4.760457e-06,-1.7582169054e-10,5.4249e-02,1.0375
3533.83,-2.51446251e-04,4.359558e-03,4.458100e-06,-1.7583090539e-10,6.0243e-02,1.0375
3534.34,-5.47323598e-04,4.404859e-03,4.173839e-06,-1.7583290379e-10,6.6341e-02,1.0375
3534.85,-8.52467273e-04,4.440499e-03,3.916080e-06,-1.7583456913e-10,7.2599e-02,1.0375
3535.35,-1.13613191e-03,4.469104e-03,3.684365e-06,-1.7583678957e-10,8.3325e-02,1.0375
3535.86,-1.37145997e-03,4.492990e-03,3.474546e-06,-1.7583778877e-10,8.9770e-02,1.0375
3536.37,-1.53740564e-03,4.513380e-03,3.290399e-06,-1.7583845491e-10,9.6034e-02,1.0375
3536.87,-1.62012380e-03,4.529985e-03,3.154440e-06,-1.7583945411e-10,1.0265e-01,1.0375
3537.38,-1.61420382e-03,4.540986e-03,3.107276e-06,-1.7584100842e-10,1.0428e-01,1.0375
3537.89,-1.52366782e-03,4.543766e-03,3.187535e-06,-1.7584178558e-10,6.2919e-02,1.0375
3538.39,-1.36228025e-03,4.535632e-03,3.402622e-06,-1.7584811385e-10,3.1041e-02,1.0375
3538.90,-1.15261198e-03,4.514333e-03,3.720275e-06,-1.7585655154e-10,3.1071e-02,1.0375
3539.41,-9.23507182e-04,4.478477e-03,4.089687e-06,-1.7587176160e-10,3.0467e-02,1.0375
3539.91,-7.06048724e-04,4.427546e-03,4.467859e-06,-1.7589829593e-10,2.9514e-02,1.0375
3540.42,-5.28658556e-04,4.361710e-03,4.832796e-06,-1.7592938217e-10,2.8492e-02,1.0375
3540.93,-4.12401549e-04,4.281657e-03,5.183286e-06,-1.7596146762e-10,2.7397e-02,1.0375
3541.43,-3.67671233e-04,4.188569e-03,5.530459e-06,-1.7598844604e-10,2.6218e-02,1.0375
3541.94,-3.93103901e-04,4.084242e-03,5.886456e-06,-1.7601475832e-10,2.4889e-02,1.0375
3542.45,-4.76867773e-04,3.971210e-03,6.255509e-06,-1.7603751790e-10,2.3417e-02,1.0375
3542.95,-5.99688505e-04,3.852705e-03,6.631248e-06,-1.7605095159e-10,2.1849e-02,1.0375
3543.46,-7.38459412e-04,3.732283e-03,7.000231e-06,-1.7606338609e-10,1.9002e-02,1.0375
3543.97,-8.69275824e-04,3.613262e-03,7.348197e-06,-1.7607348912e-10,2.1662e-02,1.0375
3544.47,-9.69204374e-04,3.498409e-03,7.665043e-06,-1.7608958736e-10,2.4727e-02,1.0375
3544.98,-1.01680851e-03,3.389623e-03,7.946522e-06,-1.7610790604e-10,2.7363e-02,1.0375
3545.49,-9.92097309e-04,3.287825e-03,8.193029e-06,-1.7612100667e-10,2.9382e-02,1.0375
3545.99,-8.76921575e-04,3.192922e-03,8.407147e-06,-1.7612744596e-10,3.0945e-02,1.0375
3546.50,-6.56811338e-04,3.103716e-03,8.591659e-06,-1.7612900027e-10,3.2620e-02,1.0375
3547.01,-3.24811174e-04,3.017802e-03,8.748791e-06,-1.7613266401e-10,3.3869e-02,1.0375
3547.51,1.12971709e-04,2.931823e-03,8.880353e-06,-1.7613577263e-10,3.5716e-02,1.0375
3548.02,6.31573795e-04,2.842219e-03,8.987845e-06,-1.7613754899e-10,3.8671e-02,1.0375
3548.53,1.18384086e-03,2.746590e-03,9.072111e-06,-1.7614754100e-10,4.3746e-02,1.0500
3549.04,1.70286221e-03,2.644716e-03,9.132607e-06,-1.7644119499e-10,5.0230e-02,1.0625
3549.54,2.11245578e-03,2.539474e-03,9.166940e-06,-1.7656376361e-10,5.7258e-02,1.0625
3550.05,2.34476335e-03,2.436974e-03,9.171797e-06,-1.7660783946e-10,5.8602e-02,1.0625
3550.56,2.35964095e-03,2.345423e-03,9.144872e-06,-1.7660939378e-10,5.8493e-02,1.0625
3551.06,2.15790228e-03,2.273025e-03,9.086628e-06,-1.7660983787e-10,6.0012e-02,1.0625
3551.57,1.78231331e-03,2.225884e-03,9.000844e-06,-1.7661061502e-10,6.1291e-02,1.0625
3552.08,1.30608583e-03,2.206885e-03,8.893506e-06,-1.7661261342e-10,5.9199e-02,1.0625
3552.58,8.14534320e-04,2.215935e-03,8.770599e-06,-1.7661327956e-10,4.8864e-02,1.0625
3553.09,3.87601997e-04,2.250880e-03,8.636161e-06,-1.7661327956e-10,5.1302e-02,1.0625
3553.60,8.85913878e-05,2.308051e-03,8.491795e-06,-1.7661427876e-10,5.8249e-02,1.0625
3554.10,-3.98282107e-05,2.382185e-03,8.337863e-06,-1.7664925078e-10,6.5171e-02,1.0625
3554.61,2.53361457e-05,2.466429e-03,8.175377e-06,-1.7674384178e-10,7.2073e-02,1.0625
3555.12,2.89587363e-04,2.553184e-03,8.007132e-06,-1.7690338083e-10,7.8956e-02,1.0563
3555.62,7.41044698e-04,2.635868e-03,7.837224e-06,-1.7719692380e-10,8.5828e-02,1.0563
3556.13,1.34690251e-03,2.710757e-03,7.669342e-06,-1.7726009549e-10,9.2687e-02,1.0625
3556.64,2.04749311e-03,2.777887e-03,7.505190e-06,-1.7732371127e-10,9.9527e-02,1.0625
3557.14,2.75259167e-03,2.840480e-03,7.344418e-06,-1.7754775428e-10,1.0636e-01,1.0500
3557.65,3.34688457e-03,2.903058e-03,7.186378e-06,-1.7754919757e-10,1.1319e-01,1.0500
3558.16,3.70982480e-03,2.969166e-03,7.032676e-06,-1.7754986370e-10,1.1999e-01,1.0500
3558.66,3.74761391e-03,3.039914e-03,6.888702e-06,-1.7755097392e-10,1.2678e-01,1.0500
3559.17,3.42495646e-03,3.114096e-03,6.762744e-06,-1.7755175108e-10,1.3359e-01,1.0500
3559.68,2.77997546e-03,3.189557e-03,6.662765e-06,-1.7755352744e-10,1.4048e-01,1.0500
3560.18,1.91332205e-03,3.264657e-03,6.592551e-06,-1.7755397153e-10,1.4731e-01,1.0500
3560.69,9.57308017e-04,3.338795e-03,6.549728e-06,-1.7755641402e-10,1.5452e-01,1.0500
3561.20,4.07806677e-05,3.411676e-03,6.527076e-06,-1.7775336758e-10,1.5980e-01,1.0437
3561.70,-7.36170544e-04,3.481934e-03,6.516336e-06,-1.7784662631e-10,1.6345e-01,1.0500
3562.21,-1.31254209e-03,3.546207e-03,6.512087e-06,-1.7809098640e-10,3.7648e-02,1.0375
3562.72,-1.66476523e-03,3.599513e-03,6.513424e-06,-1.7810575237e-10,3.7580e-02,1.0375
3563.23,-1.79916118e-03,3.636906e-03,6.522763e-06,-1.7811485620e-10,3.7707e-02,1.0375
3563.73,-1.74350295e-03,3.655534e-03,6.542820e-06,-1.7812429309e-10,3.7823e-02,1.0375
3564.24,-1.54006100e-03,3.656015e-03,6.573699e-06,-1.7812817887e-10,3.4164e-02,1.0375
3564.75,-1.24027117e-03,3.642337e-03,6.611723e-06,-1.7813528430e-10,3.2707e-02,1.0375
3565.25,-9.00017945e-04,3.620323e-03,6.650457e-06,-1.7815515729e-10,3.6219e-02,1.0375
3565.76,-5.74466136e-04,3.595314e-03,6.683077e-06,-1.7817869402e-10,4.0310e-02,1.0375
3566.27,-3.12117597e-04,3.570370e-03,6.704600e-06,-1.7821732978e-10,4.4917e-02,1.0375
3566.77,-1.48853667e-04,3.545898e-03,6.712867e-06,-1.7826407017e-10,4.9766e-02,1.0375
3567.28,-1.03527338e-04,3.520778e-03,6.707974e-06,-1.7831069954e-10,5.4096e-02,1.0375
3567.79,-1.76644263e-04,3.494054e-03,6.690734e-06,-1.7835211086e-10,5.6965e-02,1.0375
3568.29,-3.52725746e-04,3.465950e-03,6.661115e-06,-1.7838497346e-10,5.7938e-02,1.0375
3568.80,-6.05589441e-04,3.437556e-03,6.617498e-06,-1.7840984246e-10,5.7316e-02,1.0375
3569.31,-9.04800025e-04,3.409469e-03,6.557058e-06,-1.7843260203e-10,5.5660e-02,1.0375
3569.81,-1.22142530e-03,3.380396e-03,6.477002e-06,-1.7845458444e-10,5.3625e-02,1.0375
3570.32,-1.53187732e-03,3.346761e-03,6.376022e-06,-1.7847801015e-10,5.1841e-02,1.0375
3570.83,-1.81951618e-03,3.303749e-03,6.255193e-06,-1.7850143585e-10,5.0659e-02,1.0375
3571.33,-2.07438098e-03,3.247341e-03,6.117779e-06,-1.7852630485e-10,5.0060e-02,1.0375
3571.84,-2.29172698e-03,3.176363e-03,5.967911e-06,-1.7854895340e-10,4.9715e-02,1.0375
3572.35,-2.47006858e-03,3.093619e-03,5.808754e-06,-1.7857260115e-10,4.9109e-02,1.0375
3572.85,-2.60927843e-03,3.005599e-03,5.641294e-06,-1.7859225210e-10,4.7688e-02,1.0375
3573.36,-2.70905848e-03,2.920867e-03,5.464698e-06,-1.7861068180e-10,4.5118e-02,1.0375
3573.87,-2.76788383e-03,2.847780e-03,5.278417e-06,-1.7863266422e-10,4.1450e-02,1.0375
3574.37,-2.78245024e-03,2.792524e-03,5.085164e-06,-1.7865653401e-10,3.7194e-02,1.0375
3574.88,-2.74773088e-03,2.758230e-03,4.893101e-06,-1.7867596291e-10,3.2959e-02,1.0375
3575.39,-2.65786289e-03,2.745294e-03,4.715626e-06,-1.7868606594e-10,2.9286e-02,1.0375
3575.89,-2.50820082e-03,2.752267e-03,4.567954e-06,-1.7869283830e-10,2.6523e-02,1.0375
3576.40,-2.29877034e-03,2.776554e-03,4.461603e-06,-1.7870283031e-10,2.9643e-02,1.0375
3576.91,-2.03852929e-03,2.814590e-03,4.399985e-06,-1.7871193414e-10,3.5860e-02,1.0375
3577.42,-1.74859780e-03,2.861780e-03,4.378594e-06,-1.7871781832e-10,3.7334e-02,1.0375
3577.92,-1.46247907e-03,2.912583e-03,4.390406e-06,-1.7872348046e-10,3.6113e-02,1.0375
3578.43,-1.22266400e-03,2.961343e-03,4.432995e-06,-1.7872703317e-10,3.2264e-02,1.0375
3578.94,-1.07395114e-03,3.003140e-03,4.512365e-06,-1.7874157709e-10,3.4793e-02,1.0375
3579.44,-1.05356970e-03,3.034815e-03,4.640566e-06,-1.7877554992e-10,3.8199e-02,1.0375
3579.95,-1.17942629e-03,3.055690e-03,4.828252e-06,-1.7881807146e-10,4.2259e-02,1.0375
3580.46,-1.44142062e-03,3.067576e-03,5.077115e-06,-1.7886037096e-10,4.6991e-02,1.0375
3580.96,-1.80194765e-03,3.074059e-03,5.377587e-06,-1.7889112414e-10,5.2313e-02,1.0375
3581.47,-2.20646491e-03,3.079200e-03,5.713135e-06,-1.7890922077e-10,5.7712e-02,1.0375
3581.98,-2.59785033e-03,3.086087e-03,6.067656e-06,-1.7891688131e-10,6.3286e-02,1.0375
3582.48,-2.92695738e-03,3.095875e-03,6.431215e-06,-1.7892087811e-10,6.9412e-02,1.0375
3582.99,-3.15687817e-03,3.107569e-03,6.801349e-06,-1.7892243243e-10,7.6284e-02,1.0375
3583.50,-3.26356418e-03,3.118570e-03,7.180057e-06,-1.7892287651e-10,8.2804e-02,1.0375
3584.00,-3.23607836e-03,3.125561e-03,7.568821e-06,-1.7892531901e-10,8.5877e-02,1.0375
3584.51,-3.07733085e-03,3.125557e-03,7.964841e-06,-1.7892809456e-10,6.4414e-02,1.0375
3585.02,-2.80431157e-03,3.116618e-03,8.360633e-06,-1.7893397875e-10,3.7368e-02,1.0375
3585.52,-2.44682073e-03,3.097838e-03,8.746808e-06,-1.7894108417e-10,3.4184e-02,1.0375
3586.03,-2.04435787e-03,3.069009e-03,9.115947e-06,-1.7895762650e-10,3.4698e-02,1.0375
3586.54,-1.64110571e-03,3.030274e-03,9.465161e-06,-1.7898704741e-10,3.2548e-02,1.0375
3587.04,-1.27907288e-03,2.982010e-03,9.796024e-06,-1.7902246352e-10,2.8407e-02,1.0375
3587.55,-9.90106564e-04,2.925081e-03,1.011209e-05,-1.7905132932e-10,2.2981e-02,1.0375
3588.06,-7.88573757e-04,2.861298e-03,1.041555e-05,-1.7907386685e-10,2.0806e-02,1.0375
3588.56,-6.67192831e-04,2.793748e-03,1.070485e-05,-1.7908563521e-10,2.2777e-02,1.0375
3589.07,-5.98048479e-04,2.726614e-03,1.097465e-05,-1.7909174144e-10,2.1539e-02,1.0375
3589.58,-5.39257741e-04,2.664412e-03,1.121788e-05,-1.7909940198e-10,2.7232e-02,1.0375
3590.09,-4.45775791e-04,2.610890e-03,1.142857e-05,-1.7911550021e-10,3.3251e-02,1.0375
3590.59,-2.81500892e-04,2.568239e-03,1.160381e-05,-1.7913714956e-10,3.9499e-02,1.0375
3591.10,-2.98903767e-05,2.536953e-03,1.174389e-05,-1.7915802175e-10,4.5751e-02,1.0375
3591.61,2.98874628e-04,2.516341e-03,1.185087e-05,-1.7917989314e-10,5.1292e-02,1.0375
3592.11,6.66106884e-04,2.505289e-03,1.192662e-05,-1.7920209761e-10,5.4605e-02,1.0375
3592.62,1.01088259e-03,2.502740e-03,1.197151e-05,-1.7922385798e-10,5.5488e-02,1.0375
3593.13,1.26566970e-03,2.507698e-03,1.198433e-05,-1.7924195461e-10,5.4651e-02,1.0375
3593.63,1.37719563e-03,2.518948e-03,1.196318e-05,-1.7925982920e-10,5.2736e-02,1.0375
3594.14,1.32282659e-03,2.534913e-03,1.190646e-05,-1.7927737073e-10,5.0272e-02,1.0375
3594.65,1.11407707e-03,2.553950e-03,1.181341e-05,-1.7929135954e-10,4.7753e-02,1.0375
3595.15,7.87990523e-04,2.574957e-03,1.168387e-05,-1.7930856799e-10,4.5523e-02,1.0375
3595.66,3.95340182e-04,2.597924e-03,1.151781e-05,-1.7932699770e-10,4.3727e-02,1.0375
3596.17,-6.43086405e-06,2.624010e-03,1.131518e-05,-1.7934631558e-10,4.2435e-02,1.0375
3596.67,-3.55695449e-04,2.655051e-03,1.107622e-05,-1.7936618857e-10,4.1600e-02,1.0375
3597.18,-5.90426160e-04,2.692713e-03,1.080216e-05,-1.7938539543e-10,4.1121e-02,1.0375
3597.69,-6.57103841e-04,2.737778e-03,1.049561e-05,-1.7940748887e-10,4.0896e-02,1.0375
3598.19,-5.22302490e-04,2.789931e-03,1.016016e-05,-1.7942736186e-10,4.0854e-02,1.0375
3598.70,-1.80925145e-04,2.848105e-03,9.799206e-06,-1.7944834507e-10,4.0973e-02,1.0375
3599.21,3.42889789e-04,2.911070e-03,9.414564e-06,-1.7946910624e-10,4.1280e-02,1.0375
3599.71,1.00115050e-03,2.977852e-03,9.005895e-06,-1.7948798003e-10,4.1839e-02,1.0375
3600.22,1.72928012e-03,3.047715e-03,8.571313e-06,-1.7950607667e-10,4.2742e-02,1.0375
3600.73,2.45182039e-03,3.119771e-03,8.109023e-06,-1.7952406228e-10,4.4076e-02,1.0375
3601.23,3.08730950e-03,3.192514e-03,7.619019e-06,-1.7954138176e-10,4.5888e-02,1.0375
3601.74,3.55653355e-03,3.263604e-03,7.103885e-06,-1.7955714693e-10,4.8111e-02,1.0375
3602.25,3.79721361e-03,3.330044e-03,6.568300e-06,-1.7957202392e-10,5.0474e-02,1.0375
3602.75,3.78232233e-03,3.388674e-03,6.017624e-06,-1.7958490250e-10,5.2489e-02,1.0375
3603.26,3.53337035e-03,3.436765e-03,5.456563e-06,-1.7959900234e-10,5.3958e-02,1.0375
3603.77,3.12003379e-03,3.472477e-03,4.888952e-06,-1.7961232501e-10,5.5451e-02,1.0375
3604.28,2.64432991e-03,3.495104e-03,4.319098e-06,-1.7962276111e-10,5.7585e-02,1.0375
3604.78,2.21568477e-03,3.505099e-03,3.754310e-06,-1.7963186494e-10,6.0701e-02,1.0375
3605.29,1.92638243e-03,3.503958e-03,3.207703e-06,-1.7963797116e-10,6.4674e-02,1.0375
3605.80,1.83402315e-03,3.493999e-03,2.700750e-06,-1.7964207899e-10,6.8896e-02,1.0375
3606.30,1.95268557e-03,3.478041e-03,2.265848e-06,-1.7964563170e-10,7.1968e-02,1.0375
3606.81,2.25160527e-03,3.458990e-03,1.948428e-06,-1.7964885135e-10,7.1566e-02,1.0375
3607.32,2.66038731e-03,3.439382e-03,1.800873e-06,-1.7965084975e-10,6.6841e-02,1.0375
3607.82,3.08123069e-03,3.421034e-03,1.854345e-06,-1.7965473553e-10,5.9844e-02,1.0375
3608.33,3.40863463e-03,3.404929e-03,2.090590e-06,-1.7965817722e-10,5.2990e-02,1.0375
3608.84,3.55413474e-03,3.391373e-03,2.459746e-06,-1.7966284016e-10,4.7923e-02,1.0375
3609.34,3.46922284e-03,3.380336e-03,2.913543e-06,-1.7966883537e-10,4.5021e-02,1.0375
3609.85,3.15765600e-03,3.371743e-03,3.415166e-06,-1.7967582977e-10,4.4095e-02,1.0375
3610.36,2.67187354e-03,3.365543e-03,3.936972e-06,-1.7968404542e-10,4.4896e-02,1.0375
3610.86,2.09568299e-03,3.361520e-03,4.458728e-06,-1.7969392641e-10,4.7216e-02,1.0375
3611.37,1.52147918e-03,3.358965e-03,4.967585e-06,-1.7970236410e-10,5.1179e-02,1.0375
3611.88,1.03103589e-03,3.356509e-03,5.457852e-06,-1.7970924748e-10,5.6609e-02,1.0375
3612.38,6.84968369e-04,3.352346e-03,5.929305e-06,-1.7971235611e-10,6.2374e-02,1.0375
3612.89,5.20833578e-04,3.344606e-03,6.384150e-06,-1.7971313326e-10,6.8879e-02,1.0375
3613.40,5.56373725e-04,3.332084e-03,6.823813e-06,-1.7971513167e-10,6.8431e-02,1.0375
3613.90,7.93356943e-04,3.314887e-03,7.246994e-06,-1.7971912847e-10,5.4663e-02,1.0375
3614.41,1.21831336e-03,3.294586e-03,7.649700e-06,-1.7972523469e-10,4.0194e-02,1.0375
3614.92,1.79864899e-03,3.273988e-03,8.026848e-06,-1.7973211808e-10,3.0163e-02,1.0375
3615.42,2.47583116e-03,3.256527e-03,8.374224e-06,-1.7973655897e-10,2.3282e-02,1.0375
3615.93,3.16091731e-03,3.245487e-03,8.689607e-06,-1.7974344235e-10,2.0721e-02,1.0375
3616.44,3.73982150e-03,3.243297e-03,8.972593e-06,-1.7975265720e-10,2.1675e-02,1.0375
3616.94,4.09353099e-03,3.251010e-03,9.223526e-06,-1.7976675704e-10,2.1451e-02,1.0375
3617.45,4.13050738e-03,3.268093e-03,9.442415e-06,-1.7978241118e-10,2.2003e-02,1.0375
3617.96,3.81835463e-03,3.292633e-03,9.628627e-06,-1.7979695510e-10,2.3375e-02,1.0375
3618.47,3.19807222e-03,3.321756e-03,9.781491e-06,-1.7980772427e-10,2.3389e-02,1.0375
3618.97,2.37242268e-03,3.352151e-03,9.901319e-06,-1.7981249822e-10,2.4585e-02,1.0375
3619.48,1.47476187e-03,3.380609e-03,9.990080e-06,-1.7981849343e-10,2.9255e-02,1.0375
3619.99,6.34036582e-04,3.404503e-03,1.005114e-05,-1.7983159406e-10,3.4745e-02,1.0375
3620.49,-5.05181424e-05,3.422084e-03,1.008813e-05,-1.7985357648e-10,4.1328e-02,1.0375
3621.00,-5.20507320e-04,3.432586e-03,1.010348e-05,-1.7987478174e-10,4.8887e-02,1.0375
3621.51,-7.58621102e-04,3.436162e-03,1.009754e-05,-1.7989520984e-10,5.7392e-02,1.0375
3622.01,-7.83746932e-04,3.433656e-03,1.006885e-05,-1.7992274337e-10,6.4308e-02,1.0375
3622.52,-6.44818908e-04,3.426214e-03,1.001537e-05,-1.7993539991e-10,7.0679e-02,1.0375
3623.03,-4.13921475e-04,3.414848e-03,9.936097e-06,-1.7994028489e-10,7.4580e-02,1.0375
3623.53,-1.76809404e-04,3.400233e-03,9.832127e-06,-1.7994261636e-10,7.9402e-02,1.0375
3624.04,-1.90919765e-05,3.382612e-03,9.706781e-06,-1.7994528090e-10,8.6349e-02,1.0375
3624.55,-9.00348504e-06,3.361820e-03,9.564820e-06,-1.7994694623e-10,8.7659e-02,1.0375
3625.05,-1.81353075e-04,3.337461e-03,9.411270e-06,-1.7994628010e-10,7.9065e-02,1.0375
3625.56,-5.29003270e-04,3.309154e-03,9.250475e-06,-1.7994938872e-10,3.0518e-02,1.0375
3626.07,-1.00598665e-03,3.276598e-03,9.085752e-06,-1.7995449575e-10,2.7776e-02,1.0375
3626.57,-1.54116029e-03,3.239598e-03,8.919660e-06,-1.8002810354e-10,3.2444e-02,1.0500
3627.08,-2.05673852e-03,3.198142e-03,8.754550e-06,-1.8002943580e-10,3.6186e-02,1.0500
3627.59,-2.48507746e-03,3.152378e-03,8.592979e-06,-1.8003054603e-10,3.9401e-02,1.0500
3628.09,-2.77956397e-03,3.102527e-03,8.437691e-06,-1.8003276647e-10,3.8080e-02,1.0500
3628.60,-2.91897475e-03,3.048930e-03,8.291192e-06,-1.8003287749e-10,3.0966e-02,1.0500
3629.11,-2.90698149e-03,2.992023e-03,8.155237e-06,-1.8003321056e-10,3.3418e-02,1.0500
3629.61,-2.76889081e-03,2.932359e-03,8.030579e-06,-1.8003365465e-10,4.0421e-02,1.0500
3630.12,-2.54683576e-03,2.870623e-03,7.917377e-06,-1.8003554203e-10,4.7411e-02,1.0500
3630.63,-2.29354168e-03,2.807356e-03,7.815743e-06,-1.8003643021e-10,5.4385e-02,1.0500
3631.13,-2.06435247e-03,2.743082e-03,7.726216e-06,-1.8003698532e-10,6.1344e-02,1.0500
3631.64,-1.90777144e-03,2.678547e-03,7.650036e-06,-1.8003742941e-10,6.8288e-02,1.0500
3632.15,-1.85600747e-03,2.614824e-03,7.588989e-06,-1.8003920577e-10,7.5215e-02,1.0500
3632.66,-1.91802406e-03,2.553295e-03,7.544766e-06,-1.8004009394e-10,8.2124e-02,1.0500
3633.16,-2.07745737e-03,2.495603e-03,7.518136e-06,-1.8004020497e-10,8.9015e-02,1.0500
3633.67,-2.29631595e-03,2.443651e-03,7.508175e-06,-1.8004142621e-10,9.5904e-02,1.0500
3634.18,-2.52339181e-03,2.399702e-03,7.511921e-06,-1.8004187030e-10,1.0282e-01,1.0500
3634.68,-2.70496139e-03,2.366470e-03,7.524682e-06,-1.8004264746e-10,1.0976e-01,1.0500
3635.19,-2.79523098e-03,2.346970e-03,7.540901e-06,-1.8004397973e-10,1.1679e-01,1.0500
3635.70,-2.76475662e-03,2.344055e-03,7.555237e-06,-1.8004442381e-10,1.2373e-01,1.0500
3636.20,-2.60594396e-03,2.359782e-03,7.563456e-06,-1.8004808755e-10,1.3225e-01,1.0500
3636.71,-2.33513970e-03,2.394845e-03,7.562804e-06,-1.8015200443e-10,1.3717e-01,1.0437
3637.22,-1.99078039e-03,2.448329e-03,7.551756e-06,-1.8031087734e-10,1.4226e-01,1.0500
3637.72,-1.62707758e-03,2.517861e-03,7.529268e-06,-1.8038814886e-10,1.4705e-01,1.0437
3638.23,-1.30341155e-03,2.600001e-03,7.493885e-06,-1.8061441232e-10,3.6122e-02,1.0375
3638.74,-1.07116766e-03,2.690683e-03,7.443146e-06,-1.8063317508e-10,3.4032e-02,1.0375
3639.24,-9.61505164e-04,2.785601e-03,7.373596e-06,-1.8065104967e-10,3.3874e-02,1.0375
3639.75,-9.78161187e-04,2.880627e-03,7.281383e-06,-1.8066825813e-10,3.5431e-02,1.0375
3640.26,-1.09790651e-03,2.972299e-03,7.163121e-06,-1.8068979646e-10,3.8372e-02,1.0375
3640.76,-1.27820112e-03,3.058293e-03,7.016579e-06,-1.8072676689e-10,4.2499e-02,1.0375
3641.27,-1.46876204e-03,3.137716e-03,6.840869e-06,-1.8076617980e-10,4.7604e-02,1.0375
3641.78,-1.62279538e-03,3.211084e-03,6.636129e-06,-1.8080092978e-10,5.3160e-02,1.0375
3642.28,-1.70474661e-03,3.279983e-03,6.402918e-06,-1.8082735309e-10,5.8483e-02,1.0375
3642.79,-1.69348727e-03,3.346512e-03,6.141742e-06,-1.8084356235e-10,6.3023e-02,1.0375
3643.30,-1.58162371e-03,3.412705e-03,5.853051e-06,-1.8085033471e-10,6.7464e-02,1.0375
3643.80,-1.37249736e-03,3.480113e-03,5.537786e-06,-1.8085499764e-10,6.9526e-02,1.0375
3644.31,-1.07653340e-03,3.549617e-03,5.198196e-06,-1.8086065978e-10,6.2139e-02,1.0375
3644.82,-7.08222301e-04,3.621291e-03,4.838355e-06,-1.8086954157e-10,4.6973e-02,1.0375
3645.32,-2.84449740e-04,3.694247e-03,4.463936e-06,-1.8087831233e-10,3.1901e-02,1.0375
3645.83,1.75737479e-04,3.766483e-03,4.081272e-06,-1.8088841536e-10,1.9079e-02,1.0375
3646.34,6.50434395e-04,3.834912e-03,3.696390e-06,-1.8090617893e-10,1.7726e-02,1.0375
3646.85,1.11419266e-03,3.895719e-03,3.315039e-06,-1.8093815335e-10,1.9510e-02,1.0375
3647.35,1.53841809e-03,3.945003e-03,2.944542e-06,-1.8097745524e-10,2.1252e-02,1.0375
3647.86,1.89360479e-03,3.979607e-03,2.597677e-06,-1.8101664612e-10,2.3655e-02,1.0375
3648.37,2.15339422e-03,3.997825e-03,2.297830e-06,-1.8105528188e-10,2.6718e-02,1.0375
3648.87,2.29947602e-03,3.999709e-03,2.082376e-06,-1.8108881061e-10,3.0342e-02,1.0375
3649.38,2.32564581e-03,3.986876e-03,1.996046e-06,-1.8112056299e-10,3.4526e-02,1.0375
3649.89,2.23937245e-03,3.961888e-03,2.066811e-06,-1.8114632017e-10,3.9398e-02,1.0375
3650.39,2.06011279e-03,3.927480e-03,2.283612e-06,-1.8116785849e-10,4.2657e-02,1.0375
3650.90,1.81492461e-03,3.885975e-03,2.606766e-06,-1.8118184730e-10,4.2519e-02,1.0375
3651.41,1.53295251e-03,3.839123e-03,2.994337e-06,-1.8118884171e-10,4.2614e-02,1.0375
3651.91,1.24058183e-03,3.788314e-03,3.415233e-06,-1.8119428180e-10,4.2785e-02,1.0375
3652.42,9.58475359e-04,3.734884e-03,3.849633e-06,-1.8119872269e-10,3.3586e-02,1.0375
3652.93,7.00764907e-04,3.680147e-03,4.285792e-06,-1.8121193435e-10,3.7711e-02,1.0375
3653.43,4.75879009e-04,3.624938e-03,4.717069e-06,-1.8123247347e-10,4.2549e-02,1.0375
3653.94,2.88128836e-04,3.568871e-03,5.139873e-06,-1.8126322665e-10,4.8085e-02,1.0375
3654.45,1.39233962e-04,3.509788e-03,5.552306e-06,-1.8129087120e-10,5.4055e-02,1.0375
3654.95,2.92683225e-05,3.444034e-03,5.953138e-06,-1.8131107726e-10,5.9960e-02,1.0375
3655.46,-4.31354055e-05,3.367838e-03,6.340830e-06,-1.8132262358e-10,6.5696e-02,1.0375
3655.97,-8.11759240e-05,3.278412e-03,6.712651e-06,-1.8132650936e-10,7.1611e-02,1.0375
3656.47,-9.05145864e-05,3.175444e-03,7.064318e-06,-1.8132917390e-10,7.8322e-02,1.0375
3656.98,-7.97238368e-05,3.061024e-03,7.390531e-06,-1.8133017310e-10,8.4766e-02,1.0375
3657.49,-6.02033945e-05,2.939351e-03,7.686319e-06,-1.8133339275e-10,7.4862e-02,1.0375
3657.99,-4.53995282e-05,2.815904e-03,7.948558e-06,-1.8134083124e-10,4.3959e-02,1.0375
3658.50,-4.93847411e-05,2.695097e-03,8.176849e-06,-1.8135071223e-10,3.2041e-02,1.0375
3659.01,-8.50413846e-05,2.579676e-03,8.373209e-06,-1.8136847579e-10,3.4068e-02,1.0375
3659.51,-1.62200331e-04,2.471329e-03,8.540696e-06,-1.8141188551e-10,3.5853e-02,1.0375
3660.02,-2.86102472e-04,2.371964e-03,8.681661e-06,-1.8147805481e-10,3.7159e-02,1.0375
3660.53,-4.56482725e-04,2.284714e-03,8.796611e-06,-1.8155688064e-10,3.7860e-02,1.0375
3661.04,-6.67446202e-04,2.213757e-03,8.884325e-06,-1.8163603954e-10,3.7764e-02,1.0375
3661.54,-9.08153599e-04,2.162774e-03,8.943057e-06,-1.8170798199e-10,3.6680e-02,1.0375
3662.05,-1.16419868e-03,2.132931e-03,8.972050e-06,-1.8176626870e-10,3.4682e-02,1.0375
3662.56,-1.41946403e-03,2.121938e-03,8.972392e-06,-1.8181156580e-10,3.1817e-02,1.0375
3663.06,-1.65817790e-03,2.125089e-03,8.946763e-06,-1.8187651385e-10,2.7978e-02,1.0375
3663.57,-1.86686211e-03,2.137857e-03,8.898400e-06,-1.8214740827e-10,2.2923e-02,1.0500
3664.08,-2.03587242e-03,2.158159e-03,8.830118e-06,-1.8214796338e-10,1.6075e-02,1.0500
3664.58,-2.16029935e-03,2.187412e-03,8.744158e-06,-1.8214907360e-10,2.0171e-02,1.0500
3665.09,-2.24009998e-03,2.229569e-03,8.642931e-06,-1.8214929565e-10,2.4387e-02,1.0500
3665.60,-2.27942927e-03,2.288802e-03,8.529941e-06,-1.8215084996e-10,2.8544e-02,1.0500
3666.10,-2.28521903e-03,2.367376e-03,8.409931e-06,-1.8215151609e-10,3.2838e-02,1.0500
3666.61,-2.26515295e-03,2.464815e-03,8.287842e-06,-1.8215251529e-10,4.0030e-02,1.0500
3667.12,-2.22536138e-03,2.578502e-03,8.167108e-06,-1.8215351449e-10,4.7213e-02,1.0500
3667.62,-2.16839201e-03,2.704967e-03,8.048490e-06,-1.8215395858e-10,5.3659e-02,1.0500
3668.13,-2.09216605e-03,2.840814e-03,7.930453e-06,-1.8215484676e-10,5.3857e-02,1.0500
3668.64,-1.99052570e-03,2.982854e-03,7.811140e-06,-1.8215573494e-10,5.4124e-02,1.0500
3669.14,-1.85553485e-03,3.127676e-03,7.690886e-06,-1.8215684516e-10,5.9578e-02,1.0500
3669.65,-1.68103303e-03,3.271251e-03,7.573821e-06,-1.8215762232e-10,6.6671e-02,1.0500
3670.16,-1.46637446e-03,3.408856e-03,7.467520e-06,-1.8215839948e-10,7.3593e-02,1.0500
3670.66,-1.21910698e-03,3.535578e-03,7.380619e-06,-1.8215984277e-10,8.0512e-02,1.0500
3671.17,-9.55567423e-04,3.646906e-03,7.319486e-06,-1.8216061992e-10,8.7412e-02,1.0500
3671.68,-6.98823607e-04,3.739518e-03,7.285638e-06,-1.8216139708e-10,9.4293e-02,1.0500
3672.18,-4.74146593e-04,3.812049e-03,7.275315e-06,-1.8216317343e-10,1.0115e-01,1.0500
3672.69,-3.03329702e-04,3.865077e-03,7.281383e-06,-1.8216383957e-10,1.0800e-01,1.0500
3673.20,-1.99945683e-04,3.901021e-03,7.296422e-06,-1.8216472775e-10,1.1482e-01,1.0500
3673.71,-1.66940197e-04,3.923722e-03,7.315352e-06,-1.8216550490e-10,1.2163e-01,1.0500
3674.21,-1.96239263e-04,3.937738e-03,7.336422e-06,-1.8216594899e-10,1.2841e-01,1.0500
3674.72,-2.69464492e-04,3.947218e-03,7.360426e-06,-1.8216661513e-10,1.3517e-01,1.0500
3675.23,-3.60240398e-04,3.954850e-03,7.388854e-06,-1.8216783637e-10,1.4191e-01,1.0500
3675.73,-4.39537158e-04,3.965105e-03,7.422076e-06,-1.8216905762e-10,1.4863e-01,1.0500
3676.24,-4.83424809e-04,3.980053e-03,7.458307e-06,-1.8216872455e-10,1.5538e-01,1.0500
3676.75,-4.78981665e-04,4.000066e-03,7.493772e-06,-1.8217138908e-10,1.6217e-01,1.0500
3677.25,-4.23469273e-04,4.023406e-03,7.523692e-06,-1.8217138908e-10,1.6901e-01,1.0500
3677.76,-3.16437877e-04,4.046428e-03,7.543510e-06,-1.8229129317e-10,1.7480e-01,1.0437
3678.27,-1.50720514e-04,4.064271e-03,7.549782e-06,-1.8237455990e-10,1.7816e-01,1.0500
3678.77,8.96917431e-05,4.071408e-03,7.540516e-06,-1.8260437606e-10,2.6128e-02,1.0375
3679.28,4.21564590e-04,4.063715e-03,7.514960e-06,-1.8260648549e-10,3.2236e-02,1.0375
3679.79,8.48442242e-04,4.039724e-03,7.473032e-06,-1.8261214763e-10,4.2038e-02,1.0375
3680.29,1.34953734e-03,4.000771e-03,7.414711e-06,-1.8264545432e-10,5.1622e-02,1.0375
3680.80,1.87850678e-03,3.950600e-03,7.339593e-06,-1.8270340796e-10,5.8790e-02,1.0375
3681.31,2.37319886e-03,3.894344e-03,7.246774e-06,-1.8275203573e-10,6.4644e-02,1.0375
3681.81,2.77169816e-03,3.837374e-03,7.135039e-06,-1.8278412117e-10,7.3098e-02,1.0375
3682.32,3.02769807e-03,3.784371e-03,7.003209e-06,-1.8278878411e-10,6.9473e-02,1.0375
3682.83,3.11989949e-03,3.738712e-03,6.850431e-06,-1.8279189273e-10,7.0300e-02,1.0375
3683.33,3.05381831e-03,3.701994e-03,6.676298e-06,-1.8279311398e-10,7.6597e-02,1.0375
3683.84,2.85747937e-03,3.673835e-03,6.480880e-06,-1.8279466829e-10,8.2896e-02,1.0375
3684.35,2.57365095e-03,3.651884e-03,6.264699e-06,-1.8279588954e-10,8.6736e-02,1.0375
3684.85,2.25096170e-03,3.632120e-03,6.028913e-06,-1.8279677771e-10,9.1682e-02,1.0375
3685.36,1.93554650e-03,3.609676e-03,5.775755e-06,-1.8279677771e-10,9.8732e-02,1.0375
3685.87,1.66438660e-03,3.579987e-03,5.509035e-06,-1.8279810998e-10,9.4660e-02,1.0375
3686.37,1.46117638e-03,3.540139e-03,5.234473e-06,-1.8279899816e-10,4.7770e-02,1.0375
3686.88,1.33516112e-03,3.489864e-03,4.959684e-06,-1.8280088554e-10,3.1422e-02,1.0375
3687.39,1.28294192e-03,3.431832e-03,4.693624e-06,-1.8280210679e-10,2.4816e-02,1.0375
3687.90,1.29283046e-03,3.371197e-03,4.445733e-06,-1.8280421621e-10,1.9088e-02,1.0375
3688.40,1.35095889e-03,3.313993e-03,4.225053e-06,-1.8280910119e-10,2.3794e-02,1.0375
3688.91,1.44792345e-03,3.265471e-03,4.039242e-06,-1.8281920422e-10,2.7498e-02,1.0375
3689.42,1.58426210e-03,3.229121e-03,3.894992e-06,-1.8283230485e-10,3.0623e-02,1.0375
3689.92,1.77272214e-03,3.206349e-03,3.799585e-06,-1.8284884717e-10,3.3292e-02,1.0375
3690.43,2.03538164e-03,3.196659e-03,3.762135e-06,-1.8286883119e-10,3.5938e-02,1.0375
3690.94,2.39454804e-03,3.198089e-03,3.792900e-06,-1.8289048054e-10,3.8286e-02,1.0375
3691.44,2.85816841e-03,3.207585e-03,3.900323e-06,-1.8291346215e-10,4.0476e-02,1.0375
3691.95,3.40328616e-03,3.221351e-03,4.086875e-06,-1.8293810911e-10,4.2407e-02,1.0375
3692.46,3.96439094e-03,3.235336e-03,4.346814e-06,-1.8296453241e-10,4.4173e-02,1.0375
3692.96,4.43554673e-03,3.245810e-03,4.667533e-06,-1.8299006754e-10,4.5499e-02,1.0375
3693.47,4.69263848e-03,3.249920e-03,5.033414e-06,-1.8301582472e-10,4.6949e-02,1.0375
3693.98,4.63260441e-03,3.246079e-03,5.429758e-06,-1.8303836224e-10,4.4988e-02,1.0375
3694.48,4.21379057e-03,3.234059e-03,5.845145e-06,-1.8306356431e-10,4.5741e-02,1.0375
3694.99,3.47619938e-03,3.214752e-03,6.271951e-06,-1.8308266014e-10,4.3310e-02,1.0375
3695.50,2.53027262e-03,3.189762e-03,6.705516e-06,-1.8309909144e-10,4.4549e-02,1.0375
3696.00,1.52169370e-03,3.160828e-03,7.142722e-06,-1.8311241412e-10,4.3461e-02,1.0375
3696.51,5.91790246e-04,3.129384e-03,7.580666e-06,-1.8312606986e-10,4.2754e-02,1.0375
3697.02,-1.49678651e-04,3.096035e-03,8.015881e-06,-1.8313228711e-10,3.6295e-02,1.0375
3697.52,-6.34220307e-04,3.060391e-03,8.444214e-06,-1.8313583983e-10,3.1774e-02,1.0375
3698.03,-8.31653865e-04,3.021087e-03,8.861333e-06,-1.8314794126e-10,3.3858e-02,1.0375
3698.54,-7.42816672e-04,2.976165e-03,9.263339e-06,-1.8318435657e-10,3.6425e-02,1.0500
3699.04,-3.94446607e-04,2.923559e-03,9.647095e-06,-1.8318391248e-10,4.0165e-02,1.0500
3699.55,1.61286250e-04,2.861740e-03,1.001015e-05,-1.8318579986e-10,4.6015e-02,1.0500
3700.06,8.44474075e-04,2.790304e-03,1.035040e-05,-1.8318679906e-10,5.1040e-02,1.0500
3700.56,1.54783676e-03,2.710422e-03,1.066576e-05,-1.8318702111e-10,4.5280e-02,1.0500
3701.07,2.14644502e-03,2.624902e-03,1.095408e-05,-1.8318901951e-10,3.8985e-02,1.0500
3701.58,2.52028115e-03,2.537888e-03,1.121337e-05,-1.8318924155e-10,4.3154e-02,1.0500
3702.09,2.58511484e-03,2.454275e-03,1.144206e-05,-1.8319057382e-10,5.0137e-02,1.0500
3702.59,2.31878785e-03,2.378893e-03,1.163920e-05,-1.8319057382e-10,5.6098e-02,1.0500
3703.10,1.76887241e-03,2.315525e-03,1.180445e-05,-1.8319168404e-10,6.0665e-02,1.0500
3703.61,1.03694104e-03,2.266967e-03,1.193784e-05,-1.8319334938e-10,5.8962e-02,1.0500
3704.11,2.47752499e-04,2.234027e-03,1.203935e-05,-1.8319312733e-10,6.5913e-02,1.0500
3704.62,-4.81856585e-04,2.215685e-03,1.210843e-05,-1.8319390449e-10,7.2848e-02,1.0500
3705.13,-1.06321978e-03,2.209675e-03,1.214386e-05,-1.8319579187e-10,7.9766e-02,1.0500
3705.63,-1.44265840e-03,2.213321e-03,1.214390e-05,-1.8319645800e-10,8.6666e-02,1.0500
3706.14,-1.59898245e-03,2.224441e-03,1.210680e-05,-1.8319701311e-10,9.3547e-02,1.0500
3706.65,-1.53777687e-03,2.241837e-03,1.203144e-05,-1.8319801232e-10,1.0041e-01,1.0500
3707.15,-1.28693371e-03,2.265551e-03,1.191762e-05,-1.8320012174e-10,1.0726e-01,1.0500
3707.66,-8.94764967e-04,2.296716e-03,1.176615e-05,-1.8320023276e-10,1.1408e-01,1.0500
3708.17,-4.29004683e-04,2.337048e-03,1.157857e-05,-1.8320078787e-10,1.2089e-01,1.0500
3708.67,2.68788504e-05,2.388104e-03,1.135686e-05,-1.8320245321e-10,1.2767e-01,1.0500
3709.18,3.83452283e-04,2.450570e-03,1.110329e-05,-1.8320323036e-10,1.3443e-01,1.0500
3709.69,5.61712365e-04,2.523859e-03,1.082021e-05,-1.8320467365e-10,1.4122e-01,1.0500
3710.19,5.12007915e-04,2.606135e-03,1.050975e-05,-1.8320467365e-10,1.4809e-01,1.0500
3710.70,2.27844430e-04,2.694757e-03,1.017324e-05,-1.8320511774e-10,1.5496e-01,1.0500
3711.21,-2.52270675e-04,2.786819e-03,9.810747e-06,-1.8325430062e-10,1.6164e-01,1.0437
3711.71,-8.56315901e-04,2.879541e-03,9.421223e-06,-1.8338175423e-10,1.6660e-01,1.0500
3712.22,-1.49850377e-03,2.970470e-03,9.003463e-06,-1.8349866071e-10,1.6950e-01,1.0437
3712.73,-2.09927310e-03,3.057573e-03,8.557649e-06,-1.8369161747e-10,6.1113e-02,1.0375
3713.23,-2.59929859e-03,3.138900e-03,8.086404e-06,-1.8369450405e-10,6.7486e-02,1.0375
3713.74,-2.96544053e-03,3.212508e-03,7.594471e-06,-1.8369716859e-10,7.4007e-02,1.0375
3714.25,-3.18998908e-03,3.276947e-03,7.086901e-06,-1.8369894494e-10,7.2436e-02,1.0375
3714.75,-3.28588899e-03,3.330977e-03,6.566963e-06,-1.8370560628e-10,5.9667e-02,1.0375
3715.26,-3.28028058e-03,3.373411e-03,6.035750e-06,-1.8371593136e-10,4.5932e-02,1.0375
3715.77,-3.20774373e-03,3.403043e-03,5.494737e-06,-1.8373136346e-10,3.5661e-02,1.0375
3716.28,-3.10390282e-03,3.418759e-03,4.950429e-06,-1.8374202160e-10,2.8258e-02,1.0375
3716.78,-2.99981650e-03,3.419879e-03,4.418095e-06,-1.8375101440e-10,2.3378e-02,1.0375
3717.29,-2.91768911e-03,3.406726e-03,3.921140e-06,-1.8375767574e-10,2.1039e-02,1.0375
3717.80,-2.86856462e-03,3.381108e-03,3.484492e-06,-1.8376711264e-10,2.0758e-02,1.0375
3718.30,-2.85244137e-03,3.346310e-03,3.124524e-06,-1.8377710465e-10,2.1864e-02,1.0375
3718.81,-2.86090356e-03,3.306527e-03,2.843026e-06,-1.8378343292e-10,2.3669e-02,1.0375
3719.32,-2.88097663e-03,3.265909e-03,2.633280e-06,-1.8378953914e-10,2.4858e-02,1.0375
3719.82,-2.89946121e-03,3.227402e-03,2.496909e-06,-1.8379742173e-10,2.5892e-02,1.0375
3720.33,-2.90546757e-03,3.192162e-03,2.456868e-06,-1.8380985622e-10,3.4487e-02,1.0375
3720.84,-2.89046386e-03,3.159821e-03,2.548340e-06,-1.8382939615e-10,3.7564e-02,1.0375
3721.34,-2.84598258e-03,3.129369e-03,2.787957e-06,-1.8385315492e-10,3.9115e-02,1.0375
3721.85,-2.76043756e-03,3.100093e-03,3.154128e-06,-1.8388013334e-10,3.9814e-02,1.0375
3722.36,-2.61756822e-03,3.072143e-03,3.600261e-06,-1.8390788892e-10,3.9956e-02,1.0375
3722.86,-2.39891353e-03,3.046464e-03,4.079181e-06,-1.8393531143e-10,3.9710e-02,1.0375
3723.37,-2.09103196e-03,3.024285e-03,4.556918e-06,-1.8396262291e-10,3.9204e-02,1.0375
3723.88,-1.69574711e-03,3.006497e-03,5.015326e-06,-1.8399115564e-10,3.8570e-02,1.0375
3724.38,-1.24022396e-03,2.993212e-03,5.449084e-06,-1.8401957735e-10,3.7903e-02,1.0375
3724.89,-7.82519774e-04,2.983646e-03,5.860694e-06,-1.8405121871e-10,3.7119e-02,1.0375
3725.40,-4.07220506e-04,2.976324e-03,6.255465e-06,-1.8408063962e-10,3.6410e-02,1.0375
3725.90,-2.07063501e-04,2.969523e-03,6.637735e-06,-1.8411283609e-10,3.5897e-02,1.0375
3726.41,-2.53313719e-04,2.961841e-03,7.008816e-06,-1.8414725300e-10,3.5610e-02,1.0375
3726.92,-5.67468014e-04,2.952724e-03,7.366497e-06,-1.8418100378e-10,3.5502e-02,1.0375
3727.42,-1.10953558e-03,2.942781e-03,7.705617e-06,-1.8421408843e-10,3.5568e-02,1.0375
3727.93,-1.78888391e-03,2.933698e-03,8.019401e-06,-1.8424684001e-10,3.5871e-02,1.0375
3728.44,-2.48972578e-03,2.927700e-03,8.301361e-06,-1.8427737114e-10,3.6347e-02,1.0375
3728.94,-3.09798256e-03,2.926713e-03,8.547328e-06,-1.8430412752e-10,3.6952e-02,1.0375
3729.45,-3.52051566e-03,2.931585e-03,8.756899e-06,-1.8433066185e-10,3.7528e-02,1.0375
3729.96,-3.69515818e-03,2.941732e-03,8.933567e-06,-1.8435120097e-10,3.7629e-02,1.0375
3730.47,-3.59384201e-03,2.955379e-03,9.083284e-06,-1.8436741023e-10,3.7796e-02,1.0375
3730.97,-3.22354609e-03,2.970270e-03,9.211917e-06,-1.8438062188e-10,3.8083e-02,1.0375
3731.48,-2.62681943e-03,2.984497e-03,9.322716e-06,-1.8439383354e-10,3.8493e-02,1.0375
3731.99,-1.88097358e-03,2.997109e-03,9.415017e-06,-1.8440515781e-10,3.8911e-02,1.0375
3732.49,-1.09137996e-03,3.008236e-03,9.484830e-06,-1.8441470573e-10,3.9311e-02,1.0375
3733.00,-3.74716483e-04,3.018724e-03,9.526932e-06,-1.8442269933e-10,3.9559e-02,1.0375
3733.51,1.65962358e-04,3.029435e-03,9.537372e-06,-1.8442758432e-10,3.7991e-02,1.0375
3734.01,4.65718907e-04,3.040517e-03,9.515250e-06,-1.8443258032e-10,3.2145e-02,1.0375
3734.52,5.12198462e-04,3.050976e-03,9.463175e-06,-1.8444223926e-10,3.4684e-02,1.0375
3735.03,3.46783136e-04,3.058732e-03,9.386437e-06,-1.8446466576e-10,3.7688e-02,1.0375
3735.53,5.58938290e-05,3.061132e-03,9.291416e-06,-1.8449253236e-10,4.1159e-02,1.0375
3736.04,-2.43278624e-04,3.055694e-03,9.183944e-06,-1.8453738537e-10,4.5117e-02,1.0375
3736.55,-4.21789556e-04,3.040763e-03,9.068263e-06,-1.8459556106e-10,4.9322e-02,1.0375
3737.05,-3.63655231e-04,3.015834e-03,8.946903e-06,-1.8465606821e-10,5.2995e-02,1.0375
3737.56,5.31336465e-06,2.981483e-03,8.821413e-06,-1.8470724950e-10,5.5214e-02,1.0375
3738.07,6.90489414e-04,2.939017e-03,8.693484e-06,-1.8474644037e-10,5.5528e-02,1.0375
3738.57,1.61242487e-03,2.890047e-03,8.565781e-06,-1.8477663843e-10,5.4069e-02,1.0375
3739.08,2.61202862e-03,2.836206e-03,8.441964e-06,-1.8479895392e-10,5.1136e-02,1.0375
3739.59,3.48396074e-03,2.779067e-03,8.325808e-06,-1.8481882691e-10,4.7111e-02,1.0375
3740.09,4.03495251e-03,2.720231e-03,8.219991e-06,-1.8484425102e-10,4.2708e-02,1.0375
3740.60,4.14745552e-03,2.661432e-03,8.125396e-06,-1.8487067432e-10,3.8617e-02,1.0375
3741.11,3.81847493e-03,2.604558e-03,8.041516e-06,-1.8489432208e-10,3.5306e-02,1.0375
3741.61,3.15292961e-03,2.551533e-03,7.967757e-06,-1.8491286280e-10,3.3029e-02,1.0375
3742.12,2.31764869e-03,2.504193e-03,7.904695e-06,-1.8492374299e-10,3.1893e-02,1.0375
3742.63,1.48389375e-03,2.464249e-03,7.854294e-06,-1.8493051535e-10,3.1933e-02,1.0375
3743.13,7.85766751e-04,2.433402e-03,7.818758e-06,-1.8493584442e-10,3.3139e-02,1.0375
3743.64,3.04581299e-04,2.413429e-03,7.798774e-06,-1.8494250575e-10,3.5382e-02,1.0375
3744.15,7.26602334e-05,2.406051e-03,7.792463e-06,-1.8495727172e-10,3.8209e-02,1.0375
3744.66,8.43819168e-05,2.412492e-03,7.795940e-06,-1.8497814391e-10,4.2756e-02,1.0375
3745.16,3.06159590e-04,2.432838e-03,7.805160e-06,-1.8501311594e-10,5.0083e-02,1.0375
3745.67,6.83733831e-04,2.465609e-03,7.817792e-06,-1.8504464627e-10,5.9539e-02,1.0375
3746.18,1.14940267e-03,2.508001e-03,7.833821e-06,-1.8507240185e-10,6.6431e-02,1.0375
3746.68,1.63194737e-03,2.556240e-03,7.854499e-06,-1.8508561350e-10,6.7360e-02,1.0375
3747.19,2.06925850e-03,2.606437e-03,7.880377e-06,-1.8509138666e-10,6.4924e-02,1.0375
3747.70,2.42047563e-03,2.655551e-03,7.909646e-06,-1.8509527244e-10,5.5757e-02,1.0375
3748.20,2.67299411e-03,2.701946e-03,7.937683e-06,-1.8509993538e-10,3.9864e-02,1.0375
3748.71,2.84088378e-03,2.745673e-03,7.957897e-06,-1.8510470934e-10,2.7328e-02,1.0375
3749.22,2.95445054e-03,2.788597e-03,7.963263e-06,-1.8511348010e-10,2.3771e-02,1.0375
3749.72,3.04417124e-03,2.834123e-03,7.947782e-06,-1.8512957833e-10,2.5840e-02,1.0375
3750.23,3.12450777e-03,2.886465e-03,7.907346e-06,-1.8515777800e-10,2.7799e-02,1.0375
3750.74,3.18352826e-03,2.949565e-03,7.839894e-06,-1.8519019651e-10,2.8447e-02,1.0375
3751.24,3.18284977e-03,3.026178e-03,7.745036e-06,-1.8522849921e-10,2.7711e-02,1.0375
3751.75,3.06923495e-03,3.117396e-03,7.623360e-06,-1.8526224999e-10,2.5564e-02,1.0375
3752.26,2.79457757e-03,3.222620e-03,7.475685e-06,-1.8528567569e-10,2.2297e-02,1.0375
3752.76,2.33664211e-03,3.339866e-03,7.302536e-06,-1.8530399437e-10,1.8039e-02,1.0375
3753.27,1.71165757e-03,3.466156e-03,7.104124e-06,-1.8532475554e-10,2.0199e-02,1.0375
3753.78,9.73481123e-04,3.597806e-03,6.880837e-06,-1.8535672996e-10,2.4450e-02,1.0375
3754.28,2.00715642e-04,3.730657e-03,6.633844e-06,-1.8539658697e-10,2.9255e-02,1.0375
3754.79,-5.21606129e-04,3.860308e-03,6.365144e-06,-1.8543344638e-10,3.4490e-02,1.0375
3755.30,-1.11850227e-03,3.982522e-03,6.076664e-06,-1.8546819636e-10,3.9997e-02,1.0375
3755.80,-1.53562567e-03,4.093744e-03,5.768786e-06,-1.8550194714e-10,4.5666e-02,1.0375
3756.31,-1.74388214e-03,4.191534e-03,5.439358e-06,-1.8552948067e-10,5.1417e-02,1.0375
3756.82,-1.74029602e-03,4.275015e-03,5.084188e-06,-1.8554457970e-10,5.7149e-02,1.0375
3757.33,-1.54733215e-03,4.344784e-03,4.699018e-06,-1.8555212922e-10,6.3105e-02,1.0375
3757.83,-1.21138271e-03,4.402666e-03,4.281958e-06,-1.8555501580e-10,6.9828e-02,1.0375
3758.34,-7.99332872e-04,4.451220e-03,3.835083e-06,-1.8555734727e-10,7.6465e-02,1.0375
3758.85,-3.91190541e-04,4.493139e-03,3.364581e-06,-1.8555823544e-10,8.4429e-02,1.0375
3759.35,-6.75960838e-05,4.530694e-03,2.880080e-06,-1.8555812442e-10,9.3155e-02,1.0375
3759.86,1.06287629e-04,4.565315e-03,2.394876e-06,-1.8556023385e-10,9.9711e-02,1.0375
3760.37,9.57987663e-05,4.597373e-03,1.929627e-06,-1.8556078896e-10,1.0771e-01,1.0375
3760.87,-9.52760354e-05,4.626108e-03,1.523577e-06,-1.8556178816e-10,8.9097e-02,1.0375
3761.38,-4.27515727e-04,4.649906e-03,1.254070e-06,-1.8556489678e-10,4.3495e-02,1.0375
3761.89,-8.38287266e-04,4.666269e-03,1.223192e-06,-1.8557022585e-10,2.7876e-02,1.0375
3762.39,-1.25848704e-03,4.672154e-03,1.441524e-06,-1.8557555492e-10,2.7103e-02,1.0375
3762.90,-1.62743152e-03,4.664441e-03,1.809744e-06,-1.8558854453e-10,2.5320e-02,1.0375
3763.41,-1.90194102e-03,4.640459e-03,2.243390e-06,-1.8560442072e-10,2.8124e-02,1.0375
3763.91,-2.05886017e-03,4.598526e-03,2.702942e-06,-1.8562062998e-10,3.2705e-02,1.0375
3764.42,-2.09252837e-03,4.538357e-03,3.173522e-06,-1.8563595106e-10,3.5403e-02,1.0375
3764.93,-2.00950442e-03,4.461228e-03,3.649660e-06,-1.8564716431e-10,3.5505e-02,1.0375
3765.43,-1.82265751e-03,4.369825e-03,4.127539e-06,-1.8565537996e-10,3.3091e-02,1.0375
3765.94,-1.54623808e-03,4.267827e-03,4.601989e-06,-1.8565837756e-10,2.8200e-02,1.0375
3766.45,-1.19306918e-03,4.159211e-03,5.066574e-06,-1.8566648219e-10,2.6508e-02,1.0375
3766.95,-7.74515089e-04,4.047614e-03,5.515025e-06,-1.8568080407e-10,3.0004e-02,1.0375
3767.46,-3.03206106e-04,3.935924e-03,5.942405e-06,-1.8569601412e-10,3.3608e-02,1.0375
3767.97,2.02442002e-04,3.826230e-03,6.345252e-06,-1.8571177929e-10,3.7536e-02,1.0375
3768.47,7.13901216e-04,3.720069e-03,6.720919e-06,-1.8572865468e-10,4.2336e-02,1.0375
3768.98,1.19103680e-03,3.618587e-03,7.066938e-06,-1.8574597416e-10,4.8597e-02,1.0375
3769.49,1.58573934e-03,3.522913e-03,7.381066e-06,-1.8576140626e-10,5.6091e-02,1.0375
3769.99,1.85120516e-03,3.433678e-03,7.661965e-06,-1.8577617222e-10,6.1594e-02,1.0375
3770.50,1.95454443e-03,3.350286e-03,7.909851e-06,-1.8578549810e-10,6.2332e-02,1.0375
3771.01,1.88793564e-03,3.270404e-03,8.126341e-06,-1.8579326966e-10,6.0894e-02,1.0375
3771.52,1.67331676e-03,3.190135e-03,8.313327e-06,-1.8579882077e-10,5.9896e-02,1.0375
3772.02,1.35825702e-03,3.105098e-03,8.471481e-06,-1.8580692540e-10,6.0756e-02,1.0375
3772.53,1.00468778e-03,3.012016e-03,8.599697e-06,-1.8581480798e-10,6.4121e-02,1.0375
3773.04,6.75001970e-04,2.909858e-03,8.695583e-06,-1.8581791661e-10,6.9096e-02,1.0375
3773.54,4.20180293e-04,2.800672e-03,8.757083e-06,-1.8582024808e-10,7.5250e-02,1.0375
3774.05,2.72670668e-04,2.689502e-03,8.784379e-06,-1.8582235750e-10,8.2066e-02,1.0375
3774.56,2.44419738e-04,2.583272e-03,8.780842e-06,-1.8582346772e-10,8.9098e-02,1.0375
3775.06,3.28967837e-04,2.489156e-03,8.752436e-06,-1.8582424488e-10,9.8416e-02,1.0375
3775.57,5.06076314e-04,2.413229e-03,8.705965e-06,-1.8582402284e-10,1.0171e-01,1.0375
3776.08,7.47516538e-04,2.359960e-03,8.647181e-06,-1.8582535510e-10,7.0884e-02,1.0375
3776.58,1.02293734e-03,2.332471e-03,8.579737e-06,-1.8582690942e-10,4.3506e-02,1.0375
3777.09,1.30494541e-03,2.332576e-03,8.505378e-06,-1.8583057315e-10,2.9686e-02,1.0375
3777.60,1.57273103e-03,2.359873e-03,8.425044e-06,-1.8583234951e-10,2.0606e-02,1.0375
3778.10,1.81384516e-03,2.410390e-03,8.339960e-06,-1.8583901085e-10,1.9705e-02,1.0375
3778.61,2.02407237e-03,2.476200e-03,8.252130e-06,-1.8584911388e-10,2.3357e-02,1.0375
3779.12,2.20564630e-03,2.546868e-03,8.164154e-06,-1.8586565620e-10,2.6152e-02,1.0375
3779.62,2.36424660e-03,2.612335e-03,8.078737e-06,-1.8588730555e-10,2.8714e-02,1.0375
3780.13,2.50532969e-03,2.665965e-03,7.998320e-06,-1.8591417295e-10,3.1173e-02,1.0375
3780.64,2.63047069e-03,2.706338e-03,7.925038e-06,-1.8594292772e-10,3.3634e-02,1.0375
3781.14,2.73456665e-03,2.737051e-03,7.860893e-06,-1.8597312579e-10,3.6044e-02,1.0375
3781.65,2.80486298e-03,2.764616e-03,7.807970e-06,-1.8600543328e-10,3.8304e-02,1.0375
3782.16,2.82258782e-03,2.795383e-03,7.768523e-06,-1.8603973917e-10,4.0332e-02,1.0375
3782.66,2.76732590e-03,2.833080e-03,7.744821e-06,-1.8607337893e-10,4.1978e-02,1.0375
3783.17,2.62321026e-03,2.878263e-03,7.738664e-06,-1.8610535335e-10,4.2991e-02,1.0375
3783.68,2.38500707e-03,2.929609e-03,7.750662e-06,-1.8613222075e-10,4.1780e-02,1.0375
3784.18,2.06184839e-03,2.985743e-03,7.779591e-06,-1.8615753383e-10,4.3181e-02,1.0375
3784.69,1.67708092e-03,3.045986e-03,7.822267e-06,-1.8617996034e-10,4.2995e-02,1.0375
3785.20,1.26416191e-03,3.109661e-03,7.874134e-06,-1.8619561448e-10,4.2103e-02,1.0375
3785.71,8.59970298e-04,3.174761e-03,7.930346e-06,-1.8620438524e-10,4.1008e-02,1.0375
3786.21,4.97601242e-04,3.237313e-03,7.986836e-06,-1.8620871511e-10,3.8173e-02,1.0375
3786.72,2.00502871e-04,3.292095e-03,8.040919e-06,-1.8621681974e-10,3.4391e-02,1.0375
3787.23,-2.09554731e-05,3.334347e-03,8.091326e-06,-1.8623380615e-10,3.9543e-02,1.0375
3787.73,-1.70209163e-04,3.361160e-03,8.137822e-06,-1.8625589959e-10,4.5390e-02,1.0375
3788.24,-2.62780424e-04,3.373034e-03,8.180614e-06,-1.8627588361e-10,5.1498e-02,1.0375
3788.75,-3.22615918e-04,3.372522e-03,8.219645e-06,-1.8628798504e-10,5.7636e-02,1.0375
3789.25,-3.77100412e-04,3.363180e-03,8.253815e-06,-1.8629586762e-10,6.3816e-02,1.0375
3789.76,-4.51552774e-04,3.348473e-03,8.280289e-06,-1.8629897625e-10,7.0185e-02,1.0375
3790.27,-5.64256311e-04,3.331069e-03,8.294290e-06,-1.8630097465e-10,7.7115e-02,1.0375
3790.77,-7.23166163e-04,3.313173e-03,8.289818e-06,-1.8630064158e-10,8.1050e-02,1.0375
3791.28,-9.25130138e-04,3.296333e-03,8.261311e-06,-1.8630708087e-10,5.4185e-02,1.0375
3791.79,-1.15774748e-03,3.281221e-03,8.205672e-06,-1.8632262400e-10,4.6128e-02,1.0375
3792.29,-1.40317513e-03,3.266936e-03,8.123617e-06,-1.8633594667e-10,4.0763e-02,1.0500
3792.80,-1.64267449e-03,3.251094e-03,8.019354e-06,-1.8633594667e-10,3.1243e-02,1.0500
3793.31,-1.86067136e-03,3.230470e-03,7.898378e-06,-1.8633750098e-10,2.4464e-02,1.0500
3793.81,-2.04746928e-03,3.202182e-03,7.764235e-06,-1.8633705690e-10,1.9833e-02,1.0500
3794.32,-2.20025044e-03,3.164910e-03,7.616002e-06,-1.8633927734e-10,2.5464e-02,1.0500
3794.83,-2.32241310e-03,3.119561e-03,7.448096e-06,-1.8633994348e-10,3.2435e-02,1.0500
3795.33,-2.42157488e-03,3.069060e-03,7.252676e-06,-1.8634038756e-10,3.9655e-02,1.0500
3795.84,-2.50674667e-03,3.017412e-03,7.023376e-06,-1.8634183085e-10,4.6850e-02,1.0500
3796.35,-2.58528895e-03,2.968610e-03,6.758468e-06,-1.8634316312e-10,5.3590e-02,1.0500
3796.85,-2.66031512e-03,2.925916e-03,6.462103e-06,-1.8634260801e-10,6.0551e-02,1.0500
3797.36,-2.72917541e-03,2.891789e-03,6.143357e-06,-1.8634394028e-10,6.7499e-02,1.0500
3797.87,-2.78345722e-03,2.868212e-03,5.813666e-06,-1.8634538357e-10,7.4430e-02,1.0500
3798.37,-2.81061599e-03,2.856964e-03,5.483701e-06,-1.8634627175e-10,8.1344e-02,1.0500
3798.88,-2.79710217e-03,2.859440e-03,5.160818e-06,-1.8634738197e-10,8.8240e-02,1.0500
3799.39,-2.73256233e-03,2.876105e-03,4.848101e-06,-1.8634771504e-10,9.5117e-02,1.0500
3799.90,-2.61404637e-03,2.906013e-03,4.545551e-06,-1.8634904730e-10,1.0198e-01,1.0500
3800.40,-2.44868102e-03,2.946810e-03,4.253062e-06,-1.8634904730e-10,1.0882e-01,1.0500
3800.91,-2.25401738e-03,2.995129e-03,3.973988e-06,-1.8635004650e-10,1.1564e-01,1.0500
3801.42,-2.05654764e-03,3.047257e-03,3.717813e-06,-1.8635182286e-10,1.2244e-01,1.0500
3801.92,-1.88863896e-03,3.100014e-03,3.500856e-06,-1.8635204491e-10,1.2922e-01,1.0500
3802.43,-1.78276979e-03,3.150444e-03,3.344365e-06,-1.8635337717e-10,1.3597e-01,1.0500
3802.94,-1.76281628e-03,3.195927e-03,3.270098e-06,-1.8635437637e-10,1.4284e-01,1.0500
3803.44,-1.83581193e-03,3.234114e-03,3.294433e-06,-1.8635448740e-10,1.4966e-01,1.0500
3803.95,-1.98937829e-03,3.262942e-03,3.423573e-06,-1.8635615273e-10,1.5669e-01,1.0500
3804.46,-2.19640096e-03,3.280802e-03,3.652372e-06,-1.8649748412e-10,1.6255e-01,1.0437
3804.96,-2.42309944e-03,3.286810e-03,3.966840e-06,-1.8658952161e-10,1.6704e-01,1.0500
3805.47,-2.63548209e-03,3.280928e-03,4.348153e-06,-1.8685653025e-10,8.6304e-02,1.0375
3805.98,-2.80271454e-03,3.264152e-03,4.776406e-06,-1.8686063807e-10,6.2791e-02,1.0375
3806.48,-2.89928290e-03,3.238107e-03,5.233605e-06,-1.8686840964e-10,3.8736e-02,1.0375
3806.99,-2.90772526e-03,3.204637e-03,5.705780e-06,-1.8687573711e-10,2.7147e-02,1.0375
3807.50,-2.82160885e-03,3.165551e-03,6.183821e-06,-1.8688806058e-10,2.9170e-02,1.0375
3808.00,-2.64729981e-03,3.122484e-03,6.662803e-06,-1.8691170833e-10,3.1081e-02,1.0375
3808.51,-2.40364909e-03,3.077028e-03,7.140124e-06,-1.8694423787e-10,3.2499e-02,1.0375
3809.02,-2.11968232e-03,3.031004e-03,7.613381e-06,-1.8698265158e-10,3.2990e-02,1.0375
3809.52,-1.83064622e-03,2.986565e-03,8.079037e-06,-1.8702350779e-10,3.2458e-02,1.0375
3810.03,-1.57256812e-03,2.945970e-03,8.532408e-06,-1.8705947902e-10,3.0759e-02,1.0375
3810.54,-1.37563650e-03,2.910987e-03,8.968659e-06,-1.8708634641e-10,2.7369e-02,1.0375
3811.04,-1.25745923e-03,2.882132e-03,9.383974e-06,-1.8710710759e-10,2.0476e-02,1.0375
3811.55,-1.21802161e-03,2.858153e-03,9.776100e-06,-1.8712498218e-10,1.8278e-02,1.0375
3812.06,-1.23816552e-03,2.835990e-03,1.014405e-05,-1.8714796379e-10,2.2263e-02,1.0375
3812.56,-1.28245799e-03,2.811338e-03,1.048730e-05,-1.8718027128e-10,2.6558e-02,1.0375
3813.07,-1.30598518e-03,2.779648e-03,1.080505e-05,-1.8721380002e-10,3.1172e-02,1.0375
3813.58,-1.26358883e-03,2.737244e-03,1.109596e-05,-1.8726165063e-10,3.6122e-02,1.0375
3814.09,-1.11964511e-03,2.682222e-03,1.135833e-05,-1.8732027041e-10,4.1428e-02,1.0375
3814.59,-8.56692278e-04,2.614964e-03,1.159035e-05,-1.8736667773e-10,4.6979e-02,1.0375
3815.10,-4.81803983e-04,2.538256e-03,1.179020e-05,-1.8739576557e-10,5.2727e-02,1.0375
3815.61,-2.97154224e-05,2.457021e-03,1.195596e-05,-1.8741097563e-10,5.8568e-02,1.0375
3816.11,4.39366012e-04,2.377749e-03,1.208558e-05,-1.8741841412e-10,6.4570e-02,1.0375
3816.62,8.50140279e-04,2.307665e-03,1.217720e-05,-1.8742241092e-10,7.0903e-02,1.0375
3817.13,1.13098643e-03,2.253711e-03,1.222966e-05,-1.8742363217e-10,7.5742e-02,1.0375
3817.63,1.23492663e-03,2.221467e-03,1.224300e-05,-1.8743007146e-10,6.3119e-02,1.0375
3818.14,1.15228661e-03,2.214009e-03,1.221843e-05,-1.8744616970e-10,3.9849e-02,1.0375
3818.65,9.08648749e-04,2.231741e-03,1.215785e-05,-1.8746149077e-10,4.3796e-02,1.0375
3819.15,5.51770154e-04,2.271782e-03,1.206296e-05,-1.8749701791e-10,3.9309e-02,1.0375
3819.66,1.37352844e-04,2.329197e-03,1.193461e-05,-1.8756718401e-10,2.9913e-02,1.0375
3820.17,-2.79544247e-04,2.397966e-03,1.177276e-05,-1.8764445553e-10,1.9209e-02,1.0375
3820.67,-6.47953914e-04,2.471960e-03,1.157717e-05,-1.8770918153e-10,1.4393e-02,1.0375
3821.18,-9.23017090e-04,2.545768e-03,1.134817e-05,-1.8775814237e-10,1.7476e-02,1.0375
3821.69,-1.06773916e-03,2.615331e-03,1.108716e-05,-1.8779500177e-10,2.0873e-02,1.0375
3822.19,-1.05254035e-03,2.678339e-03,1.079626e-05,-1.8782386757e-10,2.4475e-02,1.0375
3822.70,-8.51612172e-04,2.734353e-03,1.047750e-05,-1.8784496181e-10,2.8553e-02,1.0375
3823.21,-4.39337201e-04,2.784599e-03,1.013209e-05,-1.8786339151e-10,3.3797e-02,1.0375
3823.71,2.06875717e-04,2.831424e-03,9.760367e-06,-1.8787882361e-10,4.0323e-02,1.0375
3824.22,1.09242999e-03,2.877493e-03,9.362540e-06,-1.8788648415e-10,4.1933e-02,1.0375
3824.73,2.18124980e-03,2.925041e-03,8.939770e-06,-1.8789259038e-10,4.4621e-02,1.0375
3825.23,3.37130809e-03,2.975414e-03,8.494832e-06,-1.8789980682e-10,4.7365e-02,1.0375
3825.74,4.48788784e-03,3.029006e-03,8.031834e-06,-1.8790535794e-10,4.8512e-02,1.0375
3826.25,5.31290792e-03,3.085460e-03,7.555113e-06,-1.8791113110e-10,4.7851e-02,1.0375
3826.75,5.65279562e-03,3.143929e-03,7.068063e-06,-1.8791745937e-10,4.6318e-02,1.0375
3827.26,5.41743200e-03,3.203236e-03,6.572851e-06,-1.8792067902e-10,4.4406e-02,1.0375
3827.77,4.66337706e-03,3.261943e-03,6.071492e-06,-1.8792500889e-10,4.2902e-02,1.0375
3828.28,3.57268285e-03,3.318344e-03,5.567929e-06,-1.8792922774e-10,4.2696e-02,1.0375
3828.78,2.38306378e-03,3.370472e-03,5.069985e-06,-1.8793622214e-10,4.3156e-02,1.0375
3829.29,1.31329245e-03,3.416157e-03,4.589976e-06,-1.8794210632e-10,4.4136e-02,1.0375
3829.80,5.17954089e-04,3.453116e-03,4.143369e-06,-1.8794532597e-10,4.5746e-02,1.0375
3830.30,7.74054472e-05,3.479121e-03,3.746001e-06,-1.8795032197e-10,4.9438e-02,1.0375
3830.81,9.14629643e-06,3.492301e-03,3.411417e-06,-1.8795320855e-10,5.9174e-02,1.0375
3831.32,2.83840688e-04,3.491627e-03,3.150135e-06,-1.8795365264e-10,6.2004e-02,1.0375
3831.82,8.36157868e-04,3.477426e-03,2.971174e-06,-1.8796264545e-10,5.0070e-02,1.0375
3832.33,1.56946404e-03,3.451793e-03,2.883703e-06,-1.8798562706e-10,5.6271e-02,1.0375
3832.84,2.36003361e-03,3.418464e-03,2.895430e-06,-1.8801138424e-10,6.2931e-02,1.0375
3833.34,3.06882517e-03,3.382475e-03,3.007448e-06,-1.8802437385e-10,6.8387e-02,1.0375
3833.85,3.56539623e-03,3.349457e-03,3.210131e-06,-1.8803025803e-10,7.0671e-02,1.0375
3834.36,3.75965750e-03,3.324517e-03,3.484606e-06,-1.8803258950e-10,7.5124e-02,1.0375
3834.86,3.62816438e-03,3.311706e-03,3.808691e-06,-1.8803480994e-10,6.1873e-02,1.0375
3835.37,3.22069603e-03,3.313457e-03,4.162837e-06,-1.8804180435e-10,3.2091e-02,1.0375
3835.88,2.64284384e-03,3.329768e-03,4.533217e-06,-1.8804702240e-10,2.7003e-02,1.0375
3836.38,2.02372930e-03,3.358369e-03,4.911625e-06,-1.8806090019e-10,2.7961e-02,1.0375
3836.89,1.48397659e-03,3.395328e-03,5.293199e-06,-1.8808743452e-10,2.7978e-02,1.0375
3837.40,1.11463013e-03,3.436064e-03,5.673546e-06,-1.8811763258e-10,2.7086e-02,1.0375
3837.90,9.68753317e-04,3.476506e-03,6.046776e-06,-1.8814982905e-10,2.5770e-02,1.0375
3838.41,1.06111465e-03,3.513984e-03,6.405281e-06,-1.8817813974e-10,2.4241e-02,1.0375
3838.92,1.37030441e-03,3.547562e-03,6.741070e-06,-1.8820012215e-10,2.2909e-02,1.0375
3839.42,1.84049334e-03,3.577785e-03,7.047740e-06,-1.8821455505e-10,2.1550e-02,1.0375
3839.93,2.38427061e-03,3.606088e-03,7.322110e-06,-1.8822721159e-10,1.8926e-02,1.0375
3840.44,2.89107754e-03,3.634113e-03,7.564855e-06,-1.8823631542e-10,2.2007e-02,1.0375
3840.95,3.24535943e-03,3.663140e-03,7.779922e-06,-1.8825607739e-10,2.5445e-02,1.0375
3841.45,3.35350371e-03,3.693672e-03,7.972900e-06,-1.8828016923e-10,2.8965e-02,1.0375
3841.96,3.17108788e-03,3.725290e-03,8.148817e-06,-1.8830592641e-10,3.2632e-02,1.0375
3842.47,2.71784811e-03,3.756803e-03,8.310203e-06,-1.8833146154e-10,3.6544e-02,1.0375
3842.97,2.07208679e-03,3.786628e-03,8.456389e-06,-1.8837453819e-10,4.0865e-02,1.0375
3843.48,1.34687215e-03,3.813266e-03,8.583950e-06,-1.8841206373e-10,4.5917e-02,1.0500
3843.99,6.59095849e-04,3.835660e-03,8.688141e-06,-1.8841306293e-10,5.1751e-02,1.0500
3844.49,1.03191380e-04,3.853275e-03,8.764728e-06,-1.8841384009e-10,5.8096e-02,1.0500
3845.00,-2.64380545e-04,3.865900e-03,8.811632e-06,-1.8841428417e-10,6.3221e-02,1.0500
3845.51,-4.30049350e-04,3.873508e-03,8.829781e-06,-1.8841528338e-10,6.7835e-02,1.0500
3846.01,-4.20459784e-04,3.875909e-03,8.822822e-06,-1.8841650462e-10,7.2295e-02,1.0500
3846.52,-2.94615200e-04,3.872654e-03,8.795908e-06,-1.8841705973e-10,7.8737e-02,1.0500
3847.03,-1.31582199e-04,3.863163e-03,8.753980e-06,-1.8843282490e-10,8.5125e-02,1.0437
3847.53,-1.40962556e-05,3.846971e-03,8.700169e-06,-1.8851975536e-10,9.3297e-02,1.0437
3848.04,-1.00867854e-05,3.823915e-03,8.635115e-06,-1.8865764506e-10,1.0178e-01,1.0500
3848.55,-1.56679416e-04,3.794016e-03,8.557945e-06,-1.8892909459e-10,1.0575e-01,1.0437
3849.05,-4.52135943e-04,3.757159e-03,8.468880e-06,-1.8901591403e-10,1.1276e-01,1.0437
3849.56,-8.58808623e-04,3.712769e-03,8.372185e-06,-1.8905854660e-10,1.1975e-01,1.0500
3850.07,-1.31555492e-03,3.659759e-03,8.277260e-06,-1.8931189949e-10,1.2672e-01,1.0375
3850.57,-1.75425722e-03,3.597008e-03,8.196056e-06,-1.8931278767e-10,9.8747e-02,1.0375
3851.08,-2.11446638e-03,3.524307e-03,8.137258e-06,-1.8931367585e-10,3.8613e-02,1.0375
3851.59,-2.35249923e-03,3.443218e-03,8.100699e-06,-1.8931500811e-10,1.9427e-02,1.0375
3852.09,-2.44452912e-03,3.357255e-03,8.076322e-06,-1.8931900492e-10,1.9156e-02,1.0375
3852.60,-2.38546204e-03,3.271107e-03,8.049216e-06,-1.8932666546e-10,2.1137e-02,1.0375
3853.11,-2.18607594e-03,3.189123e-03,8.007955e-06,-1.8933798973e-10,2.2676e-02,1.0375
3853.61,-1.87035690e-03,3.113742e-03,7.951478e-06,-1.8935364388e-10,2.4039e-02,1.0375
3854.12,-1.47379119e-03,3.044697e-03,7.890885e-06,-1.8937251767e-10,2.5414e-02,1.0375
3854.63,-1.04207058e-03,2.979396e-03,7.845176e-06,-1.8939261270e-10,2.5873e-02,1.0375
3855.14,-6.28700262e-04,2.914079e-03,7.832495e-06,-1.8941392899e-10,2.2236e-02,1.0375
3855.64,-2.89869169e-04,2.845843e-03,7.860786e-06,-1.8943735469e-10,2.2772e-02,1.0375
3856.15,-7.60182679e-05,2.774126e-03,7.923468e-06,-1.8946477720e-10,2.5094e-02,1.0375
3856.66,-2.16059856e-05,2.700999e-03,8.002949e-06,-1.8949175562e-10,2.7992e-02,1.0375
3857.16,-1.36528876e-04,2.630117e-03,8.079744e-06,-1.8951828995e-10,3.0903e-02,1.0375
3857.67,-4.03020878e-04,2.564972e-03,8.141424e-06,-1.8954315895e-10,3.3738e-02,1.0375
3858.18,-7.79941708e-04,2.507527e-03,8.186506e-06,-1.8956725079e-10,3.6449e-02,1.0375
3858.68,-1.21314738e-03,2.458005e-03,8.221922e-06,-1.8958812298e-10,3.8628e-02,1.0375
3859.19,-1.64811997e-03,2.415902e-03,8.256275e-06,-1.8960810699e-10,4.0199e-02,1.0375
3859.70,-2.04061728e-03,2.381498e-03,8.293060e-06,-1.8962409420e-10,4.2052e-02,1.0375
3860.20,-2.36260202e-03,2.356863e-03,8.327751e-06,-1.8963897119e-10,4.3885e-02,1.0375
3860.71,-2.60287683e-03,2.345668e-03,8.350085e-06,-1.8965162774e-10,4.5447e-02,1.0375
3861.22,-2.76353641e-03,2.351880e-03,8.349559e-06,-1.8966017645e-10,4.6568e-02,1.0375
3861.72,-2.85413549e-03,2.378082e-03,8.320462e-06,-1.8966606063e-10,4.7667e-02,1.0375
3862.23,-2.88552139e-03,2.424411e-03,8.263570e-06,-1.8967227788e-10,4.9565e-02,1.0375
3862.74,-2.86490677e-03,2.488704e-03,8.183987e-06,-1.8967460935e-10,4.9081e-02,1.0375
3863.24,-2.79318227e-03,2.567616e-03,8.086685e-06,-1.8968038251e-10,3.9679e-02,1.0375
3863.75,-2.66483395e-03,2.657880e-03,7.972697e-06,-1.8969514848e-10,4.3871e-02,1.0375
3864.26,-2.47025523e-03,2.756892e-03,7.838351e-06,-1.8972323712e-10,4.9243e-02,1.0375
3864.76,-2.19982464e-03,2.862629e-03,7.677743e-06,-1.8976176186e-10,5.4958e-02,1.0375
3865.27,-1.84887475e-03,2.973270e-03,7.486360e-06,-1.8979429139e-10,5.9460e-02,1.0375
3865.78,-1.42253301e-03,3.086879e-03,7.263194e-06,-1.8981771710e-10,6.2715e-02,1.0375
3866.28,-9.39282915e-04,3.201318e-03,7.010030e-06,-1.8983281613e-10,6.6261e-02,1.0375
3866.79,-4.31983039e-04,3.314279e-03,6.728779e-06,-1.8984092076e-10,7.0502e-02,1.0375
3867.30,5.48275671e-05,3.423316e-03,6.419046e-06,-1.8984458450e-10,7.5933e-02,1.0375
3867.80,4.71912496e-04,3.525799e-03,6.077940e-06,-1.8984602779e-10,8.1622e-02,1.0375
3868.31,7.75895784e-04,3.618995e-03,5.702447e-06,-1.8984713801e-10,7.7847e-02,1.0375
3868.82,9.40989127e-04,3.700399e-03,5.292890e-06,-1.8985035766e-10,6.4326e-02,1.0375
3869.33,9.68262991e-04,3.768303e-03,4.855305e-06,-1.8985701900e-10,4.9809e-02,1.0375
3869.83,8.89044562e-04,3.822385e-03,4.401169e-06,-1.8986379136e-10,3.9267e-02,1.0375
3870.34,7.60827060e-04,3.863973e-03,3.944347e-06,-1.8986923145e-10,3.2098e-02,1.0375
3870.85,6.56476349e-04,3.895728e-03,3.496607e-06,-1.8987555972e-10,2.6556e-02,1.0375
3871.35,6.49112366e-04,3.920713e-03,3.064131e-06,-1.8988144390e-10,2.3643e-02,1.0375
3871.86,7.95248442e-04,3.941212e-03,2.647539e-06,-1.8989343431e-10,3.0627e-02,1.0375
3872.37,1.11837434e-03,3.957875e-03,2.246564e-06,-1.8990842232e-10,3.4576e-02,1.0375
3872.87,1.59558949e-03,3.969718e-03,1.868812e-06,-1.8992563078e-10,3.7292e-02,1.0375
3873.38,2.15174291e-03,3.975047e-03,1.541692e-06,-1.8994472661e-10,3.9503e-02,1.0375
3873.89,2.66733106e-03,3.972786e-03,1.324375e-06,-1.8996337836e-10,4.1274e-02,1.0375
3874.39,3.00459429e-03,3.963405e-03,1.293829e-06,-1.8998180806e-10,4.2162e-02,1.0375
3874.90,3.04809678e-03,3.948883e-03,1.471881e-06,-1.8999890550e-10,4.2450e-02,1.0375
3875.41,2.74469064e-03,3.931705e-03,1.800071e-06,-1.9001400453e-10,4.2523e-02,1.0375
3875.91,2.12302500e-03,3.913474e-03,2.211957e-06,-1.9002532881e-10,4.2522e-02,1.0375
3876.42,1.28212710e-03,3.893925e-03,2.667255e-06,-1.9003520979e-10,4.2573e-02,1.0375
3876.93,3.56382209e-04,3.870870e-03,3.143523e-06,-1.9004053886e-10,4.2837e-02,1.0375
3877.43,-5.24155227e-04,3.841003e-03,3.625885e-06,-1.9004375851e-10,4.2972e-02,1.0375
3877.94,-1.26148430e-03,3.801009e-03,4.102682e-06,-1.9004864349e-10,3.7225e-02,1.0375
3878.45,-1.79946418e-03,3.748404e-03,4.564973e-06,-1.9006263230e-10,4.1965e-02,1.0375
3878.95,-2.11906457e-03,3.681672e-03,5.007259e-06,-1.9008783436e-10,4.7996e-02,1.0375
3879.46,-2.22588722e-03,3.600059e-03,5.427571e-06,-1.9011014984e-10,5.3954e-02,1.0375
3879.97,-2.13594064e-03,3.503574e-03,5.826198e-06,-1.9012336150e-10,5.9662e-02,1.0375
3880.47,-1.86397727e-03,3.392668e-03,6.203502e-06,-1.9013013386e-10,6.5020e-02,1.0375
3880.98,-1.41818545e-03,3.268753e-03,6.558028e-06,-1.9013179919e-10,7.0929e-02,1.0375
3881.49,-8.04645062e-04,3.134747e-03,6.885983e-06,-1.9013535191e-10,7.7353e-02,1.0375
3881.99,-4.21656267e-05,2.995188e-03,7.182365e-06,-1.9013646213e-10,7.4538e-02,1.0375
3882.50,8.17080317e-04,2.856886e-03,7.443070e-06,-1.9014412267e-10,4.1635e-02,1.0375
3883.01,1.67019231e-03,2.727051e-03,7.666788e-06,-1.9015511388e-10,3.4483e-02,1.0375
3883.52,2.36134463e-03,2.611756e-03,7.855644e-06,-1.9018220332e-10,3.5985e-02,1.0375
3884.02,2.70836509e-03,2.515083e-03,8.014198e-06,-1.9024293252e-10,3.6761e-02,1.0375
3884.53,2.56332487e-03,2.438782e-03,8.147356e-06,-1.9032597720e-10,3.6940e-02,1.0375
3885.04,1.88399339e-03,2.382498e-03,8.258313e-06,-1.9041213051e-10,3.6590e-02,1.0375
3885.54,7.66958723e-04,2.344266e-03,8.347642e-06,-1.9048940203e-10,3.5664e-02,1.0375
3886.05,-5.88004268e-04,2.320976e-03,8.413900e-06,-1.9055401701e-10,3.3561e-02,1.0375
3886.56,-1.95707770e-03,2.308777e-03,8.455301e-06,-1.9060031331e-10,3.0179e-02,1.0375
3887.06,-3.15986945e-03,2.303484e-03,8.471497e-06,-1.9063672863e-10,2.5816e-02,1.0375
3887.57,-4.08458891e-03,2.301495e-03,8.464638e-06,-1.9072010637e-10,2.0879e-02,1.0375
3888.08,-4.67997379e-03,2.301035e-03,8.439354e-06,-1.9075518942e-10,1.5784e-02,1.0500
3888.58,-4.93885295e-03,2.302831e-03,8.401743e-06,-1.9075552249e-10,2.0209e-02,1.0500
3889.09,-4.88582409e-03,2.310001e-03,8.357814e-06,-1.9075641067e-10,2.4885e-02,1.0500
3889.60,-4.56983919e-03,2.327203e-03,8.312019e-06,-1.9075796498e-10,2.9793e-02,1.0500
3890.10,-4.05769555e-03,2.359420e-03,8.266401e-06,-1.9075918622e-10,3.4818e-02,1.0500
3890.61,-3.42745663e-03,2.410521e-03,8.220748e-06,-1.9075951929e-10,4.0352e-02,1.0500
3891.12,-2.76216742e-03,2.482163e-03,8.173722e-06,-1.9076140667e-10,4.8666e-02,1.0500
3891.62,-2.14229025e-03,2.573247e-03,8.124602e-06,-1.9076229485e-10,5.2979e-02,1.0500
3892.13,-1.63688889e-03,2.680051e-03,8.075019e-06,-1.9076240587e-10,5.8970e-02,1.0500
3892.64,-1.29323823e-03,2.796956e-03,8.029918e-06,-1.9076240587e-10,6.5920e-02,1.0500
3893.14,-1.12847721e-03,2.917433e-03,7.997095e-06,-1.9076529245e-10,7.2853e-02,1.0500
3893.65,-1.12730611e-03,3.035092e-03,7.985051e-06,-1.9076540347e-10,7.9769e-02,1.0500
3894.16,-1.24717942e-03,3.144476e-03,7.999803e-06,-1.9076595859e-10,8.6668e-02,1.0500
3894.66,-1.43031102e-03,3.241830e-03,8.042146e-06,-1.9076729085e-10,9.3548e-02,1.0500
3895.17,-1.61689197e-03,3.324996e-03,8.107019e-06,-1.9076806801e-10,1.0041e-01,1.0500
3895.68,-1.75707609e-03,3.393262e-03,8.185636e-06,-1.9076917823e-10,1.0725e-01,1.0500
3896.18,-1.81802984e-03,3.447134e-03,8.269465e-06,-1.9077028846e-10,1.1409e-01,1.0500
3896.69,-1.78591718e-03,3.488020e-03,8.353907e-06,-1.9077117663e-10,1.2100e-01,1.0500
3897.20,-1.66425156e-03,3.517983e-03,8.439603e-06,-1.9077128766e-10,1.2790e-01,1.0500
3897.71,-1.46929997e-03,3.539632e-03,8.530510e-06,-1.9077217583e-10,1.3483e-01,1.0500
3898.21,-1.22443645e-03,3.556033e-03,8.629736e-06,-1.9077228686e-10,1.4220e-01,1.0500
3898.72,-9.53801022e-04,3.570550e-03,8.735624e-06,-1.9085211189e-10,1.4828e-01,1.0437
3899.23,-6.76105702e-04,3.586406e-03,8.840572e-06,-1.9098878035e-10,1.5350e-01,1.0437
3899.73,-4.00178072e-04,3.605991e-03,8.933383e-06,-1.9107648797e-10,1.5669e-01,1.0437
3900.24,-1.24739327e-04,3.630106e-03,9.003768e-06,-1.9126711326e-10,6.4936e-02,1.0375
3900.75,1.56600343e-04,3.657530e-03,9.046522e-06,-1.9126988882e-10,7.1656e-02,1.0375
3901.25,4.47634312e-04,3.685097e-03,9.063399e-06,-1.9127122108e-10,7.8056e-02,1.0375
3901.76,7.43785275e-04,3.708539e-03,9.061877e-06,-1.9127321949e-10,7.0077e-02,1.0375
3902.27,1.03154800e-03,3.723660e-03,9.051300e-06,-1.9127899265e-10,5.2894e-02,1.0375
3902.77,1.29236806e-03,3.727399e-03,9.037954e-06,-1.9128643114e-10,4.2631e-02,1.0375
3903.28,1.50745030e-03,3.718730e-03,9.021329e-06,-1.9129409168e-10,3.8864e-02,1.0375
3903.79,1.66083185e-03,3.698967e-03,8.993511e-06,-1.9130463880e-10,3.9372e-02,1.0375
3904.29,1.74098269e-03,3.671426e-03,8.942075e-06,-1.9131640716e-10,4.2690e-02,1.0375
3904.80,1.74288285e-03,3.640530e-03,8.854904e-06,-1.9132528895e-10,4.7836e-02,1.0375
3905.31,1.67122346e-03,3.610660e-03,8.724590e-06,-1.9133206131e-10,5.3641e-02,1.0375
3905.81,1.54295075e-03,3.585141e-03,8.550657e-06,-1.9133505891e-10,5.9696e-02,1.0375
3906.32,1.38676982e-03,3.565638e-03,8.339081e-06,-1.9133561402e-10,6.6248e-02,1.0375
3906.83,1.23912991e-03,3.552129e-03,8.099626e-06,-1.9133816753e-10,7.3266e-02,1.0375
3907.33,1.13846151e-03,3.543383e-03,7.842162e-06,-1.9133838958e-10,8.0063e-02,1.0375
3907.84,1.11970208e-03,3.537656e-03,7.573385e-06,-1.9133994389e-10,7.8153e-02,1.0375
3908.35,1.20970321e-03,3.533433e-03,7.295068e-06,-1.9134194229e-10,6.4697e-02,1.0375
3908.85,1.42301247e-03,3.529691e-03,7.004338e-06,-1.9134405171e-10,5.4241e-02,1.0375
3909.36,1.75792626e-03,3.525935e-03,6.695636e-06,-1.9134582807e-10,4.9131e-02,1.0375
3909.87,2.19383926e-03,3.521985e-03,6.363504e-06,-1.9135037999e-10,4.8588e-02,1.0375
3910.37,2.69131392e-03,3.517670e-03,6.005280e-06,-1.9135437679e-10,5.2079e-02,1.0375
3910.88,3.19562050e-03,3.512478e-03,5.622970e-06,-1.9135659723e-10,5.7406e-02,1.0375
3911.39,3.64358654e-03,3.505541e-03,5.223786e-06,-1.9135726337e-10,6.3803e-02,1.0375
3911.90,3.97309208e-03,3.496054e-03,4.819057e-06,-1.9135981688e-10,6.0208e-02,1.0375
3912.40,4.13415605e-03,3.483508e-03,4.421611e-06,-1.9136181528e-10,5.2878e-02,1.0375
3912.91,4.09963346e-03,3.467989e-03,4.042546e-06,-1.9136514595e-10,4.4892e-02,1.0375
3913.42,3.87241405e-03,3.450291e-03,3.689204e-06,-1.9136803253e-10,3.8291e-02,1.0375
3913.92,3.48610506e-03,3.431675e-03,3.366779e-06,-1.9137025298e-10,3.3559e-02,1.0375
3914.43,2.99834116e-03,3.413281e-03,3.084008e-06,-1.9137380569e-10,2.9322e-02,1.0375
3914.94,2.47904001e-03,3.395674e-03,2.860862e-06,-1.9137869067e-10,2.6023e-02,1.0375
3915.44,1.99792210e-03,3.378748e-03,2.732398e-06,-1.9138668428e-10,3.4105e-02,1.0375
3915.95,1.61513372e-03,3.361977e-03,2.739475e-06,-1.9139712037e-10,3.9530e-02,1.0375
3916.46,1.37645804e-03,3.344892e-03,2.904892e-06,-1.9140766749e-10,4.3885e-02,1.0375
3916.96,1.31198222e-03,3.327560e-03,3.215794e-06,-1.9142265550e-10,4.1576e-02,1.0375
3917.47,1.43552676e-03,3.310854e-03,3.632530e-06,-1.9145340868e-10,3.7832e-02,1.0375
3917.98,1.74220423e-03,3.296324e-03,4.110489e-06,-1.9149204444e-10,3.7994e-02,1.0375
3918.48,2.20317139e-03,3.285605e-03,4.614467e-06,-1.9152568420e-10,4.0797e-02,1.0375
3918.99,2.75960204e-03,3.279354e-03,5.122884e-06,-1.9155177444e-10,4.5161e-02,1.0375
3919.50,3.32108088e-03,3.276988e-03,5.626474e-06,-1.9156798370e-10,4.9879e-02,1.0375
3920.00,3.77483887e-03,3.276118e-03,6.124522e-06,-1.9157753162e-10,5.3605e-02,1.0375
3920.51,4.00892612e-03,3.272973e-03,6.620172e-06,-1.9158274966e-10,5.7897e-02,1.0375
3921.02,3.94417975e-03,3.263394e-03,7.116103e-06,-1.9158519216e-10,6.3270e-02,1.0375
3921.52,3.56139781e-03,3.244121e-03,7.611680e-06,-1.9158796771e-10,4.8402e-02,1.0375
3922.03,2.90931753e-03,3.213624e-03,8.102235e-06,-1.9159274167e-10,3.6911e-02,1.0375
3922.54,2.08875278e-03,3.172369e-03,8.580273e-06,-1.9159651643e-10,2.9126e-02,1.0375
3923.04,1.22154479e-03,3.122338e-03,9.037717e-06,-1.9160140141e-10,2.2938e-02,1.0375
3923.55,4.19343056e-04,3.066017e-03,9.468103e-06,-1.9160684150e-10,2.1909e-02,1.0375
3924.06,-2.36563767e-04,3.005221e-03,9.867920e-06,-1.9162127440e-10,2.1009e-02,1.0375
3924.57,-7.01648371e-04,2.940903e-03,1.023673e-05,-1.9164347886e-10,2.2053e-02,1.0375
3925.07,-9.64471785e-04,2.873063e-03,1.057618e-05,-1.9167734067e-10,2.2894e-02,1.0375
3925.58,-1.03845884e-03,2.801258e-03,1.088844e-05,-1.9172041732e-10,2.3571e-02,1.0375
3926.09,-9.53271699e-04,2.725491e-03,1.117453e-05,-1.9176638055e-10,2.4664e-02,1.0375
3926.59,-7.47682071e-04,2.647021e-03,1.143329e-05,-1.9181345401e-10,2.6335e-02,1.0375
3927.10,-4.64150267e-04,2.568687e-03,1.166139e-05,-1.9185930622e-10,2.8629e-02,1.0375
3927.61,-1.44577554e-04,2.494489e-03,1.185417e-05,-1.9190049549e-10,3.1625e-02,1.0375
3928.11,1.73262923e-04,2.428468e-03,1.200729e-05,-1.9193813205e-10,3.5511e-02,1.0375
3928.62,4.58680985e-04,2.373365e-03,1.211814e-05,-1.9196999546e-10,4.0610e-02,1.0375
3929.13,6.90052218e-04,2.329756e-03,1.218683e-05,-1.9199342116e-10,4.5713e-02,1.0375
3929.63,8.55317878e-04,2.296183e-03,1.221603e-05,-1.9200774304e-10,4.5864e-02,1.0375
3930.14,9.50701327e-04,2.270358e-03,1.220981e-05,-1.9201629176e-10,4.6280e-02,1.0375
3930.65,9.77861921e-04,2.251022e-03,1.217200e-05,-1.9202095469e-10,4.7069e-02,1.0375
3931.15,9.40334890e-04,2.239697e-03,1.210462e-05,-1.9202572865e-10,3.4712e-02,1.0375
3931.66,8.40536186e-04,2.241357e-03,1.200717e-05,-1.9203649781e-10,3.9876e-02,1.0375
3932.17,6.78575653e-04,2.263203e-03,1.187708e-05,-1.9204915436e-10,4.5548e-02,1.0375
3932.67,4.53511954e-04,2.311769e-03,1.171112e-05,-1.9206713997e-10,5.1618e-02,1.0375
3933.18,1.66641543e-04,2.389658e-03,1.150718e-05,-1.9208212798e-10,5.7794e-02,1.0375
3933.69,-1.74630541e-04,2.493930e-03,1.126572e-05,-1.9209067670e-10,6.3912e-02,1.0375
3934.19,-5.54262795e-04,2.616502e-03,1.099006e-05,-1.9209622781e-10,7.0192e-02,1.0375
3934.70,-9.47849513e-04,2.746662e-03,1.068568e-05,-1.9209989155e-10,7.5533e-02,1.0375
3935.21,-1.32592444e-03,2.873535e-03,1.035848e-05,-1.9210211200e-10,7.6107e-02,1.0375
3935.71,-1.65922657e-03,2.988097e-03,1.001287e-05,-1.9210688595e-10,6.9564e-02,1.0375
3936.22,-1.92418790e-03,3.084337e-03,9.650547e-06,-1.9211177094e-10,6.1437e-02,1.0375
3936.73,-2.10710367e-03,3.159407e-03,9.270368e-06,-1.9212065272e-10,5.6203e-02,1.0375
3937.23,-2.20622639e-03,3.213217e-03,8.869699e-06,-1.9213064473e-10,5.4557e-02,1.0375
3937.74,-2.23183770e-03,3.247628e-03,8.446545e-06,-1.9214008162e-10,5.7010e-02,1.0375
3938.25,-2.20474898e-03,3.265514e-03,8.001703e-06,-1.9214485558e-10,6.1980e-02,1.0375
3938.76,-2.15356744e-03,3.270053e-03,7.540045e-06,-1.9214774216e-10,6.7996e-02,1.0375
3939.26,-2.11074056e-03,3.264260e-03,7.070391e-06,-1.9214951852e-10,7.4640e-02,1.0375
3939.77,-2.10733041e-03,3.250888e-03,6.603846e-06,-1.9214974056e-10,8.1718e-02,1.0375
3940.28,-2.16692728e-03,3.232773e-03,6.151071e-06,-1.9215173896e-10,9.0290e-02,1.0375
3940.78,-2.29989678e-03,3.213045e-03,5.719486e-06,-1.9215262714e-10,8.5658e-02,1.0375
3941.29,-2.49971961e-03,3.195401e-03,5.311747e-06,-1.9215407043e-10,3.8144e-02,1.0375
3941.80,-2.74300368e-03,3.183607e-03,4.926549e-06,-1.9215662395e-10,4.6543e-02,1.0500
3942.30,-2.99371150e-03,3.180595e-03,4.561979e-06,-1.9229096093e-10,5.1863e-02,1.0500
3942.81,-3.21069245e-03,3.187380e-03,4.220348e-06,-1.9257706541e-10,5.2336e-02,1.0500
3943.32,-3.35645650e-03,3.202364e-03,3.912426e-06,-1.9274792873e-10,4.9160e-02,1.0625
3943.82,-3.40478335e-03,3.221393e-03,3.658498e-06,-1.9274826180e-10,4.3178e-02,1.0625
3944.33,-3.34523855e-03,3.238651e-03,3.483784e-06,-1.9275014917e-10,3.5779e-02,1.0625
3944.84,-3.18363454e-03,3.248133e-03,3.407902e-06,-1.9275048224e-10,2.9684e-02,1.0625
3945.34,-2.93861123e-03,3.245204e-03,3.433674e-06,-1.9277235364e-10,3.6507e-02,1.0625
3945.85,-2.63565122e-03,3.227707e-03,3.544594e-06,-1.9300572252e-10,4.2895e-02,1.0563
3946.36,-2.30077107e-03,3.196410e-03,3.713991e-06,-1.9318358024e-10,4.9008e-02,1.0625
3946.86,-1.95638792e-03,3.154783e-03,3.917074e-06,-1.9321788614e-10,5.5410e-02,1.0625
3947.37,-1.62098651e-03,3.108086e-03,4.138618e-06,-1.9324897238e-10,6.1663e-02,1.0625
3947.88,-1.31227486e-03,3.062148e-03,4.374005e-06,-1.9338763924e-10,6.5163e-02,1.0563
3948.38,-1.05139326e-03,3.022252e-03,4.625457e-06,-1.9351997782e-10,5.2410e-02,1.0500
3948.89,-8.64704964e-04,2.992356e-03,4.896257e-06,-1.9352142111e-10,5.8433e-02,1.0500
3949.40,-7.80609763e-04,2.974831e-03,5.185946e-06,-1.9352208724e-10,6.5040e-02,1.0500
3949.90,-8.21485082e-04,2.970640e-03,5.488394e-06,-1.9352386360e-10,7.1885e-02,1.0500
3950.41,-9.93919405e-04,2.979712e-03,5.792952e-06,-1.9352486280e-10,7.8881e-02,1.0500
3950.92,-1.28196523e-03,3.001322e-03,6.087369e-06,-1.9352486280e-10,8.5830e-02,1.0500
3951.42,-1.64701173e-03,3.034330e-03,6.360808e-06,-1.9352619507e-10,9.2752e-02,1.0500
3951.93,-2.03465146e-03,3.077223e-03,6.605906e-06,-1.9352675018e-10,9.9625e-02,1.0500
3952.44,-2.38566928e-03,3.128043e-03,6.819669e-06,-1.9352752734e-10,1.0648e-01,1.0500
3952.95,-2.64705061e-03,3.184232e-03,7.003427e-06,-1.9352930369e-10,1.1331e-01,1.0500
3953.45,-2.77977711e-03,3.242549e-03,7.162028e-06,-1.9352974778e-10,1.2013e-01,1.0500
3953.96,-2.76262765e-03,3.299179e-03,7.302357e-06,-1.9353163516e-10,1.2692e-01,1.0500
3954.47,-2.59260929e-03,3.350091e-03,7.431217e-06,-1.9353130210e-10,1.3369e-01,1.0500
3954.97,-2.28369510e-03,3.391663e-03,7.553017e-06,-1.9353252334e-10,1.4044e-01,1.0500
3955.48,-1.86473971e-03,3.421466e-03,7.668070e-06,-1.9353429970e-10,1.4717e-01,1.0500
3955.99,-1.37663815e-03,3.438825e-03,7.772418e-06,-1.9353463276e-10,1.5388e-01,1.0500
3956.49,-8.68193157e-04,3.444897e-03,7.859460e-06,-1.9353496583e-10,1.6056e-01,1.0500
3957.00,-3.90334785e-04,3.442165e-03,7.922696e-06,-1.9353629810e-10,1.6722e-01,1.0500
3957.51,1.11249655e-05,3.433559e-03,7.958376e-06,-1.9353707525e-10,1.7387e-01,1.0500
3958.01,3.03362957e-04,3.421472e-03,7.966942e-06,-1.9353763037e-10,1.8048e-01,1.0500
3958.52,4.73100580e-04,3.407113e-03,7.952875e-06,-1.9353885161e-10,1.8708e-01,1.0500
3959.03,5.28904295e-04,3.390394e-03,7.923177e-06,-1.9354007286e-10,1.9364e-01,1.0500
3959.53,4.97057739e-04,3.370349e-03,7.885214e-06,-1.9354096104e-10,2.0019e-01,1.0500
3960.04,4.12204593e-04,3.345909e-03,7.844731e-06,-1.9354295944e-10,2.0683e-01,1.0500
3960.55,3.07574466e-04,3.316678e-03,7.804726e-06,-1.9359447379e-10,2.1232e-01,1.0500
3961.05,2.09765083e-04,3.283364e-03,7.765494e-06,-1.9367651927e-10,2.1409e-01,1.0500
3961.56,1.39183084e-04,3.247612e-03,7.725728e-06,-1.9387524919e-10,6.5863e-02,1.0375
3962.07,1.12916001e-04,3.211268e-03,7.684221e-06,-1.9388246564e-10,6.5879e-02,1.0375
3962.57,1.45972889e-04,3.175377e-03,7.641483e-06,-1.9388946004e-10,6.6179e-02,1.0375
3963.08,2.49670050e-04,3.139419e-03,7.600606e-06,-1.9389556627e-10,6.7479e-02,1.0375
3963.59,4.29112075e-04,3.101197e-03,7.566884e-06,-1.9390167250e-10,7.0458e-02,1.0375
3964.09,6.82185277e-04,3.057505e-03,7.546235e-06,-1.9390355988e-10,7.5642e-02,1.0375
3964.60,1.00034511e-03,3.005318e-03,7.543048e-06,-1.9390578032e-10,8.1933e-02,1.0375
3965.11,1.36931299e-03,2.942949e-03,7.558505e-06,-1.9390633543e-10,8.8774e-02,1.0375
3965.61,1.76783523e-03,2.870790e-03,7.590276e-06,-1.9390844486e-10,9.6323e-02,1.0375
3966.12,2.16488602e-03,2.791174e-03,7.633763e-06,-1.9390966610e-10,8.3566e-02,1.0375
3966.63,2.51820854e-03,2.708294e-03,7.684238e-06,-1.9391244166e-10,3.5685e-02,1.0375
3967.14,2.77776549e-03,2.626643e-03,7.738789e-06,-1.9395374196e-10,2.5518e-02,1.0375
3967.64,2.89558611e-03,2.550240e-03,7.797243e-06,-1.9396695361e-10,2.5282e-02,1.0375
3968.15,2.83947830e-03,2.482227e-03,7.861778e-06,-1.9399293283e-10,2.5434e-02,1.0375
3968.66,2.60466091e-03,2.424924e-03,7.935473e-06,-1.9402368601e-10,2.5834e-02,1.0375
3969.16,2.21747633e-03,2.380249e-03,8.020339e-06,-1.9405688167e-10,2.6202e-02,1.0375
3969.67,1.72943625e-03,2.350181e-03,8.115534e-06,-1.9409107654e-10,2.6329e-02,1.0375
3970.18,1.20479874e-03,2.336948e-03,8.216482e-06,-1.9412416119e-10,2.6079e-02,1.0375
3970.68,7.07001859e-04,2.342743e-03,8.315503e-06,-1.9415313801e-10,2.5278e-02,1.0375
3971.19,2.88161891e-04,2.368924e-03,8.403703e-06,-1.9417689678e-10,2.3938e-02,1.0375
3971.70,-1.62911190e-05,2.414931e-03,8.473548e-06,-1.9419577058e-10,2.1866e-02,1.0375
3972.20,-1.87470503e-04,2.478022e-03,8.520964e-06,-1.9421642072e-10,1.8634e-02,1.0375
3972.71,-2.18653412e-04,2.553811e-03,8.546011e-06,-1.9424706288e-10,2.0858e-02,1.0375
3973.22,-1.09721381e-04,2.637244e-03,8.551798e-06,-1.9428603171e-10,2.4640e-02,1.0375
3973.72,1.35754071e-04,2.723820e-03,8.542160e-06,-1.9432933041e-10,2.9022e-02,1.0375
3974.23,5.08375387e-04,2.810495e-03,8.519090e-06,-1.9437063070e-10,3.3917e-02,1.0375
3974.74,9.86421717e-04,2.896054e-03,8.481021e-06,-1.9440704602e-10,3.9213e-02,1.0375
3975.24,1.52861678e-03,2.980937e-03,8.422710e-06,-1.9444279520e-10,4.4774e-02,1.0375
3975.75,2.07108203e-03,3.066648e-03,8.336759e-06,-1.9447499167e-10,5.0487e-02,1.0375
3976.26,2.53261294e-03,3.154946e-03,8.216217e-06,-1.9449641897e-10,5.6176e-02,1.0375
3976.76,2.82957208e-03,3.247310e-03,8.057216e-06,-1.9450829836e-10,6.1944e-02,1.0375
3977.27,2.89711543e-03,3.344382e-03,7.860613e-06,-1.9451318334e-10,6.8235e-02,1.0375
3977.78,2.70889262e-03,3.446051e-03,7.631904e-06,-1.9451551481e-10,7.4925e-02,1.0375
3978.28,2.28612922e-03,3.551673e-03,7.379260e-06,-1.9451729116e-10,8.1570e-02,1.0375
3978.79,1.69129880e-03,3.660386e-03,7.110253e-06,-1.9451873445e-10,9.1480e-02,1.0375
3979.30,1.00926366e-03,3.771238e-03,6.828590e-06,-1.9451895650e-10,9.8010e-02,1.0375
3979.80,3.24451047e-04,3.883144e-03,6.532359e-06,-1.9451995570e-10,1.0567e-01,1.0375
3980.31,-2.97198305e-04,3.994727e-03,6.214802e-06,-1.9452051081e-10,1.0901e-01,1.0375
3980.82,-8.16959974e-04,4.104142e-03,5.867396e-06,-1.9452128797e-10,1.0442e-01,1.0375
3981.33,-1.22299933e-03,4.207326e-03,5.483967e-06,-1.9452295330e-10,8.8013e-02,1.0375
3981.83,-1.52402282e-03,4.301853e-03,5.064242e-06,-1.9452395250e-10,7.1560e-02,1.0375
3982.34,-1.74034323e-03,4.386804e-03,4.615694e-06,-1.9452572886e-10,6.8893e-02,1.0375
3982.85,-1.89487585e-03,4.461370e-03,4.153068e-06,-1.9452706113e-10,7.4489e-02,1.0375
3983.35,-2.00545889e-03,4.525244e-03,3.695696e-06,-1.9452728317e-10,8.1294e-02,1.0375
3983.86,-2.07918406e-03,4.578399e-03,3.263184e-06,-1.9452861544e-10,8.8323e-02,1.0375
3984.37,-2.10926215e-03,4.621100e-03,2.870894e-06,-1.9452950362e-10,9.5388e-02,1.0375
3984.87,-2.07511842e-03,4.653583e-03,2.527724e-06,-1.9453127997e-10,6.6540e-02,1.0375
3985.38,-1.94650946e-03,4.675866e-03,2.238947e-06,-1.9453116895e-10,4.1894e-02,1.0375
3985.89,-1.69210866e-03,4.686943e-03,2.014955e-06,-1.9453405553e-10,4.1664e-02,1.0375
3986.39,-1.29204005e-03,4.685387e-03,1.881372e-06,-1.9453849642e-10,3.7473e-02,1.0375
3986.90,-7.52176946e-04,4.670488e-03,1.877400e-06,-1.9454837741e-10,2.9974e-02,1.0375
3987.41,-1.15754111e-04,4.642099e-03,2.030384e-06,-1.9456458666e-10,2.0649e-02,1.0375
3987.91,5.34103997e-04,4.600966e-03,2.328855e-06,-1.9458390454e-10,2.0455e-02,1.0375
3988.42,1.08673086e-03,4.548944e-03,2.729856e-06,-1.9460932865e-10,1.9889e-02,1.0375
3988.93,1.43168133e-03,4.488986e-03,3.184251e-06,-1.9463464174e-10,2.0747e-02,1.0375
3989.43,1.49369287e-03,4.424768e-03,3.651622e-06,-1.9465851153e-10,2.2532e-02,1.0375
3989.94,1.25990200e-03,4.360019e-03,4.104442e-06,-1.9467949475e-10,2.3135e-02,1.0375
3990.45,7.85785304e-04,4.297624e-03,4.528087e-06,-1.9469548196e-10,2.2260e-02,1.0375
3990.95,1.76430806e-04,4.238688e-03,4.919006e-06,-1.9470525192e-10,2.1784e-02,1.0375
3991.46,-4.47770628e-04,4.182480e-03,5.281484e-06,-1.9471557700e-10,2.5852e-02,1.0375
3991.97,-9.85136591e-04,4.126261e-03,5.623333e-06,-1.9472368162e-10,3.0612e-02,1.0375
3992.47,-1.37285479e-03,4.065253e-03,5.951478e-06,-1.9473944679e-10,3.6943e-02,1.0375
3992.98,-1.58854458e-03,3.993215e-03,6.268773e-06,-1.9477297553e-10,4.4760e-02,1.0375
3993.49,-1.63799738e-03,3.903841e-03,6.573011e-06,-1.9483847868e-10,4.5618e-02,1.0375
3993.99,-1.53894843e-03,3.792749e-03,6.858180e-06,-1.9493107128e-10,4.0740e-02,1.0375
3994.50,-1.30935238e-03,3.659266e-03,7.116949e-06,-1.9502321980e-10,4.3457e-02,1.0375
3995.01,-9.63000106e-04,3.507581e-03,7.343237e-06,-1.9508950011e-10,4.6912e-02,1.0375
3995.52,-5.10190449e-04,3.345987e-03,7.533879e-06,-1.9512824689e-10,5.0623e-02,1.0375
3996.02,3.99276830e-05,3.184916e-03,7.688739e-06,-1.9514689864e-10,5.7873e-02,1.0375
3996.53,6.76310262e-04,3.035181e-03,7.810152e-06,-1.9515311589e-10,6.5006e-02,1.0375
3997.04,1.38086139e-03,2.905937e-03,7.902051e-06,-1.9515677963e-10,7.2079e-02,1.0375
3997.54,2.12049319e-03,2.803252e-03,7.969021e-06,-1.9515900007e-10,5.9713e-02,1.0375
3998.05,2.83948795e-03,2.730042e-03,8.015564e-06,-1.9516488425e-10,4.1350e-02,1.0375
3998.56,3.45884789e-03,2.685753e-03,8.045403e-06,-1.9517298888e-10,2.8821e-02,1.0375
3999.06,3.88874708e-03,2.667018e-03,8.061069e-06,-1.9517654160e-10,1.9805e-02,1.0375
3999.57,4.05369866e-03,2.668378e-03,8.063979e-06,-1.9518553440e-10,1.6860e-02,1.0375
