t,rhoc,errD,Mb,fd_fraction,vatm
0.000,1.2799999990e-03,3.845991e-07,1.5062867973e+00,1.0000,0.0000e+00
0.527,1.2794804320e-03,3.246532e-04,1.5062867973e+00,1.0000,0.0000e+00
1.054,1.2790047110e-03,5.935576e-04,1.5062867973e+00,1.0000,0.0000e+00
1.581,1.2785484170e-03,8.218079e-04,1.5062867973e+00,1.0000,0.0000e+00
2.108,1.2781117152e-03,1.020168e-03,1.5062867973e+00,1.0000,0.0000e+00
2.636,1.2776948429e-03,1.193680e-03,1.5062867973e+00,1.0000,0.0000e+00
3.163,1.2772965868e-03,1.346026e-03,1.5062867973e+00,1.0000,0.0000e+00
3.690,1.2769217109e-03,1.477991e-03,1.5062867973e+00,1.0000,0.0000e+00
4.217,1.2765718169e-03,1.593535e-03,1.5062867973e+00,1.0000,0.0000e+00
4.744,1.2762494921e-03,1.696618e-03,1.5062867973e+00,1.0000,0.0000e+00
5.271,1.2759565389e-03,1.790232e-03,1.5062867973e+00,1.0000,0.0000e+00
5.798,1.2756946577e-03,1.877157e-03,1.5062867973e+00,1.0000,0.0000e+00
6.325,1.2754651419e-03,1.960068e-03,1.5062867973e+00,1.0000,0.0000e+00
6.852,1.2752689237e-03,2.038586e-03,1.5062867973e+00,1.0000,0.0000e+00
7.379,1.2751065649e-03,2.112600e-03,1.5062867973e+00,1.0000,0.0000e+00
7.907,1.2749782571e-03,2.182808e-03,1.5062867973e+00,1.0000,8.2983e-03
8.434,1.2748838372e-03,2.249957e-03,1.5062867973e+00,1.0000,6.1517e-03
8.961,1.2748228012e-03,2.314067e-03,1.5062867973e+00,1.0000,4.2114e-03
9.488,1.2747943229e-03,2.375140e-03,1.5062867973e+00,1.0000,2.5473e-03
10.015,1.2747972576e-03,2.433238e-03,1.5062867973e+00,1.0000,1.2141e-03
10.542,1.2748303034e-03,2.488029e-03,1.5062867973e+00,1.0000,3.0541e-04
11.069,1.2748917574e-03,2.539302e-03,1.5062867973e+00,1.0000,4.3035e-04
11.596,1.2749799742e-03,2.587293e-03,1.5062867973e+00,1.0000,1.2117e-03
12.123,1.2750928071e-03,2.633345e-03,1.5062867973e+00,1.0000,2.0749e-03
12.650,1.2752281108e-03,2.679135e-03,1.5062867973e+00,1.0000,2.9700e-03
13.178,1.2753835777e-03,2.723355e-03,1.5062867973e+00,1.0000,3.7901e-03
13.705,1.2755570167e-03,2.765931e-03,1.5062867973e+00,1.0000,4.5096e-03
14.232,1.2757464330e-03,2.806916e-03,1.5062867973e+00,1.0000,5.1146e-03
14.759,1.2759498066e-03,2.846259e-03,1.5062867973e+00,1.0000,5.5831e-03
15.286,1.2761647864e-03,2.883607e-03,1.5062867973e+00,1.0000,5.9060e-03
15.813,1.2763886949e-03,2.919260e-03,1.5062867973e+00,1.0000,6.1017e-03
16.340,1.2766189243e-03,2.953457e-03,1.5062867973e+00,1.0000,6.1847e-03
16.867,1.2768533575e-03,2.986470e-03,1.5062867973e+00,1.0000,6.1687e-03
17.394,1.2770904092e-03,3.018621e-03,1.5062867973e+00,1.0000,6.0676e-03
17.921,1.2773286947e-03,3.050167e-03,1.5062867973e+00,1.0000,5.8957e-03
18.449,1.2775666912e-03,3.081404e-03,1.5062867973e+00,1.0000,5.6680e-03
18.976,1.2778026878e-03,3.112619e-03,1.5062867973e+00,1.0000,5.3996e-03
19.503,1.2780349916e-03,3.144085e-03,1.5062867973e+00,1.0000,5.1052e-03
20.030,1.2782621449e-03,3.176212e-03,1.5062867973e+00,1.0000,4.7970e-03
20.557,1.2784829854e-03,3.209841e-03,1.5062867973e+00,1.0000,4.4787e-03
21.084,1.2786965741e-03,3.244830e-03,1.5062867973e+00,1.0000,4.1782e-03
21.611,1.2789021097e-03,3.280729e-03,1.5062867973e+00,1.0000,3.9061e-03
22.138,1.2790988824e-03,3.317051e-03,1.5062867973e+00,1.0000,3.6627e-03
22.665,1.2792863019e-03,3.353279e-03,1.5062867973e+00,1.0000,3.4469e-03
23.192,1.2794639075e-03,3.388896e-03,1.5062867973e+00,1.0000,3.2570e-03
23.720,1.2796313427e-03,3.423415e-03,1.5062867973e+00,1.0000,3.0907e-03
24.247,1.2797883652e-03,3.456478e-03,1.5062867973e+00,1.0000,2.9459e-03
24.774,1.2799348468e-03,3.487766e-03,1.5062867973e+00,1.0000,2.8198e-03
25.301,1.2800707402e-03,3.516794e-03,1.5062867973e+00,1.0000,2.7099e-03
25.828,1.2801960808e-03,3.543287e-03,1.5062867973e+00,1.0000,2.6144e-03
26.355,1.2803109855e-03,3.567103e-03,1.5062867973e+00,1.0000,2.5325e-03
26.882,1.2804156354e-03,3.588199e-03,1.5062867973e+00,1.0000,2.4636e-03
27.409,1.2805102711e-03,3.606623e-03,1.5062867973e+00,1.0000,2.4076e-03
27.936,1.2805951894e-03,3.622501e-03,1.5062867973e+00,1.0000,2.3642e-03
28.463,1.2806707221e-03,3.636024e-03,1.5062867973e+00,1.0000,2.3334e-03
28.991,1.2807372310e-03,3.647431e-03,1.5062867973e+00,1.0000,2.3153e-03
29.518,1.2807951006e-03,3.656991e-03,1.5062867973e+00,1.0000,2.3103e-03
30.045,1.2808447262e-03,3.664981e-03,1.5062867973e+00,1.0000,2.3186e-03
30.572,1.2808865072e-03,3.671674e-03,1.5062867973e+00,1.0000,2.3407e-03
31.099,1.2809208620e-03,3.677316e-03,1.5062867973e+00,1.0000,2.3773e-03
31.626,1.2809482713e-03,3.682122e-03,1.5062867973e+00,1.0000,2.4290e-03
32.153,1.2809693307e-03,3.686264e-03,1.5062867973e+00,1.0000,2.4964e-03
32.680,1.2809847692e-03,3.689880e-03,1.5062867973e+00,1.0000,2.5803e-03
33.207,1.2809953781e-03,3.693076e-03,1.5062867973e+00,1.0000,2.6811e-03
33.734,1.2810018275e-03,3.695936e-03,1.5062867973e+00,1.0000,2.7996e-03
34.262,1.2810047480e-03,3.698532e-03,1.5062867973e+00,1.0000,2.9361e-03
34.789,1.2810023983e-03,3.700937e-03,1.5062867973e+00,1.0000,3.0910e-03
35.316,1.2809960924e-03,3.703239e-03,1.5062867973e+00,1.0000,3.2647e-03
35.843,1.2809831840e-03,3.705530e-03,1.5062867973e+00,1.0000,3.4572e-03
36.370,1.2809627792e-03,3.707841e-03,1.5062867973e+00,1.0000,3.6686e-03
36.897,1.2809354119e-03,3.710286e-03,1.5062867973e+00,1.0000,3.8990e-03
37.424,1.2809023114e-03,3.713101e-03,1.5062867973e+00,1.0000,4.1488e-03
37.951,1.2808672423e-03,3.716630e-03,1.5062867973e+00,1.0000,4.4181e-03
38.478,1.2808348840e-03,3.721248e-03,1.5062867973e+00,1.0000,4.7066e-03
39.005,1.2808108979e-03,3.727386e-03,1.5062867973e+00,1.0000,5.0138e-03
39.533,1.2808010700e-03,3.735532e-03,1.5062867973e+00,1.0000,5.3389e-03
40.060,1.2808113062e-03,3.746217e-03,1.5062867973e+00,1.0000,5.6808e-03
40.587,1.2808422175e-03,3.760004e-03,1.5062867973e+00,1.0000,6.0382e-03
41.114,1.2808966217e-03,3.777469e-03,1.5062867973e+00,1.0000,6.4097e-03
41.641,1.2809686321e-03,3.799164e-03,1.5062867973e+00,1.0000,6.7936e-03
42.168,1.2810404907e-03,3.825602e-03,1.5062867973e+00,1.0000,7.1880e-03
42.695,1.2810932743e-03,3.857285e-03,1.5062867973e+00,1.0000,7.5921e-03
43.222,1.2811060566e-03,3.894823e-03,1.5062867973e+00,1.0000,8.0120e-03
43.749,1.2810595989e-03,3.938403e-03,1.5062867973e+00,1.0000,8.4485e-03
44.276,1.2809176994e-03,3.988046e-03,1.5062867973e+00,1.0000,8.8999e-03
44.804,1.2806663951e-03,4.043653e-03,1.5062867973e+00,1.0000,9.3608e-03
45.331,1.2803142094e-03,4.104836e-03,1.5062867973e+00,1.0000,9.8245e-03
45.858,1.2798774802e-03,4.171046e-03,1.5062867973e+00,1.0000,1.0284e-02
46.385,1.2793859687e-03,4.241598e-03,1.5062867973e+00,1.0000,1.0733e-02
46.912,1.2788793895e-03,4.315687e-03,1.5062867973e+00,1.0000,1.1165e-02
47.439,1.2784018199e-03,4.392417e-03,1.5062867973e+00,1.0000,1.1571e-02
47.966,1.2779924740e-03,4.470824e-03,1.5062867973e+00,1.0000,1.1945e-02
48.493,1.2776900534e-03,4.549904e-03,1.5062867973e+00,1.0000,1.2278e-02
49.020,1.2775327451e-03,4.628638e-03,1.5062867973e+00,1.0000,1.2563e-02
49.547,1.2775347553e-03,4.706018e-03,1.5062867973e+00,1.0000,1.2793e-02
50.075,1.2776827371e-03,4.781068e-03,1.5062867973e+00,1.0000,1.2957e-02
50.602,1.2779673213e-03,4.852861e-03,1.5062867973e+00,1.0000,1.3049e-02
51.129,1.2783801906e-03,4.920539e-03,1.5062867973e+00,1.0000,1.3060e-02
51.656,1.2789072584e-03,4.983320e-03,1.5062867973e+00,1.0000,1.2982e-02
52.183,1.2795208460e-03,5.040505e-03,1.5062867973e+00,1.0000,1.2809e-02
52.710,1.2801744473e-03,5.091490e-03,1.5062867973e+00,1.0000,1.2533e-02
53.237,1.2808162015e-03,5.135762e-03,1.5062867973e+00,1.0000,1.2149e-02
53.764,1.2814005589e-03,5.172907e-03,1.5062867973e+00,1.0000,1.1655e-02
54.291,1.2818944767e-03,5.202632e-03,1.5062867973e+00,1.0000,1.1048e-02
54.818,1.2822754499e-03,5.225017e-03,1.5062867973e+00,1.0000,1.0326e-02
55.346,1.2825254207e-03,5.240400e-03,1.5062867973e+00,1.0000,9.4995e-03
55.873,1.2826340117e-03,5.249057e-03,1.5062867973e+00,1.0000,8.6003e-03
56.400,1.2826030979e-03,5.250891e-03,1.5062867973e+00,1.0000,7.6425e-03
56.927,1.2824421547e-03,5.245977e-03,1.5062867973e+00,1.0000,6.6399e-03
57.454,1.2821742886e-03,5.234471e-03,1.5062867973e+00,1.0000,5.6068e-03
57.981,1.2818349771e-03,5.216696e-03,1.5062867973e+00,1.0000,4.5577e-03
58.508,1.2814574627e-03,5.193050e-03,1.5062867973e+00,1.0000,3.5052e-03
59.035,1.2810704619e-03,5.164392e-03,1.5062867973e+00,1.0000,2.4567e-03
59.562,1.2806976548e-03,5.131348e-03,1.5062867973e+00,1.0000,1.4200e-03
60.089,1.2803707355e-03,5.094669e-03,1.5062867973e+00,1.0000,4.0616e-04
60.617,1.2801101796e-03,5.055122e-03,1.5062867973e+00,1.0000,5.4867e-04
61.144,1.2799259317e-03,5.013407e-03,1.5062867973e+00,1.0000,1.3676e-03
61.671,1.2798290800e-03,4.970632e-03,1.5062867973e+00,1.0000,2.1265e-03
62.198,1.2798138769e-03,4.927773e-03,1.5062867973e+00,1.0000,2.8313e-03
62.725,1.2798678236e-03,4.885751e-03,1.5062867973e+00,1.0000,3.4713e-03
63.252,1.2799763909e-03,4.845479e-03,1.5062867973e+00,1.0000,4.0397e-03
63.779,1.2801226714e-03,4.807904e-03,1.5062867973e+00,1.0000,4.5510e-03
64.306,1.2802873032e-03,4.773905e-03,1.5062867973e+00,1.0000,5.0314e-03
64.833,1.2804508215e-03,4.744096e-03,1.5062867973e+00,1.0000,5.4735e-03
65.360,1.2805990567e-03,4.718640e-03,1.5062867973e+00,1.0000,5.8718e-03
65.888,1.2807188358e-03,4.695339e-03,1.5062867973e+00,1.0000,6.2243e-03
66.415,1.2808024484e-03,4.676324e-03,1.5062867973e+00,1.0000,6.4870e-03
66.942,1.2808483116e-03,4.662683e-03,1.5062867973e+00,1.0000,6.6557e-03
67.469,1.2808552059e-03,4.654692e-03,1.5062867973e+00,1.0000,6.7389e-03
67.996,1.2808285142e-03,4.652396e-03,1.5062867973e+00,1.0000,6.7450e-03
68.523,1.2807760038e-03,4.655690e-03,1.5062867973e+00,1.0000,6.6811e-03
69.050,1.2807060845e-03,4.664335e-03,1.5062867973e+00,1.0000,6.5547e-03
69.577,1.2806284443e-03,4.677926e-03,1.5062867973e+00,1.0000,6.3733e-03
70.104,1.2805524827e-03,4.695920e-03,1.5062867973e+00,1.0000,6.1438e-03
70.631,1.2804859961e-03,4.717664e-03,1.5062867973e+00,1.0000,5.8730e-03
71.159,1.2804336955e-03,4.742433e-03,1.5062867973e+00,1.0000,5.5667e-03
71.686,1.2804018992e-03,4.769459e-03,1.5062867973e+00,1.0000,5.2304e-03
72.213,1.2803902242e-03,4.797962e-03,1.5062867973e+00,1.0000,4.8690e-03
72.740,1.2803985980e-03,4.827173e-03,1.5062867973e+00,1.0000,4.4867e-03
73.267,1.2804274422e-03,4.856347e-03,1.5062867973e+00,1.0000,4.0874e-03
73.794,1.2804734753e-03,4.884773e-03,1.5062867973e+00,1.0000,3.6746e-03
74.321,1.2805314879e-03,4.911814e-03,1.5062867973e+00,1.0000,3.2516e-03
74.848,1.2805984120e-03,4.936998e-03,1.5062867973e+00,1.0000,2.8234e-03
75.375,1.2806705577e-03,4.959839e-03,1.5062867973e+00,1.0000,2.3931e-03
75.902,1.2807430678e-03,4.980063e-03,1.5062867973e+00,1.0000,1.9623e-03
76.430,1.2808119240e-03,4.997246e-03,1.5062867973e+00,1.0000,1.5348e-03
76.957,1.2808736217e-03,5.011002e-03,1.5062867973e+00,1.0000,1.1143e-03
77.484,1.2809244925e-03,5.020316e-03,1.5062867973e+00,1.0000,7.0864e-04
78.011,1.2809625913e-03,5.025138e-03,1.5062867973e+00,1.0000,3.1716e-04
78.538,1.2809879007e-03,5.025705e-03,1.5062867973e+00,1.0000,6.0220e-05
79.065,1.2809996859e-03,5.022441e-03,1.5062867973e+00,1.0000,4.2372e-04
79.592,1.2809972593e-03,5.016553e-03,1.5062867973e+00,1.0000,7.8620e-04
80.119,1.2809831603e-03,5.008079e-03,1.5062867973e+00,1.0000,1.1366e-03
80.646,1.2809588795e-03,4.997512e-03,1.5062867973e+00,1.0000,1.4726e-03
81.173,1.2809257064e-03,4.985458e-03,1.5062867973e+00,1.0000,1.7925e-03
81.701,1.2808846685e-03,4.972539e-03,1.5062867973e+00,1.0000,2.0947e-03
82.228,1.2808361761e-03,4.959375e-03,1.5062867973e+00,1.0000,2.3777e-03
82.755,1.2807797042e-03,4.946550e-03,1.5062867973e+00,1.0000,2.6402e-03
83.282,1.2807142044e-03,4.934593e-03,1.5062867973e+00,1.0000,2.8810e-03
83.809,1.2806381962e-03,4.923959e-03,1.5062867973e+00,1.0000,3.0992e-03
84.336,1.2805496951e-03,4.915030e-03,1.5062867973e+00,1.0000,3.2939e-03
84.863,1.2804465100e-03,4.908105e-03,1.5062867973e+00,1.0000,3.4646e-03
85.390,1.2803266329e-03,4.903405e-03,1.5062867973e+00,1.0000,3.6108e-03
85.917,1.2801887654e-03,4.901036e-03,1.5062867973e+00,1.0000,3.7317e-03
86.444,1.2800328523e-03,4.900820e-03,1.5062867973e+00,1.0000,3.8248e-03
86.972,1.2798602447e-03,4.902649e-03,1.5062867973e+00,1.0000,3.8898e-03
87.499,1.2796733697e-03,4.906356e-03,1.5062867973e+00,1.0000,3.9273e-03
88.026,1.2794752266e-03,4.911662e-03,1.5062867973e+00,1.0000,3.9380e-03
88.553,1.2792690415e-03,4.918166e-03,1.5062867973e+00,1.0000,3.9230e-03
89.080,1.2790581104e-03,4.925361e-03,1.5062867973e+00,1.0000,3.8841e-03
89.607,1.2788456541e-03,4.932650e-03,1.5062867973e+00,1.0000,3.8232e-03
90.134,1.2786345593e-03,4.939384e-03,1.5062867973e+00,1.0000,3.7430e-03
90.661,1.2784270445e-03,4.944911e-03,1.5062867973e+00,1.0000,3.6468e-03
91.188,1.2782244146e-03,4.948625e-03,1.5062867973e+00,1.0000,3.5384e-03
91.715,1.2780270713e-03,4.950019e-03,1.5062867973e+00,1.0000,3.4221e-03
92.243,1.2778348349e-03,4.948782e-03,1.5062867973e+00,1.0000,3.3018e-03
92.770,1.2776474701e-03,4.944874e-03,1.5062867973e+00,1.0000,3.1830e-03
93.297,1.2774651926e-03,4.938362e-03,1.5062867973e+00,1.0000,3.0717e-03
93.824,1.2772889210e-03,4.929318e-03,1.5062867973e+00,1.0000,2.9695e-03
94.351,1.2771201552e-03,4.918021e-03,1.5062867973e+00,1.0000,2.8770e-03
94.878,1.2769605213e-03,4.904938e-03,1.5062867973e+00,1.0000,2.7940e-03
95.405,1.2768111557e-03,4.890980e-03,1.5062867973e+00,1.0000,2.7240e-03
95.932,1.2766721516e-03,4.877132e-03,1.5062867973e+00,1.0000,2.6682e-03
96.459,1.2765422588e-03,4.864460e-03,1.5062867973e+00,1.0000,2.6237e-03
96.986,1.2764189415e-03,4.853887e-03,1.5062867973e+00,1.0000,2.5841e-03
97.514,1.2762987923e-03,4.846431e-03,1.5062867973e+00,1.0000,2.5417e-03
98.041,1.2761782134e-03,4.842590e-03,1.5062867973e+00,1.0000,2.4875e-03
98.568,1.2760542150e-03,4.842965e-03,1.5062867973e+00,1.0000,2.4116e-03
99.095,1.2759251652e-03,4.847761e-03,1.5062867973e+00,1.0000,2.3036e-03
99.622,1.2757913458e-03,4.856565e-03,1.5062867973e+00,1.0000,2.1536e-03
100.149,1.2756552087e-03,4.868718e-03,1.5062867973e+00,1.0000,1.9559e-03
100.676,1.2755212711e-03,4.883553e-03,1.5062867973e+00,1.0000,1.7084e-03
101.203,1.2753956429e-03,4.900345e-03,1.5062867973e+00,1.0000,1.4118e-03
101.730,1.2752852476e-03,4.918641e-03,1.5062867973e+00,1.0000,1.0750e-03
102.257,1.2751969100e-03,4.938656e-03,1.5062867973e+00,1.0000,7.2173e-04
102.785,1.2751365227e-03,4.959915e-03,1.5062867973e+00,1.0000,3.6419e-04
103.312,1.2751084601e-03,4.981477e-03,1.5062867973e+00,1.0000,9.9532e-06
103.839,1.2751152481e-03,5.002241e-03,1.5062867973e+00,1.0000,3.1043e-04
104.366,1.2751563073e-03,5.021705e-03,1.5062867973e+00,1.0000,5.9619e-04
104.893,1.2752314773e-03,5.039518e-03,1.5062867973e+00,1.0000,8.5540e-04
105.420,1.2753390807e-03,5.055296e-03,1.5062867973e+00,1.0000,1.0898e-03
105.947,1.2754763012e-03,5.068127e-03,1.5062867973e+00,1.0000,1.3134e-03
106.474,1.2756433264e-03,5.075863e-03,1.5062867973e+00,1.0000,1.5044e-03
107.001,1.2758432370e-03,5.080338e-03,1.5062867973e+00,1.0000,1.6307e-03
107.528,1.2760778688e-03,5.082034e-03,1.5062867973e+00,1.0000,1.6878e-03
108.056,1.2763449756e-03,5.081526e-03,1.5062867973e+00,1.0000,1.6731e-03
108.583,1.2766391014e-03,5.079690e-03,1.5062867973e+00,1.0000,1.5858e-03
109.110,1.2769553976e-03,5.077580e-03,1.5062867973e+00,1.0000,1.4292e-03
109.637,1.2772933090e-03,5.075934e-03,1.5062867973e+00,1.0000,1.2123e-03
110.164,1.2776567920e-03,5.075457e-03,1.5062867973e+00,1.0000,9.4824e-04
110.691,1.2780505858e-03,5.076766e-03,1.5062867973e+00,1.0000,6.4876e-04
111.218,1.2784755915e-03,5.080728e-03,1.5062867973e+00,1.0000,3.2131e-04
111.745,1.2789268516e-03,5.087660e-03,1.5062867973e+00,1.0000,2.2245e-05
112.272,1.2793948809e-03,5.097147e-03,1.5062867973e+00,1.0000,3.4659e-04
112.799,1.2798684782e-03,5.108139e-03,1.5062867973e+00,1.0000,6.5285e-04
113.327,1.2803369196e-03,5.120504e-03,1.5062867973e+00,1.0000,9.6090e-04
113.854,1.2807909002e-03,5.135686e-03,1.5062867973e+00,1.0000,1.2702e-03
114.381,1.2812228906e-03,5.153386e-03,1.5062867973e+00,1.0000,1.5578e-03
114.908,1.2816272531e-03,5.173222e-03,1.5062867973e+00,1.0000,1.8175e-03
115.435,1.2820004997e-03,5.194889e-03,1.5062867973e+00,1.0000,2.0454e-03
115.962,1.2823413139e-03,5.218075e-03,1.5062867973e+00,1.0000,2.2393e-03
116.489,1.2826500832e-03,5.242479e-03,1.5062867973e+00,1.0000,2.3981e-03
117.016,1.2829282660e-03,5.267829e-03,1.5062867973e+00,1.0000,2.5217e-03
117.543,1.2831777074e-03,5.293897e-03,1.5062867973e+00,1.0000,2.6115e-03
118.070,1.2834000703e-03,5.320501e-03,1.5062867973e+00,1.0000,2.6694e-03
118.598,1.2835965629e-03,5.347390e-03,1.5062867973e+00,1.0000,2.6967e-03
119.125,1.2837678742e-03,5.374294e-03,1.5062867973e+00,1.0000,2.6946e-03
119.652,1.2839142389e-03,5.401198e-03,1.5062867973e+00,1.0000,2.6671e-03
120.179,1.2840356281e-03,5.428136e-03,1.5062867973e+00,1.0000,2.6185e-03
120.706,1.2841319553e-03,5.455176e-03,1.5062867973e+00,1.0000,2.5529e-03
121.233,1.2842032564e-03,5.482408e-03,1.5062867973e+00,1.0000,2.4740e-03
121.760,1.2842498469e-03,5.509933e-03,1.5062867973e+00,1.0000,2.3855e-03
122.287,1.2842724682e-03,5.537851e-03,1.5062867973e+00,1.0000,2.2904e-03
122.814,1.2842722939e-03,5.566259e-03,1.5062867973e+00,1.0000,2.1915e-03
123.341,1.2842510985e-03,5.595253e-03,1.5062867973e+00,1.0000,2.0912e-03
123.869,1.2842101010e-03,5.625017e-03,1.5062867973e+00,1.0000,1.9924e-03
124.396,1.2841501936e-03,5.655829e-03,1.5062867973e+00,1.0000,1.9004e-03
124.923,1.2840711453e-03,5.687672e-03,1.5062867973e+00,1.0000,1.8165e-03
125.450,1.2839720393e-03,5.720507e-03,1.5062867973e+00,1.0000,1.7412e-03
125.977,1.2838520955e-03,5.754246e-03,1.5062867973e+00,1.0000,1.6741e-03
126.504,1.2837114500e-03,5.788782e-03,1.5062867973e+00,1.0000,1.6149e-03
127.031,1.2835515910e-03,5.823975e-03,1.5062867973e+00,1.0000,1.5641e-03
127.558,1.2833751351e-03,5.859686e-03,1.5062867973e+00,1.0000,1.5224e-03
128.085,1.2831852525e-03,5.895760e-03,1.5062867973e+00,1.0000,1.4907e-03
128.612,1.2829850562e-03,5.932019e-03,1.5062867973e+00,1.0000,1.4699e-03
129.140,1.2827771357e-03,5.968262e-03,1.5062867973e+00,1.0000,1.4604e-03
129.667,1.2825633098e-03,6.004266e-03,1.5062867973e+00,1.0000,1.4630e-03
130.194,1.2823446829e-03,6.039798e-03,1.5062867973e+00,1.0000,1.4778e-03
130.721,1.2821219926e-03,6.074611e-03,1.5062867973e+00,1.0000,1.5055e-03
131.248,1.2818960812e-03,6.108430e-03,1.5062867973e+00,1.0000,1.5463e-03
131.775,1.2816682748e-03,6.140945e-03,1.5062867973e+00,1.0000,1.5999e-03
132.302,1.2814405282e-03,6.171867e-03,1.5062867973e+00,1.0000,1.6648e-03
132.829,1.2812153204e-03,6.200888e-03,1.5062867973e+00,1.0000,1.7394e-03
133.356,1.2809953554e-03,6.227714e-03,1.5062867973e+00,1.0000,1.8223e-03
133.883,1.2807831262e-03,6.252061e-03,1.5062867973e+00,1.0000,1.9120e-03
134.411,1.2805804137e-03,6.273702e-03,1.5062867973e+00,1.0000,2.0078e-03
134.938,1.2803878618e-03,6.292580e-03,1.5062867973e+00,1.0000,2.1118e-03
135.465,1.2802048010e-03,6.308522e-03,1.5062867973e+00,1.0000,2.2238e-03
135.992,1.2800294296e-03,6.321322e-03,1.5062867973e+00,1.0000,2.3416e-03
136.519,1.2798593164e-03,6.330769e-03,1.5062867973e+00,1.0000,2.4626e-03
137.046,1.2796920647e-03,6.336661e-03,1.5062867973e+00,1.0000,2.5836e-03
137.573,1.2795259323e-03,6.338816e-03,1.5062867973e+00,1.0000,2.7016e-03
138.100,1.2793602468e-03,6.337066e-03,1.5062867973e+00,1.0000,2.8133e-03
138.627,1.2791955600e-03,6.331271e-03,1.5062867973e+00,1.0000,2.9151e-03
139.154,1.2790335733e-03,6.321319e-03,1.5062867973e+00,1.0000,3.0037e-03
139.682,1.2788769068e-03,6.307132e-03,1.5062867973e+00,1.0000,3.0757e-03
140.209,1.2787288218e-03,6.288670e-03,1.5062867973e+00,1.0000,3.1275e-03
140.736,1.2785929949e-03,6.265937e-03,1.5062867973e+00,1.0000,3.1560e-03
141.263,1.2784733310e-03,6.238981e-03,1.5062867973e+00,1.0000,3.1583e-03
141.790,1.2783737083e-03,6.207898e-03,1.5062867973e+00,1.0000,3.1316e-03
142.317,1.2782975951e-03,6.172830e-03,1.5062867973e+00,1.0000,3.0737e-03
142.844,1.2782476079e-03,6.133968e-03,1.5062867973e+00,1.0000,2.9829e-03
143.371,1.2782251133e-03,6.091553e-03,1.5062867973e+00,1.0000,2.8578e-03
143.898,1.2782300393e-03,6.045872e-03,1.5062867973e+00,1.0000,2.6979e-03
144.425,1.2782600326e-03,5.997264e-03,1.5062867973e+00,1.0000,2.5034e-03
144.953,1.2783119697e-03,5.946117e-03,1.5062867973e+00,1.0000,2.2750e-03
145.480,1.2783804128e-03,5.892872e-03,1.5062867973e+00,1.0000,2.0144e-03
146.007,1.2784592589e-03,5.838020e-03,1.5062867973e+00,1.0000,1.7238e-03
146.534,1.2785423110e-03,5.782104e-03,1.5062867973e+00,1.0000,1.4061e-03
147.061,1.2786234125e-03,5.725723e-03,1.5062867973e+00,1.0000,1.0646e-03
147.588,1.2786978732e-03,5.669552e-03,1.5062867973e+00,1.0000,7.0308e-04
148.115,1.2787623458e-03,5.614322e-03,1.5062867973e+00,1.0000,3.2544e-04
148.642,1.2788153280e-03,5.560893e-03,1.5062867973e+00,1.0000,6.3559e-05
149.169,1.2788573422e-03,5.510134e-03,1.5062867973e+00,1.0000,4.2308e-04
149.696,1.2788904025e-03,5.463216e-03,1.5062867973e+00,1.0000,7.6918e-04
150.224,1.2789177104e-03,5.421070e-03,1.5062867973e+00,1.0000,1.1150e-03
150.751,1.2789431813e-03,5.384473e-03,1.5062867973e+00,1.0000,1.4598e-03
151.278,1.2789708627e-03,5.354213e-03,1.5062867973e+00,1.0000,1.8035e-03
151.805,1.2790043703e-03,5.331240e-03,1.5062867973e+00,1.0000,2.1613e-03
152.332,1.2790464606e-03,5.316293e-03,1.5062867973e+00,1.0000,2.5437e-03
152.859,1.2790987698e-03,5.309920e-03,1.5062867973e+00,1.0000,2.9484e-03
153.386,1.2791616701e-03,5.311988e-03,1.5062867973e+00,1.0000,3.3692e-03
153.913,1.2792342257e-03,5.322442e-03,1.5062867973e+00,1.0000,3.7821e-03
154.440,1.2793142976e-03,5.342023e-03,1.5062867973e+00,1.0000,4.1808e-03
154.967,1.2793988288e-03,5.371761e-03,1.5062867973e+00,1.0000,1.9631e-02
155.495,1.2794842505e-03,5.410831e-03,1.5062867973e+00,1.0000,1.7777e-02
156.022,1.2795669231e-03,5.458680e-03,1.5062867973e+00,1.0000,1.6009e-02
156.549,1.2796435388e-03,5.515019e-03,1.5062867973e+00,1.0000,1.4400e-02
157.076,1.2797114352e-03,5.579381e-03,1.5062867973e+00,1.0000,1.2990e-02
157.603,1.2797687911e-03,5.651464e-03,1.5062867973e+00,1.0000,1.1809e-02
158.130,1.2798146914e-03,5.730890e-03,1.5062867973e+00,1.0000,1.0860e-02
158.657,1.2798490633e-03,5.816861e-03,1.5062867973e+00,1.0000,9.9670e-03
159.184,1.2798725161e-03,5.908825e-03,1.5062867973e+00,1.0000,9.0601e-03
159.711,1.2798861362e-03,6.005909e-03,1.5062867973e+00,1.0000,8.1389e-03
160.238,1.2798912893e-03,6.106999e-03,1.5062867973e+00,1.0000,7.1983e-03
160.766,1.2798893285e-03,6.210840e-03,1.5062867973e+00,1.0000,6.2503e-03
161.293,1.2798818566e-03,6.315937e-03,1.5062867973e+00,1.0000,5.5218e-03
161.820,1.2798701378e-03,6.421380e-03,1.5062867973e+00,1.0000,5.2485e-03
162.347,1.2798545487e-03,6.525909e-03,1.5062867973e+00,1.0000,4.9721e-03
162.874,1.2798361659e-03,6.628040e-03,1.5062867973e+00,1.0000,4.6871e-03
163.401,1.2798146164e-03,6.726394e-03,1.5062867973e+00,1.0000,4.3897e-03
163.928,1.2797895773e-03,6.819704e-03,1.5062867973e+00,1.0000,4.0770e-03
164.455,1.2797598938e-03,6.906841e-03,1.5062867973e+00,1.0000,3.7463e-03
164.982,1.2797240118e-03,6.986868e-03,1.5062867973e+00,1.0000,3.3941e-03
165.509,1.2796801108e-03,7.058882e-03,1.5062867973e+00,1.0000,3.0223e-03
166.037,1.2796266253e-03,7.122066e-03,1.5062867973e+00,1.0000,2.6355e-03
166.564,1.2795626859e-03,7.175791e-03,1.5062867973e+00,1.0000,2.2341e-03
167.091,1.2794881606e-03,7.219816e-03,1.5062867973e+00,1.0000,1.8165e-03
167.618,1.2794032856e-03,7.254133e-03,1.5062867973e+00,1.0000,2.1991e-03
168.145,1.2793085501e-03,7.278296e-03,1.5062867973e+00,1.0000,2.7128e-03
168.672,1.2792051016e-03,7.291580e-03,1.5062867973e+00,1.0000,3.2499e-03
169.199,1.2790950515e-03,7.293968e-03,1.5062867973e+00,1.0000,3.8071e-03
169.726,1.2789811795e-03,7.285570e-03,1.5062867973e+00,1.0000,4.3827e-03
170.253,1.2788663494e-03,7.266601e-03,1.5062867973e+00,1.0000,4.9757e-03
170.780,1.2787531930e-03,7.237402e-03,1.5062867973e+00,1.0000,5.5852e-03
171.308,1.2786441456e-03,7.198419e-03,1.5062867973e+00,1.0000,6.2106e-03
171.835,1.2785415562e-03,7.150197e-03,1.5062867973e+00,1.0000,6.8511e-03
172.362,1.2784476723e-03,7.093383e-03,1.5062867973e+00,1.0000,7.5056e-03
172.889,1.2783645437e-03,7.028716e-03,1.5062867973e+00,1.0000,8.1730e-03
173.416,1.2782939683e-03,6.957017e-03,1.5062867973e+00,1.0000,8.8522e-03
173.943,1.2782374621e-03,6.879187e-03,1.5062867973e+00,1.0000,9.5415e-03
174.470,1.2781960713e-03,6.796191e-03,1.5062867973e+00,1.0000,1.0240e-02
174.997,1.2781700065e-03,6.709085e-03,1.5062867973e+00,1.0000,1.0945e-02
175.524,1.2781583953e-03,6.619300e-03,1.5062867973e+00,1.0000,1.1664e-02
176.051,1.2781595907e-03,6.528108e-03,1.5062867973e+00,1.0000,1.2398e-02
176.579,1.2781711823e-03,6.436665e-03,1.5062867973e+00,1.0000,1.3147e-02
177.106,1.2781909417e-03,6.346077e-03,1.5062867973e+00,1.0000,1.3910e-02
177.633,1.2782170017e-03,6.257383e-03,1.5062867973e+00,1.0000,1.4683e-02
178.160,1.2782467747e-03,6.171540e-03,1.5062867973e+00,1.0000,1.5465e-02
178.687,1.2782780764e-03,6.089409e-03,1.5062867973e+00,1.0000,1.6251e-02
179.214,1.2783082689e-03,6.011740e-03,1.5062867973e+00,1.0000,1.7038e-02
179.741,1.2783352246e-03,5.939171e-03,1.5062867973e+00,1.0000,1.7824e-02
180.268,1.2783572417e-03,5.872220e-03,1.5062867973e+00,1.0000,1.8605e-02
180.795,1.2783738193e-03,5.811290e-03,1.5062867973e+00,1.0000,1.9380e-02
181.322,1.2783853313e-03,5.756674e-03,1.5062867973e+00,1.0000,2.0149e-02
181.850,1.2783928591e-03,5.708738e-03,1.5062867973e+00,1.0000,2.0917e-02
182.377,1.2783978902e-03,5.668502e-03,1.5062867973e+00,1.0000,2.1707e-02
182.904,1.2784019766e-03,5.636261e-03,1.5062867973e+00,1.0000,2.2540e-02
183.431,1.2784064806e-03,5.612062e-03,1.5062867973e+00,1.0000,2.3443e-02
183.958,1.2784124299e-03,5.595810e-03,1.5062867973e+00,1.0000,2.4449e-02
184.485,1.2784204687e-03,5.587282e-03,1.5062867973e+00,1.0000,2.5617e-02
185.012,1.2784308973e-03,5.586052e-03,1.5062867973e+00,1.0000,2.7272e-02
185.539,1.2784437885e-03,5.591431e-03,1.5062867973e+00,1.0000,2.9413e-02
186.066,1.2784591304e-03,5.602742e-03,1.5062867973e+00,1.0000,3.1727e-02
186.593,1.2784769376e-03,5.619658e-03,1.5062867973e+00,1.0000,3.4150e-02
187.121,1.2784972992e-03,5.641837e-03,1.5062867973e+00,1.0000,3.6687e-02
187.648,1.2785203529e-03,5.668911e-03,1.5062867973e+00,1.0000,3.9429e-02
188.175,1.2785462059e-03,5.700501e-03,1.5062867973e+00,1.0000,4.2309e-02
188.702,1.2785748328e-03,5.735569e-03,1.5062867973e+00,1.0000,4.5261e-02
189.229,1.2786059862e-03,5.773432e-03,1.5062867973e+00,1.0000,4.8228e-02
189.756,1.2786391462e-03,5.813850e-03,1.5062867973e+00,1.0000,5.1165e-02
190.283,1.2786735213e-03,5.856630e-03,1.5062867973e+00,1.0000,5.4032e-02
190.810,1.2787080995e-03,5.901570e-03,1.5062867973e+00,1.0000,5.5646e-02
191.337,1.2787417541e-03,5.948347e-03,1.5062867973e+00,1.0000,4.9724e-02
191.864,1.2787734012e-03,5.997453e-03,1.5062867973e+00,1.0000,3.8146e-02
192.392,1.2788021889e-03,6.049007e-03,1.5062867973e+00,1.0000,2.6939e-02
192.919,1.2788276617e-03,6.102890e-03,1.5062867973e+00,1.0000,1.8632e-02
193.446,1.2788498529e-03,6.158943e-03,1.5062867973e+00,1.0000,1.3008e-02
193.973,1.2788693358e-03,6.216951e-03,1.5062867973e+00,1.0000,9.3276e-03
194.500,1.2788873622e-03,6.276646e-03,1.5062867973e+00,1.0000,7.0076e-03
195.027,1.2789061161e-03,6.337729e-03,1.5062867973e+00,1.0000,5.6012e-03
195.554,1.2789288404e-03,6.399857e-03,1.5062867973e+00,1.0000,4.7938e-03
196.081,1.2789595271e-03,6.462660e-03,1.5062867973e+00,1.0000,4.3669e-03
196.608,1.2790022678e-03,6.525754e-03,1.5062867973e+00,1.0000,4.1635e-03
197.135,1.2790608140e-03,6.588754e-03,1.5062867973e+00,1.0000,4.1245e-03
197.663,1.2791387471e-03,6.651264e-03,1.5062867973e+00,1.0000,4.1656e-03
198.190,1.2792399069e-03,6.712884e-03,1.5062867973e+00,1.0000,4.2243e-03
198.717,1.2793682462e-03,6.773225e-03,1.5062867973e+00,1.0000,4.2608e-03
199.244,1.2795267086e-03,6.831902e-03,1.5062867973e+00,1.0000,4.2728e-03
199.771,1.2797156611e-03,6.888513e-03,1.5062867973e+00,1.0000,4.2803e-03
200.298,1.2799319004e-03,6.942651e-03,1.5062867973e+00,1.0000,4.2934e-03
200.825,1.2801688219e-03,6.993918e-03,1.5062867973e+00,1.0000,4.3159e-03
201.352,1.2804175073e-03,7.042058e-03,1.5062867973e+00,1.0000,4.3491e-03
201.879,1.2806680366e-03,7.087001e-03,1.5062867973e+00,1.0000,4.3984e-03
202.406,1.2809105197e-03,7.128082e-03,1.5062867973e+00,1.0000,4.4642e-03
202.934,1.2811358172e-03,7.164986e-03,1.5062867973e+00,1.0000,4.5410e-03
203.461,1.2813361909e-03,7.197458e-03,1.5062867973e+00,1.0000,4.6238e-03
203.988,1.2815060327e-03,7.225326e-03,1.5062867973e+00,1.0000,4.7088e-03
204.515,1.2816425855e-03,7.248581e-03,1.5062867973e+00,1.0000,4.7937e-03
205.042,1.2817464208e-03,7.267174e-03,1.5062867973e+00,1.0000,4.8789e-03
205.569,1.2818214835e-03,7.281079e-03,1.5062867973e+00,1.0000,4.9665e-03
206.096,1.2818746575e-03,7.290275e-03,1.5062867973e+00,1.0000,5.0581e-03
206.623,1.2819149436e-03,7.294782e-03,1.5062867973e+00,1.0000,5.1543e-03
207.150,1.2819524079e-03,7.294684e-03,1.5062867973e+00,1.0000,5.2555e-03
207.677,1.2819970655e-03,7.290091e-03,1.5062867973e+00,1.0000,5.3617e-03
208.205,1.2820578433e-03,7.281152e-03,1.5062867973e+00,1.0000,5.4729e-03
208.732,1.2821417327e-03,7.268044e-03,1.5062867973e+00,1.0000,5.5888e-03
209.259,1.2822532088e-03,7.250969e-03,1.5062867973e+00,1.0000,5.7091e-03
209.786,1.2823939528e-03,7.230158e-03,1.5062867973e+00,1.0000,5.8332e-03
210.313,1.2825628751e-03,7.205853e-03,1.5062867973e+00,1.0000,5.9607e-03
210.840,1.2827563822e-03,7.178317e-03,1.5062867973e+00,1.0000,6.0910e-03
211.367,1.2829688505e-03,7.147818e-03,1.5062867973e+00,1.0000,6.2236e-03
211.894,1.2831932011e-03,7.114629e-03,1.5062867973e+00,1.0000,6.3575e-03
212.421,1.2834214930e-03,7.079025e-03,1.5062867973e+00,1.0000,6.4922e-03
212.948,1.2836455069e-03,7.041282e-03,1.5062867973e+00,1.0000,6.6266e-03
213.476,1.2838572021e-03,7.001674e-03,1.5062867973e+00,1.0000,6.7600e-03
214.003,1.2840491367e-03,6.960475e-03,1.5062867973e+00,1.0000,6.8911e-03
214.530,1.2842146899e-03,6.917960e-03,1.5062867973e+00,1.0000,7.0191e-03
215.057,1.2843481250e-03,6.874409e-03,1.5062867973e+00,1.0000,7.1427e-03
215.584,1.2844444707e-03,6.830108e-03,1.5062867973e+00,1.0000,7.2608e-03
216.111,1.2844997773e-03,6.785355e-03,1.5062867973e+00,1.0000,7.3722e-03
216.638,1.2845109399e-03,6.740461e-03,1.5062867973e+00,1.0000,7.4757e-03
217.165,1.2844751581e-03,6.695752e-03,1.5062867973e+00,1.0000,7.5700e-03
217.692,1.2843910080e-03,6.651568e-03,1.5062867973e+00,1.0000,7.6538e-03
218.219,1.2842593076e-03,6.608262e-03,1.5062867973e+00,1.0000,7.7260e-03
218.747,1.2840827142e-03,6.566198e-03,1.5062867973e+00,1.0000,7.7851e-03
219.274,1.2838629676e-03,6.525743e-03,1.5062867973e+00,1.0000,7.8298e-03
219.801,1.2835979129e-03,6.487266e-03,1.5062867973e+00,1.0000,7.8585e-03
220.328,1.2832869754e-03,6.451130e-03,1.5062867973e+00,1.0000,7.8698e-03
220.855,1.2829374490e-03,6.417684e-03,1.5062867973e+00,1.0000,7.8620e-03
221.382,1.2825621595e-03,6.387255e-03,1.5062867973e+00,1.0000,7.8333e-03
221.909,1.2821729996e-03,6.360143e-03,1.5062867973e+00,1.0000,7.7820e-03
222.436,1.2817782600e-03,6.336606e-03,1.5062867973e+00,1.0000,7.7062e-03
222.963,1.2813840501e-03,6.316854e-03,1.5062867973e+00,1.0000,7.6042e-03
223.490,1.2809956349e-03,6.301042e-03,1.5062867973e+00,1.0000,7.4743e-03
224.018,1.2806169018e-03,6.289260e-03,1.5062867973e+00,1.0000,7.3151e-03
224.545,1.2802493788e-03,6.281531e-03,1.5062867973e+00,1.0000,7.1257e-03
225.072,1.2798923698e-03,6.277809e-03,1.5062867973e+00,1.0000,6.9056e-03
225.599,1.2795441170e-03,6.277981e-03,1.5062867973e+00,1.0000,6.6550e-03
226.126,1.2792029212e-03,6.281872e-03,1.5062867973e+00,1.0000,6.3750e-03
226.653,1.2788675199e-03,6.289254e-03,1.5062867973e+00,1.0000,6.0677e-03
227.180,1.2785368855e-03,6.299857e-03,1.5062867973e+00,1.0000,5.7359e-03
227.707,1.2782100244e-03,6.313399e-03,1.5062867973e+00,1.0000,5.3836e-03
228.234,1.2778861687e-03,6.329490e-03,1.5062867973e+00,1.0000,5.0157e-03
228.761,1.2775653138e-03,6.347755e-03,1.5062867973e+00,1.0000,4.6375e-03
229.289,1.2772487825e-03,6.367853e-03,1.5062867973e+00,1.0000,4.2544e-03
229.816,1.2769395027e-03,6.389373e-03,1.5062867973e+00,1.0000,3.8726e-03
230.343,1.2766418670e-03,6.411788e-03,1.5062867973e+00,1.0000,3.4972e-03
230.870,1.2763612312e-03,6.434744e-03,1.5062867973e+00,1.0000,3.1323e-03
231.397,1.2761032122e-03,6.457940e-03,1.5062867973e+00,1.0000,2.7830e-03
231.924,1.2758729534e-03,6.481103e-03,1.5062867973e+00,1.0000,2.5113e-03
232.451,1.2756744879e-03,6.503997e-03,1.5062867973e+00,1.0000,2.5759e-03
232.978,1.2755102744e-03,6.526419e-03,1.5062867973e+00,1.0000,2.6254e-03
233.505,1.2753809392e-03,6.548201e-03,1.5062867973e+00,1.0000,2.6598e-03
234.032,1.2752852363e-03,6.569209e-03,1.5062867973e+00,1.0000,2.6794e-03
234.560,1.2752202330e-03,6.589345e-03,1.5062867973e+00,1.0000,2.6850e-03
235.087,1.2751817357e-03,6.608542e-03,1.5062867973e+00,1.0000,2.6777e-03
235.614,1.2751649381e-03,6.626772e-03,1.5062867973e+00,1.0000,2.6585e-03
236.141,1.2751650948e-03,6.644036e-03,1.5062867973e+00,1.0000,2.6291e-03
236.668,1.2751787320e-03,6.660372e-03,1.5062867973e+00,1.0000,2.5908e-03
237.195,1.2752025571e-03,6.675850e-03,1.5062867973e+00,1.0000,2.5453e-03
237.722,1.2752357514e-03,6.690570e-03,1.5062867973e+00,1.0000,2.4940e-03
238.249,1.2752774463e-03,6.704639e-03,1.5062867973e+00,1.0000,2.4385e-03
238.776,1.2753285449e-03,6.718033e-03,1.5062867973e+00,1.0000,2.3820e-03
239.303,1.2753908207e-03,6.730955e-03,1.5062867973e+00,1.0000,2.3250e-03
239.831,1.2754676325e-03,6.743677e-03,1.5062867973e+00,1.0000,2.2673e-03
240.358,1.2755636248e-03,6.756467e-03,1.5062867973e+00,1.0000,2.2096e-03
240.885,1.2756840467e-03,6.769592e-03,1.5062867973e+00,1.0000,2.1522e-03
241.412,1.2758332880e-03,6.783326e-03,1.5062867973e+00,1.0000,2.0958e-03
241.939,1.2760132939e-03,6.797952e-03,1.5062867973e+00,1.0000,2.0407e-03
242.466,1.2762227561e-03,6.813769e-03,1.5062867973e+00,1.0000,1.9870e-03
242.993,1.2764577720e-03,6.831041e-03,1.5062867973e+00,1.0000,1.9353e-03
243.520,1.2767137631e-03,6.849995e-03,1.5062867973e+00,1.0000,1.8860e-03
244.047,1.2769874103e-03,6.870807e-03,1.5062867973e+00,1.0000,1.9371e-03
244.574,1.2772772333e-03,6.893589e-03,1.5062867973e+00,1.0000,1.9929e-03
245.102,1.2775824913e-03,6.918384e-03,1.5062867973e+00,1.0000,2.0413e-03
245.629,1.2779014126e-03,6.945150e-03,1.5062867973e+00,1.0000,2.0817e-03
246.156,1.2782301658e-03,6.973763e-03,1.5062867973e+00,1.0000,2.1138e-03
246.683,1.2785631850e-03,7.004060e-03,1.5062867973e+00,1.0000,2.1372e-03
247.210,1.2788942806e-03,7.035795e-03,1.5062867973e+00,1.0000,2.1518e-03
247.737,1.2792175540e-03,7.068644e-03,1.5062867973e+00,1.0000,2.1573e-03
248.264,1.2795277507e-03,7.102188e-03,1.5062867973e+00,1.0000,2.1534e-03
248.791,1.2798203836e-03,7.135995e-03,1.5062867973e+00,1.0000,2.1402e-03
249.318,1.2800918724e-03,7.169635e-03,1.5062867973e+00,1.0000,2.1182e-03
249.845,1.2803395353e-03,7.202730e-03,1.5062867973e+00,1.0000,2.0879e-03
250.373,1.2805613437e-03,7.234847e-03,1.5062867973e+00,1.0000,2.0507e-03
250.900,1.2807557297e-03,7.265423e-03,1.5062867973e+00,1.0000,2.0082e-03
251.427,1.2809217038e-03,7.293948e-03,1.5062867973e+00,1.0000,1.9606e-03
251.954,1.2810591202e-03,7.320101e-03,1.5062867973e+00,1.0000,1.9088e-03
252.481,1.2811686611e-03,7.343661e-03,1.5062867973e+00,1.0000,1.8547e-03
253.008,1.2812513157e-03,7.364505e-03,1.5062867973e+00,1.0000,1.8013e-03
253.535,1.2813076970e-03,7.382614e-03,1.5062867973e+00,1.0000,1.7525e-03
254.062,1.2813379496e-03,7.398061e-03,1.5062867973e+00,1.0000,1.7129e-03
254.589,1.2813426129e-03,7.410999e-03,1.5062867973e+00,1.0000,1.6872e-03
255.116,1.2813234435e-03,7.421650e-03,1.5062867973e+00,1.0000,1.6801e-03
255.644,1.2812840748e-03,7.430277e-03,1.5062867973e+00,1.0000,1.6957e-03
256.171,1.2812282355e-03,7.437171e-03,1.5062867973e+00,1.0000,1.7378e-03
256.698,1.2811593382e-03,7.442627e-03,1.5062867973e+00,1.0000,1.8090e-03
257.225,1.2810797493e-03,7.446928e-03,1.5062867973e+00,1.0000,1.9109e-03
257.752,1.2809915375e-03,7.450330e-03,1.5062867973e+00,1.0000,2.0440e-03
258.279,1.2808968876e-03,7.453043e-03,1.5062867973e+00,1.0000,2.2077e-03
258.806,1.2807982234e-03,7.455232e-03,1.5062867973e+00,1.0000,2.4007e-03
259.333,1.2806977934e-03,7.456997e-03,1.5062867973e+00,1.0000,2.6203e-03
259.860,1.2805972787e-03,7.458275e-03,1.5062867973e+00,1.0000,2.8633e-03
260.387,1.2804977146e-03,7.458959e-03,1.5062867973e+00,1.0000,3.1248e-03
260.915,1.2803997332e-03,7.459077e-03,1.5062867973e+00,1.0000,3.4005e-03
261.442,1.2803038829e-03,7.458643e-03,1.5062867973e+00,1.0000,3.6864e-03
261.969,1.2802108114e-03,7.457646e-03,1.5062867973e+00,1.0000,3.9796e-03
262.496,1.2801212666e-03,7.456078e-03,1.5062867973e+00,1.0000,4.2775e-03
263.023,1.2800359703e-03,7.453906e-03,1.5062867973e+00,1.0000,4.5785e-03
263.550,1.2799554460e-03,7.451103e-03,1.5062867973e+00,1.0000,4.8815e-03
264.077,1.2798798861e-03,7.447656e-03,1.5062867973e+00,1.0000,5.1860e-03
264.604,1.2798091326e-03,7.443510e-03,1.5062867973e+00,1.0000,5.4920e-03
265.131,1.2797427890e-03,7.438662e-03,1.5062867973e+00,1.0000,5.8002e-03
265.658,1.2796804087e-03,7.433119e-03,1.5062867973e+00,1.0000,6.1116e-03
266.186,1.2796216708e-03,7.426908e-03,1.5062867973e+00,1.0000,6.4274e-03
266.713,1.2795664739e-03,7.420080e-03,1.5062867973e+00,1.0000,6.7492e-03
267.240,1.2795149290e-03,7.412703e-03,1.5062867973e+00,1.0000,7.0788e-03
267.767,1.2794672728e-03,7.404857e-03,1.5062867973e+00,1.0000,7.4181e-03
268.294,1.2794237518e-03,7.396622e-03,1.5062867973e+00,1.0000,7.7689e-03
268.821,1.2793845326e-03,7.388086e-03,1.5062867973e+00,1.0000,8.1332e-03
269.348,1.2793496749e-03,7.379331e-03,1.5062867973e+00,1.0000,8.5123e-03
269.875,1.2793191672e-03,7.370432e-03,1.5062867973e+00,1.0000,8.9073e-03
270.402,1.2792930009e-03,7.361455e-03,1.5062867973e+00,1.0000,9.3189e-03
270.929,1.2792712554e-03,7.352450e-03,1.5062867973e+00,1.0000,9.7470e-03
271.457,1.2792541680e-03,7.343452e-03,1.5062867973e+00,1.0000,1.0191e-02
271.984,1.2792421686e-03,7.334480e-03,1.5062867973e+00,1.0000,1.0651e-02
272.511,1.2792354400e-03,7.325534e-03,1.5062867973e+00,1.0000,1.1123e-02
273.038,1.2792363379e-03,7.316597e-03,1.5062867973e+00,1.0000,1.1606e-02
273.565,1.2792432876e-03,7.307644e-03,1.5062867973e+00,1.0000,1.2097e-02
274.092,1.2792584788e-03,7.298635e-03,1.5062867973e+00,1.0000,1.2592e-02
274.619,1.2792821021e-03,7.289527e-03,1.5062867973e+00,1.0000,1.3087e-02
275.146,1.2793141737e-03,7.280293e-03,1.5062867973e+00,1.0000,1.3576e-02
275.673,1.2793546057e-03,7.271213e-03,1.5062867973e+00,1.0000,1.4062e-02
276.200,1.2794027652e-03,7.262336e-03,1.5062867973e+00,1.0000,1.4542e-02
276.728,1.2794577462e-03,7.253525e-03,1.5062867973e+00,1.0000,1.5008e-02
277.255,1.2795183439e-03,7.244584e-03,1.5062867973e+00,1.0000,1.5450e-02
277.782,1.2795832925e-03,7.235275e-03,1.5062867973e+00,1.0000,1.5854e-02
278.309,1.2796514180e-03,7.225340e-03,1.5062867973e+00,1.0000,1.6203e-02
278.836,1.2797218164e-03,7.214527e-03,1.5062867973e+00,1.0000,1.6474e-02
279.363,1.2797939712e-03,7.202696e-03,1.5062867973e+00,1.0000,1.6644e-02
279.890,1.2798677842e-03,7.190415e-03,1.5062867973e+00,1.0000,1.6701e-02
280.417,1.2799435043e-03,7.177948e-03,1.5062867973e+00,1.0000,1.6629e-02
280.944,1.2800215768e-03,7.165467e-03,1.5062867973e+00,1.0000,1.6404e-02
281.471,1.2801024490e-03,7.153175e-03,1.5062867973e+00,1.0000,1.6002e-02
281.999,1.2801863749e-03,7.141312e-03,1.5062867973e+00,1.0000,1.5395e-02
282.526,1.2802732566e-03,7.130151e-03,1.5062867973e+00,1.0000,1.4561e-02
283.053,1.2803625775e-03,7.120001e-03,1.5062867973e+00,1.0000,1.3483e-02
283.580,1.2804534728e-03,7.111198e-03,1.5062867973e+00,1.0000,1.2159e-02
284.107,1.2805449319e-03,7.103961e-03,1.5062867973e+00,1.0000,1.0660e-02
284.634,1.2806360349e-03,7.098067e-03,1.5062867973e+00,1.0000,9.0414e-03
285.161,1.2807260995e-03,7.093810e-03,1.5062867973e+00,1.0000,7.2632e-03
285.688,1.2808146830e-03,7.091627e-03,1.5062867973e+00,1.0000,5.3362e-03
286.215,1.2809014716e-03,7.092016e-03,1.5062867973e+00,1.0000,4.6527e-03
286.742,1.2809861156e-03,7.095516e-03,1.5062867973e+00,1.0000,5.1289e-03
287.270,1.2810680516e-03,7.102677e-03,1.5062867973e+00,1.0000,5.5594e-03
287.797,1.2811463530e-03,7.113958e-03,1.5062867973e+00,1.0000,5.9460e-03
288.324,1.2812196870e-03,7.130071e-03,1.5062867973e+00,1.0000,6.2748e-03
288.851,1.2812864488e-03,7.151631e-03,1.5062867973e+00,1.0000,6.5437e-03
289.378,1.2813450590e-03,7.178902e-03,1.5062867973e+00,1.0000,6.7564e-03
289.905,1.2813943049e-03,7.212066e-03,1.5062867973e+00,1.0000,6.9133e-03
290.432,1.2814335811e-03,7.251122e-03,1.5062867973e+00,1.0000,7.0193e-03
290.959,1.2814629358e-03,7.295919e-03,1.5062867973e+00,1.0000,7.2179e-03
291.486,1.2814829154e-03,7.346372e-03,1.5062867973e+00,1.0000,7.6144e-03
292.013,1.2814942861e-03,7.401671e-03,1.5062867973e+00,1.0000,7.8877e-03
292.541,1.2814979255e-03,7.460787e-03,1.5062867973e+00,1.0000,8.0219e-03
293.068,1.2814934116e-03,7.522971e-03,1.5062867973e+00,1.0000,8.0317e-03
293.595,1.2814840686e-03,7.587527e-03,1.5062867973e+00,1.0000,7.9396e-03
294.122,1.2814681362e-03,7.653560e-03,1.5062867973e+00,1.0000,7.7644e-03
294.649,1.2814483821e-03,7.720149e-03,1.5062867973e+00,1.0000,7.5226e-03
295.176,1.2814259094e-03,7.786376e-03,1.5062867973e+00,1.0000,7.2276e-03
295.703,1.2814017476e-03,7.851414e-03,1.5062867973e+00,1.0000,6.8875e-03
296.230,1.2813764017e-03,7.914407e-03,1.5062867973e+00,1.0000,6.5055e-03
296.757,1.2813497362e-03,7.974582e-03,1.5062867973e+00,1.0000,6.0907e-03
297.284,1.2813212388e-03,8.031204e-03,1.5062867973e+00,1.0000,5.6501e-03
297.812,1.2812900317e-03,8.083588e-03,1.5062867973e+00,1.0000,5.1893e-03
298.339,1.2812549847e-03,8.131107e-03,1.5062867973e+00,1.0000,4.7124e-03
298.866,1.2812147937e-03,8.173219e-03,1.5062867973e+00,1.0000,4.2672e-03
299.393,1.2811682463e-03,8.209479e-03,1.5062867973e+00,1.0000,3.8525e-03
299.920,1.2811146118e-03,8.239438e-03,1.5062867973e+00,1.0000,3.4332e-03
300.447,1.2810539583e-03,8.262984e-03,1.5062867973e+00,1.0000,3.0077e-03
300.974,1.2809872206e-03,8.279971e-03,1.5062867973e+00,1.0000,2.5775e-03
301.501,1.2809160207e-03,8.290276e-03,1.5062867973e+00,1.0000,2.1452e-03
302.028,1.2808423561e-03,8.293730e-03,1.5062867973e+00,1.0000,1.7123e-03
302.555,1.2807682856e-03,8.289781e-03,1.5062867973e+00,1.0000,1.2871e-03
303.083,1.2806956851e-03,8.278593e-03,1.5062867973e+00,1.0000,8.6820e-04
303.610,1.2806260691e-03,8.260383e-03,1.5062867973e+00,1.0000,5.7721e-04
304.137,1.2805604398e-03,8.235380e-03,1.5062867973e+00,1.0000,1.0901e-03
304.664,1.2804991604e-03,8.204001e-03,1.5062867973e+00,1.0000,1.6077e-03
305.191,1.2804418816e-03,8.166754e-03,1.5062867973e+00,1.0000,2.1281e-03
305.718,1.2803875315e-03,8.124226e-03,1.5062867973e+00,1.0000,2.6493e-03
306.245,1.2803343637e-03,8.077076e-03,1.5062867973e+00,1.0000,3.1689e-03
306.772,1.2802801119e-03,8.026022e-03,1.5062867973e+00,1.0000,3.6846e-03
307.299,1.2802223260e-03,7.972020e-03,1.5062867973e+00,1.0000,4.1966e-03
307.826,1.2801588314e-03,7.916340e-03,1.5062867973e+00,1.0000,4.7104e-03
308.354,1.2800880564e-03,7.859893e-03,1.5062867973e+00,1.0000,5.2249e-03
308.881,1.2800090070e-03,7.803122e-03,1.5062867973e+00,1.0000,5.7356e-03
309.408,1.2799209671e-03,7.746644e-03,1.5062867973e+00,1.0000,6.2351e-03
309.935,1.2798232676e-03,7.691194e-03,1.5062867973e+00,1.0000,6.7152e-03
310.462,1.2797153912e-03,7.637444e-03,1.5062867973e+00,1.0000,7.1682e-03
310.989,1.2795973229e-03,7.585991e-03,1.5062867973e+00,1.0000,7.5861e-03
311.516,1.2794698120e-03,7.537345e-03,1.5062867973e+00,1.0000,7.9614e-03
312.043,1.2793342988e-03,7.491924e-03,1.5062867973e+00,1.0000,8.2867e-03
312.570,1.2791925648e-03,7.450052e-03,1.5062867973e+00,1.0000,8.5552e-03
313.097,1.2790463576e-03,7.411959e-03,1.5062867973e+00,1.0000,8.7604e-03
313.625,1.2788971963e-03,7.377781e-03,1.5062867973e+00,1.0000,8.8969e-03
314.152,1.2787463646e-03,7.347572e-03,1.5062867973e+00,1.0000,8.9604e-03
314.679,1.2785949605e-03,7.321306e-03,1.5062867973e+00,1.0000,8.9476e-03
315.206,1.2784438818e-03,7.298896e-03,1.5062867973e+00,1.0000,8.8570e-03
315.733,1.2782937260e-03,7.280204e-03,1.5062867973e+00,1.0000,8.6888e-03
316.260,1.2781446751e-03,7.264936e-03,1.5062867973e+00,1.0000,8.4445e-03
316.787,1.2779964512e-03,7.252270e-03,1.5062867973e+00,1.0000,8.1262e-03
317.314,1.2778483937e-03,7.242888e-03,1.5062867973e+00,1.0000,7.7557e-03
317.841,1.2776996539e-03,7.236925e-03,1.5062867973e+00,1.0000,7.3455e-03
318.368,1.2775494599e-03,7.234259e-03,1.5062867973e+00,1.0000,6.9034e-03
318.896,1.2773973947e-03,7.234730e-03,1.5062867973e+00,1.0000,6.4369e-03
319.423,1.2772436218e-03,7.238150e-03,1.5062867973e+00,1.0000,5.9532e-03
319.950,1.2770890093e-03,7.244045e-03,1.5062867973e+00,1.0000,5.4581e-03
320.477,1.2769351177e-03,7.251953e-03,1.5062867973e+00,1.0000,4.9543e-03
321.004,1.2767840469e-03,7.261609e-03,1.5062867973e+00,1.0000,4.4456e-03
321.531,1.2766381646e-03,7.272854e-03,1.5062867973e+00,1.0000,3.9365e-03
322.058,1.2764997699e-03,7.285546e-03,1.5062867973e+00,1.0000,3.4326e-03
322.585,1.2763707624e-03,7.299551e-03,1.5062867973e+00,1.0000,2.9399e-03
323.112,1.2762523880e-03,7.314739e-03,1.5062867973e+00,1.0000,2.4646e-03
323.639,1.2761451235e-03,7.330999e-03,1.5062867973e+00,1.0000,2.0124e-03
324.167,1.2760487287e-03,7.348228e-03,1.5062867973e+00,1.0000,1.7340e-03
324.694,1.2759624637e-03,7.366336e-03,1.5062867973e+00,1.0000,1.8678e-03
325.221,1.2758854293e-03,7.385240e-03,1.5062867973e+00,1.0000,1.9795e-03
325.748,1.2758169602e-03,7.404864e-03,1.5062867973e+00,1.0000,2.0695e-03
326.275,1.2757569847e-03,7.425136e-03,1.5062867973e+00,1.0000,2.1385e-03
326.802,1.2757062654e-03,7.445992e-03,1.5062867973e+00,1.0000,2.1874e-03
327.329,1.2756664644e-03,7.467338e-03,1.5062867973e+00,1.0000,2.2188e-03
327.856,1.2756400232e-03,7.489087e-03,1.5062867973e+00,1.0000,2.2337e-03
328.383,1.2756297808e-03,7.511208e-03,1.5062867973e+00,1.0000,2.2311e-03
328.910,1.2756391104e-03,7.533670e-03,1.5062867973e+00,1.0000,2.2112e-03
329.438,1.2756706113e-03,7.556442e-03,1.5062867973e+00,1.0000,2.1746e-03
329.965,1.2757261695e-03,7.579487e-03,1.5062867973e+00,1.0000,2.1226e-03
330.492,1.2758067070e-03,7.602764e-03,1.5062867973e+00,1.0000,2.0565e-03
331.019,1.2759116982e-03,7.626227e-03,1.5062867973e+00,1.0000,1.9779e-03
331.546,1.2760390893e-03,7.649823e-03,1.5062867973e+00,1.0000,1.8883e-03
332.073,1.2761856762e-03,7.673489e-03,1.5062867973e+00,1.0000,1.7893e-03
332.600,1.2763478910e-03,7.697159e-03,1.5062867973e+00,1.0000,1.6821e-03
333.127,1.2765230512e-03,7.720755e-03,1.5062867973e+00,1.0000,1.5683e-03
333.654,1.2767104201e-03,7.744197e-03,1.5062867973e+00,1.0000,1.4491e-03
334.181,1.2769111333e-03,7.767379e-03,1.5062867973e+00,1.0000,1.3263e-03
334.709,1.2771269184e-03,7.790175e-03,1.5062867973e+00,1.0000,1.2019e-03
335.236,1.2773586528e-03,7.812489e-03,1.5062867973e+00,1.0000,1.0759e-03
335.763,1.2776058131e-03,7.834231e-03,1.5062867973e+00,1.0000,9.4825e-04
336.290,1.2778669957e-03,7.855320e-03,1.5062867973e+00,1.0000,8.1905e-04
336.817,1.2781410089e-03,7.875668e-03,1.5062867973e+00,1.0000,8.6497e-04
337.344,1.2784278986e-03,7.895194e-03,1.5062867973e+00,1.0000,1.0573e-03
337.871,1.2787293311e-03,7.913786e-03,1.5062867973e+00,1.0000,1.2568e-03
338.398,1.2790479069e-03,7.931404e-03,1.5062867973e+00,1.0000,1.4614e-03
338.925,1.2793854558e-03,7.948021e-03,1.5062867973e+00,1.0000,1.6697e-03
339.452,1.2797410764e-03,7.963616e-03,1.5062867973e+00,1.0000,1.8807e-03
339.980,1.2801100332e-03,7.978173e-03,1.5062867973e+00,1.0000,2.0935e-03
340.507,1.2804842047e-03,7.991676e-03,1.5062867973e+00,1.0000,2.3075e-03
341.034,1.2808538568e-03,8.004114e-03,1.5062867973e+00,1.0000,2.5222e-03
341.561,1.2812098058e-03,8.015477e-03,1.5062867973e+00,1.0000,2.7369e-03
342.088,1.2815450105e-03,8.025757e-03,1.5062867973e+00,1.0000,2.9514e-03
342.615,1.2818551628e-03,8.034950e-03,1.5062867973e+00,1.0000,3.1650e-03
343.142,1.2821384544e-03,8.043054e-03,1.5062867973e+00,1.0000,3.3772e-03
343.669,1.2823949805e-03,8.050071e-03,1.5062867973e+00,1.0000,3.5874e-03
344.196,1.2826262173e-03,8.056012e-03,1.5062867973e+00,1.0000,3.7950e-03
344.723,1.2828346654e-03,8.060900e-03,1.5062867973e+00,1.0000,3.9992e-03
345.251,1.2830235836e-03,8.064767e-03,1.5062867973e+00,1.0000,4.1991e-03
345.778,1.2831966911e-03,8.067659e-03,1.5062867973e+00,1.0000,4.3940e-03
346.305,1.2833577256e-03,8.069641e-03,1.5062867973e+00,1.0000,4.5829e-03
346.832,1.2835098789e-03,8.070795e-03,1.5062867973e+00,1.0000,4.7648e-03
347.359,1.2836552004e-03,8.071224e-03,1.5062867973e+00,1.0000,4.9388e-03
347.886,1.2837940895e-03,8.071052e-03,1.5062867973e+00,1.0000,5.1039e-03
348.413,1.2839249916e-03,8.070419e-03,1.5062867973e+00,1.0000,5.2594e-03
348.940,1.2840444045e-03,8.069487e-03,1.5062867973e+00,1.0000,5.4041e-03
349.467,1.2841472685e-03,8.068433e-03,1.5062867973e+00,1.0000,5.5375e-03
349.994,1.2842277197e-03,8.067445e-03,1.5062867973e+00,1.0000,5.6587e-03
350.522,1.2842800015e-03,8.066720e-03,1.5062867973e+00,1.0000,5.7671e-03
351.049,1.2842991344e-03,8.066456e-03,1.5062867973e+00,1.0000,5.8620e-03
351.576,1.2842813041e-03,8.066849e-03,1.5062867973e+00,1.0000,5.9432e-03
352.103,1.2842231283e-03,8.068086e-03,1.5062867973e+00,1.0000,6.0101e-03
352.630,1.2841215168e-03,8.070338e-03,1.5062867973e+00,1.0000,6.0625e-03
353.157,1.2839759243e-03,8.073755e-03,1.5062867973e+00,1.0000,6.1003e-03
353.684,1.2837872440e-03,8.078461e-03,1.5062867973e+00,1.0000,6.1233e-03
354.211,1.2835597763e-03,8.084546e-03,1.5062867973e+00,1.0000,6.1316e-03
354.738,1.2833016651e-03,8.092067e-03,1.5062867973e+00,1.0000,6.1254e-03
355.265,1.2830233864e-03,8.101039e-03,1.5062867973e+00,1.0000,6.1050e-03
355.793,1.2827349925e-03,8.111436e-03,1.5062867973e+00,1.0000,6.0707e-03
356.320,1.2824438968e-03,8.123187e-03,1.5062867973e+00,1.0000,6.0232e-03
356.847,1.2821542408e-03,8.136179e-03,1.5062867973e+00,1.0000,5.9632e-03
357.374,1.2818678401e-03,8.150254e-03,1.5062867973e+00,1.0000,5.8914e-03
357.901,1.2815858745e-03,8.165212e-03,1.5062867973e+00,1.0000,5.8091e-03
358.428,1.2813101810e-03,8.180815e-03,1.5062867973e+00,1.0000,5.7172e-03
358.955,1.2810434088e-03,8.196789e-03,1.5062867973e+00,1.0000,5.6170e-03
359.482,1.2807881260e-03,8.212831e-03,1.5062867973e+00,1.0000,5.5099e-03
360.009,1.2805456359e-03,8.228609e-03,1.5062867973e+00,1.0000,5.3971e-03
360.536,1.2803153312e-03,8.243775e-03,1.5062867973e+00,1.0000,5.2802e-03
361.064,1.2800949413e-03,8.257967e-03,1.5062867973e+00,1.0000,5.1604e-03
361.591,1.2798814391e-03,8.270816e-03,1.5062867973e+00,1.0000,5.0389e-03
362.118,1.2796720820e-03,8.281954e-03,1.5062867973e+00,1.0000,4.9168e-03
362.645,1.2794651643e-03,8.291021e-03,1.5062867973e+00,1.0000,4.7950e-03
363.172,1.2792603404e-03,8.297673e-03,1.5062867973e+00,1.0000,4.6741e-03
363.699,1.2790585902e-03,8.301587e-03,1.5062867973e+00,1.0000,4.5545e-03
364.226,1.2788619849e-03,8.302471e-03,1.5062867973e+00,1.0000,4.4365e-03
364.753,1.2786733688e-03,8.300070e-03,1.5062867973e+00,1.0000,4.3199e-03
365.280,1.2784959736e-03,8.294171e-03,1.5062867973e+00,1.0000,4.2043e-03
365.807,1.2783330039e-03,8.284610e-03,1.5062867973e+00,1.0000,4.0892e-03
366.335,1.2781873321e-03,8.271278e-03,1.5062867973e+00,1.0000,3.9738e-03
366.862,1.2780613492e-03,8.254126e-03,1.5062867973e+00,1.0000,3.8571e-03
367.389,1.2779568342e-03,8.233167e-03,1.5062867973e+00,1.0000,3.7380e-03
367.916,1.2778748172e-03,8.208480e-03,1.5062867973e+00,1.0000,3.6153e-03
368.443,1.2778156407e-03,8.180214e-03,1.5062867973e+00,1.0000,3.4877e-03
368.970,1.2777792260e-03,8.148586e-03,1.5062867973e+00,1.0000,3.3540e-03
369.497,1.2777651435e-03,8.113887e-03,1.5062867973e+00,1.0000,3.2129e-03
370.024,1.2777727114e-03,8.076477e-03,1.5062867973e+00,1.0000,3.0633e-03
370.551,1.2777998963e-03,8.036781e-03,1.5062867973e+00,1.0000,2.9040e-03
371.078,1.2778455626e-03,7.995295e-03,1.5062867973e+00,1.0000,2.7340e-03
371.606,1.2779080745e-03,7.952573e-03,1.5062867973e+00,1.0000,2.5526e-03
372.133,1.2779867572e-03,7.909227e-03,1.5062867973e+00,1.0000,2.3590e-03
372.660,1.2780808077e-03,7.865912e-03,1.5062867973e+00,1.0000,2.1528e-03
373.187,1.2781888693e-03,7.823333e-03,1.5062867973e+00,1.0000,1.9338e-03
373.714,1.2783090805e-03,7.782212e-03,1.5062867973e+00,1.0000,1.9555e-03
374.241,1.2784394378e-03,7.743303e-03,1.5062867973e+00,1.0000,2.1160e-03
374.768,1.2785779655e-03,7.707355e-03,1.5062867973e+00,1.0000,2.2798e-03
375.295,1.2787225977e-03,7.675119e-03,1.5062867973e+00,1.0000,2.4463e-03
375.822,1.2788710926e-03,7.647316e-03,1.5062867973e+00,1.0000,2.6149e-03
376.349,1.2790212063e-03,7.624629e-03,1.5062867973e+00,1.0000,2.7846e-03
376.877,1.2791710126e-03,7.607671e-03,1.5062867973e+00,1.0000,2.9548e-03
377.404,1.2793190703e-03,7.596910e-03,1.5062867973e+00,1.0000,3.1268e-03
377.931,1.2794643184e-03,7.592673e-03,1.5062867973e+00,1.0000,3.3025e-03
378.458,1.2796058197e-03,7.595344e-03,1.5062867973e+00,1.0000,3.4772e-03
378.985,1.2797425383e-03,7.605224e-03,1.5062867973e+00,1.0000,3.6471e-03
379.512,1.2798732741e-03,7.622574e-03,1.5062867973e+00,1.0000,3.8071e-03
380.039,1.2799966928e-03,7.647521e-03,1.5062867973e+00,1.0000,3.9556e-03
380.566,1.2801114068e-03,7.680064e-03,1.5062867973e+00,1.0000,4.0923e-03
381.093,1.2802161215e-03,7.720095e-03,1.5062867973e+00,1.0000,4.2164e-03
381.620,1.2803096769e-03,7.767392e-03,1.5062867973e+00,1.0000,4.3273e-03
382.148,1.2803909927e-03,7.821634e-03,1.5062867973e+00,1.0000,4.4238e-03
382.675,1.2804591674e-03,7.882536e-03,1.5062867973e+00,1.0000,4.5035e-03
383.202,1.2805135545e-03,7.949617e-03,1.5062867973e+00,1.0000,4.5658e-03
383.729,1.2805535777e-03,8.022227e-03,1.5062867973e+00,1.0000,4.6109e-03
384.256,1.2805786927e-03,8.099710e-03,1.5062867973e+00,1.0000,4.6358e-03
384.783,1.2805886871e-03,8.181332e-03,1.5062867973e+00,1.0000,4.6397e-03
385.310,1.2805835331e-03,8.266249e-03,1.5062867973e+00,1.0000,4.6242e-03
385.837,1.2805642002e-03,8.353565e-03,1.5062867973e+00,1.0000,4.5907e-03
386.364,1.2805304126e-03,8.442451e-03,1.5062867973e+00,1.0000,4.7668e-03
386.891,1.2804833928e-03,8.531880e-03,1.5062867973e+00,1.0000,4.9844e-03
387.419,1.2804241959e-03,8.620523e-03,1.5062867973e+00,1.0000,5.1488e-03
387.946,1.2803541575e-03,8.707466e-03,1.5062867973e+00,1.0000,5.2609e-03
388.473,1.2802746100e-03,8.791888e-03,1.5062867973e+00,1.0000,5.3231e-03
389.000,1.2801868796e-03,8.873044e-03,1.5062867973e+00,1.0000,5.3377e-03
389.527,1.2800923413e-03,8.950269e-03,1.5062867973e+00,1.0000,5.3068e-03
390.054,1.2799923204e-03,9.022980e-03,1.5062867973e+00,1.0000,5.2325e-03
390.581,1.2798880068e-03,9.090673e-03,1.5062867973e+00,1.0000,5.1163e-03
391.108,1.2797804323e-03,9.152914e-03,1.5062867973e+00,1.0000,4.9597e-03
391.635,1.2796704927e-03,9.209342e-03,1.5062867973e+00,1.0000,4.7641e-03
392.162,1.2795589544e-03,9.259657e-03,1.5062867973e+00,1.0000,4.5305e-03
392.690,1.2794464609e-03,9.303614e-03,1.5062867973e+00,1.0000,4.2601e-03
393.217,1.2793335508e-03,9.341018e-03,1.5062867973e+00,1.0000,3.9540e-03
393.744,1.2792206806e-03,9.371718e-03,1.5062867973e+00,1.0000,3.6132e-03
394.271,1.2791082415e-03,9.395604e-03,1.5062867973e+00,1.0000,3.2389e-03
394.798,1.2789965753e-03,9.412602e-03,1.5062867973e+00,1.0000,2.8325e-03
395.325,1.2788859966e-03,9.422672e-03,1.5062867973e+00,1.0000,2.3954e-03
395.852,1.2787768194e-03,9.425807e-03,1.5062867973e+00,1.0000,1.9291e-03
396.379,1.2786693792e-03,9.422037e-03,1.5062867973e+00,1.0000,1.4355e-03
396.906,1.2785640385e-03,9.411486e-03,1.5062867973e+00,1.0000,9.1637e-04
397.433,1.2784611723e-03,9.394402e-03,1.5062867973e+00,1.0000,4.2289e-04
397.961,1.2783611414e-03,9.371024e-03,1.5062867973e+00,1.0000,8.3841e-04
398.488,1.2782642713e-03,9.341593e-03,1.5062867973e+00,1.0000,1.2596e-03
399.015,1.2781708545e-03,9.305672e-03,1.5062867973e+00,1.0000,1.6720e-03
399.542,1.2780811767e-03,9.263240e-03,1.5062867973e+00,1.0000,2.0711e-03
400.069,1.2779955553e-03,9.214646e-03,1.5062867973e+00,1.0000,2.5376e-03
400.596,1.2779143677e-03,9.160969e-03,1.5062867973e+00,1.0000,3.1935e-03
401.123,1.2778380503e-03,9.102438e-03,1.5062867973e+00,1.0000,3.8544e-03
401.650,1.2777670677e-03,9.039535e-03,1.5062867973e+00,1.0000,4.5173e-03
402.177,1.2777018630e-03,8.972794e-03,1.5062867973e+00,1.0000,5.1795e-03
402.704,1.2776428127e-03,8.902779e-03,1.5062867973e+00,1.0000,5.8384e-03
403.232,1.2775902053e-03,8.830071e-03,1.5062867973e+00,1.0000,6.4909e-03
403.759,1.2775442470e-03,8.755265e-03,1.5062867973e+00,1.0000,7.1343e-03
404.286,1.2775050885e-03,8.678959e-03,1.5062867973e+00,1.0000,7.7650e-03
404.813,1.2774728578e-03,8.601744e-03,1.5062867973e+00,1.0000,8.3796e-03
405.340,1.2774476792e-03,8.524195e-03,1.5062867973e+00,1.0000,8.9740e-03
405.867,1.2774296747e-03,8.446867e-03,1.5062867973e+00,1.0000,9.5437e-03
406.394,1.2774189483e-03,8.370285e-03,1.5062867973e+00,1.0000,1.0084e-02
406.921,1.2774153560e-03,8.294942e-03,1.5062867973e+00,1.0000,1.0589e-02
407.448,1.2774198863e-03,8.221297e-03,1.5062867973e+00,1.0000,1.1054e-02
407.975,1.2774305631e-03,8.149769e-03,1.5062867973e+00,1.0000,1.1470e-02
408.503,1.2774490692e-03,8.080742e-03,1.5062867973e+00,1.0000,1.1833e-02
409.030,1.2774742641e-03,8.014563e-03,1.5062867973e+00,1.0000,1.2133e-02
409.557,1.2775061880e-03,7.951547e-03,1.5062867973e+00,1.0000,1.2364e-02
410.084,1.2775445160e-03,7.891982e-03,1.5062867973e+00,1.0000,1.2518e-02
410.611,1.2775889866e-03,7.836135e-03,1.5062867973e+00,1.0000,1.2588e-02
411.138,1.2776393008e-03,7.784255e-03,1.5062867973e+00,1.0000,1.2566e-02
411.665,1.2776951279e-03,7.736585e-03,1.5062867973e+00,1.0000,1.2447e-02
412.192,1.2777561289e-03,7.693362e-03,1.5062867973e+00,1.0000,1.2227e-02
412.719,1.2778219564e-03,7.654827e-03,1.5062867973e+00,1.0000,1.1903e-02
413.246,1.2778922822e-03,7.621225e-03,1.5062867973e+00,1.0000,1.1475e-02
413.774,1.2779668059e-03,7.592809e-03,1.5062867973e+00,1.0000,1.0944e-02
414.301,1.2780452436e-03,7.569839e-03,1.5062867973e+00,1.0000,1.0316e-02
414.828,1.2781273096e-03,7.552411e-03,1.5062867973e+00,1.0000,9.5980e-03
415.355,1.2782127277e-03,7.540523e-03,1.5062867973e+00,1.0000,8.8122e-03
415.882,1.2783012642e-03,7.535534e-03,1.5062867973e+00,1.0000,7.9919e-03
416.409,1.2783927207e-03,7.537830e-03,1.5062867973e+00,1.0000,7.1476e-03
416.936,1.2784868611e-03,7.547048e-03,1.5062867973e+00,1.0000,6.2863e-03
417.463,1.2785833569e-03,7.563027e-03,1.5062867973e+00,1.0000,5.4095e-03
417.990,1.2786818559e-03,7.585977e-03,1.5062867973e+00,1.0000,4.5215e-03
418.517,1.2787821705e-03,7.616355e-03,1.5062867973e+00,1.0000,3.6313e-03
419.045,1.2788844351e-03,7.654302e-03,1.5062867973e+00,1.0000,2.7517e-03
419.572,1.2789890888e-03,7.699714e-03,1.5062867973e+00,1.0000,2.1568e-03
420.099,1.2790966801e-03,7.752375e-03,1.5062867973e+00,1.0000,2.5295e-03
420.626,1.2792076421e-03,7.811962e-03,1.5062867973e+00,1.0000,2.8656e-03
421.153,1.2793222074e-03,7.878009e-03,1.5062867973e+00,1.0000,3.1670e-03
421.680,1.2794405059e-03,7.949843e-03,1.5062867973e+00,1.0000,3.4386e-03
422.207,1.2795627296e-03,8.026999e-03,1.5062867973e+00,1.0000,3.6680e-03
422.734,1.2796891770e-03,8.108903e-03,1.5062867973e+00,1.0000,3.8533e-03
423.261,1.2798200732e-03,8.194861e-03,1.5062867973e+00,1.0000,3.9961e-03
423.788,1.2799552456e-03,8.284120e-03,1.5062867973e+00,1.0000,4.0982e-03
424.316,1.2800938607e-03,8.375881e-03,1.5062867973e+00,1.0000,4.1616e-03
424.843,1.2802344022e-03,8.469355e-03,1.5062867973e+00,1.0000,4.1860e-03
425.370,1.2803749130e-03,8.563759e-03,1.5062867973e+00,1.0000,4.1714e-03
425.897,1.2805133702e-03,8.658237e-03,1.5062867973e+00,1.0000,4.1221e-03
426.424,1.2806480255e-03,8.751921e-03,1.5062867973e+00,1.0000,4.0534e-03
426.951,1.2807776227e-03,8.844060e-03,1.5062867973e+00,1.0000,4.2165e-03
427.478,1.2809015100e-03,8.933653e-03,1.5062867973e+00,1.0000,4.3325e-03
428.005,1.2810197095e-03,9.019557e-03,1.5062867973e+00,1.0000,4.3788e-03
428.532,1.2811329724e-03,9.101003e-03,1.5062867973e+00,1.0000,4.3564e-03
429.059,1.2812427951e-03,9.177364e-03,1.5062867973e+00,1.0000,4.2712e-03
429.587,1.2813513390e-03,9.248195e-03,1.5062867973e+00,1.0000,4.1285e-03
430.114,1.2814612137e-03,9.313038e-03,1.5062867973e+00,1.0000,3.9330e-03
430.641,1.2815751320e-03,9.371477e-03,1.5062867973e+00,1.0000,3.6896e-03
431.168,1.2816954880e-03,9.423181e-03,1.5062867973e+00,1.0000,3.4030e-03
431.695,1.2818239361e-03,9.467900e-03,1.5062867973e+00,1.0000,3.0781e-03
432.222,1.2819610487e-03,9.505464e-03,1.5062867973e+00,1.0000,2.7192e-03
432.749,1.2821061139e-03,9.535777e-03,1.5062867973e+00,1.0000,2.3306e-03
433.276,1.2822571050e-03,9.558808e-03,1.5062867973e+00,1.0000,1.9161e-03
433.803,1.2824108231e-03,9.574573e-03,1.5062867973e+00,1.0000,1.4795e-03
434.330,1.2825631870e-03,9.583208e-03,1.5062867973e+00,1.0000,1.0240e-03
434.858,1.2827096193e-03,9.584662e-03,1.5062867973e+00,1.0000,5.4572e-04
435.385,1.2828454717e-03,9.578766e-03,1.5062867973e+00,1.0000,2.1604e-04
435.912,1.2829664315e-03,9.565850e-03,1.5062867973e+00,1.0000,4.3240e-04
436.439,1.2830688652e-03,9.546091e-03,1.5062867973e+00,1.0000,9.0515e-04
436.966,1.2831500686e-03,9.519760e-03,1.5062867973e+00,1.0000,1.3674e-03
437.493,1.2832084156e-03,9.487183e-03,1.5062867973e+00,1.0000,1.8176e-03
438.020,1.2832434067e-03,9.448768e-03,1.5062867973e+00,1.0000,2.2544e-03
438.547,1.2832556333e-03,9.405340e-03,1.5062867973e+00,1.0000,2.6834e-03
439.074,1.2832465569e-03,9.357483e-03,1.5062867973e+00,1.0000,3.1064e-03
439.601,1.2832188182e-03,9.305428e-03,1.5062867973e+00,1.0000,3.5204e-03
440.129,1.2831749367e-03,9.249690e-03,1.5062867973e+00,1.0000,3.9208e-03
440.656,1.2831182208e-03,9.190835e-03,1.5062867973e+00,1.0000,4.3027e-03
441.183,1.2830516332e-03,9.129440e-03,1.5062867973e+00,1.0000,4.6616e-03
441.710,1.2829778463e-03,9.066083e-03,1.5062867973e+00,1.0000,4.9926e-03
442.237,1.2828989125e-03,9.001346e-03,1.5062867973e+00,1.0000,5.2914e-03
442.764,1.2828161604e-03,8.935806e-03,1.5062867973e+00,1.0000,5.5534e-03
443.291,1.2827301125e-03,8.870030e-03,1.5062867973e+00,1.0000,5.7748e-03
443.818,1.2826404772e-03,8.804572e-03,1.5062867973e+00,1.0000,5.9518e-03
444.345,1.2825462594e-03,8.739971e-03,1.5062867973e+00,1.0000,6.0813e-03
444.872,1.2824455479e-03,8.676745e-03,1.5062867973e+00,1.0000,6.1609e-03
445.400,1.2823354338e-03,8.615387e-03,1.5062867973e+00,1.0000,6.1886e-03
445.927,1.2822128607e-03,8.556366e-03,1.5062867973e+00,1.0000,6.1635e-03
446.454,1.2820757216e-03,8.500118e-03,1.5062867973e+00,1.0000,6.0854e-03
446.981,1.2819230425e-03,8.447049e-03,1.5062867973e+00,1.0000,5.9550e-03
447.508,1.2817545508e-03,8.397527e-03,1.5062867973e+00,1.0000,5.7741e-03
448.035,1.2815705720e-03,8.351882e-03,1.5062867973e+00,1.0000,5.5452e-03
448.562,1.2813722135e-03,8.310162e-03,1.5062867973e+00,1.0000,5.2712e-03
449.089,1.2811611842e-03,8.272500e-03,1.5062867973e+00,1.0000,4.9583e-03
449.616,1.2809392382e-03,8.239737e-03,1.5062867973e+00,1.0000,4.6218e-03
450.143,1.2807078484e-03,8.212125e-03,1.5062867973e+00,1.0000,4.2670e-03
450.671,1.2804683889e-03,8.189819e-03,1.5062867973e+00,1.0000,3.8985e-03
451.198,1.2802224545e-03,8.172889e-03,1.5062867973e+00,1.0000,3.5201e-03
451.725,1.2799718559e-03,8.161306e-03,1.5062867973e+00,1.0000,3.1354e-03
452.252,1.2797182915e-03,8.154731e-03,1.5062867973e+00,1.0000,2.7462e-03
452.779,1.2794630768e-03,8.152973e-03,1.5062867973e+00,1.0000,2.3535e-03
453.306,1.2792072343e-03,8.155782e-03,1.5062867973e+00,1.0000,1.9590e-03
453.833,1.2789518684e-03,8.162923e-03,1.5062867973e+00,1.0000,1.5650e-03
454.360,1.2786984865e-03,8.174131e-03,1.5062867973e+00,1.0000,1.4552e-03
454.887,1.2784489853e-03,8.189105e-03,1.5062867973e+00,1.0000,1.6531e-03
455.414,1.2782052962e-03,8.207514e-03,1.5062867973e+00,1.0000,1.8379e-03
455.942,1.2779689285e-03,8.229046e-03,1.5062867973e+00,1.0000,2.0084e-03
456.469,1.2777406812e-03,8.253316e-03,1.5062867973e+00,1.0000,2.1667e-03
456.996,1.2775206491e-03,8.279843e-03,1.5062867973e+00,1.0000,2.3147e-03
457.523,1.2773084523e-03,8.308318e-03,1.5062867973e+00,1.0000,2.4465e-03
458.050,1.2771035297e-03,8.338480e-03,1.5062867973e+00,1.0000,2.5589e-03
458.577,1.2769053579e-03,8.370006e-03,1.5062867973e+00,1.0000,2.6533e-03
459.104,1.2767135568e-03,8.402591e-03,1.5062867973e+00,1.0000,2.7312e-03
459.631,1.2765279179e-03,8.435951e-03,1.5062867973e+00,1.0000,2.7937e-03
460.158,1.2763484259e-03,8.469831e-03,1.5062867973e+00,1.0000,2.8422e-03
460.685,1.2761753196e-03,8.504008e-03,1.5062867973e+00,1.0000,2.8777e-03
461.213,1.2760092123e-03,8.538298e-03,1.5062867973e+00,1.0000,2.9011e-03
461.740,1.2758512472e-03,8.572569e-03,1.5062867973e+00,1.0000,2.9126e-03
462.267,1.2757032312e-03,8.606773e-03,1.5062867973e+00,1.0000,2.9111e-03
462.794,1.2755676615e-03,8.640845e-03,1.5062867973e+00,1.0000,2.8984e-03
463.321,1.2754475733e-03,8.674739e-03,1.5062867973e+00,1.0000,2.8763e-03
463.848,1.2753462094e-03,8.708466e-03,1.5062867973e+00,1.0000,2.8459e-03
464.375,1.2752666247e-03,8.742085e-03,1.5062867973e+00,1.0000,2.8719e-03
464.902,1.2752114207e-03,8.775712e-03,1.5062867973e+00,1.0000,2.9640e-03
465.429,1.2751827635e-03,8.809238e-03,1.5062867973e+00,1.0000,3.0307e-03
465.956,1.2751827498e-03,8.842579e-03,1.5062867973e+00,1.0000,3.0665e-03
466.484,1.2752132450e-03,8.875764e-03,1.5062867973e+00,1.0000,3.0742e-03
467.011,1.2752768310e-03,8.908838e-03,1.5062867973e+00,1.0000,3.0568e-03
467.538,1.2753754294e-03,8.941859e-03,1.5062867973e+00,1.0000,3.0177e-03
468.065,1.2755095744e-03,8.974896e-03,1.5062867973e+00,1.0000,2.9601e-03
468.592,1.2756779277e-03,9.008023e-03,1.5062867973e+00,1.0000,2.8868e-03
469.119,1.2758769420e-03,9.041310e-03,1.5062867973e+00,1.0000,2.8005e-03
469.646,1.2761016349e-03,9.074817e-03,1.5062867973e+00,1.0000,2.7033e-03
470.173,1.2763469006e-03,9.108586e-03,1.5062867973e+00,1.0000,2.5971e-03
470.700,1.2766089135e-03,9.142638e-03,1.5062867973e+00,1.0000,2.4832e-03
471.227,1.2768860062e-03,9.176963e-03,1.5062867973e+00,1.0000,2.3628e-03
471.755,1.2771785765e-03,9.211521e-03,1.5062867973e+00,1.0000,2.2368e-03
472.282,1.2774878907e-03,9.246236e-03,1.5062867973e+00,1.0000,2.1056e-03
472.809,1.2778141818e-03,9.280998e-03,1.5062867973e+00,1.0000,1.9699e-03
473.336,1.2781549065e-03,9.315663e-03,1.5062867973e+00,1.0000,1.8298e-03
473.863,1.2785040678e-03,9.350053e-03,1.5062867973e+00,1.0000,1.6857e-03
474.390,1.2788529835e-03,9.383964e-03,1.5062867973e+00,1.0000,1.5377e-03
474.917,1.2791920782e-03,9.417165e-03,1.5062867973e+00,1.0000,1.3860e-03
475.444,1.2795127918e-03,9.449408e-03,1.5062867973e+00,1.0000,1.2307e-03
475.971,1.2798088487e-03,9.480430e-03,1.5062867973e+00,1.0000,1.0719e-03
476.498,1.2800766309e-03,9.509960e-03,1.5062867973e+00,1.0000,9.0971e-04
477.026,1.2803147922e-03,9.537725e-03,1.5062867973e+00,1.0000,7.4433e-04
477.553,1.2805234636e-03,9.563444e-03,1.5062867973e+00,1.0000,5.7534e-04
478.080,1.2807034985e-03,9.586821e-03,1.5062867973e+00,1.0000,4.0076e-04
478.607,1.2808561415e-03,9.607632e-03,1.5062867973e+00,1.0000,2.6270e-04
479.134,1.2809831396e-03,9.625682e-03,1.5062867973e+00,1.0000,1.3039e-04
479.661,1.2810869143e-03,9.640806e-03,1.5062867973e+00,1.0000,1.3654e-04
480.188,1.2811703751e-03,9.652765e-03,1.5062867973e+00,1.0000,3.1154e-04
480.715,1.2812363446e-03,9.661357e-03,1.5062867973e+00,1.0000,4.8697e-04
481.242,1.2812869518e-03,9.666464e-03,1.5062867973e+00,1.0000,6.6281e-04
481.769,1.2813233627e-03,9.668015e-03,1.5062867973e+00,1.0000,8.3909e-04
482.297,1.2813459083e-03,9.665985e-03,1.5062867973e+00,1.0000,1.0159e-03
482.824,1.2813544542e-03,9.660400e-03,1.5062867973e+00,1.0000,1.1933e-03
483.351,1.2813483731e-03,9.651322e-03,1.5062867973e+00,1.0000,1.3714e-03
483.878,1.2813279975e-03,9.638836e-03,1.5062867973e+00,1.0000,1.5504e-03
484.405,1.2812922284e-03,9.623118e-03,1.5062867973e+00,1.0000,1.7304e-03
484.932,1.2812412016e-03,9.604406e-03,1.5062867973e+00,1.0000,1.9115e-03
485.459,1.2811747623e-03,9.582988e-03,1.5062867973e+00,1.0000,2.0942e-03
485.986,1.2810934879e-03,9.559202e-03,1.5062867973e+00,1.0000,2.2793e-03
486.513,1.2809987422e-03,9.533427e-03,1.5062867973e+00,1.0000,2.4675e-03
487.040,1.2808924622e-03,9.506074e-03,1.5062867973e+00,1.0000,2.6597e-03
487.568,1.2807767182e-03,9.477574e-03,1.5062867973e+00,1.0000,2.8568e-03
488.095,1.2806534702e-03,9.448349e-03,1.5062867973e+00,1.0000,3.0596e-03
488.622,1.2805247108e-03,9.418733e-03,1.5062867973e+00,1.0000,3.2684e-03
489.149,1.2803926441e-03,9.389123e-03,1.5062867973e+00,1.0000,3.4831e-03
489.676,1.2802595982e-03,9.359901e-03,1.5062867973e+00,1.0000,3.7038e-03
490.203,1.2801276671e-03,9.331420e-03,1.5062867973e+00,1.0000,3.9302e-03
490.730,1.2799983280e-03,9.304000e-03,1.5062867973e+00,1.0000,4.1621e-03
491.257,1.2798722479e-03,9.277916e-03,1.5062867973e+00,1.0000,4.3986e-03
491.784,1.2797493203e-03,9.253519e-03,1.5062867973e+00,1.0000,4.6411e-03
492.311,1.2796288541e-03,9.231151e-03,1.5062867973e+00,1.0000,4.8916e-03
492.839,1.2795098303e-03,9.210832e-03,1.5062867973e+00,1.0000,5.1492e-03
493.366,1.2793911843e-03,9.192614e-03,1.5062867973e+00,1.0000,5.4118e-03
493.893,1.2792720939e-03,9.176537e-03,1.5062867973e+00,1.0000,5.6768e-03
494.420,1.2791522386e-03,9.162581e-03,1.5062867973e+00,1.0000,5.9415e-03
494.947,1.2790319875e-03,9.150675e-03,1.5062867973e+00,1.0000,6.2029e-03
495.474,1.2789124916e-03,9.140700e-03,1.5062867973e+00,1.0000,6.4579e-03
496.001,1.2787956391e-03,9.132492e-03,1.5062867973e+00,1.0000,6.7035e-03
496.528,1.2786838650e-03,9.125851e-03,1.5062867973e+00,1.0000,6.9364e-03
497.055,1.2785799475e-03,9.120546e-03,1.5062867973e+00,1.0000,7.1536e-03
497.582,1.2784868277e-03,9.116319e-03,1.5062867973e+00,1.0000,7.3521e-03
498.110,1.2784072837e-03,9.112897e-03,1.5062867973e+00,1.0000,7.5292e-03
498.637,1.2783435284e-03,9.109992e-03,1.5062867973e+00,1.0000,7.6822e-03
499.164,1.2782971220e-03,9.107311e-03,1.5062867973e+00,1.0000,7.8090e-03
499.691,1.2782692306e-03,9.104563e-03,1.5062867973e+00,1.0000,7.9074e-03
500.218,1.2782606517e-03,9.101461e-03,1.5062867973e+00,1.0000,7.9755e-03
500.745,1.2782717413e-03,9.097732e-03,1.5062867973e+00,1.0000,8.0120e-03
501.272,1.2783013926e-03,9.093120e-03,1.5062867973e+00,1.0000,8.0154e-03
501.799,1.2783485412e-03,9.087393e-03,1.5062867973e+00,1.0000,7.9849e-03
502.326,1.2784116941e-03,9.080347e-03,1.5062867973e+00,1.0000,7.9197e-03
502.853,1.2784900252e-03,9.071809e-03,1.5062867973e+00,1.0000,7.8192e-03
503.381,1.2785827816e-03,9.061648e-03,1.5062867973e+00,1.0000,7.6831e-03
503.908,1.2786890818e-03,9.049771e-03,1.5062867973e+00,1.0000,7.5114e-03
504.435,1.2788075871e-03,9.036135e-03,1.5062867973e+00,1.0000,7.3040e-03
504.962,1.2789365780e-03,9.020729e-03,1.5062867973e+00,1.0000,7.0613e-03
505.489,1.2790743486e-03,9.003357e-03,1.5062867973e+00,1.0000,6.7827e-03
506.016,1.2792195369e-03,8.984094e-03,1.5062867973e+00,1.0000,6.4675e-03
506.543,1.2793711225e-03,8.963519e-03,1.5062867973e+00,1.0000,6.1243e-03
507.070,1.2795282675e-03,8.942010e-03,1.5062867973e+00,1.0000,5.7573e-03
507.597,1.2796902683e-03,8.919908e-03,1.5062867973e+00,1.0000,5.3686e-03
508.124,1.2798565795e-03,8.897593e-03,1.5062867973e+00,1.0000,4.9598e-03
508.652,1.2800267151e-03,8.875495e-03,1.5062867973e+00,1.0000,4.5326e-03
509.179,1.2802000368e-03,8.854080e-03,1.5062867973e+00,1.0000,4.0887e-03
509.706,1.2803756178e-03,8.833855e-03,1.5062867973e+00,1.0000,3.6298e-03
510.233,1.2805522639e-03,8.815354e-03,1.5062867973e+00,1.0000,3.1579e-03
510.760,1.2807285767e-03,8.799129e-03,1.5062867973e+00,1.0000,2.6751e-03
511.287,1.2809029296e-03,8.785733e-03,1.5062867973e+00,1.0000,2.1837e-03
511.814,1.2810733730e-03,8.775580e-03,1.5062867973e+00,1.0000,1.7116e-03
512.341,1.2812375843e-03,8.769178e-03,1.5062867973e+00,1.0000,2.0215e-03
512.868,1.2813929560e-03,8.767054e-03,1.5062867973e+00,1.0000,2.3263e-03
513.395,1.2815368255e-03,8.769704e-03,1.5062867973e+00,1.0000,2.6242e-03
513.923,1.2816667492e-03,8.777531e-03,1.5062867973e+00,1.0000,2.9159e-03
514.450,1.2817806981e-03,8.790795e-03,1.5062867973e+00,1.0000,3.2046e-03
514.977,1.2818771353e-03,8.809858e-03,1.5062867973e+00,1.0000,3.4805e-03
515.504,1.2819550618e-03,8.835020e-03,1.5062867973e+00,1.0000,3.7374e-03
516.031,1.2820141281e-03,8.866517e-03,1.5062867973e+00,1.0000,3.9736e-03
516.558,1.2820547776e-03,8.904471e-03,1.5062867973e+00,1.0000,4.1886e-03
517.085,1.2820782839e-03,8.948750e-03,1.5062867973e+00,1.0000,4.3831e-03
517.612,1.2820865946e-03,8.999078e-03,1.5062867973e+00,1.0000,4.5577e-03
518.139,1.2820818358e-03,9.055049e-03,1.5062867973e+00,1.0000,4.7122e-03
518.666,1.2820670176e-03,9.116225e-03,1.5062867973e+00,1.0000,4.8421e-03
519.194,1.2820435307e-03,9.182014e-03,1.5062867973e+00,1.0000,4.9469e-03
519.721,1.2820136983e-03,9.251681e-03,1.5062867973e+00,1.0000,5.0282e-03
520.248,1.2819791826e-03,9.324421e-03,1.5062867973e+00,1.0000,5.2056e-03
520.775,1.2819415539e-03,9.399410e-03,1.5062867973e+00,1.0000,5.5997e-03
521.302,1.2819021466e-03,9.475270e-03,1.5062867973e+00,1.0000,5.9441e-03
521.829,1.2818618052e-03,9.550968e-03,1.5062867973e+00,1.0000,6.2338e-03
522.356,1.2818207920e-03,9.625568e-03,1.5062867973e+00,1.0000,6.4691e-03
522.883,1.2817788093e-03,9.698195e-03,1.5062867973e+00,1.0000,6.6505e-03
523.410,1.2817351975e-03,9.768045e-03,1.5062867973e+00,1.0000,6.7786e-03
523.937,1.2816891676e-03,9.834396e-03,1.5062867973e+00,1.0000,6.8539e-03
524.465,1.2816399620e-03,9.896610e-03,1.5062867973e+00,1.0000,6.8771e-03
524.992,1.2815868761e-03,9.954135e-03,1.5062867973e+00,1.0000,6.8486e-03
525.519,1.2815292070e-03,1.000651e-02,1.5062867973e+00,1.0000,6.7691e-03
526.046,1.2814662584e-03,1.005393e-02,1.5062867973e+00,1.0000,2.3825e-02
526.573,1.2813974432e-03,1.009681e-02,1.5062867973e+00,1.0000,2.2185e-02
527.100,1.2813223484e-03,1.013359e-02,1.5062867973e+00,1.0000,1.9986e-02
527.627,1.2812406220e-03,1.016378e-02,1.5062867973e+00,1.0000,1.7733e-02
528.154,1.2811517945e-03,1.018694e-02,1.5062867973e+00,1.0000,1.5394e-02
528.681,1.2810553188e-03,1.020246e-02,1.5062867973e+00,1.0000,1.2874e-02
529.208,1.2809508686e-03,1.021031e-02,1.5062867973e+00,1.0000,1.0329e-02
529.736,1.2808385736e-03,1.021085e-02,1.5062867973e+00,1.0000,7.8048e-03
530.263,1.2807189139e-03,1.020450e-02,1.5062867973e+00,1.0000,5.3148e-03
530.790,1.2805924215e-03,1.019159e-02,1.5062867973e+00,1.0000,3.3773e-03
531.317,1.2804595896e-03,1.017323e-02,1.5062867973e+00,1.0000,2.4468e-03
531.844,1.2803211262e-03,1.015053e-02,1.5062867973e+00,1.0000,1.9641e-03
532.371,1.2801782366e-03,1.012430e-02,1.5062867973e+00,1.0000,4.3563e-03
532.898,1.2800325294e-03,1.009513e-02,1.5062867973e+00,1.0000,6.8435e-03
533.425,1.2798855348e-03,1.006337e-02,1.5062867973e+00,1.0000,9.4763e-03
533.952,1.2797382350e-03,1.002906e-02,1.5062867973e+00,1.0000,1.2266e-02
534.479,1.2795909960e-03,9.993190e-03,1.5062867973e+00,1.0000,1.5259e-02
535.007,1.2794438844e-03,9.955940e-03,1.5062867973e+00,1.0000,1.8529e-02
535.534,1.2792970096e-03,9.917572e-03,1.5062867973e+00,1.0000,2.2216e-02
536.061,1.2791505790e-03,9.878229e-03,1.5062867973e+00,1.0000,2.6467e-02
536.588,1.2790046978e-03,9.837704e-03,1.5062867973e+00,1.0000,3.0902e-02
537.115,1.2788592080e-03,9.795911e-03,1.5062867973e+00,1.0000,3.5434e-02
537.642,1.2787137887e-03,9.752769e-03,1.5062867973e+00,1.0000,4.0050e-02
538.169,1.2785682636e-03,9.708189e-03,1.5062867973e+00,1.0000,4.4733e-02
538.696,1.2784228683e-03,9.662106e-03,1.5062867973e+00,1.0000,4.9458e-02
539.223,1.2782782845e-03,9.614500e-03,1.5062867973e+00,1.0000,5.4198e-02
539.750,1.2781354593e-03,9.565421e-03,1.5062867973e+00,1.0000,5.8924e-02
540.278,1.2779953684e-03,9.515000e-03,1.5062867973e+00,1.0000,6.3605e-02
540.805,1.2778588707e-03,9.463460e-03,1.5062867973e+00,1.0000,6.8212e-02
541.332,1.2777266855e-03,9.411116e-03,1.5062867973e+00,1.0000,7.2716e-02
541.859,1.2775994232e-03,9.358372e-03,1.5062867973e+00,1.0000,7.7089e-02
542.386,1.2774776011e-03,9.305731e-03,1.5062867973e+00,1.0000,8.1304e-02
542.913,1.2773616186e-03,9.253841e-03,1.5062867973e+00,1.0000,8.5330e-02
543.440,1.2772517226e-03,9.203193e-03,1.5062867973e+00,1.0000,8.9136e-02
543.967,1.2771480021e-03,9.154280e-03,1.5062867973e+00,1.0000,9.2691e-02
544.494,1.2770504294e-03,9.107612e-03,1.5062867973e+00,1.0000,9.5964e-02
545.021,1.2769589310e-03,9.063703e-03,1.5062867973e+00,1.0000,9.8925e-02
545.549,1.2768734588e-03,9.023054e-03,1.5062867973e+00,1.0000,1.0155e-01
546.076,1.2767940295e-03,8.986141e-03,1.5062867973e+00,1.0000,1.0381e-01
546.603,1.2767207194e-03,8.953399e-03,1.5062867973e+00,1.0000,1.0569e-01
547.130,1.2766536152e-03,8.924934e-03,1.5062867973e+00,1.0000,1.0718e-01
547.657,1.2765927419e-03,8.901256e-03,1.5062867973e+00,1.0000,1.0827e-01
548.184,1.2765379879e-03,8.883159e-03,1.5062867973e+00,1.0000,1.0898e-01
548.711,1.2764890537e-03,8.870894e-03,1.5062867973e+00,1.0000,1.0931e-01
549.238,1.2764454392e-03,8.864164e-03,1.5062867973e+00,1.0000,1.0930e-01
549.765,1.2764064786e-03,8.862802e-03,1.5062867973e+00,1.0000,1.0896e-01
550.292,1.2763714227e-03,8.866844e-03,1.5062867973e+00,1.0000,1.0834e-01
550.820,1.2763395588e-03,8.876467e-03,1.5062867973e+00,1.0000,1.0745e-01
551.347,1.2763103583e-03,8.891575e-03,1.5062867973e+00,1.0000,1.0634e-01
551.874,1.2762836365e-03,8.911970e-03,1.5062867973e+00,1.0000,1.0504e-01
552.401,1.2762597022e-03,8.937550e-03,1.5062867973e+00,1.0000,1.0365e-01
552.928,1.2762394667e-03,8.967589e-03,1.5062867973e+00,1.0000,1.0224e-01
553.455,1.2762244814e-03,9.001601e-03,1.5062867973e+00,1.0000,1.0083e-01
553.982,1.2762164330e-03,9.039273e-03,1.5062867973e+00,1.0000,9.9430e-02
554.509,1.2762191261e-03,9.080313e-03,1.5062867973e+00,1.0000,9.8073e-02
555.036,1.2762338516e-03,9.124447e-03,1.5062867973e+00,1.0000,9.6768e-02
555.563,1.2762636514e-03,9.171398e-03,1.5062867973e+00,1.0000,4.5576e-03
556.091,1.2763110894e-03,9.220886e-03,1.5062867973e+00,1.0000,4.7287e-03
556.618,1.2763783488e-03,9.272612e-03,1.5062867973e+00,1.0000,4.8518e-03
557.145,1.2764668461e-03,9.326261e-03,1.5062867973e+00,1.0000,4.9297e-03
557.672,1.2765771291e-03,9.381499e-03,1.5062867973e+00,1.0000,4.9650e-03
558.199,1.2767087783e-03,9.437971e-03,1.5062867973e+00,1.0000,4.9600e-03
558.726,1.2768602710e-03,9.495303e-03,1.5062867973e+00,1.0000,4.9167e-03
559.253,1.2770290236e-03,9.553109e-03,1.5062867973e+00,1.0000,4.8372e-03
559.780,1.2772116291e-03,9.611465e-03,1.5062867973e+00,1.0000,1.9440e-02
560.307,1.2774042574e-03,9.670595e-03,1.5062867973e+00,1.0000,1.9664e-02
560.834,1.2776031022e-03,9.728935e-03,1.5062867973e+00,1.0000,1.7390e-02
561.362,1.2778048122e-03,9.785806e-03,1.5062867973e+00,1.0000,1.5087e-02
561.889,1.2780069163e-03,9.840589e-03,1.5062867973e+00,1.0000,1.2754e-02
562.416,1.2782082250e-03,9.892643e-03,1.5062867973e+00,1.0000,1.0331e-02
562.943,1.2784090586e-03,9.941192e-03,1.5062867973e+00,1.0000,7.8367e-03
563.470,1.2786110840e-03,9.985927e-03,1.5062867973e+00,1.0000,5.3841e-03
563.997,1.2788167028e-03,1.002669e-02,1.5062867973e+00,1.0000,3.1436e-03
564.524,1.2790282282e-03,1.006365e-02,1.5062867973e+00,1.0000,2.4837e-03
565.051,1.2792472662e-03,1.009751e-02,1.5062867973e+00,1.0000,1.8346e-03
565.578,1.2794745638e-03,1.012847e-02,1.5062867973e+00,1.0000,4.1722e-03
566.105,1.2797102254e-03,1.015668e-02,1.5062867973e+00,1.0000,6.6417e-03
566.633,1.2799539301e-03,1.018211e-02,1.5062867973e+00,1.0000,9.2915e-03
567.160,1.2802048406e-03,1.020484e-02,1.5062867973e+00,1.0000,1.2174e-02
567.687,1.2804612160e-03,1.022478e-02,1.5062867973e+00,1.0000,1.5269e-02
568.214,1.2807200496e-03,1.024131e-02,1.5062867973e+00,1.0000,1.8658e-02
568.741,1.2809771077e-03,1.025494e-02,1.5062867973e+00,1.0000,2.2514e-02
569.268,1.2812275210e-03,1.026547e-02,1.5062867973e+00,1.0000,2.7111e-02
569.795,1.2814667482e-03,1.027256e-02,1.5062867973e+00,1.0000,3.2022e-02
570.322,1.2816915210e-03,1.027593e-02,1.5062867973e+00,1.0000,3.6879e-02
570.849,1.2819003889e-03,1.027541e-02,1.5062867973e+00,1.0000,4.1684e-02
571.376,1.2820936731e-03,1.027084e-02,1.5062867973e+00,1.0000,4.6439e-02
571.904,1.2822728859e-03,1.026212e-02,1.5062867973e+00,1.0000,5.1138e-02
572.431,1.2824398428e-03,1.024917e-02,1.5062867973e+00,1.0000,5.5773e-02
572.958,1.2825957452e-03,1.023201e-02,1.5062867973e+00,1.0000,6.0336e-02
573.485,1.2827404597e-03,1.021071e-02,1.5062867973e+00,1.0000,6.4818e-02
574.012,1.2828721214e-03,1.018542e-02,1.5062867973e+00,1.0000,6.9208e-02
574.539,1.2829871067e-03,1.015638e-02,1.5062867973e+00,1.0000,7.3498e-02
575.066,1.2830803673e-03,1.012390e-02,1.5062867973e+00,1.0000,7.7680e-02
575.593,1.2831460953e-03,1.008842e-02,1.5062867973e+00,1.0000,8.1743e-02
576.120,1.2831786557e-03,1.005036e-02,1.5062867973e+00,1.0000,8.5677e-02
576.647,1.2831736419e-03,1.001015e-02,1.5062867973e+00,1.0000,8.9469e-02
577.175,1.2831291196e-03,9.968267e-03,1.5062867973e+00,1.0000,9.3105e-02
577.702,1.2830460698e-03,9.925241e-03,1.5062867973e+00,1.0000,9.6573e-02
578.229,1.2829290495e-03,9.881626e-03,1.5062867973e+00,1.0000,9.9857e-02
578.756,1.2827860600e-03,9.837996e-03,1.5062867973e+00,1.0000,1.0294e-01
579.283,1.2826276026e-03,9.794932e-03,1.5062867973e+00,1.0000,1.0582e-01
579.810,1.2824651742e-03,9.753007e-03,1.5062867973e+00,1.0000,1.0846e-01
580.337,1.2823102199e-03,9.712771e-03,1.5062867973e+00,1.0000,1.1087e-01
580.864,1.2821734721e-03,9.674739e-03,1.5062867973e+00,1.0000,1.1303e-01
581.391,1.2820634120e-03,9.639376e-03,1.5062867973e+00,1.0000,1.1493e-01
581.918,1.2819843208e-03,9.607086e-03,1.5062867973e+00,1.0000,1.1656e-01
582.446,1.2819360127e-03,9.578202e-03,1.5062867973e+00,1.0000,1.1792e-01
582.973,1.2819163126e-03,9.552719e-03,1.5062867973e+00,1.0000,1.1902e-01
583.500,1.2819205470e-03,9.530969e-03,1.5062867973e+00,1.0000,1.1986e-01
584.027,1.2819406834e-03,9.513332e-03,1.5062867973e+00,1.0000,1.2045e-01
584.554,1.2819648681e-03,9.499857e-03,1.5062867973e+00,1.0000,1.2081e-01
585.081,1.2819823329e-03,9.490493e-03,1.5062867973e+00,1.0000,1.2096e-01
585.608,1.2819817900e-03,9.485092e-03,1.5062867973e+00,1.0000,1.2091e-01
586.135,1.2819559663e-03,9.483425e-03,1.5062867973e+00,1.0000,1.2069e-01
586.662,1.2818916396e-03,9.485188e-03,1.5062867973e+00,1.0000,1.2032e-01
587.189,1.2817861095e-03,9.490941e-03,1.5062867973e+00,1.0000,2.4109e-03
587.717,1.2816370479e-03,9.499132e-03,1.5062867973e+00,1.0000,1.8961e-03
588.244,1.2814451870e-03,9.509234e-03,1.5062867973e+00,1.0000,1.4651e-03
588.771,1.2812145745e-03,9.520775e-03,1.5062867973e+00,1.0000,1.1065e-03
589.298,1.2809514904e-03,9.533291e-03,1.5062867973e+00,1.0000,8.0889e-04
589.825,1.2806635804e-03,9.546331e-03,1.5062867973e+00,1.0000,5.6174e-04
590.352,1.2803588232e-03,9.559453e-03,1.5062867973e+00,1.0000,3.5533e-04
590.879,1.2800448884e-03,9.572132e-03,1.5062867973e+00,1.0000,4.3663e-04
591.406,1.2797285744e-03,9.583889e-03,1.5062867973e+00,1.0000,6.2775e-04
591.933,1.2794155404e-03,9.594338e-03,1.5062867973e+00,1.0000,8.1057e-04
592.460,1.2791104061e-03,9.603139e-03,1.5062867973e+00,1.0000,9.8500e-04
592.988,1.2788171813e-03,9.610056e-03,1.5062867973e+00,1.0000,1.1492e-03
593.515,1.2785397528e-03,9.614925e-03,1.5062867973e+00,1.0000,1.3018e-03
594.042,1.2782821011e-03,9.617635e-03,1.5062867973e+00,1.0000,1.4432e-03
594.569,1.2780481459e-03,9.618142e-03,1.5062867973e+00,1.0000,1.5741e-03
595.096,1.2778414332e-03,9.616477e-03,1.5062867973e+00,1.0000,1.6951e-03
595.623,1.2776649656e-03,9.612734e-03,1.5062867973e+00,1.0000,1.8068e-03
596.150,1.2775212356e-03,9.607071e-03,1.5062867973e+00,1.0000,1.9101e-03
596.677,1.2774122542e-03,9.599714e-03,1.5062867973e+00,1.0000,2.0056e-03
597.204,1.2773393836e-03,9.590900e-03,1.5062867973e+00,1.0000,2.0948e-03
597.731,1.2773030202e-03,9.580906e-03,1.5062867973e+00,1.0000,2.1789e-03
598.259,1.2773023867e-03,9.570081e-03,1.5062867973e+00,1.0000,2.2586e-03
598.786,1.2773350058e-03,9.558827e-03,1.5062867973e+00,1.0000,2.3343e-03
599.313,1.2773976065e-03,9.547568e-03,1.5062867973e+00,1.0000,2.4067e-03
599.840,1.2774854070e-03,9.536760e-03,1.5062867973e+00,1.0000,2.4762e-03
600.367,1.2775930103e-03,9.526895e-03,1.5062867973e+00,1.0000,2.5426e-03
600.894,1.2777150723e-03,9.518508e-03,1.5062867973e+00,1.0000,2.6049e-03
601.421,1.2778466400e-03,9.512103e-03,1.5062867973e+00,1.0000,2.6637e-03
601.948,1.2779834048e-03,9.508169e-03,1.5062867973e+00,1.0000,2.7201e-03
602.475,1.2781219554e-03,9.507167e-03,1.5062867973e+00,1.0000,2.7748e-03
603.002,1.2782603116e-03,9.509522e-03,1.5062867973e+00,1.0000,2.8285e-03
603.530,1.2783984289e-03,9.515640e-03,1.5062867973e+00,1.0000,2.9677e-03
604.057,1.2785381256e-03,9.525847e-03,1.5062867973e+00,1.0000,3.1441e-03
604.584,1.2786824008e-03,9.540261e-03,1.5062867973e+00,1.0000,3.3063e-03
605.111,1.2788346892e-03,9.559046e-03,1.5062867973e+00,1.0000,3.4551e-03
605.638,1.2789982086e-03,9.582310e-03,1.5062867973e+00,1.0000,3.5920e-03
606.165,1.2791750839e-03,9.610102e-03,1.5062867973e+00,1.0000,3.7187e-03
606.692,1.2793652518e-03,9.642418e-03,1.5062867973e+00,1.0000,3.8371e-03
607.219,1.2795658755e-03,9.679200e-03,1.5062867973e+00,1.0000,3.9487e-03
607.746,1.2797717877e-03,9.720335e-03,1.5062867973e+00,1.0000,4.0549e-03
608.273,1.2799761940e-03,9.765709e-03,1.5062867973e+00,1.0000,4.1562e-03
608.801,1.2801710950e-03,9.815266e-03,1.5062867973e+00,1.0000,4.2523e-03
609.328,1.2803483121e-03,9.868747e-03,1.5062867973e+00,1.0000,4.3421e-03
609.855,1.2805009761e-03,9.925922e-03,1.5062867973e+00,1.0000,1.9926e-02
610.382,1.2806238815e-03,9.987027e-03,1.5062867973e+00,1.0000,1.8315e-02
610.909,1.2807130720e-03,1.005081e-02,1.5062867973e+00,1.0000,1.6252e-02
611.436,1.2807666166e-03,1.011660e-02,1.5062867973e+00,1.0000,1.4253e-02
611.963,1.2807861975e-03,1.018370e-02,1.5062867973e+00,1.0000,1.2330e-02
612.490,1.2807772788e-03,1.025143e-02,1.5062867973e+00,1.0000,1.0488e-02
613.017,1.2807473985e-03,1.031898e-02,1.5062867973e+00,1.0000,8.6772e-03
613.544,1.2807046464e-03,1.038541e-02,1.5062867973e+00,1.0000,6.8929e-03
614.072,1.2806564155e-03,1.045022e-02,1.5062867973e+00,1.0000,5.2262e-03
614.599,1.2806101450e-03,1.051282e-02,1.5062867973e+00,1.0000,4.4024e-03
615.126,1.2805707142e-03,1.057338e-02,1.5062867973e+00,1.0000,4.0591e-03
615.653,1.2805419146e-03,1.063173e-02,1.5062867973e+00,1.0000,3.7102e-03
616.180,1.2805240689e-03,1.068764e-02,1.5062867973e+00,1.0000,3.3600e-03
616.707,1.2805154289e-03,1.074077e-02,1.5062867973e+00,1.0000,3.0116e-03
617.234,1.2805117266e-03,1.079082e-02,1.5062867973e+00,1.0000,2.6670e-03
617.761,1.2805090575e-03,1.083740e-02,1.5062867973e+00,1.0000,2.9732e-03
618.288,1.2805002512e-03,1.088019e-02,1.5062867973e+00,1.0000,3.8135e-03
618.815,1.2804787462e-03,1.091889e-02,1.5062867973e+00,1.0000,4.5997e-03
619.343,1.2804400328e-03,1.095307e-02,1.5062867973e+00,1.0000,5.3174e-03
619.870,1.2803792204e-03,1.098254e-02,1.5062867973e+00,1.0000,5.9626e-03
620.397,1.2802926260e-03,1.100700e-02,1.5062867973e+00,1.0000,6.5393e-03
620.924,1.2801780175e-03,1.102568e-02,1.5062867973e+00,1.0000,7.0633e-03
621.451,1.2800351455e-03,1.103838e-02,1.5062867973e+00,1.0000,7.5452e-03
621.978,1.2798657058e-03,1.104487e-02,1.5062867973e+00,1.0000,7.9959e-03
622.505,1.2796730653e-03,1.104511e-02,1.5062867973e+00,1.0000,8.4246e-03
623.032,1.2794617481e-03,1.103935e-02,1.5062867973e+00,1.0000,8.8364e-03
623.559,1.2792365635e-03,1.102753e-02,1.5062867973e+00,1.0000,9.2393e-03
624.086,1.2790018599e-03,1.100964e-02,1.5062867973e+00,1.0000,9.6427e-03
624.614,1.2787614710e-03,1.098589e-02,1.5062867973e+00,1.0000,1.0055e-02
625.141,1.2785191898e-03,1.095658e-02,1.5062867973e+00,1.0000,1.0486e-02
625.668,1.2782790061e-03,1.092207e-02,1.5062867973e+00,1.0000,1.0947e-02
626.195,1.2780447326e-03,1.088277e-02,1.5062867973e+00,1.0000,1.1505e-02
626.722,1.2778193975e-03,1.083915e-02,1.5062867973e+00,1.0000,1.2181e-02
627.249,1.2776049809e-03,1.079167e-02,1.5062867973e+00,1.0000,1.2987e-02
627.776,1.2774026434e-03,1.074082e-02,1.5062867973e+00,1.0000,1.3935e-02
628.303,1.2772131748e-03,1.068707e-02,1.5062867973e+00,1.0000,1.5037e-02
628.830,1.2770373332e-03,1.063086e-02,1.5062867973e+00,1.0000,1.6313e-02
629.357,1.2768759511e-03,1.057263e-02,1.5062867973e+00,1.0000,1.7786e-02
629.885,1.2767298969e-03,1.051277e-02,1.5062867973e+00,1.0000,1.9489e-02
630.412,1.2766000785e-03,1.045167e-02,1.5062867973e+00,1.0000,2.1469e-02
630.939,1.2764875882e-03,1.038968e-02,1.5062867973e+00,1.0000,2.3795e-02
631.466,1.2763938495e-03,1.032711e-02,1.5062867973e+00,1.0000,2.6580e-02
631.993,1.2763204865e-03,1.026419e-02,1.5062867973e+00,1.0000,2.9830e-02
632.520,1.2762688813e-03,1.020100e-02,1.5062867973e+00,1.0000,3.3219e-02
633.047,1.2762397732e-03,1.013777e-02,1.5062867973e+00,1.0000,3.6771e-02
633.574,1.2762332084e-03,1.007473e-02,1.5062867973e+00,1.0000,4.0447e-02
634.101,1.2762489619e-03,1.001213e-02,1.5062867973e+00,1.0000,4.4211e-02
634.628,1.2762861128e-03,9.950212e-03,1.5062867973e+00,1.0000,4.8029e-02
635.156,1.2763437942e-03,9.889238e-03,1.5062867973e+00,1.0000,5.1865e-02
635.683,1.2764200937e-03,9.829467e-03,1.5062867973e+00,1.0000,5.5689e-02
636.210,1.2765125392e-03,9.770919e-03,1.5062867973e+00,1.0000,5.9496e-02
636.737,1.2766179325e-03,9.713967e-03,1.5062867973e+00,1.0000,6.3287e-02
637.264,1.2767326723e-03,9.659062e-03,1.5062867973e+00,1.0000,6.7044e-02
637.791,1.2768530602e-03,9.606591e-03,1.5062867973e+00,1.0000,7.0751e-02
638.318,1.2769758638e-03,9.556823e-03,1.5062867973e+00,1.0000,7.4390e-02
638.845,1.2770987802e-03,9.510043e-03,1.5062867973e+00,1.0000,7.7943e-02
639.372,1.2772205357e-03,9.466541e-03,1.5062867973e+00,1.0000,8.1397e-02
639.899,1.2773406710e-03,9.426605e-03,1.5062867973e+00,1.0000,8.4735e-02
640.427,1.2774593324e-03,9.390541e-03,1.5062867973e+00,1.0000,8.7946e-02
640.954,1.2775772937e-03,9.358650e-03,1.5062867973e+00,1.0000,9.1019e-02
641.481,1.2776960719e-03,9.331211e-03,1.5062867973e+00,1.0000,9.3943e-02
642.008,1.2778177913e-03,9.308492e-03,1.5062867973e+00,1.0000,9.6709e-02
642.535,1.2779446671e-03,9.290742e-03,1.5062867973e+00,1.0000,9.9311e-02
643.062,1.2780784271e-03,9.278180e-03,1.5062867973e+00,1.0000,1.0174e-01
643.589,1.2782201081e-03,9.270989e-03,1.5062867973e+00,1.0000,1.0399e-01
644.116,1.2783702961e-03,9.269311e-03,1.5062867973e+00,1.0000,1.0605e-01
644.643,1.2785294463e-03,9.273256e-03,1.5062867973e+00,1.0000,1.0792e-01
645.170,1.2786979002e-03,9.282886e-03,1.5062867973e+00,1.0000,1.0959e-01
645.698,1.2788755905e-03,9.298212e-03,1.5062867973e+00,1.0000,1.1104e-01
646.225,1.2790617420e-03,9.319169e-03,1.5062867973e+00,1.0000,1.1227e-01
646.752,1.2792548697e-03,9.345657e-03,1.5062867973e+00,1.0000,1.1328e-01
647.279,1.2794531217e-03,9.377477e-03,1.5062867973e+00,1.0000,1.1403e-01
647.806,1.2796547614e-03,9.414394e-03,1.5062867973e+00,1.0000,1.1453e-01
648.333,1.2798584706e-03,9.456165e-03,1.5062867973e+00,1.0000,1.1477e-01
648.860,1.2800632583e-03,9.502544e-03,1.5062867973e+00,1.0000,1.1472e-01
649.387,1.2802680269e-03,9.553374e-03,1.5062867973e+00,1.0000,1.1438e-01
649.914,1.2804711018e-03,9.608304e-03,1.5062867973e+00,1.0000,1.1375e-01
650.441,1.2806700457e-03,9.667479e-03,1.5062867973e+00,1.0000,1.1284e-01
650.969,1.2808618579e-03,9.730127e-03,1.5062867973e+00,1.0000,1.1166e-01
651.496,1.2810434012e-03,9.795929e-03,1.5062867973e+00,1.0000,1.9507e-03
652.023,1.2812118331e-03,9.864647e-03,1.5062867973e+00,1.0000,2.2460e-03
652.550,1.2813649330e-03,9.936045e-03,1.5062867973e+00,1.0000,2.6847e-03
653.077,1.2815013488e-03,1.000973e-02,1.5062867973e+00,1.0000,3.3269e-03
653.604,1.2816208041e-03,1.008485e-02,1.5062867973e+00,1.0000,3.8985e-03
654.131,1.2817242382e-03,1.016089e-02,1.5062867973e+00,1.0000,4.3982e-03
654.658,1.2818137915e-03,1.023735e-02,1.5062867973e+00,1.0000,4.8258e-03
655.185,1.2818925653e-03,1.031378e-02,1.5062867973e+00,1.0000,5.1822e-03
655.712,1.2819641575e-03,1.038972e-02,1.5062867973e+00,1.0000,5.4681e-03
656.240,1.2820320517e-03,1.046470e-02,1.5062867973e+00,1.0000,5.6850e-03
656.767,1.2820989777e-03,1.053826e-02,1.5062867973e+00,1.0000,5.8346e-03
657.294,1.2821663715e-03,1.060996e-02,1.5062867973e+00,1.0000,5.9189e-03
657.821,1.2822340395e-03,1.068023e-02,1.5062867973e+00,1.0000,2.3234e-02
658.348,1.2823001034e-03,1.074862e-02,1.5062867973e+00,1.0000,2.1364e-02
658.875,1.2823612481e-03,1.081362e-02,1.5062867973e+00,1.0000,1.9286e-02
659.402,1.2824132435e-03,1.087447e-02,1.5062867973e+00,1.0000,1.7164e-02
659.929,1.2824516541e-03,1.093038e-02,1.5062867973e+00,1.0000,1.4931e-02
660.456,1.2824726192e-03,1.098043e-02,1.5062867973e+00,1.0000,1.2549e-02
660.983,1.2824735513e-03,1.102426e-02,1.5062867973e+00,1.0000,1.0155e-02
661.511,1.2824538030e-03,1.106174e-02,1.5062867973e+00,1.0000,7.7914e-03
662.038,1.2824147960e-03,1.109287e-02,1.5062867973e+00,1.0000,5.4785e-03
662.565,1.2823600305e-03,1.111761e-02,1.5062867973e+00,1.0000,3.5931e-03
663.092,1.2822950279e-03,1.113639e-02,1.5062867973e+00,1.0000,2.7366e-03
663.619,1.2822266821e-03,1.114976e-02,1.5062867973e+00,1.0000,1.9001e-03
664.146,1.2821622497e-03,1.115791e-02,1.5062867973e+00,1.0000,3.3391e-03
664.673,1.2821082656e-03,1.116086e-02,1.5062867973e+00,1.0000,5.5083e-03
665.200,1.2820701180e-03,1.115866e-02,1.5062867973e+00,1.0000,7.7486e-03
665.727,1.2820514516e-03,1.115069e-02,1.5062867973e+00,1.0000,1.0035e-02
666.254,1.2820537643e-03,1.113677e-02,1.5062867973e+00,1.0000,1.2400e-02
666.782,1.2820759218e-03,1.111766e-02,1.5062867973e+00,1.0000,1.4876e-02
667.309,1.2821145540e-03,1.109327e-02,1.5062867973e+00,1.0000,1.7505e-02
667.836,1.2821640387e-03,1.106332e-02,1.5062867973e+00,1.0000,2.0359e-02
668.363,1.2822191573e-03,1.102773e-02,1.5062867973e+00,1.0000,2.3554e-02
668.890,1.2822740411e-03,1.098641e-02,1.5062867973e+00,1.0000,2.7291e-02
669.417,1.2823212395e-03,1.093914e-02,1.5062867973e+00,1.0000,3.1408e-02
669.944,1.2823543601e-03,1.088573e-02,1.5062867973e+00,1.0000,3.5619e-02
670.471,1.2823689852e-03,1.082617e-02,1.5062867973e+00,1.0000,3.9897e-02
670.998,1.2823590310e-03,1.076058e-02,1.5062867973e+00,1.0000,4.4209e-02
671.525,1.2823225914e-03,1.068919e-02,1.5062867973e+00,1.0000,4.8524e-02
672.053,1.2822569899e-03,1.061238e-02,1.5062867973e+00,1.0000,5.2808e-02
672.580,1.2821605618e-03,1.053072e-02,1.5062867973e+00,1.0000,5.7032e-02
673.107,1.2820359145e-03,1.044490e-02,1.5062867973e+00,1.0000,6.1167e-02
673.634,1.2818865603e-03,1.035579e-02,1.5062867973e+00,1.0000,6.5191e-02
674.161,1.2817157057e-03,1.026439e-02,1.5062867973e+00,1.0000,6.9085e-02
674.688,1.2815263870e-03,1.017183e-02,1.5062867973e+00,1.0000,7.2832e-02
675.215,1.2813215000e-03,1.007930e-02,1.5062867973e+00,1.0000,7.6423e-02
675.742,1.2811034884e-03,9.988148e-03,1.5062867973e+00,1.0000,7.9845e-02
676.269,1.2808743405e-03,9.899619e-03,1.5062867973e+00,1.0000,8.3090e-02
676.796,1.2806358934e-03,9.814881e-03,1.5062867973e+00,1.0000,8.6145e-02
677.324,1.2803900528e-03,9.735052e-03,1.5062867973e+00,1.0000,8.9004e-02
677.851,1.2801387106e-03,9.661176e-03,1.5062867973e+00,1.0000,9.1656e-02
678.378,1.2798834506e-03,9.594197e-03,1.5062867973e+00,1.0000,9.4094e-02
678.905,1.2796252986e-03,9.534932e-03,1.5062867973e+00,1.0000,9.6308e-02
679.432,1.2793647332e-03,9.484054e-03,1.5062867973e+00,1.0000,9.8290e-02
679.959,1.2791020007e-03,9.442075e-03,1.5062867973e+00,1.0000,1.0003e-01
680.486,1.2788375693e-03,9.409338e-03,1.5062867973e+00,1.0000,1.0152e-01
681.013,1.2785724615e-03,9.386010e-03,1.5062867973e+00,1.0000,1.0274e-01
681.540,1.2783083001e-03,9.371971e-03,1.5062867973e+00,1.0000,1.0369e-01
682.067,1.2780471087e-03,9.367201e-03,1.5062867973e+00,1.0000,1.0437e-01
682.595,1.2777910632e-03,9.371471e-03,1.5062867973e+00,1.0000,1.0477e-01
683.122,1.2775423735e-03,9.384085e-03,1.5062867973e+00,1.0000,1.0490e-01
683.649,1.2773033161e-03,9.404623e-03,1.5062867973e+00,1.0000,1.0475e-01
684.176,1.2770762914e-03,9.432475e-03,1.5062867973e+00,1.0000,1.0433e-01
684.703,1.2768637637e-03,9.466970e-03,1.5062867973e+00,1.0000,1.0367e-01
685.230,1.2766680582e-03,9.507406e-03,1.5062867973e+00,1.0000,1.0276e-01
685.757,1.2764911282e-03,9.553077e-03,1.5062867973e+00,1.0000,1.0164e-01
686.284,1.2763344414e-03,9.603359e-03,1.5062867973e+00,1.0000,1.0035e-01
686.811,1.2761990520e-03,9.657338e-03,1.5062867973e+00,1.0000,9.8996e-02
687.338,1.2760857915e-03,9.714225e-03,1.5062867973e+00,1.0000,9.7605e-02
687.866,1.2759954465e-03,9.773468e-03,1.5062867973e+00,1.0000,9.6194e-02
688.393,1.2759288195e-03,9.834632e-03,1.5062867973e+00,1.0000,9.4782e-02
688.920,1.2758866570e-03,9.897383e-03,1.5062867973e+00,1.0000,9.3386e-02
689.447,1.2758694651e-03,9.961470e-03,1.5062867973e+00,1.0000,6.0194e-03
689.974,1.2758775935e-03,1.002691e-02,1.5062867973e+00,1.0000,2.2959e-02
690.501,1.2759105355e-03,1.009481e-02,1.5062867973e+00,1.0000,2.2026e-02
691.028,1.2759678713e-03,1.016352e-02,1.5062867973e+00,1.0000,2.0219e-02
691.555,1.2760484185e-03,1.023258e-02,1.5062867973e+00,1.0000,1.8421e-02
692.082,1.2761508052e-03,1.030163e-02,1.5062867973e+00,1.0000,1.6649e-02
692.609,1.2762731953e-03,1.037004e-02,1.5062867973e+00,1.0000,1.4792e-02
693.137,1.2764131419e-03,1.043737e-02,1.5062867973e+00,1.0000,1.2932e-02
693.664,1.2765674010e-03,1.050358e-02,1.5062867973e+00,1.0000,1.1180e-02
694.191,1.2767319421e-03,1.056878e-02,1.5062867973e+00,1.0000,9.5564e-03
694.718,1.2769022626e-03,1.063311e-02,1.5062867973e+00,1.0000,7.9924e-03
695.245,1.2770739260e-03,1.069671e-02,1.5062867973e+00,1.0000,6.4505e-03
695.772,1.2772431236e-03,1.075960e-02,1.5062867973e+00,1.0000,5.1385e-03
696.299,1.2774070077e-03,1.082207e-02,1.5062867973e+00,1.0000,4.5362e-03
696.826,1.2775636756e-03,1.088442e-02,1.5062867973e+00,1.0000,3.9673e-03
697.353,1.2777118411e-03,1.094659e-02,1.5062867973e+00,1.0000,3.4305e-03
697.880,1.2778504363e-03,1.100837e-02,1.5062867973e+00,1.0000,3.0460e-03
698.408,1.2779784211e-03,1.106952e-02,1.5062867973e+00,1.0000,2.7068e-03
698.935,1.2780948619e-03,1.113005e-02,1.5062867973e+00,1.0000,3.1047e-03
699.462,1.2781991838e-03,1.118876e-02,1.5062867973e+00,1.0000,4.0987e-03
699.989,1.2782914597e-03,1.124480e-02,1.5062867973e+00,1.0000,5.0045e-03
700.516,1.2783726418e-03,1.129783e-02,1.5062867973e+00,1.0000,5.8231e-03
701.043,1.2784447086e-03,1.134743e-02,1.5062867973e+00,1.0000,6.5506e-03
701.570,1.2785107247e-03,1.139364e-02,1.5062867973e+00,1.0000,7.1842e-03
702.097,1.2785747672e-03,1.143606e-02,1.5062867973e+00,1.0000,7.7253e-03
702.624,1.2786416489e-03,1.147409e-02,1.5062867973e+00,1.0000,8.1818e-03
703.151,1.2787163936e-03,1.150699e-02,1.5062867973e+00,1.0000,8.5649e-03
703.679,1.2788034938e-03,1.153426e-02,1.5062867973e+00,1.0000,8.8851e-03
704.206,1.2789060807e-03,1.155550e-02,1.5062867973e+00,1.0000,9.1454e-03
704.733,1.2790252135e-03,1.156994e-02,1.5062867973e+00,1.0000,9.3656e-03
705.260,1.2791594788e-03,1.157716e-02,1.5062867973e+00,1.0000,9.5654e-03
705.787,1.2793050045e-03,1.157702e-02,1.5062867973e+00,1.0000,9.7542e-03
706.314,1.2794558802e-03,1.156954e-02,1.5062867973e+00,1.0000,9.9393e-03
706.841,1.2796048972e-03,1.155483e-02,1.5062867973e+00,1.0000,1.0127e-02
707.368,1.2797444576e-03,1.153314e-02,1.5062867973e+00,1.0000,1.0322e-02
707.895,1.2798675062e-03,1.150483e-02,1.5062867973e+00,1.0000,1.0529e-02
708.422,1.2799684058e-03,1.147034e-02,1.5062867973e+00,1.0000,1.0749e-02
708.950,1.2800437107e-03,1.143022e-02,1.5062867973e+00,1.0000,1.0986e-02
709.477,1.2800927475e-03,1.138509e-02,1.5062867973e+00,1.0000,1.1241e-02
710.004,1.2801178529e-03,1.133560e-02,1.5062867973e+00,1.0000,1.1516e-02
710.531,1.2801242718e-03,1.128249e-02,1.5062867973e+00,1.0000,1.1813e-02
711.058,1.2801184386e-03,1.122648e-02,1.5062867973e+00,1.0000,1.2132e-02
711.585,1.2801116504e-03,1.116834e-02,1.5062867973e+00,1.0000,1.2477e-02
712.112,1.2801088082e-03,1.110881e-02,1.5062867973e+00,1.0000,1.2850e-02
712.639,1.2801190173e-03,1.104863e-02,1.5062867973e+00,1.0000,1.3274e-02
713.166,1.2801522148e-03,1.098853e-02,1.5062867973e+00,1.0000,1.3868e-02
713.693,1.2802103154e-03,1.092916e-02,1.5062867973e+00,1.0000,1.4643e-02
714.221,1.2802968556e-03,1.087112e-02,1.5062867973e+00,1.0000,1.5587e-02
714.748,1.2804118449e-03,1.081494e-02,1.5062867973e+00,1.0000,1.6693e-02
715.275,1.2805520796e-03,1.076109e-02,1.5062867973e+00,1.0000,1.7956e-02
715.802,1.2807107551e-03,1.070997e-02,1.5062867973e+00,1.0000,1.9377e-02
716.329,1.2808776848e-03,1.066193e-02,1.5062867973e+00,1.0000,2.0960e-02
716.856,1.2810401312e-03,1.061724e-02,1.5062867973e+00,1.0000,2.2717e-02
717.383,1.2811843724e-03,1.057612e-02,1.5062867973e+00,1.0000,2.4671e-02
717.910,1.2812980020e-03,1.053872e-02,1.5062867973e+00,1.0000,2.6859e-02
718.437,1.2813693924e-03,1.050513e-02,1.5062867973e+00,1.0000,2.9361e-02
718.964,1.2813890683e-03,1.047539e-02,1.5062867973e+00,1.0000,3.2393e-02
719.492,1.2813523406e-03,1.044928e-02,1.5062867973e+00,1.0000,3.5764e-02
720.019,1.2812575145e-03,1.042700e-02,1.5062867973e+00,1.0000,3.9213e-02
720.546,1.2811073805e-03,1.040845e-02,1.5062867973e+00,1.0000,4.2706e-02
721.073,1.2809032786e-03,1.039336e-02,1.5062867973e+00,1.0000,4.6213e-02
721.600,1.2806516923e-03,1.038130e-02,1.5062867973e+00,1.0000,4.9705e-02
722.127,1.2803654081e-03,1.037195e-02,1.5062867973e+00,1.0000,5.3157e-02
722.654,1.2800560926e-03,1.036495e-02,1.5062867973e+00,1.0000,5.6546e-02
723.181,1.2797328207e-03,1.035989e-02,1.5062867973e+00,1.0000,5.9856e-02
723.708,1.2794047742e-03,1.035646e-02,1.5062867973e+00,1.0000,6.3076e-02
724.235,1.2790823284e-03,1.035438e-02,1.5062867973e+00,1.0000,6.6200e-02
724.763,1.2787754627e-03,1.035339e-02,1.5062867973e+00,1.0000,6.9222e-02
725.290,1.2784921469e-03,1.035327e-02,1.5062867973e+00,1.0000,7.2143e-02
725.817,1.2782381110e-03,1.035378e-02,1.5062867973e+00,1.0000,7.4963e-02
726.344,1.2780172423e-03,1.035467e-02,1.5062867973e+00,1.0000,7.7688e-02
726.871,1.2778318466e-03,1.035573e-02,1.5062867973e+00,1.0000,8.0354e-02
727.398,1.2776834870e-03,1.035652e-02,1.5062867973e+00,1.0000,8.2980e-02
727.925,1.2775738881e-03,1.035663e-02,1.5062867973e+00,1.0000,8.5576e-02
728.452,1.2775041424e-03,1.035592e-02,1.5062867973e+00,1.0000,8.8146e-02
728.979,1.2774734357e-03,1.035454e-02,1.5062867973e+00,1.0000,9.0698e-02
729.506,1.2774797353e-03,1.035225e-02,1.5062867973e+00,1.0000,9.3234e-02
730.034,1.2775203410e-03,1.034903e-02,1.5062867973e+00,1.0000,9.5757e-02
730.561,1.2775924042e-03,1.034495e-02,1.5062867973e+00,1.0000,9.8264e-02
731.088,1.2776929318e-03,1.034010e-02,1.5062867973e+00,1.0000,1.0075e-01
731.615,1.2778207849e-03,1.033462e-02,1.5062867973e+00,1.0000,1.0320e-01
732.142,1.2779748350e-03,1.032869e-02,1.5062867973e+00,1.0000,1.0561e-01
732.669,1.2781513559e-03,1.032253e-02,1.5062867973e+00,1.0000,1.0795e-01
733.196,1.2783442628e-03,1.031636e-02,1.5062867973e+00,1.0000,1.1021e-01
733.723,1.2785478637e-03,1.031042e-02,1.5062867973e+00,1.0000,1.1235e-01
734.250,1.2787588814e-03,1.030497e-02,1.5062867973e+00,1.0000,1.1434e-01
734.777,1.2789762412e-03,1.030024e-02,1.5062867973e+00,1.0000,1.1615e-01
735.305,1.2791996737e-03,1.029647e-02,1.5062867973e+00,1.0000,1.1776e-01
735.832,1.2794285581e-03,1.029388e-02,1.5062867973e+00,1.0000,1.1911e-01
736.359,1.2796614009e-03,1.029270e-02,1.5062867973e+00,1.0000,1.2018e-01
736.886,1.2798957412e-03,1.029310e-02,1.5062867973e+00,1.0000,1.2093e-01
737.413,1.2801281541e-03,1.029529e-02,1.5062867973e+00,1.0000,1.2134e-01
737.940,1.2803541161e-03,1.029940e-02,1.5062867973e+00,1.0000,1.2139e-01
738.467,1.2805682821e-03,1.030651e-02,1.5062867973e+00,1.0000,2.1370e-03
738.994,1.2807652075e-03,1.031618e-02,1.5062867973e+00,1.0000,1.0655e-03
739.521,1.2809398304e-03,1.032754e-02,1.5062867973e+00,1.0000,9.6572e-04
740.048,1.2810879571e-03,1.034023e-02,1.5062867973e+00,1.0000,1.4205e-03
740.576,1.2812071130e-03,1.035456e-02,1.5062867973e+00,1.0000,1.8795e-03
741.103,1.2812971855e-03,1.037134e-02,1.5062867973e+00,1.0000,2.4169e-03
741.630,1.2813605116e-03,1.039020e-02,1.5062867973e+00,1.0000,3.1526e-03
742.157,1.2814017865e-03,1.041082e-02,1.5062867973e+00,1.0000,3.8281e-03
742.684,1.2814279030e-03,1.043322e-02,1.5062867973e+00,1.0000,4.4459e-03
743.211,1.2814473715e-03,1.045779e-02,1.5062867973e+00,1.0000,5.0075e-03
743.738,1.2814693359e-03,1.048473e-02,1.5062867973e+00,1.0000,5.5120e-03
744.265,1.2815026123e-03,1.051414e-02,1.5062867973e+00,1.0000,5.9584e-03
744.792,1.2815548678e-03,1.054609e-02,1.5062867973e+00,1.0000,6.3462e-03
745.319,1.2816317233e-03,1.058061e-02,1.5062867973e+00,1.0000,6.6750e-03
745.847,1.2817359552e-03,1.061770e-02,1.5062867973e+00,1.0000,6.9450e-03
746.374,1.2818673771e-03,1.065876e-02,1.5062867973e+00,1.0000,2.3412e-02
746.901,1.2820235243e-03,1.070225e-02,1.5062867973e+00,1.0000,2.1617e-02
747.428,1.2822004432e-03,1.074754e-02,1.5062867973e+00,1.0000,1.9805e-02
747.955,1.2823928457e-03,1.079408e-02,1.5062867973e+00,1.0000,1.8005e-02
748.482,1.2825937242e-03,1.084104e-02,1.5062867973e+00,1.0000,1.6092e-02
749.009,1.2827941737e-03,1.088780e-02,1.5062867973e+00,1.0000,1.4161e-02
749.536,1.2829839526e-03,1.093409e-02,1.5062867973e+00,1.0000,1.2331e-02
750.063,1.2831525131e-03,1.097976e-02,1.5062867973e+00,1.0000,1.0612e-02
750.590,1.2832899695e-03,1.102477e-02,1.5062867973e+00,1.0000,8.9133e-03
751.118,1.2833883749e-03,1.106906e-02,1.5062867973e+00,1.0000,7.2111e-03
751.645,1.2834411470e-03,1.111257e-02,1.5062867973e+00,1.0000,5.4890e-03
752.172,1.2834415384e-03,1.115510e-02,1.5062867973e+00,1.0000,4.5779e-03
752.699,1.2833854058e-03,1.119703e-02,1.5062867973e+00,1.0000,3.8946e-03
753.226,1.2832720810e-03,1.123827e-02,1.5062867973e+00,1.0000,3.2484e-03
753.753,1.2831065173e-03,1.127856e-02,1.5062867973e+00,1.0000,2.7631e-03
754.280,1.2828937925e-03,1.131779e-02,1.5062867973e+00,1.0000,2.4562e-03
754.807,1.2826363558e-03,1.135543e-02,1.5062867973e+00,1.0000,3.7812e-03
755.334,1.2823405369e-03,1.139032e-02,1.5062867973e+00,1.0000,5.0270e-03
755.861,1.2820168678e-03,1.142233e-02,1.5062867973e+00,1.0000,6.1874e-03
756.389,1.2816755799e-03,1.145184e-02,1.5062867973e+00,1.0000,7.2504e-03
756.916,1.2813247825e-03,1.147877e-02,1.5062867973e+00,1.0000,8.2074e-03
757.443,1.2809716864e-03,1.150280e-02,1.5062867973e+00,1.0000,9.0566e-03
757.970,1.2806232710e-03,1.152345e-02,1.5062867973e+00,1.0000,9.8000e-03
758.497,1.2802855645e-03,1.154032e-02,1.5062867973e+00,1.0000,1.0441e-02
759.024,1.2799629895e-03,1.155309e-02,1.5062867973e+00,1.0000,1.0983e-02
759.551,1.2796584638e-03,1.156144e-02,1.5062867973e+00,1.0000,1.1431e-02
760.078,1.2793737379e-03,1.156511e-02,1.5062867973e+00,1.0000,1.1789e-02
760.605,1.2791094612e-03,1.156380e-02,1.5062867973e+00,1.0000,1.2063e-02
761.132,1.2788650952e-03,1.155729e-02,1.5062867973e+00,1.0000,1.2260e-02
761.660,1.2786390331e-03,1.154548e-02,1.5062867973e+00,1.0000,1.2377e-02
762.187,1.2784290319e-03,1.152768e-02,1.5062867973e+00,1.0000,1.2430e-02
762.714,1.2782327662e-03,1.150367e-02,1.5062867973e+00,1.0000,1.2442e-02
763.241,1.2780482572e-03,1.147359e-02,1.5062867973e+00,1.0000,1.2420e-02
763.768,1.2778740760e-03,1.143767e-02,1.5062867973e+00,1.0000,1.2373e-02
764.295,1.2777093517e-03,1.139624e-02,1.5062867973e+00,1.0000,1.2304e-02
764.822,1.2775536609e-03,1.134976e-02,1.5062867973e+00,1.0000,1.2236e-02
765.349,1.2774068516e-03,1.129874e-02,1.5062867973e+00,1.0000,1.2263e-02
765.876,1.2772688357e-03,1.124382e-02,1.5062867973e+00,1.0000,1.2375e-02
766.403,1.2771393906e-03,1.118565e-02,1.5062867973e+00,1.0000,1.2550e-02
766.931,1.2770180186e-03,1.112499e-02,1.5062867973e+00,1.0000,1.2767e-02
767.458,1.2769039107e-03,1.106259e-02,1.5062867973e+00,1.0000,1.3008e-02
767.985,1.2767960312e-03,1.099926e-02,1.5062867973e+00,1.0000,1.3257e-02
768.512,1.2766933066e-03,1.093579e-02,1.5062867973e+00,1.0000,1.3504e-02
769.039,1.2765948718e-03,1.087312e-02,1.5062867973e+00,1.0000,1.3734e-02
769.566,1.2765003160e-03,1.081194e-02,1.5062867973e+00,1.0000,1.3935e-02
770.093,1.2764098655e-03,1.075290e-02,1.5062867973e+00,1.0000,1.4103e-02
770.620,1.2763244500e-03,1.069656e-02,1.5062867973e+00,1.0000,1.4242e-02
771.147,1.2762456202e-03,1.064343e-02,1.5062867973e+00,1.0000,1.4363e-02
771.674,1.2761753259e-03,1.059395e-02,1.5062867973e+00,1.0000,1.4485e-02
772.202,1.2761156185e-03,1.054851e-02,1.5062867973e+00,1.0000,1.4630e-02
772.729,1.2760683681e-03,1.050741e-02,1.5062867973e+00,1.0000,1.4824e-02
773.256,1.2760350647e-03,1.047092e-02,1.5062867973e+00,1.0000,1.5092e-02
773.783,1.2760167041e-03,1.043926e-02,1.5062867973e+00,1.0000,1.5462e-02
774.310,1.2760136739e-03,1.041263e-02,1.5062867973e+00,1.0000,1.5957e-02
774.837,1.2760258196e-03,1.039187e-02,1.5062867973e+00,1.0000,1.6588e-02
775.364,1.2760518751e-03,1.037685e-02,1.5062867973e+00,1.0000,1.7349e-02
775.891,1.2760904193e-03,1.036731e-02,1.5062867973e+00,1.0000,1.8240e-02
776.418,1.2761392902e-03,1.036306e-02,1.5062867973e+00,1.0000,1.9269e-02
776.945,1.2761968126e-03,1.036386e-02,1.5062867973e+00,1.0000,2.0443e-02
777.473,1.2762618328e-03,1.036941e-02,1.5062867973e+00,1.0000,2.1772e-02
778.000,1.2763339338e-03,1.037937e-02,1.5062867973e+00,1.0000,2.3270e-02
778.527,1.2764129855e-03,1.039336e-02,1.5062867973e+00,1.0000,2.4951e-02
779.054,1.2764987362e-03,1.041099e-02,1.5062867973e+00,1.0000,2.6887e-02
779.581,1.2765906703e-03,1.043178e-02,1.5062867973e+00,1.0000,2.9149e-02
780.108,1.2766883230e-03,1.045531e-02,1.5062867973e+00,1.0000,3.1752e-02
780.635,1.2767918005e-03,1.048112e-02,1.5062867973e+00,1.0000,3.4705e-02
781.162,1.2769020546e-03,1.050882e-02,1.5062867973e+00,1.0000,3.7991e-02
781.689,1.2770206368e-03,1.053812e-02,1.5062867973e+00,1.0000,4.1445e-02
782.216,1.2771490587e-03,1.056876e-02,1.5062867973e+00,1.0000,4.4804e-02
782.744,1.2772881693e-03,1.060099e-02,1.5062867973e+00,1.0000,4.7504e-02
783.271,1.2774378960e-03,1.063475e-02,1.5062867973e+00,1.0000,4.8002e-02
783.798,1.2775973770e-03,1.066982e-02,1.5062867973e+00,1.0000,4.4419e-02
784.325,1.2777651827e-03,1.070612e-02,1.5062867973e+00,1.0000,3.6566e-02
784.852,1.2779392936e-03,1.074358e-02,1.5062867973e+00,1.0000,2.7185e-02
785.379,1.2781168346e-03,1.078228e-02,1.5062867973e+00,1.0000,1.8914e-02
785.906,1.2782938768e-03,1.082233e-02,1.5062867973e+00,1.0000,1.2595e-02
786.433,1.2784655139e-03,1.086386e-02,1.5062867973e+00,1.0000,8.0588e-03
786.960,1.2786261288e-03,1.090701e-02,1.5062867973e+00,1.0000,4.9305e-03
787.487,1.2787698107e-03,1.095193e-02,1.5062867973e+00,1.0000,4.2142e-03
788.015,1.2788911343e-03,1.099873e-02,1.5062867973e+00,1.0000,4.2687e-03
788.542,1.2789863687e-03,1.104752e-02,1.5062867973e+00,1.0000,4.2566e-03
789.069,1.2790546481e-03,1.109837e-02,1.5062867973e+00,1.0000,4.1779e-03
789.596,1.2790984470e-03,1.115131e-02,1.5062867973e+00,1.0000,4.0335e-03
790.123,1.2791231931e-03,1.120630e-02,1.5062867973e+00,1.0000,3.8299e-03
790.650,1.2791364295e-03,1.126325e-02,1.5062867973e+00,1.0000,3.5810e-03
791.177,1.2791469620e-03,1.132199e-02,1.5062867973e+00,1.0000,3.2970e-03
791.704,1.2791640254e-03,1.138223e-02,1.5062867973e+00,1.0000,2.9856e-03
792.231,1.2791962945e-03,1.144356e-02,1.5062867973e+00,1.0000,2.6524e-03
792.758,1.2792507483e-03,1.150549e-02,1.5062867973e+00,1.0000,2.3015e-03
793.286,1.2793316687e-03,1.156740e-02,1.5062867973e+00,1.0000,1.9371e-03
793.813,1.2794400820e-03,1.162859e-02,1.5062867973e+00,1.0000,2.4044e-03
794.340,1.2795737610e-03,1.168825e-02,1.5062867973e+00,1.0000,3.0327e-03
794.867,1.2797277349e-03,1.174560e-02,1.5062867973e+00,1.0000,3.7031e-03
795.394,1.2798951980e-03,1.179969e-02,1.5062867973e+00,1.0000,4.4108e-03
795.921,1.2800686795e-03,1.184960e-02,1.5062867973e+00,1.0000,5.1411e-03
796.448,1.2802412582e-03,1.189478e-02,1.5062867973e+00,1.0000,5.8813e-03
796.975,1.2804075169e-03,1.193409e-02,1.5062867973e+00,1.0000,6.6236e-03
797.502,1.2805639815e-03,1.196657e-02,1.5062867973e+00,1.0000,7.3636e-03
798.029,1.2807090149e-03,1.199153e-02,1.5062867973e+00,1.0000,8.0976e-03
798.557,1.2808424062e-03,1.200840e-02,1.5062867973e+00,1.0000,8.8224e-03
799.084,1.2809650214e-03,1.201672e-02,1.5062867973e+00,1.0000,9.5352e-03
799.611,1.2810787561e-03,1.201608e-02,1.5062867973e+00,1.0000,1.0234e-02
800.138,1.2811867417e-03,1.200630e-02,1.5062867973e+00,1.0000,1.0919e-02
800.665,1.2812935108e-03,1.198735e-02,1.5062867973e+00,1.0000,1.1590e-02
801.192,1.2814047914e-03,1.195936e-02,1.5062867973e+00,1.0000,1.2248e-02
801.719,1.2815267875e-03,1.192264e-02,1.5062867973e+00,1.0000,1.2896e-02
802.246,1.2816650841e-03,1.187765e-02,1.5062867973e+00,1.0000,1.3538e-02
802.773,1.2818235066e-03,1.182498e-02,1.5062867973e+00,1.0000,1.4180e-02
803.300,1.2820032751e-03,1.176533e-02,1.5062867973e+00,1.0000,1.4829e-02
803.828,1.2822026420e-03,1.169953e-02,1.5062867973e+00,1.0000,1.5496e-02
804.355,1.2824169927e-03,1.162845e-02,1.5062867973e+00,1.0000,1.6193e-02
804.882,1.2826392487e-03,1.155305e-02,1.5062867973e+00,1.0000,1.7002e-02
805.409,1.2828603877e-03,1.147430e-02,1.5062867973e+00,1.0000,1.8090e-02
805.936,1.2830699978e-03,1.139318e-02,1.5062867973e+00,1.0000,1.9471e-02
806.463,1.2832568880e-03,1.131063e-02,1.5062867973e+00,1.0000,2.1161e-02
806.990,1.2834097630e-03,1.122755e-02,1.5062867973e+00,1.0000,2.3199e-02
807.517,1.2835179229e-03,1.114483e-02,1.5062867973e+00,1.0000,2.5656e-02
808.044,1.2835733078e-03,1.106327e-02,1.5062867973e+00,1.0000,2.8598e-02
808.571,1.2835717507e-03,1.098347e-02,1.5062867973e+00,1.0000,3.1688e-02
809.099,1.2835096156e-03,1.090610e-02,1.5062867973e+00,1.0000,3.4940e-02
809.626,1.2833826425e-03,1.083181e-02,1.5062867973e+00,1.0000,3.8377e-02
810.153,1.2831954328e-03,1.076119e-02,1.5062867973e+00,1.0000,4.1955e-02
810.680,1.2829580455e-03,1.069475e-02,1.5062867973e+00,1.0000,4.5633e-02
811.207,1.2826767966e-03,1.063294e-02,1.5062867973e+00,1.0000,4.9370e-02
811.734,1.2823576832e-03,1.057613e-02,1.5062867973e+00,1.0000,5.3129e-02
812.261,1.2820099797e-03,1.052458e-02,1.5062867973e+00,1.0000,5.6877e-02
812.788,1.2816450712e-03,1.047815e-02,1.5062867973e+00,1.0000,6.0629e-02
813.315,1.2812747165e-03,1.043721e-02,1.5062867973e+00,1.0000,6.4382e-02
813.842,1.2809104751e-03,1.040191e-02,1.5062867973e+00,1.0000,6.8119e-02
814.370,1.2805627906e-03,1.037246e-02,1.5062867973e+00,1.0000,7.1818e-02
814.897,1.2802396287e-03,1.034893e-02,1.5062867973e+00,1.0000,7.5448e-02
815.424,1.2799458288e-03,1.033120e-02,1.5062867973e+00,1.0000,7.8976e-02
815.951,1.2796834624e-03,1.031909e-02,1.5062867973e+00,1.0000,8.2361e-02
816.478,1.2794525694e-03,1.031240e-02,1.5062867973e+00,1.0000,8.5562e-02
817.005,1.2792517543e-03,1.031071e-02,1.5062867973e+00,1.0000,8.8536e-02
817.532,1.2790785650e-03,1.031370e-02,1.5062867973e+00,1.0000,9.1238e-02
818.059,1.2789297213e-03,1.032125e-02,1.5062867973e+00,1.0000,9.3626e-02
818.586,1.2788013608e-03,1.033331e-02,1.5062867973e+00,1.0000,9.5658e-02
819.113,1.2786897250e-03,1.034956e-02,1.5062867973e+00,1.0000,9.7303e-02
819.641,1.2785923594e-03,1.036945e-02,1.5062867973e+00,1.0000,9.8538e-02
820.168,1.2785087990e-03,1.039238e-02,1.5062867973e+00,1.0000,9.9355e-02
820.695,1.2784397997e-03,1.041818e-02,1.5062867973e+00,1.0000,9.9758e-02
821.222,1.2783859628e-03,1.044656e-02,1.5062867973e+00,1.0000,9.9760e-02
821.749,1.2783473068e-03,1.047719e-02,1.5062867973e+00,1.0000,9.9384e-02
822.276,1.2783238605e-03,1.050978e-02,1.5062867973e+00,1.0000,9.8663e-02
822.803,1.2783159605e-03,1.054406e-02,1.5062867973e+00,1.0000,9.7666e-02
823.330,1.2783244573e-03,1.057948e-02,1.5062867973e+00,1.0000,9.6551e-02
823.857,1.2783482076e-03,1.061557e-02,1.5062867973e+00,1.0000,9.5362e-02
824.384,1.2783861937e-03,1.065207e-02,1.5062867973e+00,1.0000,9.4128e-02
824.912,1.2784354150e-03,1.068881e-02,1.5062867973e+00,1.0000,9.2877e-02
825.439,1.2784927460e-03,1.072573e-02,1.5062867973e+00,1.0000,9.1631e-02
825.966,1.2785548229e-03,1.076281e-02,1.5062867973e+00,1.0000,9.0411e-02
826.493,1.2786185006e-03,1.080082e-02,1.5062867973e+00,1.0000,2.2902e-02
827.020,1.2786810624e-03,1.083996e-02,1.5062867973e+00,1.0000,2.1688e-02
827.547,1.2787404292e-03,1.087922e-02,1.5062867973e+00,1.0000,1.9890e-02
828.074,1.2787952194e-03,1.091834e-02,1.5062867973e+00,1.0000,1.8081e-02
828.601,1.2788446883e-03,1.095714e-02,1.5062867973e+00,1.0000,1.6268e-02
829.128,1.2788885745e-03,1.099522e-02,1.5062867973e+00,1.0000,1.4360e-02
829.655,1.2789269314e-03,1.103257e-02,1.5062867973e+00,1.0000,1.2497e-02
830.183,1.2789599665e-03,1.106946e-02,1.5062867973e+00,1.0000,1.0761e-02
830.710,1.2789879278e-03,1.110628e-02,1.5062867973e+00,1.0000,9.1694e-03
831.237,1.2790110374e-03,1.114345e-02,1.5062867973e+00,1.0000,7.6564e-03
831.764,1.2790294518e-03,1.118140e-02,1.5062867973e+00,1.0000,6.1903e-03
832.291,1.2790432714e-03,1.122041e-02,1.5062867973e+00,1.0000,5.3454e-03
832.818,1.2790526192e-03,1.126119e-02,1.5062867973e+00,1.0000,4.8380e-03
833.345,1.2790577663e-03,1.130409e-02,1.5062867973e+00,1.0000,4.3687e-03
833.872,1.2790596145e-03,1.134918e-02,1.5062867973e+00,1.0000,4.0190e-03
834.399,1.2790586552e-03,1.139653e-02,1.5062867973e+00,1.0000,3.7624e-03
834.926,1.2790556633e-03,1.144599e-02,1.5062867973e+00,1.0000,3.4973e-03
835.454,1.2790554089e-03,1.149769e-02,1.5062867973e+00,1.0000,3.2213e-03
835.981,1.2790570978e-03,1.155055e-02,1.5062867973e+00,1.0000,2.9418e-03
836.508,1.2790679393e-03,1.160392e-02,1.5062867973e+00,1.0000,3.5487e-03
837.035,1.2790900954e-03,1.165752e-02,1.5062867973e+00,1.0000,4.0914e-03
837.562,1.2791264856e-03,1.171094e-02,1.5062867973e+00,1.0000,4.5420e-03
838.089,1.2791796583e-03,1.176417e-02,1.5062867973e+00,1.0000,4.9011e-03
838.616,1.2792508441e-03,1.181689e-02,1.5062867973e+00,1.0000,5.1733e-03
839.143,1.2793406419e-03,1.186842e-02,1.5062867973e+00,1.0000,5.3696e-03
839.670,1.2794487108e-03,1.191807e-02,1.5062867973e+00,1.0000,5.5029e-03
840.197,1.2795737873e-03,1.196527e-02,1.5062867973e+00,1.0000,5.5819e-03
840.725,1.2797134646e-03,1.200917e-02,1.5062867973e+00,1.0000,5.6351e-03
841.252,1.2798643011e-03,1.204937e-02,1.5062867973e+00,1.0000,5.6749e-03
841.779,1.2800220860e-03,1.208558e-02,1.5062867973e+00,1.0000,5.7087e-03
842.306,1.2801821663e-03,1.211758e-02,1.5062867973e+00,1.0000,5.7420e-03
842.833,1.2803397395e-03,1.214524e-02,1.5062867973e+00,1.0000,5.7781e-03
843.360,1.2804900353e-03,1.216849e-02,1.5062867973e+00,1.0000,5.8186e-03
843.887,1.2806282157e-03,1.218736e-02,1.5062867973e+00,1.0000,5.8637e-03
844.414,1.2807489842e-03,1.220194e-02,1.5062867973e+00,1.0000,5.9125e-03
844.941,1.2808468175e-03,1.221238e-02,1.5062867973e+00,1.0000,5.9634e-03
845.468,1.2809169355e-03,1.221884e-02,1.5062867973e+00,1.0000,6.0142e-03
845.996,1.2809551440e-03,1.222153e-02,1.5062867973e+00,1.0000,6.0625e-03
846.523,1.2809571884e-03,1.222068e-02,1.5062867973e+00,1.0000,6.1058e-03
847.050,1.2809202099e-03,1.221651e-02,1.5062867973e+00,1.0000,6.1420e-03
847.577,1.2808441070e-03,1.220923e-02,1.5062867973e+00,1.0000,6.1693e-03
848.104,1.2807306531e-03,1.219905e-02,1.5062867973e+00,1.0000,6.1864e-03
848.631,1.2805838713e-03,1.218617e-02,1.5062867973e+00,1.0000,6.1927e-03
849.158,1.2804076238e-03,1.217081e-02,1.5062867973e+00,1.0000,6.1880e-03
849.685,1.2802048386e-03,1.215313e-02,1.5062867973e+00,1.0000,6.1731e-03
850.212,1.2799798320e-03,1.213331e-02,1.5062867973e+00,1.0000,6.1491e-03
850.739,1.2797390198e-03,1.211145e-02,1.5062867973e+00,1.0000,6.1180e-03
851.267,1.2794891303e-03,1.208770e-02,1.5062867973e+00,1.0000,6.0819e-03
851.794,1.2792359265e-03,1.206230e-02,1.5062867973e+00,1.0000,6.0429e-03
852.321,1.2789843027e-03,1.203531e-02,1.5062867973e+00,1.0000,6.0037e-03
852.848,1.2787385153e-03,1.200661e-02,1.5062867973e+00,1.0000,5.9668e-03
853.375,1.2785019010e-03,1.197621e-02,1.5062867973e+00,1.0000,5.9331e-03
853.902,1.2782764847e-03,1.194408e-02,1.5062867973e+00,1.0000,5.9035e-03
854.429,1.2780628633e-03,1.191014e-02,1.5062867973e+00,1.0000,5.8794e-03
854.956,1.2778603358e-03,1.187433e-02,1.5062867973e+00,1.0000,5.8627e-03
855.483,1.2776671588e-03,1.183655e-02,1.5062867973e+00,1.0000,5.8559e-03
856.010,1.2774809105e-03,1.179672e-02,1.5062867973e+00,1.0000,5.8617e-03
856.538,1.2772989661e-03,1.175481e-02,1.5062867973e+00,1.0000,5.8835e-03
857.065,1.2771190117e-03,1.171083e-02,1.5062867973e+00,1.0000,5.9250e-03
857.592,1.2769394896e-03,1.166481e-02,1.5062867973e+00,1.0000,5.9902e-03
858.119,1.2767598984e-03,1.161688e-02,1.5062867973e+00,1.0000,6.0835e-03
858.646,1.2765809287e-03,1.156726e-02,1.5062867973e+00,1.0000,6.2098e-03
859.173,1.2764044469e-03,1.151611e-02,1.5062867973e+00,1.0000,6.3739e-03
859.700,1.2762333369e-03,1.146376e-02,1.5062867973e+00,1.0000,6.5817e-03
860.227,1.2760712331e-03,1.141059e-02,1.5062867973e+00,1.0000,6.8385e-03
860.754,1.2759222187e-03,1.135665e-02,1.5062867973e+00,1.0000,7.1499e-03
861.281,1.2757905269e-03,1.130231e-02,1.5062867973e+00,1.0000,7.5195e-03
861.809,1.2756801793e-03,1.124856e-02,1.5062867973e+00,1.0000,7.9459e-03
862.336,1.2755945787e-03,1.119563e-02,1.5062867973e+00,1.0000,8.4240e-03
862.863,1.2755362972e-03,1.114383e-02,1.5062867973e+00,1.0000,8.9510e-03
863.390,1.2755072191e-03,1.109348e-02,1.5062867973e+00,1.0000,9.5256e-03
863.917,1.2755087365e-03,1.104487e-02,1.5062867973e+00,1.0000,1.0148e-02
864.444,1.2755421398e-03,1.099826e-02,1.5062867973e+00,1.0000,1.0818e-02
864.971,1.2756076612e-03,1.095391e-02,1.5062867973e+00,1.0000,1.1539e-02
865.498,1.2757055157e-03,1.091200e-02,1.5062867973e+00,1.0000,1.2313e-02
866.025,1.2758352102e-03,1.087272e-02,1.5062867973e+00,1.0000,1.3143e-02
866.552,1.2759954911e-03,1.083619e-02,1.5062867973e+00,1.0000,1.4036e-02
867.080,1.2761835105e-03,1.080255e-02,1.5062867973e+00,1.0000,1.5001e-02
867.607,1.2763953062e-03,1.077190e-02,1.5062867973e+00,1.0000,1.6050e-02
868.134,1.2766268520e-03,1.074434e-02,1.5062867973e+00,1.0000,1.7201e-02
868.661,1.2768746915e-03,1.071996e-02,1.5062867973e+00,1.0000,1.8610e-02
869.188,1.2771358218e-03,1.069885e-02,1.5062867973e+00,1.0000,2.0436e-02
869.715,1.2774071831e-03,1.068106e-02,1.5062867973e+00,1.0000,2.2703e-02
870.242,1.2776852371e-03,1.066653e-02,1.5062867973e+00,1.0000,2.5257e-02
870.769,1.2779660092e-03,1.065520e-02,1.5062867973e+00,1.0000,2.7885e-02
871.296,1.2782456995e-03,1.064716e-02,1.5062867973e+00,1.0000,3.0555e-02
871.823,1.2785214951e-03,1.064252e-02,1.5062867973e+00,1.0000,3.3314e-02
872.351,1.2787919098e-03,1.064140e-02,1.5062867973e+00,1.0000,3.6214e-02
872.878,1.2790562552e-03,1.064395e-02,1.5062867973e+00,1.0000,3.9193e-02
873.405,1.2793135448e-03,1.065034e-02,1.5062867973e+00,1.0000,4.2196e-02
873.932,1.2795615634e-03,1.066085e-02,1.5062867973e+00,1.0000,4.5173e-02
874.459,1.2797966121e-03,1.067559e-02,1.5062867973e+00,1.0000,4.8077e-02
874.986,1.2800139461e-03,1.069453e-02,1.5062867973e+00,1.0000,5.0869e-02
875.513,1.2802086714e-03,1.071756e-02,1.5062867973e+00,1.0000,5.3515e-02
876.040,1.2803768308e-03,1.074473e-02,1.5062867973e+00,1.0000,5.5998e-02
876.567,1.2805163523e-03,1.077608e-02,1.5062867973e+00,1.0000,5.5219e-02
877.094,1.2806275755e-03,1.081145e-02,1.5062867973e+00,1.0000,4.1244e-02
877.622,1.2807133726e-03,1.085079e-02,1.5062867973e+00,1.0000,2.5108e-02
878.149,1.2807791269e-03,1.089406e-02,1.5062867973e+00,1.0000,1.3863e-02
878.676,1.2808326252e-03,1.094120e-02,1.5062867973e+00,1.0000,6.9137e-03
879.203,1.2808835096e-03,1.099210e-02,1.5062867973e+00,1.0000,4.4962e-03
879.730,1.2809419839e-03,1.104667e-02,1.5062867973e+00,1.0000,4.5309e-03
880.257,1.2810170724e-03,1.110476e-02,1.5062867973e+00,1.0000,4.5006e-03
880.784,1.2811152313e-03,1.116619e-02,1.5062867973e+00,1.0000,4.4098e-03
881.311,1.2812399061e-03,1.123076e-02,1.5062867973e+00,1.0000,4.2633e-03
881.838,1.2813919320e-03,1.129824e-02,1.5062867973e+00,1.0000,4.0680e-03
882.365,1.2815702154e-03,1.136833e-02,1.5062867973e+00,1.0000,3.8298e-03
882.893,1.2817722629e-03,1.144072e-02,1.5062867973e+00,1.0000,3.5553e-03
883.420,1.2819945312e-03,1.151504e-02,1.5062867973e+00,1.0000,3.2561e-03
883.947,1.2822327510e-03,1.159087e-02,1.5062867973e+00,1.0000,2.9447e-03
884.474,1.2824822188e-03,1.166772e-02,1.5062867973e+00,1.0000,2.6305e-03
885.001,1.2827378593e-03,1.174504e-02,1.5062867973e+00,1.0000,2.6373e-03
885.528,1.2829939354e-03,1.182221e-02,1.5062867973e+00,1.0000,3.2296e-03
886.055,1.2832435759e-03,1.189859e-02,1.5062867973e+00,1.0000,3.8230e-03
886.582,1.2834784843e-03,1.197343e-02,1.5062867973e+00,1.0000,4.4138e-03
887.109,1.2836891125e-03,1.204559e-02,1.5062867973e+00,1.0000,4.9904e-03
887.636,1.2838653157e-03,1.211456e-02,1.5062867973e+00,1.0000,5.5405e-03
888.164,1.2839972452e-03,1.217971e-02,1.5062867973e+00,1.0000,6.0551e-03
888.691,1.2840765772e-03,1.224004e-02,1.5062867973e+00,1.0000,6.5309e-03
889.218,1.2840982525e-03,1.229458e-02,1.5062867973e+00,1.0000,6.9675e-03
889.745,1.2840605008e-03,1.234256e-02,1.5062867973e+00,1.0000,7.3647e-03
890.272,1.2839653637e-03,1.238334e-02,1.5062867973e+00,1.0000,7.7217e-03
890.799,1.2838183910e-03,1.241636e-02,1.5062867973e+00,1.0000,8.0371e-03
891.326,1.2836293516e-03,1.244111e-02,1.5062867973e+00,1.0000,8.3102e-03
891.853,1.2834093458e-03,1.245719e-02,1.5062867973e+00,1.0000,8.5406e-03
892.380,1.2831682239e-03,1.246428e-02,1.5062867973e+00,1.0000,8.7288e-03
892.907,1.2829138851e-03,1.246214e-02,1.5062867973e+00,1.0000,8.8761e-03
893.435,1.2826526012e-03,1.245072e-02,1.5062867973e+00,1.0000,8.9843e-03
893.962,1.2823893438e-03,1.243012e-02,1.5062867973e+00,1.0000,9.0558e-03
894.489,1.2821280305e-03,1.240056e-02,1.5062867973e+00,1.0000,9.0938e-03
895.016,1.2818717005e-03,1.236239e-02,1.5062867973e+00,1.0000,9.1022e-03
895.543,1.2816226735e-03,1.231610e-02,1.5062867973e+00,1.0000,9.0860e-03
896.070,1.2813827832e-03,1.226225e-02,1.5062867973e+00,1.0000,9.0511e-03
896.597,1.2811536039e-03,1.220154e-02,1.5062867973e+00,1.0000,9.0044e-03
897.124,1.2809366334e-03,1.213471e-02,1.5062867973e+00,1.0000,8.9536e-03
897.651,1.2807332833e-03,1.206259e-02,1.5062867973e+00,1.0000,8.9067e-03
898.178,1.2805444940e-03,1.198605e-02,1.5062867973e+00,1.0000,8.8721e-03
898.706,1.2803703597e-03,1.190599e-02,1.5062867973e+00,1.0000,8.8581e-03
899.233,1.2802102709e-03,1.182330e-02,1.5062867973e+00,1.0000,8.8722e-03
899.760,1.2800633174e-03,1.173889e-02,1.5062867973e+00,1.0000,8.9277e-03
900.287,1.2799283734e-03,1.165362e-02,1.5062867973e+00,1.0000,9.0659e-03
900.814,1.2798038786e-03,1.156832e-02,1.5062867973e+00,1.0000,9.2949e-03
901.341,1.2796877766e-03,1.148375e-02,1.5062867973e+00,1.0000,9.6161e-03
901.868,1.2795777680e-03,1.140062e-02,1.5062867973e+00,1.0000,1.0032e-02
902.395,1.2794716043e-03,1.131955e-02,1.5062867973e+00,1.0000,1.0546e-02
902.922,1.2793672532e-03,1.124111e-02,1.5062867973e+00,1.0000,1.1160e-02
903.449,1.2792630702e-03,1.116580e-02,1.5062867973e+00,1.0000,1.1877e-02
903.977,1.2791580590e-03,1.109404e-02,1.5062867973e+00,1.0000,1.2701e-02
904.504,1.2790520327e-03,1.102622e-02,1.5062867973e+00,1.0000,1.3633e-02
905.031,1.2789455170e-03,1.096268e-02,1.5062867973e+00,1.0000,1.4676e-02
905.558,1.2788395254e-03,1.090373e-02,1.5062867973e+00,1.0000,1.5830e-02
906.085,1.2787354357e-03,1.084964e-02,1.5062867973e+00,1.0000,1.7095e-02
906.612,1.2786349693e-03,1.080069e-02,1.5062867973e+00,1.0000,1.8470e-02
907.139,1.2785400852e-03,1.075714e-02,1.5062867973e+00,1.0000,1.9952e-02
907.666,1.2784526823e-03,1.071922e-02,1.5062867973e+00,1.0000,2.1535e-02
908.193,1.2783742176e-03,1.068719e-02,1.5062867973e+00,1.0000,2.3210e-02
908.720,1.2783054192e-03,1.066128e-02,1.5062867973e+00,1.0000,2.4962e-02
909.248,1.2782461728e-03,1.064168e-02,1.5062867973e+00,1.0000,2.6775e-02
909.775,1.2781955485e-03,1.062858e-02,1.5062867973e+00,1.0000,2.8699e-02
910.302,1.2781519148e-03,1.062210e-02,1.5062867973e+00,1.0000,3.0679e-02
910.829,1.2781131180e-03,1.062234e-02,1.5062867973e+00,1.0000,3.2594e-02
911.356,1.2780767193e-03,1.062932e-02,1.5062867973e+00,1.0000,3.4264e-02
911.883,1.2780402535e-03,1.064303e-02,1.5062867973e+00,1.0000,3.5431e-02
912.410,1.2780014613e-03,1.066337e-02,1.5062867973e+00,1.0000,3.5772e-02
912.937,1.2779584632e-03,1.069016e-02,1.5062867973e+00,1.0000,3.4959e-02
913.464,1.2779098770e-03,1.072335e-02,1.5062867973e+00,1.0000,3.2761e-02
913.991,1.2778548920e-03,1.076252e-02,1.5062867973e+00,1.0000,2.9211e-02
914.519,1.2777932967e-03,1.080732e-02,1.5062867973e+00,1.0000,2.4753e-02
915.046,1.2777254363e-03,1.085734e-02,1.5062867973e+00,1.0000,2.0039e-02
915.573,1.2776520877e-03,1.091210e-02,1.5062867973e+00,1.0000,1.5645e-02
916.100,1.2775742836e-03,1.097124e-02,1.5062867973e+00,1.0000,1.1877e-02
916.627,1.2774931501e-03,1.103440e-02,1.5062867973e+00,1.0000,8.7850e-03
917.154,1.2774098253e-03,1.110122e-02,1.5062867973e+00,1.0000,6.2901e-03
917.681,1.2773254722e-03,1.117132e-02,1.5062867973e+00,1.0000,5.1969e-03
918.208,1.2772413453e-03,1.124432e-02,1.5062867973e+00,1.0000,5.3676e-03
918.735,1.2771588395e-03,1.131985e-02,1.5062867973e+00,1.0000,5.4955e-03
919.262,1.2770794705e-03,1.139753e-02,1.5062867973e+00,1.0000,5.5777e-03
919.790,1.2770047852e-03,1.147700e-02,1.5062867973e+00,1.0000,5.6204e-03
920.317,1.2769362354e-03,1.155792e-02,1.5062867973e+00,1.0000,5.6361e-03
920.844,1.2768750557e-03,1.163996e-02,1.5062867973e+00,1.0000,5.6278e-03
921.371,1.2768221906e-03,1.172280e-02,1.5062867973e+00,1.0000,5.5951e-03
921.898,1.2767783066e-03,1.180610e-02,1.5062867973e+00,1.0000,5.5378e-03
922.425,1.2767439112e-03,1.188954e-02,1.5062867973e+00,1.0000,5.4548e-03
922.952,1.2767195479e-03,1.197280e-02,1.5062867973e+00,1.0000,5.3443e-03
923.479,1.2767060012e-03,1.205557e-02,1.5062867973e+00,1.0000,5.2047e-03
924.006,1.2767044189e-03,1.213753e-02,1.5062867973e+00,1.0000,5.0348e-03
924.533,1.2767158294e-03,1.221838e-02,1.5062867973e+00,1.0000,4.8341e-03
925.061,1.2767410797e-03,1.229782e-02,1.5062867973e+00,1.0000,4.6026e-03
925.588,1.2767808716e-03,1.237554e-02,1.5062867973e+00,1.0000,4.3412e-03
926.115,1.2768359920e-03,1.245123e-02,1.5062867973e+00,1.0000,4.0517e-03
926.642,1.2769065323e-03,1.252458e-02,1.5062867973e+00,1.0000,3.7362e-03
927.169,1.2769912604e-03,1.259520e-02,1.5062867973e+00,1.0000,3.3941e-03
927.696,1.2770897942e-03,1.266279e-02,1.5062867973e+00,1.0000,3.0291e-03
928.223,1.2772041911e-03,1.272699e-02,1.5062867973e+00,1.0000,2.6466e-03
928.750,1.2773377683e-03,1.278746e-02,1.5062867973e+00,1.0000,2.2500e-03
929.277,1.2774928875e-03,1.284381e-02,1.5062867973e+00,1.0000,1.8503e-03
929.804,1.2776702028e-03,1.289556e-02,1.5062867973e+00,1.0000,1.4617e-03
930.332,1.2778691519e-03,1.294212e-02,1.5062867973e+00,1.0000,1.1407e-03
930.859,1.2780882981e-03,1.298291e-02,1.5062867973e+00,1.0000,1.6604e-03
931.386,1.2783251856e-03,1.301735e-02,1.5062867973e+00,1.0000,2.1977e-03
931.913,1.2785763067e-03,1.304485e-02,1.5062867973e+00,1.0000,2.7462e-03
932.440,1.2788375022e-03,1.306490e-02,1.5062867973e+00,1.0000,3.3000e-03
932.967,1.2791044919e-03,1.307705e-02,1.5062867973e+00,1.0000,3.8539e-03
933.494,1.2793731196e-03,1.308092e-02,1.5062867973e+00,1.0000,4.4027e-03
934.021,1.2796392286e-03,1.307623e-02,1.5062867973e+00,1.0000,4.9417e-03
934.548,1.2798984107e-03,1.306281e-02,1.5062867973e+00,1.0000,5.4665e-03
935.075,1.2801459331e-03,1.304062e-02,1.5062867973e+00,1.0000,5.9734e-03
935.603,1.2803769689e-03,1.300972e-02,1.5062867973e+00,1.0000,6.4589e-03
936.130,1.2805870166e-03,1.297029e-02,1.5062867973e+00,1.0000,6.9205e-03
936.657,1.2807722611e-03,1.292265e-02,1.5062867973e+00,1.0000,7.3565e-03
937.184,1.2809296727e-03,1.286719e-02,1.5062867973e+00,1.0000,7.7658e-03
937.711,1.2810568538e-03,1.280444e-02,1.5062867973e+00,1.0000,8.1484e-03
938.238,1.2811519092e-03,1.273501e-02,1.5062867973e+00,1.0000,8.5052e-03
938.765,1.2812136056e-03,1.265958e-02,1.5062867973e+00,1.0000,8.8380e-03
939.292,1.2812416386e-03,1.257893e-02,1.5062867973e+00,1.0000,9.1496e-03
939.819,1.2812364703e-03,1.249388e-02,1.5062867973e+00,1.0000,9.4436e-03
940.346,1.2811994675e-03,1.240528e-02,1.5062867973e+00,1.0000,9.7241e-03
940.874,1.2811316854e-03,1.231401e-02,1.5062867973e+00,1.0000,9.9962e-03
941.401,1.2810360710e-03,1.222097e-02,1.5062867973e+00,1.0000,1.0265e-02
941.928,1.2809168944e-03,1.212705e-02,1.5062867973e+00,1.0000,1.0536e-02
942.455,1.2807797982e-03,1.203311e-02,1.5062867973e+00,1.0000,1.0814e-02
942.982,1.2806303617e-03,1.193999e-02,1.5062867973e+00,1.0000,1.1104e-02
943.509,1.2804728630e-03,1.184849e-02,1.5062867973e+00,1.0000,1.1412e-02
944.036,1.2803104154e-03,1.175936e-02,1.5062867973e+00,1.0000,1.1741e-02
944.563,1.2801460643e-03,1.167328e-02,1.5062867973e+00,1.0000,1.2096e-02
945.090,1.2799835749e-03,1.159090e-02,1.5062867973e+00,1.0000,1.2479e-02
945.617,1.2798271112e-03,1.151276e-02,1.5062867973e+00,1.0000,1.2893e-02
946.145,1.2796802394e-03,1.143938e-02,1.5062867973e+00,1.0000,1.3340e-02
946.672,1.2795451773e-03,1.137117e-02,1.5062867973e+00,1.0000,1.3821e-02
947.199,1.2794227750e-03,1.130850e-02,1.5062867973e+00,1.0000,1.4339e-02
947.726,1.2793130137e-03,1.125164e-02,1.5062867973e+00,1.0000,1.4895e-02
948.253,1.2792155217e-03,1.120083e-02,1.5062867973e+00,1.0000,1.5490e-02
948.780,1.2791298123e-03,1.115623e-02,1.5062867973e+00,1.0000,1.6128e-02
949.307,1.2790552796e-03,1.111793e-02,1.5062867973e+00,1.0000,1.6811e-02
949.834,1.2789911235e-03,1.108597e-02,1.5062867973e+00,1.0000,1.7546e-02
950.361,1.2789363260e-03,1.106033e-02,1.5062867973e+00,1.0000,1.8338e-02
950.888,1.2788896999e-03,1.104095e-02,1.5062867973e+00,1.0000,1.9226e-02
951.416,1.2788499753e-03,1.102768e-02,1.5062867973e+00,1.0000,2.0438e-02
951.943,1.2788158802e-03,1.102032e-02,1.5062867973e+00,1.0000,2.1996e-02
952.470,1.2787861958e-03,1.101860e-02,1.5062867973e+00,1.0000,2.3878e-02
952.997,1.2787597924e-03,1.102217e-02,1.5062867973e+00,1.0000,2.6060e-02
953.524,1.2787356715e-03,1.103066e-02,1.5062867973e+00,1.0000,2.8521e-02
954.051,1.2787130420e-03,1.104362e-02,1.5062867973e+00,1.0000,3.1106e-02
954.578,1.2786914325e-03,1.106062e-02,1.5062867973e+00,1.0000,3.3821e-02
955.105,1.2786707965e-03,1.108124e-02,1.5062867973e+00,1.0000,3.6660e-02
955.632,1.2786515535e-03,1.110545e-02,1.5062867973e+00,1.0000,3.9565e-02
956.159,1.2786345430e-03,1.113247e-02,1.5062867973e+00,1.0000,4.2486e-02
956.687,1.2786209190e-03,1.116163e-02,1.5062867973e+00,1.0000,4.4735e-02
957.214,1.2786120468e-03,1.119233e-02,1.5062867973e+00,1.0000,4.4916e-02
957.741,1.2786092996e-03,1.122402e-02,1.5062867973e+00,1.0000,4.2244e-02
958.268,1.2786146186e-03,1.125628e-02,1.5062867973e+00,1.0000,3.7066e-02
958.795,1.2786287015e-03,1.128882e-02,1.5062867973e+00,1.0000,3.0784e-02
959.322,1.2786531406e-03,1.132141e-02,1.5062867973e+00,1.0000,2.4769e-02
959.849,1.2786883283e-03,1.135384e-02,1.5062867973e+00,1.0000,1.9738e-02
960.376,1.2787345192e-03,1.138594e-02,1.5062867973e+00,1.0000,1.5841e-02
960.903,1.2787909463e-03,1.141756e-02,1.5062867973e+00,1.0000,1.2963e-02
961.430,1.2788563809e-03,1.144858e-02,1.5062867973e+00,1.0000,1.0911e-02
961.958,1.2789293018e-03,1.147890e-02,1.5062867973e+00,1.0000,9.4957e-03
962.485,1.2790081931e-03,1.150844e-02,1.5062867973e+00,1.0000,8.5537e-03
963.012,1.2790917128e-03,1.153715e-02,1.5062867973e+00,1.0000,7.9502e-03
963.539,1.2791788447e-03,1.156498e-02,1.5062867973e+00,1.0000,7.5776e-03
964.066,1.2792690853e-03,1.159192e-02,1.5062867973e+00,1.0000,7.3827e-03
964.593,1.2793626238e-03,1.161796e-02,1.5062867973e+00,1.0000,7.3410e-03
965.120,1.2794603998e-03,1.164311e-02,1.5062867973e+00,1.0000,7.3950e-03
965.647,1.2795639710e-03,1.166741e-02,1.5062867973e+00,1.0000,7.5035e-03
966.174,1.2796752324e-03,1.169090e-02,1.5062867973e+00,1.0000,7.6375e-03
966.701,1.2797960947e-03,1.171365e-02,1.5062867973e+00,1.0000,7.7768e-03
967.229,1.2799282907e-03,1.173575e-02,1.5062867973e+00,1.0000,7.9076e-03
967.756,1.2800734244e-03,1.175731e-02,1.5062867973e+00,1.0000,8.0248e-03
968.283,1.2802331241e-03,1.177847e-02,1.5062867973e+00,1.0000,8.1261e-03
968.810,1.2804089416e-03,1.179922e-02,1.5062867973e+00,1.0000,8.2003e-03
969.337,1.2806018001e-03,1.181999e-02,1.5062867973e+00,1.0000,8.2375e-03
969.864,1.2808112376e-03,1.184076e-02,1.5062867973e+00,1.0000,8.2341e-03
970.391,1.2810349469e-03,1.186171e-02,1.5062867973e+00,1.0000,8.1898e-03
970.918,1.2812688889e-03,1.188301e-02,1.5062867973e+00,1.0000,8.1050e-03
971.445,1.2815078300e-03,1.190481e-02,1.5062867973e+00,1.0000,7.9802e-03
971.972,1.2817459657e-03,1.192726e-02,1.5062867973e+00,1.0000,7.8163e-03
972.500,1.2819774343e-03,1.195050e-02,1.5062867973e+00,1.0000,7.6133e-03
973.027,1.2821967512e-03,1.197466e-02,1.5062867973e+00,1.0000,7.3711e-03
973.554,1.2823992438e-03,1.199983e-02,1.5062867973e+00,1.0000,7.0942e-03
974.081,1.2825814560e-03,1.202611e-02,1.5062867973e+00,1.0000,6.7891e-03
974.608,1.2827413772e-03,1.205349e-02,1.5062867973e+00,1.0000,6.4604e-03
975.135,1.2828783967e-03,1.208196e-02,1.5062867973e+00,1.0000,6.1115e-03
975.662,1.2829930038e-03,1.211143e-02,1.5062867973e+00,1.0000,5.7447e-03
976.189,1.2830863372e-03,1.214175e-02,1.5062867973e+00,1.0000,5.3621e-03
976.716,1.2831596482e-03,1.217275e-02,1.5062867973e+00,1.0000,4.9659e-03
977.243,1.2832137077e-03,1.220420e-02,1.5062867973e+00,1.0000,4.5582e-03
977.771,1.2832482762e-03,1.223577e-02,1.5062867973e+00,1.0000,4.1420e-03
978.298,1.2832619457e-03,1.226709e-02,1.5062867973e+00,1.0000,3.7205e-03
978.825,1.2832522062e-03,1.229797e-02,1.5062867973e+00,1.0000,3.2963e-03
979.352,1.2832169880e-03,1.232833e-02,1.5062867973e+00,1.0000,2.8721e-03
979.879,1.2831538743e-03,1.235784e-02,1.5062867973e+00,1.0000,2.9438e-03
980.406,1.2830614760e-03,1.238610e-02,1.5062867973e+00,1.0000,3.0685e-03
980.933,1.2829385926e-03,1.241251e-02,1.5062867973e+00,1.0000,3.1861e-03
981.460,1.2827846296e-03,1.243688e-02,1.5062867973e+00,1.0000,3.2940e-03
981.987,1.2826003295e-03,1.245888e-02,1.5062867973e+00,1.0000,3.3883e-03
982.514,1.2823885847e-03,1.247818e-02,1.5062867973e+00,1.0000,3.4651e-03
983.042,1.2821539903e-03,1.249454e-02,1.5062867973e+00,1.0000,3.5210e-03
983.569,1.2819004663e-03,1.250771e-02,1.5062867973e+00,1.0000,3.5529e-03
984.096,1.2816296547e-03,1.251752e-02,1.5062867973e+00,1.0000,3.5596e-03
984.623,1.2813426212e-03,1.252384e-02,1.5062867973e+00,1.0000,3.5376e-03
985.150,1.2810429177e-03,1.252663e-02,1.5062867973e+00,1.0000,3.4840e-03
985.677,1.2807370313e-03,1.252589e-02,1.5062867973e+00,1.0000,3.3968e-03
986.204,1.2804317158e-03,1.252167e-02,1.5062867973e+00,1.0000,3.2740e-03
986.731,1.2801313278e-03,1.251412e-02,1.5062867973e+00,1.0000,3.1162e-03
987.258,1.2798375835e-03,1.250342e-02,1.5062867973e+00,1.0000,2.9254e-03
987.785,1.2795511150e-03,1.248980e-02,1.5062867973e+00,1.0000,2.7037e-03
988.313,1.2792728381e-03,1.247351e-02,1.5062867973e+00,1.0000,2.4527e-03
988.840,1.2790041492e-03,1.245482e-02,1.5062867973e+00,1.0000,2.1739e-03
989.367,1.2787463694e-03,1.243406e-02,1.5062867973e+00,1.0000,1.8712e-03
989.894,1.2785002314e-03,1.241157e-02,1.5062867973e+00,1.0000,1.5505e-03
990.421,1.2782657687e-03,1.238770e-02,1.5062867973e+00,1.0000,1.2150e-03
990.948,1.2780425168e-03,1.236276e-02,1.5062867973e+00,1.0000,1.2088e-03
991.475,1.2778298061e-03,1.233700e-02,1.5062867973e+00,1.0000,1.6929e-03
992.002,1.2776270083e-03,1.231070e-02,1.5062867973e+00,1.0000,2.2262e-03
992.529,1.2774336814e-03,1.228395e-02,1.5062867973e+00,1.0000,2.7966e-03
993.056,1.2772495996e-03,1.225679e-02,1.5062867973e+00,1.0000,3.3945e-03
993.584,1.2770746782e-03,1.222924e-02,1.5062867973e+00,1.0000,4.0125e-03
994.111,1.2769088367e-03,1.220130e-02,1.5062867973e+00,1.0000,4.6442e-03
994.638,1.2767518698e-03,1.217298e-02,1.5062867973e+00,1.0000,5.2837e-03
995.165,1.2766033961e-03,1.214429e-02,1.5062867973e+00,1.0000,5.9258e-03
995.692,1.2764629236e-03,1.211521e-02,1.5062867973e+00,1.0000,6.5650e-03
996.219,1.2763300223e-03,1.208573e-02,1.5062867973e+00,1.0000,7.1962e-03
996.746,1.2762045493e-03,1.205588e-02,1.5062867973e+00,1.0000,7.8139e-03
997.273,1.2760868489e-03,1.202565e-02,1.5062867973e+00,1.0000,8.4125e-03
997.800,1.2759778539e-03,1.199508e-02,1.5062867973e+00,1.0000,8.9859e-03
998.327,1.2758790445e-03,1.196423e-02,1.5062867973e+00,1.0000,9.5280e-03
998.855,1.2757922614e-03,1.193313e-02,1.5062867973e+00,1.0000,1.0034e-02
999.382,1.2757194053e-03,1.190182e-02,1.5062867973e+00,1.0000,1.0504e-02
999.909,1.2756620858e-03,1.187055e-02,1.5062867973e+00,1.0000,1.0932e-02
1000.436,1.2756212916e-03,1.183958e-02,1.5062867973e+00,1.0000,1.1306e-02
1000.963,1.2755971494e-03,1.180920e-02,1.5062867973e+00,1.0000,1.1614e-02
1001.490,1.2755886682e-03,1.177968e-02,1.5062867973e+00,1.0000,1.1841e-02
1002.017,1.2755947871e-03,1.175128e-02,1.5062867973e+00,1.0000,1.1971e-02
1002.544,1.2756116887e-03,1.172413e-02,1.5062867973e+00,1.0000,1.1993e-02
1003.071,1.2756377223e-03,1.169836e-02,1.5062867973e+00,1.0000,1.1911e-02
1003.598,1.2756694392e-03,1.167430e-02,1.5062867973e+00,1.0000,1.1719e-02
1004.126,1.2757044721e-03,1.165226e-02,1.5062867973e+00,1.0000,1.1416e-02
1004.653,1.2757411084e-03,1.163259e-02,1.5062867973e+00,1.0000,1.1003e-02
1005.180,1.2757784381e-03,1.161561e-02,1.5062867973e+00,1.0000,1.0482e-02
1005.707,1.2758165241e-03,1.160164e-02,1.5062867973e+00,1.0000,9.8622e-03
1006.234,1.2758563910e-03,1.159096e-02,1.5062867973e+00,1.0000,9.1526e-03
1006.761,1.2759001683e-03,1.158393e-02,1.5062867973e+00,1.0000,8.3675e-03
1007.288,1.2759510844e-03,1.158075e-02,1.5062867973e+00,1.0000,7.5175e-03
1007.815,1.2760131938e-03,1.158156e-02,1.5062867973e+00,1.0000,6.6156e-03
1008.342,1.2760907934e-03,1.158646e-02,1.5062867973e+00,1.0000,5.6805e-03
1008.869,1.2761877650e-03,1.159552e-02,1.5062867973e+00,1.0000,4.7342e-03
1009.397,1.2763071097e-03,1.160880e-02,1.5062867973e+00,1.0000,3.8002e-03
1009.924,1.2764508047e-03,1.162636e-02,1.5062867973e+00,1.0000,2.9805e-03
1010.451,1.2766199069e-03,1.164820e-02,1.5062867973e+00,1.0000,3.1931e-03
1010.978,1.2768146954e-03,1.167435e-02,1.5062867973e+00,1.0000,3.3727e-03
1011.505,1.2770346416e-03,1.170482e-02,1.5062867973e+00,1.0000,3.5190e-03
1012.032,1.2772781464e-03,1.173956e-02,1.5062867973e+00,1.0000,3.6323e-03
1012.559,1.2775422121e-03,1.177853e-02,1.5062867973e+00,1.0000,3.7159e-03
1013.086,1.2778223647e-03,1.182164e-02,1.5062867973e+00,1.0000,3.7703e-03
1013.613,1.2781130648e-03,1.186877e-02,1.5062867973e+00,1.0000,3.7941e-03
1014.140,1.2784085523e-03,1.191978e-02,1.5062867973e+00,1.0000,3.7868e-03
1014.668,1.2787037576e-03,1.197447e-02,1.5062867973e+00,1.0000,3.7514e-03
1015.195,1.2789948305e-03,1.203258e-02,1.5062867973e+00,1.0000,3.6911e-03
1015.722,1.2792790571e-03,1.209379e-02,1.5062867973e+00,1.0000,3.6089e-03
1016.249,1.2795543186e-03,1.215774e-02,1.5062867973e+00,1.0000,3.5076e-03
1016.776,1.2798185161e-03,1.222397e-02,1.5062867973e+00,1.0000,3.3898e-03
1017.303,1.2800693239e-03,1.229198e-02,1.5062867973e+00,1.0000,3.2579e-03
1017.830,1.2803042946e-03,1.236122e-02,1.5062867973e+00,1.0000,3.1141e-03
1018.357,1.2805210670e-03,1.243108e-02,1.5062867973e+00,1.0000,2.9604e-03
1018.884,1.2807174981e-03,1.250090e-02,1.5062867973e+00,1.0000,2.7979e-03
1019.411,1.2808917670e-03,1.257000e-02,1.5062867973e+00,1.0000,2.6269e-03
1019.939,1.2810425444e-03,1.263768e-02,1.5062867973e+00,1.0000,2.4495e-03
1020.466,1.2811691356e-03,1.270322e-02,1.5062867973e+00,1.0000,2.2674e-03
1020.993,1.2812714502e-03,1.276590e-02,1.5062867973e+00,1.0000,2.0830e-03
1021.520,1.2813498525e-03,1.282501e-02,1.5062867973e+00,1.0000,1.8975e-03
1022.047,1.2814051290e-03,1.287987e-02,1.5062867973e+00,1.0000,1.7096e-03
1022.574,1.2814386705e-03,1.292985e-02,1.5062867973e+00,1.0000,1.5180e-03
1023.101,1.2814526708e-03,1.297436e-02,1.5062867973e+00,1.0000,1.3214e-03
1023.628,1.2814499358e-03,1.301288e-02,1.5062867973e+00,1.0000,1.4978e-03
1024.155,1.2814343161e-03,1.304494e-02,1.5062867973e+00,1.0000,1.7952e-03
1024.682,1.2814087504e-03,1.307018e-02,1.5062867973e+00,1.0000,2.1026e-03
1025.210,1.2813767894e-03,1.308828e-02,1.5062867973e+00,1.0000,2.4203e-03
1025.737,1.2813415874e-03,1.309904e-02,1.5062867973e+00,1.0000,2.7494e-03
1026.264,1.2813060974e-03,1.310232e-02,1.5062867973e+00,1.0000,3.0912e-03
1026.791,1.2812728772e-03,1.309813e-02,1.5062867973e+00,1.0000,3.4477e-03
1027.318,1.2812437717e-03,1.308660e-02,1.5062867973e+00,1.0000,3.8207e-03
1027.845,1.2812197641e-03,1.306773e-02,1.5062867973e+00,1.0000,4.2126e-03
1028.372,1.2812009326e-03,1.304160e-02,1.5062867973e+00,1.0000,4.6259e-03
1028.899,1.2811865843e-03,1.300845e-02,1.5062867973e+00,1.0000,5.0622e-03
1029.426,1.2811755424e-03,1.296887e-02,1.5062867973e+00,1.0000,5.5217e-03
1029.953,1.2811663770e-03,1.292327e-02,1.5062867973e+00,1.0000,6.0022e-03
1030.481,1.2811575746e-03,1.287196e-02,1.5062867973e+00,1.0000,6.5023e-03
1031.008,1.2811476219e-03,1.281541e-02,1.5062867973e+00,1.0000,7.0211e-03
1031.535,1.2811350651e-03,1.275411e-02,1.5062867973e+00,1.0000,7.5579e-03
1032.062,1.2811186002e-03,1.268858e-02,1.5062867973e+00,1.0000,8.1120e-03
1032.589,1.2810972190e-03,1.261938e-02,1.5062867973e+00,1.0000,8.6828e-03
1033.116,1.2810704052e-03,1.254710e-02,1.5062867973e+00,1.0000,9.2696e-03
1033.643,1.2810383312e-03,1.247235e-02,1.5062867973e+00,1.0000,9.8717e-03
1034.170,1.2810020230e-03,1.239573e-02,1.5062867973e+00,1.0000,1.0488e-02
1034.697,1.2809633648e-03,1.231786e-02,1.5062867973e+00,1.0000,1.1119e-02
1035.224,1.2809248406e-03,1.223933e-02,1.5062867973e+00,1.0000,1.1762e-02
1035.752,1.2808893471e-03,1.216076e-02,1.5062867973e+00,1.0000,1.2417e-02
1036.279,1.2808600836e-03,1.208270e-02,1.5062867973e+00,1.0000,1.3084e-02
1036.806,1.2808398267e-03,1.200571e-02,1.5062867973e+00,1.0000,1.3761e-02
1037.333,1.2808303838e-03,1.193030e-02,1.5062867973e+00,1.0000,1.4449e-02
1037.860,1.2808339845e-03,1.185697e-02,1.5062867973e+00,1.0000,1.5148e-02
1038.387,1.2808499910e-03,1.178614e-02,1.5062867973e+00,1.0000,1.5858e-02
1038.914,1.2808780797e-03,1.171822e-02,1.5062867973e+00,1.0000,1.6582e-02
1039.441,1.2809154806e-03,1.165356e-02,1.5062867973e+00,1.0000,1.7322e-02
1039.968,1.2809591537e-03,1.159248e-02,1.5062867973e+00,1.0000,1.8082e-02
1040.495,1.2810044738e-03,1.153522e-02,1.5062867973e+00,1.0000,1.8869e-02
1041.023,1.2810456917e-03,1.148201e-02,1.5062867973e+00,1.0000,1.9691e-02
1041.550,1.2810779985e-03,1.143300e-02,1.5062867973e+00,1.0000,2.0558e-02
1042.077,1.2810961950e-03,1.138833e-02,1.5062867973e+00,1.0000,2.1653e-02
1042.604,1.2810943179e-03,1.134807e-02,1.5062867973e+00,1.0000,2.3117e-02
1043.131,1.2810691870e-03,1.131222e-02,1.5062867973e+00,1.0000,2.4908e-02
1043.658,1.2810193941e-03,1.128072e-02,1.5062867973e+00,1.0000,2.6981e-02
1044.185,1.2809435686e-03,1.125352e-02,1.5062867973e+00,1.0000,2.9279e-02
1044.712,1.2808446930e-03,1.123053e-02,1.5062867973e+00,1.0000,3.1714e-02
1045.239,1.2807260199e-03,1.121169e-02,1.5062867973e+00,1.0000,3.4287e-02
1045.766,1.2805899475e-03,1.119689e-02,1.5062867973e+00,1.0000,3.6834e-02
1046.294,1.2804386971e-03,1.118645e-02,1.5062867973e+00,1.0000,3.8843e-02
1046.821,1.2802751510e-03,1.118020e-02,1.5062867973e+00,1.0000,3.9542e-02
1047.348,1.2801028030e-03,1.117771e-02,1.5062867973e+00,1.0000,3.8136e-02
1047.875,1.2799253947e-03,1.117884e-02,1.5062867973e+00,1.0000,3.4327e-02
1048.402,1.2797465532e-03,1.118352e-02,1.5062867973e+00,1.0000,2.8754e-02
1048.929,1.2795694652e-03,1.119181e-02,1.5062867973e+00,1.0000,2.2720e-02
1049.456,1.2793966619e-03,1.120389e-02,1.5062867973e+00,1.0000,1.7252e-02
1049.983,1.2792300221e-03,1.121995e-02,1.5062867973e+00,1.0000,1.2756e-02
1050.510,1.2790709950e-03,1.124024e-02,1.5062867973e+00,1.0000,9.2409e-03
1051.037,1.2789209056e-03,1.126499e-02,1.5062867973e+00,1.0000,6.5503e-03
1051.565,1.2787811765e-03,1.129442e-02,1.5062867973e+00,1.0000,5.4842e-03
1052.092,1.2786533739e-03,1.132876e-02,1.5062867973e+00,1.0000,5.5648e-03
1052.619,1.2785390907e-03,1.136818e-02,1.5062867973e+00,1.0000,5.6022e-03
1053.146,1.2784397482e-03,1.141285e-02,1.5062867973e+00,1.0000,5.5992e-03
1053.673,1.2783564093e-03,1.146286e-02,1.5062867973e+00,1.0000,5.5607e-03
1054.200,1.2782896594e-03,1.151827e-02,1.5062867973e+00,1.0000,5.5010e-03
1054.727,1.2782395746e-03,1.157907e-02,1.5062867973e+00,1.0000,5.4329e-03
1055.254,1.2782057636e-03,1.164516e-02,1.5062867973e+00,1.0000,5.3613e-03
1055.781,1.2781874472e-03,1.171633e-02,1.5062867973e+00,1.0000,5.2886e-03
1056.308,1.2781834241e-03,1.179230e-02,1.5062867973e+00,1.0000,5.2152e-03
1056.836,1.2781929636e-03,1.187267e-02,1.5062867973e+00,1.0000,5.1407e-03
1057.363,1.2782139099e-03,1.195697e-02,1.5062867973e+00,1.0000,5.0650e-03
1057.890,1.2782457311e-03,1.204462e-02,1.5062867973e+00,1.0000,4.9877e-03
1058.417,1.2782869267e-03,1.213498e-02,1.5062867973e+00,1.0000,4.9047e-03
1058.944,1.2783368148e-03,1.222739e-02,1.5062867973e+00,1.0000,4.8161e-03
1059.471,1.2783946945e-03,1.232122e-02,1.5062867973e+00,1.0000,4.7238e-03
1059.998,1.2784600723e-03,1.241588e-02,1.5062867973e+00,1.0000,4.6284e-03
1060.525,1.2785326089e-03,1.251046e-02,1.5062867973e+00,1.0000,4.5321e-03
1061.052,1.2786122565e-03,1.260403e-02,1.5062867973e+00,1.0000,4.4375e-03
1061.579,1.2786991370e-03,1.269580e-02,1.5062867973e+00,1.0000,4.3440e-03
1062.107,1.2787931817e-03,1.278502e-02,1.5062867973e+00,1.0000,4.2503e-03
1062.634,1.2788939294e-03,1.287101e-02,1.5062867973e+00,1.0000,4.1550e-03
1063.161,1.2790006952e-03,1.295310e-02,1.5062867973e+00,1.0000,4.0569e-03
1063.688,1.2791128335e-03,1.303057e-02,1.5062867973e+00,1.0000,3.9567e-03
1064.215,1.2792297368e-03,1.310286e-02,1.5062867973e+00,1.0000,3.8543e-03
1064.742,1.2793505911e-03,1.316964e-02,1.5062867973e+00,1.0000,3.7474e-03
1065.269,1.2794741913e-03,1.323055e-02,1.5062867973e+00,1.0000,3.6332e-03
1065.796,1.2795989517e-03,1.328531e-02,1.5062867973e+00,1.0000,3.5094e-03
1066.323,1.2797230014e-03,1.333374e-02,1.5062867973e+00,1.0000,3.3737e-03
1066.850,1.2798443279e-03,1.337574e-02,1.5062867973e+00,1.0000,3.2241e-03
1067.378,1.2799609226e-03,1.341131e-02,1.5062867973e+00,1.0000,3.0590e-03
1067.905,1.2800706913e-03,1.344052e-02,1.5062867973e+00,1.0000,2.8772e-03
1068.432,1.2801711810e-03,1.346348e-02,1.5062867973e+00,1.0000,2.6780e-03
1068.959,1.2802596566e-03,1.348037e-02,1.5062867973e+00,1.0000,2.4611e-03
1069.486,1.2803337160e-03,1.349145e-02,1.5062867973e+00,1.0000,2.2268e-03
1070.013,1.2803918140e-03,1.349700e-02,1.5062867973e+00,1.0000,1.9759e-03
1070.540,1.2804330572e-03,1.349735e-02,1.5062867973e+00,1.0000,1.7096e-03
1071.067,1.2804564816e-03,1.349283e-02,1.5062867973e+00,1.0000,1.4292e-03
1071.594,1.2804606648e-03,1.348371e-02,1.5062867973e+00,1.0000,1.1392e-03
1072.121,1.2804440063e-03,1.347032e-02,1.5062867973e+00,1.0000,8.4160e-04
1072.649,1.2804062650e-03,1.345277e-02,1.5062867973e+00,1.0000,8.8939e-04
1073.176,1.2803482542e-03,1.343155e-02,1.5062867973e+00,1.0000,1.2557e-03
1073.703,1.2802724925e-03,1.340683e-02,1.5062867973e+00,1.0000,1.6563e-03
1074.230,1.2801815522e-03,1.337876e-02,1.5062867973e+00,1.0000,2.0850e-03
1074.757,1.2800779814e-03,1.334752e-02,1.5062867973e+00,1.0000,2.5362e-03
1075.284,1.2799639657e-03,1.331325e-02,1.5062867973e+00,1.0000,3.0050e-03
1075.811,1.2798416441e-03,1.327611e-02,1.5062867973e+00,1.0000,3.4870e-03
1076.338,1.2797132245e-03,1.323627e-02,1.5062867973e+00,1.0000,3.9780e-03
1076.865,1.2795806553e-03,1.319390e-02,1.5062867973e+00,1.0000,4.4739e-03
1077.392,1.2794451613e-03,1.314922e-02,1.5062867973e+00,1.0000,4.9704e-03
1077.920,1.2793073061e-03,1.310243e-02,1.5062867973e+00,1.0000,5.4634e-03
1078.447,1.2791674433e-03,1.305379e-02,1.5062867973e+00,1.0000,5.9487e-03
1078.974,1.2790259332e-03,1.300358e-02,1.5062867973e+00,1.0000,6.4221e-03
1079.501,1.2788829727e-03,1.295209e-02,1.5062867973e+00,1.0000,6.8793e-03
1080.028,1.2787384239e-03,1.289966e-02,1.5062867973e+00,1.0000,7.3159e-03
1080.555,1.2785919144e-03,1.284662e-02,1.5062867973e+00,1.0000,7.7281e-03
1081.082,1.2784430915e-03,1.279326e-02,1.5062867973e+00,1.0000,8.1171e-03
1081.609,1.2782918004e-03,1.273998e-02,1.5062867973e+00,1.0000,8.4805e-03
1082.136,1.2781381205e-03,1.268723e-02,1.5062867973e+00,1.0000,8.8136e-03
1082.663,1.2779823350e-03,1.263542e-02,1.5062867973e+00,1.0000,9.1103e-03
1083.191,1.2778249047e-03,1.258491e-02,1.5062867973e+00,1.0000,9.3639e-03
1083.718,1.2776664530e-03,1.253603e-02,1.5062867973e+00,1.0000,9.5676e-03
1084.245,1.2775077446e-03,1.248902e-02,1.5062867973e+00,1.0000,9.7146e-03
1084.772,1.2773496520e-03,1.244407e-02,1.5062867973e+00,1.0000,9.7998e-03
1085.299,1.2771931276e-03,1.240115e-02,1.5062867973e+00,1.0000,9.8287e-03
1085.826,1.2770391971e-03,1.236035e-02,1.5062867973e+00,1.0000,9.8052e-03
1086.353,1.2768889865e-03,1.232176e-02,1.5062867973e+00,1.0000,9.7317e-03
1086.880,1.2767437778e-03,1.228543e-02,1.5062867973e+00,1.0000,9.6110e-03
1087.407,1.2766050803e-03,1.225137e-02,1.5062867973e+00,1.0000,9.4464e-03
1087.934,1.2764746882e-03,1.221953e-02,1.5062867973e+00,1.0000,9.2417e-03
1088.462,1.2763546943e-03,1.218986e-02,1.5062867973e+00,1.0000,9.0008e-03
1088.989,1.2762474382e-03,1.216226e-02,1.5062867973e+00,1.0000,8.7283e-03
1089.516,1.2761553833e-03,1.213659e-02,1.5062867973e+00,1.0000,8.4288e-03
1090.043,1.2760809175e-03,1.211278e-02,1.5062867973e+00,1.0000,8.1068e-03
1090.570,1.2760260755e-03,1.209067e-02,1.5062867973e+00,1.0000,7.7643e-03
1091.097,1.2759922227e-03,1.207007e-02,1.5062867973e+00,1.0000,7.4037e-03
1091.624,1.2759797194e-03,1.205079e-02,1.5062867973e+00,1.0000,7.0287e-03
1092.151,1.2759884307e-03,1.203269e-02,1.5062867973e+00,1.0000,6.6449e-03
1092.678,1.2760163638e-03,1.201563e-02,1.5062867973e+00,1.0000,6.2589e-03
1093.205,1.2760617977e-03,1.199953e-02,1.5062867973e+00,1.0000,5.8783e-03
1093.733,1.2761217738e-03,1.198435e-02,1.5062867973e+00,1.0000,5.5113e-03
1094.260,1.2761929352e-03,1.197009e-02,1.5062867973e+00,1.0000,5.1660e-03
1094.787,1.2762718434e-03,1.195679e-02,1.5062867973e+00,1.0000,4.8502e-03
1095.314,1.2763555842e-03,1.194454e-02,1.5062867973e+00,1.0000,4.5710e-03
1095.841,1.2764423693e-03,1.193346e-02,1.5062867973e+00,1.0000,4.3348e-03
1096.368,1.2765319203e-03,1.192372e-02,1.5062867973e+00,1.0000,4.1463e-03
1096.895,1.2766253127e-03,1.191550e-02,1.5062867973e+00,1.0000,4.0092e-03
1097.422,1.2767243531e-03,1.190902e-02,1.5062867973e+00,1.0000,3.9255e-03
1097.949,1.2768312723e-03,1.190448e-02,1.5062867973e+00,1.0000,3.8959e-03
1098.476,1.2769490464e-03,1.190205e-02,1.5062867973e+00,1.0000,3.9197e-03
1099.004,1.2770815830e-03,1.190168e-02,1.5062867973e+00,1.0000,3.9949e-03
1099.531,1.2772330746e-03,1.190375e-02,1.5062867973e+00,1.0000,4.1158e-03
1100.058,1.2774070853e-03,1.190844e-02,1.5062867973e+00,1.0000,4.2712e-03
1100.585,1.2776063956e-03,1.191579e-02,1.5062867973e+00,1.0000,4.4506e-03
1101.112,1.2778334998e-03,1.192585e-02,1.5062867973e+00,1.0000,4.6451e-03
1101.639,1.2780905884e-03,1.193867e-02,1.5062867973e+00,1.0000,4.8471e-03
1102.166,1.2783784319e-03,1.195429e-02,1.5062867973e+00,1.0000,5.0492e-03
1102.693,1.2786950555e-03,1.197270e-02,1.5062867973e+00,1.0000,5.2450e-03
1103.220,1.2790355766e-03,1.199392e-02,1.5062867973e+00,1.0000,5.4280e-03
1103.747,1.2793935301e-03,1.201790e-02,1.5062867973e+00,1.0000,5.5923e-03
1104.275,1.2797626905e-03,1.204460e-02,1.5062867973e+00,1.0000,5.7319e-03
1104.802,1.2801381298e-03,1.207396e-02,1.5062867973e+00,1.0000,5.8414e-03
1105.329,1.2805160620e-03,1.210588e-02,1.5062867973e+00,1.0000,5.9154e-03
1105.856,1.2808929625e-03,1.214025e-02,1.5062867973e+00,1.0000,5.9490e-03
1106.383,1.2812647569e-03,1.217696e-02,1.5062867973e+00,1.0000,5.9382e-03
1106.910,1.2816265542e-03,1.221585e-02,1.5062867973e+00,1.0000,5.8794e-03
1107.437,1.2819729244e-03,1.225677e-02,1.5062867973e+00,1.0000,5.7706e-03
1107.964,1.2822984522e-03,1.229949e-02,1.5062867973e+00,1.0000,5.6109e-03
1108.491,1.2825982897e-03,1.234378e-02,1.5062867973e+00,1.0000,5.4008e-03
1109.018,1.2828685427e-03,1.238947e-02,1.5062867973e+00,1.0000,5.1424e-03
1109.546,1.2831064396e-03,1.243645e-02,1.5062867973e+00,1.0000,4.8388e-03
1110.073,1.2833103117e-03,1.248426e-02,1.5062867973e+00,1.0000,4.4935e-03
1110.600,1.2834794460e-03,1.253263e-02,1.5062867973e+00,1.0000,4.1095e-03
1111.127,1.2836138867e-03,1.258119e-02,1.5062867973e+00,1.0000,3.6923e-03
1111.654,1.2837142476e-03,1.262954e-02,1.5062867973e+00,1.0000,3.2499e-03
1112.181,1.2837815715e-03,1.267732e-02,1.5062867973e+00,1.0000,2.7922e-03
1112.708,1.2838172491e-03,1.272413e-02,1.5062867973e+00,1.0000,2.7088e-03
1113.235,1.2838230305e-03,1.276962e-02,1.5062867973e+00,1.0000,2.8280e-03
1113.762,1.2838007961e-03,1.281343e-02,1.5062867973e+00,1.0000,2.9240e-03
1114.289,1.2837531275e-03,1.285521e-02,1.5062867973e+00,1.0000,2.9949e-03
1114.817,1.2836825913e-03,1.289466e-02,1.5062867973e+00,1.0000,3.0393e-03
1115.344,1.2835923397e-03,1.293146e-02,1.5062867973e+00,1.0000,3.0564e-03
1115.871,1.2834857611e-03,1.296535e-02,1.5062867973e+00,1.0000,3.0459e-03
1116.398,1.2833665525e-03,1.299607e-02,1.5062867973e+00,1.0000,3.0086e-03
1116.925,1.2832385244e-03,1.302340e-02,1.5062867973e+00,1.0000,2.9459e-03
1117.452,1.2831054534e-03,1.304714e-02,1.5062867973e+00,1.0000,2.8566e-03
1117.979,1.2829707909e-03,1.306712e-02,1.5062867973e+00,1.0000,2.7410e-03
1118.506,1.2828373967e-03,1.308321e-02,1.5062867973e+00,1.0000,2.6001e-03
1119.033,1.2827073799e-03,1.309532e-02,1.5062867973e+00,1.0000,2.4358e-03
1119.560,1.2825820631e-03,1.310335e-02,1.5062867973e+00,1.0000,2.2502e-03
1120.088,1.2824619940e-03,1.310725e-02,1.5062867973e+00,1.0000,2.0458e-03
1120.615,1.2823469331e-03,1.310700e-02,1.5062867973e+00,1.0000,1.8267e-03
1121.142,1.2822358119e-03,1.310259e-02,1.5062867973e+00,1.0000,1.5962e-03
1121.669,1.2821267234e-03,1.309401e-02,1.5062867973e+00,1.0000,1.3562e-03
1122.196,1.2820170521e-03,1.308131e-02,1.5062867973e+00,1.0000,1.1087e-03
1122.723,1.2819037706e-03,1.306452e-02,1.5062867973e+00,1.0000,1.4201e-03
1123.250,1.2817838031e-03,1.304375e-02,1.5062867973e+00,1.0000,1.8185e-03
1123.777,1.2816543487e-03,1.301908e-02,1.5062867973e+00,1.0000,2.2439e-03
1124.304,1.2815131399e-03,1.299055e-02,1.5062867973e+00,1.0000,2.6881e-03
1124.831,1.2813586604e-03,1.295821e-02,1.5062867973e+00,1.0000,3.1452e-03
1125.359,1.2811903375e-03,1.292214e-02,1.5062867973e+00,1.0000,3.6100e-03
1125.886,1.2810086495e-03,1.288245e-02,1.5062867973e+00,1.0000,4.0786e-03
1126.413,1.2808150599e-03,1.283929e-02,1.5062867973e+00,1.0000,4.5474e-03
1126.940,1.2806117679e-03,1.279283e-02,1.5062867973e+00,1.0000,5.0131e-03
1127.467,1.2804014010e-03,1.274331e-02,1.5062867973e+00,1.0000,5.4725e-03
1127.994,1.2801867854e-03,1.269097e-02,1.5062867973e+00,1.0000,5.9226e-03
1128.521,1.2799707994e-03,1.263612e-02,1.5062867973e+00,1.0000,6.3602e-03
1129.048,1.2797561920e-03,1.257908e-02,1.5062867973e+00,1.0000,6.7818e-03
1129.575,1.2795453018e-03,1.252022e-02,1.5062867973e+00,1.0000,7.1840e-03
1130.102,1.2793397666e-03,1.245996e-02,1.5062867973e+00,1.0000,7.5630e-03
1130.630,1.2791403963e-03,1.239873e-02,1.5062867973e+00,1.0000,7.9150e-03
1131.157,1.2789472968e-03,1.233701e-02,1.5062867973e+00,1.0000,8.2361e-03
1131.684,1.2787601850e-03,1.227527e-02,1.5062867973e+00,1.0000,8.5220e-03
1132.211,1.2785787431e-03,1.221405e-02,1.5062867973e+00,1.0000,8.7686e-03
1132.738,1.2784028947e-03,1.215388e-02,1.5062867973e+00,1.0000,8.9717e-03
1133.265,1.2782329609e-03,1.209528e-02,1.5062867973e+00,1.0000,9.1272e-03
1133.792,1.2780697112e-03,1.203881e-02,1.5062867973e+00,1.0000,9.2311e-03
1134.319,1.2779143273e-03,1.198498e-02,1.5062867973e+00,1.0000,9.2796e-03
1134.846,1.2777682832e-03,1.193433e-02,1.5062867973e+00,1.0000,9.2693e-03
1135.373,1.2776331496e-03,1.188734e-02,1.5062867973e+00,1.0000,9.1972e-03
1135.901,1.2775103531e-03,1.184448e-02,1.5062867973e+00,1.0000,9.0609e-03
1136.428,1.2774009487e-03,1.180618e-02,1.5062867973e+00,1.0000,8.8588e-03
1136.955,1.2773054618e-03,1.177284e-02,1.5062867973e+00,1.0000,8.5902e-03
1137.482,1.2772238376e-03,1.174481e-02,1.5062867973e+00,1.0000,8.2553e-03
1138.009,1.2771554976e-03,1.172237e-02,1.5062867973e+00,1.0000,7.8555e-03
1138.536,1.2770994758e-03,1.170578e-02,1.5062867973e+00,1.0000,7.3934e-03
1139.063,1.2770545910e-03,1.169523e-02,1.5062867973e+00,1.0000,6.8730e-03
1139.590,1.2770196127e-03,1.169087e-02,1.5062867973e+00,1.0000,6.2995e-03
1140.117,1.2769933899e-03,1.169280e-02,1.5062867973e+00,1.0000,5.6794e-03
1140.644,1.2769749340e-03,1.170108e-02,1.5062867973e+00,1.0000,5.0201e-03
1141.172,1.2769634660e-03,1.171573e-02,1.5062867973e+00,1.0000,4.3301e-03
1141.699,1.2769579738e-03,1.173679e-02,1.5062867973e+00,1.0000,3.6166e-03
1142.226,1.2769600334e-03,1.176419e-02,1.5062867973e+00,1.0000,3.1898e-03
1142.753,1.2769669953e-03,1.179783e-02,1.5062867973e+00,1.0000,3.5126e-03
1143.280,1.2769811908e-03,1.183759e-02,1.5062867973e+00,1.0000,3.8233e-03
1143.807,1.2770029438e-03,1.188335e-02,1.5062867973e+00,1.0000,4.1184e-03
1144.334,1.2770333594e-03,1.193497e-02,1.5062867973e+00,1.0000,4.3944e-03
1144.861,1.2770739005e-03,1.199228e-02,1.5062867973e+00,1.0000,4.6530e-03
1145.388,1.2771258582e-03,1.205512e-02,1.5062867973e+00,1.0000,4.8897e-03
1145.915,1.2771902934e-03,1.212330e-02,1.5062867973e+00,1.0000,5.0951e-03
1146.443,1.2772676228e-03,1.219662e-02,1.5062867973e+00,1.0000,5.2666e-03
1146.970,1.2773574542e-03,1.227484e-02,1.5062867973e+00,1.0000,5.4043e-03
1147.497,1.2774584310e-03,1.235765e-02,1.5062867973e+00,1.0000,5.5073e-03
1148.024,1.2775682738e-03,1.244472e-02,1.5062867973e+00,1.0000,5.5776e-03
1148.551,1.2776838953e-03,1.253569e-02,1.5062867973e+00,1.0000,5.6177e-03
1149.078,1.2778016393e-03,1.263008e-02,1.5062867973e+00,1.0000,5.6300e-03
1149.605,1.2779176672e-03,1.272737e-02,1.5062867973e+00,1.0000,5.6162e-03
1150.132,1.2780282630e-03,1.282696e-02,1.5062867973e+00,1.0000,5.5764e-03
1150.659,1.2781300793e-03,1.292819e-02,1.5062867973e+00,1.0000,5.5128e-03
1151.186,1.2782205377e-03,1.303034e-02,1.5062867973e+00,1.0000,5.4284e-03
1151.714,1.2782981270e-03,1.313265e-02,1.5062867973e+00,1.0000,5.3256e-03
1152.241,1.2783623319e-03,1.323431e-02,1.5062867973e+00,1.0000,5.2064e-03
1152.768,1.2784134775e-03,1.333451e-02,1.5062867973e+00,1.0000,5.0723e-03
1153.295,1.2784527219e-03,1.343242e-02,1.5062867973e+00,1.0000,4.9241e-03
1153.822,1.2784819879e-03,1.352726e-02,1.5062867973e+00,1.0000,4.8543e-03
1154.349,1.2785036756e-03,1.361832e-02,1.5062867973e+00,1.0000,4.7855e-03
1154.876,1.2785203217e-03,1.370481e-02,1.5062867973e+00,1.0000,4.6819e-03
1155.403,1.2785343800e-03,1.378596e-02,1.5062867973e+00,1.0000,4.5428e-03
1155.930,1.2785480776e-03,1.386107e-02,1.5062867973e+00,1.0000,4.3691e-03
1156.457,1.2785632585e-03,1.392952e-02,1.5062867973e+00,1.0000,4.1622e-03
1156.985,1.2785812396e-03,1.399075e-02,1.5062867973e+00,1.0000,3.9236e-03
1157.512,1.2786027561e-03,1.404434e-02,1.5062867973e+00,1.0000,3.6546e-03
1158.039,1.2786280049e-03,1.408992e-02,1.5062867973e+00,1.0000,3.3564e-03
1158.566,1.2786567388e-03,1.412726e-02,1.5062867973e+00,1.0000,3.0292e-03
1159.093,1.2786883687e-03,1.415618e-02,1.5062867973e+00,1.0000,2.6731e-03
1159.620,1.2787220716e-03,1.417662e-02,1.5062867973e+00,1.0000,2.2877e-03
1160.147,1.2787569210e-03,1.418860e-02,1.5062867973e+00,1.0000,1.8724e-03
1160.674,1.2787920372e-03,1.419219e-02,1.5062867973e+00,1.0000,1.4261e-03
1161.201,1.2788267313e-03,1.418753e-02,1.5062867973e+00,1.0000,9.4810e-04
1161.728,1.2788606073e-03,1.417486e-02,1.5062867973e+00,1.0000,4.3741e-04
1162.256,1.2788935980e-03,1.415452e-02,1.5062867973e+00,1.0000,7.3223e-04
1162.783,1.2789259307e-03,1.412699e-02,1.5062867973e+00,1.0000,1.1203e-03
1163.310,1.2789580466e-03,1.409245e-02,1.5062867973e+00,1.0000,1.5130e-03
1163.837,1.2789905053e-03,1.405116e-02,1.5062867973e+00,1.0000,1.9049e-03
1164.364,1.2790239115e-03,1.400389e-02,1.5062867973e+00,1.0000,2.5360e-03
1164.891,1.2790588830e-03,1.395085e-02,1.5062867973e+00,1.0000,3.2099e-03
1165.418,1.2790960597e-03,1.389236e-02,1.5062867973e+00,1.0000,3.9026e-03
1165.945,1.2791361305e-03,1.382874e-02,1.5062867973e+00,1.0000,4.6108e-03
1166.472,1.2791798481e-03,1.376032e-02,1.5062867973e+00,1.0000,5.3311e-03
1166.999,1.2792280034e-03,1.368748e-02,1.5062867973e+00,1.0000,6.0603e-03
1167.527,1.2792813472e-03,1.361049e-02,1.5062867973e+00,1.0000,6.7999e-03
1168.054,1.2793404618e-03,1.352964e-02,1.5062867973e+00,1.0000,7.5583e-03
1168.581,1.2794056046e-03,1.344552e-02,1.5062867973e+00,1.0000,8.3348e-03
1169.108,1.2794765628e-03,1.335867e-02,1.5062867973e+00,1.0000,9.1233e-03
1169.635,1.2795525550e-03,1.326959e-02,1.5062867973e+00,1.0000,9.9168e-03
1170.162,1.2796321907e-03,1.317880e-02,1.5062867973e+00,1.0000,1.0707e-02
1170.689,1.2797134753e-03,1.308682e-02,1.5062867973e+00,1.0000,1.1487e-02
1171.216,1.2797938670e-03,1.299420e-02,1.5062867973e+00,1.0000,1.2246e-02
1171.743,1.2798704205e-03,1.290150e-02,1.5062867973e+00,1.0000,1.2976e-02
1172.270,1.2799400382e-03,1.280925e-02,1.5062867973e+00,1.0000,1.3665e-02
1172.798,1.2799997690e-03,1.271800e-02,1.5062867973e+00,1.0000,1.4302e-02
1173.325,1.2800470410e-03,1.262827e-02,1.5062867973e+00,1.0000,1.4877e-02
1173.852,1.2800797105e-03,1.254057e-02,1.5062867973e+00,1.0000,1.5379e-02
1174.379,1.2800960458e-03,1.245537e-02,1.5062867973e+00,1.0000,1.5795e-02
1174.906,1.2800950019e-03,1.237312e-02,1.5062867973e+00,1.0000,1.6117e-02
1175.433,1.2800767162e-03,1.229423e-02,1.5062867973e+00,1.0000,1.6333e-02
1175.960,1.2800415371e-03,1.221909e-02,1.5062867973e+00,1.0000,1.6438e-02
1176.487,1.2799900414e-03,1.214804e-02,1.5062867973e+00,1.0000,1.6425e-02
1177.014,1.2799238864e-03,1.208140e-02,1.5062867973e+00,1.0000,1.6291e-02
1177.541,1.2798461145e-03,1.201946e-02,1.5062867973e+00,1.0000,1.6037e-02
1178.069,1.2797599410e-03,1.196242e-02,1.5062867973e+00,1.0000,1.5668e-02
1178.596,1.2796671910e-03,1.191000e-02,1.5062867973e+00,1.0000,1.5220e-02
1179.123,1.2795692014e-03,1.186255e-02,1.5062867973e+00,1.0000,1.4700e-02
1179.650,1.2794680440e-03,1.182046e-02,1.5062867973e+00,1.0000,1.4115e-02
1180.177,1.2793664104e-03,1.178388e-02,1.5062867973e+00,1.0000,1.3473e-02
1180.704,1.2792667452e-03,1.175337e-02,1.5062867973e+00,1.0000,1.2777e-02
1181.231,1.2791708362e-03,1.172951e-02,1.5062867973e+00,1.0000,1.2027e-02
1181.758,1.2790799445e-03,1.171238e-02,1.5062867973e+00,1.0000,1.1225e-02
1182.285,1.2789949782e-03,1.170184e-02,1.5062867973e+00,1.0000,1.0379e-02
1182.812,1.2789166810e-03,1.169773e-02,1.5062867973e+00,1.0000,9.5013e-03
1183.340,1.2788459843e-03,1.170000e-02,1.5062867973e+00,1.0000,8.6048e-03
1183.867,1.2787841599e-03,1.170859e-02,1.5062867973e+00,1.0000,7.7026e-03
1184.394,1.2787324303e-03,1.172345e-02,1.5062867973e+00,1.0000,6.8080e-03
1184.921,1.2786914487e-03,1.174441e-02,1.5062867973e+00,1.0000,5.9336e-03
1185.448,1.2786613230e-03,1.177125e-02,1.5062867973e+00,1.0000,5.0913e-03
1185.975,1.2786422544e-03,1.180369e-02,1.5062867973e+00,1.0000,4.2907e-03
1186.502,1.2786350563e-03,1.184142e-02,1.5062867973e+00,1.0000,3.5392e-03
1187.029,1.2786419326e-03,1.188405e-02,1.5062867973e+00,1.0000,2.8416e-03
1187.556,1.2786640295e-03,1.193120e-02,1.5062867973e+00,1.0000,2.9961e-03
1188.083,1.2787028773e-03,1.198243e-02,1.5062867973e+00,1.0000,3.1976e-03
1188.611,1.2787579391e-03,1.203727e-02,1.5062867973e+00,1.0000,3.3816e-03
1189.138,1.2788280236e-03,1.209524e-02,1.5062867973e+00,1.0000,3.5489e-03
1189.665,1.2789116836e-03,1.215586e-02,1.5062867973e+00,1.0000,3.6999e-03
1190.192,1.2790073745e-03,1.221862e-02,1.5062867973e+00,1.0000,3.8357e-03
1190.719,1.2791131239e-03,1.228301e-02,1.5062867973e+00,1.0000,3.9583e-03
1191.246,1.2792267654e-03,1.234854e-02,1.5062867973e+00,1.0000,4.0656e-03
1191.773,1.2793463489e-03,1.241472e-02,1.5062867973e+00,1.0000,4.1563e-03
1192.300,1.2794700833e-03,1.248108e-02,1.5062867973e+00,1.0000,4.2300e-03
1192.827,1.2795961345e-03,1.254717e-02,1.5062867973e+00,1.0000,4.2861e-03
1193.354,1.2797228056e-03,1.261256e-02,1.5062867973e+00,1.0000,4.3246e-03
1193.882,1.2798489651e-03,1.267685e-02,1.5062867973e+00,1.0000,4.3465e-03
1194.409,1.2799742604e-03,1.273966e-02,1.5062867973e+00,1.0000,4.3529e-03
1194.936,1.2800990009e-03,1.280066e-02,1.5062867973e+00,1.0000,4.3447e-03
1195.463,1.2802239277e-03,1.285953e-02,1.5062867973e+00,1.0000,4.3227e-03
1195.990,1.2803500514e-03,1.291600e-02,1.5062867973e+00,1.0000,4.2878e-03
1196.517,1.2804785510e-03,1.296984e-02,1.5062867973e+00,1.0000,4.2407e-03
1197.044,1.2806106594e-03,1.302085e-02,1.5062867973e+00,1.0000,4.1822e-03
1197.571,1.2807475058e-03,1.306886e-02,1.5062867973e+00,1.0000,4.1129e-03
1198.098,1.2808899448e-03,1.311376e-02,1.5062867973e+00,1.0000,4.0334e-03
1198.625,1.2810384017e-03,1.315545e-02,1.5062867973e+00,1.0000,3.9442e-03
1199.153,1.2811927572e-03,1.319389e-02,1.5062867973e+00,1.0000,3.8456e-03
1199.680,1.2813522748e-03,1.322906e-02,1.5062867973e+00,1.0000,3.7380e-03
1200.207,1.2815155760e-03,1.326097e-02,1.5062867973e+00,1.0000,3.6217e-03
1200.734,1.2816806577e-03,1.328966e-02,1.5062867973e+00,1.0000,3.4969e-03
1201.261,1.2818449443e-03,1.331521e-02,1.5062867973e+00,1.0000,3.3639e-03
1201.788,1.2820053656e-03,1.333769e-02,1.5062867973e+00,1.0000,3.2231e-03
1202.315,1.2821584550e-03,1.335721e-02,1.5062867973e+00,1.0000,3.0749e-03
1202.842,1.2823004656e-03,1.337389e-02,1.5062867973e+00,1.0000,2.9199e-03
1203.369,1.2824275009e-03,1.338785e-02,1.5062867973e+00,1.0000,2.7588e-03
1203.896,1.2825356755e-03,1.339920e-02,1.5062867973e+00,1.0000,2.5925e-03
1204.424,1.2826213566e-03,1.340810e-02,1.5062867973e+00,1.0000,2.4221e-03
1204.951,1.2826815055e-03,1.341468e-02,1.5062867973e+00,1.0000,2.2470e-03
1205.478,1.2827140175e-03,1.341897e-02,1.5062867973e+00,1.0000,2.0706e-03
1206.005,1.2827179384e-03,1.342121e-02,1.5062867973e+00,1.0000,1.8974e-03
1206.532,1.2826933050e-03,1.342143e-02,1.5062867973e+00,1.0000,1.7291e-03
1207.059,1.2826416271e-03,1.341969e-02,1.5062867973e+00,1.0000,1.5686e-03
1207.586,1.2825654997e-03,1.341604e-02,1.5062867973e+00,1.0000,1.4154e-03
1208.113,1.2824690427e-03,1.341057e-02,1.5062867973e+00,1.0000,1.2694e-03
1208.640,1.2823572422e-03,1.340336e-02,1.5062867973e+00,1.0000,1.1306e-03
1209.167,1.2822350067e-03,1.339450e-02,1.5062867973e+00,1.0000,1.1692e-03
1209.695,1.2821063638e-03,1.338409e-02,1.5062867973e+00,1.0000,1.4007e-03
1210.222,1.2819742507e-03,1.337227e-02,1.5062867973e+00,1.0000,1.6304e-03
1210.749,1.2818406072e-03,1.335916e-02,1.5062867973e+00,1.0000,1.8554e-03
1211.276,1.2817058706e-03,1.334492e-02,1.5062867973e+00,1.0000,2.0728e-03
1211.803,1.2815684787e-03,1.332969e-02,1.5062867973e+00,1.0000,2.2802e-03
1212.330,1.2814255243e-03,1.331365e-02,1.5062867973e+00,1.0000,2.4753e-03
1212.857,1.2812739745e-03,1.329697e-02,1.5062867973e+00,1.0000,2.6560e-03
1213.384,1.2811110638e-03,1.327981e-02,1.5062867973e+00,1.0000,2.8207e-03
1213.911,1.2809339343e-03,1.326234e-02,1.5062867973e+00,1.0000,2.9680e-03
1214.438,1.2807396989e-03,1.324471e-02,1.5062867973e+00,1.0000,3.0970e-03
1214.966,1.2805263111e-03,1.322706e-02,1.5062867973e+00,1.0000,3.2068e-03
1215.493,1.2802934497e-03,1.320952e-02,1.5062867973e+00,1.0000,3.2973e-03
1216.020,1.2800426289e-03,1.319221e-02,1.5062867973e+00,1.0000,3.3683e-03
1216.547,1.2797765983e-03,1.317521e-02,1.5062867973e+00,1.0000,3.4201e-03
1217.074,1.2794986739e-03,1.315859e-02,1.5062867973e+00,1.0000,3.4532e-03
1217.601,1.2792124724e-03,1.314239e-02,1.5062867973e+00,1.0000,3.4685e-03
1218.128,1.2789220010e-03,1.312664e-02,1.5062867973e+00,1.0000,3.4670e-03
1218.655,1.2786317451e-03,1.311135e-02,1.5062867973e+00,1.0000,3.4500e-03
1219.182,1.2783464700e-03,1.309651e-02,1.5062867973e+00,1.0000,3.4189e-03
1219.709,1.2780707235e-03,1.308207e-02,1.5062867973e+00,1.0000,3.3754e-03
1220.237,1.2778082303e-03,1.306801e-02,1.5062867973e+00,1.0000,3.3212e-03
1220.764,1.2775613900e-03,1.305427e-02,1.5062867973e+00,1.0000,3.2580e-03
1221.291,1.2773310082e-03,1.304080e-02,1.5062867973e+00,1.0000,3.1870e-03
1221.818,1.2771162902e-03,1.302752e-02,1.5062867973e+00,1.0000,3.1091e-03
1222.345,1.2769150739e-03,1.301434e-02,1.5062867973e+00,1.0000,3.0257e-03
1222.872,1.2767242508e-03,1.300118e-02,1.5062867973e+00,1.0000,2.9390e-03
1223.399,1.2765403106e-03,1.298801e-02,1.5062867973e+00,1.0000,2.8512e-03
1223.926,1.2763599254e-03,1.297479e-02,1.5062867973e+00,1.0000,2.7652e-03
1224.453,1.2761804872e-03,1.296154e-02,1.5062867973e+00,1.0000,2.6838e-03
1224.980,1.2760005186e-03,1.294823e-02,1.5062867973e+00,1.0000,2.6104e-03
1225.508,1.2758199034e-03,1.293490e-02,1.5062867973e+00,1.0000,2.5480e-03
1226.035,1.2756399164e-03,1.292159e-02,1.5062867973e+00,1.0000,2.4998e-03
1226.562,1.2754630695e-03,1.290839e-02,1.5062867973e+00,1.0000,2.4682e-03
1227.089,1.2752928169e-03,1.289541e-02,1.5062867973e+00,1.0000,2.4553e-03
1227.616,1.2751331794e-03,1.288265e-02,1.5062867973e+00,1.0000,2.4624e-03
1228.143,1.2749883487e-03,1.287019e-02,1.5062867973e+00,1.0000,2.4902e-03
1228.670,1.2748623245e-03,1.285815e-02,1.5062867973e+00,1.0000,2.5381e-03
1229.197,1.2747586334e-03,1.284667e-02,1.5062867973e+00,1.0000,2.6052e-03
1229.724,1.2746801619e-03,1.283614e-02,1.5062867973e+00,1.0000,2.6887e-03
1230.251,1.2746291003e-03,1.282663e-02,1.5062867973e+00,1.0000,2.7846e-03
1230.779,1.2746069463e-03,1.281820e-02,1.5062867973e+00,1.0000,2.8892e-03
1231.306,1.2746145293e-03,1.281096e-02,1.5062867973e+00,1.0000,2.9995e-03
1231.833,1.2746518324e-03,1.280501e-02,1.5062867973e+00,1.0000,3.1123e-03
1232.360,1.2747183215e-03,1.280046e-02,1.5062867973e+00,1.0000,3.2245e-03
1232.887,1.2748129227e-03,1.279743e-02,1.5062867973e+00,1.0000,3.3331e-03
1233.414,1.2749344063e-03,1.279602e-02,1.5062867973e+00,1.0000,3.4349e-03
1233.941,1.2750820392e-03,1.279634e-02,1.5062867973e+00,1.0000,3.5267e-03
1234.468,1.2752549233e-03,1.279849e-02,1.5062867973e+00,1.0000,3.6054e-03
1234.995,1.2754513674e-03,1.280258e-02,1.5062867973e+00,1.0000,3.6679e-03
1235.522,1.2756686583e-03,1.280869e-02,1.5062867973e+00,1.0000,3.7114e-03
1236.050,1.2759033400e-03,1.281690e-02,1.5062867973e+00,1.0000,3.7331e-03
1236.577,1.2761517755e-03,1.282728e-02,1.5062867973e+00,1.0000,3.7307e-03
1237.104,1.2764108260e-03,1.283989e-02,1.5062867973e+00,1.0000,3.7023e-03
1237.631,1.2766781707e-03,1.285477e-02,1.5062867973e+00,1.0000,3.6463e-03
1238.158,1.2769519428e-03,1.287193e-02,1.5062867973e+00,1.0000,3.5621e-03
1238.685,1.2772299968e-03,1.289138e-02,1.5062867973e+00,1.0000,3.4491e-03
1239.212,1.2775095019e-03,1.291311e-02,1.5062867973e+00,1.0000,3.3080e-03
1239.739,1.2777872086e-03,1.293709e-02,1.5062867973e+00,1.0000,3.1397e-03
1240.266,1.2780601120e-03,1.296350e-02,1.5062867973e+00,1.0000,2.9456e-03
1240.793,1.2783259870e-03,1.299217e-02,1.5062867973e+00,1.0000,2.7277e-03
1241.321,1.2785835104e-03,1.302302e-02,1.5062867973e+00,1.0000,2.4870e-03
1241.848,1.2788320438e-03,1.305593e-02,1.5062867973e+00,1.0000,2.2252e-03
1242.375,1.2790713026e-03,1.309074e-02,1.5062867973e+00,1.0000,1.9460e-03
1242.902,1.2793010712e-03,1.312729e-02,1.5062867973e+00,1.0000,1.7919e-03
1243.429,1.2795210197e-03,1.316537e-02,1.5062867973e+00,1.0000,1.9113e-03
1243.956,1.2797306419e-03,1.320478e-02,1.5062867973e+00,1.0000,2.0135e-03
1244.483,1.2799293266e-03,1.324530e-02,1.5062867973e+00,1.0000,2.0952e-03
1245.010,1.2801165396e-03,1.328673e-02,1.5062867973e+00,1.0000,2.1555e-03
1245.537,1.2802920327e-03,1.332884e-02,1.5062867973e+00,1.0000,2.1941e-03
1246.064,1.2804559675e-03,1.337139e-02,1.5062867973e+00,1.0000,2.2105e-03
1246.592,1.2806088835e-03,1.341411e-02,1.5062867973e+00,1.0000,2.2067e-03
1247.119,1.2807515239e-03,1.345667e-02,1.5062867973e+00,1.0000,2.1828e-03
1247.646,1.2808846041e-03,1.349879e-02,1.5062867973e+00,1.0000,2.1369e-03
1248.173,1.2810086212e-03,1.354013e-02,1.5062867973e+00,1.0000,2.0683e-03
1248.700,1.2811237720e-03,1.358037e-02,1.5062867973e+00,1.0000,1.9774e-03
1249.227,1.2812299905e-03,1.361917e-02,1.5062867973e+00,1.0000,1.8649e-03
1249.754,1.2813270662e-03,1.365619e-02,1.5062867973e+00,1.0000,1.7324e-03
1250.281,1.2814147890e-03,1.369110e-02,1.5062867973e+00,1.0000,1.5812e-03
1250.808,1.2814930616e-03,1.372359e-02,1.5062867973e+00,1.0000,1.4131e-03
1251.335,1.2815619476e-03,1.375333e-02,1.5062867973e+00,1.0000,1.2300e-03
1251.863,1.2816216462e-03,1.378003e-02,1.5062867973e+00,1.0000,1.0334e-03
1252.390,1.2816724093e-03,1.380339e-02,1.5062867973e+00,1.0000,8.2637e-04
1252.917,1.2817144342e-03,1.382314e-02,1.5062867973e+00,1.0000,6.1013e-04
1253.444,1.2817477686e-03,1.383906e-02,1.5062867973e+00,1.0000,6.2326e-04
1253.971,1.2817722561e-03,1.385095e-02,1.5062867973e+00,1.0000,8.9460e-04
1254.498,1.2817875350e-03,1.385863e-02,1.5062867973e+00,1.0000,1.1972e-03
1255.025,1.2817932247e-03,1.386197e-02,1.5062867973e+00,1.0000,1.5288e-03
1255.552,1.2817879167e-03,1.386084e-02,1.5062867973e+00,1.0000,1.8874e-03
1256.079,1.2817728545e-03,1.385521e-02,1.5062867973e+00,1.0000,2.2708e-03
1256.606,1.2817457760e-03,1.384496e-02,1.5062867973e+00,1.0000,2.6773e-03
1257.134,1.2817075354e-03,1.383006e-02,1.5062867973e+00,1.0000,3.1049e-03
1257.661,1.2816580293e-03,1.381058e-02,1.5062867973e+00,1.0000,3.5496e-03
1258.188,1.2815978051e-03,1.378647e-02,1.5062867973e+00,1.0000,4.0078e-03
1258.715,1.2815276785e-03,1.375773e-02,1.5062867973e+00,1.0000,4.4765e-03
1259.242,1.2814487155e-03,1.372442e-02,1.5062867973e+00,1.0000,4.9534e-03
1259.769,1.2813622044e-03,1.368661e-02,1.5062867973e+00,1.0000,5.4362e-03
1260.296,1.2812695394e-03,1.364444e-02,1.5062867973e+00,1.0000,5.9229e-03
1260.823,1.2811721536e-03,1.359805e-02,1.5062867973e+00,1.0000,6.4112e-03
1261.350,1.2810714371e-03,1.354766e-02,1.5062867973e+00,1.0000,6.8991e-03
1261.877,1.2809686950e-03,1.349348e-02,1.5062867973e+00,1.0000,7.3841e-03
1262.405,1.2808651174e-03,1.343579e-02,1.5062867973e+00,1.0000,7.8638e-03
1262.932,1.2807617706e-03,1.337489e-02,1.5062867973e+00,1.0000,8.3355e-03
1263.459,1.2806596154e-03,1.331112e-02,1.5062867973e+00,1.0000,8.7963e-03
1263.986,1.2805595444e-03,1.324478e-02,1.5062867973e+00,1.0000,9.2463e-03
1264.513,1.2804624146e-03,1.317623e-02,1.5062867973e+00,1.0000,9.6890e-03
1265.040,1.2803690574e-03,1.310597e-02,1.5062867973e+00,1.0000,1.0122e-02
1265.567,1.2802802577e-03,1.303450e-02,1.5062867973e+00,1.0000,1.0542e-02
1266.094,1.2801967059e-03,1.296234e-02,1.5062867973e+00,1.0000,1.0941e-02
1266.621,1.2801189320e-03,1.288994e-02,1.5062867973e+00,1.0000,1.1313e-02
1267.148,1.2800472392e-03,1.281775e-02,1.5062867973e+00,1.0000,1.1650e-02
1267.676,1.2799816583e-03,1.274620e-02,1.5062867973e+00,1.0000,1.1944e-02
1268.203,1.2799219360e-03,1.267570e-02,1.5062867973e+00,1.0000,1.2189e-02
1268.730,1.2798675565e-03,1.260666e-02,1.5062867973e+00,1.0000,1.2379e-02
1269.257,1.2798177938e-03,1.253945e-02,1.5062867973e+00,1.0000,1.2506e-02
1269.784,1.2797717898e-03,1.247445e-02,1.5062867973e+00,1.0000,1.2565e-02
1270.311,1.2797286548e-03,1.241195e-02,1.5062867973e+00,1.0000,1.2545e-02
1270.838,1.2796875852e-03,1.235216e-02,1.5062867973e+00,1.0000,1.2443e-02
1271.365,1.2796479791e-03,1.229521e-02,1.5062867973e+00,1.0000,1.2267e-02
1271.892,1.2796095261e-03,1.224145e-02,1.5062867973e+00,1.0000,1.2018e-02
1272.419,1.2795722466e-03,1.219127e-02,1.5062867973e+00,1.0000,1.1696e-02
1272.947,1.2795364765e-03,1.214504e-02,1.5062867973e+00,1.0000,1.1301e-02
1273.474,1.2795028090e-03,1.210315e-02,1.5062867973e+00,1.0000,1.0832e-02
1274.001,1.2794720163e-03,1.206600e-02,1.5062867973e+00,1.0000,1.0289e-02
1274.528,1.2794449647e-03,1.203397e-02,1.5062867973e+00,1.0000,9.6736e-03
1275.055,1.2794225263e-03,1.200745e-02,1.5062867973e+00,1.0000,8.9865e-03
1275.582,1.2794054774e-03,1.198680e-02,1.5062867973e+00,1.0000,8.2319e-03
1276.109,1.2793943869e-03,1.197238e-02,1.5062867973e+00,1.0000,7.4157e-03
1276.636,1.2793890246e-03,1.196452e-02,1.5062867973e+00,1.0000,6.5454e-03
1277.163,1.2793910595e-03,1.196352e-02,1.5062867973e+00,1.0000,5.6270e-03
1277.690,1.2793973959e-03,1.196955e-02,1.5062867973e+00,1.0000,4.6678e-03
1278.218,1.2794083722e-03,1.198277e-02,1.5062867973e+00,1.0000,3.6795e-03
1278.745,1.2794228062e-03,1.200325e-02,1.5062867973e+00,1.0000,3.6589e-03
1279.272,1.2794386825e-03,1.203104e-02,1.5062867973e+00,1.0000,4.0619e-03
1279.799,1.2794546791e-03,1.206609e-02,1.5062867973e+00,1.0000,4.4433e-03
1280.326,1.2794688293e-03,1.210833e-02,1.5062867973e+00,1.0000,4.8012e-03
1280.853,1.2794798953e-03,1.215756e-02,1.5062867973e+00,1.0000,5.1402e-03
1281.380,1.2794868326e-03,1.221356e-02,1.5062867973e+00,1.0000,5.4532e-03
1281.907,1.2794889826e-03,1.227605e-02,1.5062867973e+00,1.0000,5.7330e-03
1282.434,1.2794834070e-03,1.234470e-02,1.5062867973e+00,1.0000,5.9805e-03
1282.961,1.2794742593e-03,1.241910e-02,1.5062867973e+00,1.0000,6.1969e-03
1283.489,1.2794584992e-03,1.249878e-02,1.5062867973e+00,1.0000,6.3810e-03
1284.016,1.2794389270e-03,1.258326e-02,1.5062867973e+00,1.0000,6.5340e-03
1284.543,1.2794158936e-03,1.267205e-02,1.5062867973e+00,1.0000,6.6577e-03
1285.070,1.2793911449e-03,1.276459e-02,1.5062867973e+00,1.0000,6.7505e-03
1285.597,1.2793663561e-03,1.286034e-02,1.5062867973e+00,1.0000,6.8132e-03
1286.124,1.2793429565e-03,1.295868e-02,1.5062867973e+00,1.0000,6.8477e-03
1286.651,1.2793220245e-03,1.305901e-02,1.5062867973e+00,1.0000,6.8553e-03
1287.178,1.2793042423e-03,1.316070e-02,1.5062867973e+00,1.0000,6.8367e-03
1287.705,1.2792899224e-03,1.326315e-02,1.5062867973e+00,1.0000,6.9190e-03
1288.232,1.2792788456e-03,1.336594e-02,1.5062867973e+00,1.0000,7.1166e-03
1288.760,1.2792703359e-03,1.346843e-02,1.5062867973e+00,1.0000,7.2673e-03
1289.287,1.2792634602e-03,1.356983e-02,1.5062867973e+00,1.0000,7.3508e-03
1289.814,1.2792572359e-03,1.366946e-02,1.5062867973e+00,1.0000,7.3698e-03
1290.341,1.2792509612e-03,1.376669e-02,1.5062867973e+00,1.0000,7.3298e-03
1290.868,1.2792437612e-03,1.386092e-02,1.5062867973e+00,1.0000,7.2356e-03
1291.395,1.2792351984e-03,1.395164e-02,1.5062867973e+00,1.0000,7.0909e-03
1291.922,1.2792253324e-03,1.403836e-02,1.5062867973e+00,1.0000,6.8990e-03
1292.449,1.2792144030e-03,1.412065e-02,1.5062867973e+00,1.0000,6.6626e-03
1292.976,1.2792030075e-03,1.419814e-02,1.5062867973e+00,1.0000,6.3843e-03
1293.503,1.2791920090e-03,1.427048e-02,1.5062867973e+00,1.0000,6.0665e-03
1294.031,1.2791823960e-03,1.433740e-02,1.5062867973e+00,1.0000,5.7116e-03
1294.558,1.2791751065e-03,1.439864e-02,1.5062867973e+00,1.0000,5.3219e-03
1295.085,1.2791704200e-03,1.445401e-02,1.5062867973e+00,1.0000,4.8998e-03
1295.612,1.2791708680e-03,1.450332e-02,1.5062867973e+00,1.0000,4.4478e-03
1296.139,1.2791743489e-03,1.454644e-02,1.5062867973e+00,1.0000,3.9679e-03
1296.666,1.2791811895e-03,1.458328e-02,1.5062867973e+00,1.0000,3.4620e-03
1297.193,1.2791916171e-03,1.461376e-02,1.5062867973e+00,1.0000,2.9316e-03
1297.720,1.2792044370e-03,1.463788e-02,1.5062867973e+00,1.0000,2.3790e-03
1298.247,1.2792191987e-03,1.465565e-02,1.5062867973e+00,1.0000,1.8065e-03
1298.774,1.2792347701e-03,1.466707e-02,1.5062867973e+00,1.0000,1.2173e-03
1299.302,1.2792498549e-03,1.467219e-02,1.5062867973e+00,1.0000,6.1690e-04
1299.829,1.2792631386e-03,1.467094e-02,1.5062867973e+00,1.0000,1.9572e-04
1300.356,1.2792735867e-03,1.466338e-02,1.5062867973e+00,1.0000,5.9916e-04
1300.883,1.2792807047e-03,1.464967e-02,1.5062867973e+00,1.0000,1.1946e-03
1301.410,1.2792843469e-03,1.462989e-02,1.5062867973e+00,1.0000,1.7779e-03
1301.937,1.2792826057e-03,1.460406e-02,1.5062867973e+00,1.0000,2.3557e-03
1302.464,1.2792764045e-03,1.457240e-02,1.5062867973e+00,1.0000,2.9312e-03
1302.991,1.2792655526e-03,1.453519e-02,1.5062867973e+00,1.0000,3.5014e-03
1303.518,1.2792488862e-03,1.449269e-02,1.5062867973e+00,1.0000,4.0627e-03
1304.045,1.2792263509e-03,1.444519e-02,1.5062867973e+00,1.0000,4.6110e-03
1304.573,1.2791966667e-03,1.439301e-02,1.5062867973e+00,1.0000,5.1426e-03
1305.100,1.2791595792e-03,1.433650e-02,1.5062867973e+00,1.0000,5.6538e-03
1305.627,1.2791142569e-03,1.427605e-02,1.5062867973e+00,1.0000,6.1410e-03
1306.154,1.2790597002e-03,1.421206e-02,1.5062867973e+00,1.0000,6.6008e-03
1306.681,1.2789947824e-03,1.414494e-02,1.5062867973e+00,1.0000,7.0298e-03
1307.208,1.2789184889e-03,1.407513e-02,1.5062867973e+00,1.0000,7.4250e-03
1307.735,1.2788299767e-03,1.400308e-02,1.5062867973e+00,1.0000,7.7838e-03
1308.262,1.2787286579e-03,1.392923e-02,1.5062867973e+00,1.0000,8.1036e-03
1308.789,1.2786143322e-03,1.385407e-02,1.5062867973e+00,1.0000,8.3826e-03
1309.316,1.2784873315e-03,1.377804e-02,1.5062867973e+00,1.0000,8.6190e-03
1309.844,1.2783486409e-03,1.370160e-02,1.5062867973e+00,1.0000,8.8116e-03
1310.371,1.2781999660e-03,1.362523e-02,1.5062867973e+00,1.0000,8.9598e-03
1310.898,1.2780437306e-03,1.354937e-02,1.5062867973e+00,1.0000,9.0633e-03
1311.425,1.2778829911e-03,1.347447e-02,1.5062867973e+00,1.0000,9.1222e-03
1311.952,1.2777212663e-03,1.340097e-02,1.5062867973e+00,1.0000,9.1373e-03
1312.479,1.2775622931e-03,1.332930e-02,1.5062867973e+00,1.0000,9.1094e-03
1313.006,1.2774097293e-03,1.325986e-02,1.5062867973e+00,1.0000,9.0400e-03
1313.533,1.2772668415e-03,1.319306e-02,1.5062867973e+00,1.0000,8.9306e-03
1314.060,1.2771362148e-03,1.312927e-02,1.5062867973e+00,1.0000,8.7808e-03
1314.587,1.2770195297e-03,1.306862e-02,1.5062867973e+00,1.0000,8.6009e-03
1315.115,1.2769174370e-03,1.301142e-02,1.5062867973e+00,1.0000,8.3977e-03
1315.642,1.2768295566e-03,1.295804e-02,1.5062867973e+00,1.0000,8.1734e-03
1316.169,1.2767546017e-03,1.290883e-02,1.5062867973e+00,1.0000,7.9303e-03
1316.696,1.2766906177e-03,1.286408e-02,1.5062867973e+00,1.0000,7.6699e-03
1317.223,1.2766353019e-03,1.282407e-02,1.5062867973e+00,1.0000,7.3936e-03
1317.750,1.2765863640e-03,1.278899e-02,1.5062867973e+00,1.0000,7.1028e-03
1318.277,1.2765418791e-03,1.275901e-02,1.5062867973e+00,1.0000,6.7987e-03
1318.804,1.2765005864e-03,1.273424e-02,1.5062867973e+00,1.0000,6.4827e-03
1319.331,1.2764620860e-03,1.271475e-02,1.5062867973e+00,1.0000,6.1552e-03
1319.858,1.2764269101e-03,1.270051e-02,1.5062867973e+00,1.0000,5.8161e-03
1320.386,1.2763965037e-03,1.269142e-02,1.5062867973e+00,1.0000,5.4662e-03
1320.913,1.2763731366e-03,1.268735e-02,1.5062867973e+00,1.0000,5.1070e-03
1321.440,1.2763596993e-03,1.268814e-02,1.5062867973e+00,1.0000,4.7409e-03
1321.967,1.2763590591e-03,1.269358e-02,1.5062867973e+00,1.0000,4.3710e-03
1322.494,1.2763744659e-03,1.270344e-02,1.5062867973e+00,1.0000,4.0008e-03
1323.021,1.2764077635e-03,1.271745e-02,1.5062867973e+00,1.0000,3.6343e-03
1323.548,1.2764611979e-03,1.273534e-02,1.5062867973e+00,1.0000,3.2754e-03
1324.075,1.2765368917e-03,1.275681e-02,1.5062867973e+00,1.0000,2.9281e-03
1324.602,1.2766357312e-03,1.278155e-02,1.5062867973e+00,1.0000,2.5963e-03
1325.129,1.2767572246e-03,1.280924e-02,1.5062867973e+00,1.0000,2.2834e-03
1325.657,1.2768998252e-03,1.283957e-02,1.5062867973e+00,1.0000,1.9924e-03
1326.184,1.2770613017e-03,1.287220e-02,1.5062867973e+00,1.0000,1.7255e-03
1326.711,1.2772391518e-03,1.290684e-02,1.5062867973e+00,1.0000,1.5816e-03
1327.238,1.2774310276e-03,1.294316e-02,1.5062867973e+00,1.0000,1.6433e-03
1327.765,1.2776347819e-03,1.298086e-02,1.5062867973e+00,1.0000,1.6902e-03
1328.292,1.2778480441e-03,1.301968e-02,1.5062867973e+00,1.0000,1.7231e-03
1328.819,1.2780679597e-03,1.305933e-02,1.5062867973e+00,1.0000,1.7425e-03
1329.346,1.2782916374e-03,1.309956e-02,1.5062867973e+00,1.0000,1.7492e-03
1329.873,1.2785169713e-03,1.314015e-02,1.5062867973e+00,1.0000,1.7439e-03
1330.400,1.2787430658e-03,1.318087e-02,1.5062867973e+00,1.0000,1.7273e-03
1330.928,1.2789699988e-03,1.322153e-02,1.5062867973e+00,1.0000,1.7002e-03
1331.455,1.2791983240e-03,1.326195e-02,1.5062867973e+00,1.0000,1.6632e-03
1331.982,1.2794287885e-03,1.330198e-02,1.5062867973e+00,1.0000,1.6171e-03
1332.509,1.2796623268e-03,1.334147e-02,1.5062867973e+00,1.0000,1.5627e-03
1333.036,1.2799000883e-03,1.338028e-02,1.5062867973e+00,1.0000,1.5008e-03
1333.563,1.2801432929e-03,1.341830e-02,1.5062867973e+00,1.0000,1.4322e-03
1334.090,1.2803929189e-03,1.345541e-02,1.5062867973e+00,1.0000,1.3579e-03
1334.617,1.2806493583e-03,1.349150e-02,1.5062867973e+00,1.0000,1.2788e-03
1335.144,1.2809121607e-03,1.352649e-02,1.5062867973e+00,1.0000,1.1960e-03
1335.671,1.2811799087e-03,1.356026e-02,1.5062867973e+00,1.0000,1.1157e-03
1336.199,1.2814502155e-03,1.359275e-02,1.5062867973e+00,1.0000,1.2459e-03
1336.726,1.2817198186e-03,1.362383e-02,1.5062867973e+00,1.0000,1.3839e-03
1337.253,1.2819847509e-03,1.365338e-02,1.5062867973e+00,1.0000,1.5282e-03
1337.780,1.2822405780e-03,1.368136e-02,1.5062867973e+00,1.0000,1.6759e-03
1338.307,1.2824826903e-03,1.370765e-02,1.5062867973e+00,1.0000,1.8245e-03
1338.834,1.2827066327e-03,1.373211e-02,1.5062867973e+00,1.0000,1.9717e-03
1339.361,1.2829084464e-03,1.375466e-02,1.5062867973e+00,1.0000,2.1161e-03
1339.888,1.2830849900e-03,1.377521e-02,1.5062867973e+00,1.0000,2.2561e-03
1340.415,1.2832342007e-03,1.379365e-02,1.5062867973e+00,1.0000,2.3907e-03
1340.942,1.2833552607e-03,1.380994e-02,1.5062867973e+00,1.0000,2.5188e-03
1341.470,1.2834486359e-03,1.382400e-02,1.5062867973e+00,1.0000,2.6394e-03
1341.997,1.2835159756e-03,1.383578e-02,1.5062867973e+00,1.0000,2.7520e-03
1342.524,1.2835598753e-03,1.384525e-02,1.5062867973e+00,1.0000,2.8558e-03
1343.051,1.2835835300e-03,1.385238e-02,1.5062867973e+00,1.0000,2.9503e-03
1343.578,1.2835903695e-03,1.385714e-02,1.5062867973e+00,1.0000,3.0351e-03
1344.105,1.2835833001e-03,1.385954e-02,1.5062867973e+00,1.0000,3.1100e-03
1344.632,1.2835654348e-03,1.385956e-02,1.5062867973e+00,1.0000,3.1747e-03
1345.159,1.2835379111e-03,1.385724e-02,1.5062867973e+00,1.0000,3.2293e-03
1345.686,1.2835017970e-03,1.385257e-02,1.5062867973e+00,1.0000,3.2736e-03
1346.213,1.2834566531e-03,1.384561e-02,1.5062867973e+00,1.0000,3.3080e-03
1346.741,1.2834013866e-03,1.383639e-02,1.5062867973e+00,1.0000,3.3326e-03
1347.268,1.2833343626e-03,1.382497e-02,1.5062867973e+00,1.0000,3.3479e-03
1347.795,1.2832537430e-03,1.381140e-02,1.5062867973e+00,1.0000,3.3542e-03
1348.322,1.2831577719e-03,1.379576e-02,1.5062867973e+00,1.0000,3.3522e-03
1348.849,1.2830450017e-03,1.377813e-02,1.5062867973e+00,1.0000,3.3425e-03
1349.376,1.2829143372e-03,1.375858e-02,1.5062867973e+00,1.0000,3.3259e-03
1349.903,1.2827650788e-03,1.373721e-02,1.5062867973e+00,1.0000,3.3032e-03
1350.430,1.2825971666e-03,1.371408e-02,1.5062867973e+00,1.0000,3.2754e-03
1350.957,1.2824114687e-03,1.368937e-02,1.5062867973e+00,1.0000,3.2429e-03
1351.484,1.2822098407e-03,1.366318e-02,1.5062867973e+00,1.0000,3.2063e-03
1352.012,1.2819948203e-03,1.363561e-02,1.5062867973e+00,1.0000,3.1662e-03
1352.539,1.2817690698e-03,1.360678e-02,1.5062867973e+00,1.0000,3.1239e-03
1353.066,1.2815348629e-03,1.357680e-02,1.5062867973e+00,1.0000,3.0805e-03
1353.593,1.2812938989e-03,1.354577e-02,1.5062867973e+00,1.0000,3.0375e-03
1354.120,1.2810475155e-03,1.351383e-02,1.5062867973e+00,1.0000,2.9964e-03
1354.647,1.2807971042e-03,1.348109e-02,1.5062867973e+00,1.0000,2.9584e-03
1355.174,1.2805444152e-03,1.344770e-02,1.5062867973e+00,1.0000,2.9250e-03
1355.701,1.2802915426e-03,1.341379e-02,1.5062867973e+00,1.0000,2.8973e-03
1356.228,1.2800406154e-03,1.337950e-02,1.5062867973e+00,1.0000,2.8764e-03
1356.755,1.2797934058e-03,1.334500e-02,1.5062867973e+00,1.0000,2.8630e-03
1357.283,1.2795510703e-03,1.331045e-02,1.5062867973e+00,1.0000,2.8579e-03
1357.810,1.2793141013e-03,1.327601e-02,1.5062867973e+00,1.0000,2.8614e-03
1358.337,1.2790824228e-03,1.324186e-02,1.5062867973e+00,1.0000,2.8736e-03
1358.864,1.2788555396e-03,1.320827e-02,1.5062867973e+00,1.0000,2.8941e-03
1359.391,1.2786327074e-03,1.317554e-02,1.5062867973e+00,1.0000,2.9211e-03
1359.918,1.2784131544e-03,1.314376e-02,1.5062867973e+00,1.0000,2.9530e-03
1360.445,1.2781963620e-03,1.311308e-02,1.5062867973e+00,1.0000,2.9885e-03
1360.972,1.2779823523e-03,1.308367e-02,1.5062867973e+00,1.0000,3.0260e-03
1361.499,1.2777718806e-03,1.305569e-02,1.5062867973e+00,1.0000,3.0641e-03
1362.026,1.2775664675e-03,1.302932e-02,1.5062867973e+00,1.0000,3.1011e-03
1362.554,1.2773682709e-03,1.300474e-02,1.5062867973e+00,1.0000,3.1349e-03
1363.081,1.2771798640e-03,1.298211e-02,1.5062867973e+00,1.0000,3.1636e-03
1363.608,1.2770040008e-03,1.296163e-02,1.5062867973e+00,1.0000,3.1847e-03
1364.135,1.2768434144e-03,1.294347e-02,1.5062867973e+00,1.0000,3.1957e-03
1364.662,1.2767006539e-03,1.292783e-02,1.5062867973e+00,1.0000,3.1942e-03
1365.189,1.2765779303e-03,1.291490e-02,1.5062867973e+00,1.0000,3.1773e-03
1365.716,1.2764769518e-03,1.290488e-02,1.5062867973e+00,1.0000,3.1424e-03
1366.243,1.2763987642e-03,1.289799e-02,1.5062867973e+00,1.0000,3.0870e-03
1366.770,1.2763436493e-03,1.289443e-02,1.5062867973e+00,1.0000,3.0087e-03
1367.297,1.2763111263e-03,1.289440e-02,1.5062867973e+00,1.0000,2.9054e-03
1367.825,1.2762999496e-03,1.289812e-02,1.5062867973e+00,1.0000,2.7756e-03
1368.352,1.2763087934e-03,1.290577e-02,1.5062867973e+00,1.0000,2.6180e-03
1368.879,1.2763347947e-03,1.291755e-02,1.5062867973e+00,1.0000,2.4322e-03
1369.406,1.2763761367e-03,1.293363e-02,1.5062867973e+00,1.0000,2.2181e-03
1369.933,1.2764300700e-03,1.295414e-02,1.5062867973e+00,1.0000,1.9766e-03
1370.460,1.2764944870e-03,1.297922e-02,1.5062867973e+00,1.0000,1.9466e-03
1370.987,1.2765677991e-03,1.300893e-02,1.5062867973e+00,1.0000,2.1450e-03
1371.514,1.2766487833e-03,1.304330e-02,1.5062867973e+00,1.0000,2.3459e-03
1372.041,1.2767364300e-03,1.308239e-02,1.5062867973e+00,1.0000,2.5485e-03
1372.568,1.2768297396e-03,1.312614e-02,1.5062867973e+00,1.0000,2.7527e-03
1373.096,1.2769277175e-03,1.317444e-02,1.5062867973e+00,1.0000,2.9554e-03
1373.623,1.2770294905e-03,1.322709e-02,1.5062867973e+00,1.0000,3.1564e-03
1374.150,1.2771344656e-03,1.328387e-02,1.5062867973e+00,1.0000,3.3549e-03
1374.677,1.2772423721e-03,1.334452e-02,1.5062867973e+00,1.0000,3.5447e-03
1375.204,1.2773531662e-03,1.340878e-02,1.5062867973e+00,1.0000,3.7182e-03
1375.731,1.2774668795e-03,1.347636e-02,1.5062867973e+00,1.0000,3.8719e-03
1376.258,1.2775834896e-03,1.354691e-02,1.5062867973e+00,1.0000,4.0031e-03
1376.785,1.2777028204e-03,1.362011e-02,1.5062867973e+00,1.0000,4.1119e-03
1377.312,1.2778244472e-03,1.369564e-02,1.5062867973e+00,1.0000,4.1993e-03
1377.839,1.2779476097e-03,1.377314e-02,1.5062867973e+00,1.0000,4.2658e-03
1378.367,1.2780711685e-03,1.385222e-02,1.5062867973e+00,1.0000,4.3117e-03
1378.894,1.2781936577e-03,1.393249e-02,1.5062867973e+00,1.0000,4.3367e-03
1379.421,1.2783134494e-03,1.401352e-02,1.5062867973e+00,1.0000,4.3377e-03
1379.948,1.2784289972e-03,1.409490e-02,1.5062867973e+00,1.0000,4.3143e-03
1380.475,1.2785390833e-03,1.417617e-02,1.5062867973e+00,1.0000,4.2682e-03
1381.002,1.2786429867e-03,1.425685e-02,1.5062867973e+00,1.0000,4.2249e-03
1381.529,1.2787405222e-03,1.433663e-02,1.5062867973e+00,1.0000,4.4269e-03
1382.056,1.2788319424e-03,1.441500e-02,1.5062867973e+00,1.0000,4.5879e-03
1382.583,1.2789177385e-03,1.449127e-02,1.5062867973e+00,1.0000,4.6899e-03
1383.110,1.2789984014e-03,1.456482e-02,1.5062867973e+00,1.0000,4.7354e-03
1383.638,1.2790742081e-03,1.463507e-02,1.5062867973e+00,1.0000,4.7271e-03
1384.165,1.2791450874e-03,1.470146e-02,1.5062867973e+00,1.0000,4.6681e-03
1384.692,1.2792105890e-03,1.476346e-02,1.5062867973e+00,1.0000,4.5613e-03
1385.219,1.2792699521e-03,1.482060e-02,1.5062867973e+00,1.0000,4.4096e-03
1385.746,1.2793222458e-03,1.487245e-02,1.5062867973e+00,1.0000,4.2158e-03
1386.273,1.2793665377e-03,1.491863e-02,1.5062867973e+00,1.0000,3.9826e-03
1386.800,1.2794020516e-03,1.495883e-02,1.5062867973e+00,1.0000,3.7127e-03
1387.327,1.2794282834e-03,1.499280e-02,1.5062867973e+00,1.0000,3.4084e-03
1387.854,1.2794450632e-03,1.502033e-02,1.5062867973e+00,1.0000,3.0720e-03
1388.381,1.2794525700e-03,1.504127e-02,1.5062867973e+00,1.0000,2.7057e-03
1388.909,1.2794511409e-03,1.505554e-02,1.5062867973e+00,1.0000,2.3112e-03
1389.436,1.2794419110e-03,1.506307e-02,1.5062867973e+00,1.0000,1.8905e-03
1389.963,1.2794255292e-03,1.506388e-02,1.5062867973e+00,1.0000,1.4451e-03
1390.490,1.2794028335e-03,1.505800e-02,1.5062867973e+00,1.0000,9.7653e-04
1391.017,1.2793752949e-03,1.504548e-02,1.5062867973e+00,1.0000,5.6036e-04
1391.544,1.2793436753e-03,1.502645e-02,1.5062867973e+00,1.0000,8.6870e-04
1392.071,1.2793090766e-03,1.500111e-02,1.5062867973e+00,1.0000,1.1829e-03
1392.598,1.2792723114e-03,1.496967e-02,1.5062867973e+00,1.0000,1.5027e-03
1393.125,1.2792341758e-03,1.493203e-02,1.5062867973e+00,1.0000,1.8202e-03
1393.652,1.2791953427e-03,1.488867e-02,1.5062867973e+00,1.0000,2.2269e-03
1394.180,1.2791564274e-03,1.483985e-02,1.5062867973e+00,1.0000,2.8276e-03
1394.707,1.2791180075e-03,1.478576e-02,1.5062867973e+00,1.0000,3.4307e-03
1395.234,1.2790806431e-03,1.472656e-02,1.5062867973e+00,1.0000,4.0381e-03
1395.761,1.2790448915e-03,1.466245e-02,1.5062867973e+00,1.0000,4.6552e-03
1396.288,1.2790113080e-03,1.459378e-02,1.5062867973e+00,1.0000,5.2807e-03
1396.815,1.2789804314e-03,1.452087e-02,1.5062867973e+00,1.0000,5.9117e-03
1397.342,1.2789527469e-03,1.444409e-02,1.5062867973e+00,1.0000,6.5452e-03
1397.869,1.2789286347e-03,1.436382e-02,1.5062867973e+00,1.0000,7.1775e-03
1398.396,1.2789083269e-03,1.428047e-02,1.5062867973e+00,1.0000,7.8050e-03
1398.923,1.2788918754e-03,1.419448e-02,1.5062867973e+00,1.0000,8.4236e-03
1399.451,1.2788791327e-03,1.410631e-02,1.5062867973e+00,1.0000,9.0290e-03
1399.978,1.2788697616e-03,1.401644e-02,1.5062867973e+00,1.0000,9.6166e-03
1400.505,1.2788631696e-03,1.392535e-02,1.5062867973e+00,1.0000,1.0182e-02
1401.032,1.2788585067e-03,1.383353e-02,1.5062867973e+00,1.0000,1.0719e-02
1401.559,1.2788568697e-03,1.374147e-02,1.5062867973e+00,1.0000,1.1223e-02
1402.086,1.2788562862e-03,1.364965e-02,1.5062867973e+00,1.0000,1.1690e-02
1402.613,1.2788564458e-03,1.355857e-02,1.5062867973e+00,1.0000,1.2114e-02
1403.140,1.2788576551e-03,1.346868e-02,1.5062867973e+00,1.0000,1.2489e-02
1403.667,1.2788608010e-03,1.338045e-02,1.5062867973e+00,1.0000,1.2812e-02
1404.194,1.2788655727e-03,1.329432e-02,1.5062867973e+00,1.0000,1.3076e-02
1404.722,1.2788737843e-03,1.321072e-02,1.5062867973e+00,1.0000,1.3279e-02
1405.249,1.2788853803e-03,1.313005e-02,1.5062867973e+00,1.0000,1.3415e-02
1405.776,1.2789011527e-03,1.305271e-02,1.5062867973e+00,1.0000,1.3482e-02
1406.303,1.2789215182e-03,1.297908e-02,1.5062867973e+00,1.0000,1.3477e-02
1406.830,1.2789468927e-03,1.290951e-02,1.5062867973e+00,1.0000,1.3398e-02
1407.357,1.2789773785e-03,1.284436e-02,1.5062867973e+00,1.0000,1.3243e-02
1407.884,1.2790126168e-03,1.278393e-02,1.5062867973e+00,1.0000,1.3011e-02
1408.411,1.2790518454e-03,1.272855e-02,1.5062867973e+00,1.0000,1.2703e-02
1408.938,1.2790941486e-03,1.267855e-02,1.5062867973e+00,1.0000,1.2319e-02
1409.465,1.2791386869e-03,1.263406e-02,1.5062867973e+00,1.0000,1.1863e-02
1409.993,1.2791847198e-03,1.259506e-02,1.5062867973e+00,1.0000,1.1357e-02
1410.520,1.2792314996e-03,1.256190e-02,1.5062867973e+00,1.0000,1.0806e-02
1411.047,1.2792782206e-03,1.253491e-02,1.5062867973e+00,1.0000,1.0212e-02
1411.574,1.2793241065e-03,1.251439e-02,1.5062867973e+00,1.0000,9.5792e-03
1412.101,1.2793685448e-03,1.250058e-02,1.5062867973e+00,1.0000,8.9114e-03
1412.628,1.2794111506e-03,1.249367e-02,1.5062867973e+00,1.0000,8.2120e-03
1413.155,1.2794517442e-03,1.249399e-02,1.5062867973e+00,1.0000,7.4814e-03
1413.682,1.2794903173e-03,1.250136e-02,1.5062867973e+00,1.0000,6.7208e-03
1414.209,1.2795270513e-03,1.251577e-02,1.5062867973e+00,1.0000,5.9338e-03
1414.736,1.2795623776e-03,1.253714e-02,1.5062867973e+00,1.0000,5.1260e-03
1415.264,1.2795970273e-03,1.256530e-02,1.5062867973e+00,1.0000,4.3050e-03
1415.791,1.2796320217e-03,1.260001e-02,1.5062867973e+00,1.0000,3.4794e-03
1416.318,1.2796685892e-03,1.264103e-02,1.5062867973e+00,1.0000,2.6584e-03
1416.845,1.2797080242e-03,1.268802e-02,1.5062867973e+00,1.0000,3.0164e-03
1417.372,1.2797515216e-03,1.274062e-02,1.5062867973e+00,1.0000,3.3601e-03
1417.899,1.2798000176e-03,1.279844e-02,1.5062867973e+00,1.0000,3.6793e-03
1418.426,1.2798540668e-03,1.286102e-02,1.5062867973e+00,1.0000,3.9731e-03
1418.953,1.2799137664e-03,1.292790e-02,1.5062867973e+00,1.0000,4.2460e-03
1419.480,1.2799787330e-03,1.299860e-02,1.5062867973e+00,1.0000,4.4901e-03
1420.007,1.2800481257e-03,1.307266e-02,1.5062867973e+00,1.0000,4.6999e-03
1420.535,1.2801207121e-03,1.314959e-02,1.5062867973e+00,1.0000,4.8767e-03
1421.062,1.2801949739e-03,1.322887e-02,1.5062867973e+00,1.0000,5.0218e-03
1421.589,1.2802692516e-03,1.330999e-02,1.5062867973e+00,1.0000,5.1362e-03
1422.116,1.2803419231e-03,1.339246e-02,1.5062867973e+00,1.0000,5.2209e-03
1422.643,1.2804116043e-03,1.347575e-02,1.5062867973e+00,1.0000,5.2767e-03
1423.170,1.2804773508e-03,1.355936e-02,1.5062867973e+00,1.0000,5.3044e-03
1423.697,1.2805388283e-03,1.364279e-02,1.5062867973e+00,1.0000,5.3022e-03
1424.224,1.2805964219e-03,1.372556e-02,1.5062867973e+00,1.0000,5.2713e-03
1424.751,1.2806512561e-03,1.380720e-02,1.5062867973e+00,1.0000,5.2140e-03
1425.278,1.2807051096e-03,1.388723e-02,1.5062867973e+00,1.0000,5.1328e-03
1425.806,1.2807602271e-03,1.396520e-02,1.5062867973e+00,1.0000,5.0299e-03
1426.333,1.2808190429e-03,1.404069e-02,1.5062867973e+00,1.0000,5.0010e-03
1426.860,1.2808838526e-03,1.411343e-02,1.5062867973e+00,1.0000,5.0617e-03
1427.387,1.2809564734e-03,1.418299e-02,1.5062867973e+00,1.0000,5.0794e-03
1427.914,1.2810379413e-03,1.424887e-02,1.5062867973e+00,1.0000,5.0412e-03
1428.441,1.2811282906e-03,1.431066e-02,1.5062867973e+00,1.0000,4.9450e-03
1428.968,1.2812264466e-03,1.436801e-02,1.5062867973e+00,1.0000,4.7968e-03
1429.495,1.2813302496e-03,1.442061e-02,1.5062867973e+00,1.0000,4.6027e-03
1430.022,1.2814366051e-03,1.446820e-02,1.5062867973e+00,1.0000,4.3688e-03
1430.549,1.2815417367e-03,1.451058e-02,1.5062867973e+00,1.0000,4.1006e-03
1431.077,1.2816415065e-03,1.454759e-02,1.5062867973e+00,1.0000,3.8035e-03
1431.604,1.2817317577e-03,1.457911e-02,1.5062867973e+00,1.0000,3.4820e-03
1432.131,1.2818086409e-03,1.460510e-02,1.5062867973e+00,1.0000,3.1398e-03
1432.658,1.2818688908e-03,1.462551e-02,1.5062867973e+00,1.0000,2.7756e-03
1433.185,1.2819100374e-03,1.464039e-02,1.5062867973e+00,1.0000,2.3929e-03
1433.712,1.2819305419e-03,1.464991e-02,1.5062867973e+00,1.0000,2.0275e-03
1434.239,1.2819298299e-03,1.465426e-02,1.5062867973e+00,1.0000,1.7421e-03
1434.766,1.2819082440e-03,1.465350e-02,1.5062867973e+00,1.0000,1.4648e-03
1435.293,1.2818672707e-03,1.464793e-02,1.5062867973e+00,1.0000,1.1967e-03
1435.820,1.2818086455e-03,1.463794e-02,1.5062867973e+00,1.0000,9.3732e-04
1436.348,1.2817347158e-03,1.462374e-02,1.5062867973e+00,1.0000,6.8546e-04
1436.875,1.2816480437e-03,1.460557e-02,1.5062867973e+00,1.0000,4.4395e-04
1437.402,1.2815519363e-03,1.458366e-02,1.5062867973e+00,1.0000,7.3464e-04
1437.929,1.2814496751e-03,1.455829e-02,1.5062867973e+00,1.0000,1.0695e-03
1438.456,1.2813434366e-03,1.452975e-02,1.5062867973e+00,1.0000,1.3956e-03
1438.983,1.2812339593e-03,1.449834e-02,1.5062867973e+00,1.0000,1.7118e-03
1439.510,1.2811211221e-03,1.446439e-02,1.5062867973e+00,1.0000,2.0171e-03
1440.037,1.2810044873e-03,1.442822e-02,1.5062867973e+00,1.0000,2.3105e-03
1440.564,1.2808835923e-03,1.439016e-02,1.5062867973e+00,1.0000,2.5908e-03
1441.091,1.2807581961e-03,1.435056e-02,1.5062867973e+00,1.0000,2.8573e-03
1441.619,1.2806282243e-03,1.430971e-02,1.5062867973e+00,1.0000,3.1119e-03
1442.146,1.2804931431e-03,1.426798e-02,1.5062867973e+00,1.0000,3.3546e-03
1442.673,1.2803512398e-03,1.422576e-02,1.5062867973e+00,1.0000,3.5842e-03
1443.200,1.2801996628e-03,1.418343e-02,1.5062867973e+00,1.0000,3.7990e-03
1443.727,1.2800354578e-03,1.414135e-02,1.5062867973e+00,1.0000,3.9962e-03
1444.254,1.2798569232e-03,1.409985e-02,1.5062867973e+00,1.0000,4.1725e-03
1444.781,1.2796643532e-03,1.405924e-02,1.5062867973e+00,1.0000,4.3251e-03
1445.308,1.2794597747e-03,1.401980e-02,1.5062867973e+00,1.0000,4.4514e-03
1445.835,1.2792460215e-03,1.398179e-02,1.5062867973e+00,1.0000,4.5493e-03
1446.362,1.2790258098e-03,1.394546e-02,1.5062867973e+00,1.0000,4.6170e-03
1446.890,1.2788012798e-03,1.391102e-02,1.5062867973e+00,1.0000,4.6533e-03
1447.417,1.2785740462e-03,1.387865e-02,1.5062867973e+00,1.0000,4.6574e-03
1447.944,1.2783455052e-03,1.384853e-02,1.5062867973e+00,1.0000,4.6282e-03
1448.471,1.2781171107e-03,1.382077e-02,1.5062867973e+00,1.0000,4.5646e-03
1448.998,1.2778904769e-03,1.379540e-02,1.5062867973e+00,1.0000,4.4694e-03
1449.525,1.2776673215e-03,1.377243e-02,1.5062867973e+00,1.0000,4.3490e-03
1450.052,1.2774493320e-03,1.375196e-02,1.5062867973e+00,1.0000,4.2061e-03
1450.579,1.2772380320e-03,1.373405e-02,1.5062867973e+00,1.0000,4.0430e-03
1451.106,1.2770346723e-03,1.371876e-02,1.5062867973e+00,1.0000,3.8620e-03
1451.633,1.2768401442e-03,1.370611e-02,1.5062867973e+00,1.0000,3.6654e-03
1452.161,1.2766549081e-03,1.369610e-02,1.5062867973e+00,1.0000,3.4554e-03
1452.688,1.2764789485e-03,1.368872e-02,1.5062867973e+00,1.0000,3.2343e-03
1453.215,1.2763117766e-03,1.368392e-02,1.5062867973e+00,1.0000,3.0043e-03
1453.742,1.2761525036e-03,1.368164e-02,1.5062867973e+00,1.0000,2.7666e-03
1454.269,1.2759999974e-03,1.368177e-02,1.5062867973e+00,1.0000,2.5221e-03
1454.796,1.2758531073e-03,1.368417e-02,1.5062867973e+00,1.0000,2.2726e-03
1455.323,1.2757109293e-03,1.368870e-02,1.5062867973e+00,1.0000,2.0203e-03
1455.850,1.2755730651e-03,1.369520e-02,1.5062867973e+00,1.0000,1.7676e-03
1456.377,1.2754398302e-03,1.370355e-02,1.5062867973e+00,1.0000,1.5171e-03
1456.904,1.2753123712e-03,1.371357e-02,1.5062867973e+00,1.0000,1.2718e-03
1457.432,1.2751926700e-03,1.372515e-02,1.5062867973e+00,1.0000,1.2558e-03
1457.959,1.2750834333e-03,1.373814e-02,1.5062867973e+00,1.0000,1.3469e-03
1458.486,1.2749878829e-03,1.375241e-02,1.5062867973e+00,1.0000,1.4259e-03
1459.013,1.2749094774e-03,1.376786e-02,1.5062867973e+00,1.0000,1.4928e-03
1459.540,1.2748515998e-03,1.378438e-02,1.5062867973e+00,1.0000,1.5477e-03
1460.067,1.2748172482e-03,1.380191e-02,1.5062867973e+00,1.0000,1.5909e-03
1460.594,1.2748087778e-03,1.382034e-02,1.5062867973e+00,1.0000,1.6236e-03
1461.121,1.2748276859e-03,1.383960e-02,1.5062867973e+00,1.0000,1.6472e-03
1461.648,1.2748746793e-03,1.385964e-02,1.5062867973e+00,1.0000,1.6601e-03
1462.175,1.2749496342e-03,1.388040e-02,1.5062867973e+00,1.0000,1.6616e-03
1462.703,1.2750519030e-03,1.390186e-02,1.5062867973e+00,1.0000,1.6511e-03
1463.230,1.2751799474e-03,1.392398e-02,1.5062867973e+00,1.0000,1.6291e-03
1463.757,1.2753314850e-03,1.394675e-02,1.5062867973e+00,1.0000,1.5961e-03
1464.284,1.2755035823e-03,1.397017e-02,1.5062867973e+00,1.0000,1.5529e-03
1464.811,1.2756930145e-03,1.399422e-02,1.5062867973e+00,1.0000,1.5009e-03
1465.338,1.2758969346e-03,1.401890e-02,1.5062867973e+00,1.0000,1.4413e-03
1465.865,1.2761135219e-03,1.404418e-02,1.5062867973e+00,1.0000,1.3754e-03
1466.392,1.2763420150e-03,1.407005e-02,1.5062867973e+00,1.0000,1.3041e-03
1466.919,1.2765819367e-03,1.409649e-02,1.5062867973e+00,1.0000,1.2286e-03
1467.446,1.2768320527e-03,1.412344e-02,1.5062867973e+00,1.0000,1.1502e-03
1467.974,1.2770899226e-03,1.415086e-02,1.5062867973e+00,1.0000,1.0699e-03
1468.501,1.2773524263e-03,1.417868e-02,1.5062867973e+00,1.0000,9.8886e-04
1469.028,1.2776168045e-03,1.420682e-02,1.5062867973e+00,1.0000,9.0788e-04
1469.555,1.2778814132e-03,1.423517e-02,1.5062867973e+00,1.0000,8.2887e-04
1470.082,1.2781457923e-03,1.426361e-02,1.5062867973e+00,1.0000,7.5228e-04
1470.609,1.2784102639e-03,1.429203e-02,1.5062867973e+00,1.0000,6.7773e-04
1471.136,1.2786754706e-03,1.432027e-02,1.5062867973e+00,1.0000,6.0486e-04
1471.663,1.2789420301e-03,1.434821e-02,1.5062867973e+00,1.0000,5.3328e-04
1472.190,1.2792102364e-03,1.437569e-02,1.5062867973e+00,1.0000,6.4134e-04
1472.717,1.2794797577e-03,1.440252e-02,1.5062867973e+00,1.0000,7.6338e-04
1473.245,1.2797494329e-03,1.442853e-02,1.5062867973e+00,1.0000,8.8625e-04
1473.772,1.2800172973e-03,1.445357e-02,1.5062867973e+00,1.0000,1.0090e-03
1474.299,1.2802808336e-03,1.447745e-02,1.5062867973e+00,1.0000,1.1310e-03
1474.826,1.2805372888e-03,1.450001e-02,1.5062867973e+00,1.0000,1.2517e-03
1475.353,1.2807838803e-03,1.452109e-02,1.5062867973e+00,1.0000,1.3710e-03
1475.880,1.2810178411e-03,1.454050e-02,1.5062867973e+00,1.0000,1.4890e-03
1476.407,1.2812363889e-03,1.455808e-02,1.5062867973e+00,1.0000,1.6057e-03
1476.934,1.2814367637e-03,1.457368e-02,1.5062867973e+00,1.0000,1.7214e-03
1477.461,1.2816164052e-03,1.458715e-02,1.5062867973e+00,1.0000,1.8364e-03
1477.988,1.2817732353e-03,1.459830e-02,1.5062867973e+00,1.0000,1.9510e-03
1478.516,1.2819059216e-03,1.460699e-02,1.5062867973e+00,1.0000,2.0655e-03
1479.043,1.2820140182e-03,1.461313e-02,1.5062867973e+00,1.0000,2.1798e-03
1479.570,1.2820979640e-03,1.461666e-02,1.5062867973e+00,1.0000,2.2940e-03
1480.097,1.2821590078e-03,1.461752e-02,1.5062867973e+00,1.0000,2.4083e-03
1480.624,1.2821991358e-03,1.461568e-02,1.5062867973e+00,1.0000,2.5228e-03
1481.151,1.2822209973e-03,1.461111e-02,1.5062867973e+00,1.0000,2.6378e-03
1481.678,1.2822277529e-03,1.460385e-02,1.5062867973e+00,1.0000,2.7537e-03
1482.205,1.2822224043e-03,1.459392e-02,1.5062867973e+00,1.0000,2.8713e-03
1482.732,1.2822086822e-03,1.458138e-02,1.5062867973e+00,1.0000,2.9911e-03
1483.259,1.2821877026e-03,1.456633e-02,1.5062867973e+00,1.0000,3.1143e-03
1483.787,1.2821609417e-03,1.454887e-02,1.5062867973e+00,1.0000,3.2418e-03
1484.314,1.2821282266e-03,1.452912e-02,1.5062867973e+00,1.0000,3.3750e-03
1484.841,1.2820888131e-03,1.450721e-02,1.5062867973e+00,1.0000,3.5152e-03
1485.368,1.2820415549e-03,1.448319e-02,1.5062867973e+00,1.0000,3.6637e-03
1485.895,1.2819851387e-03,1.445717e-02,1.5062867973e+00,1.0000,3.8216e-03
1486.422,1.2819182115e-03,1.442926e-02,1.5062867973e+00,1.0000,3.9894e-03
1486.949,1.2818396149e-03,1.439965e-02,1.5062867973e+00,1.0000,4.1674e-03
1487.476,1.2817487108e-03,1.436860e-02,1.5062867973e+00,1.0000,4.3545e-03
1488.003,1.2816455761e-03,1.433612e-02,1.5062867973e+00,1.0000,4.5496e-03
1488.530,1.2815309780e-03,1.430227e-02,1.5062867973e+00,1.0000,4.7518e-03
1489.058,1.2814061916e-03,1.426713e-02,1.5062867973e+00,1.0000,4.9598e-03
1489.585,1.2812728357e-03,1.423074e-02,1.5062867973e+00,1.0000,5.1726e-03
1490.112,1.2811328214e-03,1.419316e-02,1.5062867973e+00,1.0000,5.3887e-03
1490.639,1.2809883757e-03,1.415445e-02,1.5062867973e+00,1.0000,5.6065e-03
1491.166,1.2808419985e-03,1.411465e-02,1.5062867973e+00,1.0000,5.8243e-03
1491.693,1.2806962481e-03,1.407381e-02,1.5062867973e+00,1.0000,6.0400e-03
1492.220,1.2805533913e-03,1.403197e-02,1.5062867973e+00,1.0000,6.2513e-03
1492.747,1.2804150718e-03,1.398918e-02,1.5062867973e+00,1.0000,6.4560e-03
1493.274,1.2802821385e-03,1.394551e-02,1.5062867973e+00,1.0000,6.6516e-03
1493.801,1.2801546803e-03,1.390103e-02,1.5062867973e+00,1.0000,6.8355e-03
1494.329,1.2800322232e-03,1.385580e-02,1.5062867973e+00,1.0000,7.0052e-03
1494.856,1.2799140044e-03,1.380993e-02,1.5062867973e+00,1.0000,7.1582e-03
1495.383,1.2797992431e-03,1.376349e-02,1.5062867973e+00,1.0000,7.2937e-03
1495.910,1.2796873619e-03,1.371661e-02,1.5062867973e+00,1.0000,7.4104e-03
1496.437,1.2795781433e-03,1.366945e-02,1.5062867973e+00,1.0000,7.5055e-03
1496.964,1.2794718220e-03,1.362219e-02,1.5062867973e+00,1.0000,7.5760e-03
1497.491,1.2793691046e-03,1.357501e-02,1.5062867973e+00,1.0000,7.6183e-03
1498.018,1.2792711060e-03,1.352811e-02,1.5062867973e+00,1.0000,7.6290e-03
1498.545,1.2791792098e-03,1.348169e-02,1.5062867973e+00,1.0000,7.6047e-03
1499.072,1.2790948837e-03,1.343596e-02,1.5062867973e+00,1.0000,7.5426e-03
1499.600,1.2790194925e-03,1.339111e-02,1.5062867973e+00,1.0000,7.4439e-03
1500.127,1.2789541423e-03,1.334740e-02,1.5062867973e+00,1.0000,7.3091e-03
1500.654,1.2788995723e-03,1.330511e-02,1.5062867973e+00,1.0000,7.1378e-03
1501.181,1.2788560994e-03,1.326458e-02,1.5062867973e+00,1.0000,6.9301e-03
1501.708,1.2788236193e-03,1.322613e-02,1.5062867973e+00,1.0000,6.6859e-03
1502.235,1.2788016582e-03,1.319013e-02,1.5062867973e+00,1.0000,6.4055e-03
1502.762,1.2787894684e-03,1.315696e-02,1.5062867973e+00,1.0000,6.0894e-03
1503.289,1.2787859260e-03,1.312700e-02,1.5062867973e+00,1.0000,5.7384e-03
1503.816,1.2787911380e-03,1.310065e-02,1.5062867973e+00,1.0000,5.3538e-03
1504.343,1.2788022265e-03,1.307833e-02,1.5062867973e+00,1.0000,4.9371e-03
1504.871,1.2788203160e-03,1.306043e-02,1.5062867973e+00,1.0000,4.4905e-03
1505.398,1.2788438318e-03,1.304737e-02,1.5062867973e+00,1.0000,4.0166e-03
1505.925,1.2788725352e-03,1.303951e-02,1.5062867973e+00,1.0000,3.5185e-03
1506.452,1.2789059934e-03,1.303723e-02,1.5062867973e+00,1.0000,2.9998e-03
1506.979,1.2789438882e-03,1.304084e-02,1.5062867973e+00,1.0000,2.4643e-03
1507.506,1.2789859056e-03,1.305066e-02,1.5062867973e+00,1.0000,2.4622e-03
1508.033,1.2790317099e-03,1.306690e-02,1.5062867973e+00,1.0000,2.7828e-03
1508.560,1.2790809248e-03,1.308971e-02,1.5062867973e+00,1.0000,3.0979e-03
1509.087,1.2791330854e-03,1.311918e-02,1.5062867973e+00,1.0000,3.4049e-03
1509.614,1.2791876420e-03,1.315534e-02,1.5062867973e+00,1.0000,3.7037e-03
1510.142,1.2792439712e-03,1.319811e-02,1.5062867973e+00,1.0000,3.9968e-03
1510.669,1.2793014135e-03,1.324740e-02,1.5062867973e+00,1.0000,4.2763e-03
1511.196,1.2793593237e-03,1.330308e-02,1.5062867973e+00,1.0000,4.5338e-03
1511.723,1.2794171169e-03,1.336493e-02,1.5062867973e+00,1.0000,4.7692e-03
1512.250,1.2794743012e-03,1.343268e-02,1.5062867973e+00,1.0000,4.9817e-03
1512.777,1.2795304947e-03,1.350600e-02,1.5062867973e+00,1.0000,5.1700e-03
1513.304,1.2795854169e-03,1.358455e-02,1.5062867973e+00,1.0000,5.3353e-03
1513.831,1.2796388542e-03,1.366794e-02,1.5062867973e+00,1.0000,5.4788e-03
1514.358,1.2796905961e-03,1.375571e-02,1.5062867973e+00,1.0000,5.6008e-03
1514.885,1.2797403380e-03,1.384740e-02,1.5062867973e+00,1.0000,5.6976e-03
1515.413,1.2797876160e-03,1.394250e-02,1.5062867973e+00,1.0000,5.7692e-03
1515.940,1.2798318147e-03,1.404044e-02,1.5062867973e+00,1.0000,5.8172e-03
1516.467,1.2798721273e-03,1.414063e-02,1.5062867973e+00,1.0000,5.8429e-03
1516.994,1.2799074732e-03,1.424256e-02,1.5062867973e+00,1.0000,6.1094e-03
1517.521,1.2799366219e-03,1.434575e-02,1.5062867973e+00,1.0000,6.4320e-03
1518.048,1.2799585108e-03,1.444932e-02,1.5062867973e+00,1.0000,6.6928e-03
1518.575,1.2799723649e-03,1.455250e-02,1.5062867973e+00,1.0000,6.8929e-03
1519.102,1.2799776488e-03,1.465455e-02,1.5062867973e+00,1.0000,7.0352e-03
1519.629,1.2799726062e-03,1.475474e-02,1.5062867973e+00,1.0000,7.1223e-03
1520.156,1.2799587744e-03,1.485236e-02,1.5062867973e+00,1.0000,7.1568e-03
1520.684,1.2799339758e-03,1.494676e-02,1.5062867973e+00,1.0000,7.1411e-03
1521.211,1.2798999319e-03,1.503731e-02,1.5062867973e+00,1.0000,7.0773e-03
1521.738,1.2798571264e-03,1.512345e-02,1.5062867973e+00,1.0000,6.9678e-03
1522.265,1.2798062234e-03,1.520466e-02,1.5062867973e+00,1.0000,6.8144e-03
1522.792,1.2797477886e-03,1.528049e-02,1.5062867973e+00,1.0000,6.6193e-03
1523.319,1.2796827035e-03,1.535052e-02,1.5062867973e+00,1.0000,6.3846e-03
1523.846,1.2796122005e-03,1.541442e-02,1.5062867973e+00,1.0000,6.1123e-03
1524.373,1.2795373545e-03,1.547190e-02,1.5062867973e+00,1.0000,5.8044e-03
1524.900,1.2794588565e-03,1.552272e-02,1.5062867973e+00,1.0000,5.4630e-03
1525.427,1.2793772441e-03,1.556670e-02,1.5062867973e+00,1.0000,5.0903e-03
1525.955,1.2792932184e-03,1.560426e-02,1.5062867973e+00,1.0000,2.0969e-02
1526.482,1.2792076090e-03,1.563502e-02,1.5062867973e+00,1.0000,1.9001e-02
1527.009,1.2791211142e-03,1.565880e-02,1.5062867973e+00,1.0000,1.6150e-02
1527.536,1.2790341565e-03,1.567553e-02,1.5062867973e+00,1.0000,1.2702e-02
1528.063,1.2789469572e-03,1.568510e-02,1.5062867973e+00,1.0000,8.5466e-03
1528.590,1.2788596838e-03,1.568736e-02,1.5062867973e+00,1.0000,5.3247e-03
1529.117,1.2787725269e-03,1.568257e-02,1.5062867973e+00,1.0000,3.1106e-03
1529.644,1.2786857032e-03,1.567068e-02,1.5062867973e+00,1.0000,1.7299e-03
1530.171,1.2785994468e-03,1.565173e-02,1.5062867973e+00,1.0000,2.1524e-03
1530.698,1.2785140236e-03,1.562608e-02,1.5062867973e+00,1.0000,7.4039e-03
1531.226,1.2784297561e-03,1.559416e-02,1.5062867973e+00,1.0000,1.3638e-02
1531.753,1.2783470318e-03,1.555624e-02,1.5062867973e+00,1.0000,1.9698e-02
1532.280,1.2782662852e-03,1.551259e-02,1.5062867973e+00,1.0000,2.5620e-02
1532.807,1.2781879574e-03,1.546347e-02,1.5062867973e+00,1.0000,3.1413e-02
1533.334,1.2781124454e-03,1.540926e-02,1.5062867973e+00,1.0000,3.7079e-02
1533.861,1.2780400524e-03,1.535041e-02,1.5062867973e+00,1.0000,4.2632e-02
1534.388,1.2779709465e-03,1.528737e-02,1.5062867973e+00,1.0000,4.8092e-02
1534.915,1.2779051339e-03,1.522060e-02,1.5062867973e+00,1.0000,5.3475e-02
1535.442,1.2778424475e-03,1.515058e-02,1.5062867973e+00,1.0000,5.8798e-02
1535.969,1.2777825526e-03,1.507778e-02,1.5062867973e+00,1.0000,6.4075e-02
1536.497,1.2777249700e-03,1.500267e-02,1.5062867973e+00,1.0000,6.9315e-02
1537.024,1.2776691142e-03,1.492573e-02,1.5062867973e+00,1.0000,7.4525e-02
1537.551,1.2776143484e-03,1.484742e-02,1.5062867973e+00,1.0000,7.9707e-02
1538.078,1.2775600508e-03,1.476817e-02,1.5062867973e+00,1.0000,8.4861e-02
1538.605,1.2775056887e-03,1.468842e-02,1.5062867973e+00,1.0000,8.9977e-02
1539.132,1.2774508921e-03,1.460857e-02,1.5062867973e+00,1.0000,9.5045e-02
1539.659,1.2773955159e-03,1.452902e-02,1.5062867973e+00,1.0000,1.0004e-01
1540.186,1.2773396828e-03,1.445011e-02,1.5062867973e+00,1.0000,1.0495e-01
1540.713,1.2772837961e-03,1.437221e-02,1.5062867973e+00,1.0000,1.0974e-01
1541.240,1.2772285206e-03,1.429562e-02,1.5062867973e+00,1.0000,1.1436e-01
1541.768,1.2771747309e-03,1.422063e-02,1.5062867973e+00,1.0000,1.1878e-01
1542.295,1.2771234359e-03,1.414753e-02,1.5062867973e+00,1.0000,1.2294e-01
1542.822,1.2770756884e-03,1.407655e-02,1.5062867973e+00,1.0000,1.2680e-01
1543.349,1.2770324941e-03,1.400795e-02,1.5062867973e+00,1.0000,1.3030e-01
1543.876,1.2769947320e-03,1.394193e-02,1.5062867973e+00,1.0000,1.3338e-01
1544.403,1.2769630968e-03,1.387872e-02,1.5062867973e+00,1.0000,1.3599e-01
1544.930,1.2769380682e-03,1.381850e-02,1.5062867973e+00,1.0000,1.3808e-01
1545.457,1.2769199065e-03,1.376146e-02,1.5062867973e+00,1.0000,1.3960e-01
1545.984,1.2769086710e-03,1.370798e-02,1.5062867973e+00,1.0000,9.3056e-03
1546.511,1.2769038949e-03,1.365875e-02,1.5062867973e+00,1.0000,7.4450e-03
1547.039,1.2769069235e-03,1.361305e-02,1.5062867973e+00,1.0000,5.8184e-03
1547.566,1.2769149883e-03,1.357073e-02,1.5062867973e+00,1.0000,4.4245e-03
1548.093,1.2769299931e-03,1.353208e-02,1.5062867973e+00,1.0000,3.2398e-03
1548.620,1.2769510777e-03,1.349742e-02,1.5062867973e+00,1.0000,2.2395e-03
1549.147,1.2769782975e-03,1.346701e-02,1.5062867973e+00,1.0000,1.6314e-03
1549.674,1.2770117620e-03,1.344146e-02,1.5062867973e+00,1.0000,1.2894e-03
1550.201,1.2770518325e-03,1.342120e-02,1.5062867973e+00,1.0000,9.3853e-04
1550.728,1.2770992554e-03,1.340604e-02,1.5062867973e+00,1.0000,1.0796e-03
1551.255,1.2771549600e-03,1.339609e-02,1.5062867973e+00,1.0000,1.5054e-03
1551.782,1.2772201084e-03,1.339172e-02,1.5062867973e+00,1.0000,1.8860e-03
1552.310,1.2772959526e-03,1.339313e-02,1.5062867973e+00,1.0000,2.2153e-03
1552.837,1.2773834779e-03,1.340052e-02,1.5062867973e+00,1.0000,2.4887e-03
1553.364,1.2774830795e-03,1.341416e-02,1.5062867973e+00,1.0000,2.7102e-03
1553.891,1.2775946294e-03,1.343425e-02,1.5062867973e+00,1.0000,2.8833e-03
1554.418,1.2777178009e-03,1.346089e-02,1.5062867973e+00,1.0000,3.0131e-03
1554.945,1.2778522384e-03,1.349410e-02,1.5062867973e+00,1.0000,3.1050e-03
1555.472,1.2779973905e-03,1.353379e-02,1.5062867973e+00,1.0000,3.1638e-03
1555.999,1.2781522257e-03,1.357974e-02,1.5062867973e+00,1.0000,3.1940e-03
1556.526,1.2783151430e-03,1.363165e-02,1.5062867973e+00,1.0000,3.1995e-03
1557.053,1.2784841476e-03,1.368909e-02,1.5062867973e+00,1.0000,3.1835e-03
1557.581,1.2786571109e-03,1.375161e-02,1.5062867973e+00,1.0000,3.2199e-03
1558.108,1.2788319477e-03,1.381864e-02,1.5062867973e+00,1.0000,3.2405e-03
1558.635,1.2790067216e-03,1.388949e-02,1.5062867973e+00,1.0000,3.2295e-03
1559.162,1.2791798115e-03,1.396342e-02,1.5062867973e+00,1.0000,3.1868e-03
1559.689,1.2793501897e-03,1.403962e-02,1.5062867973e+00,1.0000,3.1137e-03
1560.216,1.2795177070e-03,1.411728e-02,1.5062867973e+00,1.0000,3.0122e-03
1560.743,1.2796832161e-03,1.419559e-02,1.5062867973e+00,1.0000,2.8847e-03
1561.270,1.2798484456e-03,1.427376e-02,1.5062867973e+00,1.0000,2.7337e-03
1561.797,1.2800156737e-03,1.435101e-02,1.5062867973e+00,1.0000,2.5617e-03
1562.324,1.2801873247e-03,1.442660e-02,1.5062867973e+00,1.0000,2.3711e-03
1562.852,1.2803655912e-03,1.449986e-02,1.5062867973e+00,1.0000,2.1640e-03
1563.379,1.2805521220e-03,1.457016e-02,1.5062867973e+00,1.0000,1.9927e-03
1563.906,1.2807477719e-03,1.463696e-02,1.5062867973e+00,1.0000,1.8207e-03
1564.433,1.2809524075e-03,1.469973e-02,1.5062867973e+00,1.0000,1.6459e-03
1564.960,1.2811647832e-03,1.475799e-02,1.5062867973e+00,1.0000,1.4692e-03
1565.487,1.2813825135e-03,1.481136e-02,1.5062867973e+00,1.0000,1.2908e-03
1566.014,1.2816021638e-03,1.485949e-02,1.5062867973e+00,1.0000,1.1090e-03
1566.541,1.2818194645e-03,1.490212e-02,1.5062867973e+00,1.0000,9.2521e-04
1567.068,1.2820296315e-03,1.493903e-02,1.5062867973e+00,1.0000,7.4108e-04
1567.595,1.2822277642e-03,1.497008e-02,1.5062867973e+00,1.0000,5.5602e-04
1568.123,1.2824092799e-03,1.499517e-02,1.5062867973e+00,1.0000,3.7870e-04
1568.650,1.2825703377e-03,1.501421e-02,1.5062867973e+00,1.0000,6.1075e-04
1569.177,1.2827082019e-03,1.502721e-02,1.5062867973e+00,1.0000,8.5823e-04
1569.704,1.2828214963e-03,1.503420e-02,1.5062867973e+00,1.0000,1.1064e-03
1570.231,1.2829103098e-03,1.503527e-02,1.5062867973e+00,1.0000,1.3539e-03
1570.758,1.2829761304e-03,1.503058e-02,1.5062867973e+00,1.0000,1.5997e-03
1571.285,1.2830216076e-03,1.502032e-02,1.5062867973e+00,1.0000,1.8427e-03
1571.812,1.2830501667e-03,1.500473e-02,1.5062867973e+00,1.0000,2.0821e-03
1572.339,1.2830655247e-03,1.498409e-02,1.5062867973e+00,1.0000,2.3171e-03
1572.866,1.2830711724e-03,1.495872e-02,1.5062867973e+00,1.0000,2.5466e-03
1573.394,1.2830700851e-03,1.492893e-02,1.5062867973e+00,1.0000,2.7698e-03
1573.921,1.2830631908e-03,1.489511e-02,1.5062867973e+00,1.0000,2.9859e-03
1574.448,1.2830523178e-03,1.485763e-02,1.5062867973e+00,1.0000,3.1936e-03
1574.975,1.2830350937e-03,1.481688e-02,1.5062867973e+00,1.0000,3.3921e-03
1575.502,1.2830104614e-03,1.477328e-02,1.5062867973e+00,1.0000,3.5802e-03
1576.029,1.2829749114e-03,1.472723e-02,1.5062867973e+00,1.0000,3.7567e-03
1576.556,1.2829251974e-03,1.467916e-02,1.5062867973e+00,1.0000,3.9204e-03
1577.083,1.2828578170e-03,1.462947e-02,1.5062867973e+00,1.0000,4.0701e-03
1577.610,1.2827699404e-03,1.457859e-02,1.5062867973e+00,1.0000,4.2045e-03
1578.137,1.2826596653e-03,1.452690e-02,1.5062867973e+00,1.0000,4.3242e-03
1578.665,1.2825262707e-03,1.447480e-02,1.5062867973e+00,1.0000,4.4288e-03
1579.192,1.2823702244e-03,1.442271e-02,1.5062867973e+00,1.0000,4.5166e-03
1579.719,1.2821930270e-03,1.437102e-02,1.5062867973e+00,1.0000,4.5858e-03
1580.246,1.2819969467e-03,1.432010e-02,1.5062867973e+00,1.0000,4.6341e-03
1580.773,1.2817847938e-03,1.427028e-02,1.5062867973e+00,1.0000,4.6594e-03
1581.300,1.2815598763e-03,1.422189e-02,1.5062867973e+00,1.0000,4.6593e-03
1581.827,1.2813260328e-03,1.417520e-02,1.5062867973e+00,1.0000,4.6319e-03
1582.354,1.2810875106e-03,1.413043e-02,1.5062867973e+00,1.0000,4.5757e-03
1582.881,1.2808485911e-03,1.408777e-02,1.5062867973e+00,1.0000,4.4934e-03
1583.408,1.2806130932e-03,1.404739e-02,1.5062867973e+00,1.0000,4.3869e-03
1583.936,1.2803839368e-03,1.400948e-02,1.5062867973e+00,1.0000,4.2571e-03
1584.463,1.2801628778e-03,1.397419e-02,1.5062867973e+00,1.0000,4.1055e-03
1584.990,1.2799504726e-03,1.394164e-02,1.5062867973e+00,1.0000,3.9334e-03
1585.517,1.2797463056e-03,1.391194e-02,1.5062867973e+00,1.0000,3.7422e-03
1586.044,1.2795494420e-03,1.388518e-02,1.5062867973e+00,1.0000,3.5336e-03
1586.571,1.2793589571e-03,1.386141e-02,1.5062867973e+00,1.0000,3.3096e-03
1587.098,1.2791743280e-03,1.384066e-02,1.5062867973e+00,1.0000,3.0721e-03
1587.625,1.2789955400e-03,1.382296e-02,1.5062867973e+00,1.0000,2.8231e-03
1588.152,1.2788228880e-03,1.380830e-02,1.5062867973e+00,1.0000,2.5649e-03
1588.679,1.2786565835e-03,1.379671e-02,1.5062867973e+00,1.0000,2.2989e-03
1589.207,1.2784963538e-03,1.378810e-02,1.5062867973e+00,1.0000,2.0264e-03
1589.734,1.2783412288e-03,1.378241e-02,1.5062867973e+00,1.0000,1.7489e-03
1590.261,1.2781896309e-03,1.377959e-02,1.5062867973e+00,1.0000,1.4684e-03
1590.788,1.2780397444e-03,1.377959e-02,1.5062867973e+00,1.0000,1.4234e-03
1591.315,1.2778899992e-03,1.378235e-02,1.5062867973e+00,1.0000,1.5692e-03
1591.842,1.2777394535e-03,1.378782e-02,1.5062867973e+00,1.0000,1.7068e-03
1592.369,1.2775879377e-03,1.379598e-02,1.5062867973e+00,1.0000,1.8359e-03
1592.896,1.2774359556e-03,1.380678e-02,1.5062867973e+00,1.0000,1.9561e-03
1593.423,1.2772844451e-03,1.382020e-02,1.5062867973e+00,1.0000,2.0683e-03
1593.950,1.2771345102e-03,1.383621e-02,1.5062867973e+00,1.0000,2.1755e-03
1594.478,1.2769871922e-03,1.385479e-02,1.5062867973e+00,1.0000,2.2752e-03
1595.005,1.2768433064e-03,1.387596e-02,1.5062867973e+00,1.0000,2.3652e-03
1595.532,1.2767033636e-03,1.389974e-02,1.5062867973e+00,1.0000,2.4435e-03
1596.059,1.2765676002e-03,1.392615e-02,1.5062867973e+00,1.0000,2.5116e-03
1596.586,1.2764361082e-03,1.395520e-02,1.5062867973e+00,1.0000,2.5709e-03
1597.113,1.2763089982e-03,1.398692e-02,1.5062867973e+00,1.0000,2.6227e-03
1597.640,1.2761865152e-03,1.402131e-02,1.5062867973e+00,1.0000,2.6682e-03
1598.167,1.2760691038e-03,1.405839e-02,1.5062867973e+00,1.0000,2.7082e-03
1598.694,1.2759575362e-03,1.409814e-02,1.5062867973e+00,1.0000,2.7437e-03
1599.221,1.2758532391e-03,1.414055e-02,1.5062867973e+00,1.0000,2.7752e-03
1599.749,1.2757587924e-03,1.418558e-02,1.5062867973e+00,1.0000,2.8032e-03
1600.276,1.2756783274e-03,1.423316e-02,1.5062867973e+00,1.0000,2.8282e-03
1600.803,1.2756174357e-03,1.428321e-02,1.5062867973e+00,1.0000,2.8503e-03
1601.330,1.2755824655e-03,1.433562e-02,1.5062867973e+00,1.0000,2.8697e-03
1601.857,1.2755791220e-03,1.439027e-02,1.5062867973e+00,1.0000,2.8860e-03
1602.384,1.2756115339e-03,1.444701e-02,1.5062867973e+00,1.0000,2.8979e-03
1602.911,1.2756821224e-03,1.450567e-02,1.5062867973e+00,1.0000,2.9057e-03
1603.438,1.2757905149e-03,1.456604e-02,1.5062867973e+00,1.0000,2.9096e-03
1603.965,1.2759354228e-03,1.462790e-02,1.5062867973e+00,1.0000,2.9099e-03
1604.492,1.2761147874e-03,1.469103e-02,1.5062867973e+00,1.0000,2.9064e-03
1605.020,1.2763261814e-03,1.475514e-02,1.5062867973e+00,1.0000,2.8991e-03
1605.547,1.2765666705e-03,1.481999e-02,1.5062867973e+00,1.0000,2.9204e-03
1606.074,1.2768323388e-03,1.488536e-02,1.5062867973e+00,1.0000,3.0226e-03
1606.601,1.2771176291e-03,1.495097e-02,1.5062867973e+00,1.0000,3.1137e-03
1607.128,1.2774152256e-03,1.501641e-02,1.5062867973e+00,1.0000,3.1847e-03
1607.655,1.2777167378e-03,1.508135e-02,1.5062867973e+00,1.0000,3.2360e-03
1608.182,1.2780138366e-03,1.514543e-02,1.5062867973e+00,1.0000,3.2684e-03
1608.709,1.2782992902e-03,1.520832e-02,1.5062867973e+00,1.0000,3.2823e-03
1609.236,1.2785674977e-03,1.526967e-02,1.5062867973e+00,1.0000,3.2781e-03
1609.763,1.2788144798e-03,1.532917e-02,1.5062867973e+00,1.0000,3.2559e-03
1610.291,1.2790376476e-03,1.538650e-02,1.5062867973e+00,1.0000,3.2157e-03
1610.818,1.2792357114e-03,1.544135e-02,1.5062867973e+00,1.0000,3.1575e-03
1611.345,1.2794087288e-03,1.549342e-02,1.5062867973e+00,1.0000,3.0814e-03
1611.872,1.2795579866e-03,1.554243e-02,1.5062867973e+00,1.0000,2.9873e-03
1612.399,1.2796855637e-03,1.558810e-02,1.5062867973e+00,1.0000,2.8753e-03
1612.926,1.2797937957e-03,1.563016e-02,1.5062867973e+00,1.0000,2.7456e-03
1613.453,1.2798849217e-03,1.566837e-02,1.5062867973e+00,1.0000,2.5982e-03
1613.980,1.2799609367e-03,1.570250e-02,1.5062867973e+00,1.0000,2.4336e-03
1614.507,1.2800235127e-03,1.573233e-02,1.5062867973e+00,1.0000,2.2522e-03
1615.034,1.2800739297e-03,1.575766e-02,1.5062867973e+00,1.0000,2.0545e-03
1615.562,1.2801130261e-03,1.577833e-02,1.5062867973e+00,1.0000,1.8409e-03
1616.089,1.2801411539e-03,1.579421e-02,1.5062867973e+00,1.0000,1.6121e-03
1616.616,1.2801581577e-03,1.580517e-02,1.5062867973e+00,1.0000,1.3687e-03
1617.143,1.2801636563e-03,1.581112e-02,1.5062867973e+00,1.0000,1.1111e-03
1617.670,1.2801564548e-03,1.581203e-02,1.5062867973e+00,1.0000,8.3987e-04
1618.197,1.2801377918e-03,1.580785e-02,1.5062867973e+00,1.0000,5.5541e-04
1618.724,1.2801067198e-03,1.579860e-02,1.5062867973e+00,1.0000,4.1175e-04
1619.251,1.2800644398e-03,1.578429e-02,1.5062867973e+00,1.0000,6.2225e-04
1619.778,1.2800109710e-03,1.576504e-02,1.5062867973e+00,1.0000,8.3756e-04
1620.305,1.2799467086e-03,1.574091e-02,1.5062867973e+00,1.0000,1.0571e-03
1620.833,1.2798723698e-03,1.571201e-02,1.5062867973e+00,1.0000,1.2799e-03
1621.360,1.2797892232e-03,1.567846e-02,1.5062867973e+00,1.0000,1.5032e-03
1621.887,1.2796988212e-03,1.564032e-02,1.5062867973e+00,1.0000,1.7562e-03
1622.414,1.2796026986e-03,1.559780e-02,1.5062867973e+00,1.0000,2.1446e-03
1622.941,1.2795023276e-03,1.555131e-02,1.5062867973e+00,1.0000,2.5395e-03
1623.468,1.2793992389e-03,1.550097e-02,1.5062867973e+00,1.0000,2.9395e-03
1623.995,1.2792951113e-03,1.544698e-02,1.5062867973e+00,1.0000,3.3440e-03
1624.522,1.2791917142e-03,1.538951e-02,1.5062867973e+00,1.0000,3.7561e-03
1625.049,1.2790907702e-03,1.532885e-02,1.5062867973e+00,1.0000,4.1767e-03
1625.576,1.2789938302e-03,1.526532e-02,1.5062867973e+00,1.0000,4.6041e-03
1626.104,1.2789021921e-03,1.519922e-02,1.5062867973e+00,1.0000,5.0365e-03
1626.631,1.2788168467e-03,1.513092e-02,1.5062867973e+00,1.0000,5.4717e-03
1627.158,1.2787384384e-03,1.506078e-02,1.5062867973e+00,1.0000,5.9073e-03
1627.685,1.2786672473e-03,1.498919e-02,1.5062867973e+00,1.0000,6.3404e-03
1628.212,1.2786032116e-03,1.491655e-02,1.5062867973e+00,1.0000,6.7683e-03
1628.739,1.2785460002e-03,1.484325e-02,1.5062867973e+00,1.0000,7.1880e-03
1629.266,1.2784951255e-03,1.476969e-02,1.5062867973e+00,1.0000,7.5962e-03
1629.793,1.2784500687e-03,1.469626e-02,1.5062867973e+00,1.0000,7.9898e-03
1630.320,1.2784103998e-03,1.462331e-02,1.5062867973e+00,1.0000,8.3656e-03
1630.847,1.2783758766e-03,1.455120e-02,1.5062867973e+00,1.0000,8.7202e-03
1631.375,1.2783464907e-03,1.448024e-02,1.5062867973e+00,1.0000,9.0503e-03
1631.902,1.2783224797e-03,1.441071e-02,1.5062867973e+00,1.0000,9.3528e-03
1632.429,1.2783043355e-03,1.434286e-02,1.5062867973e+00,1.0000,9.6243e-03
1632.956,1.2782927228e-03,1.427691e-02,1.5062867973e+00,1.0000,9.8615e-03
1633.483,1.2782880354e-03,1.421302e-02,1.5062867973e+00,1.0000,1.0061e-02
1634.010,1.2782919724e-03,1.415135e-02,1.5062867973e+00,1.0000,1.0220e-02
1634.537,1.2783031917e-03,1.409200e-02,1.5062867973e+00,1.0000,1.0335e-02
1635.064,1.2783238228e-03,1.403508e-02,1.5062867973e+00,1.0000,1.0403e-02
1635.591,1.2783532030e-03,1.398064e-02,1.5062867973e+00,1.0000,1.0421e-02
1636.118,1.2783911401e-03,1.392873e-02,1.5062867973e+00,1.0000,1.0386e-02
1636.646,1.2784370470e-03,1.387938e-02,1.5062867973e+00,1.0000,1.0295e-02
1637.173,1.2784905611e-03,1.383262e-02,1.5062867973e+00,1.0000,1.0147e-02
1637.700,1.2785513280e-03,1.378849e-02,1.5062867973e+00,1.0000,9.9391e-03
1638.227,1.2786185978e-03,1.374701e-02,1.5062867973e+00,1.0000,9.6708e-03
1638.754,1.2786912237e-03,1.370825e-02,1.5062867973e+00,1.0000,9.3419e-03
1639.281,1.2787681296e-03,1.367225e-02,1.5062867973e+00,1.0000,8.9530e-03
1639.808,1.2788487555e-03,1.363916e-02,1.5062867973e+00,1.0000,8.5052e-03
1640.335,1.2789329812e-03,1.360890e-02,1.5062867973e+00,1.0000,8.0107e-03
1640.862,1.2790207107e-03,1.358152e-02,1.5062867973e+00,1.0000,7.4840e-03
1641.389,1.2791115972e-03,1.355730e-02,1.5062867973e+00,1.0000,6.9299e-03
1641.917,1.2792051220e-03,1.353653e-02,1.5062867973e+00,1.0000,6.3534e-03
1642.444,1.2793008663e-03,1.351968e-02,1.5062867973e+00,1.0000,5.7581e-03
1642.971,1.2793987282e-03,1.350700e-02,1.5062867973e+00,1.0000,5.1449e-03
1643.498,1.2794989432e-03,1.349882e-02,1.5062867973e+00,1.0000,4.5162e-03
1644.025,1.2796018956e-03,1.349545e-02,1.5062867973e+00,1.0000,3.8765e-03
1644.552,1.2797078332e-03,1.349720e-02,1.5062867973e+00,1.0000,3.2317e-03
1645.079,1.2798166683e-03,1.350441e-02,1.5062867973e+00,1.0000,2.5892e-03
1645.606,1.2799279805e-03,1.351741e-02,1.5062867973e+00,1.0000,1.9574e-03
1646.133,1.2800411653e-03,1.353651e-02,1.5062867973e+00,1.0000,2.1870e-03
1646.660,1.2801555706e-03,1.356196e-02,1.5062867973e+00,1.0000,2.4576e-03
1647.188,1.2802705267e-03,1.359396e-02,1.5062867973e+00,1.0000,2.7063e-03
1647.715,1.2803853021e-03,1.363263e-02,1.5062867973e+00,1.0000,2.9355e-03
1648.242,1.2804990776e-03,1.367796e-02,1.5062867973e+00,1.0000,3.1505e-03
1648.769,1.2806109849e-03,1.372992e-02,1.5062867973e+00,1.0000,3.3450e-03
1649.296,1.2807201885e-03,1.378838e-02,1.5062867973e+00,1.0000,3.5152e-03
1649.823,1.2808259576e-03,1.385311e-02,1.5062867973e+00,1.0000,3.6633e-03
1650.350,1.2809276961e-03,1.392376e-02,1.5062867973e+00,1.0000,3.7925e-03
1650.877,1.2810249259e-03,1.399992e-02,1.5062867973e+00,1.0000,3.9058e-03
1651.404,1.2811172399e-03,1.408106e-02,1.5062867973e+00,1.0000,4.0059e-03
1651.931,1.2812042425e-03,1.416657e-02,1.5062867973e+00,1.0000,4.0953e-03
1652.459,1.2812854891e-03,1.425574e-02,1.5062867973e+00,1.0000,4.1762e-03
1652.986,1.2813604413e-03,1.434783e-02,1.5062867973e+00,1.0000,4.2503e-03
1653.513,1.2814284441e-03,1.444201e-02,1.5062867973e+00,1.0000,4.3181e-03
1654.040,1.2814887366e-03,1.453743e-02,1.5062867973e+00,1.0000,4.3785e-03
1654.567,1.2815404941e-03,1.463323e-02,1.5062867973e+00,1.0000,4.4324e-03
1655.094,1.2815828956e-03,1.472852e-02,1.5062867973e+00,1.0000,4.4786e-03
1655.621,1.2816152059e-03,1.482246e-02,1.5062867973e+00,1.0000,4.5163e-03
1656.148,1.2816368615e-03,1.491424e-02,1.5062867973e+00,1.0000,4.5446e-03
1656.675,1.2816475519e-03,1.500310e-02,1.5062867973e+00,1.0000,4.5623e-03
1657.202,1.2816472167e-03,1.508835e-02,1.5062867973e+00,1.0000,4.6808e-03
1657.730,1.2816363900e-03,1.516951e-02,1.5062867973e+00,1.0000,4.8800e-03
1658.257,1.2816156848e-03,1.524592e-02,1.5062867973e+00,1.0000,5.0550e-03
1658.784,1.2815858380e-03,1.531700e-02,1.5062867973e+00,1.0000,5.1980e-03
1659.311,1.2815482553e-03,1.538226e-02,1.5062867973e+00,1.0000,5.3082e-03
1659.838,1.2815039337e-03,1.544135e-02,1.5062867973e+00,1.0000,5.3843e-03
1660.365,1.2814541303e-03,1.549398e-02,1.5062867973e+00,1.0000,5.4249e-03
1660.892,1.2813999121e-03,1.553994e-02,1.5062867973e+00,1.0000,5.4281e-03
1661.419,1.2813422914e-03,1.557913e-02,1.5062867973e+00,1.0000,5.3920e-03
1661.946,1.2812820857e-03,1.561151e-02,1.5062867973e+00,1.0000,5.3149e-03
1662.473,1.2812198729e-03,1.563712e-02,1.5062867973e+00,1.0000,5.1954e-03
1663.001,1.2811558875e-03,1.565605e-02,1.5062867973e+00,1.0000,5.0324e-03
1663.528,1.2810899747e-03,1.566848e-02,1.5062867973e+00,1.0000,4.8256e-03
1664.055,1.2810216537e-03,1.567462e-02,1.5062867973e+00,1.0000,4.5750e-03
1664.582,1.2809502842e-03,1.567471e-02,1.5062867973e+00,1.0000,4.2813e-03
1665.109,1.2808752667e-03,1.566906e-02,1.5062867973e+00,1.0000,3.9460e-03
1665.636,1.2807961884e-03,1.565797e-02,1.5062867973e+00,1.0000,3.5709e-03
1666.163,1.2807128533e-03,1.564187e-02,1.5062867973e+00,1.0000,3.1585e-03
1666.690,1.2806252067e-03,1.562121e-02,1.5062867973e+00,1.0000,2.7113e-03
1667.217,1.2805332115e-03,1.559636e-02,1.5062867973e+00,1.0000,2.2309e-03
1667.744,1.2804367168e-03,1.556741e-02,1.5062867973e+00,1.0000,1.7192e-03
1668.272,1.2803353558e-03,1.553488e-02,1.5062867973e+00,1.0000,1.1799e-03
1668.799,1.2802285513e-03,1.549937e-02,1.5062867973e+00,1.0000,6.1752e-04
1669.326,1.2801156968e-03,1.546108e-02,1.5062867973e+00,1.0000,6.6121e-04
1669.853,1.2799964284e-03,1.542038e-02,1.5062867973e+00,1.0000,9.2678e-04
1670.380,1.2798707486e-03,1.537768e-02,1.5062867973e+00,1.0000,1.2736e-03
1670.907,1.2797388385e-03,1.533344e-02,1.5062867973e+00,1.0000,1.6412e-03
1671.434,1.2796006939e-03,1.528790e-02,1.5062867973e+00,1.0000,2.2222e-03
1671.961,1.2794559405e-03,1.524144e-02,1.5062867973e+00,1.0000,2.7943e-03
1672.488,1.2793040536e-03,1.519436e-02,1.5062867973e+00,1.0000,3.3519e-03
1673.015,1.2791448480e-03,1.514699e-02,1.5062867973e+00,1.0000,3.8899e-03
1673.543,1.2789788624e-03,1.509960e-02,1.5062867973e+00,1.0000,4.4030e-03
1674.070,1.2788073687e-03,1.505248e-02,1.5062867973e+00,1.0000,4.8857e-03
1674.597,1.2786320449e-03,1.500588e-02,1.5062867973e+00,1.0000,5.3327e-03
1675.124,1.2784545806e-03,1.496005e-02,1.5062867973e+00,1.0000,5.7388e-03
1675.651,1.2782764478e-03,1.491520e-02,1.5062867973e+00,1.0000,6.0988e-03
1676.178,1.2780988887e-03,1.487156e-02,1.5062867973e+00,1.0000,6.4075e-03
1676.705,1.2779230086e-03,1.482930e-02,1.5062867973e+00,1.0000,6.6600e-03
1677.232,1.2777498475e-03,1.478866e-02,1.5062867973e+00,1.0000,6.8472e-03
1677.759,1.2775803769e-03,1.474985e-02,1.5062867973e+00,1.0000,6.9634e-03
1678.286,1.2774154545e-03,1.471302e-02,1.5062867973e+00,1.0000,7.0054e-03
1678.814,1.2772557872e-03,1.467830e-02,1.5062867973e+00,1.0000,6.9712e-03
1679.341,1.2771019309e-03,1.464582e-02,1.5062867973e+00,1.0000,6.8603e-03
1679.868,1.2769543181e-03,1.461567e-02,1.5062867973e+00,1.0000,6.6733e-03
1680.395,1.2768132897e-03,1.458792e-02,1.5062867973e+00,1.0000,6.4127e-03
1680.922,1.2766791129e-03,1.456265e-02,1.5062867973e+00,1.0000,6.0825e-03
1681.449,1.2765519835e-03,1.453993e-02,1.5062867973e+00,1.0000,5.6882e-03
1681.976,1.2764320178e-03,1.451981e-02,1.5062867973e+00,1.0000,5.2368e-03
1682.503,1.2763192482e-03,1.450236e-02,1.5062867973e+00,1.0000,4.7366e-03
1683.030,1.2762136266e-03,1.448758e-02,1.5062867973e+00,1.0000,4.2023e-03
1683.557,1.2761150414e-03,1.447530e-02,1.5062867973e+00,1.0000,3.6597e-03
1684.085,1.2760233456e-03,1.446566e-02,1.5062867973e+00,1.0000,3.1159e-03
1684.612,1.2759383938e-03,1.445911e-02,1.5062867973e+00,1.0000,2.5725e-03
1685.139,1.2758600840e-03,1.445540e-02,1.5062867973e+00,1.0000,2.0308e-03
1685.666,1.2757884016e-03,1.445473e-02,1.5062867973e+00,1.0000,1.4958e-03
1686.193,1.2757234614e-03,1.445728e-02,1.5062867973e+00,1.0000,1.3487e-03
1686.720,1.2756655451e-03,1.446320e-02,1.5062867973e+00,1.0000,1.6003e-03
1687.247,1.2756151286e-03,1.447263e-02,1.5062867973e+00,1.0000,1.8279e-03
1687.774,1.2755728933e-03,1.448561e-02,1.5062867973e+00,1.0000,2.0369e-03
1688.301,1.2755397194e-03,1.450219e-02,1.5062867973e+00,1.0000,2.2241e-03
1688.828,1.2755166624e-03,1.452243e-02,1.5062867973e+00,1.0000,2.3817e-03
1689.356,1.2755048990e-03,1.454633e-02,1.5062867973e+00,1.0000,2.5104e-03
1689.883,1.2755058999e-03,1.457383e-02,1.5062867973e+00,1.0000,2.6115e-03
1690.410,1.2755206883e-03,1.460484e-02,1.5062867973e+00,1.0000,2.6862e-03
1690.937,1.2755509398e-03,1.463923e-02,1.5062867973e+00,1.0000,2.7341e-03
1691.464,1.2755977232e-03,1.467685e-02,1.5062867973e+00,1.0000,2.7546e-03
1691.991,1.2756618388e-03,1.471748e-02,1.5062867973e+00,1.0000,2.7511e-03
1692.518,1.2757436940e-03,1.476092e-02,1.5062867973e+00,1.0000,2.8722e-03
1693.045,1.2758432277e-03,1.480700e-02,1.5062867973e+00,1.0000,3.0505e-03
1693.572,1.2759601675e-03,1.485524e-02,1.5062867973e+00,1.0000,3.1829e-03
1694.099,1.2760942626e-03,1.490514e-02,1.5062867973e+00,1.0000,3.2676e-03
1694.627,1.2762454394e-03,1.495625e-02,1.5062867973e+00,1.0000,3.3074e-03
1695.154,1.2764136467e-03,1.500808e-02,1.5062867973e+00,1.0000,3.3052e-03
1695.681,1.2765984759e-03,1.506016e-02,1.5062867973e+00,1.0000,3.2641e-03
1696.208,1.2767987726e-03,1.511205e-02,1.5062867973e+00,1.0000,3.1870e-03
1696.735,1.2770125087e-03,1.516329e-02,1.5062867973e+00,1.0000,3.0771e-03
1697.262,1.2772370392e-03,1.521348e-02,1.5062867973e+00,1.0000,2.9373e-03
1697.789,1.2774696372e-03,1.526223e-02,1.5062867973e+00,1.0000,2.7704e-03
1698.316,1.2777080300e-03,1.530918e-02,1.5062867973e+00,1.0000,2.5790e-03
1698.843,1.2779506717e-03,1.535401e-02,1.5062867973e+00,1.0000,2.3657e-03
1699.370,1.2781966401e-03,1.539641e-02,1.5062867973e+00,1.0000,2.1327e-03
1699.898,1.2784452541e-03,1.543615e-02,1.5062867973e+00,1.0000,1.8824e-03
1700.425,1.2786956507e-03,1.547297e-02,1.5062867973e+00,1.0000,1.6168e-03
1700.952,1.2789465623e-03,1.550669e-02,1.5062867973e+00,1.0000,1.3378e-03
1701.479,1.2791963859e-03,1.553713e-02,1.5062867973e+00,1.0000,1.0471e-03
1702.006,1.2794434392e-03,1.556416e-02,1.5062867973e+00,1.0000,7.4650e-04
1702.533,1.2796861971e-03,1.558767e-02,1.5062867973e+00,1.0000,4.3744e-04
1703.060,1.2799233666e-03,1.560756e-02,1.5062867973e+00,1.0000,2.4034e-04
1703.587,1.2801538041e-03,1.562378e-02,1.5062867973e+00,1.0000,4.1591e-04
1704.114,1.2803763884e-03,1.563625e-02,1.5062867973e+00,1.0000,5.9226e-04
1704.641,1.2805899488e-03,1.564505e-02,1.5062867973e+00,1.0000,8.5792e-04
1705.169,1.2807932657e-03,1.565020e-02,1.5062867973e+00,1.0000,1.1869e-03
1705.696,1.2809850950e-03,1.565168e-02,1.5062867973e+00,1.0000,1.5127e-03
1706.223,1.2811641711e-03,1.564949e-02,1.5062867973e+00,1.0000,1.8345e-03
1706.750,1.2813291897e-03,1.564362e-02,1.5062867973e+00,1.0000,2.1537e-03
1707.277,1.2814788134e-03,1.563409e-02,1.5062867973e+00,1.0000,2.4720e-03
1707.804,1.2816117358e-03,1.562099e-02,1.5062867973e+00,1.0000,2.7890e-03
1708.331,1.2817268148e-03,1.560441e-02,1.5062867973e+00,1.0000,3.1035e-03
1708.858,1.2818232446e-03,1.558445e-02,1.5062867973e+00,1.0000,3.4143e-03
1709.385,1.2819007244e-03,1.556122e-02,1.5062867973e+00,1.0000,3.7201e-03
1709.912,1.2819595790e-03,1.553485e-02,1.5062867973e+00,1.0000,4.0196e-03
1710.440,1.2820007962e-03,1.550550e-02,1.5062867973e+00,1.0000,4.3115e-03
1710.967,1.2820259602e-03,1.547332e-02,1.5062867973e+00,1.0000,4.5943e-03
1711.494,1.2820370898e-03,1.543850e-02,1.5062867973e+00,1.0000,4.8665e-03
1712.021,1.2820364306e-03,1.540122e-02,1.5062867973e+00,1.0000,5.1263e-03
1712.548,1.2820261210e-03,1.536168e-02,1.5062867973e+00,1.0000,5.3724e-03
1713.075,1.2820084384e-03,1.532009e-02,1.5062867973e+00,1.0000,5.6028e-03
1713.602,1.2819848059e-03,1.527667e-02,1.5062867973e+00,1.0000,5.8160e-03
1714.129,1.2819569631e-03,1.523164e-02,1.5062867973e+00,1.0000,6.0103e-03
1714.656,1.2819258322e-03,1.518525e-02,1.5062867973e+00,1.0000,6.1840e-03
1715.183,1.2818921621e-03,1.513772e-02,1.5062867973e+00,1.0000,6.3357e-03
1715.711,1.2818561262e-03,1.508931e-02,1.5062867973e+00,1.0000,6.4640e-03
1716.238,1.2818174362e-03,1.504025e-02,1.5062867973e+00,1.0000,6.5676e-03
1716.765,1.2817753020e-03,1.499080e-02,1.5062867973e+00,1.0000,6.6457e-03
1717.292,1.2817285055e-03,1.494118e-02,1.5062867973e+00,1.0000,6.6974e-03
1717.819,1.2816755078e-03,1.489166e-02,1.5062867973e+00,1.0000,6.7225e-03
1718.346,1.2816146584e-03,1.484244e-02,1.5062867973e+00,1.0000,6.7208e-03
1718.873,1.2815444454e-03,1.479376e-02,1.5062867973e+00,1.0000,6.6927e-03
1719.400,1.2814637172e-03,1.474582e-02,1.5062867973e+00,1.0000,6.6386e-03
1719.927,1.2813718659e-03,1.469883e-02,1.5062867973e+00,1.0000,6.5598e-03
1720.454,1.2812689541e-03,1.465296e-02,1.5062867973e+00,1.0000,6.4574e-03
1720.982,1.2811557252e-03,1.460839e-02,1.5062867973e+00,1.0000,6.3320e-03
1721.509,1.2810334540e-03,1.456514e-02,1.5062867973e+00,1.0000,6.1904e-03
1722.036,1.2809036862e-03,1.452333e-02,1.5062867973e+00,1.0000,6.0370e-03
1722.563,1.2807679931e-03,1.448312e-02,1.5062867973e+00,1.0000,5.8735e-03
1723.090,1.2806278600e-03,1.444464e-02,1.5062867973e+00,1.0000,5.7015e-03
1723.617,1.2804847352e-03,1.440799e-02,1.5062867973e+00,1.0000,5.5221e-03
1724.144,1.2803401447e-03,1.437328e-02,1.5062867973e+00,1.0000,5.3365e-03
1724.671,1.2801957405e-03,1.434056e-02,1.5062867973e+00,1.0000,5.1453e-03
1725.198,1.2800531976e-03,1.430989e-02,1.5062867973e+00,1.0000,4.9492e-03
1725.725,1.2799139777e-03,1.428127e-02,1.5062867973e+00,1.0000,4.7488e-03
1726.253,1.2797790565e-03,1.425473e-02,1.5062867973e+00,1.0000,4.5444e-03
1726.780,1.2796487316e-03,1.423025e-02,1.5062867973e+00,1.0000,4.3361e-03
1727.307,1.2795225872e-03,1.420781e-02,1.5062867973e+00,1.0000,4.1240e-03
1727.834,1.2793996288e-03,1.418739e-02,1.5062867973e+00,1.0000,3.9082e-03
1728.361,1.2792785346e-03,1.416897e-02,1.5062867973e+00,1.0000,3.6883e-03
1728.888,1.2791579494e-03,1.415251e-02,1.5062867973e+00,1.0000,3.4641e-03
1729.415,1.2790367563e-03,1.413802e-02,1.5062867973e+00,1.0000,3.2353e-03
1729.942,1.2789142810e-03,1.412550e-02,1.5062867973e+00,1.0000,3.0015e-03
1730.469,1.2787904142e-03,1.411496e-02,1.5062867973e+00,1.0000,2.7621e-03
1730.996,1.2786656847e-03,1.410644e-02,1.5062867973e+00,1.0000,2.5169e-03
1731.524,1.2785413228e-03,1.410000e-02,1.5062867973e+00,1.0000,2.2653e-03
1732.051,1.2784192826e-03,1.409574e-02,1.5062867973e+00,1.0000,2.0072e-03
1732.578,1.2783021202e-03,1.409375e-02,1.5062867973e+00,1.0000,1.7424e-03
1733.105,1.2781927026e-03,1.409418e-02,1.5062867973e+00,1.0000,1.4707e-03
1733.632,1.2780939105e-03,1.409719e-02,1.5062867973e+00,1.0000,1.5856e-03
1734.159,1.2780085382e-03,1.410298e-02,1.5062867973e+00,1.0000,1.7757e-03
1734.686,1.2779393742e-03,1.411174e-02,1.5062867973e+00,1.0000,1.9666e-03
1735.213,1.2778892165e-03,1.412366e-02,1.5062867973e+00,1.0000,2.1569e-03
1735.740,1.2778606267e-03,1.413894e-02,1.5062867973e+00,1.0000,2.3455e-03
1736.267,1.2778555485e-03,1.415777e-02,1.5062867973e+00,1.0000,2.5342e-03
1736.795,1.2778749306e-03,1.418034e-02,1.5062867973e+00,1.0000,2.7225e-03
1737.322,1.2779189754e-03,1.420682e-02,1.5062867973e+00,1.0000,2.9060e-03
1737.849,1.2779871712e-03,1.423741e-02,1.5062867973e+00,1.0000,3.0789e-03
1738.376,1.2780788323e-03,1.427226e-02,1.5062867973e+00,1.0000,3.2401e-03
1738.903,1.2781928905e-03,1.431150e-02,1.5062867973e+00,1.0000,3.3902e-03
1739.430,1.2783271702e-03,1.435521e-02,1.5062867973e+00,1.0000,3.5292e-03
1739.957,1.2784786001e-03,1.440344e-02,1.5062867973e+00,1.0000,3.6577e-03
1740.484,1.2786435700e-03,1.445617e-02,1.5062867973e+00,1.0000,3.7750e-03
1741.011,1.2788180148e-03,1.451336e-02,1.5062867973e+00,1.0000,3.8815e-03
1741.538,1.2789973689e-03,1.457489e-02,1.5062867973e+00,1.0000,3.9778e-03
1742.066,1.2791766862e-03,1.464062e-02,1.5062867973e+00,1.0000,4.0634e-03
1742.593,1.2793509608e-03,1.471033e-02,1.5062867973e+00,1.0000,4.1358e-03
1743.120,1.2795156010e-03,1.478374e-02,1.5062867973e+00,1.0000,4.1965e-03
1743.647,1.2796668574e-03,1.486053e-02,1.5062867973e+00,1.0000,4.2470e-03
1744.174,1.2798019418e-03,1.494029e-02,1.5062867973e+00,1.0000,4.2971e-03
1744.701,1.2799189617e-03,1.502271e-02,1.5062867973e+00,1.0000,4.5804e-03
1745.228,1.2800169098e-03,1.510729e-02,1.5062867973e+00,1.0000,4.8374e-03
1745.755,1.2800955222e-03,1.519337e-02,1.5062867973e+00,1.0000,5.0596e-03
1746.282,1.2801550832e-03,1.528037e-02,1.5062867973e+00,1.0000,5.2484e-03
1746.809,1.2801965386e-03,1.536767e-02,1.5062867973e+00,1.0000,5.4053e-03
1747.337,1.2802215775e-03,1.545464e-02,1.5062867973e+00,1.0000,5.5319e-03
1747.864,1.2802323301e-03,1.554069e-02,1.5062867973e+00,1.0000,5.6293e-03
1748.391,1.2802309634e-03,1.562524e-02,1.5062867973e+00,1.0000,5.6986e-03
1748.918,1.2802199676e-03,1.570773e-02,1.5062867973e+00,1.0000,5.7405e-03
1749.445,1.2802012183e-03,1.578766e-02,1.5062867973e+00,1.0000,5.7554e-03
1749.972,1.2801762681e-03,1.586455e-02,1.5062867973e+00,1.0000,5.7436e-03
1750.499,1.2801463177e-03,1.593795e-02,1.5062867973e+00,1.0000,5.7052e-03
1751.026,1.2801118078e-03,1.600748e-02,1.5062867973e+00,1.0000,5.6403e-03
1751.553,1.2800729552e-03,1.607324e-02,1.5062867973e+00,1.0000,2.1017e-02
1752.080,1.2800294999e-03,1.613465e-02,1.5062867973e+00,1.0000,1.8910e-02
1752.608,1.2799808663e-03,1.619136e-02,1.5062867973e+00,1.0000,1.6771e-02
1753.135,1.2799261827e-03,1.624310e-02,1.5062867973e+00,1.0000,1.4623e-02
1753.662,1.2798644293e-03,1.628953e-02,1.5062867973e+00,1.0000,1.2444e-02
1754.189,1.2797946634e-03,1.633024e-02,1.5062867973e+00,1.0000,1.0144e-02
1754.716,1.2797161762e-03,1.636492e-02,1.5062867973e+00,1.0000,7.8410e-03
1755.243,1.2796284630e-03,1.639336e-02,1.5062867973e+00,1.0000,5.5691e-03
1755.770,1.2795312451e-03,1.641536e-02,1.5062867973e+00,1.0000,3.9644e-03
1756.297,1.2794246824e-03,1.643102e-02,1.5062867973e+00,1.0000,3.3155e-03
1756.824,1.2793094382e-03,1.644053e-02,1.5062867973e+00,1.0000,2.6717e-03
1757.351,1.2791864095e-03,1.644411e-02,1.5062867973e+00,1.0000,2.9842e-03
1757.879,1.2790565240e-03,1.644204e-02,1.5062867973e+00,1.0000,4.9844e-03
1758.406,1.2789209008e-03,1.643468e-02,1.5062867973e+00,1.0000,7.0156e-03
1758.933,1.2787810143e-03,1.642233e-02,1.5062867973e+00,1.0000,9.0875e-03
1759.460,1.2786384794e-03,1.640548e-02,1.5062867973e+00,1.0000,1.1226e-02
1759.987,1.2784946965e-03,1.638442e-02,1.5062867973e+00,1.0000,1.3421e-02
1760.514,1.2783508007e-03,1.635931e-02,1.5062867973e+00,1.0000,1.5709e-02
1761.041,1.2782078887e-03,1.633033e-02,1.5062867973e+00,1.0000,1.8150e-02
1761.568,1.2780671542e-03,1.629784e-02,1.5062867973e+00,1.0000,2.0811e-02
1762.095,1.2779297838e-03,1.626205e-02,1.5062867973e+00,1.0000,2.3797e-02
1762.622,1.2777967936e-03,1.622313e-02,1.5062867973e+00,1.0000,2.7274e-02
1763.150,1.2776689851e-03,1.618119e-02,1.5062867973e+00,1.0000,3.1471e-02
1763.677,1.2775469799e-03,1.613625e-02,1.5062867973e+00,1.0000,3.5899e-02
1764.204,1.2774312178e-03,1.608829e-02,1.5062867973e+00,1.0000,4.0335e-02
1764.731,1.2773218979e-03,1.603731e-02,1.5062867973e+00,1.0000,4.4773e-02
1765.258,1.2772189375e-03,1.598329e-02,1.5062867973e+00,1.0000,4.9205e-02
1765.785,1.2771220045e-03,1.592617e-02,1.5062867973e+00,1.0000,5.3621e-02
1766.312,1.2770306126e-03,1.586596e-02,1.5062867973e+00,1.0000,5.8012e-02
1766.839,1.2769442377e-03,1.580266e-02,1.5062867973e+00,1.0000,6.2368e-02
1767.366,1.2768624327e-03,1.573632e-02,1.5062867973e+00,1.0000,6.6681e-02
1767.893,1.2767849343e-03,1.566706e-02,1.5062867973e+00,1.0000,7.0944e-02
1768.421,1.2767117504e-03,1.559504e-02,1.5062867973e+00,1.0000,7.5150e-02
1768.948,1.2766432063e-03,1.552058e-02,1.5062867973e+00,1.0000,7.9293e-02
1769.475,1.2765799424e-03,1.544403e-02,1.5062867973e+00,1.0000,8.3362e-02
1770.002,1.2765228871e-03,1.536577e-02,1.5062867973e+00,1.0000,8.7346e-02
1770.529,1.2764732363e-03,1.528619e-02,1.5062867973e+00,1.0000,9.1235e-02
1771.056,1.2764324246e-03,1.520573e-02,1.5062867973e+00,1.0000,9.5013e-02
1771.583,1.2764020161e-03,1.512486e-02,1.5062867973e+00,1.0000,9.8666e-02
1772.110,1.2763834646e-03,1.504407e-02,1.5062867973e+00,1.0000,1.0218e-01
1772.637,1.2763777246e-03,1.496389e-02,1.5062867973e+00,1.0000,1.0552e-01
1773.164,1.2763857182e-03,1.488487e-02,1.5062867973e+00,1.0000,1.0868e-01
1773.692,1.2764069338e-03,1.480756e-02,1.5062867973e+00,1.0000,1.1163e-01
1774.219,1.2764420116e-03,1.473252e-02,1.5062867973e+00,1.0000,1.1436e-01
1774.746,1.2764907686e-03,1.466033e-02,1.5062867973e+00,1.0000,1.1683e-01
1775.273,1.2765532426e-03,1.459152e-02,1.5062867973e+00,1.0000,1.1902e-01
1775.800,1.2766286971e-03,1.452663e-02,1.5062867973e+00,1.0000,1.2092e-01
1776.327,1.2767157149e-03,1.446617e-02,1.5062867973e+00,1.0000,1.2251e-01
1776.854,1.2768124870e-03,1.441059e-02,1.5062867973e+00,1.0000,1.2377e-01
1777.381,1.2769174893e-03,1.436034e-02,1.5062867973e+00,1.0000,1.2471e-01
1777.908,1.2770299254e-03,1.431580e-02,1.5062867973e+00,1.0000,1.2531e-01
1778.435,1.2771496267e-03,1.427715e-02,1.5062867973e+00,1.0000,1.2558e-01
1778.963,1.2772765267e-03,1.424459e-02,1.5062867973e+00,1.0000,1.2554e-01
1779.490,1.2774101475e-03,1.421843e-02,1.5062867973e+00,1.0000,1.2521e-01
1780.017,1.2775494942e-03,1.419891e-02,1.5062867973e+00,1.0000,1.2460e-01
1780.544,1.2776933933e-03,1.418671e-02,1.5062867973e+00,1.0000,2.8479e-03
1781.071,1.2778409543e-03,1.418151e-02,1.5062867973e+00,1.0000,2.0264e-03
1781.598,1.2779917442e-03,1.418336e-02,1.5062867973e+00,1.0000,1.3294e-03
1782.125,1.2781455362e-03,1.419223e-02,1.5062867973e+00,1.0000,7.4175e-04
1782.652,1.2783018872e-03,1.420807e-02,1.5062867973e+00,1.0000,3.8352e-04
1783.179,1.2784599374e-03,1.423072e-02,1.5062867973e+00,1.0000,5.9718e-04
1783.706,1.2786185649e-03,1.425994e-02,1.5062867973e+00,1.0000,8.9320e-04
1784.234,1.2787766768e-03,1.429543e-02,1.5062867973e+00,1.0000,1.1753e-03
1784.761,1.2789333456e-03,1.433686e-02,1.5062867973e+00,1.0000,1.4397e-03
1785.288,1.2790877438e-03,1.438385e-02,1.5062867973e+00,1.0000,1.6840e-03
1785.815,1.2792390668e-03,1.443598e-02,1.5062867973e+00,1.0000,1.9067e-03
1786.342,1.2793866221e-03,1.449279e-02,1.5062867973e+00,1.0000,2.1070e-03
1786.869,1.2795300608e-03,1.455381e-02,1.5062867973e+00,1.0000,2.2831e-03
1787.396,1.2796695846e-03,1.461856e-02,1.5062867973e+00,1.0000,2.4338e-03
1787.923,1.2798059985e-03,1.468657e-02,1.5062867973e+00,1.0000,2.5611e-03
1788.450,1.2799406071e-03,1.475735e-02,1.5062867973e+00,1.0000,2.6676e-03
1788.977,1.2800750350e-03,1.483039e-02,1.5062867973e+00,1.0000,2.7554e-03
1789.505,1.2802110323e-03,1.490513e-02,1.5062867973e+00,1.0000,2.8260e-03
1790.032,1.2803502761e-03,1.498103e-02,1.5062867973e+00,1.0000,2.8807e-03
1790.559,1.2804941463e-03,1.505752e-02,1.5062867973e+00,1.0000,2.9200e-03
1791.086,1.2806434756e-03,1.513402e-02,1.5062867973e+00,1.0000,2.9444e-03
1791.613,1.2807983095e-03,1.520997e-02,1.5062867973e+00,1.0000,3.0058e-03
1792.140,1.2809577314e-03,1.528491e-02,1.5062867973e+00,1.0000,3.1320e-03
1792.667,1.2811198111e-03,1.535828e-02,1.5062867973e+00,1.0000,3.2445e-03
1793.194,1.2812817092e-03,1.542948e-02,1.5062867973e+00,1.0000,3.3322e-03
1793.721,1.2814399458e-03,1.549790e-02,1.5062867973e+00,1.0000,3.3913e-03
1794.248,1.2815908053e-03,1.556303e-02,1.5062867973e+00,1.0000,3.4215e-03
1794.776,1.2817308198e-03,1.562439e-02,1.5062867973e+00,1.0000,3.4220e-03
1795.303,1.2818572501e-03,1.568155e-02,1.5062867973e+00,1.0000,3.3918e-03
1795.830,1.2819684717e-03,1.573412e-02,1.5062867973e+00,1.0000,3.3301e-03
1796.357,1.2820641858e-03,1.578176e-02,1.5062867973e+00,1.0000,3.2358e-03
1796.884,1.2821454024e-03,1.582417e-02,1.5062867973e+00,1.0000,3.1082e-03
1797.411,1.2822141847e-03,1.586111e-02,1.5062867973e+00,1.0000,2.9469e-03
1797.938,1.2822731936e-03,1.589239e-02,1.5062867973e+00,1.0000,2.7517e-03
1798.465,1.2823251107e-03,1.591783e-02,1.5062867973e+00,1.0000,2.5229e-03
1798.992,1.2823720445e-03,1.593733e-02,1.5062867973e+00,1.0000,2.2612e-03
1799.519,1.2824150306e-03,1.595082e-02,1.5062867973e+00,1.0000,1.9679e-03
1800.047,1.2824537199e-03,1.595828e-02,1.5062867973e+00,1.0000,1.6445e-03
1800.574,1.2824863157e-03,1.595983e-02,1.5062867973e+00,1.0000,1.2929e-03
1801.101,1.2825097723e-03,1.595550e-02,1.5062867973e+00,1.0000,9.1413e-04
1801.628,1.2825205219e-03,1.594517e-02,1.5062867973e+00,1.0000,5.0994e-04
1802.155,1.2825134340e-03,1.592908e-02,1.5062867973e+00,1.0000,5.5242e-04
1802.682,1.2824864260e-03,1.590758e-02,1.5062867973e+00,1.0000,7.4449e-04
1803.209,1.2824360860e-03,1.588074e-02,1.5062867973e+00,1.0000,9.2723e-04
1803.736,1.2823618657e-03,1.584871e-02,1.5062867973e+00,1.0000,1.2427e-03
1804.263,1.2822644646e-03,1.581176e-02,1.5062867973e+00,1.0000,1.7000e-03
1804.790,1.2821469124e-03,1.577017e-02,1.5062867973e+00,1.0000,2.1578e-03
1805.318,1.2820139536e-03,1.572433e-02,1.5062867973e+00,1.0000,2.6119e-03
1805.845,1.2818715772e-03,1.567462e-02,1.5062867973e+00,1.0000,3.0574e-03
1806.372,1.2817263190e-03,1.562146e-02,1.5062867973e+00,1.0000,3.4890e-03
1806.899,1.2815846740e-03,1.556528e-02,1.5062867973e+00,1.0000,3.9025e-03
1807.426,1.2814529506e-03,1.550651e-02,1.5062867973e+00,1.0000,4.2933e-03
1807.953,1.2813366856e-03,1.544564e-02,1.5062867973e+00,1.0000,4.6563e-03
1808.480,1.2812393757e-03,1.538314e-02,1.5062867973e+00,1.0000,4.9869e-03
1809.007,1.2811617603e-03,1.531948e-02,1.5062867973e+00,1.0000,5.2810e-03
1809.534,1.2811022962e-03,1.525513e-02,1.5062867973e+00,1.0000,5.5345e-03
1810.061,1.2810577177e-03,1.519057e-02,1.5062867973e+00,1.0000,5.7440e-03
1810.589,1.2810229482e-03,1.512625e-02,1.5062867973e+00,1.0000,5.9063e-03
1811.116,1.2809911824e-03,1.506260e-02,1.5062867973e+00,1.0000,6.0188e-03
1811.643,1.2809548411e-03,1.500005e-02,1.5062867973e+00,1.0000,6.0795e-03
1812.170,1.2809068056e-03,1.493901e-02,1.5062867973e+00,1.0000,6.0872e-03
1812.697,1.2808410924e-03,1.487989e-02,1.5062867973e+00,1.0000,6.0409e-03
1813.224,1.2807529601e-03,1.482304e-02,1.5062867973e+00,1.0000,5.9407e-03
1813.751,1.2806388894e-03,1.476883e-02,1.5062867973e+00,1.0000,5.7874e-03
1814.278,1.2804965678e-03,1.471761e-02,1.5062867973e+00,1.0000,5.5823e-03
1814.805,1.2803248020e-03,1.466970e-02,1.5062867973e+00,1.0000,5.3277e-03
1815.332,1.2801234686e-03,1.462541e-02,1.5062867973e+00,1.0000,5.0265e-03
1815.860,1.2798937313e-03,1.458502e-02,1.5062867973e+00,1.0000,4.6821e-03
1816.387,1.2796384679e-03,1.454883e-02,1.5062867973e+00,1.0000,4.2987e-03
1816.914,1.2793625058e-03,1.451703e-02,1.5062867973e+00,1.0000,3.8830e-03
1817.441,1.2790722925e-03,1.448970e-02,1.5062867973e+00,1.0000,3.4507e-03
1817.968,1.2787750237e-03,1.446708e-02,1.5062867973e+00,1.0000,3.0068e-03
1818.495,1.2784776273e-03,1.444940e-02,1.5062867973e+00,1.0000,2.5552e-03
1819.022,1.2781860596e-03,1.443703e-02,1.5062867973e+00,1.0000,2.0980e-03
1819.549,1.2779051197e-03,1.443010e-02,1.5062867973e+00,1.0000,1.6357e-03
1820.076,1.2776386515e-03,1.442858e-02,1.5062867973e+00,1.0000,1.3780e-03
1820.603,1.2773898272e-03,1.443256e-02,1.5062867973e+00,1.0000,1.6536e-03
1821.131,1.2771612562e-03,1.444208e-02,1.5062867973e+00,1.0000,1.9160e-03
1821.658,1.2769548622e-03,1.445714e-02,1.5062867973e+00,1.0000,2.1659e-03
1822.185,1.2767716580e-03,1.447763e-02,1.5062867973e+00,1.0000,2.4089e-03
1822.712,1.2766116130e-03,1.450349e-02,1.5062867973e+00,1.0000,2.6360e-03
1823.239,1.2764737388e-03,1.453460e-02,1.5062867973e+00,1.0000,2.8424e-03
1823.766,1.2763564008e-03,1.457081e-02,1.5062867973e+00,1.0000,3.0288e-03
1824.293,1.2762577585e-03,1.461189e-02,1.5062867973e+00,1.0000,3.1961e-03
1824.820,1.2761762000e-03,1.465763e-02,1.5062867973e+00,1.0000,3.3449e-03
1825.347,1.2761106504e-03,1.470775e-02,1.5062867973e+00,1.0000,3.4759e-03
1825.874,1.2760606812e-03,1.476200e-02,1.5062867973e+00,1.0000,3.5864e-03
1826.402,1.2760264108e-03,1.482007e-02,1.5062867973e+00,1.0000,3.6764e-03
1826.929,1.2760082498e-03,1.488165e-02,1.5062867973e+00,1.0000,3.7484e-03
1827.456,1.2760066299e-03,1.494641e-02,1.5062867973e+00,1.0000,3.8925e-03
1827.983,1.2760215481e-03,1.501416e-02,1.5062867973e+00,1.0000,4.1993e-03
1828.510,1.2760527117e-03,1.508440e-02,1.5062867973e+00,1.0000,4.4690e-03
1829.037,1.2760993798e-03,1.515665e-02,1.5062867973e+00,1.0000,4.6985e-03
1829.564,1.2761600698e-03,1.523047e-02,1.5062867973e+00,1.0000,4.8889e-03
1830.091,1.2762328808e-03,1.530542e-02,1.5062867973e+00,1.0000,5.0418e-03
1830.618,1.2763152421e-03,1.538108e-02,1.5062867973e+00,1.0000,5.1590e-03
1831.145,1.2764040622e-03,1.545707e-02,1.5062867973e+00,1.0000,5.2421e-03
1831.673,1.2764959276e-03,1.553302e-02,1.5062867973e+00,1.0000,5.2927e-03
1832.200,1.2765875853e-03,1.560859e-02,1.5062867973e+00,1.0000,5.3123e-03
1832.727,1.2766764789e-03,1.568348e-02,1.5062867973e+00,1.0000,5.3025e-03
1833.254,1.2767611640e-03,1.575742e-02,1.5062867973e+00,1.0000,5.2644e-03
1833.781,1.2768414635e-03,1.583029e-02,1.5062867973e+00,1.0000,2.1133e-02
1834.308,1.2769183638e-03,1.590210e-02,1.5062867973e+00,1.0000,1.9226e-02
1834.835,1.2769937410e-03,1.597238e-02,1.5062867973e+00,1.0000,1.7097e-02
1835.362,1.2770700562e-03,1.604086e-02,1.5062867973e+00,1.0000,1.4951e-02
1835.889,1.2771501140e-03,1.610721e-02,1.5062867973e+00,1.0000,1.2776e-02
1836.416,1.2772368935e-03,1.617109e-02,1.5062867973e+00,1.0000,1.0527e-02
1836.944,1.2773333845e-03,1.623208e-02,1.5062867973e+00,1.0000,8.2257e-03
1837.471,1.2774423434e-03,1.628983e-02,1.5062867973e+00,1.0000,5.9841e-03
1837.998,1.2775659501e-03,1.634394e-02,1.5062867973e+00,1.0000,4.0887e-03
1838.525,1.2777054309e-03,1.639419e-02,1.5062867973e+00,1.0000,3.5380e-03
1839.052,1.2778607450e-03,1.644052e-02,1.5062867973e+00,1.0000,2.9966e-03
1839.579,1.2780304120e-03,1.648283e-02,1.5062867973e+00,1.0000,2.4710e-03
1840.106,1.2782115511e-03,1.652108e-02,1.5062867973e+00,1.0000,4.2835e-03
1840.633,1.2784001662e-03,1.655526e-02,1.5062867973e+00,1.0000,6.2190e-03
1841.160,1.2785916248e-03,1.658530e-02,1.5062867973e+00,1.0000,8.1814e-03
1841.687,1.2787811848e-03,1.661130e-02,1.5062867973e+00,1.0000,1.0164e-02
1842.215,1.2789644120e-03,1.663325e-02,1.5062867973e+00,1.0000,1.2127e-02
1842.742,1.2791374175e-03,1.665106e-02,1.5062867973e+00,1.0000,1.4077e-02
1843.269,1.2792969614e-03,1.666468e-02,1.5062867973e+00,1.0000,1.6046e-02
1843.796,1.2794405271e-03,1.667407e-02,1.5062867973e+00,1.0000,1.8057e-02
1844.323,1.2795664289e-03,1.667895e-02,1.5062867973e+00,1.0000,2.0131e-02
1844.850,1.2796739315e-03,1.667932e-02,1.5062867973e+00,1.0000,2.2305e-02
1845.377,1.2797633009e-03,1.667540e-02,1.5062867973e+00,1.0000,2.4636e-02
1845.904,1.2798357177e-03,1.666722e-02,1.5062867973e+00,1.0000,2.7207e-02
1846.431,1.2798930414e-03,1.665471e-02,1.5062867973e+00,1.0000,3.0146e-02
1846.958,1.2799374766e-03,1.663775e-02,1.5062867973e+00,1.0000,3.3664e-02
1847.486,1.2799712242e-03,1.661628e-02,1.5062867973e+00,1.0000,3.7845e-02
1848.013,1.2799961911e-03,1.659021e-02,1.5062867973e+00,1.0000,4.2005e-02
1848.540,1.2800138042e-03,1.655952e-02,1.5062867973e+00,1.0000,4.6076e-02
1849.067,1.2800249362e-03,1.652420e-02,1.5062867973e+00,1.0000,5.0049e-02
1849.594,1.2800300251e-03,1.648432e-02,1.5062867973e+00,1.0000,5.3916e-02
1850.121,1.2800285394e-03,1.643994e-02,1.5062867973e+00,1.0000,5.7673e-02
1850.648,1.2800208130e-03,1.639119e-02,1.5062867973e+00,1.0000,6.1320e-02
1851.175,1.2800060026e-03,1.633829e-02,1.5062867973e+00,1.0000,6.4859e-02
1851.702,1.2799832931e-03,1.628152e-02,1.5062867973e+00,1.0000,6.8296e-02
1852.229,1.2799529566e-03,1.622127e-02,1.5062867973e+00,1.0000,7.1639e-02
1852.757,1.2799145720e-03,1.615793e-02,1.5062867973e+00,1.0000,7.4896e-02
1853.284,1.2798685858e-03,1.609193e-02,1.5062867973e+00,1.0000,7.8076e-02
1853.811,1.2798154625e-03,1.602365e-02,1.5062867973e+00,1.0000,8.1188e-02
1854.338,1.2797560362e-03,1.595360e-02,1.5062867973e+00,1.0000,8.4242e-02
1854.865,1.2796912988e-03,1.588226e-02,1.5062867973e+00,1.0000,8.7248e-02
1855.392,1.2796223564e-03,1.581009e-02,1.5062867973e+00,1.0000,9.0214e-02
1855.919,1.2795503292e-03,1.573759e-02,1.5062867973e+00,1.0000,9.3148e-02
1856.446,1.2794763004e-03,1.566522e-02,1.5062867973e+00,1.0000,9.6056e-02
1856.973,1.2794012679e-03,1.559341e-02,1.5062867973e+00,1.0000,9.8945e-02
1857.500,1.2793260856e-03,1.552255e-02,1.5062867973e+00,1.0000,1.0182e-01
1858.028,1.2792514088e-03,1.545302e-02,1.5062867973e+00,1.0000,1.0467e-01
1858.555,1.2791776613e-03,1.538513e-02,1.5062867973e+00,1.0000,1.0750e-01
1859.082,1.2791050283e-03,1.531919e-02,1.5062867973e+00,1.0000,1.1031e-01
1859.609,1.2790334703e-03,1.525545e-02,1.5062867973e+00,1.0000,1.1308e-01
1860.136,1.2789627591e-03,1.519410e-02,1.5062867973e+00,1.0000,1.1580e-01
1860.663,1.2788925414e-03,1.513530e-02,1.5062867973e+00,1.0000,1.1846e-01
1861.190,1.2788224265e-03,1.507918e-02,1.5062867973e+00,1.0000,1.2103e-01
1861.717,1.2787520904e-03,1.502579e-02,1.5062867973e+00,1.0000,1.2350e-01
1862.244,1.2786813868e-03,1.497517e-02,1.5062867973e+00,1.0000,1.2582e-01
1862.771,1.2786104492e-03,1.492731e-02,1.5062867973e+00,1.0000,1.2799e-01
1863.299,1.2785397472e-03,1.488218e-02,1.5062867973e+00,1.0000,1.2997e-01
1863.826,1.2784701118e-03,1.483974e-02,1.5062867973e+00,1.0000,1.3172e-01
1864.353,1.2784027766e-03,1.480008e-02,1.5062867973e+00,1.0000,8.2706e-03
1864.880,1.2783393732e-03,1.476369e-02,1.5062867973e+00,1.0000,7.2903e-03
1865.407,1.2782817576e-03,1.472974e-02,1.5062867973e+00,1.0000,6.4234e-03
1865.934,1.2782317630e-03,1.469829e-02,1.5062867973e+00,1.0000,5.6524e-03
1866.461,1.2781911389e-03,1.466925e-02,1.5062867973e+00,1.0000,4.9626e-03
1866.988,1.2781616806e-03,1.464250e-02,1.5062867973e+00,1.0000,4.3461e-03
1867.515,1.2781452006e-03,1.461744e-02,1.5062867973e+00,1.0000,3.8183e-03
1868.042,1.2781432466e-03,1.459397e-02,1.5062867973e+00,1.0000,3.3735e-03
1868.570,1.2781564918e-03,1.457217e-02,1.5062867973e+00,1.0000,3.0018e-03
1869.097,1.2781846822e-03,1.455218e-02,1.5062867973e+00,1.0000,2.6930e-03
1869.624,1.2782280653e-03,1.453418e-02,1.5062867973e+00,1.0000,2.4373e-03
1870.151,1.2782869248e-03,1.451832e-02,1.5062867973e+00,1.0000,2.2255e-03
1870.678,1.2783614167e-03,1.450484e-02,1.5062867973e+00,1.0000,2.0485e-03
1871.205,1.2784509404e-03,1.449411e-02,1.5062867973e+00,1.0000,1.8974e-03
1871.732,1.2785548473e-03,1.448646e-02,1.5062867973e+00,1.0000,1.7638e-03
1872.259,1.2786732523e-03,1.448226e-02,1.5062867973e+00,1.0000,1.6402e-03
1872.786,1.2788071033e-03,1.448180e-02,1.5062867973e+00,1.0000,1.5194e-03
1873.313,1.2789571715e-03,1.448529e-02,1.5062867973e+00,1.0000,1.3956e-03
1873.841,1.2791229983e-03,1.449296e-02,1.5062867973e+00,1.0000,1.2637e-03
1874.368,1.2793027458e-03,1.450495e-02,1.5062867973e+00,1.0000,1.1192e-03
1874.895,1.2794937603e-03,1.452137e-02,1.5062867973e+00,1.0000,1.2204e-03
1875.422,1.2796930444e-03,1.454228e-02,1.5062867973e+00,1.0000,1.4355e-03
1875.949,1.2798972922e-03,1.456773e-02,1.5062867973e+00,1.0000,1.6562e-03
1876.476,1.2801027880e-03,1.459770e-02,1.5062867973e+00,1.0000,1.8820e-03
1877.003,1.2803055432e-03,1.463213e-02,1.5062867973e+00,1.0000,2.1120e-03
1877.530,1.2805017040e-03,1.467090e-02,1.5062867973e+00,1.0000,2.3464e-03
1878.057,1.2806880218e-03,1.471382e-02,1.5062867973e+00,1.0000,2.5856e-03
1878.584,1.2808621970e-03,1.476070e-02,1.5062867973e+00,1.0000,2.8220e-03
1879.112,1.2810230340e-03,1.481134e-02,1.5062867973e+00,1.0000,3.0481e-03
1879.639,1.2811704116e-03,1.486555e-02,1.5062867973e+00,1.0000,3.2598e-03
1880.166,1.2813050776e-03,1.492308e-02,1.5062867973e+00,1.0000,3.4561e-03
1880.693,1.2814282824e-03,1.498367e-02,1.5062867973e+00,1.0000,3.6356e-03
1881.220,1.2815413065e-03,1.504705e-02,1.5062867973e+00,1.0000,3.7968e-03
1881.747,1.2816449792e-03,1.511292e-02,1.5062867973e+00,1.0000,3.9384e-03
1882.274,1.2817392952e-03,1.518096e-02,1.5062867973e+00,1.0000,4.0591e-03
1882.801,1.2818232169e-03,1.525085e-02,1.5062867973e+00,1.0000,4.1550e-03
1883.328,1.2818947255e-03,1.532227e-02,1.5062867973e+00,1.0000,4.2227e-03
1883.855,1.2819511555e-03,1.539485e-02,1.5062867973e+00,1.0000,4.2641e-03
1884.383,1.2819897369e-03,1.546826e-02,1.5062867973e+00,1.0000,4.4446e-03
1884.910,1.2820081321e-03,1.554226e-02,1.5062867973e+00,1.0000,4.7904e-03
1885.437,1.2820046737e-03,1.561624e-02,1.5062867973e+00,1.0000,5.0819e-03
1885.964,1.2819790884e-03,1.568967e-02,1.5062867973e+00,1.0000,5.3164e-03
1886.491,1.2819315150e-03,1.576200e-02,1.5062867973e+00,1.0000,5.4947e-03
1887.018,1.2818641242e-03,1.583271e-02,1.5062867973e+00,1.0000,5.6182e-03
1887.545,1.2817804011e-03,1.590127e-02,1.5062867973e+00,1.0000,5.6894e-03
1888.072,1.2816850852e-03,1.596719e-02,1.5062867973e+00,1.0000,5.7112e-03
1888.599,1.2815834702e-03,1.603002e-02,1.5062867973e+00,1.0000,5.6870e-03
1889.126,1.2814803692e-03,1.608933e-02,1.5062867973e+00,1.0000,5.6205e-03
1889.654,1.2813802124e-03,1.614477e-02,1.5062867973e+00,1.0000,5.5154e-03
1890.181,1.2812870686e-03,1.619603e-02,1.5062867973e+00,1.0000,5.3758e-03
1890.708,1.2812036966e-03,1.624333e-02,1.5062867973e+00,1.0000,2.1081e-02
1891.235,1.2811318990e-03,1.628619e-02,1.5062867973e+00,1.0000,1.8868e-02
1891.762,1.2810731908e-03,1.632436e-02,1.5062867973e+00,1.0000,1.6559e-02
1892.289,1.2810276976e-03,1.635762e-02,1.5062867973e+00,1.0000,1.4165e-02
1892.816,1.2809934260e-03,1.638587e-02,1.5062867973e+00,1.0000,1.1704e-02
1893.343,1.2809669399e-03,1.640887e-02,1.5062867973e+00,1.0000,9.1483e-03
1893.870,1.2809440592e-03,1.642657e-02,1.5062867973e+00,1.0000,6.6707e-03
1894.397,1.2809200220e-03,1.643888e-02,1.5062867973e+00,1.0000,4.2875e-03
1894.925,1.2808895922e-03,1.644568e-02,1.5062867973e+00,1.0000,3.3102e-03
1895.452,1.2808473791e-03,1.644728e-02,1.5062867973e+00,1.0000,2.7130e-03
1895.979,1.2807882398e-03,1.644391e-02,1.5062867973e+00,1.0000,2.6420e-03
1896.506,1.2807075738e-03,1.643596e-02,1.5062867973e+00,1.0000,4.9670e-03
1897.033,1.2806014898e-03,1.642374e-02,1.5062867973e+00,1.0000,7.3961e-03
1897.560,1.2804670774e-03,1.640757e-02,1.5062867973e+00,1.0000,9.9686e-03
1898.087,1.2803029511e-03,1.638791e-02,1.5062867973e+00,1.0000,1.2697e-02
1898.614,1.2801097142e-03,1.636513e-02,1.5062867973e+00,1.0000,1.5539e-02
1899.141,1.2798897505e-03,1.633947e-02,1.5062867973e+00,1.0000,1.8539e-02
1899.668,1.2796463439e-03,1.631129e-02,1.5062867973e+00,1.0000,2.1795e-02
1900.196,1.2793829134e-03,1.628101e-02,1.5062867973e+00,1.0000,2.5445e-02
1900.723,1.2791030590e-03,1.624894e-02,1.5062867973e+00,1.0000,2.9747e-02
1901.250,1.2788111919e-03,1.621533e-02,1.5062867973e+00,1.0000,3.4529e-02
1901.777,1.2785128931e-03,1.618035e-02,1.5062867973e+00,1.0000,3.9208e-02
1902.304,1.2782144848e-03,1.614417e-02,1.5062867973e+00,1.0000,4.3786e-02
1902.831,1.2779221108e-03,1.610692e-02,1.5062867973e+00,1.0000,4.8259e-02
1903.358,1.2776409944e-03,1.606871e-02,1.5062867973e+00,1.0000,5.2625e-02
1903.885,1.2773752310e-03,1.602962e-02,1.5062867973e+00,1.0000,5.6877e-02
1904.412,1.2771279603e-03,1.598971e-02,1.5062867973e+00,1.0000,6.1011e-02
1904.939,1.2769015665e-03,1.594905e-02,1.5062867973e+00,1.0000,6.5021e-02
1905.467,1.2766977229e-03,1.590771e-02,1.5062867973e+00,1.0000,6.8903e-02
1905.994,1.2765173457e-03,1.586578e-02,1.5062867973e+00,1.0000,7.2652e-02
1906.521,1.2763606111e-03,1.582336e-02,1.5062867973e+00,1.0000,7.6267e-02
1907.048,1.2762271228e-03,1.578058e-02,1.5062867973e+00,1.0000,7.9743e-02
1907.575,1.2761161973e-03,1.573769e-02,1.5062867973e+00,1.0000,8.3078e-02
1908.102,1.2760271694e-03,1.569490e-02,1.5062867973e+00,1.0000,8.6264e-02
1908.629,1.2759596191e-03,1.565246e-02,1.5062867973e+00,1.0000,8.9294e-02
1909.156,1.2759134526e-03,1.561063e-02,1.5062867973e+00,1.0000,9.2160e-02
1909.683,1.2758888078e-03,1.556970e-02,1.5062867973e+00,1.0000,9.4852e-02
1910.210,1.2758857739e-03,1.552997e-02,1.5062867973e+00,1.0000,9.7361e-02
1910.738,1.2759041637e-03,1.549177e-02,1.5062867973e+00,1.0000,9.9676e-02
1911.265,1.2759427581e-03,1.545545e-02,1.5062867973e+00,1.0000,1.0179e-01
1911.792,1.2759994344e-03,1.542135e-02,1.5062867973e+00,1.0000,1.0368e-01
1912.319,1.2760706144e-03,1.538982e-02,1.5062867973e+00,1.0000,1.0535e-01
1912.846,1.2761513298e-03,1.536122e-02,1.5062867973e+00,1.0000,1.0678e-01
1913.373,1.2762359680e-03,1.533588e-02,1.5062867973e+00,1.0000,1.0798e-01
1913.900,1.2763180848e-03,1.531412e-02,1.5062867973e+00,1.0000,1.0892e-01
1914.427,1.2763903807e-03,1.529623e-02,1.5062867973e+00,1.0000,1.0963e-01
1914.954,1.2764475120e-03,1.528247e-02,1.5062867973e+00,1.0000,1.1008e-01
1915.481,1.2764859397e-03,1.527293e-02,1.5062867973e+00,1.0000,1.1030e-01
1916.009,1.2765030471e-03,1.526780e-02,1.5062867973e+00,1.0000,1.1029e-01
1916.536,1.2764981578e-03,1.526725e-02,1.5062867973e+00,1.0000,1.1008e-01
1917.063,1.2764731658e-03,1.527141e-02,1.5062867973e+00,1.0000,1.0967e-01
1917.590,1.2764314157e-03,1.528035e-02,1.5062867973e+00,1.0000,1.0909e-01
1918.117,1.2763791517e-03,1.529404e-02,1.5062867973e+00,1.0000,1.0836e-01
1918.644,1.2763236857e-03,1.531238e-02,1.5062867973e+00,1.0000,1.0750e-01
1919.171,1.2762720636e-03,1.533528e-02,1.5062867973e+00,1.0000,1.1650e-03
1919.698,1.2762298128e-03,1.536251e-02,1.5062867973e+00,1.0000,1.3616e-03
1920.225,1.2762031787e-03,1.539390e-02,1.5062867973e+00,1.0000,1.6430e-03
1920.752,1.2761986627e-03,1.542932e-02,1.5062867973e+00,1.0000,2.0075e-03
1921.280,1.2762199872e-03,1.546837e-02,1.5062867973e+00,1.0000,2.3322e-03
1921.807,1.2762662773e-03,1.551064e-02,1.5062867973e+00,1.0000,2.6186e-03
1922.334,1.2763409099e-03,1.555573e-02,1.5062867973e+00,1.0000,2.8697e-03
1922.861,1.2764442609e-03,1.560321e-02,1.5062867973e+00,1.0000,3.0882e-03
1923.388,1.2765728402e-03,1.565264e-02,1.5062867973e+00,1.0000,3.2766e-03
1923.915,1.2767226572e-03,1.570361e-02,1.5062867973e+00,1.0000,3.4370e-03
1924.442,1.2768897416e-03,1.575568e-02,1.5062867973e+00,1.0000,3.5707e-03
1924.969,1.2770700108e-03,1.580846e-02,1.5062867973e+00,1.0000,3.6791e-03
1925.496,1.2772594379e-03,1.586156e-02,1.5062867973e+00,1.0000,3.7627e-03
1926.023,1.2774545301e-03,1.591461e-02,1.5062867973e+00,1.0000,3.8219e-03
1926.551,1.2776524856e-03,1.596727e-02,1.5062867973e+00,1.0000,3.8568e-03
1927.078,1.2778510766e-03,1.601921e-02,1.5062867973e+00,1.0000,3.8671e-03
1927.605,1.2780485450e-03,1.607014e-02,1.5062867973e+00,1.0000,3.8523e-03
1928.132,1.2782436896e-03,1.611977e-02,1.5062867973e+00,1.0000,3.8118e-03
1928.659,1.2784361016e-03,1.616825e-02,1.5062867973e+00,1.0000,1.8679e-02
1929.186,1.2786263438e-03,1.621508e-02,1.5062867973e+00,1.0000,1.6539e-02
1929.713,1.2788158648e-03,1.625999e-02,1.5062867973e+00,1.0000,1.4368e-02
1930.240,1.2790065830e-03,1.630271e-02,1.5062867973e+00,1.0000,1.2189e-02
1930.767,1.2792002711e-03,1.634296e-02,1.5062867973e+00,1.0000,9.9913e-03
1931.294,1.2793979677e-03,1.638031e-02,1.5062867973e+00,1.0000,7.6894e-03
1931.822,1.2795996078e-03,1.641437e-02,1.5062867973e+00,1.0000,5.3701e-03
1932.349,1.2798039509e-03,1.644482e-02,1.5062867973e+00,1.0000,3.0695e-03
1932.876,1.2800087648e-03,1.647138e-02,1.5062867973e+00,1.0000,2.3483e-03
1933.403,1.2802111615e-03,1.649408e-02,1.5062867973e+00,1.0000,1.7829e-03
1933.930,1.2804079711e-03,1.651288e-02,1.5062867973e+00,1.0000,3.6930e-03
1934.457,1.2805960881e-03,1.652778e-02,1.5062867973e+00,1.0000,6.0468e-03
1934.984,1.2807727867e-03,1.653886e-02,1.5062867973e+00,1.0000,8.5551e-03
1935.511,1.2809360197e-03,1.654622e-02,1.5062867973e+00,1.0000,1.1262e-02
1936.038,1.2810846754e-03,1.654988e-02,1.5062867973e+00,1.0000,1.4234e-02
1936.565,1.2812187154e-03,1.654998e-02,1.5062867973e+00,1.0000,1.7519e-02
1937.093,1.2813391059e-03,1.654634e-02,1.5062867973e+00,1.0000,2.1202e-02
1937.620,1.2814474963e-03,1.653901e-02,1.5062867973e+00,1.0000,2.5517e-02
1938.147,1.2815456767e-03,1.652798e-02,1.5062867973e+00,1.0000,3.0509e-02
1938.674,1.2816349296e-03,1.651312e-02,1.5062867973e+00,1.0000,3.5467e-02
1939.201,1.2817154734e-03,1.649432e-02,1.5062867973e+00,1.0000,4.0361e-02
1939.728,1.2817862218e-03,1.647145e-02,1.5062867973e+00,1.0000,4.5200e-02
1940.255,1.2818449917e-03,1.644437e-02,1.5062867973e+00,1.0000,4.9991e-02
1940.782,1.2818890844e-03,1.641293e-02,1.5062867973e+00,1.0000,5.4738e-02
1941.309,1.2819159693e-03,1.637703e-02,1.5062867973e+00,1.0000,5.9441e-02
1941.836,1.2819239118e-03,1.633657e-02,1.5062867973e+00,1.0000,6.4099e-02
1942.364,1.2819114078e-03,1.629150e-02,1.5062867973e+00,1.0000,6.8709e-02
1942.891,1.2818791265e-03,1.624185e-02,1.5062867973e+00,1.0000,7.3268e-02
1943.418,1.2818272949e-03,1.618769e-02,1.5062867973e+00,1.0000,7.7769e-02
1943.945,1.2817583692e-03,1.612925e-02,1.5062867973e+00,1.0000,8.2203e-02
1944.472,1.2816756318e-03,1.606678e-02,1.5062867973e+00,1.0000,8.6559e-02
1944.999,1.2815837976e-03,1.600059e-02,1.5062867973e+00,1.0000,9.0820e-02
1945.526,1.2814886743e-03,1.593105e-02,1.5062867973e+00,1.0000,9.4966e-02
1946.053,1.2813963716e-03,1.585861e-02,1.5062867973e+00,1.0000,9.8974e-02
1946.580,1.2813120913e-03,1.578376e-02,1.5062867973e+00,1.0000,1.0282e-01
1947.107,1.2812395250e-03,1.570704e-02,1.5062867973e+00,1.0000,1.0647e-01
1947.635,1.2811810717e-03,1.562905e-02,1.5062867973e+00,1.0000,1.0989e-01
1948.162,1.2811376634e-03,1.555044e-02,1.5062867973e+00,1.0000,1.1305e-01
1948.689,1.2811078003e-03,1.547185e-02,1.5062867973e+00,1.0000,1.1592e-01
1949.216,1.2810880431e-03,1.539398e-02,1.5062867973e+00,1.0000,1.1846e-01
1949.743,1.2810742725e-03,1.531748e-02,1.5062867973e+00,1.0000,1.2065e-01
1950.270,1.2810619512e-03,1.524303e-02,1.5062867973e+00,1.0000,1.2247e-01
1950.797,1.2810459539e-03,1.517126e-02,1.5062867973e+00,1.0000,1.2390e-01
1951.324,1.2810209366e-03,1.510279e-02,1.5062867973e+00,1.0000,1.2494e-01
1951.851,1.2809821047e-03,1.503811e-02,1.5062867973e+00,1.0000,1.2559e-01
1952.378,1.2809258482e-03,1.497748e-02,1.5062867973e+00,1.0000,1.2587e-01
1952.906,1.2808500288e-03,1.492138e-02,1.5062867973e+00,1.0000,1.2581e-01
1953.433,1.2807539335e-03,1.487025e-02,1.5062867973e+00,1.0000,1.2545e-01
1953.960,1.2806380047e-03,1.482444e-02,1.5062867973e+00,1.0000,1.2483e-01
1954.487,1.2805035358e-03,1.478429e-02,1.5062867973e+00,1.0000,3.3995e-03
1955.014,1.2803525042e-03,1.475021e-02,1.5062867973e+00,1.0000,2.5948e-03
1955.541,1.2801875603e-03,1.472199e-02,1.5062867973e+00,1.0000,1.9210e-03
1956.068,1.2800120340e-03,1.469960e-02,1.5062867973e+00,1.0000,1.3598e-03
1956.595,1.2798297993e-03,1.468296e-02,1.5062867973e+00,1.0000,8.9208e-04
1957.122,1.2796449579e-03,1.467186e-02,1.5062867973e+00,1.0000,4.9937e-04
1957.649,1.2794614356e-03,1.466608e-02,1.5062867973e+00,1.0000,4.5391e-04
1958.177,1.2792826480e-03,1.466530e-02,1.5062867973e+00,1.0000,7.9483e-04
1958.704,1.2791113376e-03,1.466921e-02,1.5062867973e+00,1.0000,1.1376e-03
1959.231,1.2789495722e-03,1.467752e-02,1.5062867973e+00,1.0000,1.4761e-03
1959.758,1.2787988329e-03,1.468992e-02,1.5062867973e+00,1.0000,1.8118e-03
1960.285,1.2786601437e-03,1.470604e-02,1.5062867973e+00,1.0000,2.1417e-03
1960.812,1.2785342169e-03,1.472552e-02,1.5062867973e+00,1.0000,2.4624e-03
1961.339,1.2784215531e-03,1.474806e-02,1.5062867973e+00,1.0000,2.7692e-03
1961.866,1.2783224502e-03,1.477336e-02,1.5062867973e+00,1.0000,3.0545e-03
1962.393,1.2782369944e-03,1.480129e-02,1.5062867973e+00,1.0000,3.3172e-03
1962.920,1.2781651656e-03,1.483177e-02,1.5062867973e+00,1.0000,3.5565e-03
1963.448,1.2781070247e-03,1.486478e-02,1.5062867973e+00,1.0000,3.7719e-03
1963.975,1.2780627785e-03,1.490034e-02,1.5062867973e+00,1.0000,3.9623e-03
1964.502,1.2780326174e-03,1.493851e-02,1.5062867973e+00,1.0000,4.1235e-03
1965.029,1.2780165005e-03,1.497941e-02,1.5062867973e+00,1.0000,4.2540e-03
1965.556,1.2780140841e-03,1.502315e-02,1.5062867973e+00,1.0000,4.3548e-03
1966.083,1.2780251076e-03,1.506986e-02,1.5062867973e+00,1.0000,4.4913e-03
1966.610,1.2780486912e-03,1.511987e-02,1.5062867973e+00,1.0000,4.8758e-03
1967.137,1.2780844689e-03,1.517316e-02,1.5062867973e+00,1.0000,5.2187e-03
1967.664,1.2781309658e-03,1.522967e-02,1.5062867973e+00,1.0000,5.5077e-03
1968.191,1.2781865996e-03,1.528935e-02,1.5062867973e+00,1.0000,5.7418e-03
1968.719,1.2782493350e-03,1.535210e-02,1.5062867973e+00,1.0000,5.9209e-03
1969.246,1.2783170880e-03,1.541781e-02,1.5062867973e+00,1.0000,6.0462e-03
1969.773,1.2783877601e-03,1.548629e-02,1.5062867973e+00,1.0000,6.1199e-03
1970.300,1.2784593379e-03,1.555735e-02,1.5062867973e+00,1.0000,6.1450e-03
1970.827,1.2785299646e-03,1.563075e-02,1.5062867973e+00,1.0000,6.1247e-03
1971.354,1.2785980969e-03,1.570624e-02,1.5062867973e+00,1.0000,6.0632e-03
1971.881,1.2786627282e-03,1.578352e-02,1.5062867973e+00,1.0000,5.9655e-03
1972.408,1.2787236221e-03,1.586277e-02,1.5062867973e+00,1.0000,2.1044e-02
1972.935,1.2787814764e-03,1.594330e-02,1.5062867973e+00,1.0000,1.8852e-02
1973.462,1.2788379299e-03,1.602457e-02,1.5062867973e+00,1.0000,1.6550e-02
1973.990,1.2788953654e-03,1.610618e-02,1.5062867973e+00,1.0000,1.4182e-02
1974.517,1.2789565363e-03,1.618767e-02,1.5062867973e+00,1.0000,1.1762e-02
1975.044,1.2790240767e-03,1.626845e-02,1.5062867973e+00,1.0000,9.2963e-03
1975.571,1.2790999575e-03,1.634807e-02,1.5062867973e+00,1.0000,6.9436e-03
1976.098,1.2791849989e-03,1.642604e-02,1.5062867973e+00,1.0000,4.8563e-03
1976.625,1.2792785622e-03,1.650186e-02,1.5062867973e+00,1.0000,4.3872e-03
1977.152,1.2793783608e-03,1.657516e-02,1.5062867973e+00,1.0000,3.9474e-03
1977.679,1.2794803510e-03,1.664559e-02,1.5062867973e+00,1.0000,3.5422e-03
1978.206,1.2795789880e-03,1.671288e-02,1.5062867973e+00,1.0000,3.1754e-03
1978.733,1.2796680733e-03,1.677681e-02,1.5062867973e+00,1.0000,4.4457e-03
1979.261,1.2797418253e-03,1.683717e-02,1.5062867973e+00,1.0000,6.0483e-03
1979.788,1.2797955774e-03,1.689388e-02,1.5062867973e+00,1.0000,7.5570e-03
1980.315,1.2798260378e-03,1.694678e-02,1.5062867973e+00,1.0000,8.9100e-03
1980.842,1.2798315823e-03,1.699571e-02,1.5062867973e+00,1.0000,1.0081e-02
1981.369,1.2798126389e-03,1.704053e-02,1.5062867973e+00,1.0000,1.1065e-02
1981.896,1.2797721657e-03,1.708111e-02,1.5062867973e+00,1.0000,1.1876e-02
1982.423,1.2797149342e-03,1.711729e-02,1.5062867973e+00,1.0000,1.2543e-02
1982.950,1.2796467766e-03,1.714891e-02,1.5062867973e+00,1.0000,1.3107e-02
1983.477,1.2795733680e-03,1.717582e-02,1.5062867973e+00,1.0000,1.3587e-02
1984.004,1.2795000906e-03,1.719791e-02,1.5062867973e+00,1.0000,1.3996e-02
1984.532,1.2794314054e-03,1.721510e-02,1.5062867973e+00,1.0000,1.4351e-02
1985.059,1.2793703474e-03,1.722724e-02,1.5062867973e+00,1.0000,1.4676e-02
1985.586,1.2793185104e-03,1.723424e-02,1.5062867973e+00,1.0000,1.4980e-02
1986.113,1.2792755039e-03,1.723609e-02,1.5062867973e+00,1.0000,1.5268e-02
1986.640,1.2792391758e-03,1.723277e-02,1.5062867973e+00,1.0000,1.5545e-02
1987.167,1.2792060770e-03,1.722426e-02,1.5062867973e+00,1.0000,1.5821e-02
1987.694,1.2791719833e-03,1.721070e-02,1.5062867973e+00,1.0000,1.6109e-02
1988.221,1.2791322561e-03,1.719218e-02,1.5062867973e+00,1.0000,1.6423e-02
1988.748,1.2790825796e-03,1.716882e-02,1.5062867973e+00,1.0000,1.6777e-02
1989.275,1.2790200686e-03,1.714080e-02,1.5062867973e+00,1.0000,1.7186e-02
1989.803,1.2789433254e-03,1.710833e-02,1.5062867973e+00,1.0000,1.7665e-02
1990.330,1.2788512231e-03,1.707165e-02,1.5062867973e+00,1.0000,1.8228e-02
1990.857,1.2787423097e-03,1.703103e-02,1.5062867973e+00,1.0000,1.8892e-02
1991.384,1.2786158695e-03,1.698675e-02,1.5062867973e+00,1.0000,1.9671e-02
1991.911,1.2784732560e-03,1.693915e-02,1.5062867973e+00,1.0000,2.0583e-02
1992.438,1.2783178689e-03,1.688861e-02,1.5062867973e+00,1.0000,2.1638e-02
1992.965,1.2781539754e-03,1.683547e-02,1.5062867973e+00,1.0000,2.2866e-02
1993.492,1.2779856418e-03,1.678005e-02,1.5062867973e+00,1.0000,2.4342e-02
1994.019,1.2778164164e-03,1.672265e-02,1.5062867973e+00,1.0000,2.6119e-02
1994.546,1.2776494207e-03,1.666356e-02,1.5062867973e+00,1.0000,2.8276e-02
1995.074,1.2774873285e-03,1.660304e-02,1.5062867973e+00,1.0000,3.0939e-02
1995.601,1.2773321348e-03,1.654132e-02,1.5062867973e+00,1.0000,3.4336e-02
1996.128,1.2771849420e-03,1.647858e-02,1.5062867973e+00,1.0000,3.8379e-02
1996.655,1.2770459633e-03,1.641497e-02,1.5062867973e+00,1.0000,4.2428e-02
1997.182,1.2769147609e-03,1.635065e-02,1.5062867973e+00,1.0000,4.6457e-02
1997.709,1.2767906070e-03,1.628576e-02,1.5062867973e+00,1.0000,5.0452e-02
1998.236,1.2766728515e-03,1.622024e-02,1.5062867973e+00,1.0000,5.4418e-02
1998.763,1.2765612142e-03,1.615429e-02,1.5062867973e+00,1.0000,5.8358e-02
1999.290,1.2764559660e-03,1.608807e-02,1.5062867973e+00,1.0000,6.2267e-02
1999.817,1.2763579927e-03,1.602176e-02,1.5062867973e+00,1.0000,6.6139e-02
2000.345,1.2762687611e-03,1.595557e-02,1.5062867973e+00,1.0000,6.9972e-02
2000.872,1.2761902170e-03,1.588980e-02,1.5062867973e+00,1.0000,7.3758e-02
2001.399,1.2761246199e-03,1.582481e-02,1.5062867973e+00,1.0000,7.7489e-02
2001.926,1.2760743012e-03,1.576091e-02,1.5062867973e+00,1.0000,8.1151e-02
2002.453,1.2760413672e-03,1.569844e-02,1.5062867973e+00,1.0000,8.4732e-02
2002.980,1.2760273930e-03,1.563775e-02,1.5062867973e+00,1.0000,8.8216e-02
2003.507,1.2760337152e-03,1.557920e-02,1.5062867973e+00,1.0000,9.1583e-02
2004.034,1.2760606133e-03,1.552314e-02,1.5062867973e+00,1.0000,9.4815e-02
2004.561,1.2761085169e-03,1.546991e-02,1.5062867973e+00,1.0000,9.7891e-02
2005.088,1.2761766873e-03,1.541986e-02,1.5062867973e+00,1.0000,1.0079e-01
2005.616,1.2762633954e-03,1.537333e-02,1.5062867973e+00,1.0000,1.0348e-01
2006.143,1.2763656639e-03,1.533060e-02,1.5062867973e+00,1.0000,1.0596e-01
2006.670,1.2764798387e-03,1.529196e-02,1.5062867973e+00,1.0000,1.0819e-01
2007.197,1.2766024289e-03,1.525767e-02,1.5062867973e+00,1.0000,1.1017e-01
2007.724,1.2767308804e-03,1.522792e-02,1.5062867973e+00,1.0000,1.1188e-01
2008.251,1.2768637953e-03,1.520289e-02,1.5062867973e+00,1.0000,1.1331e-01
2008.778,1.2770005844e-03,1.518271e-02,1.5062867973e+00,1.0000,1.1446e-01
2009.305,1.2771409942e-03,1.516747e-02,1.5062867973e+00,1.0000,1.1533e-01
2009.832,1.2772849373e-03,1.515721e-02,1.5062867973e+00,1.0000,1.1594e-01
2010.359,1.2774327504e-03,1.515193e-02,1.5062867973e+00,1.0000,1.1628e-01
2010.887,1.2775857370e-03,1.515159e-02,1.5062867973e+00,1.0000,1.1639e-01
2011.414,1.2777465829e-03,1.515607e-02,1.5062867973e+00,1.0000,1.1627e-01
2011.941,1.2779190706e-03,1.516511e-02,1.5062867973e+00,1.0000,1.1596e-01
2012.468,1.2781069257e-03,1.517860e-02,1.5062867973e+00,1.0000,1.1548e-01
2012.995,1.2783124419e-03,1.519642e-02,1.5062867973e+00,1.0000,1.1485e-01
2013.522,1.2785358016e-03,1.521855e-02,1.5062867973e+00,1.0000,1.2161e-03
2014.049,1.2787753426e-03,1.524478e-02,1.5062867973e+00,1.0000,7.0971e-04
2014.576,1.2790282206e-03,1.527478e-02,1.5062867973e+00,1.0000,2.7225e-04
2015.103,1.2792908441e-03,1.530847e-02,1.5062867973e+00,1.0000,4.8556e-04
2015.630,1.2795589976e-03,1.534558e-02,1.5062867973e+00,1.0000,7.3527e-04
2016.158,1.2798279829e-03,1.538585e-02,1.5062867973e+00,1.0000,9.8466e-04
2016.685,1.2800930327e-03,1.542900e-02,1.5062867973e+00,1.0000,1.2277e-03
2017.212,1.2803499134e-03,1.547477e-02,1.5062867973e+00,1.0000,1.4586e-03
2017.739,1.2805954492e-03,1.552286e-02,1.5062867973e+00,1.0000,1.6709e-03
2018.266,1.2808277548e-03,1.557300e-02,1.5062867973e+00,1.0000,1.8605e-03
2018.793,1.2810461367e-03,1.562499e-02,1.5062867973e+00,1.0000,2.0268e-03
2019.320,1.2812507443e-03,1.567862e-02,1.5062867973e+00,1.0000,2.1694e-03
2019.847,1.2814420953e-03,1.573364e-02,1.5062867973e+00,1.0000,2.2883e-03
2020.374,1.2816205894e-03,1.578985e-02,1.5062867973e+00,1.0000,2.4295e-03
2020.901,1.2817861079e-03,1.584706e-02,1.5062867973e+00,1.0000,2.6300e-03
2021.429,1.2819377756e-03,1.590504e-02,1.5062867973e+00,1.0000,2.8185e-03
2021.956,1.2820739295e-03,1.596337e-02,1.5062867973e+00,1.0000,2.9825e-03
2022.483,1.2821923051e-03,1.602166e-02,1.5062867973e+00,1.0000,3.1178e-03
2023.010,1.2822904048e-03,1.607953e-02,1.5062867973e+00,1.0000,3.2239e-03
2023.537,1.2823659812e-03,1.613659e-02,1.5062867973e+00,1.0000,3.3003e-03
2024.064,1.2824175427e-03,1.619242e-02,1.5062867973e+00,1.0000,3.3468e-03
2024.591,1.2824447833e-03,1.624664e-02,1.5062867973e+00,1.0000,3.3634e-03
2025.118,1.2824489174e-03,1.629885e-02,1.5062867973e+00,1.0000,3.3505e-03
2025.645,1.2824323761e-03,1.634866e-02,1.5062867973e+00,1.0000,3.3086e-03
2026.172,1.2823994679e-03,1.639570e-02,1.5062867973e+00,1.0000,3.2387e-03
2026.700,1.2823549620e-03,1.643963e-02,1.5062867973e+00,1.0000,3.1416e-03
2027.227,1.2823042547e-03,1.648013e-02,1.5062867973e+00,1.0000,3.0189e-03
2027.754,1.2822527426e-03,1.651689e-02,1.5062867973e+00,1.0000,2.8717e-03
2028.281,1.2822047915e-03,1.654965e-02,1.5062867973e+00,1.0000,2.7018e-03
2028.808,1.2821642356e-03,1.657818e-02,1.5062867973e+00,1.0000,2.5106e-03
2029.335,1.2821327562e-03,1.660227e-02,1.5062867973e+00,1.0000,2.2997e-03
2029.862,1.2821111264e-03,1.662177e-02,1.5062867973e+00,1.0000,2.0708e-03
2030.389,1.2820984400e-03,1.663653e-02,1.5062867973e+00,1.0000,1.8253e-03
2030.916,1.2820923054e-03,1.664644e-02,1.5062867973e+00,1.0000,1.5647e-03
2031.443,1.2820895086e-03,1.665144e-02,1.5062867973e+00,1.0000,1.2906e-03
2031.971,1.2820873273e-03,1.665149e-02,1.5062867973e+00,1.0000,1.0042e-03
2032.498,1.2820807008e-03,1.664662e-02,1.5062867973e+00,1.0000,7.0663e-04
2033.025,1.2820655949e-03,1.663667e-02,1.5062867973e+00,1.0000,3.9828e-04
2033.552,1.2820387563e-03,1.662185e-02,1.5062867973e+00,1.0000,3.2408e-04
2034.079,1.2819974564e-03,1.660219e-02,1.5062867973e+00,1.0000,4.7368e-04
2034.606,1.2819391449e-03,1.657773e-02,1.5062867973e+00,1.0000,6.3871e-04
2035.133,1.2818620358e-03,1.654858e-02,1.5062867973e+00,1.0000,8.6912e-04
2035.660,1.2817648480e-03,1.651492e-02,1.5062867973e+00,1.0000,1.1968e-03
2036.187,1.2816472343e-03,1.647696e-02,1.5062867973e+00,1.0000,1.5212e-03
2036.714,1.2815100381e-03,1.643492e-02,1.5062867973e+00,1.0000,1.8398e-03
2037.242,1.2813553912e-03,1.638909e-02,1.5062867973e+00,1.0000,2.1498e-03
2037.769,1.2811864049e-03,1.633977e-02,1.5062867973e+00,1.0000,2.4483e-03
2038.296,1.2810066444e-03,1.628732e-02,1.5062867973e+00,1.0000,2.7324e-03
2038.823,1.2808196678e-03,1.623212e-02,1.5062867973e+00,1.0000,2.9994e-03
2039.350,1.2806288011e-03,1.617459e-02,1.5062867973e+00,1.0000,3.2463e-03
2039.877,1.2804370961e-03,1.611519e-02,1.5062867973e+00,1.0000,3.4708e-03
2040.404,1.2802472837e-03,1.605440e-02,1.5062867973e+00,1.0000,3.6700e-03
2040.931,1.2800616080e-03,1.599272e-02,1.5062867973e+00,1.0000,3.8399e-03
2041.458,1.2798815918e-03,1.593068e-02,1.5062867973e+00,1.0000,3.9782e-03
2041.985,1.2797078886e-03,1.586881e-02,1.5062867973e+00,1.0000,4.0837e-03
2042.513,1.2795403265e-03,1.580761e-02,1.5062867973e+00,1.0000,4.1555e-03
2043.040,1.2793781140e-03,1.574760e-02,1.5062867973e+00,1.0000,4.1933e-03
2043.567,1.2792200795e-03,1.568927e-02,1.5062867973e+00,1.0000,4.1973e-03
2044.094,1.2790648263e-03,1.563309e-02,1.5062867973e+00,1.0000,4.1680e-03
2044.621,1.2789107862e-03,1.557952e-02,1.5062867973e+00,1.0000,4.1064e-03
2045.148,1.2787562560e-03,1.552899e-02,1.5062867973e+00,1.0000,4.0135e-03
2045.675,1.2785995368e-03,1.548192e-02,1.5062867973e+00,1.0000,3.8907e-03
2046.202,1.2784392340e-03,1.543867e-02,1.5062867973e+00,1.0000,3.7395e-03
2046.729,1.2782746545e-03,1.539959e-02,1.5062867973e+00,1.0000,3.5613e-03
2047.256,1.2781061328e-03,1.536502e-02,1.5062867973e+00,1.0000,3.3576e-03
2047.784,1.2779351061e-03,1.533522e-02,1.5062867973e+00,1.0000,3.1298e-03
2048.311,1.2777638723e-03,1.531048e-02,1.5062867973e+00,1.0000,2.8792e-03
2048.838,1.2775951313e-03,1.529100e-02,1.5062867973e+00,1.0000,2.6071e-03
2049.365,1.2774315272e-03,1.527698e-02,1.5062867973e+00,1.0000,2.3147e-03
2049.892,1.2772753833e-03,1.526859e-02,1.5062867973e+00,1.0000,2.0028e-03
2050.419,1.2771286766e-03,1.526591e-02,1.5062867973e+00,1.0000,1.6729e-03
2050.946,1.2769931487e-03,1.526894e-02,1.5062867973e+00,1.0000,1.3312e-03
2051.473,1.2768704006e-03,1.527777e-02,1.5062867973e+00,1.0000,9.7969e-04
2052.000,1.2767618996e-03,1.529245e-02,1.5062867973e+00,1.0000,1.1611e-03
2052.527,1.2766689261e-03,1.531299e-02,1.5062867973e+00,1.0000,1.4141e-03
2053.055,1.2765925128e-03,1.533936e-02,1.5062867973e+00,1.0000,1.6691e-03
2053.582,1.2765333772e-03,1.537141e-02,1.5062867973e+00,1.0000,1.9301e-03
2054.109,1.2764918035e-03,1.540898e-02,1.5062867973e+00,1.0000,2.1870e-03
2054.636,1.2764674745e-03,1.545197e-02,1.5062867973e+00,1.0000,2.4326e-03
2055.163,1.2764591897e-03,1.550020e-02,1.5062867973e+00,1.0000,2.6659e-03
2055.690,1.2764658294e-03,1.555347e-02,1.5062867973e+00,1.0000,2.8859e-03
2056.217,1.2764838872e-03,1.561157e-02,1.5062867973e+00,1.0000,3.0916e-03
2056.744,1.2765119574e-03,1.567424e-02,1.5062867973e+00,1.0000,3.2815e-03
2057.271,1.2765471461e-03,1.574124e-02,1.5062867973e+00,1.0000,3.4501e-03
2057.798,1.2765875356e-03,1.581229e-02,1.5062867973e+00,1.0000,3.5971e-03
2058.326,1.2766314795e-03,1.588707e-02,1.5062867973e+00,1.0000,3.7435e-03
2058.853,1.2766777511e-03,1.596535e-02,1.5062867973e+00,1.0000,4.1631e-03
2059.380,1.2767255534e-03,1.604665e-02,1.5062867973e+00,1.0000,4.5541e-03
2059.907,1.2767744587e-03,1.613044e-02,1.5062867973e+00,1.0000,4.9088e-03
2060.434,1.2768243407e-03,1.621618e-02,1.5062867973e+00,1.0000,5.2247e-03
2060.961,1.2768752009e-03,1.630329e-02,1.5062867973e+00,1.0000,5.5000e-03
2061.488,1.2769270194e-03,1.639126e-02,1.5062867973e+00,1.0000,2.0104e-02
2062.015,1.2769796213e-03,1.647990e-02,1.5062867973e+00,1.0000,2.1119e-02
2062.542,1.2770326158e-03,1.656828e-02,1.5062867973e+00,1.0000,1.9259e-02
2063.069,1.2770854442e-03,1.665578e-02,1.5062867973e+00,1.0000,1.7417e-02
2063.597,1.2771375306e-03,1.674177e-02,1.5062867973e+00,1.0000,1.5599e-02
2064.124,1.2771884886e-03,1.682557e-02,1.5062867973e+00,1.0000,1.3755e-02
2064.651,1.2772383262e-03,1.690639e-02,1.5062867973e+00,1.0000,1.1826e-02
2065.178,1.2772875904e-03,1.698361e-02,1.5062867973e+00,1.0000,9.9403e-03
2065.705,1.2773374022e-03,1.705671e-02,1.5062867973e+00,1.0000,8.1537e-03
2066.232,1.2773893691e-03,1.712526e-02,1.5062867973e+00,1.0000,6.4982e-03
2066.759,1.2774454024e-03,1.718889e-02,1.5062867973e+00,1.0000,5.2595e-03
2067.286,1.2775074863e-03,1.724748e-02,1.5062867973e+00,1.0000,4.6797e-03
2067.813,1.2775774408e-03,1.730104e-02,1.5062867973e+00,1.0000,4.1034e-03
2068.340,1.2776567144e-03,1.734959e-02,1.5062867973e+00,1.0000,3.5399e-03
2068.868,1.2777462265e-03,1.739325e-02,1.5062867973e+00,1.0000,2.9925e-03
2069.395,1.2778462641e-03,1.743206e-02,1.5062867973e+00,1.0000,2.4649e-03
2069.922,1.2779564368e-03,1.746626e-02,1.5062867973e+00,1.0000,2.9199e-03
2070.449,1.2780756973e-03,1.749609e-02,1.5062867973e+00,1.0000,4.0043e-03
2070.976,1.2782024336e-03,1.752168e-02,1.5062867973e+00,1.0000,5.0210e-03
2071.503,1.2783346229e-03,1.754314e-02,1.5062867973e+00,1.0000,5.9623e-03
2072.030,1.2784700141e-03,1.756047e-02,1.5062867973e+00,1.0000,6.8418e-03
2072.557,1.2786063032e-03,1.757365e-02,1.5062867973e+00,1.0000,7.6723e-03
2073.084,1.2787412783e-03,1.758274e-02,1.5062867973e+00,1.0000,8.4571e-03
2073.611,1.2788729306e-03,1.758726e-02,1.5062867973e+00,1.0000,9.1974e-03
2074.139,1.2789995405e-03,1.758751e-02,1.5062867973e+00,1.0000,9.8988e-03
2074.666,1.2791197409e-03,1.758346e-02,1.5062867973e+00,1.0000,1.0572e-02
2075.193,1.2792325513e-03,1.757497e-02,1.5062867973e+00,1.0000,1.1226e-02
2075.720,1.2793373715e-03,1.756194e-02,1.5062867973e+00,1.0000,1.1865e-02
2076.247,1.2794339341e-03,1.754405e-02,1.5062867973e+00,1.0000,1.2507e-02
2076.774,1.2795222266e-03,1.752105e-02,1.5062867973e+00,1.0000,1.3217e-02
2077.301,1.2796023946e-03,1.749272e-02,1.5062867973e+00,1.0000,1.4081e-02
2077.828,1.2796746430e-03,1.745891e-02,1.5062867973e+00,1.0000,1.5109e-02
2078.355,1.2797391585e-03,1.741950e-02,1.5062867973e+00,1.0000,1.6312e-02
2078.882,1.2797960693e-03,1.737440e-02,1.5062867973e+00,1.0000,1.7705e-02
2079.410,1.2798454236e-03,1.732361e-02,1.5062867973e+00,1.0000,1.9309e-02
2079.937,1.2798871657e-03,1.726715e-02,1.5062867973e+00,1.0000,2.1155e-02
2080.464,1.2799211196e-03,1.720513e-02,1.5062867973e+00,1.0000,2.3288e-02
2080.991,1.2799470139e-03,1.713772e-02,1.5062867973e+00,1.0000,2.5780e-02
2081.518,1.2799645496e-03,1.706518e-02,1.5062867973e+00,1.0000,2.8753e-02
2082.045,1.2799734667e-03,1.698777e-02,1.5062867973e+00,1.0000,3.2067e-02
2082.572,1.2799736402e-03,1.690583e-02,1.5062867973e+00,1.0000,3.5550e-02
2083.099,1.2799646056e-03,1.681982e-02,1.5062867973e+00,1.0000,3.9169e-02
2083.626,1.2799470118e-03,1.673026e-02,1.5062867973e+00,1.0000,4.2887e-02
2084.153,1.2799203201e-03,1.663774e-02,1.5062867973e+00,1.0000,4.6671e-02
2084.681,1.2798855634e-03,1.654291e-02,1.5062867973e+00,1.0000,5.0487e-02
2085.208,1.2798431409e-03,1.644642e-02,1.5062867973e+00,1.0000,5.4306e-02
2085.735,1.2797941038e-03,1.634885e-02,1.5062867973e+00,1.0000,5.8129e-02
2086.262,1.2797394415e-03,1.625098e-02,1.5062867973e+00,1.0000,6.1948e-02
2086.789,1.2796803216e-03,1.615368e-02,1.5062867973e+00,1.0000,6.5749e-02
2087.316,1.2796179274e-03,1.605784e-02,1.5062867973e+00,1.0000,6.9516e-02
2087.843,1.2795534189e-03,1.596424e-02,1.5062867973e+00,1.0000,7.3234e-02
2088.370,1.2794878671e-03,1.587364e-02,1.5062867973e+00,1.0000,7.6888e-02
2088.897,1.2794222061e-03,1.578674e-02,1.5062867973e+00,1.0000,8.0464e-02
2089.424,1.2793571996e-03,1.570417e-02,1.5062867973e+00,1.0000,8.3951e-02
2089.952,1.2792934315e-03,1.562649e-02,1.5062867973e+00,1.0000,8.7336e-02
2090.479,1.2792313222e-03,1.555420e-02,1.5062867973e+00,1.0000,9.0607e-02
2091.006,1.2791711565e-03,1.548770e-02,1.5062867973e+00,1.0000,9.3753e-02
2091.533,1.2791131125e-03,1.542734e-02,1.5062867973e+00,1.0000,9.6763e-02
2092.060,1.2790572860e-03,1.537335e-02,1.5062867973e+00,1.0000,9.9624e-02
2092.587,1.2790037104e-03,1.532589e-02,1.5062867973e+00,1.0000,1.0233e-01
2093.114,1.2789523866e-03,1.528505e-02,1.5062867973e+00,1.0000,1.0485e-01
2093.641,1.2789033284e-03,1.525082e-02,1.5062867973e+00,1.0000,1.0720e-01
2094.168,1.2788566039e-03,1.522313e-02,1.5062867973e+00,1.0000,1.0935e-01
2094.695,1.2788123765e-03,1.520184e-02,1.5062867973e+00,1.0000,1.1128e-01
2095.223,1.2787709848e-03,1.518675e-02,1.5062867973e+00,1.0000,1.1300e-01
2095.750,1.2787329949e-03,1.517759e-02,1.5062867973e+00,1.0000,1.1449e-01
2096.277,1.2786991245e-03,1.517405e-02,1.5062867973e+00,1.0000,1.1573e-01
2096.804,1.2786701433e-03,1.517578e-02,1.5062867973e+00,1.0000,1.1673e-01
2097.331,1.2786469161e-03,1.518241e-02,1.5062867973e+00,1.0000,1.1747e-01
2097.858,1.2786304679e-03,1.519351e-02,1.5062867973e+00,1.0000,1.1796e-01
2098.385,1.2786217006e-03,1.520868e-02,1.5062867973e+00,1.0000,1.1819e-01
2098.912,1.2786219093e-03,1.522750e-02,1.5062867973e+00,1.0000,1.1816e-01
2099.439,1.2786304983e-03,1.524944e-02,1.5062867973e+00,1.0000,1.1789e-01
2099.966,1.2786483129e-03,1.527395e-02,1.5062867973e+00,1.0000,1.1739e-01
2100.494,1.2786754381e-03,1.530067e-02,1.5062867973e+00,1.0000,1.1669e-01
2101.021,1.2787117118e-03,1.532963e-02,1.5062867973e+00,1.0000,1.1137e-03
2101.548,1.2787572964e-03,1.536022e-02,1.5062867973e+00,1.0000,5.0293e-04
2102.075,1.2788123291e-03,1.539217e-02,1.5062867973e+00,1.0000,7.7667e-04
2102.602,1.2788769902e-03,1.542521e-02,1.5062867973e+00,1.0000,1.0637e-03
2103.129,1.2789511260e-03,1.545923e-02,1.5062867973e+00,1.0000,1.3511e-03
2103.656,1.2790345719e-03,1.549407e-02,1.5062867973e+00,1.0000,1.6328e-03
2104.183,1.2791275976e-03,1.552960e-02,1.5062867973e+00,1.0000,1.9037e-03
2104.710,1.2792308811e-03,1.556570e-02,1.5062867973e+00,1.0000,2.1613e-03
2105.237,1.2793449920e-03,1.560230e-02,1.5062867973e+00,1.0000,2.4034e-03
2105.765,1.2794700547e-03,1.563940e-02,1.5062867973e+00,1.0000,2.6673e-03
2106.292,1.2796059079e-03,1.567705e-02,1.5062867973e+00,1.0000,2.9506e-03
2106.819,1.2797524148e-03,1.571534e-02,1.5062867973e+00,1.0000,3.2218e-03
2107.346,1.2799094783e-03,1.575438e-02,1.5062867973e+00,1.0000,3.4793e-03
2107.873,1.2800767185e-03,1.579428e-02,1.5062867973e+00,1.0000,3.7198e-03
2108.400,1.2802530687e-03,1.583509e-02,1.5062867973e+00,1.0000,3.9370e-03
2108.927,1.2804364884e-03,1.587689e-02,1.5062867973e+00,1.0000,4.1314e-03
2109.454,1.2806238177e-03,1.591980e-02,1.5062867973e+00,1.0000,4.3035e-03
2109.981,1.2808107323e-03,1.596389e-02,1.5062867973e+00,1.0000,4.4536e-03
2110.508,1.2809918108e-03,1.600922e-02,1.5062867973e+00,1.0000,4.5818e-03
2111.036,1.2811607634e-03,1.605583e-02,1.5062867973e+00,1.0000,4.6882e-03
2111.563,1.2813108542e-03,1.610373e-02,1.5062867973e+00,1.0000,4.7727e-03
2112.090,1.2814355223e-03,1.615290e-02,1.5062867973e+00,1.0000,4.8353e-03
2112.617,1.2815291702e-03,1.620327e-02,1.5062867973e+00,1.0000,4.8760e-03
2113.144,1.2815879796e-03,1.625474e-02,1.5062867973e+00,1.0000,4.8947e-03
2113.671,1.2816105101e-03,1.630718e-02,1.5062867973e+00,1.0000,4.8918e-03
2114.198,1.2815978115e-03,1.636041e-02,1.5062867973e+00,1.0000,4.8675e-03
2114.725,1.2815540180e-03,1.641422e-02,1.5062867973e+00,1.0000,4.8223e-03
2115.252,1.2814847781e-03,1.646865e-02,1.5062867973e+00,1.0000,1.9629e-02
2115.779,1.2813986298e-03,1.652333e-02,1.5062867973e+00,1.0000,1.7503e-02
2116.307,1.2813051419e-03,1.657786e-02,1.5062867973e+00,1.0000,1.5342e-02
2116.834,1.2812134139e-03,1.663182e-02,1.5062867973e+00,1.0000,1.3145e-02
2117.361,1.2811341158e-03,1.668483e-02,1.5062867973e+00,1.0000,1.0929e-02
2117.888,1.2810730839e-03,1.673641e-02,1.5062867973e+00,1.0000,8.6521e-03
2118.415,1.2810339014e-03,1.678608e-02,1.5062867973e+00,1.0000,6.3952e-03
2118.942,1.2810217368e-03,1.683345e-02,1.5062867973e+00,1.0000,4.2377e-03
2119.469,1.2810384113e-03,1.687805e-02,1.5062867973e+00,1.0000,3.7065e-03
2119.996,1.2810801618e-03,1.691969e-02,1.5062867973e+00,1.0000,3.2775e-03
2120.523,1.2811412362e-03,1.695809e-02,1.5062867973e+00,1.0000,2.8661e-03
2121.050,1.2812161980e-03,1.699306e-02,1.5062867973e+00,1.0000,3.4138e-03
2121.578,1.2812989485e-03,1.702451e-02,1.5062867973e+00,1.0000,5.2089e-03
2122.105,1.2813812562e-03,1.705236e-02,1.5062867973e+00,1.0000,6.9983e-03
2122.632,1.2814535940e-03,1.707663e-02,1.5062867973e+00,1.0000,8.7826e-03
2123.159,1.2815066023e-03,1.709736e-02,1.5062867973e+00,1.0000,1.0495e-02
2123.686,1.2815317365e-03,1.711456e-02,1.5062867973e+00,1.0000,1.2105e-02
2124.213,1.2815236080e-03,1.712821e-02,1.5062867973e+00,1.0000,1.3616e-02
2124.740,1.2814805133e-03,1.713834e-02,1.5062867973e+00,1.0000,1.5035e-02
2125.267,1.2814026211e-03,1.714508e-02,1.5062867973e+00,1.0000,1.6366e-02
2125.794,1.2812852249e-03,1.714841e-02,1.5062867973e+00,1.0000,1.7603e-02
2126.321,1.2811280448e-03,1.714835e-02,1.5062867973e+00,1.0000,1.8747e-02
2126.849,1.2809345791e-03,1.714501e-02,1.5062867973e+00,1.0000,1.9805e-02
2127.376,1.2807085701e-03,1.713867e-02,1.5062867973e+00,1.0000,2.0786e-02
2127.903,1.2804531105e-03,1.712948e-02,1.5062867973e+00,1.0000,2.1706e-02
2128.430,1.2801712038e-03,1.711744e-02,1.5062867973e+00,1.0000,2.2579e-02
2128.957,1.2798666684e-03,1.710266e-02,1.5062867973e+00,1.0000,2.3410e-02
2129.484,1.2795447026e-03,1.708508e-02,1.5062867973e+00,1.0000,2.4213e-02
2130.011,1.2792114935e-03,1.706471e-02,1.5062867973e+00,1.0000,2.4998e-02
2130.538,1.2788729237e-03,1.704163e-02,1.5062867973e+00,1.0000,2.5775e-02
2131.065,1.2785334601e-03,1.701593e-02,1.5062867973e+00,1.0000,2.6561e-02
2131.592,1.2781961043e-03,1.698774e-02,1.5062867973e+00,1.0000,2.7376e-02
2132.120,1.2778631862e-03,1.695724e-02,1.5062867973e+00,1.0000,2.8246e-02
2132.647,1.2775371560e-03,1.692461e-02,1.5062867973e+00,1.0000,2.9202e-02
2133.174,1.2772208301e-03,1.689006e-02,1.5062867973e+00,1.0000,3.0282e-02
2133.701,1.2769171721e-03,1.685384e-02,1.5062867973e+00,1.0000,3.1534e-02
2134.228,1.2766289694e-03,1.681623e-02,1.5062867973e+00,1.0000,3.3023e-02
2134.755,1.2763586377e-03,1.677750e-02,1.5062867973e+00,1.0000,3.4851e-02
2135.282,1.2761081717e-03,1.673798e-02,1.5062867973e+00,1.0000,3.7184e-02
2135.809,1.2758791604e-03,1.669798e-02,1.5062867973e+00,1.0000,4.0320e-02
2136.336,1.2756728192e-03,1.665780e-02,1.5062867973e+00,1.0000,4.4388e-02
2136.863,1.2754900341e-03,1.661771e-02,1.5062867973e+00,1.0000,4.8396e-02
2137.391,1.2753314290e-03,1.657799e-02,1.5062867973e+00,1.0000,5.2256e-02
2137.918,1.2751974465e-03,1.653891e-02,1.5062867973e+00,1.0000,5.5966e-02
2138.445,1.2750884204e-03,1.650075e-02,1.5062867973e+00,1.0000,5.9524e-02
2138.972,1.2750046175e-03,1.646369e-02,1.5062867973e+00,1.0000,6.2935e-02
2139.499,1.2749462392e-03,1.642793e-02,1.5062867973e+00,1.0000,6.6217e-02
2140.026,1.2749133804e-03,1.639371e-02,1.5062867973e+00,1.0000,6.9375e-02
2140.553,1.2749059301e-03,1.636125e-02,1.5062867973e+00,1.0000,7.2417e-02
2141.080,1.2749236485e-03,1.633076e-02,1.5062867973e+00,1.0000,7.5347e-02
2141.607,1.2749656225e-03,1.630250e-02,1.5062867973e+00,1.0000,7.8168e-02
2142.134,1.2750308701e-03,1.627669e-02,1.5062867973e+00,1.0000,8.0881e-02
2142.662,1.2751176038e-03,1.625354e-02,1.5062867973e+00,1.0000,8.3484e-02
2143.189,1.2752236699e-03,1.623322e-02,1.5062867973e+00,1.0000,8.5973e-02
2143.716,1.2753463444e-03,1.621591e-02,1.5062867973e+00,1.0000,8.8345e-02
2144.243,1.2754824331e-03,1.620173e-02,1.5062867973e+00,1.0000,9.0590e-02
2144.770,1.2756284885e-03,1.619081e-02,1.5062867973e+00,1.0000,9.2702e-02
2145.297,1.2757810797e-03,1.618325e-02,1.5062867973e+00,1.0000,9.4671e-02
2145.824,1.2759369846e-03,1.617911e-02,1.5062867973e+00,1.0000,9.6486e-02
2146.351,1.2760933608e-03,1.617846e-02,1.5062867973e+00,1.0000,9.8137e-02
2146.878,1.2762478645e-03,1.618131e-02,1.5062867973e+00,1.0000,9.9615e-02
2147.405,1.2763986740e-03,1.618766e-02,1.5062867973e+00,1.0000,1.0091e-01
2147.933,1.2765444807e-03,1.619749e-02,1.5062867973e+00,1.0000,1.0201e-01
2148.460,1.2766845014e-03,1.621068e-02,1.5062867973e+00,1.0000,1.0292e-01
2148.987,1.2768184701e-03,1.622714e-02,1.5062867973e+00,1.0000,1.0363e-01
2149.514,1.2769465546e-03,1.624675e-02,1.5062867973e+00,1.0000,1.0414e-01
2150.041,1.2770692090e-03,1.626944e-02,1.5062867973e+00,1.0000,1.0444e-01
2150.568,1.2771870160e-03,1.629505e-02,1.5062867973e+00,1.0000,1.0456e-01
2151.095,1.2773005619e-03,1.632335e-02,1.5062867973e+00,1.0000,1.0449e-01
2151.622,1.2774103860e-03,1.635394e-02,1.5062867973e+00,1.0000,1.0425e-01
2152.149,1.2775170332e-03,1.638651e-02,1.5062867973e+00,1.0000,1.0385e-01
2152.676,1.2776211840e-03,1.642081e-02,1.5062867973e+00,1.0000,1.0332e-01
2153.204,1.2777237712e-03,1.645663e-02,1.5062867973e+00,1.0000,1.0271e-01
2153.731,1.2778259880e-03,1.649368e-02,1.5062867973e+00,1.0000,1.0206e-01
2154.258,1.2779291636e-03,1.653165e-02,1.5062867973e+00,1.0000,1.7656e-03
2154.785,1.2780345906e-03,1.657027e-02,1.5062867973e+00,1.0000,2.0063e-03
2155.312,1.2781434238e-03,1.660925e-02,1.5062867973e+00,1.0000,2.2155e-03
2155.839,1.2782567010e-03,1.664835e-02,1.5062867973e+00,1.0000,2.3944e-03
2156.366,1.2783754121e-03,1.668733e-02,1.5062867973e+00,1.0000,2.5444e-03
2156.893,1.2785004845e-03,1.672601e-02,1.5062867973e+00,1.0000,2.6666e-03
2157.420,1.2786326104e-03,1.676421e-02,1.5062867973e+00,1.0000,2.7620e-03
2157.947,1.2787719865e-03,1.680184e-02,1.5062867973e+00,1.0000,1.6539e-02
2158.475,1.2789181617e-03,1.683908e-02,1.5062867973e+00,1.0000,1.6633e-02
2159.002,1.2790701840e-03,1.687559e-02,1.5062867973e+00,1.0000,1.4566e-02
2159.529,1.2792270511e-03,1.691129e-02,1.5062867973e+00,1.0000,1.2516e-02
2160.056,1.2793882243e-03,1.694605e-02,1.5062867973e+00,1.0000,1.0491e-02
2160.583,1.2795538449e-03,1.697973e-02,1.5062867973e+00,1.0000,8.4875e-03
2161.110,1.2797244633e-03,1.701210e-02,1.5062867973e+00,1.0000,6.4303e-03
2161.637,1.2799004261e-03,1.704290e-02,1.5062867973e+00,1.0000,4.3733e-03
2162.164,1.2800813016e-03,1.707190e-02,1.5062867973e+00,1.0000,2.7066e-03
2162.691,1.2802656487e-03,1.709903e-02,1.5062867973e+00,1.0000,2.3106e-03
2163.218,1.2804511391e-03,1.712433e-02,1.5062867973e+00,1.0000,1.9044e-03
2163.746,1.2806347998e-03,1.714774e-02,1.5062867973e+00,1.0000,3.1867e-03
2164.273,1.2808131557e-03,1.716924e-02,1.5062867973e+00,1.0000,4.9933e-03
2164.800,1.2809822628e-03,1.718879e-02,1.5062867973e+00,1.0000,6.8320e-03
2165.327,1.2811378059e-03,1.720632e-02,1.5062867973e+00,1.0000,8.7223e-03
2165.854,1.2812754183e-03,1.722169e-02,1.5062867973e+00,1.0000,1.0670e-02
2166.381,1.2813912088e-03,1.723476e-02,1.5062867973e+00,1.0000,1.2691e-02
2166.908,1.2814823287e-03,1.724537e-02,1.5062867973e+00,1.0000,1.4792e-02
2167.435,1.2815473951e-03,1.725320e-02,1.5062867973e+00,1.0000,1.6984e-02
2167.962,1.2815866789e-03,1.725789e-02,1.5062867973e+00,1.0000,1.9321e-02
2168.489,1.2816020603e-03,1.725910e-02,1.5062867973e+00,1.0000,2.1871e-02
2169.017,1.2815967381e-03,1.725647e-02,1.5062867973e+00,1.0000,2.4737e-02
2169.544,1.2815751528e-03,1.724962e-02,1.5062867973e+00,1.0000,2.8081e-02
2170.071,1.2815419581e-03,1.723815e-02,1.5062867973e+00,1.0000,3.2186e-02
2170.598,1.2815021011e-03,1.722162e-02,1.5062867973e+00,1.0000,3.6778e-02
2171.125,1.2814601307e-03,1.719962e-02,1.5062867973e+00,1.0000,4.1334e-02
2171.652,1.2814203977e-03,1.717183e-02,1.5062867973e+00,1.0000,4.5854e-02
2172.179,1.2813857896e-03,1.713800e-02,1.5062867973e+00,1.0000,5.0332e-02
2172.706,1.2813592975e-03,1.709795e-02,1.5062867973e+00,1.0000,5.4760e-02
2173.233,1.2813419447e-03,1.705157e-02,1.5062867973e+00,1.0000,5.9126e-02
2173.760,1.2813339764e-03,1.699888e-02,1.5062867973e+00,1.0000,6.3419e-02
2174.288,1.2813355100e-03,1.693999e-02,1.5062867973e+00,1.0000,6.7628e-02
2174.815,1.2813438377e-03,1.687513e-02,1.5062867973e+00,1.0000,7.1738e-02
2175.342,1.2813558090e-03,1.680473e-02,1.5062867973e+00,1.0000,7.5738e-02
2175.869,1.2813691505e-03,1.672929e-02,1.5062867973e+00,1.0000,7.9611e-02
2176.396,1.2813782636e-03,1.664936e-02,1.5062867973e+00,1.0000,8.3343e-02
2176.923,1.2813778900e-03,1.656557e-02,1.5062867973e+00,1.0000,8.6920e-02
2177.450,1.2813660925e-03,1.647862e-02,1.5062867973e+00,1.0000,9.0330e-02
2177.977,1.2813361696e-03,1.638925e-02,1.5062867973e+00,1.0000,9.3563e-02
2178.504,1.2812860049e-03,1.629826e-02,1.5062867973e+00,1.0000,9.6610e-02
2179.031,1.2812146202e-03,1.620648e-02,1.5062867973e+00,1.0000,9.9466e-02
2179.559,1.2811214385e-03,1.611475e-02,1.5062867973e+00,1.0000,1.0213e-01
2180.086,1.2810077562e-03,1.602393e-02,1.5062867973e+00,1.0000,1.0460e-01
2180.613,1.2808760172e-03,1.593487e-02,1.5062867973e+00,1.0000,1.0688e-01
2181.140,1.2807297833e-03,1.584840e-02,1.5062867973e+00,1.0000,1.0897e-01
2181.667,1.2805731736e-03,1.576533e-02,1.5062867973e+00,1.0000,1.1089e-01
2182.194,1.2804105081e-03,1.568641e-02,1.5062867973e+00,1.0000,1.1264e-01
2182.721,1.2802459012e-03,1.561235e-02,1.5062867973e+00,1.0000,1.1425e-01
2183.248,1.2800829633e-03,1.554380e-02,1.5062867973e+00,1.0000,1.1570e-01
2183.775,1.2799246269e-03,1.548131e-02,1.5062867973e+00,1.0000,1.1703e-01
2184.302,1.2797730899e-03,1.542540e-02,1.5062867973e+00,1.0000,1.1824e-01
2184.830,1.2796298348e-03,1.537645e-02,1.5062867973e+00,1.0000,1.1933e-01
2185.357,1.2794956865e-03,1.533478e-02,1.5062867973e+00,1.0000,1.2031e-01
2185.884,1.2793708934e-03,1.530063e-02,1.5062867973e+00,1.0000,1.2118e-01
2186.411,1.2792552296e-03,1.527412e-02,1.5062867973e+00,1.0000,1.2193e-01
2186.938,1.2791481220e-03,1.525532e-02,1.5062867973e+00,1.0000,1.2255e-01
2187.465,1.2790488004e-03,1.524442e-02,1.5062867973e+00,1.0000,4.4559e-03
2187.992,1.2789564608e-03,1.524144e-02,1.5062867973e+00,1.0000,3.6685e-03
2188.519,1.2788704151e-03,1.524585e-02,1.5062867973e+00,1.0000,2.9270e-03
2189.046,1.2787902029e-03,1.525745e-02,1.5062867973e+00,1.0000,2.2130e-03
2189.573,1.2787156453e-03,1.527586e-02,1.5062867973e+00,1.0000,1.5112e-03
2190.101,1.2786468391e-03,1.530057e-02,1.5062867973e+00,1.0000,9.1161e-04
2190.628,1.2785841024e-03,1.533101e-02,1.5062867973e+00,1.0000,1.4224e-03
2191.155,1.2785278955e-03,1.536646e-02,1.5062867973e+00,1.0000,1.9666e-03
2191.682,1.2784787395e-03,1.540672e-02,1.5062867973e+00,1.0000,2.4958e-03
2192.209,1.2784371455e-03,1.545115e-02,1.5062867973e+00,1.0000,3.0081e-03
2192.736,1.2784035579e-03,1.549930e-02,1.5062867973e+00,1.0000,3.4962e-03
2193.263,1.2783783109e-03,1.555073e-02,1.5062867973e+00,1.0000,3.9471e-03
2193.790,1.2783615977e-03,1.560515e-02,1.5062867973e+00,1.0000,4.3537e-03
2194.317,1.2783532868e-03,1.566241e-02,1.5062867973e+00,1.0000,4.7103e-03
2194.844,1.2783539198e-03,1.572238e-02,1.5062867973e+00,1.0000,5.0174e-03
2195.372,1.2783621420e-03,1.578501e-02,1.5062867973e+00,1.0000,5.4569e-03
2195.899,1.2783780650e-03,1.585052e-02,1.5062867973e+00,1.0000,6.1114e-03
2196.426,1.2784011567e-03,1.591866e-02,1.5062867973e+00,1.0000,6.7091e-03
2196.953,1.2784303044e-03,1.598926e-02,1.5062867973e+00,1.0000,7.2397e-03
2197.480,1.2784647277e-03,1.606220e-02,1.5062867973e+00,1.0000,7.6994e-03
2198.007,1.2785032157e-03,1.613735e-02,1.5062867973e+00,1.0000,8.0862e-03
2198.534,1.2785444051e-03,1.621456e-02,1.5062867973e+00,1.0000,8.3994e-03
2199.061,1.2785867332e-03,1.629392e-02,1.5062867973e+00,1.0000,2.6637e-02
2199.588,1.2786284007e-03,1.637559e-02,1.5062867973e+00,1.0000,2.5278e-02
2200.115,1.2786673177e-03,1.645903e-02,1.5062867973e+00,1.0000,2.3508e-02
2200.643,1.2787017823e-03,1.654397e-02,1.5062867973e+00,1.0000,2.1703e-02
2201.170,1.2787304484e-03,1.663001e-02,1.5062867973e+00,1.0000,1.9770e-02
2201.697,1.2787519296e-03,1.671658e-02,1.5062867973e+00,1.0000,1.7684e-02
2202.224,1.2787655843e-03,1.680322e-02,1.5062867973e+00,1.0000,1.5614e-02
2202.751,1.2787721144e-03,1.688950e-02,1.5062867973e+00,1.0000,1.3639e-02
2203.278,1.2787734225e-03,1.697500e-02,1.5062867973e+00,1.0000,1.1747e-02
2203.805,1.2787699661e-03,1.705939e-02,1.5062867973e+00,1.0000,9.8754e-03
2204.332,1.2787651583e-03,1.714235e-02,1.5062867973e+00,1.0000,8.0135e-03
2204.859,1.2787631042e-03,1.722365e-02,1.5062867973e+00,1.0000,6.1491e-03
2205.386,1.2787639740e-03,1.730304e-02,1.5062867973e+00,1.0000,5.1906e-03
2205.914,1.2787698208e-03,1.738052e-02,1.5062867973e+00,1.0000,4.4144e-03
2206.441,1.2787828841e-03,1.745600e-02,1.5062867973e+00,1.0000,3.6802e-03
2206.968,1.2788017605e-03,1.752926e-02,1.5062867973e+00,1.0000,3.1660e-03
2207.495,1.2788250480e-03,1.760027e-02,1.5062867973e+00,1.0000,2.7668e-03
2208.022,1.2788500096e-03,1.766876e-02,1.5062867973e+00,1.0000,3.6629e-03
2208.549,1.2788735475e-03,1.773438e-02,1.5062867973e+00,1.0000,4.9677e-03
2209.076,1.2788925402e-03,1.779701e-02,1.5062867973e+00,1.0000,6.1834e-03
2209.603,1.2789036852e-03,1.785584e-02,1.5062867973e+00,1.0000,7.2976e-03
2210.130,1.2789049650e-03,1.791054e-02,1.5062867973e+00,1.0000,8.3021e-03
2210.657,1.2788949256e-03,1.796090e-02,1.5062867973e+00,1.0000,9.1949e-03
2211.185,1.2788756036e-03,1.800693e-02,1.5062867973e+00,1.0000,9.9765e-03
2211.712,1.2788480261e-03,1.804838e-02,1.5062867973e+00,1.0000,1.0649e-02
2212.239,1.2788156098e-03,1.808491e-02,1.5062867973e+00,1.0000,1.1213e-02
2212.766,1.2787820601e-03,1.811614e-02,1.5062867973e+00,1.0000,1.1669e-02
2213.293,1.2787520744e-03,1.814160e-02,1.5062867973e+00,1.0000,1.2021e-02
2213.820,1.2787299226e-03,1.816099e-02,1.5062867973e+00,1.0000,1.2270e-02
2214.347,1.2787184425e-03,1.817399e-02,1.5062867973e+00,1.0000,1.2424e-02
2214.874,1.2787191028e-03,1.818034e-02,1.5062867973e+00,1.0000,1.2485e-02
2215.401,1.2787325923e-03,1.817999e-02,1.5062867973e+00,1.0000,1.2456e-02
2215.928,1.2787584830e-03,1.817240e-02,1.5062867973e+00,1.0000,1.2368e-02
2216.456,1.2787939160e-03,1.815734e-02,1.5062867973e+00,1.0000,1.2269e-02
2216.983,1.2788351459e-03,1.813475e-02,1.5062867973e+00,1.0000,1.2254e-02
2217.510,1.2788772106e-03,1.810473e-02,1.5062867973e+00,1.0000,1.2316e-02
2218.037,1.2789149435e-03,1.806745e-02,1.5062867973e+00,1.0000,1.2440e-02
2218.564,1.2789427579e-03,1.802322e-02,1.5062867973e+00,1.0000,1.2614e-02
2219.091,1.2789558919e-03,1.797242e-02,1.5062867973e+00,1.0000,1.2829e-02
2219.618,1.2789504858e-03,1.791548e-02,1.5062867973e+00,1.0000,1.3079e-02
2220.145,1.2789258465e-03,1.785295e-02,1.5062867973e+00,1.0000,1.3356e-02
2220.672,1.2788812532e-03,1.778541e-02,1.5062867973e+00,1.0000,1.3653e-02
2221.199,1.2788141218e-03,1.771348e-02,1.5062867973e+00,1.0000,1.3972e-02
2221.727,1.2787244539e-03,1.763777e-02,1.5062867973e+00,1.0000,1.4322e-02
2222.254,1.2786139977e-03,1.755891e-02,1.5062867973e+00,1.0000,1.4714e-02
2222.781,1.2784854878e-03,1.747755e-02,1.5062867973e+00,1.0000,1.5162e-02
2223.308,1.2783423409e-03,1.739432e-02,1.5062867973e+00,1.0000,1.5678e-02
2223.835,1.2781883386e-03,1.730987e-02,1.5062867973e+00,1.0000,1.6279e-02
2224.362,1.2780271245e-03,1.722483e-02,1.5062867973e+00,1.0000,1.6977e-02
2224.889,1.2778619475e-03,1.713980e-02,1.5062867973e+00,1.0000,1.7788e-02
2225.416,1.2776957179e-03,1.705541e-02,1.5062867973e+00,1.0000,1.8726e-02
2225.943,1.2775311537e-03,1.697220e-02,1.5062867973e+00,1.0000,1.9805e-02
2226.470,1.2773708322e-03,1.689078e-02,1.5062867973e+00,1.0000,2.1037e-02
2226.998,1.2772171259e-03,1.681169e-02,1.5062867973e+00,1.0000,2.2431e-02
2227.525,1.2770720955e-03,1.673540e-02,1.5062867973e+00,1.0000,2.4005e-02
2228.052,1.2769374106e-03,1.666228e-02,1.5062867973e+00,1.0000,2.5803e-02
2228.579,1.2768143228e-03,1.659268e-02,1.5062867973e+00,1.0000,2.7950e-02
2229.106,1.2767036840e-03,1.652682e-02,1.5062867973e+00,1.0000,3.0544e-02
2229.633,1.2766060039e-03,1.646492e-02,1.5062867973e+00,1.0000,3.3729e-02
2230.160,1.2765215401e-03,1.640708e-02,1.5062867973e+00,1.0000,3.7398e-02
2230.687,1.2764504294e-03,1.635334e-02,1.5062867973e+00,1.0000,4.1086e-02
2231.214,1.2763929008e-03,1.630373e-02,1.5062867973e+00,1.0000,4.4765e-02
2231.741,1.2763494995e-03,1.625825e-02,1.5062867973e+00,1.0000,4.8412e-02
2232.269,1.2763211377e-03,1.621685e-02,1.5062867973e+00,1.0000,5.2008e-02
2232.796,1.2763088691e-03,1.617948e-02,1.5062867973e+00,1.0000,5.5531e-02
2233.323,1.2763143449e-03,1.614604e-02,1.5062867973e+00,1.0000,5.8964e-02
2233.850,1.2763385177e-03,1.611645e-02,1.5062867973e+00,1.0000,6.2293e-02
2234.377,1.2763832311e-03,1.609059e-02,1.5062867973e+00,1.0000,6.5507e-02
2234.904,1.2764497790e-03,1.606831e-02,1.5062867973e+00,1.0000,6.8619e-02
2235.431,1.2765388515e-03,1.604952e-02,1.5062867973e+00,1.0000,7.1636e-02
2235.958,1.2766492123e-03,1.603416e-02,1.5062867973e+00,1.0000,7.4557e-02
2236.485,1.2767772660e-03,1.602214e-02,1.5062867973e+00,1.0000,7.7385e-02
2237.012,1.2769177929e-03,1.601341e-02,1.5062867973e+00,1.0000,8.0119e-02
2237.540,1.2770655107e-03,1.600790e-02,1.5062867973e+00,1.0000,8.2760e-02
2238.067,1.2772160289e-03,1.600557e-02,1.5062867973e+00,1.0000,8.5306e-02
2238.594,1.2773656842e-03,1.600638e-02,1.5062867973e+00,1.0000,8.7753e-02
2239.121,1.2775110864e-03,1.601028e-02,1.5062867973e+00,1.0000,9.0093e-02
2239.648,1.2776492259e-03,1.601725e-02,1.5062867973e+00,1.0000,9.2319e-02
2240.175,1.2777780737e-03,1.602727e-02,1.5062867973e+00,1.0000,9.4418e-02
2240.702,1.2778971927e-03,1.604025e-02,1.5062867973e+00,1.0000,9.6378e-02
2241.229,1.2780080784e-03,1.605613e-02,1.5062867973e+00,1.0000,9.8184e-02
2241.756,1.2781140099e-03,1.607497e-02,1.5062867973e+00,1.0000,9.9822e-02
2242.283,1.2782193345e-03,1.609670e-02,1.5062867973e+00,1.0000,1.0128e-01
2242.811,1.2783286739e-03,1.612122e-02,1.5062867973e+00,1.0000,1.0253e-01
2243.338,1.2784467141e-03,1.614842e-02,1.5062867973e+00,1.0000,1.0357e-01
2243.865,1.2785784774e-03,1.617816e-02,1.5062867973e+00,1.0000,1.0439e-01
2244.392,1.2787292554e-03,1.621021e-02,1.5062867973e+00,1.0000,1.0497e-01
2244.919,1.2789037783e-03,1.624435e-02,1.5062867973e+00,1.0000,1.0532e-01
2245.446,1.2791051155e-03,1.628040e-02,1.5062867973e+00,1.0000,1.0544e-01
2245.973,1.2793340172e-03,1.631816e-02,1.5062867973e+00,1.0000,1.0534e-01
2246.500,1.2795888234e-03,1.635733e-02,1.5062867973e+00,1.0000,1.0502e-01
2247.027,1.2798655736e-03,1.639763e-02,1.5062867973e+00,1.0000,1.0453e-01
2247.554,1.2801580767e-03,1.643880e-02,1.5062867973e+00,1.0000,1.0387e-01
2248.082,1.2804580853e-03,1.648056e-02,1.5062867973e+00,1.0000,1.0307e-01
2248.609,1.2807558421e-03,1.652277e-02,1.5062867973e+00,1.0000,1.0221e-01
2249.136,1.2810410492e-03,1.656508e-02,1.5062867973e+00,1.0000,1.0133e-01
2249.663,1.2813040560e-03,1.660720e-02,1.5062867973e+00,1.0000,2.2312e-03
2250.190,1.2815369644e-03,1.664885e-02,1.5062867973e+00,1.0000,2.4784e-03
2250.717,1.2817344261e-03,1.668978e-02,1.5062867973e+00,1.0000,2.6811e-03
2251.244,1.2818940257e-03,1.672975e-02,1.5062867973e+00,1.0000,2.8411e-03
2251.771,1.2820162463e-03,1.676859e-02,1.5062867973e+00,1.0000,2.9606e-03
2252.298,1.2821040903e-03,1.680613e-02,1.5062867973e+00,1.0000,3.0414e-03
2252.825,1.2821624758e-03,1.684227e-02,1.5062867973e+00,1.0000,3.0856e-03
2253.353,1.2821975549e-03,1.687691e-02,1.5062867973e+00,1.0000,3.0951e-03
2253.880,1.2822160822e-03,1.691000e-02,1.5062867973e+00,1.0000,3.0722e-03
2254.407,1.2822249201e-03,1.694148e-02,1.5062867973e+00,1.0000,3.0190e-03
2254.934,1.2822306994e-03,1.697143e-02,1.5062867973e+00,1.0000,1.5983e-02
2255.461,1.2822396041e-03,1.700003e-02,1.5062867973e+00,1.0000,1.6745e-02
2255.988,1.2822572109e-03,1.702702e-02,1.5062867973e+00,1.0000,1.4509e-02
2256.515,1.2822883097e-03,1.705235e-02,1.5062867973e+00,1.0000,1.2208e-02
2257.042,1.2823366582e-03,1.707586e-02,1.5062867973e+00,1.0000,9.8046e-03
2257.569,1.2824046665e-03,1.709743e-02,1.5062867973e+00,1.0000,7.2932e-03
2258.096,1.2824930499e-03,1.711682e-02,1.5062867973e+00,1.0000,4.7125e-03
2258.624,1.2826005002e-03,1.713385e-02,1.5062867973e+00,1.0000,2.3766e-03
2259.151,1.2827234219e-03,1.714832e-02,1.5062867973e+00,1.0000,1.8484e-03
2259.678,1.2828558112e-03,1.716029e-02,1.5062867973e+00,1.0000,1.7508e-03
2260.205,1.2829893810e-03,1.716967e-02,1.5062867973e+00,1.0000,4.0667e-03
2260.732,1.2831139950e-03,1.717648e-02,1.5062867973e+00,1.0000,6.7407e-03
2261.259,1.2832192889e-03,1.718064e-02,1.5062867973e+00,1.0000,9.8269e-03
2261.786,1.2832946571e-03,1.718212e-02,1.5062867973e+00,1.0000,1.3390e-02
2262.313,1.2833283317e-03,1.718082e-02,1.5062867973e+00,1.0000,1.7457e-02
2262.840,1.2833107100e-03,1.717671e-02,1.5062867973e+00,1.0000,2.2265e-02
2263.367,1.2832380868e-03,1.716975e-02,1.5062867973e+00,1.0000,2.7694e-02
2263.895,1.2831112857e-03,1.715993e-02,1.5062867973e+00,1.0000,3.2931e-02
2264.422,1.2829231888e-03,1.714722e-02,1.5062867973e+00,1.0000,3.7960e-02
2264.949,1.2826738905e-03,1.713156e-02,1.5062867973e+00,1.0000,4.2782e-02
2265.476,1.2823730185e-03,1.711293e-02,1.5062867973e+00,1.0000,4.7402e-02
2266.003,1.2820318686e-03,1.709129e-02,1.5062867973e+00,1.0000,5.1818e-02
2266.530,1.2816609641e-03,1.706665e-02,1.5062867973e+00,1.0000,5.6031e-02
2267.057,1.2812710888e-03,1.703903e-02,1.5062867973e+00,1.0000,6.0038e-02
2267.584,1.2808729191e-03,1.700850e-02,1.5062867973e+00,1.0000,6.3838e-02
2268.111,1.2804754310e-03,1.697516e-02,1.5062867973e+00,1.0000,6.7429e-02
2268.638,1.2800855367e-03,1.693917e-02,1.5062867973e+00,1.0000,7.0807e-02
2269.166,1.2797089375e-03,1.690072e-02,1.5062867973e+00,1.0000,7.3972e-02
2269.693,1.2793507724e-03,1.686010e-02,1.5062867973e+00,1.0000,7.6923e-02
2270.220,1.2790154562e-03,1.681759e-02,1.5062867973e+00,1.0000,7.9658e-02
2270.747,1.2787062039e-03,1.677355e-02,1.5062867973e+00,1.0000,8.2178e-02
2271.274,1.2784248320e-03,1.672835e-02,1.5062867973e+00,1.0000,8.4486e-02
2271.801,1.2781719425e-03,1.668238e-02,1.5062867973e+00,1.0000,8.6586e-02
2272.328,1.2779472891e-03,1.663607e-02,1.5062867973e+00,1.0000,8.8485e-02
2272.855,1.2777501305e-03,1.658988e-02,1.5062867973e+00,1.0000,9.0190e-02
2273.382,1.2775794652e-03,1.654428e-02,1.5062867973e+00,1.0000,9.1714e-02
2273.909,1.2774341144e-03,1.649967e-02,1.5062867973e+00,1.0000,9.3068e-02
2274.437,1.2773126956e-03,1.645648e-02,1.5062867973e+00,1.0000,9.4268e-02
2274.964,1.2772135850e-03,1.641523e-02,1.5062867973e+00,1.0000,9.5331e-02
2275.491,1.2771349089e-03,1.637640e-02,1.5062867973e+00,1.0000,9.6273e-02
2276.018,1.2770745107e-03,1.634048e-02,1.5062867973e+00,1.0000,9.7111e-02
2276.545,1.2770298612e-03,1.630789e-02,1.5062867973e+00,1.0000,9.7861e-02
2277.072,1.2769980215e-03,1.627904e-02,1.5062867973e+00,1.0000,9.8537e-02
2277.599,1.2769758110e-03,1.625429e-02,1.5062867973e+00,1.0000,9.9153e-02
2278.126,1.2769601650e-03,1.623394e-02,1.5062867973e+00,1.0000,9.9718e-02
2278.653,1.2769484552e-03,1.621822e-02,1.5062867973e+00,1.0000,1.0024e-01
2279.180,1.2769385597e-03,1.620733e-02,1.5062867973e+00,1.0000,1.0073e-01
2279.708,1.2769287011e-03,1.620146e-02,1.5062867973e+00,1.0000,1.0120e-01
2280.235,1.2769172799e-03,1.620075e-02,1.5062867973e+00,1.0000,1.0164e-01
2280.762,1.2769028962e-03,1.620525e-02,1.5062867973e+00,1.0000,1.0205e-01
2281.289,1.2768845467e-03,1.621498e-02,1.5062867973e+00,1.0000,1.0244e-01
2281.816,1.2768618257e-03,1.622997e-02,1.5062867973e+00,1.0000,7.3173e-04
2282.343,1.2768349756e-03,1.625033e-02,1.5062867973e+00,1.0000,8.8683e-04
2282.870,1.2768047675e-03,1.627569e-02,1.5062867973e+00,1.0000,1.0425e-03
2283.397,1.2767723012e-03,1.630580e-02,1.5062867973e+00,1.0000,1.1998e-03
2283.924,1.2767388378e-03,1.634053e-02,1.5062867973e+00,1.0000,1.3571e-03
2284.451,1.2767057251e-03,1.637986e-02,1.5062867973e+00,1.0000,1.5115e-03
2284.979,1.2766744031e-03,1.642357e-02,1.5062867973e+00,1.0000,1.6630e-03
2285.506,1.2766464318e-03,1.647140e-02,1.5062867973e+00,1.0000,1.8115e-03
2286.033,1.2766234854e-03,1.652281e-02,1.5062867973e+00,1.0000,2.0283e-03
2286.560,1.2766071304e-03,1.657740e-02,1.5062867973e+00,1.0000,2.2366e-03
2287.087,1.2765986257e-03,1.663498e-02,1.5062867973e+00,1.0000,2.4319e-03
2287.614,1.2766005859e-03,1.669527e-02,1.5062867973e+00,1.0000,2.6127e-03
2288.141,1.2766134353e-03,1.675806e-02,1.5062867973e+00,1.0000,2.8915e-03
2288.668,1.2766379458e-03,1.682318e-02,1.5062867973e+00,1.0000,3.2630e-03
2289.195,1.2766737547e-03,1.689032e-02,1.5062867973e+00,1.0000,3.6213e-03
2289.722,1.2767223446e-03,1.695928e-02,1.5062867973e+00,1.0000,1.9076e-02
2290.250,1.2767840027e-03,1.702990e-02,1.5062867973e+00,1.0000,1.7388e-02
2290.777,1.2768574619e-03,1.710173e-02,1.5062867973e+00,1.0000,1.5638e-02
2291.304,1.2769412313e-03,1.717446e-02,1.5062867973e+00,1.0000,1.3968e-02
2291.831,1.2770342385e-03,1.724770e-02,1.5062867973e+00,1.0000,1.2379e-02
2292.358,1.2771355514e-03,1.732107e-02,1.5062867973e+00,1.0000,1.0861e-02
2292.885,1.2772440127e-03,1.739402e-02,1.5062867973e+00,1.0000,9.3004e-03
2293.412,1.2773582278e-03,1.746605e-02,1.5062867973e+00,1.0000,7.7788e-03
2293.939,1.2774766623e-03,1.753676e-02,1.5062867973e+00,1.0000,6.3636e-03
2294.466,1.2775976603e-03,1.760573e-02,1.5062867973e+00,1.0000,5.1765e-03
2294.993,1.2777193892e-03,1.767268e-02,1.5062867973e+00,1.0000,4.8290e-03
2295.521,1.2778397901e-03,1.773748e-02,1.5062867973e+00,1.0000,4.4597e-03
2296.048,1.2779565839e-03,1.779998e-02,1.5062867973e+00,1.0000,4.0762e-03
2296.575,1.2780673544e-03,1.786008e-02,1.5062867973e+00,1.0000,3.6899e-03
2297.102,1.2781697161e-03,1.791769e-02,1.5062867973e+00,1.0000,3.3073e-03
2297.629,1.2782615548e-03,1.797278e-02,1.5062867973e+00,1.0000,2.9340e-03
2298.156,1.2783413108e-03,1.802523e-02,1.5062867973e+00,1.0000,2.5791e-03
2298.683,1.2784082571e-03,1.807509e-02,1.5062867973e+00,1.0000,2.6209e-03
2299.210,1.2784627136e-03,1.812232e-02,1.5062867973e+00,1.0000,3.3474e-03
2299.737,1.2785061399e-03,1.816681e-02,1.5062867973e+00,1.0000,4.0124e-03
2300.264,1.2785410628e-03,1.820845e-02,1.5062867973e+00,1.0000,4.6128e-03
2300.792,1.2785708260e-03,1.824704e-02,1.5062867973e+00,1.0000,5.1573e-03
2301.319,1.2785991935e-03,1.828231e-02,1.5062867973e+00,1.0000,5.6518e-03
2301.846,1.2786298699e-03,1.831395e-02,1.5062867973e+00,1.0000,6.0991e-03
2302.373,1.2786660245e-03,1.834161e-02,1.5062867973e+00,1.0000,6.5071e-03
2302.900,1.2787098988e-03,1.836491e-02,1.5062867973e+00,1.0000,6.8862e-03
2303.427,1.2787625532e-03,1.838324e-02,1.5062867973e+00,1.0000,7.2426e-03
2303.954,1.2788237791e-03,1.839639e-02,1.5062867973e+00,1.0000,7.5842e-03
2304.481,1.2788921735e-03,1.840394e-02,1.5062867973e+00,1.0000,7.9203e-03
2305.008,1.2789653582e-03,1.840549e-02,1.5062867973e+00,1.0000,8.2595e-03
2305.535,1.2790403135e-03,1.840063e-02,1.5062867973e+00,1.0000,8.6093e-03
2306.063,1.2791137834e-03,1.838897e-02,1.5062867973e+00,1.0000,8.9762e-03
2306.590,1.2791827002e-03,1.837019e-02,1.5062867973e+00,1.0000,9.3660e-03
2307.117,1.2792445677e-03,1.834397e-02,1.5062867973e+00,1.0000,9.7833e-03
2307.644,1.2792977505e-03,1.831006e-02,1.5062867973e+00,1.0000,1.0232e-02
2308.171,1.2793416288e-03,1.826829e-02,1.5062867973e+00,1.0000,1.0715e-02
2308.698,1.2793766055e-03,1.821857e-02,1.5062867973e+00,1.0000,1.1236e-02
2309.225,1.2794039723e-03,1.816094e-02,1.5062867973e+00,1.0000,1.1797e-02
2309.752,1.2794256665e-03,1.809551e-02,1.5062867973e+00,1.0000,1.2401e-02
2310.279,1.2794439581e-03,1.802254e-02,1.5062867973e+00,1.0000,1.3051e-02
2310.806,1.2794611201e-03,1.794237e-02,1.5062867973e+00,1.0000,1.3778e-02
2311.334,1.2794791277e-03,1.785549e-02,1.5062867973e+00,1.0000,1.4699e-02
2311.861,1.2794994255e-03,1.776247e-02,1.5062867973e+00,1.0000,1.5827e-02
2312.388,1.2795227904e-03,1.766399e-02,1.5062867973e+00,1.0000,1.7159e-02
2312.915,1.2795492949e-03,1.756081e-02,1.5062867973e+00,1.0000,1.8701e-02
2313.442,1.2795783634e-03,1.745374e-02,1.5062867973e+00,1.0000,2.0462e-02
2313.969,1.2796088955e-03,1.734367e-02,1.5062867973e+00,1.0000,2.2463e-02
2314.496,1.2796394279e-03,1.723150e-02,1.5062867973e+00,1.0000,2.4741e-02
2315.023,1.2796683036e-03,1.711815e-02,1.5062867973e+00,1.0000,2.7359e-02
2315.550,1.2796938249e-03,1.700457e-02,1.5062867973e+00,1.0000,3.0397e-02
2316.077,1.2797143769e-03,1.689163e-02,1.5062867973e+00,1.0000,3.3678e-02
2316.605,1.2797284945e-03,1.678021e-02,1.5062867973e+00,1.0000,3.7117e-02
2317.132,1.2797351092e-03,1.667119e-02,1.5062867973e+00,1.0000,4.0678e-02
2317.659,1.2797327357e-03,1.656540e-02,1.5062867973e+00,1.0000,4.4328e-02
2318.186,1.2797218601e-03,1.646359e-02,1.5062867973e+00,1.0000,4.8037e-02
2318.713,1.2797004540e-03,1.636644e-02,1.5062867973e+00,1.0000,5.1776e-02
2319.240,1.2796700167e-03,1.627457e-02,1.5062867973e+00,1.0000,5.5520e-02
2319.767,1.2796307495e-03,1.618856e-02,1.5062867973e+00,1.0000,5.9248e-02
2320.294,1.2795825058e-03,1.610891e-02,1.5062867973e+00,1.0000,6.2939e-02
2320.821,1.2795263473e-03,1.603578e-02,1.5062867973e+00,1.0000,6.6617e-02
2321.348,1.2794639295e-03,1.596937e-02,1.5062867973e+00,1.0000,7.0311e-02
2321.876,1.2793970726e-03,1.590984e-02,1.5062867973e+00,1.0000,7.4031e-02
2322.403,1.2793275341e-03,1.585731e-02,1.5062867973e+00,1.0000,7.7781e-02
2322.930,1.2792571812e-03,1.581191e-02,1.5062867973e+00,1.0000,8.1562e-02
2323.457,1.2791879191e-03,1.577362e-02,1.5062867973e+00,1.0000,8.5368e-02
2323.984,1.2791215385e-03,1.574239e-02,1.5062867973e+00,1.0000,8.9185e-02
2324.511,1.2790597150e-03,1.571811e-02,1.5062867973e+00,1.0000,9.2992e-02
2325.038,1.2790040484e-03,1.570063e-02,1.5062867973e+00,1.0000,9.6756e-02
2325.565,1.2789559435e-03,1.568974e-02,1.5062867973e+00,1.0000,1.0044e-01
2326.092,1.2789165586e-03,1.568523e-02,1.5062867973e+00,1.0000,1.0398e-01
2326.619,1.2788869491e-03,1.568663e-02,1.5062867973e+00,1.0000,1.0733e-01
2327.147,1.2788679733e-03,1.569362e-02,1.5062867973e+00,1.0000,1.1042e-01
2327.674,1.2788598960e-03,1.570613e-02,1.5062867973e+00,1.0000,1.1316e-01
2328.201,1.2788640955e-03,1.572419e-02,1.5062867973e+00,1.0000,1.1548e-01
2328.728,1.2788800578e-03,1.574751e-02,1.5062867973e+00,1.0000,1.1730e-01
2329.255,1.2789095234e-03,1.577576e-02,1.5062867973e+00,1.0000,1.1854e-01
2329.782,1.2789523291e-03,1.580861e-02,1.5062867973e+00,1.0000,1.1913e-01
2330.309,1.2790078229e-03,1.584560e-02,1.5062867973e+00,1.0000,1.1903e-01
2330.836,1.2790740851e-03,1.588602e-02,1.5062867973e+00,1.0000,1.1824e-01
2331.363,1.2791488029e-03,1.592962e-02,1.5062867973e+00,1.0000,1.1678e-01
2331.890,1.2792299344e-03,1.597600e-02,1.5062867973e+00,1.0000,1.1471e-01
2332.418,1.2793155000e-03,1.602487e-02,1.5062867973e+00,1.0000,1.1213e-01
2332.945,1.2794032252e-03,1.607605e-02,1.5062867973e+00,1.0000,1.0916e-01
2333.472,1.2794908426e-03,1.612946e-02,1.5062867973e+00,1.0000,1.0612e-01
2333.999,1.2795767688e-03,1.618468e-02,1.5062867973e+00,1.0000,1.0310e-01
2334.526,1.2796604627e-03,1.624135e-02,1.5062867973e+00,1.0000,6.1216e-03
2335.053,1.2797423498e-03,1.629914e-02,1.5062867973e+00,1.0000,6.7617e-03
2335.580,1.2798235660e-03,1.635777e-02,1.5062867973e+00,1.0000,7.2672e-03
2336.107,1.2799056693e-03,1.641698e-02,1.5062867973e+00,1.0000,7.6491e-03
2336.634,1.2799902902e-03,1.647658e-02,1.5062867973e+00,1.0000,7.9192e-03
2337.161,1.2800786949e-03,1.653643e-02,1.5062867973e+00,1.0000,8.0887e-03
2337.689,1.2801713241e-03,1.659653e-02,1.5062867973e+00,1.0000,2.5181e-02
2338.216,1.2802674017e-03,1.665751e-02,1.5062867973e+00,1.0000,2.5683e-02
2338.743,1.2803647120e-03,1.671877e-02,1.5062867973e+00,1.0000,2.3773e-02
2339.270,1.2804596800e-03,1.678021e-02,1.5062867973e+00,1.0000,2.1743e-02
2339.797,1.2805477797e-03,1.684150e-02,1.5062867973e+00,1.0000,1.9470e-02
2340.324,1.2806240717e-03,1.690232e-02,1.5062867973e+00,1.0000,1.7036e-02
2340.851,1.2806837477e-03,1.696240e-02,1.5062867973e+00,1.0000,1.4582e-02
2341.378,1.2807228750e-03,1.702146e-02,1.5062867973e+00,1.0000,1.2155e-02
2341.905,1.2807393807e-03,1.707928e-02,1.5062867973e+00,1.0000,9.7930e-03
2342.432,1.2807337017e-03,1.713569e-02,1.5062867973e+00,1.0000,7.5348e-03
2342.960,1.2807089967e-03,1.719055e-02,1.5062867973e+00,1.0000,5.6903e-03
2343.487,1.2806699757e-03,1.724388e-02,1.5062867973e+00,1.0000,4.9013e-03
2344.014,1.2806232302e-03,1.729583e-02,1.5062867973e+00,1.0000,4.1641e-03
2344.541,1.2805756193e-03,1.734643e-02,1.5062867973e+00,1.0000,3.5777e-03
2345.068,1.2805340135e-03,1.739581e-02,1.5062867973e+00,1.0000,3.2744e-03
2345.595,1.2805063286e-03,1.744411e-02,1.5062867973e+00,1.0000,3.8379e-03
2346.122,1.2804968801e-03,1.749136e-02,1.5062867973e+00,1.0000,5.2726e-03
2346.649,1.2805087131e-03,1.753745e-02,1.5062867973e+00,1.0000,6.5579e-03
2347.176,1.2805428996e-03,1.758223e-02,1.5062867973e+00,1.0000,7.7073e-03
2347.703,1.2806006264e-03,1.762561e-02,1.5062867973e+00,1.0000,8.7440e-03
2348.231,1.2806804727e-03,1.766757e-02,1.5062867973e+00,1.0000,9.6717e-03
2348.758,1.2807766541e-03,1.770763e-02,1.5062867973e+00,1.0000,1.0484e-02
2349.285,1.2808823852e-03,1.774565e-02,1.5062867973e+00,1.0000,1.1179e-02
2349.812,1.2809905758e-03,1.778176e-02,1.5062867973e+00,1.0000,1.1763e-02
2350.339,1.2810940946e-03,1.781596e-02,1.5062867973e+00,1.0000,1.2246e-02
2350.866,1.2811861799e-03,1.784805e-02,1.5062867973e+00,1.0000,1.2642e-02
2351.393,1.2812595420e-03,1.787759e-02,1.5062867973e+00,1.0000,1.2963e-02
2351.920,1.2813072744e-03,1.790432e-02,1.5062867973e+00,1.0000,1.3211e-02
2352.447,1.2813250836e-03,1.792754e-02,1.5062867973e+00,1.0000,1.3420e-02
2352.974,1.2813100339e-03,1.794663e-02,1.5062867973e+00,1.0000,1.3606e-02
2353.502,1.2812594681e-03,1.796117e-02,1.5062867973e+00,1.0000,1.3772e-02
2354.029,1.2811741531e-03,1.797084e-02,1.5062867973e+00,1.0000,1.3923e-02
2354.556,1.2810561553e-03,1.797539e-02,1.5062867973e+00,1.0000,1.4061e-02
2355.083,1.2809069904e-03,1.797469e-02,1.5062867973e+00,1.0000,1.4192e-02
2355.610,1.2807307703e-03,1.796870e-02,1.5062867973e+00,1.0000,1.4320e-02
2356.137,1.2805321130e-03,1.795752e-02,1.5062867973e+00,1.0000,1.4446e-02
2356.664,1.2803140829e-03,1.794129e-02,1.5062867973e+00,1.0000,1.4574e-02
2357.191,1.2800791477e-03,1.792024e-02,1.5062867973e+00,1.0000,1.4704e-02
2357.718,1.2798309300e-03,1.789471e-02,1.5062867973e+00,1.0000,1.4838e-02
2358.245,1.2795743626e-03,1.786509e-02,1.5062867973e+00,1.0000,1.4968e-02
2358.773,1.2793144324e-03,1.783184e-02,1.5062867973e+00,1.0000,1.5094e-02
2359.300,1.2790549746e-03,1.779545e-02,1.5062867973e+00,1.0000,1.5217e-02
2359.827,1.2787983611e-03,1.775639e-02,1.5062867973e+00,1.0000,1.5340e-02
2360.354,1.2785459404e-03,1.771518e-02,1.5062867973e+00,1.0000,1.5465e-02
2360.881,1.2782986314e-03,1.767234e-02,1.5062867973e+00,1.0000,1.5597e-02
2361.408,1.2780572409e-03,1.762840e-02,1.5062867973e+00,1.0000,1.5739e-02
2361.935,1.2778224621e-03,1.758388e-02,1.5062867973e+00,1.0000,1.5892e-02
2362.462,1.2775947509e-03,1.753922e-02,1.5062867973e+00,1.0000,1.6059e-02
2362.989,1.2773742650e-03,1.749488e-02,1.5062867973e+00,1.0000,1.6241e-02
2363.516,1.2771609163e-03,1.745127e-02,1.5062867973e+00,1.0000,1.6437e-02
2364.044,1.2769544870e-03,1.740876e-02,1.5062867973e+00,1.0000,1.6650e-02
2364.571,1.2767547443e-03,1.736768e-02,1.5062867973e+00,1.0000,1.6878e-02
2365.098,1.2765615244e-03,1.732834e-02,1.5062867973e+00,1.0000,1.7123e-02
2365.625,1.2763747880e-03,1.729098e-02,1.5062867973e+00,1.0000,1.7382e-02
2366.152,1.2761946561e-03,1.725581e-02,1.5062867973e+00,1.0000,1.7656e-02
2366.679,1.2760214305e-03,1.722299e-02,1.5062867973e+00,1.0000,1.7943e-02
2367.206,1.2758555959e-03,1.719266e-02,1.5062867973e+00,1.0000,1.8241e-02
2367.733,1.2756978046e-03,1.716490e-02,1.5062867973e+00,1.0000,1.8549e-02
2368.260,1.2755488490e-03,1.713976e-02,1.5062867973e+00,1.0000,1.8865e-02
2368.787,1.2754096360e-03,1.711726e-02,1.5062867973e+00,1.0000,1.9187e-02
2369.315,1.2752811780e-03,1.709739e-02,1.5062867973e+00,1.0000,1.9513e-02
2369.842,1.2751646087e-03,1.708011e-02,1.5062867973e+00,1.0000,1.9841e-02
2370.369,1.2750612210e-03,1.706538e-02,1.5062867973e+00,1.0000,2.0172e-02
2370.896,1.2749725106e-03,1.705314e-02,1.5062867973e+00,1.0000,2.0503e-02
2371.423,1.2749001973e-03,1.704331e-02,1.5062867973e+00,1.0000,2.0839e-02
2371.950,1.2748461968e-03,1.703583e-02,1.5062867973e+00,1.0000,2.1203e-02
2372.477,1.2748125263e-03,1.703061e-02,1.5062867973e+00,1.0000,2.1595e-02
2373.004,1.2748011340e-03,1.702758e-02,1.5062867973e+00,1.0000,2.2015e-02
2373.531,1.2748138319e-03,1.702663e-02,1.5062867973e+00,1.0000,2.2461e-02
2374.058,1.2748519303e-03,1.702770e-02,1.5062867973e+00,1.0000,2.2933e-02
2374.586,1.2749163648e-03,1.703067e-02,1.5062867973e+00,1.0000,2.3431e-02
2375.113,1.2750072899e-03,1.703543e-02,1.5062867973e+00,1.0000,2.3955e-02
2375.640,1.2751241718e-03,1.704188e-02,1.5062867973e+00,1.0000,2.4506e-02
2376.167,1.2752656781e-03,1.704988e-02,1.5062867973e+00,1.0000,2.5081e-02
2376.694,1.2754300945e-03,1.705931e-02,1.5062867973e+00,1.0000,2.5679e-02
2377.221,1.2756154905e-03,1.707006e-02,1.5062867973e+00,1.0000,2.6294e-02
2377.748,1.2758197112e-03,1.708200e-02,1.5062867973e+00,1.0000,2.6920e-02
2378.275,1.2760400989e-03,1.709502e-02,1.5062867973e+00,1.0000,2.7547e-02
2378.802,1.2762732023e-03,1.710903e-02,1.5062867973e+00,1.0000,2.8163e-02
2379.329,1.2765146653e-03,1.712395e-02,1.5062867973e+00,1.0000,2.8750e-02
2379.857,1.2767593468e-03,1.713969e-02,1.5062867973e+00,1.0000,2.9285e-02
2380.384,1.2770016558e-03,1.715621e-02,1.5062867973e+00,1.0000,2.9743e-02
2380.911,1.2772360881e-03,1.717361e-02,1.5062867973e+00,1.0000,3.0086e-02
2381.438,1.2774578693e-03,1.719178e-02,1.5062867973e+00,1.0000,3.0272e-02
2381.965,1.2776635306e-03,1.721069e-02,1.5062867973e+00,1.0000,3.0244e-02
2382.492,1.2778512903e-03,1.723036e-02,1.5062867973e+00,1.0000,2.9933e-02
2383.019,1.2780212124e-03,1.725078e-02,1.5062867973e+00,1.0000,2.9287e-02
2383.546,1.2781751461e-03,1.727189e-02,1.5062867973e+00,1.0000,2.8293e-02
2384.073,1.2783164312e-03,1.729363e-02,1.5062867973e+00,1.0000,2.7004e-02
2384.600,1.2784493659e-03,1.731595e-02,1.5062867973e+00,1.0000,2.5512e-02
2385.128,1.2785784933e-03,1.733880e-02,1.5062867973e+00,1.0000,2.3916e-02
2385.655,1.2787078308e-03,1.736215e-02,1.5062867973e+00,1.0000,2.2312e-02
2386.182,1.2788402161e-03,1.738595e-02,1.5062867973e+00,1.0000,2.0779e-02
2386.709,1.2789769371e-03,1.741016e-02,1.5062867973e+00,1.0000,1.9376e-02
2387.236,1.2791177404e-03,1.743473e-02,1.5062867973e+00,1.0000,1.8139e-02
2387.763,1.2792611751e-03,1.745962e-02,1.5062867973e+00,1.0000,1.7085e-02
2388.290,1.2794051192e-03,1.748478e-02,1.5062867973e+00,1.0000,1.6217e-02
2388.817,1.2795473079e-03,1.751016e-02,1.5062867973e+00,1.0000,1.5529e-02
2389.344,1.2796857528e-03,1.753571e-02,1.5062867973e+00,1.0000,1.5006e-02
2389.871,1.2798190213e-03,1.756134e-02,1.5062867973e+00,1.0000,1.4633e-02
2390.399,1.2799463642e-03,1.758698e-02,1.5062867973e+00,1.0000,1.4392e-02
2390.926,1.2800676833e-03,1.761252e-02,1.5062867973e+00,1.0000,1.4269e-02
2391.453,1.2801833850e-03,1.763784e-02,1.5062867973e+00,1.0000,1.4248e-02
2391.980,1.2802942648e-03,1.766279e-02,1.5062867973e+00,1.0000,1.4318e-02
2392.507,1.2804015656e-03,1.768720e-02,1.5062867973e+00,1.0000,1.4471e-02
2393.034,1.2805072014e-03,1.771087e-02,1.5062867973e+00,1.0000,1.4703e-02
2393.561,1.2806139526e-03,1.773357e-02,1.5062867973e+00,1.0000,1.5010e-02
2394.088,1.2807254200e-03,1.775503e-02,1.5062867973e+00,1.0000,1.5395e-02
2394.615,1.2808456852e-03,1.777498e-02,1.5062867973e+00,1.0000,1.5874e-02
2395.142,1.2809787955e-03,1.779306e-02,1.5062867973e+00,1.0000,1.6449e-02
2395.670,1.2811282063e-03,1.780893e-02,1.5062867973e+00,1.0000,1.7130e-02
2396.197,1.2812962118e-03,1.782232e-02,1.5062867973e+00,1.0000,1.7913e-02
2396.724,1.2814833496e-03,1.783286e-02,1.5062867973e+00,1.0000,1.8793e-02
2397.251,1.2816878319e-03,1.784019e-02,1.5062867973e+00,1.0000,1.9770e-02
2397.778,1.2819051566e-03,1.784395e-02,1.5062867973e+00,1.0000,2.0873e-02
2398.305,1.2821280530e-03,1.784379e-02,1.5062867973e+00,1.0000,2.2124e-02
2398.832,1.2823468244e-03,1.783942e-02,1.5062867973e+00,1.0000,2.3544e-02
2399.359,1.2825500500e-03,1.783056e-02,1.5062867973e+00,1.0000,2.5163e-02
2399.886,1.2827255956e-03,1.781697e-02,1.5062867973e+00,1.0000,2.7021e-02
2400.413,1.2828616551e-03,1.779847e-02,1.5062867973e+00,1.0000,2.9180e-02
2400.941,1.2829479169e-03,1.777491e-02,1.5062867973e+00,1.0000,3.1732e-02
2401.468,1.2829776167e-03,1.774622e-02,1.5062867973e+00,1.0000,3.4836e-02
2401.995,1.2829470581e-03,1.771238e-02,1.5062867973e+00,1.0000,3.8705e-02
2402.522,1.2828533586e-03,1.767341e-02,1.5062867973e+00,1.0000,4.2743e-02
2403.049,1.2826976911e-03,1.762942e-02,1.5062867973e+00,1.0000,4.6707e-02
2403.576,1.2824907435e-03,1.758060e-02,1.5062867973e+00,1.0000,5.0585e-02
2404.103,1.2822437548e-03,1.752717e-02,1.5062867973e+00,1.0000,5.4365e-02
2404.630,1.2819637862e-03,1.746945e-02,1.5062867973e+00,1.0000,5.8038e-02
2405.157,1.2816596689e-03,1.740780e-02,1.5062867973e+00,1.0000,6.1598e-02
2405.684,1.2813436717e-03,1.734267e-02,1.5062867973e+00,1.0000,6.5040e-02
2406.212,1.2810277244e-03,1.727454e-02,1.5062867973e+00,1.0000,6.8361e-02
2406.739,1.2807208390e-03,1.720386e-02,1.5062867973e+00,1.0000,7.1564e-02
2407.266,1.2804297666e-03,1.713112e-02,1.5062867973e+00,1.0000,7.4653e-02
2407.793,1.2801602750e-03,1.705685e-02,1.5062867973e+00,1.0000,7.7636e-02
2408.320,1.2799171310e-03,1.698160e-02,1.5062867973e+00,1.0000,8.0521e-02
2408.847,1.2797032592e-03,1.690588e-02,1.5062867973e+00,1.0000,8.3321e-02
2409.374,1.2795196143e-03,1.683026e-02,1.5062867973e+00,1.0000,8.6046e-02
2409.901,1.2793657149e-03,1.675533e-02,1.5062867973e+00,1.0000,8.8709e-02
2410.428,1.2792395735e-03,1.668162e-02,1.5062867973e+00,1.0000,9.1324e-02
2410.955,1.2791376717e-03,1.660968e-02,1.5062867973e+00,1.0000,9.3898e-02
2411.483,1.2790560492e-03,1.654003e-02,1.5062867973e+00,1.0000,9.6441e-02
2412.010,1.2789914505e-03,1.647321e-02,1.5062867973e+00,1.0000,9.8956e-02
2412.537,1.2789413618e-03,1.640969e-02,1.5062867973e+00,1.0000,1.0144e-01
2413.064,1.2789034995e-03,1.634997e-02,1.5062867973e+00,1.0000,1.0390e-01
2413.591,1.2788756378e-03,1.629450e-02,1.5062867973e+00,1.0000,1.0631e-01
2414.118,1.2788557230e-03,1.624368e-02,1.5062867973e+00,1.0000,1.0867e-01
2414.645,1.2788419168e-03,1.619791e-02,1.5062867973e+00,1.0000,1.1095e-01
2415.172,1.2788325853e-03,1.615753e-02,1.5062867973e+00,1.0000,1.1314e-01
2415.699,1.2788262107e-03,1.612284e-02,1.5062867973e+00,1.0000,1.1520e-01
2416.226,1.2788217364e-03,1.609411e-02,1.5062867973e+00,1.0000,1.1711e-01
2416.754,1.2788195467e-03,1.607155e-02,1.5062867973e+00,1.0000,1.1882e-01
2417.281,1.2788180721e-03,1.605532e-02,1.5062867973e+00,1.0000,1.2029e-01
2417.808,1.2788168144e-03,1.604552e-02,1.5062867973e+00,1.0000,1.2150e-01
2418.335,1.2788155066e-03,1.604222e-02,1.5062867973e+00,1.0000,1.2240e-01
2418.862,1.2788136934e-03,1.604543e-02,1.5062867973e+00,1.0000,1.2295e-01
2419.389,1.2788111427e-03,1.605522e-02,1.5062867973e+00,1.0000,3.6952e-03
2419.916,1.2788077235e-03,1.607193e-02,1.5062867973e+00,1.0000,2.5513e-03
2420.443,1.2788040529e-03,1.609475e-02,1.5062867973e+00,1.0000,1.4827e-03
2420.970,1.2787989418e-03,1.612352e-02,1.5062867973e+00,1.0000,9.5648e-04
2421.497,1.2787930791e-03,1.615793e-02,1.5062867973e+00,1.0000,1.2269e-03
2422.025,1.2787860753e-03,1.619740e-02,1.5062867973e+00,1.0000,1.7256e-03
2422.552,1.2787780787e-03,1.624130e-02,1.5062867973e+00,1.0000,2.2241e-03
2423.079,1.2787690037e-03,1.628951e-02,1.5062867973e+00,1.0000,2.8329e-03
2423.606,1.2787589172e-03,1.634192e-02,1.5062867973e+00,1.0000,3.5521e-03
2424.133,1.2787477961e-03,1.639803e-02,1.5062867973e+00,1.0000,4.2210e-03
2424.660,1.2787357350e-03,1.645742e-02,1.5062867973e+00,1.0000,4.8436e-03
2425.187,1.2787228785e-03,1.651969e-02,1.5062867973e+00,1.0000,5.4227e-03
2425.714,1.2787094666e-03,1.658457e-02,1.5062867973e+00,1.0000,5.9573e-03
2426.241,1.2786958167e-03,1.665185e-02,1.5062867973e+00,1.0000,6.4467e-03
2426.768,1.2786823014e-03,1.672137e-02,1.5062867973e+00,1.0000,6.8903e-03
2427.296,1.2786693076e-03,1.679300e-02,1.5062867973e+00,1.0000,7.2877e-03
2427.823,1.2786571871e-03,1.686671e-02,1.5062867973e+00,1.0000,2.3884e-02
2428.350,1.2786462081e-03,1.694288e-02,1.5062867973e+00,1.0000,2.3621e-02
2428.877,1.2786365181e-03,1.702103e-02,1.5062867973e+00,1.0000,2.1941e-02
2429.404,1.2786281247e-03,1.710105e-02,1.5062867973e+00,1.0000,2.0279e-02
2429.931,1.2786208950e-03,1.718276e-02,1.5062867973e+00,1.0000,1.8653e-02
2430.458,1.2786144875e-03,1.726584e-02,1.5062867973e+00,1.0000,1.6945e-02
2430.985,1.2786087475e-03,1.734991e-02,1.5062867973e+00,1.0000,1.5231e-02
2431.512,1.2786032551e-03,1.743471e-02,1.5062867973e+00,1.0000,1.3629e-02
2432.039,1.2785976545e-03,1.751997e-02,1.5062867973e+00,1.0000,1.2155e-02
2432.567,1.2785915731e-03,1.760547e-02,1.5062867973e+00,1.0000,1.0737e-02
2433.094,1.2785847003e-03,1.769100e-02,1.5062867973e+00,1.0000,9.3402e-03
2433.621,1.2785767102e-03,1.777642e-02,1.5062867973e+00,1.0000,7.9543e-03
2434.148,1.2785676406e-03,1.786153e-02,1.5062867973e+00,1.0000,6.6648e-03
2434.675,1.2785575960e-03,1.794625e-02,1.5062867973e+00,1.0000,6.0599e-03
2435.202,1.2785468963e-03,1.803056e-02,1.5062867973e+00,1.0000,5.4723e-03
2435.729,1.2785361088e-03,1.811435e-02,1.5062867973e+00,1.0000,4.8998e-03
2436.256,1.2785259733e-03,1.819748e-02,1.5062867973e+00,1.0000,4.3416e-03
2436.783,1.2785173256e-03,1.827976e-02,1.5062867973e+00,1.0000,3.7952e-03
2437.310,1.2785107271e-03,1.836092e-02,1.5062867973e+00,1.0000,3.2928e-03
2437.838,1.2785071200e-03,1.844069e-02,1.5062867973e+00,1.0000,2.8650e-03
2438.365,1.2785075552e-03,1.851872e-02,1.5062867973e+00,1.0000,2.5505e-03
2438.892,1.2785103355e-03,1.859457e-02,1.5062867973e+00,1.0000,3.0311e-03
2439.419,1.2785156068e-03,1.866771e-02,1.5062867973e+00,1.0000,3.7669e-03
2439.946,1.2785232404e-03,1.873708e-02,1.5062867973e+00,1.0000,4.4579e-03
2440.473,1.2785321137e-03,1.880235e-02,1.5062867973e+00,1.0000,5.1051e-03
2441.000,1.2785412748e-03,1.886323e-02,1.5062867973e+00,1.0000,5.7120e-03
2441.527,1.2785503656e-03,1.891890e-02,1.5062867973e+00,1.0000,6.2802e-03
2442.054,1.2785591412e-03,1.896865e-02,1.5062867973e+00,1.0000,6.8114e-03
2442.581,1.2785676604e-03,1.901183e-02,1.5062867973e+00,1.0000,7.3071e-03
2443.109,1.2785761102e-03,1.904780e-02,1.5062867973e+00,1.0000,7.7683e-03
2443.636,1.2785847215e-03,1.907591e-02,1.5062867973e+00,1.0000,8.1956e-03
2444.163,1.2785935902e-03,1.909560e-02,1.5062867973e+00,1.0000,8.5898e-03
2444.690,1.2786025517e-03,1.910642e-02,1.5062867973e+00,1.0000,8.9489e-03
2445.217,1.2786110728e-03,1.910799e-02,1.5062867973e+00,1.0000,9.2696e-03
2445.744,1.2786182305e-03,1.909992e-02,1.5062867973e+00,1.0000,9.5496e-03
2446.271,1.2786228499e-03,1.908186e-02,1.5062867973e+00,1.0000,9.7992e-03
2446.798,1.2786211368e-03,1.905359e-02,1.5062867973e+00,1.0000,1.0026e-02
2447.325,1.2786144187e-03,1.901512e-02,1.5062867973e+00,1.0000,1.0232e-02
2447.852,1.2786000202e-03,1.896659e-02,1.5062867973e+00,1.0000,1.0419e-02
2448.380,1.2785750828e-03,1.890832e-02,1.5062867973e+00,1.0000,1.0589e-02
2448.907,1.2785394007e-03,1.884077e-02,1.5062867973e+00,1.0000,1.0741e-02
2449.434,1.2784923818e-03,1.876455e-02,1.5062867973e+00,1.0000,1.0876e-02
2449.961,1.2784343382e-03,1.868040e-02,1.5062867973e+00,1.0000,1.0994e-02
2450.488,1.2783654411e-03,1.858918e-02,1.5062867973e+00,1.0000,1.1097e-02
2451.015,1.2782864168e-03,1.849185e-02,1.5062867973e+00,1.0000,1.1185e-02
2451.542,1.2781983984e-03,1.838941e-02,1.5062867973e+00,1.0000,1.1260e-02
2452.069,1.2781028205e-03,1.828286e-02,1.5062867973e+00,1.0000,1.1325e-02
2452.596,1.2780012347e-03,1.817335e-02,1.5062867973e+00,1.0000,1.1385e-02
2453.123,1.2778952234e-03,1.806206e-02,1.5062867973e+00,1.0000,1.1443e-02
2453.651,1.2777863625e-03,1.795018e-02,1.5062867973e+00,1.0000,1.1504e-02
2454.178,1.2776761954e-03,1.783885e-02,1.5062867973e+00,1.0000,1.1572e-02
2454.705,1.2775662178e-03,1.772898e-02,1.5062867973e+00,1.0000,1.1656e-02
2455.232,1.2774578744e-03,1.762146e-02,1.5062867973e+00,1.0000,1.1825e-02
2455.759,1.2773525699e-03,1.751709e-02,1.5062867973e+00,1.0000,1.2150e-02
2456.286,1.2772516851e-03,1.741664e-02,1.5062867973e+00,1.0000,1.2626e-02
2456.813,1.2771565912e-03,1.732084e-02,1.5062867973e+00,1.0000,1.3249e-02
2457.340,1.2770686566e-03,1.723033e-02,1.5062867973e+00,1.0000,1.4017e-02
2457.867,1.2769892394e-03,1.714556e-02,1.5062867973e+00,1.0000,1.4935e-02
2458.394,1.2769196567e-03,1.706689e-02,1.5062867973e+00,1.0000,1.6014e-02
2458.922,1.2768611301e-03,1.699452e-02,1.5062867973e+00,1.0000,1.7265e-02
2459.449,1.2768147538e-03,1.692857e-02,1.5062867973e+00,1.0000,1.8707e-02
2459.976,1.2767814777e-03,1.686906e-02,1.5062867973e+00,1.0000,2.0369e-02
2460.503,1.2767620025e-03,1.681592e-02,1.5062867973e+00,1.0000,2.2289e-02
2461.030,1.2767565395e-03,1.676900e-02,1.5062867973e+00,1.0000,2.4526e-02
2461.557,1.2767655397e-03,1.672812e-02,1.5062867973e+00,1.0000,2.7178e-02
2462.084,1.2767884992e-03,1.669298e-02,1.5062867973e+00,1.0000,3.0313e-02
2462.611,1.2768261385e-03,1.666326e-02,1.5062867973e+00,1.0000,3.3629e-02
2463.138,1.2768780367e-03,1.663861e-02,1.5062867973e+00,1.0000,3.7053e-02
2463.665,1.2769435968e-03,1.661873e-02,1.5062867973e+00,1.0000,4.0546e-02
2464.193,1.2770221217e-03,1.660329e-02,1.5062867973e+00,1.0000,4.4069e-02
2464.720,1.2771136555e-03,1.659199e-02,1.5062867973e+00,1.0000,4.7582e-02
2465.247,1.2772184328e-03,1.658451e-02,1.5062867973e+00,1.0000,5.1051e-02
2465.774,1.2773361490e-03,1.658046e-02,1.5062867973e+00,1.0000,5.4465e-02
2466.301,1.2774659485e-03,1.657969e-02,1.5062867973e+00,1.0000,5.7796e-02
2466.828,1.2776066426e-03,1.658219e-02,1.5062867973e+00,1.0000,6.1011e-02
2467.355,1.2777564662e-03,1.658784e-02,1.5062867973e+00,1.0000,6.4073e-02
2467.882,1.2779127194e-03,1.659649e-02,1.5062867973e+00,1.0000,6.6950e-02
2468.409,1.2780718477e-03,1.660804e-02,1.5062867973e+00,1.0000,6.9615e-02
2468.936,1.2782298136e-03,1.662242e-02,1.5062867973e+00,1.0000,7.2047e-02
2469.464,1.2783823475e-03,1.663963e-02,1.5062867973e+00,1.0000,7.4228e-02
2469.991,1.2785250687e-03,1.665964e-02,1.5062867973e+00,1.0000,7.6145e-02
2470.518,1.2786537637e-03,1.668247e-02,1.5062867973e+00,1.0000,7.7794e-02
2471.045,1.2787649505e-03,1.670810e-02,1.5062867973e+00,1.0000,7.9175e-02
2471.572,1.2788565726e-03,1.673666e-02,1.5062867973e+00,1.0000,8.0331e-02
2472.099,1.2789285696e-03,1.676805e-02,1.5062867973e+00,1.0000,8.1299e-02
2472.626,1.2789831677e-03,1.680211e-02,1.5062867973e+00,1.0000,8.2100e-02
2473.153,1.2790248462e-03,1.683867e-02,1.5062867973e+00,1.0000,8.2756e-02
2473.680,1.2790599914e-03,1.687756e-02,1.5062867973e+00,1.0000,8.3289e-02
2474.207,1.2790962715e-03,1.691857e-02,1.5062867973e+00,1.0000,8.3722e-02
2474.735,1.2791417891e-03,1.696150e-02,1.5062867973e+00,1.0000,8.4077e-02
2475.262,1.2792040988e-03,1.700621e-02,1.5062867973e+00,1.0000,1.2079e-02
2475.789,1.2792892133e-03,1.705270e-02,1.5062867973e+00,1.0000,1.4427e-02
2476.316,1.2794007452e-03,1.710050e-02,1.5062867973e+00,1.0000,1.3113e-02
2476.843,1.2795393401e-03,1.714930e-02,1.5062867973e+00,1.0000,1.1349e-02
2477.370,1.2797025274e-03,1.719874e-02,1.5062867973e+00,1.0000,9.4394e-03
2477.897,1.2798850561e-03,1.724830e-02,1.5062867973e+00,1.0000,7.3839e-03
2478.424,1.2800796866e-03,1.729754e-02,1.5062867973e+00,1.0000,5.3222e-03
2478.951,1.2802783074e-03,1.734605e-02,1.5062867973e+00,1.0000,3.4377e-03
2479.478,1.2804731629e-03,1.739350e-02,1.5062867973e+00,1.0000,3.0098e-03
2480.006,1.2806579467e-03,1.743977e-02,1.5062867973e+00,1.0000,2.5812e-03
2480.533,1.2808285522e-03,1.748470e-02,1.5062867973e+00,1.0000,2.4839e-03
2481.060,1.2809833605e-03,1.752814e-02,1.5062867973e+00,1.0000,4.2881e-03
2481.587,1.2811230722e-03,1.757002e-02,1.5062867973e+00,1.0000,6.0980e-03
2482.114,1.2812501929e-03,1.761022e-02,1.5062867973e+00,1.0000,7.9332e-03
2482.641,1.2813683522e-03,1.764873e-02,1.5062867973e+00,1.0000,9.7686e-03
2483.168,1.2814816335e-03,1.768544e-02,1.5062867973e+00,1.0000,1.1552e-02
2483.695,1.2815940418e-03,1.772018e-02,1.5062867973e+00,1.0000,1.3288e-02
2484.222,1.2817091581e-03,1.775288e-02,1.5062867973e+00,1.0000,1.4983e-02
2484.749,1.2818299505e-03,1.778319e-02,1.5062867973e+00,1.0000,1.6631e-02
2485.277,1.2819586691e-03,1.781099e-02,1.5062867973e+00,1.0000,1.8234e-02
2485.804,1.2820967445e-03,1.783635e-02,1.5062867973e+00,1.0000,1.9800e-02
2486.331,1.2822446397e-03,1.785921e-02,1.5062867973e+00,1.0000,2.1341e-02
2486.858,1.2824016530e-03,1.787943e-02,1.5062867973e+00,1.0000,2.2871e-02
2487.385,1.2825657179e-03,1.789678e-02,1.5062867973e+00,1.0000,2.4400e-02
2487.912,1.2827332758e-03,1.791106e-02,1.5062867973e+00,1.0000,2.5942e-02
2488.439,1.2828992991e-03,1.792209e-02,1.5062867973e+00,1.0000,2.7510e-02
2488.966,1.2830574914e-03,1.792966e-02,1.5062867973e+00,1.0000,2.9116e-02
2489.493,1.2832006447e-03,1.793358e-02,1.5062867973e+00,1.0000,3.0778e-02
2490.020,1.2833211132e-03,1.793373e-02,1.5062867973e+00,1.0000,3.2510e-02
2490.548,1.2834112775e-03,1.792999e-02,1.5062867973e+00,1.0000,3.4275e-02
2491.075,1.2834639863e-03,1.792205e-02,1.5062867973e+00,1.0000,3.6043e-02
2491.602,1.2834741620e-03,1.790979e-02,1.5062867973e+00,1.0000,3.7787e-02
2492.129,1.2834394989e-03,1.789319e-02,1.5062867973e+00,1.0000,3.9473e-02
2492.656,1.2833551970e-03,1.787228e-02,1.5062867973e+00,1.0000,4.1065e-02
2493.183,1.2832211192e-03,1.784718e-02,1.5062867973e+00,1.0000,4.2521e-02
2493.710,1.2830411949e-03,1.781806e-02,1.5062867973e+00,1.0000,4.3752e-02
2494.237,1.2828165762e-03,1.778519e-02,1.5062867973e+00,1.0000,4.4478e-02
2494.764,1.2825489205e-03,1.774885e-02,1.5062867973e+00,1.0000,4.4385e-02
2495.291,1.2822441696e-03,1.770941e-02,1.5062867973e+00,1.0000,4.3258e-02
2495.819,1.2819104230e-03,1.766742e-02,1.5062867973e+00,1.0000,4.1112e-02
2496.346,1.2815550973e-03,1.762327e-02,1.5062867973e+00,1.0000,3.8253e-02
2496.873,1.2811852121e-03,1.757738e-02,1.5062867973e+00,1.0000,3.5098e-02
2497.400,1.2808083132e-03,1.753015e-02,1.5062867973e+00,1.0000,3.1996e-02
2497.927,1.2804316227e-03,1.748208e-02,1.5062867973e+00,1.0000,2.9193e-02
2498.454,1.2800606158e-03,1.743372e-02,1.5062867973e+00,1.0000,2.6831e-02
2498.981,1.2796989821e-03,1.738564e-02,1.5062867973e+00,1.0000,2.4962e-02
2499.508,1.2793498661e-03,1.733841e-02,1.5062867973e+00,1.0000,2.3576e-02
2500.035,1.2790168554e-03,1.729261e-02,1.5062867973e+00,1.0000,2.2634e-02
2500.562,1.2787037951e-03,1.724878e-02,1.5062867973e+00,1.0000,2.2086e-02
2501.090,1.2784138352e-03,1.720745e-02,1.5062867973e+00,1.0000,2.1882e-02
2501.617,1.2781486677e-03,1.716909e-02,1.5062867973e+00,1.0000,2.1980e-02
2502.144,1.2779084845e-03,1.713413e-02,1.5062867973e+00,1.0000,2.2345e-02
2502.671,1.2776925033e-03,1.710292e-02,1.5062867973e+00,1.0000,2.2953e-02
2503.198,1.2774995897e-03,1.707568e-02,1.5062867973e+00,1.0000,2.3794e-02
2503.725,1.2773286184e-03,1.705275e-02,1.5062867973e+00,1.0000,2.4904e-02
2504.252,1.2771785153e-03,1.703432e-02,1.5062867973e+00,1.0000,2.6288e-02
2504.779,1.2770481224e-03,1.702053e-02,1.5062867973e+00,1.0000,2.7931e-02
2505.306,1.2769360585e-03,1.701142e-02,1.5062867973e+00,1.0000,2.9866e-02
2505.833,1.2768406625e-03,1.700694e-02,1.5062867973e+00,1.0000,3.2204e-02
2506.361,1.2767600197e-03,1.700707e-02,1.5062867973e+00,1.0000,3.5090e-02
2506.888,1.2766920320e-03,1.701169e-02,1.5062867973e+00,1.0000,3.8784e-02
2507.415,1.2766344949e-03,1.702065e-02,1.5062867973e+00,1.0000,4.3251e-02
2507.942,1.2765851735e-03,1.703374e-02,1.5062867973e+00,1.0000,4.7522e-02
2508.469,1.2765418742e-03,1.705071e-02,1.5062867973e+00,1.0000,5.1555e-02
2508.996,1.2765025185e-03,1.707131e-02,1.5062867973e+00,1.0000,5.5354e-02
2509.523,1.2764652120e-03,1.709524e-02,1.5062867973e+00,1.0000,5.8923e-02
2510.050,1.2764283068e-03,1.712220e-02,1.5062867973e+00,1.0000,6.2263e-02
2510.577,1.2763904544e-03,1.715188e-02,1.5062867973e+00,1.0000,6.5377e-02
2511.104,1.2763506562e-03,1.718397e-02,1.5062867973e+00,1.0000,6.8265e-02
2511.632,1.2763083139e-03,1.721815e-02,1.5062867973e+00,1.0000,7.0928e-02
2512.159,1.2762632757e-03,1.725415e-02,1.5062867973e+00,1.0000,7.3365e-02
2512.686,1.2762158701e-03,1.729167e-02,1.5062867973e+00,1.0000,7.5576e-02
2513.213,1.2761669205e-03,1.733043e-02,1.5062867973e+00,1.0000,7.7560e-02
2513.740,1.2761177483e-03,1.737025e-02,1.5062867973e+00,1.0000,7.9318e-02
2514.267,1.2760701749e-03,1.741110e-02,1.5062867973e+00,1.0000,2.2632e-02
2514.794,1.2760265200e-03,1.745268e-02,1.5062867973e+00,1.0000,2.6009e-03
2515.321,1.2759895545e-03,1.749473e-02,1.5062867973e+00,1.0000,6.6318e-03
2515.848,1.2759624012e-03,1.753722e-02,1.5062867973e+00,1.0000,6.8974e-03
2516.375,1.2759479468e-03,1.758005e-02,1.5062867973e+00,1.0000,6.2389e-03
2516.903,1.2759485423e-03,1.762315e-02,1.5062867973e+00,1.0000,5.3169e-03
2517.430,1.2759678269e-03,1.766649e-02,1.5062867973e+00,1.0000,4.3363e-03
2517.957,1.2760059824e-03,1.770994e-02,1.5062867973e+00,1.0000,3.3004e-03
2518.484,1.2760620479e-03,1.775346e-02,1.5062867973e+00,1.0000,3.2561e-03
2519.011,1.2761371483e-03,1.779720e-02,1.5062867973e+00,1.0000,3.3473e-03
2519.538,1.2762319801e-03,1.784126e-02,1.5062867973e+00,1.0000,3.4092e-03
2520.065,1.2763458513e-03,1.788578e-02,1.5062867973e+00,1.0000,3.4406e-03
2520.592,1.2764773321e-03,1.793087e-02,1.5062867973e+00,1.0000,3.4405e-03
2521.119,1.2766248593e-03,1.797669e-02,1.5062867973e+00,1.0000,3.4090e-03
2521.646,1.2767865678e-03,1.802335e-02,1.5062867973e+00,1.0000,3.3469e-03
2522.174,1.2769600215e-03,1.807095e-02,1.5062867973e+00,1.0000,3.2542e-03
2522.701,1.2771422263e-03,1.811955e-02,1.5062867973e+00,1.0000,3.1312e-03
2523.228,1.2773297503e-03,1.816918e-02,1.5062867973e+00,1.0000,2.9788e-03
2523.755,1.2775187758e-03,1.821982e-02,1.5062867973e+00,1.0000,2.8011e-03
2524.282,1.2777051501e-03,1.827138e-02,1.5062867973e+00,1.0000,2.9663e-03
2524.809,1.2778845929e-03,1.832377e-02,1.5062867973e+00,1.0000,3.1937e-03
2525.336,1.2780530922e-03,1.837680e-02,1.5062867973e+00,1.0000,3.4221e-03
2525.863,1.2782073586e-03,1.843028e-02,1.5062867973e+00,1.0000,3.6566e-03
2526.390,1.2783451606e-03,1.848394e-02,1.5062867973e+00,1.0000,3.8991e-03
2526.917,1.2784654416e-03,1.853744e-02,1.5062867973e+00,1.0000,4.1512e-03
2527.445,1.2785682527e-03,1.859051e-02,1.5062867973e+00,1.0000,4.4142e-03
2527.972,1.2786546080e-03,1.864280e-02,1.5062867973e+00,1.0000,4.6832e-03
2528.499,1.2787263657e-03,1.869397e-02,1.5062867973e+00,1.0000,4.9527e-03
2529.026,1.2787861614e-03,1.874334e-02,1.5062867973e+00,1.0000,5.2177e-03
2529.553,1.2788373398e-03,1.879036e-02,1.5062867973e+00,1.0000,5.4748e-03
2530.080,1.2788838103e-03,1.883458e-02,1.5062867973e+00,1.0000,5.7227e-03
2530.607,1.2789297931e-03,1.887551e-02,1.5062867973e+00,1.0000,5.9610e-03
2531.134,1.2789794880e-03,1.891268e-02,1.5062867973e+00,1.0000,6.1895e-03
2531.661,1.2790367276e-03,1.894562e-02,1.5062867973e+00,1.0000,6.4085e-03
2532.188,1.2791046573e-03,1.897395e-02,1.5062867973e+00,1.0000,6.6176e-03
2532.716,1.2791854373e-03,1.899717e-02,1.5062867973e+00,1.0000,6.8165e-03
2533.243,1.2792799644e-03,1.901481e-02,1.5062867973e+00,1.0000,7.0050e-03
2533.770,1.2793876638e-03,1.902636e-02,1.5062867973e+00,1.0000,7.1834e-03
2534.297,1.2795064401e-03,1.903143e-02,1.5062867973e+00,1.0000,7.3530e-03
2534.824,1.2796328009e-03,1.902966e-02,1.5062867973e+00,1.0000,7.5153e-03
2535.351,1.2797620492e-03,1.902078e-02,1.5062867973e+00,1.0000,7.6724e-03
2535.878,1.2798884605e-03,1.900456e-02,1.5062867973e+00,1.0000,7.8265e-03
2536.405,1.2800055411e-03,1.898085e-02,1.5062867973e+00,1.0000,7.9799e-03
2536.932,1.2801065813e-03,1.894956e-02,1.5062867973e+00,1.0000,8.1349e-03
2537.459,1.2801855283e-03,1.891069e-02,1.5062867973e+00,1.0000,8.2940e-03
2537.987,1.2802377964e-03,1.886432e-02,1.5062867973e+00,1.0000,8.4596e-03
2538.514,1.2802608430e-03,1.881064e-02,1.5062867973e+00,1.0000,8.6340e-03
2539.041,1.2802541869e-03,1.874989e-02,1.5062867973e+00,1.0000,8.8196e-03
2539.568,1.2802179557e-03,1.868244e-02,1.5062867973e+00,1.0000,9.0183e-03
2540.095,1.2801532177e-03,1.860873e-02,1.5062867973e+00,1.0000,9.2321e-03
2540.622,1.2800624748e-03,1.852926e-02,1.5062867973e+00,1.0000,9.4629e-03
2541.149,1.2799506732e-03,1.844461e-02,1.5062867973e+00,1.0000,9.7127e-03
2541.676,1.2798236078e-03,1.835543e-02,1.5062867973e+00,1.0000,9.9840e-03
2542.203,1.2796865330e-03,1.826243e-02,1.5062867973e+00,1.0000,1.0280e-02
2542.730,1.2795442354e-03,1.816640e-02,1.5062867973e+00,1.0000,1.0603e-02
2543.258,1.2794015680e-03,1.806804e-02,1.5062867973e+00,1.0000,1.0959e-02
2543.785,1.2792628858e-03,1.796811e-02,1.5062867973e+00,1.0000,1.1382e-02
2544.312,1.2791315004e-03,1.786735e-02,1.5062867973e+00,1.0000,1.1952e-02
2544.839,1.2790098336e-03,1.776649e-02,1.5062867973e+00,1.0000,1.2671e-02
2545.366,1.2788996226e-03,1.766626e-02,1.5062867973e+00,1.0000,1.3539e-02
2545.893,1.2788021852e-03,1.756732e-02,1.5062867973e+00,1.0000,1.4562e-02
2546.420,1.2787191496e-03,1.747030e-02,1.5062867973e+00,1.0000,1.5747e-02
2546.947,1.2786522648e-03,1.737578e-02,1.5062867973e+00,1.0000,1.7110e-02
2547.474,1.2786018793e-03,1.728424e-02,1.5062867973e+00,1.0000,1.8671e-02
2548.001,1.2785672525e-03,1.719615e-02,1.5062867973e+00,1.0000,2.0463e-02
2548.529,1.2785483985e-03,1.711187e-02,1.5062867973e+00,1.0000,2.2534e-02
2549.056,1.2785458147e-03,1.703171e-02,1.5062867973e+00,1.0000,2.4959e-02
2549.583,1.2785592614e-03,1.695591e-02,1.5062867973e+00,1.0000,2.7863e-02
2550.110,1.2785872291e-03,1.688458e-02,1.5062867973e+00,1.0000,3.1135e-02
2550.637,1.2786284728e-03,1.681779e-02,1.5062867973e+00,1.0000,3.4586e-02
2551.164,1.2786813347e-03,1.675556e-02,1.5062867973e+00,1.0000,3.8192e-02
2551.691,1.2787442934e-03,1.669790e-02,1.5062867973e+00,1.0000,4.1918e-02
2552.218,1.2788154754e-03,1.664476e-02,1.5062867973e+00,1.0000,4.5730e-02
2552.745,1.2788928516e-03,1.659602e-02,1.5062867973e+00,1.0000,4.9598e-02
2553.272,1.2789742617e-03,1.655122e-02,1.5062867973e+00,1.0000,5.3541e-02
2553.800,1.2790575619e-03,1.651041e-02,1.5062867973e+00,1.0000,5.7552e-02
2554.327,1.2791407438e-03,1.647355e-02,1.5062867973e+00,1.0000,6.1612e-02
2554.854,1.2792220109e-03,1.644067e-02,1.5062867973e+00,1.0000,6.5699e-02
2555.381,1.2792998310e-03,1.641184e-02,1.5062867973e+00,1.0000,6.9781e-02
2555.908,1.2793729855e-03,1.638732e-02,1.5062867973e+00,1.0000,7.3821e-02
2556.435,1.2794406143e-03,1.636730e-02,1.5062867973e+00,1.0000,7.7769e-02
2556.962,1.2795022383e-03,1.635195e-02,1.5062867973e+00,1.0000,8.1571e-02
2557.489,1.2795577653e-03,1.634131e-02,1.5062867973e+00,1.0000,8.5168e-02
2558.016,1.2796074869e-03,1.633546e-02,1.5062867973e+00,1.0000,8.8494e-02
2558.543,1.2796520514e-03,1.633494e-02,1.5062867973e+00,1.0000,9.1485e-02
2559.071,1.2796924030e-03,1.633992e-02,1.5062867973e+00,1.0000,9.4071e-02
2559.598,1.2797296940e-03,1.635009e-02,1.5062867973e+00,1.0000,9.6189e-02
2560.125,1.2797651788e-03,1.636561e-02,1.5062867973e+00,1.0000,9.7786e-02
2560.652,1.2798000843e-03,1.638667e-02,1.5062867973e+00,1.0000,9.8825e-02
2561.179,1.2798354596e-03,1.641316e-02,1.5062867973e+00,1.0000,9.9301e-02
2561.706,1.2798720296e-03,1.644502e-02,1.5062867973e+00,1.0000,9.9225e-02
2562.233,1.2799100791e-03,1.648219e-02,1.5062867973e+00,1.0000,9.8628e-02
2562.760,1.2799493888e-03,1.652463e-02,1.5062867973e+00,1.0000,9.7554e-02
2563.287,1.2799892376e-03,1.657233e-02,1.5062867973e+00,1.0000,9.6110e-02
2563.814,1.2800284718e-03,1.662523e-02,1.5062867973e+00,1.0000,9.4519e-02
2564.342,1.2800656359e-03,1.668294e-02,1.5062867973e+00,1.0000,9.2843e-02
2564.869,1.2800991480e-03,1.674512e-02,1.5062867973e+00,1.0000,9.1128e-02
2565.396,1.2801274928e-03,1.681135e-02,1.5062867973e+00,1.0000,8.9416e-02
2565.923,1.2801494091e-03,1.688118e-02,1.5062867973e+00,1.0000,8.7742e-02
2566.450,1.2801640555e-03,1.695418e-02,1.5062867973e+00,1.0000,8.6135e-02
2566.977,1.2801711354e-03,1.703029e-02,1.5062867973e+00,1.0000,2.4685e-02
2567.504,1.2801712659e-03,1.710925e-02,1.5062867973e+00,1.0000,2.3886e-02
2568.031,1.2801639530e-03,1.719029e-02,1.5062867973e+00,1.0000,2.2231e-02
2568.558,1.2801529867e-03,1.727289e-02,1.5062867973e+00,1.0000,2.0431e-02
2569.085,1.2801379566e-03,1.735634e-02,1.5062867973e+00,1.0000,1.8382e-02
2569.613,1.2801230053e-03,1.743999e-02,1.5062867973e+00,1.0000,1.6263e-02
2570.140,1.2801101935e-03,1.752329e-02,1.5062867973e+00,1.0000,1.4172e-02
2570.667,1.2801023633e-03,1.760573e-02,1.5062867973e+00,1.0000,1.2167e-02
2571.194,1.2801034689e-03,1.768693e-02,1.5062867973e+00,1.0000,1.0280e-02
2571.721,1.2801130686e-03,1.776655e-02,1.5062867973e+00,1.0000,8.4664e-03
2572.248,1.2801350445e-03,1.784437e-02,1.5062867973e+00,1.0000,6.7087e-03
2572.775,1.2801710578e-03,1.792020e-02,1.5062867973e+00,1.0000,5.8031e-03
2573.302,1.2802207606e-03,1.799412e-02,1.5062867973e+00,1.0000,5.1669e-03
2573.829,1.2802834173e-03,1.806613e-02,1.5062867973e+00,1.0000,4.5792e-03
2574.356,1.2803569724e-03,1.813617e-02,1.5062867973e+00,1.0000,4.2272e-03
2574.884,1.2804381901e-03,1.820441e-02,1.5062867973e+00,1.0000,3.9279e-03
2575.411,1.2805230681e-03,1.827083e-02,1.5062867973e+00,1.0000,3.6184e-03
2575.938,1.2806074749e-03,1.833539e-02,1.5062867973e+00,1.0000,3.3470e-03
2576.465,1.2806873980e-03,1.839794e-02,1.5062867973e+00,1.0000,3.8252e-03
2576.992,1.2807589641e-03,1.845818e-02,1.5062867973e+00,1.0000,4.5452e-03
2577.519,1.2808186971e-03,1.851585e-02,1.5062867973e+00,1.0000,5.1563e-03
2578.046,1.2808638196e-03,1.857078e-02,1.5062867973e+00,1.0000,5.6615e-03
2578.573,1.2808920030e-03,1.862272e-02,1.5062867973e+00,1.0000,6.0602e-03
2579.100,1.2809015334e-03,1.867099e-02,1.5062867973e+00,1.0000,6.3549e-03
2579.627,1.2808916744e-03,1.871543e-02,1.5062867973e+00,1.0000,6.5557e-03
2580.155,1.2808629320e-03,1.875607e-02,1.5062867973e+00,1.0000,6.6781e-03
2580.682,1.2808144707e-03,1.879243e-02,1.5062867973e+00,1.0000,6.7393e-03
2581.209,1.2807465448e-03,1.882417e-02,1.5062867973e+00,1.0000,6.7501e-03
2581.736,1.2806598885e-03,1.885069e-02,1.5062867973e+00,1.0000,6.7426e-03
2582.263,1.2805545960e-03,1.887144e-02,1.5062867973e+00,1.0000,6.7357e-03
2582.790,1.2804311664e-03,1.888600e-02,1.5062867973e+00,1.0000,6.7371e-03
2583.317,1.2802913544e-03,1.889402e-02,1.5062867973e+00,1.0000,6.7524e-03
2583.844,1.2801374562e-03,1.889525e-02,1.5062867973e+00,1.0000,6.7848e-03
2584.371,1.2799715235e-03,1.888956e-02,1.5062867973e+00,1.0000,6.8357e-03
2584.898,1.2797953241e-03,1.887691e-02,1.5062867973e+00,1.0000,6.9050e-03
2585.426,1.2796106224e-03,1.885740e-02,1.5062867973e+00,1.0000,6.9914e-03
2585.953,1.2794193958e-03,1.883123e-02,1.5062867973e+00,1.0000,7.0927e-03
2586.480,1.2792239252e-03,1.879872e-02,1.5062867973e+00,1.0000,7.2062e-03
2587.007,1.2790267193e-03,1.876029e-02,1.5062867973e+00,1.0000,7.3291e-03
2587.534,1.2788302505e-03,1.871646e-02,1.5062867973e+00,1.0000,7.4583e-03
2588.061,1.2786366365e-03,1.866782e-02,1.5062867973e+00,1.0000,7.5911e-03
2588.588,1.2784474638e-03,1.861504e-02,1.5062867973e+00,1.0000,7.7250e-03
2589.115,1.2782638287e-03,1.855884e-02,1.5062867973e+00,1.0000,7.8580e-03
2589.642,1.2780865047e-03,1.849996e-02,1.5062867973e+00,1.0000,7.9887e-03
2590.169,1.2779160973e-03,1.843917e-02,1.5062867973e+00,1.0000,8.1163e-03
2590.697,1.2777531158e-03,1.837723e-02,1.5062867973e+00,1.0000,8.2407e-03
2591.224,1.2775979763e-03,1.831490e-02,1.5062867973e+00,1.0000,8.3623e-03
2591.751,1.2774509896e-03,1.825289e-02,1.5062867973e+00,1.0000,8.4822e-03
2592.278,1.2773123641e-03,1.819190e-02,1.5062867973e+00,1.0000,8.6018e-03
2592.805,1.2771822258e-03,1.813255e-02,1.5062867973e+00,1.0000,8.7230e-03
2593.332,1.2770606356e-03,1.807542e-02,1.5062867973e+00,1.0000,8.8476e-03
2593.859,1.2769475870e-03,1.802100e-02,1.5062867973e+00,1.0000,8.9778e-03
2594.386,1.2768429775e-03,1.796973e-02,1.5062867973e+00,1.0000,9.1151e-03
2594.913,1.2767465528e-03,1.792197e-02,1.5062867973e+00,1.0000,9.2610e-03
2595.440,1.2766578323e-03,1.787798e-02,1.5062867973e+00,1.0000,9.4165e-03
2595.968,1.2765760280e-03,1.783796e-02,1.5062867973e+00,1.0000,9.5949e-03
2596.495,1.2764999742e-03,1.780204e-02,1.5062867973e+00,1.0000,9.8609e-03
2597.022,1.2764280932e-03,1.777026e-02,1.5062867973e+00,1.0000,1.0213e-02
2597.549,1.2763584230e-03,1.774259e-02,1.5062867973e+00,1.0000,1.0639e-02
2598.076,1.2762887290e-03,1.771896e-02,1.5062867973e+00,1.0000,1.1127e-02
2598.603,1.2762167051e-03,1.769922e-02,1.5062867973e+00,1.0000,1.1664e-02
2599.130,1.2761402518e-03,1.768316e-02,1.5062867973e+00,1.0000,1.2236e-02
2599.657,1.2760577948e-03,1.767058e-02,1.5062867973e+00,1.0000,1.2828e-02
2600.184,1.2759685921e-03,1.766119e-02,1.5062867973e+00,1.0000,1.3425e-02
2600.711,1.2758729709e-03,1.765474e-02,1.5062867973e+00,1.0000,1.4007e-02
2601.239,1.2757724411e-03,1.765094e-02,1.5062867973e+00,1.0000,1.4556e-02
2601.766,1.2756696588e-03,1.764948e-02,1.5062867973e+00,1.0000,1.5049e-02
2602.293,1.2755682376e-03,1.765001e-02,1.5062867973e+00,1.0000,1.5466e-02
2602.820,1.2754724389e-03,1.765239e-02,1.5062867973e+00,1.0000,1.5785e-02
2603.347,1.2753867971e-03,1.765647e-02,1.5062867973e+00,1.0000,1.5985e-02
2603.874,1.2753157393e-03,1.766199e-02,1.5062867973e+00,1.0000,1.6039e-02
2604.401,1.2752632720e-03,1.766883e-02,1.5062867973e+00,1.0000,1.5921e-02
2604.928,1.2752328435e-03,1.767684e-02,1.5062867973e+00,1.0000,1.5613e-02
2605.455,1.2752269133e-03,1.768588e-02,1.5062867973e+00,1.0000,1.5116e-02
2605.982,1.2752465435e-03,1.769585e-02,1.5062867973e+00,1.0000,1.4448e-02
2606.510,1.2752947478e-03,1.770665e-02,1.5062867973e+00,1.0000,1.3640e-02
2607.037,1.2753722645e-03,1.771818e-02,1.5062867973e+00,1.0000,1.2741e-02
2607.564,1.2754763668e-03,1.773041e-02,1.5062867973e+00,1.0000,1.1805e-02
2608.091,1.2756056624e-03,1.774337e-02,1.5062867973e+00,1.0000,1.0875e-02
2608.618,1.2757598250e-03,1.775716e-02,1.5062867973e+00,1.0000,9.9816e-03
2609.145,1.2759368913e-03,1.777187e-02,1.5062867973e+00,1.0000,9.1450e-03
2609.672,1.2761332378e-03,1.778763e-02,1.5062867973e+00,1.0000,8.3766e-03
2610.199,1.2763453741e-03,1.780458e-02,1.5062867973e+00,1.0000,7.6813e-03
2610.726,1.2765706812e-03,1.782287e-02,1.5062867973e+00,1.0000,7.0594e-03
2611.253,1.2768068373e-03,1.784262e-02,1.5062867973e+00,1.0000,6.5081e-03
2611.781,1.2770511281e-03,1.786393e-02,1.5062867973e+00,1.0000,6.0233e-03
2612.308,1.2773003177e-03,1.788690e-02,1.5062867973e+00,1.0000,5.6032e-03
2612.835,1.2775510164e-03,1.791159e-02,1.5062867973e+00,1.0000,5.2599e-03
2613.362,1.2778002580e-03,1.793802e-02,1.5062867973e+00,1.0000,5.0016e-03
2613.889,1.2780459962e-03,1.796612e-02,1.5062867973e+00,1.0000,4.8308e-03
2614.416,1.2782872194e-03,1.799581e-02,1.5062867973e+00,1.0000,4.7485e-03
2614.943,1.2785234940e-03,1.802700e-02,1.5062867973e+00,1.0000,4.7513e-03
2615.470,1.2787540448e-03,1.805955e-02,1.5062867973e+00,1.0000,4.8316e-03
2615.997,1.2789768155e-03,1.809341e-02,1.5062867973e+00,1.0000,4.9755e-03
2616.524,1.2791880704e-03,1.812841e-02,1.5062867973e+00,1.0000,5.1670e-03
2617.052,1.2793828659e-03,1.816405e-02,1.5062867973e+00,1.0000,5.3924e-03
2617.579,1.2795562651e-03,1.819994e-02,1.5062867973e+00,1.0000,5.6415e-03
2618.106,1.2797047955e-03,1.823594e-02,1.5062867973e+00,1.0000,5.9078e-03
2618.633,1.2798275705e-03,1.827163e-02,1.5062867973e+00,1.0000,6.1866e-03
2619.160,1.2799267037e-03,1.830648e-02,1.5062867973e+00,1.0000,6.4739e-03
2619.687,1.2800069732e-03,1.834006e-02,1.5062867973e+00,1.0000,6.7663e-03
2620.214,1.2800749756e-03,1.837187e-02,1.5062867973e+00,1.0000,7.0612e-03
2620.741,1.2801381388e-03,1.840142e-02,1.5062867973e+00,1.0000,7.3564e-03
2621.268,1.2802039033e-03,1.842824e-02,1.5062867973e+00,1.0000,7.6499e-03
2621.795,1.2802791801e-03,1.845189e-02,1.5062867973e+00,1.0000,7.9399e-03
2622.323,1.2803699857e-03,1.847193e-02,1.5062867973e+00,1.0000,8.2247e-03
2622.850,1.2804810972e-03,1.848801e-02,1.5062867973e+00,1.0000,8.5026e-03
2623.377,1.2806156876e-03,1.849979e-02,1.5062867973e+00,1.0000,8.7720e-03
2623.904,1.2807750602e-03,1.850699e-02,1.5062867973e+00,1.0000,9.0336e-03
2624.431,1.2809586357e-03,1.850938e-02,1.5062867973e+00,1.0000,9.3383e-03
2624.958,1.2811642084e-03,1.850680e-02,1.5062867973e+00,1.0000,9.7002e-03
2625.485,1.2813883133e-03,1.849916e-02,1.5062867973e+00,1.0000,1.0110e-02
2626.012,1.2816264777e-03,1.848645e-02,1.5062867973e+00,1.0000,1.0558e-02
2626.539,1.2818732437e-03,1.846869e-02,1.5062867973e+00,1.0000,1.1036e-02
2627.066,1.2821220441e-03,1.844601e-02,1.5062867973e+00,1.0000,1.1535e-02
2627.594,1.2823651504e-03,1.841856e-02,1.5062867973e+00,1.0000,1.2048e-02
2628.121,1.2825938816e-03,1.838656e-02,1.5062867973e+00,1.0000,1.2565e-02
2628.648,1.2827991005e-03,1.835028e-02,1.5062867973e+00,1.0000,1.3082e-02
2629.175,1.2829718763e-03,1.831005e-02,1.5062867973e+00,1.0000,1.3592e-02
2629.702,1.2831040573e-03,1.826625e-02,1.5062867973e+00,1.0000,1.4088e-02
2630.229,1.2831887704e-03,1.821933e-02,1.5062867973e+00,1.0000,1.4559e-02
2630.756,1.2832213384e-03,1.816969e-02,1.5062867973e+00,1.0000,1.4999e-02
2631.283,1.2831994734e-03,1.811775e-02,1.5062867973e+00,1.0000,1.5407e-02
2631.810,1.2831225640e-03,1.806391e-02,1.5062867973e+00,1.0000,1.5787e-02
2632.337,1.2829924848e-03,1.800858e-02,1.5062867973e+00,1.0000,1.6148e-02
2632.865,1.2828149643e-03,1.795217e-02,1.5062867973e+00,1.0000,1.6501e-02
2633.392,1.2825989223e-03,1.789507e-02,1.5062867973e+00,1.0000,1.6864e-02
2633.919,1.2823539550e-03,1.783768e-02,1.5062867973e+00,1.0000,1.7254e-02
2634.446,1.2820877044e-03,1.778044e-02,1.5062867973e+00,1.0000,1.7692e-02
2634.973,1.2818062041e-03,1.772379e-02,1.5062867973e+00,1.0000,1.8197e-02
2635.500,1.2815162407e-03,1.766805e-02,1.5062867973e+00,1.0000,1.8790e-02
2636.027,1.2812256577e-03,1.761343e-02,1.5062867973e+00,1.0000,1.9489e-02
2636.554,1.2809416205e-03,1.756016e-02,1.5062867973e+00,1.0000,2.0315e-02
2637.081,1.2806694266e-03,1.750845e-02,1.5062867973e+00,1.0000,2.1292e-02
2637.608,1.2804126454e-03,1.745848e-02,1.5062867973e+00,1.0000,2.2445e-02
2638.136,1.2801735411e-03,1.741052e-02,1.5062867973e+00,1.0000,2.3793e-02
2638.663,1.2799531999e-03,1.736475e-02,1.5062867973e+00,1.0000,2.5412e-02
2639.190,1.2797516293e-03,1.732123e-02,1.5062867973e+00,1.0000,2.7360e-02
2639.717,1.2795680401e-03,1.728000e-02,1.5062867973e+00,1.0000,2.9713e-02
2640.244,1.2794012959e-03,1.724103e-02,1.5062867973e+00,1.0000,3.2604e-02
2640.771,1.2792503007e-03,1.720426e-02,1.5062867973e+00,1.0000,3.6201e-02
2641.298,1.2791140614e-03,1.716957e-02,1.5062867973e+00,1.0000,3.9968e-02
2641.825,1.2789915693e-03,1.713684e-02,1.5062867973e+00,1.0000,4.3703e-02
2642.352,1.2788818081e-03,1.710599e-02,1.5062867973e+00,1.0000,4.7384e-02
2642.879,1.2787838497e-03,1.707693e-02,1.5062867973e+00,1.0000,5.0990e-02
2643.407,1.2786968070e-03,1.704955e-02,1.5062867973e+00,1.0000,5.4504e-02
2643.934,1.2786196658e-03,1.702371e-02,1.5062867973e+00,1.0000,5.7928e-02
2644.461,1.2785512124e-03,1.699951e-02,1.5062867973e+00,1.0000,6.1249e-02
2644.988,1.2784901356e-03,1.697703e-02,1.5062867973e+00,1.0000,6.4451e-02
2645.515,1.2784351768e-03,1.695644e-02,1.5062867973e+00,1.0000,6.7518e-02
2646.042,1.2783852079e-03,1.693793e-02,1.5062867973e+00,1.0000,7.0433e-02
2646.569,1.2783392525e-03,1.692183e-02,1.5062867973e+00,1.0000,7.3179e-02
2647.096,1.2782965246e-03,1.690844e-02,1.5062867973e+00,1.0000,7.5737e-02
2647.623,1.2782564951e-03,1.689808e-02,1.5062867973e+00,1.0000,7.8088e-02
2648.150,1.2782189373e-03,1.689109e-02,1.5062867973e+00,1.0000,8.0215e-02
2648.678,1.2781839202e-03,1.688781e-02,1.5062867973e+00,1.0000,8.2105e-02
2649.205,1.2781517600e-03,1.688855e-02,1.5062867973e+00,1.0000,8.3746e-02
2649.732,1.2781229426e-03,1.689361e-02,1.5062867973e+00,1.0000,8.5135e-02
2650.259,1.2780980057e-03,1.690330e-02,1.5062867973e+00,1.0000,8.6270e-02
2650.786,1.2780773837e-03,1.691791e-02,1.5062867973e+00,1.0000,8.7155e-02
2651.313,1.2780612585e-03,1.693773e-02,1.5062867973e+00,1.0000,8.7796e-02
2651.840,1.2780494806e-03,1.696298e-02,1.5062867973e+00,1.0000,8.8203e-02
2652.367,1.2780415671e-03,1.699390e-02,1.5062867973e+00,1.0000,8.8431e-02
2652.894,1.2780361504e-03,1.703053e-02,1.5062867973e+00,1.0000,8.8525e-02
2653.421,1.2780341084e-03,1.707285e-02,1.5062867973e+00,1.0000,8.8501e-02
2653.949,1.2780332392e-03,1.712076e-02,1.5062867973e+00,1.0000,8.8376e-02
2654.476,1.2780322244e-03,1.717425e-02,1.5062867973e+00,1.0000,1.7167e-02
2655.003,1.2780311168e-03,1.723312e-02,1.5062867973e+00,1.0000,1.6520e-02
2655.530,1.2780295678e-03,1.729694e-02,1.5062867973e+00,1.0000,1.4883e-02
2656.057,1.2780278542e-03,1.736531e-02,1.5062867973e+00,1.0000,1.3197e-02
2656.584,1.2780270667e-03,1.743781e-02,1.5062867973e+00,1.0000,1.1553e-02
2657.111,1.2780276184e-03,1.751396e-02,1.5062867973e+00,1.0000,9.9561e-03
2657.638,1.2780306578e-03,1.759313e-02,1.5062867973e+00,1.0000,8.3524e-03
2658.165,1.2780403547e-03,1.767474e-02,1.5062867973e+00,1.0000,6.8443e-03
2658.692,1.2780578192e-03,1.775821e-02,1.5062867973e+00,1.0000,5.5055e-03
2659.220,1.2780853364e-03,1.784308e-02,1.5062867973e+00,1.0000,5.3302e-03
2659.747,1.2781242643e-03,1.792906e-02,1.5062867973e+00,1.0000,5.1529e-03
2660.274,1.2781752017e-03,1.801581e-02,1.5062867973e+00,1.0000,4.9782e-03
2660.801,1.2782377795e-03,1.810307e-02,1.5062867973e+00,1.0000,4.8103e-03
2661.328,1.2783108703e-03,1.819060e-02,1.5062867973e+00,1.0000,4.6491e-03
2661.855,1.2783929044e-03,1.827813e-02,1.5062867973e+00,1.0000,4.4900e-03
2662.382,1.2784821485e-03,1.836553e-02,1.5062867973e+00,1.0000,4.4010e-03
2662.909,1.2785769255e-03,1.845271e-02,1.5062867973e+00,1.0000,4.3067e-03
2663.436,1.2786756830e-03,1.853954e-02,1.5062867973e+00,1.0000,4.1931e-03
2663.963,1.2787769537e-03,1.862587e-02,1.5062867973e+00,1.0000,4.0604e-03
2664.491,1.2788792672e-03,1.871150e-02,1.5062867973e+00,1.0000,3.9093e-03
2665.018,1.2789810040e-03,1.879627e-02,1.5062867973e+00,1.0000,3.8272e-03
2665.545,1.2790801179e-03,1.887991e-02,1.5062867973e+00,1.0000,3.7454e-03
2666.072,1.2791738419e-03,1.896210e-02,1.5062867973e+00,1.0000,3.6541e-03
2666.599,1.2792587001e-03,1.904252e-02,1.5062867973e+00,1.0000,3.5499e-03
2667.126,1.2793309869e-03,1.912080e-02,1.5062867973e+00,1.0000,3.4299e-03
2667.653,1.2793874613e-03,1.919654e-02,1.5062867973e+00,1.0000,3.2919e-03
2668.180,1.2794256611e-03,1.926931e-02,1.5062867973e+00,1.0000,3.1330e-03
2668.707,1.2794435449e-03,1.933867e-02,1.5062867973e+00,1.0000,2.9521e-03
2669.234,1.2794392025e-03,1.940416e-02,1.5062867973e+00,1.0000,2.7496e-03
2669.762,1.2794124720e-03,1.946531e-02,1.5062867973e+00,1.0000,2.5266e-03
2670.289,1.2793640234e-03,1.952167e-02,1.5062867973e+00,1.0000,2.2844e-03
2670.816,1.2792961512e-03,1.957281e-02,1.5062867973e+00,1.0000,2.0252e-03
2671.343,1.2792103144e-03,1.961816e-02,1.5062867973e+00,1.0000,1.7516e-03
2671.870,1.2791084566e-03,1.965737e-02,1.5062867973e+00,1.0000,1.7631e-03
2672.397,1.2789937192e-03,1.969006e-02,1.5062867973e+00,1.0000,2.0694e-03
2672.924,1.2788699778e-03,1.971585e-02,1.5062867973e+00,1.0000,2.4101e-03
2673.451,1.2787412444e-03,1.973433e-02,1.5062867973e+00,1.0000,2.7799e-03
2673.978,1.2786110745e-03,1.974516e-02,1.5062867973e+00,1.0000,3.1739e-03
2674.505,1.2784821089e-03,1.974803e-02,1.5062867973e+00,1.0000,3.5875e-03
2675.033,1.2783560534e-03,1.974268e-02,1.5062867973e+00,1.0000,4.0165e-03
2675.560,1.2782340765e-03,1.972894e-02,1.5062867973e+00,1.0000,4.4567e-03
2676.087,1.2781171474e-03,1.970673e-02,1.5062867973e+00,1.0000,4.9038e-03
2676.614,1.2780060666e-03,1.967604e-02,1.5062867973e+00,1.0000,5.3537e-03
2677.141,1.2779013525e-03,1.963696e-02,1.5062867973e+00,1.0000,5.8024e-03
2677.668,1.2778032037e-03,1.958970e-02,1.5062867973e+00,1.0000,6.2459e-03
2678.195,1.2777115636e-03,1.953453e-02,1.5062867973e+00,1.0000,6.6807e-03
2678.722,1.2776262032e-03,1.947184e-02,1.5062867973e+00,1.0000,7.1037e-03
2679.249,1.2775467668e-03,1.940209e-02,1.5062867973e+00,1.0000,7.5122e-03
2679.776,1.2774727973e-03,1.932581e-02,1.5062867973e+00,1.0000,7.9043e-03
2680.304,1.2774037729e-03,1.924363e-02,1.5062867973e+00,1.0000,8.2791e-03
2680.831,1.2773391591e-03,1.915622e-02,1.5062867973e+00,1.0000,8.6363e-03
2681.358,1.2772784814e-03,1.906430e-02,1.5062867973e+00,1.0000,8.9766e-03
2681.885,1.2772214491e-03,1.896863e-02,1.5062867973e+00,1.0000,9.3018e-03
2682.412,1.2771681195e-03,1.886999e-02,1.5062867973e+00,1.0000,9.6147e-03
2682.939,1.2771190089e-03,1.876917e-02,1.5062867973e+00,1.0000,9.9187e-03
2683.466,1.2770750613e-03,1.866694e-02,1.5062867973e+00,1.0000,1.0218e-02
2683.993,1.2770375158e-03,1.856407e-02,1.5062867973e+00,1.0000,1.0519e-02
2684.520,1.2770078383e-03,1.846130e-02,1.5062867973e+00,1.0000,1.0825e-02
2685.047,1.2769877516e-03,1.835931e-02,1.5062867973e+00,1.0000,1.1143e-02
2685.575,1.2769789140e-03,1.825877e-02,1.5062867973e+00,1.0000,1.1479e-02
2686.102,1.2769835057e-03,1.816026e-02,1.5062867973e+00,1.0000,1.1840e-02
2686.629,1.2770010161e-03,1.806431e-02,1.5062867973e+00,1.0000,1.2230e-02
2687.156,1.2770316512e-03,1.797141e-02,1.5062867973e+00,1.0000,1.2657e-02
2687.683,1.2770736558e-03,1.788197e-02,1.5062867973e+00,1.0000,1.3125e-02
2688.210,1.2771252356e-03,1.779632e-02,1.5062867973e+00,1.0000,1.3641e-02
2688.737,1.2771839904e-03,1.771476e-02,1.5062867973e+00,1.0000,1.4211e-02
2689.264,1.2772470246e-03,1.763750e-02,1.5062867973e+00,1.0000,1.4844e-02
2689.791,1.2773111544e-03,1.756473e-02,1.5062867973e+00,1.0000,1.5547e-02
2690.318,1.2773734890e-03,1.749655e-02,1.5062867973e+00,1.0000,1.6350e-02
2690.846,1.2774316555e-03,1.743304e-02,1.5062867973e+00,1.0000,1.7431e-02
2691.373,1.2774839722e-03,1.737425e-02,1.5062867973e+00,1.0000,1.8835e-02
2691.900,1.2775298701e-03,1.732017e-02,1.5062867973e+00,1.0000,2.0565e-02
2692.427,1.2775698013e-03,1.727078e-02,1.5062867973e+00,1.0000,2.2644e-02
2692.954,1.2776047092e-03,1.722603e-02,1.5062867973e+00,1.0000,2.5114e-02
2693.481,1.2776358330e-03,1.718582e-02,1.5062867973e+00,1.0000,2.7874e-02
2694.008,1.2776648272e-03,1.715001e-02,1.5062867973e+00,1.0000,3.0683e-02
2694.535,1.2776937305e-03,1.711855e-02,1.5062867973e+00,1.0000,3.3633e-02
2695.062,1.2777247277e-03,1.709137e-02,1.5062867973e+00,1.0000,3.6713e-02
2695.589,1.2777599083e-03,1.706845e-02,1.5062867973e+00,1.0000,3.9869e-02
2696.117,1.2778010884e-03,1.704977e-02,1.5062867973e+00,1.0000,4.3051e-02
2696.644,1.2778497223e-03,1.703536e-02,1.5062867973e+00,1.0000,4.6212e-02
2697.171,1.2779069903e-03,1.702533e-02,1.5062867973e+00,1.0000,4.9311e-02
2697.698,1.2779740486e-03,1.701989e-02,1.5062867973e+00,1.0000,5.2306e-02
2698.225,1.2780522116e-03,1.701910e-02,1.5062867973e+00,1.0000,5.5163e-02
2698.752,1.2781428272e-03,1.702296e-02,1.5062867973e+00,1.0000,5.7856e-02
2699.279,1.2782468932e-03,1.703159e-02,1.5062867973e+00,1.0000,6.0365e-02
2699.806,1.2783647569e-03,1.704508e-02,1.5062867973e+00,1.0000,6.2679e-02
2700.333,1.2784961720e-03,1.706353e-02,1.5062867973e+00,1.0000,6.4791e-02
2700.860,1.2786406004e-03,1.708701e-02,1.5062867973e+00,1.0000,6.6701e-02
2701.388,1.2787973535e-03,1.711558e-02,1.5062867973e+00,1.0000,6.8415e-02
2701.915,1.2789653128e-03,1.714924e-02,1.5062867973e+00,1.0000,6.9941e-02
2702.442,1.2791424028e-03,1.718797e-02,1.5062867973e+00,1.0000,5.5576e-02
2702.969,1.2793252475e-03,1.723160e-02,1.5062867973e+00,1.0000,1.6704e-02
2703.496,1.2795093007e-03,1.727997e-02,1.5062867973e+00,1.0000,4.0176e-03
2704.023,1.2796893800e-03,1.733288e-02,1.5062867973e+00,1.0000,4.1443e-03
2704.550,1.2798603158e-03,1.739018e-02,1.5062867973e+00,1.0000,5.1704e-03
2705.077,1.2800174892e-03,1.745154e-02,1.5062867973e+00,1.0000,5.1372e-03
2705.604,1.2801572209e-03,1.751647e-02,1.5062867973e+00,1.0000,4.3558e-03
2706.131,1.2802770850e-03,1.758444e-02,1.5062867973e+00,1.0000,4.2481e-03
2706.659,1.2803761901e-03,1.765508e-02,1.5062867973e+00,1.0000,4.1099e-03
2707.186,1.2804553892e-03,1.772787e-02,1.5062867973e+00,1.0000,3.9377e-03
2707.713,1.2805173352e-03,1.780228e-02,1.5062867973e+00,1.0000,3.7364e-03
2708.240,1.2805663311e-03,1.787776e-02,1.5062867973e+00,1.0000,3.5119e-03
2708.767,1.2806079804e-03,1.795372e-02,1.5062867973e+00,1.0000,3.2718e-03
2709.294,1.2806486838e-03,1.802958e-02,1.5062867973e+00,1.0000,3.0213e-03
2709.821,1.2806950458e-03,1.810475e-02,1.5062867973e+00,1.0000,3.6462e-03
2710.348,1.2807532467e-03,1.817862e-02,1.5062867973e+00,1.0000,4.4603e-03
2710.875,1.2808284345e-03,1.825060e-02,1.5062867973e+00,1.0000,5.2083e-03
2711.402,1.2809241886e-03,1.832008e-02,1.5062867973e+00,1.0000,5.8865e-03
2711.930,1.2810421077e-03,1.838648e-02,1.5062867973e+00,1.0000,6.4949e-03
2712.457,1.2811815751e-03,1.844929e-02,1.5062867973e+00,1.0000,7.0366e-03
2712.984,1.2813397383e-03,1.850795e-02,1.5062867973e+00,1.0000,7.5221e-03
2713.511,1.2815117210e-03,1.856197e-02,1.5062867973e+00,1.0000,7.9523e-03
2714.038,1.2816910559e-03,1.861095e-02,1.5062867973e+00,1.0000,8.3255e-03
2714.565,1.2818702924e-03,1.865440e-02,1.5062867973e+00,1.0000,8.6408e-03
2715.092,1.2820417064e-03,1.869192e-02,1.5062867973e+00,1.0000,8.8965e-03
2715.619,1.2821980183e-03,1.872325e-02,1.5062867973e+00,1.0000,9.0941e-03
2716.146,1.2823330261e-03,1.874815e-02,1.5062867973e+00,1.0000,9.2495e-03
2716.673,1.2824420727e-03,1.876647e-02,1.5062867973e+00,1.0000,9.3721e-03
2717.201,1.2825222976e-03,1.877826e-02,1.5062867973e+00,1.0000,9.4699e-03
2717.728,1.2825726622e-03,1.878359e-02,1.5062867973e+00,1.0000,9.5496e-03
2718.255,1.2825937625e-03,1.878245e-02,1.5062867973e+00,1.0000,9.6166e-03
2718.782,1.2825875153e-03,1.877495e-02,1.5062867973e+00,1.0000,9.6758e-03
2719.309,1.2825564513e-03,1.876129e-02,1.5062867973e+00,1.0000,9.7319e-03
2719.836,1.2825040349e-03,1.874176e-02,1.5062867973e+00,1.0000,9.7897e-03
2720.363,1.2824331653e-03,1.871670e-02,1.5062867973e+00,1.0000,9.8538e-03
2720.890,1.2823465383e-03,1.868648e-02,1.5062867973e+00,1.0000,9.9292e-03
2721.417,1.2822461802e-03,1.865156e-02,1.5062867973e+00,1.0000,1.0021e-02
2721.944,1.2821339372e-03,1.861241e-02,1.5062867973e+00,1.0000,1.0133e-02
2722.472,1.2820113798e-03,1.856954e-02,1.5062867973e+00,1.0000,1.0272e-02
2722.999,1.2818792070e-03,1.852348e-02,1.5062867973e+00,1.0000,1.0441e-02
2723.526,1.2817371315e-03,1.847478e-02,1.5062867973e+00,1.0000,1.0645e-02
2724.053,1.2815847436e-03,1.842398e-02,1.5062867973e+00,1.0000,1.0888e-02
2724.580,1.2814220020e-03,1.837166e-02,1.5062867973e+00,1.0000,1.1174e-02
2725.107,1.2812489105e-03,1.831834e-02,1.5062867973e+00,1.0000,1.1507e-02
2725.634,1.2810654280e-03,1.826458e-02,1.5062867973e+00,1.0000,1.1889e-02
2726.161,1.2808719052e-03,1.821087e-02,1.5062867973e+00,1.0000,1.2321e-02
2726.688,1.2806693690e-03,1.815772e-02,1.5062867973e+00,1.0000,1.2805e-02
2727.215,1.2804593754e-03,1.810558e-02,1.5062867973e+00,1.0000,1.3340e-02
2727.743,1.2802437182e-03,1.805489e-02,1.5062867973e+00,1.0000,1.3926e-02
2728.270,1.2800241722e-03,1.800604e-02,1.5062867973e+00,1.0000,1.4561e-02
2728.797,1.2798022749e-03,1.795939e-02,1.5062867973e+00,1.0000,1.5240e-02
2729.324,1.2795792418e-03,1.791527e-02,1.5062867973e+00,1.0000,1.5958e-02
2729.851,1.2793561145e-03,1.787396e-02,1.5062867973e+00,1.0000,1.6709e-02
2730.378,1.2791340135e-03,1.783570e-02,1.5062867973e+00,1.0000,1.7483e-02
2730.905,1.2789142535e-03,1.780071e-02,1.5062867973e+00,1.0000,1.8267e-02
2731.432,1.2786982343e-03,1.776915e-02,1.5062867973e+00,1.0000,1.9049e-02
2731.959,1.2784872502e-03,1.774115e-02,1.5062867973e+00,1.0000,1.9810e-02
2732.486,1.2782823806e-03,1.771681e-02,1.5062867973e+00,1.0000,2.0529e-02
2733.014,1.2780844861e-03,1.769620e-02,1.5062867973e+00,1.0000,2.1183e-02
2733.541,1.2778942280e-03,1.767934e-02,1.5062867973e+00,1.0000,2.1743e-02
2734.068,1.2777120566e-03,1.766625e-02,1.5062867973e+00,1.0000,2.2179e-02
2734.595,1.2775382002e-03,1.765690e-02,1.5062867973e+00,1.0000,2.2471e-02
2735.122,1.2773727129e-03,1.765125e-02,1.5062867973e+00,1.0000,2.2619e-02
2735.649,1.2772155882e-03,1.764924e-02,1.5062867973e+00,1.0000,2.2587e-02
2736.176,1.2770668809e-03,1.765081e-02,1.5062867973e+00,1.0000,2.2342e-02
2736.703,1.2769267644e-03,1.765594e-02,1.5062867973e+00,1.0000,2.1856e-02
2737.230,1.2767954932e-03,1.766456e-02,1.5062867973e+00,1.0000,2.1104e-02
2737.757,1.2766732934e-03,1.767660e-02,1.5062867973e+00,1.0000,2.0092e-02
2738.285,1.2765602350e-03,1.769195e-02,1.5062867973e+00,1.0000,1.8856e-02
2738.812,1.2764561374e-03,1.771049e-02,1.5062867973e+00,1.0000,1.7451e-02
2739.339,1.2763605318e-03,1.773208e-02,1.5062867973e+00,1.0000,1.5954e-02
2739.866,1.2762726840e-03,1.775659e-02,1.5062867973e+00,1.0000,1.4442e-02
2740.393,1.2761916650e-03,1.778392e-02,1.5062867973e+00,1.0000,1.2997e-02
2740.920,1.2761164521e-03,1.781401e-02,1.5062867973e+00,1.0000,1.1677e-02
2741.447,1.2760460447e-03,1.784678e-02,1.5062867973e+00,1.0000,1.0488e-02
2741.974,1.2759795777e-03,1.788220e-02,1.5062867973e+00,1.0000,9.4249e-03
2742.501,1.2759164221e-03,1.792020e-02,1.5062867973e+00,1.0000,8.4755e-03
2743.028,1.2758562645e-03,1.796074e-02,1.5062867973e+00,1.0000,7.6246e-03
2743.556,1.2757991648e-03,1.800377e-02,1.5062867973e+00,1.0000,6.8557e-03
2744.083,1.2757455904e-03,1.804922e-02,1.5062867973e+00,1.0000,6.1531e-03
2744.610,1.2756964268e-03,1.809702e-02,1.5062867973e+00,1.0000,5.5020e-03
2745.137,1.2756529495e-03,1.814707e-02,1.5062867973e+00,1.0000,4.8906e-03
2745.664,1.2756167474e-03,1.819926e-02,1.5062867973e+00,1.0000,4.3301e-03
2746.191,1.2755895941e-03,1.825345e-02,1.5062867973e+00,1.0000,3.8399e-03
2746.718,1.2755732937e-03,1.830948e-02,1.5062867973e+00,1.0000,3.4272e-03
2747.245,1.2755695949e-03,1.836717e-02,1.5062867973e+00,1.0000,3.0910e-03
2747.772,1.2755798936e-03,1.842627e-02,1.5062867973e+00,1.0000,2.8276e-03
2748.299,1.2756061618e-03,1.848652e-02,1.5062867973e+00,1.0000,2.6413e-03
2748.827,1.2756499426e-03,1.854764e-02,1.5062867973e+00,1.0000,2.5434e-03
2749.354,1.2757127069e-03,1.860948e-02,1.5062867973e+00,1.0000,2.4536e-03
2749.881,1.2757960574e-03,1.867172e-02,1.5062867973e+00,1.0000,2.3972e-03
2750.408,1.2759009016e-03,1.873402e-02,1.5062867973e+00,1.0000,2.3925e-03
2750.935,1.2760267672e-03,1.879611e-02,1.5062867973e+00,1.0000,2.4083e-03
2751.462,1.2761714656e-03,1.885758e-02,1.5062867973e+00,1.0000,2.4376e-03
2751.989,1.2763314908e-03,1.891807e-02,1.5062867973e+00,1.0000,2.4751e-03
2752.516,1.2765028311e-03,1.897718e-02,1.5062867973e+00,1.0000,2.5174e-03
2753.043,1.2766819072e-03,1.903460e-02,1.5062867973e+00,1.0000,2.5621e-03
2753.570,1.2768662450e-03,1.909001e-02,1.5062867973e+00,1.0000,2.6081e-03
2754.098,1.2770546057e-03,1.914312e-02,1.5062867973e+00,1.0000,2.6546e-03
2754.625,1.2772465603e-03,1.919369e-02,1.5062867973e+00,1.0000,2.7017e-03
2755.152,1.2774418018e-03,1.924153e-02,1.5062867973e+00,1.0000,2.7497e-03
2755.679,1.2776396106e-03,1.928646e-02,1.5062867973e+00,1.0000,2.7993e-03
2756.206,1.2778387455e-03,1.932828e-02,1.5062867973e+00,1.0000,2.8515e-03
2756.733,1.2780377444e-03,1.936681e-02,1.5062867973e+00,1.0000,2.9077e-03
2757.260,1.2782353842e-03,1.940188e-02,1.5062867973e+00,1.0000,2.9694e-03
2757.787,1.2784309979e-03,1.943333e-02,1.5062867973e+00,1.0000,3.0376e-03
2758.314,1.2786244849e-03,1.946098e-02,1.5062867973e+00,1.0000,3.1129e-03
2758.841,1.2788160372e-03,1.948465e-02,1.5062867973e+00,1.0000,3.1969e-03
2759.369,1.2790057316e-03,1.950413e-02,1.5062867973e+00,1.0000,3.2920e-03
2759.896,1.2791931516e-03,1.951923e-02,1.5062867973e+00,1.0000,3.4011e-03
2760.423,1.2793771680e-03,1.952986e-02,1.5062867973e+00,1.0000,3.5272e-03
2760.950,1.2795559618e-03,1.953585e-02,1.5062867973e+00,1.0000,3.6729e-03
2761.477,1.2797272874e-03,1.953705e-02,1.5062867973e+00,1.0000,3.8398e-03
2762.004,1.2798888271e-03,1.953339e-02,1.5062867973e+00,1.0000,4.0280e-03
2762.531,1.2800384177e-03,1.952483e-02,1.5062867973e+00,1.0000,4.2358e-03
2763.058,1.2801740545e-03,1.951130e-02,1.5062867973e+00,1.0000,4.4615e-03
2763.585,1.2802938139e-03,1.949279e-02,1.5062867973e+00,1.0000,4.7029e-03
2764.112,1.2803959229e-03,1.946935e-02,1.5062867973e+00,1.0000,4.9580e-03
2764.640,1.2804790182e-03,1.944107e-02,1.5062867973e+00,1.0000,5.2244e-03
2765.167,1.2805423865e-03,1.940805e-02,1.5062867973e+00,1.0000,5.4998e-03
2765.694,1.2805859458e-03,1.937041e-02,1.5062867973e+00,1.0000,5.7816e-03
2766.221,1.2806099642e-03,1.932832e-02,1.5062867973e+00,1.0000,6.0677e-03
2766.748,1.2806148399e-03,1.928197e-02,1.5062867973e+00,1.0000,6.3560e-03
2767.275,1.2806005467e-03,1.923163e-02,1.5062867973e+00,1.0000,6.6450e-03
2767.802,1.2805678875e-03,1.917754e-02,1.5062867973e+00,1.0000,6.9333e-03
2768.329,1.2805175107e-03,1.911991e-02,1.5062867973e+00,1.0000,7.2204e-03
2768.856,1.2804511209e-03,1.905905e-02,1.5062867973e+00,1.0000,7.5059e-03
2769.383,1.2803709922e-03,1.899525e-02,1.5062867973e+00,1.0000,7.7906e-03
2769.911,1.2802799561e-03,1.892884e-02,1.5062867973e+00,1.0000,8.0753e-03
2770.438,1.2801809236e-03,1.886013e-02,1.5062867973e+00,1.0000,8.3616e-03
2770.965,1.2800766312e-03,1.878945e-02,1.5062867973e+00,1.0000,8.6514e-03
2771.492,1.2799694475e-03,1.871715e-02,1.5062867973e+00,1.0000,8.9470e-03
2772.019,1.2798614239e-03,1.864356e-02,1.5062867973e+00,1.0000,9.2509e-03
2772.546,1.2797544283e-03,1.856900e-02,1.5062867973e+00,1.0000,9.5660e-03
2773.073,1.2796501978e-03,1.849380e-02,1.5062867973e+00,1.0000,9.8950e-03
2773.600,1.2795502601e-03,1.841828e-02,1.5062867973e+00,1.0000,1.0241e-02
2774.127,1.2794558004e-03,1.834275e-02,1.5062867973e+00,1.0000,1.0607e-02
2774.654,1.2793675820e-03,1.826750e-02,1.5062867973e+00,1.0000,1.0995e-02
2775.182,1.2792859626e-03,1.819282e-02,1.5062867973e+00,1.0000,1.1410e-02
2775.709,1.2792109719e-03,1.811898e-02,1.5062867973e+00,1.0000,1.1853e-02
2776.236,1.2791423933e-03,1.804623e-02,1.5062867973e+00,1.0000,1.2328e-02
2776.763,1.2790798219e-03,1.797481e-02,1.5062867973e+00,1.0000,1.2839e-02
2777.290,1.2790227120e-03,1.790492e-02,1.5062867973e+00,1.0000,1.3389e-02
2777.817,1.2789704350e-03,1.783678e-02,1.5062867973e+00,1.0000,1.3984e-02
2778.344,1.2789223570e-03,1.777055e-02,1.5062867973e+00,1.0000,1.4680e-02
2778.871,1.2788779320e-03,1.770640e-02,1.5062867973e+00,1.0000,1.5615e-02
2779.398,1.2788367888e-03,1.764448e-02,1.5062867973e+00,1.0000,1.6788e-02
2779.925,1.2787987962e-03,1.758491e-02,1.5062867973e+00,1.0000,1.8194e-02
2780.453,1.2787640939e-03,1.752780e-02,1.5062867973e+00,1.0000,1.9834e-02
2780.980,1.2787330882e-03,1.747323e-02,1.5062867973e+00,1.0000,2.1719e-02
2781.507,1.2787064076e-03,1.742127e-02,1.5062867973e+00,1.0000,2.3874e-02
2782.034,1.2786848212e-03,1.737196e-02,1.5062867973e+00,1.0000,2.6345e-02
2782.561,1.2786691284e-03,1.732535e-02,1.5062867973e+00,1.0000,2.9168e-02
2783.088,1.2786600240e-03,1.728145e-02,1.5062867973e+00,1.0000,3.2175e-02
2783.615,1.2786580215e-03,1.724029e-02,1.5062867973e+00,1.0000,3.5318e-02
2784.142,1.2786636170e-03,1.720194e-02,1.5062867973e+00,1.0000,3.8551e-02
2784.669,1.2786757454e-03,1.716647e-02,1.5062867973e+00,1.0000,4.1834e-02
2785.196,1.2786951931e-03,1.713399e-02,1.5062867973e+00,1.0000,4.5125e-02
2785.724,1.2787204897e-03,1.710462e-02,1.5062867973e+00,1.0000,4.8388e-02
2786.251,1.2787511130e-03,1.707850e-02,1.5062867973e+00,1.0000,5.1588e-02
2786.778,1.2787861221e-03,1.705581e-02,1.5062867973e+00,1.0000,5.4693e-02
2787.305,1.2788248177e-03,1.703673e-02,1.5062867973e+00,1.0000,5.7675e-02
2787.832,1.2788666450e-03,1.702154e-02,1.5062867973e+00,1.0000,6.0508e-02
2788.359,1.2789113066e-03,1.701043e-02,1.5062867973e+00,1.0000,6.3173e-02
2788.886,1.2789587335e-03,1.700360e-02,1.5062867973e+00,1.0000,6.5657e-02
2789.413,1.2790090467e-03,1.700123e-02,1.5062867973e+00,1.0000,6.7952e-02
2789.940,1.2790625746e-03,1.700351e-02,1.5062867973e+00,1.0000,7.0052e-02
2790.467,1.2791198438e-03,1.701070e-02,1.5062867973e+00,1.0000,7.1953e-02
2790.995,1.2791814494e-03,1.702299e-02,1.5062867973e+00,1.0000,7.3657e-02
2791.522,1.2792478871e-03,1.704059e-02,1.5062867973e+00,1.0000,7.5167e-02
2792.049,1.2793195772e-03,1.706367e-02,1.5062867973e+00,1.0000,7.6488e-02
2792.576,1.2793970997e-03,1.709237e-02,1.5062867973e+00,1.0000,7.7628e-02
2793.103,1.2794813313e-03,1.712678e-02,1.5062867973e+00,1.0000,7.8597e-02
2793.630,1.2795732273e-03,1.716697e-02,1.5062867973e+00,1.0000,7.9405e-02
2794.157,1.2796734223e-03,1.721293e-02,1.5062867973e+00,1.0000,8.0065e-02
2794.684,1.2797820450e-03,1.726461e-02,1.5062867973e+00,1.0000,7.7328e-03
2795.211,1.2798988491e-03,1.732203e-02,1.5062867973e+00,1.0000,1.2067e-02
2795.738,1.2800233474e-03,1.738501e-02,1.5062867973e+00,1.0000,1.2896e-02
2796.266,1.2801546565e-03,1.745325e-02,1.5062867973e+00,1.0000,1.1976e-02
2796.793,1.2802911360e-03,1.752643e-02,1.5062867973e+00,1.0000,1.0705e-02
2797.320,1.2804301663e-03,1.760413e-02,1.5062867973e+00,1.0000,9.3472e-03
2797.847,1.2805682876e-03,1.768577e-02,1.5062867973e+00,1.0000,7.9093e-03
2798.374,1.2807016203e-03,1.777079e-02,1.5062867973e+00,1.0000,6.5152e-03
2798.901,1.2808263133e-03,1.785859e-02,1.5062867973e+00,1.0000,5.4328e-03
2799.428,1.2809388214e-03,1.794868e-02,1.5062867973e+00,1.0000,5.2760e-03
2799.955,1.2810360046e-03,1.804061e-02,1.5062867973e+00,1.0000,5.1064e-03
2800.482,1.2811151946e-03,1.813389e-02,1.5062867973e+00,1.0000,4.9284e-03
2801.009,1.2811743714e-03,1.822806e-02,1.5062867973e+00,1.0000,4.7473e-03
2801.537,1.2812124220e-03,1.832265e-02,1.5062867973e+00,1.0000,4.5652e-03
2802.064,1.2812292995e-03,1.841722e-02,1.5062867973e+00,1.0000,4.3835e-03
2802.591,1.2812258859e-03,1.851129e-02,1.5062867973e+00,1.0000,4.2068e-03
2803.118,1.2812037725e-03,1.860438e-02,1.5062867973e+00,1.0000,4.0646e-03
2803.645,1.2811645922e-03,1.869613e-02,1.5062867973e+00,1.0000,3.9511e-03
2804.172,1.2811101340e-03,1.878609e-02,1.5062867973e+00,1.0000,3.8274e-03
2804.699,1.2810421290e-03,1.887381e-02,1.5062867973e+00,1.0000,3.6929e-03
2805.226,1.2809624037e-03,1.895884e-02,1.5062867973e+00,1.0000,3.5475e-03
2805.753,1.2808727525e-03,1.904077e-02,1.5062867973e+00,1.0000,3.4354e-03
2806.280,1.2807747279e-03,1.911910e-02,1.5062867973e+00,1.0000,3.3445e-03
2806.808,1.2806696922e-03,1.919337e-02,1.5062867973e+00,1.0000,3.2531e-03
2807.335,1.2805588953e-03,1.926314e-02,1.5062867973e+00,1.0000,3.1609e-03
2807.862,1.2804434041e-03,1.932796e-02,1.5062867973e+00,1.0000,3.0663e-03
2808.389,1.2803239763e-03,1.938747e-02,1.5062867973e+00,1.0000,2.9682e-03
2808.916,1.2802011958e-03,1.944130e-02,1.5062867973e+00,1.0000,2.8653e-03
2809.443,1.2800758270e-03,1.948914e-02,1.5062867973e+00,1.0000,2.7561e-03
2809.970,1.2799489461e-03,1.953071e-02,1.5062867973e+00,1.0000,2.6387e-03
2810.497,1.2798216752e-03,1.956583e-02,1.5062867973e+00,1.0000,2.5110e-03
2811.024,1.2796948574e-03,1.959436e-02,1.5062867973e+00,1.0000,2.3713e-03
2811.551,1.2795690006e-03,1.961620e-02,1.5062867973e+00,1.0000,2.2186e-03
2812.079,1.2794444126e-03,1.963134e-02,1.5062867973e+00,1.0000,2.0523e-03
2812.606,1.2793212803e-03,1.963983e-02,1.5062867973e+00,1.0000,1.8918e-03
2813.133,1.2791996286e-03,1.964176e-02,1.5062867973e+00,1.0000,2.0041e-03
2813.660,1.2790792652e-03,1.963735e-02,1.5062867973e+00,1.0000,2.1476e-03
2814.187,1.2789597992e-03,1.962675e-02,1.5062867973e+00,1.0000,2.3232e-03
2814.714,1.2788407231e-03,1.961016e-02,1.5062867973e+00,1.0000,2.5316e-03
2815.241,1.2787215096e-03,1.958799e-02,1.5062867973e+00,1.0000,2.7730e-03
2815.768,1.2786016935e-03,1.956065e-02,1.5062867973e+00,1.0000,3.0460e-03
2816.295,1.2784809369e-03,1.952852e-02,1.5062867973e+00,1.0000,3.3476e-03
2816.822,1.2783590758e-03,1.949202e-02,1.5062867973e+00,1.0000,3.6748e-03
2817.350,1.2782361443e-03,1.945160e-02,1.5062867973e+00,1.0000,4.0251e-03
2817.877,1.2781123700e-03,1.940768e-02,1.5062867973e+00,1.0000,4.3963e-03
2818.404,1.2779881423e-03,1.936073e-02,1.5062867973e+00,1.0000,4.7863e-03
2818.931,1.2778639606e-03,1.931118e-02,1.5062867973e+00,1.0000,5.1930e-03
2819.458,1.2777403738e-03,1.925947e-02,1.5062867973e+00,1.0000,5.6145e-03
2819.985,1.2776179226e-03,1.920602e-02,1.5062867973e+00,1.0000,6.0488e-03
2820.512,1.2774970956e-03,1.915123e-02,1.5062867973e+00,1.0000,6.4936e-03
2821.039,1.2773783068e-03,1.909549e-02,1.5062867973e+00,1.0000,6.9469e-03
2821.566,1.2772618974e-03,1.903915e-02,1.5062867973e+00,1.0000,7.4063e-03
2822.093,1.2771481602e-03,1.898257e-02,1.5062867973e+00,1.0000,7.8693e-03
2822.621,1.2770373786e-03,1.892604e-02,1.5062867973e+00,1.0000,8.3332e-03
2823.148,1.2769298711e-03,1.886985e-02,1.5062867973e+00,1.0000,8.7951e-03
2823.675,1.2768260288e-03,1.881426e-02,1.5062867973e+00,1.0000,9.2520e-03
2824.202,1.2767263353e-03,1.875951e-02,1.5062867973e+00,1.0000,9.7004e-03
2824.729,1.2766313621e-03,1.870581e-02,1.5062867973e+00,1.0000,1.0137e-02
2825.256,1.2765417362e-03,1.865336e-02,1.5062867973e+00,1.0000,1.0557e-02
2825.783,1.2764580812e-03,1.860233e-02,1.5062867973e+00,1.0000,1.0957e-02
2826.310,1.2763809403e-03,1.855289e-02,1.5062867973e+00,1.0000,1.1332e-02
2826.837,1.2763106937e-03,1.850519e-02,1.5062867973e+00,1.0000,1.1678e-02
2827.364,1.2762474834e-03,1.845937e-02,1.5062867973e+00,1.0000,1.1988e-02
2827.892,1.2761911639e-03,1.841555e-02,1.5062867973e+00,1.0000,1.2258e-02
2828.419,1.2761412885e-03,1.837388e-02,1.5062867973e+00,1.0000,1.2481e-02
2828.946,1.2760971415e-03,1.833449e-02,1.5062867973e+00,1.0000,1.2651e-02
2829.473,1.2760578133e-03,1.829750e-02,1.5062867973e+00,1.0000,1.2761e-02
2830.000,1.2760223139e-03,1.826305e-02,1.5062867973e+00,1.0000,1.2803e-02
2830.527,1.2759897071e-03,1.823128e-02,1.5062867973e+00,1.0000,1.2771e-02
2831.054,1.2759592485e-03,1.820232e-02,1.5062867973e+00,1.0000,1.2656e-02
2831.581,1.2759305084e-03,1.817633e-02,1.5062867973e+00,1.0000,1.2459e-02
2832.108,1.2759034620e-03,1.815346e-02,1.5062867973e+00,1.0000,1.2287e-02
2832.635,1.2758785343e-03,1.813386e-02,1.5062867973e+00,1.0000,1.2150e-02
2833.163,1.2758565894e-03,1.811769e-02,1.5062867973e+00,1.0000,1.2011e-02
2833.690,1.2758388656e-03,1.810508e-02,1.5062867973e+00,1.0000,1.1836e-02
2834.217,1.2758268853e-03,1.809615e-02,1.5062867973e+00,1.0000,1.1599e-02
2834.744,1.2758220652e-03,1.809112e-02,1.5062867973e+00,1.0000,1.1275e-02
2835.271,1.2758269413e-03,1.809008e-02,1.5062867973e+00,1.0000,1.0844e-02
2835.798,1.2758422692e-03,1.809309e-02,1.5062867973e+00,1.0000,1.0296e-02
2836.325,1.2758699572e-03,1.810016e-02,1.5062867973e+00,1.0000,9.6342e-03
2836.852,1.2759108810e-03,1.811125e-02,1.5062867973e+00,1.0000,8.8732e-03
2837.379,1.2759660137e-03,1.812631e-02,1.5062867973e+00,1.0000,8.0338e-03
2837.906,1.2760356589e-03,1.814522e-02,1.5062867973e+00,1.0000,7.1407e-03
2838.434,1.2761200713e-03,1.816787e-02,1.5062867973e+00,1.0000,6.2186e-03
2838.961,1.2762198534e-03,1.819404e-02,1.5062867973e+00,1.0000,5.2940e-03
2839.488,1.2763361566e-03,1.822360e-02,1.5062867973e+00,1.0000,4.3967e-03
2840.015,1.2764704190e-03,1.825636e-02,1.5062867973e+00,1.0000,3.5693e-03
2840.542,1.2766237653e-03,1.829218e-02,1.5062867973e+00,1.0000,3.2806e-03
2841.069,1.2767964066e-03,1.833086e-02,1.5062867973e+00,1.0000,3.2455e-03
2841.596,1.2769874286e-03,1.837220e-02,1.5062867973e+00,1.0000,3.1966e-03
2842.123,1.2771950983e-03,1.841593e-02,1.5062867973e+00,1.0000,3.1364e-03
2842.650,1.2774173886e-03,1.846177e-02,1.5062867973e+00,1.0000,3.0657e-03
2843.177,1.2776522401e-03,1.850934e-02,1.5062867973e+00,1.0000,2.9824e-03
2843.705,1.2778973152e-03,1.855827e-02,1.5062867973e+00,1.0000,2.8878e-03
2844.232,1.2781494523e-03,1.860813e-02,1.5062867973e+00,1.0000,2.7835e-03
2844.759,1.2784042944e-03,1.865851e-02,1.5062867973e+00,1.0000,2.6708e-03
2845.286,1.2786564553e-03,1.870895e-02,1.5062867973e+00,1.0000,2.5511e-03
2845.813,1.2789002124e-03,1.875898e-02,1.5062867973e+00,1.0000,2.4255e-03
2846.340,1.2791303980e-03,1.880814e-02,1.5062867973e+00,1.0000,2.2949e-03
2846.867,1.2793431135e-03,1.885594e-02,1.5062867973e+00,1.0000,2.1599e-03
2847.394,1.2795360899e-03,1.890192e-02,1.5062867973e+00,1.0000,2.0209e-03
2847.921,1.2797087661e-03,1.894562e-02,1.5062867973e+00,1.0000,1.8783e-03
2848.448,1.2798622501e-03,1.898661e-02,1.5062867973e+00,1.0000,1.9300e-03
2848.976,1.2799992467e-03,1.902446e-02,1.5062867973e+00,1.0000,2.1889e-03
2849.503,1.2801238928e-03,1.905880e-02,1.5062867973e+00,1.0000,2.4536e-03
2850.030,1.2802413872e-03,1.908929e-02,1.5062867973e+00,1.0000,2.7220e-03
2850.557,1.2803573796e-03,1.911561e-02,1.5062867973e+00,1.0000,2.9932e-03
2851.084,1.2804772211e-03,1.913750e-02,1.5062867973e+00,1.0000,3.2669e-03
2851.611,1.2806052634e-03,1.915474e-02,1.5062867973e+00,1.0000,3.5436e-03
2852.138,1.2807443679e-03,1.916717e-02,1.5062867973e+00,1.0000,3.8247e-03
2852.665,1.2808956851e-03,1.917465e-02,1.5062867973e+00,1.0000,4.1118e-03
2853.192,1.2810586606e-03,1.917715e-02,1.5062867973e+00,1.0000,4.4073e-03
2853.719,1.2812311844e-03,1.917462e-02,1.5062867973e+00,1.0000,4.7140e-03
2854.247,1.2814098184e-03,1.916708e-02,1.5062867973e+00,1.0000,5.0340e-03
2854.774,1.2815900771e-03,1.915457e-02,1.5062867973e+00,1.0000,5.3686e-03
2855.301,1.2817667639e-03,1.913726e-02,1.5062867973e+00,1.0000,5.7174e-03
2855.828,1.2819343575e-03,1.911527e-02,1.5062867973e+00,1.0000,6.0806e-03
2856.355,1.2820874247e-03,1.908880e-02,1.5062867973e+00,1.0000,6.4582e-03
2856.882,1.2822210232e-03,1.905802e-02,1.5062867973e+00,1.0000,6.8507e-03
2857.409,1.2823310553e-03,1.902316e-02,1.5062867973e+00,1.0000,7.2580e-03
2857.936,1.2824145386e-03,1.898445e-02,1.5062867973e+00,1.0000,7.6801e-03
2858.463,1.2824697610e-03,1.894214e-02,1.5062867973e+00,1.0000,8.1167e-03
2858.990,1.2824962946e-03,1.889649e-02,1.5062867973e+00,1.0000,8.5670e-03
2859.518,1.2824949364e-03,1.884778e-02,1.5062867973e+00,1.0000,9.0304e-03
2860.045,1.2824671198e-03,1.879632e-02,1.5062867973e+00,1.0000,9.5058e-03
2860.572,1.2824155604e-03,1.874239e-02,1.5062867973e+00,1.0000,9.9919e-03
2861.099,1.2823428368e-03,1.868632e-02,1.5062867973e+00,1.0000,1.0487e-02
2861.626,1.2822522189e-03,1.862842e-02,1.5062867973e+00,1.0000,1.0991e-02
2862.153,1.2821470712e-03,1.856902e-02,1.5062867973e+00,1.0000,1.1500e-02
2862.680,1.2820307401e-03,1.850844e-02,1.5062867973e+00,1.0000,1.2014e-02
2863.207,1.2819064206e-03,1.844701e-02,1.5062867973e+00,1.0000,1.2531e-02
2863.734,1.2817768750e-03,1.838507e-02,1.5062867973e+00,1.0000,1.3048e-02
2864.261,1.2816442855e-03,1.832293e-02,1.5062867973e+00,1.0000,1.3565e-02
2864.789,1.2815102123e-03,1.826093e-02,1.5062867973e+00,1.0000,1.4092e-02
2865.316,1.2813756288e-03,1.819938e-02,1.5062867973e+00,1.0000,1.4767e-02
2865.843,1.2812410013e-03,1.813860e-02,1.5062867973e+00,1.0000,1.5611e-02
2866.370,1.2811064264e-03,1.807889e-02,1.5062867973e+00,1.0000,1.6596e-02
2866.897,1.2809717404e-03,1.802055e-02,1.5062867973e+00,1.0000,1.7695e-02
2867.424,1.2808365300e-03,1.796384e-02,1.5062867973e+00,1.0000,1.8878e-02
2867.951,1.2807002073e-03,1.790901e-02,1.5062867973e+00,1.0000,2.0118e-02
2868.478,1.2805622665e-03,1.785628e-02,1.5062867973e+00,1.0000,2.1381e-02
2869.005,1.2804224786e-03,1.780586e-02,1.5062867973e+00,1.0000,2.2634e-02
2869.532,1.2802807727e-03,1.775795e-02,1.5062867973e+00,1.0000,2.3840e-02
2870.060,1.2801370041e-03,1.771271e-02,1.5062867973e+00,1.0000,2.4959e-02
2870.587,1.2799909710e-03,1.767035e-02,1.5062867973e+00,1.0000,2.5988e-02
2871.114,1.2798426739e-03,1.763102e-02,1.5062867973e+00,1.0000,2.6901e-02
2871.641,1.2796924972e-03,1.759494e-02,1.5062867973e+00,1.0000,2.7586e-02
2872.168,1.2795411266e-03,1.756223e-02,1.5062867973e+00,1.0000,2.7945e-02
2872.695,1.2793893120e-03,1.753305e-02,1.5062867973e+00,1.0000,2.7907e-02
2873.222,1.2792376778e-03,1.750764e-02,1.5062867973e+00,1.0000,2.7442e-02
2873.749,1.2790866671e-03,1.748596e-02,1.5062867973e+00,1.0000,2.6564e-02
2874.276,1.2789365855e-03,1.746799e-02,1.5062867973e+00,1.0000,2.5333e-02
2874.803,1.2787876931e-03,1.745369e-02,1.5062867973e+00,1.0000,2.3871e-02
2875.331,1.2786403057e-03,1.744311e-02,1.5062867973e+00,1.0000,2.2304e-02
2875.858,1.2784948765e-03,1.743636e-02,1.5062867973e+00,1.0000,2.0729e-02
2876.385,1.2783520334e-03,1.743355e-02,1.5062867973e+00,1.0000,1.9212e-02
2876.912,1.2782125806e-03,1.743483e-02,1.5062867973e+00,1.0000,1.7797e-02
2877.439,1.2780774991e-03,1.744034e-02,1.5062867973e+00,1.0000,1.6505e-02
2877.966,1.2779479718e-03,1.745021e-02,1.5062867973e+00,1.0000,1.5339e-02
2878.493,1.2778254247e-03,1.746457e-02,1.5062867973e+00,1.0000,1.4295e-02
2879.020,1.2777115421e-03,1.748353e-02,1.5062867973e+00,1.0000,1.3358e-02
2879.547,1.2776082091e-03,1.750718e-02,1.5062867973e+00,1.0000,1.2512e-02
2880.074,1.2775173559e-03,1.753560e-02,1.5062867973e+00,1.0000,1.1740e-02
2880.602,1.2774407128e-03,1.756885e-02,1.5062867973e+00,1.0000,1.1062e-02
2881.129,1.2773795254e-03,1.760694e-02,1.5062867973e+00,1.0000,1.0466e-02
2881.656,1.2773343097e-03,1.764987e-02,1.5062867973e+00,1.0000,9.9291e-03
2882.183,1.2773047142e-03,1.769758e-02,1.5062867973e+00,1.0000,9.4312e-03
2882.710,1.2772895157e-03,1.775001e-02,1.5062867973e+00,1.0000,8.9563e-03
2883.237,1.2772865255e-03,1.780704e-02,1.5062867973e+00,1.0000,8.4917e-03
2883.764,1.2772942588e-03,1.786850e-02,1.5062867973e+00,1.0000,8.0272e-03
2884.291,1.2773078353e-03,1.793423e-02,1.5062867973e+00,1.0000,7.5553e-03
2884.818,1.2773266763e-03,1.800397e-02,1.5062867973e+00,1.0000,7.0713e-03
2885.345,1.2773472408e-03,1.807748e-02,1.5062867973e+00,1.0000,6.5718e-03
2885.873,1.2773681801e-03,1.815445e-02,1.5062867973e+00,1.0000,6.0534e-03
2886.400,1.2773884417e-03,1.823459e-02,1.5062867973e+00,1.0000,5.5130e-03
2886.927,1.2774079536e-03,1.831753e-02,1.5062867973e+00,1.0000,4.9543e-03
2887.454,1.2774275761e-03,1.840295e-02,1.5062867973e+00,1.0000,4.3997e-03
2887.981,1.2774490573e-03,1.849046e-02,1.5062867973e+00,1.0000,3.8653e-03
2888.508,1.2774748248e-03,1.857966e-02,1.5062867973e+00,1.0000,3.3588e-03
2889.035,1.2775075485e-03,1.867010e-02,1.5062867973e+00,1.0000,3.3401e-03
2889.562,1.2775497053e-03,1.876133e-02,1.5062867973e+00,1.0000,3.3823e-03
2890.089,1.2776033026e-03,1.885290e-02,1.5062867973e+00,1.0000,3.4312e-03
2890.616,1.2776698438e-03,1.894435e-02,1.5062867973e+00,1.0000,3.4844e-03
2891.144,1.2777503815e-03,1.903522e-02,1.5062867973e+00,1.0000,3.5395e-03
2891.671,1.2778454556e-03,1.912508e-02,1.5062867973e+00,1.0000,3.5939e-03
2892.198,1.2779548561e-03,1.921351e-02,1.5062867973e+00,1.0000,3.6452e-03
2892.725,1.2780773626e-03,1.930010e-02,1.5062867973e+00,1.0000,3.6911e-03
2893.252,1.2782106893e-03,1.938450e-02,1.5062867973e+00,1.0000,3.7324e-03
2893.779,1.2783517431e-03,1.946635e-02,1.5062867973e+00,1.0000,3.7692e-03
2894.306,1.2784970558e-03,1.954528e-02,1.5062867973e+00,1.0000,3.8002e-03
2894.833,1.2786430903e-03,1.962097e-02,1.5062867973e+00,1.0000,3.8211e-03
2895.360,1.2787862714e-03,1.969315e-02,1.5062867973e+00,1.0000,3.8276e-03
2895.887,1.2789229397e-03,1.976152e-02,1.5062867973e+00,1.0000,3.8163e-03
2896.415,1.2790494885e-03,1.982584e-02,1.5062867973e+00,1.0000,3.7843e-03
2896.942,1.2791626385e-03,1.988589e-02,1.5062867973e+00,1.0000,3.7293e-03
2897.469,1.2792596083e-03,1.994145e-02,1.5062867973e+00,1.0000,3.6497e-03
2897.996,1.2793381382e-03,1.999234e-02,1.5062867973e+00,1.0000,3.5440e-03
2898.523,1.2793965705e-03,2.003839e-02,1.5062867973e+00,1.0000,3.4115e-03
2899.050,1.2794340889e-03,2.007946e-02,1.5062867973e+00,1.0000,3.2524e-03
2899.577,1.2794508840e-03,2.011541e-02,1.5062867973e+00,1.0000,3.0679e-03
2900.104,1.2794479055e-03,2.014613e-02,1.5062867973e+00,1.0000,2.8595e-03
2900.631,1.2794265250e-03,2.017153e-02,1.5062867973e+00,1.0000,2.6291e-03
2901.158,1.2793880094e-03,2.019155e-02,1.5062867973e+00,1.0000,2.3786e-03
2901.686,1.2793340304e-03,2.020612e-02,1.5062867973e+00,1.0000,2.1104e-03
2902.213,1.2792668424e-03,2.021524e-02,1.5062867973e+00,1.0000,1.8278e-03
2902.740,1.2791892267e-03,2.021887e-02,1.5062867973e+00,1.0000,1.5351e-03
2903.267,1.2791039779e-03,2.021704e-02,1.5062867973e+00,1.0000,1.2386e-03
2903.794,1.2790133317e-03,2.020977e-02,1.5062867973e+00,1.0000,9.4099e-04
2904.321,1.2789189123e-03,2.019716e-02,1.5062867973e+00,1.0000,1.0917e-03
2904.848,1.2788219527e-03,2.017939e-02,1.5062867973e+00,1.0000,1.4998e-03
2905.375,1.2787234806e-03,2.015642e-02,1.5062867973e+00,1.0000,1.9339e-03
2905.902,1.2786243111e-03,2.012824e-02,1.5062867973e+00,1.0000,2.3869e-03
2906.429,1.2785249700e-03,2.009506e-02,1.5062867973e+00,1.0000,2.8536e-03
2906.957,1.2784256644e-03,2.005712e-02,1.5062867973e+00,1.0000,3.3296e-03
2907.484,1.2783263273e-03,2.001446e-02,1.5062867973e+00,1.0000,3.8111e-03
2908.011,1.2782267289e-03,1.996720e-02,1.5062867973e+00,1.0000,4.2952e-03
2908.538,1.2781266314e-03,1.991550e-02,1.5062867973e+00,1.0000,4.7792e-03
2909.065,1.2780259395e-03,1.985953e-02,1.5062867973e+00,1.0000,5.2613e-03
2909.592,1.2779247984e-03,1.979952e-02,1.5062867973e+00,1.0000,5.7400e-03
2910.119,1.2778236250e-03,1.973568e-02,1.5062867973e+00,1.0000,6.2144e-03
2910.646,1.2777230828e-03,1.966827e-02,1.5062867973e+00,1.0000,6.6838e-03
2911.173,1.2776240164e-03,1.959756e-02,1.5062867973e+00,1.0000,7.1480e-03
2911.700,1.2775273560e-03,1.952384e-02,1.5062867973e+00,1.0000,7.6069e-03
2912.228,1.2774340040e-03,1.944740e-02,1.5062867973e+00,1.0000,8.0608e-03
2912.755,1.2773447326e-03,1.936857e-02,1.5062867973e+00,1.0000,8.5099e-03
2913.282,1.2772601233e-03,1.928765e-02,1.5062867973e+00,1.0000,8.9549e-03
2913.809,1.2771805649e-03,1.920498e-02,1.5062867973e+00,1.0000,9.3961e-03
2914.336,1.2771063098e-03,1.912088e-02,1.5062867973e+00,1.0000,9.8342e-03
2914.863,1.2770375909e-03,1.903569e-02,1.5062867973e+00,1.0000,1.0269e-02
2915.390,1.2769747536e-03,1.894975e-02,1.5062867973e+00,1.0000,1.0702e-02
2915.917,1.2769183343e-03,1.886340e-02,1.5062867973e+00,1.0000,1.1132e-02
2916.444,1.2768690845e-03,1.877697e-02,1.5062867973e+00,1.0000,1.1560e-02
2916.971,1.2768279566e-03,1.869081e-02,1.5062867973e+00,1.0000,1.1984e-02
2917.499,1.2767960099e-03,1.860525e-02,1.5062867973e+00,1.0000,1.2405e-02
2918.026,1.2767742103e-03,1.852065e-02,1.5062867973e+00,1.0000,1.2822e-02
2918.553,1.2767631968e-03,1.843734e-02,1.5062867973e+00,1.0000,1.3233e-02
2919.080,1.2767633060e-03,1.835566e-02,1.5062867973e+00,1.0000,1.3637e-02
2919.607,1.2767738871e-03,1.827594e-02,1.5062867973e+00,1.0000,1.4034e-02
2920.134,1.2767944252e-03,1.819853e-02,1.5062867973e+00,1.0000,1.4420e-02
2920.661,1.2768238466e-03,1.812374e-02,1.5062867973e+00,1.0000,1.4795e-02
2921.188,1.2768606061e-03,1.805191e-02,1.5062867973e+00,1.0000,1.5155e-02
2921.715,1.2769036081e-03,1.798334e-02,1.5062867973e+00,1.0000,1.5500e-02
2922.242,1.2769518676e-03,1.791835e-02,1.5062867973e+00,1.0000,1.5826e-02
2922.770,1.2770048404e-03,1.785724e-02,1.5062867973e+00,1.0000,1.6129e-02
2923.297,1.2770624092e-03,1.780029e-02,1.5062867973e+00,1.0000,1.6489e-02
2923.824,1.2771251430e-03,1.774778e-02,1.5062867973e+00,1.0000,1.7040e-02
2924.351,1.2771944203e-03,1.769998e-02,1.5062867973e+00,1.0000,1.7740e-02
2924.878,1.2772723118e-03,1.765712e-02,1.5062867973e+00,1.0000,1.8543e-02
2925.405,1.2773611328e-03,1.761941e-02,1.5062867973e+00,1.0000,1.9401e-02
2925.932,1.2774628467e-03,1.758703e-02,1.5062867973e+00,1.0000,2.0268e-02
2926.459,1.2775786751e-03,1.756010e-02,1.5062867973e+00,1.0000,2.1095e-02
2926.986,1.2777091748e-03,1.753876e-02,1.5062867973e+00,1.0000,2.1834e-02
2927.513,1.2778546295e-03,1.752312e-02,1.5062867973e+00,1.0000,2.2433e-02
2928.041,1.2780152499e-03,1.751328e-02,1.5062867973e+00,1.0000,2.2824e-02
2928.568,1.2781908605e-03,1.750933e-02,1.5062867973e+00,1.0000,2.2944e-02
2929.095,1.2783803244e-03,1.751133e-02,1.5062867973e+00,1.0000,2.2772e-02
2929.622,1.2785812821e-03,1.751920e-02,1.5062867973e+00,1.0000,2.2323e-02
2930.149,1.2787904820e-03,1.753286e-02,1.5062867973e+00,1.0000,2.1597e-02
2930.676,1.2790044426e-03,1.755218e-02,1.5062867973e+00,1.0000,2.0623e-02
2931.203,1.2792199755e-03,1.757696e-02,1.5062867973e+00,1.0000,1.9455e-02
2931.730,1.2794343403e-03,1.760698e-02,1.5062867973e+00,1.0000,1.8176e-02
2932.257,1.2796451538e-03,1.764210e-02,1.5062867973e+00,1.0000,1.6861e-02
2932.784,1.2798502921e-03,1.768220e-02,1.5062867973e+00,1.0000,1.5564e-02
2933.312,1.2800479060e-03,1.772713e-02,1.5062867973e+00,1.0000,1.4333e-02
2933.839,1.2802365085e-03,1.777675e-02,1.5062867973e+00,1.0000,1.3211e-02
2934.366,1.2804150431e-03,1.783087e-02,1.5062867973e+00,1.0000,1.2201e-02
2934.893,1.2805828850e-03,1.788929e-02,1.5062867973e+00,1.0000,1.1295e-02
2935.420,1.2807397881e-03,1.795175e-02,1.5062867973e+00,1.0000,1.0479e-02
2935.947,1.2808858102e-03,1.801797e-02,1.5062867973e+00,1.0000,9.7409e-03
2936.474,1.2810212375e-03,1.808759e-02,1.5062867973e+00,1.0000,9.0650e-03
2937.001,1.2811465133e-03,1.816022e-02,1.5062867973e+00,1.0000,8.4381e-03
2937.528,1.2812621673e-03,1.823544e-02,1.5062867973e+00,1.0000,7.8484e-03
2938.055,1.2813687449e-03,1.831274e-02,1.5062867973e+00,1.0000,7.2857e-03
2938.583,1.2814667400e-03,1.839161e-02,1.5062867973e+00,1.0000,6.7413e-03
2939.110,1.2815565350e-03,1.847148e-02,1.5062867973e+00,1.0000,6.2085e-03
2939.637,1.2816383525e-03,1.855176e-02,1.5062867973e+00,1.0000,5.6816e-03
2940.164,1.2817122217e-03,1.863184e-02,1.5062867973e+00,1.0000,5.1566e-03
2940.691,1.2817779607e-03,1.871108e-02,1.5062867973e+00,1.0000,4.6431e-03
2941.218,1.2818351755e-03,1.878887e-02,1.5062867973e+00,1.0000,4.1628e-03
2941.745,1.2818832767e-03,1.886458e-02,1.5062867973e+00,1.0000,3.7286e-03
2942.272,1.2819215148e-03,1.893758e-02,1.5062867973e+00,1.0000,3.3482e-03
2942.799,1.2819490351e-03,1.900728e-02,1.5062867973e+00,1.0000,3.0256e-03
2943.326,1.2819649501e-03,1.907313e-02,1.5062867973e+00,1.0000,2.7606e-03
2943.854,1.2819686327e-03,1.913463e-02,1.5062867973e+00,1.0000,2.6859e-03
2944.381,1.2819586585e-03,1.919131e-02,1.5062867973e+00,1.0000,2.6110e-03
2944.908,1.2819357281e-03,1.924278e-02,1.5062867973e+00,1.0000,2.5346e-03
2945.435,1.2818988724e-03,1.928870e-02,1.5062867973e+00,1.0000,2.4555e-03
2945.962,1.2818489781e-03,1.932880e-02,1.5062867973e+00,1.0000,2.3733e-03
2946.489,1.2817867080e-03,1.936282e-02,1.5062867973e+00,1.0000,2.2873e-03
2947.016,1.2817135310e-03,1.939060e-02,1.5062867973e+00,1.0000,2.1970e-03
2947.543,1.2816312934e-03,1.941199e-02,1.5062867973e+00,1.0000,2.2037e-03
2948.070,1.2815423040e-03,1.942692e-02,1.5062867973e+00,1.0000,2.2617e-03
2948.597,1.2814491662e-03,1.943540e-02,1.5062867973e+00,1.0000,2.3371e-03
2949.125,1.2813545956e-03,1.943749e-02,1.5062867973e+00,1.0000,2.4293e-03
2949.652,1.2812612278e-03,1.943334e-02,1.5062867973e+00,1.0000,2.5390e-03
2950.179,1.2811714335e-03,1.942310e-02,1.5062867973e+00,1.0000,2.6672e-03
2950.706,1.2810871126e-03,1.940692e-02,1.5062867973e+00,1.0000,2.8159e-03
2951.233,1.2810095206e-03,1.938523e-02,1.5062867973e+00,1.0000,2.9876e-03
2951.760,1.2809391432e-03,1.935835e-02,1.5062867973e+00,1.0000,3.1845e-03
2952.287,1.2808755656e-03,1.932662e-02,1.5062867973e+00,1.0000,3.4080e-03
2952.814,1.2808173774e-03,1.929044e-02,1.5062867973e+00,1.0000,3.6580e-03
2953.341,1.2807622356e-03,1.925031e-02,1.5062867973e+00,1.0000,3.9322e-03
2953.868,1.2807071247e-03,1.920670e-02,1.5062867973e+00,1.0000,4.2283e-03
2954.396,1.2806487332e-03,1.916010e-02,1.5062867973e+00,1.0000,4.5446e-03
2954.923,1.2805838311e-03,1.911099e-02,1.5062867973e+00,1.0000,4.8789e-03
2955.450,1.2805095662e-03,1.905987e-02,1.5062867973e+00,1.0000,5.2292e-03
2955.977,1.2804236361e-03,1.900723e-02,1.5062867973e+00,1.0000,5.5929e-03
2956.504,1.2803243310e-03,1.895353e-02,1.5062867973e+00,1.0000,5.9673e-03
2957.031,1.2802104971e-03,1.889925e-02,1.5062867973e+00,1.0000,6.3492e-03
2957.558,1.2800815093e-03,1.884484e-02,1.5062867973e+00,1.0000,6.7354e-03
2958.085,1.2799373182e-03,1.879074e-02,1.5062867973e+00,1.0000,7.1219e-03
2958.612,1.2797785505e-03,1.873738e-02,1.5062867973e+00,1.0000,7.5047e-03
2959.139,1.2796065526e-03,1.868514e-02,1.5062867973e+00,1.0000,7.8795e-03
2959.667,1.2794232789e-03,1.863441e-02,1.5062867973e+00,1.0000,8.2416e-03
2960.194,1.2792310487e-03,1.858554e-02,1.5062867973e+00,1.0000,8.5860e-03
2960.721,1.2790323171e-03,1.853886e-02,1.5062867973e+00,1.0000,8.9076e-03
2961.248,1.2788295723e-03,1.849467e-02,1.5062867973e+00,1.0000,9.2010e-03
2961.775,1.2786253053e-03,1.845326e-02,1.5062867973e+00,1.0000,9.4606e-03
2962.302,1.2784218913e-03,1.841487e-02,1.5062867973e+00,1.0000,9.6806e-03
2962.829,1.2782213157e-03,1.837974e-02,1.5062867973e+00,1.0000,9.8552e-03
2963.356,1.2780248898e-03,1.834807e-02,1.5062867973e+00,1.0000,9.9784e-03
2963.883,1.2778331953e-03,1.832005e-02,1.5062867973e+00,1.0000,1.0045e-02
2964.410,1.2776463479e-03,1.829584e-02,1.5062867973e+00,1.0000,1.0048e-02
2964.938,1.2774644172e-03,1.827559e-02,1.5062867973e+00,1.0000,9.9836e-03
2965.465,1.2772877234e-03,1.825941e-02,1.5062867973e+00,1.0000,9.8467e-03
2965.992,1.2771168513e-03,1.824741e-02,1.5062867973e+00,1.0000,9.6339e-03
2966.519,1.2769524461e-03,1.823968e-02,1.5062867973e+00,1.0000,9.3427e-03
2967.046,1.2767949939e-03,1.823629e-02,1.5062867973e+00,1.0000,8.9725e-03
2967.573,1.2766447481e-03,1.823729e-02,1.5062867973e+00,1.0000,8.5536e-03
2968.100,1.2765018184e-03,1.824274e-02,1.5062867973e+00,1.0000,8.1291e-03
2968.627,1.2763663284e-03,1.825265e-02,1.5062867973e+00,1.0000,7.6791e-03
2969.154,1.2762385359e-03,1.826702e-02,1.5062867973e+00,1.0000,7.1873e-03
2969.681,1.2761188732e-03,1.828586e-02,1.5062867973e+00,1.0000,6.6421e-03
2970.209,1.2760079330e-03,1.830917e-02,1.5062867973e+00,1.0000,6.0343e-03
2970.736,1.2759064440e-03,1.833693e-02,1.5062867973e+00,1.0000,5.3548e-03
2971.263,1.2758152631e-03,1.836905e-02,1.5062867973e+00,1.0000,4.6025e-03
2971.790,1.2757353729e-03,1.840540e-02,1.5062867973e+00,1.0000,3.7989e-03
2972.317,1.2756678554e-03,1.844584e-02,1.5062867973e+00,1.0000,3.6084e-03
2972.844,1.2756138192e-03,1.849018e-02,1.5062867973e+00,1.0000,3.8138e-03
2973.371,1.2755742739e-03,1.853821e-02,1.5062867973e+00,1.0000,3.9981e-03
2973.898,1.2755499726e-03,1.858969e-02,1.5062867973e+00,1.0000,4.1605e-03
2974.425,1.2755411196e-03,1.864436e-02,1.5062867973e+00,1.0000,4.3003e-03
2974.952,1.2755479937e-03,1.870195e-02,1.5062867973e+00,1.0000,4.4200e-03
2975.480,1.2755688862e-03,1.876216e-02,1.5062867973e+00,1.0000,4.5178e-03
2976.007,1.2756029122e-03,1.882467e-02,1.5062867973e+00,1.0000,4.5897e-03
2976.534,1.2756475712e-03,1.888917e-02,1.5062867973e+00,1.0000,4.6342e-03
2977.061,1.2757004527e-03,1.895533e-02,1.5062867973e+00,1.0000,4.6534e-03
2977.588,1.2757589868e-03,1.902278e-02,1.5062867973e+00,1.0000,4.6492e-03
2978.115,1.2758209610e-03,1.909117e-02,1.5062867973e+00,1.0000,4.6234e-03
2978.642,1.2758848851e-03,1.916014e-02,1.5062867973e+00,1.0000,4.5775e-03
2979.169,1.2759501516e-03,1.922932e-02,1.5062867973e+00,1.0000,4.5133e-03
2979.696,1.2760170004e-03,1.929833e-02,1.5062867973e+00,1.0000,4.4320e-03
2980.223,1.2760863206e-03,1.936683e-02,1.5062867973e+00,1.0000,4.3348e-03
2980.751,1.2761594267e-03,1.943443e-02,1.5062867973e+00,1.0000,4.2229e-03
2981.278,1.2762379041e-03,1.950078e-02,1.5062867973e+00,1.0000,4.0970e-03
2981.805,1.2763235838e-03,1.956552e-02,1.5062867973e+00,1.0000,3.9578e-03
2982.332,1.2764185870e-03,1.962831e-02,1.5062867973e+00,1.0000,3.8059e-03
2982.859,1.2765253052e-03,1.968882e-02,1.5062867973e+00,1.0000,3.6414e-03
2983.386,1.2766461878e-03,1.974672e-02,1.5062867973e+00,1.0000,3.4647e-03
2983.913,1.2767833106e-03,1.980169e-02,1.5062867973e+00,1.0000,3.2759e-03
2984.440,1.2769378342e-03,1.985344e-02,1.5062867973e+00,1.0000,3.0753e-03
2984.967,1.2771095722e-03,1.990170e-02,1.5062867973e+00,1.0000,2.8628e-03
2985.494,1.2772968731e-03,1.994619e-02,1.5062867973e+00,1.0000,2.6389e-03
2986.022,1.2774968806e-03,1.998668e-02,1.5062867973e+00,1.0000,2.4039e-03
2986.549,1.2777060686e-03,2.002294e-02,1.5062867973e+00,1.0000,2.1583e-03
2987.076,1.2779208297e-03,2.005479e-02,1.5062867973e+00,1.0000,1.9013e-03
2987.603,1.2781378929e-03,2.008204e-02,1.5062867973e+00,1.0000,1.6329e-03
2988.130,1.2783544551e-03,2.010455e-02,1.5062867973e+00,1.0000,1.3573e-03
2988.657,1.2785680846e-03,2.012219e-02,1.5062867973e+00,1.0000,1.0787e-03
2989.184,1.2787765730e-03,2.013486e-02,1.5062867973e+00,1.0000,8.2169e-04
2989.711,1.2789779055e-03,2.014248e-02,1.5062867973e+00,1.0000,1.1805e-03
2990.238,1.2791703813e-03,2.014505e-02,1.5062867973e+00,1.0000,1.5683e-03
2990.765,1.2793527940e-03,2.014256e-02,1.5062867973e+00,1.0000,1.9810e-03
2991.293,1.2795245369e-03,2.013505e-02,1.5062867973e+00,1.0000,2.4142e-03
2991.820,1.2796855528e-03,2.012252e-02,1.5062867973e+00,1.0000,2.8642e-03
2992.347,1.2798361139e-03,2.010503e-02,1.5062867973e+00,1.0000,3.3281e-03
2992.874,1.2799764819e-03,2.008262e-02,1.5062867973e+00,1.0000,3.8033e-03
2993.401,1.2801065531e-03,2.005540e-02,1.5062867973e+00,1.0000,4.2874e-03
2993.928,1.2802256364e-03,2.002345e-02,1.5062867973e+00,1.0000,4.7783e-03
2994.455,1.2803324771e-03,1.998691e-02,1.5062867973e+00,1.0000,5.2741e-03
2994.982,1.2804255251e-03,1.994592e-02,1.5062867973e+00,1.0000,5.7728e-03
2995.509,1.2805033178e-03,1.990066e-02,1.5062867973e+00,1.0000,6.2726e-03
2996.036,1.2805648105e-03,1.985133e-02,1.5062867973e+00,1.0000,6.7719e-03
2996.564,1.2806095435e-03,1.979811e-02,1.5062867973e+00,1.0000,7.2687e-03
2997.091,1.2806376128e-03,1.974126e-02,1.5062867973e+00,1.0000,7.7614e-03
2997.618,1.2806494901e-03,1.968099e-02,1.5062867973e+00,1.0000,8.2484e-03
2998.145,1.2806457133e-03,1.961757e-02,1.5062867973e+00,1.0000,8.7280e-03
2998.672,1.2806273815e-03,1.955126e-02,1.5062867973e+00,1.0000,9.1985e-03
2999.199,1.2805951933e-03,1.948232e-02,1.5062867973e+00,1.0000,9.6583e-03
2999.726,1.2805508187e-03,1.941103e-02,1.5062867973e+00,1.0000,1.0106e-02
3000.253,1.2804965485e-03,1.933767e-02,1.5062867973e+00,1.0000,1.0539e-02
3000.780,1.2804350075e-03,1.926254e-02,1.5062867973e+00,1.0000,1.0957e-02
3001.307,1.2803687728e-03,1.918593e-02,1.5062867973e+00,1.0000,1.1357e-02
3001.835,1.2802999373e-03,1.910814e-02,1.5062867973e+00,1.0000,1.1739e-02
3002.362,1.2802299629e-03,1.902948e-02,1.5062867973e+00,1.0000,1.2099e-02
3002.889,1.2801597543e-03,1.895025e-02,1.5062867973e+00,1.0000,1.2437e-02
3003.416,1.2800898931e-03,1.887076e-02,1.5062867973e+00,1.0000,1.2750e-02
3003.943,1.2800207721e-03,1.879135e-02,1.5062867973e+00,1.0000,1.3036e-02
3004.470,1.2799525931e-03,1.871233e-02,1.5062867973e+00,1.0000,1.3294e-02
3004.997,1.2798853150e-03,1.863402e-02,1.5062867973e+00,1.0000,1.3521e-02
3005.524,1.2798186590e-03,1.855675e-02,1.5062867973e+00,1.0000,1.3715e-02
3006.051,1.2797521942e-03,1.848085e-02,1.5062867973e+00,1.0000,1.3874e-02
3006.578,1.2796854614e-03,1.840663e-02,1.5062867973e+00,1.0000,1.3996e-02
3007.106,1.2796180796e-03,1.833440e-02,1.5062867973e+00,1.0000,1.4078e-02
3007.633,1.2795498075e-03,1.826447e-02,1.5062867973e+00,1.0000,1.4119e-02
3008.160,1.2794805615e-03,1.819712e-02,1.5062867973e+00,1.0000,1.4117e-02
3008.687,1.2794104036e-03,1.813264e-02,1.5062867973e+00,1.0000,1.4078e-02
3009.214,1.2793395184e-03,1.807128e-02,1.5062867973e+00,1.0000,1.4138e-02
3009.741,1.2792681875e-03,1.801326e-02,1.5062867973e+00,1.0000,1.4319e-02
3010.268,1.2791967672e-03,1.795882e-02,1.5062867973e+00,1.0000,1.4583e-02
3010.795,1.2791256769e-03,1.790812e-02,1.5062867973e+00,1.0000,1.4897e-02
3011.322,1.2790554026e-03,1.786132e-02,1.5062867973e+00,1.0000,1.5234e-02
3011.849,1.2789865132e-03,1.781854e-02,1.5062867973e+00,1.0000,1.5561e-02
3012.377,1.2789196794e-03,1.777988e-02,1.5062867973e+00,1.0000,1.5855e-02
3012.904,1.2788556938e-03,1.774539e-02,1.5062867973e+00,1.0000,1.6097e-02
3013.431,1.2787954990e-03,1.771508e-02,1.5062867973e+00,1.0000,1.6279e-02
3013.958,1.2787401845e-03,1.768896e-02,1.5062867973e+00,1.0000,1.6397e-02
3014.485,1.2786909358e-03,1.766699e-02,1.5062867973e+00,1.0000,1.6456e-02
3015.012,1.2786489806e-03,1.764912e-02,1.5062867973e+00,1.0000,1.6466e-02
3015.539,1.2786155335e-03,1.763532e-02,1.5062867973e+00,1.0000,1.6437e-02
3016.066,1.2785916800e-03,1.762555e-02,1.5062867973e+00,1.0000,1.6381e-02
3016.593,1.2785782329e-03,1.761972e-02,1.5062867973e+00,1.0000,1.6311e-02
3017.120,1.2785756306e-03,1.761780e-02,1.5062867973e+00,1.0000,1.6234e-02
3017.648,1.2785841886e-03,1.761982e-02,1.5062867973e+00,1.0000,1.6159e-02
3018.175,1.2786031763e-03,1.762582e-02,1.5062867973e+00,1.0000,1.6085e-02
3018.702,1.2786325103e-03,1.763576e-02,1.5062867973e+00,1.0000,1.6010e-02
3019.229,1.2786707465e-03,1.764959e-02,1.5062867973e+00,1.0000,1.5927e-02
3019.756,1.2787167877e-03,1.766723e-02,1.5062867973e+00,1.0000,1.5826e-02
3020.283,1.2787692442e-03,1.768874e-02,1.5062867973e+00,1.0000,1.5699e-02
3020.810,1.2788268702e-03,1.771414e-02,1.5062867973e+00,1.0000,1.5532e-02
3021.337,1.2788884994e-03,1.774344e-02,1.5062867973e+00,1.0000,1.5316e-02
3021.864,1.2789531685e-03,1.777665e-02,1.5062867973e+00,1.0000,1.5041e-02
3022.391,1.2790202338e-03,1.781377e-02,1.5062867973e+00,1.0000,1.4696e-02
3022.919,1.2790894282e-03,1.785477e-02,1.5062867973e+00,1.0000,1.4277e-02
3023.446,1.2791607419e-03,1.789961e-02,1.5062867973e+00,1.0000,1.3777e-02
3023.973,1.2792342374e-03,1.794823e-02,1.5062867973e+00,1.0000,1.3195e-02
3024.500,1.2793100242e-03,1.800054e-02,1.5062867973e+00,1.0000,1.2532e-02
3025.027,1.2793883943e-03,1.805641e-02,1.5062867973e+00,1.0000,1.1793e-02
3025.554,1.2794698758e-03,1.811574e-02,1.5062867973e+00,1.0000,1.0986e-02
3026.081,1.2795550535e-03,1.817835e-02,1.5062867973e+00,1.0000,1.0120e-02
3026.608,1.2796443014e-03,1.824407e-02,1.5062867973e+00,1.0000,9.2063e-03
3027.135,1.2797376623e-03,1.831271e-02,1.5062867973e+00,1.0000,8.2552e-03
3027.662,1.2798349003e-03,1.838403e-02,1.5062867973e+00,1.0000,7.2787e-03
3028.190,1.2799355598e-03,1.845778e-02,1.5062867973e+00,1.0000,6.2902e-03
3028.717,1.2800389112e-03,1.853372e-02,1.5062867973e+00,1.0000,5.2979e-03
3029.244,1.2801438420e-03,1.861158e-02,1.5062867973e+00,1.0000,4.3069e-03
3029.771,1.2802488275e-03,1.869110e-02,1.5062867973e+00,1.0000,4.3554e-03
3030.298,1.2803520322e-03,1.877200e-02,1.5062867973e+00,1.0000,4.3999e-03
3030.825,1.2804514855e-03,1.885398e-02,1.5062867973e+00,1.0000,4.4367e-03
3031.352,1.2805452307e-03,1.893672e-02,1.5062867973e+00,1.0000,4.4670e-03
3031.879,1.2806313880e-03,1.901991e-02,1.5062867973e+00,1.0000,4.4907e-03
3032.406,1.2807081502e-03,1.910318e-02,1.5062867973e+00,1.0000,4.5070e-03
3032.933,1.2807737996e-03,1.918615e-02,1.5062867973e+00,1.0000,4.5166e-03
3033.461,1.2808268271e-03,1.926841e-02,1.5062867973e+00,1.0000,4.5133e-03
3033.988,1.2808661489e-03,1.934953e-02,1.5062867973e+00,1.0000,4.4941e-03
3034.515,1.2808912940e-03,1.942910e-02,1.5062867973e+00,1.0000,4.4577e-03
3035.042,1.2809024165e-03,1.950670e-02,1.5062867973e+00,1.0000,4.4046e-03
3035.569,1.2808998871e-03,1.958191e-02,1.5062867973e+00,1.0000,4.3361e-03
3036.096,1.2808850829e-03,1.965435e-02,1.5062867973e+00,1.0000,4.2537e-03
3036.623,1.2808577688e-03,1.972362e-02,1.5062867973e+00,1.0000,4.1583e-03
3037.150,1.2808187035e-03,1.978936e-02,1.5062867973e+00,1.0000,4.0510e-03
3037.677,1.2807681472e-03,1.985124e-02,1.5062867973e+00,1.0000,3.9324e-03
3038.204,1.2807065495e-03,1.990894e-02,1.5062867973e+00,1.0000,3.8031e-03
3038.732,1.2806345605e-03,1.996219e-02,1.5062867973e+00,1.0000,3.6636e-03
3039.259,1.2805522937e-03,2.001074e-02,1.5062867973e+00,1.0000,3.5139e-03
3039.786,1.2804593980e-03,2.005439e-02,1.5062867973e+00,1.0000,3.3543e-03
3040.313,1.2803559075e-03,2.009295e-02,1.5062867973e+00,1.0000,3.1848e-03
3040.840,1.2802424451e-03,2.012630e-02,1.5062867973e+00,1.0000,3.0054e-03
3041.367,1.2801191904e-03,2.015433e-02,1.5062867973e+00,1.0000,2.8160e-03
3041.894,1.2799852885e-03,2.017699e-02,1.5062867973e+00,1.0000,2.6156e-03
3042.421,1.2798397242e-03,2.019425e-02,1.5062867973e+00,1.0000,2.4046e-03
3042.948,1.2796825664e-03,2.020613e-02,1.5062867973e+00,1.0000,2.1839e-03
3043.475,1.2795151509e-03,2.021269e-02,1.5062867973e+00,1.0000,1.9546e-03
3044.003,1.2793392736e-03,2.021400e-02,1.5062867973e+00,1.0000,1.7187e-03
3044.530,1.2791564492e-03,2.021018e-02,1.5062867973e+00,1.0000,1.4783e-03
3045.057,1.2789678380e-03,2.020141e-02,1.5062867973e+00,1.0000,1.2331e-03
3045.584,1.2787745778e-03,2.018784e-02,1.5062867973e+00,1.0000,9.8336e-04
3046.111,1.2785780201e-03,2.016964e-02,1.5062867973e+00,1.0000,1.2381e-03
3046.638,1.2783796942e-03,2.014710e-02,1.5062867973e+00,1.0000,1.5754e-03
3047.165,1.2781811360e-03,2.012048e-02,1.5062867973e+00,1.0000,1.9344e-03
3047.692,1.2779837526e-03,2.009001e-02,1.5062867973e+00,1.0000,2.3116e-03
3048.219,1.2777887761e-03,2.005596e-02,1.5062867973e+00,1.0000,2.7041e-03
3048.746,1.2775972698e-03,2.001858e-02,1.5062867973e+00,1.0000,3.1097e-03
3049.274,1.2774101419e-03,1.997813e-02,1.5062867973e+00,1.0000,3.5260e-03
3049.801,1.2772281531e-03,1.993486e-02,1.5062867973e+00,1.0000,3.9510e-03
3050.328,1.2770519239e-03,1.988903e-02,1.5062867973e+00,1.0000,4.3827e-03
3050.855,1.2768819484e-03,1.984092e-02,1.5062867973e+00,1.0000,4.8191e-03
3051.382,1.2767186201e-03,1.979077e-02,1.5062867973e+00,1.0000,5.2580e-03
3051.909,1.2765622666e-03,1.973884e-02,1.5062867973e+00,1.0000,5.6972e-03
3052.436,1.2764131948e-03,1.968540e-02,1.5062867973e+00,1.0000,6.1344e-03
3052.963,1.2762717401e-03,1.963071e-02,1.5062867973e+00,1.0000,6.5670e-03
3053.490,1.2761383178e-03,1.957502e-02,1.5062867973e+00,1.0000,6.9925e-03
3054.017,1.2760134670e-03,1.951860e-02,1.5062867973e+00,1.0000,7.4080e-03
3054.545,1.2758978782e-03,1.946169e-02,1.5062867973e+00,1.0000,7.8104e-03
3055.072,1.2757923962e-03,1.940455e-02,1.5062867973e+00,1.0000,8.1966e-03
3055.599,1.2756979922e-03,1.934744e-02,1.5062867973e+00,1.0000,8.5633e-03
3056.126,1.2756157037e-03,1.929062e-02,1.5062867973e+00,1.0000,8.9070e-03
3056.653,1.2755465492e-03,1.923433e-02,1.5062867973e+00,1.0000,9.2242e-03
3057.180,1.2754914270e-03,1.917883e-02,1.5062867973e+00,1.0000,9.5114e-03
3057.707,1.2754510157e-03,1.912437e-02,1.5062867973e+00,1.0000,9.7648e-03
3058.234,1.2754256919e-03,1.907121e-02,1.5062867973e+00,1.0000,9.9809e-03
3058.761,1.2754153477e-03,1.901958e-02,1.5062867973e+00,1.0000,1.0156e-02
3059.288,1.2754201623e-03,1.896975e-02,1.5062867973e+00,1.0000,1.0288e-02
3059.816,1.2754385942e-03,1.892195e-02,1.5062867973e+00,1.0000,1.0372e-02
3060.343,1.2754703739e-03,1.887643e-02,1.5062867973e+00,1.0000,1.0406e-02
3060.870,1.2755139372e-03,1.883342e-02,1.5062867973e+00,1.0000,1.0388e-02
3061.397,1.2755680672e-03,1.879314e-02,1.5062867973e+00,1.0000,1.0316e-02
3061.924,1.2756313676e-03,1.875582e-02,1.5062867973e+00,1.0000,1.0190e-02
3062.451,1.2757024734e-03,1.872167e-02,1.5062867973e+00,1.0000,1.0008e-02
3062.978,1.2757801933e-03,1.869088e-02,1.5062867973e+00,1.0000,9.7708e-03
3063.505,1.2758634856e-03,1.866365e-02,1.5062867973e+00,1.0000,9.4807e-03
3064.032,1.2759514526e-03,1.864013e-02,1.5062867973e+00,1.0000,9.1396e-03
3064.559,1.2760433620e-03,1.862049e-02,1.5062867973e+00,1.0000,8.7511e-03
3065.087,1.2761387810e-03,1.860485e-02,1.5062867973e+00,1.0000,8.3195e-03
3065.614,1.2762377406e-03,1.859333e-02,1.5062867973e+00,1.0000,7.8503e-03
3066.141,1.2763408092e-03,1.858603e-02,1.5062867973e+00,1.0000,7.3493e-03
3066.668,1.2764489627e-03,1.858306e-02,1.5062867973e+00,1.0000,6.8205e-03
3067.195,1.2765632779e-03,1.858446e-02,1.5062867973e+00,1.0000,6.2675e-03
3067.722,1.2766846320e-03,1.859024e-02,1.5062867973e+00,1.0000,5.6958e-03
3068.249,1.2768136209e-03,1.860038e-02,1.5062867973e+00,1.0000,5.1123e-03
3068.776,1.2769507390e-03,1.861480e-02,1.5062867973e+00,1.0000,4.5249e-03
3069.303,1.2770966202e-03,1.863342e-02,1.5062867973e+00,1.0000,3.9422e-03
3069.830,1.2772520603e-03,1.865612e-02,1.5062867973e+00,1.0000,3.3727e-03
3070.358,1.2774177112e-03,1.868274e-02,1.5062867973e+00,1.0000,2.8244e-03
3070.885,1.2775936126e-03,1.871311e-02,1.5062867973e+00,1.0000,2.6317e-03
3071.412,1.2777788637e-03,1.874702e-02,1.5062867973e+00,1.0000,2.7696e-03
3071.939,1.2779716264e-03,1.878425e-02,1.5062867973e+00,1.0000,2.8859e-03
3072.466,1.2781694107e-03,1.882454e-02,1.5062867973e+00,1.0000,2.9805e-03
3072.993,1.2783694214e-03,1.886762e-02,1.5062867973e+00,1.0000,3.0530e-03
3073.520,1.2785687863e-03,1.891318e-02,1.5062867973e+00,1.0000,3.1037e-03
3074.047,1.2787646587e-03,1.896090e-02,1.5062867973e+00,1.0000,3.1327e-03
3074.574,1.2789543267e-03,1.901043e-02,1.5062867973e+00,1.0000,3.1410e-03
3075.101,1.2791354382e-03,1.906139e-02,1.5062867973e+00,1.0000,3.1299e-03
3075.629,1.2793063063e-03,1.911341e-02,1.5062867973e+00,1.0000,3.0983e-03
3076.156,1.2794661379e-03,1.916607e-02,1.5062867973e+00,1.0000,3.0461e-03
3076.683,1.2796150462e-03,1.921895e-02,1.5062867973e+00,1.0000,2.9742e-03
3077.210,1.2797538435e-03,1.927162e-02,1.5062867973e+00,1.0000,2.8835e-03
3077.737,1.2798837542e-03,1.932364e-02,1.5062867973e+00,1.0000,2.7754e-03
3078.264,1.2800062108e-03,1.937456e-02,1.5062867973e+00,1.0000,2.6514e-03
3078.791,1.2801227998e-03,1.942396e-02,1.5062867973e+00,1.0000,2.5133e-03
3079.318,1.2802352778e-03,1.947138e-02,1.5062867973e+00,1.0000,2.3626e-03
3079.845,1.2803455177e-03,1.951641e-02,1.5062867973e+00,1.0000,2.2023e-03
3080.372,1.2804553052e-03,1.955863e-02,1.5062867973e+00,1.0000,2.0339e-03
3080.900,1.2805660370e-03,1.959764e-02,1.5062867973e+00,1.0000,1.8583e-03
3081.427,1.2806784634e-03,1.963307e-02,1.5062867973e+00,1.0000,1.6761e-03
3081.954,1.2807925965e-03,1.966457e-02,1.5062867973e+00,1.0000,1.4881e-03
3082.481,1.2809078063e-03,1.969181e-02,1.5062867973e+00,1.0000,1.3190e-03
3083.008,1.2810230253e-03,1.971450e-02,1.5062867973e+00,1.0000,1.6148e-03
3083.535,1.2811369508e-03,1.973237e-02,1.5062867973e+00,1.0000,1.9263e-03
3084.062,1.2812481752e-03,1.974519e-02,1.5062867973e+00,1.0000,2.2518e-03
3084.589,1.2813552409e-03,1.975277e-02,1.5062867973e+00,1.0000,2.5896e-03
3085.116,1.2814566603e-03,1.975495e-02,1.5062867973e+00,1.0000,2.9383e-03
3085.643,1.2815509407e-03,1.975163e-02,1.5062867973e+00,1.0000,3.2969e-03
3086.171,1.2816366300e-03,1.974275e-02,1.5062867973e+00,1.0000,3.6632e-03
3086.698,1.2817123734e-03,1.972828e-02,1.5062867973e+00,1.0000,4.0352e-03
3087.225,1.2817769683e-03,1.970824e-02,1.5062867973e+00,1.0000,4.4118e-03
3087.752,1.2818294080e-03,1.968267e-02,1.5062867973e+00,1.0000,4.7920e-03
3088.279,1.2818689228e-03,1.965167e-02,1.5062867973e+00,1.0000,5.1752e-03
3088.806,1.2818950215e-03,1.961536e-02,1.5062867973e+00,1.0000,5.5612e-03
3089.333,1.2819075308e-03,1.957393e-02,1.5062867973e+00,1.0000,5.9495e-03
3089.860,1.2819065370e-03,1.952759e-02,1.5062867973e+00,1.0000,6.3398e-03
3090.387,1.2818927665e-03,1.947663e-02,1.5062867973e+00,1.0000,6.7317e-03
3090.914,1.2818667834e-03,1.942132e-02,1.5062867973e+00,1.0000,7.1246e-03
3091.442,1.2818294961e-03,1.936203e-02,1.5062867973e+00,1.0000,7.5180e-03
3091.969,1.2817821130e-03,1.929912e-02,1.5062867973e+00,1.0000,7.9109e-03
3092.496,1.2817256526e-03,1.923301e-02,1.5062867973e+00,1.0000,8.3025e-03
3093.023,1.2816612845e-03,1.916413e-02,1.5062867973e+00,1.0000,8.6916e-03
3093.550,1.2815900843e-03,1.909294e-02,1.5062867973e+00,1.0000,9.0767e-03
3094.077,1.2815130899e-03,1.901991e-02,1.5062867973e+00,1.0000,9.4566e-03
3094.604,1.2814311247e-03,1.894554e-02,1.5062867973e+00,1.0000,9.8295e-03
3095.131,1.2813446776e-03,1.887033e-02,1.5062867973e+00,1.0000,1.0194e-02
3095.658,1.2812538329e-03,1.879479e-02,1.5062867973e+00,1.0000,1.0547e-02
3096.185,1.2811582670e-03,1.871943e-02,1.5062867973e+00,1.0000,1.0888e-02
3096.713,1.2810573367e-03,1.864474e-02,1.5062867973e+00,1.0000,1.1213e-02
3097.240,1.2809502927e-03,1.857122e-02,1.5062867973e+00,1.0000,1.1521e-02
3097.767,1.2808365564e-03,1.849937e-02,1.5062867973e+00,1.0000,1.1808e-02
3098.294,1.2807159259e-03,1.842964e-02,1.5062867973e+00,1.0000,1.2072e-02
3098.821,1.2805886252e-03,1.836249e-02,1.5062867973e+00,1.0000,1.2309e-02
3099.348,1.2804551900e-03,1.829835e-02,1.5062867973e+00,1.0000,1.2515e-02
3099.875,1.2803162462e-03,1.823763e-02,1.5062867973e+00,1.0000,1.2686e-02
3100.402,1.2801722789e-03,1.818070e-02,1.5062867973e+00,1.0000,1.2818e-02
3100.929,1.2800235268e-03,1.812792e-02,1.5062867973e+00,1.0000,1.2903e-02
3101.456,1.2798700951e-03,1.807960e-02,1.5062867973e+00,1.0000,1.2999e-02
3101.984,1.2797122502e-03,1.803606e-02,1.5062867973e+00,1.0000,1.3202e-02
3102.511,1.2795507218e-03,1.799754e-02,1.5062867973e+00,1.0000,1.3476e-02
3103.038,1.2793868039e-03,1.796428e-02,1.5062867973e+00,1.0000,1.3778e-02
3103.565,1.2792221665e-03,1.793645e-02,1.5062867973e+00,1.0000,1.4069e-02
3104.092,1.2790584751e-03,1.791420e-02,1.5062867973e+00,1.0000,1.4312e-02
3104.619,1.2788970302e-03,1.789763e-02,1.5062867973e+00,1.0000,1.4470e-02
3105.146,1.2787386146e-03,1.788682e-02,1.5062867973e+00,1.0000,1.4514e-02
3105.673,1.2785835951e-03,1.788179e-02,1.5062867973e+00,1.0000,1.4420e-02
3106.200,1.2784321788e-03,1.788259e-02,1.5062867973e+00,1.0000,1.4165e-02
3106.727,1.2782846602e-03,1.788927e-02,1.5062867973e+00,1.0000,1.3726e-02
3107.255,1.2781415376e-03,1.790182e-02,1.5062867973e+00,1.0000,1.3095e-02
3107.782,1.2780034780e-03,1.792013e-02,1.5062867973e+00,1.0000,1.2282e-02
3108.309,1.2778712017e-03,1.794408e-02,1.5062867973e+00,1.0000,1.1307e-02
3108.836,1.2777453854e-03,1.797351e-02,1.5062867973e+00,1.0000,1.0202e-02
3109.363,1.2776266422e-03,1.800827e-02,1.5062867973e+00,1.0000,9.0007e-03
3109.890,1.2775155661e-03,1.804813e-02,1.5062867973e+00,1.0000,7.7449e-03
3110.417,1.2774127937e-03,1.809291e-02,1.5062867973e+00,1.0000,6.4752e-03
3110.944,1.2773190408e-03,1.814243e-02,1.5062867973e+00,1.0000,5.2181e-03
3111.471,1.2772350993e-03,1.819656e-02,1.5062867973e+00,1.0000,4.9864e-03
3111.998,1.2771617941e-03,1.825515e-02,1.5062867973e+00,1.0000,5.0877e-03
3112.526,1.2770999014e-03,1.831807e-02,1.5062867973e+00,1.0000,5.1685e-03
3113.053,1.2770500470e-03,1.838517e-02,1.5062867973e+00,1.0000,5.2360e-03
3113.580,1.2770126150e-03,1.845630e-02,1.5062867973e+00,1.0000,5.2943e-03
3114.107,1.2769876990e-03,1.853130e-02,1.5062867973e+00,1.0000,5.3481e-03
3114.634,1.2769750951e-03,1.860995e-02,1.5062867973e+00,1.0000,5.3947e-03
3115.161,1.2769743983e-03,1.869204e-02,1.5062867973e+00,1.0000,5.4273e-03
3115.688,1.2769847122e-03,1.877728e-02,1.5062867973e+00,1.0000,5.4434e-03
3116.215,1.2770051249e-03,1.886538e-02,1.5062867973e+00,1.0000,5.4427e-03
3116.742,1.2770347397e-03,1.895597e-02,1.5062867973e+00,1.0000,5.4248e-03
3117.269,1.2770720908e-03,1.904867e-02,1.5062867973e+00,1.0000,5.3884e-03
3117.797,1.2771161510e-03,1.914306e-02,1.5062867973e+00,1.0000,5.3325e-03
3118.324,1.2771657766e-03,1.923869e-02,1.5062867973e+00,1.0000,5.2585e-03
3118.851,1.2772200467e-03,1.933512e-02,1.5062867973e+00,1.0000,5.1672e-03
3119.378,1.2772781759e-03,1.943190e-02,1.5062867973e+00,1.0000,5.0600e-03
3119.905,1.2773395910e-03,1.952856e-02,1.5062867973e+00,1.0000,4.9379e-03
3120.432,1.2774039006e-03,1.962464e-02,1.5062867973e+00,1.0000,4.8024e-03
3120.959,1.2774708700e-03,1.971969e-02,1.5062867973e+00,1.0000,4.6545e-03
3121.486,1.2775403831e-03,1.981326e-02,1.5062867973e+00,1.0000,4.4956e-03
3122.013,1.2776123874e-03,1.990491e-02,1.5062867973e+00,1.0000,4.3269e-03
3122.540,1.2776868409e-03,1.999423e-02,1.5062867973e+00,1.0000,4.1494e-03
3123.068,1.2777636733e-03,2.008082e-02,1.5062867973e+00,1.0000,3.9641e-03
3123.595,1.2778427628e-03,2.016430e-02,1.5062867973e+00,1.0000,3.7718e-03
3124.122,1.2779239179e-03,2.024431e-02,1.5062867973e+00,1.0000,3.5734e-03
3124.649,1.2780068604e-03,2.032053e-02,1.5062867973e+00,1.0000,3.3694e-03
3125.176,1.2780912102e-03,2.039263e-02,1.5062867973e+00,1.0000,3.1604e-03
3125.703,1.2781764765e-03,2.046034e-02,1.5062867973e+00,1.0000,2.9467e-03
3126.230,1.2782620607e-03,2.052338e-02,1.5062867973e+00,1.0000,2.7288e-03
3126.757,1.2783472661e-03,2.058151e-02,1.5062867973e+00,1.0000,2.5069e-03
3127.284,1.2784313078e-03,2.063450e-02,1.5062867973e+00,1.0000,2.2815e-03
3127.811,1.2785133280e-03,2.068215e-02,1.5062867973e+00,1.0000,2.0529e-03
3128.339,1.2785924203e-03,2.072429e-02,1.5062867973e+00,1.0000,1.8215e-03
3128.866,1.2786676522e-03,2.076075e-02,1.5062867973e+00,1.0000,1.5853e-03
3129.393,1.2787380961e-03,2.079142e-02,1.5062867973e+00,1.0000,1.3465e-03
3129.920,1.2788028888e-03,2.081620e-02,1.5062867973e+00,1.0000,1.1120e-03
3130.447,1.2788612658e-03,2.083499e-02,1.5062867973e+00,1.0000,8.8235e-04
3130.974,1.2789125133e-03,2.084775e-02,1.5062867973e+00,1.0000,8.5455e-04
3131.501,1.2789559385e-03,2.085443e-02,1.5062867973e+00,1.0000,1.1543e-03
3132.028,1.2789909754e-03,2.085502e-02,1.5062867973e+00,1.0000,1.4677e-03
3132.555,1.2790172893e-03,2.084952e-02,1.5062867973e+00,1.0000,1.7924e-03
3133.082,1.2790346537e-03,2.083797e-02,1.5062867973e+00,1.0000,2.1264e-03
3133.610,1.2790427195e-03,2.082043e-02,1.5062867973e+00,1.0000,2.4676e-03
3134.137,1.2790405690e-03,2.079702e-02,1.5062867973e+00,1.0000,2.8139e-03
3134.664,1.2790288650e-03,2.076784e-02,1.5062867973e+00,1.0000,3.1634e-03
3135.191,1.2790065025e-03,2.073308e-02,1.5062867973e+00,1.0000,3.5144e-03
3135.718,1.2789743713e-03,2.069291e-02,1.5062867973e+00,1.0000,3.8650e-03
3136.245,1.2789329859e-03,2.064756e-02,1.5062867973e+00,1.0000,4.2137e-03
3136.772,1.2788824561e-03,2.059729e-02,1.5062867973e+00,1.0000,4.5589e-03
3137.299,1.2788229343e-03,2.054237e-02,1.5062867973e+00,1.0000,4.8992e-03
3137.826,1.2787546817e-03,2.048310e-02,1.5062867973e+00,1.0000,5.2336e-03
3138.353,1.2786784838e-03,2.041981e-02,1.5062867973e+00,1.0000,5.5608e-03
3138.881,1.2785954979e-03,2.035283e-02,1.5062867973e+00,1.0000,5.8801e-03
3139.408,1.2785069693e-03,2.028252e-02,1.5062867973e+00,1.0000,6.1908e-03
3139.935,1.2784139852e-03,2.020923e-02,1.5062867973e+00,1.0000,6.4924e-03
3140.462,1.2783175422e-03,2.013334e-02,1.5062867973e+00,1.0000,6.7845e-03
3140.989,1.2782187420e-03,2.005522e-02,1.5062867973e+00,1.0000,7.0670e-03
3141.516,1.2781188105e-03,1.997524e-02,1.5062867973e+00,1.0000,7.3398e-03
3142.043,1.2780188941e-03,1.989376e-02,1.5062867973e+00,1.0000,7.6032e-03
3142.570,1.2779198835e-03,1.981114e-02,1.5062867973e+00,1.0000,7.8571e-03
3143.097,1.2778224595e-03,1.972774e-02,1.5062867973e+00,1.0000,8.1018e-03
3143.624,1.2777272738e-03,1.964391e-02,1.5062867973e+00,1.0000,8.3377e-03
3144.152,1.2776350486e-03,1.955996e-02,1.5062867973e+00,1.0000,8.5648e-03
3144.679,1.2775465129e-03,1.947623e-02,1.5062867973e+00,1.0000,8.7834e-03
3145.206,1.2774622941e-03,1.939303e-02,1.5062867973e+00,1.0000,8.9935e-03
3145.733,1.2773829084e-03,1.931063e-02,1.5062867973e+00,1.0000,9.1952e-03
3146.260,1.2773088575e-03,1.922934e-02,1.5062867973e+00,1.0000,9.3883e-03
3146.787,1.2772407087e-03,1.914941e-02,1.5062867973e+00,1.0000,9.5726e-03
3147.314,1.2771790585e-03,1.907110e-02,1.5062867973e+00,1.0000,9.7475e-03
3147.841,1.2771244189e-03,1.899465e-02,1.5062867973e+00,1.0000,9.9126e-03
3148.368,1.2770771940e-03,1.892031e-02,1.5062867973e+00,1.0000,1.0067e-02
3148.895,1.2770378413e-03,1.884828e-02,1.5062867973e+00,1.0000,1.0210e-02
3149.423,1.2770070587e-03,1.877878e-02,1.5062867973e+00,1.0000,1.0340e-02
3149.950,1.2769857501e-03,1.871201e-02,1.5062867973e+00,1.0000,1.0457e-02
3150.477,1.2769747871e-03,1.864816e-02,1.5062867973e+00,1.0000,1.0559e-02
3151.004,1.2769751167e-03,1.858741e-02,1.5062867973e+00,1.0000,1.0645e-02
3151.531,1.2769870126e-03,1.852993e-02,1.5062867973e+00,1.0000,1.0713e-02
3152.058,1.2770115229e-03,1.847589e-02,1.5062867973e+00,1.0000,1.0762e-02
3152.585,1.2770489045e-03,1.842545e-02,1.5062867973e+00,1.0000,1.0791e-02
3153.112,1.2770989061e-03,1.837874e-02,1.5062867973e+00,1.0000,1.0797e-02
3153.639,1.2771609435e-03,1.833593e-02,1.5062867973e+00,1.0000,1.0780e-02
3154.166,1.2772340257e-03,1.829712e-02,1.5062867973e+00,1.0000,1.0738e-02
3154.694,1.2773169405e-03,1.826245e-02,1.5062867973e+00,1.0000,1.0670e-02
3155.221,1.2774080225e-03,1.823203e-02,1.5062867973e+00,1.0000,1.0574e-02
3155.748,1.2775051529e-03,1.820595e-02,1.5062867973e+00,1.0000,1.0449e-02
3156.275,1.2776060444e-03,1.818432e-02,1.5062867973e+00,1.0000,1.0293e-02
3156.802,1.2777087181e-03,1.816720e-02,1.5062867973e+00,1.0000,1.0105e-02
3157.329,1.2778118294e-03,1.815465e-02,1.5062867973e+00,1.0000,9.8844e-03
3157.856,1.2779147871e-03,1.814674e-02,1.5062867973e+00,1.0000,9.6299e-03
3158.383,1.2780178343e-03,1.814348e-02,1.5062867973e+00,1.0000,9.3410e-03
3158.910,1.2781221237e-03,1.814489e-02,1.5062867973e+00,1.0000,9.0174e-03
3159.437,1.2782296239e-03,1.815096e-02,1.5062867973e+00,1.0000,8.6678e-03
3159.965,1.2783427991e-03,1.816167e-02,1.5062867973e+00,1.0000,8.3524e-03
3160.492,1.2784642373e-03,1.817697e-02,1.5062867973e+00,1.0000,8.0636e-03
3161.019,1.2785963975e-03,1.819675e-02,1.5062867973e+00,1.0000,7.7816e-03
3161.546,1.2787414489e-03,1.822102e-02,1.5062867973e+00,1.0000,7.4890e-03
3162.073,1.2789010761e-03,1.824962e-02,1.5062867973e+00,1.0000,7.1691e-03
3162.600,1.2790762216e-03,1.828239e-02,1.5062867973e+00,1.0000,6.8086e-03
3163.127,1.2792668637e-03,1.831917e-02,1.5062867973e+00,1.0000,6.3983e-03
3163.654,1.2794719336e-03,1.835973e-02,1.5062867973e+00,1.0000,5.9324e-03
3164.181,1.2796893911e-03,1.840386e-02,1.5062867973e+00,1.0000,5.4090e-03
3164.708,1.2799164057e-03,1.845129e-02,1.5062867973e+00,1.0000,4.8288e-03
3165.236,1.2801495841e-03,1.850175e-02,1.5062867973e+00,1.0000,4.1992e-03
3165.763,1.2803852072e-03,1.855495e-02,1.5062867973e+00,1.0000,3.5434e-03
3166.290,1.2806194615e-03,1.861060e-02,1.5062867973e+00,1.0000,3.4868e-03
3166.817,1.2808486506e-03,1.866840e-02,1.5062867973e+00,1.0000,3.6183e-03
3167.344,1.2810693709e-03,1.872804e-02,1.5062867973e+00,1.0000,3.7366e-03
3167.871,1.2812786406e-03,1.878923e-02,1.5062867973e+00,1.0000,3.8416e-03
3168.398,1.2814739756e-03,1.885165e-02,1.5062867973e+00,1.0000,3.9329e-03
3168.925,1.2816534165e-03,1.891501e-02,1.5062867973e+00,1.0000,4.0099e-03
3169.452,1.2818155146e-03,1.897898e-02,1.5062867973e+00,1.0000,4.0733e-03
3169.979,1.2819592883e-03,1.904325e-02,1.5062867973e+00,1.0000,4.1231e-03
3170.507,1.2820841625e-03,1.910749e-02,1.5062867973e+00,1.0000,4.1562e-03
3171.034,1.2821899014e-03,1.917139e-02,1.5062867973e+00,1.0000,4.1710e-03
3171.561,1.2822765448e-03,1.923460e-02,1.5062867973e+00,1.0000,4.1663e-03
3172.088,1.2823443539e-03,1.929681e-02,1.5062867973e+00,1.0000,4.1417e-03
3172.615,1.2823937701e-03,1.935767e-02,1.5062867973e+00,1.0000,4.0981e-03
3173.142,1.2824253842e-03,1.941685e-02,1.5062867973e+00,1.0000,4.0366e-03
3173.669,1.2824399166e-03,1.947402e-02,1.5062867973e+00,1.0000,3.9581e-03
3174.196,1.2824381141e-03,1.952885e-02,1.5062867973e+00,1.0000,3.8637e-03
3174.723,1.2824211878e-03,1.958102e-02,1.5062867973e+00,1.0000,3.7544e-03
3175.250,1.2823898328e-03,1.963024e-02,1.5062867973e+00,1.0000,3.6314e-03
3175.778,1.2823451439e-03,1.967621e-02,1.5062867973e+00,1.0000,3.4958e-03
3176.305,1.2822881716e-03,1.971868e-02,1.5062867973e+00,1.0000,3.3489e-03
3176.832,1.2822197326e-03,1.975740e-02,1.5062867973e+00,1.0000,3.1920e-03
3177.359,1.2821407317e-03,1.979214e-02,1.5062867973e+00,1.0000,3.0264e-03
3177.886,1.2820519485e-03,1.982271e-02,1.5062867973e+00,1.0000,2.8527e-03
3178.413,1.2819540327e-03,1.984896e-02,1.5062867973e+00,1.0000,2.6715e-03
3178.940,1.2818473744e-03,1.987075e-02,1.5062867973e+00,1.0000,2.4850e-03
3179.467,1.2817320478e-03,1.988798e-02,1.5062867973e+00,1.0000,2.2949e-03
3179.994,1.2816078945e-03,1.990057e-02,1.5062867973e+00,1.0000,2.1034e-03
3180.521,1.2814747801e-03,1.990850e-02,1.5062867973e+00,1.0000,1.9138e-03
3181.049,1.2813328664e-03,1.991177e-02,1.5062867973e+00,1.0000,1.7269e-03
3181.576,1.2811827026e-03,1.991043e-02,1.5062867973e+00,1.0000,1.5444e-03
3182.103,1.2810250641e-03,1.990456e-02,1.5062867973e+00,1.0000,1.3649e-03
3182.630,1.2808606605e-03,1.989425e-02,1.5062867973e+00,1.0000,1.3584e-03
3183.157,1.2806899522e-03,1.987965e-02,1.5062867973e+00,1.0000,1.6504e-03
3183.684,1.2805132420e-03,1.986089e-02,1.5062867973e+00,1.0000,1.9476e-03
3184.211,1.2803309721e-03,1.983818e-02,1.5062867973e+00,1.0000,2.2479e-03
3184.738,1.2801439496e-03,1.981175e-02,1.5062867973e+00,1.0000,2.5496e-03
3185.265,1.2799532925e-03,1.978184e-02,1.5062867973e+00,1.0000,2.8511e-03
3185.792,1.2797601992e-03,1.974876e-02,1.5062867973e+00,1.0000,3.1510e-03
3186.320,1.2795658339e-03,1.971282e-02,1.5062867973e+00,1.0000,3.4482e-03
3186.847,1.2793714176e-03,1.967436e-02,1.5062867973e+00,1.0000,3.7416e-03
3187.374,1.2791782821e-03,1.963376e-02,1.5062867973e+00,1.0000,4.0299e-03
3187.901,1.2789876588e-03,1.959140e-02,1.5062867973e+00,1.0000,4.3122e-03
3188.428,1.2788003387e-03,1.954767e-02,1.5062867973e+00,1.0000,4.5873e-03
3188.955,1.2786165729e-03,1.950299e-02,1.5062867973e+00,1.0000,4.8540e-03
3189.482,1.2784363596e-03,1.945776e-02,1.5062867973e+00,1.0000,5.1112e-03
3190.009,1.2782598626e-03,1.941240e-02,1.5062867973e+00,1.0000,5.3574e-03
3190.536,1.2780875899e-03,1.936731e-02,1.5062867973e+00,1.0000,5.5913e-03
3191.063,1.2779202290e-03,1.932289e-02,1.5062867973e+00,1.0000,5.8114e-03
3191.591,1.2777583465e-03,1.927952e-02,1.5062867973e+00,1.0000,6.0159e-03
3192.118,1.2776022200e-03,1.923757e-02,1.5062867973e+00,1.0000,6.2033e-03
3192.645,1.2774518860e-03,1.919739e-02,1.5062867973e+00,1.0000,6.3715e-03
3193.172,1.2773073017e-03,1.915931e-02,1.5062867973e+00,1.0000,6.5186e-03
3193.699,1.2771684742e-03,1.912363e-02,1.5062867973e+00,1.0000,6.6426e-03
3194.226,1.2770354950e-03,1.909063e-02,1.5062867973e+00,1.0000,6.7413e-03
3194.753,1.2769085078e-03,1.906056e-02,1.5062867973e+00,1.0000,6.8127e-03
3195.280,1.2767876646e-03,1.903364e-02,1.5062867973e+00,1.0000,6.8545e-03
3195.807,1.2766731047e-03,1.901008e-02,1.5062867973e+00,1.0000,6.8647e-03
3196.334,1.2765649575e-03,1.899004e-02,1.5062867973e+00,1.0000,6.8413e-03
3196.862,1.2764633534e-03,1.897367e-02,1.5062867973e+00,1.0000,6.7825e-03
3197.389,1.2763684341e-03,1.896109e-02,1.5062867973e+00,1.0000,6.6867e-03
3197.916,1.2762803566e-03,1.895237e-02,1.5062867973e+00,1.0000,6.5528e-03
3198.443,1.2761992936e-03,1.894761e-02,1.5062867973e+00,1.0000,6.3798e-03
3198.970,1.2761254289e-03,1.894684e-02,1.5062867973e+00,1.0000,6.1674e-03
3199.497,1.2760589494e-03,1.895008e-02,1.5062867973e+00,1.0000,5.9160e-03
3200.024,1.2760000322e-03,1.895735e-02,1.5062867973e+00,1.0000,5.6263e-03
3200.551,1.2759488269e-03,1.896863e-02,1.5062867973e+00,1.0000,5.3001e-03
3201.078,1.2759054364e-03,1.898389e-02,1.5062867973e+00,1.0000,4.9396e-03
3201.605,1.2758699043e-03,1.900309e-02,1.5062867973e+00,1.0000,4.5478e-03
3202.133,1.2758422142e-03,1.902621e-02,1.5062867973e+00,1.0000,4.1286e-03
3202.660,1.2758223048e-03,1.905315e-02,1.5062867973e+00,1.0000,3.6860e-03
3203.187,1.2758100945e-03,1.908391e-02,1.5062867973e+00,1.0000,3.2226e-03
3203.714,1.2758051966e-03,1.911840e-02,1.5062867973e+00,1.0000,2.7403e-03
3204.241,1.2758088576e-03,1.915652e-02,1.5062867973e+00,1.0000,2.7393e-03
3204.768,1.2758188725e-03,1.919814e-02,1.5062867973e+00,1.0000,2.9667e-03
3205.295,1.2758371638e-03,1.924311e-02,1.5062867973e+00,1.0000,3.1812e-03
3205.822,1.2758631194e-03,1.929126e-02,1.5062867973e+00,1.0000,3.3798e-03
3206.349,1.2758973175e-03,1.934240e-02,1.5062867973e+00,1.0000,3.5600e-03
3206.876,1.2759402906e-03,1.939632e-02,1.5062867973e+00,1.0000,3.7208e-03
3207.404,1.2759926222e-03,1.945278e-02,1.5062867973e+00,1.0000,3.8636e-03
3207.931,1.2760547442e-03,1.951153e-02,1.5062867973e+00,1.0000,3.9834e-03
3208.458,1.2761267050e-03,1.957228e-02,1.5062867973e+00,1.0000,4.0746e-03
3208.985,1.2762081271e-03,1.963474e-02,1.5062867973e+00,1.0000,4.1337e-03
3209.512,1.2762982537e-03,1.969860e-02,1.5062867973e+00,1.0000,4.1630e-03
3210.039,1.2763961039e-03,1.976353e-02,1.5062867973e+00,1.0000,4.1648e-03
3210.566,1.2765005890e-03,1.982920e-02,1.5062867973e+00,1.0000,4.1414e-03
3211.093,1.2766105480e-03,1.989525e-02,1.5062867973e+00,1.0000,4.0948e-03
3211.620,1.2767247271e-03,1.996131e-02,1.5062867973e+00,1.0000,4.0270e-03
3212.147,1.2768417872e-03,2.002702e-02,1.5062867973e+00,1.0000,3.9398e-03
3212.675,1.2769603982e-03,2.009197e-02,1.5062867973e+00,1.0000,3.8349e-03
3213.202,1.2770794019e-03,2.015576e-02,1.5062867973e+00,1.0000,3.7138e-03
3213.729,1.2771979664e-03,2.021798e-02,1.5062867973e+00,1.0000,3.5773e-03
3214.256,1.2773156683e-03,2.027822e-02,1.5062867973e+00,1.0000,3.4267e-03
3214.783,1.2774324932e-03,2.033607e-02,1.5062867973e+00,1.0000,3.2639e-03
3215.310,1.2775487869e-03,2.039114e-02,1.5062867973e+00,1.0000,3.0901e-03
3215.837,1.2776651822e-03,2.044304e-02,1.5062867973e+00,1.0000,2.9066e-03
3216.364,1.2777825006e-03,2.049142e-02,1.5062867973e+00,1.0000,2.7143e-03
3216.891,1.2779016262e-03,2.053593e-02,1.5062867973e+00,1.0000,2.5139e-03
3217.418,1.2780233696e-03,2.057623e-02,1.5062867973e+00,1.0000,2.3058e-03
3217.946,1.2781483535e-03,2.061202e-02,1.5062867973e+00,1.0000,2.0902e-03
3218.473,1.2782769421e-03,2.064303e-02,1.5062867973e+00,1.0000,1.8672e-03
3219.000,1.2784092132e-03,2.066900e-02,1.5062867973e+00,1.0000,1.6366e-03
3219.527,1.2785449513e-03,2.068971e-02,1.5062867973e+00,1.0000,1.3982e-03
3220.054,1.2786836487e-03,2.070496e-02,1.5062867973e+00,1.0000,1.1519e-03
3220.581,1.2788245138e-03,2.071459e-02,1.5062867973e+00,1.0000,8.9463e-04
3221.108,1.2789665012e-03,2.071848e-02,1.5062867973e+00,1.0000,6.3046e-04
3221.635,1.2791083721e-03,2.071651e-02,1.5062867973e+00,1.0000,6.1057e-04
3222.162,1.2792487814e-03,2.070863e-02,1.5062867973e+00,1.0000,9.4524e-04
3222.689,1.2793863726e-03,2.069486e-02,1.5062867973e+00,1.0000,1.3061e-03
3223.217,1.2795198643e-03,2.067508e-02,1.5062867973e+00,1.0000,1.6922e-03
3223.744,1.2796481174e-03,2.064945e-02,1.5062867973e+00,1.0000,2.1031e-03
3224.271,1.2797701822e-03,2.061803e-02,1.5062867973e+00,1.0000,2.5384e-03
3224.798,1.2798853250e-03,2.058093e-02,1.5062867973e+00,1.0000,2.9966e-03
3225.325,1.2799930346e-03,2.053832e-02,1.5062867973e+00,1.0000,3.4747e-03
3225.852,1.2800930114e-03,2.049041e-02,1.5062867973e+00,1.0000,3.9698e-03
3226.379,1.2801851355e-03,2.043739e-02,1.5062867973e+00,1.0000,4.4796e-03
3226.906,1.2802694094e-03,2.037950e-02,1.5062867973e+00,1.0000,5.0021e-03
3227.433,1.2803458726e-03,2.031699e-02,1.5062867973e+00,1.0000,5.5353e-03
3227.960,1.2804145107e-03,2.025011e-02,1.5062867973e+00,1.0000,6.0773e-03
3228.488,1.2804751980e-03,2.017918e-02,1.5062867973e+00,1.0000,6.6262e-03
3229.015,1.2805276877e-03,2.010451e-02,1.5062867973e+00,1.0000,7.1800e-03
3229.542,1.2805716250e-03,2.002645e-02,1.5062867973e+00,1.0000,7.7366e-03
3230.069,1.2806065432e-03,1.994535e-02,1.5062867973e+00,1.0000,8.2936e-03
3230.596,1.2806318525e-03,1.986161e-02,1.5062867973e+00,1.0000,8.8486e-03
3231.123,1.2806468820e-03,1.977563e-02,1.5062867973e+00,1.0000,9.3991e-03
3231.650,1.2806512425e-03,1.968780e-02,1.5062867973e+00,1.0000,9.9440e-03
3232.177,1.2806435770e-03,1.959844e-02,1.5062867973e+00,1.0000,1.0488e-02
3232.704,1.2806254139e-03,1.950798e-02,1.5062867973e+00,1.0000,1.1032e-02
3233.231,1.2805954926e-03,1.941691e-02,1.5062867973e+00,1.0000,1.1571e-02
3233.759,1.2805550261e-03,1.932574e-02,1.5062867973e+00,1.0000,1.2101e-02
3234.286,1.2805042393e-03,1.923497e-02,1.5062867973e+00,1.0000,1.2613e-02
3234.813,1.2804439577e-03,1.914508e-02,1.5062867973e+00,1.0000,1.3101e-02
3235.340,1.2803751587e-03,1.905653e-02,1.5062867973e+00,1.0000,1.3558e-02
3235.867,1.2802991328e-03,1.896977e-02,1.5062867973e+00,1.0000,1.3977e-02
3236.394,1.2802173511e-03,1.888521e-02,1.5062867973e+00,1.0000,1.4351e-02
3236.921,1.2801312964e-03,1.880326e-02,1.5062867973e+00,1.0000,1.4673e-02
3237.448,1.2800423316e-03,1.872428e-02,1.5062867973e+00,1.0000,1.4938e-02
3237.975,1.2799516491e-03,1.864866e-02,1.5062867973e+00,1.0000,1.5137e-02
3238.502,1.2798603031e-03,1.857675e-02,1.5062867973e+00,1.0000,1.5261e-02
3239.030,1.2797692487e-03,1.850862e-02,1.5062867973e+00,1.0000,1.5314e-02
3239.557,1.2796793512e-03,1.844438e-02,1.5062867973e+00,1.0000,1.5302e-02
3240.084,1.2795913650e-03,1.838422e-02,1.5062867973e+00,1.0000,1.5224e-02
3240.611,1.2795059068e-03,1.832829e-02,1.5062867973e+00,1.0000,1.5077e-02
3241.138,1.2794234479e-03,1.827675e-02,1.5062867973e+00,1.0000,1.4859e-02
3241.665,1.2793443298e-03,1.822977e-02,1.5062867973e+00,1.0000,1.4568e-02
3242.192,1.2792687931e-03,1.818749e-02,1.5062867973e+00,1.0000,1.4319e-02
3242.719,1.2791970035e-03,1.815007e-02,1.5062867973e+00,1.0000,1.4172e-02
3243.246,1.2791290680e-03,1.811762e-02,1.5062867973e+00,1.0000,1.4076e-02
3243.773,1.2790650501e-03,1.809027e-02,1.5062867973e+00,1.0000,1.3984e-02
3244.301,1.2790049886e-03,1.806811e-02,1.5062867973e+00,1.0000,1.3855e-02
3244.828,1.2789489182e-03,1.805129e-02,1.5062867973e+00,1.0000,1.3644e-02
3245.355,1.2788969019e-03,1.803983e-02,1.5062867973e+00,1.0000,1.3318e-02
3245.882,1.2788490861e-03,1.803370e-02,1.5062867973e+00,1.0000,1.2855e-02
3246.409,1.2788057307e-03,1.803284e-02,1.5062867973e+00,1.0000,1.2247e-02
3246.936,1.2787671896e-03,1.803720e-02,1.5062867973e+00,1.0000,1.1500e-02
3247.463,1.2787339258e-03,1.804666e-02,1.5062867973e+00,1.0000,1.0633e-02
3247.990,1.2787065943e-03,1.806110e-02,1.5062867973e+00,1.0000,9.6719e-03
3248.517,1.2786860241e-03,1.808040e-02,1.5062867973e+00,1.0000,8.6480e-03
3249.044,1.2786729970e-03,1.810438e-02,1.5062867973e+00,1.0000,7.5957e-03
3249.572,1.2786677819e-03,1.813292e-02,1.5062867973e+00,1.0000,6.5457e-03
3250.099,1.2786718746e-03,1.816592e-02,1.5062867973e+00,1.0000,5.5172e-03
3250.626,1.2786837588e-03,1.820329e-02,1.5062867973e+00,1.0000,4.5191e-03
3251.153,1.2787052674e-03,1.824495e-02,1.5062867973e+00,1.0000,4.2837e-03
3251.680,1.2787354145e-03,1.829083e-02,1.5062867973e+00,1.0000,4.3284e-03
3252.207,1.2787734708e-03,1.834084e-02,1.5062867973e+00,1.0000,4.3626e-03
3252.734,1.2788180871e-03,1.839489e-02,1.5062867973e+00,1.0000,4.3913e-03
3253.261,1.2788678763e-03,1.845287e-02,1.5062867973e+00,1.0000,4.4175e-03
3253.788,1.2789215141e-03,1.851463e-02,1.5062867973e+00,1.0000,4.4422e-03
3254.315,1.2789776710e-03,1.857998e-02,1.5062867973e+00,1.0000,4.4651e-03
3254.843,1.2790350169e-03,1.864868e-02,1.5062867973e+00,1.0000,4.4842e-03
3255.370,1.2790923374e-03,1.872050e-02,1.5062867973e+00,1.0000,4.4978e-03
3255.897,1.2791487407e-03,1.879518e-02,1.5062867973e+00,1.0000,4.5052e-03
3256.424,1.2792037794e-03,1.887243e-02,1.5062867973e+00,1.0000,4.5058e-03
3256.951,1.2792574502e-03,1.895195e-02,1.5062867973e+00,1.0000,4.4994e-03
3257.478,1.2793101088e-03,1.903340e-02,1.5062867973e+00,1.0000,4.4869e-03
3258.005,1.2793623629e-03,1.911644e-02,1.5062867973e+00,1.0000,4.4687e-03
3258.532,1.2794149777e-03,1.920070e-02,1.5062867973e+00,1.0000,4.4453e-03
3259.059,1.2794687851e-03,1.928581e-02,1.5062867973e+00,1.0000,4.4167e-03
3259.586,1.2795245753e-03,1.937140e-02,1.5062867973e+00,1.0000,4.3829e-03
3260.114,1.2795829776e-03,1.945708e-02,1.5062867973e+00,1.0000,4.3438e-03
3260.641,1.2796443668e-03,1.954249e-02,1.5062867973e+00,1.0000,4.2991e-03
3261.168,1.2797088218e-03,1.962725e-02,1.5062867973e+00,1.0000,4.2486e-03
3261.695,1.2797761168e-03,1.971100e-02,1.5062867973e+00,1.0000,4.1918e-03
3262.222,1.2798457070e-03,1.979341e-02,1.5062867973e+00,1.0000,4.1285e-03
3262.749,1.2799167146e-03,1.987412e-02,1.5062867973e+00,1.0000,4.0584e-03
3263.276,1.2799879477e-03,1.995283e-02,1.5062867973e+00,1.0000,3.9811e-03
3263.803,1.2800579560e-03,2.002924e-02,1.5062867973e+00,1.0000,3.8964e-03
3264.330,1.2801250906e-03,2.010305e-02,1.5062867973e+00,1.0000,3.8042e-03
3264.857,1.2801875544e-03,2.017401e-02,1.5062867973e+00,1.0000,3.7044e-03
3265.385,1.2802434552e-03,2.024186e-02,1.5062867973e+00,1.0000,3.5969e-03
3265.912,1.2802908794e-03,2.030639e-02,1.5062867973e+00,1.0000,3.4820e-03
3266.439,1.2803279894e-03,2.036737e-02,1.5062867973e+00,1.0000,3.3599e-03
3266.966,1.2803531430e-03,2.042463e-02,1.5062867973e+00,1.0000,3.2309e-03
3267.493,1.2803649916e-03,2.047799e-02,1.5062867973e+00,1.0000,3.0956e-03
3268.020,1.2803622602e-03,2.052729e-02,1.5062867973e+00,1.0000,2.9545e-03
3268.547,1.2803451188e-03,2.057242e-02,1.5062867973e+00,1.0000,2.8082e-03
3269.074,1.2803129179e-03,2.061326e-02,1.5062867973e+00,1.0000,2.6575e-03
3269.601,1.2802654979e-03,2.064973e-02,1.5062867973e+00,1.0000,2.5031e-03
3270.128,1.2802027781e-03,2.068175e-02,1.5062867973e+00,1.0000,2.3458e-03
3270.656,1.2801261896e-03,2.070927e-02,1.5062867973e+00,1.0000,2.1862e-03
3271.183,1.2800379243e-03,2.073228e-02,1.5062867973e+00,1.0000,2.0248e-03
3271.710,1.2799394325e-03,2.075077e-02,1.5062867973e+00,1.0000,1.8607e-03
3272.237,1.2798313980e-03,2.076474e-02,1.5062867973e+00,1.0000,1.6956e-03
3272.764,1.2797144573e-03,2.077424e-02,1.5062867973e+00,1.0000,1.5307e-03
3273.291,1.2795896731e-03,2.077933e-02,1.5062867973e+00,1.0000,1.3688e-03
3273.818,1.2794583543e-03,2.078003e-02,1.5062867973e+00,1.0000,1.2114e-03
3274.345,1.2793215890e-03,2.077641e-02,1.5062867973e+00,1.0000,1.0571e-03
3274.872,1.2791799007e-03,2.076861e-02,1.5062867973e+00,1.0000,9.0501e-04
3275.399,1.2790332216e-03,2.075673e-02,1.5062867973e+00,1.0000,9.6492e-04
3275.927,1.2788811134e-03,2.074086e-02,1.5062867973e+00,1.0000,1.1898e-03
3276.454,1.2787230313e-03,2.072115e-02,1.5062867973e+00,1.0000,1.4211e-03
3276.981,1.2785585010e-03,2.069773e-02,1.5062867973e+00,1.0000,1.6575e-03
3277.508,1.2783872156e-03,2.067074e-02,1.5062867973e+00,1.0000,1.8979e-03
3278.035,1.2782091282e-03,2.064037e-02,1.5062867973e+00,1.0000,2.1413e-03
3278.562,1.2780245765e-03,2.060679e-02,1.5062867973e+00,1.0000,2.3870e-03
3279.089,1.2778344106e-03,2.057020e-02,1.5062867973e+00,1.0000,2.6345e-03
3279.616,1.2776400773e-03,2.053080e-02,1.5062867973e+00,1.0000,2.8832e-03
3280.143,1.2774436233e-03,2.048881e-02,1.5062867973e+00,1.0000,3.1327e-03
3280.670,1.2772476086e-03,2.044446e-02,1.5062867973e+00,1.0000,3.3828e-03
3281.198,1.2770549359e-03,2.039799e-02,1.5062867973e+00,1.0000,3.6330e-03
3281.725,1.2768686134e-03,2.034964e-02,1.5062867973e+00,1.0000,3.8829e-03
3282.252,1.2766914768e-03,2.029966e-02,1.5062867973e+00,1.0000,4.1323e-03
3282.779,1.2765259076e-03,2.024829e-02,1.5062867973e+00,1.0000,4.3805e-03
3283.306,1.2763735845e-03,2.019580e-02,1.5062867973e+00,1.0000,4.6272e-03
3283.833,1.2762353117e-03,2.014245e-02,1.5062867973e+00,1.0000,4.8717e-03
3284.360,1.2761109515e-03,2.008847e-02,1.5062867973e+00,1.0000,5.1135e-03
3284.887,1.2759994823e-03,2.003414e-02,1.5062867973e+00,1.0000,5.3517e-03
3285.414,1.2758991790e-03,1.997968e-02,1.5062867973e+00,1.0000,5.5855e-03
3285.941,1.2758078979e-03,1.992535e-02,1.5062867973e+00,1.0000,5.8140e-03
3286.469,1.2757234287e-03,1.987137e-02,1.5062867973e+00,1.0000,6.0361e-03
3286.996,1.2756438639e-03,1.981798e-02,1.5062867973e+00,1.0000,6.2508e-03
3287.523,1.2755679323e-03,1.976539e-02,1.5062867973e+00,1.0000,6.4566e-03
3288.050,1.2754952449e-03,1.971381e-02,1.5062867973e+00,1.0000,6.6524e-03
3288.577,1.2754264167e-03,1.966345e-02,1.5062867973e+00,1.0000,6.8366e-03
3289.104,1.2753630415e-03,1.961450e-02,1.5062867973e+00,1.0000,7.0075e-03
3289.631,1.2753075245e-03,1.956713e-02,1.5062867973e+00,1.0000,7.1636e-03
3290.158,1.2752627944e-03,1.952154e-02,1.5062867973e+00,1.0000,7.3032e-03
3290.685,1.2752319350e-03,1.947789e-02,1.5062867973e+00,1.0000,7.4242e-03
3291.212,1.2752177460e-03,1.943635e-02,1.5062867973e+00,1.0000,7.5250e-03
3291.740,1.2752225721e-03,1.939706e-02,1.5062867973e+00,1.0000,7.6037e-03
3292.267,1.2752475201e-03,1.936018e-02,1.5062867973e+00,1.0000,7.6583e-03
3292.794,1.2752931694e-03,1.932585e-02,1.5062867973e+00,1.0000,7.6871e-03
3293.321,1.2753584915e-03,1.929421e-02,1.5062867973e+00,1.0000,7.6883e-03
3293.848,1.2754416882e-03,1.926538e-02,1.5062867973e+00,1.0000,7.6605e-03
3294.375,1.2755402539e-03,1.923949e-02,1.5062867973e+00,1.0000,7.6023e-03
3294.902,1.2756511501e-03,1.921664e-02,1.5062867973e+00,1.0000,7.5127e-03
3295.429,1.2757711389e-03,1.919693e-02,1.5062867973e+00,1.0000,7.3909e-03
3295.956,1.2758973699e-03,1.918046e-02,1.5062867973e+00,1.0000,7.2367e-03
3296.483,1.2760279547e-03,1.916731e-02,1.5062867973e+00,1.0000,7.0502e-03
3297.011,1.2761621763e-03,1.915755e-02,1.5062867973e+00,1.0000,6.8320e-03
3297.538,1.2763002320e-03,1.915122e-02,1.5062867973e+00,1.0000,6.5834e-03
3298.065,1.2764426972e-03,1.914837e-02,1.5062867973e+00,1.0000,6.3062e-03
3298.592,1.2765901599e-03,1.914901e-02,1.5062867973e+00,1.0000,6.0027e-03
3299.119,1.2767434075e-03,1.915317e-02,1.5062867973e+00,1.0000,5.6757e-03
3299.646,1.2769040239e-03,1.916085e-02,1.5062867973e+00,1.0000,5.3279e-03
3300.173,1.2770746714e-03,1.917204e-02,1.5062867973e+00,1.0000,4.9603e-03
3300.700,1.2772584569e-03,1.918670e-02,1.5062867973e+00,1.0000,4.5751e-03
3301.227,1.2774576774e-03,1.920475e-02,1.5062867973e+00,1.0000,4.1754e-03
3301.754,1.2776729448e-03,1.922608e-02,1.5062867973e+00,1.0000,3.7654e-03
3302.282,1.2779033462e-03,1.925055e-02,1.5062867973e+00,1.0000,3.3504e-03
3302.809,1.2781472732e-03,1.927802e-02,1.5062867973e+00,1.0000,2.9359e-03
3303.336,1.2784030082e-03,1.930830e-02,1.5062867973e+00,1.0000,2.5278e-03
3303.863,1.2786686035e-03,1.934120e-02,1.5062867973e+00,1.0000,2.1343e-03
3304.390,1.2789414027e-03,1.937651e-02,1.5062867973e+00,1.0000,2.2580e-03
3304.917,1.2792178467e-03,1.941400e-02,1.5062867973e+00,1.0000,2.3625e-03
3305.444,1.2794938100e-03,1.945342e-02,1.5062867973e+00,1.0000,2.4469e-03
3305.971,1.2797651889e-03,1.949451e-02,1.5062867973e+00,1.0000,2.5109e-03
3306.498,1.2800283238e-03,1.953699e-02,1.5062867973e+00,1.0000,2.5543e-03
3307.025,1.2802800918e-03,1.958057e-02,1.5062867973e+00,1.0000,2.5770e-03
3307.553,1.2805178041e-03,1.962494e-02,1.5062867973e+00,1.0000,2.5795e-03
3308.080,1.2807391199e-03,1.966977e-02,1.5062867973e+00,1.0000,2.5623e-03
3308.607,1.2809420730e-03,1.971474e-02,1.5062867973e+00,1.0000,2.5273e-03
3309.134,1.2811251689e-03,1.975949e-02,1.5062867973e+00,1.0000,2.4743e-03
3309.661,1.2812874656e-03,1.980367e-02,1.5062867973e+00,1.0000,2.4032e-03
3310.188,1.2814285876e-03,1.984692e-02,1.5062867973e+00,1.0000,2.3150e-03
3310.715,1.2815486805e-03,1.988887e-02,1.5062867973e+00,1.0000,2.2109e-03
3311.242,1.2816483359e-03,1.992915e-02,1.5062867973e+00,1.0000,2.0925e-03
3311.769,1.2817285112e-03,1.996740e-02,1.5062867973e+00,1.0000,1.9618e-03
3312.296,1.2817904518e-03,2.000324e-02,1.5062867973e+00,1.0000,1.8218e-03
3312.824,1.2818356169e-03,2.003634e-02,1.5062867973e+00,1.0000,1.6739e-03
3313.351,1.2818656056e-03,2.006635e-02,1.5062867973e+00,1.0000,1.5195e-03
3313.878,1.2818820864e-03,2.009295e-02,1.5062867973e+00,1.0000,1.3596e-03
3314.405,1.2818868220e-03,2.011585e-02,1.5062867973e+00,1.0000,1.1954e-03
3314.932,1.2818808632e-03,2.013477e-02,1.5062867973e+00,1.0000,1.1906e-03
3315.459,1.2818670171e-03,2.014946e-02,1.5062867973e+00,1.0000,1.4514e-03
3315.986,1.2818453004e-03,2.015971e-02,1.5062867973e+00,1.0000,1.7253e-03
3316.513,1.2818176774e-03,2.016532e-02,1.5062867973e+00,1.0000,2.0098e-03
3317.040,1.2817849738e-03,2.016615e-02,1.5062867973e+00,1.0000,2.3030e-03
3317.567,1.2817481575e-03,2.016207e-02,1.5062867973e+00,1.0000,2.6028e-03
3318.095,1.2817079362e-03,2.015304e-02,1.5062867973e+00,1.0000,2.9071e-03
3318.622,1.2816648648e-03,2.013900e-02,1.5062867973e+00,1.0000,3.2137e-03
3319.149,1.2816193214e-03,2.011996e-02,1.5062867973e+00,1.0000,3.5209e-03
3319.676,1.2815714550e-03,2.009595e-02,1.5062867973e+00,1.0000,3.8279e-03
3320.203,1.2815211890e-03,2.006704e-02,1.5062867973e+00,1.0000,4.1338e-03
3320.730,1.2814682364e-03,2.003333e-02,1.5062867973e+00,1.0000,4.4383e-03
3321.257,1.2814121662e-03,1.999500e-02,1.5062867973e+00,1.0000,4.7412e-03
3321.784,1.2813524916e-03,1.995222e-02,1.5062867973e+00,1.0000,5.0422e-03
3322.311,1.2812887449e-03,1.990522e-02,1.5062867973e+00,1.0000,5.3414e-03
3322.838,1.2812204898e-03,1.985429e-02,1.5062867973e+00,1.0000,5.6383e-03
3323.366,1.2811472685e-03,1.979972e-02,1.5062867973e+00,1.0000,5.9327e-03
3323.893,1.2810685579e-03,1.974186e-02,1.5062867973e+00,1.0000,6.2242e-03
3324.420,1.2809838186e-03,1.968107e-02,1.5062867973e+00,1.0000,6.5120e-03
3324.947,1.2808926500e-03,1.961775e-02,1.5062867973e+00,1.0000,6.7954e-03
3325.474,1.2807949629e-03,1.955232e-02,1.5062867973e+00,1.0000,7.0731e-03
3326.001,1.2806910569e-03,1.948524e-02,1.5062867973e+00,1.0000,7.3440e-03
3326.528,1.2805815484e-03,1.941695e-02,1.5062867973e+00,1.0000,7.6063e-03
3327.055,1.2804671942e-03,1.934794e-02,1.5062867973e+00,1.0000,7.8583e-03
3327.582,1.2803487262e-03,1.927868e-02,1.5062867973e+00,1.0000,8.0978e-03
3328.109,1.2802267913e-03,1.920966e-02,1.5062867973e+00,1.0000,8.3227e-03
3328.637,1.2801020121e-03,1.914137e-02,1.5062867973e+00,1.0000,8.5304e-03
3329.164,1.2799750908e-03,1.907427e-02,1.5062867973e+00,1.0000,8.7182e-03
3329.691,1.2798468555e-03,1.900884e-02,1.5062867973e+00,1.0000,8.8832e-03
3330.218,1.2797182024e-03,1.894553e-02,1.5062867973e+00,1.0000,9.0224e-03
3330.745,1.2795899724e-03,1.888478e-02,1.5062867973e+00,1.0000,9.1325e-03
3331.272,1.2794628411e-03,1.882701e-02,1.5062867973e+00,1.0000,9.2105e-03
3331.799,1.2793372799e-03,1.877260e-02,1.5062867973e+00,1.0000,9.2527e-03
3332.326,1.2792135880e-03,1.872195e-02,1.5062867973e+00,1.0000,9.2559e-03
3332.853,1.2790919559e-03,1.867538e-02,1.5062867973e+00,1.0000,9.2166e-03
3333.380,1.2789725204e-03,1.863323e-02,1.5062867973e+00,1.0000,9.1313e-03
3333.908,1.2788553943e-03,1.859580e-02,1.5062867973e+00,1.0000,8.9967e-03
3334.435,1.2787406725e-03,1.856335e-02,1.5062867973e+00,1.0000,8.8098e-03
3334.962,1.2786284298e-03,1.853614e-02,1.5062867973e+00,1.0000,8.5677e-03
3335.489,1.2785187206e-03,1.851439e-02,1.5062867973e+00,1.0000,8.2682e-03
3336.016,1.2784115892e-03,1.849830e-02,1.5062867973e+00,1.0000,7.9096e-03
3336.543,1.2783070879e-03,1.848804e-02,1.5062867973e+00,1.0000,7.4914e-03
3337.070,1.2782052948e-03,1.848376e-02,1.5062867973e+00,1.0000,7.0140e-03
3337.597,1.2781063231e-03,1.848559e-02,1.5062867973e+00,1.0000,6.4796e-03
3338.124,1.2780103182e-03,1.849361e-02,1.5062867973e+00,1.0000,5.8915e-03
3338.651,1.2779174445e-03,1.850789e-02,1.5062867973e+00,1.0000,5.2552e-03
3339.179,1.2778278696e-03,1.852848e-02,1.5062867973e+00,1.0000,4.5773e-03
3339.706,1.2777417524e-03,1.855543e-02,1.5062867973e+00,1.0000,3.8629e-03
3340.233,1.2776592384e-03,1.858873e-02,1.5062867973e+00,1.0000,3.2399e-03
3340.760,1.2775804627e-03,1.862830e-02,1.5062867973e+00,1.0000,3.5775e-03
3341.287,1.2775055613e-03,1.867403e-02,1.5062867973e+00,1.0000,3.9025e-03
3341.814,1.2774346903e-03,1.872577e-02,1.5062867973e+00,1.0000,4.2114e-03
3342.341,1.2773680515e-03,1.878333e-02,1.5062867973e+00,1.0000,4.5012e-03
3342.868,1.2773059207e-03,1.884649e-02,1.5062867973e+00,1.0000,4.7734e-03
3343.395,1.2772486703e-03,1.891498e-02,1.5062867973e+00,1.0000,5.0258e-03
3343.922,1.2771967782e-03,1.898854e-02,1.5062867973e+00,1.0000,5.2495e-03
3344.450,1.2771508168e-03,1.906685e-02,1.5062867973e+00,1.0000,5.4415e-03
3344.977,1.2771114192e-03,1.914960e-02,1.5062867973e+00,1.0000,5.6027e-03
3345.504,1.2770792264e-03,1.923643e-02,1.5062867973e+00,1.0000,5.7335e-03
3346.031,1.2770548213e-03,1.932693e-02,1.5062867973e+00,1.0000,5.8334e-03
3346.558,1.2770386592e-03,1.942073e-02,1.5062867973e+00,1.0000,5.9046e-03
3347.085,1.2770307772e-03,1.951742e-02,1.5062867973e+00,1.0000,5.9490e-03
3347.612,1.2770321676e-03,1.961658e-02,1.5062867973e+00,1.0000,5.9677e-03
3348.139,1.2770410478e-03,1.971777e-02,1.5062867973e+00,1.0000,5.9600e-03
3348.666,1.2770580501e-03,1.982053e-02,1.5062867973e+00,1.0000,5.9277e-03
3349.193,1.2770822116e-03,1.992438e-02,1.5062867973e+00,1.0000,5.8732e-03
3349.721,1.2771124933e-03,2.002882e-02,1.5062867973e+00,1.0000,5.7985e-03
3350.248,1.2771480341e-03,2.013333e-02,1.5062867973e+00,1.0000,5.7054e-03
3350.775,1.2771877659e-03,2.023737e-02,1.5062867973e+00,1.0000,5.5953e-03
3351.302,1.2772307733e-03,2.034041e-02,1.5062867973e+00,1.0000,5.5493e-03
3351.829,1.2772762245e-03,2.044195e-02,1.5062867973e+00,1.0000,5.5617e-03
3352.356,1.2773234883e-03,2.054144e-02,1.5062867973e+00,1.0000,5.5348e-03
3352.883,1.2773721329e-03,2.063832e-02,1.5062867973e+00,1.0000,5.4650e-03
3353.410,1.2774219361e-03,2.073207e-02,1.5062867973e+00,1.0000,5.3515e-03
3353.937,1.2774728647e-03,2.082216e-02,1.5062867973e+00,1.0000,5.1950e-03
3354.464,1.2775250388e-03,2.090811e-02,1.5062867973e+00,1.0000,5.0014e-03
3354.992,1.2775786868e-03,2.098944e-02,1.5062867973e+00,1.0000,4.7768e-03
3355.519,1.2776340929e-03,2.106573e-02,1.5062867973e+00,1.0000,4.5246e-03
3356.046,1.2776915461e-03,2.113658e-02,1.5062867973e+00,1.0000,4.2483e-03
3356.573,1.2777512913e-03,2.120161e-02,1.5062867973e+00,1.0000,3.9518e-03
3357.100,1.2778134872e-03,2.126053e-02,1.5062867973e+00,1.0000,3.6384e-03
3357.627,1.2778781711e-03,2.131307e-02,1.5062867973e+00,1.0000,3.3104e-03
3358.154,1.2779452348e-03,2.135901e-02,1.5062867973e+00,1.0000,2.9689e-03
3358.681,1.2780144145e-03,2.139819e-02,1.5062867973e+00,1.0000,2.6137e-03
3359.208,1.2780852962e-03,2.143051e-02,1.5062867973e+00,1.0000,2.2448e-03
3359.735,1.2781573292e-03,2.145594e-02,1.5062867973e+00,1.0000,1.8614e-03
3360.263,1.2782298411e-03,2.147449e-02,1.5062867973e+00,1.0000,1.5174e-03
3360.790,1.2783020625e-03,2.148621e-02,1.5062867973e+00,1.0000,1.1710e-03
3361.317,1.2783731629e-03,2.149118e-02,1.5062867973e+00,1.0000,8.2065e-04
3361.844,1.2784422775e-03,2.148956e-02,1.5062867973e+00,1.0000,4.6456e-04
3362.371,1.2785084999e-03,2.148143e-02,1.5062867973e+00,1.0000,4.2525e-04
3362.898,1.2785708780e-03,2.146684e-02,1.5062867973e+00,1.0000,7.2786e-04
3363.425,1.2786284690e-03,2.144616e-02,1.5062867973e+00,1.0000,1.1998e-03
3363.952,1.2786804259e-03,2.141957e-02,1.5062867973e+00,1.0000,1.6873e-03
3364.479,1.2787260106e-03,2.138729e-02,1.5062867973e+00,1.0000,2.1878e-03
3365.006,1.2787645094e-03,2.134950e-02,1.5062867973e+00,1.0000,2.6993e-03
3365.534,1.2787951632e-03,2.130639e-02,1.5062867973e+00,1.0000,3.2197e-03
3366.061,1.2788172278e-03,2.125816e-02,1.5062867973e+00,1.0000,3.7474e-03
3366.588,1.2788301326e-03,2.120498e-02,1.5062867973e+00,1.0000,4.2805e-03
3367.115,1.2788338453e-03,2.114708e-02,1.5062867973e+00,1.0000,4.8170e-03
3367.642,1.2788272286e-03,2.108467e-02,1.5062867973e+00,1.0000,5.3548e-03
3368.169,1.2788125067e-03,2.101795e-02,1.5062867973e+00,1.0000,5.8932e-03
3368.696,1.2787879141e-03,2.094706e-02,1.5062867973e+00,1.0000,6.4379e-03
3369.223,1.2787548456e-03,2.087225e-02,1.5062867973e+00,1.0000,6.9892e-03
3369.750,1.2787133136e-03,2.079388e-02,1.5062867973e+00,1.0000,7.5436e-03
3370.277,1.2786640650e-03,2.071230e-02,1.5062867973e+00,1.0000,8.0955e-03
3370.805,1.2786079904e-03,2.062787e-02,1.5062867973e+00,1.0000,8.6391e-03
3371.332,1.2785462547e-03,2.054098e-02,1.5062867973e+00,1.0000,9.1681e-03
3371.859,1.2784801424e-03,2.045203e-02,1.5062867973e+00,1.0000,9.6763e-03
3372.386,1.2784108623e-03,2.036145e-02,1.5062867973e+00,1.0000,1.0157e-02
3372.913,1.2783394436e-03,2.026966e-02,1.5062867973e+00,1.0000,1.0604e-02
3373.440,1.2782667611e-03,2.017711e-02,1.5062867973e+00,1.0000,1.1012e-02
3373.967,1.2781936761e-03,2.008423e-02,1.5062867973e+00,1.0000,1.1372e-02
3374.494,1.2781211094e-03,1.999146e-02,1.5062867973e+00,1.0000,1.1680e-02
3375.021,1.2780499703e-03,1.989923e-02,1.5062867973e+00,1.0000,1.1931e-02
3375.548,1.2779810469e-03,1.980797e-02,1.5062867973e+00,1.0000,1.2119e-02
3376.076,1.2779149784e-03,1.971806e-02,1.5062867973e+00,1.0000,1.2241e-02
3376.603,1.2778522830e-03,1.962990e-02,1.5062867973e+00,1.0000,1.2294e-02
3377.130,1.2777933757e-03,1.954385e-02,1.5062867973e+00,1.0000,1.2276e-02
3377.657,1.2777386064e-03,1.946025e-02,1.5062867973e+00,1.0000,1.2188e-02
3378.184,1.2776883565e-03,1.937950e-02,1.5062867973e+00,1.0000,1.2029e-02
3378.711,1.2776431099e-03,1.930172e-02,1.5062867973e+00,1.0000,1.1815e-02
3379.238,1.2776033700e-03,1.922705e-02,1.5062867973e+00,1.0000,1.1557e-02
3379.765,1.2775694544e-03,1.915571e-02,1.5062867973e+00,1.0000,1.1261e-02
3380.292,1.2775413906e-03,1.908793e-02,1.5062867973e+00,1.0000,1.0932e-02
3380.819,1.2775190747e-03,1.902394e-02,1.5062867973e+00,1.0000,1.0573e-02
3381.347,1.2775025621e-03,1.896399e-02,1.5062867973e+00,1.0000,1.0190e-02
3381.874,1.2774921856e-03,1.890829e-02,1.5062867973e+00,1.0000,9.7866e-03
3382.401,1.2774881619e-03,1.885708e-02,1.5062867973e+00,1.0000,9.3638e-03
3382.928,1.2774919491e-03,1.881053e-02,1.5062867973e+00,1.0000,8.9231e-03
3383.455,1.2775017675e-03,1.876890e-02,1.5062867973e+00,1.0000,8.4674e-03
3383.982,1.2775198252e-03,1.873240e-02,1.5062867973e+00,1.0000,8.0005e-03
3384.509,1.2775456326e-03,1.870102e-02,1.5062867973e+00,1.0000,7.5265e-03
3385.036,1.2775800201e-03,1.867483e-02,1.5062867973e+00,1.0000,7.0493e-03
3385.563,1.2776237607e-03,1.865387e-02,1.5062867973e+00,1.0000,6.5734e-03
3386.090,1.2776779258e-03,1.863816e-02,1.5062867973e+00,1.0000,6.1031e-03
3386.618,1.2777433249e-03,1.862766e-02,1.5062867973e+00,1.0000,5.6425e-03
3387.145,1.2778200092e-03,1.862235e-02,1.5062867973e+00,1.0000,5.1957e-03
3387.672,1.2779075190e-03,1.862214e-02,1.5062867973e+00,1.0000,4.7658e-03
3388.199,1.2780054824e-03,1.862696e-02,1.5062867973e+00,1.0000,4.3556e-03
3388.726,1.2781136875e-03,1.863669e-02,1.5062867973e+00,1.0000,3.9672e-03
3389.253,1.2782315141e-03,1.865119e-02,1.5062867973e+00,1.0000,3.6020e-03
3389.780,1.2783575499e-03,1.867031e-02,1.5062867973e+00,1.0000,3.2606e-03
3390.307,1.2784898536e-03,1.869387e-02,1.5062867973e+00,1.0000,2.9432e-03
3390.834,1.2786265054e-03,1.872168e-02,1.5062867973e+00,1.0000,2.6496e-03
3391.361,1.2787659144e-03,1.875353e-02,1.5062867973e+00,1.0000,2.3791e-03
3391.889,1.2789067998e-03,1.878920e-02,1.5062867973e+00,1.0000,2.2825e-03
3392.416,1.2790480981e-03,1.882845e-02,1.5062867973e+00,1.0000,2.3791e-03
3392.943,1.2791889758e-03,1.887103e-02,1.5062867973e+00,1.0000,2.4672e-03
3393.470,1.2793289179e-03,1.891668e-02,1.5062867973e+00,1.0000,2.5475e-03
3393.997,1.2794677844e-03,1.896512e-02,1.5062867973e+00,1.0000,2.6203e-03
3394.524,1.2796057901e-03,1.901609e-02,1.5062867973e+00,1.0000,2.6861e-03
3395.051,1.2797434288e-03,1.906928e-02,1.5062867973e+00,1.0000,2.7452e-03
3395.578,1.2798813833e-03,1.912441e-02,1.5062867973e+00,1.0000,2.7982e-03
3396.105,1.2800204371e-03,1.918118e-02,1.5062867973e+00,1.0000,2.8453e-03
3396.632,1.2801613912e-03,1.923930e-02,1.5062867973e+00,1.0000,2.8869e-03
3397.160,1.2803049788e-03,1.929846e-02,1.5062867973e+00,1.0000,2.9233e-03
3397.687,1.2804517769e-03,1.935838e-02,1.5062867973e+00,1.0000,2.9549e-03
3398.214,1.2806021146e-03,1.941876e-02,1.5062867973e+00,1.0000,2.9818e-03
3398.741,1.2807559809e-03,1.947932e-02,1.5062867973e+00,1.0000,3.0042e-03
3399.268,1.2809129389e-03,1.953977e-02,1.5062867973e+00,1.0000,3.0222e-03
3399.795,1.2810720562e-03,1.959983e-02,1.5062867973e+00,1.0000,3.0357e-03
3400.322,1.2812318623e-03,1.965924e-02,1.5062867973e+00,1.0000,3.0449e-03
3400.849,1.2813903435e-03,1.971773e-02,1.5062867973e+00,1.0000,3.0494e-03
3401.376,1.2815449820e-03,1.977506e-02,1.5062867973e+00,1.0000,3.0493e-03
3401.903,1.2816928429e-03,1.983099e-02,1.5062867973e+00,1.0000,3.0448e-03
3402.431,1.2818307044e-03,1.988526e-02,1.5062867973e+00,1.0000,3.0351e-03
3402.958,1.2819552269e-03,1.993768e-02,1.5062867973e+00,1.0000,3.0196e-03
3403.485,1.2820631476e-03,1.998801e-02,1.5062867973e+00,1.0000,2.9978e-03
3404.012,1.2821514898e-03,2.003607e-02,1.5062867973e+00,1.0000,2.9694e-03
3404.539,1.2822177702e-03,2.008167e-02,1.5062867973e+00,1.0000,2.9339e-03
3405.066,1.2822601881e-03,2.012462e-02,1.5062867973e+00,1.0000,2.8914e-03
3405.593,1.2822777824e-03,2.016477e-02,1.5062867973e+00,1.0000,2.8417e-03
3406.120,1.2822705293e-03,2.020198e-02,1.5062867973e+00,1.0000,2.7848e-03
3406.647,1.2822394301e-03,2.023611e-02,1.5062867973e+00,1.0000,2.7210e-03
3407.174,1.2821864065e-03,2.026704e-02,1.5062867973e+00,1.0000,2.6504e-03
3407.702,1.2821141716e-03,2.029470e-02,1.5062867973e+00,1.0000,2.5734e-03
3408.229,1.2820260708e-03,2.031899e-02,1.5062867973e+00,1.0000,2.4904e-03
3408.756,1.2819257706e-03,2.033987e-02,1.5062867973e+00,1.0000,2.4020e-03
3409.283,1.2818170214e-03,2.035730e-02,1.5062867973e+00,1.0000,2.3086e-03
3409.810,1.2817033032e-03,2.037126e-02,1.5062867973e+00,1.0000,2.2110e-03
3410.337,1.2815874797e-03,2.038175e-02,1.5062867973e+00,1.0000,2.1104e-03
3410.864,1.2814713833e-03,2.038880e-02,1.5062867973e+00,1.0000,2.0075e-03
3411.391,1.2813555149e-03,2.039245e-02,1.5062867973e+00,1.0000,1.9024e-03
3411.918,1.2812391322e-03,2.039277e-02,1.5062867973e+00,1.0000,1.7954e-03
3412.445,1.2811206583e-03,2.038984e-02,1.5062867973e+00,1.0000,1.6868e-03
3412.973,1.2809980581e-03,2.038377e-02,1.5062867973e+00,1.0000,1.5767e-03
3413.500,1.2808690490e-03,2.037468e-02,1.5062867973e+00,1.0000,1.4653e-03
3414.027,1.2807312297e-03,2.036271e-02,1.5062867973e+00,1.0000,1.3530e-03
3414.554,1.2805822110e-03,2.034802e-02,1.5062867973e+00,1.0000,1.2397e-03
3415.081,1.2804198435e-03,2.033079e-02,1.5062867973e+00,1.0000,1.2034e-03
3415.608,1.2802425869e-03,2.031120e-02,1.5062867973e+00,1.0000,1.3660e-03
3416.135,1.2800498328e-03,2.028944e-02,1.5062867973e+00,1.0000,1.5325e-03
3416.662,1.2798419350e-03,2.026574e-02,1.5062867973e+00,1.0000,1.7017e-03
3417.189,1.2796200205e-03,2.024033e-02,1.5062867973e+00,1.0000,1.8724e-03
3417.716,1.2793859081e-03,2.021344e-02,1.5062867973e+00,1.0000,2.0440e-03
3418.244,1.2791422456e-03,2.018533e-02,1.5062867973e+00,1.0000,2.2158e-03
3418.771,1.2788925806e-03,2.015624e-02,1.5062867973e+00,1.0000,2.3876e-03
3419.298,1.2786410615e-03,2.012642e-02,1.5062867973e+00,1.0000,2.5589e-03
3419.825,1.2783918310e-03,2.009612e-02,1.5062867973e+00,1.0000,2.7293e-03
3420.352,1.2781484789e-03,2.006558e-02,1.5062867973e+00,1.0000,2.8985e-03
3420.879,1.2779138232e-03,2.003504e-02,1.5062867973e+00,1.0000,3.0658e-03
3421.406,1.2776899714e-03,2.000475e-02,1.5062867973e+00,1.0000,3.2308e-03
3421.933,1.2774784250e-03,1.997495e-02,1.5062867973e+00,1.0000,3.3925e-03
3422.460,1.2772800611e-03,1.994586e-02,1.5062867973e+00,1.0000,3.5503e-03
3422.987,1.2770950149e-03,1.991770e-02,1.5062867973e+00,1.0000,3.7031e-03
3423.515,1.2769225961e-03,1.989067e-02,1.5062867973e+00,1.0000,3.8497e-03
3424.042,1.2767613485e-03,1.986498e-02,1.5062867973e+00,1.0000,3.9890e-03
3424.569,1.2766092657e-03,1.984082e-02,1.5062867973e+00,1.0000,4.1195e-03
3425.096,1.2764641084e-03,1.981835e-02,1.5062867973e+00,1.0000,4.2396e-03
3425.623,1.2763237470e-03,1.979775e-02,1.5062867973e+00,1.0000,4.3478e-03
3426.150,1.2761864713e-03,1.977916e-02,1.5062867973e+00,1.0000,4.4424e-03
3426.677,1.2760512305e-03,1.976272e-02,1.5062867973e+00,1.0000,4.5215e-03
3427.204,1.2759177785e-03,1.974856e-02,1.5062867973e+00,1.0000,4.5835e-03
3427.731,1.2757867162e-03,1.973679e-02,1.5062867973e+00,1.0000,4.6265e-03
3428.258,1.2756594302e-03,1.972751e-02,1.5062867973e+00,1.0000,4.6489e-03
3428.786,1.2755379415e-03,1.972081e-02,1.5062867973e+00,1.0000,4.6490e-03
3429.313,1.2754246921e-03,1.971676e-02,1.5062867973e+00,1.0000,4.6253e-03
3429.840,1.2753222981e-03,1.971544e-02,1.5062867973e+00,1.0000,4.5768e-03
3430.367,1.2752333047e-03,1.971689e-02,1.5062867973e+00,1.0000,4.5023e-03
3430.894,1.2751599693e-03,1.972116e-02,1.5062867973e+00,1.0000,4.4012e-03
3431.421,1.2751040982e-03,1.972828e-02,1.5062867973e+00,1.0000,4.2733e-03
3431.948,1.2750669531e-03,1.973826e-02,1.5062867973e+00,1.0000,4.1187e-03
3432.475,1.2750492296e-03,1.975111e-02,1.5062867973e+00,1.0000,3.9379e-03
3433.002,1.2750511648e-03,1.976683e-02,1.5062867973e+00,1.0000,3.7320e-03
3433.529,1.2750721759e-03,1.978539e-02,1.5062867973e+00,1.0000,3.5024e-03
3434.057,1.2751117877e-03,1.980674e-02,1.5062867973e+00,1.0000,3.2511e-03
3434.584,1.2751687674e-03,1.983085e-02,1.5062867973e+00,1.0000,2.9804e-03
3435.111,1.2752417390e-03,1.985766e-02,1.5062867973e+00,1.0000,2.6930e-03
3435.638,1.2753292735e-03,1.988713e-02,1.5062867973e+00,1.0000,2.3907e-03
3436.165,1.2754300288e-03,1.991917e-02,1.5062867973e+00,1.0000,2.0744e-03
3436.692,1.2755428696e-03,1.995367e-02,1.5062867973e+00,1.0000,2.0276e-03
3437.219,1.2756667829e-03,1.999051e-02,1.5062867973e+00,1.0000,2.1984e-03
3437.746,1.2758007443e-03,2.002953e-02,1.5062867973e+00,1.0000,2.3606e-03
3438.273,1.2759435308e-03,2.007058e-02,1.5062867973e+00,1.0000,2.5122e-03
3438.800,1.2760936456e-03,2.011346e-02,1.5062867973e+00,1.0000,2.6511e-03
3439.328,1.2762494512e-03,2.015799e-02,1.5062867973e+00,1.0000,2.7756e-03
3439.855,1.2764094598e-03,2.020397e-02,1.5062867973e+00,1.0000,2.8865e-03
3440.382,1.2765725883e-03,2.025116e-02,1.5062867973e+00,1.0000,2.9831e-03
3440.909,1.2767381989e-03,2.029935e-02,1.5062867973e+00,1.0000,3.0605e-03
3441.436,1.2769058827e-03,2.034830e-02,1.5062867973e+00,1.0000,3.1158e-03
3441.963,1.2770751165e-03,2.039780e-02,1.5062867973e+00,1.0000,3.1469e-03
3442.490,1.2772450125e-03,2.044763e-02,1.5062867973e+00,1.0000,3.1552e-03
3443.017,1.2774143219e-03,2.049754e-02,1.5062867973e+00,1.0000,3.1419e-03
3443.544,1.2775816812e-03,2.054730e-02,1.5062867973e+00,1.0000,3.1084e-03
3444.071,1.2777459316e-03,2.059666e-02,1.5062867973e+00,1.0000,3.0557e-03
3444.599,1.2779063117e-03,2.064535e-02,1.5062867973e+00,1.0000,2.9848e-03
3445.126,1.2780624312e-03,2.069312e-02,1.5062867973e+00,1.0000,2.8965e-03
3445.653,1.2782140829e-03,2.073967e-02,1.5062867973e+00,1.0000,2.7917e-03
3446.180,1.2783610397e-03,2.078471e-02,1.5062867973e+00,1.0000,2.6714e-03
3446.707,1.2785029585e-03,2.082794e-02,1.5062867973e+00,1.0000,2.5363e-03
3447.234,1.2786394157e-03,2.086905e-02,1.5062867973e+00,1.0000,2.3874e-03
3447.761,1.2787700134e-03,2.090772e-02,1.5062867973e+00,1.0000,2.2257e-03
3448.288,1.2788944682e-03,2.094362e-02,1.5062867973e+00,1.0000,2.0517e-03
3448.815,1.2790126351e-03,2.097645e-02,1.5062867973e+00,1.0000,1.8659e-03
3449.342,1.2791244718e-03,2.100588e-02,1.5062867973e+00,1.0000,1.6698e-03
3449.870,1.2792299839e-03,2.103163e-02,1.5062867973e+00,1.0000,1.4648e-03
3450.397,1.2793291863e-03,2.105342e-02,1.5062867973e+00,1.0000,1.2524e-03
3450.924,1.2794220928e-03,2.107101e-02,1.5062867973e+00,1.0000,1.0336e-03
3451.451,1.2795087269e-03,2.108415e-02,1.5062867973e+00,1.0000,8.0969e-04
3451.978,1.2795891392e-03,2.109267e-02,1.5062867973e+00,1.0000,5.8014e-04
3452.505,1.2796634222e-03,2.109638e-02,1.5062867973e+00,1.0000,4.2191e-04
3453.032,1.2797317178e-03,2.109512e-02,1.5062867973e+00,1.0000,6.1830e-04
3453.559,1.2797942204e-03,2.108880e-02,1.5062867973e+00,1.0000,8.9207e-04
3454.086,1.2798511754e-03,2.107731e-02,1.5062867973e+00,1.0000,1.2339e-03
3454.613,1.2799028767e-03,2.106062e-02,1.5062867973e+00,1.0000,1.5941e-03
3455.141,1.2799496615e-03,2.103868e-02,1.5062867973e+00,1.0000,1.9704e-03
3455.668,1.2799919004e-03,2.101151e-02,1.5062867973e+00,1.0000,2.3610e-03
3456.195,1.2800299826e-03,2.097914e-02,1.5062867973e+00,1.0000,2.7645e-03
3456.722,1.2800642956e-03,2.094163e-02,1.5062867973e+00,1.0000,3.1786e-03
3457.249,1.2800952009e-03,2.089909e-02,1.5062867973e+00,1.0000,3.6014e-03
3457.776,1.2801230086e-03,2.085163e-02,1.5062867973e+00,1.0000,4.0314e-03
3458.303,1.2801479534e-03,2.079939e-02,1.5062867973e+00,1.0000,4.4676e-03
3458.830,1.2801701751e-03,2.074253e-02,1.5062867973e+00,1.0000,4.9091e-03
3459.357,1.2801897069e-03,2.068125e-02,1.5062867973e+00,1.0000,5.3550e-03
3459.884,1.2802064763e-03,2.061575e-02,1.5062867973e+00,1.0000,5.8045e-03
3460.412,1.2802203185e-03,2.054627e-02,1.5062867973e+00,1.0000,6.2568e-03
3460.939,1.2802310019e-03,2.047307e-02,1.5062867973e+00,1.0000,6.7107e-03
3461.466,1.2802382606e-03,2.039646e-02,1.5062867973e+00,1.0000,7.1650e-03
3461.993,1.2802421049e-03,2.031674e-02,1.5062867973e+00,1.0000,7.6183e-03
3462.520,1.2802417927e-03,2.023426e-02,1.5062867973e+00,1.0000,8.0688e-03
3463.047,1.2802363635e-03,2.014938e-02,1.5062867973e+00,1.0000,8.5146e-03
3463.574,1.2802286242e-03,2.006248e-02,1.5062867973e+00,1.0000,8.9548e-03
3464.101,1.2802151688e-03,1.997387e-02,1.5062867973e+00,1.0000,9.3938e-03
3464.628,1.2801980482e-03,1.988396e-02,1.5062867973e+00,1.0000,9.8312e-03
3465.155,1.2801765559e-03,1.979323e-02,1.5062867973e+00,1.0000,1.0264e-02
3465.683,1.2801510743e-03,1.970221e-02,1.5062867973e+00,1.0000,1.0686e-02
3466.210,1.2801216974e-03,1.961137e-02,1.5062867973e+00,1.0000,1.1092e-02
3466.737,1.2800886550e-03,1.952122e-02,1.5062867973e+00,1.0000,1.1473e-02
3467.264,1.2800521948e-03,1.943225e-02,1.5062867973e+00,1.0000,1.1824e-02
3467.791,1.2800125784e-03,1.934492e-02,1.5062867973e+00,1.0000,1.2139e-02
3468.318,1.2799700952e-03,1.925970e-02,1.5062867973e+00,1.0000,1.2409e-02
3468.845,1.2799250500e-03,1.917703e-02,1.5062867973e+00,1.0000,1.2632e-02
3469.372,1.2798777681e-03,1.909732e-02,1.5062867973e+00,1.0000,1.2799e-02
3469.899,1.2798285876e-03,1.902095e-02,1.5062867973e+00,1.0000,1.2908e-02
3470.426,1.2797778553e-03,1.894835e-02,1.5062867973e+00,1.0000,1.2951e-02
3470.954,1.2797259228e-03,1.887984e-02,1.5062867973e+00,1.0000,1.2921e-02
3471.481,1.2796731414e-03,1.881555e-02,1.5062867973e+00,1.0000,1.2829e-02
3472.008,1.2796198566e-03,1.875566e-02,1.5062867973e+00,1.0000,1.2678e-02
3472.535,1.2795664053e-03,1.870040e-02,1.5062867973e+00,1.0000,1.2468e-02
3473.062,1.2795131144e-03,1.864999e-02,1.5062867973e+00,1.0000,1.2201e-02
3473.589,1.2794602958e-03,1.860467e-02,1.5062867973e+00,1.0000,1.1875e-02
3474.116,1.2794082386e-03,1.856464e-02,1.5062867973e+00,1.0000,1.1491e-02
3474.643,1.2793571975e-03,1.853012e-02,1.5062867973e+00,1.0000,1.1048e-02
3475.170,1.2793073841e-03,1.850133e-02,1.5062867973e+00,1.0000,1.0546e-02
3475.697,1.2792589622e-03,1.847846e-02,1.5062867973e+00,1.0000,9.9849e-03
3476.225,1.2792120522e-03,1.846170e-02,1.5062867973e+00,1.0000,9.3646e-03
3476.752,1.2791667427e-03,1.845121e-02,1.5062867973e+00,1.0000,8.6871e-03
3477.279,1.2791231092e-03,1.844713e-02,1.5062867973e+00,1.0000,7.9557e-03
3477.806,1.2790812433e-03,1.844961e-02,1.5062867973e+00,1.0000,7.1731e-03
3478.333,1.2790412919e-03,1.845875e-02,1.5062867973e+00,1.0000,6.3410e-03
3478.860,1.2790034934e-03,1.847458e-02,1.5062867973e+00,1.0000,5.4646e-03
3479.387,1.2789681886e-03,1.849708e-02,1.5062867973e+00,1.0000,4.5531e-03
3479.914,1.2789358241e-03,1.852619e-02,1.5062867973e+00,1.0000,3.6190e-03
3480.441,1.2789069634e-03,1.856178e-02,1.5062867973e+00,1.0000,3.5757e-03
3480.968,1.2788822803e-03,1.860369e-02,1.5062867973e+00,1.0000,3.9239e-03
3481.496,1.2788624814e-03,1.865171e-02,1.5062867973e+00,1.0000,4.2490e-03
3482.023,1.2788481742e-03,1.870560e-02,1.5062867973e+00,1.0000,4.5494e-03
3482.550,1.2788397470e-03,1.876506e-02,1.5062867973e+00,1.0000,4.8283e-03
3483.077,1.2788374207e-03,1.882978e-02,1.5062867973e+00,1.0000,5.0832e-03
3483.604,1.2788417840e-03,1.889943e-02,1.5062867973e+00,1.0000,5.3065e-03
3484.131,1.2788510277e-03,1.897364e-02,1.5062867973e+00,1.0000,5.4984e-03
3484.658,1.2788665166e-03,1.905203e-02,1.5062867973e+00,1.0000,5.6607e-03
3485.185,1.2788862978e-03,1.913420e-02,1.5062867973e+00,1.0000,5.7953e-03
3485.712,1.2789095856e-03,1.921973e-02,1.5062867973e+00,1.0000,5.9037e-03
3486.239,1.2789351196e-03,1.930821e-02,1.5062867973e+00,1.0000,5.9872e-03
3486.767,1.2789618166e-03,1.939921e-02,1.5062867973e+00,1.0000,6.0464e-03
3487.294,1.2789886962e-03,1.949229e-02,1.5062867973e+00,1.0000,6.0827e-03
3487.821,1.2790149504e-03,1.958705e-02,1.5062867973e+00,1.0000,6.0958e-03
3488.348,1.2790400219e-03,1.968304e-02,1.5062867973e+00,1.0000,6.0871e-03
3488.875,1.2790636676e-03,1.977987e-02,1.5062867973e+00,1.0000,6.0585e-03
3489.402,1.2790860104e-03,1.987712e-02,1.5062867973e+00,1.0000,6.0114e-03
3489.929,1.2791074990e-03,1.997436e-02,1.5062867973e+00,1.0000,5.9466e-03
3490.456,1.2791288098e-03,2.007122e-02,1.5062867973e+00,1.0000,5.8648e-03
3490.983,1.2791507331e-03,2.016728e-02,1.5062867973e+00,1.0000,5.7666e-03
3491.510,1.2791740792e-03,2.026216e-02,1.5062867973e+00,1.0000,5.6522e-03
3492.038,1.2791995819e-03,2.035548e-02,1.5062867973e+00,1.0000,5.5589e-03
3492.565,1.2792277803e-03,2.044692e-02,1.5062867973e+00,1.0000,5.5285e-03
3493.092,1.2792589083e-03,2.053612e-02,1.5062867973e+00,1.0000,5.4673e-03
3493.619,1.2792928482e-03,2.062274e-02,1.5062867973e+00,1.0000,5.3719e-03
3494.146,1.2793291593e-03,2.070645e-02,1.5062867973e+00,1.0000,5.2409e-03
3494.673,1.2793671268e-03,2.078695e-02,1.5062867973e+00,1.0000,5.0749e-03
3495.200,1.2794057891e-03,2.086394e-02,1.5062867973e+00,1.0000,4.8752e-03
3495.727,1.2794439886e-03,2.093713e-02,1.5062867973e+00,1.0000,4.6440e-03
3496.254,1.2794804842e-03,2.100628e-02,1.5062867973e+00,1.0000,4.3840e-03
3496.781,1.2795140469e-03,2.107114e-02,1.5062867973e+00,1.0000,4.0977e-03
3497.309,1.2795434560e-03,2.113150e-02,1.5062867973e+00,1.0000,3.7878e-03
3497.836,1.2795674799e-03,2.118717e-02,1.5062867973e+00,1.0000,3.4565e-03
3498.363,1.2795849526e-03,2.123799e-02,1.5062867973e+00,1.0000,3.1059e-03
3498.890,1.2795949231e-03,2.128382e-02,1.5062867973e+00,1.0000,2.7380e-03
3499.417,1.2795971735e-03,2.132456e-02,1.5062867973e+00,1.0000,2.3849e-03
3499.944,1.2795900012e-03,2.136018e-02,1.5062867973e+00,1.0000,2.0737e-03
3500.471,1.2795746243e-03,2.139066e-02,1.5062867973e+00,1.0000,1.7654e-03
3500.998,1.2795480016e-03,2.141594e-02,1.5062867973e+00,1.0000,1.4606e-03
3501.525,1.2795120340e-03,2.143612e-02,1.5062867973e+00,1.0000,1.1609e-03
3502.052,1.2794670029e-03,2.145130e-02,1.5062867973e+00,1.0000,8.6783e-04
3502.580,1.2794123600e-03,2.146154e-02,1.5062867973e+00,1.0000,5.7981e-04
3503.107,1.2793470121e-03,2.146691e-02,1.5062867973e+00,1.0000,5.3566e-04
3503.634,1.2792709932e-03,2.146747e-02,1.5062867973e+00,1.0000,9.2120e-04
3504.161,1.2791852879e-03,2.146331e-02,1.5062867973e+00,1.0000,1.3050e-03
3504.688,1.2790909585e-03,2.145451e-02,1.5062867973e+00,1.0000,1.6856e-03
3505.215,1.2789886962e-03,2.144119e-02,1.5062867973e+00,1.0000,2.0616e-03
3505.742,1.2788789329e-03,2.142345e-02,1.5062867973e+00,1.0000,2.4316e-03
3506.269,1.2787620960e-03,2.140142e-02,1.5062867973e+00,1.0000,2.7940e-03
3506.796,1.2786386953e-03,2.137524e-02,1.5062867973e+00,1.0000,3.1475e-03
3507.323,1.2785092594e-03,2.134507e-02,1.5062867973e+00,1.0000,3.4906e-03
3507.851,1.2783742466e-03,2.131107e-02,1.5062867973e+00,1.0000,3.8217e-03
3508.378,1.2782340144e-03,2.127345e-02,1.5062867973e+00,1.0000,4.1398e-03
3508.905,1.2780888555e-03,2.123236e-02,1.5062867973e+00,1.0000,4.4460e-03
3509.432,1.2779390736e-03,2.118802e-02,1.5062867973e+00,1.0000,4.7404e-03
3509.959,1.2777850730e-03,2.114067e-02,1.5062867973e+00,1.0000,5.0217e-03
3510.486,1.2776274478e-03,2.109058e-02,1.5062867973e+00,1.0000,5.2879e-03
3511.013,1.2774670628e-03,2.103805e-02,1.5062867973e+00,1.0000,5.5365e-03
3511.540,1.2773051125e-03,2.098340e-02,1.5062867973e+00,1.0000,5.7648e-03
3512.067,1.2771431458e-03,2.092694e-02,1.5062867973e+00,1.0000,5.9698e-03
3512.594,1.2769830429e-03,2.086897e-02,1.5062867973e+00,1.0000,6.1493e-03
3513.122,1.2768269363e-03,2.080983e-02,1.5062867973e+00,1.0000,6.3014e-03
3513.649,1.2766770792e-03,2.074982e-02,1.5062867973e+00,1.0000,6.4242e-03
3514.176,1.2765356733e-03,2.068927e-02,1.5062867973e+00,1.0000,6.5162e-03
3514.703,1.2764046747e-03,2.062846e-02,1.5062867973e+00,1.0000,6.5765e-03
3515.230,1.2762856069e-03,2.056762e-02,1.5062867973e+00,1.0000,6.6100e-03
3515.757,1.2761794071e-03,2.050698e-02,1.5062867973e+00,1.0000,6.6201e-03
3516.284,1.2760863326e-03,2.044681e-02,1.5062867973e+00,1.0000,6.6088e-03
3516.811,1.2760059423e-03,2.038737e-02,1.5062867973e+00,1.0000,6.5778e-03
3517.338,1.2759371621e-03,2.032890e-02,1.5062867973e+00,1.0000,6.5291e-03
3517.865,1.2758784279e-03,2.027166e-02,1.5062867973e+00,1.0000,6.4641e-03
3518.393,1.2758278893e-03,2.021589e-02,1.5062867973e+00,1.0000,6.3845e-03
3518.920,1.2757836503e-03,2.016184e-02,1.5062867973e+00,1.0000,6.2918e-03
3519.447,1.2757440167e-03,2.010972e-02,1.5062867973e+00,1.0000,6.1877e-03
3519.974,1.2757077204e-03,2.005976e-02,1.5062867973e+00,1.0000,6.0734e-03
3520.501,1.2756740934e-03,2.001214e-02,1.5062867973e+00,1.0000,5.9505e-03
3521.028,1.2756431738e-03,1.996706e-02,1.5062867973e+00,1.0000,5.8204e-03
3521.555,1.2756157292e-03,1.992468e-02,1.5062867973e+00,1.0000,5.6843e-03
3522.082,1.2755931926e-03,1.988515e-02,1.5062867973e+00,1.0000,5.5434e-03
3522.609,1.2755775322e-03,1.984860e-02,1.5062867973e+00,1.0000,5.3989e-03
3523.136,1.2755707690e-03,1.981515e-02,1.5062867973e+00,1.0000,5.2519e-03
3523.664,1.2755762446e-03,1.978489e-02,1.5062867973e+00,1.0000,5.1032e-03
3524.191,1.2755955733e-03,1.975791e-02,1.5062867973e+00,1.0000,4.9537e-03
3524.718,1.2756309480e-03,1.973426e-02,1.5062867973e+00,1.0000,4.8038e-03
3525.245,1.2756839665e-03,1.971401e-02,1.5062867973e+00,1.0000,4.6535e-03
3525.772,1.2757555245e-03,1.969717e-02,1.5062867973e+00,1.0000,4.5033e-03
3526.299,1.2758456500e-03,1.968376e-02,1.5062867973e+00,1.0000,4.3534e-03
3526.826,1.2759540592e-03,1.967381e-02,1.5062867973e+00,1.0000,4.2042e-03
3527.353,1.2760803644e-03,1.966727e-02,1.5062867973e+00,1.0000,4.0563e-03
3527.880,1.2762237540e-03,1.966411e-02,1.5062867973e+00,1.0000,3.9101e-03
3528.407,1.2763825420e-03,1.966428e-02,1.5062867973e+00,1.0000,3.7657e-03
3528.935,1.2765541695e-03,1.966770e-02,1.5062867973e+00,1.0000,3.6235e-03
3529.462,1.2767357179e-03,1.967429e-02,1.5062867973e+00,1.0000,3.4836e-03
3529.989,1.2769245216e-03,1.968397e-02,1.5062867973e+00,1.0000,3.3460e-03
3530.516,1.2771185422e-03,1.969663e-02,1.5062867973e+00,1.0000,3.2111e-03
3531.043,1.2773164785e-03,1.971216e-02,1.5062867973e+00,1.0000,3.0790e-03
3531.570,1.2775176850e-03,1.973043e-02,1.5062867973e+00,1.0000,2.9500e-03
3532.097,1.2777218919e-03,1.975131e-02,1.5062867973e+00,1.0000,2.8244e-03
3532.624,1.2779287941e-03,1.977466e-02,1.5062867973e+00,1.0000,2.7024e-03
3533.151,1.2781377671e-03,1.980030e-02,1.5062867973e+00,1.0000,2.5842e-03
3533.678,1.2783479431e-03,1.982808e-02,1.5062867973e+00,1.0000,2.4699e-03
3534.206,1.2785585772e-03,1.985781e-02,1.5062867973e+00,1.0000,2.3596e-03
3534.733,1.2787693695e-03,1.988930e-02,1.5062867973e+00,1.0000,2.2535e-03
3535.260,1.2789804766e-03,1.992234e-02,1.5062867973e+00,1.0000,2.1516e-03
3535.787,1.2791922318e-03,1.995674e-02,1.5062867973e+00,1.0000,2.0541e-03
3536.314,1.2794048136e-03,1.999226e-02,1.5062867973e+00,1.0000,1.9611e-03
3536.841,1.2796180686e-03,2.002868e-02,1.5062867973e+00,1.0000,1.8730e-03
3537.368,1.2798315271e-03,2.006575e-02,1.5062867973e+00,1.0000,1.7899e-03
3537.895,1.2800445153e-03,2.010321e-02,1.5062867973e+00,1.0000,1.7125e-03
3538.422,1.2802562564e-03,2.014082e-02,1.5062867973e+00,1.0000,1.6411e-03
3538.949,1.2804659106e-03,2.017831e-02,1.5062867973e+00,1.0000,1.5765e-03
3539.477,1.2806725613e-03,2.021541e-02,1.5062867973e+00,1.0000,1.5192e-03
3540.004,1.2808751751e-03,2.025185e-02,1.5062867973e+00,1.0000,1.4702e-03
3540.531,1.2810725530e-03,2.028734e-02,1.5062867973e+00,1.0000,1.4301e-03
3541.058,1.2812632845e-03,2.032162e-02,1.5062867973e+00,1.0000,1.3998e-03
3541.585,1.2814457179e-03,2.035440e-02,1.5062867973e+00,1.0000,1.3800e-03
3542.112,1.2816179583e-03,2.038543e-02,1.5062867973e+00,1.0000,1.3714e-03
3542.639,1.2817779114e-03,2.041442e-02,1.5062867973e+00,1.0000,1.3746e-03
3543.166,1.2819233789e-03,2.044114e-02,1.5062867973e+00,1.0000,1.3901e-03
3543.693,1.2820522038e-03,2.046535e-02,1.5062867973e+00,1.0000,1.4180e-03
3544.220,1.2821624501e-03,2.048680e-02,1.5062867973e+00,1.0000,1.4586e-03
3544.748,1.2822525920e-03,2.050530e-02,1.5062867973e+00,1.0000,1.5117e-03
3545.275,1.2823216836e-03,2.052066e-02,1.5062867973e+00,1.0000,1.5772e-03
3545.802,1.2823694784e-03,2.053270e-02,1.5062867973e+00,1.0000,1.6545e-03
3546.329,1.2823964800e-03,2.054128e-02,1.5062867973e+00,1.0000,1.7432e-03
3546.856,1.2824040010e-03,2.054628e-02,1.5062867973e+00,1.0000,1.8426e-03
3547.383,1.2823935644e-03,2.054759e-02,1.5062867973e+00,1.0000,1.9519e-03
3547.910,1.2823678513e-03,2.054517e-02,1.5062867973e+00,1.0000,2.0703e-03
3548.437,1.2823290625e-03,2.053895e-02,1.5062867973e+00,1.0000,2.1971e-03
3548.964,1.2822797257e-03,2.052893e-02,1.5062867973e+00,1.0000,2.3314e-03
3549.491,1.2822219624e-03,2.051512e-02,1.5062867973e+00,1.0000,2.4725e-03
3550.019,1.2821574435e-03,2.049756e-02,1.5062867973e+00,1.0000,2.6196e-03
3550.546,1.2820873080e-03,2.047634e-02,1.5062867973e+00,1.0000,2.7722e-03
3551.073,1.2820121344e-03,2.045155e-02,1.5062867973e+00,1.0000,2.9298e-03
3551.600,1.2819319029e-03,2.042329e-02,1.5062867973e+00,1.0000,3.0919e-03
3552.127,1.2818459738e-03,2.039173e-02,1.5062867973e+00,1.0000,3.2577e-03
3552.654,1.2817530754e-03,2.035703e-02,1.5062867973e+00,1.0000,3.4259e-03
3553.181,1.2816514669e-03,2.031942e-02,1.5062867973e+00,1.0000,3.5956e-03
3553.708,1.2815393452e-03,2.027911e-02,1.5062867973e+00,1.0000,3.7662e-03
3554.235,1.2814153239e-03,2.023633e-02,1.5062867973e+00,1.0000,3.9372e-03
3554.762,1.2812787708e-03,2.019133e-02,1.5062867973e+00,1.0000,4.1082e-03
3555.290,1.2811298731e-03,2.014440e-02,1.5062867973e+00,1.0000,4.2787e-03
3555.817,1.2809694488e-03,2.009580e-02,1.5062867973e+00,1.0000,4.4482e-03
3556.344,1.2807986746e-03,2.004583e-02,1.5062867973e+00,1.0000,4.6160e-03
3556.871,1.2806189572e-03,1.999482e-02,1.5062867973e+00,1.0000,4.7814e-03
3557.398,1.2804320217e-03,1.994308e-02,1.5062867973e+00,1.0000,4.9436e-03
3557.925,1.2802400599e-03,1.989094e-02,1.5062867973e+00,1.0000,5.1014e-03
3558.452,1.2800456959e-03,1.983874e-02,1.5062867973e+00,1.0000,5.2537e-03
3558.979,1.2798516715e-03,1.978681e-02,1.5062867973e+00,1.0000,5.3990e-03
3559.506,1.2796603939e-03,1.973550e-02,1.5062867973e+00,1.0000,5.5360e-03
3560.033,1.2794736005e-03,1.968515e-02,1.5062867973e+00,1.0000,5.6629e-03
3560.561,1.2792922947e-03,1.963609e-02,1.5062867973e+00,1.0000,5.7779e-03
3561.088,1.2791169073e-03,1.958866e-02,1.5062867973e+00,1.0000,5.8790e-03
3561.615,1.2789475153e-03,1.954318e-02,1.5062867973e+00,1.0000,5.9643e-03
3562.142,1.2787839828e-03,1.949996e-02,1.5062867973e+00,1.0000,6.0315e-03
3562.669,1.2786260146e-03,1.945930e-02,1.5062867973e+00,1.0000,6.0786e-03
3563.196,1.2784731973e-03,1.942150e-02,1.5062867973e+00,1.0000,6.1032e-03
3563.723,1.2783250967e-03,1.938682e-02,1.5062867973e+00,1.0000,6.1032e-03
3564.250,1.2781814084e-03,1.935553e-02,1.5062867973e+00,1.0000,6.0763e-03
3564.777,1.2780420969e-03,1.932788e-02,1.5062867973e+00,1.0000,6.0203e-03
3565.304,1.2779074608e-03,1.930409e-02,1.5062867973e+00,1.0000,5.9332e-03
3565.832,1.2777781030e-03,1.928438e-02,1.5062867973e+00,1.0000,5.8131e-03
3566.359,1.2776548341e-03,1.926896e-02,1.5062867973e+00,1.0000,5.6584e-03
3566.886,1.2775385544e-03,1.925800e-02,1.5062867973e+00,1.0000,5.4678e-03
3567.413,1.2774301503e-03,1.925169e-02,1.5062867973e+00,1.0000,5.2403e-03
3567.940,1.2773304211e-03,1.925018e-02,1.5062867973e+00,1.0000,4.9754e-03
3568.467,1.2772400330e-03,1.925361e-02,1.5062867973e+00,1.0000,4.6733e-03
3568.994,1.2771594952e-03,1.926209e-02,1.5062867973e+00,1.0000,4.3348e-03
3569.521,1.2770891498e-03,1.927574e-02,1.5062867973e+00,1.0000,3.9614e-03
3570.048,1.2770291709e-03,1.929463e-02,1.5062867973e+00,1.0000,3.5554e-03
3570.575,1.2769795709e-03,1.931880e-02,1.5062867973e+00,1.0000,3.1201e-03
3571.103,1.2769402093e-03,1.934830e-02,1.5062867973e+00,1.0000,2.6593e-03
3571.630,1.2769108014e-03,1.938317e-02,1.5062867973e+00,1.0000,2.6055e-03
3572.157,1.2768909249e-03,1.942339e-02,1.5062867973e+00,1.0000,2.8823e-03
3572.684,1.2768800256e-03,1.946888e-02,1.5062867973e+00,1.0000,3.1535e-03
3573.211,1.2768772704e-03,1.951953e-02,1.5062867973e+00,1.0000,3.4155e-03
3573.738,1.2768827638e-03,1.957518e-02,1.5062867973e+00,1.0000,3.6652e-03
3574.265,1.2768938646e-03,1.963563e-02,1.5062867973e+00,1.0000,3.9030e-03
3574.792,1.2769115512e-03,1.970065e-02,1.5062867973e+00,1.0000,4.1286e-03
3575.319,1.2769338928e-03,1.976995e-02,1.5062867973e+00,1.0000,4.3347e-03
3575.846,1.2769603949e-03,1.984328e-02,1.5062867973e+00,1.0000,4.5145e-03
3576.374,1.2769902307e-03,1.992031e-02,1.5062867973e+00,1.0000,4.6683e-03
3576.901,1.2770227761e-03,2.000069e-02,1.5062867973e+00,1.0000,4.7958e-03
3577.428,1.2770575133e-03,2.008407e-02,1.5062867973e+00,1.0000,4.8979e-03
3577.955,1.2770940550e-03,2.017011e-02,1.5062867973e+00,1.0000,4.9769e-03
3578.482,1.2771321536e-03,2.025843e-02,1.5062867973e+00,1.0000,5.0345e-03
3579.009,1.2771716660e-03,2.034869e-02,1.5062867973e+00,1.0000,5.0723e-03
3579.536,1.2772125311e-03,2.044051e-02,1.5062867973e+00,1.0000,5.0911e-03
3580.063,1.2772547337e-03,2.053354e-02,1.5062867973e+00,1.0000,5.0890e-03
3580.590,1.2772982789e-03,2.062737e-02,1.5062867973e+00,1.0000,5.0671e-03
3581.117,1.2773431650e-03,2.072163e-02,1.5062867973e+00,1.0000,5.0273e-03
3581.645,1.2773893578e-03,2.081591e-02,1.5062867973e+00,1.0000,4.9710e-03
3582.172,1.2774367722e-03,2.090980e-02,1.5062867973e+00,1.0000,4.8995e-03
3582.699,1.2774852631e-03,2.100290e-02,1.5062867973e+00,1.0000,4.9853e-03
3583.226,1.2775346236e-03,2.109486e-02,1.5062867973e+00,1.0000,5.0992e-03
3583.753,1.2775845892e-03,2.118522e-02,1.5062867973e+00,1.0000,5.1697e-03
3584.280,1.2776348493e-03,2.127350e-02,1.5062867973e+00,1.0000,5.1900e-03
3584.807,1.2776850600e-03,2.135921e-02,1.5062867973e+00,1.0000,5.1640e-03
3585.334,1.2777348583e-03,2.144189e-02,1.5062867973e+00,1.0000,5.0952e-03
3585.861,1.2777838792e-03,2.152105e-02,1.5062867973e+00,1.0000,4.9869e-03
3586.388,1.2778317765e-03,2.159624e-02,1.5062867973e+00,1.0000,4.8423e-03
3586.916,1.2778782425e-03,2.166699e-02,1.5062867973e+00,1.0000,4.6644e-03
3587.443,1.2779230189e-03,2.173286e-02,1.5062867973e+00,1.0000,4.4552e-03
3587.970,1.2779659001e-03,2.179344e-02,1.5062867973e+00,1.0000,4.2164e-03
3588.497,1.2780067336e-03,2.184836e-02,1.5062867973e+00,1.0000,3.9498e-03
3589.024,1.2780454226e-03,2.189729e-02,1.5062867973e+00,1.0000,3.6568e-03
3589.551,1.2780819273e-03,2.193995e-02,1.5062867973e+00,1.0000,3.3390e-03
3590.078,1.2781162611e-03,2.197608e-02,1.5062867973e+00,1.0000,2.9980e-03
3590.605,1.2781484807e-03,2.200550e-02,1.5062867973e+00,1.0000,2.6352e-03
3591.132,1.2781786745e-03,2.202807e-02,1.5062867973e+00,1.0000,2.2521e-03
3591.659,1.2782069498e-03,2.204368e-02,1.5062867973e+00,1.0000,1.8501e-03
3592.187,1.2782334195e-03,2.205227e-02,1.5062867973e+00,1.0000,1.4307e-03
3592.714,1.2782581880e-03,2.205382e-02,1.5062867973e+00,1.0000,9.9502e-04
3593.241,1.2782813358e-03,2.204835e-02,1.5062867973e+00,1.0000,5.4390e-04
3593.768,1.2783029073e-03,2.203591e-02,1.5062867973e+00,1.0000,4.7712e-04
3594.295,1.2783229034e-03,2.201660e-02,1.5062867973e+00,1.0000,7.2686e-04
3594.822,1.2783412808e-03,2.199056e-02,1.5062867973e+00,1.0000,9.7680e-04
3595.349,1.2783579571e-03,2.195800e-02,1.5062867973e+00,1.0000,1.4038e-03
3595.876,1.2783728203e-03,2.191917e-02,1.5062867973e+00,1.0000,1.9064e-03
3596.403,1.2783857423e-03,2.187429e-02,1.5062867973e+00,1.0000,2.4113e-03
3596.930,1.2783965964e-03,2.182359e-02,1.5062867973e+00,1.0000,2.9178e-03
3597.458,1.2784052733e-03,2.176730e-02,1.5062867973e+00,1.0000,3.4248e-03
3597.985,1.2784116943e-03,2.170567e-02,1.5062867973e+00,1.0000,3.9318e-03
3598.512,1.2784159479e-03,2.163896e-02,1.5062867973e+00,1.0000,4.4380e-03
3599.039,1.2784181043e-03,2.156737e-02,1.5062867973e+00,1.0000,4.9463e-03
3599.566,1.2784175145e-03,2.149115e-02,1.5062867973e+00,1.0000,5.4598e-03
3600.093,1.2784137309e-03,2.141061e-02,1.5062867973e+00,1.0000,5.9784e-03
3600.620,1.2784097650e-03,2.132612e-02,1.5062867973e+00,1.0000,6.5003e-03
3601.147,1.2784025332e-03,2.123803e-02,1.5062867973e+00,1.0000,7.0227e-03
3601.674,1.2783935530e-03,2.114672e-02,1.5062867973e+00,1.0000,7.5431e-03
3602.201,1.2783825015e-03,2.105260e-02,1.5062867973e+00,1.0000,8.0582e-03
3602.729,1.2783696102e-03,2.095608e-02,1.5062867973e+00,1.0000,8.5650e-03
3603.256,1.2783549343e-03,2.085762e-02,1.5062867973e+00,1.0000,9.0596e-03
3603.783,1.2783386059e-03,2.075765e-02,1.5062867973e+00,1.0000,9.5384e-03
3604.310,1.2783208204e-03,2.065667e-02,1.5062867973e+00,1.0000,9.9971e-03
3604.837,1.2783017934e-03,2.055513e-02,1.5062867973e+00,1.0000,1.0432e-02
3605.364,1.2782817916e-03,2.045352e-02,1.5062867973e+00,1.0000,1.0837e-02
3605.891,1.2782611159e-03,2.035232e-02,1.5062867973e+00,1.0000,1.1210e-02
3606.418,1.2782401088e-03,2.025201e-02,1.5062867973e+00,1.0000,1.1545e-02
3606.945,1.2782191495e-03,2.015306e-02,1.5062867973e+00,1.0000,1.1838e-02
3607.472,1.2781986294e-03,2.005591e-02,1.5062867973e+00,1.0000,1.2084e-02
3608.000,1.2781789315e-03,1.996100e-02,1.5062867973e+00,1.0000,1.2280e-02
3608.527,1.2781604545e-03,1.986875e-02,1.5062867973e+00,1.0000,1.2423e-02
3609.054,1.2781436313e-03,1.977956e-02,1.5062867973e+00,1.0000,1.2509e-02
3609.581,1.2781288905e-03,1.969380e-02,1.5062867973e+00,1.0000,1.2536e-02
3610.108,1.2781165987e-03,1.961182e-02,1.5062867973e+00,1.0000,1.2502e-02
3610.635,1.2781070321e-03,1.953394e-02,1.5062867973e+00,1.0000,1.2406e-02
3611.162,1.2781002422e-03,1.946045e-02,1.5062867973e+00,1.0000,1.2248e-02
3611.689,1.2780964089e-03,1.939173e-02,1.5062867973e+00,1.0000,1.2025e-02
3612.216,1.2780969143e-03,1.932790e-02,1.5062867973e+00,1.0000,1.1746e-02
3612.743,1.2781000338e-03,1.926902e-02,1.5062867973e+00,1.0000,1.1422e-02
3613.271,1.2781063263e-03,1.921527e-02,1.5062867973e+00,1.0000,1.1058e-02
3613.798,1.2781166093e-03,1.916681e-02,1.5062867973e+00,1.0000,1.0655e-02
3614.325,1.2781303682e-03,1.912381e-02,1.5062867973e+00,1.0000,1.0215e-02
3614.852,1.2781477560e-03,1.908644e-02,1.5062867973e+00,1.0000,9.7407e-03
3615.379,1.2781687984e-03,1.905486e-02,1.5062867973e+00,1.0000,9.2336e-03
3615.906,1.2781940303e-03,1.902918e-02,1.5062867973e+00,1.0000,8.6958e-03
3616.433,1.2782243405e-03,1.900952e-02,1.5062867973e+00,1.0000,8.1292e-03
3616.960,1.2782605036e-03,1.899604e-02,1.5062867973e+00,1.0000,7.5334e-03
3617.487,1.2783030615e-03,1.898873e-02,1.5062867973e+00,1.0000,6.9091e-03
3618.014,1.2783525202e-03,1.898759e-02,1.5062867973e+00,1.0000,6.2592e-03
3618.542,1.2784094518e-03,1.899257e-02,1.5062867973e+00,1.0000,5.5880e-03
3619.069,1.2784743251e-03,1.900357e-02,1.5062867973e+00,1.0000,4.9018e-03
3619.596,1.2785472841e-03,1.902044e-02,1.5062867973e+00,1.0000,4.2079e-03
3620.123,1.2786280544e-03,1.904299e-02,1.5062867973e+00,1.0000,3.5144e-03
3620.650,1.2787159698e-03,1.907101e-02,1.5062867973e+00,1.0000,2.8297e-03
3621.177,1.2788100414e-03,1.910426e-02,1.5062867973e+00,1.0000,2.7409e-03
3621.704,1.2789090326e-03,1.914245e-02,1.5062867973e+00,1.0000,2.9967e-03
3622.231,1.2790115493e-03,1.918529e-02,1.5062867973e+00,1.0000,3.2299e-03
3622.758,1.2791161499e-03,1.923245e-02,1.5062867973e+00,1.0000,3.4399e-03
3623.285,1.2792214658e-03,1.928361e-02,1.5062867973e+00,1.0000,3.6268e-03
3623.813,1.2793263172e-03,1.933840e-02,1.5062867973e+00,1.0000,3.7946e-03
3624.340,1.2794298108e-03,1.939648e-02,1.5062867973e+00,1.0000,3.9400e-03
3624.867,1.2795314130e-03,1.945747e-02,1.5062867973e+00,1.0000,4.0589e-03
3625.394,1.2796309949e-03,1.952102e-02,1.5062867973e+00,1.0000,4.1499e-03
3625.921,1.2797288448e-03,1.958676e-02,1.5062867973e+00,1.0000,4.2150e-03
3626.448,1.2798256467e-03,1.965430e-02,1.5062867973e+00,1.0000,4.2557e-03
3626.975,1.2799224209e-03,1.972328e-02,1.5062867973e+00,1.0000,4.2740e-03
3627.502,1.2800204277e-03,1.979333e-02,1.5062867973e+00,1.0000,4.2715e-03
3628.029,1.2801210352e-03,1.986410e-02,1.5062867973e+00,1.0000,4.2495e-03
3628.556,1.2802255573e-03,1.993522e-02,1.5062867973e+00,1.0000,4.2092e-03
3629.084,1.2803350745e-03,2.000635e-02,1.5062867973e+00,1.0000,4.1520e-03
3629.611,1.2804502529e-03,2.007715e-02,1.5062867973e+00,1.0000,4.0792e-03
3630.138,1.2805711836e-03,2.014728e-02,1.5062867973e+00,1.0000,3.9922e-03
3630.665,1.2806972650e-03,2.021643e-02,1.5062867973e+00,1.0000,3.8924e-03
3631.192,1.2808271473e-03,2.028430e-02,1.5062867973e+00,1.0000,3.7811e-03
3631.719,1.2809587541e-03,2.035058e-02,1.5062867973e+00,1.0000,3.6596e-03
3632.246,1.2810893831e-03,2.041499e-02,1.5062867973e+00,1.0000,3.5293e-03
3632.773,1.2812158784e-03,2.047727e-02,1.5062867973e+00,1.0000,3.3914e-03
3633.300,1.2813348536e-03,2.053716e-02,1.5062867973e+00,1.0000,3.2474e-03
3633.827,1.2814429379e-03,2.059442e-02,1.5062867973e+00,1.0000,3.0984e-03
3634.355,1.2815370145e-03,2.064883e-02,1.5062867973e+00,1.0000,2.9456e-03
3634.882,1.2816144239e-03,2.070019e-02,1.5062867973e+00,1.0000,2.7902e-03
3635.409,1.2816731129e-03,2.074832e-02,1.5062867973e+00,1.0000,2.6332e-03
3635.936,1.2817117225e-03,2.079305e-02,1.5062867973e+00,1.0000,2.4757e-03
3636.463,1.2817296159e-03,2.083424e-02,1.5062867973e+00,1.0000,2.3187e-03
3636.990,1.2817268431e-03,2.087180e-02,1.5062867973e+00,1.0000,2.1636e-03
3637.517,1.2817041677e-03,2.090557e-02,1.5062867973e+00,1.0000,2.0120e-03
3638.044,1.2816628413e-03,2.093553e-02,1.5062867973e+00,1.0000,1.8639e-03
3638.571,1.2816046497e-03,2.096162e-02,1.5062867973e+00,1.0000,1.7190e-03
3639.098,1.2815317943e-03,2.098380e-02,1.5062867973e+00,1.0000,1.5752e-03
3639.626,1.2814466966e-03,2.100205e-02,1.5062867973e+00,1.0000,1.4341e-03
3640.153,1.2813518338e-03,2.101639e-02,1.5062867973e+00,1.0000,1.2986e-03
3640.680,1.2812496485e-03,2.102684e-02,1.5062867973e+00,1.0000,1.1711e-03
3641.207,1.2811424706e-03,2.103345e-02,1.5062867973e+00,1.0000,1.0506e-03
3641.734,1.2810324093e-03,2.103632e-02,1.5062867973e+00,1.0000,9.3661e-04
3642.261,1.2809210568e-03,2.103555e-02,1.5062867973e+00,1.0000,8.2852e-04
3642.788,1.2808090077e-03,2.103128e-02,1.5062867973e+00,1.0000,9.9695e-04
3643.315,1.2806956938e-03,2.102364e-02,1.5062867973e+00,1.0000,1.1754e-03
3643.842,1.2805797961e-03,2.101283e-02,1.5062867973e+00,1.0000,1.3513e-03
3644.369,1.2804598923e-03,2.099903e-02,1.5062867973e+00,1.0000,1.5231e-03
3644.897,1.2803349096e-03,2.098246e-02,1.5062867973e+00,1.0000,1.6896e-03
3645.424,1.2802041348e-03,2.096334e-02,1.5062867973e+00,1.0000,1.8496e-03
3645.951,1.2800667262e-03,2.094193e-02,1.5062867973e+00,1.0000,2.0023e-03
3646.478,1.2799210938e-03,2.091848e-02,1.5062867973e+00,1.0000,2.1467e-03
3647.005,1.2797648828e-03,2.089324e-02,1.5062867973e+00,1.0000,2.2823e-03
3647.532,1.2795958880e-03,2.086650e-02,1.5062867973e+00,1.0000,2.4083e-03
3648.059,1.2794132757e-03,2.083854e-02,1.5062867973e+00,1.0000,2.5243e-03
3648.586,1.2792181034e-03,2.080962e-02,1.5062867973e+00,1.0000,2.6300e-03
3649.113,1.2790127784e-03,2.078003e-02,1.5062867973e+00,1.0000,2.7251e-03
3649.640,1.2788000173e-03,2.075005e-02,1.5062867973e+00,1.0000,2.8095e-03
3650.168,1.2785821271e-03,2.071993e-02,1.5062867973e+00,1.0000,2.8829e-03
3650.695,1.2783609380e-03,2.068994e-02,1.5062867973e+00,1.0000,2.9456e-03
3651.222,1.2781381294e-03,2.066034e-02,1.5062867973e+00,1.0000,2.9974e-03
3651.749,1.2779155167e-03,2.063134e-02,1.5062867973e+00,1.0000,3.0385e-03
3652.276,1.2776950887e-03,2.060318e-02,1.5062867973e+00,1.0000,3.0692e-03
3652.803,1.2774788625e-03,2.057607e-02,1.5062867973e+00,1.0000,3.0896e-03
3653.330,1.2772687159e-03,2.055018e-02,1.5062867973e+00,1.0000,3.1001e-03
3653.857,1.2770662914e-03,2.052570e-02,1.5062867973e+00,1.0000,3.1009e-03
3654.384,1.2768729626e-03,2.050278e-02,1.5062867973e+00,1.0000,3.0925e-03
3654.911,1.2766898115e-03,2.048155e-02,1.5062867973e+00,1.0000,3.0753e-03
3655.439,1.2765175842e-03,2.046213e-02,1.5062867973e+00,1.0000,3.0495e-03
3655.966,1.2763566268e-03,2.044463e-02,1.5062867973e+00,1.0000,3.0157e-03
3656.493,1.2762068297e-03,2.042912e-02,1.5062867973e+00,1.0000,2.9743e-03
3657.020,1.2760676089e-03,2.041568e-02,1.5062867973e+00,1.0000,2.9256e-03
3657.547,1.2759379487e-03,2.040436e-02,1.5062867973e+00,1.0000,2.8701e-03
3658.074,1.2758165117e-03,2.039520e-02,1.5062867973e+00,1.0000,2.8082e-03
3658.601,1.2757018119e-03,2.038824e-02,1.5062867973e+00,1.0000,2.7403e-03
3659.128,1.2755924303e-03,2.038348e-02,1.5062867973e+00,1.0000,2.6667e-03
3659.655,1.2754872442e-03,2.038094e-02,1.5062867973e+00,1.0000,2.5878e-03
3660.182,1.2753856351e-03,2.038061e-02,1.5062867973e+00,1.0000,2.5040e-03
3660.710,1.2752876435e-03,2.038250e-02,1.5062867973e+00,1.0000,2.4156e-03
3661.237,1.2751940416e-03,2.038658e-02,1.5062867973e+00,1.0000,2.3229e-03
3661.764,1.2751063148e-03,2.039284e-02,1.5062867973e+00,1.0000,2.2263e-03
3662.291,1.2750265500e-03,2.040127e-02,1.5062867973e+00,1.0000,2.1259e-03
3662.818,1.2749572500e-03,2.041182e-02,1.5062867973e+00,1.0000,2.0223e-03
3663.345,1.2749010982e-03,2.042449e-02,1.5062867973e+00,1.0000,1.9153e-03
3663.872,1.2748607034e-03,2.043922e-02,1.5062867973e+00,1.0000,1.8049e-03
3664.399,1.2748383588e-03,2.045603e-02,1.5062867973e+00,1.0000,1.6912e-03
3664.926,1.2748358705e-03,2.047483e-02,1.5062867973e+00,1.0000,1.5745e-03
3665.453,1.2748542953e-03,2.049558e-02,1.5062867973e+00,1.0000,1.4552e-03
3665.981,1.2748941284e-03,2.051821e-02,1.5062867973e+00,1.0000,1.3339e-03
3666.508,1.2749552589e-03,2.054266e-02,1.5062867973e+00,1.0000,1.3313e-03
3667.035,1.2750368733e-03,2.056883e-02,1.5062867973e+00,1.0000,1.3945e-03
3667.562,1.2751375790e-03,2.059666e-02,1.5062867973e+00,1.0000,1.4547e-03
3668.089,1.2752555748e-03,2.062603e-02,1.5062867973e+00,1.0000,1.5114e-03
3668.616,1.2753888143e-03,2.065685e-02,1.5062867973e+00,1.0000,1.5644e-03
3669.143,1.2755351562e-03,2.068901e-02,1.5062867973e+00,1.0000,1.6130e-03
3669.670,1.2756925852e-03,2.072239e-02,1.5062867973e+00,1.0000,1.6569e-03
3670.197,1.2758594289e-03,2.075686e-02,1.5062867973e+00,1.0000,1.6956e-03
3670.724,1.2760344142e-03,2.079228e-02,1.5062867973e+00,1.0000,1.7289e-03
3671.252,1.2762164917e-03,2.082851e-02,1.5062867973e+00,1.0000,1.7562e-03
3671.779,1.2764045447e-03,2.086539e-02,1.5062867973e+00,1.0000,1.7771e-03
3672.306,1.2765971953e-03,2.090276e-02,1.5062867973e+00,1.0000,1.7914e-03
3672.833,1.2767928528e-03,2.094044e-02,1.5062867973e+00,1.0000,1.7996e-03
3673.360,1.2769899835e-03,2.097824e-02,1.5062867973e+00,1.0000,1.8005e-03
3673.887,1.2771874508e-03,2.101597e-02,1.5062867973e+00,1.0000,1.7928e-03
3674.414,1.2773847358e-03,2.105341e-02,1.5062867973e+00,1.0000,1.7758e-03
3674.941,1.2775819162e-03,2.109037e-02,1.5062867973e+00,1.0000,1.7486e-03
3675.468,1.2777793936e-03,2.112660e-02,1.5062867973e+00,1.0000,1.7108e-03
3675.995,1.2779774737e-03,2.116186e-02,1.5062867973e+00,1.0000,1.6621e-03
3676.523,1.2781759811e-03,2.119593e-02,1.5062867973e+00,1.0000,1.6028e-03
3677.050,1.2783740970e-03,2.122856e-02,1.5062867973e+00,1.0000,1.5331e-03
3677.577,1.2785705024e-03,2.125950e-02,1.5062867973e+00,1.0000,1.4536e-03
3678.104,1.2787637466e-03,2.128852e-02,1.5062867973e+00,1.0000,1.3647e-03
3678.631,1.2789526264e-03,2.131536e-02,1.5062867973e+00,1.0000,1.2667e-03
3679.158,1.2791363693e-03,2.133979e-02,1.5062867973e+00,1.0000,1.1600e-03
3679.685,1.2793145496e-03,2.136158e-02,1.5062867973e+00,1.0000,1.0455e-03
3680.212,1.2794868361e-03,2.138049e-02,1.5062867973e+00,1.0000,9.2416e-04
3680.739,1.2796527449e-03,2.139634e-02,1.5062867973e+00,1.0000,7.9810e-04
3681.266,1.2798115302e-03,2.140892e-02,1.5062867973e+00,1.0000,6.6752e-04
3681.794,1.2799622495e-03,2.141807e-02,1.5062867973e+00,1.0000,5.3253e-04
3682.321,1.2801039465e-03,2.142363e-02,1.5062867973e+00,1.0000,5.7233e-04
3682.848,1.2802358363e-03,2.142548e-02,1.5062867973e+00,1.0000,7.4854e-04
3683.375,1.2803573739e-03,2.142350e-02,1.5062867973e+00,1.0000,9.4006e-04
3683.902,1.2804681526e-03,2.141762e-02,1.5062867973e+00,1.0000,1.1455e-03
3684.429,1.2805677076e-03,2.140776e-02,1.5062867973e+00,1.0000,1.3636e-03
3684.956,1.2806554073e-03,2.139390e-02,1.5062867973e+00,1.0000,1.5933e-03
3685.483,1.2807305653e-03,2.137601e-02,1.5062867973e+00,1.0000,1.8338e-03
3686.010,1.2807927073e-03,2.135411e-02,1.5062867973e+00,1.0000,2.0843e-03
3686.537,1.2808417482e-03,2.132825e-02,1.5062867973e+00,1.0000,2.3445e-03
3687.065,1.2808778899e-03,2.129841e-02,1.5062867973e+00,1.0000,2.6140e-03
3687.592,1.2809013244e-03,2.126464e-02,1.5062867973e+00,1.0000,2.8932e-03
3688.119,1.2809120463e-03,2.122715e-02,1.5062867973e+00,1.0000,3.1823e-03
3688.646,1.2809097342e-03,2.118596e-02,1.5062867973e+00,1.0000,3.4815e-03
3689.173,1.2808953172e-03,2.114119e-02,1.5062867973e+00,1.0000,3.7906e-03
3689.700,1.2808686202e-03,2.109299e-02,1.5062867973e+00,1.0000,4.1083e-03
3690.227,1.2808311122e-03,2.104154e-02,1.5062867973e+00,1.0000,4.4331e-03
3690.754,1.2807840350e-03,2.098699e-02,1.5062867973e+00,1.0000,4.7640e-03
3691.281,1.2807285130e-03,2.092950e-02,1.5062867973e+00,1.0000,5.1000e-03
3691.808,1.2806655896e-03,2.086923e-02,1.5062867973e+00,1.0000,5.4402e-03
3692.336,1.2805962170e-03,2.080638e-02,1.5062867973e+00,1.0000,5.7833e-03
3692.863,1.2805214967e-03,2.074112e-02,1.5062867973e+00,1.0000,6.1282e-03
3693.390,1.2804426329e-03,2.067367e-02,1.5062867973e+00,1.0000,6.4732e-03
3693.917,1.2803608385e-03,2.060423e-02,1.5062867973e+00,1.0000,6.8166e-03
3694.444,1.2802772216e-03,2.053305e-02,1.5062867973e+00,1.0000,7.1564e-03
3694.971,1.2801927548e-03,2.046037e-02,1.5062867973e+00,1.0000,7.4904e-03
3695.498,1.2801082895e-03,2.038646e-02,1.5062867973e+00,1.0000,7.8162e-03
3696.025,1.2800245732e-03,2.031152e-02,1.5062867973e+00,1.0000,8.1353e-03
3696.552,1.2799422550e-03,2.023584e-02,1.5062867973e+00,1.0000,8.4483e-03
3697.079,1.2798618862e-03,2.015971e-02,1.5062867973e+00,1.0000,8.7525e-03
3697.607,1.2797839219e-03,2.008351e-02,1.5062867973e+00,1.0000,9.0439e-03
3698.134,1.2797087233e-03,2.000760e-02,1.5062867973e+00,1.0000,9.3164e-03
3698.661,1.2796365614e-03,1.993237e-02,1.5062867973e+00,1.0000,9.5639e-03
3699.188,1.2795676243e-03,1.985818e-02,1.5062867973e+00,1.0000,9.7805e-03
3699.715,1.2795020324e-03,1.978540e-02,1.5062867973e+00,1.0000,9.9607e-03
3700.242,1.2794398552e-03,1.971439e-02,1.5062867973e+00,1.0000,1.0099e-02
3700.769,1.2793811261e-03,1.964549e-02,1.5062867973e+00,1.0000,1.0192e-02
3701.296,1.2793258537e-03,1.957908e-02,1.5062867973e+00,1.0000,1.0235e-02
3701.823,1.2792740293e-03,1.951550e-02,1.5062867973e+00,1.0000,1.0222e-02
3702.350,1.2792256315e-03,1.945505e-02,1.5062867973e+00,1.0000,1.0149e-02
3702.878,1.2791806257e-03,1.939790e-02,1.5062867973e+00,1.0000,1.0026e-02
3703.405,1.2791389627e-03,1.934427e-02,1.5062867973e+00,1.0000,9.8552e-03
3703.932,1.2791005767e-03,1.929442e-02,1.5062867973e+00,1.0000,9.6386e-03
3704.459,1.2790653842e-03,1.924858e-02,1.5062867973e+00,1.0000,9.3780e-03
3704.986,1.2790332858e-03,1.920701e-02,1.5062867973e+00,1.0000,9.0748e-03
3705.513,1.2790041715e-03,1.916995e-02,1.5062867973e+00,1.0000,8.7304e-03
3706.040,1.2789779333e-03,1.913765e-02,1.5062867973e+00,1.0000,8.3462e-03
3706.567,1.2789544823e-03,1.911036e-02,1.5062867973e+00,1.0000,7.9236e-03
3707.094,1.2789337629e-03,1.908832e-02,1.5062867973e+00,1.0000,7.4642e-03
3707.621,1.2789157610e-03,1.907175e-02,1.5062867973e+00,1.0000,6.9698e-03
3708.149,1.2789005026e-03,1.906087e-02,1.5062867973e+00,1.0000,6.4425e-03
3708.676,1.2788880438e-03,1.905586e-02,1.5062867973e+00,1.0000,5.8848e-03
3709.203,1.2788784526e-03,1.905692e-02,1.5062867973e+00,1.0000,5.3000e-03
3709.730,1.2788716661e-03,1.906419e-02,1.5062867973e+00,1.0000,4.6915e-03
3710.257,1.2788674990e-03,1.907783e-02,1.5062867973e+00,1.0000,4.0613e-03
3710.784,1.2788676631e-03,1.909794e-02,1.5062867973e+00,1.0000,3.4111e-03
3711.311,1.2788694428e-03,1.912455e-02,1.5062867973e+00,1.0000,2.7497e-03
3711.838,1.2788738870e-03,1.915765e-02,1.5062867973e+00,1.0000,3.0865e-03
3712.365,1.2788805732e-03,1.919720e-02,1.5062867973e+00,1.0000,3.4106e-03
3712.892,1.2788895078e-03,1.924309e-02,1.5062867973e+00,1.0000,3.7193e-03
3713.420,1.2788998212e-03,1.929517e-02,1.5062867973e+00,1.0000,4.0104e-03
3713.947,1.2789113220e-03,1.935324e-02,1.5062867973e+00,1.0000,4.2860e-03
3714.474,1.2789235524e-03,1.941705e-02,1.5062867973e+00,1.0000,4.5455e-03
3715.001,1.2789361864e-03,1.948634e-02,1.5062867973e+00,1.0000,4.7808e-03
3715.528,1.2789489228e-03,1.956082e-02,1.5062867973e+00,1.0000,4.9879e-03
3716.055,1.2789615491e-03,1.964013e-02,1.5062867973e+00,1.0000,5.1684e-03
3716.582,1.2789739280e-03,1.972392e-02,1.5062867973e+00,1.0000,5.3239e-03
3717.109,1.2789859870e-03,1.981180e-02,1.5062867973e+00,1.0000,5.4546e-03
3717.636,1.2789977006e-03,1.990334e-02,1.5062867973e+00,1.0000,5.5621e-03
3718.163,1.2790090636e-03,1.999814e-02,1.5062867973e+00,1.0000,5.6483e-03
3718.691,1.2790200679e-03,2.009576e-02,1.5062867973e+00,1.0000,5.7149e-03
3719.218,1.2790306813e-03,2.019577e-02,1.5062867973e+00,1.0000,5.7619e-03
3719.745,1.2790408309e-03,2.029774e-02,1.5062867973e+00,1.0000,5.7882e-03
3720.272,1.2790504009e-03,2.040120e-02,1.5062867973e+00,1.0000,5.7955e-03
3720.799,1.2790592287e-03,2.050570e-02,1.5062867973e+00,1.0000,5.7854e-03
3721.326,1.2790670973e-03,2.061077e-02,1.5062867973e+00,1.0000,5.7592e-03
3721.853,1.2790737746e-03,2.071595e-02,1.5062867973e+00,1.0000,5.7174e-03
3722.380,1.2790790632e-03,2.082077e-02,1.5062867973e+00,1.0000,5.7541e-03
3722.907,1.2790829678e-03,2.092483e-02,1.5062867973e+00,1.0000,5.9025e-03
3723.434,1.2790848504e-03,2.102766e-02,1.5062867973e+00,1.0000,6.0181e-03
3723.962,1.2790844986e-03,2.112877e-02,1.5062867973e+00,1.0000,6.0849e-03
3724.489,1.2790811505e-03,2.122766e-02,1.5062867973e+00,1.0000,6.1052e-03
3725.016,1.2790773753e-03,2.132384e-02,1.5062867973e+00,1.0000,6.0824e-03
3725.543,1.2790708612e-03,2.141685e-02,1.5062867973e+00,1.0000,6.0201e-03
3726.070,1.2790623782e-03,2.150622e-02,1.5062867973e+00,1.0000,5.9212e-03
3726.597,1.2790518702e-03,2.159152e-02,1.5062867973e+00,1.0000,5.7885e-03
3727.124,1.2790395655e-03,2.167233e-02,1.5062867973e+00,1.0000,5.6236e-03
3727.651,1.2790256384e-03,2.174825e-02,1.5062867973e+00,1.0000,5.4282e-03
3728.178,1.2790101319e-03,2.181894e-02,1.5062867973e+00,1.0000,5.2038e-03
3728.705,1.2789929324e-03,2.188411e-02,1.5062867973e+00,1.0000,4.9516e-03
3729.233,1.2789737211e-03,2.194349e-02,1.5062867973e+00,1.0000,4.6731e-03
3729.760,1.2789521257e-03,2.199686e-02,1.5062867973e+00,1.0000,4.3697e-03
3730.287,1.2789277389e-03,2.204407e-02,1.5062867973e+00,1.0000,4.0429e-03
3730.814,1.2789000749e-03,2.208497e-02,1.5062867973e+00,1.0000,3.6940e-03
3731.341,1.2788685324e-03,2.211951e-02,1.5062867973e+00,1.0000,3.3246e-03
3731.868,1.2788324452e-03,2.214762e-02,1.5062867973e+00,1.0000,2.9362e-03
3732.395,1.2787911833e-03,2.216930e-02,1.5062867973e+00,1.0000,2.5298e-03
3732.922,1.2787442439e-03,2.218459e-02,1.5062867973e+00,1.0000,2.1065e-03
3733.449,1.2786913081e-03,2.219355e-02,1.5062867973e+00,1.0000,1.6674e-03
3733.976,1.2786322761e-03,2.219633e-02,1.5062867973e+00,1.0000,1.2139e-03
3734.504,1.2785672871e-03,2.219302e-02,1.5062867973e+00,1.0000,7.4770e-04
3735.031,1.2784967247e-03,2.218385e-02,1.5062867973e+00,1.0000,2.7075e-04
3735.558,1.2784211960e-03,2.216903e-02,1.5062867973e+00,1.0000,4.0131e-04
3736.085,1.2783414827e-03,2.214878e-02,1.5062867973e+00,1.0000,7.0517e-04
3736.612,1.2782584691e-03,2.212335e-02,1.5062867973e+00,1.0000,1.1879e-03
3737.139,1.2781730542e-03,2.209297e-02,1.5062867973e+00,1.0000,1.6644e-03
3737.666,1.2780860579e-03,2.205789e-02,1.5062867973e+00,1.0000,2.1341e-03
3738.193,1.2779981332e-03,2.201834e-02,1.5062867973e+00,1.0000,2.5989e-03
3738.720,1.2779096961e-03,2.197449e-02,1.5062867973e+00,1.0000,3.0630e-03
3739.247,1.2778208826e-03,2.192664e-02,1.5062867973e+00,1.0000,3.5263e-03
3739.775,1.2777315442e-03,2.187510e-02,1.5062867973e+00,1.0000,3.9870e-03
3740.302,1.2776412865e-03,2.182017e-02,1.5062867973e+00,1.0000,4.4425e-03
3740.829,1.2775495498e-03,2.176217e-02,1.5062867973e+00,1.0000,4.8903e-03
3741.356,1.2774557278e-03,2.170141e-02,1.5062867973e+00,1.0000,5.3280e-03
3741.883,1.2773593095e-03,2.163822e-02,1.5062867973e+00,1.0000,5.7529e-03
3742.410,1.2772600254e-03,2.157292e-02,1.5062867973e+00,1.0000,6.1623e-03
3742.937,1.2771579762e-03,2.150585e-02,1.5062867973e+00,1.0000,6.5534e-03
3743.464,1.2770537206e-03,2.143733e-02,1.5062867973e+00,1.0000,6.9234e-03
3743.991,1.2769483046e-03,2.136769e-02,1.5062867973e+00,1.0000,7.2694e-03
3744.518,1.2768432205e-03,2.129726e-02,1.5062867973e+00,1.0000,7.5885e-03
3745.046,1.2767402982e-03,2.122635e-02,1.5062867973e+00,1.0000,7.8778e-03
3745.573,1.2766415386e-03,2.115530e-02,1.5062867973e+00,1.0000,8.1344e-03
3746.100,1.2765489147e-03,2.108439e-02,1.5062867973e+00,1.0000,8.3554e-03
3746.627,1.2764641658e-03,2.101394e-02,1.5062867973e+00,1.0000,8.5380e-03
3747.154,1.2763886193e-03,2.094423e-02,1.5062867973e+00,1.0000,8.6798e-03
3747.681,1.2763230628e-03,2.087554e-02,1.5062867973e+00,1.0000,8.7783e-03
3748.208,1.2762676870e-03,2.080815e-02,1.5062867973e+00,1.0000,8.8314e-03
3748.735,1.2762221054e-03,2.074231e-02,1.5062867973e+00,1.0000,8.8374e-03
3749.262,1.2761854460e-03,2.067827e-02,1.5062867973e+00,1.0000,8.7951e-03
3749.789,1.2761565009e-03,2.061627e-02,1.5062867973e+00,1.0000,8.7037e-03
3750.317,1.2761339111e-03,2.055654e-02,1.5062867973e+00,1.0000,8.5632e-03
3750.844,1.2761163626e-03,2.049930e-02,1.5062867973e+00,1.0000,8.3740e-03
3751.371,1.2761027700e-03,2.044477e-02,1.5062867973e+00,1.0000,8.1371e-03
3751.898,1.2760924260e-03,2.039315e-02,1.5062867973e+00,1.0000,7.8562e-03
3752.425,1.2760850607e-03,2.034446e-02,1.5062867973e+00,1.0000,7.5458e-03
3752.952,1.2760806254e-03,2.029884e-02,1.5062867973e+00,1.0000,7.2099e-03
3753.479,1.2760816785e-03,2.025644e-02,1.5062867973e+00,1.0000,6.8523e-03
3754.006,1.2760866709e-03,2.021741e-02,1.5062867973e+00,1.0000,6.4763e-03
3754.533,1.2760990085e-03,2.018193e-02,1.5062867973e+00,1.0000,6.0849e-03
3755.060,1.2761201370e-03,2.015026e-02,1.5062867973e+00,1.0000,5.6787e-03
3755.588,1.2761518856e-03,2.012248e-02,1.5062867973e+00,1.0000,5.2586e-03
3756.115,1.2761960868e-03,2.009873e-02,1.5062867973e+00,1.0000,4.8270e-03
3756.642,1.2762539253e-03,2.007909e-02,1.5062867973e+00,1.0000,4.3873e-03
3757.169,1.2763259487e-03,2.006364e-02,1.5062867973e+00,1.0000,3.9439e-03
3757.696,1.2764124563e-03,2.005241e-02,1.5062867973e+00,1.0000,3.5020e-03
3758.223,1.2765140471e-03,2.004541e-02,1.5062867973e+00,1.0000,3.0675e-03
3758.750,1.2766313753e-03,2.004263e-02,1.5062867973e+00,1.0000,2.6464e-03
3759.277,1.2767642427e-03,2.004405e-02,1.5062867973e+00,1.0000,2.2439e-03
3759.804,1.2769108637e-03,2.004961e-02,1.5062867973e+00,1.0000,1.8643e-03
3760.331,1.2770681516e-03,2.005924e-02,1.5062867973e+00,1.0000,1.5334e-03
3760.859,1.2772329176e-03,2.007284e-02,1.5062867973e+00,1.0000,1.6496e-03
3761.386,1.2774030060e-03,2.009028e-02,1.5062867973e+00,1.0000,1.7473e-03
3761.913,1.2775774874e-03,2.011141e-02,1.5062867973e+00,1.0000,1.8270e-03
3762.440,1.2777559468e-03,2.013605e-02,1.5062867973e+00,1.0000,1.8890e-03
3762.967,1.2779376471e-03,2.016399e-02,1.5062867973e+00,1.0000,1.9341e-03
3763.494,1.2781212612e-03,2.019501e-02,1.5062867973e+00,1.0000,1.9628e-03
3764.021,1.2783052301e-03,2.022883e-02,1.5062867973e+00,1.0000,1.9760e-03
3764.548,1.2784883117e-03,2.026519e-02,1.5062867973e+00,1.0000,1.9754e-03
3765.075,1.2786698996e-03,2.030377e-02,1.5062867973e+00,1.0000,1.9603e-03
3765.602,1.2788500084e-03,2.034429e-02,1.5062867973e+00,1.0000,1.9312e-03
3766.130,1.2790290791e-03,2.038641e-02,1.5062867973e+00,1.0000,1.8888e-03
3766.657,1.2792077850e-03,2.042981e-02,1.5062867973e+00,1.0000,1.8343e-03
3767.184,1.2793869139e-03,2.047415e-02,1.5062867973e+00,1.0000,1.7690e-03
3767.711,1.2795672992e-03,2.051908e-02,1.5062867973e+00,1.0000,1.6944e-03
3768.238,1.2797497483e-03,2.056426e-02,1.5062867973e+00,1.0000,1.6120e-03
3768.765,1.2799349385e-03,2.060934e-02,1.5062867973e+00,1.0000,1.5231e-03
3769.292,1.2801232846e-03,2.065398e-02,1.5062867973e+00,1.0000,1.4301e-03
3769.819,1.2803148008e-03,2.069782e-02,1.5062867973e+00,1.0000,1.3345e-03
3770.346,1.2805089806e-03,2.074054e-02,1.5062867973e+00,1.0000,1.2369e-03
3770.873,1.2807047203e-03,2.078181e-02,1.5062867973e+00,1.0000,1.1377e-03
3771.401,1.2809003004e-03,2.082131e-02,1.5062867973e+00,1.0000,1.0375e-03
3771.928,1.2810934333e-03,2.085875e-02,1.5062867973e+00,1.0000,9.3693e-04
3772.455,1.2812813766e-03,2.089382e-02,1.5062867973e+00,1.0000,9.1344e-04
3772.982,1.2814610981e-03,2.092628e-02,1.5062867973e+00,1.0000,1.0807e-03
3773.509,1.2816294750e-03,2.095583e-02,1.5062867973e+00,1.0000,1.2514e-03
3774.036,1.2817835021e-03,2.098228e-02,1.5062867973e+00,1.0000,1.4237e-03
3774.563,1.2819204876e-03,2.100542e-02,1.5062867973e+00,1.0000,1.5954e-03
3775.090,1.2820382198e-03,2.102506e-02,1.5062867973e+00,1.0000,1.7655e-03
3775.617,1.2821350916e-03,2.104103e-02,1.5062867973e+00,1.0000,1.9327e-03
3776.144,1.2822101809e-03,2.105321e-02,1.5062867973e+00,1.0000,2.0963e-03
3776.672,1.2822632850e-03,2.106147e-02,1.5062867973e+00,1.0000,2.2557e-03
3777.199,1.2822949127e-03,2.106576e-02,1.5062867973e+00,1.0000,2.4103e-03
3777.726,1.2823062373e-03,2.106604e-02,1.5062867973e+00,1.0000,2.5599e-03
3778.253,1.2822989702e-03,2.106228e-02,1.5062867973e+00,1.0000,2.7041e-03
3778.780,1.2822754239e-03,2.105454e-02,1.5062867973e+00,1.0000,2.8426e-03
3779.307,1.2822379719e-03,2.104286e-02,1.5062867973e+00,1.0000,2.9751e-03
3779.834,1.2821892665e-03,2.102734e-02,1.5062867973e+00,1.0000,3.1014e-03
3780.361,1.2821318359e-03,2.100811e-02,1.5062867973e+00,1.0000,3.2213e-03
3780.888,1.2820678917e-03,2.098532e-02,1.5062867973e+00,1.0000,3.3346e-03
3781.415,1.2819992337e-03,2.095914e-02,1.5062867973e+00,1.0000,3.4410e-03
3781.943,1.2819270805e-03,2.092979e-02,1.5062867973e+00,1.0000,3.5405e-03
3782.470,1.2818519751e-03,2.089750e-02,1.5062867973e+00,1.0000,3.6328e-03
3782.997,1.2817737689e-03,2.086251e-02,1.5062867973e+00,1.0000,3.7179e-03
3783.524,1.2816916945e-03,2.082510e-02,1.5062867973e+00,1.0000,3.7956e-03
3784.051,1.2816045321e-03,2.078554e-02,1.5062867973e+00,1.0000,3.8659e-03
3784.578,1.2815108431e-03,2.074414e-02,1.5062867973e+00,1.0000,3.9286e-03
3785.105,1.2814092099e-03,2.070119e-02,1.5062867973e+00,1.0000,3.9837e-03
3785.632,1.2812984037e-03,2.065702e-02,1.5062867973e+00,1.0000,4.0313e-03
3786.159,1.2811774210e-03,2.061193e-02,1.5062867973e+00,1.0000,4.0712e-03
3786.686,1.2810454306e-03,2.056624e-02,1.5062867973e+00,1.0000,4.1035e-03
3787.214,1.2809017652e-03,2.052027e-02,1.5062867973e+00,1.0000,4.1282e-03
3787.741,1.2807460724e-03,2.047434e-02,1.5062867973e+00,1.0000,4.1450e-03
3788.268,1.2805785990e-03,2.042875e-02,1.5062867973e+00,1.0000,4.1541e-03
3788.795,1.2804004422e-03,2.038381e-02,1.5062867973e+00,1.0000,4.1551e-03
3789.322,1.2802135509e-03,2.033983e-02,1.5062867973e+00,1.0000,4.1480e-03
3789.849,1.2800203804e-03,2.029709e-02,1.5062867973e+00,1.0000,4.1326e-03
3790.376,1.2798233240e-03,2.025586e-02,1.5062867973e+00,1.0000,4.1085e-03
3790.903,1.2796242216e-03,2.021643e-02,1.5062867973e+00,1.0000,4.0755e-03
3791.430,1.2794242143e-03,2.017904e-02,1.5062867973e+00,1.0000,4.0331e-03
3791.957,1.2792239946e-03,2.014393e-02,1.5062867973e+00,1.0000,3.9812e-03
3792.485,1.2790242489e-03,2.011133e-02,1.5062867973e+00,1.0000,3.9192e-03
3793.012,1.2788260009e-03,2.008146e-02,1.5062867973e+00,1.0000,3.8469e-03
3793.539,1.2786306728e-03,2.005450e-02,1.5062867973e+00,1.0000,3.7639e-03
3794.066,1.2784398735e-03,2.003064e-02,1.5062867973e+00,1.0000,3.6698e-03
3794.593,1.2782550652e-03,2.001003e-02,1.5062867973e+00,1.0000,3.5645e-03
3795.120,1.2780772801e-03,1.999282e-02,1.5062867973e+00,1.0000,3.4476e-03
3795.647,1.2779069936e-03,1.997914e-02,1.5062867973e+00,1.0000,3.3191e-03
3796.174,1.2777441676e-03,1.996910e-02,1.5062867973e+00,1.0000,3.1788e-03
3796.701,1.2775884118e-03,1.996280e-02,1.5062867973e+00,1.0000,3.0267e-03
3797.228,1.2774391786e-03,1.996032e-02,1.5062867973e+00,1.0000,2.8628e-03
3797.756,1.2772959188e-03,1.996175e-02,1.5062867973e+00,1.0000,2.6872e-03
3798.283,1.2771581705e-03,1.996713e-02,1.5062867973e+00,1.0000,2.5001e-03
3798.810,1.2770256022e-03,1.997652e-02,1.5062867973e+00,1.0000,2.3016e-03
3799.337,1.2768980545e-03,1.998995e-02,1.5062867973e+00,1.0000,2.0922e-03
3799.864,1.2767756011e-03,2.000747e-02,1.5062867973e+00,1.0000,1.8722e-03
3800.391,1.2766586091e-03,2.002908e-02,1.5062867973e+00,1.0000,1.7548e-03
3800.918,1.2765477645e-03,2.005477e-02,1.5062867973e+00,1.0000,1.9094e-03
3801.445,1.2764440454e-03,2.008460e-02,1.5062867973e+00,1.0000,2.0657e-03
3801.972,1.2763486512e-03,2.011853e-02,1.5062867973e+00,1.0000,2.2236e-03
3802.499,1.2762629101e-03,2.015651e-02,1.5062867973e+00,1.0000,2.3816e-03
3803.027,1.2761881717e-03,2.019851e-02,1.5062867973e+00,1.0000,2.5380e-03
3803.554,1.2761256822e-03,2.024444e-02,1.5062867973e+00,1.0000,2.6914e-03
3804.081,1.2760764529e-03,2.029418e-02,1.5062867973e+00,1.0000,2.8416e-03
3804.608,1.2760411536e-03,2.034760e-02,1.5062867973e+00,1.0000,2.9896e-03
3805.135,1.2760200713e-03,2.040455e-02,1.5062867973e+00,1.0000,3.1314e-03
3805.662,1.2760130077e-03,2.046484e-02,1.5062867973e+00,1.0000,3.2638e-03
3806.189,1.2760202460e-03,2.052828e-02,1.5062867973e+00,1.0000,3.3826e-03
3806.716,1.2760405126e-03,2.059466e-02,1.5062867973e+00,1.0000,3.4872e-03
3807.243,1.2760741150e-03,2.066374e-02,1.5062867973e+00,1.0000,3.5785e-03
3807.770,1.2761203042e-03,2.073526e-02,1.5062867973e+00,1.0000,3.6568e-03
3808.298,1.2761787595e-03,2.080896e-02,1.5062867973e+00,1.0000,3.7227e-03
3808.825,1.2762488638e-03,2.088454e-02,1.5062867973e+00,1.0000,3.7759e-03
3809.352,1.2763297856e-03,2.096174e-02,1.5062867973e+00,1.0000,3.8170e-03
3809.879,1.2764204159e-03,2.104024e-02,1.5062867973e+00,1.0000,3.8468e-03
3810.406,1.2765194598e-03,2.111976e-02,1.5062867973e+00,1.0000,3.8658e-03
3810.933,1.2766256130e-03,2.119998e-02,1.5062867973e+00,1.0000,3.8742e-03
3811.460,1.2767376881e-03,2.128061e-02,1.5062867973e+00,1.0000,3.8701e-03
3811.987,1.2768546167e-03,2.136132e-02,1.5062867973e+00,1.0000,3.8527e-03
3812.514,1.2769753321e-03,2.144178e-02,1.5062867973e+00,1.0000,3.8231e-03
3813.041,1.2770986490e-03,2.152165e-02,1.5062867973e+00,1.0000,3.7821e-03
3813.569,1.2772232430e-03,2.160060e-02,1.5062867973e+00,1.0000,3.7303e-03
3814.096,1.2773477587e-03,2.167828e-02,1.5062867973e+00,1.0000,3.7973e-03
3814.623,1.2774709723e-03,2.175442e-02,1.5062867973e+00,1.0000,3.9090e-03
3815.150,1.2775918993e-03,2.182862e-02,1.5062867973e+00,1.0000,3.9869e-03
3815.677,1.2777097872e-03,2.190049e-02,1.5062867973e+00,1.0000,4.0264e-03
3816.204,1.2778240234e-03,2.196964e-02,1.5062867973e+00,1.0000,4.0296e-03
3816.731,1.2779340439e-03,2.203568e-02,1.5062867973e+00,1.0000,3.9984e-03
3817.258,1.2780392991e-03,2.209823e-02,1.5062867973e+00,1.0000,3.9343e-03
3817.785,1.2781392757e-03,2.215688e-02,1.5062867973e+00,1.0000,3.8390e-03
3818.312,1.2782335375e-03,2.221128e-02,1.5062867973e+00,1.0000,3.7139e-03
3818.840,1.2783217404e-03,2.226107e-02,1.5062867973e+00,1.0000,3.5602e-03
3819.367,1.2784035996e-03,2.230594e-02,1.5062867973e+00,1.0000,3.3792e-03
3819.894,1.2784788443e-03,2.234559e-02,1.5062867973e+00,1.0000,3.1722e-03
3820.421,1.2785471949e-03,2.237979e-02,1.5062867973e+00,1.0000,2.9405e-03
3820.948,1.2786083404e-03,2.240831e-02,1.5062867973e+00,1.0000,2.6853e-03
3821.475,1.2786619137e-03,2.243100e-02,1.5062867973e+00,1.0000,2.4080e-03
3822.002,1.2787075230e-03,2.244774e-02,1.5062867973e+00,1.0000,2.1100e-03
3822.529,1.2787448343e-03,2.245843e-02,1.5062867973e+00,1.0000,1.7925e-03
3823.056,1.2787736187e-03,2.246304e-02,1.5062867973e+00,1.0000,1.4571e-03
3823.583,1.2787937417e-03,2.246157e-02,1.5062867973e+00,1.0000,1.1049e-03
3824.111,1.2788051737e-03,2.245404e-02,1.5062867973e+00,1.0000,7.3731e-04
3824.638,1.2788083224e-03,2.244053e-02,1.5062867973e+00,1.0000,4.3712e-04
3825.165,1.2788022625e-03,2.242112e-02,1.5062867973e+00,1.0000,6.5162e-04
3825.692,1.2787900617e-03,2.239594e-02,1.5062867973e+00,1.0000,8.6916e-04
3826.219,1.2787699457e-03,2.236512e-02,1.5062867973e+00,1.0000,1.0884e-03
3826.746,1.2787440921e-03,2.232882e-02,1.5062867973e+00,1.0000,1.3073e-03
3827.273,1.2787129432e-03,2.228719e-02,1.5062867973e+00,1.0000,1.7318e-03
3827.800,1.2786775708e-03,2.224055e-02,1.5062867973e+00,1.0000,2.1728e-03
3828.327,1.2786389346e-03,2.218911e-02,1.5062867973e+00,1.0000,2.6183e-03
3828.854,1.2785979861e-03,2.213309e-02,1.5062867973e+00,1.0000,3.0670e-03
3829.382,1.2785556270e-03,2.207270e-02,1.5062867973e+00,1.0000,3.5181e-03
3829.909,1.2785126625e-03,2.200817e-02,1.5062867973e+00,1.0000,3.9708e-03
3830.436,1.2784698142e-03,2.193968e-02,1.5062867973e+00,1.0000,4.4258e-03
3830.963,1.2784277052e-03,2.186738e-02,1.5062867973e+00,1.0000,4.8869e-03
3831.490,1.2783868634e-03,2.179151e-02,1.5062867973e+00,1.0000,5.3545e-03
3832.017,1.2783477239e-03,2.171234e-02,1.5062867973e+00,1.0000,5.8273e-03
3832.544,1.2783106433e-03,2.163012e-02,1.5062867973e+00,1.0000,6.3030e-03
3833.071,1.2782759136e-03,2.154512e-02,1.5062867973e+00,1.0000,6.7791e-03
3833.598,1.2782437718e-03,2.145765e-02,1.5062867973e+00,1.0000,7.2529e-03
3834.125,1.2782144054e-03,2.136800e-02,1.5062867973e+00,1.0000,7.7212e-03
3834.653,1.2781879625e-03,2.127652e-02,1.5062867973e+00,1.0000,8.1804e-03
3835.180,1.2781645632e-03,2.118354e-02,1.5062867973e+00,1.0000,8.6268e-03
3835.707,1.2781443081e-03,2.108942e-02,1.5062867973e+00,1.0000,9.0563e-03
3836.234,1.2781272820e-03,2.099454e-02,1.5062867973e+00,1.0000,9.4645e-03
3836.761,1.2781135587e-03,2.089929e-02,1.5062867973e+00,1.0000,9.8469e-03
3837.288,1.2781032017e-03,2.080405e-02,1.5062867973e+00,1.0000,1.0199e-02
3837.815,1.2780961687e-03,2.070921e-02,1.5062867973e+00,1.0000,1.0516e-02
3838.342,1.2780924105e-03,2.061517e-02,1.5062867973e+00,1.0000,1.0794e-02
3838.869,1.2780932429e-03,2.052232e-02,1.5062867973e+00,1.0000,1.1028e-02
3839.396,1.2780968229e-03,2.043104e-02,1.5062867973e+00,1.0000,1.1215e-02
3839.924,1.2781038357e-03,2.034171e-02,1.5062867973e+00,1.0000,1.1351e-02
3840.451,1.2781150514e-03,2.025468e-02,1.5062867973e+00,1.0000,1.1433e-02
3840.978,1.2781298003e-03,2.017031e-02,1.5062867973e+00,1.0000,1.1459e-02
3841.505,1.2781482451e-03,2.008893e-02,1.5062867973e+00,1.0000,1.1428e-02
3842.032,1.2781703520e-03,2.001086e-02,1.5062867973e+00,1.0000,1.1339e-02
3842.559,1.2781961919e-03,1.993640e-02,1.5062867973e+00,1.0000,1.1193e-02
3843.086,1.2782256557e-03,1.986585e-02,1.5062867973e+00,1.0000,1.0991e-02
3843.613,1.2782585111e-03,1.979954e-02,1.5062867973e+00,1.0000,1.0732e-02
3844.140,1.2782946048e-03,1.973768e-02,1.5062867973e+00,1.0000,1.0425e-02
3844.667,1.2783339174e-03,1.968034e-02,1.5062867973e+00,1.0000,1.0084e-02
3845.195,1.2783764289e-03,1.962774e-02,1.5062867973e+00,1.0000,9.7116e-03
3845.722,1.2784220640e-03,1.958009e-02,1.5062867973e+00,1.0000,9.3112e-03
3846.249,1.2784708306e-03,1.953765e-02,1.5062867973e+00,1.0000,8.8852e-03
3846.776,1.2785229151e-03,1.950062e-02,1.5062867973e+00,1.0000,8.4355e-03
3847.303,1.2785785843e-03,1.946925e-02,1.5062867973e+00,1.0000,7.9642e-03
3847.830,1.2786380239e-03,1.944376e-02,1.5062867973e+00,1.0000,7.4729e-03
3848.357,1.2787012959e-03,1.942435e-02,1.5062867973e+00,1.0000,6.9634e-03
3848.884,1.2787683961e-03,1.941120e-02,1.5062867973e+00,1.0000,6.4369e-03
3849.411,1.2788392830e-03,1.940451e-02,1.5062867973e+00,1.0000,5.8933e-03
3849.938,1.2789138245e-03,1.940436e-02,1.5062867973e+00,1.0000,5.3333e-03
3850.466,1.2789917185e-03,1.941081e-02,1.5062867973e+00,1.0000,4.7589e-03
3850.993,1.2790724609e-03,1.942387e-02,1.5062867973e+00,1.0000,4.1732e-03
3851.520,1.2791553728e-03,1.944350e-02,1.5062867973e+00,1.0000,3.5801e-03
3852.047,1.2792396605e-03,1.946960e-02,1.5062867973e+00,1.0000,2.9842e-03
3852.574,1.2793244799e-03,1.950203e-02,1.5062867973e+00,1.0000,2.3906e-03
3853.101,1.2794089958e-03,1.954060e-02,1.5062867973e+00,1.0000,2.5997e-03
3853.628,1.2794924365e-03,1.958507e-02,1.5062867973e+00,1.0000,2.8665e-03
3854.155,1.2795741415e-03,1.963517e-02,1.5062867973e+00,1.0000,3.1160e-03
3854.682,1.2796535999e-03,1.969057e-02,1.5062867973e+00,1.0000,3.3476e-03
3855.209,1.2797304762e-03,1.975093e-02,1.5062867973e+00,1.0000,3.5629e-03
3855.737,1.2798046239e-03,1.981584e-02,1.5062867973e+00,1.0000,3.7642e-03
3856.264,1.2798760914e-03,1.988488e-02,1.5062867973e+00,1.0000,3.9467e-03
3856.791,1.2799451199e-03,1.995763e-02,1.5062867973e+00,1.0000,4.1053e-03
3857.318,1.2800121355e-03,2.003362e-02,1.5062867973e+00,1.0000,4.2404e-03
3857.845,1.2800777323e-03,2.011237e-02,1.5062867973e+00,1.0000,4.3534e-03
3858.372,1.2801426416e-03,2.019338e-02,1.5062867973e+00,1.0000,4.4450e-03
3858.899,1.2802076824e-03,2.027615e-02,1.5062867973e+00,1.0000,4.5168e-03
3859.426,1.2802736903e-03,2.036019e-02,1.5062867973e+00,1.0000,4.5702e-03
3859.953,1.2803414236e-03,2.044500e-02,1.5062867973e+00,1.0000,4.6062e-03
3860.480,1.2804114532e-03,2.053010e-02,1.5062867973e+00,1.0000,4.6257e-03
3861.008,1.2804840456e-03,2.061500e-02,1.5062867973e+00,1.0000,4.6291e-03
3861.535,1.2805590562e-03,2.069925e-02,1.5062867973e+00,1.0000,4.6169e-03
3862.062,1.2806358487e-03,2.078238e-02,1.5062867973e+00,1.0000,4.5881e-03
3862.589,1.2807132601e-03,2.086398e-02,1.5062867973e+00,1.0000,4.5421e-03
3863.116,1.2807896213e-03,2.094362e-02,1.5062867973e+00,1.0000,4.4801e-03
3863.643,1.2808628420e-03,2.102091e-02,1.5062867973e+00,1.0000,4.4034e-03
3864.170,1.2809305514e-03,2.109548e-02,1.5062867973e+00,1.0000,4.3127e-03
3864.697,1.2809902832e-03,2.116700e-02,1.5062867973e+00,1.0000,4.2088e-03
3865.224,1.2810396789e-03,2.123515e-02,1.5062867973e+00,1.0000,4.0925e-03
3865.751,1.2810766814e-03,2.129968e-02,1.5062867973e+00,1.0000,4.0933e-03
3866.279,1.2810996945e-03,2.136035e-02,1.5062867973e+00,1.0000,4.0884e-03
3866.806,1.2811077406e-03,2.141694e-02,1.5062867973e+00,1.0000,4.0505e-03
3867.333,1.2811000826e-03,2.146924e-02,1.5062867973e+00,1.0000,3.9728e-03
3867.860,1.2810775181e-03,2.151709e-02,1.5062867973e+00,1.0000,3.8542e-03
3868.387,1.2810400244e-03,2.156035e-02,1.5062867973e+00,1.0000,3.6986e-03
3868.914,1.2809891668e-03,2.159892e-02,1.5062867973e+00,1.0000,3.5097e-03
3869.441,1.2809258784e-03,2.163273e-02,1.5062867973e+00,1.0000,3.2912e-03
3869.968,1.2808515246e-03,2.166175e-02,1.5062867973e+00,1.0000,3.0462e-03
3870.495,1.2807680085e-03,2.168596e-02,1.5062867973e+00,1.0000,2.7775e-03
3871.022,1.2806773264e-03,2.170538e-02,1.5062867973e+00,1.0000,2.4847e-03
3871.550,1.2805810916e-03,2.172009e-02,1.5062867973e+00,1.0000,2.1699e-03
3872.077,1.2804806156e-03,2.173020e-02,1.5062867973e+00,1.0000,1.8359e-03
3872.604,1.2803771601e-03,2.173575e-02,1.5062867973e+00,1.0000,1.5060e-03
3873.131,1.2802718946e-03,2.173702e-02,1.5062867973e+00,1.0000,1.2414e-03
3873.658,1.2801656724e-03,2.173423e-02,1.5062867973e+00,1.0000,9.8257e-04
3874.185,1.2800589268e-03,2.172759e-02,1.5062867973e+00,1.0000,7.2847e-04
3874.712,1.2799518104e-03,2.171740e-02,1.5062867973e+00,1.0000,4.8099e-04
3875.239,1.2798444005e-03,2.170397e-02,1.5062867973e+00,1.0000,3.7467e-04
3875.766,1.2797366667e-03,2.168758e-02,1.5062867973e+00,1.0000,7.2590e-04
3876.293,1.2796280908e-03,2.166851e-02,1.5062867973e+00,1.0000,1.0737e-03
3876.821,1.2795172351e-03,2.164705e-02,1.5062867973e+00,1.0000,1.4163e-03
3877.348,1.2794017437e-03,2.162345e-02,1.5062867973e+00,1.0000,1.7522e-03
3877.875,1.2792789676e-03,2.159799e-02,1.5062867973e+00,1.0000,2.0796e-03
3878.402,1.2791468700e-03,2.157092e-02,1.5062867973e+00,1.0000,2.3971e-03
3878.929,1.2790046182e-03,2.154248e-02,1.5062867973e+00,1.0000,2.7028e-03
3879.456,1.2788525369e-03,2.151289e-02,1.5062867973e+00,1.0000,2.9973e-03
3879.983,1.2786915983e-03,2.148231e-02,1.5062867973e+00,1.0000,3.2832e-03
3880.510,1.2785228970e-03,2.145098e-02,1.5062867973e+00,1.0000,3.5594e-03
3881.037,1.2783474389e-03,2.141916e-02,1.5062867973e+00,1.0000,3.8233e-03
3881.564,1.2781662500e-03,2.138709e-02,1.5062867973e+00,1.0000,4.0709e-03
3882.092,1.2779805868e-03,2.135502e-02,1.5062867973e+00,1.0000,4.2980e-03
3882.619,1.2777920384e-03,2.132316e-02,1.5062867973e+00,1.0000,4.5007e-03
3883.146,1.2776024584e-03,2.129174e-02,1.5062867973e+00,1.0000,4.6754e-03
3883.673,1.2774137963e-03,2.126096e-02,1.5062867973e+00,1.0000,4.8190e-03
3884.200,1.2772279374e-03,2.123101e-02,1.5062867973e+00,1.0000,4.9284e-03
3884.727,1.2770466084e-03,2.120208e-02,1.5062867973e+00,1.0000,5.0014e-03
3885.254,1.2768713475e-03,2.117433e-02,1.5062867973e+00,1.0000,5.0361e-03
3885.781,1.2767034997e-03,2.114792e-02,1.5062867973e+00,1.0000,5.0312e-03
3886.308,1.2765442032e-03,2.112297e-02,1.5062867973e+00,1.0000,4.9860e-03
3886.835,1.2763943491e-03,2.109962e-02,1.5062867973e+00,1.0000,4.9006e-03
3887.363,1.2762545219e-03,2.107799e-02,1.5062867973e+00,1.0000,4.7756e-03
3887.890,1.2761249355e-03,2.105821e-02,1.5062867973e+00,1.0000,4.6109e-03
3888.417,1.2760053878e-03,2.104025e-02,1.5062867973e+00,1.0000,4.4156e-03
3888.944,1.2758952529e-03,2.102413e-02,1.5062867973e+00,1.0000,4.1961e-03
3889.471,1.2757935252e-03,2.100988e-02,1.5062867973e+00,1.0000,3.9560e-03
3889.998,1.2756989212e-03,2.099756e-02,1.5062867973e+00,1.0000,3.6985e-03
3890.525,1.2756100360e-03,2.098723e-02,1.5062867973e+00,1.0000,3.4268e-03
3891.052,1.2755255366e-03,2.097892e-02,1.5062867973e+00,1.0000,3.1441e-03
3891.579,1.2754443687e-03,2.097278e-02,1.5062867973e+00,1.0000,2.8518e-03
3892.106,1.2753659476e-03,2.096883e-02,1.5062867973e+00,1.0000,2.5509e-03
3892.634,1.2752903026e-03,2.096711e-02,1.5062867973e+00,1.0000,2.2435e-03
3893.161,1.2752181514e-03,2.096767e-02,1.5062867973e+00,1.0000,1.9320e-03
3893.688,1.2751508921e-03,2.097051e-02,1.5062867973e+00,1.0000,1.6195e-03
3894.215,1.2750905107e-03,2.097565e-02,1.5062867973e+00,1.0000,1.3095e-03
3894.742,1.2750394176e-03,2.098307e-02,1.5062867973e+00,1.0000,1.4200e-03
3895.269,1.2750002339e-03,2.099277e-02,1.5062867973e+00,1.0000,1.5450e-03
3895.796,1.2749755531e-03,2.100472e-02,1.5062867973e+00,1.0000,1.6559e-03
3896.323,1.2749676880e-03,2.101890e-02,1.5062867973e+00,1.0000,1.7528e-03
3896.850,1.2749785746e-03,2.103529e-02,1.5062867973e+00,1.0000,1.8357e-03
3897.377,1.2750093442e-03,2.105382e-02,1.5062867973e+00,1.0000,1.9079e-03
3897.905,1.2750610180e-03,2.107445e-02,1.5062867973e+00,1.0000,1.9676e-03
3898.432,1.2751332167e-03,2.109710e-02,1.5062867973e+00,1.0000,2.0124e-03
3898.959,1.2752252400e-03,2.112170e-02,1.5062867973e+00,1.0000,2.0400e-03
3899.486,1.2753360451e-03,2.114813e-02,1.5062867973e+00,1.0000,2.0512e-03
3900.013,1.2754641691e-03,2.117630e-02,1.5062867973e+00,1.0000,2.0473e-03
3900.540,1.2756076200e-03,2.120605e-02,1.5062867973e+00,1.0000,2.0297e-03
3901.067,1.2757640662e-03,2.123725e-02,1.5062867973e+00,1.0000,1.9996e-03
3901.594,1.2759311254e-03,2.126975e-02,1.5062867973e+00,1.0000,1.9581e-03
3902.121,1.2761066537e-03,2.130336e-02,1.5062867973e+00,1.0000,1.9062e-03
3902.648,1.2762889672e-03,2.133790e-02,1.5062867973e+00,1.0000,1.8449e-03
3903.176,1.2764769030e-03,2.137316e-02,1.5062867973e+00,1.0000,1.7749e-03
3903.703,1.2766696472e-03,2.140895e-02,1.5062867973e+00,1.0000,1.6968e-03
3904.230,1.2768663861e-03,2.144501e-02,1.5062867973e+00,1.0000,1.6112e-03
3904.757,1.2770659871e-03,2.148110e-02,1.5062867973e+00,1.0000,1.5181e-03
3905.284,1.2772669324e-03,2.151698e-02,1.5062867973e+00,1.0000,1.4184e-03
3905.811,1.2774675749e-03,2.155237e-02,1.5062867973e+00,1.0000,1.3127e-03
3906.338,1.2776665765e-03,2.158702e-02,1.5062867973e+00,1.0000,1.2016e-03
3906.865,1.2778632870e-03,2.162064e-02,1.5062867973e+00,1.0000,1.0858e-03
3907.392,1.2780578677e-03,2.165297e-02,1.5062867973e+00,1.0000,9.6582e-04
3907.919,1.2782510976e-03,2.168372e-02,1.5062867973e+00,1.0000,8.4228e-04
3908.447,1.2784439281e-03,2.171261e-02,1.5062867973e+00,1.0000,7.1563e-04
3908.974,1.2786369574e-03,2.173939e-02,1.5062867973e+00,1.0000,5.8462e-04
3909.501,1.2788300418e-03,2.176379e-02,1.5062867973e+00,1.0000,4.5199e-04
3910.028,1.2790222302e-03,2.178553e-02,1.5062867973e+00,1.0000,3.2027e-04
3910.555,1.2792120574e-03,2.180439e-02,1.5062867973e+00,1.0000,4.8257e-04
3911.082,1.2793980431e-03,2.182015e-02,1.5062867973e+00,1.0000,6.7361e-04
3911.609,1.2795791293e-03,2.183260e-02,1.5062867973e+00,1.0000,8.7517e-04
3912.136,1.2797548348e-03,2.184157e-02,1.5062867973e+00,1.0000,1.0853e-03
3912.663,1.2799250855e-03,2.184686e-02,1.5062867973e+00,1.0000,1.3023e-03
3913.190,1.2800898572e-03,2.184837e-02,1.5062867973e+00,1.0000,1.5243e-03
3913.718,1.2802488463e-03,2.184602e-02,1.5062867973e+00,1.0000,1.7495e-03
3914.245,1.2804013157e-03,2.183972e-02,1.5062867973e+00,1.0000,1.9764e-03
3914.772,1.2805461295e-03,2.182941e-02,1.5062867973e+00,1.0000,2.2039e-03
3915.299,1.2806818850e-03,2.181510e-02,1.5062867973e+00,1.0000,2.4310e-03
3915.826,1.2808070308e-03,2.179678e-02,1.5062867973e+00,1.0000,2.6571e-03
3916.353,1.2809199305e-03,2.177450e-02,1.5062867973e+00,1.0000,2.8816e-03
3916.880,1.2810189104e-03,2.174834e-02,1.5062867973e+00,1.0000,3.1043e-03
3917.407,1.2811023639e-03,2.171840e-02,1.5062867973e+00,1.0000,3.3250e-03
3917.934,1.2811689451e-03,2.168479e-02,1.5062867973e+00,1.0000,3.5437e-03
3918.461,1.2812178140e-03,2.164767e-02,1.5062867973e+00,1.0000,3.7605e-03
3918.989,1.2812488451e-03,2.160719e-02,1.5062867973e+00,1.0000,3.9755e-03
3919.516,1.2812627198e-03,2.156353e-02,1.5062867973e+00,1.0000,4.1890e-03
3920.043,1.2812607642e-03,2.151687e-02,1.5062867973e+00,1.0000,4.4011e-03
3920.570,1.2812453324e-03,2.146743e-02,1.5062867973e+00,1.0000,4.6120e-03
3921.097,1.2812184591e-03,2.141540e-02,1.5062867973e+00,1.0000,4.8217e-03
3921.624,1.2811826978e-03,2.136099e-02,1.5062867973e+00,1.0000,5.0301e-03
3922.151,1.2811404091e-03,2.130443e-02,1.5062867973e+00,1.0000,5.2373e-03
3922.678,1.2810935590e-03,2.124593e-02,1.5062867973e+00,1.0000,5.4426e-03
3923.205,1.2810436106e-03,2.118572e-02,1.5062867973e+00,1.0000,5.6458e-03
3923.732,1.2809913848e-03,2.112403e-02,1.5062867973e+00,1.0000,5.8459e-03
3924.260,1.2809371085e-03,2.106108e-02,1.5062867973e+00,1.0000,6.0422e-03
3924.787,1.2808804416e-03,2.099710e-02,1.5062867973e+00,1.0000,6.2334e-03
3925.314,1.2808205637e-03,2.093232e-02,1.5062867973e+00,1.0000,6.4181e-03
3925.841,1.2807562715e-03,2.086697e-02,1.5062867973e+00,1.0000,6.5949e-03
3926.368,1.2806861739e-03,2.080130e-02,1.5062867973e+00,1.0000,6.7620e-03
3926.895,1.2806089962e-03,2.073552e-02,1.5062867973e+00,1.0000,6.9175e-03
3927.422,1.2805239053e-03,2.066989e-02,1.5062867973e+00,1.0000,7.0595e-03
3927.949,1.2804307355e-03,2.060464e-02,1.5062867973e+00,1.0000,7.1869e-03
3928.476,1.2803300325e-03,2.053998e-02,1.5062867973e+00,1.0000,7.2983e-03
3929.003,1.2802229100e-03,2.047618e-02,1.5062867973e+00,1.0000,7.3911e-03
3929.531,1.2801108075e-03,2.041350e-02,1.5062867973e+00,1.0000,7.4624e-03
3930.058,1.2799952889e-03,2.035219e-02,1.5062867973e+00,1.0000,7.5089e-03
3930.585,1.2798779562e-03,2.029249e-02,1.5062867973e+00,1.0000,7.5288e-03
3931.112,1.2797604355e-03,2.023461e-02,1.5062867973e+00,1.0000,7.5222e-03
3931.639,1.2796443358e-03,2.017880e-02,1.5062867973e+00,1.0000,7.4883e-03
3932.166,1.2795311215e-03,2.012528e-02,1.5062867973e+00,1.0000,7.4268e-03
3932.693,1.2794219284e-03,2.007425e-02,1.5062867973e+00,1.0000,7.3374e-03
3933.220,1.2793174073e-03,2.002596e-02,1.5062867973e+00,1.0000,7.2201e-03
3933.747,1.2792176733e-03,1.998059e-02,1.5062867973e+00,1.0000,7.0755e-03
3934.274,1.2791223845e-03,1.993837e-02,1.5062867973e+00,1.0000,6.9039e-03
3934.802,1.2790309219e-03,1.989948e-02,1.5062867973e+00,1.0000,6.7063e-03
3935.329,1.2789426042e-03,1.986414e-02,1.5062867973e+00,1.0000,6.4836e-03
3935.856,1.2788568783e-03,1.983253e-02,1.5062867973e+00,1.0000,6.2370e-03
3936.383,1.2787734480e-03,1.980484e-02,1.5062867973e+00,1.0000,5.9677e-03
3936.910,1.2786923333e-03,1.978125e-02,1.5062867973e+00,1.0000,5.6768e-03
3937.437,1.2786138695e-03,1.976193e-02,1.5062867973e+00,1.0000,5.3656e-03
3937.964,1.2785386602e-03,1.974706e-02,1.5062867973e+00,1.0000,5.0355e-03
3938.491,1.2784674981e-03,1.973680e-02,1.5062867973e+00,1.0000,4.6877e-03
3939.018,1.2784012703e-03,1.973131e-02,1.5062867973e+00,1.0000,4.3235e-03
3939.545,1.2783408630e-03,1.973074e-02,1.5062867973e+00,1.0000,3.9442e-03
3940.073,1.2782870799e-03,1.973524e-02,1.5062867973e+00,1.0000,3.5512e-03
3940.600,1.2782405849e-03,1.974490e-02,1.5062867973e+00,1.0000,3.1460e-03
3941.127,1.2782018703e-03,1.975988e-02,1.5062867973e+00,1.0000,2.7302e-03
3941.654,1.2781712513e-03,1.978027e-02,1.5062867973e+00,1.0000,2.3049e-03
3942.181,1.2781488772e-03,1.980614e-02,1.5062867973e+00,1.0000,2.2771e-03
3942.708,1.2781347533e-03,1.983755e-02,1.5062867973e+00,1.0000,2.5338e-03
3943.235,1.2781284013e-03,1.987449e-02,1.5062867973e+00,1.0000,2.7854e-03
3943.762,1.2781310729e-03,1.991693e-02,1.5062867973e+00,1.0000,3.0299e-03
3944.289,1.2781402160e-03,1.996480e-02,1.5062867973e+00,1.0000,3.2653e-03
3944.816,1.2781571969e-03,2.001798e-02,1.5062867973e+00,1.0000,3.4930e-03
3945.344,1.2781810398e-03,2.007630e-02,1.5062867973e+00,1.0000,3.7133e-03
3945.871,1.2782113294e-03,2.013960e-02,1.5062867973e+00,1.0000,3.9206e-03
3946.398,1.2782476387e-03,2.020764e-02,1.5062867973e+00,1.0000,4.1086e-03
3946.925,1.2782893978e-03,2.028018e-02,1.5062867973e+00,1.0000,4.2769e-03
3947.452,1.2783360640e-03,2.035693e-02,1.5062867973e+00,1.0000,4.4267e-03
3947.979,1.2783869972e-03,2.043759e-02,1.5062867973e+00,1.0000,4.5592e-03
3948.506,1.2784415156e-03,2.052181e-02,1.5062867973e+00,1.0000,4.6751e-03
3949.033,1.2784988736e-03,2.060925e-02,1.5062867973e+00,1.0000,4.7745e-03
3949.560,1.2785582722e-03,2.069954e-02,1.5062867973e+00,1.0000,4.8587e-03
3950.087,1.2786188583e-03,2.079229e-02,1.5062867973e+00,1.0000,4.9287e-03
3950.615,1.2786797329e-03,2.088714e-02,1.5062867973e+00,1.0000,4.9850e-03
3951.142,1.2787399803e-03,2.098369e-02,1.5062867973e+00,1.0000,5.0253e-03
3951.669,1.2787986835e-03,2.108154e-02,1.5062867973e+00,1.0000,5.0504e-03
3952.196,1.2788549191e-03,2.118030e-02,1.5062867973e+00,1.0000,5.0616e-03
3952.723,1.2789078297e-03,2.127956e-02,1.5062867973e+00,1.0000,5.0599e-03
3953.250,1.2789566816e-03,2.137889e-02,1.5062867973e+00,1.0000,5.0460e-03
3953.777,1.2790007643e-03,2.147793e-02,1.5062867973e+00,1.0000,5.2303e-03
3954.304,1.2790393635e-03,2.157631e-02,1.5062867973e+00,1.0000,5.4266e-03
3954.831,1.2790719742e-03,2.167358e-02,1.5062867973e+00,1.0000,5.5799e-03
3955.358,1.2790983920e-03,2.176930e-02,1.5062867973e+00,1.0000,5.6905e-03
3955.886,1.2791184332e-03,2.186302e-02,1.5062867973e+00,1.0000,5.7609e-03
3956.413,1.2791316829e-03,2.195430e-02,1.5062867973e+00,1.0000,5.7934e-03
3956.940,1.2791377322e-03,2.204271e-02,1.5062867973e+00,1.0000,5.7898e-03
3957.467,1.2791361141e-03,2.212781e-02,1.5062867973e+00,1.0000,5.7516e-03
3957.994,1.2791277198e-03,2.220919e-02,1.5062867973e+00,1.0000,5.6801e-03
3958.521,1.2791122631e-03,2.228645e-02,1.5062867973e+00,1.0000,5.5763e-03
3959.048,1.2790894308e-03,2.235923e-02,1.5062867973e+00,1.0000,5.4414e-03
3959.575,1.2790594103e-03,2.242720e-02,1.5062867973e+00,1.0000,5.2761e-03
3960.102,1.2790217794e-03,2.249005e-02,1.5062867973e+00,1.0000,5.0816e-03
3960.629,1.2789768004e-03,2.254753e-02,1.5062867973e+00,1.0000,4.8588e-03
3961.157,1.2789245288e-03,2.259940e-02,1.5062867973e+00,1.0000,4.6088e-03
3961.684,1.2788652271e-03,2.264549e-02,1.5062867973e+00,1.0000,4.3329e-03
3962.211,1.2787992805e-03,2.268564e-02,1.5062867973e+00,1.0000,4.0323e-03
3962.738,1.2787270461e-03,2.271975e-02,1.5062867973e+00,1.0000,3.7085e-03
3963.265,1.2786487510e-03,2.274774e-02,1.5062867973e+00,1.0000,3.3628e-03
3963.792,1.2785647521e-03,2.276958e-02,1.5062867973e+00,1.0000,2.9969e-03
3964.319,1.2784757750e-03,2.278525e-02,1.5062867973e+00,1.0000,2.6123e-03
3964.846,1.2783828057e-03,2.279480e-02,1.5062867973e+00,1.0000,2.2108e-03
3965.373,1.2782868112e-03,2.279826e-02,1.5062867973e+00,1.0000,1.7936e-03
3965.900,1.2781886074e-03,2.279571e-02,1.5062867973e+00,1.0000,1.3621e-03
3966.428,1.2780889261e-03,2.278730e-02,1.5062867973e+00,1.0000,9.1725e-04
3966.955,1.2779885109e-03,2.277311e-02,1.5062867973e+00,1.0000,4.6056e-04
3967.482,1.2778881235e-03,2.275337e-02,1.5062867973e+00,1.0000,5.3019e-04
3968.009,1.2777884847e-03,2.272830e-02,1.5062867973e+00,1.0000,7.9085e-04
3968.536,1.2776902204e-03,2.269807e-02,1.5062867973e+00,1.0000,1.0464e-03
3969.063,1.2775938412e-03,2.266289e-02,1.5062867973e+00,1.0000,1.4100e-03
3969.590,1.2774997445e-03,2.262294e-02,1.5062867973e+00,1.0000,1.8914e-03
3970.117,1.2774082212e-03,2.257840e-02,1.5062867973e+00,1.0000,2.3728e-03
3970.644,1.2773194660e-03,2.252951e-02,1.5062867973e+00,1.0000,2.8535e-03
3971.171,1.2772335912e-03,2.247653e-02,1.5062867973e+00,1.0000,3.3318e-03
3971.699,1.2771506497e-03,2.241970e-02,1.5062867973e+00,1.0000,3.8059e-03
3972.226,1.2770706619e-03,2.235929e-02,1.5062867973e+00,1.0000,4.2740e-03
3972.753,1.2769936453e-03,2.229556e-02,1.5062867973e+00,1.0000,4.7342e-03
3973.280,1.2769196412e-03,2.222880e-02,1.5062867973e+00,1.0000,5.1845e-03
3973.807,1.2768487344e-03,2.215930e-02,1.5062867973e+00,1.0000,5.6225e-03
3974.334,1.2767810645e-03,2.208736e-02,1.5062867973e+00,1.0000,6.0459e-03
3974.861,1.2767168267e-03,2.201330e-02,1.5062867973e+00,1.0000,6.4522e-03
3975.388,1.2766562644e-03,2.193742e-02,1.5062867973e+00,1.0000,6.8388e-03
3975.915,1.2765996537e-03,2.186005e-02,1.5062867973e+00,1.0000,7.2027e-03
3976.442,1.2765472867e-03,2.178153e-02,1.5062867973e+00,1.0000,7.5412e-03
3976.970,1.2764994554e-03,2.170217e-02,1.5062867973e+00,1.0000,7.8511e-03
3977.497,1.2764564394e-03,2.162232e-02,1.5062867973e+00,1.0000,8.1296e-03
3978.024,1.2764185012e-03,2.154231e-02,1.5062867973e+00,1.0000,8.3737e-03
3978.551,1.2763858865e-03,2.146248e-02,1.5062867973e+00,1.0000,8.5807e-03
3979.078,1.2763588291e-03,2.138317e-02,1.5062867973e+00,1.0000,8.7478e-03
3979.605,1.2763375567e-03,2.130471e-02,1.5062867973e+00,1.0000,8.8728e-03
3980.132,1.2763222921e-03,2.122743e-02,1.5062867973e+00,1.0000,8.9537e-03
3980.659,1.2763132459e-03,2.115165e-02,1.5062867973e+00,1.0000,8.9891e-03
3981.186,1.2763105403e-03,2.107769e-02,1.5062867973e+00,1.0000,8.9780e-03
3981.713,1.2763150381e-03,2.100588e-02,1.5062867973e+00,1.0000,8.9199e-03
3982.241,1.2763254315e-03,2.093651e-02,1.5062867973e+00,1.0000,8.8151e-03
3982.768,1.2763435223e-03,2.086988e-02,1.5062867973e+00,1.0000,8.6643e-03
3983.295,1.2763684327e-03,2.080628e-02,1.5062867973e+00,1.0000,8.4690e-03
3983.822,1.2764004884e-03,2.074599e-02,1.5062867973e+00,1.0000,8.2314e-03
3984.349,1.2764396308e-03,2.068931e-02,1.5062867973e+00,1.0000,7.9533e-03
3984.876,1.2764860320e-03,2.063647e-02,1.5062867973e+00,1.0000,7.6421e-03
3985.403,1.2765399580e-03,2.058757e-02,1.5062867973e+00,1.0000,7.3102e-03
3985.930,1.2766016960e-03,2.054281e-02,1.5062867973e+00,1.0000,6.9609e-03
3986.457,1.2766714157e-03,2.050242e-02,1.5062867973e+00,1.0000,6.5971e-03
3986.984,1.2767490912e-03,2.046660e-02,1.5062867973e+00,1.0000,6.2215e-03
3987.512,1.2768345724e-03,2.043557e-02,1.5062867973e+00,1.0000,5.8362e-03
3988.039,1.2769277526e-03,2.040950e-02,1.5062867973e+00,1.0000,5.4417e-03
3988.566,1.2770287312e-03,2.038867e-02,1.5062867973e+00,1.0000,5.0384e-03
3989.093,1.2771377954e-03,2.037310e-02,1.5062867973e+00,1.0000,4.6273e-03
3989.620,1.2772551427e-03,2.036290e-02,1.5062867973e+00,1.0000,4.2103e-03
3990.147,1.2773804986e-03,2.035812e-02,1.5062867973e+00,1.0000,3.7901e-03
3990.674,1.2775129586e-03,2.035875e-02,1.5062867973e+00,1.0000,3.3696e-03
3991.201,1.2776512344e-03,2.036475e-02,1.5062867973e+00,1.0000,2.9523e-03
3991.728,1.2777941091e-03,2.037603e-02,1.5062867973e+00,1.0000,2.5417e-03
3992.255,1.2779406978e-03,2.039246e-02,1.5062867973e+00,1.0000,2.1411e-03
3992.783,1.2780903168e-03,2.041385e-02,1.5062867973e+00,1.0000,1.7542e-03
3993.310,1.2782421524e-03,2.044001e-02,1.5062867973e+00,1.0000,1.5857e-03
3993.837,1.2783950864e-03,2.047069e-02,1.5062867973e+00,1.0000,1.7425e-03
3994.364,1.2785478391e-03,2.050560e-02,1.5062867973e+00,1.0000,1.8843e-03
3994.891,1.2786992878e-03,2.054443e-02,1.5062867973e+00,1.0000,2.0110e-03
3995.418,1.2788487071e-03,2.058685e-02,1.5062867973e+00,1.0000,2.1227e-03
3995.945,1.2789958068e-03,2.063248e-02,1.5062867973e+00,1.0000,2.2202e-03
3996.472,1.2791406296e-03,2.068091e-02,1.5062867973e+00,1.0000,2.3062e-03
3996.999,1.2792834431e-03,2.073172e-02,1.5062867973e+00,1.0000,2.3780e-03
3997.526,1.2794247003e-03,2.078448e-02,1.5062867973e+00,1.0000,2.4336e-03
3998.054,1.2795650502e-03,2.083874e-02,1.5062867973e+00,1.0000,2.4711e-03
3998.581,1.2797053366e-03,2.089405e-02,1.5062867973e+00,1.0000,2.4905e-03
3999.108,1.2798465419e-03,2.094995e-02,1.5062867973e+00,1.0000,2.4932e-03
3999.635,1.2799896685e-03,2.100598e-02,1.5062867973e+00,1.0000,2.4803e-03
