t,rhoc,errD,Mb,fd_fraction,vatm
0.000,1.2799999930e-03,3.852844e-07,1.5065932559e+00,0.0690,0.0000e+00
0.597,1.2794937846e-03,7.894441e-04,1.5065932559e+00,0.0690,4.2944e-02
1.193,1.2789836748e-03,1.390705e-03,1.5065932559e+00,0.0690,5.7101e-02
1.790,1.2784842762e-03,1.837042e-03,1.5065932559e+00,0.0690,6.9130e-02
2.386,1.2780085693e-03,2.211409e-03,1.5065932559e+00,0.0690,8.5226e-02
2.983,1.2775643896e-03,2.598194e-03,1.5065932559e+00,0.0690,9.8327e-02
3.579,1.2771535542e-03,3.035914e-03,1.5065932559e+00,0.0690,9.3453e-02
4.176,1.2767740942e-03,3.524846e-03,1.5065932559e+00,0.0690,9.7464e-02
4.772,1.2764246644e-03,4.045992e-03,1.5065932559e+00,0.0690,1.0175e-01
5.369,1.2761071612e-03,4.624838e-03,1.5065932559e+00,0.0690,1.0560e-01
5.965,1.2758260369e-03,5.223874e-03,1.5065932559e+00,0.0690,1.0905e-01
6.562,1.2755860055e-03,5.831196e-03,1.5065932559e+00,0.0690,1.1212e-01
7.159,1.2753902745e-03,6.428849e-03,1.5065932559e+00,0.0690,1.1485e-01
7.755,1.2752400180e-03,7.001159e-03,1.5065932559e+00,0.1379,1.1732e-01
8.352,1.2751346617e-03,7.547584e-03,1.5065932559e+00,0.1379,1.1951e-01
8.948,1.2750724334e-03,8.073274e-03,1.5065932559e+00,0.1379,1.2143e-01
9.545,1.2750509462e-03,8.558272e-03,1.5065932559e+00,0.1379,1.2315e-01
10.141,1.2750677453e-03,8.992348e-03,1.5065932559e+00,0.1379,1.2482e-01
10.738,1.2751206683e-03,9.365524e-03,1.5065932559e+00,0.1379,1.2651e-01
11.334,1.2752078489e-03,9.651429e-03,1.5065932559e+00,0.1379,1.2822e-01
11.931,1.2753274114e-03,9.837436e-03,1.5065932559e+00,0.1379,1.2997e-01
12.527,1.2754770800e-03,9.908989e-03,1.5065932559e+00,0.1379,1.3177e-01
13.124,1.2756538949e-03,9.882751e-03,1.5065932559e+00,0.1379,1.3363e-01
13.721,1.2758541108e-03,9.783944e-03,1.5065932559e+00,0.1379,1.3552e-01
14.317,1.2760732636e-03,9.624243e-03,1.5065932559e+00,0.1379,1.3746e-01
14.914,1.2763065760e-03,9.399440e-03,1.5065932559e+00,0.1379,1.3941e-01
15.510,1.2765499067e-03,9.112140e-03,1.5065932559e+00,0.1379,1.4137e-01
16.107,1.2768008858e-03,8.781219e-03,1.5065932559e+00,0.1379,1.4340e-01
16.703,1.2770592882e-03,8.489975e-03,1.5065932559e+00,0.1379,1.4550e-01
17.300,1.2773258566e-03,8.331330e-03,1.5065932559e+00,0.1379,1.4770e-01
17.896,1.2775998748e-03,8.371035e-03,1.5065932559e+00,0.1379,1.5001e-01
18.493,1.2778769598e-03,8.612849e-03,1.5065932559e+00,0.1379,1.5245e-01
19.089,1.2781488657e-03,8.987127e-03,1.5065932559e+00,0.1379,1.5504e-01
19.686,1.2784059919e-03,9.383664e-03,1.5065932559e+00,0.1379,1.5779e-01
20.282,1.2786416194e-03,9.714990e-03,1.5065932559e+00,0.1379,1.6070e-01
20.879,1.2788557761e-03,9.917365e-03,1.5065932559e+00,0.1379,1.6372e-01
21.476,1.2790563542e-03,9.962517e-03,1.5065932559e+00,0.1379,1.6682e-01
22.072,1.2792559614e-03,9.875827e-03,1.5065932559e+00,0.1379,1.6988e-01
22.669,1.2794654111e-03,9.710969e-03,1.5065932559e+00,0.1379,1.7279e-01
23.265,1.2796870534e-03,9.543896e-03,1.5065932559e+00,0.1379,1.7546e-01
23.862,1.2799114909e-03,9.459011e-03,1.5065932559e+00,0.1379,1.7793e-01
24.458,1.2801196642e-03,9.474345e-03,1.5065932559e+00,0.1379,1.7559e-01
25.055,1.2802898647e-03,9.578232e-03,1.5065932559e+00,0.1379,1.6294e-01
25.651,1.2804070794e-03,9.753567e-03,1.5065932559e+00,0.1379,1.4669e-01
26.248,1.2804708285e-03,9.982586e-03,1.5065932559e+00,0.1379,1.5310e-01
26.844,1.2804979832e-03,1.023949e-02,1.5065932559e+00,0.1379,1.5858e-01
27.441,1.2805189873e-03,1.049888e-02,1.5065932559e+00,0.1379,1.6303e-01
28.038,1.2805683857e-03,1.074000e-02,1.5065932559e+00,0.1379,1.6635e-01
28.634,1.2806729239e-03,1.095221e-02,1.5065932559e+00,0.1379,1.6837e-01
29.231,1.2808410906e-03,1.112849e-02,1.5065932559e+00,0.1379,1.6932e-01
29.827,1.2810575980e-03,1.126787e-02,1.5065932559e+00,0.1379,1.4481e-01
30.424,1.2812851016e-03,1.137646e-02,1.5065932559e+00,0.1379,1.2182e-01
31.020,1.2814733491e-03,1.146490e-02,1.5065932559e+00,0.1379,1.2845e-01
31.617,1.2815738866e-03,1.155000e-02,1.5065932559e+00,0.1379,1.3440e-01
32.213,1.2815552819e-03,1.164803e-02,1.5065932559e+00,0.1379,1.3958e-01
32.810,1.2814134143e-03,1.176817e-02,1.5065932559e+00,0.1379,1.4393e-01
33.406,1.2811733130e-03,1.191090e-02,1.5065932559e+00,0.1379,1.4739e-01
34.003,1.2808824026e-03,1.207089e-02,1.5065932559e+00,0.0690,1.4995e-01
34.600,1.2805980200e-03,1.223891e-02,1.5065932559e+00,0.0690,1.5167e-01
35.196,1.2803749507e-03,1.240263e-02,1.5065932559e+00,0.0690,1.5266e-01
35.793,1.2802572675e-03,1.254768e-02,1.5065932559e+00,0.0690,1.5283e-01
36.389,1.2802733712e-03,1.265718e-02,1.5065932559e+00,0.0690,1.5232e-01
36.986,1.2804333142e-03,1.271866e-02,1.5065932559e+00,0.0690,1.5234e-01
37.582,1.2807289911e-03,1.272605e-02,1.5065932559e+00,0.0690,1.5134e-01
38.179,1.2811377987e-03,1.267869e-02,1.5065932559e+00,0.0690,1.4960e-01
38.775,1.2816298860e-03,1.258123e-02,1.5065932559e+00,0.0690,1.4731e-01
39.372,1.2821766986e-03,1.244326e-02,1.5065932559e+00,0.0690,1.4458e-01
39.968,1.2827575450e-03,1.227660e-02,1.5065932559e+00,0.0690,1.4148e-01
40.565,1.2833599723e-03,1.209522e-02,1.5065932559e+00,0.0690,6.0633e-02
41.162,1.2839721860e-03,1.191575e-02,1.5065932559e+00,0.0690,6.4601e-02
41.758,1.2845693755e-03,1.175481e-02,1.5065932559e+00,0.0690,6.9223e-02
42.355,1.2850996168e-03,1.162275e-02,1.5065932559e+00,0.0690,7.4459e-02
42.951,1.2854781040e-03,1.152348e-02,1.5065932559e+00,0.0690,8.0297e-02
43.548,1.2855976410e-03,1.145495e-02,1.5065932559e+00,0.0690,8.6750e-02
44.144,1.2853572518e-03,1.140897e-02,1.5065932559e+00,0.0690,9.3924e-02
44.741,1.2846976712e-03,1.137301e-02,1.5065932559e+00,0.0690,1.0171e-01
45.337,1.2836245128e-03,1.133278e-02,1.5065932559e+00,0.0690,1.0951e-01
45.934,1.2822058283e-03,1.127456e-02,1.5065932559e+00,0.0690,1.1729e-01
46.530,1.2805433662e-03,1.118800e-02,1.5065932559e+00,0.0690,1.2507e-01
47.127,1.2787321656e-03,1.106716e-02,1.5065932559e+00,0.0690,1.3282e-01
47.724,1.2768309256e-03,1.091134e-02,1.5065932559e+00,0.0690,1.4057e-01
48.320,1.2748539427e-03,1.072517e-02,1.5065932559e+00,0.0690,1.4830e-01
48.917,1.2727827771e-03,1.051724e-02,1.5065932559e+00,0.0690,1.5601e-01
49.513,1.2705900139e-03,1.029872e-02,1.5065932559e+00,0.0690,1.6371e-01
50.110,1.2682671548e-03,1.008146e-02,1.5065932559e+00,0.0690,1.7139e-01
50.706,1.2658496487e-03,9.875973e-03,1.5065932559e+00,0.0690,1.7905e-01
51.303,1.2634329469e-03,9.690029e-03,1.5065932559e+00,0.0690,1.4764e-01
51.899,1.2611759175e-03,9.528360e-03,1.5065932559e+00,0.0690,1.5563e-01
52.496,1.2592946083e-03,9.392431e-03,1.5065932559e+00,0.0690,1.6361e-01
53.092,1.2580594212e-03,9.281576e-03,1.5065932559e+00,0.0690,1.7156e-01
53.689,1.2577753555e-03,9.194607e-03,1.5065932559e+00,0.0690,1.7950e-01
54.285,1.2587538690e-03,9.127479e-03,1.5065932559e+00,0.0690,1.8742e-01
54.882,1.2612867212e-03,9.083719e-03,1.5065932559e+00,0.0690,1.9531e-01
55.479,1.2656059591e-03,9.067702e-03,1.5065932559e+00,0.0690,2.0318e-01
56.075,1.2718196337e-03,9.079198e-03,1.5065932559e+00,0.0690,2.1103e-01
56.672,1.2798339847e-03,9.120388e-03,1.5065932559e+00,0.0690,2.1886e-01
57.268,1.2892846838e-03,9.190623e-03,1.5065932559e+00,0.0690,2.2666e-01
57.865,1.2995106068e-03,9.286397e-03,1.5065932559e+00,0.0690,2.3443e-01
58.461,1.3096025492e-03,9.404181e-03,1.5065932559e+00,0.0690,2.4218e-01
59.058,1.3185339914e-03,9.537334e-03,1.5065932559e+00,0.0690,2.4990e-01
59.654,1.3253579454e-03,9.680901e-03,1.5065932559e+00,0.0690,2.5760e-01
60.251,1.3293985767e-03,9.832732e-03,1.5065932559e+00,0.0690,2.3616e-01
60.847,1.3303651887e-03,9.989834e-03,1.5065932559e+00,0.0690,2.2041e-01
61.444,1.3283563951e-03,1.014911e-02,1.5065932559e+00,0.0690,2.0612e-01
62.041,1.3237710605e-03,1.030854e-02,1.5065932559e+00,0.0690,1.9319e-01
62.637,1.3171775148e-03,1.046739e-02,1.5065932559e+00,0.0690,1.8153e-01
63.234,1.3092008515e-03,1.062593e-02,1.5065932559e+00,0.0690,1.7106e-01
63.830,1.3004513912e-03,1.078505e-02,1.5065932559e+00,0.0690,1.6168e-01
64.427,1.2914902379e-03,1.094571e-02,1.5065932559e+00,0.0690,1.5332e-01
65.023,1.2828082136e-03,1.110843e-02,1.5065932559e+00,0.0690,1.4590e-01
65.620,1.2748042940e-03,1.127294e-02,1.5065932559e+00,0.0690,1.3933e-01
66.216,1.2677662520e-03,1.143804e-02,1.5065932559e+00,0.0690,1.3355e-01
66.813,1.2618641642e-03,1.160571e-02,1.5065932559e+00,0.0690,3.0543e-02
67.409,1.2571638290e-03,1.176742e-02,1.5065932559e+00,0.0690,2.8761e-02
68.006,1.2536568479e-03,1.192057e-02,1.5065932559e+00,0.0690,2.6442e-02
68.603,1.2512953477e-03,1.206489e-02,1.5065932559e+00,0.0690,2.3984e-02
69.199,1.2500179904e-03,1.220078e-02,1.5065932559e+00,0.0690,2.1308e-02
69.796,1.2497591286e-03,1.233014e-02,1.5065932559e+00,0.0690,1.8628e-02
70.392,1.2504425657e-03,1.245604e-02,1.5065932559e+00,0.0690,1.6070e-02
70.989,1.2519705258e-03,1.258204e-02,1.5065932559e+00,0.0690,1.3642e-02
71.585,1.2542151796e-03,1.271018e-02,1.5065932559e+00,0.0690,1.1205e-02
72.182,1.2570206867e-03,1.284040e-02,1.5065932559e+00,0.0690,8.7373e-03
72.778,1.2602165432e-03,1.297046e-02,1.5065932559e+00,0.0690,6.2370e-03
73.375,1.2636331178e-03,1.309563e-02,1.5065932559e+00,0.0690,4.4728e-03
73.971,1.2671145844e-03,1.321110e-02,1.5065932559e+00,0.0690,3.4909e-03
74.568,1.2705288780e-03,1.331044e-02,1.5065932559e+00,0.0690,2.5771e-03
75.165,1.2737716653e-03,1.338691e-02,1.5065932559e+00,0.0690,3.5735e-03
75.761,1.2767628349e-03,1.343786e-02,1.5065932559e+00,0.0690,5.8470e-03
76.358,1.2794400402e-03,1.346435e-02,1.5065932559e+00,0.0690,8.0539e-03
76.954,1.2817562414e-03,1.347054e-02,1.5065932559e+00,0.0690,1.0179e-02
77.551,1.2836839122e-03,1.346084e-02,1.5065932559e+00,0.0690,1.2208e-02
78.147,1.2852217929e-03,1.344012e-02,1.5065932559e+00,0.0690,1.4140e-02
78.744,1.2863968537e-03,1.341240e-02,1.5065932559e+00,0.0690,1.5978e-02
79.340,1.2872570834e-03,1.338103e-02,1.5065932559e+00,0.0690,1.7737e-02
79.937,1.2878572750e-03,1.334860e-02,1.5065932559e+00,0.0690,1.9436e-02
80.533,1.2882449558e-03,1.331774e-02,1.5065932559e+00,0.0690,2.1107e-02
81.130,1.2884533756e-03,1.329112e-02,1.5065932559e+00,0.0690,2.2793e-02
81.726,1.2885035622e-03,1.327093e-02,1.5065932559e+00,0.0690,2.4632e-02
82.323,1.2884116695e-03,1.325768e-02,1.5065932559e+00,0.0690,2.6900e-02
82.920,1.2881953664e-03,1.324935e-02,1.5065932559e+00,0.0690,2.9733e-02
83.516,1.2878751731e-03,1.323964e-02,1.5065932559e+00,0.0690,3.3069e-02
84.113,1.2874709609e-03,1.322269e-02,1.5065932559e+00,0.0690,3.6437e-02
84.709,1.2869972452e-03,1.319721e-02,1.5065932559e+00,0.0690,3.9851e-02
85.306,1.2864615917e-03,1.316469e-02,1.5065932559e+00,0.0690,4.3427e-02
85.902,1.2858680236e-03,1.313142e-02,1.5065932559e+00,0.0690,4.7132e-02
86.499,1.2852234789e-03,1.310751e-02,1.5065932559e+00,0.0690,5.0916e-02
87.095,1.2845430771e-03,1.310452e-02,1.5065932559e+00,0.0690,5.4736e-02
87.692,1.2838508896e-03,1.313235e-02,1.5065932559e+00,0.0690,5.8550e-02
88.288,1.2831760509e-03,1.319615e-02,1.5065932559e+00,0.0690,6.2323e-02
88.885,1.2825468006e-03,1.329568e-02,1.5065932559e+00,0.0690,6.6020e-02
89.482,1.2819855514e-03,1.342377e-02,1.5065932559e+00,0.0690,6.9611e-02
90.078,1.2815065212e-03,1.357027e-02,1.5065932559e+00,0.0690,7.3075e-02
90.675,1.2811154935e-03,1.371975e-02,1.5065932559e+00,0.0690,7.6400e-02
91.271,1.2808104170e-03,1.385360e-02,1.5065932559e+00,0.0690,7.9580e-02
91.868,1.2805820743e-03,1.395142e-02,1.5065932559e+00,0.0690,8.2618e-02
92.464,1.2804150028e-03,1.399282e-02,1.5065932559e+00,0.0690,8.5519e-02
93.061,1.2802891745e-03,1.395951e-02,1.5065932559e+00,0.0690,8.8292e-02
93.657,1.2801824029e-03,1.383879e-02,1.5065932559e+00,0.0690,9.0951e-02
94.254,1.2800727329e-03,1.362798e-02,1.5065932559e+00,0.0690,9.3512e-02
94.850,1.2799399763e-03,1.332918e-02,1.5065932559e+00,0.0690,9.5996e-02
95.447,1.2797662419e-03,1.294773e-02,1.5065932559e+00,0.0690,9.8426e-02
96.044,1.2795361596e-03,1.250156e-02,1.5065932559e+00,0.0690,1.0082e-01
96.640,1.2792377342e-03,1.202129e-02,1.5065932559e+00,0.0690,1.0321e-01
97.237,1.2788641275e-03,1.154672e-02,1.5065932559e+00,0.0690,1.0562e-01
97.833,1.2784156589e-03,1.111628e-02,1.5065932559e+00,0.0690,1.0806e-01
98.430,1.2779007492e-03,1.077293e-02,1.5065932559e+00,0.0690,1.1066e-01
99.026,1.2773348820e-03,1.056573e-02,1.5065932559e+00,0.0690,1.1354e-01
99.623,1.2767376434e-03,1.049701e-02,1.5065932559e+00,0.0690,1.1676e-01
100.219,1.2761289245e-03,1.058625e-02,1.5065932559e+00,0.0690,1.2037e-01
100.816,1.2755258257e-03,1.085455e-02,1.5065932559e+00,0.0690,1.2439e-01
101.412,1.2749413521e-03,1.129302e-02,1.5065932559e+00,0.0690,1.2873e-01
102.009,1.2743849684e-03,1.186524e-02,1.5065932559e+00,0.0690,1.3327e-01
102.606,1.2738642836e-03,1.254136e-02,1.5065932559e+00,0.0690,1.3774e-01
103.202,1.2733870189e-03,1.329936e-02,1.5065932559e+00,0.0690,1.4176e-01
103.799,1.2729627539e-03,1.411212e-02,1.5065932559e+00,0.0690,1.4482e-01
104.395,1.2726040875e-03,1.495070e-02,1.5065932559e+00,0.0690,1.4638e-01
104.992,1.2723264504e-03,1.578549e-02,1.5065932559e+00,0.0690,1.4600e-01
105.588,1.2721465718e-03,1.657834e-02,1.5065932559e+00,0.0690,1.4348e-01
106.185,1.2720798014e-03,1.731223e-02,1.5065932559e+00,0.0690,1.3883e-01
106.781,1.2721375135e-03,1.796473e-02,1.5065932559e+00,0.0690,1.3227e-01
107.378,1.2723251088e-03,1.849813e-02,1.5065932559e+00,0.0690,3.8071e-02
107.974,1.2726410463e-03,1.889536e-02,1.5065932559e+00,0.0690,4.0696e-02
108.571,1.2730778706e-03,1.912740e-02,1.5065932559e+00,0.0690,4.1939e-02
109.168,1.2736244141e-03,1.916237e-02,1.5065932559e+00,0.0690,4.1973e-02
109.764,1.2742676630e-03,1.902558e-02,1.5065932559e+00,0.0690,4.0930e-02
110.361,1.2749934776e-03,1.874957e-02,1.5065932559e+00,0.0690,3.9063e-02
110.957,1.2757866205e-03,1.835880e-02,1.5065932559e+00,0.0690,3.6553e-02
111.554,1.2766312005e-03,1.784039e-02,1.5065932559e+00,0.0690,3.3528e-02
112.150,1.2775120032e-03,1.722451e-02,1.5065932559e+00,0.0690,3.0091e-02
112.747,1.2784159216e-03,1.654796e-02,1.5065932559e+00,0.0690,2.6320e-02
113.343,1.2793313355e-03,1.583186e-02,1.5065932559e+00,0.0690,2.2274e-02
113.940,1.2802440047e-03,1.508231e-02,1.5065932559e+00,0.0690,1.8001e-02
114.536,1.2811311032e-03,1.431635e-02,1.5065932559e+00,0.0690,1.3545e-02
115.133,1.2819573120e-03,1.355607e-02,1.5065932559e+00,0.0690,8.9343e-03
115.729,1.2826776491e-03,1.282437e-02,1.5065932559e+00,0.0690,6.5700e-03
116.326,1.2832480329e-03,1.212683e-02,1.5065932559e+00,0.0690,1.0341e-02
116.923,1.2836394350e-03,1.146524e-02,1.5065932559e+00,0.0690,1.4197e-02
117.519,1.2838509250e-03,1.085779e-02,1.5065932559e+00,0.0690,1.8250e-02
118.116,1.2839157312e-03,1.035353e-02,1.5065932559e+00,0.0690,2.2397e-02
118.712,1.2838962383e-03,9.982003e-03,1.5065932559e+00,0.0690,2.6407e-02
119.309,1.2838683317e-03,9.751479e-03,1.5065932559e+00,0.0690,3.0205e-02
119.905,1.2839002160e-03,9.657053e-03,1.5065932559e+00,0.0690,3.3824e-02
120.502,1.2840333837e-03,9.688392e-03,1.5065932559e+00,0.0690,3.7190e-02
121.098,1.2842725413e-03,9.824865e-03,1.5065932559e+00,0.0690,4.0162e-02
121.695,1.2845875820e-03,1.002761e-02,1.5065932559e+00,0.0690,4.2947e-02
122.291,1.2849259959e-03,1.026703e-02,1.5065932559e+00,0.0690,4.9392e-02
122.888,1.2852306472e-03,1.052206e-02,1.5065932559e+00,0.0690,5.6035e-02
123.485,1.2854567189e-03,1.077394e-02,1.5065932559e+00,0.0690,6.3061e-02
124.081,1.2855827539e-03,1.100476e-02,1.5065932559e+00,0.0690,7.0439e-02
124.678,1.2856140495e-03,1.121166e-02,1.5065932559e+00,0.0690,7.8107e-02
125.274,1.2855781917e-03,1.140229e-02,1.5065932559e+00,0.0690,8.5943e-02
125.871,1.2855145827e-03,1.157932e-02,1.5065932559e+00,0.0690,9.2763e-02
126.467,1.2854615952e-03,1.175801e-02,1.5065932559e+00,0.0690,9.5934e-02
127.064,1.2854451790e-03,1.195634e-02,1.5065932559e+00,0.0690,9.5345e-02
127.660,1.2854715846e-03,1.218053e-02,1.5065932559e+00,0.0690,9.1303e-02
128.257,1.2855249089e-03,1.241893e-02,1.5065932559e+00,0.0690,8.4730e-02
128.853,1.2855697944e-03,1.265575e-02,1.5065932559e+00,0.0690,7.7543e-02
129.450,1.2855589310e-03,1.289676e-02,1.5065932559e+00,0.0690,7.0358e-02
130.047,1.2854436718e-03,1.313952e-02,1.5065932559e+00,0.0690,2.7230e-02
130.643,1.2851849122e-03,1.337921e-02,1.5065932559e+00,0.0690,4.9762e-02
131.240,1.2847612023e-03,1.360840e-02,1.5065932559e+00,0.0690,5.7315e-02
131.836,1.2841721181e-03,1.381647e-02,1.5065932559e+00,0.0690,5.8675e-02
132.433,1.2834366059e-03,1.400337e-02,1.5065932559e+00,0.0690,5.7481e-02
133.029,1.2825884582e-03,1.417101e-02,1.5065932559e+00,0.0690,5.4917e-02
133.626,1.2816706554e-03,1.432260e-02,1.5065932559e+00,0.0690,5.1550e-02
134.222,1.2807289222e-03,1.446239e-02,1.5065932559e+00,0.0690,4.7689e-02
134.819,1.2798069015e-03,1.459528e-02,1.5065932559e+00,0.0690,4.3528e-02
135.415,1.2789434070e-03,1.472556e-02,1.5065932559e+00,0.0690,3.9190e-02
136.012,1.2781709586e-03,1.485699e-02,1.5065932559e+00,0.0690,3.4760e-02
136.609,1.2775147903e-03,1.499286e-02,1.5065932559e+00,0.0690,3.0296e-02
137.205,1.2769921569e-03,1.513437e-02,1.5065932559e+00,0.0690,2.5841e-02
137.802,1.2766127980e-03,1.528052e-02,1.5065932559e+00,0.0690,2.1421e-02
138.398,1.2763799553e-03,1.543319e-02,1.5065932559e+00,0.0690,4.1809e-02
138.995,1.2762908846e-03,1.558563e-02,1.5065932559e+00,0.0690,3.5822e-02
139.591,1.2763368733e-03,1.573031e-02,1.5065932559e+00,0.0690,2.8180e-02
140.188,1.2765031854e-03,1.585348e-02,1.5065932559e+00,0.0690,2.0277e-02
140.784,1.2767688725e-03,1.595512e-02,1.5065932559e+00,0.0690,1.2416e-02
141.381,1.2771071993e-03,1.602875e-02,1.5065932559e+00,0.0690,5.6657e-03
141.977,1.2774865896e-03,1.606605e-02,1.5065932559e+00,0.0690,7.6040e-03
142.574,1.2778724015e-03,1.606414e-02,1.5065932559e+00,0.0690,1.1135e-02
143.171,1.2782303022e-03,1.601469e-02,1.5065932559e+00,0.0690,1.9115e-02
143.767,1.2785310269e-03,1.591533e-02,1.5065932559e+00,0.0690,2.7200e-02
144.364,1.2787551088e-03,1.576544e-02,1.5065932559e+00,0.0690,3.5340e-02
144.960,1.2788957678e-03,1.556632e-02,1.5065932559e+00,0.0690,4.3483e-02
145.557,1.2789588621e-03,1.532172e-02,1.5065932559e+00,0.0690,5.1629e-02
146.153,1.2789602583e-03,1.503759e-02,1.5065932559e+00,0.0690,5.9773e-02
146.750,1.2789224881e-03,1.472172e-02,1.5065932559e+00,0.0690,6.7910e-02
147.346,1.2788709393e-03,1.438319e-02,1.5065932559e+00,0.0690,7.6038e-02
147.943,1.2788306620e-03,1.403248e-02,1.5065932559e+00,0.0690,8.4158e-02
148.539,1.2788245112e-03,1.368150e-02,1.5065932559e+00,0.0690,9.2269e-02
149.136,1.2788718931e-03,1.333842e-02,1.5065932559e+00,0.0690,1.0036e-01
149.732,1.2789872565e-03,1.300911e-02,1.5065932559e+00,0.0690,1.0845e-01
150.329,1.2791781179e-03,1.269959e-02,1.5065932559e+00,0.0690,1.1651e-01
150.926,1.2794431917e-03,1.241384e-02,1.5065932559e+00,0.0690,1.2457e-01
151.522,1.2797715657e-03,1.215388e-02,1.5065932559e+00,0.0690,1.3261e-01
152.119,1.2801435349e-03,1.192097e-02,1.5065932559e+00,0.0690,1.4063e-01
152.715,1.2805330001e-03,1.171595e-02,1.5065932559e+00,0.0690,1.4864e-01
153.312,1.2809106439e-03,1.153972e-02,1.5065932559e+00,0.0690,1.5663e-01
153.908,1.2812470045e-03,1.139342e-02,1.5065932559e+00,0.0690,1.6460e-01
154.505,1.2815149038e-03,1.127648e-02,1.5065932559e+00,0.0690,1.7255e-01
155.101,1.2816907653e-03,1.119254e-02,1.5065932559e+00,0.0690,1.8048e-01
155.698,1.2817553199e-03,1.114625e-02,1.5065932559e+00,0.0690,1.8840e-01
156.294,1.2816946550e-03,1.114412e-02,1.5065932559e+00,0.0690,1.9629e-01
156.891,1.2815019865e-03,1.118973e-02,1.5065932559e+00,0.0690,2.0415e-01
157.488,1.2811796939e-03,1.127788e-02,1.5065932559e+00,0.0690,2.1200e-01
158.084,1.2807407482e-03,1.140542e-02,1.5065932559e+00,0.0690,2.5723e-02
158.681,1.2802087947e-03,1.158058e-02,1.5065932559e+00,0.0690,3.4831e-02
159.277,1.2796170020e-03,1.179569e-02,1.5065932559e+00,0.0690,3.7310e-02
159.874,1.2790068271e-03,1.203855e-02,1.5065932559e+00,0.0690,3.6964e-02
160.470,1.2784249065e-03,1.230475e-02,1.5065932559e+00,0.0690,3.6151e-02
161.067,1.2779193859e-03,1.259049e-02,1.5065932559e+00,0.0690,3.5016e-02
161.663,1.2775365464e-03,1.289193e-02,1.5065932559e+00,0.0690,3.3503e-02
162.260,1.2773171339e-03,1.320510e-02,1.5065932559e+00,0.0690,3.1698e-02
162.856,1.2772920279e-03,1.352601e-02,1.5065932559e+00,0.0690,2.9689e-02
163.453,1.2774774204e-03,1.385072e-02,1.5065932559e+00,0.0690,2.7545e-02
164.050,1.2778702465e-03,1.417537e-02,1.5065932559e+00,0.0690,2.5316e-02
164.646,1.2784451198e-03,1.449628e-02,1.5065932559e+00,0.0690,2.3040e-02
165.243,1.2791542179e-03,1.481006e-02,1.5065932559e+00,0.0690,2.0744e-02
165.839,1.2799308589e-03,1.511378e-02,1.5065932559e+00,0.0690,1.8449e-02
166.436,1.2806972197e-03,1.540499e-02,1.5065932559e+00,0.0690,1.6168e-02
167.032,1.2813744864e-03,1.568178e-02,1.5065932559e+00,0.0690,1.3910e-02
167.629,1.2818926540e-03,1.594274e-02,1.5065932559e+00,0.0690,1.1686e-02
168.225,1.2821984066e-03,1.618672e-02,1.5065932559e+00,0.0690,9.5031e-03
168.822,1.2822600398e-03,1.641274e-02,1.5065932559e+00,0.0690,7.3643e-03
169.418,1.2820692658e-03,1.661943e-02,1.5065932559e+00,0.0690,5.4771e-03
170.015,1.2816403427e-03,1.680580e-02,1.5065932559e+00,0.0690,4.0489e-03
170.612,1.2810071574e-03,1.697078e-02,1.5065932559e+00,0.0690,2.6598e-03
171.208,1.2802187369e-03,1.711199e-02,1.5065932559e+00,0.0690,1.2765e-03
171.805,1.2793336282e-03,1.722543e-02,1.5065932559e+00,0.0690,2.7078e-03
172.401,1.2784137471e-03,1.731142e-02,1.5065932559e+00,0.0690,4.5559e-03
172.998,1.2775181479e-03,1.736720e-02,1.5065932559e+00,0.0690,6.3593e-03
173.594,1.2766982013e-03,1.738975e-02,1.5065932559e+00,0.0690,8.1206e-03
174.191,1.2759931973e-03,1.737950e-02,1.5065932559e+00,0.0690,9.8404e-03
174.787,1.2754274642e-03,1.733391e-02,1.5065932559e+00,0.0690,1.1518e-02
175.384,1.2750105388e-03,1.725178e-02,1.5065932559e+00,0.0690,1.3154e-02
175.980,1.2747397379e-03,1.713286e-02,1.5065932559e+00,0.0690,1.4745e-02
176.577,1.2746035092e-03,1.697783e-02,1.5065932559e+00,0.0690,1.6292e-02
177.174,1.2745840996e-03,1.678838e-02,1.5065932559e+00,0.0690,1.7790e-02
177.770,1.2746590251e-03,1.656728e-02,1.5065932559e+00,0.0690,1.9239e-02
178.367,1.2748021109e-03,1.631861e-02,1.5065932559e+00,0.0690,2.0621e-02
178.963,1.2749848631e-03,1.604712e-02,1.5065932559e+00,0.0690,2.1926e-02
179.560,1.2751788561e-03,1.575805e-02,1.5065932559e+00,0.0690,2.3149e-02
180.156,1.2753603813e-03,1.545705e-02,1.5065932559e+00,0.0690,2.4288e-02
180.753,1.2755153297e-03,1.514985e-02,1.5065932559e+00,0.0690,2.5343e-02
181.349,1.2756425929e-03,1.484211e-02,1.5065932559e+00,0.0690,2.6316e-02
181.946,1.2757550449e-03,1.453928e-02,1.5065932559e+00,0.0690,2.7215e-02
182.542,1.2758781114e-03,1.424642e-02,1.5065932559e+00,0.0690,2.8049e-02
183.139,1.2760470230e-03,1.396812e-02,1.5065932559e+00,0.0690,2.8836e-02
183.735,1.2763020157e-03,1.370839e-02,1.5065932559e+00,0.0690,2.9595e-02
184.332,1.2766821086e-03,1.347069e-02,1.5065932559e+00,0.0690,3.0356e-02
184.929,1.2772190216e-03,1.325798e-02,1.5065932559e+00,0.0690,3.1157e-02
185.525,1.2779319309e-03,1.307272e-02,1.5065932559e+00,0.0690,3.2046e-02
186.122,1.2788235895e-03,1.291689e-02,1.5065932559e+00,0.0690,3.3089e-02
186.718,1.2798780815e-03,1.279153e-02,1.5065932559e+00,0.0690,3.4375e-02
187.315,1.2810606382e-03,1.269581e-02,1.5065932559e+00,0.0690,3.6000e-02
187.911,1.2823200113e-03,1.263038e-02,1.5065932559e+00,0.0690,3.7713e-02
188.508,1.2835929433e-03,1.259611e-02,1.5065932559e+00,0.0690,3.9337e-02
189.104,1.2848106695e-03,1.259300e-02,1.5065932559e+00,0.0690,4.1168e-02
189.701,1.2859063975e-03,1.262034e-02,1.5065932559e+00,0.0690,4.3146e-02
190.297,1.2868229816e-03,1.267667e-02,1.5065932559e+00,0.0690,4.5238e-02
190.894,1.2875198644e-03,1.275791e-02,1.5065932559e+00,0.0690,4.7536e-02
191.491,1.2879769042e-03,1.285938e-02,1.5065932559e+00,0.0690,4.9937e-02
192.087,1.2881944496e-03,1.297968e-02,1.5065932559e+00,0.0690,5.1855e-02
192.684,1.2881907722e-03,1.311778e-02,1.5065932559e+00,0.0690,4.7793e-02
193.280,1.2879980074e-03,1.327252e-02,1.5065932559e+00,0.0690,3.7278e-02
193.877,1.2876570247e-03,1.344220e-02,1.5065932559e+00,0.0690,2.5081e-02
194.473,1.2872113543e-03,1.362553e-02,1.5065932559e+00,0.0690,1.4822e-02
195.070,1.2867008869e-03,1.382148e-02,1.5065932559e+00,0.0690,7.5583e-03
195.666,1.2861564722e-03,1.402912e-02,1.5065932559e+00,0.0690,7.8615e-03
196.263,1.2855966817e-03,1.424752e-02,1.5065932559e+00,0.0690,8.0045e-03
196.859,1.2850273679e-03,1.447544e-02,1.5065932559e+00,0.0690,8.0008e-03
197.456,1.2844436821e-03,1.471114e-02,1.5065932559e+00,0.0690,7.8837e-03
198.053,1.2838334794e-03,1.495214e-02,1.5065932559e+00,0.0690,7.6854e-03
198.649,1.2831807749e-03,1.519521e-02,1.5065932559e+00,0.0690,7.4277e-03
199.246,1.2824689786e-03,1.543631e-02,1.5065932559e+00,0.0690,7.1366e-03
199.842,1.2816838261e-03,1.567084e-02,1.5065932559e+00,0.0690,7.0019e-03
200.439,1.2808158633e-03,1.589339e-02,1.5065932559e+00,0.0690,6.6470e-03
201.035,1.2798628963e-03,1.609830e-02,1.5065932559e+00,0.0690,6.1022e-03
201.632,1.2788322270e-03,1.628054e-02,1.5065932559e+00,0.0690,5.6691e-03
202.228,1.2777419501e-03,1.643585e-02,1.5065932559e+00,0.0690,5.2348e-03
202.825,1.2766206741e-03,1.656079e-02,1.5065932559e+00,0.0690,4.7812e-03
203.421,1.2755054432e-03,1.665329e-02,1.5065932559e+00,0.0690,4.3072e-03
204.018,1.2744382519e-03,1.671292e-02,1.5065932559e+00,0.0690,3.8102e-03
204.615,1.2734619367e-03,1.674117e-02,1.5065932559e+00,0.0690,3.2864e-03
205.211,1.2726162485e-03,1.674130e-02,1.5065932559e+00,0.0690,2.7340e-03
205.808,1.2719351458e-03,1.671667e-02,1.5065932559e+00,0.0690,2.1606e-03
206.404,1.2714446995e-03,1.667107e-02,1.5065932559e+00,0.0690,1.6279e-03
207.001,1.2711619264e-03,1.660872e-02,1.5065932559e+00,0.0690,2.5319e-03
207.597,1.2710950671e-03,1.653443e-02,1.5065932559e+00,0.0690,3.4469e-03
208.194,1.2712449160e-03,1.645269e-02,1.5065932559e+00,0.0690,4.3676e-03
208.790,1.2716063744e-03,1.636736e-02,1.5065932559e+00,0.0690,5.2896e-03
209.387,1.2721694724e-03,1.628140e-02,1.5065932559e+00,0.0690,6.2081e-03
209.983,1.2729194908e-03,1.619734e-02,1.5065932559e+00,0.0690,7.1172e-03
210.580,1.2738365055e-03,1.611700e-02,1.5065932559e+00,0.0690,8.0163e-03
211.176,1.2748956507e-03,1.604187e-02,1.5065932559e+00,0.0690,8.9211e-03
211.773,1.2760677926e-03,1.597110e-02,1.5065932559e+00,0.0690,9.8275e-03
212.370,1.2773207218e-03,1.590266e-02,1.5065932559e+00,0.0690,1.0715e-02
212.966,1.2786207358e-03,1.583533e-02,1.5065932559e+00,0.0690,1.1557e-02
213.563,1.2799343085e-03,1.576780e-02,1.5065932559e+00,0.0690,1.2321e-02
214.159,1.2812296463e-03,1.569871e-02,1.5065932559e+00,0.0690,1.2976e-02
214.756,1.2824779815e-03,1.562681e-02,1.5065932559e+00,0.0690,1.3492e-02
215.352,1.2836546042e-03,1.555107e-02,1.5065932559e+00,0.0690,1.3839e-02
215.949,1.2847397347e-03,1.547088e-02,1.5065932559e+00,0.0690,1.3994e-02
216.545,1.2857190069e-03,1.538605e-02,1.5065932559e+00,0.0690,1.3940e-02
217.142,1.2865834641e-03,1.529609e-02,1.5065932559e+00,0.0690,1.3679e-02
217.738,1.2873291050e-03,1.520250e-02,1.5065932559e+00,0.0690,1.3261e-02
218.335,1.2879559931e-03,1.510705e-02,1.5065932559e+00,0.0690,1.2715e-02
218.932,1.2884669498e-03,1.501092e-02,1.5065932559e+00,0.0690,1.2072e-02
219.528,1.2888659376e-03,1.491577e-02,1.5065932559e+00,0.0690,1.1370e-02
220.125,1.2891564393e-03,1.482368e-02,1.5065932559e+00,0.0690,1.0641e-02
220.721,1.2893402571e-03,1.473633e-02,1.5065932559e+00,0.0690,9.9204e-03
221.318,1.2894169962e-03,1.465490e-02,1.5065932559e+00,0.0690,9.2359e-03
221.914,1.2893843033e-03,1.457989e-02,1.5065932559e+00,0.0690,8.6118e-03
222.511,1.2892387659e-03,1.451068e-02,1.5065932559e+00,0.0690,8.0659e-03
223.107,1.2889772180e-03,1.444624e-02,1.5065932559e+00,0.0690,7.6090e-03
223.704,1.2885981076e-03,1.438560e-02,1.5065932559e+00,0.0690,7.2428e-03
224.300,1.2881026192e-03,1.432791e-02,1.5065932559e+00,0.0690,6.9610e-03
224.897,1.2874953933e-03,1.427268e-02,1.5065932559e+00,0.0690,6.7510e-03
225.494,1.2867848307e-03,1.422006e-02,1.5065932559e+00,0.0690,6.5951e-03
226.090,1.2859830118e-03,1.417095e-02,1.5065932559e+00,0.0690,6.4721e-03
226.687,1.2851052226e-03,1.412716e-02,1.5065932559e+00,0.0690,6.3588e-03
227.283,1.2841690662e-03,1.409145e-02,1.5065932559e+00,0.0690,6.2311e-03
227.880,1.2831932609e-03,1.406739e-02,1.5065932559e+00,0.0690,6.0658e-03
228.476,1.2821963211e-03,1.405863e-02,1.5065932559e+00,0.0690,5.8412e-03
229.073,1.2811954091e-03,1.406879e-02,1.5065932559e+00,0.0690,5.5383e-03
229.669,1.2802056038e-03,1.410066e-02,1.5065932559e+00,0.0690,5.1421e-03
230.266,1.2792396375e-03,1.415805e-02,1.5065932559e+00,0.0690,4.6418e-03
230.862,1.2783079580e-03,1.424302e-02,1.5065932559e+00,0.0690,4.0342e-03
231.459,1.2774189419e-03,1.435569e-02,1.5065932559e+00,0.0690,4.2995e-03
232.056,1.2765791878e-03,1.449307e-02,1.5065932559e+00,0.0690,4.7418e-03
232.652,1.2757939324e-03,1.465310e-02,1.5065932559e+00,0.0690,5.1879e-03
233.249,1.2750676159e-03,1.483223e-02,1.5065932559e+00,0.0690,5.6259e-03
233.845,1.2744044901e-03,1.502674e-02,1.5065932559e+00,0.0690,6.0351e-03
234.442,1.2738090066e-03,1.523197e-02,1.5065932559e+00,0.0690,6.4079e-03
235.038,1.2732857027e-03,1.544286e-02,1.5065932559e+00,0.0690,6.7290e-03
235.635,1.2728385002e-03,1.565462e-02,1.5065932559e+00,0.0690,6.9813e-03
236.231,1.2724696828e-03,1.586265e-02,1.5065932559e+00,0.0690,7.1568e-03
236.828,1.2721790874e-03,1.606277e-02,1.5065932559e+00,0.0690,7.2488e-03
237.424,1.2719640400e-03,1.625144e-02,1.5065932559e+00,0.0690,7.2508e-03
238.021,1.2718202288e-03,1.642584e-02,1.5065932559e+00,0.0690,7.1554e-03
238.618,1.2717431935e-03,1.658391e-02,1.5065932559e+00,0.0690,6.9557e-03
239.214,1.2717297386e-03,1.672395e-02,1.5065932559e+00,0.0690,6.7597e-03
239.811,1.2717785751e-03,1.684529e-02,1.5065932559e+00,0.0690,7.0669e-03
240.407,1.2718899085e-03,1.694643e-02,1.5065932559e+00,0.0690,7.2347e-03
241.004,1.2720642691e-03,1.702540e-02,1.5065932559e+00,0.0690,7.1983e-03
241.600,1.2723012853e-03,1.708135e-02,1.5065932559e+00,0.0690,6.9626e-03
242.197,1.2725990738e-03,1.711275e-02,1.5065932559e+00,0.0690,6.5385e-03
242.793,1.2729544927e-03,1.711746e-02,1.5065932559e+00,0.0690,5.9376e-03
243.390,1.2733639544e-03,1.709703e-02,1.5065932559e+00,0.0690,5.1724e-03
243.986,1.2738241872e-03,1.705591e-02,1.5065932559e+00,0.0690,4.2522e-03
244.583,1.2743324716e-03,1.699137e-02,1.5065932559e+00,0.0690,3.1826e-03
245.179,1.2748860405e-03,1.690122e-02,1.5065932559e+00,0.0690,1.9703e-03
245.776,1.2754815093e-03,1.678580e-02,1.5065932559e+00,0.0690,1.0008e-03
246.373,1.2761146295e-03,1.664587e-02,1.5065932559e+00,0.0690,1.9933e-03
246.969,1.2767803009e-03,1.648103e-02,1.5065932559e+00,0.0690,2.9808e-03
247.566,1.2774729715e-03,1.629227e-02,1.5065932559e+00,0.0690,3.9446e-03
248.162,1.2781872307e-03,1.608160e-02,1.5065932559e+00,0.0690,5.5259e-03
248.759,1.2789179464e-03,1.585315e-02,1.5065932559e+00,0.0690,7.2342e-03
249.355,1.2796593224e-03,1.561335e-02,1.5065932559e+00,0.0690,8.9880e-03
249.952,1.2804029250e-03,1.536696e-02,1.5065932559e+00,0.0690,1.0808e-02
250.548,1.2811355723e-03,1.511839e-02,1.5065932559e+00,0.0690,1.2680e-02
251.145,1.2818383627e-03,1.487351e-02,1.5065932559e+00,0.0690,1.4592e-02
251.741,1.2824877294e-03,1.463807e-02,1.5065932559e+00,0.0690,1.6538e-02
252.338,1.2830584823e-03,1.441759e-02,1.5065932559e+00,0.0690,1.8512e-02
252.935,1.2835279023e-03,1.421713e-02,1.5065932559e+00,0.0690,2.0508e-02
253.531,1.2838795690e-03,1.404095e-02,1.5065932559e+00,0.0690,2.2516e-02
254.128,1.2841058528e-03,1.389247e-02,1.5065932559e+00,0.0690,2.4526e-02
254.724,1.2842086304e-03,1.377408e-02,1.5065932559e+00,0.0690,2.6520e-02
255.321,1.2841983982e-03,1.368740e-02,1.5065932559e+00,0.0690,2.8467e-02
255.917,1.2840922928e-03,1.363355e-02,1.5065932559e+00,0.0690,3.0304e-02
256.514,1.2839115395e-03,1.361237e-02,1.5065932559e+00,0.0690,3.1968e-02
257.110,1.2836787122e-03,1.362427e-02,1.5065932559e+00,0.0690,3.3371e-02
257.707,1.2834151029e-03,1.366675e-02,1.5065932559e+00,0.0690,3.4392e-02
258.303,1.2831385256e-03,1.373480e-02,1.5065932559e+00,0.0690,3.4857e-02
258.900,1.2828618800e-03,1.382415e-02,1.5065932559e+00,0.0690,3.4506e-02
259.497,1.2825926716e-03,1.393139e-02,1.5065932559e+00,0.0690,3.2958e-02
260.093,1.2823334423e-03,1.405717e-02,1.5065932559e+00,0.0690,2.9735e-02
260.690,1.2820828554e-03,1.419845e-02,1.5065932559e+00,0.0690,2.4691e-02
261.286,1.2818371245e-03,1.434702e-02,1.5065932559e+00,0.0690,1.8557e-02
261.883,1.2815915351e-03,1.450355e-02,1.5065932559e+00,0.0690,1.1556e-02
262.479,1.2813418632e-03,1.466921e-02,1.5065932559e+00,0.0690,9.7895e-03
263.076,1.2810854902e-03,1.484591e-02,1.5065932559e+00,0.0690,1.1205e-02
263.672,1.2808219929e-03,1.503556e-02,1.5065932559e+00,0.0690,1.2285e-02
264.269,1.2805531075e-03,1.524038e-02,1.5065932559e+00,0.0690,1.3035e-02
264.865,1.2802821790e-03,1.546411e-02,1.5065932559e+00,0.0690,1.6111e-02
265.462,1.2800134532e-03,1.570635e-02,1.5065932559e+00,0.0690,1.8902e-02
266.059,1.2797516313e-03,1.596355e-02,1.5065932559e+00,0.0690,2.0718e-02
266.655,1.2795018742e-03,1.623275e-02,1.5065932559e+00,0.0690,2.1735e-02
267.252,1.2792700550e-03,1.650996e-02,1.5065932559e+00,0.0690,2.2101e-02
267.848,1.2790628076e-03,1.679023e-02,1.5065932559e+00,0.0690,2.1939e-02
268.445,1.2788869999e-03,1.706782e-02,1.5065932559e+00,0.0690,2.1345e-02
269.041,1.2787486316e-03,1.733652e-02,1.5065932559e+00,0.0690,2.0400e-02
269.638,1.2786515637e-03,1.759007e-02,1.5065932559e+00,0.0690,1.9171e-02
270.234,1.2785966752e-03,1.782243e-02,1.5065932559e+00,0.0690,1.7709e-02
270.831,1.2785818863e-03,1.802820e-02,1.5065932559e+00,0.0690,1.6057e-02
271.427,1.2786030912e-03,1.820288e-02,1.5065932559e+00,0.0690,1.4249e-02
272.024,1.2786555887e-03,1.834300e-02,1.5065932559e+00,0.0690,1.2314e-02
272.621,1.2787353676e-03,1.844682e-02,1.5065932559e+00,0.0690,1.0274e-02
273.217,1.2788396798e-03,1.851070e-02,1.5065932559e+00,0.0690,8.1459e-03
273.814,1.2789666431e-03,1.853789e-02,1.5065932559e+00,0.0690,5.9429e-03
274.410,1.2791140636e-03,1.853006e-02,1.5065932559e+00,0.0690,3.6697e-03
275.007,1.2792780067e-03,1.848500e-02,1.5065932559e+00,0.0690,2.3110e-03
275.603,1.2794518279e-03,1.840157e-02,1.5065932559e+00,0.0690,3.9279e-03
276.200,1.2796262411e-03,1.828156e-02,1.5065932559e+00,0.0690,5.5569e-03
276.796,1.2797905703e-03,1.813132e-02,1.5065932559e+00,0.0690,7.1426e-03
277.393,1.2799348251e-03,1.795052e-02,1.5065932559e+00,0.0690,8.6041e-03
277.989,1.2800518967e-03,1.774004e-02,1.5065932559e+00,0.0690,1.0543e-02
278.586,1.2801391743e-03,1.750189e-02,1.5065932559e+00,0.0690,1.3194e-02
279.182,1.2801991381e-03,1.724005e-02,1.5065932559e+00,0.0690,1.5891e-02
279.779,1.2802388312e-03,1.695801e-02,1.5065932559e+00,0.0690,1.8642e-02
280.376,1.2802684464e-03,1.665972e-02,1.5065932559e+00,0.0690,2.1454e-02
280.972,1.2802994567e-03,1.634960e-02,1.5065932559e+00,0.0690,2.4331e-02
281.569,1.2803427275e-03,1.603250e-02,1.5065932559e+00,0.0690,2.7284e-02
282.165,1.2804069408e-03,1.571362e-02,1.5065932559e+00,0.0690,3.0323e-02
282.762,1.2804975249e-03,1.539836e-02,1.5065932559e+00,0.0690,3.3460e-02
283.358,1.2806161876e-03,1.509202e-02,1.5065932559e+00,0.0690,3.6712e-02
283.955,1.2807610605e-03,1.479957e-02,1.5065932559e+00,0.0690,4.0102e-02
284.551,1.2809273865e-03,1.452551e-02,1.5065932559e+00,0.0690,4.3661e-02
285.148,1.2811086009e-03,1.427467e-02,1.5065932559e+00,0.0690,4.7535e-02
285.744,1.2812975294e-03,1.405104e-02,1.5065932559e+00,0.0690,5.1790e-02
286.341,1.2814873974e-03,1.385560e-02,1.5065932559e+00,0.0690,5.6278e-02
286.938,1.2816724625e-03,1.368827e-02,1.5065932559e+00,0.0690,6.0563e-02
287.534,1.2818482430e-03,1.354946e-02,1.5065932559e+00,0.0690,6.4349e-02
288.131,1.2820114536e-03,1.343895e-02,1.5065932559e+00,0.0690,6.7316e-02
288.727,1.2821597939e-03,1.335613e-02,1.5065932559e+00,0.0690,6.9283e-02
289.324,1.2822917122e-03,1.330024e-02,1.5065932559e+00,0.0690,7.0903e-02
289.920,1.2824062012e-03,1.327061e-02,1.5065932559e+00,0.0690,7.1997e-02
290.517,1.2825025636e-03,1.326669e-02,1.5065932559e+00,0.0690,7.2590e-02
291.113,1.2825801339e-03,1.328745e-02,1.5065932559e+00,0.0690,7.2778e-02
291.710,1.2826379872e-03,1.333445e-02,1.5065932559e+00,0.0690,6.3781e-02
292.306,1.2826746444e-03,1.340788e-02,1.5065932559e+00,0.0690,2.4038e-02
292.903,1.2826878026e-03,1.351163e-02,1.5065932559e+00,0.0690,1.3824e-02
293.500,1.2826741516e-03,1.364840e-02,1.5065932559e+00,0.0690,1.5226e-02
294.096,1.2826294011e-03,1.382266e-02,1.5065932559e+00,0.0690,2.0690e-02
294.693,1.2825486650e-03,1.403418e-02,1.5065932559e+00,0.0690,2.4877e-02
295.289,1.2824272853e-03,1.427927e-02,1.5065932559e+00,0.0690,2.7002e-02
295.886,1.2822620517e-03,1.455464e-02,1.5065932559e+00,0.0690,2.7823e-02
296.482,1.2820523315e-03,1.485567e-02,1.5065932559e+00,0.0690,2.7812e-02
297.079,1.2818010356e-03,1.517652e-02,1.5065932559e+00,0.0690,2.7252e-02
297.675,1.2815151060e-03,1.551046e-02,1.5065932559e+00,0.0690,2.6317e-02
298.272,1.2812050614e-03,1.585020e-02,1.5065932559e+00,0.0690,2.5121e-02
298.868,1.2808838458e-03,1.618833e-02,1.5065932559e+00,0.0690,2.3741e-02
299.465,1.2805655292e-03,1.651774e-02,1.5065932559e+00,0.0690,2.2231e-02
300.062,1.2802641041e-03,1.683199e-02,1.5065932559e+00,0.0690,2.0629e-02
300.658,1.2799921983e-03,1.712561e-02,1.5065932559e+00,0.0690,1.8964e-02
301.255,1.2797594341e-03,1.739421e-02,1.5065932559e+00,0.0690,1.7256e-02
301.851,1.2795704979e-03,1.763467e-02,1.5065932559e+00,0.0690,1.5522e-02
302.448,1.2794234592e-03,1.784496e-02,1.5065932559e+00,0.0690,1.3775e-02
303.044,1.2793090658e-03,1.802409e-02,1.5065932559e+00,0.0690,1.2021e-02
303.641,1.2792114642e-03,1.817186e-02,1.5065932559e+00,0.0690,1.0267e-02
304.237,1.2791103768e-03,1.828866e-02,1.5065932559e+00,0.0690,8.5158e-03
304.834,1.2789843302e-03,1.837527e-02,1.5065932559e+00,0.0690,6.7710e-03
305.430,1.2788142020e-03,1.843266e-02,1.5065932559e+00,0.0690,5.0338e-03
306.027,1.2785862777e-03,1.846251e-02,1.5065932559e+00,0.0690,3.3031e-03
306.624,1.2782942286e-03,1.846438e-02,1.5065932559e+00,0.0690,1.5695e-03
307.220,1.2779398166e-03,1.844057e-02,1.5065932559e+00,0.0690,2.0104e-04
307.817,1.2775325181e-03,1.839222e-02,1.5065932559e+00,0.0690,1.8225e-03
308.413,1.2770884527e-03,1.831990e-02,1.5065932559e+00,0.0690,3.5073e-03
309.010,1.2766289643e-03,1.822495e-02,1.5065932559e+00,0.0690,5.1780e-03
309.606,1.2761790244e-03,1.810880e-02,1.5065932559e+00,0.0690,6.8329e-03
310.203,1.2757654354e-03,1.797314e-02,1.5065932559e+00,0.0690,8.4694e-03
310.799,1.2754147811e-03,1.782001e-02,1.5065932559e+00,0.0690,1.0083e-02
311.396,1.2751511919e-03,1.765177e-02,1.5065932559e+00,0.0690,1.1670e-02
311.992,1.2749941338e-03,1.747114e-02,1.5065932559e+00,0.0690,1.3222e-02
312.589,1.2749565976e-03,1.728110e-02,1.5065932559e+00,0.0690,1.4731e-02
313.185,1.2750440164e-03,1.708484e-02,1.5065932559e+00,0.0690,1.6189e-02
313.782,1.2752542528e-03,1.688564e-02,1.5065932559e+00,0.0690,1.7583e-02
314.379,1.2755785054e-03,1.668675e-02,1.5065932559e+00,0.0690,1.8899e-02
314.975,1.2760026882e-03,1.649126e-02,1.5065932559e+00,0.0690,2.0122e-02
315.572,1.2765089916e-03,1.630197e-02,1.5065932559e+00,0.0690,2.1230e-02
316.168,1.2770772400e-03,1.612132e-02,1.5065932559e+00,0.0690,2.2202e-02
316.765,1.2776863272e-03,1.595169e-02,1.5065932559e+00,0.0690,2.2993e-02
317.361,1.2783157470e-03,1.579477e-02,1.5065932559e+00,0.0690,2.3559e-02
317.958,1.2789468417e-03,1.565144e-02,1.5065932559e+00,0.0690,2.3867e-02
318.554,1.2795637066e-03,1.552207e-02,1.5065932559e+00,0.0690,2.3884e-02
319.151,1.2801538069e-03,1.540660e-02,1.5065932559e+00,0.0690,2.3583e-02
319.747,1.2807081911e-03,1.530459e-02,1.5065932559e+00,0.0690,2.2943e-02
320.344,1.2812211316e-03,1.521538e-02,1.5065932559e+00,0.0690,2.1954e-02
320.941,1.2816891592e-03,1.513821e-02,1.5065932559e+00,0.0690,2.0620e-02
321.537,1.2821097147e-03,1.507229e-02,1.5065932559e+00,0.0690,1.8959e-02
322.134,1.2824798705e-03,1.501645e-02,1.5065932559e+00,0.0690,1.7009e-02
322.730,1.2827955165e-03,1.497059e-02,1.5065932559e+00,0.0690,1.4919e-02
323.327,1.2830512074e-03,1.493510e-02,1.5065932559e+00,0.0690,1.2756e-02
323.923,1.2832405917e-03,1.490955e-02,1.5065932559e+00,0.0690,1.0527e-02
324.520,1.2833571445e-03,1.489464e-02,1.5065932559e+00,0.0690,8.2630e-03
325.116,1.2833950082e-03,1.489187e-02,1.5065932559e+00,0.0690,6.0223e-03
325.713,1.2833496543e-03,1.490168e-02,1.5065932559e+00,0.0690,3.8655e-03
326.309,1.2832185584e-03,1.492452e-02,1.5065932559e+00,0.0690,4.2785e-03
326.906,1.2830022693e-03,1.496221e-02,1.5065932559e+00,0.0690,4.8345e-03
327.503,1.2827053196e-03,1.501645e-02,1.5065932559e+00,0.0690,5.2900e-03
328.099,1.2823366012e-03,1.508792e-02,1.5065932559e+00,0.0690,5.6392e-03
328.696,1.2819092014e-03,1.517617e-02,1.5065932559e+00,0.0690,5.8819e-03
329.292,1.2814396930e-03,1.527993e-02,1.5065932559e+00,0.0690,6.0270e-03
329.889,1.2809467544e-03,1.539760e-02,1.5065932559e+00,0.0690,6.0782e-03
330.485,1.2804490638e-03,1.552702e-02,1.5065932559e+00,0.0690,6.0468e-03
331.082,1.2799627460e-03,1.566601e-02,1.5065932559e+00,0.0690,6.5130e-03
331.678,1.2794989754e-03,1.581173e-02,1.5065932559e+00,0.0690,6.8478e-03
332.275,1.2790625261e-03,1.596061e-02,1.5065932559e+00,0.0690,7.0083e-03
332.871,1.2786517637e-03,1.610971e-02,1.5065932559e+00,0.0690,6.9963e-03
333.468,1.2782598414e-03,1.625670e-02,1.5065932559e+00,0.0690,6.8363e-03
334.065,1.2778764671e-03,1.639960e-02,1.5065932559e+00,0.0690,6.5501e-03
334.661,1.2774897108e-03,1.653694e-02,1.5065932559e+00,0.0690,6.1571e-03
335.258,1.2770876594e-03,1.666762e-02,1.5065932559e+00,0.0690,5.6735e-03
335.854,1.2766599944e-03,1.679062e-02,1.5065932559e+00,0.0690,5.1137e-03
336.451,1.2761996909e-03,1.690515e-02,1.5065932559e+00,0.0690,4.4914e-03
337.047,1.2757048344e-03,1.701047e-02,1.5065932559e+00,0.0690,3.8167e-03
337.644,1.2751803178e-03,1.710571e-02,1.5065932559e+00,0.0690,3.0873e-03
338.240,1.2746387457e-03,1.719019e-02,1.5065932559e+00,0.0690,2.3785e-03
338.837,1.2741000603e-03,1.726349e-02,1.5065932559e+00,0.0690,1.8930e-03
339.433,1.2735899277e-03,1.732508e-02,1.5065932559e+00,0.0690,1.4177e-03
340.030,1.2731372461e-03,1.737447e-02,1.5065932559e+00,0.0690,9.4584e-04
340.626,1.2727713418e-03,1.741107e-02,1.5065932559e+00,0.0690,8.3882e-04
341.223,1.2725194177e-03,1.743266e-02,1.5065932559e+00,0.0690,1.5798e-03
341.820,1.2724045319e-03,1.743930e-02,1.5065932559e+00,0.0690,2.3110e-03
342.416,1.2724441853e-03,1.743041e-02,1.5065932559e+00,0.0690,3.0286e-03
343.013,1.2726494669e-03,1.740606e-02,1.5065932559e+00,0.0690,3.7299e-03
343.609,1.2730245815e-03,1.736686e-02,1.5065932559e+00,0.0690,4.4133e-03
344.206,1.2735666982e-03,1.731390e-02,1.5065932559e+00,0.0690,5.0782e-03
344.802,1.2742662684e-03,1.724875e-02,1.5065932559e+00,0.0690,5.7240e-03
345.399,1.2751074875e-03,1.717346e-02,1.5065932559e+00,0.0690,6.3505e-03
345.995,1.2760689997e-03,1.709038e-02,1.5065932559e+00,0.0690,6.9575e-03
346.592,1.2771250132e-03,1.700205e-02,1.5065932559e+00,0.0690,7.5444e-03
347.188,1.2782468868e-03,1.691134e-02,1.5065932559e+00,0.0690,8.1161e-03
347.785,1.2794050585e-03,1.682103e-02,1.5065932559e+00,0.0690,8.6785e-03
348.382,1.2805710277e-03,1.673331e-02,1.5065932559e+00,0.0690,9.2318e-03
348.978,1.2817190275e-03,1.664945e-02,1.5065932559e+00,0.0690,9.7733e-03
349.575,1.2828270768e-03,1.657006e-02,1.5065932559e+00,0.0690,1.0295e-02
350.171,1.2838773201e-03,1.649537e-02,1.5065932559e+00,0.0690,1.0788e-02
350.768,1.2848557787e-03,1.642502e-02,1.5065932559e+00,0.0690,1.1242e-02
351.364,1.2857518396e-03,1.635814e-02,1.5065932559e+00,0.0690,1.1645e-02
351.961,1.2865578469e-03,1.629352e-02,1.5065932559e+00,0.0690,1.1988e-02
352.557,1.2872687065e-03,1.622978e-02,1.5065932559e+00,0.0690,1.2258e-02
353.154,1.2878813429e-03,1.616561e-02,1.5065932559e+00,0.0690,1.2445e-02
353.750,1.2883939504e-03,1.609991e-02,1.5065932559e+00,0.0690,1.2540e-02
354.347,1.2888051037e-03,1.603199e-02,1.5065932559e+00,0.0690,1.2535e-02
354.944,1.2891129522e-03,1.596162e-02,1.5065932559e+00,0.0690,1.2425e-02
355.540,1.2893148087e-03,1.588879e-02,1.5065932559e+00,0.0690,1.2207e-02
356.137,1.2894073400e-03,1.581378e-02,1.5065932559e+00,0.0690,1.1877e-02
356.733,1.2893873284e-03,1.573919e-02,1.5065932559e+00,0.0690,1.1458e-02
357.330,1.2892528073e-03,1.566763e-02,1.5065932559e+00,0.0690,1.0963e-02
357.926,1.2890041706e-03,1.560184e-02,1.5065932559e+00,0.0690,1.0401e-02
358.523,1.2886449171e-03,1.554480e-02,1.5065932559e+00,0.0690,9.7804e-03
359.119,1.2881819541e-03,1.549952e-02,1.5065932559e+00,0.0690,9.1090e-03
359.716,1.2876255705e-03,1.546881e-02,1.5065932559e+00,0.0690,8.3935e-03
360.312,1.2869891785e-03,1.545524e-02,1.5065932559e+00,0.0690,7.6396e-03
360.909,1.2862888017e-03,1.546056e-02,1.5065932559e+00,0.0690,6.8519e-03
361.506,1.2855422172e-03,1.548607e-02,1.5065932559e+00,0.0690,6.0334e-03
362.102,1.2847677389e-03,1.553267e-02,1.5065932559e+00,0.0690,5.1858e-03
362.699,1.2839827636e-03,1.559861e-02,1.5065932559e+00,0.0690,4.3072e-03
363.295,1.2832024454e-03,1.568297e-02,1.5065932559e+00,0.0690,3.5143e-03
363.892,1.2824387906e-03,1.578408e-02,1.5065932559e+00,0.0690,4.0144e-03
364.488,1.2817002075e-03,1.590011e-02,1.5065932559e+00,0.0690,4.4998e-03
365.085,1.2809914610e-03,1.602940e-02,1.5065932559e+00,0.0690,4.9537e-03
365.681,1.2803139956e-03,1.616953e-02,1.5065932559e+00,0.0690,5.3711e-03
366.278,1.2796665808e-03,1.631769e-02,1.5065932559e+00,0.0690,5.7512e-03
366.874,1.2790461843e-03,1.647137e-02,1.5065932559e+00,0.0690,6.0755e-03
367.471,1.2784489277e-03,1.662812e-02,1.5065932559e+00,0.0690,6.3306e-03
368.068,1.2778709932e-03,1.678534e-02,1.5065932559e+00,0.0690,6.5123e-03
368.664,1.2773094350e-03,1.694040e-02,1.5065932559e+00,0.0690,6.6176e-03
369.261,1.2767629581e-03,1.709072e-02,1.5065932559e+00,0.0690,6.6445e-03
369.857,1.2762327476e-03,1.723384e-02,1.5065932559e+00,0.0690,6.5890e-03
370.454,1.2757233178e-03,1.736750e-02,1.5065932559e+00,0.0690,6.4485e-03
371.050,1.2752431425e-03,1.748941e-02,1.5065932559e+00,0.0690,6.2306e-03
371.647,1.2748046865e-03,1.759771e-02,1.5065932559e+00,0.0690,6.5408e-03
372.243,1.2744235262e-03,1.769025e-02,1.5065932559e+00,0.0690,6.7481e-03
372.840,1.2741165505e-03,1.776455e-02,1.5065932559e+00,0.0690,6.7953e-03
373.436,1.2738996211e-03,1.781916e-02,1.5065932559e+00,0.0690,6.6837e-03
374.033,1.2737853381e-03,1.785322e-02,1.5065932559e+00,0.0690,6.4228e-03
374.629,1.2737815230e-03,1.786633e-02,1.5065932559e+00,0.0690,6.0226e-03
375.226,1.2738907119e-03,1.785761e-02,1.5065932559e+00,0.0690,5.4923e-03
375.823,1.2741105134e-03,1.782948e-02,1.5065932559e+00,0.0690,4.8388e-03
376.419,1.2744343682e-03,1.778512e-02,1.5065932559e+00,0.0690,4.0700e-03
377.016,1.2748522017e-03,1.772308e-02,1.5065932559e+00,0.0690,3.1931e-03
377.612,1.2753506907e-03,1.764450e-02,1.5065932559e+00,0.0690,2.2178e-03
378.209,1.2759132332e-03,1.755072e-02,1.5065932559e+00,0.0690,1.1610e-03
378.805,1.2765199881e-03,1.744189e-02,1.5065932559e+00,0.0690,5.4589e-04
379.402,1.2771484071e-03,1.731935e-02,1.5065932559e+00,0.0690,1.2168e-03
379.998,1.2777745169e-03,1.718392e-02,1.5065932559e+00,0.0690,2.2902e-03
380.595,1.2783749236e-03,1.703745e-02,1.5065932559e+00,0.0690,3.4796e-03
381.191,1.2789291904e-03,1.688195e-02,1.5065932559e+00,0.0690,4.6622e-03
381.788,1.2794220519e-03,1.672062e-02,1.5065932559e+00,0.0690,5.8624e-03
382.385,1.2798449348e-03,1.655412e-02,1.5065932559e+00,0.0690,7.0720e-03
382.981,1.2801963846e-03,1.638466e-02,1.5065932559e+00,0.0690,8.2750e-03
383.578,1.2804815590e-03,1.621494e-02,1.5065932559e+00,0.0690,9.4506e-03
384.174,1.2807107984e-03,1.604771e-02,1.5065932559e+00,0.0690,1.0582e-02
384.771,1.2808974356e-03,1.588582e-02,1.5065932559e+00,0.0690,1.1655e-02
385.367,1.2810553297e-03,1.573214e-02,1.5065932559e+00,0.0690,1.2652e-02
385.964,1.2811965940e-03,1.558954e-02,1.5065932559e+00,0.0690,1.3552e-02
386.560,1.2813298226e-03,1.546081e-02,1.5065932559e+00,0.0690,1.4326e-02
387.157,1.2814589971e-03,1.534849e-02,1.5065932559e+00,0.0690,1.4950e-02
387.753,1.2815831844e-03,1.525486e-02,1.5065932559e+00,0.0690,1.5396e-02
388.350,1.2816970476e-03,1.518188e-02,1.5065932559e+00,0.0690,1.5637e-02
388.947,1.2817920588e-03,1.513107e-02,1.5065932559e+00,0.0690,1.5645e-02
389.543,1.2818581433e-03,1.510343e-02,1.5065932559e+00,0.0690,1.5393e-02
390.140,1.2818854212e-03,1.509942e-02,1.5065932559e+00,0.0690,1.4859e-02
390.736,1.2818657434e-03,1.511981e-02,1.5065932559e+00,0.0690,1.4021e-02
391.333,1.2817937898e-03,1.516397e-02,1.5065932559e+00,0.0690,1.2870e-02
391.929,1.2816676730e-03,1.522931e-02,1.5065932559e+00,0.0690,1.1405e-02
392.526,1.2814891258e-03,1.531406e-02,1.5065932559e+00,0.0690,9.6332e-03
393.122,1.2812633697e-03,1.541592e-02,1.5065932559e+00,0.0690,7.5947e-03
393.719,1.2809987088e-03,1.553452e-02,1.5065932559e+00,0.0690,5.4171e-03
394.315,1.2807058443e-03,1.566517e-02,1.5065932559e+00,0.0690,5.3394e-03
394.912,1.2803969229e-03,1.580758e-02,1.5065932559e+00,0.0690,6.4506e-03
395.509,1.2800843923e-03,1.596052e-02,1.5065932559e+00,0.0690,7.4615e-03
396.105,1.2797797625e-03,1.612264e-02,1.5065932559e+00,0.0690,8.3621e-03
396.702,1.2794924670e-03,1.629360e-02,1.5065932559e+00,0.0690,9.1131e-03
397.298,1.2792290804e-03,1.647266e-02,1.5065932559e+00,0.0690,9.7065e-03
397.895,1.2789930659e-03,1.665924e-02,1.5065932559e+00,0.0690,1.0131e-02
398.491,1.2787850110e-03,1.685273e-02,1.5065932559e+00,0.0690,1.0378e-02
399.088,1.2786031334e-03,1.705246e-02,1.5065932559e+00,0.0690,1.1803e-02
399.684,1.2784438311e-03,1.725549e-02,1.5065932559e+00,0.0690,1.3025e-02
400.281,1.2783021846e-03,1.745801e-02,1.5065932559e+00,0.0690,1.3925e-02
400.877,1.2781724903e-03,1.765678e-02,1.5065932559e+00,0.0690,1.4516e-02
401.474,1.2780489773e-03,1.784838e-02,1.5065932559e+00,0.0690,1.4815e-02
402.071,1.2779267773e-03,1.802924e-02,1.5065932559e+00,0.0690,1.4842e-02
402.667,1.2778029985e-03,1.819587e-02,1.5065932559e+00,0.0690,1.4621e-02
403.264,1.2776775574e-03,1.834501e-02,1.5065932559e+00,0.0690,1.4174e-02
403.860,1.2775533773e-03,1.847385e-02,1.5065932559e+00,0.0690,1.3523e-02
404.457,1.2774357652e-03,1.858016e-02,1.5065932559e+00,0.0690,1.2690e-02
405.053,1.2773311207e-03,1.866237e-02,1.5065932559e+00,0.0690,1.1694e-02
405.650,1.2772454419e-03,1.872078e-02,1.5065932559e+00,0.0690,3.1464e-02
406.246,1.2771832411e-03,1.876062e-02,1.5065932559e+00,0.0690,3.2603e-02
406.843,1.2771471755e-03,1.877362e-02,1.5065932559e+00,0.0690,2.9413e-02
407.439,1.2771383961e-03,1.876207e-02,1.5065932559e+00,0.0690,2.5421e-02
408.036,1.2771572880e-03,1.872809e-02,1.5065932559e+00,0.0690,2.0949e-02
408.632,1.2772040958e-03,1.866978e-02,1.5065932559e+00,0.0690,1.5926e-02
409.229,1.2772790459e-03,1.858814e-02,1.5065932559e+00,0.0690,1.0173e-02
409.826,1.2773819066e-03,1.848242e-02,1.5065932559e+00,0.0690,3.5784e-03
410.422,1.2775112596e-03,1.835263e-02,1.5065932559e+00,0.0690,4.6417e-03
411.019,1.2776639114e-03,1.820209e-02,1.5065932559e+00,0.0690,1.1329e-02
411.615,1.2778348445e-03,1.803450e-02,1.5065932559e+00,0.0690,1.8574e-02
412.212,1.2780177493e-03,1.785503e-02,1.5065932559e+00,0.0690,2.5796e-02
412.808,1.2782061040e-03,1.766227e-02,1.5065932559e+00,0.0690,3.3080e-02
413.405,1.2783945182e-03,1.745862e-02,1.5065932559e+00,0.0690,4.0496e-02
414.001,1.2785798026e-03,1.724712e-02,1.5065932559e+00,0.0690,4.8101e-02
414.598,1.2787615135e-03,1.703098e-02,1.5065932559e+00,0.0690,5.5952e-02
415.194,1.2789419923e-03,1.681339e-02,1.5065932559e+00,0.0690,6.3994e-02
415.791,1.2791259684e-03,1.659740e-02,1.5065932559e+00,0.0690,7.2062e-02
416.388,1.2793197390e-03,1.638593e-02,1.5065932559e+00,0.0690,8.0148e-02
416.984,1.2795299662e-03,1.618175e-02,1.5065932559e+00,0.0690,8.8245e-02
417.581,1.2797622426e-03,1.598865e-02,1.5065932559e+00,0.0690,9.6344e-02
418.177,1.2800197151e-03,1.580945e-02,1.5065932559e+00,0.0690,1.0444e-01
418.774,1.2803021068e-03,1.564600e-02,1.5065932559e+00,0.0690,1.1252e-01
419.370,1.2806053622e-03,1.549974e-02,1.5065932559e+00,0.0690,1.2058e-01
419.967,1.2809219431e-03,1.537163e-02,1.5065932559e+00,0.0690,1.2863e-01
420.563,1.2812416364e-03,1.526214e-02,1.5065932559e+00,0.0690,1.3667e-01
421.160,1.2815526853e-03,1.517119e-02,1.5065932559e+00,0.0690,1.4468e-01
421.756,1.2818430774e-03,1.509816e-02,1.5065932559e+00,0.0690,1.5268e-01
422.353,1.2821018415e-03,1.504200e-02,1.5065932559e+00,0.0690,1.6066e-01
422.950,1.2823201583e-03,1.500131e-02,1.5065932559e+00,0.0690,1.6862e-01
423.546,1.2824920727e-03,1.497418e-02,1.5065932559e+00,0.0690,1.7657e-01
424.143,1.2826146764e-03,1.495797e-02,1.5065932559e+00,0.0690,1.8449e-01
424.739,1.2826878172e-03,1.494995e-02,1.5065932559e+00,0.0690,1.9239e-01
425.336,1.2827135598e-03,1.494682e-02,1.5065932559e+00,0.0690,2.0027e-01
425.932,1.2826956477e-03,1.495221e-02,1.5065932559e+00,0.0690,2.0813e-01
426.529,1.2826391002e-03,1.496568e-02,1.5065932559e+00,0.0690,2.1596e-01
427.125,1.2825499053e-03,1.498779e-02,1.5065932559e+00,0.0690,2.2377e-01
427.722,1.2824347060e-03,1.502728e-02,1.5065932559e+00,0.0690,3.1643e-02
428.318,1.2823004305e-03,1.508248e-02,1.5065932559e+00,0.0690,1.5153e-02
428.915,1.2821538745e-03,1.516125e-02,1.5065932559e+00,0.0690,1.3035e-02
429.512,1.2820013197e-03,1.526957e-02,1.5065932559e+00,0.0690,1.3867e-02
430.108,1.2818482848e-03,1.541165e-02,1.5065932559e+00,0.0690,1.4438e-02
430.705,1.2816994551e-03,1.559166e-02,1.5065932559e+00,0.0690,1.7893e-02
431.301,1.2815587632e-03,1.580846e-02,1.5065932559e+00,0.0690,2.1610e-02
431.898,1.2814294989e-03,1.605627e-02,1.5065932559e+00,0.0690,2.4058e-02
432.494,1.2813142863e-03,1.632869e-02,1.5065932559e+00,0.0690,2.5518e-02
433.091,1.2812148311e-03,1.661772e-02,1.5065932559e+00,0.0690,2.6210e-02
433.687,1.2811314818e-03,1.691444e-02,1.5065932559e+00,0.0690,2.6314e-02
434.284,1.2810627586e-03,1.720955e-02,1.5065932559e+00,0.0690,2.5964e-02
434.880,1.2810050081e-03,1.749403e-02,1.5065932559e+00,0.0690,2.5260e-02
435.477,1.2809522727e-03,1.775976e-02,1.5065932559e+00,0.0690,2.4251e-02
436.073,1.2808964681e-03,1.800008e-02,1.5065932559e+00,0.0690,2.2999e-02
436.670,1.2808279457e-03,1.821023e-02,1.5065932559e+00,0.0690,2.1562e-02
437.267,1.2807365037e-03,1.838750e-02,1.5065932559e+00,0.0690,1.9983e-02
437.863,1.2806128722e-03,1.853112e-02,1.5065932559e+00,0.0690,1.8300e-02
438.460,1.2804505240e-03,1.864197e-02,1.5065932559e+00,0.0690,1.6539e-02
439.056,1.2802474026e-03,1.872437e-02,1.5065932559e+00,0.0690,3.1818e-02
439.653,1.2800070054e-03,1.878222e-02,1.5065932559e+00,0.0690,3.4527e-02
440.249,1.2797383736e-03,1.881447e-02,1.5065932559e+00,0.0690,2.6897e-02
440.846,1.2794549228e-03,1.882357e-02,1.5065932559e+00,0.0690,1.9430e-02
441.442,1.2791724965e-03,1.881266e-02,1.5065932559e+00,0.0690,1.2095e-02
442.039,1.2789072977e-03,1.878171e-02,1.5065932559e+00,0.0690,6.8513e-03
442.635,1.2786743011e-03,1.873164e-02,1.5065932559e+00,0.0690,4.5754e-03
443.232,1.2784864302e-03,1.866601e-02,1.5065932559e+00,0.0690,9.5744e-03
443.829,1.2783543781e-03,1.858696e-02,1.5065932559e+00,0.0690,1.6553e-02
444.425,1.2782866975e-03,1.849362e-02,1.5065932559e+00,0.0690,2.3452e-02
445.022,1.2782897761e-03,1.838581e-02,1.5065932559e+00,0.0690,3.0305e-02
445.618,1.2783675209e-03,1.826277e-02,1.5065932559e+00,0.0690,3.7206e-02
446.215,1.2785208371e-03,1.812582e-02,1.5065932559e+00,0.0690,4.4188e-02
446.811,1.2787471832e-03,1.797658e-02,1.5065932559e+00,0.0690,5.1269e-02
447.408,1.2790403446e-03,1.781729e-02,1.5065932559e+00,0.0690,5.8480e-02
448.004,1.2793906859e-03,1.765076e-02,1.5065932559e+00,0.0690,6.5852e-02
448.601,1.2797858687e-03,1.748024e-02,1.5065932559e+00,0.0690,7.3413e-02
449.197,1.2802117374e-03,1.730945e-02,1.5065932559e+00,0.0690,8.1186e-02
449.794,1.2806532160e-03,1.714217e-02,1.5065932559e+00,0.0690,8.9179e-02
450.391,1.2810952003e-03,1.698158e-02,1.5065932559e+00,0.0690,9.7270e-02
450.987,1.2815234404e-03,1.683033e-02,1.5065932559e+00,0.0690,1.0535e-01
451.584,1.2819252862e-03,1.669037e-02,1.5065932559e+00,0.0690,1.1342e-01
452.180,1.2822900583e-03,1.656288e-02,1.5065932559e+00,0.0690,1.2148e-01
452.777,1.2826089079e-03,1.644825e-02,1.5065932559e+00,0.0690,1.2952e-01
453.373,1.2828743211e-03,1.634619e-02,1.5065932559e+00,0.0690,1.3755e-01
453.970,1.2830797356e-03,1.625585e-02,1.5065932559e+00,0.0690,1.4557e-01
454.566,1.2832196539e-03,1.617601e-02,1.5065932559e+00,0.0690,1.5356e-01
455.163,1.2832902377e-03,1.610524e-02,1.5065932559e+00,0.0690,1.6114e-01
455.759,1.2832898569e-03,1.604204e-02,1.5065932559e+00,0.0690,1.6753e-01
456.356,1.2832190474e-03,1.599112e-02,1.5065932559e+00,0.0690,2.2877e-02
456.953,1.2830798555e-03,1.595025e-02,1.5065932559e+00,0.0690,1.7529e-02
457.549,1.2828750683e-03,1.591112e-02,1.5065932559e+00,0.0690,1.2464e-02
458.146,1.2826079070e-03,1.587324e-02,1.5065932559e+00,0.0690,7.7539e-03
458.742,1.2822823476e-03,1.583406e-02,1.5065932559e+00,0.0690,3.4838e-03
459.339,1.2819037218e-03,1.579613e-02,1.5065932559e+00,0.0690,9.7058e-04
459.935,1.2814790643e-03,1.576236e-02,1.5065932559e+00,0.0690,3.4253e-03
460.532,1.2810169675e-03,1.573526e-02,1.5065932559e+00,0.0690,6.2370e-03
461.128,1.2805272839e-03,1.571423e-02,1.5065932559e+00,0.0690,8.5956e-03
461.725,1.2800209703e-03,1.569927e-02,1.5065932559e+00,0.0690,1.0506e-02
462.321,1.2795107196e-03,1.569009e-02,1.5065932559e+00,0.0690,1.2025e-02
462.918,1.2790123891e-03,1.568821e-02,1.5065932559e+00,0.0690,1.3213e-02
463.515,1.2785456736e-03,1.569578e-02,1.5065932559e+00,0.0690,1.4120e-02
464.111,1.2781331045e-03,1.571453e-02,1.5065932559e+00,0.0690,1.4783e-02
464.708,1.2777975945e-03,1.574824e-02,1.5065932559e+00,0.0690,1.5229e-02
465.304,1.2775591198e-03,1.580004e-02,1.5065932559e+00,0.0690,1.5468e-02
465.901,1.2774310743e-03,1.587154e-02,1.5065932559e+00,0.0690,1.5511e-02
466.497,1.2774168085e-03,1.596354e-02,1.5065932559e+00,0.0690,1.5376e-02
467.094,1.2775071003e-03,1.607589e-02,1.5065932559e+00,0.0690,1.5079e-02
467.690,1.2776793919e-03,1.620733e-02,1.5065932559e+00,0.0690,1.4639e-02
468.287,1.2778992211e-03,1.635552e-02,1.5065932559e+00,0.0690,1.4077e-02
468.883,1.2781234656e-03,1.651715e-02,1.5065932559e+00,0.0690,1.3409e-02
469.480,1.2783049441e-03,1.668807e-02,1.5065932559e+00,0.0690,1.2654e-02
470.076,1.2783977834e-03,1.686361e-02,1.5065932559e+00,0.0690,1.1825e-02
470.673,1.2783627286e-03,1.703884e-02,1.5065932559e+00,0.0690,1.0937e-02
471.270,1.2781716039e-03,1.720887e-02,1.5065932559e+00,0.0690,1.0001e-02
471.866,1.2778104172e-03,1.736920e-02,1.5065932559e+00,0.0690,9.0275e-03
472.463,1.2772809510e-03,1.751591e-02,1.5065932559e+00,0.0690,8.0245e-03
473.059,1.2766009024e-03,1.764588e-02,1.5065932559e+00,0.0690,6.9993e-03
473.656,1.2758026761e-03,1.775691e-02,1.5065932559e+00,0.0690,5.9581e-03
474.252,1.2749308700e-03,1.784769e-02,1.5065932559e+00,0.0690,4.9060e-03
474.849,1.2740386633e-03,1.791800e-02,1.5065932559e+00,0.0690,3.8470e-03
475.445,1.2731833578e-03,1.796889e-02,1.5065932559e+00,0.0690,2.7823e-03
476.042,1.2724222726e-03,1.799988e-02,1.5065932559e+00,0.0690,1.7095e-03
476.638,1.2718081318e-03,1.801179e-02,1.5065932559e+00,0.0690,6.3711e-04
477.235,1.2713839604e-03,1.800676e-02,1.5065932559e+00,0.0690,6.5568e-04
477.832,1.2711797748e-03,1.798769e-02,1.5065932559e+00,0.0690,1.4341e-03
478.428,1.2712114803e-03,1.795505e-02,1.5065932559e+00,0.0690,2.4571e-03
479.025,1.2714812200e-03,1.791027e-02,1.5065932559e+00,0.0690,3.4626e-03
479.621,1.2719782577e-03,1.785465e-02,1.5065932559e+00,0.0690,4.4465e-03
480.218,1.2726799691e-03,1.778939e-02,1.5065932559e+00,0.0690,5.4043e-03
480.814,1.2735531715e-03,1.771567e-02,1.5065932559e+00,0.0690,6.3300e-03
481.411,1.2745563034e-03,1.763462e-02,1.5065932559e+00,0.0690,7.2176e-03
482.007,1.2756425696e-03,1.754739e-02,1.5065932559e+00,0.0690,8.0601e-03
482.604,1.2767646653e-03,1.745510e-02,1.5065932559e+00,0.0690,8.8506e-03
483.200,1.2778794466e-03,1.735894e-02,1.5065932559e+00,0.0690,9.5815e-03
483.797,1.2789508911e-03,1.726016e-02,1.5065932559e+00,0.0690,1.0242e-02
484.394,1.2799514866e-03,1.716002e-02,1.5065932559e+00,0.0690,1.0817e-02
484.990,1.2808624690e-03,1.705964e-02,1.5065932559e+00,0.0690,1.1299e-02
485.587,1.2816734215e-03,1.696006e-02,1.5065932559e+00,0.0690,1.1680e-02
486.183,1.2823814945e-03,1.686218e-02,1.5065932559e+00,0.0690,1.1954e-02
486.780,1.2829902214e-03,1.676679e-02,1.5065932559e+00,0.0690,1.2117e-02
487.376,1.2835078480e-03,1.667469e-02,1.5065932559e+00,0.0690,1.2168e-02
487.973,1.2839452486e-03,1.658666e-02,1.5065932559e+00,0.0690,1.2105e-02
488.569,1.2843137136e-03,1.650353e-02,1.5065932559e+00,0.0690,1.1931e-02
489.166,1.2846230615e-03,1.642615e-02,1.5065932559e+00,0.0690,1.1651e-02
489.762,1.2848802479e-03,1.635548e-02,1.5065932559e+00,0.0690,1.1271e-02
490.359,1.2850888119e-03,1.629261e-02,1.5065932559e+00,0.0690,1.0801e-02
490.956,1.2852495093e-03,1.623845e-02,1.5065932559e+00,0.0690,1.0249e-02
491.552,1.2853606227e-03,1.619375e-02,1.5065932559e+00,0.0690,9.6319e-03
492.149,1.2854184809e-03,1.616126e-02,1.5065932559e+00,0.0690,8.9803e-03
492.745,1.2854187482e-03,1.614283e-02,1.5065932559e+00,0.0690,8.3034e-03
493.342,1.2853579533e-03,1.614011e-02,1.5065932559e+00,0.0690,7.6074e-03
493.938,1.2852345048e-03,1.615417e-02,1.5065932559e+00,0.0690,6.8969e-03
494.535,1.2850490717e-03,1.618512e-02,1.5065932559e+00,0.0690,6.1698e-03
495.131,1.2848046293e-03,1.623308e-02,1.5065932559e+00,0.0690,5.4227e-03
495.728,1.2845064358e-03,1.629824e-02,1.5065932559e+00,0.0690,4.6565e-03
496.324,1.2841619771e-03,1.638021e-02,1.5065932559e+00,0.0690,3.8784e-03
496.921,1.2837807854e-03,1.647782e-02,1.5065932559e+00,0.0690,3.0968e-03
497.518,1.2833740765e-03,1.658954e-02,1.5065932559e+00,0.0690,2.4061e-03
498.114,1.2829542753e-03,1.671354e-02,1.5065932559e+00,0.0690,2.7442e-03
498.711,1.2825345369e-03,1.684772e-02,1.5065932559e+00,0.0690,3.0421e-03
499.307,1.2821282505e-03,1.698982e-02,1.5065932559e+00,0.0690,3.2949e-03
499.904,1.2817483650e-03,1.713726e-02,1.5065932559e+00,0.0690,3.5022e-03
500.500,1.2814064455e-03,1.728727e-02,1.5065932559e+00,0.0690,3.6626e-03
501.097,1.2811115197e-03,1.743738e-02,1.5065932559e+00,0.0690,3.7620e-03
501.693,1.2808688908e-03,1.758496e-02,1.5065932559e+00,0.0690,3.7961e-03
502.290,1.2806791943e-03,1.772730e-02,1.5065932559e+00,0.0690,3.7654e-03
502.886,1.2805379937e-03,1.786170e-02,1.5065932559e+00,0.0690,3.6714e-03
503.483,1.2804360690e-03,1.798561e-02,1.5065932559e+00,0.0690,3.5164e-03
504.079,1.2803602900e-03,1.809676e-02,1.5065932559e+00,0.0690,3.3014e-03
504.676,1.2802947421e-03,1.819325e-02,1.5065932559e+00,0.0690,3.0286e-03
505.273,1.2802218204e-03,1.827360e-02,1.5065932559e+00,0.0690,2.7972e-03
505.869,1.2801232288e-03,1.833668e-02,1.5065932559e+00,0.0690,2.7326e-03
506.466,1.2799812090e-03,1.837968e-02,1.5065932559e+00,0.0690,2.5821e-03
507.062,1.2797804622e-03,1.840325e-02,1.5065932559e+00,0.0690,2.3297e-03
507.659,1.2795107798e-03,1.841170e-02,1.5065932559e+00,0.0690,1.9645e-03
508.255,1.2791696960e-03,1.840581e-02,1.5065932559e+00,0.0690,1.4892e-03
508.852,1.2787640051e-03,1.838504e-02,1.5065932559e+00,0.0690,9.0792e-04
509.448,1.2783094238e-03,1.835150e-02,1.5065932559e+00,0.0690,2.3097e-04
510.045,1.2778282615e-03,1.830646e-02,1.5065932559e+00,0.0690,6.3412e-04
510.641,1.2773457560e-03,1.825221e-02,1.5065932559e+00,0.0690,1.3554e-03
511.238,1.2768867046e-03,1.819160e-02,1.5065932559e+00,0.0690,2.2127e-03
511.835,1.2764736030e-03,1.812674e-02,1.5065932559e+00,0.0690,3.0814e-03
512.431,1.2761264983e-03,1.805927e-02,1.5065932559e+00,0.0690,3.9520e-03
513.028,1.2758637248e-03,1.799047e-02,1.5065932559e+00,0.0690,4.8185e-03
513.624,1.2757023376e-03,1.792247e-02,1.5065932559e+00,0.0690,5.6961e-03
514.221,1.2756574404e-03,1.785450e-02,1.5065932559e+00,0.0690,6.5794e-03
514.817,1.2757405172e-03,1.778531e-02,1.5065932559e+00,0.0690,7.4492e-03
515.414,1.2759575216e-03,1.771355e-02,1.5065932559e+00,0.0690,8.2837e-03
516.010,1.2763074581e-03,1.763743e-02,1.5065932559e+00,0.0690,9.0599e-03
516.607,1.2767819927e-03,1.755487e-02,1.5065932559e+00,0.0690,9.7535e-03
517.203,1.2773661345e-03,1.746373e-02,1.5065932559e+00,0.0690,1.0340e-02
517.800,1.2780395173e-03,1.736206e-02,1.5065932559e+00,0.0690,1.0795e-02
518.397,1.2787779231e-03,1.724837e-02,1.5065932559e+00,0.0690,1.1098e-02
518.993,1.2795548399e-03,1.712189e-02,1.5065932559e+00,0.0690,1.1229e-02
519.590,1.2803428098e-03,1.698275e-02,1.5065932559e+00,0.0690,1.1179e-02
520.186,1.2811145852e-03,1.683217e-02,1.5065932559e+00,0.0690,1.0943e-02
520.783,1.2818443619e-03,1.667248e-02,1.5065932559e+00,0.0690,1.0527e-02
521.379,1.2825092032e-03,1.650710e-02,1.5065932559e+00,0.0690,9.9464e-03
521.976,1.2830904392e-03,1.633980e-02,1.5065932559e+00,0.0690,9.2250e-03
522.572,1.2835746898e-03,1.617550e-02,1.5065932559e+00,0.0690,8.4168e-03
523.169,1.2839542333e-03,1.602099e-02,1.5065932559e+00,0.0690,7.5669e-03
523.765,1.2842266640e-03,1.588231e-02,1.5065932559e+00,0.0690,6.6973e-03
524.362,1.2843940920e-03,1.576517e-02,1.5065932559e+00,0.0690,5.8257e-03
524.959,1.2844621727e-03,1.567457e-02,1.5065932559e+00,0.0690,4.9639e-03
525.555,1.2844395468e-03,1.561438e-02,1.5065932559e+00,0.0690,4.1181e-03
526.152,1.2843371426e-03,1.558865e-02,1.5065932559e+00,0.0690,3.2891e-03
526.748,1.2841670943e-03,1.559623e-02,1.5065932559e+00,0.0690,3.1251e-03
527.345,1.2839418457e-03,1.563746e-02,1.5065932559e+00,0.0690,3.6527e-03
527.941,1.2836735843e-03,1.571183e-02,1.5065932559e+00,0.0690,4.2023e-03
528.538,1.2833738746e-03,1.581568e-02,1.5065932559e+00,0.0690,4.7740e-03
529.134,1.2830533048e-03,1.594305e-02,1.5065932559e+00,0.0690,5.3817e-03
529.731,1.2827210474e-03,1.609057e-02,1.5065932559e+00,0.0690,6.0063e-03
530.327,1.2823843630e-03,1.625476e-02,1.5065932559e+00,0.0690,6.6134e-03
530.924,1.2820481804e-03,1.643151e-02,1.5065932559e+00,0.0690,7.1848e-03
531.521,1.2817149081e-03,1.661686e-02,1.5065932559e+00,0.0690,7.7064e-03
532.117,1.2813845897e-03,1.680723e-02,1.5065932559e+00,0.0690,8.1640e-03
532.714,1.2810554412e-03,1.699947e-02,1.5065932559e+00,0.0690,8.5438e-03
533.310,1.2807247003e-03,1.719096e-02,1.5065932559e+00,0.0690,8.8321e-03
533.907,1.2803896140e-03,1.737984e-02,1.5065932559e+00,0.0690,9.0104e-03
534.503,1.2800483410e-03,1.756428e-02,1.5065932559e+00,0.0690,9.0740e-03
535.100,1.2797004943e-03,1.774282e-02,1.5065932559e+00,0.0690,9.7511e-03
535.696,1.2793471708e-03,1.791348e-02,1.5065932559e+00,0.0690,1.0561e-02
536.293,1.2789905979e-03,1.807346e-02,1.5065932559e+00,0.0690,1.1182e-02
536.889,1.2786337298e-03,1.822085e-02,1.5065932559e+00,0.0690,1.1605e-02
537.486,1.2782800916e-03,1.835383e-02,1.5065932559e+00,0.0690,1.1831e-02
538.082,1.2779339157e-03,1.847072e-02,1.5065932559e+00,0.0690,1.1864e-02
538.679,1.2776003385e-03,1.857002e-02,1.5065932559e+00,0.0690,1.1713e-02
539.276,1.2772853389e-03,1.865053e-02,1.5065932559e+00,0.0690,1.1389e-02
539.872,1.2769952549e-03,1.871140e-02,1.5065932559e+00,0.0690,1.0903e-02
540.469,1.2767360136e-03,1.875224e-02,1.5065932559e+00,0.0690,1.0270e-02
541.065,1.2765124288e-03,1.877318e-02,1.5065932559e+00,0.0690,9.5020e-03
541.662,1.2763279086e-03,1.878042e-02,1.5065932559e+00,0.0690,3.0807e-02
542.258,1.2761846734e-03,1.876947e-02,1.5065932559e+00,0.0690,2.8195e-02
542.855,1.2760842746e-03,1.874355e-02,1.5065932559e+00,0.0690,2.4745e-02
543.451,1.2760280183e-03,1.870155e-02,1.5065932559e+00,0.0690,2.0655e-02
544.048,1.2760169569e-03,1.864368e-02,1.5065932559e+00,0.0690,1.6120e-02
544.644,1.2760513668e-03,1.857173e-02,1.5065932559e+00,0.0690,1.1030e-02
545.241,1.2761299379e-03,1.848628e-02,1.5065932559e+00,0.0690,5.1772e-03
545.838,1.2762490885e-03,1.838839e-02,1.5065932559e+00,0.0690,2.1027e-03
546.434,1.2764027973e-03,1.828175e-02,1.5065932559e+00,0.0690,8.9080e-03
547.031,1.2765831396e-03,1.816869e-02,1.5065932559e+00,0.0690,1.6016e-02
547.627,1.2767814403e-03,1.805428e-02,1.5065932559e+00,0.0690,2.3039e-02
548.224,1.2769897250e-03,1.793922e-02,1.5065932559e+00,0.0690,3.0038e-02
548.820,1.2772020594e-03,1.782415e-02,1.5065932559e+00,0.0690,3.7073e-02
549.417,1.2774154142e-03,1.771075e-02,1.5065932559e+00,0.0690,4.4187e-02
550.013,1.2776298515e-03,1.760034e-02,1.5065932559e+00,0.0690,5.1423e-02
550.610,1.2778480188e-03,1.749376e-02,1.5065932559e+00,0.0690,5.8822e-02
551.206,1.2780740324e-03,1.739132e-02,1.5065932559e+00,0.0690,6.6419e-02
551.803,1.2783120740e-03,1.729279e-02,1.5065932559e+00,0.0690,7.4248e-02
552.400,1.2785649283e-03,1.719753e-02,1.5065932559e+00,0.0690,8.2307e-02
552.996,1.2788326702e-03,1.710472e-02,1.5065932559e+00,0.0690,9.0411e-02
553.593,1.2791118002e-03,1.701290e-02,1.5065932559e+00,0.0690,9.8509e-02
554.189,1.2793950497e-03,1.692045e-02,1.5065932559e+00,0.0690,1.0660e-01
554.786,1.2796718985e-03,1.682580e-02,1.5065932559e+00,0.0690,1.1468e-01
555.382,1.2799296872e-03,1.672763e-02,1.5065932559e+00,0.0690,1.2274e-01
555.979,1.2801551227e-03,1.662501e-02,1.5065932559e+00,0.0690,1.3078e-01
556.575,1.2803359411e-03,1.651757e-02,1.5065932559e+00,0.0690,1.3881e-01
557.172,1.2804624908e-03,1.640565e-02,1.5065932559e+00,0.0690,1.4682e-01
557.768,1.2805290332e-03,1.629041e-02,1.5065932559e+00,0.0690,1.5482e-01
558.365,1.2805345647e-03,1.617368e-02,1.5065932559e+00,0.0690,1.6279e-01
558.962,1.2804830074e-03,1.605787e-02,1.5065932559e+00,0.0690,1.7010e-01
559.558,1.2803827433e-03,1.594618e-02,1.5065932559e+00,0.0690,1.7584e-01
560.155,1.2802456027e-03,1.584315e-02,1.5065932559e+00,0.0690,1.7947e-01
560.751,1.2800855134e-03,1.575389e-02,1.5065932559e+00,0.0690,1.8069e-01
561.348,1.2799170321e-03,1.568259e-02,1.5065932559e+00,0.0690,1.7939e-01
561.944,1.2797539344e-03,1.563251e-02,1.5065932559e+00,0.0690,1.7535e-01
562.541,1.2796079689e-03,1.560597e-02,1.5065932559e+00,0.0690,1.6850e-01
563.137,1.2794878566e-03,1.560314e-02,1.5065932559e+00,0.0690,1.5894e-01
563.734,1.2793986340e-03,1.562412e-02,1.5065932559e+00,0.0690,1.4706e-01
564.330,1.2793414135e-03,1.567064e-02,1.5065932559e+00,0.0690,6.3665e-03
564.927,1.2793135671e-03,1.574201e-02,1.5065932559e+00,0.0690,1.0751e-02
565.523,1.2793093043e-03,1.583698e-02,1.5065932559e+00,0.0690,1.4453e-02
566.120,1.2793205803e-03,1.595002e-02,1.5065932559e+00,0.0690,1.7538e-02
566.717,1.2793382057e-03,1.607505e-02,1.5065932559e+00,0.0690,2.0100e-02
567.313,1.2793530223e-03,1.620849e-02,1.5065932559e+00,0.0690,2.2228e-02
567.910,1.2793570413e-03,1.634688e-02,1.5065932559e+00,0.0690,2.3988e-02
568.506,1.2793444444e-03,1.648752e-02,1.5065932559e+00,0.0690,2.5412e-02
569.103,1.2793123098e-03,1.662860e-02,1.5065932559e+00,0.0690,2.6514e-02
569.699,1.2792608906e-03,1.676950e-02,1.5065932559e+00,0.0690,2.7304e-02
570.296,1.2791933374e-03,1.691207e-02,1.5065932559e+00,0.0690,2.7782e-02
570.892,1.2791149277e-03,1.705737e-02,1.5065932559e+00,0.0690,2.7948e-02
571.489,1.2790320773e-03,1.720619e-02,1.5065932559e+00,0.0690,2.7812e-02
572.085,1.2789515004e-03,1.735919e-02,1.5065932559e+00,0.0690,2.7394e-02
572.682,1.2788797589e-03,1.751649e-02,1.5065932559e+00,0.0690,2.6717e-02
573.279,1.2788231672e-03,1.767752e-02,1.5065932559e+00,0.0690,2.5807e-02
573.875,1.2787877777e-03,1.784086e-02,1.5065932559e+00,0.0690,2.4693e-02
574.472,1.2787791516e-03,1.800556e-02,1.5065932559e+00,0.0690,5.6542e-02
575.068,1.2788018227e-03,1.817585e-02,1.5065932559e+00,0.0690,5.8472e-02
575.665,1.2788586638e-03,1.833908e-02,1.5065932559e+00,0.0690,5.4512e-02
576.261,1.2789505547e-03,1.849003e-02,1.5065932559e+00,0.0690,5.0196e-02
576.858,1.2790766705e-03,1.862475e-02,1.5065932559e+00,0.0690,4.5621e-02
577.454,1.2792353850e-03,1.873997e-02,1.5065932559e+00,0.0690,4.0801e-02
578.051,1.2794253890e-03,1.883378e-02,1.5065932559e+00,0.0690,3.5796e-02
578.647,1.2796464252e-03,1.890388e-02,1.5065932559e+00,0.0690,3.0656e-02
579.244,1.2798990973e-03,1.894878e-02,1.5065932559e+00,0.0690,2.5424e-02
579.841,1.2801837571e-03,1.896753e-02,1.5065932559e+00,0.0690,2.0086e-02
580.437,1.2804988781e-03,1.895844e-02,1.5065932559e+00,0.0690,1.4592e-02
581.034,1.2808396078e-03,1.892248e-02,1.5065932559e+00,0.0690,8.9095e-03
581.630,1.2811972360e-03,1.886137e-02,1.5065932559e+00,0.0690,2.9894e-03
582.227,1.2815599937e-03,1.877734e-02,1.5065932559e+00,0.0690,3.0621e-03
582.823,1.2819150147e-03,1.867787e-02,1.5065932559e+00,0.0690,8.9448e-03
583.420,1.2822507882e-03,1.856531e-02,1.5065932559e+00,0.0690,1.4735e-02
584.016,1.2825592806e-03,1.844167e-02,1.5065932559e+00,0.0690,2.0536e-02
584.613,1.2828370860e-03,1.831072e-02,1.5065932559e+00,0.0690,2.6390e-02
585.209,1.2830853307e-03,1.817600e-02,1.5065932559e+00,0.0690,3.2414e-02
585.806,1.2833084677e-03,1.804094e-02,1.5065932559e+00,0.0690,3.8689e-02
586.403,1.2835123973e-03,1.790797e-02,1.5065932559e+00,0.0690,4.5256e-02
586.999,1.2837024540e-03,1.777870e-02,1.5065932559e+00,0.0690,5.2151e-02
587.596,1.2838817232e-03,1.765404e-02,1.5065932559e+00,0.0690,5.9377e-02
588.192,1.2840499568e-03,1.753429e-02,1.5065932559e+00,0.0690,6.6834e-02
588.789,1.2842031475e-03,1.741949e-02,1.5065932559e+00,0.0690,7.4474e-02
589.385,1.2843336848e-03,1.730938e-02,1.5065932559e+00,0.0690,8.2260e-02
589.982,1.2844310333e-03,1.720314e-02,1.5065932559e+00,0.0690,9.0152e-02
590.578,1.2844829241e-03,1.709981e-02,1.5065932559e+00,0.0690,9.8119e-02
591.175,1.2844770209e-03,1.699842e-02,1.5065932559e+00,0.0690,1.0613e-01
591.771,1.2844028544e-03,1.689821e-02,1.5065932559e+00,0.0690,1.1417e-01
592.368,1.2842536793e-03,1.679918e-02,1.5065932559e+00,0.0690,1.2223e-01
592.965,1.2840278273e-03,1.670146e-02,1.5065932559e+00,0.0690,1.3027e-01
593.561,1.2837291721e-03,1.660539e-02,1.5065932559e+00,0.0690,1.3830e-01
594.158,1.2833666406e-03,1.651196e-02,1.5065932559e+00,0.0690,1.4559e-01
594.754,1.2829530990e-03,1.642364e-02,1.5065932559e+00,0.0690,1.5121e-01
595.351,1.2825041018e-03,1.634353e-02,1.5065932559e+00,0.0690,1.5482e-01
595.947,1.2820368333e-03,1.627396e-02,1.5065932559e+00,0.0690,1.5605e-01
596.544,1.2815692431e-03,1.621689e-02,1.5065932559e+00,0.0690,1.5443e-01
597.140,1.2811191346e-03,1.617287e-02,1.5065932559e+00,0.0690,1.4970e-01
597.737,1.2807029461e-03,1.614374e-02,1.5065932559e+00,0.0690,1.4186e-01
598.333,1.2803342330e-03,1.613258e-02,1.5065932559e+00,0.0690,1.3125e-01
598.930,1.2800221423e-03,1.613937e-02,1.5065932559e+00,0.0690,1.1957e-01
599.526,1.2797702451e-03,1.616090e-02,1.5065932559e+00,0.0690,1.0798e-01
600.123,1.2795760524e-03,1.619503e-02,1.5065932559e+00,0.0690,9.6873e-02
600.720,1.2794313873e-03,1.623853e-02,1.5065932559e+00,0.0690,8.6506e-02
601.316,1.2793235653e-03,1.628809e-02,1.5065932559e+00,0.0690,7.7028e-02
601.913,1.2792371462e-03,1.634069e-02,1.5065932559e+00,0.0690,6.8506e-02
602.509,1.2791559332e-03,1.639398e-02,1.5065932559e+00,0.0690,6.0946e-02
603.106,1.2790649265e-03,1.644650e-02,1.5065932559e+00,0.0690,5.4318e-02
603.702,1.2789520266e-03,1.649784e-02,1.5065932559e+00,0.0690,4.8603e-02
604.299,1.2788093626e-03,1.654859e-02,1.5065932559e+00,0.0690,4.3779e-02
604.895,1.2786341863e-03,1.660081e-02,1.5065932559e+00,0.0690,3.9791e-02
605.492,1.2784291761e-03,1.665719e-02,1.5065932559e+00,0.0690,3.6567e-02
606.088,1.2782020920e-03,1.671948e-02,1.5065932559e+00,0.0690,3.4034e-02
606.685,1.2779648841e-03,1.678910e-02,1.5065932559e+00,0.0690,3.2164e-02
607.282,1.2777320684e-03,1.686675e-02,1.5065932559e+00,0.0690,3.0926e-02
607.878,1.2775184869e-03,1.695227e-02,1.5065932559e+00,0.0690,3.0290e-02
608.475,1.2773369533e-03,1.704816e-02,1.5065932559e+00,0.0690,5.9875e-02
609.071,1.2771963539e-03,1.715432e-02,1.5065932559e+00,0.0690,5.8025e-02
609.668,1.2771005248e-03,1.726167e-02,1.5065932559e+00,0.0690,5.4551e-02
610.264,1.2770478392e-03,1.736658e-02,1.5065932559e+00,0.0690,5.0623e-02
610.861,1.2770313590e-03,1.746633e-02,1.5065932559e+00,0.0690,4.6364e-02
611.457,1.2770395441e-03,1.755804e-02,1.5065932559e+00,0.0690,4.1689e-02
612.054,1.2770575790e-03,1.763872e-02,1.5065932559e+00,0.0690,3.6634e-02
612.650,1.2770692425e-03,1.770571e-02,1.5065932559e+00,0.0690,3.1257e-02
613.247,1.2770590313e-03,1.775698e-02,1.5065932559e+00,0.0690,2.5590e-02
613.844,1.2770141442e-03,1.778921e-02,1.5065932559e+00,0.0690,1.9624e-02
614.440,1.2769260378e-03,1.780306e-02,1.5065932559e+00,0.0690,1.3313e-02
615.037,1.2767914753e-03,1.779840e-02,1.5065932559e+00,0.0690,7.3359e-03
615.633,1.2766131571e-03,1.777748e-02,1.5065932559e+00,0.0690,4.8523e-03
616.230,1.2764000134e-03,1.774433e-02,1.5065932559e+00,0.0690,7.0621e-03
616.826,1.2761671026e-03,1.770226e-02,1.5065932559e+00,0.0690,1.3644e-02
617.423,1.2759349230e-03,1.765531e-02,1.5065932559e+00,0.0690,2.0168e-02
618.019,1.2757279975e-03,1.760553e-02,1.5065932559e+00,0.0690,2.6720e-02
618.616,1.2755726943e-03,1.755632e-02,1.5065932559e+00,0.0690,3.3335e-02
619.212,1.2754945332e-03,1.751075e-02,1.5065932559e+00,0.0690,4.0043e-02
619.809,1.2755155809e-03,1.747119e-02,1.5065932559e+00,0.0690,4.6867e-02
620.406,1.2756521070e-03,1.743923e-02,1.5065932559e+00,0.0690,5.3814e-02
621.002,1.2759127454e-03,1.741570e-02,1.5065932559e+00,0.0690,6.0884e-02
621.599,1.2762974756e-03,1.740063e-02,1.5065932559e+00,0.0690,6.8060e-02
622.195,1.2767975027e-03,1.739341e-02,1.5065932559e+00,0.0690,7.5316e-02
622.792,1.2773958701e-03,1.739293e-02,1.5065932559e+00,0.0690,8.2608e-02
623.388,1.2780685957e-03,1.739770e-02,1.5065932559e+00,0.0690,8.9879e-02
623.985,1.2787862444e-03,1.740601e-02,1.5065932559e+00,0.0690,9.7057e-02
624.581,1.2795160068e-03,1.741610e-02,1.5065932559e+00,0.0690,1.0405e-01
625.178,1.2802240665e-03,1.742625e-02,1.5065932559e+00,0.0690,1.1075e-01
625.774,1.2808780206e-03,1.743490e-02,1.5065932559e+00,0.0690,1.1703e-01
626.371,1.2814492524e-03,1.744072e-02,1.5065932559e+00,0.0690,1.2275e-01
626.968,1.2819151000e-03,1.744265e-02,1.5065932559e+00,0.0690,1.2776e-01
627.564,1.2822605477e-03,1.743991e-02,1.5065932559e+00,0.0690,1.3190e-01
628.161,1.2824792070e-03,1.743197e-02,1.5065932559e+00,0.0690,1.3506e-01
628.757,1.2825734912e-03,1.741853e-02,1.5065932559e+00,0.0690,1.3711e-01
629.354,1.2825540328e-03,1.739952e-02,1.5065932559e+00,0.0690,1.3798e-01
629.950,1.2824385122e-03,1.737405e-02,1.5065932559e+00,0.0690,1.3767e-01
630.547,1.2822501231e-03,1.734362e-02,1.5065932559e+00,0.0690,1.3623e-01
631.143,1.2820156191e-03,1.731066e-02,1.5065932559e+00,0.0690,1.3379e-01
631.740,1.2817634977e-03,1.727626e-02,1.5065932559e+00,0.0690,1.3053e-01
632.336,1.2815217016e-03,1.724275e-02,1.5065932559e+00,0.0690,1.2694e-01
632.933,1.2813143466e-03,1.720975e-02,1.5065932559e+00,0.0690,1.2328e-01
633.529,1.2811590258e-03,1.717832e-02,1.5065932559e+00,0.0690,1.1965e-01
634.126,1.2810652637e-03,1.714937e-02,1.5065932559e+00,0.0690,1.1613e-01
634.723,1.2810340351e-03,1.712395e-02,1.5065932559e+00,0.0690,1.1280e-01
635.319,1.2810582083e-03,1.710365e-02,1.5065932559e+00,0.0690,1.0969e-01
635.916,1.2811235437e-03,1.709087e-02,1.5065932559e+00,0.0690,1.0685e-01
636.512,1.2812102096e-03,1.708710e-02,1.5065932559e+00,0.0690,1.0430e-01
637.109,1.2812948953e-03,1.709340e-02,1.5065932559e+00,0.0690,1.0206e-01
637.705,1.2813535381e-03,1.711042e-02,1.5065932559e+00,0.0690,1.0014e-01
638.302,1.2813644436e-03,1.713833e-02,1.5065932559e+00,0.0690,9.8551e-02
638.898,1.2813112140e-03,1.717681e-02,1.5065932559e+00,0.0690,9.7290e-02
639.495,1.2811848415e-03,1.722503e-02,1.5065932559e+00,0.0690,9.6355e-02
640.091,1.2809846403e-03,1.728174e-02,1.5065932559e+00,0.0690,6.7717e-03
640.688,1.2807179162e-03,1.734532e-02,1.5065932559e+00,0.0690,6.0292e-03
641.285,1.2803985307e-03,1.741389e-02,1.5065932559e+00,0.0690,5.2034e-03
641.881,1.2800448866e-03,1.748541e-02,1.5065932559e+00,0.0690,4.3042e-03
642.478,1.2796776319e-03,1.755774e-02,1.5065932559e+00,0.0690,3.3410e-03
643.074,1.2793172123e-03,1.762903e-02,1.5065932559e+00,0.0690,2.3225e-03
643.671,1.2789814953e-03,1.769860e-02,1.5065932559e+00,0.0690,1.2557e-03
644.267,1.2786838177e-03,1.776530e-02,1.5065932559e+00,0.0690,1.1293e-03
644.864,1.2784317860e-03,1.782584e-02,1.5065932559e+00,0.0690,1.7838e-03
645.460,1.2782269620e-03,1.787698e-02,1.5065932559e+00,0.0690,2.4072e-03
646.057,1.2780653193e-03,1.791866e-02,1.5065932559e+00,0.0690,3.2444e-03
646.653,1.2779382302e-03,1.795043e-02,1.5065932559e+00,0.0690,4.4360e-03
647.250,1.2778338075e-03,1.797061e-02,1.5065932559e+00,0.0690,5.6203e-03
647.847,1.2777385857e-03,1.797811e-02,1.5065932559e+00,0.0690,6.7877e-03
648.443,1.2776395863e-03,1.797272e-02,1.5065932559e+00,0.0690,7.9261e-03
649.040,1.2775266456e-03,1.795473e-02,1.5065932559e+00,0.0690,9.0228e-03
649.636,1.2773945947e-03,1.792484e-02,1.5065932559e+00,0.0690,1.0064e-02
650.233,1.2772446948e-03,1.788410e-02,1.5065932559e+00,0.0690,1.1035e-02
650.829,1.2770848697e-03,1.783382e-02,1.5065932559e+00,0.0690,1.1921e-02
651.426,1.2769287045e-03,1.777554e-02,1.5065932559e+00,0.0690,1.2706e-02
652.022,1.2767936453e-03,1.771108e-02,1.5065932559e+00,0.0690,1.3362e-02
652.619,1.2766990448e-03,1.764222e-02,1.5065932559e+00,0.0690,1.3868e-02
653.215,1.2766645220e-03,1.757064e-02,1.5065932559e+00,0.0690,1.4207e-02
653.812,1.2767087055e-03,1.749797e-02,1.5065932559e+00,0.0690,1.4365e-02
654.409,1.2768480380e-03,1.742566e-02,1.5065932559e+00,0.0690,1.4334e-02
655.005,1.2770952537e-03,1.735491e-02,1.5065932559e+00,0.0690,1.4107e-02
655.602,1.2774574643e-03,1.728666e-02,1.5065932559e+00,0.0690,1.3686e-02
656.198,1.2779342128e-03,1.722148e-02,1.5065932559e+00,0.0690,1.3077e-02
656.795,1.2785160750e-03,1.715963e-02,1.5065932559e+00,0.0690,1.2293e-02
657.391,1.2791843198e-03,1.710107e-02,1.5065932559e+00,0.0690,1.1352e-02
657.988,1.2799118811e-03,1.704469e-02,1.5065932559e+00,0.0690,1.0287e-02
658.584,1.2806656650e-03,1.699158e-02,1.5065932559e+00,0.0690,9.1687e-03
659.181,1.2814098042e-03,1.694173e-02,1.5065932559e+00,0.0690,8.0232e-03
659.777,1.2821090809e-03,1.689474e-02,1.5065932559e+00,0.0690,6.8638e-03
660.374,1.2827320103e-03,1.685086e-02,1.5065932559e+00,0.0690,5.6941e-03
660.971,1.2832532493e-03,1.680947e-02,1.5065932559e+00,0.0690,4.5238e-03
661.567,1.2836552415e-03,1.677244e-02,1.5065932559e+00,0.0690,3.3696e-03
662.164,1.2839292185e-03,1.674148e-02,1.5065932559e+00,0.0690,3.0414e-03
662.760,1.2840756545e-03,1.671687e-02,1.5065932559e+00,0.0690,3.4735e-03
663.357,1.2841040921e-03,1.669889e-02,1.5065932559e+00,0.0690,3.8546e-03
663.953,1.2840321186e-03,1.668820e-02,1.5065932559e+00,0.0690,4.1909e-03
664.550,1.2838833769e-03,1.668538e-02,1.5065932559e+00,0.0690,4.4870e-03
665.146,1.2836847938e-03,1.669425e-02,1.5065932559e+00,0.0690,4.7318e-03
665.743,1.2834633226e-03,1.671750e-02,1.5065932559e+00,0.0690,4.9282e-03
666.339,1.2832437291e-03,1.675618e-02,1.5065932559e+00,0.0690,5.0824e-03
666.936,1.2830468136e-03,1.681075e-02,1.5065932559e+00,0.0690,5.2010e-03
667.532,1.2828879892e-03,1.688098e-02,1.5065932559e+00,0.0690,5.2907e-03
668.129,1.2827769315e-03,1.696594e-02,1.5065932559e+00,0.0690,5.3576e-03
668.726,1.2827181397e-03,1.706412e-02,1.5065932559e+00,0.0690,5.4049e-03
669.322,1.2827116541e-03,1.717333e-02,1.5065932559e+00,0.0690,5.4384e-03
669.919,1.2827534206e-03,1.729081e-02,1.5065932559e+00,0.0690,5.4632e-03
670.515,1.2828353240e-03,1.741348e-02,1.5065932559e+00,0.0690,5.4821e-03
671.112,1.2829453119e-03,1.753804e-02,1.5065932559e+00,0.0690,5.4958e-03
671.708,1.2830680709e-03,1.766118e-02,1.5065932559e+00,0.0690,5.5030e-03
672.305,1.2831863938e-03,1.777980e-02,1.5065932559e+00,0.0690,5.5002e-03
672.901,1.2832829592e-03,1.789113e-02,1.5065932559e+00,0.0690,5.4826e-03
673.498,1.2833420401e-03,1.799290e-02,1.5065932559e+00,0.0690,5.5671e-03
674.094,1.2833505680e-03,1.808334e-02,1.5065932559e+00,0.0690,5.6621e-03
674.691,1.2832984495e-03,1.816116e-02,1.5065932559e+00,0.0690,5.7417e-03
675.288,1.2831785145e-03,1.822565e-02,1.5065932559e+00,0.0690,5.7990e-03
675.884,1.2829864491e-03,1.827656e-02,1.5065932559e+00,0.0690,5.8181e-03
676.481,1.2827208351e-03,1.831427e-02,1.5065932559e+00,0.0690,5.7914e-03
677.077,1.2823832307e-03,1.833959e-02,1.5065932559e+00,0.0690,5.7129e-03
677.674,1.2819781389e-03,1.835361e-02,1.5065932559e+00,0.0690,5.5766e-03
678.270,1.2815127237e-03,1.835764e-02,1.5065932559e+00,0.0690,5.3771e-03
678.867,1.2809965311e-03,1.835305e-02,1.5065932559e+00,0.0690,5.1099e-03
679.463,1.2804408852e-03,1.834082e-02,1.5065932559e+00,0.0690,4.7724e-03
680.060,1.2798581605e-03,1.832252e-02,1.5065932559e+00,0.0690,4.3635e-03
680.656,1.2792614387e-03,1.830045e-02,1.5065932559e+00,0.0690,3.8824e-03
681.253,1.2786645354e-03,1.827500e-02,1.5065932559e+00,0.0690,3.3281e-03
681.850,1.2780820898e-03,1.824533e-02,1.5065932559e+00,0.0690,2.7024e-03
682.446,1.2775293900e-03,1.821137e-02,1.5065932559e+00,0.0690,2.0113e-03
683.043,1.2770217953e-03,1.817292e-02,1.5065932559e+00,0.0690,1.2649e-03
683.639,1.2765738720e-03,1.812897e-02,1.5065932559e+00,0.0690,4.7806e-04
684.236,1.2761985134e-03,1.807920e-02,1.5065932559e+00,0.0690,7.0987e-04
684.832,1.2759062828e-03,1.802352e-02,1.5065932559e+00,0.0690,1.1757e-03
685.429,1.2757050425e-03,1.796164e-02,1.5065932559e+00,0.0690,1.9684e-03
686.025,1.2755997515e-03,1.789525e-02,1.5065932559e+00,0.0690,2.7969e-03
686.622,1.2755922567e-03,1.782458e-02,1.5065932559e+00,0.0690,3.6237e-03
687.218,1.2756809841e-03,1.775013e-02,1.5065932559e+00,0.0690,4.4378e-03
687.815,1.2758605993e-03,1.767280e-02,1.5065932559e+00,0.0690,5.2299e-03
688.412,1.2761218202e-03,1.759357e-02,1.5065932559e+00,0.0690,5.9922e-03
689.008,1.2764515807e-03,1.751338e-02,1.5065932559e+00,0.0690,6.7173e-03
689.605,1.2768336466e-03,1.743310e-02,1.5065932559e+00,0.0690,7.3972e-03
690.201,1.2772496485e-03,1.735344e-02,1.5065932559e+00,0.0690,8.0220e-03
690.798,1.2776803771e-03,1.727479e-02,1.5065932559e+00,0.0690,8.5842e-03
691.394,1.2781071335e-03,1.719729e-02,1.5065932559e+00,0.0690,9.0768e-03
691.991,1.2785129351e-03,1.712083e-02,1.5065932559e+00,0.0690,9.4932e-03
692.587,1.2788834370e-03,1.704511e-02,1.5065932559e+00,0.0690,9.8271e-03
693.184,1.2792075051e-03,1.696973e-02,1.5065932559e+00,0.0690,1.0073e-02
693.780,1.2794774505e-03,1.689430e-02,1.5065932559e+00,0.0690,1.0225e-02
694.377,1.2796889840e-03,1.681855e-02,1.5065932559e+00,0.0690,1.0278e-02
694.973,1.2798409662e-03,1.674244e-02,1.5065932559e+00,0.0690,1.0229e-02
695.570,1.2799350133e-03,1.666630e-02,1.5065932559e+00,0.0690,1.0076e-02
696.167,1.2799749977e-03,1.659085e-02,1.5065932559e+00,0.0690,9.8176e-03
696.763,1.2799664639e-03,1.651727e-02,1.5065932559e+00,0.0690,9.4543e-03
697.360,1.2799160171e-03,1.644715e-02,1.5065932559e+00,0.0690,8.9896e-03
697.956,1.2798306012e-03,1.638245e-02,1.5065932559e+00,0.0690,8.4289e-03
698.553,1.2797169640e-03,1.632531e-02,1.5065932559e+00,0.0690,7.7800e-03
699.149,1.2795812786e-03,1.627738e-02,1.5065932559e+00,0.0690,7.0558e-03
699.746,1.2794287373e-03,1.624226e-02,1.5065932559e+00,0.0690,6.2908e-03
700.342,1.2792632464e-03,1.622272e-02,1.5065932559e+00,0.0690,5.4978e-03
700.939,1.2790873939e-03,1.622095e-02,1.5065932559e+00,0.0690,4.6858e-03
701.535,1.2789026649e-03,1.623786e-02,1.5065932559e+00,0.0690,3.8598e-03
702.132,1.2787097368e-03,1.627378e-02,1.5065932559e+00,0.0690,3.0192e-03
702.729,1.2785087371e-03,1.632886e-02,1.5065932559e+00,0.0690,2.5970e-03
703.325,1.2782994927e-03,1.640290e-02,1.5065932559e+00,0.0690,3.0732e-03
703.922,1.2780819059e-03,1.649449e-02,1.5065932559e+00,0.0690,3.5249e-03
704.518,1.2778565306e-03,1.660145e-02,1.5065932559e+00,0.0690,3.9509e-03
705.115,1.2776252369e-03,1.672070e-02,1.5065932559e+00,0.0690,4.3560e-03
705.711,1.2773917431e-03,1.684937e-02,1.5065932559e+00,0.0690,4.7223e-03
706.308,1.2771618121e-03,1.698442e-02,1.5065932559e+00,0.0690,5.0375e-03
706.904,1.2769430215e-03,1.712259e-02,1.5065932559e+00,0.0690,5.2968e-03
707.501,1.2767441618e-03,1.726078e-02,1.5065932559e+00,0.0690,5.4957e-03
708.097,1.2765744324e-03,1.739619e-02,1.5065932559e+00,0.0690,5.6298e-03
708.694,1.2764426479e-03,1.752668e-02,1.5065932559e+00,0.0690,5.6894e-03
709.291,1.2763566118e-03,1.765056e-02,1.5065932559e+00,0.0690,5.6703e-03
709.887,1.2763226964e-03,1.776655e-02,1.5065932559e+00,0.0690,5.8302e-03
710.484,1.2763455545e-03,1.787390e-02,1.5065932559e+00,0.0690,6.2902e-03
711.080,1.2764278550e-03,1.797128e-02,1.5065932559e+00,0.0690,6.6389e-03
711.677,1.2765700075e-03,1.805826e-02,1.5065932559e+00,0.0690,6.8537e-03
712.273,1.2767699685e-03,1.813498e-02,1.5065932559e+00,0.0690,6.9336e-03
712.870,1.2770233022e-03,1.820188e-02,1.5065932559e+00,0.0690,6.8802e-03
713.466,1.2773236180e-03,1.825963e-02,1.5065932559e+00,0.0690,6.6970e-03
714.063,1.2776633346e-03,1.830903e-02,1.5065932559e+00,0.0690,6.3897e-03
714.659,1.2780345313e-03,1.835095e-02,1.5065932559e+00,0.0690,5.9655e-03
715.256,1.2784295666e-03,1.838672e-02,1.5065932559e+00,0.0690,5.4321e-03
715.853,1.2788412564e-03,1.841783e-02,1.5065932559e+00,0.0690,4.7968e-03
716.449,1.2792626516e-03,1.844512e-02,1.5065932559e+00,0.0690,4.0681e-03
717.046,1.2796866861e-03,1.846894e-02,1.5065932559e+00,0.0690,3.2559e-03
717.642,1.2801059914e-03,1.848886e-02,1.5065932559e+00,0.0690,2.3709e-03
718.239,1.2805132097e-03,1.850464e-02,1.5065932559e+00,0.0690,1.4257e-03
718.835,1.2809016576e-03,1.851532e-02,1.5065932559e+00,0.0690,8.5698e-04
719.432,1.2812659891e-03,1.852047e-02,1.5065932559e+00,0.0690,1.4273e-03
720.028,1.2816025818e-03,1.851954e-02,1.5065932559e+00,0.0690,1.9815e-03
720.625,1.2819094782e-03,1.851137e-02,1.5065932559e+00,0.0690,2.5430e-03
721.221,1.2821858817e-03,1.849639e-02,1.5065932559e+00,0.0690,3.5802e-03
721.818,1.2824313965e-03,1.847338e-02,1.5065932559e+00,0.0690,4.6055e-03
722.415,1.2826453351e-03,1.844165e-02,1.5065932559e+00,0.0690,5.6114e-03
723.011,1.2828263921e-03,1.840062e-02,1.5065932559e+00,0.0690,6.5903e-03
723.608,1.2829728321e-03,1.834988e-02,1.5065932559e+00,0.0690,7.5347e-03
724.204,1.2830831289e-03,1.828919e-02,1.5065932559e+00,0.0690,8.4374e-03
724.801,1.2831568036e-03,1.821848e-02,1.5065932559e+00,0.0690,9.2923e-03
725.397,1.2831950948e-03,1.813796e-02,1.5065932559e+00,0.0690,1.0090e-02
725.994,1.2832011754e-03,1.804801e-02,1.5065932559e+00,0.0690,1.0821e-02
726.590,1.2831798637e-03,1.794924e-02,1.5065932559e+00,0.0690,1.1481e-02
727.187,1.2831369835e-03,1.784253e-02,1.5065932559e+00,0.0690,1.2066e-02
727.783,1.2830785896e-03,1.772906e-02,1.5065932559e+00,0.0690,1.2574e-02
728.380,1.2830102230e-03,1.761038e-02,1.5065932559e+00,0.0690,1.3003e-02
728.976,1.2829362849e-03,1.748833e-02,1.5065932559e+00,0.0690,1.3352e-02
729.573,1.2828595805e-03,1.736508e-02,1.5065932559e+00,0.0690,1.3621e-02
730.170,1.2827810972e-03,1.724305e-02,1.5065932559e+00,0.0690,1.3809e-02
730.766,1.2827000834e-03,1.712488e-02,1.5065932559e+00,0.0690,1.3915e-02
731.363,1.2826144593e-03,1.701332e-02,1.5065932559e+00,0.0690,1.3939e-02
731.959,1.2825214738e-03,1.691117e-02,1.5065932559e+00,0.0690,1.3878e-02
732.556,1.2824184128e-03,1.682111e-02,1.5065932559e+00,0.0690,1.3728e-02
733.152,1.2823031644e-03,1.674563e-02,1.5065932559e+00,0.0690,1.3485e-02
733.749,1.2821745447e-03,1.668687e-02,1.5065932559e+00,0.0690,1.3142e-02
734.345,1.2820324011e-03,1.664648e-02,1.5065932559e+00,0.0690,1.2690e-02
734.942,1.2818775765e-03,1.662554e-02,1.5065932559e+00,0.0690,1.2121e-02
735.538,1.2817118046e-03,1.662457e-02,1.5065932559e+00,0.0690,1.1426e-02
736.135,1.2815375542e-03,1.664344e-02,1.5065932559e+00,0.0690,1.0599e-02
736.732,1.2813578037e-03,1.668097e-02,1.5065932559e+00,0.0690,9.6345e-03
737.328,1.2811757196e-03,1.673595e-02,1.5065932559e+00,0.0690,8.5552e-03
737.925,1.2809942593e-03,1.680750e-02,1.5065932559e+00,0.0690,7.3885e-03
738.521,1.2808157516e-03,1.689156e-02,1.5065932559e+00,0.0690,6.1348e-03
739.118,1.2806415901e-03,1.698656e-02,1.5065932559e+00,0.0690,4.8048e-03
739.714,1.2804721181e-03,1.709023e-02,1.5065932559e+00,0.0690,3.4198e-03
740.311,1.2803066865e-03,1.720027e-02,1.5065932559e+00,0.0690,4.0878e-03
740.907,1.2801438548e-03,1.731447e-02,1.5065932559e+00,0.0690,4.6993e-03
741.504,1.2799817047e-03,1.743066e-02,1.5065932559e+00,0.0690,5.2378e-03
742.100,1.2798182253e-03,1.754653e-02,1.5065932559e+00,0.0690,5.7042e-03
742.697,1.2796517060e-03,1.766056e-02,1.5065932559e+00,0.0690,6.0729e-03
743.294,1.2794810550e-03,1.777112e-02,1.5065932559e+00,0.0690,6.3398e-03
743.890,1.2793059972e-03,1.787660e-02,1.5065932559e+00,0.0690,6.5065e-03
744.487,1.2791271460e-03,1.797556e-02,1.5065932559e+00,0.0690,6.5718e-03
745.083,1.2789459709e-03,1.806672e-02,1.5065932559e+00,0.0690,6.5366e-03
745.680,1.2787646903e-03,1.814868e-02,1.5065932559e+00,0.0690,6.8783e-03
746.276,1.2785861200e-03,1.821995e-02,1.5065932559e+00,0.0690,7.4032e-03
746.873,1.2784135133e-03,1.827821e-02,1.5065932559e+00,0.0690,7.7496e-03
747.469,1.2782504288e-03,1.832193e-02,1.5065932559e+00,0.0690,7.9142e-03
748.066,1.2781006501e-03,1.834999e-02,1.5065932559e+00,0.0690,7.9102e-03
748.662,1.2779681578e-03,1.836164e-02,1.5065932559e+00,0.0690,7.7531e-03
749.259,1.2778571268e-03,1.835707e-02,1.5065932559e+00,0.0690,7.4573e-03
749.856,1.2777719029e-03,1.833674e-02,1.5065932559e+00,0.0690,7.0357e-03
750.452,1.2777169104e-03,1.830142e-02,1.5065932559e+00,0.0690,6.5030e-03
751.049,1.2776964596e-03,1.825269e-02,1.5065932559e+00,0.0690,5.8745e-03
751.645,1.2777144518e-03,1.819226e-02,1.5065932559e+00,0.0690,5.1661e-03
752.242,1.2777740055e-03,1.812146e-02,1.5065932559e+00,0.0690,4.3925e-03
752.838,1.2778770105e-03,1.804223e-02,1.5065932559e+00,0.0690,3.5735e-03
753.435,1.2780237532e-03,1.795669e-02,1.5065932559e+00,0.0690,2.7300e-03
754.031,1.2782126570e-03,1.786739e-02,1.5065932559e+00,0.0690,1.8793e-03
754.628,1.2784401494e-03,1.777690e-02,1.5065932559e+00,0.0690,1.0438e-03
755.224,1.2787007338e-03,1.768766e-02,1.5065932559e+00,0.0690,6.8403e-04
755.821,1.2789873321e-03,1.760331e-02,1.5065932559e+00,0.0690,5.8375e-04
756.418,1.2792918540e-03,1.752663e-02,1.5065932559e+00,0.0690,1.3361e-03
757.014,1.2796058435e-03,1.745887e-02,1.5065932559e+00,0.0690,2.0536e-03
757.611,1.2799210262e-03,1.740172e-02,1.5065932559e+00,0.0690,2.7201e-03
758.207,1.2802296658e-03,1.735633e-02,1.5065932559e+00,0.0690,3.3245e-03
758.804,1.2805247379e-03,1.732334e-02,1.5065932559e+00,0.0690,3.8562e-03
759.400,1.2807999978e-03,1.730291e-02,1.5065932559e+00,0.0690,4.3044e-03
759.997,1.2810500204e-03,1.729477e-02,1.5065932559e+00,0.0690,4.6585e-03
760.593,1.2812702546e-03,1.729830e-02,1.5065932559e+00,0.0690,4.9029e-03
761.190,1.2814570827e-03,1.731253e-02,1.5065932559e+00,0.0690,5.0264e-03
761.786,1.2816078535e-03,1.733610e-02,1.5065932559e+00,0.0690,5.0218e-03
762.383,1.2817208717e-03,1.736720e-02,1.5065932559e+00,0.0690,4.8847e-03
762.979,1.2817953623e-03,1.740398e-02,1.5065932559e+00,0.0690,4.6141e-03
763.576,1.2818314459e-03,1.744439e-02,1.5065932559e+00,0.0690,4.2140e-03
764.173,1.2818301407e-03,1.748646e-02,1.5065932559e+00,0.0690,3.6934e-03
764.769,1.2817933872e-03,1.752907e-02,1.5065932559e+00,0.0690,3.0670e-03
765.366,1.2817240532e-03,1.757074e-02,1.5065932559e+00,0.0690,2.3863e-03
765.962,1.2816258626e-03,1.760986e-02,1.5065932559e+00,0.0690,2.1576e-03
766.559,1.2815032210e-03,1.764642e-02,1.5065932559e+00,0.0690,2.4960e-03
767.155,1.2813609581e-03,1.768045e-02,1.5065932559e+00,0.0690,2.7883e-03
767.752,1.2812040319e-03,1.771206e-02,1.5065932559e+00,0.0690,3.0334e-03
768.348,1.2810372313e-03,1.774106e-02,1.5065932559e+00,0.0690,3.2346e-03
768.945,1.2808648946e-03,1.776819e-02,1.5065932559e+00,0.0690,3.3755e-03
769.541,1.2806906563e-03,1.779402e-02,1.5065932559e+00,0.0690,3.4527e-03
770.138,1.2805172338e-03,1.781909e-02,1.5065932559e+00,0.0690,3.4675e-03
770.735,1.2803462771e-03,1.784393e-02,1.5065932559e+00,0.0690,3.4217e-03
771.331,1.2801783088e-03,1.786923e-02,1.5065932559e+00,0.0690,3.3121e-03
771.928,1.2800127689e-03,1.789530e-02,1.5065932559e+00,0.0690,3.3166e-03
772.524,1.2798481621e-03,1.792218e-02,1.5065932559e+00,0.0690,3.5527e-03
773.121,1.2796822879e-03,1.794883e-02,1.5065932559e+00,0.0690,3.6964e-03
773.717,1.2795125293e-03,1.797431e-02,1.5065932559e+00,0.0690,3.7299e-03
774.314,1.2793361677e-03,1.799778e-02,1.5065932559e+00,0.0690,3.6568e-03
774.910,1.2791506986e-03,1.801830e-02,1.5065932559e+00,0.0690,3.4825e-03
775.507,1.2789541339e-03,1.803494e-02,1.5065932559e+00,0.0690,3.2136e-03
776.103,1.2787452823e-03,1.804714e-02,1.5065932559e+00,0.0690,2.8566e-03
776.700,1.2785239827e-03,1.805420e-02,1.5065932559e+00,0.0690,2.4179e-03
777.297,1.2782912479e-03,1.805567e-02,1.5065932559e+00,0.0690,1.9055e-03
777.893,1.2780492719e-03,1.805217e-02,1.5065932559e+00,0.0690,1.3278e-03
778.490,1.2778012783e-03,1.804390e-02,1.5065932559e+00,0.0690,6.9327e-04
779.086,1.2775512255e-03,1.803121e-02,1.5065932559e+00,0.0690,6.5375e-04
779.683,1.2773034302e-03,1.801360e-02,1.5065932559e+00,0.0690,1.0646e-03
780.279,1.2770621873e-03,1.799080e-02,1.5065932559e+00,0.0690,1.4617e-03
780.876,1.2768314605e-03,1.796289e-02,1.5065932559e+00,0.0690,2.1621e-03
781.472,1.2766146882e-03,1.793085e-02,1.5065932559e+00,0.0690,2.9125e-03
782.069,1.2764147140e-03,1.789548e-02,1.5065932559e+00,0.0690,3.6508e-03
782.665,1.2762338238e-03,1.785769e-02,1.5065932559e+00,0.0690,4.3859e-03
783.262,1.2760738629e-03,1.781745e-02,1.5065932559e+00,0.0690,5.1114e-03
783.859,1.2759364073e-03,1.777517e-02,1.5065932559e+00,0.0690,5.8192e-03
784.455,1.2758229656e-03,1.773124e-02,1.5065932559e+00,0.0690,6.5014e-03
785.052,1.2757351907e-03,1.768596e-02,1.5065932559e+00,0.0690,7.1500e-03
785.648,1.2756750675e-03,1.763960e-02,1.5065932559e+00,0.0690,7.7573e-03
786.245,1.2756450306e-03,1.759233e-02,1.5065932559e+00,0.0690,8.3157e-03
786.841,1.2756479637e-03,1.754429e-02,1.5065932559e+00,0.0690,8.8178e-03
787.438,1.2756870472e-03,1.749558e-02,1.5065932559e+00,0.0690,9.2567e-03
788.034,1.2757654609e-03,1.744625e-02,1.5065932559e+00,0.0690,9.6258e-03
788.631,1.2758859936e-03,1.739636e-02,1.5065932559e+00,0.0690,9.9195e-03
789.227,1.2760506373e-03,1.734598e-02,1.5065932559e+00,0.0690,1.0133e-02
789.824,1.2762602526e-03,1.729523e-02,1.5065932559e+00,0.0690,1.0261e-02
790.421,1.2765143633e-03,1.724425e-02,1.5065932559e+00,0.0690,1.0303e-02
791.017,1.2768111160e-03,1.719327e-02,1.5065932559e+00,0.0690,1.0255e-02
791.614,1.2771473368e-03,1.714267e-02,1.5065932559e+00,0.0690,1.0119e-02
792.210,1.2775187290e-03,1.709290e-02,1.5065932559e+00,0.0690,9.8962e-03
792.807,1.2779201884e-03,1.704457e-02,1.5065932559e+00,0.0690,9.5894e-03
793.403,1.2783460230e-03,1.699841e-02,1.5065932559e+00,0.0690,9.2039e-03
794.000,1.2787900100e-03,1.695516e-02,1.5065932559e+00,0.0690,8.7457e-03
794.596,1.2792453831e-03,1.691509e-02,1.5065932559e+00,0.0690,8.2253e-03
795.193,1.2797048554e-03,1.688026e-02,1.5065932559e+00,0.0690,7.6704e-03
795.789,1.2801607167e-03,1.685213e-02,1.5065932559e+00,0.0690,7.0907e-03
796.386,1.2806049744e-03,1.683200e-02,1.5065932559e+00,0.0690,6.4931e-03
796.982,1.2810295126e-03,1.682079e-02,1.5065932559e+00,0.0690,5.8837e-03
797.579,1.2814262938e-03,1.681967e-02,1.5065932559e+00,0.0690,5.2646e-03
798.176,1.2817876735e-03,1.682960e-02,1.5065932559e+00,0.0690,4.6364e-03
798.772,1.2821069003e-03,1.685025e-02,1.5065932559e+00,0.0690,4.0019e-03
799.369,1.2823787665e-03,1.688214e-02,1.5065932559e+00,0.0690,3.3640e-03
799.965,1.2826002800e-03,1.692570e-02,1.5065932559e+00,0.0690,2.7266e-03
800.562,1.2827709976e-03,1.698083e-02,1.5065932559e+00,0.0690,2.1265e-03
801.158,1.2828929334e-03,1.704702e-02,1.5065932559e+00,0.0690,2.4347e-03
801.755,1.2829701756e-03,1.712353e-02,1.5065932559e+00,0.0690,2.7222e-03
802.351,1.2830084069e-03,1.720938e-02,1.5065932559e+00,0.0690,2.9879e-03
802.948,1.2830144837e-03,1.730340e-02,1.5065932559e+00,0.0690,3.2316e-03
803.544,1.2829961171e-03,1.740404e-02,1.5065932559e+00,0.0690,3.4576e-03
804.141,1.2829615756e-03,1.750988e-02,1.5065932559e+00,0.0690,3.6584e-03
804.738,1.2829192591e-03,1.761962e-02,1.5065932559e+00,0.0690,3.8242e-03
805.334,1.2828770191e-03,1.773172e-02,1.5065932559e+00,0.0690,3.9534e-03
805.931,1.2828412453e-03,1.784458e-02,1.5065932559e+00,0.0690,4.0453e-03
806.527,1.2828159223e-03,1.795663e-02,1.5065932559e+00,0.0690,4.0992e-03
807.124,1.2828019519e-03,1.806635e-02,1.5065932559e+00,0.0690,4.1146e-03
807.720,1.2827969433e-03,1.817227e-02,1.5065932559e+00,0.0690,4.0911e-03
808.317,1.2827954816e-03,1.827306e-02,1.5065932559e+00,0.0690,4.0282e-03
808.913,1.2827898012e-03,1.836762e-02,1.5065932559e+00,0.0690,3.9227e-03
809.510,1.2827707265e-03,1.845489e-02,1.5065932559e+00,0.0690,3.7763e-03
810.106,1.2827287810e-03,1.853390e-02,1.5065932559e+00,0.0690,3.5919e-03
810.703,1.2826554275e-03,1.860388e-02,1.5065932559e+00,0.0690,3.6050e-03
811.300,1.2825443622e-03,1.866407e-02,1.5065932559e+00,0.0690,3.6343e-03
811.896,1.2823926641e-03,1.871358e-02,1.5065932559e+00,0.0690,3.5939e-03
812.493,1.2822015054e-03,1.875180e-02,1.5065932559e+00,0.0690,3.4712e-03
813.089,1.2819761814e-03,1.877860e-02,1.5065932559e+00,0.0690,3.2699e-03
813.686,1.2817254206e-03,1.879436e-02,1.5065932559e+00,0.0690,2.9928e-03
814.282,1.2814601887e-03,1.879957e-02,1.5065932559e+00,0.0690,2.6425e-03
814.879,1.2811923662e-03,1.879414e-02,1.5065932559e+00,0.0690,2.2233e-03
815.475,1.2809336491e-03,1.877939e-02,1.5065932559e+00,0.0690,1.7402e-03
816.072,1.2806948390e-03,1.875549e-02,1.5065932559e+00,0.0690,1.1985e-03
816.668,1.2804854639e-03,1.872282e-02,1.5065932559e+00,0.0690,6.0504e-04
817.265,1.2803135290e-03,1.868190e-02,1.5065932559e+00,0.0690,1.2486e-04
817.862,1.2801852104e-03,1.863302e-02,1.5065932559e+00,0.0690,7.1101e-04
818.458,1.2801044267e-03,1.857722e-02,1.5065932559e+00,0.0690,1.3920e-03
819.055,1.2800723771e-03,1.851514e-02,1.5065932559e+00,0.0690,2.0688e-03
819.651,1.2800872172e-03,1.844733e-02,1.5065932559e+00,0.0690,2.7365e-03
820.248,1.2801440353e-03,1.837429e-02,1.5065932559e+00,0.0690,3.3901e-03
820.844,1.2802351942e-03,1.829721e-02,1.5065932559e+00,0.0690,4.0337e-03
821.441,1.2803509953e-03,1.821717e-02,1.5065932559e+00,0.0690,4.6730e-03
822.037,1.2804805401e-03,1.813421e-02,1.5065932559e+00,0.0690,5.3006e-03
822.634,1.2806126460e-03,1.804897e-02,1.5065932559e+00,0.0690,5.9071e-03
823.230,1.2807367018e-03,1.796208e-02,1.5065932559e+00,0.0690,6.4830e-03
823.827,1.2808433657e-03,1.787410e-02,1.5065932559e+00,0.0690,7.0186e-03
824.423,1.2809251288e-03,1.778554e-02,1.5065932559e+00,0.0690,7.5048e-03
825.020,1.2809766905e-03,1.769681e-02,1.5065932559e+00,0.0690,7.9324e-03
825.617,1.2809950858e-03,1.760825e-02,1.5065932559e+00,0.0690,8.2932e-03
826.213,1.2809796209e-03,1.752013e-02,1.5065932559e+00,0.0690,8.5792e-03
826.810,1.2809316673e-03,1.743269e-02,1.5065932559e+00,0.0690,8.7836e-03
827.406,1.2808543214e-03,1.734617e-02,1.5065932559e+00,0.0690,8.9007e-03
828.003,1.2807519387e-03,1.726083e-02,1.5065932559e+00,0.0690,8.9260e-03
828.599,1.2806296004e-03,1.717696e-02,1.5065932559e+00,0.0690,8.8566e-03
829.196,1.2804926020e-03,1.709499e-02,1.5065932559e+00,0.0690,8.6911e-03
829.792,1.2803460602e-03,1.701543e-02,1.5065932559e+00,0.0690,8.4300e-03
830.389,1.2801946785e-03,1.693890e-02,1.5065932559e+00,0.0690,8.0753e-03
830.985,1.2800426064e-03,1.686618e-02,1.5065932559e+00,0.0690,7.6309e-03
831.582,1.2798933071e-03,1.679816e-02,1.5065932559e+00,0.0690,7.1025e-03
832.179,1.2797493918e-03,1.673508e-02,1.5065932559e+00,0.0690,6.4956e-03
832.775,1.2796124454e-03,1.667873e-02,1.5065932559e+00,0.0690,5.8356e-03
833.372,1.2794829049e-03,1.663092e-02,1.5065932559e+00,0.0690,5.1390e-03
833.968,1.2793600482e-03,1.659309e-02,1.5065932559e+00,0.0690,4.4141e-03
834.565,1.2792421205e-03,1.656650e-02,1.5065932559e+00,0.0690,3.6687e-03
835.161,1.2791265806e-03,1.655208e-02,1.5065932559e+00,0.0690,2.9070e-03
835.758,1.2790104275e-03,1.654970e-02,1.5065932559e+00,0.0690,2.6591e-03
836.354,1.2788905615e-03,1.656035e-02,1.5065932559e+00,0.0690,3.1143e-03
836.951,1.2787641243e-03,1.658475e-02,1.5065932559e+00,0.0690,3.5503e-03
837.547,1.2786288098e-03,1.662308e-02,1.5065932559e+00,0.0690,3.9633e-03
838.144,1.2784831284e-03,1.667471e-02,1.5065932559e+00,0.0690,4.3602e-03
838.741,1.2783265884e-03,1.673912e-02,1.5065932559e+00,0.0690,4.7303e-03
839.337,1.2781597857e-03,1.681575e-02,1.5065932559e+00,0.0690,5.0603e-03
839.934,1.2779844215e-03,1.690351e-02,1.5065932559e+00,0.0690,5.3489e-03
840.530,1.2778032672e-03,1.700105e-02,1.5065932559e+00,0.0690,5.5952e-03
841.127,1.2776200746e-03,1.710681e-02,1.5065932559e+00,0.0690,5.7982e-03
841.723,1.2774394158e-03,1.721905e-02,1.5065932559e+00,0.0690,5.9568e-03
842.320,1.2772664423e-03,1.733612e-02,1.5065932559e+00,0.0690,6.0648e-03
842.916,1.2771065790e-03,1.745622e-02,1.5065932559e+00,0.0690,6.1203e-03
843.513,1.2769651851e-03,1.757741e-02,1.5065932559e+00,0.0690,6.1255e-03
844.109,1.2768472239e-03,1.769786e-02,1.5065932559e+00,0.0690,6.4959e-03
844.706,1.2767569664e-03,1.781548e-02,1.5065932559e+00,0.0690,6.9166e-03
845.303,1.2766977398e-03,1.792783e-02,1.5065932559e+00,0.0690,7.2403e-03
845.899,1.2766717302e-03,1.803322e-02,1.5065932559e+00,0.0690,7.4651e-03
846.496,1.2766798531e-03,1.813030e-02,1.5065932559e+00,0.0690,7.5924e-03
847.092,1.2767217225e-03,1.821803e-02,1.5065932559e+00,0.0690,7.6246e-03
847.689,1.2767957425e-03,1.829576e-02,1.5065932559e+00,0.0690,7.5643e-03
848.285,1.2768993251e-03,1.836319e-02,1.5065932559e+00,0.0690,7.4149e-03
848.882,1.2770292061e-03,1.842038e-02,1.5065932559e+00,0.0690,7.1797e-03
849.478,1.2771817977e-03,1.846772e-02,1.5065932559e+00,0.0690,6.8629e-03
850.075,1.2773535120e-03,1.850580e-02,1.5065932559e+00,0.0690,6.4688e-03
850.671,1.2775410004e-03,1.853539e-02,1.5065932559e+00,0.0690,6.0020e-03
851.268,1.2777412971e-03,1.855731e-02,1.5065932559e+00,0.0690,5.4676e-03
851.865,1.2779518357e-03,1.857237e-02,1.5065932559e+00,0.0690,4.8710e-03
852.461,1.2781704144e-03,1.858131e-02,1.5065932559e+00,0.0690,4.2175e-03
853.058,1.2783951347e-03,1.858494e-02,1.5065932559e+00,0.0690,3.5119e-03
853.654,1.2786242870e-03,1.858432e-02,1.5065932559e+00,0.0690,2.7587e-03
854.251,1.2788562230e-03,1.857929e-02,1.5065932559e+00,0.0690,1.9629e-03
854.847,1.2790892734e-03,1.856888e-02,1.5065932559e+00,0.0690,1.1308e-03
855.444,1.2793217174e-03,1.855192e-02,1.5065932559e+00,0.0690,7.2759e-04
856.040,1.2795517704e-03,1.852782e-02,1.5065932559e+00,0.0690,1.2513e-03
856.637,1.2797775527e-03,1.849647e-02,1.5065932559e+00,0.0690,1.7648e-03
857.233,1.2799970282e-03,1.845834e-02,1.5065932559e+00,0.0690,2.2812e-03
857.830,1.2802079484e-03,1.841249e-02,1.5065932559e+00,0.0690,3.1635e-03
858.426,1.2804078454e-03,1.835914e-02,1.5065932559e+00,0.0690,4.0359e-03
859.023,1.2805940948e-03,1.829856e-02,1.5065932559e+00,0.0690,4.8922e-03
859.620,1.2807640359e-03,1.823128e-02,1.5065932559e+00,0.0690,5.7260e-03
860.216,1.2809151132e-03,1.815808e-02,1.5065932559e+00,0.0690,6.5309e-03
860.813,1.2810450015e-03,1.807997e-02,1.5065932559e+00,0.0690,7.3009e-03
861.409,1.2811517000e-03,1.799818e-02,1.5065932559e+00,0.0690,8.0300e-03
862.006,1.2812335972e-03,1.791405e-02,1.5065932559e+00,0.0690,8.7123e-03
862.602,1.2812895240e-03,1.782907e-02,1.5065932559e+00,0.0690,9.3419e-03
863.199,1.2813188082e-03,1.774474e-02,1.5065932559e+00,0.0690,9.9121e-03
863.795,1.2813213394e-03,1.766261e-02,1.5065932559e+00,0.0690,1.0411e-02
864.392,1.2812976355e-03,1.758404e-02,1.5065932559e+00,0.0690,1.0833e-02
864.988,1.2812488923e-03,1.751023e-02,1.5065932559e+00,0.0690,1.1172e-02
865.585,1.2811769982e-03,1.744223e-02,1.5065932559e+00,0.0690,1.1422e-02
866.182,1.2810845068e-03,1.738088e-02,1.5065932559e+00,0.0690,1.1578e-02
866.778,1.2809745713e-03,1.732683e-02,1.5065932559e+00,0.0690,1.1636e-02
867.375,1.2808508508e-03,1.728053e-02,1.5065932559e+00,0.0690,1.1592e-02
867.971,1.2807173960e-03,1.724224e-02,1.5065932559e+00,0.0690,1.1443e-02
868.568,1.2805785050e-03,1.721208e-02,1.5065932559e+00,0.0690,1.1189e-02
869.164,1.2804385345e-03,1.719004e-02,1.5065932559e+00,0.0690,1.0830e-02
869.761,1.2803016544e-03,1.717599e-02,1.5065932559e+00,0.0690,1.0368e-02
870.357,1.2801715566e-03,1.716978e-02,1.5065932559e+00,0.0690,9.8102e-03
870.954,1.2800511478e-03,1.717109e-02,1.5065932559e+00,0.0690,9.1636e-03
871.550,1.2799422858e-03,1.717968e-02,1.5065932559e+00,0.0690,8.4617e-03
872.147,1.2798456193e-03,1.719578e-02,1.5065932559e+00,0.0690,7.7347e-03
872.744,1.2797605716e-03,1.721923e-02,1.5065932559e+00,0.0690,6.9854e-03
873.340,1.2796854731e-03,1.725029e-02,1.5065932559e+00,0.0690,6.2201e-03
873.937,1.2796178122e-03,1.728845e-02,1.5065932559e+00,0.0690,5.4498e-03
874.533,1.2795545620e-03,1.733323e-02,1.5065932559e+00,0.0690,4.6871e-03
875.130,1.2794925424e-03,1.738422e-02,1.5065932559e+00,0.0690,3.9448e-03
875.726,1.2794287954e-03,1.744103e-02,1.5065932559e+00,0.0690,3.2355e-03
876.323,1.2793609440e-03,1.750318e-02,1.5065932559e+00,0.0690,2.5707e-03
876.919,1.2792874950e-03,1.756988e-02,1.5065932559e+00,0.0690,1.9604e-03
877.516,1.2792080460e-03,1.764055e-02,1.5065932559e+00,0.0690,1.5993e-03
878.112,1.2791233707e-03,1.771494e-02,1.5065932559e+00,0.0690,1.7041e-03
878.709,1.2790353722e-03,1.779254e-02,1.5065932559e+00,0.0690,1.7683e-03
879.306,1.2789469068e-03,1.787241e-02,1.5065932559e+00,0.0690,1.7953e-03
879.902,1.2788615076e-03,1.795242e-02,1.5065932559e+00,0.0690,1.7895e-03
880.499,1.2787830554e-03,1.803019e-02,1.5065932559e+00,0.0690,1.7582e-03
881.095,1.2787154469e-03,1.810353e-02,1.5065932559e+00,0.0690,1.7045e-03
881.692,1.2786623039e-03,1.817059e-02,1.5065932559e+00,0.0690,1.6298e-03
882.288,1.2786267568e-03,1.822996e-02,1.5065932559e+00,0.0690,1.5358e-03
882.885,1.2786113293e-03,1.828034e-02,1.5065932559e+00,0.0690,1.4278e-03
883.481,1.2786179430e-03,1.832074e-02,1.5065932559e+00,0.0690,1.3114e-03
884.078,1.2786480433e-03,1.835049e-02,1.5065932559e+00,0.0690,1.1924e-03
884.674,1.2787028147e-03,1.836922e-02,1.5065932559e+00,0.0690,1.0775e-03
885.271,1.2787834184e-03,1.837662e-02,1.5065932559e+00,0.0690,9.7232e-04
885.868,1.2788910906e-03,1.837254e-02,1.5065932559e+00,0.0690,8.8209e-04
886.464,1.2790271486e-03,1.835739e-02,1.5065932559e+00,0.0690,9.7567e-04
887.061,1.2791928268e-03,1.833153e-02,1.5065932559e+00,0.0690,1.2201e-03
887.657,1.2793888704e-03,1.829658e-02,1.5065932559e+00,0.0690,1.4582e-03
888.254,1.2796150314e-03,1.825354e-02,1.5065932559e+00,0.0690,1.6840e-03
888.850,1.2798696754e-03,1.820368e-02,1.5065932559e+00,0.0690,1.8929e-03
889.447,1.2801496074e-03,1.814827e-02,1.5065932559e+00,0.0690,2.0807e-03
890.043,1.2804500969e-03,1.808874e-02,1.5065932559e+00,0.0690,2.2444e-03
890.640,1.2807650286e-03,1.802666e-02,1.5065932559e+00,0.0690,2.3815e-03
891.236,1.2810871403e-03,1.796366e-02,1.5065932559e+00,0.0690,2.4900e-03
891.833,1.2814083761e-03,1.790137e-02,1.5065932559e+00,0.0690,2.5685e-03
892.429,1.2817203853e-03,1.784138e-02,1.5065932559e+00,0.0690,2.6155e-03
893.026,1.2820151286e-03,1.778510e-02,1.5065932559e+00,0.0690,2.6301e-03
893.623,1.2822854695e-03,1.773379e-02,1.5065932559e+00,0.0690,2.6113e-03
894.219,1.2825256151e-03,1.768850e-02,1.5065932559e+00,0.0690,2.5588e-03
894.816,1.2827313383e-03,1.764999e-02,1.5065932559e+00,0.0690,2.4722e-03
895.412,1.2829000208e-03,1.761897e-02,1.5065932559e+00,0.0690,2.3516e-03
896.009,1.2830306183e-03,1.759579e-02,1.5065932559e+00,0.0690,2.1973e-03
896.605,1.2831236261e-03,1.757986e-02,1.5065932559e+00,0.0690,2.0099e-03
897.202,1.2831810370e-03,1.757134e-02,1.5065932559e+00,0.0690,1.8147e-03
897.798,1.2832062251e-03,1.757028e-02,1.5065932559e+00,0.0690,1.9992e-03
898.395,1.2832036522e-03,1.757542e-02,1.5065932559e+00,0.0690,2.1902e-03
898.991,1.2831783623e-03,1.758608e-02,1.5065932559e+00,0.0690,2.3857e-03
899.588,1.2831353376e-03,1.760160e-02,1.5065932559e+00,0.0690,2.5811e-03
900.185,1.2830788713e-03,1.762147e-02,1.5065932559e+00,0.0690,2.7699e-03
900.781,1.2830121108e-03,1.764533e-02,1.5065932559e+00,0.0690,2.9459e-03
901.378,1.2829368621e-03,1.767243e-02,1.5065932559e+00,0.0690,3.1108e-03
901.974,1.2828536573e-03,1.770222e-02,1.5065932559e+00,0.0690,3.2603e-03
902.571,1.2827620203e-03,1.773429e-02,1.5065932559e+00,0.0690,3.3868e-03
903.167,1.2826608342e-03,1.776835e-02,1.5065932559e+00,0.0690,3.4831e-03
903.764,1.2825487092e-03,1.780401e-02,1.5065932559e+00,0.0690,3.5480e-03
904.360,1.2824242698e-03,1.784079e-02,1.5065932559e+00,0.0690,3.5815e-03
904.957,1.2822863291e-03,1.787820e-02,1.5065932559e+00,0.0690,3.5837e-03
905.553,1.2821339519e-03,1.791570e-02,1.5065932559e+00,0.0690,3.5551e-03
906.150,1.2819664464e-03,1.795269e-02,1.5065932559e+00,0.0690,3.4964e-03
906.747,1.2817833350e-03,1.798851e-02,1.5065932559e+00,0.0690,3.4083e-03
907.343,1.2815843516e-03,1.802260e-02,1.5065932559e+00,0.0690,3.2889e-03
907.940,1.2813695053e-03,1.805429e-02,1.5065932559e+00,0.0690,3.1400e-03
908.536,1.2811392171e-03,1.808283e-02,1.5065932559e+00,0.0690,2.9653e-03
909.133,1.2808944834e-03,1.810754e-02,1.5065932559e+00,0.0690,2.9917e-03
909.729,1.2806370074e-03,1.812761e-02,1.5065932559e+00,0.0690,3.0036e-03
910.326,1.2803692310e-03,1.814209e-02,1.5065932559e+00,0.0690,2.9529e-03
910.922,1.2800942272e-03,1.815031e-02,1.5065932559e+00,0.0690,2.8364e-03
911.519,1.2798154531e-03,1.815174e-02,1.5065932559e+00,0.0690,2.6565e-03
912.115,1.2795364084e-03,1.814613e-02,1.5065932559e+00,0.0690,2.4165e-03
912.712,1.2792602540e-03,1.813469e-02,1.5065932559e+00,0.0690,2.1204e-03
913.309,1.2789894505e-03,1.811847e-02,1.5065932559e+00,0.0690,1.7728e-03
913.905,1.2787254711e-03,1.809774e-02,1.5065932559e+00,0.0690,1.3781e-03
914.502,1.2784686505e-03,1.807201e-02,1.5065932559e+00,0.0690,9.4167e-04
915.098,1.2782182194e-03,1.804160e-02,1.5065932559e+00,0.0690,4.6732e-04
915.695,1.2779725510e-03,1.800691e-02,1.5065932559e+00,0.0690,4.4015e-05
916.291,1.2777296007e-03,1.796872e-02,1.5065932559e+00,0.0690,5.6218e-04
916.888,1.2774874691e-03,1.792778e-02,1.5065932559e+00,0.0690,1.0779e-03
917.484,1.2772449870e-03,1.788467e-02,1.5065932559e+00,0.0690,1.5871e-03
918.081,1.2770022141e-03,1.783993e-02,1.5065932559e+00,0.0690,2.0858e-03
918.677,1.2767607656e-03,1.779398e-02,1.5065932559e+00,0.0690,2.5701e-03
919.274,1.2765239201e-03,1.774746e-02,1.5065932559e+00,0.0690,3.0393e-03
919.871,1.2762965025e-03,1.770141e-02,1.5065932559e+00,0.0690,3.4998e-03
920.467,1.2760845666e-03,1.765579e-02,1.5065932559e+00,0.0690,3.9482e-03
921.064,1.2758949220e-03,1.761076e-02,1.5065932559e+00,0.0690,4.3771e-03
921.660,1.2757345586e-03,1.756656e-02,1.5065932559e+00,0.0690,4.7792e-03
922.257,1.2756100377e-03,1.752338e-02,1.5065932559e+00,0.0690,5.1472e-03
922.853,1.2755269246e-03,1.748133e-02,1.5065932559e+00,0.0690,5.4739e-03
923.450,1.2754893389e-03,1.744046e-02,1.5065932559e+00,0.0690,5.7530e-03
924.046,1.2754996748e-03,1.740078e-02,1.5065932559e+00,0.0690,5.9784e-03
924.643,1.2755585033e-03,1.736228e-02,1.5065932559e+00,0.0690,6.1451e-03
925.239,1.2756646306e-03,1.732492e-02,1.5065932559e+00,0.0690,6.2490e-03
925.836,1.2758152674e-03,1.728871e-02,1.5065932559e+00,0.0690,6.2873e-03
926.432,1.2760062709e-03,1.725370e-02,1.5065932559e+00,0.0690,6.2587e-03
927.029,1.2762324307e-03,1.722001e-02,1.5065932559e+00,0.0690,6.1630e-03
927.626,1.2764877810e-03,1.718786e-02,1.5065932559e+00,0.0690,6.0017e-03
928.222,1.2767659205e-03,1.715757e-02,1.5065932559e+00,0.0690,5.7778e-03
928.819,1.2770602961e-03,1.712960e-02,1.5065932559e+00,0.0690,5.4954e-03
929.415,1.2773643891e-03,1.710407e-02,1.5065932559e+00,0.0690,5.1596e-03
930.012,1.2776718912e-03,1.708194e-02,1.5065932559e+00,0.0690,4.7878e-03
930.608,1.2779767985e-03,1.706449e-02,1.5065932559e+00,0.0690,4.3925e-03
931.205,1.2782734363e-03,1.705272e-02,1.5065932559e+00,0.0690,3.9796e-03
931.801,1.2785565361e-03,1.704747e-02,1.5065932559e+00,0.0690,3.5544e-03
932.398,1.2788214265e-03,1.704961e-02,1.5065932559e+00,0.0690,3.1194e-03
932.994,1.2790642808e-03,1.705876e-02,1.5065932559e+00,0.0690,2.6753e-03
933.591,1.2792822982e-03,1.707584e-02,1.5065932559e+00,0.0690,2.2240e-03
934.188,1.2794737365e-03,1.710153e-02,1.5065932559e+00,0.0690,1.7691e-03
934.784,1.2796378094e-03,1.713606e-02,1.5065932559e+00,0.0690,1.8308e-03
935.381,1.2797745435e-03,1.717928e-02,1.5065932559e+00,0.0690,2.0470e-03
935.977,1.2798846967e-03,1.723083e-02,1.5065932559e+00,0.0690,2.2456e-03
936.574,1.2799697766e-03,1.729007e-02,1.5065932559e+00,0.0690,2.4252e-03
937.170,1.2800321047e-03,1.735604e-02,1.5065932559e+00,0.0690,2.5883e-03
937.767,1.2800748305e-03,1.742762e-02,1.5065932559e+00,0.0690,2.7340e-03
938.363,1.2801018235e-03,1.750383e-02,1.5065932559e+00,0.0690,2.8536e-03
938.960,1.2801174199e-03,1.758366e-02,1.5065932559e+00,0.0690,2.9418e-03
939.556,1.2801260690e-03,1.766589e-02,1.5065932559e+00,0.0690,2.9981e-03
940.153,1.2801319689e-03,1.774932e-02,1.5065932559e+00,0.0690,3.0218e-03
940.750,1.2801387578e-03,1.783282e-02,1.5065932559e+00,0.0690,3.0127e-03
941.346,1.2801492881e-03,1.791529e-02,1.5065932559e+00,0.0690,2.9703e-03
941.943,1.2801654851e-03,1.799578e-02,1.5065932559e+00,0.0690,2.8947e-03
942.539,1.2801882864e-03,1.807350e-02,1.5065932559e+00,0.0690,2.7838e-03
943.136,1.2802176645e-03,1.814779e-02,1.5065932559e+00,0.0690,2.6371e-03
943.732,1.2802527434e-03,1.821802e-02,1.5065932559e+00,0.0690,2.4575e-03
944.329,1.2802920137e-03,1.828364e-02,1.5065932559e+00,0.0690,2.4491e-03
944.925,1.2803336298e-03,1.834407e-02,1.5065932559e+00,0.0690,2.4373e-03
945.522,1.2803757290e-03,1.839855e-02,1.5065932559e+00,0.0690,2.3663e-03
946.118,1.2804167088e-03,1.844653e-02,1.5065932559e+00,0.0690,2.2255e-03
946.715,1.2804554358e-03,1.848769e-02,1.5065932559e+00,0.0690,2.0173e-03
947.312,1.2804913858e-03,1.852202e-02,1.5065932559e+00,0.0690,1.7446e-03
947.908,1.2805247164e-03,1.854975e-02,1.5065932559e+00,0.0690,1.4094e-03
948.505,1.2805562636e-03,1.857101e-02,1.5065932559e+00,0.0690,1.0146e-03
949.101,1.2805874478e-03,1.858573e-02,1.5065932559e+00,0.0690,5.6417e-04
949.698,1.2806200951e-03,1.859467e-02,1.5065932559e+00,0.0690,2.9438e-04
950.294,1.2806562039e-03,1.859782e-02,1.5065932559e+00,0.0690,6.6880e-04
950.891,1.2806977099e-03,1.859492e-02,1.5065932559e+00,0.0690,1.0645e-03
951.487,1.2807463040e-03,1.858624e-02,1.5065932559e+00,0.0690,1.6975e-03
952.084,1.2808033144e-03,1.857206e-02,1.5065932559e+00,0.0690,2.3386e-03
952.680,1.2808696193e-03,1.855264e-02,1.5065932559e+00,0.0690,2.9823e-03
953.277,1.2809456107e-03,1.852825e-02,1.5065932559e+00,0.0690,3.6240e-03
953.873,1.2810311342e-03,1.849914e-02,1.5065932559e+00,0.0690,4.2591e-03
954.470,1.2811253793e-03,1.846596e-02,1.5065932559e+00,0.0690,4.8879e-03
955.067,1.2812267851e-03,1.842974e-02,1.5065932559e+00,0.0690,5.5172e-03
955.663,1.2813330375e-03,1.839050e-02,1.5065932559e+00,0.0690,6.1428e-03
956.260,1.2814411866e-03,1.834869e-02,1.5065932559e+00,0.0690,6.7578e-03
956.856,1.2815478449e-03,1.830488e-02,1.5065932559e+00,0.0690,7.3552e-03
957.453,1.2816494043e-03,1.825960e-02,1.5065932559e+00,0.0690,7.9278e-03
958.049,1.2817422299e-03,1.821328e-02,1.5065932559e+00,0.0690,8.4686e-03
958.646,1.2818228347e-03,1.816628e-02,1.5065932559e+00,0.0690,8.9702e-03
959.242,1.2818880532e-03,1.811882e-02,1.5065932559e+00,0.0690,9.4255e-03
959.839,1.2819352202e-03,1.807098e-02,1.5065932559e+00,0.0690,9.8275e-03
960.435,1.2819623379e-03,1.802274e-02,1.5065932559e+00,0.0690,1.0169e-02
961.032,1.2819681901e-03,1.797394e-02,1.5065932559e+00,0.0690,1.0445e-02
961.629,1.2819523693e-03,1.792438e-02,1.5065932559e+00,0.0690,1.0647e-02
962.225,1.2819152172e-03,1.787382e-02,1.5065932559e+00,0.0690,1.0772e-02
962.822,1.2818577217e-03,1.782206e-02,1.5065932559e+00,0.0690,1.0813e-02
963.418,1.2817814211e-03,1.776896e-02,1.5065932559e+00,0.0690,1.0768e-02
964.015,1.2816883445e-03,1.771450e-02,1.5065932559e+00,0.0690,1.0635e-02
964.611,1.2815809791e-03,1.765882e-02,1.5065932559e+00,0.0690,1.0411e-02
965.208,1.2814622335e-03,1.760222e-02,1.5065932559e+00,0.0690,1.0099e-02
965.804,1.2813353506e-03,1.754523e-02,1.5065932559e+00,0.0690,9.6988e-03
966.401,1.2812037407e-03,1.748853e-02,1.5065932559e+00,0.0690,9.2158e-03
966.997,1.2810707563e-03,1.743235e-02,1.5065932559e+00,0.0690,8.6535e-03
967.594,1.2809394584e-03,1.737814e-02,1.5065932559e+00,0.0690,8.0331e-03
968.191,1.2808124236e-03,1.732780e-02,1.5065932559e+00,0.0690,7.3724e-03
968.787,1.2806916163e-03,1.728276e-02,1.5065932559e+00,0.0690,6.6790e-03
969.384,1.2805783209e-03,1.724446e-02,1.5065932559e+00,0.0690,5.9599e-03
969.980,1.2804731175e-03,1.721409e-02,1.5065932559e+00,0.0690,5.2213e-03
970.577,1.2803758829e-03,1.719279e-02,1.5065932559e+00,0.0690,4.4666e-03
971.173,1.2802858164e-03,1.718064e-02,1.5065932559e+00,0.0690,3.6964e-03
971.770,1.2802015029e-03,1.717826e-02,1.5065932559e+00,0.0690,2.9128e-03
972.366,1.2801210268e-03,1.718589e-02,1.5065932559e+00,0.0690,2.8229e-03
972.963,1.2800421457e-03,1.720351e-02,1.5065932559e+00,0.0690,3.2565e-03
973.559,1.2799625270e-03,1.723096e-02,1.5065932559e+00,0.0690,3.6679e-03
974.156,1.2798800230e-03,1.726754e-02,1.5065932559e+00,0.0690,4.0562e-03
974.753,1.2797929477e-03,1.731212e-02,1.5065932559e+00,0.0690,4.4283e-03
975.349,1.2797003179e-03,1.736369e-02,1.5065932559e+00,0.0690,4.7746e-03
975.946,1.2796020276e-03,1.742140e-02,1.5065932559e+00,0.0690,5.0824e-03
976.542,1.2794989235e-03,1.748408e-02,1.5065932559e+00,0.0690,5.3503e-03
977.139,1.2793927652e-03,1.755052e-02,1.5065932559e+00,0.0690,5.5773e-03
977.735,1.2792860673e-03,1.761949e-02,1.5065932559e+00,0.0690,5.7626e-03
978.332,1.2791818514e-03,1.768977e-02,1.5065932559e+00,0.0690,5.9052e-03
978.928,1.2790833522e-03,1.776019e-02,1.5065932559e+00,0.0690,6.0029e-03
979.525,1.2789937329e-03,1.782983e-02,1.5065932559e+00,0.0690,6.0503e-03
980.121,1.2789158531e-03,1.789768e-02,1.5065932559e+00,0.0690,6.0493e-03
980.718,1.2788521106e-03,1.796280e-02,1.5065932559e+00,0.0690,6.0027e-03
981.315,1.2788043598e-03,1.802443e-02,1.5065932559e+00,0.0690,6.3686e-03
981.911,1.2787738950e-03,1.808151e-02,1.5065932559e+00,0.0690,6.6850e-03
982.508,1.2787614825e-03,1.813286e-02,1.5065932559e+00,0.0690,6.9045e-03
983.104,1.2787674334e-03,1.817788e-02,1.5065932559e+00,0.0690,7.0286e-03
983.701,1.2787916926e-03,1.821617e-02,1.5065932559e+00,0.0690,7.0610e-03
984.297,1.2788339049e-03,1.824754e-02,1.5065932559e+00,0.0690,7.0060e-03
984.894,1.2788935020e-03,1.827204e-02,1.5065932559e+00,0.0690,6.8686e-03
985.490,1.2789697346e-03,1.828993e-02,1.5065932559e+00,0.0690,6.6541e-03
986.087,1.2790616039e-03,1.830173e-02,1.5065932559e+00,0.0690,6.3683e-03
986.683,1.2791677459e-03,1.830831e-02,1.5065932559e+00,0.0690,6.0164e-03
987.280,1.2792863468e-03,1.831052e-02,1.5065932559e+00,0.0690,5.6039e-03
987.876,1.2794151130e-03,1.830928e-02,1.5065932559e+00,0.0690,5.1367e-03
988.473,1.2795512821e-03,1.830561e-02,1.5065932559e+00,0.0690,4.6213e-03
989.070,1.2796916600e-03,1.829983e-02,1.5065932559e+00,0.0690,4.0643e-03
989.666,1.2798326989e-03,1.829289e-02,1.5065932559e+00,0.0690,3.4725e-03
990.263,1.2799706474e-03,1.828525e-02,1.5065932559e+00,0.0690,2.8525e-03
990.859,1.2801017811e-03,1.827709e-02,1.5065932559e+00,0.0690,2.2124e-03
991.456,1.2802226751e-03,1.826737e-02,1.5065932559e+00,0.0690,1.5633e-03
992.052,1.2803304406e-03,1.825574e-02,1.5065932559e+00,0.0690,9.1495e-04
992.649,1.2804228486e-03,1.824194e-02,1.5065932559e+00,0.0690,3.1312e-04
993.245,1.2804983134e-03,1.822591e-02,1.5065932559e+00,0.0690,3.4786e-04
993.842,1.2805557692e-03,1.820841e-02,1.5065932559e+00,0.0690,9.4827e-04
994.438,1.2805945140e-03,1.818901e-02,1.5065932559e+00,0.0690,1.5306e-03
995.035,1.2806140905e-03,1.816769e-02,1.5065932559e+00,0.0690,2.0891e-03
995.632,1.2806142350e-03,1.814461e-02,1.5065932559e+00,0.0690,2.6181e-03
996.228,1.2805948782e-03,1.811998e-02,1.5065932559e+00,0.0690,3.1120e-03
996.825,1.2805561646e-03,1.809403e-02,1.5065932559e+00,0.0690,3.5658e-03
997.421,1.2804984611e-03,1.806700e-02,1.5065932559e+00,0.0690,3.9748e-03
998.018,1.2804223523e-03,1.803911e-02,1.5065932559e+00,0.0690,4.3353e-03
998.614,1.2803286335e-03,1.801056e-02,1.5065932559e+00,0.0690,4.6440e-03
999.211,1.2802183176e-03,1.798153e-02,1.5065932559e+00,0.0690,4.8985e-03
999.807,1.2800926637e-03,1.795216e-02,1.5065932559e+00,0.0690,5.0975e-03
1000.404,1.2799532218e-03,1.792257e-02,1.5065932559e+00,0.0690,5.2403e-03
1001.000,1.2798018807e-03,1.789288e-02,1.5065932559e+00,0.0690,5.3272e-03
1001.597,1.2796408967e-03,1.786322e-02,1.5065932559e+00,0.0690,5.3597e-03
1002.194,1.2794728858e-03,1.783372e-02,1.5065932559e+00,0.0690,5.3399e-03
1002.790,1.2793007630e-03,1.780455e-02,1.5065932559e+00,0.0690,5.2711e-03
1003.387,1.2791276260e-03,1.777589e-02,1.5065932559e+00,0.0690,5.1574e-03
1003.983,1.2789565946e-03,1.774775e-02,1.5065932559e+00,0.0690,5.0036e-03
1004.580,1.2787906212e-03,1.772047e-02,1.5065932559e+00,0.0690,4.8251e-03
1005.176,1.2786322935e-03,1.769485e-02,1.5065932559e+00,0.0690,4.6334e-03
1005.773,1.2784836407e-03,1.767105e-02,1.5065932559e+00,0.0690,4.4332e-03
1006.369,1.2783459689e-03,1.764942e-02,1.5065932559e+00,0.0690,4.2261e-03
1006.966,1.2782197516e-03,1.763058e-02,1.5065932559e+00,0.0690,4.0135e-03
1007.562,1.2781045892e-03,1.761497e-02,1.5065932559e+00,0.0690,3.7993e-03
1008.159,1.2779992488e-03,1.760285e-02,1.5065932559e+00,0.0690,3.5885e-03
1008.756,1.2779018081e-03,1.759405e-02,1.5065932559e+00,0.0690,3.3861e-03
1009.352,1.2778099092e-03,1.758828e-02,1.5065932559e+00,0.0690,3.1961e-03
1009.949,1.2777210944e-03,1.758537e-02,1.5065932559e+00,0.0690,3.0224e-03
1010.545,1.2776331605e-03,1.758511e-02,1.5065932559e+00,0.0690,2.8680e-03
1011.142,1.2775444626e-03,1.758733e-02,1.5065932559e+00,0.0690,2.7359e-03
1011.738,1.2774541282e-03,1.759187e-02,1.5065932559e+00,0.0690,2.6283e-03
1012.335,1.2773621779e-03,1.759858e-02,1.5065932559e+00,0.0690,2.5470e-03
1012.931,1.2772695771e-03,1.760726e-02,1.5065932559e+00,0.0690,2.4931e-03
1013.528,1.2771782393e-03,1.761773e-02,1.5065932559e+00,0.0690,2.4669e-03
1014.124,1.2770909790e-03,1.762988e-02,1.5065932559e+00,0.0690,2.4692e-03
1014.721,1.2770113898e-03,1.764347e-02,1.5065932559e+00,0.0690,2.5003e-03
1015.318,1.2769436190e-03,1.765820e-02,1.5065932559e+00,0.0690,2.5594e-03
1015.914,1.2768920365e-03,1.767356e-02,1.5065932559e+00,0.0690,2.6452e-03
1016.511,1.2768608307e-03,1.768884e-02,1.5065932559e+00,0.0690,2.7553e-03
1017.107,1.2768535955e-03,1.770339e-02,1.5065932559e+00,0.0690,2.8854e-03
1017.704,1.2768729860e-03,1.771661e-02,1.5065932559e+00,0.0690,3.0293e-03
1018.300,1.2769205118e-03,1.772818e-02,1.5065932559e+00,0.0690,3.1815e-03
1018.897,1.2769965061e-03,1.773753e-02,1.5065932559e+00,0.0690,3.3371e-03
1019.493,1.2771002703e-03,1.774413e-02,1.5065932559e+00,0.0690,3.4914e-03
1020.090,1.2772303496e-03,1.774785e-02,1.5065932559e+00,0.0690,3.6403e-03
1020.686,1.2773848906e-03,1.774867e-02,1.5065932559e+00,0.0690,3.7799e-03
1021.283,1.2775620050e-03,1.774673e-02,1.5065932559e+00,0.0690,3.9072e-03
1021.879,1.2777600642e-03,1.774230e-02,1.5065932559e+00,0.0690,4.0194e-03
1022.476,1.2779779585e-03,1.773581e-02,1.5065932559e+00,0.0690,4.1144e-03
1023.073,1.2782151854e-03,1.772780e-02,1.5065932559e+00,0.0690,4.1903e-03
1023.669,1.2784716891e-03,1.771887e-02,1.5065932559e+00,0.0690,4.2460e-03
1024.266,1.2787475148e-03,1.770965e-02,1.5065932559e+00,0.0690,4.2804e-03
1024.862,1.2790423846e-03,1.770075e-02,1.5065932559e+00,0.0690,4.2929e-03
1025.459,1.2793552877e-03,1.769274e-02,1.5065932559e+00,0.0690,4.2833e-03
1026.055,1.2796841698e-03,1.768616e-02,1.5065932559e+00,0.0690,4.2517e-03
1026.652,1.2800257843e-03,1.768148e-02,1.5065932559e+00,0.0690,4.1985e-03
1027.248,1.2803757349e-03,1.767909e-02,1.5065932559e+00,0.0690,4.1242e-03
1027.845,1.2807286836e-03,1.767935e-02,1.5065932559e+00,0.0690,4.0296e-03
1028.441,1.2810786560e-03,1.768251e-02,1.5065932559e+00,0.0690,3.9158e-03
1029.038,1.2814193783e-03,1.768922e-02,1.5065932559e+00,0.0690,3.7840e-03
1029.635,1.2817446107e-03,1.769963e-02,1.5065932559e+00,0.0690,3.6353e-03
1030.231,1.2820484926e-03,1.771344e-02,1.5065932559e+00,0.0690,3.4709e-03
1030.828,1.2823259314e-03,1.773029e-02,1.5065932559e+00,0.0690,3.2922e-03
1031.424,1.2825730305e-03,1.775054e-02,1.5065932559e+00,0.0690,3.1003e-03
1032.021,1.2827874820e-03,1.777409e-02,1.5065932559e+00,0.0690,2.8960e-03
1032.617,1.2829687887e-03,1.780074e-02,1.5065932559e+00,0.0690,2.6800e-03
1033.214,1.2831181884e-03,1.783036e-02,1.5065932559e+00,0.0690,2.4534e-03
1033.810,1.2832382410e-03,1.786278e-02,1.5065932559e+00,0.0690,2.2176e-03
1034.407,1.2833321625e-03,1.789774e-02,1.5065932559e+00,0.0690,1.9740e-03
1035.003,1.2834030984e-03,1.793491e-02,1.5065932559e+00,0.0690,1.7247e-03
1035.600,1.2834535481e-03,1.797399e-02,1.5065932559e+00,0.0690,1.5507e-03
1036.197,1.2834850959e-03,1.801474e-02,1.5065932559e+00,0.0690,1.6607e-03
1036.793,1.2834984849e-03,1.805675e-02,1.5065932559e+00,0.0690,1.7576e-03
1037.390,1.2834939568e-03,1.809955e-02,1.5065932559e+00,0.0690,1.8401e-03
1037.986,1.2834717064e-03,1.814265e-02,1.5065932559e+00,0.0690,1.9071e-03
1038.583,1.2834322958e-03,1.818554e-02,1.5065932559e+00,0.0690,1.9574e-03
1039.179,1.2833769069e-03,1.822766e-02,1.5065932559e+00,0.0690,1.9899e-03
1039.776,1.2833073805e-03,1.826843e-02,1.5065932559e+00,0.0690,2.0043e-03
1040.372,1.2832260500e-03,1.830715e-02,1.5065932559e+00,0.0690,2.0018e-03
1040.969,1.2831354243e-03,1.834323e-02,1.5065932559e+00,0.0690,1.9803e-03
1041.565,1.2830377988e-03,1.837610e-02,1.5065932559e+00,0.0690,1.9381e-03
1042.162,1.2829348848e-03,1.840519e-02,1.5065932559e+00,0.0690,1.8746e-03
1042.759,1.2828275397e-03,1.842999e-02,1.5065932559e+00,0.0690,1.7899e-03
1043.355,1.2827156498e-03,1.845005e-02,1.5065932559e+00,0.0690,1.6850e-03
1043.952,1.2825981804e-03,1.846499e-02,1.5065932559e+00,0.0690,1.5613e-03
1044.548,1.2824733705e-03,1.847414e-02,1.5065932559e+00,0.0690,1.4207e-03
1045.145,1.2823390276e-03,1.847677e-02,1.5065932559e+00,0.0690,1.2652e-03
1045.741,1.2821928738e-03,1.847322e-02,1.5065932559e+00,0.0690,1.0952e-03
1046.338,1.2820328890e-03,1.846434e-02,1.5065932559e+00,0.0690,9.1379e-04
1046.934,1.2818576116e-03,1.845088e-02,1.5065932559e+00,0.0690,7.2588e-04
1047.531,1.2816663718e-03,1.843305e-02,1.5065932559e+00,0.0690,5.3435e-04
1048.127,1.2814594370e-03,1.841092e-02,1.5065932559e+00,0.0690,6.6522e-04
1048.724,1.2812380480e-03,1.838341e-02,1.5065932559e+00,0.0690,9.3092e-04
1049.320,1.2810043392e-03,1.835017e-02,1.5065932559e+00,0.0690,1.2179e-03
1049.917,1.2807611562e-03,1.831146e-02,1.5065932559e+00,0.0690,1.5194e-03
1050.514,1.2805118149e-03,1.826762e-02,1.5065932559e+00,0.0690,1.8295e-03
1051.110,1.2802598591e-03,1.821905e-02,1.5065932559e+00,0.0690,2.1427e-03
1051.707,1.2800088624e-03,1.816628e-02,1.5065932559e+00,0.0690,2.4541e-03
1052.303,1.2797622913e-03,1.810989e-02,1.5065932559e+00,0.0690,2.7589e-03
1052.900,1.2795234224e-03,1.805051e-02,1.5065932559e+00,0.0690,3.0527e-03
1053.496,1.2792952890e-03,1.798886e-02,1.5065932559e+00,0.0690,3.3312e-03
1054.093,1.2790806372e-03,1.792562e-02,1.5065932559e+00,0.0690,3.5901e-03
1054.689,1.2788818873e-03,1.786153e-02,1.5065932559e+00,0.0690,3.8257e-03
1055.286,1.2787011050e-03,1.779725e-02,1.5065932559e+00,0.0690,4.0344e-03
1055.882,1.2785399921e-03,1.773374e-02,1.5065932559e+00,0.0690,4.2177e-03
1056.479,1.2783998990e-03,1.767174e-02,1.5065932559e+00,0.0690,4.3744e-03
1057.076,1.2782818543e-03,1.761173e-02,1.5065932559e+00,0.0690,4.5008e-03
1057.672,1.2781865912e-03,1.755396e-02,1.5065932559e+00,0.0690,4.5922e-03
1058.269,1.2781145500e-03,1.749867e-02,1.5065932559e+00,0.0690,4.6427e-03
1058.865,1.2780658376e-03,1.744607e-02,1.5065932559e+00,0.0690,4.6478e-03
1059.462,1.2780401427e-03,1.739633e-02,1.5065932559e+00,0.0690,4.6038e-03
1060.058,1.2780366293e-03,1.734950e-02,1.5065932559e+00,0.0690,4.5085e-03
1060.655,1.2780538421e-03,1.730541e-02,1.5065932559e+00,0.0690,4.3601e-03
1061.251,1.2780896589e-03,1.726403e-02,1.5065932559e+00,0.0690,4.1584e-03
1061.848,1.2781413034e-03,1.722593e-02,1.5065932559e+00,0.0690,3.9133e-03
1062.444,1.2782054143e-03,1.719152e-02,1.5065932559e+00,0.0690,3.6305e-03
1063.041,1.2782781541e-03,1.716124e-02,1.5065932559e+00,0.0690,3.3148e-03
1063.638,1.2783553492e-03,1.713558e-02,1.5065932559e+00,0.0690,2.9707e-03
1064.234,1.2784326705e-03,1.711524e-02,1.5065932559e+00,0.0690,2.6031e-03
1064.831,1.2785058709e-03,1.710112e-02,1.5065932559e+00,0.0690,2.2162e-03
1065.427,1.2785710775e-03,1.709295e-02,1.5065932559e+00,0.0690,1.8751e-03
1066.024,1.2786251106e-03,1.709040e-02,1.5065932559e+00,0.0690,2.1254e-03
1066.620,1.2786657587e-03,1.709424e-02,1.5065932559e+00,0.0690,2.3737e-03
1067.217,1.2786919544e-03,1.710509e-02,1.5065932559e+00,0.0690,2.6170e-03
1067.813,1.2787037669e-03,1.712311e-02,1.5065932559e+00,0.0690,2.8525e-03
1068.410,1.2787022428e-03,1.714842e-02,1.5065932559e+00,0.0690,3.0789e-03
1069.006,1.2786891998e-03,1.718090e-02,1.5065932559e+00,0.0690,3.2968e-03
1069.603,1.2786669650e-03,1.722056e-02,1.5065932559e+00,0.0690,3.4989e-03
1070.200,1.2786381189e-03,1.726740e-02,1.5065932559e+00,0.0690,3.6773e-03
1070.796,1.2786053400e-03,1.732115e-02,1.5065932559e+00,0.0690,3.8318e-03
1071.393,1.2785713728e-03,1.738140e-02,1.5065932559e+00,0.0690,3.9622e-03
1071.989,1.2785390318e-03,1.744760e-02,1.5065932559e+00,0.0690,4.0687e-03
1072.586,1.2785111254e-03,1.751907e-02,1.5065932559e+00,0.0690,4.1508e-03
1073.182,1.2784902407e-03,1.759501e-02,1.5065932559e+00,0.0690,4.2082e-03
1073.779,1.2784784347e-03,1.767452e-02,1.5065932559e+00,0.0690,4.2402e-03
1074.375,1.2784769489e-03,1.775674e-02,1.5065932559e+00,0.0690,4.2425e-03
1074.972,1.2784860515e-03,1.784067e-02,1.5065932559e+00,0.0690,4.2145e-03
1075.568,1.2785050494e-03,1.792521e-02,1.5065932559e+00,0.0690,4.1579e-03
1076.165,1.2785324409e-03,1.800923e-02,1.5065932559e+00,0.0690,4.2326e-03
1076.762,1.2785661483e-03,1.809156e-02,1.5065932559e+00,0.0690,4.4422e-03
1077.358,1.2786037854e-03,1.817059e-02,1.5065932559e+00,0.0690,4.5971e-03
1077.955,1.2786429446e-03,1.824503e-02,1.5065932559e+00,0.0690,4.6885e-03
1078.551,1.2786814975e-03,1.831384e-02,1.5065932559e+00,0.0690,4.7170e-03
1079.148,1.2787178861e-03,1.837616e-02,1.5065932559e+00,0.0690,4.6838e-03
1079.744,1.2787513461e-03,1.843128e-02,1.5065932559e+00,0.0690,4.5904e-03
1080.341,1.2787819971e-03,1.847873e-02,1.5065932559e+00,0.0690,4.4383e-03
1080.937,1.2788107593e-03,1.851824e-02,1.5065932559e+00,0.0690,4.2295e-03
1081.534,1.2788391132e-03,1.854977e-02,1.5065932559e+00,0.0690,3.9660e-03
1082.130,1.2788687698e-03,1.857348e-02,1.5065932559e+00,0.0690,3.6499e-03
1082.727,1.2789013431e-03,1.858973e-02,1.5065932559e+00,0.0690,3.2838e-03
1083.323,1.2789380898e-03,1.859857e-02,1.5065932559e+00,0.0690,2.8703e-03
1083.920,1.2789797485e-03,1.860023e-02,1.5065932559e+00,0.0690,2.4124e-03
1084.517,1.2790264889e-03,1.859614e-02,1.5065932559e+00,0.0690,1.9132e-03
1085.113,1.2790779421e-03,1.858779e-02,1.5065932559e+00,0.0690,1.3757e-03
1085.710,1.2791333100e-03,1.857617e-02,1.5065932559e+00,0.0690,8.0196e-04
1086.306,1.2791915437e-03,1.856088e-02,1.5065932559e+00,0.0690,4.5245e-04
1086.903,1.2792515410e-03,1.854151e-02,1.5065932559e+00,0.0690,8.8581e-04
1087.499,1.2793123509e-03,1.851813e-02,1.5065932559e+00,0.0690,1.3110e-03
1088.096,1.2793733663e-03,1.848999e-02,1.5065932559e+00,0.0690,1.7367e-03
1088.692,1.2794344664e-03,1.845729e-02,1.5065932559e+00,0.0690,2.4351e-03
1089.289,1.2794960718e-03,1.842081e-02,1.5065932559e+00,0.0690,3.1293e-03
1089.885,1.2795590888e-03,1.838119e-02,1.5065932559e+00,0.0690,3.8276e-03
1090.482,1.2796247385e-03,1.833825e-02,1.5065932559e+00,0.0690,4.5259e-03
1091.079,1.2796942885e-03,1.829226e-02,1.5065932559e+00,0.0690,5.2181e-03
1091.675,1.2797687355e-03,1.824355e-02,1.5065932559e+00,0.0690,5.8983e-03
1092.272,1.2798485057e-03,1.819248e-02,1.5065932559e+00,0.0690,6.5604e-03
1092.868,1.2799332290e-03,1.813944e-02,1.5065932559e+00,0.0690,7.1980e-03
1093.465,1.2800216277e-03,1.808484e-02,1.5065932559e+00,0.0690,7.8050e-03
1094.061,1.2801115218e-03,1.802909e-02,1.5065932559e+00,0.0690,8.3751e-03
1094.658,1.2801999345e-03,1.797258e-02,1.5065932559e+00,0.0690,8.9020e-03
1095.254,1.2802832844e-03,1.791569e-02,1.5065932559e+00,0.0690,9.3799e-03
1095.851,1.2803576648e-03,1.785876e-02,1.5065932559e+00,0.0690,9.8031e-03
1096.447,1.2804192000e-03,1.780213e-02,1.5065932559e+00,0.0690,1.0166e-02
1097.044,1.2804644405e-03,1.774615e-02,1.5065932559e+00,0.0690,1.0465e-02
1097.641,1.2804907376e-03,1.769116e-02,1.5065932559e+00,0.0690,1.0695e-02
1098.237,1.2804965344e-03,1.763753e-02,1.5065932559e+00,0.0690,1.0854e-02
1098.834,1.2804815356e-03,1.758567e-02,1.5065932559e+00,0.0690,1.0939e-02
1099.430,1.2804467444e-03,1.753605e-02,1.5065932559e+00,0.0690,1.0949e-02
1100.027,1.2803943797e-03,1.748918e-02,1.5065932559e+00,0.0690,1.0884e-02
1100.623,1.2803276837e-03,1.744567e-02,1.5065932559e+00,0.0690,1.0746e-02
1101.220,1.2802506252e-03,1.740620e-02,1.5065932559e+00,0.0690,1.0534e-02
1101.816,1.2801675288e-03,1.737146e-02,1.5065932559e+00,0.0690,1.0254e-02
1102.413,1.2800826842e-03,1.734217e-02,1.5065932559e+00,0.0690,9.9077e-03
1103.009,1.2800000071e-03,1.731900e-02,1.5065932559e+00,0.0690,9.5003e-03
1103.606,1.2799228039e-03,1.730197e-02,1.5065932559e+00,0.0690,9.0355e-03
1104.203,1.2798536633e-03,1.729232e-02,1.5065932559e+00,0.0690,8.5330e-03
1104.799,1.2797944527e-03,1.729105e-02,1.5065932559e+00,0.0690,8.0033e-03
1105.396,1.2797463755e-03,1.729870e-02,1.5065932559e+00,0.0690,7.4511e-03
1105.992,1.2797100412e-03,1.731558e-02,1.5065932559e+00,0.0690,6.8804e-03
1106.589,1.2796855140e-03,1.734149e-02,1.5065932559e+00,0.0690,6.2939e-03
1107.185,1.2796723460e-03,1.737655e-02,1.5065932559e+00,0.0690,5.6906e-03
1107.782,1.2796696407e-03,1.741880e-02,1.5065932559e+00,0.0690,5.0702e-03
1108.378,1.2796761914e-03,1.746788e-02,1.5065932559e+00,0.0690,4.4344e-03
1108.975,1.2796906839e-03,1.752371e-02,1.5065932559e+00,0.0690,3.7881e-03
1109.571,1.2797118973e-03,1.758516e-02,1.5065932559e+00,0.0690,3.1384e-03
1110.168,1.2797388367e-03,1.765090e-02,1.5065932559e+00,0.0690,2.4926e-03
1110.765,1.2797707830e-03,1.771953e-02,1.5065932559e+00,0.0690,2.2503e-03
1111.361,1.2798072881e-03,1.778964e-02,1.5065932559e+00,0.0690,2.5366e-03
1111.958,1.2798481230e-03,1.785987e-02,1.5065932559e+00,0.0690,2.7958e-03
1112.554,1.2798931689e-03,1.792895e-02,1.5065932559e+00,0.0690,3.0262e-03
1113.151,1.2799422625e-03,1.799560e-02,1.5065932559e+00,0.0690,3.2299e-03
1113.747,1.2799950555e-03,1.805869e-02,1.5065932559e+00,0.0690,3.4082e-03
1114.344,1.2800509890e-03,1.811753e-02,1.5065932559e+00,0.0690,3.5518e-03
1114.940,1.2801094507e-03,1.817160e-02,1.5065932559e+00,0.0690,3.6565e-03
1115.537,1.2801701094e-03,1.822048e-02,1.5065932559e+00,0.0690,3.7237e-03
1116.133,1.2802332840e-03,1.826387e-02,1.5065932559e+00,0.0690,3.7552e-03
1116.730,1.2803001587e-03,1.830164e-02,1.5065932559e+00,0.0690,3.7535e-03
1117.326,1.2803727777e-03,1.833377e-02,1.5065932559e+00,0.0690,3.7211e-03
1117.923,1.2804537460e-03,1.836034e-02,1.5065932559e+00,0.0690,3.6607e-03
1118.520,1.2805456907e-03,1.838149e-02,1.5065932559e+00,0.0690,3.5755e-03
1119.116,1.2806506995e-03,1.839744e-02,1.5065932559e+00,0.0690,3.4676e-03
1119.713,1.2807699510e-03,1.840847e-02,1.5065932559e+00,0.0690,3.3392e-03
1120.309,1.2809035993e-03,1.841479e-02,1.5065932559e+00,0.0690,3.1949e-03
1120.906,1.2810508158e-03,1.841685e-02,1.5065932559e+00,0.0690,3.0370e-03
1121.502,1.2812098438e-03,1.841497e-02,1.5065932559e+00,0.0690,2.8699e-03
1122.099,1.2813779790e-03,1.840938e-02,1.5065932559e+00,0.0690,2.6985e-03
1122.695,1.2815514983e-03,1.840031e-02,1.5065932559e+00,0.0690,2.5269e-03
1123.292,1.2817256404e-03,1.838796e-02,1.5065932559e+00,0.0690,2.3587e-03
1123.888,1.2818947495e-03,1.837252e-02,1.5065932559e+00,0.0690,2.1969e-03
1124.485,1.2820526185e-03,1.835365e-02,1.5065932559e+00,0.0690,2.0469e-03
1125.082,1.2821929830e-03,1.833152e-02,1.5065932559e+00,0.0690,1.9093e-03
1125.678,1.2823100719e-03,1.830635e-02,1.5065932559e+00,0.0690,1.7790e-03
1126.275,1.2823991324e-03,1.827844e-02,1.5065932559e+00,0.0690,1.6544e-03
1126.871,1.2824568902e-03,1.824795e-02,1.5065932559e+00,0.0690,1.5365e-03
1127.468,1.2824819209e-03,1.821579e-02,1.5065932559e+00,0.0690,1.4262e-03
1128.064,1.2824748822e-03,1.818294e-02,1.5065932559e+00,0.0690,1.3209e-03
1128.661,1.2824385284e-03,1.814957e-02,1.5065932559e+00,0.0690,1.2239e-03
1129.257,1.2823774334e-03,1.811565e-02,1.5065932559e+00,0.0690,1.1397e-03
1129.854,1.2822974048e-03,1.808151e-02,1.5065932559e+00,0.0690,1.0676e-03
1130.450,1.2822046637e-03,1.804748e-02,1.5065932559e+00,0.0690,1.0061e-03
1131.047,1.2821049432e-03,1.801389e-02,1.5065932559e+00,0.0690,9.5415e-04
1131.644,1.2820027027e-03,1.798110e-02,1.5065932559e+00,0.0690,9.1074e-04
1132.240,1.2819006178e-03,1.794947e-02,1.5065932559e+00,0.0690,9.9164e-04
1132.837,1.2817994260e-03,1.791933e-02,1.5065932559e+00,0.0690,1.0888e-03
1133.433,1.2816981130e-03,1.789099e-02,1.5065932559e+00,0.0690,1.1713e-03
1134.030,1.2815943550e-03,1.786469e-02,1.5065932559e+00,0.0690,1.2395e-03
1134.626,1.2814851021e-03,1.784069e-02,1.5065932559e+00,0.0690,1.2939e-03
1135.223,1.2813671761e-03,1.781932e-02,1.5065932559e+00,0.0690,1.3353e-03
1135.819,1.2812377923e-03,1.780077e-02,1.5065932559e+00,0.0690,1.3645e-03
1136.416,1.2810949440e-03,1.778523e-02,1.5065932559e+00,0.0690,1.3825e-03
1137.012,1.2809376340e-03,1.777261e-02,1.5065932559e+00,0.0690,1.3904e-03
1137.609,1.2807659593e-03,1.776254e-02,1.5065932559e+00,0.0690,1.3891e-03
1138.206,1.2805810686e-03,1.775467e-02,1.5065932559e+00,0.0690,1.3787e-03
1138.802,1.2803850042e-03,1.774866e-02,1.5065932559e+00,0.0690,1.3597e-03
1139.399,1.2801804433e-03,1.774415e-02,1.5065932559e+00,0.0690,1.3330e-03
1139.995,1.2799703658e-03,1.774080e-02,1.5065932559e+00,0.0690,1.2997e-03
1140.592,1.2797577104e-03,1.773839e-02,1.5065932559e+00,0.0690,1.2612e-03
1141.188,1.2795450766e-03,1.773675e-02,1.5065932559e+00,0.0690,1.2188e-03
1141.785,1.2793345059e-03,1.773574e-02,1.5065932559e+00,0.0690,1.1739e-03
1142.381,1.2791273612e-03,1.773520e-02,1.5065932559e+00,0.0690,1.1281e-03
1142.978,1.2789243061e-03,1.773495e-02,1.5065932559e+00,0.0690,1.0831e-03
1143.574,1.2787253620e-03,1.773482e-02,1.5065932559e+00,0.0690,1.0406e-03
1144.171,1.2785300111e-03,1.773464e-02,1.5065932559e+00,0.0690,1.0025e-03
1144.768,1.2783373219e-03,1.773422e-02,1.5065932559e+00,0.0690,9.7069e-04
1145.364,1.2781460985e-03,1.773340e-02,1.5065932559e+00,0.0690,9.4696e-04
1145.961,1.2779550690e-03,1.773202e-02,1.5065932559e+00,0.0690,9.3300e-04
1146.557,1.2777631261e-03,1.772998e-02,1.5065932559e+00,0.0690,9.3036e-04
1147.154,1.2775695999e-03,1.772722e-02,1.5065932559e+00,0.0690,9.4034e-04
1147.750,1.2773745117e-03,1.772370e-02,1.5065932559e+00,0.0690,9.6400e-04
1148.347,1.2771787427e-03,1.771939e-02,1.5065932559e+00,0.0690,1.0021e-03
1148.943,1.2769840711e-03,1.771422e-02,1.5065932559e+00,0.0690,1.0552e-03
1149.540,1.2767930746e-03,1.770795e-02,1.5065932559e+00,0.0690,1.1232e-03
1150.136,1.2766089403e-03,1.770027e-02,1.5065932559e+00,0.0690,1.2053e-03
1150.733,1.2764352456e-03,1.769108e-02,1.5065932559e+00,0.0690,1.3000e-03
1151.329,1.2762757615e-03,1.768049e-02,1.5065932559e+00,0.0690,1.4048e-03
1151.926,1.2761342960e-03,1.766867e-02,1.5065932559e+00,0.0690,1.5160e-03
1152.523,1.2760145661e-03,1.765601e-02,1.5065932559e+00,0.0690,1.6307e-03
1153.119,1.2759200671e-03,1.764293e-02,1.5065932559e+00,0.0690,1.7462e-03
1153.716,1.2758539234e-03,1.762978e-02,1.5065932559e+00,0.0690,1.8601e-03
1154.312,1.2758187207e-03,1.761690e-02,1.5065932559e+00,0.0690,1.9700e-03
1154.909,1.2758163407e-03,1.760456e-02,1.5065932559e+00,0.0690,2.0739e-03
1155.505,1.2758478263e-03,1.759302e-02,1.5065932559e+00,0.0690,2.1697e-03
1156.102,1.2759132937e-03,1.758249e-02,1.5065932559e+00,0.0690,2.2555e-03
1156.698,1.2760119043e-03,1.757314e-02,1.5065932559e+00,0.0690,2.3293e-03
1157.295,1.2761418940e-03,1.756516e-02,1.5065932559e+00,0.0690,2.3896e-03
1157.891,1.2763006623e-03,1.755878e-02,1.5065932559e+00,0.0690,2.4348e-03
1158.488,1.2764849223e-03,1.755423e-02,1.5065932559e+00,0.0690,2.4639e-03
1159.085,1.2766909116e-03,1.755160e-02,1.5065932559e+00,0.0690,2.4761e-03
1159.681,1.2769146513e-03,1.755073e-02,1.5065932559e+00,0.0690,2.4708e-03
1160.278,1.2771522250e-03,1.755150e-02,1.5065932559e+00,0.0690,2.4480e-03
1160.874,1.2774000318e-03,1.755383e-02,1.5065932559e+00,0.0690,2.4081e-03
1161.471,1.2776549666e-03,1.755767e-02,1.5065932559e+00,0.0690,2.3517e-03
1162.067,1.2779145091e-03,1.756300e-02,1.5065932559e+00,0.0690,2.2792e-03
1162.664,1.2781766940e-03,1.756998e-02,1.5065932559e+00,0.0690,2.1916e-03
1163.260,1.2784399873e-03,1.757888e-02,1.5065932559e+00,0.0690,2.0902e-03
1163.857,1.2787031728e-03,1.758999e-02,1.5065932559e+00,0.0690,1.9772e-03
1164.453,1.2789652047e-03,1.760374e-02,1.5065932559e+00,0.0690,1.8548e-03
1165.050,1.2792250477e-03,1.762078e-02,1.5065932559e+00,0.0690,1.7258e-03
1165.647,1.2794815908e-03,1.764171e-02,1.5065932559e+00,0.0690,1.5931e-03
1166.243,1.2797336688e-03,1.766680e-02,1.5065932559e+00,0.0690,1.4600e-03
1166.840,1.2799801499e-03,1.769587e-02,1.5065932559e+00,0.0690,1.3298e-03
1167.436,1.2802200003e-03,1.772864e-02,1.5065932559e+00,0.0690,1.2051e-03
1168.033,1.2804522594e-03,1.776468e-02,1.5065932559e+00,0.0690,1.0883e-03
1168.629,1.2806759191e-03,1.780351e-02,1.5065932559e+00,0.0690,9.8818e-04
1169.226,1.2808897657e-03,1.784452e-02,1.5065932559e+00,0.0690,9.9640e-04
1169.822,1.2810922632e-03,1.788708e-02,1.5065932559e+00,0.0690,9.9552e-04
1170.419,1.2812815172e-03,1.793052e-02,1.5065932559e+00,0.0690,9.8484e-04
1171.015,1.2814553163e-03,1.797418e-02,1.5065932559e+00,0.0690,9.6356e-04
1171.612,1.2816112323e-03,1.801741e-02,1.5065932559e+00,0.0690,9.3084e-04
1172.209,1.2817467636e-03,1.805964e-02,1.5065932559e+00,0.0690,8.8581e-04
1172.805,1.2818595265e-03,1.810036e-02,1.5065932559e+00,0.0690,8.2766e-04
1173.402,1.2819474878e-03,1.813914e-02,1.5065932559e+00,0.0690,7.5572e-04
1173.998,1.2820092160e-03,1.817570e-02,1.5065932559e+00,0.0690,6.6952e-04
1174.595,1.2820441050e-03,1.820976e-02,1.5065932559e+00,0.0690,6.9697e-04
1175.191,1.2820525254e-03,1.824097e-02,1.5065932559e+00,0.0690,7.7071e-04
1175.788,1.2820358774e-03,1.826906e-02,1.5065932559e+00,0.0690,8.6737e-04
1176.384,1.2819965487e-03,1.829381e-02,1.5065932559e+00,0.0690,9.8777e-04
1176.981,1.2819378012e-03,1.831557e-02,1.5065932559e+00,0.0690,1.1325e-03
1177.577,1.2818636033e-03,1.833500e-02,1.5065932559e+00,0.0690,1.3019e-03
1178.174,1.2817784173e-03,1.835287e-02,1.5065932559e+00,0.0690,1.4969e-03
1178.770,1.2816869360e-03,1.836945e-02,1.5065932559e+00,0.0690,1.7185e-03
1179.367,1.2815937714e-03,1.838449e-02,1.5065932559e+00,0.0690,1.9671e-03
1179.964,1.2815031130e-03,1.839787e-02,1.5065932559e+00,0.0690,2.2419e-03
1180.560,1.2814183943e-03,1.840863e-02,1.5065932559e+00,0.0690,2.5401e-03
1181.157,1.2813420187e-03,1.841599e-02,1.5065932559e+00,0.0690,2.8564e-03
1181.753,1.2812751913e-03,1.841968e-02,1.5065932559e+00,0.0690,3.1853e-03
1182.350,1.2812178858e-03,1.841960e-02,1.5065932559e+00,0.0690,3.5221e-03
1182.946,1.2811689618e-03,1.841571e-02,1.5065932559e+00,0.0690,3.8625e-03
1183.543,1.2811264097e-03,1.840809e-02,1.5065932559e+00,0.0690,4.2025e-03
1184.139,1.2810876823e-03,1.839686e-02,1.5065932559e+00,0.0690,4.5386e-03
1184.736,1.2810500586e-03,1.838228e-02,1.5065932559e+00,0.0690,4.8674e-03
1185.332,1.2810109919e-03,1.836468e-02,1.5065932559e+00,0.0690,5.1855e-03
1185.929,1.2809683916e-03,1.834446e-02,1.5065932559e+00,0.0690,5.4901e-03
1186.526,1.2809208133e-03,1.832205e-02,1.5065932559e+00,0.0690,5.7780e-03
1187.122,1.2808675513e-03,1.829810e-02,1.5065932559e+00,0.0690,6.0500e-03
1187.719,1.2808086557e-03,1.827332e-02,1.5065932559e+00,0.0690,6.3074e-03
1188.315,1.2807449057e-03,1.824814e-02,1.5065932559e+00,0.0690,6.5483e-03
1188.912,1.2806777607e-03,1.822266e-02,1.5065932559e+00,0.0690,6.7690e-03
1189.508,1.2806092900e-03,1.819696e-02,1.5065932559e+00,0.0690,6.9644e-03
1190.105,1.2805420618e-03,1.817106e-02,1.5065932559e+00,0.0690,7.1296e-03
1190.701,1.2804789639e-03,1.814482e-02,1.5065932559e+00,0.0690,7.2601e-03
1191.298,1.2804229462e-03,1.811796e-02,1.5065932559e+00,0.0690,7.3517e-03
1191.894,1.2803767038e-03,1.809013e-02,1.5065932559e+00,0.0690,7.4008e-03
1192.491,1.2803423376e-03,1.806090e-02,1.5065932559e+00,0.0690,7.4043e-03
1193.088,1.2803210775e-03,1.802987e-02,1.5065932559e+00,0.0690,7.3599e-03
1193.684,1.2803130934e-03,1.799667e-02,1.5065932559e+00,0.0690,7.2657e-03
1194.281,1.2803173979e-03,1.796097e-02,1.5065932559e+00,0.0690,7.1210e-03
1194.877,1.2803318730e-03,1.792230e-02,1.5065932559e+00,0.0690,6.9238e-03
1195.474,1.2803534523e-03,1.788074e-02,1.5065932559e+00,0.0690,6.6764e-03
1196.070,1.2803784615e-03,1.783703e-02,1.5065932559e+00,0.0690,6.3893e-03
1196.667,1.2804030681e-03,1.779172e-02,1.5065932559e+00,0.0690,6.0667e-03
1197.263,1.2804237577e-03,1.774552e-02,1.5065932559e+00,0.0690,5.7123e-03
1197.860,1.2804377391e-03,1.769930e-02,1.5065932559e+00,0.0690,5.3294e-03
1198.456,1.2804432020e-03,1.765401e-02,1.5065932559e+00,0.0690,4.9215e-03
1199.053,1.2804393894e-03,1.761065e-02,1.5065932559e+00,0.0690,4.4917e-03
1199.650,1.2804264991e-03,1.757017e-02,1.5065932559e+00,0.0690,4.0432e-03
1200.246,1.2804054657e-03,1.753345e-02,1.5065932559e+00,0.0690,3.5788e-03
1200.843,1.2803776964e-03,1.750170e-02,1.5065932559e+00,0.0690,3.1015e-03
1201.439,1.2803448227e-03,1.747437e-02,1.5065932559e+00,0.0690,2.6131e-03
1202.036,1.2803085152e-03,1.745210e-02,1.5065932559e+00,0.0690,2.1759e-03
1202.632,1.2802703738e-03,1.743518e-02,1.5065932559e+00,0.0690,2.4824e-03
1203.229,1.2802318707e-03,1.742373e-02,1.5065932559e+00,0.0690,2.7850e-03
1203.825,1.2801943064e-03,1.741779e-02,1.5065932559e+00,0.0690,3.0814e-03
1204.422,1.2801587465e-03,1.741731e-02,1.5065932559e+00,0.0690,3.3691e-03
1205.018,1.2801259325e-03,1.742210e-02,1.5065932559e+00,0.0690,3.6497e-03
1205.615,1.2800961832e-03,1.743220e-02,1.5065932559e+00,0.0690,3.9200e-03
1206.212,1.2800693171e-03,1.744775e-02,1.5065932559e+00,0.0690,4.1707e-03
1206.808,1.2800446295e-03,1.746891e-02,1.5065932559e+00,0.0690,4.3945e-03
1207.405,1.2800209591e-03,1.749565e-02,1.5065932559e+00,0.0690,4.5913e-03
1208.001,1.2799968565e-03,1.752791e-02,1.5065932559e+00,0.0690,4.7609e-03
1208.598,1.2799708306e-03,1.756555e-02,1.5065932559e+00,0.0690,4.9030e-03
1209.194,1.2799416272e-03,1.760833e-02,1.5065932559e+00,0.0690,5.0173e-03
1209.791,1.2799084897e-03,1.765590e-02,1.5065932559e+00,0.0690,5.1032e-03
1210.387,1.2798713480e-03,1.770783e-02,1.5065932559e+00,0.0690,5.1599e-03
1210.984,1.2798308939e-03,1.776370e-02,1.5065932559e+00,0.0690,5.1830e-03
1211.580,1.2797885205e-03,1.782293e-02,1.5065932559e+00,0.0690,5.1723e-03
1212.177,1.2797461310e-03,1.788477e-02,1.5065932559e+00,0.0690,5.1300e-03
1212.773,1.2797058604e-03,1.794840e-02,1.5065932559e+00,0.0690,5.1640e-03
1213.370,1.2796697689e-03,1.801297e-02,1.5065932559e+00,0.0690,5.4271e-03
1213.967,1.2796395556e-03,1.807708e-02,1.5065932559e+00,0.0690,5.6335e-03
1214.563,1.2796163316e-03,1.813947e-02,1.5065932559e+00,0.0690,5.7679e-03
1215.160,1.2796004808e-03,1.819912e-02,1.5065932559e+00,0.0690,5.8325e-03
1215.756,1.2795916163e-03,1.825513e-02,1.5065932559e+00,0.0690,5.8301e-03
1216.353,1.2795886315e-03,1.830667e-02,1.5065932559e+00,0.0690,5.7638e-03
1216.949,1.2795898442e-03,1.835307e-02,1.5065932559e+00,0.0690,5.6372e-03
1217.546,1.2795932116e-03,1.839383e-02,1.5065932559e+00,0.0690,5.4538e-03
1218.142,1.2795965796e-03,1.842863e-02,1.5065932559e+00,0.0690,5.2172e-03
1218.739,1.2795979562e-03,1.845731e-02,1.5065932559e+00,0.0690,4.9313e-03
1219.335,1.2795957586e-03,1.847988e-02,1.5065932559e+00,0.0690,4.5998e-03
1219.932,1.2795889763e-03,1.849650e-02,1.5065932559e+00,0.0690,4.2265e-03
1220.529,1.2795772363e-03,1.850696e-02,1.5065932559e+00,0.0690,3.8151e-03
1221.125,1.2795607921e-03,1.851115e-02,1.5065932559e+00,0.0690,3.3694e-03
1221.722,1.2795404532e-03,1.851016e-02,1.5065932559e+00,0.0690,2.8929e-03
1222.318,1.2795174567e-03,1.850525e-02,1.5065932559e+00,0.0690,2.3885e-03
1222.915,1.2794932797e-03,1.849719e-02,1.5065932559e+00,0.0690,1.8588e-03
1223.511,1.2794694033e-03,1.848586e-02,1.5065932559e+00,0.0690,1.3059e-03
1224.108,1.2794470644e-03,1.847028e-02,1.5065932559e+00,0.0690,7.3218e-04
1224.704,1.2794270402e-03,1.845011e-02,1.5065932559e+00,0.0690,1.4257e-04
1225.301,1.2794094967e-03,1.842511e-02,1.5065932559e+00,0.0690,4.8903e-04
1225.897,1.2793939178e-03,1.839525e-02,1.5065932559e+00,0.0690,1.0500e-03
1226.494,1.2793791063e-03,1.836100e-02,1.5065932559e+00,0.0690,1.6399e-03
1227.091,1.2793632397e-03,1.832331e-02,1.5065932559e+00,0.0690,2.2255e-03
1227.687,1.2793439831e-03,1.828227e-02,1.5065932559e+00,0.0690,2.8079e-03
1228.284,1.2793186711e-03,1.823817e-02,1.5065932559e+00,0.0690,3.3823e-03
1228.880,1.2792845646e-03,1.819143e-02,1.5065932559e+00,0.0690,3.9437e-03
1229.477,1.2792391723e-03,1.814253e-02,1.5065932559e+00,0.0690,4.4869e-03
1230.073,1.2791805877e-03,1.809190e-02,1.5065932559e+00,0.0690,5.0065e-03
1230.670,1.2791077717e-03,1.803999e-02,1.5065932559e+00,0.0690,5.4968e-03
1231.266,1.2790207299e-03,1.798721e-02,1.5065932559e+00,0.0690,5.9524e-03
1231.863,1.2789205712e-03,1.793393e-02,1.5065932559e+00,0.0690,6.3676e-03
1232.459,1.2788094572e-03,1.788050e-02,1.5065932559e+00,0.0690,6.7369e-03
1233.056,1.2786904589e-03,1.782726e-02,1.5065932559e+00,0.0690,7.0553e-03
1233.653,1.2785673286e-03,1.777453e-02,1.5065932559e+00,0.0690,7.3182e-03
1234.249,1.2784441916e-03,1.772263e-02,1.5065932559e+00,0.0690,7.5217e-03
1234.846,1.2783251716e-03,1.767190e-02,1.5065932559e+00,0.0690,7.6627e-03
1235.442,1.2782139960e-03,1.762271e-02,1.5065932559e+00,0.0690,7.7394e-03
1236.039,1.2781136500e-03,1.757545e-02,1.5065932559e+00,0.0690,7.7509e-03
1236.635,1.2780261411e-03,1.753054e-02,1.5065932559e+00,0.0690,7.6979e-03
1237.232,1.2779524027e-03,1.748844e-02,1.5065932559e+00,0.0690,7.5822e-03
1237.828,1.2778923368e-03,1.744964e-02,1.5065932559e+00,0.0690,7.4070e-03
1238.425,1.2778449677e-03,1.741460e-02,1.5065932559e+00,0.0690,7.1767e-03
1239.021,1.2778086631e-03,1.738376e-02,1.5065932559e+00,0.0690,6.8967e-03
1239.618,1.2777813905e-03,1.735713e-02,1.5065932559e+00,0.0690,6.5763e-03
1240.215,1.2777609994e-03,1.733588e-02,1.5065932559e+00,0.0690,6.2356e-03
1240.811,1.2777455254e-03,1.732062e-02,1.5065932559e+00,0.0690,5.8811e-03
1241.408,1.2777335092e-03,1.731150e-02,1.5065932559e+00,0.0690,5.5177e-03
1242.004,1.2777242694e-03,1.730877e-02,1.5065932559e+00,0.0690,5.1469e-03
1242.601,1.2777180621e-03,1.731300e-02,1.5065932559e+00,0.0690,4.7694e-03
1243.197,1.2777161077e-03,1.732373e-02,1.5065932559e+00,0.0690,4.3874e-03
1243.794,1.2777204165e-03,1.734047e-02,1.5065932559e+00,0.0690,4.0046e-03
1244.390,1.2777334357e-03,1.736261e-02,1.5065932559e+00,0.0690,3.6255e-03
1244.987,1.2777576498e-03,1.738951e-02,1.5065932559e+00,0.0690,3.2543e-03
1245.583,1.2777952733e-03,1.742052e-02,1.5065932559e+00,0.0690,2.8949e-03
1246.180,1.2778480768e-03,1.745543e-02,1.5065932559e+00,0.0690,2.5510e-03
1246.776,1.2779173028e-03,1.749417e-02,1.5065932559e+00,0.0690,2.2260e-03
1247.373,1.2780036092e-03,1.753659e-02,1.5065932559e+00,0.0690,1.9230e-03
1247.970,1.2781070141e-03,1.758238e-02,1.5065932559e+00,0.0690,1.6451e-03
1248.566,1.2782268515e-03,1.763071e-02,1.5065932559e+00,0.0690,1.3945e-03
1249.163,1.2783617568e-03,1.768054e-02,1.5065932559e+00,0.0690,1.1733e-03
1249.759,1.2785097105e-03,1.773092e-02,1.5065932559e+00,0.0690,1.1828e-03
1250.356,1.2786681647e-03,1.778095e-02,1.5065932559e+00,0.0690,1.2100e-03
1250.952,1.2788342450e-03,1.782985e-02,1.5065932559e+00,0.0690,1.2220e-03
1251.549,1.2790050188e-03,1.787697e-02,1.5065932559e+00,0.0690,1.2202e-03
1252.145,1.2791778173e-03,1.792180e-02,1.5065932559e+00,0.0690,1.2057e-03
1252.742,1.2793506034e-03,1.796399e-02,1.5065932559e+00,0.0690,1.1796e-03
1253.338,1.2795223249e-03,1.800340e-02,1.5065932559e+00,0.0690,1.1424e-03
1253.935,1.2796931529e-03,1.803992e-02,1.5065932559e+00,0.0690,1.0958e-03
1254.532,1.2798645258e-03,1.807352e-02,1.5065932559e+00,0.0690,1.0416e-03
1255.128,1.2800389570e-03,1.810422e-02,1.5065932559e+00,0.0690,9.8147e-04
1255.725,1.2802196223e-03,1.813212e-02,1.5065932559e+00,0.0690,9.1699e-04
1256.321,1.2804098020e-03,1.815731e-02,1.5065932559e+00,0.0690,8.4961e-04
1256.918,1.2806122734e-03,1.817992e-02,1.5065932559e+00,0.0690,8.7347e-04
1257.514,1.2808287349e-03,1.820007e-02,1.5065932559e+00,0.0690,9.9723e-04
1258.111,1.2810593310e-03,1.821784e-02,1.5065932559e+00,0.0690,1.1304e-03
1258.707,1.2813023520e-03,1.823333e-02,1.5065932559e+00,0.0690,1.2702e-03
1259.304,1.2815541668e-03,1.824652e-02,1.5065932559e+00,0.0690,1.4139e-03
1259.900,1.2818094160e-03,1.825728e-02,1.5065932559e+00,0.0690,1.5583e-03
1260.497,1.2820614466e-03,1.826546e-02,1.5065932559e+00,0.0690,1.7005e-03
1261.094,1.2823029262e-03,1.827139e-02,1.5065932559e+00,0.0690,1.8383e-03
1261.690,1.2825265400e-03,1.827548e-02,1.5065932559e+00,0.0690,1.9697e-03
1262.287,1.2827256813e-03,1.827804e-02,1.5065932559e+00,0.0690,2.0933e-03
1262.883,1.2828950587e-03,1.827929e-02,1.5065932559e+00,0.0690,2.2077e-03
1263.480,1.2830311401e-03,1.827940e-02,1.5065932559e+00,0.0690,2.3120e-03
1264.076,1.2831323913e-03,1.827848e-02,1.5065932559e+00,0.0690,2.4052e-03
1264.673,1.2831993100e-03,1.827655e-02,1.5065932559e+00,0.0690,2.4869e-03
1265.269,1.2832341890e-03,1.827354e-02,1.5065932559e+00,0.0690,2.5564e-03
1265.866,1.2832407035e-03,1.826944e-02,1.5065932559e+00,0.0690,2.6136e-03
1266.462,1.2832234513e-03,1.826430e-02,1.5065932559e+00,0.0690,2.6584e-03
1267.059,1.2831875099e-03,1.825826e-02,1.5065932559e+00,0.0690,2.6913e-03
1267.656,1.2831380140e-03,1.825147e-02,1.5065932559e+00,0.0690,2.7126e-03
1268.252,1.2830797282e-03,1.824415e-02,1.5065932559e+00,0.0690,2.7232e-03
1268.849,1.2830166068e-03,1.823651e-02,1.5065932559e+00,0.0690,2.7237e-03
1269.445,1.2829513881e-03,1.822876e-02,1.5065932559e+00,0.0690,2.7152e-03
1270.042,1.2828853162e-03,1.822109e-02,1.5065932559e+00,0.0690,2.6985e-03
1270.638,1.2828180927e-03,1.821356e-02,1.5065932559e+00,0.0690,2.6745e-03
1271.235,1.2827481026e-03,1.820605e-02,1.5065932559e+00,0.0690,2.6439e-03
1271.831,1.2826728765e-03,1.819836e-02,1.5065932559e+00,0.0690,2.6076e-03
1272.428,1.2825896822e-03,1.819026e-02,1.5065932559e+00,0.0690,2.5665e-03
1273.024,1.2824960934e-03,1.818153e-02,1.5065932559e+00,0.0690,2.5214e-03
1273.621,1.2823903929e-03,1.817193e-02,1.5065932559e+00,0.0690,2.4732e-03
1274.218,1.2822717493e-03,1.816121e-02,1.5065932559e+00,0.0690,2.4230e-03
1274.814,1.2821401707e-03,1.814918e-02,1.5065932559e+00,0.0690,2.3715e-03
1275.411,1.2819963079e-03,1.813567e-02,1.5065932559e+00,0.0690,2.3196e-03
1276.007,1.2818412042e-03,1.812057e-02,1.5065932559e+00,0.0690,2.2682e-03
1276.604,1.2816760718e-03,1.810380e-02,1.5065932559e+00,0.0690,2.2180e-03
1277.200,1.2815021374e-03,1.808539e-02,1.5065932559e+00,0.0690,2.1697e-03
1277.797,1.2813205736e-03,1.806516e-02,1.5065932559e+00,0.0690,2.1240e-03
1278.393,1.2811324895e-03,1.804302e-02,1.5065932559e+00,0.0690,2.0812e-03
1278.990,1.2809389442e-03,1.801898e-02,1.5065932559e+00,0.0690,2.0418e-03
1279.586,1.2807409670e-03,1.799318e-02,1.5065932559e+00,0.0690,2.0063e-03
1280.183,1.2805395795e-03,1.796586e-02,1.5065932559e+00,0.0690,1.9747e-03
1280.779,1.2803358119e-03,1.793731e-02,1.5065932559e+00,0.0690,1.9473e-03
1281.376,1.2801306955e-03,1.790794e-02,1.5065932559e+00,0.0690,1.9240e-03
1281.973,1.2799252132e-03,1.787812e-02,1.5065932559e+00,0.0690,1.9044e-03
1282.569,1.2797202148e-03,1.784819e-02,1.5065932559e+00,0.0690,1.8871e-03
1283.166,1.2795163246e-03,1.781826e-02,1.5065932559e+00,0.0690,1.8708e-03
1283.762,1.2793138894e-03,1.778841e-02,1.5065932559e+00,0.0690,1.8544e-03
1284.359,1.2791130046e-03,1.775871e-02,1.5065932559e+00,0.0690,1.8367e-03
1284.955,1.2789136345e-03,1.772916e-02,1.5065932559e+00,0.0690,1.8163e-03
1285.552,1.2787158073e-03,1.769979e-02,1.5065932559e+00,0.0690,1.7919e-03
1286.148,1.2785198503e-03,1.767069e-02,1.5065932559e+00,0.0690,1.7618e-03
1286.745,1.2783266136e-03,1.764203e-02,1.5065932559e+00,0.0690,1.7246e-03
1287.341,1.2781376420e-03,1.761407e-02,1.5065932559e+00,0.0690,1.6787e-03
1287.938,1.2779552557e-03,1.758713e-02,1.5065932559e+00,0.0690,1.6228e-03
1288.535,1.2777825154e-03,1.756156e-02,1.5065932559e+00,0.0690,1.5556e-03
1289.131,1.2776230620e-03,1.753780e-02,1.5065932559e+00,0.0690,1.4762e-03
1289.728,1.2774808393e-03,1.751605e-02,1.5065932559e+00,0.0690,1.3839e-03
1290.324,1.2773597358e-03,1.749650e-02,1.5065932559e+00,0.0690,1.4276e-03
1290.921,1.2772631983e-03,1.747938e-02,1.5065932559e+00,0.0690,1.5286e-03
1291.517,1.2771938834e-03,1.746487e-02,1.5065932559e+00,0.0690,1.6339e-03
1292.114,1.2771534031e-03,1.745322e-02,1.5065932559e+00,0.0690,1.7428e-03
1292.710,1.2771422030e-03,1.744452e-02,1.5065932559e+00,0.0690,1.8535e-03
1293.307,1.2771595825e-03,1.743902e-02,1.5065932559e+00,0.0690,1.9647e-03
1293.903,1.2772038384e-03,1.743722e-02,1.5065932559e+00,0.0690,2.0751e-03
1294.500,1.2772724941e-03,1.743953e-02,1.5065932559e+00,0.0690,2.1837e-03
1295.097,1.2773625634e-03,1.744621e-02,1.5065932559e+00,0.0690,2.2893e-03
1295.693,1.2774708019e-03,1.745707e-02,1.5065932559e+00,0.0690,2.3936e-03
1296.290,1.2775939058e-03,1.747179e-02,1.5065932559e+00,0.0690,2.4954e-03
1296.886,1.2777286417e-03,1.749013e-02,1.5065932559e+00,0.0690,2.5912e-03
1297.483,1.2778719086e-03,1.751196e-02,1.5065932559e+00,0.0690,2.6773e-03
1298.079,1.2780207540e-03,1.753720e-02,1.5065932559e+00,0.0690,2.7502e-03
1298.676,1.2781723744e-03,1.756574e-02,1.5065932559e+00,0.0690,2.8091e-03
1299.272,1.2783241297e-03,1.759747e-02,1.5065932559e+00,0.0690,2.8543e-03
1299.869,1.2784735862e-03,1.763229e-02,1.5065932559e+00,0.0690,2.8860e-03
1300.465,1.2786185826e-03,1.767014e-02,1.5065932559e+00,0.0690,2.9042e-03
1301.062,1.2787573131e-03,1.771092e-02,1.5065932559e+00,0.0690,2.9090e-03
1301.659,1.2788883737e-03,1.775449e-02,1.5065932559e+00,0.0690,2.9003e-03
1302.255,1.2790107682e-03,1.780063e-02,1.5065932559e+00,0.0690,2.8782e-03
1302.852,1.2791239017e-03,1.784906e-02,1.5065932559e+00,0.0690,2.8426e-03
1303.448,1.2792274938e-03,1.789936e-02,1.5065932559e+00,0.0690,2.7937e-03
1304.045,1.2793214314e-03,1.795105e-02,1.5065932559e+00,0.0690,2.7313e-03
1304.641,1.2794056487e-03,1.800362e-02,1.5065932559e+00,0.0690,2.6539e-03
1305.238,1.2794800830e-03,1.805640e-02,1.5065932559e+00,0.0690,2.5623e-03
1305.834,1.2795446931e-03,1.810864e-02,1.5065932559e+00,0.0690,2.4580e-03
1306.431,1.2795994980e-03,1.815954e-02,1.5065932559e+00,0.0690,2.3421e-03
1307.027,1.2796445991e-03,1.820831e-02,1.5065932559e+00,0.0690,2.2697e-03
1307.624,1.2796801846e-03,1.825417e-02,1.5065932559e+00,0.0690,2.2524e-03
1308.220,1.2797065382e-03,1.829627e-02,1.5065932559e+00,0.0690,2.2073e-03
1308.817,1.2797240677e-03,1.833382e-02,1.5065932559e+00,0.0690,2.1300e-03
1309.414,1.2797333397e-03,1.836621e-02,1.5065932559e+00,0.0690,2.0170e-03
1310.010,1.2797350822e-03,1.839305e-02,1.5065932559e+00,0.0690,1.8698e-03
1310.607,1.2797301315e-03,1.841413e-02,1.5065932559e+00,0.0690,1.6901e-03
1311.203,1.2797193357e-03,1.842929e-02,1.5065932559e+00,0.0690,1.4795e-03
1311.800,1.2797034613e-03,1.843824e-02,1.5065932559e+00,0.0690,1.2392e-03
1312.396,1.2796831558e-03,1.844114e-02,1.5065932559e+00,0.0690,9.6817e-04
1312.993,1.2796589976e-03,1.843902e-02,1.5065932559e+00,0.0690,6.6683e-04
1313.589,1.2796316157e-03,1.843302e-02,1.5065932559e+00,0.0690,3.3649e-04
1314.186,1.2796018190e-03,1.842401e-02,1.5065932559e+00,0.0690,2.1661e-05
1314.782,1.2795706605e-03,1.841279e-02,1.5065932559e+00,0.0690,4.0073e-04
1315.379,1.2795393920e-03,1.839959e-02,1.5065932559e+00,0.0690,7.9643e-04
1315.976,1.2795093175e-03,1.838392e-02,1.5065932559e+00,0.0690,1.2096e-03
1316.572,1.2794816084e-03,1.836569e-02,1.5065932559e+00,0.0690,1.6396e-03
1317.169,1.2794571533e-03,1.834511e-02,1.5065932559e+00,0.0690,2.0839e-03
1317.765,1.2794364871e-03,1.832204e-02,1.5065932559e+00,0.0690,2.5377e-03
1318.362,1.2794198179e-03,1.829662e-02,1.5065932559e+00,0.0690,2.9966e-03
1318.958,1.2794071297e-03,1.826900e-02,1.5065932559e+00,0.0690,3.4566e-03
1319.555,1.2793983192e-03,1.823927e-02,1.5065932559e+00,0.0690,3.9144e-03
1320.151,1.2793933190e-03,1.820762e-02,1.5065932559e+00,0.0690,4.3672e-03
1320.748,1.2793921651e-03,1.817467e-02,1.5065932559e+00,0.0690,4.8184e-03
1321.344,1.2793949940e-03,1.814087e-02,1.5065932559e+00,0.0690,5.2683e-03
1321.941,1.2794019695e-03,1.810631e-02,1.5065932559e+00,0.0690,5.7134e-03
1322.538,1.2794131668e-03,1.807144e-02,1.5065932559e+00,0.0690,6.1488e-03
1323.134,1.2794284522e-03,1.803677e-02,1.5065932559e+00,0.0690,6.5697e-03
1323.731,1.2794474027e-03,1.800281e-02,1.5065932559e+00,0.0690,6.9711e-03
1324.327,1.2794692973e-03,1.797005e-02,1.5065932559e+00,0.0690,7.3483e-03
1324.924,1.2794931920e-03,1.793890e-02,1.5065932559e+00,0.0690,7.6967e-03
1325.520,1.2795180609e-03,1.790966e-02,1.5065932559e+00,0.0690,8.0119e-03
1326.117,1.2795429704e-03,1.788253e-02,1.5065932559e+00,0.0690,8.2897e-03
1326.713,1.2795672444e-03,1.785756e-02,1.5065932559e+00,0.0690,8.5262e-03
1327.310,1.2795905979e-03,1.783470e-02,1.5065932559e+00,0.0690,8.7183e-03
1327.906,1.2796132199e-03,1.781378e-02,1.5065932559e+00,0.0690,8.8630e-03
1328.503,1.2796357920e-03,1.779458e-02,1.5065932559e+00,0.0690,8.9581e-03
1329.100,1.2796594260e-03,1.777679e-02,1.5065932559e+00,0.0690,9.0019e-03
1329.696,1.2796855159e-03,1.776011e-02,1.5065932559e+00,0.0690,8.9934e-03
1330.293,1.2797155147e-03,1.774426e-02,1.5065932559e+00,0.0690,8.9323e-03
1330.889,1.2797506738e-03,1.772900e-02,1.5065932559e+00,0.0690,8.8189e-03
1331.486,1.2797918113e-03,1.771418e-02,1.5065932559e+00,0.0690,8.6545e-03
1332.082,1.2798391756e-03,1.769976e-02,1.5065932559e+00,0.0690,8.4407e-03
1332.679,1.2798924422e-03,1.768541e-02,1.5065932559e+00,0.0690,8.1792e-03
1333.275,1.2799508315e-03,1.767121e-02,1.5065932559e+00,0.0690,7.8752e-03
1333.872,1.2800132873e-03,1.765807e-02,1.5065932559e+00,0.0690,7.5423e-03
1334.468,1.2800786381e-03,1.764651e-02,1.5065932559e+00,0.0690,7.1845e-03
1335.065,1.2801456810e-03,1.763710e-02,1.5065932559e+00,0.0690,6.8050e-03
1335.662,1.2802131815e-03,1.763046e-02,1.5065932559e+00,0.0690,6.4069e-03
1336.258,1.2802798407e-03,1.762717e-02,1.5065932559e+00,0.0690,5.9927e-03
1336.855,1.2803443092e-03,1.762780e-02,1.5065932559e+00,0.0690,5.5648e-03
1337.451,1.2804053031e-03,1.763253e-02,1.5065932559e+00,0.0690,5.1253e-03
1338.048,1.2804618128e-03,1.764228e-02,1.5065932559e+00,0.0690,4.6753e-03
1338.644,1.2805133344e-03,1.765631e-02,1.5065932559e+00,0.0690,4.2147e-03
1339.241,1.2805600281e-03,1.767404e-02,1.5065932559e+00,0.0690,3.7442e-03
1339.837,1.2806027253e-03,1.769581e-02,1.5065932559e+00,0.0690,3.2648e-03
1340.434,1.2806427693e-03,1.772126e-02,1.5065932559e+00,0.0690,2.7783e-03
1341.030,1.2806817316e-03,1.774995e-02,1.5065932559e+00,0.0690,2.2867e-03
1341.627,1.2807210930e-03,1.778142e-02,1.5065932559e+00,0.0690,2.1606e-03
1342.223,1.2807619785e-03,1.781525e-02,1.5065932559e+00,0.0690,2.4266e-03
1342.820,1.2808050127e-03,1.785123e-02,1.5065932559e+00,0.0690,2.6773e-03
1343.417,1.2808503149e-03,1.788900e-02,1.5065932559e+00,0.0690,2.9116e-03
1344.013,1.2808976187e-03,1.792824e-02,1.5065932559e+00,0.0690,3.1287e-03
1344.610,1.2809464682e-03,1.796847e-02,1.5065932559e+00,0.0690,3.3331e-03
1345.206,1.2809964361e-03,1.800935e-02,1.5065932559e+00,0.0690,3.5204e-03
1345.803,1.2810473058e-03,1.805072e-02,1.5065932559e+00,0.0690,3.6827e-03
1346.399,1.2810991871e-03,1.809234e-02,1.5065932559e+00,0.0690,3.8158e-03
1346.996,1.2811525382e-03,1.813387e-02,1.5065932559e+00,0.0690,3.9200e-03
1347.592,1.2812080884e-03,1.817490e-02,1.5065932559e+00,0.0690,3.9955e-03
1348.189,1.2812666819e-03,1.821498e-02,1.5065932559e+00,0.0690,4.0425e-03
1348.785,1.2813290752e-03,1.825363e-02,1.5065932559e+00,0.0690,4.0616e-03
1349.382,1.2813957174e-03,1.829038e-02,1.5065932559e+00,0.0690,4.0531e-03
1349.979,1.2814665397e-03,1.832472e-02,1.5065932559e+00,0.0690,4.0180e-03
1350.575,1.2815407867e-03,1.835621e-02,1.5065932559e+00,0.0690,3.9563e-03
1351.172,1.2816169234e-03,1.838451e-02,1.5065932559e+00,0.0690,3.8666e-03
1351.768,1.2816926418e-03,1.840922e-02,1.5065932559e+00,0.0690,3.7516e-03
1352.365,1.2817649823e-03,1.842997e-02,1.5065932559e+00,0.0690,3.6145e-03
1352.961,1.2818305628e-03,1.844644e-02,1.5065932559e+00,0.0690,3.4585e-03
1353.558,1.2818858805e-03,1.845840e-02,1.5065932559e+00,0.0690,3.4837e-03
1354.154,1.2819276367e-03,1.846554e-02,1.5065932559e+00,0.0690,3.4720e-03
1354.751,1.2819530309e-03,1.846782e-02,1.5065932559e+00,0.0690,3.4092e-03
1355.347,1.2819599926e-03,1.846519e-02,1.5065932559e+00,0.0690,3.2876e-03
1355.944,1.2819473323e-03,1.845765e-02,1.5065932559e+00,0.0690,3.1109e-03
1356.541,1.2819148217e-03,1.844532e-02,1.5065932559e+00,0.0690,2.8843e-03
1357.137,1.2818632058e-03,1.842836e-02,1.5065932559e+00,0.0690,2.6134e-03
1357.734,1.2817941336e-03,1.840657e-02,1.5065932559e+00,0.0690,2.3045e-03
1358.330,1.2817100053e-03,1.838034e-02,1.5065932559e+00,0.0690,1.9602e-03
1358.927,1.2816137496e-03,1.835053e-02,1.5065932559e+00,0.0690,1.5813e-03
1359.523,1.2815085574e-03,1.831792e-02,1.5065932559e+00,0.0690,1.2960e-03
1360.120,1.2813975964e-03,1.828252e-02,1.5065932559e+00,0.0690,1.0728e-03
1360.716,1.2812837314e-03,1.824472e-02,1.5065932559e+00,0.0690,8.5941e-04
1361.313,1.2811692738e-03,1.820512e-02,1.5065932559e+00,0.0690,6.5289e-04
1361.909,1.2810557806e-03,1.816414e-02,1.5065932559e+00,0.0690,4.5715e-04
1362.506,1.2809439256e-03,1.812209e-02,1.5065932559e+00,0.0690,7.8676e-04
1363.103,1.2808334614e-03,1.807940e-02,1.5065932559e+00,0.0690,1.1270e-03
1363.699,1.2807232845e-03,1.803645e-02,1.5065932559e+00,0.0690,1.4511e-03
1364.296,1.2806115910e-03,1.799362e-02,1.5065932559e+00,0.0690,1.7570e-03
1364.892,1.2804961091e-03,1.795125e-02,1.5065932559e+00,0.0690,2.0429e-03
1365.489,1.2803743879e-03,1.790966e-02,1.5065932559e+00,0.0690,2.3069e-03
1366.085,1.2802441226e-03,1.786922e-02,1.5065932559e+00,0.0690,2.5484e-03
1366.682,1.2801034767e-03,1.783045e-02,1.5065932559e+00,0.0690,2.7697e-03
1367.278,1.2799513569e-03,1.779369e-02,1.5065932559e+00,0.0690,2.9698e-03
1367.875,1.2797875997e-03,1.775914e-02,1.5065932559e+00,0.0690,3.1468e-03
1368.471,1.2796130453e-03,1.772684e-02,1.5065932559e+00,0.0690,3.2979e-03
1369.068,1.2794294992e-03,1.769688e-02,1.5065932559e+00,0.0690,3.4199e-03
1369.665,1.2792395960e-03,1.766932e-02,1.5065932559e+00,0.0690,3.5104e-03
1370.261,1.2790465816e-03,1.764415e-02,1.5065932559e+00,0.0690,3.5678e-03
1370.858,1.2788540294e-03,1.762130e-02,1.5065932559e+00,0.0690,3.5908e-03
1371.454,1.2786655097e-03,1.760050e-02,1.5065932559e+00,0.0690,3.5786e-03
1372.051,1.2784842430e-03,1.758153e-02,1.5065932559e+00,0.0690,3.5313e-03
1372.647,1.2783127838e-03,1.756461e-02,1.5065932559e+00,0.0690,3.4553e-03
1373.244,1.2781527864e-03,1.754984e-02,1.5065932559e+00,0.0690,3.3548e-03
1373.840,1.2780048911e-03,1.753727e-02,1.5065932559e+00,0.0690,3.2328e-03
1374.437,1.2778687421e-03,1.752702e-02,1.5065932559e+00,0.0690,3.0923e-03
1375.033,1.2777431259e-03,1.751937e-02,1.5065932559e+00,0.0690,2.9364e-03
1375.630,1.2776261999e-03,1.751456e-02,1.5065932559e+00,0.0690,2.7679e-03
1376.226,1.2775157826e-03,1.751268e-02,1.5065932559e+00,0.0690,2.5884e-03
1376.823,1.2774096779e-03,1.751326e-02,1.5065932559e+00,0.0690,2.3996e-03
1377.420,1.2773060105e-03,1.751577e-02,1.5065932559e+00,0.0690,2.2036e-03
1378.016,1.2772035366e-03,1.751998e-02,1.5065932559e+00,0.0690,2.0028e-03
1378.613,1.2771018909e-03,1.752573e-02,1.5065932559e+00,0.0690,1.7993e-03
1379.209,1.2770017236e-03,1.753293e-02,1.5065932559e+00,0.0690,1.5958e-03
1379.806,1.2769046974e-03,1.754161e-02,1.5065932559e+00,0.0690,1.3954e-03
1380.402,1.2768133419e-03,1.755172e-02,1.5065932559e+00,0.0690,1.2013e-03
1380.999,1.2767307946e-03,1.756320e-02,1.5065932559e+00,0.0690,1.1678e-03
1381.595,1.2766604792e-03,1.757616e-02,1.5065932559e+00,0.0690,1.2228e-03
1382.192,1.2766057789e-03,1.759072e-02,1.5065932559e+00,0.0690,1.2675e-03
1382.788,1.2765697525e-03,1.760693e-02,1.5065932559e+00,0.0690,1.3017e-03
1383.385,1.2765549167e-03,1.762470e-02,1.5065932559e+00,0.0690,1.3255e-03
1383.982,1.2765630964e-03,1.764388e-02,1.5065932559e+00,0.0690,1.3394e-03
1384.578,1.2765953367e-03,1.766423e-02,1.5065932559e+00,0.0690,1.3436e-03
1385.175,1.2766518614e-03,1.768531e-02,1.5065932559e+00,0.0690,1.3386e-03
1385.771,1.2767320776e-03,1.770664e-02,1.5065932559e+00,0.0690,1.3250e-03
1386.368,1.2768346260e-03,1.772777e-02,1.5065932559e+00,0.0690,1.3033e-03
1386.964,1.2769574778e-03,1.774837e-02,1.5065932559e+00,0.0690,1.2738e-03
1387.561,1.2770980781e-03,1.776819e-02,1.5065932559e+00,0.0690,1.2370e-03
1388.157,1.2772535234e-03,1.778709e-02,1.5065932559e+00,0.0690,1.1931e-03
1388.754,1.2774207634e-03,1.780507e-02,1.5065932559e+00,0.0690,1.1422e-03
1389.350,1.2775968129e-03,1.782218e-02,1.5065932559e+00,0.0690,1.0849e-03
1389.947,1.2777789680e-03,1.783853e-02,1.5065932559e+00,0.0690,1.0216e-03
1390.544,1.2779649872e-03,1.785430e-02,1.5065932559e+00,0.0690,9.5288e-04
1391.140,1.2781531824e-03,1.786966e-02,1.5065932559e+00,0.0690,8.7951e-04
1391.737,1.2783424876e-03,1.788478e-02,1.5065932559e+00,0.0690,8.0214e-04
1392.333,1.2785324669e-03,1.789985e-02,1.5065932559e+00,0.0690,7.2154e-04
1392.930,1.2787232234e-03,1.791506e-02,1.5065932559e+00,0.0690,6.3843e-04
1393.526,1.2789152575e-03,1.793057e-02,1.5065932559e+00,0.0690,7.2565e-04
1394.123,1.2791093540e-03,1.794651e-02,1.5065932559e+00,0.0690,8.5437e-04
1394.719,1.2793064295e-03,1.796294e-02,1.5065932559e+00,0.0690,9.8938e-04
1395.316,1.2795073309e-03,1.797985e-02,1.5065932559e+00,0.0690,1.1295e-03
1395.912,1.2797126197e-03,1.799717e-02,1.5065932559e+00,0.0690,1.2733e-03
1396.509,1.2799223672e-03,1.801475e-02,1.5065932559e+00,0.0690,1.4197e-03
1397.106,1.2801359916e-03,1.803237e-02,1.5065932559e+00,0.0690,1.5674e-03
1397.702,1.2803521750e-03,1.804976e-02,1.5065932559e+00,0.0690,1.7152e-03
1398.299,1.2805688818e-03,1.806658e-02,1.5065932559e+00,0.0690,1.8623e-03
1398.895,1.2807834790e-03,1.808271e-02,1.5065932559e+00,0.0690,2.0076e-03
1399.492,1.2809929378e-03,1.809817e-02,1.5065932559e+00,0.0690,2.1507e-03
1400.088,1.2811940766e-03,1.811288e-02,1.5065932559e+00,0.0690,2.2911e-03
1400.685,1.2813838074e-03,1.812679e-02,1.5065932559e+00,0.0690,2.4286e-03
1401.281,1.2815593458e-03,1.813983e-02,1.5065932559e+00,0.0690,2.5631e-03
1401.878,1.2817183626e-03,1.815195e-02,1.5065932559e+00,0.0690,2.6949e-03
1402.474,1.2818590605e-03,1.816315e-02,1.5065932559e+00,0.0690,2.8242e-03
1403.071,1.2819801723e-03,1.817343e-02,1.5065932559e+00,0.0690,2.9515e-03
1403.668,1.2820809052e-03,1.818287e-02,1.5065932559e+00,0.0690,3.0771e-03
1404.264,1.2821608725e-03,1.819148e-02,1.5065932559e+00,0.0690,3.2016e-03
1404.861,1.2822200208e-03,1.819894e-02,1.5065932559e+00,0.0690,3.3257e-03
1405.457,1.2822585837e-03,1.820502e-02,1.5065932559e+00,0.0690,3.4499e-03
1406.054,1.2822770832e-03,1.820980e-02,1.5065932559e+00,0.0690,3.5747e-03
1406.650,1.2822763734e-03,1.821363e-02,1.5065932559e+00,0.0690,3.7008e-03
1407.247,1.2822576989e-03,1.821686e-02,1.5065932559e+00,0.0690,3.8285e-03
1407.843,1.2822227258e-03,1.821979e-02,1.5065932559e+00,0.0690,3.9574e-03
1408.440,1.2821735051e-03,1.822253e-02,1.5065932559e+00,0.0690,4.0873e-03
1409.036,1.2821123488e-03,1.822512e-02,1.5065932559e+00,0.0690,4.2181e-03
1409.633,1.2820416297e-03,1.822754e-02,1.5065932559e+00,0.0690,4.3495e-03
1410.229,1.2819635443e-03,1.822968e-02,1.5065932559e+00,0.0690,4.4808e-03
1410.826,1.2818798927e-03,1.823135e-02,1.5065932559e+00,0.0690,4.6112e-03
1411.423,1.2817919280e-03,1.823237e-02,1.5065932559e+00,0.0690,4.7395e-03
1412.019,1.2817003122e-03,1.823252e-02,1.5065932559e+00,0.0690,4.8644e-03
1412.616,1.2816051960e-03,1.823164e-02,1.5065932559e+00,0.0690,4.9843e-03
1413.212,1.2815064085e-03,1.822959e-02,1.5065932559e+00,0.0690,5.0977e-03
1413.809,1.2814037109e-03,1.822629e-02,1.5065932559e+00,0.0690,5.2028e-03
1414.405,1.2812970623e-03,1.822170e-02,1.5065932559e+00,0.0690,5.2978e-03
1415.002,1.2811868453e-03,1.821584e-02,1.5065932559e+00,0.0690,5.3811e-03
1415.598,1.2810739982e-03,1.820877e-02,1.5065932559e+00,0.0690,5.4511e-03
1416.195,1.2809600200e-03,1.820056e-02,1.5065932559e+00,0.0690,5.5064e-03
1416.791,1.2808468403e-03,1.819129e-02,1.5065932559e+00,0.0690,5.5456e-03
1417.388,1.2807365792e-03,1.818105e-02,1.5065932559e+00,0.0690,5.5676e-03
1417.985,1.2806312621e-03,1.816989e-02,1.5065932559e+00,0.0690,5.5714e-03
1418.581,1.2805325611e-03,1.815784e-02,1.5065932559e+00,0.0690,5.5561e-03
1419.178,1.2804416177e-03,1.814489e-02,1.5065932559e+00,0.0690,5.5211e-03
1419.774,1.2803589594e-03,1.813099e-02,1.5065932559e+00,0.0690,5.4657e-03
1420.371,1.2802844993e-03,1.811604e-02,1.5065932559e+00,0.0690,5.3896e-03
1420.967,1.2802176011e-03,1.809994e-02,1.5065932559e+00,0.0690,5.2922e-03
1421.564,1.2801572006e-03,1.808255e-02,1.5065932559e+00,0.0690,5.1734e-03
1422.160,1.2801019813e-03,1.806373e-02,1.5065932559e+00,0.0690,5.0331e-03
1422.757,1.2800505911e-03,1.804337e-02,1.5065932559e+00,0.0690,4.8712e-03
1423.353,1.2800018702e-03,1.802138e-02,1.5065932559e+00,0.0690,4.6879e-03
1423.950,1.2799550477e-03,1.799773e-02,1.5065932559e+00,0.0690,4.4835e-03
1424.547,1.2799098693e-03,1.797248e-02,1.5065932559e+00,0.0690,4.2587e-03
1425.143,1.2798666395e-03,1.794571e-02,1.5065932559e+00,0.0690,4.0142e-03
1425.740,1.2798261872e-03,1.791760e-02,1.5065932559e+00,0.0690,3.7511e-03
1426.336,1.2797897746e-03,1.788871e-02,1.5065932559e+00,0.0690,3.4708e-03
1426.933,1.2797589669e-03,1.785976e-02,1.5065932559e+00,0.0690,3.1749e-03
1427.529,1.2797354688e-03,1.783080e-02,1.5065932559e+00,0.0690,2.8650e-03
1428.126,1.2797209243e-03,1.780181e-02,1.5065932559e+00,0.0690,2.5429e-03
1428.722,1.2797166870e-03,1.777281e-02,1.5065932559e+00,0.0690,2.2092e-03
1429.319,1.2797235849e-03,1.774399e-02,1.5065932559e+00,0.0690,1.8773e-03
1429.915,1.2797417275e-03,1.771643e-02,1.5065932559e+00,0.0690,2.0896e-03
1430.512,1.2797704107e-03,1.769100e-02,1.5065932559e+00,0.0690,2.2974e-03
1431.109,1.2798081397e-03,1.766825e-02,1.5065932559e+00,0.0690,2.4996e-03
1431.705,1.2798528089e-03,1.764862e-02,1.5065932559e+00,0.0690,2.6951e-03
1432.302,1.2799019933e-03,1.763250e-02,1.5065932559e+00,0.0690,2.8831e-03
1432.898,1.2799532671e-03,1.762012e-02,1.5065932559e+00,0.0690,3.0652e-03
1433.495,1.2800044907e-03,1.761156e-02,1.5065932559e+00,0.0690,3.2428e-03
1434.091,1.2800540272e-03,1.760703e-02,1.5065932559e+00,0.0690,3.4111e-03
1434.688,1.2801008517e-03,1.760683e-02,1.5065932559e+00,0.0690,3.5632e-03
1435.284,1.2801445289e-03,1.761123e-02,1.5065932559e+00,0.0690,3.6960e-03
1435.881,1.2801850606e-03,1.762024e-02,1.5065932559e+00,0.0690,3.8104e-03
1436.477,1.2802226463e-03,1.763385e-02,1.5065932559e+00,0.0690,3.9072e-03
1437.074,1.2802574292e-03,1.765196e-02,1.5065932559e+00,0.0690,3.9869e-03
1437.670,1.2802893005e-03,1.767442e-02,1.5065932559e+00,0.0690,4.0495e-03
1438.267,1.2803178046e-03,1.770103e-02,1.5065932559e+00,0.0690,4.0951e-03
1438.864,1.2803421465e-03,1.773150e-02,1.5065932559e+00,0.0690,4.1236e-03
1439.460,1.2803612768e-03,1.776549e-02,1.5065932559e+00,0.0690,4.1346e-03
1440.057,1.2803740211e-03,1.780264e-02,1.5065932559e+00,0.0690,4.1275e-03
1440.653,1.2803792267e-03,1.784262e-02,1.5065932559e+00,0.0690,4.0995e-03
1441.250,1.2803759090e-03,1.788499e-02,1.5065932559e+00,0.0690,4.0512e-03
1441.846,1.2803633785e-03,1.792923e-02,1.5065932559e+00,0.0690,3.9842e-03
1442.443,1.2803413250e-03,1.797479e-02,1.5065932559e+00,0.0690,3.9003e-03
1443.039,1.2803098374e-03,1.802113e-02,1.5065932559e+00,0.0690,3.9444e-03
1443.636,1.2802693571e-03,1.806762e-02,1.5065932559e+00,0.0690,4.0494e-03
1444.232,1.2802205865e-03,1.811332e-02,1.5065932559e+00,0.0690,4.1119e-03
1444.829,1.2801643845e-03,1.815747e-02,1.5065932559e+00,0.0690,4.1253e-03
1445.426,1.2801016847e-03,1.819944e-02,1.5065932559e+00,0.0690,4.0921e-03
1446.022,1.2800334455e-03,1.823870e-02,1.5065932559e+00,0.0690,4.0152e-03
1446.619,1.2799606224e-03,1.827477e-02,1.5065932559e+00,0.0690,3.8974e-03
1447.215,1.2798841364e-03,1.830725e-02,1.5065932559e+00,0.0690,3.7415e-03
1447.812,1.2798048301e-03,1.833586e-02,1.5065932559e+00,0.0690,3.5504e-03
1448.408,1.2797234213e-03,1.836044e-02,1.5065932559e+00,0.0690,3.3267e-03
1449.005,1.2796404808e-03,1.838091e-02,1.5065932559e+00,0.0690,3.0729e-03
1449.601,1.2795564563e-03,1.839723e-02,1.5065932559e+00,0.0690,2.7916e-03
1450.198,1.2794717424e-03,1.840899e-02,1.5065932559e+00,0.0690,2.4849e-03
1450.794,1.2793867632e-03,1.841611e-02,1.5065932559e+00,0.0690,2.1553e-03
1451.391,1.2793020198e-03,1.841926e-02,1.5065932559e+00,0.0690,1.8047e-03
1451.988,1.2792180774e-03,1.841897e-02,1.5065932559e+00,0.0690,1.4351e-03
1452.584,1.2791354938e-03,1.841577e-02,1.5065932559e+00,0.0690,1.0481e-03
1453.181,1.2790547203e-03,1.840998e-02,1.5065932559e+00,0.0690,6.4359e-04
1453.777,1.2789760138e-03,1.840151e-02,1.5065932559e+00,0.0690,2.1951e-04
1454.374,1.2788993944e-03,1.838985e-02,1.5065932559e+00,0.0690,2.2456e-04
1454.970,1.2788246655e-03,1.837431e-02,1.5065932559e+00,0.0690,6.6814e-04
1455.567,1.2787514953e-03,1.835430e-02,1.5065932559e+00,0.0690,1.1136e-03
1456.163,1.2786795357e-03,1.832962e-02,1.5065932559e+00,0.0690,1.5578e-03
1456.760,1.2786085478e-03,1.830032e-02,1.5065932559e+00,0.0690,1.9982e-03
1457.356,1.2785384961e-03,1.826653e-02,1.5065932559e+00,0.0690,2.4324e-03
1457.953,1.2784695868e-03,1.822849e-02,1.5065932559e+00,0.0690,2.8586e-03
1458.550,1.2784022427e-03,1.818687e-02,1.5065932559e+00,0.0690,3.2802e-03
1459.146,1.2783370280e-03,1.814233e-02,1.5065932559e+00,0.0690,3.6981e-03
1459.743,1.2782745473e-03,1.809516e-02,1.5065932559e+00,0.0690,4.1104e-03
1460.339,1.2782153467e-03,1.804594e-02,1.5065932559e+00,0.0690,4.5135e-03
1460.936,1.2781598387e-03,1.799536e-02,1.5065932559e+00,0.0690,4.9035e-03
1461.532,1.2781082646e-03,1.794409e-02,1.5065932559e+00,0.0690,5.2767e-03
1462.129,1.2780607026e-03,1.789283e-02,1.5065932559e+00,0.0690,5.6290e-03
1462.725,1.2780171175e-03,1.784221e-02,1.5065932559e+00,0.0690,5.9566e-03
1463.322,1.2779774419e-03,1.779278e-02,1.5065932559e+00,0.0690,6.2554e-03
1463.918,1.2779416684e-03,1.774504e-02,1.5065932559e+00,0.0690,6.5216e-03
1464.515,1.2779099295e-03,1.769937e-02,1.5065932559e+00,0.0690,6.7516e-03
1465.112,1.2778825416e-03,1.765607e-02,1.5065932559e+00,0.0690,6.9420e-03
1465.708,1.2778600057e-03,1.761535e-02,1.5065932559e+00,0.0690,7.0896e-03
1466.305,1.2778429906e-03,1.757736e-02,1.5065932559e+00,0.0690,7.1920e-03
1466.901,1.2778322998e-03,1.754219e-02,1.5065932559e+00,0.0690,7.2470e-03
1467.498,1.2778288254e-03,1.750990e-02,1.5065932559e+00,0.0690,7.2533e-03
1468.094,1.2778334973e-03,1.748053e-02,1.5065932559e+00,0.0690,7.2101e-03
1468.691,1.2778472257e-03,1.745415e-02,1.5065932559e+00,0.0690,7.1175e-03
1469.287,1.2778708289e-03,1.743083e-02,1.5065932559e+00,0.0690,6.9764e-03
1469.884,1.2779049493e-03,1.741071e-02,1.5065932559e+00,0.0690,6.7886e-03
1470.480,1.2779499789e-03,1.739379e-02,1.5065932559e+00,0.0690,6.5565e-03
1471.077,1.2780060246e-03,1.738002e-02,1.5065932559e+00,0.0690,6.2866e-03
1471.673,1.2780729313e-03,1.737028e-02,1.5065932559e+00,0.0690,5.9930e-03
1472.270,1.2781503472e-03,1.736501e-02,1.5065932559e+00,0.0690,5.6802e-03
1472.867,1.2782377885e-03,1.736451e-02,1.5065932559e+00,0.0690,5.3521e-03
1473.463,1.2783346557e-03,1.736908e-02,1.5065932559e+00,0.0690,5.0118e-03
1474.060,1.2784401860e-03,1.737944e-02,1.5065932559e+00,0.0690,4.6601e-03
1474.656,1.2785533700e-03,1.739484e-02,1.5065932559e+00,0.0690,4.2985e-03
1475.253,1.2786729009e-03,1.741486e-02,1.5065932559e+00,0.0690,3.9294e-03
1475.849,1.2787972170e-03,1.743918e-02,1.5065932559e+00,0.0690,3.5559e-03
1476.446,1.2789246638e-03,1.746797e-02,1.5065932559e+00,0.0690,3.1826e-03
1477.042,1.2790537343e-03,1.750162e-02,1.5065932559e+00,0.0690,2.8140e-03
1477.639,1.2791833046e-03,1.754018e-02,1.5065932559e+00,0.0690,2.4546e-03
1478.235,1.2793127738e-03,1.758318e-02,1.5065932559e+00,0.0690,2.1083e-03
1478.832,1.2794420616e-03,1.763005e-02,1.5065932559e+00,0.0690,1.7786e-03
1479.429,1.2795714677e-03,1.768017e-02,1.5065932559e+00,0.0690,1.4685e-03
1480.025,1.2797014518e-03,1.773288e-02,1.5065932559e+00,0.0690,1.4319e-03
1480.622,1.2798324219e-03,1.778751e-02,1.5065932559e+00,0.0690,1.5235e-03
1481.218,1.2799646215e-03,1.784341e-02,1.5065932559e+00,0.0690,1.5987e-03
1481.815,1.2800981559e-03,1.789992e-02,1.5065932559e+00,0.0690,1.6576e-03
1482.411,1.2802330983e-03,1.795643e-02,1.5065932559e+00,0.0690,1.7001e-03
1483.008,1.2803696376e-03,1.801237e-02,1.5065932559e+00,0.0690,1.7267e-03
1483.604,1.2805082246e-03,1.806720e-02,1.5065932559e+00,0.0690,1.7374e-03
1484.201,1.2806496666e-03,1.812039e-02,1.5065932559e+00,0.0690,1.7341e-03
1484.797,1.2807951144e-03,1.817146e-02,1.5065932559e+00,0.0690,1.7169e-03
1485.394,1.2809459225e-03,1.822006e-02,1.5065932559e+00,0.0690,1.6848e-03
1485.991,1.2811033875e-03,1.826584e-02,1.5065932559e+00,0.0690,1.6381e-03
1486.587,1.2812684099e-03,1.830851e-02,1.5065932559e+00,0.0690,1.5771e-03
1487.184,1.2814411423e-03,1.834780e-02,1.5065932559e+00,0.0690,1.5028e-03
1487.780,1.2816206922e-03,1.838351e-02,1.5065932559e+00,0.0690,1.4164e-03
1488.377,1.2818049399e-03,1.841552e-02,1.5065932559e+00,0.0690,1.3182e-03
1488.973,1.2819905227e-03,1.844371e-02,1.5065932559e+00,0.0690,1.2103e-03
1489.570,1.2821729694e-03,1.846793e-02,1.5065932559e+00,0.0690,1.0958e-03
1490.166,1.2823469772e-03,1.848809e-02,1.5065932559e+00,0.0690,9.7611e-04
1490.763,1.2825068326e-03,1.850420e-02,1.5065932559e+00,0.0690,8.5264e-04
1491.359,1.2826469442e-03,1.851598e-02,1.5065932559e+00,0.0690,7.2675e-04
1491.956,1.2827624227e-03,1.852301e-02,1.5065932559e+00,0.0690,7.4913e-04
1492.553,1.2828496116e-03,1.852571e-02,1.5065932559e+00,0.0690,9.4495e-04
1493.149,1.2829064702e-03,1.852433e-02,1.5065932559e+00,0.0690,1.1533e-03
1493.746,1.2829327441e-03,1.851909e-02,1.5065932559e+00,0.0690,1.3703e-03
1494.342,1.2829298904e-03,1.851007e-02,1.5065932559e+00,0.0690,1.5920e-03
1494.939,1.2829008595e-03,1.849678e-02,1.5065932559e+00,0.0690,1.8151e-03
1495.535,1.2828498073e-03,1.847923e-02,1.5065932559e+00,0.0690,2.0365e-03
1496.132,1.2827815902e-03,1.845757e-02,1.5065932559e+00,0.0690,2.2536e-03
1496.728,1.2827012575e-03,1.843208e-02,1.5065932559e+00,0.0690,2.4642e-03
1497.325,1.2826136692e-03,1.840315e-02,1.5065932559e+00,0.0690,2.6662e-03
1497.921,1.2825232267e-03,1.837126e-02,1.5065932559e+00,0.0690,2.8578e-03
1498.518,1.2824336401e-03,1.833692e-02,1.5065932559e+00,0.0690,3.0372e-03
1499.115,1.2823476762e-03,1.830070e-02,1.5065932559e+00,0.0690,3.2029e-03
1499.711,1.2822668961e-03,1.826314e-02,1.5065932559e+00,0.0690,3.3534e-03
1500.308,1.2821914634e-03,1.822476e-02,1.5065932559e+00,0.0690,3.4872e-03
1500.904,1.2821201242e-03,1.818604e-02,1.5065932559e+00,0.0690,3.6031e-03
1501.501,1.2820504095e-03,1.814737e-02,1.5065932559e+00,0.0690,3.7000e-03
1502.097,1.2819790308e-03,1.810908e-02,1.5065932559e+00,0.0690,3.7768e-03
1502.694,1.2819023695e-03,1.807142e-02,1.5065932559e+00,0.0690,3.8328e-03
1503.290,1.2818169418e-03,1.803458e-02,1.5065932559e+00,0.0690,3.8673e-03
1503.887,1.2817197708e-03,1.799869e-02,1.5065932559e+00,0.0690,3.8800e-03
1504.483,1.2816086536e-03,1.796382e-02,1.5065932559e+00,0.0690,3.8705e-03
1505.080,1.2814823234e-03,1.793003e-02,1.5065932559e+00,0.0690,3.8390e-03
1505.676,1.2813405117e-03,1.789735e-02,1.5065932559e+00,0.0690,3.7857e-03
1506.273,1.2811839184e-03,1.786579e-02,1.5065932559e+00,0.0690,3.7111e-03
1506.870,1.2810141009e-03,1.783536e-02,1.5065932559e+00,0.0690,3.6160e-03
1507.466,1.2808333083e-03,1.780611e-02,1.5065932559e+00,0.0690,3.5013e-03
1508.063,1.2806442831e-03,1.777805e-02,1.5065932559e+00,0.0690,3.3681e-03
1508.659,1.2804500527e-03,1.775119e-02,1.5065932559e+00,0.0690,3.2178e-03
1509.256,1.2802537205e-03,1.772565e-02,1.5065932559e+00,0.0690,3.0519e-03
1509.852,1.2800582633e-03,1.770172e-02,1.5065932559e+00,0.0690,2.8720e-03
1510.449,1.2798663436e-03,1.767967e-02,1.5065932559e+00,0.0690,2.6798e-03
1511.045,1.2796801541e-03,1.765944e-02,1.5065932559e+00,0.0690,2.4770e-03
1511.642,1.2795013158e-03,1.764062e-02,1.5065932559e+00,0.0690,2.2652e-03
1512.238,1.2793308391e-03,1.762296e-02,1.5065932559e+00,0.0690,2.0447e-03
1512.835,1.2791691456e-03,1.760622e-02,1.5065932559e+00,0.0690,1.8165e-03
1513.432,1.2790161307e-03,1.759029e-02,1.5065932559e+00,0.0690,1.5820e-03
1514.028,1.2788712471e-03,1.757522e-02,1.5065932559e+00,0.0690,1.6162e-03
1514.625,1.2787335985e-03,1.756124e-02,1.5065932559e+00,0.0690,1.7475e-03
1515.221,1.2786020485e-03,1.754862e-02,1.5065932559e+00,0.0690,1.8735e-03
1515.818,1.2784753592e-03,1.753762e-02,1.5065932559e+00,0.0690,1.9933e-03
1516.414,1.2783523679e-03,1.752878e-02,1.5065932559e+00,0.0690,2.1059e-03
1517.011,1.2782321923e-03,1.752268e-02,1.5065932559e+00,0.0690,2.2108e-03
1517.607,1.2781144351e-03,1.751973e-02,1.5065932559e+00,0.0690,2.3078e-03
1518.204,1.2779993447e-03,1.752012e-02,1.5065932559e+00,0.0690,2.3999e-03
1518.800,1.2778878912e-03,1.752376e-02,1.5065932559e+00,0.0690,2.4854e-03
1519.397,1.2777817350e-03,1.753051e-02,1.5065932559e+00,0.0690,2.5627e-03
1519.994,1.2776830900e-03,1.754018e-02,1.5065932559e+00,0.0690,2.6303e-03
1520.590,1.2775945095e-03,1.755265e-02,1.5065932559e+00,0.0690,2.6863e-03
1521.187,1.2775186353e-03,1.756779e-02,1.5065932559e+00,0.0690,2.7306e-03
1521.783,1.2774579529e-03,1.758542e-02,1.5065932559e+00,0.0690,2.7641e-03
1522.380,1.2774145858e-03,1.760530e-02,1.5065932559e+00,0.0690,2.7878e-03
1522.976,1.2773901524e-03,1.762723e-02,1.5065932559e+00,0.0690,2.8022e-03
1523.573,1.2773856927e-03,1.765098e-02,1.5065932559e+00,0.0690,2.8077e-03
1524.169,1.2774016595e-03,1.767630e-02,1.5065932559e+00,0.0690,2.8045e-03
1524.766,1.2774379573e-03,1.770295e-02,1.5065932559e+00,0.0690,2.7926e-03
1525.362,1.2774940013e-03,1.773069e-02,1.5065932559e+00,0.0690,2.7721e-03
1525.959,1.2775687670e-03,1.775928e-02,1.5065932559e+00,0.0690,2.7428e-03
1526.556,1.2776608149e-03,1.778849e-02,1.5065932559e+00,0.0690,2.7047e-03
1527.152,1.2777682910e-03,1.781815e-02,1.5065932559e+00,0.0690,2.6577e-03
1527.749,1.2778889254e-03,1.784810e-02,1.5065932559e+00,0.0690,2.6018e-03
1528.345,1.2780200592e-03,1.787823e-02,1.5065932559e+00,0.0690,2.5371e-03
1528.942,1.2781587235e-03,1.790848e-02,1.5065932559e+00,0.0690,2.4637e-03
1529.538,1.2783017743e-03,1.793884e-02,1.5065932559e+00,0.0690,2.3808e-03
1530.135,1.2784460694e-03,1.796931e-02,1.5065932559e+00,0.0690,2.2892e-03
1530.731,1.2785886585e-03,1.799985e-02,1.5065932559e+00,0.0690,2.1898e-03
1531.328,1.2787269599e-03,1.803043e-02,1.5065932559e+00,0.0690,2.0836e-03
1531.924,1.2788589043e-03,1.806101e-02,1.5065932559e+00,0.0690,1.9712e-03
1532.521,1.2789830455e-03,1.809146e-02,1.5065932559e+00,0.0690,1.8535e-03
1533.118,1.2790985964e-03,1.812160e-02,1.5065932559e+00,0.0690,1.7314e-03
1533.714,1.2792054371e-03,1.815116e-02,1.5065932559e+00,0.0690,1.6059e-03
1534.311,1.2793040844e-03,1.817978e-02,1.5065932559e+00,0.0690,1.4774e-03
1534.907,1.2793955580e-03,1.820707e-02,1.5065932559e+00,0.0690,1.3465e-03
1535.504,1.2794811730e-03,1.823254e-02,1.5065932559e+00,0.0690,1.2135e-03
1536.100,1.2795623173e-03,1.825573e-02,1.5065932559e+00,0.0690,1.0781e-03
1536.697,1.2796402391e-03,1.827613e-02,1.5065932559e+00,0.0690,9.3992e-04
1537.293,1.2797158341e-03,1.829315e-02,1.5065932559e+00,0.0690,7.9674e-04
1537.890,1.2797894398e-03,1.830617e-02,1.5065932559e+00,0.0690,6.4863e-04
1538.486,1.2798606638e-03,1.831493e-02,1.5065932559e+00,0.0690,4.9503e-04
1539.083,1.2799283098e-03,1.831978e-02,1.5065932559e+00,0.0690,3.3481e-04
1539.679,1.2799904622e-03,1.832089e-02,1.5065932559e+00,0.0690,3.6538e-04
1540.276,1.2800447516e-03,1.831859e-02,1.5065932559e+00,0.0690,5.8542e-04
1540.873,1.2800887480e-03,1.831329e-02,1.5065932559e+00,0.0690,8.1679e-04
1541.469,1.2801203770e-03,1.830531e-02,1.5065932559e+00,0.0690,1.0599e-03
1542.066,1.2801382477e-03,1.829482e-02,1.5065932559e+00,0.0690,1.3151e-03
1542.662,1.2801418271e-03,1.828166e-02,1.5065932559e+00,0.0690,1.5829e-03
1543.259,1.2801314480e-03,1.826551e-02,1.5065932559e+00,0.0690,1.8627e-03
1543.855,1.2801081802e-03,1.824655e-02,1.5065932559e+00,0.0690,2.1538e-03
1544.452,1.2800736189e-03,1.822537e-02,1.5065932559e+00,0.0690,2.4544e-03
1545.048,1.2800296424e-03,1.820242e-02,1.5065932559e+00,0.0690,2.7619e-03
1545.645,1.2799781805e-03,1.817813e-02,1.5065932559e+00,0.0690,3.0740e-03
1546.241,1.2799210180e-03,1.815299e-02,1.5065932559e+00,0.0690,3.3887e-03
1546.838,1.2798596667e-03,1.812742e-02,1.5065932559e+00,0.0690,3.7041e-03
1547.435,1.2797953352e-03,1.810177e-02,1.5065932559e+00,0.0690,4.0184e-03
1548.031,1.2797290096e-03,1.807630e-02,1.5065932559e+00,0.0690,4.3297e-03
1548.628,1.2796616192e-03,1.805126e-02,1.5065932559e+00,0.0690,4.6359e-03
1549.224,1.2795942314e-03,1.802685e-02,1.5065932559e+00,0.0690,4.9349e-03
1549.821,1.2795282059e-03,1.800322e-02,1.5065932559e+00,0.0690,5.2246e-03
1550.417,1.2794652553e-03,1.798075e-02,1.5065932559e+00,0.0690,5.5057e-03
1551.014,1.2794073862e-03,1.795986e-02,1.5065932559e+00,0.0690,5.7795e-03
1551.610,1.2793567371e-03,1.794065e-02,1.5065932559e+00,0.0690,6.0441e-03
1552.207,1.2793153528e-03,1.792309e-02,1.5065932559e+00,0.0690,6.2955e-03
1552.803,1.2792849480e-03,1.790730e-02,1.5065932559e+00,0.0690,6.5294e-03
1553.400,1.2792667090e-03,1.789335e-02,1.5065932559e+00,0.0690,6.7419e-03
1553.997,1.2792611560e-03,1.788125e-02,1.5065932559e+00,0.0690,6.9295e-03
1554.593,1.2792681093e-03,1.787097e-02,1.5065932559e+00,0.0690,7.0891e-03
1555.190,1.2792867453e-03,1.786242e-02,1.5065932559e+00,0.0690,7.2183e-03
1555.786,1.2793157017e-03,1.785550e-02,1.5065932559e+00,0.0690,7.3151e-03
1556.383,1.2793532227e-03,1.785005e-02,1.5065932559e+00,0.0690,7.3781e-03
1556.979,1.2793973432e-03,1.784591e-02,1.5065932559e+00,0.0690,7.4065e-03
1557.576,1.2794460881e-03,1.784291e-02,1.5065932559e+00,0.0690,7.4001e-03
1558.172,1.2794976567e-03,1.784088e-02,1.5065932559e+00,0.0690,7.3591e-03
1558.769,1.2795505755e-03,1.783941e-02,1.5065932559e+00,0.0690,7.2833e-03
1559.365,1.2796038168e-03,1.783820e-02,1.5065932559e+00,0.0690,7.1721e-03
1559.962,1.2796568795e-03,1.783746e-02,1.5065932559e+00,0.0690,7.0317e-03
1560.559,1.2797098135e-03,1.783728e-02,1.5065932559e+00,0.0690,6.8665e-03
1561.155,1.2797631600e-03,1.783770e-02,1.5065932559e+00,0.0690,6.6785e-03
1561.752,1.2798177966e-03,1.783874e-02,1.5065932559e+00,0.0690,6.4692e-03
1562.348,1.2798747120e-03,1.784048e-02,1.5065932559e+00,0.0690,6.2400e-03
1562.945,1.2799347796e-03,1.784297e-02,1.5065932559e+00,0.0690,5.9922e-03
1563.541,1.2799986014e-03,1.784627e-02,1.5065932559e+00,0.0690,5.7268e-03
1564.138,1.2800664766e-03,1.785038e-02,1.5065932559e+00,0.0690,5.4450e-03
1564.734,1.2801385005e-03,1.785523e-02,1.5065932559e+00,0.0690,5.1480e-03
1565.331,1.2802147324e-03,1.786082e-02,1.5065932559e+00,0.0690,4.8370e-03
1565.927,1.2802953353e-03,1.786766e-02,1.5065932559e+00,0.0690,4.5136e-03
1566.524,1.2803806057e-03,1.787523e-02,1.5065932559e+00,0.0690,4.1791e-03
1567.120,1.2804708700e-03,1.788280e-02,1.5065932559e+00,0.0690,3.8339e-03
1567.717,1.2805662856e-03,1.788975e-02,1.5065932559e+00,0.0690,3.4787e-03
1568.314,1.2806666300e-03,1.789618e-02,1.5065932559e+00,0.0690,3.1147e-03
1568.910,1.2807711562e-03,1.790285e-02,1.5065932559e+00,0.0690,2.7438e-03
1569.507,1.2808785707e-03,1.791003e-02,1.5065932559e+00,0.0690,2.3682e-03
1570.103,1.2809871493e-03,1.791793e-02,1.5065932559e+00,0.0690,1.9908e-03
1570.700,1.2810949596e-03,1.792674e-02,1.5065932559e+00,0.0690,1.9515e-03
1571.296,1.2812001327e-03,1.793670e-02,1.5065932559e+00,0.0690,2.1456e-03
1571.893,1.2813011176e-03,1.794803e-02,1.5065932559e+00,0.0690,2.3297e-03
1572.489,1.2813968635e-03,1.796091e-02,1.5065932559e+00,0.0690,2.5031e-03
1573.086,1.2814868898e-03,1.797546e-02,1.5065932559e+00,0.0690,2.6652e-03
1573.682,1.2815712252e-03,1.799178e-02,1.5065932559e+00,0.0690,2.8154e-03
1574.279,1.2816502261e-03,1.800975e-02,1.5065932559e+00,0.0690,2.9568e-03
1574.876,1.2817243171e-03,1.802927e-02,1.5065932559e+00,0.0690,3.0861e-03
1575.472,1.2817937237e-03,1.805019e-02,1.5065932559e+00,0.0690,3.1997e-03
1576.069,1.2818582675e-03,1.807238e-02,1.5065932559e+00,0.0690,3.2936e-03
1576.665,1.2819172697e-03,1.809554e-02,1.5065932559e+00,0.0690,3.3677e-03
1577.262,1.2819695714e-03,1.811933e-02,1.5065932559e+00,0.0690,3.4228e-03
1577.858,1.2820136516e-03,1.814338e-02,1.5065932559e+00,0.0690,3.4591e-03
1578.455,1.2820478056e-03,1.816730e-02,1.5065932559e+00,0.0690,3.4770e-03
1579.051,1.2820703536e-03,1.819075e-02,1.5065932559e+00,0.0690,3.4767e-03
1579.648,1.2820798478e-03,1.821335e-02,1.5065932559e+00,0.0690,3.4585e-03
1580.244,1.2820752510e-03,1.823479e-02,1.5065932559e+00,0.0690,3.4224e-03
1580.841,1.2820560577e-03,1.825478e-02,1.5065932559e+00,0.0690,3.3690e-03
1581.438,1.2820223378e-03,1.827302e-02,1.5065932559e+00,0.0690,3.2987e-03
1582.034,1.2819747045e-03,1.828929e-02,1.5065932559e+00,0.0690,3.2122e-03
1582.631,1.2819142242e-03,1.830340e-02,1.5065932559e+00,0.0690,3.1088e-03
1583.227,1.2818423032e-03,1.831518e-02,1.5065932559e+00,0.0690,2.9894e-03
1583.824,1.2817605826e-03,1.832444e-02,1.5065932559e+00,0.0690,2.8564e-03
1584.420,1.2816708519e-03,1.833099e-02,1.5065932559e+00,0.0690,2.7120e-03
1585.017,1.2815749665e-03,1.833472e-02,1.5065932559e+00,0.0690,2.5575e-03
1585.613,1.2814747447e-03,1.833561e-02,1.5065932559e+00,0.0690,2.3942e-03
1586.210,1.2813718379e-03,1.833356e-02,1.5065932559e+00,0.0690,2.2245e-03
1586.806,1.2812675863e-03,1.832854e-02,1.5065932559e+00,0.0690,2.0929e-03
1587.403,1.2811628945e-03,1.832033e-02,1.5065932559e+00,0.0690,1.9301e-03
1588.000,1.2810581614e-03,1.830833e-02,1.5065932559e+00,0.0690,1.7332e-03
1588.596,1.2809532943e-03,1.829262e-02,1.5065932559e+00,0.0690,1.5312e-03
1589.193,1.2808477861e-03,1.827379e-02,1.5065932559e+00,0.0690,1.3545e-03
1589.789,1.2807408142e-03,1.825201e-02,1.5065932559e+00,0.0690,1.1807e-03
1590.386,1.2806313278e-03,1.822769e-02,1.5065932559e+00,0.0690,1.0118e-03
1590.982,1.2805181239e-03,1.820057e-02,1.5065932559e+00,0.0690,8.4490e-04
1591.579,1.2803999280e-03,1.817020e-02,1.5065932559e+00,0.0690,6.7961e-04
1592.175,1.2802754946e-03,1.813675e-02,1.5065932559e+00,0.0690,5.1676e-04
1592.772,1.2801437329e-03,1.810036e-02,1.5065932559e+00,0.0690,5.4281e-04
1593.368,1.2800038497e-03,1.806140e-02,1.5065932559e+00,0.0690,8.2430e-04
1593.965,1.2798554998e-03,1.802039e-02,1.5065932559e+00,0.0690,1.1014e-03
1594.562,1.2796989240e-03,1.797789e-02,1.5065932559e+00,0.0690,1.3718e-03
1595.158,1.2795350509e-03,1.793452e-02,1.5065932559e+00,0.0690,1.6334e-03
1595.755,1.2793655329e-03,1.789093e-02,1.5065932559e+00,0.0690,1.8844e-03
1596.351,1.2791926914e-03,1.784774e-02,1.5065932559e+00,0.0690,2.1228e-03
1596.948,1.2790193604e-03,1.780555e-02,1.5065932559e+00,0.0690,2.3469e-03
1597.544,1.2788486408e-03,1.776490e-02,1.5065932559e+00,0.0690,2.5550e-03
1598.141,1.2786836000e-03,1.772625e-02,1.5065932559e+00,0.0690,2.7454e-03
1598.737,1.2785269640e-03,1.768999e-02,1.5065932559e+00,0.0690,2.9165e-03
1599.334,1.2783808539e-03,1.765643e-02,1.5065932559e+00,0.0690,3.0669e-03
1599.930,1.2782466050e-03,1.762580e-02,1.5065932559e+00,0.0690,3.1952e-03
1600.527,1.2781246866e-03,1.759841e-02,1.5065932559e+00,0.0690,3.3024e-03
1601.123,1.2780147239e-03,1.757436e-02,1.5065932559e+00,0.0690,3.3876e-03
1601.720,1.2779156025e-03,1.755366e-02,1.5065932559e+00,0.0690,3.4487e-03
1602.317,1.2778256399e-03,1.753622e-02,1.5065932559e+00,0.0690,3.4838e-03
1602.913,1.2777428067e-03,1.752185e-02,1.5065932559e+00,0.0690,3.4906e-03
1603.510,1.2776649843e-03,1.751033e-02,1.5065932559e+00,0.0690,3.4669e-03
1604.106,1.2775902408e-03,1.750145e-02,1.5065932559e+00,0.0690,3.4128e-03
1604.703,1.2775170896e-03,1.749524e-02,1.5065932559e+00,0.0690,3.3316e-03
1605.299,1.2774446928e-03,1.749183e-02,1.5065932559e+00,0.0690,3.2251e-03
1605.896,1.2773729707e-03,1.749134e-02,1.5065932559e+00,0.0690,3.0952e-03
1606.492,1.2773026062e-03,1.749332e-02,1.5065932559e+00,0.0690,2.9440e-03
1607.089,1.2772349587e-03,1.749729e-02,1.5065932559e+00,0.0690,2.7740e-03
1607.685,1.2771719274e-03,1.750264e-02,1.5065932559e+00,0.0690,2.5868e-03
1608.282,1.2771157974e-03,1.750903e-02,1.5065932559e+00,0.0690,2.3835e-03
1608.879,1.2770690896e-03,1.751636e-02,1.5065932559e+00,0.0690,2.1661e-03
1609.475,1.2770344036e-03,1.752467e-02,1.5065932559e+00,0.0690,1.9374e-03
1610.072,1.2770142361e-03,1.753419e-02,1.5065932559e+00,0.0690,1.7013e-03
1610.668,1.2770107642e-03,1.754520e-02,1.5065932559e+00,0.0690,1.4627e-03
1611.265,1.2770256103e-03,1.755816e-02,1.5065932559e+00,0.0690,1.2258e-03
1611.861,1.2770596355e-03,1.757347e-02,1.5065932559e+00,0.0690,1.3080e-03
1612.458,1.2771128160e-03,1.759138e-02,1.5065932559e+00,0.0690,1.3819e-03
1613.054,1.2771842463e-03,1.761199e-02,1.5065932559e+00,0.0690,1.4427e-03
1613.651,1.2772722742e-03,1.763505e-02,1.5065932559e+00,0.0690,1.4905e-03
1614.247,1.2773747322e-03,1.766023e-02,1.5065932559e+00,0.0690,1.5254e-03
1614.844,1.2774892049e-03,1.768721e-02,1.5065932559e+00,0.0690,1.5477e-03
1615.441,1.2776132687e-03,1.771562e-02,1.5065932559e+00,0.0690,1.5583e-03
1616.037,1.2777446658e-03,1.774509e-02,1.5065932559e+00,0.0690,1.5588e-03
1616.634,1.2778814083e-03,1.777534e-02,1.5065932559e+00,0.0690,1.5477e-03
1617.230,1.2780218142e-03,1.780614e-02,1.5065932559e+00,0.0690,1.5241e-03
1617.827,1.2781644874e-03,1.783731e-02,1.5065932559e+00,0.0690,1.4877e-03
1618.423,1.2783082901e-03,1.786865e-02,1.5065932559e+00,0.0690,1.4384e-03
1619.020,1.2784523551e-03,1.790003e-02,1.5065932559e+00,0.0690,1.3768e-03
1619.616,1.2785961217e-03,1.793127e-02,1.5065932559e+00,0.0690,1.3035e-03
1620.213,1.2787393928e-03,1.796224e-02,1.5065932559e+00,0.0690,1.2191e-03
1620.809,1.2788823993e-03,1.799275e-02,1.5065932559e+00,0.0690,1.1247e-03
1621.406,1.2790257815e-03,1.802264e-02,1.5065932559e+00,0.0690,1.0212e-03
1622.003,1.2791704744e-03,1.805170e-02,1.5065932559e+00,0.0690,9.0949e-04
1622.599,1.2793175443e-03,1.807966e-02,1.5065932559e+00,0.0690,7.9155e-04
1623.196,1.2794680228e-03,1.810622e-02,1.5065932559e+00,0.0690,6.6905e-04
1623.792,1.2796227465e-03,1.813123e-02,1.5065932559e+00,0.0690,5.4143e-04
1624.389,1.2797822009e-03,1.815449e-02,1.5065932559e+00,0.0690,4.7394e-04
1624.985,1.2799463732e-03,1.817567e-02,1.5065932559e+00,0.0690,6.4242e-04
1625.582,1.2801146419e-03,1.819435e-02,1.5065932559e+00,0.0690,8.2753e-04
1626.178,1.2802857370e-03,1.821014e-02,1.5065932559e+00,0.0690,1.0278e-03
1626.775,1.2804578070e-03,1.822335e-02,1.5065932559e+00,0.0690,1.2418e-03
1627.371,1.2806285884e-03,1.823445e-02,1.5065932559e+00,0.0690,1.4681e-03
1627.968,1.2807956338e-03,1.824346e-02,1.5065932559e+00,0.0690,1.7054e-03
1628.565,1.2809565513e-03,1.825048e-02,1.5065932559e+00,0.0690,1.9527e-03
1629.161,1.2811092146e-03,1.825571e-02,1.5065932559e+00,0.0690,2.2082e-03
1629.758,1.2812519248e-03,1.825856e-02,1.5065932559e+00,0.0690,2.4691e-03
1630.354,1.2813835179e-03,1.825871e-02,1.5065932559e+00,0.0690,2.7327e-03
1630.951,1.2815034057e-03,1.825635e-02,1.5065932559e+00,0.0690,2.9971e-03
1631.547,1.2816115386e-03,1.825177e-02,1.5065932559e+00,0.0690,3.2603e-03
1632.144,1.2817082754e-03,1.824530e-02,1.5065932559e+00,0.0690,3.5207e-03
1632.740,1.2817941711e-03,1.823730e-02,1.5065932559e+00,0.0690,3.7768e-03
1633.337,1.2818697207e-03,1.822819e-02,1.5065932559e+00,0.0690,4.0272e-03
1633.933,1.2819351645e-03,1.821833e-02,1.5065932559e+00,0.0690,4.2705e-03
1634.530,1.2819903617e-03,1.820809e-02,1.5065932559e+00,0.0690,4.5053e-03
1635.126,1.2820347666e-03,1.819776e-02,1.5065932559e+00,0.0690,4.7303e-03
1635.723,1.2820675511e-03,1.818761e-02,1.5065932559e+00,0.0690,4.9441e-03
1636.320,1.2820878357e-03,1.817781e-02,1.5065932559e+00,0.0690,5.1451e-03
1636.916,1.2820949454e-03,1.816845e-02,1.5065932559e+00,0.0690,5.3319e-03
1637.513,1.2820885975e-03,1.815958e-02,1.5065932559e+00,0.0690,5.5031e-03
1638.109,1.2820689632e-03,1.815118e-02,1.5065932559e+00,0.0690,5.6572e-03
1638.706,1.2820365969e-03,1.814318e-02,1.5065932559e+00,0.0690,5.7929e-03
1639.302,1.2819922707e-03,1.813552e-02,1.5065932559e+00,0.0690,5.9089e-03
1639.899,1.2819367803e-03,1.812809e-02,1.5065932559e+00,0.0690,6.0041e-03
1640.495,1.2818707880e-03,1.812083e-02,1.5065932559e+00,0.0690,6.0777e-03
1641.092,1.2817947469e-03,1.811366e-02,1.5065932559e+00,0.0690,6.1286e-03
1641.688,1.2817089351e-03,1.810655e-02,1.5065932559e+00,0.0690,6.1566e-03
1642.285,1.2816135969e-03,1.809949e-02,1.5065932559e+00,0.0690,6.1613e-03
1642.882,1.2815091416e-03,1.809251e-02,1.5065932559e+00,0.0690,6.1426e-03
1643.478,1.2813963430e-03,1.808566e-02,1.5065932559e+00,0.0690,6.1008e-03
1644.075,1.2812764941e-03,1.807898e-02,1.5065932559e+00,0.0690,6.0361e-03
1644.671,1.2811514774e-03,1.807251e-02,1.5065932559e+00,0.0690,5.9492e-03
1645.268,1.2810237243e-03,1.806629e-02,1.5065932559e+00,0.0690,5.8406e-03
1645.864,1.2808960666e-03,1.806030e-02,1.5065932559e+00,0.0690,5.7111e-03
1646.461,1.2807715154e-03,1.805450e-02,1.5065932559e+00,0.0690,5.5616e-03
1647.057,1.2806530108e-03,1.804880e-02,1.5065932559e+00,0.0690,5.3928e-03
1647.654,1.2805431766e-03,1.804305e-02,1.5065932559e+00,0.0690,5.2057e-03
1648.250,1.2804440910e-03,1.803709e-02,1.5065932559e+00,0.0690,5.0012e-03
1648.847,1.2803570815e-03,1.803070e-02,1.5065932559e+00,0.0690,4.7801e-03
1649.444,1.2802825656e-03,1.802363e-02,1.5065932559e+00,0.0690,4.5434e-03
1650.040,1.2802199762e-03,1.801568e-02,1.5065932559e+00,0.0690,4.2922e-03
1650.637,1.2801678217e-03,1.800710e-02,1.5065932559e+00,0.0690,4.0275e-03
1651.233,1.2801239025e-03,1.799781e-02,1.5065932559e+00,0.0690,3.7507e-03
1651.830,1.2800856608e-03,1.798726e-02,1.5065932559e+00,0.0690,3.4628e-03
1652.426,1.2800505951e-03,1.797499e-02,1.5065932559e+00,0.0690,3.1647e-03
1653.023,1.2800166401e-03,1.796063e-02,1.5065932559e+00,0.0690,2.8565e-03
1653.619,1.2799824289e-03,1.794413e-02,1.5065932559e+00,0.0690,2.5391e-03
1654.216,1.2799473913e-03,1.792565e-02,1.5065932559e+00,0.0690,2.2140e-03
1654.812,1.2799116946e-03,1.790555e-02,1.5065932559e+00,0.0690,1.8831e-03
1655.409,1.2798760745e-03,1.788461e-02,1.5065932559e+00,0.0690,1.9252e-03
1656.006,1.2798416182e-03,1.786369e-02,1.5065932559e+00,0.0690,2.1036e-03
1656.602,1.2798095605e-03,1.784363e-02,1.5065932559e+00,0.0690,2.2729e-03
1657.199,1.2797811268e-03,1.782484e-02,1.5065932559e+00,0.0690,2.4327e-03
1657.795,1.2797574405e-03,1.780769e-02,1.5065932559e+00,0.0690,2.5828e-03
1658.392,1.2797394865e-03,1.779247e-02,1.5065932559e+00,0.0690,2.7234e-03
1658.988,1.2797281112e-03,1.777933e-02,1.5065932559e+00,0.0690,2.8584e-03
1659.585,1.2797240335e-03,1.776845e-02,1.5065932559e+00,0.0690,2.9864e-03
1660.181,1.2797278433e-03,1.776003e-02,1.5065932559e+00,0.0690,3.1047e-03
1660.778,1.2797399730e-03,1.775423e-02,1.5065932559e+00,0.0690,3.2101e-03
1661.374,1.2797606373e-03,1.775118e-02,1.5065932559e+00,0.0690,3.3012e-03
1661.971,1.2797897551e-03,1.775096e-02,1.5065932559e+00,0.0690,3.3781e-03
1662.568,1.2798268513e-03,1.775360e-02,1.5065932559e+00,0.0690,3.4414e-03
1663.164,1.2798709817e-03,1.775902e-02,1.5065932559e+00,0.0690,3.4923e-03
1663.761,1.2799207199e-03,1.776716e-02,1.5065932559e+00,0.0690,3.5312e-03
1664.357,1.2799741926e-03,1.777790e-02,1.5065932559e+00,0.0690,3.5585e-03
1664.954,1.2800291709e-03,1.779111e-02,1.5065932559e+00,0.0690,3.5744e-03
1665.550,1.2800832372e-03,1.780664e-02,1.5065932559e+00,0.0690,3.5790e-03
1666.147,1.2801340119e-03,1.782432e-02,1.5065932559e+00,0.0690,3.5720e-03
1666.743,1.2801793893e-03,1.784396e-02,1.5065932559e+00,0.0690,3.5534e-03
1667.340,1.2802177159e-03,1.786537e-02,1.5065932559e+00,0.0690,3.5231e-03
1667.936,1.2802478767e-03,1.788836e-02,1.5065932559e+00,0.0690,3.4807e-03
1668.533,1.2802692984e-03,1.791279e-02,1.5065932559e+00,0.0690,3.4244e-03
1669.129,1.2802819068e-03,1.793844e-02,1.5065932559e+00,0.0690,3.3552e-03
1669.726,1.2802860714e-03,1.796505e-02,1.5065932559e+00,0.0690,3.2743e-03
1670.323,1.2802825405e-03,1.799237e-02,1.5065932559e+00,0.0690,3.1830e-03
1670.919,1.2802723417e-03,1.802010e-02,1.5065932559e+00,0.0690,3.0825e-03
1671.516,1.2802566264e-03,1.804794e-02,1.5065932559e+00,0.0690,2.9784e-03
1672.112,1.2802364595e-03,1.807560e-02,1.5065932559e+00,0.0690,2.9786e-03
1672.709,1.2802126038e-03,1.810280e-02,1.5065932559e+00,0.0690,2.9545e-03
1673.305,1.2801853633e-03,1.812917e-02,1.5065932559e+00,0.0690,2.9017e-03
1673.902,1.2801545403e-03,1.815430e-02,1.5065932559e+00,0.0690,2.8174e-03
1674.498,1.2801195159e-03,1.817779e-02,1.5065932559e+00,0.0690,2.7009e-03
1675.095,1.2800794172e-03,1.819932e-02,1.5065932559e+00,0.0690,2.5552e-03
1675.691,1.2800333025e-03,1.821859e-02,1.5065932559e+00,0.0690,2.3827e-03
1676.288,1.2799803045e-03,1.823536e-02,1.5065932559e+00,0.0690,2.1849e-03
1676.885,1.2799196986e-03,1.824929e-02,1.5065932559e+00,0.0690,1.9648e-03
1677.481,1.2798509124e-03,1.826008e-02,1.5065932559e+00,0.0690,1.7257e-03
1678.078,1.2797735112e-03,1.826768e-02,1.5065932559e+00,0.0690,1.4706e-03
1678.674,1.2796872021e-03,1.827266e-02,1.5065932559e+00,0.0690,1.2751e-03
1679.271,1.2795918880e-03,1.827552e-02,1.5065932559e+00,0.0690,1.0806e-03
1679.867,1.2794877719e-03,1.827662e-02,1.5065932559e+00,0.0690,8.8360e-04
1680.464,1.2793754815e-03,1.827627e-02,1.5065932559e+00,0.0690,6.8171e-04
1681.060,1.2792561670e-03,1.827459e-02,1.5065932559e+00,0.0690,4.7539e-04
1681.657,1.2791315255e-03,1.827160e-02,1.5065932559e+00,0.0690,2.6586e-04
1682.253,1.2790037231e-03,1.826688e-02,1.5065932559e+00,0.0690,5.2160e-04
1682.850,1.2788752214e-03,1.826013e-02,1.5065932559e+00,0.0690,8.1405e-04
1683.447,1.2787485437e-03,1.825087e-02,1.5065932559e+00,0.0690,1.1129e-03
1684.043,1.2786260267e-03,1.823823e-02,1.5065932559e+00,0.0690,1.4153e-03
1684.640,1.2785095994e-03,1.822171e-02,1.5065932559e+00,0.0690,1.7187e-03
1685.236,1.2784006209e-03,1.820127e-02,1.5065932559e+00,0.0690,2.0208e-03
1685.833,1.2782998018e-03,1.817699e-02,1.5065932559e+00,0.0690,2.3199e-03
1686.429,1.2782072255e-03,1.814906e-02,1.5065932559e+00,0.0690,2.6146e-03
1687.026,1.2781224693e-03,1.811772e-02,1.5065932559e+00,0.0690,2.9037e-03
1687.622,1.2780448052e-03,1.808332e-02,1.5065932559e+00,0.0690,3.1861e-03
1688.219,1.2779734411e-03,1.804630e-02,1.5065932559e+00,0.0690,3.4609e-03
1688.815,1.2779077526e-03,1.800714e-02,1.5065932559e+00,0.0690,3.7271e-03
1689.412,1.2778474590e-03,1.796641e-02,1.5065932559e+00,0.0690,3.9837e-03
1690.009,1.2777927172e-03,1.792467e-02,1.5065932559e+00,0.0690,4.2298e-03
1690.605,1.2777441200e-03,1.788256e-02,1.5065932559e+00,0.0690,4.4646e-03
1691.202,1.2777026117e-03,1.784088e-02,1.5065932559e+00,0.0690,4.6901e-03
1691.798,1.2776693431e-03,1.780032e-02,1.5065932559e+00,0.0690,4.9066e-03
1692.395,1.2776455025e-03,1.776147e-02,1.5065932559e+00,0.0690,5.1130e-03
1692.991,1.2776321587e-03,1.772465e-02,1.5065932559e+00,0.0690,5.3071e-03
1693.588,1.2776301446e-03,1.769022e-02,1.5065932559e+00,0.0690,5.4860e-03
1694.184,1.2776399922e-03,1.765848e-02,1.5065932559e+00,0.0690,5.6466e-03
1694.781,1.2776619128e-03,1.762962e-02,1.5065932559e+00,0.0690,5.7861e-03
1695.377,1.2776958065e-03,1.760376e-02,1.5065932559e+00,0.0690,5.9016e-03
1695.974,1.2777412870e-03,1.758093e-02,1.5065932559e+00,0.0690,5.9907e-03
1696.570,1.2777977175e-03,1.756109e-02,1.5065932559e+00,0.0690,6.0509e-03
1697.167,1.2778642620e-03,1.754418e-02,1.5065932559e+00,0.0690,6.0802e-03
1697.764,1.2779399544e-03,1.753012e-02,1.5065932559e+00,0.0690,6.0769e-03
1698.360,1.2780237825e-03,1.751879e-02,1.5065932559e+00,0.0690,6.0397e-03
1698.957,1.2781147733e-03,1.751010e-02,1.5065932559e+00,0.0690,5.9678e-03
1699.553,1.2782120570e-03,1.750375e-02,1.5065932559e+00,0.0690,5.8603e-03
1700.150,1.2783149074e-03,1.749961e-02,1.5065932559e+00,0.0690,5.7182e-03
1700.746,1.2784227241e-03,1.749807e-02,1.5065932559e+00,0.0690,5.5494e-03
1701.343,1.2785349956e-03,1.749930e-02,1.5065932559e+00,0.0690,5.3568e-03
1701.939,1.2786512731e-03,1.750346e-02,1.5065932559e+00,0.0690,5.1430e-03
1702.536,1.2787711186e-03,1.751108e-02,1.5065932559e+00,0.0690,4.9109e-03
1703.132,1.2788940649e-03,1.752247e-02,1.5065932559e+00,0.0690,4.6629e-03
1703.729,1.2790196411e-03,1.753713e-02,1.5065932559e+00,0.0690,4.4005e-03
1704.326,1.2791474705e-03,1.755457e-02,1.5065932559e+00,0.0690,4.1245e-03
1704.922,1.2792773941e-03,1.757461e-02,1.5065932559e+00,0.0690,3.8368e-03
1705.519,1.2794095545e-03,1.759705e-02,1.5065932559e+00,0.0690,3.5399e-03
1706.115,1.2795443881e-03,1.762210e-02,1.5065932559e+00,0.0690,3.2370e-03
1706.712,1.2796825188e-03,1.765031e-02,1.5065932559e+00,0.0690,2.9322e-03
1707.308,1.2798245887e-03,1.768202e-02,1.5065932559e+00,0.0690,2.6301e-03
1707.905,1.2799710581e-03,1.771706e-02,1.5065932559e+00,0.0690,2.3353e-03
1708.501,1.2801220212e-03,1.775513e-02,1.5065932559e+00,0.0690,2.0514e-03
1709.098,1.2802770750e-03,1.779588e-02,1.5065932559e+00,0.0690,1.7819e-03
1709.694,1.2804352767e-03,1.783889e-02,1.5065932559e+00,0.0690,1.5293e-03
1710.291,1.2805952091e-03,1.788373e-02,1.5065932559e+00,0.0690,1.2956e-03
1710.888,1.2807551542e-03,1.792993e-02,1.5065932559e+00,0.0690,1.3483e-03
1711.484,1.2809133538e-03,1.797700e-02,1.5065932559e+00,0.0690,1.4051e-03
1712.081,1.2810683033e-03,1.802445e-02,1.5065932559e+00,0.0690,1.4493e-03
1712.677,1.2812190018e-03,1.807176e-02,1.5065932559e+00,0.0690,1.4810e-03
1713.274,1.2813650831e-03,1.811846e-02,1.5065932559e+00,0.0690,1.5004e-03
1713.870,1.2815067896e-03,1.816409e-02,1.5065932559e+00,0.0690,1.5074e-03
1714.467,1.2816447853e-03,1.820821e-02,1.5065932559e+00,0.0690,1.5023e-03
1715.063,1.2817798398e-03,1.825044e-02,1.5065932559e+00,0.0690,1.4853e-03
1715.660,1.2819124498e-03,1.829042e-02,1.5065932559e+00,0.0690,1.4566e-03
1716.256,1.2820424872e-03,1.832785e-02,1.5065932559e+00,0.0690,1.4166e-03
1716.853,1.2821689645e-03,1.836250e-02,1.5065932559e+00,0.0690,1.3657e-03
1717.450,1.2822899719e-03,1.839420e-02,1.5065932559e+00,0.0690,1.3038e-03
1718.046,1.2824027936e-03,1.842283e-02,1.5065932559e+00,0.0690,1.2318e-03
1718.643,1.2825041650e-03,1.844825e-02,1.5065932559e+00,0.0690,1.1506e-03
1719.239,1.2825906147e-03,1.847037e-02,1.5065932559e+00,0.0690,1.0614e-03
1719.836,1.2826588388e-03,1.848909e-02,1.5065932559e+00,0.0690,9.6557e-04
1720.432,1.2827060704e-03,1.850436e-02,1.5065932559e+00,0.0690,8.6432e-04
1721.029,1.2827304171e-03,1.851590e-02,1.5065932559e+00,0.0690,7.5915e-04
1721.625,1.2827311161e-03,1.852320e-02,1.5065932559e+00,0.0690,8.7554e-04
1722.222,1.2827087129e-03,1.852635e-02,1.5065932559e+00,0.0690,1.0377e-03
1722.818,1.2826651079e-03,1.852558e-02,1.5065932559e+00,0.0690,1.2110e-03
1723.415,1.2826033112e-03,1.852096e-02,1.5065932559e+00,0.0690,1.3938e-03
1724.012,1.2825270553e-03,1.851256e-02,1.5065932559e+00,0.0690,1.5830e-03
1724.608,1.2824404011e-03,1.850039e-02,1.5065932559e+00,0.0690,1.7751e-03
1725.205,1.2823474049e-03,1.848380e-02,1.5065932559e+00,0.0690,1.9674e-03
1725.801,1.2822518571e-03,1.846255e-02,1.5065932559e+00,0.0690,2.1574e-03
1726.398,1.2821570649e-03,1.843672e-02,1.5065932559e+00,0.0690,2.3429e-03
1726.994,1.2820656517e-03,1.840657e-02,1.5065932559e+00,0.0690,2.5220e-03
1727.591,1.2819793671e-03,1.837245e-02,1.5065932559e+00,0.0690,2.6932e-03
1728.187,1.2818989346e-03,1.833485e-02,1.5065932559e+00,0.0690,2.8551e-03
1728.784,1.2818239758e-03,1.829431e-02,1.5065932559e+00,0.0690,3.0064e-03
1729.380,1.2817530402e-03,1.825142e-02,1.5065932559e+00,0.0690,3.1460e-03
1729.977,1.2816837463e-03,1.820677e-02,1.5065932559e+00,0.0690,3.2726e-03
1730.573,1.2816130215e-03,1.816093e-02,1.5065932559e+00,0.0690,3.3853e-03
1731.170,1.2815374237e-03,1.811444e-02,1.5065932559e+00,0.0690,3.4830e-03
1731.767,1.2814535222e-03,1.806776e-02,1.5065932559e+00,0.0690,3.5647e-03
1732.363,1.2813583007e-03,1.802130e-02,1.5065932559e+00,0.0690,3.6292e-03
1732.960,1.2812495238e-03,1.797540e-02,1.5065932559e+00,0.0690,3.6755e-03
1733.556,1.2811260046e-03,1.793035e-02,1.5065932559e+00,0.0690,3.7028e-03
1734.153,1.2809877282e-03,1.788639e-02,1.5065932559e+00,0.0690,3.7100e-03
1734.749,1.2808358144e-03,1.784374e-02,1.5065932559e+00,0.0690,3.6964e-03
1735.346,1.2806723427e-03,1.780259e-02,1.5065932559e+00,0.0690,3.6612e-03
1735.942,1.2805000875e-03,1.776312e-02,1.5065932559e+00,0.0690,3.6039e-03
1736.539,1.2803222188e-03,1.772552e-02,1.5065932559e+00,0.0690,3.5243e-03
1737.135,1.2801420189e-03,1.768997e-02,1.5065932559e+00,0.0690,3.4222e-03
1737.732,1.2799626482e-03,1.765668e-02,1.5065932559e+00,0.0690,3.2979e-03
1738.329,1.2797869721e-03,1.762584e-02,1.5065932559e+00,0.0690,3.1517e-03
1738.925,1.2796174428e-03,1.759760e-02,1.5065932559e+00,0.0690,2.9844e-03
1739.522,1.2794560243e-03,1.757231e-02,1.5065932559e+00,0.0690,2.7971e-03
1740.118,1.2793041461e-03,1.755060e-02,1.5065932559e+00,0.0690,2.5911e-03
1740.715,1.2791626843e-03,1.753233e-02,1.5065932559e+00,0.0690,2.3678e-03
1741.311,1.2790319752e-03,1.751713e-02,1.5065932559e+00,0.0690,2.1290e-03
1741.908,1.2789118698e-03,1.750457e-02,1.5065932559e+00,0.0690,1.8760e-03
1742.504,1.2788018289e-03,1.749427e-02,1.5065932559e+00,0.0690,1.6114e-03
1743.101,1.2787010428e-03,1.748617e-02,1.5065932559e+00,0.0690,1.7845e-03
1743.697,1.2786085505e-03,1.748066e-02,1.5065932559e+00,0.0690,1.9546e-03
1744.294,1.2785233332e-03,1.747809e-02,1.5065932559e+00,0.0690,2.1193e-03
1744.891,1.2784443731e-03,1.747875e-02,1.5065932559e+00,0.0690,2.2767e-03
1745.487,1.2783706892e-03,1.748255e-02,1.5065932559e+00,0.0690,2.4249e-03
1746.084,1.2783013751e-03,1.748941e-02,1.5065932559e+00,0.0690,2.5626e-03
1746.680,1.2782356635e-03,1.749911e-02,1.5065932559e+00,0.0690,2.6920e-03
1747.277,1.2781730247e-03,1.751157e-02,1.5065932559e+00,0.0690,2.8098e-03
1747.873,1.2781132796e-03,1.752676e-02,1.5065932559e+00,0.0690,2.9120e-03
1748.470,1.2780566887e-03,1.754475e-02,1.5065932559e+00,0.0690,2.9949e-03
1749.066,1.2780039763e-03,1.756550e-02,1.5065932559e+00,0.0690,3.0593e-03
1749.663,1.2779562687e-03,1.758892e-02,1.5065932559e+00,0.0690,3.1059e-03
1750.259,1.2779149502e-03,1.761491e-02,1.5065932559e+00,0.0690,3.1357e-03
1750.856,1.2778814732e-03,1.764332e-02,1.5065932559e+00,0.0690,3.1493e-03
1751.453,1.2778571651e-03,1.767394e-02,1.5065932559e+00,0.0690,3.1475e-03
1752.049,1.2778430754e-03,1.770652e-02,1.5065932559e+00,0.0690,3.1311e-03
1752.646,1.2778398892e-03,1.774076e-02,1.5065932559e+00,0.0690,3.1006e-03
1753.242,1.2778479187e-03,1.777632e-02,1.5065932559e+00,0.0690,3.0567e-03
1753.839,1.2778671643e-03,1.781286e-02,1.5065932559e+00,0.0690,2.9997e-03
1754.435,1.2778974217e-03,1.785010e-02,1.5065932559e+00,0.0690,2.9285e-03
1755.032,1.2779383979e-03,1.788766e-02,1.5065932559e+00,0.0690,2.8449e-03
1755.628,1.2779897943e-03,1.792518e-02,1.5065932559e+00,0.0690,2.7506e-03
1756.225,1.2780513243e-03,1.796234e-02,1.5065932559e+00,0.0690,2.6471e-03
1756.821,1.2781226575e-03,1.799880e-02,1.5065932559e+00,0.0690,2.5359e-03
1757.418,1.2782033139e-03,1.803432e-02,1.5065932559e+00,0.0690,2.4778e-03
1758.015,1.2782925510e-03,1.806864e-02,1.5065932559e+00,0.0690,2.4390e-03
1758.611,1.2783892880e-03,1.810157e-02,1.5065932559e+00,0.0690,2.3730e-03
1759.208,1.2784920911e-03,1.813291e-02,1.5065932559e+00,0.0690,2.2776e-03
1759.804,1.2785992160e-03,1.816241e-02,1.5065932559e+00,0.0690,2.1521e-03
1760.401,1.2787086915e-03,1.818986e-02,1.5065932559e+00,0.0690,1.9977e-03
1760.997,1.2788184220e-03,1.821508e-02,1.5065932559e+00,0.0690,1.8161e-03
1761.594,1.2789263094e-03,1.823788e-02,1.5065932559e+00,0.0690,1.6102e-03
1762.190,1.2790303986e-03,1.825814e-02,1.5065932559e+00,0.0690,1.3830e-03
1762.787,1.2791290494e-03,1.827577e-02,1.5065932559e+00,0.0690,1.1855e-03
1763.383,1.2792211282e-03,1.829052e-02,1.5065932559e+00,0.0690,1.0108e-03
1763.980,1.2793061417e-03,1.830203e-02,1.5065932559e+00,0.0690,8.3434e-04
1764.576,1.2793842969e-03,1.831045e-02,1.5065932559e+00,0.0690,6.5313e-04
1765.173,1.2794564429e-03,1.831615e-02,1.5065932559e+00,0.0690,4.6640e-04
1765.770,1.2795238396e-03,1.831941e-02,1.5065932559e+00,0.0690,2.7417e-04
1766.366,1.2795878149e-03,1.832021e-02,1.5065932559e+00,0.0690,4.8460e-04
1766.963,1.2796494337e-03,1.831861e-02,1.5065932559e+00,0.0690,7.5880e-04
1767.559,1.2797092695e-03,1.831454e-02,1.5065932559e+00,0.0690,1.0400e-03
1768.156,1.2797673087e-03,1.830777e-02,1.5065932559e+00,0.0690,1.3283e-03
1768.752,1.2798229748e-03,1.829812e-02,1.5065932559e+00,0.0690,1.6231e-03
1769.349,1.2798752467e-03,1.828503e-02,1.5065932559e+00,0.0690,1.9230e-03
1769.945,1.2799228350e-03,1.826802e-02,1.5065932559e+00,0.0690,2.2258e-03
1770.542,1.2799643855e-03,1.824733e-02,1.5065932559e+00,0.0690,2.5294e-03
1771.138,1.2799986717e-03,1.822340e-02,1.5065932559e+00,0.0690,2.8326e-03
1771.735,1.2800247388e-03,1.819676e-02,1.5065932559e+00,0.0690,3.1339e-03
1772.332,1.2800419687e-03,1.816801e-02,1.5065932559e+00,0.0690,3.4324e-03
1772.928,1.2800500638e-03,1.813780e-02,1.5065932559e+00,0.0690,3.7270e-03
1773.525,1.2800489796e-03,1.810679e-02,1.5065932559e+00,0.0690,4.0169e-03
1774.121,1.2800388488e-03,1.807560e-02,1.5065932559e+00,0.0690,4.3009e-03
1774.718,1.2800199382e-03,1.804483e-02,1.5065932559e+00,0.0690,4.5779e-03
1775.314,1.2799926559e-03,1.801501e-02,1.5065932559e+00,0.0690,4.8466e-03
1775.911,1.2799576040e-03,1.798661e-02,1.5065932559e+00,0.0690,5.1058e-03
1776.507,1.2799156484e-03,1.796025e-02,1.5065932559e+00,0.0690,5.3579e-03
1777.104,1.2798679763e-03,1.793635e-02,1.5065932559e+00,0.0690,5.6028e-03
1777.700,1.2798161110e-03,1.791500e-02,1.5065932559e+00,0.0690,5.8384e-03
1778.297,1.2797618725e-03,1.789616e-02,1.5065932559e+00,0.0690,6.0610e-03
1778.894,1.2797072872e-03,1.787984e-02,1.5065932559e+00,0.0690,6.2668e-03
1779.490,1.2796544643e-03,1.786592e-02,1.5065932559e+00,0.0690,6.4522e-03
1780.087,1.2796054617e-03,1.785424e-02,1.5065932559e+00,0.0690,6.6138e-03
1780.683,1.2795621592e-03,1.784457e-02,1.5065932559e+00,0.0690,6.7488e-03
1781.280,1.2795261537e-03,1.783669e-02,1.5065932559e+00,0.0690,6.8547e-03
1781.876,1.2794986763e-03,1.783035e-02,1.5065932559e+00,0.0690,6.9298e-03
1782.473,1.2794805453e-03,1.782534e-02,1.5065932559e+00,0.0690,6.9730e-03
1783.069,1.2794721504e-03,1.782151e-02,1.5065932559e+00,0.0690,6.9838e-03
1783.666,1.2794734594e-03,1.781866e-02,1.5065932559e+00,0.0690,6.9625e-03
1784.262,1.2794840556e-03,1.781647e-02,1.5065932559e+00,0.0690,6.9083e-03
1784.859,1.2795032191e-03,1.781509e-02,1.5065932559e+00,0.0690,6.8251e-03
1785.456,1.2795300453e-03,1.781490e-02,1.5065932559e+00,0.0690,6.7192e-03
1786.052,1.2795635734e-03,1.781607e-02,1.5065932559e+00,0.0690,6.5927e-03
1786.649,1.2796028821e-03,1.781881e-02,1.5065932559e+00,0.0690,6.4479e-03
1787.245,1.2796471280e-03,1.782331e-02,1.5065932559e+00,0.0690,6.2862e-03
1787.842,1.2796955270e-03,1.782972e-02,1.5065932559e+00,0.0690,6.1093e-03
1788.438,1.2797473105e-03,1.783814e-02,1.5065932559e+00,0.0690,5.9184e-03
1789.035,1.2798016990e-03,1.784859e-02,1.5065932559e+00,0.0690,5.7143e-03
1789.631,1.2798579290e-03,1.786094e-02,1.5065932559e+00,0.0690,5.4980e-03
1790.228,1.2799153440e-03,1.787500e-02,1.5065932559e+00,0.0690,5.2701e-03
1790.824,1.2799735279e-03,1.789039e-02,1.5065932559e+00,0.0690,5.0314e-03
1791.421,1.2800324364e-03,1.790719e-02,1.5065932559e+00,0.0690,4.7824e-03
1792.017,1.2800924724e-03,1.792508e-02,1.5065932559e+00,0.0690,4.5239e-03
1792.614,1.2801544618e-03,1.794314e-02,1.5065932559e+00,0.0690,4.2564e-03
1793.211,1.2802195170e-03,1.796045e-02,1.5065932559e+00,0.0690,3.9801e-03
1793.807,1.2802888109e-03,1.797628e-02,1.5065932559e+00,0.0690,3.6946e-03
1794.404,1.2803633196e-03,1.799023e-02,1.5065932559e+00,0.0690,3.4003e-03
1795.000,1.2804436047e-03,1.800244e-02,1.5065932559e+00,0.0690,3.0982e-03
1795.597,1.2805296979e-03,1.801313e-02,1.5065932559e+00,0.0690,2.7899e-03
1796.193,1.2806211297e-03,1.802263e-02,1.5065932559e+00,0.0690,2.4775e-03
1796.790,1.2807170910e-03,1.803112e-02,1.5065932559e+00,0.0690,2.1633e-03
1797.386,1.2808166678e-03,1.803869e-02,1.5065932559e+00,0.0690,1.8500e-03
1797.983,1.2809190766e-03,1.804547e-02,1.5065932559e+00,0.0690,1.7685e-03
1798.579,1.2810238369e-03,1.805165e-02,1.5065932559e+00,0.0690,1.9173e-03
1799.176,1.2811308297e-03,1.805747e-02,1.5065932559e+00,0.0690,2.0558e-03
1799.773,1.2812402163e-03,1.806317e-02,1.5065932559e+00,0.0690,2.1838e-03
1800.369,1.2813522217e-03,1.806898e-02,1.5065932559e+00,0.0690,2.3011e-03
1800.966,1.2814668308e-03,1.807514e-02,1.5065932559e+00,0.0690,2.4074e-03
1801.562,1.2815834774e-03,1.808177e-02,1.5065932559e+00,0.0690,2.5035e-03
1802.159,1.2817008058e-03,1.808890e-02,1.5065932559e+00,0.0690,2.5921e-03
1802.755,1.2818165730e-03,1.809659e-02,1.5065932559e+00,0.0690,2.6709e-03
1803.352,1.2819276954e-03,1.810485e-02,1.5065932559e+00,0.0690,2.7383e-03
1803.948,1.2820304373e-03,1.811363e-02,1.5065932559e+00,0.0690,2.7930e-03
1804.545,1.2821207257e-03,1.812291e-02,1.5065932559e+00,0.0690,2.8332e-03
1805.141,1.2821945534e-03,1.813257e-02,1.5065932559e+00,0.0690,2.8595e-03
1805.738,1.2822484117e-03,1.814246e-02,1.5065932559e+00,0.0690,2.8731e-03
1806.335,1.2822796767e-03,1.815238e-02,1.5065932559e+00,0.0690,2.8750e-03
1806.931,1.2822869140e-03,1.816215e-02,1.5065932559e+00,0.0690,2.8662e-03
1807.528,1.2822700811e-03,1.817156e-02,1.5065932559e+00,0.0690,2.8474e-03
1808.124,1.2822304733e-03,1.818042e-02,1.5065932559e+00,0.0690,2.8191e-03
1808.721,1.2821705139e-03,1.818855e-02,1.5065932559e+00,0.0690,2.7817e-03
1809.317,1.2820934974e-03,1.819577e-02,1.5065932559e+00,0.0690,2.7356e-03
1809.914,1.2820033155e-03,1.820192e-02,1.5065932559e+00,0.0690,2.6810e-03
1810.510,1.2819041615e-03,1.820686e-02,1.5065932559e+00,0.0690,2.6180e-03
1811.107,1.2818002001e-03,1.821051e-02,1.5065932559e+00,0.0690,2.5464e-03
1811.703,1.2816952070e-03,1.821277e-02,1.5065932559e+00,0.0690,2.4666e-03
1812.300,1.2815922184e-03,1.821359e-02,1.5065932559e+00,0.0690,2.3791e-03
1812.897,1.2814932495e-03,1.821289e-02,1.5065932559e+00,0.0690,2.2843e-03
1813.493,1.2813991471e-03,1.821066e-02,1.5065932559e+00,0.0690,2.1829e-03
1814.090,1.2813095953e-03,1.820685e-02,1.5065932559e+00,0.0690,2.0755e-03
1814.686,1.2812232670e-03,1.820150e-02,1.5065932559e+00,0.0690,1.9630e-03
1815.283,1.2811380770e-03,1.819442e-02,1.5065932559e+00,0.0690,1.8461e-03
1815.879,1.2810514675e-03,1.818535e-02,1.5065932559e+00,0.0690,1.7258e-03
1816.476,1.2809606721e-03,1.817407e-02,1.5065932559e+00,0.0690,1.6028e-03
1817.072,1.2808629457e-03,1.816101e-02,1.5065932559e+00,0.0690,1.4779e-03
1817.669,1.2807557684e-03,1.814659e-02,1.5065932559e+00,0.0690,1.3513e-03
1818.265,1.2806370372e-03,1.813086e-02,1.5065932559e+00,0.0690,1.2238e-03
1818.862,1.2805052482e-03,1.811381e-02,1.5065932559e+00,0.0690,1.0970e-03
1819.459,1.2803596624e-03,1.809555e-02,1.5065932559e+00,0.0690,9.7104e-04
1820.055,1.2802004433e-03,1.807625e-02,1.5065932559e+00,0.0690,8.4795e-04
1820.652,1.2800287473e-03,1.805532e-02,1.5065932559e+00,0.0690,7.3175e-04
1821.248,1.2798467425e-03,1.803223e-02,1.5065932559e+00,0.0690,6.2294e-04
1821.845,1.2796575279e-03,1.800685e-02,1.5065932559e+00,0.0690,5.4480e-04
1822.441,1.2794649306e-03,1.797941e-02,1.5065932559e+00,0.0690,7.2556e-04
1823.038,1.2792731814e-03,1.795021e-02,1.5065932559e+00,0.0690,9.0787e-04
1823.634,1.2790865017e-03,1.791966e-02,1.5065932559e+00,0.0690,1.0896e-03
1824.231,1.2789086653e-03,1.788818e-02,1.5065932559e+00,0.0690,1.2688e-03
1824.827,1.2787426111e-03,1.785625e-02,1.5065932559e+00,0.0690,1.4438e-03
1825.424,1.2785901731e-03,1.782434e-02,1.5065932559e+00,0.0690,1.6131e-03
1826.020,1.2784519672e-03,1.779293e-02,1.5065932559e+00,0.0690,1.7751e-03
1826.617,1.2783274389e-03,1.776244e-02,1.5065932559e+00,0.0690,1.9286e-03
1827.214,1.2782150543e-03,1.773328e-02,1.5065932559e+00,0.0690,2.0724e-03
1827.810,1.2781125964e-03,1.770577e-02,1.5065932559e+00,0.0690,2.2050e-03
1828.407,1.2780175225e-03,1.768021e-02,1.5065932559e+00,0.0690,2.3254e-03
1829.003,1.2779273331e-03,1.765681e-02,1.5065932559e+00,0.0690,2.4323e-03
1829.600,1.2778399012e-03,1.763571e-02,1.5065932559e+00,0.0690,2.5247e-03
1830.196,1.2777537251e-03,1.761702e-02,1.5065932559e+00,0.0690,2.6015e-03
1830.793,1.2776680782e-03,1.760078e-02,1.5065932559e+00,0.0690,2.6617e-03
1831.389,1.2775830528e-03,1.758698e-02,1.5065932559e+00,0.0690,2.7047e-03
1831.986,1.2774995114e-03,1.757559e-02,1.5065932559e+00,0.0690,2.7297e-03
1832.582,1.2774189685e-03,1.756654e-02,1.5065932559e+00,0.0690,2.7363e-03
1833.179,1.2773434258e-03,1.755979e-02,1.5065932559e+00,0.0690,2.7243e-03
1833.776,1.2772751786e-03,1.755548e-02,1.5065932559e+00,0.0690,2.6938e-03
1834.372,1.2772166055e-03,1.755378e-02,1.5065932559e+00,0.0690,2.6451e-03
1834.969,1.2771699561e-03,1.755443e-02,1.5065932559e+00,0.0690,2.5789e-03
1835.565,1.2771371535e-03,1.755700e-02,1.5065932559e+00,0.0690,2.4958e-03
1836.162,1.2771196385e-03,1.756108e-02,1.5065932559e+00,0.0690,2.3971e-03
1836.758,1.2771182780e-03,1.756624e-02,1.5065932559e+00,0.0690,2.2834e-03
1837.355,1.2771333475e-03,1.757220e-02,1.5065932559e+00,0.0690,2.1555e-03
1837.951,1.2771645794e-03,1.757886e-02,1.5065932559e+00,0.0690,2.0143e-03
1838.548,1.2772112473e-03,1.758623e-02,1.5065932559e+00,0.0690,1.8616e-03
1839.144,1.2772722560e-03,1.759438e-02,1.5065932559e+00,0.0690,1.6996e-03
1839.741,1.2773462141e-03,1.760345e-02,1.5065932559e+00,0.0690,1.5312e-03
1840.338,1.2774314893e-03,1.761385e-02,1.5065932559e+00,0.0690,1.3598e-03
1840.934,1.2775262682e-03,1.762601e-02,1.5065932559e+00,0.0690,1.1892e-03
1841.531,1.2776286470e-03,1.764026e-02,1.5065932559e+00,0.0690,1.1353e-03
1842.127,1.2777367696e-03,1.765686e-02,1.5065932559e+00,0.0690,1.1832e-03
1842.724,1.2778490047e-03,1.767600e-02,1.5065932559e+00,0.0690,1.2210e-03
1843.320,1.2779641152e-03,1.769758e-02,1.5065932559e+00,0.0690,1.2487e-03
1843.917,1.2780813659e-03,1.772143e-02,1.5065932559e+00,0.0690,1.2663e-03
1844.513,1.2782005340e-03,1.774736e-02,1.5065932559e+00,0.0690,1.2742e-03
1845.110,1.2783218181e-03,1.777516e-02,1.5065932559e+00,0.0690,1.2723e-03
1845.706,1.2784456629e-03,1.780463e-02,1.5065932559e+00,0.0690,1.2608e-03
1846.303,1.2785725430e-03,1.783554e-02,1.5065932559e+00,0.0690,1.2397e-03
1846.900,1.2787027592e-03,1.786764e-02,1.5065932559e+00,0.0690,1.2093e-03
1847.496,1.2788363014e-03,1.790064e-02,1.5065932559e+00,0.0690,1.1694e-03
1848.093,1.2789728144e-03,1.793421e-02,1.5065932559e+00,0.0690,1.1204e-03
1848.689,1.2791116713e-03,1.796799e-02,1.5065932559e+00,0.0690,1.0622e-03
1849.286,1.2792521346e-03,1.800158e-02,1.5065932559e+00,0.0690,9.9504e-04
1849.882,1.2793935267e-03,1.803457e-02,1.5065932559e+00,0.0690,9.1902e-04
1850.479,1.2795353525e-03,1.806654e-02,1.5065932559e+00,0.0690,8.3431e-04
1851.075,1.2796773929e-03,1.809706e-02,1.5065932559e+00,0.0690,7.4106e-04
1851.672,1.2798196767e-03,1.812576e-02,1.5065932559e+00,0.0690,6.3948e-04
1852.268,1.2799623371e-03,1.815232e-02,1.5065932559e+00,0.0690,5.3078e-04
1852.865,1.2801054476e-03,1.817629e-02,1.5065932559e+00,0.0690,6.5829e-04
1853.462,1.2802488979e-03,1.819722e-02,1.5065932559e+00,0.0690,8.0041e-04
1854.058,1.2803923105e-03,1.821470e-02,1.5065932559e+00,0.0690,9.5687e-04
1854.655,1.2805349669e-03,1.822919e-02,1.5065932559e+00,0.0690,1.1276e-03
1855.251,1.2806757351e-03,1.824131e-02,1.5065932559e+00,0.0690,1.3131e-03
1855.848,1.2808130372e-03,1.825171e-02,1.5065932559e+00,0.0690,1.5135e-03
1856.444,1.2809449163e-03,1.826072e-02,1.5065932559e+00,0.0690,1.7294e-03
1857.041,1.2810692385e-03,1.826836e-02,1.5065932559e+00,0.0690,1.9609e-03
1857.637,1.2811839973e-03,1.827464e-02,1.5065932559e+00,0.0690,2.2078e-03
1858.234,1.2812876235e-03,1.827898e-02,1.5065932559e+00,0.0690,2.4682e-03
1858.830,1.2813792099e-03,1.828115e-02,1.5065932559e+00,0.0690,2.7385e-03
1859.427,1.2814585933e-03,1.828123e-02,1.5065932559e+00,0.0690,3.0153e-03
1860.023,1.2815262872e-03,1.827940e-02,1.5065932559e+00,0.0690,3.2956e-03
1860.620,1.2815833055e-03,1.827579e-02,1.5065932559e+00,0.0690,3.5768e-03
1861.217,1.2816309332e-03,1.827056e-02,1.5065932559e+00,0.0690,3.8564e-03
1861.813,1.2816704938e-03,1.826383e-02,1.5065932559e+00,0.0690,4.1317e-03
1862.410,1.2817031445e-03,1.825572e-02,1.5065932559e+00,0.0690,4.4005e-03
1863.006,1.2817297243e-03,1.824636e-02,1.5065932559e+00,0.0690,4.6603e-03
1863.603,1.2817506701e-03,1.823589e-02,1.5065932559e+00,0.0690,4.9088e-03
1864.199,1.2817660066e-03,1.822443e-02,1.5065932559e+00,0.0690,5.1437e-03
1864.796,1.2817754168e-03,1.821214e-02,1.5065932559e+00,0.0690,5.3628e-03
1865.392,1.2817783771e-03,1.819918e-02,1.5065932559e+00,0.0690,5.5641e-03
1865.989,1.2817743495e-03,1.818581e-02,1.5065932559e+00,0.0690,5.7471e-03
1866.585,1.2817630256e-03,1.817233e-02,1.5065932559e+00,0.0690,5.9120e-03
1867.182,1.2817443371e-03,1.815891e-02,1.5065932559e+00,0.0690,6.0569e-03
1867.779,1.2817183380e-03,1.814570e-02,1.5065932559e+00,0.0690,6.1795e-03
1868.375,1.2816850969e-03,1.813278e-02,1.5065932559e+00,0.0690,6.2776e-03
1868.972,1.2816446336e-03,1.812021e-02,1.5065932559e+00,0.0690,6.3489e-03
1869.568,1.2815968854e-03,1.810799e-02,1.5065932559e+00,0.0690,6.3915e-03
1870.165,1.2815416897e-03,1.809606e-02,1.5065932559e+00,0.0690,6.4037e-03
1870.761,1.2814787932e-03,1.808435e-02,1.5065932559e+00,0.0690,6.3843e-03
1871.358,1.2814079184e-03,1.807289e-02,1.5065932559e+00,0.0690,6.3351e-03
1871.954,1.2813289053e-03,1.806173e-02,1.5065932559e+00,0.0690,6.2590e-03
1872.551,1.2812419108e-03,1.805084e-02,1.5065932559e+00,0.0690,6.1572e-03
1873.147,1.2811476124e-03,1.804020e-02,1.5065932559e+00,0.0690,6.0306e-03
1873.744,1.2810473498e-03,1.802978e-02,1.5065932559e+00,0.0690,5.8802e-03
1874.341,1.2809431575e-03,1.801956e-02,1.5065932559e+00,0.0690,5.7071e-03
1874.937,1.2808376764e-03,1.800951e-02,1.5065932559e+00,0.0690,5.5119e-03
1875.534,1.2807339576e-03,1.799961e-02,1.5065932559e+00,0.0690,5.2957e-03
1876.130,1.2806351816e-03,1.798981e-02,1.5065932559e+00,0.0690,5.0593e-03
1876.727,1.2805443194e-03,1.798003e-02,1.5065932559e+00,0.0690,4.8038e-03
1877.323,1.2804637726e-03,1.797014e-02,1.5065932559e+00,0.0690,4.5304e-03
1877.920,1.2803950492e-03,1.796045e-02,1.5065932559e+00,0.0690,4.2404e-03
1878.516,1.2803385499e-03,1.795118e-02,1.5065932559e+00,0.0690,3.9355e-03
1879.113,1.2802935311e-03,1.794181e-02,1.5065932559e+00,0.0690,3.6173e-03
1879.709,1.2802582721e-03,1.793172e-02,1.5065932559e+00,0.0690,3.2869e-03
1880.306,1.2802304110e-03,1.792050e-02,1.5065932559e+00,0.0690,2.9449e-03
1880.903,1.2802073640e-03,1.790793e-02,1.5065932559e+00,0.0690,2.5926e-03
1881.499,1.2801867162e-03,1.789438e-02,1.5065932559e+00,0.0690,2.2319e-03
1882.096,1.2801664990e-03,1.788052e-02,1.5065932559e+00,0.0690,1.8655e-03
1882.692,1.2801453147e-03,1.786696e-02,1.5065932559e+00,0.0690,2.0174e-03
1883.289,1.2801223273e-03,1.785396e-02,1.5065932559e+00,0.0690,2.2087e-03
1883.885,1.2800971731e-03,1.784175e-02,1.5065932559e+00,0.0690,2.3895e-03
1884.482,1.2800698534e-03,1.783057e-02,1.5065932559e+00,0.0690,2.5594e-03
1885.078,1.2800406546e-03,1.782065e-02,1.5065932559e+00,0.0690,2.7179e-03
1885.675,1.2800101138e-03,1.781216e-02,1.5065932559e+00,0.0690,2.8671e-03
1886.271,1.2799790205e-03,1.780519e-02,1.5065932559e+00,0.0690,3.0086e-03
1886.868,1.2799484288e-03,1.779999e-02,1.5065932559e+00,0.0690,3.1384e-03
1887.465,1.2799196513e-03,1.779685e-02,1.5065932559e+00,0.0690,3.2520e-03
1888.061,1.2798942119e-03,1.779599e-02,1.5065932559e+00,0.0690,3.3474e-03
1888.658,1.2798737451e-03,1.779746e-02,1.5065932559e+00,0.0690,3.4259e-03
1889.254,1.2798598434e-03,1.780130e-02,1.5065932559e+00,0.0690,3.4886e-03
1889.851,1.2798538640e-03,1.780746e-02,1.5065932559e+00,0.0690,3.5366e-03
1890.447,1.2798567198e-03,1.781585e-02,1.5065932559e+00,0.0690,3.5705e-03
1891.044,1.2798686890e-03,1.782634e-02,1.5065932559e+00,0.0690,3.5909e-03
1891.640,1.2798892915e-03,1.783877e-02,1.5065932559e+00,0.0690,3.5982e-03
1892.237,1.2799172542e-03,1.785294e-02,1.5065932559e+00,0.0690,3.5927e-03
1892.833,1.2799505956e-03,1.786864e-02,1.5065932559e+00,0.0690,3.5748e-03
1893.430,1.2799868226e-03,1.788567e-02,1.5065932559e+00,0.0690,3.5447e-03
1894.026,1.2800231805e-03,1.790382e-02,1.5065932559e+00,0.0690,3.5027e-03
1894.623,1.2800569132e-03,1.792296e-02,1.5065932559e+00,0.0690,3.4474e-03
1895.220,1.2800855119e-03,1.794296e-02,1.5065932559e+00,0.0690,3.3792e-03
1895.816,1.2801069400e-03,1.796364e-02,1.5065932559e+00,0.0690,3.2995e-03
1896.413,1.2801198130e-03,1.798485e-02,1.5065932559e+00,0.0690,3.2099e-03
1897.009,1.2801235067e-03,1.800641e-02,1.5065932559e+00,0.0690,3.1115e-03
1897.606,1.2801181718e-03,1.802816e-02,1.5065932559e+00,0.0690,3.0054e-03
1898.202,1.2801046476e-03,1.804997e-02,1.5065932559e+00,0.0690,2.9063e-03
1898.799,1.2800842905e-03,1.807172e-02,1.5065932559e+00,0.0690,2.8801e-03
1899.395,1.2800587528e-03,1.809315e-02,1.5065932559e+00,0.0690,2.8285e-03
1899.992,1.2800297521e-03,1.811395e-02,1.5065932559e+00,0.0690,2.7486e-03
1900.588,1.2799988679e-03,1.813378e-02,1.5065932559e+00,0.0690,2.6396e-03
1901.185,1.2799673878e-03,1.815229e-02,1.5065932559e+00,0.0690,2.5020e-03
1901.782,1.2799362042e-03,1.816916e-02,1.5065932559e+00,0.0690,2.3380e-03
1902.378,1.2799057514e-03,1.818413e-02,1.5065932559e+00,0.0690,2.1501e-03
1902.975,1.2798759662e-03,1.819681e-02,1.5065932559e+00,0.0690,1.9418e-03
1903.571,1.2798462623e-03,1.820683e-02,1.5065932559e+00,0.0690,1.7313e-03
1904.168,1.2798155232e-03,1.821408e-02,1.5065932559e+00,0.0690,1.5678e-03
1904.764,1.2797821316e-03,1.821906e-02,1.5065932559e+00,0.0690,1.4028e-03
1905.361,1.2797440691e-03,1.822218e-02,1.5065932559e+00,0.0690,1.2354e-03
1905.957,1.2796991007e-03,1.822377e-02,1.5065932559e+00,0.0690,1.0640e-03
1906.554,1.2796450397e-03,1.822409e-02,1.5065932559e+00,0.0690,8.8701e-04
1907.150,1.2795800621e-03,1.822319e-02,1.5065932559e+00,0.0690,7.0645e-04
1907.747,1.2795030160e-03,1.822106e-02,1.5065932559e+00,0.0690,5.2200e-04
1908.344,1.2794136605e-03,1.821743e-02,1.5065932559e+00,0.0690,3.4013e-04
1908.940,1.2793127701e-03,1.821217e-02,1.5065932559e+00,0.0690,5.7411e-04
1909.537,1.2792020861e-03,1.820502e-02,1.5065932559e+00,0.0690,8.2827e-04
1910.133,1.2790841242e-03,1.819553e-02,1.5065932559e+00,0.0690,1.0858e-03
1910.730,1.2789618782e-03,1.818332e-02,1.5065932559e+00,0.0690,1.3442e-03
1911.326,1.2788384740e-03,1.816829e-02,1.5065932559e+00,0.0690,1.6017e-03
1911.923,1.2787168413e-03,1.815061e-02,1.5065932559e+00,0.0690,1.8566e-03
1912.519,1.2785994546e-03,1.813047e-02,1.5065932559e+00,0.0690,2.1077e-03
1913.116,1.2784881712e-03,1.810808e-02,1.5065932559e+00,0.0690,2.3539e-03
1913.712,1.2783841723e-03,1.808368e-02,1.5065932559e+00,0.0690,2.5944e-03
1914.309,1.2782879933e-03,1.805752e-02,1.5065932559e+00,0.0690,2.8284e-03
1914.906,1.2781996315e-03,1.802983e-02,1.5065932559e+00,0.0690,3.0552e-03
1915.502,1.2781187103e-03,1.800088e-02,1.5065932559e+00,0.0690,3.2739e-03
1916.099,1.2780446781e-03,1.797093e-02,1.5065932559e+00,0.0690,3.4840e-03
1916.695,1.2779770062e-03,1.794026e-02,1.5065932559e+00,0.0690,3.6847e-03
1917.292,1.2779153504e-03,1.790913e-02,1.5065932559e+00,0.0690,3.8752e-03
1917.888,1.2778596451e-03,1.787785e-02,1.5065932559e+00,0.0690,4.0548e-03
1918.485,1.2778101250e-03,1.784669e-02,1.5065932559e+00,0.0690,4.2228e-03
1919.081,1.2777672907e-03,1.781594e-02,1.5065932559e+00,0.0690,4.3785e-03
1919.678,1.2777318476e-03,1.778590e-02,1.5065932559e+00,0.0690,4.5212e-03
1920.274,1.2777046411e-03,1.775687e-02,1.5065932559e+00,0.0690,4.6503e-03
1920.871,1.2776865954e-03,1.772913e-02,1.5065932559e+00,0.0690,4.7652e-03
1921.467,1.2776786465e-03,1.770298e-02,1.5065932559e+00,0.0690,4.8655e-03
1922.064,1.2776816627e-03,1.767869e-02,1.5065932559e+00,0.0690,4.9508e-03
1922.661,1.2776963558e-03,1.765652e-02,1.5065932559e+00,0.0690,5.0205e-03
1923.257,1.2777232014e-03,1.763672e-02,1.5065932559e+00,0.0690,5.0743e-03
1923.854,1.2777623911e-03,1.761950e-02,1.5065932559e+00,0.0690,5.1119e-03
1924.450,1.2778138294e-03,1.760502e-02,1.5065932559e+00,0.0690,5.1330e-03
1925.047,1.2778771669e-03,1.759342e-02,1.5065932559e+00,0.0690,5.1373e-03
1925.643,1.2779518492e-03,1.758478e-02,1.5065932559e+00,0.0690,5.1246e-03
1926.240,1.2780371566e-03,1.757914e-02,1.5065932559e+00,0.0690,5.0946e-03
1926.836,1.2781322167e-03,1.757648e-02,1.5065932559e+00,0.0690,5.0474e-03
1927.433,1.2782360031e-03,1.757674e-02,1.5065932559e+00,0.0690,4.9828e-03
1928.029,1.2783473383e-03,1.757981e-02,1.5065932559e+00,0.0690,4.9010e-03
1928.626,1.2784649063e-03,1.758566e-02,1.5065932559e+00,0.0690,4.8024e-03
1929.223,1.2785873085e-03,1.759448e-02,1.5065932559e+00,0.0690,4.6874e-03
1929.819,1.2787131699e-03,1.760617e-02,1.5065932559e+00,0.0690,4.5569e-03
1930.416,1.2788412875e-03,1.762018e-02,1.5065932559e+00,0.0690,4.4116e-03
1931.012,1.2789708317e-03,1.763605e-02,1.5065932559e+00,0.0690,4.2528e-03
1931.609,1.2791014876e-03,1.765327e-02,1.5065932559e+00,0.0690,4.0812e-03
1932.205,1.2792334785e-03,1.767150e-02,1.5065932559e+00,0.0690,3.8972e-03
1932.802,1.2793674834e-03,1.769063e-02,1.5065932559e+00,0.0690,3.7021e-03
1933.398,1.2795044800e-03,1.771069e-02,1.5065932559e+00,0.0690,3.4975e-03
1933.995,1.2796455300e-03,1.773175e-02,1.5065932559e+00,0.0690,3.2857e-03
1934.591,1.2797915279e-03,1.775394e-02,1.5065932559e+00,0.0690,3.0694e-03
1935.188,1.2799429541e-03,1.777767e-02,1.5065932559e+00,0.0690,2.8517e-03
1935.785,1.2800996972e-03,1.780334e-02,1.5065932559e+00,0.0690,2.6358e-03
1936.381,1.2802610082e-03,1.783128e-02,1.5065932559e+00,0.0690,2.4249e-03
1936.978,1.2804256145e-03,1.786156e-02,1.5065932559e+00,0.0690,2.2220e-03
1937.574,1.2805919614e-03,1.789396e-02,1.5065932559e+00,0.0690,2.0296e-03
1938.171,1.2807584984e-03,1.792815e-02,1.5065932559e+00,0.0690,1.8499e-03
1938.767,1.2809239277e-03,1.796378e-02,1.5065932559e+00,0.0690,1.6843e-03
1939.364,1.2810873486e-03,1.800044e-02,1.5065932559e+00,0.0690,1.5338e-03
1939.960,1.2812482638e-03,1.803770e-02,1.5065932559e+00,0.0690,1.3990e-03
1940.557,1.2814064628e-03,1.807510e-02,1.5065932559e+00,0.0690,1.2799e-03
1941.153,1.2815618216e-03,1.811221e-02,1.5065932559e+00,0.0690,1.1767e-03
1941.750,1.2817140663e-03,1.814860e-02,1.5065932559e+00,0.0690,1.0889e-03
1942.347,1.2818625514e-03,1.818389e-02,1.5065932559e+00,0.0690,1.0952e-03
1942.943,1.2820060972e-03,1.821772e-02,1.5065932559e+00,0.0690,1.0969e-03
1943.540,1.2821429211e-03,1.824980e-02,1.5065932559e+00,0.0690,1.0906e-03
1944.136,1.2822706868e-03,1.827993e-02,1.5065932559e+00,0.0690,1.0763e-03
1944.733,1.2823866706e-03,1.830791e-02,1.5065932559e+00,0.0690,1.0542e-03
1945.329,1.2824880141e-03,1.833365e-02,1.5065932559e+00,0.0690,1.0243e-03
1945.926,1.2825720203e-03,1.835707e-02,1.5065932559e+00,0.0690,9.8718e-04
1946.522,1.2826364475e-03,1.837812e-02,1.5065932559e+00,0.0690,9.4320e-04
1947.119,1.2826797683e-03,1.839678e-02,1.5065932559e+00,0.0690,9.5081e-04
1947.715,1.2827013643e-03,1.841300e-02,1.5065932559e+00,0.0690,1.0037e-03
1948.312,1.2827016186e-03,1.842662e-02,1.5065932559e+00,0.0690,1.0690e-03
1948.909,1.2826819144e-03,1.843746e-02,1.5065932559e+00,0.0690,1.1461e-03
1949.505,1.2826445295e-03,1.844526e-02,1.5065932559e+00,0.0690,1.2339e-03
1950.102,1.2825924267e-03,1.845001e-02,1.5065932559e+00,0.0690,1.3314e-03
1950.698,1.2825289558e-03,1.845188e-02,1.5065932559e+00,0.0690,1.4374e-03
1951.295,1.2824575074e-03,1.845077e-02,1.5065932559e+00,0.0690,1.5507e-03
1951.891,1.2823811896e-03,1.844666e-02,1.5065932559e+00,0.0690,1.6703e-03
1952.488,1.2823025878e-03,1.843956e-02,1.5065932559e+00,0.0690,1.7939e-03
1953.084,1.2822236068e-03,1.842938e-02,1.5065932559e+00,0.0690,1.9192e-03
1953.681,1.2821455201e-03,1.841612e-02,1.5065932559e+00,0.0690,2.0440e-03
1954.277,1.2820690452e-03,1.839930e-02,1.5065932559e+00,0.0690,2.1663e-03
1954.874,1.2819941875e-03,1.837846e-02,1.5065932559e+00,0.0690,2.2846e-03
1955.470,1.2819201832e-03,1.835368e-02,1.5065932559e+00,0.0690,2.3975e-03
1956.067,1.2818456388e-03,1.832521e-02,1.5065932559e+00,0.0690,2.5039e-03
1956.664,1.2817687892e-03,1.829339e-02,1.5065932559e+00,0.0690,2.6028e-03
1957.260,1.2816877484e-03,1.825867e-02,1.5065932559e+00,0.0690,2.6937e-03
1957.857,1.2816006773e-03,1.822154e-02,1.5065932559e+00,0.0690,2.7759e-03
1958.453,1.2815058752e-03,1.818251e-02,1.5065932559e+00,0.0690,2.8490e-03
1959.050,1.2814018738e-03,1.814207e-02,1.5065932559e+00,0.0690,2.9125e-03
1959.646,1.2812876046e-03,1.810071e-02,1.5065932559e+00,0.0690,2.9659e-03
1960.243,1.2811626330e-03,1.805883e-02,1.5065932559e+00,0.0690,3.0086e-03
1960.839,1.2810273755e-03,1.801682e-02,1.5065932559e+00,0.0690,3.0400e-03
1961.436,1.2808831794e-03,1.797497e-02,1.5065932559e+00,0.0690,3.0595e-03
1962.032,1.2807321976e-03,1.793357e-02,1.5065932559e+00,0.0690,3.0663e-03
1962.629,1.2805770770e-03,1.789284e-02,1.5065932559e+00,0.0690,3.0597e-03
1963.226,1.2804205557e-03,1.785298e-02,1.5065932559e+00,0.0690,3.0387e-03
1963.822,1.2802650853e-03,1.781418e-02,1.5065932559e+00,0.0690,3.0028e-03
1964.419,1.2801125659e-03,1.777664e-02,1.5065932559e+00,0.0690,2.9511e-03
1965.015,1.2799642241e-03,1.774055e-02,1.5065932559e+00,0.0690,2.8831e-03
1965.612,1.2798206245e-03,1.770611e-02,1.5065932559e+00,0.0690,2.7983e-03
1966.208,1.2796817836e-03,1.767356e-02,1.5065932559e+00,0.0690,2.6964e-03
1966.805,1.2795473534e-03,1.764312e-02,1.5065932559e+00,0.0690,2.5775e-03
1967.401,1.2794168423e-03,1.761507e-02,1.5065932559e+00,0.0690,2.4416e-03
1967.998,1.2792898380e-03,1.759001e-02,1.5065932559e+00,0.0690,2.2892e-03
1968.594,1.2791661923e-03,1.756833e-02,1.5065932559e+00,0.0690,2.1210e-03
1969.191,1.2790461356e-03,1.754979e-02,1.5065932559e+00,0.0690,1.9378e-03
1969.788,1.2789303044e-03,1.753418e-02,1.5065932559e+00,0.0690,1.7405e-03
1970.384,1.2788196882e-03,1.752121e-02,1.5065932559e+00,0.0690,1.5299e-03
1970.981,1.2787155170e-03,1.751063e-02,1.5065932559e+00,0.0690,1.6750e-03
1971.577,1.2786191134e-03,1.750248e-02,1.5065932559e+00,0.0690,1.8249e-03
1972.174,1.2785317309e-03,1.749717e-02,1.5065932559e+00,0.0690,1.9731e-03
1972.770,1.2784543922e-03,1.749502e-02,1.5065932559e+00,0.0690,2.1175e-03
1973.367,1.2783877454e-03,1.749631e-02,1.5065932559e+00,0.0690,2.2563e-03
1973.963,1.2783319603e-03,1.750102e-02,1.5065932559e+00,0.0690,2.3880e-03
1974.560,1.2782866905e-03,1.750892e-02,1.5065932559e+00,0.0690,2.5132e-03
1975.156,1.2782511197e-03,1.751989e-02,1.5065932559e+00,0.0690,2.6311e-03
1975.753,1.2782240913e-03,1.753382e-02,1.5065932559e+00,0.0690,2.7380e-03
1976.350,1.2782042948e-03,1.755069e-02,1.5065932559e+00,0.0690,2.8305e-03
1976.946,1.2781904636e-03,1.757049e-02,1.5065932559e+00,0.0690,2.9054e-03
1977.543,1.2781815357e-03,1.759313e-02,1.5065932559e+00,0.0690,2.9633e-03
1978.139,1.2781767425e-03,1.761850e-02,1.5065932559e+00,0.0690,3.0047e-03
1978.736,1.2781756152e-03,1.764644e-02,1.5065932559e+00,0.0690,3.0304e-03
1979.332,1.2781779230e-03,1.767678e-02,1.5065932559e+00,0.0690,3.0409e-03
1979.929,1.2781835771e-03,1.770928e-02,1.5065932559e+00,0.0690,3.0368e-03
1980.525,1.2781925352e-03,1.774367e-02,1.5065932559e+00,0.0690,3.0184e-03
1981.122,1.2782047445e-03,1.777967e-02,1.5065932559e+00,0.0690,2.9864e-03
1981.718,1.2782201414e-03,1.781692e-02,1.5065932559e+00,0.0690,2.9411e-03
1982.315,1.2782387114e-03,1.785512e-02,1.5065932559e+00,0.0690,2.8831e-03
1982.912,1.2782605854e-03,1.789397e-02,1.5065932559e+00,0.0690,2.8109e-03
1983.508,1.2782861309e-03,1.793318e-02,1.5065932559e+00,0.0690,2.7257e-03
1984.105,1.2783159923e-03,1.797238e-02,1.5065932559e+00,0.0690,2.6291e-03
1984.701,1.2783510442e-03,1.801124e-02,1.5065932559e+00,0.0690,2.5226e-03
1985.298,1.2783922576e-03,1.804943e-02,1.5065932559e+00,0.0690,2.4077e-03
1985.894,1.2784405088e-03,1.808662e-02,1.5065932559e+00,0.0690,2.3413e-03
1986.491,1.2784963814e-03,1.812247e-02,1.5065932559e+00,0.0690,2.3010e-03
1987.087,1.2785600108e-03,1.815658e-02,1.5065932559e+00,0.0690,2.2333e-03
1987.684,1.2786309964e-03,1.818867e-02,1.5065932559e+00,0.0690,2.1359e-03
1988.280,1.2787083854e-03,1.821836e-02,1.5065932559e+00,0.0690,2.0080e-03
1988.877,1.2787907131e-03,1.824529e-02,1.5065932559e+00,0.0690,1.8501e-03
1989.473,1.2788760905e-03,1.826913e-02,1.5065932559e+00,0.0690,1.6641e-03
1990.070,1.2789623405e-03,1.828962e-02,1.5065932559e+00,0.0690,1.4524e-03
1990.667,1.2790471897e-03,1.830654e-02,1.5065932559e+00,0.0690,1.2178e-03
1991.263,1.2791285107e-03,1.831952e-02,1.5065932559e+00,0.0690,9.9518e-04
1991.860,1.2792045855e-03,1.832826e-02,1.5065932559e+00,0.0690,8.0866e-04
1992.456,1.2792743318e-03,1.833317e-02,1.5065932559e+00,0.0690,6.1909e-04
1993.053,1.2793374255e-03,1.833490e-02,1.5065932559e+00,0.0690,4.2307e-04
1993.649,1.2793942741e-03,1.833402e-02,1.5065932559e+00,0.0690,2.1950e-04
1994.246,1.2794458420e-03,1.833073e-02,1.5065932559e+00,0.0690,4.5295e-04
1994.842,1.2794933504e-03,1.832523e-02,1.5065932559e+00,0.0690,7.4797e-04
1995.439,1.2795379740e-03,1.831746e-02,1.5065932559e+00,0.0690,1.0526e-03
1996.035,1.2795805982e-03,1.830715e-02,1.5065932559e+00,0.0690,1.3667e-03
1996.632,1.2796216679e-03,1.829382e-02,1.5065932559e+00,0.0690,1.6892e-03
1997.229,1.2796611679e-03,1.827711e-02,1.5065932559e+00,0.0690,2.0174e-03
1997.825,1.2796987333e-03,1.825717e-02,1.5065932559e+00,0.0690,2.3484e-03
1998.422,1.2797338327e-03,1.823434e-02,1.5065932559e+00,0.0690,2.6802e-03
1999.018,1.2797659385e-03,1.820899e-02,1.5065932559e+00,0.0690,3.0106e-03
1999.615,1.2797946212e-03,1.818153e-02,1.5065932559e+00,0.0690,3.3381e-03
2000.211,1.2798195520e-03,1.815240e-02,1.5065932559e+00,0.0690,3.6611e-03
2000.808,1.2798404473e-03,1.812206e-02,1.5065932559e+00,0.0690,3.9781e-03
2001.404,1.2798570049e-03,1.809098e-02,1.5065932559e+00,0.0690,4.2876e-03
2002.001,1.2798688720e-03,1.805964e-02,1.5065932559e+00,0.0690,4.5880e-03
2002.597,1.2798756608e-03,1.802860e-02,1.5065932559e+00,0.0690,4.8791e-03
2003.194,1.2798770042e-03,1.799862e-02,1.5065932559e+00,0.0690,5.1636e-03
2003.791,1.2798726377e-03,1.797020e-02,1.5065932559e+00,0.0690,5.4404e-03
2004.387,1.2798624928e-03,1.794351e-02,1.5065932559e+00,0.0690,5.7067e-03
2004.984,1.2798467894e-03,1.791886e-02,1.5065932559e+00,0.0690,5.9588e-03
2005.580,1.2798261139e-03,1.789646e-02,1.5065932559e+00,0.0690,6.1928e-03
2006.177,1.2798014606e-03,1.787646e-02,1.5065932559e+00,0.0690,6.4052e-03
2006.773,1.2797742164e-03,1.785891e-02,1.5065932559e+00,0.0690,6.5927e-03
2007.370,1.2797460827e-03,1.784376e-02,1.5065932559e+00,0.0690,6.7524e-03
2007.966,1.2797189412e-03,1.783091e-02,1.5065932559e+00,0.0690,6.8818e-03
2008.563,1.2796946922e-03,1.782022e-02,1.5065932559e+00,0.0690,6.9792e-03
2009.159,1.2796750919e-03,1.781151e-02,1.5065932559e+00,0.0690,7.0432e-03
2009.756,1.2796616143e-03,1.780460e-02,1.5065932559e+00,0.0690,7.0730e-03
2010.353,1.2796553471e-03,1.779932e-02,1.5065932559e+00,0.0690,7.0687e-03
2010.949,1.2796569315e-03,1.779552e-02,1.5065932559e+00,0.0690,7.0305e-03
2011.546,1.2796665526e-03,1.779281e-02,1.5065932559e+00,0.0690,6.9588e-03
2012.142,1.2796839872e-03,1.779106e-02,1.5065932559e+00,0.0690,6.8547e-03
2012.739,1.2797087067e-03,1.779065e-02,1.5065932559e+00,0.0690,6.7264e-03
2013.335,1.2797400133e-03,1.779174e-02,1.5065932559e+00,0.0690,6.5770e-03
2013.932,1.2797771678e-03,1.779448e-02,1.5065932559e+00,0.0690,6.4086e-03
2014.528,1.2798194645e-03,1.779906e-02,1.5065932559e+00,0.0690,6.2232e-03
2015.125,1.2798662259e-03,1.780564e-02,1.5065932559e+00,0.0690,6.0224e-03
2015.721,1.2799167379e-03,1.781438e-02,1.5065932559e+00,0.0690,5.8076e-03
2016.318,1.2799701742e-03,1.782534e-02,1.5065932559e+00,0.0690,5.5803e-03
2016.915,1.2800255715e-03,1.783853e-02,1.5065932559e+00,0.0690,5.3417e-03
2017.511,1.2800818953e-03,1.785376e-02,1.5065932559e+00,0.0690,5.0928e-03
2018.108,1.2801381949e-03,1.787114e-02,1.5065932559e+00,0.0690,4.8348e-03
2018.704,1.2801938055e-03,1.789068e-02,1.5065932559e+00,0.0690,4.5690e-03
2019.301,1.2802485211e-03,1.791154e-02,1.5065932559e+00,0.0690,4.2958e-03
2019.897,1.2803026676e-03,1.793276e-02,1.5065932559e+00,0.0690,4.0150e-03
2020.494,1.2803570354e-03,1.795350e-02,1.5065932559e+00,0.0690,3.7273e-03
2021.090,1.2804126843e-03,1.797352e-02,1.5065932559e+00,0.0690,3.4333e-03
2021.687,1.2804706806e-03,1.799293e-02,1.5065932559e+00,0.0690,3.1343e-03
2022.283,1.2805318514e-03,1.801184e-02,1.5065932559e+00,0.0690,2.8317e-03
2022.880,1.2805966333e-03,1.803007e-02,1.5065932559e+00,0.0690,2.5274e-03
2023.476,1.2806650540e-03,1.804742e-02,1.5065932559e+00,0.0690,2.2234e-03
2024.073,1.2807368439e-03,1.806373e-02,1.5065932559e+00,0.0690,1.9218e-03
2024.670,1.2808116377e-03,1.807893e-02,1.5065932559e+00,0.0690,1.6470e-03
2025.266,1.2808891889e-03,1.809297e-02,1.5065932559e+00,0.0690,1.7909e-03
2025.863,1.2809695243e-03,1.810585e-02,1.5065932559e+00,0.0690,1.9249e-03
2026.459,1.2810529942e-03,1.811761e-02,1.5065932559e+00,0.0690,2.0484e-03
2027.056,1.2811402043e-03,1.812831e-02,1.5065932559e+00,0.0690,2.1609e-03
2027.652,1.2812318386e-03,1.813803e-02,1.5065932559e+00,0.0690,2.2619e-03
2028.249,1.2813283987e-03,1.814689e-02,1.5065932559e+00,0.0690,2.3509e-03
2028.845,1.2814299105e-03,1.815492e-02,1.5065932559e+00,0.0690,2.4293e-03
2029.442,1.2815356653e-03,1.816213e-02,1.5065932559e+00,0.0690,2.4984e-03
2030.038,1.2816440635e-03,1.816861e-02,1.5065932559e+00,0.0690,2.5559e-03
2030.635,1.2817525814e-03,1.817444e-02,1.5065932559e+00,0.0690,2.6005e-03
2031.232,1.2818578659e-03,1.817969e-02,1.5065932559e+00,0.0690,2.6315e-03
2031.828,1.2819559645e-03,1.818448e-02,1.5065932559e+00,0.0690,2.6478e-03
2032.425,1.2820426775e-03,1.818883e-02,1.5065932559e+00,0.0690,2.6504e-03
2033.021,1.2821139770e-03,1.819276e-02,1.5065932559e+00,0.0690,2.6410e-03
2033.618,1.2821664196e-03,1.819625e-02,1.5065932559e+00,0.0690,2.6210e-03
2034.214,1.2821974811e-03,1.819927e-02,1.5065932559e+00,0.0690,2.5918e-03
2034.811,1.2822057768e-03,1.820177e-02,1.5065932559e+00,0.0690,2.5546e-03
2035.407,1.2821911454e-03,1.820367e-02,1.5065932559e+00,0.0690,2.5107e-03
2036.004,1.2821546565e-03,1.820487e-02,1.5065932559e+00,0.0690,2.4610e-03
2036.600,1.2820985869e-03,1.820527e-02,1.5065932559e+00,0.0690,2.4065e-03
2037.197,1.2820261677e-03,1.820472e-02,1.5065932559e+00,0.0690,2.3477e-03
2037.794,1.2819412177e-03,1.820310e-02,1.5065932559e+00,0.0690,2.2852e-03
2038.390,1.2818477693e-03,1.820029e-02,1.5065932559e+00,0.0690,2.2196e-03
2038.987,1.2817497181e-03,1.819617e-02,1.5065932559e+00,0.0690,2.1509e-03
2039.583,1.2816504937e-03,1.819068e-02,1.5065932559e+00,0.0690,2.0796e-03
2040.180,1.2815527617e-03,1.818374e-02,1.5065932559e+00,0.0690,2.0057e-03
2040.776,1.2814581918e-03,1.817539e-02,1.5065932559e+00,0.0690,1.9293e-03
2041.373,1.2813673395e-03,1.816556e-02,1.5065932559e+00,0.0690,1.8507e-03
2041.969,1.2812796743e-03,1.815411e-02,1.5065932559e+00,0.0690,1.7699e-03
2042.566,1.2811937541e-03,1.814091e-02,1.5065932559e+00,0.0690,1.6871e-03
2043.162,1.2811074840e-03,1.812628e-02,1.5065932559e+00,0.0690,1.6024e-03
2043.759,1.2810183789e-03,1.811081e-02,1.5065932559e+00,0.0690,1.5156e-03
2044.356,1.2809237884e-03,1.809482e-02,1.5065932559e+00,0.0690,1.4264e-03
2044.952,1.2808210953e-03,1.807846e-02,1.5065932559e+00,0.0690,1.3344e-03
2045.549,1.2807079238e-03,1.806184e-02,1.5065932559e+00,0.0690,1.2414e-03
2046.145,1.2805823811e-03,1.804504e-02,1.5065932559e+00,0.0690,1.1491e-03
2046.742,1.2804433172e-03,1.802808e-02,1.5065932559e+00,0.0690,1.0595e-03
2047.338,1.2802905537e-03,1.801092e-02,1.5065932559e+00,0.0690,9.7500e-04
2047.935,1.2801250227e-03,1.799356e-02,1.5065932559e+00,0.0690,8.9657e-04
2048.531,1.2799487706e-03,1.797578e-02,1.5065932559e+00,0.0690,8.2336e-04
2049.128,1.2797648157e-03,1.795725e-02,1.5065932559e+00,0.0690,7.5446e-04
2049.724,1.2795768765e-03,1.793774e-02,1.5065932559e+00,0.0690,6.8923e-04
2050.321,1.2793890084e-03,1.791715e-02,1.5065932559e+00,0.0690,7.5708e-04
2050.917,1.2792052017e-03,1.789560e-02,1.5065932559e+00,0.0690,8.8325e-04
2051.514,1.2790289906e-03,1.787337e-02,1.5065932559e+00,0.0690,1.0073e-03
2052.111,1.2788631250e-03,1.785079e-02,1.5065932559e+00,0.0690,1.1281e-03
2052.707,1.2787093457e-03,1.782819e-02,1.5065932559e+00,0.0690,1.2448e-03
2053.304,1.2785682895e-03,1.780589e-02,1.5065932559e+00,0.0690,1.3568e-03
2053.900,1.2784395345e-03,1.778419e-02,1.5065932559e+00,0.0690,1.4634e-03
2054.497,1.2783217724e-03,1.776338e-02,1.5065932559e+00,0.0690,1.5639e-03
2055.093,1.2782130762e-03,1.774371e-02,1.5065932559e+00,0.0690,1.6580e-03
2055.690,1.2781112196e-03,1.772537e-02,1.5065932559e+00,0.0690,1.7449e-03
2056.286,1.2780140004e-03,1.770854e-02,1.5065932559e+00,0.0690,1.8241e-03
2056.883,1.2779195295e-03,1.769334e-02,1.5065932559e+00,0.0690,1.8950e-03
2057.479,1.2778264589e-03,1.767986e-02,1.5065932559e+00,0.0690,1.9571e-03
2058.076,1.2777341367e-03,1.766813e-02,1.5065932559e+00,0.0690,2.0097e-03
2058.673,1.2776426820e-03,1.765816e-02,1.5065932559e+00,0.0690,2.0523e-03
2059.269,1.2775529781e-03,1.765000e-02,1.5065932559e+00,0.0690,2.0843e-03
2059.866,1.2774665840e-03,1.764375e-02,1.5065932559e+00,0.0690,2.1055e-03
2060.462,1.2773855731e-03,1.763951e-02,1.5065932559e+00,0.0690,2.1155e-03
2061.059,1.2773123211e-03,1.763730e-02,1.5065932559e+00,0.0690,2.1141e-03
2061.655,1.2772492727e-03,1.763687e-02,1.5065932559e+00,0.0690,2.1011e-03
2062.252,1.2771987242e-03,1.763786e-02,1.5065932559e+00,0.0690,2.0766e-03
2062.848,1.2771626439e-03,1.763996e-02,1.5065932559e+00,0.0690,2.0407e-03
2063.445,1.2771425437e-03,1.764289e-02,1.5065932559e+00,0.0690,1.9937e-03
2064.041,1.2771393950e-03,1.764644e-02,1.5065932559e+00,0.0690,1.9354e-03
2064.638,1.2771535818e-03,1.765042e-02,1.5065932559e+00,0.0690,1.8662e-03
2065.235,1.2771848854e-03,1.765480e-02,1.5065932559e+00,0.0690,1.7870e-03
2065.831,1.2772325044e-03,1.765965e-02,1.5065932559e+00,0.0690,1.6989e-03
2066.428,1.2772951168e-03,1.766504e-02,1.5065932559e+00,0.0690,1.6034e-03
2067.024,1.2773709874e-03,1.767107e-02,1.5065932559e+00,0.0690,1.5023e-03
2067.621,1.2774581150e-03,1.767787e-02,1.5065932559e+00,0.0690,1.3976e-03
2068.217,1.2775544007e-03,1.768556e-02,1.5065932559e+00,0.0690,1.2914e-03
2068.814,1.2776578244e-03,1.769433e-02,1.5065932559e+00,0.0690,1.1861e-03
2069.410,1.2777666030e-03,1.770440e-02,1.5065932559e+00,0.0690,1.0842e-03
2070.007,1.2778793000e-03,1.771610e-02,1.5065932559e+00,0.0690,9.8795e-04
2070.603,1.2779948837e-03,1.772969e-02,1.5065932559e+00,0.0690,9.5684e-04
2071.200,1.2781127458e-03,1.774537e-02,1.5065932559e+00,0.0690,9.6269e-04
2071.797,1.2782326753e-03,1.776328e-02,1.5065932559e+00,0.0690,9.6124e-04
2072.393,1.2783547807e-03,1.778342e-02,1.5065932559e+00,0.0690,9.5272e-04
2072.990,1.2784793597e-03,1.780557e-02,1.5065932559e+00,0.0690,9.3743e-04
2073.586,1.2786067320e-03,1.782945e-02,1.5065932559e+00,0.0690,9.1571e-04
2074.183,1.2787370746e-03,1.785479e-02,1.5065932559e+00,0.0690,8.8785e-04
2074.779,1.2788703034e-03,1.788131e-02,1.5065932559e+00,0.0690,8.5407e-04
2075.376,1.2790060388e-03,1.790873e-02,1.5065932559e+00,0.0690,8.1453e-04
2075.972,1.2791436631e-03,1.793675e-02,1.5065932559e+00,0.0690,7.6934e-04
2076.569,1.2792824473e-03,1.796506e-02,1.5065932559e+00,0.0690,7.1851e-04
2077.165,1.2794217052e-03,1.799335e-02,1.5065932559e+00,0.0690,6.9719e-04
2077.762,1.2795609273e-03,1.802128e-02,1.5065932559e+00,0.0690,7.5132e-04
2078.359,1.2796998735e-03,1.804851e-02,1.5065932559e+00,0.0690,8.1615e-04
2078.955,1.2798385542e-03,1.807474e-02,1.5065932559e+00,0.0690,8.9136e-04
2079.552,1.2799771838e-03,1.809961e-02,1.5065932559e+00,0.0690,9.7675e-04
2080.148,1.2801160830e-03,1.812266e-02,1.5065932559e+00,0.0690,1.0722e-03
2080.745,1.2802554842e-03,1.814349e-02,1.5065932559e+00,0.0690,1.1776e-03
2081.341,1.2803953055e-03,1.816174e-02,1.5065932559e+00,0.0690,1.2931e-03
2081.938,1.2805349815e-03,1.817763e-02,1.5065932559e+00,0.0690,1.4187e-03
2082.534,1.2806733918e-03,1.819165e-02,1.5065932559e+00,0.0690,1.5550e-03
2083.131,1.2808088843e-03,1.820421e-02,1.5065932559e+00,0.0690,1.7027e-03
2083.727,1.2809393781e-03,1.821572e-02,1.5065932559e+00,0.0690,1.8627e-03
2084.324,1.2810625359e-03,1.822637e-02,1.5065932559e+00,0.0690,2.0356e-03
2084.920,1.2811760035e-03,1.823607e-02,1.5065932559e+00,0.0690,2.2222e-03
2085.517,1.2812776990e-03,1.824487e-02,1.5065932559e+00,0.0690,2.4224e-03
2086.114,1.2813660982e-03,1.825229e-02,1.5065932559e+00,0.0690,2.6355e-03
2086.710,1.2814404395e-03,1.825797e-02,1.5065932559e+00,0.0690,2.8590e-03
2087.307,1.2815007802e-03,1.826180e-02,1.5065932559e+00,0.0690,3.0898e-03
2087.903,1.2815478820e-03,1.826390e-02,1.5065932559e+00,0.0690,3.3250e-03
2088.500,1.2815829747e-03,1.826437e-02,1.5065932559e+00,0.0690,3.5623e-03
2089.096,1.2816074902e-03,1.826332e-02,1.5065932559e+00,0.0690,3.7993e-03
2089.693,1.2816228560e-03,1.826080e-02,1.5065932559e+00,0.0690,4.0340e-03
2090.289,1.2816303817e-03,1.825688e-02,1.5065932559e+00,0.0690,4.2642e-03
2090.886,1.2816312509e-03,1.825161e-02,1.5065932559e+00,0.0690,4.4878e-03
2091.482,1.2816265596e-03,1.824508e-02,1.5065932559e+00,0.0690,4.7028e-03
2092.079,1.2816173300e-03,1.823738e-02,1.5065932559e+00,0.0690,4.9071e-03
2092.676,1.2816044731e-03,1.822860e-02,1.5065932559e+00,0.0690,5.0988e-03
2093.272,1.2815887122e-03,1.821888e-02,1.5065932559e+00,0.0690,5.2760e-03
2093.869,1.2815705108e-03,1.820837e-02,1.5065932559e+00,0.0690,5.4370e-03
2094.465,1.2815500376e-03,1.819723e-02,1.5065932559e+00,0.0690,5.5802e-03
2095.062,1.2815271704e-03,1.818563e-02,1.5065932559e+00,0.0690,5.7043e-03
2095.658,1.2815015309e-03,1.817373e-02,1.5065932559e+00,0.0690,5.8080e-03
2096.255,1.2814725424e-03,1.816168e-02,1.5065932559e+00,0.0690,5.8903e-03
2096.851,1.2814395016e-03,1.814963e-02,1.5065932559e+00,0.0690,5.9505e-03
2097.448,1.2814016603e-03,1.813769e-02,1.5065932559e+00,0.0690,5.9880e-03
2098.044,1.2813583200e-03,1.812594e-02,1.5065932559e+00,0.0690,6.0024e-03
2098.641,1.2813089342e-03,1.811443e-02,1.5065932559e+00,0.0690,5.9935e-03
2099.238,1.2812532019e-03,1.810317e-02,1.5065932559e+00,0.0690,5.9610e-03
2099.834,1.2811911324e-03,1.809213e-02,1.5065932559e+00,0.0690,5.9050e-03
2100.431,1.2811231828e-03,1.808126e-02,1.5065932559e+00,0.0690,5.8254e-03
2101.027,1.2810502744e-03,1.807047e-02,1.5065932559e+00,0.0690,5.7225e-03
2101.624,1.2809736994e-03,1.805966e-02,1.5065932559e+00,0.0690,5.5964e-03
2102.220,1.2808950855e-03,1.804870e-02,1.5065932559e+00,0.0690,5.4474e-03
2102.817,1.2808164186e-03,1.803750e-02,1.5065932559e+00,0.0690,5.2758e-03
2103.413,1.2807400321e-03,1.802593e-02,1.5065932559e+00,0.0690,5.0822e-03
2104.010,1.2806684661e-03,1.801391e-02,1.5065932559e+00,0.0690,4.8673e-03
2104.606,1.2806041643e-03,1.800140e-02,1.5065932559e+00,0.0690,4.6319e-03
2105.203,1.2805490741e-03,1.798830e-02,1.5065932559e+00,0.0690,4.3772e-03
2105.800,1.2805042818e-03,1.797491e-02,1.5065932559e+00,0.0690,4.1046e-03
2106.396,1.2804698133e-03,1.796171e-02,1.5065932559e+00,0.0690,3.8157e-03
2106.993,1.2804446590e-03,1.794844e-02,1.5065932559e+00,0.0690,3.5124e-03
2107.589,1.2804269966e-03,1.793473e-02,1.5065932559e+00,0.0690,3.1962e-03
2108.186,1.2804145188e-03,1.792025e-02,1.5065932559e+00,0.0690,2.8681e-03
2108.782,1.2804047704e-03,1.790481e-02,1.5065932559e+00,0.0690,2.5290e-03
2109.379,1.2803954229e-03,1.788884e-02,1.5065932559e+00,0.0690,2.1808e-03
2109.975,1.2803844623e-03,1.787307e-02,1.5065932559e+00,0.0690,1.8260e-03
2110.572,1.2803702944e-03,1.785811e-02,1.5065932559e+00,0.0690,2.0145e-03
2111.168,1.2803517890e-03,1.784423e-02,1.5065932559e+00,0.0690,2.2046e-03
2111.765,1.2803282841e-03,1.783165e-02,1.5065932559e+00,0.0690,2.3855e-03
2112.362,1.2802995743e-03,1.782058e-02,1.5065932559e+00,0.0690,2.5564e-03
2112.958,1.2802658996e-03,1.781121e-02,1.5065932559e+00,0.0690,2.7167e-03
2113.555,1.2802279450e-03,1.780365e-02,1.5065932559e+00,0.0690,2.8685e-03
2114.151,1.2801868457e-03,1.779794e-02,1.5065932559e+00,0.0690,3.0128e-03
2114.748,1.2801441768e-03,1.779431e-02,1.5065932559e+00,0.0690,3.1450e-03
2115.344,1.2801018988e-03,1.779301e-02,1.5065932559e+00,0.0690,3.2606e-03
2115.941,1.2800622375e-03,1.779419e-02,1.5065932559e+00,0.0690,3.3577e-03
2116.537,1.2800274929e-03,1.779789e-02,1.5065932559e+00,0.0690,3.4372e-03
2117.134,1.2799997953e-03,1.780410e-02,1.5065932559e+00,0.0690,3.5004e-03
2117.730,1.2799808382e-03,1.781273e-02,1.5065932559e+00,0.0690,3.5479e-03
2118.327,1.2799716318e-03,1.782367e-02,1.5065932559e+00,0.0690,3.5805e-03
2118.923,1.2799723161e-03,1.783675e-02,1.5065932559e+00,0.0690,3.5986e-03
2119.520,1.2799820742e-03,1.785176e-02,1.5065932559e+00,0.0690,3.6028e-03
2120.117,1.2799991734e-03,1.786846e-02,1.5065932559e+00,0.0690,3.5932e-03
2120.713,1.2800211268e-03,1.788661e-02,1.5065932559e+00,0.0690,3.5703e-03
2121.310,1.2800449646e-03,1.790596e-02,1.5065932559e+00,0.0690,3.5344e-03
2121.906,1.2800675666e-03,1.792628e-02,1.5065932559e+00,0.0690,3.4849e-03
2122.503,1.2800859809e-03,1.794743e-02,1.5065932559e+00,0.0690,3.4210e-03
2123.099,1.2800976906e-03,1.796919e-02,1.5065932559e+00,0.0690,3.3442e-03
2123.696,1.2801008223e-03,1.799137e-02,1.5065932559e+00,0.0690,3.2560e-03
2124.292,1.2800942953e-03,1.801378e-02,1.5065932559e+00,0.0690,3.1578e-03
2124.889,1.2800778986e-03,1.803623e-02,1.5065932559e+00,0.0690,3.0512e-03
2125.485,1.2800522746e-03,1.805852e-02,1.5065932559e+00,0.0690,2.9624e-03
2126.082,1.2800187964e-03,1.808060e-02,1.5065932559e+00,0.0690,2.9466e-03
2126.679,1.2799793485e-03,1.810224e-02,1.5065932559e+00,0.0690,2.9040e-03
2127.275,1.2799360462e-03,1.812316e-02,1.5065932559e+00,0.0690,2.8311e-03
2127.872,1.2798909505e-03,1.814303e-02,1.5065932559e+00,0.0690,2.7267e-03
2128.468,1.2798458324e-03,1.816152e-02,1.5065932559e+00,0.0690,2.5914e-03
2129.065,1.2798020204e-03,1.817831e-02,1.5065932559e+00,0.0690,2.4271e-03
2129.661,1.2797603343e-03,1.819311e-02,1.5065932559e+00,0.0690,2.2367e-03
2130.258,1.2797210853e-03,1.820565e-02,1.5065932559e+00,0.0690,2.0237e-03
2130.854,1.2796841081e-03,1.821549e-02,1.5065932559e+00,0.0690,1.7918e-03
2131.451,1.2796487976e-03,1.822236e-02,1.5065932559e+00,0.0690,1.5962e-03
2132.047,1.2796141438e-03,1.822672e-02,1.5065932559e+00,0.0690,1.4246e-03
2132.644,1.2795787752e-03,1.822905e-02,1.5065932559e+00,0.0690,1.2517e-03
2133.241,1.2795410340e-03,1.822967e-02,1.5065932559e+00,0.0690,1.0761e-03
2133.837,1.2794991019e-03,1.822891e-02,1.5065932559e+00,0.0690,8.9526e-04
2134.434,1.2794511858e-03,1.822682e-02,1.5065932559e+00,0.0690,7.1088e-04
2135.030,1.2793957444e-03,1.822341e-02,1.5065932559e+00,0.0690,5.2294e-04
2135.627,1.2793317167e-03,1.821847e-02,1.5065932559e+00,0.0690,3.3752e-04
2136.223,1.2792586932e-03,1.821172e-02,1.5065932559e+00,0.0690,5.8031e-04
2136.820,1.2791769975e-03,1.820274e-02,1.5065932559e+00,0.0690,8.4125e-04
2137.416,1.2790876621e-03,1.819106e-02,1.5065932559e+00,0.0690,1.1045e-03
2138.013,1.2789922997e-03,1.817655e-02,1.5065932559e+00,0.0690,1.3677e-03
2138.609,1.2788928963e-03,1.815936e-02,1.5065932559e+00,0.0690,1.6291e-03
2139.206,1.2787915741e-03,1.813970e-02,1.5065932559e+00,0.0690,1.8872e-03
2139.803,1.2786903716e-03,1.811781e-02,1.5065932559e+00,0.0690,2.1409e-03
2140.399,1.2785910787e-03,1.809393e-02,1.5065932559e+00,0.0690,2.3890e-03
2140.996,1.2784951363e-03,1.806830e-02,1.5065932559e+00,0.0690,2.6306e-03
2141.592,1.2784035991e-03,1.804120e-02,1.5065932559e+00,0.0690,2.8648e-03
2142.189,1.2783171567e-03,1.801291e-02,1.5065932559e+00,0.0690,3.0907e-03
2142.785,1.2782362053e-03,1.798370e-02,1.5065932559e+00,0.0690,3.3074e-03
2143.382,1.2781609611e-03,1.795387e-02,1.5065932559e+00,0.0690,3.5140e-03
2143.978,1.2780915912e-03,1.792369e-02,1.5065932559e+00,0.0690,3.7094e-03
2144.575,1.2780283301e-03,1.789346e-02,1.5065932559e+00,0.0690,3.8928e-03
2145.171,1.2779715497e-03,1.786346e-02,1.5065932559e+00,0.0690,4.0631e-03
2145.768,1.2779217709e-03,1.783395e-02,1.5065932559e+00,0.0690,4.2195e-03
2146.365,1.2778796251e-03,1.780522e-02,1.5065932559e+00,0.0690,4.3611e-03
2146.961,1.2778457937e-03,1.777752e-02,1.5065932559e+00,0.0690,4.4873e-03
2147.558,1.2778209508e-03,1.775112e-02,1.5065932559e+00,0.0690,4.5975e-03
2148.154,1.2778057228e-03,1.772628e-02,1.5065932559e+00,0.0690,4.6912e-03
2148.751,1.2778006591e-03,1.770324e-02,1.5065932559e+00,0.0690,4.7681e-03
2149.347,1.2778062030e-03,1.768225e-02,1.5065932559e+00,0.0690,4.8281e-03
2149.944,1.2778226562e-03,1.766354e-02,1.5065932559e+00,0.0690,4.8711e-03
2150.540,1.2778501414e-03,1.764732e-02,1.5065932559e+00,0.0690,4.8972e-03
2151.137,1.2778885786e-03,1.763378e-02,1.5065932559e+00,0.0690,4.9067e-03
2151.733,1.2779376895e-03,1.762306e-02,1.5065932559e+00,0.0690,4.8998e-03
2152.330,1.2779970330e-03,1.761528e-02,1.5065932559e+00,0.0690,4.8769e-03
2152.926,1.2780660603e-03,1.761048e-02,1.5065932559e+00,0.0690,4.8384e-03
2153.523,1.2781441618e-03,1.760869e-02,1.5065932559e+00,0.0690,4.7847e-03
2154.120,1.2782306919e-03,1.760981e-02,1.5065932559e+00,0.0690,4.7165e-03
2154.716,1.2783249574e-03,1.761387e-02,1.5065932559e+00,0.0690,4.6343e-03
2155.313,1.2784261623e-03,1.762103e-02,1.5065932559e+00,0.0690,4.5389e-03
2155.909,1.2785333476e-03,1.763117e-02,1.5065932559e+00,0.0690,4.4310e-03
2156.506,1.2786453803e-03,1.764373e-02,1.5065932559e+00,0.0690,4.3113e-03
2157.102,1.2787610292e-03,1.765815e-02,1.5065932559e+00,0.0690,4.1809e-03
2157.699,1.2788791343e-03,1.767389e-02,1.5065932559e+00,0.0690,4.0402e-03
2158.295,1.2789988008e-03,1.769046e-02,1.5065932559e+00,0.0690,3.8895e-03
2158.892,1.2791195756e-03,1.770766e-02,1.5065932559e+00,0.0690,3.7294e-03
2159.488,1.2792415510e-03,1.772543e-02,1.5065932559e+00,0.0690,3.5613e-03
2160.085,1.2793653176e-03,1.774378e-02,1.5065932559e+00,0.0690,3.3867e-03
2160.682,1.2794917832e-03,1.776284e-02,1.5065932559e+00,0.0690,3.2080e-03
2161.278,1.2796219283e-03,1.778273e-02,1.5065932559e+00,0.0690,3.0275e-03
2161.875,1.2797565691e-03,1.780365e-02,1.5065932559e+00,0.0690,2.8481e-03
2162.471,1.2798961693e-03,1.782570e-02,1.5065932559e+00,0.0690,2.6724e-03
2163.068,1.2800407286e-03,1.784924e-02,1.5065932559e+00,0.0690,2.5031e-03
2163.664,1.2801897648e-03,1.787460e-02,1.5065932559e+00,0.0690,2.3427e-03
2164.261,1.2803424005e-03,1.790200e-02,1.5065932559e+00,0.0690,2.1934e-03
2164.857,1.2804975437e-03,1.793153e-02,1.5065932559e+00,0.0690,2.0568e-03
2165.454,1.2806541218e-03,1.796296e-02,1.5065932559e+00,0.0690,1.9344e-03
2166.050,1.2808112989e-03,1.799584e-02,1.5065932559e+00,0.0690,1.8266e-03
2166.647,1.2809685999e-03,1.802965e-02,1.5065932559e+00,0.0690,1.7335e-03
2167.244,1.2811258913e-03,1.806388e-02,1.5065932559e+00,0.0690,1.6548e-03
2167.840,1.2812832162e-03,1.809799e-02,1.5065932559e+00,0.0690,1.5896e-03
2168.437,1.2814405348e-03,1.813148e-02,1.5065932559e+00,0.0690,1.5369e-03
2169.033,1.2815974498e-03,1.816389e-02,1.5065932559e+00,0.0690,1.4956e-03
2169.630,1.2817529906e-03,1.819479e-02,1.5065932559e+00,0.0690,1.4644e-03
2170.226,1.2819055078e-03,1.822387e-02,1.5065932559e+00,0.0690,1.4425e-03
2170.823,1.2820526866e-03,1.825085e-02,1.5065932559e+00,0.0690,1.4288e-03
2171.419,1.2821916678e-03,1.827558e-02,1.5065932559e+00,0.0690,1.4226e-03
2172.016,1.2823192501e-03,1.829796e-02,1.5065932559e+00,0.0690,1.4236e-03
2172.612,1.2824321526e-03,1.831784e-02,1.5065932559e+00,0.0690,1.4314e-03
2173.209,1.2825273152e-03,1.833516e-02,1.5065932559e+00,0.0690,1.4458e-03
2173.806,1.2826022096e-03,1.834994e-02,1.5065932559e+00,0.0690,1.4668e-03
2174.402,1.2826551238e-03,1.836223e-02,1.5065932559e+00,0.0690,1.4945e-03
2174.999,1.2826853700e-03,1.837214e-02,1.5065932559e+00,0.0690,1.5289e-03
2175.595,1.2826933732e-03,1.838009e-02,1.5065932559e+00,0.0690,1.5701e-03
2176.192,1.2826806168e-03,1.838635e-02,1.5065932559e+00,0.0690,1.6182e-03
2176.788,1.2826494565e-03,1.839095e-02,1.5065932559e+00,0.0690,1.6731e-03
2177.385,1.2826028496e-03,1.839377e-02,1.5065932559e+00,0.0690,1.7349e-03
2177.981,1.2825440720e-03,1.839470e-02,1.5065932559e+00,0.0690,1.8030e-03
2178.578,1.2824764444e-03,1.839366e-02,1.5065932559e+00,0.0690,1.8766e-03
2179.174,1.2824030885e-03,1.839055e-02,1.5065932559e+00,0.0690,1.9543e-03
2179.771,1.2823267647e-03,1.838527e-02,1.5065932559e+00,0.0690,2.0342e-03
2180.367,1.2822497628e-03,1.837766e-02,1.5065932559e+00,0.0690,2.1141e-03
2180.964,1.2821737921e-03,1.836765e-02,1.5065932559e+00,0.0690,2.1923e-03
2181.561,1.2820998492e-03,1.835516e-02,1.5065932559e+00,0.0690,2.2673e-03
2182.157,1.2820280997e-03,1.833980e-02,1.5065932559e+00,0.0690,2.3377e-03
2182.754,1.2819578395e-03,1.832122e-02,1.5065932559e+00,0.0690,2.4025e-03
2183.350,1.2818875825e-03,1.829935e-02,1.5065932559e+00,0.0690,2.4607e-03
2183.947,1.2818152579e-03,1.827445e-02,1.5065932559e+00,0.0690,2.5119e-03
2184.543,1.2817385747e-03,1.824683e-02,1.5065932559e+00,0.0690,2.5557e-03
2185.140,1.2816553732e-03,1.821688e-02,1.5065932559e+00,0.0690,2.5918e-03
2185.736,1.2815637643e-03,1.818501e-02,1.5065932559e+00,0.0690,2.6202e-03
2186.333,1.2814622668e-03,1.815162e-02,1.5065932559e+00,0.0690,2.6409e-03
2186.929,1.2813499969e-03,1.811709e-02,1.5065932559e+00,0.0690,2.6538e-03
2187.526,1.2812268447e-03,1.808176e-02,1.5065932559e+00,0.0690,2.6589e-03
2188.123,1.2810935484e-03,1.804594e-02,1.5065932559e+00,0.0690,2.6561e-03
2188.719,1.2809516108e-03,1.800988e-02,1.5065932559e+00,0.0690,2.6451e-03
2189.316,1.2808030746e-03,1.797382e-02,1.5065932559e+00,0.0690,2.6257e-03
2189.912,1.2806502315e-03,1.793794e-02,1.5065932559e+00,0.0690,2.5976e-03
2190.509,1.2804953495e-03,1.790243e-02,1.5065932559e+00,0.0690,2.5604e-03
2191.105,1.2803404708e-03,1.786747e-02,1.5065932559e+00,0.0690,2.5136e-03
2191.702,1.2801872804e-03,1.783325e-02,1.5065932559e+00,0.0690,2.4568e-03
2192.298,1.2800370296e-03,1.779997e-02,1.5065932559e+00,0.0690,2.3896e-03
2192.895,1.2798905036e-03,1.776784e-02,1.5065932559e+00,0.0690,2.3115e-03
2193.491,1.2797480511e-03,1.773708e-02,1.5065932559e+00,0.0690,2.2223e-03
2194.088,1.2796096979e-03,1.770803e-02,1.5065932559e+00,0.0690,2.1217e-03
2194.685,1.2794753426e-03,1.768122e-02,1.5065932559e+00,0.0690,2.0097e-03
2195.281,1.2793449897e-03,1.765709e-02,1.5065932559e+00,0.0690,1.8862e-03
2195.878,1.2792189491e-03,1.763557e-02,1.5065932559e+00,0.0690,1.7514e-03
2196.474,1.2790979343e-03,1.761652e-02,1.5065932559e+00,0.0690,1.6053e-03
2197.071,1.2789830287e-03,1.759980e-02,1.5065932559e+00,0.0690,1.4483e-03
2197.667,1.2788755403e-03,1.758531e-02,1.5065932559e+00,0.0690,1.5438e-03
2198.264,1.2787767988e-03,1.757292e-02,1.5065932559e+00,0.0690,1.6659e-03
2198.860,1.2786879578e-03,1.756267e-02,1.5065932559e+00,0.0690,1.7885e-03
2199.457,1.2786098438e-03,1.755488e-02,1.5065932559e+00,0.0690,1.9101e-03
2200.053,1.2785428684e-03,1.754992e-02,1.5065932559e+00,0.0690,2.0294e-03
2200.650,1.2784869941e-03,1.754810e-02,1.5065932559e+00,0.0690,2.1449e-03
2201.247,1.2784417390e-03,1.754961e-02,1.5065932559e+00,0.0690,2.2552e-03
2201.843,1.2784062117e-03,1.755446e-02,1.5065932559e+00,0.0690,2.3603e-03
2202.440,1.2783791750e-03,1.756231e-02,1.5065932559e+00,0.0690,2.4613e-03
2203.036,1.2783591454e-03,1.757308e-02,1.5065932559e+00,0.0690,2.5539e-03
2203.633,1.2783445247e-03,1.758665e-02,1.5065932559e+00,0.0690,2.6355e-03
2204.229,1.2783337569e-03,1.760291e-02,1.5065932559e+00,0.0690,2.7033e-03
2204.826,1.2783254870e-03,1.762179e-02,1.5065932559e+00,0.0690,2.7558e-03
2205.422,1.2783186960e-03,1.764315e-02,1.5065932559e+00,0.0690,2.7938e-03
2206.019,1.2783127865e-03,1.766684e-02,1.5065932559e+00,0.0690,2.8179e-03
2206.615,1.2783076053e-03,1.769271e-02,1.5065932559e+00,0.0690,2.8288e-03
2207.212,1.2783034043e-03,1.772057e-02,1.5065932559e+00,0.0690,2.8267e-03
2207.809,1.2783007604e-03,1.775022e-02,1.5065932559e+00,0.0690,2.8123e-03
2208.405,1.2783004825e-03,1.778143e-02,1.5065932559e+00,0.0690,2.7859e-03
2209.002,1.2783035315e-03,1.781396e-02,1.5065932559e+00,0.0690,2.7478e-03
2209.598,1.2783109640e-03,1.784754e-02,1.5065932559e+00,0.0690,2.6985e-03
2210.195,1.2783238909e-03,1.788191e-02,1.5065932559e+00,0.0690,2.6385e-03
2210.791,1.2783434284e-03,1.791678e-02,1.5065932559e+00,0.0690,2.5680e-03
2211.388,1.2783706233e-03,1.795195e-02,1.5065932559e+00,0.0690,2.4865e-03
2211.984,1.2784063432e-03,1.798718e-02,1.5065932559e+00,0.0690,2.3944e-03
2212.581,1.2784511446e-03,1.802218e-02,1.5065932559e+00,0.0690,2.2932e-03
2213.177,1.2785051461e-03,1.805668e-02,1.5065932559e+00,0.0690,2.1843e-03
2213.774,1.2785679346e-03,1.809039e-02,1.5065932559e+00,0.0690,2.0687e-03
2214.370,1.2786385244e-03,1.812301e-02,1.5065932559e+00,0.0690,1.9473e-03
2214.967,1.2787153743e-03,1.815423e-02,1.5065932559e+00,0.0690,1.8209e-03
2215.564,1.2787964620e-03,1.818375e-02,1.5065932559e+00,0.0690,1.7032e-03
2216.160,1.2788794060e-03,1.821129e-02,1.5065932559e+00,0.0690,1.5890e-03
2216.757,1.2789616120e-03,1.823650e-02,1.5065932559e+00,0.0690,1.4511e-03
2217.353,1.2790404559e-03,1.825903e-02,1.5065932559e+00,0.0690,1.2895e-03
2217.950,1.2791135155e-03,1.827856e-02,1.5065932559e+00,0.0690,1.1306e-03
2218.546,1.2791788387e-03,1.829470e-02,1.5065932559e+00,0.0690,9.7855e-04
2219.143,1.2792352009e-03,1.830691e-02,1.5065932559e+00,0.0690,8.2290e-04
2219.739,1.2792822831e-03,1.831494e-02,1.5065932559e+00,0.0690,6.6273e-04
2220.336,1.2793207112e-03,1.831926e-02,1.5065932559e+00,0.0690,4.9529e-04
2220.932,1.2793519277e-03,1.832032e-02,1.5065932559e+00,0.0690,3.1972e-04
2221.529,1.2793779173e-03,1.831852e-02,1.5065932559e+00,0.0690,3.1782e-04
2222.126,1.2794008452e-03,1.831406e-02,1.5065932559e+00,0.0690,5.7682e-04
2222.722,1.2794227029e-03,1.830703e-02,1.5065932559e+00,0.0690,8.4674e-04
2223.319,1.2794450601e-03,1.829747e-02,1.5065932559e+00,0.0690,1.1275e-03
2223.915,1.2794688875e-03,1.828508e-02,1.5065932559e+00,0.0690,1.4186e-03
2224.512,1.2794945105e-03,1.826956e-02,1.5065932559e+00,0.0690,1.7189e-03
2225.108,1.2795217149e-03,1.825117e-02,1.5065932559e+00,0.0690,2.0264e-03
2225.705,1.2795499541e-03,1.823020e-02,1.5065932559e+00,0.0690,2.3383e-03
2226.301,1.2795785695e-03,1.820705e-02,1.5065932559e+00,0.0690,2.6522e-03
2226.898,1.2796069367e-03,1.818218e-02,1.5065932559e+00,0.0690,2.9665e-03
2227.494,1.2796345273e-03,1.815601e-02,1.5065932559e+00,0.0690,3.2792e-03
2228.091,1.2796608732e-03,1.812894e-02,1.5065932559e+00,0.0690,3.5888e-03
2228.688,1.2796854730e-03,1.810135e-02,1.5065932559e+00,0.0690,3.8937e-03
2229.284,1.2797077114e-03,1.807359e-02,1.5065932559e+00,0.0690,4.1923e-03
2229.881,1.2797268473e-03,1.804599e-02,1.5065932559e+00,0.0690,4.4827e-03
2230.477,1.2797420780e-03,1.801885e-02,1.5065932559e+00,0.0690,4.7632e-03
2231.074,1.2797526485e-03,1.799256e-02,1.5065932559e+00,0.0690,5.0335e-03
2231.670,1.2797579911e-03,1.796769e-02,1.5065932559e+00,0.0690,5.2958e-03
2232.267,1.2797578745e-03,1.794456e-02,1.5065932559e+00,0.0690,5.5489e-03
2232.863,1.2797525310e-03,1.792321e-02,1.5065932559e+00,0.0690,5.7901e-03
2233.460,1.2797427391e-03,1.790381e-02,1.5065932559e+00,0.0690,6.0153e-03
2234.056,1.2797298382e-03,1.788648e-02,1.5065932559e+00,0.0690,6.2209e-03
2234.653,1.2797156501e-03,1.787126e-02,1.5065932559e+00,0.0690,6.4037e-03
2235.250,1.2797023118e-03,1.785813e-02,1.5065932559e+00,0.0690,6.5605e-03
2235.846,1.2796920466e-03,1.784700e-02,1.5065932559e+00,0.0690,6.6890e-03
2236.443,1.2796869198e-03,1.783775e-02,1.5065932559e+00,0.0690,6.7871e-03
2237.039,1.2796886236e-03,1.783020e-02,1.5065932559e+00,0.0690,6.8534e-03
2237.636,1.2796983216e-03,1.782418e-02,1.5065932559e+00,0.0690,6.8871e-03
2238.232,1.2797165640e-03,1.781953e-02,1.5065932559e+00,0.0690,6.8879e-03
2238.829,1.2797432744e-03,1.781607e-02,1.5065932559e+00,0.0690,6.8559e-03
2239.425,1.2797778115e-03,1.781340e-02,1.5065932559e+00,0.0690,6.7907e-03
2240.022,1.2798190975e-03,1.781149e-02,1.5065932559e+00,0.0690,6.6942e-03
2240.618,1.2798658019e-03,1.781072e-02,1.5065932559e+00,0.0690,6.5736e-03
2241.215,1.2799165456e-03,1.781125e-02,1.5065932559e+00,0.0690,6.4314e-03
2241.812,1.2799700752e-03,1.781327e-02,1.5065932559e+00,0.0690,6.2698e-03
2242.408,1.2800253605e-03,1.781701e-02,1.5065932559e+00,0.0690,6.0905e-03
2243.005,1.2800815997e-03,1.782269e-02,1.5065932559e+00,0.0690,5.8952e-03
2243.601,1.2801381391e-03,1.783054e-02,1.5065932559e+00,0.0690,5.6851e-03
2244.198,1.2801943650e-03,1.784068e-02,1.5065932559e+00,0.0690,5.4617e-03
2244.794,1.2802496518e-03,1.785316e-02,1.5065932559e+00,0.0690,5.2260e-03
2245.391,1.2803034163e-03,1.786785e-02,1.5065932559e+00,0.0690,4.9793e-03
2245.987,1.2803552660e-03,1.788511e-02,1.5065932559e+00,0.0690,4.7227e-03
2246.584,1.2804051716e-03,1.790466e-02,1.5065932559e+00,0.0690,4.4573e-03
2247.180,1.2804535745e-03,1.792556e-02,1.5065932559e+00,0.0690,4.1837e-03
2247.777,1.2805013663e-03,1.794684e-02,1.5065932559e+00,0.0690,3.9017e-03
2248.373,1.2805497332e-03,1.796782e-02,1.5065932559e+00,0.0690,3.6116e-03
2248.970,1.2805999157e-03,1.798848e-02,1.5065932559e+00,0.0690,3.3142e-03
2249.567,1.2806529608e-03,1.800884e-02,1.5065932559e+00,0.0690,3.0108e-03
2250.163,1.2807095415e-03,1.802869e-02,1.5065932559e+00,0.0690,2.7029e-03
2250.760,1.2807698875e-03,1.804770e-02,1.5065932559e+00,0.0690,2.3926e-03
2251.356,1.2808338379e-03,1.806561e-02,1.5065932559e+00,0.0690,2.0821e-03
2251.953,1.2809010022e-03,1.808225e-02,1.5065932559e+00,0.0690,1.7738e-03
2252.549,1.2809709251e-03,1.809752e-02,1.5065932559e+00,0.0690,1.7223e-03
2253.146,1.2810432333e-03,1.811143e-02,1.5065932559e+00,0.0690,1.8623e-03
2253.742,1.2811177409e-03,1.812407e-02,1.5065932559e+00,0.0690,1.9906e-03
2254.339,1.2811944831e-03,1.813559e-02,1.5065932559e+00,0.0690,2.1059e-03
2254.935,1.2812736536e-03,1.814619e-02,1.5065932559e+00,0.0690,2.2082e-03
2255.532,1.2813554448e-03,1.815602e-02,1.5065932559e+00,0.0690,2.2975e-03
2256.129,1.2814398233e-03,1.816521e-02,1.5065932559e+00,0.0690,2.3746e-03
2256.725,1.2815263070e-03,1.817381e-02,1.5065932559e+00,0.0690,2.4422e-03
2257.322,1.2816138158e-03,1.818192e-02,1.5065932559e+00,0.0690,2.4983e-03
2257.918,1.2817006220e-03,1.818961e-02,1.5065932559e+00,0.0690,2.5414e-03
2258.515,1.2817844153e-03,1.819693e-02,1.5065932559e+00,0.0690,2.5709e-03
2259.111,1.2818624792e-03,1.820393e-02,1.5065932559e+00,0.0690,2.5858e-03
2259.708,1.2819319474e-03,1.821055e-02,1.5065932559e+00,0.0690,2.5870e-03
2260.304,1.2819900900e-03,1.821670e-02,1.5065932559e+00,0.0690,2.5762e-03
2260.901,1.2820345729e-03,1.822223e-02,1.5065932559e+00,0.0690,2.5553e-03
2261.497,1.2820636475e-03,1.822700e-02,1.5065932559e+00,0.0690,2.5255e-03
2262.094,1.2820762529e-03,1.823084e-02,1.5065932559e+00,0.0690,2.4882e-03
2262.691,1.2820720315e-03,1.823360e-02,1.5065932559e+00,0.0690,2.4446e-03
2263.287,1.2820513466e-03,1.823510e-02,1.5065932559e+00,0.0690,2.3955e-03
2263.884,1.2820152279e-03,1.823518e-02,1.5065932559e+00,0.0690,2.3417e-03
2264.480,1.2819652281e-03,1.823370e-02,1.5065932559e+00,0.0690,2.2837e-03
2265.077,1.2819032749e-03,1.823054e-02,1.5065932559e+00,0.0690,2.2221e-03
2265.673,1.2818315308e-03,1.822563e-02,1.5065932559e+00,0.0690,2.1570e-03
2266.270,1.2817522388e-03,1.821890e-02,1.5065932559e+00,0.0690,2.0887e-03
2266.866,1.2816675408e-03,1.821036e-02,1.5065932559e+00,0.0690,2.0173e-03
2267.463,1.2815792800e-03,1.820009e-02,1.5065932559e+00,0.0690,1.9431e-03
2268.059,1.2814888322e-03,1.818802e-02,1.5065932559e+00,0.0690,1.8662e-03
2268.656,1.2813970055e-03,1.817408e-02,1.5065932559e+00,0.0690,1.7870e-03
2269.253,1.2813040388e-03,1.815825e-02,1.5065932559e+00,0.0690,1.7056e-03
2269.849,1.2812096901e-03,1.814110e-02,1.5065932559e+00,0.0690,1.6222e-03
2270.446,1.2811133600e-03,1.812321e-02,1.5065932559e+00,0.0690,1.5367e-03
2271.042,1.2810141837e-03,1.810487e-02,1.5065932559e+00,0.0690,1.4489e-03
2271.639,1.2809110763e-03,1.808630e-02,1.5065932559e+00,0.0690,1.3594e-03
2272.235,1.2808027668e-03,1.806769e-02,1.5065932559e+00,0.0690,1.2702e-03
2272.832,1.2806878757e-03,1.804917e-02,1.5065932559e+00,0.0690,1.1832e-03
2273.428,1.2805650671e-03,1.803082e-02,1.5065932559e+00,0.0690,1.1007e-03
2274.025,1.2804332624e-03,1.801259e-02,1.5065932559e+00,0.0690,1.0251e-03
2274.621,1.2802918690e-03,1.799441e-02,1.5065932559e+00,0.0690,9.5560e-04
2275.218,1.2801409709e-03,1.797612e-02,1.5065932559e+00,0.0690,8.9156e-04
2275.815,1.2799814386e-03,1.795744e-02,1.5065932559e+00,0.0690,8.3248e-04
2276.411,1.2798149391e-03,1.793813e-02,1.5065932559e+00,0.0690,7.7786e-04
2277.008,1.2796438413e-03,1.791805e-02,1.5065932559e+00,0.0690,7.2717e-04
2277.604,1.2794710288e-03,1.789724e-02,1.5065932559e+00,0.0690,8.2559e-04
2278.201,1.2792996348e-03,1.787595e-02,1.5065932559e+00,0.0690,9.3417e-04
2278.797,1.2791327341e-03,1.785451e-02,1.5065932559e+00,0.0690,1.0379e-03
2279.394,1.2789730316e-03,1.783329e-02,1.5065932559e+00,0.0690,1.1362e-03
2279.990,1.2788225990e-03,1.781265e-02,1.5065932559e+00,0.0690,1.2283e-03
2280.587,1.2786827026e-03,1.779292e-02,1.5065932559e+00,0.0690,1.3138e-03
2281.183,1.2785537450e-03,1.777439e-02,1.5065932559e+00,0.0690,1.3927e-03
2281.780,1.2784353217e-03,1.775729e-02,1.5065932559e+00,0.0690,1.4646e-03
2282.376,1.2783263676e-03,1.774178e-02,1.5065932559e+00,0.0690,1.5294e-03
2282.973,1.2782253619e-03,1.772800e-02,1.5065932559e+00,0.0690,1.5871e-03
2283.570,1.2781305626e-03,1.771603e-02,1.5065932559e+00,0.0690,1.6375e-03
2284.166,1.2780402445e-03,1.770593e-02,1.5065932559e+00,0.0690,1.6805e-03
2284.763,1.2779529245e-03,1.769770e-02,1.5065932559e+00,0.0690,1.7158e-03
2285.359,1.2778675546e-03,1.769134e-02,1.5065932559e+00,0.0690,1.7434e-03
2285.956,1.2777836598e-03,1.768683e-02,1.5065932559e+00,0.0690,1.7630e-03
2286.552,1.2777014036e-03,1.768414e-02,1.5065932559e+00,0.0690,1.7745e-03
2287.149,1.2776215718e-03,1.768300e-02,1.5065932559e+00,0.0690,1.7778e-03
2287.745,1.2775454828e-03,1.768309e-02,1.5065932559e+00,0.0690,1.7725e-03
2288.342,1.2774748518e-03,1.768409e-02,1.5065932559e+00,0.0690,1.7588e-03
2288.938,1.2774116333e-03,1.768582e-02,1.5065932559e+00,0.0690,1.7365e-03
2289.535,1.2773578674e-03,1.768812e-02,1.5065932559e+00,0.0690,1.7050e-03
2290.132,1.2773155331e-03,1.769090e-02,1.5065932559e+00,0.0690,1.6647e-03
2290.728,1.2772864071e-03,1.769402e-02,1.5065932559e+00,0.0690,1.6162e-03
2291.325,1.2772719257e-03,1.769748e-02,1.5065932559e+00,0.0690,1.5605e-03
2291.921,1.2772730554e-03,1.770133e-02,1.5065932559e+00,0.0690,1.4986e-03
2292.518,1.2772901928e-03,1.770568e-02,1.5065932559e+00,0.0690,1.4317e-03
2293.114,1.2773231177e-03,1.771062e-02,1.5065932559e+00,0.0690,1.3611e-03
2293.711,1.2773710156e-03,1.771623e-02,1.5065932559e+00,0.0690,1.2883e-03
2294.307,1.2774325698e-03,1.772256e-02,1.5065932559e+00,0.0690,1.2148e-03
2294.904,1.2775061052e-03,1.772969e-02,1.5065932559e+00,0.0690,1.1422e-03
2295.500,1.2775897580e-03,1.773767e-02,1.5065932559e+00,0.0690,1.0722e-03
2296.097,1.2776816503e-03,1.774656e-02,1.5065932559e+00,0.0690,1.0065e-03
2296.694,1.2777800537e-03,1.775643e-02,1.5065932559e+00,0.0690,9.4659e-04
2297.290,1.2778835095e-03,1.776747e-02,1.5065932559e+00,0.0690,8.9398e-04
2297.887,1.2779909000e-03,1.777983e-02,1.5065932559e+00,0.0690,8.4979e-04
2298.483,1.2781014772e-03,1.779362e-02,1.5065932559e+00,0.0690,8.3243e-04
2299.080,1.2782148458e-03,1.780890e-02,1.5065932559e+00,0.0690,8.1219e-04
2299.676,1.2783309011e-03,1.782569e-02,1.5065932559e+00,0.0690,7.8648e-04
2300.273,1.2784497231e-03,1.784395e-02,1.5065932559e+00,0.0690,7.7308e-04
2300.869,1.2785714434e-03,1.786357e-02,1.5065932559e+00,0.0690,7.8111e-04
2301.466,1.2786961136e-03,1.788431e-02,1.5065932559e+00,0.0690,8.0000e-04
2302.062,1.2788236137e-03,1.790588e-02,1.5065932559e+00,0.0690,8.2933e-04
2302.659,1.2789536305e-03,1.792803e-02,1.5065932559e+00,0.0690,8.6848e-04
2303.256,1.2790857159e-03,1.795053e-02,1.5065932559e+00,0.0690,9.1673e-04
2303.852,1.2792194040e-03,1.797312e-02,1.5065932559e+00,0.0690,9.7335e-04
2304.449,1.2793543459e-03,1.799560e-02,1.5065932559e+00,0.0690,1.0376e-03
2305.045,1.2794904115e-03,1.801775e-02,1.5065932559e+00,0.0690,1.1089e-03
2305.642,1.2796277182e-03,1.803928e-02,1.5065932559e+00,0.0690,1.1868e-03
2306.238,1.2797665644e-03,1.805990e-02,1.5065932559e+00,0.0690,1.2708e-03
2306.835,1.2799072915e-03,1.807931e-02,1.5065932559e+00,0.0690,1.3608e-03
2307.431,1.2800500672e-03,1.809728e-02,1.5065932559e+00,0.0690,1.4566e-03
2308.028,1.2801946739e-03,1.811361e-02,1.5065932559e+00,0.0690,1.5585e-03
2308.624,1.2803403823e-03,1.812856e-02,1.5065932559e+00,0.0690,1.6667e-03
2309.221,1.2804858750e-03,1.814241e-02,1.5065932559e+00,0.0690,1.7817e-03
2309.817,1.2806292474e-03,1.815536e-02,1.5065932559e+00,0.0690,1.9042e-03
2310.414,1.2807681419e-03,1.816765e-02,1.5065932559e+00,0.0690,2.0349e-03
2311.011,1.2809000105e-03,1.817936e-02,1.5065932559e+00,0.0690,2.1746e-03
2311.607,1.2810224310e-03,1.819042e-02,1.5065932559e+00,0.0690,2.3240e-03
2312.204,1.2811333832e-03,1.820069e-02,1.5065932559e+00,0.0690,2.4833e-03
2312.800,1.2812314253e-03,1.821020e-02,1.5065932559e+00,0.0690,2.6527e-03
2313.397,1.2813157633e-03,1.821861e-02,1.5065932559e+00,0.0690,2.8313e-03
2313.993,1.2813862471e-03,1.822546e-02,1.5065932559e+00,0.0690,3.0175e-03
2314.590,1.2814433292e-03,1.823063e-02,1.5065932559e+00,0.0690,3.2088e-03
2315.186,1.2814879983e-03,1.823424e-02,1.5065932559e+00,0.0690,3.4030e-03
2315.783,1.2815216782e-03,1.823644e-02,1.5065932559e+00,0.0690,3.5985e-03
2316.379,1.2815460810e-03,1.823736e-02,1.5065932559e+00,0.0690,3.7934e-03
2316.976,1.2815630213e-03,1.823711e-02,1.5065932559e+00,0.0690,3.9864e-03
2317.573,1.2815742238e-03,1.823578e-02,1.5065932559e+00,0.0690,4.1758e-03
2318.169,1.2815811607e-03,1.823343e-02,1.5065932559e+00,0.0690,4.3601e-03
2318.766,1.2815849428e-03,1.823011e-02,1.5065932559e+00,0.0690,4.5380e-03
2319.362,1.2815862617e-03,1.822587e-02,1.5065932559e+00,0.0690,4.7078e-03
2319.959,1.2815853674e-03,1.822077e-02,1.5065932559e+00,0.0690,4.8680e-03
2320.555,1.2815820644e-03,1.821486e-02,1.5065932559e+00,0.0690,5.0172e-03
2321.152,1.2815757272e-03,1.820821e-02,1.5065932559e+00,0.0690,5.1538e-03
2321.748,1.2815653529e-03,1.820090e-02,1.5065932559e+00,0.0690,5.2765e-03
2322.345,1.2815496815e-03,1.819303e-02,1.5065932559e+00,0.0690,5.3840e-03
2322.941,1.2815273802e-03,1.818469e-02,1.5065932559e+00,0.0690,5.4750e-03
2323.538,1.2814972656e-03,1.817598e-02,1.5065932559e+00,0.0690,5.5486e-03
2324.135,1.2814585417e-03,1.816701e-02,1.5065932559e+00,0.0690,5.6038e-03
2324.731,1.2814109908e-03,1.815786e-02,1.5065932559e+00,0.0690,5.6398e-03
2325.328,1.2813550620e-03,1.814862e-02,1.5065932559e+00,0.0690,5.6561e-03
2325.924,1.2812918401e-03,1.813934e-02,1.5065932559e+00,0.0690,5.6521e-03
2326.521,1.2812229209e-03,1.813007e-02,1.5065932559e+00,0.0690,5.6274e-03
2327.117,1.2811502400e-03,1.812080e-02,1.5065932559e+00,0.0690,5.5817e-03
2327.714,1.2810759043e-03,1.811153e-02,1.5065932559e+00,0.0690,5.5149e-03
2328.310,1.2810020503e-03,1.810221e-02,1.5065932559e+00,0.0690,5.4269e-03
2328.907,1.2809307307e-03,1.809275e-02,1.5065932559e+00,0.0690,5.3176e-03
2329.503,1.2808638179e-03,1.808307e-02,1.5065932559e+00,0.0690,5.1871e-03
2330.100,1.2808029096e-03,1.807308e-02,1.5065932559e+00,0.0690,5.0357e-03
2330.697,1.2807492143e-03,1.806266e-02,1.5065932559e+00,0.0690,4.8637e-03
2331.293,1.2807035068e-03,1.805173e-02,1.5065932559e+00,0.0690,4.6716e-03
2331.890,1.2806661282e-03,1.804021e-02,1.5065932559e+00,0.0690,4.4601e-03
2332.486,1.2806368142e-03,1.802801e-02,1.5065932559e+00,0.0690,4.2302e-03
2333.083,1.2806146188e-03,1.801547e-02,1.5065932559e+00,0.0690,3.9830e-03
2333.679,1.2805980447e-03,1.800291e-02,1.5065932559e+00,0.0690,3.7201e-03
2334.276,1.2805853067e-03,1.799006e-02,1.5065932559e+00,0.0690,3.4429e-03
2334.872,1.2805746028e-03,1.797657e-02,1.5065932559e+00,0.0690,3.1530e-03
2335.469,1.2805642931e-03,1.796213e-02,1.5065932559e+00,0.0690,2.8512e-03
2336.065,1.2805529652e-03,1.794662e-02,1.5065932559e+00,0.0690,2.5383e-03
2336.662,1.2805394323e-03,1.793011e-02,1.5065932559e+00,0.0690,2.2162e-03
2337.259,1.2805227295e-03,1.791323e-02,1.5065932559e+00,0.0690,1.8869e-03
2337.855,1.2805021412e-03,1.789670e-02,1.5065932559e+00,0.0690,1.8912e-03
2338.452,1.2804772431e-03,1.788114e-02,1.5065932559e+00,0.0690,2.0702e-03
2339.048,1.2804479279e-03,1.786679e-02,1.5065932559e+00,0.0690,2.2408e-03
2339.645,1.2804143997e-03,1.785388e-02,1.5065932559e+00,0.0690,2.4022e-03
2340.241,1.2803771569e-03,1.784258e-02,1.5065932559e+00,0.0690,2.5539e-03
2340.838,1.2803369970e-03,1.783308e-02,1.5065932559e+00,0.0690,2.6960e-03
2341.434,1.2802950530e-03,1.782536e-02,1.5065932559e+00,0.0690,2.8319e-03
2342.031,1.2802528323e-03,1.781952e-02,1.5065932559e+00,0.0690,2.9595e-03
2342.627,1.2802122019e-03,1.781571e-02,1.5065932559e+00,0.0690,3.0752e-03
2343.224,1.2801752739e-03,1.781416e-02,1.5065932559e+00,0.0690,3.1743e-03
2343.820,1.2801441816e-03,1.781495e-02,1.5065932559e+00,0.0690,3.2565e-03
2344.417,1.2801207836e-03,1.781809e-02,1.5065932559e+00,0.0690,3.3228e-03
2345.014,1.2801063618e-03,1.782353e-02,1.5065932559e+00,0.0690,3.3743e-03
2345.610,1.2801013782e-03,1.783119e-02,1.5065932559e+00,0.0690,3.4117e-03
2346.207,1.2801053406e-03,1.784096e-02,1.5065932559e+00,0.0690,3.4357e-03
2346.803,1.2801167990e-03,1.785270e-02,1.5065932559e+00,0.0690,3.4467e-03
2347.400,1.2801334729e-03,1.786624e-02,1.5065932559e+00,0.0690,3.4451e-03
2347.996,1.2801524885e-03,1.788141e-02,1.5065932559e+00,0.0690,3.4313e-03
2348.593,1.2801706899e-03,1.789801e-02,1.5065932559e+00,0.0690,3.4054e-03
2349.189,1.2801849738e-03,1.791583e-02,1.5065932559e+00,0.0690,3.3678e-03
2349.786,1.2801925995e-03,1.793471e-02,1.5065932559e+00,0.0690,3.3187e-03
2350.382,1.2801914348e-03,1.795449e-02,1.5065932559e+00,0.0690,3.2570e-03
2350.979,1.2801801211e-03,1.797504e-02,1.5065932559e+00,0.0690,3.1832e-03
2351.576,1.2801581556e-03,1.799617e-02,1.5065932559e+00,0.0690,3.0987e-03
2352.172,1.2801258975e-03,1.801769e-02,1.5065932559e+00,0.0690,3.0049e-03
2352.769,1.2800844967e-03,1.803939e-02,1.5065932559e+00,0.0690,2.9031e-03
2353.365,1.2800357399e-03,1.806107e-02,1.5065932559e+00,0.0690,2.7941e-03
2353.962,1.2799818267e-03,1.808257e-02,1.5065932559e+00,0.0690,2.6787e-03
2354.558,1.2799250898e-03,1.810365e-02,1.5065932559e+00,0.0690,2.6295e-03
2355.155,1.2798677008e-03,1.812404e-02,1.5065932559e+00,0.0690,2.5645e-03
2355.751,1.2798114275e-03,1.814339e-02,1.5065932559e+00,0.0690,2.4728e-03
2356.348,1.2797574941e-03,1.816135e-02,1.5065932559e+00,0.0690,2.3537e-03
2356.944,1.2797065571e-03,1.817756e-02,1.5065932559e+00,0.0690,2.2081e-03
2357.541,1.2796587659e-03,1.819170e-02,1.5065932559e+00,0.0690,2.0378e-03
2358.138,1.2796138501e-03,1.820330e-02,1.5065932559e+00,0.0690,1.8456e-03
2358.734,1.2795711912e-03,1.821192e-02,1.5065932559e+00,0.0690,1.6536e-03
2359.331,1.2795298624e-03,1.821755e-02,1.5065932559e+00,0.0690,1.4984e-03
2359.927,1.2794886548e-03,1.822072e-02,1.5065932559e+00,0.0690,1.3411e-03
2360.524,1.2794461266e-03,1.822188e-02,1.5065932559e+00,0.0690,1.1805e-03
2361.120,1.2794007020e-03,1.822136e-02,1.5065932559e+00,0.0690,1.0149e-03
2361.717,1.2793508280e-03,1.821944e-02,1.5065932559e+00,0.0690,8.4296e-04
2362.313,1.2792951719e-03,1.821609e-02,1.5065932559e+00,0.0690,6.6691e-04
2362.910,1.2792328187e-03,1.821142e-02,1.5065932559e+00,0.0690,4.8696e-04
2363.506,1.2791634301e-03,1.820526e-02,1.5065932559e+00,0.0690,3.5439e-04
2364.103,1.2790873312e-03,1.819726e-02,1.5065932559e+00,0.0690,6.0302e-04
2364.700,1.2790054983e-03,1.818714e-02,1.5065932559e+00,0.0690,8.5718e-04
2365.296,1.2789194394e-03,1.817465e-02,1.5065932559e+00,0.0690,1.1143e-03
2365.893,1.2788309953e-03,1.815978e-02,1.5065932559e+00,0.0690,1.3720e-03
2366.489,1.2787421030e-03,1.814270e-02,1.5065932559e+00,0.0690,1.6283e-03
2367.086,1.2786545706e-03,1.812354e-02,1.5065932559e+00,0.0690,1.8818e-03
2367.682,1.2785698988e-03,1.810243e-02,1.5065932559e+00,0.0690,2.1310e-03
2368.279,1.2784891732e-03,1.807949e-02,1.5065932559e+00,0.0690,2.3746e-03
2368.875,1.2784130343e-03,1.805488e-02,1.5065932559e+00,0.0690,2.6117e-03
2369.472,1.2783417243e-03,1.802876e-02,1.5065932559e+00,0.0690,2.8411e-03
2370.068,1.2782752022e-03,1.800134e-02,1.5065932559e+00,0.0690,3.0619e-03
2370.665,1.2782133030e-03,1.797285e-02,1.5065932559e+00,0.0690,3.2730e-03
2371.262,1.2781559095e-03,1.794360e-02,1.5065932559e+00,0.0690,3.4736e-03
2371.858,1.2781030929e-03,1.791389e-02,1.5065932559e+00,0.0690,3.6627e-03
2372.455,1.2780551891e-03,1.788407e-02,1.5065932559e+00,0.0690,3.8395e-03
2373.051,1.2780127963e-03,1.785450e-02,1.5065932559e+00,0.0690,4.0031e-03
2373.648,1.2779767092e-03,1.782555e-02,1.5065932559e+00,0.0690,4.1528e-03
2374.244,1.2779478195e-03,1.779758e-02,1.5065932559e+00,0.0690,4.2879e-03
2374.841,1.2779270194e-03,1.777094e-02,1.5065932559e+00,0.0690,4.4079e-03
2375.437,1.2779151246e-03,1.774596e-02,1.5065932559e+00,0.0690,4.5121e-03
2376.034,1.2779128214e-03,1.772294e-02,1.5065932559e+00,0.0690,4.6003e-03
2376.630,1.2779206256e-03,1.770214e-02,1.5065932559e+00,0.0690,4.6721e-03
2377.227,1.2779388469e-03,1.768379e-02,1.5065932559e+00,0.0690,4.7272e-03
2377.823,1.2779675587e-03,1.766808e-02,1.5065932559e+00,0.0690,4.7655e-03
2378.420,1.2780065851e-03,1.765515e-02,1.5065932559e+00,0.0690,4.7869e-03
2379.017,1.2780555204e-03,1.764510e-02,1.5065932559e+00,0.0690,4.7914e-03
2379.613,1.2781137846e-03,1.763796e-02,1.5065932559e+00,0.0690,4.7791e-03
2380.210,1.2781807027e-03,1.763375e-02,1.5065932559e+00,0.0690,4.7502e-03
2380.806,1.2782555879e-03,1.763240e-02,1.5065932559e+00,0.0690,4.7051e-03
2381.403,1.2783378038e-03,1.763382e-02,1.5065932559e+00,0.0690,4.6441e-03
2381.999,1.2784267666e-03,1.763811e-02,1.5065932559e+00,0.0690,4.5680e-03
2382.596,1.2785218827e-03,1.764537e-02,1.5065932559e+00,0.0690,4.4774e-03
2383.192,1.2786224619e-03,1.765530e-02,1.5065932559e+00,0.0690,4.3733e-03
2383.789,1.2787276644e-03,1.766733e-02,1.5065932559e+00,0.0690,4.2566e-03
2384.385,1.2788365249e-03,1.768098e-02,1.5065932559e+00,0.0690,4.1285e-03
2384.982,1.2789480617e-03,1.769570e-02,1.5065932559e+00,0.0690,3.9894e-03
2385.579,1.2790614440e-03,1.771117e-02,1.5065932559e+00,0.0690,3.8399e-03
2386.175,1.2791761413e-03,1.772730e-02,1.5065932559e+00,0.0690,3.6812e-03
2386.772,1.2792920459e-03,1.774408e-02,1.5065932559e+00,0.0690,3.5151e-03
2387.368,1.2794095040e-03,1.776161e-02,1.5065932559e+00,0.0690,3.3436e-03
2387.965,1.2795292171e-03,1.778002e-02,1.5065932559e+00,0.0690,3.1694e-03
2388.561,1.2796520504e-03,1.779950e-02,1.5065932559e+00,0.0690,2.9951e-03
2389.158,1.2797788140e-03,1.782022e-02,1.5065932559e+00,0.0690,2.8237e-03
2389.754,1.2799100685e-03,1.784231e-02,1.5065932559e+00,0.0690,2.6577e-03
2390.351,1.2800459883e-03,1.786601e-02,1.5065932559e+00,0.0690,2.4998e-03
2390.947,1.2801863028e-03,1.789162e-02,1.5065932559e+00,0.0690,2.3522e-03
2391.544,1.2803303308e-03,1.791932e-02,1.5065932559e+00,0.0690,2.2168e-03
2392.141,1.2804771067e-03,1.794915e-02,1.5065932559e+00,0.0690,2.0950e-03
2392.737,1.2806255720e-03,1.798090e-02,1.5065932559e+00,0.0690,1.9876e-03
2393.334,1.2807747794e-03,1.801405e-02,1.5065932559e+00,0.0690,1.8950e-03
2393.930,1.2809240408e-03,1.804802e-02,1.5065932559e+00,0.0690,1.8169e-03
2394.527,1.2810729633e-03,1.808222e-02,1.5065932559e+00,0.0690,1.7526e-03
2395.123,1.2812213568e-03,1.811609e-02,1.5065932559e+00,0.0690,1.7012e-03
2395.720,1.2813690460e-03,1.814906e-02,1.5065932559e+00,0.0690,1.6613e-03
2396.316,1.2815156507e-03,1.818067e-02,1.5065932559e+00,0.0690,1.6318e-03
2396.913,1.2816604063e-03,1.821050e-02,1.5065932559e+00,0.0690,1.6114e-03
2397.509,1.2818020669e-03,1.823825e-02,1.5065932559e+00,0.0690,1.5990e-03
2398.106,1.2819389036e-03,1.826370e-02,1.5065932559e+00,0.0690,1.5939e-03
2398.703,1.2820687833e-03,1.828656e-02,1.5065932559e+00,0.0690,1.5952e-03
2399.299,1.2821893061e-03,1.830670e-02,1.5065932559e+00,0.0690,1.6027e-03
2399.896,1.2822979835e-03,1.832405e-02,1.5065932559e+00,0.0690,1.6161e-03
2400.492,1.2823924458e-03,1.833863e-02,1.5065932559e+00,0.0690,1.6352e-03
2401.089,1.2824706622e-03,1.835069e-02,1.5065932559e+00,0.0690,1.6602e-03
2401.685,1.2825311465e-03,1.836074e-02,1.5065932559e+00,0.0690,1.6913e-03
2402.282,1.2825731091e-03,1.836911e-02,1.5065932559e+00,0.0690,1.7287e-03
2402.878,1.2825965221e-03,1.837589e-02,1.5065932559e+00,0.0690,1.7728e-03
2403.475,1.2826020814e-03,1.838100e-02,1.5065932559e+00,0.0690,1.8236e-03
2404.071,1.2825910813e-03,1.838439e-02,1.5065932559e+00,0.0690,1.8811e-03
2404.668,1.2825652404e-03,1.838600e-02,1.5065932559e+00,0.0690,1.9446e-03
2405.264,1.2825265331e-03,1.838578e-02,1.5065932559e+00,0.0690,2.0130e-03
2405.861,1.2824770573e-03,1.838368e-02,1.5065932559e+00,0.0690,2.0846e-03
2406.458,1.2824189412e-03,1.837952e-02,1.5065932559e+00,0.0690,2.1570e-03
2407.054,1.2823542657e-03,1.837321e-02,1.5065932559e+00,0.0690,2.2284e-03
2407.651,1.2822849780e-03,1.836471e-02,1.5065932559e+00,0.0690,2.2972e-03
2408.247,1.2822127740e-03,1.835387e-02,1.5065932559e+00,0.0690,2.3619e-03
2408.844,1.2821389708e-03,1.834036e-02,1.5065932559e+00,0.0690,2.4213e-03
2409.440,1.2820643654e-03,1.832391e-02,1.5065932559e+00,0.0690,2.4743e-03
2410.037,1.2819891222e-03,1.830451e-02,1.5065932559e+00,0.0690,2.5201e-03
2410.633,1.2819127862e-03,1.828239e-02,1.5065932559e+00,0.0690,2.5582e-03
2411.230,1.2818344122e-03,1.825786e-02,1.5065932559e+00,0.0690,2.5882e-03
2411.826,1.2817527547e-03,1.823129e-02,1.5065932559e+00,0.0690,2.6102e-03
2412.423,1.2816664658e-03,1.820305e-02,1.5065932559e+00,0.0690,2.6239e-03
2413.020,1.2815742759e-03,1.817351e-02,1.5065932559e+00,0.0690,2.6295e-03
2413.616,1.2814751533e-03,1.814300e-02,1.5065932559e+00,0.0690,2.6271e-03
2414.213,1.2813684398e-03,1.811179e-02,1.5065932559e+00,0.0690,2.6166e-03
2414.809,1.2812539266e-03,1.808012e-02,1.5065932559e+00,0.0690,2.5982e-03
2415.406,1.2811319784e-03,1.804819e-02,1.5065932559e+00,0.0690,2.5718e-03
2416.002,1.2810035590e-03,1.801614e-02,1.5065932559e+00,0.0690,2.5373e-03
2416.599,1.2808699616e-03,1.798412e-02,1.5065932559e+00,0.0690,2.4947e-03
2417.195,1.2807325530e-03,1.795223e-02,1.5065932559e+00,0.0690,2.4438e-03
2417.792,1.2805926535e-03,1.792062e-02,1.5065932559e+00,0.0690,2.3845e-03
2418.388,1.2804515042e-03,1.788942e-02,1.5065932559e+00,0.0690,2.3166e-03
2418.985,1.2803102325e-03,1.785876e-02,1.5065932559e+00,0.0690,2.2400e-03
2419.582,1.2801697678e-03,1.782890e-02,1.5065932559e+00,0.0690,2.1546e-03
2420.178,1.2800307401e-03,1.780018e-02,1.5065932559e+00,0.0690,2.0604e-03
2420.775,1.2798934496e-03,1.777298e-02,1.5065932559e+00,0.0690,1.9574e-03
2421.371,1.2797579737e-03,1.774765e-02,1.5065932559e+00,0.0690,1.8457e-03
2421.968,1.2796243956e-03,1.772417e-02,1.5065932559e+00,0.0690,1.7253e-03
2422.564,1.2794930566e-03,1.770245e-02,1.5065932559e+00,0.0690,1.5964e-03
2423.161,1.2793647136e-03,1.768240e-02,1.5065932559e+00,0.0690,1.4590e-03
2423.757,1.2792405366e-03,1.766409e-02,1.5065932559e+00,0.0690,1.4534e-03
2424.354,1.2791219692e-03,1.764755e-02,1.5065932559e+00,0.0690,1.5589e-03
2424.950,1.2790105330e-03,1.763279e-02,1.5065932559e+00,0.0690,1.6647e-03
2425.547,1.2789076568e-03,1.761993e-02,1.5065932559e+00,0.0690,1.7702e-03
2426.144,1.2788145661e-03,1.760917e-02,1.5065932559e+00,0.0690,1.8744e-03
2426.740,1.2787322147e-03,1.760091e-02,1.5065932559e+00,0.0690,1.9764e-03
2427.337,1.2786612182e-03,1.759554e-02,1.5065932559e+00,0.0690,2.0751e-03
2427.933,1.2786017684e-03,1.759332e-02,1.5065932559e+00,0.0690,2.1694e-03
2428.530,1.2785535448e-03,1.759440e-02,1.5065932559e+00,0.0690,2.2593e-03
2429.126,1.2785156655e-03,1.759868e-02,1.5065932559e+00,0.0690,2.3461e-03
2429.723,1.2784867200e-03,1.760590e-02,1.5065932559e+00,0.0690,2.4272e-03
2430.319,1.2784648997e-03,1.761585e-02,1.5065932559e+00,0.0690,2.5000e-03
2430.916,1.2784482085e-03,1.762840e-02,1.5065932559e+00,0.0690,2.5620e-03
2431.512,1.2784347090e-03,1.764342e-02,1.5065932559e+00,0.0690,2.6109e-03
2432.109,1.2784227528e-03,1.766077e-02,1.5065932559e+00,0.0690,2.6470e-03
2432.706,1.2784111529e-03,1.768029e-02,1.5065932559e+00,0.0690,2.6708e-03
2433.302,1.2783992760e-03,1.770185e-02,1.5065932559e+00,0.0690,2.6830e-03
2433.899,1.2783870567e-03,1.772529e-02,1.5065932559e+00,0.0690,2.6841e-03
2434.495,1.2783749525e-03,1.775046e-02,1.5065932559e+00,0.0690,2.6744e-03
2435.092,1.2783638623e-03,1.777720e-02,1.5065932559e+00,0.0690,2.6542e-03
2435.688,1.2783550292e-03,1.780530e-02,1.5065932559e+00,0.0690,2.6240e-03
2436.285,1.2783499337e-03,1.783455e-02,1.5065932559e+00,0.0690,2.5839e-03
2436.881,1.2783501776e-03,1.786472e-02,1.5065932559e+00,0.0690,2.5342e-03
2437.478,1.2783573534e-03,1.789556e-02,1.5065932559e+00,0.0690,2.4754e-03
2438.074,1.2783729016e-03,1.792682e-02,1.5065932559e+00,0.0690,2.4078e-03
2438.671,1.2783979656e-03,1.795825e-02,1.5065932559e+00,0.0690,2.3317e-03
2439.267,1.2784332575e-03,1.798961e-02,1.5065932559e+00,0.0690,2.2473e-03
2439.864,1.2784789508e-03,1.802070e-02,1.5065932559e+00,0.0690,2.1543e-03
2440.461,1.2785346075e-03,1.805128e-02,1.5065932559e+00,0.0690,2.0537e-03
2441.057,1.2785991471e-03,1.808111e-02,1.5065932559e+00,0.0690,1.9465e-03
2441.654,1.2786708615e-03,1.810994e-02,1.5065932559e+00,0.0690,1.8335e-03
2442.250,1.2787474935e-03,1.813754e-02,1.5065932559e+00,0.0690,1.7153e-03
2442.847,1.2788263816e-03,1.816369e-02,1.5065932559e+00,0.0690,1.5923e-03
2443.443,1.2789046579e-03,1.818814e-02,1.5065932559e+00,0.0690,1.4652e-03
2444.040,1.2789794963e-03,1.821065e-02,1.5065932559e+00,0.0690,1.3342e-03
2444.636,1.2790484011e-03,1.823096e-02,1.5065932559e+00,0.0690,1.1997e-03
2445.233,1.2791094953e-03,1.824876e-02,1.5065932559e+00,0.0690,1.0619e-03
2445.829,1.2791617487e-03,1.826362e-02,1.5065932559e+00,0.0690,9.2065e-04
2446.426,1.2792050886e-03,1.827521e-02,1.5065932559e+00,0.0690,7.7432e-04
2447.023,1.2792403591e-03,1.828342e-02,1.5065932559e+00,0.0690,6.2304e-04
2447.619,1.2792691344e-03,1.828859e-02,1.5065932559e+00,0.0690,4.6678e-04
2448.216,1.2792934244e-03,1.829104e-02,1.5065932559e+00,0.0690,3.0455e-04
2448.812,1.2793153382e-03,1.829094e-02,1.5065932559e+00,0.0690,3.6230e-04
2449.409,1.2793367688e-03,1.828846e-02,1.5065932559e+00,0.0690,5.9031e-04
2450.005,1.2793591574e-03,1.828355e-02,1.5065932559e+00,0.0690,8.3113e-04
2450.602,1.2793833639e-03,1.827621e-02,1.5065932559e+00,0.0690,1.0841e-03
2451.198,1.2794096653e-03,1.826643e-02,1.5065932559e+00,0.0690,1.3483e-03
2451.795,1.2794378980e-03,1.825381e-02,1.5065932559e+00,0.0690,1.6222e-03
2452.391,1.2794675852e-03,1.823824e-02,1.5065932559e+00,0.0690,1.9038e-03
2452.988,1.2794980612e-03,1.821999e-02,1.5065932559e+00,0.0690,2.1905e-03
2453.585,1.2795286115e-03,1.819939e-02,1.5065932559e+00,0.0690,2.4799e-03
2454.181,1.2795585867e-03,1.817689e-02,1.5065932559e+00,0.0690,2.7702e-03
2454.778,1.2795874387e-03,1.815293e-02,1.5065932559e+00,0.0690,3.0598e-03
2455.374,1.2796146701e-03,1.812795e-02,1.5065932559e+00,0.0690,3.3471e-03
2455.971,1.2796397316e-03,1.810235e-02,1.5065932559e+00,0.0690,3.6307e-03
2456.567,1.2796619173e-03,1.807653e-02,1.5065932559e+00,0.0690,3.9093e-03
2457.164,1.2796803338e-03,1.805083e-02,1.5065932559e+00,0.0690,4.1813e-03
2457.760,1.2796939973e-03,1.802560e-02,1.5065932559e+00,0.0690,4.4453e-03
2458.357,1.2797020522e-03,1.800112e-02,1.5065932559e+00,0.0690,4.6997e-03
2458.953,1.2797040401e-03,1.797767e-02,1.5065932559e+00,0.0690,4.9430e-03
2459.550,1.2797001294e-03,1.795552e-02,1.5065932559e+00,0.0690,5.1739e-03
2460.147,1.2796912085e-03,1.793510e-02,1.5065932559e+00,0.0690,5.3943e-03
2460.743,1.2796788777e-03,1.791669e-02,1.5065932559e+00,0.0690,5.6036e-03
2461.340,1.2796653262e-03,1.790041e-02,1.5065932559e+00,0.0690,5.8000e-03
2461.936,1.2796530624e-03,1.788622e-02,1.5065932559e+00,0.0690,5.9805e-03
2462.533,1.2796446270e-03,1.787414e-02,1.5065932559e+00,0.0690,6.1418e-03
2463.129,1.2796423537e-03,1.786414e-02,1.5065932559e+00,0.0690,6.2811e-03
2463.726,1.2796481744e-03,1.785612e-02,1.5065932559e+00,0.0690,6.3958e-03
2464.322,1.2796634502e-03,1.784993e-02,1.5065932559e+00,0.0690,6.4839e-03
2464.919,1.2796888325e-03,1.784539e-02,1.5065932559e+00,0.0690,6.5438e-03
2465.515,1.2797241734e-03,1.784230e-02,1.5065932559e+00,0.0690,6.5745e-03
2466.112,1.2797685289e-03,1.784040e-02,1.5065932559e+00,0.0690,6.5751e-03
2466.709,1.2798203020e-03,1.783930e-02,1.5065932559e+00,0.0690,6.5446e-03
2467.305,1.2798774893e-03,1.783887e-02,1.5065932559e+00,0.0690,6.4830e-03
2467.902,1.2799379726e-03,1.783932e-02,1.5065932559e+00,0.0690,6.3961e-03
2468.498,1.2799998052e-03,1.784077e-02,1.5065932559e+00,0.0690,6.2865e-03
2469.095,1.2800614265e-03,1.784334e-02,1.5065932559e+00,0.0690,6.1562e-03
2469.691,1.2801217489e-03,1.784721e-02,1.5065932559e+00,0.0690,6.0067e-03
2470.288,1.2801801200e-03,1.785259e-02,1.5065932559e+00,0.0690,5.8396e-03
2470.884,1.2802362049e-03,1.785970e-02,1.5065932559e+00,0.0690,5.6564e-03
2471.481,1.2802898645e-03,1.786870e-02,1.5065932559e+00,0.0690,5.4583e-03
2472.077,1.2803410897e-03,1.787970e-02,1.5065932559e+00,0.0690,5.2467e-03
2472.674,1.2803900165e-03,1.789267e-02,1.5065932559e+00,0.0690,5.0228e-03
2473.270,1.2804369975e-03,1.790763e-02,1.5065932559e+00,0.0690,4.7878e-03
2473.867,1.2804826769e-03,1.792492e-02,1.5065932559e+00,0.0690,4.5431e-03
2474.464,1.2805280118e-03,1.794390e-02,1.5065932559e+00,0.0690,4.2897e-03
2475.060,1.2805742061e-03,1.796372e-02,1.5065932559e+00,0.0690,4.0282e-03
2475.657,1.2806225590e-03,1.798346e-02,1.5065932559e+00,0.0690,3.7586e-03
2476.253,1.2806742554e-03,1.800268e-02,1.5065932559e+00,0.0690,3.4813e-03
2476.850,1.2807301550e-03,1.802134e-02,1.5065932559e+00,0.0690,3.1970e-03
2477.446,1.2807906430e-03,1.803941e-02,1.5065932559e+00,0.0690,2.9072e-03
2478.043,1.2808555790e-03,1.805681e-02,1.5065932559e+00,0.0690,2.6132e-03
2478.639,1.2809243520e-03,1.807328e-02,1.5065932559e+00,0.0690,2.3173e-03
2479.236,1.2809960331e-03,1.808863e-02,1.5065932559e+00,0.0690,2.0213e-03
2479.832,1.2810695864e-03,1.810274e-02,1.5065932559e+00,0.0690,1.7278e-03
2480.429,1.2811440836e-03,1.811559e-02,1.5065932559e+00,0.0690,1.6889e-03
2481.026,1.2812188687e-03,1.812724e-02,1.5065932559e+00,0.0690,1.8204e-03
2481.622,1.2812936372e-03,1.813783e-02,1.5065932559e+00,0.0690,1.9404e-03
2482.219,1.2813684025e-03,1.814755e-02,1.5065932559e+00,0.0690,2.0484e-03
2482.815,1.2814433482e-03,1.815662e-02,1.5065932559e+00,0.0690,2.1436e-03
2483.412,1.2815186006e-03,1.816525e-02,1.5065932559e+00,0.0690,2.2264e-03
2484.008,1.2815939838e-03,1.817356e-02,1.5065932559e+00,0.0690,2.2971e-03
2484.605,1.2816688240e-03,1.818158e-02,1.5065932559e+00,0.0690,2.3587e-03
2485.201,1.2817418557e-03,1.818937e-02,1.5065932559e+00,0.0690,2.4100e-03
2485.798,1.2818112572e-03,1.819697e-02,1.5065932559e+00,0.0690,2.4492e-03
2486.394,1.2818748021e-03,1.820434e-02,1.5065932559e+00,0.0690,2.4761e-03
2486.991,1.2819300917e-03,1.821139e-02,1.5065932559e+00,0.0690,2.4907e-03
2487.588,1.2819748174e-03,1.821800e-02,1.5065932559e+00,0.0690,2.4930e-03
2488.184,1.2820070078e-03,1.822399e-02,1.5065932559e+00,0.0690,2.4841e-03
2488.781,1.2820252251e-03,1.822916e-02,1.5065932559e+00,0.0690,2.4657e-03
2489.377,1.2820286900e-03,1.823329e-02,1.5065932559e+00,0.0690,2.4391e-03
2489.974,1.2820173205e-03,1.823621e-02,1.5065932559e+00,0.0690,2.4052e-03
2490.570,1.2819916937e-03,1.823772e-02,1.5065932559e+00,0.0690,2.3650e-03
2491.167,1.2819529407e-03,1.823769e-02,1.5065932559e+00,0.0690,2.3193e-03
2491.763,1.2819025955e-03,1.823600e-02,1.5065932559e+00,0.0690,2.2685e-03
2492.360,1.2818425078e-03,1.823258e-02,1.5065932559e+00,0.0690,2.2131e-03
2492.956,1.2817746375e-03,1.822738e-02,1.5065932559e+00,0.0690,2.1534e-03
2493.553,1.2817007984e-03,1.822041e-02,1.5065932559e+00,0.0690,2.0897e-03
2494.150,1.2816224992e-03,1.821173e-02,1.5065932559e+00,0.0690,2.0224e-03
2494.746,1.2815408878e-03,1.820144e-02,1.5065932559e+00,0.0690,1.9517e-03
2495.343,1.2814567521e-03,1.818953e-02,1.5065932559e+00,0.0690,1.8779e-03
2495.939,1.2813705288e-03,1.817598e-02,1.5065932559e+00,0.0690,1.8015e-03
2496.536,1.2812823104e-03,1.816080e-02,1.5065932559e+00,0.0690,1.7229e-03
2497.132,1.2811918690e-03,1.814426e-02,1.5065932559e+00,0.0690,1.6425e-03
2497.729,1.2810987038e-03,1.812698e-02,1.5065932559e+00,0.0690,1.5604e-03
2498.325,1.2810021110e-03,1.810929e-02,1.5065932559e+00,0.0690,1.4762e-03
2498.922,1.2809012627e-03,1.809135e-02,1.5065932559e+00,0.0690,1.3905e-03
2499.518,1.2807952781e-03,1.807331e-02,1.5065932559e+00,0.0690,1.3054e-03
2500.115,1.2806832763e-03,1.805527e-02,1.5065932559e+00,0.0690,1.2225e-03
2500.712,1.2805644217e-03,1.803728e-02,1.5065932559e+00,0.0690,1.1443e-03
2501.308,1.2804379892e-03,1.801928e-02,1.5065932559e+00,0.0690,1.0725e-03
2501.905,1.2803034765e-03,1.800114e-02,1.5065932559e+00,0.0690,1.0069e-03
2502.501,1.2801607641e-03,1.798286e-02,1.5065932559e+00,0.0690,9.4685e-04
2503.098,1.2800102892e-03,1.796427e-02,1.5065932559e+00,0.0690,8.9184e-04
2503.694,1.2798531726e-03,1.794507e-02,1.5065932559e+00,0.0690,8.4137e-04
2504.291,1.2796912428e-03,1.792508e-02,1.5065932559e+00,0.0690,7.9489e-04
2504.887,1.2795269269e-03,1.790421e-02,1.5065932559e+00,0.0690,7.5375e-04
2505.484,1.2793630217e-03,1.788270e-02,1.5065932559e+00,0.0690,8.5524e-04
2506.080,1.2792023928e-03,1.786096e-02,1.5065932559e+00,0.0690,9.5182e-04
2506.677,1.2790476635e-03,1.783943e-02,1.5065932559e+00,0.0690,1.0428e-03
2507.273,1.2789009517e-03,1.781857e-02,1.5065932559e+00,0.0690,1.1277e-03
2507.870,1.2787636940e-03,1.779879e-02,1.5065932559e+00,0.0690,1.2063e-03
2508.467,1.2786365715e-03,1.778046e-02,1.5065932559e+00,0.0690,1.2784e-03
2509.063,1.2785195344e-03,1.776388e-02,1.5065932559e+00,0.0690,1.3439e-03
2509.660,1.2784119074e-03,1.774930e-02,1.5065932559e+00,0.0690,1.4029e-03
2510.256,1.2783125520e-03,1.773685e-02,1.5065932559e+00,0.0690,1.4554e-03
2510.853,1.2782200642e-03,1.772658e-02,1.5065932559e+00,0.0690,1.5012e-03
2511.449,1.2781329835e-03,1.771850e-02,1.5065932559e+00,0.0690,1.5403e-03
2512.046,1.2780499960e-03,1.771257e-02,1.5065932559e+00,0.0690,1.5723e-03
2512.642,1.2779701089e-03,1.770870e-02,1.5065932559e+00,0.0690,1.5970e-03
2513.239,1.2778927765e-03,1.770668e-02,1.5065932559e+00,0.0690,1.6141e-03
2513.835,1.2778179624e-03,1.770611e-02,1.5065932559e+00,0.0690,1.6232e-03
2514.432,1.2777461288e-03,1.770662e-02,1.5065932559e+00,0.0690,1.6241e-03
2515.029,1.2776781651e-03,1.770794e-02,1.5065932559e+00,0.0690,1.6166e-03
2515.625,1.2776152779e-03,1.770986e-02,1.5065932559e+00,0.0690,1.6000e-03
2516.222,1.2775588728e-03,1.771225e-02,1.5065932559e+00,0.0690,1.5743e-03
2516.818,1.2775104499e-03,1.771499e-02,1.5065932559e+00,0.0690,1.5397e-03
2517.415,1.2774715158e-03,1.771800e-02,1.5065932559e+00,0.0690,1.4971e-03
2518.011,1.2774435004e-03,1.772130e-02,1.5065932559e+00,0.0690,1.4474e-03
2518.608,1.2774276628e-03,1.772497e-02,1.5065932559e+00,0.0690,1.3918e-03
2519.204,1.2774249806e-03,1.772913e-02,1.5065932559e+00,0.0690,1.3314e-03
2519.801,1.2774360376e-03,1.773388e-02,1.5065932559e+00,0.0690,1.2677e-03
2520.397,1.2774609396e-03,1.773929e-02,1.5065932559e+00,0.0690,1.2021e-03
2520.994,1.2774992839e-03,1.774543e-02,1.5065932559e+00,0.0690,1.1363e-03
2521.591,1.2775501987e-03,1.775236e-02,1.5065932559e+00,0.0690,1.0719e-03
2522.187,1.2776124416e-03,1.776010e-02,1.5065932559e+00,0.0690,1.0105e-03
2522.784,1.2776845322e-03,1.776868e-02,1.5065932559e+00,0.0690,9.5378e-04
2523.380,1.2777649028e-03,1.777813e-02,1.5065932559e+00,0.0690,9.0307e-04
2523.977,1.2778520373e-03,1.778851e-02,1.5065932559e+00,0.0690,8.5967e-04
2524.573,1.2779445741e-03,1.779996e-02,1.5065932559e+00,0.0690,8.2825e-04
2525.170,1.2780413810e-03,1.781258e-02,1.5065932559e+00,0.0690,8.0921e-04
2525.766,1.2781416106e-03,1.782642e-02,1.5065932559e+00,0.0690,7.8490e-04
2526.363,1.2782447329e-03,1.784148e-02,1.5065932559e+00,0.0690,7.7778e-04
2526.959,1.2783505316e-03,1.785770e-02,1.5065932559e+00,0.0690,7.8301e-04
2527.556,1.2784590450e-03,1.787499e-02,1.5065932559e+00,0.0690,7.9879e-04
2528.153,1.2785704515e-03,1.789321e-02,1.5065932559e+00,0.0690,8.2485e-04
2528.749,1.2786849227e-03,1.791219e-02,1.5065932559e+00,0.0690,8.6073e-04
2529.346,1.2788024920e-03,1.793172e-02,1.5065932559e+00,0.0690,9.0582e-04
2529.942,1.2789229849e-03,1.795158e-02,1.5065932559e+00,0.0690,9.5944e-04
2530.539,1.2790460374e-03,1.797150e-02,1.5065932559e+00,0.0690,1.0208e-03
2531.135,1.2791711935e-03,1.799124e-02,1.5065932559e+00,0.0690,1.0893e-03
2531.732,1.2792980431e-03,1.801055e-02,1.5065932559e+00,0.0690,1.1641e-03
2532.328,1.2794263449e-03,1.802917e-02,1.5065932559e+00,0.0690,1.2447e-03
2532.925,1.2795560877e-03,1.804690e-02,1.5065932559e+00,0.0690,1.3307e-03
2533.521,1.2796874644e-03,1.806354e-02,1.5065932559e+00,0.0690,1.4217e-03
2534.118,1.2798207634e-03,1.807890e-02,1.5065932559e+00,0.0690,1.5177e-03
2534.714,1.2799562029e-03,1.809309e-02,1.5065932559e+00,0.0690,1.6188e-03
2535.311,1.2800937485e-03,1.810637e-02,1.5065932559e+00,0.0690,1.7252e-03
2535.908,1.2802329645e-03,1.811890e-02,1.5065932559e+00,0.0690,1.8374e-03
2536.504,1.2803729065e-03,1.813085e-02,1.5065932559e+00,0.0690,1.9561e-03
2537.101,1.2805120995e-03,1.814233e-02,1.5065932559e+00,0.0690,2.0817e-03
2537.697,1.2806486287e-03,1.815334e-02,1.5065932559e+00,0.0690,2.2149e-03
2538.294,1.2807802799e-03,1.816376e-02,1.5065932559e+00,0.0690,2.3562e-03
2538.890,1.2809047161e-03,1.817345e-02,1.5065932559e+00,0.0690,2.5060e-03
2539.487,1.2810196996e-03,1.818246e-02,1.5065932559e+00,0.0690,2.6639e-03
2540.083,1.2811233431e-03,1.819062e-02,1.5065932559e+00,0.0690,2.8295e-03
2540.680,1.2812143312e-03,1.819752e-02,1.5065932559e+00,0.0690,3.0014e-03
2541.276,1.2812920578e-03,1.820294e-02,1.5065932559e+00,0.0690,3.1773e-03
2541.873,1.2813566506e-03,1.820697e-02,1.5065932559e+00,0.0690,3.3555e-03
2542.470,1.2814088989e-03,1.820982e-02,1.5065932559e+00,0.0690,3.5343e-03
2543.066,1.2814501224e-03,1.821165e-02,1.5065932559e+00,0.0690,3.7124e-03
2543.663,1.2814820159e-03,1.821262e-02,1.5065932559e+00,0.0690,3.8885e-03
2544.259,1.2815064800e-03,1.821283e-02,1.5065932559e+00,0.0690,4.0613e-03
2544.856,1.2815254331e-03,1.821235e-02,1.5065932559e+00,0.0690,4.2296e-03
2545.452,1.2815405988e-03,1.821123e-02,1.5065932559e+00,0.0690,4.3923e-03
2546.049,1.2815532875e-03,1.820950e-02,1.5065932559e+00,0.0690,4.5479e-03
2546.645,1.2815642111e-03,1.820717e-02,1.5065932559e+00,0.0690,4.6954e-03
2547.242,1.2815733794e-03,1.820424e-02,1.5065932559e+00,0.0690,4.8332e-03
2547.838,1.2815801088e-03,1.820072e-02,1.5065932559e+00,0.0690,4.9603e-03
2548.435,1.2815831480e-03,1.819662e-02,1.5065932559e+00,0.0690,5.0753e-03
2549.032,1.2815808941e-03,1.819196e-02,1.5065932559e+00,0.0690,5.1770e-03
2549.628,1.2815716612e-03,1.818677e-02,1.5065932559e+00,0.0690,5.2643e-03
2550.225,1.2815539576e-03,1.818110e-02,1.5065932559e+00,0.0690,5.3363e-03
2550.821,1.2815267286e-03,1.817499e-02,1.5065932559e+00,0.0690,5.3921e-03
2551.418,1.2814895309e-03,1.816851e-02,1.5065932559e+00,0.0690,5.4309e-03
2552.014,1.2814426241e-03,1.816174e-02,1.5065932559e+00,0.0690,5.4522e-03
2552.611,1.2813869735e-03,1.815472e-02,1.5065932559e+00,0.0690,5.4555e-03
2553.207,1.2813241741e-03,1.814753e-02,1.5065932559e+00,0.0690,5.4404e-03
2553.804,1.2812563102e-03,1.814020e-02,1.5065932559e+00,0.0690,5.4066e-03
2554.400,1.2811857699e-03,1.813276e-02,1.5065932559e+00,0.0690,5.3541e-03
2554.997,1.2811150385e-03,1.812521e-02,1.5065932559e+00,0.0690,5.2826e-03
2555.594,1.2810464950e-03,1.811752e-02,1.5065932559e+00,0.0690,5.1923e-03
2556.190,1.2809822378e-03,1.810966e-02,1.5065932559e+00,0.0690,5.0830e-03
2556.787,1.2809239204e-03,1.810155e-02,1.5065932559e+00,0.0690,4.9548e-03
2557.383,1.2808726521e-03,1.809312e-02,1.5065932559e+00,0.0690,4.8081e-03
2557.980,1.2808289788e-03,1.808429e-02,1.5065932559e+00,0.0690,4.6431e-03
2558.576,1.2807929103e-03,1.807497e-02,1.5065932559e+00,0.0690,4.4602e-03
2559.173,1.2807639616e-03,1.806503e-02,1.5065932559e+00,0.0690,4.2601e-03
2559.769,1.2807412062e-03,1.805456e-02,1.5065932559e+00,0.0690,4.0436e-03
2560.366,1.2807233577e-03,1.804396e-02,1.5065932559e+00,0.0690,3.8116e-03
2560.962,1.2807088960e-03,1.803319e-02,1.5065932559e+00,0.0690,3.5653e-03
2561.559,1.2806962302e-03,1.802188e-02,1.5065932559e+00,0.0690,3.3060e-03
2562.156,1.2806838652e-03,1.800969e-02,1.5065932559e+00,0.0690,3.0349e-03
2562.752,1.2806705241e-03,1.799637e-02,1.5065932559e+00,0.0690,2.7523e-03
2563.349,1.2806551988e-03,1.798183e-02,1.5065932559e+00,0.0690,2.4592e-03
2563.945,1.2806371307e-03,1.796618e-02,1.5065932559e+00,0.0690,2.1572e-03
2564.542,1.2806157540e-03,1.795001e-02,1.5065932559e+00,0.0690,1.8485e-03
2565.138,1.2805906460e-03,1.793395e-02,1.5065932559e+00,0.0690,1.8347e-03
2565.735,1.2805615680e-03,1.791867e-02,1.5065932559e+00,0.0690,2.0024e-03
2566.331,1.2805285060e-03,1.790448e-02,1.5065932559e+00,0.0690,2.1619e-03
2566.928,1.2804917091e-03,1.789156e-02,1.5065932559e+00,0.0690,2.3127e-03
2567.524,1.2804517655e-03,1.788007e-02,1.5065932559e+00,0.0690,2.4543e-03
2568.121,1.2804096890e-03,1.787014e-02,1.5065932559e+00,0.0690,2.5865e-03
2568.717,1.2803669608e-03,1.786178e-02,1.5065932559e+00,0.0690,2.7119e-03
2569.314,1.2803254778e-03,1.785502e-02,1.5065932559e+00,0.0690,2.8304e-03
2569.911,1.2802873848e-03,1.784996e-02,1.5065932559e+00,0.0690,2.9388e-03
2570.507,1.2802548157e-03,1.784674e-02,1.5065932559e+00,0.0690,3.0336e-03
2571.104,1.2802295945e-03,1.784553e-02,1.5065932559e+00,0.0690,3.1118e-03
2571.700,1.2802129584e-03,1.784636e-02,1.5065932559e+00,0.0690,3.1747e-03
2572.297,1.2802053512e-03,1.784922e-02,1.5065932559e+00,0.0690,3.2232e-03
2572.893,1.2802063120e-03,1.785405e-02,1.5065932559e+00,0.0690,3.2582e-03
2573.490,1.2802144703e-03,1.786080e-02,1.5065932559e+00,0.0690,3.2806e-03
2574.086,1.2802276493e-03,1.786935e-02,1.5065932559e+00,0.0690,3.2909e-03
2574.683,1.2802430739e-03,1.787959e-02,1.5065932559e+00,0.0690,3.2896e-03
2575.279,1.2802576630e-03,1.789138e-02,1.5065932559e+00,0.0690,3.2771e-03
2575.876,1.2802683679e-03,1.790457e-02,1.5065932559e+00,0.0690,3.2538e-03
2576.473,1.2802725002e-03,1.791899e-02,1.5065932559e+00,0.0690,3.2199e-03
2577.069,1.2802679953e-03,1.793448e-02,1.5065932559e+00,0.0690,3.1758e-03
2577.666,1.2802535764e-03,1.795088e-02,1.5065932559e+00,0.0690,3.1219e-03
2578.262,1.2802288140e-03,1.796805e-02,1.5065932559e+00,0.0690,3.0580e-03
2578.859,1.2801940975e-03,1.798589e-02,1.5065932559e+00,0.0690,2.9835e-03
2579.455,1.2801505408e-03,1.800426e-02,1.5065932559e+00,0.0690,2.8997e-03
2580.052,1.2800998360e-03,1.802299e-02,1.5065932559e+00,0.0690,2.8075e-03
2580.648,1.2800440590e-03,1.804197e-02,1.5065932559e+00,0.0690,2.7079e-03
2581.245,1.2799854329e-03,1.806101e-02,1.5065932559e+00,0.0690,2.6021e-03
2581.841,1.2799260696e-03,1.807989e-02,1.5065932559e+00,0.0690,2.4912e-03
2582.438,1.2798677306e-03,1.809838e-02,1.5065932559e+00,0.0690,2.3761e-03
2583.035,1.2798116566e-03,1.811621e-02,1.5065932559e+00,0.0690,2.2577e-03
2583.631,1.2797584978e-03,1.813309e-02,1.5065932559e+00,0.0690,2.1365e-03
2584.228,1.2797083518e-03,1.814874e-02,1.5065932559e+00,0.0690,2.0129e-03
2584.824,1.2796608734e-03,1.816287e-02,1.5065932559e+00,0.0690,1.8870e-03
2585.421,1.2796154063e-03,1.817502e-02,1.5065932559e+00,0.0690,1.7591e-03
2586.017,1.2795710876e-03,1.818474e-02,1.5065932559e+00,0.0690,1.6290e-03
2586.614,1.2795269039e-03,1.819177e-02,1.5065932559e+00,0.0690,1.4965e-03
2587.210,1.2794817119e-03,1.819640e-02,1.5065932559e+00,0.0690,1.3611e-03
2587.807,1.2794342600e-03,1.819902e-02,1.5065932559e+00,0.0690,1.2223e-03
2588.403,1.2793832519e-03,1.820000e-02,1.5065932559e+00,0.0690,1.0776e-03
2589.000,1.2793274693e-03,1.819952e-02,1.5065932559e+00,0.0690,9.2625e-04
2589.597,1.2792659465e-03,1.819753e-02,1.5065932559e+00,0.0690,7.7018e-04
2590.193,1.2791981560e-03,1.819411e-02,1.5065932559e+00,0.0690,6.0984e-04
2590.790,1.2791241547e-03,1.818931e-02,1.5065932559e+00,0.0690,4.4861e-04
2591.386,1.2790446439e-03,1.818295e-02,1.5065932559e+00,0.0690,4.2747e-04
2591.983,1.2789609217e-03,1.817475e-02,1.5065932559e+00,0.0690,6.5434e-04
2592.579,1.2788747300e-03,1.816450e-02,1.5065932559e+00,0.0690,8.8691e-04
2593.176,1.2787880299e-03,1.815212e-02,1.5065932559e+00,0.0690,1.1227e-03
2593.772,1.2787027471e-03,1.813758e-02,1.5065932559e+00,0.0690,1.3596e-03
2594.369,1.2786205420e-03,1.812105e-02,1.5065932559e+00,0.0690,1.5957e-03
2594.965,1.2785426422e-03,1.810268e-02,1.5065932559e+00,0.0690,1.8296e-03
2595.562,1.2784697651e-03,1.808259e-02,1.5065932559e+00,0.0690,2.0600e-03
2596.159,1.2784021359e-03,1.806092e-02,1.5065932559e+00,0.0690,2.2857e-03
2596.755,1.2783395887e-03,1.803779e-02,1.5065932559e+00,0.0690,2.5057e-03
2597.352,1.2782817269e-03,1.801338e-02,1.5065932559e+00,0.0690,2.7190e-03
2597.948,1.2782281134e-03,1.798787e-02,1.5065932559e+00,0.0690,2.9247e-03
2598.545,1.2781784521e-03,1.796151e-02,1.5065932559e+00,0.0690,3.1220e-03
2599.141,1.2781327294e-03,1.793456e-02,1.5065932559e+00,0.0690,3.3100e-03
2599.738,1.2780912829e-03,1.790733e-02,1.5065932559e+00,0.0690,3.4879e-03
2600.334,1.2780547890e-03,1.788014e-02,1.5065932559e+00,0.0690,3.6550e-03
2600.931,1.2780241770e-03,1.785336e-02,1.5065932559e+00,0.0690,3.8104e-03
2601.527,1.2780005017e-03,1.782731e-02,1.5065932559e+00,0.0690,3.9535e-03
2602.124,1.2779848091e-03,1.780235e-02,1.5065932559e+00,0.0690,4.0837e-03
2602.720,1.2779780229e-03,1.777879e-02,1.5065932559e+00,0.0690,4.2003e-03
2603.317,1.2779808623e-03,1.775694e-02,1.5065932559e+00,0.0690,4.3029e-03
2603.914,1.2779937891e-03,1.773707e-02,1.5065932559e+00,0.0690,4.3908e-03
2604.510,1.2780169765e-03,1.771939e-02,1.5065932559e+00,0.0690,4.4636e-03
2605.107,1.2780502993e-03,1.770410e-02,1.5065932559e+00,0.0690,4.5210e-03
2605.703,1.2780933526e-03,1.769132e-02,1.5065932559e+00,0.0690,4.5626e-03
2606.300,1.2781455030e-03,1.768115e-02,1.5065932559e+00,0.0690,4.5881e-03
2606.896,1.2782059717e-03,1.767362e-02,1.5065932559e+00,0.0690,4.5975e-03
2607.493,1.2782739348e-03,1.766871e-02,1.5065932559e+00,0.0690,4.5907e-03
2608.089,1.2783486253e-03,1.766637e-02,1.5065932559e+00,0.0690,4.5677e-03
2608.686,1.2784293941e-03,1.766649e-02,1.5065932559e+00,0.0690,4.5289e-03
2609.282,1.2785157082e-03,1.766914e-02,1.5065932559e+00,0.0690,4.4747e-03
2609.879,1.2786070961e-03,1.767438e-02,1.5065932559e+00,0.0690,4.4057e-03
2610.476,1.2787030767e-03,1.768216e-02,1.5065932559e+00,0.0690,4.3227e-03
2611.072,1.2788031068e-03,1.769204e-02,1.5065932559e+00,0.0690,4.2266e-03
2611.669,1.2789065741e-03,1.770358e-02,1.5065932559e+00,0.0690,4.1186e-03
2612.265,1.2790128397e-03,1.771635e-02,1.5065932559e+00,0.0690,3.9996e-03
2612.862,1.2791213201e-03,1.773002e-02,1.5065932559e+00,0.0690,3.8699e-03
2613.458,1.2792315943e-03,1.774442e-02,1.5065932559e+00,0.0690,3.7307e-03
2614.055,1.2793434976e-03,1.775957e-02,1.5065932559e+00,0.0690,3.5835e-03
2614.651,1.2794571672e-03,1.777557e-02,1.5065932559e+00,0.0690,3.4304e-03
2615.248,1.2795730444e-03,1.779260e-02,1.5065932559e+00,0.0690,3.2736e-03
2615.844,1.2796917858e-03,1.781081e-02,1.5065932559e+00,0.0690,3.1155e-03
2616.441,1.2798140844e-03,1.783039e-02,1.5065932559e+00,0.0690,2.9588e-03
2617.038,1.2799404644e-03,1.785150e-02,1.5065932559e+00,0.0690,2.8059e-03
2617.634,1.2800711245e-03,1.787420e-02,1.5065932559e+00,0.0690,2.6590e-03
2618.231,1.2802058685e-03,1.789867e-02,1.5065932559e+00,0.0690,2.5204e-03
2618.827,1.2803441286e-03,1.792509e-02,1.5065932559e+00,0.0690,2.3915e-03
2619.424,1.2804850612e-03,1.795352e-02,1.5065932559e+00,0.0690,2.2738e-03
2620.020,1.2806276847e-03,1.798381e-02,1.5065932559e+00,0.0690,2.1683e-03
2620.617,1.2807710266e-03,1.801569e-02,1.5065932559e+00,0.0690,2.0752e-03
2621.213,1.2809142490e-03,1.804860e-02,1.5065932559e+00,0.0690,1.9948e-03
2621.810,1.2810567174e-03,1.808189e-02,1.5065932559e+00,0.0690,1.9265e-03
2622.406,1.2811979878e-03,1.811495e-02,1.5065932559e+00,0.0690,1.8697e-03
2623.003,1.2813377113e-03,1.814720e-02,1.5065932559e+00,0.0690,1.8235e-03
2623.600,1.2814754790e-03,1.817813e-02,1.5065932559e+00,0.0690,1.7869e-03
2624.196,1.2816106603e-03,1.820738e-02,1.5065932559e+00,0.0690,1.7590e-03
2624.793,1.2817422846e-03,1.823456e-02,1.5065932559e+00,0.0690,1.7390e-03
2625.389,1.2818690027e-03,1.825936e-02,1.5065932559e+00,0.0690,1.7261e-03
2625.986,1.2819891349e-03,1.828157e-02,1.5065932559e+00,0.0690,1.7201e-03
2626.582,1.2821007862e-03,1.830112e-02,1.5065932559e+00,0.0690,1.7205e-03
2627.179,1.2822020037e-03,1.831800e-02,1.5065932559e+00,0.0690,1.7274e-03
2627.775,1.2822909473e-03,1.833244e-02,1.5065932559e+00,0.0690,1.7407e-03
2628.372,1.2823660569e-03,1.834491e-02,1.5065932559e+00,0.0690,1.7608e-03
2628.968,1.2824261974e-03,1.835574e-02,1.5065932559e+00,0.0690,1.7877e-03
2629.565,1.2824707616e-03,1.836509e-02,1.5065932559e+00,0.0690,1.8218e-03
2630.162,1.2824997109e-03,1.837288e-02,1.5065932559e+00,0.0690,1.8632e-03
2630.758,1.2825135395e-03,1.837900e-02,1.5065932559e+00,0.0690,1.9119e-03
2631.355,1.2825131694e-03,1.838335e-02,1.5065932559e+00,0.0690,1.9673e-03
2631.951,1.2824998031e-03,1.838584e-02,1.5065932559e+00,0.0690,2.0285e-03
2632.548,1.2824747762e-03,1.838642e-02,1.5065932559e+00,0.0690,2.0939e-03
2633.144,1.2824394511e-03,1.838496e-02,1.5065932559e+00,0.0690,2.1613e-03
2633.741,1.2823951630e-03,1.838132e-02,1.5065932559e+00,0.0690,2.2286e-03
2634.337,1.2823432057e-03,1.837539e-02,1.5065932559e+00,0.0690,2.2940e-03
2634.934,1.2822848272e-03,1.836719e-02,1.5065932559e+00,0.0690,2.3559e-03
2635.530,1.2822212019e-03,1.835653e-02,1.5065932559e+00,0.0690,2.4130e-03
2636.127,1.2821533609e-03,1.834311e-02,1.5065932559e+00,0.0690,2.4642e-03
2636.723,1.2820820925e-03,1.832671e-02,1.5065932559e+00,0.0690,2.5085e-03
2637.320,1.2820078448e-03,1.830740e-02,1.5065932559e+00,0.0690,2.5452e-03
2637.917,1.2819306687e-03,1.828547e-02,1.5065932559e+00,0.0690,2.5740e-03
2638.513,1.2818502363e-03,1.826126e-02,1.5065932559e+00,0.0690,2.5947e-03
2639.110,1.2817659387e-03,1.823517e-02,1.5065932559e+00,0.0690,2.6071e-03
2639.706,1.2816770596e-03,1.820757e-02,1.5065932559e+00,0.0690,2.6115e-03
2640.303,1.2815829366e-03,1.817883e-02,1.5065932559e+00,0.0690,2.6079e-03
2640.899,1.2814830932e-03,1.814927e-02,1.5065932559e+00,0.0690,2.5963e-03
2641.496,1.2813773534e-03,1.811915e-02,1.5065932559e+00,0.0690,2.5769e-03
2642.092,1.2812659052e-03,1.808867e-02,1.5065932559e+00,0.0690,2.5498e-03
2642.689,1.2811492937e-03,1.805802e-02,1.5065932559e+00,0.0690,2.5148e-03
2643.285,1.2810283540e-03,1.802733e-02,1.5065932559e+00,0.0690,2.4719e-03
2643.882,1.2809041097e-03,1.799671e-02,1.5065932559e+00,0.0690,2.4211e-03
2644.479,1.2807776440e-03,1.796627e-02,1.5065932559e+00,0.0690,2.3621e-03
2645.075,1.2806500277e-03,1.793611e-02,1.5065932559e+00,0.0690,2.2949e-03
2645.672,1.2805223293e-03,1.790643e-02,1.5065932559e+00,0.0690,2.2194e-03
2646.268,1.2803953706e-03,1.787748e-02,1.5065932559e+00,0.0690,2.1354e-03
2646.865,1.2802695208e-03,1.784956e-02,1.5065932559e+00,0.0690,2.0431e-03
2647.461,1.2801447158e-03,1.782295e-02,1.5065932559e+00,0.0690,1.9424e-03
2648.058,1.2800206622e-03,1.779788e-02,1.5065932559e+00,0.0690,1.8333e-03
2648.654,1.2798970924e-03,1.777425e-02,1.5065932559e+00,0.0690,1.7159e-03
2649.251,1.2797739502e-03,1.775197e-02,1.5065932559e+00,0.0690,1.5905e-03
2649.847,1.2796514570e-03,1.773107e-02,1.5065932559e+00,0.0690,1.4569e-03
2650.444,1.2795300976e-03,1.771161e-02,1.5065932559e+00,0.0690,1.4361e-03
2651.041,1.2794106000e-03,1.769371e-02,1.5065932559e+00,0.0690,1.5366e-03
2651.637,1.2792939544e-03,1.767741e-02,1.5065932559e+00,0.0690,1.6371e-03
2652.234,1.2791814493e-03,1.766284e-02,1.5065932559e+00,0.0690,1.7368e-03
2652.830,1.2790746655e-03,1.765021e-02,1.5065932559e+00,0.0690,1.8353e-03
2653.427,1.2789753736e-03,1.763981e-02,1.5065932559e+00,0.0690,1.9316e-03
2654.023,1.2788853324e-03,1.763204e-02,1.5065932559e+00,0.0690,2.0250e-03
2654.620,1.2788060339e-03,1.762725e-02,1.5065932559e+00,0.0690,2.1143e-03
2655.216,1.2787384611e-03,1.762561e-02,1.5065932559e+00,0.0690,2.1990e-03
2655.813,1.2786829143e-03,1.762715e-02,1.5065932559e+00,0.0690,2.2806e-03
2656.409,1.2786389332e-03,1.763173e-02,1.5065932559e+00,0.0690,2.3577e-03
2657.006,1.2786053224e-03,1.763906e-02,1.5065932559e+00,0.0690,2.4278e-03
2657.603,1.2785802768e-03,1.764891e-02,1.5065932559e+00,0.0690,2.4889e-03
2658.199,1.2785615925e-03,1.766115e-02,1.5065932559e+00,0.0690,2.5386e-03
2658.796,1.2785469385e-03,1.767563e-02,1.5065932559e+00,0.0690,2.5757e-03
2659.392,1.2785341495e-03,1.769221e-02,1.5065932559e+00,0.0690,2.6010e-03
2659.989,1.2785214852e-03,1.771072e-02,1.5065932559e+00,0.0690,2.6151e-03
2660.585,1.2785078151e-03,1.773107e-02,1.5065932559e+00,0.0690,2.6187e-03
2661.182,1.2784927045e-03,1.775311e-02,1.5065932559e+00,0.0690,2.6121e-03
2661.778,1.2784764033e-03,1.777672e-02,1.5065932559e+00,0.0690,2.5957e-03
2662.375,1.2784597616e-03,1.780173e-02,1.5065932559e+00,0.0690,2.5698e-03
2662.971,1.2784440985e-03,1.782797e-02,1.5065932559e+00,0.0690,2.5347e-03
2663.568,1.2784310473e-03,1.785524e-02,1.5065932559e+00,0.0690,2.4908e-03
2664.164,1.2784223935e-03,1.788331e-02,1.5065932559e+00,0.0690,2.4382e-03
2664.761,1.2784199161e-03,1.791195e-02,1.5065932559e+00,0.0690,2.3775e-03
2665.358,1.2784252379e-03,1.794091e-02,1.5065932559e+00,0.0690,2.3088e-03
2665.954,1.2784396882e-03,1.796995e-02,1.5065932559e+00,0.0690,2.2326e-03
2666.551,1.2784641779e-03,1.799882e-02,1.5065932559e+00,0.0690,2.1492e-03
2667.147,1.2784990878e-03,1.802731e-02,1.5065932559e+00,0.0690,2.0590e-03
2667.744,1.2785441736e-03,1.805520e-02,1.5065932559e+00,0.0690,1.9617e-03
2668.340,1.2785985047e-03,1.808228e-02,1.5065932559e+00,0.0690,1.8581e-03
2668.937,1.2786604603e-03,1.810838e-02,1.5065932559e+00,0.0690,1.7487e-03
2669.533,1.2787278114e-03,1.813328e-02,1.5065932559e+00,0.0690,1.6343e-03
2670.130,1.2787979049e-03,1.815677e-02,1.5065932559e+00,0.0690,1.5155e-03
2670.726,1.2788679186e-03,1.817866e-02,1.5065932559e+00,0.0690,1.3929e-03
2671.323,1.2789351527e-03,1.819873e-02,1.5065932559e+00,0.0690,1.2667e-03
2671.920,1.2789973211e-03,1.821674e-02,1.5065932559e+00,0.0690,1.1369e-03
2672.516,1.2790528008e-03,1.823236e-02,1.5065932559e+00,0.0690,1.0028e-03
2673.113,1.2791007933e-03,1.824526e-02,1.5065932559e+00,0.0690,8.6489e-04
2673.709,1.2791413668e-03,1.825522e-02,1.5065932559e+00,0.0690,7.2343e-04
2674.306,1.2791753689e-03,1.826242e-02,1.5065932559e+00,0.0690,5.7854e-04
2674.902,1.2792042271e-03,1.826721e-02,1.5065932559e+00,0.0690,4.2841e-04
2675.499,1.2792296799e-03,1.826971e-02,1.5065932559e+00,0.0690,2.7593e-04
2676.095,1.2792534918e-03,1.827005e-02,1.5065932559e+00,0.0690,4.2912e-04
2676.692,1.2792772076e-03,1.826824e-02,1.5065932559e+00,0.0690,6.4424e-04
2677.288,1.2793019839e-03,1.826416e-02,1.5065932559e+00,0.0690,8.7220e-04
2677.885,1.2793285188e-03,1.825781e-02,1.5065932559e+00,0.0690,1.1120e-03
2678.482,1.2793570721e-03,1.824921e-02,1.5065932559e+00,0.0690,1.3622e-03
2679.078,1.2793875512e-03,1.823805e-02,1.5065932559e+00,0.0690,1.6213e-03
2679.675,1.2794196303e-03,1.822411e-02,1.5065932559e+00,0.0690,1.8869e-03
2680.271,1.2794528803e-03,1.820756e-02,1.5065932559e+00,0.0690,2.1566e-03
2680.868,1.2794867941e-03,1.818871e-02,1.5065932559e+00,0.0690,2.4282e-03
2681.464,1.2795207527e-03,1.816797e-02,1.5065932559e+00,0.0690,2.7001e-03
2682.061,1.2795540055e-03,1.814579e-02,1.5065932559e+00,0.0690,2.9708e-03
2682.657,1.2795856646e-03,1.812255e-02,1.5065932559e+00,0.0690,3.2390e-03
2683.254,1.2796147031e-03,1.809868e-02,1.5065932559e+00,0.0690,3.5035e-03
2683.850,1.2796399736e-03,1.807453e-02,1.5065932559e+00,0.0690,3.7630e-03
2684.447,1.2796602896e-03,1.805045e-02,1.5065932559e+00,0.0690,4.0164e-03
2685.044,1.2796745918e-03,1.802677e-02,1.5065932559e+00,0.0690,4.2625e-03
2685.640,1.2796821825e-03,1.800377e-02,1.5065932559e+00,0.0690,4.4999e-03
2686.237,1.2796829676e-03,1.798172e-02,1.5065932559e+00,0.0690,4.7273e-03
2686.833,1.2796776262e-03,1.796085e-02,1.5065932559e+00,0.0690,4.9435e-03
2687.430,1.2796676494e-03,1.794136e-02,1.5065932559e+00,0.0690,5.1469e-03
2688.026,1.2796552346e-03,1.792348e-02,1.5065932559e+00,0.0690,5.3368e-03
2688.623,1.2796430408e-03,1.790750e-02,1.5065932559e+00,0.0690,5.5145e-03
2689.219,1.2796339292e-03,1.789361e-02,1.5065932559e+00,0.0690,5.6789e-03
2689.816,1.2796306720e-03,1.788189e-02,1.5065932559e+00,0.0690,5.8285e-03
2690.412,1.2796356172e-03,1.787235e-02,1.5065932559e+00,0.0690,5.9613e-03
2691.009,1.2796504248e-03,1.786491e-02,1.5065932559e+00,0.0690,6.0747e-03
2691.606,1.2796759123e-03,1.785949e-02,1.5065932559e+00,0.0690,6.1666e-03
2692.202,1.2797120081e-03,1.785593e-02,1.5065932559e+00,0.0690,6.2347e-03
2692.799,1.2797578021e-03,1.785397e-02,1.5065932559e+00,0.0690,6.2772e-03
2693.395,1.2798116815e-03,1.785335e-02,1.5065932559e+00,0.0690,6.2922e-03
2693.992,1.2798715441e-03,1.785379e-02,1.5065932559e+00,0.0690,6.2786e-03
2694.588,1.2799350711e-03,1.785518e-02,1.5065932559e+00,0.0690,6.2376e-03
2695.185,1.2800000106e-03,1.785758e-02,1.5065932559e+00,0.0690,6.1731e-03
2695.781,1.2800644259e-03,1.786096e-02,1.5065932559e+00,0.0690,6.0865e-03
2696.378,1.2801268612e-03,1.786536e-02,1.5065932559e+00,0.0690,5.9792e-03
2696.974,1.2801864038e-03,1.787087e-02,1.5065932559e+00,0.0690,5.8525e-03
2697.571,1.2802426399e-03,1.787761e-02,1.5065932559e+00,0.0690,5.7077e-03
2698.167,1.2802955526e-03,1.788575e-02,1.5065932559e+00,0.0690,5.5460e-03
2698.764,1.2803454145e-03,1.789540e-02,1.5065932559e+00,0.0690,5.3688e-03
2699.361,1.2803926982e-03,1.790664e-02,1.5065932559e+00,0.0690,5.1773e-03
2699.957,1.2804380316e-03,1.791948e-02,1.5065932559e+00,0.0690,4.9730e-03
2700.554,1.2804822023e-03,1.793392e-02,1.5065932559e+00,0.0690,4.7571e-03
2701.150,1.2805261822e-03,1.795031e-02,1.5065932559e+00,0.0690,4.5311e-03
2701.747,1.2805711228e-03,1.796829e-02,1.5065932559e+00,0.0690,4.2962e-03
2702.343,1.2806182799e-03,1.798708e-02,1.5065932559e+00,0.0690,4.0535e-03
2702.940,1.2806688610e-03,1.800601e-02,1.5065932559e+00,0.0690,3.8032e-03
2703.536,1.2807238266e-03,1.802431e-02,1.5065932559e+00,0.0690,3.5456e-03
2704.133,1.2807837060e-03,1.804185e-02,1.5065932559e+00,0.0690,3.2814e-03
2704.729,1.2808484871e-03,1.805864e-02,1.5065932559e+00,0.0690,3.0119e-03
2705.326,1.2809176145e-03,1.807466e-02,1.5065932559e+00,0.0690,2.7383e-03
2705.923,1.2809901031e-03,1.808992e-02,1.5065932559e+00,0.0690,2.4625e-03
2706.519,1.2810647400e-03,1.810431e-02,1.5065932559e+00,0.0690,2.1862e-03
2707.116,1.2811403144e-03,1.811768e-02,1.5065932559e+00,0.0690,1.9116e-03
2707.712,1.2812158184e-03,1.812993e-02,1.5065932559e+00,0.0690,1.6405e-03
2708.309,1.2812905837e-03,1.814107e-02,1.5065932559e+00,0.0690,1.6485e-03
2708.905,1.2813643255e-03,1.815115e-02,1.5065932559e+00,0.0690,1.7664e-03
2709.502,1.2814370777e-03,1.816029e-02,1.5065932559e+00,0.0690,1.8738e-03
2710.098,1.2815090392e-03,1.816863e-02,1.5065932559e+00,0.0690,1.9702e-03
2710.695,1.2815803580e-03,1.817633e-02,1.5065932559e+00,0.0690,2.0553e-03
2711.291,1.2816509006e-03,1.818355e-02,1.5065932559e+00,0.0690,2.1289e-03
2711.888,1.2817200616e-03,1.819041e-02,1.5065932559e+00,0.0690,2.1912e-03
2712.485,1.2817866715e-03,1.819695e-02,1.5065932559e+00,0.0690,2.2441e-03
2713.081,1.2818490331e-03,1.820315e-02,1.5065932559e+00,0.0690,2.2883e-03
2713.678,1.2819050747e-03,1.820901e-02,1.5065932559e+00,0.0690,2.3225e-03
2714.274,1.2819525806e-03,1.821449e-02,1.5065932559e+00,0.0690,2.3461e-03
2714.871,1.2819894477e-03,1.821948e-02,1.5065932559e+00,0.0690,2.3592e-03
2715.467,1.2820139229e-03,1.822383e-02,1.5065932559e+00,0.0690,2.3623e-03
2716.064,1.2820247882e-03,1.822738e-02,1.5065932559e+00,0.0690,2.3561e-03
2716.660,1.2820214870e-03,1.822999e-02,1.5065932559e+00,0.0690,2.3410e-03
2717.257,1.2820041762e-03,1.823147e-02,1.5065932559e+00,0.0690,2.3178e-03
2717.853,1.2819736897e-03,1.823168e-02,1.5065932559e+00,0.0690,2.2879e-03
2718.450,1.2819314071e-03,1.823048e-02,1.5065932559e+00,0.0690,2.2519e-03
2719.047,1.2818790546e-03,1.822779e-02,1.5065932559e+00,0.0690,2.2107e-03
2719.643,1.2818184845e-03,1.822355e-02,1.5065932559e+00,0.0690,2.1647e-03
2720.240,1.2817514806e-03,1.821774e-02,1.5065932559e+00,0.0690,2.1144e-03
2720.836,1.2816796125e-03,1.821039e-02,1.5065932559e+00,0.0690,2.0602e-03
2721.433,1.2816041144e-03,1.820156e-02,1.5065932559e+00,0.0690,2.0023e-03
2722.029,1.2815259176e-03,1.819139e-02,1.5065932559e+00,0.0690,1.9411e-03
2722.626,1.2814456010e-03,1.817987e-02,1.5065932559e+00,0.0690,1.8769e-03
2723.222,1.2813632402e-03,1.816701e-02,1.5065932559e+00,0.0690,1.8102e-03
2723.819,1.2812784185e-03,1.815288e-02,1.5065932559e+00,0.0690,1.7414e-03
2724.415,1.2811904228e-03,1.813750e-02,1.5065932559e+00,0.0690,1.6708e-03
2725.012,1.2810985040e-03,1.812136e-02,1.5065932559e+00,0.0690,1.5980e-03
2725.609,1.2810020627e-03,1.810491e-02,1.5065932559e+00,0.0690,1.5234e-03
2726.205,1.2809006881e-03,1.808828e-02,1.5065932559e+00,0.0690,1.4476e-03
2726.802,1.2807940728e-03,1.807153e-02,1.5065932559e+00,0.0690,1.3721e-03
2727.398,1.2806818957e-03,1.805471e-02,1.5065932559e+00,0.0690,1.2982e-03
2727.995,1.2805637663e-03,1.803786e-02,1.5065932559e+00,0.0690,1.2272e-03
2728.591,1.2804392761e-03,1.802095e-02,1.5065932559e+00,0.0690,1.1611e-03
2729.188,1.2803081358e-03,1.800390e-02,1.5065932559e+00,0.0690,1.1010e-03
2729.784,1.2801703427e-03,1.798664e-02,1.5065932559e+00,0.0690,1.0459e-03
2730.381,1.2800263230e-03,1.796914e-02,1.5065932559e+00,0.0690,9.9519e-04
2730.977,1.2798770157e-03,1.795143e-02,1.5065932559e+00,0.0690,9.4847e-04
2731.574,1.2797238867e-03,1.793328e-02,1.5065932559e+00,0.0690,9.0541e-04
2732.170,1.2795688671e-03,1.791450e-02,1.5065932559e+00,0.0690,8.6570e-04
2732.767,1.2794142165e-03,1.789502e-02,1.5065932559e+00,0.0690,8.2897e-04
2733.364,1.2792623169e-03,1.787500e-02,1.5065932559e+00,0.0690,7.9652e-04
2733.960,1.2791154224e-03,1.785484e-02,1.5065932559e+00,0.0690,8.7963e-04
2734.557,1.2789754096e-03,1.783504e-02,1.5065932559e+00,0.0690,9.5748e-04
2735.153,1.2788435805e-03,1.781612e-02,1.5065932559e+00,0.0690,1.0298e-03
2735.750,1.2787205608e-03,1.779857e-02,1.5065932559e+00,0.0690,1.0967e-03
2736.346,1.2786063096e-03,1.778283e-02,1.5065932559e+00,0.0690,1.1580e-03
2736.943,1.2785002297e-03,1.776919e-02,1.5065932559e+00,0.0690,1.2140e-03
2737.539,1.2784013448e-03,1.775784e-02,1.5065932559e+00,0.0690,1.2648e-03
2738.136,1.2783085069e-03,1.774885e-02,1.5065932559e+00,0.0690,1.3103e-03
2738.732,1.2782206002e-03,1.774218e-02,1.5065932559e+00,0.0690,1.3505e-03
2739.329,1.2781367184e-03,1.773772e-02,1.5065932559e+00,0.0690,1.3851e-03
2739.926,1.2780562961e-03,1.773512e-02,1.5065932559e+00,0.0690,1.4137e-03
2740.522,1.2779791837e-03,1.773399e-02,1.5065932559e+00,0.0690,1.4357e-03
2741.119,1.2779056586e-03,1.773394e-02,1.5065932559e+00,0.0690,1.4507e-03
2741.715,1.2778363766e-03,1.773469e-02,1.5065932559e+00,0.0690,1.4582e-03
2742.312,1.2777722754e-03,1.773602e-02,1.5065932559e+00,0.0690,1.4575e-03
2742.908,1.2777144567e-03,1.773780e-02,1.5065932559e+00,0.0690,1.4482e-03
2743.505,1.2776640696e-03,1.773993e-02,1.5065932559e+00,0.0690,1.4304e-03
2744.101,1.2776222188e-03,1.774233e-02,1.5065932559e+00,0.0690,1.4045e-03
2744.698,1.2775899045e-03,1.774497e-02,1.5065932559e+00,0.0690,1.3713e-03
2745.294,1.2775679867e-03,1.774790e-02,1.5065932559e+00,0.0690,1.3320e-03
2745.891,1.2775571556e-03,1.775123e-02,1.5065932559e+00,0.0690,1.2876e-03
2746.488,1.2775578940e-03,1.775509e-02,1.5065932559e+00,0.0690,1.2391e-03
2747.084,1.2775704240e-03,1.775956e-02,1.5065932559e+00,0.0690,1.1879e-03
2747.681,1.2775946519e-03,1.776474e-02,1.5065932559e+00,0.0690,1.1354e-03
2748.277,1.2776301336e-03,1.777067e-02,1.5065932559e+00,0.0690,1.0830e-03
2748.874,1.2776760869e-03,1.777740e-02,1.5065932559e+00,0.0690,1.0323e-03
2749.470,1.2777314576e-03,1.778495e-02,1.5065932559e+00,0.0690,9.8476e-04
2750.067,1.2777950364e-03,1.779334e-02,1.5065932559e+00,0.0690,9.4168e-04
2750.663,1.2778656001e-03,1.780256e-02,1.5065932559e+00,0.0690,9.0433e-04
2751.260,1.2779420268e-03,1.781260e-02,1.5065932559e+00,0.0690,8.7378e-04
2751.856,1.2780233628e-03,1.782358e-02,1.5065932559e+00,0.0690,8.5093e-04
2752.453,1.2781088517e-03,1.783557e-02,1.5065932559e+00,0.0690,8.3648e-04
2753.050,1.2781979445e-03,1.784864e-02,1.5065932559e+00,0.0690,8.3099e-04
2753.646,1.2782903042e-03,1.786277e-02,1.5065932559e+00,0.0690,8.3476e-04
2754.243,1.2783858009e-03,1.787792e-02,1.5065932559e+00,0.0690,8.4794e-04
2754.839,1.2784844824e-03,1.789400e-02,1.5065932559e+00,0.0690,8.7045e-04
2755.436,1.2785865090e-03,1.791087e-02,1.5065932559e+00,0.0690,9.0203e-04
2756.032,1.2786920599e-03,1.792837e-02,1.5065932559e+00,0.0690,9.4227e-04
2756.629,1.2788012310e-03,1.794630e-02,1.5065932559e+00,0.0690,9.9065e-04
2757.225,1.2789139568e-03,1.796443e-02,1.5065932559e+00,0.0690,1.0466e-03
2757.822,1.2790299764e-03,1.798253e-02,1.5065932559e+00,0.0690,1.1094e-03
2758.418,1.2791488549e-03,1.800036e-02,1.5065932559e+00,0.0690,1.1786e-03
2759.015,1.2792700491e-03,1.801767e-02,1.5065932559e+00,0.0690,1.2536e-03
2759.612,1.2793929996e-03,1.803425e-02,1.5065932559e+00,0.0690,1.3339e-03
2760.208,1.2795172249e-03,1.804992e-02,1.5065932559e+00,0.0690,1.4192e-03
2760.805,1.2796423935e-03,1.806447e-02,1.5065932559e+00,0.0690,1.5095e-03
2761.401,1.2797683544e-03,1.807801e-02,1.5065932559e+00,0.0690,1.6046e-03
2761.998,1.2798951137e-03,1.809074e-02,1.5065932559e+00,0.0690,1.7049e-03
2762.594,1.2800227524e-03,1.810279e-02,1.5065932559e+00,0.0690,1.8106e-03
2763.191,1.2801512966e-03,1.811431e-02,1.5065932559e+00,0.0690,1.9223e-03
2763.787,1.2802805610e-03,1.812541e-02,1.5065932559e+00,0.0690,2.0406e-03
2764.384,1.2804099989e-03,1.813609e-02,1.5065932559e+00,0.0690,2.1659e-03
2764.980,1.2805385987e-03,1.814630e-02,1.5065932559e+00,0.0690,2.2988e-03
2765.577,1.2806648581e-03,1.815585e-02,1.5065932559e+00,0.0690,2.4395e-03
2766.173,1.2807868402e-03,1.816473e-02,1.5065932559e+00,0.0690,2.5881e-03
2766.770,1.2809023571e-03,1.817298e-02,1.5065932559e+00,0.0690,2.7441e-03
2767.367,1.2810092263e-03,1.818030e-02,1.5065932559e+00,0.0690,2.9068e-03
2767.963,1.2811055329e-03,1.818636e-02,1.5065932559e+00,0.0690,3.0742e-03
2768.560,1.2811898752e-03,1.819104e-02,1.5065932559e+00,0.0690,3.2444e-03
2769.156,1.2812615665e-03,1.819451e-02,1.5065932559e+00,0.0690,3.4157e-03
2769.753,1.2813207518e-03,1.819696e-02,1.5065932559e+00,0.0690,3.5868e-03
2770.349,1.2813683965e-03,1.819857e-02,1.5065932559e+00,0.0690,3.7564e-03
2770.946,1.2814061339e-03,1.819948e-02,1.5065932559e+00,0.0690,3.9233e-03
2771.542,1.2814359989e-03,1.819980e-02,1.5065932559e+00,0.0690,4.0864e-03
2772.139,1.2814601099e-03,1.819959e-02,1.5065932559e+00,0.0690,4.2446e-03
2772.735,1.2814803622e-03,1.819890e-02,1.5065932559e+00,0.0690,4.3967e-03
2773.332,1.2814981846e-03,1.819775e-02,1.5065932559e+00,0.0690,4.5417e-03
2773.929,1.2815143779e-03,1.819616e-02,1.5065932559e+00,0.0690,4.6782e-03
2774.525,1.2815290396e-03,1.819413e-02,1.5065932559e+00,0.0690,4.8051e-03
2775.122,1.2815415743e-03,1.819166e-02,1.5065932559e+00,0.0690,4.9212e-03
2775.718,1.2815507935e-03,1.818875e-02,1.5065932559e+00,0.0690,5.0254e-03
2776.315,1.2815551082e-03,1.818541e-02,1.5065932559e+00,0.0690,5.1164e-03
2776.911,1.2815527991e-03,1.818165e-02,1.5065932559e+00,0.0690,5.1935e-03
2777.508,1.2815423228e-03,1.817750e-02,1.5065932559e+00,0.0690,5.2556e-03
2778.104,1.2815225969e-03,1.817300e-02,1.5065932559e+00,0.0690,5.3019e-03
2778.701,1.2814932001e-03,1.816818e-02,1.5065932559e+00,0.0690,5.3319e-03
2779.297,1.2814544558e-03,1.816307e-02,1.5065932559e+00,0.0690,5.3450e-03
2779.894,1.2814074014e-03,1.815773e-02,1.5065932559e+00,0.0690,5.3408e-03
2780.491,1.2813536720e-03,1.815217e-02,1.5065932559e+00,0.0690,5.3189e-03
2781.087,1.2812953336e-03,1.814642e-02,1.5065932559e+00,0.0690,5.2792e-03
2781.684,1.2812346918e-03,1.814048e-02,1.5065932559e+00,0.0690,5.2216e-03
2782.280,1.2811740906e-03,1.813435e-02,1.5065932559e+00,0.0690,5.1459e-03
2782.877,1.2811157143e-03,1.812798e-02,1.5065932559e+00,0.0690,5.0524e-03
2783.473,1.2810614065e-03,1.812135e-02,1.5065932559e+00,0.0690,4.9410e-03
2784.070,1.2810125288e-03,1.811440e-02,1.5065932559e+00,0.0690,4.8119e-03
2784.666,1.2809698789e-03,1.810705e-02,1.5065932559e+00,0.0690,4.6654e-03
2785.263,1.2809336779e-03,1.809926e-02,1.5065932559e+00,0.0690,4.5019e-03
2785.859,1.2809036222e-03,1.809097e-02,1.5065932559e+00,0.0690,4.3220e-03
2786.456,1.2808789791e-03,1.808206e-02,1.5065932559e+00,0.0690,4.1262e-03
2787.053,1.2808587198e-03,1.807278e-02,1.5065932559e+00,0.0690,3.9154e-03
2787.649,1.2808416314e-03,1.806349e-02,1.5065932559e+00,0.0690,3.6907e-03
2788.246,1.2808264230e-03,1.805395e-02,1.5065932559e+00,0.0690,3.4530e-03
2788.842,1.2808118471e-03,1.804379e-02,1.5065932559e+00,0.0690,3.2037e-03
2789.439,1.2807968022e-03,1.803272e-02,1.5065932559e+00,0.0690,2.9434e-03
2790.035,1.2807803807e-03,1.802051e-02,1.5065932559e+00,0.0690,2.6725e-03
2790.632,1.2807618570e-03,1.800709e-02,1.5065932559e+00,0.0690,2.3920e-03
2791.228,1.2807406456e-03,1.799264e-02,1.5065932559e+00,0.0690,2.1037e-03
2791.825,1.2807162699e-03,1.797774e-02,1.5065932559e+00,0.0690,1.8093e-03
2792.421,1.2806883741e-03,1.796294e-02,1.5065932559e+00,0.0690,1.7961e-03
2793.018,1.2806567790e-03,1.794885e-02,1.5065932559e+00,0.0690,1.9555e-03
2793.614,1.2806215602e-03,1.793573e-02,1.5065932559e+00,0.0690,2.1072e-03
2794.211,1.2805831230e-03,1.792372e-02,1.5065932559e+00,0.0690,2.2506e-03
2794.808,1.2805422496e-03,1.791290e-02,1.5065932559e+00,0.0690,2.3853e-03
2795.404,1.2805001073e-03,1.790338e-02,1.5065932559e+00,0.0690,2.5111e-03
2796.001,1.2804582090e-03,1.789516e-02,1.5065932559e+00,0.0690,2.6293e-03
2796.597,1.2804182987e-03,1.788822e-02,1.5065932559e+00,0.0690,2.7415e-03
2797.194,1.2803822303e-03,1.788265e-02,1.5065932559e+00,0.0690,2.8442e-03
2797.790,1.2803518192e-03,1.787856e-02,1.5065932559e+00,0.0690,2.9348e-03
2798.387,1.2803284765e-03,1.787613e-02,1.5065932559e+00,0.0690,3.0096e-03
2798.983,1.2803128905e-03,1.787545e-02,1.5065932559e+00,0.0690,3.0690e-03
2799.580,1.2803049020e-03,1.787652e-02,1.5065932559e+00,0.0690,3.1141e-03
2800.176,1.2803035484e-03,1.787936e-02,1.5065932559e+00,0.0690,3.1460e-03
2800.773,1.2803071979e-03,1.788391e-02,1.5065932559e+00,0.0690,3.1654e-03
2801.370,1.2803137042e-03,1.789013e-02,1.5065932559e+00,0.0690,3.1732e-03
2801.966,1.2803205686e-03,1.789792e-02,1.5065932559e+00,0.0690,3.1699e-03
2802.563,1.2803251358e-03,1.790718e-02,1.5065932559e+00,0.0690,3.1561e-03
2803.159,1.2803248506e-03,1.791775e-02,1.5065932559e+00,0.0690,3.1322e-03
2803.756,1.2803175501e-03,1.792950e-02,1.5065932559e+00,0.0690,3.0987e-03
2804.352,1.2803017243e-03,1.794227e-02,1.5065932559e+00,0.0690,3.0559e-03
2804.949,1.2802766702e-03,1.795591e-02,1.5065932559e+00,0.0690,3.0044e-03
2805.545,1.2802425064e-03,1.797027e-02,1.5065932559e+00,0.0690,2.9443e-03
2806.142,1.2802000711e-03,1.798520e-02,1.5065932559e+00,0.0690,2.8761e-03
2806.738,1.2801507573e-03,1.800068e-02,1.5065932559e+00,0.0690,2.7986e-03
2807.335,1.2800963314e-03,1.801659e-02,1.5065932559e+00,0.0690,2.7129e-03
2807.932,1.2800387495e-03,1.803280e-02,1.5065932559e+00,0.0690,2.6203e-03
2808.528,1.2799799633e-03,1.804915e-02,1.5065932559e+00,0.0690,2.5218e-03
2809.125,1.2799217138e-03,1.806549e-02,1.5065932559e+00,0.0690,2.4185e-03
2809.721,1.2798653384e-03,1.808161e-02,1.5065932559e+00,0.0690,2.3113e-03
2810.318,1.2798116374e-03,1.809729e-02,1.5065932559e+00,0.0690,2.2009e-03
2810.914,1.2797608413e-03,1.811229e-02,1.5065932559e+00,0.0690,2.0879e-03
2811.511,1.2797126853e-03,1.812636e-02,1.5065932559e+00,0.0690,1.9727e-03
2812.107,1.2796665532e-03,1.813922e-02,1.5065932559e+00,0.0690,1.8554e-03
2812.704,1.2796216294e-03,1.815042e-02,1.5065932559e+00,0.0690,1.7364e-03
2813.300,1.2795770062e-03,1.815956e-02,1.5065932559e+00,0.0690,1.6156e-03
2813.897,1.2795317242e-03,1.816638e-02,1.5065932559e+00,0.0690,1.4927e-03
2814.494,1.2794847698e-03,1.817116e-02,1.5065932559e+00,0.0690,1.3673e-03
2815.090,1.2794350741e-03,1.817430e-02,1.5065932559e+00,0.0690,1.2372e-03
2815.687,1.2793815585e-03,1.817608e-02,1.5065932559e+00,0.0690,1.1020e-03
2816.283,1.2793232450e-03,1.817660e-02,1.5065932559e+00,0.0690,9.6233e-04
2816.880,1.2792594174e-03,1.817581e-02,1.5065932559e+00,0.0690,8.1938e-04
2817.476,1.2791897910e-03,1.817371e-02,1.5065932559e+00,0.0690,6.7340e-04
2818.073,1.2791146386e-03,1.817035e-02,1.5065932559e+00,0.0690,5.2591e-04
2818.669,1.2790348299e-03,1.816559e-02,1.5065932559e+00,0.0690,3.8236e-04
2819.266,1.2789517657e-03,1.815935e-02,1.5065932559e+00,0.0690,5.2296e-04
2819.862,1.2788672136e-03,1.815132e-02,1.5065932559e+00,0.0690,7.3101e-04
2820.459,1.2787830791e-03,1.814134e-02,1.5065932559e+00,0.0690,9.4465e-04
2821.056,1.2787011576e-03,1.812928e-02,1.5065932559e+00,0.0690,1.1614e-03
2821.652,1.2786229193e-03,1.811512e-02,1.5065932559e+00,0.0690,1.3792e-03
2822.249,1.2785493657e-03,1.809902e-02,1.5065932559e+00,0.0690,1.5964e-03
2822.845,1.2784809809e-03,1.808115e-02,1.5065932559e+00,0.0690,1.8117e-03
2823.442,1.2784177771e-03,1.806170e-02,1.5065932559e+00,0.0690,2.0237e-03
2824.038,1.2783594195e-03,1.804084e-02,1.5065932559e+00,0.0690,2.2315e-03
2824.635,1.2783054030e-03,1.801877e-02,1.5065932559e+00,0.0690,2.4340e-03
2825.231,1.2782552464e-03,1.799570e-02,1.5065932559e+00,0.0690,2.6305e-03
2825.828,1.2782086714e-03,1.797186e-02,1.5065932559e+00,0.0690,2.8201e-03
2826.424,1.2781657325e-03,1.794753e-02,1.5065932559e+00,0.0690,3.0020e-03
2827.021,1.2781268709e-03,1.792298e-02,1.5065932559e+00,0.0690,3.1754e-03
2827.617,1.2780928844e-03,1.789851e-02,1.5065932559e+00,0.0690,3.3397e-03
2828.214,1.2780648220e-03,1.787442e-02,1.5065932559e+00,0.0690,3.4942e-03
2828.811,1.2780438381e-03,1.785100e-02,1.5065932559e+00,0.0690,3.6381e-03
2829.407,1.2780310407e-03,1.782854e-02,1.5065932559e+00,0.0690,3.7708e-03
2830.004,1.2780273683e-03,1.780733e-02,1.5065932559e+00,0.0690,3.8916e-03
2830.600,1.2780335024e-03,1.778760e-02,1.5065932559e+00,0.0690,4.0001e-03
2831.197,1.2780498166e-03,1.776959e-02,1.5065932559e+00,0.0690,4.0956e-03
2831.793,1.2780763509e-03,1.775347e-02,1.5065932559e+00,0.0690,4.1776e-03
2832.390,1.2781128131e-03,1.773942e-02,1.5065932559e+00,0.0690,4.2457e-03
2832.986,1.2781586121e-03,1.772753e-02,1.5065932559e+00,0.0690,4.2995e-03
2833.583,1.2782129307e-03,1.771789e-02,1.5065932559e+00,0.0690,4.3387e-03
2834.179,1.2782748351e-03,1.771052e-02,1.5065932559e+00,0.0690,4.3630e-03
2834.776,1.2783434052e-03,1.770543e-02,1.5065932559e+00,0.0690,4.3725e-03
2835.373,1.2784178383e-03,1.770256e-02,1.5065932559e+00,0.0690,4.3670e-03
2835.969,1.2784974979e-03,1.770185e-02,1.5065932559e+00,0.0690,4.3468e-03
2836.566,1.2785818985e-03,1.770340e-02,1.5065932559e+00,0.0690,4.3123e-03
2837.162,1.2786706509e-03,1.770725e-02,1.5065932559e+00,0.0690,4.2639e-03
2837.759,1.2787633978e-03,1.771339e-02,1.5065932559e+00,0.0690,4.2024e-03
2838.355,1.2788597677e-03,1.772157e-02,1.5065932559e+00,0.0690,4.1285e-03
2838.952,1.2789593586e-03,1.773139e-02,1.5065932559e+00,0.0690,4.0433e-03
2839.548,1.2790617537e-03,1.774249e-02,1.5065932559e+00,0.0690,3.9477e-03
2840.145,1.2791665667e-03,1.775463e-02,1.5065932559e+00,0.0690,3.8421e-03
2840.741,1.2792735047e-03,1.776766e-02,1.5065932559e+00,0.0690,3.7274e-03
2841.338,1.2793824361e-03,1.778151e-02,1.5065932559e+00,0.0690,3.6049e-03
2841.935,1.2794934394e-03,1.779624e-02,1.5065932559e+00,0.0690,3.4764e-03
2842.531,1.2796068078e-03,1.781200e-02,1.5065932559e+00,0.0690,3.3439e-03
2843.128,1.2797230011e-03,1.782891e-02,1.5065932559e+00,0.0690,3.2096e-03
2843.724,1.2798425198e-03,1.784714e-02,1.5065932559e+00,0.0690,3.0755e-03
2844.321,1.2799657605e-03,1.786680e-02,1.5065932559e+00,0.0690,2.9436e-03
2844.917,1.2800928949e-03,1.788796e-02,1.5065932559e+00,0.0690,2.8159e-03
2845.514,1.2802237691e-03,1.791067e-02,1.5065932559e+00,0.0690,2.6939e-03
2846.110,1.2803578630e-03,1.793488e-02,1.5065932559e+00,0.0690,2.5790e-03
2846.707,1.2804943467e-03,1.796069e-02,1.5065932559e+00,0.0690,2.4723e-03
2847.303,1.2806322257e-03,1.798805e-02,1.5065932559e+00,0.0690,2.3747e-03
2847.900,1.2807705187e-03,1.801680e-02,1.5065932559e+00,0.0690,2.2869e-03
2848.497,1.2809083995e-03,1.804663e-02,1.5065932559e+00,0.0690,2.2090e-03
2849.093,1.2810452575e-03,1.807712e-02,1.5065932559e+00,0.0690,2.1410e-03
2849.690,1.2811806675e-03,1.810778e-02,1.5065932559e+00,0.0690,2.0828e-03
2850.286,1.2813142979e-03,1.813807e-02,1.5065932559e+00,0.0690,2.0339e-03
2850.883,1.2814457923e-03,1.816745e-02,1.5065932559e+00,0.0690,1.9936e-03
2851.479,1.2815746584e-03,1.819544e-02,1.5065932559e+00,0.0690,1.9614e-03
2852.076,1.2817001768e-03,1.822162e-02,1.5065932559e+00,0.0690,1.9366e-03
2852.672,1.2818213371e-03,1.824569e-02,1.5065932559e+00,0.0690,1.9188e-03
2853.269,1.2819368103e-03,1.826745e-02,1.5065932559e+00,0.0690,1.9075e-03
2853.865,1.2820449706e-03,1.828677e-02,1.5065932559e+00,0.0690,1.9024e-03
2854.462,1.2821439839e-03,1.830374e-02,1.5065932559e+00,0.0690,1.9035e-03
2855.059,1.2822319612e-03,1.831872e-02,1.5065932559e+00,0.0690,1.9106e-03
2855.655,1.2823071590e-03,1.833202e-02,1.5065932559e+00,0.0690,1.9240e-03
2856.252,1.2823681848e-03,1.834381e-02,1.5065932559e+00,0.0690,1.9438e-03
2856.848,1.2824141614e-03,1.835410e-02,1.5065932559e+00,0.0690,1.9700e-03
2857.445,1.2824448125e-03,1.836277e-02,1.5065932559e+00,0.0690,2.0028e-03
2858.041,1.2824604565e-03,1.836975e-02,1.5065932559e+00,0.0690,2.0418e-03
2858.638,1.2824619196e-03,1.837496e-02,1.5065932559e+00,0.0690,2.0862e-03
2859.234,1.2824503983e-03,1.837835e-02,1.5065932559e+00,0.0690,2.1352e-03
2859.831,1.2824273120e-03,1.837984e-02,1.5065932559e+00,0.0690,2.1872e-03
2860.427,1.2823941759e-03,1.837937e-02,1.5065932559e+00,0.0690,2.2402e-03
2861.024,1.2823525066e-03,1.837679e-02,1.5065932559e+00,0.0690,2.2923e-03
2861.620,1.2823037606e-03,1.837202e-02,1.5065932559e+00,0.0690,2.3421e-03
2862.217,1.2822492903e-03,1.836500e-02,1.5065932559e+00,0.0690,2.3882e-03
2862.814,1.2821902976e-03,1.835573e-02,1.5065932559e+00,0.0690,2.4295e-03
2863.410,1.2821277694e-03,1.834398e-02,1.5065932559e+00,0.0690,2.4652e-03
2864.007,1.2820623999e-03,1.832951e-02,1.5065932559e+00,0.0690,2.4944e-03
2864.603,1.2819945158e-03,1.831220e-02,1.5065932559e+00,0.0690,2.5166e-03
2865.200,1.2819240341e-03,1.829221e-02,1.5065932559e+00,0.0690,2.5316e-03
2865.796,1.2818504828e-03,1.826986e-02,1.5065932559e+00,0.0690,2.5393e-03
2866.393,1.2817730980e-03,1.824551e-02,1.5065932559e+00,0.0690,2.5396e-03
2866.989,1.2816909896e-03,1.821955e-02,1.5065932559e+00,0.0690,2.5329e-03
2867.586,1.2816033366e-03,1.819234e-02,1.5065932559e+00,0.0690,2.5193e-03
2868.182,1.2815095670e-03,1.816419e-02,1.5065932559e+00,0.0690,2.4988e-03
2868.779,1.2814094832e-03,1.813538e-02,1.5065932559e+00,0.0690,2.4718e-03
2869.376,1.2813033136e-03,1.810613e-02,1.5065932559e+00,0.0690,2.4381e-03
2869.972,1.2811917076e-03,1.807664e-02,1.5065932559e+00,0.0690,2.3978e-03
2870.569,1.2810756510e-03,1.804702e-02,1.5065932559e+00,0.0690,2.3507e-03
2871.165,1.2809563256e-03,1.801743e-02,1.5065932559e+00,0.0690,2.2969e-03
2871.762,1.2808349875e-03,1.798805e-02,1.5065932559e+00,0.0690,2.2360e-03
2872.358,1.2807128553e-03,1.795905e-02,1.5065932559e+00,0.0690,2.1679e-03
2872.955,1.2805909896e-03,1.793062e-02,1.5065932559e+00,0.0690,2.0924e-03
2873.551,1.2804701767e-03,1.790295e-02,1.5065932559e+00,0.0690,2.0093e-03
2874.148,1.2803508308e-03,1.787628e-02,1.5065932559e+00,0.0690,1.9186e-03
2874.744,1.2802330283e-03,1.785077e-02,1.5065932559e+00,0.0690,1.8201e-03
2875.341,1.2801167053e-03,1.782639e-02,1.5065932559e+00,0.0690,1.7137e-03
2875.938,1.2800016510e-03,1.780307e-02,1.5065932559e+00,0.0690,1.5995e-03
2876.534,1.2798875210e-03,1.778085e-02,1.5065932559e+00,0.0690,1.4774e-03
2877.131,1.2797739874e-03,1.775986e-02,1.5065932559e+00,0.0690,1.3873e-03
2877.727,1.2796609513e-03,1.774022e-02,1.5065932559e+00,0.0690,1.4817e-03
2878.324,1.2795487052e-03,1.772208e-02,1.5065932559e+00,0.0690,1.5763e-03
2878.920,1.2794379772e-03,1.770553e-02,1.5065932559e+00,0.0690,1.6703e-03
2879.517,1.2793298655e-03,1.769074e-02,1.5065932559e+00,0.0690,1.7633e-03
2880.113,1.2792257262e-03,1.767794e-02,1.5065932559e+00,0.0690,1.8550e-03
2880.710,1.2791270763e-03,1.766743e-02,1.5065932559e+00,0.0690,1.9445e-03
2881.306,1.2790355198e-03,1.765959e-02,1.5065932559e+00,0.0690,2.0311e-03
2881.903,1.2789526522e-03,1.765472e-02,1.5065932559e+00,0.0690,2.1137e-03
2882.500,1.2788798918e-03,1.765296e-02,1.5065932559e+00,0.0690,2.1923e-03
2883.096,1.2788182358e-03,1.765428e-02,1.5065932559e+00,0.0690,2.2682e-03
2883.693,1.2787680073e-03,1.765856e-02,1.5065932559e+00,0.0690,2.3391e-03
2884.289,1.2787286942e-03,1.766549e-02,1.5065932559e+00,0.0690,2.4029e-03
2884.886,1.2786989597e-03,1.767482e-02,1.5065932559e+00,0.0690,2.4580e-03
2885.482,1.2786768335e-03,1.768638e-02,1.5065932559e+00,0.0690,2.5020e-03
2886.079,1.2786600268e-03,1.770006e-02,1.5065932559e+00,0.0690,2.5339e-03
2886.675,1.2786462744e-03,1.771568e-02,1.5065932559e+00,0.0690,2.5544e-03
2887.272,1.2786336218e-03,1.773313e-02,1.5065932559e+00,0.0690,2.5644e-03
2887.868,1.2786206140e-03,1.775229e-02,1.5065932559e+00,0.0690,2.5642e-03
2888.465,1.2786063853e-03,1.777305e-02,1.5065932559e+00,0.0690,2.5545e-03
2889.062,1.2785906722e-03,1.779529e-02,1.5065932559e+00,0.0690,2.5354e-03
2889.658,1.2785737721e-03,1.781886e-02,1.5065932559e+00,0.0690,2.5074e-03
2890.255,1.2785564666e-03,1.784361e-02,1.5065932559e+00,0.0690,2.4707e-03
2890.851,1.2785399207e-03,1.786932e-02,1.5065932559e+00,0.0690,2.4257e-03
2891.448,1.2785255658e-03,1.789579e-02,1.5065932559e+00,0.0690,2.3726e-03
2892.044,1.2785149793e-03,1.792279e-02,1.5065932559e+00,0.0690,2.3118e-03
2892.641,1.2785097622e-03,1.795007e-02,1.5065932559e+00,0.0690,2.2437e-03
2893.237,1.2785114165e-03,1.797739e-02,1.5065932559e+00,0.0690,2.1684e-03
2893.834,1.2785212153e-03,1.800452e-02,1.5065932559e+00,0.0690,2.0865e-03
2894.430,1.2785400649e-03,1.803124e-02,1.5065932559e+00,0.0690,1.9983e-03
2895.027,1.2785683681e-03,1.805735e-02,1.5065932559e+00,0.0690,1.9038e-03
2895.623,1.2786059141e-03,1.808269e-02,1.5065932559e+00,0.0690,1.8034e-03
2896.220,1.2786518236e-03,1.810708e-02,1.5065932559e+00,0.0690,1.6974e-03
2896.817,1.2787045746e-03,1.813034e-02,1.5065932559e+00,0.0690,1.5865e-03
2897.413,1.2787621223e-03,1.815228e-02,1.5065932559e+00,0.0690,1.4711e-03
2898.010,1.2788221051e-03,1.817274e-02,1.5065932559e+00,0.0690,1.3514e-03
2898.606,1.2788820885e-03,1.819154e-02,1.5065932559e+00,0.0690,1.2277e-03
2899.203,1.2789398117e-03,1.820836e-02,1.5065932559e+00,0.0690,1.1005e-03
2899.799,1.2789934117e-03,1.822287e-02,1.5065932559e+00,0.0690,9.7004e-04
2900.396,1.2790415999e-03,1.823477e-02,1.5065932559e+00,0.0690,8.3656e-04
2900.992,1.2790837675e-03,1.824398e-02,1.5065932559e+00,0.0690,7.0019e-04
2901.589,1.2791199989e-03,1.825075e-02,1.5065932559e+00,0.0690,5.6052e-04
2902.185,1.2791509892e-03,1.825533e-02,1.5065932559e+00,0.0690,4.1610e-04
2902.782,1.2791778794e-03,1.825779e-02,1.5065932559e+00,0.0690,2.7078e-04
2903.379,1.2792020490e-03,1.825818e-02,1.5065932559e+00,0.0690,4.6198e-04
2903.975,1.2792249104e-03,1.825650e-02,1.5065932559e+00,0.0690,6.6935e-04
2904.572,1.2792477421e-03,1.825260e-02,1.5065932559e+00,0.0690,8.8909e-04
2905.168,1.2792715797e-03,1.824648e-02,1.5065932559e+00,0.0690,1.1200e-03
2905.765,1.2792971733e-03,1.823821e-02,1.5065932559e+00,0.0690,1.3608e-03
2906.361,1.2793249900e-03,1.822749e-02,1.5065932559e+00,0.0690,1.6097e-03
2906.958,1.2793552332e-03,1.821412e-02,1.5065932559e+00,0.0690,1.8646e-03
2907.554,1.2793878517e-03,1.819827e-02,1.5065932559e+00,0.0690,2.1231e-03
2908.151,1.2794225305e-03,1.818025e-02,1.5065932559e+00,0.0690,2.3832e-03
2908.747,1.2794586688e-03,1.816049e-02,1.5065932559e+00,0.0690,2.6432e-03
2909.344,1.2794953630e-03,1.813940e-02,1.5065932559e+00,0.0690,2.9020e-03
2909.941,1.2795314188e-03,1.811738e-02,1.5065932559e+00,0.0690,3.1582e-03
2910.537,1.2795654079e-03,1.809482e-02,1.5065932559e+00,0.0690,3.4107e-03
2911.134,1.2795957836e-03,1.807205e-02,1.5065932559e+00,0.0690,3.6584e-03
2911.730,1.2796210604e-03,1.804941e-02,1.5065932559e+00,0.0690,3.9003e-03
2912.327,1.2796400396e-03,1.802717e-02,1.5065932559e+00,0.0690,4.1351e-03
2912.923,1.2796520463e-03,1.800559e-02,1.5065932559e+00,0.0690,4.3618e-03
2913.520,1.2796571260e-03,1.798491e-02,1.5065932559e+00,0.0690,4.5789e-03
2914.116,1.2796561532e-03,1.796532e-02,1.5065932559e+00,0.0690,4.7853e-03
2914.713,1.2796508192e-03,1.794702e-02,1.5065932559e+00,0.0690,4.9797e-03
2915.309,1.2796434959e-03,1.793015e-02,1.5065932559e+00,0.0690,5.1607e-03
2915.906,1.2796369966e-03,1.791486e-02,1.5065932559e+00,0.0690,5.3273e-03
2916.503,1.2796342747e-03,1.790139e-02,1.5065932559e+00,0.0690,5.4800e-03
2917.099,1.2796380891e-03,1.788989e-02,1.5065932559e+00,0.0690,5.6183e-03
2917.696,1.2796506892e-03,1.788040e-02,1.5065932559e+00,0.0690,5.7408e-03
2918.292,1.2796735666e-03,1.787295e-02,1.5065932559e+00,0.0690,5.8456e-03
2918.889,1.2797072981e-03,1.786748e-02,1.5065932559e+00,0.0690,5.9311e-03
2919.485,1.2797514975e-03,1.786388e-02,1.5065932559e+00,0.0690,5.9954e-03
2920.082,1.2798048870e-03,1.786202e-02,1.5065932559e+00,0.0690,6.0366e-03
2920.678,1.2798654866e-03,1.786167e-02,1.5065932559e+00,0.0690,6.0534e-03
2921.275,1.2799308925e-03,1.786268e-02,1.5065932559e+00,0.0690,6.0452e-03
2921.871,1.2799985991e-03,1.786504e-02,1.5065932559e+00,0.0690,6.0148e-03
2922.468,1.2800663030e-03,1.786864e-02,1.5065932559e+00,0.0690,5.9632e-03
2923.064,1.2801321340e-03,1.787343e-02,1.5065932559e+00,0.0690,5.8911e-03
2923.661,1.2801947826e-03,1.787936e-02,1.5065932559e+00,0.0690,5.7996e-03
2924.258,1.2802535243e-03,1.788643e-02,1.5065932559e+00,0.0690,5.6894e-03
2924.854,1.2803081611e-03,1.789468e-02,1.5065932559e+00,0.0690,5.5616e-03
2925.451,1.2803589170e-03,1.790414e-02,1.5065932559e+00,0.0690,5.4173e-03
2926.047,1.2804063243e-03,1.791486e-02,1.5065932559e+00,0.0690,5.2577e-03
2926.644,1.2804511318e-03,1.792687e-02,1.5065932559e+00,0.0690,5.0838e-03
2927.240,1.2804942464e-03,1.794010e-02,1.5065932559e+00,0.0690,4.8969e-03
2927.837,1.2805367042e-03,1.795464e-02,1.5065932559e+00,0.0690,4.6985e-03
2928.433,1.2805796490e-03,1.797079e-02,1.5065932559e+00,0.0690,4.4898e-03
2929.030,1.2806242888e-03,1.798830e-02,1.5065932559e+00,0.0690,4.2721e-03
2929.626,1.2806718117e-03,1.800650e-02,1.5065932559e+00,0.0690,4.0466e-03
2930.223,1.2807232477e-03,1.802486e-02,1.5065932559e+00,0.0690,3.8137e-03
2930.820,1.2807793099e-03,1.804276e-02,1.5065932559e+00,0.0690,3.5736e-03
2931.416,1.2808402634e-03,1.805980e-02,1.5065932559e+00,0.0690,3.3271e-03
2932.013,1.2809058498e-03,1.807603e-02,1.5065932559e+00,0.0690,3.0753e-03
2932.609,1.2809752983e-03,1.809150e-02,1.5065932559e+00,0.0690,2.8196e-03
2933.206,1.2810474527e-03,1.810624e-02,1.5065932559e+00,0.0690,2.5613e-03
2933.802,1.2811209924e-03,1.812030e-02,1.5065932559e+00,0.0690,2.3023e-03
2934.399,1.2811946836e-03,1.813361e-02,1.5065932559e+00,0.0690,2.0444e-03
2934.995,1.2812675878e-03,1.814604e-02,1.5065932559e+00,0.0690,1.7895e-03
2935.592,1.2813391801e-03,1.815746e-02,1.5065932559e+00,0.0690,1.5394e-03
2936.188,1.2814093525e-03,1.816784e-02,1.5065932559e+00,0.0690,1.6211e-03
2936.785,1.2814783051e-03,1.817717e-02,1.5065932559e+00,0.0690,1.7260e-03
2937.382,1.2815463551e-03,1.818552e-02,1.5065932559e+00,0.0690,1.8211e-03
2937.978,1.2816137081e-03,1.819296e-02,1.5065932559e+00,0.0690,1.9058e-03
2938.575,1.2816802398e-03,1.819960e-02,1.5065932559e+00,0.0690,1.9801e-03
2939.171,1.2817453381e-03,1.820555e-02,1.5065932559e+00,0.0690,2.0438e-03
2939.768,1.2818078425e-03,1.821091e-02,1.5065932559e+00,0.0690,2.0971e-03
2940.364,1.2818660963e-03,1.821572e-02,1.5065932559e+00,0.0690,2.1409e-03
2940.961,1.2819180955e-03,1.821996e-02,1.5065932559e+00,0.0690,2.1771e-03
2941.557,1.2819617027e-03,1.822364e-02,1.5065932559e+00,0.0690,2.2047e-03
2942.154,1.2819948880e-03,1.822674e-02,1.5065932559e+00,0.0690,2.2232e-03
2942.750,1.2820159637e-03,1.822917e-02,1.5065932559e+00,0.0690,2.2325e-03
2943.347,1.2820237827e-03,1.823085e-02,1.5065932559e+00,0.0690,2.2331e-03
2943.944,1.2820178726e-03,1.823165e-02,1.5065932559e+00,0.0690,2.2257e-03
2944.540,1.2819984818e-03,1.823144e-02,1.5065932559e+00,0.0690,2.2110e-03
2945.137,1.2819665206e-03,1.823009e-02,1.5065932559e+00,0.0690,2.1897e-03
2945.733,1.2819234144e-03,1.822749e-02,1.5065932559e+00,0.0690,2.1626e-03
2946.330,1.2818708972e-03,1.822354e-02,1.5065932559e+00,0.0690,2.1303e-03
2946.926,1.2818107825e-03,1.821819e-02,1.5065932559e+00,0.0690,2.0933e-03
2947.523,1.2817447859e-03,1.821143e-02,1.5065932559e+00,0.0690,2.0522e-03
2948.119,1.2816744073e-03,1.820327e-02,1.5065932559e+00,0.0690,2.0073e-03
2948.716,1.2816008398e-03,1.819378e-02,1.5065932559e+00,0.0690,1.9589e-03
2949.312,1.2815248881e-03,1.818309e-02,1.5065932559e+00,0.0690,1.9074e-03
2949.909,1.2814469071e-03,1.817119e-02,1.5065932559e+00,0.0690,1.8532e-03
2950.506,1.2813667797e-03,1.815811e-02,1.5065932559e+00,0.0690,1.7965e-03
2951.102,1.2812840216e-03,1.814393e-02,1.5065932559e+00,0.0690,1.7379e-03
2951.699,1.2811980243e-03,1.812872e-02,1.5065932559e+00,0.0690,1.6775e-03
2952.295,1.2811080902e-03,1.811283e-02,1.5065932559e+00,0.0690,1.6157e-03
2952.892,1.2810134628e-03,1.809672e-02,1.5065932559e+00,0.0690,1.5528e-03
2953.488,1.2809134611e-03,1.808063e-02,1.5065932559e+00,0.0690,1.4888e-03
2954.085,1.2808076453e-03,1.806454e-02,1.5065932559e+00,0.0690,1.4245e-03
2954.681,1.2806958978e-03,1.804846e-02,1.5065932559e+00,0.0690,1.3610e-03
2955.278,1.2805783639e-03,1.803240e-02,1.5065932559e+00,0.0690,1.2993e-03
2955.874,1.2804552962e-03,1.801631e-02,1.5065932559e+00,0.0690,1.2409e-03
2956.471,1.2803269198e-03,1.800014e-02,1.5065932559e+00,0.0690,1.1872e-03
2957.067,1.2801934280e-03,1.798386e-02,1.5065932559e+00,0.0690,1.1383e-03
2957.664,1.2800551285e-03,1.796744e-02,1.5065932559e+00,0.0690,1.0932e-03
2958.261,1.2799126594e-03,1.795088e-02,1.5065932559e+00,0.0690,1.0516e-03
2958.857,1.2797671452e-03,1.793420e-02,1.5065932559e+00,0.0690,1.0129e-03
2959.454,1.2796201996e-03,1.791748e-02,1.5065932559e+00,0.0690,9.7706e-04
2960.050,1.2794737649e-03,1.790062e-02,1.5065932559e+00,0.0690,9.4378e-04
2960.647,1.2793298577e-03,1.788357e-02,1.5065932559e+00,0.0690,9.1302e-04
2961.243,1.2791903102e-03,1.786644e-02,1.5065932559e+00,0.0690,8.8423e-04
2961.840,1.2790565769e-03,1.784947e-02,1.5065932559e+00,0.0690,8.5685e-04
2962.436,1.2789296239e-03,1.783306e-02,1.5065932559e+00,0.0690,8.7760e-04
2963.033,1.2788098935e-03,1.781765e-02,1.5065932559e+00,0.0690,9.3488e-04
2963.629,1.2786973259e-03,1.780366e-02,1.5065932559e+00,0.0690,9.8770e-04
2964.226,1.2785914357e-03,1.779146e-02,1.5065932559e+00,0.0690,1.0363e-03
2964.823,1.2784914425e-03,1.778135e-02,1.5065932559e+00,0.0690,1.0808e-03
2965.419,1.2783964494e-03,1.777352e-02,1.5065932559e+00,0.0690,1.1212e-03
2966.016,1.2783056437e-03,1.776798e-02,1.5065932559e+00,0.0690,1.1573e-03
2966.612,1.2782184842e-03,1.776443e-02,1.5065932559e+00,0.0690,1.1890e-03
2967.209,1.2781348315e-03,1.776251e-02,1.5065932559e+00,0.0690,1.2161e-03
2967.805,1.2780549990e-03,1.776188e-02,1.5065932559e+00,0.0690,1.2381e-03
2968.402,1.2779797146e-03,1.776225e-02,1.5065932559e+00,0.0690,1.2544e-03
2968.998,1.2779100114e-03,1.776336e-02,1.5065932559e+00,0.0690,1.2645e-03
2969.595,1.2778470755e-03,1.776501e-02,1.5065932559e+00,0.0690,1.2679e-03
2970.191,1.2777920879e-03,1.776706e-02,1.5065932559e+00,0.0690,1.2645e-03
2970.788,1.2777460921e-03,1.776940e-02,1.5065932559e+00,0.0690,1.2544e-03
2971.385,1.2777099091e-03,1.777193e-02,1.5065932559e+00,0.0690,1.2383e-03
2971.981,1.2776841023e-03,1.777464e-02,1.5065932559e+00,0.0690,1.2167e-03
2972.578,1.2776689841e-03,1.777759e-02,1.5065932559e+00,0.0690,1.1906e-03
2973.174,1.2776646393e-03,1.778087e-02,1.5065932559e+00,0.0690,1.1608e-03
2973.771,1.2776709469e-03,1.778460e-02,1.5065932559e+00,0.0690,1.1280e-03
2974.367,1.2776875858e-03,1.778888e-02,1.5065932559e+00,0.0690,1.0933e-03
2974.964,1.2777140295e-03,1.779380e-02,1.5065932559e+00,0.0690,1.0579e-03
2975.560,1.2777495459e-03,1.779940e-02,1.5065932559e+00,0.0690,1.0230e-03
2976.157,1.2777932237e-03,1.780572e-02,1.5065932559e+00,0.0690,9.8984e-04
2976.753,1.2778440383e-03,1.781279e-02,1.5065932559e+00,0.0690,9.5970e-04
2977.350,1.2779009601e-03,1.782060e-02,1.5065932559e+00,0.0690,9.3371e-04
2977.947,1.2779630694e-03,1.782915e-02,1.5065932559e+00,0.0690,9.1290e-04
2978.543,1.2780296416e-03,1.783843e-02,1.5065932559e+00,0.0690,8.9814e-04
2979.140,1.2781001898e-03,1.784842e-02,1.5065932559e+00,0.0690,8.9013e-04
2979.736,1.2781744637e-03,1.785915e-02,1.5065932559e+00,0.0690,8.8941e-04
2980.333,1.2782524158e-03,1.787071e-02,1.5065932559e+00,0.0690,8.9635e-04
2980.929,1.2783341429e-03,1.788313e-02,1.5065932559e+00,0.0690,9.1119e-04
2981.526,1.2784198136e-03,1.789641e-02,1.5065932559e+00,0.0690,9.3401e-04
2982.122,1.2785095931e-03,1.791051e-02,1.5065932559e+00,0.0690,9.6474e-04
2982.719,1.2786035815e-03,1.792533e-02,1.5065932559e+00,0.0690,1.0032e-03
2983.315,1.2787017788e-03,1.794074e-02,1.5065932559e+00,0.0690,1.0490e-03
2983.912,1.2788040780e-03,1.795658e-02,1.5065932559e+00,0.0690,1.1018e-03
2984.509,1.2789102798e-03,1.797264e-02,1.5065932559e+00,0.0690,1.1611e-03
2985.105,1.2790201088e-03,1.798871e-02,1.5065932559e+00,0.0690,1.2263e-03
2985.702,1.2791332194e-03,1.800456e-02,1.5065932559e+00,0.0690,1.2969e-03
2986.298,1.2792491901e-03,1.801995e-02,1.5065932559e+00,0.0690,1.3726e-03
2986.895,1.2793675173e-03,1.803469e-02,1.5065932559e+00,0.0690,1.4529e-03
2987.491,1.2794876296e-03,1.804855e-02,1.5065932559e+00,0.0690,1.5375e-03
2988.088,1.2796089318e-03,1.806155e-02,1.5065932559e+00,0.0690,1.6263e-03
2988.684,1.2797308734e-03,1.807385e-02,1.5065932559e+00,0.0690,1.7194e-03
2989.281,1.2798530187e-03,1.808553e-02,1.5065932559e+00,0.0690,1.8170e-03
2989.877,1.2799750850e-03,1.809671e-02,1.5065932559e+00,0.0690,1.9195e-03
2990.474,1.2800969252e-03,1.810746e-02,1.5065932559e+00,0.0690,2.0274e-03
2991.070,1.2802184453e-03,1.811783e-02,1.5065932559e+00,0.0690,2.1411e-03
2991.667,1.2803394738e-03,1.812781e-02,1.5065932559e+00,0.0690,2.2612e-03
2992.264,1.2804596130e-03,1.813729e-02,1.5065932559e+00,0.0690,2.3881e-03
2992.860,1.2805781182e-03,1.814617e-02,1.5065932559e+00,0.0690,2.5219e-03
2993.457,1.2806938389e-03,1.815445e-02,1.5065932559e+00,0.0690,2.6628e-03
2994.053,1.2808052559e-03,1.816217e-02,1.5065932559e+00,0.0690,2.8101e-03
2994.650,1.2809106062e-03,1.816903e-02,1.5065932559e+00,0.0690,2.9632e-03
2995.246,1.2810080737e-03,1.817477e-02,1.5065932559e+00,0.0690,3.1204e-03
2995.843,1.2810960489e-03,1.817932e-02,1.5065932559e+00,0.0690,3.2799e-03
2996.439,1.2811733686e-03,1.818283e-02,1.5065932559e+00,0.0690,3.4402e-03
2997.036,1.2812394730e-03,1.818551e-02,1.5065932559e+00,0.0690,3.6000e-03
2997.632,1.2812944732e-03,1.818752e-02,1.5065932559e+00,0.0690,3.7583e-03
2998.229,1.2813391364e-03,1.818898e-02,1.5065932559e+00,0.0690,3.9140e-03
2998.826,1.2813747830e-03,1.818997e-02,1.5065932559e+00,0.0690,4.0661e-03
2999.422,1.2814030967e-03,1.819055e-02,1.5065932559e+00,0.0690,4.2135e-03
3000.019,1.2814258629e-03,1.819073e-02,1.5065932559e+00,0.0690,4.3552e-03
3000.615,1.2814446852e-03,1.819053e-02,1.5065932559e+00,0.0690,4.4902e-03
3001.212,1.2814607405e-03,1.818996e-02,1.5065932559e+00,0.0690,4.6172e-03
3001.808,1.2814746285e-03,1.818901e-02,1.5065932559e+00,0.0690,4.7351e-03
3002.405,1.2814863390e-03,1.818767e-02,1.5065932559e+00,0.0690,4.8429e-03
3003.001,1.2814953286e-03,1.818597e-02,1.5065932559e+00,0.0690,4.9393e-03
3003.598,1.2815006755e-03,1.818390e-02,1.5065932559e+00,0.0690,5.0234e-03
3004.194,1.2815012730e-03,1.818148e-02,1.5065932559e+00,0.0690,5.0942e-03
3004.791,1.2814960341e-03,1.817872e-02,1.5065932559e+00,0.0690,5.1509e-03
3005.388,1.2814840818e-03,1.817567e-02,1.5065932559e+00,0.0690,5.1925e-03
3005.984,1.2814649110e-03,1.817232e-02,1.5065932559e+00,0.0690,5.2186e-03
3006.581,1.2814385055e-03,1.816871e-02,1.5065932559e+00,0.0690,5.2285e-03
3007.177,1.2814053921e-03,1.816484e-02,1.5065932559e+00,0.0690,5.2218e-03
3007.774,1.2813666229e-03,1.816070e-02,1.5065932559e+00,0.0690,5.1983e-03
3008.370,1.2813236839e-03,1.815630e-02,1.5065932559e+00,0.0690,5.1576e-03
3008.967,1.2812783427e-03,1.815160e-02,1.5065932559e+00,0.0690,5.0998e-03
3009.563,1.2812324550e-03,1.814657e-02,1.5065932559e+00,0.0690,5.0247e-03
3010.160,1.2811877632e-03,1.814117e-02,1.5065932559e+00,0.0690,4.9324e-03
3010.756,1.2811457174e-03,1.813535e-02,1.5065932559e+00,0.0690,4.8230e-03
3011.353,1.2811073488e-03,1.812907e-02,1.5065932559e+00,0.0690,4.6967e-03
3011.950,1.2810732114e-03,1.812227e-02,1.5065932559e+00,0.0690,4.5539e-03
3012.546,1.2810433929e-03,1.811491e-02,1.5065932559e+00,0.0690,4.3951e-03
3013.143,1.2810175800e-03,1.810698e-02,1.5065932559e+00,0.0690,4.2206e-03
3013.739,1.2809951574e-03,1.809843e-02,1.5065932559e+00,0.0690,4.0314e-03
3014.336,1.2809753157e-03,1.808954e-02,1.5065932559e+00,0.0690,3.8282e-03
3014.932,1.2809571546e-03,1.808068e-02,1.5065932559e+00,0.0690,3.6121e-03
3015.529,1.2809397703e-03,1.807162e-02,1.5065932559e+00,0.0690,3.3840e-03
3016.125,1.2809223246e-03,1.806202e-02,1.5065932559e+00,0.0690,3.1452e-03
3016.722,1.2809040912e-03,1.805162e-02,1.5065932559e+00,0.0690,2.8962e-03
3017.318,1.2808844779e-03,1.804026e-02,1.5065932559e+00,0.0690,2.6374e-03
3017.915,1.2808630225e-03,1.802777e-02,1.5065932559e+00,0.0690,2.3697e-03
3018.512,1.2808393715e-03,1.801437e-02,1.5065932559e+00,0.0690,2.0946e-03
3019.108,1.2808132551e-03,1.800061e-02,1.5065932559e+00,0.0690,1.8138e-03
3019.705,1.2807844779e-03,1.798697e-02,1.5065932559e+00,0.0690,1.7427e-03
3020.301,1.2807529393e-03,1.797399e-02,1.5065932559e+00,0.0690,1.8966e-03
3020.898,1.2807186953e-03,1.796189e-02,1.5065932559e+00,0.0690,2.0436e-03
3021.494,1.2806820366e-03,1.795073e-02,1.5065932559e+00,0.0690,2.1830e-03
3022.091,1.2806435462e-03,1.794059e-02,1.5065932559e+00,0.0690,2.3144e-03
3022.687,1.2806041388e-03,1.793150e-02,1.5065932559e+00,0.0690,2.4373e-03
3023.284,1.2805650522e-03,1.792351e-02,1.5065932559e+00,0.0690,2.5519e-03
3023.880,1.2805277585e-03,1.791653e-02,1.5065932559e+00,0.0690,2.6609e-03
3024.477,1.2804937871e-03,1.791061e-02,1.5065932559e+00,0.0690,2.7613e-03
3025.073,1.2804644940e-03,1.790587e-02,1.5065932559e+00,0.0690,2.8504e-03
3025.670,1.2804408310e-03,1.790248e-02,1.5065932559e+00,0.0690,2.9250e-03
3026.267,1.2804231703e-03,1.790057e-02,1.5065932559e+00,0.0690,2.9838e-03
3026.863,1.2804112143e-03,1.790019e-02,1.5065932559e+00,0.0690,3.0280e-03
3027.460,1.2804039991e-03,1.790138e-02,1.5065932559e+00,0.0690,3.0586e-03
3028.056,1.2803999806e-03,1.790415e-02,1.5065932559e+00,0.0690,3.0767e-03
3028.653,1.2803971866e-03,1.790847e-02,1.5065932559e+00,0.0690,3.0831e-03
3029.249,1.2803934207e-03,1.791430e-02,1.5065932559e+00,0.0690,3.0786e-03
3029.846,1.2803864893e-03,1.792154e-02,1.5065932559e+00,0.0690,3.0638e-03
3030.442,1.2803744554e-03,1.793009e-02,1.5065932559e+00,0.0690,3.0393e-03
3031.039,1.2803558669e-03,1.793981e-02,1.5065932559e+00,0.0690,3.0058e-03
3031.635,1.2803298469e-03,1.795054e-02,1.5065932559e+00,0.0690,2.9636e-03
3032.232,1.2802961131e-03,1.796214e-02,1.5065932559e+00,0.0690,2.9134e-03
3032.829,1.2802549685e-03,1.797446e-02,1.5065932559e+00,0.0690,2.8552e-03
3033.425,1.2802072599e-03,1.798740e-02,1.5065932559e+00,0.0690,2.7894e-03
3034.022,1.2801542929e-03,1.800083e-02,1.5065932559e+00,0.0690,2.7165e-03
3034.618,1.2800976878e-03,1.801465e-02,1.5065932559e+00,0.0690,2.6367e-03
3035.215,1.2800391827e-03,1.802876e-02,1.5065932559e+00,0.0690,2.5503e-03
3035.811,1.2799804136e-03,1.804302e-02,1.5065932559e+00,0.0690,2.4584e-03
3036.408,1.2799227148e-03,1.805728e-02,1.5065932559e+00,0.0690,2.3618e-03
3037.004,1.2798669835e-03,1.807139e-02,1.5065932559e+00,0.0690,2.2615e-03
3037.601,1.2798136326e-03,1.808517e-02,1.5065932559e+00,0.0690,2.1580e-03
3038.197,1.2797626282e-03,1.809842e-02,1.5065932559e+00,0.0690,2.0519e-03
3038.794,1.2797135903e-03,1.811094e-02,1.5065932559e+00,0.0690,1.9435e-03
3039.391,1.2796659166e-03,1.812246e-02,1.5065932559e+00,0.0690,1.8331e-03
3039.987,1.2796188949e-03,1.813259e-02,1.5065932559e+00,0.0690,1.7209e-03
3040.584,1.2795717747e-03,1.814097e-02,1.5065932559e+00,0.0690,1.6069e-03
3041.180,1.2795237937e-03,1.814742e-02,1.5065932559e+00,0.0690,1.4903e-03
3041.777,1.2794741710e-03,1.815223e-02,1.5065932559e+00,0.0690,1.3701e-03
3042.373,1.2794220988e-03,1.815567e-02,1.5065932559e+00,0.0690,1.2465e-03
3042.970,1.2793667677e-03,1.815795e-02,1.5065932559e+00,0.0690,1.1196e-03
3043.566,1.2793074446e-03,1.815912e-02,1.5065932559e+00,0.0690,9.8979e-04
3044.163,1.2792436002e-03,1.815913e-02,1.5065932559e+00,0.0690,8.5768e-04
3044.759,1.2791750542e-03,1.815790e-02,1.5065932559e+00,0.0690,7.2340e-04
3045.356,1.2791020916e-03,1.815546e-02,1.5065932559e+00,0.0690,5.8730e-04
3045.953,1.2790255074e-03,1.815164e-02,1.5065932559e+00,0.0690,4.5471e-04
3046.549,1.2789465540e-03,1.814642e-02,1.5065932559e+00,0.0690,4.2735e-04
3047.146,1.2788667968e-03,1.813963e-02,1.5065932559e+00,0.0690,6.1669e-04
3047.742,1.2787879066e-03,1.813100e-02,1.5065932559e+00,0.0690,8.1309e-04
3048.339,1.2787114356e-03,1.812041e-02,1.5065932559e+00,0.0690,1.0140e-03
3048.935,1.2786386237e-03,1.810779e-02,1.5065932559e+00,0.0690,1.2172e-03
3049.532,1.2785702737e-03,1.809323e-02,1.5065932559e+00,0.0690,1.4209e-03
3050.128,1.2785067159e-03,1.807694e-02,1.5065932559e+00,0.0690,1.6237e-03
3050.725,1.2784478616e-03,1.805914e-02,1.5065932559e+00,0.0690,1.8244e-03
3051.321,1.2783933308e-03,1.804008e-02,1.5065932559e+00,0.0690,2.0218e-03
3051.918,1.2783426252e-03,1.801996e-02,1.5065932559e+00,0.0690,2.2150e-03
3052.514,1.2782953155e-03,1.799904e-02,1.5065932559e+00,0.0690,2.4031e-03
3053.111,1.2782512067e-03,1.797755e-02,1.5065932559e+00,0.0690,2.5854e-03
3053.708,1.2782104494e-03,1.795573e-02,1.5065932559e+00,0.0690,2.7610e-03
3054.304,1.2781735778e-03,1.793384e-02,1.5065932559e+00,0.0690,2.9292e-03
3054.901,1.2781414648e-03,1.791212e-02,1.5065932559e+00,0.0690,3.0894e-03
3055.497,1.2781152122e-03,1.789081e-02,1.5065932559e+00,0.0690,3.2407e-03
3056.094,1.2780960035e-03,1.787016e-02,1.5065932559e+00,0.0690,3.3825e-03
3056.690,1.2780849567e-03,1.785039e-02,1.5065932559e+00,0.0690,3.5141e-03
3057.287,1.2780830035e-03,1.783170e-02,1.5065932559e+00,0.0690,3.6349e-03
3057.883,1.2780908045e-03,1.781430e-02,1.5065932559e+00,0.0690,3.7443e-03
3058.480,1.2781086976e-03,1.779835e-02,1.5065932559e+00,0.0690,3.8418e-03
3059.076,1.2781366736e-03,1.778401e-02,1.5065932559e+00,0.0690,3.9268e-03
3059.673,1.2781743775e-03,1.777139e-02,1.5065932559e+00,0.0690,3.9990e-03
3060.270,1.2782211459e-03,1.776060e-02,1.5065932559e+00,0.0690,4.0581e-03
3060.866,1.2782760893e-03,1.775170e-02,1.5065932559e+00,0.0690,4.1037e-03
3061.463,1.2783382158e-03,1.774473e-02,1.5065932559e+00,0.0690,4.1358e-03
3062.059,1.2784065628e-03,1.773970e-02,1.5065932559e+00,0.0690,4.1544e-03
3062.656,1.2784802970e-03,1.773658e-02,1.5065932559e+00,0.0690,4.1595e-03
3063.252,1.2785587603e-03,1.773543e-02,1.5065932559e+00,0.0690,4.1513e-03
3063.849,1.2786414584e-03,1.773633e-02,1.5065932559e+00,0.0690,4.1303e-03
3064.445,1.2787280111e-03,1.773931e-02,1.5065932559e+00,0.0690,4.0970e-03
3065.042,1.2788180943e-03,1.774435e-02,1.5065932559e+00,0.0690,4.0521e-03
3065.638,1.2789113943e-03,1.775131e-02,1.5065932559e+00,0.0690,3.9962e-03
3066.235,1.2790075913e-03,1.775986e-02,1.5065932559e+00,0.0690,3.9302e-03
3066.832,1.2791063722e-03,1.776968e-02,1.5065932559e+00,0.0690,3.8550e-03
3067.428,1.2792074678e-03,1.778058e-02,1.5065932559e+00,0.0690,3.7710e-03
3068.025,1.2793107005e-03,1.779247e-02,1.5065932559e+00,0.0690,3.6787e-03
3068.621,1.2794160282e-03,1.780531e-02,1.5065932559e+00,0.0690,3.5793e-03
3069.218,1.2795235670e-03,1.781909e-02,1.5065932559e+00,0.0690,3.4743e-03
3069.814,1.2796335800e-03,1.783386e-02,1.5065932559e+00,0.0690,3.3655e-03
3070.411,1.2797464267e-03,1.784974e-02,1.5065932559e+00,0.0690,3.2549e-03
3071.007,1.2798624746e-03,1.786683e-02,1.5065932559e+00,0.0690,3.1441e-03
3071.604,1.2799819998e-03,1.788523e-02,1.5065932559e+00,0.0690,3.0347e-03
3072.200,1.2801050820e-03,1.790500e-02,1.5065932559e+00,0.0690,2.9283e-03
3072.797,1.2802315208e-03,1.792615e-02,1.5065932559e+00,0.0690,2.8260e-03
3073.394,1.2803608436e-03,1.794865e-02,1.5065932559e+00,0.0690,2.7288e-03
3073.990,1.2804923527e-03,1.797245e-02,1.5065932559e+00,0.0690,2.6376e-03
3074.587,1.2806251947e-03,1.799734e-02,1.5065932559e+00,0.0690,2.5529e-03
3075.183,1.2807584657e-03,1.802319e-02,1.5065932559e+00,0.0690,2.4754e-03
3075.780,1.2808913479e-03,1.804985e-02,1.5065932559e+00,0.0690,2.4052e-03
3076.376,1.2810232281e-03,1.807705e-02,1.5065932559e+00,0.0690,2.3426e-03
3076.973,1.2811537377e-03,1.810448e-02,1.5065932559e+00,0.0690,2.2877e-03
3077.569,1.2812826851e-03,1.813176e-02,1.5065932559e+00,0.0690,2.2403e-03
3078.166,1.2814099033e-03,1.815848e-02,1.5065932559e+00,0.0690,2.2003e-03
3078.762,1.2815350712e-03,1.818428e-02,1.5065932559e+00,0.0690,2.1675e-03
3079.359,1.2816575736e-03,1.820878e-02,1.5065932559e+00,0.0690,2.1415e-03
3079.956,1.2817764359e-03,1.823169e-02,1.5065932559e+00,0.0690,2.1221e-03
3080.552,1.2818903309e-03,1.825275e-02,1.5065932559e+00,0.0690,2.1089e-03
3081.149,1.2819976370e-03,1.827194e-02,1.5065932559e+00,0.0690,2.1018e-03
3081.745,1.2820965294e-03,1.828941e-02,1.5065932559e+00,0.0690,2.1004e-03
3082.342,1.2821851029e-03,1.830522e-02,1.5065932559e+00,0.0690,2.1048e-03
3082.938,1.2822615303e-03,1.831945e-02,1.5065932559e+00,0.0690,2.1147e-03
3083.535,1.2823242519e-03,1.833204e-02,1.5065932559e+00,0.0690,2.1302e-03
3084.131,1.2823721644e-03,1.834288e-02,1.5065932559e+00,0.0690,2.1510e-03
3084.728,1.2824047643e-03,1.835195e-02,1.5065932559e+00,0.0690,2.1769e-03
3085.324,1.2824222025e-03,1.835924e-02,1.5065932559e+00,0.0690,2.2071e-03
3085.921,1.2824252374e-03,1.836475e-02,1.5065932559e+00,0.0690,2.2407e-03
3086.517,1.2824151055e-03,1.836846e-02,1.5065932559e+00,0.0690,2.2768e-03
3087.114,1.2823933551e-03,1.837035e-02,1.5065932559e+00,0.0690,2.3138e-03
3087.711,1.2823616842e-03,1.837039e-02,1.5065932559e+00,0.0690,2.3503e-03
3088.307,1.2823218089e-03,1.836849e-02,1.5065932559e+00,0.0690,2.3846e-03
3088.904,1.2822753674e-03,1.836458e-02,1.5065932559e+00,0.0690,2.4158e-03
3089.500,1.2822238480e-03,1.835860e-02,1.5065932559e+00,0.0690,2.4429e-03
3090.097,1.2821685222e-03,1.835054e-02,1.5065932559e+00,0.0690,2.4651e-03
3090.693,1.2821103704e-03,1.834031e-02,1.5065932559e+00,0.0690,2.4819e-03
3091.290,1.2820500097e-03,1.832769e-02,1.5065932559e+00,0.0690,2.4929e-03
3091.886,1.2819876400e-03,1.831252e-02,1.5065932559e+00,0.0690,2.4976e-03
3092.483,1.2819230287e-03,1.829481e-02,1.5065932559e+00,0.0690,2.4958e-03
3093.079,1.2818555554e-03,1.827472e-02,1.5065932559e+00,0.0690,2.4876e-03
3093.676,1.2817843217e-03,1.825260e-02,1.5065932559e+00,0.0690,2.4731e-03
3094.273,1.2817083181e-03,1.822882e-02,1.5065932559e+00,0.0690,2.4524e-03
3094.869,1.2816266145e-03,1.820374e-02,1.5065932559e+00,0.0690,2.4260e-03
3095.466,1.2815385430e-03,1.817769e-02,1.5065932559e+00,0.0690,2.3939e-03
3096.062,1.2814438370e-03,1.815097e-02,1.5065932559e+00,0.0690,2.3566e-03
3096.659,1.2813427054e-03,1.812380e-02,1.5065932559e+00,0.0690,2.3141e-03
3097.255,1.2812358312e-03,1.809636e-02,1.5065932559e+00,0.0690,2.2665e-03
3097.852,1.2811242940e-03,1.806877e-02,1.5065932559e+00,0.0690,2.2136e-03
3098.448,1.2810094303e-03,1.804117e-02,1.5065932559e+00,0.0690,2.1553e-03
3099.045,1.2808926546e-03,1.801366e-02,1.5065932559e+00,0.0690,2.0913e-03
3099.641,1.2807752832e-03,1.798637e-02,1.5065932559e+00,0.0690,2.0213e-03
3100.238,1.2806583933e-03,1.795941e-02,1.5065932559e+00,0.0690,1.9449e-03
3100.835,1.2805427081e-03,1.793297e-02,1.5065932559e+00,0.0690,1.8620e-03
3101.431,1.2804285806e-03,1.790720e-02,1.5065932559e+00,0.0690,1.7722e-03
3102.028,1.2803160737e-03,1.788209e-02,1.5065932559e+00,0.0690,1.6756e-03
3102.624,1.2802050701e-03,1.785769e-02,1.5065932559e+00,0.0690,1.5719e-03
3103.221,1.2800953585e-03,1.783413e-02,1.5065932559e+00,0.0690,1.4609e-03
3103.817,1.2799866653e-03,1.781158e-02,1.5065932559e+00,0.0690,1.3557e-03
3104.414,1.2798788267e-03,1.779020e-02,1.5065932559e+00,0.0690,1.4416e-03
3105.010,1.2797718682e-03,1.777021e-02,1.5065932559e+00,0.0690,1.5278e-03
3105.607,1.2796659295e-03,1.775174e-02,1.5065932559e+00,0.0690,1.6134e-03
3106.203,1.2795613046e-03,1.773492e-02,1.5065932559e+00,0.0690,1.6982e-03
3106.800,1.2794585913e-03,1.771991e-02,1.5065932559e+00,0.0690,1.7822e-03
3107.397,1.2793588124e-03,1.770694e-02,1.5065932559e+00,0.0690,1.8649e-03
3107.993,1.2792633901e-03,1.769631e-02,1.5065932559e+00,0.0690,1.9458e-03
3108.590,1.2791739491e-03,1.768835e-02,1.5065932559e+00,0.0690,2.0241e-03
3109.186,1.2790920259e-03,1.768330e-02,1.5065932559e+00,0.0690,2.0989e-03
3109.783,1.2790188062e-03,1.768125e-02,1.5065932559e+00,0.0690,2.1707e-03
3110.379,1.2789549780e-03,1.768214e-02,1.5065932559e+00,0.0690,2.2399e-03
3110.976,1.2789007075e-03,1.768587e-02,1.5065932559e+00,0.0690,2.3042e-03
3111.572,1.2788556837e-03,1.769213e-02,1.5065932559e+00,0.0690,2.3617e-03
3112.169,1.2788191748e-03,1.770061e-02,1.5065932559e+00,0.0690,2.4113e-03
3112.765,1.2787900779e-03,1.771116e-02,1.5065932559e+00,0.0690,2.4508e-03
3113.362,1.2787669894e-03,1.772367e-02,1.5065932559e+00,0.0690,2.4787e-03
3113.959,1.2787483286e-03,1.773799e-02,1.5065932559e+00,0.0690,2.4959e-03
3114.555,1.2787325185e-03,1.775401e-02,1.5065932559e+00,0.0690,2.5029e-03
3115.152,1.2787181806e-03,1.777165e-02,1.5065932559e+00,0.0690,2.5004e-03
3115.748,1.2787042845e-03,1.779081e-02,1.5065932559e+00,0.0690,2.4888e-03
3116.345,1.2786902105e-03,1.781139e-02,1.5065932559e+00,0.0690,2.4685e-03
3116.941,1.2786757267e-03,1.783326e-02,1.5065932559e+00,0.0690,2.4397e-03
3117.538,1.2786609211e-03,1.785627e-02,1.5065932559e+00,0.0690,2.4028e-03
3118.134,1.2786461382e-03,1.788023e-02,1.5065932559e+00,0.0690,2.3580e-03
3118.731,1.2786319508e-03,1.790495e-02,1.5065932559e+00,0.0690,2.3058e-03
3119.327,1.2786191649e-03,1.793018e-02,1.5065932559e+00,0.0690,2.2462e-03
3119.924,1.2786088240e-03,1.795571e-02,1.5065932559e+00,0.0690,2.1798e-03
3120.520,1.2786021772e-03,1.798130e-02,1.5065932559e+00,0.0690,2.1068e-03
3121.117,1.2786005834e-03,1.800673e-02,1.5065932559e+00,0.0690,2.0274e-03
3121.714,1.2786053551e-03,1.803181e-02,1.5065932559e+00,0.0690,1.9419e-03
3122.310,1.2786175658e-03,1.805636e-02,1.5065932559e+00,0.0690,1.8505e-03
3122.907,1.2786378611e-03,1.808022e-02,1.5065932559e+00,0.0690,1.7536e-03
3123.503,1.2786663168e-03,1.810322e-02,1.5065932559e+00,0.0690,1.6516e-03
3124.100,1.2787023734e-03,1.812520e-02,1.5065932559e+00,0.0690,1.5450e-03
3124.696,1.2787448587e-03,1.814598e-02,1.5065932559e+00,0.0690,1.4341e-03
3125.293,1.2787920998e-03,1.816543e-02,1.5065932559e+00,0.0690,1.3192e-03
3125.889,1.2788421025e-03,1.818329e-02,1.5065932559e+00,0.0690,1.2008e-03
3126.486,1.2788927579e-03,1.819926e-02,1.5065932559e+00,0.0690,1.0791e-03
3127.082,1.2789420569e-03,1.821305e-02,1.5065932559e+00,0.0690,9.5438e-04
3127.679,1.2789882975e-03,1.822438e-02,1.5065932559e+00,0.0690,8.2688e-04
3128.276,1.2790302662e-03,1.823324e-02,1.5065932559e+00,0.0690,6.9664e-04
3128.872,1.2790673606e-03,1.823989e-02,1.5065932559e+00,0.0690,5.6243e-04
3129.469,1.2790996272e-03,1.824450e-02,1.5065932559e+00,0.0690,4.2448e-04
3130.065,1.2791276986e-03,1.824710e-02,1.5065932559e+00,0.0690,2.9454e-04
3130.662,1.2791526413e-03,1.824773e-02,1.5065932559e+00,0.0690,4.8041e-04
3131.258,1.2791757488e-03,1.824639e-02,1.5065932559e+00,0.0690,6.7899e-04
3131.855,1.2791983319e-03,1.824291e-02,1.5065932559e+00,0.0690,8.8929e-04
3132.451,1.2792215469e-03,1.823729e-02,1.5065932559e+00,0.0690,1.1102e-03
3133.048,1.2792462879e-03,1.822963e-02,1.5065932559e+00,0.0690,1.3405e-03
3133.644,1.2792731394e-03,1.821970e-02,1.5065932559e+00,0.0690,1.5786e-03
3134.241,1.2793023704e-03,1.820729e-02,1.5065932559e+00,0.0690,1.8227e-03
3134.838,1.2793339461e-03,1.819246e-02,1.5065932559e+00,0.0690,2.0705e-03
3135.434,1.2793675370e-03,1.817559e-02,1.5065932559e+00,0.0690,2.3201e-03
3136.031,1.2794025262e-03,1.815703e-02,1.5065932559e+00,0.0690,2.5698e-03
3136.627,1.2794380223e-03,1.813721e-02,1.5065932559e+00,0.0690,2.8184e-03
3137.224,1.2794728970e-03,1.811652e-02,1.5065932559e+00,0.0690,3.0646e-03
3137.820,1.2795058606e-03,1.809531e-02,1.5065932559e+00,0.0690,3.3074e-03
3138.417,1.2795355876e-03,1.807391e-02,1.5065932559e+00,0.0690,3.5459e-03
3139.013,1.2795608892e-03,1.805260e-02,1.5065932559e+00,0.0690,3.7789e-03
3139.610,1.2795809119e-03,1.803165e-02,1.5065932559e+00,0.0690,4.0053e-03
3140.206,1.2795953277e-03,1.801129e-02,1.5065932559e+00,0.0690,4.2241e-03
3140.803,1.2796044742e-03,1.799172e-02,1.5065932559e+00,0.0690,4.4340e-03
3141.400,1.2796094091e-03,1.797312e-02,1.5065932559e+00,0.0690,4.6338e-03
3141.996,1.2796118609e-03,1.795568e-02,1.5065932559e+00,0.0690,4.8223e-03
3142.593,1.2796140770e-03,1.793954e-02,1.5065932559e+00,0.0690,4.9982e-03
3143.189,1.2796185927e-03,1.792484e-02,1.5065932559e+00,0.0690,5.1603e-03
3143.786,1.2796279522e-03,1.791170e-02,1.5065932559e+00,0.0690,5.3074e-03
3144.382,1.2796444165e-03,1.790024e-02,1.5065932559e+00,0.0690,5.4391e-03
3144.979,1.2796696921e-03,1.789062e-02,1.5065932559e+00,0.0690,5.5551e-03
3145.575,1.2797047176e-03,1.788288e-02,1.5065932559e+00,0.0690,5.6545e-03
3146.172,1.2797495405e-03,1.787702e-02,1.5065932559e+00,0.0690,5.7358e-03
3146.768,1.2798033124e-03,1.787300e-02,1.5065932559e+00,0.0690,5.7975e-03
3147.365,1.2798644113e-03,1.787073e-02,1.5065932559e+00,0.0690,5.8384e-03
3147.961,1.2799306717e-03,1.787012e-02,1.5065932559e+00,0.0690,5.8576e-03
3148.558,1.2799996817e-03,1.787115e-02,1.5065932559e+00,0.0690,5.8565e-03
3149.155,1.2800690890e-03,1.787376e-02,1.5065932559e+00,0.0690,5.8354e-03
3149.751,1.2801368648e-03,1.787784e-02,1.5065932559e+00,0.0690,5.7945e-03
3150.348,1.2802014854e-03,1.788332e-02,1.5065932559e+00,0.0690,5.7345e-03
3150.944,1.2802620183e-03,1.789011e-02,1.5065932559e+00,0.0690,5.6558e-03
3151.541,1.2803181177e-03,1.789817e-02,1.5065932559e+00,0.0690,5.5592e-03
3152.137,1.2803699494e-03,1.790743e-02,1.5065932559e+00,0.0690,5.4455e-03
3152.734,1.2804180736e-03,1.791787e-02,1.5065932559e+00,0.0690,5.3155e-03
3153.330,1.2804633173e-03,1.792943e-02,1.5065932559e+00,0.0690,5.1703e-03
3153.927,1.2805066619e-03,1.794209e-02,1.5065932559e+00,0.0690,5.0109e-03
3154.523,1.2805491633e-03,1.795574e-02,1.5065932559e+00,0.0690,4.8386e-03
3155.120,1.2805919035e-03,1.797048e-02,1.5065932559e+00,0.0690,4.6545e-03
3155.717,1.2806359607e-03,1.798659e-02,1.5065932559e+00,0.0690,4.4600e-03
3156.313,1.2806823700e-03,1.800383e-02,1.5065932559e+00,0.0690,4.2563e-03
3156.910,1.2807320567e-03,1.802166e-02,1.5065932559e+00,0.0690,4.0447e-03
3157.506,1.2807857335e-03,1.803958e-02,1.5065932559e+00,0.0690,3.8257e-03
3158.103,1.2808437797e-03,1.805717e-02,1.5065932559e+00,0.0690,3.5994e-03
3158.699,1.2809061450e-03,1.807395e-02,1.5065932559e+00,0.0690,3.3667e-03
3159.296,1.2809722979e-03,1.808983e-02,1.5065932559e+00,0.0690,3.1286e-03
3159.892,1.2810412699e-03,1.810494e-02,1.5065932559e+00,0.0690,2.8866e-03
3160.489,1.2811118158e-03,1.811939e-02,1.5065932559e+00,0.0690,2.6420e-03
3161.085,1.2811826300e-03,1.813325e-02,1.5065932559e+00,0.0690,2.3965e-03
3161.682,1.2812525632e-03,1.814658e-02,1.5065932559e+00,0.0690,2.1518e-03
3162.279,1.2813208035e-03,1.815932e-02,1.5065932559e+00,0.0690,1.9098e-03
3162.875,1.2813869941e-03,1.817130e-02,1.5065932559e+00,0.0690,1.6722e-03
3163.472,1.2814512517e-03,1.818238e-02,1.5065932559e+00,0.0690,1.4967e-03
3164.068,1.2815140576e-03,1.819244e-02,1.5065932559e+00,0.0690,1.5988e-03
3164.665,1.2815760334e-03,1.820142e-02,1.5065932559e+00,0.0690,1.6920e-03
3165.261,1.2816376518e-03,1.820933e-02,1.5065932559e+00,0.0690,1.7759e-03
3165.858,1.2816989645e-03,1.821617e-02,1.5065932559e+00,0.0690,1.8502e-03
3166.454,1.2817594283e-03,1.822202e-02,1.5065932559e+00,0.0690,1.9148e-03
3167.051,1.2818178736e-03,1.822694e-02,1.5065932559e+00,0.0690,1.9696e-03
3167.647,1.2818726081e-03,1.823099e-02,1.5065932559e+00,0.0690,2.0150e-03
3168.244,1.2819216051e-03,1.823425e-02,1.5065932559e+00,0.0690,2.0510e-03
3168.841,1.2819627258e-03,1.823669e-02,1.5065932559e+00,0.0690,2.0799e-03
3169.437,1.2819939401e-03,1.823832e-02,1.5065932559e+00,0.0690,2.1015e-03
3170.034,1.2820135350e-03,1.823915e-02,1.5065932559e+00,0.0690,2.1151e-03
3170.630,1.2820203008e-03,1.823914e-02,1.5065932559e+00,0.0690,2.1208e-03
3171.227,1.2820136793e-03,1.823823e-02,1.5065932559e+00,0.0690,2.1189e-03
3171.823,1.2819938325e-03,1.823635e-02,1.5065932559e+00,0.0690,2.1100e-03
3172.420,1.2819616038e-03,1.823341e-02,1.5065932559e+00,0.0690,2.0947e-03
3173.016,1.2819183728e-03,1.822934e-02,1.5065932559e+00,0.0690,2.0739e-03
3173.613,1.2818658443e-03,1.822406e-02,1.5065932559e+00,0.0690,2.0482e-03
3174.209,1.2818058257e-03,1.821754e-02,1.5065932559e+00,0.0690,2.0183e-03
3174.806,1.2817400412e-03,1.820977e-02,1.5065932559e+00,0.0690,1.9845e-03
3175.403,1.2816699927e-03,1.820075e-02,1.5065932559e+00,0.0690,1.9475e-03
3175.999,1.2815968747e-03,1.819056e-02,1.5065932559e+00,0.0690,1.9075e-03
3176.596,1.2815215063e-03,1.817928e-02,1.5065932559e+00,0.0690,1.8650e-03
3177.192,1.2814442731e-03,1.816689e-02,1.5065932559e+00,0.0690,1.8202e-03
3177.789,1.2813651379e-03,1.815344e-02,1.5065932559e+00,0.0690,1.7734e-03
3178.385,1.2812837157e-03,1.813898e-02,1.5065932559e+00,0.0690,1.7249e-03
3178.982,1.2811993814e-03,1.812358e-02,1.5065932559e+00,0.0690,1.6750e-03
3179.578,1.2811113941e-03,1.810754e-02,1.5065932559e+00,0.0690,1.6238e-03
3180.175,1.2810190265e-03,1.809131e-02,1.5065932559e+00,0.0690,1.5714e-03
3180.771,1.2809216668e-03,1.807514e-02,1.5065932559e+00,0.0690,1.5179e-03
3181.368,1.2808189852e-03,1.805907e-02,1.5065932559e+00,0.0690,1.4637e-03
3181.964,1.2807109802e-03,1.804306e-02,1.5065932559e+00,0.0690,1.4096e-03
3182.561,1.2805977985e-03,1.802711e-02,1.5065932559e+00,0.0690,1.3566e-03
3183.158,1.2804795932e-03,1.801117e-02,1.5065932559e+00,0.0690,1.3063e-03
3183.754,1.2803565116e-03,1.799522e-02,1.5065932559e+00,0.0690,1.2593e-03
3184.351,1.2802287855e-03,1.797926e-02,1.5065932559e+00,0.0690,1.2154e-03
3184.947,1.2800968494e-03,1.796331e-02,1.5065932559e+00,0.0690,1.1747e-03
3185.544,1.2799614189e-03,1.794741e-02,1.5065932559e+00,0.0690,1.1371e-03
3186.140,1.2798235037e-03,1.793161e-02,1.5065932559e+00,0.0690,1.1021e-03
3186.737,1.2796843675e-03,1.791601e-02,1.5065932559e+00,0.0690,1.0696e-03
3187.333,1.2795454610e-03,1.790072e-02,1.5065932559e+00,0.0690,1.0393e-03
3187.930,1.2794083344e-03,1.788588e-02,1.5065932559e+00,0.0690,1.0110e-03
3188.526,1.2792745184e-03,1.787157e-02,1.5065932559e+00,0.0690,9.8436e-04
3189.123,1.2791453652e-03,1.785783e-02,1.5065932559e+00,0.0690,9.5932e-04
3189.720,1.2790218740e-03,1.784480e-02,1.5065932559e+00,0.0690,9.3564e-04
3190.316,1.2789045536e-03,1.783267e-02,1.5065932559e+00,0.0690,9.1322e-04
3190.913,1.2787933777e-03,1.782167e-02,1.5065932559e+00,0.0690,8.9205e-04
3191.509,1.2786878630e-03,1.781208e-02,1.5065932559e+00,0.0690,8.9652e-04
3192.106,1.2785872494e-03,1.780416e-02,1.5065932559e+00,0.0690,9.3179e-04
3192.702,1.2784907318e-03,1.779797e-02,1.5065932559e+00,0.0690,9.6347e-04
3193.299,1.2783976803e-03,1.779343e-02,1.5065932559e+00,0.0690,9.9151e-04
3193.895,1.2783078077e-03,1.779039e-02,1.5065932559e+00,0.0690,1.0158e-03
3194.492,1.2782212631e-03,1.778868e-02,1.5065932559e+00,0.0690,1.0360e-03
3195.088,1.2781386497e-03,1.778813e-02,1.5065932559e+00,0.0690,1.0519e-03
3195.685,1.2780609734e-03,1.778854e-02,1.5065932559e+00,0.0690,1.0635e-03
3196.282,1.2779895271e-03,1.778972e-02,1.5065932559e+00,0.0690,1.0705e-03
3196.878,1.2779257268e-03,1.779153e-02,1.5065932559e+00,0.0690,1.0730e-03
3197.475,1.2778709269e-03,1.779379e-02,1.5065932559e+00,0.0690,1.0711e-03
3198.071,1.2778262501e-03,1.779638e-02,1.5065932559e+00,0.0690,1.0653e-03
3198.668,1.2777924679e-03,1.779926e-02,1.5065932559e+00,0.0690,1.0558e-03
3199.264,1.2777699501e-03,1.780242e-02,1.5065932559e+00,0.0690,1.0431e-03
3199.861,1.2777586788e-03,1.780592e-02,1.5065932559e+00,0.0690,1.0276e-03
3200.457,1.2777583040e-03,1.780981e-02,1.5065932559e+00,0.0690,1.0100e-03
3201.054,1.2777682125e-03,1.781414e-02,1.5065932559e+00,0.0690,9.9086e-04
3201.650,1.2777875913e-03,1.781895e-02,1.5065932559e+00,0.0690,9.7117e-04
3202.247,1.2778154811e-03,1.782427e-02,1.5065932559e+00,0.0690,9.5193e-04
3202.844,1.2778508283e-03,1.783013e-02,1.5065932559e+00,0.0690,9.3418e-04
3203.440,1.2778925433e-03,1.783652e-02,1.5065932559e+00,0.0690,9.1895e-04
3204.037,1.2779395804e-03,1.784345e-02,1.5065932559e+00,0.0690,9.0723e-04
3204.633,1.2779910262e-03,1.785092e-02,1.5065932559e+00,0.0690,8.9986e-04
3205.230,1.2780461766e-03,1.785891e-02,1.5065932559e+00,0.0690,8.9760e-04
3205.826,1.2781045890e-03,1.786742e-02,1.5065932559e+00,0.0690,9.0103e-04
3206.423,1.2781661085e-03,1.787643e-02,1.5065932559e+00,0.0690,9.1057e-04
3207.019,1.2782308595e-03,1.788594e-02,1.5065932559e+00,0.0690,9.2649e-04
3207.616,1.2782991953e-03,1.789594e-02,1.5065932559e+00,0.0690,9.4894e-04
3208.212,1.2783716033e-03,1.790646e-02,1.5065932559e+00,0.0690,9.7792e-04
3208.809,1.2784485776e-03,1.791754e-02,1.5065932559e+00,0.0690,1.0134e-03
3209.406,1.2785304916e-03,1.792922e-02,1.5065932559e+00,0.0690,1.0551e-03
3210.002,1.2786175062e-03,1.794148e-02,1.5065932559e+00,0.0690,1.1030e-03
3210.599,1.2787095412e-03,1.795426e-02,1.5065932559e+00,0.0690,1.1566e-03
3211.195,1.2788063093e-03,1.796746e-02,1.5065932559e+00,0.0690,1.2158e-03
3211.792,1.2789073902e-03,1.798095e-02,1.5065932559e+00,0.0690,1.2802e-03
3212.388,1.2790123084e-03,1.799456e-02,1.5065932559e+00,0.0690,1.3494e-03
3212.985,1.2791205860e-03,1.800808e-02,1.5065932559e+00,0.0690,1.4230e-03
3213.581,1.2792317598e-03,1.802131e-02,1.5065932559e+00,0.0690,1.5008e-03
3214.178,1.2793453720e-03,1.803404e-02,1.5065932559e+00,0.0690,1.5824e-03
3214.774,1.2794609538e-03,1.804628e-02,1.5065932559e+00,0.0690,1.6677e-03
3215.371,1.2795780193e-03,1.805802e-02,1.5065932559e+00,0.0690,1.7565e-03
3215.967,1.2796960752e-03,1.806929e-02,1.5065932559e+00,0.0690,1.8490e-03
3216.564,1.2798146411e-03,1.808011e-02,1.5065932559e+00,0.0690,1.9453e-03
3217.161,1.2799332684e-03,1.809050e-02,1.5065932559e+00,0.0690,2.0458e-03
3217.757,1.2800515450e-03,1.810048e-02,1.5065932559e+00,0.0690,2.1506e-03
3218.354,1.2801690802e-03,1.811005e-02,1.5065932559e+00,0.0690,2.2603e-03
3218.950,1.2802854683e-03,1.811916e-02,1.5065932559e+00,0.0690,2.3753e-03
3219.547,1.2804002410e-03,1.812771e-02,1.5065932559e+00,0.0690,2.4957e-03
3220.143,1.2805128162e-03,1.813567e-02,1.5065932559e+00,0.0690,2.6218e-03
3220.740,1.2806224605e-03,1.814312e-02,1.5065932559e+00,0.0690,2.7535e-03
3221.336,1.2807282754e-03,1.815005e-02,1.5065932559e+00,0.0690,2.8905e-03
3221.933,1.2808292187e-03,1.815620e-02,1.5065932559e+00,0.0690,3.0319e-03
3222.529,1.2809241678e-03,1.816140e-02,1.5065932559e+00,0.0690,3.1767e-03
3223.126,1.2810120184e-03,1.816565e-02,1.5065932559e+00,0.0690,3.3232e-03
3223.723,1.2810917880e-03,1.816911e-02,1.5065932559e+00,0.0690,3.4701e-03
3224.319,1.2811627460e-03,1.817198e-02,1.5065932559e+00,0.0690,3.6164e-03
3224.916,1.2812245138e-03,1.817440e-02,1.5065932559e+00,0.0690,3.7612e-03
3225.512,1.2812770930e-03,1.817650e-02,1.5065932559e+00,0.0690,3.9036e-03
3226.109,1.2813208373e-03,1.817831e-02,1.5065932559e+00,0.0690,4.0427e-03
3226.705,1.2813563952e-03,1.817986e-02,1.5065932559e+00,0.0690,4.1776e-03
3227.302,1.2813846287e-03,1.818115e-02,1.5065932559e+00,0.0690,4.3074e-03
3227.898,1.2814065076e-03,1.818216e-02,1.5065932559e+00,0.0690,4.4311e-03
3228.495,1.2814229831e-03,1.818289e-02,1.5065932559e+00,0.0690,4.5475e-03
3229.091,1.2814348660e-03,1.818330e-02,1.5065932559e+00,0.0690,4.6556e-03
3229.688,1.2814427433e-03,1.818339e-02,1.5065932559e+00,0.0690,4.7543e-03
3230.285,1.2814469570e-03,1.818316e-02,1.5065932559e+00,0.0690,4.8425e-03
3230.881,1.2814476489e-03,1.818262e-02,1.5065932559e+00,0.0690,4.9193e-03
3231.478,1.2814448424e-03,1.818178e-02,1.5065932559e+00,0.0690,4.9835e-03
3232.074,1.2814385291e-03,1.818064e-02,1.5065932559e+00,0.0690,5.0344e-03
3232.671,1.2814287309e-03,1.817924e-02,1.5065932559e+00,0.0690,5.0711e-03
3233.267,1.2814155355e-03,1.817757e-02,1.5065932559e+00,0.0690,5.0931e-03
3233.864,1.2813991178e-03,1.817563e-02,1.5065932559e+00,0.0690,5.0998e-03
3234.460,1.2813797613e-03,1.817341e-02,1.5065932559e+00,0.0690,5.0908e-03
3235.057,1.2813578808e-03,1.817088e-02,1.5065932559e+00,0.0690,5.0657e-03
3235.653,1.2813340303e-03,1.816800e-02,1.5065932559e+00,0.0690,5.0243e-03
3236.250,1.2813088753e-03,1.816472e-02,1.5065932559e+00,0.0690,4.9666e-03
3236.847,1.2812831198e-03,1.816097e-02,1.5065932559e+00,0.0690,4.8925e-03
3237.443,1.2812574035e-03,1.815671e-02,1.5065932559e+00,0.0690,4.8021e-03
3238.040,1.2812322024e-03,1.815185e-02,1.5065932559e+00,0.0690,4.6956e-03
3238.636,1.2812077682e-03,1.814636e-02,1.5065932559e+00,0.0690,4.5732e-03
3239.233,1.2811841242e-03,1.814020e-02,1.5065932559e+00,0.0690,4.4354e-03
3239.829,1.2811611119e-03,1.813334e-02,1.5065932559e+00,0.0690,4.2825e-03
3240.426,1.2811384633e-03,1.812577e-02,1.5065932559e+00,0.0690,4.1153e-03
3241.022,1.2811158714e-03,1.811752e-02,1.5065932559e+00,0.0690,3.9343e-03
3241.619,1.2810930429e-03,1.810890e-02,1.5065932559e+00,0.0690,3.7406e-03
3242.215,1.2810697281e-03,1.810025e-02,1.5065932559e+00,0.0690,3.5350e-03
3242.812,1.2810457383e-03,1.809141e-02,1.5065932559e+00,0.0690,3.3186e-03
3243.409,1.2810209563e-03,1.808208e-02,1.5065932559e+00,0.0690,3.0923e-03
3244.005,1.2809953420e-03,1.807203e-02,1.5065932559e+00,0.0690,2.8567e-03
3244.602,1.2809689283e-03,1.806115e-02,1.5065932559e+00,0.0690,2.6121e-03
3245.198,1.2809418001e-03,1.804927e-02,1.5065932559e+00,0.0690,2.3593e-03
3245.795,1.2809140588e-03,1.803651e-02,1.5065932559e+00,0.0690,2.0995e-03
3246.391,1.2808857826e-03,1.802338e-02,1.5065932559e+00,0.0690,1.8344e-03
3246.988,1.2808570006e-03,1.801035e-02,1.5065932559e+00,0.0690,1.6760e-03
3247.584,1.2808276960e-03,1.799787e-02,1.5065932559e+00,0.0690,1.8241e-03
3248.181,1.2807978462e-03,1.798622e-02,1.5065932559e+00,0.0690,1.9663e-03
3248.777,1.2807674888e-03,1.797543e-02,1.5065932559e+00,0.0690,2.1017e-03
3249.374,1.2807367948e-03,1.796553e-02,1.5065932559e+00,0.0690,2.2300e-03
3249.970,1.2807061176e-03,1.795655e-02,1.5065932559e+00,0.0690,2.3504e-03
3250.567,1.2806759960e-03,1.794849e-02,1.5065932559e+00,0.0690,2.4625e-03
3251.164,1.2806470989e-03,1.794129e-02,1.5065932559e+00,0.0690,2.5685e-03
3251.760,1.2806201204e-03,1.793493e-02,1.5065932559e+00,0.0690,2.6676e-03
3252.357,1.2805956511e-03,1.792949e-02,1.5065932559e+00,0.0690,2.7567e-03
3252.953,1.2805740271e-03,1.792512e-02,1.5065932559e+00,0.0690,2.8331e-03
3253.550,1.2805552182e-03,1.792199e-02,1.5065932559e+00,0.0690,2.8940e-03
3254.146,1.2805387879e-03,1.792019e-02,1.5065932559e+00,0.0690,2.9400e-03
3254.743,1.2805239115e-03,1.791979e-02,1.5065932559e+00,0.0690,2.9720e-03
3255.339,1.2805094368e-03,1.792084e-02,1.5065932559e+00,0.0690,2.9912e-03
3255.936,1.2804939839e-03,1.792336e-02,1.5065932559e+00,0.0690,2.9986e-03
3256.532,1.2804760888e-03,1.792733e-02,1.5065932559e+00,0.0690,2.9951e-03
3257.129,1.2804543805e-03,1.793271e-02,1.5065932559e+00,0.0690,2.9813e-03
3257.726,1.2804277628e-03,1.793942e-02,1.5065932559e+00,0.0690,2.9582e-03
3258.322,1.2803955551e-03,1.794734e-02,1.5065932559e+00,0.0690,2.9262e-03
3258.919,1.2803575579e-03,1.795634e-02,1.5065932559e+00,0.0690,2.8861e-03
3259.515,1.2803140320e-03,1.796627e-02,1.5065932559e+00,0.0690,2.8383e-03
3260.112,1.2802656148e-03,1.797703e-02,1.5065932559e+00,0.0690,2.7828e-03
3260.708,1.2802132126e-03,1.798846e-02,1.5065932559e+00,0.0690,2.7203e-03
3261.305,1.2801578969e-03,1.800042e-02,1.5065932559e+00,0.0690,2.6515e-03
3261.901,1.2801007954e-03,1.801277e-02,1.5065932559e+00,0.0690,2.5769e-03
3262.498,1.2800430608e-03,1.802537e-02,1.5065932559e+00,0.0690,2.4971e-03
3263.094,1.2799857820e-03,1.803809e-02,1.5065932559e+00,0.0690,2.4126e-03
3263.691,1.2799297607e-03,1.805080e-02,1.5065932559e+00,0.0690,2.3234e-03
3264.288,1.2798753671e-03,1.806336e-02,1.5065932559e+00,0.0690,2.2302e-03
3264.884,1.2798225485e-03,1.807563e-02,1.5065932559e+00,0.0690,2.1336e-03
3265.481,1.2797709581e-03,1.808745e-02,1.5065932559e+00,0.0690,2.0341e-03
3266.077,1.2797201201e-03,1.809868e-02,1.5065932559e+00,0.0690,1.9319e-03
3266.674,1.2796695527e-03,1.810909e-02,1.5065932559e+00,0.0690,1.8271e-03
3267.270,1.2796188151e-03,1.811837e-02,1.5065932559e+00,0.0690,1.7196e-03
3267.867,1.2795674927e-03,1.812624e-02,1.5065932559e+00,0.0690,1.6097e-03
3268.463,1.2795151629e-03,1.813251e-02,1.5065932559e+00,0.0690,1.4975e-03
3269.060,1.2794613729e-03,1.813742e-02,1.5065932559e+00,0.0690,1.3829e-03
3269.656,1.2794056420e-03,1.814119e-02,1.5065932559e+00,0.0690,1.2661e-03
3270.253,1.2793474869e-03,1.814400e-02,1.5065932559e+00,0.0690,1.1468e-03
3270.850,1.2792864699e-03,1.814586e-02,1.5065932559e+00,0.0690,1.0253e-03
3271.446,1.2792222745e-03,1.814668e-02,1.5065932559e+00,0.0690,9.0203e-04
3272.043,1.2791548076e-03,1.814631e-02,1.5065932559e+00,0.0690,7.7706e-04
3272.639,1.2790843042e-03,1.814473e-02,1.5065932559e+00,0.0690,6.4985e-04
3273.236,1.2790113982e-03,1.814177e-02,1.5065932559e+00,0.0690,5.2507e-04
3273.832,1.2789371145e-03,1.813735e-02,1.5065932559e+00,0.0690,4.0445e-04
3274.429,1.2788627664e-03,1.813143e-02,1.5065932559e+00,0.0690,5.1827e-04
3275.025,1.2787897725e-03,1.812378e-02,1.5065932559e+00,0.0690,7.0112e-04
3275.622,1.2787194411e-03,1.811420e-02,1.5065932559e+00,0.0690,8.8965e-04
3276.218,1.2786527804e-03,1.810264e-02,1.5065932559e+00,0.0690,1.0814e-03
3276.815,1.2785903820e-03,1.808917e-02,1.5065932559e+00,0.0690,1.2746e-03
3277.411,1.2785323983e-03,1.807399e-02,1.5065932559e+00,0.0690,1.4676e-03
3278.008,1.2784786100e-03,1.805739e-02,1.5065932559e+00,0.0690,1.6593e-03
3278.605,1.2784285603e-03,1.803966e-02,1.5065932559e+00,0.0690,1.8484e-03
3279.201,1.2783817279e-03,1.802109e-02,1.5065932559e+00,0.0690,2.0342e-03
3279.798,1.2783377049e-03,1.800194e-02,1.5065932559e+00,0.0690,2.2158e-03
3280.394,1.2782963520e-03,1.798245e-02,1.5065932559e+00,0.0690,2.3923e-03
3280.991,1.2782578999e-03,1.796287e-02,1.5065932559e+00,0.0690,2.5630e-03
3281.587,1.2782229769e-03,1.794341e-02,1.5065932559e+00,0.0690,2.7273e-03
3282.184,1.2781925568e-03,1.792426e-02,1.5065932559e+00,0.0690,2.8842e-03
3282.780,1.2781678394e-03,1.790561e-02,1.5065932559e+00,0.0690,3.0330e-03
3283.377,1.2781500941e-03,1.788764e-02,1.5065932559e+00,0.0690,3.1730e-03
3283.973,1.2781405036e-03,1.787047e-02,1.5065932559e+00,0.0690,3.3035e-03
3284.570,1.2781400348e-03,1.785426e-02,1.5065932559e+00,0.0690,3.4237e-03
3285.167,1.2781493501e-03,1.783912e-02,1.5065932559e+00,0.0690,3.5331e-03
3285.763,1.2781687568e-03,1.782515e-02,1.5065932559e+00,0.0690,3.6311e-03
3286.360,1.2781981867e-03,1.781247e-02,1.5065932559e+00,0.0690,3.7172e-03
3286.956,1.2782372050e-03,1.780115e-02,1.5065932559e+00,0.0690,3.7910e-03
3287.553,1.2782850585e-03,1.779126e-02,1.5065932559e+00,0.0690,3.8524e-03
3288.149,1.2783407708e-03,1.778287e-02,1.5065932559e+00,0.0690,3.9012e-03
3288.746,1.2784032706e-03,1.777604e-02,1.5065932559e+00,0.0690,3.9373e-03
3289.342,1.2784715250e-03,1.777077e-02,1.5065932559e+00,0.0690,3.9610e-03
3289.939,1.2785446461e-03,1.776718e-02,1.5065932559e+00,0.0690,3.9725e-03
3290.535,1.2786219451e-03,1.776535e-02,1.5065932559e+00,0.0690,3.9721e-03
3291.132,1.2787029269e-03,1.776536e-02,1.5065932559e+00,0.0690,3.9604e-03
3291.729,1.2787872396e-03,1.776726e-02,1.5065932559e+00,0.0690,3.9380e-03
3292.325,1.2788746071e-03,1.777104e-02,1.5065932559e+00,0.0690,3.9056e-03
3292.922,1.2789647756e-03,1.777669e-02,1.5065932559e+00,0.0690,3.8639e-03
3293.518,1.2790574945e-03,1.778403e-02,1.5065932559e+00,0.0690,3.8137e-03
3294.115,1.2791525325e-03,1.779276e-02,1.5065932559e+00,0.0690,3.7557e-03
3294.711,1.2792497177e-03,1.780275e-02,1.5065932559e+00,0.0690,3.6905e-03
3295.308,1.2793489781e-03,1.781389e-02,1.5065932559e+00,0.0690,3.6184e-03
3295.904,1.2794503649e-03,1.782613e-02,1.5065932559e+00,0.0690,3.5400e-03
3296.501,1.2795540481e-03,1.783947e-02,1.5065932559e+00,0.0690,3.4566e-03
3297.097,1.2796602846e-03,1.785392e-02,1.5065932559e+00,0.0690,3.3695e-03
3297.694,1.2797693634e-03,1.786946e-02,1.5065932559e+00,0.0690,3.2802e-03
3298.291,1.2798815394e-03,1.788610e-02,1.5065932559e+00,0.0690,3.1901e-03
3298.887,1.2799969627e-03,1.790387e-02,1.5065932559e+00,0.0690,3.1008e-03
3299.484,1.2801156133e-03,1.792278e-02,1.5065932559e+00,0.0690,3.0133e-03
3300.080,1.2802372654e-03,1.794284e-02,1.5065932559e+00,0.0690,2.9285e-03
3300.677,1.2803614661e-03,1.796401e-02,1.5065932559e+00,0.0690,2.8471e-03
3301.273,1.2804875571e-03,1.798622e-02,1.5065932559e+00,0.0690,2.7698e-03
3301.870,1.2806147784e-03,1.800937e-02,1.5065932559e+00,0.0690,2.6970e-03
3302.466,1.2807423716e-03,1.803327e-02,1.5065932559e+00,0.0690,2.6291e-03
3303.063,1.2808696555e-03,1.805772e-02,1.5065932559e+00,0.0690,2.5665e-03
3303.659,1.2809960900e-03,1.808246e-02,1.5065932559e+00,0.0690,2.5095e-03
3304.256,1.2811213263e-03,1.810726e-02,1.5065932559e+00,0.0690,2.4585e-03
3304.853,1.2812452064e-03,1.813183e-02,1.5065932559e+00,0.0690,2.4136e-03
3305.449,1.2813676801e-03,1.815594e-02,1.5065932559e+00,0.0690,2.3750e-03
3306.046,1.2814886408e-03,1.817933e-02,1.5065932559e+00,0.0690,2.3427e-03
3306.642,1.2816077298e-03,1.820182e-02,1.5065932559e+00,0.0690,2.3167e-03
3307.239,1.2817241812e-03,1.822326e-02,1.5065932559e+00,0.0690,2.2971e-03
3307.835,1.2818367624e-03,1.824351e-02,1.5065932559e+00,0.0690,2.2837e-03
3308.432,1.2819438269e-03,1.826246e-02,1.5065932559e+00,0.0690,2.2765e-03
3309.028,1.2820434520e-03,1.828003e-02,1.5065932559e+00,0.0690,2.2752e-03
3309.625,1.2821336160e-03,1.829608e-02,1.5065932559e+00,0.0690,2.2797e-03
3310.221,1.2822123808e-03,1.831045e-02,1.5065932559e+00,0.0690,2.2896e-03
3310.818,1.2822780642e-03,1.832307e-02,1.5065932559e+00,0.0690,2.3045e-03
3311.414,1.2823293952e-03,1.833393e-02,1.5065932559e+00,0.0690,2.3238e-03
3312.011,1.2823656457e-03,1.834303e-02,1.5065932559e+00,0.0690,2.3467e-03
3312.608,1.2823867151e-03,1.835040e-02,1.5065932559e+00,0.0690,2.3719e-03
3313.204,1.2823931446e-03,1.835604e-02,1.5065932559e+00,0.0690,2.3986e-03
3313.801,1.2823860490e-03,1.835996e-02,1.5065932559e+00,0.0690,2.4254e-03
3314.397,1.2823669790e-03,1.836214e-02,1.5065932559e+00,0.0690,2.4509e-03
3314.994,1.2823377454e-03,1.836252e-02,1.5065932559e+00,0.0690,2.4738e-03
3315.590,1.2823002404e-03,1.836105e-02,1.5065932559e+00,0.0690,2.4933e-03
3316.187,1.2822562863e-03,1.835765e-02,1.5065932559e+00,0.0690,2.5085e-03
3316.783,1.2822075207e-03,1.835228e-02,1.5065932559e+00,0.0690,2.5190e-03
3317.380,1.2821553099e-03,1.834493e-02,1.5065932559e+00,0.0690,2.5244e-03
3317.976,1.2821006765e-03,1.833557e-02,1.5065932559e+00,0.0690,2.5242e-03
3318.573,1.2820442408e-03,1.832401e-02,1.5065932559e+00,0.0690,2.5183e-03
3319.170,1.2819861835e-03,1.831018e-02,1.5065932559e+00,0.0690,2.5065e-03
3319.766,1.2819262443e-03,1.829411e-02,1.5065932559e+00,0.0690,2.4888e-03
3320.363,1.2818637761e-03,1.827593e-02,1.5065932559e+00,0.0690,2.4653e-03
3320.959,1.2817978602e-03,1.825592e-02,1.5065932559e+00,0.0690,2.4362e-03
3321.556,1.2817274698e-03,1.823438e-02,1.5065932559e+00,0.0690,2.4018e-03
3322.152,1.2816516536e-03,1.821165e-02,1.5065932559e+00,0.0690,2.3625e-03
3322.749,1.2815697020e-03,1.818802e-02,1.5065932559e+00,0.0690,2.3187e-03
3323.345,1.2814812722e-03,1.816375e-02,1.5065932559e+00,0.0690,2.2705e-03
3323.942,1.2813864539e-03,1.813903e-02,1.5065932559e+00,0.0690,2.2180e-03
3324.538,1.2812857738e-03,1.811398e-02,1.5065932559e+00,0.0690,2.1615e-03
3325.135,1.2811801426e-03,1.808869e-02,1.5065932559e+00,0.0690,2.1006e-03
3325.732,1.2810707528e-03,1.806321e-02,1.5065932559e+00,0.0690,2.0351e-03
3326.328,1.2809589417e-03,1.803758e-02,1.5065932559e+00,0.0690,1.9648e-03
3326.925,1.2808460360e-03,1.801189e-02,1.5065932559e+00,0.0690,1.8894e-03
3327.521,1.2807332040e-03,1.798624e-02,1.5065932559e+00,0.0690,1.8085e-03
3328.118,1.2806213364e-03,1.796069e-02,1.5065932559e+00,0.0690,1.7218e-03
3328.714,1.2805109769e-03,1.793535e-02,1.5065932559e+00,0.0690,1.6292e-03
3329.311,1.2804023192e-03,1.791039e-02,1.5065932559e+00,0.0690,1.5303e-03
3329.907,1.2802952693e-03,1.788599e-02,1.5065932559e+00,0.0690,1.4248e-03
3330.504,1.2801895201e-03,1.786237e-02,1.5065932559e+00,0.0690,1.3455e-03
3331.100,1.2800846851e-03,1.783976e-02,1.5065932559e+00,0.0690,1.4231e-03
3331.697,1.2799804734e-03,1.781838e-02,1.5065932559e+00,0.0690,1.5006e-03
3332.294,1.2798768405e-03,1.779842e-02,1.5065932559e+00,0.0690,1.5777e-03
3332.890,1.2797740358e-03,1.778001e-02,1.5065932559e+00,0.0690,1.6540e-03
3333.487,1.2796726580e-03,1.776327e-02,1.5065932559e+00,0.0690,1.7297e-03
3334.083,1.2795736531e-03,1.774840e-02,1.5065932559e+00,0.0690,1.8047e-03
3334.680,1.2794780679e-03,1.773561e-02,1.5065932559e+00,0.0690,1.8788e-03
3335.276,1.2793868815e-03,1.772520e-02,1.5065932559e+00,0.0690,1.9513e-03
3335.873,1.2793010024e-03,1.771745e-02,1.5065932559e+00,0.0690,2.0215e-03
3336.469,1.2792213297e-03,1.771253e-02,1.5065932559e+00,0.0690,2.0887e-03
3337.066,1.2791487495e-03,1.771042e-02,1.5065932559e+00,0.0690,2.1541e-03
3337.662,1.2790840093e-03,1.771107e-02,1.5065932559e+00,0.0690,2.2164e-03
3338.259,1.2790275244e-03,1.771436e-02,1.5065932559e+00,0.0690,2.2738e-03
3338.856,1.2789792281e-03,1.771996e-02,1.5065932559e+00,0.0690,2.3247e-03
3339.452,1.2789385600e-03,1.772758e-02,1.5065932559e+00,0.0690,2.3681e-03
3340.049,1.2789045958e-03,1.773704e-02,1.5065932559e+00,0.0690,2.4025e-03
3340.645,1.2788762425e-03,1.774828e-02,1.5065932559e+00,0.0690,2.4260e-03
3341.242,1.2788523992e-03,1.776119e-02,1.5065932559e+00,0.0690,2.4392e-03
3341.838,1.2788320298e-03,1.777568e-02,1.5065932559e+00,0.0690,2.4428e-03
3342.435,1.2788141645e-03,1.779169e-02,1.5065932559e+00,0.0690,2.4374e-03
3343.031,1.2787978861e-03,1.780915e-02,1.5065932559e+00,0.0690,2.4234e-03
3343.628,1.2787823543e-03,1.782798e-02,1.5065932559e+00,0.0690,2.4013e-03
3344.224,1.2787668790e-03,1.784806e-02,1.5065932559e+00,0.0690,2.3712e-03
3344.821,1.2787510156e-03,1.786925e-02,1.5065932559e+00,0.0690,2.3336e-03
3345.417,1.2787346432e-03,1.789137e-02,1.5065932559e+00,0.0690,2.2887e-03
3346.014,1.2787180038e-03,1.791423e-02,1.5065932559e+00,0.0690,2.2369e-03
3346.611,1.2787016976e-03,1.793760e-02,1.5065932559e+00,0.0690,2.1783e-03
3347.207,1.2786866453e-03,1.796125e-02,1.5065932559e+00,0.0690,2.1133e-03
3347.804,1.2786740233e-03,1.798497e-02,1.5065932559e+00,0.0690,2.0421e-03
3348.400,1.2786651668e-03,1.800858e-02,1.5065932559e+00,0.0690,1.9649e-03
3348.997,1.2786614386e-03,1.803190e-02,1.5065932559e+00,0.0690,1.8818e-03
3349.593,1.2786640639e-03,1.805476e-02,1.5065932559e+00,0.0690,1.7934e-03
3350.190,1.2786739537e-03,1.807699e-02,1.5065932559e+00,0.0690,1.7000e-03
3350.786,1.2786915449e-03,1.809847e-02,1.5065932559e+00,0.0690,1.6020e-03
3351.383,1.2787166924e-03,1.811903e-02,1.5065932559e+00,0.0690,1.4998e-03
3351.979,1.2787486375e-03,1.813855e-02,1.5065932559e+00,0.0690,1.3937e-03
3352.576,1.2787860618e-03,1.815684e-02,1.5065932559e+00,0.0690,1.2841e-03
3353.173,1.2788272285e-03,1.817362e-02,1.5065932559e+00,0.0690,1.1713e-03
3353.769,1.2788701866e-03,1.818863e-02,1.5065932559e+00,0.0690,1.0556e-03
3354.366,1.2789130047e-03,1.820163e-02,1.5065932559e+00,0.0690,9.3712e-04
3354.962,1.2789540043e-03,1.821236e-02,1.5065932559e+00,0.0690,8.1609e-04
3355.559,1.2789919587e-03,1.822093e-02,1.5065932559e+00,0.0690,6.9231e-04
3356.155,1.2790262206e-03,1.822758e-02,1.5065932559e+00,0.0690,5.6379e-04
3356.752,1.2790567541e-03,1.823233e-02,1.5065932559e+00,0.0690,4.3344e-04
3357.348,1.2790840636e-03,1.823521e-02,1.5065932559e+00,0.0690,3.2557e-04
3357.945,1.2791090387e-03,1.823626e-02,1.5065932559e+00,0.0690,5.0282e-04
3358.541,1.2791327560e-03,1.823542e-02,1.5065932559e+00,0.0690,6.9192e-04
3359.138,1.2791562819e-03,1.823255e-02,1.5065932559e+00,0.0690,8.9192e-04
3359.735,1.2791805160e-03,1.822762e-02,1.5065932559e+00,0.0690,1.1018e-03
3360.331,1.2792060944e-03,1.822070e-02,1.5065932559e+00,0.0690,1.3204e-03
3360.928,1.2792333519e-03,1.821174e-02,1.5065932559e+00,0.0690,1.5463e-03
3361.524,1.2792623296e-03,1.820048e-02,1.5065932559e+00,0.0690,1.7780e-03
3362.121,1.2792928109e-03,1.818688e-02,1.5065932559e+00,0.0690,2.0138e-03
3362.717,1.2793243677e-03,1.817127e-02,1.5065932559e+00,0.0690,2.2516e-03
3363.314,1.2793564050e-03,1.815406e-02,1.5065932559e+00,0.0690,2.4897e-03
3363.910,1.2793882000e-03,1.813561e-02,1.5065932559e+00,0.0690,2.7269e-03
3364.507,1.2794189419e-03,1.811633e-02,1.5065932559e+00,0.0690,2.9622e-03
3365.103,1.2794477866e-03,1.809656e-02,1.5065932559e+00,0.0690,3.1945e-03
3365.700,1.2794739408e-03,1.807661e-02,1.5065932559e+00,0.0690,3.4228e-03
3366.297,1.2794967783e-03,1.805674e-02,1.5065932559e+00,0.0690,3.6464e-03
3366.893,1.2795159777e-03,1.803719e-02,1.5065932559e+00,0.0690,3.8640e-03
3367.490,1.2795316524e-03,1.801815e-02,1.5065932559e+00,0.0690,4.0748e-03
3368.086,1.2795444407e-03,1.799981e-02,1.5065932559e+00,0.0690,4.2775e-03
3368.683,1.2795555239e-03,1.798234e-02,1.5065932559e+00,0.0690,4.4710e-03
3369.279,1.2795665567e-03,1.796589e-02,1.5065932559e+00,0.0690,4.6542e-03
3369.876,1.2795795146e-03,1.795060e-02,1.5065932559e+00,0.0690,4.8257e-03
3370.472,1.2795964789e-03,1.793661e-02,1.5065932559e+00,0.0690,4.9845e-03
3371.069,1.2796193924e-03,1.792404e-02,1.5065932559e+00,0.0690,5.1293e-03
3371.665,1.2796498156e-03,1.791298e-02,1.5065932559e+00,0.0690,5.2592e-03
3372.262,1.2796887166e-03,1.790354e-02,1.5065932559e+00,0.0690,5.3732e-03
3372.859,1.2797363226e-03,1.789576e-02,1.5065932559e+00,0.0690,5.4705e-03
3373.455,1.2797920619e-03,1.788970e-02,1.5065932559e+00,0.0690,5.5504e-03
3374.052,1.2798546156e-03,1.788539e-02,1.5065932559e+00,0.0690,5.6123e-03
3374.648,1.2799220825e-03,1.788282e-02,1.5065932559e+00,0.0690,5.6558e-03
3375.245,1.2799922326e-03,1.788198e-02,1.5065932559e+00,0.0690,5.6807e-03
3375.841,1.2800628021e-03,1.788282e-02,1.5065932559e+00,0.0690,5.6869e-03
3376.438,1.2801317723e-03,1.788528e-02,1.5065932559e+00,0.0690,5.6743e-03
3377.034,1.2801975825e-03,1.788932e-02,1.5065932559e+00,0.0690,5.6432e-03
3377.631,1.2802592479e-03,1.789484e-02,1.5065932559e+00,0.0690,5.5938e-03
3378.227,1.2803163823e-03,1.790177e-02,1.5065932559e+00,0.0690,5.5267e-03
3378.824,1.2803691407e-03,1.791002e-02,1.5065932559e+00,0.0690,5.4422e-03
3379.420,1.2804181126e-03,1.791953e-02,1.5065932559e+00,0.0690,5.3412e-03
3380.017,1.2804641893e-03,1.793021e-02,1.5065932559e+00,0.0690,5.2245e-03
3380.614,1.2805084324e-03,1.794198e-02,1.5065932559e+00,0.0690,5.0928e-03
3381.210,1.2805519571e-03,1.795478e-02,1.5065932559e+00,0.0690,4.9472e-03
3381.807,1.2805958457e-03,1.796849e-02,1.5065932559e+00,0.0690,4.7888e-03
3382.403,1.2806410902e-03,1.798322e-02,1.5065932559e+00,0.0690,4.6188e-03
3383.000,1.2806885580e-03,1.799917e-02,1.5065932559e+00,0.0690,4.4382e-03
3383.596,1.2807389648e-03,1.801622e-02,1.5065932559e+00,0.0690,4.2485e-03
3384.193,1.2807928356e-03,1.803385e-02,1.5065932559e+00,0.0690,4.0506e-03
3384.789,1.2808504484e-03,1.805160e-02,1.5065932559e+00,0.0690,3.8453e-03
3385.386,1.2809117657e-03,1.806911e-02,1.5065932559e+00,0.0690,3.6327e-03
3385.982,1.2809763795e-03,1.808596e-02,1.5065932559e+00,0.0690,3.4135e-03
3386.579,1.2810435067e-03,1.810186e-02,1.5065932559e+00,0.0690,3.1887e-03
3387.176,1.2811120563e-03,1.811687e-02,1.5065932559e+00,0.0690,2.9596e-03
3387.772,1.2811807575e-03,1.813113e-02,1.5065932559e+00,0.0690,2.7276e-03
3388.369,1.2812483755e-03,1.814477e-02,1.5065932559e+00,0.0690,2.4942e-03
3388.965,1.2813139437e-03,1.815786e-02,1.5065932559e+00,0.0690,2.2612e-03
3389.562,1.2813769193e-03,1.817041e-02,1.5065932559e+00,0.0690,2.0301e-03
3390.158,1.2814372393e-03,1.818244e-02,1.5065932559e+00,0.0690,1.8028e-03
3390.755,1.2814952868e-03,1.819376e-02,1.5065932559e+00,0.0690,1.5810e-03
3391.351,1.2815517740e-03,1.820420e-02,1.5065932559e+00,0.0690,1.4801e-03
3391.948,1.2816075417e-03,1.821361e-02,1.5065932559e+00,0.0690,1.5716e-03
3392.544,1.2816632871e-03,1.822191e-02,1.5065932559e+00,0.0690,1.6545e-03
3393.141,1.2817192754e-03,1.822905e-02,1.5065932559e+00,0.0690,1.7287e-03
3393.738,1.2817751213e-03,1.823504e-02,1.5065932559e+00,0.0690,1.7940e-03
3394.334,1.2818297156e-03,1.823990e-02,1.5065932559e+00,0.0690,1.8503e-03
3394.931,1.2818813191e-03,1.824369e-02,1.5065932559e+00,0.0690,1.8977e-03
3395.527,1.2819277857e-03,1.824645e-02,1.5065932559e+00,0.0690,1.9365e-03
3396.124,1.2819668420e-03,1.824825e-02,1.5065932559e+00,0.0690,1.9669e-03
3396.720,1.2819963565e-03,1.824910e-02,1.5065932559e+00,0.0690,1.9898e-03
3397.317,1.2820145611e-03,1.824897e-02,1.5065932559e+00,0.0690,2.0067e-03
3397.913,1.2820202217e-03,1.824789e-02,1.5065932559e+00,0.0690,2.0173e-03
3398.510,1.2820127555e-03,1.824583e-02,1.5065932559e+00,0.0690,2.0213e-03
3399.106,1.2819922776e-03,1.824277e-02,1.5065932559e+00,0.0690,2.0188e-03
3399.703,1.2819595642e-03,1.823866e-02,1.5065932559e+00,0.0690,2.0105e-03
3400.300,1.2819159299e-03,1.823347e-02,1.5065932559e+00,0.0690,1.9967e-03
3400.896,1.2818630383e-03,1.822715e-02,1.5065932559e+00,0.0690,1.9783e-03
3401.493,1.2818026907e-03,1.821969e-02,1.5065932559e+00,0.0690,1.9556e-03
3402.089,1.2817366293e-03,1.821108e-02,1.5065932559e+00,0.0690,1.9293e-03
3402.686,1.2816663831e-03,1.820136e-02,1.5065932559e+00,0.0690,1.8999e-03
3403.282,1.2815931648e-03,1.819059e-02,1.5065932559e+00,0.0690,1.8676e-03
3403.879,1.2815178135e-03,1.817884e-02,1.5065932559e+00,0.0690,1.8329e-03
3404.475,1.2814407740e-03,1.816609e-02,1.5065932559e+00,0.0690,1.7962e-03
3405.072,1.2813621033e-03,1.815235e-02,1.5065932559e+00,0.0690,1.7576e-03
3405.668,1.2812815107e-03,1.813770e-02,1.5065932559e+00,0.0690,1.7174e-03
3406.265,1.2811984374e-03,1.812218e-02,1.5065932559e+00,0.0690,1.6758e-03
3406.861,1.2811121497e-03,1.810602e-02,1.5065932559e+00,0.0690,1.6331e-03
3407.458,1.2810218993e-03,1.808963e-02,1.5065932559e+00,0.0690,1.5891e-03
3408.055,1.2809271117e-03,1.807328e-02,1.5065932559e+00,0.0690,1.5440e-03
3408.651,1.2808275091e-03,1.805709e-02,1.5065932559e+00,0.0690,1.4979e-03
3409.248,1.2807231115e-03,1.804100e-02,1.5065932559e+00,0.0690,1.4513e-03
3409.844,1.2806141308e-03,1.802496e-02,1.5065932559e+00,0.0690,1.4054e-03
3410.441,1.2805008073e-03,1.800894e-02,1.5065932559e+00,0.0690,1.3614e-03
3411.037,1.2803833990e-03,1.799296e-02,1.5065932559e+00,0.0690,1.3194e-03
3411.634,1.2802622293e-03,1.797706e-02,1.5065932559e+00,0.0690,1.2796e-03
3412.230,1.2801376263e-03,1.796127e-02,1.5065932559e+00,0.0690,1.2423e-03
3412.827,1.2800099582e-03,1.794567e-02,1.5065932559e+00,0.0690,1.2074e-03
3413.423,1.2798797750e-03,1.793037e-02,1.5065932559e+00,0.0690,1.1747e-03
3414.020,1.2797479535e-03,1.791547e-02,1.5065932559e+00,0.0690,1.1443e-03
3414.617,1.2796157396e-03,1.790110e-02,1.5065932559e+00,0.0690,1.1158e-03
3415.213,1.2794846408e-03,1.788742e-02,1.5065932559e+00,0.0690,1.0892e-03
3415.810,1.2793562012e-03,1.787455e-02,1.5065932559e+00,0.0690,1.0643e-03
3416.406,1.2792317509e-03,1.786263e-02,1.5065932559e+00,0.0690,1.0410e-03
3417.003,1.2791122181e-03,1.785180e-02,1.5065932559e+00,0.0690,1.0193e-03
3417.599,1.2789980533e-03,1.784215e-02,1.5065932559e+00,0.0690,9.9913e-04
3418.196,1.2788892558e-03,1.783375e-02,1.5065932559e+00,0.0690,9.8059e-04
3418.792,1.2787854637e-03,1.782667e-02,1.5065932559e+00,0.0690,9.6370e-04
3419.389,1.2786860759e-03,1.782090e-02,1.5065932559e+00,0.0690,9.4852e-04
3419.985,1.2785903964e-03,1.781643e-02,1.5065932559e+00,0.0690,9.3508e-04
3420.582,1.2784978031e-03,1.781321e-02,1.5065932559e+00,0.0690,9.2336e-04
3421.179,1.2784079321e-03,1.781115e-02,1.5065932559e+00,0.0690,9.1331e-04
3421.775,1.2783208442e-03,1.781015e-02,1.5065932559e+00,0.0690,9.0480e-04
3422.372,1.2782371238e-03,1.781009e-02,1.5065932559e+00,0.0690,8.9778e-04
3422.968,1.2781578685e-03,1.781086e-02,1.5065932559e+00,0.0690,9.0425e-04
3423.565,1.2780845620e-03,1.781229e-02,1.5065932559e+00,0.0690,9.0749e-04
3424.161,1.2780188593e-03,1.781427e-02,1.5065932559e+00,0.0690,9.0776e-04
3424.758,1.2779623418e-03,1.781671e-02,1.5065932559e+00,0.0690,9.0531e-04
3425.354,1.2779163041e-03,1.781959e-02,1.5065932559e+00,0.0690,9.0037e-04
3425.951,1.2778816115e-03,1.782292e-02,1.5065932559e+00,0.0690,8.9319e-04
3426.547,1.2778586441e-03,1.782670e-02,1.5065932559e+00,0.0690,8.8414e-04
3427.144,1.2778473114e-03,1.783093e-02,1.5065932559e+00,0.0690,8.7379e-04
3427.741,1.2778471140e-03,1.783561e-02,1.5065932559e+00,0.0690,8.6285e-04
3428.337,1.2778572242e-03,1.784073e-02,1.5065932559e+00,0.0690,8.5217e-04
3428.934,1.2778765691e-03,1.784628e-02,1.5065932559e+00,0.0690,8.4266e-04
3429.530,1.2779039124e-03,1.785225e-02,1.5065932559e+00,0.0690,8.3523e-04
3430.127,1.2779379389e-03,1.785862e-02,1.5065932559e+00,0.0690,8.3079e-04
3430.723,1.2779773476e-03,1.786537e-02,1.5065932559e+00,0.0690,8.3013e-04
3431.320,1.2780209635e-03,1.787248e-02,1.5065932559e+00,0.0690,8.3396e-04
3431.916,1.2780678437e-03,1.787992e-02,1.5065932559e+00,0.0690,8.4281e-04
3432.513,1.2781173575e-03,1.788768e-02,1.5065932559e+00,0.0690,8.5711e-04
3433.109,1.2781692269e-03,1.789573e-02,1.5065932559e+00,0.0690,8.7710e-04
3433.706,1.2782235243e-03,1.790408e-02,1.5065932559e+00,0.0690,9.0291e-04
3434.303,1.2782806267e-03,1.791271e-02,1.5065932559e+00,0.0690,9.3453e-04
3434.899,1.2783411297e-03,1.792164e-02,1.5065932559e+00,0.0690,9.7186e-04
3435.496,1.2784057293e-03,1.793086e-02,1.5065932559e+00,0.0690,1.0147e-03
3436.092,1.2784750893e-03,1.794039e-02,1.5065932559e+00,0.0690,1.0629e-03
3436.689,1.2785497199e-03,1.795023e-02,1.5065932559e+00,0.0690,1.1161e-03
3437.285,1.2786298912e-03,1.796037e-02,1.5065932559e+00,0.0690,1.1741e-03
3437.882,1.2787155986e-03,1.797080e-02,1.5065932559e+00,0.0690,1.2365e-03
3438.478,1.2788065806e-03,1.798148e-02,1.5065932559e+00,0.0690,1.3031e-03
3439.075,1.2789023780e-03,1.799238e-02,1.5065932559e+00,0.0690,1.3737e-03
3439.671,1.2790024140e-03,1.800342e-02,1.5065932559e+00,0.0690,1.4481e-03
3440.268,1.2791060745e-03,1.801454e-02,1.5065932559e+00,0.0690,1.5259e-03
3440.864,1.2792127732e-03,1.802565e-02,1.5065932559e+00,0.0690,1.6072e-03
3441.461,1.2793219892e-03,1.803665e-02,1.5065932559e+00,0.0690,1.6916e-03
3442.058,1.2794332769e-03,1.804746e-02,1.5065932559e+00,0.0690,1.7793e-03
3442.654,1.2795462492e-03,1.805800e-02,1.5065932559e+00,0.0690,1.8700e-03
3443.251,1.2796605429e-03,1.806822e-02,1.5065932559e+00,0.0690,1.9639e-03
3443.847,1.2797757787e-03,1.807806e-02,1.5065932559e+00,0.0690,2.0611e-03
3444.444,1.2798915261e-03,1.808749e-02,1.5065932559e+00,0.0690,2.1617e-03
3445.040,1.2800072823e-03,1.809646e-02,1.5065932559e+00,0.0690,2.2658e-03
3445.637,1.2801224660e-03,1.810495e-02,1.5065932559e+00,0.0690,2.3738e-03
3446.233,1.2802364259e-03,1.811286e-02,1.5065932559e+00,0.0690,2.4858e-03
3446.830,1.2803484541e-03,1.812019e-02,1.5065932559e+00,0.0690,2.6021e-03
3447.426,1.2804578039e-03,1.812699e-02,1.5065932559e+00,0.0690,2.7227e-03
3448.023,1.2805637060e-03,1.813339e-02,1.5065932559e+00,0.0690,2.8475e-03
3448.620,1.2806653875e-03,1.813928e-02,1.5065932559e+00,0.0690,2.9761e-03
3449.216,1.2807620957e-03,1.814444e-02,1.5065932559e+00,0.0690,3.1080e-03
3449.813,1.2808531271e-03,1.814882e-02,1.5065932559e+00,0.0690,3.2421e-03
3450.409,1.2809378607e-03,1.815248e-02,1.5065932559e+00,0.0690,3.3771e-03
3451.006,1.2810157889e-03,1.815561e-02,1.5065932559e+00,0.0690,3.5120e-03
3451.602,1.2810865488e-03,1.815840e-02,1.5065932559e+00,0.0690,3.6460e-03
3452.199,1.2811499232e-03,1.816099e-02,1.5065932559e+00,0.0690,3.7784e-03
3452.795,1.2812058445e-03,1.816345e-02,1.5065932559e+00,0.0690,3.9085e-03
3453.392,1.2812543961e-03,1.816581e-02,1.5065932559e+00,0.0690,4.0356e-03
3453.988,1.2812957842e-03,1.816809e-02,1.5065932559e+00,0.0690,4.1588e-03
3454.585,1.2813302955e-03,1.817024e-02,1.5065932559e+00,0.0690,4.2772e-03
3455.182,1.2813582754e-03,1.817224e-02,1.5065932559e+00,0.0690,4.3900e-03
3455.778,1.2813801297e-03,1.817405e-02,1.5065932559e+00,0.0690,4.4961e-03
3456.375,1.2813963346e-03,1.817564e-02,1.5065932559e+00,0.0690,4.5944e-03
3456.971,1.2814074320e-03,1.817700e-02,1.5065932559e+00,0.0690,4.6839e-03
3457.568,1.2814140045e-03,1.817811e-02,1.5065932559e+00,0.0690,4.7636e-03
3458.164,1.2814166431e-03,1.817898e-02,1.5065932559e+00,0.0690,4.8323e-03
3458.761,1.2814159245e-03,1.817962e-02,1.5065932559e+00,0.0690,4.8892e-03
3459.357,1.2814124062e-03,1.818004e-02,1.5065932559e+00,0.0690,4.9334e-03
3459.954,1.2814066283e-03,1.818024e-02,1.5065932559e+00,0.0690,4.9641e-03
3460.550,1.2813991047e-03,1.818023e-02,1.5065932559e+00,0.0690,4.9808e-03
3461.147,1.2813902945e-03,1.817998e-02,1.5065932559e+00,0.0690,4.9828e-03
3461.744,1.2813805585e-03,1.817948e-02,1.5065932559e+00,0.0690,4.9698e-03
3462.340,1.2813701236e-03,1.817866e-02,1.5065932559e+00,0.0690,4.9415e-03
3462.937,1.2813590685e-03,1.817747e-02,1.5065932559e+00,0.0690,4.8978e-03
3463.533,1.2813473393e-03,1.817582e-02,1.5065932559e+00,0.0690,4.8385e-03
3464.130,1.2813347863e-03,1.817364e-02,1.5065932559e+00,0.0690,4.7638e-03
3464.726,1.2813212064e-03,1.817085e-02,1.5065932559e+00,0.0690,4.6737e-03
3465.323,1.2813063810e-03,1.816735e-02,1.5065932559e+00,0.0690,4.5684e-03
3465.919,1.2812901077e-03,1.816309e-02,1.5065932559e+00,0.0690,4.4484e-03
3466.516,1.2812722282e-03,1.815803e-02,1.5065932559e+00,0.0690,4.3140e-03
3467.112,1.2812526517e-03,1.815214e-02,1.5065932559e+00,0.0690,4.1658e-03
3467.709,1.2812313681e-03,1.814539e-02,1.5065932559e+00,0.0690,4.0044e-03
3468.306,1.2812084435e-03,1.813792e-02,1.5065932559e+00,0.0690,3.8305e-03
3468.902,1.2811839986e-03,1.813004e-02,1.5065932559e+00,0.0690,3.6451e-03
3469.499,1.2811581811e-03,1.812204e-02,1.5065932559e+00,0.0690,3.4490e-03
3470.095,1.2811311475e-03,1.811371e-02,1.5065932559e+00,0.0690,3.2431e-03
3470.692,1.2811030640e-03,1.810476e-02,1.5065932559e+00,0.0690,3.0284e-03
3471.288,1.2810741259e-03,1.809505e-02,1.5065932559e+00,0.0690,2.8053e-03
3471.885,1.2810445802e-03,1.808451e-02,1.5065932559e+00,0.0690,2.5740e-03
3472.481,1.2810147341e-03,1.807304e-02,1.5065932559e+00,0.0690,2.3351e-03
3473.078,1.2809849381e-03,1.806065e-02,1.5065932559e+00,0.0690,2.0901e-03
3473.674,1.2809555451e-03,1.804780e-02,1.5065932559e+00,0.0690,1.8403e-03
3474.271,1.2809268609e-03,1.803496e-02,1.5065932559e+00,0.0690,1.6128e-03
3474.867,1.2808991064e-03,1.802256e-02,1.5065932559e+00,0.0690,1.7536e-03
3475.464,1.2808724040e-03,1.801093e-02,1.5065932559e+00,0.0690,1.8891e-03
3476.061,1.2808467937e-03,1.800016e-02,1.5065932559e+00,0.0690,2.0187e-03
3476.657,1.2808222678e-03,1.799024e-02,1.5065932559e+00,0.0690,2.1419e-03
3477.254,1.2807988061e-03,1.798115e-02,1.5065932559e+00,0.0690,2.2581e-03
3477.850,1.2807763955e-03,1.797287e-02,1.5065932559e+00,0.0690,2.3667e-03
3478.447,1.2807550206e-03,1.796536e-02,1.5065932559e+00,0.0690,2.4682e-03
3479.043,1.2807346289e-03,1.795853e-02,1.5065932559e+00,0.0690,2.5644e-03
3479.640,1.2807150807e-03,1.795242e-02,1.5065932559e+00,0.0690,2.6522e-03
3480.236,1.2806960980e-03,1.794710e-02,1.5065932559e+00,0.0690,2.7293e-03
3480.833,1.2806772298e-03,1.794273e-02,1.5065932559e+00,0.0690,2.7932e-03
3481.429,1.2806578444e-03,1.793947e-02,1.5065932559e+00,0.0690,2.8420e-03
3482.026,1.2806371569e-03,1.793743e-02,1.5065932559e+00,0.0690,2.8766e-03
3482.623,1.2806142926e-03,1.793667e-02,1.5065932559e+00,0.0690,2.8983e-03
3483.219,1.2805883799e-03,1.793727e-02,1.5065932559e+00,0.0690,2.9081e-03
3483.816,1.2805586566e-03,1.793925e-02,1.5065932559e+00,0.0690,2.9070e-03
3484.412,1.2805245744e-03,1.794261e-02,1.5065932559e+00,0.0690,2.8958e-03
3485.009,1.2804858756e-03,1.794733e-02,1.5065932559e+00,0.0690,2.8754e-03
3485.605,1.2804426076e-03,1.795331e-02,1.5065932559e+00,0.0690,2.8466e-03
3486.202,1.2803951035e-03,1.796047e-02,1.5065932559e+00,0.0690,2.8099e-03
3486.798,1.2803439425e-03,1.796870e-02,1.5065932559e+00,0.0690,2.7656e-03
3487.395,1.2802898871e-03,1.797789e-02,1.5065932559e+00,0.0690,2.7141e-03
3487.991,1.2802337987e-03,1.798789e-02,1.5065932559e+00,0.0690,2.6562e-03
3488.588,1.2801765464e-03,1.799853e-02,1.5065932559e+00,0.0690,2.5926e-03
3489.185,1.2801189240e-03,1.800965e-02,1.5065932559e+00,0.0690,2.5236e-03
3489.781,1.2800615861e-03,1.802110e-02,1.5065932559e+00,0.0690,2.4500e-03
3490.378,1.2800050023e-03,1.803272e-02,1.5065932559e+00,0.0690,2.3720e-03
3490.974,1.2799494250e-03,1.804436e-02,1.5065932559e+00,0.0690,2.2901e-03
3491.571,1.2798948558e-03,1.805586e-02,1.5065932559e+00,0.0690,2.2046e-03
3492.167,1.2798410945e-03,1.806708e-02,1.5065932559e+00,0.0690,2.1157e-03
3492.764,1.2797878395e-03,1.807790e-02,1.5065932559e+00,0.0690,2.0236e-03
3493.360,1.2797346603e-03,1.808819e-02,1.5065932559e+00,0.0690,1.9285e-03
3493.957,1.2796810296e-03,1.809773e-02,1.5065932559e+00,0.0690,1.8307e-03
3494.553,1.2796264566e-03,1.810623e-02,1.5065932559e+00,0.0690,1.7303e-03
3495.150,1.2795706307e-03,1.811347e-02,1.5065932559e+00,0.0690,1.6274e-03
3495.747,1.2795134704e-03,1.811930e-02,1.5065932559e+00,0.0690,1.5222e-03
3496.343,1.2794550361e-03,1.812396e-02,1.5065932559e+00,0.0690,1.4145e-03
3496.940,1.2793953618e-03,1.812767e-02,1.5065932559e+00,0.0690,1.3043e-03
3497.536,1.2793343164e-03,1.813061e-02,1.5065932559e+00,0.0690,1.1917e-03
3498.133,1.2792715920e-03,1.813278e-02,1.5065932559e+00,0.0690,1.0767e-03
3498.729,1.2792068382e-03,1.813412e-02,1.5065932559e+00,0.0690,9.5967e-04
3499.326,1.2791398749e-03,1.813445e-02,1.5065932559e+00,0.0690,8.4100e-04
3499.922,1.2790708775e-03,1.813370e-02,1.5065932559e+00,0.0690,7.1983e-04
3500.519,1.2790004506e-03,1.813170e-02,1.5065932559e+00,0.0690,5.9951e-04
3501.115,1.2789295698e-03,1.812832e-02,1.5065932559e+00,0.0690,4.8324e-04
3501.712,1.2788594262e-03,1.812354e-02,1.5065932559e+00,0.0690,4.3393e-04
3502.309,1.2787912350e-03,1.811730e-02,1.5065932559e+00,0.0690,6.0496e-04
3502.905,1.2787260587e-03,1.810937e-02,1.5065932559e+00,0.0690,7.8267e-04
3503.502,1.2786646720e-03,1.809963e-02,1.5065932559e+00,0.0690,9.6471e-04
3504.098,1.2786074806e-03,1.808807e-02,1.5065932559e+00,0.0690,1.1489e-03
3504.695,1.2785545004e-03,1.807483e-02,1.5065932559e+00,0.0690,1.3335e-03
3505.291,1.2785054033e-03,1.806014e-02,1.5065932559e+00,0.0690,1.5172e-03
3505.888,1.2784596308e-03,1.804431e-02,1.5065932559e+00,0.0690,1.6988e-03
3506.484,1.2784165656e-03,1.802764e-02,1.5065932559e+00,0.0690,1.8775e-03
3507.081,1.2783757270e-03,1.801042e-02,1.5065932559e+00,0.0690,2.0525e-03
3507.677,1.2783369509e-03,1.799290e-02,1.5065932559e+00,0.0690,2.2229e-03
3508.274,1.2783005074e-03,1.797531e-02,1.5065932559e+00,0.0690,2.3882e-03
3508.870,1.2782671289e-03,1.795786e-02,1.5065932559e+00,0.0690,2.5474e-03
3509.467,1.2782379429e-03,1.794072e-02,1.5065932559e+00,0.0690,2.7001e-03
3510.064,1.2782143276e-03,1.792405e-02,1.5065932559e+00,0.0690,2.8454e-03
3510.660,1.2781977276e-03,1.790796e-02,1.5065932559e+00,0.0690,2.9826e-03
3511.257,1.2781894691e-03,1.789258e-02,1.5065932559e+00,0.0690,3.1111e-03
3511.853,1.2781906085e-03,1.787800e-02,1.5065932559e+00,0.0690,3.2301e-03
3512.450,1.2782018302e-03,1.786430e-02,1.5065932559e+00,0.0690,3.3392e-03
3513.046,1.2782233938e-03,1.785154e-02,1.5065932559e+00,0.0690,3.4378e-03
3513.643,1.2782551234e-03,1.783981e-02,1.5065932559e+00,0.0690,3.5254e-03
3514.239,1.2782964351e-03,1.782916e-02,1.5065932559e+00,0.0690,3.6017e-03
3514.836,1.2783464056e-03,1.781965e-02,1.5065932559e+00,0.0690,3.6666e-03
3515.432,1.2784038780e-03,1.781135e-02,1.5065932559e+00,0.0690,3.7200e-03
3516.029,1.2784675999e-03,1.780430e-02,1.5065932559e+00,0.0690,3.7618e-03
3516.626,1.2785363752e-03,1.779860e-02,1.5065932559e+00,0.0690,3.7924e-03
3517.222,1.2786091996e-03,1.779439e-02,1.5065932559e+00,0.0690,3.8120e-03
3517.819,1.2786853415e-03,1.779174e-02,1.5065932559e+00,0.0690,3.8209e-03
3518.415,1.2787643480e-03,1.779075e-02,1.5065932559e+00,0.0690,3.8198e-03
3519.012,1.2788459813e-03,1.779147e-02,1.5065932559e+00,0.0690,3.8092e-03
3519.608,1.2789301205e-03,1.779396e-02,1.5065932559e+00,0.0690,3.7897e-03
3520.205,1.2790166744e-03,1.779825e-02,1.5065932559e+00,0.0690,3.7620e-03
3520.801,1.2791055421e-03,1.780435e-02,1.5065932559e+00,0.0690,3.7268e-03
3521.398,1.2791966266e-03,1.781203e-02,1.5065932559e+00,0.0690,3.6848e-03
3521.994,1.2792898826e-03,1.782116e-02,1.5065932559e+00,0.0690,3.6365e-03
3522.591,1.2793853597e-03,1.783162e-02,1.5065932559e+00,0.0690,3.5821e-03
3523.188,1.2794832142e-03,1.784334e-02,1.5065932559e+00,0.0690,3.5219e-03
3523.784,1.2795836770e-03,1.785627e-02,1.5065932559e+00,0.0690,3.4566e-03
3524.381,1.2796869921e-03,1.787037e-02,1.5065932559e+00,0.0690,3.3874e-03
3524.977,1.2797933472e-03,1.788561e-02,1.5065932559e+00,0.0690,3.3151e-03
3525.574,1.2799028174e-03,1.790194e-02,1.5065932559e+00,0.0690,3.2411e-03
3526.170,1.2800153312e-03,1.791928e-02,1.5065932559e+00,0.0690,3.1666e-03
3526.767,1.2801306579e-03,1.793758e-02,1.5065932559e+00,0.0690,3.0926e-03
3527.363,1.2802484118e-03,1.795680e-02,1.5065932559e+00,0.0690,3.0200e-03
3527.960,1.2803680710e-03,1.797690e-02,1.5065932559e+00,0.0690,2.9495e-03
3528.556,1.2804890227e-03,1.799781e-02,1.5065932559e+00,0.0690,2.8816e-03
3529.153,1.2806105952e-03,1.801947e-02,1.5065932559e+00,0.0690,2.8168e-03
3529.750,1.2807321441e-03,1.804174e-02,1.5065932559e+00,0.0690,2.7554e-03
3530.346,1.2808531528e-03,1.806448e-02,1.5065932559e+00,0.0690,2.6979e-03
3530.943,1.2809732741e-03,1.808750e-02,1.5065932559e+00,0.0690,2.6447e-03
3531.539,1.2810923213e-03,1.811060e-02,1.5065932559e+00,0.0690,2.5964e-03
3532.136,1.2812102381e-03,1.813357e-02,1.5065932559e+00,0.0690,2.5532e-03
3532.732,1.2813270479e-03,1.815620e-02,1.5065932559e+00,0.0690,2.5155e-03
3533.329,1.2814427589e-03,1.817832e-02,1.5065932559e+00,0.0690,2.4836e-03
3533.925,1.2815572170e-03,1.819976e-02,1.5065932559e+00,0.0690,2.4578e-03
3534.522,1.2816699359e-03,1.822034e-02,1.5065932559e+00,0.0690,2.4380e-03
3535.118,1.2817799647e-03,1.823993e-02,1.5065932559e+00,0.0690,2.4244e-03
3535.715,1.2818858511e-03,1.825838e-02,1.5065932559e+00,0.0690,2.4169e-03
3536.311,1.2819857268e-03,1.827553e-02,1.5065932559e+00,0.0690,2.4152e-03
3536.908,1.2820774892e-03,1.829116e-02,1.5065932559e+00,0.0690,2.4191e-03
3537.505,1.2821590265e-03,1.830520e-02,1.5065932559e+00,0.0690,2.4282e-03
3538.101,1.2822284317e-03,1.831761e-02,1.5065932559e+00,0.0690,2.4417e-03
3538.698,1.2822841767e-03,1.832837e-02,1.5065932559e+00,0.0690,2.4588e-03
3539.294,1.2823252391e-03,1.833749e-02,1.5065932559e+00,0.0690,2.4784e-03
3539.891,1.2823511892e-03,1.834497e-02,1.5065932559e+00,0.0690,2.4993e-03
3540.487,1.2823622344e-03,1.835082e-02,1.5065932559e+00,0.0690,2.5205e-03
3541.084,1.2823592077e-03,1.835500e-02,1.5065932559e+00,0.0690,2.5403e-03
3541.680,1.2823434926e-03,1.835747e-02,1.5065932559e+00,0.0690,2.5576e-03
3542.277,1.2823168823e-03,1.835816e-02,1.5065932559e+00,0.0690,2.5715e-03
3542.873,1.2822813936e-03,1.835700e-02,1.5065932559e+00,0.0690,2.5814e-03
3543.470,1.2822390685e-03,1.835395e-02,1.5065932559e+00,0.0690,2.5865e-03
3544.067,1.2821917990e-03,1.834897e-02,1.5065932559e+00,0.0690,2.5866e-03
3544.663,1.2821411916e-03,1.834208e-02,1.5065932559e+00,0.0690,2.5813e-03
3545.260,1.2820884733e-03,1.833321e-02,1.5065932559e+00,0.0690,2.5703e-03
3545.856,1.2820344330e-03,1.832226e-02,1.5065932559e+00,0.0690,2.5536e-03
3546.453,1.2819793954e-03,1.830922e-02,1.5065932559e+00,0.0690,2.5310e-03
3547.049,1.2819232246e-03,1.829416e-02,1.5065932559e+00,0.0690,2.5027e-03
3547.646,1.2818653716e-03,1.827727e-02,1.5065932559e+00,0.0690,2.4688e-03
3548.242,1.2818049737e-03,1.825880e-02,1.5065932559e+00,0.0690,2.4296e-03
3548.839,1.2817410015e-03,1.823903e-02,1.5065932559e+00,0.0690,2.3854e-03
3549.435,1.2816724303e-03,1.821823e-02,1.5065932559e+00,0.0690,2.3366e-03
3550.032,1.2815984052e-03,1.819663e-02,1.5065932559e+00,0.0690,2.2836e-03
3550.629,1.2815183699e-03,1.817443e-02,1.5065932559e+00,0.0690,2.2264e-03
3551.225,1.2814321467e-03,1.815173e-02,1.5065932559e+00,0.0690,2.1652e-03
3551.822,1.2813399603e-03,1.812860e-02,1.5065932559e+00,0.0690,2.1001e-03
3552.418,1.2812424142e-03,1.810509e-02,1.5065932559e+00,0.0690,2.0308e-03
3553.015,1.2811404239e-03,1.808118e-02,1.5065932559e+00,0.0690,1.9572e-03
3553.611,1.2810351158e-03,1.805685e-02,1.5065932559e+00,0.0690,1.8791e-03
3554.208,1.2809277033e-03,1.803215e-02,1.5065932559e+00,0.0690,1.7962e-03
3554.804,1.2808193541e-03,1.800719e-02,1.5065932559e+00,0.0690,1.7082e-03
3555.401,1.2807110687e-03,1.798214e-02,1.5065932559e+00,0.0690,1.6148e-03
3555.997,1.2806035900e-03,1.795719e-02,1.5065932559e+00,0.0690,1.5159e-03
3556.594,1.2804973605e-03,1.793257e-02,1.5065932559e+00,0.0690,1.4117e-03
3557.191,1.2803925342e-03,1.790851e-02,1.5065932559e+00,0.0690,1.3348e-03
3557.787,1.2802890407e-03,1.788527e-02,1.5065932559e+00,0.0690,1.4067e-03
3558.384,1.2801866864e-03,1.786307e-02,1.5065932559e+00,0.0690,1.4785e-03
3558.980,1.2800852896e-03,1.784214e-02,1.5065932559e+00,0.0690,1.5499e-03
3559.577,1.2799847815e-03,1.782261e-02,1.5065932559e+00,0.0690,1.6206e-03
3560.173,1.2798852693e-03,1.780460e-02,1.5065932559e+00,0.0690,1.6907e-03
3560.770,1.2797870993e-03,1.778830e-02,1.5065932559e+00,0.0690,1.7606e-03
3561.366,1.2796908860e-03,1.777391e-02,1.5065932559e+00,0.0690,1.8299e-03
3561.963,1.2795974579e-03,1.776165e-02,1.5065932559e+00,0.0690,1.8983e-03
3562.559,1.2795077759e-03,1.775181e-02,1.5065932559e+00,0.0690,1.9650e-03
3563.156,1.2794229090e-03,1.774459e-02,1.5065932559e+00,0.0690,2.0293e-03
3563.753,1.2793438104e-03,1.774007e-02,1.5065932559e+00,0.0690,2.0912e-03
3564.349,1.2792711394e-03,1.773816e-02,1.5065932559e+00,0.0690,2.1514e-03
3564.946,1.2792052691e-03,1.773879e-02,1.5065932559e+00,0.0690,2.2079e-03
3565.542,1.2791463947e-03,1.774179e-02,1.5065932559e+00,0.0690,2.2591e-03
3566.139,1.2790946080e-03,1.774683e-02,1.5065932559e+00,0.0690,2.3038e-03
3566.735,1.2790498587e-03,1.775367e-02,1.5065932559e+00,0.0690,2.3412e-03
3567.332,1.2790118314e-03,1.776214e-02,1.5065932559e+00,0.0690,2.3701e-03
3567.928,1.2789798385e-03,1.777223e-02,1.5065932559e+00,0.0690,2.3884e-03
3568.525,1.2789528268e-03,1.778386e-02,1.5065932559e+00,0.0690,2.3970e-03
3569.121,1.2789295157e-03,1.779700e-02,1.5065932559e+00,0.0690,2.3964e-03
3569.718,1.2789086047e-03,1.781159e-02,1.5065932559e+00,0.0690,2.3874e-03
3570.314,1.2788889519e-03,1.782759e-02,1.5065932559e+00,0.0690,2.3702e-03
3570.911,1.2788696642e-03,1.784493e-02,1.5065932559e+00,0.0690,2.3454e-03
3571.508,1.2788501082e-03,1.786349e-02,1.5065932559e+00,0.0690,2.3132e-03
3572.104,1.2788298960e-03,1.788313e-02,1.5065932559e+00,0.0690,2.2740e-03
3572.701,1.2788089034e-03,1.790366e-02,1.5065932559e+00,0.0690,2.2280e-03
3573.297,1.2787873262e-03,1.792488e-02,1.5065932559e+00,0.0690,2.1756e-03
3573.894,1.2787657423e-03,1.794656e-02,1.5065932559e+00,0.0690,2.1171e-03
3574.490,1.2787451243e-03,1.796848e-02,1.5065932559e+00,0.0690,2.0526e-03
3575.087,1.2787267687e-03,1.799046e-02,1.5065932559e+00,0.0690,1.9821e-03
3575.683,1.2787121447e-03,1.801232e-02,1.5065932559e+00,0.0690,1.9059e-03
3576.280,1.2787026971e-03,1.803388e-02,1.5065932559e+00,0.0690,1.8246e-03
3576.876,1.2786996449e-03,1.805499e-02,1.5065932559e+00,0.0690,1.7385e-03
3577.473,1.2787038120e-03,1.807552e-02,1.5065932559e+00,0.0690,1.6479e-03
3578.070,1.2787155094e-03,1.809534e-02,1.5065932559e+00,0.0690,1.5532e-03
3578.666,1.2787344781e-03,1.811434e-02,1.5065932559e+00,0.0690,1.4547e-03
3579.263,1.2787598992e-03,1.813236e-02,1.5065932559e+00,0.0690,1.3527e-03
3579.859,1.2787904749e-03,1.814919e-02,1.5065932559e+00,0.0690,1.2475e-03
3580.456,1.2788245748e-03,1.816460e-02,1.5065932559e+00,0.0690,1.1395e-03
3581.052,1.2788604378e-03,1.817840e-02,1.5065932559e+00,0.0690,1.0289e-03
3581.649,1.2788963997e-03,1.819038e-02,1.5065932559e+00,0.0690,9.1584e-04
3582.245,1.2789311018e-03,1.820041e-02,1.5065932559e+00,0.0690,8.0044e-04
3582.842,1.2789636457e-03,1.820866e-02,1.5065932559e+00,0.0690,6.8153e-04
3583.438,1.2789936671e-03,1.821527e-02,1.5065932559e+00,0.0690,5.5875e-04
3584.035,1.2790213155e-03,1.822018e-02,1.5065932559e+00,0.0690,4.3568e-04
3584.632,1.2790471468e-03,1.822339e-02,1.5065932559e+00,0.0690,3.6441e-04
3585.228,1.2790719509e-03,1.822486e-02,1.5065932559e+00,0.0690,5.3471e-04
3585.825,1.2790965590e-03,1.822453e-02,1.5065932559e+00,0.0690,7.1583e-04
3586.421,1.2791216749e-03,1.822223e-02,1.5065932559e+00,0.0690,9.0680e-04
3587.018,1.2791477666e-03,1.821792e-02,1.5065932559e+00,0.0690,1.1066e-03
3587.614,1.2791750305e-03,1.821165e-02,1.5065932559e+00,0.0690,1.3142e-03
3588.211,1.2792034174e-03,1.820347e-02,1.5065932559e+00,0.0690,1.5284e-03
3588.807,1.2792326920e-03,1.819316e-02,1.5065932559e+00,0.0690,1.7477e-03
3589.404,1.2792624983e-03,1.818062e-02,1.5065932559e+00,0.0690,1.9708e-03
3590.000,1.2792924076e-03,1.816608e-02,1.5065932559e+00,0.0690,2.1961e-03
3590.597,1.2793219470e-03,1.814996e-02,1.5065932559e+00,0.0690,2.4220e-03
3591.194,1.2793506169e-03,1.813267e-02,1.5065932559e+00,0.0690,2.6471e-03
3591.790,1.2793779134e-03,1.811460e-02,1.5065932559e+00,0.0690,2.8704e-03
3592.387,1.2794033697e-03,1.809610e-02,1.5065932559e+00,0.0690,3.0911e-03
3592.983,1.2794266236e-03,1.807748e-02,1.5065932559e+00,0.0690,3.3084e-03
3593.580,1.2794475063e-03,1.805898e-02,1.5065932559e+00,0.0690,3.5214e-03
3594.176,1.2794661371e-03,1.804081e-02,1.5065932559e+00,0.0690,3.7292e-03
3594.773,1.2794830020e-03,1.802315e-02,1.5065932559e+00,0.0690,3.9310e-03
3595.369,1.2794989921e-03,1.800616e-02,1.5065932559e+00,0.0690,4.1256e-03
3595.966,1.2795153827e-03,1.798997e-02,1.5065932559e+00,0.0690,4.3120e-03
3596.562,1.2795337431e-03,1.797472e-02,1.5065932559e+00,0.0690,4.4890e-03
3597.159,1.2795557845e-03,1.796052e-02,1.5065932559e+00,0.0690,4.6554e-03
3597.756,1.2795831623e-03,1.794750e-02,1.5065932559e+00,0.0690,4.8101e-03
3598.352,1.2796172627e-03,1.793576e-02,1.5065932559e+00,0.0690,4.9520e-03
3598.949,1.2796590043e-03,1.792540e-02,1.5065932559e+00,0.0690,5.0800e-03
3599.545,1.2797086821e-03,1.791652e-02,1.5065932559e+00,0.0690,5.1931e-03
3600.142,1.2797658840e-03,1.790920e-02,1.5065932559e+00,0.0690,5.2905e-03
3600.738,1.2798295001e-03,1.790348e-02,1.5065932559e+00,0.0690,5.3716e-03
3601.335,1.2798978365e-03,1.789941e-02,1.5065932559e+00,0.0690,5.4357e-03
3601.931,1.2799688244e-03,1.789700e-02,1.5065932559e+00,0.0690,5.4825e-03
3602.528,1.2800402920e-03,1.789624e-02,1.5065932559e+00,0.0690,5.5116e-03
3603.124,1.2801102446e-03,1.789712e-02,1.5065932559e+00,0.0690,5.5230e-03
3603.721,1.2801770989e-03,1.789957e-02,1.5065932559e+00,0.0690,5.5167e-03
3604.317,1.2802398275e-03,1.790355e-02,1.5065932559e+00,0.0690,5.4928e-03
3604.914,1.2802980026e-03,1.790899e-02,1.5065932559e+00,0.0690,5.4517e-03
3605.511,1.2803517531e-03,1.791581e-02,1.5065932559e+00,0.0690,5.3937e-03
3606.107,1.2804016646e-03,1.792393e-02,1.5065932559e+00,0.0690,5.3194e-03
3606.704,1.2804486541e-03,1.793326e-02,1.5065932559e+00,0.0690,5.2294e-03
3607.300,1.2804938410e-03,1.794374e-02,1.5065932559e+00,0.0690,5.1245e-03
3607.897,1.2805384236e-03,1.795529e-02,1.5065932559e+00,0.0690,5.0054e-03
3608.493,1.2805835679e-03,1.796784e-02,1.5065932559e+00,0.0690,4.8731e-03
3609.090,1.2806303130e-03,1.798129e-02,1.5065932559e+00,0.0690,4.7285e-03
3609.686,1.2806795006e-03,1.799571e-02,1.5065932559e+00,0.0690,4.5727e-03
3610.283,1.2807317314e-03,1.801130e-02,1.5065932559e+00,0.0690,4.4069e-03
3610.879,1.2807873450e-03,1.802803e-02,1.5065932559e+00,0.0690,4.2320e-03
3611.476,1.2808464127e-03,1.804544e-02,1.5065932559e+00,0.0690,4.0492e-03
3612.073,1.2809087339e-03,1.806305e-02,1.5065932559e+00,0.0690,3.8593e-03
3612.669,1.2809738321e-03,1.808050e-02,1.5065932559e+00,0.0690,3.6623e-03
3613.266,1.2810409602e-03,1.809745e-02,1.5065932559e+00,0.0690,3.4586e-03
3613.862,1.2811091346e-03,1.811356e-02,1.5065932559e+00,0.0690,3.2491e-03
3614.459,1.2811772180e-03,1.812862e-02,1.5065932559e+00,0.0690,3.0351e-03
3615.055,1.2812440565e-03,1.814273e-02,1.5065932559e+00,0.0690,2.8177e-03
3615.652,1.2813086349e-03,1.815603e-02,1.5065932559e+00,0.0690,2.5984e-03
3616.248,1.2813702639e-03,1.816864e-02,1.5065932559e+00,0.0690,2.3786e-03
3616.845,1.2814287242e-03,1.818062e-02,1.5065932559e+00,0.0690,2.1598e-03
3617.441,1.2814842895e-03,1.819200e-02,1.5065932559e+00,0.0690,1.9438e-03
3618.038,1.2815376350e-03,1.820279e-02,1.5065932559e+00,0.0690,1.7322e-03
3618.635,1.2815896733e-03,1.821295e-02,1.5065932559e+00,0.0690,1.5265e-03
3619.231,1.2816413456e-03,1.822228e-02,1.5065932559e+00,0.0690,1.4487e-03
3619.828,1.2816933802e-03,1.823063e-02,1.5065932559e+00,0.0690,1.5312e-03
3620.424,1.2817460461e-03,1.823788e-02,1.5065932559e+00,0.0690,1.6056e-03
3621.021,1.2817989581e-03,1.824397e-02,1.5065932559e+00,0.0690,1.6720e-03
3621.617,1.2818509949e-03,1.824885e-02,1.5065932559e+00,0.0690,1.7302e-03
3622.214,1.2819003705e-03,1.825254e-02,1.5065932559e+00,0.0690,1.7804e-03
3622.810,1.2819448456e-03,1.825508e-02,1.5065932559e+00,0.0690,1.8227e-03
3623.407,1.2819820276e-03,1.825648e-02,1.5065932559e+00,0.0690,1.8573e-03
3624.003,1.2820096814e-03,1.825681e-02,1.5065932559e+00,0.0690,1.8847e-03
3624.600,1.2820259924e-03,1.825608e-02,1.5065932559e+00,0.0690,1.9052e-03
3625.197,1.2820297509e-03,1.825432e-02,1.5065932559e+00,0.0690,1.9196e-03
3625.793,1.2820204467e-03,1.825149e-02,1.5065932559e+00,0.0690,1.9293e-03
3626.390,1.2819982768e-03,1.824762e-02,1.5065932559e+00,0.0690,1.9341e-03
3626.986,1.2819640772e-03,1.824269e-02,1.5065932559e+00,0.0690,1.9338e-03
3627.583,1.2819191905e-03,1.823670e-02,1.5065932559e+00,0.0690,1.9286e-03
3628.179,1.2818652888e-03,1.822965e-02,1.5065932559e+00,0.0690,1.9188e-03
3628.776,1.2818041747e-03,1.822154e-02,1.5065932559e+00,0.0690,1.9049e-03
3629.372,1.2817375877e-03,1.821239e-02,1.5065932559e+00,0.0690,1.8873e-03
3629.969,1.2816670451e-03,1.820224e-02,1.5065932559e+00,0.0690,1.8663e-03
3630.565,1.2815937355e-03,1.819114e-02,1.5065932559e+00,0.0690,1.8424e-03
3631.162,1.2815184696e-03,1.817916e-02,1.5065932559e+00,0.0690,1.8159e-03
3631.759,1.2814416738e-03,1.816629e-02,1.5065932559e+00,0.0690,1.7870e-03
3632.355,1.2813634076e-03,1.815253e-02,1.5065932559e+00,0.0690,1.7561e-03
3632.952,1.2812834048e-03,1.813794e-02,1.5065932559e+00,0.0690,1.7235e-03
3633.548,1.2812011498e-03,1.812256e-02,1.5065932559e+00,0.0690,1.6892e-03
3634.145,1.2811159925e-03,1.810651e-02,1.5065932559e+00,0.0690,1.6535e-03
3634.741,1.2810272883e-03,1.809015e-02,1.5065932559e+00,0.0690,1.6165e-03
3635.338,1.2809345413e-03,1.807379e-02,1.5065932559e+00,0.0690,1.5781e-03
3635.934,1.2808374911e-03,1.805758e-02,1.5065932559e+00,0.0690,1.5386e-03
3636.531,1.2807361107e-03,1.804158e-02,1.5065932559e+00,0.0690,1.4980e-03
3637.127,1.2806305715e-03,1.802569e-02,1.5065932559e+00,0.0690,1.4575e-03
3637.724,1.2805211849e-03,1.800986e-02,1.5065932559e+00,0.0690,1.4175e-03
3638.320,1.2804083247e-03,1.799410e-02,1.5065932559e+00,0.0690,1.3786e-03
3638.917,1.2802923514e-03,1.797845e-02,1.5065932559e+00,0.0690,1.3412e-03
3639.514,1.2801735478e-03,1.796298e-02,1.5065932559e+00,0.0690,1.3055e-03
3640.110,1.2800522404e-03,1.794779e-02,1.5065932559e+00,0.0690,1.2718e-03
3640.707,1.2799289516e-03,1.793301e-02,1.5065932559e+00,0.0690,1.2400e-03
3641.303,1.2798043404e-03,1.791878e-02,1.5065932559e+00,0.0690,1.2103e-03
3641.900,1.2796791816e-03,1.790524e-02,1.5065932559e+00,0.0690,1.1825e-03
3642.496,1.2795544266e-03,1.789254e-02,1.5065932559e+00,0.0690,1.1567e-03
3643.093,1.2794312459e-03,1.788079e-02,1.5065932559e+00,0.0690,1.1326e-03
3643.689,1.2793109547e-03,1.787013e-02,1.5065932559e+00,0.0690,1.1103e-03
3644.286,1.2791947987e-03,1.786064e-02,1.5065932559e+00,0.0690,1.0897e-03
3644.882,1.2790836775e-03,1.785238e-02,1.5065932559e+00,0.0690,1.0708e-03
3645.479,1.2789779362e-03,1.784540e-02,1.5065932559e+00,0.0690,1.0535e-03
3646.076,1.2788773273e-03,1.783969e-02,1.5065932559e+00,0.0690,1.0378e-03
3646.672,1.2787811609e-03,1.783522e-02,1.5065932559e+00,0.0690,1.0237e-03
3647.269,1.2786885686e-03,1.783193e-02,1.5065932559e+00,0.0690,1.0110e-03
3647.865,1.2785987757e-03,1.782976e-02,1.5065932559e+00,0.0690,9.9974e-04
3648.462,1.2785113054e-03,1.782860e-02,1.5065932559e+00,0.0690,9.8967e-04
3649.058,1.2784260980e-03,1.782834e-02,1.5065932559e+00,0.0690,9.8057e-04
3649.655,1.2783435620e-03,1.782885e-02,1.5065932559e+00,0.0690,9.7223e-04
3650.251,1.2782645806e-03,1.783000e-02,1.5065932559e+00,0.0690,9.6456e-04
3650.848,1.2781904663e-03,1.783170e-02,1.5065932559e+00,0.0690,9.5748e-04
3651.444,1.2781228462e-03,1.783391e-02,1.5065932559e+00,0.0690,9.5085e-04
3652.041,1.2780634693e-03,1.783661e-02,1.5065932559e+00,0.0690,9.4435e-04
3652.638,1.2780139640e-03,1.783981e-02,1.5065932559e+00,0.0690,9.3746e-04
3653.234,1.2779756013e-03,1.784351e-02,1.5065932559e+00,0.0690,9.2950e-04
3653.831,1.2779491272e-03,1.784770e-02,1.5065932559e+00,0.0690,9.1989e-04
3654.427,1.2779346975e-03,1.785236e-02,1.5065932559e+00,0.0690,9.0812e-04
3655.024,1.2779319118e-03,1.785748e-02,1.5065932559e+00,0.0690,8.9379e-04
3655.620,1.2779399126e-03,1.786304e-02,1.5065932559e+00,0.0690,8.7665e-04
3656.217,1.2779575077e-03,1.786903e-02,1.5065932559e+00,0.0690,8.5655e-04
3656.813,1.2779832891e-03,1.787540e-02,1.5065932559e+00,0.0690,8.3346e-04
3657.410,1.2780157417e-03,1.788211e-02,1.5065932559e+00,0.0690,8.0742e-04
3658.006,1.2780533522e-03,1.788914e-02,1.5065932559e+00,0.0690,7.7856e-04
3658.603,1.2780947330e-03,1.789643e-02,1.5065932559e+00,0.0690,7.7197e-04
3659.200,1.2781387466e-03,1.790394e-02,1.5065932559e+00,0.0690,7.9266e-04
3659.796,1.2781846076e-03,1.791163e-02,1.5065932559e+00,0.0690,8.1892e-04
3660.393,1.2782319496e-03,1.791947e-02,1.5065932559e+00,0.0690,8.5076e-04
3660.989,1.2782808432e-03,1.792745e-02,1.5065932559e+00,0.0690,8.8808e-04
3661.586,1.2783317555e-03,1.793556e-02,1.5065932559e+00,0.0690,9.3070e-04
3662.182,1.2783854526e-03,1.794379e-02,1.5065932559e+00,0.0690,9.7838e-04
3662.779,1.2784428506e-03,1.795216e-02,1.5065932559e+00,0.0690,1.0308e-03
3663.375,1.2785048452e-03,1.796068e-02,1.5065932559e+00,0.0690,1.0878e-03
3663.972,1.2785721530e-03,1.796938e-02,1.5065932559e+00,0.0690,1.1490e-03
3664.568,1.2786452016e-03,1.797827e-02,1.5065932559e+00,0.0690,1.2141e-03
3665.165,1.2787240884e-03,1.798734e-02,1.5065932559e+00,0.0690,1.2829e-03
3665.761,1.2788086070e-03,1.799660e-02,1.5065932559e+00,0.0690,1.3551e-03
3666.358,1.2788983216e-03,1.800601e-02,1.5065932559e+00,0.0690,1.4307e-03
3666.955,1.2789926619e-03,1.801554e-02,1.5065932559e+00,0.0690,1.5094e-03
3667.551,1.2790910125e-03,1.802514e-02,1.5065932559e+00,0.0690,1.5910e-03
3668.148,1.2791927797e-03,1.803473e-02,1.5065932559e+00,0.0690,1.6754e-03
3668.744,1.2792974312e-03,1.804425e-02,1.5065932559e+00,0.0690,1.7626e-03
3669.341,1.2794045068e-03,1.805363e-02,1.5065932559e+00,0.0690,1.8525e-03
3669.937,1.2795136052e-03,1.806278e-02,1.5065932559e+00,0.0690,1.9451e-03
3670.534,1.2796243519e-03,1.807164e-02,1.5065932559e+00,0.0690,2.0404e-03
3671.130,1.2797363560e-03,1.808015e-02,1.5065932559e+00,0.0690,2.1384e-03
3671.727,1.2798491676e-03,1.808827e-02,1.5065932559e+00,0.0690,2.2394e-03
3672.323,1.2799622448e-03,1.809595e-02,1.5065932559e+00,0.0690,2.3434e-03
3672.920,1.2800749401e-03,1.810313e-02,1.5065932559e+00,0.0690,2.4507e-03
3673.517,1.2801865088e-03,1.810977e-02,1.5065932559e+00,0.0690,2.5615e-03
3674.113,1.2802961365e-03,1.811592e-02,1.5065932559e+00,0.0690,2.6759e-03
3674.710,1.2804029791e-03,1.812168e-02,1.5065932559e+00,0.0690,2.7938e-03
3675.306,1.2805062076e-03,1.812711e-02,1.5065932559e+00,0.0690,2.9150e-03
3675.903,1.2806050513e-03,1.813200e-02,1.5065932559e+00,0.0690,3.0392e-03
3676.499,1.2806988347e-03,1.813624e-02,1.5065932559e+00,0.0690,3.1657e-03
3677.096,1.2807870049e-03,1.813981e-02,1.5065932559e+00,0.0690,3.2935e-03
3677.692,1.2808691487e-03,1.814283e-02,1.5065932559e+00,0.0690,3.4216e-03
3678.289,1.2809449967e-03,1.814549e-02,1.5065932559e+00,0.0690,3.5492e-03
3678.885,1.2810144154e-03,1.814796e-02,1.5065932559e+00,0.0690,3.6756e-03
3679.482,1.2810773882e-03,1.815038e-02,1.5065932559e+00,0.0690,3.8002e-03
3680.079,1.2811339912e-03,1.815280e-02,1.5065932559e+00,0.0690,3.9224e-03
3680.675,1.2811843696e-03,1.815525e-02,1.5065932559e+00,0.0690,4.0415e-03
3681.272,1.2812287047e-03,1.815773e-02,1.5065932559e+00,0.0690,4.1569e-03
3681.868,1.2812672133e-03,1.816021e-02,1.5065932559e+00,0.0690,4.2675e-03
3682.465,1.2813001558e-03,1.816266e-02,1.5065932559e+00,0.0690,4.3726e-03
3683.061,1.2813278320e-03,1.816504e-02,1.5065932559e+00,0.0690,4.4710e-03
3683.658,1.2813505785e-03,1.816732e-02,1.5065932559e+00,0.0690,4.5618e-03
3684.254,1.2813687832e-03,1.816948e-02,1.5065932559e+00,0.0690,4.6440e-03
3684.851,1.2813829047e-03,1.817152e-02,1.5065932559e+00,0.0690,4.7164e-03
3685.447,1.2813934766e-03,1.817342e-02,1.5065932559e+00,0.0690,4.7781e-03
3686.044,1.2814010777e-03,1.817519e-02,1.5065932559e+00,0.0690,4.8282e-03
3686.641,1.2814062736e-03,1.817683e-02,1.5065932559e+00,0.0690,4.8658e-03
3687.237,1.2814095504e-03,1.817835e-02,1.5065932559e+00,0.0690,4.8902e-03
3687.834,1.2814112666e-03,1.817972e-02,1.5065932559e+00,0.0690,4.9009e-03
3688.430,1.2814116381e-03,1.818093e-02,1.5065932559e+00,0.0690,4.8974e-03
3689.027,1.2814107514e-03,1.818193e-02,1.5065932559e+00,0.0690,4.8792e-03
3689.623,1.2814085886e-03,1.818266e-02,1.5065932559e+00,0.0690,4.8463e-03
3690.220,1.2814050468e-03,1.818306e-02,1.5065932559e+00,0.0690,4.7986e-03
3690.816,1.2813999487e-03,1.818301e-02,1.5065932559e+00,0.0690,4.7359e-03
3691.413,1.2813930545e-03,1.818244e-02,1.5065932559e+00,0.0690,4.6586e-03
3692.009,1.2813840898e-03,1.818123e-02,1.5065932559e+00,0.0690,4.5667e-03
3692.606,1.2813727935e-03,1.817929e-02,1.5065932559e+00,0.0690,4.4605e-03
3693.203,1.2813589778e-03,1.817653e-02,1.5065932559e+00,0.0690,4.3406e-03
3693.799,1.2813425813e-03,1.817291e-02,1.5065932559e+00,0.0690,4.2073e-03
3694.396,1.2813236942e-03,1.816834e-02,1.5065932559e+00,0.0690,4.0613e-03
3694.992,1.2813025441e-03,1.816288e-02,1.5065932559e+00,0.0690,3.9032e-03
3695.589,1.2812794486e-03,1.815673e-02,1.5065932559e+00,0.0690,3.7338e-03
3696.185,1.2812547524e-03,1.815018e-02,1.5065932559e+00,0.0690,3.5540e-03
3696.782,1.2812287779e-03,1.814329e-02,1.5065932559e+00,0.0690,3.3646e-03
3697.378,1.2812018043e-03,1.813579e-02,1.5065932559e+00,0.0690,3.1665e-03
3697.975,1.2811740801e-03,1.812746e-02,1.5065932559e+00,0.0690,2.9605e-03
3698.571,1.2811458535e-03,1.811823e-02,1.5065932559e+00,0.0690,2.7465e-03
3699.168,1.2811174004e-03,1.810806e-02,1.5065932559e+00,0.0690,2.5251e-03
3699.764,1.2810890295e-03,1.809695e-02,1.5065932559e+00,0.0690,2.2971e-03
3700.361,1.2810610594e-03,1.808488e-02,1.5065932559e+00,0.0690,2.0639e-03
3700.958,1.2810337760e-03,1.807223e-02,1.5065932559e+00,0.0690,1.8270e-03
3701.554,1.2810073882e-03,1.805950e-02,1.5065932559e+00,0.0690,1.5878e-03
3702.151,1.2809820014e-03,1.804712e-02,1.5065932559e+00,0.0690,1.6947e-03
3702.747,1.2809576177e-03,1.803546e-02,1.5065932559e+00,0.0690,1.8225e-03
3703.344,1.2809341617e-03,1.802469e-02,1.5065932559e+00,0.0690,1.9449e-03
3703.940,1.2809115183e-03,1.801478e-02,1.5065932559e+00,0.0690,2.0616e-03
3704.537,1.2808895659e-03,1.800568e-02,1.5065932559e+00,0.0690,2.1721e-03
3705.133,1.2808681901e-03,1.799733e-02,1.5065932559e+00,0.0690,2.2758e-03
3705.730,1.2808472734e-03,1.798967e-02,1.5065932559e+00,0.0690,2.3723e-03
3706.326,1.2808266659e-03,1.798257e-02,1.5065932559e+00,0.0690,2.4638e-03
3706.923,1.2808061469e-03,1.797599e-02,1.5065932559e+00,0.0690,2.5488e-03
3707.520,1.2807853893e-03,1.796999e-02,1.5065932559e+00,0.0690,2.6248e-03
3708.116,1.2807639387e-03,1.796461e-02,1.5065932559e+00,0.0690,2.6899e-03
3708.713,1.2807412144e-03,1.796005e-02,1.5065932559e+00,0.0690,2.7417e-03
3709.309,1.2807165378e-03,1.795645e-02,1.5065932559e+00,0.0690,2.7792e-03
3709.906,1.2806891915e-03,1.795393e-02,1.5065932559e+00,0.0690,2.8037e-03
3710.502,1.2806585003e-03,1.795260e-02,1.5065932559e+00,0.0690,2.8162e-03
3711.099,1.2806239201e-03,1.795252e-02,1.5065932559e+00,0.0690,2.8178e-03
3711.695,1.2805851152e-03,1.795376e-02,1.5065932559e+00,0.0690,2.8094e-03
3712.292,1.2805420040e-03,1.795632e-02,1.5065932559e+00,0.0690,2.7921e-03
3712.888,1.2804947657e-03,1.796020e-02,1.5065932559e+00,0.0690,2.7665e-03
3713.485,1.2804438090e-03,1.796534e-02,1.5065932559e+00,0.0690,2.7333e-03
3714.082,1.2803897154e-03,1.797168e-02,1.5065932559e+00,0.0690,2.6927e-03
3714.678,1.2803331719e-03,1.797912e-02,1.5065932559e+00,0.0690,2.6454e-03
3715.275,1.2802749141e-03,1.798752e-02,1.5065932559e+00,0.0690,2.5922e-03
3715.871,1.2802156689e-03,1.799672e-02,1.5065932559e+00,0.0690,2.5336e-03
3716.468,1.2801560850e-03,1.800654e-02,1.5065932559e+00,0.0690,2.4703e-03
3717.064,1.2800966905e-03,1.801681e-02,1.5065932559e+00,0.0690,2.4027e-03
3717.661,1.2800378675e-03,1.802734e-02,1.5065932559e+00,0.0690,2.3312e-03
3718.257,1.2799798250e-03,1.803798e-02,1.5065932559e+00,0.0690,2.2561e-03
3718.854,1.2799225722e-03,1.804854e-02,1.5065932559e+00,0.0690,2.1777e-03
3719.450,1.2798659161e-03,1.805887e-02,1.5065932559e+00,0.0690,2.0961e-03
3720.047,1.2798095089e-03,1.806884e-02,1.5065932559e+00,0.0690,2.0115e-03
3720.644,1.2797529442e-03,1.807833e-02,1.5065932559e+00,0.0690,1.9240e-03
3721.240,1.2796958566e-03,1.808710e-02,1.5065932559e+00,0.0690,1.8338e-03
3721.837,1.2796380594e-03,1.809489e-02,1.5065932559e+00,0.0690,1.7410e-03
3722.433,1.2795795721e-03,1.810151e-02,1.5065932559e+00,0.0690,1.6456e-03
3723.030,1.2795204507e-03,1.810683e-02,1.5065932559e+00,0.0690,1.5477e-03
3723.626,1.2794606379e-03,1.811110e-02,1.5065932559e+00,0.0690,1.4471e-03
3724.223,1.2793999233e-03,1.811455e-02,1.5065932559e+00,0.0690,1.3439e-03
3724.819,1.2793380017e-03,1.811739e-02,1.5065932559e+00,0.0690,1.2379e-03
3725.416,1.2792745778e-03,1.811962e-02,1.5065932559e+00,0.0690,1.1293e-03
3726.012,1.2792094653e-03,1.812121e-02,1.5065932559e+00,0.0690,1.0186e-03
3726.609,1.2791426632e-03,1.812202e-02,1.5065932559e+00,0.0690,9.0595e-04
3727.206,1.2790744138e-03,1.812194e-02,1.5065932559e+00,0.0690,7.9061e-04
3727.802,1.2790052476e-03,1.812083e-02,1.5065932559e+00,0.0690,6.7473e-04
3728.399,1.2789359996e-03,1.811851e-02,1.5065932559e+00,0.0690,5.6227e-04
3728.995,1.2788677584e-03,1.811494e-02,1.5065932559e+00,0.0690,4.5369e-04
3729.592,1.2788017286e-03,1.811014e-02,1.5065932559e+00,0.0690,5.1119e-04
3730.188,1.2787390244e-03,1.810403e-02,1.5065932559e+00,0.0690,6.7775e-04
3730.785,1.2786804534e-03,1.809644e-02,1.5065932559e+00,0.0690,8.4980e-04
3731.381,1.2786263660e-03,1.808728e-02,1.5065932559e+00,0.0690,1.0250e-03
3731.978,1.2785766220e-03,1.807657e-02,1.5065932559e+00,0.0690,1.2014e-03
3732.574,1.2785306824e-03,1.806445e-02,1.5065932559e+00,0.0690,1.3773e-03
3733.171,1.2784877922e-03,1.805111e-02,1.5065932559e+00,0.0690,1.5517e-03
3733.767,1.2784472018e-03,1.803681e-02,1.5065932559e+00,0.0690,1.7234e-03
3734.364,1.2784083791e-03,1.802182e-02,1.5065932559e+00,0.0690,1.8917e-03
3734.961,1.2783711751e-03,1.800641e-02,1.5065932559e+00,0.0690,2.0558e-03
3735.557,1.2783359206e-03,1.799082e-02,1.5065932559e+00,0.0690,2.2151e-03
3736.154,1.2783034409e-03,1.797524e-02,1.5065932559e+00,0.0690,2.3689e-03
3736.750,1.2782749842e-03,1.795984e-02,1.5065932559e+00,0.0690,2.5167e-03
3737.347,1.2782520741e-03,1.794476e-02,1.5065932559e+00,0.0690,2.6577e-03
3737.943,1.2782363151e-03,1.793013e-02,1.5065932559e+00,0.0690,2.7915e-03
3738.540,1.2782291855e-03,1.791602e-02,1.5065932559e+00,0.0690,2.9175e-03
3739.136,1.2782318572e-03,1.790254e-02,1.5065932559e+00,0.0690,3.0352e-03
3739.733,1.2782450658e-03,1.788975e-02,1.5065932559e+00,0.0690,3.1439e-03
3740.329,1.2782690392e-03,1.787772e-02,1.5065932559e+00,0.0690,3.2434e-03
3740.926,1.2783034861e-03,1.786650e-02,1.5065932559e+00,0.0690,3.3333e-03
3741.523,1.2783476395e-03,1.785617e-02,1.5065932559e+00,0.0690,3.4133e-03
3742.119,1.2784003443e-03,1.784678e-02,1.5065932559e+00,0.0690,3.4832e-03
3742.716,1.2784601879e-03,1.783840e-02,1.5065932559e+00,0.0690,3.5430e-03
3743.312,1.2785256693e-03,1.783112e-02,1.5065932559e+00,0.0690,3.5927e-03
3743.909,1.2785953837e-03,1.782506e-02,1.5065932559e+00,0.0690,3.6325e-03
3744.505,1.2786681857e-03,1.782034e-02,1.5065932559e+00,0.0690,3.6626e-03
3745.102,1.2787432866e-03,1.781704e-02,1.5065932559e+00,0.0690,3.6833e-03
3745.698,1.2788202647e-03,1.781526e-02,1.5065932559e+00,0.0690,3.6951e-03
3746.295,1.2788989957e-03,1.781506e-02,1.5065932559e+00,0.0690,3.6982e-03
3746.891,1.2789795406e-03,1.781652e-02,1.5065932559e+00,0.0690,3.6934e-03
3747.488,1.2790620401e-03,1.781969e-02,1.5065932559e+00,0.0690,3.6809e-03
3748.085,1.2791466505e-03,1.782462e-02,1.5065932559e+00,0.0690,3.6614e-03
3748.681,1.2792335330e-03,1.783125e-02,1.5065932559e+00,0.0690,3.6353e-03
3749.278,1.2793228752e-03,1.783938e-02,1.5065932559e+00,0.0690,3.6032e-03
3749.874,1.2794149135e-03,1.784892e-02,1.5065932559e+00,0.0690,3.5653e-03
3750.471,1.2795099274e-03,1.785976e-02,1.5065932559e+00,0.0690,3.5217e-03
3751.067,1.2796081940e-03,1.787183e-02,1.5065932559e+00,0.0690,3.4727e-03
3751.664,1.2797099148e-03,1.788507e-02,1.5065932559e+00,0.0690,3.4190e-03
3752.260,1.2798151404e-03,1.789944e-02,1.5065932559e+00,0.0690,3.3615e-03
3752.857,1.2799237163e-03,1.791488e-02,1.5065932559e+00,0.0690,3.3010e-03
3753.453,1.2800352708e-03,1.793133e-02,1.5065932559e+00,0.0690,3.2387e-03
3754.050,1.2801492422e-03,1.794870e-02,1.5065932559e+00,0.0690,3.1755e-03
3754.647,1.2802649401e-03,1.796688e-02,1.5065932559e+00,0.0690,3.1125e-03
3755.243,1.2803816219e-03,1.798583e-02,1.5065932559e+00,0.0690,3.0506e-03
3755.840,1.2804985701e-03,1.800548e-02,1.5065932559e+00,0.0690,2.9903e-03
3756.436,1.2806151713e-03,1.802577e-02,1.5065932559e+00,0.0690,2.9322e-03
3757.033,1.2807309530e-03,1.804661e-02,1.5065932559e+00,0.0690,2.8766e-03
3757.629,1.2808456164e-03,1.806789e-02,1.5065932559e+00,0.0690,2.8240e-03
3758.226,1.2809590750e-03,1.808949e-02,1.5065932559e+00,0.0690,2.7747e-03
3758.822,1.2810714244e-03,1.811125e-02,1.5065932559e+00,0.0690,2.7290e-03
3759.419,1.2811828527e-03,1.813300e-02,1.5065932559e+00,0.0690,2.6875e-03
3760.015,1.2812935441e-03,1.815458e-02,1.5065932559e+00,0.0690,2.6505e-03
3760.612,1.2814035939e-03,1.817581e-02,1.5065932559e+00,0.0690,2.6183e-03
3761.209,1.2815129234e-03,1.819652e-02,1.5065932559e+00,0.0690,2.5914e-03
3761.805,1.2816211786e-03,1.821653e-02,1.5065932559e+00,0.0690,2.5698e-03
3762.402,1.2817276201e-03,1.823568e-02,1.5065932559e+00,0.0690,2.5537e-03
3762.998,1.2818310491e-03,1.825380e-02,1.5065932559e+00,0.0690,2.5431e-03
3763.595,1.2819298133e-03,1.827066e-02,1.5065932559e+00,0.0690,2.5378e-03
3764.191,1.2820219168e-03,1.828612e-02,1.5065932559e+00,0.0690,2.5376e-03
3764.788,1.2821052149e-03,1.830009e-02,1.5065932559e+00,0.0690,2.5421e-03
3765.384,1.2821776426e-03,1.831254e-02,1.5065932559e+00,0.0690,2.5505e-03
3765.981,1.2822374254e-03,1.832346e-02,1.5065932559e+00,0.0690,2.5620e-03
3766.577,1.2822832404e-03,1.833284e-02,1.5065932559e+00,0.0690,2.5756e-03
3767.174,1.2823143228e-03,1.834067e-02,1.5065932559e+00,0.0690,2.5901e-03
3767.770,1.2823305249e-03,1.834694e-02,1.5065932559e+00,0.0690,2.6044e-03
3768.367,1.2823323340e-03,1.835160e-02,1.5065932559e+00,0.0690,2.6171e-03
3768.964,1.2823208412e-03,1.835458e-02,1.5065932559e+00,0.0690,2.6272e-03
3769.560,1.2822976532e-03,1.835583e-02,1.5065932559e+00,0.0690,2.6338e-03
3770.157,1.2822647425e-03,1.835527e-02,1.5065932559e+00,0.0690,2.6364e-03
3770.753,1.2822242532e-03,1.835285e-02,1.5065932559e+00,0.0690,2.6343e-03
3771.350,1.2821782965e-03,1.834854e-02,1.5065932559e+00,0.0690,2.6273e-03
3771.946,1.2821287679e-03,1.834237e-02,1.5065932559e+00,0.0690,2.6149e-03
3772.543,1.2820772050e-03,1.833430e-02,1.5065932559e+00,0.0690,2.5971e-03
3773.139,1.2820246948e-03,1.832426e-02,1.5065932559e+00,0.0690,2.5736e-03
3773.736,1.2819718260e-03,1.831224e-02,1.5065932559e+00,0.0690,2.5445e-03
3774.332,1.2819186798e-03,1.829834e-02,1.5065932559e+00,0.0690,2.5097e-03
3774.929,1.2818648655e-03,1.828272e-02,1.5065932559e+00,0.0690,2.4694e-03
3775.526,1.2818096056e-03,1.826560e-02,1.5065932559e+00,0.0690,2.4240e-03
3776.122,1.2817518682e-03,1.824723e-02,1.5065932559e+00,0.0690,2.3737e-03
3776.719,1.2816905318e-03,1.822784e-02,1.5065932559e+00,0.0690,2.3188e-03
3777.315,1.2816245533e-03,1.820764e-02,1.5065932559e+00,0.0690,2.2596e-03
3777.912,1.2815531135e-03,1.818678e-02,1.5065932559e+00,0.0690,2.1964e-03
3778.508,1.2814757210e-03,1.816536e-02,1.5065932559e+00,0.0690,2.1292e-03
3779.105,1.2813922685e-03,1.814334e-02,1.5065932559e+00,0.0690,2.0580e-03
3779.701,1.2813030413e-03,1.812069e-02,1.5065932559e+00,0.0690,1.9828e-03
3780.298,1.2812086812e-03,1.809743e-02,1.5065932559e+00,0.0690,1.9035e-03
3780.894,1.2811101125e-03,1.807360e-02,1.5065932559e+00,0.0690,1.8198e-03
3781.491,1.2810084366e-03,1.804934e-02,1.5065932559e+00,0.0690,1.7314e-03
3782.088,1.2809048095e-03,1.802478e-02,1.5065932559e+00,0.0690,1.6382e-03
3782.684,1.2808003193e-03,1.800013e-02,1.5065932559e+00,0.0690,1.5404e-03
3783.281,1.2806958840e-03,1.797559e-02,1.5065932559e+00,0.0690,1.4380e-03
3783.877,1.2805921855e-03,1.795142e-02,1.5065932559e+00,0.0690,1.3314e-03
3784.474,1.2804896494e-03,1.792784e-02,1.5065932559e+00,0.0690,1.3751e-03
3785.070,1.2803884698e-03,1.790511e-02,1.5065932559e+00,0.0690,1.4439e-03
3785.667,1.2802886709e-03,1.788344e-02,1.5065932559e+00,0.0690,1.5124e-03
3786.263,1.2801901919e-03,1.786303e-02,1.5065932559e+00,0.0690,1.5804e-03
3786.860,1.2800929753e-03,1.784397e-02,1.5065932559e+00,0.0690,1.6479e-03
3787.456,1.2799970427e-03,1.782643e-02,1.5065932559e+00,0.0690,1.7151e-03
3788.053,1.2799025570e-03,1.781061e-02,1.5065932559e+00,0.0690,1.7821e-03
3788.650,1.2798098460e-03,1.779670e-02,1.5065932559e+00,0.0690,1.8485e-03
3789.246,1.2797193737e-03,1.778497e-02,1.5065932559e+00,0.0690,1.9137e-03
3789.843,1.2796317277e-03,1.777565e-02,1.5065932559e+00,0.0690,1.9770e-03
3790.439,1.2795476146e-03,1.776886e-02,1.5065932559e+00,0.0690,2.0378e-03
3791.036,1.2794678195e-03,1.776460e-02,1.5065932559e+00,0.0690,2.0967e-03
3791.632,1.2793931206e-03,1.776276e-02,1.5065932559e+00,0.0690,2.1533e-03
3792.229,1.2793242890e-03,1.776325e-02,1.5065932559e+00,0.0690,2.2058e-03
3792.825,1.2792619264e-03,1.776586e-02,1.5065932559e+00,0.0690,2.2526e-03
3793.422,1.2792062741e-03,1.777031e-02,1.5065932559e+00,0.0690,2.2929e-03
3794.018,1.2791571914e-03,1.777638e-02,1.5065932559e+00,0.0690,2.3259e-03
3794.615,1.2791142666e-03,1.778396e-02,1.5065932559e+00,0.0690,2.3503e-03
3795.211,1.2790769446e-03,1.779306e-02,1.5065932559e+00,0.0690,2.3644e-03
3795.808,1.2790445750e-03,1.780366e-02,1.5065932559e+00,0.0690,2.3691e-03
3796.405,1.2790163761e-03,1.781573e-02,1.5065932559e+00,0.0690,2.3650e-03
3797.001,1.2789913840e-03,1.782925e-02,1.5065932559e+00,0.0690,2.3527e-03
3797.598,1.2789684744e-03,1.784418e-02,1.5065932559e+00,0.0690,2.3326e-03
3798.194,1.2789464902e-03,1.786043e-02,1.5065932559e+00,0.0690,2.3053e-03
3798.791,1.2789244355e-03,1.787789e-02,1.5065932559e+00,0.0690,2.2710e-03
3799.387,1.2789016518e-03,1.789640e-02,1.5065932559e+00,0.0690,2.2301e-03
3799.984,1.2788779120e-03,1.791577e-02,1.5065932559e+00,0.0690,2.1830e-03
3800.580,1.2788534211e-03,1.793576e-02,1.5065932559e+00,0.0690,2.1299e-03
3801.177,1.2788287598e-03,1.795616e-02,1.5065932559e+00,0.0690,2.0709e-03
3801.773,1.2788048153e-03,1.797677e-02,1.5065932559e+00,0.0690,2.0061e-03
3802.370,1.2787827154e-03,1.799739e-02,1.5065932559e+00,0.0690,1.9359e-03
3802.967,1.2787637505e-03,1.801782e-02,1.5065932559e+00,0.0690,1.8606e-03
3803.563,1.2787492549e-03,1.803790e-02,1.5065932559e+00,0.0690,1.7805e-03
3804.160,1.2787404410e-03,1.805750e-02,1.5065932559e+00,0.0690,1.6961e-03
3804.756,1.2787382098e-03,1.807650e-02,1.5065932559e+00,0.0690,1.6075e-03
3805.353,1.2787429869e-03,1.809480e-02,1.5065932559e+00,0.0690,1.5152e-03
3805.949,1.2787546333e-03,1.811225e-02,1.5065932559e+00,0.0690,1.4194e-03
3806.546,1.2787724541e-03,1.812869e-02,1.5065932559e+00,0.0690,1.3203e-03
3807.142,1.2787953052e-03,1.814396e-02,1.5065932559e+00,0.0690,1.2184e-03
3807.739,1.2788217679e-03,1.815792e-02,1.5065932559e+00,0.0690,1.1138e-03
3808.335,1.2788503546e-03,1.817043e-02,1.5065932559e+00,0.0690,1.0068e-03
3808.932,1.2788797080e-03,1.818133e-02,1.5065932559e+00,0.0690,8.9742e-04
3809.529,1.2789087655e-03,1.819066e-02,1.5065932559e+00,0.0690,7.8570e-04
3810.125,1.2789368594e-03,1.819862e-02,1.5065932559e+00,0.0690,6.6991e-04
3810.722,1.2789637372e-03,1.820517e-02,1.5065932559e+00,0.0690,5.5196e-04
3811.318,1.2789895077e-03,1.821023e-02,1.5065932559e+00,0.0690,4.3440e-04
3811.915,1.2790145337e-03,1.821373e-02,1.5065932559e+00,0.0690,3.9905e-04
3812.511,1.2790393012e-03,1.821557e-02,1.5065932559e+00,0.0690,5.6484e-04
3813.108,1.2790642943e-03,1.821565e-02,1.5065932559e+00,0.0690,7.4049e-04
3813.704,1.2790898988e-03,1.821378e-02,1.5065932559e+00,0.0690,9.2499e-04
3814.301,1.2791163466e-03,1.820993e-02,1.5065932559e+00,0.0690,1.1173e-03
3814.897,1.2791437000e-03,1.820414e-02,1.5065932559e+00,0.0690,1.3163e-03
3815.494,1.2791718692e-03,1.819651e-02,1.5065932559e+00,0.0690,1.5209e-03
3816.091,1.2792006505e-03,1.818689e-02,1.5065932559e+00,0.0690,1.7298e-03
3816.687,1.2792297678e-03,1.817518e-02,1.5065932559e+00,0.0690,1.9418e-03
3817.284,1.2792589051e-03,1.816147e-02,1.5065932559e+00,0.0690,2.1557e-03
3817.880,1.2792877246e-03,1.814619e-02,1.5065932559e+00,0.0690,2.3702e-03
3818.477,1.2793158740e-03,1.812980e-02,1.5065932559e+00,0.0690,2.5838e-03
3819.073,1.2793429975e-03,1.811269e-02,1.5065932559e+00,0.0690,2.7956e-03
3819.670,1.2793687666e-03,1.809521e-02,1.5065932559e+00,0.0690,3.0050e-03
3820.266,1.2793929417e-03,1.807767e-02,1.5065932559e+00,0.0690,3.2112e-03
3820.863,1.2794154611e-03,1.806031e-02,1.5065932559e+00,0.0690,3.4136e-03
3821.459,1.2794365373e-03,1.804334e-02,1.5065932559e+00,0.0690,3.6114e-03
3822.056,1.2794567328e-03,1.802691e-02,1.5065932559e+00,0.0690,3.8038e-03
3822.653,1.2794769861e-03,1.801114e-02,1.5065932559e+00,0.0690,3.9898e-03
3823.249,1.2794985687e-03,1.799615e-02,1.5065932559e+00,0.0690,4.1685e-03
3823.846,1.2795229703e-03,1.798203e-02,1.5065932559e+00,0.0690,4.3387e-03
3824.442,1.2795517285e-03,1.796889e-02,1.5065932559e+00,0.0690,4.4993e-03
3825.039,1.2795862268e-03,1.795683e-02,1.5065932559e+00,0.0690,4.6492e-03
3825.635,1.2796274967e-03,1.794594e-02,1.5065932559e+00,0.0690,4.7872e-03
3826.232,1.2796760517e-03,1.793633e-02,1.5065932559e+00,0.0690,4.9124e-03
3826.828,1.2797317805e-03,1.792808e-02,1.5065932559e+00,0.0690,5.0237e-03
3827.425,1.2797939175e-03,1.792128e-02,1.5065932559e+00,0.0690,5.1203e-03
3828.021,1.2798611035e-03,1.791599e-02,1.5065932559e+00,0.0690,5.2016e-03
3828.618,1.2799315359e-03,1.791227e-02,1.5065932559e+00,0.0690,5.2669e-03
3829.214,1.2800031933e-03,1.791013e-02,1.5065932559e+00,0.0690,5.3158e-03
3829.811,1.2800740969e-03,1.790960e-02,1.5065932559e+00,0.0690,5.3481e-03
3830.408,1.2801425578e-03,1.791066e-02,1.5065932559e+00,0.0690,5.3637e-03
3831.004,1.2802073625e-03,1.791327e-02,1.5065932559e+00,0.0690,5.3625e-03
3831.601,1.2802678633e-03,1.791739e-02,1.5065932559e+00,0.0690,5.3448e-03
3832.197,1.2803239754e-03,1.792293e-02,1.5065932559e+00,0.0690,5.3108e-03
3832.794,1.2803761007e-03,1.792984e-02,1.5065932559e+00,0.0690,5.2609e-03
3833.390,1.2804250171e-03,1.793801e-02,1.5065932559e+00,0.0690,5.1957e-03
3833.987,1.2804717601e-03,1.794738e-02,1.5065932559e+00,0.0690,5.1157e-03
3834.583,1.2805175105e-03,1.795784e-02,1.5065932559e+00,0.0690,5.0216e-03
3835.180,1.2805634869e-03,1.796933e-02,1.5065932559e+00,0.0690,4.9142e-03
3835.776,1.2806108391e-03,1.798176e-02,1.5065932559e+00,0.0690,4.7943e-03
3836.373,1.2806605423e-03,1.799504e-02,1.5065932559e+00,0.0690,4.6628e-03
3836.970,1.2807133057e-03,1.800922e-02,1.5065932559e+00,0.0690,4.5207e-03
3837.566,1.2807695109e-03,1.802446e-02,1.5065932559e+00,0.0690,4.3689e-03
3838.163,1.2808291904e-03,1.804081e-02,1.5065932559e+00,0.0690,4.2085e-03
3838.759,1.2808920467e-03,1.805787e-02,1.5065932559e+00,0.0690,4.0404e-03
3839.356,1.2809574985e-03,1.807516e-02,1.5065932559e+00,0.0690,3.8655e-03
3839.952,1.2810247422e-03,1.809234e-02,1.5065932559e+00,0.0690,3.6838e-03
3840.549,1.2810928187e-03,1.810910e-02,1.5065932559e+00,0.0690,3.4956e-03
3841.145,1.2811606880e-03,1.812513e-02,1.5065932559e+00,0.0690,3.3016e-03
3841.742,1.2812273178e-03,1.814020e-02,1.5065932559e+00,0.0690,3.1028e-03
3842.338,1.2812917953e-03,1.815417e-02,1.5065932559e+00,0.0690,2.9005e-03
3842.935,1.2813534473e-03,1.816710e-02,1.5065932559e+00,0.0690,2.6959e-03
3843.532,1.2814119377e-03,1.817916e-02,1.5065932559e+00,0.0690,2.4903e-03
3844.128,1.2814673547e-03,1.819047e-02,1.5065932559e+00,0.0690,2.2849e-03
3844.725,1.2815202136e-03,1.820114e-02,1.5065932559e+00,0.0690,2.0814e-03
3845.321,1.2815713459e-03,1.821121e-02,1.5065932559e+00,0.0690,1.8811e-03
3845.918,1.2816217096e-03,1.822069e-02,1.5065932559e+00,0.0690,1.6856e-03
3846.514,1.2816721729e-03,1.822958e-02,1.5065932559e+00,0.0690,1.4963e-03
3847.111,1.2817232999e-03,1.823777e-02,1.5065932559e+00,0.0690,1.4081e-03
3847.707,1.2817751636e-03,1.824505e-02,1.5065932559e+00,0.0690,1.4829e-03
3848.304,1.2818272098e-03,1.825127e-02,1.5065932559e+00,0.0690,1.5505e-03
3848.900,1.2818782074e-03,1.825630e-02,1.5065932559e+00,0.0690,1.6109e-03
3849.497,1.2819263153e-03,1.826007e-02,1.5065932559e+00,0.0690,1.6641e-03
3850.094,1.2819692707e-03,1.826256e-02,1.5065932559e+00,0.0690,1.7103e-03
3850.690,1.2820046717e-03,1.826377e-02,1.5065932559e+00,0.0690,1.7496e-03
3851.287,1.2820302925e-03,1.826372e-02,1.5065932559e+00,0.0690,1.7823e-03
3851.883,1.2820443681e-03,1.826247e-02,1.5065932559e+00,0.0690,1.8087e-03
3852.480,1.2820457935e-03,1.826006e-02,1.5065932559e+00,0.0690,1.8292e-03
3853.076,1.2820342084e-03,1.825653e-02,1.5065932559e+00,0.0690,1.8442e-03
3853.673,1.2820099731e-03,1.825193e-02,1.5065932559e+00,0.0690,1.8541e-03
3854.269,1.2819740618e-03,1.824628e-02,1.5065932559e+00,0.0690,1.8597e-03
3854.866,1.2819279050e-03,1.823959e-02,1.5065932559e+00,0.0690,1.8617e-03
3855.462,1.2818732068e-03,1.823188e-02,1.5065932559e+00,0.0690,1.8601e-03
3856.059,1.2818117557e-03,1.822321e-02,1.5065932559e+00,0.0690,1.8547e-03
3856.656,1.2817452444e-03,1.821358e-02,1.5065932559e+00,0.0690,1.8458e-03
3857.252,1.2816751221e-03,1.820306e-02,1.5065932559e+00,0.0690,1.8335e-03
3857.849,1.2816024987e-03,1.819171e-02,1.5065932559e+00,0.0690,1.8180e-03
3858.445,1.2815281008e-03,1.817955e-02,1.5065932559e+00,0.0690,1.7998e-03
3859.042,1.2814522686e-03,1.816657e-02,1.5065932559e+00,0.0690,1.7790e-03
3859.638,1.2813749852e-03,1.815279e-02,1.5065932559e+00,0.0690,1.7559e-03
3860.235,1.2812959384e-03,1.813824e-02,1.5065932559e+00,0.0690,1.7308e-03
3860.831,1.2812146120e-03,1.812299e-02,1.5065932559e+00,0.0690,1.7037e-03
3861.428,1.2811304019e-03,1.810708e-02,1.5065932559e+00,0.0690,1.6750e-03
3862.024,1.2810427414e-03,1.809078e-02,1.5065932559e+00,0.0690,1.6446e-03
3862.621,1.2809512125e-03,1.807445e-02,1.5065932559e+00,0.0690,1.6127e-03
3863.217,1.2808556191e-03,1.805827e-02,1.5065932559e+00,0.0690,1.5793e-03
3863.814,1.2807560059e-03,1.804234e-02,1.5065932559e+00,0.0690,1.5447e-03
3864.411,1.2806526218e-03,1.802667e-02,1.5065932559e+00,0.0690,1.5095e-03
3865.007,1.2805458499e-03,1.801123e-02,1.5065932559e+00,0.0690,1.4739e-03
3865.604,1.2804361237e-03,1.799597e-02,1.5065932559e+00,0.0690,1.4384e-03
3866.200,1.2803238355e-03,1.798090e-02,1.5065932559e+00,0.0690,1.4035e-03
3866.797,1.2802093098e-03,1.796609e-02,1.5065932559e+00,0.0690,1.3697e-03
3867.393,1.2800928495e-03,1.795163e-02,1.5065932559e+00,0.0690,1.3372e-03
3867.990,1.2799747960e-03,1.793765e-02,1.5065932559e+00,0.0690,1.3064e-03
3868.586,1.2798556204e-03,1.792429e-02,1.5065932559e+00,0.0690,1.2774e-03
3869.183,1.2797361005e-03,1.791169e-02,1.5065932559e+00,0.0690,1.2501e-03
3869.779,1.2796171781e-03,1.789999e-02,1.5065932559e+00,0.0690,1.2247e-03
3870.376,1.2794997636e-03,1.788932e-02,1.5065932559e+00,0.0690,1.2011e-03
3870.973,1.2793846906e-03,1.787976e-02,1.5065932559e+00,0.0690,1.1793e-03
3871.569,1.2792727657e-03,1.787140e-02,1.5065932559e+00,0.0690,1.1591e-03
3872.166,1.2791647791e-03,1.786427e-02,1.5065932559e+00,0.0690,1.1405e-03
3872.762,1.2790613931e-03,1.785836e-02,1.5065932559e+00,0.0690,1.1234e-03
3873.359,1.2789629386e-03,1.785367e-02,1.5065932559e+00,0.0690,1.1078e-03
3873.955,1.2788692488e-03,1.785014e-02,1.5065932559e+00,0.0690,1.0935e-03
3874.552,1.2787796613e-03,1.784769e-02,1.5065932559e+00,0.0690,1.0803e-03
3875.148,1.2786932285e-03,1.784623e-02,1.5065932559e+00,0.0690,1.0682e-03
3875.745,1.2786090592e-03,1.784565e-02,1.5065932559e+00,0.0690,1.0568e-03
3876.341,1.2785266488e-03,1.784581e-02,1.5065932559e+00,0.0690,1.0460e-03
3876.938,1.2784460778e-03,1.784662e-02,1.5065932559e+00,0.0690,1.0359e-03
3877.535,1.2783680427e-03,1.784802e-02,1.5065932559e+00,0.0690,1.0263e-03
3878.131,1.2782937575e-03,1.784997e-02,1.5065932559e+00,0.0690,1.0170e-03
3878.728,1.2782247925e-03,1.785244e-02,1.5065932559e+00,0.0690,1.0076e-03
3879.324,1.2781628976e-03,1.785544e-02,1.5065932559e+00,0.0690,9.9770e-04
3879.921,1.2781098228e-03,1.785895e-02,1.5065932559e+00,0.0690,9.8654e-04
3880.517,1.2780671306e-03,1.786295e-02,1.5065932559e+00,0.0690,9.7363e-04
3881.114,1.2780360092e-03,1.786743e-02,1.5065932559e+00,0.0690,9.5851e-04
3881.710,1.2780171145e-03,1.787237e-02,1.5065932559e+00,0.0690,9.4086e-04
3882.307,1.2780104794e-03,1.787775e-02,1.5065932559e+00,0.0690,9.2045e-04
3882.903,1.2780155115e-03,1.788354e-02,1.5065932559e+00,0.0690,8.9720e-04
3883.500,1.2780310765e-03,1.788970e-02,1.5065932559e+00,0.0690,8.7111e-04
3884.097,1.2780556395e-03,1.789620e-02,1.5065932559e+00,0.0690,8.4227e-04
3884.693,1.2780874300e-03,1.790299e-02,1.5065932559e+00,0.0690,8.1083e-04
3885.290,1.2781246133e-03,1.791001e-02,1.5065932559e+00,0.0690,7.7698e-04
3885.886,1.2781654606e-03,1.791722e-02,1.5065932559e+00,0.0690,7.4095e-04
3886.483,1.2782085039e-03,1.792455e-02,1.5065932559e+00,0.0690,7.6314e-04
3887.079,1.2782526615e-03,1.793197e-02,1.5065932559e+00,0.0690,7.9867e-04
3887.676,1.2782973284e-03,1.793944e-02,1.5065932559e+00,0.0690,8.3936e-04
3888.272,1.2783424182e-03,1.794694e-02,1.5065932559e+00,0.0690,8.8498e-04
3888.869,1.2783883466e-03,1.795446e-02,1.5065932559e+00,0.0690,9.3525e-04
3889.465,1.2784359461e-03,1.796201e-02,1.5065932559e+00,0.0690,9.8989e-04
3890.062,1.2784863168e-03,1.796961e-02,1.5065932559e+00,0.0690,1.0486e-03
3890.658,1.2785406327e-03,1.797728e-02,1.5065932559e+00,0.0690,1.1111e-03
3891.255,1.2785999423e-03,1.798506e-02,1.5065932559e+00,0.0690,1.1771e-03
3891.852,1.2786650051e-03,1.799296e-02,1.5065932559e+00,0.0690,1.2464e-03
3892.448,1.2787361995e-03,1.800101e-02,1.5065932559e+00,0.0690,1.3188e-03
3893.045,1.2788135141e-03,1.800922e-02,1.5065932559e+00,0.0690,1.3942e-03
3893.641,1.2788966123e-03,1.801756e-02,1.5065932559e+00,0.0690,1.4724e-03
3894.238,1.2789849389e-03,1.802601e-02,1.5065932559e+00,0.0690,1.5532e-03
3894.834,1.2790778363e-03,1.803451e-02,1.5065932559e+00,0.0690,1.6367e-03
3895.431,1.2791746405e-03,1.804300e-02,1.5065932559e+00,0.0690,1.7226e-03
3896.027,1.2792747419e-03,1.805142e-02,1.5065932559e+00,0.0690,1.8110e-03
3896.624,1.2793776107e-03,1.805967e-02,1.5065932559e+00,0.0690,1.9017e-03
3897.220,1.2794827899e-03,1.806770e-02,1.5065932559e+00,0.0690,1.9948e-03
3897.817,1.2795898668e-03,1.807543e-02,1.5065932559e+00,0.0690,2.0904e-03
3898.414,1.2796984306e-03,1.808282e-02,1.5065932559e+00,0.0690,2.1884e-03
3899.010,1.2798080248e-03,1.808985e-02,1.5065932559e+00,0.0690,2.2889e-03
3899.607,1.2799181050e-03,1.809646e-02,1.5065932559e+00,0.0690,2.3922e-03
3900.203,1.2800280119e-03,1.810261e-02,1.5065932559e+00,0.0690,2.4984e-03
3900.800,1.2801369685e-03,1.810830e-02,1.5065932559e+00,0.0690,2.6077e-03
3901.396,1.2802441067e-03,1.811360e-02,1.5065932559e+00,0.0690,2.7201e-03
3901.993,1.2803485192e-03,1.811863e-02,1.5065932559e+00,0.0690,2.8356e-03
3902.589,1.2804493279e-03,1.812333e-02,1.5065932559e+00,0.0690,2.9539e-03
3903.186,1.2805457522e-03,1.812751e-02,1.5065932559e+00,0.0690,3.0745e-03
3903.782,1.2806371647e-03,1.813109e-02,1.5065932559e+00,0.0690,3.1971e-03
3904.379,1.2807231218e-03,1.813409e-02,1.5065932559e+00,0.0690,3.3206e-03
3904.976,1.2808033661e-03,1.813665e-02,1.5065932559e+00,0.0690,3.4439e-03
3905.572,1.2808778048e-03,1.813894e-02,1.5065932559e+00,0.0690,3.5666e-03
3906.169,1.2809464719e-03,1.814114e-02,1.5065932559e+00,0.0690,3.6879e-03
3906.765,1.2810094855e-03,1.814336e-02,1.5065932559e+00,0.0690,3.8075e-03
3907.362,1.2810670094e-03,1.814565e-02,1.5065932559e+00,0.0690,3.9246e-03
3907.958,1.2811192269e-03,1.814805e-02,1.5065932559e+00,0.0690,4.0386e-03
3908.555,1.2811663276e-03,1.815055e-02,1.5065932559e+00,0.0690,4.1488e-03
3909.151,1.2812085123e-03,1.815312e-02,1.5065932559e+00,0.0690,4.2543e-03
3909.748,1.2812460010e-03,1.815575e-02,1.5065932559e+00,0.0690,4.3543e-03
3910.344,1.2812790436e-03,1.815840e-02,1.5065932559e+00,0.0690,4.4477e-03
3910.941,1.2813079458e-03,1.816106e-02,1.5065932559e+00,0.0690,4.5336e-03
3911.538,1.2813330733e-03,1.816369e-02,1.5065932559e+00,0.0690,4.6108e-03
3912.134,1.2813548282e-03,1.816629e-02,1.5065932559e+00,0.0690,4.6783e-03
3912.731,1.2813736218e-03,1.816886e-02,1.5065932559e+00,0.0690,4.7352e-03
3913.327,1.2813898539e-03,1.817138e-02,1.5065932559e+00,0.0690,4.7807e-03
3913.924,1.2814038905e-03,1.817386e-02,1.5065932559e+00,0.0690,4.8138e-03
3914.520,1.2814160291e-03,1.817630e-02,1.5065932559e+00,0.0690,4.8339e-03
3915.117,1.2814264526e-03,1.817866e-02,1.5065932559e+00,0.0690,4.8404e-03
3915.713,1.2814351926e-03,1.818094e-02,1.5065932559e+00,0.0690,4.8330e-03
3916.310,1.2814421234e-03,1.818308e-02,1.5065932559e+00,0.0690,4.8113e-03
3916.906,1.2814469966e-03,1.818502e-02,1.5065932559e+00,0.0690,4.7752e-03
3917.503,1.2814495044e-03,1.818667e-02,1.5065932559e+00,0.0690,4.7247e-03
3918.100,1.2814493459e-03,1.818795e-02,1.5065932559e+00,0.0690,4.6597e-03
3918.696,1.2814462750e-03,1.818873e-02,1.5065932559e+00,0.0690,4.5805e-03
3919.293,1.2814401259e-03,1.818891e-02,1.5065932559e+00,0.0690,4.4874e-03
3919.889,1.2814308255e-03,1.818838e-02,1.5065932559e+00,0.0690,4.3807e-03
3920.486,1.2814184047e-03,1.818703e-02,1.5065932559e+00,0.0690,4.2609e-03
3921.082,1.2814030138e-03,1.818477e-02,1.5065932559e+00,0.0690,4.1285e-03
3921.679,1.2813849298e-03,1.818154e-02,1.5065932559e+00,0.0690,3.9840e-03
3922.275,1.2813645412e-03,1.817748e-02,1.5065932559e+00,0.0690,3.8284e-03
3922.872,1.2813423028e-03,1.817276e-02,1.5065932559e+00,0.0690,3.6622e-03
3923.468,1.2813186713e-03,1.816758e-02,1.5065932559e+00,0.0690,3.4865e-03
3924.065,1.2812940468e-03,1.816179e-02,1.5065932559e+00,0.0690,3.3019e-03
3924.661,1.2812687439e-03,1.815509e-02,1.5065932559e+00,0.0690,3.1094e-03
3925.258,1.2812430034e-03,1.814739e-02,1.5065932559e+00,0.0690,2.9093e-03
3925.855,1.2812170290e-03,1.813864e-02,1.5065932559e+00,0.0690,2.7017e-03
3926.451,1.2811910271e-03,1.812888e-02,1.5065932559e+00,0.0690,2.4873e-03
3927.048,1.2811652213e-03,1.811813e-02,1.5065932559e+00,0.0690,2.2672e-03
3927.644,1.2811398352e-03,1.810645e-02,1.5065932559e+00,0.0690,2.0430e-03
3928.241,1.2811150499e-03,1.809411e-02,1.5065932559e+00,0.0690,1.8160e-03
3928.837,1.2810909616e-03,1.808161e-02,1.5065932559e+00,0.0690,1.5876e-03
3929.434,1.2810675587e-03,1.806942e-02,1.5065932559e+00,0.0690,1.6437e-03
3930.030,1.2810447326e-03,1.805791e-02,1.5065932559e+00,0.0690,1.7647e-03
3930.627,1.2810223155e-03,1.804734e-02,1.5065932559e+00,0.0690,1.8808e-03
3931.223,1.2810001302e-03,1.803767e-02,1.5065932559e+00,0.0690,1.9916e-03
3931.820,1.2809780279e-03,1.802880e-02,1.5065932559e+00,0.0690,2.0968e-03
3932.417,1.2809559019e-03,1.802063e-02,1.5065932559e+00,0.0690,2.1959e-03
3933.013,1.2809336707e-03,1.801306e-02,1.5065932559e+00,0.0690,2.2886e-03
3933.610,1.2809112394e-03,1.800596e-02,1.5065932559e+00,0.0690,2.3754e-03
3934.206,1.2808884523e-03,1.799920e-02,1.5065932559e+00,0.0690,2.4574e-03
3934.803,1.2808650501e-03,1.799280e-02,1.5065932559e+00,0.0690,2.5318e-03
3935.399,1.2808406450e-03,1.798679e-02,1.5065932559e+00,0.0690,2.5966e-03
3935.996,1.2808147224e-03,1.798125e-02,1.5065932559e+00,0.0690,2.6504e-03
3936.592,1.2807866744e-03,1.797638e-02,1.5065932559e+00,0.0690,2.6911e-03
3937.189,1.2807558611e-03,1.797236e-02,1.5065932559e+00,0.0690,2.7185e-03
3937.785,1.2807216918e-03,1.796931e-02,1.5065932559e+00,0.0690,2.7336e-03
3938.382,1.2806837070e-03,1.796736e-02,1.5065932559e+00,0.0690,2.7378e-03
3938.979,1.2806416425e-03,1.796661e-02,1.5065932559e+00,0.0690,2.7319e-03
3939.575,1.2805954640e-03,1.796713e-02,1.5065932559e+00,0.0690,2.7171e-03
3940.172,1.2805453666e-03,1.796895e-02,1.5065932559e+00,0.0690,2.6941e-03
3940.768,1.2804917476e-03,1.797209e-02,1.5065932559e+00,0.0690,2.6634e-03
3941.365,1.2804351597e-03,1.797652e-02,1.5065932559e+00,0.0690,2.6257e-03
3941.961,1.2803762570e-03,1.798217e-02,1.5065932559e+00,0.0690,2.5817e-03
3942.558,1.2803157377e-03,1.798892e-02,1.5065932559e+00,0.0690,2.5321e-03
3943.154,1.2802542873e-03,1.799660e-02,1.5065932559e+00,0.0690,2.4776e-03
3943.751,1.2801925221e-03,1.800504e-02,1.5065932559e+00,0.0690,2.4188e-03
3944.347,1.2801309382e-03,1.801405e-02,1.5065932559e+00,0.0690,2.3562e-03
3944.944,1.2800698740e-03,1.802344e-02,1.5065932559e+00,0.0690,2.2900e-03
3945.541,1.2800094983e-03,1.803301e-02,1.5065932559e+00,0.0690,2.2207e-03
3946.137,1.2799497969e-03,1.804258e-02,1.5065932559e+00,0.0690,2.1484e-03
3946.734,1.2798906045e-03,1.805199e-02,1.5065932559e+00,0.0690,2.0733e-03
3947.330,1.2798316867e-03,1.806108e-02,1.5065932559e+00,0.0690,1.9955e-03
3947.927,1.2797728255e-03,1.806973e-02,1.5065932559e+00,0.0690,1.9149e-03
3948.523,1.2797138700e-03,1.807770e-02,1.5065932559e+00,0.0690,1.8318e-03
3949.120,1.2796547353e-03,1.808476e-02,1.5065932559e+00,0.0690,1.7462e-03
3949.716,1.2795953622e-03,1.809071e-02,1.5065932559e+00,0.0690,1.6580e-03
3950.313,1.2795356620e-03,1.809546e-02,1.5065932559e+00,0.0690,1.5672e-03
3950.909,1.2794754646e-03,1.809929e-02,1.5065932559e+00,0.0690,1.4737e-03
3951.506,1.2794145706e-03,1.810243e-02,1.5065932559e+00,0.0690,1.3773e-03
3952.103,1.2793527452e-03,1.810508e-02,1.5065932559e+00,0.0690,1.2781e-03
3952.699,1.2792896802e-03,1.810730e-02,1.5065932559e+00,0.0690,1.1761e-03
3953.296,1.2792250602e-03,1.810903e-02,1.5065932559e+00,0.0690,1.0718e-03
3953.892,1.2791587289e-03,1.811020e-02,1.5065932559e+00,0.0690,9.6543e-04
3954.489,1.2790908713e-03,1.811068e-02,1.5065932559e+00,0.0690,8.5620e-04
3955.085,1.2790221147e-03,1.811035e-02,1.5065932559e+00,0.0690,7.4557e-04
3955.682,1.2789534911e-03,1.810901e-02,1.5065932559e+00,0.0690,6.3733e-04
3956.278,1.2788862677e-03,1.810658e-02,1.5065932559e+00,0.0690,5.3278e-04
3956.875,1.2788217099e-03,1.810307e-02,1.5065932559e+00,0.0690,4.3188e-04
3957.471,1.2787608554e-03,1.809849e-02,1.5065932559e+00,0.0690,5.8184e-04
3958.068,1.2787043567e-03,1.809282e-02,1.5065932559e+00,0.0690,7.4306e-04
3958.664,1.2786524099e-03,1.808593e-02,1.5065932559e+00,0.0690,9.0859e-04
3959.261,1.2786047668e-03,1.807772e-02,1.5065932559e+00,0.0690,1.0762e-03
3959.858,1.2785608182e-03,1.806821e-02,1.5065932559e+00,0.0690,1.2442e-03
3960.454,1.2785197412e-03,1.805751e-02,1.5065932559e+00,0.0690,1.4110e-03
3961.051,1.2784806990e-03,1.804578e-02,1.5065932559e+00,0.0690,1.5756e-03
3961.647,1.2784430670e-03,1.803321e-02,1.5065932559e+00,0.0690,1.7371e-03
3962.244,1.2784066396e-03,1.802000e-02,1.5065932559e+00,0.0690,1.8947e-03
3962.840,1.2783717642e-03,1.800636e-02,1.5065932559e+00,0.0690,2.0479e-03
3963.437,1.2783393660e-03,1.799253e-02,1.5065932559e+00,0.0690,2.1960e-03
3964.033,1.2783108528e-03,1.797868e-02,1.5065932559e+00,0.0690,2.3387e-03
3964.630,1.2782879285e-03,1.796497e-02,1.5065932559e+00,0.0690,2.4754e-03
3965.226,1.2782723612e-03,1.795154e-02,1.5065932559e+00,0.0690,2.6057e-03
3965.823,1.2782657538e-03,1.793848e-02,1.5065932559e+00,0.0690,2.7291e-03
3966.420,1.2782693536e-03,1.792589e-02,1.5065932559e+00,0.0690,2.8453e-03
3967.016,1.2782839174e-03,1.791384e-02,1.5065932559e+00,0.0690,2.9538e-03
3967.613,1.2783096350e-03,1.790239e-02,1.5065932559e+00,0.0690,3.0544e-03
3968.209,1.2783461194e-03,1.789162e-02,1.5065932559e+00,0.0690,3.1467e-03
3968.806,1.2783924526e-03,1.788159e-02,1.5065932559e+00,0.0690,3.2305e-03
3969.402,1.2784472828e-03,1.787236e-02,1.5065932559e+00,0.0690,3.3057e-03
3969.999,1.2785089756e-03,1.786401e-02,1.5065932559e+00,0.0690,3.3723e-03
3970.595,1.2785758090e-03,1.785667e-02,1.5065932559e+00,0.0690,3.4301e-03
3971.192,1.2786461843e-03,1.785043e-02,1.5065932559e+00,0.0690,3.4793e-03
3971.788,1.2787188098e-03,1.784538e-02,1.5065932559e+00,0.0690,3.5200e-03
3972.385,1.2787928166e-03,1.784161e-02,1.5065932559e+00,0.0690,3.5524e-03
3972.982,1.2788677819e-03,1.783922e-02,1.5065932559e+00,0.0690,3.5768e-03
3973.578,1.2789436678e-03,1.783828e-02,1.5065932559e+00,0.0690,3.5934e-03
3974.175,1.2790207042e-03,1.783887e-02,1.5065932559e+00,0.0690,3.6025e-03
3974.771,1.2790992642e-03,1.784108e-02,1.5065932559e+00,0.0690,3.6045e-03
3975.368,1.2791797690e-03,1.784495e-02,1.5065932559e+00,0.0690,3.5997e-03
3975.964,1.2792626418e-03,1.785051e-02,1.5065932559e+00,0.0690,3.5885e-03
3976.561,1.2793482995e-03,1.785764e-02,1.5065932559e+00,0.0690,3.5712e-03
3977.157,1.2794371581e-03,1.786618e-02,1.5065932559e+00,0.0690,3.5482e-03
3977.754,1.2795296178e-03,1.787605e-02,1.5065932559e+00,0.0690,3.5195e-03
3978.350,1.2796260145e-03,1.788715e-02,1.5065932559e+00,0.0690,3.4853e-03
3978.947,1.2797265386e-03,1.789942e-02,1.5065932559e+00,0.0690,3.4458e-03
3979.544,1.2798311479e-03,1.791279e-02,1.5065932559e+00,0.0690,3.4017e-03
3980.140,1.2799395043e-03,1.792721e-02,1.5065932559e+00,0.0690,3.3537e-03
3980.737,1.2800509652e-03,1.794261e-02,1.5065932559e+00,0.0690,3.3028e-03
3981.333,1.2801646363e-03,1.795893e-02,1.5065932559e+00,0.0690,3.2500e-03
3981.930,1.2802794811e-03,1.797608e-02,1.5065932559e+00,0.0690,3.1961e-03
3982.526,1.2803944590e-03,1.799393e-02,1.5065932559e+00,0.0690,3.1422e-03
3983.123,1.2805086622e-03,1.801242e-02,1.5065932559e+00,0.0690,3.0890e-03
3983.719,1.2806214228e-03,1.803146e-02,1.5065932559e+00,0.0690,3.0374e-03
3984.316,1.2807323823e-03,1.805098e-02,1.5065932559e+00,0.0690,2.9877e-03
3984.912,1.2808414854e-03,1.807092e-02,1.5065932559e+00,0.0690,2.9403e-03
3985.509,1.2809489344e-03,1.809118e-02,1.5065932559e+00,0.0690,2.8957e-03
3986.106,1.2810551362e-03,1.811164e-02,1.5065932559e+00,0.0690,2.8540e-03
3986.702,1.2811605845e-03,1.813217e-02,1.5065932559e+00,0.0690,2.8155e-03
3987.299,1.2812657061e-03,1.815261e-02,1.5065932559e+00,0.0690,2.7806e-03
3987.895,1.2813707287e-03,1.817282e-02,1.5065932559e+00,0.0690,2.7496e-03
3988.492,1.2814756031e-03,1.819263e-02,1.5065932559e+00,0.0690,2.7227e-03
3989.088,1.2815799638e-03,1.821188e-02,1.5065932559e+00,0.0690,2.7002e-03
3989.685,1.2816830995e-03,1.823039e-02,1.5065932559e+00,0.0690,2.6821e-03
3990.281,1.2817839266e-03,1.824797e-02,1.5065932559e+00,0.0690,2.6685e-03
3990.878,1.2818809830e-03,1.826442e-02,1.5065932559e+00,0.0690,2.6593e-03
3991.474,1.2819724786e-03,1.827963e-02,1.5065932559e+00,0.0690,2.6545e-03
3992.071,1.2820564169e-03,1.829354e-02,1.5065932559e+00,0.0690,2.6536e-03
3992.667,1.2821307772e-03,1.830610e-02,1.5065932559e+00,0.0690,2.6559e-03
3993.264,1.2821937144e-03,1.831728e-02,1.5065932559e+00,0.0690,2.6607e-03
3993.861,1.2822437356e-03,1.832705e-02,1.5065932559e+00,0.0690,2.6671e-03
3994.457,1.2822798266e-03,1.833539e-02,1.5065932559e+00,0.0690,2.6742e-03
3995.054,1.2823015264e-03,1.834226e-02,1.5065932559e+00,0.0690,2.6807e-03
3995.650,1.2823089594e-03,1.834758e-02,1.5065932559e+00,0.0690,2.6856e-03
3996.247,1.2823028327e-03,1.835129e-02,1.5065932559e+00,0.0690,2.6879e-03
3996.843,1.2822843936e-03,1.835331e-02,1.5065932559e+00,0.0690,2.6867e-03
3997.440,1.2822553383e-03,1.835356e-02,1.5065932559e+00,0.0690,2.6817e-03
3998.036,1.2822176665e-03,1.835198e-02,1.5065932559e+00,0.0690,2.6723e-03
3998.633,1.2821734994e-03,1.834856e-02,1.5065932559e+00,0.0690,2.6581e-03
3999.229,1.2821248896e-03,1.834329e-02,1.5065932559e+00,0.0690,2.6389e-03
3999.826,1.2820736491e-03,1.833623e-02,1.5065932559e+00,0.0690,2.6145e-03
