t,rhoc,errD,Mb,fd_fraction,vatm
0.000,1.2799999997e-03,3.845361e-07,1.5060799899e+00,0.0351,0.0000e+00
0.578,1.2795089239e-03,4.798492e-04,1.5060799899e+00,0.0702,6.7743e-02
1.156,1.2790414552e-03,1.271580e-03,1.5060799899e+00,0.0702,7.9753e-02
1.734,1.2785760563e-03,2.118259e-03,1.5060799899e+00,0.0702,8.1075e-02
2.312,1.2780820856e-03,2.883582e-03,1.5060799899e+00,0.0702,7.9077e-02
2.890,1.2776169446e-03,3.525167e-03,1.5060799899e+00,0.0702,8.5007e-02
3.468,1.2772356696e-03,4.097513e-03,1.5060799899e+00,0.0702,8.4169e-02
4.046,1.2769142582e-03,4.728129e-03,1.5060799899e+00,0.0702,8.0650e-02
4.624,1.2765876901e-03,5.531755e-03,1.5060799899e+00,0.0702,7.6378e-02
5.202,1.2762334565e-03,6.576995e-03,1.5060799899e+00,0.0702,7.9097e-02
5.780,1.2758974188e-03,7.880402e-03,1.5060799899e+00,0.0702,7.4109e-02
6.358,1.2756399494e-03,9.433007e-03,1.5060799899e+00,0.0702,6.8569e-02
6.936,1.2754711562e-03,1.124850e-02,1.5060799899e+00,0.0702,6.2792e-02
7.514,1.2753482232e-03,1.330913e-02,1.5060799899e+00,0.1053,6.4129e-02
8.092,1.2752299714e-03,1.558179e-02,1.5060799899e+00,0.1053,5.8277e-02
8.670,1.2751204671e-03,1.794393e-02,1.5060799899e+00,0.1053,5.2235e-02
9.248,1.2750558590e-03,2.033748e-02,1.5060799899e+00,0.1053,5.3387e-02
9.826,1.2750583207e-03,2.194482e-02,1.5060799899e+00,0.1404,5.7217e-02
10.404,1.2751135229e-03,2.281742e-02,1.5060799899e+00,0.1053,6.0433e-02
10.982,1.2751919915e-03,2.423809e-02,1.5060799899e+00,0.1053,6.2980e-02
11.560,1.2752820581e-03,2.557244e-02,1.5060799899e+00,0.1053,6.5918e-02
12.138,1.2753958842e-03,2.684351e-02,1.5060799899e+00,0.1053,6.9682e-02
12.716,1.2755477000e-03,2.807116e-02,1.5060799899e+00,0.1053,7.4127e-02
13.294,1.2757344377e-03,2.927550e-02,1.5060799899e+00,0.1053,7.8871e-02
13.872,1.2759401748e-03,3.047136e-02,1.5060799899e+00,0.1053,8.3567e-02
14.450,1.2761541643e-03,3.165671e-02,1.5060799899e+00,0.1053,8.7947e-02
15.028,1.2763785656e-03,3.282394e-02,1.5060799899e+00,0.1053,9.2013e-02
15.606,1.2766189103e-03,3.396656e-02,1.5060799899e+00,0.1053,9.5998e-02
16.184,1.2768721960e-03,3.507284e-02,1.5060799899e+00,0.1053,1.0023e-01
16.762,1.2771281606e-03,3.612834e-02,1.5060799899e+00,0.1053,1.0437e-01
17.340,1.2773807641e-03,3.712707e-02,1.5060799965e+00,0.1404,1.0840e-01
17.918,1.2776338736e-03,3.806431e-02,1.5060799965e+00,0.1404,1.1228e-01
18.496,1.2778934380e-03,3.895036e-02,1.5060799965e+00,0.1404,1.1513e-01
19.074,1.2781560122e-03,3.977034e-02,1.5060799965e+00,0.1053,1.1615e-01
19.652,1.2784084807e-03,4.054592e-02,1.5060799965e+00,0.1053,1.1555e-01
20.231,1.2786405433e-03,4.126480e-02,1.5060799965e+00,0.1053,1.1317e-01
20.809,1.2788559013e-03,4.192145e-02,1.5060799965e+00,0.1053,1.0801e-01
21.387,1.2790687396e-03,4.250805e-02,1.5060799965e+00,0.1053,1.0056e-01
21.965,1.2792881886e-03,4.301646e-02,1.5060799965e+00,0.1053,9.7899e-02
22.543,1.2795069647e-03,4.343733e-02,1.5060799965e+00,0.1053,9.2674e-02
23.121,1.2797064358e-03,4.353312e-02,1.5060858260e+00,0.1404,9.9753e-02
23.699,1.2798734825e-03,4.357103e-02,1.5060858260e+00,0.1404,8.4383e-02
24.277,1.2800126778e-03,4.344250e-02,1.5060858260e+00,0.1404,7.9836e-02
24.855,1.2801421652e-03,4.315351e-02,1.5060858260e+00,0.1404,7.4249e-02
25.433,1.2802775836e-03,4.271890e-02,1.5060858260e+00,0.1404,7.8124e-02
26.011,1.2804191347e-03,4.215086e-02,1.5060858260e+00,0.1404,7.2231e-02
26.589,1.2805525833e-03,4.146296e-02,1.5060858260e+00,0.1404,6.5877e-02
27.167,1.2806617314e-03,4.066712e-02,1.5060858260e+00,0.1404,6.7192e-02
27.745,1.2807407944e-03,3.978028e-02,1.5060858260e+00,0.1404,6.1140e-02
28.323,1.2807972332e-03,3.882937e-02,1.5060858260e+00,0.1404,5.4792e-02
28.901,1.2808450184e-03,3.836958e-02,1.5060858260e+00,0.1404,5.3755e-02
29.479,1.2808952893e-03,3.752600e-02,1.5060858260e+00,0.1404,4.8535e-02
30.057,1.2809507306e-03,3.678935e-02,1.5060858260e+00,0.1404,4.9160e-02
30.635,1.2810051536e-03,3.614976e-02,1.5060858260e+00,0.1404,4.9004e-02
31.213,1.2810467730e-03,3.444706e-02,1.5060858260e+00,0.1754,4.9458e-02
31.791,1.2810639010e-03,3.506288e-02,1.5060858260e+00,0.1404,5.4686e-02
32.369,1.2810525406e-03,3.467166e-02,1.5060858260e+00,0.1404,5.9726e-02
32.947,1.2810238648e-03,3.434114e-02,1.5060858260e+00,0.1404,6.4589e-02
33.525,1.2810064971e-03,3.407525e-02,1.5060858260e+00,0.1404,6.9284e-02
34.103,1.2810379089e-03,3.388129e-02,1.5060858260e+00,0.1404,7.3804e-02
34.681,1.2811440021e-03,3.376347e-02,1.5060858260e+00,0.1404,7.8128e-02
35.259,1.2813146182e-03,3.372308e-02,1.5060858260e+00,0.1404,8.2161e-02
35.837,1.2814896373e-03,3.376233e-02,1.5060858260e+00,0.1404,8.5665e-02
36.415,1.2815688713e-03,3.387882e-02,1.5060858260e+00,0.1404,8.8597e-02
36.993,1.2814483054e-03,3.406648e-02,1.5060858260e+00,0.1404,9.0811e-02
37.571,1.2810710115e-03,3.431946e-02,1.5060858357e+00,0.1754,8.6896e-02
38.149,1.2804726404e-03,3.463706e-02,1.5060858357e+00,0.1754,8.5404e-02
38.727,1.2797999761e-03,3.501969e-02,1.5060858357e+00,0.1754,9.0782e-02
39.305,1.2792933153e-03,3.546818e-02,1.5060858357e+00,0.1754,9.5556e-02
39.883,1.2792395558e-03,3.586697e-02,1.5060858357e+00,0.1404,1.0016e-01
40.461,1.2799120378e-03,3.642399e-02,1.5060858357e+00,0.1404,1.0765e-01
41.039,1.2815154335e-03,3.704177e-02,1.5060858357e+00,0.1404,1.0869e-01
41.617,1.2841484173e-03,3.770962e-02,1.5060858357e+00,0.1404,1.0877e-01
42.195,1.2877840524e-03,3.841671e-02,1.5060858357e+00,0.1404,1.0747e-01
42.773,1.2922553837e-03,3.915363e-02,1.5060858357e+00,0.1404,1.0599e-01
43.351,1.2972396939e-03,3.991360e-02,1.5060858357e+00,0.1404,1.1043e-01
43.929,1.3022466434e-03,4.069248e-02,1.5060858357e+00,0.1404,1.1719e-01
44.507,1.3066402375e-03,4.148887e-02,1.5060858357e+00,0.1404,1.2388e-01
45.085,1.3097243467e-03,4.229292e-02,1.5060897986e+00,0.1404,1.3085e-01
45.663,1.3108889294e-03,4.281399e-02,1.5060897986e+00,0.1404,1.2952e-01
46.241,1.3097741374e-03,4.341817e-02,1.5060897986e+00,0.1404,1.3104e-01
46.819,1.3063791510e-03,4.393929e-02,1.5060897986e+00,0.1404,1.1857e-01
47.397,1.3010595777e-03,4.439317e-02,1.5060897986e+00,0.1404,8.4413e-02
47.975,1.2944204098e-03,4.479242e-02,1.5060897986e+00,0.1404,8.9943e-02
48.553,1.2871633444e-03,4.514164e-02,1.5060897986e+00,0.1404,7.6522e-02
49.131,1.2799534183e-03,4.544174e-02,1.5060897986e+00,0.1404,8.1323e-02
49.709,1.2733332422e-03,4.569301e-02,1.5060897986e+00,0.1404,8.5380e-02
50.287,1.2676943899e-03,4.589550e-02,1.5060897986e+00,0.1404,8.3138e-02
50.865,1.2632778774e-03,4.604975e-02,1.5060897986e+00,0.1404,6.1775e-02
51.443,1.2601775327e-03,4.615758e-02,1.5060897986e+00,0.1404,6.0288e-02
52.021,1.2583565663e-03,4.622237e-02,1.5060897986e+00,0.1404,6.5473e-02
52.599,1.2576726900e-03,4.624878e-02,1.5060897986e+00,0.1404,7.0170e-02
53.177,1.2579032823e-03,4.624190e-02,1.5060897986e+00,0.1404,6.3599e-02
53.755,1.2587638144e-03,4.620708e-02,1.5060897986e+00,0.1404,5.6176e-02
54.333,1.2599254549e-03,4.615188e-02,1.5060897986e+00,0.1404,5.2376e-02
54.911,1.2610406840e-03,4.608369e-02,1.5060897986e+00,0.1404,5.1655e-02
55.489,1.2617850880e-03,4.600910e-02,1.5060897986e+00,0.1053,5.3415e-02
56.067,1.2619083527e-03,4.593253e-02,1.5060897986e+00,0.1053,5.6999e-02
56.645,1.2612715288e-03,4.585670e-02,1.5060897986e+00,0.1053,6.2280e-02
57.223,1.2598535005e-03,4.578366e-02,1.5060897986e+00,0.1053,5.1894e-02
57.801,1.2577303507e-03,4.571406e-02,1.5060899504e+00,0.1404,5.6997e-02
58.379,1.2550448065e-03,4.564826e-02,1.5060899504e+00,0.1404,6.1765e-02
58.957,1.2519806702e-03,4.558609e-02,1.5060899504e+00,0.1404,6.6234e-02
59.536,1.2487463408e-03,4.552788e-02,1.5060899504e+00,0.1404,7.0470e-02
60.114,1.2455642091e-03,4.547567e-02,1.5060899504e+00,0.1404,7.4464e-02
60.692,1.2426640201e-03,4.543310e-02,1.5060899504e+00,0.1404,7.8225e-02
61.270,1.2402758971e-03,4.540451e-02,1.5060899504e+00,0.1404,8.2013e-02
61.848,1.2386249716e-03,4.539390e-02,1.5060899504e+00,0.1404,8.8171e-02
62.426,1.2379273796e-03,4.540415e-02,1.5060899504e+00,0.1404,9.4431e-02
63.004,1.2383608793e-03,4.543678e-02,1.5060899504e+00,0.1404,9.9739e-02
63.582,1.2400392637e-03,4.549206e-02,1.5060899504e+00,0.1404,1.0413e-01
64.160,1.2429978430e-03,4.556944e-02,1.5060899504e+00,0.1404,1.0782e-01
64.738,1.2471953163e-03,4.566800e-02,1.5060899504e+00,0.1404,1.1112e-01
65.316,1.2525448162e-03,4.578676e-02,1.5060899504e+00,0.1404,1.1429e-01
65.894,1.2589772441e-03,4.592483e-02,1.5060899504e+00,0.1404,1.1752e-01
66.472,1.2665175397e-03,4.608139e-02,1.5060899504e+00,0.1404,1.2087e-01
67.050,1.2753377118e-03,4.625543e-02,1.5060899504e+00,0.1404,1.2432e-01
67.628,1.2857435509e-03,4.644566e-02,1.5060899504e+00,0.1404,1.2765e-01
68.206,1.2980589029e-03,4.665041e-02,1.5060899504e+00,0.1404,1.3053e-01
68.784,1.3123768837e-03,4.686718e-02,1.5060899504e+00,0.1404,1.3160e-01
69.362,1.3282080925e-03,4.709290e-02,1.5060899504e+00,0.1404,1.2466e-01
69.940,1.3442052595e-03,4.732419e-02,1.5060899504e+00,0.1404,1.1068e-01
70.518,1.3582361755e-03,4.755700e-02,1.5060899504e+00,0.1404,1.1544e-01
71.096,1.3679546782e-03,4.778697e-02,1.5060899504e+00,0.1404,1.1884e-01
71.674,1.3716665612e-03,4.800979e-02,1.5060899504e+00,0.1404,1.2001e-01
72.252,1.3690138834e-03,4.822155e-02,1.5060899504e+00,0.1404,1.1778e-01
72.830,1.3610298745e-03,4.841901e-02,1.5060899504e+00,0.1404,1.1508e-01
73.408,1.3495630592e-03,4.860008e-02,1.5060899504e+00,0.1404,1.1296e-01
73.986,1.3365365268e-03,4.876384e-02,1.5060899504e+00,0.1404,1.0951e-01
74.564,1.3234773502e-03,4.891064e-02,1.5060899504e+00,0.1404,1.0578e-01
75.142,1.3114121647e-03,4.904196e-02,1.5060899504e+00,0.1404,1.0301e-01
75.720,1.3009509523e-03,4.916063e-02,1.5060899504e+00,0.1404,1.0138e-01
76.298,1.2923564074e-03,4.927036e-02,1.5060899504e+00,0.1404,1.0070e-01
76.876,1.2855911289e-03,4.937486e-02,1.5060899504e+00,0.1404,1.0081e-01
77.454,1.2804091223e-03,4.724325e-02,1.5060899504e+00,0.1754,1.0182e-01
78.032,1.2764676002e-03,4.942514e-02,1.5060899504e+00,0.1404,1.0382e-01
78.610,1.2734460305e-03,4.947857e-02,1.5060899504e+00,0.1404,1.0693e-01
79.188,1.2711068731e-03,4.955242e-02,1.5060899504e+00,0.1404,1.1123e-01
79.766,1.2692779890e-03,4.963774e-02,1.5060899504e+00,0.1404,1.1610e-01
80.344,1.2678099030e-03,4.973046e-02,1.5060899504e+00,0.1404,1.2024e-01
80.922,1.2665637194e-03,4.982901e-02,1.5060899504e+00,0.1404,1.2259e-01
81.500,1.2654376488e-03,4.993313e-02,1.5060899504e+00,0.1404,1.2359e-01
82.078,1.2643928234e-03,5.004326e-02,1.5060899504e+00,0.1053,1.2392e-01
82.656,1.2634398658e-03,5.016017e-02,1.5060899504e+00,0.1053,1.2419e-01
83.234,1.2625970000e-03,5.028485e-02,1.5060899504e+00,0.1053,1.2446e-01
83.812,1.2618599413e-03,5.041853e-02,1.5060899504e+00,0.1053,1.2479e-01
84.390,1.2612050265e-03,4.835972e-02,1.5060899504e+00,0.1404,1.2253e-01
84.968,1.2606115994e-03,5.055315e-02,1.5060899504e+00,0.1053,1.2657e-01
85.546,1.2600771177e-03,5.066660e-02,1.5060899504e+00,0.0702,1.1090e-01
86.124,1.2596134698e-03,5.081858e-02,1.5060899504e+00,0.0702,1.1799e-01
86.702,1.2592332513e-03,4.921374e-02,1.5060899504e+00,0.1053,1.2225e-01
87.280,1.2589410555e-03,5.107629e-02,1.5060899504e+00,0.0702,1.1642e-01
87.858,1.2587362849e-03,5.126807e-02,1.5060899504e+00,0.0702,2.9778e-02
88.436,1.2586223918e-03,5.150769e-02,1.5060899504e+00,0.0702,2.7901e-02
89.014,1.2586135126e-03,5.178286e-02,1.5060899504e+00,0.0702,2.6056e-02
89.592,1.2587341679e-03,5.208207e-02,1.5060899504e+00,0.0702,2.4217e-02
90.170,1.2590144064e-03,5.239228e-02,1.5060899504e+00,0.0702,2.2419e-02
90.748,1.2594851427e-03,5.269882e-02,1.5060899504e+00,0.0702,2.0675e-02
91.326,1.2601761845e-03,5.298608e-02,1.5060899504e+00,0.0702,1.9011e-02
91.904,1.2611148844e-03,5.323822e-02,1.5060899504e+00,0.0702,1.7525e-02
92.482,1.2623248297e-03,5.344066e-02,1.5060899504e+00,0.0702,2.2579e-02
93.060,1.2638269217e-03,5.358100e-02,1.5060899504e+00,0.0702,2.9089e-02
93.638,1.2656325430e-03,5.364994e-02,1.5060899504e+00,0.0702,3.5822e-02
94.216,1.2677367924e-03,5.364232e-02,1.5060899504e+00,0.0702,4.2809e-02
94.794,1.2701130593e-03,5.355713e-02,1.5060899504e+00,0.0702,4.9925e-02
95.372,1.2727121848e-03,5.339749e-02,1.5060899504e+00,0.0702,5.7140e-02
95.950,1.2754640896e-03,5.317075e-02,1.5060899504e+00,0.0702,6.4425e-02
96.528,1.2782799042e-03,5.288822e-02,1.5060899504e+00,0.0702,7.1754e-02
97.106,1.2810560519e-03,5.256398e-02,1.5060899504e+00,0.0702,7.9109e-02
97.684,1.2836807070e-03,5.221280e-02,1.5060899504e+00,0.0702,8.6475e-02
98.262,1.2860411115e-03,5.184764e-02,1.5060899504e+00,0.0702,9.3839e-02
98.841,1.2880311931e-03,5.147720e-02,1.5060899504e+00,0.0702,1.0119e-01
99.419,1.2895611923e-03,5.110483e-02,1.5060899504e+00,0.0702,1.0854e-01
99.997,1.2905701804e-03,5.072925e-02,1.5060899504e+00,0.0702,1.1587e-01
100.575,1.2910380019e-03,5.034616e-02,1.5060899504e+00,0.0702,1.2319e-01
101.153,1.2909900239e-03,4.994989e-02,1.5060899504e+00,0.0702,1.3049e-01
101.731,1.2904905890e-03,4.953441e-02,1.5060899504e+00,0.0702,1.3779e-01
102.309,1.2896279964e-03,4.909381e-02,1.5060899504e+00,0.0702,1.4516e-01
102.887,1.2884989481e-03,4.862251e-02,1.5060899504e+00,0.0702,1.5257e-01
103.465,1.2871992763e-03,4.811586e-02,1.5060899504e+00,0.0702,1.5996e-01
104.043,1.2858215787e-03,4.757283e-02,1.5060899504e+00,0.0702,1.6733e-01
104.621,1.2844549819e-03,4.699686e-02,1.5060899504e+00,0.0702,1.7469e-01
105.199,1.2831818290e-03,4.639980e-02,1.5060899504e+00,0.0702,1.8204e-01
105.777,1.2820698115e-03,4.580408e-02,1.5060899504e+00,0.0702,1.8936e-01
106.355,1.2811623269e-03,4.524145e-02,1.5060899504e+00,0.0702,1.9666e-01
106.933,1.2804718855e-03,4.474994e-02,1.5060899504e+00,0.0702,4.7925e-02
107.511,1.2799805279e-03,4.437103e-02,1.5060899504e+00,0.0702,4.1470e-02
108.089,1.2796488619e-03,4.414369e-02,1.5060899504e+00,0.0702,3.5780e-02
108.667,1.2794305339e-03,4.409931e-02,1.5060899504e+00,0.0702,3.0982e-02
109.245,1.2792858060e-03,4.425652e-02,1.5060899504e+00,0.0702,2.7578e-02
109.823,1.2791897679e-03,4.461890e-02,1.5060899504e+00,0.0702,2.4528e-02
110.401,1.2791333703e-03,4.296658e-02,1.5060899504e+00,0.1053,2.5334e-02
110.979,1.2791179856e-03,4.355622e-02,1.5060899504e+00,0.1053,3.1734e-02
111.557,1.2791470752e-03,4.431785e-02,1.5060899504e+00,0.1053,3.8451e-02
112.135,1.2792194731e-03,4.710243e-02,1.5060899504e+00,0.0702,4.5399e-02
112.713,1.2793264312e-03,4.808356e-02,1.5060899504e+00,0.0702,5.2538e-02
113.291,1.2794510569e-03,4.917829e-02,1.5060899504e+00,0.0702,5.9821e-02
113.869,1.2795679784e-03,4.870161e-02,1.5060899504e+00,0.1053,6.7206e-02
114.447,1.2796441201e-03,5.132944e-02,1.5060899504e+00,0.0702,7.4654e-02
115.025,1.2796443053e-03,5.172007e-02,1.5060899504e+00,0.0351,8.2138e-02
115.603,1.2795436975e-03,5.271129e-02,1.5060899504e+00,0.0351,7.9613e-02
116.181,1.2793430719e-03,5.367987e-02,1.5060899504e+00,0.0351,9.5977e-02
116.759,1.2790778716e-03,5.460875e-02,1.5060899504e+00,0.0351,1.1217e-01
117.337,1.2788133394e-03,5.549022e-02,1.5060899504e+00,0.0351,1.3020e-01
117.915,1.2786256601e-03,5.632762e-02,1.5060899504e+00,0.0351,1.4686e-01
118.493,1.2785771038e-03,5.713298e-02,1.5060899504e+00,0.0351,1.6143e-01
119.071,1.2786962126e-03,5.790745e-02,1.5060899504e+00,0.0351,1.7323e-01
119.649,1.2789703899e-03,5.863870e-02,1.5060899504e+00,0.0351,1.8362e-01
120.227,1.2793513815e-03,5.930238e-02,1.5060899504e+00,0.0351,1.9752e-01
120.805,1.2797692254e-03,5.987044e-02,1.5060899504e+00,0.0351,2.3324e-01
121.383,1.2801491025e-03,6.031498e-02,1.5060923843e+00,0.0702,1.0463e-01
121.961,1.2804268975e-03,6.006527e-02,1.5060923843e+00,0.1053,1.0731e-01
122.539,1.2805611644e-03,5.976887e-02,1.5060923843e+00,0.1053,1.0754e-01
123.117,1.2805403672e-03,5.916894e-02,1.5060923843e+00,0.0702,1.0611e-01
123.695,1.2803851730e-03,5.837566e-02,1.5060923843e+00,0.0702,1.0411e-01
124.273,1.2801461420e-03,5.739832e-02,1.5060923843e+00,0.0702,1.0194e-01
124.851,1.2798975202e-03,5.630165e-02,1.5060923843e+00,0.0702,9.8315e-02
125.429,1.2797278709e-03,5.513386e-02,1.5060923843e+00,0.0702,9.3281e-02
126.007,1.2797279530e-03,5.377877e-02,1.5060923843e+00,0.0351,9.1158e-02
126.585,1.2799755085e-03,5.278014e-02,1.5060923843e+00,0.0351,9.6099e-02
127.163,1.2805168010e-03,5.189356e-02,1.5060923843e+00,0.0351,9.6024e-02
127.741,1.2813472996e-03,5.112906e-02,1.5060923843e+00,0.0351,9.7561e-02
128.319,1.2823977969e-03,5.048936e-02,1.5060937948e+00,0.0702,9.7182e-02
128.897,1.2835342801e-03,4.959699e-02,1.5060937948e+00,0.1053,9.4163e-02
129.475,1.2845769747e-03,4.886791e-02,1.5060937948e+00,0.1053,8.6402e-02
130.053,1.2853361764e-03,4.817027e-02,1.5060937948e+00,0.1053,6.2142e-02
130.631,1.2856547697e-03,4.751627e-02,1.5060937948e+00,0.1053,5.7439e-02
131.209,1.2854439803e-03,4.691074e-02,1.5060947641e+00,0.1404,5.4183e-02
131.787,1.2847013099e-03,4.636654e-02,1.5060947641e+00,0.1404,5.8870e-02
132.365,1.2835070406e-03,4.588506e-02,1.5060947641e+00,0.1404,6.3182e-02
132.943,1.2820029710e-03,4.547101e-02,1.5060947641e+00,0.1404,6.7084e-02
133.521,1.2803608997e-03,4.512966e-02,1.5060947641e+00,0.1404,7.0534e-02
134.099,1.2787493849e-03,4.486160e-02,1.5060947641e+00,0.1404,7.3491e-02
134.677,1.2773075579e-03,4.466378e-02,1.5060947641e+00,0.1053,7.5910e-02
135.255,1.2761319352e-03,4.454180e-02,1.5060947641e+00,0.1053,7.7748e-02
135.833,1.2752767241e-03,4.449003e-02,1.5060947641e+00,0.1053,7.8998e-02
136.411,1.2747622357e-03,4.450027e-02,1.5060947641e+00,0.1053,7.9905e-02
136.989,1.2745832614e-03,4.456153e-02,1.5060947641e+00,0.1053,8.0319e-02
137.567,1.2747118254e-03,4.466645e-02,1.5060947641e+00,0.1053,7.9982e-02
138.146,1.2750951167e-03,4.481096e-02,1.5060947641e+00,0.1053,7.9070e-02
138.724,1.2756548294e-03,4.499669e-02,1.5060947641e+00,0.1053,7.6284e-02
139.302,1.2762941112e-03,4.522677e-02,1.5060947641e+00,0.1053,7.9988e-02
139.880,1.2769128474e-03,4.550556e-02,1.5060947641e+00,0.1053,8.5396e-02
140.458,1.2774253988e-03,4.582985e-02,1.5060947641e+00,0.1053,9.2576e-02
141.036,1.2777724112e-03,4.618712e-02,1.5060947641e+00,0.1053,9.9522e-02
141.614,1.2779220025e-03,4.657062e-02,1.5060947641e+00,0.1053,1.0620e-01
142.192,1.2778628148e-03,4.697501e-02,1.5060952736e+00,0.1404,1.1268e-01
142.770,1.2775967254e-03,4.739676e-02,1.5060952736e+00,0.1053,1.1906e-01
143.348,1.2771383605e-03,4.783794e-02,1.5060952999e+00,0.1404,1.2548e-01
143.926,1.2765224064e-03,4.830270e-02,1.5060952999e+00,0.1404,1.3199e-01
144.504,1.2758129436e-03,4.879648e-02,1.5060953198e+00,0.1404,1.3863e-01
145.082,1.2751061577e-03,4.932224e-02,1.5060953198e+00,0.1404,1.4469e-01
145.660,1.2745204241e-03,4.982611e-02,1.5060953198e+00,0.1053,1.4925e-01
146.238,1.2741737263e-03,5.039356e-02,1.5060953198e+00,0.1053,1.5182e-01
146.816,1.2741544937e-03,5.101667e-02,1.5060954034e+00,0.1404,1.5162e-01
147.394,1.2744957185e-03,5.168144e-02,1.5060954034e+00,0.1404,1.5599e-01
147.972,1.2751624191e-03,5.237338e-02,1.5060954034e+00,0.1053,1.6557e-01
148.550,1.2760588143e-03,5.307696e-02,1.5060954034e+00,0.1053,1.6543e-01
149.128,1.2770547573e-03,5.378339e-02,1.5060954034e+00,0.1053,1.6015e-01
149.706,1.2780229824e-03,5.448814e-02,1.5060954034e+00,0.1053,1.3855e-01
150.284,1.2788738155e-03,5.518503e-02,1.5060954034e+00,0.1053,1.4375e-01
150.862,1.2795749499e-03,5.586437e-02,1.5060954034e+00,0.1053,1.4911e-01
151.440,1.2801501593e-03,5.651273e-02,1.5060954034e+00,0.1053,1.5676e-01
152.018,1.2806594975e-03,5.711433e-02,1.5060954034e+00,0.1053,1.6984e-01
152.596,1.2811700355e-03,5.765227e-02,1.5060954034e+00,0.1053,1.7754e-01
153.174,1.2817275450e-03,5.810965e-02,1.5060954533e+00,0.1053,1.8134e-01
153.752,1.2823374350e-03,5.846984e-02,1.5060954533e+00,0.1053,5.9370e-01
154.330,1.2829585767e-03,5.836328e-02,1.5061028759e+00,0.1404,1.8128e-01
154.908,1.2835094319e-03,5.822131e-02,1.5061028759e+00,0.1404,1.8020e-01
155.486,1.2838834966e-03,5.786555e-02,1.5061028759e+00,0.1404,1.8585e-01
156.064,1.2839699040e-03,5.732106e-02,1.5061028759e+00,0.1404,1.8797e-01
156.642,1.2836750592e-03,5.662696e-02,1.5061028759e+00,0.1053,1.8289e-01
157.220,1.2829417543e-03,5.583007e-02,1.5061028759e+00,0.1053,1.6104e-01
157.798,1.2817627712e-03,5.503993e-02,1.5061028759e+00,0.0702,1.7398e-01
158.376,1.2801862891e-03,5.431794e-02,1.5061028759e+00,0.0351,1.6505e-01
158.954,1.2783113267e-03,5.369557e-02,1.5061028759e+00,0.0351,1.6589e-01
159.532,1.2762748391e-03,5.318815e-02,1.5061028759e+00,0.0351,1.7604e-01
160.110,1.2742348115e-03,5.280697e-02,1.5061028759e+00,0.0702,2.2844e-01
160.688,1.2723542335e-03,5.232953e-02,1.5061090141e+00,0.1053,1.2793e-01
161.266,1.2707899679e-03,5.199770e-02,1.5061090141e+00,0.1053,1.3239e-01
161.844,1.2696881983e-03,5.165631e-02,1.5061090141e+00,0.0702,1.3634e-01
162.422,1.2691842795e-03,5.132553e-02,1.5061090141e+00,0.0702,1.3826e-01
163.000,1.2694015092e-03,5.102721e-02,1.5061090140e+00,0.0702,1.3825e-01
163.578,1.2704442929e-03,5.078000e-02,1.5061090141e+00,0.1053,1.3674e-01
164.156,1.2723855632e-03,5.059585e-02,1.5061090141e+00,0.1053,1.3414e-01
164.734,1.2752512937e-03,5.048266e-02,1.5061090141e+00,0.1053,1.3078e-01
165.312,1.2790024115e-03,5.044536e-02,1.5061090141e+00,0.1053,1.2638e-01
165.890,1.2835166605e-03,5.048601e-02,1.5061090141e+00,0.1053,1.1682e-01
166.468,1.2885682627e-03,5.060461e-02,1.5061090141e+00,0.1053,1.0365e-01
167.046,1.2938107875e-03,5.086896e-02,1.5061090141e+00,0.0702,1.6270e-01
167.624,1.2987830479e-03,5.121945e-02,1.5061090141e+00,0.0702,1.5173e-01
168.202,1.3029585740e-03,5.169044e-02,1.5061090141e+00,0.0351,1.5004e-01
168.780,1.3058415613e-03,5.226897e-02,1.5061090141e+00,0.0351,1.5560e-01
169.358,1.3070821465e-03,5.293894e-02,1.5061090141e+00,0.0351,1.8713e-01
169.936,1.3065636756e-03,5.347816e-02,1.5061154108e+00,0.0702,7.8269e-02
170.514,1.3044228685e-03,5.414480e-02,1.5061154108e+00,0.0702,7.0618e-02
171.092,1.3009976066e-03,5.472804e-02,1.5061154108e+00,0.0702,6.8355e-02
171.670,1.2967323040e-03,5.522668e-02,1.5061154108e+00,0.0702,6.6282e-02
172.248,1.2920819449e-03,5.563703e-02,1.5061154108e+00,0.0702,6.2837e-02
172.826,1.2874450715e-03,5.596692e-02,1.5061154108e+00,0.0702,6.5790e-02
173.404,1.2831313858e-03,5.622435e-02,1.5061154108e+00,0.0702,6.8751e-02
173.982,1.2793452158e-03,5.641739e-02,1.5061154108e+00,0.0702,7.0603e-02
174.560,1.2761944265e-03,5.655433e-02,1.5061154108e+00,0.0702,7.1388e-02
175.138,1.2737064336e-03,5.663877e-02,1.5061154108e+00,0.0702,7.7113e-02
175.716,1.2718384654e-03,5.667562e-02,1.5061154108e+00,0.0702,8.2829e-02
176.294,1.2705029831e-03,5.669441e-02,1.5061154108e+00,0.0351,1.1239e-01
176.872,1.2695985082e-03,5.673395e-02,1.5061154108e+00,0.0351,1.1784e-01
177.451,1.2690307717e-03,5.681334e-02,1.5061154108e+00,0.0351,1.1855e-01
178.029,1.2687188370e-03,5.693400e-02,1.5061154108e+00,0.0351,1.1837e-01
178.607,1.2685918915e-03,5.709505e-02,1.5061154108e+00,0.0351,1.1583e-01
179.185,1.2685888258e-03,5.729233e-02,1.5061154108e+00,0.0351,1.0801e-01
179.763,1.2686658385e-03,5.751853e-02,1.5061154108e+00,0.0351,1.0146e-01
180.341,1.2688046541e-03,5.754307e-02,1.5061165087e+00,0.0702,1.0881e-01
180.919,1.2690095675e-03,5.760529e-02,1.5061165087e+00,0.0702,1.1580e-01
181.497,1.2692922214e-03,5.754673e-02,1.5061165134e+00,0.1053,1.2269e-01
182.075,1.2696556085e-03,5.738270e-02,1.5061165134e+00,0.1053,1.2946e-01
182.653,1.2700881230e-03,5.713828e-02,1.5061165134e+00,0.1053,1.3582e-01
183.231,1.2705684572e-03,5.683642e-02,1.5061165134e+00,0.1053,1.4150e-01
183.809,1.2710714683e-03,5.648430e-02,1.5061165134e+00,0.1053,1.4659e-01
184.387,1.2715685244e-03,5.611476e-02,1.5061165134e+00,0.0702,1.5162e-01
184.965,1.2720236963e-03,5.582357e-02,1.5061165134e+00,0.0351,1.5723e-01
185.543,1.2723920926e-03,5.559399e-02,1.5061165134e+00,0.0351,1.6389e-01
186.121,1.2726249700e-03,5.544235e-02,1.5061165134e+00,0.0351,1.7203e-01
186.699,1.2726796152e-03,5.536823e-02,1.5061165134e+00,0.0351,1.8231e-01
187.277,1.2725279829e-03,5.536852e-02,1.5061165134e+00,0.0351,1.9595e-01
187.855,1.2721602946e-03,5.543634e-02,1.5061165134e+00,0.0351,2.1572e-01
188.433,1.2715847164e-03,5.527575e-02,1.5061175504e+00,0.0702,2.4938e-01
189.011,1.2708262924e-03,5.521464e-02,1.5061175504e+00,0.0702,3.3184e-01
189.589,1.2699261732e-03,5.508782e-02,1.5061176190e+00,0.1053,1.6197e-01
190.167,1.2689392468e-03,5.491164e-02,1.5061177259e+00,0.1404,1.6476e-01
190.745,1.2679283498e-03,5.470709e-02,1.5061177259e+00,0.1404,1.6958e-01
191.323,1.2669562356e-03,5.449380e-02,1.5061177259e+00,0.1053,1.7535e-01
191.901,1.2660800037e-03,5.428566e-02,1.5061177259e+00,0.1053,1.8051e-01
192.479,1.2653515390e-03,5.409612e-02,1.5061177366e+00,0.1053,1.8648e-01
193.057,1.2648236105e-03,5.394590e-02,1.5061177366e+00,0.1404,1.9291e-01
193.635,1.2645602748e-03,5.391148e-02,1.5061177373e+00,0.1053,1.9927e-01
194.213,1.2646488704e-03,5.394213e-02,1.5061177373e+00,0.1053,2.0560e-01
194.791,1.2652093137e-03,5.408759e-02,1.5061177383e+00,0.0702,2.1195e-01
195.369,1.2663973760e-03,5.434242e-02,1.5061177383e+00,0.1053,2.1838e-01
195.947,1.2684018019e-03,5.469650e-02,1.5061177383e+00,0.1053,2.2482e-01
196.525,1.2714359189e-03,5.513459e-02,1.5061177383e+00,0.1053,2.2039e-01
197.103,1.2757159316e-03,5.563653e-02,1.5061177383e+00,0.1053,2.1589e-01
197.681,1.2814121553e-03,5.587621e-02,1.5061190604e+00,0.1404,1.8281e-01
198.259,1.2885621571e-03,5.621140e-02,1.5061190683e+00,0.1754,1.6858e-01
198.837,1.2969524713e-03,5.644722e-02,1.5061190683e+00,0.1754,1.6152e-01
199.415,1.3060193729e-03,5.659243e-02,1.5061190683e+00,0.1754,1.6684e-01
199.993,1.3148404687e-03,5.666168e-02,1.5061190683e+00,0.1754,1.7042e-01
200.571,1.3222728567e-03,5.666838e-02,1.5061190683e+00,0.1754,1.7621e-01
201.149,1.3272284777e-03,5.661211e-02,1.5061190683e+00,0.1754,1.8185e-01
201.727,1.3289882682e-03,5.648582e-02,1.5061190683e+00,0.1404,1.8347e-01
202.305,1.3274102322e-03,5.640951e-02,1.5061190769e+00,0.1754,1.8052e-01
202.883,1.3229325548e-03,5.636996e-02,1.5061190769e+00,0.1754,1.7583e-01
203.461,1.3163869704e-03,5.637403e-02,1.5061190769e+00,0.1754,1.7987e-01
204.039,1.3087332436e-03,5.642423e-02,1.5061190769e+00,0.1754,1.8474e-01
204.617,1.3008365584e-03,5.652077e-02,1.5061190769e+00,0.1754,1.9067e-01
205.195,1.2933465812e-03,5.666063e-02,1.5061190769e+00,0.1754,1.9705e-01
205.773,1.2866679786e-03,5.683843e-02,1.5061190769e+00,0.1754,2.0350e-01
206.351,1.2809868779e-03,5.704558e-02,1.5061191708e+00,0.1754,2.0970e-01
206.929,1.2763141038e-03,5.689565e-02,1.5061191708e+00,0.2105,2.1324e-01
207.507,1.2725461021e-03,5.684298e-02,1.5061191708e+00,0.2105,2.1238e-01
208.085,1.2695342401e-03,5.670229e-02,1.5061191708e+00,0.2105,2.0893e-01
208.663,1.2671158286e-03,5.650736e-02,1.5061191708e+00,0.2105,1.9075e-01
209.241,1.2651391780e-03,5.628140e-02,1.5061191708e+00,0.2105,1.9350e-01
209.819,1.2634850132e-03,5.604770e-02,1.5061191708e+00,0.2105,1.8977e-01
210.397,1.2620770056e-03,5.585067e-02,1.5061191708e+00,0.2105,1.8518e-01
210.975,1.2608816577e-03,5.561317e-02,1.5061191708e+00,0.1754,1.8567e-01
211.553,1.2599005918e-03,5.564087e-02,1.5061191708e+00,0.1754,1.8693e-01
212.131,1.2591584988e-03,5.579125e-02,1.5061191708e+00,0.1754,1.8048e-01
212.709,1.2586940855e-03,5.605991e-02,1.5061191708e+00,0.1404,1.7182e-01
213.287,1.2585562368e-03,5.643513e-02,1.5061191708e+00,0.1404,1.7614e-01
213.865,1.2587989088e-03,5.689781e-02,1.5061191708e+00,0.1404,1.8394e-01
214.443,1.2594698698e-03,5.742302e-02,1.5061191708e+00,0.1404,1.9687e-01
215.021,1.2605976991e-03,5.798277e-02,1.5061191708e+00,0.1404,2.2035e-01
215.599,1.2621847594e-03,5.855191e-02,1.5061191708e+00,0.1404,2.7083e-01
216.177,1.2642070311e-03,5.908432e-02,1.5061191708e+00,0.1404,3.8365e-01
216.756,1.2666149232e-03,5.925392e-02,1.5061198732e+00,0.1754,1.6551e-01
217.334,1.2693277065e-03,5.940967e-02,1.5061198732e+00,0.1754,1.6708e-01
217.912,1.2722243337e-03,5.938418e-02,1.5061198732e+00,0.1754,1.6779e-01
218.490,1.2751415828e-03,5.920524e-02,1.5061198732e+00,0.2105,1.6811e-01
219.068,1.2778872883e-03,5.888398e-02,1.5061198732e+00,0.2105,1.6827e-01
219.646,1.2802697705e-03,5.846657e-02,1.5061198732e+00,0.2105,1.6837e-01
220.224,1.2821355436e-03,5.778526e-02,1.5061198732e+00,0.1754,1.6846e-01
220.802,1.2834020234e-03,5.741178e-02,1.5061198732e+00,0.1754,1.6853e-01
221.380,1.2840740606e-03,5.709826e-02,1.5061198732e+00,0.1754,1.6860e-01
221.958,1.2842405937e-03,5.686272e-02,1.5061198732e+00,0.1754,1.6865e-01
222.536,1.2840552561e-03,5.671603e-02,1.5061198732e+00,0.1754,1.6869e-01
223.114,1.2837087184e-03,5.666108e-02,1.5061198732e+00,0.1754,1.6868e-01
223.692,1.2833961105e-03,5.669345e-02,1.5061198732e+00,0.1754,1.6861e-01
224.270,1.2832905127e-03,5.680212e-02,1.5061198732e+00,0.1754,1.6866e-01
224.848,1.2835173478e-03,5.667927e-02,1.5061286614e+00,0.2105,1.6906e-01
225.426,1.2841276839e-03,5.663488e-02,1.5061286614e+00,0.2105,1.6987e-01
226.004,1.2850857034e-03,5.653217e-02,1.5061286614e+00,0.2105,1.7554e-01
226.582,1.2862745475e-03,5.637727e-02,1.5061286614e+00,0.2105,1.7918e-01
227.160,1.2875184061e-03,5.618580e-02,1.5061286614e+00,0.1754,1.8037e-01
227.738,1.2886150226e-03,5.597383e-02,1.5061286614e+00,0.1754,1.8024e-01
228.316,1.2893724185e-03,5.575505e-02,1.5061286614e+00,0.1404,1.8300e-01
228.894,1.2896451227e-03,5.554439e-02,1.5061286614e+00,0.1404,1.8691e-01
229.472,1.2893642108e-03,5.542029e-02,1.5061286614e+00,0.1053,1.9104e-01
230.050,1.2885529676e-03,5.532254e-02,1.5061286614e+00,0.0702,1.9723e-01
230.628,1.2873212070e-03,5.530932e-02,1.5061286614e+00,0.0702,1.1962e-01
231.206,1.2858388162e-03,5.537962e-02,1.5061286614e+00,0.0702,1.1743e-01
231.784,1.2842977939e-03,5.552868e-02,1.5061286614e+00,0.0702,1.1262e-01
232.362,1.2828750400e-03,5.574673e-02,1.5061286614e+00,0.0702,1.0100e-01
232.940,1.2817036350e-03,5.601953e-02,1.5061286614e+00,0.0702,5.4962e-02
233.518,1.2808548142e-03,5.632714e-02,1.5061289650e+00,0.0702,3.2643e-02
234.096,1.2803304823e-03,5.635416e-02,1.5061289650e+00,0.1053,2.6847e-02
234.674,1.2800661765e-03,5.645147e-02,1.5061289650e+00,0.1053,2.1714e-02
235.252,1.2799453430e-03,5.643715e-02,1.5061289650e+00,0.1053,1.9018e-02
235.830,1.2798247518e-03,5.632532e-02,1.5061289650e+00,0.1053,2.2912e-02
236.408,1.2795671498e-03,5.613656e-02,1.5061289650e+00,0.1053,2.6861e-02
236.986,1.2790733263e-03,5.588531e-02,1.5061289650e+00,0.1053,3.0669e-02
237.564,1.2783046725e-03,5.559283e-02,1.5061289650e+00,0.1053,3.4065e-02
238.142,1.2772904104e-03,5.506866e-02,1.5061289650e+00,0.0702,8.1707e-02
238.720,1.2761189768e-03,5.482979e-02,1.5061289650e+00,0.0702,1.0422e-01
239.298,1.2749177402e-03,5.468434e-02,1.5061289650e+00,0.0702,1.1652e-01
239.876,1.2738272006e-03,5.465700e-02,1.5061289650e+00,0.0702,1.2597e-01
240.454,1.2729758362e-03,5.476582e-02,1.5061289650e+00,0.0702,1.3239e-01
241.032,1.2724605117e-03,5.501831e-02,1.5061289650e+00,0.0702,1.3613e-01
241.610,1.2723347980e-03,5.540999e-02,1.5061289650e+00,0.0702,1.3721e-01
242.188,1.2726051130e-03,5.592579e-02,1.5061289650e+00,0.0702,1.3537e-01
242.766,1.2732330701e-03,5.409767e-02,1.5061289650e+00,0.1053,1.3014e-01
243.344,1.2741422110e-03,5.698056e-02,1.5061289650e+00,0.0702,1.2096e-01
243.922,1.2752281334e-03,5.762873e-02,1.5061289650e+00,0.0702,1.0751e-01
244.500,1.2763720051e-03,5.831780e-02,1.5061289650e+00,0.0702,9.0229e-02
245.078,1.2774573854e-03,5.900379e-02,1.5061289650e+00,0.0702,7.0871e-02
245.656,1.2783886921e-03,5.965236e-02,1.5061289650e+00,0.0702,7.4508e-02
246.234,1.2791076402e-03,6.023499e-02,1.5061289650e+00,0.0702,8.0971e-02
246.812,1.2796032608e-03,6.072689e-02,1.5061289650e+00,0.0702,8.7443e-02
247.390,1.2799127176e-03,6.110730e-02,1.5061289650e+00,0.0702,9.3911e-02
247.968,1.2801132066e-03,6.136197e-02,1.5061289650e+00,0.0702,1.0037e-01
248.546,1.2803077796e-03,6.148454e-02,1.5061289650e+00,0.0702,1.0683e-01
249.124,1.2806085913e-03,6.147631e-02,1.5061289650e+00,0.0702,1.0391e-01
249.702,1.2811201325e-03,6.134491e-02,1.5061289650e+00,0.0702,7.7899e-02
250.280,1.2819221754e-03,6.110305e-02,1.5061289650e+00,0.0702,7.7245e-02
250.858,1.2830506366e-03,6.076735e-02,1.5061289650e+00,0.0702,7.5189e-02
251.436,1.2844769982e-03,6.035729e-02,1.5061289650e+00,0.0702,7.3447e-02
252.014,1.2860924653e-03,5.989772e-02,1.5061289650e+00,0.0702,7.1974e-02
252.592,1.2877082467e-03,5.940247e-02,1.5061289650e+00,0.0351,7.7043e-02
253.170,1.2890791344e-03,5.887002e-02,1.5061289650e+00,0.0351,7.3374e-02
253.748,1.2899503138e-03,5.831330e-02,1.5061289650e+00,0.0351,7.1448e-02
254.326,1.2901161647e-03,5.749277e-02,1.5061318856e+00,0.0702,7.3129e-02
254.904,1.2894709873e-03,5.664927e-02,1.5061318856e+00,0.0702,6.2214e-02
255.482,1.2880319316e-03,5.571958e-02,1.5061318856e+00,0.1053,6.0858e-02
256.061,1.2859329611e-03,5.474602e-02,1.5061318856e+00,0.1053,6.1297e-02
256.639,1.2833905148e-03,5.377941e-02,1.5061318856e+00,0.1053,5.9545e-02
257.217,1.2806589207e-03,5.267133e-02,1.5061318856e+00,0.0702,1.2916e-01
257.795,1.2779934850e-03,5.200615e-02,1.5061318856e+00,0.0702,1.4346e-01
258.373,1.2756279452e-03,5.153748e-02,1.5061318856e+00,0.0351,1.4347e-01
258.951,1.2737606955e-03,5.126683e-02,1.5061321413e+00,0.0351,1.4173e-01
259.529,1.2725409214e-03,5.118782e-02,1.5061321413e+00,0.0702,1.3735e-01
260.107,1.2720524202e-03,5.128851e-02,1.5061321413e+00,0.0702,5.6886e-02
260.685,1.2723000825e-03,5.131219e-02,1.5061374353e+00,0.1053,6.0882e-02
261.263,1.2732046763e-03,5.152901e-02,1.5061374353e+00,0.1053,6.4060e-02
261.841,1.2746082075e-03,5.178940e-02,1.5061374353e+00,0.1053,6.6702e-02
262.419,1.2762896736e-03,5.209157e-02,1.5061374353e+00,0.1053,6.8888e-02
262.997,1.2779927764e-03,5.243812e-02,1.5061374353e+00,0.1053,7.1286e-02
263.575,1.2794650692e-03,5.282878e-02,1.5061374353e+00,0.1053,7.4397e-02
264.153,1.2805000977e-03,5.326062e-02,1.5061374353e+00,0.1053,7.7388e-02
264.731,1.2809720054e-03,5.372990e-02,1.5061374607e+00,0.1404,7.7950e-02
265.309,1.2808523016e-03,5.423344e-02,1.5061374607e+00,0.1404,8.3716e-02
265.887,1.2802049029e-03,5.466764e-02,1.5061374607e+00,0.1053,1.1232e-01
266.465,1.2791644509e-03,5.518838e-02,1.5061374607e+00,0.1053,1.1990e-01
267.043,1.2779077697e-03,5.575668e-02,1.5061374607e+00,0.1053,1.2639e-01
267.621,1.2766227921e-03,5.636795e-02,1.5061374607e+00,0.1053,1.3200e-01
268.199,1.2754862268e-03,5.701702e-02,1.5061374607e+00,0.1053,1.3653e-01
268.777,1.2746415816e-03,5.769625e-02,1.5061374607e+00,0.1053,1.3973e-01
269.355,1.2741761345e-03,5.839469e-02,1.5061374607e+00,0.1053,1.4141e-01
269.933,1.2741087921e-03,5.909813e-02,1.5061374607e+00,0.1053,1.4136e-01
270.511,1.2743905814e-03,5.978975e-02,1.5061374607e+00,0.1053,1.3938e-01
271.089,1.2749150275e-03,6.045097e-02,1.5061374607e+00,0.1053,1.4566e-01
271.667,1.2755355688e-03,6.106257e-02,1.5061375006e+00,0.1053,1.5215e-01
272.245,1.2760891106e-03,6.160584e-02,1.5061375006e+00,0.1404,1.5853e-01
272.823,1.2764252696e-03,6.206376e-02,1.5061375006e+00,0.1404,1.6491e-01
273.401,1.2764370841e-03,6.242205e-02,1.5061375006e+00,0.1404,1.7131e-01
273.979,1.2760849912e-03,6.267000e-02,1.5061375006e+00,0.1404,1.6697e-01
274.557,1.2754046822e-03,6.280121e-02,1.5061375006e+00,0.1404,1.6249e-01
275.135,1.2744959527e-03,6.281395e-02,1.5061375006e+00,0.1404,1.5517e-01
275.713,1.2735000777e-03,6.271143e-02,1.5061375006e+00,0.1404,1.2657e-01
276.291,1.2725756306e-03,6.250132e-02,1.5061375006e+00,0.1404,1.2120e-01
276.869,1.2718780713e-03,6.219521e-02,1.5061375006e+00,0.1404,1.1096e-01
277.447,1.2715437819e-03,6.180797e-02,1.5061375006e+00,0.1404,1.1300e-01
278.025,1.2716770090e-03,6.135717e-02,1.5061375006e+00,0.1404,8.5504e-02
278.603,1.2723382277e-03,6.086119e-02,1.5061375006e+00,0.1053,9.2408e-02
279.181,1.2735335051e-03,6.034399e-02,1.5061375006e+00,0.1053,9.1043e-02
279.759,1.2752062727e-03,5.982744e-02,1.5061375006e+00,0.1053,9.0124e-02
280.337,1.2772339137e-03,5.932616e-02,1.5061375006e+00,0.1053,8.9035e-02
280.915,1.2794339783e-03,5.884751e-02,1.5061375006e+00,0.1053,8.7339e-02
281.493,1.2815828811e-03,5.839939e-02,1.5061375006e+00,0.0351,8.5511e-02
282.071,1.2834464844e-03,5.798851e-02,1.5061375006e+00,0.0351,9.1305e-02
282.649,1.2848206588e-03,5.761851e-02,1.5061375006e+00,0.0351,9.7154e-02
283.227,1.2855735021e-03,5.706635e-02,1.5061396180e+00,0.0702,9.9616e-02
283.805,1.2856749128e-03,5.655020e-02,1.5061396180e+00,0.0702,7.4847e-02
284.383,1.2852023794e-03,5.596830e-02,1.5061396180e+00,0.0702,6.4483e-02
284.961,1.2843225895e-03,5.534266e-02,1.5061396180e+00,0.0702,5.6948e-02
285.539,1.2832536810e-03,5.471701e-02,1.5061396180e+00,0.1053,5.5488e-02
286.117,1.2822288434e-03,5.415036e-02,1.5061396180e+00,0.1053,5.0398e-02
286.695,1.2814631837e-03,5.338566e-02,1.5061396180e+00,0.0702,1.2348e-01
287.273,1.2811249021e-03,5.313625e-02,1.5061396180e+00,0.0702,1.3144e-01
287.851,1.2813221639e-03,5.306994e-02,1.5061396180e+00,0.0702,1.3525e-01
288.429,1.2821030201e-03,5.317909e-02,1.5061396246e+00,0.1053,1.3650e-01
289.007,1.2834601578e-03,5.345016e-02,1.5061396246e+00,0.1053,1.3494e-01
289.585,1.2853336764e-03,5.386385e-02,1.5061396246e+00,0.1053,1.2966e-01
290.163,1.2876112183e-03,5.439649e-02,1.5061396246e+00,0.1053,1.1859e-01
290.741,1.2901312660e-03,5.502167e-02,1.5061396246e+00,0.1053,9.6571e-02
291.319,1.2926974695e-03,5.571276e-02,1.5061396246e+00,0.1053,5.7525e-02
291.897,1.2951012510e-03,5.644504e-02,1.5061396246e+00,0.1053,5.4348e-02
292.475,1.2971483959e-03,5.717836e-02,1.5061396246e+00,0.0702,5.9125e-02
293.053,1.2986860554e-03,5.789164e-02,1.5061396246e+00,0.0702,6.3770e-02
293.631,1.2996250019e-03,5.856738e-02,1.5061396246e+00,0.0702,6.8645e-02
294.209,1.2999498227e-03,5.919151e-02,1.5061396246e+00,0.0702,7.3774e-02
294.787,1.2997113482e-03,5.975333e-02,1.5061396246e+00,0.0702,7.8826e-02
295.366,1.2990024196e-03,6.024505e-02,1.5061396433e+00,0.0702,8.3284e-02
295.944,1.2979255077e-03,6.066115e-02,1.5061396433e+00,0.1053,8.9226e-02
296.522,1.2965637357e-03,6.099556e-02,1.5061396433e+00,0.1053,9.9288e-02
297.100,1.2949640419e-03,6.124399e-02,1.5061396433e+00,0.1053,1.0435e-01
297.678,1.2931355570e-03,6.140693e-02,1.5061396433e+00,0.1053,1.0202e-01
298.256,1.2910603219e-03,6.148749e-02,1.5061396433e+00,0.1053,1.0657e-01
298.834,1.2887100933e-03,6.149145e-02,1.5061396433e+00,0.1053,1.1267e-01
299.412,1.2860748035e-03,6.142672e-02,1.5061396433e+00,0.1053,1.1878e-01
299.990,1.2831740748e-03,6.130308e-02,1.5061396433e+00,0.1053,1.2491e-01
300.568,1.2800585645e-03,6.113028e-02,1.5061396433e+00,0.1053,1.3105e-01
301.146,1.2768073032e-03,6.091720e-02,1.5061396433e+00,0.1053,1.3722e-01
301.724,1.2735210883e-03,6.067233e-02,1.5061396433e+00,0.1053,1.4344e-01
302.302,1.2703118143e-03,6.004091e-02,1.5061414822e+00,0.1404,1.4900e-01
302.880,1.2672898310e-03,5.943750e-02,1.5061414822e+00,0.1404,1.4549e-01
303.458,1.2645537569e-03,5.871646e-02,1.5061414822e+00,0.1404,1.3175e-01
304.036,1.2621844022e-03,5.796122e-02,1.5061414822e+00,0.1404,1.3387e-01
304.614,1.2602400349e-03,5.679657e-02,1.5061414822e+00,0.1053,1.3699e-01
305.192,1.2587506585e-03,5.625946e-02,1.5061414822e+00,0.1053,1.4117e-01
305.770,1.2577133354e-03,5.588032e-02,1.5061414822e+00,0.1053,1.4664e-01
306.348,1.2570928623e-03,5.567160e-02,1.5061415098e+00,0.1754,1.5317e-01
306.926,1.2568295591e-03,5.563587e-02,1.5061415098e+00,0.1754,1.5940e-01
307.504,1.2568514385e-03,5.576312e-02,1.5061415098e+00,0.1754,1.6559e-01
308.082,1.2570857263e-03,5.603279e-02,1.5061415098e+00,0.1754,1.7183e-01
308.660,1.2574661004e-03,5.641703e-02,1.5061415098e+00,0.1754,1.7658e-01
309.238,1.2579353397e-03,5.688418e-02,1.5061415098e+00,0.1754,1.7892e-01
309.816,1.2584463693e-03,5.740214e-02,1.5061415098e+00,0.1754,1.7862e-01
310.394,1.2589645018e-03,5.794358e-02,1.5061415098e+00,0.1754,1.8316e-01
310.972,1.2594717934e-03,5.848041e-02,1.5061415098e+00,0.1754,1.8834e-01
311.550,1.2599722704e-03,5.897855e-02,1.5061415098e+00,0.1754,1.8948e-01
312.128,1.2604953879e-03,5.942311e-02,1.5061415098e+00,0.1754,1.8640e-01
312.706,1.2610955588e-03,5.980310e-02,1.5061415098e+00,0.1754,1.8382e-01
313.284,1.2618477743e-03,6.011132e-02,1.5061415098e+00,0.1754,1.8261e-01
313.862,1.2628414657e-03,6.034411e-02,1.5061415098e+00,0.1754,1.6891e-01
314.440,1.2641752157e-03,6.049975e-02,1.5061415098e+00,0.1754,1.6261e-01
315.018,1.2659533891e-03,6.057649e-02,1.5061415098e+00,0.1754,1.6475e-01
315.596,1.2682835807e-03,6.057779e-02,1.5061415098e+00,0.1754,1.5285e-01
316.174,1.2712723068e-03,6.051027e-02,1.5061415098e+00,0.1754,1.5584e-01
316.752,1.2750149228e-03,6.038195e-02,1.5061415098e+00,0.1754,1.4413e-01
317.330,1.2795796398e-03,6.020082e-02,1.5061415098e+00,0.1404,1.4710e-01
317.908,1.2849808128e-03,5.997840e-02,1.5061415098e+00,0.1404,1.3528e-01
318.486,1.2911414990e-03,5.972301e-02,1.5061415098e+00,0.1404,1.3804e-01
319.064,1.2978551774e-03,5.944374e-02,1.5061415098e+00,0.1404,1.2547e-01
319.642,1.3047629561e-03,5.915144e-02,1.5061415098e+00,0.1404,1.2814e-01
320.220,1.3113657931e-03,5.885075e-02,1.5061415098e+00,0.1404,1.1420e-01
320.798,1.3170852733e-03,5.854555e-02,1.5061415098e+00,0.1404,1.1704e-01
321.376,1.3213662600e-03,5.824607e-02,1.5061415098e+00,0.1053,1.0869e-01
321.954,1.3237920751e-03,5.796410e-02,1.5061415098e+00,0.1053,1.0449e-01
322.532,1.3241739270e-03,5.739716e-02,1.5061420543e+00,0.1404,1.0675e-01
323.110,1.3225847360e-03,5.691463e-02,1.5061420543e+00,0.1404,8.9811e-02
323.688,1.3193280675e-03,5.636913e-02,1.5061420543e+00,0.1404,9.2721e-02
324.266,1.3148566386e-03,5.581337e-02,1.5061420543e+00,0.1404,9.3057e-02
324.844,1.3096708896e-03,5.532291e-02,1.5061420543e+00,0.1404,6.2200e-02
325.422,1.3042290878e-03,5.440416e-02,1.5061420543e+00,0.1053,1.1043e-01
326.000,1.2988883125e-03,5.421855e-02,1.5061420543e+00,0.1053,1.2683e-01
326.578,1.2938799001e-03,5.420594e-02,1.5061420543e+00,0.1053,1.3906e-01
327.156,1.2893124207e-03,5.436252e-02,1.5061420543e+00,0.0702,1.4929e-01
327.734,1.2851939141e-03,5.467625e-02,1.5061420543e+00,0.0702,1.5643e-01
328.312,1.2814552288e-03,5.512575e-02,1.5061420543e+00,0.0702,1.6053e-01
328.890,1.2779959039e-03,5.568164e-02,1.5061420543e+00,0.0702,1.6175e-01
329.468,1.2747175185e-03,5.631078e-02,1.5061420543e+00,0.0702,1.5992e-01
330.046,1.2715356618e-03,5.698005e-02,1.5061420543e+00,0.0702,1.5478e-01
330.624,1.2683982075e-03,5.765915e-02,1.5061420543e+00,0.0702,1.4645e-01
331.202,1.2653037992e-03,5.832244e-02,1.5061420543e+00,0.0702,1.3587e-01
331.780,1.2623061965e-03,5.894969e-02,1.5061420543e+00,0.0702,1.2479e-01
332.358,1.2594968208e-03,5.952615e-02,1.5061420543e+00,0.0702,1.1508e-01
332.936,1.2569776248e-03,6.004208e-02,1.5061420543e+00,0.0702,1.0807e-01
333.514,1.2548438910e-03,6.049205e-02,1.5061420543e+00,0.0702,1.0417e-01
334.092,1.2531822996e-03,6.087419e-02,1.5061420543e+00,0.0702,1.0306e-01
334.671,1.2520740395e-03,6.118957e-02,1.5061420543e+00,0.0702,1.0405e-01
335.249,1.2515926778e-03,6.144156e-02,1.5061420543e+00,0.0702,1.0639e-01
335.827,1.2517974850e-03,6.163518e-02,1.5061420543e+00,0.0702,1.0944e-01
336.405,1.2527296762e-03,6.177648e-02,1.5061420543e+00,0.0702,1.1269e-01
336.983,1.2544148317e-03,6.187186e-02,1.5061420543e+00,0.0702,1.1576e-01
337.561,1.2568665489e-03,6.192737e-02,1.5061420543e+00,0.0702,1.1841e-01
338.139,1.2600820415e-03,6.194819e-02,1.5061420543e+00,0.0702,1.2048e-01
338.717,1.2640322625e-03,6.193830e-02,1.5061420543e+00,0.0702,1.2188e-01
339.295,1.2686499239e-03,6.190037e-02,1.5061420543e+00,0.0702,1.2259e-01
339.873,1.2738171978e-03,5.993736e-02,1.5061420543e+00,0.1053,1.2261e-01
340.451,1.2793586448e-03,6.147848e-02,1.5061420543e+00,0.0702,1.2199e-01
341.029,1.2850450647e-03,6.129812e-02,1.5061420543e+00,0.0702,1.7267e-01
341.607,1.2906098141e-03,6.111730e-02,1.5061420543e+00,0.0702,2.6980e-01
342.185,1.2957734288e-03,6.092517e-02,1.5061420543e+00,0.0702,1.1692e-01
342.763,1.3002688043e-03,6.071727e-02,1.5061420543e+00,0.0702,1.1438e-01
343.341,1.3038606931e-03,6.049217e-02,1.5061420543e+00,0.0702,1.1469e-01
343.919,1.3063586969e-03,6.025014e-02,1.5061420543e+00,0.0702,1.2024e-01
344.497,1.3076272652e-03,5.999274e-02,1.5061420543e+00,0.0702,1.1628e-01
345.075,1.3075961804e-03,5.972266e-02,1.5061420543e+00,0.0702,1.0319e-01
345.653,1.3062715546e-03,5.944374e-02,1.5061420543e+00,0.0702,1.0347e-01
346.231,1.3037431139e-03,5.916083e-02,1.5061420543e+00,0.0702,1.0146e-01
346.809,1.3001812128e-03,5.887911e-02,1.5061420543e+00,0.0702,9.1297e-02
347.387,1.2958189353e-03,5.860347e-02,1.5061420543e+00,0.0702,8.1943e-02
347.965,1.2909211147e-03,5.833847e-02,1.5061420543e+00,0.0702,7.6153e-02
348.543,1.2857495562e-03,5.808755e-02,1.5061420543e+00,0.0702,6.9909e-02
349.121,1.2805364750e-03,5.785231e-02,1.5061420543e+00,0.0702,6.3268e-02
349.699,1.2754735918e-03,5.763214e-02,1.5061420543e+00,0.0702,5.6341e-02
350.277,1.2707174407e-03,5.742428e-02,1.5061420543e+00,0.0702,4.9296e-02
350.855,1.2663913311e-03,5.722423e-02,1.5061420543e+00,0.0702,4.5382e-02
351.433,1.2626071824e-03,5.702632e-02,1.5061422235e+00,0.1053,5.0214e-02
352.011,1.2594711057e-03,5.682455e-02,1.5061422235e+00,0.1053,5.4864e-02
352.589,1.2570643412e-03,5.661334e-02,1.5061422235e+00,0.1053,5.9172e-02
353.167,1.2554406834e-03,5.638826e-02,1.5061422235e+00,0.1053,6.2829e-02
353.745,1.2546381043e-03,5.614682e-02,1.5061422235e+00,0.1053,6.5296e-02
354.323,1.2546877253e-03,5.588977e-02,1.5061422235e+00,0.1053,6.6040e-02
354.901,1.2556128012e-03,5.562104e-02,1.5061422235e+00,0.1053,6.4702e-02
355.479,1.2574217149e-03,5.534717e-02,1.5061422235e+00,0.1053,6.8519e-02
356.057,1.2600994957e-03,5.507681e-02,1.5061422235e+00,0.1053,7.3066e-02
356.635,1.2636030260e-03,5.482037e-02,1.5061422235e+00,0.1053,7.8289e-02
357.213,1.2678541452e-03,5.458955e-02,1.5061422235e+00,0.1053,8.6107e-02
357.791,1.2727271675e-03,5.439673e-02,1.5061422235e+00,0.1053,9.3964e-02
358.369,1.2780369462e-03,5.425406e-02,1.5061422235e+00,0.1053,1.0172e-01
358.947,1.2835370394e-03,5.417248e-02,1.5061422235e+00,0.1053,1.0921e-01
359.525,1.2889353003e-03,5.416053e-02,1.5061422235e+00,0.1053,1.1632e-01
360.103,1.2939258165e-03,5.422338e-02,1.5061422235e+00,0.1053,1.2297e-01
360.681,1.2982269408e-03,5.436195e-02,1.5061422235e+00,0.1053,1.2914e-01
361.259,1.3016132302e-03,5.457261e-02,1.5061422235e+00,0.1053,1.3486e-01
361.837,1.3039358258e-03,5.484780e-02,1.5061422235e+00,0.1053,1.4014e-01
362.415,1.3051335224e-03,5.517721e-02,1.5061422235e+00,0.1053,1.4502e-01
362.993,1.3052372382e-03,5.554899e-02,1.5061422235e+00,0.1053,1.4949e-01
363.571,1.3043646055e-03,5.595099e-02,1.5061422235e+00,0.1053,1.5356e-01
364.149,1.3026981107e-03,5.637166e-02,1.5061422235e+00,0.1053,1.5720e-01
364.727,1.3004463427e-03,5.680052e-02,1.5061422235e+00,0.1053,1.6038e-01
365.305,1.2977995515e-03,5.722850e-02,1.5061423920e+00,0.1404,1.6307e-01
365.883,1.2948969715e-03,5.764803e-02,1.5061425526e+00,0.1754,1.6522e-01
366.461,1.2918176713e-03,5.805290e-02,1.5061425526e+00,0.1754,1.6812e-01
367.039,1.2885936786e-03,5.843778e-02,1.5061425526e+00,0.1404,1.7462e-01
367.617,1.2852341435e-03,5.879781e-02,1.5061425526e+00,0.1754,1.8103e-01
368.195,1.2817479308e-03,5.912878e-02,1.5061425526e+00,0.1754,1.8719e-01
368.773,1.2781582955e-03,5.942676e-02,1.5061425526e+00,0.1754,1.9310e-01
369.351,1.2745107080e-03,5.967852e-02,1.5061425526e+00,0.1404,1.9877e-01
369.929,1.2708759824e-03,5.989595e-02,1.5061425526e+00,0.1404,2.0480e-01
370.507,1.2673423907e-03,6.007018e-02,1.5061425526e+00,0.1404,2.0870e-01
371.085,1.2640202095e-03,6.019878e-02,1.5061425526e+00,0.1404,1.9514e-01
371.663,1.2610226227e-03,6.027974e-02,1.5061425526e+00,0.1404,1.9451e-01
372.241,1.2584460644e-03,6.031163e-02,1.5061425526e+00,0.1404,1.9307e-01
372.819,1.2563715149e-03,6.029331e-02,1.5061425526e+00,0.1404,1.9107e-01
373.397,1.2548763875e-03,6.021719e-02,1.5061425526e+00,0.1053,1.8865e-01
373.976,1.2540415016e-03,6.009403e-02,1.5061425526e+00,0.1053,1.8595e-01
374.554,1.2539469486e-03,5.991972e-02,1.5061425526e+00,0.1053,1.8305e-01
375.132,1.2546588648e-03,5.969491e-02,1.5061425526e+00,0.1053,1.8000e-01
375.710,1.2562137173e-03,5.942106e-02,1.5061425526e+00,0.1053,1.7685e-01
376.288,1.2586082787e-03,5.910064e-02,1.5061425526e+00,0.1053,1.7363e-01
376.866,1.2618008620e-03,5.873768e-02,1.5061425526e+00,0.1053,1.7755e-01
377.444,1.2657233933e-03,5.833701e-02,1.5061425526e+00,0.0702,1.8112e-01
378.022,1.2702893240e-03,5.790829e-02,1.5061425526e+00,0.0702,1.8374e-01
378.600,1.2753887317e-03,5.746128e-02,1.5061425526e+00,0.0702,1.8537e-01
379.178,1.2808733053e-03,5.700837e-02,1.5061425526e+00,0.0702,1.8572e-01
379.756,1.2865413162e-03,5.656346e-02,1.5061425526e+00,0.0702,1.8424e-01
380.334,1.2921321843e-03,5.614120e-02,1.5061425526e+00,0.0702,1.7842e-01
380.912,1.2973348107e-03,5.575593e-02,1.5061425526e+00,0.0702,1.6005e-01
381.490,1.3018106169e-03,5.541991e-02,1.5061425526e+00,0.0351,1.4325e-01
382.068,1.3052322009e-03,5.514548e-02,1.5061425526e+00,0.0351,1.3997e-01
382.646,1.3073355891e-03,5.494000e-02,1.5061425526e+00,0.0351,1.3685e-01
383.224,1.3079748370e-03,5.480793e-02,1.5061425526e+00,0.0351,1.3169e-01
383.802,1.3071588551e-03,5.475025e-02,1.5061425526e+00,0.0351,1.2751e-01
384.380,1.3050525555e-03,5.476475e-02,1.5061425526e+00,0.0351,1.2976e-01
384.958,1.3019398929e-03,5.484655e-02,1.5061425526e+00,0.0351,1.3232e-01
385.536,1.2981646440e-03,5.498873e-02,1.5061425526e+00,0.0351,1.3514e-01
386.114,1.2940722496e-03,5.518309e-02,1.5061425526e+00,0.0351,1.3813e-01
386.692,1.2899687141e-03,5.542077e-02,1.5061425526e+00,0.0351,1.4123e-01
387.270,1.2860989588e-03,5.569282e-02,1.5061425526e+00,0.0351,1.4434e-01
387.848,1.2826387215e-03,5.599027e-02,1.5061425526e+00,0.0351,1.4738e-01
388.426,1.2796945553e-03,5.630437e-02,1.5061425526e+00,0.0351,1.5028e-01
389.004,1.2773106200e-03,5.662660e-02,1.5061425526e+00,0.0351,1.5293e-01
389.582,1.2754820254e-03,5.694871e-02,1.5061425526e+00,0.0351,1.5528e-01
390.160,1.2741655856e-03,5.726240e-02,1.5061425526e+00,0.0351,1.5725e-01
390.738,1.2733038488e-03,5.755912e-02,1.5061425526e+00,0.0351,1.5878e-01
391.316,1.2728288803e-03,5.782999e-02,1.5061425526e+00,0.0351,1.5984e-01
391.894,1.2726595544e-03,5.806576e-02,1.5061425526e+00,0.0351,1.6040e-01
392.472,1.2727105345e-03,5.825705e-02,1.5061425526e+00,0.0351,1.6045e-01
393.050,1.2729069209e-03,5.839476e-02,1.5061425526e+00,0.0351,1.6000e-01
393.628,1.2731927477e-03,5.847079e-02,1.5061425526e+00,0.0351,1.5911e-01
394.206,1.2735299638e-03,5.847893e-02,1.5061425526e+00,0.0351,1.5781e-01
394.784,1.2738944033e-03,5.841568e-02,1.5061425526e+00,0.0351,1.5622e-01
395.362,1.2742741384e-03,5.828101e-02,1.5061425526e+00,0.0351,1.5442e-01
395.940,1.2746689020e-03,5.807890e-02,1.5061425526e+00,0.0351,1.5254e-01
396.518,1.2750874664e-03,5.781750e-02,1.5061425526e+00,0.0351,1.5071e-01
397.096,1.2755412143e-03,5.750883e-02,1.5061425526e+00,0.0351,1.4905e-01
397.674,1.2760363133e-03,5.716823e-02,1.5061425526e+00,0.0351,1.4768e-01
398.252,1.2765696896e-03,5.681331e-02,1.5061425526e+00,0.0351,1.4668e-01
398.830,1.2771299368e-03,5.646268e-02,1.5061425526e+00,0.0351,1.4610e-01
399.408,1.2777029376e-03,5.613456e-02,1.5061425526e+00,0.0351,1.4598e-01
399.986,1.2782778708e-03,5.584546e-02,1.5061425526e+00,0.0351,1.4630e-01
400.564,1.2788489047e-03,5.560887e-02,1.5061425526e+00,0.0351,1.4703e-01
401.142,1.2794116005e-03,5.543425e-02,1.5061425526e+00,0.0351,1.4814e-01
401.720,1.2799572092e-03,5.532667e-02,1.5061425526e+00,0.0351,1.4956e-01
402.298,1.2804691963e-03,5.528680e-02,1.5061425526e+00,0.0351,1.5124e-01
402.876,1.2809241782e-03,5.531122e-02,1.5061425526e+00,0.0351,1.5312e-01
403.454,1.2812963191e-03,5.539328e-02,1.5061425526e+00,0.0351,1.5490e-01
404.032,1.2815626853e-03,5.259982e-02,1.5061425526e+00,0.0702,1.5647e-01
404.610,1.2817074410e-03,5.541950e-02,1.5061425526e+00,0.0351,1.5789e-01
405.188,1.2817239323e-03,5.553378e-02,1.5061425526e+00,0.0351,1.5917e-01
405.766,1.2816144140e-03,5.569947e-02,1.5061425526e+00,0.0351,1.6035e-01
406.344,1.2813876258e-03,5.589301e-02,1.5061425526e+00,0.0351,1.6144e-01
406.922,1.2810554677e-03,5.609985e-02,1.5061425526e+00,0.0351,1.6244e-01
407.500,1.2806306887e-03,5.631022e-02,1.5061425526e+00,0.0351,1.6336e-01
408.078,1.2801266465e-03,5.651723e-02,1.5061425526e+00,0.0351,1.6419e-01
408.656,1.2795587713e-03,5.671594e-02,1.5061425526e+00,0.0351,1.6492e-01
409.234,1.2789465074e-03,5.690267e-02,1.5061425526e+00,0.0351,1.6555e-01
409.812,1.2783139103e-03,5.707443e-02,1.5061425526e+00,0.0351,1.6606e-01
410.390,1.2776878588e-03,5.722837e-02,1.5061425526e+00,0.0351,1.6629e-01
410.968,1.2770940765e-03,5.736149e-02,1.5061425526e+00,0.0351,1.6588e-01
411.546,1.2765522995e-03,5.746971e-02,1.5061425526e+00,0.0351,1.6501e-01
412.124,1.2760730174e-03,5.754763e-02,1.5061425526e+00,0.0351,1.6377e-01
412.702,1.2756581617e-03,5.758889e-02,1.5061425526e+00,0.0351,1.6224e-01
413.281,1.2753059156e-03,5.758665e-02,1.5061425526e+00,0.0351,1.6047e-01
413.859,1.2750166504e-03,5.753430e-02,1.5061425526e+00,0.0351,1.5851e-01
414.437,1.2747956717e-03,5.742628e-02,1.5061425526e+00,0.0351,1.5640e-01
415.015,1.2746505406e-03,5.725888e-02,1.5061425526e+00,0.0351,1.5418e-01
415.593,1.2745849283e-03,5.703109e-02,1.5061425526e+00,0.0351,1.5183e-01
416.171,1.2745939253e-03,5.674509e-02,1.5061425526e+00,0.0351,1.4934e-01
416.749,1.2746649387e-03,5.640641e-02,1.5061425526e+00,0.0351,1.4671e-01
417.327,1.2747844272e-03,5.602324e-02,1.5061425526e+00,0.0351,1.4396e-01
417.905,1.2749465174e-03,5.560679e-02,1.5061425526e+00,0.0351,1.4107e-01
418.483,1.2751581964e-03,5.517142e-02,1.5061425526e+00,0.0351,1.3965e-01
419.061,1.2754381393e-03,5.473384e-02,1.5061425526e+00,0.0351,1.4382e-01
419.639,1.2758102878e-03,5.431183e-02,1.5061425526e+00,0.0351,1.4778e-01
420.217,1.2762959949e-03,5.392285e-02,1.5061425526e+00,0.0351,1.5154e-01
420.795,1.2769082104e-03,5.358248e-02,1.5061425526e+00,0.0351,1.5507e-01
421.373,1.2776487593e-03,4.984526e-02,1.5061425526e+00,0.0702,1.5836e-01
421.951,1.2785073694e-03,5.270235e-02,1.5061425526e+00,0.0351,1.6138e-01
422.529,1.2794605545e-03,5.234543e-02,1.5061425526e+00,0.0351,1.6412e-01
423.107,1.2804706454e-03,4.900326e-02,1.5061425526e+00,0.0702,1.6652e-01
423.685,1.2814865200e-03,5.181831e-02,1.5061425526e+00,0.0351,1.5611e-01
424.263,1.2824471291e-03,5.178409e-02,1.5061425526e+00,0.0351,1.3269e-01
424.841,1.2832881895e-03,4.901197e-02,1.5061425526e+00,0.0702,1.3584e-01
425.419,1.2839502947e-03,5.182335e-02,1.5061425526e+00,0.0351,1.3801e-01
425.997,1.2843857139e-03,5.199393e-02,1.5061425526e+00,0.0351,1.3936e-01
426.575,1.2845621937e-03,5.226044e-02,1.5061425526e+00,0.0351,1.4001e-01
427.153,1.2844640660e-03,5.259443e-02,1.5061425526e+00,0.0351,1.4007e-01
427.731,1.2840918371e-03,5.297703e-02,1.5061425526e+00,0.0351,1.3964e-01
428.309,1.2834598377e-03,5.339422e-02,1.5061425526e+00,0.0351,1.3878e-01
428.887,1.2825969124e-03,5.383467e-02,1.5061425526e+00,0.0351,1.3758e-01
429.465,1.2815416989e-03,5.428874e-02,1.5061425526e+00,0.0351,1.3607e-01
430.043,1.2803358662e-03,5.474801e-02,1.5061425526e+00,0.0351,1.3431e-01
430.621,1.2790205888e-03,5.520490e-02,1.5061425526e+00,0.0351,1.3233e-01
431.199,1.2776367180e-03,5.565254e-02,1.5061425526e+00,0.0351,1.3015e-01
431.777,1.2762263723e-03,5.608458e-02,1.5061425526e+00,0.0351,1.2779e-01
432.355,1.2748334646e-03,5.649502e-02,1.5061425526e+00,0.0351,1.2526e-01
432.933,1.2735025264e-03,5.687811e-02,1.5061425526e+00,0.0351,1.2229e-01
433.511,1.2722767648e-03,5.722815e-02,1.5061425526e+00,0.0351,1.1880e-01
434.089,1.2711961052e-03,5.753941e-02,1.5061425526e+00,0.0351,1.1479e-01
434.667,1.2702949174e-03,5.780599e-02,1.5061425526e+00,0.0351,1.1000e-01
435.245,1.2695990487e-03,5.802189e-02,1.5061425526e+00,0.0351,1.0430e-01
435.823,1.2691230673e-03,5.818109e-02,1.5061425526e+00,0.0351,9.7562e-02
436.401,1.2688697868e-03,5.827779e-02,1.5061425526e+00,0.0351,8.9605e-02
436.979,1.2688336161e-03,5.830676e-02,1.5061425526e+00,0.0351,8.0320e-02
437.557,1.2690070390e-03,5.826382e-02,1.5061425526e+00,0.0351,6.9593e-02
438.135,1.2693872496e-03,5.814629e-02,1.5061425526e+00,0.0351,5.7141e-02
438.713,1.2699793779e-03,5.795367e-02,1.5061425526e+00,0.0351,5.3797e-02
439.291,1.2707943027e-03,5.497992e-02,1.5061425526e+00,0.0702,5.1601e-02
439.869,1.2718411192e-03,5.713208e-02,1.5061425526e+00,0.0351,4.9125e-02
440.447,1.2731171377e-03,5.665072e-02,1.5061425526e+00,0.0351,4.6505e-02
441.025,1.2745992327e-03,5.615834e-02,1.5061425526e+00,0.0351,4.3783e-02
441.603,1.2762381997e-03,5.300473e-02,1.5061425526e+00,0.0702,4.0978e-02
442.181,1.2779592099e-03,5.487240e-02,1.5061425526e+00,0.0351,3.8098e-02
442.759,1.2796699887e-03,5.431403e-02,1.5061425526e+00,0.0351,3.5149e-02
443.337,1.2812751426e-03,5.381320e-02,1.5061425526e+00,0.0351,3.4774e-02
443.915,1.2826921148e-03,5.337189e-02,1.5061425526e+00,0.0351,3.9820e-02
444.493,1.2838631545e-03,5.299506e-02,1.5061425526e+00,0.0351,4.4661e-02
445.071,1.2847593068e-03,5.268715e-02,1.5061425526e+00,0.0351,4.9356e-02
445.649,1.2853760172e-03,5.245082e-02,1.5061425526e+00,0.0351,5.3916e-02
446.227,1.2857234848e-03,5.228691e-02,1.5061425526e+00,0.0351,5.8275e-02
446.805,1.2858165526e-03,5.219480e-02,1.5061425526e+00,0.0351,6.2443e-02
447.383,1.2856682546e-03,5.217287e-02,1.5061425526e+00,0.0351,6.6373e-02
447.961,1.2852889658e-03,5.221867e-02,1.5061425526e+00,0.0351,7.0133e-02
448.539,1.2846906162e-03,5.232894e-02,1.5061425526e+00,0.0351,7.3588e-02
449.117,1.2838934320e-03,5.249938e-02,1.5061425526e+00,0.0351,7.6842e-02
449.695,1.2829319531e-03,5.272441e-02,1.5061425526e+00,0.0351,7.9877e-02
450.273,1.2818549994e-03,5.299712e-02,1.5061425526e+00,0.0351,8.2749e-02
450.851,1.2807201106e-03,5.330942e-02,1.5061425526e+00,0.0351,8.5600e-02
451.429,1.2795877868e-03,5.365236e-02,1.5061425526e+00,0.0351,8.8505e-02
452.007,1.2785033254e-03,5.401643e-02,1.5061425526e+00,0.0351,9.1453e-02
452.586,1.2774853159e-03,5.439193e-02,1.5061425526e+00,0.0351,9.4431e-02
453.164,1.2765281671e-03,5.476948e-02,1.5061425526e+00,0.0351,9.7427e-02
453.742,1.2756154963e-03,5.514023e-02,1.5061425526e+00,0.0351,1.0043e-01
454.320,1.2747369369e-03,5.549591e-02,1.5061425526e+00,0.0351,1.0342e-01
454.898,1.2739006387e-03,5.582905e-02,1.5061425526e+00,0.0351,1.0639e-01
455.476,1.2731374176e-03,5.613319e-02,1.5061425526e+00,0.0351,1.0933e-01
456.054,1.2724967691e-03,5.640291e-02,1.5061425526e+00,0.0351,1.1224e-01
456.632,1.2720369084e-03,5.663475e-02,1.5061425526e+00,0.0351,1.1509e-01
457.210,1.2718110583e-03,5.682760e-02,1.5061425526e+00,0.0351,1.2035e-01
457.788,1.2718527479e-03,5.698269e-02,1.5061425526e+00,0.0351,1.2777e-01
458.366,1.2721647841e-03,5.710317e-02,1.5061425526e+00,0.0351,1.3550e-01
458.944,1.2727170456e-03,5.719361e-02,1.5061425526e+00,0.0351,1.4479e-01
459.522,1.2734554834e-03,5.725949e-02,1.5061425526e+00,0.0351,1.5602e-01
460.100,1.2743193808e-03,5.730662e-02,1.5061425526e+00,0.0351,1.6996e-01
460.678,1.2752592541e-03,5.734083e-02,1.5061425526e+00,0.0351,1.8813e-01
461.256,1.2762472500e-03,5.736765e-02,1.5061425526e+00,0.0351,2.1348e-01
461.834,1.2772771141e-03,5.739213e-02,1.5061425526e+00,0.0351,2.5790e-01
462.412,1.2783543389e-03,5.741849e-02,1.5061425526e+00,0.0351,3.4050e-01
462.990,1.2794812096e-03,5.744997e-02,1.5061425526e+00,0.0351,5.3214e-01
463.568,1.2806429431e-03,5.748871e-02,1.5061425619e+00,0.0702,1.4568e-01
464.146,1.2817991252e-03,5.753597e-02,1.5061425619e+00,0.0702,1.4795e-01
464.724,1.2828821096e-03,5.759240e-02,1.5061425619e+00,0.0702,1.4998e-01
465.302,1.2838024822e-03,5.765840e-02,1.5061425619e+00,0.0702,1.5196e-01
465.880,1.2844609623e-03,5.773437e-02,1.5061425619e+00,0.0702,1.5542e-01
466.458,1.2847649974e-03,5.782084e-02,1.5061425619e+00,0.0702,1.6173e-01
467.036,1.2846464639e-03,5.791847e-02,1.5061425619e+00,0.0702,1.6660e-01
467.614,1.2840755343e-03,5.802803e-02,1.5061425619e+00,0.0702,1.7076e-01
468.192,1.2830660874e-03,5.815017e-02,1.5061425619e+00,0.0702,1.7503e-01
468.770,1.2816713404e-03,5.828522e-02,1.5061425619e+00,0.0702,1.7741e-01
469.348,1.2799711070e-03,5.843304e-02,1.5061425619e+00,0.0702,1.7857e-01
469.926,1.2780555920e-03,5.859278e-02,1.5061425619e+00,0.0702,1.7923e-01
470.504,1.2760194389e-03,5.876280e-02,1.5061425619e+00,0.0702,1.7992e-01
471.082,1.2739473673e-03,5.894057e-02,1.5061425619e+00,0.0702,1.8094e-01
471.660,1.2719053559e-03,5.912269e-02,1.5061425619e+00,0.0702,1.8245e-01
472.238,1.2699441120e-03,5.930493e-02,1.5061425619e+00,0.0702,1.8446e-01
472.816,1.2681088176e-03,5.948239e-02,1.5061425619e+00,0.0702,1.8691e-01
473.394,1.2664472449e-03,5.964973e-02,1.5061425619e+00,0.0702,1.8972e-01
473.972,1.2650115917e-03,5.980153e-02,1.5061425619e+00,0.0702,1.9282e-01
474.550,1.2638544190e-03,5.993262e-02,1.5061425619e+00,0.0702,1.9609e-01
475.128,1.2630227872e-03,6.003838e-02,1.5061425619e+00,0.0702,1.9943e-01
475.706,1.2625546263e-03,6.011513e-02,1.5061425619e+00,0.0702,2.0277e-01
476.284,1.2624784883e-03,6.016030e-02,1.5061425619e+00,0.0702,2.0598e-01
476.862,1.2628155872e-03,6.017269e-02,1.5061425619e+00,0.0702,2.0435e-01
477.440,1.2635833906e-03,6.015232e-02,1.5061425619e+00,0.0702,2.0765e-01
478.018,1.2648019050e-03,6.010114e-02,1.5061425619e+00,0.0702,2.0990e-01
478.596,1.2665045652e-03,6.002243e-02,1.5061425619e+00,0.0702,2.1123e-01
479.174,1.2687513132e-03,5.992056e-02,1.5061425619e+00,0.0702,1.9525e-01
479.752,1.2716391729e-03,5.980111e-02,1.5061425619e+00,0.0702,1.9936e-01
480.330,1.2753011832e-03,5.967026e-02,1.5061425619e+00,0.0702,2.0230e-01
480.908,1.2798810550e-03,5.953473e-02,1.5061425619e+00,0.0702,1.8978e-01
481.486,1.2854814987e-03,5.940430e-02,1.5061425619e+00,0.0702,2.1661e-01
482.064,1.2920936961e-03,5.929196e-02,1.5061425619e+00,0.0702,2.3565e-01
482.642,1.2995233237e-03,5.920226e-02,1.5061425619e+00,0.0702,2.6200e-01
483.220,1.3073355949e-03,5.913820e-02,1.5061425619e+00,0.0702,3.0166e-01
483.798,1.3148493589e-03,5.910171e-02,1.5061425619e+00,0.0702,3.6759e-01
484.376,1.3212149856e-03,5.909345e-02,1.5061425619e+00,0.0702,4.9089e-01
484.954,1.3255896003e-03,5.911267e-02,1.5061425619e+00,0.0702,7.0815e-01
485.532,1.3273646757e-03,5.915751e-02,1.5061425619e+00,0.0702,8.9155e-01
486.110,1.3263448987e-03,5.922705e-02,1.5061466663e+00,0.0702,1.6650e-01
486.688,1.3227849013e-03,5.922374e-02,1.5061466663e+00,0.0702,1.6525e-01
487.266,1.3172709826e-03,5.928598e-02,1.5061466663e+00,0.0702,1.6557e-01
487.844,1.3105244418e-03,5.935704e-02,1.5061466663e+00,0.0702,1.6723e-01
488.422,1.3032288751e-03,5.944382e-02,1.5061466663e+00,0.0702,1.6925e-01
489.000,1.2959370000e-03,5.957983e-02,1.5061466663e+00,0.0351,1.7105e-01
489.578,1.2890475574e-03,5.968797e-02,1.5061466663e+00,0.0351,1.7266e-01
490.156,1.2828143101e-03,5.980542e-02,1.5061466663e+00,0.0351,1.7410e-01
490.734,1.2773632488e-03,5.993212e-02,1.5061466663e+00,0.0351,1.7541e-01
491.312,1.2727202145e-03,6.006743e-02,1.5061466663e+00,0.0351,1.7661e-01
491.891,1.2688372320e-03,6.021040e-02,1.5061466663e+00,0.0351,1.7766e-01
492.469,1.2656531158e-03,6.035951e-02,1.5061466663e+00,0.0351,1.7856e-01
493.047,1.2631244692e-03,6.051654e-02,1.5061466663e+00,0.0351,1.7928e-01
493.625,1.2612060557e-03,6.068655e-02,1.5061466663e+00,0.0351,1.7981e-01
494.203,1.2598407220e-03,6.086530e-02,1.5061469261e+00,0.0702,1.8145e-01
494.781,1.2589671235e-03,6.104775e-02,1.5061469261e+00,0.0702,1.8923e-01
495.359,1.2585332102e-03,6.122861e-02,1.5061469261e+00,0.0702,2.0078e-01
495.937,1.2584982324e-03,6.140342e-02,1.5061469261e+00,0.0702,2.1559e-01
496.515,1.2588209194e-03,6.156930e-02,1.5061469261e+00,0.0702,2.3190e-01
497.093,1.2594499613e-03,6.172296e-02,1.5061469261e+00,0.0702,2.5467e-01
497.671,1.2603298525e-03,6.186057e-02,1.5061469261e+00,0.0702,2.9522e-01
498.249,1.2614138329e-03,6.197835e-02,1.5061469261e+00,0.0702,3.9899e-01
498.827,1.2626676584e-03,6.207328e-02,1.5061508833e+00,0.0702,1.8014e-01
499.405,1.2640616975e-03,6.201489e-02,1.5061508833e+00,0.1053,1.7866e-01
499.983,1.2655619385e-03,6.196654e-02,1.5061508833e+00,0.1053,1.7688e-01
500.561,1.2671303205e-03,6.186698e-02,1.5061508833e+00,0.1053,1.7487e-01
501.139,1.2687329857e-03,6.177830e-02,1.5061508833e+00,0.0702,1.7354e-01
501.717,1.2703455473e-03,6.164619e-02,1.5061508833e+00,0.0702,1.7856e-01
502.295,1.2719479385e-03,6.150832e-02,1.5061508833e+00,0.0702,1.7791e-01
502.873,1.2735116154e-03,6.137605e-02,1.5061508833e+00,0.0702,1.8321e-01
503.451,1.2749946555e-03,6.125826e-02,1.5061508833e+00,0.0702,1.8850e-01
504.029,1.2763505504e-03,6.116214e-02,1.5061508833e+00,0.0702,1.9378e-01
504.607,1.2775415742e-03,6.109366e-02,1.5061508833e+00,0.0702,1.9905e-01
505.185,1.2785457668e-03,6.105755e-02,1.5061508833e+00,0.0702,2.1170e-01
505.763,1.2793536565e-03,6.105721e-02,1.5061508833e+00,0.0702,2.6925e-01
506.341,1.2799597526e-03,6.109453e-02,1.5061508833e+00,0.0702,6.7744e-01
506.919,1.2803572203e-03,6.105276e-02,1.5061543644e+00,0.1053,2.2064e-01
507.497,1.2805399643e-03,6.107652e-02,1.5061543644e+00,0.1053,2.2708e-01
508.075,1.2805093176e-03,6.110416e-02,1.5061543644e+00,0.1053,2.3658e-01
508.653,1.2802789667e-03,6.114145e-02,1.5061543644e+00,0.1053,2.5194e-01
509.231,1.2798742851e-03,6.123532e-02,1.5061543644e+00,0.0702,2.5529e-01
509.809,1.2793278574e-03,6.132603e-02,1.5061551147e+00,0.1053,2.4778e-01
510.387,1.2786756036e-03,6.143970e-02,1.5061551147e+00,0.1053,2.4973e-01
510.965,1.2779553731e-03,6.157678e-02,1.5061551147e+00,0.1053,2.4017e-01
511.543,1.2772062771e-03,6.173504e-02,1.5061551147e+00,0.1053,2.1534e-01
512.121,1.2764667626e-03,6.191024e-02,1.5061551147e+00,0.1053,1.9137e-01
512.699,1.2757723463e-03,6.209661e-02,1.5061561969e+00,0.1404,1.9705e-01
513.277,1.2751517623e-03,6.228712e-02,1.5061561969e+00,0.1404,2.0115e-01
513.855,1.2746289120e-03,6.247408e-02,1.5061561969e+00,0.1404,2.0794e-01
514.433,1.2742260490e-03,6.264941e-02,1.5061561969e+00,0.1404,2.2566e-01
515.011,1.2739577823e-03,6.280530e-02,1.5061561969e+00,0.1404,2.4891e-01
515.589,1.2738298053e-03,6.293475e-02,1.5061561969e+00,0.1404,2.8170e-01
516.167,1.2738439988e-03,6.303189e-02,1.5061561969e+00,0.1404,3.3536e-01
516.745,1.2740047904e-03,6.309261e-02,1.5061561969e+00,0.1404,4.5022e-01
517.323,1.2743203759e-03,6.311476e-02,1.5061561969e+00,0.1404,9.1030e-01
517.901,1.2747977725e-03,6.297188e-02,1.5061598341e+00,0.1754,2.3188e-01
518.479,1.2754364726e-03,6.282662e-02,1.5061598341e+00,0.1754,2.3655e-01
519.057,1.2762254939e-03,6.261600e-02,1.5061598341e+00,0.1754,2.3211e-01
519.635,1.2771442389e-03,6.241482e-02,1.5061598341e+00,0.1404,2.1044e-01
520.213,1.2781654714e-03,6.216334e-02,1.5061598341e+00,0.1404,1.9115e-01
520.791,1.2792572545e-03,6.190893e-02,1.5061598341e+00,0.1404,1.8149e-01
521.369,1.2803828955e-03,6.166885e-02,1.5061598341e+00,0.1404,1.7653e-01
521.947,1.2815012197e-03,6.145917e-02,1.5061606341e+00,0.1754,1.7527e-01
522.525,1.2825690717e-03,6.129520e-02,1.5061606341e+00,0.1754,1.8196e-01
523.103,1.2835455242e-03,6.119040e-02,1.5061606341e+00,0.1754,1.9756e-01
523.681,1.2843954648e-03,6.115555e-02,1.5061606341e+00,0.1754,2.4975e-01
524.259,1.2850907640e-03,6.110859e-02,1.5061639506e+00,0.2105,1.9041e-01
524.837,1.2856094179e-03,6.116182e-02,1.5061639506e+00,0.2105,1.8684e-01
525.415,1.2859347375e-03,6.124820e-02,1.5061639506e+00,0.2105,1.8240e-01
525.993,1.2860563334e-03,6.137504e-02,1.5061639506e+00,0.2105,1.7974e-01
526.571,1.2859728212e-03,6.154589e-02,1.5061639506e+00,0.2105,1.7829e-01
527.149,1.2856945475e-03,6.175445e-02,1.5061639506e+00,0.2105,1.7763e-01
527.727,1.2852446649e-03,6.196807e-02,1.5061639506e+00,0.1754,1.7739e-01
528.305,1.2846579164e-03,6.226684e-02,1.5061639506e+00,0.1754,1.7730e-01
528.883,1.2839749828e-03,6.261013e-02,1.5061639506e+00,0.1754,1.7726e-01
529.461,1.2832424459e-03,6.299159e-02,1.5061639506e+00,0.1754,1.7721e-01
530.039,1.2825054155e-03,6.340360e-02,1.5061639506e+00,0.1754,1.7715e-01
530.617,1.2817979877e-03,6.383756e-02,1.5061639506e+00,0.1754,1.7709e-01
531.196,1.2811390115e-03,6.428412e-02,1.5061639506e+00,0.1754,1.7703e-01
531.774,1.2805327179e-03,6.473335e-02,1.5061639506e+00,0.1754,1.7699e-01
532.352,1.2799717775e-03,6.517494e-02,1.5061639506e+00,0.1754,1.7871e-01
532.930,1.2794409482e-03,6.559853e-02,1.5061639506e+00,0.1754,1.8515e-01
533.508,1.2789210468e-03,6.599407e-02,1.5061639506e+00,0.1754,1.7333e-01
534.086,1.2783937466e-03,6.635217e-02,1.5061639506e+00,0.1754,1.6472e-01
534.664,1.2778467225e-03,6.666449e-02,1.5061639506e+00,0.1754,1.6695e-01
535.242,1.2772774034e-03,6.692425e-02,1.5061639506e+00,0.1754,1.6798e-01
535.820,1.2766938592e-03,6.712646e-02,1.5061639506e+00,0.1404,1.5586e-01
536.398,1.2761130770e-03,6.726854e-02,1.5061639506e+00,0.1404,1.5805e-01
536.976,1.2755583766e-03,6.735230e-02,1.5061639506e+00,0.1404,1.4572e-01
537.554,1.2750576129e-03,6.737336e-02,1.5061639506e+00,0.1053,1.5088e-01
538.132,1.2746423832e-03,6.733142e-02,1.5061639506e+00,0.1053,1.4682e-01
538.710,1.2743472172e-03,6.723167e-02,1.5061639506e+00,0.0702,9.4009e-02
539.288,1.2742077853e-03,6.707945e-02,1.5061639506e+00,0.0351,9.1283e-02
539.866,1.2742581456e-03,6.688644e-02,1.5061639506e+00,0.0702,9.2741e-02
540.444,1.2745278025e-03,6.653991e-02,1.5061696095e+00,0.1053,8.8974e-02
541.022,1.2750391440e-03,6.617060e-02,1.5061696095e+00,0.0702,8.5669e-02
541.600,1.2758050699e-03,6.574592e-02,1.5061696095e+00,0.0702,8.2006e-02
542.178,1.2768256683e-03,6.528431e-02,1.5061696095e+00,0.0702,7.7254e-02
542.756,1.2780841504e-03,6.480588e-02,1.5061696095e+00,0.0702,7.1553e-02
543.334,1.2795436092e-03,6.432928e-02,1.5061696095e+00,0.0702,6.6277e-02
543.912,1.2811440367e-03,6.377710e-02,1.5061696095e+00,0.0351,1.1983e-01
544.490,1.2828020254e-03,6.338818e-02,1.5061696095e+00,0.0702,1.1948e-01
545.068,1.2844154093e-03,6.304938e-02,1.5061696095e+00,0.0702,1.1591e-01
545.646,1.2858728453e-03,6.276800e-02,1.5061696095e+00,0.0702,1.0619e-01
546.224,1.2870662662e-03,6.255098e-02,1.5061702380e+00,0.1053,6.9870e-02
546.802,1.2879033839e-03,6.240417e-02,1.5061702380e+00,0.1053,4.6953e-02
547.380,1.2883179841e-03,6.223453e-02,1.5061765064e+00,0.1404,4.4992e-02
547.958,1.2882767676e-03,6.216085e-02,1.5061765064e+00,0.1404,4.2442e-02
548.536,1.2877822271e-03,6.213141e-02,1.5061765064e+00,0.1404,4.5830e-02
549.114,1.2868715132e-03,6.214779e-02,1.5061765064e+00,0.1404,4.9741e-02
549.692,1.2856117160e-03,6.221000e-02,1.5061765064e+00,0.1404,5.4127e-02
550.270,1.2840924543e-03,6.231599e-02,1.5061765064e+00,0.1404,5.8834e-02
550.848,1.2824177116e-03,6.246137e-02,1.5061765064e+00,0.1404,6.3796e-02
551.426,1.2806925250e-03,6.263993e-02,1.5061765064e+00,0.1404,6.8936e-02
552.004,1.2790172736e-03,6.284445e-02,1.5061765064e+00,0.1404,7.4189e-02
552.582,1.2774825766e-03,6.306784e-02,1.5061765064e+00,0.1404,7.9556e-02
553.160,1.2761520147e-03,6.329897e-02,1.5061765064e+00,0.1053,1.0649e-01
553.738,1.2750553355e-03,6.351862e-02,1.5061765064e+00,0.1053,1.0950e-01
554.316,1.2741939564e-03,6.374562e-02,1.5061765064e+00,0.1053,1.1217e-01
554.894,1.2735502393e-03,6.397754e-02,1.5061765064e+00,0.1053,1.1440e-01
555.472,1.2730933441e-03,6.421288e-02,1.5061765064e+00,0.1053,1.1599e-01
556.050,1.2727819452e-03,6.445054e-02,1.5061765064e+00,0.1053,1.1675e-01
556.628,1.2725698135e-03,6.468952e-02,1.5061765064e+00,0.1053,1.2027e-01
557.206,1.2724180500e-03,6.492868e-02,1.5061765064e+00,0.1053,1.2649e-01
557.784,1.2723102501e-03,6.516673e-02,1.5061765064e+00,0.1053,1.3278e-01
558.362,1.2722622372e-03,6.540210e-02,1.5061765201e+00,0.1404,1.3908e-01
558.940,1.2723208068e-03,6.563285e-02,1.5061765201e+00,0.1404,1.4541e-01
559.518,1.2725528713e-03,6.585655e-02,1.5061765201e+00,0.1404,1.5179e-01
560.096,1.2730309258e-03,6.607032e-02,1.5061765201e+00,0.1404,1.5821e-01
560.674,1.2738198379e-03,6.627078e-02,1.5061765201e+00,0.1404,1.6468e-01
561.252,1.2749657190e-03,6.645417e-02,1.5061765201e+00,0.1404,1.7119e-01
561.830,1.2764875088e-03,6.661645e-02,1.5061765201e+00,0.1053,1.7777e-01
562.408,1.2783697835e-03,6.675340e-02,1.5061765201e+00,0.1053,1.8421e-01
562.986,1.2805575678e-03,6.686063e-02,1.5061765201e+00,0.1053,1.9059e-01
563.564,1.2829573371e-03,6.693383e-02,1.5061765201e+00,0.0702,1.9694e-01
564.142,1.2854462331e-03,6.696911e-02,1.5061765215e+00,0.1053,2.0298e-01
564.720,1.2878868769e-03,6.696328e-02,1.5061765269e+00,0.1404,1.6507e-01
565.298,1.2901422637e-03,6.691430e-02,1.5061765270e+00,0.1404,1.3984e-01
565.876,1.2920865794e-03,6.682150e-02,1.5061765270e+00,0.1404,1.4558e-01
566.454,1.2936118114e-03,6.668604e-02,1.5061765270e+00,0.1404,1.5132e-01
567.032,1.2946328277e-03,6.651148e-02,1.5061765270e+00,0.1404,1.5686e-01
567.610,1.2950929441e-03,6.368109e-02,1.5061765270e+00,0.1404,1.6251e-01
568.188,1.2949691182e-03,6.585263e-02,1.5061765270e+00,0.1053,1.6841e-01
568.766,1.2942741489e-03,6.550764e-02,1.5061765270e+00,0.1053,1.7248e-01
569.344,1.2930540606e-03,6.519556e-02,1.5061765270e+00,0.1053,1.7246e-01
569.922,1.2913804952e-03,6.490445e-02,1.5061765270e+00,0.1053,1.6943e-01
570.501,1.2893400063e-03,6.175085e-02,1.5061765270e+00,0.1404,1.6504e-01
571.079,1.2870235671e-03,6.410150e-02,1.5061765270e+00,0.1053,1.6067e-01
571.657,1.2845186660e-03,6.382956e-02,1.5061765270e+00,0.1053,1.5694e-01
572.235,1.2819052396e-03,6.347344e-02,1.5061793416e+00,0.1404,1.5399e-01
572.813,1.2792495238e-03,6.318057e-02,1.5061793416e+00,0.1754,1.5170e-01
573.391,1.2766058791e-03,6.288048e-02,1.5061793416e+00,0.1754,1.4988e-01
573.969,1.2740314548e-03,6.257727e-02,1.5061793416e+00,0.1754,1.4841e-01
574.547,1.2715781032e-03,6.228761e-02,1.5061793416e+00,0.1754,1.4718e-01
575.125,1.2692913400e-03,6.202747e-02,1.5061793416e+00,0.1754,1.4615e-01
575.703,1.2672186704e-03,6.180100e-02,1.5061793416e+00,0.1754,1.4527e-01
576.281,1.2654150331e-03,6.138910e-02,1.5061793416e+00,0.1053,1.4453e-01
576.859,1.2639393971e-03,6.126460e-02,1.5061793416e+00,0.1053,1.4392e-01
577.437,1.2628458661e-03,6.119162e-02,1.5061793416e+00,0.1053,1.4341e-01
578.015,1.2621760172e-03,6.117454e-02,1.5061793416e+00,0.1053,1.4300e-01
578.593,1.2619563017e-03,6.121597e-02,1.5061793416e+00,0.1053,1.4267e-01
579.171,1.2621996054e-03,6.131644e-02,1.5061793416e+00,0.1053,1.4240e-01
579.749,1.2629077669e-03,6.147481e-02,1.5061794458e+00,0.1404,1.4217e-01
580.327,1.2640728993e-03,6.168869e-02,1.5061794458e+00,0.1404,1.4200e-01
580.905,1.2656766037e-03,6.195489e-02,1.5061794458e+00,0.1404,1.4185e-01
581.483,1.2676910770e-03,6.227124e-02,1.5061794458e+00,0.1404,1.4173e-01
582.061,1.2700804929e-03,6.262820e-02,1.5061794458e+00,0.1404,1.4163e-01
582.639,1.2728007108e-03,6.301565e-02,1.5061794458e+00,0.1404,1.4332e-01
583.217,1.2757972846e-03,6.342810e-02,1.5061794458e+00,0.1404,1.4928e-01
583.795,1.2790007500e-03,6.375550e-02,1.5061802121e+00,0.1754,1.5417e-01
584.373,1.2823191321e-03,6.413184e-02,1.5061802121e+00,0.1754,1.5799e-01
584.951,1.2856302929e-03,6.447050e-02,1.5061802121e+00,0.1754,1.6401e-01
585.529,1.2887788901e-03,6.477159e-02,1.5061802121e+00,0.1754,1.5022e-01
586.107,1.2915822826e-03,6.503370e-02,1.5061802121e+00,0.1754,1.4776e-01
586.685,1.2938464915e-03,6.515022e-02,1.5061802121e+00,0.1404,1.3580e-01
587.263,1.2953893203e-03,6.534728e-02,1.5061802121e+00,0.1404,1.3864e-01
587.841,1.2960654587e-03,6.551459e-02,1.5061802121e+00,0.1404,1.4023e-01
588.419,1.2957885407e-03,6.565343e-02,1.5061802121e+00,0.1404,1.3134e-01
588.997,1.2945464018e-03,6.576438e-02,1.5061802121e+00,0.1404,1.2719e-01
589.575,1.2924067920e-03,6.584822e-02,1.5061802121e+00,0.1404,1.2932e-01
590.153,1.2895115605e-03,6.590608e-02,1.5061802121e+00,0.1404,1.3055e-01
590.731,1.2860591613e-03,6.593964e-02,1.5061802121e+00,0.1404,1.1482e-01
591.309,1.2822784165e-03,6.595131e-02,1.5061802121e+00,0.1404,1.1723e-01
591.887,1.2783991473e-03,6.594421e-02,1.5061802121e+00,0.1404,1.1911e-01
592.465,1.2746263884e-03,6.592204e-02,1.5061802121e+00,0.1404,1.2022e-01
593.043,1.2711249024e-03,6.588867e-02,1.5061802121e+00,0.1404,1.0392e-01
593.621,1.2680084268e-03,6.584778e-02,1.5061802121e+00,0.1404,1.0476e-01
594.199,1.2653439275e-03,6.580254e-02,1.5061802121e+00,0.1053,1.0182e-01
594.777,1.2631724394e-03,6.575533e-02,1.5061802121e+00,0.1404,8.7043e-02
595.355,1.2614986143e-03,6.570752e-02,1.5061802121e+00,0.1404,9.2462e-02
595.933,1.2602924476e-03,6.565935e-02,1.5061802121e+00,0.1404,9.7278e-02
596.511,1.2595083925e-03,6.561015e-02,1.5061802121e+00,0.1404,9.3844e-02
597.089,1.2591037747e-03,6.555875e-02,1.5061802121e+00,0.1053,4.2456e-02
597.667,1.2590411750e-03,6.550367e-02,1.5061802121e+00,0.1053,4.7055e-02
598.245,1.2592778347e-03,6.544343e-02,1.5061802121e+00,0.1053,5.0368e-02
598.823,1.2597579641e-03,6.537668e-02,1.5061802121e+00,0.1053,5.2481e-02
599.401,1.2604179629e-03,6.530234e-02,1.5061802121e+00,0.1053,5.4169e-02
599.979,1.2611998161e-03,6.522033e-02,1.5061802121e+00,0.1053,5.6579e-02
600.557,1.2620618539e-03,6.513206e-02,1.5061802121e+00,0.1053,6.0621e-02
601.135,1.2629810052e-03,6.503216e-02,1.5061802121e+00,0.1053,6.4763e-02
601.713,1.2639503846e-03,6.492132e-02,1.5061802121e+00,0.1053,6.8919e-02
602.291,1.2649787432e-03,6.480172e-02,1.5061802121e+00,0.1053,7.2930e-02
602.869,1.2660932794e-03,6.467810e-02,1.5061802121e+00,0.1053,7.6887e-02
603.447,1.2673412431e-03,6.455666e-02,1.5061802121e+00,0.1053,8.0878e-02
604.025,1.2687852772e-03,6.444461e-02,1.5061802121e+00,0.1053,8.4968e-02
604.603,1.2704927108e-03,6.434965e-02,1.5061833695e+00,0.1053,8.9121e-02
605.181,1.2725244360e-03,6.410786e-02,1.5061833695e+00,0.1404,8.3050e-02
605.759,1.2749293036e-03,6.393295e-02,1.5061833695e+00,0.1404,8.7325e-02
606.337,1.2777452211e-03,6.375628e-02,1.5061833695e+00,0.1404,9.1239e-02
606.915,1.2810027686e-03,6.358549e-02,1.5061833695e+00,0.1404,9.4821e-02
607.493,1.2847255500e-03,6.343584e-02,1.5061833695e+00,0.1404,9.8197e-02
608.071,1.2889236691e-03,6.332271e-02,1.5061833695e+00,0.1404,1.0175e-01
608.649,1.2935788675e-03,6.312308e-02,1.5061833695e+00,0.1053,1.1653e-01
609.227,1.2986200261e-03,6.312191e-02,1.5061833695e+00,0.1053,1.2091e-01
609.806,1.3038914481e-03,6.317865e-02,1.5061833695e+00,0.1053,1.2335e-01
610.384,1.3091237088e-03,6.329454e-02,1.5061833695e+00,0.1053,1.2408e-01
610.962,1.3139253867e-03,6.346915e-02,1.5061833695e+00,0.1053,1.2610e-01
611.540,1.3178198786e-03,6.370044e-02,1.5061833695e+00,0.1053,1.3188e-01
612.118,1.3203381669e-03,6.398476e-02,1.5061833695e+00,0.1053,1.3776e-01
612.696,1.3211419235e-03,6.431679e-02,1.5061833695e+00,0.1053,1.4367e-01
613.274,1.3201208672e-03,6.468967e-02,1.5061833699e+00,0.1053,1.4960e-01
613.852,1.3174166869e-03,6.509500e-02,1.5061838662e+00,0.1404,1.5548e-01
614.430,1.3133694027e-03,6.552296e-02,1.5061838662e+00,0.1404,1.6103e-01
615.008,1.3084230567e-03,6.596232e-02,1.5061838662e+00,0.1053,1.6738e-01
615.586,1.3030349817e-03,6.640083e-02,1.5061838662e+00,0.1053,1.7354e-01
616.164,1.2976109816e-03,6.682582e-02,1.5061838662e+00,0.1053,1.7759e-01
616.742,1.2924654692e-03,6.722473e-02,1.5061838662e+00,0.1053,1.7784e-01
617.320,1.2878000292e-03,6.758578e-02,1.5061838662e+00,0.1053,1.5012e-01
617.898,1.2837005664e-03,6.789856e-02,1.5061838662e+00,0.1053,9.7243e-02
618.476,1.2801558180e-03,6.815445e-02,1.5061838662e+00,0.1053,1.0016e-01
619.054,1.2770941733e-03,6.834616e-02,1.5061838662e+00,0.0351,9.0191e-02
619.632,1.2744127190e-03,6.847184e-02,1.5061838662e+00,0.0351,9.0129e-02
620.210,1.2720161377e-03,6.852977e-02,1.5061838662e+00,0.0351,9.1120e-02
620.788,1.2698321669e-03,6.852191e-02,1.5061838662e+00,0.0351,8.7084e-02
621.366,1.2677948024e-03,6.845298e-02,1.5061838662e+00,0.0351,8.4649e-02
621.944,1.2658477642e-03,6.833025e-02,1.5061838662e+00,0.0702,8.0133e-02
622.522,1.2639639038e-03,6.816332e-02,1.5061838662e+00,0.0702,7.4975e-02
623.100,1.2621558215e-03,6.796481e-02,1.5061838662e+00,0.0702,6.9711e-02
623.678,1.2604663336e-03,6.774603e-02,1.5061838662e+00,0.0351,6.4855e-02
624.256,1.2589477815e-03,6.751178e-02,1.5061838662e+00,0.0351,5.9747e-02
624.834,1.2576463664e-03,6.727361e-02,1.5061838662e+00,0.0351,5.4161e-02
625.412,1.2565997565e-03,6.704230e-02,1.5061838662e+00,0.0351,5.1410e-02
625.990,1.2558439118e-03,6.682701e-02,1.5061838662e+00,0.0351,5.6639e-02
626.568,1.2554195891e-03,6.663493e-02,1.5061838662e+00,0.0351,6.1814e-02
627.146,1.2553725278e-03,6.647110e-02,1.5061838662e+00,0.0351,6.6736e-02
627.724,1.2557484670e-03,6.624205e-02,1.5061869422e+00,0.0702,6.6136e-02
628.302,1.2565881177e-03,6.605279e-02,1.5061869422e+00,0.1053,4.8689e-02
628.880,1.2579240265e-03,6.585214e-02,1.5061872523e+00,0.1404,4.0178e-02
629.458,1.2597776472e-03,6.564656e-02,1.5061872523e+00,0.1404,4.4219e-02
630.036,1.2621556203e-03,6.543947e-02,1.5061872523e+00,0.1404,4.7533e-02
630.614,1.2650405969e-03,6.524470e-02,1.5061872523e+00,0.1404,5.0239e-02
631.192,1.2683809209e-03,6.490456e-02,1.5061872523e+00,0.1053,9.8986e-02
631.770,1.2720823177e-03,6.476294e-02,1.5061872523e+00,0.1053,1.1351e-01
632.348,1.2760062924e-03,6.465871e-02,1.5061872523e+00,0.1053,1.2057e-01
632.926,1.2799764650e-03,6.459921e-02,1.5061872523e+00,0.1053,1.2532e-01
633.504,1.2837872121e-03,6.459033e-02,1.5061872523e+00,0.1053,1.2815e-01
634.082,1.2872178944e-03,6.463578e-02,1.5061872523e+00,0.1053,1.2918e-01
634.660,1.2900595849e-03,6.473661e-02,1.5061872523e+00,0.1053,1.2837e-01
635.238,1.2921518056e-03,6.489085e-02,1.5061872523e+00,0.1053,1.2561e-01
635.816,1.2934148274e-03,6.509353e-02,1.5061872523e+00,0.1053,1.2082e-01
636.394,1.2938621477e-03,6.533689e-02,1.5061873512e+00,0.1754,1.1407e-01
636.972,1.2935893551e-03,6.561077e-02,1.5061873512e+00,0.1754,1.0842e-01
637.550,1.2927488364e-03,6.590319e-02,1.5061873512e+00,0.1754,1.1442e-01
638.128,1.2915236202e-03,6.620085e-02,1.5061873512e+00,0.1754,1.2041e-01
638.706,1.2901070461e-03,6.648972e-02,1.5061873512e+00,0.1754,1.1805e-01
639.284,1.2886860821e-03,6.675555e-02,1.5061873512e+00,0.1404,1.2551e-01
639.862,1.2874235785e-03,6.698474e-02,1.5061873512e+00,0.1404,1.2710e-01
640.440,1.2864396816e-03,6.716527e-02,1.5061873512e+00,0.1404,1.2315e-01
641.018,1.2857985911e-03,6.728759e-02,1.5061873512e+00,0.1404,1.0797e-01
641.596,1.2855070327e-03,6.734390e-02,1.5061873512e+00,0.1053,1.1176e-01
642.174,1.2855248803e-03,6.733353e-02,1.5061873512e+00,0.1053,1.1588e-01
642.752,1.2857821081e-03,6.725582e-02,1.5061873512e+00,0.1053,1.2043e-01
643.330,1.2861951840e-03,6.711435e-02,1.5061873512e+00,0.1053,1.2274e-01
643.908,1.2866798476e-03,6.691531e-02,1.5061873512e+00,0.1053,1.2868e-01
644.486,1.2871610115e-03,6.666687e-02,1.5061873512e+00,0.1053,1.3465e-01
645.064,1.2875805429e-03,6.637866e-02,1.5061873512e+00,0.1053,1.4059e-01
645.642,1.2879012302e-03,6.606138e-02,1.5061873512e+00,0.1053,1.4211e-01
646.220,1.2881044388e-03,6.572645e-02,1.5061873512e+00,0.1053,1.3494e-01
646.798,1.2881821719e-03,6.538562e-02,1.5061873512e+00,0.1053,1.2462e-01
647.376,1.2881277258e-03,6.505061e-02,1.5061873512e+00,0.1053,1.1290e-01
647.954,1.2879300300e-03,6.473255e-02,1.5061873512e+00,0.1053,1.1346e-01
648.532,1.2875743932e-03,6.444142e-02,1.5061873512e+00,0.1053,1.1512e-01
649.111,1.2870469415e-03,6.418541e-02,1.5061873512e+00,0.1053,1.1618e-01
649.689,1.2863368699e-03,6.397056e-02,1.5061873512e+00,0.1053,1.1684e-01
650.267,1.2854337893e-03,6.060315e-02,1.5061873512e+00,0.1404,1.1422e-01
650.845,1.2843233984e-03,6.322135e-02,1.5061873512e+00,0.1053,1.0795e-01
651.423,1.2829868277e-03,6.294754e-02,1.5061874823e+00,0.1404,1.0515e-01
652.001,1.2814055033e-03,5.985343e-02,1.5061874823e+00,0.1754,1.0522e-01
652.579,1.2795688101e-03,6.251906e-02,1.5061874823e+00,0.1404,1.0750e-01
653.157,1.2774810653e-03,6.246136e-02,1.5061874823e+00,0.1404,1.1135e-01
653.735,1.2751643108e-03,6.249243e-02,1.5061874823e+00,0.1404,1.1508e-01
654.313,1.2726570020e-03,6.258220e-02,1.5061874823e+00,0.1404,1.1756e-01
654.891,1.2700262001e-03,6.271483e-02,1.5061874823e+00,0.1404,1.1906e-01
655.469,1.2673551871e-03,6.288049e-02,1.5061874823e+00,0.1404,1.1987e-01
656.047,1.2647294881e-03,6.307232e-02,1.5061874823e+00,0.1404,1.2025e-01
656.625,1.2622323595e-03,6.328499e-02,1.5061874823e+00,0.1404,1.2041e-01
657.203,1.2599443484e-03,6.351404e-02,1.5061874823e+00,0.1404,1.2218e-01
657.781,1.2579410115e-03,6.375535e-02,1.5061874823e+00,0.1404,1.2367e-01
658.359,1.2562878626e-03,6.400477e-02,1.5061876821e+00,0.1754,1.2481e-01
658.937,1.2550365347e-03,6.425810e-02,1.5061876821e+00,0.1754,1.2559e-01
659.515,1.2542260437e-03,6.451095e-02,1.5061876821e+00,0.1754,1.2601e-01
660.093,1.2538883191e-03,6.475873e-02,1.5061876821e+00,0.1754,1.2606e-01
660.671,1.2540533797e-03,6.499674e-02,1.5061876821e+00,0.1754,1.2573e-01
661.249,1.2547507022e-03,6.522022e-02,1.5061876821e+00,0.1754,1.2502e-01
661.827,1.2560079877e-03,6.542431e-02,1.5061876821e+00,0.1754,1.2785e-01
662.405,1.2578470004e-03,6.560406e-02,1.5061876821e+00,0.1754,1.3372e-01
662.983,1.2602852702e-03,6.575455e-02,1.5061876821e+00,0.1404,1.3951e-01
663.561,1.2633382500e-03,6.587111e-02,1.5061876821e+00,0.1404,1.4517e-01
664.139,1.2670109121e-03,6.594764e-02,1.5061876821e+00,0.0702,1.5101e-01
664.717,1.2712809242e-03,6.598481e-02,1.5061876821e+00,0.0702,1.5685e-01
665.295,1.2760813155e-03,6.597901e-02,1.5061876821e+00,0.0702,1.6262e-01
665.873,1.2812890519e-03,6.592973e-02,1.5061876821e+00,0.0702,1.6854e-01
666.451,1.2867213747e-03,6.583777e-02,1.5061876821e+00,0.0702,1.7445e-01
667.029,1.2921389307e-03,6.570501e-02,1.5061876821e+00,0.0702,1.8035e-01
667.607,1.2972561845e-03,6.553418e-02,1.5061876821e+00,0.0702,1.0519e-01
668.185,1.3017628470e-03,6.532814e-02,1.5061876821e+00,0.0351,1.0551e-01
668.763,1.3053593452e-03,6.509164e-02,1.5061876821e+00,0.0351,1.0515e-01
669.341,1.3078021260e-03,6.482889e-02,1.5061876821e+00,0.0351,1.0421e-01
669.919,1.3089457194e-03,6.454526e-02,1.5061876821e+00,0.0351,1.0273e-01
670.497,1.3087662365e-03,6.424698e-02,1.5061876821e+00,0.0351,1.0075e-01
671.075,1.3073583511e-03,6.394130e-02,1.5061876821e+00,0.0351,9.8277e-02
671.653,1.3049093444e-03,6.363635e-02,1.5061876821e+00,0.0351,9.5296e-02
672.231,1.3016609930e-03,6.334098e-02,1.5061876821e+00,0.0351,9.1746e-02
672.809,1.2978704504e-03,6.306442e-02,1.5061876821e+00,0.0351,8.7502e-02
673.387,1.2937773035e-03,6.281580e-02,1.5061876821e+00,0.0702,8.1776e-02
673.965,1.2895798972e-03,6.260366e-02,1.5061876821e+00,0.0702,7.4881e-02
674.543,1.2854234330e-03,6.243538e-02,1.5061876821e+00,0.0702,7.6197e-02
675.121,1.2814017554e-03,6.231664e-02,1.5061876821e+00,0.0702,7.8021e-02
675.699,1.2775699754e-03,6.225095e-02,1.5061876821e+00,0.0702,8.0337e-02
676.277,1.2739596238e-03,6.223932e-02,1.5061876821e+00,0.0702,8.3130e-02
676.855,1.2705891170e-03,6.228000e-02,1.5061876821e+00,0.0702,8.6373e-02
677.433,1.2674696868e-03,6.236861e-02,1.5061876821e+00,0.0702,9.0024e-02
678.011,1.2646100988e-03,6.249837e-02,1.5061876821e+00,0.0702,9.4026e-02
678.589,1.2620170104e-03,6.266054e-02,1.5061876821e+00,0.0702,9.8307e-02
679.167,1.2597196375e-03,6.284512e-02,1.5061876821e+00,0.0702,1.0278e-01
679.745,1.2577578376e-03,6.304157e-02,1.5061876821e+00,0.0702,1.0737e-01
680.323,1.2561629399e-03,6.323967e-02,1.5061876821e+00,0.0702,1.1197e-01
680.901,1.2549534306e-03,6.343020e-02,1.5061876821e+00,0.0351,1.1651e-01
681.479,1.2541413157e-03,6.360604e-02,1.5061876821e+00,0.0351,1.2090e-01
682.057,1.2537397458e-03,6.376192e-02,1.5061876821e+00,0.0351,1.2506e-01
682.635,1.2537633965e-03,6.389521e-02,1.5061876821e+00,0.0351,1.2894e-01
683.213,1.2542225790e-03,6.400566e-02,1.5061876821e+00,0.0351,1.3247e-01
683.791,1.2551211656e-03,6.409520e-02,1.5061876821e+00,0.0351,1.3560e-01
684.369,1.2564642643e-03,6.416740e-02,1.5061876821e+00,0.0351,1.3828e-01
684.947,1.2582710845e-03,6.422698e-02,1.5061877201e+00,0.0702,1.4050e-01
685.525,1.2605806207e-03,6.427918e-02,1.5061879463e+00,0.1053,1.4224e-01
686.103,1.2634386874e-03,6.432932e-02,1.5061879463e+00,0.1053,1.4351e-01
686.681,1.2668708792e-03,6.438226e-02,1.5061879463e+00,0.1053,1.4433e-01
687.259,1.2708646885e-03,6.444207e-02,1.5061879463e+00,0.1053,1.4475e-01
687.837,1.2753690454e-03,6.451176e-02,1.5061879463e+00,0.1053,1.4482e-01
688.416,1.2803016163e-03,6.459314e-02,1.5061879463e+00,0.1053,1.4461e-01
688.994,1.2855543654e-03,6.468673e-02,1.5061879463e+00,0.0702,1.4421e-01
689.572,1.2909941887e-03,6.479189e-02,1.5061879463e+00,0.0702,1.4368e-01
690.150,1.2964604501e-03,6.490686e-02,1.5061879463e+00,0.0702,1.4309e-01
690.728,1.3017623617e-03,6.502895e-02,1.5061879463e+00,0.0702,1.4251e-01
691.306,1.3066785146e-03,6.515474e-02,1.5061879463e+00,0.0702,1.4198e-01
691.884,1.3109616148e-03,6.528032e-02,1.5061879463e+00,0.0702,1.4151e-01
692.462,1.3143533802e-03,6.540152e-02,1.5061879463e+00,0.0702,1.4112e-01
693.040,1.3166138376e-03,6.551415e-02,1.5061879487e+00,0.1053,1.4080e-01
693.618,1.3175623844e-03,6.561419e-02,1.5061879487e+00,0.1053,1.4053e-01
694.196,1.3171188704e-03,6.569795e-02,1.5061879487e+00,0.1053,1.4083e-01
694.774,1.3153287654e-03,6.576214e-02,1.5061879487e+00,0.1053,1.4298e-01
695.352,1.3123603105e-03,6.580396e-02,1.5061879487e+00,0.1053,1.4427e-01
695.930,1.3084742574e-03,6.582104e-02,1.5061879487e+00,0.1053,1.4487e-01
696.508,1.3039793332e-03,6.581140e-02,1.5061879487e+00,0.1053,1.4493e-01
697.086,1.2991880691e-03,6.577340e-02,1.5061879487e+00,0.1053,1.4457e-01
697.664,1.2943806776e-03,6.570571e-02,1.5061879487e+00,0.1053,1.4389e-01
698.242,1.2897795954e-03,6.560734e-02,1.5061879487e+00,0.1053,1.4297e-01
698.820,1.2855373522e-03,6.547767e-02,1.5061879487e+00,0.1053,1.4188e-01
699.398,1.2817397063e-03,6.531530e-02,1.5061879487e+00,0.0702,1.4067e-01
699.976,1.2784206830e-03,6.512257e-02,1.5061879487e+00,0.0702,1.3938e-01
700.554,1.2755809460e-03,6.489944e-02,1.5061879487e+00,0.0702,1.3805e-01
701.132,1.2732014572e-03,6.464736e-02,1.5061879487e+00,0.0702,1.3668e-01
701.710,1.2712503036e-03,6.436863e-02,1.5061879487e+00,0.0702,1.3531e-01
702.288,1.2696875946e-03,6.406654e-02,1.5061879487e+00,0.0702,1.3424e-01
702.866,1.2684657339e-03,6.374557e-02,1.5061879487e+00,0.0702,1.3371e-01
703.444,1.2675446583e-03,6.341105e-02,1.5061879487e+00,0.0351,1.3322e-01
704.022,1.2668977490e-03,6.307082e-02,1.5061879487e+00,0.0351,1.3279e-01
704.600,1.2665001358e-03,6.273279e-02,1.5061879487e+00,0.0351,1.3243e-01
705.178,1.2663238624e-03,6.240600e-02,1.5061879487e+00,0.0351,1.3216e-01
705.756,1.2663421524e-03,6.209991e-02,1.5061879487e+00,0.0351,1.3199e-01
706.334,1.2665350609e-03,6.182391e-02,1.5061879487e+00,0.0351,1.3194e-01
706.912,1.2668879437e-03,6.158659e-02,1.5061879487e+00,0.0351,1.3197e-01
707.490,1.2673831000e-03,6.139520e-02,1.5061879487e+00,0.0351,1.3208e-01
708.068,1.2679942333e-03,6.125518e-02,1.5061879487e+00,0.0351,1.3228e-01
708.646,1.2686912026e-03,6.116988e-02,1.5061879487e+00,0.0351,1.3259e-01
709.224,1.2694500986e-03,6.114036e-02,1.5061879487e+00,0.0351,1.3304e-01
709.802,1.2702589813e-03,6.116545e-02,1.5061879487e+00,0.0351,1.3364e-01
710.380,1.2711145649e-03,6.124190e-02,1.5061879487e+00,0.0351,1.3442e-01
710.958,1.2720139535e-03,6.136471e-02,1.5061879487e+00,0.0351,1.3539e-01
711.536,1.2729494595e-03,6.152748e-02,1.5061879487e+00,0.0351,1.3654e-01
712.114,1.2739087277e-03,6.172284e-02,1.5061879487e+00,0.0351,1.3787e-01
712.692,1.2748807347e-03,6.194289e-02,1.5061879487e+00,0.0351,1.3937e-01
713.270,1.2758604900e-03,6.217953e-02,1.5061879487e+00,0.0351,1.4100e-01
713.848,1.2768455543e-03,6.242488e-02,1.5061879487e+00,0.0351,1.4273e-01
714.426,1.2778276627e-03,6.267147e-02,1.5061879487e+00,0.0351,1.4450e-01
715.004,1.2787877013e-03,6.291246e-02,1.5061879487e+00,0.0351,1.4627e-01
715.582,1.2796984872e-03,6.314182e-02,1.5061879487e+00,0.0351,1.4798e-01
716.160,1.2805324813e-03,6.335430e-02,1.5061879487e+00,0.0351,1.4957e-01
716.738,1.2812679094e-03,6.354540e-02,1.5061879487e+00,0.0351,1.5101e-01
717.316,1.2818892600e-03,6.371119e-02,1.5061879487e+00,0.0351,1.5223e-01
717.894,1.2823830298e-03,6.384818e-02,1.5061879487e+00,0.0351,1.5321e-01
718.472,1.2827326512e-03,6.395307e-02,1.5061879487e+00,0.0351,1.5392e-01
719.050,1.2829169167e-03,6.402273e-02,1.5061879487e+00,0.0351,1.5434e-01
719.628,1.2829144189e-03,6.405409e-02,1.5061879487e+00,0.0351,1.5446e-01
720.206,1.2827127926e-03,6.404429e-02,1.5061879487e+00,0.0351,1.5428e-01
720.784,1.2823175387e-03,6.399078e-02,1.5061879487e+00,0.0351,1.5383e-01
721.362,1.2817543604e-03,6.389157e-02,1.5061879487e+00,0.0351,1.5311e-01
721.940,1.2810630236e-03,6.374540e-02,1.5061879487e+00,0.0351,1.5218e-01
722.518,1.2802868181e-03,6.355204e-02,1.5061879487e+00,0.0351,1.5106e-01
723.096,1.2794644251e-03,6.331248e-02,1.5061879487e+00,0.0351,1.4980e-01
723.674,1.2786285544e-03,6.302909e-02,1.5061879487e+00,0.0351,1.4819e-01
724.252,1.2778047597e-03,6.270595e-02,1.5061879487e+00,0.0351,1.4567e-01
724.830,1.2770193071e-03,6.234856e-02,1.5061879487e+00,0.0351,1.4224e-01
725.408,1.2762971681e-03,6.196374e-02,1.5061879487e+00,0.0351,1.3785e-01
725.986,1.2756523301e-03,6.155964e-02,1.5061879487e+00,0.0351,1.3220e-01
726.564,1.2750864302e-03,6.114546e-02,1.5061879487e+00,0.0351,1.2527e-01
727.142,1.2745956883e-03,6.073114e-02,1.5061879693e+00,0.0702,1.1706e-01
727.721,1.2741787864e-03,6.032729e-02,1.5061879693e+00,0.0702,1.0768e-01
728.299,1.2738384409e-03,5.994453e-02,1.5061879693e+00,0.0702,1.0416e-01
728.877,1.2735763177e-03,5.959353e-02,1.5061879693e+00,0.0702,1.0867e-01
729.455,1.2733876641e-03,5.928494e-02,1.5061879693e+00,0.0702,1.1309e-01
730.033,1.2732614751e-03,5.902862e-02,1.5061879693e+00,0.0702,1.1739e-01
730.611,1.2731855990e-03,5.520325e-02,1.5061879693e+00,0.1053,1.2152e-01
731.189,1.2731513547e-03,5.817009e-02,1.5061879693e+00,0.0702,1.2551e-01
731.767,1.2731536708e-03,5.470230e-02,1.5061879693e+00,0.1053,1.2573e-01
732.345,1.2731879397e-03,5.765426e-02,1.5061879693e+00,0.0702,6.5012e-02
732.923,1.2732477431e-03,5.456707e-02,1.5061879693e+00,0.1053,4.9119e-02
733.501,1.2733256913e-03,5.749555e-02,1.5061879693e+00,0.0351,7.6513e-02
734.079,1.2734156739e-03,5.484035e-02,1.5061879693e+00,0.0702,8.4119e-02
734.657,1.2735135300e-03,5.771820e-02,1.5061879693e+00,0.0351,8.9411e-02
735.235,1.2736155272e-03,5.798717e-02,1.5061879693e+00,0.0351,9.3351e-02
735.813,1.2737169444e-03,5.835574e-02,1.5061879693e+00,0.0351,9.6516e-02
736.391,1.2738131011e-03,5.878844e-02,1.5061879693e+00,0.0351,9.8239e-02
736.969,1.2739023381e-03,5.668561e-02,1.5061879693e+00,0.0702,9.8753e-02
737.547,1.2739879895e-03,5.954627e-02,1.5061879693e+00,0.0351,9.8438e-02
738.125,1.2740770757e-03,5.996674e-02,1.5061879693e+00,0.0351,9.7452e-02
738.703,1.2741765435e-03,6.040663e-02,1.5061879693e+00,0.0351,9.5835e-02
739.281,1.2742901816e-03,6.083785e-02,1.5061879693e+00,0.0351,9.3673e-02
739.859,1.2744185998e-03,6.124050e-02,1.5061879693e+00,0.0351,9.1084e-02
740.437,1.2745618442e-03,6.159870e-02,1.5061879693e+00,0.0351,8.8214e-02
741.015,1.2747221629e-03,6.189921e-02,1.5061879693e+00,0.0351,8.5152e-02
741.593,1.2749049070e-03,6.213132e-02,1.5061879693e+00,0.0351,8.1941e-02
742.171,1.2751176064e-03,6.228714e-02,1.5061879693e+00,0.0351,7.8577e-02
742.749,1.2753686880e-03,6.236208e-02,1.5061879693e+00,0.0351,7.4855e-02
743.327,1.2756668365e-03,6.235513e-02,1.5061879693e+00,0.0351,7.0613e-02
743.905,1.2760206192e-03,6.226904e-02,1.5061879693e+00,0.0351,6.5668e-02
744.483,1.2764373991e-03,6.211023e-02,1.5061879693e+00,0.0351,5.9661e-02
745.061,1.2769213471e-03,6.188846e-02,1.5061879693e+00,0.0351,5.1814e-02
745.639,1.2774714761e-03,6.161634e-02,1.5061879693e+00,0.0351,4.0080e-02
746.217,1.2780808530e-03,6.130858e-02,1.5061879693e+00,0.0351,1.9737e-02
746.795,1.2787377340e-03,6.098120e-02,1.5061879693e+00,0.0351,1.9482e-02
747.373,1.2794270657e-03,6.065033e-02,1.5061879693e+00,0.0351,2.2987e-02
747.951,1.2801312328e-03,6.033039e-02,1.5061879693e+00,0.0351,2.6642e-02
748.529,1.2808300944e-03,6.003358e-02,1.5061880535e+00,0.0702,3.2231e-02
749.107,1.2815009929e-03,5.977125e-02,1.5061880535e+00,0.0702,3.8423e-02
749.685,1.2821193441e-03,5.955218e-02,1.5061880535e+00,0.0702,4.3593e-02
750.263,1.2826598276e-03,5.938263e-02,1.5061880535e+00,0.0702,4.7335e-02
750.841,1.2830977822e-03,5.926613e-02,1.5061880535e+00,0.0702,4.9396e-02
751.419,1.2834105134e-03,5.920319e-02,1.5061880535e+00,0.0351,4.9698e-02
751.997,1.2835785439e-03,5.919284e-02,1.5061880535e+00,0.0351,4.8329e-02
752.575,1.2835869276e-03,5.923110e-02,1.5061880535e+00,0.0351,4.5513e-02
753.153,1.2834265375e-03,5.931267e-02,1.5061880535e+00,0.0351,4.9214e-02
753.731,1.2830951465e-03,5.943098e-02,1.5061880535e+00,0.0351,5.4019e-02
754.309,1.2825980115e-03,5.957852e-02,1.5061880535e+00,0.0351,5.8833e-02
754.887,1.2819457839e-03,5.974713e-02,1.5061880535e+00,0.0351,6.3655e-02
755.465,1.2811585477e-03,5.992847e-02,1.5061880535e+00,0.0351,6.8485e-02
756.043,1.2802624663e-03,6.011455e-02,1.5061880535e+00,0.0351,7.3322e-02
756.621,1.2792842019e-03,6.029812e-02,1.5061880535e+00,0.0351,7.8163e-02
757.199,1.2782494170e-03,6.047296e-02,1.5061880535e+00,0.0351,8.3008e-02
757.777,1.2771842121e-03,6.063411e-02,1.5061880535e+00,0.0351,8.7856e-02
758.355,1.2761165829e-03,6.077795e-02,1.5061880535e+00,0.0351,9.2705e-02
758.933,1.2750760321e-03,6.090229e-02,1.5061880535e+00,0.0351,9.7555e-02
759.511,1.2740916780e-03,6.100635e-02,1.5061880535e+00,0.0351,1.0240e-01
760.089,1.2731902366e-03,6.109069e-02,1.5061880535e+00,0.0351,1.0725e-01
760.667,1.2723943410e-03,6.115706e-02,1.5061880535e+00,0.0351,1.1210e-01
761.245,1.2717205839e-03,6.120824e-02,1.5061880535e+00,0.0351,1.1694e-01
761.823,1.2711772161e-03,6.124786e-02,1.5061880535e+00,0.0351,1.2178e-01
762.401,1.2707630930e-03,6.128011e-02,1.5061880535e+00,0.0351,1.2661e-01
762.979,1.2704700569e-03,6.130948e-02,1.5061880535e+00,0.0351,1.3144e-01
763.557,1.2702891903e-03,6.134049e-02,1.5061880535e+00,0.0351,1.3626e-01
764.135,1.2702184068e-03,6.137740e-02,1.5061880535e+00,0.0351,1.4108e-01
764.713,1.2702671750e-03,6.142395e-02,1.5061880535e+00,0.0351,1.4588e-01
765.291,1.2704553273e-03,6.148321e-02,1.5061880535e+00,0.0351,1.5069e-01
765.869,1.2708061132e-03,6.155741e-02,1.5061880535e+00,0.0351,1.7491e-01
766.447,1.2713365406e-03,6.164775e-02,1.5061888754e+00,0.0702,1.6027e-01
767.026,1.2720484351e-03,6.175494e-02,1.5061888754e+00,0.0702,1.6505e-01
767.604,1.2729243485e-03,6.187878e-02,1.5061888754e+00,0.0702,1.6982e-01
768.182,1.2739289076e-03,6.201831e-02,1.5061888754e+00,0.0702,1.7458e-01
768.760,1.2750146892e-03,6.217205e-02,1.5061888754e+00,0.0702,1.7939e-01
769.338,1.2761323824e-03,6.233809e-02,1.5061888754e+00,0.0702,1.8459e-01
769.916,1.2772432141e-03,6.251429e-02,1.5061888754e+00,0.0702,1.8977e-01
770.494,1.2783294966e-03,6.269839e-02,1.5061888754e+00,0.0702,1.9493e-01
771.072,1.2793984114e-03,6.288816e-02,1.5061888754e+00,0.0702,2.0008e-01
771.650,1.2804759695e-03,6.308143e-02,1.5061888754e+00,0.0702,2.0522e-01
772.228,1.2815921264e-03,6.327600e-02,1.5061888754e+00,0.0702,2.1034e-01
772.806,1.2827619677e-03,6.346965e-02,1.5061888754e+00,0.0702,2.1546e-01
773.384,1.2839695891e-03,6.366002e-02,1.5061888754e+00,0.0702,2.2056e-01
773.962,1.2851603569e-03,6.384444e-02,1.5061888754e+00,0.0702,2.2565e-01
774.540,1.2862445084e-03,6.401988e-02,1.5061888754e+00,0.0702,2.3093e-01
775.118,1.2871116321e-03,6.418282e-02,1.5061888754e+00,0.0702,2.3656e-01
775.696,1.2876523483e-03,6.432921e-02,1.5061888754e+00,0.0702,2.4179e-01
776.274,1.2877813136e-03,6.445447e-02,1.5061888754e+00,0.0702,2.4647e-01
776.852,1.2874552465e-03,6.455367e-02,1.5061888754e+00,0.0702,2.5070e-01
777.430,1.2866814023e-03,6.462173e-02,1.5061888754e+00,0.0702,2.5463e-01
778.008,1.2855153688e-03,6.465371e-02,1.5061888754e+00,0.0702,2.5850e-01
778.586,1.2840507028e-03,6.464517e-02,1.5061888754e+00,0.0702,2.6246e-01
779.164,1.2824050036e-03,6.459251e-02,1.5061888754e+00,0.0702,2.6640e-01
779.742,1.2807074913e-03,6.449340e-02,1.5061888754e+00,0.0702,2.7021e-01
780.320,1.2790892471e-03,6.434712e-02,1.5061888754e+00,0.0702,2.7368e-01
780.898,1.2776711283e-03,6.415479e-02,1.5061888754e+00,0.0702,2.7830e-01
781.476,1.2765716583e-03,6.391960e-02,1.5061888754e+00,0.0702,2.9584e-01
782.054,1.2758950998e-03,6.364678e-02,1.5061888754e+00,0.0702,2.9066e-01
782.632,1.2757167472e-03,6.334351e-02,1.5061888754e+00,0.0702,2.1304e-01
783.210,1.2760797498e-03,6.301862e-02,1.5061888754e+00,0.0702,1.6679e-01
783.788,1.2769977465e-03,6.268220e-02,1.5061888754e+00,0.0702,1.2859e-01
784.366,1.2784535493e-03,6.234496e-02,1.5061888754e+00,0.0702,8.7432e-02
784.944,1.2803938649e-03,6.201767e-02,1.5061888754e+00,0.0702,8.7486e-02
785.522,1.2827252804e-03,6.171042e-02,1.5061888754e+00,0.0702,8.9793e-02
786.100,1.2853132367e-03,6.143212e-02,1.5061888754e+00,0.0702,9.1984e-02
786.678,1.2879889060e-03,6.118999e-02,1.5061888754e+00,0.0702,9.3695e-02
787.256,1.2905629008e-03,6.098932e-02,1.5061888754e+00,0.0702,9.4974e-02
787.834,1.2928408913e-03,6.083339e-02,1.5061888754e+00,0.0702,9.5905e-02
788.412,1.2946382447e-03,6.072324e-02,1.5061888754e+00,0.0351,9.6552e-02
788.990,1.2957946047e-03,6.065899e-02,1.5061888754e+00,0.0351,9.6967e-02
789.568,1.2961900137e-03,6.063885e-02,1.5061888754e+00,0.0351,9.7189e-02
790.146,1.2957608897e-03,6.066026e-02,1.5061888754e+00,0.0351,9.7247e-02
790.724,1.2945106328e-03,6.072005e-02,1.5061888754e+00,0.0351,9.7167e-02
791.302,1.2925100719e-03,6.081476e-02,1.5061888754e+00,0.0351,9.6968e-02
791.880,1.2898874071e-03,6.094087e-02,1.5061888754e+00,0.0351,9.6663e-02
792.458,1.2868116854e-03,6.109489e-02,1.5061888754e+00,0.0351,9.6265e-02
793.036,1.2834745675e-03,6.127345e-02,1.5061888754e+00,0.0351,9.5783e-02
793.614,1.2800739286e-03,6.147320e-02,1.5061888754e+00,0.0351,9.5225e-02
794.192,1.2767939299e-03,6.169073e-02,1.5061888754e+00,0.0351,9.4597e-02
794.770,1.2737878821e-03,6.192242e-02,1.5061888754e+00,0.0351,9.3902e-02
795.348,1.2711887436e-03,6.216433e-02,1.5061888754e+00,0.0351,9.3143e-02
795.926,1.2690857844e-03,6.241206e-02,1.5061888754e+00,0.0351,9.2323e-02
796.504,1.2675171456e-03,6.266081e-02,1.5061888754e+00,0.0351,9.1440e-02
797.082,1.2664900249e-03,6.290536e-02,1.5061888754e+00,0.0351,9.0494e-02
797.660,1.2660051121e-03,6.314028e-02,1.5061888754e+00,0.0351,8.9486e-02
798.238,1.2660630295e-03,6.336010e-02,1.5061888754e+00,0.0351,8.8415e-02
798.816,1.2666508134e-03,6.355956e-02,1.5061888754e+00,0.0351,8.7284e-02
799.394,1.2677255579e-03,6.373384e-02,1.5061888754e+00,0.0351,8.6099e-02
799.972,1.2692117399e-03,6.387882e-02,1.5061888754e+00,0.0351,8.4614e-02
800.550,1.2710167566e-03,6.399122e-02,1.5061888754e+00,0.0351,8.2456e-02
801.128,1.2730447586e-03,6.406881e-02,1.5061888754e+00,0.0351,7.9478e-02
801.706,1.2751965024e-03,6.411048e-02,1.5061888754e+00,0.0351,7.5527e-02
802.284,1.2773607170e-03,6.411630e-02,1.5061888754e+00,0.0351,7.0596e-02
802.862,1.2794098272e-03,6.408745e-02,1.5061888754e+00,0.0351,6.4637e-02
803.440,1.2812078114e-03,6.402603e-02,1.5061888754e+00,0.0351,5.7649e-02
804.018,1.2826273688e-03,6.393493e-02,1.5061888754e+00,0.0351,4.9825e-02
804.596,1.2835674110e-03,6.381739e-02,1.5061888754e+00,0.0351,4.1430e-02
805.174,1.2839637965e-03,6.367674e-02,1.5061888754e+00,0.0351,3.2750e-02
805.752,1.2837922770e-03,6.351621e-02,1.5061888754e+00,0.0351,3.2286e-02
806.331,1.2830667336e-03,6.333881e-02,1.5061888754e+00,0.0351,3.4208e-02
806.909,1.2818355103e-03,6.314743e-02,1.5061888754e+00,0.0351,3.5815e-02
807.487,1.2801762000e-03,6.294490e-02,1.5061888754e+00,0.0351,3.9830e-02
808.065,1.2781880491e-03,6.273431e-02,1.5061888754e+00,0.0351,4.5000e-02
808.643,1.2759821901e-03,6.251910e-02,1.5061888754e+00,0.0351,5.0169e-02
809.221,1.2736714737e-03,6.230319e-02,1.5061888754e+00,0.0351,5.5336e-02
809.799,1.2713622529e-03,6.209097e-02,1.5061888754e+00,0.0351,6.0500e-02
810.377,1.2691484929e-03,6.188714e-02,1.5061888754e+00,0.0351,6.5661e-02
810.955,1.2671009577e-03,6.169646e-02,1.5061888754e+00,0.0351,7.0819e-02
811.533,1.2652824696e-03,6.152299e-02,1.5061896257e+00,0.0702,7.5972e-02
812.111,1.2637379217e-03,6.137110e-02,1.5061896257e+00,0.0702,8.1122e-02
812.689,1.2624834600e-03,6.124377e-02,1.5061896257e+00,0.0702,8.6267e-02
813.267,1.2615153606e-03,6.114309e-02,1.5061896257e+00,0.0702,9.1408e-02
813.845,1.2608262539e-03,6.107024e-02,1.5061896257e+00,0.0702,9.6544e-02
814.423,1.2604140617e-03,6.102549e-02,1.5061896257e+00,0.0702,1.0167e-01
815.001,1.2602795063e-03,6.100843e-02,1.5061896257e+00,0.0702,1.0680e-01
815.579,1.2604187431e-03,6.101816e-02,1.5061896257e+00,0.0702,1.1192e-01
816.157,1.2608205142e-03,6.105338e-02,1.5061896257e+00,0.0702,1.1703e-01
816.735,1.2614713155e-03,6.111240e-02,1.5061896257e+00,0.0702,1.2214e-01
817.313,1.2623630723e-03,6.119327e-02,1.5061896257e+00,0.0702,1.2724e-01
817.891,1.2634972191e-03,6.129379e-02,1.5061896257e+00,0.0702,1.3233e-01
818.469,1.2648831570e-03,6.141145e-02,1.5061896257e+00,0.0702,1.3742e-01
819.047,1.2665329987e-03,6.154336e-02,1.5061896257e+00,0.0702,1.4261e-01
819.625,1.2684593914e-03,6.168628e-02,1.5061896257e+00,0.0702,1.4794e-01
820.203,1.2706781646e-03,6.183667e-02,1.5061896257e+00,0.0702,1.5327e-01
820.781,1.2732105540e-03,6.199074e-02,1.5061896257e+00,0.0702,1.5867e-01
821.359,1.2760784267e-03,6.214470e-02,1.5061896257e+00,0.0702,1.6423e-01
821.937,1.2792913227e-03,6.229450e-02,1.5061898160e+00,0.1053,1.6991e-01
822.515,1.2828302687e-03,6.243718e-02,1.5061898160e+00,0.1053,1.7552e-01
823.093,1.2866342198e-03,6.257035e-02,1.5061898160e+00,0.1053,1.8104e-01
823.671,1.2905914719e-03,6.269235e-02,1.5061898160e+00,0.1053,1.8659e-01
824.249,1.2945360400e-03,6.280251e-02,1.5061898160e+00,0.1053,1.9196e-01
824.827,1.2982507903e-03,6.290113e-02,1.5061898160e+00,0.1053,1.9682e-01
825.405,1.3014816471e-03,6.298952e-02,1.5061898160e+00,0.1053,2.0116e-01
825.983,1.3039665042e-03,6.306968e-02,1.5061898160e+00,0.1053,2.0554e-01
826.561,1.3054762559e-03,6.314411e-02,1.5061898160e+00,0.1053,2.1094e-01
827.139,1.3058560874e-03,6.321541e-02,1.5061898160e+00,0.1053,2.1474e-01
827.717,1.3050535818e-03,6.328590e-02,1.5061898160e+00,0.1053,2.1665e-01
828.295,1.3031271333e-03,6.335738e-02,1.5061898160e+00,0.1053,2.1684e-01
828.873,1.3002344492e-03,6.343077e-02,1.5061898160e+00,0.1053,2.1511e-01
829.451,1.2966039440e-03,6.350606e-02,1.5061898160e+00,0.1053,2.1134e-01
830.029,1.2924957103e-03,6.358224e-02,1.5061898160e+00,0.1053,2.0593e-01
830.607,1.2881633540e-03,6.365744e-02,1.5061898160e+00,0.1053,2.0078e-01
831.185,1.2838277059e-03,6.372918e-02,1.5061898160e+00,0.1053,1.9562e-01
831.763,1.2796663663e-03,6.379468e-02,1.5061898160e+00,0.1053,1.8941e-01
832.341,1.2758139419e-03,6.385125e-02,1.5061898160e+00,0.1053,1.8758e-01
832.919,1.2723647240e-03,6.389658e-02,1.5061898160e+00,0.1053,1.9334e-01
833.497,1.2693763391e-03,6.392919e-02,1.5061898160e+00,0.1053,1.9897e-01
834.075,1.2668636382e-03,6.394852e-02,1.5061898160e+00,0.1053,2.0378e-01
834.653,1.2648173448e-03,6.395502e-02,1.5061898160e+00,0.1053,2.0474e-01
835.231,1.2632230633e-03,6.395014e-02,1.5061898160e+00,0.1053,1.9174e-01
835.809,1.2620471119e-03,6.393616e-02,1.5061898160e+00,0.1053,1.6724e-01
836.387,1.2612400279e-03,6.391582e-02,1.5061898160e+00,0.1053,1.4427e-01
836.965,1.2607536545e-03,6.389204e-02,1.5061898160e+00,0.1053,1.1381e-01
837.543,1.2605531837e-03,6.386712e-02,1.5061898160e+00,0.1053,1.1207e-01
838.121,1.2606159622e-03,6.384261e-02,1.5061898160e+00,0.1053,1.1282e-01
838.699,1.2609211935e-03,6.382017e-02,1.5061898160e+00,0.0702,9.5100e-02
839.277,1.2614408429e-03,6.380173e-02,1.5061898160e+00,0.0702,9.9071e-02
839.855,1.2621389698e-03,6.378964e-02,1.5061898160e+00,0.0702,1.1816e-01
840.433,1.2629803947e-03,6.378687e-02,1.5061898160e+00,0.1053,7.3522e-02
841.011,1.2639390753e-03,6.379706e-02,1.5061898160e+00,0.1053,8.0773e-02
841.589,1.2649992985e-03,6.382446e-02,1.5061898160e+00,0.1053,8.6905e-02
842.167,1.2661509232e-03,6.387358e-02,1.5061898160e+00,0.1053,9.1971e-02
842.745,1.2673839639e-03,6.394901e-02,1.5061898160e+00,0.1053,9.6015e-02
843.323,1.2686869459e-03,6.405508e-02,1.5061898160e+00,0.1053,9.9089e-02
843.901,1.2700483173e-03,6.419555e-02,1.5061898160e+00,0.1053,1.0127e-01
844.479,1.2714571899e-03,6.437313e-02,1.5061898160e+00,0.1053,9.4923e-02
845.057,1.2729052864e-03,6.354222e-02,1.5061898160e+00,0.1404,8.0150e-02
845.636,1.2743860347e-03,6.387104e-02,1.5061898160e+00,0.1404,7.1339e-02
846.214,1.2758898486e-03,6.421948e-02,1.5061898160e+00,0.1404,6.4174e-02
846.792,1.2774004526e-03,6.458912e-02,1.5061898160e+00,0.1404,6.7580e-02
847.370,1.2788960910e-03,6.497669e-02,1.5061898160e+00,0.1404,5.6646e-02
847.948,1.2803541844e-03,6.537036e-02,1.5061898160e+00,0.1053,5.3087e-02
848.526,1.2817548180e-03,6.575688e-02,1.5061898160e+00,0.1053,5.1165e-02
849.104,1.2830803950e-03,6.612359e-02,1.5061898160e+00,0.1053,5.0599e-02
849.682,1.2843130349e-03,6.645945e-02,1.5061898160e+00,0.1053,5.1168e-02
850.260,1.2854332225e-03,6.675486e-02,1.5061898160e+00,0.1053,5.2708e-02
850.838,1.2864214030e-03,6.700116e-02,1.5061898160e+00,0.1053,1.4688e-02
851.416,1.2872608982e-03,6.719062e-02,1.5061898160e+00,0.1404,1.4804e-02
851.994,1.2879392878e-03,6.731678e-02,1.5061898160e+00,0.1404,1.6555e-02
852.572,1.2884476490e-03,6.737539e-02,1.5061898160e+00,0.1404,1.9137e-02
853.150,1.2887799876e-03,6.736444e-02,1.5061898160e+00,0.1404,2.2057e-02
853.728,1.2889350028e-03,6.728408e-02,1.5061898160e+00,0.1404,2.4704e-02
854.306,1.2889190723e-03,6.713642e-02,1.5061898160e+00,0.1404,2.7067e-02
854.884,1.2887470926e-03,6.692534e-02,1.5061898160e+00,0.1404,2.9241e-02
855.462,1.2884395403e-03,6.665621e-02,1.5061898160e+00,0.1404,3.3432e-02
856.040,1.2880179915e-03,6.633553e-02,1.5061898160e+00,0.1404,3.9099e-02
856.618,1.2875028836e-03,6.597056e-02,1.5061898160e+00,0.1404,4.4766e-02
857.196,1.2869147258e-03,6.556878e-02,1.5061898160e+00,0.1404,5.0433e-02
857.774,1.2862761445e-03,6.513759e-02,1.5061898160e+00,0.1404,5.6105e-02
858.352,1.2856112470e-03,6.468413e-02,1.5061898160e+00,0.1404,6.1788e-02
858.930,1.2849416932e-03,6.421518e-02,1.5061898160e+00,0.1404,6.7493e-02
859.508,1.2842824039e-03,6.373723e-02,1.5061898160e+00,0.1404,7.3238e-02
860.086,1.2836403979e-03,6.325680e-02,1.5061898160e+00,0.1404,7.8963e-02
860.664,1.2830174788e-03,6.278046e-02,1.5061898160e+00,0.1404,8.4613e-02
861.242,1.2824143157e-03,6.231487e-02,1.5061898160e+00,0.1404,9.0109e-02
861.820,1.2818329934e-03,6.186672e-02,1.5061898160e+00,0.1404,9.5804e-02
862.398,1.2812774262e-03,6.144269e-02,1.5061898160e+00,0.1404,1.0152e-01
862.976,1.2807525156e-03,6.104934e-02,1.5061898160e+00,0.1404,1.0724e-01
863.554,1.2802640094e-03,6.069305e-02,1.5061898160e+00,0.1404,1.1296e-01
864.132,1.2798202391e-03,6.037978e-02,1.5061898160e+00,0.1404,1.1876e-01
864.710,1.2794340401e-03,6.011458e-02,1.5061898160e+00,0.1404,1.2455e-01
865.288,1.2791221437e-03,5.990140e-02,1.5061898160e+00,0.1404,1.3040e-01
865.866,1.2789020079e-03,5.974293e-02,1.5061898160e+00,0.1404,1.3627e-01
866.444,1.2787873604e-03,5.964037e-02,1.5061898160e+00,0.1404,1.4221e-01
867.022,1.2787874781e-03,5.959387e-02,1.5061898160e+00,0.1404,1.4816e-01
867.600,1.2789121207e-03,5.960267e-02,1.5061898160e+00,0.1404,1.5410e-01
868.178,1.2791706051e-03,5.966459e-02,1.5061898160e+00,0.1404,1.6003e-01
868.756,1.2795729121e-03,5.977720e-02,1.5061898160e+00,0.1053,1.6505e-01
869.334,1.2801337847e-03,5.993537e-02,1.5061918349e+00,0.1404,1.6822e-01
869.912,1.2808758063e-03,6.013372e-02,1.5061918349e+00,0.1404,1.6844e-01
870.490,1.2818296278e-03,6.036468e-02,1.5061918349e+00,0.1404,1.6616e-01
871.068,1.2830283880e-03,6.061997e-02,1.5061918349e+00,0.1053,1.6046e-01
871.646,1.2844954690e-03,6.089071e-02,1.5061918349e+00,0.1053,1.5240e-01
872.224,1.2862286756e-03,6.116750e-02,1.5061918349e+00,0.1053,2.9388e-02
872.802,1.2881847444e-03,6.144038e-02,1.5061918349e+00,0.1053,3.1989e-02
873.380,1.2902685774e-03,6.169906e-02,1.5061918349e+00,0.1053,3.8534e-02
873.958,1.2923325495e-03,6.193316e-02,1.5061918349e+00,0.1053,4.5839e-02
874.536,1.2941914789e-03,6.213266e-02,1.5061918349e+00,0.1053,5.3946e-02
875.114,1.2956549854e-03,6.228830e-02,1.5061918349e+00,0.1053,6.2882e-02
875.692,1.2965698781e-03,6.239188e-02,1.5061918349e+00,0.1053,7.2694e-02
876.270,1.2968554438e-03,6.243656e-02,1.5061918349e+00,0.1053,8.3508e-02
876.848,1.2965117854e-03,6.241702e-02,1.5061918349e+00,0.1053,9.5627e-02
877.426,1.2955934534e-03,6.232967e-02,1.5061918349e+00,0.1053,1.0644e-01
878.004,1.2941616718e-03,6.217334e-02,1.5061918349e+00,0.1053,1.0617e-01
878.582,1.2922412266e-03,6.194840e-02,1.5061918349e+00,0.1053,1.0505e-01
879.160,1.2898045335e-03,6.165270e-02,1.5061918349e+00,0.0702,1.0368e-01
879.738,1.2867906412e-03,6.129838e-02,1.5061918349e+00,0.0702,1.0234e-01
880.316,1.2831550618e-03,6.088772e-02,1.5061918349e+00,0.0702,1.0115e-01
880.894,1.2789177658e-03,6.042857e-02,1.5061918349e+00,0.0702,1.0009e-01
881.472,1.2742206543e-03,5.992995e-02,1.5061918349e+00,0.0702,9.9127e-02
882.050,1.2693542286e-03,5.940215e-02,1.5061918349e+00,0.0702,9.8189e-02
882.628,1.2646970673e-03,5.885632e-02,1.5061918349e+00,0.0702,9.7223e-02
883.206,1.2606380167e-03,5.830412e-02,1.5061918349e+00,0.0702,9.6199e-02
883.784,1.2575071056e-03,5.775687e-02,1.5061918349e+00,0.1053,9.5114e-02
884.362,1.2555183432e-03,5.722626e-02,1.5061918349e+00,0.1053,9.3956e-02
884.941,1.2547242016e-03,5.672403e-02,1.5061918349e+00,0.1053,9.2518e-02
885.519,1.2549911956e-03,5.626083e-02,1.5061918349e+00,0.1053,9.0860e-02
886.097,1.2560158470e-03,5.584610e-02,1.5061918349e+00,0.1053,8.9105e-02
886.675,1.2573915589e-03,5.548723e-02,1.5061918349e+00,0.1053,8.7373e-02
887.253,1.2587101788e-03,5.518925e-02,1.5061918349e+00,0.1053,8.5776e-02
887.831,1.2596594116e-03,5.495501e-02,1.5061918349e+00,0.1053,8.4412e-02
888.409,1.2600811520e-03,5.478274e-02,1.5061918349e+00,0.0702,8.3098e-02
888.987,1.2599782745e-03,5.467729e-02,1.5061918349e+00,0.0702,8.1453e-02
889.565,1.2594800650e-03,5.463580e-02,1.5061918349e+00,0.0702,7.9783e-02
890.143,1.2587908575e-03,5.465551e-02,1.5061918349e+00,0.0702,7.8356e-02
890.721,1.2581388842e-03,5.473163e-02,1.5061918349e+00,0.0702,7.7480e-02
891.299,1.2577301763e-03,5.485817e-02,1.5061918349e+00,0.0702,7.7527e-02
891.877,1.2577094399e-03,5.502852e-02,1.5061918349e+00,0.0702,7.8819e-02
892.455,1.2581348554e-03,5.523624e-02,1.5061918349e+00,0.0702,8.0717e-02
893.033,1.2589757145e-03,5.547571e-02,1.5061919264e+00,0.1053,8.2651e-02
893.611,1.2601345928e-03,5.574264e-02,1.5061919264e+00,0.1053,8.4327e-02
894.189,1.2614844747e-03,5.603291e-02,1.5061919264e+00,0.1053,8.4953e-02
894.767,1.2629052812e-03,5.634312e-02,1.5061919264e+00,0.1053,8.4340e-02
895.345,1.2643087406e-03,5.666962e-02,1.5061919264e+00,0.1053,8.2169e-02
895.923,1.2656466101e-03,5.700871e-02,1.5061919264e+00,0.1053,7.7854e-02
896.501,1.2669110262e-03,5.735680e-02,1.5061919264e+00,0.1053,7.0152e-02
897.079,1.2681324013e-03,5.771029e-02,1.5061919264e+00,0.1053,6.4460e-02
897.657,1.2693691243e-03,5.806534e-02,1.5061919264e+00,0.1053,7.0044e-02
898.235,1.2706892483e-03,5.841734e-02,1.5061926762e+00,0.1053,7.5699e-02
898.813,1.2721515237e-03,5.876028e-02,1.5061926762e+00,0.1404,8.1453e-02
899.391,1.2737929575e-03,5.907978e-02,1.5061928426e+00,0.1754,8.7374e-02
899.969,1.2756241318e-03,5.938853e-02,1.5061928426e+00,0.1754,9.3619e-02
900.547,1.2776284824e-03,5.967239e-02,1.5061928426e+00,0.1754,1.0054e-01
901.125,1.2797625901e-03,5.992635e-02,1.5061928426e+00,0.1754,1.0855e-01
901.703,1.2819588267e-03,6.014732e-02,1.5061928426e+00,0.1754,1.1472e-01
902.281,1.2841332397e-03,6.033362e-02,1.5061928426e+00,0.1404,1.1926e-01
902.859,1.2861985960e-03,6.048255e-02,1.5061928426e+00,0.1404,1.2493e-01
903.437,1.2880786197e-03,6.059640e-02,1.5061928426e+00,0.1404,1.3057e-01
904.015,1.2897181980e-03,6.067633e-02,1.5061928426e+00,0.1404,1.3625e-01
904.593,1.2910860918e-03,6.072282e-02,1.5061928426e+00,0.1404,1.4196e-01
905.171,1.2921699862e-03,6.073619e-02,1.5061928426e+00,0.1404,1.4740e-01
905.749,1.2929670696e-03,6.071696e-02,1.5061928426e+00,0.1404,1.5016e-01
906.327,1.2934749893e-03,6.066532e-02,1.5061928426e+00,0.1404,1.5398e-01
906.905,1.2936874601e-03,6.058126e-02,1.5061928426e+00,0.1404,1.5924e-01
907.483,1.2935957964e-03,6.046494e-02,1.5061928426e+00,0.1404,1.6118e-01
908.061,1.2931934101e-03,6.031697e-02,1.5061928426e+00,0.1404,1.5889e-01
908.639,1.2924799950e-03,6.013877e-02,1.5061928426e+00,0.1404,1.5443e-01
909.217,1.2914649328e-03,5.993290e-02,1.5061932967e+00,0.1754,1.5010e-01
909.795,1.2901700149e-03,5.970366e-02,1.5061932967e+00,0.1754,1.4686e-01
910.373,1.2886299964e-03,5.945684e-02,1.5061932967e+00,0.1754,1.4967e-01
910.951,1.2868899155e-03,5.920016e-02,1.5061932967e+00,0.1754,1.5495e-01
911.529,1.2850010260e-03,5.894245e-02,1.5061932967e+00,0.1754,1.5723e-01
912.107,1.2830187388e-03,5.869325e-02,1.5061932967e+00,0.1754,1.5608e-01
912.685,1.2810035770e-03,5.846269e-02,1.5061932967e+00,0.1754,1.3279e-01
913.263,1.2790222399e-03,5.826126e-02,1.5061932967e+00,0.1754,1.2704e-01
913.841,1.2771449723e-03,5.809912e-02,1.5061932967e+00,0.1754,1.2898e-01
914.419,1.2754389706e-03,5.798447e-02,1.5061932967e+00,0.1404,1.1465e-01
914.997,1.2739618415e-03,5.792784e-02,1.5061932967e+00,0.1404,1.1639e-01
915.575,1.2727584243e-03,5.793641e-02,1.5061932967e+00,0.1404,1.0880e-01
916.153,1.2718546933e-03,5.801713e-02,1.5061932967e+00,0.1404,1.0465e-01
916.731,1.2712721993e-03,5.817324e-02,1.5061932967e+00,0.1404,1.0687e-01
917.309,1.2710259075e-03,5.840829e-02,1.5061932967e+00,0.1404,9.0873e-02
917.887,1.2711143650e-03,5.872348e-02,1.5061932967e+00,0.1404,9.2292e-02
918.465,1.2715236683e-03,5.911756e-02,1.5061935609e+00,0.1053,9.3432e-02
919.043,1.2722410553e-03,5.956064e-02,1.5061935609e+00,0.1404,8.1167e-02
919.621,1.2732657255e-03,6.007618e-02,1.5061935609e+00,0.1404,7.5408e-02
920.199,1.2746110170e-03,6.063909e-02,1.5061935609e+00,0.1404,6.7811e-02
920.777,1.2762939030e-03,6.123391e-02,1.5061935609e+00,0.1404,5.7339e-02
921.355,1.2783152531e-03,6.184315e-02,1.5061935609e+00,0.1404,4.5113e-02
921.933,1.2806410398e-03,6.244824e-02,1.5061935609e+00,0.1404,4.1099e-02
922.511,1.2831910323e-03,6.303097e-02,1.5061935609e+00,0.1404,3.6951e-02
923.089,1.2858372813e-03,6.357424e-02,1.5061935609e+00,0.1404,3.2690e-02
923.667,1.2884133132e-03,6.406261e-02,1.5061935609e+00,0.1404,3.3743e-02
924.246,1.2907344706e-03,6.448427e-02,1.5061935609e+00,0.1404,3.6226e-02
924.824,1.2926269930e-03,6.482915e-02,1.5061935609e+00,0.1404,3.8190e-02
925.402,1.2939581478e-03,6.509002e-02,1.5061935609e+00,0.1404,3.9280e-02
925.980,1.2946561954e-03,6.526276e-02,1.5061936103e+00,0.1754,4.0416e-02
926.558,1.2947118419e-03,6.534451e-02,1.5061936103e+00,0.1754,4.2987e-02
927.136,1.2941620622e-03,6.533486e-02,1.5061936103e+00,0.1754,4.6451e-02
927.714,1.2930667103e-03,6.523684e-02,1.5061936103e+00,0.1754,4.9986e-02
928.292,1.2914909669e-03,6.505496e-02,1.5061936103e+00,0.1754,5.3610e-02
928.870,1.2895006868e-03,6.479440e-02,1.5061936103e+00,0.1754,5.7421e-02
929.448,1.2871683171e-03,6.446266e-02,1.5061936103e+00,0.1754,6.1424e-02
930.026,1.2845813025e-03,6.406894e-02,1.5061936103e+00,0.1754,6.5588e-02
930.604,1.2818455678e-03,6.362250e-02,1.5061936103e+00,0.1754,6.9866e-02
931.182,1.2790811721e-03,6.313345e-02,1.5061936103e+00,0.1754,7.4210e-02
931.760,1.2764124656e-03,6.261330e-02,1.5061936103e+00,0.1754,7.8570e-02
932.338,1.2739494345e-03,6.207554e-02,1.5061936103e+00,0.1754,8.2898e-02
932.916,1.2717732588e-03,6.153532e-02,1.5061936103e+00,0.1754,8.7128e-02
933.494,1.2699426612e-03,6.100695e-02,1.5061936103e+00,0.1754,9.1284e-02
934.072,1.2684709544e-03,6.050473e-02,1.5061936103e+00,0.1754,9.5362e-02
934.650,1.2673241191e-03,6.004149e-02,1.5061936103e+00,0.1754,9.9358e-02
935.228,1.2664467210e-03,5.962653e-02,1.5061936103e+00,0.1754,1.0329e-01
935.806,1.2657922168e-03,5.926609e-02,1.5061936103e+00,0.1754,1.0730e-01
936.384,1.2653376443e-03,5.896346e-02,1.5061936103e+00,0.1754,1.1164e-01
936.962,1.2650784388e-03,5.872035e-02,1.5061936103e+00,0.1754,1.1628e-01
937.540,1.2650136044e-03,5.853679e-02,1.5061936103e+00,0.1754,1.2110e-01
938.118,1.2651347897e-03,5.841014e-02,1.5061936103e+00,0.1754,1.2613e-01
938.696,1.2654247839e-03,5.833767e-02,1.5061936103e+00,0.1754,1.3141e-01
939.274,1.2658608970e-03,5.831595e-02,1.5061936103e+00,0.1754,1.3727e-01
939.852,1.2664165453e-03,5.834021e-02,1.5061936103e+00,0.1754,1.4323e-01
940.430,1.2670607594e-03,5.840618e-02,1.5061937094e+00,0.2105,1.4950e-01
941.008,1.2677581167e-03,5.850996e-02,1.5061937094e+00,0.2105,1.5500e-01
941.586,1.2684730104e-03,5.864988e-02,1.5061937094e+00,0.2105,1.6059e-01
942.164,1.2691780017e-03,5.882513e-02,1.5061937109e+00,0.2105,1.6631e-01
942.742,1.2698638522e-03,5.903471e-02,1.5061937109e+00,0.2105,1.7210e-01
943.320,1.2705435956e-03,5.927744e-02,1.5061937109e+00,0.2105,1.7782e-01
943.898,1.2712482262e-03,5.955140e-02,1.5061937109e+00,0.1754,1.8359e-01
944.476,1.2720193941e-03,5.985335e-02,1.5061937109e+00,0.1404,1.8816e-01
945.054,1.2729044879e-03,6.017906e-02,1.5061937141e+00,0.2105,1.7800e-01
945.632,1.2739534050e-03,6.052338e-02,1.5061937141e+00,0.2105,1.8089e-01
946.210,1.2752123357e-03,6.087886e-02,1.5061938583e+00,0.2456,1.8507e-01
946.788,1.2767130526e-03,6.123659e-02,1.5061938583e+00,0.2105,1.8925e-01
947.366,1.2784630123e-03,6.158711e-02,1.5061938588e+00,0.2456,1.9552e-01
947.944,1.2804441874e-03,6.192052e-02,1.5061938608e+00,0.2456,2.0168e-01
948.522,1.2826234174e-03,6.222673e-02,1.5061938609e+00,0.2456,2.0779e-01
949.100,1.2849681661e-03,6.249572e-02,1.5061938613e+00,0.2456,2.1386e-01
949.678,1.2874566685e-03,6.271775e-02,1.5061938613e+00,0.2456,2.2005e-01
950.256,1.2900745201e-03,6.288344e-02,1.5061938613e+00,0.2456,2.2546e-01
950.834,1.2927973396e-03,6.298574e-02,1.5061938613e+00,0.2456,2.3099e-01
951.412,1.2955659221e-03,6.301996e-02,1.5061938613e+00,0.2456,2.3066e-01
951.990,1.2982653026e-03,6.298358e-02,1.5061938613e+00,0.2456,2.0139e-01
952.568,1.3007186310e-03,6.287547e-02,1.5061938613e+00,0.2456,1.9962e-01
953.146,1.3027016176e-03,6.269562e-02,1.5061938613e+00,0.2456,1.9611e-01
953.724,1.3039779706e-03,6.244816e-02,1.5061938613e+00,0.2456,1.9238e-01
954.302,1.3043485218e-03,6.213956e-02,1.5061938613e+00,0.2456,1.7436e-01
954.880,1.3036975317e-03,6.177739e-02,1.5061938613e+00,0.2456,1.7517e-01
955.458,1.3020180056e-03,6.136885e-02,1.5061938613e+00,0.2456,1.6522e-01
956.036,1.2994082389e-03,6.085175e-02,1.5061938613e+00,0.2105,1.6169e-01
956.614,1.2960463269e-03,6.034285e-02,1.5061938613e+00,0.2105,1.6270e-01
957.192,1.2921562656e-03,5.980793e-02,1.5061938613e+00,0.2105,1.4899e-01
957.770,1.2879758681e-03,5.925616e-02,1.5061938613e+00,0.2105,1.5090e-01
958.348,1.2837307259e-03,5.869903e-02,1.5061938613e+00,0.2105,1.3714e-01
958.926,1.2796150036e-03,5.814971e-02,1.5061938613e+00,0.2105,1.3964e-01
959.504,1.2757804537e-03,5.762160e-02,1.5061938613e+00,0.2105,1.3705e-01
960.082,1.2723355921e-03,5.712744e-02,1.5061938613e+00,0.2105,1.2780e-01
960.660,1.2693361006e-03,5.667922e-02,1.5061938613e+00,0.2105,1.2980e-01
961.238,1.2668207626e-03,5.628777e-02,1.5061938613e+00,0.2105,1.1437e-01
961.816,1.2648035428e-03,5.596340e-02,1.5061938613e+00,0.2105,1.1725e-01
962.394,1.2632520034e-03,5.571519e-02,1.5061938613e+00,0.2105,1.1913e-01
962.972,1.2620994572e-03,5.550969e-02,1.5061938613e+00,0.1754,1.0954e-01
963.551,1.2612789137e-03,5.542290e-02,1.5061938613e+00,0.1754,1.1081e-01
964.129,1.2607519481e-03,5.542207e-02,1.5061938613e+00,0.1754,1.1001e-01
964.707,1.2605137006e-03,5.550841e-02,1.5061938613e+00,0.1754,1.0845e-01
965.285,1.2605780542e-03,5.568214e-02,1.5061938613e+00,0.1754,1.0233e-01
965.863,1.2609632848e-03,5.594000e-02,1.5061938613e+00,0.1754,9.0980e-02
966.441,1.2616903374e-03,5.627630e-02,1.5061938613e+00,0.1754,9.1589e-02
967.019,1.2627892158e-03,5.662676e-02,1.5061961291e+00,0.2105,9.4207e-02
967.597,1.2642966900e-03,5.703758e-02,1.5061961291e+00,0.2105,9.6157e-02
968.175,1.2662331134e-03,5.748811e-02,1.5061961291e+00,0.2105,9.7503e-02
968.753,1.2685707752e-03,5.797315e-02,1.5061961291e+00,0.2105,1.0061e-01
969.331,1.2712150422e-03,5.848502e-02,1.5061961291e+00,0.2105,1.0609e-01
969.909,1.2740097529e-03,5.901710e-02,1.5061961291e+00,0.2105,1.0972e-01
970.487,1.2767624074e-03,5.956169e-02,1.5061961291e+00,0.2105,1.1155e-01
971.065,1.2792737045e-03,6.010868e-02,1.5061961291e+00,0.2105,1.1204e-01
971.643,1.2813649219e-03,6.064867e-02,1.5061961291e+00,0.2105,1.1166e-01
972.221,1.2829045444e-03,6.117303e-02,1.5061961291e+00,0.2105,1.1084e-01
972.799,1.2838277993e-03,6.167258e-02,1.5061961291e+00,0.2105,1.0989e-01
973.377,1.2841426320e-03,6.210588e-02,1.5061961291e+00,0.1754,1.0902e-01
973.955,1.2839183598e-03,6.253920e-02,1.5061961291e+00,0.1754,1.0836e-01
974.533,1.2832587379e-03,6.292336e-02,1.5061961291e+00,0.1754,1.0796e-01
975.111,1.2822688657e-03,6.324981e-02,1.5061961291e+00,0.1754,1.0782e-01
975.689,1.2810296219e-03,6.351129e-02,1.5061961291e+00,0.1754,1.0791e-01
976.267,1.2795896831e-03,6.370479e-02,1.5061961291e+00,0.1754,1.0817e-01
976.845,1.2779755848e-03,6.382644e-02,1.5061961291e+00,0.1754,1.0856e-01
977.423,1.2762113593e-03,6.384743e-02,1.5062018636e+00,0.1754,1.1056e-01
978.001,1.2743364326e-03,6.378855e-02,1.5062018636e+00,0.1754,1.1500e-01
978.579,1.2724138399e-03,6.364215e-02,1.5062018636e+00,0.1754,1.2080e-01
979.157,1.2705266882e-03,6.340846e-02,1.5062018636e+00,0.1754,1.2658e-01
979.735,1.2687655626e-03,6.308946e-02,1.5062018636e+00,0.1754,1.3236e-01
980.313,1.2672125209e-03,6.268752e-02,1.5062018636e+00,0.1754,1.3813e-01
980.891,1.2659262135e-03,6.220762e-02,1.5062018636e+00,0.1754,1.4389e-01
981.469,1.2649301729e-03,6.165774e-02,1.5062018636e+00,0.1754,1.4738e-01
982.047,1.2642268533e-03,6.104768e-02,1.5062018636e+00,0.1404,1.5322e-01
982.625,1.2637951580e-03,6.038924e-02,1.5062018636e+00,0.1404,1.5906e-01
983.203,1.2635918031e-03,5.969670e-02,1.5062018636e+00,0.1404,1.6489e-01
983.781,1.2635653041e-03,5.898587e-02,1.5062018636e+00,0.1404,1.7012e-01
984.359,1.2636709978e-03,5.827200e-02,1.5062018636e+00,0.1404,1.7608e-01
984.937,1.2638784718e-03,5.757341e-02,1.5062018636e+00,0.1404,1.8208e-01
985.515,1.2641722105e-03,5.690945e-02,1.5062018636e+00,0.1404,1.8807e-01
986.093,1.2645494305e-03,5.629942e-02,1.5062018636e+00,0.1404,1.9293e-01
986.671,1.2650179281e-03,5.576086e-02,1.5062018636e+00,0.1053,1.9900e-01
987.249,1.2655959648e-03,5.530832e-02,1.5062018636e+00,0.1053,2.0506e-01
987.827,1.2663120665e-03,5.495281e-02,1.5062018636e+00,0.1053,2.1120e-01
988.405,1.2672010092e-03,5.470165e-02,1.5062018636e+00,0.1053,2.1733e-01
988.983,1.2682963515e-03,5.455845e-02,1.5062018636e+00,0.1053,2.2345e-01
989.561,1.2696224893e-03,5.451887e-02,1.5062018636e+00,0.1053,1.3853e-01
990.139,1.2711892507e-03,5.457696e-02,1.5062018636e+00,0.1053,1.0348e-01
990.717,1.2729896211e-03,5.472699e-02,1.5062018636e+00,0.1053,8.3271e-02
991.295,1.2749988681e-03,5.496492e-02,1.5062018636e+00,0.1053,8.0595e-02
991.873,1.2771734908e-03,5.528676e-02,1.5062019225e+00,0.1404,8.7010e-02
992.451,1.2794510432e-03,5.568917e-02,1.5062019225e+00,0.1404,9.3478e-02
993.029,1.2817547234e-03,5.616930e-02,1.5062019225e+00,0.1404,9.9941e-02
993.607,1.2840066424e-03,5.672384e-02,1.5062019225e+00,0.1404,1.0639e-01
994.185,1.2861493816e-03,5.734804e-02,1.5062019225e+00,0.1404,1.1284e-01
994.763,1.2881684977e-03,5.803457e-02,1.5062019225e+00,0.1404,1.1927e-01
995.341,1.2901035117e-03,5.877247e-02,1.5062019225e+00,0.1404,1.2570e-01
995.919,1.2920361437e-03,5.954729e-02,1.5062019225e+00,0.1404,1.3212e-01
996.497,1.2940532867e-03,6.034172e-02,1.5062019225e+00,0.1404,1.3852e-01
997.075,1.2961951258e-03,6.113673e-02,1.5062019225e+00,0.1404,1.4492e-01
997.653,1.2984093333e-03,6.191336e-02,1.5062019225e+00,0.1404,1.5130e-01
998.231,1.3005331621e-03,6.265359e-02,1.5062019225e+00,0.1404,2.8829e-02
998.809,1.3023176254e-03,6.334140e-02,1.5062019225e+00,0.1053,2.5866e-02
999.387,1.3034888981e-03,6.396347e-02,1.5062019225e+00,0.1053,2.4365e-02
999.965,1.3038231836e-03,6.451000e-02,1.5062019225e+00,0.1053,2.4114e-02
1000.543,1.3032071419e-03,6.497415e-02,1.5062019225e+00,0.1053,2.4945e-02
1001.121,1.3016636290e-03,6.535204e-02,1.5062019225e+00,0.1053,2.6724e-02
1001.699,1.2993362602e-03,6.564495e-02,1.5062019225e+00,0.1053,2.9403e-02
1002.277,1.2964420392e-03,6.585835e-02,1.5062019225e+00,0.1053,3.3133e-02
1002.856,1.2932133475e-03,6.599938e-02,1.5062019225e+00,0.1053,3.8263e-02
1003.434,1.2898519702e-03,6.607630e-02,1.5062019225e+00,0.1053,4.3893e-02
1004.012,1.2865080530e-03,6.609806e-02,1.5062019225e+00,0.1053,4.9836e-02
1004.590,1.2832812676e-03,6.607371e-02,1.5062019225e+00,0.1053,5.6015e-02
1005.168,1.2802321812e-03,6.601234e-02,1.5062019225e+00,0.1053,6.2362e-02
1005.746,1.2773942533e-03,6.592073e-02,1.5062019225e+00,0.1053,6.8820e-02
1006.324,1.2747845635e-03,6.580688e-02,1.5062019225e+00,0.1053,7.5345e-02
1006.902,1.2724148363e-03,6.567915e-02,1.5062019225e+00,0.1053,8.1907e-02
1007.480,1.2702898448e-03,6.554550e-02,1.5062019225e+00,0.1053,8.8487e-02
1008.058,1.2684340909e-03,6.541380e-02,1.5062019225e+00,0.1053,9.5070e-02
1008.636,1.2668767248e-03,6.529032e-02,1.5062019225e+00,0.1053,1.0165e-01
1009.214,1.2656239437e-03,6.518035e-02,1.5062019225e+00,0.1053,1.0822e-01
1009.792,1.2646567221e-03,6.508814e-02,1.5062019225e+00,0.1053,1.1478e-01
1010.370,1.2639462372e-03,6.501788e-02,1.5062019225e+00,0.1053,1.2132e-01
1010.948,1.2634668556e-03,6.497119e-02,1.5062019225e+00,0.1053,1.2786e-01
1011.526,1.2631939140e-03,6.494785e-02,1.5062019225e+00,0.1053,1.3439e-01
1012.104,1.2630927492e-03,6.494607e-02,1.5062019225e+00,0.1053,1.4091e-01
1012.682,1.2631162428e-03,6.496303e-02,1.5062019225e+00,0.1053,1.4742e-01
1013.260,1.2632187810e-03,6.499524e-02,1.5062019225e+00,0.1053,1.4738e-01
1013.838,1.2633763922e-03,6.503908e-02,1.5062019225e+00,0.1053,3.9654e-02
1014.416,1.2635957872e-03,6.509069e-02,1.5062019225e+00,0.1053,3.8741e-02
1014.994,1.2639052651e-03,6.514650e-02,1.5062019225e+00,0.1053,3.5999e-02
1015.572,1.2643358713e-03,6.520169e-02,1.5062019225e+00,0.1053,3.2533e-02
1016.150,1.2649078384e-03,6.525264e-02,1.5062019225e+00,0.1053,2.8682e-02
1016.728,1.2656282786e-03,6.529624e-02,1.5062019225e+00,0.1053,2.4569e-02
1017.306,1.2664964311e-03,6.533045e-02,1.5062019225e+00,0.1053,2.0411e-02
1017.884,1.2675108083e-03,6.535120e-02,1.5062019225e+00,0.1053,2.2352e-02
1018.462,1.2686779096e-03,6.535637e-02,1.5062019225e+00,0.1053,2.4217e-02
1019.040,1.2700252204e-03,6.534545e-02,1.5062019225e+00,0.1053,2.6013e-02
1019.618,1.2716181030e-03,6.531795e-02,1.5062019225e+00,0.1053,2.7755e-02
1020.196,1.2735809731e-03,6.527214e-02,1.5062019225e+00,0.1053,2.9731e-02
1020.774,1.2761035154e-03,6.520505e-02,1.5062019225e+00,0.1053,3.3316e-02
1021.352,1.2794152594e-03,6.511573e-02,1.5062019225e+00,0.1053,3.6928e-02
1021.930,1.2837293110e-03,6.500319e-02,1.5062019225e+00,0.1053,4.0606e-02
1022.508,1.2891664647e-03,6.486617e-02,1.5062019225e+00,0.1053,4.4288e-02
1023.086,1.2956718167e-03,6.470337e-02,1.5062019225e+00,0.1053,4.7959e-02
1023.664,1.3029400343e-03,6.451352e-02,1.5062019225e+00,0.1053,5.1620e-02
1024.242,1.3103819970e-03,6.429549e-02,1.5062019225e+00,0.1053,5.5270e-02
1024.820,1.3171741516e-03,6.404835e-02,1.5062019225e+00,0.1053,5.8906e-02
1025.398,1.3224122032e-03,6.377157e-02,1.5062019225e+00,0.1053,6.2584e-02
1025.976,1.3253362118e-03,6.346516e-02,1.5062019225e+00,0.1053,6.6379e-02
1026.554,1.3255378723e-03,6.312957e-02,1.5062019225e+00,0.1053,7.0281e-02
1027.132,1.3230565405e-03,6.276570e-02,1.5062019225e+00,0.1053,7.4297e-02
1027.710,1.3183293688e-03,6.237453e-02,1.5062019225e+00,0.1053,7.8477e-02
1028.288,1.3120373134e-03,6.195723e-02,1.5062019225e+00,0.1053,8.2720e-02
1028.866,1.3049254089e-03,6.151791e-02,1.5062019225e+00,0.1053,8.6203e-02
1029.444,1.2976609491e-03,6.106304e-02,1.5062019225e+00,0.1053,8.6028e-02
1030.022,1.2907538796e-03,6.059735e-02,1.5062019225e+00,0.1053,8.2003e-02
1030.600,1.2845315319e-03,6.012680e-02,1.5062019225e+00,0.1053,7.6443e-02
1031.178,1.2791507929e-03,5.965934e-02,1.5062019225e+00,0.1053,7.1021e-02
1031.756,1.2746346008e-03,5.920309e-02,1.5062019225e+00,0.1053,6.6358e-02
1032.334,1.2709221269e-03,5.876543e-02,1.5062019225e+00,0.1053,6.5613e-02
1032.912,1.2679190461e-03,5.835347e-02,1.5062019225e+00,0.1053,7.1240e-02
1033.490,1.2655169315e-03,5.797442e-02,1.5062019225e+00,0.1053,7.6357e-02
1034.068,1.2636430930e-03,5.763500e-02,1.5062019225e+00,0.1053,7.7621e-02
1034.646,1.2622395940e-03,5.734115e-02,1.5062019225e+00,0.1053,7.2490e-02
1035.224,1.2612308350e-03,5.709737e-02,1.5062019225e+00,0.1053,6.5121e-02
1035.802,1.2605343583e-03,5.690846e-02,1.5062019225e+00,0.1053,5.9345e-02
1036.380,1.2600911479e-03,5.677882e-02,1.5062019225e+00,0.1053,5.5495e-02
1036.958,1.2598771613e-03,5.671386e-02,1.5062019225e+00,0.1053,5.3292e-02
1037.536,1.2598840554e-03,5.672038e-02,1.5062019225e+00,0.1053,5.2349e-02
1038.114,1.2600927579e-03,5.680081e-02,1.5062019225e+00,0.1053,5.2335e-02
1038.692,1.2604656633e-03,5.695432e-02,1.5062019225e+00,0.1053,5.3081e-02
1039.270,1.2609582232e-03,5.717838e-02,1.5062019225e+00,0.1053,5.5503e-02
1039.848,1.2615311092e-03,5.746829e-02,1.5062019225e+00,0.1053,5.7580e-02
1040.426,1.2621485302e-03,5.781719e-02,1.5062019225e+00,0.1053,5.9179e-02
1041.004,1.2627697760e-03,5.821711e-02,1.5062019225e+00,0.1053,6.0750e-02
1041.582,1.2633492000e-03,5.866003e-02,1.5062019225e+00,0.1053,6.3795e-02
1042.161,1.2638496206e-03,5.913612e-02,1.5062019225e+00,0.1053,6.6861e-02
1042.739,1.2642591429e-03,5.963437e-02,1.5062019225e+00,0.1053,6.9540e-02
1043.317,1.2645973464e-03,6.014370e-02,1.5062019225e+00,0.1053,7.1421e-02
1043.895,1.2649061293e-03,6.065358e-02,1.5062019225e+00,0.1053,7.2136e-02
1044.473,1.2652326203e-03,6.115438e-02,1.5062019225e+00,0.1053,5.3789e-02
1045.051,1.2656152706e-03,6.163718e-02,1.5062019225e+00,0.1053,5.0620e-02
1045.629,1.2660781612e-03,6.209089e-02,1.5062019225e+00,0.1053,4.6966e-02
1046.207,1.2666304491e-03,6.250887e-02,1.5062019225e+00,0.1053,4.2965e-02
1046.785,1.2672657297e-03,6.288520e-02,1.5062019225e+00,0.1053,3.8756e-02
1047.363,1.2679605629e-03,6.321493e-02,1.5062019225e+00,0.1053,3.5172e-02
1047.941,1.2686763757e-03,6.349267e-02,1.5062019225e+00,0.1053,3.6003e-02
1048.519,1.2693684857e-03,6.371306e-02,1.5062019225e+00,0.1053,3.6582e-02
1049.097,1.2700000786e-03,6.387238e-02,1.5062019225e+00,0.1053,3.6834e-02
1049.675,1.2705536698e-03,6.396890e-02,1.5062019225e+00,0.1053,3.7347e-02
1050.253,1.2710341029e-03,6.400243e-02,1.5062019225e+00,0.1053,3.9091e-02
1050.831,1.2714611793e-03,6.397484e-02,1.5062019225e+00,0.1053,4.1068e-02
1051.409,1.2718597969e-03,6.389051e-02,1.5062019225e+00,0.1053,4.3253e-02
1051.987,1.2722545371e-03,6.375630e-02,1.5062019225e+00,0.1053,3.0806e-02
1052.565,1.2726663362e-03,6.357997e-02,1.5062019225e+00,0.1053,2.7928e-02
1053.143,1.2731090413e-03,6.336874e-02,1.5062019225e+00,0.1053,2.4560e-02
1053.721,1.2735859033e-03,6.313490e-02,1.5062019225e+00,0.1053,2.0791e-02
1054.299,1.2740874474e-03,6.289051e-02,1.5062019225e+00,0.1053,1.6732e-02
1054.877,1.2745924824e-03,6.264666e-02,1.5062019225e+00,0.1053,1.2515e-02
1055.455,1.2750729890e-03,6.241289e-02,1.5062019225e+00,0.1053,1.0459e-02
1056.033,1.2755015860e-03,6.219714e-02,1.5062019225e+00,0.1053,1.1158e-02
1056.611,1.2758584959e-03,6.200664e-02,1.5062019225e+00,0.1053,1.1918e-02
1057.189,1.2761348969e-03,6.184700e-02,1.5062019225e+00,0.1053,1.2640e-02
1057.767,1.2763315730e-03,6.172244e-02,1.5062019225e+00,0.1053,1.4317e-02
1058.345,1.2764545516e-03,6.163586e-02,1.5062019225e+00,0.1053,1.5735e-02
1058.923,1.2765109659e-03,6.158876e-02,1.5062019225e+00,0.1053,1.6899e-02
1059.501,1.2765077248e-03,6.158253e-02,1.5062019225e+00,0.1053,1.7818e-02
1060.079,1.2764533720e-03,6.161838e-02,1.5062019225e+00,0.1053,1.8503e-02
1060.657,1.2763613497e-03,6.169792e-02,1.5062019225e+00,0.1053,2.1023e-02
1061.235,1.2762521364e-03,6.182347e-02,1.5062019225e+00,0.1053,2.6284e-02
1061.813,1.2761527001e-03,6.199575e-02,1.5062019225e+00,0.1053,3.1846e-02
1062.391,1.2760935200e-03,6.221503e-02,1.5062019225e+00,0.1053,3.7725e-02
1062.969,1.2761049486e-03,6.247997e-02,1.5062019225e+00,0.1053,4.3846e-02
1063.547,1.2762144663e-03,6.278728e-02,1.5062019225e+00,0.1053,5.0162e-02
1064.125,1.2764448849e-03,6.313128e-02,1.5062019225e+00,0.1053,5.6628e-02
1064.703,1.2768131909e-03,6.350265e-02,1.5062019225e+00,0.1053,6.3198e-02
1065.281,1.2773299637e-03,6.388950e-02,1.5062019225e+00,0.1053,6.9838e-02
1065.859,1.2779997246e-03,6.427805e-02,1.5062019225e+00,0.1053,7.6517e-02
1066.437,1.2788231632e-03,6.465270e-02,1.5062019225e+00,0.1053,8.3218e-02
1067.015,1.2798018436e-03,6.499794e-02,1.5062019225e+00,0.1053,8.9926e-02
1067.593,1.2809438204e-03,6.529986e-02,1.5062019225e+00,0.1053,9.6630e-02
1068.171,1.2822660056e-03,6.554534e-02,1.5062019225e+00,0.1053,1.0333e-01
1068.749,1.2837890963e-03,6.572538e-02,1.5062019225e+00,0.1053,1.1001e-01
1069.327,1.2855246483e-03,6.583715e-02,1.5062019225e+00,0.1053,1.1669e-01
1069.905,1.2874594737e-03,6.588142e-02,1.5062019225e+00,0.1053,1.2335e-01
1070.483,1.2895457097e-03,6.586268e-02,1.5062019225e+00,0.1053,1.3001e-01
1071.061,1.2917024600e-03,6.578976e-02,1.5062019225e+00,0.1053,1.3670e-01
1071.639,1.2938281117e-03,6.567224e-02,1.5062019225e+00,0.1053,1.4346e-01
1072.217,1.2958162438e-03,6.551848e-02,1.5062019225e+00,0.1053,1.5020e-01
1072.795,1.2975669082e-03,6.533942e-02,1.5062019225e+00,0.1053,1.5694e-01
1073.373,1.2989894689e-03,6.514587e-02,1.5062019225e+00,0.1053,1.6367e-01
1073.951,1.2999996582e-03,6.495369e-02,1.5062019225e+00,0.1053,1.7032e-01
1074.529,1.3005175480e-03,6.477695e-02,1.5062019225e+00,0.1053,1.7701e-01
1075.107,1.3004723776e-03,6.461958e-02,1.5062019225e+00,0.1053,1.8369e-01
1075.685,1.2998155046e-03,6.448467e-02,1.5062019225e+00,0.1053,1.9035e-01
1076.263,1.2985372123e-03,6.437381e-02,1.5062019225e+00,0.1053,1.3886e-01
1076.841,1.2966798451e-03,6.428675e-02,1.5062019225e+00,0.0702,1.1248e-01
1077.419,1.2943403275e-03,6.422326e-02,1.5062019225e+00,0.0702,5.4930e-02
1077.997,1.2916591061e-03,6.418166e-02,1.5062019225e+00,0.0702,5.4735e-02
1078.575,1.2887977024e-03,6.415563e-02,1.5062019225e+00,0.0702,5.0156e-02
1079.153,1.2859115313e-03,6.414208e-02,1.5062019225e+00,0.0702,4.5358e-02
1079.731,1.2831263653e-03,6.413785e-02,1.5062019225e+00,0.0702,4.0324e-02
1080.309,1.2805248997e-03,6.414020e-02,1.5062019225e+00,0.0702,3.5155e-02
1080.887,1.2781472056e-03,6.414466e-02,1.5062019225e+00,0.0702,3.0249e-02
1081.466,1.2759886096e-03,6.414738e-02,1.5062019225e+00,0.0702,3.2105e-02
1082.044,1.2740387579e-03,6.414634e-02,1.5062019225e+00,0.0702,3.3838e-02
1082.622,1.2722910314e-03,6.414004e-02,1.5062019225e+00,0.0702,3.5424e-02
1083.200,1.2707324430e-03,6.412852e-02,1.5062019225e+00,0.0702,3.6674e-02
1083.778,1.2693515668e-03,6.411134e-02,1.5062019225e+00,0.0702,3.7514e-02
1084.356,1.2681541413e-03,6.408880e-02,1.5062019225e+00,0.0702,3.7943e-02
1084.934,1.2671659586e-03,6.406426e-02,1.5062019225e+00,0.0702,3.8074e-02
1085.512,1.2664150337e-03,6.403972e-02,1.5062019225e+00,0.0702,3.7855e-02
1086.090,1.2659062870e-03,6.401664e-02,1.5062019225e+00,0.0702,3.7174e-02
1086.668,1.2656106402e-03,6.399636e-02,1.5062019225e+00,0.0702,3.5945e-02
1087.246,1.2654771241e-03,6.398094e-02,1.5062019225e+00,0.0702,3.4117e-02
1087.824,1.2654559404e-03,6.397207e-02,1.5062019225e+00,0.0702,3.1649e-02
1088.402,1.2655132066e-03,6.397091e-02,1.5062019225e+00,0.0702,2.8538e-02
1088.980,1.2656293471e-03,6.397773e-02,1.5062019225e+00,0.0702,2.4835e-02
1089.558,1.2657891489e-03,6.399199e-02,1.5062019225e+00,0.0702,2.0640e-02
1090.136,1.2659763623e-03,6.401330e-02,1.5062019225e+00,0.0702,1.7989e-02
1090.714,1.2661773170e-03,6.404165e-02,1.5062019225e+00,0.0702,2.0043e-02
1091.292,1.2663873048e-03,6.407594e-02,1.5062019225e+00,0.0702,2.2307e-02
1091.870,1.2666117925e-03,6.411534e-02,1.5062019225e+00,0.0702,2.4882e-02
1092.448,1.2668613225e-03,6.416008e-02,1.5062019225e+00,0.0702,2.7885e-02
1093.026,1.2671460725e-03,6.420884e-02,1.5062019225e+00,0.0702,3.1459e-02
1093.604,1.2674750461e-03,6.426068e-02,1.5062019225e+00,0.0702,3.5758e-02
1094.182,1.2678582753e-03,6.431691e-02,1.5062019225e+00,0.0702,4.0579e-02
1094.760,1.2683060052e-03,6.437794e-02,1.5062019225e+00,0.0702,4.5913e-02
1095.338,1.2688218635e-03,6.444206e-02,1.5062019225e+00,0.0702,5.1780e-02
1095.916,1.2693937051e-03,6.450997e-02,1.5062019225e+00,0.0702,5.8044e-02
1096.494,1.2699892296e-03,6.458280e-02,1.5062019225e+00,0.0702,6.4587e-02
1097.072,1.2705630818e-03,6.466009e-02,1.5062019225e+00,0.0702,7.1315e-02
1097.650,1.2710692547e-03,6.473940e-02,1.5062019225e+00,0.0702,7.8155e-02
1098.228,1.2714706009e-03,6.481953e-02,1.5062019225e+00,0.0702,8.5059e-02
1098.806,1.2717449456e-03,6.490045e-02,1.5062019225e+00,0.0702,9.1993e-02
1099.384,1.2718915092e-03,6.498190e-02,1.5062019225e+00,0.0702,9.8939e-02
1099.962,1.2719386081e-03,6.506645e-02,1.5062019225e+00,0.0702,1.0330e-01
1100.540,1.2719480674e-03,6.515399e-02,1.5062019225e+00,0.0702,9.9862e-02
1101.118,1.2720098435e-03,6.524202e-02,1.5062019225e+00,0.0702,8.9873e-02
1101.696,1.2722256337e-03,6.532729e-02,1.5062019225e+00,0.0702,1.8609e-02
1102.274,1.2726888369e-03,6.540927e-02,1.5062019225e+00,0.0702,4.7473e-02
1102.852,1.2734719798e-03,6.548397e-02,1.5062019225e+00,0.0702,4.8468e-02
1103.430,1.2746276874e-03,6.554981e-02,1.5062019225e+00,0.0702,4.7534e-02
1104.008,1.2761998185e-03,6.560536e-02,1.5062019225e+00,0.0702,4.5608e-02
1104.586,1.2782347833e-03,6.564912e-02,1.5062019225e+00,0.0702,4.3218e-02
1105.164,1.2807827908e-03,6.567967e-02,1.5062019225e+00,0.0702,4.0619e-02
1105.742,1.2838842582e-03,6.569588e-02,1.5062019225e+00,0.1053,5.0729e-02
1106.320,1.2875439753e-03,6.569293e-02,1.5062019225e+00,0.1053,4.8398e-02
1106.898,1.2917007022e-03,6.566787e-02,1.5062019225e+00,0.1053,4.6295e-02
1107.476,1.2962019203e-03,6.561812e-02,1.5062019225e+00,0.1053,4.5514e-02
1108.054,1.3007941382e-03,6.554353e-02,1.5062019225e+00,0.1053,5.0222e-02
1108.632,1.3051384179e-03,6.544501e-02,1.5062019225e+00,0.1053,5.4493e-02
1109.210,1.3088552470e-03,6.532688e-02,1.5062019225e+00,0.1053,5.8574e-02
1109.788,1.3115920537e-03,6.519227e-02,1.5062019225e+00,0.1053,6.2605e-02
1110.366,1.3130931447e-03,6.504274e-02,1.5062019225e+00,0.1053,6.6477e-02
1110.944,1.3132452471e-03,6.487940e-02,1.5062019225e+00,0.1053,7.0004e-02
1111.522,1.3120829766e-03,6.470211e-02,1.5062019225e+00,0.1053,7.2933e-02
1112.100,1.3097591990e-03,6.451048e-02,1.5062019225e+00,0.1053,7.4979e-02
1112.678,1.3064979175e-03,6.430405e-02,1.5062019225e+00,0.1053,7.5915e-02
1113.256,1.3025468483e-03,6.408488e-02,1.5062019225e+00,0.1053,7.5646e-02
1113.834,1.2981409375e-03,6.385631e-02,1.5062019225e+00,0.1053,7.4123e-02
1114.412,1.2934831036e-03,6.362229e-02,1.5062019225e+00,0.1053,7.1335e-02
1114.990,1.2887421990e-03,6.338934e-02,1.5062019225e+00,0.1053,6.7406e-02
1115.568,1.2840622073e-03,6.316556e-02,1.5062019225e+00,0.1053,6.2603e-02
1116.146,1.2795738173e-03,6.295912e-02,1.5062019225e+00,0.1053,5.6991e-02
1116.724,1.2754034570e-03,6.236287e-02,1.5062021076e+00,0.1053,5.0094e-02
1117.302,1.2716631252e-03,6.221828e-02,1.5062021076e+00,0.1053,4.2675e-02
1117.880,1.2684470276e-03,6.213164e-02,1.5062021076e+00,0.1053,4.0531e-02
1118.458,1.2658504364e-03,6.210550e-02,1.5062021076e+00,0.1053,4.6911e-02
1119.036,1.2639243327e-03,6.214070e-02,1.5062021076e+00,0.1053,5.3289e-02
1119.614,1.2626586076e-03,6.223633e-02,1.5062021076e+00,0.1053,5.9664e-02
1120.192,1.2620037451e-03,6.238933e-02,1.5062021076e+00,0.1053,6.6037e-02
1120.771,1.2618973523e-03,6.259473e-02,1.5062021076e+00,0.1053,7.2405e-02
1121.349,1.2622718828e-03,6.284652e-02,1.5062021076e+00,0.1053,7.8769e-02
1121.927,1.2630439392e-03,6.313794e-02,1.5062021076e+00,0.1053,8.5128e-02
1122.505,1.2641021508e-03,6.346188e-02,1.5062021076e+00,0.1053,9.1481e-02
1123.083,1.2653148243e-03,6.381335e-02,1.5062021076e+00,0.1053,9.7828e-02
1123.661,1.2665562459e-03,6.418851e-02,1.5062021076e+00,0.1053,1.0417e-01
1124.239,1.2677308261e-03,6.458246e-02,1.5062021076e+00,0.1053,7.8335e-02
1124.817,1.2687820823e-03,6.498930e-02,1.5062021076e+00,0.1053,5.1393e-02
1125.395,1.2696862105e-03,6.540191e-02,1.5062021076e+00,0.1053,5.3458e-02
1125.973,1.2704395727e-03,6.579292e-02,1.5062021076e+00,0.0702,5.0805e-02
1126.551,1.2710484678e-03,6.614294e-02,1.5062052215e+00,0.1053,4.7324e-02
1127.129,1.2715218402e-03,6.649785e-02,1.5062052215e+00,0.1053,4.2389e-02
1127.707,1.2718632157e-03,6.683856e-02,1.5062052215e+00,0.1053,4.3806e-02
1128.285,1.2720617559e-03,6.716502e-02,1.5062052215e+00,0.1053,4.5873e-02
1128.863,1.2720885148e-03,6.744885e-02,1.5062052215e+00,0.0702,4.5161e-02
1129.441,1.2719044347e-03,6.774705e-02,1.5062052215e+00,0.0702,4.0547e-02
1130.019,1.2714795459e-03,6.802646e-02,1.5062052215e+00,0.0702,4.1354e-02
1130.597,1.2708143709e-03,6.827227e-02,1.5062052215e+00,0.0702,4.5971e-02
1131.175,1.2699519542e-03,6.847076e-02,1.5062052215e+00,0.0702,5.0324e-02
1131.753,1.2689738895e-03,6.860825e-02,1.5062052215e+00,0.0702,5.4690e-02
1132.331,1.2679820460e-03,6.867088e-02,1.5062052215e+00,0.0702,5.9095e-02
1132.909,1.2670742549e-03,6.864561e-02,1.5062052215e+00,0.0702,6.3551e-02
1133.487,1.2663243930e-03,6.849898e-02,1.5062079109e+00,0.1404,6.6169e-02
1134.065,1.2657706348e-03,6.824426e-02,1.5062079109e+00,0.1404,6.4110e-02
1134.643,1.2654163160e-03,6.786829e-02,1.5062079109e+00,0.1404,6.1836e-02
1135.221,1.2652445604e-03,6.736814e-02,1.5062079109e+00,0.1404,6.0641e-02
1135.799,1.2652216105e-03,6.674588e-02,1.5062079109e+00,0.1404,6.0756e-02
1136.377,1.2653048801e-03,6.600779e-02,1.5062079109e+00,0.1404,6.1175e-02
1136.955,1.2654582125e-03,6.516311e-02,1.5062079109e+00,0.1404,6.2486e-02
1137.533,1.2656647920e-03,6.422798e-02,1.5062079109e+00,0.1404,6.8751e-02
1138.111,1.2659266197e-03,6.322484e-02,1.5062079109e+00,0.1404,7.5011e-02
1138.689,1.2662506667e-03,6.218144e-02,1.5062079109e+00,0.1404,8.1279e-02
1139.267,1.2666336556e-03,6.112919e-02,1.5062079109e+00,0.1404,8.7633e-02
1139.845,1.2670580333e-03,6.010319e-02,1.5062079109e+00,0.1404,9.3984e-02
1140.423,1.2674991133e-03,5.914062e-02,1.5062079109e+00,0.1404,1.0033e-01
1141.001,1.2679356762e-03,5.827878e-02,1.5062079109e+00,0.1404,1.0667e-01
1141.579,1.2683562937e-03,5.755090e-02,1.5062079109e+00,0.1404,1.1300e-01
1142.157,1.2687593835e-03,5.698182e-02,1.5062079109e+00,0.1404,1.1932e-01
1142.735,1.2691505542e-03,5.658690e-02,1.5062079109e+00,0.1404,1.2527e-01
1143.313,1.2695413216e-03,5.637061e-02,1.5062079109e+00,0.1404,1.3060e-01
1143.891,1.2699497615e-03,5.632542e-02,1.5062079109e+00,0.1404,1.3659e-01
1144.469,1.2704007521e-03,5.643475e-02,1.5062079109e+00,0.1404,1.4299e-01
1145.047,1.2709242200e-03,5.667395e-02,1.5062079109e+00,0.1404,1.4943e-01
1145.625,1.2715529506e-03,5.701878e-02,1.5062079109e+00,0.1404,1.5592e-01
1146.203,1.2723230880e-03,5.745435e-02,1.5062079109e+00,0.1404,1.6240e-01
1146.781,1.2732781893e-03,5.797228e-02,1.5062079109e+00,0.1404,1.6830e-01
1147.359,1.2744734018e-03,5.857029e-02,1.5062079109e+00,0.1404,1.7150e-01
1147.937,1.2759741488e-03,5.924852e-02,1.5062079109e+00,0.1404,1.7029e-01
1148.515,1.2778459797e-03,6.001032e-02,1.5062079109e+00,0.1404,1.6166e-01
1149.093,1.2801374470e-03,6.085675e-02,1.5062079109e+00,0.1404,1.4693e-01
1149.671,1.2828625492e-03,6.178335e-02,1.5062079109e+00,0.1404,1.3231e-01
1150.249,1.2859901272e-03,6.277892e-02,1.5062079109e+00,0.1404,1.2876e-01
1150.827,1.2894439007e-03,6.382538e-02,1.5062079109e+00,0.1404,1.3541e-01
1151.405,1.2931109621e-03,6.489977e-02,1.5062079109e+00,0.1404,1.4205e-01
1151.983,1.2968522121e-03,6.597712e-02,1.5062079109e+00,0.1404,1.4866e-01
1152.561,1.3005081525e-03,6.703332e-02,1.5062079109e+00,0.1404,1.5522e-01
1153.139,1.3038981009e-03,6.804594e-02,1.5062079109e+00,0.1404,1.6157e-01
1153.717,1.3068177206e-03,6.899483e-02,1.5062079109e+00,0.1404,1.6710e-01
1154.295,1.3090443841e-03,6.986239e-02,1.5062079109e+00,0.1404,1.7004e-01
1154.873,1.3103589167e-03,7.063415e-02,1.5062079109e+00,0.1404,1.6697e-01
1155.451,1.3105827444e-03,7.130026e-02,1.5062079109e+00,0.1404,1.5769e-01
1156.029,1.3096181396e-03,7.185520e-02,1.5062079109e+00,0.1404,1.4946e-01
1156.607,1.3074761007e-03,7.229960e-02,1.5062079109e+00,0.1053,1.4207e-01
1157.185,1.3042810928e-03,7.263825e-02,1.5062079109e+00,0.1053,1.4203e-01
1157.763,1.3002499713e-03,7.287989e-02,1.5062079109e+00,0.1053,5.0933e-02
1158.341,1.2956516878e-03,7.303335e-02,1.5062079109e+00,0.1053,5.1709e-02
1158.919,1.2907627118e-03,7.310865e-02,1.5062079109e+00,0.1053,5.2132e-02
1159.497,1.2858330125e-03,7.311606e-02,1.5062079109e+00,0.1053,5.2102e-02
1160.076,1.2810687892e-03,7.306497e-02,1.5062079109e+00,0.1053,5.1529e-02
1160.654,1.2766284553e-03,7.296522e-02,1.5062079109e+00,0.1053,5.0327e-02
1161.232,1.2726269854e-03,7.282643e-02,1.5062079109e+00,0.1053,4.8437e-02
1161.810,1.2691285845e-03,7.265817e-02,1.5062079109e+00,0.1053,4.5853e-02
1162.388,1.2661549244e-03,7.246986e-02,1.5062079109e+00,0.1053,4.2620e-02
1162.966,1.2637169159e-03,7.227050e-02,1.5062079109e+00,0.1053,3.8820e-02
1163.544,1.2617845648e-03,7.206944e-02,1.5062079109e+00,0.1053,3.4633e-02
1164.122,1.2602847460e-03,7.187372e-02,1.5062079109e+00,0.1053,3.0188e-02
1164.700,1.2591321499e-03,7.168678e-02,1.5062079109e+00,0.1053,2.5533e-02
1165.278,1.2582598978e-03,7.151032e-02,1.5062079109e+00,0.1053,2.4854e-02
1165.856,1.2576281215e-03,7.134550e-02,1.5062079109e+00,0.1053,2.4117e-02
1166.434,1.2572127560e-03,7.119249e-02,1.5062079109e+00,0.1053,2.3172e-02
1167.012,1.2569939179e-03,7.105090e-02,1.5062079109e+00,0.1053,2.1958e-02
1167.590,1.2569593759e-03,7.091918e-02,1.5062079109e+00,0.1053,2.0419e-02
1168.168,1.2571187105e-03,7.079557e-02,1.5062079109e+00,0.1053,1.8514e-02
1168.746,1.2575081622e-03,7.067922e-02,1.5062079109e+00,0.1053,1.6218e-02
1169.324,1.2581731460e-03,7.056962e-02,1.5062079109e+00,0.1053,1.3537e-02
1169.902,1.2591369079e-03,7.046736e-02,1.5062079109e+00,0.1053,1.4186e-02
1170.480,1.2603742668e-03,7.037276e-02,1.5062079109e+00,0.1053,1.7645e-02
1171.058,1.2618109045e-03,7.028847e-02,1.5062079109e+00,0.1053,2.0766e-02
1171.636,1.2633519032e-03,7.021723e-02,1.5062079109e+00,0.1053,2.3440e-02
1172.214,1.2649256520e-03,7.015978e-02,1.5062079109e+00,0.1053,2.5669e-02
1172.792,1.2665255138e-03,7.011457e-02,1.5062079109e+00,0.1053,2.7580e-02
1173.370,1.2682400513e-03,7.008082e-02,1.5062079109e+00,0.1053,2.9211e-02
1173.948,1.2702730348e-03,7.005729e-02,1.5062079109e+00,0.1053,3.0585e-02
1174.526,1.2729496531e-03,7.004228e-02,1.5062079109e+00,0.1053,3.4617e-02
1175.104,1.2767007436e-03,7.003351e-02,1.5062079109e+00,0.1053,3.9709e-02
1175.682,1.2820167961e-03,7.002799e-02,1.5062079109e+00,0.1053,4.5273e-02
1176.260,1.2893380662e-03,7.002152e-02,1.5062079109e+00,0.1053,5.1250e-02
1176.838,1.2988674157e-03,7.000952e-02,1.5062079109e+00,0.1053,5.7540e-02
1177.416,1.3103393568e-03,6.998693e-02,1.5062079109e+00,0.1053,6.4049e-02
1177.994,1.3228397505e-03,6.994758e-02,1.5062079109e+00,0.1053,7.0702e-02
1178.572,1.3348152958e-03,6.988536e-02,1.5062079109e+00,0.1053,7.7445e-02
1179.150,1.3443735319e-03,6.979249e-02,1.5062079109e+00,0.1053,8.4236e-02
1179.728,1.3498240083e-03,6.966217e-02,1.5062079109e+00,0.1053,9.1051e-02
1180.306,1.3502274133e-03,6.948880e-02,1.5062079109e+00,0.1053,9.7872e-02
1180.884,1.3456666026e-03,6.926659e-02,1.5062079109e+00,0.1053,1.0469e-01
1181.462,1.3371065601e-03,6.898966e-02,1.5062079109e+00,0.1053,1.1150e-01
1182.040,1.3259660145e-03,6.865284e-02,1.5062079109e+00,0.1053,1.1829e-01
1182.618,1.3136677619e-03,6.825084e-02,1.5062079109e+00,0.1053,1.2516e-01
1183.196,1.3013703076e-03,6.778171e-02,1.5062079109e+00,0.1053,1.3207e-01
1183.774,1.2899018183e-03,6.724901e-02,1.5062079109e+00,0.1053,1.3896e-01
1184.352,1.2797938678e-03,6.666214e-02,1.5062079109e+00,0.1053,1.4588e-01
1184.930,1.2713223817e-03,6.603034e-02,1.5062079109e+00,0.1053,1.5287e-01
1185.508,1.2645391241e-03,6.536304e-02,1.5062079109e+00,0.1053,1.5985e-01
1186.086,1.2593214539e-03,6.467348e-02,1.5062079109e+00,0.1053,1.6682e-01
1186.664,1.2554479597e-03,6.397681e-02,1.5062079109e+00,0.1053,1.3993e-01
1187.242,1.2526506662e-03,6.328634e-02,1.5062079109e+00,0.1053,1.3040e-01
1187.820,1.2507160174e-03,6.262219e-02,1.5062079109e+00,0.1053,1.1647e-01
1188.398,1.2494590169e-03,6.200265e-02,1.5062079109e+00,0.1053,1.0196e-01
1188.976,1.2486844078e-03,6.144713e-02,1.5062079109e+00,0.1053,9.1270e-02
1189.554,1.2482220331e-03,6.096800e-02,1.5062079109e+00,0.1053,1.0241e-01
1190.132,1.2479890291e-03,6.057737e-02,1.5062079109e+00,0.1053,1.1149e-01
1190.710,1.2480085951e-03,6.028303e-02,1.5062079109e+00,0.1053,1.1553e-01
1191.288,1.2483559318e-03,6.009486e-02,1.5062079109e+00,0.1053,1.1490e-01
1191.866,1.2490807590e-03,6.001110e-02,1.5062079109e+00,0.1053,1.1024e-01
1192.444,1.2501754511e-03,6.003484e-02,1.5062079109e+00,0.1053,1.0241e-01
1193.022,1.2515988330e-03,6.007136e-02,1.5062079109e+00,0.0702,9.2245e-02
1193.600,1.2533145543e-03,6.029786e-02,1.5062079109e+00,0.0702,8.2315e-02
1194.178,1.2552990047e-03,6.062196e-02,1.5062079109e+00,0.0702,7.7519e-02
1194.756,1.2575160313e-03,6.103715e-02,1.5062079109e+00,0.0702,7.8932e-02
1195.334,1.2598924972e-03,6.153576e-02,1.5062079109e+00,0.0702,8.4472e-02
1195.912,1.2623230585e-03,6.210820e-02,1.5062079109e+00,0.0702,9.1630e-02
1196.490,1.2646987232e-03,6.274354e-02,1.5062079109e+00,0.0702,9.8929e-02
1197.068,1.2669314358e-03,6.342810e-02,1.5062079109e+00,0.0702,1.0579e-01
1197.646,1.2689567324e-03,6.414618e-02,1.5062079109e+00,0.0702,1.1202e-01
1198.224,1.2707230982e-03,6.488062e-02,1.5062079109e+00,0.0702,1.1753e-01
1198.802,1.2721894846e-03,6.561410e-02,1.5062079109e+00,0.0702,1.2232e-01
1199.381,1.2733390227e-03,6.632884e-02,1.5062079109e+00,0.0702,1.2636e-01
1199.959,1.2741941853e-03,6.700751e-02,1.5062079109e+00,0.0702,1.2966e-01
1200.537,1.2748126309e-03,6.763351e-02,1.5062079109e+00,0.0702,1.3224e-01
1201.115,1.2752606416e-03,6.819142e-02,1.5062079109e+00,0.0702,1.3414e-01
1201.693,1.2755834577e-03,6.866811e-02,1.5062079109e+00,0.0702,1.3543e-01
1202.271,1.2757952508e-03,6.905151e-02,1.5062079109e+00,0.0702,1.3619e-01
1202.849,1.2758925384e-03,6.933167e-02,1.5062079109e+00,0.0702,1.3653e-01
1203.427,1.2758739316e-03,6.950178e-02,1.5062079109e+00,0.0702,1.3656e-01
1204.005,1.2757474959e-03,6.955860e-02,1.5062079109e+00,0.0702,1.3639e-01
1204.583,1.2755235457e-03,6.950320e-02,1.5062079109e+00,0.0702,1.3610e-01
1205.161,1.2752061293e-03,6.934273e-02,1.5062079109e+00,0.0702,1.3575e-01
1205.739,1.2747957838e-03,6.908967e-02,1.5062079109e+00,0.1053,1.3536e-01
1206.317,1.2743021738e-03,6.876005e-02,1.5062079109e+00,0.1053,1.3492e-01
1206.895,1.2737533390e-03,6.837212e-02,1.5062079109e+00,0.1053,1.3443e-01
1207.473,1.2731905669e-03,6.794402e-02,1.5062079109e+00,0.1053,1.3385e-01
1208.051,1.2726517311e-03,6.749326e-02,1.5062079109e+00,0.1053,1.3307e-01
1208.629,1.2721572950e-03,6.703591e-02,1.5062079109e+00,0.1053,1.3206e-01
1209.207,1.2717100581e-03,6.658639e-02,1.5062079109e+00,0.1053,1.3086e-01
1209.785,1.2713073907e-03,6.611291e-02,1.5062079109e+00,0.0702,1.2950e-01
1210.363,1.2709544915e-03,6.571225e-02,1.5062079109e+00,0.0702,1.2801e-01
1210.941,1.2706662700e-03,6.535082e-02,1.5062079109e+00,0.0702,1.2642e-01
1211.519,1.2704575889e-03,6.503418e-02,1.5062079109e+00,0.0702,1.2473e-01
1212.097,1.2703320635e-03,6.476595e-02,1.5062079109e+00,0.0702,1.2296e-01
1212.675,1.2702787850e-03,6.454843e-02,1.5062079109e+00,0.0702,1.2112e-01
1213.253,1.2702777906e-03,6.438403e-02,1.5062079109e+00,0.0702,1.1925e-01
1213.831,1.2703085634e-03,6.427723e-02,1.5062079109e+00,0.0702,1.1740e-01
1214.409,1.2703564327e-03,6.423473e-02,1.5062079109e+00,0.0702,1.1565e-01
1214.987,1.2704162404e-03,6.426495e-02,1.5062079109e+00,0.0702,1.1405e-01
1215.565,1.2704949298e-03,6.437722e-02,1.5062079109e+00,0.0702,1.1268e-01
1216.143,1.2706129832e-03,6.458029e-02,1.5062079109e+00,0.0702,1.1160e-01
1216.721,1.2708023751e-03,6.488088e-02,1.5062079109e+00,0.0702,1.1085e-01
1217.299,1.2710996654e-03,6.528182e-02,1.5062079109e+00,0.0702,1.0997e-01
1217.877,1.2715366349e-03,6.578071e-02,1.5062079109e+00,0.0702,1.0808e-01
1218.455,1.2721336962e-03,6.636917e-02,1.5062079109e+00,0.0702,1.0537e-01
1219.033,1.2729004578e-03,6.703318e-02,1.5062079109e+00,0.0702,1.0182e-01
1219.611,1.2738442433e-03,6.775409e-02,1.5062079109e+00,0.0702,9.7612e-02
1220.189,1.2749840513e-03,6.851021e-02,1.5062079109e+00,0.1053,9.2886e-02
1220.767,1.2763659593e-03,6.928007e-02,1.5062079109e+00,0.1053,8.7778e-02
1221.345,1.2780752209e-03,7.004017e-02,1.5062079109e+00,0.1053,8.2506e-02
1221.923,1.2802387739e-03,6.353852e-02,1.5062079109e+00,0.0702,7.7252e-02
1222.501,1.2830104595e-03,6.394679e-02,1.5062079109e+00,0.0702,7.2121e-02
1223.079,1.2865332799e-03,6.430017e-02,1.5062079109e+00,0.0702,6.7086e-02
1223.657,1.2908811082e-03,6.459439e-02,1.5062079109e+00,0.0702,6.2429e-02
1224.235,1.2959948825e-03,6.482875e-02,1.5062079109e+00,0.0702,5.9780e-02
1224.813,1.3016390098e-03,6.500344e-02,1.5062079109e+00,0.0702,5.6071e-02
1225.391,1.3074040987e-03,6.511796e-02,1.5062079109e+00,0.0702,5.1557e-02
1225.969,1.3127674701e-03,6.517080e-02,1.5062079109e+00,0.0702,4.6416e-02
1226.547,1.3171973473e-03,6.515982e-02,1.5062079109e+00,0.0702,4.1429e-02
1227.125,1.3202638486e-03,6.508325e-02,1.5062079109e+00,0.0702,3.7896e-02
1227.703,1.3217153315e-03,6.494071e-02,1.5062079109e+00,0.0702,3.4554e-02
1228.281,1.3214971013e-03,6.473399e-02,1.5062079109e+00,0.0702,3.1401e-02
1228.859,1.3197192222e-03,6.446736e-02,1.5062079462e+00,0.0702,3.1809e-02
1229.437,1.3166011572e-03,6.414758e-02,1.5062079462e+00,0.1053,3.3404e-02
1230.015,1.3124213747e-03,6.378347e-02,1.5062079462e+00,0.1053,3.7772e-02
1230.593,1.3074841705e-03,6.338540e-02,1.5062079462e+00,0.1053,4.3122e-02
1231.171,1.3021003384e-03,6.296464e-02,1.5062079462e+00,0.1053,4.8547e-02
1231.749,1.2965721878e-03,6.253289e-02,1.5062079462e+00,0.1053,5.4038e-02
1232.327,1.2911759369e-03,6.210180e-02,1.5062079462e+00,0.1053,5.9591e-02
1232.905,1.2861414002e-03,6.168271e-02,1.5062079462e+00,0.1053,6.5205e-02
1233.483,1.2816334673e-03,6.128631e-02,1.5062079462e+00,0.1053,7.0891e-02
1234.061,1.2777402226e-03,6.092276e-02,1.5062079462e+00,0.1053,7.6686e-02
1234.639,1.2744711815e-03,6.060122e-02,1.5062079462e+00,0.1053,8.2673e-02
1235.217,1.2717679540e-03,6.032952e-02,1.5062079462e+00,0.1053,8.9032e-02
1235.795,1.2695277627e-03,6.011403e-02,1.5062079462e+00,0.1053,9.6192e-02
1236.373,1.2676361436e-03,5.995951e-02,1.5062079462e+00,0.1053,1.0316e-01
1236.951,1.2660018090e-03,5.986888e-02,1.5062079462e+00,0.1053,1.0836e-01
1237.529,1.2645693772e-03,5.984305e-02,1.5062079462e+00,0.1053,1.1337e-01
1238.107,1.2633394520e-03,5.988078e-02,1.5062079462e+00,0.1053,1.1899e-01
1238.686,1.2623552847e-03,5.997863e-02,1.5062079462e+00,0.1053,1.2473e-01
1239.264,1.2616589135e-03,6.013103e-02,1.5062079462e+00,0.1053,1.3034e-01
1239.842,1.2612711098e-03,6.033045e-02,1.5062079462e+00,0.1053,1.3607e-01
1240.420,1.2611938062e-03,6.056482e-02,1.5062095559e+00,0.1404,1.4191e-01
1240.998,1.2614128943e-03,6.082655e-02,1.5062095559e+00,0.1404,1.4784e-01
1241.576,1.2618890613e-03,6.110340e-02,1.5062095559e+00,0.1404,1.5229e-01
1242.154,1.2625468178e-03,6.138392e-02,1.5062095559e+00,0.1404,1.4183e-01
1242.732,1.2632821346e-03,6.165685e-02,1.5062095559e+00,0.1404,1.3502e-01
1243.310,1.2639931913e-03,6.191166e-02,1.5062095559e+00,0.1404,1.1542e-01
1243.888,1.2646139346e-03,6.213902e-02,1.5062095559e+00,0.1404,1.1770e-01
1244.466,1.2651285448e-03,6.233132e-02,1.5062095559e+00,0.1404,1.1899e-01
1245.044,1.2655612140e-03,6.248290e-02,1.5062095559e+00,0.1404,1.0513e-01
1245.622,1.2659538393e-03,6.259017e-02,1.5062095559e+00,0.1404,1.0267e-01
1246.200,1.2663484424e-03,6.265151e-02,1.5062095559e+00,0.1404,1.0508e-01
1246.778,1.2667809122e-03,6.266698e-02,1.5062095559e+00,0.1404,9.2713e-02
1247.356,1.2672806662e-03,6.263820e-02,1.5062095559e+00,0.1404,9.0412e-02
1247.934,1.2678681741e-03,6.256804e-02,1.5062095559e+00,0.1404,9.3136e-02
1248.512,1.2685487947e-03,6.246035e-02,1.5062095559e+00,0.1404,8.7623e-02
1249.090,1.2693083674e-03,6.231965e-02,1.5062095559e+00,0.1404,6.5273e-02
1249.668,1.2701162631e-03,6.215092e-02,1.5062095559e+00,0.1404,5.9738e-02
1250.246,1.2709358907e-03,6.195973e-02,1.5062095559e+00,0.1404,6.5185e-02
1250.824,1.2717371398e-03,6.175207e-02,1.5062095559e+00,0.1404,4.0749e-02
1251.402,1.2725049009e-03,6.153251e-02,1.5062095559e+00,0.1404,3.6936e-02
1251.980,1.2732417529e-03,6.130564e-02,1.5062095559e+00,0.1053,3.7143e-02
1252.558,1.2739663596e-03,6.107606e-02,1.5062095559e+00,0.1053,3.9809e-02
1253.136,1.2747089635e-03,6.084802e-02,1.5062095559e+00,0.1053,5.2963e-02
1253.714,1.2755029125e-03,6.062531e-02,1.5062095559e+00,0.1053,6.1117e-02
1254.292,1.2763783461e-03,6.041067e-02,1.5062095559e+00,0.0702,6.4558e-02
1254.870,1.2773571887e-03,6.020676e-02,1.5062095559e+00,0.0702,7.3394e-02
1255.448,1.2784473135e-03,6.001426e-02,1.5062095559e+00,0.0702,8.2470e-02
1256.026,1.2796386798e-03,5.983326e-02,1.5062095559e+00,0.0702,9.1702e-02
1256.604,1.2809040489e-03,5.966370e-02,1.5062095559e+00,0.0702,1.0103e-01
1257.182,1.2822027280e-03,5.950544e-02,1.5062098467e+00,0.1053,1.1029e-01
1257.760,1.2834832609e-03,5.935820e-02,1.5062098467e+00,0.1053,1.1936e-01
1258.338,1.2846832391e-03,5.922180e-02,1.5062098467e+00,0.1053,1.2731e-01
1258.916,1.2857291636e-03,5.909657e-02,1.5062098467e+00,0.1053,1.3310e-01
1259.494,1.2865414172e-03,5.898282e-02,1.5062098467e+00,0.1053,1.3716e-01
1260.072,1.2870464654e-03,5.888153e-02,1.5062098745e+00,0.1053,1.3974e-01
1260.650,1.2871929641e-03,5.879459e-02,1.5062098745e+00,0.1404,1.4098e-01
1261.228,1.2869651585e-03,5.872558e-02,1.5062098745e+00,0.1404,1.4104e-01
1261.806,1.2863880422e-03,5.867987e-02,1.5062098745e+00,0.1404,1.4011e-01
1262.384,1.2855226239e-03,5.866421e-02,1.5062098745e+00,0.1404,1.3848e-01
1262.962,1.2844532559e-03,5.868619e-02,1.5062098745e+00,0.1404,1.3651e-01
1263.540,1.2832707154e-03,5.875350e-02,1.5062098745e+00,0.1404,1.3455e-01
1264.118,1.2820550883e-03,5.887320e-02,1.5062098745e+00,0.1404,1.3289e-01
1264.696,1.2808624423e-03,5.905105e-02,1.5062098745e+00,0.1404,1.3118e-01
1265.274,1.2797186717e-03,5.929102e-02,1.5062098745e+00,0.1404,1.2810e-01
1265.852,1.2786220500e-03,5.959176e-02,1.5062098745e+00,0.1053,1.2383e-01
1266.430,1.2775530800e-03,5.995566e-02,1.5062098745e+00,0.1053,1.1865e-01
1267.008,1.2764876428e-03,6.037748e-02,1.5062098745e+00,0.1053,1.1285e-01
1267.586,1.2754087661e-03,6.085032e-02,1.5062098745e+00,0.1053,1.1298e-01
1268.164,1.2743137931e-03,6.136517e-02,1.5062098745e+00,0.1053,1.1517e-01
1268.742,1.2732161761e-03,6.191155e-02,1.5062098745e+00,0.1053,1.2052e-01
1269.320,1.2721437556e-03,6.247815e-02,1.5062098745e+00,0.1053,1.2772e-01
1269.898,1.2711276190e-03,6.305294e-02,1.5062098745e+00,0.0702,1.3721e-01
1270.476,1.2702066225e-03,6.362516e-02,1.5062098745e+00,0.0702,1.4344e-01
1271.054,1.2694160805e-03,6.418391e-02,1.5062098745e+00,0.0702,1.0899e-01
1271.632,1.2687735752e-03,6.471907e-02,1.5062098745e+00,0.0702,1.0557e-01
1272.210,1.2682792802e-03,6.522146e-02,1.5062098745e+00,0.0702,1.0195e-01
1272.788,1.2679234173e-03,6.568297e-02,1.5062098745e+00,0.0702,9.8419e-02
1273.366,1.2676913557e-03,6.609672e-02,1.5062098745e+00,0.0702,9.5238e-02
1273.944,1.2675634841e-03,6.645717e-02,1.5062098745e+00,0.0702,9.2651e-02
1274.522,1.2675139937e-03,6.676028e-02,1.5062098745e+00,0.0702,9.0832e-02
1275.100,1.2675137454e-03,6.700359e-02,1.5062098745e+00,0.0702,8.9865e-02
1275.678,1.2675374739e-03,6.718636e-02,1.5062098745e+00,0.0702,8.9735e-02
1276.256,1.2675698851e-03,6.730955e-02,1.5062098745e+00,0.0702,9.0334e-02
1276.834,1.2676071020e-03,6.737576e-02,1.5062098745e+00,0.0702,9.1494e-02
1277.412,1.2676542361e-03,6.738911e-02,1.5062098745e+00,0.0702,9.3028e-02
1277.991,1.2677213346e-03,6.735491e-02,1.5062098745e+00,0.0702,9.4701e-02
1278.569,1.2678209688e-03,6.727939e-02,1.5062098745e+00,0.0702,9.6212e-02
1279.147,1.2679686876e-03,6.716932e-02,1.5062098745e+00,0.0702,9.7483e-02
1279.725,1.2681845415e-03,6.703126e-02,1.5062098745e+00,0.0351,9.8453e-02
1280.303,1.2684928396e-03,6.687304e-02,1.5062098745e+00,0.0351,9.9067e-02
1280.881,1.2689188719e-03,6.670094e-02,1.5062098745e+00,0.0351,9.9288e-02
1281.459,1.2694854090e-03,6.652122e-02,1.5062098745e+00,0.0351,9.9101e-02
1282.037,1.2702108960e-03,6.633956e-02,1.5062098745e+00,0.0351,9.8434e-02
1282.615,1.2711099421e-03,6.616090e-02,1.5062098745e+00,0.0351,9.6223e-02
1283.193,1.2721952061e-03,6.598926e-02,1.5062098745e+00,0.0351,9.2068e-02
1283.771,1.2734784370e-03,6.582746e-02,1.5062098745e+00,0.0351,8.5995e-02
1284.349,1.2749690298e-03,6.567697e-02,1.5062098745e+00,0.0351,7.8177e-02
1284.927,1.2766703267e-03,6.553772e-02,1.5062098745e+00,0.0351,6.8711e-02
1285.505,1.2785752726e-03,6.540801e-02,1.5062098745e+00,0.0351,6.0770e-02
1286.083,1.2806628878e-03,6.528457e-02,1.5062102547e+00,0.0702,6.4676e-02
1286.661,1.2828959012e-03,6.516291e-02,1.5062102547e+00,0.0702,6.8914e-02
1287.239,1.2852192539e-03,6.503735e-02,1.5062102547e+00,0.0702,7.3205e-02
1287.817,1.2875596380e-03,6.490154e-02,1.5062102547e+00,0.0702,7.7138e-02
1288.395,1.2898270489e-03,6.474888e-02,1.5062102547e+00,0.0702,8.0548e-02
1288.973,1.2919195698e-03,6.457311e-02,1.5062102547e+00,0.0702,8.2501e-02
1289.551,1.2937319551e-03,6.436892e-02,1.5062102547e+00,0.0702,8.2898e-02
1290.129,1.2951672107e-03,6.413251e-02,1.5062102547e+00,0.0702,8.2123e-02
1290.707,1.2961489201e-03,6.386215e-02,1.5062102547e+00,0.0702,7.9169e-02
1291.285,1.2966314242e-03,6.355855e-02,1.5062102547e+00,0.0702,7.3258e-02
1291.863,1.2966056155e-03,6.322495e-02,1.5062102547e+00,0.0702,7.1471e-02
1292.441,1.2960995711e-03,6.286695e-02,1.5062102547e+00,0.0702,7.6670e-02
1293.019,1.2951745242e-03,6.249233e-02,1.5062102547e+00,0.0702,8.1980e-02
1293.597,1.2939171763e-03,6.211067e-02,1.5062102547e+00,0.0702,8.7337e-02
1294.175,1.2924293770e-03,6.173281e-02,1.5062102547e+00,0.0702,9.2656e-02
1294.753,1.2908163900e-03,6.137005e-02,1.5062102547e+00,0.0702,9.7865e-02
1295.331,1.2891754635e-03,6.103355e-02,1.5062102547e+00,0.0702,1.0312e-01
1295.909,1.2875866760e-03,6.073380e-02,1.5062102547e+00,0.0702,1.0862e-01
1296.487,1.2861075005e-03,6.048030e-02,1.5062102547e+00,0.0702,1.1412e-01
1297.065,1.2847713766e-03,6.028147e-02,1.5062102547e+00,0.0702,1.1900e-01
1297.643,1.2835894135e-03,6.014446e-02,1.5062102547e+00,0.0702,1.2307e-01
1298.221,1.2825538293e-03,6.007504e-02,1.5062102547e+00,0.0702,1.2632e-01
1298.799,1.2816422255e-03,6.007748e-02,1.5062102547e+00,0.0702,1.2879e-01
1299.377,1.2808223725e-03,6.015438e-02,1.5062102547e+00,0.0702,1.3059e-01
1299.955,1.2800573196e-03,6.030654e-02,1.5062102547e+00,0.0702,1.3183e-01
1300.533,1.2793103805e-03,6.053291e-02,1.5062102547e+00,0.0702,1.3265e-01
1301.111,1.2785491640e-03,6.083068e-02,1.5062102547e+00,0.0702,1.3318e-01
1301.689,1.2777486116e-03,6.119546e-02,1.5062102547e+00,0.0702,1.3356e-01
1302.267,1.2768933346e-03,6.162142e-02,1.5062102547e+00,0.0702,1.3384e-01
1302.845,1.2759742535e-03,6.210135e-02,1.5062102547e+00,0.0702,1.3405e-01
1303.423,1.2749917138e-03,6.262737e-02,1.5062102547e+00,0.0702,1.3421e-01
1304.001,1.2739621641e-03,6.319023e-02,1.5062102547e+00,0.0702,1.3434e-01
1304.579,1.2729068021e-03,6.377982e-02,1.5062102547e+00,0.0702,1.3443e-01
1305.157,1.2718444666e-03,6.438534e-02,1.5062102547e+00,0.0702,1.3449e-01
1305.735,1.2707927465e-03,6.499550e-02,1.5062102855e+00,0.0702,1.3451e-01
1306.313,1.2697722129e-03,6.559868e-02,1.5062102855e+00,0.1053,1.3692e-01
1306.891,1.2688075941e-03,6.618333e-02,1.5062102855e+00,0.1053,1.4201e-01
1307.469,1.2679235460e-03,6.673769e-02,1.5062102855e+00,0.1053,1.4436e-01
1308.047,1.2671384805e-03,6.724998e-02,1.5062102855e+00,0.1053,1.4478e-01
1308.625,1.2664618053e-03,6.770838e-02,1.5062102855e+00,0.1053,1.4433e-01
1309.203,1.2658962417e-03,6.810114e-02,1.5062102855e+00,0.1053,1.4507e-01
1309.781,1.2654421286e-03,6.841682e-02,1.5062102855e+00,0.1053,1.5064e-01
1310.359,1.2650997696e-03,6.864470e-02,1.5062102855e+00,0.1053,1.5387e-01
1310.937,1.2648688745e-03,6.877531e-02,1.5062102855e+00,0.1053,1.5436e-01
1311.515,1.2647470677e-03,6.880096e-02,1.5062102855e+00,0.1053,1.5547e-01
1312.093,1.2647296155e-03,6.871646e-02,1.5062102855e+00,0.1053,1.6103e-01
1312.671,1.2648108104e-03,6.851970e-02,1.5062102855e+00,0.1053,1.6398e-01
1313.249,1.2649860055e-03,6.821216e-02,1.5062102855e+00,0.1053,1.6376e-01
1313.827,1.2652530478e-03,6.779931e-02,1.5062102855e+00,0.1053,1.6235e-01
1314.405,1.2656119498e-03,6.729077e-02,1.5062102855e+00,0.1053,1.5565e-01
1314.983,1.2660629226e-03,6.670009e-02,1.5062102855e+00,0.1053,1.4747e-01
1315.561,1.2666043927e-03,6.604437e-02,1.5062102855e+00,0.1053,1.4379e-01
1316.139,1.2672299918e-03,6.534372e-02,1.5062102855e+00,0.1053,1.3785e-01
1316.717,1.2679295151e-03,6.462008e-02,1.5062102855e+00,0.1053,1.4024e-01
1317.296,1.2686926358e-03,6.389629e-02,1.5062102855e+00,0.1053,1.2824e-01
1317.874,1.2695106942e-03,6.319492e-02,1.5062102855e+00,0.0702,1.2701e-01
1318.452,1.2703751880e-03,6.253736e-02,1.5062102855e+00,0.0702,1.4069e-01
1319.030,1.2712747934e-03,6.194284e-02,1.5062102855e+00,0.0702,1.1928e-01
1319.608,1.2721934447e-03,6.142766e-02,1.5062102855e+00,0.0702,1.2526e-01
1320.186,1.2731105681e-03,6.100332e-02,1.5062102855e+00,0.0351,1.3072e-01
1320.764,1.2740029205e-03,6.067963e-02,1.5062102855e+00,0.0351,1.3431e-01
1321.342,1.2748470353e-03,6.045869e-02,1.5062102855e+00,0.0351,1.3628e-01
1321.920,1.2756218065e-03,6.033847e-02,1.5062102855e+00,0.0351,1.3681e-01
1322.498,1.2763112218e-03,6.031261e-02,1.5062102855e+00,0.0351,1.3607e-01
1323.076,1.2769071730e-03,6.037157e-02,1.5062102855e+00,0.0351,1.3428e-01
1323.654,1.2774119465e-03,6.050399e-02,1.5062102855e+00,0.0351,1.3177e-01
1324.232,1.2778399305e-03,6.069821e-02,1.5062102855e+00,0.0351,1.2896e-01
1324.810,1.2782183642e-03,6.094356e-02,1.5062102855e+00,0.0351,1.2480e-01
1325.388,1.2785872466e-03,6.123130e-02,1.5062102855e+00,0.0351,1.1809e-01
1325.966,1.2789985960e-03,6.155456e-02,1.5062102855e+00,0.0351,1.0919e-01
1326.544,1.2795151907e-03,6.190808e-02,1.5062102855e+00,0.0351,1.0125e-01
1327.122,1.2802085254e-03,6.228787e-02,1.5062102855e+00,0.0351,1.0087e-01
1327.700,1.2811559525e-03,6.269111e-02,1.5062102855e+00,0.0351,9.9660e-02
1328.278,1.2824369512e-03,6.311563e-02,1.5062102855e+00,0.0351,9.7699e-02
1328.856,1.2841272473e-03,6.355926e-02,1.5062102855e+00,0.0351,9.5081e-02
1329.434,1.2862887995e-03,6.401952e-02,1.5062102855e+00,0.0351,9.1879e-02
1330.012,1.2889546115e-03,6.449353e-02,1.5062102855e+00,0.0351,8.8208e-02
1330.590,1.2921093670e-03,6.497813e-02,1.5062102855e+00,0.0351,8.4510e-02
1331.168,1.2956692718e-03,6.546982e-02,1.5062102855e+00,0.0351,8.1186e-02
1331.746,1.2994669354e-03,6.596486e-02,1.5062102855e+00,0.0351,7.8391e-02
1332.324,1.3032483559e-03,6.645925e-02,1.5062102855e+00,0.0351,7.6079e-02
1332.902,1.3066884762e-03,6.694896e-02,1.5062102855e+00,0.0351,7.3809e-02
1333.480,1.3094285358e-03,6.743009e-02,1.5062102855e+00,0.0351,7.1467e-02
1334.058,1.3111301680e-03,6.789912e-02,1.5062102855e+00,0.0351,6.8677e-02
1334.636,1.3115336522e-03,6.835293e-02,1.5062102855e+00,0.0351,6.4870e-02
1335.214,1.3105057700e-03,6.878872e-02,1.5062102855e+00,0.0351,6.0120e-02
1335.792,1.3080642550e-03,6.920398e-02,1.5062102855e+00,0.0351,5.4537e-02
1336.370,1.3043709383e-03,6.959631e-02,1.5062102855e+00,0.0351,4.8179e-02
1336.948,1.2996956826e-03,6.996333e-02,1.5062102855e+00,0.0351,4.5422e-02
1337.526,1.2943653255e-03,7.030269e-02,1.5062102855e+00,0.0351,4.8290e-02
1338.104,1.2887149801e-03,7.061205e-02,1.5062102855e+00,0.0351,5.3458e-02
1338.682,1.2830514691e-03,7.088905e-02,1.5062102855e+00,0.0351,5.8623e-02
1339.260,1.2776296868e-03,7.113126e-02,1.5062104369e+00,0.0702,6.3785e-02
1339.838,1.2726396451e-03,7.133609e-02,1.5062104369e+00,0.0702,6.8943e-02
1340.416,1.2682051451e-03,7.150063e-02,1.5062104369e+00,0.0702,7.4096e-02
1340.994,1.2643642852e-03,7.162156e-02,1.5062104369e+00,0.0702,7.9246e-02
1341.572,1.2611330499e-03,7.169503e-02,1.5062104369e+00,0.0702,8.4392e-02
1342.150,1.2585039555e-03,7.171668e-02,1.5062104369e+00,0.0702,8.9533e-02
1342.728,1.2564197511e-03,7.168166e-02,1.5062104369e+00,0.0702,9.4669e-02
1343.306,1.2547945549e-03,7.158486e-02,1.5062104369e+00,0.0702,9.9799e-02
1343.884,1.2535566623e-03,7.142115e-02,1.5062104369e+00,0.0702,1.0492e-01
1344.462,1.2526732566e-03,7.118589e-02,1.5062104369e+00,0.0702,1.1020e-01
1345.040,1.2521381431e-03,7.087546e-02,1.5062104369e+00,0.0702,1.1554e-01
1345.618,1.2519387507e-03,7.048791e-02,1.5062104369e+00,0.0702,1.2090e-01
1346.196,1.2520368778e-03,7.002370e-02,1.5062104369e+00,0.0702,1.2626e-01
1346.774,1.2523809871e-03,6.948622e-02,1.5062104369e+00,0.0702,1.3162e-01
1347.352,1.2529348074e-03,6.888227e-02,1.5062104369e+00,0.0702,1.3711e-01
1347.930,1.2536933955e-03,6.822207e-02,1.5062104369e+00,0.0702,1.4272e-01
1348.508,1.2546766571e-03,6.751904e-02,1.5062104369e+00,0.0702,1.4851e-01
1349.086,1.2559088744e-03,6.678917e-02,1.5062105958e+00,0.1053,1.5444e-01
1349.664,1.2574071340e-03,6.605050e-02,1.5062105958e+00,0.1053,1.6015e-01
1350.242,1.2591899865e-03,6.532182e-02,1.5062105958e+00,0.1053,1.6569e-01
1350.820,1.2612956195e-03,6.462201e-02,1.5062105958e+00,0.1053,1.7129e-01
1351.398,1.2637905529e-03,6.396943e-02,1.5062105958e+00,0.1053,1.7663e-01
1351.976,1.2667609221e-03,6.338081e-02,1.5062105958e+00,0.1053,1.8204e-01
1352.554,1.2702940961e-03,6.286934e-02,1.5062105958e+00,0.1053,1.8725e-01
1353.132,1.2744610835e-03,6.244552e-02,1.5062105958e+00,0.1053,1.9105e-01
1353.710,1.2792998482e-03,6.211662e-02,1.5062105958e+00,0.1053,1.9341e-01
1354.288,1.2847890290e-03,6.188618e-02,1.5062105958e+00,0.1053,1.9434e-01
1354.866,1.2908040510e-03,6.175407e-02,1.5062105958e+00,0.1053,1.9377e-01
1355.444,1.2970807608e-03,6.171390e-02,1.5062118548e+00,0.1404,1.9176e-01
1356.022,1.3032042491e-03,6.176300e-02,1.5062118548e+00,0.1404,1.8855e-01
1356.601,1.3086372098e-03,6.189317e-02,1.5062118548e+00,0.1404,1.8456e-01
1357.179,1.3127986167e-03,6.209604e-02,1.5062118548e+00,0.1404,1.8021e-01
1357.757,1.3151806011e-03,6.236305e-02,1.5062118548e+00,0.1404,1.7591e-01
1358.335,1.3154654815e-03,6.268581e-02,1.5062118548e+00,0.1404,1.7188e-01
1358.913,1.3135981319e-03,6.305448e-02,1.5062118548e+00,0.1053,1.6826e-01
1359.491,1.3097881393e-03,6.346507e-02,1.5062118548e+00,0.1053,1.6504e-01
1360.069,1.3044483357e-03,6.390678e-02,1.5062118548e+00,0.1053,1.6229e-01
1360.647,1.2980992226e-03,6.437069e-02,1.5062118548e+00,0.1053,1.6065e-01
1361.225,1.2912731417e-03,6.484756e-02,1.5062118548e+00,0.1053,1.5970e-01
1361.803,1.2844417480e-03,6.532751e-02,1.5062124411e+00,0.1404,1.5859e-01
1362.381,1.2779740251e-03,6.580249e-02,1.5062124411e+00,0.1404,1.5672e-01
1362.959,1.2721221379e-03,6.626520e-02,1.5062124411e+00,0.1404,1.5395e-01
1363.537,1.2670291049e-03,6.671003e-02,1.5062124411e+00,0.1404,1.5047e-01
1364.115,1.2627504600e-03,6.713295e-02,1.5062124411e+00,0.1404,1.4659e-01
1364.693,1.2592804239e-03,6.753109e-02,1.5062124411e+00,0.1404,1.4267e-01
1365.271,1.2565752644e-03,6.790207e-02,1.5062124411e+00,0.1404,1.3896e-01
1365.849,1.2545661542e-03,6.824322e-02,1.5062124411e+00,0.1404,1.3564e-01
1366.427,1.2531606055e-03,6.855108e-02,1.5062124411e+00,0.1404,1.3610e-01
1367.005,1.2522840624e-03,6.882118e-02,1.5062124411e+00,0.1404,1.4196e-01
1367.583,1.2518623297e-03,6.904821e-02,1.5062124411e+00,0.1404,1.4781e-01
1368.161,1.2518107334e-03,6.922647e-02,1.5062124411e+00,0.1404,1.5363e-01
1368.739,1.2520540004e-03,6.935055e-02,1.5062124411e+00,0.1404,1.5935e-01
1369.317,1.2525472584e-03,6.941616e-02,1.5062124411e+00,0.1404,1.6464e-01
1369.895,1.2532715771e-03,6.942073e-02,1.5062124411e+00,0.1404,1.6838e-01
1370.473,1.2542136189e-03,6.936385e-02,1.5062124411e+00,0.1404,1.6767e-01
1371.051,1.2553489453e-03,6.924740e-02,1.5062124411e+00,0.1404,1.6029e-01
1371.629,1.2566412586e-03,6.907536e-02,1.5062124411e+00,0.1404,1.5072e-01
1372.207,1.2580545887e-03,6.885345e-02,1.5062124411e+00,0.1404,1.4337e-01
1372.785,1.2595635778e-03,6.858875e-02,1.5062124411e+00,0.1404,1.3861e-01
1373.363,1.2611525143e-03,6.828938e-02,1.5062124411e+00,0.1404,1.3951e-01
1373.941,1.2628068931e-03,6.796455e-02,1.5062124411e+00,0.1404,1.4547e-01
1374.519,1.2645070871e-03,6.762467e-02,1.5062124411e+00,0.1404,1.5141e-01
1375.097,1.2662286438e-03,6.728172e-02,1.5062124411e+00,0.1404,1.5728e-01
1375.675,1.2679459950e-03,6.694933e-02,1.5062124411e+00,0.1404,1.6285e-01
1376.253,1.2696345062e-03,6.664269e-02,1.5062124411e+00,0.1404,1.6887e-01
1376.831,1.2712699421e-03,6.637768e-02,1.5062124411e+00,0.1053,1.7486e-01
1377.409,1.2728283467e-03,6.616926e-02,1.5062124411e+00,0.1053,1.8024e-01
1377.987,1.2742885240e-03,6.603001e-02,1.5062124411e+00,0.1053,1.8352e-01
1378.565,1.2756359966e-03,6.596870e-02,1.5062124411e+00,0.0702,1.8276e-01
1379.143,1.2768647291e-03,6.598914e-02,1.5062124411e+00,0.0702,1.8225e-01
1379.721,1.2779740330e-03,6.608980e-02,1.5062124411e+00,0.0702,9.0176e-02
1380.299,1.2789699087e-03,6.626391e-02,1.5062124411e+00,0.0351,8.9159e-02
1380.877,1.2798683511e-03,6.650053e-02,1.5062124411e+00,0.0351,8.7398e-02
1381.455,1.2806965378e-03,6.678567e-02,1.5062124411e+00,0.0351,8.4846e-02
1382.033,1.2814942677e-03,6.710355e-02,1.5062124411e+00,0.0351,8.1477e-02
1382.611,1.2823183416e-03,6.743758e-02,1.5062124411e+00,0.0351,7.7294e-02
1383.189,1.2832479644e-03,6.777115e-02,1.5062124411e+00,0.0351,7.4344e-02
1383.767,1.2843860267e-03,6.808787e-02,1.5062124411e+00,0.0351,7.6698e-02
1384.345,1.2858530062e-03,6.837265e-02,1.5062124411e+00,0.0702,7.6915e-02
1384.923,1.2877748583e-03,6.861218e-02,1.5062124411e+00,0.0702,7.4888e-02
1385.501,1.2902679722e-03,6.879646e-02,1.5062124411e+00,0.0702,7.0545e-02
1386.079,1.2934209296e-03,6.891959e-02,1.5062124411e+00,0.0702,6.3299e-02
1386.657,1.2972680398e-03,6.898113e-02,1.5062124411e+00,0.0702,5.1853e-02
1387.235,1.3017514961e-03,6.898024e-02,1.5062124411e+00,0.0351,3.2159e-02
1387.813,1.3066801858e-03,6.894147e-02,1.5062124411e+00,0.0351,3.1481e-02
1388.391,1.3117032599e-03,6.887319e-02,1.5062124411e+00,0.0351,3.0499e-02
1388.969,1.3163219762e-03,6.879285e-02,1.5062124411e+00,0.0351,2.8976e-02
1389.547,1.3199577432e-03,6.871893e-02,1.5062124411e+00,0.0351,2.6750e-02
1390.125,1.3220682293e-03,6.866892e-02,1.5062124411e+00,0.0351,2.3702e-02
1390.703,1.3222706859e-03,6.865826e-02,1.5062124411e+00,0.0351,2.5787e-02
1391.281,1.3204226007e-03,6.869962e-02,1.5062124411e+00,0.0351,3.0937e-02
1391.859,1.3166345723e-03,6.880263e-02,1.5062124411e+00,0.0351,3.5934e-02
1392.437,1.3112258752e-03,6.897386e-02,1.5062125173e+00,0.0702,4.0839e-02
1393.015,1.3046509271e-03,6.921698e-02,1.5062125173e+00,0.0702,4.5668e-02
1393.593,1.2974208651e-03,6.953289e-02,1.5062125173e+00,0.0702,5.0407e-02
1394.171,1.2900311570e-03,6.991980e-02,1.5062125173e+00,0.0702,5.5038e-02
1394.749,1.2829015035e-03,7.037324e-02,1.5062125173e+00,0.0702,5.9542e-02
1395.327,1.2763376559e-03,7.088621e-02,1.5062125173e+00,0.0702,6.3871e-02
1395.906,1.2705233085e-03,7.144979e-02,1.5062125173e+00,0.0702,6.8022e-02
1396.484,1.2655392540e-03,7.205268e-02,1.5062131698e+00,0.1053,7.0002e-02
1397.062,1.2613951575e-03,7.268157e-02,1.5062131698e+00,0.1053,7.0482e-02
1397.640,1.2580609305e-03,7.332002e-02,1.5062131698e+00,0.1053,7.3162e-02
1398.218,1.2554690528e-03,7.394992e-02,1.5062131698e+00,0.1053,7.7660e-02
1398.796,1.2535386850e-03,7.454815e-02,1.5062131698e+00,0.1053,8.2797e-02
1399.374,1.2522049163e-03,7.509115e-02,1.5062131698e+00,0.1053,8.8256e-02
1399.952,1.2513846167e-03,7.555642e-02,1.5062131698e+00,0.1053,9.3928e-02
1400.530,1.2509800374e-03,7.592177e-02,1.5062131698e+00,0.1053,9.9746e-02
1401.108,1.2509113942e-03,7.616543e-02,1.5062147015e+00,0.1404,1.0560e-01
1401.686,1.2511376470e-03,7.627004e-02,1.5062147015e+00,0.1404,1.1142e-01
1402.264,1.2516482151e-03,7.622142e-02,1.5062147015e+00,0.1404,1.1724e-01
1402.842,1.2524356026e-03,7.601098e-02,1.5062147015e+00,0.1404,1.2339e-01
1403.420,1.2534779446e-03,7.563667e-02,1.5062147015e+00,0.1404,1.2955e-01
1403.998,1.2547419018e-03,7.510331e-02,1.5062147015e+00,0.1404,1.3540e-01
1404.576,1.2561993235e-03,7.442308e-02,1.5062147015e+00,0.1404,1.4077e-01
1405.154,1.2578432165e-03,7.360650e-02,1.5062153220e+00,0.1754,1.4549e-01
1405.732,1.2596911306e-03,7.269153e-02,1.5062153220e+00,0.1754,1.4926e-01
1406.310,1.2617770910e-03,7.169893e-02,1.5062153220e+00,0.1754,1.5171e-01
1406.888,1.2641431488e-03,7.065999e-02,1.5062153220e+00,0.1754,1.5245e-01
1407.466,1.2668399180e-03,6.960807e-02,1.5062153220e+00,0.1754,1.5132e-01
1408.044,1.2699349598e-03,6.857580e-02,1.5062153220e+00,0.1754,1.4881e-01
1408.622,1.2735188304e-03,6.759359e-02,1.5062153220e+00,0.1404,1.4560e-01
1409.200,1.2776986026e-03,6.668834e-02,1.5062153220e+00,0.1404,1.5191e-01
1409.778,1.2825754568e-03,6.588228e-02,1.5062153220e+00,0.1404,1.5824e-01
1410.356,1.2882101978e-03,6.519189e-02,1.5062153220e+00,0.1404,1.6437e-01
1410.934,1.2945745024e-03,6.462681e-02,1.5062153220e+00,0.1404,1.0795e-01
1411.512,1.3015013962e-03,6.414275e-02,1.5062153220e+00,0.1053,1.0205e-01
1412.090,1.3086464796e-03,6.382685e-02,1.5062153220e+00,0.1053,1.0612e-01
1412.668,1.3154683366e-03,6.363060e-02,1.5062153220e+00,0.0702,1.0471e-01
1413.246,1.3212626356e-03,6.353972e-02,1.5062153220e+00,0.0351,1.0288e-01
1413.824,1.3252791936e-03,6.354385e-02,1.5062153220e+00,0.0351,1.0382e-01
1414.402,1.3269013629e-03,6.362808e-02,1.5062153220e+00,0.0351,1.0885e-01
1414.980,1.3258138075e-03,6.377924e-02,1.5062153220e+00,0.0351,1.0574e-01
1415.558,1.3220792431e-03,6.398487e-02,1.5062153220e+00,0.0702,1.0704e-01
1416.136,1.3160969968e-03,6.423244e-02,1.5062153220e+00,0.0702,1.0330e-01
1416.714,1.3084803351e-03,6.450861e-02,1.5062153220e+00,0.0702,9.9022e-02
1417.292,1.2999168155e-03,6.479905e-02,1.5062153220e+00,0.0702,9.4471e-02
1417.870,1.2910591740e-03,6.508935e-02,1.5062153220e+00,0.0702,8.9618e-02
1418.448,1.2824565865e-03,6.536681e-02,1.5062153220e+00,0.0702,8.4425e-02
1419.026,1.2745151948e-03,6.562223e-02,1.5062153220e+00,0.0702,7.9551e-02
1419.604,1.2674817447e-03,6.581472e-02,1.5062176436e+00,0.1053,7.4542e-02
1420.182,1.2614545501e-03,6.599269e-02,1.5062176436e+00,0.1053,6.9833e-02
1420.760,1.2564221613e-03,6.614629e-02,1.5062176436e+00,0.1053,6.5319e-02
1421.338,1.2523190619e-03,6.628947e-02,1.5062176436e+00,0.1053,6.0658e-02
1421.916,1.2490510354e-03,6.643849e-02,1.5062176436e+00,0.1053,5.6226e-02
1422.494,1.2465276961e-03,6.660999e-02,1.5062176436e+00,0.1053,5.1873e-02
1423.072,1.2446917992e-03,6.681749e-02,1.5062176436e+00,0.1053,4.7430e-02
1423.650,1.2434615344e-03,6.707115e-02,1.5062176436e+00,0.1053,4.2757e-02
1424.228,1.2427242921e-03,6.737729e-02,1.5062176436e+00,0.1053,4.6173e-02
1424.806,1.2423831863e-03,6.773869e-02,1.5062176436e+00,0.1053,4.9871e-02
1425.384,1.2423962314e-03,6.815360e-02,1.5062176436e+00,0.1053,5.3441e-02
1425.962,1.2427664339e-03,6.861921e-02,1.5062176436e+00,0.1053,5.6810e-02
1426.540,1.2434960973e-03,6.912975e-02,1.5062176436e+00,0.1053,5.9842e-02
1427.118,1.2445562114e-03,6.967739e-02,1.5062176436e+00,0.1053,6.2288e-02
1427.696,1.2458957074e-03,7.025300e-02,1.5062183590e+00,0.1404,6.3604e-02
1428.274,1.2474668015e-03,7.084649e-02,1.5062183590e+00,0.1404,6.3155e-02
1428.852,1.2492380840e-03,7.144642e-02,1.5062183590e+00,0.1404,6.1451e-02
1429.430,1.2511868865e-03,7.204042e-02,1.5062183590e+00,0.1404,6.5661e-02
1430.008,1.2532852373e-03,7.261540e-02,1.5062183590e+00,0.1404,6.9108e-02
1430.586,1.2554963164e-03,7.316116e-02,1.5062183590e+00,0.1404,7.1896e-02
1431.164,1.2577821282e-03,7.366221e-02,1.5062183590e+00,0.1053,1.1730e-01
1431.742,1.2601097057e-03,7.411535e-02,1.5062183590e+00,0.0702,1.1334e-01
1432.320,1.2624471912e-03,7.452239e-02,1.5062183590e+00,0.0702,1.1217e-01
1432.898,1.2647554382e-03,8.029554e-02,1.5062183590e+00,0.1053,1.1205e-01
1433.476,1.2669874259e-03,7.511574e-02,1.5062183590e+00,0.0702,1.1243e-01
1434.054,1.2690992885e-03,7.534546e-02,1.5062183590e+00,0.0702,1.1299e-01
1434.632,1.2710634431e-03,7.552816e-02,1.5062183590e+00,0.0702,1.1345e-01
1435.211,1.2728713473e-03,7.565567e-02,1.5062183651e+00,0.1053,1.1365e-01
1435.789,1.2745238430e-03,7.572102e-02,1.5062183651e+00,0.1053,1.1344e-01
1436.367,1.2760192464e-03,7.571774e-02,1.5062183651e+00,0.1053,1.1270e-01
1436.945,1.2773508179e-03,7.564026e-02,1.5062183651e+00,0.1053,1.1135e-01
1437.523,1.2785157489e-03,7.548456e-02,1.5062183651e+00,0.1053,1.0928e-01
1438.101,1.2795285072e-03,7.524899e-02,1.5062183651e+00,0.1053,1.0639e-01
1438.679,1.2804262992e-03,7.493484e-02,1.5062183651e+00,0.1053,1.0547e-01
1439.257,1.2812729097e-03,7.454673e-02,1.5062183651e+00,0.1053,1.0713e-01
1439.835,1.2821642852e-03,7.409259e-02,1.5062183651e+00,0.1053,1.0352e-01
1440.413,1.2832321427e-03,7.358344e-02,1.5062183651e+00,0.0702,1.1502e-01
1440.991,1.2846472051e-03,7.303284e-02,1.5062183785e+00,0.1053,1.1508e-01
1441.569,1.2866233187e-03,7.245608e-02,1.5062183785e+00,0.1053,1.2335e-01
1442.147,1.2894167498e-03,7.186948e-02,1.5062183785e+00,0.1053,1.3343e-01
1442.725,1.2933080566e-03,7.128970e-02,1.5062183785e+00,0.1053,1.3884e-01
1443.303,1.2985520386e-03,7.073400e-02,1.5062183785e+00,0.0702,1.4026e-01
1443.881,1.3052852208e-03,7.021406e-02,1.5062183806e+00,0.1053,1.3887e-01
1444.459,1.3133974607e-03,6.974038e-02,1.5062183806e+00,0.0702,1.3844e-01
1445.037,1.3224004924e-03,6.932300e-02,1.5062183806e+00,0.0702,1.2053e-01
1445.615,1.3313668527e-03,6.896791e-02,1.5062183806e+00,0.0702,1.1863e-01
1446.193,1.3390252904e-03,6.867780e-02,1.5062183806e+00,0.0702,1.1031e-01
1446.771,1.3440443746e-03,6.845223e-02,1.5062183806e+00,0.0702,8.9081e-02
1447.349,1.3454185288e-03,6.828831e-02,1.5062183806e+00,0.0702,7.2674e-02
1447.927,1.3427745050e-03,6.814691e-02,1.5062192531e+00,0.1053,7.0992e-02
1448.505,1.3364452835e-03,6.805567e-02,1.5062192531e+00,0.1053,6.9111e-02
1449.083,1.3272984808e-03,6.800750e-02,1.5062192531e+00,0.1053,6.4288e-02
1449.661,1.3164420813e-03,6.800306e-02,1.5062192531e+00,0.0702,1.2486e-01
1450.239,1.3049602673e-03,6.808085e-02,1.5062192531e+00,0.0702,1.2314e-01
1450.817,1.2937560933e-03,6.821817e-02,1.5062192531e+00,0.0702,1.7484e-01
1451.395,1.2834879686e-03,6.837768e-02,1.5062206655e+00,0.1053,4.1192e-02
1451.973,1.2745581369e-03,6.860198e-02,1.5062206655e+00,0.1053,4.0386e-02
1452.551,1.2671328675e-03,6.887852e-02,1.5062206655e+00,0.1053,4.2113e-02
1453.129,1.2611937824e-03,6.920351e-02,1.5062206655e+00,0.1053,4.6608e-02
1453.707,1.2566117811e-03,6.956927e-02,1.5062206655e+00,0.1053,5.1359e-02
1454.285,1.2532172007e-03,6.996443e-02,1.5062209844e+00,0.1053,5.6126e-02
1454.863,1.2508407211e-03,7.037526e-02,1.5062209844e+00,0.1404,5.9961e-02
1455.441,1.2493239496e-03,7.078699e-02,1.5062209844e+00,0.1404,6.2679e-02
1456.019,1.2485011770e-03,7.118474e-02,1.5062209844e+00,0.1404,6.4820e-02
1456.597,1.2482310970e-03,7.155450e-02,1.5062209844e+00,0.1404,6.7244e-02
1457.175,1.2483993901e-03,7.188460e-02,1.5062209844e+00,0.1404,7.0709e-02
1457.753,1.2489048955e-03,7.216584e-02,1.5062209844e+00,0.1404,7.4900e-02
1458.331,1.2496642594e-03,7.239141e-02,1.5062209844e+00,0.1404,7.9257e-02
1458.909,1.2506179417e-03,7.255667e-02,1.5062209844e+00,0.1404,8.3445e-02
1459.487,1.2517286126e-03,7.266018e-02,1.5062209844e+00,0.1404,8.7509e-02
1460.065,1.2529702245e-03,7.270325e-02,1.5062209844e+00,0.1404,9.1413e-02
1460.643,1.2543179383e-03,7.268836e-02,1.5062209844e+00,0.1404,9.5080e-02
1461.221,1.2557445565e-03,7.261970e-02,1.5062209844e+00,0.1404,9.8348e-02
1461.799,1.2572221548e-03,7.250217e-02,1.5062209844e+00,0.1404,9.8763e-02
1462.377,1.2587246091e-03,7.234051e-02,1.5062209844e+00,0.1404,9.9931e-02
1462.955,1.2602280148e-03,7.213950e-02,1.5062209844e+00,0.1404,1.0201e-01
1463.533,1.2617087789e-03,7.190352e-02,1.5062209844e+00,0.1404,1.0478e-01
1464.111,1.2631410018e-03,7.163352e-02,1.5062209844e+00,0.1404,1.0806e-01
1464.689,1.2644953080e-03,7.132742e-02,1.5062212971e+00,0.1754,1.1139e-01
1465.267,1.2657409776e-03,7.099598e-02,1.5062212971e+00,0.1754,1.1475e-01
1465.845,1.2668518518e-03,7.065051e-02,1.5062212971e+00,0.1754,1.2009e-01
1466.423,1.2678140533e-03,7.030035e-02,1.5062212993e+00,0.1754,1.2537e-01
1467.001,1.2686315203e-03,6.995434e-02,1.5062212993e+00,0.1754,1.3027e-01
1467.579,1.2693253094e-03,6.962030e-02,1.5062213000e+00,0.1754,1.3611e-01
1468.157,1.2699251140e-03,6.930578e-02,1.5062213005e+00,0.1404,1.4206e-01
1468.735,1.2704559877e-03,6.901870e-02,1.5062213045e+00,0.1404,1.4883e-01
1469.313,1.2709276882e-03,6.876557e-02,1.5062213045e+00,0.1754,1.5960e-01
1469.891,1.2713341907e-03,6.855066e-02,1.5062213045e+00,0.1754,1.6284e-01
1470.469,1.2716644152e-03,6.837530e-02,1.5062213045e+00,0.1404,1.6689e-01
1471.047,1.2719166891e-03,6.823812e-02,1.5062213051e+00,0.1754,1.7251e-01
1471.625,1.2721068942e-03,6.813555e-02,1.5062213058e+00,0.1404,1.7821e-01
1472.203,1.2722662714e-03,6.806526e-02,1.5062213058e+00,0.1754,1.8249e-01
1472.781,1.2724339230e-03,6.802481e-02,1.5062213058e+00,0.1754,1.8760e-01
1473.359,1.2726526468e-03,6.801175e-02,1.5062213058e+00,0.1754,1.9211e-01
1473.937,1.2729716390e-03,6.802478e-02,1.5062213058e+00,0.1754,1.9673e-01
1474.516,1.2734512337e-03,6.806388e-02,1.5062213058e+00,0.1754,1.8612e-01
1475.094,1.2741618163e-03,6.812978e-02,1.5062213058e+00,0.1404,1.6346e-01
1475.672,1.2751741247e-03,6.822495e-02,1.5062213058e+00,0.1404,1.1470e-01
1476.250,1.2765460576e-03,6.835326e-02,1.5062213058e+00,0.1404,1.1612e-01
1476.828,1.2783134923e-03,6.851881e-02,1.5062213058e+00,0.1053,1.1361e-01
1477.406,1.2804859888e-03,6.872481e-02,1.5062213058e+00,0.1053,1.0283e-01
1477.984,1.2830505446e-03,6.897214e-02,1.5062213058e+00,0.1053,9.4438e-02
1478.562,1.2859727346e-03,6.926223e-02,1.5062213058e+00,0.1053,9.6833e-02
1479.140,1.2891858031e-03,6.959321e-02,1.5062218018e+00,0.1404,9.8534e-02
1479.718,1.2925739131e-03,6.996042e-02,1.5062218018e+00,0.1404,9.9615e-02
1480.296,1.2959632531e-03,7.035901e-02,1.5062218018e+00,0.1404,1.0017e-01
1480.874,1.2991297650e-03,7.078377e-02,1.5062218018e+00,0.1404,1.0030e-01
1481.452,1.3018225486e-03,7.122883e-02,1.5062218018e+00,0.1404,1.0009e-01
1482.030,1.3037962983e-03,7.168834e-02,1.5062218018e+00,0.1053,9.9644e-02
1482.608,1.3048463533e-03,7.215818e-02,1.5062218018e+00,0.1053,9.9039e-02
1483.186,1.3048416292e-03,7.263454e-02,1.5062218018e+00,0.1053,9.8343e-02
1483.764,1.3037500027e-03,7.311715e-02,1.5062218018e+00,0.1053,9.7611e-02
1484.342,1.3016490263e-03,7.360394e-02,1.5062218018e+00,0.1053,9.6885e-02
1484.920,1.2987163783e-03,7.409017e-02,1.5062218018e+00,0.1053,9.6196e-02
1485.498,1.2952007315e-03,7.457278e-02,1.5062218018e+00,0.1053,9.5566e-02
1486.076,1.2913809663e-03,7.504724e-02,1.5062218380e+00,0.1404,9.5008e-02
1486.654,1.2875261222e-03,7.550803e-02,1.5062218380e+00,0.1404,9.4527e-02
1487.232,1.2838663048e-03,7.594681e-02,1.5062218380e+00,0.1404,9.4125e-02
1487.810,1.2805778840e-03,7.635348e-02,1.5062218380e+00,0.1404,9.3800e-02
1488.388,1.2777810956e-03,7.667716e-02,1.5062218380e+00,0.1404,9.8598e-02
1488.966,1.2755463271e-03,7.695105e-02,1.5062218380e+00,0.1404,1.0413e-01
1489.544,1.2739052891e-03,7.714219e-02,1.5062218380e+00,0.1404,1.0881e-01
1490.122,1.2728633411e-03,7.726725e-02,1.5062218380e+00,0.1404,1.1184e-01
1490.700,1.2724095449e-03,7.722983e-02,1.5062218380e+00,0.1053,1.1263e-01
1491.278,1.2725223833e-03,7.718677e-02,1.5062218380e+00,0.1053,1.1156e-01
1491.856,1.2731713063e-03,7.705574e-02,1.5062218380e+00,0.1053,1.0976e-01
1492.434,1.2743158978e-03,7.683389e-02,1.5062218380e+00,0.1053,1.0798e-01
1493.012,1.2759043602e-03,7.652241e-02,1.5062218380e+00,0.1053,1.0899e-01
1493.590,1.2778716412e-03,7.612656e-02,1.5062218380e+00,0.1053,1.1295e-01
1494.168,1.2801364679e-03,7.565489e-02,1.5062218380e+00,0.1053,1.1869e-01
1494.746,1.2825973359e-03,7.511865e-02,1.5062218380e+00,0.1053,1.2232e-01
1495.324,1.2851281820e-03,7.453151e-02,1.5062218380e+00,0.1053,1.2561e-01
1495.902,1.2875762027e-03,7.390891e-02,1.5062218380e+00,0.1053,1.2746e-01
1496.480,1.2897684592e-03,7.326711e-02,1.5062218380e+00,0.1053,1.2780e-01
1497.058,1.2915248071e-03,7.262261e-02,1.5062218380e+00,0.1053,1.2643e-01
1497.636,1.2926745087e-03,7.199156e-02,1.5062218380e+00,0.1053,1.2278e-01
1498.214,1.2930771942e-03,7.138908e-02,1.5062218380e+00,0.1053,1.1536e-01
1498.792,1.2926466005e-03,7.082892e-02,1.5062218380e+00,0.1053,9.9267e-02
1499.370,1.2913698765e-03,7.032334e-02,1.5062218380e+00,0.1053,9.5512e-02
1499.948,1.2893131124e-03,6.988099e-02,1.5062218380e+00,0.1053,9.7248e-02
1500.526,1.2866088127e-03,6.940883e-02,1.5062248944e+00,0.1404,7.1719e-02
1501.104,1.2834298593e-03,6.903265e-02,1.5062248944e+00,0.0702,6.5547e-02
1501.682,1.2799610048e-03,6.871488e-02,1.5062248944e+00,0.0702,6.5367e-02
1502.260,1.2763768568e-03,6.845892e-02,1.5062248944e+00,0.0702,6.5967e-02
1502.838,1.2728285583e-03,6.827298e-02,1.5062248944e+00,0.1053,6.5495e-02
1503.416,1.2694372258e-03,6.816272e-02,1.5062248944e+00,0.1053,6.4048e-02
1503.994,1.2662923994e-03,6.806883e-02,1.5062248944e+00,0.0702,6.1075e-02
1504.572,1.2634550815e-03,6.814506e-02,1.5062248944e+00,0.0702,6.5981e-02
1505.150,1.2609674851e-03,6.830118e-02,1.5062248944e+00,0.0702,6.2035e-02
1505.728,1.2588465083e-03,6.852816e-02,1.5062248944e+00,0.0702,4.6214e-02
1506.306,1.2571087281e-03,6.881587e-02,1.5062248944e+00,0.0702,3.8784e-02
1506.884,1.2557773618e-03,6.914699e-02,1.5062248944e+00,0.0702,3.4882e-02
1507.462,1.2548472740e-03,6.947055e-02,1.5062303425e+00,0.1053,3.8816e-02
1508.040,1.2542800515e-03,6.979545e-02,1.5062303425e+00,0.1053,4.3834e-02
1508.618,1.2540263488e-03,7.013063e-02,1.5062309106e+00,0.0702,4.9024e-02
1509.196,1.2540484729e-03,7.043012e-02,1.5062337235e+00,0.0702,5.3898e-02
1509.774,1.2543221978e-03,7.069443e-02,1.5062337235e+00,0.0702,2.3408e-01
1510.352,1.2548200312e-03,7.091402e-02,1.5062367908e+00,0.0702,1.4667e-01
1510.930,1.2554962044e-03,7.108205e-02,1.5062399477e+00,0.1053,6.7403e-02
1511.508,1.2562936627e-03,7.120097e-02,1.5062417377e+00,0.1053,7.1644e-02
1512.086,1.2571652401e-03,7.126346e-02,1.5062417377e+00,0.0702,1.7505e-01
1512.664,1.2580871636e-03,7.126748e-02,1.5062428842e+00,0.1053,7.9764e-02
1513.242,1.2590546533e-03,7.122303e-02,1.5062428842e+00,0.0702,1.8895e-01
1513.821,1.2600664677e-03,7.113343e-02,1.5062437148e+00,0.1053,8.7463e-02
1514.399,1.2611138679e-03,7.100564e-02,1.5062437148e+00,0.0702,1.5648e-01
1514.977,1.2621827259e-03,7.085188e-02,1.5062437148e+00,0.0702,2.9571e-01
1515.555,1.2632638378e-03,7.067315e-02,1.5062454260e+00,0.1053,9.8247e-02
1516.133,1.2643595472e-03,7.047986e-02,1.5062454260e+00,0.1053,1.0166e-01
1516.711,1.2654798955e-03,7.027520e-02,1.5062454260e+00,0.1053,1.0504e-01
1517.289,1.2666320084e-03,7.007097e-02,1.5062454260e+00,0.1053,1.0840e-01
1517.867,1.2678125181e-03,6.987529e-02,1.5062454260e+00,0.1053,1.1173e-01
1518.445,1.2690063758e-03,6.969506e-02,1.5062454260e+00,0.1053,1.1579e-01
1519.023,1.2701918385e-03,6.953669e-02,1.5062454260e+00,0.1053,1.2022e-01
1519.601,1.2713488496e-03,6.940667e-02,1.5062454260e+00,0.1053,1.2466e-01
1520.179,1.2724607013e-03,6.931006e-02,1.5062454260e+00,0.1053,1.2909e-01
1520.757,1.2735095888e-03,6.925080e-02,1.5062454260e+00,0.1053,1.3354e-01
1521.335,1.2744749779e-03,6.922822e-02,1.5062454260e+00,0.1053,1.3828e-01
1521.913,1.2753396432e-03,6.924765e-02,1.5062454260e+00,0.1053,1.4342e-01
1522.491,1.2760990653e-03,6.930879e-02,1.5062454260e+00,0.1053,1.4914e-01
1523.069,1.2767661173e-03,6.941436e-02,1.5062454260e+00,0.1053,1.5513e-01
1523.647,1.2773674916e-03,6.956270e-02,1.5062454260e+00,0.1053,1.6118e-01
1524.225,1.2779351688e-03,6.974796e-02,1.5062454260e+00,0.1053,1.6727e-01
1524.803,1.2784985523e-03,6.996434e-02,1.5062454260e+00,0.1053,1.7340e-01
1525.381,1.2790800986e-03,7.020265e-02,1.5062454260e+00,0.1053,1.8158e-01
1525.959,1.2796940122e-03,7.045303e-02,1.5062455380e+00,0.1053,1.8578e-01
1526.537,1.2803473062e-03,7.064843e-02,1.5062455380e+00,0.1053,1.9183e-01
1527.115,1.2810440386e-03,7.084858e-02,1.5062455380e+00,0.1053,1.9786e-01
1527.693,1.2817933520e-03,7.101992e-02,1.5062455380e+00,0.1053,2.0387e-01
1528.271,1.2826191138e-03,7.115513e-02,1.5062455380e+00,0.1053,2.0986e-01
1528.849,1.2835661836e-03,7.125079e-02,1.5062455380e+00,0.1053,2.1583e-01
1529.427,1.2846988152e-03,7.130773e-02,1.5062455380e+00,0.1053,2.2178e-01
1530.005,1.2860904550e-03,7.133082e-02,1.5062455380e+00,0.1053,2.2771e-01
1530.583,1.2878080364e-03,7.132782e-02,1.5062455380e+00,0.1053,2.3363e-01
1531.161,1.2898948009e-03,7.130800e-02,1.5062455380e+00,0.1053,1.5234e-01
1531.739,1.2923538978e-03,7.128103e-02,1.5062455380e+00,0.1053,1.5111e-01
1532.317,1.2951334178e-03,7.125621e-02,1.5062455380e+00,0.1053,1.4987e-01
1532.895,1.2981144808e-03,7.124192e-02,1.5062455380e+00,0.1053,1.4879e-01
1533.473,1.3011068708e-03,7.124542e-02,1.5062455380e+00,0.1053,1.4802e-01
1534.051,1.3038583146e-03,7.127253e-02,1.5062455380e+00,0.1053,1.4763e-01
1534.629,1.3060811245e-03,7.132756e-02,1.5062455380e+00,0.1053,1.4744e-01
1535.207,1.3074937567e-03,7.141334e-02,1.5062455380e+00,0.1053,1.4721e-01
1535.785,1.3078680770e-03,7.153107e-02,1.5062455380e+00,0.1053,1.4687e-01
1536.363,1.3070696593e-03,7.166545e-02,1.5062455380e+00,0.0702,1.4633e-01
1536.941,1.3050802647e-03,7.183933e-02,1.5062455380e+00,0.0702,1.4553e-01
1537.519,1.3019976977e-03,7.203896e-02,1.5062455380e+00,0.0702,1.4442e-01
1538.097,1.2980148615e-03,7.225938e-02,1.5062455380e+00,0.0702,1.4299e-01
1538.675,1.2933858805e-03,7.249456e-02,1.5062455380e+00,0.0702,1.4125e-01
1539.253,1.2883888761e-03,7.273763e-02,1.5062455380e+00,0.0702,1.3922e-01
1539.831,1.2832923468e-03,7.298137e-02,1.5062455380e+00,0.0702,1.3697e-01
1540.409,1.2783295687e-03,7.321844e-02,1.5062455380e+00,0.0702,1.3458e-01
1540.987,1.2736835388e-03,7.344179e-02,1.5062455380e+00,0.0702,1.3218e-01
1541.565,1.2694827093e-03,7.364496e-02,1.5062455380e+00,0.0702,1.2992e-01
1542.143,1.2658051675e-03,7.382223e-02,1.5062455380e+00,0.0702,1.2802e-01
1542.721,1.2626887167e-03,7.396855e-02,1.5062455380e+00,0.0351,1.2667e-01
1543.299,1.2601378837e-03,7.408056e-02,1.5062455380e+00,0.0351,1.2605e-01
1543.877,1.2581225541e-03,7.415550e-02,1.5062455380e+00,0.0351,1.2626e-01
1544.455,1.2566245232e-03,7.419170e-02,1.5062455380e+00,0.0351,1.2707e-01
1545.033,1.2556129420e-03,7.418854e-02,1.5062455380e+00,0.0351,1.2757e-01
1545.611,1.2550265828e-03,7.414641e-02,1.5062455380e+00,0.0351,1.2790e-01
1546.189,1.2547969263e-03,7.406650e-02,1.5062455380e+00,0.0351,1.2710e-01
1546.767,1.2548827517e-03,7.395141e-02,1.5062455380e+00,0.0351,1.2306e-01
1547.345,1.2552821126e-03,7.380431e-02,1.5062455380e+00,0.0351,1.1627e-01
1547.923,1.2560115322e-03,7.362847e-02,1.5062455380e+00,0.0351,1.0738e-01
1548.501,1.2570772280e-03,7.342734e-02,1.5062455380e+00,0.0351,9.6841e-02
1549.079,1.2584719517e-03,7.320574e-02,1.5062455380e+00,0.0351,8.4990e-02
1549.657,1.2601951127e-03,7.296954e-02,1.5062455380e+00,0.0351,7.2400e-02
1550.235,1.2622751172e-03,7.272520e-02,1.5062455380e+00,0.0351,5.9604e-02
1550.813,1.2647723650e-03,7.247938e-02,1.5062455380e+00,0.0351,4.7049e-02
1551.391,1.2677601062e-03,7.223859e-02,1.5062455380e+00,0.0351,3.7839e-02
1551.969,1.2712991859e-03,7.200847e-02,1.5062458018e+00,0.0702,4.1411e-02
1552.547,1.2754224709e-03,7.179440e-02,1.5062458018e+00,0.0702,4.7085e-02
1553.126,1.2801280953e-03,7.160060e-02,1.5062458018e+00,0.0702,5.2635e-02
1553.704,1.2853688517e-03,7.143043e-02,1.5062458018e+00,0.0702,5.8034e-02
1554.282,1.2910233110e-03,7.128640e-02,1.5062458018e+00,0.0702,6.3242e-02
1554.860,1.2968669114e-03,7.117028e-02,1.5062458018e+00,0.0702,6.8210e-02
1555.438,1.3025681714e-03,7.108321e-02,1.5062458018e+00,0.0702,7.2889e-02
1556.016,1.3077140208e-03,7.102579e-02,1.5062458018e+00,0.0702,7.7265e-02
1556.594,1.3118655322e-03,7.099818e-02,1.5062458018e+00,0.0702,8.1569e-02
1557.172,1.3146367652e-03,7.099992e-02,1.5062458018e+00,0.0702,8.5671e-02
1557.750,1.3157746769e-03,7.102989e-02,1.5062458018e+00,0.0702,9.0239e-02
1558.328,1.3152114254e-03,7.108641e-02,1.5062458018e+00,0.0702,9.5186e-02
1558.906,1.3130702859e-03,7.116704e-02,1.5062458018e+00,0.0702,1.0013e-01
1559.484,1.3096273604e-03,7.126845e-02,1.5062458018e+00,0.0702,1.0508e-01
1560.062,1.3052488529e-03,7.138629e-02,1.5062462133e+00,0.1053,1.0988e-01
1560.640,1.3003267457e-03,7.151530e-02,1.5062462133e+00,0.1053,1.1333e-01
1561.218,1.2952271514e-03,7.164921e-02,1.5062462133e+00,0.1053,1.1566e-01
1561.796,1.2902562223e-03,7.178045e-02,1.5062462133e+00,0.1053,1.1780e-01
1562.374,1.2856420005e-03,7.189936e-02,1.5062470543e+00,0.1053,1.2349e-01
1562.952,1.2815296552e-03,7.199839e-02,1.5062470543e+00,0.1053,1.2598e-01
1563.530,1.2779883659e-03,7.206837e-02,1.5062470543e+00,0.1053,1.2817e-01
1564.108,1.2750268043e-03,7.210056e-02,1.5062470543e+00,0.1053,1.3027e-01
1564.686,1.2726119224e-03,7.208730e-02,1.5062470543e+00,0.0702,1.3329e-01
1565.264,1.2706857346e-03,7.202276e-02,1.5062471604e+00,0.1053,1.3894e-01
1565.842,1.2691776298e-03,7.190349e-02,1.5062472126e+00,0.1053,1.4465e-01
1566.420,1.2680130069e-03,7.172923e-02,1.5062472377e+00,0.1053,1.5040e-01
1566.998,1.2671200397e-03,7.150278e-02,1.5062472615e+00,0.1053,1.5617e-01
1567.576,1.2664351096e-03,7.122971e-02,1.5062472616e+00,0.0702,1.6150e-01
1568.154,1.2659060489e-03,7.091799e-02,1.5062472788e+00,0.0702,1.6685e-01
1568.732,1.2654925753e-03,7.057806e-02,1.5062473345e+00,0.1404,1.7289e-01
1569.310,1.2651647657e-03,7.022209e-02,1.5062473345e+00,0.1053,1.8240e-01
1569.888,1.2649012320e-03,6.986319e-02,1.5062473353e+00,0.1404,1.8498e-01
1570.466,1.2646882763e-03,6.951484e-02,1.5062473353e+00,0.1053,1.9090e-01
1571.044,1.2645197902e-03,6.919015e-02,1.5062473353e+00,0.1053,1.9536e-01
1571.622,1.2643960309e-03,6.890113e-02,1.5062473358e+00,0.1053,2.0881e-01
1572.200,1.2643215353e-03,6.865758e-02,1.5062473359e+00,0.1404,2.0650e-01
1572.778,1.2643037079e-03,6.846809e-02,1.5062473369e+00,0.1404,2.1179e-01
1573.356,1.2643517873e-03,6.834008e-02,1.5062473369e+00,0.1053,2.1756e-01
1573.934,1.2644748253e-03,6.827891e-02,1.5062473371e+00,0.1053,2.2331e-01
1574.512,1.2646789095e-03,6.828809e-02,1.5062473371e+00,0.1404,2.2495e-01
1575.090,1.2649654309e-03,6.836938e-02,1.5062473371e+00,0.1053,2.0908e-01
1575.668,1.2653312869e-03,6.852273e-02,1.5062473371e+00,0.1053,2.1471e-01
1576.246,1.2657698400e-03,6.874604e-02,1.5062473371e+00,0.1053,2.2581e-01
1576.824,1.2662709577e-03,6.903501e-02,1.5062473371e+00,0.1053,1.7303e-01
1577.402,1.2668200607e-03,6.938295e-02,1.5062473371e+00,0.1053,1.5064e-01
1577.980,1.2673977668e-03,6.977491e-02,1.5062473371e+00,0.0702,1.4036e-01
1578.558,1.2679813460e-03,7.020977e-02,1.5062473371e+00,0.0702,1.2673e-01
1579.136,1.2685475044e-03,7.066979e-02,1.5062473371e+00,0.0702,1.2906e-01
1579.714,1.2690750292e-03,7.114011e-02,1.5062473371e+00,0.0702,1.3053e-01
1580.292,1.2695460225e-03,7.160464e-02,1.5062473371e+00,0.0702,1.3124e-01
1580.870,1.2699453448e-03,7.204667e-02,1.5062473371e+00,0.0702,1.3136e-01
1581.448,1.2702592464e-03,7.244954e-02,1.5062473371e+00,0.0702,1.3104e-01
1582.026,1.2704750479e-03,7.279748e-02,1.5062473371e+00,0.0702,1.3039e-01
1582.604,1.2705828683e-03,7.307652e-02,1.5062473371e+00,0.0702,1.2953e-01
1583.182,1.2705782182e-03,7.327533e-02,1.5062473371e+00,0.0702,1.2850e-01
1583.760,1.2704630873e-03,7.338615e-02,1.5062473371e+00,0.0702,1.2737e-01
1584.338,1.2702444960e-03,7.340536e-02,1.5062473371e+00,0.0702,1.2615e-01
1584.916,1.2699320903e-03,7.333401e-02,1.5062473371e+00,0.0702,1.2484e-01
1585.494,1.2695375919e-03,7.317779e-02,1.5062473371e+00,0.0702,1.2345e-01
1586.072,1.2690769636e-03,7.294674e-02,1.5062473371e+00,0.0702,1.2198e-01
1586.650,1.2685732643e-03,7.265447e-02,1.5062473371e+00,0.0702,1.2040e-01
1587.228,1.2680584452e-03,7.231715e-02,1.5062473371e+00,0.0702,1.1872e-01
1587.806,1.2675701870e-03,7.195221e-02,1.5062473371e+00,0.0702,1.1692e-01
1588.384,1.2671438472e-03,7.157706e-02,1.5062473371e+00,0.0702,1.1499e-01
1588.962,1.2668035967e-03,7.120805e-02,1.5062473371e+00,0.0702,1.1294e-01
1589.540,1.2665580622e-03,7.085961e-02,1.5062473371e+00,0.0702,1.1076e-01
1590.118,1.2664110303e-03,7.054321e-02,1.5062473371e+00,0.0351,1.0848e-01
1590.696,1.2663638361e-03,7.027000e-02,1.5062473371e+00,0.0351,1.0610e-01
1591.274,1.2664183577e-03,7.004700e-02,1.5062473371e+00,0.0351,1.0367e-01
1591.852,1.2665813065e-03,6.987986e-02,1.5062473371e+00,0.0351,1.0123e-01
1592.431,1.2668636700e-03,6.977245e-02,1.5062473371e+00,0.0351,9.8846e-02
1593.009,1.2672730646e-03,6.972709e-02,1.5062473371e+00,0.0351,9.6578e-02
1593.587,1.2678052460e-03,6.974469e-02,1.5062473371e+00,0.0351,9.4496e-02
1594.165,1.2684422015e-03,6.982479e-02,1.5062473371e+00,0.0351,9.2667e-02
1594.743,1.2691581309e-03,6.996558e-02,1.5062473371e+00,0.0351,9.1030e-02
1595.321,1.2699300608e-03,7.016387e-02,1.5062473371e+00,0.0351,8.9232e-02
1595.899,1.2707456073e-03,7.041512e-02,1.5062473371e+00,0.0351,8.7372e-02
1596.477,1.2716024417e-03,7.071347e-02,1.5062473371e+00,0.0351,8.5573e-02
1597.055,1.2725006663e-03,7.105191e-02,1.5062473371e+00,0.0351,8.3738e-02
1597.633,1.2734344527e-03,7.142247e-02,1.5062473371e+00,0.0351,8.0620e-02
1598.211,1.2743889604e-03,7.181646e-02,1.5062473371e+00,0.0351,7.6044e-02
1598.789,1.2753438263e-03,7.222465e-02,1.5062473371e+00,0.0351,7.0156e-02
1599.367,1.2762798363e-03,7.263755e-02,1.5062473371e+00,0.0351,6.3160e-02
1599.945,1.2771844226e-03,7.304576e-02,1.5062473371e+00,0.0351,5.5308e-02
1600.523,1.2780542659e-03,7.344020e-02,1.5062473371e+00,0.0351,4.6839e-02
1601.101,1.2788963819e-03,7.381236e-02,1.5062473371e+00,0.0351,3.7970e-02
1601.679,1.2797298358e-03,7.415450e-02,1.5062473371e+00,0.0351,4.2047e-02
1602.257,1.2805886209e-03,7.445990e-02,1.5062475874e+00,0.0351,4.7124e-02
1602.835,1.2815243551e-03,7.472264e-02,1.5062475874e+00,0.0702,5.2209e-02
1603.413,1.2826070438e-03,7.493884e-02,1.5062475874e+00,0.0702,5.7303e-02
1603.991,1.2839230702e-03,7.510555e-02,1.5062475874e+00,0.0702,6.2403e-02
1604.569,1.2855704067e-03,7.522140e-02,1.5062475874e+00,0.0702,6.7510e-02
1605.147,1.2876507957e-03,7.528652e-02,1.5062475874e+00,0.0702,7.2622e-02
1605.725,1.2902576342e-03,7.530257e-02,1.5062475874e+00,0.0702,7.7739e-02
1606.303,1.2934575948e-03,7.527268e-02,1.5062475874e+00,0.0702,8.2858e-02
1606.881,1.2972647279e-03,7.520122e-02,1.5062475874e+00,0.0702,8.7979e-02
1607.459,1.3016086327e-03,7.509355e-02,1.5062475874e+00,0.0702,9.3100e-02
1608.037,1.3063035045e-03,7.495579e-02,1.5062475874e+00,0.0702,9.8221e-02
1608.615,1.3110310472e-03,7.479443e-02,1.5062475874e+00,0.0702,1.0334e-01
1609.193,1.3153533022e-03,7.461611e-02,1.5062475874e+00,0.0702,1.0846e-01
1609.771,1.3187672890e-03,7.442734e-02,1.5062475874e+00,0.0702,1.1357e-01
1610.349,1.3207968049e-03,7.423427e-02,1.5062475874e+00,0.0702,1.1868e-01
1610.927,1.3210951963e-03,7.404252e-02,1.5062475874e+00,0.0702,1.2379e-01
1611.505,1.3195237164e-03,7.385708e-02,1.5062475874e+00,0.0702,1.2889e-01
1612.083,1.3161783399e-03,7.368227e-02,1.5062475874e+00,0.0702,1.3398e-01
1612.661,1.3113574896e-03,7.352168e-02,1.5062475874e+00,0.0702,1.3907e-01
1613.239,1.3054853551e-03,7.337822e-02,1.5062475874e+00,0.0351,1.4754e-01
1613.817,1.2990225625e-03,7.325415e-02,1.5062476799e+00,0.0351,1.4954e-01
1614.395,1.2923945553e-03,7.315110e-02,1.5062477111e+00,0.0351,1.5492e-01
1614.973,1.2859511440e-03,7.307005e-02,1.5062485228e+00,0.1053,1.6034e-01
1615.551,1.2799533438e-03,7.301174e-02,1.5062485228e+00,0.0702,1.6596e-01
1616.129,1.2745757776e-03,7.297652e-02,1.5062485291e+00,0.1053,1.7139e-01
1616.707,1.2699177859e-03,7.296420e-02,1.5062485293e+00,0.0702,1.7704e-01
1617.285,1.2660101435e-03,7.297428e-02,1.5062485293e+00,0.0702,1.8330e-01
1617.863,1.2628179781e-03,7.300584e-02,1.5062485293e+00,0.0702,2.2486e-01
1618.441,1.2603170025e-03,7.305759e-02,1.5062485306e+00,0.0702,1.9832e-01
1619.019,1.2584588911e-03,7.312773e-02,1.5062485306e+00,0.0702,2.1155e-01
1619.597,1.2571501873e-03,7.321394e-02,1.5062485306e+00,0.0702,2.3183e-01
1620.175,1.2562860334e-03,7.331331e-02,1.5062485306e+00,0.0702,2.5799e-01
1620.753,1.2557927527e-03,7.342228e-02,1.5062485306e+00,0.0702,2.8796e-01
1621.331,1.2556398155e-03,7.353662e-02,1.5062485306e+00,0.0702,3.0727e-01
1621.909,1.2558155001e-03,7.365152e-02,1.5062485308e+00,0.1053,2.3324e-01
1622.487,1.2562936347e-03,7.376165e-02,1.5062485308e+00,0.1053,2.2590e-01
1623.065,1.2570220645e-03,7.386128e-02,1.5062485308e+00,0.1053,2.1464e-01
1623.643,1.2579438209e-03,7.394449e-02,1.5062485308e+00,0.1053,2.0468e-01
1624.221,1.2590251728e-03,7.400538e-02,1.5062485308e+00,0.1053,1.9120e-01
1624.799,1.2602599984e-03,7.403836e-02,1.5062485308e+00,0.1053,1.6446e-01
1625.377,1.2616502218e-03,7.403839e-02,1.5062485308e+00,0.1053,1.6293e-01
1625.955,1.2631834153e-03,7.400123e-02,1.5062485308e+00,0.1053,1.5906e-01
1626.533,1.2648272396e-03,7.392361e-02,1.5062485308e+00,0.1053,1.5385e-01
1627.111,1.2665414108e-03,7.380370e-02,1.5062485308e+00,0.1053,1.3961e-01
1627.689,1.2682915541e-03,7.364112e-02,1.5062485308e+00,0.1053,1.1718e-01
1628.267,1.2700508624e-03,7.343714e-02,1.5062485308e+00,0.1053,1.0238e-01
1628.845,1.2717906640e-03,7.319464e-02,1.5062485308e+00,0.1053,9.2533e-02
1629.423,1.2734726220e-03,7.291808e-02,1.5062485308e+00,0.1053,9.6287e-02
1630.001,1.2750521507e-03,7.261341e-02,1.5062485308e+00,0.1053,8.5148e-02
1630.579,1.2764900422e-03,7.228781e-02,1.5062485308e+00,0.1053,4.6703e-02
1631.157,1.2777613620e-03,7.194943e-02,1.5062485308e+00,0.1053,5.1861e-02
1631.736,1.2788548486e-03,7.160708e-02,1.5062485308e+00,0.1053,5.7017e-02
1632.314,1.2797662278e-03,7.126984e-02,1.5062485308e+00,0.1053,6.2171e-02
1632.892,1.2804938454e-03,7.094670e-02,1.5062485308e+00,0.1053,6.7323e-02
1633.470,1.2810407963e-03,7.064618e-02,1.5062485308e+00,0.1053,4.5899e-02
1634.048,1.2814197782e-03,7.037591e-02,1.5062485308e+00,0.1053,4.7589e-02
1634.626,1.2816538672e-03,7.014235e-02,1.5062485308e+00,0.1053,4.9766e-02
1635.204,1.2817710163e-03,6.995051e-02,1.5062485308e+00,0.1053,5.4088e-02
1635.782,1.2817954902e-03,6.980379e-02,1.5062485308e+00,0.1053,5.8175e-02
1636.360,1.2817463610e-03,6.970390e-02,1.5062485308e+00,0.1053,6.2032e-02
1636.938,1.2816411869e-03,6.965083e-02,1.5062485308e+00,0.1053,6.5666e-02
1637.516,1.2814965247e-03,6.964285e-02,1.5062485308e+00,0.1053,6.9082e-02
1638.094,1.2813236046e-03,6.967674e-02,1.5062485308e+00,0.1053,7.2293e-02
1638.672,1.2811243806e-03,6.974795e-02,1.5062485308e+00,0.1053,7.5327e-02
1639.250,1.2808932196e-03,6.985105e-02,1.5062485308e+00,0.1053,7.8165e-02
1639.828,1.2806236212e-03,6.998016e-02,1.5062485308e+00,0.1053,8.0839e-02
1640.406,1.2803142753e-03,7.012946e-02,1.5062485308e+00,0.1053,8.3553e-02
1640.984,1.2799697167e-03,7.029370e-02,1.5062485308e+00,0.1053,8.6484e-02
1641.562,1.2795963462e-03,7.046858e-02,1.5062485308e+00,0.1053,8.9705e-02
1642.140,1.2791986934e-03,7.065116e-02,1.5062485308e+00,0.1053,9.3995e-02
1642.718,1.2787796685e-03,7.083991e-02,1.5062485308e+00,0.1053,9.9417e-02
1643.296,1.2783439681e-03,7.103480e-02,1.5062485308e+00,0.1053,1.0483e-01
1643.874,1.2779006944e-03,7.123710e-02,1.5062485308e+00,0.1053,1.1042e-01
1644.452,1.2774624206e-03,7.144914e-02,1.5062485308e+00,0.1053,1.1609e-01
1645.030,1.2770416215e-03,7.167385e-02,1.5062485308e+00,0.1053,1.2185e-01
1645.608,1.2766476255e-03,7.191428e-02,1.5062485308e+00,0.1053,1.2787e-01
1646.186,1.2762860947e-03,7.217306e-02,1.5062485308e+00,0.1053,1.3449e-01
1646.764,1.2759602191e-03,7.245183e-02,1.5062485308e+00,0.1053,1.4266e-01
1647.342,1.2756713797e-03,7.275086e-02,1.5062485308e+00,0.1053,1.5281e-01
1647.920,1.2754182012e-03,7.306875e-02,1.5062485308e+00,0.1053,1.5743e-01
1648.498,1.2751950399e-03,7.340234e-02,1.5062485308e+00,0.1053,1.6295e-01
1649.076,1.2749917178e-03,7.374672e-02,1.5062485308e+00,0.1053,1.3928e-01
1649.654,1.2747951311e-03,7.409552e-02,1.5062485308e+00,0.1053,1.3459e-01
1650.232,1.2745916912e-03,7.444085e-02,1.5062485308e+00,0.0702,1.2883e-01
1650.810,1.2743691393e-03,7.477547e-02,1.5062485308e+00,0.0702,1.2270e-01
1651.388,1.2741172786e-03,7.509101e-02,1.5062485308e+00,0.0702,1.1673e-01
1651.966,1.2738283318e-03,7.532599e-02,1.5062485308e+00,0.0702,9.1564e-02
1652.544,1.2734977132e-03,7.552837e-02,1.5062485308e+00,0.0702,9.6871e-02
1653.122,1.2731251337e-03,7.571411e-02,1.5062485308e+00,0.0702,1.0252e-01
1653.700,1.2727152447e-03,7.586514e-02,1.5062485308e+00,0.0702,1.0859e-01
1654.278,1.2722771586e-03,7.597217e-02,1.5062485308e+00,0.0702,1.1513e-01
1654.856,1.2718229638e-03,7.603006e-02,1.5062485308e+00,0.0702,1.2191e-01
1655.434,1.2713660650e-03,7.603607e-02,1.5062485308e+00,0.0702,1.2865e-01
1656.012,1.2709201673e-03,7.598922e-02,1.5062485308e+00,0.0702,1.3369e-01
1656.590,1.2704990158e-03,7.588994e-02,1.5062485308e+00,0.0702,1.3713e-01
1657.168,1.2701162285e-03,7.573999e-02,1.5062485308e+00,0.0702,1.3922e-01
1657.746,1.2697847703e-03,7.554246e-02,1.5062485308e+00,0.0702,1.4010e-01
1658.324,1.2695161418e-03,7.530171e-02,1.5062485308e+00,0.0702,1.3990e-01
1658.902,1.2693196769e-03,7.502311e-02,1.5062485308e+00,0.0702,1.3877e-01
1659.480,1.2692029244e-03,7.471283e-02,1.5062485308e+00,0.0702,1.3688e-01
1660.058,1.2691732193e-03,7.437757e-02,1.5062485308e+00,0.0702,1.3447e-01
1660.636,1.2692390027e-03,7.402432e-02,1.5062485308e+00,0.0702,1.3175e-01
1661.214,1.2694096099e-03,7.366021e-02,1.5062485308e+00,0.0702,1.2893e-01
1661.792,1.2696940645e-03,7.329233e-02,1.5062485308e+00,0.0702,1.2621e-01
1662.370,1.2701005725e-03,7.292754e-02,1.5062485308e+00,0.0702,1.2371e-01
1662.948,1.2706375481e-03,7.257236e-02,1.5062485308e+00,0.0702,1.2140e-01
1663.526,1.2713151987e-03,7.223284e-02,1.5062485308e+00,0.0702,1.1776e-01
1664.104,1.2721459850e-03,7.191437e-02,1.5062485308e+00,0.0702,1.1248e-01
1664.682,1.2731433084e-03,7.162146e-02,1.5062485308e+00,0.0702,1.0555e-01
1665.260,1.2743192658e-03,7.135765e-02,1.5062485308e+00,0.0702,9.9879e-02
1665.838,1.2756825390e-03,7.112568e-02,1.5062485308e+00,0.0702,9.8223e-02
1666.416,1.2772364785e-03,7.092763e-02,1.5062485308e+00,0.0702,9.5743e-02
1666.994,1.2789765583e-03,7.076504e-02,1.5062485308e+00,0.0702,9.2487e-02
1667.572,1.2808865215e-03,7.063900e-02,1.5062485308e+00,0.0702,8.8544e-02
1668.150,1.2829334600e-03,7.055011e-02,1.5062485308e+00,0.0702,8.4022e-02
1668.728,1.2850630671e-03,7.049826e-02,1.5062485308e+00,0.0702,7.9060e-02
1669.306,1.2871969853e-03,7.048260e-02,1.5062485308e+00,0.0702,7.3843e-02
1669.884,1.2892341527e-03,7.050146e-02,1.5062485308e+00,0.0702,6.8593e-02
1670.462,1.2910570514e-03,7.055248e-02,1.5062485308e+00,0.0702,6.3274e-02
1671.041,1.2925422102e-03,7.063064e-02,1.5062485308e+00,0.0351,5.8044e-02
1671.619,1.2935732078e-03,7.073687e-02,1.5062485308e+00,0.0351,5.7544e-02
1672.197,1.2940542614e-03,7.086580e-02,1.5062485308e+00,0.0351,5.7863e-02
1672.775,1.2939226832e-03,7.101422e-02,1.5062485308e+00,0.0351,5.7026e-02
1673.353,1.2931582966e-03,7.117930e-02,1.5062485308e+00,0.0351,5.4868e-02
1673.931,1.2917875786e-03,7.135872e-02,1.5062485308e+00,0.0351,5.1033e-02
1674.509,1.2898808700e-03,7.155070e-02,1.5062485308e+00,0.0351,4.8070e-02
1675.087,1.2875428704e-03,7.175390e-02,1.5062485308e+00,0.0351,4.9319e-02
1675.665,1.2848986787e-03,7.196734e-02,1.5062485308e+00,0.0351,5.0273e-02
1676.243,1.2820795011e-03,7.219019e-02,1.5062485308e+00,0.0351,5.0935e-02
1676.821,1.2792109935e-03,7.242156e-02,1.5062485308e+00,0.0351,5.1302e-02
1677.399,1.2764047046e-03,7.266047e-02,1.5062485308e+00,0.0351,5.1363e-02
1677.977,1.2737522812e-03,7.290548e-02,1.5062485308e+00,0.0351,5.1100e-02
1678.555,1.2713232372e-03,7.315465e-02,1.5062487638e+00,0.0351,5.0482e-02
1679.133,1.2691665866e-03,7.340479e-02,1.5062487638e+00,0.0702,4.9470e-02
1679.711,1.2673007668e-03,7.365320e-02,1.5062487638e+00,0.0702,5.1944e-02
1680.289,1.2657504277e-03,7.389564e-02,1.5062487638e+00,0.0702,5.6073e-02
1680.867,1.2645326839e-03,7.412739e-02,1.5062487638e+00,0.0702,6.0092e-02
1681.445,1.2636331252e-03,7.434318e-02,1.5062487638e+00,0.0702,6.3917e-02
1682.023,1.2630141950e-03,7.453742e-02,1.5062487638e+00,0.0702,6.7531e-02
1682.601,1.2626398511e-03,7.470416e-02,1.5062487638e+00,0.0351,7.1255e-02
1683.179,1.2624902162e-03,7.483830e-02,1.5062487638e+00,0.0351,7.4994e-02
1683.757,1.2625540008e-03,7.493427e-02,1.5062487638e+00,0.0351,7.8725e-02
1684.335,1.2628110398e-03,7.498732e-02,1.5062487638e+00,0.0351,8.2448e-02
1684.913,1.2632274658e-03,7.499356e-02,1.5062487638e+00,0.0351,8.7675e-02
1685.491,1.2637700268e-03,7.495026e-02,1.5062487638e+00,0.0351,9.2868e-02
1686.069,1.2644276892e-03,7.485587e-02,1.5062495721e+00,0.0702,9.8125e-02
1686.647,1.2652164170e-03,7.471115e-02,1.5062495721e+00,0.0702,1.0252e-01
1687.225,1.2661610472e-03,7.451821e-02,1.5062495721e+00,0.0351,1.0578e-01
1687.803,1.2672717886e-03,7.428170e-02,1.5062495721e+00,0.0351,1.0668e-01
1688.381,1.2685350754e-03,7.400756e-02,1.5062495721e+00,0.0351,9.9912e-02
1688.959,1.2699227916e-03,7.370369e-02,1.5062495721e+00,0.0351,1.0504e-01
1689.537,1.2714077016e-03,7.337940e-02,1.5062513667e+00,0.0702,1.1016e-01
1690.115,1.2729720027e-03,7.304589e-02,1.5062513667e+00,0.0702,1.1528e-01
1690.693,1.2746039700e-03,7.271420e-02,1.5062513667e+00,0.0702,1.2039e-01
1691.271,1.2762926941e-03,7.239559e-02,1.5062513667e+00,0.0702,1.2549e-01
1691.849,1.2780315394e-03,7.210072e-02,1.5062513667e+00,0.0702,1.3059e-01
1692.427,1.2798211864e-03,7.183941e-02,1.5062513667e+00,0.0702,1.3568e-01
1693.005,1.2816639130e-03,7.162020e-02,1.5062513667e+00,0.0702,1.4076e-01
1693.583,1.2835514117e-03,7.145005e-02,1.5062513667e+00,0.0702,1.4584e-01
1694.161,1.2854546909e-03,7.133425e-02,1.5062513667e+00,0.0702,1.5091e-01
1694.739,1.2873220426e-03,7.127604e-02,1.5062513667e+00,0.0702,1.5597e-01
1695.317,1.2890841242e-03,7.127490e-02,1.5062513667e+00,0.0351,1.6102e-01
1695.895,1.2906612537e-03,7.133321e-02,1.5062513667e+00,0.0351,1.6606e-01
1696.473,1.2919698002e-03,7.144686e-02,1.5062513667e+00,0.0351,1.7109e-01
1697.051,1.2929287352e-03,7.161155e-02,1.5062513667e+00,0.0351,1.7612e-01
1697.629,1.2934688035e-03,7.182170e-02,1.5062513667e+00,0.0351,1.8113e-01
1698.207,1.2935437760e-03,7.207062e-02,1.5062514211e+00,0.0702,1.8614e-01
1698.785,1.2931393091e-03,7.235077e-02,1.5062514211e+00,0.0702,1.9114e-01
1699.363,1.2922747379e-03,7.265391e-02,1.5062514211e+00,0.0702,1.9612e-01
1699.941,1.2909973906e-03,7.297136e-02,1.5062514211e+00,0.0702,2.0110e-01
1700.519,1.2893736504e-03,7.329420e-02,1.5062514211e+00,0.0702,2.0613e-01
1701.097,1.2874816405e-03,7.361366e-02,1.5062514211e+00,0.0702,2.1137e-01
1701.675,1.2854066957e-03,7.392135e-02,1.5062514211e+00,0.0702,2.1660e-01
1702.253,1.2832374605e-03,7.420965e-02,1.5062514211e+00,0.0702,2.2181e-01
1702.831,1.2810605472e-03,7.447182e-02,1.5062514211e+00,0.0702,2.2702e-01
1703.409,1.2789538845e-03,7.470220e-02,1.5062514211e+00,0.0702,2.3220e-01
1703.987,1.2769812837e-03,7.489624e-02,1.5062514211e+00,0.0702,2.2372e-01
1704.565,1.2751906536e-03,7.505037e-02,1.5062514211e+00,0.0702,2.2388e-01
1705.143,1.2736157357e-03,7.516205e-02,1.5062514211e+00,0.0702,2.1608e-01
1705.721,1.2722789141e-03,7.522964e-02,1.5062514211e+00,0.0702,9.1580e-02
1706.299,1.2711927980e-03,7.525258e-02,1.5062514211e+00,0.0702,8.6196e-02
1706.877,1.2703603693e-03,7.523140e-02,1.5062514211e+00,0.0702,8.2549e-02
1707.455,1.2697752358e-03,7.516778e-02,1.5062514211e+00,0.0702,8.7122e-02
1708.033,1.2694231566e-03,7.506454e-02,1.5062514211e+00,0.0702,9.1721e-02
1708.611,1.2692851302e-03,7.492545e-02,1.5062514211e+00,0.0351,9.6433e-02
1709.189,1.2693381193e-03,7.475591e-02,1.5062514211e+00,0.0351,1.0132e-01
1709.767,1.2695583662e-03,7.456169e-02,1.5062514211e+00,0.0351,1.0628e-01
1710.346,1.2699221991e-03,7.434941e-02,1.5062514211e+00,0.0351,1.1123e-01
1710.924,1.2704009491e-03,7.412597e-02,1.5062514211e+00,0.0351,1.1618e-01
1711.502,1.2709645568e-03,7.389832e-02,1.5062514211e+00,0.0351,1.2054e-01
1712.080,1.2715869797e-03,7.367320e-02,1.5062514211e+00,0.0351,1.2373e-01
1712.658,1.2722457066e-03,7.345691e-02,1.5062514211e+00,0.0351,1.2591e-01
1713.236,1.2729179660e-03,7.325517e-02,1.5062514211e+00,0.0351,1.2719e-01
1713.814,1.2735790698e-03,7.307316e-02,1.5062514211e+00,0.0351,1.2768e-01
1714.392,1.2742053158e-03,7.291554e-02,1.5062514211e+00,0.0351,1.2749e-01
1714.970,1.2747777640e-03,7.278642e-02,1.5062514211e+00,0.0351,1.2678e-01
1715.548,1.2752829757e-03,7.268916e-02,1.5062514211e+00,0.0351,1.2515e-01
1716.126,1.2757124831e-03,7.262616e-02,1.5062514211e+00,0.0351,1.2175e-01
1716.704,1.2760602439e-03,7.259852e-02,1.5062514211e+00,0.0351,1.1651e-01
1717.282,1.2763199833e-03,7.260580e-02,1.5062514211e+00,0.0351,1.0968e-01
1717.860,1.2764856590e-03,7.264593e-02,1.5062514211e+00,0.0351,1.0162e-01
1718.438,1.2765551299e-03,7.271536e-02,1.5062514211e+00,0.0351,9.2610e-02
1719.016,1.2765337555e-03,7.280943e-02,1.5062514757e+00,0.0702,8.2795e-02
1719.594,1.2764348613e-03,7.292291e-02,1.5062514757e+00,0.0702,7.2481e-02
1720.172,1.2762773258e-03,7.305018e-02,1.5062514757e+00,0.0702,6.1993e-02
1720.750,1.2760833215e-03,7.318540e-02,1.5062514757e+00,0.0702,6.1429e-02
1721.328,1.2758787158e-03,7.332271e-02,1.5062514757e+00,0.0702,6.6024e-02
1721.906,1.2756956835e-03,7.345645e-02,1.5062514757e+00,0.0702,7.0699e-02
1722.484,1.2755748738e-03,7.358129e-02,1.5062514757e+00,0.0702,7.5359e-02
1723.062,1.2755650972e-03,7.369247e-02,1.5062514757e+00,0.0702,7.9783e-02
1723.640,1.2757208735e-03,7.378610e-02,1.5062514757e+00,0.0702,8.3802e-02
1724.218,1.2760993602e-03,7.385945e-02,1.5062514757e+00,0.0702,8.7230e-02
1724.796,1.2767580505e-03,7.391121e-02,1.5062514757e+00,0.0702,7.8433e-02
1725.374,1.2777530472e-03,7.394168e-02,1.5062514757e+00,0.0702,5.5674e-02
1725.952,1.2791354076e-03,7.395269e-02,1.5062514757e+00,0.0702,6.1132e-02
1726.530,1.2809425112e-03,7.394758e-02,1.5062514757e+00,0.0702,6.6585e-02
1727.108,1.2831835169e-03,7.393100e-02,1.5062514757e+00,0.0702,6.7712e-02
1727.686,1.2858211692e-03,7.390840e-02,1.5062514757e+00,0.0702,5.9614e-02
1728.264,1.2887545785e-03,7.388570e-02,1.5062514757e+00,0.0702,6.0831e-02
1728.842,1.2918085732e-03,7.386880e-02,1.5062514757e+00,0.0702,6.1643e-02
1729.420,1.2947354786e-03,7.386321e-02,1.5062514757e+00,0.0702,6.2041e-02
1729.998,1.2972346891e-03,7.387365e-02,1.5062514757e+00,0.0702,6.2165e-02
1730.576,1.2989922713e-03,7.390379e-02,1.5062514757e+00,0.0702,6.1929e-02
1731.154,1.2997354477e-03,7.395605e-02,1.5062514757e+00,0.0702,6.1275e-02
1731.732,1.2992876174e-03,7.403152e-02,1.5062514757e+00,0.0702,6.0201e-02
1732.310,1.2976050679e-03,7.412993e-02,1.5062514757e+00,0.0702,5.8716e-02
1732.888,1.2947820665e-03,7.424963e-02,1.5062514757e+00,0.0702,5.6829e-02
1733.466,1.2910238978e-03,7.438766e-02,1.5062514757e+00,0.0702,5.4391e-02
1734.044,1.2866009749e-03,7.453982e-02,1.5062514757e+00,0.0702,5.1374e-02
1734.622,1.2818021934e-03,7.470077e-02,1.5062514757e+00,0.0702,4.7815e-02
1735.200,1.2768988465e-03,7.486418e-02,1.5062514757e+00,0.0702,4.3752e-02
1735.778,1.2721262362e-03,7.502290e-02,1.5062514757e+00,0.0702,3.9223e-02
1736.356,1.2676550764e-03,7.516910e-02,1.5062514757e+00,0.0702,3.5553e-02
1736.934,1.2636014451e-03,7.529457e-02,1.5062514757e+00,0.0702,3.3295e-02
1737.512,1.2600705698e-03,7.539100e-02,1.5062514757e+00,0.0702,3.0966e-02
1738.090,1.2571082586e-03,7.545031e-02,1.5062514757e+00,0.0702,2.9823e-02
1738.668,1.2546921320e-03,7.546513e-02,1.5062514757e+00,0.0702,3.0513e-02
1739.246,1.2527746137e-03,7.542919e-02,1.5062514757e+00,0.0702,3.0909e-02
1739.824,1.2513296634e-03,7.809375e-02,1.5062514757e+00,0.1053,3.0938e-02
1740.402,1.2503621260e-03,7.509886e-02,1.5062514757e+00,0.0702,3.0510e-02
1740.980,1.2498780292e-03,7.484299e-02,1.5062514757e+00,0.0702,3.2322e-02
1741.558,1.2498520133e-03,7.455471e-02,1.5062514757e+00,0.0702,3.5486e-02
1742.136,1.2502273675e-03,7.422753e-02,1.5062514757e+00,0.0702,3.8491e-02
1742.714,1.2509479232e-03,7.386488e-02,1.5062514757e+00,0.0702,4.1485e-02
1743.292,1.2519875559e-03,7.347501e-02,1.5062514757e+00,0.0702,4.5712e-02
1743.870,1.2533565438e-03,7.306894e-02,1.5062514757e+00,0.0702,5.0282e-02
1744.448,1.2550802936e-03,7.265926e-02,1.5062514757e+00,0.0702,5.5129e-02
1745.026,1.2571747493e-03,7.225927e-02,1.5062514757e+00,0.0702,6.0059e-02
1745.604,1.2596454144e-03,7.188212e-02,1.5062514757e+00,0.0702,6.5060e-02
1746.182,1.2625076706e-03,7.153997e-02,1.5062514757e+00,0.0702,7.0128e-02
1746.760,1.2658029375e-03,7.124319e-02,1.5062514757e+00,0.0702,7.5255e-02
1747.338,1.2695899615e-03,7.099977e-02,1.5062514757e+00,0.0702,8.0434e-02
1747.916,1.2739138086e-03,7.081494e-02,1.5062514757e+00,0.0702,8.5659e-02
1748.494,1.2787713777e-03,7.069113e-02,1.5062514757e+00,0.0702,9.0921e-02
1749.072,1.2840873736e-03,7.062817e-02,1.5062514757e+00,0.0702,9.6214e-02
1749.651,1.2896960028e-03,7.062361e-02,1.5062524007e+00,0.1053,1.0153e-01
1750.229,1.2953372687e-03,7.067368e-02,1.5062524007e+00,0.1053,1.0687e-01
1750.807,1.3006632275e-03,7.077361e-02,1.5062524007e+00,0.1053,1.1222e-01
1751.385,1.3052562551e-03,7.091826e-02,1.5062524007e+00,0.1053,1.1758e-01
1751.963,1.3086780034e-03,7.110263e-02,1.5062524007e+00,0.1053,1.2295e-01
1752.541,1.3105535428e-03,7.132206e-02,1.5062524007e+00,0.1053,1.2832e-01
1753.119,1.3106626526e-03,7.157263e-02,1.5062524007e+00,0.1053,1.3373e-01
1753.697,1.3089941200e-03,7.185013e-02,1.5062524007e+00,0.1053,1.3932e-01
1754.275,1.3057374694e-03,7.215023e-02,1.5062524007e+00,0.1053,1.4503e-01
1754.853,1.3012239210e-03,7.246835e-02,1.5062524007e+00,0.1053,1.5103e-01
1755.431,1.2958512430e-03,7.279963e-02,1.5062524007e+00,0.1053,1.5774e-01
1756.009,1.2900221592e-03,7.313905e-02,1.5062524025e+00,0.1053,1.6251e-01
1756.587,1.2841050111e-03,7.347946e-02,1.5062536475e+00,0.1404,1.7574e-01
1757.165,1.2784083355e-03,7.381870e-02,1.5062536475e+00,0.1404,1.8175e-01
1757.743,1.2731625241e-03,7.415229e-02,1.5062536475e+00,0.1053,1.8420e-01
1758.321,1.2685119254e-03,7.447766e-02,1.5062536478e+00,0.1404,1.8985e-01
1758.899,1.2645231642e-03,7.479356e-02,1.5062536478e+00,0.1404,1.9550e-01
1759.477,1.2612070656e-03,7.509994e-02,1.5062536478e+00,0.1404,2.0113e-01
1760.055,1.2585427496e-03,7.539827e-02,1.5062536478e+00,0.1404,2.0321e-01
1760.633,1.2564931515e-03,7.569028e-02,1.5062536478e+00,0.1404,1.7852e-01
1761.211,1.2550103952e-03,7.597700e-02,1.5062536478e+00,0.1404,1.5210e-01
1761.789,1.2540390057e-03,7.625829e-02,1.5062536478e+00,0.1404,1.4838e-01
1762.367,1.2535146500e-03,7.653247e-02,1.5062536478e+00,0.1404,1.1702e-01
1762.945,1.2533790249e-03,7.679492e-02,1.5062536478e+00,0.1404,1.1809e-01
1763.523,1.2535935250e-03,7.703938e-02,1.5062536478e+00,0.1404,1.1820e-01
1764.101,1.2541194362e-03,7.725799e-02,1.5062536478e+00,0.1404,9.4930e-02
1764.679,1.2549110470e-03,7.744173e-02,1.5062536478e+00,0.1404,9.7322e-02
1765.257,1.2559261716e-03,7.758139e-02,1.5062536478e+00,0.1404,9.6484e-02
1765.835,1.2571367825e-03,7.766822e-02,1.5062536478e+00,0.1404,6.7890e-02
1766.413,1.2585257216e-03,7.769465e-02,1.5062536478e+00,0.1404,6.1319e-02
1766.991,1.2600746017e-03,7.765533e-02,1.5062536478e+00,0.1404,6.2829e-02
1767.569,1.2617546861e-03,7.754747e-02,1.5062536478e+00,0.1404,5.1518e-02
1768.147,1.2635289655e-03,7.737112e-02,1.5062536478e+00,0.1053,5.6032e-02
1768.725,1.2653630911e-03,7.713021e-02,1.5062536478e+00,0.1053,6.0132e-02
1769.303,1.2672343931e-03,7.683187e-02,1.5062536478e+00,0.1053,6.3838e-02
1769.881,1.2691298173e-03,7.648670e-02,1.5062536478e+00,0.1053,6.7113e-02
1770.459,1.2710339814e-03,7.610794e-02,1.5062536478e+00,0.1053,7.0000e-02
1771.037,1.2729180776e-03,7.571066e-02,1.5062536478e+00,0.1053,7.2550e-02
1771.615,1.2747401529e-03,7.531078e-02,1.5062536478e+00,0.1053,7.4800e-02
1772.193,1.2764577299e-03,7.492415e-02,1.5062536478e+00,0.1053,7.6773e-02
1772.771,1.2780439625e-03,7.456564e-02,1.5062536478e+00,0.1053,7.8484e-02
1773.349,1.2794969819e-03,7.424850e-02,1.5062536478e+00,0.1053,7.9947e-02
1773.927,1.2808351852e-03,7.398382e-02,1.5062536478e+00,0.1053,8.1179e-02
1774.505,1.2820901410e-03,7.378001e-02,1.5062536478e+00,0.1053,8.2185e-02
1775.083,1.2833003599e-03,7.363864e-02,1.5062536478e+00,0.0702,8.1783e-02
1775.661,1.2845025869e-03,7.356668e-02,1.5062536478e+00,0.0702,7.9990e-02
1776.239,1.2857251085e-03,7.356039e-02,1.5062536478e+00,0.0702,7.8646e-02
1776.817,1.2869899815e-03,7.361397e-02,1.5062536478e+00,0.0702,7.7811e-02
1777.395,1.2883250659e-03,7.371816e-02,1.5062536478e+00,0.0702,7.7508e-02
1777.973,1.2897788297e-03,7.386097e-02,1.5062536478e+00,0.0702,7.7744e-02
1778.551,1.2914282946e-03,7.402861e-02,1.5062536478e+00,0.0702,7.8528e-02
1779.129,1.2933745675e-03,7.420642e-02,1.5062536478e+00,0.0702,7.9787e-02
1779.707,1.2957258700e-03,7.437988e-02,1.5062536478e+00,0.0702,8.0781e-02
1780.285,1.2985698864e-03,7.453553e-02,1.5062536478e+00,0.0702,8.1348e-02
1780.863,1.3019382922e-03,7.466180e-02,1.5062536478e+00,0.0702,8.1472e-02
1781.441,1.3057656547e-03,7.474985e-02,1.5062536478e+00,0.0702,8.1129e-02
1782.019,1.3098496924e-03,7.479450e-02,1.5062536478e+00,0.0702,8.0291e-02
1782.597,1.3138341460e-03,7.479500e-02,1.5062536478e+00,0.0702,7.8931e-02
1783.175,1.3172394142e-03,7.475551e-02,1.5062536478e+00,0.0702,8.1090e-02
1783.753,1.3195457280e-03,7.468501e-02,1.5062536478e+00,0.0702,8.7791e-02
1784.331,1.3203043444e-03,7.459663e-02,1.5062536478e+00,0.0702,9.5295e-02
1784.909,1.3192380140e-03,7.450616e-02,1.5062536478e+00,0.0702,1.0154e-01
1785.487,1.3162992862e-03,7.443042e-02,1.5062536478e+00,0.0702,1.0600e-01
1786.065,1.3116735453e-03,7.438540e-02,1.5062536478e+00,0.0702,1.0866e-01
1786.643,1.3057303872e-03,7.438487e-02,1.5062536478e+00,0.0702,1.0808e-01
1787.221,1.2989414635e-03,7.443940e-02,1.5062536478e+00,0.0702,6.6402e-02
1787.799,1.2917907577e-03,7.455570e-02,1.5062536478e+00,0.0702,6.1328e-02
1788.377,1.2847017123e-03,7.473652e-02,1.5062536478e+00,0.0702,6.6782e-02
1788.956,1.2779967187e-03,7.498069e-02,1.5062536478e+00,0.0702,7.0265e-02
1789.534,1.2718904697e-03,7.528338e-02,1.5062536478e+00,0.0702,5.0448e-02
1790.112,1.2665061054e-03,7.563659e-02,1.5062536478e+00,0.0702,3.2636e-02
1790.690,1.2618986079e-03,7.602973e-02,1.5062536478e+00,0.0702,3.3465e-02
1791.268,1.2580755623e-03,7.645040e-02,1.5062536478e+00,0.0702,3.5929e-02
1791.846,1.2550116339e-03,7.688512e-02,1.5062536478e+00,0.0702,3.7473e-02
1792.424,1.2526365524e-03,7.732000e-02,1.5062536478e+00,0.0702,3.8346e-02
1793.002,1.2509007787e-03,7.774133e-02,1.5062536478e+00,0.0702,3.8579e-02
1793.580,1.2497516870e-03,7.813598e-02,1.5062536478e+00,0.0702,3.8257e-02
1794.158,1.2491004687e-03,7.849175e-02,1.5062536478e+00,0.0702,3.9683e-02
1794.736,1.2488456235e-03,7.879756e-02,1.5062536478e+00,0.0702,4.4351e-02
1795.314,1.2489120759e-03,7.904363e-02,1.5062536478e+00,0.0702,4.9053e-02
1795.892,1.2492639237e-03,7.922161e-02,1.5062536478e+00,0.0702,5.3751e-02
1796.470,1.2498834947e-03,7.932467e-02,1.5062536478e+00,0.0702,5.8445e-02
1797.048,1.2507415372e-03,7.934775e-02,1.5062536478e+00,0.0702,6.3136e-02
1797.626,1.2517900847e-03,7.928781e-02,1.5062536478e+00,0.0702,6.7823e-02
1798.204,1.2529760317e-03,7.914408e-02,1.5062536478e+00,0.0702,7.2507e-02
1798.782,1.2542605179e-03,7.891833e-02,1.5062542563e+00,0.1053,7.6020e-02
1799.360,1.2556276497e-03,7.861540e-02,1.5062542563e+00,0.1053,7.8023e-02
1799.938,1.2570771227e-03,7.824275e-02,1.5062542563e+00,0.1053,7.9270e-02
1800.516,1.2586098663e-03,7.781033e-02,1.5062542563e+00,0.1053,8.0886e-02
1801.094,1.2602201394e-03,7.733017e-02,1.5062542563e+00,0.1053,8.3484e-02
1801.672,1.2618993784e-03,7.681562e-02,1.5062542563e+00,0.1053,8.6986e-02
1802.250,1.2636460042e-03,7.628063e-02,1.5062542563e+00,0.0702,9.4810e-02
1802.828,1.2654719203e-03,7.573914e-02,1.5062542563e+00,0.0702,9.8483e-02
1803.406,1.2674022654e-03,7.520436e-02,1.5062542563e+00,0.0702,9.8887e-02
1803.984,1.2694724788e-03,7.468828e-02,1.5062542563e+00,0.0702,1.0431e-01
1804.562,1.2717280381e-03,7.420133e-02,1.5062542563e+00,0.0702,1.0972e-01
1805.140,1.2742274601e-03,7.375214e-02,1.5062542563e+00,0.0702,1.1513e-01
1805.718,1.2770448350e-03,7.334734e-02,1.5062542563e+00,0.0702,1.2053e-01
1806.296,1.2802683682e-03,7.299147e-02,1.5062542563e+00,0.0702,1.2603e-01
1806.874,1.2839936235e-03,7.268708e-02,1.5062542563e+00,0.0702,1.3168e-01
1807.452,1.2883098392e-03,7.243485e-02,1.5062542563e+00,0.0702,1.3745e-01
1808.030,1.2932689391e-03,7.223386e-02,1.5062542563e+00,0.0702,1.4355e-01
1808.608,1.2988437495e-03,7.208177e-02,1.5062542563e+00,0.0702,1.5045e-01
1809.186,1.3048731157e-03,7.197519e-02,1.5062542563e+00,0.0702,1.5954e-01
1809.764,1.3110061140e-03,7.190993e-02,1.5062542563e+00,0.0702,1.6960e-01
1810.342,1.3166909412e-03,7.188126e-02,1.5062542563e+00,0.0702,1.6917e-01
1810.920,1.3212475418e-03,7.188409e-02,1.5062542563e+00,0.0702,1.3635e-01
1811.498,1.3240154629e-03,7.191321e-02,1.5062542563e+00,0.0702,1.0561e-01
1812.076,1.3245208800e-03,7.196347e-02,1.5062542563e+00,0.0702,9.1699e-02
1812.654,1.3225892425e-03,7.203007e-02,1.5062542563e+00,0.0702,8.7360e-02
1813.232,1.3183656247e-03,7.210889e-02,1.5062542563e+00,0.0702,8.2091e-02
1813.810,1.3122551064e-03,7.219677e-02,1.5062542563e+00,0.0702,8.0801e-02
1814.388,1.3048210526e-03,7.229175e-02,1.5062542563e+00,0.0702,8.0232e-02
1814.966,1.2966779084e-03,7.239320e-02,1.5062542563e+00,0.0702,7.9472e-02
1815.544,1.2883995005e-03,7.250162e-02,1.5062542563e+00,0.0702,7.7934e-02
1816.122,1.2804514118e-03,7.261847e-02,1.5062542563e+00,0.0702,7.5482e-02
1816.700,1.2731544631e-03,7.274582e-02,1.5062542563e+00,0.0702,7.2115e-02
1817.278,1.2666846588e-03,7.288617e-02,1.5062542563e+00,0.0702,6.7794e-02
1817.856,1.2611046865e-03,7.304068e-02,1.5062542563e+00,0.0702,6.2426e-02
1818.434,1.2564090019e-03,7.321064e-02,1.5062542563e+00,0.0702,5.5919e-02
1819.012,1.2525614626e-03,7.339718e-02,1.5062542563e+00,0.0702,4.8186e-02
1819.590,1.2495176995e-03,7.360091e-02,1.5062542563e+00,0.0702,4.6642e-02
1820.168,1.2472024400e-03,7.382186e-02,1.5062542563e+00,0.0702,5.2327e-02
1820.746,1.2455612083e-03,7.405939e-02,1.5062542563e+00,0.0702,5.7322e-02
1821.324,1.2445476790e-03,7.431226e-02,1.5062542563e+00,0.0702,6.1382e-02
1821.902,1.2440830158e-03,7.457853e-02,1.5062542563e+00,0.0702,6.4839e-02
1822.480,1.2440729619e-03,7.485559e-02,1.5062542563e+00,0.0702,6.7956e-02
1823.058,1.2444471247e-03,7.514020e-02,1.5062542563e+00,0.0702,7.0427e-02
1823.636,1.2451720063e-03,7.542857e-02,1.5062542563e+00,0.0702,7.2121e-02
1824.214,1.2462279729e-03,7.571628e-02,1.5062542563e+00,0.0702,7.2058e-02
1824.792,1.2475836967e-03,7.599842e-02,1.5062542563e+00,0.0702,6.8176e-02
1825.370,1.2491860843e-03,7.627044e-02,1.5062542563e+00,0.0702,6.1025e-02
1825.948,1.2509703580e-03,7.652783e-02,1.5062542563e+00,0.0702,5.8469e-02
1826.526,1.2528790074e-03,7.676629e-02,1.5062542563e+00,0.0702,6.3284e-02
1827.104,1.2548724575e-03,7.698200e-02,1.5062542563e+00,0.0702,6.8120e-02
1827.682,1.2569256205e-03,7.717161e-02,1.5062542563e+00,0.0702,7.5926e-02
1828.261,1.2590179230e-03,7.733237e-02,1.5062542563e+00,0.0702,8.3038e-02
1828.839,1.2611270769e-03,7.746214e-02,1.5062542563e+00,0.0702,8.8855e-02
1829.417,1.2632298532e-03,7.755938e-02,1.5062542563e+00,0.0702,9.3425e-02
1829.995,1.2653059217e-03,7.762301e-02,1.5062542563e+00,0.0702,9.7045e-02
1830.573,1.2673399323e-03,7.765228e-02,1.5062542563e+00,0.0702,9.9942e-02
1831.151,1.2693208920e-03,7.764666e-02,1.5062546693e+00,0.1053,1.0225e-01
1831.729,1.2712410223e-03,7.760593e-02,1.5062546693e+00,0.1053,1.0377e-01
1832.307,1.2730957777e-03,7.753027e-02,1.5062546693e+00,0.1053,1.0496e-01
1832.885,1.2748844682e-03,7.742034e-02,1.5062546693e+00,0.1053,1.0624e-01
1833.463,1.2766101815e-03,7.727734e-02,1.5062546693e+00,0.1053,1.0737e-01
1834.041,1.2782790326e-03,7.710301e-02,1.5062546693e+00,0.1053,1.0821e-01
1834.619,1.2798999034e-03,7.689988e-02,1.5062546693e+00,0.1053,1.0875e-01
1835.197,1.2814850532e-03,7.667114e-02,1.5062546693e+00,0.1053,1.0901e-01
1835.775,1.2830506584e-03,7.642054e-02,1.5062546693e+00,0.1053,1.0939e-01
1836.353,1.2846152999e-03,7.615234e-02,1.5062546693e+00,0.1053,1.1476e-01
1836.931,1.2861937944e-03,7.587132e-02,1.5062546693e+00,0.1053,1.2024e-01
1837.509,1.2877958963e-03,7.558255e-02,1.5062546693e+00,0.1053,1.2584e-01
1838.087,1.2894250099e-03,7.528933e-02,1.5062546693e+00,0.0702,1.3156e-01
1838.665,1.2910705539e-03,7.500067e-02,1.5062546693e+00,0.0702,1.3503e-01
1839.243,1.2926993067e-03,7.472032e-02,1.5062546693e+00,0.0702,1.4041e-01
1839.821,1.2942541744e-03,7.445340e-02,1.5062546693e+00,0.0702,9.7863e-02
1840.399,1.2956617529e-03,7.420488e-02,1.5062546693e+00,0.0702,9.8352e-02
1840.977,1.2968422835e-03,7.397963e-02,1.5062546693e+00,0.0702,9.9299e-02
1841.555,1.2977158420e-03,7.378244e-02,1.5062546693e+00,0.0702,1.0118e-01
1842.133,1.2982057367e-03,7.361727e-02,1.5062546693e+00,0.0351,1.0160e-01
1842.711,1.2982450285e-03,7.348932e-02,1.5062546693e+00,0.0351,1.0118e-01
1843.289,1.2977887660e-03,7.340152e-02,1.5062546693e+00,0.0351,9.9996e-02
1843.867,1.2968267721e-03,7.335630e-02,1.5062546693e+00,0.0351,9.8109e-02
1844.445,1.2953885428e-03,7.335484e-02,1.5062546693e+00,0.0351,9.5488e-02
1845.023,1.2935369200e-03,7.339718e-02,1.5062546693e+00,0.0351,9.2005e-02
1845.601,1.2913552411e-03,7.348234e-02,1.5062546693e+00,0.0351,8.7362e-02
1846.179,1.2889360532e-03,7.360858e-02,1.5062546693e+00,0.0351,8.0924e-02
1846.757,1.2863758144e-03,7.377363e-02,1.5062546693e+00,0.0351,7.1216e-02
1847.335,1.2837726716e-03,7.397495e-02,1.5062546693e+00,0.0351,6.3785e-02
1847.913,1.2812219073e-03,7.420989e-02,1.5062546693e+00,0.0351,5.9285e-02
1848.491,1.2788078247e-03,7.447574e-02,1.5062546693e+00,0.0351,5.4771e-02
1849.069,1.2765960582e-03,7.476953e-02,1.5062546693e+00,0.0351,5.0237e-02
1849.647,1.2746309212e-03,7.508775e-02,1.5062546693e+00,0.0351,4.6954e-02
1850.225,1.2729383617e-03,7.542623e-02,1.5062546693e+00,0.0351,5.1426e-02
1850.803,1.2715310076e-03,7.577973e-02,1.5062548919e+00,0.0702,4.7912e-02
1851.381,1.2704115613e-03,7.614308e-02,1.5062548919e+00,0.0702,4.7808e-02
1851.959,1.2695738761e-03,7.651014e-02,1.5062548919e+00,0.0702,4.7722e-02
1852.537,1.2690037680e-03,7.687448e-02,1.5062548919e+00,0.0702,4.7458e-02
1853.115,1.2686814004e-03,7.722956e-02,1.5062548919e+00,0.0702,4.6979e-02
1853.693,1.2685847892e-03,7.756852e-02,1.5062548919e+00,0.0351,4.6337e-02
1854.271,1.2686924139e-03,7.788605e-02,1.5062548919e+00,0.0351,4.5542e-02
1854.849,1.2689836577e-03,7.817598e-02,1.5062548919e+00,0.0351,4.8222e-02
1855.427,1.2694377827e-03,7.843301e-02,1.5062548919e+00,0.0351,5.3350e-02
1856.005,1.2700331986e-03,7.865234e-02,1.5062548919e+00,0.0351,5.8251e-02
1856.583,1.2707479952e-03,7.882971e-02,1.5062548919e+00,0.0351,6.2915e-02
1857.161,1.2715611563e-03,7.896145e-02,1.5062548919e+00,0.0351,6.7335e-02
1857.739,1.2724532425e-03,7.904449e-02,1.5062548919e+00,0.0351,7.1507e-02
1858.317,1.2734060954e-03,7.907645e-02,1.5062548919e+00,0.0351,7.5427e-02
1858.895,1.2744022508e-03,7.905573e-02,1.5062548919e+00,0.0351,7.9093e-02
1859.473,1.2754249917e-03,7.898166e-02,1.5062548919e+00,0.0351,8.2509e-02
1860.051,1.2764591132e-03,7.885464e-02,1.5062548919e+00,0.0351,8.6356e-02
1860.629,1.2774920849e-03,7.867620e-02,1.5062548919e+00,0.0351,9.2780e-02
1861.207,1.2785132575e-03,7.844914e-02,1.5062548919e+00,0.0351,9.8925e-02
1861.785,1.2795120927e-03,7.817750e-02,1.5062548919e+00,0.0351,1.0476e-01
1862.363,1.2804793454e-03,7.786654e-02,1.5062548919e+00,0.0351,1.1014e-01
1862.941,1.2814061876e-03,7.752262e-02,1.5062548919e+00,0.0351,1.1462e-01
1863.519,1.2822801090e-03,7.715297e-02,1.5062548919e+00,0.0351,1.1784e-01
1864.097,1.2830818895e-03,7.676548e-02,1.5062548919e+00,0.0351,1.2059e-01
1864.675,1.2837868686e-03,7.636837e-02,1.5062548919e+00,0.0351,1.2374e-01
1865.253,1.2843690168e-03,7.596990e-02,1.5062548919e+00,0.0351,1.2676e-01
1865.831,1.2848038060e-03,7.557810e-02,1.5062548919e+00,0.0351,1.2554e-01
1866.409,1.2850680472e-03,7.520041e-02,1.5062548919e+00,0.0351,1.1554e-01
1866.987,1.2851388024e-03,7.484353e-02,1.5062548919e+00,0.0351,1.1364e-01
1867.566,1.2849946397e-03,7.451316e-02,1.5062548919e+00,0.0351,1.1546e-01
1868.144,1.2846199696e-03,7.421389e-02,1.5062548919e+00,0.0351,1.1731e-01
1868.722,1.2840100293e-03,7.394916e-02,1.5062548919e+00,0.0351,1.1597e-01
1869.300,1.2831733774e-03,7.372126e-02,1.5062548919e+00,0.0351,1.1704e-01
1869.878,1.2821308967e-03,7.353141e-02,1.5062548919e+00,0.0351,1.2076e-01
1870.456,1.2809130671e-03,7.337984e-02,1.5062548919e+00,0.0351,1.2430e-01
1871.034,1.2795578876e-03,7.326595e-02,1.5062548919e+00,0.0351,1.3443e-01
1871.612,1.2781099543e-03,7.318837e-02,1.5062548919e+00,0.0351,1.5266e-01
1872.190,1.2766193419e-03,7.314514e-02,1.5062548919e+00,0.0351,1.6607e-01
1872.768,1.2751385633e-03,7.313381e-02,1.5062548919e+00,0.0351,1.5789e-01
1873.346,1.2737177492e-03,7.315154e-02,1.5062548919e+00,0.0351,1.4028e-01
1873.924,1.2724003541e-03,7.319520e-02,1.5062548919e+00,0.0351,1.4295e-01
1874.502,1.2712215383e-03,7.326151e-02,1.5062548919e+00,0.0351,1.4537e-01
1875.080,1.2702090264e-03,7.334721e-02,1.5062548919e+00,0.0351,1.4163e-01
1875.658,1.2693842532e-03,7.344912e-02,1.5062548919e+00,0.0351,9.8668e-02
1876.236,1.2687619724e-03,7.356433e-02,1.5062548919e+00,0.0351,8.3459e-02
1876.814,1.2683486507e-03,7.369044e-02,1.5062548919e+00,0.0351,8.8374e-02
1877.392,1.2681415314e-03,7.382607e-02,1.5062548919e+00,0.0351,9.3175e-02
1877.970,1.2681296684e-03,7.397058e-02,1.5062548919e+00,0.0351,9.7857e-02
1878.548,1.2682965339e-03,7.411744e-02,1.5062585533e+00,0.0702,1.0241e-01
1879.126,1.2686226881e-03,7.427337e-02,1.5062585533e+00,0.0702,1.0683e-01
1879.704,1.2690867436e-03,7.443800e-02,1.5062585533e+00,0.0702,1.1109e-01
1880.282,1.2696653328e-03,7.461207e-02,1.5062585533e+00,0.0702,1.1517e-01
1880.860,1.2703343647e-03,7.479618e-02,1.5062585533e+00,0.0702,1.1907e-01
1881.438,1.2710710879e-03,7.499043e-02,1.5062591124e+00,0.0702,1.2275e-01
1882.016,1.2718547283e-03,7.519472e-02,1.5062591124e+00,0.0702,1.2619e-01
1882.594,1.2726677672e-03,7.540849e-02,1.5062591124e+00,0.0702,1.2937e-01
1883.172,1.2734961853e-03,7.563025e-02,1.5062592996e+00,0.1053,1.3224e-01
1883.750,1.2743282275e-03,7.586012e-02,1.5062592996e+00,0.1053,1.3478e-01
1884.328,1.2751537513e-03,7.609845e-02,1.5062592996e+00,0.1053,1.3696e-01
1884.906,1.2759652702e-03,7.634337e-02,1.5062592996e+00,0.1053,1.3886e-01
1885.484,1.2767593630e-03,7.658260e-02,1.5062603362e+00,0.1404,1.4047e-01
1886.062,1.2775363541e-03,7.682784e-02,1.5062603362e+00,0.1404,1.4175e-01
1886.640,1.2782978738e-03,7.706534e-02,1.5062603362e+00,0.1404,1.4265e-01
1887.218,1.2790440802e-03,7.729119e-02,1.5062603362e+00,0.1404,1.4316e-01
1887.796,1.2797725827e-03,7.750287e-02,1.5062603362e+00,0.1404,1.4328e-01
1888.374,1.2804792715e-03,7.769667e-02,1.5062603362e+00,0.1404,1.4302e-01
1888.952,1.2811593575e-03,7.786963e-02,1.5062603362e+00,0.1404,1.4243e-01
1889.530,1.2818069397e-03,7.801937e-02,1.5062603362e+00,0.1404,1.4157e-01
1890.108,1.2824131785e-03,7.811982e-02,1.5062603362e+00,0.1053,1.4049e-01
1890.686,1.2829646645e-03,7.820658e-02,1.5062603362e+00,0.1053,1.3927e-01
1891.264,1.2834433148e-03,7.825893e-02,1.5062603362e+00,0.1053,1.3807e-01
1891.842,1.2838276368e-03,7.827232e-02,1.5062603362e+00,0.1053,1.4244e-01
1892.420,1.2840942249e-03,7.824209e-02,1.5062603362e+00,0.1053,1.4780e-01
1892.998,1.2842188244e-03,7.816371e-02,1.5062603362e+00,0.1053,1.5316e-01
1893.576,1.2841774379e-03,7.802744e-02,1.5062603362e+00,0.0702,1.5850e-01
1894.154,1.2839483266e-03,7.783834e-02,1.5062603362e+00,0.0702,1.6394e-01
1894.732,1.2835149670e-03,7.759116e-02,1.5062603362e+00,0.0702,1.6957e-01
1895.310,1.2828689670e-03,7.728596e-02,1.5062603362e+00,0.0702,1.7546e-01
1895.888,1.2820117789e-03,7.692513e-02,1.5062603362e+00,0.0702,1.8208e-01
1896.466,1.2809549023e-03,7.651368e-02,1.5062603362e+00,0.0702,1.9089e-01
1897.044,1.2797191618e-03,7.605944e-02,1.5062603362e+00,0.0702,1.9702e-01
1897.622,1.2783337038e-03,7.557295e-02,1.5062603362e+00,0.0702,1.7072e-01
1898.200,1.2768351197e-03,7.506716e-02,1.5062603362e+00,0.0702,1.5506e-01
1898.778,1.2752662131e-03,7.455681e-02,1.5062603362e+00,0.0702,1.0000e-01
1899.356,1.2736737245e-03,7.405758e-02,1.5062603362e+00,0.0702,9.9777e-02
1899.934,1.2721050936e-03,7.358515e-02,1.5062603362e+00,0.0702,9.9734e-02
1900.512,1.2706055103e-03,7.315429e-02,1.5062603362e+00,0.0702,9.8501e-02
1901.090,1.2692161410e-03,7.277801e-02,1.5062603362e+00,0.0702,9.6738e-02
1901.668,1.2679725479e-03,7.246738e-02,1.5062603362e+00,0.0351,9.4530e-02
1902.246,1.2669034490e-03,7.222825e-02,1.5062603362e+00,0.0351,9.1902e-02
1902.824,1.2660305531e-03,7.206433e-02,1.5062603362e+00,0.0351,8.8808e-02
1903.402,1.2653685518e-03,7.194531e-02,1.5062636606e+00,0.0702,8.5105e-02
1903.980,1.2649245835e-03,7.190815e-02,1.5062636606e+00,0.0702,8.0492e-02
1904.558,1.2646941030e-03,7.193969e-02,1.5062636606e+00,0.0702,8.3450e-02
1905.136,1.2646632193e-03,7.203854e-02,1.5062636606e+00,0.0702,8.3865e-02
1905.714,1.2648164632e-03,7.220149e-02,1.5062636606e+00,0.0702,8.0242e-02
1906.292,1.2651309988e-03,7.243999e-02,1.5062636606e+00,0.0351,7.7675e-02
1906.871,1.2655770333e-03,7.274246e-02,1.5062636606e+00,0.0351,7.6095e-02
1907.449,1.2661242895e-03,7.307080e-02,1.5062645499e+00,0.0702,7.5358e-02
1908.027,1.2667482924e-03,7.347481e-02,1.5062662090e+00,0.0702,7.5365e-02
1908.605,1.2674289182e-03,7.389432e-02,1.5062662090e+00,0.1053,7.6060e-02
1909.183,1.2681450471e-03,7.437555e-02,1.5062664876e+00,0.0702,7.7427e-02
1909.761,1.2688730013e-03,7.486589e-02,1.5062664876e+00,0.1053,7.9429e-02
1910.339,1.2695904520e-03,7.539110e-02,1.5062664876e+00,0.1053,8.1743e-02
1910.917,1.2702816312e-03,7.593059e-02,1.5062664876e+00,0.1053,8.4474e-02
1911.495,1.2709411251e-03,7.647462e-02,1.5062664876e+00,0.1053,8.7671e-02
1912.073,1.2715710245e-03,7.701264e-02,1.5062664876e+00,0.1053,9.1348e-02
1912.651,1.2721735958e-03,7.753432e-02,1.5062664876e+00,0.1053,9.5511e-02
1913.229,1.2727470326e-03,7.802957e-02,1.5062664876e+00,0.1053,1.0017e-01
1913.807,1.2732878437e-03,7.848832e-02,1.5062664876e+00,0.0702,1.0502e-01
1914.385,1.2737960398e-03,7.890154e-02,1.5062664876e+00,0.0702,1.0987e-01
1914.963,1.2742768436e-03,7.926054e-02,1.5062664876e+00,0.0702,1.1471e-01
1915.541,1.2747370296e-03,7.955763e-02,1.5062664876e+00,0.0702,5.8516e-02
1916.119,1.2751798030e-03,7.978602e-02,1.5062664876e+00,0.0702,6.3903e-02
1916.697,1.2756032038e-03,7.994043e-02,1.5062664876e+00,0.0702,6.9131e-02
1917.275,1.2760029269e-03,8.001720e-02,1.5062664876e+00,0.0702,7.4190e-02
1917.853,1.2763760548e-03,8.001478e-02,1.5062664876e+00,0.0702,7.9071e-02
1918.431,1.2767219668e-03,7.993372e-02,1.5062664876e+00,0.0702,8.3769e-02
1919.009,1.2770401814e-03,7.977684e-02,1.5062664876e+00,0.0702,8.8278e-02
1919.587,1.2773280076e-03,7.954941e-02,1.5062664876e+00,0.0702,9.2590e-02
1920.165,1.2775805558e-03,7.925898e-02,1.5062664876e+00,0.0702,9.8867e-02
1920.743,1.2777927966e-03,7.891547e-02,1.5062664876e+00,0.0702,1.0490e-01
1921.321,1.2779612600e-03,7.853085e-02,1.5062664876e+00,0.0702,1.1054e-01
1921.899,1.2780836764e-03,7.811852e-02,1.5062664876e+00,0.0702,1.1575e-01
1922.477,1.2781572174e-03,7.769252e-02,1.5062664876e+00,0.0702,1.2055e-01
1923.055,1.2781773756e-03,7.726676e-02,1.5062664876e+00,0.0702,1.2513e-01
1923.633,1.2781386449e-03,7.685437e-02,1.5062664876e+00,0.0702,1.2951e-01
1924.211,1.2780362720e-03,7.646760e-02,1.5062664876e+00,0.0702,1.3352e-01
1924.789,1.2778674930e-03,7.611607e-02,1.5062664876e+00,0.0702,1.3899e-01
1925.367,1.2776315331e-03,7.580763e-02,1.5062664876e+00,0.0702,1.5075e-01
1925.945,1.2773290921e-03,7.554775e-02,1.5062664876e+00,0.0702,1.6438e-01
1926.523,1.2769625218e-03,7.533966e-02,1.5062664876e+00,0.0702,1.8232e-01
1927.101,1.2765370822e-03,7.518339e-02,1.5062664876e+00,0.0702,2.1072e-01
1927.679,1.2760625134e-03,7.507776e-02,1.5062666409e+00,0.1404,2.7009e-01
1928.257,1.2755538814e-03,7.502096e-02,1.5062668298e+00,0.1404,1.7111e-01
1928.835,1.2750313833e-03,7.501224e-02,1.5062668298e+00,0.1404,1.7706e-01
1929.413,1.2745197433e-03,7.504701e-02,1.5062668298e+00,0.1404,1.8249e-01
1929.991,1.2740483799e-03,7.512116e-02,1.5062668298e+00,0.1404,1.8798e-01
1930.569,1.2736520289e-03,7.523061e-02,1.5062668511e+00,0.1754,1.9413e-01
1931.147,1.2733713969e-03,7.536967e-02,1.5062668511e+00,0.1404,2.0024e-01
1931.725,1.2732545687e-03,7.553455e-02,1.5062668511e+00,0.1404,2.0630e-01
1932.303,1.2733592672e-03,7.572493e-02,1.5062668517e+00,0.1754,2.1227e-01
1932.881,1.2737550626e-03,7.594049e-02,1.5062668517e+00,0.1754,2.1818e-01
1933.459,1.2745250645e-03,7.617881e-02,1.5062668517e+00,0.1754,2.2350e-01
1934.037,1.2757674275e-03,7.643610e-02,1.5062668517e+00,0.1754,2.1698e-01
1934.615,1.2775958001e-03,7.670838e-02,1.5062668517e+00,0.1754,1.8236e-01
1935.193,1.2801347467e-03,7.699138e-02,1.5062668517e+00,0.1754,1.7947e-01
1935.771,1.2835047381e-03,7.728040e-02,1.5062668517e+00,0.1754,1.7657e-01
1936.349,1.2877929636e-03,7.757099e-02,1.5062668517e+00,0.1754,1.6256e-01
1936.927,1.2930096323e-03,7.785913e-02,1.5062668517e+00,0.1404,1.5105e-01
1937.505,1.2990344370e-03,7.814089e-02,1.5062668517e+00,0.1404,1.6961e-01
1938.083,1.3055659252e-03,7.841191e-02,1.5062668517e+00,0.1404,1.3852e-01
1938.661,1.3120968805e-03,7.866817e-02,1.5062668517e+00,0.1404,1.3886e-01
1939.239,1.3179438260e-03,7.890612e-02,1.5062668517e+00,0.1404,1.3908e-01
1939.817,1.3223484423e-03,7.912273e-02,1.5062668517e+00,0.1404,1.3909e-01
1940.395,1.3246377983e-03,7.931562e-02,1.5062668517e+00,0.1404,1.2385e-01
1940.973,1.3243907569e-03,7.948296e-02,1.5062668517e+00,0.1404,1.2680e-01
1941.551,1.3215427647e-03,7.962356e-02,1.5062668517e+00,0.1404,1.2874e-01
1942.129,1.3163876565e-03,7.973675e-02,1.5062668517e+00,0.1404,1.2994e-01
1942.707,1.3094834949e-03,7.982219e-02,1.5062668517e+00,0.1404,1.3063e-01
1943.285,1.3015090259e-03,7.988018e-02,1.5062668517e+00,0.1404,1.3103e-01
1943.863,1.2931286739e-03,7.991140e-02,1.5062668517e+00,0.1404,1.3127e-01
1944.441,1.2849016080e-03,7.991739e-02,1.5062668517e+00,0.1404,1.3146e-01
1945.019,1.2772402289e-03,7.989841e-02,1.5062668517e+00,0.1404,1.3164e-01
1945.597,1.2704064367e-03,7.985514e-02,1.5062668517e+00,0.1404,1.3185e-01
1946.176,1.2645391290e-03,7.978782e-02,1.5062668517e+00,0.1404,1.3209e-01
1946.754,1.2596375382e-03,7.969723e-02,1.5062668517e+00,0.1404,1.3234e-01
1947.332,1.2556735040e-03,7.958492e-02,1.5062668517e+00,0.1404,1.3260e-01
1947.910,1.2526118005e-03,7.945217e-02,1.5062668517e+00,0.1404,1.3285e-01
1948.488,1.2503431566e-03,7.929936e-02,1.5062668517e+00,0.1404,1.3307e-01
1949.066,1.2487068142e-03,7.912667e-02,1.5062668891e+00,0.1754,1.3480e-01
1949.644,1.2475683189e-03,7.893429e-02,1.5062668891e+00,0.1754,1.4041e-01
1950.222,1.2468665577e-03,7.872231e-02,1.5062668891e+00,0.1754,1.4438e-01
1950.800,1.2465889725e-03,7.849084e-02,1.5062668891e+00,0.1754,1.4568e-01
1951.378,1.2467112538e-03,7.824027e-02,1.5062668891e+00,0.1754,1.4515e-01
1951.956,1.2471667899e-03,7.797158e-02,1.5062668891e+00,0.1754,1.4415e-01
1952.534,1.2478685569e-03,7.768671e-02,1.5062668891e+00,0.1754,1.4338e-01
1953.112,1.2487534404e-03,7.738884e-02,1.5062668891e+00,0.1754,1.4300e-01
1953.690,1.2498057094e-03,7.708283e-02,1.5062668891e+00,0.1754,1.4340e-01
1954.268,1.2510386883e-03,7.677432e-02,1.5062668891e+00,0.1754,1.4919e-01
1954.846,1.2524634148e-03,7.647012e-02,1.5062668891e+00,0.1754,1.5378e-01
1955.424,1.2540793037e-03,7.617766e-02,1.5062668891e+00,0.1754,1.5562e-01
1956.002,1.2558916638e-03,7.590442e-02,1.5062668891e+00,0.1754,1.6129e-01
1956.580,1.2579326925e-03,7.565742e-02,1.5062668891e+00,0.1754,1.6599e-01
1957.158,1.2602633946e-03,7.544319e-02,1.5062668891e+00,0.1754,1.6738e-01
1957.736,1.2629571413e-03,7.526620e-02,1.5062668891e+00,0.1754,1.7224e-01
1958.314,1.2660835323e-03,7.512950e-02,1.5062668891e+00,0.1754,1.7778e-01
1958.892,1.2697061616e-03,7.503487e-02,1.5062668891e+00,0.1754,1.8365e-01
1959.470,1.2738875757e-03,7.498297e-02,1.5062668891e+00,0.1754,1.8687e-01
1960.048,1.2786814802e-03,7.497339e-02,1.5062668891e+00,0.1754,1.8508e-01
1960.626,1.2840997332e-03,7.500434e-02,1.5062668891e+00,0.1754,1.8071e-01
1961.204,1.2900626483e-03,7.507335e-02,1.5062668891e+00,0.1754,1.7797e-01
1961.782,1.2963568774e-03,7.517732e-02,1.5062668891e+00,0.1754,1.7676e-01
1962.360,1.3026246398e-03,7.531219e-02,1.5062668891e+00,0.1754,1.7633e-01
1962.938,1.3083862065e-03,7.547422e-02,1.5062668891e+00,0.1754,1.7628e-01
1963.516,1.3131025989e-03,7.565853e-02,1.5062668891e+00,0.1754,1.7633e-01
1964.094,1.3162702728e-03,7.585993e-02,1.5062668891e+00,0.1754,1.7640e-01
1964.672,1.3175182080e-03,7.607279e-02,1.5062668891e+00,0.1754,1.7648e-01
1965.250,1.3166854162e-03,7.629056e-02,1.5062668891e+00,0.1754,1.7658e-01
1965.828,1.3138591049e-03,7.650617e-02,1.5062668891e+00,0.1754,1.7670e-01
1966.406,1.3093567654e-03,7.671229e-02,1.5062668891e+00,0.1754,1.7686e-01
1966.984,1.3036520682e-03,7.690160e-02,1.5062668891e+00,0.1754,1.8021e-01
1967.562,1.2972698872e-03,7.706738e-02,1.5062668891e+00,0.1754,1.8408e-01
1968.140,1.2906925441e-03,7.720396e-02,1.5062668891e+00,0.1754,1.8520e-01
1968.718,1.2843066354e-03,7.730646e-02,1.5062668891e+00,0.1754,1.8519e-01
1969.296,1.2783907864e-03,7.737222e-02,1.5062668891e+00,0.1754,1.8491e-01
1969.874,1.2731255338e-03,7.740103e-02,1.5062668891e+00,0.1754,1.8467e-01
1970.452,1.2686075554e-03,7.739400e-02,1.5062668891e+00,0.1754,1.8454e-01
1971.030,1.2648628961e-03,7.735422e-02,1.5062668891e+00,0.1754,1.8463e-01
1971.608,1.2618625286e-03,7.728650e-02,1.5062668891e+00,0.1754,1.8507e-01
1972.186,1.2595421478e-03,7.719647e-02,1.5062668891e+00,0.1404,1.8584e-01
1972.764,1.2578219921e-03,7.708949e-02,1.5062668891e+00,0.1404,1.8673e-01
1973.342,1.2566203862e-03,7.697047e-02,1.5062668891e+00,0.1404,1.8731e-01
1973.920,1.2558590175e-03,7.684402e-02,1.5062668891e+00,0.1053,1.8733e-01
1974.498,1.2554636943e-03,7.671458e-02,1.5062668891e+00,0.1053,1.8854e-01
1975.076,1.2553656045e-03,7.658695e-02,1.5062668891e+00,0.0702,1.9472e-01
1975.654,1.2555044991e-03,7.646566e-02,1.5062668891e+00,0.0702,1.6169e-01
1976.232,1.2558313184e-03,7.635505e-02,1.5062668891e+00,0.0702,1.4223e-01
1976.810,1.2563075961e-03,7.625959e-02,1.5062668891e+00,0.0702,1.2567e-01
1977.388,1.2569019507e-03,7.618383e-02,1.5062668891e+00,0.0702,1.1177e-01
1977.966,1.2575866021e-03,7.613190e-02,1.5062668891e+00,0.0702,1.0019e-01
1978.544,1.2583362578e-03,7.610714e-02,1.5062668891e+00,0.0702,9.0626e-02
1979.122,1.2591286886e-03,7.611194e-02,1.5062668891e+00,0.0702,8.2874e-02
1979.700,1.2599453894e-03,7.614782e-02,1.5062668891e+00,0.0702,7.6707e-02
1980.278,1.2607714308e-03,7.621561e-02,1.5062668891e+00,0.0702,7.1910e-02
1980.856,1.2615946774e-03,7.631567e-02,1.5062668891e+00,0.0702,6.8306e-02
1981.434,1.2624054370e-03,7.644808e-02,1.5062668891e+00,0.0702,6.5752e-02
1982.012,1.2631973507e-03,7.661271e-02,1.5062668891e+00,0.0702,6.4141e-02
1982.590,1.2639689145e-03,7.680916e-02,1.5062668891e+00,0.0702,6.3387e-02
1983.168,1.2647238759e-03,7.703637e-02,1.5062668891e+00,0.0702,6.3329e-02
1983.746,1.2654694935e-03,7.729228e-02,1.5062668891e+00,0.0702,6.3781e-02
1984.324,1.2662140731e-03,7.757329e-02,1.5062668891e+00,0.0702,6.4700e-02
1984.902,1.2669666960e-03,7.787480e-02,1.5062668891e+00,0.0351,1.4854e-02
1985.481,1.2677403286e-03,7.819032e-02,1.5062668891e+00,0.0351,1.4160e-02
1986.059,1.2685557815e-03,7.851135e-02,1.5062668891e+00,0.0351,1.3336e-02
1986.637,1.2694422917e-03,7.882771e-02,1.5062668891e+00,0.0351,1.2393e-02
1987.215,1.2704330795e-03,7.912884e-02,1.5062668891e+00,0.0351,1.1622e-02
1987.793,1.2715587255e-03,7.940483e-02,1.5062668891e+00,0.0351,1.1174e-02
1988.371,1.2728431528e-03,7.964632e-02,1.5062668891e+00,0.0351,1.0533e-02
1988.949,1.2743045534e-03,7.984538e-02,1.5062668891e+00,0.0351,9.6901e-03
1989.527,1.2759592425e-03,7.999485e-02,1.5062668891e+00,0.0351,8.6456e-03
1990.105,1.2778243528e-03,8.008929e-02,1.5062668891e+00,0.0351,7.5006e-03
1990.683,1.2799122089e-03,8.012534e-02,1.5062668891e+00,0.0351,7.6626e-03
1991.261,1.2822232577e-03,8.010185e-02,1.5062668891e+00,0.0351,7.7321e-03
1991.839,1.2847382344e-03,8.002008e-02,1.5062668891e+00,0.0351,7.7272e-03
1992.417,1.2874057633e-03,7.988380e-02,1.5062668891e+00,0.0351,8.3351e-03
1992.995,1.2901319949e-03,7.969925e-02,1.5062668891e+00,0.0351,8.8754e-03
1993.573,1.2927819882e-03,7.947502e-02,1.5062668891e+00,0.0351,9.2847e-03
1994.151,1.2951952397e-03,7.922164e-02,1.5062668891e+00,0.0351,1.0563e-02
1994.729,1.2972084693e-03,7.895101e-02,1.5062668891e+00,0.0351,1.1899e-02
1995.307,1.2986761210e-03,7.867613e-02,1.5062668891e+00,0.0351,1.3114e-02
1995.885,1.2994841748e-03,7.840879e-02,1.5062668891e+00,0.0351,1.4282e-02
1996.463,1.2995593633e-03,7.815932e-02,1.5062668891e+00,0.0351,1.5690e-02
1997.041,1.2988770983e-03,7.793714e-02,1.5062668891e+00,0.0351,1.6962e-02
1997.619,1.2974673220e-03,7.774949e-02,1.5062668891e+00,0.0351,1.8072e-02
1998.197,1.2954138001e-03,7.760120e-02,1.5062668891e+00,0.0351,1.8994e-02
1998.775,1.2928436675e-03,7.749492e-02,1.5062668891e+00,0.0351,1.9705e-02
1999.353,1.2899090195e-03,7.743142e-02,1.5062668891e+00,0.0351,2.0184e-02
1999.931,1.2867674901e-03,7.741000e-02,1.5062668891e+00,0.0351,2.0413e-02
2000.509,1.2835676860e-03,7.742889e-02,1.5062668891e+00,0.0351,2.0380e-02
2001.087,1.2804402048e-03,7.748541e-02,1.5062668891e+00,0.0351,2.0076e-02
2001.665,1.2774920956e-03,7.757619e-02,1.5062668891e+00,0.0351,2.0927e-02
2002.243,1.2748034033e-03,7.769743e-02,1.5062668891e+00,0.0351,2.2312e-02
2002.821,1.2724263673e-03,7.784511e-02,1.5062668891e+00,0.0351,2.4347e-02
2003.399,1.2703881346e-03,7.801509e-02,1.5062668891e+00,0.0351,2.7671e-02
2003.977,1.2686962855e-03,7.820329e-02,1.5062668891e+00,0.0351,3.1387e-02
2004.555,1.2673450088e-03,7.840512e-02,1.5062668891e+00,0.0351,3.5475e-02
2005.133,1.2663200461e-03,7.861578e-02,1.5062668891e+00,0.0351,3.9938e-02
2005.711,1.2656021125e-03,7.883187e-02,1.5062668891e+00,0.0351,4.4803e-02
2006.289,1.2651696895e-03,7.905099e-02,1.5062668891e+00,0.0351,5.0194e-02
2006.867,1.2650018688e-03,7.927018e-02,1.5062668891e+00,0.0351,5.6011e-02
2007.445,1.2650807591e-03,7.948626e-02,1.5062668891e+00,0.0351,6.2131e-02
2008.023,1.2653926509e-03,7.969606e-02,1.5062668891e+00,0.0351,6.8453e-02
2008.601,1.2659279629e-03,7.989589e-02,1.5062668891e+00,0.0351,7.4900e-02
2009.179,1.2666795830e-03,8.008174e-02,1.5062668891e+00,0.0351,8.1420e-02
2009.757,1.2676413589e-03,8.024943e-02,1.5062668891e+00,0.0351,8.7977e-02
2010.335,1.2688089437e-03,8.039492e-02,1.5062668891e+00,0.0351,9.4551e-02
2010.913,1.2701814428e-03,8.051441e-02,1.5062668891e+00,0.0351,1.0113e-01
2011.491,1.2717605517e-03,8.060458e-02,1.5062668891e+00,0.0351,1.0770e-01
2012.069,1.2735467772e-03,8.066297e-02,1.5062668891e+00,0.0351,1.1426e-01
2012.647,1.2755359675e-03,8.068781e-02,1.5062668891e+00,0.0351,1.2081e-01
2013.225,1.2777189630e-03,8.067864e-02,1.5062668891e+00,0.0351,1.2741e-01
2013.803,1.2800836554e-03,8.063677e-02,1.5062668891e+00,0.0351,1.3406e-01
2014.381,1.2826112520e-03,8.056552e-02,1.5062668891e+00,0.0351,1.4070e-01
2014.959,1.2852717341e-03,8.044246e-02,1.5062668891e+00,0.0351,1.3020e-01
2015.537,1.2880199004e-03,8.029012e-02,1.5062668891e+00,0.0351,1.1451e-01
2016.115,1.2907878298e-03,8.011364e-02,1.5062668891e+00,0.0351,9.9381e-02
2016.693,1.2934791884e-03,7.991549e-02,1.5062668891e+00,0.0351,6.3035e-02
2017.271,1.2959727133e-03,7.969838e-02,1.5062668891e+00,0.0351,7.1200e-02
2017.849,1.2981347905e-03,7.946812e-02,1.5062668891e+00,0.0351,8.0136e-02
2018.427,1.2998343130e-03,7.923550e-02,1.5062668891e+00,0.0351,9.0801e-02
2019.005,1.3009539633e-03,7.900334e-02,1.5062668891e+00,0.0351,1.0375e-01
2019.583,1.3013982966e-03,7.876960e-02,1.5062668891e+00,0.0351,1.1824e-01
2020.161,1.3011026173e-03,7.853358e-02,1.5062668891e+00,0.0702,1.2990e-01
2020.739,1.3000436567e-03,7.828968e-02,1.5062668891e+00,0.0702,1.3797e-01
2021.317,1.2982475191e-03,7.803241e-02,1.5062668891e+00,0.0702,1.4233e-01
2021.895,1.2957890272e-03,7.777746e-02,1.5062668891e+00,0.0702,1.4252e-01
2022.473,1.2927807172e-03,7.723140e-02,1.5062668891e+00,0.0351,1.3814e-01
2023.051,1.2893565614e-03,7.697346e-02,1.5062668891e+00,0.0351,1.2987e-01
2023.629,1.2856574503e-03,7.673327e-02,1.5062668891e+00,0.0351,1.1926e-01
2024.207,1.2818209443e-03,7.651544e-02,1.5062668891e+00,0.0351,1.0736e-01
2024.786,1.2779738697e-03,7.632300e-02,1.5062668891e+00,0.0351,9.5779e-02
2025.364,1.2742262580e-03,7.615761e-02,1.5062668891e+00,0.0351,8.6108e-02
2025.942,1.2706671301e-03,7.601973e-02,1.5062668891e+00,0.0351,7.9462e-02
2026.520,1.2673635683e-03,7.590894e-02,1.5062668891e+00,0.0351,7.6148e-02
2027.098,1.2643633548e-03,7.582396e-02,1.5062668891e+00,0.0351,7.5729e-02
2027.676,1.2617027338e-03,7.576284e-02,1.5062668891e+00,0.0351,7.7401e-02
2028.254,1.2593989635e-03,7.572309e-02,1.5062668891e+00,0.0351,8.0410e-02
2028.832,1.2574608494e-03,7.570197e-02,1.5062668891e+00,0.0351,8.4121e-02
2029.410,1.2559178491e-03,7.569676e-02,1.5062668891e+00,0.0351,8.8085e-02
2029.988,1.2547766515e-03,7.570499e-02,1.5062668891e+00,0.0351,9.1879e-02
2030.566,1.2540082054e-03,7.572465e-02,1.5062668891e+00,0.0702,9.5324e-02
2031.144,1.2535768829e-03,7.575436e-02,1.5062668891e+00,0.0702,9.8469e-02
2031.722,1.2534729062e-03,7.579331e-02,1.5062668891e+00,0.0702,1.0136e-01
2032.300,1.2537134437e-03,7.584139e-02,1.5062668891e+00,0.0702,1.0407e-01
2032.878,1.2543122993e-03,7.589914e-02,1.5062668891e+00,0.0702,1.0664e-01
2033.456,1.2552491791e-03,7.596740e-02,1.5062668891e+00,0.0702,1.0905e-01
2034.034,1.2564745214e-03,7.604737e-02,1.5062668891e+00,0.0702,1.0963e-01
2034.612,1.2579379099e-03,7.614017e-02,1.5062668891e+00,0.0702,1.0794e-01
2035.190,1.2596089842e-03,7.624589e-02,1.5062668891e+00,0.0702,1.0427e-01
2035.768,1.2614742161e-03,7.636431e-02,1.5062668891e+00,0.0702,9.9124e-02
2036.346,1.2635178225e-03,7.649450e-02,1.5062668891e+00,0.0702,9.2939e-02
2036.924,1.2657090521e-03,7.663224e-02,1.5062679519e+00,0.1053,8.5931e-02
2037.502,1.2680083631e-03,7.677937e-02,1.5062679519e+00,0.1053,7.8311e-02
2038.080,1.2703842097e-03,7.693130e-02,1.5062679519e+00,0.1053,7.0363e-02
2038.658,1.2728225268e-03,7.708457e-02,1.5062679519e+00,0.1053,6.2366e-02
2039.236,1.2753205239e-03,7.723658e-02,1.5062679519e+00,0.1053,5.4591e-02
2039.814,1.2778725967e-03,7.738472e-02,1.5062679981e+00,0.1404,4.9495e-02
2040.392,1.2804629673e-03,7.752554e-02,1.5062679981e+00,0.1404,5.3635e-02
2040.970,1.2830664138e-03,7.765521e-02,1.5062679981e+00,0.1404,5.7742e-02
2041.548,1.2856521141e-03,7.777001e-02,1.5062679981e+00,0.1404,6.1751e-02
2042.126,1.2881871172e-03,7.786641e-02,1.5062679981e+00,0.1404,6.5698e-02
2042.704,1.2906268487e-03,7.794115e-02,1.5062679981e+00,0.1404,6.9727e-02
2043.282,1.2928992497e-03,7.799180e-02,1.5062679981e+00,0.1404,7.0249e-02
2043.860,1.2949010415e-03,7.801706e-02,1.5062679981e+00,0.1404,7.5220e-02
2044.438,1.2965135579e-03,7.799959e-02,1.5062679981e+00,0.1053,8.0475e-02
2045.016,1.2976274790e-03,7.797272e-02,1.5062679981e+00,0.1053,8.6104e-02
2045.594,1.2981601400e-03,7.792334e-02,1.5062679981e+00,0.1053,9.1688e-02
2046.172,1.2980594912e-03,7.785395e-02,1.5062679981e+00,0.1053,9.7325e-02
2046.750,1.2973022098e-03,7.776762e-02,1.5062679981e+00,0.1053,1.0307e-01
2047.328,1.2958959005e-03,7.766791e-02,1.5062679981e+00,0.1053,1.0842e-01
2047.906,1.2938862684e-03,7.755880e-02,1.5062679981e+00,0.1053,1.0914e-01
2048.484,1.2913609382e-03,7.744441e-02,1.5062679981e+00,0.1053,9.8559e-02
2049.062,1.2884419112e-03,7.732868e-02,1.5062679981e+00,0.1053,1.0077e-01
2049.640,1.2852686077e-03,7.721560e-02,1.5062679981e+00,0.1053,1.0066e-01
2050.218,1.2819803974e-03,7.710702e-02,1.5062679981e+00,0.0702,1.0253e-01
2050.796,1.2787055361e-03,7.700918e-02,1.5062679981e+00,0.0702,1.0356e-01
2051.374,1.2755569484e-03,7.692435e-02,1.5062679981e+00,0.0702,1.0390e-01
2051.952,1.2726308603e-03,7.685507e-02,1.5062679981e+00,0.0702,1.0361e-01
2052.530,1.2700050478e-03,7.680313e-02,1.5062679981e+00,0.0702,1.0232e-01
2053.108,1.2677370349e-03,7.676958e-02,1.5062679981e+00,0.0702,1.0001e-01
2053.686,1.2658644796e-03,7.675462e-02,1.5062679981e+00,0.0702,9.6824e-02
2054.264,1.2644085059e-03,7.675758e-02,1.5062679981e+00,0.0702,9.2935e-02
2054.842,1.2633780827e-03,7.677688e-02,1.5062679981e+00,0.0702,8.8474e-02
2055.420,1.2627727865e-03,7.681014e-02,1.5062679981e+00,0.0702,8.3493e-02
2055.998,1.2625830948e-03,7.685429e-02,1.5062679981e+00,0.0702,7.7931e-02
2056.576,1.2627896269e-03,7.690577e-02,1.5062679981e+00,0.0702,7.1583e-02
2057.154,1.2633632286e-03,7.696070e-02,1.5062679981e+00,0.0702,6.4022e-02
2057.732,1.2642663207e-03,7.701522e-02,1.5062679981e+00,0.0702,5.4385e-02
2058.310,1.2654543420e-03,7.706570e-02,1.5062679981e+00,0.0702,4.3395e-02
2058.888,1.2668763351e-03,7.934165e-02,1.5062679981e+00,0.1053,3.8920e-02
2059.466,1.2684744458e-03,7.701454e-02,1.5062679981e+00,0.0702,3.4432e-02
2060.044,1.2701836938e-03,7.698938e-02,1.5062679981e+00,0.0702,2.9886e-02
2060.622,1.2719340195e-03,7.697545e-02,1.5062679981e+00,0.0702,2.5293e-02
2061.200,1.2736541835e-03,7.696079e-02,1.5062679981e+00,0.0702,2.6426e-02
2061.778,1.2752753926e-03,7.694133e-02,1.5062679981e+00,0.0351,3.1734e-02
2062.356,1.2767339320e-03,7.691930e-02,1.5062679981e+00,0.0351,3.6767e-02
2062.934,1.2779740350e-03,7.688777e-02,1.5062702559e+00,0.0702,4.0796e-02
2063.512,1.2789519843e-03,7.685646e-02,1.5062702559e+00,0.0702,4.3050e-02
2064.091,1.2796406987e-03,7.682860e-02,1.5062702559e+00,0.0702,4.5256e-02
2064.669,1.2800304936e-03,7.680896e-02,1.5062702559e+00,0.0351,4.8111e-02
2065.247,1.2801297113e-03,7.680514e-02,1.5062702559e+00,0.0351,5.1644e-02
2065.825,1.2799641906e-03,7.681177e-02,1.5062705678e+00,0.0702,5.4759e-02
2066.403,1.2795722937e-03,7.683652e-02,1.5062705678e+00,0.0351,5.6530e-02
2066.981,1.2789987245e-03,7.687538e-02,1.5062716860e+00,0.0702,5.8939e-02
2067.559,1.2782915099e-03,7.693437e-02,1.5062722818e+00,0.0702,6.1432e-02
2068.137,1.2775020275e-03,7.700496e-02,1.5062737960e+00,0.1053,6.3991e-02
2068.715,1.2766841619e-03,7.708850e-02,1.5062737960e+00,0.1053,6.6782e-02
2069.293,1.2758898792e-03,7.717990e-02,1.5062737960e+00,0.0702,9.7442e-02
2069.871,1.2751629738e-03,7.727605e-02,1.5062737960e+00,0.0702,7.3740e-02
2070.449,1.2745351737e-03,7.737036e-02,1.5062737960e+00,0.0702,7.7866e-02
2071.027,1.2740266394e-03,7.745539e-02,1.5062742674e+00,0.1053,8.0961e-02
2071.605,1.2736488629e-03,7.753050e-02,1.5062742674e+00,0.1053,8.4041e-02
2072.183,1.2734064767e-03,7.759106e-02,1.5062742674e+00,0.1053,8.7530e-02
2072.761,1.2732966742e-03,7.763415e-02,1.5062742674e+00,0.1053,9.1113e-02
2073.339,1.2733080066e-03,7.765817e-02,1.5062742674e+00,0.1053,9.5259e-02
2073.917,1.2734209832e-03,7.766265e-02,1.5062742674e+00,0.1053,9.9753e-02
2074.495,1.2736108628e-03,7.764833e-02,1.5062742674e+00,0.1053,1.0425e-01
2075.073,1.2738508054e-03,7.761685e-02,1.5062749017e+00,0.1404,1.0841e-01
2075.651,1.2741135004e-03,7.757097e-02,1.5062749017e+00,0.1404,1.1227e-01
2076.229,1.2743712683e-03,7.751421e-02,1.5062749017e+00,0.1404,1.1636e-01
2076.807,1.2745962706e-03,7.745044e-02,1.5062749017e+00,0.1404,1.2076e-01
2077.385,1.2747621807e-03,7.738331e-02,1.5062749017e+00,0.1404,1.2608e-01
2077.963,1.2748469864e-03,7.731613e-02,1.5062749017e+00,0.1404,1.3117e-01
2078.541,1.2748353797e-03,7.725161e-02,1.5062749017e+00,0.1404,1.3648e-01
2079.119,1.2747195864e-03,7.719163e-02,1.5062749017e+00,0.1404,1.4204e-01
2079.697,1.2744988526e-03,7.713717e-02,1.5062749017e+00,0.1404,1.4695e-01
2080.275,1.2741786501e-03,7.708831e-02,1.5062749017e+00,0.1404,1.5127e-01
2080.853,1.2737702767e-03,7.704446e-02,1.5062749017e+00,0.1404,1.5511e-01
2081.431,1.2732906889e-03,7.700462e-02,1.5062749017e+00,0.1404,1.5846e-01
2082.009,1.2727618865e-03,7.696773e-02,1.5062749017e+00,0.1404,1.6129e-01
2082.587,1.2722093619e-03,7.693301e-02,1.5062749017e+00,0.1404,1.6359e-01
2083.165,1.2716601529e-03,7.690015e-02,1.5062749017e+00,0.1404,1.6537e-01
2083.743,1.2711412361e-03,7.686957e-02,1.5062749017e+00,0.1404,1.6668e-01
2084.321,1.2706781519e-03,7.684247e-02,1.5062749017e+00,0.1404,1.6760e-01
2084.899,1.2702933732e-03,7.682082e-02,1.5062749017e+00,0.1404,1.6822e-01
2085.477,1.2700046500e-03,7.680721e-02,1.5062749017e+00,0.1404,1.6862e-01
2086.055,1.2698243686e-03,7.680472e-02,1.5062749017e+00,0.1404,1.6887e-01
2086.633,1.2697606260e-03,7.681658e-02,1.5062749017e+00,0.1404,1.6903e-01
2087.211,1.2698192942e-03,7.684598e-02,1.5062749017e+00,0.1404,1.6914e-01
2087.789,1.2700051617e-03,7.689566e-02,1.5062749017e+00,0.1404,1.6919e-01
2088.367,1.2703205432e-03,7.696761e-02,1.5062749017e+00,0.1404,1.6921e-01
2088.945,1.2707615277e-03,7.706279e-02,1.5062749017e+00,0.1404,1.6920e-01
2089.523,1.2713140265e-03,7.718086e-02,1.5062749017e+00,0.1404,1.6918e-01
2090.101,1.2719525557e-03,7.732009e-02,1.5062749017e+00,0.1404,1.6915e-01
2090.679,1.2726436660e-03,7.747730e-02,1.5062749017e+00,0.1404,1.6912e-01
2091.257,1.2733537043e-03,7.764807e-02,1.5062749017e+00,0.1404,1.6909e-01
2091.835,1.2740583727e-03,7.782698e-02,1.5062749017e+00,0.1404,1.6905e-01
2092.413,1.2747504259e-03,7.800801e-02,1.5062749017e+00,0.1404,1.6902e-01
2092.991,1.2754423767e-03,7.818504e-02,1.5062749017e+00,0.1404,1.6898e-01
2093.569,1.2761629410e-03,7.835227e-02,1.5062749017e+00,0.1404,1.6894e-01
2094.147,1.2769484584e-03,7.850462e-02,1.5062749017e+00,0.1404,1.6890e-01
2094.725,1.2778327051e-03,7.863816e-02,1.5062749017e+00,0.1404,1.6886e-01
2095.303,1.2788392559e-03,7.875030e-02,1.5062749017e+00,0.1404,1.6882e-01
2095.881,1.2799793631e-03,7.883989e-02,1.5062749017e+00,0.1404,1.6491e-01
2096.459,1.2812557806e-03,7.890721e-02,1.5062749017e+00,0.1404,1.6020e-01
2097.037,1.2826702489e-03,7.895424e-02,1.5062749017e+00,0.1404,1.5741e-01
2097.615,1.2842305923e-03,7.898403e-02,1.5062749017e+00,0.1053,1.4909e-01
2098.193,1.2859531934e-03,7.899999e-02,1.5062749017e+00,0.1053,1.5050e-01
2098.771,1.2878580353e-03,7.900616e-02,1.5062749017e+00,0.1053,1.7032e-01
2099.349,1.2899560858e-03,7.900631e-02,1.5062749017e+00,0.1404,1.3871e-01
2099.927,1.2922317221e-03,7.900366e-02,1.5062749017e+00,0.1404,1.4425e-01
2100.505,1.2946252738e-03,7.900078e-02,1.5062749017e+00,0.1404,1.5020e-01
2101.083,1.2970218265e-03,7.899947e-02,1.5062749017e+00,0.1404,1.5580e-01
2101.661,1.2992517645e-03,7.900080e-02,1.5062749017e+00,0.1404,1.5933e-01
2102.239,1.3011057473e-03,7.900526e-02,1.5062749017e+00,0.1053,1.6099e-01
2102.817,1.3023629841e-03,7.901279e-02,1.5062749017e+00,0.1053,1.8535e-01
2103.396,1.3028275306e-03,7.902294e-02,1.5062749017e+00,0.1404,1.3903e-01
2103.974,1.3023629289e-03,7.903503e-02,1.5062749017e+00,0.1404,1.4425e-01
2104.552,1.3009158215e-03,7.904813e-02,1.5062749017e+00,0.1404,1.4805e-01
2105.130,1.2985244147e-03,7.906053e-02,1.5062749017e+00,0.1404,1.5040e-01
2105.708,1.2953114097e-03,7.907098e-02,1.5062749017e+00,0.1404,1.5163e-01
2106.286,1.2914629077e-03,7.907867e-02,1.5062749017e+00,0.1404,1.5199e-01
2106.864,1.2871986703e-03,7.908181e-02,1.5062749017e+00,0.1404,1.5185e-01
2107.442,1.2827416994e-03,7.907877e-02,1.5062749017e+00,0.1404,1.5157e-01
2108.020,1.2782951426e-03,7.906807e-02,1.5062749017e+00,0.1404,1.5135e-01
2108.598,1.2740303325e-03,7.904852e-02,1.5062749017e+00,0.1404,1.5126e-01
2109.176,1.2700835287e-03,7.901920e-02,1.5062749017e+00,0.1404,1.5126e-01
2109.754,1.2665616861e-03,7.897947e-02,1.5062749017e+00,0.1404,1.5130e-01
2110.332,1.2635163394e-03,7.892903e-02,1.5062749017e+00,0.1404,1.5134e-01
2110.910,1.2609840204e-03,7.886791e-02,1.5062749017e+00,0.1404,1.5135e-01
2111.488,1.2590005311e-03,7.879653e-02,1.5062749017e+00,0.1404,1.5136e-01
2112.066,1.2575513823e-03,7.871563e-02,1.5062749017e+00,0.1404,1.5140e-01
2112.644,1.2565780473e-03,7.862609e-02,1.5062749017e+00,0.1404,1.5142e-01
2113.222,1.2560257184e-03,7.852982e-02,1.5062749017e+00,0.1404,1.5415e-01
2113.800,1.2558791139e-03,7.842921e-02,1.5062749017e+00,0.1404,1.5792e-01
2114.378,1.2561531986e-03,7.832754e-02,1.5062749017e+00,0.1404,1.6008e-01
2114.956,1.2568529117e-03,7.822672e-02,1.5062749017e+00,0.1404,1.6119e-01
2115.534,1.2579435378e-03,7.812978e-02,1.5062749017e+00,0.1404,1.6211e-01
2116.112,1.2593678078e-03,7.803960e-02,1.5062749017e+00,0.1404,1.6292e-01
2116.690,1.2610847389e-03,7.795861e-02,1.5062749017e+00,0.1404,1.6334e-01
2117.268,1.2630883861e-03,7.788936e-02,1.5062749017e+00,0.1404,1.6307e-01
2117.846,1.2653940183e-03,7.783402e-02,1.5062749017e+00,0.1404,1.6201e-01
2118.424,1.2680102991e-03,7.779411e-02,1.5062749017e+00,0.1053,1.6021e-01
2119.002,1.2709248718e-03,7.777044e-02,1.5062749017e+00,0.1053,1.5832e-01
2119.580,1.2741120904e-03,7.776310e-02,1.5062749017e+00,0.0702,1.6357e-01
2120.158,1.2775474459e-03,7.777144e-02,1.5062749017e+00,0.0702,8.1211e-02
2120.736,1.2812077347e-03,7.779420e-02,1.5062749017e+00,0.0702,8.7298e-02
2121.314,1.2850521475e-03,7.782915e-02,1.5062749017e+00,0.0702,9.3411e-02
2121.892,1.2889982885e-03,7.787405e-02,1.5062749017e+00,0.0702,9.9534e-02
2122.470,1.2929058239e-03,7.792667e-02,1.5062749017e+00,0.0702,1.0565e-01
2123.048,1.2965850926e-03,7.798469e-02,1.5062749017e+00,0.0702,1.1177e-01
2123.626,1.2998180644e-03,7.804537e-02,1.5062749017e+00,0.0702,1.1791e-01
2124.204,1.3023741194e-03,7.810644e-02,1.5062749017e+00,0.0702,1.2384e-01
2124.782,1.3040279490e-03,7.816514e-02,1.5062749017e+00,0.0702,1.2993e-01
2125.360,1.3045938509e-03,7.821880e-02,1.5062749017e+00,0.0702,1.3601e-01
2125.938,1.3039722413e-03,7.826453e-02,1.5062749017e+00,0.0702,1.4208e-01
2126.516,1.3021836606e-03,7.829928e-02,1.5062749017e+00,0.0702,1.4814e-01
2127.094,1.2993672113e-03,7.832036e-02,1.5062749017e+00,0.0702,1.5419e-01
2127.672,1.2957436308e-03,7.832507e-02,1.5062749017e+00,0.0702,1.6023e-01
2128.250,1.2915649671e-03,7.831089e-02,1.5062749017e+00,0.0702,1.6626e-01
2128.828,1.2870761508e-03,7.827544e-02,1.5062749017e+00,0.0351,1.3247e-01
2129.406,1.2824966260e-03,7.821654e-02,1.5062749017e+00,0.0351,1.1950e-01
2129.984,1.2780128653e-03,7.813231e-02,1.5062749017e+00,0.0351,1.0844e-01
2130.562,1.2737716851e-03,7.802122e-02,1.5062749017e+00,0.0351,9.9162e-02
2131.140,1.2698744890e-03,7.788224e-02,1.5062749017e+00,0.0351,9.1470e-02
2131.718,1.2663790414e-03,7.771502e-02,1.5062749017e+00,0.0351,8.5200e-02
2132.296,1.2633111439e-03,7.752009e-02,1.5062749017e+00,0.0351,8.0224e-02
2132.874,1.2606799096e-03,7.729921e-02,1.5062749017e+00,0.0351,3.4135e-02
2133.452,1.2584893106e-03,7.705419e-02,1.5062749017e+00,0.0351,3.6762e-02
2134.030,1.2567341008e-03,7.678923e-02,1.5062749017e+00,0.0351,3.9538e-02
2134.608,1.2553923321e-03,7.650982e-02,1.5062749017e+00,0.0351,4.2417e-02
2135.186,1.2544587560e-03,7.622282e-02,1.5062749017e+00,0.0351,4.5222e-02
2135.764,1.2539133374e-03,7.593675e-02,1.5062749017e+00,0.0351,4.8163e-02
2136.342,1.2537093216e-03,7.565971e-02,1.5062749017e+00,0.0351,5.1234e-02
2136.920,1.2537961022e-03,7.539953e-02,1.5062749017e+00,0.0351,5.4352e-02
2137.498,1.2541428172e-03,7.516351e-02,1.5062749017e+00,0.0351,5.7398e-02
2138.076,1.2547393878e-03,7.495800e-02,1.5062749017e+00,0.0351,6.0220e-02
2138.654,1.2555783620e-03,7.478801e-02,1.5062749017e+00,0.0351,6.2644e-02
2139.232,1.2566390517e-03,7.465747e-02,1.5062749017e+00,0.0351,6.4565e-02
2139.810,1.2578827028e-03,7.456986e-02,1.5062749017e+00,0.0351,6.5934e-02
2140.388,1.2592628425e-03,7.452763e-02,1.5062749017e+00,0.0351,6.6639e-02
2140.966,1.2607415416e-03,7.453207e-02,1.5062749017e+00,0.0351,6.6543e-02
2141.544,1.2622968416e-03,7.458390e-02,1.5062749017e+00,0.0351,6.5551e-02
2142.122,1.2639159034e-03,7.468348e-02,1.5062749017e+00,0.0351,6.3628e-02
2142.701,1.2655817276e-03,7.483074e-02,1.5062749017e+00,0.0351,6.0813e-02
2143.279,1.2672658409e-03,7.502528e-02,1.5062749017e+00,0.0351,5.7231e-02
2143.857,1.2689322782e-03,7.526621e-02,1.5062749017e+00,0.0351,5.3072e-02
2144.435,1.2705475149e-03,7.555196e-02,1.5062749017e+00,0.0702,4.8775e-02
2145.013,1.2720868211e-03,7.587895e-02,1.5062749017e+00,0.0702,4.4607e-02
2145.591,1.2735325731e-03,7.624068e-02,1.5062749017e+00,0.0702,4.0463e-02
2146.169,1.2748682440e-03,7.662922e-02,1.5062749017e+00,0.0702,3.6267e-02
2146.747,1.2760750141e-03,7.703501e-02,1.5062749017e+00,0.0702,3.1993e-02
2147.325,1.2771341084e-03,7.744698e-02,1.5062749017e+00,0.0702,3.1540e-02
2147.903,1.2780326709e-03,7.785291e-02,1.5062749017e+00,0.0702,3.3732e-02
2148.481,1.2787653293e-03,7.824007e-02,1.5062749017e+00,0.0702,3.5892e-02
2149.059,1.2793322720e-03,7.859584e-02,1.5062749017e+00,0.0702,3.7927e-02
2149.637,1.2797379392e-03,7.890845e-02,1.5062749017e+00,0.0702,3.9732e-02
2150.215,1.2799880382e-03,7.916792e-02,1.5062749017e+00,0.0702,4.1194e-02
2150.793,1.2800875444e-03,7.936683e-02,1.5062749017e+00,0.0702,4.2206e-02
2151.371,1.2800430763e-03,7.950040e-02,1.5062749017e+00,0.0702,4.2669e-02
2151.949,1.2798677623e-03,7.956754e-02,1.5062749651e+00,0.1053,4.2508e-02
2152.527,1.2795832321e-03,7.957072e-02,1.5062749651e+00,0.1053,4.1674e-02
2153.105,1.2792159834e-03,7.951458e-02,1.5062749651e+00,0.1053,4.0156e-02
2153.683,1.2787910099e-03,7.940699e-02,1.5062749651e+00,0.1053,3.7975e-02
2154.261,1.2783279626e-03,7.925859e-02,1.5062749651e+00,0.1053,3.8645e-02
2154.839,1.2778420484e-03,7.908189e-02,1.5062749651e+00,0.1053,4.3148e-02
2155.417,1.2773471641e-03,7.888934e-02,1.5062749651e+00,0.1053,4.7413e-02
2155.995,1.2768574179e-03,7.869344e-02,1.5062749651e+00,0.1053,5.1475e-02
2156.573,1.2763859196e-03,7.850590e-02,1.5062749651e+00,0.1053,5.6399e-02
2157.151,1.2759429203e-03,7.833708e-02,1.5062749651e+00,0.1053,6.2246e-02
2157.729,1.2755356168e-03,7.819570e-02,1.5062749651e+00,0.1053,6.8093e-02
2158.307,1.2751695366e-03,7.808868e-02,1.5062749651e+00,0.1053,7.3936e-02
2158.885,1.2748494789e-03,7.802139e-02,1.5062749651e+00,0.1053,7.9774e-02
2159.463,1.2745786456e-03,7.799749e-02,1.5062749651e+00,0.1053,8.5608e-02
2160.041,1.2743568894e-03,7.801855e-02,1.5062749651e+00,0.1053,9.1435e-02
2160.619,1.2741802661e-03,7.808474e-02,1.5062749651e+00,0.1053,9.7261e-02
2161.197,1.2740429591e-03,7.819449e-02,1.5062749651e+00,0.1053,1.0318e-01
2161.775,1.2739403826e-03,7.834591e-02,1.5062749651e+00,0.1053,1.0908e-01
2162.353,1.2738711957e-03,7.853670e-02,1.5062749651e+00,0.1053,1.1499e-01
2162.931,1.2738370230e-03,7.876440e-02,1.5062749651e+00,0.1053,1.2091e-01
2163.509,1.2738406870e-03,7.902515e-02,1.5062749651e+00,0.1053,1.2675e-01
2164.087,1.2738847798e-03,7.931511e-02,1.5062749651e+00,0.1053,1.3250e-01
2164.665,1.2739717227e-03,7.962988e-02,1.5062749651e+00,0.1053,1.3732e-01
2165.243,1.2741050319e-03,7.996452e-02,1.5062749651e+00,0.1053,1.4104e-01
2165.821,1.2742907518e-03,8.031357e-02,1.5062749651e+00,0.1053,1.4598e-01
2166.399,1.2745383989e-03,8.067096e-02,1.5062749651e+00,0.0702,1.5183e-01
2166.977,1.2748615414e-03,8.102992e-02,1.5062749651e+00,0.0702,1.1959e-01
2167.555,1.2752784191e-03,8.138308e-02,1.5062749651e+00,0.0702,1.0879e-01
2168.133,1.2758126559e-03,8.172249e-02,1.5062749651e+00,0.0702,2.5534e-02
2168.711,1.2764937407e-03,8.203968e-02,1.5062749651e+00,0.0702,2.2503e-02
2169.289,1.2773570579e-03,8.232582e-02,1.5062749651e+00,0.0702,1.9614e-02
2169.867,1.2784435917e-03,8.257202e-02,1.5062749651e+00,0.0702,2.0637e-02
2170.445,1.2797993705e-03,8.276970e-02,1.5062749651e+00,0.0702,2.1597e-02
2171.023,1.2814740385e-03,8.291098e-02,1.5062749651e+00,0.0702,2.2521e-02
2171.601,1.2835171796e-03,8.298907e-02,1.5062749651e+00,0.0702,2.3421e-02
2172.179,1.2859709829e-03,8.299846e-02,1.5062749651e+00,0.0702,2.4542e-02
2172.757,1.2888587472e-03,8.293587e-02,1.5062749651e+00,0.0702,2.7197e-02
2173.335,1.2921700413e-03,8.280002e-02,1.5062749651e+00,0.0702,2.9923e-02
2173.913,1.2958444449e-03,8.259186e-02,1.5062749651e+00,0.0702,3.2739e-02
2174.491,1.2997568514e-03,8.231482e-02,1.5062749651e+00,0.0702,3.5680e-02
2175.069,1.3037083501e-03,8.197460e-02,1.5062749651e+00,0.0702,3.8738e-02
2175.647,1.3074293199e-03,8.157939e-02,1.5062749651e+00,0.0702,4.1936e-02
2176.225,1.3106001147e-03,8.113924e-02,1.5062749651e+00,0.0702,4.5309e-02
2176.803,1.3128909272e-03,8.066566e-02,1.5062749651e+00,0.0702,4.9012e-02
2177.381,1.3140161407e-03,8.017114e-02,1.5062749651e+00,0.0702,5.3124e-02
2177.959,1.3137914573e-03,7.966855e-02,1.5062749651e+00,0.0702,5.7569e-02
2178.537,1.3121751040e-03,7.917057e-02,1.5062749651e+00,0.0702,6.2282e-02
2179.115,1.3092750172e-03,7.868935e-02,1.5062749651e+00,0.0702,6.7430e-02
2179.693,1.3053182835e-03,7.823609e-02,1.5062749651e+00,0.0702,7.3470e-02
2180.271,1.3005983374e-03,7.782065e-02,1.5062749651e+00,0.0702,7.9511e-02
2180.849,1.2954251566e-03,7.745037e-02,1.5062749651e+00,0.0702,8.5548e-02
2181.427,1.2900924096e-03,7.713110e-02,1.5062749651e+00,0.0702,9.1580e-02
2182.006,1.2848577144e-03,7.686624e-02,1.5062749651e+00,0.0702,9.7604e-02
2182.584,1.2799271359e-03,7.665886e-02,1.5062749651e+00,0.0702,1.0362e-01
2183.162,1.2754428990e-03,7.650916e-02,1.5062749651e+00,0.0702,1.0963e-01
2183.740,1.2714808053e-03,7.641579e-02,1.5062749651e+00,0.0702,1.1572e-01
2184.318,1.2680614403e-03,7.637633e-02,1.5062749651e+00,0.0702,1.2182e-01
2184.896,1.2651702481e-03,7.638738e-02,1.5062749651e+00,0.0702,1.2791e-01
2185.474,1.2627765602e-03,7.644483e-02,1.5062749651e+00,0.0702,1.3400e-01
2186.052,1.2608459039e-03,7.654400e-02,1.5062749651e+00,0.0702,1.4007e-01
2186.630,1.2593228442e-03,7.667988e-02,1.5062749651e+00,0.0702,1.4596e-01
2187.208,1.2581724427e-03,7.684722e-02,1.5062749651e+00,0.0702,1.5201e-01
2187.786,1.2573642981e-03,7.704053e-02,1.5062749651e+00,0.0702,1.5806e-01
2188.364,1.2568417563e-03,7.725423e-02,1.5062749651e+00,0.0702,1.5114e-01
2188.942,1.2565354019e-03,7.748287e-02,1.5062749651e+00,0.0351,1.4997e-01
2189.520,1.2563966798e-03,7.772092e-02,1.5062749651e+00,0.0351,1.5203e-01
2190.098,1.2564144410e-03,7.796265e-02,1.5062749651e+00,0.0351,1.5701e-01
2190.676,1.2565981441e-03,7.820257e-02,1.5062749651e+00,0.0351,4.0689e-02
2191.254,1.2569457106e-03,7.843717e-02,1.5062749651e+00,0.0351,4.6262e-02
2191.832,1.2574288692e-03,7.865860e-02,1.5062749651e+00,0.0351,5.2083e-02
2192.410,1.2580113214e-03,7.886148e-02,1.5062749651e+00,0.0351,5.8087e-02
2192.988,1.2586753671e-03,7.904094e-02,1.5062749651e+00,0.0351,6.3777e-02
2193.566,1.2594289611e-03,7.919268e-02,1.5062749651e+00,0.0351,6.9044e-02
2194.144,1.2602882451e-03,7.931283e-02,1.5062749651e+00,0.0351,7.3342e-02
2194.722,1.2612547844e-03,7.939787e-02,1.5062749651e+00,0.0351,7.5611e-02
2195.300,1.2623094618e-03,7.944545e-02,1.5062749651e+00,0.0351,7.6442e-02
2195.878,1.2634254350e-03,7.945478e-02,1.5062749651e+00,0.0351,7.6463e-02
2196.456,1.2645832836e-03,7.942590e-02,1.5062749651e+00,0.0351,7.6287e-02
2197.034,1.2657722766e-03,7.935949e-02,1.5062749651e+00,0.0351,7.6482e-02
2197.612,1.2669790886e-03,7.925698e-02,1.5062749651e+00,0.0351,7.7500e-02
2198.190,1.2681786998e-03,7.912078e-02,1.5062749651e+00,0.0351,7.9603e-02
2198.768,1.2693378568e-03,7.895447e-02,1.5062749651e+00,0.0351,8.2839e-02
2199.346,1.2704265926e-03,7.876271e-02,1.5062749651e+00,0.0702,8.7060e-02
2199.924,1.2714255926e-03,7.855094e-02,1.5062749651e+00,0.0702,9.1979e-02
2200.502,1.2723237732e-03,7.832562e-02,1.5062749651e+00,0.0702,9.7247e-02
2201.080,1.2731116307e-03,7.809346e-02,1.5062749651e+00,0.0702,1.0235e-01
2201.658,1.2737787857e-03,7.786065e-02,1.5062749651e+00,0.0702,1.0670e-01
2202.236,1.2743173250e-03,7.763348e-02,1.5062749651e+00,0.0702,1.1026e-01
2202.814,1.2747254790e-03,7.741737e-02,1.5062749651e+00,0.0702,1.1316e-01
2203.392,1.2750068206e-03,7.721635e-02,1.5062749651e+00,0.0702,1.1551e-01
2203.970,1.2751665374e-03,7.703271e-02,1.5062749651e+00,0.0702,1.1730e-01
2204.548,1.2752102681e-03,7.686770e-02,1.5062749651e+00,0.0702,1.1866e-01
2205.126,1.2751480272e-03,7.662024e-02,1.5062749651e+00,0.0351,1.1810e-01
2205.704,1.2749994556e-03,7.647773e-02,1.5062749651e+00,0.0351,1.1058e-01
2206.282,1.2747940910e-03,7.635390e-02,1.5062749651e+00,0.0351,1.0512e-01
2206.860,1.2745645344e-03,7.624695e-02,1.5062749651e+00,0.0351,1.0082e-01
2207.438,1.2743373002e-03,7.615479e-02,1.5062749651e+00,0.0351,9.7253e-02
2208.016,1.2741292309e-03,7.607506e-02,1.5062749651e+00,0.0351,9.4154e-02
2208.594,1.2739520809e-03,7.600547e-02,1.5062749651e+00,0.0351,9.1347e-02
2209.172,1.2738236163e-03,7.594412e-02,1.5062749651e+00,0.0351,8.8707e-02
2209.750,1.2737771660e-03,7.588980e-02,1.5062749651e+00,0.0351,8.6129e-02
2210.328,1.2738615691e-03,7.584220e-02,1.5062749651e+00,0.0351,8.3528e-02
2210.906,1.2741327596e-03,7.580210e-02,1.5062749651e+00,0.0351,8.0842e-02
2211.484,1.2746444253e-03,7.577135e-02,1.5062749651e+00,0.0702,7.8015e-02
2212.062,1.2754433723e-03,7.575284e-02,1.5062749651e+00,0.0702,7.4996e-02
2212.640,1.2765689133e-03,7.575033e-02,1.5062749651e+00,0.0702,7.1740e-02
2213.218,1.2780512857e-03,7.576813e-02,1.5062749651e+00,0.0702,6.9950e-02
2213.796,1.2799051273e-03,7.581071e-02,1.5062749651e+00,0.0702,7.2270e-02
2214.374,1.2821183535e-03,7.588232e-02,1.5062749651e+00,0.0702,7.4043e-02
2214.952,1.2846402111e-03,7.598646e-02,1.5062749651e+00,0.0702,7.5086e-02
2215.530,1.2873727106e-03,7.612566e-02,1.5062749651e+00,0.0702,7.4815e-02
2216.108,1.2901682202e-03,7.630099e-02,1.5062749651e+00,0.0702,7.2790e-02
2216.686,1.2928348486e-03,7.650968e-02,1.5062749651e+00,0.0351,6.8257e-02
2217.264,1.2951509488e-03,7.675481e-02,1.5062749651e+00,0.0351,5.9269e-02
2217.842,1.2968892831e-03,7.703098e-02,1.5062749651e+00,0.0351,4.0470e-02
2218.420,1.2978487640e-03,7.733406e-02,1.5062749651e+00,0.0351,3.6115e-02
2218.998,1.2978877611e-03,7.765874e-02,1.5062749651e+00,0.0351,3.5823e-02
2219.576,1.2969502014e-03,7.799911e-02,1.5062749651e+00,0.0351,3.5300e-02
2220.154,1.2950765101e-03,7.834891e-02,1.5062749651e+00,0.0351,3.4443e-02
2220.732,1.2923961326e-03,7.870174e-02,1.5062749651e+00,0.0351,3.3155e-02
2221.311,1.2891038857e-03,7.904788e-02,1.5062757627e+00,0.0702,3.1354e-02
2221.889,1.2854278778e-03,7.938573e-02,1.5062757627e+00,0.0702,3.5183e-02
2222.467,1.2815980742e-03,7.970834e-02,1.5062757627e+00,0.0702,4.0235e-02
2223.045,1.2778209335e-03,8.001071e-02,1.5062757627e+00,0.0702,4.5382e-02
2223.623,1.2742625841e-03,8.028858e-02,1.5062757627e+00,0.0702,5.0540e-02
2224.201,1.2710416256e-03,8.053841e-02,1.5062757627e+00,0.0702,5.5696e-02
2224.779,1.2682310880e-03,8.075255e-02,1.5062757627e+00,0.0351,6.0851e-02
2225.357,1.2658668001e-03,8.093914e-02,1.5062757627e+00,0.0351,6.6003e-02
2225.935,1.2639577669e-03,8.109218e-02,1.5062757627e+00,0.0351,7.1153e-02
2226.513,1.2624952116e-03,8.121172e-02,1.5062757627e+00,0.0351,7.6299e-02
2227.091,1.2614583622e-03,8.129891e-02,1.5062757627e+00,0.0351,8.1442e-02
2227.669,1.2608073430e-03,8.135571e-02,1.5062760946e+00,0.0702,8.6581e-02
2228.247,1.2605134382e-03,8.138456e-02,1.5062760946e+00,0.0702,9.1716e-02
2228.825,1.2605454473e-03,8.138808e-02,1.5062760946e+00,0.0702,9.6847e-02
2229.403,1.2608544453e-03,8.136914e-02,1.5062760946e+00,0.0702,1.0197e-01
2229.981,1.2613863351e-03,8.133090e-02,1.5062760946e+00,0.0702,1.0709e-01
2230.559,1.2621010846e-03,8.127671e-02,1.5062760946e+00,0.0702,8.3497e-02
2231.137,1.2629838190e-03,8.120995e-02,1.5062760946e+00,0.0702,8.9256e-02
2231.715,1.2640337732e-03,8.113392e-02,1.5062760946e+00,0.0702,9.5519e-02
2232.293,1.2652410622e-03,8.105186e-02,1.5062760946e+00,0.0702,1.0262e-01
2232.871,1.2665762675e-03,8.096647e-02,1.5062760946e+00,0.0702,1.1090e-01
2233.449,1.2680022034e-03,8.087985e-02,1.5062760946e+00,0.0702,1.1714e-01
2234.027,1.2694939225e-03,8.079331e-02,1.5062760946e+00,0.0702,1.2131e-01
2234.605,1.2710461925e-03,8.070646e-02,1.5062767482e+00,0.1053,1.2668e-01
2235.183,1.2726622788e-03,8.061984e-02,1.5062767482e+00,0.1053,1.3077e-01
2235.761,1.2743365302e-03,8.053075e-02,1.5062767482e+00,0.1053,1.3200e-01
2236.339,1.2760470022e-03,8.043559e-02,1.5062767482e+00,0.1053,1.3091e-01
2236.917,1.2777620238e-03,8.032970e-02,1.5062767482e+00,0.1053,1.2844e-01
2237.495,1.2794511765e-03,8.020783e-02,1.5062767482e+00,0.1053,1.2526e-01
2238.073,1.2810860095e-03,8.006427e-02,1.5062767482e+00,0.1053,1.2185e-01
2238.651,1.2826363707e-03,7.989357e-02,1.5062767482e+00,0.1053,1.1857e-01
2239.229,1.2840678379e-03,7.969137e-02,1.5062767482e+00,0.1053,1.1569e-01
2239.807,1.2853404626e-03,7.945498e-02,1.5062767482e+00,0.1053,1.1332e-01
2240.385,1.2864115835e-03,7.918328e-02,1.5062767482e+00,0.1053,1.1151e-01
2240.963,1.2872429014e-03,7.887854e-02,1.5062767482e+00,0.1053,1.1024e-01
2241.541,1.2878076923e-03,7.854600e-02,1.5062767482e+00,0.1053,1.0424e-01
2242.119,1.2880937576e-03,7.819375e-02,1.5062767482e+00,0.1053,8.8118e-02
2242.697,1.2881016828e-03,7.783223e-02,1.5062767482e+00,0.1053,9.1997e-02
2243.275,1.2878418171e-03,7.747349e-02,1.5062767482e+00,0.1053,9.5005e-02
2243.853,1.2873332348e-03,7.713032e-02,1.5062767482e+00,0.1053,9.7219e-02
2244.431,1.2866045478e-03,7.681527e-02,1.5062767482e+00,0.1053,9.8715e-02
2245.009,1.2856938321e-03,7.653977e-02,1.5062767482e+00,0.1053,9.9587e-02
2245.587,1.2846457139e-03,7.631019e-02,1.5062777097e+00,0.1404,9.9939e-02
2246.165,1.2835065190e-03,7.613542e-02,1.5062777097e+00,0.1404,9.9883e-02
2246.743,1.2823200611e-03,7.602100e-02,1.5062777097e+00,0.1404,9.9524e-02
2247.321,1.2811255820e-03,7.596839e-02,1.5062777097e+00,0.1404,9.8956e-02
2247.899,1.2799574678e-03,7.597587e-02,1.5062777097e+00,0.1404,9.8264e-02
2248.477,1.2788451136e-03,7.603863e-02,1.5062777097e+00,0.1404,9.7514e-02
2249.055,1.2778118691e-03,7.614898e-02,1.5062777097e+00,0.1404,9.6759e-02
2249.633,1.2768737215e-03,7.629714e-02,1.5062777097e+00,0.1404,9.6038e-02
2250.211,1.2760391416e-03,7.647226e-02,1.5062777097e+00,0.1404,9.5377e-02
2250.789,1.2753105857e-03,7.666379e-02,1.5062777097e+00,0.1404,9.4794e-02
2251.367,1.2746866846e-03,7.686203e-02,1.5062777097e+00,0.1053,9.4294e-02
2251.945,1.2741637445e-03,7.706250e-02,1.5062777097e+00,0.1053,9.3879e-02
2252.523,1.2737361070e-03,7.726150e-02,1.5062777097e+00,0.1053,9.9584e-02
2253.101,1.2733960668e-03,7.745901e-02,1.5062789025e+00,0.1404,1.0506e-01
2253.679,1.2731342398e-03,7.765866e-02,1.5062789025e+00,0.1404,1.0967e-01
2254.257,1.2729404935e-03,7.786517e-02,1.5062789025e+00,0.1404,1.1259e-01
2254.835,1.2728047620e-03,7.808400e-02,1.5062789025e+00,0.1404,1.1321e-01
2255.413,1.2727170986e-03,7.831982e-02,1.5062789025e+00,0.1404,1.1190e-01
2255.991,1.2726670384e-03,7.857563e-02,1.5062789025e+00,0.1404,1.0989e-01
2256.569,1.2726429429e-03,7.885239e-02,1.5062789025e+00,0.1404,1.0795e-01
2257.147,1.2726319051e-03,7.914865e-02,1.5062789025e+00,0.1404,1.1052e-01
2257.725,1.2726202157e-03,7.946077e-02,1.5062789025e+00,0.1404,1.1615e-01
2258.303,1.2725939635e-03,7.978307e-02,1.5062789025e+00,0.1404,1.2054e-01
2258.881,1.2725396020e-03,8.010797e-02,1.5062789025e+00,0.1404,1.2262e-01
2259.459,1.2724441476e-03,8.042723e-02,1.5062789025e+00,0.1404,1.2428e-01
2260.037,1.2722956949e-03,8.073269e-02,1.5062789025e+00,0.1404,1.3000e-01
2260.615,1.2720851116e-03,8.101612e-02,1.5062789025e+00,0.1404,1.3379e-01
2261.194,1.2718071860e-03,8.126565e-02,1.5062789025e+00,0.1053,1.3474e-01
2261.772,1.2714605036e-03,8.148018e-02,1.5062789025e+00,0.1053,1.3365e-01
2262.350,1.2710470756e-03,8.165291e-02,1.5062789025e+00,0.1053,1.1928e-01
2262.928,1.2705726446e-03,8.178024e-02,1.5062789025e+00,0.1053,1.2186e-01
2263.506,1.2700473999e-03,8.186014e-02,1.5062789025e+00,0.1053,1.2418e-01
2264.084,1.2694864040e-03,8.189219e-02,1.5062789025e+00,0.1053,1.2627e-01
2264.662,1.2689089991e-03,8.187754e-02,1.5062789025e+00,0.1053,1.2817e-01
2265.240,1.2683368944e-03,8.181880e-02,1.5062789025e+00,0.1053,1.2984e-01
2265.818,1.2677925643e-03,8.171981e-02,1.5062789025e+00,0.1053,1.3130e-01
2266.396,1.2672940906e-03,8.158531e-02,1.5062789025e+00,0.1053,1.3256e-01
2266.974,1.2668588063e-03,8.142070e-02,1.5062789025e+00,0.1053,1.3364e-01
2267.552,1.2665092358e-03,8.123176e-02,1.5062789025e+00,0.1053,1.3454e-01
2268.130,1.2662623922e-03,8.102444e-02,1.5062789025e+00,0.1053,1.3526e-01
2268.708,1.2661259690e-03,8.079746e-02,1.5062789025e+00,0.0702,1.3582e-01
2269.286,1.2661029234e-03,8.056919e-02,1.5062789025e+00,0.0702,1.3622e-01
2269.864,1.2661967950e-03,8.033950e-02,1.5062789025e+00,0.0702,1.3645e-01
2270.442,1.2664119388e-03,8.011334e-02,1.5062789025e+00,0.0702,1.3651e-01
2271.020,1.2667484431e-03,7.989515e-02,1.5062789025e+00,0.0702,1.3638e-01
2271.598,1.2671983670e-03,7.968879e-02,1.5062789025e+00,0.0702,1.3606e-01
2272.176,1.2677486876e-03,7.949752e-02,1.5062789025e+00,0.0702,1.3552e-01
2272.754,1.2683867529e-03,7.932397e-02,1.5062789025e+00,0.0702,1.3475e-01
2273.332,1.2691045952e-03,7.917015e-02,1.5062789025e+00,0.0702,1.3372e-01
2273.910,1.2699003999e-03,7.903748e-02,1.5062789025e+00,0.0702,1.3239e-01
2274.488,1.2707783730e-03,7.892254e-02,1.5062789025e+00,0.0351,1.3075e-01
2275.066,1.2717497207e-03,7.883341e-02,1.5062789025e+00,0.0351,1.2878e-01
2275.644,1.2728360773e-03,7.876648e-02,1.5062789025e+00,0.0351,1.2646e-01
2276.222,1.2740744755e-03,7.872118e-02,1.5062789025e+00,0.0351,1.2382e-01
2276.800,1.2755221047e-03,7.869652e-02,1.5062789025e+00,0.0351,1.2091e-01
2277.378,1.2772597319e-03,7.869115e-02,1.5062789025e+00,0.0351,1.1779e-01
2277.956,1.2793934389e-03,7.870341e-02,1.5062789025e+00,0.0351,1.1459e-01
2278.534,1.2820534176e-03,7.873135e-02,1.5062789025e+00,0.0351,1.1146e-01
2279.112,1.2853858667e-03,7.877281e-02,1.5062789025e+00,0.0351,1.0858e-01
2279.690,1.2895318423e-03,7.882548e-02,1.5062789025e+00,0.0351,1.0610e-01
2280.268,1.2945878507e-03,7.888690e-02,1.5062789025e+00,0.0351,1.0418e-01
2280.846,1.3005483113e-03,7.895453e-02,1.5062789025e+00,0.0351,1.0291e-01
2281.424,1.3072395380e-03,7.902584e-02,1.5062789025e+00,0.0351,1.0199e-01
2282.002,1.3142664423e-03,7.909832e-02,1.5062789025e+00,0.0351,1.0110e-01
2282.580,1.3210028273e-03,7.916950e-02,1.5062789025e+00,0.0351,1.0035e-01
2283.158,1.3266582670e-03,7.923696e-02,1.5062789025e+00,0.0351,9.9815e-02
2283.736,1.3304249905e-03,7.929836e-02,1.5062789025e+00,0.0351,9.9100e-02
2284.314,1.3316689787e-03,7.935166e-02,1.5062789025e+00,0.0351,9.7083e-02
2284.892,1.3300967208e-03,7.939498e-02,1.5062789025e+00,0.0351,9.3875e-02
2285.470,1.3258264547e-03,7.942665e-02,1.5062789025e+00,0.0351,8.9682e-02
2286.048,1.3193340975e-03,7.944524e-02,1.5062789025e+00,0.0351,8.4703e-02
2286.626,1.3113072082e-03,7.944964e-02,1.5062789025e+00,0.0351,7.9120e-02
2287.204,1.3024823009e-03,7.943912e-02,1.5062789025e+00,0.0351,7.3167e-02
2287.782,1.2935277065e-03,7.941341e-02,1.5062789025e+00,0.0351,6.7041e-02
2288.360,1.2849840118e-03,7.937264e-02,1.5062789025e+00,0.0351,6.0872e-02
2288.938,1.2772408747e-03,7.931741e-02,1.5062789025e+00,0.0351,5.4723e-02
2289.516,1.2705317851e-03,7.924867e-02,1.5062789025e+00,0.0351,4.8751e-02
2290.094,1.2649469821e-03,7.916766e-02,1.5062789025e+00,0.0351,4.3069e-02
2290.672,1.2604717148e-03,7.907588e-02,1.5062789025e+00,0.0351,4.6708e-02
2291.250,1.2569882753e-03,7.897503e-02,1.5062789025e+00,0.0351,5.0727e-02
2291.828,1.2544133041e-03,7.886693e-02,1.5062789025e+00,0.0351,5.4706e-02
2292.406,1.2526773223e-03,7.875354e-02,1.5062789025e+00,0.0351,5.8648e-02
2292.984,1.2516496190e-03,7.863687e-02,1.5062789025e+00,0.0351,6.2559e-02
2293.562,1.2511620909e-03,7.851895e-02,1.5062789025e+00,0.0351,6.6026e-02
2294.140,1.2510852266e-03,7.840189e-02,1.5062789025e+00,0.0351,6.8958e-02
2294.718,1.2513680630e-03,7.828794e-02,1.5062789025e+00,0.0351,7.2090e-02
2295.296,1.2520045515e-03,7.817921e-02,1.5062789025e+00,0.0351,7.5540e-02
2295.874,1.2529667410e-03,7.807689e-02,1.5062793311e+00,0.0702,7.9244e-02
2296.452,1.2541813151e-03,7.798369e-02,1.5062793311e+00,0.0702,8.3062e-02
2297.030,1.2555581645e-03,7.790092e-02,1.5062793311e+00,0.0702,8.7054e-02
2297.608,1.2570286689e-03,7.783023e-02,1.5062793311e+00,0.0702,9.1199e-02
2298.186,1.2585571521e-03,7.777304e-02,1.5062793311e+00,0.0702,9.5470e-02
2298.764,1.2601223803e-03,7.773040e-02,1.5062793311e+00,0.0702,9.9835e-02
2299.342,1.2616951168e-03,7.770296e-02,1.5062793311e+00,0.0702,1.0426e-01
2299.920,1.2632347921e-03,7.769093e-02,1.5062793311e+00,0.0702,1.0870e-01
2300.499,1.2647035572e-03,7.769417e-02,1.5062793311e+00,0.0702,1.1312e-01
2301.077,1.2660786418e-03,7.771214e-02,1.5062793311e+00,0.0702,1.1750e-01
2301.655,1.2673494281e-03,7.774400e-02,1.5062793311e+00,0.0702,1.2210e-01
2302.233,1.2685038468e-03,7.778860e-02,1.5062793311e+00,0.0702,1.2750e-01
2302.811,1.2695194570e-03,7.784459e-02,1.5062793311e+00,0.0702,1.3359e-01
2303.389,1.2703687085e-03,7.791030e-02,1.5062793311e+00,0.0702,1.4123e-01
2303.967,1.2710331838e-03,7.798362e-02,1.5062793311e+00,0.0702,1.4993e-01
2304.545,1.2715131708e-03,7.806304e-02,1.5062793311e+00,0.0702,1.5439e-01
2305.123,1.2718244062e-03,7.814633e-02,1.5062793311e+00,0.0702,1.5976e-01
2305.701,1.2719869101e-03,7.823121e-02,1.5062793311e+00,0.0702,1.6223e-01
2306.279,1.2720179525e-03,7.831545e-02,1.5062793311e+00,0.0702,1.6063e-01
2306.857,1.2719349917e-03,7.839675e-02,1.5062793311e+00,0.0702,1.5629e-01
2307.435,1.2717621575e-03,7.847274e-02,1.5062793311e+00,0.0702,1.5065e-01
2308.013,1.2715299499e-03,7.854113e-02,1.5062793311e+00,0.0702,1.4478e-01
2308.591,1.2712666124e-03,7.859976e-02,1.5062793311e+00,0.0702,1.3940e-01
2309.169,1.2709901036e-03,7.864670e-02,1.5062793311e+00,0.0702,1.3488e-01
2309.747,1.2707092655e-03,7.868028e-02,1.5062793311e+00,0.0702,1.3137e-01
2310.325,1.2704326759e-03,7.869905e-02,1.5062793311e+00,0.0702,1.2884e-01
2310.903,1.2701758359e-03,7.870166e-02,1.5062793311e+00,0.0702,1.2718e-01
2311.481,1.2699599945e-03,7.868683e-02,1.5062793311e+00,0.0702,1.2626e-01
2312.059,1.2698048395e-03,7.865339e-02,1.5062793311e+00,0.0702,1.2591e-01
2312.637,1.2697223224e-03,7.860036e-02,1.5062793311e+00,0.0702,1.2598e-01
2313.215,1.2697157271e-03,7.852719e-02,1.5062793311e+00,0.0702,1.2635e-01
2313.793,1.2697818858e-03,7.843390e-02,1.5062800458e+00,0.0702,1.2689e-01
2314.371,1.2699125921e-03,7.831981e-02,1.5062800458e+00,0.1053,1.2753e-01
2314.949,1.2700949641e-03,7.818793e-02,1.5062800458e+00,0.1053,1.2819e-01
2315.527,1.2703141345e-03,7.803976e-02,1.5062800458e+00,0.1053,1.2883e-01
2316.105,1.2705600378e-03,7.787796e-02,1.5062800458e+00,0.1053,1.2941e-01
2316.683,1.2708346367e-03,7.770577e-02,1.5062800458e+00,0.1053,1.2993e-01
2317.261,1.2711530570e-03,7.752699e-02,1.5062800458e+00,0.1053,1.1564e-01
2317.839,1.2715357677e-03,7.734615e-02,1.5062800458e+00,0.1053,1.1871e-01
2318.417,1.2719961973e-03,7.716852e-02,1.5062800458e+00,0.1053,1.1476e-01
2318.995,1.2725321849e-03,7.700012e-02,1.5062800458e+00,0.1053,1.0374e-01
2319.573,1.2731267528e-03,7.684758e-02,1.5062800458e+00,0.1053,9.2988e-02
2320.151,1.2737567466e-03,7.671785e-02,1.5062800458e+00,0.1053,9.7500e-02
2320.729,1.2744030299e-03,7.661787e-02,1.5062800458e+00,0.1053,6.3728e-02
2321.307,1.2750564776e-03,7.655418e-02,1.5062800458e+00,0.1053,5.2925e-02
2321.885,1.2757180958e-03,7.653265e-02,1.5062800458e+00,0.1053,5.8083e-02
2322.463,1.2763950258e-03,7.655820e-02,1.5062800458e+00,0.1053,6.3099e-02
2323.041,1.2770954344e-03,7.663466e-02,1.5062800458e+00,0.1053,6.7489e-02
2323.619,1.2778227685e-03,7.676461e-02,1.5062800458e+00,0.1053,7.1554e-02
2324.197,1.2785716710e-03,7.694932e-02,1.5062800458e+00,0.1053,7.5531e-02
2324.775,1.2793299327e-03,7.718861e-02,1.5062800458e+00,0.1053,7.9572e-02
2325.353,1.2800819598e-03,7.748073e-02,1.5062800458e+00,0.1053,8.3779e-02
2325.931,1.2808111061e-03,7.782222e-02,1.5062800458e+00,0.1053,8.8172e-02
2326.509,1.2815017606e-03,7.820784e-02,1.5062800458e+00,0.1053,9.2828e-02
2327.087,1.2821415433e-03,7.863049e-02,1.5062800458e+00,0.1053,9.7840e-02
2327.665,1.2827221625e-03,7.908137e-02,1.5062800458e+00,0.1053,1.0296e-01
2328.243,1.2832378187e-03,7.955016e-02,1.5062800458e+00,0.1053,1.0808e-01
2328.821,1.2836824299e-03,8.002547e-02,1.5062800458e+00,0.1053,1.1320e-01
2329.399,1.2840484122e-03,8.049529e-02,1.5062800458e+00,0.1053,1.1831e-01
2329.977,1.2843282651e-03,8.094767e-02,1.5062800458e+00,0.1053,1.2341e-01
2330.555,1.2845172674e-03,8.137127e-02,1.5062800458e+00,0.1053,1.2851e-01
2331.133,1.2846144231e-03,8.175608e-02,1.5062800458e+00,0.1053,1.3359e-01
2331.711,1.2846206627e-03,8.209397e-02,1.5062800458e+00,0.1053,1.3868e-01
2332.289,1.2845361828e-03,8.237912e-02,1.5062800458e+00,0.1053,1.4375e-01
2332.867,1.2843597278e-03,8.260835e-02,1.5062800458e+00,0.1053,1.4882e-01
2333.445,1.2840907547e-03,8.278114e-02,1.5062800458e+00,0.1053,1.5388e-01
2334.023,1.2837327422e-03,8.289946e-02,1.5062800458e+00,0.1053,1.5893e-01
2334.601,1.2832949678e-03,8.296748e-02,1.5062800458e+00,0.1053,1.6398e-01
2335.179,1.2827915242e-03,8.299102e-02,1.5062800458e+00,0.1053,1.6902e-01
2335.757,1.2822385640e-03,8.297706e-02,1.5062800458e+00,0.1053,1.7404e-01
2336.335,1.2816517178e-03,8.293327e-02,1.5062800458e+00,0.1053,1.7906e-01
2336.913,1.2810448176e-03,8.286752e-02,1.5062800458e+00,0.1053,1.1082e-01
2337.491,1.2804296643e-03,8.278748e-02,1.5062800458e+00,0.1053,1.1623e-01
2338.069,1.2798159961e-03,8.270004e-02,1.5062800458e+00,0.1053,1.2163e-01
2338.647,1.2792113051e-03,8.261117e-02,1.5062800458e+00,0.1053,1.2702e-01
2339.225,1.2786208226e-03,8.252563e-02,1.5062800458e+00,0.1053,1.3241e-01
2339.804,1.2780480208e-03,8.244686e-02,1.5062800458e+00,0.1053,1.3778e-01
2340.382,1.2774954228e-03,8.237697e-02,1.5062800458e+00,0.1053,1.4315e-01
2340.960,1.2769651148e-03,8.231681e-02,1.5062800458e+00,0.1053,1.4852e-01
2341.538,1.2764586131e-03,8.226625e-02,1.5062800458e+00,0.1053,1.5387e-01
2342.116,1.2759763874e-03,8.222393e-02,1.5062800458e+00,0.1053,1.5939e-01
2342.694,1.2755176824e-03,8.218791e-02,1.5062800458e+00,0.1053,1.6506e-01
2343.272,1.2750809954e-03,8.215576e-02,1.5062800458e+00,0.1053,1.7101e-01
2343.850,1.2746649843e-03,8.212480e-02,1.5062800458e+00,0.1053,1.7777e-01
2344.428,1.2742692730e-03,8.209226e-02,1.5062800458e+00,0.1053,1.8703e-01
2345.006,1.2738948357e-03,8.205549e-02,1.5062800458e+00,0.1053,1.9863e-01
2345.584,1.2735440858e-03,8.201199e-02,1.5062800458e+00,0.1053,2.0183e-01
2346.162,1.2732210088e-03,8.195972e-02,1.5062800458e+00,0.1053,1.9043e-01
2346.740,1.2729315178e-03,8.189684e-02,1.5062800458e+00,0.1053,1.7174e-01
2347.318,1.2726839110e-03,8.182181e-02,1.5062800458e+00,0.1053,1.5349e-01
2347.896,1.2724892048e-03,8.173358e-02,1.5062800458e+00,0.1053,1.3814e-01
2348.474,1.2723612638e-03,8.163147e-02,1.5062800458e+00,0.1053,1.2606e-01
2349.052,1.2723168284e-03,8.151524e-02,1.5062800458e+00,0.1053,1.1473e-01
2349.630,1.2723755282e-03,8.138514e-02,1.5062800458e+00,0.1053,1.0596e-01
2350.208,1.2725597912e-03,8.124182e-02,1.5062800458e+00,0.1053,9.9538e-02
2350.786,1.2728944536e-03,8.108637e-02,1.5062800458e+00,0.1053,9.8005e-02
2351.364,1.2734060083e-03,8.092018e-02,1.5062800458e+00,0.1053,9.8367e-02
2351.942,1.2741216877e-03,8.074511e-02,1.5062800458e+00,0.1053,9.8552e-02
2352.520,1.2750686425e-03,8.056336e-02,1.5062800458e+00,0.1053,9.8572e-02
2353.098,1.2762731579e-03,8.037733e-02,1.5062800458e+00,0.1053,9.9682e-02
2353.676,1.2777593299e-03,8.018966e-02,1.5062800458e+00,0.1053,1.0289e-01
2354.254,1.2795463568e-03,8.000299e-02,1.5062800458e+00,0.1053,1.0676e-01
2354.832,1.2816439604e-03,7.981987e-02,1.5062800458e+00,0.1053,1.0944e-01
2355.410,1.2840463293e-03,7.964266e-02,1.5062800458e+00,0.1053,1.1055e-01
2355.988,1.2867258436e-03,7.947400e-02,1.5062800458e+00,0.1053,1.1060e-01
2356.566,1.2896280762e-03,7.931634e-02,1.5062800458e+00,0.1053,1.1007e-01
2357.144,1.2926690328e-03,7.917173e-02,1.5062800458e+00,0.1053,1.0929e-01
2357.722,1.2957347894e-03,7.904173e-02,1.5062800458e+00,0.1053,1.0852e-01
2358.300,1.2986834024e-03,7.892738e-02,1.5062800458e+00,0.1053,1.0791e-01
2358.878,1.3013495992e-03,7.882917e-02,1.5062800458e+00,0.1053,1.0753e-01
2359.456,1.3035537741e-03,7.874693e-02,1.5062800458e+00,0.1053,1.0738e-01
2360.034,1.3051169897e-03,7.867986e-02,1.5062800458e+00,0.1053,1.0746e-01
2360.612,1.3058820337e-03,7.862934e-02,1.5062800458e+00,0.1053,1.0772e-01
2361.190,1.3057373839e-03,7.859468e-02,1.5062800458e+00,0.1053,1.0809e-01
2361.768,1.3046379413e-03,7.857177e-02,1.5062837872e+00,0.1404,1.0854e-01
2362.346,1.3026157701e-03,7.856165e-02,1.5062837872e+00,0.1404,1.1023e-01
2362.924,1.2997767005e-03,7.856269e-02,1.5062837872e+00,0.1404,1.1603e-01
2363.502,1.2962828436e-03,7.857323e-02,1.5062837872e+00,0.1404,1.2181e-01
2364.080,1.2923268155e-03,7.859174e-02,1.5062837872e+00,0.1404,1.2750e-01
2364.658,1.2881050412e-03,7.861699e-02,1.5062837872e+00,0.1404,1.3294e-01
2365.236,1.2837950779e-03,7.864782e-02,1.5062837872e+00,0.1404,1.3748e-01
2365.814,1.2795400410e-03,7.868318e-02,1.5062837872e+00,0.1404,1.3979e-01
2366.392,1.2754420276e-03,7.872220e-02,1.5062837872e+00,0.1404,1.4441e-01
2366.970,1.2715645733e-03,7.876346e-02,1.5062837872e+00,0.1404,1.5008e-01
2367.548,1.2679416198e-03,7.880528e-02,1.5062837872e+00,0.1404,1.5439e-01
2368.126,1.2645891325e-03,7.884656e-02,1.5062837872e+00,0.1404,1.5593e-01
2368.704,1.2615195922e-03,7.888589e-02,1.5062837872e+00,0.1404,1.5244e-01
2369.282,1.2587181276e-03,7.892205e-02,1.5062837872e+00,0.1404,1.4578e-01
2369.860,1.2562009713e-03,7.895444e-02,1.5062837872e+00,0.1404,1.4027e-01
2370.438,1.2540019076e-03,7.898194e-02,1.5062837872e+00,0.1404,1.1324e-01
2371.016,1.2521162616e-03,7.899925e-02,1.5062837872e+00,0.1404,1.1609e-01
2371.594,1.2505092988e-03,7.900331e-02,1.5062837872e+00,0.1404,1.1853e-01
2372.172,1.2491626291e-03,7.899151e-02,1.5062837872e+00,0.1404,1.1982e-01
2372.750,1.2481008227e-03,7.890562e-02,1.5062837872e+00,0.1053,1.2031e-01
2373.328,1.2473699176e-03,7.885707e-02,1.5062837872e+00,0.1053,1.2036e-01
2373.906,1.2469920686e-03,7.879245e-02,1.5062837872e+00,0.0702,1.0894e-01
2374.484,1.2469439629e-03,7.871260e-02,1.5062837872e+00,0.0702,1.0833e-01
2375.062,1.2471787141e-03,7.861896e-02,1.5062837872e+00,0.0702,1.0881e-01
2375.640,1.2476650792e-03,7.851366e-02,1.5062837872e+00,0.0702,1.1020e-01
2376.218,1.2484013571e-03,7.839949e-02,1.5062837872e+00,0.0702,1.1213e-01
2376.796,1.2493980278e-03,7.827983e-02,1.5062837872e+00,0.0702,1.1410e-01
2377.374,1.2506466352e-03,7.815835e-02,1.5062837872e+00,0.0702,1.1604e-01
2377.952,1.2521054793e-03,7.803898e-02,1.5062837872e+00,0.0702,1.1792e-01
2378.530,1.2537151396e-03,7.792564e-02,1.5062837872e+00,0.0702,1.1967e-01
2379.109,1.2554248590e-03,7.782210e-02,1.5062837872e+00,0.0702,1.2126e-01
2379.687,1.2572036580e-03,7.773184e-02,1.5062837872e+00,0.0702,1.2265e-01
2380.265,1.2590302189e-03,7.765778e-02,1.5062837872e+00,0.0702,1.2379e-01
2380.843,1.2608776360e-03,7.760218e-02,1.5062837872e+00,0.0702,1.2466e-01
2381.421,1.2627105208e-03,7.756672e-02,1.5062837872e+00,0.0702,1.2525e-01
2381.999,1.2644952608e-03,7.755232e-02,1.5062837872e+00,0.0702,1.2555e-01
2382.577,1.2662101687e-03,7.755916e-02,1.5062837872e+00,0.0702,1.2556e-01
2383.155,1.2678451324e-03,7.758664e-02,1.5062837872e+00,0.0702,1.2530e-01
2383.733,1.2693939367e-03,7.763342e-02,1.5062837872e+00,0.0702,1.2481e-01
2384.311,1.2708500719e-03,7.766687e-02,1.5062837872e+00,0.0351,1.2413e-01
2384.889,1.2722112490e-03,7.774317e-02,1.5062837872e+00,0.0351,1.2330e-01
2385.467,1.2734869968e-03,7.783125e-02,1.5062837872e+00,0.0351,1.2239e-01
2386.045,1.2746998373e-03,7.792771e-02,1.5062837872e+00,0.0702,1.2142e-01
2386.623,1.2758769008e-03,7.802883e-02,1.5062837872e+00,0.0702,1.2044e-01
2387.201,1.2770379383e-03,7.813083e-02,1.5062837872e+00,0.0702,1.1948e-01
2387.779,1.2781891867e-03,7.823014e-02,1.5062837872e+00,0.0702,1.1855e-01
2388.357,1.2793250742e-03,7.832361e-02,1.5062837872e+00,0.0702,1.1719e-01
2388.935,1.2804346337e-03,7.840881e-02,1.5062837872e+00,0.0702,1.1499e-01
2389.513,1.2815112359e-03,7.848421e-02,1.5062837872e+00,0.0702,1.1204e-01
2390.091,1.2825543553e-03,7.854924e-02,1.5062837872e+00,0.0702,1.0821e-01
2390.669,1.2835621747e-03,7.860465e-02,1.5062837872e+00,0.0702,1.0352e-01
2391.247,1.2845247531e-03,7.865243e-02,1.5062837872e+00,0.0702,9.8033e-02
2391.825,1.2854249572e-03,7.869537e-02,1.5062837872e+00,0.0702,9.1807e-02
2392.403,1.2862447518e-03,7.873707e-02,1.5062837872e+00,0.0702,8.4970e-02
2392.981,1.2869693785e-03,7.878165e-02,1.5062837872e+00,0.0702,7.7661e-02
2393.559,1.2875858134e-03,7.883348e-02,1.5062837872e+00,0.0702,6.9953e-02
2394.137,1.2880788936e-03,7.889688e-02,1.5062837872e+00,0.0702,6.1900e-02
2394.715,1.2884306293e-03,7.897594e-02,1.5062837872e+00,0.0702,5.3687e-02
2395.293,1.2886240723e-03,7.907412e-02,1.5062837872e+00,0.0702,4.7581e-02
2395.871,1.2886482019e-03,7.919388e-02,1.5062837872e+00,0.0702,4.8256e-02
2396.449,1.2884999242e-03,7.933670e-02,1.5062837872e+00,0.0702,4.8684e-02
2397.027,1.2881829597e-03,7.950301e-02,1.5062837872e+00,0.0702,4.8712e-02
2397.605,1.2877064329e-03,7.969215e-02,1.5062837872e+00,0.0702,4.8174e-02
2398.183,1.2870851999e-03,7.990251e-02,1.5062837872e+00,0.0702,4.6924e-02
2398.761,1.2863408630e-03,8.013153e-02,1.5062837872e+00,0.0702,4.4876e-02
2399.339,1.2855009023e-03,8.037614e-02,1.5062837872e+00,0.0702,4.2062e-02
2399.917,1.2845951044e-03,8.063280e-02,1.5062837872e+00,0.0702,3.8507e-02
2400.495,1.2836513924e-03,8.089763e-02,1.5062837872e+00,0.0702,3.4265e-02
2401.073,1.2826938895e-03,8.116675e-02,1.5062837872e+00,0.0702,2.9440e-02
2401.651,1.2817440969e-03,8.143642e-02,1.5062837872e+00,0.0702,2.5757e-02
2402.229,1.2808232814e-03,8.170329e-02,1.5062837872e+00,0.0702,2.9049e-02
2402.807,1.2799532587e-03,8.196398e-02,1.5062837872e+00,0.0702,3.2228e-02
2403.385,1.2791547232e-03,8.221544e-02,1.5062837872e+00,0.0702,3.5319e-02
2403.963,1.2784448036e-03,8.245495e-02,1.5062837872e+00,0.0702,3.8369e-02
2404.541,1.2778360624e-03,8.268003e-02,1.5062837872e+00,0.0702,4.1427e-02
2405.119,1.2773375060e-03,8.288844e-02,1.5062837872e+00,0.0702,4.4491e-02
2405.697,1.2769563231e-03,8.307814e-02,1.5062837872e+00,0.0702,5.1485e-02
2406.275,1.2766988192e-03,8.324746e-02,1.5062837872e+00,0.0702,5.8525e-02
2406.853,1.2765702694e-03,8.339521e-02,1.5062837872e+00,0.0702,6.3992e-02
2407.431,1.2765746237e-03,8.352031e-02,1.5062837872e+00,0.0702,6.7494e-02
2408.009,1.2767150536e-03,8.362181e-02,1.5062837872e+00,0.0702,6.8898e-02
2408.587,1.2769944079e-03,8.369890e-02,1.5062837872e+00,0.0702,6.7676e-02
2409.165,1.2774161858e-03,8.375072e-02,1.5062837872e+00,0.0702,7.2215e-02
2409.743,1.2779850868e-03,8.377662e-02,1.5062837872e+00,0.0702,7.7024e-02
2410.321,1.2787055315e-03,8.377616e-02,1.5062837872e+00,0.0702,8.1944e-02
2410.899,1.2795791399e-03,8.374876e-02,1.5062837872e+00,0.0702,8.6958e-02
2411.477,1.2806030365e-03,8.369379e-02,1.5062837872e+00,0.0702,9.2052e-02
2412.055,1.2817692984e-03,8.361052e-02,1.5062837872e+00,0.0702,9.7212e-02
2412.633,1.2830640526e-03,8.349828e-02,1.5062837872e+00,0.0702,1.0243e-01
2413.211,1.2844647912e-03,8.335651e-02,1.5062837872e+00,0.0702,1.0768e-01
2413.789,1.2859363106e-03,8.318453e-02,1.5062837872e+00,0.0702,1.1297e-01
2414.367,1.2874273601e-03,8.298188e-02,1.5062837872e+00,0.0702,1.1829e-01
2414.945,1.2888700510e-03,8.274812e-02,1.5062837872e+00,0.0702,1.2362e-01
2415.523,1.2901827101e-03,8.248315e-02,1.5062837872e+00,0.0702,1.2896e-01
2416.101,1.2912751100e-03,8.218740e-02,1.5062837872e+00,0.0702,1.3431e-01
2416.679,1.2920555049e-03,8.186208e-02,1.5062837872e+00,0.0702,1.3967e-01
2417.257,1.2924394517e-03,8.150941e-02,1.5062837872e+00,0.0702,1.4502e-01
2417.835,1.2923595496e-03,8.113265e-02,1.5062837872e+00,0.0702,1.5047e-01
2418.414,1.2917745225e-03,8.073672e-02,1.5062837872e+00,0.0702,1.5607e-01
2418.992,1.2906755160e-03,8.032772e-02,1.5062837872e+00,0.0702,1.6187e-01
2419.570,1.2890881436e-03,7.991227e-02,1.5062837872e+00,0.0702,1.6818e-01
2420.148,1.2870696710e-03,7.949787e-02,1.5062837872e+00,0.0702,1.7599e-01
2420.726,1.2847022537e-03,7.909262e-02,1.5062837872e+00,0.0702,1.8867e-01
2421.304,1.2820844738e-03,7.870491e-02,1.5062837872e+00,0.0702,1.9389e-01
2421.882,1.2793223498e-03,7.834316e-02,1.5062837872e+00,0.0702,1.9902e-01
2422.460,1.2765203338e-03,7.801535e-02,1.5062837872e+00,0.0702,1.9630e-01
2423.038,1.2737733678e-03,7.772872e-02,1.5062837872e+00,0.0702,1.8593e-01
2423.616,1.2711614543e-03,7.748743e-02,1.5062862181e+00,0.1053,1.7234e-01
2424.194,1.2687474669e-03,7.729760e-02,1.5062862181e+00,0.1053,1.5881e-01
2424.772,1.2665775540e-03,7.716269e-02,1.5062862181e+00,0.1053,1.4700e-01
2425.350,1.2646826921e-03,7.708465e-02,1.5062862181e+00,0.1053,1.3749e-01
2425.928,1.2630803171e-03,7.706379e-02,1.5062862181e+00,0.1053,1.3033e-01
2426.506,1.2617759204e-03,7.709877e-02,1.5062862181e+00,0.1053,9.2703e-02
2427.084,1.2607650571e-03,7.718660e-02,1.5062862181e+00,0.1053,9.0823e-02
2427.662,1.2600357126e-03,7.732294e-02,1.5062862181e+00,0.1053,8.5979e-02
2428.240,1.2595712023e-03,7.750230e-02,1.5062862181e+00,0.1053,7.8565e-02
2428.818,1.2593524087e-03,7.771833e-02,1.5062862181e+00,0.1053,6.9254e-02
2429.396,1.2593579931e-03,7.796385e-02,1.5062862181e+00,0.1053,4.3370e-02
2429.974,1.2595649695e-03,7.823121e-02,1.5062862181e+00,0.1053,4.1605e-02
2430.552,1.2599512379e-03,7.851261e-02,1.5062862181e+00,0.1053,4.2481e-02
2431.130,1.2604974807e-03,7.879999e-02,1.5062862181e+00,0.1053,4.3033e-02
2431.708,1.2611857403e-03,7.908537e-02,1.5062862181e+00,0.1053,4.2106e-02
2432.286,1.2619963114e-03,7.936103e-02,1.5062862181e+00,0.1053,4.0071e-02
2432.864,1.2629070892e-03,7.961958e-02,1.5062862181e+00,0.1053,3.7310e-02
2433.442,1.2638968647e-03,7.985401e-02,1.5062862181e+00,0.1053,3.3926e-02
2434.020,1.2649494360e-03,8.005778e-02,1.5062862181e+00,0.1053,3.1951e-02
2434.598,1.2660541949e-03,8.022494e-02,1.5062862181e+00,0.1053,3.2971e-02
2435.176,1.2672025691e-03,8.035023e-02,1.5062862181e+00,0.1053,3.3063e-02
2435.754,1.2683839404e-03,8.042936e-02,1.5062862181e+00,0.1053,3.1697e-02
2436.332,1.2695847533e-03,8.045924e-02,1.5062862181e+00,0.1053,2.9256e-02
2436.910,1.2707908622e-03,8.043818e-02,1.5062862181e+00,0.1053,3.3869e-02
2437.488,1.2719899978e-03,8.036611e-02,1.5062862181e+00,0.1053,3.7991e-02
2438.066,1.2731716017e-03,8.024475e-02,1.5062862181e+00,0.0702,4.1555e-02
2438.644,1.2743250101e-03,8.007778e-02,1.5062862181e+00,0.0702,4.4564e-02
2439.222,1.2754357081e-03,7.987072e-02,1.5062862181e+00,0.0702,4.7037e-02
2439.800,1.2764858499e-03,7.963087e-02,1.5062862181e+00,0.0702,5.3700e-02
2440.378,1.2774592277e-03,7.936704e-02,1.5062862181e+00,0.0702,6.1182e-02
2440.956,1.2783414773e-03,7.908909e-02,1.5062862181e+00,0.0702,6.8604e-02
2441.534,1.2791153458e-03,7.880759e-02,1.5062862181e+00,0.0702,7.5890e-02
2442.112,1.2797580365e-03,7.853348e-02,1.5062862181e+00,0.0702,8.2619e-02
2442.690,1.2802448747e-03,7.827720e-02,1.5062862181e+00,0.0702,8.8714e-02
2443.268,1.2805561543e-03,7.804802e-02,1.5062862181e+00,0.0702,9.4332e-02
2443.846,1.2806807712e-03,7.785357e-02,1.5062862181e+00,0.0702,9.9593e-02
2444.424,1.2806141586e-03,7.769976e-02,1.5062862181e+00,0.0702,1.0462e-01
2445.002,1.2803541135e-03,7.759007e-02,1.5062862181e+00,0.0702,1.0941e-01
2445.580,1.2798997059e-03,7.752508e-02,1.5062862181e+00,0.0702,1.1387e-01
2446.158,1.2792545207e-03,7.748738e-02,1.5062862181e+00,0.0351,1.1579e-01
2446.736,1.2784307921e-03,7.749660e-02,1.5062862181e+00,0.0351,1.1479e-01
2447.314,1.2774503945e-03,7.754120e-02,1.5062862181e+00,0.0351,1.1395e-01
2447.892,1.2763420571e-03,7.761605e-02,1.5062862181e+00,0.0351,1.1323e-01
2448.470,1.2751375599e-03,7.771554e-02,1.5062862181e+00,0.0351,1.1262e-01
2449.048,1.2738701918e-03,7.783423e-02,1.5062862181e+00,0.0351,1.1213e-01
2449.626,1.2725756839e-03,7.796736e-02,1.5062862181e+00,0.0351,1.1174e-01
2450.204,1.2712930556e-03,7.811127e-02,1.5062862181e+00,0.0351,1.1146e-01
2450.782,1.2700633751e-03,7.826364e-02,1.5062862181e+00,0.0351,1.1132e-01
2451.360,1.2689270651e-03,7.842347e-02,1.5062862181e+00,0.0351,1.1132e-01
2451.938,1.2679219949e-03,7.859099e-02,1.5062862181e+00,0.0351,1.1141e-01
2452.516,1.2670836919e-03,7.876736e-02,1.5062862181e+00,0.0351,1.1155e-01
2453.094,1.2664468948e-03,7.895430e-02,1.5062862181e+00,0.0351,1.1175e-01
2453.672,1.2660466510e-03,7.915368e-02,1.5062862181e+00,0.0351,1.1200e-01
2454.250,1.2659180613e-03,7.936711e-02,1.5062862181e+00,0.0351,1.1224e-01
2454.828,1.2660952694e-03,7.959556e-02,1.5062862181e+00,0.0351,1.1207e-01
2455.406,1.2666109389e-03,7.983909e-02,1.5062862181e+00,0.0351,1.1143e-01
2455.984,1.2674962722e-03,8.009667e-02,1.5062862181e+00,0.0351,1.1040e-01
2456.562,1.2687805806e-03,8.036615e-02,1.5062862181e+00,0.0351,1.0905e-01
2457.140,1.2704876811e-03,8.064433e-02,1.5062862181e+00,0.0351,1.0744e-01
2457.719,1.2726303721e-03,8.092713e-02,1.5062862181e+00,0.0351,1.0562e-01
2458.297,1.2752055072e-03,8.120987e-02,1.5062862181e+00,0.0351,1.0368e-01
2458.875,1.2781842730e-03,8.148747e-02,1.5062862181e+00,0.0351,1.0169e-01
2459.453,1.2814982539e-03,8.175476e-02,1.5062862181e+00,0.0351,9.9724e-02
2460.031,1.2850285861e-03,8.200664e-02,1.5062862181e+00,0.0351,9.7493e-02
2460.609,1.2886046333e-03,8.223828e-02,1.5062862181e+00,0.0351,9.4445e-02
2461.187,1.2920134226e-03,8.244524e-02,1.5062862181e+00,0.0351,9.0556e-02
2461.765,1.2950176711e-03,8.262360e-02,1.5062862181e+00,0.0351,8.5635e-02
2462.343,1.2973805333e-03,8.277002e-02,1.5062862181e+00,0.0351,7.9731e-02
2462.921,1.2988958213e-03,8.288181e-02,1.5062862181e+00,0.0351,7.2939e-02
2463.499,1.2994199468e-03,8.295696e-02,1.5062862181e+00,0.0351,6.5374e-02
2464.077,1.2988975442e-03,8.299421e-02,1.5062862181e+00,0.0351,5.9847e-02
2464.655,1.2973716162e-03,8.299307e-02,1.5062862181e+00,0.0351,5.9793e-02
2465.233,1.2949739858e-03,8.295376e-02,1.5062862181e+00,0.0351,5.8755e-02
2465.811,1.2918998649e-03,8.287717e-02,1.5062862181e+00,0.0351,5.6657e-02
2466.389,1.2883755743e-03,8.276483e-02,1.5062862181e+00,0.0351,5.3222e-02
2466.967,1.2846297431e-03,8.261872e-02,1.5062862181e+00,0.0351,4.7895e-02
2467.545,1.2808726010e-03,8.244130e-02,1.5062862181e+00,0.0351,4.0018e-02
2468.123,1.2772820834e-03,8.223542e-02,1.5062862181e+00,0.0351,3.1796e-02
2468.701,1.2739951357e-03,8.200430e-02,1.5062862181e+00,0.0351,3.2170e-02
2469.279,1.2711048891e-03,8.175147e-02,1.5062862181e+00,0.0351,3.2065e-02
2469.857,1.2686646915e-03,8.148044e-02,1.5062862181e+00,0.0351,3.1760e-02
2470.435,1.2666974187e-03,8.119527e-02,1.5062862181e+00,0.0351,3.2982e-02
2471.013,1.2652059957e-03,8.090029e-02,1.5062862181e+00,0.0351,3.4473e-02
2471.591,1.2641815940e-03,8.060007e-02,1.5062862181e+00,0.0351,3.5690e-02
2472.169,1.2636099508e-03,8.029937e-02,1.5062862181e+00,0.0351,3.8990e-02
2472.747,1.2634664781e-03,8.000312e-02,1.5062862181e+00,0.0351,4.3121e-02
2473.325,1.2637383336e-03,7.971629e-02,1.5062862181e+00,0.0351,4.7212e-02
2473.903,1.2644225131e-03,7.944379e-02,1.5062862181e+00,0.0351,5.1295e-02
2474.481,1.2655079806e-03,7.919035e-02,1.5062862181e+00,0.0351,5.5475e-02
2475.059,1.2669892831e-03,7.896032e-02,1.5062862181e+00,0.0351,5.9753e-02
2475.637,1.2688840981e-03,7.875763e-02,1.5062862181e+00,0.0351,6.3910e-02
2476.215,1.2712278962e-03,7.858557e-02,1.5062862181e+00,0.0351,6.8182e-02
2476.793,1.2740495162e-03,7.844670e-02,1.5062862181e+00,0.0351,7.3042e-02
2477.371,1.2773459572e-03,7.834292e-02,1.5062862181e+00,0.0351,7.7902e-02
2477.949,1.2810704949e-03,7.827544e-02,1.5062862181e+00,0.0351,8.2764e-02
2478.527,1.2851315507e-03,7.824487e-02,1.5062862181e+00,0.0351,8.7625e-02
2479.105,1.2893865353e-03,7.825120e-02,1.5062862181e+00,0.0351,9.2484e-02
2479.683,1.2936242615e-03,7.829392e-02,1.5062862181e+00,0.0351,9.7342e-02
2480.261,1.2975608070e-03,7.837224e-02,1.5062862181e+00,0.0351,1.0220e-01
2480.839,1.3008597710e-03,7.848502e-02,1.5062862181e+00,0.0351,1.0705e-01
2481.417,1.3031783456e-03,7.863068e-02,1.5062862181e+00,0.0351,1.1190e-01
2481.995,1.3042319402e-03,7.880713e-02,1.5062862181e+00,0.0351,1.1674e-01
2482.573,1.3038565311e-03,7.901159e-02,1.5062862181e+00,0.0351,1.2158e-01
2483.151,1.3020437721e-03,7.924051e-02,1.5062862181e+00,0.0351,1.2729e-01
2483.729,1.2989361690e-03,7.948942e-02,1.5062862181e+00,0.0351,1.4924e-01
2484.307,1.2947891448e-03,7.975265e-02,1.5062878591e+00,0.0702,1.3607e-01
2484.885,1.2899191374e-03,8.002376e-02,1.5062878591e+00,0.0702,1.4088e-01
2485.463,1.2846570436e-03,8.029556e-02,1.5062878591e+00,0.0702,1.4569e-01
2486.041,1.2793138689e-03,8.055972e-02,1.5062878591e+00,0.0702,1.5049e-01
2486.619,1.2741558407e-03,8.080735e-02,1.5062878591e+00,0.0702,1.5529e-01
2487.197,1.2693872253e-03,8.102920e-02,1.5062878591e+00,0.0702,1.6007e-01
2487.775,1.2651435616e-03,8.121598e-02,1.5062878591e+00,0.0702,1.6485e-01
2488.353,1.2615042731e-03,8.135891e-02,1.5062878591e+00,0.0702,1.6962e-01
2488.931,1.2584775073e-03,8.145024e-02,1.5062878591e+00,0.0702,1.7438e-01
2489.509,1.2560571376e-03,8.148406e-02,1.5062878591e+00,0.0702,1.7914e-01
2490.087,1.2542521561e-03,8.145470e-02,1.5062908924e+00,0.1053,1.8449e-01
2490.665,1.2530179299e-03,8.136252e-02,1.5062908924e+00,0.0702,2.0653e-01
2491.243,1.2522547896e-03,8.120835e-02,1.5062909035e+00,0.0702,1.9476e-01
2491.821,1.2518647951e-03,8.099621e-02,1.5062909064e+00,0.0702,2.0040e-01
2492.399,1.2517977850e-03,8.073295e-02,1.5062909169e+00,0.1053,2.0607e-01
2492.977,1.2520456334e-03,8.042796e-02,1.5062909178e+00,0.1053,2.1160e-01
2493.555,1.2526000711e-03,8.009274e-02,1.5062909178e+00,0.0702,2.1711e-01
2494.133,1.2534176088e-03,7.974023e-02,1.5062909178e+00,0.0702,2.2247e-01
2494.711,1.2544280360e-03,7.938427e-02,1.5062909178e+00,0.0702,2.2781e-01
2495.289,1.2555672648e-03,7.903900e-02,1.5062909180e+00,0.0702,2.3338e-01
2495.867,1.2567976452e-03,7.871686e-02,1.5062909180e+00,0.0702,2.3865e-01
2496.445,1.2581027821e-03,7.842849e-02,1.5062909180e+00,0.0702,2.4403e-01
2497.024,1.2594688932e-03,7.818232e-02,1.5062909180e+00,0.0702,2.4911e-01
2497.602,1.2608734364e-03,7.798404e-02,1.5062909180e+00,0.0702,2.5381e-01
2498.180,1.2622893783e-03,7.783740e-02,1.5062909180e+00,0.0702,2.5807e-01
2498.758,1.2636961358e-03,7.774484e-02,1.5062909180e+00,0.0702,2.6196e-01
2499.336,1.2650835305e-03,7.770768e-02,1.5062909180e+00,0.0702,2.6561e-01
2499.914,1.2664451634e-03,7.772650e-02,1.5062909180e+00,0.0702,2.6915e-01
2500.492,1.2677697406e-03,7.780136e-02,1.5062909180e+00,0.0702,2.7307e-01
2501.070,1.2690403065e-03,7.793203e-02,1.5062909180e+00,0.0702,2.7810e-01
2501.648,1.2702420641e-03,7.811781e-02,1.5062909180e+00,0.0702,3.5389e-01
2502.226,1.2713703913e-03,7.835746e-02,1.5062909180e+00,0.0702,6.4217e-01
2502.804,1.2724311284e-03,7.864836e-02,1.5062909180e+00,0.1053,2.9308e-01
2503.382,1.2734337687e-03,7.898606e-02,1.5062909180e+00,0.1053,2.9803e-01
2503.960,1.2743852734e-03,7.935986e-02,1.5062909180e+00,0.0702,3.0292e-01
2504.538,1.2752907343e-03,7.976744e-02,1.5062909180e+00,0.0702,3.0772e-01
2505.116,1.2761592918e-03,8.019471e-02,1.5062909180e+00,0.0702,3.1229e-01
2505.694,1.2770086086e-03,8.062839e-02,1.5062909180e+00,0.0702,3.1723e-01
2506.272,1.2778621409e-03,8.105389e-02,1.5062909180e+00,0.0702,1.2039e-01
2506.850,1.2787406730e-03,8.145606e-02,1.5062909180e+00,0.0702,1.1881e-01
2507.428,1.2796598463e-03,8.182029e-02,1.5062909180e+00,0.0702,1.1704e-01
2508.006,1.2806314821e-03,8.213351e-02,1.5062909180e+00,0.0702,1.1518e-01
2508.584,1.2816630907e-03,8.238525e-02,1.5062909180e+00,0.0702,1.1331e-01
2509.162,1.2827551937e-03,8.256836e-02,1.5062909180e+00,0.0702,1.1149e-01
2509.740,1.2838986297e-03,8.267951e-02,1.5062909180e+00,0.0702,1.0979e-01
2510.318,1.2850735159e-03,8.271927e-02,1.5062909180e+00,0.0702,1.0823e-01
2510.896,1.2862498974e-03,8.269200e-02,1.5062909180e+00,0.0702,1.0686e-01
2511.474,1.2873887316e-03,8.260299e-02,1.5062909180e+00,0.0351,1.0569e-01
2512.052,1.2884430033e-03,8.246665e-02,1.5062909180e+00,0.0351,1.0474e-01
2512.630,1.2893600670e-03,8.229269e-02,1.5062909180e+00,0.0351,1.0404e-01
2513.208,1.2900861226e-03,8.209349e-02,1.5062909180e+00,0.0351,1.0358e-01
2513.786,1.2905722487e-03,8.188121e-02,1.5062909180e+00,0.0351,1.0338e-01
2514.364,1.2907802137e-03,8.166706e-02,1.5062909180e+00,0.0351,1.0342e-01
2514.942,1.2906864677e-03,8.146082e-02,1.5062909180e+00,0.0351,1.0369e-01
2515.520,1.2902839254e-03,8.127058e-02,1.5062909180e+00,0.0351,1.0417e-01
2516.098,1.2895820770e-03,8.110274e-02,1.5062909180e+00,0.0351,1.0480e-01
2516.676,1.2886060506e-03,8.096210e-02,1.5062909180e+00,0.0351,1.0555e-01
2517.254,1.2873946899e-03,8.085209e-02,1.5062909180e+00,0.0351,1.0636e-01
2517.832,1.2859972356e-03,8.077500e-02,1.5062909180e+00,0.0351,1.0719e-01
2518.410,1.2844686155e-03,8.073223e-02,1.5062909180e+00,0.0351,1.0798e-01
2518.988,1.2828646427e-03,8.072448e-02,1.5062909180e+00,0.0351,1.0860e-01
2519.566,1.2812381498e-03,8.075189e-02,1.5062909180e+00,0.0351,1.0899e-01
2520.144,1.2796362302e-03,8.081414e-02,1.5062909180e+00,0.0351,1.0916e-01
2520.722,1.2780984638e-03,8.091042e-02,1.5062909180e+00,0.0351,1.0910e-01
2521.300,1.2766561291e-03,8.103938e-02,1.5062909180e+00,0.0351,1.0879e-01
2521.878,1.2753324667e-03,8.119902e-02,1.5062909180e+00,0.0351,1.0826e-01
2522.456,1.2741438530e-03,8.138662e-02,1.5062909180e+00,0.0351,1.0751e-01
2523.034,1.2731014673e-03,8.159863e-02,1.5062909180e+00,0.0351,1.0657e-01
2523.612,1.2722130021e-03,8.183071e-02,1.5062909180e+00,0.0351,1.0545e-01
2524.190,1.2714842303e-03,8.207776e-02,1.5062909180e+00,0.0351,1.0419e-01
2524.768,1.2709205523e-03,8.233407e-02,1.5062909180e+00,0.0351,1.0281e-01
2525.346,1.2705287056e-03,8.259339e-02,1.5062909180e+00,0.0351,1.0135e-01
2525.924,1.2703186282e-03,8.284915e-02,1.5062909180e+00,0.0351,9.9854e-02
2526.502,1.2703052813e-03,8.309466e-02,1.5062909180e+00,0.0351,9.8257e-02
2527.080,1.2705102746e-03,8.332322e-02,1.5062909180e+00,0.0351,9.5997e-02
2527.658,1.2709633327e-03,8.352841e-02,1.5062909180e+00,0.0351,9.3069e-02
2528.236,1.2717036270e-03,8.370419e-02,1.5062909180e+00,0.0351,8.9522e-02
2528.814,1.2727805080e-03,8.384512e-02,1.5062909180e+00,0.0351,8.5238e-02
2529.392,1.2742522672e-03,8.394654e-02,1.5062909180e+00,0.0351,8.0226e-02
2529.970,1.2761817652e-03,8.400479e-02,1.5062909180e+00,0.0351,7.9944e-02
2530.548,1.2786248621e-03,8.401726e-02,1.5062909180e+00,0.0351,8.5006e-02
2531.126,1.2816130408e-03,8.398256e-02,1.5062909180e+00,0.0351,9.0081e-02
2531.704,1.2851358241e-03,8.390049e-02,1.5062909180e+00,0.0351,9.5166e-02
2532.282,1.2891181554e-03,8.377207e-02,1.5062909180e+00,0.0351,1.0023e-01
2532.860,1.2933962140e-03,8.359938e-02,1.5062909180e+00,0.0351,8.9020e-02
2533.438,1.2977041160e-03,8.338550e-02,1.5062909180e+00,0.0351,6.5135e-02
2534.016,1.3016863827e-03,8.313433e-02,1.5062909180e+00,0.0351,5.9515e-02
2534.594,1.3049402110e-03,8.285053e-02,1.5062909180e+00,0.0351,4.7814e-02
2535.172,1.3070785999e-03,8.253919e-02,1.5062909180e+00,0.0351,3.9002e-02
2535.750,1.3077987414e-03,8.220560e-02,1.5062909180e+00,0.0351,3.1923e-02
2536.329,1.3069387424e-03,8.185523e-02,1.5062909180e+00,0.0351,2.9098e-02
2536.907,1.3045087788e-03,8.149361e-02,1.5062909180e+00,0.0351,3.0885e-02
2537.485,1.3006889712e-03,8.112614e-02,1.5062909180e+00,0.0351,3.2310e-02
2538.063,1.2957935488e-03,8.075807e-02,1.5062909180e+00,0.0351,3.3385e-02
2538.641,1.2902120048e-03,8.039440e-02,1.5062909180e+00,0.0351,3.4132e-02
2539.219,1.2843457844e-03,8.003994e-02,1.5062909180e+00,0.0351,3.4579e-02
2539.797,1.2785557486e-03,7.969917e-02,1.5062909180e+00,0.0351,3.4759e-02
2540.375,1.2731283880e-03,7.937622e-02,1.5062909180e+00,0.0351,3.4706e-02
2540.953,1.2682621126e-03,7.907481e-02,1.5062909180e+00,0.0351,3.4457e-02
2541.531,1.2640702319e-03,7.879819e-02,1.5062909180e+00,0.0351,3.4044e-02
2542.109,1.2605947820e-03,7.854905e-02,1.5062909180e+00,0.0351,3.6971e-02
2542.687,1.2578265688e-03,7.832948e-02,1.5062909180e+00,0.0351,4.4827e-02
2543.265,1.2557223438e-03,7.814098e-02,1.5062909180e+00,0.0351,4.5000e-02
2543.843,1.2542015086e-03,7.798447e-02,1.5062909180e+00,0.0351,3.9572e-02
2544.421,1.2532153803e-03,7.786008e-02,1.5062909180e+00,0.0351,3.5463e-02
2544.999,1.2527130916e-03,7.776734e-02,1.5062909180e+00,0.0351,3.8551e-02
2545.577,1.2526107131e-03,7.770531e-02,1.5062909180e+00,0.0351,4.1880e-02
2546.155,1.2528180212e-03,7.767262e-02,1.5062909180e+00,0.0351,4.4720e-02
2546.733,1.2532796682e-03,7.766772e-02,1.5062909180e+00,0.0351,4.6950e-02
2547.311,1.2539857851e-03,7.768899e-02,1.5062909180e+00,0.0351,4.8561e-02
2547.889,1.2549482186e-03,7.773481e-02,1.5062909180e+00,0.0351,4.9558e-02
2548.467,1.2561660692e-03,7.780365e-02,1.5062909180e+00,0.0351,4.9907e-02
2549.045,1.2576063921e-03,7.789411e-02,1.5062909180e+00,0.0351,4.9440e-02
2549.623,1.2592178675e-03,7.800495e-02,1.5062909180e+00,0.0351,4.8137e-02
2550.201,1.2609610344e-03,7.813503e-02,1.5062909180e+00,0.0351,4.5997e-02
2550.779,1.2628234573e-03,7.828323e-02,1.5062909180e+00,0.0351,4.5047e-02
2551.357,1.2648063099e-03,7.844836e-02,1.5062909180e+00,0.0351,4.5229e-02
2551.935,1.2668977945e-03,7.862897e-02,1.5062909180e+00,0.0351,4.9247e-02
2552.513,1.2690584919e-03,7.882327e-02,1.5062909180e+00,0.0351,5.3561e-02
2553.091,1.2712278185e-03,7.902898e-02,1.5062909180e+00,0.0351,5.7979e-02
2553.669,1.2733394398e-03,7.924322e-02,1.5062909180e+00,0.0351,6.2495e-02
2554.247,1.2753288852e-03,7.946246e-02,1.5062909180e+00,0.0351,6.7101e-02
2554.825,1.2771301608e-03,7.968250e-02,1.5062909180e+00,0.0351,7.1789e-02
2555.403,1.2786723390e-03,7.989845e-02,1.5062909180e+00,0.0351,7.6551e-02
2555.981,1.2798866206e-03,8.010482e-02,1.5062909180e+00,0.0351,8.1377e-02
2556.559,1.2807217122e-03,8.029579e-02,1.5062909180e+00,0.0351,8.6259e-02
2557.137,1.2811557782e-03,8.046537e-02,1.5062909180e+00,0.0351,9.1188e-02
2557.715,1.2811965600e-03,8.060781e-02,1.5062909180e+00,0.0351,9.6156e-02
2558.293,1.2808723866e-03,8.071796e-02,1.5062909180e+00,0.0351,1.0116e-01
2558.871,1.2802237645e-03,8.079164e-02,1.5062909180e+00,0.0351,1.0618e-01
2559.449,1.2793010207e-03,8.082607e-02,1.5062909180e+00,0.0351,1.1122e-01
2560.027,1.2781659804e-03,8.082012e-02,1.5062909180e+00,0.0351,1.1628e-01
2560.605,1.2768916162e-03,8.077466e-02,1.5062909180e+00,0.0351,1.2135e-01
2561.183,1.2755532509e-03,8.069235e-02,1.5062909180e+00,0.0351,1.2642e-01
2561.761,1.2742149186e-03,8.057759e-02,1.5062909180e+00,0.0351,1.3150e-01
2562.339,1.2729210604e-03,8.043631e-02,1.5062909180e+00,0.0351,1.3657e-01
2562.917,1.2716985765e-03,8.027551e-02,1.5062909180e+00,0.0351,1.4164e-01
2563.495,1.2705647301e-03,8.010276e-02,1.5062909180e+00,0.0351,1.4671e-01
2564.073,1.2695326824e-03,7.992582e-02,1.5062909180e+00,0.0351,1.5178e-01
2564.651,1.2686109759e-03,7.975224e-02,1.5062909180e+00,0.0351,1.5684e-01
2565.229,1.2678002405e-03,7.958890e-02,1.5062909180e+00,0.0351,1.6189e-01
2565.807,1.2670927009e-03,7.944172e-02,1.5062909180e+00,0.0351,1.6693e-01
2566.385,1.2664764330e-03,7.931542e-02,1.5062909180e+00,0.0351,1.7197e-01
2566.963,1.2659413947e-03,7.921337e-02,1.5062909180e+00,0.0351,1.7699e-01
2567.541,1.2654829610e-03,7.913758e-02,1.5062909180e+00,0.0351,1.8201e-01
2568.119,1.2651015725e-03,7.908884e-02,1.5062909180e+00,0.0351,1.8701e-01
2568.697,1.2648006580e-03,7.906703e-02,1.5062909180e+00,0.0351,1.9201e-01
2569.275,1.2645858211e-03,7.907157e-02,1.5062909180e+00,0.0351,1.9699e-01
2569.853,1.2644661475e-03,7.910194e-02,1.5062909180e+00,0.0351,2.0196e-01
2570.431,1.2644559492e-03,7.915821e-02,1.5062909180e+00,0.0351,2.0374e-01
2571.009,1.2645747279e-03,7.924136e-02,1.5062909180e+00,0.0351,2.0024e-01
2571.587,1.2648447853e-03,7.935340e-02,1.5062909180e+00,0.0351,1.8988e-01
2572.165,1.2652878871e-03,7.949716e-02,1.5062909180e+00,0.0351,1.7576e-01
2572.743,1.2659228857e-03,7.967587e-02,1.5062909180e+00,0.0351,1.6009e-01
2573.321,1.2667656296e-03,7.989251e-02,1.5062909180e+00,0.0351,1.1240e-01
2573.899,1.2678284966e-03,8.014911e-02,1.5062909180e+00,0.0351,1.1086e-01
2574.477,1.2691206052e-03,8.044619e-02,1.5062909180e+00,0.0351,1.0886e-01
2575.055,1.2706492128e-03,8.078226e-02,1.5062909180e+00,0.0351,1.0643e-01
2575.634,1.2724172600e-03,8.115370e-02,1.5062909180e+00,0.0351,1.0361e-01
2576.212,1.2744175530e-03,8.155471e-02,1.5062909180e+00,0.0351,1.0045e-01
2576.790,1.2766285462e-03,8.197768e-02,1.5062909180e+00,0.0351,9.6993e-02
2577.368,1.2790147380e-03,8.241348e-02,1.5062909180e+00,0.0351,9.3281e-02
2577.946,1.2815298021e-03,8.285206e-02,1.5062909180e+00,0.0351,8.9347e-02
2578.524,1.2841183448e-03,8.328286e-02,1.5062909180e+00,0.0351,8.5217e-02
2579.102,1.2867146219e-03,8.369533e-02,1.5062909180e+00,0.0351,8.0905e-02
2579.680,1.2892406092e-03,8.407932e-02,1.5062909180e+00,0.0351,7.6420e-02
2580.258,1.2916071939e-03,8.442545e-02,1.5062909180e+00,0.0351,7.1759e-02
2580.836,1.2937199497e-03,8.472538e-02,1.5062909180e+00,0.0351,6.6914e-02
2581.414,1.2954877154e-03,8.497212e-02,1.5062909180e+00,0.0351,6.1868e-02
2581.992,1.2968310871e-03,8.516028e-02,1.5062909180e+00,0.0351,5.6600e-02
2582.570,1.2976892950e-03,8.528622e-02,1.5062909180e+00,0.0351,5.1077e-02
2583.148,1.2980256191e-03,8.534820e-02,1.5062909180e+00,0.0351,4.5249e-02
2583.726,1.2978315953e-03,8.534641e-02,1.5062909180e+00,0.0351,3.9040e-02
2584.304,1.2971290768e-03,8.528297e-02,1.5062909180e+00,0.0351,3.3784e-02
2584.882,1.2959685806e-03,8.516180e-02,1.5062909180e+00,0.0351,3.0284e-02
2585.460,1.2944234170e-03,8.498849e-02,1.5062909180e+00,0.0351,2.7112e-02
2586.038,1.2925811079e-03,8.477006e-02,1.5062909180e+00,0.0351,3.2799e-02
2586.616,1.2905343558e-03,8.451449e-02,1.5062909180e+00,0.0351,3.8319e-02
2587.194,1.2883737940e-03,8.423048e-02,1.5062909180e+00,0.0351,4.3478e-02
2587.772,1.2861832520e-03,8.392719e-02,1.5062909180e+00,0.0351,4.8317e-02
2588.350,1.2840362765e-03,8.361380e-02,1.5062909180e+00,0.0351,5.2864e-02
2588.928,1.2819930580e-03,8.329906e-02,1.5062909180e+00,0.0351,5.7138e-02
2589.506,1.2800985192e-03,8.299108e-02,1.5062909180e+00,0.0351,6.1140e-02
2590.084,1.2783827624e-03,8.269703e-02,1.5062909180e+00,0.0351,6.4867e-02
2590.662,1.2768638049e-03,8.242299e-02,1.5062909180e+00,0.0351,6.8312e-02
2591.240,1.2755510648e-03,8.217386e-02,1.5062909180e+00,0.0351,7.1450e-02
2591.818,1.2744479597e-03,8.194989e-02,1.5062919792e+00,0.0702,7.2898e-02
2592.396,1.2735532512e-03,8.175827e-02,1.5062919792e+00,0.0702,7.4195e-02
2592.974,1.2728619975e-03,8.159890e-02,1.5062919792e+00,0.0702,7.5756e-02
2593.552,1.2723670229e-03,8.147230e-02,1.5062919792e+00,0.0702,7.7824e-02
2594.130,1.2720608787e-03,8.137857e-02,1.5062919792e+00,0.0702,8.0280e-02
2594.708,1.2719374887e-03,8.131720e-02,1.5062919792e+00,0.0702,8.2502e-02
2595.286,1.2719928205e-03,8.128710e-02,1.5062919792e+00,0.0702,8.4323e-02
2595.864,1.2722246924e-03,8.128684e-02,1.5062919792e+00,0.0702,8.5160e-02
2596.442,1.2726323360e-03,8.131468e-02,1.5062919792e+00,0.0702,8.4207e-02
2597.020,1.2732160942e-03,8.136867e-02,1.5062919792e+00,0.0702,8.1469e-02
2597.598,1.2739769915e-03,8.144638e-02,1.5062919792e+00,0.0702,8.2270e-02
2598.176,1.2749155746e-03,8.154527e-02,1.5062919792e+00,0.0702,8.6109e-02
2598.754,1.2760296840e-03,8.166269e-02,1.5062919792e+00,0.0702,8.9891e-02
2599.332,1.2773113554e-03,8.179671e-02,1.5062919792e+00,0.0351,1.0691e-01
2599.910,1.2787433553e-03,8.194330e-02,1.5062919792e+00,0.0351,9.7348e-02
2600.488,1.2802957360e-03,8.209883e-02,1.5062926237e+00,0.0351,1.0107e-01
2601.066,1.2819234352e-03,8.225687e-02,1.5062926237e+00,0.0702,1.0484e-01
2601.644,1.2835630705e-03,8.241798e-02,1.5062928435e+00,0.0351,1.0856e-01
2602.222,1.2851329398e-03,8.257280e-02,1.5062928435e+00,0.0702,1.1237e-01
2602.800,1.2865395427e-03,8.272147e-02,1.5062928435e+00,0.0351,3.7842e-01
2603.378,1.2876840545e-03,8.285525e-02,1.5062933159e+00,0.0702,1.2010e-01
2603.956,1.2884680874e-03,8.297217e-02,1.5062933159e+00,0.0702,1.2401e-01
2604.534,1.2888030395e-03,8.306707e-02,1.5062933159e+00,0.0702,1.2799e-01
2605.112,1.2886240829e-03,8.313578e-02,1.5062933159e+00,0.0702,1.3833e-01
2605.690,1.2879036117e-03,8.317445e-02,1.5062933159e+00,0.0702,2.6823e-01
2606.268,1.2866572092e-03,8.317978e-02,1.5062935996e+00,0.1053,1.3962e-01
2606.846,1.2849398860e-03,8.314916e-02,1.5062935996e+00,0.1053,1.4323e-01
2607.424,1.2828359745e-03,8.308088e-02,1.5062935996e+00,0.1053,1.4665e-01
2608.002,1.2804484291e-03,8.297396e-02,1.5062935996e+00,0.1053,1.4985e-01
2608.580,1.2778904756e-03,8.282826e-02,1.5062935996e+00,0.1053,1.5536e-01
2609.158,1.2752776620e-03,8.264450e-02,1.5062935996e+00,0.1053,1.6277e-01
2609.736,1.2727181531e-03,8.242440e-02,1.5062935996e+00,0.1053,1.7065e-01
2610.314,1.2703028852e-03,8.217062e-02,1.5062935996e+00,0.0702,1.7846e-01
2610.892,1.2680997129e-03,8.188686e-02,1.5062936178e+00,0.0702,1.7923e-01
2611.470,1.2661538946e-03,8.157770e-02,1.5062936178e+00,0.1053,1.8494e-01
2612.048,1.2644930876e-03,8.124864e-02,1.5062936178e+00,0.1053,1.9029e-01
2612.626,1.2631328954e-03,8.090579e-02,1.5062936178e+00,0.1053,1.9132e-01
2613.204,1.2620804525e-03,8.055600e-02,1.5062936178e+00,0.1053,1.8869e-01
2613.782,1.2613236907e-03,8.020659e-02,1.5062936178e+00,0.1053,1.9321e-01
2614.360,1.2608580178e-03,7.986497e-02,1.5062936178e+00,0.1053,1.9192e-01
2614.939,1.2606712073e-03,7.953839e-02,1.5062936178e+00,0.1053,1.8751e-01
2615.517,1.2607270637e-03,7.923368e-02,1.5062936178e+00,0.1053,1.8237e-01
2616.095,1.2609783420e-03,7.895698e-02,1.5062936178e+00,0.1053,1.7220e-01
2616.673,1.2613863209e-03,7.871351e-02,1.5062936178e+00,0.1053,1.6385e-01
2617.251,1.2619243851e-03,7.850740e-02,1.5062936178e+00,0.1053,1.6523e-01
2617.829,1.2625692167e-03,7.834178e-02,1.5062936178e+00,0.1053,1.6534e-01
2618.407,1.2632900984e-03,7.821893e-02,1.5062936178e+00,0.1053,1.6485e-01
2618.985,1.2640480760e-03,7.814004e-02,1.5062936178e+00,0.1053,1.5761e-01
2619.563,1.2648076344e-03,7.810530e-02,1.5062936178e+00,0.1053,1.5184e-01
2620.141,1.2655491793e-03,7.811374e-02,1.5062936178e+00,0.1053,1.5395e-01
2620.719,1.2662707422e-03,7.816440e-02,1.5062936178e+00,0.1053,1.5504e-01
2621.297,1.2669792085e-03,7.825629e-02,1.5062936178e+00,0.1053,1.5550e-01
2621.875,1.2676812036e-03,7.838823e-02,1.5062936178e+00,0.1053,1.5565e-01
2622.453,1.2683821179e-03,7.855669e-02,1.5062936178e+00,0.1053,1.5571e-01
2623.031,1.2690918604e-03,7.875733e-02,1.5062936178e+00,0.1053,1.4154e-01
2623.609,1.2698289159e-03,7.898567e-02,1.5062936178e+00,0.1053,1.4505e-01
2624.187,1.2706167863e-03,7.923681e-02,1.5062936178e+00,0.1053,1.4743e-01
2624.765,1.2714757340e-03,7.950510e-02,1.5062936178e+00,0.1053,1.4886e-01
2625.343,1.2724148992e-03,7.978527e-02,1.5062936178e+00,0.1053,1.4954e-01
2625.921,1.2734312141e-03,8.007253e-02,1.5062936178e+00,0.1053,1.4970e-01
2626.499,1.2745151051e-03,8.031773e-02,1.5062936178e+00,0.0702,1.4247e-01
2627.077,1.2756515945e-03,8.059992e-02,1.5062936178e+00,0.0702,1.2332e-01
2627.655,1.2768143579e-03,8.087148e-02,1.5062936178e+00,0.0702,1.2546e-01
2628.233,1.2779607977e-03,8.112677e-02,1.5062936178e+00,0.0702,1.2976e-01
2628.811,1.2790355905e-03,8.136073e-02,1.5062936178e+00,0.0702,1.3380e-01
2629.389,1.2799814620e-03,8.156915e-02,1.5062936178e+00,0.0702,1.3756e-01
2629.967,1.2807493958e-03,8.174878e-02,1.5062936178e+00,0.0702,8.9359e-02
2630.545,1.2813024120e-03,8.189748e-02,1.5062936178e+00,0.0702,9.0684e-02
2631.123,1.2816142513e-03,8.201437e-02,1.5062936178e+00,0.0702,9.2317e-02
2631.701,1.2816686643e-03,8.209975e-02,1.5062936178e+00,0.0702,9.4171e-02
2632.279,1.2814625486e-03,8.215501e-02,1.5062936178e+00,0.0702,9.6163e-02
2632.857,1.2810104445e-03,8.410829e-02,1.5062936178e+00,0.1053,9.8223e-02
2633.435,1.2803452913e-03,8.197314e-02,1.5062936178e+00,0.0702,1.0029e-01
2634.013,1.2795132301e-03,8.189764e-02,1.5062936178e+00,0.0702,1.0246e-01
2634.591,1.2785652053e-03,8.183688e-02,1.5062936178e+00,0.0702,1.0602e-01
2635.169,1.2775501563e-03,8.177638e-02,1.5062936178e+00,0.0702,1.0986e-01
2635.747,1.2765120643e-03,8.171318e-02,1.5062936178e+00,0.0702,1.1351e-01
2636.325,1.2754896065e-03,8.164782e-02,1.5062936178e+00,0.0702,1.1694e-01
2636.903,1.2745157365e-03,8.158158e-02,1.5062936178e+00,0.0702,1.2014e-01
2637.481,1.2736158818e-03,8.151582e-02,1.5062936178e+00,0.0702,1.2308e-01
2638.059,1.2728060617e-03,8.145187e-02,1.5062936178e+00,0.0702,1.2575e-01
2638.637,1.2720930680e-03,8.139105e-02,1.5062936178e+00,0.0702,1.2813e-01
2639.215,1.2714771605e-03,8.133480e-02,1.5062936178e+00,0.0702,1.3029e-01
2639.793,1.2709555794e-03,8.128456e-02,1.5062936178e+00,0.0702,1.3222e-01
2640.371,1.2705248137e-03,8.124177e-02,1.5062936178e+00,0.0702,1.3388e-01
2640.949,1.2701811379e-03,8.120775e-02,1.5062936178e+00,0.0702,1.3524e-01
2641.527,1.2699205891e-03,8.118364e-02,1.5062936178e+00,0.0702,1.3738e-01
2642.105,1.2697396877e-03,8.117040e-02,1.5062936178e+00,0.0702,1.4246e-01
2642.683,1.2696369606e-03,8.116878e-02,1.5062936178e+00,0.0702,1.4753e-01
2643.261,1.2696142405e-03,8.117928e-02,1.5062936178e+00,0.0702,7.6334e-02
2643.839,1.2696768627e-03,8.120231e-02,1.5062936178e+00,0.0702,7.1022e-02
2644.417,1.2698329653e-03,8.122505e-02,1.5062936178e+00,0.0351,6.5332e-02
2644.995,1.2700929246e-03,8.127382e-02,1.5062936178e+00,0.0351,5.9252e-02
2645.573,1.2704686779e-03,8.133561e-02,1.5062936178e+00,0.0351,5.2834e-02
2646.151,1.2709746760e-03,8.140993e-02,1.5062936178e+00,0.0351,5.1761e-02
2646.729,1.2716289598e-03,8.149589e-02,1.5062936178e+00,0.0351,5.7398e-02
2647.307,1.2724522384e-03,8.159226e-02,1.5062936178e+00,0.0351,6.1141e-02
2647.885,1.2734654789e-03,8.169724e-02,1.5062936178e+00,0.0351,6.3238e-02
2648.463,1.2746877703e-03,8.180853e-02,1.5062936178e+00,0.0351,6.4091e-02
2649.041,1.2761354453e-03,8.192346e-02,1.5062936178e+00,0.0351,6.3509e-02
2649.619,1.2778214885e-03,8.203901e-02,1.5062936178e+00,0.0351,6.0802e-02
2650.197,1.2797530237e-03,8.215193e-02,1.5062936178e+00,0.0351,5.5467e-02
2650.775,1.2819255834e-03,8.225886e-02,1.5062936178e+00,0.0351,4.6544e-02
2651.353,1.2843152029e-03,8.235657e-02,1.5062936178e+00,0.0351,3.1351e-02
2651.931,1.2868710703e-03,8.244225e-02,1.5062936178e+00,0.0351,2.8087e-02
2652.509,1.2895112950e-03,8.251335e-02,1.5062936178e+00,0.0351,3.0537e-02
2653.087,1.2921230298e-03,8.256799e-02,1.5062936178e+00,0.0351,3.2852e-02
2653.665,1.2945672321e-03,8.260520e-02,1.5062936178e+00,0.0351,3.5027e-02
2654.244,1.2966883407e-03,8.262479e-02,1.5062936178e+00,0.0351,3.7062e-02
2654.822,1.2983291525e-03,8.262727e-02,1.5062936178e+00,0.0351,3.8956e-02
2655.400,1.2993500031e-03,8.261384e-02,1.5062936178e+00,0.0351,4.0709e-02
2655.978,1.2996490466e-03,8.258630e-02,1.5062936178e+00,0.0351,4.2315e-02
2656.556,1.2991785604e-03,8.254688e-02,1.5062936178e+00,0.0351,4.3764e-02
2657.134,1.2979524874e-03,8.249821e-02,1.5062936178e+00,0.0351,4.5035e-02
2657.712,1.2960431946e-03,8.244353e-02,1.5062936178e+00,0.0351,4.6069e-02
2658.290,1.2935690167e-03,8.238484e-02,1.5062938044e+00,0.0702,4.7030e-02
2658.868,1.2906764101e-03,8.232617e-02,1.5062938044e+00,0.0702,5.1882e-02
2659.446,1.2875223134e-03,8.226930e-02,1.5062938044e+00,0.0351,5.6843e-02
2660.024,1.2842600004e-03,8.221905e-02,1.5062938044e+00,0.0351,6.1829e-02
2660.602,1.2810284075e-03,8.217635e-02,1.5062938044e+00,0.0351,6.6837e-02
2661.180,1.2779442597e-03,8.214328e-02,1.5062938044e+00,0.0351,7.1865e-02
2661.758,1.2750970208e-03,8.212156e-02,1.5062938044e+00,0.0351,7.6911e-02
2662.336,1.2725468334e-03,8.211248e-02,1.5062938044e+00,0.0351,8.1972e-02
2662.914,1.2703250407e-03,8.211697e-02,1.5062938044e+00,0.0351,8.7046e-02
2663.492,1.2684366911e-03,8.213555e-02,1.5062938044e+00,0.0351,9.2129e-02
2664.070,1.2668677852e-03,8.216659e-02,1.5062951931e+00,0.0702,9.7220e-02
2664.648,1.2655823924e-03,8.221155e-02,1.5062951931e+00,0.0702,1.0232e-01
2665.226,1.2645406870e-03,8.226915e-02,1.5062951931e+00,0.0702,1.0742e-01
2665.804,1.2637317423e-03,8.233771e-02,1.5062951931e+00,0.0702,1.1252e-01
2666.382,1.2631427869e-03,8.241521e-02,1.5062951931e+00,0.0702,1.1762e-01
2666.960,1.2627491632e-03,8.249892e-02,1.5062951931e+00,0.0702,1.2272e-01
2667.538,1.2625324278e-03,8.258557e-02,1.5062951931e+00,0.0702,1.2781e-01
2668.116,1.2624964552e-03,8.267134e-02,1.5062951931e+00,0.0702,1.3290e-01
2668.694,1.2626579184e-03,8.275197e-02,1.5062951931e+00,0.0702,1.3799e-01
2669.272,1.2630165213e-03,8.282285e-02,1.5062951931e+00,0.0702,1.4307e-01
2669.850,1.2635331970e-03,8.287918e-02,1.5062951931e+00,0.0702,1.4814e-01
2670.428,1.2641425477e-03,8.291610e-02,1.5062951931e+00,0.0702,1.8157e-01
2671.006,1.2647871603e-03,8.292897e-02,1.5062953184e+00,0.1053,1.5868e-01
2671.584,1.2654431208e-03,8.291374e-02,1.5062953184e+00,0.1053,1.6399e-01
2672.162,1.2661195317e-03,8.286709e-02,1.5062953184e+00,0.1053,1.6930e-01
2672.740,1.2668390029e-03,8.278755e-02,1.5062953184e+00,0.1053,1.7461e-01
2673.318,1.2676197079e-03,8.267489e-02,1.5062953184e+00,0.1053,1.7991e-01
2673.896,1.2684717099e-03,8.253029e-02,1.5062953184e+00,0.1053,1.8520e-01
2674.474,1.2694024958e-03,8.235656e-02,1.5062953184e+00,0.1053,1.9049e-01
2675.052,1.2704185238e-03,8.215814e-02,1.5062953184e+00,0.1053,1.9577e-01
2675.630,1.2715176119e-03,8.194089e-02,1.5062953184e+00,0.0702,2.0094e-01
2676.208,1.2726800493e-03,8.171174e-02,1.5062953224e+00,0.1053,2.0649e-01
2676.786,1.2738695656e-03,8.147822e-02,1.5062953267e+00,0.1053,2.1225e-01
2677.364,1.2750459823e-03,8.124803e-02,1.5062953267e+00,0.1053,2.1947e-01
2677.942,1.2761801110e-03,8.102857e-02,1.5062953267e+00,0.1053,2.3134e-01
2678.520,1.2772597210e-03,8.082653e-02,1.5062953267e+00,0.1053,2.4145e-01
2679.098,1.2782846123e-03,8.064761e-02,1.5062953267e+00,0.1053,2.4569e-01
2679.676,1.2792554536e-03,8.049613e-02,1.5062953267e+00,0.1053,2.3912e-01
2680.254,1.2801669215e-03,8.037506e-02,1.5062953267e+00,0.1053,2.2240e-01
2680.832,1.2810104780e-03,8.028592e-02,1.5062953267e+00,0.1053,1.9912e-01
2681.410,1.2817759515e-03,8.022873e-02,1.5062953267e+00,0.1053,1.7692e-01
2681.988,1.2824474881e-03,8.020211e-02,1.5062953267e+00,0.1053,1.5992e-01
2682.566,1.2830004267e-03,8.020338e-02,1.5062953267e+00,0.1053,1.4876e-01
2683.144,1.2834060125e-03,8.022875e-02,1.5062953267e+00,0.1053,1.4239e-01
2683.722,1.2836420669e-03,8.027361e-02,1.5062953267e+00,0.1053,1.3925e-01
2684.300,1.2837007052e-03,8.033289e-02,1.5062953267e+00,0.1053,1.3820e-01
2684.878,1.2835868122e-03,8.040142e-02,1.5062953267e+00,0.1053,1.3725e-01
2685.456,1.2833099284e-03,8.047440e-02,1.5062953267e+00,0.1053,1.3604e-01
2686.034,1.2828776892e-03,8.054779e-02,1.5062953267e+00,0.1053,1.3475e-01
2686.612,1.2822959150e-03,8.061854e-02,1.5062953267e+00,0.1053,1.3350e-01
2687.190,1.2815731391e-03,8.068493e-02,1.5062953267e+00,0.1053,1.3240e-01
2687.768,1.2807236928e-03,8.074674e-02,1.5062953267e+00,0.1053,1.3147e-01
2688.346,1.2797663436e-03,8.080514e-02,1.5062953267e+00,0.1053,1.3075e-01
2688.924,1.2787207527e-03,8.086255e-02,1.5062953267e+00,0.1053,1.2934e-01
2689.502,1.2776062527e-03,8.092225e-02,1.5062953267e+00,0.1053,1.2257e-01
2690.080,1.2764441869e-03,8.098801e-02,1.5062953267e+00,0.1053,1.1257e-01
2690.658,1.2752606942e-03,8.106358e-02,1.5062953267e+00,0.1053,1.1606e-01
2691.236,1.2740863906e-03,8.115232e-02,1.5062953267e+00,0.1053,1.1862e-01
2691.814,1.2729527446e-03,8.125680e-02,1.5062953267e+00,0.1053,1.2035e-01
2692.392,1.2718881026e-03,8.137861e-02,1.5062953267e+00,0.1053,1.2141e-01
2692.970,1.2709161633e-03,8.151825e-02,1.5062953267e+00,0.1053,1.2193e-01
2693.549,1.2700569032e-03,8.167519e-02,1.5062953267e+00,0.1053,1.1114e-01
2694.127,1.2693277263e-03,8.184786e-02,1.5062953267e+00,0.1053,9.3771e-02
2694.705,1.2687430435e-03,8.203378e-02,1.5062953267e+00,0.1053,9.2179e-02
2695.283,1.2683126332e-03,8.222975e-02,1.5062953267e+00,0.1053,9.7031e-02
2695.861,1.2680405107e-03,8.243205e-02,1.5062953267e+00,0.1053,1.0176e-01
2696.439,1.2679253367e-03,8.263654e-02,1.5062953267e+00,0.1053,1.0634e-01
2697.017,1.2679616899e-03,8.283893e-02,1.5062953267e+00,0.1053,1.1076e-01
2697.595,1.2681410205e-03,8.303495e-02,1.5062953267e+00,0.1053,1.1550e-01
2698.173,1.2684512278e-03,8.322045e-02,1.5062953267e+00,0.1053,1.2090e-01
2698.751,1.2688755468e-03,8.339161e-02,1.5062953267e+00,0.1053,1.2629e-01
2699.329,1.2693928255e-03,8.354495e-02,1.5062953267e+00,0.1053,1.3167e-01
2699.907,1.2699795225e-03,8.367744e-02,1.5062953267e+00,0.1053,1.3705e-01
2700.485,1.2706115262e-03,8.669371e-02,1.5062953267e+00,0.1404,1.4241e-01
2701.063,1.2712647915e-03,8.367291e-02,1.5062953267e+00,0.1053,1.2574e-01
2701.641,1.2719148449e-03,8.368334e-02,1.5062953267e+00,0.0702,1.2827e-01
2702.219,1.2725372459e-03,8.369245e-02,1.5062953267e+00,0.0702,2.1934e-02
2702.797,1.2731121200e-03,8.368566e-02,1.5062953267e+00,0.0702,2.1644e-02
2703.375,1.2736272889e-03,8.365792e-02,1.5062953267e+00,0.0702,2.1158e-02
2703.953,1.2740768945e-03,8.360753e-02,1.5062953267e+00,0.0702,2.4268e-02
2704.531,1.2744585347e-03,8.353449e-02,1.5062953267e+00,0.0702,2.8281e-02
2705.109,1.2747730462e-03,8.343971e-02,1.5062953267e+00,0.0702,3.2484e-02
2705.687,1.2750273812e-03,8.332475e-02,1.5062953267e+00,0.0702,3.6916e-02
2706.265,1.2752373886e-03,8.319167e-02,1.5062953267e+00,0.0702,4.1693e-02
2706.843,1.2754275954e-03,8.304280e-02,1.5062953267e+00,0.0702,4.6770e-02
2707.421,1.2756284201e-03,8.288078e-02,1.5062953267e+00,0.0702,5.2075e-02
2707.999,1.2758736821e-03,8.270867e-02,1.5062953267e+00,0.0702,5.7545e-02
2708.577,1.2762003727e-03,8.252937e-02,1.5062953267e+00,0.0702,6.3126e-02
2709.155,1.2766498742e-03,8.234558e-02,1.5062953267e+00,0.0702,6.8779e-02
2709.733,1.2772683370e-03,8.215985e-02,1.5062953267e+00,0.0702,7.4474e-02
2710.311,1.2781050868e-03,8.197464e-02,1.5062953267e+00,0.0702,7.9780e-02
2710.889,1.2792100422e-03,8.179239e-02,1.5062953267e+00,0.0702,8.1249e-02
2711.467,1.2806315179e-03,8.161515e-02,1.5062953267e+00,0.0702,7.7361e-02
2712.045,1.2824137593e-03,8.144515e-02,1.5062953267e+00,0.0702,6.9930e-02
2712.623,1.2845910574e-03,8.128456e-02,1.5062953267e+00,0.0702,6.1831e-02
2713.201,1.2871750501e-03,8.113492e-02,1.5062953267e+00,0.0702,5.4053e-02
2713.779,1.2901349027e-03,8.099769e-02,1.5062953267e+00,0.0702,4.7101e-02
2714.357,1.2933750533e-03,8.087414e-02,1.5062953267e+00,0.0702,4.2947e-02
2714.935,1.2967194024e-03,8.076525e-02,1.5062953267e+00,0.0702,4.3586e-02
2715.513,1.2999118378e-03,8.067165e-02,1.5062953267e+00,0.0702,4.1365e-02
2716.091,1.3026394181e-03,8.059384e-02,1.5062953267e+00,0.0702,3.8707e-02
2716.669,1.3045779646e-03,8.053207e-02,1.5062953267e+00,0.0702,3.5716e-02
2717.247,1.3054503624e-03,8.048640e-02,1.5062953267e+00,0.0702,3.2459e-02
2717.825,1.3050799158e-03,8.045661e-02,1.5062953267e+00,0.0702,2.9040e-02
2718.403,1.3034227009e-03,8.044222e-02,1.5062953267e+00,0.0702,2.5535e-02
2718.981,1.3005716496e-03,8.044243e-02,1.5062953267e+00,0.0702,2.3863e-02
2719.559,1.2967330030e-03,8.045617e-02,1.5062953267e+00,0.1053,3.0916e-02
2720.137,1.2921827538e-03,8.048207e-02,1.5062953267e+00,0.1053,2.7228e-02
2720.715,1.2872178776e-03,8.051850e-02,1.5062953267e+00,0.1053,2.5381e-02
2721.293,1.2821162645e-03,8.056367e-02,1.5062953267e+00,0.1053,2.5578e-02
2721.871,1.2771129076e-03,8.061564e-02,1.5062953267e+00,0.1053,2.5615e-02
2722.449,1.2723919298e-03,8.067245e-02,1.5062953267e+00,0.1053,2.6041e-02
2723.027,1.2680902789e-03,8.073219e-02,1.5062953267e+00,0.1053,2.8533e-02
2723.605,1.2643020176e-03,8.079308e-02,1.5062953267e+00,0.1053,3.0877e-02
2724.183,1.2610517035e-03,8.085348e-02,1.5062953267e+00,0.1053,3.3171e-02
2724.761,1.2583844078e-03,8.091203e-02,1.5062953267e+00,0.1053,3.5443e-02
2725.339,1.2563189597e-03,8.096766e-02,1.5062953267e+00,0.1053,3.7715e-02
2725.917,1.2547989117e-03,8.101967e-02,1.5062953267e+00,0.1053,4.0015e-02
2726.495,1.2537293648e-03,8.106766e-02,1.5062953267e+00,0.1053,4.2385e-02
2727.073,1.2530408688e-03,8.111086e-02,1.5062953267e+00,0.1053,4.4961e-02
2727.651,1.2527158969e-03,8.114952e-02,1.5062953267e+00,0.1053,4.7768e-02
2728.229,1.2527598778e-03,8.118460e-02,1.5062953267e+00,0.1053,5.0787e-02
2728.807,1.2531525665e-03,8.121741e-02,1.5062953267e+00,0.1053,5.3999e-02
2729.385,1.2538291273e-03,8.124947e-02,1.5062953267e+00,0.1053,5.7392e-02
2729.963,1.2547055203e-03,8.128241e-02,1.5062953267e+00,0.1053,6.1047e-02
2730.541,1.2557235541e-03,8.131774e-02,1.5062953267e+00,0.1053,6.4918e-02
2731.119,1.2568633344e-03,8.135679e-02,1.5062953267e+00,0.1053,7.0060e-02
2731.697,1.2581162777e-03,8.140056e-02,1.5062953267e+00,0.1053,7.5506e-02
2732.275,1.2594534401e-03,8.144966e-02,1.5062953267e+00,0.1053,8.0948e-02
2732.854,1.2608226176e-03,8.150427e-02,1.5062953267e+00,0.1053,8.6387e-02
2733.432,1.2621747132e-03,8.156415e-02,1.5062953267e+00,0.1053,9.1821e-02
2734.010,1.2634911383e-03,8.162865e-02,1.5062953267e+00,0.1053,9.7449e-02
2734.588,1.2647863733e-03,8.169612e-02,1.5062953267e+00,0.1053,1.0313e-01
2735.166,1.2660859767e-03,8.176793e-02,1.5062953267e+00,0.1053,1.0891e-01
2735.744,1.2674017351e-03,8.184403e-02,1.5062953267e+00,0.1053,1.1489e-01
2736.322,1.2687234799e-03,8.192356e-02,1.5062953267e+00,0.1053,1.2131e-01
2736.900,1.2700280270e-03,8.200548e-02,1.5062953267e+00,0.1053,1.2881e-01
2737.478,1.2712907699e-03,8.208884e-02,1.5062953267e+00,0.1053,1.3852e-01
2738.056,1.2724878229e-03,8.216522e-02,1.5062997961e+00,0.1404,1.4446e-01
2738.634,1.2735904329e-03,8.224172e-02,1.5062997961e+00,0.1053,1.4754e-01
2739.212,1.2745628740e-03,8.231389e-02,1.5062997962e+00,0.1404,1.5286e-01
2739.790,1.2753711208e-03,8.238106e-02,1.5062997962e+00,0.1404,1.5859e-01
2740.368,1.2759975740e-03,8.244232e-02,1.5062997962e+00,0.1404,1.6383e-01
2740.946,1.2764499426e-03,8.249706e-02,1.5062997962e+00,0.1404,1.6418e-01
2741.524,1.2767571004e-03,8.254464e-02,1.5062997962e+00,0.1404,1.6018e-01
2742.102,1.2769558466e-03,8.258412e-02,1.5062997962e+00,0.1404,1.5341e-01
2742.680,1.2770787946e-03,8.261436e-02,1.5062997962e+00,0.1404,1.1230e-01
2743.258,1.2771499206e-03,8.263327e-02,1.5062997962e+00,0.1404,1.1405e-01
2743.836,1.2771867583e-03,8.263941e-02,1.5062997962e+00,0.1404,9.9207e-02
2744.414,1.2772044059e-03,8.263195e-02,1.5062997962e+00,0.1404,9.6835e-02
2744.992,1.2772165900e-03,8.261040e-02,1.5062997962e+00,0.1404,9.6911e-02
2745.570,1.2772364650e-03,8.257546e-02,1.5062997962e+00,0.1404,9.5546e-02
2746.148,1.2772784589e-03,8.252889e-02,1.5062997962e+00,0.1404,9.2786e-02
2746.726,1.2773577384e-03,8.244334e-02,1.5062997962e+00,0.1053,9.1666e-02
2747.304,1.2774867412e-03,8.237057e-02,1.5062997962e+00,0.1053,8.9598e-02
2747.882,1.2776716715e-03,8.229006e-02,1.5062997962e+00,0.1053,8.5324e-02
2748.460,1.2779120217e-03,8.220254e-02,1.5062997962e+00,0.0702,8.1374e-02
2749.038,1.2782032300e-03,8.211305e-02,1.5062997962e+00,0.0702,8.1313e-02
2749.616,1.2785395422e-03,8.202355e-02,1.5062997962e+00,0.0702,8.3357e-02
2750.194,1.2789140883e-03,8.193686e-02,1.5062997962e+00,0.0702,8.5088e-02
2750.772,1.2793161449e-03,8.185583e-02,1.5062997962e+00,0.0702,8.6537e-02
2751.350,1.2797285546e-03,8.178332e-02,1.5062997962e+00,0.0702,8.7727e-02
2751.928,1.2801284568e-03,8.172219e-02,1.5062997962e+00,0.0702,8.8676e-02
2752.506,1.2804917608e-03,8.167536e-02,1.5062997962e+00,0.0702,8.9404e-02
2753.084,1.2807987781e-03,8.164571e-02,1.5062997962e+00,0.0702,8.9944e-02
2753.662,1.2810377429e-03,8.163599e-02,1.5062997962e+00,0.0702,9.0330e-02
2754.240,1.2812049026e-03,8.164878e-02,1.5062997962e+00,0.0702,9.0592e-02
2754.818,1.2813024121e-03,8.168650e-02,1.5062997962e+00,0.0702,9.0750e-02
2755.396,1.2813362228e-03,8.175127e-02,1.5062997962e+00,0.0702,9.0703e-02
2755.974,1.2813151381e-03,8.184491e-02,1.5062997962e+00,0.0702,9.0021e-02
2756.552,1.2812506462e-03,8.196864e-02,1.5062997962e+00,0.0702,8.8706e-02
2757.130,1.2811565678e-03,8.212297e-02,1.5062997962e+00,0.0702,8.6822e-02
2757.708,1.2810481801e-03,8.230754e-02,1.5062997962e+00,0.0702,8.4458e-02
2758.286,1.2809412830e-03,8.252093e-02,1.5062997962e+00,0.0702,8.1739e-02
2758.864,1.2808517338e-03,8.276069e-02,1.5062997962e+00,0.0702,7.8819e-02
2759.442,1.2807953818e-03,8.302331e-02,1.5062997962e+00,0.0702,7.5877e-02
2760.020,1.2807878635e-03,8.330426e-02,1.5062997962e+00,0.0702,7.3109e-02
2760.598,1.2808438995e-03,8.359810e-02,1.5062997962e+00,0.0702,7.0704e-02
2761.176,1.2809762731e-03,8.389876e-02,1.5062997962e+00,0.0702,6.8816e-02
2761.754,1.2811949374e-03,8.419977e-02,1.5062997962e+00,0.0702,6.7541e-02
2762.332,1.2815064359e-03,8.449462e-02,1.5062997962e+00,0.0702,6.6914e-02
2762.910,1.2819134395e-03,8.477695e-02,1.5062997962e+00,0.0702,6.6910e-02
2763.488,1.2824141811e-03,8.503985e-02,1.5062997962e+00,0.0351,6.7465e-02
2764.066,1.2830019353e-03,8.528008e-02,1.5062997962e+00,0.0351,6.8489e-02
2764.644,1.2836648934e-03,8.549198e-02,1.5062997962e+00,0.0351,6.9883e-02
2765.222,1.2843864346e-03,8.567194e-02,1.5062997962e+00,0.0351,7.1550e-02
2765.800,1.2851451171e-03,8.581740e-02,1.5062997962e+00,0.0351,7.3408e-02
2766.378,1.2859135036e-03,8.592692e-02,1.5062997962e+00,0.0351,7.5386e-02
2766.956,1.2866557286e-03,8.600026e-02,1.5062997962e+00,0.0351,7.7429e-02
2767.534,1.2873251697e-03,8.603795e-02,1.5063008801e+00,0.0702,7.9494e-02
2768.112,1.2878645753e-03,8.604224e-02,1.5063008801e+00,0.0702,8.1550e-02
2768.690,1.2882105322e-03,8.601579e-02,1.5063008801e+00,0.0702,8.3472e-02
2769.268,1.2883022125e-03,8.596197e-02,1.5063008801e+00,0.0702,8.5110e-02
2769.846,1.2880919630e-03,8.588454e-02,1.5063008801e+00,0.0702,8.6507e-02
2770.424,1.2875540626e-03,8.578738e-02,1.5063008801e+00,0.0702,8.7698e-02
2771.002,1.2866887345e-03,8.567426e-02,1.5063008801e+00,0.0702,8.8710e-02
2771.580,1.2855205769e-03,8.554852e-02,1.5063008801e+00,0.0702,8.9561e-02
2772.159,1.2840925362e-03,8.541295e-02,1.5063008801e+00,0.0702,9.0260e-02
2772.737,1.2824580607e-03,8.526952e-02,1.5063008801e+00,0.0702,9.0805e-02
2773.315,1.2806744389e-03,8.511919e-02,1.5063008801e+00,0.0702,9.1365e-02
2773.893,1.2787984612e-03,8.496186e-02,1.5063008801e+00,0.0702,9.6546e-02
2774.471,1.2768840516e-03,8.479630e-02,1.5063008801e+00,0.0702,1.0178e-01
2775.049,1.2749812737e-03,8.462019e-02,1.5063008801e+00,0.0702,1.0704e-01
2775.627,1.2731362666e-03,8.443034e-02,1.5063008801e+00,0.0702,1.1021e-01
2776.205,1.2713915524e-03,8.422294e-02,1.5063008801e+00,0.0702,9.0227e-02
2776.783,1.2697859455e-03,8.399422e-02,1.5063008801e+00,0.0702,8.9341e-02
2777.361,1.2683535342e-03,8.374078e-02,1.5063008801e+00,0.0702,8.8194e-02
2777.939,1.2671219541e-03,8.346024e-02,1.5063008801e+00,0.0702,8.6785e-02
2778.517,1.2661108618e-03,8.315174e-02,1.5063008801e+00,0.0702,8.5114e-02
2779.095,1.2653315005e-03,8.281639e-02,1.5063008801e+00,0.0702,8.3185e-02
2779.673,1.2647875801e-03,8.245560e-02,1.5063008801e+00,0.0351,8.1009e-02
2780.251,1.2644768359e-03,8.207868e-02,1.5063008801e+00,0.0351,7.9053e-02
2780.829,1.2643926373e-03,8.169169e-02,1.5063008801e+00,0.0351,8.0664e-02
2781.407,1.2645255617e-03,8.130397e-02,1.5063008801e+00,0.0351,8.1566e-02
2781.985,1.2648640737e-03,8.092573e-02,1.5063008801e+00,0.0351,8.1759e-02
2782.563,1.2653952133e-03,8.056734e-02,1.5063008801e+00,0.0351,8.1327e-02
2783.141,1.2661067824e-03,8.023860e-02,1.5063008801e+00,0.0351,8.0295e-02
2783.719,1.2669895354e-03,7.994797e-02,1.5063008801e+00,0.0351,7.8625e-02
2784.297,1.2680364918e-03,7.970216e-02,1.5063008801e+00,0.0351,7.6203e-02
2784.875,1.2692393643e-03,7.950573e-02,1.5063008801e+00,0.0351,7.2798e-02
2785.453,1.2705853038e-03,7.936101e-02,1.5063008801e+00,0.0351,6.7853e-02
2786.031,1.2720566972e-03,7.926810e-02,1.5063008801e+00,0.0351,6.0273e-02
2786.609,1.2736334751e-03,7.922506e-02,1.5063008801e+00,0.0351,5.2959e-02
2787.187,1.2752954794e-03,7.922810e-02,1.5063008801e+00,0.0351,5.3399e-02
2787.765,1.2770210362e-03,7.927192e-02,1.5063008801e+00,0.0351,5.4538e-02
2788.343,1.2787816352e-03,7.935000e-02,1.5063008801e+00,0.0351,5.5451e-02
2788.921,1.2805412405e-03,7.945531e-02,1.5063008801e+00,0.0351,5.5592e-02
2789.499,1.2822548277e-03,7.958069e-02,1.5063008801e+00,0.0351,5.5137e-02
2790.077,1.2838632510e-03,7.971943e-02,1.5063008801e+00,0.0351,5.3977e-02
2790.655,1.2852905170e-03,7.986518e-02,1.5063013919e+00,0.0702,5.2178e-02
2791.233,1.2864498400e-03,8.001342e-02,1.5063013919e+00,0.0702,4.9847e-02
2791.811,1.2872578557e-03,8.016008e-02,1.5063013919e+00,0.0702,4.7092e-02
2792.389,1.2876500735e-03,8.030187e-02,1.5063013919e+00,0.0702,4.4032e-02
2792.967,1.2875908007e-03,8.043599e-02,1.5063013919e+00,0.0702,4.0800e-02
2793.545,1.2870758630e-03,8.055985e-02,1.5063013919e+00,0.0702,3.7507e-02
2794.123,1.2861306510e-03,8.067059e-02,1.5063013919e+00,0.0351,3.8632e-02
2794.701,1.2848059757e-03,8.076704e-02,1.5063013919e+00,0.0351,4.3735e-02
2795.279,1.2831717369e-03,8.084695e-02,1.5063013919e+00,0.0351,4.8840e-02
2795.857,1.2813073738e-03,8.090918e-02,1.5063013919e+00,0.0351,5.3948e-02
2796.435,1.2792910382e-03,8.095340e-02,1.5063013919e+00,0.0351,5.9061e-02
2797.013,1.2771909473e-03,8.098018e-02,1.5063013919e+00,0.0351,6.4178e-02
2797.591,1.2750610592e-03,8.099094e-02,1.5063013919e+00,0.0351,6.9298e-02
2798.169,1.2729412752e-03,8.098796e-02,1.5063013919e+00,0.0351,7.4421e-02
2798.747,1.2708607465e-03,8.097422e-02,1.5063013919e+00,0.0351,7.9546e-02
2799.325,1.2688419898e-03,8.095326e-02,1.5063013919e+00,0.0351,8.4672e-02
2799.903,1.2669037851e-03,8.092905e-02,1.5063013919e+00,0.0351,8.9797e-02
2800.481,1.2650621608e-03,8.090566e-02,1.5063013919e+00,0.0351,9.4922e-02
2801.059,1.2633324440e-03,8.088671e-02,1.5063013919e+00,0.0351,1.0005e-01
2801.637,1.2617229667e-03,8.087534e-02,1.5063013919e+00,0.0351,1.0517e-01
2802.215,1.2602347810e-03,8.087390e-02,1.5063013919e+00,0.0351,1.1028e-01
2802.793,1.2588950200e-03,8.088398e-02,1.5063013919e+00,0.0351,1.1539e-01
2803.371,1.2577210885e-03,8.090637e-02,1.5063013919e+00,0.0351,1.2047e-01
2803.949,1.2567021613e-03,8.094125e-02,1.5063013919e+00,0.0351,1.2553e-01
2804.527,1.2558196988e-03,8.098829e-02,1.5063013919e+00,0.0351,1.3056e-01
2805.105,1.2550748657e-03,8.104681e-02,1.5063013919e+00,0.0351,1.3555e-01
2805.683,1.2544919302e-03,8.111590e-02,1.5063013919e+00,0.0351,1.4050e-01
2806.261,1.2540958061e-03,8.119459e-02,1.5063013919e+00,0.0351,1.4540e-01
2806.839,1.2538893697e-03,8.128195e-02,1.5063013919e+00,0.0351,1.5026e-01
2807.417,1.2538541192e-03,8.137726e-02,1.5063013919e+00,0.0351,1.5506e-01
2807.995,1.2539712744e-03,8.148010e-02,1.5063013919e+00,0.0351,1.5979e-01
2808.573,1.2542397661e-03,8.159031e-02,1.5063013919e+00,0.0351,1.6442e-01
2809.151,1.2546717128e-03,8.170801e-02,1.5063013919e+00,0.0351,1.6891e-01
2809.729,1.2552757109e-03,8.183345e-02,1.5063013919e+00,0.0351,1.7321e-01
2810.307,1.2560450377e-03,8.196694e-02,1.5063013919e+00,0.0351,1.7724e-01
2810.885,1.2569602551e-03,8.210860e-02,1.5063013919e+00,0.0351,1.8091e-01
2811.464,1.2580025908e-03,8.225829e-02,1.5063013919e+00,0.0351,1.8407e-01
2812.042,1.2591634625e-03,8.241538e-02,1.5063013919e+00,0.0351,1.8657e-01
2812.620,1.2604416596e-03,8.257874e-02,1.5063013919e+00,0.0351,1.8753e-01
2813.198,1.2618342908e-03,8.274669e-02,1.5063013919e+00,0.0351,1.8572e-01
2813.776,1.2633339400e-03,8.291708e-02,1.5063013919e+00,0.0351,8.2602e-02
2814.354,1.2649369345e-03,8.308732e-02,1.5063013919e+00,0.0351,8.2662e-02
2814.932,1.2666557369e-03,8.325450e-02,1.5063013919e+00,0.0351,8.2653e-02
2815.510,1.2685249932e-03,8.341561e-02,1.5063013919e+00,0.0351,8.2571e-02
2816.088,1.2705997280e-03,8.356761e-02,1.5063013919e+00,0.0351,8.2407e-02
2816.666,1.2729477709e-03,8.370762e-02,1.5063013919e+00,0.0351,8.2157e-02
2817.244,1.2756491788e-03,8.383299e-02,1.5063013919e+00,0.0351,8.1815e-02
2817.822,1.2788057913e-03,8.394142e-02,1.5063013919e+00,0.0351,8.1380e-02
2818.400,1.2825377441e-03,8.403102e-02,1.5063013919e+00,0.0351,8.0849e-02
2818.978,1.2869561164e-03,8.410036e-02,1.5063013919e+00,0.0351,8.0224e-02
2819.556,1.2921207274e-03,8.414849e-02,1.5063013919e+00,0.0351,7.9508e-02
2820.134,1.2979956858e-03,8.417498e-02,1.5063013919e+00,0.0351,7.8710e-02
2820.712,1.3044097517e-03,8.417990e-02,1.5063013919e+00,0.0351,7.7837e-02
2821.290,1.3110262415e-03,8.416381e-02,1.5063013919e+00,0.0351,7.6902e-02
2821.868,1.3173382912e-03,8.412772e-02,1.5063013919e+00,0.0351,7.5920e-02
2822.446,1.3227130100e-03,8.407310e-02,1.5063013919e+00,0.0351,7.4911e-02
2823.024,1.3264942403e-03,8.400179e-02,1.5063013919e+00,0.0351,7.3898e-02
2823.602,1.3281470582e-03,8.391598e-02,1.5063013919e+00,0.0351,7.2905e-02
2824.180,1.3273979356e-03,8.381819e-02,1.5063013919e+00,0.0351,7.4963e-02
2824.758,1.3243088670e-03,8.371116e-02,1.5063013919e+00,0.0351,7.8885e-02
2825.336,1.3192486402e-03,8.359786e-02,1.5063013919e+00,0.0351,8.2929e-02
2825.914,1.3127793966e-03,8.348140e-02,1.5063013919e+00,0.0351,8.7146e-02
2826.492,1.3055192633e-03,8.336493e-02,1.5063013919e+00,0.0351,9.1580e-02
2827.070,1.2980409068e-03,8.325161e-02,1.5063013919e+00,0.0351,9.6315e-02
2827.648,1.2908217160e-03,8.314452e-02,1.5063013919e+00,0.0351,1.0117e-01
2828.226,1.2842239338e-03,8.304656e-02,1.5063013919e+00,0.0351,1.0602e-01
2828.804,1.2784836434e-03,8.296041e-02,1.5063013919e+00,0.0351,1.1087e-01
2829.382,1.2737096218e-03,8.288840e-02,1.5063013919e+00,0.0351,1.1571e-01
2829.960,1.2699035436e-03,8.283251e-02,1.5063013919e+00,0.0351,1.2055e-01
2830.538,1.2670005545e-03,8.279429e-02,1.5063013919e+00,0.0351,1.2538e-01
2831.116,1.2649114254e-03,8.277483e-02,1.5063013919e+00,0.0351,1.3021e-01
2831.694,1.2635461206e-03,8.277484e-02,1.5063013919e+00,0.0351,1.3503e-01
2832.272,1.2628153204e-03,8.279463e-02,1.5063013919e+00,0.0351,1.3984e-01
2832.850,1.2626236399e-03,8.283414e-02,1.5063013919e+00,0.0351,1.4465e-01
2833.428,1.2628698511e-03,8.289294e-02,1.5063013919e+00,0.0351,1.4945e-01
2834.006,1.2634567012e-03,8.297023e-02,1.5063013919e+00,0.0351,5.4101e-02
2834.584,1.2643008426e-03,8.306487e-02,1.5063013919e+00,0.0351,5.6573e-02
2835.162,1.2653336312e-03,8.317533e-02,1.5063013919e+00,0.0351,5.8868e-02
2835.740,1.2664936467e-03,8.329972e-02,1.5063013919e+00,0.0351,6.0907e-02
2836.318,1.2677198563e-03,8.343584e-02,1.5063013919e+00,0.0351,6.2606e-02
2836.896,1.2689524167e-03,8.358119e-02,1.5063013919e+00,0.0351,6.3881e-02
2837.474,1.2701394825e-03,8.373298e-02,1.5063013919e+00,0.0351,6.4648e-02
2838.052,1.2712425992e-03,8.388828e-02,1.5063013919e+00,0.0351,6.4929e-02
2838.630,1.2722356577e-03,8.404401e-02,1.5063013919e+00,0.0351,6.5715e-02
2839.208,1.2730994180e-03,8.419704e-02,1.5063013919e+00,0.0351,6.8041e-02
2839.786,1.2738176345e-03,8.434439e-02,1.5063013919e+00,0.0351,6.6426e-02
2840.364,1.2743782788e-03,8.448308e-02,1.5063013919e+00,0.0351,6.0979e-02
2840.942,1.2747776898e-03,8.460999e-02,1.5063013919e+00,0.0351,5.8476e-02
2841.520,1.2750226840e-03,8.472174e-02,1.5063032715e+00,0.0702,5.8207e-02
2842.098,1.2751280617e-03,8.481551e-02,1.5063032715e+00,0.0702,5.8679e-02
2842.676,1.2751114943e-03,8.488897e-02,1.5063032715e+00,0.0702,6.0975e-02
2843.254,1.2749898342e-03,8.493943e-02,1.5063032715e+00,0.0702,6.5522e-02
2843.832,1.2747789316e-03,8.496423e-02,1.5063032715e+00,0.0702,7.0394e-02
2844.410,1.2744955811e-03,8.496099e-02,1.5063032715e+00,0.0702,7.5310e-02
2844.988,1.2741586857e-03,8.492759e-02,1.5063032715e+00,0.0702,8.0265e-02
2845.566,1.2737881076e-03,8.486225e-02,1.5063032715e+00,0.0702,8.5252e-02
2846.144,1.2734020809e-03,8.476370e-02,1.5063032715e+00,0.0702,9.0267e-02
2846.722,1.2730151155e-03,8.463144e-02,1.5063032715e+00,0.0702,9.5304e-02
2847.300,1.2726374512e-03,8.446596e-02,1.5063032715e+00,0.0702,1.0036e-01
2847.878,1.2722756632e-03,8.426901e-02,1.5063032715e+00,0.0702,1.0543e-01
2848.456,1.2719334411e-03,8.404336e-02,1.5063032715e+00,0.0702,1.1050e-01
2849.034,1.2716120839e-03,8.379374e-02,1.5063032715e+00,0.0702,1.1559e-01
2849.612,1.2713109202e-03,8.352561e-02,1.5063032715e+00,0.0702,1.2067e-01
2850.190,1.2710278963e-03,8.324495e-02,1.5063032715e+00,0.0702,1.2576e-01
2850.769,1.2707602405e-03,8.295799e-02,1.5063032715e+00,0.0702,1.3084e-01
2851.347,1.2705049017e-03,8.267087e-02,1.5063032715e+00,0.0702,1.3593e-01
2851.925,1.2702585847e-03,8.238931e-02,1.5063032715e+00,0.0702,1.4101e-01
2852.503,1.2700176590e-03,8.211851e-02,1.5063032715e+00,0.0702,1.4608e-01
2853.081,1.2697785887e-03,8.186296e-02,1.5063032715e+00,0.0702,1.5115e-01
2853.659,1.2695391869e-03,8.162636e-02,1.5063032715e+00,0.0702,1.5621e-01
2854.237,1.2693000302e-03,8.141151e-02,1.5063032715e+00,0.0702,1.6126e-01
2854.815,1.2690648682e-03,8.122025e-02,1.5063032715e+00,0.0702,1.6631e-01
2855.393,1.2688396600e-03,8.105349e-02,1.5063032715e+00,0.0702,1.7134e-01
2855.971,1.2686312650e-03,8.091131e-02,1.5063032715e+00,0.0702,1.7637e-01
2856.549,1.2684472213e-03,8.079320e-02,1.5063032715e+00,0.0702,1.8138e-01
2857.127,1.2682968973e-03,8.069844e-02,1.5063032715e+00,0.0702,1.8639e-01
2857.705,1.2681927826e-03,8.062643e-02,1.5063032715e+00,0.0702,1.9138e-01
2858.283,1.2681504472e-03,8.057698e-02,1.5063032715e+00,0.0702,1.9637e-01
2858.861,1.2681869890e-03,8.055044e-02,1.5063032715e+00,0.0702,2.0135e-01
2859.439,1.2683192119e-03,8.054767e-02,1.5063032715e+00,0.0702,2.0640e-01
2860.017,1.2685628710e-03,8.056982e-02,1.5063032715e+00,0.0702,2.1164e-01
2860.595,1.2689330940e-03,8.061802e-02,1.5063032715e+00,0.0702,2.1708e-01
2861.173,1.2694448853e-03,8.069303e-02,1.5063032715e+00,0.0702,2.2254e-01
2861.751,1.2701126369e-03,8.079489e-02,1.5063032715e+00,0.0702,2.2800e-01
2862.329,1.2709486343e-03,8.092274e-02,1.5063032715e+00,0.0702,2.3332e-01
2862.907,1.2719614677e-03,8.086380e-02,1.5063032715e+00,0.1053,2.3842e-01
2863.485,1.2731550984e-03,8.093931e-02,1.5063032715e+00,0.0702,2.4328e-01
2864.063,1.2745283710e-03,8.101825e-02,1.5063032715e+00,0.0702,2.4785e-01
2864.641,1.2760740636e-03,8.153438e-02,1.5063032715e+00,0.1053,2.5206e-01
2865.219,1.2777769140e-03,8.118839e-02,1.5063033666e+00,0.0702,2.5578e-01
2865.797,1.2796117508e-03,8.133194e-02,1.5063033666e+00,0.1053,2.6704e-01
2866.375,1.2815395225e-03,8.151543e-02,1.5063033666e+00,0.1053,2.6126e-01
2866.953,1.2835085710e-03,8.170491e-02,1.5063033666e+00,0.1053,2.3426e-01
2867.531,1.2854601570e-03,8.188504e-02,1.5063033666e+00,0.1053,2.0295e-01
2868.109,1.2873291440e-03,8.204697e-02,1.5063033666e+00,0.1053,1.7368e-01
2868.687,1.2890410482e-03,8.218488e-02,1.5063033666e+00,0.1053,1.5010e-01
2869.265,1.2905127394e-03,8.229469e-02,1.5063033666e+00,0.1053,1.0012e-01
2869.843,1.2916600535e-03,8.237363e-02,1.5063033666e+00,0.1053,6.4419e-02
2870.421,1.2924084690e-03,8.242021e-02,1.5063033666e+00,0.1053,5.6950e-02
2870.999,1.2927011183e-03,8.243419e-02,1.5063033666e+00,0.1053,5.4180e-02
2871.577,1.2925027802e-03,8.241659e-02,1.5063033666e+00,0.1053,5.9530e-02
2872.155,1.2918030099e-03,8.236965e-02,1.5063033666e+00,0.1053,6.4976e-02
2872.733,1.2906207638e-03,8.229682e-02,1.5063033666e+00,0.1053,5.4639e-02
2873.311,1.2890082433e-03,8.220256e-02,1.5063033666e+00,0.1053,5.1156e-02
2873.889,1.2870486374e-03,8.209219e-02,1.5063033666e+00,0.1053,4.7824e-02
2874.467,1.2848453428e-03,8.197161e-02,1.5063033666e+00,0.1053,4.4868e-02
2875.045,1.2825066132e-03,8.184698e-02,1.5063033666e+00,0.1053,4.2470e-02
2875.623,1.2801316424e-03,8.167211e-02,1.5063033666e+00,0.0702,4.4733e-02
2876.201,1.2778019532e-03,8.155216e-02,1.5063033666e+00,0.0702,5.0347e-02
2876.779,1.2755785318e-03,8.144545e-02,1.5063033666e+00,0.0702,5.4932e-02
2877.357,1.2735029292e-03,8.135664e-02,1.5063033666e+00,0.0702,5.9059e-02
2877.935,1.2716004327e-03,8.128937e-02,1.5063033666e+00,0.0702,6.3107e-02
2878.513,1.2698843129e-03,8.124592e-02,1.5063033666e+00,0.0702,6.7373e-02
2879.091,1.2683605894e-03,8.122737e-02,1.5063033666e+00,0.0702,7.2038e-02
2879.669,1.2670324454e-03,8.123438e-02,1.5063033666e+00,0.0702,7.7074e-02
2880.247,1.2659028669e-03,8.126636e-02,1.5063033666e+00,0.0702,8.2602e-02
2880.825,1.2649752705e-03,8.132157e-02,1.5063033666e+00,0.0702,8.8768e-02
2881.403,1.2642525918e-03,8.139751e-02,1.5063033666e+00,0.0702,9.5416e-02
2881.981,1.2637353322e-03,8.149105e-02,1.5063033666e+00,0.0702,1.0148e-01
2882.559,1.2634168016e-03,8.159853e-02,1.5063033666e+00,0.0702,1.0582e-01
2883.137,1.2632865090e-03,8.171558e-02,1.5063033666e+00,0.0702,1.0868e-01
2883.715,1.2633414858e-03,8.183833e-02,1.5063033666e+00,0.0702,1.1013e-01
2884.293,1.2635715218e-03,8.196372e-02,1.5063033666e+00,0.0702,1.0977e-01
2884.871,1.2639521759e-03,8.203162e-02,1.5063033666e+00,0.0351,1.0680e-01
2885.449,1.2644522858e-03,8.215201e-02,1.5063033666e+00,0.0351,1.0207e-01
2886.027,1.2650487190e-03,8.226768e-02,1.5063033666e+00,0.0351,9.6528e-02
2886.605,1.2657307178e-03,8.237672e-02,1.5063033666e+00,0.0351,9.0242e-02
2887.183,1.2664917014e-03,8.247743e-02,1.5063033666e+00,0.0351,8.3330e-02
2887.761,1.2673194222e-03,8.256822e-02,1.5063033666e+00,0.0351,7.5968e-02
2888.339,1.2681944887e-03,8.264777e-02,1.5063033666e+00,0.0351,6.8396e-02
2888.917,1.2690971658e-03,8.271511e-02,1.5063033666e+00,0.0351,6.0893e-02
2889.495,1.2700140704e-03,8.276994e-02,1.5063033666e+00,0.0351,5.3786e-02
2890.074,1.2709379257e-03,8.281143e-02,1.5063033666e+00,0.0351,4.7398e-02
2890.652,1.2718619577e-03,8.283951e-02,1.5063033666e+00,0.0351,4.1511e-02
2891.230,1.2727761558e-03,8.285439e-02,1.5063033666e+00,0.0351,3.6440e-02
2891.808,1.2736698299e-03,8.285653e-02,1.5063033666e+00,0.0351,3.2734e-02
2892.386,1.2745374144e-03,8.284656e-02,1.5063033666e+00,0.0351,3.0878e-02
2892.964,1.2753807919e-03,8.282523e-02,1.5063033666e+00,0.0351,3.1002e-02
2893.542,1.2762021329e-03,8.279340e-02,1.5063033666e+00,0.0351,3.1678e-02
2894.120,1.2769957864e-03,8.275204e-02,1.5063033666e+00,0.0351,3.2111e-02
2894.698,1.2777453091e-03,8.270202e-02,1.5063033666e+00,0.0351,3.3154e-02
2895.276,1.2784248932e-03,8.264412e-02,1.5063033666e+00,0.0351,3.5377e-02
2895.854,1.2790057305e-03,8.257904e-02,1.5063033666e+00,0.0351,3.8495e-02
2896.432,1.2794667306e-03,8.250733e-02,1.5063033666e+00,0.0351,4.1730e-02
2897.010,1.2798056123e-03,8.242950e-02,1.5063033666e+00,0.0351,4.5101e-02
2897.588,1.2800447392e-03,8.234597e-02,1.5063033666e+00,0.0351,4.8544e-02
2898.166,1.2802283669e-03,8.225713e-02,1.5063033666e+00,0.0351,5.2000e-02
2898.744,1.2804126480e-03,8.216336e-02,1.5063033666e+00,0.0351,5.5422e-02
2899.322,1.2806531126e-03,8.206507e-02,1.5063033666e+00,0.0351,5.8674e-02
2899.900,1.2809942124e-03,8.196272e-02,1.5063033666e+00,0.0351,6.1811e-02
2900.478,1.2814629323e-03,8.185690e-02,1.5063033666e+00,0.0351,6.4928e-02
2901.056,1.2820661075e-03,8.174833e-02,1.5063033666e+00,0.0351,6.8021e-02
2901.634,1.2827904709e-03,8.163798e-02,1.5063033666e+00,0.0351,7.1086e-02
2902.212,1.2836050107e-03,8.152700e-02,1.5063033666e+00,0.0351,7.4118e-02
2902.790,1.2844655441e-03,8.141674e-02,1.5063033666e+00,0.0351,7.7126e-02
2903.368,1.2853208852e-03,8.130871e-02,1.5063033666e+00,0.0351,8.0174e-02
2903.946,1.2861192479e-03,8.120459e-02,1.5063033666e+00,0.0351,8.3830e-02
2904.524,1.2868134743e-03,8.110630e-02,1.5063033666e+00,0.0351,8.7836e-02
2905.102,1.2873644462e-03,8.101585e-02,1.5063033666e+00,0.0351,9.1839e-02
2905.680,1.2877428951e-03,8.093528e-02,1.5063033666e+00,0.0351,9.5841e-02
2906.258,1.2879300523e-03,8.086665e-02,1.5063033666e+00,0.0351,9.9842e-02
2906.836,1.2879172202e-03,8.081205e-02,1.5063033666e+00,0.0351,1.0384e-01
2907.414,1.2877040735e-03,8.077348e-02,1.5063033666e+00,0.0351,1.0784e-01
2907.992,1.2872958207e-03,8.075283e-02,1.5063033666e+00,0.0351,1.1184e-01
2908.570,1.2867000411e-03,8.075179e-02,1.5063033666e+00,0.0351,1.1585e-01
2909.148,1.2859243871e-03,8.077176e-02,1.5063033666e+00,0.0351,1.1985e-01
2909.726,1.2849759876e-03,8.081243e-02,1.5063050979e+00,0.0702,1.2314e-01
2910.304,1.2838623694e-03,8.087612e-02,1.5063050979e+00,0.0702,1.2340e-01
2910.882,1.2825933803e-03,8.096280e-02,1.5063050979e+00,0.0702,1.2558e-01
2911.460,1.2811834069e-03,8.107205e-02,1.5063050979e+00,0.0702,1.2950e-01
2912.038,1.2796529377e-03,8.120296e-02,1.5063050979e+00,0.0702,1.3327e-01
2912.616,1.2780289691e-03,8.135400e-02,1.5063050979e+00,0.0702,1.3460e-01
2913.194,1.2763443713e-03,8.152302e-02,1.5063050979e+00,0.0702,1.2878e-01
2913.772,1.2746365258e-03,8.170740e-02,1.5063050979e+00,0.0702,1.1415e-01
2914.350,1.2729453737e-03,8.190271e-02,1.5063050979e+00,0.0351,1.1692e-01
2914.928,1.2713108981e-03,8.210768e-02,1.5063050979e+00,0.0351,1.1980e-01
2915.506,1.2697702595e-03,8.231720e-02,1.5063050979e+00,0.0351,1.1990e-01
2916.084,1.2683551235e-03,8.252746e-02,1.5063050979e+00,0.0351,1.1375e-01
2916.662,1.2670916934e-03,8.273438e-02,1.5063050979e+00,0.0351,1.0962e-01
2917.240,1.2659930092e-03,8.293389e-02,1.5063050979e+00,0.0351,9.9282e-02
2917.818,1.2650629029e-03,8.312196e-02,1.5063050979e+00,0.0351,7.8323e-02
2918.396,1.2643168284e-03,8.329473e-02,1.5063050979e+00,0.0351,8.2391e-02
2918.974,1.2637534897e-03,8.344865e-02,1.5063050979e+00,0.0351,8.5781e-02
2919.552,1.2633466529e-03,8.358061e-02,1.5063050979e+00,0.0351,8.8690e-02
2920.130,1.2630654455e-03,8.368802e-02,1.5063050979e+00,0.0351,9.1265e-02
2920.708,1.2628955279e-03,8.376883e-02,1.5063050979e+00,0.0351,9.3615e-02
2921.286,1.2628394032e-03,8.382155e-02,1.5063050979e+00,0.0351,9.5815e-02
2921.864,1.2628985087e-03,8.384522e-02,1.5063050979e+00,0.0351,9.7917e-02
2922.442,1.2630582613e-03,8.383942e-02,1.5063050979e+00,0.0351,9.9950e-02
2923.020,1.2632917733e-03,8.380425e-02,1.5063050979e+00,0.0351,1.0192e-01
2923.598,1.2635763035e-03,8.374033e-02,1.5063050979e+00,0.0351,1.0384e-01
2924.176,1.2639066060e-03,8.364886e-02,1.5063050979e+00,0.0351,1.0568e-01
2924.754,1.2642907176e-03,8.353157e-02,1.5063050979e+00,0.0351,1.0743e-01
2925.332,1.2647341119e-03,8.339078e-02,1.5063050979e+00,0.0351,1.0908e-01
2925.910,1.2652296897e-03,8.322933e-02,1.5063050979e+00,0.0351,1.1061e-01
2926.488,1.2657623914e-03,8.305055e-02,1.5063050979e+00,0.0351,1.1199e-01
2927.066,1.2663215493e-03,8.285823e-02,1.5063050979e+00,0.0351,1.1321e-01
2927.644,1.2669076748e-03,8.265648e-02,1.5063050979e+00,0.0351,1.1426e-01
2928.222,1.2675279651e-03,8.244968e-02,1.5063050979e+00,0.0351,1.1512e-01
2928.800,1.2681867250e-03,8.224227e-02,1.5063050979e+00,0.0351,1.1580e-01
2929.379,1.2688807437e-03,8.203871e-02,1.5063050979e+00,0.0351,1.1630e-01
2929.957,1.2696030223e-03,8.184328e-02,1.5063050979e+00,0.0351,1.1660e-01
2930.535,1.2703495263e-03,8.165998e-02,1.5063050979e+00,0.0351,1.1673e-01
2931.113,1.2711219361e-03,8.149238e-02,1.5063050979e+00,0.0351,1.1670e-01
2931.691,1.2719226226e-03,8.134353e-02,1.5063050979e+00,0.0351,1.1651e-01
2932.269,1.2727512144e-03,8.121581e-02,1.5063050979e+00,0.0351,1.1618e-01
2932.847,1.2736060184e-03,8.111096e-02,1.5063050979e+00,0.0351,1.1573e-01
2933.425,1.2744855765e-03,8.103001e-02,1.5063050979e+00,0.0351,1.1517e-01
2934.003,1.2753883631e-03,8.097331e-02,1.5063050979e+00,0.0351,1.1450e-01
2934.581,1.2763118417e-03,8.094054e-02,1.5063050979e+00,0.0351,1.1373e-01
2935.159,1.2772524995e-03,8.093079e-02,1.5063050979e+00,0.0351,1.1286e-01
2935.737,1.2782068180e-03,8.094255e-02,1.5063050979e+00,0.0351,1.1189e-01
2936.315,1.2791717942e-03,8.097380e-02,1.5063050979e+00,0.0351,1.1076e-01
2936.893,1.2801441095e-03,8.102209e-02,1.5063050979e+00,0.0351,1.0942e-01
2937.471,1.2811185893e-03,8.108466e-02,1.5063050979e+00,0.0351,1.0795e-01
2938.049,1.2820873792e-03,8.115859e-02,1.5063050979e+00,0.0351,1.0640e-01
2938.627,1.2830405431e-03,8.124090e-02,1.5063050979e+00,0.0351,1.0470e-01
2939.205,1.2839674829e-03,8.132875e-02,1.5063050979e+00,0.0351,1.0290e-01
2939.783,1.2848580111e-03,8.141956e-02,1.5063050979e+00,0.0351,1.0109e-01
2940.361,1.2857024879e-03,8.151111e-02,1.5063050979e+00,0.0351,9.9395e-02
2940.939,1.2864913829e-03,8.160171e-02,1.5063050979e+00,0.0351,9.7151e-02
2941.517,1.2872149858e-03,8.169021e-02,1.5063050979e+00,0.0351,9.2644e-02
2942.095,1.2878635662e-03,8.177594e-02,1.5063050979e+00,0.0351,8.6078e-02
2942.673,1.2884277382e-03,8.185866e-02,1.5063050979e+00,0.0351,7.7866e-02
2943.251,1.2888987632e-03,8.193851e-02,1.5063050979e+00,0.0351,6.8398e-02
2943.829,1.2892689272e-03,8.201604e-02,1.5063050979e+00,0.0351,5.8277e-02
2944.407,1.2895323045e-03,8.209197e-02,1.5063050979e+00,0.0351,4.8030e-02
2944.985,1.2896857708e-03,8.216707e-02,1.5063050979e+00,0.0351,3.8077e-02
2945.563,1.2897294588e-03,8.224205e-02,1.5063050979e+00,0.0351,3.2167e-02
2946.141,1.2896657671e-03,8.231741e-02,1.5063050979e+00,0.0351,3.2976e-02
2946.719,1.2894968525e-03,8.239338e-02,1.5063050979e+00,0.0351,3.3270e-02
2947.297,1.2892217062e-03,8.246985e-02,1.5063050979e+00,0.0351,3.3049e-02
2947.875,1.2888344797e-03,8.254640e-02,1.5063050979e+00,0.0351,3.2321e-02
2948.453,1.2883251952e-03,8.262230e-02,1.5063050979e+00,0.0351,3.1193e-02
2949.031,1.2876827165e-03,8.269665e-02,1.5063050979e+00,0.0351,3.3365e-02
2949.609,1.2868987714e-03,8.276841e-02,1.5063050979e+00,0.0351,3.5395e-02
2950.187,1.2859714106e-03,8.283649e-02,1.5063050979e+00,0.0351,3.7323e-02
2950.765,1.2849067095e-03,8.289984e-02,1.5063050979e+00,0.0351,3.9182e-02
2951.343,1.2837186367e-03,8.295744e-02,1.5063050979e+00,0.0351,4.1004e-02
2951.921,1.2824273652e-03,8.300843e-02,1.5063050979e+00,0.0351,4.2812e-02
2952.499,1.2810564419e-03,8.305203e-02,1.5063050979e+00,0.0351,4.4618e-02
2953.077,1.2796296579e-03,8.308762e-02,1.5063050979e+00,0.0351,4.7650e-02
2953.655,1.2781687136e-03,8.311457e-02,1.5063050979e+00,0.0351,5.1795e-02
2954.233,1.2766924195e-03,8.313247e-02,1.5063050979e+00,0.0351,5.6062e-02
2954.811,1.2752173599e-03,8.314107e-02,1.5063050979e+00,0.0351,6.0443e-02
2955.389,1.2737592638e-03,8.314022e-02,1.5063050979e+00,0.0351,6.4931e-02
2955.967,1.2723342395e-03,8.312993e-02,1.5063050979e+00,0.0351,6.9516e-02
2956.545,1.2709594541e-03,8.311024e-02,1.5063050979e+00,0.0351,7.4189e-02
2957.123,1.2696533147e-03,8.308135e-02,1.5063050979e+00,0.0351,7.8940e-02
2957.701,1.2684353854e-03,8.304360e-02,1.5063050979e+00,0.0351,8.3759e-02
2958.279,1.2673268568e-03,8.299747e-02,1.5063050979e+00,0.0351,8.8636e-02
2958.857,1.2663484123e-03,8.294361e-02,1.5063050979e+00,0.0351,9.3562e-02
2959.435,1.2655137247e-03,8.288280e-02,1.5063050979e+00,0.0351,9.8528e-02
2960.013,1.2648515069e-03,8.281588e-02,1.5063050979e+00,0.0351,1.0353e-01
2960.591,1.2643842766e-03,8.274370e-02,1.5063050979e+00,0.0351,1.0855e-01
2961.169,1.2641148278e-03,8.266701e-02,1.5063050979e+00,0.0351,1.1359e-01
2961.747,1.2640385461e-03,8.258654e-02,1.5063050979e+00,0.0351,1.1865e-01
2962.325,1.2641599860e-03,8.250275e-02,1.5063050979e+00,0.0351,1.2371e-01
2962.903,1.2644946967e-03,8.241580e-02,1.5063050979e+00,0.0351,1.2878e-01
2963.481,1.2650545039e-03,8.232542e-02,1.5063050979e+00,0.0351,1.3386e-01
2964.059,1.2658372475e-03,8.223086e-02,1.5063050979e+00,0.0351,1.3893e-01
2964.637,1.2668272221e-03,8.213087e-02,1.5063050979e+00,0.0351,1.4400e-01
2965.215,1.2680025116e-03,8.202377e-02,1.5063050979e+00,0.0351,1.4907e-01
2965.793,1.2693410363e-03,8.190752e-02,1.5063050979e+00,0.0351,1.5413e-01
2966.371,1.2708186167e-03,8.177985e-02,1.5063050979e+00,0.0351,1.5919e-01
2966.949,1.2724014179e-03,8.163846e-02,1.5063050979e+00,0.0351,5.6386e-02
2967.527,1.2740406776e-03,8.148096e-02,1.5063050979e+00,0.0351,5.3478e-02
2968.105,1.2756746059e-03,8.130518e-02,1.5063050979e+00,0.0351,5.2070e-02
2968.684,1.2772353762e-03,8.111001e-02,1.5063050979e+00,0.0351,5.1796e-02
2969.262,1.2786529656e-03,8.089547e-02,1.5063050979e+00,0.0351,5.2265e-02
2969.840,1.2798603467e-03,8.066299e-02,1.5063050979e+00,0.0351,5.3017e-02
2970.418,1.2807984386e-03,8.041554e-02,1.5063050979e+00,0.0351,5.2924e-02
2970.996,1.2814176414e-03,8.015766e-02,1.5063050979e+00,0.0351,5.1902e-02
2971.574,1.2816802092e-03,7.989534e-02,1.5063050979e+00,0.0351,4.9989e-02
2972.152,1.2815668857e-03,7.963572e-02,1.5063050979e+00,0.0351,4.7183e-02
2972.730,1.2810844447e-03,7.938666e-02,1.5063050979e+00,0.0351,4.3450e-02
2973.308,1.2802673281e-03,7.915624e-02,1.5063050979e+00,0.0351,3.8730e-02
2973.886,1.2791707204e-03,7.895219e-02,1.5063050979e+00,0.0351,3.2919e-02
2974.464,1.2778595933e-03,7.878139e-02,1.5063050979e+00,0.0351,2.7661e-02
2975.042,1.2764004550e-03,7.864940e-02,1.5063050979e+00,0.0351,2.9082e-02
2975.620,1.2748588564e-03,7.856024e-02,1.5063050979e+00,0.0351,3.0390e-02
2976.198,1.2732997700e-03,7.851606e-02,1.5063050979e+00,0.0351,3.1570e-02
2976.776,1.2717856144e-03,7.851717e-02,1.5063050979e+00,0.0351,3.2611e-02
2977.354,1.2703706199e-03,7.856235e-02,1.5063050979e+00,0.0351,3.3501e-02
2977.932,1.2690952802e-03,7.864894e-02,1.5063050979e+00,0.0351,3.4231e-02
2978.510,1.2679852007e-03,7.877317e-02,1.5063050979e+00,0.0351,3.4834e-02
2979.088,1.2670546638e-03,7.893048e-02,1.5063050979e+00,0.0351,3.7844e-02
2979.666,1.2663114949e-03,7.911594e-02,1.5063050979e+00,0.0351,4.0731e-02
2980.244,1.2657600629e-03,7.932454e-02,1.5063050979e+00,0.0351,4.3529e-02
2980.822,1.2653929530e-03,7.955157e-02,1.5063050979e+00,0.0351,4.6270e-02
2981.400,1.2652070131e-03,7.979280e-02,1.5063050979e+00,0.0351,4.8978e-02
2981.978,1.2651961114e-03,8.004464e-02,1.5063050979e+00,0.0351,5.1650e-02
2982.556,1.2653399930e-03,8.030413e-02,1.5063050979e+00,0.0351,5.4254e-02
2983.134,1.2656120455e-03,8.056886e-02,1.5063050979e+00,0.0351,5.6697e-02
2983.712,1.2659923576e-03,8.083689e-02,1.5063050979e+00,0.0351,5.8977e-02
2984.290,1.2664739788e-03,8.110654e-02,1.5063050979e+00,0.0351,6.1213e-02
2984.868,1.2670556914e-03,8.137631e-02,1.5063050979e+00,0.0351,6.3445e-02
2985.446,1.2677270115e-03,8.164471e-02,1.5063050979e+00,0.0351,6.5667e-02
2986.024,1.2684623911e-03,8.191020e-02,1.5063050979e+00,0.0351,6.8092e-02
2986.602,1.2692303318e-03,8.217106e-02,1.5063050979e+00,0.0351,7.0750e-02
2987.180,1.2700074264e-03,8.242538e-02,1.5063050979e+00,0.0351,7.3617e-02
2987.758,1.2707828497e-03,8.267094e-02,1.5063050979e+00,0.0351,7.6671e-02
2988.336,1.2715498037e-03,8.290525e-02,1.5063050979e+00,0.0351,7.9851e-02
2988.914,1.2722973395e-03,8.312558e-02,1.5063050979e+00,0.0351,8.2858e-02
2989.492,1.2730089656e-03,8.332903e-02,1.5063050979e+00,0.0351,8.5879e-02
2990.070,1.2736667016e-03,8.351274e-02,1.5063050979e+00,0.0351,8.8890e-02
2990.648,1.2742561438e-03,8.367399e-02,1.5063050979e+00,0.0351,9.2087e-02
2991.226,1.2747685828e-03,8.381043e-02,1.5063050979e+00,0.0351,9.5144e-02
2991.804,1.2751996558e-03,8.392038e-02,1.5063050979e+00,0.0351,9.8598e-02
2992.382,1.2755470034e-03,8.400278e-02,1.5063056363e+00,0.0351,1.0248e-01
2992.960,1.2758094071e-03,8.405726e-02,1.5063056363e+00,0.0702,1.0663e-01
2993.538,1.2759876051e-03,8.408481e-02,1.5063056363e+00,0.0702,1.1097e-01
2994.116,1.2760851282e-03,8.408691e-02,1.5063056363e+00,0.0702,1.1548e-01
2994.694,1.2761078137e-03,8.406614e-02,1.5063056363e+00,0.0702,1.2012e-01
2995.272,1.2760623977e-03,8.402586e-02,1.5063056363e+00,0.0702,1.2486e-01
2995.850,1.2759556629e-03,8.396993e-02,1.5063056363e+00,0.0702,1.2969e-01
2996.428,1.2757949147e-03,8.390241e-02,1.5063056363e+00,0.0702,1.3266e-01
2997.006,1.2755890642e-03,8.382737e-02,1.5063056363e+00,0.0702,1.3747e-01
2997.584,1.2753489995e-03,8.374859e-02,1.5063056363e+00,0.0702,1.4229e-01
2998.162,1.2750867903e-03,8.366934e-02,1.5063056363e+00,0.0702,1.4709e-01
2998.740,1.2748145044e-03,8.359054e-02,1.5063056363e+00,0.0351,1.5189e-01
2999.318,1.2745437050e-03,8.351711e-02,1.5063056363e+00,0.0351,1.5668e-01
2999.896,1.2742858746e-03,8.344946e-02,1.5063056363e+00,0.0351,1.6146e-01
3000.474,1.2740530779e-03,8.338855e-02,1.5063056363e+00,0.0351,1.6624e-01
3001.052,1.2738580930e-03,8.333494e-02,1.5063056363e+00,0.0351,1.7100e-01
3001.630,1.2737139637e-03,8.328883e-02,1.5063056363e+00,0.0351,1.7576e-01
3002.208,1.2736336063e-03,8.325018e-02,1.5063056363e+00,0.0351,1.7862e-01
3002.786,1.2736300750e-03,8.321886e-02,1.5063056363e+00,0.0351,1.6975e-01
3003.364,1.2737174899e-03,8.319478e-02,1.5063056363e+00,0.0351,1.5979e-01
3003.942,1.2739121354e-03,8.317800e-02,1.5063056363e+00,0.0351,1.5136e-01
3004.520,1.2742332973e-03,8.316885e-02,1.5063056363e+00,0.0351,1.4486e-01
3005.098,1.2747038681e-03,8.316794e-02,1.5063056363e+00,0.0351,1.4009e-01
3005.676,1.2753510768e-03,8.317612e-02,1.5063056363e+00,0.0351,1.3679e-01
3006.254,1.2762075174e-03,8.319438e-02,1.5063056363e+00,0.0351,1.3473e-01
3006.832,1.2773120496e-03,8.322376e-02,1.5063056363e+00,0.0351,1.3373e-01
3007.410,1.2787095129e-03,8.326519e-02,1.5063056363e+00,0.0351,1.3361e-01
3007.989,1.2804479285e-03,8.331931e-02,1.5063056363e+00,0.0351,1.3372e-01
3008.567,1.2825721178e-03,8.338632e-02,1.5063056363e+00,0.0351,9.3710e-02
3009.145,1.2851133566e-03,8.346593e-02,1.5063056363e+00,0.0351,9.1244e-02
3009.723,1.2880755914e-03,8.355721e-02,1.5063056363e+00,0.0351,8.8743e-02
3010.301,1.2914196854e-03,8.365860e-02,1.5063056363e+00,0.0351,8.6273e-02
3010.879,1.2950481841e-03,8.376794e-02,1.5063056363e+00,0.0351,8.3879e-02
3011.457,1.2987943389e-03,8.388257e-02,1.5063056363e+00,0.0351,8.1517e-02
3012.035,1.3024204950e-03,8.399936e-02,1.5063056363e+00,0.0351,7.9182e-02
3012.613,1.3056314420e-03,8.411491e-02,1.5063056363e+00,0.0351,7.6890e-02
3013.191,1.3081062920e-03,8.422559e-02,1.5063056363e+00,0.0351,7.4652e-02
3013.769,1.3095468050e-03,8.432774e-02,1.5063056363e+00,0.0351,7.2475e-02
3014.347,1.3097322463e-03,8.441780e-02,1.5063056363e+00,0.0351,7.0366e-02
3014.925,1.3085649864e-03,8.449240e-02,1.5063056363e+00,0.0351,6.8331e-02
3015.503,1.3060917103e-03,8.454853e-02,1.5063056363e+00,0.0351,6.6374e-02
3016.081,1.3024933077e-03,8.458359e-02,1.5063056363e+00,0.0351,6.4500e-02
3016.659,1.2980472010e-03,8.459549e-02,1.5063056363e+00,0.0351,6.2717e-02
3017.237,1.2930766855e-03,8.458268e-02,1.5063056363e+00,0.0351,6.1045e-02
3017.815,1.2879031282e-03,8.454426e-02,1.5063056363e+00,0.0351,5.9517e-02
3018.393,1.2828094642e-03,8.447998e-02,1.5063056363e+00,0.0351,5.8193e-02
3018.971,1.2780176744e-03,8.439016e-02,1.5063056363e+00,0.0351,5.7147e-02
3019.549,1.2736805663e-03,8.427563e-02,1.5063056363e+00,0.0351,5.6051e-02
3020.127,1.2698864504e-03,8.413783e-02,1.5063056363e+00,0.0351,5.3702e-02
3020.705,1.2666766203e-03,8.397871e-02,1.5063056363e+00,0.0351,4.9642e-02
3021.283,1.2640494014e-03,8.380071e-02,1.5063056363e+00,0.0351,4.3829e-02
3021.861,1.2619698733e-03,8.360658e-02,1.5063056363e+00,0.0351,4.2787e-02
3022.439,1.2604403291e-03,8.339936e-02,1.5063056363e+00,0.0351,4.7028e-02
3023.017,1.2594333229e-03,8.318231e-02,1.5063056363e+00,0.0351,5.1709e-02
3023.595,1.2588633832e-03,8.295878e-02,1.5063056363e+00,0.0351,5.6414e-02
3024.173,1.2586322650e-03,8.273218e-02,1.5063056363e+00,0.0351,6.1143e-02
3024.751,1.2586821622e-03,8.250590e-02,1.5063056363e+00,0.0351,6.5894e-02
3025.329,1.2590052752e-03,8.228309e-02,1.5063056363e+00,0.0351,7.0663e-02
3025.907,1.2596063910e-03,8.206684e-02,1.5063056363e+00,0.0351,7.5449e-02
3026.485,1.2604592663e-03,8.186014e-02,1.5063056363e+00,0.0351,8.0249e-02
3027.063,1.2615040603e-03,8.166577e-02,1.5063056363e+00,0.0351,8.5061e-02
3027.641,1.2626759268e-03,8.148621e-02,1.5063056363e+00,0.0351,8.9881e-02
3028.219,1.2639346530e-03,8.132357e-02,1.5063056363e+00,0.0351,9.4709e-02
3028.797,1.2652706395e-03,8.117961e-02,1.5063056363e+00,0.0351,9.9541e-02
3029.375,1.2666869179e-03,8.105561e-02,1.5063056363e+00,0.0351,1.0438e-01
3029.953,1.2681781344e-03,8.095231e-02,1.5063056363e+00,0.0351,1.0921e-01
3030.531,1.2697253955e-03,8.086994e-02,1.5063056363e+00,0.0351,1.1405e-01
3031.109,1.2713063498e-03,8.080812e-02,1.5063056363e+00,0.0351,1.1888e-01
3031.687,1.2729046699e-03,8.076594e-02,1.5063056363e+00,0.0351,1.2372e-01
3032.265,1.2745066344e-03,8.074191e-02,1.5063056363e+00,0.0351,1.2854e-01
3032.843,1.2760884341e-03,8.073470e-02,1.5063056363e+00,0.0351,1.3337e-01
3033.421,1.2776080479e-03,8.074192e-02,1.5063058948e+00,0.0702,1.3819e-01
3033.999,1.2790101924e-03,8.076169e-02,1.5063058948e+00,0.0702,1.4300e-01
3034.577,1.2802394039e-03,8.079197e-02,1.5063058948e+00,0.0702,1.4781e-01
3035.155,1.2812495449e-03,8.083050e-02,1.5063058948e+00,0.0702,1.5261e-01
3035.733,1.2820037837e-03,8.087515e-02,1.5063058948e+00,0.0702,1.5740e-01
3036.311,1.2824697754e-03,8.092385e-02,1.5063058948e+00,0.0702,1.6218e-01
3036.889,1.2826188263e-03,8.097469e-02,1.5063058948e+00,0.0702,1.6696e-01
3037.467,1.2824318664e-03,8.102594e-02,1.5063058948e+00,0.0702,1.7197e-01
3038.045,1.2819068209e-03,8.107658e-02,1.5063058948e+00,0.0702,1.7700e-01
3038.623,1.2810607599e-03,8.112585e-02,1.5063058948e+00,0.0702,1.8214e-01
3039.201,1.2799261998e-03,8.117285e-02,1.5063058948e+00,0.0702,1.8691e-01
3039.779,1.2785463047e-03,8.121635e-02,1.5063058948e+00,0.0702,1.9191e-01
3040.357,1.2769727705e-03,8.125549e-02,1.5063058948e+00,0.0702,1.9689e-01
3040.935,1.2752652932e-03,8.128984e-02,1.5063058948e+00,0.0702,2.0187e-01
3041.513,1.2734890781e-03,8.131905e-02,1.5063058948e+00,0.0702,2.0684e-01
3042.091,1.2717093000e-03,8.134304e-02,1.5063058948e+00,0.0702,2.1179e-01
3042.669,1.2699852211e-03,8.136199e-02,1.5063058948e+00,0.0702,2.1635e-01
3043.247,1.2683672445e-03,8.137615e-02,1.5063058948e+00,0.0702,2.1923e-01
3043.825,1.2668971723e-03,8.138573e-02,1.5063058948e+00,0.0702,2.2124e-01
3044.403,1.2656090245e-03,8.139087e-02,1.5063058948e+00,0.0702,2.2352e-01
3044.981,1.2645281194e-03,8.139158e-02,1.5063058948e+00,0.0702,2.2639e-01
3045.559,1.2636689655e-03,8.138752e-02,1.5063058948e+00,0.0702,2.2999e-01
3046.137,1.2630345071e-03,8.137791e-02,1.5063058948e+00,0.0702,2.3364e-01
3046.715,1.2626182947e-03,8.136153e-02,1.5063058948e+00,0.0702,2.3675e-01
3047.294,1.2624084655e-03,8.133699e-02,1.5063058948e+00,0.0702,2.3904e-01
3047.872,1.2623909216e-03,8.130273e-02,1.5063058948e+00,0.0702,2.4013e-01
3048.450,1.2625501985e-03,8.125723e-02,1.5063058948e+00,0.0702,2.3953e-01
3049.028,1.2628687530e-03,8.119923e-02,1.5063058948e+00,0.0702,2.3731e-01
3049.606,1.2633268002e-03,8.112798e-02,1.5063058948e+00,0.0702,2.3366e-01
3050.184,1.2639036410e-03,8.104345e-02,1.5063058948e+00,0.0702,2.2834e-01
3050.762,1.2645792078e-03,8.094653e-02,1.5063058948e+00,0.0702,2.2147e-01
3051.340,1.2653350810e-03,8.083909e-02,1.5063058948e+00,0.0702,2.1428e-01
3051.918,1.2661549918e-03,8.057921e-02,1.5063058948e+00,0.1053,2.0734e-01
3052.496,1.2670246157e-03,8.045297e-02,1.5063058948e+00,0.0702,1.9992e-01
3053.074,1.2679306618e-03,8.024636e-02,1.5063058948e+00,0.0702,8.5369e-02
3053.652,1.2688601484e-03,8.009749e-02,1.5063058948e+00,0.0702,8.6259e-02
3054.230,1.2698010074e-03,7.998235e-02,1.5063058948e+00,0.0702,8.7050e-02
3054.808,1.2707438875e-03,7.989027e-02,1.5063058948e+00,0.0351,8.6419e-02
3055.386,1.2716836565e-03,7.983402e-02,1.5063058948e+00,0.0351,8.5740e-02
3055.964,1.2726192660e-03,7.981130e-02,1.5063058948e+00,0.0351,8.5296e-02
3056.542,1.2735498981e-03,7.982455e-02,1.5063058948e+00,0.0351,8.5129e-02
3057.120,1.2744746578e-03,7.987555e-02,1.5063058948e+00,0.0351,8.5264e-02
3057.698,1.2753943680e-03,7.996522e-02,1.5063058948e+00,0.0351,8.5701e-02
3058.276,1.2763099449e-03,8.009333e-02,1.5063058948e+00,0.0351,8.6160e-02
3058.854,1.2772188487e-03,8.025816e-02,1.5063058948e+00,0.0351,8.6504e-02
3059.432,1.2781140177e-03,8.045631e-02,1.5063058948e+00,0.0351,8.6701e-02
3060.010,1.2789863864e-03,8.068257e-02,1.5063058948e+00,0.0351,8.6727e-02
3060.588,1.2798277518e-03,8.093018e-02,1.5063058948e+00,0.0351,8.6564e-02
3061.166,1.2806304529e-03,8.119123e-02,1.5063058948e+00,0.0351,8.6197e-02
3061.744,1.2813840640e-03,8.145726e-02,1.5063058948e+00,0.0351,8.5622e-02
3062.322,1.2820726560e-03,8.172000e-02,1.5063058948e+00,0.0351,8.4841e-02
3062.900,1.2826756254e-03,8.197204e-02,1.5063058948e+00,0.0351,8.3865e-02
3063.478,1.2831716211e-03,8.220731e-02,1.5063058948e+00,0.0351,8.2715e-02
3064.056,1.2835425111e-03,8.242138e-02,1.5063058948e+00,0.0351,8.1424e-02
3064.634,1.2837749910e-03,8.261153e-02,1.5063058948e+00,0.0351,8.0033e-02
3065.212,1.2838601302e-03,8.277669e-02,1.5063058948e+00,0.0351,7.8592e-02
3065.790,1.2837929033e-03,8.291736e-02,1.5063058948e+00,0.0351,7.7158e-02
3066.368,1.2835730412e-03,8.303538e-02,1.5063058948e+00,0.0351,7.5789e-02
3066.946,1.2832065413e-03,8.313377e-02,1.5063058948e+00,0.0351,7.4541e-02
3067.524,1.2827061724e-03,8.321658e-02,1.5063058948e+00,0.0351,7.3466e-02
3068.102,1.2820901946e-03,8.328857e-02,1.5063058948e+00,0.0351,7.2601e-02
3068.680,1.2813801155e-03,8.335487e-02,1.5063058948e+00,0.0351,7.1971e-02
3069.258,1.2805989246e-03,8.342048e-02,1.5063058948e+00,0.0351,7.1585e-02
3069.836,1.2797703007e-03,8.348990e-02,1.5063058948e+00,0.0351,7.1439e-02
3070.414,1.2789181636e-03,8.356674e-02,1.5063058948e+00,0.0351,7.1513e-02
3070.992,1.2780658620e-03,8.365360e-02,1.5063058948e+00,0.0351,7.1724e-02
3071.570,1.2772347515e-03,8.375199e-02,1.5063058948e+00,0.0351,7.1369e-02
3072.148,1.2764427197e-03,8.386230e-02,1.5063058948e+00,0.0351,7.0360e-02
3072.726,1.2757034850e-03,8.398390e-02,1.5063058948e+00,0.0351,6.8773e-02
3073.304,1.2750268891e-03,8.411526e-02,1.5063058948e+00,0.0351,6.6504e-02
3073.882,1.2744195989e-03,8.425396e-02,1.5063058948e+00,0.0351,6.3580e-02
3074.460,1.2738855210e-03,8.439691e-02,1.5063058948e+00,0.0351,6.0054e-02
3075.038,1.2734258453e-03,8.454048e-02,1.5063058948e+00,0.0351,5.5971e-02
3075.616,1.2730392378e-03,8.468073e-02,1.5063058948e+00,0.0351,5.1379e-02
3076.194,1.2727225771e-03,8.481361e-02,1.5063058948e+00,0.0351,4.6329e-02
3076.772,1.2724719263e-03,8.493515e-02,1.5063058948e+00,0.0351,4.0861e-02
3077.350,1.2722829840e-03,8.504155e-02,1.5063058948e+00,0.0351,3.5048e-02
3077.928,1.2721506754e-03,8.512929e-02,1.5063058948e+00,0.0351,2.8978e-02
3078.506,1.2720685331e-03,8.519518e-02,1.5063058948e+00,0.0351,2.6702e-02
3079.084,1.2720290901e-03,8.523647e-02,1.5063058948e+00,0.0351,2.8780e-02
3079.662,1.2720259101e-03,8.525091e-02,1.5063058948e+00,0.0351,3.0718e-02
3080.240,1.2720564076e-03,8.523686e-02,1.5063058948e+00,0.0351,3.2515e-02
3080.818,1.2721234062e-03,8.519335e-02,1.5063058948e+00,0.0351,3.4184e-02
3081.396,1.2722338200e-03,8.512012e-02,1.5063058948e+00,0.0351,3.5709e-02
3081.974,1.2723935856e-03,8.501765e-02,1.5063058948e+00,0.0351,3.7071e-02
3082.552,1.2726024690e-03,8.488718e-02,1.5063058948e+00,0.0351,3.8348e-02
3083.130,1.2728523467e-03,8.473067e-02,1.5063058948e+00,0.0351,4.0100e-02
3083.708,1.2731294830e-03,8.455076e-02,1.5063058948e+00,0.0351,4.1665e-02
3084.286,1.2734210007e-03,8.435110e-02,1.5063058948e+00,0.0351,4.1999e-02
3084.864,1.2737241475e-03,8.413536e-02,1.5063058948e+00,0.0351,4.4072e-02
3085.442,1.2740546130e-03,8.390761e-02,1.5063058948e+00,0.0351,4.6184e-02
3086.020,1.2744493449e-03,8.367225e-02,1.5063058948e+00,0.0351,4.8323e-02
3086.599,1.2749612422e-03,8.343241e-02,1.5063082411e+00,0.0702,5.0890e-02
3087.177,1.2756474181e-03,8.319358e-02,1.5063082411e+00,0.0702,5.3794e-02
3087.755,1.2765567539e-03,8.296023e-02,1.5063082411e+00,0.0702,5.8099e-02
3088.333,1.2777231216e-03,8.273620e-02,1.5063082411e+00,0.0702,6.2521e-02
3088.911,1.2791674436e-03,8.252486e-02,1.5063082411e+00,0.0702,6.7050e-02
3089.489,1.2809069987e-03,8.232908e-02,1.5063082411e+00,0.0702,7.1676e-02
3090.067,1.2829668912e-03,8.215109e-02,1.5063082411e+00,0.0702,7.6388e-02
3090.645,1.2853874696e-03,8.199240e-02,1.5063082411e+00,0.0702,8.1175e-02
3091.223,1.2882220477e-03,8.185379e-02,1.5063082411e+00,0.0702,8.6026e-02
3091.801,1.2915206985e-03,8.173548e-02,1.5063082411e+00,0.0702,9.0932e-02
3092.379,1.2952985340e-03,8.163713e-02,1.5063082411e+00,0.0702,9.5883e-02
3092.957,1.2994920744e-03,8.155797e-02,1.5063082411e+00,0.0702,1.0087e-01
3093.535,1.3039153817e-03,8.149699e-02,1.5063082411e+00,0.0702,1.0589e-01
3094.113,1.3082357461e-03,8.145346e-02,1.5063082411e+00,0.0702,1.1092e-01
3094.691,1.3119905726e-03,8.142607e-02,1.5063082411e+00,0.0702,1.1598e-01
3095.269,1.3146565720e-03,8.141342e-02,1.5063082411e+00,0.0702,1.2104e-01
3095.847,1.3157595660e-03,8.141415e-02,1.5063082411e+00,0.0702,1.2611e-01
3096.425,1.3149897499e-03,8.142698e-02,1.5063082411e+00,0.0702,1.3118e-01
3097.003,1.3122784919e-03,8.145090e-02,1.5063082411e+00,0.0702,1.3626e-01
3097.581,1.3078072592e-03,8.148509e-02,1.5063082411e+00,0.0702,1.4133e-01
3098.159,1.3019503519e-03,8.152881e-02,1.5063082411e+00,0.0702,1.4640e-01
3098.737,1.2951826390e-03,8.158140e-02,1.5063082411e+00,0.0702,1.5147e-01
3099.315,1.2879902720e-03,8.164219e-02,1.5063082411e+00,0.0702,1.5653e-01
3099.893,1.2808043850e-03,8.171040e-02,1.5063082411e+00,0.0702,1.6158e-01
3100.471,1.2739614538e-03,8.178500e-02,1.5063082411e+00,0.0702,1.6662e-01
3101.049,1.2676891787e-03,8.186473e-02,1.5063082411e+00,0.0702,1.7166e-01
3101.627,1.2621260647e-03,8.194797e-02,1.5063082411e+00,0.0702,1.7668e-01
3102.205,1.2573067872e-03,8.203290e-02,1.5063082411e+00,0.0702,1.8170e-01
3102.783,1.2532298491e-03,8.211720e-02,1.5063082411e+00,0.0702,1.8670e-01
3103.361,1.2499469198e-03,8.219811e-02,1.5063082411e+00,0.0702,1.9170e-01
3103.939,1.2474435963e-03,8.227268e-02,1.5063082411e+00,0.0702,1.9668e-01
3104.517,1.2456108224e-03,8.233797e-02,1.5063082411e+00,0.0702,2.0166e-01
3105.095,1.2443239771e-03,8.239081e-02,1.5063082411e+00,0.0702,2.0662e-01
3105.673,1.2435262966e-03,8.242808e-02,1.5063082411e+00,0.0702,2.1158e-01
3106.251,1.2432358084e-03,8.244685e-02,1.5063082411e+00,0.0702,2.1652e-01
3106.829,1.2434765260e-03,8.244454e-02,1.5063082411e+00,0.0702,2.1815e-01
3107.407,1.2442077062e-03,8.241910e-02,1.5063082411e+00,0.0702,2.1492e-01
3107.985,1.2453152793e-03,8.236913e-02,1.5063082411e+00,0.0702,2.0961e-01
3108.563,1.2466734598e-03,8.229403e-02,1.5063082411e+00,0.0702,2.0441e-01
3109.141,1.2482091513e-03,8.219408e-02,1.5063082411e+00,0.0702,1.9976e-01
3109.719,1.2499034433e-03,8.207054e-02,1.5063082411e+00,0.0702,1.9590e-01
3110.297,1.2517450803e-03,8.192571e-02,1.5063082411e+00,0.0702,1.9212e-01
3110.875,1.2536920747e-03,8.176291e-02,1.5063082411e+00,0.0702,1.8761e-01
3111.453,1.2556778146e-03,8.158642e-02,1.5063082411e+00,0.0702,1.8349e-01
3112.031,1.2576471960e-03,8.140126e-02,1.5063082411e+00,0.0702,1.8010e-01
3112.609,1.2595806032e-03,8.121305e-02,1.5063082411e+00,0.0702,1.7755e-01
3113.187,1.2614828824e-03,8.102767e-02,1.5063082411e+00,0.0702,6.2993e-02
3113.765,1.2633541611e-03,8.085102e-02,1.5063082411e+00,0.0702,6.6496e-02
3114.343,1.2651758185e-03,8.068868e-02,1.5063082411e+00,0.0702,7.0134e-02
3114.921,1.2669242720e-03,8.054556e-02,1.5063082411e+00,0.0702,7.3785e-02
3115.499,1.2685938070e-03,8.042569e-02,1.5063082411e+00,0.0702,7.7341e-02
3116.077,1.2702018253e-03,8.033200e-02,1.5063082411e+00,0.0702,8.0717e-02
3116.655,1.2717712840e-03,8.026618e-02,1.5063082411e+00,0.0702,8.3861e-02
3117.233,1.2733099400e-03,8.022867e-02,1.5063082411e+00,0.0702,8.6737e-02
3117.811,1.2748078490e-03,8.021878e-02,1.5063082411e+00,0.0702,8.9314e-02
3118.389,1.2762539965e-03,8.023475e-02,1.5063082411e+00,0.0702,9.1571e-02
3118.967,1.2776535651e-03,8.027389e-02,1.5063082411e+00,0.0702,9.3492e-02
3119.545,1.2790286508e-03,8.033277e-02,1.5063082411e+00,0.0702,9.5064e-02
3120.123,1.2804032548e-03,8.040735e-02,1.5063082411e+00,0.0702,9.6283e-02
3120.701,1.2817878954e-03,8.048499e-02,1.5063082411e+00,0.0351,9.6433e-02
3121.279,1.2831765754e-03,8.057613e-02,1.5063082411e+00,0.0351,9.6148e-02
3121.857,1.2845545523e-03,8.066945e-02,1.5063082411e+00,0.0351,9.5979e-02
3122.435,1.2859054350e-03,8.076070e-02,1.5063082411e+00,0.0351,9.5826e-02
3123.013,1.2872096379e-03,8.084600e-02,1.5063082411e+00,0.0351,9.5612e-02
3123.591,1.2884376247e-03,8.092201e-02,1.5063082411e+00,0.0351,9.5281e-02
3124.169,1.2895460891e-03,8.098628e-02,1.5063082411e+00,0.0351,9.4792e-02
3124.747,1.2904806234e-03,8.103751e-02,1.5063082411e+00,0.0351,9.4118e-02
3125.325,1.2911869378e-03,8.107583e-02,1.5063082411e+00,0.0351,9.3247e-02
3125.904,1.2916184750e-03,8.110287e-02,1.5063082411e+00,0.0351,9.2173e-02
3126.482,1.2917352921e-03,8.112173e-02,1.5063082411e+00,0.0351,9.0908e-02
3127.060,1.2915028718e-03,8.113676e-02,1.5063082411e+00,0.0351,8.9473e-02
3127.638,1.2908991451e-03,8.115294e-02,1.5063082411e+00,0.0351,8.7899e-02
3128.216,1.2899266122e-03,8.117545e-02,1.5063082411e+00,0.0351,8.6231e-02
3128.794,1.2886186403e-03,8.120916e-02,1.5063082411e+00,0.0351,8.4524e-02
3129.372,1.2870332087e-03,8.125813e-02,1.5063082411e+00,0.0351,8.2840e-02
3129.950,1.2852386410e-03,8.132545e-02,1.5063082411e+00,0.0351,8.1155e-02
3130.528,1.2833024904e-03,8.141302e-02,1.5063082411e+00,0.0351,7.9455e-02
3131.106,1.2812892223e-03,8.152165e-02,1.5063082411e+00,0.0351,7.7797e-02
3131.684,1.2792627720e-03,8.165109e-02,1.5063082411e+00,0.0351,7.6240e-02
3132.262,1.2772867606e-03,8.180019e-02,1.5063082411e+00,0.0351,7.4839e-02
3132.840,1.2754197291e-03,8.196703e-02,1.5063082411e+00,0.0351,7.3643e-02
3133.418,1.2737088802e-03,8.214913e-02,1.5063082411e+00,0.0351,7.2691e-02
3133.996,1.2721870988e-03,8.234356e-02,1.5063082411e+00,0.0351,7.2008e-02
3134.574,1.2708742881e-03,8.254707e-02,1.5063082411e+00,0.0351,7.1606e-02
3135.152,1.2697802079e-03,8.275621e-02,1.5063082411e+00,0.0351,7.1482e-02
3135.730,1.2689059771e-03,8.296751e-02,1.5063082411e+00,0.0351,7.1264e-02
3136.308,1.2682443295e-03,8.317751e-02,1.5063082411e+00,0.0351,7.0465e-02
3136.886,1.2677807581e-03,8.338295e-02,1.5063082411e+00,0.0351,6.9222e-02
3137.464,1.2674966670e-03,8.358076e-02,1.5063082411e+00,0.0351,6.7537e-02
3138.042,1.2673731142e-03,8.376819e-02,1.5063082411e+00,0.0351,6.5384e-02
3138.620,1.2673927889e-03,8.394271e-02,1.5063082411e+00,0.0351,6.2829e-02
3139.198,1.2675395538e-03,8.410202e-02,1.5063082411e+00,0.0351,5.9925e-02
3139.776,1.2677972682e-03,8.424402e-02,1.5063082411e+00,0.0351,5.6720e-02
3140.354,1.2681500820e-03,8.436669e-02,1.5063082411e+00,0.0351,5.3259e-02
3140.932,1.2685845629e-03,8.446808e-02,1.5063082411e+00,0.0351,4.9587e-02
3141.510,1.2690919193e-03,8.454625e-02,1.5063082411e+00,0.0351,4.5742e-02
3142.088,1.2696683852e-03,8.459931e-02,1.5063082411e+00,0.0351,4.1726e-02
3142.666,1.2703136093e-03,8.462549e-02,1.5063082411e+00,0.0351,3.7560e-02
3143.244,1.2710287320e-03,8.462319e-02,1.5063082411e+00,0.0351,3.3295e-02
3143.822,1.2718159592e-03,8.459107e-02,1.5063082411e+00,0.0351,2.8978e-02
3144.400,1.2726798958e-03,8.452823e-02,1.5063082411e+00,0.0351,2.5337e-02
3144.978,1.2736292995e-03,8.443433e-02,1.5063082411e+00,0.0351,2.6578e-02
3145.556,1.2746776267e-03,8.430971e-02,1.5063082411e+00,0.0351,2.7688e-02
3146.134,1.2758419692e-03,8.415557e-02,1.5063082411e+00,0.0351,2.9534e-02
3146.712,1.2771407372e-03,8.397407e-02,1.5063082411e+00,0.0351,3.2132e-02
3147.290,1.2785885899e-03,8.376827e-02,1.5063082411e+00,0.0351,3.4728e-02
3147.868,1.2801949403e-03,8.354216e-02,1.5063082411e+00,0.0351,3.7325e-02
3148.446,1.2819616090e-03,8.330047e-02,1.5063082411e+00,0.0351,3.9934e-02
3149.024,1.2838743624e-03,8.304851e-02,1.5063082411e+00,0.0351,4.2598e-02
3149.602,1.2858928815e-03,8.279185e-02,1.5063082411e+00,0.0351,4.5202e-02
3150.180,1.2879465640e-03,8.253606e-02,1.5063082411e+00,0.0351,4.7686e-02
3150.758,1.2899382604e-03,8.228689e-02,1.5063082411e+00,0.0351,5.0229e-02
3151.336,1.2917521263e-03,8.204927e-02,1.5063082411e+00,0.0351,5.2901e-02
3151.914,1.2932616045e-03,8.601125e-02,1.5063082411e+00,0.0702,5.6174e-02
3152.492,1.2943380584e-03,8.576527e-02,1.5063082411e+00,0.0702,6.0107e-02
3153.070,1.2948634315e-03,8.550121e-02,1.5063082411e+00,0.0702,6.4296e-02
3153.648,1.2947476201e-03,8.522428e-02,1.5063082411e+00,0.0702,6.8630e-02
3154.226,1.2939457229e-03,8.494321e-02,1.5063082411e+00,0.0702,7.3094e-02
3154.804,1.2924678992e-03,8.467314e-02,1.5063082411e+00,0.0702,7.7674e-02
3155.382,1.2903778806e-03,8.442597e-02,1.5063082411e+00,0.0702,8.2353e-02
3155.960,1.2877815447e-03,8.419935e-02,1.5063082411e+00,0.0702,8.7119e-02
3156.538,1.2848116777e-03,8.398995e-02,1.5063082411e+00,0.0702,9.1956e-02
3157.116,1.2816140732e-03,8.379823e-02,1.5063082411e+00,0.0702,9.6853e-02
3157.694,1.2783352348e-03,8.362728e-02,1.5063082411e+00,0.0702,1.0180e-01
3158.272,1.2751105158e-03,8.348050e-02,1.5063082411e+00,0.0702,1.0678e-01
3158.850,1.2720537770e-03,8.335981e-02,1.5063082411e+00,0.0702,1.1179e-01
3159.428,1.2692514451e-03,8.326401e-02,1.5063084903e+00,0.1053,1.1683e-01
3160.006,1.2667625014e-03,8.319424e-02,1.5063084903e+00,0.1053,1.2188e-01
3160.584,1.2646226973e-03,8.314925e-02,1.5063084903e+00,0.0702,1.2694e-01
3161.162,1.2628494984e-03,8.312601e-02,1.5063085712e+00,0.1053,1.3200e-01
3161.740,1.2614454717e-03,8.312322e-02,1.5063085712e+00,0.1053,1.3707e-01
3162.318,1.2604004469e-03,8.314063e-02,1.5063085712e+00,0.1053,1.4214e-01
3162.896,1.2596941055e-03,8.317957e-02,1.5063085712e+00,0.0702,1.4721e-01
3163.474,1.2592997350e-03,8.323960e-02,1.5063086751e+00,0.1053,1.5227e-01
3164.052,1.2591881456e-03,8.332168e-02,1.5063086751e+00,0.1053,1.5733e-01
3164.630,1.2593301844e-03,8.342495e-02,1.5063086751e+00,0.1053,1.6238e-01
3165.209,1.2596973625e-03,8.354785e-02,1.5063091771e+00,0.1053,1.6742e-01
3165.787,1.2602615670e-03,8.368738e-02,1.5063091771e+00,0.1053,1.7245e-01
3166.365,1.2609951926e-03,8.384005e-02,1.5063091771e+00,0.1053,1.7748e-01
3166.943,1.2618720884e-03,8.400193e-02,1.5063091771e+00,0.1053,1.8249e-01
3167.521,1.2628686741e-03,8.416866e-02,1.5063091771e+00,0.1053,1.8750e-01
3168.099,1.2639643675e-03,8.433566e-02,1.5063091771e+00,0.1053,1.9249e-01
3168.677,1.2651411236e-03,8.449822e-02,1.5063091771e+00,0.1053,1.9748e-01
3169.255,1.2663829208e-03,8.465117e-02,1.5063091771e+00,0.1053,2.0245e-01
3169.833,1.2676758662e-03,8.479012e-02,1.5063091771e+00,0.1053,2.0741e-01
3170.411,1.2690086570e-03,8.491034e-02,1.5063091771e+00,0.1053,2.1264e-01
3170.989,1.2703727550e-03,8.500691e-02,1.5063091771e+00,0.1053,2.1787e-01
3171.567,1.2717620405e-03,8.507508e-02,1.5063091771e+00,0.1053,2.2308e-01
3172.145,1.2731722210e-03,8.511048e-02,1.5063091771e+00,0.1053,2.2828e-01
3172.723,1.2746002760e-03,8.510936e-02,1.5063091771e+00,0.1053,2.3347e-01
3173.301,1.2760438274e-03,8.506868e-02,1.5063091771e+00,0.1053,2.3864e-01
3173.879,1.2775000458e-03,8.498622e-02,1.5063091771e+00,0.1053,2.4380e-01
3174.457,1.2789647835e-03,8.486069e-02,1.5063091771e+00,0.1053,2.4895e-01
3175.035,1.2804288593e-03,8.469194e-02,1.5063091771e+00,0.1053,2.5406e-01
3175.613,1.2818773315e-03,8.448099e-02,1.5063091771e+00,0.1053,2.5912e-01
3176.191,1.2832924951e-03,8.423078e-02,1.5063091771e+00,0.1053,2.6413e-01
3176.769,1.2846515636e-03,8.394632e-02,1.5063091771e+00,0.1053,2.6908e-01
3177.347,1.2859202297e-03,8.363372e-02,1.5063091771e+00,0.1053,2.7415e-01
3177.925,1.2870503233e-03,8.330024e-02,1.5063091771e+00,0.1053,2.7921e-01
3178.503,1.2879858300e-03,8.295423e-02,1.5063091771e+00,0.1053,1.0242e-01
3179.081,1.2886732747e-03,8.260396e-02,1.5063091771e+00,0.1053,1.0892e-01
3179.659,1.2890690310e-03,8.225895e-02,1.5063091771e+00,0.1053,1.1390e-01
3180.237,1.2891401823e-03,8.192951e-02,1.5063091771e+00,0.1053,1.1756e-01
3180.815,1.2888619884e-03,8.162303e-02,1.5063091771e+00,0.1053,1.2014e-01
3181.393,1.2882174625e-03,8.134216e-02,1.5063091771e+00,0.0702,1.2186e-01
3181.971,1.2872018116e-03,8.109970e-02,1.5063091771e+00,0.0702,1.2291e-01
3182.549,1.2858302200e-03,8.089846e-02,1.5063091771e+00,0.0702,1.2344e-01
3183.127,1.2841447107e-03,8.074239e-02,1.5063091771e+00,0.0702,1.2359e-01
3183.705,1.2822161941e-03,8.063358e-02,1.5063091771e+00,0.0702,1.2342e-01
3184.283,1.2801392301e-03,8.057191e-02,1.5063091771e+00,0.0702,1.2278e-01
3184.861,1.2780174341e-03,8.055532e-02,1.5063091771e+00,0.0702,1.2162e-01
3185.439,1.2759405862e-03,8.058101e-02,1.5063091771e+00,0.0702,1.2002e-01
3186.017,1.2739606913e-03,8.064599e-02,1.5063091771e+00,0.0702,1.1805e-01
3186.595,1.2720792039e-03,8.074738e-02,1.5063091771e+00,0.0702,1.1579e-01
3187.173,1.2702562039e-03,8.088188e-02,1.5063091771e+00,0.0702,1.1329e-01
3187.751,1.2684430434e-03,8.104729e-02,1.5063091771e+00,0.0702,1.1060e-01
3188.329,1.2666273014e-03,8.124219e-02,1.5063091771e+00,0.0702,1.0772e-01
3188.907,1.2648703641e-03,8.146643e-02,1.5063091771e+00,0.0702,1.0466e-01
3189.485,1.2633190123e-03,8.172054e-02,1.5063091771e+00,0.0702,1.0138e-01
3190.063,1.2621824279e-03,8.200475e-02,1.5063091771e+00,0.0702,9.7866e-02
3190.641,1.2616794060e-03,8.231843e-02,1.5063091771e+00,0.0702,9.4067e-02
3191.219,1.2619711530e-03,8.265975e-02,1.5063091771e+00,0.0702,8.9942e-02
3191.797,1.2631000747e-03,8.302568e-02,1.5063091771e+00,0.0702,8.5454e-02
3192.375,1.2649546929e-03,8.341198e-02,1.5063091771e+00,0.0702,8.0580e-02
3192.953,1.2672757285e-03,8.381335e-02,1.5063091771e+00,0.0702,7.5328e-02
3193.531,1.2697076914e-03,8.422342e-02,1.5063091771e+00,0.0702,6.9755e-02
3194.109,1.2718845989e-03,8.463494e-02,1.5063091771e+00,0.0702,6.3987e-02
3194.687,1.2735230083e-03,8.504000e-02,1.5063091771e+00,0.0702,5.8246e-02
3195.265,1.2744894531e-03,8.543038e-02,1.5063091771e+00,0.0702,5.2877e-02
3195.843,1.2748186698e-03,8.579788e-02,1.5063091771e+00,0.0702,4.8340e-02
3196.421,1.2746801549e-03,8.613471e-02,1.5063091771e+00,0.0702,4.5156e-02
3196.999,1.2743115502e-03,8.643399e-02,1.5063091771e+00,0.0702,4.3556e-02
3197.577,1.2739465909e-03,8.668946e-02,1.5063091771e+00,0.0702,4.3082e-02
3198.155,1.2737603918e-03,8.689630e-02,1.5063091771e+00,0.0702,4.3697e-02
3198.733,1.2738423502e-03,8.705135e-02,1.5063091771e+00,0.0702,4.5233e-02
3199.311,1.2741958816e-03,8.715221e-02,1.5063091771e+00,0.0702,4.7247e-02
3199.889,1.2747572480e-03,8.719770e-02,1.5063091771e+00,0.0702,4.8242e-02
3200.467,1.2754255027e-03,8.718784e-02,1.5063091771e+00,0.0702,4.8217e-02
3201.045,1.2760951000e-03,8.712508e-02,1.5063091771e+00,0.0702,4.7335e-02
3201.623,1.2766812620e-03,8.701317e-02,1.5063091771e+00,0.0702,4.5870e-02
3202.201,1.2771323666e-03,8.685605e-02,1.5063091771e+00,0.0702,4.3990e-02
3202.779,1.2774301652e-03,8.665809e-02,1.5063091771e+00,0.0702,4.2693e-02
3203.357,1.2775831425e-03,8.642418e-02,1.5063091771e+00,0.0702,4.3722e-02
3203.935,1.2776183865e-03,8.615974e-02,1.5063091771e+00,0.0702,4.4520e-02
3204.514,1.2775741725e-03,8.587049e-02,1.5063091771e+00,0.0702,4.5306e-02
3205.092,1.2774925892e-03,8.556206e-02,1.5063091771e+00,0.0702,4.8445e-02
3205.670,1.2774113796e-03,8.523970e-02,1.5063091771e+00,0.0702,5.2289e-02
3206.248,1.2773561340e-03,8.490817e-02,1.5063091771e+00,0.0702,5.6126e-02
3206.826,1.2773356137e-03,8.457175e-02,1.5063091771e+00,0.0702,5.9958e-02
3207.404,1.2773425440e-03,8.423422e-02,1.5063091771e+00,0.0702,6.3785e-02
3207.982,1.2773599862e-03,8.389897e-02,1.5063091771e+00,0.0702,6.7595e-02
3208.560,1.2773710028e-03,8.356893e-02,1.5063091771e+00,0.0702,7.1360e-02
3209.138,1.2773681110e-03,8.324666e-02,1.5063091771e+00,0.0702,7.5028e-02
3209.716,1.2773592386e-03,8.293430e-02,1.5063091771e+00,0.0702,7.8504e-02
3210.294,1.2773681065e-03,8.263395e-02,1.5063091771e+00,0.0702,8.1642e-02
3210.872,1.2774287596e-03,8.234726e-02,1.5063091771e+00,0.0702,8.4222e-02
3211.450,1.2775761185e-03,8.207569e-02,1.5063091771e+00,0.0702,8.5941e-02
3212.028,1.2778364153e-03,8.182032e-02,1.5063091771e+00,0.0702,8.6408e-02
3212.606,1.2782221510e-03,8.158185e-02,1.5063091771e+00,0.0702,8.5169e-02
3213.184,1.2787347678e-03,8.136072e-02,1.5063091771e+00,0.0702,8.5574e-02
3213.762,1.2793745772e-03,8.115735e-02,1.5063091771e+00,0.0702,9.0057e-02
3214.340,1.2801531117e-03,8.097229e-02,1.5063091771e+00,0.0702,9.4574e-02
3214.918,1.2811003302e-03,8.080612e-02,1.5063091771e+00,0.0702,9.9121e-02
3215.496,1.2822598305e-03,8.065978e-02,1.5063091771e+00,0.0702,1.0367e-01
3216.074,1.2836696523e-03,8.053395e-02,1.5063091771e+00,0.0702,1.0820e-01
3216.652,1.2853328551e-03,8.042871e-02,1.5063091771e+00,0.0702,1.1267e-01
3217.230,1.2871882118e-03,8.034440e-02,1.5063091771e+00,0.0702,1.1707e-01
3217.808,1.2890943010e-03,8.028143e-02,1.5063091771e+00,0.0702,1.2138e-01
3218.386,1.2908378949e-03,8.024026e-02,1.5063091771e+00,0.0702,1.2556e-01
3218.964,1.2921694669e-03,8.022093e-02,1.5063091771e+00,0.0702,1.2960e-01
3219.542,1.2928573359e-03,8.022410e-02,1.5063091771e+00,0.0702,1.3347e-01
3220.120,1.2927426217e-03,8.024972e-02,1.5063091771e+00,0.0702,1.3719e-01
3220.698,1.2917753279e-03,8.029627e-02,1.5063092078e+00,0.1053,1.4075e-01
3221.276,1.2900194808e-03,8.036467e-02,1.5063092078e+00,0.1053,1.4413e-01
3221.854,1.2876284273e-03,8.045428e-02,1.5063092078e+00,0.1053,1.4728e-01
3222.432,1.2848021388e-03,8.056407e-02,1.5063092078e+00,0.1053,1.5015e-01
3223.010,1.2817440113e-03,8.069233e-02,1.5063092078e+00,0.1053,1.5273e-01
3223.588,1.2786301488e-03,8.083704e-02,1.5063092078e+00,0.1053,1.5500e-01
3224.166,1.2755943667e-03,8.099580e-02,1.5063092078e+00,0.1053,1.5695e-01
3224.744,1.2727263133e-03,8.116578e-02,1.5063092078e+00,0.1053,1.5857e-01
3225.322,1.2700788375e-03,8.134367e-02,1.5063092078e+00,0.1053,1.5986e-01
3225.900,1.2676806692e-03,8.152567e-02,1.5063092078e+00,0.1053,1.6082e-01
3226.478,1.2655497849e-03,8.170719e-02,1.5063092078e+00,0.1053,1.6154e-01
3227.056,1.2637025527e-03,8.188326e-02,1.5063092078e+00,0.1053,1.6208e-01
3227.634,1.2621557070e-03,8.204930e-02,1.5063092078e+00,0.1053,1.6245e-01
3228.212,1.2609230181e-03,8.220114e-02,1.5063092078e+00,0.1053,1.6266e-01
3228.790,1.2600093565e-03,8.233543e-02,1.5063092078e+00,0.1053,1.6271e-01
3229.368,1.2594059784e-03,8.244984e-02,1.5063092078e+00,0.1053,1.6263e-01
3229.946,1.2590923285e-03,8.254324e-02,1.5063092078e+00,0.1053,1.6245e-01
3230.524,1.2590352170e-03,8.261536e-02,1.5063092078e+00,0.1053,1.6219e-01
3231.102,1.2592075733e-03,8.266742e-02,1.5063092078e+00,0.1053,1.6188e-01
3231.680,1.2595816990e-03,8.270184e-02,1.5063092078e+00,0.0702,1.6154e-01
3232.258,1.2601140213e-03,8.272138e-02,1.5063092078e+00,0.0702,1.6135e-01
3232.836,1.2607536987e-03,8.272766e-02,1.5063092078e+00,0.0702,1.6202e-01
3233.414,1.2614629550e-03,8.272237e-02,1.5063092078e+00,0.0702,1.6221e-01
3233.992,1.2622229457e-03,8.270589e-02,1.5063096921e+00,0.1053,1.6205e-01
3234.570,1.2630220508e-03,8.267831e-02,1.5063096921e+00,0.1053,1.6158e-01
3235.148,1.2638408254e-03,8.263918e-02,1.5063096921e+00,0.1053,1.6085e-01
3235.726,1.2646495483e-03,8.258775e-02,1.5063096921e+00,0.1053,1.5990e-01
3236.304,1.2654203697e-03,8.252307e-02,1.5063096921e+00,0.1053,1.5875e-01
3236.882,1.2661413735e-03,8.244434e-02,1.5063096921e+00,0.1053,1.5741e-01
3237.460,1.2668191688e-03,8.235099e-02,1.5063096921e+00,0.1053,1.5592e-01
3238.038,1.2674688182e-03,8.224285e-02,1.5063096921e+00,0.1053,1.5427e-01
3238.616,1.2681013690e-03,8.212060e-02,1.5063096921e+00,0.1053,1.5246e-01
3239.194,1.2687192358e-03,8.198593e-02,1.5063096921e+00,0.1053,1.5053e-01
3239.772,1.2693202868e-03,8.184115e-02,1.5063096921e+00,0.1053,1.4851e-01
3240.350,1.2699033981e-03,8.168963e-02,1.5063096921e+00,0.1053,1.4652e-01
3240.928,1.2704689286e-03,8.153512e-02,1.5063096921e+00,0.1053,1.4969e-01
3241.506,1.2710146483e-03,8.138201e-02,1.5063096921e+00,0.1053,1.5472e-01
3242.084,1.2715328724e-03,8.123522e-02,1.5063096921e+00,0.1053,1.5814e-01
3242.662,1.2720129886e-03,8.109970e-02,1.5063096921e+00,0.1053,1.3220e-01
3243.240,1.2724478866e-03,8.097950e-02,1.5063096921e+00,0.0702,1.3151e-01
3243.819,1.2728393921e-03,8.088070e-02,1.5063096921e+00,0.0702,1.3088e-01
3244.397,1.2731993807e-03,8.080618e-02,1.5063096921e+00,0.0702,1.3031e-01
3244.975,1.2735458919e-03,8.075894e-02,1.5063096921e+00,0.0702,1.2898e-01
3245.553,1.2739012228e-03,8.074090e-02,1.5063096921e+00,0.0702,1.2404e-01
3246.131,1.2742911341e-03,8.075286e-02,1.5063096921e+00,0.0702,1.1702e-01
3246.709,1.2747404405e-03,8.079431e-02,1.5063096921e+00,0.0702,1.0952e-01
3247.287,1.2752657064e-03,8.086351e-02,1.5063096921e+00,0.0702,1.0271e-01
3247.865,1.2758697043e-03,8.095781e-02,1.5063096921e+00,0.0702,7.4893e-02
3248.443,1.2765413113e-03,8.107389e-02,1.5063096921e+00,0.0702,7.4246e-02
3249.021,1.2772605790e-03,8.120808e-02,1.5063096921e+00,0.0702,7.3181e-02
3249.599,1.2780057771e-03,8.135660e-02,1.5063096921e+00,0.0702,7.1676e-02
3250.177,1.2787593750e-03,8.151580e-02,1.5063096921e+00,0.0702,6.9692e-02
3250.755,1.2795118557e-03,8.168234e-02,1.5063096921e+00,0.0702,6.7175e-02
3251.333,1.2802634117e-03,8.185381e-02,1.5063096921e+00,0.0702,6.4045e-02
3251.911,1.2810232141e-03,8.202836e-02,1.5063096921e+00,0.0702,6.0183e-02
3252.489,1.2818054985e-03,8.220468e-02,1.5063096921e+00,0.0702,5.5912e-02
3253.067,1.2826226919e-03,8.238301e-02,1.5063096921e+00,0.0702,5.9955e-02
3253.645,1.2834779068e-03,8.256480e-02,1.5063096921e+00,0.0702,6.4354e-02
3254.223,1.2843604323e-03,8.275201e-02,1.5063096921e+00,0.0702,6.9104e-02
3254.801,1.2852468014e-03,8.294664e-02,1.5063096921e+00,0.0702,7.3981e-02
3255.379,1.2861070096e-03,8.315057e-02,1.5063096921e+00,0.0702,7.8856e-02
3255.957,1.2869125786e-03,8.336552e-02,1.5063096921e+00,0.0702,8.3727e-02
3256.535,1.2876423416e-03,8.359299e-02,1.5063096921e+00,0.0702,8.8594e-02
3257.113,1.2882833910e-03,8.383399e-02,1.5063096921e+00,0.0702,9.3458e-02
3257.691,1.2888273045e-03,8.408866e-02,1.5063096921e+00,0.0702,9.8317e-02
3258.269,1.2892639639e-03,8.435594e-02,1.5063096921e+00,0.0702,1.0317e-01
3258.847,1.2895761654e-03,8.463337e-02,1.5063096921e+00,0.0702,1.0802e-01
3259.425,1.2897377871e-03,8.491707e-02,1.5063096921e+00,0.0702,1.1287e-01
3260.003,1.2897168649e-03,8.520197e-02,1.5063096921e+00,0.0702,1.1771e-01
3260.581,1.2894828856e-03,8.548211e-02,1.5063096921e+00,0.0702,1.2254e-01
3261.159,1.2890155492e-03,8.575105e-02,1.5063096921e+00,0.0702,1.2737e-01
3261.737,1.2883111759e-03,8.600264e-02,1.5063096921e+00,0.0702,8.0937e-02
3262.315,1.2873837372e-03,8.622987e-02,1.5063096921e+00,0.0702,8.3114e-02
3262.893,1.2862599649e-03,8.642697e-02,1.5063096921e+00,0.0702,8.5112e-02
3263.471,1.2849709126e-03,8.658975e-02,1.5063096921e+00,0.0702,8.6924e-02
3264.049,1.2835446021e-03,8.671405e-02,1.5063096921e+00,0.0702,8.8547e-02
3264.627,1.2820033150e-03,8.679519e-02,1.5063096921e+00,0.0702,8.9978e-02
3265.205,1.2803661282e-03,8.683082e-02,1.5063096921e+00,0.0702,9.1215e-02
3265.783,1.2786548641e-03,8.682044e-02,1.5063096921e+00,0.0702,9.2260e-02
3266.361,1.2769005106e-03,8.676466e-02,1.5063096921e+00,0.0702,9.3112e-02
3266.939,1.2751472104e-03,8.666447e-02,1.5063096921e+00,0.0702,9.3773e-02
3267.517,1.2734518183e-03,8.652140e-02,1.5063096921e+00,0.0702,9.4244e-02
3268.095,1.2718785181e-03,8.633756e-02,1.5063096921e+00,0.0702,9.4529e-02
3268.673,1.2704897526e-03,8.611576e-02,1.5063096921e+00,0.0702,9.4627e-02
3269.251,1.2693361416e-03,8.585954e-02,1.5063096921e+00,0.0702,9.4540e-02
3269.829,1.2684485033e-03,8.557306e-02,1.5063096921e+00,0.0702,9.4274e-02
3270.407,1.2678343504e-03,8.526079e-02,1.5063096921e+00,0.0702,9.3835e-02
3270.985,1.2674796947e-03,8.492691e-02,1.5063096921e+00,0.0702,9.3238e-02
3271.563,1.2673553975e-03,8.457614e-02,1.5063096921e+00,0.0702,9.2502e-02
3272.141,1.2674262255e-03,8.421355e-02,1.5063096921e+00,0.0702,9.1660e-02
3272.719,1.2676603187e-03,8.384410e-02,1.5063096921e+00,0.0702,9.0751e-02
3273.297,1.2680369233e-03,8.347257e-02,1.5063096921e+00,0.0702,8.9819e-02
3273.875,1.2685508603e-03,8.310330e-02,1.5063096921e+00,0.0702,8.8900e-02
3274.453,1.2692121162e-03,8.274032e-02,1.5063096921e+00,0.0702,8.8028e-02
3275.031,1.2700405658e-03,8.238712e-02,1.5063096921e+00,0.0702,8.7149e-02
3275.609,1.2710576823e-03,8.204672e-02,1.5063096921e+00,0.0702,8.5615e-02
3276.187,1.2722767175e-03,8.172175e-02,1.5063096921e+00,0.0702,8.3408e-02
3276.765,1.2736925990e-03,8.141436e-02,1.5063096921e+00,0.0702,8.0559e-02
3277.343,1.2752744425e-03,8.112614e-02,1.5063096921e+00,0.0702,7.7076e-02
3277.921,1.2769643792e-03,8.085800e-02,1.5063096921e+00,0.0702,7.3068e-02
3278.499,1.2786845731e-03,8.061021e-02,1.5063096921e+00,0.0702,6.8622e-02
3279.077,1.2803476295e-03,8.038241e-02,1.5063096921e+00,0.0702,6.3808e-02
3279.655,1.2818657936e-03,8.017390e-02,1.5063096921e+00,0.0702,5.8665e-02
3280.233,1.2831610928e-03,7.998372e-02,1.5063096921e+00,0.0702,5.3251e-02
3280.811,1.2841689443e-03,7.981073e-02,1.5063096921e+00,0.0702,4.7626e-02
3281.389,1.2848355111e-03,7.965368e-02,1.5063096921e+00,0.0702,4.1842e-02
3281.967,1.2851177806e-03,7.951136e-02,1.5063096921e+00,0.0702,3.5934e-02
3282.545,1.2849917424e-03,7.938226e-02,1.5063096921e+00,0.0702,2.9921e-02
3283.124,1.2844640406e-03,7.926450e-02,1.5063096921e+00,0.0702,2.3873e-02
3283.702,1.2835771203e-03,7.915630e-02,1.5063096921e+00,0.0702,1.7854e-02
3284.280,1.2824020927e-03,7.905601e-02,1.5063096921e+00,0.0702,1.9653e-02
3284.858,1.2810221471e-03,7.896199e-02,1.5063096921e+00,0.0702,3.8323e-02
3285.436,1.2795145119e-03,7.887289e-02,1.5063096921e+00,0.0702,3.6725e-02
3286.014,1.2779382348e-03,7.878772e-02,1.5063096921e+00,0.0702,3.4728e-02
3286.592,1.2763295920e-03,7.870575e-02,1.5063096921e+00,0.0702,3.2509e-02
3287.170,1.2747036643e-03,7.862636e-02,1.5063096921e+00,0.0702,3.2605e-02
3287.748,1.2730613139e-03,7.854886e-02,1.5063096921e+00,0.0702,3.4946e-02
3288.326,1.2714013404e-03,7.847298e-02,1.5063096921e+00,0.0702,3.7218e-02
3288.904,1.2697351473e-03,7.839904e-02,1.5063096921e+00,0.0702,3.9335e-02
3289.482,1.2680977756e-03,7.832772e-02,1.5063096921e+00,0.0702,4.1106e-02
3290.060,1.2665490020e-03,7.825919e-02,1.5063096921e+00,0.0702,4.2935e-02
3290.638,1.2651653002e-03,7.819460e-02,1.5063096921e+00,0.0702,4.4806e-02
3291.216,1.2640117704e-03,7.813541e-02,1.5063096921e+00,0.0702,4.6707e-02
3291.794,1.2631385158e-03,7.808315e-02,1.5063096921e+00,0.0702,4.8626e-02
3292.372,1.2625834136e-03,7.803784e-02,1.5063097243e+00,0.1053,5.2948e-02
3292.950,1.2623387234e-03,7.800253e-02,1.5063097243e+00,0.1053,5.7273e-02
3293.528,1.2623528117e-03,7.797848e-02,1.5063097243e+00,0.1053,6.0573e-02
3294.106,1.2625605793e-03,7.796695e-02,1.5063097243e+00,0.1053,6.3443e-02
3294.684,1.2629101761e-03,7.796926e-02,1.5063097243e+00,0.1053,6.6063e-02
3295.262,1.2633664021e-03,7.798645e-02,1.5063097243e+00,0.1053,6.8658e-02
3295.840,1.2638985610e-03,7.801925e-02,1.5063097243e+00,0.1053,7.1188e-02
3296.418,1.2644761575e-03,7.806811e-02,1.5063097243e+00,0.1053,7.3597e-02
3296.996,1.2650750954e-03,7.813312e-02,1.5063097243e+00,0.1053,7.5919e-02
3297.574,1.2656871696e-03,7.821409e-02,1.5063097243e+00,0.1053,7.8202e-02
3298.152,1.2663211032e-03,7.831055e-02,1.5063097243e+00,0.1053,8.0479e-02
3298.730,1.2669913223e-03,7.842183e-02,1.5063097243e+00,0.1053,8.2760e-02
3299.308,1.2677032552e-03,7.854720e-02,1.5063097243e+00,0.1053,8.5045e-02
3299.886,1.2684470372e-03,7.868570e-02,1.5063097243e+00,0.1053,8.7328e-02
3300.464,1.2692032352e-03,7.883571e-02,1.5063097243e+00,0.1053,8.9602e-02
3301.042,1.2699538965e-03,7.899602e-02,1.5063097243e+00,0.1053,9.1862e-02
3301.620,1.2706894600e-03,7.916543e-02,1.5063097243e+00,0.1053,9.4105e-02
3302.198,1.2714083817e-03,7.934251e-02,1.5063097243e+00,0.1053,9.6329e-02
3302.776,1.2721118204e-03,7.952572e-02,1.5063097243e+00,0.1053,9.8539e-02
3303.354,1.2727992533e-03,7.971320e-02,1.5063097243e+00,0.1053,1.0071e-01
3303.932,1.2734698414e-03,7.990177e-02,1.5063097243e+00,0.1053,9.9143e-02
3304.510,1.2741215236e-03,8.008882e-02,1.5063097243e+00,0.1053,9.0185e-02
3305.088,1.2747445707e-03,8.027138e-02,1.5063097243e+00,0.1053,9.4284e-02
3305.666,1.2753164567e-03,8.044599e-02,1.5063097243e+00,0.1053,9.8127e-02
3306.244,1.2758060928e-03,8.061072e-02,1.5063097243e+00,0.1053,9.4114e-02
3306.822,1.2761874816e-03,8.076072e-02,1.5063097243e+00,0.0702,9.3951e-02
3307.400,1.2764544027e-03,8.089536e-02,1.5063097243e+00,0.0702,9.8635e-02
3307.978,1.2766268495e-03,8.101036e-02,1.5063097243e+00,0.0702,1.0341e-01
3308.556,1.2767463725e-03,8.110304e-02,1.5063097243e+00,0.0702,1.0827e-01
3309.134,1.2768643821e-03,8.117119e-02,1.5063097243e+00,0.0702,1.1318e-01
3309.712,1.2770292395e-03,8.121300e-02,1.5063097243e+00,0.0702,1.1782e-01
3310.290,1.2772753230e-03,8.122723e-02,1.5063097243e+00,0.0702,1.2052e-01
3310.868,1.2776147936e-03,8.121325e-02,1.5063097243e+00,0.0702,1.2142e-01
3311.446,1.2780331727e-03,8.117122e-02,1.5063097243e+00,0.0702,1.1266e-01
3312.024,1.2784913031e-03,8.110203e-02,1.5063097243e+00,0.0702,1.1751e-01
3312.602,1.2789353342e-03,8.100746e-02,1.5063097243e+00,0.0702,1.2235e-01
3313.180,1.2793123285e-03,8.089010e-02,1.5063097243e+00,0.0702,1.2709e-01
3313.758,1.2795850787e-03,8.075335e-02,1.5063097243e+00,0.0702,1.2884e-01
3314.336,1.2797395635e-03,8.060156e-02,1.5063097243e+00,0.0702,1.2694e-01
3314.914,1.2797827445e-03,8.043993e-02,1.5063097243e+00,0.0702,1.2357e-01
3315.492,1.2797338375e-03,8.027414e-02,1.5063097243e+00,0.0702,1.1828e-01
3316.070,1.2796147846e-03,8.011010e-02,1.5063097243e+00,0.0702,1.1241e-01
3316.648,1.2794441841e-03,7.995428e-02,1.5063097243e+00,0.0702,1.0664e-01
3317.226,1.2792354874e-03,7.981355e-02,1.5063097243e+00,0.0702,1.0135e-01
3317.804,1.2789978226e-03,7.969477e-02,1.5063097243e+00,0.0702,9.6708e-02
3318.382,1.2787375383e-03,7.960415e-02,1.5063097243e+00,0.0702,9.2746e-02
3318.960,1.2784595223e-03,7.954747e-02,1.5063097243e+00,0.0702,8.9460e-02
3319.538,1.2781680655e-03,7.952936e-02,1.5063097243e+00,0.0702,8.6818e-02
3320.116,1.2778671108e-03,7.955358e-02,1.5063097243e+00,0.0702,8.4777e-02
3320.694,1.2775597666e-03,7.962290e-02,1.5063097243e+00,0.0702,8.3288e-02
3321.272,1.2772474734e-03,7.973880e-02,1.5063097243e+00,0.0702,8.2308e-02
3321.850,1.2769297996e-03,7.990124e-02,1.5063097243e+00,0.0702,8.1805e-02
3322.429,1.2766057221e-03,8.010867e-02,1.5063097243e+00,0.0702,8.1755e-02
3323.007,1.2762762317e-03,8.035786e-02,1.5063097243e+00,0.0702,8.2133e-02
3323.585,1.2759469517e-03,8.064419e-02,1.5063097243e+00,0.0702,8.2909e-02
3324.163,1.2756291829e-03,8.096209e-02,1.5063097243e+00,0.0702,8.4054e-02
3324.741,1.2753386763e-03,8.130547e-02,1.5063097243e+00,0.0702,8.5542e-02
3325.319,1.2750927980e-03,8.166779e-02,1.5063097243e+00,0.0702,8.7353e-02
3325.897,1.2749075425e-03,8.204202e-02,1.5063097243e+00,0.0702,8.9469e-02
3326.475,1.2747955899e-03,8.242079e-02,1.5063097243e+00,0.0702,9.1879e-02
3327.053,1.2747656256e-03,8.279635e-02,1.5063097243e+00,0.0702,9.4574e-02
3327.631,1.2748222583e-03,8.316086e-02,1.5063097243e+00,0.0702,9.7548e-02
3328.209,1.2749656719e-03,8.350670e-02,1.5063097243e+00,0.0702,1.0080e-01
3328.787,1.2751906819e-03,8.382690e-02,1.5063097243e+00,0.0702,1.0432e-01
3329.365,1.2754857141e-03,8.411548e-02,1.5063097243e+00,0.0702,1.0810e-01
3329.943,1.2758328220e-03,8.436776e-02,1.5063097243e+00,0.0702,1.1216e-01
3330.521,1.2762097764e-03,8.458048e-02,1.5063097243e+00,0.0702,1.1650e-01
3331.099,1.2765943845e-03,7.459917e-02,1.5063097243e+00,0.0351,1.2115e-01
3331.677,1.2769698748e-03,7.470664e-02,1.5063097243e+00,0.0351,1.2598e-01
3332.255,1.2773291044e-03,7.477256e-02,1.5063097243e+00,0.0351,1.3080e-01
3332.833,1.2776752999e-03,7.480833e-02,1.5063097243e+00,0.0351,1.3562e-01
3333.411,1.2780183130e-03,7.482143e-02,1.5063097243e+00,0.0351,1.4044e-01
3333.989,1.2783675165e-03,7.481623e-02,1.5063097243e+00,0.0351,1.4524e-01
3334.567,1.2787243342e-03,7.479483e-02,1.5063097243e+00,0.0351,1.5004e-01
3335.145,1.2790778902e-03,7.475791e-02,1.5063097243e+00,0.0351,1.5484e-01
3335.723,1.2794059745e-03,7.470557e-02,1.5063097243e+00,0.0351,1.5962e-01
3336.301,1.2796810643e-03,7.463802e-02,1.5063097243e+00,0.0351,1.6440e-01
3336.879,1.2798788056e-03,7.455619e-02,1.5063097243e+00,0.0351,5.7553e-02
3337.457,1.2799853162e-03,7.446219e-02,1.5063097243e+00,0.0351,6.0945e-02
3338.035,1.2800003572e-03,7.435847e-02,1.5063097243e+00,0.0351,6.4652e-02
3338.613,1.2799353452e-03,7.424797e-02,1.5063097243e+00,0.0351,6.8477e-02
3339.191,1.2798073284e-03,7.413381e-02,1.5063097243e+00,0.0351,7.2426e-02
3339.769,1.2796314879e-03,7.401897e-02,1.5063097243e+00,0.0351,7.6497e-02
3340.347,1.2794150300e-03,7.390499e-02,1.5063106970e+00,0.0702,8.0691e-02
3340.925,1.2791546002e-03,7.379482e-02,1.5063106970e+00,0.0702,8.5040e-02
3341.503,1.2788379928e-03,7.368971e-02,1.5063106970e+00,0.0702,8.9537e-02
3342.081,1.2784494454e-03,7.359087e-02,1.5063106970e+00,0.0702,9.4161e-02
3342.659,1.2779766216e-03,7.349916e-02,1.5063106970e+00,0.0702,9.8891e-02
3343.237,1.2774168829e-03,7.341524e-02,1.5063106970e+00,0.0702,1.0371e-01
3343.815,1.2767808043e-03,7.333967e-02,1.5063106970e+00,0.0702,1.0859e-01
3344.393,1.2760919642e-03,7.327293e-02,1.5063106970e+00,0.0702,1.1353e-01
3344.971,1.2753833187e-03,7.321557e-02,1.5063106970e+00,0.0702,1.1851e-01
3345.549,1.2746916971e-03,7.316814e-02,1.5063106970e+00,0.0702,1.2352e-01
3346.127,1.2740521747e-03,7.313121e-02,1.5063106970e+00,0.0702,1.2854e-01
3346.705,1.2734935039e-03,7.310516e-02,1.5063106970e+00,0.0702,1.3359e-01
3347.283,1.2730351670e-03,7.308988e-02,1.5063106970e+00,0.0702,1.3864e-01
3347.861,1.2726864950e-03,7.308473e-02,1.5063106970e+00,0.0702,1.4370e-01
3348.439,1.2724482346e-03,7.308962e-02,1.5063106970e+00,0.0702,1.4875e-01
3349.017,1.2723159140e-03,7.310278e-02,1.5063106970e+00,0.0702,1.5381e-01
3349.595,1.2722848859e-03,7.312268e-02,1.5063106970e+00,0.0702,1.5886e-01
3350.173,1.2723570851e-03,7.314850e-02,1.5063106970e+00,0.0702,1.6391e-01
3350.751,1.2725465677e-03,7.317765e-02,1.5063106970e+00,0.0702,1.6895e-01
3351.329,1.2728810305e-03,7.320708e-02,1.5063106970e+00,0.0702,1.7398e-01
3351.907,1.2733986062e-03,7.323326e-02,1.5063106970e+00,0.0702,1.7900e-01
3352.485,1.2741389822e-03,7.325243e-02,1.5063106970e+00,0.0702,1.8313e-01
3353.063,1.2751304835e-03,7.326064e-02,1.5063106970e+00,0.0702,1.8043e-01
3353.641,1.2763767212e-03,7.324925e-02,1.5063106970e+00,0.0351,1.7217e-01
3354.219,1.2778465153e-03,7.322266e-02,1.5063106970e+00,0.0351,1.5995e-01
3354.797,1.2794700468e-03,7.317311e-02,1.5063106970e+00,0.0351,1.4843e-01
3355.375,1.2811432849e-03,7.309716e-02,1.5063106970e+00,0.0351,1.3872e-01
3355.953,1.2827412290e-03,7.299199e-02,1.5063106970e+00,0.0351,8.0196e-02
3356.531,1.2841376722e-03,7.285568e-02,1.5063106970e+00,0.0351,7.9765e-02
3357.109,1.2852257987e-03,7.268747e-02,1.5063106970e+00,0.0351,7.9390e-02
3357.687,1.2859324087e-03,7.248803e-02,1.5063106970e+00,0.0351,7.9044e-02
3358.265,1.2862209409e-03,7.225953e-02,1.5063106970e+00,0.0351,7.8696e-02
3358.843,1.2860839811e-03,7.200579e-02,1.5063106970e+00,0.0351,7.8311e-02
3359.421,1.2855311810e-03,7.173211e-02,1.5063106970e+00,0.0351,7.7734e-02
3359.999,1.2845800000e-03,7.144516e-02,1.5063106970e+00,0.0351,7.7014e-02
3360.577,1.2832537834e-03,7.115258e-02,1.5063106970e+00,0.0351,7.6180e-02
3361.155,1.2815862339e-03,7.086264e-02,1.5063106970e+00,0.0351,7.5182e-02
3361.734,1.2796283011e-03,7.058379e-02,1.5063106970e+00,0.0351,7.4014e-02
3362.312,1.2774530524e-03,7.032419e-02,1.5063106970e+00,0.0351,7.2692e-02
3362.890,1.2751546710e-03,7.009128e-02,1.5063106970e+00,0.0351,7.1198e-02
3363.468,1.2728404645e-03,6.989146e-02,1.5063106970e+00,0.0351,6.9569e-02
3364.046,1.2706179627e-03,6.972974e-02,1.5063106970e+00,0.0351,6.7854e-02
3364.624,1.2685852995e-03,6.960957e-02,1.5063106970e+00,0.0351,6.6096e-02
3365.202,1.2667989948e-03,6.953272e-02,1.5063106970e+00,0.0351,6.4330e-02
3365.780,1.2652930425e-03,6.949923e-02,1.5063106970e+00,0.0351,6.2585e-02
3366.358,1.2640879870e-03,6.950755e-02,1.5063106970e+00,0.0351,6.0880e-02
3366.936,1.2631453029e-03,6.955474e-02,1.5063106970e+00,0.0351,5.9229e-02
3367.514,1.2623737267e-03,6.963677e-02,1.5063106970e+00,0.0351,5.7634e-02
3368.092,1.2616797245e-03,6.974893e-02,1.5063106970e+00,0.0351,5.6086e-02
3368.670,1.2610129399e-03,6.988624e-02,1.5063106970e+00,0.0351,5.4573e-02
3369.248,1.2603728071e-03,7.004373e-02,1.5063106970e+00,0.0351,5.3077e-02
3369.826,1.2597838558e-03,7.021677e-02,1.5063106970e+00,0.0351,5.1583e-02
3370.404,1.2592742401e-03,7.040116e-02,1.5063106970e+00,0.0351,5.0079e-02
3370.982,1.2588790295e-03,7.059317e-02,1.5063106970e+00,0.0351,4.8557e-02
3371.560,1.2586558443e-03,7.078961e-02,1.5063106970e+00,0.0351,4.7019e-02
3372.138,1.2586850599e-03,7.098775e-02,1.5063106970e+00,0.0351,4.5739e-02
3372.716,1.2590413889e-03,7.118531e-02,1.5063106970e+00,0.0351,5.0241e-02
3373.294,1.2597587773e-03,7.138046e-02,1.5063106970e+00,0.0351,5.4819e-02
3373.872,1.2608155390e-03,7.157176e-02,1.5063106970e+00,0.0351,5.9470e-02
3374.450,1.2621430165e-03,7.175810e-02,1.5063106970e+00,0.0351,6.4189e-02
3375.028,1.2636485937e-03,7.193858e-02,1.5063106970e+00,0.0351,6.8971e-02
3375.606,1.2652366634e-03,7.211238e-02,1.5063106970e+00,0.0351,7.3808e-02
3376.184,1.2668193788e-03,7.227865e-02,1.5063106970e+00,0.0351,7.8696e-02
3376.762,1.2683216730e-03,7.243640e-02,1.5063106970e+00,0.0351,8.3627e-02
3377.340,1.2696881474e-03,7.258445e-02,1.5063106970e+00,0.0351,8.8595e-02
3377.918,1.2708921833e-03,7.272153e-02,1.5063106970e+00,0.0351,9.3594e-02
3378.496,1.2719401236e-03,7.284628e-02,1.5063106970e+00,0.0351,9.8618e-02
3379.074,1.2728645670e-03,7.295747e-02,1.5063106970e+00,0.0351,1.0366e-01
3379.652,1.2737092060e-03,7.305412e-02,1.5063106970e+00,0.0351,1.0872e-01
3380.230,1.2745115229e-03,7.313569e-02,1.5063106970e+00,0.0351,1.1379e-01
3380.808,1.2752966122e-03,7.320220e-02,1.5063106970e+00,0.0351,1.1886e-01
3381.386,1.2760792398e-03,7.325433e-02,1.5063106970e+00,0.0351,1.2394e-01
3381.964,1.2768634668e-03,7.329340e-02,1.5063106970e+00,0.0351,1.2903e-01
3382.542,1.2776391505e-03,7.332134e-02,1.5063106970e+00,0.0351,1.3411e-01
3383.120,1.2783817299e-03,7.334047e-02,1.5063106970e+00,0.0351,1.3919e-01
3383.698,1.2790590597e-03,7.335331e-02,1.5063106970e+00,0.0351,1.4426e-01
3384.276,1.2796416838e-03,7.336224e-02,1.5063106970e+00,0.0351,1.4933e-01
3384.854,1.2801095510e-03,7.336936e-02,1.5063106970e+00,0.0351,1.5439e-01
3385.432,1.2804520461e-03,7.337628e-02,1.5063106970e+00,0.0351,1.5945e-01
3386.010,1.2806644951e-03,7.338404e-02,1.5063106970e+00,0.0351,1.6450e-01
3386.588,1.2807463677e-03,7.339315e-02,1.5063106970e+00,0.0351,1.6953e-01
3387.166,1.2807029042e-03,7.340355e-02,1.5063106970e+00,0.0351,1.7456e-01
3387.744,1.2805473760e-03,7.341473e-02,1.5063106970e+00,0.0351,1.7958e-01
3388.322,1.2803004362e-03,7.342584e-02,1.5063106970e+00,0.0351,1.8460e-01
3388.900,1.2799862740e-03,7.343582e-02,1.5063106970e+00,0.0351,1.8960e-01
3389.478,1.2796286391e-03,7.344352e-02,1.5063106970e+00,0.0351,1.9459e-01
3390.056,1.2792498030e-03,7.344779e-02,1.5063106970e+00,0.0351,1.9957e-01
3390.634,1.2788725623e-03,7.344760e-02,1.5063106970e+00,0.0351,2.0454e-01
3391.212,1.2785227989e-03,7.344210e-02,1.5063106970e+00,0.0351,2.0950e-01
3391.790,1.2782303467e-03,7.343061e-02,1.5063106970e+00,0.0351,2.1444e-01
3392.368,1.2780282617e-03,7.341265e-02,1.5063106970e+00,0.0351,2.1938e-01
3392.946,1.2779523209e-03,7.338792e-02,1.5063106970e+00,0.0351,2.2431e-01
3393.524,1.2780420193e-03,7.335624e-02,1.5063106970e+00,0.0351,2.2922e-01
3394.102,1.2783423872e-03,7.331755e-02,1.5063106970e+00,0.0351,2.3413e-01
3394.680,1.2789047186e-03,7.327189e-02,1.5063106970e+00,0.0351,2.3902e-01
3395.258,1.2797847930e-03,7.321936e-02,1.5063106970e+00,0.0351,2.4390e-01
3395.836,1.2810384162e-03,7.316020e-02,1.5063106970e+00,0.0351,2.4876e-01
3396.414,1.2827145500e-03,7.309468e-02,1.5063106970e+00,0.0351,2.5362e-01
3396.992,1.2848456107e-03,7.302317e-02,1.5063106970e+00,0.0351,2.5846e-01
3397.570,1.2874339236e-03,7.294610e-02,1.5063106970e+00,0.0351,2.6329e-01
3398.148,1.2904344014e-03,7.286404e-02,1.5063106970e+00,0.0351,7.3292e-02
3398.726,1.2937366203e-03,7.277799e-02,1.5063106970e+00,0.0351,6.7136e-02
3399.304,1.2971515274e-03,7.268842e-02,1.5063106970e+00,0.0351,5.9724e-02
3399.882,1.3004121806e-03,7.259601e-02,1.5063106970e+00,0.0351,5.2319e-02
3400.460,1.3031958139e-03,7.250171e-02,1.5063106970e+00,0.0351,4.8217e-02
3401.039,1.3051668393e-03,7.240686e-02,1.5063106970e+00,0.0351,5.3383e-02
3401.617,1.3060326451e-03,7.231325e-02,1.5063106970e+00,0.0351,5.8546e-02
3402.195,1.3055978081e-03,7.222305e-02,1.5063106970e+00,0.0351,6.3707e-02
3402.773,1.3038009464e-03,7.213866e-02,1.5063106970e+00,0.0351,6.8863e-02
3403.351,1.3007243729e-03,7.206286e-02,1.5063106970e+00,0.0351,5.5728e-02
3403.929,1.2965748173e-03,7.199854e-02,1.5063106970e+00,0.0351,2.2291e-02
3404.507,1.2916428901e-03,7.194761e-02,1.5063106970e+00,0.0351,2.3541e-02
3405.085,1.2862557579e-03,7.191135e-02,1.5063106970e+00,0.0351,2.4851e-02
3405.663,1.2807339237e-03,7.189084e-02,1.5063106970e+00,0.0351,2.6302e-02
3406.241,1.2753577394e-03,7.188654e-02,1.5063106970e+00,0.0351,2.7925e-02
3406.819,1.2703466413e-03,7.189830e-02,1.5063106970e+00,0.0351,2.9762e-02
3407.397,1.2658521547e-03,7.192245e-02,1.5063110618e+00,0.0702,2.9937e-02
3407.975,1.2619627600e-03,7.196114e-02,1.5063110618e+00,0.0702,3.3593e-02
3408.553,1.2587223591e-03,7.201161e-02,1.5063110618e+00,0.0702,3.8761e-02
3409.131,1.2561176267e-03,7.207173e-02,1.5063110618e+00,0.0702,4.3928e-02
3409.709,1.2541127499e-03,7.213906e-02,1.5063110618e+00,0.0702,4.9094e-02
3410.287,1.2527051804e-03,7.221095e-02,1.5063110618e+00,0.0702,5.4257e-02
3410.865,1.2518443754e-03,7.228468e-02,1.5063110618e+00,0.0702,5.9419e-02
3411.443,1.2514196490e-03,7.235763e-02,1.5063110618e+00,0.0702,6.4578e-02
3412.021,1.2513215279e-03,7.242736e-02,1.5063110618e+00,0.0702,6.9735e-02
3412.599,1.2514966505e-03,7.249174e-02,1.5063110618e+00,0.0702,7.4888e-02
3413.177,1.2519459946e-03,7.254910e-02,1.5063110618e+00,0.0702,8.0039e-02
3413.755,1.2526736464e-03,7.259823e-02,1.5063110618e+00,0.0702,8.5185e-02
3414.333,1.2536455422e-03,7.263855e-02,1.5063110618e+00,0.0702,9.0327e-02
3414.911,1.2547943010e-03,7.266996e-02,1.5063110618e+00,0.0702,9.5464e-02
3415.489,1.2560517038e-03,7.269285e-02,1.5063110618e+00,0.0702,1.0060e-01
3416.067,1.2573772447e-03,7.270800e-02,1.5063110618e+00,0.0702,1.0572e-01
3416.645,1.2587593264e-03,7.271640e-02,1.5063110618e+00,0.0702,1.1084e-01
3417.223,1.2601938549e-03,7.271916e-02,1.5063110618e+00,0.0702,1.1596e-01
3417.801,1.2616644084e-03,7.271720e-02,1.5063110618e+00,0.0702,1.2107e-01
3418.379,1.2631418075e-03,7.271105e-02,1.5063110618e+00,0.0702,1.2617e-01
3418.957,1.2645988613e-03,7.270074e-02,1.5063110618e+00,0.0702,1.3126e-01
3419.535,1.2660217574e-03,7.268584e-02,1.5063110618e+00,0.0702,1.3635e-01
3420.113,1.2674061761e-03,7.266550e-02,1.5063110618e+00,0.0702,1.4143e-01
3420.691,1.2687443055e-03,7.263860e-02,1.5063110618e+00,0.0702,1.4650e-01
3421.269,1.2700181087e-03,7.260398e-02,1.5063110618e+00,0.0702,1.5157e-01
3421.847,1.2712058778e-03,7.256057e-02,1.5063110618e+00,0.0702,1.5663e-01
3422.425,1.2722943647e-03,7.250767e-02,1.5063110618e+00,0.0702,1.6167e-01
3423.003,1.2732839800e-03,7.244520e-02,1.5063110618e+00,0.0702,1.6671e-01
3423.581,1.2741831604e-03,7.237411e-02,1.5063110618e+00,0.0351,1.7175e-01
3424.159,1.2749989858e-03,7.229496e-02,1.5063110618e+00,0.0351,1.7677e-01
3424.737,1.2757330367e-03,7.221004e-02,1.5063110618e+00,0.0351,1.8178e-01
3425.315,1.2763841973e-03,7.212165e-02,1.5063110618e+00,0.0351,1.8679e-01
3425.893,1.2769529757e-03,7.203218e-02,1.5063110618e+00,0.0351,1.9178e-01
3426.471,1.2774424176e-03,7.194383e-02,1.5063110618e+00,0.0351,1.9677e-01
3427.049,1.2778565092e-03,7.185841e-02,1.5063110618e+00,0.0351,2.0174e-01
3427.627,1.2782001383e-03,7.177712e-02,1.5063110618e+00,0.0351,2.0671e-01
3428.205,1.2784816819e-03,7.170057e-02,1.5063110618e+00,0.0351,2.1166e-01
3428.783,1.2787147039e-03,7.162872e-02,1.5063110618e+00,0.0351,2.1660e-01
3429.361,1.2789153914e-03,7.156099e-02,1.5063110618e+00,0.0351,2.2154e-01
3429.939,1.2790972565e-03,7.149642e-02,1.5063110618e+00,0.0351,2.2646e-01
3430.517,1.2792684249e-03,7.896821e-02,1.5063110618e+00,0.0702,1.0593e-01
3431.095,1.2794346016e-03,7.878001e-02,1.5063110618e+00,0.0702,8.1485e-02
3431.673,1.2796041542e-03,7.859591e-02,1.5063110618e+00,0.0702,6.7371e-02
3432.251,1.2797927607e-03,7.131271e-02,1.5063110618e+00,0.0351,6.6328e-02
3432.829,1.2800228806e-03,7.828346e-02,1.5063110618e+00,0.0702,7.0875e-02
3433.407,1.2803180331e-03,7.812135e-02,1.5063112751e+00,0.0702,7.5738e-02
3433.985,1.2806982030e-03,7.797299e-02,1.5063112751e+00,0.1053,4.3745e-02
3434.563,1.2811807776e-03,7.784315e-02,1.5063112751e+00,0.1053,4.3267e-02
3435.141,1.2817846245e-03,7.105363e-02,1.5063112751e+00,0.0702,4.4583e-02
3435.719,1.2825313544e-03,7.100258e-02,1.5063112751e+00,0.0702,4.5635e-02
3436.297,1.2834408821e-03,7.095187e-02,1.5063112751e+00,0.0702,4.6385e-02
3436.875,1.2845240941e-03,7.775064e-02,1.5063112751e+00,0.1053,4.6801e-02
3437.453,1.2857775053e-03,7.090897e-02,1.5063112751e+00,0.0702,4.6862e-02
3438.031,1.2871817034e-03,7.092361e-02,1.5063112751e+00,0.0702,4.6557e-02
3438.609,1.2887009177e-03,7.804434e-02,1.5063112751e+00,0.1053,4.5887e-02
3439.187,1.2902800301e-03,7.102744e-02,1.5063112751e+00,0.0702,4.4867e-02
3439.765,1.2918406420e-03,7.111466e-02,1.5063112751e+00,0.0702,4.3520e-02
3440.344,1.2932801546e-03,7.122099e-02,1.5063112751e+00,0.0702,4.1878e-02
3440.922,1.2944775390e-03,7.134944e-02,1.5063112751e+00,0.0702,3.9979e-02
3441.500,1.2953061412e-03,7.150081e-02,1.5063112751e+00,0.0702,3.7866e-02
3442.078,1.2956502429e-03,7.167382e-02,1.5063112751e+00,0.0702,3.5584e-02
3442.656,1.2954209009e-03,7.186518e-02,1.5063112751e+00,0.0702,3.3183e-02
3443.234,1.2945676793e-03,7.206993e-02,1.5063112751e+00,0.0702,3.0708e-02
3443.812,1.2930850992e-03,7.226416e-02,1.5063112751e+00,0.0351,4.5093e-02
3444.390,1.2910137820e-03,7.247532e-02,1.5063112751e+00,0.0351,5.1961e-02
3444.968,1.2884358928e-03,7.268019e-02,1.5063112751e+00,0.0351,5.8138e-02
3445.546,1.2854660472e-03,7.287251e-02,1.5063112751e+00,0.0351,6.4054e-02
3446.124,1.2822389537e-03,7.304694e-02,1.5063112751e+00,0.0351,6.8906e-02
3446.702,1.2788951319e-03,7.319891e-02,1.5063112751e+00,0.0351,7.3322e-02
3447.280,1.2755672830e-03,7.332490e-02,1.5063112751e+00,0.0351,7.7322e-02
3447.858,1.2723702579e-03,7.342244e-02,1.5063112751e+00,0.0351,8.0335e-02
3448.436,1.2693960629e-03,7.348992e-02,1.5063112751e+00,0.0351,8.2572e-02
3449.014,1.2667131100e-03,7.352648e-02,1.5063112751e+00,0.0351,8.4201e-02
3449.592,1.2643677636e-03,7.353194e-02,1.5063112751e+00,0.0351,8.5281e-02
3450.170,1.2623867389e-03,7.350684e-02,1.5063112751e+00,0.0351,8.5392e-02
3450.748,1.2607800213e-03,7.345230e-02,1.5063112751e+00,0.0351,8.4455e-02
3451.326,1.2595443996e-03,7.337001e-02,1.5063112751e+00,0.0351,8.2522e-02
3451.904,1.2586672243e-03,7.326220e-02,1.5063112751e+00,0.0351,7.9665e-02
3452.482,1.2581295225e-03,7.313155e-02,1.5063112751e+00,0.0351,7.5872e-02
3453.060,1.2579078992e-03,7.298114e-02,1.5063112751e+00,0.0351,7.1240e-02
3453.638,1.2579755306e-03,7.281433e-02,1.5063112751e+00,0.0351,6.5761e-02
3454.216,1.2583030122e-03,7.263460e-02,1.5063112751e+00,0.0351,5.9398e-02
3454.794,1.2588594777e-03,7.244545e-02,1.5063112751e+00,0.0351,5.2135e-02
3455.372,1.2596140749e-03,7.225033e-02,1.5063112751e+00,0.0351,4.3974e-02
3455.950,1.2605363144e-03,7.205250e-02,1.5063112751e+00,0.0351,3.4934e-02
3456.528,1.2615954008e-03,7.185498e-02,1.5063112751e+00,0.0351,2.5017e-02
3457.106,1.2627609538e-03,7.166050e-02,1.5063112751e+00,0.0351,1.3599e-02
3457.684,1.2640054761e-03,7.147156e-02,1.5063112751e+00,0.0351,9.1195e-03
3458.262,1.2653060887e-03,7.128993e-02,1.5063112751e+00,0.0351,1.2060e-02
3458.840,1.2666438809e-03,7.111715e-02,1.5063112751e+00,0.0351,1.6136e-02
3459.418,1.2680025185e-03,8.015593e-02,1.5063112751e+00,0.0702,2.0222e-02
3459.996,1.2693686804e-03,7.083075e-02,1.5063112751e+00,0.0351,2.4318e-02
3460.574,1.2707340363e-03,7.959339e-02,1.5063112751e+00,0.0702,2.8420e-02
3461.152,1.2720953876e-03,7.934112e-02,1.5063112751e+00,0.0702,3.2526e-02
3461.730,1.2734500077e-03,7.052749e-02,1.5063112751e+00,0.0351,3.6649e-02
3462.308,1.2747868976e-03,7.878643e-02,1.5063112751e+00,0.0702,4.0794e-02
3462.886,1.2760783701e-03,7.854389e-02,1.5063112751e+00,0.0702,4.4962e-02
3463.464,1.2772774493e-03,7.830877e-02,1.5063112751e+00,0.0702,4.9618e-02
3464.042,1.2783248117e-03,7.022257e-02,1.5063112751e+00,0.0351,5.4401e-02
3464.620,1.2791661285e-03,7.782282e-02,1.5063112751e+00,0.0702,5.9196e-02
3465.198,1.2797751804e-03,7.009342e-02,1.5063112751e+00,0.0351,6.4002e-02
3465.776,1.2801746277e-03,7.003586e-02,1.5063112751e+00,0.0351,6.8818e-02
3466.354,1.2804497843e-03,6.998186e-02,1.5063112751e+00,0.0351,7.3643e-02
3466.932,1.2807397524e-03,6.993336e-02,1.5063112751e+00,0.0351,7.8474e-02
3467.510,1.2811999856e-03,6.988892e-02,1.5063112751e+00,0.0351,8.3311e-02
3468.088,1.2819486756e-03,7.658953e-02,1.5063112751e+00,0.0702,8.8153e-02
3468.666,1.2830177888e-03,6.980990e-02,1.5063112751e+00,0.0351,9.2996e-02
3469.244,1.2843265789e-03,7.620633e-02,1.5063112751e+00,0.0702,9.7842e-02
3469.822,1.2856871236e-03,6.974633e-02,1.5063112751e+00,0.0351,1.0269e-01
3470.400,1.2868428812e-03,6.971592e-02,1.5063112751e+00,0.0351,1.0753e-01
3470.978,1.2875326213e-03,6.969850e-02,1.5063112751e+00,0.0351,1.1238e-01
3471.556,1.2875626156e-03,6.968917e-02,1.5063112751e+00,0.0351,1.1722e-01
3472.134,1.2868633659e-03,7.542358e-02,1.5063112751e+00,0.0702,1.2211e-01
3472.712,1.2855098139e-03,6.969444e-02,1.5063112751e+00,0.0351,1.2715e-01
3473.290,1.2836979163e-03,6.971156e-02,1.5063112751e+00,0.0351,1.3219e-01
3473.868,1.2816881592e-03,7.514365e-02,1.5063112751e+00,0.0702,1.3724e-01
3474.446,1.2797382278e-03,6.977796e-02,1.5063112751e+00,0.0351,1.4230e-01
3475.024,1.2780479084e-03,6.982244e-02,1.5063114757e+00,0.0702,1.4736e-01
3475.602,1.2767278615e-03,7.509852e-02,1.5063114757e+00,0.1053,1.5241e-01
3476.180,1.2757924367e-03,6.994158e-02,1.5063114757e+00,0.0702,1.5746e-01
3476.758,1.2751724563e-03,7.001481e-02,1.5063114757e+00,0.0702,1.6251e-01
3477.336,1.2747436702e-03,7.530590e-02,1.5063114757e+00,0.1053,1.6755e-01
3477.914,1.2743650014e-03,7.019446e-02,1.5063114757e+00,0.0702,1.7258e-01
3478.492,1.2739170082e-03,7.030140e-02,1.5063114757e+00,0.0702,1.7759e-01
3479.070,1.2733293081e-03,7.041468e-02,1.5063114757e+00,0.0702,1.8246e-01
3479.649,1.2725895911e-03,7.602341e-02,1.5063114757e+00,0.1053,1.8721e-01
3480.227,1.2717348177e-03,7.069616e-02,1.5063114757e+00,0.0702,1.9217e-01
3480.805,1.2708319576e-03,7.086044e-02,1.5063114757e+00,0.0702,1.9741e-01
3481.383,1.2699570886e-03,7.103674e-02,1.5063114757e+00,0.0702,2.0266e-01
3481.961,1.2691784711e-03,7.122690e-02,1.5063114757e+00,0.0702,2.0790e-01
3482.539,1.2685451960e-03,7.143158e-02,1.5063114757e+00,0.0702,2.1313e-01
3483.117,1.2680812024e-03,7.165050e-02,1.5063114757e+00,0.0702,2.1835e-01
3483.695,1.2677846806e-03,7.188265e-02,1.5063114757e+00,0.0702,2.2356e-01
3484.273,1.2676329276e-03,7.890717e-02,1.5063114757e+00,0.1053,2.2890e-01
3484.851,1.2675913544e-03,7.240075e-02,1.5063114757e+00,0.0702,2.3484e-01
3485.429,1.2676234938e-03,7.266541e-02,1.5063114757e+00,0.0702,2.4305e-01
3486.007,1.2676984243e-03,7.292431e-02,1.5063114757e+00,0.0702,2.3993e-01
3486.585,1.2677936969e-03,7.317711e-02,1.5063114757e+00,0.0702,1.9799e-01
3487.163,1.2678943710e-03,7.342439e-02,1.5063114757e+00,0.0702,8.9553e-02
3487.741,1.2679903488e-03,7.366732e-02,1.5063114757e+00,0.0702,9.5065e-02
3488.319,1.2680741502e-03,7.390735e-02,1.5063114757e+00,0.0702,9.9929e-02
3488.897,1.2681399891e-03,7.414531e-02,1.5063114757e+00,0.0702,1.0406e-01
3489.475,1.2681836760e-03,7.435610e-02,1.5063114757e+00,0.0702,1.0764e-01
3490.053,1.2682024938e-03,7.447395e-02,1.5063114757e+00,0.0702,1.1072e-01
3490.631,1.2681945334e-03,7.445103e-02,1.5063114757e+00,0.0351,1.1338e-01
3491.209,1.2681571766e-03,7.429407e-02,1.5063114757e+00,0.0351,1.1550e-01
3491.787,1.2680845648e-03,7.401357e-02,1.5063114757e+00,0.0351,1.1690e-01
3492.365,1.2679648004e-03,7.364122e-02,1.5063114757e+00,0.0351,1.1758e-01
3492.943,1.2677793123e-03,7.321570e-02,1.5063114757e+00,0.0351,1.1764e-01
3493.521,1.2675076091e-03,8.121179e-02,1.5063114757e+00,0.0702,1.1719e-01
3494.099,1.2671381887e-03,7.236168e-02,1.5063114757e+00,0.0351,1.1639e-01
3494.677,1.2666825514e-03,7.198239e-02,1.5063114757e+00,0.0351,1.1539e-01
3495.255,1.2661865025e-03,7.165682e-02,1.5063114757e+00,0.0351,1.1429e-01
3495.833,1.2657326697e-03,7.137518e-02,1.5063114757e+00,0.0351,1.1318e-01
3496.411,1.2654310519e-03,7.112605e-02,1.5063114757e+00,0.0351,1.1210e-01
3496.989,1.2653988148e-03,7.090709e-02,1.5063114757e+00,0.0351,1.1106e-01
3497.567,1.2657340637e-03,7.069350e-02,1.5063114757e+00,0.0351,1.1005e-01
3498.145,1.2664901601e-03,7.047485e-02,1.5063114757e+00,0.0351,1.0906e-01
3498.723,1.2676577026e-03,7.024593e-02,1.5063114757e+00,0.0351,1.0805e-01
3499.301,1.2691601591e-03,7.000736e-02,1.5063114757e+00,0.0351,1.0699e-01
3499.879,1.2708644008e-03,6.976533e-02,1.5063114757e+00,0.0351,1.0584e-01
3500.457,1.2726095123e-03,7.728648e-02,1.5063114757e+00,0.0702,1.0457e-01
3501.035,1.2742450454e-03,7.684321e-02,1.5063114757e+00,0.0702,1.0314e-01
3501.613,1.2756641280e-03,7.641485e-02,1.5063114757e+00,0.0702,1.0152e-01
3502.191,1.2768232749e-03,7.604780e-02,1.5063114757e+00,0.0702,9.9679e-02
3502.769,1.2777472268e-03,7.575007e-02,1.5063114757e+00,0.0702,9.7613e-02
3503.347,1.2785196642e-03,7.555065e-02,1.5063114757e+00,0.0702,9.5308e-02
3503.925,1.2792613296e-03,7.541994e-02,1.5063114757e+00,0.0702,9.2766e-02
3504.503,1.2800993423e-03,6.855240e-02,1.5063114757e+00,0.0351,9.0004e-02
3505.081,1.2811353341e-03,6.856365e-02,1.5063114757e+00,0.0351,8.7047e-02
3505.659,1.2824219204e-03,7.534872e-02,1.5063114757e+00,0.0702,8.3937e-02
3506.237,1.2839540488e-03,6.866161e-02,1.5063114757e+00,0.0351,8.0726e-02
3506.815,1.2856752734e-03,7.535022e-02,1.5063114757e+00,0.0702,7.7475e-02
3507.393,1.2874934584e-03,6.876745e-02,1.5063114757e+00,0.0351,7.4258e-02
3507.971,1.2892991977e-03,7.534209e-02,1.5063114757e+00,0.0702,7.1153e-02
3508.549,1.2909827951e-03,7.528160e-02,1.5063114757e+00,0.0702,6.8239e-02
3509.127,1.2924485604e-03,7.527707e-02,1.5063114757e+00,0.0702,6.5303e-02
3509.705,1.2936257711e-03,7.523866e-02,1.5063114757e+00,0.0702,6.2310e-02
3510.283,1.2944744129e-03,7.518761e-02,1.5063114757e+00,0.0702,5.9392e-02
3510.861,1.2949835032e-03,6.893539e-02,1.5063114757e+00,0.0351,5.6680e-02
3511.439,1.2951622161e-03,7.517120e-02,1.5063114757e+00,0.0702,5.4299e-02
3512.017,1.2950279477e-03,7.515733e-02,1.5063114757e+00,0.0702,5.2356e-02
3512.595,1.2945975777e-03,7.512728e-02,1.5063114757e+00,0.0702,5.0248e-02
3513.173,1.2938862896e-03,6.897979e-02,1.5063114757e+00,0.0351,4.7160e-02
3513.751,1.2929133484e-03,7.511294e-02,1.5063114757e+00,0.0702,4.3109e-02
3514.329,1.2917096372e-03,7.509090e-02,1.5063114757e+00,0.0702,4.1546e-02
3514.907,1.2903204696e-03,7.501640e-02,1.5063114757e+00,0.0702,4.6389e-02
3515.485,1.2888008202e-03,7.489257e-02,1.5063114757e+00,0.0702,5.1237e-02
3516.063,1.2872049237e-03,7.472863e-02,1.5063114757e+00,0.0702,5.6088e-02
3516.641,1.2855754277e-03,6.869138e-02,1.5063114757e+00,0.0351,6.0944e-02
3517.219,1.2839382232e-03,6.855963e-02,1.5063114757e+00,0.0351,6.5802e-02
3517.797,1.2823068500e-03,6.844894e-02,1.5063114757e+00,0.0351,7.0662e-02
3518.375,1.2806954895e-03,7.399153e-02,1.5063114757e+00,0.0702,7.5523e-02
3518.954,1.2791342893e-03,7.376011e-02,1.5063114757e+00,0.0702,8.0385e-02
3519.532,1.2776781275e-03,7.347799e-02,1.5063114757e+00,0.0702,8.5247e-02
3520.110,1.2764019118e-03,7.315342e-02,1.5063114757e+00,0.0702,9.0109e-02
3520.688,1.2753816770e-03,6.750926e-02,1.5063114757e+00,0.0351,9.4968e-02
3521.266,1.2746682150e-03,6.717035e-02,1.5063114757e+00,0.0351,9.9825e-02
3521.844,1.2742649392e-03,6.691724e-02,1.5063114757e+00,0.0351,1.0468e-01
3522.422,1.2741213783e-03,6.670511e-02,1.5063114757e+00,0.0351,1.0953e-01
3523.000,1.2741476751e-03,6.650184e-02,1.5063114757e+00,0.0351,1.1438e-01
3523.578,1.2742459925e-03,6.628462e-02,1.5063114757e+00,0.0351,1.1922e-01
3524.156,1.2743459485e-03,6.604338e-02,1.5063114757e+00,0.0351,1.2406e-01
3524.734,1.2744275057e-03,6.577986e-02,1.5063114757e+00,0.0351,1.2889e-01
3525.312,1.2745185399e-03,6.550092e-02,1.5063114757e+00,0.0351,1.3371e-01
3525.890,1.2746645780e-03,6.521395e-02,1.5063114757e+00,0.0351,1.3853e-01
3526.468,1.2748807794e-03,6.492507e-02,1.5063114757e+00,0.0351,1.4334e-01
3527.046,1.2751058541e-03,6.463890e-02,1.5063114757e+00,0.0351,1.4815e-01
3527.624,1.2751798836e-03,6.435893e-02,1.5063114757e+00,0.0351,1.5294e-01
3528.202,1.2748610889e-03,6.408795e-02,1.5063114757e+00,0.0351,1.5773e-01
3528.780,1.2738828278e-03,6.382847e-02,1.5063114757e+00,0.0351,1.6252e-01
3529.358,1.2720329252e-03,6.358297e-02,1.5063114757e+00,0.0351,1.6729e-01
3529.936,1.2692268343e-03,6.335367e-02,1.5063114757e+00,0.0351,1.7228e-01
3530.514,1.2655559655e-03,6.314216e-02,1.5063114757e+00,0.0351,1.7731e-01
3531.092,1.2612678262e-03,6.294939e-02,1.5063114757e+00,0.0351,1.8232e-01
3531.670,1.2567359745e-03,6.277534e-02,1.5063114757e+00,0.0351,1.8733e-01
3532.248,1.2524489681e-03,6.261951e-02,1.5063114757e+00,0.0351,1.9232e-01
3532.826,1.2488760197e-03,6.248122e-02,1.5063114757e+00,0.0351,1.9731e-01
3533.404,1.2463916528e-03,6.235983e-02,1.5063114757e+00,0.0351,2.0229e-01
3533.982,1.2452904791e-03,6.225498e-02,1.5063114757e+00,0.0351,2.0725e-01
3534.560,1.2458275475e-03,6.216661e-02,1.5063114757e+00,0.0351,2.1221e-01
3535.138,1.2482010005e-03,6.209485e-02,1.5063114757e+00,0.0351,2.1714e-01
3535.716,1.2524829476e-03,6.204001e-02,1.5063117041e+00,0.0702,2.2204e-01
3536.294,1.2585389288e-03,6.200262e-02,1.5063117041e+00,0.0702,2.2691e-01
3536.872,1.2659486850e-03,6.198327e-02,1.5063117041e+00,0.0702,2.3174e-01
3537.450,1.2739886145e-03,6.198124e-02,1.5063117041e+00,0.0702,2.3664e-01
3538.028,1.2817109382e-03,6.199581e-02,1.5063117041e+00,0.0702,2.4180e-01
3538.606,1.2881119338e-03,6.202544e-02,1.5063126650e+00,0.1053,2.4696e-01
3539.184,1.2923489130e-03,6.206914e-02,1.5063126650e+00,0.1053,2.5209e-01
3539.762,1.2939298164e-03,6.212530e-02,1.5063126650e+00,0.1053,2.5722e-01
3540.340,1.2928266213e-03,6.219235e-02,1.5063126650e+00,0.1053,2.6233e-01
3540.918,1.2894742980e-03,6.226870e-02,1.5063126650e+00,0.1053,2.6759e-01
3541.496,1.2846402414e-03,6.235280e-02,1.5063126650e+00,0.1053,2.7319e-01
3542.074,1.2792237106e-03,6.249585e-02,1.5063126650e+00,0.1053,2.8024e-01
3542.652,1.2740734468e-03,6.253941e-02,1.5063126650e+00,0.1053,2.9402e-01
3543.230,1.2698755075e-03,6.469942e-02,1.5063135146e+00,0.1754,2.9887e-01
3543.808,1.2670985960e-03,6.475949e-02,1.5063135146e+00,0.1754,2.9745e-01
3544.386,1.2659601488e-03,6.282286e-02,1.5063135146e+00,0.1404,2.7296e-01
3544.964,1.2664045432e-03,6.292819e-02,1.5063135146e+00,0.1404,2.3918e-01
3545.542,1.2681192552e-03,6.496965e-02,1.5063135146e+00,0.1754,2.0756e-01
3546.120,1.2706124937e-03,6.502530e-02,1.5063135146e+00,0.1754,1.8212e-01
3546.698,1.2733377037e-03,6.506903e-02,1.5063135146e+00,0.1754,1.6381e-01
3547.276,1.2758147394e-03,6.511573e-02,1.5063135146e+00,0.1404,1.5081e-01
3547.854,1.2776998553e-03,6.513515e-02,1.5063135146e+00,0.1404,1.4138e-01
3548.432,1.2787954804e-03,6.516119e-02,1.5063135146e+00,0.1404,1.3435e-01
3549.010,1.2790306598e-03,6.519305e-02,1.5063135146e+00,0.1404,1.2910e-01
3549.588,1.2784500476e-03,6.520551e-02,1.5063135146e+00,0.1404,1.2528e-01
3550.166,1.2772219478e-03,6.523583e-02,1.5063135146e+00,0.1404,1.2246e-01
3550.744,1.2756430157e-03,6.527564e-02,1.5063135146e+00,0.1404,1.2034e-01
3551.322,1.2741082402e-03,6.532148e-02,1.5063135146e+00,0.1404,1.1872e-01
3551.900,1.2730339264e-03,6.536809e-02,1.5063135146e+00,0.1404,1.1746e-01
3552.478,1.2727498943e-03,6.541389e-02,1.5063136432e+00,0.1754,1.1644e-01
3553.056,1.2733957708e-03,6.546293e-02,1.5063136432e+00,0.1754,1.1560e-01
3553.634,1.2748600037e-03,6.551510e-02,1.5063136432e+00,0.1754,1.1713e-01
3554.212,1.2767924694e-03,6.556963e-02,1.5063136432e+00,0.1404,1.2101e-01
3554.790,1.2787022202e-03,6.562623e-02,1.5063136432e+00,0.1404,1.2389e-01
3555.368,1.2801203122e-03,6.568417e-02,1.5063136432e+00,0.1404,1.2489e-01
3555.946,1.2807672251e-03,6.574277e-02,1.5063136432e+00,0.1404,1.2359e-01
3556.524,1.2806569918e-03,6.580809e-02,1.5063136432e+00,0.1404,1.2092e-01
3557.102,1.2800900094e-03,6.588479e-02,1.5063136432e+00,0.1053,1.1756e-01
3557.680,1.2795297761e-03,6.599192e-02,1.5063136432e+00,0.1053,1.1385e-01
3558.259,1.2794202747e-03,6.614299e-02,1.5063136432e+00,0.1053,1.0993e-01
3558.837,1.2800261969e-03,6.635073e-02,1.5063136432e+00,0.1053,1.0590e-01
3559.415,1.2813552536e-03,6.665904e-02,1.5063136432e+00,0.1053,1.0837e-01
3559.993,1.2831773311e-03,6.699442e-02,1.5063136432e+00,0.1053,1.1113e-01
3560.571,1.2851195595e-03,6.723805e-02,1.5063136432e+00,0.1053,1.1398e-01
3561.149,1.2867993520e-03,6.731326e-02,1.5063136432e+00,0.1053,1.1694e-01
3561.727,1.2879525265e-03,6.719608e-02,1.5063136432e+00,0.1053,1.2001e-01
3562.305,1.2885157312e-03,6.690779e-02,1.5063136432e+00,0.1053,1.2324e-01
3562.883,1.2886354107e-03,6.650110e-02,1.5063136432e+00,0.1053,1.2665e-01
3563.461,1.2886018683e-03,6.604248e-02,1.5063136432e+00,0.1404,1.3026e-01
3564.039,1.2887371872e-03,6.560024e-02,1.5063136432e+00,0.1404,1.3409e-01
3564.617,1.2892815513e-03,6.523774e-02,1.5063136432e+00,0.1404,1.3816e-01
3565.195,1.2903168830e-03,6.500247e-02,1.5063136432e+00,0.1404,1.4249e-01
3565.773,1.2917485511e-03,6.491475e-02,1.5063136432e+00,0.1404,1.4708e-01
3566.351,1.2933397012e-03,6.495745e-02,1.5063136432e+00,0.1404,1.5175e-01
3566.929,1.2947795268e-03,6.508426e-02,1.5063136432e+00,0.1404,1.5615e-01
3567.507,1.2957639804e-03,6.523160e-02,1.5063136432e+00,0.1404,1.5893e-01
3568.085,1.2960694604e-03,6.532950e-02,1.5063136432e+00,0.1404,1.6019e-01
3568.663,1.2956031227e-03,6.531702e-02,1.5063136432e+00,0.1404,1.6014e-01
3569.241,1.2944177909e-03,6.515936e-02,1.5063136432e+00,0.1404,1.5888e-01
3569.819,1.2926887123e-03,6.484718e-02,1.5063136432e+00,0.1404,1.5634e-01
3570.397,1.2906618827e-03,6.437053e-02,1.5063136432e+00,0.1053,1.5224e-01
3570.975,1.2885919767e-03,6.382204e-02,1.5063136432e+00,0.1053,1.4680e-01
3571.553,1.2866901506e-03,6.323267e-02,1.5063136432e+00,0.1053,1.4030e-01
3572.131,1.2850938958e-03,6.265922e-02,1.5063136432e+00,0.1053,1.3310e-01
3572.709,1.2838592876e-03,6.214905e-02,1.5063136432e+00,0.1053,1.2571e-01
3573.287,1.2829711012e-03,6.173498e-02,1.5063136432e+00,0.1053,1.1851e-01
3573.865,1.2823664992e-03,6.143209e-02,1.5063136432e+00,0.1053,1.1150e-01
3574.443,1.2819666432e-03,6.123607e-02,1.5063136432e+00,0.1053,1.0449e-01
3575.021,1.2817062727e-03,6.112603e-02,1.5063136432e+00,0.1053,9.3510e-02
3575.599,1.2815495621e-03,6.107539e-02,1.5063136432e+00,0.1053,7.8503e-02
3576.177,1.2814864721e-03,6.105081e-02,1.5063136432e+00,0.1053,6.0691e-02
3576.755,1.2815146435e-03,6.102414e-02,1.5063136432e+00,0.1053,5.0274e-02
3577.333,1.2816190956e-03,6.097741e-02,1.5063136432e+00,0.1053,5.2757e-02
3577.911,1.2817603201e-03,6.089936e-02,1.5063136432e+00,0.1053,5.5528e-02
3578.489,1.2818741991e-03,6.078523e-02,1.5063136432e+00,0.1053,5.8688e-02
3579.067,1.2818821246e-03,6.064177e-02,1.5063136432e+00,0.1053,6.2053e-02
3579.645,1.2817096986e-03,6.048274e-02,1.5063136432e+00,0.1053,6.4977e-02
3580.223,1.2813130240e-03,6.032600e-02,1.5063136432e+00,0.1053,6.5950e-02
3580.801,1.2807073958e-03,6.018721e-02,1.5063136432e+00,0.1053,6.5101e-02
3581.379,1.2799855540e-03,6.007654e-02,1.5063136432e+00,0.1053,6.2456e-02
3581.957,1.2793098094e-03,5.999808e-02,1.5063136432e+00,0.1053,6.4673e-02
3582.535,1.2788709900e-03,5.995132e-02,1.5063136432e+00,0.1053,6.7271e-02
3583.113,1.2788246093e-03,5.992624e-02,1.5063136432e+00,0.1053,6.9587e-02
3583.691,1.2792297785e-03,5.990087e-02,1.5063136432e+00,0.0702,7.1670e-02
3584.269,1.2800184597e-03,5.988115e-02,1.5063136432e+00,0.0702,7.3563e-02
3584.847,1.2810096686e-03,5.985022e-02,1.5063136432e+00,0.0702,7.5294e-02
3585.425,1.2819628508e-03,5.980307e-02,1.5063136432e+00,0.0702,7.7461e-02
3586.003,1.2826483072e-03,5.973685e-02,1.5063136432e+00,0.0702,8.2604e-02
3586.581,1.2829085013e-03,5.965286e-02,1.5063136432e+00,0.0702,8.7744e-02
3587.159,1.2826893977e-03,5.955729e-02,1.5063136432e+00,0.0702,9.2881e-02
3587.737,1.2820389052e-03,5.945462e-02,1.5063144934e+00,0.1053,9.8014e-02
3588.315,1.2810789469e-03,5.935348e-02,1.5063144934e+00,0.1053,1.0314e-01
3588.893,1.2799594003e-03,5.925979e-02,1.5063144934e+00,0.1053,1.0827e-01
3589.471,1.2788089382e-03,5.917906e-02,1.5063144934e+00,0.1053,1.1339e-01
3590.049,1.2777004728e-03,5.911463e-02,1.5063144934e+00,0.1053,1.1850e-01
3590.627,1.2766425631e-03,5.906729e-02,1.5063144934e+00,0.1053,1.2360e-01
3591.205,1.2755953531e-03,5.903583e-02,1.5063144934e+00,0.1053,1.2870e-01
3591.783,1.2745003522e-03,5.901643e-02,1.5063144934e+00,0.1053,1.3380e-01
3592.361,1.2733114546e-03,5.900303e-02,1.5063144934e+00,0.1053,1.3888e-01
3592.939,1.2720178174e-03,5.898997e-02,1.5063144934e+00,0.1053,1.4396e-01
3593.517,1.2706541152e-03,5.897308e-02,1.5063144934e+00,0.0702,1.4903e-01
3594.095,1.2692983919e-03,5.895105e-02,1.5063146364e+00,0.0702,1.5409e-01
3594.673,1.2680614898e-03,5.892579e-02,1.5063146364e+00,0.1053,1.5914e-01
3595.251,1.2670736387e-03,5.890266e-02,1.5063146364e+00,0.1053,1.6418e-01
3595.829,1.2664718009e-03,5.888841e-02,1.5063146364e+00,0.1053,1.6922e-01
3596.407,1.2663862820e-03,5.888888e-02,1.5063146364e+00,0.1053,1.7425e-01
3596.985,1.2669204097e-03,5.890685e-02,1.5063146364e+00,0.1053,1.7926e-01
3597.564,1.2681175812e-03,5.893995e-02,1.5063146364e+00,0.1053,1.8427e-01
3598.142,1.2699180679e-03,5.898106e-02,1.5063146364e+00,0.1053,1.8927e-01
3598.720,1.2721209967e-03,5.901973e-02,1.5063146364e+00,0.1053,1.9444e-01
3599.298,1.2743767873e-03,5.904478e-02,1.5063146364e+00,0.1053,1.9971e-01
3599.876,1.2762315528e-03,5.904644e-02,1.5063146364e+00,0.1053,2.0502e-01
3600.454,1.2772260130e-03,5.901779e-02,1.5063146364e+00,0.1053,2.1055e-01
3601.032,1.2770237579e-03,5.895708e-02,1.5063146364e+00,0.1053,2.1612e-01
3601.610,1.2755196987e-03,5.886817e-02,1.5063146364e+00,0.1053,2.1872e-01
3602.188,1.2728901561e-03,5.875874e-02,1.5063146364e+00,0.1053,2.2393e-01
3602.766,1.2695631413e-03,5.863906e-02,1.5063146364e+00,0.1053,2.1462e-01
3603.344,1.2661189392e-03,5.852032e-02,1.5063146364e+00,0.1053,1.5573e-01
3603.922,1.2631636299e-03,5.841228e-02,1.5063146364e+00,0.1053,1.5830e-01
3604.500,1.2612143401e-03,5.831915e-02,1.5063146364e+00,0.0702,1.5882e-01
3605.078,1.2606099558e-03,5.824379e-02,1.5063146364e+00,0.0702,1.5799e-01
3605.656,1.2614475703e-03,5.818231e-02,1.5063146364e+00,0.0702,1.5629e-01
3606.234,1.2635516446e-03,5.812859e-02,1.5063146364e+00,0.0702,1.5408e-01
3606.812,1.2664945625e-03,5.807487e-02,1.5063146364e+00,0.0702,1.5164e-01
3607.390,1.2696836558e-03,5.801385e-02,1.5063146364e+00,0.0702,1.4918e-01
3607.968,1.2725047146e-03,5.794079e-02,1.5063146364e+00,0.0702,1.4688e-01
3608.546,1.2744806310e-03,5.785361e-02,1.5063146364e+00,0.0702,1.4488e-01
3609.124,1.2753873718e-03,5.775457e-02,1.5063146364e+00,0.0702,1.4325e-01
3609.702,1.2752840363e-03,5.764902e-02,1.5063146364e+00,0.0702,1.4202e-01
3610.280,1.2744652595e-03,5.754282e-02,1.5063146364e+00,0.0702,1.4118e-01
3610.858,1.2733565889e-03,5.744142e-02,1.5063146364e+00,0.0702,1.4173e-01
3611.436,1.2723883820e-03,5.734871e-02,1.5063146364e+00,0.0702,1.4277e-01
3612.014,1.2718902982e-03,5.726649e-02,1.5063146364e+00,0.0702,1.4314e-01
3612.592,1.2720325726e-03,5.719437e-02,1.5063146364e+00,0.0702,1.4270e-01
3613.170,1.2728166477e-03,5.713075e-02,1.5063146364e+00,0.0702,1.4135e-01
3613.748,1.2741002967e-03,5.707286e-02,1.5063146364e+00,0.0702,1.4011e-01
3614.326,1.2756422134e-03,5.701787e-02,1.5063146364e+00,0.0702,1.4018e-01
3614.904,1.2771557062e-03,5.696356e-02,1.5063146364e+00,0.0702,1.4029e-01
3615.482,1.2783687852e-03,5.690865e-02,1.5063146364e+00,0.0702,1.4043e-01
3616.060,1.2790832522e-03,5.685301e-02,1.5063146364e+00,0.0702,1.4060e-01
3616.638,1.2792141276e-03,5.679743e-02,1.5063146364e+00,0.0702,1.4067e-01
3617.216,1.2788001809e-03,5.674354e-02,1.5063146364e+00,0.0702,1.4045e-01
3617.794,1.2779920653e-03,5.669375e-02,1.5063146364e+00,0.0702,1.3995e-01
3618.372,1.2770297933e-03,5.665069e-02,1.5063146364e+00,0.0702,1.3917e-01
3618.950,1.2762136142e-03,5.661685e-02,1.5063146364e+00,0.0702,1.3810e-01
3619.528,1.2758623680e-03,5.659431e-02,1.5063146364e+00,0.0702,1.3677e-01
3620.106,1.2762542638e-03,5.658471e-02,1.5063146364e+00,0.0702,1.3516e-01
3620.684,1.2775568694e-03,5.658914e-02,1.5063146364e+00,0.0702,1.3478e-01
3621.262,1.2797640970e-03,5.660812e-02,1.5063146364e+00,0.0702,1.3534e-01
3621.840,1.2826643994e-03,5.664139e-02,1.5063146364e+00,0.0702,1.3638e-01
3622.418,1.2858619658e-03,5.668775e-02,1.5063146364e+00,0.0702,1.3809e-01
3622.996,1.2888532780e-03,5.674501e-02,1.5063146364e+00,0.0702,1.4033e-01
3623.574,1.2911405652e-03,5.681009e-02,1.5063146364e+00,0.0702,1.4344e-01
3624.152,1.2923490726e-03,5.687933e-02,1.5063146364e+00,0.0702,1.4834e-01
3624.730,1.2923115326e-03,5.694888e-02,1.5063146364e+00,0.0702,1.5794e-01
3625.308,1.2910941078e-03,5.701527e-02,1.5063146364e+00,0.0702,1.8508e-01
3625.886,1.2889602260e-03,5.707586e-02,1.5063150138e+00,0.0702,8.3884e-02
3626.464,1.2862917837e-03,5.712856e-02,1.5063150138e+00,0.1053,6.2790e-02
3627.042,1.2834978172e-03,5.717360e-02,1.5063150138e+00,0.1053,5.4143e-02
3627.620,1.2809392764e-03,5.720001e-02,1.5063150382e+00,0.1404,4.9533e-02
3628.198,1.2788843713e-03,5.722137e-02,1.5063150382e+00,0.1404,5.6896e-02
3628.776,1.2774912079e-03,5.723552e-02,1.5063150382e+00,0.1404,6.5257e-02
3629.354,1.2768085321e-03,5.724499e-02,1.5063150382e+00,0.1404,6.8281e-02
3629.932,1.2767892816e-03,5.724944e-02,1.5063150382e+00,0.1404,6.5566e-02
3630.510,1.2773154584e-03,5.724701e-02,1.5063150382e+00,0.1404,5.8233e-02
3631.088,1.2782313205e-03,5.723468e-02,1.5063150382e+00,0.1404,4.8303e-02
3631.666,1.2793777564e-03,5.720894e-02,1.5063150382e+00,0.1404,4.8509e-02
3632.244,1.2806195816e-03,5.716007e-02,1.5063150382e+00,0.1053,4.9161e-02
3632.822,1.2818611917e-03,5.709638e-02,1.5063150382e+00,0.1053,4.9735e-02
3633.400,1.2830511712e-03,5.701298e-02,1.5063150382e+00,0.1053,5.2099e-02
3633.978,1.2841788758e-03,5.690442e-02,1.5063150382e+00,0.0702,5.5651e-02
3634.556,1.2852650818e-03,5.678927e-02,1.5063150382e+00,0.0702,5.9262e-02
3635.134,1.2863446876e-03,5.666336e-02,1.5063150382e+00,0.0702,6.2738e-02
3635.712,1.2874474854e-03,5.653175e-02,1.5063150382e+00,0.0702,6.6039e-02
3636.290,1.2885792142e-03,5.640024e-02,1.5063150382e+00,0.0702,6.9180e-02
3636.869,1.2897048847e-03,5.627322e-02,1.5063150382e+00,0.0702,7.2205e-02
3637.447,1.2907433713e-03,5.615208e-02,1.5063150382e+00,0.0702,8.2810e-02
3638.025,1.2915803902e-03,5.603770e-02,1.5063150382e+00,0.0702,9.2933e-02
3638.603,1.2920970953e-03,5.593006e-02,1.5063150382e+00,0.0702,1.0084e-01
3639.181,1.2922027622e-03,5.582797e-02,1.5063150382e+00,0.0702,1.0645e-01
3639.759,1.2918590983e-03,5.572877e-02,1.5063150382e+00,0.0702,1.1002e-01
3640.337,1.2910896939e-03,5.562948e-02,1.5063150382e+00,0.0702,1.1205e-01
3640.915,1.2899749475e-03,5.552751e-02,1.5063150382e+00,0.0702,1.1305e-01
3641.493,1.2886361270e-03,5.542072e-02,1.5063150382e+00,0.0702,1.1352e-01
3642.071,1.2872121228e-03,5.530788e-02,1.5063150382e+00,0.0702,1.1388e-01
3642.649,1.2858332207e-03,5.518880e-02,1.5063150382e+00,0.0702,1.1445e-01
3643.227,1.2845980976e-03,5.506383e-02,1.5063150382e+00,0.0702,1.1539e-01
3643.805,1.2835595005e-03,5.493378e-02,1.5063150382e+00,0.0702,1.1681e-01
3644.383,1.2827217045e-03,5.479960e-02,1.5063150382e+00,0.0702,1.1872e-01
3644.961,1.2820494510e-03,5.466193e-02,1.5063150382e+00,0.0702,1.2109e-01
3645.539,1.2814845957e-03,5.452076e-02,1.5063150382e+00,0.0702,1.2388e-01
3646.117,1.2809648025e-03,5.437585e-02,1.5063150382e+00,0.0702,1.2707e-01
3646.695,1.2804391409e-03,5.422731e-02,1.5063150382e+00,0.0702,1.3057e-01
3647.273,1.2798776706e-03,5.407620e-02,1.5063150382e+00,0.0702,1.3429e-01
3647.851,1.2792744459e-03,5.392498e-02,1.5063150382e+00,0.0702,1.3812e-01
3648.429,1.2786447436e-03,5.377764e-02,1.5063150382e+00,0.0702,1.4176e-01
3649.007,1.2780178192e-03,5.363945e-02,1.5063150382e+00,0.0702,1.4524e-01
3649.585,1.2774268444e-03,5.351655e-02,1.5063150382e+00,0.0702,1.4961e-01
3650.163,1.2768982776e-03,5.341506e-02,1.5063150382e+00,0.0702,1.5394e-01
3650.741,1.2764433656e-03,5.334005e-02,1.5063150382e+00,0.0702,1.5816e-01
3651.319,1.2760541542e-03,5.329451e-02,1.5063150382e+00,0.0702,1.6499e-01
3651.897,1.2757051427e-03,5.327852e-02,1.5063150382e+00,0.0702,1.7186e-01
3652.475,1.2753599256e-03,5.328876e-02,1.5063150382e+00,0.0702,1.7787e-01
3653.053,1.2749810486e-03,5.331897e-02,1.5063150382e+00,0.0702,1.8272e-01
3653.631,1.2745403140e-03,5.335978e-02,1.5063150382e+00,0.0702,1.9032e-01
3654.209,1.2740263891e-03,5.340143e-02,1.5063150382e+00,0.0702,2.1067e-01
3654.787,1.2734484055e-03,5.343511e-02,1.5063150382e+00,0.0702,2.4583e-01
3655.365,1.2728351381e-03,5.345441e-02,1.5063150382e+00,0.0702,3.8977e-01
3655.943,1.2722292395e-03,5.345416e-02,1.5063172020e+00,0.1053,1.9293e-01
3656.521,1.2716775066e-03,5.344100e-02,1.5063172020e+00,0.1053,1.9711e-01
3657.099,1.2712208397e-03,5.342229e-02,1.5063172020e+00,0.1053,2.0219e-01
3657.677,1.2708883030e-03,5.340893e-02,1.5063172020e+00,0.1053,2.0468e-01
3658.255,1.2706969978e-03,5.341127e-02,1.5063172020e+00,0.1053,2.0116e-01
3658.833,1.2706553504e-03,5.343853e-02,1.5063172355e+00,0.1404,1.9958e-01
3659.411,1.2707654373e-03,5.349428e-02,1.5063172355e+00,0.1404,2.0428e-01
3659.989,1.2710216268e-03,5.357795e-02,1.5063172355e+00,0.1053,2.1155e-01
3660.567,1.2714064567e-03,5.367738e-02,1.5063172546e+00,0.0702,2.1361e-01
3661.145,1.2718873013e-03,5.378109e-02,1.5063176117e+00,0.1053,2.1806e-01
3661.723,1.2724172781e-03,5.386491e-02,1.5063176183e+00,0.1053,2.2324e-01
3662.301,1.2729415508e-03,5.390797e-02,1.5063176207e+00,0.1404,2.5266e-01
3662.879,1.2734074693e-03,5.389338e-02,1.5063176207e+00,0.0702,2.8008e-01
3663.457,1.2737753470e-03,5.381116e-02,1.5063176300e+00,0.1053,2.3963e-01
3664.035,1.2740265288e-03,5.365965e-02,1.5063176300e+00,0.0702,5.6231e-01
3664.613,1.2741668131e-03,5.344423e-02,1.5063176395e+00,0.1404,2.5128e-01
3665.191,1.2742235707e-03,5.317836e-02,1.5063176395e+00,0.1053,2.5918e-01
3665.769,1.2742390074e-03,5.288195e-02,1.5063176395e+00,0.1053,2.6674e-01
3666.347,1.2742627530e-03,5.257696e-02,1.5063176395e+00,0.1053,2.7441e-01
3666.925,1.2743423467e-03,5.228354e-02,1.5063176395e+00,0.1053,2.8105e-01
3667.503,1.2745129937e-03,5.201703e-02,1.5063176395e+00,0.1053,2.8670e-01
3668.081,1.2747900174e-03,5.178587e-02,1.5063176395e+00,0.1053,3.5525e-01
3668.659,1.2751657370e-03,5.159152e-02,1.5063176395e+00,0.1053,2.4440e-01
3669.237,1.2756100740e-03,5.142988e-02,1.5063176395e+00,0.1053,1.8904e-01
3669.815,1.2760739784e-03,5.129293e-02,1.5063176395e+00,0.1053,1.9381e-01
3670.393,1.2764963523e-03,5.117164e-02,1.5063176395e+00,0.1053,1.9713e-01
3670.971,1.2768155801e-03,5.105704e-02,1.5063176395e+00,0.1053,1.9866e-01
3671.549,1.2769843352e-03,5.094352e-02,1.5063176395e+00,0.1053,1.9850e-01
3672.127,1.2769828096e-03,5.082187e-02,1.5063176395e+00,0.0702,1.9693e-01
3672.705,1.2768244667e-03,5.070487e-02,1.5063176395e+00,0.0702,1.9422e-01
3673.283,1.2765514764e-03,5.059280e-02,1.5063176395e+00,0.0702,1.9069e-01
3673.861,1.2762221760e-03,5.049241e-02,1.5063176395e+00,0.0702,1.8661e-01
3674.439,1.2758965265e-03,5.041082e-02,1.5063176395e+00,0.0702,1.8218e-01
3675.017,1.2756254807e-03,5.035396e-02,1.5063176395e+00,0.0702,1.7752e-01
3675.595,1.2754472549e-03,5.032524e-02,1.5063176395e+00,0.0702,1.7272e-01
3676.174,1.2753901202e-03,5.032487e-02,1.5063176395e+00,0.0702,1.6785e-01
3676.752,1.2754791851e-03,5.035008e-02,1.5063176395e+00,0.0702,1.6297e-01
3677.330,1.2757437846e-03,5.039586e-02,1.5063176395e+00,0.0702,1.5812e-01
3677.908,1.2762218760e-03,5.045568e-02,1.5063176395e+00,0.0702,1.5299e-01
3678.486,1.2769581970e-03,5.052263e-02,1.5063176395e+00,0.0702,1.4768e-01
3679.064,1.2779945052e-03,5.059014e-02,1.5063176395e+00,0.0702,1.4098e-01
3679.642,1.2793532178e-03,5.065241e-02,1.5063176395e+00,0.0702,1.3150e-01
3680.220,1.2810191666e-03,5.070531e-02,1.5063176395e+00,0.0702,1.3370e-01
3680.798,1.2829261184e-03,5.074738e-02,1.5063176395e+00,0.0702,1.3550e-01
3681.376,1.2849538880e-03,5.078007e-02,1.5063176395e+00,0.0702,1.3584e-01
3681.954,1.2869385994e-03,5.080712e-02,1.5063176395e+00,0.0702,1.3498e-01
3682.532,1.2886945707e-03,5.083361e-02,1.5063176395e+00,0.0702,1.3309e-01
3683.110,1.2900431337e-03,5.086501e-02,1.5063176395e+00,0.0702,1.3030e-01
3683.688,1.2908422571e-03,5.090631e-02,1.5063176395e+00,0.0702,1.2667e-01
3684.266,1.2910109501e-03,5.096121e-02,1.5063176395e+00,0.0702,1.2064e-01
3684.844,1.2905435830e-03,5.102953e-02,1.5063176395e+00,0.0702,1.1146e-01
3685.422,1.2895112093e-03,5.110469e-02,1.5063176395e+00,0.0702,1.0067e-01
3686.000,1.2880496818e-03,5.117742e-02,1.5063176395e+00,0.0702,9.0451e-02
3686.578,1.2863371184e-03,5.123926e-02,1.5063176395e+00,0.0702,8.2570e-02
3687.156,1.2845652655e-03,5.128430e-02,1.5063176395e+00,0.0702,7.7860e-02
3687.734,1.2829115695e-03,5.130905e-02,1.5063176395e+00,0.0702,7.6212e-02
3688.312,1.2815168586e-03,5.131283e-02,1.5063176395e+00,0.0702,7.6845e-02
3688.890,1.2804705662e-03,5.129761e-02,1.5063176395e+00,0.0702,7.7622e-02
3689.468,1.2798047112e-03,5.126727e-02,1.5063176395e+00,0.0702,7.4789e-02
3690.046,1.2794976969e-03,5.122656e-02,1.5063176395e+00,0.0702,6.8758e-02
3690.624,1.2794873617e-03,5.118012e-02,1.5063176395e+00,0.0702,6.0964e-02
3691.202,1.2796899015e-03,5.113161e-02,1.5063176395e+00,0.0702,5.2389e-02
3691.780,1.2800194264e-03,5.108320e-02,1.5063176395e+00,0.0702,4.4252e-02
3692.358,1.2804036000e-03,5.103544e-02,1.5063176395e+00,0.0702,4.1002e-02
3692.936,1.2807934482e-03,5.098739e-02,1.5063176395e+00,0.0702,4.2880e-02
3693.514,1.2811678635e-03,5.093672e-02,1.5063176395e+00,0.0702,4.4097e-02
3694.092,1.2815339958e-03,5.088036e-02,1.5063176395e+00,0.0702,4.4655e-02
3694.670,1.2819241209e-03,5.081526e-02,1.5063176395e+00,0.0702,4.4561e-02
3695.248,1.2823882932e-03,5.073922e-02,1.5063176395e+00,0.0702,4.5863e-02
3695.826,1.2829825386e-03,5.065140e-02,1.5063176395e+00,0.0702,4.7278e-02
3696.404,1.2837568002e-03,5.055243e-02,1.5063176395e+00,0.0702,4.8248e-02
3696.982,1.2847425829e-03,5.044449e-02,1.5063176395e+00,0.0702,4.8757e-02
3697.560,1.2859413697e-03,5.033112e-02,1.5063176395e+00,0.0702,5.1019e-02
3698.138,1.2873177529e-03,5.021669e-02,1.5063176395e+00,0.0702,5.4929e-02
3698.716,1.2888000461e-03,5.010579e-02,1.5063176395e+00,0.0702,5.8740e-02
3699.294,1.2902875511e-03,5.000286e-02,1.5063176395e+00,0.0702,6.2435e-02
3699.872,1.2916614099e-03,4.991164e-02,1.5063176395e+00,0.0702,6.6004e-02
3700.450,1.2927967812e-03,4.983478e-02,1.5063176395e+00,0.0702,6.9449e-02
3701.028,1.2935762564e-03,4.977361e-02,1.5063176395e+00,0.0702,7.2776e-02
3701.606,1.2939050297e-03,4.972807e-02,1.5063176395e+00,0.0702,7.6174e-02
3702.184,1.2937264661e-03,4.969685e-02,1.5063176395e+00,0.0702,8.0735e-02
3702.762,1.2930342532e-03,4.967766e-02,1.5063176395e+00,0.0702,8.5222e-02
3703.340,1.2918768502e-03,4.966778e-02,1.5063176395e+00,0.0702,8.9351e-02
3703.918,1.2903521637e-03,4.966447e-02,1.5063176395e+00,0.0702,9.3169e-02
3704.496,1.2885930382e-03,4.966533e-02,1.5063176395e+00,0.0702,9.6625e-02
3705.074,1.2867471656e-03,4.966851e-02,1.5063176395e+00,0.0702,9.9665e-02
3705.652,1.2849556412e-03,4.967282e-02,1.5063176395e+00,0.0702,1.0251e-01
3706.230,1.2833324674e-03,4.967775e-02,1.5063176395e+00,0.0702,1.0523e-01
3706.808,1.2819474053e-03,4.968315e-02,1.5063176395e+00,0.0702,1.0690e-01
3707.386,1.2808161204e-03,4.968893e-02,1.5063176395e+00,0.0702,1.0678e-01
3707.964,1.2799014918e-03,4.969468e-02,1.5063176395e+00,0.0702,1.0827e-01
3708.542,1.2791269286e-03,4.969950e-02,1.5063176395e+00,0.0702,1.1145e-01
3709.120,1.2783982309e-03,4.970177e-02,1.5063176395e+00,0.0702,1.1463e-01
3709.698,1.2776278023e-03,4.969833e-02,1.5063183875e+00,0.1053,1.1778e-01
3710.276,1.2767550041e-03,4.968817e-02,1.5063183875e+00,0.1053,1.2085e-01
3710.854,1.2757589920e-03,4.966983e-02,1.5063183875e+00,0.1053,1.2387e-01
3711.432,1.2746630070e-03,4.964250e-02,1.5063183875e+00,0.1053,1.2685e-01
3712.010,1.2735285784e-03,4.960624e-02,1.5063183875e+00,0.1053,1.2977e-01
3712.588,1.2724419674e-03,4.956227e-02,1.5063183875e+00,0.1053,1.3265e-01
3713.166,1.2714980394e-03,4.951324e-02,1.5063183875e+00,0.1053,1.3550e-01
3713.744,1.2707837907e-03,4.946316e-02,1.5063183875e+00,0.1053,1.3832e-01
3714.322,1.2703617734e-03,4.941716e-02,1.5063183875e+00,0.1053,1.4112e-01
3714.900,1.2702564874e-03,4.938097e-02,1.5063183875e+00,0.1053,1.4394e-01
3715.479,1.2704495177e-03,4.936056e-02,1.5063183875e+00,0.1053,1.4744e-01
3716.057,1.2708865129e-03,4.936110e-02,1.5063183875e+00,0.1053,1.5308e-01
3716.635,1.2714926166e-03,4.938528e-02,1.5063183875e+00,0.1053,1.5933e-01
3717.213,1.2721889101e-03,4.943386e-02,1.5063183875e+00,0.1053,1.6370e-01
3717.791,1.2729042609e-03,4.950521e-02,1.5063183875e+00,0.1053,1.6662e-01
3718.369,1.2735819837e-03,4.959566e-02,1.5063183875e+00,0.1053,1.7064e-01
3718.947,1.2741836702e-03,4.969962e-02,1.5063183875e+00,0.1053,1.7461e-01
3719.525,1.2746914195e-03,4.980936e-02,1.5063183875e+00,0.1053,1.7676e-01
3720.103,1.2751071659e-03,4.991625e-02,1.5063183875e+00,0.1053,1.7798e-01
3720.681,1.2754475381e-03,5.001229e-02,1.5063183875e+00,0.1053,1.7892e-01
3721.259,1.2757352746e-03,5.009041e-02,1.5063183875e+00,0.1053,1.8300e-01
3721.837,1.2759907314e-03,5.014423e-02,1.5063183875e+00,0.1053,1.7985e-01
3722.415,1.2762267782e-03,5.016996e-02,1.5063183875e+00,0.1053,1.8123e-01
3722.993,1.2764477161e-03,5.016688e-02,1.5063183875e+00,0.1053,1.8353e-01
3723.571,1.2766502693e-03,5.013704e-02,1.5063183875e+00,0.1053,1.8535e-01
3724.149,1.2768243955e-03,5.008489e-02,1.5063183875e+00,0.1053,1.8680e-01
3724.727,1.2769534772e-03,5.001641e-02,1.5063183875e+00,0.1053,1.8798e-01
3725.305,1.2770155921e-03,4.993838e-02,1.5063183875e+00,0.1053,1.8893e-01
3725.883,1.2769866720e-03,4.985727e-02,1.5063183875e+00,0.1053,1.8104e-01
3726.461,1.2768460152e-03,4.977810e-02,1.5063183875e+00,0.1053,1.8360e-01
3727.039,1.2765837751e-03,4.970406e-02,1.5063183875e+00,0.1053,1.6592e-01
3727.617,1.2762055349e-03,4.963658e-02,1.5063183875e+00,0.1053,1.4710e-01
3728.195,1.2757323230e-03,4.957521e-02,1.5063183875e+00,0.1053,1.4765e-01
3728.773,1.2751982291e-03,4.951772e-02,1.5063183875e+00,0.1053,1.4768e-01
3729.351,1.2746474305e-03,4.946019e-02,1.5063183875e+00,0.0702,1.4611e-01
3729.929,1.2741298950e-03,4.940147e-02,1.5063183875e+00,0.0702,1.4369e-01
3730.507,1.2736941234e-03,4.933856e-02,1.5063183875e+00,0.0702,1.4084e-01
3731.085,1.2733776339e-03,4.927005e-02,1.5063183875e+00,0.0702,1.3782e-01
3731.663,1.2731987729e-03,4.919578e-02,1.5063183875e+00,0.0702,1.3478e-01
3732.241,1.2731536231e-03,4.911688e-02,1.5063183875e+00,0.0702,1.3181e-01
3732.819,1.2732193363e-03,4.903507e-02,1.5063183875e+00,0.0702,1.2894e-01
3733.397,1.2733623488e-03,4.895227e-02,1.5063183875e+00,0.0702,1.2618e-01
3733.975,1.2735476854e-03,4.887131e-02,1.5063183875e+00,0.0702,1.2354e-01
3734.553,1.2737466031e-03,4.879547e-02,1.5063183875e+00,0.0702,1.2098e-01
3735.131,1.2739417024e-03,4.872764e-02,1.5063183875e+00,0.0702,1.1850e-01
3735.709,1.2741293185e-03,4.867041e-02,1.5063183875e+00,0.0702,1.1610e-01
3736.287,1.2743190310e-03,4.862576e-02,1.5063183875e+00,0.0702,1.1378e-01
3736.865,1.2745304022e-03,4.859476e-02,1.5063183875e+00,0.0702,1.1153e-01
3737.443,1.2747877186e-03,4.857734e-02,1.5063183875e+00,0.0702,1.0936e-01
3738.021,1.2751141301e-03,4.857233e-02,1.5063183875e+00,0.0702,1.0729e-01
3738.599,1.2755266763e-03,4.857758e-02,1.5063183875e+00,0.0702,1.0531e-01
3739.177,1.2760331278e-03,4.859042e-02,1.5063183875e+00,0.0702,1.0346e-01
3739.755,1.2766309237e-03,4.860808e-02,1.5063183875e+00,0.0702,1.0173e-01
3740.333,1.2773081157e-03,4.862816e-02,1.5063183875e+00,0.0702,1.0013e-01
3740.911,1.2780458627e-03,4.864885e-02,1.5063183875e+00,0.0702,9.8690e-02
3741.489,1.2788215561e-03,4.866915e-02,1.5063183875e+00,0.0702,9.7409e-02
3742.067,1.2796114324e-03,4.868874e-02,1.5063183875e+00,0.0702,9.6310e-02
3742.645,1.2803918789e-03,4.870789e-02,1.5063183875e+00,0.0702,9.5417e-02
3743.223,1.2811394781e-03,4.872722e-02,1.5063183875e+00,0.0702,9.4763e-02
3743.801,1.2818306597e-03,4.874744e-02,1.5063183875e+00,0.0702,9.4392e-02
3744.379,1.2824420867e-03,4.876920e-02,1.5063183875e+00,0.0702,9.4364e-02
3744.957,1.2829524097e-03,4.879364e-02,1.5063183875e+00,0.0702,9.4756e-02
3745.535,1.2833451023e-03,4.882121e-02,1.5063183875e+00,0.0702,9.5674e-02
3746.113,1.2836113186e-03,4.885035e-02,1.5063183875e+00,0.0702,9.7253e-02
3746.691,1.2837515782e-03,4.887883e-02,1.5063183875e+00,0.0702,9.9555e-02
3747.269,1.2837756264e-03,4.890333e-02,1.5063183875e+00,0.0702,1.0242e-01
3747.847,1.2837006898e-03,4.891953e-02,1.5063183875e+00,0.0702,1.0582e-01
3748.425,1.2835490201e-03,4.892269e-02,1.5063183875e+00,0.0702,1.0915e-01
3749.003,1.2833457347e-03,4.890972e-02,1.5063183875e+00,0.0702,1.1173e-01
3749.581,1.2831175291e-03,4.887957e-02,1.5063183875e+00,0.0702,1.1329e-01
3750.159,1.2828921293e-03,4.883323e-02,1.5063183875e+00,0.0702,1.1324e-01
3750.737,1.2826977978e-03,4.877380e-02,1.5063183875e+00,0.0702,1.1149e-01
3751.315,1.2825621030e-03,4.870560e-02,1.5063183875e+00,0.0702,1.0819e-01
3751.893,1.2825095772e-03,4.863333e-02,1.5063183875e+00,0.0702,1.0373e-01
3752.471,1.2825586003e-03,4.856123e-02,1.5063183875e+00,0.0702,9.8464e-02
3753.049,1.2827184695e-03,4.849246e-02,1.5063183875e+00,0.0702,9.0890e-02
3753.627,1.2829877802e-03,4.842871e-02,1.5063183875e+00,0.0702,8.0998e-02
3754.205,1.2833548208e-03,4.837064e-02,1.5063183875e+00,0.0702,6.9338e-02
3754.784,1.2837998961e-03,4.831802e-02,1.5063183875e+00,0.0702,5.6771e-02
3755.362,1.2842987370e-03,4.826898e-02,1.5063183875e+00,0.0702,4.4031e-02
3755.940,1.2848258171e-03,4.822170e-02,1.5063183875e+00,0.0702,3.1650e-02
3756.518,1.2853565728e-03,4.817474e-02,1.5063183875e+00,0.0702,3.1880e-02
3757.096,1.2858680447e-03,4.812716e-02,1.5063183875e+00,0.0702,3.4486e-02
3757.674,1.2863380649e-03,4.807874e-02,1.5063183875e+00,0.0702,3.6751e-02
3758.252,1.2867436154e-03,4.803008e-02,1.5063183875e+00,0.0702,3.8690e-02
3758.830,1.2870593434e-03,4.798206e-02,1.5063183875e+00,0.0702,4.0333e-02
3759.408,1.2872574152e-03,4.793611e-02,1.5063183875e+00,0.0702,4.1724e-02
3759.986,1.2873097814e-03,4.789396e-02,1.5063183875e+00,0.0702,4.3032e-02
3760.564,1.2871933137e-03,4.785725e-02,1.5063183875e+00,0.0702,4.6065e-02
3761.142,1.2868971353e-03,4.782733e-02,1.5063183875e+00,0.0702,4.9102e-02
3761.720,1.2864301277e-03,4.780508e-02,1.5063183875e+00,0.0702,5.2149e-02
3762.298,1.2858257209e-03,4.779046e-02,1.5063183875e+00,0.0702,5.5214e-02
3762.876,1.2851412663e-03,4.778299e-02,1.5063183875e+00,0.0702,5.8288e-02
3763.454,1.2844507478e-03,4.778153e-02,1.5063183875e+00,0.0702,6.1370e-02
3764.032,1.2838316713e-03,4.778432e-02,1.5063183875e+00,0.0702,6.4464e-02
3764.610,1.2833492966e-03,4.778929e-02,1.5063183875e+00,0.0702,6.7574e-02
3765.188,1.2830425581e-03,4.779446e-02,1.5063183875e+00,0.0702,7.0706e-02
3765.766,1.2829154088e-03,4.779870e-02,1.5063183875e+00,0.0702,7.3876e-02
3766.344,1.2829359050e-03,4.780123e-02,1.5063183875e+00,0.0702,7.7112e-02
3766.922,1.2830435595e-03,4.780177e-02,1.5063183875e+00,0.0702,8.0422e-02
3767.500,1.2831625804e-03,4.780070e-02,1.5063183875e+00,0.0702,8.3808e-02
3768.078,1.2832178693e-03,4.779848e-02,1.5063183875e+00,0.0702,8.7275e-02
3768.656,1.2831496793e-03,4.779595e-02,1.5063183875e+00,0.0702,9.0844e-02
3769.234,1.2829223028e-03,4.779439e-02,1.5063183875e+00,0.0702,9.4538e-02
3769.812,1.2825256372e-03,4.779524e-02,1.5063183875e+00,0.0702,9.8343e-02
3770.390,1.2819719555e-03,4.779945e-02,1.5063183875e+00,0.0702,1.0223e-01
3770.968,1.2812910698e-03,4.780722e-02,1.5063183875e+00,0.0702,1.0619e-01
3771.546,1.2805254580e-03,4.781799e-02,1.5063183875e+00,0.0702,1.1021e-01
3772.124,1.2797251502e-03,4.783056e-02,1.5063183875e+00,0.0702,1.1430e-01
3772.702,1.2789423999e-03,4.784332e-02,1.5063183875e+00,0.0702,1.1845e-01
3773.280,1.2782259714e-03,4.785447e-02,1.5063183875e+00,0.0702,1.2267e-01
3773.858,1.2776150795e-03,4.786240e-02,1.5063183875e+00,0.0702,1.2695e-01
3774.436,1.2771347311e-03,4.786608e-02,1.5063183875e+00,0.0702,1.3259e-01
3775.014,1.2767938810e-03,4.786530e-02,1.5063183875e+00,0.0702,1.6257e-01
3775.592,1.2765858879e-03,4.785967e-02,1.5063192958e+00,0.1053,1.4015e-01
3776.170,1.2764903693e-03,4.785269e-02,1.5063192958e+00,0.1053,1.4466e-01
3776.748,1.2764768163e-03,4.784766e-02,1.5063192958e+00,0.1053,1.4921e-01
3777.326,1.2765106910e-03,4.784822e-02,1.5063192958e+00,0.1053,1.5380e-01
3777.904,1.2765612664e-03,4.785834e-02,1.5063192958e+00,0.1053,1.5841e-01
3778.482,1.2766067298e-03,4.788159e-02,1.5063192958e+00,0.1053,1.6305e-01
3779.060,1.2766378980e-03,4.792090e-02,1.5063192958e+00,0.1053,1.6768e-01
3779.638,1.2766560503e-03,4.797839e-02,1.5063192958e+00,0.1053,1.7271e-01
3780.216,1.2766652997e-03,4.805319e-02,1.5063210040e+00,0.1404,1.7781e-01
3780.794,1.2766701445e-03,4.814388e-02,1.5063210040e+00,0.1404,1.8296e-01
3781.372,1.2766768680e-03,4.824621e-02,1.5063210040e+00,0.1053,1.8913e-01
3781.950,1.2766939737e-03,4.835390e-02,1.5063210040e+00,0.1053,1.9531e-01
3782.528,1.2767301427e-03,4.845969e-02,1.5063210040e+00,0.1053,2.0323e-01
3783.106,1.2767913687e-03,4.855570e-02,1.5063211045e+00,0.1404,2.0487e-01
3783.684,1.2768795814e-03,4.863522e-02,1.5063211173e+00,0.1404,2.1046e-01
3784.262,1.2769922243e-03,4.869317e-02,1.5063226695e+00,0.1404,2.1606e-01
3784.840,1.2771207091e-03,4.872646e-02,1.5063226893e+00,0.1053,2.2293e-01
3785.418,1.2772474894e-03,4.873422e-02,1.5063226908e+00,0.1053,2.2703e-01
3785.996,1.2773443941e-03,4.871752e-02,1.5063226908e+00,0.1053,2.3286e-01
3786.574,1.2773741911e-03,4.867891e-02,1.5063226969e+00,0.1404,2.3864e-01
3787.152,1.2772990617e-03,4.862323e-02,1.5063226969e+00,0.1053,2.4465e-01
3787.730,1.2770926702e-03,4.855537e-02,1.5063226969e+00,0.1053,2.4938e-01
3788.308,1.2767477645e-03,4.847923e-02,1.5063226969e+00,0.1053,2.4173e-01
3788.886,1.2762796728e-03,4.839880e-02,1.5063226969e+00,0.1053,2.4663e-01
3789.464,1.2757254409e-03,4.831693e-02,1.5063226969e+00,0.1053,2.5149e-01
3790.042,1.2751383514e-03,4.822609e-02,1.5063226969e+00,0.0702,2.5628e-01
3790.620,1.2745783332e-03,4.814187e-02,1.5063226969e+00,0.0702,2.6086e-01
3791.198,1.2741003056e-03,4.805926e-02,1.5063226969e+00,0.0702,1.7052e-01
3791.776,1.2737439362e-03,4.797888e-02,1.5063226969e+00,0.0702,1.7743e-01
3792.354,1.2735277208e-03,4.790103e-02,1.5063226969e+00,0.0702,1.8249e-01
3792.932,1.2734483863e-03,4.782600e-02,1.5063226969e+00,0.0702,1.8593e-01
3793.510,1.2734848546e-03,4.775410e-02,1.5063226969e+00,0.0702,1.8799e-01
3794.089,1.2736049649e-03,4.768577e-02,1.5063226969e+00,0.0702,1.8895e-01
3794.667,1.2737728914e-03,4.762108e-02,1.5063226969e+00,0.0702,1.8905e-01
3795.245,1.2739571679e-03,4.755944e-02,1.5063226969e+00,0.0702,1.8849e-01
3795.823,1.2741367007e-03,4.749999e-02,1.5063226969e+00,0.0702,1.8743e-01
3796.401,1.2743037008e-03,4.744164e-02,1.5063226969e+00,0.0702,1.8603e-01
3796.979,1.2744632047e-03,4.738341e-02,1.5063226969e+00,0.0702,1.8439e-01
3797.557,1.2746283856e-03,4.732451e-02,1.5063226969e+00,0.0702,1.8260e-01
3798.135,1.2748149581e-03,4.726457e-02,1.5063226969e+00,0.0702,1.8073e-01
3798.713,1.2750371741e-03,4.720368e-02,1.5063226969e+00,0.0702,1.7884e-01
3799.291,1.2753057296e-03,4.714232e-02,1.5063226969e+00,0.0702,1.7698e-01
3799.869,1.2756268156e-03,4.708129e-02,1.5063226969e+00,0.0702,1.7516e-01
3800.447,1.2760017001e-03,4.702160e-02,1.5063226969e+00,0.0702,1.7343e-01
3801.025,1.2764268617e-03,4.696441e-02,1.5063226969e+00,0.0702,1.7179e-01
3801.603,1.2768949244e-03,4.691090e-02,1.5063226969e+00,0.0702,1.7024e-01
3802.181,1.2773960920e-03,4.686222e-02,1.5063226969e+00,0.0702,1.6879e-01
3802.759,1.2779191613e-03,4.681933e-02,1.5063226969e+00,0.0702,1.6743e-01
3803.337,1.2784514683e-03,4.678292e-02,1.5063226969e+00,0.0702,1.6613e-01
3803.915,1.2789782262e-03,4.675329e-02,1.5063226969e+00,0.0702,1.6490e-01
3804.493,1.2794825437e-03,4.673024e-02,1.5063226969e+00,0.0702,1.6370e-01
3805.071,1.2799470821e-03,4.671303e-02,1.5063226969e+00,0.0702,1.6252e-01
3805.649,1.2803570627e-03,4.670043e-02,1.5063226969e+00,0.0702,1.6134e-01
3806.227,1.2807032790e-03,4.669083e-02,1.5063226969e+00,0.0702,1.6015e-01
3806.805,1.2809837441e-03,4.668250e-02,1.5063226969e+00,0.0702,1.5894e-01
3807.383,1.2812034452e-03,4.667380e-02,1.5063226969e+00,0.0702,1.5768e-01
3807.961,1.2813725827e-03,4.666350e-02,1.5063226969e+00,0.0702,1.5639e-01
3808.539,1.2815040415e-03,4.665086e-02,1.5063226969e+00,0.0702,1.5477e-01
3809.117,1.2816107399e-03,4.663557e-02,1.5063226969e+00,0.0702,1.5124e-01
3809.695,1.2817033515e-03,4.661792e-02,1.5063226969e+00,0.0702,1.4636e-01
3810.273,1.2817889010e-03,4.659879e-02,1.5063226969e+00,0.0702,1.4118e-01
3810.851,1.2818706935e-03,4.657943e-02,1.5063226969e+00,0.0702,1.3643e-01
3811.429,1.2819496952e-03,4.656120e-02,1.5063226969e+00,0.0702,1.3221e-01
3812.007,1.2820268946e-03,4.654525e-02,1.5063226969e+00,0.0702,1.2751e-01
3812.585,1.2821057206e-03,4.653244e-02,1.5063226969e+00,0.0702,1.2018e-01
3813.163,1.2821936038e-03,4.652326e-02,1.5063226969e+00,0.0702,1.1079e-01
3813.741,1.2823022163e-03,4.651770e-02,1.5063226969e+00,0.0702,9.9910e-02
3814.319,1.2824464909e-03,4.651519e-02,1.5063226969e+00,0.0702,8.7882e-02
3814.897,1.2826428697e-03,4.651473e-02,1.5063226969e+00,0.0702,7.5193e-02
3815.475,1.2829072748e-03,4.651518e-02,1.5063226969e+00,0.0702,6.2280e-02
3816.053,1.2832531570e-03,4.651542e-02,1.5063226969e+00,0.0702,4.9537e-02
3816.631,1.2836898060e-03,4.651447e-02,1.5063226969e+00,0.0702,4.0403e-02
3817.209,1.2842209707e-03,4.651164e-02,1.5063226969e+00,0.0702,3.6865e-02
3817.787,1.2848437364e-03,4.650657e-02,1.5063226969e+00,0.0702,3.3324e-02
3818.365,1.2855475690e-03,4.649920e-02,1.5063226969e+00,0.0702,2.9783e-02
3818.943,1.2863135168e-03,4.648973e-02,1.5063226969e+00,0.0702,2.6206e-02
3819.521,1.2871137375e-03,4.647852e-02,1.5063226969e+00,0.0702,2.2571e-02
3820.099,1.2879117124e-03,4.646613e-02,1.5063226969e+00,0.0702,2.4335e-02
3820.677,1.2886635757e-03,4.645320e-02,1.5063226969e+00,0.0702,2.7342e-02
3821.255,1.2893208791e-03,4.644045e-02,1.5063226969e+00,0.0702,3.0307e-02
3821.833,1.2898348559e-03,4.642853e-02,1.5063226969e+00,0.0702,3.3233e-02
3822.411,1.2901619227e-03,4.641795e-02,1.5063226969e+00,0.0702,3.6128e-02
3822.989,1.2902697886e-03,4.640895e-02,1.5063226969e+00,0.0702,3.8998e-02
3823.567,1.2901431468e-03,4.640153e-02,1.5063226969e+00,0.0702,4.1853e-02
3824.145,1.2897876407e-03,4.639533e-02,1.5063226969e+00,0.0702,4.4704e-02
3824.723,1.2892308074e-03,4.638968e-02,1.5063226969e+00,0.0702,4.7560e-02
3825.301,1.2885192162e-03,4.638383e-02,1.5063226969e+00,0.0702,5.0434e-02
3825.879,1.2877120317e-03,4.637703e-02,1.5063226969e+00,0.0702,5.3339e-02
3826.457,1.2868721945e-03,4.636865e-02,1.5063226969e+00,0.0702,5.6284e-02
3827.035,1.2860573002e-03,4.635825e-02,1.5063226969e+00,0.0702,5.9283e-02
3827.613,1.2853125855e-03,4.634567e-02,1.5063226969e+00,0.0702,6.2349e-02
3828.191,1.2846671748e-03,4.633090e-02,1.5063226969e+00,0.0702,6.5492e-02
3828.769,1.2841335440e-03,4.631388e-02,1.5063226969e+00,0.0702,6.8703e-02
3829.347,1.2837096132e-03,4.629488e-02,1.5063226969e+00,0.0702,7.1991e-02
3829.925,1.2833825461e-03,4.627439e-02,1.5063226969e+00,0.0702,7.5362e-02
3830.503,1.2831329917e-03,4.625275e-02,1.5063226969e+00,0.0702,7.8825e-02
3831.081,1.2829384827e-03,4.623006e-02,1.5063226969e+00,0.0702,8.2382e-02
3831.659,1.2827753275e-03,4.620620e-02,1.5063226969e+00,0.0702,8.6036e-02
3832.237,1.2826193879e-03,4.618098e-02,1.5063226969e+00,0.0702,8.9797e-02
3832.815,1.2824468822e-03,4.615429e-02,1.5063226969e+00,0.0702,9.3791e-02
3833.394,1.2822362136e-03,4.612616e-02,1.5063226969e+00,0.0702,9.7828e-02
3833.972,1.2819708887e-03,4.609703e-02,1.5063226969e+00,0.0702,1.0183e-01
3834.550,1.2816425710e-03,4.606785e-02,1.5063226969e+00,0.0702,1.0581e-01
3835.128,1.2812529272e-03,4.604014e-02,1.5063226969e+00,0.0702,1.0978e-01
3835.706,1.2808132984e-03,4.601593e-02,1.5063226969e+00,0.0702,1.1373e-01
3836.284,1.2803421325e-03,4.599755e-02,1.5063226969e+00,0.0702,1.1937e-01
3836.862,1.2798610826e-03,4.598736e-02,1.5063226969e+00,0.0702,1.2572e-01
3837.440,1.2793904415e-03,4.598733e-02,1.5063226969e+00,0.0702,1.3199e-01
3838.018,1.2789452706e-03,4.599874e-02,1.5063226969e+00,0.0702,1.3801e-01
3838.596,1.2785339434e-03,4.602190e-02,1.5063226969e+00,0.0702,1.4456e-01
3839.174,1.2781591519e-03,4.605596e-02,1.5063226969e+00,0.0702,1.5179e-01
3839.752,1.2778202177e-03,4.609907e-02,1.5063226969e+00,0.0702,1.5805e-01
3840.330,1.2775147055e-03,4.614859e-02,1.5063226969e+00,0.0702,1.6543e-01
3840.908,1.2772363379e-03,4.620141e-02,1.5063226969e+00,0.0702,1.7209e-01
3841.486,1.2769875861e-03,4.625434e-02,1.5063226969e+00,0.0702,1.7620e-01
3842.064,1.2767722158e-03,4.630446e-02,1.5063226969e+00,0.0702,2.0738e-01
3842.642,1.2765866715e-03,4.634945e-02,1.5063226969e+00,0.0702,6.1098e-01
3843.220,1.2764218154e-03,4.638763e-02,1.5063230620e+00,0.1053,1.8343e-01
3843.798,1.2762685769e-03,4.641848e-02,1.5063230620e+00,0.1053,1.8354e-01
3844.376,1.2761206392e-03,4.644176e-02,1.5063230620e+00,0.0702,1.8891e-01
3844.954,1.2759719826e-03,4.645836e-02,1.5063230620e+00,0.0702,1.9972e-01
3845.532,1.2758135768e-03,4.646843e-02,1.5063247326e+00,0.1053,2.0837e-01
3846.110,1.2756348692e-03,4.647481e-02,1.5063247326e+00,0.1053,2.1532e-01
3846.688,1.2754303784e-03,4.647894e-02,1.5063247326e+00,0.1053,2.1956e-01
3847.266,1.2752059953e-03,4.648218e-02,1.5063247326e+00,0.1053,2.1918e-01
3847.844,1.2749796033e-03,4.648530e-02,1.5063247326e+00,0.1053,2.1124e-01
3848.422,1.2747757525e-03,4.648844e-02,1.5063247326e+00,0.1053,2.1392e-01
3849.000,1.2746187035e-03,4.649145e-02,1.5063247326e+00,0.1053,2.1760e-01
3849.578,1.2745279881e-03,4.649430e-02,1.5063247326e+00,0.1053,2.1125e-01
3850.156,1.2745169222e-03,4.648972e-02,1.5063247326e+00,0.0702,1.9376e-01
3850.734,1.2745916598e-03,4.648912e-02,1.5063247326e+00,0.0702,2.2829e-01
3851.312,1.2747492374e-03,4.648650e-02,1.5063247326e+00,0.0702,1.9685e-01
3851.890,1.2749752477e-03,4.648155e-02,1.5063247326e+00,0.0702,1.9899e-01
3852.468,1.2752452843e-03,4.647403e-02,1.5063247326e+00,0.0702,2.0038e-01
3853.046,1.2755302813e-03,4.646378e-02,1.5063247326e+00,0.0702,2.4243e-01
3853.624,1.2758024851e-03,4.645068e-02,1.5063247326e+00,0.0702,3.0387e-01
3854.202,1.2760402898e-03,4.643469e-02,1.5063247326e+00,0.0702,2.0014e-01
3854.780,1.2762309720e-03,4.641581e-02,1.5063247326e+00,0.0702,1.8705e-01
3855.358,1.2763714274e-03,4.639416e-02,1.5063247326e+00,0.0702,1.3469e-01
3855.936,1.2764674491e-03,4.636986e-02,1.5063247326e+00,0.0702,1.3906e-01
3856.514,1.2765317763e-03,4.634277e-02,1.5063247326e+00,0.0702,1.4266e-01
3857.092,1.2765809374e-03,4.631268e-02,1.5063247326e+00,0.0702,1.3997e-01
3857.670,1.2766313285e-03,4.627937e-02,1.5063247326e+00,0.0702,1.3154e-01
3858.248,1.2766956036e-03,4.624271e-02,1.5063247326e+00,0.0702,1.1978e-01
3858.826,1.2767805672e-03,4.620273e-02,1.5063247326e+00,0.0702,1.1832e-01
3859.404,1.2768871459e-03,4.615966e-02,1.5063247326e+00,0.0702,1.2154e-01
3859.982,1.2770120971e-03,4.611401e-02,1.5063247326e+00,0.0702,1.2455e-01
3860.560,1.2771505064e-03,4.606645e-02,1.5063247326e+00,0.0702,1.2695e-01
3861.138,1.2772981300e-03,4.601772e-02,1.5063247326e+00,0.0702,1.3116e-01
3861.716,1.2774529948e-03,4.596865e-02,1.5063247326e+00,0.0702,1.3614e-01
3862.294,1.2776159493e-03,4.592007e-02,1.5063247326e+00,0.0702,1.4164e-01
3862.872,1.2777899748e-03,4.587288e-02,1.5063247326e+00,0.0702,1.4729e-01
3863.450,1.2779782875e-03,4.582804e-02,1.5063247326e+00,0.0702,1.5223e-01
3864.028,1.2781817853e-03,4.578654e-02,1.5063247326e+00,0.0702,1.5634e-01
3864.606,1.2783969605e-03,4.574944e-02,1.5063247326e+00,0.0702,1.5980e-01
3865.184,1.2786154832e-03,4.571770e-02,1.5063247326e+00,0.0702,1.6251e-01
3865.762,1.2788259744e-03,4.569280e-02,1.5063247326e+00,0.0702,1.6445e-01
3866.340,1.2790173666e-03,4.567784e-02,1.5063247326e+00,0.0702,1.6580e-01
3866.918,1.2791824000e-03,4.567470e-02,1.5063247326e+00,0.0702,1.6669e-01
3867.496,1.2793197742e-03,4.568275e-02,1.5063247326e+00,0.0702,1.6720e-01
3868.074,1.2794342175e-03,4.569894e-02,1.5063247326e+00,0.0702,1.6742e-01
3868.652,1.2795347225e-03,4.571863e-02,1.5063247326e+00,0.0702,1.6741e-01
3869.230,1.2796318628e-03,4.573676e-02,1.5063247326e+00,0.0702,1.6721e-01
3869.808,1.2797352204e-03,4.574895e-02,1.5063247326e+00,0.0702,1.6685e-01
3870.386,1.2798516690e-03,4.575231e-02,1.5063247326e+00,0.0702,1.6638e-01
3870.964,1.2799848301e-03,4.574583e-02,1.5063247326e+00,0.0702,1.6580e-01
3871.542,1.2801356356e-03,4.610724e-02,1.5063247326e+00,0.0351,1.6513e-01
3872.120,1.2803036384e-03,4.607375e-02,1.5063247326e+00,0.0351,1.6335e-01
3872.699,1.2804885369e-03,4.604732e-02,1.5063247326e+00,0.0351,1.6002e-01
3873.277,1.2806913720e-03,4.603841e-02,1.5063247326e+00,0.0351,1.5584e-01
3873.855,1.2809150278e-03,4.605271e-02,1.5063247326e+00,0.0351,1.5144e-01
3874.433,1.2811639487e-03,4.609143e-02,1.5063247326e+00,0.0351,1.4699e-01
3875.011,1.2814432355e-03,4.615131e-02,1.5063247326e+00,0.0351,1.4188e-01
3875.589,1.2817573769e-03,4.622560e-02,1.5063247326e+00,0.0351,1.3438e-01
3876.167,1.2821088487e-03,4.630545e-02,1.5063247326e+00,0.0351,1.2487e-01
3876.745,1.2824967481e-03,4.638154e-02,1.5063247326e+00,0.0351,1.1368e-01
3877.323,1.2829156364e-03,4.644556e-02,1.5063247326e+00,0.0351,1.0110e-01
3877.901,1.2833548277e-03,4.649128e-02,1.5063247326e+00,0.0351,8.7634e-02
3878.479,1.2837984080e-03,4.651509e-02,1.5063247326e+00,0.0351,8.5850e-02
3879.057,1.2842262158e-03,4.651606e-02,1.5063247326e+00,0.0351,8.6419e-02
3879.635,1.2846158375e-03,4.649566e-02,1.5063247326e+00,0.0351,8.3992e-02
3880.213,1.2849454133e-03,4.645722e-02,1.5063247326e+00,0.0351,8.2132e-02
3880.791,1.2851967868e-03,4.640532e-02,1.5063247326e+00,0.0351,8.0835e-02
3881.369,1.2853583575e-03,4.634512e-02,1.5063247326e+00,0.0351,8.0117e-02
3881.947,1.2854269848e-03,4.628167e-02,1.5063247326e+00,0.0351,7.9980e-02
3882.525,1.2854084932e-03,4.621942e-02,1.5063247326e+00,0.0351,2.7328e-02
3883.103,1.2853166977e-03,4.616187e-02,1.5063247326e+00,0.0351,2.9617e-02
3883.681,1.2851712743e-03,4.611126e-02,1.5063247326e+00,0.0351,3.1323e-02
3884.259,1.2849950610e-03,4.606868e-02,1.5063247326e+00,0.0351,3.2422e-02
3884.837,1.2848113734e-03,4.603416e-02,1.5063247326e+00,0.0351,3.3002e-02
3885.415,1.2846416772e-03,4.600689e-02,1.5063247326e+00,0.0351,3.3579e-02
3885.993,1.2845036637e-03,4.598556e-02,1.5063247326e+00,0.0351,3.3599e-02
3886.571,1.2844096200e-03,4.596865e-02,1.5063247326e+00,0.0351,3.5275e-02
3887.149,1.2843650775e-03,4.595475e-02,1.5063247326e+00,0.0351,3.8772e-02
3887.727,1.2843679795e-03,4.594272e-02,1.5063247326e+00,0.0351,4.1854e-02
3888.305,1.2844088178e-03,4.593182e-02,1.5063247326e+00,0.0351,4.4551e-02
3888.883,1.2844721339e-03,4.592167e-02,1.5063247326e+00,0.0351,4.6905e-02
3889.461,1.2845394124e-03,4.591222e-02,1.5063247326e+00,0.0351,4.8971e-02
3890.039,1.2845928122e-03,4.590362e-02,1.5063247326e+00,0.0351,5.1332e-02
3890.617,1.2846186890e-03,4.589607e-02,1.5063247326e+00,0.0351,5.4697e-02
3891.195,1.2846097264e-03,4.588980e-02,1.5063247326e+00,0.0351,5.7718e-02
3891.773,1.2845648803e-03,4.588494e-02,1.5063247326e+00,0.0351,6.0391e-02
3892.351,1.2844871489e-03,4.588129e-02,1.5063247326e+00,0.0351,6.2737e-02
3892.929,1.2843800759e-03,4.587845e-02,1.5063247326e+00,0.0351,6.4790e-02
3893.507,1.2842444485e-03,4.587592e-02,1.5063247326e+00,0.0351,6.6600e-02
3894.085,1.2840765822e-03,4.587301e-02,1.5063247326e+00,0.0351,6.8223e-02
3894.663,1.2838689055e-03,4.586898e-02,1.5063247326e+00,0.0351,6.9725e-02
3895.241,1.2836126216e-03,4.586306e-02,1.5063247326e+00,0.0351,7.1173e-02
3895.819,1.2833014473e-03,4.585459e-02,1.5063247326e+00,0.0351,7.2636e-02
3896.397,1.2829351157e-03,4.584306e-02,1.5063247326e+00,0.0351,7.4700e-02
3896.975,1.2825214843e-03,4.582830e-02,1.5063247326e+00,0.0351,7.8142e-02
3897.553,1.2820764627e-03,4.581054e-02,1.5063247326e+00,0.0351,8.1691e-02
3898.131,1.2816216455e-03,4.579059e-02,1.5063247326e+00,0.0351,8.5280e-02
3898.709,1.2811800367e-03,4.576987e-02,1.5063247326e+00,0.0351,8.8848e-02
3899.287,1.2807705184e-03,4.575042e-02,1.5063247326e+00,0.0351,9.2550e-02
3899.865,1.2804030255e-03,4.573483e-02,1.5063247326e+00,0.0351,9.7136e-02
3900.443,1.2800767619e-03,4.572601e-02,1.5063247326e+00,0.0351,1.0172e-01
3901.021,1.2797822722e-03,4.572683e-02,1.5063247326e+00,0.0351,1.0632e-01
3901.599,1.2795064715e-03,4.573970e-02,1.5063247326e+00,0.0351,1.1091e-01
3902.177,1.2792400159e-03,4.576609e-02,1.5063247326e+00,0.0351,1.1550e-01
3902.755,1.2789790018e-03,4.580616e-02,1.5063247326e+00,0.0351,1.2008e-01
3903.333,1.2787343236e-03,4.585855e-02,1.5063247326e+00,0.0351,1.2467e-01
3903.911,1.2785287774e-03,4.592050e-02,1.5063247326e+00,0.0351,1.2925e-01
3904.489,1.2783787479e-03,4.598812e-02,1.5063247326e+00,0.0351,1.3383e-01
3905.067,1.2782823965e-03,4.605689e-02,1.5063247326e+00,0.0351,1.3840e-01
3905.645,1.2782164038e-03,4.612225e-02,1.5063247326e+00,0.0351,1.4297e-01
3906.223,1.2781377011e-03,4.618019e-02,1.5063247326e+00,0.0351,1.4753e-01
3906.801,1.2779881056e-03,4.622776e-02,1.5063247326e+00,0.0351,1.5208e-01
3907.379,1.2777033150e-03,4.626306e-02,1.5063253803e+00,0.0702,1.5667e-01
3907.957,1.2772284189e-03,4.628590e-02,1.5063253803e+00,0.0702,1.6145e-01
3908.535,1.2765375725e-03,4.629716e-02,1.5063253803e+00,0.0702,1.6622e-01
3909.113,1.2756499274e-03,4.629850e-02,1.5063253803e+00,0.0351,1.7099e-01
3909.691,1.2746334958e-03,4.629241e-02,1.5063253803e+00,0.0351,1.7772e-01
3910.269,1.2735949578e-03,4.628131e-02,1.5063263076e+00,0.0702,1.8859e-01
3910.847,1.2726603185e-03,4.626761e-02,1.5063263076e+00,0.0702,2.0132e-01
3911.425,1.2719536258e-03,4.625333e-02,1.5063263076e+00,0.0702,2.2195e-01
3912.004,1.2715786050e-03,4.623951e-02,1.5063263076e+00,0.0351,3.1913e-01
3912.582,1.2716046370e-03,4.622666e-02,1.5063263498e+00,0.0702,2.0170e-01
3913.160,1.2720568977e-03,4.621456e-02,1.5063272528e+00,0.1053,2.1618e-01
3913.738,1.2729084071e-03,4.620258e-02,1.5063272528e+00,0.0702,2.5421e-01
3914.316,1.2740847852e-03,4.618968e-02,1.5063274447e+00,0.1053,2.2280e-01
3914.894,1.2754752877e-03,4.617591e-02,1.5063274447e+00,0.1053,3.0506e-01
3915.472,1.2769429941e-03,4.616237e-02,1.5063274783e+00,0.1404,2.2463e-01
3916.050,1.2783406029e-03,4.615053e-02,1.5063274997e+00,0.1053,2.2856e-01
3916.628,1.2795342147e-03,4.613930e-02,1.5063275036e+00,0.0702,2.3979e-01
3917.206,1.2804239851e-03,4.612799e-02,1.5063275092e+00,0.1053,2.4953e-01
3917.784,1.2809541214e-03,4.611742e-02,1.5063275138e+00,0.0702,3.9710e-01
3918.362,1.2811135154e-03,4.610712e-02,1.5063275149e+00,0.1053,2.4988e-01
3918.940,1.2809319900e-03,4.609655e-02,1.5063275149e+00,0.0702,2.5769e-01
3919.518,1.2804745342e-03,4.607931e-02,1.5063275149e+00,0.0351,2.9934e-01
3920.096,1.2798321175e-03,4.606422e-02,1.5063275149e+00,0.0351,2.6211e-01
3920.674,1.2791078457e-03,4.604721e-02,1.5063275149e+00,0.0351,2.4494e-01
3921.252,1.2784009217e-03,4.602827e-02,1.5063275149e+00,0.0351,1.7001e-01
3921.830,1.2777934465e-03,4.600757e-02,1.5063275149e+00,0.0351,1.7112e-01
3922.408,1.2773439985e-03,4.598543e-02,1.5063275149e+00,0.0351,1.7166e-01
3922.986,1.2770873465e-03,4.596226e-02,1.5063275149e+00,0.0351,1.7172e-01
3923.564,1.2770364523e-03,4.593844e-02,1.5063275149e+00,0.0351,1.7147e-01
3924.142,1.2771842530e-03,4.591431e-02,1.5063275149e+00,0.0351,1.7111e-01
3924.720,1.2775051027e-03,4.589006e-02,1.5063275149e+00,0.0351,1.7083e-01
3925.298,1.2779588782e-03,4.586572e-02,1.5063275149e+00,0.0351,1.7074e-01
3925.876,1.2784983641e-03,4.584122e-02,1.5063275149e+00,0.0351,1.7071e-01
3926.454,1.2790764652e-03,4.581644e-02,1.5063275149e+00,0.0351,1.7071e-01
3927.032,1.2796506140e-03,4.579129e-02,1.5063275149e+00,0.0351,1.7073e-01
3927.610,1.2801847005e-03,4.576570e-02,1.5063275149e+00,0.0351,1.7075e-01
3928.188,1.2806504927e-03,4.573977e-02,1.5063275149e+00,0.0351,1.7076e-01
3928.766,1.2810295591e-03,4.571368e-02,1.5063275149e+00,0.0351,1.7072e-01
3929.344,1.2813147277e-03,4.568776e-02,1.5063275149e+00,0.0351,1.7061e-01
3929.922,1.2815094974e-03,4.566241e-02,1.5063275149e+00,0.0351,1.7040e-01
3930.500,1.2816251484e-03,4.563811e-02,1.5063275149e+00,0.0351,1.7008e-01
3931.078,1.2816770203e-03,4.561531e-02,1.5063275149e+00,0.0351,1.6962e-01
3931.656,1.2816817520e-03,4.559444e-02,1.5063275149e+00,0.0351,1.6902e-01
3932.234,1.2816560461e-03,4.557587e-02,1.5063275149e+00,0.0351,1.6827e-01
3932.812,1.2816161433e-03,4.555986e-02,1.5063275149e+00,0.0351,1.6737e-01
3933.390,1.2815769871e-03,4.554660e-02,1.5063275149e+00,0.0351,1.6632e-01
3933.968,1.2815509842e-03,4.553614e-02,1.5063275149e+00,0.0351,1.6511e-01
3934.546,1.2815471482e-03,4.552847e-02,1.5063275149e+00,0.0351,1.6375e-01
3935.124,1.2815713261e-03,4.552349e-02,1.5063275149e+00,0.0351,1.6225e-01
3935.702,1.2816273538e-03,4.552100e-02,1.5063275149e+00,0.0351,1.6062e-01
3936.280,1.2817183289e-03,4.552073e-02,1.5063275149e+00,0.0351,1.5884e-01
3936.858,1.2818473476e-03,4.552227e-02,1.5063275149e+00,0.0351,1.5580e-01
3937.436,1.2820177222e-03,4.552513e-02,1.5063275149e+00,0.0351,1.5104e-01
3938.014,1.2822331033e-03,4.552890e-02,1.5063275149e+00,0.0351,1.4519e-01
3938.592,1.2824976985e-03,4.553320e-02,1.5063275149e+00,0.0351,1.3893e-01
3939.170,1.2828162605e-03,4.553767e-02,1.5063275149e+00,0.0351,1.3280e-01
3939.748,1.2831933231e-03,4.554198e-02,1.5063275149e+00,0.0351,1.2717e-01
3940.326,1.2836315274e-03,4.554582e-02,1.5063275149e+00,0.0351,1.2206e-01
3940.904,1.2841294364e-03,4.554894e-02,1.5063275149e+00,0.0351,1.1691e-01
3941.482,1.2846795070e-03,4.555111e-02,1.5063275149e+00,0.0351,1.0999e-01
3942.060,1.2852667434e-03,4.555214e-02,1.5063275149e+00,0.0351,1.0112e-01
3942.638,1.2858682670e-03,4.555181e-02,1.5063275149e+00,0.0351,9.0756e-02
3943.216,1.2864539205e-03,4.554990e-02,1.5063275149e+00,0.0351,7.9168e-02
3943.794,1.2869880733e-03,4.554609e-02,1.5063275149e+00,0.0351,6.6825e-02
3944.372,1.2874327628e-03,4.553998e-02,1.5063275149e+00,0.0351,5.4182e-02
3944.950,1.2877519904e-03,4.553109e-02,1.5063275149e+00,0.0351,4.1654e-02
3945.528,1.2879165190e-03,4.551888e-02,1.5063275149e+00,0.0351,2.9601e-02
3946.106,1.2879082003e-03,4.550293e-02,1.5063275149e+00,0.0351,2.0047e-02
3946.684,1.2877229253e-03,4.548300e-02,1.5063275149e+00,0.0351,2.0557e-02
3947.262,1.2873716703e-03,4.545924e-02,1.5063275149e+00,0.0351,2.0852e-02
3947.840,1.2868795662e-03,4.543222e-02,1.5063275149e+00,0.0351,2.3617e-02
3948.418,1.2862832411e-03,4.540300e-02,1.5063275149e+00,0.0351,2.6500e-02
3948.996,1.2856268789e-03,4.537307e-02,1.5063275149e+00,0.0351,2.9038e-02
3949.574,1.2849575149e-03,4.534417e-02,1.5063275149e+00,0.0351,3.1261e-02
3950.152,1.2843201529e-03,4.531802e-02,1.5063275149e+00,0.0351,3.3207e-02
3950.730,1.2837535882e-03,4.529615e-02,1.5063275149e+00,0.0351,3.4920e-02
3951.309,1.2832873883e-03,4.527956e-02,1.5063275149e+00,0.0351,3.6453e-02
3951.887,1.2829400276e-03,4.526848e-02,1.5063275149e+00,0.0351,3.7858e-02
3952.465,1.2827182104e-03,4.526237e-02,1.5063275149e+00,0.0351,3.9189e-02
3953.043,1.2826175148e-03,4.525994e-02,1.5063275149e+00,0.0351,4.1553e-02
3953.621,1.2826243419e-03,4.525940e-02,1.5063275149e+00,0.0351,4.4783e-02
3954.199,1.2827187268e-03,4.525858e-02,1.5063275149e+00,0.0351,4.8053e-02
3954.777,1.2828768973e-03,4.525533e-02,1.5063275149e+00,0.0351,5.1366e-02
3955.355,1.2830743170e-03,4.524776e-02,1.5063275149e+00,0.0351,5.4723e-02
3955.933,1.2832883700e-03,4.523461e-02,1.5063275149e+00,0.0351,5.8122e-02
3956.511,1.2834995576e-03,4.521544e-02,1.5063275149e+00,0.0351,6.2430e-02
3957.089,1.2836917269e-03,4.519064e-02,1.5063275149e+00,0.0351,6.6855e-02
3957.667,1.2838524006e-03,4.516142e-02,1.5063275149e+00,0.0351,7.1312e-02
3958.245,1.2839734195e-03,4.512973e-02,1.5063275149e+00,0.0351,7.5796e-02
3958.823,1.2840511071e-03,4.509804e-02,1.5063275149e+00,0.0351,8.0304e-02
3959.401,1.2840852776e-03,4.506923e-02,1.5063275149e+00,0.0351,8.4832e-02
3959.979,1.2840773581e-03,4.504611e-02,1.5063275149e+00,0.0351,8.9376e-02
3960.557,1.2840286022e-03,4.503084e-02,1.5063275149e+00,0.0351,9.3933e-02
3961.135,1.2839393570e-03,4.502464e-02,1.5063275149e+00,0.0351,9.8499e-02
3961.713,1.2838093839e-03,4.502747e-02,1.5063275149e+00,0.0351,1.0307e-01
3962.291,1.2836383328e-03,4.503792e-02,1.5063275149e+00,0.0351,1.0765e-01
3962.869,1.2834256835e-03,4.505390e-02,1.5063275149e+00,0.0351,1.1223e-01
3963.447,1.2831704200e-03,4.507342e-02,1.5063275149e+00,0.0351,1.1682e-01
3964.025,1.2828711872e-03,4.509518e-02,1.5063275149e+00,0.0351,1.2140e-01
3964.603,1.2825271920e-03,4.511877e-02,1.5063275149e+00,0.0351,1.2598e-01
3965.181,1.2821393080e-03,4.514427e-02,1.5063275149e+00,0.0351,1.3056e-01
3965.759,1.2817106437e-03,4.517128e-02,1.5063275149e+00,0.0351,1.3513e-01
3966.337,1.2812463929e-03,4.519919e-02,1.5063275149e+00,0.0351,1.3970e-01
3966.915,1.2807534373e-03,4.522749e-02,1.5063275149e+00,0.0351,1.4427e-01
3967.493,1.2802401679e-03,4.525592e-02,1.5063275149e+00,0.0351,1.4882e-01
3968.071,1.2797165813e-03,4.528442e-02,1.5063275149e+00,0.0351,1.5338e-01
3968.649,1.2791942582e-03,4.531301e-02,1.5063275149e+00,0.0351,1.5792e-01
3969.227,1.2786857459e-03,4.534164e-02,1.5063275149e+00,0.0351,1.6246e-01
3969.805,1.2782033853e-03,4.537011e-02,1.5063275149e+00,0.0351,1.6710e-01
3970.383,1.2777594400e-03,4.539805e-02,1.5063275149e+00,0.0351,1.7187e-01
3970.961,1.2773591921e-03,4.542491e-02,1.5063275149e+00,0.0351,1.7663e-01
3971.539,1.2770101259e-03,4.545000e-02,1.5063275149e+00,0.0351,1.8138e-01
3972.117,1.2767232499e-03,4.547256e-02,1.5063275149e+00,0.0351,1.8612e-01
3972.695,1.2764992923e-03,4.549184e-02,1.5063275149e+00,0.0351,1.9086e-01
3973.273,1.2763284717e-03,4.550717e-02,1.5063275149e+00,0.0351,1.9559e-01
3973.851,1.2762004936e-03,4.551805e-02,1.5063275149e+00,0.0351,2.0030e-01
3974.429,1.2761123669e-03,4.552417e-02,1.5063275445e+00,0.0702,2.0501e-01
3975.007,1.2760666745e-03,4.552555e-02,1.5063275445e+00,0.0702,2.1266e-01
3975.585,1.2760635362e-03,4.552258e-02,1.5063275445e+00,0.0702,2.1593e-01
3976.163,1.2760950604e-03,4.551582e-02,1.5063275445e+00,0.0351,2.1846e-01
3976.741,1.2761485680e-03,4.550605e-02,1.5063275445e+00,0.0351,2.2251e-01
3977.319,1.2762145434e-03,4.549425e-02,1.5063275445e+00,0.0351,2.5723e-01
3977.897,1.2762904955e-03,4.548144e-02,1.5063275445e+00,0.0351,3.6527e-01
3978.475,1.2763775612e-03,4.546860e-02,1.5063275445e+00,0.0351,2.3411e-01
3979.053,1.2764750733e-03,4.545663e-02,1.5063275445e+00,0.0351,2.3900e-01
3979.631,1.2765790245e-03,4.544630e-02,1.5063275445e+00,0.0351,2.4388e-01
3980.209,1.2766849539e-03,4.543820e-02,1.5063275445e+00,0.0351,2.4875e-01
3980.787,1.2767916653e-03,4.543261e-02,1.5063275445e+00,0.0351,2.4499e-01
3981.365,1.2769017586e-03,4.542950e-02,1.5063275445e+00,0.0351,2.2788e-01
3981.943,1.2770187605e-03,4.542853e-02,1.5063275445e+00,0.0351,2.0327e-01
3982.521,1.2771441463e-03,4.542912e-02,1.5063275445e+00,0.0351,1.8394e-01
3983.099,1.2772771311e-03,4.543058e-02,1.5063275445e+00,0.0351,1.8341e-01
3983.677,1.2774168388e-03,4.543315e-02,1.5063275445e+00,0.0351,1.8272e-01
3984.255,1.2775640923e-03,4.543782e-02,1.5063275445e+00,0.0351,1.8191e-01
3984.833,1.2777208636e-03,4.544483e-02,1.5063275445e+00,0.0351,1.8102e-01
3985.411,1.2778881230e-03,4.545332e-02,1.5063275445e+00,0.0351,1.8010e-01
3985.989,1.2780644265e-03,4.546140e-02,1.5063275445e+00,0.0351,1.8016e-01
3986.567,1.2782466171e-03,4.546676e-02,1.5063275445e+00,0.0351,1.8365e-01
3987.145,1.2784318029e-03,4.546731e-02,1.5063275445e+00,0.0351,1.8605e-01
3987.723,1.2786186974e-03,4.546172e-02,1.5063275445e+00,0.0351,1.8736e-01
3988.301,1.2788073383e-03,4.544980e-02,1.5063275445e+00,0.0351,1.8770e-01
3988.879,1.2789978690e-03,4.543243e-02,1.5063275445e+00,0.0351,1.8729e-01
3989.457,1.2791896884e-03,4.541138e-02,1.5063275445e+00,0.0351,1.8634e-01
3990.035,1.2793814404e-03,4.538893e-02,1.5063275445e+00,0.0351,1.8507e-01
3990.614,1.2795711990e-03,4.536736e-02,1.5063275445e+00,0.0351,1.8365e-01
3991.192,1.2797560713e-03,4.534861e-02,1.5063275445e+00,0.0351,1.8224e-01
3991.770,1.2799313395e-03,4.533411e-02,1.5063275445e+00,0.0351,1.8090e-01
3992.348,1.2800901026e-03,4.532452e-02,1.5063275445e+00,0.0351,1.7969e-01
3992.926,1.2802242492e-03,4.531978e-02,1.5063275445e+00,0.0351,1.7862e-01
3993.504,1.2803266212e-03,4.531916e-02,1.5063275445e+00,0.0351,1.7770e-01
3994.082,1.2803933978e-03,4.532151e-02,1.5063275445e+00,0.0351,1.7691e-01
3994.660,1.2804257150e-03,4.532549e-02,1.5063275445e+00,0.0351,1.7620e-01
3995.238,1.2804301808e-03,4.532980e-02,1.5063275445e+00,0.0351,1.7555e-01
3995.816,1.2804185048e-03,4.533338e-02,1.5063275445e+00,0.0351,1.7491e-01
3996.394,1.2804064962e-03,4.533554e-02,1.5063275445e+00,0.0351,1.7424e-01
3996.972,1.2804124130e-03,4.533601e-02,1.5063275445e+00,0.0351,1.7351e-01
3997.550,1.2804545809e-03,4.533491e-02,1.5063275445e+00,0.0351,1.7268e-01
3998.128,1.2805485377e-03,4.533271e-02,1.5063275445e+00,0.0351,1.7171e-01
3998.706,1.2807043915e-03,4.533007e-02,1.5063275445e+00,0.0351,1.7055e-01
3999.284,1.2809251461e-03,4.532774e-02,1.5063275445e+00,0.0351,1.6916e-01
3999.862,1.2812063647e-03,4.532644e-02,1.5063275445e+00,0.0351,1.6749e-01
