t,rhoc_rel,errD,Snorm,Mb_rel,vatm,rstar_R
0.00,0.00000000e+00,0.000000e+00,0.000000e+00,0.0000000000e+00,0.0000e+00,0.9687
0.57,4.44089210e-16,2.705980e-16,2.967932e-18,0.0000000000e+00,0.0000e+00,0.9687
1.14,4.44089210e-16,6.798614e-16,3.951497e-18,-1.1102230246e-16,0.0000e+00,0.9687
1.72,4.44089210e-16,9.690634e-16,4.024371e-18,-4.4408920985e-16,0.0000e+00,0.9687
2.29,4.44089210e-16,1.174189e-15,4.213373e-18,-4.4408920985e-16,0.0000e+00,0.9687
2.86,4.44089210e-16,1.506139e-15,4.860390e-18,-7.7715611724e-16,0.0000e+00,0.9687
3.43,4.44089210e-16,1.821813e-15,4.988572e-18,-7.7715611724e-16,0.0000e+00,0.9687
4.00,4.44089210e-16,2.180926e-15,4.474405e-18,-1.2212453271e-15,0.0000e+00,0.9687
4.58,2.22044605e-16,2.440705e-15,4.771082e-18,-1.2212453271e-15,0.0000e+00,0.9687
5.15,4.44089210e-16,2.675928e-15,5.020664e-18,-1.3322676296e-15,0.0000e+00,0.9687
5.72,1.55431223e-15,2.841567e-15,3.713092e-18,-1.6653345369e-15,0.0000e+00,0.9687
6.29,3.10862447e-15,2.886823e-15,3.225444e-18,-1.6653345369e-15,0.0000e+00,0.9687
6.86,2.44249065e-15,2.948858e-15,3.726293e-18,-1.6653345369e-15,0.0000e+00,0.9687
7.44,-1.99840144e-15,3.037701e-15,4.740852e-18,-1.6653345369e-15,0.0000e+00,0.9687
8.01,-6.66133815e-15,3.164225e-15,5.853432e-18,-1.7763568394e-15,0.0000e+00,0.9687
8.58,-9.99200722e-15,3.316810e-15,6.490742e-18,-1.7763568394e-15,0.0000e+00,0.9687
9.15,-8.99280650e-15,3.456022e-15,6.114568e-18,-1.7763568394e-15,0.0000e+00,0.9687
9.72,-6.10622664e-15,3.625664e-15,6.095655e-18,-2.1094237468e-15,0.0000e+00,0.9687
10.30,-4.77395901e-15,3.827323e-15,5.994244e-18,-2.3314683517e-15,0.0000e+00,0.9687
10.87,-5.44009282e-15,4.022681e-15,5.502842e-18,-2.5535129566e-15,0.0000e+00,0.9687
11.44,-5.88418203e-15,4.237460e-15,4.914079e-18,-2.9976021665e-15,0.0000e+00,0.9687
12.01,-3.55271368e-15,4.309474e-15,4.830600e-18,-2.9976021665e-15,0.0000e+00,0.9687
12.58,2.22044605e-16,4.364238e-15,5.126162e-18,-2.9976021665e-15,0.0000e+00,0.9687
13.16,1.55431223e-15,4.450626e-15,5.973700e-18,-2.9976021665e-15,0.0000e+00,0.9687
13.73,4.44089210e-16,4.639824e-15,6.615884e-18,-3.2196467714e-15,0.0000e+00,0.9687
14.30,-3.55271368e-15,4.826542e-15,7.327437e-18,-3.2196467714e-15,0.0000e+00,0.9687
14.87,-9.32587341e-15,4.960604e-15,7.693105e-18,-3.4416913763e-15,0.0000e+00,0.9687
15.44,-1.38777878e-14,5.138116e-15,7.355212e-18,-3.6637359813e-15,0.0000e+00,0.9687
16.02,-1.26565425e-14,5.336958e-15,7.376649e-18,-3.6637359813e-15,0.0000e+00,0.9687
16.59,-8.65973959e-15,5.491411e-15,7.387153e-18,-3.9968028887e-15,0.0000e+00,0.9687
17.16,-4.77395901e-15,5.622989e-15,7.327420e-18,-3.9968028887e-15,0.0000e+00,0.9687
17.73,-4.21884749e-15,5.738287e-15,7.697419e-18,-4.1078251911e-15,0.0000e+00,0.9687
18.30,-5.55111512e-15,5.905975e-15,7.766387e-18,-4.4408920985e-15,0.0000e+00,0.9687
18.88,-5.77315973e-15,6.263046e-15,8.066374e-18,-4.4408920985e-15,0.0000e+00,0.9687
19.45,-5.88418203e-15,6.491814e-15,8.159449e-18,-4.5519144010e-15,0.0000e+00,0.9687
20.02,-5.88418203e-15,6.781077e-15,7.952579e-18,-4.9960036108e-15,0.0000e+00,0.9687
20.59,-5.88418203e-15,7.106174e-15,7.973670e-18,-5.5511151231e-15,0.0000e+00,0.9687
21.16,-5.88418203e-15,7.380095e-15,7.776516e-18,-5.5511151231e-15,0.0000e+00,0.9687
21.74,-6.77236045e-15,7.649972e-15,7.767082e-18,-5.8841820305e-15,0.0000e+00,0.9687
22.31,-7.43849426e-15,7.907820e-15,8.127960e-18,-5.9952043330e-15,0.0000e+00,0.9687
22.88,-6.21724894e-15,8.067287e-15,8.257179e-18,-6.3282712404e-15,0.0000e+00,0.9687
23.45,-6.77236045e-15,8.224409e-15,8.334513e-18,-6.3282712404e-15,0.0000e+00,0.9687
24.02,-1.15463195e-14,8.427951e-15,8.508045e-18,-6.4392935428e-15,0.0000e+00,0.9687
24.60,-2.09832152e-14,8.584642e-15,8.344876e-18,-7.1054273576e-15,0.0000e+00,0.9687
25.17,-2.83106871e-14,8.711863e-15,7.817321e-18,-7.1054273576e-15,0.0000e+00,0.9687
25.74,-2.76445533e-14,8.862697e-15,7.602523e-18,-7.2164496601e-15,0.0000e+00,0.9687
26.31,-2.06501483e-14,9.006557e-15,7.750786e-18,-7.2164496601e-15,0.0000e+00,0.9687
26.88,-1.23234756e-14,9.138463e-15,8.032865e-18,-7.5495165675e-15,0.0000e+00,0.9687
27.46,-8.65973959e-15,9.376277e-15,8.618907e-18,-7.3274719625e-15,0.0000e+00,0.9687
28.03,-1.09912079e-14,9.550121e-15,9.092757e-18,-7.6605388699e-15,0.0000e+00,0.9687
28.60,-1.62092562e-14,9.785431e-15,9.028138e-18,-7.7715611724e-15,0.0000e+00,0.9687
29.17,-1.96509475e-14,9.985985e-15,8.664297e-18,-8.1046280798e-15,0.0000e+00,0.9687
29.74,-1.93178806e-14,1.019640e-14,8.621093e-18,-8.1046280798e-15,0.0000e+00,0.9687
30.32,-1.69864123e-14,1.039529e-14,8.973239e-18,-8.4376949872e-15,0.0000e+00,0.9687
30.89,-1.54321000e-14,1.063219e-14,9.108666e-18,-8.4376949872e-15,0.0000e+00,0.9687
31.46,-1.60982339e-14,1.080719e-14,8.768091e-18,-8.5487172896e-15,0.0000e+00,0.9687
32.03,-1.67643677e-14,1.095428e-14,8.263291e-18,-8.4376949872e-15,0.0000e+00,0.9687
32.60,-1.29896094e-14,1.117055e-14,8.237481e-18,-8.6597395921e-15,0.0000e+00,0.9687
33.17,-9.65894031e-15,1.142664e-14,8.735934e-18,-8.6597395921e-15,0.0000e+00,0.9687
33.75,-8.65973959e-15,1.174221e-14,9.099101e-18,-8.9928064995e-15,0.0000e+00,0.9687
34.32,-1.28785871e-14,1.211662e-14,9.232954e-18,-8.9928064995e-15,0.0000e+00,0.9687
34.89,-1.84297022e-14,1.243256e-14,8.924038e-18,-9.3258734069e-15,0.0000e+00,0.9687
35.46,-2.12052598e-14,1.256413e-14,8.576429e-18,-9.3258734069e-15,0.0000e+00,0.9687
36.03,-1.98729921e-14,1.263214e-14,8.308293e-18,-9.5479180118e-15,0.0000e+00,0.9687
36.61,-1.58761893e-14,1.262514e-14,8.329055e-18,-9.8809849192e-15,0.0000e+00,0.9687
37.18,-1.44328993e-14,1.244703e-14,8.768860e-18,-9.9920072216e-15,0.0000e+00,0.9687
37.75,-1.57651669e-14,1.253348e-14,9.031949e-18,-1.0325074129e-14,0.0000e+00,0.9687
38.32,-1.74305015e-14,1.263400e-14,8.983578e-18,-1.0325074129e-14,0.0000e+00,0.9687
38.89,-1.77635684e-14,1.276092e-14,8.846667e-18,-1.0325074129e-14,0.0000e+00,0.9687
39.47,-1.55431223e-14,1.293140e-14,8.822122e-18,-1.0436096431e-14,0.0000e+00,0.9687
40.04,-1.13242749e-14,1.314184e-14,8.680949e-18,-1.0658141036e-14,0.0000e+00,0.9687
40.61,-1.03250741e-14,1.334627e-14,8.502813e-18,-1.0769163339e-14,0.0000e+00,0.9687
41.18,-1.40998324e-14,1.355672e-14,8.151280e-18,-1.0769163339e-14,0.0000e+00,0.9687
41.75,-1.90958360e-14,1.371984e-14,7.583120e-18,-1.1213252549e-14,0.0000e+00,0.9687
42.33,-2.02060590e-14,1.385734e-14,7.433122e-18,-1.1213252549e-14,0.0000e+00,0.9687
42.90,-1.60982339e-14,1.402825e-14,7.519199e-18,-1.1324274851e-14,0.0000e+00,0.9687
43.47,-1.06581410e-14,1.418809e-14,7.863214e-18,-1.1546319456e-14,0.0000e+00,0.9687
44.04,-6.99440506e-15,1.439510e-14,8.254997e-18,-1.1657341759e-14,0.0000e+00,0.9687
44.61,-1.08801856e-14,1.453969e-14,8.448535e-18,-1.1990408666e-14,0.0000e+00,0.9687
45.19,-1.87627691e-14,1.476965e-14,8.437103e-18,-1.1990408666e-14,0.0000e+00,0.9687
45.76,-2.48689958e-14,1.493722e-14,8.028419e-18,-1.2101430968e-14,0.0000e+00,0.9687
46.33,-2.45359288e-14,1.514736e-14,7.714595e-18,-1.2101430968e-14,0.0000e+00,0.9687
46.90,-2.02060590e-14,1.533145e-14,7.487354e-18,-1.2545520178e-14,0.0000e+00,0.9687
47.47,-1.83186799e-14,1.550840e-14,7.136103e-18,-1.2545520178e-14,0.0000e+00,0.9687
48.05,-1.98729921e-14,1.570068e-14,6.930026e-18,-1.2545520178e-14,0.0000e+00,0.9687
48.62,-2.19824159e-14,1.582666e-14,7.245737e-18,-1.2545520178e-14,0.0000e+00,0.9687
49.19,-2.13162821e-14,1.597058e-14,7.167482e-18,-1.2545520178e-14,0.0000e+00,0.9687
49.76,-1.79856130e-14,1.609334e-14,6.852491e-18,-1.2656542481e-14,0.0000e+00,0.9687
50.33,-1.50990331e-14,1.619745e-14,6.713498e-18,-1.2878587086e-14,0.0000e+00,0.9687
50.91,-1.58761893e-14,1.637546e-14,6.827488e-18,-1.3100631691e-14,0.0000e+00,0.9687
51.48,-1.99840144e-14,1.656734e-14,7.009601e-18,-1.3322676296e-14,0.0000e+00,0.9687
52.05,-2.32036612e-14,1.677933e-14,7.132944e-18,-1.3433698598e-14,0.0000e+00,0.9687
52.62,-2.12052598e-14,1.698281e-14,7.298855e-18,-1.3544720900e-14,0.0000e+00,0.9687
53.19,-1.66533454e-14,1.717951e-14,6.376140e-18,-1.3655743203e-14,0.0000e+00,0.9687
53.77,-1.42108547e-14,1.736392e-14,5.819042e-18,-1.3877787808e-14,0.0000e+00,0.9687
54.34,-1.67643677e-14,1.755510e-14,5.844330e-18,-1.4099832413e-14,0.0000e+00,0.9687
54.91,-2.09832152e-14,1.767031e-14,5.840853e-18,-1.4321877018e-14,0.0000e+00,0.9687
55.48,-2.15383267e-14,1.787716e-14,6.050022e-18,-1.4321877018e-14,0.0000e+00,0.9687
56.05,-1.74305015e-14,1.807329e-14,6.210420e-18,-1.4765966228e-14,0.0000e+00,0.9687
56.63,-1.16573418e-14,1.826442e-14,6.456936e-18,-1.4765966228e-14,0.0000e+00,0.9687
57.20,-9.32587341e-15,1.845479e-14,6.200481e-18,-1.4765966228e-14,0.0000e+00,0.9687
57.77,-1.40998324e-14,1.868903e-14,5.880492e-18,-1.4876988530e-14,0.0000e+00,0.9687
58.34,-2.22044605e-14,1.886255e-14,5.920402e-18,-1.4876988530e-14,0.0000e+00,0.9687
58.91,-2.69784195e-14,1.898213e-14,6.075607e-18,-1.4988010832e-14,0.0000e+00,0.9687
59.49,-2.69784195e-14,1.909834e-14,5.571132e-18,-1.5321077740e-14,0.0000e+00,0.9687
60.06,-2.44249065e-14,1.922819e-14,5.091906e-18,-1.5321077740e-14,0.0000e+00,0.9687
60.63,-2.42028619e-14,1.947239e-14,5.627692e-18,-1.5765166950e-14,0.0000e+00,0.9687
61.20,-2.45359288e-14,1.971008e-14,6.139163e-18,-1.6098233857e-14,0.0000e+00,0.9687
61.77,-2.45359288e-14,1.989455e-14,6.067189e-18,-1.6098233857e-14,0.0000e+00,0.9687
62.35,-2.45359288e-14,2.009267e-14,6.547862e-18,-1.6320278462e-14,0.0000e+00,0.9687
62.92,-2.35367281e-14,2.031279e-14,6.820659e-18,-1.6542323067e-14,0.0000e+00,0.9687
63.49,-2.26485497e-14,2.059000e-14,6.195839e-18,-1.6764367672e-14,0.0000e+00,0.9687
64.06,-2.28705943e-14,2.084571e-14,5.125463e-18,-1.6986412277e-14,0.0000e+00,0.9687
64.63,-2.26485497e-14,2.103796e-14,4.535563e-18,-1.7208456882e-14,0.0000e+00,0.9687
65.21,-2.28705943e-14,2.109568e-14,4.799412e-18,-1.7208456882e-14,0.0000e+00,0.9687
65.78,-2.22044605e-14,2.122203e-14,6.023193e-18,-1.7097434579e-14,0.0000e+00,0.9687
66.35,-2.32036612e-14,2.143054e-14,6.671107e-18,-1.7541523789e-14,0.0000e+00,0.9687
66.92,-2.76445533e-14,2.164593e-14,6.144169e-18,-1.7652546092e-14,0.0000e+00,0.9687
67.49,-3.50830476e-14,2.192191e-14,5.931712e-18,-1.7985612999e-14,0.0000e+00,0.9687
68.07,-4.05231404e-14,2.213480e-14,6.624024e-18,-1.8429702209e-14,0.0000e+00,0.9687
68.64,-3.98570066e-14,2.232179e-14,7.443654e-18,-1.8429702209e-14,0.0000e+00,0.9687
69.21,-3.44169138e-14,2.250554e-14,7.551669e-18,-1.8984813721e-14,0.0000e+00,0.9687
69.78,-2.93098879e-14,2.259150e-14,7.179892e-18,-1.8984813721e-14,0.0000e+00,0.9687
70.35,-2.76445533e-14,2.260242e-14,6.362074e-18,-1.8984813721e-14,0.0000e+00,0.9687
70.93,-2.96429548e-14,2.260130e-14,6.009901e-18,-1.8984813721e-14,0.0000e+00,0.9687
71.50,-3.03090886e-14,2.262688e-14,6.609860e-18,-1.9206858326e-14,0.0000e+00,0.9687
72.07,-2.99760217e-14,2.272338e-14,6.911347e-18,-1.9428902931e-14,0.0000e+00,0.9687
72.64,-2.96429548e-14,2.281937e-14,6.787056e-18,-1.9650947536e-14,0.0000e+00,0.9687
73.21,-2.96429548e-14,2.295158e-14,6.717822e-18,-2.0095036746e-14,0.0000e+00,0.9687
73.79,-3.26405569e-14,2.310058e-14,6.386774e-18,-1.9872992141e-14,0.0000e+00,0.9687
74.36,-3.50830476e-14,2.329805e-14,6.233429e-18,-2.0095036746e-14,0.0000e+00,0.9687
74.93,-3.40838469e-14,2.353836e-14,6.373769e-18,-2.0206059048e-14,0.0000e+00,0.9687
75.50,-3.06421555e-14,2.376331e-14,6.780612e-18,-2.0539125956e-14,0.0000e+00,0.9687
76.07,-2.73114864e-14,2.399159e-14,6.954441e-18,-2.0650148258e-14,0.0000e+00,0.9687
76.65,-2.67563749e-14,2.417446e-14,7.128467e-18,-2.1094237468e-14,0.0000e+00,0.9687
77.22,-2.89768209e-14,2.433451e-14,7.064956e-18,-2.1094237468e-14,0.0000e+00,0.9687
77.79,-3.45279361e-14,2.448348e-14,6.904742e-18,-2.1205259770e-14,0.0000e+00,0.9687
78.36,-3.60822483e-14,2.461268e-14,6.809302e-18,-2.1205259770e-14,0.0000e+00,0.9687
78.93,-3.60822483e-14,2.472364e-14,6.905693e-18,-2.1427304375e-14,0.0000e+00,0.9687
79.51,-3.57491814e-14,2.488468e-14,6.764705e-18,-2.1649348980e-14,0.0000e+00,0.9687
80.08,-3.73034936e-14,2.506396e-14,6.656280e-18,-2.1649348980e-14,0.0000e+00,0.9687
80.65,-3.99680289e-14,2.521861e-14,6.588598e-18,-2.1871393585e-14,0.0000e+00,0.9687
81.22,-4.22994972e-14,2.542561e-14,6.173533e-18,-2.1871393585e-14,0.0000e+00,0.9687
81.79,-4.27435864e-14,2.564739e-14,5.978650e-18,-2.2093438190e-14,0.0000e+00,0.9687
82.37,-4.06341627e-14,2.588406e-14,6.001981e-18,-2.2093438190e-14,0.0000e+00,0.9687
82.94,-3.64153152e-14,2.616629e-14,6.214498e-18,-2.2315482795e-14,0.0000e+00,0.9687
83.51,-3.26405569e-14,2.644264e-14,6.208008e-18,-2.2537527400e-14,0.0000e+00,0.9687
84.08,-2.96429548e-14,2.671644e-14,5.888211e-18,-2.2870594307e-14,0.0000e+00,0.9687
84.65,-2.99760217e-14,2.694648e-14,5.901364e-18,-2.3092638912e-14,0.0000e+00,0.9687
85.23,-3.06421555e-14,2.718356e-14,5.585602e-18,-2.3314683517e-14,0.0000e+00,0.9687
85.80,-3.09752224e-14,2.738226e-14,5.289856e-18,-2.3425705820e-14,0.0000e+00,0.9687
86.37,-3.09752224e-14,2.748169e-14,5.136521e-18,-2.3536728122e-14,0.0000e+00,0.9687
86.94,-3.09752224e-14,2.756350e-14,5.431653e-18,-2.3758772727e-14,0.0000e+00,0.9687
87.51,-3.09752224e-14,2.766680e-14,5.582806e-18,-2.3869795029e-14,0.0000e+00,0.9687
88.09,-3.03090886e-14,2.785206e-14,5.618204e-18,-2.3869795029e-14,0.0000e+00,0.9687
88.66,-3.25295346e-14,2.800367e-14,5.509657e-18,-2.4313884239e-14,0.0000e+00,0.9687
89.23,-3.51940699e-14,2.817697e-14,5.710260e-18,-2.4424906542e-14,0.0000e+00,0.9687
89.80,-3.63042929e-14,2.835597e-14,5.843564e-18,-2.4424906542e-14,0.0000e+00,0.9687
90.37,-3.63042929e-14,2.847987e-14,5.477154e-18,-2.4646951147e-14,0.0000e+00,0.9687
90.95,-3.63042929e-14,2.865316e-14,5.126020e-18,-2.4757973449e-14,0.0000e+00,0.9687
91.52,-3.64153152e-14,2.881253e-14,5.109651e-18,-2.4868995752e-14,0.0000e+00,0.9687
92.09,-3.64153152e-14,2.889421e-14,4.986817e-18,-2.5091040357e-14,0.0000e+00,0.9687
92.66,-3.64153152e-14,2.895408e-14,4.881694e-18,-2.5313084961e-14,0.0000e+00,0.9687
93.23,-3.64153152e-14,2.908780e-14,5.169214e-18,-2.5535129566e-14,0.0000e+00,0.9687
93.80,-3.60822483e-14,2.929786e-14,5.780356e-18,-2.5646151869e-14,0.0000e+00,0.9687
94.38,-3.58602037e-14,2.955656e-14,6.604772e-18,-2.5646151869e-14,0.0000e+00,0.9687
94.95,-3.83026943e-14,2.985185e-14,7.128688e-18,-2.5757174171e-14,0.0000e+00,0.9687
95.52,-4.06341627e-14,2.980261e-14,7.162823e-18,-2.5646151869e-14,0.0000e+00,0.9687
96.09,-4.18554080e-14,2.993735e-14,7.083307e-18,-2.6090241079e-14,0.0000e+00,0.9687
96.66,-4.15223411e-14,3.005995e-14,7.006753e-18,-2.6090241079e-14,0.0000e+00,0.9687
97.24,-3.93018951e-14,3.008792e-14,6.802620e-18,-2.6201263381e-14,0.0000e+00,0.9687
97.81,-3.58602037e-14,3.017197e-14,6.628044e-18,-2.6201263381e-14,0.0000e+00,0.9687
98.38,-3.60822483e-14,3.030455e-14,6.560369e-18,-2.6534330289e-14,0.0000e+00,0.9687
98.95,-4.03010958e-14,3.039993e-14,6.484726e-18,-2.6534330289e-14,0.0000e+00,0.9687
99.52,-4.51860771e-14,3.061978e-14,7.096100e-18,-2.6534330289e-14,0.0000e+00,0.9687
100.10,-4.69624339e-14,3.087357e-14,7.956300e-18,-2.6534330289e-14,0.0000e+00,0.9687
100.67,-4.67403893e-14,3.113267e-14,8.173755e-18,-2.7089441801e-14,0.0000e+00,0.9687
101.24,-4.67403893e-14,3.142170e-14,7.414533e-18,-2.7089441801e-14,0.0000e+00,0.9687
101.81,-4.69624339e-14,3.164594e-14,6.650050e-18,-2.7089441801e-14,0.0000e+00,0.9687
102.38,-4.69624339e-14,3.181506e-14,6.162177e-18,-2.7422508708e-14,0.0000e+00,0.9687
102.96,-4.69624339e-14,3.195862e-14,6.083720e-18,-2.7533531011e-14,0.0000e+00,0.9687
103.53,-4.76285678e-14,3.201539e-14,6.305216e-18,-2.7533531011e-14,0.0000e+00,0.9687
104.10,-4.99600361e-14,3.211101e-14,6.738931e-18,-2.7755575616e-14,0.0000e+00,0.9687
104.67,-5.12923037e-14,3.229050e-14,7.250669e-18,-2.7866597918e-14,0.0000e+00,0.9687
105.24,-5.11812814e-14,3.242449e-14,7.824557e-18,-2.7977620221e-14,0.0000e+00,0.9687
105.82,-4.89608354e-14,3.260777e-14,8.495508e-18,-2.7977620221e-14,0.0000e+00,0.9687
106.39,-4.62963001e-14,3.279910e-14,8.944772e-18,-2.7977620221e-14,0.0000e+00,0.9687
106.96,-4.55191440e-14,3.292496e-14,9.064067e-18,-2.7977620221e-14,0.0000e+00,0.9687
107.53,-4.55191440e-14,3.303262e-14,8.899357e-18,-2.7977620221e-14,0.0000e+00,0.9687
108.10,-4.55191440e-14,3.306529e-14,8.658503e-18,-2.8199664825e-14,0.0000e+00,0.9687
108.68,-4.55191440e-14,3.313457e-14,8.571038e-18,-2.8643754035e-14,0.0000e+00,0.9687
109.25,-4.35207426e-14,3.323852e-14,8.874514e-18,-2.8754776338e-14,0.0000e+00,0.9687
109.82,-4.11892742e-14,3.340906e-14,9.559821e-18,-2.8754776338e-14,0.0000e+00,0.9687
110.39,-4.06341627e-14,3.357450e-14,1.033625e-17,-2.8754776338e-14,0.0000e+00,0.9687
110.96,-4.13002965e-14,3.373327e-14,1.096552e-17,-2.8865798640e-14,0.0000e+00,0.9687
111.54,-4.16333634e-14,3.394500e-14,1.085050e-17,-2.9198865548e-14,0.0000e+00,0.9687
112.11,-4.15223411e-14,3.413533e-14,9.810647e-18,-2.9309887850e-14,0.0000e+00,0.9687
112.68,-4.08562073e-14,3.429526e-14,8.708002e-18,-2.9309887850e-14,0.0000e+00,0.9687
113.25,-4.13002965e-14,3.447961e-14,8.339744e-18,-2.9531932455e-14,0.0000e+00,0.9687
113.82,-4.37427872e-14,3.464420e-14,8.439249e-18,-2.9309887850e-14,0.0000e+00,0.9687
114.40,-4.51860771e-14,3.481993e-14,8.678948e-18,-2.9753977060e-14,0.0000e+00,0.9687
114.97,-4.55191440e-14,3.505405e-14,8.972380e-18,-2.9753977060e-14,0.0000e+00,0.9687
115.54,-4.55191440e-14,3.530997e-14,9.327060e-18,-2.9976021665e-14,0.0000e+00,0.9687
116.11,-4.55191440e-14,3.560037e-14,9.486257e-18,-3.0198066270e-14,0.0000e+00,0.9687
116.68,-4.55191440e-14,3.588123e-14,9.595228e-18,-3.0420110875e-14,0.0000e+00,0.9687
117.26,-4.67403893e-14,3.610594e-14,9.703935e-18,-3.0531133177e-14,0.0000e+00,0.9687
117.83,-4.82947016e-14,3.636155e-14,9.595294e-18,-3.0864200085e-14,0.0000e+00,0.9687
118.40,-4.86277685e-14,3.656037e-14,9.634184e-18,-3.0975222387e-14,0.0000e+00,0.9687
118.97,-4.64073224e-14,3.673161e-14,9.637517e-18,-3.1086244690e-14,0.0000e+00,0.9687
119.54,-4.47419879e-14,3.690064e-14,9.906527e-18,-3.1308289294e-14,0.0000e+00,0.9687
120.12,-4.51860771e-14,3.705130e-14,1.034144e-17,-3.1419311597e-14,0.0000e+00,0.9687
120.69,-4.76285678e-14,3.719941e-14,1.067749e-17,-3.1419311597e-14,0.0000e+00,0.9687
121.26,-5.02931030e-14,3.736767e-14,1.064080e-17,-3.1419311597e-14,0.0000e+00,0.9687
121.83,-5.06261699e-14,3.756394e-14,1.026850e-17,-3.1641356202e-14,0.0000e+00,0.9687
122.40,-4.92939023e-14,3.773717e-14,9.687723e-18,-3.1974423109e-14,0.0000e+00,0.9687
122.98,-4.77395901e-14,3.795699e-14,9.513997e-18,-3.1974423109e-14,0.0000e+00,0.9687
123.55,-4.77395901e-14,3.814748e-14,9.905609e-18,-3.2307490017e-14,0.0000e+00,0.9687
124.12,-4.91828800e-14,3.836144e-14,1.082961e-17,-3.2418512319e-14,0.0000e+00,0.9687
124.69,-5.05151476e-14,3.856232e-14,1.201237e-17,-3.2418512319e-14,0.0000e+00,0.9687
125.26,-5.19584376e-14,3.875490e-14,1.261598e-17,-3.2751579226e-14,0.0000e+00,0.9687
125.84,-5.18474152e-14,3.891623e-14,1.280431e-17,-3.2862601529e-14,0.0000e+00,0.9687
126.41,-5.09592368e-14,3.912407e-14,1.262022e-17,-3.2862601529e-14,0.0000e+00,0.9687
126.98,-4.79616347e-14,3.935217e-14,1.240720e-17,-3.2973623831e-14,0.0000e+00,0.9687
127.55,-4.76285678e-14,3.959632e-14,1.226513e-17,-3.3195668436e-14,0.0000e+00,0.9687
128.12,-4.80726570e-14,3.990050e-14,1.218514e-17,-3.3306690739e-14,0.0000e+00,0.9687
128.70,-4.98490138e-14,4.012648e-14,1.217425e-17,-3.3306690739e-14,0.0000e+00,0.9687
129.27,-5.25135491e-14,4.033893e-14,1.219340e-17,-3.3639757646e-14,0.0000e+00,0.9687
129.84,-5.34017275e-14,4.059767e-14,1.204681e-17,-3.4083846856e-14,0.0000e+00,0.9687
130.41,-5.19584376e-14,4.077535e-14,1.155548e-17,-3.4194869158e-14,0.0000e+00,0.9687
130.98,-4.86277685e-14,4.093696e-14,1.125937e-17,-3.4194869158e-14,0.0000e+00,0.9687
131.56,-4.57411886e-14,4.110037e-14,1.109014e-17,-3.4194869158e-14,0.0000e+00,0.9687
132.13,-4.57411886e-14,4.123374e-14,1.077800e-17,-3.4305891461e-14,0.0000e+00,0.9687
132.70,-4.70734562e-14,4.141349e-14,1.046511e-17,-3.4638958368e-14,0.0000e+00,0.9687
133.27,-4.98490138e-14,4.161432e-14,1.051912e-17,-3.4749980671e-14,0.0000e+00,0.9687
133.84,-5.11812814e-14,4.183890e-14,1.058107e-17,-3.4749980671e-14,0.0000e+00,0.9687
134.42,-5.08482145e-14,4.205274e-14,1.075255e-17,-3.4972025276e-14,0.0000e+00,0.9687
134.99,-5.06261699e-14,4.228945e-14,1.052347e-17,-3.5083047578e-14,0.0000e+00,0.9687
135.56,-5.08482145e-14,4.247387e-14,9.629373e-18,-3.5194069881e-14,0.0000e+00,0.9687
136.13,-5.08482145e-14,4.270047e-14,8.786092e-18,-3.5527136788e-14,0.0000e+00,0.9687
136.70,-5.08482145e-14,4.300104e-14,8.173465e-18,-3.5860203695e-14,0.0000e+00,0.9687
137.28,-5.08482145e-14,4.329955e-14,7.842475e-18,-3.6082248300e-14,0.0000e+00,0.9687
137.85,-5.06261699e-14,4.356679e-14,7.775760e-18,-3.6082248300e-14,0.0000e+00,0.9687
138.42,-5.15143483e-14,4.378959e-14,7.804167e-18,-3.6304292905e-14,0.0000e+00,0.9687
138.99,-5.27355937e-14,4.400191e-14,8.303226e-18,-3.6304292905e-14,0.0000e+00,0.9687
139.56,-5.37347944e-14,4.420284e-14,8.146135e-18,-3.6304292905e-14,0.0000e+00,0.9687
140.14,-5.30686606e-14,4.434572e-14,7.191154e-18,-3.6304292905e-14,0.0000e+00,0.9687
140.71,-5.30686606e-14,4.445728e-14,6.535679e-18,-3.6415315208e-14,0.0000e+00,0.9687
141.28,-5.37347944e-14,4.463127e-14,5.949985e-18,-3.6526337510e-14,0.0000e+00,0.9687
141.85,-5.50670620e-14,4.480670e-14,5.550187e-18,-3.6748382115e-14,0.0000e+00,0.9687
142.42,-5.67323966e-14,4.491284e-14,5.383908e-18,-3.6859404418e-14,0.0000e+00,0.9687
143.00,-5.67323966e-14,4.502944e-14,5.336718e-18,-3.6859404418e-14,0.0000e+00,0.9687
143.57,-5.67323966e-14,4.515566e-14,5.439896e-18,-3.6970426720e-14,0.0000e+00,0.9687
144.14,-5.63993297e-14,4.532549e-14,5.584811e-18,-3.7303493627e-14,0.0000e+00,0.9687
144.71,-5.63993297e-14,4.551576e-14,5.547535e-18,-3.7303493627e-14,0.0000e+00,0.9687
145.28,-5.70654635e-14,4.562861e-14,5.526465e-18,-3.7747582837e-14,0.0000e+00,0.9687
145.86,-5.77315973e-14,4.578088e-14,5.979430e-18,-3.7747582837e-14,0.0000e+00,0.9687
146.43,-5.77315973e-14,4.594211e-14,6.242558e-18,-3.8080649745e-14,0.0000e+00,0.9687
147.00,-5.77315973e-14,4.609005e-14,6.061244e-18,-3.8191672047e-14,0.0000e+00,0.9687
147.57,-5.77315973e-14,4.621579e-14,5.673591e-18,-3.8302694350e-14,0.0000e+00,0.9687
148.14,-5.77315973e-14,4.632428e-14,5.735307e-18,-3.8524738954e-14,0.0000e+00,0.9687
148.72,-5.91748872e-14,4.642712e-14,5.978616e-18,-3.8524738954e-14,0.0000e+00,0.9687
149.29,-6.06181771e-14,4.654252e-14,6.398863e-18,-3.8524738954e-14,0.0000e+00,0.9687
149.86,-5.87307980e-14,4.668967e-14,6.695305e-18,-3.8968828164e-14,0.0000e+00,0.9687
150.43,-5.63993297e-14,4.682734e-14,6.784486e-18,-3.9079850467e-14,0.0000e+00,0.9687
151.00,-5.70654635e-14,4.697961e-14,6.791946e-18,-3.9523939677e-14,0.0000e+00,0.9687
151.58,-6.18394225e-14,4.717102e-14,6.895596e-18,-3.9634961979e-14,0.0000e+00,0.9687
152.15,-6.79456491e-14,4.734089e-14,6.555470e-18,-3.9968028887e-14,0.0000e+00,0.9687
152.72,-7.21644966e-14,4.746221e-14,6.016012e-18,-3.9968028887e-14,0.0000e+00,0.9687
153.29,-7.18314297e-14,4.764169e-14,5.916702e-18,-3.9968028887e-14,0.0000e+00,0.9687
153.86,-6.86117829e-14,4.777123e-14,6.005148e-18,-4.0079051189e-14,0.0000e+00,0.9687
154.44,-6.56141808e-14,4.794783e-14,6.794045e-18,-4.0301095794e-14,0.0000e+00,0.9687
155.01,-6.25055563e-14,4.809843e-14,7.249676e-18,-4.0634162701e-14,0.0000e+00,0.9687
155.58,-5.95079541e-14,4.823010e-14,7.116929e-18,-4.0856207306e-14,0.0000e+00,0.9687
156.15,-5.63993297e-14,4.838791e-14,6.477740e-18,-4.1078251911e-14,0.0000e+00,0.9687
156.72,-5.62883073e-14,4.854114e-14,5.813640e-18,-4.1300296516e-14,0.0000e+00,0.9687
157.29,-5.82867088e-14,4.865386e-14,5.944057e-18,-4.1300296516e-14,0.0000e+00,0.9687
157.87,-6.28386232e-14,4.878494e-14,5.931742e-18,-4.1300296516e-14,0.0000e+00,0.9687
158.44,-6.48370246e-14,4.890247e-14,5.830135e-18,-4.1744385726e-14,0.0000e+00,0.9687
159.01,-6.60582700e-14,4.896218e-14,5.940288e-18,-4.1744385726e-14,0.0000e+00,0.9687
159.58,-6.60582700e-14,4.911309e-14,6.338476e-18,-4.1744385726e-14,0.0000e+00,0.9687
160.15,-6.56141808e-14,4.928379e-14,6.823766e-18,-4.1966430331e-14,0.0000e+00,0.9687
160.73,-6.51700915e-14,4.952102e-14,6.639054e-18,-4.2188474936e-14,0.0000e+00,0.9687
161.30,-6.60582700e-14,4.967402e-14,6.231806e-18,-4.2410519541e-14,0.0000e+00,0.9687
161.87,-6.86117829e-14,4.985829e-14,5.785228e-18,-4.2743586448e-14,0.0000e+00,0.9687
162.44,-6.92779167e-14,5.005659e-14,5.741290e-18,-4.2743586448e-14,0.0000e+00,0.9687
163.01,-6.83897383e-14,5.025235e-14,5.823597e-18,-4.2743586448e-14,0.0000e+00,0.9687
163.59,-6.60582700e-14,5.048156e-14,6.307462e-18,-4.2743586448e-14,0.0000e+00,0.9687
164.16,-6.60582700e-14,5.070239e-14,6.667574e-18,-4.2743586448e-14,0.0000e+00,0.9687
164.73,-6.67244038e-14,5.094381e-14,7.151162e-18,-4.3076653355e-14,0.0000e+00,0.9687
165.30,-6.86117829e-14,5.109617e-14,7.457325e-18,-4.3076653355e-14,0.0000e+00,0.9687
165.87,-6.73905376e-14,5.130122e-14,7.528086e-18,-4.3076653355e-14,0.0000e+00,0.9687
166.45,-6.38378239e-14,5.150306e-14,7.587725e-18,-4.3298697960e-14,0.0000e+00,0.9687
167.02,-6.21724894e-14,5.169184e-14,7.996051e-18,-4.3520742565e-14,0.0000e+00,0.9687
167.59,-6.33937347e-14,5.182283e-14,8.323574e-18,-4.3631764868e-14,0.0000e+00,0.9687
168.16,-6.66133815e-14,5.193249e-14,8.528383e-18,-4.3631764868e-14,0.0000e+00,0.9687
168.73,-6.91668944e-14,5.210114e-14,8.201362e-18,-4.3631764868e-14,0.0000e+00,0.9687
169.31,-6.89448498e-14,5.232414e-14,7.798277e-18,-4.3742787170e-14,0.0000e+00,0.9687
169.88,-6.82787160e-14,5.255275e-14,7.929143e-18,-4.3742787170e-14,0.0000e+00,0.9687
170.45,-6.92779167e-14,5.277905e-14,8.260170e-18,-4.4408920985e-14,0.0000e+00,0.9687
171.02,-7.37188088e-14,5.301746e-14,8.835430e-18,-4.4630965590e-14,0.0000e+00,0.9687
171.59,-7.88258347e-14,5.319647e-14,9.094876e-18,-4.4630965590e-14,0.0000e+00,0.9687
172.17,-8.08242362e-14,5.346570e-14,9.081273e-18,-4.4964032497e-14,0.0000e+00,0.9687
172.74,-7.76045894e-14,5.382013e-14,8.933466e-18,-4.5297099405e-14,0.0000e+00,0.9687
173.31,-7.19424520e-14,5.413538e-14,8.630206e-18,-4.5075054800e-14,0.0000e+00,0.9687
173.88,-6.79456491e-14,5.438132e-14,8.547893e-18,-4.5075054800e-14,0.0000e+00,0.9687
174.45,-6.69464484e-14,5.462561e-14,8.681244e-18,-4.5408121707e-14,0.0000e+00,0.9687
175.03,-6.99440506e-14,5.484632e-14,8.687577e-18,-4.5741188615e-14,0.0000e+00,0.9687
175.60,-7.23865412e-14,5.508531e-14,9.014921e-18,-4.5963233219e-14,0.0000e+00,0.9687
176.17,-7.23865412e-14,5.519176e-14,9.150942e-18,-4.6296300127e-14,0.0000e+00,0.9687
176.74,-7.01660952e-14,5.533202e-14,9.185427e-18,-4.6296300127e-14,0.0000e+00,0.9687
177.31,-7.01660952e-14,5.552328e-14,9.010780e-18,-4.6629367034e-14,0.0000e+00,0.9687
177.89,-7.18314297e-14,5.576712e-14,9.003023e-18,-4.6740389337e-14,0.0000e+00,0.9687
178.46,-7.21644966e-14,5.606476e-14,9.008390e-18,-4.6740389337e-14,0.0000e+00,0.9687
179.03,-6.98330282e-14,5.639102e-14,9.038781e-18,-4.7073456244e-14,0.0000e+00,0.9687
179.60,-6.60582700e-14,5.665546e-14,8.825498e-18,-4.7073456244e-14,0.0000e+00,0.9687
180.17,-6.40598685e-14,5.685887e-14,8.063975e-18,-4.7517545454e-14,0.0000e+00,0.9687
180.75,-6.51700915e-14,5.692611e-14,7.377789e-18,-4.7295500849e-14,0.0000e+00,0.9687
181.32,-6.79456491e-14,5.710225e-14,7.211291e-18,-4.7628567756e-14,0.0000e+00,0.9687
181.89,-6.83897383e-14,5.727425e-14,7.437963e-18,-4.7628567756e-14,0.0000e+00,0.9687
182.46,-6.79456491e-14,5.749693e-14,8.492641e-18,-4.7961634664e-14,0.0000e+00,0.9687
183.03,-6.77236045e-14,5.748880e-14,9.548254e-18,-4.7739590059e-14,0.0000e+00,0.9687
183.61,-7.02771175e-14,5.760823e-14,9.558624e-18,-4.8183679269e-14,0.0000e+00,0.9687
184.18,-7.50510765e-14,5.774143e-14,9.182804e-18,-4.8516746176e-14,0.0000e+00,0.9687
184.75,-7.59392549e-14,5.789895e-14,8.916523e-18,-4.8960835386e-14,0.0000e+00,0.9687
185.32,-7.24975635e-14,5.803122e-14,8.616669e-18,-4.8849813084e-14,0.0000e+00,0.9687
185.89,-6.72795153e-14,5.818101e-14,8.507020e-18,-4.8849813084e-14,0.0000e+00,0.9687
186.47,-6.38378239e-14,5.831303e-14,8.787428e-18,-4.8849813084e-14,0.0000e+00,0.9687
187.04,-6.35047570e-14,5.852187e-14,9.234109e-18,-4.8849813084e-14,0.0000e+00,0.9687
187.61,-6.56141808e-14,5.875180e-14,9.831819e-18,-4.9293902293e-14,0.0000e+00,0.9687
188.18,-6.99440506e-14,5.899608e-14,1.035677e-17,-4.9515946898e-14,0.0000e+00,0.9687
188.75,-7.53841434e-14,5.921681e-14,1.016625e-17,-4.9849013806e-14,0.0000e+00,0.9687
189.33,-8.11573031e-14,5.936034e-14,9.993551e-18,-4.9849013806e-14,0.0000e+00,0.9687
189.90,-8.44879722e-14,5.946912e-14,1.014043e-17,-4.9849013806e-14,0.0000e+00,0.9687
190.47,-8.43769499e-14,5.954013e-14,1.067729e-17,-4.9960036108e-14,0.0000e+00,0.9687
191.04,-8.01581024e-14,5.962656e-14,1.123688e-17,-4.9960036108e-14,0.0000e+00,0.9687
191.61,-7.48290319e-14,5.972733e-14,1.184563e-17,-4.9960036108e-14,0.0000e+00,0.9687
192.19,-7.09432513e-14,5.981418e-14,1.259033e-17,-5.0293103016e-14,0.0000e+00,0.9687
192.76,-6.98330282e-14,5.999781e-14,1.309909e-17,-5.0293103016e-14,0.0000e+00,0.9687
193.33,-7.09432513e-14,6.015670e-14,1.313066e-17,-5.0404125318e-14,0.0000e+00,0.9687
193.90,-7.18314297e-14,6.031395e-14,1.304162e-17,-5.0515147620e-14,0.0000e+00,0.9687
194.47,-7.28306304e-14,6.046879e-14,1.309280e-17,-5.0737192225e-14,0.0000e+00,0.9687
195.05,-7.19424520e-14,6.067435e-14,1.338712e-17,-5.0848214528e-14,0.0000e+00,0.9687
195.62,-6.92779167e-14,6.089153e-14,1.376520e-17,-5.0737192225e-14,0.0000e+00,0.9687
196.19,-6.91668944e-14,6.114023e-14,1.398452e-17,-5.1181281435e-14,0.0000e+00,0.9687
196.76,-7.23865412e-14,6.132347e-14,1.420760e-17,-5.1403326040e-14,0.0000e+00,0.9687
197.33,-7.92699240e-14,6.152678e-14,1.456536e-17,-5.1625370645e-14,0.0000e+00,0.9687
197.91,-8.43769499e-14,6.172245e-14,1.510037e-17,-5.1847415250e-14,0.0000e+00,0.9687
198.48,-8.60422844e-14,6.194616e-14,1.561861e-17,-5.2069459855e-14,0.0000e+00,0.9687
199.05,-8.44879722e-14,6.216766e-14,1.602695e-17,-5.2069459855e-14,0.0000e+00,0.9687
199.62,-7.98250355e-14,6.241207e-14,1.626693e-17,-5.2069459855e-14,0.0000e+00,0.9687
200.19,-7.56061880e-14,6.268524e-14,1.648506e-17,-5.2291504460e-14,0.0000e+00,0.9687
200.77,-7.04991621e-14,6.295243e-14,1.694776e-17,-5.2624571367e-14,0.0000e+00,0.9687
201.34,-6.91668944e-14,6.321275e-14,1.759260e-17,-5.2957638275e-14,0.0000e+00,0.9687
201.91,-7.28306304e-14,6.354275e-14,1.779776e-17,-5.3068660577e-14,0.0000e+00,0.9687
202.48,-7.83817455e-14,6.384738e-14,1.761116e-17,-5.3401727484e-14,0.0000e+00,0.9687
203.05,-8.28226376e-14,6.416048e-14,1.723721e-17,-5.3512749787e-14,0.0000e+00,0.9687
203.63,-8.24895707e-14,6.446560e-14,1.710355e-17,-5.3512749787e-14,0.0000e+00,0.9687
204.20,-8.01581024e-14,6.472918e-14,1.684686e-17,-5.3956838997e-14,0.0000e+00,0.9687
204.77,-7.82707232e-14,6.495924e-14,1.650773e-17,-5.3956838997e-14,0.0000e+00,0.9687
205.34,-7.92699240e-14,6.523175e-14,1.622887e-17,-5.4067861299e-14,0.0000e+00,0.9687
205.91,-8.20454815e-14,6.552117e-14,1.651300e-17,-5.4400928207e-14,0.0000e+00,0.9687
206.49,-8.38218384e-14,6.576979e-14,1.688476e-17,-5.4733995114e-14,0.0000e+00,0.9687
207.06,-8.27116153e-14,6.602416e-14,1.723246e-17,-5.4733995114e-14,0.0000e+00,0.9687
207.63,-7.82707232e-14,6.621165e-14,1.719411e-17,-5.4733995114e-14,0.0000e+00,0.9687
208.20,-7.40518757e-14,6.637548e-14,1.690752e-17,-5.4733995114e-14,0.0000e+00,0.9687
208.77,-7.16093851e-14,6.655978e-14,1.665963e-17,-5.4733995114e-14,0.0000e+00,0.9687
209.35,-7.19424520e-14,6.671252e-14,1.657179e-17,-5.4956039719e-14,0.0000e+00,0.9687
209.92,-7.19424520e-14,6.687725e-14,1.646441e-17,-5.5178084324e-14,0.0000e+00,0.9687
210.49,-7.18314297e-14,6.702858e-14,1.637568e-17,-5.5289106626e-14,0.0000e+00,0.9687
211.06,-7.23865412e-14,6.714110e-14,1.634742e-17,-5.5400128929e-14,0.0000e+00,0.9687
211.63,-7.47180096e-14,6.724963e-14,1.638008e-17,-5.5400128929e-14,0.0000e+00,0.9687
212.21,-7.91589017e-14,6.734844e-14,1.632635e-17,-5.5400128929e-14,0.0000e+00,0.9687
212.78,-8.30446822e-14,6.746613e-14,1.640928e-17,-5.5733195836e-14,0.0000e+00,0.9687
213.35,-8.37108161e-14,6.762195e-14,1.657596e-17,-5.5733195836e-14,0.0000e+00,0.9687
213.92,-8.31557045e-14,6.777235e-14,1.676369e-17,-5.5844218139e-14,0.0000e+00,0.9687
214.49,-8.33777491e-14,6.794468e-14,1.745465e-17,-5.5844218139e-14,0.0000e+00,0.9687
215.07,-8.34887715e-14,6.811987e-14,1.712930e-17,-5.5844218139e-14,0.0000e+00,0.9687
215.64,-8.34887715e-14,6.827149e-14,1.648743e-17,-5.6177285046e-14,0.0000e+00,0.9687
216.21,-8.34887715e-14,6.848923e-14,1.627877e-17,-5.6288307348e-14,0.0000e+00,0.9687
216.78,-8.34887715e-14,6.869248e-14,1.608130e-17,-5.6732396558e-14,0.0000e+00,0.9687
217.35,-8.34887715e-14,6.889231e-14,1.580042e-17,-5.6954441163e-14,0.0000e+00,0.9687
217.92,-8.34887715e-14,6.902065e-14,1.558476e-17,-5.6954441163e-14,0.0000e+00,0.9687
218.50,-8.34887715e-14,6.915108e-14,1.567834e-17,-5.6954441163e-14,0.0000e+00,0.9687
219.07,-8.40438830e-14,6.929283e-14,1.606474e-17,-5.7065463466e-14,0.0000e+00,0.9687
219.64,-8.34887715e-14,6.944951e-14,1.691953e-17,-5.7398530373e-14,0.0000e+00,0.9687
220.21,-8.24895707e-14,6.967362e-14,1.744795e-17,-5.7398530373e-14,0.0000e+00,0.9687
220.78,-7.83817455e-14,6.981771e-14,1.693352e-17,-5.7398530373e-14,0.0000e+00,0.9687
221.36,-7.60502772e-14,6.993106e-14,1.607912e-17,-5.7398530373e-14,0.0000e+00,0.9687
221.93,-7.70494779e-14,7.008219e-14,1.548897e-17,-5.7620574978e-14,0.0000e+00,0.9687
222.50,-8.08242362e-14,7.023130e-14,1.537615e-17,-5.7842619583e-14,0.0000e+00,0.9687
223.07,-8.55981952e-14,7.039347e-14,1.544025e-17,-5.7953641885e-14,0.0000e+00,0.9687
223.64,-8.69304628e-14,7.062252e-14,1.522985e-17,-5.8397731095e-14,0.0000e+00,0.9687
224.22,-8.62643290e-14,7.090677e-14,1.487047e-17,-5.8508753398e-14,0.0000e+00,0.9687
224.79,-8.63753513e-14,7.122981e-14,1.463485e-17,-5.8841820305e-14,0.0000e+00,0.9687
225.36,-8.63753513e-14,7.146199e-14,1.432279e-17,-5.8841820305e-14,0.0000e+00,0.9687
225.93,-8.67084182e-14,7.164785e-14,1.378127e-17,-5.8841820305e-14,0.0000e+00,0.9687
226.50,-8.67084182e-14,7.183421e-14,1.331675e-17,-5.8952842608e-14,0.0000e+00,0.9687
227.08,-8.63753513e-14,7.197311e-14,1.303122e-17,-5.9063864910e-14,0.0000e+00,0.9687
227.65,-8.57092175e-14,7.217953e-14,1.275969e-17,-5.9285909515e-14,0.0000e+00,0.9687
228.22,-8.70414851e-14,7.234026e-14,1.238755e-17,-5.9285909515e-14,0.0000e+00,0.9687
228.79,-8.98170427e-14,7.247789e-14,1.201225e-17,-5.9285909515e-14,0.0000e+00,0.9687
229.36,-9.14823772e-14,7.266329e-14,1.174849e-17,-5.9285909515e-14,0.0000e+00,0.9687
229.94,-9.11493103e-14,7.282199e-14,1.162869e-17,-5.9396931817e-14,0.0000e+00,0.9687
230.51,-8.88178420e-14,7.301440e-14,1.182512e-17,-5.9729998725e-14,0.0000e+00,0.9687
231.08,-8.77076189e-14,7.314552e-14,1.175124e-17,-5.9841021027e-14,0.0000e+00,0.9687
231.65,-8.80406859e-14,7.323009e-14,1.159318e-17,-5.9841021027e-14,0.0000e+00,0.9687
232.22,-8.94839758e-14,7.331965e-14,1.139703e-17,-5.9841021027e-14,0.0000e+00,0.9687
232.80,-8.98170427e-14,7.341670e-14,1.129098e-17,-5.9841021027e-14,0.0000e+00,0.9687
233.37,-8.98170427e-14,7.356886e-14,1.091854e-17,-6.0285110237e-14,0.0000e+00,0.9687
233.94,-8.98170427e-14,7.382465e-14,1.021703e-17,-6.0396132540e-14,0.0000e+00,0.9687
234.51,-8.98170427e-14,7.410310e-14,9.730208e-18,-6.0840221749e-14,0.0000e+00,0.9687
235.08,-8.98170427e-14,7.440498e-14,9.260039e-18,-6.1062266354e-14,0.0000e+00,0.9687
235.66,-8.98170427e-14,7.466559e-14,8.973256e-18,-6.1173288657e-14,0.0000e+00,0.9687
236.23,-8.98170427e-14,7.484217e-14,8.852676e-18,-6.1506355564e-14,0.0000e+00,0.9687
236.80,-8.98170427e-14,7.502437e-14,8.660035e-18,-6.1617377867e-14,0.0000e+00,0.9687
237.37,-9.11493103e-14,7.515493e-14,8.022550e-18,-6.2061467077e-14,0.0000e+00,0.9687
237.94,-9.40358902e-14,7.531710e-14,7.517254e-18,-6.2061467077e-14,0.0000e+00,0.9687
238.52,-9.59232693e-14,7.542397e-14,6.784605e-18,-6.2061467077e-14,0.0000e+00,0.9687
239.09,-9.55902024e-14,7.553041e-14,6.591392e-18,-6.2172489379e-14,0.0000e+00,0.9687
239.66,-9.50350909e-14,7.566830e-14,6.670035e-18,-6.2505556286e-14,0.0000e+00,0.9687
240.23,-9.48130463e-14,7.581582e-14,6.575800e-18,-6.2616578589e-14,0.0000e+00,0.9687
240.80,-9.62563362e-14,7.597853e-14,6.111869e-18,-6.2949645496e-14,0.0000e+00,0.9687
241.38,-9.89208715e-14,7.614669e-14,5.672969e-18,-6.2949645496e-14,0.0000e+00,0.9687
241.95,-9.99200722e-14,7.635189e-14,5.661262e-18,-6.3060667799e-14,0.0000e+00,0.9687
242.52,-9.92539384e-14,7.655786e-14,5.397994e-18,-6.3282712404e-14,0.0000e+00,0.9687
243.09,-9.69224700e-14,7.678945e-14,5.508739e-18,-6.3282712404e-14,0.0000e+00,0.9687
243.66,-9.52571355e-14,7.703369e-14,4.972990e-18,-6.3393734706e-14,0.0000e+00,0.9687
244.24,-9.52571355e-14,7.729305e-14,4.871215e-18,-6.3837823916e-14,0.0000e+00,0.9687
244.81,-9.52571355e-14,7.750716e-14,5.140844e-18,-6.4170890823e-14,0.0000e+00,0.9687
245.38,-9.75886039e-14,7.762084e-14,4.744763e-18,-6.4281913126e-14,0.0000e+00,0.9687
245.95,-9.88098492e-14,7.771695e-14,4.637560e-18,-6.4281913126e-14,0.0000e+00,0.9687
246.52,-9.88098492e-14,7.785678e-14,5.378312e-18,-6.4281913126e-14,0.0000e+00,0.9687
247.10,-9.88098492e-14,7.795621e-14,5.892664e-18,-6.4281913126e-14,0.0000e+00,0.9687
247.67,-9.88098492e-14,7.807023e-14,5.202147e-18,-6.4392935428e-14,0.0000e+00,0.9687
248.24,-9.88098492e-14,7.833404e-14,4.395892e-18,-6.4392935428e-14,0.0000e+00,0.9687
248.81,-9.88098492e-14,7.857421e-14,3.916805e-18,-6.4726002336e-14,0.0000e+00,0.9687
249.38,-9.89208715e-14,7.876515e-14,4.103439e-18,-6.4837024638e-14,0.0000e+00,0.9687
249.96,-9.89208715e-14,7.892715e-14,5.023509e-18,-6.4837024638e-14,0.0000e+00,0.9687
250.53,-1.00142117e-13,7.903744e-14,5.064646e-18,-6.5059069243e-14,0.0000e+00,0.9687
251.10,-1.01807451e-13,7.914110e-14,4.651638e-18,-6.5059069243e-14,0.0000e+00,0.9687
251.67,-1.01807451e-13,7.929113e-14,4.701274e-18,-6.5059069243e-14,0.0000e+00,0.9687
252.24,-9.80326931e-14,7.939338e-14,5.016543e-18,-6.5059069243e-14,0.0000e+00,0.9687
252.82,-9.48130463e-14,7.949206e-14,5.434742e-18,-6.5170091545e-14,0.0000e+00,0.9687
253.39,-9.89208715e-14,7.958252e-14,5.507176e-18,-6.5503158453e-14,0.0000e+00,0.9687
253.96,-1.11133325e-13,7.964708e-14,5.063910e-18,-6.5614180755e-14,0.0000e+00,0.9687
254.53,-1.24900090e-13,7.972181e-14,4.737170e-18,-6.5947247663e-14,0.0000e+00,0.9687
255.10,-1.30562228e-13,7.982038e-14,4.676141e-18,-6.5947247663e-14,0.0000e+00,0.9687
255.68,-1.25344179e-13,8.001505e-14,4.867933e-18,-6.6169292268e-14,0.0000e+00,0.9687
256.25,-1.14908083e-13,8.018667e-14,4.975478e-18,-6.6391336873e-14,0.0000e+00,0.9687
256.82,-1.09134923e-13,8.034443e-14,4.981926e-18,-6.6502359175e-14,0.0000e+00,0.9687
257.39,-1.06914477e-13,8.060840e-14,5.299732e-18,-6.6613381478e-14,0.0000e+00,0.9687
257.96,-1.08246745e-13,8.082321e-14,5.528309e-18,-6.6835426082e-14,0.0000e+00,0.9687
258.54,-1.08135723e-13,8.101681e-14,5.083130e-18,-6.6835426082e-14,0.0000e+00,0.9687
259.11,-1.07691633e-13,8.116056e-14,4.741785e-18,-6.7057470687e-14,0.0000e+00,0.9687
259.68,-1.07580611e-13,8.126497e-14,4.376845e-18,-6.7057470687e-14,0.0000e+00,0.9687
260.25,-1.08468790e-13,8.132648e-14,4.201554e-18,-6.7057470687e-14,0.0000e+00,0.9687
260.82,-1.10245146e-13,8.143792e-14,4.619444e-18,-6.7390537595e-14,0.0000e+00,0.9687
261.40,-1.12354570e-13,8.160532e-14,4.789255e-18,-6.7501559897e-14,0.0000e+00,0.9687
261.97,-1.11799459e-13,8.178670e-14,4.791395e-18,-6.7501559897e-14,0.0000e+00,0.9687
262.54,-1.07580611e-13,8.195421e-14,4.988400e-18,-6.7612582200e-14,0.0000e+00,0.9687
263.11,-1.04138920e-13,8.209278e-14,4.409352e-18,-6.7945649107e-14,0.0000e+00,0.9687
263.68,-1.07025500e-13,8.216269e-14,4.273057e-18,-6.7945649107e-14,0.0000e+00,0.9687
264.26,-1.15352172e-13,8.224357e-14,4.398313e-18,-6.8389738317e-14,0.0000e+00,0.9687
264.83,-1.24567023e-13,8.233540e-14,4.505514e-18,-6.8389738317e-14,0.0000e+00,0.9687
265.40,-1.30784272e-13,8.239586e-14,4.715030e-18,-6.8389738317e-14,0.0000e+00,0.9687
265.97,-1.31006317e-13,8.251983e-14,4.831021e-18,-6.8389738317e-14,0.0000e+00,0.9687
266.54,-1.25677246e-13,8.275126e-14,5.486149e-18,-6.8722805224e-14,0.0000e+00,0.9687
267.12,-1.17905685e-13,8.292429e-14,5.500100e-18,-6.8944849829e-14,0.0000e+00,0.9687
267.69,-1.12132525e-13,8.312095e-14,5.759104e-18,-6.9166894434e-14,0.0000e+00,0.9687
268.26,-1.09801057e-13,8.330507e-14,5.163934e-18,-6.9277916737e-14,0.0000e+00,0.9687
268.83,-1.10467191e-13,8.346056e-14,4.472619e-18,-6.9166894434e-14,0.0000e+00,0.9687
269.40,-1.10800258e-13,8.363711e-14,4.923716e-18,-6.9388939039e-14,0.0000e+00,0.9687
269.98,-1.10800258e-13,8.378252e-14,5.486338e-18,-6.9722005946e-14,0.0000e+00,0.9687
270.55,-1.10578213e-13,8.394367e-14,5.838843e-18,-6.9833028249e-14,0.0000e+00,0.9687
271.12,-1.11688436e-13,8.414473e-14,6.340457e-18,-7.0055072854e-14,0.0000e+00,0.9687
271.69,-1.16351373e-13,8.432839e-14,7.196620e-18,-7.0277117459e-14,0.0000e+00,0.9687
272.26,-1.20459198e-13,8.454434e-14,8.306640e-18,-7.0277117459e-14,0.0000e+00,0.9687
272.84,-1.21680443e-13,8.482542e-14,8.568525e-18,-7.0610184366e-14,0.0000e+00,0.9687
273.41,-1.17905685e-13,8.508149e-14,8.364007e-18,-7.0610184366e-14,0.0000e+00,0.9687
273.98,-1.14130927e-13,8.530290e-14,8.063378e-18,-7.0610184366e-14,0.0000e+00,0.9687
274.55,-1.13686838e-13,8.553376e-14,8.789912e-18,-7.0610184366e-14,0.0000e+00,0.9687
275.12,-1.16684440e-13,8.569026e-14,9.873833e-18,-7.0721206669e-14,0.0000e+00,0.9687
275.70,-1.22013510e-13,8.578236e-14,1.080565e-17,-7.0943251274e-14,0.0000e+00,0.9687
276.27,-1.24678046e-13,8.597084e-14,1.124921e-17,-7.1054273576e-14,0.0000e+00,0.9687
276.84,-1.23345778e-13,8.611395e-14,1.100568e-17,-7.1387340483e-14,0.0000e+00,0.9687
277.41,-1.18571819e-13,8.636278e-14,1.128008e-17,-7.1831429693e-14,0.0000e+00,0.9687
277.98,-1.14130927e-13,8.663023e-14,1.156007e-17,-7.1831429693e-14,0.0000e+00,0.9687
278.55,-1.13131726e-13,8.690752e-14,1.161154e-17,-7.2386541206e-14,0.0000e+00,0.9687
279.13,-1.14463994e-13,8.710308e-14,1.149876e-17,-7.2386541206e-14,0.0000e+00,0.9687
279.70,-1.15574217e-13,8.734346e-14,1.118195e-17,-7.2941652718e-14,0.0000e+00,0.9687
280.27,-1.16573418e-13,8.760009e-14,1.138266e-17,-7.2941652718e-14,0.0000e+00,0.9687
280.84,-1.18238752e-13,8.791541e-14,1.158228e-17,-7.3385741928e-14,0.0000e+00,0.9687
281.41,-1.22013510e-13,8.819002e-14,1.136450e-17,-7.4051875742e-14,0.0000e+00,0.9687
281.99,-1.26676447e-13,8.837855e-14,1.071695e-17,-7.4051875742e-14,0.0000e+00,0.9687
282.56,-1.30562228e-13,8.870793e-14,1.055757e-17,-7.4051875742e-14,0.0000e+00,0.9687
283.13,-1.31783473e-13,8.908019e-14,1.060861e-17,-7.4273920347e-14,0.0000e+00,0.9687
283.70,-1.29229960e-13,8.949076e-14,1.126416e-17,-7.4606987255e-14,0.0000e+00,0.9687
284.27,-1.26232358e-13,8.981862e-14,1.194006e-17,-7.4606987255e-14,0.0000e+00,0.9687
284.85,-1.25011113e-13,9.003510e-14,1.119022e-17,-7.4940054162e-14,0.0000e+00,0.9687
285.42,-1.25677246e-13,9.018791e-14,1.047657e-17,-7.5051076465e-14,0.0000e+00,0.9687
285.99,-1.26232358e-13,9.032649e-14,1.004926e-17,-7.4940054162e-14,0.0000e+00,0.9687
286.56,-1.26010313e-13,9.044116e-14,1.010064e-17,-7.5384143372e-14,0.0000e+00,0.9687
287.13,-1.21125332e-13,9.064471e-14,1.050463e-17,-7.5384143372e-14,0.0000e+00,0.9687
287.71,-1.15352172e-13,9.085273e-14,1.047680e-17,-7.5606187977e-14,0.0000e+00,0.9687
288.28,-1.11355369e-13,9.109235e-14,1.046380e-17,-7.5939254884e-14,0.0000e+00,0.9687
288.85,-1.12687637e-13,9.137534e-14,1.091542e-17,-7.5939254884e-14,0.0000e+00,0.9687
289.42,-1.17683641e-13,9.162269e-14,1.107458e-17,-7.5939254884e-14,0.0000e+00,0.9687
289.99,-1.21347377e-13,9.186676e-14,1.091416e-17,-7.6272321792e-14,0.0000e+00,0.9687
290.57,-1.22790667e-13,9.210859e-14,1.043572e-17,-7.6272321792e-14,0.0000e+00,0.9687
291.14,-1.24900090e-13,9.235305e-14,1.020245e-17,-7.6494366397e-14,0.0000e+00,0.9687
291.71,-1.27009514e-13,9.256087e-14,1.019330e-17,-7.6605388699e-14,0.0000e+00,0.9687
292.28,-1.29563027e-13,9.273280e-14,1.025080e-17,-7.6605388699e-14,0.0000e+00,0.9687
292.85,-1.29118938e-13,9.291078e-14,1.047330e-17,-7.6827433304e-14,0.0000e+00,0.9687
293.43,-1.25566224e-13,9.303274e-14,1.068898e-17,-7.6827433304e-14,0.0000e+00,0.9687
294.00,-1.19904087e-13,9.315177e-14,1.069020e-17,-7.6938455607e-14,0.0000e+00,0.9687
294.57,-1.18238752e-13,9.327047e-14,1.047975e-17,-7.6938455607e-14,0.0000e+00,0.9687
295.14,-1.23456800e-13,9.341068e-14,1.016090e-17,-7.7049477909e-14,0.0000e+00,0.9687
295.71,-1.34114941e-13,9.354326e-14,9.746046e-18,-7.7382544816e-14,0.0000e+00,0.9687
296.29,-1.40110146e-13,9.367590e-14,9.455020e-18,-7.7493567119e-14,0.0000e+00,0.9687
296.86,-1.37778677e-13,9.385343e-14,9.678123e-18,-7.7826634026e-14,0.0000e+00,0.9687
297.43,-1.29896094e-13,9.401540e-14,1.018093e-17,-7.7826634026e-14,0.0000e+00,0.9687
298.00,-1.22457600e-13,9.418336e-14,1.010699e-17,-7.7937656329e-14,0.0000e+00,0.9687
298.57,-1.20126131e-13,9.430503e-14,9.773254e-18,-7.7937656329e-14,0.0000e+00,0.9687
299.15,-1.22679644e-13,9.440875e-14,9.532547e-18,-7.8381745539e-14,0.0000e+00,0.9687
299.72,-1.25233157e-13,9.454295e-14,9.695193e-18,-7.8381745539e-14,0.0000e+00,0.9687
300.29,-1.27009514e-13,9.474692e-14,1.034915e-17,-7.8381745539e-14,0.0000e+00,0.9687
300.86,-1.26343380e-13,9.493089e-14,1.097286e-17,-7.8603790143e-14,0.0000e+00,0.9687
301.43,-1.26232358e-13,9.511596e-14,1.089945e-17,-7.8714812446e-14,0.0000e+00,0.9687
302.01,-1.25899291e-13,9.525806e-14,1.049702e-17,-7.8825834748e-14,0.0000e+00,0.9687
302.58,-1.22346577e-13,9.539086e-14,1.013897e-17,-7.9047879353e-14,0.0000e+00,0.9687
303.15,-1.17239551e-13,9.553397e-14,9.965978e-18,-7.9269923958e-14,0.0000e+00,0.9687
303.72,-1.14908083e-13,9.575204e-14,9.792875e-18,-7.9491968563e-14,0.0000e+00,0.9687
304.29,-1.16018306e-13,9.598191e-14,9.406854e-18,-7.9602990866e-14,0.0000e+00,0.9687
304.87,-1.19793064e-13,9.625144e-14,9.367627e-18,-7.9714013168e-14,0.0000e+00,0.9687
305.44,-1.25011113e-13,9.650962e-14,9.821945e-18,-7.9936057773e-14,0.0000e+00,0.9687
306.01,-1.29785072e-13,9.675344e-14,9.991093e-18,-8.0047080075e-14,0.0000e+00,0.9687
306.58,-1.31006317e-13,9.707863e-14,1.015132e-17,-8.0047080075e-14,0.0000e+00,0.9687
307.15,-1.30784272e-13,9.736062e-14,1.044598e-17,-8.0047080075e-14,0.0000e+00,0.9687
307.73,-1.30784272e-13,9.758216e-14,1.059088e-17,-8.0158102378e-14,0.0000e+00,0.9687
308.30,-1.30784272e-13,9.775626e-14,1.042203e-17,-8.0380146983e-14,0.0000e+00,0.9687
308.87,-1.31339384e-13,9.786077e-14,1.025793e-17,-8.0491169285e-14,0.0000e+00,0.9687
309.44,-1.31450406e-13,9.800474e-14,1.048119e-17,-8.0602191588e-14,0.0000e+00,0.9687
310.01,-1.29118938e-13,9.810765e-14,1.075349e-17,-8.0824236193e-14,0.0000e+00,0.9687
310.59,-1.24900090e-13,9.820003e-14,1.093655e-17,-8.1046280798e-14,0.0000e+00,0.9687
311.16,-1.23345778e-13,9.831276e-14,1.090922e-17,-8.1490370007e-14,0.0000e+00,0.9687
311.73,-1.26232358e-13,9.840776e-14,1.067069e-17,-8.1490370007e-14,0.0000e+00,0.9687
312.30,-1.31339384e-13,9.852342e-14,1.032670e-17,-8.1712414612e-14,0.0000e+00,0.9687
312.87,-1.36557432e-13,9.860413e-14,9.989534e-18,-8.1712414612e-14,0.0000e+00,0.9687
313.45,-1.38777878e-13,9.874285e-14,9.757605e-18,-8.1823436915e-14,0.0000e+00,0.9687
314.02,-1.38777878e-13,9.890756e-14,9.725085e-18,-8.1934459217e-14,0.0000e+00,0.9687
314.59,-1.38777878e-13,9.913105e-14,9.746007e-18,-8.2156503822e-14,0.0000e+00,0.9687
315.16,-1.38222767e-13,9.940329e-14,9.806376e-18,-8.2267526125e-14,0.0000e+00,0.9687
315.73,-1.35891298e-13,9.971230e-14,9.986198e-18,-8.2378548427e-14,0.0000e+00,0.9687
316.31,-1.34892097e-13,9.999546e-14,1.013715e-17,-8.2600593032e-14,0.0000e+00,0.9687
316.88,-1.34892097e-13,1.003591e-13,1.029832e-17,-8.3044682242e-14,0.0000e+00,0.9687
317.45,-1.34892097e-13,1.007149e-13,1.021273e-17,-8.3266726847e-14,0.0000e+00,0.9687
318.02,-1.34892097e-13,1.009463e-13,1.007259e-17,-8.3488771452e-14,0.0000e+00,0.9687
318.59,-1.34892097e-13,1.011998e-13,9.840922e-18,-8.3599793754e-14,0.0000e+00,0.9687
319.17,-1.34892097e-13,1.012898e-13,9.266356e-18,-8.3599793754e-14,0.0000e+00,0.9687
319.74,-1.35891298e-13,1.013771e-13,8.803892e-18,-8.3932860662e-14,0.0000e+00,0.9687
320.31,-1.36557432e-13,1.014611e-13,8.477771e-18,-8.3710816057e-14,0.0000e+00,0.9687
320.88,-1.38777878e-13,1.015404e-13,8.455166e-18,-8.4043882964e-14,0.0000e+00,0.9687
321.45,-1.40998324e-13,1.016348e-13,8.344687e-18,-8.4154905267e-14,0.0000e+00,0.9687
322.03,-1.41775480e-13,1.017322e-13,8.340516e-18,-8.4154905267e-14,0.0000e+00,0.9687
322.60,-1.41775480e-13,1.018899e-13,8.449824e-18,-8.4154905267e-14,0.0000e+00,0.9687
323.17,-1.41775480e-13,1.021134e-13,8.491611e-18,-8.4154905267e-14,0.0000e+00,0.9687
323.74,-1.41775480e-13,1.023953e-13,8.277184e-18,-8.4376949872e-14,0.0000e+00,0.9687
324.31,-1.40443213e-13,1.026603e-13,8.146094e-18,-8.4376949872e-14,0.0000e+00,0.9687
324.89,-1.39444012e-13,1.029025e-13,7.833896e-18,-8.4598994476e-14,0.0000e+00,0.9687
325.46,-1.39444012e-13,1.030749e-13,8.086783e-18,-8.4598994476e-14,0.0000e+00,0.9687
326.03,-1.37001521e-13,1.032052e-13,8.473407e-18,-8.4932061384e-14,0.0000e+00,0.9687
326.60,-1.35336187e-13,1.032799e-13,8.519161e-18,-8.4932061384e-14,0.0000e+00,0.9687
327.17,-1.36002321e-13,1.033300e-13,8.419105e-18,-8.4932061384e-14,0.0000e+00,0.9687
327.75,-1.40110146e-13,1.034289e-13,8.539110e-18,-8.4932061384e-14,0.0000e+00,0.9687
328.32,-1.45217172e-13,1.035408e-13,9.210441e-18,-8.5043083686e-14,0.0000e+00,0.9687
328.89,-1.47548640e-13,1.036234e-13,9.638384e-18,-8.5265128291e-14,0.0000e+00,0.9687
329.46,-1.47215573e-13,1.036350e-13,9.658655e-18,-8.5265128291e-14,0.0000e+00,0.9687
330.03,-1.45550239e-13,1.038083e-13,9.847529e-18,-8.5376150594e-14,0.0000e+00,0.9687
330.61,-1.42774681e-13,1.040038e-13,9.881170e-18,-8.5487172896e-14,0.0000e+00,0.9687
331.18,-1.42108547e-13,1.042488e-13,9.696101e-18,-8.5820239804e-14,0.0000e+00,0.9687
331.75,-1.42330592e-13,1.044244e-13,9.637111e-18,-8.6042284408e-14,0.0000e+00,0.9687
332.32,-1.42441614e-13,1.045430e-13,9.634967e-18,-8.6264329013e-14,0.0000e+00,0.9687
332.89,-1.42330592e-13,1.046192e-13,9.762682e-18,-8.6375351316e-14,0.0000e+00,0.9687
333.47,-1.42774681e-13,1.047277e-13,9.903044e-18,-8.6486373618e-14,0.0000e+00,0.9687
334.04,-1.45328194e-13,1.048703e-13,1.018118e-17,-8.6486373618e-14,0.0000e+00,0.9687
334.61,-1.50102153e-13,1.049792e-13,1.031520e-17,-8.6708418223e-14,0.0000e+00,0.9687
335.18,-1.53099755e-13,1.051725e-13,1.012484e-17,-8.6819440526e-14,0.0000e+00,0.9687
335.75,-1.52766688e-13,1.053258e-13,9.658767e-18,-8.6930462828e-14,0.0000e+00,0.9687
336.33,-1.50435220e-13,1.054981e-13,8.905341e-18,-8.6930462828e-14,0.0000e+00,0.9687
336.90,-1.46660462e-13,1.056370e-13,8.552372e-18,-8.7152507433e-14,0.0000e+00,0.9687
337.47,-1.45328194e-13,1.057280e-13,8.388462e-18,-8.7152507433e-14,0.0000e+00,0.9687
338.04,-1.45328194e-13,1.057657e-13,8.361341e-18,-8.7263529736e-14,0.0000e+00,0.9687
338.61,-1.45328194e-13,1.058469e-13,8.093061e-18,-8.7596596643e-14,0.0000e+00,0.9687
339.19,-1.45328194e-13,1.059009e-13,7.501715e-18,-8.7818641248e-14,0.0000e+00,0.9687
339.76,-1.45328194e-13,1.060250e-13,7.739995e-18,-8.7818641248e-14,0.0000e+00,0.9687
340.33,-1.45328194e-13,1.061678e-13,8.160552e-18,-8.8040685853e-14,0.0000e+00,0.9687
340.90,-1.45328194e-13,1.064047e-13,8.355744e-18,-8.8040685853e-14,0.0000e+00,0.9687
341.47,-1.46660462e-13,1.065745e-13,7.682040e-18,-8.8484775063e-14,0.0000e+00,0.9687
342.04,-1.49880108e-13,1.067683e-13,7.006450e-18,-8.8595797365e-14,0.0000e+00,0.9687
342.62,-1.51989532e-13,1.069447e-13,6.524936e-18,-8.8595797365e-14,0.0000e+00,0.9687
343.19,-1.51656465e-13,1.070857e-13,6.410397e-18,-8.8706819668e-14,0.0000e+00,0.9687
343.76,-1.51323398e-13,1.072354e-13,6.119617e-18,-8.8928864272e-14,0.0000e+00,0.9687
344.33,-1.51101354e-13,1.074621e-13,5.519817e-18,-8.9039886575e-14,0.0000e+00,0.9687
344.90,-1.51101354e-13,1.076540e-13,5.212727e-18,-8.9150908877e-14,0.0000e+00,0.9687
345.48,-1.50768287e-13,1.078486e-13,5.260408e-18,-8.9372953482e-14,0.0000e+00,0.9687
346.05,-1.48769885e-13,1.079600e-13,4.907919e-18,-8.9372953482e-14,0.0000e+00,0.9687
346.62,-1.46549439e-13,1.080866e-13,4.644043e-18,-8.9483975785e-14,0.0000e+00,0.9687
347.19,-1.46549439e-13,1.082269e-13,5.518955e-18,-8.9594998087e-14,0.0000e+00,0.9687
347.76,-1.46882506e-13,1.083918e-13,5.804570e-18,-9.0039087297e-14,0.0000e+00,0.9687
348.34,-1.49213975e-13,1.085157e-13,4.924092e-18,-9.0261131902e-14,0.0000e+00,0.9687
348.91,-1.50657264e-13,1.086071e-13,4.469148e-18,-9.0261131902e-14,0.0000e+00,0.9687
349.48,-1.49213975e-13,1.087370e-13,4.449723e-18,-9.0372154204e-14,0.0000e+00,0.9687
350.05,-1.45550239e-13,1.088719e-13,4.657898e-18,-9.0483176507e-14,0.0000e+00,0.9687
350.62,-1.43107748e-13,1.089792e-13,5.345961e-18,-9.0483176507e-14,0.0000e+00,0.9687
351.20,-1.44217971e-13,1.090234e-13,6.092081e-18,-9.0483176507e-14,0.0000e+00,0.9687
351.77,-1.46882506e-13,1.090994e-13,6.235710e-18,-9.0483176507e-14,0.0000e+00,0.9687
352.34,-1.49102952e-13,1.091412e-13,5.829618e-18,-9.0483176507e-14,0.0000e+00,0.9687
352.91,-1.50657264e-13,1.092750e-13,5.609790e-18,-9.0816243414e-14,0.0000e+00,0.9687
353.48,-1.50213175e-13,1.094131e-13,5.799936e-18,-9.0927265717e-14,0.0000e+00,0.9687
354.06,-1.50213175e-13,1.095098e-13,6.177915e-18,-9.0927265717e-14,0.0000e+00,0.9687
354.63,-1.52322599e-13,1.095152e-13,6.404389e-18,-9.1149310322e-14,0.0000e+00,0.9687
355.20,-1.56541446e-13,1.096182e-13,6.457676e-18,-9.1260332624e-14,0.0000e+00,0.9687
355.77,-1.61093361e-13,1.096947e-13,6.415090e-18,-9.1371354927e-14,0.0000e+00,0.9687
356.34,-1.65645275e-13,1.097422e-13,6.433567e-18,-9.1371354927e-14,0.0000e+00,0.9687
356.92,-1.67532654e-13,1.099095e-13,6.278626e-18,-9.1371354927e-14,0.0000e+00,0.9687
357.49,-1.65645275e-13,1.101020e-13,6.278952e-18,-9.1704421834e-14,0.0000e+00,0.9687
358.06,-1.61315405e-13,1.103112e-13,5.992370e-18,-9.1815444137e-14,0.0000e+00,0.9687
358.63,-1.58206781e-13,1.105648e-13,5.529945e-18,-9.1815444137e-14,0.0000e+00,0.9687
359.20,-1.56319402e-13,1.107654e-13,5.267575e-18,-9.1815444137e-14,0.0000e+00,0.9687
359.78,-1.57429625e-13,1.109510e-13,5.158885e-18,-9.2481577951e-14,0.0000e+00,0.9687
360.35,-1.57540647e-13,1.111141e-13,5.060545e-18,-9.2481577951e-14,0.0000e+00,0.9687
360.92,-1.56541446e-13,1.112432e-13,4.821310e-18,-9.2481577951e-14,0.0000e+00,0.9687
361.49,-1.56208380e-13,1.113770e-13,4.392473e-18,-9.2481577951e-14,0.0000e+00,0.9687
362.06,-1.56985536e-13,1.115313e-13,4.560451e-18,-9.2703622556e-14,0.0000e+00,0.9687
362.64,-1.59872116e-13,1.116905e-13,5.012923e-18,-9.2925667161e-14,0.0000e+00,0.9687
363.21,-1.62092562e-13,1.118571e-13,5.163795e-18,-9.3036689464e-14,0.0000e+00,0.9687
363.78,-1.61426428e-13,1.120487e-13,4.997632e-18,-9.3147711766e-14,0.0000e+00,0.9687
364.35,-1.57762692e-13,1.121574e-13,4.638057e-18,-9.3369756371e-14,0.0000e+00,0.9687
364.92,-1.56652469e-13,1.122433e-13,4.560192e-18,-9.3480778673e-14,0.0000e+00,0.9687
365.50,-1.58872915e-13,1.122773e-13,4.282718e-18,-9.3369756371e-14,0.0000e+00,0.9687
366.07,-1.60982339e-13,1.123423e-13,4.022956e-18,-9.3369756371e-14,0.0000e+00,0.9687
366.64,-1.61426428e-13,1.124351e-13,4.337731e-18,-9.3591800976e-14,0.0000e+00,0.9687
367.21,-1.60760294e-13,1.125410e-13,4.705683e-18,-9.3591800976e-14,0.0000e+00,0.9687
367.78,-1.61426428e-13,1.126623e-13,5.303123e-18,-9.3924867883e-14,0.0000e+00,0.9687
368.36,-1.62980740e-13,1.128276e-13,6.277017e-18,-9.3924867883e-14,0.0000e+00,0.9687
368.93,-1.64313008e-13,1.129907e-13,6.838270e-18,-9.4035890186e-14,0.0000e+00,0.9687
369.50,-1.64313008e-13,1.131763e-13,6.608469e-18,-9.4035890186e-14,0.0000e+00,0.9687
370.07,-1.64313008e-13,1.133838e-13,6.763315e-18,-9.4368957093e-14,0.0000e+00,0.9687
370.64,-1.64313008e-13,1.135742e-13,7.157466e-18,-9.4368957093e-14,0.0000e+00,0.9687
371.22,-1.64313008e-13,1.138126e-13,7.881983e-18,-9.4479979396e-14,0.0000e+00,0.9687
371.79,-1.64535052e-13,1.140420e-13,8.410969e-18,-9.4924068605e-14,0.0000e+00,0.9687
372.36,-1.66200387e-13,1.142161e-13,8.574878e-18,-9.4924068605e-14,0.0000e+00,0.9687
372.93,-1.66533454e-13,1.143326e-13,8.845183e-18,-9.5257135513e-14,0.0000e+00,0.9687
373.50,-1.64868119e-13,1.144668e-13,9.634630e-18,-9.5257135513e-14,0.0000e+00,0.9687
374.08,-1.62092562e-13,1.146910e-13,1.003885e-17,-9.5368157815e-14,0.0000e+00,0.9687
374.65,-1.61648472e-13,1.148718e-13,9.511765e-18,-9.5701224723e-14,0.0000e+00,0.9687
375.22,-1.62425629e-13,1.150300e-13,9.465681e-18,-9.5701224723e-14,0.0000e+00,0.9687
375.79,-1.64868119e-13,1.152037e-13,1.018697e-17,-9.5812247025e-14,0.0000e+00,0.9687
376.36,-1.67532654e-13,1.153440e-13,1.028069e-17,-9.6145313933e-14,0.0000e+00,0.9687
376.94,-1.68420833e-13,1.155151e-13,9.282666e-18,-9.6367358537e-14,0.0000e+00,0.9687
377.51,-1.66866521e-13,1.157045e-13,8.895256e-18,-9.6700425445e-14,0.0000e+00,0.9687
378.08,-1.64979141e-13,1.159182e-13,8.920954e-18,-9.6700425445e-14,0.0000e+00,0.9687
378.65,-1.65867320e-13,1.162273e-13,9.178850e-18,-9.6811447747e-14,0.0000e+00,0.9687
379.22,-1.68198788e-13,1.165254e-13,9.977586e-18,-9.6811447747e-14,0.0000e+00,0.9687
379.80,-1.68531855e-13,1.167527e-13,1.090176e-17,-9.7144514655e-14,0.0000e+00,0.9687
380.37,-1.68198788e-13,1.169818e-13,1.082809e-17,-9.7255536957e-14,0.0000e+00,0.9687
380.94,-1.68087766e-13,1.171410e-13,1.080182e-17,-9.7699626167e-14,0.0000e+00,0.9687
381.51,-1.68420833e-13,1.172942e-13,1.097375e-17,-9.7699626167e-14,0.0000e+00,0.9687
382.08,-1.70086167e-13,1.174808e-13,1.112237e-17,-9.7699626167e-14,0.0000e+00,0.9687
382.66,-1.71307413e-13,1.176985e-13,1.129350e-17,-9.8143715377e-14,0.0000e+00,0.9687
383.23,-1.69420034e-13,1.179503e-13,1.167449e-17,-9.8365759982e-14,0.0000e+00,0.9687
383.80,-1.65645275e-13,1.182038e-13,1.242548e-17,-9.8476782284e-14,0.0000e+00,0.9687
384.37,-1.63313807e-13,1.184298e-13,1.276240e-17,-9.8587804587e-14,0.0000e+00,0.9687
384.94,-1.63646874e-13,1.185777e-13,1.271313e-17,-9.8920871494e-14,0.0000e+00,0.9687
385.52,-1.65201186e-13,1.187213e-13,1.254472e-17,-9.8920871494e-14,0.0000e+00,0.9687
386.09,-1.66200387e-13,1.188852e-13,1.251734e-17,-9.9364960704e-14,0.0000e+00,0.9687
386.66,-1.67421632e-13,1.191117e-13,1.303198e-17,-9.9475983006e-14,0.0000e+00,0.9687
387.23,-1.68864922e-13,1.193977e-13,1.334390e-17,-9.9475983006e-14,0.0000e+00,0.9687
387.80,-1.71418435e-13,1.196827e-13,1.303566e-17,-9.9809049914e-14,0.0000e+00,0.9687
388.38,-1.72639680e-13,1.200210e-13,1.295853e-17,-9.9920072216e-14,0.0000e+00,0.9687
388.95,-1.71751502e-13,1.204035e-13,1.289885e-17,-9.9920072216e-14,0.0000e+00,0.9687
389.52,-1.69197989e-13,1.207693e-13,1.280108e-17,-1.0036416143e-13,0.0000e+00,0.9687
390.09,-1.68531855e-13,1.210600e-13,1.290526e-17,-1.0058620603e-13,0.0000e+00,0.9687
390.66,-1.69531056e-13,1.213068e-13,1.293432e-17,-1.0058620603e-13,0.0000e+00,0.9687
391.24,-1.70974346e-13,1.214681e-13,1.282630e-17,-1.0080825064e-13,0.0000e+00,0.9687
391.81,-1.71307413e-13,1.216117e-13,1.269025e-17,-1.0080825064e-13,0.0000e+00,0.9687
392.38,-1.71307413e-13,1.217257e-13,1.260652e-17,-1.0080825064e-13,0.0000e+00,0.9687
392.95,-1.71307413e-13,1.218655e-13,1.244423e-17,-1.0080825064e-13,0.0000e+00,0.9687
393.52,-1.71307413e-13,1.220001e-13,1.229205e-17,-1.0103029524e-13,0.0000e+00,0.9687
394.10,-1.71418435e-13,1.221328e-13,1.212337e-17,-1.0125233985e-13,0.0000e+00,0.9687
394.67,-1.71418435e-13,1.223343e-13,1.185777e-17,-1.0125233985e-13,0.0000e+00,0.9687
395.24,-1.71418435e-13,1.225544e-13,1.158554e-17,-1.0125233985e-13,0.0000e+00,0.9687
395.81,-1.71751502e-13,1.227428e-13,1.133859e-17,-1.0158540675e-13,0.0000e+00,0.9687
396.38,-1.73527859e-13,1.229313e-13,1.125080e-17,-1.0169642906e-13,0.0000e+00,0.9687
396.96,-1.75526260e-13,1.230639e-13,1.111123e-17,-1.0169642906e-13,0.0000e+00,0.9687
397.53,-1.78190795e-13,1.232509e-13,1.104163e-17,-1.0169642906e-13,0.0000e+00,0.9687
398.10,-1.79078974e-13,1.232943e-13,1.110192e-17,-1.0202949596e-13,0.0000e+00,0.9687
398.67,-1.78523862e-13,1.233736e-13,1.098326e-17,-1.0214051827e-13,0.0000e+00,0.9687
399.24,-1.77857729e-13,1.234863e-13,1.078415e-17,-1.0214051827e-13,0.0000e+00,0.9687
399.82,-1.77857729e-13,1.236291e-13,1.065741e-17,-1.0214051827e-13,0.0000e+00,0.9687
400.39,-1.77857729e-13,1.237486e-13,1.056326e-17,-1.0214051827e-13,0.0000e+00,0.9687
400.96,-1.77857729e-13,1.239096e-13,1.048845e-17,-1.0247358517e-13,0.0000e+00,0.9687
401.53,-1.77857729e-13,1.240618e-13,1.019625e-17,-1.0247358517e-13,0.0000e+00,0.9687
402.10,-1.77857729e-13,1.242261e-13,9.754994e-18,-1.0247358517e-13,0.0000e+00,0.9687
402.67,-1.78523862e-13,1.243324e-13,9.565364e-18,-1.0258460748e-13,0.0000e+00,0.9687
403.25,-1.79856130e-13,1.244533e-13,9.579118e-18,-1.0258460748e-13,0.0000e+00,0.9687
403.82,-1.80300219e-13,1.245519e-13,9.442164e-18,-1.0280665208e-13,0.0000e+00,0.9687
404.39,-1.79856130e-13,1.246326e-13,9.199945e-18,-1.0291767438e-13,0.0000e+00,0.9687
404.96,-1.79856130e-13,1.247243e-13,9.113125e-18,-1.0291767438e-13,0.0000e+00,0.9687
405.53,-1.79856130e-13,1.247887e-13,8.950429e-18,-1.0302869669e-13,0.0000e+00,0.9687
406.11,-1.79856130e-13,1.249065e-13,8.734464e-18,-1.0302869669e-13,0.0000e+00,0.9687
406.68,-1.79856130e-13,1.250287e-13,8.721510e-18,-1.0325074129e-13,0.0000e+00,0.9687
407.25,-1.79856130e-13,1.251819e-13,8.764926e-18,-1.0358380820e-13,0.0000e+00,0.9687
407.82,-1.79745108e-13,1.253554e-13,9.196771e-18,-1.0391687510e-13,0.0000e+00,0.9687
408.39,-1.79189996e-13,1.255889e-13,9.565969e-18,-1.0402789741e-13,0.0000e+00,0.9687
408.97,-1.79745108e-13,1.257800e-13,9.789470e-18,-1.0424994201e-13,0.0000e+00,0.9687
409.54,-1.80966353e-13,1.259515e-13,9.603013e-18,-1.0436096431e-13,0.0000e+00,0.9687
410.11,-1.83519866e-13,1.261012e-13,9.151339e-18,-1.0436096431e-13,0.0000e+00,0.9687
410.68,-1.84519067e-13,1.262481e-13,8.602061e-18,-1.0469403122e-13,0.0000e+00,0.9687
411.25,-1.82964754e-13,1.263598e-13,8.543401e-18,-1.0469403122e-13,0.0000e+00,0.9687
411.83,-1.79189996e-13,1.264936e-13,9.028143e-18,-1.0491607583e-13,0.0000e+00,0.9687
412.40,-1.76858528e-13,1.266254e-13,8.823306e-18,-1.0491607583e-13,0.0000e+00,0.9687
412.97,-1.76525461e-13,1.267010e-13,8.187349e-18,-1.0491607583e-13,0.0000e+00,0.9687
413.54,-1.77524662e-13,1.267918e-13,7.763308e-18,-1.0491607583e-13,0.0000e+00,0.9687
414.11,-1.79856130e-13,1.268522e-13,7.459558e-18,-1.0480505352e-13,0.0000e+00,0.9687
414.69,-1.80966353e-13,1.270442e-13,7.647797e-18,-1.0524914273e-13,0.0000e+00,0.9687
415.26,-1.79856130e-13,1.272237e-13,7.565347e-18,-1.0536016504e-13,0.0000e+00,0.9687
415.83,-1.77191595e-13,1.274357e-13,7.235336e-18,-1.0569323194e-13,0.0000e+00,0.9687
416.40,-1.74971149e-13,1.277050e-13,6.973809e-18,-1.0580425425e-13,0.0000e+00,0.9687
416.97,-1.73305814e-13,1.279184e-13,6.844504e-18,-1.0602629885e-13,0.0000e+00,0.9687
417.55,-1.73083770e-13,1.280972e-13,6.606521e-18,-1.0602629885e-13,0.0000e+00,0.9687
418.12,-1.74971149e-13,1.282628e-13,6.549131e-18,-1.0613732115e-13,0.0000e+00,0.9687
418.69,-1.78523862e-13,1.283282e-13,6.411415e-18,-1.0624834346e-13,0.0000e+00,0.9687
419.26,-1.82409643e-13,1.284131e-13,6.582944e-18,-1.0624834346e-13,0.0000e+00,0.9687
419.83,-1.83630888e-13,1.284901e-13,6.647450e-18,-1.0647038806e-13,0.0000e+00,0.9687
420.41,-1.82742710e-13,1.286237e-13,6.784327e-18,-1.0647038806e-13,0.0000e+00,0.9687
420.98,-1.80078175e-13,1.287211e-13,6.716238e-18,-1.0647038806e-13,0.0000e+00,0.9687
421.55,-1.79078974e-13,1.288531e-13,5.912838e-18,-1.0669243267e-13,0.0000e+00,0.9687
422.12,-1.81077375e-13,1.289562e-13,5.918986e-18,-1.0702549957e-13,0.0000e+00,0.9687
422.69,-1.85851334e-13,1.291955e-13,6.100465e-18,-1.0702549957e-13,0.0000e+00,0.9687
423.27,-1.87849736e-13,1.294268e-13,5.892658e-18,-1.0735856648e-13,0.0000e+00,0.9687
423.84,-1.85185201e-13,1.297630e-13,5.705807e-18,-1.0746958878e-13,0.0000e+00,0.9687
424.41,-1.80411242e-13,1.299697e-13,5.451423e-18,-1.0758061109e-13,0.0000e+00,0.9687
424.98,-1.75859327e-13,1.301409e-13,5.553958e-18,-1.0791367799e-13,0.0000e+00,0.9687
425.55,-1.74860126e-13,1.302839e-13,5.617313e-18,-1.0791367799e-13,0.0000e+00,0.9687
426.13,-1.76858528e-13,1.303750e-13,5.404770e-18,-1.0802470030e-13,0.0000e+00,0.9687
426.70,-1.81965554e-13,1.304771e-13,4.994685e-18,-1.0802470030e-13,0.0000e+00,0.9687
427.27,-1.85296223e-13,1.305330e-13,4.794054e-18,-1.0802470030e-13,0.0000e+00,0.9687
427.84,-1.85962357e-13,1.305813e-13,4.842619e-18,-1.0824674490e-13,0.0000e+00,0.9687
428.41,-1.85962357e-13,1.307390e-13,4.735287e-18,-1.0824674490e-13,0.0000e+00,0.9687
428.99,-1.85962357e-13,1.308591e-13,4.643397e-18,-1.0824674490e-13,0.0000e+00,0.9687
429.56,-1.86184401e-13,1.310336e-13,4.689747e-18,-1.0824674490e-13,0.0000e+00,0.9687
430.13,-1.86184401e-13,1.311748e-13,4.842413e-18,-1.0869083411e-13,0.0000e+00,0.9687
430.70,-1.87516669e-13,1.313034e-13,5.129652e-18,-1.0891287872e-13,0.0000e+00,0.9687
431.27,-1.90292226e-13,1.314627e-13,5.815717e-18,-1.0913492332e-13,0.0000e+00,0.9687
431.85,-1.92068583e-13,1.316268e-13,6.277577e-18,-1.0913492332e-13,0.0000e+00,0.9687
432.42,-1.91624494e-13,1.318339e-13,5.808830e-18,-1.0957901253e-13,0.0000e+00,0.9687
432.99,-1.91291427e-13,1.320734e-13,5.185037e-18,-1.0969003483e-13,0.0000e+00,0.9687
433.56,-1.91402449e-13,1.322795e-13,4.287417e-18,-1.1002310174e-13,0.0000e+00,0.9687
434.13,-1.92956762e-13,1.324670e-13,3.518980e-18,-1.1002310174e-13,0.0000e+00,0.9687
434.71,-1.94955163e-13,1.326225e-13,3.428908e-18,-1.1002310174e-13,0.0000e+00,0.9687
435.28,-1.94955163e-13,1.327346e-13,3.641045e-18,-1.1024514635e-13,0.0000e+00,0.9687
435.85,-1.92401650e-13,1.327568e-13,3.673490e-18,-1.1024514635e-13,0.0000e+00,0.9687
436.42,-1.89515070e-13,1.327863e-13,3.888011e-18,-1.1046719095e-13,0.0000e+00,0.9687
436.99,-1.89182003e-13,1.328330e-13,4.368440e-18,-1.1057821325e-13,0.0000e+00,0.9687
437.57,-1.91624494e-13,1.329696e-13,5.043373e-18,-1.1057821325e-13,0.0000e+00,0.9687
438.14,-1.94178007e-13,1.330606e-13,5.577001e-18,-1.1068923556e-13,0.0000e+00,0.9687
438.71,-1.95621297e-13,1.331441e-13,5.696426e-18,-1.1091128016e-13,0.0000e+00,0.9687
439.28,-1.95177208e-13,1.332969e-13,5.520519e-18,-1.1102230246e-13,0.0000e+00,0.9687
439.85,-1.94622096e-13,1.334564e-13,4.842732e-18,-1.1102230246e-13,0.0000e+00,0.9687
440.43,-1.94844141e-13,1.335704e-13,4.198115e-18,-1.1102230246e-13,0.0000e+00,0.9687
441.00,-1.94844141e-13,1.336760e-13,4.019517e-18,-1.1135536937e-13,0.0000e+00,0.9687
441.57,-1.96842542e-13,1.337757e-13,4.288088e-18,-1.1146639167e-13,0.0000e+00,0.9687
442.14,-1.97841743e-13,1.338595e-13,4.808373e-18,-1.1146639167e-13,0.0000e+00,0.9687
442.71,-1.94289029e-13,1.340115e-13,5.262526e-18,-1.1146639167e-13,0.0000e+00,0.9687
443.29,-1.88737914e-13,1.341941e-13,5.696482e-18,-1.1146639167e-13,0.0000e+00,0.9687
443.86,-1.84852134e-13,1.344426e-13,6.260538e-18,-1.1179945858e-13,0.0000e+00,0.9687
444.43,-1.85962357e-13,1.346675e-13,6.798930e-18,-1.1179945858e-13,0.0000e+00,0.9687
445.00,-1.93289829e-13,1.349160e-13,7.333311e-18,-1.1191048088e-13,0.0000e+00,0.9687
445.57,-2.02726724e-13,1.351841e-13,7.670438e-18,-1.1202150318e-13,0.0000e+00,0.9687
446.15,-2.06834549e-13,1.354630e-13,7.811383e-18,-1.1235457009e-13,0.0000e+00,0.9687
446.72,-2.04170014e-13,1.356808e-13,7.612965e-18,-1.1246559239e-13,0.0000e+00,0.9687
447.29,-1.99174011e-13,1.358520e-13,7.596842e-18,-1.1246559239e-13,0.0000e+00,0.9687
447.86,-1.97175609e-13,1.359421e-13,7.378476e-18,-1.1257661470e-13,0.0000e+00,0.9687
448.43,-1.98174810e-13,1.360719e-13,7.429255e-18,-1.1290968160e-13,0.0000e+00,0.9687
449.01,-1.98507877e-13,1.361473e-13,8.105239e-18,-1.1290968160e-13,0.0000e+00,0.9687
449.58,-1.96176408e-13,1.362195e-13,8.602503e-18,-1.1302070391e-13,0.0000e+00,0.9687
450.15,-1.93955962e-13,1.363058e-13,8.825466e-18,-1.1302070391e-13,0.0000e+00,0.9687
450.72,-1.94289029e-13,1.364895e-13,9.208347e-18,-1.1335377081e-13,0.0000e+00,0.9687
451.29,-1.94511074e-13,1.367059e-13,8.995471e-18,-1.1335377081e-13,0.0000e+00,0.9687
451.87,-1.94511074e-13,1.369246e-13,9.067510e-18,-1.1379786002e-13,0.0000e+00,0.9687
452.44,-1.91735516e-13,1.372214e-13,9.356494e-18,-1.1413092693e-13,0.0000e+00,0.9687
453.01,-1.90403249e-13,1.374959e-13,9.530842e-18,-1.1424194923e-13,0.0000e+00,0.9687
453.58,-1.90736316e-13,1.377323e-13,9.498539e-18,-1.1424194923e-13,0.0000e+00,0.9687
454.15,-1.92068583e-13,1.379021e-13,9.471320e-18,-1.1424194923e-13,0.0000e+00,0.9687
454.73,-1.93511873e-13,1.380783e-13,9.278307e-18,-1.1457501614e-13,0.0000e+00,0.9687
455.30,-1.94289029e-13,1.382445e-13,8.890787e-18,-1.1457501614e-13,0.0000e+00,0.9687
455.87,-1.93844940e-13,1.385128e-13,9.299554e-18,-1.1468603844e-13,0.0000e+00,0.9687
456.44,-1.95177208e-13,1.387930e-13,9.315090e-18,-1.1479706075e-13,0.0000e+00,0.9687
457.01,-1.96176408e-13,1.389786e-13,9.056166e-18,-1.1513012765e-13,0.0000e+00,0.9687
457.59,-1.96731520e-13,1.392186e-13,8.852148e-18,-1.1546319456e-13,0.0000e+00,0.9687
458.16,-1.94622096e-13,1.394554e-13,9.108816e-18,-1.1568523917e-13,0.0000e+00,0.9687
458.73,-1.91069383e-13,1.396343e-13,9.083311e-18,-1.1646239528e-13,0.0000e+00,0.9687
459.30,-1.88737914e-13,1.398519e-13,8.335112e-18,-1.1657341759e-13,0.0000e+00,0.9687
459.87,-1.89070981e-13,1.400286e-13,8.272992e-18,-1.1657341759e-13,0.0000e+00,0.9687
460.45,-1.92623695e-13,1.402657e-13,8.915744e-18,-1.1657341759e-13,0.0000e+00,0.9687
461.02,-1.97175609e-13,1.405175e-13,9.428101e-18,-1.1679546219e-13,0.0000e+00,0.9687
461.59,-2.01616501e-13,1.407870e-13,9.579873e-18,-1.1701750680e-13,0.0000e+00,0.9687
462.16,-2.04503081e-13,1.410781e-13,9.949569e-18,-1.1723955140e-13,0.0000e+00,0.9687
462.73,-2.05502282e-13,1.413776e-13,9.619693e-18,-1.1746159601e-13,0.0000e+00,0.9687
463.31,-2.03614903e-13,1.415999e-13,9.258765e-18,-1.1746159601e-13,0.0000e+00,0.9687
463.88,-1.98507877e-13,1.418321e-13,9.033221e-18,-1.1779466291e-13,0.0000e+00,0.9687
464.45,-1.94511074e-13,1.420540e-13,9.142607e-18,-1.1812772982e-13,0.0000e+00,0.9687
465.02,-1.94844141e-13,1.422020e-13,9.259826e-18,-1.1812772982e-13,0.0000e+00,0.9687
465.59,-1.98174810e-13,1.423433e-13,9.152088e-18,-1.1823875212e-13,0.0000e+00,0.9687
466.16,-2.00617301e-13,1.424275e-13,8.982731e-18,-1.1823875212e-13,0.0000e+00,0.9687
466.74,-1.99507078e-13,1.425346e-13,8.812805e-18,-1.1857181903e-13,0.0000e+00,0.9687
467.31,-1.96731520e-13,1.426671e-13,8.714277e-18,-1.1868284133e-13,0.0000e+00,0.9687
467.88,-1.95621297e-13,1.428063e-13,8.819491e-18,-1.1879386363e-13,0.0000e+00,0.9687
468.45,-1.98729921e-13,1.430632e-13,8.850730e-18,-1.1879386363e-13,0.0000e+00,0.9687
469.02,-2.03503880e-13,1.433906e-13,9.031293e-18,-1.1912693054e-13,0.0000e+00,0.9687
469.60,-2.06168416e-13,1.437390e-13,9.174784e-18,-1.1945999745e-13,0.0000e+00,0.9687
470.17,-2.06501483e-13,1.440454e-13,9.158900e-18,-1.1945999745e-13,0.0000e+00,0.9687
470.74,-2.04503081e-13,1.444264e-13,9.031636e-18,-1.1957101975e-13,0.0000e+00,0.9687
471.31,-2.01727524e-13,1.447136e-13,8.563835e-18,-1.1968204205e-13,0.0000e+00,0.9687
471.88,-2.02060590e-13,1.449556e-13,8.346178e-18,-1.1990408666e-13,0.0000e+00,0.9687
472.46,-2.03503880e-13,1.451789e-13,8.332300e-18,-1.1990408666e-13,0.0000e+00,0.9687
473.03,-2.02060590e-13,1.453825e-13,8.433402e-18,-1.2001510896e-13,0.0000e+00,0.9687
473.60,-1.97508676e-13,1.455732e-13,8.732007e-18,-1.2001510896e-13,0.0000e+00,0.9687
474.17,-1.92290628e-13,1.457495e-13,8.902022e-18,-1.2012613126e-13,0.0000e+00,0.9687
474.74,-1.90958360e-13,1.459107e-13,8.935540e-18,-1.2012613126e-13,0.0000e+00,0.9687
475.32,-1.96287431e-13,1.460925e-13,8.905058e-18,-1.2034817587e-13,0.0000e+00,0.9687
475.89,-2.03836947e-13,1.462478e-13,9.664370e-18,-1.2057022047e-13,0.0000e+00,0.9687
476.46,-2.07833750e-13,1.463814e-13,9.896060e-18,-1.2079226508e-13,0.0000e+00,0.9687
477.03,-2.06834549e-13,1.465606e-13,9.155121e-18,-1.2101430968e-13,0.0000e+00,0.9687
477.60,-2.05946371e-13,1.467538e-13,8.123121e-18,-1.2123635429e-13,0.0000e+00,0.9687
478.18,-2.06501483e-13,1.469592e-13,7.375831e-18,-1.2134737659e-13,0.0000e+00,0.9687
478.75,-2.08055795e-13,1.471783e-13,7.174490e-18,-1.2134737659e-13,0.0000e+00,0.9687
479.32,-2.09166018e-13,1.474216e-13,7.093100e-18,-1.2179146580e-13,0.0000e+00,0.9687
479.89,-2.07167616e-13,1.476826e-13,6.826909e-18,-1.2201351041e-13,0.0000e+00,0.9687
480.46,-2.03170814e-13,1.479809e-13,6.991720e-18,-1.2223555501e-13,0.0000e+00,0.9687
481.04,-2.00395256e-13,1.482003e-13,7.799376e-18,-1.2245759962e-13,0.0000e+00,0.9687
481.61,-2.00728323e-13,1.484163e-13,8.420905e-18,-1.2245759962e-13,0.0000e+00,0.9687
482.18,-2.03503880e-13,1.485523e-13,8.506556e-18,-1.2267964422e-13,0.0000e+00,0.9687
482.75,-2.08499884e-13,1.486416e-13,8.746205e-18,-1.2290168883e-13,0.0000e+00,0.9687
483.32,-2.09610107e-13,1.484832e-13,8.878150e-18,-1.2290168883e-13,0.0000e+00,0.9687
483.90,-2.05946371e-13,1.485864e-13,8.814684e-18,-1.2312373343e-13,0.0000e+00,0.9687
484.47,-2.01394457e-13,1.486722e-13,8.189054e-18,-1.2323475573e-13,0.0000e+00,0.9687
485.04,-2.01283434e-13,1.489256e-13,8.287872e-18,-1.2334577804e-13,0.0000e+00,0.9687
485.61,-2.04170014e-13,1.491296e-13,9.009983e-18,-1.2367884494e-13,0.0000e+00,0.9687
486.18,-2.05613304e-13,1.493549e-13,9.472213e-18,-1.2367884494e-13,0.0000e+00,0.9687
486.76,-2.04836148e-13,1.495518e-13,9.391668e-18,-1.2378986725e-13,0.0000e+00,0.9687
487.33,-2.01394457e-13,1.497921e-13,9.270101e-18,-1.2412293415e-13,0.0000e+00,0.9687
487.90,-1.99062988e-13,1.500014e-13,8.936329e-18,-1.2401191185e-13,0.0000e+00,0.9687
488.47,-2.01394457e-13,1.501877e-13,8.561199e-18,-1.2423395646e-13,0.0000e+00,0.9687
489.04,-2.06501483e-13,1.503471e-13,8.411486e-18,-1.2445600106e-13,0.0000e+00,0.9687
489.62,-2.08499884e-13,1.504598e-13,8.094224e-18,-1.2467804567e-13,0.0000e+00,0.9687
490.19,-2.08055795e-13,1.505783e-13,7.588714e-18,-1.2467804567e-13,0.0000e+00,0.9687
490.76,-2.07722728e-13,1.507226e-13,7.259841e-18,-1.2467804567e-13,0.0000e+00,0.9687
491.33,-2.08499884e-13,1.508760e-13,7.296228e-18,-1.2467804567e-13,0.0000e+00,0.9687
491.90,-2.10276241e-13,1.510233e-13,7.411236e-18,-1.2501111257e-13,0.0000e+00,0.9687
492.48,-2.09610107e-13,1.512354e-13,7.248713e-18,-1.2512213488e-13,0.0000e+00,0.9687
493.05,-2.06501483e-13,1.514087e-13,7.088743e-18,-1.2534417948e-13,0.0000e+00,0.9687
493.62,-2.04503081e-13,1.515696e-13,6.705524e-18,-1.2545520178e-13,0.0000e+00,0.9687
494.19,-2.04836148e-13,1.516837e-13,6.061194e-18,-1.2545520178e-13,0.0000e+00,0.9687
494.76,-2.06501483e-13,1.517722e-13,5.512123e-18,-1.2556622409e-13,0.0000e+00,0.9687
495.34,-2.09166018e-13,1.518368e-13,5.053758e-18,-1.2556622409e-13,0.0000e+00,0.9687
495.91,-2.09610107e-13,1.519241e-13,4.885419e-18,-1.2556622409e-13,0.0000e+00,0.9687
496.48,-2.07833750e-13,1.520266e-13,4.977610e-18,-1.2556622409e-13,0.0000e+00,0.9687
497.05,-2.04836148e-13,1.522575e-13,5.245326e-18,-1.2578826869e-13,0.0000e+00,0.9687
497.62,-2.02393657e-13,1.524796e-13,5.262003e-18,-1.2578826869e-13,0.0000e+00,0.9687
498.20,-2.02393657e-13,1.526262e-13,4.918644e-18,-1.2578826869e-13,0.0000e+00,0.9687
498.77,-2.04836148e-13,1.527632e-13,4.596033e-18,-1.2601031329e-13,0.0000e+00,0.9687
499.34,-2.07500683e-13,1.529097e-13,4.568132e-18,-1.2634338020e-13,0.0000e+00,0.9687
499.91,-2.08499884e-13,1.530341e-13,4.687308e-18,-1.2634338020e-13,0.0000e+00,0.9687
500.48,-2.07833750e-13,1.531541e-13,5.027771e-18,-1.2634338020e-13,0.0000e+00,0.9687
501.06,-2.07833750e-13,1.532792e-13,5.130275e-18,-1.2634338020e-13,0.0000e+00,0.9687
501.63,-2.08055795e-13,1.534269e-13,5.557744e-18,-1.2645440250e-13,0.0000e+00,0.9687
502.20,-2.08055795e-13,1.535766e-13,5.829748e-18,-1.2645440250e-13,0.0000e+00,0.9687
502.77,-2.08055795e-13,1.537537e-13,6.166896e-18,-1.2667644711e-13,0.0000e+00,0.9687
503.34,-2.08055795e-13,1.538456e-13,6.479946e-18,-1.2678746941e-13,0.0000e+00,0.9687
503.92,-2.08055795e-13,1.539583e-13,6.800554e-18,-1.2689849171e-13,0.0000e+00,0.9687
504.49,-2.08055795e-13,1.540541e-13,7.052732e-18,-1.2723155862e-13,0.0000e+00,0.9687
505.06,-2.08055795e-13,1.541548e-13,7.029069e-18,-1.2734258092e-13,0.0000e+00,0.9687
505.63,-2.07833750e-13,1.542695e-13,7.451926e-18,-1.2756462553e-13,0.0000e+00,0.9687
506.20,-2.06723527e-13,1.544383e-13,7.795032e-18,-1.2756462553e-13,0.0000e+00,0.9687
506.78,-2.03947970e-13,1.545917e-13,7.235547e-18,-1.2756462553e-13,0.0000e+00,0.9687
507.35,-2.04503081e-13,1.548265e-13,6.467819e-18,-1.2778667013e-13,0.0000e+00,0.9687
507.92,-2.07056594e-13,1.550459e-13,6.363090e-18,-1.2778667013e-13,0.0000e+00,0.9687
508.49,-2.09721129e-13,1.550765e-13,6.772758e-18,-1.2800871474e-13,0.0000e+00,0.9687
509.06,-2.10609308e-13,1.551823e-13,7.284527e-18,-1.2811973704e-13,0.0000e+00,0.9687
509.64,-2.10054196e-13,1.552801e-13,7.634609e-18,-1.2845280395e-13,0.0000e+00,0.9687
510.21,-2.07167616e-13,1.554303e-13,7.452477e-18,-1.2856382625e-13,0.0000e+00,0.9687
510.78,-2.06168416e-13,1.556294e-13,7.291386e-18,-1.2889689316e-13,0.0000e+00,0.9687
511.35,-2.06723527e-13,1.558836e-13,7.062673e-18,-1.2911893776e-13,0.0000e+00,0.9687
511.92,-2.09388062e-13,1.561140e-13,7.373569e-18,-1.2911893776e-13,0.0000e+00,0.9687
512.50,-2.10276241e-13,1.562287e-13,8.208200e-18,-1.2945200467e-13,0.0000e+00,0.9687
513.07,-2.08832951e-13,1.563177e-13,8.357018e-18,-1.2978507158e-13,0.0000e+00,0.9687
513.64,-2.06168416e-13,1.563651e-13,7.801700e-18,-1.2989609388e-13,0.0000e+00,0.9687
514.21,-2.05280237e-13,1.564580e-13,7.073204e-18,-1.3022916079e-13,0.0000e+00,0.9687
514.78,-2.06168416e-13,1.566430e-13,7.011532e-18,-1.3022916079e-13,0.0000e+00,0.9687
515.36,-2.07167616e-13,1.568166e-13,7.093185e-18,-1.3078427230e-13,0.0000e+00,0.9687
515.93,-2.06723527e-13,1.569807e-13,6.872843e-18,-1.3078427230e-13,0.0000e+00,0.9687
516.50,-2.06501483e-13,1.571979e-13,6.471420e-18,-1.3089529460e-13,0.0000e+00,0.9687
517.07,-2.10720330e-13,1.573550e-13,5.835809e-18,-1.3122836151e-13,0.0000e+00,0.9687
517.64,-2.17048601e-13,1.574700e-13,5.334738e-18,-1.3133938381e-13,0.0000e+00,0.9687
518.22,-2.22044605e-13,1.575368e-13,5.190731e-18,-1.3167245072e-13,0.0000e+00,0.9687
518.79,-2.20934382e-13,1.575933e-13,5.101105e-18,-1.3178347302e-13,0.0000e+00,0.9687
519.36,-2.15161222e-13,1.575986e-13,5.393623e-18,-1.3178347302e-13,0.0000e+00,0.9687
519.93,-2.09610107e-13,1.576158e-13,5.601310e-18,-1.3178347302e-13,0.0000e+00,0.9687
520.50,-2.06723527e-13,1.576790e-13,5.360550e-18,-1.3178347302e-13,0.0000e+00,0.9687
521.08,-2.07833750e-13,1.578032e-13,5.627884e-18,-1.3178347302e-13,0.0000e+00,0.9687
521.65,-2.09721129e-13,1.579277e-13,6.284638e-18,-1.3178347302e-13,0.0000e+00,0.9687
522.22,-2.10609308e-13,1.581078e-13,6.554870e-18,-1.3222756223e-13,0.0000e+00,0.9687
522.79,-2.10942375e-13,1.583082e-13,6.646586e-18,-1.3233858454e-13,0.0000e+00,0.9687
523.36,-2.14273044e-13,1.585065e-13,7.064543e-18,-1.3233858454e-13,0.0000e+00,0.9687
523.94,-2.20934382e-13,1.587535e-13,7.458783e-18,-1.3256062914e-13,0.0000e+00,0.9687
524.51,-2.26041408e-13,1.589632e-13,7.837809e-18,-1.3278267375e-13,0.0000e+00,0.9687
525.08,-2.28150832e-13,1.592028e-13,8.470901e-18,-1.3300471835e-13,0.0000e+00,0.9687
525.65,-2.28039809e-13,1.594050e-13,9.301026e-18,-1.3322676296e-13,0.0000e+00,0.9687
526.22,-2.26818564e-13,1.595909e-13,9.076561e-18,-1.3344880756e-13,0.0000e+00,0.9687
526.79,-2.23598917e-13,1.598522e-13,8.625330e-18,-1.3367085216e-13,0.0000e+00,0.9687
527.37,-2.19602114e-13,1.600767e-13,8.687963e-18,-1.3400391907e-13,0.0000e+00,0.9687
527.94,-2.15161222e-13,1.603988e-13,8.720314e-18,-1.3400391907e-13,0.0000e+00,0.9687
528.51,-2.11386464e-13,1.606891e-13,8.971737e-18,-1.3411494137e-13,0.0000e+00,0.9687
529.08,-2.11608508e-13,1.609902e-13,9.451814e-18,-1.3433698598e-13,0.0000e+00,0.9687
529.65,-2.14828155e-13,1.612753e-13,9.111384e-18,-1.3455903058e-13,0.0000e+00,0.9687
530.23,-2.19380070e-13,1.614920e-13,8.478650e-18,-1.3489209749e-13,0.0000e+00,0.9687
530.80,-2.24487096e-13,1.617160e-13,8.509137e-18,-1.3522516440e-13,0.0000e+00,0.9687
531.37,-2.24820162e-13,1.618477e-13,9.331024e-18,-1.3566925361e-13,0.0000e+00,0.9687
531.94,-2.20379270e-13,1.619902e-13,9.907054e-18,-1.3566925361e-13,0.0000e+00,0.9687
532.51,-2.15161222e-13,1.621504e-13,9.864601e-18,-1.3589129821e-13,0.0000e+00,0.9687
533.09,-2.10054196e-13,1.623150e-13,9.579680e-18,-1.3611334282e-13,0.0000e+00,0.9687
533.66,-2.08388862e-13,1.625086e-13,9.680867e-18,-1.3611334282e-13,0.0000e+00,0.9687
534.23,-2.10387263e-13,1.626714e-13,9.913674e-18,-1.3655743203e-13,0.0000e+00,0.9687
534.80,-2.15494289e-13,1.628338e-13,1.032072e-17,-1.3677947663e-13,0.0000e+00,0.9687
535.37,-2.19935181e-13,1.630059e-13,1.107013e-17,-1.3677947663e-13,0.0000e+00,0.9687
535.95,-2.21600516e-13,1.632659e-13,1.171477e-17,-1.3711254354e-13,0.0000e+00,0.9687
536.52,-2.21378471e-13,1.634751e-13,1.205602e-17,-1.3744561045e-13,0.0000e+00,0.9687
537.09,-2.21045404e-13,1.637375e-13,1.240990e-17,-1.3744561045e-13,0.0000e+00,0.9687
537.66,-2.21378471e-13,1.640021e-13,1.257040e-17,-1.3766765505e-13,0.0000e+00,0.9687
538.23,-2.20046203e-13,1.642587e-13,1.263280e-17,-1.3766765505e-13,0.0000e+00,0.9687
538.81,-2.17381668e-13,1.645035e-13,1.290040e-17,-1.3800072196e-13,0.0000e+00,0.9687
539.38,-2.14939178e-13,1.647958e-13,1.336645e-17,-1.3800072196e-13,0.0000e+00,0.9687
539.95,-2.14939178e-13,1.650764e-13,1.352826e-17,-1.3811174426e-13,0.0000e+00,0.9687
540.52,-2.17381668e-13,1.653905e-13,1.360849e-17,-1.3833378887e-13,0.0000e+00,0.9687
541.09,-2.19935181e-13,1.656294e-13,1.371258e-17,-1.3855583347e-13,0.0000e+00,0.9687
541.67,-2.21711538e-13,1.659513e-13,1.406196e-17,-1.3888890038e-13,0.0000e+00,0.9687
542.24,-2.22266650e-13,1.662556e-13,1.457276e-17,-1.3899992268e-13,0.0000e+00,0.9687
542.81,-2.22932783e-13,1.665620e-13,1.499346e-17,-1.3933298959e-13,0.0000e+00,0.9687
543.38,-2.25597319e-13,1.668314e-13,1.491262e-17,-1.3933298959e-13,0.0000e+00,0.9687
543.95,-2.27040609e-13,1.670796e-13,1.440752e-17,-1.3944401189e-13,0.0000e+00,0.9687
544.53,-2.26152430e-13,1.673586e-13,1.401031e-17,-1.3977707880e-13,0.0000e+00,0.9687
545.10,-2.21378471e-13,1.675034e-13,1.353909e-17,-1.3977707880e-13,0.0000e+00,0.9687
545.67,-2.17492691e-13,1.676143e-13,1.351119e-17,-1.3988810110e-13,0.0000e+00,0.9687
546.24,-2.19380070e-13,1.677348e-13,1.399705e-17,-1.3999912341e-13,0.0000e+00,0.9687
546.81,-2.27484698e-13,1.679103e-13,1.457066e-17,-1.4033219031e-13,0.0000e+00,0.9687
547.39,-2.36366482e-13,1.681440e-13,1.496421e-17,-1.4033219031e-13,0.0000e+00,0.9687
547.96,-2.38697950e-13,1.684095e-13,1.508746e-17,-1.4044321262e-13,0.0000e+00,0.9687
548.53,-2.34479103e-13,1.687688e-13,1.467417e-17,-1.4066525722e-13,0.0000e+00,0.9687
549.10,-2.27373675e-13,1.691129e-13,1.390476e-17,-1.4066525722e-13,0.0000e+00,0.9687
549.67,-2.23154828e-13,1.693934e-13,1.309209e-17,-1.4088730182e-13,0.0000e+00,0.9687
550.25,-2.23265850e-13,1.696788e-13,1.244959e-17,-1.4088730182e-13,0.0000e+00,0.9687
550.82,-2.25264252e-13,1.697092e-13,1.236810e-17,-1.4088730182e-13,0.0000e+00,0.9687
551.39,-2.24820162e-13,1.698889e-13,1.254069e-17,-1.4133139103e-13,0.0000e+00,0.9687
551.96,-2.19935181e-13,1.700355e-13,1.277824e-17,-1.4133139103e-13,0.0000e+00,0.9687
552.53,-2.14495088e-13,1.701496e-13,1.310519e-17,-1.4133139103e-13,0.0000e+00,0.9687
553.11,-2.14495088e-13,1.702389e-13,1.318238e-17,-1.4155343564e-13,0.0000e+00,0.9687
553.68,-2.22044605e-13,1.703736e-13,1.289848e-17,-1.4166445794e-13,0.0000e+00,0.9687
554.25,-2.33257857e-13,1.705265e-13,1.282473e-17,-1.4177548024e-13,0.0000e+00,0.9687
554.82,-2.39586129e-13,1.706861e-13,1.309390e-17,-1.4177548024e-13,0.0000e+00,0.9687
555.39,-2.36366482e-13,1.709253e-13,1.316302e-17,-1.4210854715e-13,0.0000e+00,0.9687
555.97,-2.29261055e-13,1.711900e-13,1.305426e-17,-1.4244161406e-13,0.0000e+00,0.9687
556.54,-2.23487895e-13,1.714427e-13,1.324307e-17,-1.4255263636e-13,0.0000e+00,0.9687
557.11,-2.22266650e-13,1.716226e-13,1.346082e-17,-1.4266365866e-13,0.0000e+00,0.9687
557.68,-2.23265850e-13,1.718299e-13,1.330256e-17,-1.4288570327e-13,0.0000e+00,0.9687
558.25,-2.23487895e-13,1.720314e-13,1.300976e-17,-1.4310774787e-13,0.0000e+00,0.9687
558.83,-2.20268248e-13,1.721523e-13,1.287854e-17,-1.4344081478e-13,0.0000e+00,0.9687
559.40,-2.17825757e-13,1.723699e-13,1.272526e-17,-1.4344081478e-13,0.0000e+00,0.9687
559.97,-2.17825757e-13,1.726450e-13,1.203506e-17,-1.4355183708e-13,0.0000e+00,0.9687
560.54,-2.20268248e-13,1.729430e-13,1.131253e-17,-1.4355183708e-13,0.0000e+00,0.9687
561.11,-2.24931185e-13,1.732041e-13,1.098898e-17,-1.4399592629e-13,0.0000e+00,0.9687
561.69,-2.27040609e-13,1.735324e-13,1.077653e-17,-1.4421797090e-13,0.0000e+00,0.9687
562.26,-2.26374475e-13,1.738404e-13,1.039740e-17,-1.4466206011e-13,0.0000e+00,0.9687
562.83,-2.23931984e-13,1.740833e-13,1.028519e-17,-1.4477308241e-13,0.0000e+00,0.9687
563.40,-2.23931984e-13,1.742497e-13,1.069996e-17,-1.4488410471e-13,0.0000e+00,0.9687
563.97,-2.25264252e-13,1.744737e-13,1.109292e-17,-1.4521717162e-13,0.0000e+00,0.9687
564.55,-2.25486296e-13,1.746734e-13,1.062150e-17,-1.4521717162e-13,0.0000e+00,0.9687
565.12,-2.25597319e-13,1.749175e-13,1.018922e-17,-1.4532819392e-13,0.0000e+00,0.9687
565.69,-2.24598118e-13,1.752390e-13,9.679060e-18,-1.4555023853e-13,0.0000e+00,0.9687
566.26,-2.24820162e-13,1.756084e-13,9.512550e-18,-1.4577228313e-13,0.0000e+00,0.9687
566.83,-2.24931185e-13,1.759042e-13,9.665749e-18,-1.4599432774e-13,0.0000e+00,0.9687
567.41,-2.24931185e-13,1.761568e-13,9.864876e-18,-1.4643841695e-13,0.0000e+00,0.9687
567.98,-2.24265051e-13,1.763241e-13,9.356552e-18,-1.4666046155e-13,0.0000e+00,0.9687
568.55,-2.26041408e-13,1.764052e-13,8.391994e-18,-1.4688250616e-13,0.0000e+00,0.9687
569.12,-2.30926389e-13,1.764595e-13,8.078278e-18,-1.4688250616e-13,0.0000e+00,0.9687
569.69,-2.33257857e-13,1.765974e-13,8.351851e-18,-1.4699352846e-13,0.0000e+00,0.9687
570.27,-2.33479902e-13,1.768427e-13,8.534032e-18,-1.4710455076e-13,0.0000e+00,0.9687
570.84,-2.32924791e-13,1.771039e-13,8.661233e-18,-1.4743761767e-13,0.0000e+00,0.9687
571.41,-2.35256259e-13,1.774024e-13,8.721370e-18,-1.4788170688e-13,0.0000e+00,0.9687
571.98,-2.38142839e-13,1.776729e-13,9.009353e-18,-1.4799272918e-13,0.0000e+00,0.9687
572.55,-2.39253062e-13,1.779257e-13,9.380889e-18,-1.4799272918e-13,0.0000e+00,0.9687
573.13,-2.38475906e-13,1.781925e-13,9.724461e-18,-1.4832579609e-13,0.0000e+00,0.9687
573.70,-2.36033415e-13,1.784274e-13,9.653995e-18,-1.4843681839e-13,0.0000e+00,0.9687
574.27,-2.33257857e-13,1.786262e-13,9.448410e-18,-1.4843681839e-13,0.0000e+00,0.9687
574.84,-2.32813768e-13,1.787906e-13,9.560023e-18,-1.4854784069e-13,0.0000e+00,0.9687
575.41,-2.32813768e-13,1.789469e-13,9.919384e-18,-1.4888090760e-13,0.0000e+00,0.9687
575.99,-2.32813768e-13,1.790980e-13,1.024296e-17,-1.4888090760e-13,0.0000e+00,0.9687
576.56,-2.33812969e-13,1.792227e-13,1.050923e-17,-1.4888090760e-13,0.0000e+00,0.9687
577.13,-2.35145237e-13,1.793185e-13,1.049858e-17,-1.4899192990e-13,0.0000e+00,0.9687
577.70,-2.33812969e-13,1.794623e-13,1.011492e-17,-1.4899192990e-13,0.0000e+00,0.9687
578.27,-2.30704345e-13,1.796507e-13,9.239756e-18,-1.4921397451e-13,0.0000e+00,0.9687
578.85,-2.29705144e-13,1.799283e-13,8.812619e-18,-1.4921397451e-13,0.0000e+00,0.9687
579.42,-2.32036612e-13,1.802382e-13,8.738040e-18,-1.4965806372e-13,0.0000e+00,0.9687
579.99,-2.37365683e-13,1.805576e-13,8.635723e-18,-1.4976908602e-13,0.0000e+00,0.9687
580.56,-2.40918396e-13,1.808224e-13,8.191645e-18,-1.4976908602e-13,0.0000e+00,0.9687
581.13,-2.40585329e-13,1.809686e-13,7.696648e-18,-1.5010215293e-13,0.0000e+00,0.9687
581.71,-2.36477504e-13,1.811338e-13,7.350658e-18,-1.5021317523e-13,0.0000e+00,0.9687
582.28,-2.33479902e-13,1.812518e-13,7.004046e-18,-1.5021317523e-13,0.0000e+00,0.9687
582.85,-2.33257857e-13,1.813393e-13,6.816214e-18,-1.5021317523e-13,0.0000e+00,0.9687
583.42,-2.34257058e-13,1.814907e-13,6.871618e-18,-1.5054624214e-13,0.0000e+00,0.9687
583.99,-2.35811370e-13,1.816554e-13,6.620543e-18,-1.5065726444e-13,0.0000e+00,0.9687
584.57,-2.35589326e-13,1.818633e-13,6.584879e-18,-1.5065726444e-13,0.0000e+00,0.9687
585.14,-2.35478304e-13,1.820611e-13,6.896091e-18,-1.5099033135e-13,0.0000e+00,0.9687
585.71,-2.35478304e-13,1.822635e-13,7.048718e-18,-1.5110135365e-13,0.0000e+00,0.9687
586.28,-2.35811370e-13,1.824076e-13,6.351155e-18,-1.5143442056e-13,0.0000e+00,0.9687
586.85,-2.35811370e-13,1.825260e-13,5.850992e-18,-1.5154544286e-13,0.0000e+00,0.9687
587.42,-2.36144437e-13,1.826387e-13,5.920220e-18,-1.5165646516e-13,0.0000e+00,0.9687
588.00,-2.36699549e-13,1.827895e-13,6.309368e-18,-1.5210055437e-13,0.0000e+00,0.9687
588.57,-2.38364883e-13,1.829656e-13,6.490678e-18,-1.5210055437e-13,0.0000e+00,0.9687
589.14,-2.41029419e-13,1.830644e-13,6.348427e-18,-1.5232259898e-13,0.0000e+00,0.9687
589.71,-2.42805775e-13,1.832094e-13,6.586273e-18,-1.5232259898e-13,0.0000e+00,0.9687
590.28,-2.41695552e-13,1.833412e-13,7.118972e-18,-1.5232259898e-13,0.0000e+00,0.9687
590.86,-2.37809772e-13,1.834546e-13,7.740785e-18,-1.5243362128e-13,0.0000e+00,0.9687
591.43,-2.35145237e-13,1.836198e-13,8.032748e-18,-1.5276668819e-13,0.0000e+00,0.9687
592.00,-2.36477504e-13,1.838363e-13,8.160052e-18,-1.5287771049e-13,0.0000e+00,0.9687
592.57,-2.41251463e-13,1.840474e-13,8.112834e-18,-1.5287771049e-13,0.0000e+00,0.9687
593.14,-2.46358489e-13,1.843096e-13,8.380681e-18,-1.5298873279e-13,0.0000e+00,0.9687
593.72,-2.48023824e-13,1.845340e-13,9.106102e-18,-1.5332179970e-13,0.0000e+00,0.9687
594.29,-2.44249065e-13,1.847767e-13,1.002785e-17,-1.5332179970e-13,0.0000e+00,0.9687
594.86,-2.39586129e-13,1.850046e-13,1.072020e-17,-1.5332179970e-13,0.0000e+00,0.9687
595.43,-2.37809772e-13,1.851949e-13,1.088004e-17,-1.5365486661e-13,0.0000e+00,0.9687
596.00,-2.39586129e-13,1.853019e-13,1.030105e-17,-1.5420997812e-13,0.0000e+00,0.9687
596.58,-2.40696352e-13,1.854665e-13,9.523223e-18,-1.5454304503e-13,0.0000e+00,0.9687
597.15,-2.40030218e-13,1.857026e-13,8.576326e-18,-1.5498713424e-13,0.0000e+00,0.9687
597.72,-2.37809772e-13,1.858486e-13,8.003201e-18,-1.5498713424e-13,0.0000e+00,0.9687
598.29,-2.36477504e-13,1.860491e-13,7.728233e-18,-1.5498713424e-13,0.0000e+00,0.9687
598.86,-2.37476705e-13,1.861696e-13,7.029598e-18,-1.5509815654e-13,0.0000e+00,0.9687
599.44,-2.39919196e-13,1.862951e-13,6.351084e-18,-1.5520917884e-13,0.0000e+00,0.9687
600.01,-2.41917597e-13,1.864763e-13,6.517530e-18,-1.5543122345e-13,0.0000e+00,0.9687
600.58,-2.41251463e-13,1.867064e-13,6.754661e-18,-1.5543122345e-13,0.0000e+00,0.9687
601.15,-2.40585329e-13,1.868174e-13,6.353345e-18,-1.5554224575e-13,0.0000e+00,0.9687
601.72,-2.40585329e-13,1.869424e-13,6.449369e-18,-1.5554224575e-13,0.0000e+00,0.9687
602.30,-2.40585329e-13,1.869932e-13,6.698098e-18,-1.5554224575e-13,0.0000e+00,0.9687
602.87,-2.41584530e-13,1.870113e-13,6.781709e-18,-1.5587531266e-13,0.0000e+00,0.9687
603.44,-2.43249865e-13,1.870457e-13,6.944074e-18,-1.5565326805e-13,0.0000e+00,0.9687
604.01,-2.44138043e-13,1.871794e-13,7.499653e-18,-1.5565326805e-13,0.0000e+00,0.9687
604.58,-2.43804976e-13,1.874119e-13,8.114786e-18,-1.5609735726e-13,0.0000e+00,0.9687
605.16,-2.40918396e-13,1.877093e-13,8.284576e-18,-1.5609735726e-13,0.0000e+00,0.9687
605.73,-2.39697151e-13,1.880393e-13,7.499865e-18,-1.5654144647e-13,0.0000e+00,0.9687
606.30,-2.40696352e-13,1.883153e-13,6.105977e-18,-1.5676349108e-13,0.0000e+00,0.9687
606.87,-2.43471909e-13,1.886605e-13,5.572716e-18,-1.5698553568e-13,0.0000e+00,0.9687
607.44,-2.46136445e-13,1.890184e-13,5.804543e-18,-1.5720758029e-13,0.0000e+00,0.9687
608.02,-2.47135645e-13,1.893667e-13,6.214239e-18,-1.5731860259e-13,0.0000e+00,0.9687
608.59,-2.46136445e-13,1.896855e-13,6.705651e-18,-1.5742962489e-13,0.0000e+00,0.9687
609.16,-2.43471909e-13,1.899551e-13,7.019762e-18,-1.5754064719e-13,0.0000e+00,0.9687
609.73,-2.40918396e-13,1.902041e-13,7.201940e-18,-1.5776269180e-13,0.0000e+00,0.9687
610.30,-2.40585329e-13,1.903792e-13,7.392200e-18,-1.5787371410e-13,0.0000e+00,0.9687
610.88,-2.40918396e-13,1.903970e-13,7.710406e-18,-1.5820678101e-13,0.0000e+00,0.9687
611.45,-2.41695552e-13,1.904109e-13,8.466779e-18,-1.5820678101e-13,0.0000e+00,0.9687
612.02,-2.41251463e-13,1.904883e-13,9.109563e-18,-1.5831780331e-13,0.0000e+00,0.9687
612.59,-2.42583731e-13,1.906394e-13,9.573967e-18,-1.5876189252e-13,0.0000e+00,0.9687
613.16,-2.45692355e-13,1.909808e-13,9.578524e-18,-1.5887291482e-13,0.0000e+00,0.9687
613.74,-2.46136445e-13,1.913743e-13,9.905494e-18,-1.5920598173e-13,0.0000e+00,0.9687
614.31,-2.47024623e-13,1.918252e-13,1.001983e-17,-1.5931700403e-13,0.0000e+00,0.9687
614.88,-2.48912002e-13,1.922519e-13,9.949255e-18,-1.5931700403e-13,0.0000e+00,0.9687
615.45,-2.53130850e-13,1.925198e-13,9.818147e-18,-1.5953904864e-13,0.0000e+00,0.9687
616.02,-2.55462318e-13,1.926878e-13,9.917937e-18,-1.5965007094e-13,0.0000e+00,0.9687
616.60,-2.54130050e-13,1.925044e-13,1.000387e-17,-1.5998313785e-13,0.0000e+00,0.9687
617.17,-2.48912002e-13,1.923002e-13,1.104087e-17,-1.5998313785e-13,0.0000e+00,0.9687
617.74,-2.44471110e-13,1.923741e-13,1.181319e-17,-1.6009416015e-13,0.0000e+00,0.9687
618.31,-2.42472709e-13,1.925774e-13,1.198147e-17,-1.6042722706e-13,0.0000e+00,0.9687
618.88,-2.43138842e-13,1.927969e-13,1.147114e-17,-1.6053824936e-13,0.0000e+00,0.9687
619.46,-2.43138842e-13,1.930292e-13,1.061231e-17,-1.6064927166e-13,0.0000e+00,0.9687
620.03,-2.42916798e-13,1.933197e-13,1.073180e-17,-1.6087131627e-13,0.0000e+00,0.9687
620.60,-2.44804177e-13,1.937051e-13,1.070878e-17,-1.6109336087e-13,0.0000e+00,0.9687
621.17,-2.50244270e-13,1.939458e-13,1.011937e-17,-1.6153745008e-13,0.0000e+00,0.9687
621.74,-2.55462318e-13,1.941404e-13,1.037790e-17,-1.6153745008e-13,0.0000e+00,0.9687
622.32,-2.57349697e-13,1.942744e-13,1.116692e-17,-1.6175949469e-13,0.0000e+00,0.9687
622.89,-2.55684363e-13,1.945172e-13,1.154940e-17,-1.6187051699e-13,0.0000e+00,0.9687
623.46,-2.52575738e-13,1.947948e-13,1.084508e-17,-1.6187051699e-13,0.0000e+00,0.9687
624.03,-2.49578136e-13,1.951165e-13,1.035061e-17,-1.6198153929e-13,0.0000e+00,0.9687
624.60,-2.49689158e-13,1.954060e-13,1.034497e-17,-1.6231460620e-13,0.0000e+00,0.9687
625.18,-2.49689158e-13,1.956802e-13,1.051667e-17,-1.6231460620e-13,0.0000e+00,0.9687
625.75,-2.49689158e-13,1.959515e-13,1.047081e-17,-1.6264767311e-13,0.0000e+00,0.9687
626.32,-2.49689158e-13,1.962221e-13,1.026425e-17,-1.6264767311e-13,0.0000e+00,0.9687
626.89,-2.50022225e-13,1.964896e-13,9.974204e-18,-1.6309176232e-13,0.0000e+00,0.9687
627.46,-2.49911203e-13,1.967268e-13,9.734169e-18,-1.6320278462e-13,0.0000e+00,0.9687
628.04,-2.50910404e-13,1.969079e-13,9.764429e-18,-1.6331380692e-13,0.0000e+00,0.9687
628.61,-2.53241872e-13,1.970367e-13,9.604853e-18,-1.6353585153e-13,0.0000e+00,0.9687
629.18,-2.55240273e-13,1.971295e-13,9.777134e-18,-1.6364687383e-13,0.0000e+00,0.9687
629.75,-2.56683563e-13,1.972673e-13,1.020691e-17,-1.6364687383e-13,0.0000e+00,0.9687
630.32,-2.56350496e-13,1.973736e-13,1.032936e-17,-1.6364687383e-13,0.0000e+00,0.9687
630.90,-2.53241872e-13,1.975028e-13,1.011411e-17,-1.6364687383e-13,0.0000e+00,0.9687
631.47,-2.48912002e-13,1.977302e-13,1.034547e-17,-1.6375789613e-13,0.0000e+00,0.9687
632.04,-2.46802578e-13,1.979846e-13,1.052441e-17,-1.6409096304e-13,0.0000e+00,0.9687
632.61,-2.47468712e-13,1.982811e-13,1.041777e-17,-1.6420198534e-13,0.0000e+00,0.9687
633.18,-2.50244270e-13,1.986210e-13,1.024642e-17,-1.6453505225e-13,0.0000e+00,0.9687
633.76,-2.51576537e-13,1.988666e-13,1.012868e-17,-1.6453505225e-13,0.0000e+00,0.9687
634.33,-2.51576537e-13,1.991125e-13,1.006238e-17,-1.6486811916e-13,0.0000e+00,0.9687
634.90,-2.51909604e-13,1.993146e-13,1.006472e-17,-1.6486811916e-13,0.0000e+00,0.9687
635.47,-2.53241872e-13,1.995068e-13,1.027807e-17,-1.6509016376e-13,0.0000e+00,0.9687
636.04,-2.54574140e-13,1.996696e-13,1.011132e-17,-1.6509016376e-13,0.0000e+00,0.9687
636.62,-2.54241073e-13,1.998080e-13,9.806866e-18,-1.6531220837e-13,0.0000e+00,0.9687
637.19,-2.53241872e-13,2.000072e-13,9.712641e-18,-1.6542323067e-13,0.0000e+00,0.9687
637.76,-2.49911203e-13,2.002273e-13,9.584012e-18,-1.6542323067e-13,0.0000e+00,0.9687
638.33,-2.46469511e-13,2.003775e-13,9.440149e-18,-1.6553425297e-13,0.0000e+00,0.9687
638.90,-2.46469511e-13,2.004947e-13,9.536715e-18,-1.6553425297e-13,0.0000e+00,0.9687
639.48,-2.47801779e-13,2.006255e-13,9.478675e-18,-1.6553425297e-13,0.0000e+00,0.9687
640.05,-2.48467913e-13,2.007407e-13,9.190186e-18,-1.6586731988e-13,0.0000e+00,0.9687
640.62,-2.48467913e-13,2.008656e-13,8.991141e-18,-1.6597834218e-13,0.0000e+00,0.9687
641.19,-2.48467913e-13,2.010838e-13,9.134445e-18,-1.6631140909e-13,0.0000e+00,0.9687
641.76,-2.48467913e-13,2.012639e-13,9.094870e-18,-1.6631140909e-13,0.0000e+00,0.9687
642.34,-2.49245069e-13,2.014262e-13,8.919453e-18,-1.6631140909e-13,0.0000e+00,0.9687
642.91,-2.50910404e-13,2.016217e-13,8.817594e-18,-1.6631140909e-13,0.0000e+00,0.9687
643.48,-2.51243470e-13,2.018606e-13,8.921495e-18,-1.6675549830e-13,0.0000e+00,0.9687
644.05,-2.51243470e-13,2.020554e-13,9.130690e-18,-1.6686652060e-13,0.0000e+00,0.9687
644.62,-2.51243470e-13,2.022454e-13,9.227888e-18,-1.6686652060e-13,0.0000e+00,0.9687
645.20,-2.51909604e-13,2.023798e-13,9.266671e-18,-1.6697754290e-13,0.0000e+00,0.9687
645.77,-2.53574939e-13,2.025123e-13,9.390749e-18,-1.6731060981e-13,0.0000e+00,0.9687
646.34,-2.54574140e-13,2.026295e-13,9.242888e-18,-1.6742163211e-13,0.0000e+00,0.9687
646.91,-2.54574140e-13,2.027911e-13,9.215515e-18,-1.6764367672e-13,0.0000e+00,0.9687
647.48,-2.53574939e-13,2.029851e-13,9.116531e-18,-1.6786572132e-13,0.0000e+00,0.9687
648.06,-2.51576537e-13,2.031413e-13,8.702937e-18,-1.6786572132e-13,0.0000e+00,0.9687
648.63,-2.51576537e-13,2.033024e-13,8.317086e-18,-1.6786572132e-13,0.0000e+00,0.9687
649.20,-2.51576537e-13,2.034290e-13,8.202902e-18,-1.6853185514e-13,0.0000e+00,0.9687
649.77,-2.51576537e-13,2.035966e-13,8.081295e-18,-1.6853185514e-13,0.0000e+00,0.9687
650.34,-2.52575738e-13,2.038165e-13,8.055900e-18,-1.6853185514e-13,0.0000e+00,0.9687
650.91,-2.53574939e-13,2.040915e-13,7.895076e-18,-1.6864287744e-13,0.0000e+00,0.9687
651.49,-2.53574939e-13,2.043467e-13,7.386097e-18,-1.6853185514e-13,0.0000e+00,0.9687
652.06,-2.53574939e-13,2.046041e-13,7.196211e-18,-1.6864287744e-13,0.0000e+00,0.9687
652.63,-2.53574939e-13,2.048087e-13,7.449691e-18,-1.6875389974e-13,0.0000e+00,0.9687
653.20,-2.53574939e-13,2.050121e-13,7.428239e-18,-1.6897594435e-13,0.0000e+00,0.9687
653.77,-2.53574939e-13,2.051067e-13,7.006795e-18,-1.6908696665e-13,0.0000e+00,0.9687
654.35,-2.53574939e-13,2.051805e-13,6.775417e-18,-1.6919798895e-13,0.0000e+00,0.9687
654.92,-2.54907206e-13,2.053089e-13,6.450741e-18,-1.6919798895e-13,0.0000e+00,0.9687
655.49,-2.56683563e-13,2.053832e-13,6.178287e-18,-1.6919798895e-13,0.0000e+00,0.9687
656.06,-2.57016630e-13,2.055099e-13,6.193322e-18,-1.6953105586e-13,0.0000e+00,0.9687
656.63,-2.56350496e-13,2.055881e-13,6.295851e-18,-1.6953105586e-13,0.0000e+00,0.9687
657.21,-2.53574939e-13,2.057100e-13,5.901099e-18,-1.6953105586e-13,0.0000e+00,0.9687
657.78,-2.53574939e-13,2.058196e-13,5.497431e-18,-1.6953105586e-13,0.0000e+00,0.9687
658.35,-2.53574939e-13,2.058989e-13,4.847487e-18,-1.6964207816e-13,0.0000e+00,0.9687
658.92,-2.54574140e-13,2.060242e-13,4.392629e-18,-1.6964207816e-13,0.0000e+00,0.9687
659.49,-2.54463117e-13,2.061154e-13,4.234689e-18,-1.6986412277e-13,0.0000e+00,0.9687
660.07,-2.53796983e-13,2.062714e-13,4.233900e-18,-1.6986412277e-13,0.0000e+00,0.9687
660.64,-2.53574939e-13,2.064112e-13,4.277568e-18,-1.6997514507e-13,0.0000e+00,0.9687
661.21,-2.53908006e-13,2.066219e-13,4.568373e-18,-1.7030821198e-13,0.0000e+00,0.9687
661.78,-2.56461519e-13,2.068586e-13,4.671930e-18,-1.7041923428e-13,0.0000e+00,0.9687
662.35,-2.59348099e-13,2.071103e-13,4.680767e-18,-1.7053025658e-13,0.0000e+00,0.9687
662.93,-2.59570143e-13,2.073377e-13,4.343634e-18,-1.7053025658e-13,0.0000e+00,0.9687
663.50,-2.58904009e-13,2.075432e-13,4.091290e-18,-1.7086332349e-13,0.0000e+00,0.9687
664.07,-2.58904009e-13,2.077136e-13,4.088029e-18,-1.7086332349e-13,0.0000e+00,0.9687
664.64,-2.58904009e-13,2.078449e-13,4.375301e-18,-1.7097434579e-13,0.0000e+00,0.9687
665.21,-2.60236277e-13,2.079328e-13,4.498602e-18,-1.7097434579e-13,0.0000e+00,0.9687
665.79,-2.60236277e-13,2.079902e-13,5.283676e-18,-1.7097434579e-13,0.0000e+00,0.9687
666.36,-2.60236277e-13,2.081011e-13,5.848625e-18,-1.7097434579e-13,0.0000e+00,0.9687
666.93,-2.60236277e-13,2.080983e-13,6.011150e-18,-1.7097434579e-13,0.0000e+00,0.9687
667.50,-2.60236277e-13,2.081972e-13,6.056007e-18,-1.7119639040e-13,0.0000e+00,0.9687
668.07,-2.60569344e-13,2.082441e-13,6.284967e-18,-1.7119639040e-13,0.0000e+00,0.9687
668.65,-2.60236277e-13,2.082362e-13,6.598860e-18,-1.7119639040e-13,0.0000e+00,0.9687
669.22,-2.61235478e-13,2.081791e-13,6.910037e-18,-1.7141843500e-13,0.0000e+00,0.9687
669.79,-2.65787392e-13,2.081554e-13,7.126892e-18,-1.7164047961e-13,0.0000e+00,0.9687
670.36,-2.70894418e-13,2.081787e-13,7.388287e-18,-1.7175150191e-13,0.0000e+00,0.9687
670.93,-2.72115663e-13,2.082803e-13,7.773632e-18,-1.7175150191e-13,0.0000e+00,0.9687
671.51,-2.69673173e-13,2.083916e-13,8.183225e-18,-1.7208456882e-13,0.0000e+00,0.9687
672.08,-2.64233080e-13,2.084700e-13,8.382853e-18,-1.7208456882e-13,0.0000e+00,0.9687
672.65,-2.61901612e-13,2.086225e-13,8.538922e-18,-1.7219559112e-13,0.0000e+00,0.9687
673.22,-2.62900812e-13,2.087422e-13,8.658293e-18,-1.7219559112e-13,0.0000e+00,0.9687
673.79,-2.64455124e-13,2.088623e-13,8.600465e-18,-1.7219559112e-13,0.0000e+00,0.9687
674.37,-2.65454325e-13,2.090010e-13,8.496798e-18,-1.7219559112e-13,0.0000e+00,0.9687
674.94,-2.64566147e-13,2.091646e-13,8.573792e-18,-1.7219559112e-13,0.0000e+00,0.9687
675.51,-2.63455924e-13,2.092907e-13,8.641158e-18,-1.7230661342e-13,0.0000e+00,0.9687
676.08,-2.63566946e-13,2.093850e-13,8.540867e-18,-1.7263968033e-13,0.0000e+00,0.9687
676.65,-2.65454325e-13,2.094822e-13,8.191566e-18,-1.7275070263e-13,0.0000e+00,0.9687
677.23,-2.66786593e-13,2.096417e-13,7.933831e-18,-1.7275070263e-13,0.0000e+00,0.9687
677.80,-2.67119660e-13,2.097776e-13,7.683058e-18,-1.7319479184e-13,0.0000e+00,0.9687
678.37,-2.66786593e-13,2.099808e-13,8.076330e-18,-1.7341683645e-13,0.0000e+00,0.9687
678.94,-2.66786593e-13,2.101793e-13,8.732579e-18,-1.7319479184e-13,0.0000e+00,0.9687
679.51,-2.67008637e-13,2.103746e-13,8.668974e-18,-1.7363888105e-13,0.0000e+00,0.9687
680.09,-2.68673972e-13,2.105948e-13,8.156225e-18,-1.7386092566e-13,0.0000e+00,0.9687
680.66,-2.70006240e-13,2.107639e-13,7.518328e-18,-1.7386092566e-13,0.0000e+00,0.9687
681.23,-2.70672373e-13,2.108986e-13,7.309713e-18,-1.7386092566e-13,0.0000e+00,0.9687
681.80,-2.70672373e-13,2.110309e-13,7.745310e-18,-1.7397194796e-13,0.0000e+00,0.9687
682.37,-2.70672373e-13,2.111660e-13,7.891297e-18,-1.7430501487e-13,0.0000e+00,0.9687
682.95,-2.70672373e-13,2.112963e-13,7.913951e-18,-1.7441603717e-13,0.0000e+00,0.9687
683.52,-2.70561351e-13,2.114358e-13,7.790256e-18,-1.7441603717e-13,0.0000e+00,0.9687
684.09,-2.69562150e-13,2.115647e-13,7.405625e-18,-1.7474910408e-13,0.0000e+00,0.9687
684.66,-2.66453526e-13,2.117281e-13,7.437583e-18,-1.7497114868e-13,0.0000e+00,0.9687
685.23,-2.65454325e-13,2.118820e-13,7.292297e-18,-1.7497114868e-13,0.0000e+00,0.9687
685.81,-2.67341704e-13,2.120380e-13,6.924440e-18,-1.7519319329e-13,0.0000e+00,0.9687
686.38,-2.72781797e-13,2.121383e-13,6.472935e-18,-1.7530421559e-13,0.0000e+00,0.9687
686.95,-2.78554957e-13,2.123003e-13,6.676753e-18,-1.7541523789e-13,0.0000e+00,0.9687
687.52,-2.80331314e-13,2.124350e-13,6.898279e-18,-1.7541523789e-13,0.0000e+00,0.9687
688.09,-2.77000645e-13,2.126006e-13,6.577615e-18,-1.7574830480e-13,0.0000e+00,0.9687
688.67,-2.73114864e-13,2.127785e-13,6.314256e-18,-1.7597034940e-13,0.0000e+00,0.9687
689.24,-2.72226686e-13,2.129431e-13,6.359272e-18,-1.7619239401e-13,0.0000e+00,0.9687
689.81,-2.73114864e-13,2.131493e-13,6.399423e-18,-1.7619239401e-13,0.0000e+00,0.9687
690.38,-2.74780199e-13,2.134229e-13,6.641142e-18,-1.7641443861e-13,0.0000e+00,0.9687
690.95,-2.75446332e-13,2.137065e-13,6.590203e-18,-1.7663648322e-13,0.0000e+00,0.9687
691.53,-2.72781797e-13,2.139691e-13,6.383641e-18,-1.7663648322e-13,0.0000e+00,0.9687
692.10,-2.70006240e-13,2.142320e-13,6.440245e-18,-1.7641443861e-13,0.0000e+00,0.9687
692.67,-2.69895217e-13,2.144357e-13,6.832348e-18,-1.7641443861e-13,0.0000e+00,0.9687
693.24,-2.73225886e-13,2.146144e-13,6.761948e-18,-1.7685852782e-13,0.0000e+00,0.9687
693.81,-2.78554957e-13,2.147494e-13,6.680448e-18,-1.7674750552e-13,0.0000e+00,0.9687
694.39,-2.80220291e-13,2.148963e-13,6.854011e-18,-1.7708057243e-13,0.0000e+00,0.9687
694.96,-2.77999845e-13,2.150554e-13,7.339411e-18,-1.7708057243e-13,0.0000e+00,0.9687
695.53,-2.74447132e-13,2.152227e-13,7.532540e-18,-1.7708057243e-13,0.0000e+00,0.9687
696.10,-2.73447931e-13,2.153472e-13,7.499182e-18,-1.7719159473e-13,0.0000e+00,0.9687
696.67,-2.75002243e-13,2.154804e-13,7.911133e-18,-1.7730261703e-13,0.0000e+00,0.9687
697.25,-2.76334511e-13,2.156474e-13,8.229110e-18,-1.7763568394e-13,0.0000e+00,0.9687
697.82,-2.76001444e-13,2.158240e-13,8.084661e-18,-1.7774670624e-13,0.0000e+00,0.9687
698.39,-2.75446332e-13,2.160038e-13,7.859208e-18,-1.7819079545e-13,0.0000e+00,0.9687
698.96,-2.75002243e-13,2.161621e-13,7.454571e-18,-1.7841284006e-13,0.0000e+00,0.9687
699.53,-2.77111667e-13,2.164307e-13,7.385425e-18,-1.7852386236e-13,0.0000e+00,0.9687
700.11,-2.82884827e-13,2.167023e-13,7.345049e-18,-1.7885692927e-13,0.0000e+00,0.9687
700.68,-2.87658786e-13,2.169262e-13,7.771704e-18,-1.7930101848e-13,0.0000e+00,0.9687
701.25,-2.87658786e-13,2.171194e-13,8.571846e-18,-1.7952306308e-13,0.0000e+00,0.9687
701.82,-2.80997448e-13,2.172764e-13,8.768780e-18,-1.7952306308e-13,0.0000e+00,0.9687
702.39,-2.72115663e-13,2.173635e-13,8.325627e-18,-1.7985612999e-13,0.0000e+00,0.9687
702.97,-2.67785794e-13,2.170817e-13,8.371941e-18,-1.7996715229e-13,0.0000e+00,0.9687
703.54,-2.70672373e-13,2.171545e-13,8.642106e-18,-1.8030021920e-13,0.0000e+00,0.9687
704.11,-2.79554158e-13,2.173316e-13,9.027697e-18,-1.8074430841e-13,0.0000e+00,0.9687
704.68,-2.88657986e-13,2.175311e-13,8.767133e-18,-1.8074430841e-13,0.0000e+00,0.9687
705.25,-2.94986258e-13,2.178078e-13,8.641718e-18,-1.8085533071e-13,0.0000e+00,0.9687
705.83,-2.97983860e-13,2.180908e-13,8.760138e-18,-1.8085533071e-13,0.0000e+00,0.9687
706.40,-2.95763414e-13,2.184074e-13,9.408951e-18,-1.8152146453e-13,0.0000e+00,0.9687
706.97,-2.90656388e-13,2.187681e-13,1.056065e-17,-1.8152146453e-13,0.0000e+00,0.9687
707.54,-2.86659585e-13,2.191160e-13,1.105895e-17,-1.8196555374e-13,0.0000e+00,0.9687
708.11,-2.82884827e-13,2.193966e-13,1.118354e-17,-1.8196555374e-13,0.0000e+00,0.9687
708.69,-2.80553358e-13,2.195515e-13,1.139948e-17,-1.8218759834e-13,0.0000e+00,0.9687
709.26,-2.79221091e-13,2.196693e-13,1.167483e-17,-1.8240964295e-13,0.0000e+00,0.9687
709.83,-2.79554158e-13,2.197447e-13,1.214344e-17,-1.8252066525e-13,0.0000e+00,0.9687
710.40,-2.80664381e-13,2.198015e-13,1.251290e-17,-1.8252066525e-13,0.0000e+00,0.9687
710.97,-2.83106871e-13,2.198391e-13,1.252839e-17,-1.8285373216e-13,0.0000e+00,0.9687
711.54,-2.87769808e-13,2.199166e-13,1.267972e-17,-1.8285373216e-13,0.0000e+00,0.9687
712.12,-2.91877633e-13,2.200213e-13,1.309755e-17,-1.8307577676e-13,0.0000e+00,0.9687
712.69,-2.91877633e-13,2.201940e-13,1.411571e-17,-1.8307577676e-13,0.0000e+00,0.9687
713.26,-2.89213098e-13,2.204162e-13,1.506506e-17,-1.8307577676e-13,0.0000e+00,0.9687
713.83,-2.85438340e-13,2.207920e-13,1.574924e-17,-1.8340884367e-13,0.0000e+00,0.9687
714.40,-2.80886425e-13,2.211417e-13,1.570837e-17,-1.8340884367e-13,0.0000e+00,0.9687
714.98,-2.78332912e-13,2.214805e-13,1.522025e-17,-1.8351986597e-13,0.0000e+00,0.9687
715.55,-2.77666778e-13,2.217923e-13,1.474535e-17,-1.8374191058e-13,0.0000e+00,0.9687
716.12,-2.79332113e-13,2.220261e-13,1.477347e-17,-1.8418599979e-13,0.0000e+00,0.9687
716.69,-2.83106871e-13,2.222697e-13,1.527012e-17,-1.8418599979e-13,0.0000e+00,0.9687
717.26,-2.84772206e-13,2.224649e-13,1.595164e-17,-1.8418599979e-13,0.0000e+00,0.9687
717.84,-2.84217094e-13,2.226907e-13,1.655575e-17,-1.8440804439e-13,0.0000e+00,0.9687
718.41,-2.83884027e-13,2.229409e-13,1.677219e-17,-1.8440804439e-13,0.0000e+00,0.9687
718.98,-2.84994250e-13,2.231440e-13,1.680824e-17,-1.8474111130e-13,0.0000e+00,0.9687
719.55,-2.87325719e-13,2.233281e-13,1.679908e-17,-1.8518520051e-13,0.0000e+00,0.9687
720.12,-2.88657986e-13,2.235539e-13,1.655453e-17,-1.8518520051e-13,0.0000e+00,0.9687
720.70,-2.86437540e-13,2.237337e-13,1.640755e-17,-1.8529622281e-13,0.0000e+00,0.9687
721.27,-2.80997448e-13,2.239496e-13,1.674278e-17,-1.8585133432e-13,0.0000e+00,0.9687
721.84,-2.76334511e-13,2.241878e-13,1.712287e-17,-1.8585133432e-13,0.0000e+00,0.9687
722.41,-2.77333712e-13,2.244206e-13,1.706464e-17,-1.8585133432e-13,0.0000e+00,0.9687
722.98,-2.82218693e-13,2.247938e-13,1.701248e-17,-1.8618440123e-13,0.0000e+00,0.9687
723.56,-2.87769808e-13,2.251593e-13,1.678996e-17,-1.8662849044e-13,0.0000e+00,0.9687
724.13,-2.88880031e-13,2.255685e-13,1.665309e-17,-1.8662849044e-13,0.0000e+00,0.9687
724.70,-2.86326518e-13,2.259440e-13,1.714965e-17,-1.8696155735e-13,0.0000e+00,0.9687
725.27,-2.83884027e-13,2.262699e-13,1.803412e-17,-1.8707257965e-13,0.0000e+00,0.9687
725.84,-2.83884027e-13,2.265893e-13,1.822010e-17,-1.8718360195e-13,0.0000e+00,0.9687
726.42,-2.86326518e-13,2.268692e-13,1.786810e-17,-1.8740564656e-13,0.0000e+00,0.9687
726.99,-2.87991853e-13,2.270426e-13,1.745293e-17,-1.8740564656e-13,0.0000e+00,0.9687
727.56,-2.87325719e-13,2.272019e-13,1.717674e-17,-1.8751666886e-13,0.0000e+00,0.9687
728.13,-2.82551760e-13,2.274194e-13,1.718256e-17,-1.8784973577e-13,0.0000e+00,0.9687
728.70,-2.77777801e-13,2.276733e-13,1.725049e-17,-1.8829382498e-13,0.0000e+00,0.9687
729.28,-2.77444734e-13,2.279419e-13,1.686348e-17,-1.8840484728e-13,0.0000e+00,0.9687
729.85,-2.80886425e-13,2.282084e-13,1.637476e-17,-1.8873791419e-13,0.0000e+00,0.9687
730.42,-2.86326518e-13,2.285492e-13,1.620768e-17,-1.8884893649e-13,0.0000e+00,0.9687
730.99,-2.89657187e-13,2.288758e-13,1.584692e-17,-1.8895995879e-13,0.0000e+00,0.9687
731.56,-2.88991053e-13,2.291733e-13,1.532861e-17,-1.8918200340e-13,0.0000e+00,0.9687
732.14,-2.85993451e-13,2.294335e-13,1.489482e-17,-1.8918200340e-13,0.0000e+00,0.9687
732.71,-2.83217894e-13,2.296600e-13,1.456869e-17,-1.8940404800e-13,0.0000e+00,0.9687
733.28,-2.82884827e-13,2.298072e-13,1.445494e-17,-1.8962609261e-13,0.0000e+00,0.9687
733.85,-2.82884827e-13,2.298905e-13,1.480878e-17,-1.8962609261e-13,0.0000e+00,0.9687
734.42,-2.82440737e-13,2.300493e-13,1.504913e-17,-1.8984813721e-13,0.0000e+00,0.9687
735.00,-2.82107671e-13,2.302711e-13,1.477590e-17,-1.8984813721e-13,0.0000e+00,0.9687
735.57,-2.86104473e-13,2.305140e-13,1.403110e-17,-1.9007018182e-13,0.0000e+00,0.9687
736.14,-2.93542968e-13,2.308223e-13,1.321509e-17,-1.9029222642e-13,0.0000e+00,0.9687
736.71,-2.99538172e-13,2.311232e-13,1.224336e-17,-1.9029222642e-13,0.0000e+00,0.9687
737.28,-2.99649194e-13,2.314139e-13,1.128101e-17,-1.9062529333e-13,0.0000e+00,0.9687
737.86,-2.95097280e-13,2.316832e-13,1.050646e-17,-1.9106938254e-13,0.0000e+00,0.9687
738.43,-2.90545366e-13,2.319205e-13,1.010327e-17,-1.9106938254e-13,0.0000e+00,0.9687
739.00,-2.90878432e-13,2.320492e-13,1.016002e-17,-1.9118040484e-13,0.0000e+00,0.9687
739.57,-2.91766611e-13,2.322234e-13,1.010251e-17,-1.9118040484e-13,0.0000e+00,0.9687
740.14,-2.88880031e-13,2.323172e-13,9.932951e-18,-1.9140244945e-13,0.0000e+00,0.9687
740.72,-2.83439938e-13,2.324429e-13,9.665963e-18,-1.9151347175e-13,0.0000e+00,0.9687
741.29,-2.79554158e-13,2.325263e-13,9.325138e-18,-1.9162449405e-13,0.0000e+00,0.9687
741.86,-2.80553358e-13,2.326158e-13,8.668032e-18,-1.9184653866e-13,0.0000e+00,0.9687
742.43,-2.84217094e-13,2.327676e-13,8.176107e-18,-1.9184653866e-13,0.0000e+00,0.9687
743.00,-2.87991853e-13,2.329564e-13,7.618123e-18,-1.9195756096e-13,0.0000e+00,0.9687
743.58,-2.87991853e-13,2.331850e-13,7.262421e-18,-1.9206858326e-13,0.0000e+00,0.9687
744.15,-2.84550161e-13,2.334373e-13,7.134650e-18,-1.9229062787e-13,0.0000e+00,0.9687
744.72,-2.83106871e-13,2.336677e-13,6.627474e-18,-1.9229062787e-13,0.0000e+00,0.9687
745.29,-2.86326518e-13,2.338852e-13,6.096909e-18,-1.9229062787e-13,0.0000e+00,0.9687
745.86,-2.89657187e-13,2.340485e-13,5.820183e-18,-1.9251267247e-13,0.0000e+00,0.9687
746.44,-2.91433544e-13,2.342076e-13,5.280746e-18,-1.9273471707e-13,0.0000e+00,0.9687
747.01,-2.89324120e-13,2.343917e-13,5.138970e-18,-1.9273471707e-13,0.0000e+00,0.9687
747.58,-2.86326518e-13,2.346324e-13,5.255573e-18,-1.9273471707e-13,0.0000e+00,0.9687
748.15,-2.85327317e-13,2.347879e-13,5.416795e-18,-1.9295676168e-13,0.0000e+00,0.9687
748.72,-2.88991053e-13,2.349305e-13,5.343146e-18,-1.9317880628e-13,0.0000e+00,0.9687
749.30,-2.93431945e-13,2.351294e-13,5.180876e-18,-1.9328982859e-13,0.0000e+00,0.9687
749.87,-2.94431146e-13,2.352673e-13,5.274353e-18,-1.9328982859e-13,0.0000e+00,0.9687
750.44,-2.93876035e-13,2.354353e-13,5.746391e-18,-1.9328982859e-13,0.0000e+00,0.9687
751.01,-2.91211499e-13,2.355493e-13,6.040990e-18,-1.9328982859e-13,0.0000e+00,0.9687
751.58,-2.88991053e-13,2.356148e-13,6.117246e-18,-1.9340085089e-13,0.0000e+00,0.9687
752.16,-2.88991053e-13,2.356468e-13,6.657114e-18,-1.9351187319e-13,0.0000e+00,0.9687
752.73,-2.92876834e-13,2.356766e-13,6.975176e-18,-1.9373391780e-13,0.0000e+00,0.9687
753.30,-2.95430347e-13,2.357232e-13,7.229449e-18,-1.9373391780e-13,0.0000e+00,0.9687
753.87,-2.94209102e-13,2.357485e-13,7.198337e-18,-1.9373391780e-13,0.0000e+00,0.9687
754.44,-2.90545366e-13,2.358303e-13,7.094543e-18,-1.9384494010e-13,0.0000e+00,0.9687
755.02,-2.89546165e-13,2.359522e-13,7.244492e-18,-1.9384494010e-13,0.0000e+00,0.9687
755.59,-2.90545366e-13,2.360643e-13,7.516812e-18,-1.9428902931e-13,0.0000e+00,0.9687
756.16,-2.92210700e-13,2.361978e-13,7.450266e-18,-1.9428902931e-13,0.0000e+00,0.9687
756.73,-2.91766611e-13,2.363303e-13,7.615674e-18,-1.9428902931e-13,0.0000e+00,0.9687
757.30,-2.88324919e-13,2.364310e-13,8.133250e-18,-1.9462209622e-13,0.0000e+00,0.9687
757.88,-2.84772206e-13,2.365604e-13,8.724224e-18,-1.9440005161e-13,0.0000e+00,0.9687
758.45,-2.85438340e-13,2.367118e-13,9.089893e-18,-1.9484414082e-13,0.0000e+00,0.9687
759.02,-2.90656388e-13,2.368216e-13,9.066854e-18,-1.9462209622e-13,0.0000e+00,0.9687
759.59,-2.96651592e-13,2.368619e-13,8.986828e-18,-1.9473311852e-13,0.0000e+00,0.9687
760.16,-2.99649194e-13,2.369286e-13,9.114537e-18,-1.9506618543e-13,0.0000e+00,0.9687
760.74,-2.99205105e-13,2.369529e-13,9.284716e-18,-1.9506618543e-13,0.0000e+00,0.9687
761.31,-2.98872038e-13,2.369953e-13,9.445914e-18,-1.9506618543e-13,0.0000e+00,0.9687
761.88,-2.96762614e-13,2.370241e-13,9.613208e-18,-1.9517720773e-13,0.0000e+00,0.9687
762.45,-2.96762614e-13,2.370695e-13,9.850011e-18,-1.9517720773e-13,0.0000e+00,0.9687
763.02,-2.96762614e-13,2.371348e-13,1.003671e-17,-1.9517720773e-13,0.0000e+00,0.9687
763.60,-2.96762614e-13,2.371969e-13,1.022920e-17,-1.9517720773e-13,0.0000e+00,0.9687
764.17,-2.95430347e-13,2.372667e-13,1.047206e-17,-1.9528823003e-13,0.0000e+00,0.9687
764.74,-2.93098879e-13,2.373505e-13,1.049029e-17,-1.9551027464e-13,0.0000e+00,0.9687
765.31,-2.92765812e-13,2.374566e-13,1.051868e-17,-1.9551027464e-13,0.0000e+00,0.9687
765.88,-2.92876834e-13,2.375798e-13,1.055912e-17,-1.9595436385e-13,0.0000e+00,0.9687
766.46,-2.94653191e-13,2.377296e-13,1.062892e-17,-1.9595436385e-13,0.0000e+00,0.9687
767.03,-2.98983061e-13,2.378337e-13,1.043467e-17,-1.9595436385e-13,0.0000e+00,0.9687
767.60,-3.03423953e-13,2.379857e-13,1.081120e-17,-1.9606538615e-13,0.0000e+00,0.9687
768.17,-3.07642800e-13,2.381820e-13,1.140522e-17,-1.9639845306e-13,0.0000e+00,0.9687
768.74,-3.07642800e-13,2.384682e-13,1.155805e-17,-1.9650947536e-13,0.0000e+00,0.9687
769.32,-3.04201109e-13,2.387419e-13,1.082841e-17,-1.9650947536e-13,0.0000e+00,0.9687
769.89,-2.99205105e-13,2.389779e-13,9.932678e-18,-1.9684254227e-13,0.0000e+00,0.9687
770.46,-2.95985458e-13,2.392019e-13,9.471139e-18,-1.9695356457e-13,0.0000e+00,0.9687
771.03,-2.95763414e-13,2.393913e-13,9.375227e-18,-1.9728663148e-13,0.0000e+00,0.9687
771.60,-2.96651592e-13,2.395748e-13,9.651658e-18,-1.9728663148e-13,0.0000e+00,0.9687
772.18,-2.97761815e-13,2.397928e-13,1.014773e-17,-1.9750867608e-13,0.0000e+00,0.9687
772.75,-2.97650793e-13,2.399883e-13,9.508755e-18,-1.9750867608e-13,0.0000e+00,0.9687
773.32,-2.94431146e-13,2.400939e-13,8.224965e-18,-1.9795276529e-13,0.0000e+00,0.9687
773.89,-2.91877633e-13,2.402236e-13,7.780761e-18,-1.9795276529e-13,0.0000e+00,0.9687
774.46,-2.92210700e-13,2.398688e-13,7.895411e-18,-1.9817480990e-13,0.0000e+00,0.9687
775.03,-2.95985458e-13,2.400424e-13,7.861469e-18,-1.9817480990e-13,0.0000e+00,0.9687
775.61,-2.99871239e-13,2.402726e-13,7.828110e-18,-1.9817480990e-13,0.0000e+00,0.9687
776.18,-3.01425551e-13,2.401966e-13,8.053153e-18,-1.9817480990e-13,0.0000e+00,0.9687
776.75,-3.00870440e-13,2.402780e-13,8.101896e-18,-1.9828583220e-13,0.0000e+00,0.9687
777.32,-3.00648395e-13,2.403117e-13,7.408328e-18,-1.9861889911e-13,0.0000e+00,0.9687
777.89,-3.00870440e-13,2.404878e-13,6.987346e-18,-1.9872992141e-13,0.0000e+00,0.9687
778.47,-3.00204306e-13,2.407356e-13,7.063876e-18,-1.9906298832e-13,0.0000e+00,0.9687
779.04,-2.97650793e-13,2.408694e-13,7.056765e-18,-1.9917401062e-13,0.0000e+00,0.9687
779.61,-2.94986258e-13,2.410317e-13,7.060582e-18,-1.9961809983e-13,0.0000e+00,0.9687
780.18,-2.94986258e-13,2.411192e-13,6.804526e-18,-1.9961809983e-13,0.0000e+00,0.9687
780.75,-2.99538172e-13,2.411189e-13,5.660521e-18,-1.9961809983e-13,0.0000e+00,0.9687
781.33,-3.04756220e-13,2.411242e-13,5.122111e-18,-1.9961809983e-13,0.0000e+00,0.9687
781.90,-3.07420756e-13,2.411827e-13,4.785575e-18,-1.9972912213e-13,0.0000e+00,0.9687
782.47,-3.07309733e-13,2.413087e-13,4.989291e-18,-1.9995116673e-13,0.0000e+00,0.9687
783.04,-3.04201109e-13,2.415281e-13,5.227404e-18,-2.0039525594e-13,0.0000e+00,0.9687
783.61,-3.01425551e-13,2.417462e-13,5.408870e-18,-2.0061730055e-13,0.0000e+00,0.9687
784.19,-3.01425551e-13,2.420428e-13,6.379017e-18,-2.0061730055e-13,0.0000e+00,0.9687
784.76,-3.02757819e-13,2.423450e-13,6.885519e-18,-2.0061730055e-13,0.0000e+00,0.9687
785.33,-3.03757020e-13,2.426222e-13,7.145720e-18,-2.0106138976e-13,0.0000e+00,0.9687
785.90,-3.03534975e-13,2.428967e-13,7.401323e-18,-2.0128343436e-13,0.0000e+00,0.9687
786.47,-3.01869640e-13,2.431440e-13,7.497248e-18,-2.0139445667e-13,0.0000e+00,0.9687
787.05,-3.00870440e-13,2.433795e-13,7.425991e-18,-2.0183854588e-13,0.0000e+00,0.9687
787.62,-3.03757020e-13,2.435724e-13,7.594837e-18,-2.0183854588e-13,0.0000e+00,0.9687
788.19,-3.10196313e-13,2.437276e-13,7.844170e-18,-2.0183854588e-13,0.0000e+00,0.9687
788.76,-3.17634807e-13,2.438276e-13,8.402989e-18,-2.0194956818e-13,0.0000e+00,0.9687
789.33,-3.21076499e-13,2.439838e-13,9.117715e-18,-2.0194956818e-13,0.0000e+00,0.9687
789.91,-3.18634008e-13,2.441568e-13,9.286568e-18,-2.0239365739e-13,0.0000e+00,0.9687
790.48,-3.12860848e-13,2.443159e-13,9.273059e-18,-2.0239365739e-13,0.0000e+00,0.9687
791.05,-3.08197912e-13,2.445316e-13,8.758358e-18,-2.0239365739e-13,0.0000e+00,0.9687
791.62,-3.06421555e-13,2.447052e-13,8.775352e-18,-2.0250467969e-13,0.0000e+00,0.9687
792.19,-3.07420756e-13,2.448674e-13,9.219132e-18,-2.0283774660e-13,0.0000e+00,0.9687
792.77,-3.07975867e-13,2.450420e-13,9.676298e-18,-2.0294876890e-13,0.0000e+00,0.9687
793.34,-3.05089287e-13,2.452157e-13,1.001281e-17,-2.0317081351e-13,0.0000e+00,0.9687
793.91,-3.01758618e-13,2.453506e-13,1.043078e-17,-2.0328183581e-13,0.0000e+00,0.9687
794.48,-3.01425551e-13,2.455587e-13,1.094730e-17,-2.0361490272e-13,0.0000e+00,0.9687
795.05,-3.02757819e-13,2.457781e-13,1.153449e-17,-2.0372592502e-13,0.0000e+00,0.9687
795.63,-3.04756220e-13,2.460790e-13,1.227777e-17,-2.0383694732e-13,0.0000e+00,0.9687
796.20,-3.05311332e-13,2.463884e-13,1.283986e-17,-2.0405899193e-13,0.0000e+00,0.9687
796.77,-3.04756220e-13,2.466720e-13,1.291014e-17,-2.0405899193e-13,0.0000e+00,0.9687
797.34,-3.05089287e-13,2.469097e-13,1.243925e-17,-2.0417001423e-13,0.0000e+00,0.9687
797.91,-3.09530179e-13,2.471755e-13,1.225008e-17,-2.0428103653e-13,0.0000e+00,0.9687
798.49,-3.14970272e-13,2.475259e-13,1.258964e-17,-2.0461410344e-13,0.0000e+00,0.9687
799.06,-3.16302540e-13,2.478248e-13,1.323182e-17,-2.0472512574e-13,0.0000e+00,0.9687
799.63,-3.12194715e-13,2.481854e-13,1.391942e-17,-2.0505819265e-13,0.0000e+00,0.9687
800.20,-3.06976666e-13,2.485648e-13,1.443834e-17,-2.0516921495e-13,0.0000e+00,0.9687
800.77,-3.02424752e-13,2.488916e-13,1.484192e-17,-2.0561330416e-13,0.0000e+00,0.9687
801.35,-3.03090886e-13,2.490490e-13,1.504170e-17,-2.0561330416e-13,0.0000e+00,0.9687
801.92,-3.09974268e-13,2.491991e-13,1.478572e-17,-2.0561330416e-13,0.0000e+00,0.9687
802.49,-3.16635607e-13,2.493637e-13,1.479318e-17,-2.0594637107e-13,0.0000e+00,0.9687
803.06,-3.20299343e-13,2.494907e-13,1.498246e-17,-2.0627943798e-13,0.0000e+00,0.9687
803.63,-3.19633209e-13,2.496505e-13,1.555111e-17,-2.0627943798e-13,0.0000e+00,0.9687
804.21,-3.14748227e-13,2.498208e-13,1.571010e-17,-2.0672352719e-13,0.0000e+00,0.9687
804.78,-3.09863246e-13,2.500428e-13,1.517746e-17,-2.0683454949e-13,0.0000e+00,0.9687
805.35,-3.08197912e-13,2.502580e-13,1.492736e-17,-2.0694557179e-13,0.0000e+00,0.9687
805.92,-3.09197112e-13,2.504525e-13,1.519132e-17,-2.0727863870e-13,0.0000e+00,0.9687
806.49,-3.10529380e-13,2.506791e-13,1.588349e-17,-2.0727863870e-13,0.0000e+00,0.9687
807.07,-3.11528581e-13,2.509336e-13,1.649354e-17,-2.0738966100e-13,0.0000e+00,0.9687
807.64,-3.11084491e-13,2.512190e-13,1.676430e-17,-2.0738966100e-13,0.0000e+00,0.9687
808.21,-3.11084491e-13,2.513984e-13,1.644799e-17,-2.0783375021e-13,0.0000e+00,0.9687
808.78,-3.13860049e-13,2.515596e-13,1.602710e-17,-2.0772272791e-13,0.0000e+00,0.9687
809.35,-3.15969473e-13,2.517856e-13,1.614554e-17,-2.0805579481e-13,0.0000e+00,0.9687
809.93,-3.15303339e-13,2.521377e-13,1.657828e-17,-2.0805579481e-13,0.0000e+00,0.9687
810.50,-3.12749826e-13,2.524964e-13,1.618538e-17,-2.0849988402e-13,0.0000e+00,0.9687
811.07,-3.12194715e-13,2.527756e-13,1.521696e-17,-2.0861090633e-13,0.0000e+00,0.9687
811.64,-3.12527781e-13,2.530535e-13,1.435586e-17,-2.0905499554e-13,0.0000e+00,0.9687
812.21,-3.12860848e-13,2.533432e-13,1.374991e-17,-2.0938806244e-13,0.0000e+00,0.9687
812.79,-3.12194715e-13,2.536522e-13,1.354235e-17,-2.0949908475e-13,0.0000e+00,0.9687
813.36,-3.09197112e-13,2.540146e-13,1.367382e-17,-2.0994317396e-13,0.0000e+00,0.9687
813.93,-3.06421555e-13,2.543110e-13,1.357587e-17,-2.0994317396e-13,0.0000e+00,0.9687
814.50,-3.06643599e-13,2.545439e-13,1.311560e-17,-2.1005419626e-13,0.0000e+00,0.9687
815.07,-3.08864045e-13,2.546628e-13,1.275502e-17,-2.1005419626e-13,0.0000e+00,0.9687
815.65,-3.11861648e-13,2.547305e-13,1.296656e-17,-2.1049828547e-13,0.0000e+00,0.9687
816.22,-3.15636406e-13,2.548746e-13,1.322977e-17,-2.1049828547e-13,0.0000e+00,0.9687
816.79,-3.17301740e-13,2.550956e-13,1.316691e-17,-2.1049828547e-13,0.0000e+00,0.9687
817.36,-3.18189919e-13,2.553018e-13,1.239520e-17,-2.1083135238e-13,0.0000e+00,0.9687
817.93,-3.18522986e-13,2.555164e-13,1.152629e-17,-2.1083135238e-13,0.0000e+00,0.9687
818.51,-3.17079696e-13,2.557526e-13,1.109856e-17,-2.1094237468e-13,0.0000e+00,0.9687
819.08,-3.14304138e-13,2.559787e-13,1.099916e-17,-2.1127544159e-13,0.0000e+00,0.9687
819.65,-3.11528581e-13,2.561497e-13,1.096007e-17,-2.1127544159e-13,0.0000e+00,0.9687
820.22,-3.11528581e-13,2.563703e-13,1.028904e-17,-2.1138646389e-13,0.0000e+00,0.9687
820.79,-3.11528581e-13,2.565988e-13,9.661022e-18,-2.1171953080e-13,0.0000e+00,0.9687
821.37,-3.12194715e-13,2.568766e-13,9.358440e-18,-2.1183055310e-13,0.0000e+00,0.9687
821.94,-3.14304138e-13,2.571500e-13,8.813940e-18,-2.1183055310e-13,0.0000e+00,0.9687
822.51,-3.16413562e-13,2.574352e-13,8.264992e-18,-2.1238566461e-13,0.0000e+00,0.9687
823.08,-3.16413562e-13,2.577047e-13,8.180795e-18,-2.1238566461e-13,0.0000e+00,0.9687
823.65,-3.16413562e-13,2.580447e-13,8.661049e-18,-2.1260770922e-13,0.0000e+00,0.9687
824.23,-3.16413562e-13,2.583308e-13,8.589902e-18,-2.1271873152e-13,0.0000e+00,0.9687
824.80,-3.16413562e-13,2.585719e-13,8.363219e-18,-2.1271873152e-13,0.0000e+00,0.9687
825.37,-3.16413562e-13,2.587905e-13,8.236048e-18,-2.1305179843e-13,0.0000e+00,0.9687
825.94,-3.17634807e-13,2.590085e-13,8.013925e-18,-2.1282975382e-13,0.0000e+00,0.9687
826.51,-3.18634008e-13,2.591267e-13,7.720142e-18,-2.1316282073e-13,0.0000e+00,0.9687
827.09,-3.16413562e-13,2.591949e-13,7.079136e-18,-2.1316282073e-13,0.0000e+00,0.9687
827.66,-3.13526982e-13,2.592109e-13,6.356452e-18,-2.1327384303e-13,0.0000e+00,0.9687
828.23,-3.11750625e-13,2.592081e-13,5.870472e-18,-2.1327384303e-13,0.0000e+00,0.9687
828.80,-3.12083692e-13,2.592077e-13,5.728269e-18,-2.1327384303e-13,0.0000e+00,0.9687
829.37,-3.13193915e-13,2.592218e-13,5.673714e-18,-2.1349588764e-13,0.0000e+00,0.9687
829.95,-3.12416759e-13,2.592945e-13,5.456996e-18,-2.1371793224e-13,0.0000e+00,0.9687
830.52,-3.12527781e-13,2.594108e-13,5.163130e-18,-2.1371793224e-13,0.0000e+00,0.9687
831.09,-3.15303339e-13,2.595846e-13,4.778938e-18,-2.1393997685e-13,0.0000e+00,0.9687
831.66,-3.20299343e-13,2.598122e-13,4.355930e-18,-2.1393997685e-13,0.0000e+00,0.9687
832.23,-3.25739435e-13,2.600814e-13,4.163900e-18,-2.1405099915e-13,0.0000e+00,0.9687
832.81,-3.27071703e-13,2.603752e-13,4.395883e-18,-2.1393997685e-13,0.0000e+00,0.9687
833.38,-3.23741034e-13,2.606251e-13,4.744407e-18,-2.1416202145e-13,0.0000e+00,0.9687
833.95,-3.19633209e-13,2.608591e-13,5.021304e-18,-2.1438406606e-13,0.0000e+00,0.9687
834.52,-3.17967874e-13,2.609856e-13,5.119274e-18,-2.1438406606e-13,0.0000e+00,0.9687
835.09,-3.18300941e-13,2.610663e-13,5.271655e-18,-2.1449508836e-13,0.0000e+00,0.9687
835.66,-3.18300941e-13,2.612509e-13,5.238739e-18,-2.1482815526e-13,0.0000e+00,0.9687
836.24,-3.17856852e-13,2.614092e-13,4.787933e-18,-2.1482815526e-13,0.0000e+00,0.9687
836.81,-3.17634807e-13,2.615633e-13,4.773822e-18,-2.1482815526e-13,0.0000e+00,0.9687
837.38,-3.19300142e-13,2.616763e-13,4.841742e-18,-2.1493917757e-13,0.0000e+00,0.9687
837.95,-3.21520588e-13,2.617497e-13,5.381868e-18,-2.1493917757e-13,0.0000e+00,0.9687
838.52,-3.21520588e-13,2.617926e-13,6.023852e-18,-2.1505019987e-13,0.0000e+00,0.9687
839.10,-3.19966276e-13,2.618666e-13,6.249933e-18,-2.1527224447e-13,0.0000e+00,0.9687
839.67,-3.17301740e-13,2.619843e-13,6.267516e-18,-2.1538326678e-13,0.0000e+00,0.9687
840.24,-3.16968674e-13,2.621378e-13,6.170114e-18,-2.1538326678e-13,0.0000e+00,0.9687
840.81,-3.18967075e-13,2.623721e-13,6.201097e-18,-2.1538326678e-13,0.0000e+00,0.9687
841.38,-3.21076499e-13,2.624900e-13,6.018012e-18,-2.1571633368e-13,0.0000e+00,0.9687
841.96,-3.20854454e-13,2.626280e-13,5.835074e-18,-2.1582735599e-13,0.0000e+00,0.9687
842.53,-3.18522986e-13,2.627777e-13,5.652052e-18,-2.1593837829e-13,0.0000e+00,0.9687
843.10,-3.17301740e-13,2.629284e-13,5.858275e-18,-2.1593837829e-13,0.0000e+00,0.9687
843.67,-3.18856053e-13,2.631208e-13,6.255692e-18,-2.1638246750e-13,0.0000e+00,0.9687
844.24,-3.21187521e-13,2.632764e-13,6.126047e-18,-2.1638246750e-13,0.0000e+00,0.9687
844.82,-3.21520588e-13,2.634379e-13,5.423267e-18,-2.1660451210e-13,0.0000e+00,0.9687
845.39,-3.18856053e-13,2.635995e-13,5.313135e-18,-2.1660451210e-13,0.0000e+00,0.9687
845.96,-3.16302540e-13,2.637096e-13,5.219867e-18,-2.1682655671e-13,0.0000e+00,0.9687
846.53,-3.15636406e-13,2.637970e-13,5.484798e-18,-2.1682655671e-13,0.0000e+00,0.9687
847.10,-3.16635607e-13,2.639129e-13,6.051516e-18,-2.1715962362e-13,0.0000e+00,0.9687
847.68,-3.17634807e-13,2.640884e-13,6.014341e-18,-2.1704860131e-13,0.0000e+00,0.9687
848.25,-3.17412763e-13,2.642207e-13,5.753699e-18,-2.1749269052e-13,0.0000e+00,0.9687
848.82,-3.16968674e-13,2.643832e-13,5.973136e-18,-2.1749269052e-13,0.0000e+00,0.9687
849.39,-3.17412763e-13,2.645606e-13,6.173955e-18,-2.1760371283e-13,0.0000e+00,0.9687
849.96,-3.19189120e-13,2.646435e-13,6.262817e-18,-2.1771473513e-13,0.0000e+00,0.9687
850.54,-3.19633209e-13,2.646815e-13,6.500605e-18,-2.1771473513e-13,0.0000e+00,0.9687
851.11,-3.19189120e-13,2.647229e-13,5.794670e-18,-2.1793677973e-13,0.0000e+00,0.9687
851.68,-3.18967075e-13,2.647855e-13,5.365025e-18,-2.1804780204e-13,0.0000e+00,0.9687
852.25,-3.21187521e-13,2.648618e-13,5.267786e-18,-2.1804780204e-13,0.0000e+00,0.9687
852.82,-3.23852056e-13,2.649084e-13,5.281853e-18,-2.1804780204e-13,0.0000e+00,0.9687
853.40,-3.24629212e-13,2.649134e-13,4.893382e-18,-2.1804780204e-13,0.0000e+00,0.9687
853.97,-3.22075699e-13,2.649111e-13,5.153568e-18,-2.1804780204e-13,0.0000e+00,0.9687
854.54,-3.16413562e-13,2.649716e-13,4.821760e-18,-2.1838086894e-13,0.0000e+00,0.9687
855.11,-3.14082094e-13,2.651170e-13,4.524995e-18,-2.1860291355e-13,0.0000e+00,0.9687
855.68,-3.20632410e-13,2.653494e-13,4.452645e-18,-2.1860291355e-13,0.0000e+00,0.9687
856.26,-3.31512595e-13,2.654934e-13,4.190778e-18,-2.1860291355e-13,0.0000e+00,0.9687
856.83,-3.40838469e-13,2.656536e-13,3.981428e-18,-2.1882495815e-13,0.0000e+00,0.9687
857.40,-3.42392781e-13,2.657522e-13,4.008985e-18,-2.1882495815e-13,0.0000e+00,0.9687
857.97,-3.38507000e-13,2.658545e-13,4.344620e-18,-2.1882495815e-13,0.0000e+00,0.9687
858.54,-3.31401573e-13,2.659912e-13,4.256742e-18,-2.1904700276e-13,0.0000e+00,0.9687
859.12,-3.26627614e-13,2.661197e-13,4.135484e-18,-2.1926904736e-13,0.0000e+00,0.9687
859.69,-3.26960681e-13,2.662692e-13,4.510678e-18,-2.1926904736e-13,0.0000e+00,0.9687
860.26,-3.27626815e-13,2.663879e-13,5.161141e-18,-2.1926904736e-13,0.0000e+00,0.9687
860.83,-3.27626815e-13,2.664979e-13,5.557178e-18,-2.1938006967e-13,0.0000e+00,0.9687
861.40,-3.27626815e-13,2.666620e-13,6.217556e-18,-2.1949109197e-13,0.0000e+00,0.9687
861.98,-3.27293748e-13,2.668203e-13,6.251106e-18,-2.1971313657e-13,0.0000e+00,0.9687
862.55,-3.28626015e-13,2.669763e-13,5.745136e-18,-2.1971313657e-13,0.0000e+00,0.9687
863.12,-3.31068506e-13,2.671321e-13,5.674222e-18,-2.1982415888e-13,0.0000e+00,0.9687
863.69,-3.31512595e-13,2.673027e-13,5.614616e-18,-2.1982415888e-13,0.0000e+00,0.9687
864.26,-3.27959881e-13,2.674106e-13,6.017147e-18,-2.1982415888e-13,0.0000e+00,0.9687
864.84,-3.22852856e-13,2.675534e-13,6.393871e-18,-2.1982415888e-13,0.0000e+00,0.9687
865.41,-3.20299343e-13,2.676760e-13,6.604848e-18,-2.1993518118e-13,0.0000e+00,0.9687
865.98,-3.21520588e-13,2.678347e-13,6.648666e-18,-2.2026824809e-13,0.0000e+00,0.9687
866.55,-3.23852056e-13,2.680210e-13,7.109820e-18,-2.2037927039e-13,0.0000e+00,0.9687
867.12,-3.23852056e-13,2.682067e-13,7.622120e-18,-2.2037927039e-13,0.0000e+00,0.9687
867.70,-3.20521387e-13,2.682682e-13,8.135296e-18,-2.2049029269e-13,0.0000e+00,0.9687
868.27,-3.15747428e-13,2.683755e-13,8.834601e-18,-2.2082335960e-13,0.0000e+00,0.9687
868.84,-3.14415161e-13,2.685181e-13,9.639696e-18,-2.2082335960e-13,0.0000e+00,0.9687
869.41,-3.18300941e-13,2.686486e-13,1.037297e-17,-2.2093438190e-13,0.0000e+00,0.9687
869.98,-3.24629212e-13,2.688283e-13,1.100286e-17,-2.2126744881e-13,0.0000e+00,0.9687
870.56,-3.29958283e-13,2.690369e-13,1.168759e-17,-2.2171153802e-13,0.0000e+00,0.9687
871.13,-3.30291350e-13,2.692024e-13,1.257989e-17,-2.2171153802e-13,0.0000e+00,0.9687
871.70,-3.27848859e-13,2.693854e-13,1.343558e-17,-2.2182256032e-13,0.0000e+00,0.9687
872.27,-3.25739435e-13,2.695406e-13,1.381080e-17,-2.2182256032e-13,0.0000e+00,0.9687
872.84,-3.26960681e-13,2.696690e-13,1.380717e-17,-2.2182256032e-13,0.0000e+00,0.9687
873.42,-3.31734640e-13,2.698749e-13,1.358137e-17,-2.2226664953e-13,0.0000e+00,0.9687
873.99,-3.35065309e-13,2.700814e-13,1.365009e-17,-2.2271073874e-13,0.0000e+00,0.9687
874.56,-3.33177930e-13,2.703367e-13,1.400661e-17,-2.2271073874e-13,0.0000e+00,0.9687
875.13,-3.27848859e-13,2.705318e-13,1.461057e-17,-2.2293278334e-13,0.0000e+00,0.9687
875.70,-3.26072502e-13,2.707155e-13,1.488058e-17,-2.2304380565e-13,0.0000e+00,0.9687
876.28,-3.28959082e-13,2.709231e-13,1.472799e-17,-2.2337687255e-13,0.0000e+00,0.9687
876.85,-3.34066108e-13,2.711173e-13,1.467347e-17,-2.2348789486e-13,0.0000e+00,0.9687
877.42,-3.37285755e-13,2.713336e-13,1.547185e-17,-2.2359891716e-13,0.0000e+00,0.9687
877.99,-3.36619621e-13,2.716349e-13,1.631171e-17,-2.2359891716e-13,0.0000e+00,0.9687
878.56,-3.35065309e-13,2.718814e-13,1.592084e-17,-2.2393198407e-13,0.0000e+00,0.9687
879.14,-3.33955086e-13,2.720654e-13,1.492922e-17,-2.2404300637e-13,0.0000e+00,0.9687
879.71,-3.34621220e-13,2.722782e-13,1.432688e-17,-2.2448709558e-13,0.0000e+00,0.9687
880.28,-3.34399175e-13,2.725074e-13,1.429210e-17,-2.2470914018e-13,0.0000e+00,0.9687
880.85,-3.30846461e-13,2.727581e-13,1.467002e-17,-2.2482016249e-13,0.0000e+00,0.9687
881.42,-3.26294547e-13,2.730103e-13,1.528700e-17,-2.2515322939e-13,0.0000e+00,0.9687
882.00,-3.25961480e-13,2.733049e-13,1.599530e-17,-2.2515322939e-13,0.0000e+00,0.9687
882.57,-3.29847261e-13,2.736208e-13,1.655498e-17,-2.2537527400e-13,0.0000e+00,0.9687
883.14,-3.35065309e-13,2.738758e-13,1.724772e-17,-2.2581936321e-13,0.0000e+00,0.9687
883.71,-3.37063710e-13,2.741040e-13,1.759341e-17,-2.2615243012e-13,0.0000e+00,0.9687
884.28,-3.34066108e-13,2.743593e-13,1.783549e-17,-2.2615243012e-13,0.0000e+00,0.9687
884.86,-3.28514993e-13,2.746432e-13,1.805159e-17,-2.2648549702e-13,0.0000e+00,0.9687
885.43,-3.25295346e-13,2.750166e-13,1.792381e-17,-2.2670754163e-13,0.0000e+00,0.9687
886.00,-3.27515792e-13,2.753705e-13,1.820532e-17,-2.2715163084e-13,0.0000e+00,0.9687
886.57,-3.32511796e-13,2.757034e-13,1.816704e-17,-2.2748469775e-13,0.0000e+00,0.9687
887.14,-3.34399175e-13,2.760034e-13,1.769561e-17,-2.2759572005e-13,0.0000e+00,0.9687
887.72,-3.33066907e-13,2.762278e-13,1.666347e-17,-2.2792878696e-13,0.0000e+00,0.9687
888.29,-3.32733840e-13,2.764376e-13,1.623410e-17,-2.2792878696e-13,0.0000e+00,0.9687
888.86,-3.36286554e-13,2.766828e-13,1.653740e-17,-2.2803980926e-13,0.0000e+00,0.9687
889.43,-3.41726647e-13,2.770113e-13,1.711058e-17,-2.2837287617e-13,0.0000e+00,0.9687
890.00,-3.43169937e-13,2.773869e-13,1.798659e-17,-2.2870594307e-13,0.0000e+00,0.9687
890.58,-3.39617223e-13,2.777992e-13,1.832719e-17,-2.2892798768e-13,0.0000e+00,0.9687
891.15,-3.34288153e-13,2.781810e-13,1.801211e-17,-2.2926105459e-13,0.0000e+00,0.9687
891.72,-3.31068506e-13,2.785517e-13,1.734179e-17,-2.2937207689e-13,0.0000e+00,0.9687
892.29,-3.32511796e-13,2.789183e-13,1.695400e-17,-2.2948309919e-13,0.0000e+00,0.9687
892.86,-3.34732242e-13,2.792505e-13,1.710703e-17,-2.2992718840e-13,0.0000e+00,0.9687
893.44,-3.34621220e-13,2.795181e-13,1.726212e-17,-2.2992718840e-13,0.0000e+00,0.9687
894.01,-3.31068506e-13,2.797387e-13,1.734936e-17,-2.3026025531e-13,0.0000e+00,0.9687
894.58,-3.28181926e-13,2.799299e-13,1.681061e-17,-2.3037127761e-13,0.0000e+00,0.9687
895.15,-3.30846461e-13,2.801270e-13,1.573139e-17,-2.3070434452e-13,0.0000e+00,0.9687
895.72,-3.35953487e-13,2.803404e-13,1.515096e-17,-2.3070434452e-13,0.0000e+00,0.9687
896.29,-3.40727446e-13,2.805660e-13,1.493425e-17,-2.3070434452e-13,0.0000e+00,0.9687
896.87,-3.42725848e-13,2.807980e-13,1.495999e-17,-2.3070434452e-13,0.0000e+00,0.9687
897.44,-3.43058915e-13,2.810460e-13,1.488595e-17,-2.3114843373e-13,0.0000e+00,0.9687
898.01,-3.42836870e-13,2.812664e-13,1.450226e-17,-2.3125945603e-13,0.0000e+00,0.9687
898.58,-3.43058915e-13,2.814711e-13,1.379192e-17,-2.3125945603e-13,0.0000e+00,0.9687
899.15,-3.43169937e-13,2.816486e-13,1.311992e-17,-2.3159252294e-13,0.0000e+00,0.9687
899.73,-3.43169937e-13,2.818373e-13,1.249519e-17,-2.3159252294e-13,0.0000e+00,0.9687
900.30,-3.43169937e-13,2.820134e-13,1.223508e-17,-2.3159252294e-13,0.0000e+00,0.9687
900.87,-3.41171535e-13,2.822054e-13,1.208975e-17,-2.3192558984e-13,0.0000e+00,0.9687
901.44,-3.40505402e-13,2.824148e-13,1.183183e-17,-2.3192558984e-13,0.0000e+00,0.9687
902.01,-3.40505402e-13,2.825904e-13,1.121066e-17,-2.3192558984e-13,0.0000e+00,0.9687
902.59,-3.42170736e-13,2.827242e-13,1.034065e-17,-2.3214763445e-13,0.0000e+00,0.9687
903.16,-3.44946294e-13,2.828757e-13,9.441042e-18,-2.3281376826e-13,0.0000e+00,0.9687
903.73,-3.46278561e-13,2.830615e-13,8.442529e-18,-2.3281376826e-13,0.0000e+00,0.9687
904.30,-3.45279361e-13,2.832102e-13,7.953147e-18,-2.3281376826e-13,0.0000e+00,0.9687
904.87,-3.42170736e-13,2.833524e-13,7.927914e-18,-2.3281376826e-13,0.0000e+00,0.9687
905.45,-3.40505402e-13,2.835159e-13,7.803075e-18,-2.3281376826e-13,0.0000e+00,0.9687
906.02,-3.40505402e-13,2.836786e-13,7.487757e-18,-2.3303581287e-13,0.0000e+00,0.9687
906.59,-3.40505402e-13,2.838756e-13,6.779762e-18,-2.3325785747e-13,0.0000e+00,0.9687
907.16,-3.40505402e-13,2.840306e-13,6.289360e-18,-2.3336887978e-13,0.0000e+00,0.9687
907.73,-3.40727446e-13,2.842047e-13,6.019175e-18,-2.3347990208e-13,0.0000e+00,0.9687
908.31,-3.40727446e-13,2.843959e-13,5.951948e-18,-2.3347990208e-13,0.0000e+00,0.9687
908.88,-3.40727446e-13,2.845585e-13,6.039305e-18,-2.3381296899e-13,0.0000e+00,0.9687
909.45,-3.39284156e-13,2.846602e-13,6.059012e-18,-2.3381296899e-13,0.0000e+00,0.9687
910.02,-3.36064510e-13,2.847511e-13,5.727116e-18,-2.3392399129e-13,0.0000e+00,0.9687
910.59,-3.32733840e-13,2.848416e-13,5.778904e-18,-2.3392399129e-13,0.0000e+00,0.9687
911.17,-3.33066907e-13,2.848985e-13,6.189731e-18,-2.3392399129e-13,0.0000e+00,0.9687
911.74,-3.36730643e-13,2.849627e-13,7.001580e-18,-2.3392399129e-13,0.0000e+00,0.9687
912.31,-3.41171535e-13,2.850796e-13,7.776963e-18,-2.3414603589e-13,0.0000e+00,0.9687
912.88,-3.42836870e-13,2.852047e-13,8.210881e-18,-2.3425705820e-13,0.0000e+00,0.9687
913.45,-3.44058115e-13,2.853397e-13,8.162708e-18,-2.3425705820e-13,0.0000e+00,0.9687
914.03,-3.45279361e-13,2.854621e-13,8.378655e-18,-2.3459012510e-13,0.0000e+00,0.9687
914.60,-3.44946294e-13,2.855769e-13,8.971651e-18,-2.3459012510e-13,0.0000e+00,0.9687
915.17,-3.42059714e-13,2.856791e-13,9.756495e-18,-2.3459012510e-13,0.0000e+00,0.9687
915.74,-3.39950290e-13,2.857346e-13,1.033291e-17,-2.3481216971e-13,0.0000e+00,0.9687
916.31,-3.39950290e-13,2.857603e-13,1.059616e-17,-2.3481216971e-13,0.0000e+00,0.9687
916.89,-3.42059714e-13,2.858046e-13,1.089803e-17,-2.3503421431e-13,0.0000e+00,0.9687
917.46,-3.44724249e-13,2.858875e-13,1.111046e-17,-2.3514523662e-13,0.0000e+00,0.9687
918.03,-3.46389584e-13,2.860566e-13,1.148992e-17,-2.3547830352e-13,0.0000e+00,0.9687
918.60,-3.46944695e-13,2.862322e-13,1.172156e-17,-2.3547830352e-13,0.0000e+00,0.9687
919.17,-3.46278561e-13,2.864424e-13,1.145777e-17,-2.3592239273e-13,0.0000e+00,0.9687
919.75,-3.46278561e-13,2.866402e-13,1.076694e-17,-2.3603341504e-13,0.0000e+00,0.9687
920.32,-3.46389584e-13,2.868477e-13,1.029960e-17,-2.3636648194e-13,0.0000e+00,0.9687
920.89,-3.46389584e-13,2.870114e-13,1.019193e-17,-2.3647750425e-13,0.0000e+00,0.9687
921.46,-3.47499807e-13,2.872363e-13,1.020490e-17,-2.3647750425e-13,0.0000e+00,0.9687
922.03,-3.48165941e-13,2.874381e-13,9.667745e-18,-2.3658852655e-13,0.0000e+00,0.9687
922.61,-3.46611628e-13,2.876269e-13,9.290233e-18,-2.3681057115e-13,0.0000e+00,0.9687
923.18,-3.44613227e-13,2.877787e-13,9.431199e-18,-2.3725466036e-13,0.0000e+00,0.9687
923.75,-3.44613227e-13,2.879440e-13,9.444081e-18,-2.3725466036e-13,0.0000e+00,0.9687
924.32,-3.44613227e-13,2.881316e-13,9.346500e-18,-2.3747670497e-13,0.0000e+00,0.9687
924.89,-3.44613227e-13,2.882756e-13,8.892034e-18,-2.3747670497e-13,0.0000e+00,0.9687
925.47,-3.44613227e-13,2.884089e-13,8.684049e-18,-2.3747670497e-13,0.0000e+00,0.9687
926.04,-3.44613227e-13,2.885585e-13,8.488473e-18,-2.3814283878e-13,0.0000e+00,0.9687
926.61,-3.45390383e-13,2.887058e-13,8.370122e-18,-2.3814283878e-13,0.0000e+00,0.9687
927.18,-3.47499807e-13,2.888416e-13,8.544547e-18,-2.3836488339e-13,0.0000e+00,0.9687
927.75,-3.49276164e-13,2.890861e-13,8.716236e-18,-2.3836488339e-13,0.0000e+00,0.9687
928.33,-3.49942297e-13,2.892478e-13,8.718996e-18,-2.3891999490e-13,0.0000e+00,0.9687
928.90,-3.50497409e-13,2.894937e-13,8.916871e-18,-2.3914203950e-13,0.0000e+00,0.9687
929.47,-3.50164342e-13,2.898012e-13,8.971130e-18,-2.3936408411e-13,0.0000e+00,0.9687
930.04,-3.49831275e-13,2.900342e-13,8.936542e-18,-2.3969715102e-13,0.0000e+00,0.9687
930.61,-3.50830476e-13,2.903647e-13,8.086531e-18,-2.4014124023e-13,0.0000e+00,0.9687
931.19,-3.53050922e-13,2.906062e-13,7.675760e-18,-2.4014124023e-13,0.0000e+00,0.9687
931.76,-3.55382390e-13,2.908466e-13,7.485971e-18,-2.4025226253e-13,0.0000e+00,0.9687
932.33,-3.55604435e-13,2.910046e-13,7.085368e-18,-2.4069635174e-13,0.0000e+00,0.9687
932.90,-3.51718654e-13,2.912099e-13,6.510927e-18,-2.4069635174e-13,0.0000e+00,0.9687
933.47,-3.46944695e-13,2.914115e-13,6.467366e-18,-2.4091839634e-13,0.0000e+00,0.9687
934.05,-3.45723450e-13,2.915760e-13,6.455941e-18,-2.4091839634e-13,0.0000e+00,0.9687
934.62,-3.46722651e-13,2.917223e-13,6.240054e-18,-2.4102941865e-13,0.0000e+00,0.9687
935.19,-3.49165141e-13,2.918006e-13,6.217849e-18,-2.4102941865e-13,0.0000e+00,0.9687
935.76,-3.48499007e-13,2.918077e-13,6.384014e-18,-2.4114044095e-13,0.0000e+00,0.9687
936.33,-3.43725048e-13,2.918492e-13,6.510184e-18,-2.4136248555e-13,0.0000e+00,0.9687
936.91,-3.39506201e-13,2.919170e-13,6.307710e-18,-2.4114044095e-13,0.0000e+00,0.9687
937.48,-3.43391982e-13,2.921031e-13,5.736954e-18,-2.4180657476e-13,0.0000e+00,0.9687
938.05,-3.54272167e-13,2.923877e-13,5.289820e-18,-2.4202861937e-13,0.0000e+00,0.9687
938.62,-3.64708264e-13,2.926773e-13,5.325693e-18,-2.4202861937e-13,0.0000e+00,0.9687
939.19,-3.68149955e-13,2.928190e-13,5.492552e-18,-2.4236168628e-13,0.0000e+00,0.9687
939.77,-3.63598041e-13,2.931371e-13,5.625468e-18,-2.4236168628e-13,0.0000e+00,0.9687
940.34,-3.55937502e-13,2.931316e-13,5.467531e-18,-2.4236168628e-13,0.0000e+00,0.9687
940.91,-3.51496610e-13,2.932265e-13,5.546764e-18,-2.4236168628e-13,0.0000e+00,0.9687
941.48,-3.51163543e-13,2.932906e-13,5.933504e-18,-2.4247270858e-13,0.0000e+00,0.9687
942.05,-3.53939100e-13,2.934512e-13,6.125159e-18,-2.4280577549e-13,0.0000e+00,0.9687
942.63,-3.54938301e-13,2.937194e-13,6.161346e-18,-2.4291679779e-13,0.0000e+00,0.9687
943.20,-3.52162743e-13,2.939461e-13,6.110703e-18,-2.4291679779e-13,0.0000e+00,0.9687
943.77,-3.47277762e-13,2.940915e-13,6.126175e-18,-2.4291679779e-13,0.0000e+00,0.9687
944.34,-3.44724249e-13,2.942373e-13,5.529954e-18,-2.4324986470e-13,0.0000e+00,0.9687
944.91,-3.49276164e-13,2.944554e-13,4.584238e-18,-2.4324986470e-13,0.0000e+00,0.9687
945.49,-3.59490215e-13,2.942936e-13,4.831636e-18,-2.4324986470e-13,0.0000e+00,0.9687
946.06,-3.68927111e-13,2.943560e-13,5.431804e-18,-2.4358293160e-13,0.0000e+00,0.9687
946.63,-3.71813691e-13,2.944832e-13,5.927129e-18,-2.4369395391e-13,0.0000e+00,0.9687
947.20,-3.66595643e-13,2.945310e-13,6.290981e-18,-2.4369395391e-13,0.0000e+00,0.9687
947.77,-3.58491015e-13,2.945847e-13,6.941178e-18,-2.4380497621e-13,0.0000e+00,0.9687
948.35,-3.52384788e-13,2.947418e-13,7.852984e-18,-2.4402702081e-13,0.0000e+00,0.9687
948.92,-3.50719453e-13,2.949596e-13,7.946617e-18,-2.4402702081e-13,0.0000e+00,0.9687
949.49,-3.52384788e-13,2.952015e-13,7.739401e-18,-2.4413804312e-13,0.0000e+00,0.9687
950.06,-3.53717056e-13,2.954126e-13,7.696784e-18,-2.4402702081e-13,0.0000e+00,0.9687
950.63,-3.52495810e-13,2.956429e-13,8.280661e-18,-2.4413804312e-13,0.0000e+00,0.9687
951.21,-3.48832074e-13,2.958328e-13,8.789324e-18,-2.4447111002e-13,0.0000e+00,0.9687
951.78,-3.47277762e-13,2.960429e-13,8.602185e-18,-2.4458213232e-13,0.0000e+00,0.9687
952.35,-3.51052520e-13,2.962655e-13,8.538480e-18,-2.4502622153e-13,0.0000e+00,0.9687
952.92,-3.55937502e-13,2.964288e-13,9.001459e-18,-2.4502622153e-13,0.0000e+00,0.9687
953.49,-3.57824881e-13,2.965545e-13,9.336742e-18,-2.4535928844e-13,0.0000e+00,0.9687
954.07,-3.56048524e-13,2.967135e-13,8.846084e-18,-2.4558133305e-13,0.0000e+00,0.9687
954.64,-3.52717855e-13,2.968550e-13,8.133421e-18,-2.4558133305e-13,0.0000e+00,0.9687
955.21,-3.50497409e-13,2.970270e-13,7.896028e-18,-2.4558133305e-13,0.0000e+00,0.9687
955.78,-3.51052520e-13,2.972461e-13,8.718901e-18,-2.4602542226e-13,0.0000e+00,0.9687
956.35,-3.55049323e-13,2.974524e-13,9.161304e-18,-2.4602542226e-13,0.0000e+00,0.9687
956.93,-3.59823282e-13,2.976550e-13,9.415659e-18,-2.4646951147e-13,0.0000e+00,0.9687
957.50,-3.61155550e-13,2.978139e-13,1.004319e-17,-2.4646951147e-13,0.0000e+00,0.9687
958.07,-3.60822483e-13,2.979461e-13,1.086507e-17,-2.4669155607e-13,0.0000e+00,0.9687
958.64,-3.60822483e-13,2.981564e-13,1.160379e-17,-2.4680257837e-13,0.0000e+00,0.9687
959.21,-3.59934305e-13,2.983552e-13,1.228995e-17,-2.4691360068e-13,0.0000e+00,0.9687
959.78,-3.57602836e-13,2.985782e-13,1.195158e-17,-2.4724666758e-13,0.0000e+00,0.9687
960.36,-3.56936702e-13,2.987759e-13,1.124573e-17,-2.4735768989e-13,0.0000e+00,0.9687
960.93,-3.57491814e-13,2.989758e-13,1.084168e-17,-2.4746871219e-13,0.0000e+00,0.9687
961.50,-3.59823282e-13,2.991642e-13,1.091437e-17,-2.4769075679e-13,0.0000e+00,0.9687
962.07,-3.61155550e-13,2.993876e-13,1.141052e-17,-2.4780177910e-13,0.0000e+00,0.9687
962.64,-3.60822483e-13,2.995804e-13,1.156247e-17,-2.4791280140e-13,0.0000e+00,0.9687
963.22,-3.60378394e-13,2.998366e-13,1.187633e-17,-2.4824586831e-13,0.0000e+00,0.9687
963.79,-3.60489416e-13,3.000882e-13,1.222788e-17,-2.4824586831e-13,0.0000e+00,0.9687
964.36,-3.62820884e-13,3.002922e-13,1.238386e-17,-2.4835689061e-13,0.0000e+00,0.9687
964.93,-3.64708264e-13,3.005342e-13,1.255461e-17,-2.4880097982e-13,0.0000e+00,0.9687
965.50,-3.62820884e-13,3.007906e-13,1.277184e-17,-2.4913404673e-13,0.0000e+00,0.9687
966.08,-3.56936702e-13,3.010587e-13,1.332538e-17,-2.4924506903e-13,0.0000e+00,0.9687
966.65,-3.52828877e-13,3.013341e-13,1.353715e-17,-2.4946711363e-13,0.0000e+00,0.9687
967.22,-3.57935903e-13,3.016190e-13,1.315632e-17,-2.4968915824e-13,0.0000e+00,0.9687
967.79,-3.68149955e-13,3.019209e-13,1.303925e-17,-2.4968915824e-13,0.0000e+00,0.9687
968.36,-3.77475828e-13,3.022038e-13,1.326907e-17,-2.4991120284e-13,0.0000e+00,0.9687
968.94,-3.79807297e-13,3.024378e-13,1.376599e-17,-2.5013324745e-13,0.0000e+00,0.9687
969.51,-3.74700271e-13,3.027213e-13,1.413100e-17,-2.5035529205e-13,0.0000e+00,0.9687
970.08,-3.66040531e-13,3.029759e-13,1.417646e-17,-2.5046631436e-13,0.0000e+00,0.9687
970.65,-3.59490215e-13,3.031848e-13,1.406569e-17,-2.5057733666e-13,0.0000e+00,0.9687
971.22,-3.59490215e-13,3.033337e-13,1.393424e-17,-2.5057733666e-13,0.0000e+00,0.9687
971.80,-3.62487818e-13,3.034720e-13,1.368740e-17,-2.5079938126e-13,0.0000e+00,0.9687
972.37,-3.64264174e-13,3.037498e-13,1.376031e-17,-2.5079938126e-13,0.0000e+00,0.9687
972.94,-3.63042929e-13,3.040661e-13,1.417258e-17,-2.5102142587e-13,0.0000e+00,0.9687
973.51,-3.60378394e-13,3.043795e-13,1.402825e-17,-2.5124347047e-13,0.0000e+00,0.9687
974.08,-3.57935903e-13,3.046738e-13,1.306806e-17,-2.5135449278e-13,0.0000e+00,0.9687
974.66,-3.56603636e-13,3.049149e-13,1.220326e-17,-2.5146551508e-13,0.0000e+00,0.9687
975.23,-3.56603636e-13,3.051575e-13,1.175651e-17,-2.5146551508e-13,0.0000e+00,0.9687
975.80,-3.56381591e-13,3.054864e-13,1.181595e-17,-2.5146551508e-13,0.0000e+00,0.9687
976.37,-3.57935903e-13,3.057889e-13,1.227530e-17,-2.5168755968e-13,0.0000e+00,0.9687
976.94,-3.60378394e-13,3.060106e-13,1.253803e-17,-2.5190960429e-13,0.0000e+00,0.9687
977.52,-3.61488617e-13,3.061739e-13,1.241591e-17,-2.5213164889e-13,0.0000e+00,0.9687
978.09,-3.61155550e-13,3.064041e-13,1.218626e-17,-2.5257573810e-13,0.0000e+00,0.9687
978.66,-3.57935903e-13,3.066143e-13,1.180331e-17,-2.5268676040e-13,0.0000e+00,0.9687
979.23,-3.54938301e-13,3.068201e-13,1.108193e-17,-2.5313084961e-13,0.0000e+00,0.9687
979.80,-3.56048524e-13,3.070332e-13,1.076282e-17,-2.5313084961e-13,0.0000e+00,0.9687
980.38,-3.62709862e-13,3.072974e-13,1.073809e-17,-2.5346391652e-13,0.0000e+00,0.9687
980.95,-3.69593245e-13,3.075247e-13,1.113289e-17,-2.5357493882e-13,0.0000e+00,0.9687
981.52,-3.74034137e-13,3.078724e-13,1.129879e-17,-2.5368596113e-13,0.0000e+00,0.9687
982.09,-3.71702669e-13,3.082351e-13,1.103787e-17,-2.5435209494e-13,0.0000e+00,0.9687
982.66,-3.66373598e-13,3.085258e-13,1.025131e-17,-2.5435209494e-13,0.0000e+00,0.9687
983.24,-3.62043728e-13,3.087691e-13,9.519982e-18,-2.5435209494e-13,0.0000e+00,0.9687
983.81,-3.61044528e-13,3.088886e-13,9.255113e-18,-2.5490720645e-13,0.0000e+00,0.9687
984.38,-3.63709063e-13,3.089489e-13,9.627467e-18,-2.5490720645e-13,0.0000e+00,0.9687
984.95,-3.65041330e-13,3.089698e-13,9.738073e-18,-2.5490720645e-13,0.0000e+00,0.9687
985.52,-3.65374397e-13,3.090057e-13,9.202275e-18,-2.5535129566e-13,0.0000e+00,0.9687
986.10,-3.64708264e-13,3.091154e-13,9.264656e-18,-2.5535129566e-13,0.0000e+00,0.9687
986.67,-3.62154751e-13,3.093019e-13,9.052310e-18,-2.5568436257e-13,0.0000e+00,0.9687
987.24,-3.60156349e-13,3.095387e-13,8.255224e-18,-2.5535129566e-13,0.0000e+00,0.9687
987.81,-3.60822483e-13,3.097843e-13,7.966768e-18,-2.5590640718e-13,0.0000e+00,0.9687
988.38,-3.62820884e-13,3.099897e-13,7.921243e-18,-2.5590640718e-13,0.0000e+00,0.9687
988.96,-3.63931107e-13,3.102064e-13,8.100142e-18,-2.5590640718e-13,0.0000e+00,0.9687
989.53,-3.63598041e-13,3.103481e-13,8.009480e-18,-2.5635049639e-13,0.0000e+00,0.9687
990.10,-3.60822483e-13,3.104499e-13,7.701802e-18,-2.5635049639e-13,0.0000e+00,0.9687
990.67,-3.60489416e-13,3.106332e-13,7.272944e-18,-2.5668356329e-13,0.0000e+00,0.9687
991.24,-3.63153951e-13,3.108379e-13,6.900928e-18,-2.5668356329e-13,0.0000e+00,0.9687
991.82,-3.65707464e-13,3.110525e-13,6.941755e-18,-2.5690560790e-13,0.0000e+00,0.9687
992.39,-3.66040531e-13,3.113316e-13,7.181295e-18,-2.5712765250e-13,0.0000e+00,0.9687
992.96,-3.65707464e-13,3.115979e-13,7.422156e-18,-2.5690560790e-13,0.0000e+00,0.9687
993.53,-3.65374397e-13,3.118896e-13,7.451341e-18,-2.5712765250e-13,0.0000e+00,0.9687
994.10,-3.65707464e-13,3.121347e-13,6.769437e-18,-2.5757174171e-13,0.0000e+00,0.9687
994.68,-3.67594843e-13,3.123821e-13,5.892255e-18,-2.5757174171e-13,0.0000e+00,0.9687
995.25,-3.68927111e-13,3.126126e-13,5.382400e-18,-2.5801583092e-13,0.0000e+00,0.9687
995.82,-3.68927111e-13,3.127668e-13,4.955850e-18,-2.5823787553e-13,0.0000e+00,0.9687
996.39,-3.67927910e-13,3.129153e-13,4.611130e-18,-2.5823787553e-13,0.0000e+00,0.9687
996.96,-3.66262576e-13,3.130591e-13,5.726622e-18,-2.5857094244e-13,0.0000e+00,0.9687
997.54,-3.66595643e-13,3.132942e-13,7.365769e-18,-2.5868196474e-13,0.0000e+00,0.9687
998.11,-3.66928710e-13,3.135991e-13,7.803879e-18,-2.5890400934e-13,0.0000e+00,0.9687
998.68,-3.68260977e-13,3.138260e-13,6.875956e-18,-2.5912605395e-13,0.0000e+00,0.9687
999.25,-3.69593245e-13,3.140448e-13,5.914266e-18,-2.5957014316e-13,0.0000e+00,0.9687
999.82,-3.69593245e-13,3.142911e-13,5.185629e-18,-2.5945912085e-13,0.0000e+00,0.9687
1000.40,-3.69593245e-13,3.145823e-13,5.064665e-18,-2.5957014316e-13,0.0000e+00,0.9687
1000.97,-3.69593245e-13,3.148718e-13,5.313108e-18,-2.5979218776e-13,0.0000e+00,0.9687
1001.54,-3.69593245e-13,3.151546e-13,5.420905e-18,-2.6023627697e-13,0.0000e+00,0.9687
1002.11,-3.69593245e-13,3.154618e-13,5.183295e-18,-2.6045832158e-13,0.0000e+00,0.9687
1002.68,-3.69593245e-13,3.155315e-13,4.808958e-18,-2.6045832158e-13,0.0000e+00,0.9687
1003.26,-3.69593245e-13,3.156838e-13,5.072619e-18,-2.6045832158e-13,0.0000e+00,0.9687
1003.83,-3.69149156e-13,3.158315e-13,5.359708e-18,-2.6079138848e-13,0.0000e+00,0.9687
1004.40,-3.71147557e-13,3.159930e-13,5.578999e-18,-2.6079138848e-13,0.0000e+00,0.9687
1004.97,-3.73368003e-13,3.161686e-13,5.921082e-18,-2.6068036618e-13,0.0000e+00,0.9687
1005.54,-3.73368003e-13,3.163455e-13,6.447777e-18,-2.6090241079e-13,0.0000e+00,0.9687
1006.12,-3.73256981e-13,3.165737e-13,6.738614e-18,-2.6123547769e-13,0.0000e+00,0.9687
1006.69,-3.73034936e-13,3.168113e-13,6.475948e-18,-2.6134650000e-13,0.0000e+00,0.9687
1007.26,-3.73034936e-13,3.168322e-13,6.051275e-18,-2.6156854460e-13,0.0000e+00,0.9687
1007.83,-3.73034936e-13,3.170106e-13,5.261261e-18,-2.6167956690e-13,0.0000e+00,0.9687
1008.40,-3.73034936e-13,3.172213e-13,4.636237e-18,-2.6201263381e-13,0.0000e+00,0.9687
1008.98,-3.73034936e-13,3.174177e-13,4.455676e-18,-2.6223467842e-13,0.0000e+00,0.9687
1009.55,-3.73034936e-13,3.175491e-13,4.774592e-18,-2.6223467842e-13,0.0000e+00,0.9687
1010.12,-3.71147557e-13,3.177194e-13,5.349279e-18,-2.6223467842e-13,0.0000e+00,0.9687
1010.69,-3.70148356e-13,3.179029e-13,5.968514e-18,-2.6223467842e-13,0.0000e+00,0.9687
1011.26,-3.70148356e-13,3.177520e-13,6.590067e-18,-2.6245672302e-13,0.0000e+00,0.9687
1011.84,-3.70148356e-13,3.179006e-13,6.643980e-18,-2.6267876763e-13,0.0000e+00,0.9687
1012.41,-3.69593245e-13,3.178991e-13,6.637199e-18,-2.6256774532e-13,0.0000e+00,0.9687
1012.98,-3.70703468e-13,3.180646e-13,6.753029e-18,-2.6290081223e-13,0.0000e+00,0.9687
1013.55,-3.73590048e-13,3.183060e-13,6.842135e-18,-2.6301183453e-13,0.0000e+00,0.9687
1014.12,-3.77808895e-13,3.185783e-13,6.706931e-18,-2.6334490144e-13,0.0000e+00,0.9687
1014.70,-3.79474230e-13,3.188216e-13,6.397539e-18,-2.6345592374e-13,0.0000e+00,0.9687
1015.27,-3.80029341e-13,3.190208e-13,6.686523e-18,-2.6345592374e-13,0.0000e+00,0.9687
1015.84,-3.79474230e-13,3.192303e-13,6.871683e-18,-2.6356694605e-13,0.0000e+00,0.9687
1016.41,-3.78586051e-13,3.194067e-13,6.311540e-18,-2.6378899065e-13,0.0000e+00,0.9687
1016.98,-3.78586051e-13,3.195458e-13,5.651274e-18,-2.6390001295e-13,0.0000e+00,0.9687
1017.56,-3.78586051e-13,3.196453e-13,5.378969e-18,-2.6423307986e-13,0.0000e+00,0.9687
1018.13,-3.78586051e-13,3.197575e-13,5.563879e-18,-2.6423307986e-13,0.0000e+00,0.9687
1018.70,-3.78586051e-13,3.198858e-13,6.056489e-18,-2.6434410216e-13,0.0000e+00,0.9687
1019.27,-3.78586051e-13,3.200067e-13,6.402441e-18,-2.6467716907e-13,0.0000e+00,0.9687
1019.84,-3.78586051e-13,3.201926e-13,6.471245e-18,-2.6467716907e-13,0.0000e+00,0.9687
1020.41,-3.79585252e-13,3.203653e-13,6.440377e-18,-2.6467716907e-13,0.0000e+00,0.9687
1020.99,-3.81139564e-13,3.205080e-13,6.309239e-18,-2.6489921368e-13,0.0000e+00,0.9687
1021.56,-3.82471832e-13,3.206932e-13,5.922311e-18,-2.6512125828e-13,0.0000e+00,0.9687
1022.13,-3.82804899e-13,3.208355e-13,5.670901e-18,-2.6512125828e-13,0.0000e+00,0.9687
1022.70,-3.83915122e-13,3.210082e-13,5.619046e-18,-2.6545432519e-13,0.0000e+00,0.9687
1023.27,-3.85580456e-13,3.212876e-13,5.279056e-18,-2.6545432519e-13,0.0000e+00,0.9687
1023.85,-3.85580456e-13,3.215713e-13,4.545946e-18,-2.6567636979e-13,0.0000e+00,0.9687
1024.42,-3.85580456e-13,3.218133e-13,4.031977e-18,-2.6589841440e-13,0.0000e+00,0.9687
1024.99,-3.84581256e-13,3.219616e-13,3.906414e-18,-2.6589841440e-13,0.0000e+00,0.9687
1025.56,-3.82471832e-13,3.220672e-13,4.140707e-18,-2.6623148131e-13,0.0000e+00,0.9687
1026.13,-3.82471832e-13,3.220786e-13,4.140319e-18,-2.6667557051e-13,0.0000e+00,0.9687
1026.71,-3.82471832e-13,3.221103e-13,4.109576e-18,-2.6678659282e-13,0.0000e+00,0.9687
1027.28,-3.82471832e-13,3.221609e-13,4.547538e-18,-2.6700863742e-13,0.0000e+00,0.9687
1027.85,-3.82804899e-13,3.222548e-13,4.878532e-18,-2.6700863742e-13,0.0000e+00,0.9687
1028.42,-3.85580456e-13,3.222516e-13,5.074335e-18,-2.6700863742e-13,0.0000e+00,0.9687
1028.99,-3.87911925e-13,3.222785e-13,5.338264e-18,-2.6700863742e-13,0.0000e+00,0.9687
1029.57,-3.87911925e-13,3.223775e-13,5.519029e-18,-2.6723068203e-13,0.0000e+00,0.9687
1030.14,-3.83360010e-13,3.224857e-13,5.381725e-18,-2.6723068203e-13,0.0000e+00,0.9687
1030.71,-3.79474230e-13,3.225704e-13,5.907411e-18,-2.6723068203e-13,0.0000e+00,0.9687
1031.28,-3.79252185e-13,3.227304e-13,6.647354e-18,-2.6723068203e-13,0.0000e+00,0.9687
1031.85,-3.84248189e-13,3.229627e-13,6.844674e-18,-2.6756374893e-13,0.0000e+00,0.9687
1032.43,-3.90132371e-13,3.232336e-13,6.746864e-18,-2.6767477124e-13,0.0000e+00,0.9687
1033.00,-3.93018951e-13,3.235466e-13,6.925508e-18,-2.6811886045e-13,0.0000e+00,0.9687
1033.57,-3.91797705e-13,3.238749e-13,7.299623e-18,-2.6834090505e-13,0.0000e+00,0.9687
1034.14,-3.88578059e-13,3.241467e-13,7.566109e-18,-2.6856294966e-13,0.0000e+00,0.9687
1034.71,-3.90687482e-13,3.243410e-13,7.669506e-18,-2.6878499426e-13,0.0000e+00,0.9687
1035.29,-3.97792910e-13,3.245075e-13,7.403030e-18,-2.6878499426e-13,0.0000e+00,0.9687
1035.86,-4.03233003e-13,3.246448e-13,6.907731e-18,-2.6878499426e-13,0.0000e+00,0.9687
1036.43,-4.02455846e-13,3.247577e-13,6.907929e-18,-2.6878499426e-13,0.0000e+00,0.9687
1037.00,-3.95239397e-13,3.248522e-13,7.391417e-18,-2.6889601656e-13,0.0000e+00,0.9687
1037.57,-3.87467836e-13,3.249396e-13,8.113123e-18,-2.6934010577e-13,0.0000e+00,0.9687
1038.15,-3.84359211e-13,3.250036e-13,8.884872e-18,-2.6934010577e-13,0.0000e+00,0.9687
1038.72,-3.86246590e-13,3.251123e-13,9.595490e-18,-2.6934010577e-13,0.0000e+00,0.9687
1039.29,-3.87800903e-13,3.252099e-13,1.021339e-17,-2.6934010577e-13,0.0000e+00,0.9687
1039.86,-3.87911925e-13,3.253021e-13,1.055913e-17,-2.6934010577e-13,0.0000e+00,0.9687
1040.43,-3.87911925e-13,3.254382e-13,1.076353e-17,-2.6934010577e-13,0.0000e+00,0.9687
1041.01,-3.87800903e-13,3.255712e-13,1.113075e-17,-2.6934010577e-13,0.0000e+00,0.9687
1041.58,-3.88133969e-13,3.257293e-13,1.155174e-17,-2.6967317268e-13,0.0000e+00,0.9687
1042.15,-3.91131572e-13,3.258816e-13,1.203600e-17,-2.6967317268e-13,0.0000e+00,0.9687
1042.72,-3.93240995e-13,3.260134e-13,1.245369e-17,-2.6967317268e-13,0.0000e+00,0.9687
1043.29,-3.90465438e-13,3.260940e-13,1.278845e-17,-2.6989521729e-13,0.0000e+00,0.9687
1043.87,-3.85358412e-13,3.262677e-13,1.327470e-17,-2.6989521729e-13,0.0000e+00,0.9687
1044.44,-3.80473431e-13,3.263703e-13,1.406169e-17,-2.7022828419e-13,0.0000e+00,0.9687
1045.01,-3.83026943e-13,3.265031e-13,1.506993e-17,-2.7022828419e-13,0.0000e+00,0.9687
1045.58,-3.92130772e-13,3.266107e-13,1.547412e-17,-2.7033930650e-13,0.0000e+00,0.9687
1046.15,-4.01123579e-13,3.268135e-13,1.587999e-17,-2.7067237340e-13,0.0000e+00,0.9687
1046.73,-4.06230605e-13,3.270485e-13,1.635250e-17,-2.7067237340e-13,0.0000e+00,0.9687
1047.30,-4.05231404e-13,3.272484e-13,1.695913e-17,-2.7067237340e-13,0.0000e+00,0.9687
1047.87,-3.98236999e-13,3.273998e-13,1.710606e-17,-2.7067237340e-13,0.0000e+00,0.9687
1048.44,-3.91020549e-13,3.275405e-13,1.679642e-17,-2.7100544031e-13,0.0000e+00,0.9687
1049.01,-3.86468635e-13,3.276583e-13,1.698455e-17,-2.7100544031e-13,0.0000e+00,0.9687
1049.59,-3.87467836e-13,3.278096e-13,1.736691e-17,-2.7100544031e-13,0.0000e+00,0.9687
1050.16,-3.92130772e-13,3.280016e-13,1.769113e-17,-2.7111646261e-13,0.0000e+00,0.9687
1050.73,-3.96460642e-13,3.281422e-13,1.807107e-17,-2.7111646261e-13,0.0000e+00,0.9687
1051.30,-3.97459843e-13,3.283417e-13,1.836966e-17,-2.7144952952e-13,0.0000e+00,0.9687
1051.87,-3.98236999e-13,3.284908e-13,1.828987e-17,-2.7167157413e-13,0.0000e+00,0.9687
1052.45,-3.99680289e-13,3.286678e-13,1.809754e-17,-2.7189361873e-13,0.0000e+00,0.9687
1053.02,-3.99680289e-13,3.287569e-13,1.797647e-17,-2.7200464103e-13,0.0000e+00,0.9687
1053.59,-3.96238597e-13,3.288649e-13,1.809763e-17,-2.7200464103e-13,0.0000e+00,0.9687
1054.16,-3.91131572e-13,3.290059e-13,1.845234e-17,-2.7200464103e-13,0.0000e+00,0.9687
1054.73,-3.89244192e-13,3.291646e-13,1.872439e-17,-2.7200464103e-13,0.0000e+00,0.9687
1055.31,-3.90687482e-13,3.293327e-13,1.848227e-17,-2.7211566334e-13,0.0000e+00,0.9687
1055.88,-3.93018951e-13,3.295075e-13,1.820628e-17,-2.7233770794e-13,0.0000e+00,0.9687
1056.45,-3.92463839e-13,3.296367e-13,1.818597e-17,-2.7255975255e-13,0.0000e+00,0.9687
1057.02,-3.90354415e-13,3.297665e-13,1.805560e-17,-2.7255975255e-13,0.0000e+00,0.9687
1057.59,-3.87134769e-13,3.299605e-13,1.781200e-17,-2.7278179715e-13,0.0000e+00,0.9687
1058.17,-3.86579657e-13,3.301866e-13,1.718512e-17,-2.7278179715e-13,0.0000e+00,0.9687
1058.74,-3.88578059e-13,3.304018e-13,1.681081e-17,-2.7289281945e-13,0.0000e+00,0.9687
1059.31,-3.91353616e-13,3.306065e-13,1.684358e-17,-2.7289281945e-13,0.0000e+00,0.9687
1059.88,-3.92907928e-13,3.308074e-13,1.691265e-17,-2.7300384176e-13,0.0000e+00,0.9687
1060.45,-3.92130772e-13,3.310647e-13,1.668949e-17,-2.7322588636e-13,0.0000e+00,0.9687
1061.03,-3.91686683e-13,3.313157e-13,1.663403e-17,-2.7344793097e-13,0.0000e+00,0.9687
1061.60,-3.92685884e-13,3.315569e-13,1.677436e-17,-2.7366997557e-13,0.0000e+00,0.9687
1062.17,-3.97459843e-13,3.318278e-13,1.694935e-17,-2.7378099787e-13,0.0000e+00,0.9687
1062.74,-4.01345623e-13,3.321147e-13,1.700827e-17,-2.7411406478e-13,0.0000e+00,0.9687
1063.31,-4.01345623e-13,3.323492e-13,1.675571e-17,-2.7422508708e-13,0.0000e+00,0.9687
1063.89,-3.97792910e-13,3.325248e-13,1.620939e-17,-2.7422508708e-13,0.0000e+00,0.9687
1064.46,-3.97459843e-13,3.327786e-13,1.562676e-17,-2.7433610938e-13,0.0000e+00,0.9687
1065.03,-4.00124378e-13,3.330135e-13,1.506909e-17,-2.7466917629e-13,0.0000e+00,0.9687
1065.60,-4.03566069e-13,3.332573e-13,1.465187e-17,-2.7489122090e-13,0.0000e+00,0.9687
1066.17,-4.04343226e-13,3.334798e-13,1.442968e-17,-2.7522428780e-13,0.0000e+00,0.9687
1066.75,-4.00346423e-13,3.336294e-13,1.429526e-17,-2.7522428780e-13,0.0000e+00,0.9687
1067.32,-3.94684285e-13,3.337800e-13,1.443265e-17,-2.7533531011e-13,0.0000e+00,0.9687
1067.89,-3.90132371e-13,3.339539e-13,1.443917e-17,-2.7555735471e-13,0.0000e+00,0.9687
1068.46,-3.89466237e-13,3.341975e-13,1.411286e-17,-2.7577939932e-13,0.0000e+00,0.9687
1069.03,-3.92130772e-13,3.343944e-13,1.339161e-17,-2.7577939932e-13,0.0000e+00,0.9687
1069.61,-3.96793709e-13,3.345727e-13,1.243757e-17,-2.7600144392e-13,0.0000e+00,0.9687
1070.18,-4.02011757e-13,3.346982e-13,1.173994e-17,-2.7644553313e-13,0.0000e+00,0.9687
1070.75,-4.06119582e-13,3.348075e-13,1.136503e-17,-2.7644553313e-13,0.0000e+00,0.9687
1071.32,-4.06785716e-13,3.350340e-13,1.099904e-17,-2.7644553313e-13,0.0000e+00,0.9687
1071.89,-4.04010159e-13,3.352870e-13,1.068169e-17,-2.7644553313e-13,0.0000e+00,0.9687
1072.47,-4.00346423e-13,3.355711e-13,1.025201e-17,-2.7666757774e-13,0.0000e+00,0.9687
1073.04,-3.98570066e-13,3.358643e-13,9.860851e-18,-2.7688962234e-13,0.0000e+00,0.9687
1073.61,-3.99125177e-13,3.361042e-13,9.421476e-18,-2.7700064464e-13,0.0000e+00,0.9687
1074.18,-3.99125177e-13,3.362550e-13,8.946786e-18,-2.7711166695e-13,0.0000e+00,0.9687
1074.75,-3.99236200e-13,3.363608e-13,8.493857e-18,-2.7711166695e-13,0.0000e+00,0.9687
1075.33,-3.99236200e-13,3.364882e-13,7.937423e-18,-2.7711166695e-13,0.0000e+00,0.9687
1075.90,-4.00679490e-13,3.365765e-13,7.608089e-18,-2.7733371155e-13,0.0000e+00,0.9687
1076.47,-4.03677092e-13,3.366292e-13,7.689166e-18,-2.7733371155e-13,0.0000e+00,0.9687
1077.04,-4.03677092e-13,3.367335e-13,7.910918e-18,-2.7733371155e-13,0.0000e+00,0.9687
1077.61,-4.00124378e-13,3.368936e-13,8.267283e-18,-2.7733371155e-13,0.0000e+00,0.9687
1078.19,-3.96127575e-13,3.370721e-13,8.280704e-18,-2.7744473385e-13,0.0000e+00,0.9687
1078.76,-3.96127575e-13,3.372813e-13,8.101652e-18,-2.7777780076e-13,0.0000e+00,0.9687
1079.33,-4.00013356e-13,3.375118e-13,7.963141e-18,-2.7788882306e-13,0.0000e+00,0.9687
1079.90,-4.03677092e-13,3.376954e-13,8.408879e-18,-2.7799984537e-13,0.0000e+00,0.9687
1080.47,-4.05675493e-13,3.378711e-13,9.130742e-18,-2.7833291227e-13,0.0000e+00,0.9687
1081.05,-4.05342426e-13,3.379937e-13,8.418352e-18,-2.7844393458e-13,0.0000e+00,0.9687
1081.62,-4.01678690e-13,3.381225e-13,7.743774e-18,-2.7844393458e-13,0.0000e+00,0.9687
1082.19,-3.98570066e-13,3.382931e-13,7.233141e-18,-2.7866597918e-13,0.0000e+00,0.9687
1082.76,-3.99236200e-13,3.385052e-13,6.884482e-18,-2.7877700148e-13,0.0000e+00,0.9687
1083.33,-4.03010958e-13,3.386596e-13,6.494552e-18,-2.7911006839e-13,0.0000e+00,0.9687
1083.90,-4.07562872e-13,3.388084e-13,6.084777e-18,-2.7911006839e-13,0.0000e+00,0.9687
1084.48,-4.08784118e-13,3.388537e-13,5.831720e-18,-2.7922109069e-13,0.0000e+00,0.9687
1085.05,-4.05342426e-13,3.390631e-13,5.908110e-18,-2.7922109069e-13,0.0000e+00,0.9687
1085.62,-4.02011757e-13,3.393113e-13,6.178579e-18,-2.7933211300e-13,0.0000e+00,0.9687
1086.19,-4.02011757e-13,3.395203e-13,6.444933e-18,-2.7977620221e-13,0.0000e+00,0.9687
1086.76,-4.04343226e-13,3.397059e-13,6.338492e-18,-2.8010926911e-13,0.0000e+00,0.9687
1087.34,-4.06452649e-13,3.398767e-13,6.406461e-18,-2.8010926911e-13,0.0000e+00,0.9687
1087.91,-4.05897538e-13,3.399913e-13,6.141670e-18,-2.8055335832e-13,0.0000e+00,0.9687
1088.48,-4.05009359e-13,3.401373e-13,5.447567e-18,-2.8055335832e-13,0.0000e+00,0.9687
1089.05,-4.05009359e-13,3.403486e-13,5.529065e-18,-2.8055335832e-13,0.0000e+00,0.9687
1089.62,-4.06119582e-13,3.405379e-13,5.489274e-18,-2.8066438063e-13,0.0000e+00,0.9687
1090.20,-4.07562872e-13,3.407571e-13,5.382856e-18,-2.8088642523e-13,0.0000e+00,0.9687
1090.77,-4.08895140e-13,3.409517e-13,5.514750e-18,-2.8088642523e-13,0.0000e+00,0.9687
1091.34,-4.08562073e-13,3.410877e-13,5.801049e-18,-2.8099744753e-13,0.0000e+00,0.9687
1091.91,-4.08562073e-13,3.411490e-13,5.700530e-18,-2.8110846984e-13,0.0000e+00,0.9687
1092.48,-4.08562073e-13,3.412107e-13,5.929483e-18,-2.8110846984e-13,0.0000e+00,0.9687
1093.06,-4.08562073e-13,3.413259e-13,5.945524e-18,-2.8133051444e-13,0.0000e+00,0.9687
1093.63,-4.08229006e-13,3.413963e-13,5.756989e-18,-2.8133051444e-13,0.0000e+00,0.9687
1094.20,-4.05564471e-13,3.414300e-13,5.541342e-18,-2.8133051444e-13,0.0000e+00,0.9687
1094.77,-4.03566069e-13,3.415065e-13,5.198380e-18,-2.8133051444e-13,0.0000e+00,0.9687
1095.34,-4.03566069e-13,3.416342e-13,5.136109e-18,-2.8144153674e-13,0.0000e+00,0.9687
1095.92,-4.03566069e-13,3.417608e-13,5.129313e-18,-2.8155255904e-13,0.0000e+00,0.9687
1096.49,-4.03677092e-13,3.419393e-13,5.300412e-18,-2.8155255904e-13,0.0000e+00,0.9687
1097.06,-4.04898337e-13,3.420750e-13,5.568736e-18,-2.8155255904e-13,0.0000e+00,0.9687
1097.63,-4.07562872e-13,3.421846e-13,5.889708e-18,-2.8177460365e-13,0.0000e+00,0.9687
1098.20,-4.10671497e-13,3.422732e-13,6.330155e-18,-2.8177460365e-13,0.0000e+00,0.9687
1098.78,-4.12336831e-13,3.423925e-13,6.640966e-18,-2.8155255904e-13,0.0000e+00,0.9687
1099.35,-4.11004564e-13,3.424839e-13,6.915330e-18,-2.8177460365e-13,0.0000e+00,0.9687
1099.92,-4.07451850e-13,3.426193e-13,7.217844e-18,-2.8177460365e-13,0.0000e+00,0.9687
1100.49,-4.04232203e-13,3.427066e-13,7.180576e-18,-2.8188562595e-13,0.0000e+00,0.9687
1101.06,-4.03677092e-13,3.427509e-13,7.088768e-18,-2.8188562595e-13,0.0000e+00,0.9687
1101.64,-4.07895939e-13,3.427850e-13,7.099128e-18,-2.8188562595e-13,0.0000e+00,0.9687
1102.21,-4.13225010e-13,3.428911e-13,7.124918e-18,-2.8188562595e-13,0.0000e+00,0.9687
1102.78,-4.18887147e-13,3.429933e-13,7.032939e-18,-2.8188562595e-13,0.0000e+00,0.9687
1103.35,-4.22661905e-13,3.431302e-13,6.982131e-18,-2.8177460365e-13,0.0000e+00,0.9687
1103.92,-4.23550084e-13,3.431833e-13,7.023822e-18,-2.8177460365e-13,0.0000e+00,0.9687
1104.50,-4.21329638e-13,3.433311e-13,7.163303e-18,-2.8199664825e-13,0.0000e+00,0.9687
1105.07,-4.17443857e-13,3.433207e-13,7.468612e-18,-2.8221869286e-13,0.0000e+00,0.9687
1105.64,-4.14668300e-13,3.433526e-13,7.519697e-18,-2.8221869286e-13,0.0000e+00,0.9687
1106.21,-4.14335233e-13,3.435189e-13,7.683240e-18,-2.8221869286e-13,0.0000e+00,0.9687
1106.78,-4.14557277e-13,3.435608e-13,7.950004e-18,-2.8232971516e-13,0.0000e+00,0.9687
1107.36,-4.14335233e-13,3.436896e-13,7.935974e-18,-2.8277380437e-13,0.0000e+00,0.9687
1107.93,-4.14335233e-13,3.437824e-13,7.487477e-18,-2.8277380437e-13,0.0000e+00,0.9687
1108.50,-4.14557277e-13,3.438857e-13,7.663923e-18,-2.8288482667e-13,0.0000e+00,0.9687
1109.07,-4.14557277e-13,3.439834e-13,8.239128e-18,-2.8310687128e-13,0.0000e+00,0.9687
1109.64,-4.15778523e-13,3.441412e-13,8.330597e-18,-2.8321789358e-13,0.0000e+00,0.9687
1110.22,-4.17110790e-13,3.443516e-13,8.140313e-18,-2.8310687128e-13,0.0000e+00,0.9687
1110.79,-4.18443058e-13,3.443824e-13,7.803627e-18,-2.8332891588e-13,0.0000e+00,0.9687
1111.36,-4.19775326e-13,3.445256e-13,7.655170e-18,-2.8366198279e-13,0.0000e+00,0.9687
1111.93,-4.20441459e-13,3.446093e-13,7.760310e-18,-2.8366198279e-13,0.0000e+00,0.9687
1112.50,-4.20441459e-13,3.447077e-13,7.939896e-18,-2.8366198279e-13,0.0000e+00,0.9687
1113.08,-4.20441459e-13,3.447903e-13,8.014985e-18,-2.8366198279e-13,0.0000e+00,0.9687
1113.65,-4.20663504e-13,3.448609e-13,7.926737e-18,-2.8377300509e-13,0.0000e+00,0.9687
1114.22,-4.18109991e-13,3.449277e-13,7.774598e-18,-2.8388402740e-13,0.0000e+00,0.9687
1114.79,-4.14335233e-13,3.449589e-13,7.351937e-18,-2.8410607200e-13,0.0000e+00,0.9687
1115.36,-4.11337631e-13,3.450651e-13,6.673765e-18,-2.8421709430e-13,0.0000e+00,0.9687
1115.94,-4.12336831e-13,3.451365e-13,6.580937e-18,-2.8432811661e-13,0.0000e+00,0.9687
1116.51,-4.16444657e-13,3.452299e-13,6.700097e-18,-2.8432811661e-13,0.0000e+00,0.9687
1117.08,-4.21329638e-13,3.453039e-13,6.685762e-18,-2.8432811661e-13,0.0000e+00,0.9687
1117.65,-4.25770530e-13,3.454675e-13,6.496286e-18,-2.8455016121e-13,0.0000e+00,0.9687
1118.22,-4.29656311e-13,3.456592e-13,6.587048e-18,-2.8466118351e-13,0.0000e+00,0.9687
1118.80,-4.30988578e-13,3.457547e-13,6.728924e-18,-2.8466118351e-13,0.0000e+00,0.9687
1119.37,-4.28768132e-13,3.458730e-13,7.188362e-18,-2.8466118351e-13,0.0000e+00,0.9687
1119.94,-4.25215418e-13,3.460260e-13,7.405950e-18,-2.8499425042e-13,0.0000e+00,0.9687
1120.51,-4.21440660e-13,3.462174e-13,7.847662e-18,-2.8499425042e-13,0.0000e+00,0.9687
1121.08,-4.19664303e-13,3.464274e-13,7.935442e-18,-2.8510527272e-13,0.0000e+00,0.9687
1121.66,-4.21107593e-13,3.465891e-13,8.011296e-18,-2.8510527272e-13,0.0000e+00,0.9687
1122.23,-4.24549285e-13,3.467731e-13,8.066657e-18,-2.8510527272e-13,0.0000e+00,0.9687
1122.80,-4.28101998e-13,3.469120e-13,8.090089e-18,-2.8521629503e-13,0.0000e+00,0.9687
1123.37,-4.28546088e-13,3.470288e-13,7.763740e-18,-2.8543833963e-13,0.0000e+00,0.9687
1123.94,-4.28101998e-13,3.471342e-13,7.618893e-18,-2.8554936193e-13,0.0000e+00,0.9687
1124.52,-4.27768931e-13,3.472262e-13,8.176478e-18,-2.8554936193e-13,0.0000e+00,0.9687
1125.09,-4.27768931e-13,3.473234e-13,8.351423e-18,-2.8566038424e-13,0.0000e+00,0.9687
1125.66,-4.28101998e-13,3.474214e-13,8.133931e-18,-2.8566038424e-13,0.0000e+00,0.9687
1126.23,-4.29101199e-13,3.475244e-13,7.990780e-18,-2.8588242884e-13,0.0000e+00,0.9687
1126.80,-4.31654712e-13,3.476359e-13,8.002845e-18,-2.8610447345e-13,0.0000e+00,0.9687
1127.38,-4.35207426e-13,3.478006e-13,7.604790e-18,-2.8610447345e-13,0.0000e+00,0.9687
1127.95,-4.35873559e-13,3.480658e-13,7.530900e-18,-2.8643754035e-13,0.0000e+00,0.9687
1128.52,-4.34541292e-13,3.482819e-13,7.401202e-18,-2.8654856266e-13,0.0000e+00,0.9687
1129.09,-4.31765734e-13,3.484743e-13,6.735198e-18,-2.8677060726e-13,0.0000e+00,0.9687
1129.66,-4.31765734e-13,3.486596e-13,6.396997e-18,-2.8688162956e-13,0.0000e+00,0.9687
1130.24,-4.32986980e-13,3.488849e-13,6.202670e-18,-2.8699265187e-13,0.0000e+00,0.9687
1130.81,-4.36095604e-13,3.491818e-13,6.033645e-18,-2.8721469647e-13,0.0000e+00,0.9687
1131.38,-4.38649117e-13,3.494588e-13,6.053341e-18,-2.8743674108e-13,0.0000e+00,0.9687
1131.95,-4.38205028e-13,3.497202e-13,6.631745e-18,-2.8765878568e-13,0.0000e+00,0.9687
1132.52,-4.34208225e-13,3.499223e-13,7.086934e-18,-2.8776980798e-13,0.0000e+00,0.9687
1133.10,-4.29101199e-13,3.501482e-13,7.487327e-18,-2.8810287489e-13,0.0000e+00,0.9687
1133.67,-4.25770530e-13,3.503159e-13,8.202000e-18,-2.8810287489e-13,0.0000e+00,0.9687
1134.24,-4.27102798e-13,3.505089e-13,8.519377e-18,-2.8810287489e-13,0.0000e+00,0.9687
1134.81,-4.29101199e-13,3.506938e-13,8.825362e-18,-2.8832491950e-13,0.0000e+00,0.9687
1135.38,-4.31765734e-13,3.508673e-13,8.932701e-18,-2.8854696410e-13,0.0000e+00,0.9687
1135.96,-4.32986980e-13,3.510611e-13,9.406895e-18,-2.8876900871e-13,0.0000e+00,0.9687
1136.53,-4.32542890e-13,3.512698e-13,9.896501e-18,-2.8899105331e-13,0.0000e+00,0.9687
1137.10,-4.32875957e-13,3.514554e-13,9.749714e-18,-2.8943514252e-13,0.0000e+00,0.9687
1137.67,-4.33209024e-13,3.516685e-13,9.777797e-18,-2.8943514252e-13,0.0000e+00,0.9687
1138.24,-4.33209024e-13,3.518501e-13,9.824518e-18,-2.8987923173e-13,0.0000e+00,0.9687
1138.82,-4.33653113e-13,3.520749e-13,9.858952e-18,-2.8987923173e-13,0.0000e+00,0.9687
1139.39,-4.34985381e-13,3.522578e-13,9.725975e-18,-2.8999025403e-13,0.0000e+00,0.9687
1139.96,-4.35873559e-13,3.525316e-13,9.528980e-18,-2.9032332094e-13,0.0000e+00,0.9687
1140.53,-4.36872760e-13,3.527910e-13,9.412543e-18,-2.9032332094e-13,0.0000e+00,0.9687
1141.10,-4.37538894e-13,3.530659e-13,9.365862e-18,-2.9043434324e-13,0.0000e+00,0.9687
1141.68,-4.36872760e-13,3.532985e-13,9.408701e-18,-2.9054536554e-13,0.0000e+00,0.9687
1142.25,-4.37427872e-13,3.536253e-13,9.696928e-18,-2.9087843245e-13,0.0000e+00,0.9687
1142.82,-4.37205827e-13,3.539077e-13,1.027472e-17,-2.9098945475e-13,0.0000e+00,0.9687
1143.39,-4.37427872e-13,3.542177e-13,1.079118e-17,-2.9098945475e-13,0.0000e+00,0.9687
1143.96,-4.37427872e-13,3.544507e-13,1.108606e-17,-2.9098945475e-13,0.0000e+00,0.9687
1144.53,-4.38094006e-13,3.546298e-13,1.105964e-17,-2.9121149936e-13,0.0000e+00,0.9687
1145.11,-4.39648318e-13,3.548082e-13,1.063013e-17,-2.9165558857e-13,0.0000e+00,0.9687
1145.68,-4.39759340e-13,3.549006e-13,1.013787e-17,-2.9187763317e-13,0.0000e+00,0.9687
1146.25,-4.35762537e-13,3.550441e-13,1.010469e-17,-2.9209967778e-13,0.0000e+00,0.9687
1146.82,-4.30766534e-13,3.551356e-13,1.035319e-17,-2.9209967778e-13,0.0000e+00,0.9687
1147.39,-4.30766534e-13,3.553024e-13,1.059449e-17,-2.9209967778e-13,0.0000e+00,0.9687
1147.97,-4.38760139e-13,3.554675e-13,1.069531e-17,-2.9221070008e-13,0.0000e+00,0.9687
1148.54,-4.50417481e-13,3.556685e-13,1.071561e-17,-2.9232172238e-13,0.0000e+00,0.9687
1149.11,-4.58966198e-13,3.558967e-13,1.064103e-17,-2.9265478929e-13,0.0000e+00,0.9687
1149.68,-4.58078020e-13,3.561326e-13,1.072284e-17,-2.9265478929e-13,0.0000e+00,0.9687
1150.25,-4.50417481e-13,3.563885e-13,1.109122e-17,-2.9276581159e-13,0.0000e+00,0.9687
1150.83,-4.41979786e-13,3.566100e-13,1.167719e-17,-2.9276581159e-13,0.0000e+00,0.9687
1151.40,-4.38649117e-13,3.567926e-13,1.188034e-17,-2.9276581159e-13,0.0000e+00,0.9687
1151.97,-4.39093206e-13,3.569333e-13,1.174583e-17,-2.9276581159e-13,0.0000e+00,0.9687
1152.54,-4.40647518e-13,3.570425e-13,1.180649e-17,-2.9276581159e-13,0.0000e+00,0.9687
1153.11,-4.39981385e-13,3.571543e-13,1.199246e-17,-2.9287683390e-13,0.0000e+00,0.9687
1153.69,-4.40092407e-13,3.572568e-13,1.216833e-17,-2.9309887850e-13,0.0000e+00,0.9687
1154.26,-4.40092407e-13,3.573209e-13,1.234292e-17,-2.9320990080e-13,0.0000e+00,0.9687
1154.83,-4.41091608e-13,3.573934e-13,1.256612e-17,-2.9309887850e-13,0.0000e+00,0.9687
1155.40,-4.42201831e-13,3.574779e-13,1.274511e-17,-2.9309887850e-13,0.0000e+00,0.9687
1155.97,-4.41757741e-13,3.575747e-13,1.308005e-17,-2.9332092311e-13,0.0000e+00,0.9687
1156.55,-4.41757741e-13,3.577220e-13,1.401084e-17,-2.9354296771e-13,0.0000e+00,0.9687
1157.12,-4.41091608e-13,3.579012e-13,1.449726e-17,-2.9376501232e-13,0.0000e+00,0.9687
1157.69,-4.41091608e-13,3.580630e-13,1.421539e-17,-2.9409807922e-13,0.0000e+00,0.9687
1158.26,-4.41091608e-13,3.583004e-13,1.367230e-17,-2.9420910153e-13,0.0000e+00,0.9687
1158.83,-4.41313652e-13,3.584767e-13,1.324526e-17,-2.9443114613e-13,0.0000e+00,0.9687
1159.41,-4.41313652e-13,3.586285e-13,1.314737e-17,-2.9443114613e-13,0.0000e+00,0.9687
1159.98,-4.40092407e-13,3.587452e-13,1.335519e-17,-2.9454216843e-13,0.0000e+00,0.9687
1160.55,-4.37760939e-13,3.588712e-13,1.348163e-17,-2.9465319074e-13,0.0000e+00,0.9687
1161.12,-4.37094805e-13,3.590118e-13,1.359712e-17,-2.9487523534e-13,0.0000e+00,0.9687
1161.69,-4.38205028e-13,3.591803e-13,1.353246e-17,-2.9531932455e-13,0.0000e+00,0.9687
1162.27,-4.41979786e-13,3.593098e-13,1.323154e-17,-2.9531932455e-13,0.0000e+00,0.9687
1162.84,-4.45754544e-13,3.594669e-13,1.299894e-17,-2.9531932455e-13,0.0000e+00,0.9687
1163.41,-4.47086812e-13,3.596171e-13,1.301417e-17,-2.9543034685e-13,0.0000e+00,0.9687
1163.98,-4.46531701e-13,3.597762e-13,1.335721e-17,-2.9576341376e-13,0.0000e+00,0.9687
1164.55,-4.46420678e-13,3.599287e-13,1.370680e-17,-2.9576341376e-13,0.0000e+00,0.9687
1165.13,-4.46420678e-13,3.601286e-13,1.346915e-17,-2.9576341376e-13,0.0000e+00,0.9687
1165.70,-4.46864767e-13,3.603536e-13,1.301626e-17,-2.9576341376e-13,0.0000e+00,0.9687
1166.27,-4.46864767e-13,3.605281e-13,1.264518e-17,-2.9587443606e-13,0.0000e+00,0.9687
1166.84,-4.46864767e-13,3.607035e-13,1.236852e-17,-2.9598545837e-13,0.0000e+00,0.9687
1167.41,-4.46864767e-13,3.608319e-13,1.215110e-17,-2.9620750297e-13,0.0000e+00,0.9687
1167.99,-4.47530901e-13,3.609432e-13,1.210039e-17,-2.9631852527e-13,0.0000e+00,0.9687
1168.56,-4.48974191e-13,3.610477e-13,1.271908e-17,-2.9631852527e-13,0.0000e+00,0.9687
1169.13,-4.49418280e-13,3.611650e-13,1.324780e-17,-2.9665159218e-13,0.0000e+00,0.9687
1169.70,-4.47863968e-13,3.611660e-13,1.230849e-17,-2.9676261448e-13,0.0000e+00,0.9687
1170.27,-4.46753745e-13,3.612773e-13,1.095775e-17,-2.9665159218e-13,0.0000e+00,0.9687
1170.85,-4.47197834e-13,3.614718e-13,1.020455e-17,-2.9676261448e-13,0.0000e+00,0.9687
1171.42,-4.50750548e-13,3.617451e-13,9.998693e-18,-2.9687363678e-13,0.0000e+00,0.9687
1171.99,-4.54303262e-13,3.620624e-13,1.052113e-17,-2.9709568139e-13,0.0000e+00,0.9687
1172.56,-4.54303262e-13,3.623683e-13,1.069956e-17,-2.9731772599e-13,0.0000e+00,0.9687
1173.13,-4.50084414e-13,3.626238e-13,1.008403e-17,-2.9753977060e-13,0.0000e+00,0.9687
1173.71,-4.44866366e-13,3.628523e-13,9.866436e-18,-2.9753977060e-13,0.0000e+00,0.9687
1174.28,-4.42312853e-13,3.630140e-13,9.614176e-18,-2.9809488211e-13,0.0000e+00,0.9687
1174.85,-4.43978188e-13,3.632070e-13,9.157683e-18,-2.9809488211e-13,0.0000e+00,0.9687
1175.42,-4.49307258e-13,3.633168e-13,8.693756e-18,-2.9809488211e-13,0.0000e+00,0.9687
1175.99,-4.53859172e-13,3.634439e-13,8.514200e-18,-2.9842794902e-13,0.0000e+00,0.9687
1176.57,-4.54303262e-13,3.636556e-13,8.432993e-18,-2.9853897132e-13,0.0000e+00,0.9687
1177.14,-4.52970994e-13,3.638204e-13,8.910904e-18,-2.9853897132e-13,0.0000e+00,0.9687
1177.71,-4.52304860e-13,3.639785e-13,9.531231e-18,-2.9887203823e-13,0.0000e+00,0.9687
1178.28,-4.53637128e-13,3.641874e-13,9.408938e-18,-2.9898306053e-13,0.0000e+00,0.9687
1178.85,-4.56079619e-13,3.643615e-13,9.040861e-18,-2.9898306053e-13,0.0000e+00,0.9687
1179.43,-4.56079619e-13,3.644255e-13,8.524035e-18,-2.9898306053e-13,0.0000e+00,0.9687
1180.00,-4.55857574e-13,3.644483e-13,7.999276e-18,-2.9909408283e-13,0.0000e+00,0.9687
1180.57,-4.55413485e-13,3.645346e-13,7.505611e-18,-2.9942714974e-13,0.0000e+00,0.9687
1181.14,-4.57855975e-13,3.646742e-13,7.001040e-18,-2.9953817204e-13,0.0000e+00,0.9687
1181.71,-4.63629135e-13,3.648734e-13,6.570343e-18,-2.9953817204e-13,0.0000e+00,0.9687
1182.29,-4.68958206e-13,3.651265e-13,6.359486e-18,-2.9976021665e-13,0.0000e+00,0.9687
1182.86,-4.66737760e-13,3.653272e-13,6.139294e-18,-2.9976021665e-13,0.0000e+00,0.9687
1183.43,-4.58300065e-13,3.655832e-13,5.863509e-18,-2.9976021665e-13,0.0000e+00,0.9687
1184.00,-4.48752147e-13,3.657812e-13,5.680771e-18,-2.9987123895e-13,0.0000e+00,0.9687
1184.57,-4.41424675e-13,3.659449e-13,5.407271e-18,-2.9987123895e-13,0.0000e+00,0.9687
1185.15,-4.42534898e-13,3.660867e-13,4.928788e-18,-2.9998226125e-13,0.0000e+00,0.9687
1185.72,-4.50972593e-13,3.661655e-13,4.569991e-18,-2.9998226125e-13,0.0000e+00,0.9687
1186.29,-4.63185046e-13,3.662284e-13,4.539133e-18,-2.9998226125e-13,0.0000e+00,0.9687
1186.86,-4.71844785e-13,3.663254e-13,4.758500e-18,-3.0020430586e-13,0.0000e+00,0.9687
1187.43,-4.73510120e-13,3.664334e-13,5.092417e-18,-3.0020430586e-13,0.0000e+00,0.9687
1188.01,-4.68736161e-13,3.665354e-13,5.302742e-18,-3.0042635046e-13,0.0000e+00,0.9687
1188.58,-4.63851180e-13,3.666512e-13,5.599732e-18,-3.0042635046e-13,0.0000e+00,0.9687
1189.15,-4.61630734e-13,3.667649e-13,5.697888e-18,-3.0042635046e-13,0.0000e+00,0.9687
1189.72,-4.61963801e-13,3.669138e-13,5.787081e-18,-3.0064839507e-13,0.0000e+00,0.9687
1190.29,-4.62518912e-13,3.670354e-13,5.929752e-18,-3.0064839507e-13,0.0000e+00,0.9687
1190.87,-4.60964600e-13,3.670812e-13,6.295053e-18,-3.0064839507e-13,0.0000e+00,0.9687
1191.44,-4.60631533e-13,3.672233e-13,6.745444e-18,-3.0109248428e-13,0.0000e+00,0.9687
1192.01,-4.61630734e-13,3.673825e-13,6.565234e-18,-3.0109248428e-13,0.0000e+00,0.9687
1192.58,-4.64517314e-13,3.675099e-13,6.806175e-18,-3.0131452888e-13,0.0000e+00,0.9687
1193.15,-4.65405492e-13,3.676509e-13,6.882444e-18,-3.0175861809e-13,0.0000e+00,0.9687
1193.73,-4.65072425e-13,3.677850e-13,6.687565e-18,-3.0175861809e-13,0.0000e+00,0.9687
1194.30,-4.64628336e-13,3.679391e-13,6.427395e-18,-3.0220270730e-13,0.0000e+00,0.9687
1194.87,-4.64517314e-13,3.680866e-13,6.179480e-18,-3.0220270730e-13,0.0000e+00,0.9687
1195.44,-4.66737760e-13,3.682572e-13,6.035003e-18,-3.0220270730e-13,0.0000e+00,0.9687
1196.01,-4.69069228e-13,3.684152e-13,5.807177e-18,-3.0253577421e-13,0.0000e+00,0.9687
1196.59,-4.69069228e-13,3.684764e-13,5.665453e-18,-3.0253577421e-13,0.0000e+00,0.9687
1197.16,-4.66182648e-13,3.685274e-13,5.717725e-18,-3.0264679651e-13,0.0000e+00,0.9687
1197.73,-4.63851180e-13,3.686332e-13,5.688127e-18,-3.0309088572e-13,0.0000e+00,0.9687
1198.30,-4.63296068e-13,3.687617e-13,5.471461e-18,-3.0309088572e-13,0.0000e+00,0.9687
1198.87,-4.64850380e-13,3.688929e-13,5.591463e-18,-3.0309088572e-13,0.0000e+00,0.9687
1199.45,-4.65516514e-13,3.690236e-13,5.591698e-18,-3.0342395263e-13,0.0000e+00,0.9687
1200.02,-4.65516514e-13,3.691716e-13,5.371272e-18,-3.0364599723e-13,0.0000e+00,0.9687
1200.59,-4.65072425e-13,3.692811e-13,5.149664e-18,-3.0364599723e-13,0.0000e+00,0.9687
1201.16,-4.64628336e-13,3.693750e-13,5.038004e-18,-3.0386804184e-13,0.0000e+00,0.9687
1201.73,-4.65405492e-13,3.694672e-13,4.941770e-18,-3.0386804184e-13,0.0000e+00,0.9687
1202.31,-4.66737760e-13,3.696194e-13,4.826489e-18,-3.0397906414e-13,0.0000e+00,0.9687
1202.88,-4.66404693e-13,3.698330e-13,5.266296e-18,-3.0431213105e-13,0.0000e+00,0.9687
1203.45,-4.63962202e-13,3.700558e-13,5.502147e-18,-3.0442315335e-13,0.0000e+00,0.9687
1204.02,-4.62185845e-13,3.702732e-13,5.840780e-18,-3.0453417565e-13,0.0000e+00,0.9687
1204.59,-4.62296867e-13,3.704639e-13,6.133617e-18,-3.0475622026e-13,0.0000e+00,0.9687
1205.16,-4.66071626e-13,3.706191e-13,5.874849e-18,-3.0475622026e-13,0.0000e+00,0.9687
1205.74,-4.71622741e-13,3.707778e-13,5.380231e-18,-3.0486724256e-13,0.0000e+00,0.9687
1206.31,-4.75841588e-13,3.708855e-13,5.731592e-18,-3.0497826486e-13,0.0000e+00,0.9687
1206.88,-4.75730566e-13,3.709730e-13,6.533425e-18,-3.0497826486e-13,0.0000e+00,0.9687
1207.45,-4.71844785e-13,3.710790e-13,7.311842e-18,-3.0520030947e-13,0.0000e+00,0.9687
1208.02,-4.68625139e-13,3.711501e-13,7.870332e-18,-3.0531133177e-13,0.0000e+00,0.9687
1208.60,-4.67847983e-13,3.712776e-13,7.757568e-18,-3.0564439868e-13,0.0000e+00,0.9687
1209.17,-4.69624339e-13,3.713709e-13,7.648159e-18,-3.0575542098e-13,0.0000e+00,0.9687
1209.74,-4.71067629e-13,3.715073e-13,8.094662e-18,-3.0586644328e-13,0.0000e+00,0.9687
1210.31,-4.71622741e-13,3.717575e-13,9.440473e-18,-3.0608848789e-13,0.0000e+00,0.9687
1210.88,-4.68403094e-13,3.719939e-13,1.025218e-17,-3.0608848789e-13,0.0000e+00,0.9687
1211.46,-4.63629135e-13,3.722690e-13,1.022532e-17,-3.0653257710e-13,0.0000e+00,0.9687
1212.03,-4.60742555e-13,3.724948e-13,9.887359e-18,-3.0664359940e-13,0.0000e+00,0.9687
1212.60,-4.60742555e-13,3.728106e-13,9.528135e-18,-3.0708768861e-13,0.0000e+00,0.9687
1213.17,-4.61408689e-13,3.731115e-13,1.000414e-17,-3.0742075552e-13,0.0000e+00,0.9687
1213.74,-4.62296867e-13,3.733324e-13,1.000703e-17,-3.0742075552e-13,0.0000e+00,0.9687
1214.32,-4.64295269e-13,3.735791e-13,9.719976e-18,-3.0753177782e-13,0.0000e+00,0.9687
1214.89,-4.66515715e-13,3.738565e-13,9.301590e-18,-3.0764280012e-13,0.0000e+00,0.9687
1215.46,-4.69291273e-13,3.740616e-13,9.195602e-18,-3.0786484473e-13,0.0000e+00,0.9687
1216.03,-4.69957406e-13,3.742706e-13,9.432501e-18,-3.0764280012e-13,0.0000e+00,0.9687
1216.60,-4.68958206e-13,3.744784e-13,9.844505e-18,-3.0764280012e-13,0.0000e+00,0.9687
1217.18,-4.66515715e-13,3.747038e-13,9.824806e-18,-3.0830893394e-13,0.0000e+00,0.9687
1217.75,-4.66404693e-13,3.748539e-13,9.624509e-18,-3.0830893394e-13,0.0000e+00,0.9687
1218.32,-4.67070826e-13,3.749547e-13,9.305706e-18,-3.0841995624e-13,0.0000e+00,0.9687
1218.89,-4.69291273e-13,3.751109e-13,8.908406e-18,-3.0875302315e-13,0.0000e+00,0.9687
1219.46,-4.71622741e-13,3.752857e-13,9.074529e-18,-3.0875302315e-13,0.0000e+00,0.9687
1220.04,-4.72621942e-13,3.755486e-13,9.222668e-18,-3.0897506775e-13,0.0000e+00,0.9687
1220.61,-4.72621942e-13,3.758719e-13,9.115303e-18,-3.0930813466e-13,0.0000e+00,0.9687
1221.18,-4.72621942e-13,3.763092e-13,8.853268e-18,-3.0941915696e-13,0.0000e+00,0.9687
1221.75,-4.72621942e-13,3.767319e-13,8.576926e-18,-3.0975222387e-13,0.0000e+00,0.9687
1222.32,-4.72621942e-13,3.770847e-13,8.324039e-18,-3.0986324617e-13,0.0000e+00,0.9687
1222.90,-4.72621942e-13,3.773217e-13,8.032834e-18,-3.0986324617e-13,0.0000e+00,0.9687
1223.47,-4.71622741e-13,3.773215e-13,8.162912e-18,-3.1008529078e-13,0.0000e+00,0.9687
1224.04,-4.71622741e-13,3.773730e-13,8.447116e-18,-3.1019631308e-13,0.0000e+00,0.9687
1224.61,-4.71622741e-13,3.774296e-13,8.132627e-18,-3.1030733538e-13,0.0000e+00,0.9687
1225.18,-4.71622741e-13,3.775799e-13,7.364346e-18,-3.1041835769e-13,0.0000e+00,0.9687
1225.76,-4.71622741e-13,3.776778e-13,6.816325e-18,-3.1075142459e-13,0.0000e+00,0.9687
1226.33,-4.72510919e-13,3.777633e-13,6.748999e-18,-3.1086244690e-13,0.0000e+00,0.9687
1226.90,-4.75064432e-13,3.778240e-13,7.588658e-18,-3.1108449150e-13,0.0000e+00,0.9687
1227.47,-4.76507722e-13,3.779418e-13,8.533215e-18,-3.1086244690e-13,0.0000e+00,0.9687
1228.04,-4.75841588e-13,3.781707e-13,8.434101e-18,-3.1130653610e-13,0.0000e+00,0.9687
1228.62,-4.76174655e-13,3.784421e-13,7.783278e-18,-3.1152858071e-13,0.0000e+00,0.9687
1229.19,-4.77506923e-13,3.786981e-13,7.388129e-18,-3.1163960301e-13,0.0000e+00,0.9687
1229.76,-4.78284079e-13,3.790199e-13,7.182545e-18,-3.1175062531e-13,0.0000e+00,0.9687
1230.33,-4.75841588e-13,3.793567e-13,7.288487e-18,-3.1197266992e-13,0.0000e+00,0.9687
1230.90,-4.71844785e-13,3.796569e-13,7.764614e-18,-3.1197266992e-13,0.0000e+00,0.9687
1231.48,-4.69069228e-13,3.798733e-13,7.888825e-18,-3.1208369222e-13,0.0000e+00,0.9687
1232.05,-4.69069228e-13,3.801081e-13,7.892810e-18,-3.1208369222e-13,0.0000e+00,0.9687
1232.62,-4.71511719e-13,3.802566e-13,7.605666e-18,-3.1219471452e-13,0.0000e+00,0.9687
1233.19,-4.74176254e-13,3.803739e-13,7.114620e-18,-3.1241675913e-13,0.0000e+00,0.9687
1233.76,-4.74287276e-13,3.804922e-13,6.984285e-18,-3.1241675913e-13,0.0000e+00,0.9687
1234.34,-4.73177053e-13,3.806149e-13,7.461819e-18,-3.1252778143e-13,0.0000e+00,0.9687
1234.91,-4.71955808e-13,3.807046e-13,8.157005e-18,-3.1252778143e-13,0.0000e+00,0.9687
1235.48,-4.73843187e-13,3.808550e-13,8.474824e-18,-3.1297187064e-13,0.0000e+00,0.9687
1236.05,-4.78950213e-13,3.810768e-13,8.747765e-18,-3.1297187064e-13,0.0000e+00,0.9687
1236.62,-4.83946216e-13,3.813415e-13,8.381665e-18,-3.1341595985e-13,0.0000e+00,0.9687
1237.20,-4.84723373e-13,3.816176e-13,7.882543e-18,-3.1352698215e-13,0.0000e+00,0.9687
1237.77,-4.79616347e-13,3.818950e-13,7.658541e-18,-3.1374902676e-13,0.0000e+00,0.9687
1238.34,-4.72510919e-13,3.822133e-13,7.716454e-18,-3.1386004906e-13,0.0000e+00,0.9687
1238.91,-4.69069228e-13,3.825274e-13,7.732033e-18,-3.1419311597e-13,0.0000e+00,0.9687
1239.48,-4.72177852e-13,3.828316e-13,7.868406e-18,-3.1441516057e-13,0.0000e+00,0.9687
1240.06,-4.78062034e-13,3.831479e-13,8.235099e-18,-3.1474822748e-13,0.0000e+00,0.9687
1240.63,-4.79949414e-13,3.834784e-13,8.804564e-18,-3.1508129439e-13,0.0000e+00,0.9687
1241.20,-4.77506923e-13,3.837535e-13,9.060631e-18,-3.1530333899e-13,0.0000e+00,0.9687
1241.77,-4.73288075e-13,3.839285e-13,8.951471e-18,-3.1563640590e-13,0.0000e+00,0.9687
1242.34,-4.72288875e-13,3.840859e-13,8.708791e-18,-3.1574742820e-13,0.0000e+00,0.9687
1242.92,-4.75064432e-13,3.841940e-13,8.794263e-18,-3.1574742820e-13,0.0000e+00,0.9687
1243.49,-4.77395901e-13,3.842939e-13,9.315823e-18,-3.1608049511e-13,0.0000e+00,0.9687
1244.06,-4.77728967e-13,3.845176e-13,9.546748e-18,-3.1596947281e-13,0.0000e+00,0.9687
1244.63,-4.74509321e-13,3.847462e-13,9.835425e-18,-3.1641356202e-13,0.0000e+00,0.9687
1245.20,-4.72177852e-13,3.849547e-13,9.766208e-18,-3.1641356202e-13,0.0000e+00,0.9687
1245.78,-4.73954209e-13,3.851574e-13,9.380640e-18,-3.1641356202e-13,0.0000e+00,0.9687
1246.35,-4.78950213e-13,3.853892e-13,8.998020e-18,-3.1641356202e-13,0.0000e+00,0.9687
1246.92,-4.83280083e-13,3.855971e-13,8.498538e-18,-3.1663560662e-13,0.0000e+00,0.9687
1247.49,-4.83169060e-13,3.857777e-13,8.223270e-18,-3.1685765123e-13,0.0000e+00,0.9687
1248.06,-4.81947815e-13,3.859339e-13,8.487900e-18,-3.1685765123e-13,0.0000e+00,0.9687
1248.64,-4.81503726e-13,3.861159e-13,9.212082e-18,-3.1696867353e-13,0.0000e+00,0.9687
1249.21,-4.81614748e-13,3.862450e-13,9.157115e-18,-3.1707969583e-13,0.0000e+00,0.9687
1249.78,-4.81614748e-13,3.863279e-13,8.595261e-18,-3.1707969583e-13,0.0000e+00,0.9687
1250.35,-4.81281681e-13,3.864780e-13,8.233763e-18,-3.1741276274e-13,0.0000e+00,0.9687
1250.92,-4.80060436e-13,3.866835e-13,8.306893e-18,-3.1741276274e-13,0.0000e+00,0.9687
1251.50,-4.76507722e-13,3.869348e-13,8.769540e-18,-3.1752378504e-13,0.0000e+00,0.9687
1252.07,-4.73177053e-13,3.872023e-13,9.090159e-18,-3.1752378504e-13,0.0000e+00,0.9687
1252.64,-4.69735362e-13,3.874180e-13,9.270144e-18,-3.1752378504e-13,0.0000e+00,0.9687
1253.21,-4.69624339e-13,3.875749e-13,9.417683e-18,-3.1796787425e-13,0.0000e+00,0.9687
1253.78,-4.71955808e-13,3.877629e-13,9.616941e-18,-3.1796787425e-13,0.0000e+00,0.9687
1254.36,-4.77173856e-13,3.879042e-13,9.842055e-18,-3.1796787425e-13,0.0000e+00,0.9687
1254.93,-4.82947016e-13,3.880211e-13,9.894636e-18,-3.1818991886e-13,0.0000e+00,0.9687
1255.50,-4.87387908e-13,3.881834e-13,9.741120e-18,-3.1818991886e-13,0.0000e+00,0.9687
1256.07,-4.88387109e-13,3.883341e-13,9.673157e-18,-3.1830094116e-13,0.0000e+00,0.9687
1256.64,-4.87720975e-13,3.885360e-13,9.848913e-18,-3.1830094116e-13,0.0000e+00,0.9687
1257.22,-4.86832796e-13,3.887457e-13,9.639217e-18,-3.1841196346e-13,0.0000e+00,0.9687
1257.79,-4.87387908e-13,3.889311e-13,9.500181e-18,-3.1874503037e-13,0.0000e+00,0.9687
1258.36,-4.86832796e-13,3.890477e-13,9.568385e-18,-3.1885605267e-13,0.0000e+00,0.9687
1258.93,-4.83835194e-13,3.891411e-13,9.459801e-18,-3.1907809728e-13,0.0000e+00,0.9687
1259.50,-4.79394302e-13,3.892338e-13,9.140055e-18,-3.1907809728e-13,0.0000e+00,0.9687
1260.08,-4.78062034e-13,3.892728e-13,9.049005e-18,-3.1918911958e-13,0.0000e+00,0.9687
1260.65,-4.79061235e-13,3.894639e-13,9.446561e-18,-3.1918911958e-13,0.0000e+00,0.9687
1261.22,-4.79061235e-13,3.896548e-13,9.967984e-18,-3.1930014188e-13,0.0000e+00,0.9687
1261.79,-4.79061235e-13,3.899018e-13,1.014172e-17,-3.1930014188e-13,0.0000e+00,0.9687
1262.36,-4.79061235e-13,3.900852e-13,1.044093e-17,-3.1941116418e-13,0.0000e+00,0.9687
1262.94,-4.79061235e-13,3.902671e-13,1.079930e-17,-3.1963320879e-13,0.0000e+00,0.9687
1263.51,-4.79394302e-13,3.904367e-13,1.112191e-17,-3.1963320879e-13,0.0000e+00,0.9687
1264.08,-4.80726570e-13,3.906077e-13,1.113981e-17,-3.1974423109e-13,0.0000e+00,0.9687
1264.65,-4.82502927e-13,3.908124e-13,1.134373e-17,-3.1985525339e-13,0.0000e+00,0.9687
1265.22,-4.82169860e-13,3.910148e-13,1.144495e-17,-3.2007729800e-13,0.0000e+00,0.9687
1265.80,-4.81836793e-13,3.912213e-13,1.117063e-17,-3.2007729800e-13,0.0000e+00,0.9687
1266.37,-4.81947815e-13,3.914501e-13,1.080236e-17,-3.2007729800e-13,0.0000e+00,0.9687
1266.94,-4.84279283e-13,3.916514e-13,1.067473e-17,-3.2029934260e-13,0.0000e+00,0.9687
1267.51,-4.89386309e-13,3.918028e-13,1.072041e-17,-3.2029934260e-13,0.0000e+00,0.9687
1268.08,-4.92494934e-13,3.919488e-13,1.124478e-17,-3.2052138721e-13,0.0000e+00,0.9687
1268.65,-4.91162666e-13,3.921716e-13,1.154729e-17,-3.2096547642e-13,0.0000e+00,0.9687
1269.23,-4.87387908e-13,3.924069e-13,1.111558e-17,-3.2118752102e-13,0.0000e+00,0.9687
1269.80,-4.85389506e-13,3.926775e-13,1.065090e-17,-3.2163161023e-13,0.0000e+00,0.9687
1270.37,-4.86055640e-13,3.929144e-13,1.064088e-17,-3.2163161023e-13,0.0000e+00,0.9687
1270.94,-4.86388707e-13,3.931046e-13,1.068723e-17,-3.2163161023e-13,0.0000e+00,0.9687
1271.51,-4.86055640e-13,3.933080e-13,1.104180e-17,-3.2163161023e-13,0.0000e+00,0.9687
1272.09,-4.85833596e-13,3.935255e-13,1.119255e-17,-3.2185365484e-13,0.0000e+00,0.9687
1272.66,-4.85833596e-13,3.937372e-13,1.115530e-17,-3.2207569944e-13,0.0000e+00,0.9687
1273.23,-4.87165863e-13,3.938941e-13,1.099078e-17,-3.2196467714e-13,0.0000e+00,0.9687
1273.80,-4.88276086e-13,3.939894e-13,1.045917e-17,-3.2229774405e-13,0.0000e+00,0.9687
1274.37,-4.87943019e-13,3.941491e-13,9.874102e-18,-3.2229774405e-13,0.0000e+00,0.9687
1274.95,-4.86832796e-13,3.942973e-13,9.503382e-18,-3.2240876635e-13,0.0000e+00,0.9687
1275.52,-4.84501328e-13,3.944386e-13,9.417347e-18,-3.2251978865e-13,0.0000e+00,0.9687
1276.09,-4.84168261e-13,3.946138e-13,9.296978e-18,-3.2274183326e-13,0.0000e+00,0.9687
1276.66,-4.85167462e-13,3.947674e-13,9.364213e-18,-3.2274183326e-13,0.0000e+00,0.9687
1277.23,-4.86499729e-13,3.948567e-13,9.199372e-18,-3.2274183326e-13,0.0000e+00,0.9687
1277.81,-4.87943019e-13,3.949721e-13,8.918087e-18,-3.2274183326e-13,0.0000e+00,0.9687
1278.38,-4.88609153e-13,3.950747e-13,8.417481e-18,-3.2285285556e-13,0.0000e+00,0.9687
1278.95,-4.88720175e-13,3.951328e-13,8.029553e-18,-3.2318592247e-13,0.0000e+00,0.9687
1279.52,-4.88720175e-13,3.952398e-13,7.511326e-18,-3.2340796707e-13,0.0000e+00,0.9687
1280.09,-4.88720175e-13,3.953458e-13,7.187492e-18,-3.2374103398e-13,0.0000e+00,0.9687
1280.67,-4.88720175e-13,3.954821e-13,7.330386e-18,-3.2374103398e-13,0.0000e+00,0.9687
1281.24,-4.90052443e-13,3.956217e-13,7.046077e-18,-3.2374103398e-13,0.0000e+00,0.9687
1281.81,-4.90718577e-13,3.957034e-13,6.901917e-18,-3.2385205628e-13,0.0000e+00,0.9687
1282.38,-4.89053242e-13,3.958233e-13,6.692036e-18,-3.2407410089e-13,0.0000e+00,0.9687
1282.95,-4.83946216e-13,3.959441e-13,6.227446e-18,-3.2385205628e-13,0.0000e+00,0.9687
1283.53,-4.78950213e-13,3.961295e-13,5.668226e-18,-3.2385205628e-13,0.0000e+00,0.9687
1284.10,-4.77506923e-13,3.962910e-13,5.376323e-18,-3.2407410089e-13,0.0000e+00,0.9687
1284.67,-4.80948614e-13,3.964753e-13,5.427515e-18,-3.2407410089e-13,0.0000e+00,0.9687
1285.24,-4.86388707e-13,3.967352e-13,5.287426e-18,-3.2418512319e-13,0.0000e+00,0.9687
1285.81,-4.90385510e-13,3.968977e-13,4.984950e-18,-3.2429614549e-13,0.0000e+00,0.9687
1286.39,-4.89941421e-13,3.970703e-13,5.265119e-18,-3.2451819010e-13,0.0000e+00,0.9687
1286.96,-4.85722573e-13,3.972750e-13,5.476377e-18,-3.2462921240e-13,0.0000e+00,0.9687
1287.53,-4.82502927e-13,3.974608e-13,5.636156e-18,-3.2462921240e-13,0.0000e+00,0.9687
1288.10,-4.82613949e-13,3.976089e-13,5.503712e-18,-3.2474023470e-13,0.0000e+00,0.9687
1288.67,-4.85167462e-13,3.977752e-13,5.698889e-18,-3.2474023470e-13,0.0000e+00,0.9687
1289.25,-4.87498930e-13,3.979290e-13,6.159505e-18,-3.2496227931e-13,0.0000e+00,0.9687
1289.82,-4.87498930e-13,3.980866e-13,6.775834e-18,-3.2496227931e-13,0.0000e+00,0.9687
1290.39,-4.85500529e-13,3.982223e-13,7.071132e-18,-3.2496227931e-13,0.0000e+00,0.9687
1290.96,-4.82835993e-13,3.983708e-13,6.811583e-18,-3.2518432391e-13,0.0000e+00,0.9687
1291.53,-4.83169060e-13,3.985105e-13,6.930419e-18,-3.2540636852e-13,0.0000e+00,0.9687
1292.11,-4.85500529e-13,3.985419e-13,7.702118e-18,-3.2551739082e-13,0.0000e+00,0.9687
1292.68,-4.90940621e-13,3.985941e-13,7.168724e-18,-3.2551739082e-13,0.0000e+00,0.9687
1293.25,-4.94715380e-13,3.986855e-13,6.138934e-18,-3.2596148003e-13,0.0000e+00,0.9687
1293.82,-4.95381514e-13,3.987798e-13,5.385448e-18,-3.2596148003e-13,0.0000e+00,0.9687
1294.39,-4.93605157e-13,3.989284e-13,5.103424e-18,-3.2607250233e-13,0.0000e+00,0.9687
1294.97,-4.91162666e-13,3.991103e-13,5.163836e-18,-3.2629454694e-13,0.0000e+00,0.9687
1295.54,-4.89941421e-13,3.992945e-13,5.673365e-18,-3.2640556924e-13,0.0000e+00,0.9687
1296.11,-4.89941421e-13,3.994260e-13,5.901494e-18,-3.2651659154e-13,0.0000e+00,0.9687
1296.68,-4.90940621e-13,3.995272e-13,6.425844e-18,-3.2684965845e-13,0.0000e+00,0.9687
1297.25,-4.92272889e-13,3.995928e-13,6.915575e-18,-3.2684965845e-13,0.0000e+00,0.9687
1297.83,-4.93938224e-13,3.997212e-13,6.878071e-18,-3.2684965845e-13,0.0000e+00,0.9687
1298.40,-4.93605157e-13,3.997998e-13,6.897080e-18,-3.2696068075e-13,0.0000e+00,0.9687
1298.97,-4.93605157e-13,3.999426e-13,6.917395e-18,-3.2729374766e-13,0.0000e+00,0.9687
1299.54,-4.93938224e-13,4.000974e-13,7.064948e-18,-3.2740476996e-13,0.0000e+00,0.9687
1300.11,-4.93938224e-13,4.002810e-13,7.296096e-18,-3.2762681457e-13,0.0000e+00,0.9687
1300.69,-4.93938224e-13,4.004395e-13,7.605136e-18,-3.2773783687e-13,0.0000e+00,0.9687
1301.26,-4.93938224e-13,4.006453e-13,7.719543e-18,-3.2807090378e-13,0.0000e+00,0.9687
1301.83,-4.93827201e-13,4.008714e-13,7.648276e-18,-3.2818192608e-13,0.0000e+00,0.9687
1302.40,-4.93827201e-13,4.010299e-13,7.471991e-18,-3.2818192608e-13,0.0000e+00,0.9687
1302.97,-4.93272090e-13,4.011570e-13,7.313345e-18,-3.2829294838e-13,0.0000e+00,0.9687
1303.55,-4.92828001e-13,4.012549e-13,7.380763e-18,-3.2873703759e-13,0.0000e+00,0.9687
1304.12,-4.94160268e-13,4.012761e-13,7.674653e-18,-3.2873703759e-13,0.0000e+00,0.9687
1304.69,-4.96824804e-13,4.013024e-13,7.840070e-18,-3.2884805989e-13,0.0000e+00,0.9687
1305.26,-4.97601960e-13,4.013144e-13,7.637556e-18,-3.2907010450e-13,0.0000e+00,0.9687
1305.83,-4.94826402e-13,4.013574e-13,7.652421e-18,-3.2918112680e-13,0.0000e+00,0.9687
1306.41,-4.91162666e-13,4.014661e-13,7.754555e-18,-3.2918112680e-13,0.0000e+00,0.9687
1306.98,-4.89608354e-13,4.015864e-13,8.116894e-18,-3.2951419371e-13,0.0000e+00,0.9687
1307.55,-4.89608354e-13,4.017238e-13,8.158654e-18,-3.2962521601e-13,0.0000e+00,0.9687
1308.12,-4.89608354e-13,4.019572e-13,7.846477e-18,-3.2973623831e-13,0.0000e+00,0.9687
1308.69,-4.89275287e-13,4.021537e-13,7.355497e-18,-3.3018032752e-13,0.0000e+00,0.9687
1309.27,-4.91162666e-13,4.023671e-13,7.347937e-18,-3.3040237213e-13,0.0000e+00,0.9687
1309.84,-4.93605157e-13,4.025735e-13,8.368860e-18,-3.3040237213e-13,0.0000e+00,0.9687
1310.41,-4.95159469e-13,4.027674e-13,8.942719e-18,-3.3040237213e-13,0.0000e+00,0.9687
1310.98,-4.94715380e-13,4.028977e-13,8.817730e-18,-3.3051339443e-13,0.0000e+00,0.9687
1311.55,-4.93938224e-13,4.030659e-13,9.304030e-18,-3.3062441673e-13,0.0000e+00,0.9687
1312.13,-4.95048447e-13,4.031871e-13,9.637991e-18,-3.3084646134e-13,0.0000e+00,0.9687
1312.70,-4.99600361e-13,4.033230e-13,9.132424e-18,-3.3106850594e-13,0.0000e+00,0.9687
1313.27,-5.04707387e-13,4.035461e-13,8.549479e-18,-3.3140157285e-13,0.0000e+00,0.9687
1313.84,-5.07371922e-13,4.037134e-13,8.342537e-18,-3.3140157285e-13,0.0000e+00,0.9687
1314.41,-5.04374320e-13,4.038103e-13,7.910392e-18,-3.3184566206e-13,0.0000e+00,0.9687
1314.99,-4.99045250e-13,4.039494e-13,7.693077e-18,-3.3195668436e-13,0.0000e+00,0.9687
1315.56,-4.97712982e-13,4.041525e-13,7.509077e-18,-3.3228975127e-13,0.0000e+00,0.9687
1316.13,-4.99045250e-13,4.044318e-13,6.788831e-18,-3.3273384048e-13,0.0000e+00,0.9687
1316.70,-5.04374320e-13,4.046187e-13,5.945868e-18,-3.3262281818e-13,0.0000e+00,0.9687
1317.27,-5.06039655e-13,4.047798e-13,5.935571e-18,-3.3273384048e-13,0.0000e+00,0.9687
1317.85,-5.03264097e-13,4.048674e-13,6.268915e-18,-3.3306690739e-13,0.0000e+00,0.9687
1318.42,-5.00377517e-13,4.049162e-13,6.802915e-18,-3.3306690739e-13,0.0000e+00,0.9687
1318.99,-4.99045250e-13,4.049727e-13,7.257272e-18,-3.3317792969e-13,0.0000e+00,0.9687
1319.56,-4.99711383e-13,4.049665e-13,7.066717e-18,-3.3328895199e-13,0.0000e+00,0.9687
1320.13,-4.99378316e-13,4.049959e-13,6.516396e-18,-3.3351099660e-13,0.0000e+00,0.9687
1320.71,-4.96047647e-13,4.050377e-13,6.158329e-18,-3.3362201890e-13,0.0000e+00,0.9687
1321.28,-4.93272090e-13,4.051057e-13,5.772463e-18,-3.3373304120e-13,0.0000e+00,0.9687
1321.85,-4.93938224e-13,4.051159e-13,5.784863e-18,-3.3395508581e-13,0.0000e+00,0.9687
1322.42,-4.97712982e-13,4.051867e-13,5.947729e-18,-3.3406610811e-13,0.0000e+00,0.9687
1322.99,-5.02820008e-13,4.053112e-13,6.247626e-18,-3.3406610811e-13,0.0000e+00,0.9687
1323.57,-5.06816811e-13,4.054578e-13,6.594941e-18,-3.3439917502e-13,0.0000e+00,0.9687
1324.14,-5.06483744e-13,4.056693e-13,6.986393e-18,-3.3439917502e-13,0.0000e+00,0.9687
1324.71,-5.02820008e-13,4.058690e-13,7.418699e-18,-3.3417713041e-13,0.0000e+00,0.9687
1325.28,-4.98046049e-13,4.061560e-13,7.350697e-18,-3.3462121962e-13,0.0000e+00,0.9687
1325.85,-4.96158670e-13,4.063818e-13,7.115326e-18,-3.3462121962e-13,0.0000e+00,0.9687
1326.43,-4.97935027e-13,4.065802e-13,6.993799e-18,-3.3506530883e-13,0.0000e+00,0.9687
1327.00,-5.00377517e-13,4.067004e-13,6.970385e-18,-3.3506530883e-13,0.0000e+00,0.9687
1327.57,-4.99711383e-13,4.066985e-13,6.995355e-18,-3.3506530883e-13,0.0000e+00,0.9687
1328.14,-4.99045250e-13,4.067835e-13,7.105304e-18,-3.3506530883e-13,0.0000e+00,0.9687
1328.71,-5.00710584e-13,4.068548e-13,7.201694e-18,-3.3528735344e-13,0.0000e+00,0.9687
1329.28,-5.05484543e-13,4.069232e-13,7.493393e-18,-3.3528735344e-13,0.0000e+00,0.9687
1329.86,-5.10813614e-13,4.070141e-13,7.804703e-18,-3.3550939804e-13,0.0000e+00,0.9687
1330.43,-5.11257703e-13,4.071022e-13,8.305170e-18,-3.3573144265e-13,0.0000e+00,0.9687
1331.00,-5.06150677e-13,4.073211e-13,9.038120e-18,-3.3573144265e-13,0.0000e+00,0.9687
1331.57,-4.99711383e-13,4.075334e-13,9.836793e-18,-3.3584246495e-13,0.0000e+00,0.9687
1332.14,-4.96380714e-13,4.077366e-13,1.022858e-17,-3.3628655416e-13,0.0000e+00,0.9687
1332.72,-4.97712982e-13,4.079835e-13,1.038318e-17,-3.3628655416e-13,0.0000e+00,0.9687
1333.29,-4.99378316e-13,4.082098e-13,1.046153e-17,-3.3673064337e-13,0.0000e+00,0.9687
1333.86,-4.99711383e-13,4.084942e-13,1.060805e-17,-3.3673064337e-13,0.0000e+00,0.9687
1334.43,-4.99378316e-13,4.087366e-13,1.085979e-17,-3.3684166567e-13,0.0000e+00,0.9687
1335.00,-4.99045250e-13,4.089226e-13,1.148968e-17,-3.3728575488e-13,0.0000e+00,0.9687
1335.58,-4.99933428e-13,4.091164e-13,1.210837e-17,-3.3728575488e-13,0.0000e+00,0.9687
1336.15,-5.02820008e-13,4.093334e-13,1.274820e-17,-3.3728575488e-13,0.0000e+00,0.9687
1336.72,-5.05040454e-13,4.095322e-13,1.328673e-17,-3.3761882179e-13,0.0000e+00,0.9687
1337.29,-5.03930231e-13,4.097279e-13,1.404492e-17,-3.3761882179e-13,0.0000e+00,0.9687
1337.86,-5.01265696e-13,4.099333e-13,1.456588e-17,-3.3772984409e-13,0.0000e+00,0.9687
1338.44,-5.00710584e-13,4.100633e-13,1.503387e-17,-3.3784086639e-13,0.0000e+00,0.9687
1339.01,-5.02597963e-13,4.101914e-13,1.509207e-17,-3.3817393330e-13,0.0000e+00,0.9687
1339.58,-5.03819209e-13,4.103391e-13,1.532245e-17,-3.3817393330e-13,0.0000e+00,0.9687
1340.15,-5.04818409e-13,4.104871e-13,1.590027e-17,-3.3850700021e-13,0.0000e+00,0.9687
1340.72,-5.06816811e-13,4.106582e-13,1.627944e-17,-3.3850700021e-13,0.0000e+00,0.9687
1341.30,-5.08371123e-13,4.108388e-13,1.645063e-17,-3.3861802251e-13,0.0000e+00,0.9687
1341.87,-5.08371123e-13,4.110206e-13,1.671730e-17,-3.3872904481e-13,0.0000e+00,0.9687
1342.44,-5.08371123e-13,4.112293e-13,1.684334e-17,-3.3895108942e-13,0.0000e+00,0.9687
1343.01,-5.08371123e-13,4.115027e-13,1.680557e-17,-3.3906211172e-13,0.0000e+00,0.9687
1343.58,-5.08704190e-13,4.118184e-13,1.712319e-17,-3.3939517863e-13,0.0000e+00,0.9687
1344.16,-5.09259301e-13,4.120871e-13,1.779088e-17,-3.3950620093e-13,0.0000e+00,0.9687
1344.73,-5.06483744e-13,4.123375e-13,1.825705e-17,-3.3950620093e-13,0.0000e+00,0.9687
1345.30,-5.02820008e-13,4.125813e-13,1.840712e-17,-3.3995029014e-13,0.0000e+00,0.9687
1345.87,-5.01265696e-13,4.127932e-13,1.849581e-17,-3.3995029014e-13,0.0000e+00,0.9687
1346.44,-5.02931030e-13,4.129908e-13,1.847921e-17,-3.4006131244e-13,0.0000e+00,0.9687
1347.02,-5.06705788e-13,4.132064e-13,1.844303e-17,-3.4028335705e-13,0.0000e+00,0.9687
1347.59,-5.07704989e-13,4.134163e-13,1.855984e-17,-3.4028335705e-13,0.0000e+00,0.9687
1348.16,-5.05151476e-13,4.136599e-13,1.882619e-17,-3.4028335705e-13,0.0000e+00,0.9687
1348.73,-5.02264896e-13,4.139075e-13,1.905184e-17,-3.4050540165e-13,0.0000e+00,0.9687
1349.30,-5.02597963e-13,4.142283e-13,1.920917e-17,-3.4050540165e-13,0.0000e+00,0.9687
1349.88,-5.05040454e-13,4.145517e-13,1.922574e-17,-3.4072744626e-13,0.0000e+00,0.9687
1350.45,-5.10369524e-13,4.148308e-13,1.917654e-17,-3.4094949086e-13,0.0000e+00,0.9687
1351.02,-5.11923837e-13,4.150985e-13,1.914830e-17,-3.4117153547e-13,0.0000e+00,0.9687
1351.59,-5.10924636e-13,4.152978e-13,1.917504e-17,-3.4117153547e-13,0.0000e+00,0.9687
1352.16,-5.06705788e-13,4.154757e-13,1.924094e-17,-3.4117153547e-13,0.0000e+00,0.9687
1352.74,-5.04374320e-13,4.156491e-13,1.923992e-17,-3.4161562468e-13,0.0000e+00,0.9687
1353.31,-5.06150677e-13,4.158313e-13,1.920885e-17,-3.4161562468e-13,0.0000e+00,0.9687
1353.88,-5.10924636e-13,4.160194e-13,1.926043e-17,-3.4172664698e-13,0.0000e+00,0.9687
1354.45,-5.14366327e-13,4.162175e-13,1.930585e-17,-3.4183766928e-13,0.0000e+00,0.9687
1355.02,-5.14144283e-13,4.164179e-13,1.936780e-17,-3.4217073619e-13,0.0000e+00,0.9687
1355.60,-5.13589171e-13,4.166649e-13,1.939342e-17,-3.4217073619e-13,0.0000e+00,0.9687
1356.17,-5.13589171e-13,4.169130e-13,1.921903e-17,-3.4228175849e-13,0.0000e+00,0.9687
1356.74,-5.14699394e-13,4.171157e-13,1.898133e-17,-3.4261482540e-13,0.0000e+00,0.9687
1357.31,-5.15809617e-13,4.173117e-13,1.877487e-17,-3.4261482540e-13,0.0000e+00,0.9687
1357.88,-5.14366327e-13,4.175245e-13,1.845606e-17,-3.4261482540e-13,0.0000e+00,0.9687
1358.46,-5.10591569e-13,4.177275e-13,1.799890e-17,-3.4272584770e-13,0.0000e+00,0.9687
1359.03,-5.07371922e-13,4.179180e-13,1.774793e-17,-3.4316993691e-13,0.0000e+00,0.9687
1359.60,-5.07371922e-13,4.181015e-13,1.774891e-17,-3.4316993691e-13,0.0000e+00,0.9687
1360.17,-5.09592368e-13,4.182797e-13,1.794921e-17,-3.4316993691e-13,0.0000e+00,0.9687
1360.74,-5.12145881e-13,4.184680e-13,1.801893e-17,-3.4316993691e-13,0.0000e+00,0.9687
1361.32,-5.12256904e-13,4.186228e-13,1.768640e-17,-3.4316993691e-13,0.0000e+00,0.9687
1361.89,-5.11479747e-13,4.187519e-13,1.705690e-17,-3.4339198152e-13,0.0000e+00,0.9687
1362.46,-5.10591569e-13,4.189162e-13,1.671728e-17,-3.4350300382e-13,0.0000e+00,0.9687
1363.03,-5.10591569e-13,4.190920e-13,1.658677e-17,-3.4361402612e-13,0.0000e+00,0.9687
1363.60,-5.11923837e-13,4.192467e-13,1.685567e-17,-3.4383607073e-13,0.0000e+00,0.9687
1364.18,-5.11590770e-13,4.194764e-13,1.698411e-17,-3.4383607073e-13,0.0000e+00,0.9687
1364.75,-5.09592368e-13,4.197235e-13,1.679566e-17,-3.4394709303e-13,0.0000e+00,0.9687
1365.32,-5.06816811e-13,4.199156e-13,1.649111e-17,-3.4394709303e-13,0.0000e+00,0.9687
1365.89,-5.05817610e-13,4.200535e-13,1.631704e-17,-3.4405811533e-13,0.0000e+00,0.9687
1366.46,-5.08038056e-13,4.201314e-13,1.619249e-17,-3.4405811533e-13,0.0000e+00,0.9687
1367.04,-5.11479747e-13,4.202089e-13,1.592449e-17,-3.4428015994e-13,0.0000e+00,0.9687
1367.61,-5.16364729e-13,4.202724e-13,1.593392e-17,-3.4439118224e-13,0.0000e+00,0.9687
1368.18,-5.19251309e-13,4.203771e-13,1.586810e-17,-3.4439118224e-13,0.0000e+00,0.9687
1368.75,-5.21804822e-13,4.205263e-13,1.559699e-17,-3.4472424915e-13,0.0000e+00,0.9687
1369.32,-5.21804822e-13,4.206874e-13,1.536002e-17,-3.4483527145e-13,0.0000e+00,0.9687
1369.90,-5.21582777e-13,4.208315e-13,1.495774e-17,-3.4494629375e-13,0.0000e+00,0.9687
1370.47,-5.21804822e-13,4.209933e-13,1.478293e-17,-3.4516833836e-13,0.0000e+00,0.9687
1371.04,-5.20805621e-13,4.212349e-13,1.480471e-17,-3.4527936066e-13,0.0000e+00,0.9687
1371.61,-5.17585974e-13,4.215581e-13,1.451166e-17,-3.4539038296e-13,0.0000e+00,0.9687
1372.18,-5.14477350e-13,4.218911e-13,1.427464e-17,-3.4572344987e-13,0.0000e+00,0.9687
1372.76,-5.12478948e-13,4.222520e-13,1.380478e-17,-3.4572344987e-13,0.0000e+00,0.9687
1373.33,-5.09703391e-13,4.225192e-13,1.287130e-17,-3.4583447217e-13,0.0000e+00,0.9687
1373.90,-5.09370324e-13,4.227443e-13,1.208200e-17,-3.4583447217e-13,0.0000e+00,0.9687
1374.47,-5.10369524e-13,4.229469e-13,1.171589e-17,-3.4605651678e-13,0.0000e+00,0.9687
1375.04,-5.15143483e-13,4.231073e-13,1.168353e-17,-3.4605651678e-13,0.0000e+00,0.9687
1375.62,-5.20028465e-13,4.231900e-13,1.184416e-17,-3.4605651678e-13,0.0000e+00,0.9687
1376.19,-5.21471755e-13,4.232764e-13,1.229476e-17,-3.4627856138e-13,0.0000e+00,0.9687
1376.76,-5.19251309e-13,4.234224e-13,1.229640e-17,-3.4661162829e-13,0.0000e+00,0.9687
1377.33,-5.15365528e-13,4.235319e-13,1.179047e-17,-3.4661162829e-13,0.0000e+00,0.9687
1377.90,-5.14477350e-13,4.235963e-13,1.144560e-17,-3.4661162829e-13,0.0000e+00,0.9687
1378.48,-5.17585974e-13,4.236572e-13,1.146762e-17,-3.4661162829e-13,0.0000e+00,0.9687
1379.05,-5.19917442e-13,4.236556e-13,1.154848e-17,-3.4672265059e-13,0.0000e+00,0.9687
1379.62,-5.19251309e-13,4.237061e-13,1.132454e-17,-3.4683367289e-13,0.0000e+00,0.9687
1380.19,-5.15698595e-13,4.237968e-13,1.114541e-17,-3.4683367289e-13,0.0000e+00,0.9687
1380.76,-5.12145881e-13,4.239650e-13,1.116827e-17,-3.4705571750e-13,0.0000e+00,0.9687
1381.34,-5.11257703e-13,4.241170e-13,1.102715e-17,-3.4705571750e-13,0.0000e+00,0.9687
1381.91,-5.13256104e-13,4.244174e-13,1.080405e-17,-3.4716673980e-13,0.0000e+00,0.9687
1382.48,-5.16697796e-13,4.246764e-13,1.018006e-17,-3.4727776210e-13,0.0000e+00,0.9687
1383.05,-5.17363929e-13,4.248869e-13,9.838468e-18,-3.4749980671e-13,0.0000e+00,0.9687
1383.62,-5.15143483e-13,4.250808e-13,9.925774e-18,-3.4761082901e-13,0.0000e+00,0.9687
1384.20,-5.12256904e-13,4.253084e-13,1.046547e-17,-3.4794389592e-13,0.0000e+00,0.9687
1384.77,-5.11257703e-13,4.254971e-13,1.043677e-17,-3.4805491822e-13,0.0000e+00,0.9687
1385.34,-5.13256104e-13,4.257035e-13,1.031148e-17,-3.4816594052e-13,0.0000e+00,0.9687
1385.91,-5.16031662e-13,4.258656e-13,1.010701e-17,-3.4816594052e-13,0.0000e+00,0.9687
1386.48,-5.17585974e-13,4.260206e-13,9.984429e-18,-3.4838798513e-13,0.0000e+00,0.9687
1387.06,-5.17252907e-13,4.261574e-13,9.679568e-18,-3.4861002973e-13,0.0000e+00,0.9687
1387.63,-5.17030863e-13,4.262740e-13,9.167775e-18,-3.4861002973e-13,0.0000e+00,0.9687
1388.20,-5.18252108e-13,4.262723e-13,8.654825e-18,-3.4883207434e-13,0.0000e+00,0.9687
1388.77,-5.19584376e-13,4.262806e-13,8.427657e-18,-3.4883207434e-13,0.0000e+00,0.9687
1389.34,-5.19362331e-13,4.262841e-13,8.435421e-18,-3.4905411894e-13,0.0000e+00,0.9687
1389.92,-5.19251309e-13,4.263830e-13,8.339161e-18,-3.4905411894e-13,0.0000e+00,0.9687
1390.49,-5.20472554e-13,4.264835e-13,7.952746e-18,-3.4927616355e-13,0.0000e+00,0.9687
1391.06,-5.21582777e-13,4.265793e-13,7.632362e-18,-3.4927616355e-13,0.0000e+00,0.9687
1391.63,-5.20805621e-13,4.266321e-13,7.289086e-18,-3.4949820815e-13,0.0000e+00,0.9687
1392.20,-5.17585974e-13,4.266342e-13,7.464547e-18,-3.4949820815e-13,0.0000e+00,0.9687
1392.77,-5.13811216e-13,4.266291e-13,7.697972e-18,-3.4972025276e-13,0.0000e+00,0.9687
1393.35,-5.12812015e-13,4.267228e-13,7.957964e-18,-3.4983127506e-13,0.0000e+00,0.9687
1393.92,-5.13811216e-13,4.268523e-13,8.203846e-18,-3.5016434197e-13,0.0000e+00,0.9687
1394.49,-5.15143483e-13,4.270866e-13,8.557951e-18,-3.5027536427e-13,0.0000e+00,0.9687
1395.06,-5.14699394e-13,4.273615e-13,9.050624e-18,-3.5038638657e-13,0.0000e+00,0.9687
1395.63,-5.14477350e-13,4.276551e-13,8.980495e-18,-3.5083047578e-13,0.0000e+00,0.9687
1396.21,-5.14144283e-13,4.279321e-13,8.214163e-18,-3.5083047578e-13,0.0000e+00,0.9687
1396.78,-5.16475751e-13,4.282357e-13,7.466970e-18,-3.5105252039e-13,0.0000e+00,0.9687
1397.35,-5.18918242e-13,4.283938e-13,6.918535e-18,-3.5127456499e-13,0.0000e+00,0.9687
1397.92,-5.18585175e-13,4.284862e-13,6.611345e-18,-3.5127456499e-13,0.0000e+00,0.9687
1398.49,-5.13145082e-13,4.284840e-13,6.975000e-18,-3.5149660960e-13,0.0000e+00,0.9687
1399.07,-5.08371123e-13,4.284594e-13,7.821545e-18,-3.5127456499e-13,0.0000e+00,0.9687
1399.64,-5.05151476e-13,4.285448e-13,8.108510e-18,-3.5171865420e-13,0.0000e+00,0.9687
1400.21,-5.06372722e-13,4.286590e-13,8.034962e-18,-3.5205172111e-13,0.0000e+00,0.9687
1400.78,-5.13589171e-13,4.287890e-13,8.014883e-18,-3.5216274341e-13,0.0000e+00,0.9687
1401.35,-5.24469357e-13,4.289376e-13,7.742591e-18,-3.5249581032e-13,0.0000e+00,0.9687
1401.93,-5.33240119e-13,4.290505e-13,7.500738e-18,-3.5249581032e-13,0.0000e+00,0.9687
1402.50,-5.36015676e-13,4.291637e-13,7.666826e-18,-3.5249581032e-13,0.0000e+00,0.9687
1403.07,-5.33795230e-13,4.293668e-13,7.524166e-18,-3.5260683262e-13,0.0000e+00,0.9687
1403.64,-5.29909450e-13,4.296139e-13,7.685445e-18,-3.5305092183e-13,0.0000e+00,0.9687
1404.21,-5.27911048e-13,4.298753e-13,7.456500e-18,-3.5293989953e-13,0.0000e+00,0.9687
1404.79,-5.26356736e-13,4.301726e-13,7.249764e-18,-3.5305092183e-13,0.0000e+00,0.9687
1405.36,-5.23248112e-13,4.304510e-13,7.419564e-18,-3.5327296644e-13,0.0000e+00,0.9687
1405.93,-5.18585175e-13,4.306115e-13,7.364570e-18,-3.5349501104e-13,0.0000e+00,0.9687
1406.50,-5.13478149e-13,4.305759e-13,7.380686e-18,-3.5382807795e-13,0.0000e+00,0.9687
1407.07,-5.11257703e-13,4.306074e-13,7.785802e-18,-3.5427216716e-13,0.0000e+00,0.9687
1407.65,-5.13256104e-13,4.305927e-13,7.802905e-18,-3.5460523407e-13,0.0000e+00,0.9687
1408.22,-5.18696197e-13,4.306926e-13,8.325647e-18,-3.5460523407e-13,0.0000e+00,0.9687
1408.79,-5.23803223e-13,4.308213e-13,8.495981e-18,-3.5471625637e-13,0.0000e+00,0.9687
1409.36,-5.25468558e-13,4.309818e-13,7.865212e-18,-3.5504932328e-13,0.0000e+00,0.9687
1409.93,-5.22915045e-13,4.311526e-13,7.593265e-18,-3.5516034558e-13,0.0000e+00,0.9687
1410.51,-5.17585974e-13,4.313423e-13,7.674078e-18,-3.5516034558e-13,0.0000e+00,0.9687
1411.08,-5.15032461e-13,4.315990e-13,7.552955e-18,-3.5560443479e-13,0.0000e+00,0.9687
1411.65,-5.16364729e-13,4.318551e-13,7.807454e-18,-3.5560443479e-13,0.0000e+00,0.9687
1412.22,-5.19251309e-13,4.320881e-13,7.514838e-18,-3.5571545709e-13,0.0000e+00,0.9687
1412.79,-5.19917442e-13,4.323050e-13,7.059625e-18,-3.5582647939e-13,0.0000e+00,0.9687
1413.37,-5.17252907e-13,4.324776e-13,6.827351e-18,-3.5604852400e-13,0.0000e+00,0.9687
1413.94,-5.16697796e-13,4.326857e-13,6.916427e-18,-3.5627056860e-13,0.0000e+00,0.9687
1414.51,-5.22137888e-13,4.328701e-13,7.025922e-18,-3.5660363551e-13,0.0000e+00,0.9687
1415.08,-5.31796829e-13,4.329895e-13,6.690759e-18,-3.5671465781e-13,0.0000e+00,0.9687
1415.65,-5.38236122e-13,4.330589e-13,6.624127e-18,-3.5671465781e-13,0.0000e+00,0.9687
1416.23,-5.38236122e-13,4.331631e-13,6.478133e-18,-3.5715874702e-13,0.0000e+00,0.9687
1416.80,-5.33462163e-13,4.331475e-13,7.006801e-18,-3.5715874702e-13,0.0000e+00,0.9687
1417.37,-5.28577182e-13,4.332624e-13,8.199191e-18,-3.5738079163e-13,0.0000e+00,0.9687
1417.94,-5.25357535e-13,4.334602e-13,9.088199e-18,-3.5738079163e-13,0.0000e+00,0.9687
1418.51,-5.22581978e-13,4.337375e-13,9.555288e-18,-3.5782488084e-13,0.0000e+00,0.9687
1419.09,-5.19029264e-13,4.340555e-13,9.627577e-18,-3.5793590314e-13,0.0000e+00,0.9687
1419.66,-5.16364729e-13,4.344171e-13,9.743459e-18,-3.5804692544e-13,0.0000e+00,0.9687
1420.23,-5.17363929e-13,4.347154e-13,9.951274e-18,-3.5837999235e-13,0.0000e+00,0.9687
1420.80,-5.22137888e-13,4.349412e-13,1.013589e-17,-3.5837999235e-13,0.0000e+00,0.9687
1421.37,-5.30797628e-13,4.351279e-13,1.028436e-17,-3.5882408156e-13,0.0000e+00,0.9687
1421.95,-5.37236922e-13,4.353226e-13,1.022456e-17,-3.5882408156e-13,0.0000e+00,0.9687
1422.52,-5.36459765e-13,4.354123e-13,1.037150e-17,-3.5882408156e-13,0.0000e+00,0.9687
1423.09,-5.31907851e-13,4.354658e-13,1.083360e-17,-3.5882408156e-13,0.0000e+00,0.9687
1423.66,-5.27577981e-13,4.355703e-13,1.161184e-17,-3.5893510386e-13,0.0000e+00,0.9687
1424.23,-5.26689803e-13,4.357456e-13,1.215008e-17,-3.5937919307e-13,0.0000e+00,0.9687
1424.81,-5.27244914e-13,4.359841e-13,1.262800e-17,-3.5960123768e-13,0.0000e+00,0.9687
1425.38,-5.27244914e-13,4.362394e-13,1.284202e-17,-3.5982328228e-13,0.0000e+00,0.9687
1425.95,-5.27355937e-13,4.366167e-13,1.303527e-17,-3.5982328228e-13,0.0000e+00,0.9687
1426.52,-5.26800825e-13,4.368910e-13,1.376665e-17,-3.6015634919e-13,0.0000e+00,0.9687
1427.09,-5.26689803e-13,4.370997e-13,1.468582e-17,-3.6004532689e-13,0.0000e+00,0.9687
1427.67,-5.28688204e-13,4.373048e-13,1.553760e-17,-3.6004532689e-13,0.0000e+00,0.9687
1428.24,-5.31130695e-13,4.375056e-13,1.593394e-17,-3.6060043840e-13,0.0000e+00,0.9687
1428.81,-5.32796030e-13,4.377161e-13,1.582438e-17,-3.6060043840e-13,0.0000e+00,0.9687
1429.38,-5.30020472e-13,4.379326e-13,1.547139e-17,-3.6093350531e-13,0.0000e+00,0.9687
1429.95,-5.24691401e-13,4.381841e-13,1.514872e-17,-3.6104452761e-13,0.0000e+00,0.9687
1430.53,-5.22581978e-13,4.383848e-13,1.507180e-17,-3.6115554991e-13,0.0000e+00,0.9687
1431.10,-5.23137089e-13,4.385840e-13,1.541018e-17,-3.6137759452e-13,0.0000e+00,0.9687
1431.67,-5.24136290e-13,4.387765e-13,1.611396e-17,-3.6137759452e-13,0.0000e+00,0.9687
1432.24,-5.26356736e-13,4.389435e-13,1.650498e-17,-3.6159963912e-13,0.0000e+00,0.9687
1432.81,-5.27911048e-13,4.391170e-13,1.657183e-17,-3.6193270603e-13,0.0000e+00,0.9687
1433.39,-5.29021271e-13,4.393168e-13,1.645984e-17,-3.6226577294e-13,0.0000e+00,0.9687
1433.96,-5.31574784e-13,4.395529e-13,1.654552e-17,-3.6226577294e-13,0.0000e+00,0.9687
1434.53,-5.36348743e-13,4.398611e-13,1.717122e-17,-3.6226577294e-13,0.0000e+00,0.9687
1435.10,-5.38680212e-13,4.402473e-13,1.736689e-17,-3.6248781754e-13,0.0000e+00,0.9687
1435.67,-5.36681810e-13,4.406263e-13,1.681839e-17,-3.6270986215e-13,0.0000e+00,0.9687
1436.25,-5.31907851e-13,4.410195e-13,1.637908e-17,-3.6315395135e-13,0.0000e+00,0.9687
1436.82,-5.26467758e-13,4.413404e-13,1.630563e-17,-3.6337599596e-13,0.0000e+00,0.9687
1437.39,-5.22804022e-13,4.416416e-13,1.649722e-17,-3.6326497366e-13,0.0000e+00,0.9687
1437.96,-5.23248112e-13,4.419113e-13,1.668445e-17,-3.6370906287e-13,0.0000e+00,0.9687
1438.53,-5.25357535e-13,4.421613e-13,1.633996e-17,-3.6404212977e-13,0.0000e+00,0.9687
1439.11,-5.26356736e-13,4.423891e-13,1.551202e-17,-3.6426417438e-13,0.0000e+00,0.9687
1439.68,-5.26356736e-13,4.426500e-13,1.531109e-17,-3.6426417438e-13,0.0000e+00,0.9687
1440.25,-5.26134691e-13,4.429724e-13,1.537422e-17,-3.6459724129e-13,0.0000e+00,0.9687
1440.82,-5.24025268e-13,4.433130e-13,1.522022e-17,-3.6481928589e-13,0.0000e+00,0.9687
1441.39,-5.22915045e-13,4.436153e-13,1.491185e-17,-3.6515235280e-13,0.0000e+00,0.9687
1441.97,-5.22915045e-13,4.439433e-13,1.449632e-17,-3.6526337510e-13,0.0000e+00,0.9687
1442.54,-5.24802424e-13,4.441848e-13,1.410476e-17,-3.6559644201e-13,0.0000e+00,0.9687
1443.11,-5.29021271e-13,4.443879e-13,1.366414e-17,-3.6559644201e-13,0.0000e+00,0.9687
1443.68,-5.33795230e-13,4.445725e-13,1.327121e-17,-3.6570746431e-13,0.0000e+00,0.9687
1444.25,-5.34794431e-13,4.447101e-13,1.272439e-17,-3.6592950892e-13,0.0000e+00,0.9687
1444.83,-5.32796030e-13,4.448907e-13,1.256929e-17,-3.6570746431e-13,0.0000e+00,0.9687
1445.40,-5.29576383e-13,4.450844e-13,1.257670e-17,-3.6592950892e-13,0.0000e+00,0.9687
1445.97,-5.29243316e-13,4.453314e-13,1.240728e-17,-3.6592950892e-13,0.0000e+00,0.9687
1446.54,-5.30242517e-13,4.448612e-13,1.210136e-17,-3.6592950892e-13,0.0000e+00,0.9687
1447.11,-5.32573985e-13,4.449458e-13,1.186353e-17,-3.6592950892e-13,0.0000e+00,0.9687
1447.69,-5.34461364e-13,4.450508e-13,1.171669e-17,-3.6604053122e-13,0.0000e+00,0.9687
1448.26,-5.35460565e-13,4.452428e-13,1.151232e-17,-3.6648462043e-13,0.0000e+00,0.9687
1448.83,-5.35460565e-13,4.454560e-13,1.138594e-17,-3.6659564273e-13,0.0000e+00,0.9687
1449.40,-5.35460565e-13,4.457222e-13,1.119316e-17,-3.6659564273e-13,0.0000e+00,0.9687
1449.97,-5.33240119e-13,4.459580e-13,1.023838e-17,-3.6692870964e-13,0.0000e+00,0.9687
1450.55,-5.30797628e-13,4.462229e-13,8.965169e-18,-3.6703973194e-13,0.0000e+00,0.9687
1451.12,-5.29243316e-13,4.464925e-13,8.491301e-18,-3.6726177655e-13,0.0000e+00,0.9687
1451.69,-5.29243316e-13,4.467475e-13,8.085834e-18,-3.6726177655e-13,0.0000e+00,0.9687
1452.26,-5.29354338e-13,4.468901e-13,8.141579e-18,-3.6748382115e-13,0.0000e+00,0.9687
1452.83,-5.31241717e-13,4.469991e-13,8.449925e-18,-3.6792791036e-13,0.0000e+00,0.9687
1453.40,-5.32240918e-13,4.471219e-13,8.356400e-18,-3.6792791036e-13,0.0000e+00,0.9687
1453.98,-5.30242517e-13,4.472386e-13,7.605226e-18,-3.6814995497e-13,0.0000e+00,0.9687
1454.55,-5.26689803e-13,4.473075e-13,7.003765e-18,-3.6826097727e-13,0.0000e+00,0.9687
1455.12,-5.25690602e-13,4.474475e-13,6.801644e-18,-3.6859404418e-13,0.0000e+00,0.9687
1455.69,-5.27244914e-13,4.476289e-13,6.178202e-18,-3.6870506648e-13,0.0000e+00,0.9687
1456.26,-5.31907851e-13,4.477781e-13,5.137847e-18,-3.6870506648e-13,0.0000e+00,0.9687
1456.84,-5.35460565e-13,4.479253e-13,4.408188e-18,-3.6870506648e-13,0.0000e+00,0.9687
1457.41,-5.35349542e-13,4.481247e-13,4.650761e-18,-3.6903813339e-13,0.0000e+00,0.9687
1457.98,-5.31907851e-13,4.482954e-13,4.836937e-18,-3.6914915569e-13,0.0000e+00,0.9687
1458.55,-5.31130695e-13,4.484279e-13,5.113630e-18,-3.6959324490e-13,0.0000e+00,0.9687
1459.12,-5.33129096e-13,4.486159e-13,5.125047e-18,-3.6970426720e-13,0.0000e+00,0.9687
1459.70,-5.37903055e-13,4.488172e-13,5.034713e-18,-3.6970426720e-13,0.0000e+00,0.9687
1460.27,-5.39346345e-13,4.490146e-13,4.685360e-18,-3.6992631181e-13,0.0000e+00,0.9687
1460.84,-5.38569189e-13,4.492251e-13,4.447525e-18,-3.7003733411e-13,0.0000e+00,0.9687
1461.41,-5.38347145e-13,4.494622e-13,4.395361e-18,-3.7037040101e-13,0.0000e+00,0.9687
1461.98,-5.38680212e-13,4.496796e-13,4.447771e-18,-3.7048142332e-13,0.0000e+00,0.9687
1462.56,-5.39346345e-13,4.498912e-13,4.738113e-18,-3.7048142332e-13,0.0000e+00,0.9687
1463.13,-5.40789635e-13,4.500733e-13,5.149580e-18,-3.7059244562e-13,0.0000e+00,0.9687
1463.70,-5.40789635e-13,4.501974e-13,5.478155e-18,-3.7059244562e-13,0.0000e+00,0.9687
1464.27,-5.40900658e-13,4.502803e-13,5.783374e-18,-3.7081449022e-13,0.0000e+00,0.9687
1464.84,-5.38902256e-13,4.503647e-13,6.115978e-18,-3.7081449022e-13,0.0000e+00,0.9687
1465.42,-5.38902256e-13,4.504644e-13,6.496217e-18,-3.7081449022e-13,0.0000e+00,0.9687
1465.99,-5.38902256e-13,4.505774e-13,6.607971e-18,-3.7092551253e-13,0.0000e+00,0.9687
1466.56,-5.38902256e-13,4.507173e-13,6.837342e-18,-3.7103653483e-13,0.0000e+00,0.9687
1467.13,-5.38680212e-13,4.508301e-13,7.036564e-18,-3.7125857943e-13,0.0000e+00,0.9687
1467.70,-5.39235323e-13,4.509391e-13,7.255302e-18,-3.7136960174e-13,0.0000e+00,0.9687
1468.28,-5.41899858e-13,4.509790e-13,7.209206e-18,-3.7148062404e-13,0.0000e+00,0.9687
1468.85,-5.47339951e-13,4.510684e-13,7.432516e-18,-3.7192471325e-13,0.0000e+00,0.9687
1469.42,-5.49005286e-13,4.510999e-13,8.060955e-18,-3.7192471325e-13,0.0000e+00,0.9687
1469.99,-5.48006085e-13,4.511620e-13,8.436605e-18,-3.7192471325e-13,0.0000e+00,0.9687
1470.56,-5.45674617e-13,4.511831e-13,8.636999e-18,-3.7192471325e-13,0.0000e+00,0.9687
1471.14,-5.41899858e-13,4.512001e-13,8.892130e-18,-3.7192471325e-13,0.0000e+00,0.9687
1471.71,-5.41455769e-13,4.512075e-13,9.002021e-18,-3.7192471325e-13,0.0000e+00,0.9687
1472.28,-5.45119505e-13,4.512765e-13,9.040853e-18,-3.7192471325e-13,0.0000e+00,0.9687
1472.85,-5.51114709e-13,4.512981e-13,9.227728e-18,-3.7214675785e-13,0.0000e+00,0.9687
1473.42,-5.56110713e-13,4.512847e-13,9.555395e-18,-3.7225778016e-13,0.0000e+00,0.9687
1474.00,-5.57331958e-13,4.512497e-13,1.006048e-17,-3.7225778016e-13,0.0000e+00,0.9687
1474.57,-5.55777646e-13,4.511881e-13,1.043722e-17,-3.7236880246e-13,0.0000e+00,0.9687
1475.14,-5.52224932e-13,4.512228e-13,1.060016e-17,-3.7259084706e-13,0.0000e+00,0.9687
1475.71,-5.49227330e-13,4.513606e-13,1.075556e-17,-3.7270186937e-13,0.0000e+00,0.9687
1476.28,-5.48894263e-13,4.515267e-13,1.103010e-17,-3.7314595858e-13,0.0000e+00,0.9687
1476.86,-5.48561196e-13,4.516959e-13,1.155984e-17,-3.7325698088e-13,0.0000e+00,0.9687
1477.43,-5.48561196e-13,4.518779e-13,1.174212e-17,-3.7336800318e-13,0.0000e+00,0.9687
1478.00,-5.48672219e-13,4.520660e-13,1.164099e-17,-3.7359004779e-13,0.0000e+00,0.9687
1478.57,-5.48672219e-13,4.522611e-13,1.150723e-17,-3.7359004779e-13,0.0000e+00,0.9687
1479.14,-5.48672219e-13,4.524230e-13,1.125304e-17,-3.7381209239e-13,0.0000e+00,0.9687
1479.72,-5.48672219e-13,4.525326e-13,1.092693e-17,-3.7381209239e-13,0.0000e+00,0.9687
1480.29,-5.49671419e-13,4.526812e-13,1.063646e-17,-3.7414515930e-13,0.0000e+00,0.9687
1480.86,-5.50781643e-13,4.527964e-13,1.074459e-17,-3.7425618160e-13,0.0000e+00,0.9687
1481.43,-5.50448576e-13,4.529033e-13,1.098581e-17,-3.7447822621e-13,0.0000e+00,0.9687
1482.00,-5.50448576e-13,4.530237e-13,1.083461e-17,-3.7458924851e-13,0.0000e+00,0.9687
1482.58,-5.49893464e-13,4.532068e-13,1.036883e-17,-3.7447822621e-13,0.0000e+00,0.9687
1483.15,-5.49560397e-13,4.533692e-13,1.028808e-17,-3.7458924851e-13,0.0000e+00,0.9687
1483.72,-5.51447776e-13,4.535128e-13,1.094837e-17,-3.7470027081e-13,0.0000e+00,0.9687
1484.29,-5.56110713e-13,4.536847e-13,1.125845e-17,-3.7503333772e-13,0.0000e+00,0.9687
1484.86,-5.58553204e-13,4.538738e-13,1.064018e-17,-3.7503333772e-13,0.0000e+00,0.9687
1485.44,-5.59774449e-13,4.540754e-13,9.256782e-18,-3.7547742693e-13,0.0000e+00,0.9687
1486.01,-5.61106717e-13,4.542825e-13,8.217742e-18,-3.7558844923e-13,0.0000e+00,0.9687
1486.58,-5.62105917e-13,4.544987e-13,7.953866e-18,-3.7592151614e-13,0.0000e+00,0.9687
1487.15,-5.61106717e-13,4.547625e-13,7.390056e-18,-3.7625458305e-13,0.0000e+00,0.9687
1487.72,-5.57998092e-13,4.550301e-13,7.067813e-18,-3.7669867226e-13,0.0000e+00,0.9687
1488.30,-5.55666624e-13,4.552638e-13,7.666400e-18,-3.7680969456e-13,0.0000e+00,0.9687
1488.87,-5.54001289e-13,4.555002e-13,7.952775e-18,-3.7714276147e-13,0.0000e+00,0.9687
1489.44,-5.54667423e-13,4.557121e-13,7.680823e-18,-3.7714276147e-13,0.0000e+00,0.9687
1490.01,-5.54778445e-13,4.558250e-13,7.040666e-18,-3.7714276147e-13,0.0000e+00,0.9687
1490.58,-5.54778445e-13,4.559226e-13,6.508732e-18,-3.7725378377e-13,0.0000e+00,0.9687
1491.16,-5.54778445e-13,4.559981e-13,6.109050e-18,-3.7769787298e-13,0.0000e+00,0.9687
1491.73,-5.54778445e-13,4.560622e-13,6.358042e-18,-3.7769787298e-13,0.0000e+00,0.9687
1492.30,-5.54778445e-13,4.561427e-13,6.828802e-18,-3.7769787298e-13,0.0000e+00,0.9687
1492.87,-5.54778445e-13,4.563227e-13,6.739848e-18,-3.7803093988e-13,0.0000e+00,0.9687
1493.44,-5.54778445e-13,4.564688e-13,6.100103e-18,-3.7780889528e-13,0.0000e+00,0.9687
1494.02,-5.56887869e-13,4.566437e-13,5.738961e-18,-3.7803093988e-13,0.0000e+00,0.9687
1494.59,-5.58553204e-13,4.569892e-13,5.606956e-18,-3.7847502909e-13,0.0000e+00,0.9687
1495.16,-5.59552404e-13,4.572774e-13,5.437497e-18,-3.7847502909e-13,0.0000e+00,0.9687
1495.73,-5.58997293e-13,4.575681e-13,5.468195e-18,-3.7891911830e-13,0.0000e+00,0.9687
1496.30,-5.55444579e-13,4.578445e-13,5.573367e-18,-3.7891911830e-13,0.0000e+00,0.9687
1496.88,-5.52891066e-13,4.581032e-13,5.417326e-18,-3.7903014061e-13,0.0000e+00,0.9687
1497.45,-5.56554802e-13,4.582446e-13,5.290652e-18,-3.7947422982e-13,0.0000e+00,0.9687
1498.02,-5.67546010e-13,4.578754e-13,5.372508e-18,-3.7947422982e-13,0.0000e+00,0.9687
1498.59,-5.79758463e-13,4.579850e-13,5.666881e-18,-3.7958525212e-13,0.0000e+00,0.9687
1499.16,-5.85087534e-13,4.581557e-13,5.737295e-18,-3.7991831903e-13,0.0000e+00,0.9687
1499.74,-5.79869486e-13,4.583419e-13,5.333497e-18,-3.7991831903e-13,0.0000e+00,0.9687
1500.31,-5.69544412e-13,4.585395e-13,5.072128e-18,-3.7991831903e-13,0.0000e+00,0.9687
1500.88,-5.61217739e-13,4.588036e-13,5.022431e-18,-3.7991831903e-13,0.0000e+00,0.9687
1501.45,-5.60218538e-13,4.590278e-13,5.228293e-18,-3.8047343054e-13,0.0000e+00,0.9687
1502.02,-5.63438185e-13,4.591938e-13,5.309073e-18,-3.8047343054e-13,0.0000e+00,0.9687
1502.60,-5.65436586e-13,4.593346e-13,5.567540e-18,-3.8080649745e-13,0.0000e+00,0.9687
1503.17,-5.64770453e-13,4.594686e-13,5.930891e-18,-3.8047343054e-13,0.0000e+00,0.9687
1503.74,-5.64437386e-13,4.595919e-13,5.965013e-18,-3.8047343054e-13,0.0000e+00,0.9687
1504.31,-5.65103520e-13,4.597197e-13,6.092056e-18,-3.8069547514e-13,0.0000e+00,0.9687
1504.88,-5.67546010e-13,4.598431e-13,6.429709e-18,-3.8069547514e-13,0.0000e+00,0.9687
1505.46,-5.69877479e-13,4.599853e-13,7.150925e-18,-3.8080649745e-13,0.0000e+00,0.9687
1506.03,-5.70876679e-13,4.601646e-13,7.628833e-18,-3.8113956435e-13,0.0000e+00,0.9687
1506.60,-5.70543612e-13,4.603651e-13,8.189077e-18,-3.8113956435e-13,0.0000e+00,0.9687
1507.17,-5.70765657e-13,4.605314e-13,8.310680e-18,-3.8113956435e-13,0.0000e+00,0.9687
1507.74,-5.70876679e-13,4.606713e-13,8.395093e-18,-3.8113956435e-13,0.0000e+00,0.9687
1508.32,-5.68878278e-13,4.608132e-13,8.467940e-18,-3.8125058666e-13,0.0000e+00,0.9687
1508.89,-5.66324765e-13,4.609414e-13,8.535201e-18,-3.8158365356e-13,0.0000e+00,0.9687
1509.46,-5.64326363e-13,4.610996e-13,8.714131e-18,-3.8158365356e-13,0.0000e+00,0.9687
1510.03,-5.64437386e-13,4.612326e-13,9.000774e-18,-3.8158365356e-13,0.0000e+00,0.9687
1510.60,-5.65103520e-13,4.614127e-13,9.570659e-18,-3.8158365356e-13,0.0000e+00,0.9687
1511.18,-5.66990899e-13,4.616263e-13,9.893120e-18,-3.8169467587e-13,0.0000e+00,0.9687
1511.75,-5.68212144e-13,4.618113e-13,1.048875e-17,-3.8180569817e-13,0.0000e+00,0.9687
1512.32,-5.67657032e-13,4.619633e-13,1.093165e-17,-3.8180569817e-13,0.0000e+00,0.9687
1512.89,-5.66879876e-13,4.620442e-13,1.064318e-17,-3.8180569817e-13,0.0000e+00,0.9687
1513.46,-5.66657832e-13,4.621007e-13,1.041353e-17,-3.8180569817e-13,0.0000e+00,0.9687
1514.03,-5.67990099e-13,4.621562e-13,1.113469e-17,-3.8202774277e-13,0.0000e+00,0.9687
1514.61,-5.71875880e-13,4.622589e-13,1.221427e-17,-3.8213876508e-13,0.0000e+00,0.9687
1515.18,-5.76316772e-13,4.624436e-13,1.264561e-17,-3.8213876508e-13,0.0000e+00,0.9687
1515.75,-5.77204951e-13,4.626503e-13,1.250686e-17,-3.8236080968e-13,0.0000e+00,0.9687
1516.32,-5.75761661e-13,4.628432e-13,1.249004e-17,-3.8236080968e-13,0.0000e+00,0.9687
1516.89,-5.72208947e-13,4.630559e-13,1.252725e-17,-3.8258285429e-13,0.0000e+00,0.9687
1517.47,-5.70543612e-13,4.633225e-13,1.279748e-17,-3.8269387659e-13,0.0000e+00,0.9687
1518.04,-5.71542813e-13,4.635925e-13,1.297178e-17,-3.8280489889e-13,0.0000e+00,0.9687
1518.61,-5.73652237e-13,4.638325e-13,1.275668e-17,-3.8302694350e-13,0.0000e+00,0.9687
1519.18,-5.74429393e-13,4.640570e-13,1.271906e-17,-3.8302694350e-13,0.0000e+00,0.9687
1519.75,-5.74429393e-13,4.642602e-13,1.289616e-17,-3.8313796580e-13,0.0000e+00,0.9687
1520.33,-5.72430991e-13,4.644369e-13,1.320443e-17,-3.8324898810e-13,0.0000e+00,0.9687
1520.90,-5.68323166e-13,4.646483e-13,1.306796e-17,-3.8369307731e-13,0.0000e+00,0.9687
1521.47,-5.65991698e-13,4.648567e-13,1.245256e-17,-3.8369307731e-13,0.0000e+00,0.9687
1522.04,-5.65991698e-13,4.651014e-13,1.214638e-17,-3.8391512192e-13,0.0000e+00,0.9687
1522.61,-5.68656233e-13,4.653494e-13,1.195244e-17,-3.8402614422e-13,0.0000e+00,0.9687
1523.19,-5.69766456e-13,4.655961e-13,1.173446e-17,-3.8413716652e-13,0.0000e+00,0.9687
1523.76,-5.69322367e-13,4.658927e-13,1.169341e-17,-3.8435921113e-13,0.0000e+00,0.9687
1524.33,-5.68989300e-13,4.661886e-13,1.183922e-17,-3.8480330034e-13,0.0000e+00,0.9687
1524.90,-5.69322367e-13,4.664085e-13,1.192536e-17,-3.8480330034e-13,0.0000e+00,0.9687
1525.47,-5.70543612e-13,4.665656e-13,1.201140e-17,-3.8491432264e-13,0.0000e+00,0.9687
1526.05,-5.71875880e-13,4.667968e-13,1.198717e-17,-3.8524738954e-13,0.0000e+00,0.9687
1526.62,-5.72542014e-13,4.670114e-13,1.189840e-17,-3.8535841185e-13,0.0000e+00,0.9687
1527.19,-5.72208947e-13,4.671822e-13,1.165458e-17,-3.8546943415e-13,0.0000e+00,0.9687
1527.76,-5.72208947e-13,4.673737e-13,1.147858e-17,-3.8591352336e-13,0.0000e+00,0.9687
1528.33,-5.72208947e-13,4.675827e-13,1.196278e-17,-3.8591352336e-13,0.0000e+00,0.9687
1528.91,-5.72430991e-13,4.678198e-13,1.277642e-17,-3.8613556796e-13,0.0000e+00,0.9687
1529.48,-5.72208947e-13,4.680689e-13,1.307086e-17,-3.8635761257e-13,0.0000e+00,0.9687
1530.05,-5.72208947e-13,4.682812e-13,1.290090e-17,-3.8635761257e-13,0.0000e+00,0.9687
1530.62,-5.72208947e-13,4.684985e-13,1.245147e-17,-3.8635761257e-13,0.0000e+00,0.9687
1531.19,-5.73652237e-13,4.687505e-13,1.204907e-17,-3.8657965717e-13,0.0000e+00,0.9687
1531.77,-5.74984504e-13,4.690315e-13,1.182736e-17,-3.8702374638e-13,0.0000e+00,0.9687
1532.34,-5.74984504e-13,4.694157e-13,1.137715e-17,-3.8724579099e-13,0.0000e+00,0.9687
1532.91,-5.74984504e-13,4.697938e-13,1.097581e-17,-3.8757885790e-13,0.0000e+00,0.9687
1533.48,-5.74984504e-13,4.702092e-13,1.080886e-17,-3.8791192480e-13,0.0000e+00,0.9687
1534.05,-5.74984504e-13,4.706310e-13,1.087605e-17,-3.8802294711e-13,0.0000e+00,0.9687
1534.63,-5.74984504e-13,4.709737e-13,1.062730e-17,-3.8802294711e-13,0.0000e+00,0.9687
1535.20,-5.75095527e-13,4.712219e-13,1.031030e-17,-3.8835601401e-13,0.0000e+00,0.9687
1535.77,-5.75095527e-13,4.714166e-13,1.017775e-17,-3.8835601401e-13,0.0000e+00,0.9687
1536.34,-5.76871884e-13,4.715843e-13,9.977622e-18,-3.8846703632e-13,0.0000e+00,0.9687
1536.91,-5.77538017e-13,4.717127e-13,9.582012e-18,-3.8857805862e-13,0.0000e+00,0.9687
1537.49,-5.76982906e-13,4.717943e-13,8.821895e-18,-3.8880010322e-13,0.0000e+00,0.9687
1538.06,-5.74096326e-13,4.718445e-13,8.103554e-18,-3.8880010322e-13,0.0000e+00,0.9687
1538.63,-5.74096326e-13,4.719146e-13,7.486338e-18,-3.8891112553e-13,0.0000e+00,0.9687
1539.20,-5.75983705e-13,4.720233e-13,7.021141e-18,-3.8902214783e-13,0.0000e+00,0.9687
1539.77,-5.78870285e-13,4.722050e-13,6.787218e-18,-3.8924419243e-13,0.0000e+00,0.9687
1540.35,-5.80868686e-13,4.724737e-13,6.768840e-18,-3.8924419243e-13,0.0000e+00,0.9687
1540.92,-5.80424597e-13,4.727938e-13,6.899610e-18,-3.8935521474e-13,0.0000e+00,0.9687
1541.49,-5.77204951e-13,4.730531e-13,7.055404e-18,-3.8946623704e-13,0.0000e+00,0.9687
1542.06,-5.75095527e-13,4.732928e-13,7.088097e-18,-3.8946623704e-13,0.0000e+00,0.9687
1542.63,-5.76871884e-13,4.734651e-13,6.496122e-18,-3.8968828164e-13,0.0000e+00,0.9687
1543.21,-5.81534820e-13,4.736279e-13,5.578474e-18,-3.8968828164e-13,0.0000e+00,0.9687
1543.78,-5.83311177e-13,4.737842e-13,5.321995e-18,-3.8979930395e-13,0.0000e+00,0.9687
1544.35,-5.82200954e-13,4.739343e-13,4.941288e-18,-3.9013237085e-13,0.0000e+00,0.9687
1544.92,-5.79536419e-13,4.740123e-13,4.928214e-18,-3.9013237085e-13,0.0000e+00,0.9687
1545.49,-5.78204151e-13,4.741048e-13,5.076785e-18,-3.9024339316e-13,0.0000e+00,0.9687
1546.07,-5.78537218e-13,4.742626e-13,5.144743e-18,-3.9024339316e-13,0.0000e+00,0.9687
1546.64,-5.78870285e-13,4.743664e-13,5.472624e-18,-3.9024339316e-13,0.0000e+00,0.9687
1547.21,-5.78648240e-13,4.744372e-13,5.270032e-18,-3.9035441546e-13,0.0000e+00,0.9687
1547.78,-5.78648240e-13,4.745525e-13,5.034049e-18,-3.9068748237e-13,0.0000e+00,0.9687
1548.35,-5.78648240e-13,4.746625e-13,5.301032e-18,-3.9102054927e-13,0.0000e+00,0.9687
1548.93,-5.78648240e-13,4.747714e-13,5.729878e-18,-3.9124259388e-13,0.0000e+00,0.9687
1549.50,-5.78870285e-13,4.748636e-13,5.889436e-18,-3.9124259388e-13,0.0000e+00,0.9687
1550.07,-5.78648240e-13,4.749872e-13,5.929092e-18,-3.9135361618e-13,0.0000e+00,0.9687
1550.64,-5.78648240e-13,4.751499e-13,5.625346e-18,-3.9157566079e-13,0.0000e+00,0.9687
1551.21,-5.77649040e-13,4.753544e-13,5.505448e-18,-3.9168668309e-13,0.0000e+00,0.9687
1551.79,-5.75983705e-13,4.755553e-13,5.505157e-18,-3.9179770539e-13,0.0000e+00,0.9687
1552.36,-5.76649839e-13,4.757049e-13,5.359960e-18,-3.9179770539e-13,0.0000e+00,0.9687
1552.93,-5.79869486e-13,4.758042e-13,5.208023e-18,-3.9179770539e-13,0.0000e+00,0.9687
1553.50,-5.84976512e-13,4.758520e-13,5.208308e-18,-3.9179770539e-13,0.0000e+00,0.9687
1554.07,-5.86863891e-13,4.759173e-13,5.439778e-18,-3.9179770539e-13,0.0000e+00,0.9687
1554.65,-5.86974913e-13,4.760277e-13,5.706171e-18,-3.9213077230e-13,0.0000e+00,0.9687
1555.22,-5.84754467e-13,4.761563e-13,5.221502e-18,-3.9213077230e-13,0.0000e+00,0.9687
1555.79,-5.82422999e-13,4.763334e-13,4.980914e-18,-3.9213077230e-13,0.0000e+00,0.9687
1556.36,-5.81534820e-13,4.765169e-13,5.752699e-18,-3.9246383920e-13,0.0000e+00,0.9687
1556.93,-5.81534820e-13,4.767690e-13,6.427023e-18,-3.9246383920e-13,0.0000e+00,0.9687
1557.51,-5.81534820e-13,4.770356e-13,6.728358e-18,-3.9257486151e-13,0.0000e+00,0.9687
1558.08,-5.82756066e-13,4.772221e-13,6.538702e-18,-3.9290792841e-13,0.0000e+00,0.9687
1558.65,-5.84754467e-13,4.773565e-13,5.527811e-18,-3.9290792841e-13,0.0000e+00,0.9687
1559.22,-5.86197757e-13,4.774265e-13,4.881029e-18,-3.9290792841e-13,0.0000e+00,0.9687
1559.79,-5.85975712e-13,4.775843e-13,5.178116e-18,-3.9301895072e-13,0.0000e+00,0.9687
1560.37,-5.83755266e-13,4.777033e-13,5.543704e-18,-3.9301895072e-13,0.0000e+00,0.9687
1560.94,-5.83644244e-13,4.778076e-13,5.627073e-18,-3.9346303993e-13,0.0000e+00,0.9687
1561.51,-5.83977311e-13,4.779325e-13,5.661835e-18,-3.9357406223e-13,0.0000e+00,0.9687
1562.08,-5.85642645e-13,4.780607e-13,5.754625e-18,-3.9357406223e-13,0.0000e+00,0.9687
1562.65,-5.87196958e-13,4.782230e-13,5.995080e-18,-3.9357406223e-13,0.0000e+00,0.9687
1563.23,-5.88529225e-13,4.784641e-13,6.126265e-18,-3.9390712914e-13,0.0000e+00,0.9687
1563.80,-5.88529225e-13,4.787705e-13,5.847678e-18,-3.9401815144e-13,0.0000e+00,0.9687
1564.37,-5.87641047e-13,4.790147e-13,5.944166e-18,-3.9424019604e-13,0.0000e+00,0.9687
1564.94,-5.85309579e-13,4.792201e-13,5.880536e-18,-3.9446224065e-13,0.0000e+00,0.9687
1565.51,-5.85309579e-13,4.793350e-13,6.067299e-18,-3.9446224065e-13,0.0000e+00,0.9687
1566.09,-5.85309579e-13,4.794795e-13,6.684191e-18,-3.9490632986e-13,0.0000e+00,0.9687
1566.66,-5.85753668e-13,4.795488e-13,6.800034e-18,-3.9512837446e-13,0.0000e+00,0.9687
1567.23,-5.87307980e-13,4.797117e-13,6.632458e-18,-3.9512837446e-13,0.0000e+00,0.9687
1567.80,-5.89195359e-13,4.798872e-13,6.981449e-18,-3.9535041907e-13,0.0000e+00,0.9687
1568.37,-5.88973315e-13,4.802113e-13,7.175352e-18,-3.9568348598e-13,0.0000e+00,0.9687
1568.95,-5.89528426e-13,4.805419e-13,6.817078e-18,-3.9612757519e-13,0.0000e+00,0.9687
1569.52,-5.91859894e-13,4.808811e-13,6.182103e-18,-3.9657166440e-13,0.0000e+00,0.9687
1570.09,-5.94746474e-13,4.812032e-13,5.651789e-18,-3.9668268670e-13,0.0000e+00,0.9687
1570.66,-5.95412608e-13,4.814155e-13,5.421356e-18,-3.9701575361e-13,0.0000e+00,0.9687
1571.23,-5.93081140e-13,4.816852e-13,5.629008e-18,-3.9734882051e-13,0.0000e+00,0.9687
1571.81,-5.89417404e-13,4.818809e-13,5.542354e-18,-3.9734882051e-13,0.0000e+00,0.9687
1572.38,-5.87974114e-13,4.820131e-13,5.088682e-18,-3.9745984282e-13,0.0000e+00,0.9687
1572.95,-5.88307181e-13,4.820643e-13,5.549344e-18,-3.9745984282e-13,0.0000e+00,0.9687
1573.52,-5.91082738e-13,4.821666e-13,5.186058e-18,-3.9757086512e-13,0.0000e+00,0.9687
1574.09,-5.92081939e-13,4.822359e-13,4.514978e-18,-3.9779290972e-13,0.0000e+00,0.9687
1574.67,-5.91415805e-13,4.824084e-13,4.393600e-18,-3.9779290972e-13,0.0000e+00,0.9687
1575.24,-5.90416604e-13,4.825703e-13,4.612517e-18,-3.9790393203e-13,0.0000e+00,0.9687
1575.81,-5.90416604e-13,4.827844e-13,4.891840e-18,-3.9823699893e-13,0.0000e+00,0.9687
1576.38,-5.90416604e-13,4.829525e-13,5.471037e-18,-3.9823699893e-13,0.0000e+00,0.9687
1576.95,-5.91193761e-13,4.830267e-13,6.403580e-18,-3.9834802124e-13,0.0000e+00,0.9687
1577.52,-5.92192961e-13,4.831070e-13,6.594335e-18,-3.9845904354e-13,0.0000e+00,0.9687
1578.10,-5.93081140e-13,4.831319e-13,6.266827e-18,-3.9834802124e-13,0.0000e+00,0.9687
1578.67,-5.95634653e-13,4.831997e-13,6.293224e-18,-3.9868108814e-13,0.0000e+00,0.9687
1579.24,-5.97855099e-13,4.832755e-13,6.358936e-18,-3.9868108814e-13,0.0000e+00,0.9687
1579.81,-5.99409411e-13,4.833474e-13,6.124584e-18,-3.9868108814e-13,0.0000e+00,0.9687
1580.38,-5.99187366e-13,4.835485e-13,5.648865e-18,-3.9890313275e-13,0.0000e+00,0.9687
1580.96,-5.96855898e-13,4.838073e-13,5.328487e-18,-3.9912517735e-13,0.0000e+00,0.9687
1581.53,-5.94080340e-13,4.839575e-13,4.736112e-18,-3.9934722196e-13,0.0000e+00,0.9687
1582.10,-5.92415006e-13,4.840760e-13,5.005458e-18,-3.9934722196e-13,0.0000e+00,0.9687
1582.67,-5.93303184e-13,4.841498e-13,5.502503e-18,-3.9934722196e-13,0.0000e+00,0.9687
1583.24,-5.94968519e-13,4.842488e-13,5.654282e-18,-3.9934722196e-13,0.0000e+00,0.9687
1583.82,-5.95412608e-13,4.844405e-13,5.329961e-18,-3.9968028887e-13,0.0000e+00,0.9687
1584.39,-5.93747274e-13,4.846927e-13,5.046861e-18,-4.0001335577e-13,0.0000e+00,0.9687
1584.96,-5.90860694e-13,4.849345e-13,4.463967e-18,-4.0012437807e-13,0.0000e+00,0.9687
1585.53,-5.90083538e-13,4.852001e-13,4.515504e-18,-4.0023540038e-13,0.0000e+00,0.9687
1586.10,-5.91859894e-13,4.853612e-13,4.779373e-18,-4.0034642268e-13,0.0000e+00,0.9687
1586.68,-5.94635452e-13,4.854831e-13,4.889341e-18,-4.0056846728e-13,0.0000e+00,0.9687
1587.25,-5.96966920e-13,4.856639e-13,5.280349e-18,-4.0079051189e-13,0.0000e+00,0.9687
1587.82,-5.96966920e-13,4.858428e-13,5.349805e-18,-4.0079051189e-13,0.0000e+00,0.9687
1588.39,-5.96189764e-13,4.859696e-13,5.231869e-18,-4.0101255649e-13,0.0000e+00,0.9687
1588.96,-5.97188965e-13,4.861562e-13,5.334194e-18,-4.0101255649e-13,0.0000e+00,0.9687
1589.54,-6.02073946e-13,4.862993e-13,5.271952e-18,-4.0123460110e-13,0.0000e+00,0.9687
1590.11,-6.08180173e-13,4.864371e-13,5.388562e-18,-4.0123460110e-13,0.0000e+00,0.9687
1590.68,-6.11177775e-13,4.865469e-13,6.110518e-18,-4.0145664570e-13,0.0000e+00,0.9687
1591.25,-6.08180173e-13,4.866801e-13,6.798969e-18,-4.0167869031e-13,0.0000e+00,0.9687
1591.82,-5.99520433e-13,4.868546e-13,6.890270e-18,-4.0167869031e-13,0.0000e+00,0.9687
1592.40,-5.91415805e-13,4.870152e-13,6.909970e-18,-4.0190073491e-13,0.0000e+00,0.9687
1592.97,-5.88973315e-13,4.871348e-13,6.726668e-18,-4.0201175722e-13,0.0000e+00,0.9687
1593.54,-5.92081939e-13,4.872055e-13,6.592940e-18,-4.0234482412e-13,0.0000e+00,0.9687
1594.11,-5.96966920e-13,4.873199e-13,6.868207e-18,-4.0245584643e-13,0.0000e+00,0.9687
1594.68,-6.01185768e-13,4.874612e-13,7.501544e-18,-4.0245584643e-13,0.0000e+00,0.9687
1595.26,-6.01407812e-13,4.876877e-13,8.124573e-18,-4.0256686873e-13,0.0000e+00,0.9687
1595.83,-6.01407812e-13,4.880423e-13,8.648595e-18,-4.0301095794e-13,0.0000e+00,0.9687
1596.40,-6.01518835e-13,4.884228e-13,8.797636e-18,-4.0323300254e-13,0.0000e+00,0.9687
1596.97,-6.01851902e-13,4.887667e-13,8.626473e-18,-4.0323300254e-13,0.0000e+00,0.9687
1597.54,-5.99187366e-13,4.890885e-13,8.494882e-18,-4.0345504715e-13,0.0000e+00,0.9687
1598.12,-5.98854299e-13,4.892917e-13,8.340096e-18,-4.0367709175e-13,0.0000e+00,0.9687
1598.69,-6.00852701e-13,4.894695e-13,8.282652e-18,-4.0367709175e-13,0.0000e+00,0.9687
1599.26,-6.02184969e-13,4.896148e-13,8.437129e-18,-4.0389913636e-13,0.0000e+00,0.9687
1599.83,-6.02962125e-13,4.897515e-13,8.480201e-18,-4.0389913636e-13,0.0000e+00,0.9687
1600.40,-6.02962125e-13,4.899139e-13,8.656312e-18,-4.0389913636e-13,0.0000e+00,0.9687
1600.98,-6.01185768e-13,4.901212e-13,8.956568e-18,-4.0389913636e-13,0.0000e+00,0.9687
1601.55,-6.01185768e-13,4.903606e-13,9.404518e-18,-4.0423220327e-13,0.0000e+00,0.9687
1602.12,-6.01185768e-13,4.906158e-13,9.689314e-18,-4.0434322557e-13,0.0000e+00,0.9687
1602.69,-6.01518835e-13,4.908522e-13,1.001118e-17,-4.0456527017e-13,0.0000e+00,0.9687
1603.26,-6.01851902e-13,4.910610e-13,1.033615e-17,-4.0456527017e-13,0.0000e+00,0.9687
1603.84,-6.01851902e-13,4.912201e-13,1.073434e-17,-4.0478731478e-13,0.0000e+00,0.9687
1604.41,-6.01185768e-13,4.913455e-13,1.089483e-17,-4.0478731478e-13,0.0000e+00,0.9687
1604.98,-6.01185768e-13,4.915094e-13,1.090100e-17,-4.0512038169e-13,0.0000e+00,0.9687
1605.55,-6.02184969e-13,4.916760e-13,1.087793e-17,-4.0523140399e-13,0.0000e+00,0.9687
1606.12,-6.04405415e-13,4.917974e-13,1.087651e-17,-4.0545344859e-13,0.0000e+00,0.9687
1606.70,-6.05848705e-13,4.919417e-13,1.139510e-17,-4.0545344859e-13,0.0000e+00,0.9687
1607.27,-6.06181771e-13,4.921947e-13,1.187607e-17,-4.0589753780e-13,0.0000e+00,0.9687
1607.84,-6.05848705e-13,4.924156e-13,1.187089e-17,-4.0634162701e-13,0.0000e+00,0.9687
1608.41,-6.05293593e-13,4.926143e-13,1.144183e-17,-4.0634162701e-13,0.0000e+00,0.9687
1608.98,-6.05293593e-13,4.928191e-13,1.115967e-17,-4.0645264932e-13,0.0000e+00,0.9687
1609.56,-6.07291994e-13,4.930099e-13,1.120325e-17,-4.0645264932e-13,0.0000e+00,0.9687
1610.13,-6.09179374e-13,4.932959e-13,1.125761e-17,-4.0645264932e-13,0.0000e+00,0.9687
1610.70,-6.08513240e-13,4.935995e-13,1.134487e-17,-4.0645264932e-13,0.0000e+00,0.9687
1611.27,-6.04294392e-13,4.938456e-13,1.142296e-17,-4.0678571622e-13,0.0000e+00,0.9687
1611.84,-6.02962125e-13,4.940111e-13,1.104199e-17,-4.0678571622e-13,0.0000e+00,0.9687
1612.42,-6.03961325e-13,4.941642e-13,1.061408e-17,-4.0689673853e-13,0.0000e+00,0.9687
1612.99,-6.05959727e-13,4.943188e-13,1.035926e-17,-4.0689673853e-13,0.0000e+00,0.9687
1613.56,-6.06625861e-13,4.945318e-13,1.005000e-17,-4.0689673853e-13,0.0000e+00,0.9687
1614.13,-6.06625861e-13,4.947689e-13,1.021366e-17,-4.0722980543e-13,0.0000e+00,0.9687
1614.70,-6.08513240e-13,4.950814e-13,1.041372e-17,-4.0722980543e-13,0.0000e+00,0.9687
1615.28,-6.11177775e-13,4.953894e-13,1.068040e-17,-4.0745185004e-13,0.0000e+00,0.9687
1615.85,-6.12732087e-13,4.956166e-13,1.074060e-17,-4.0767389464e-13,0.0000e+00,0.9687
1616.42,-6.10400619e-13,4.957778e-13,1.070366e-17,-4.0767389464e-13,0.0000e+00,0.9687
1616.99,-6.06625861e-13,4.958807e-13,1.045350e-17,-4.0778491694e-13,0.0000e+00,0.9687
1617.56,-6.04294392e-13,4.959334e-13,1.018474e-17,-4.0789593925e-13,0.0000e+00,0.9687
1618.14,-6.05959727e-13,4.959897e-13,9.933995e-18,-4.0811798385e-13,0.0000e+00,0.9687
1618.71,-6.08624262e-13,4.960314e-13,9.595920e-18,-4.0822900615e-13,0.0000e+00,0.9687
1619.28,-6.10067552e-13,4.960690e-13,9.490010e-18,-4.0822900615e-13,0.0000e+00,0.9687
1619.85,-6.07625061e-13,4.961547e-13,9.620785e-18,-4.0822900615e-13,0.0000e+00,0.9687
1620.42,-6.03961325e-13,4.963092e-13,9.877081e-18,-4.0822900615e-13,0.0000e+00,0.9687
1621.00,-6.01518835e-13,4.965096e-13,9.793444e-18,-4.0856207306e-13,0.0000e+00,0.9687
1621.57,-6.02962125e-13,4.967192e-13,9.452006e-18,-4.0856207306e-13,0.0000e+00,0.9687
1622.14,-6.05626660e-13,4.969401e-13,9.301546e-18,-4.0856207306e-13,0.0000e+00,0.9687
1622.71,-6.07291994e-13,4.971815e-13,9.158188e-18,-4.0856207306e-13,0.0000e+00,0.9687
1623.28,-6.05626660e-13,4.974470e-13,8.972939e-18,-4.0867309536e-13,0.0000e+00,0.9687
1623.86,-6.03295192e-13,4.976621e-13,8.939558e-18,-4.0878411767e-13,0.0000e+00,0.9687
1624.43,-6.03961325e-13,4.978420e-13,8.995439e-18,-4.0878411767e-13,0.0000e+00,0.9687
1625.00,-6.04960526e-13,4.979363e-13,8.868171e-18,-4.0878411767e-13,0.0000e+00,0.9687
1625.57,-6.06292794e-13,4.980303e-13,8.943309e-18,-4.0911718457e-13,0.0000e+00,0.9687
1626.14,-6.04627459e-13,4.980984e-13,8.919169e-18,-4.0922820688e-13,0.0000e+00,0.9687
1626.72,-6.00852701e-13,4.981764e-13,8.712712e-18,-4.0933922918e-13,0.0000e+00,0.9687
1627.29,-5.99187366e-13,4.982209e-13,8.664040e-18,-4.0956127378e-13,0.0000e+00,0.9687
1627.86,-6.00852701e-13,4.982712e-13,8.702869e-18,-4.0967229609e-13,0.0000e+00,0.9687
1628.43,-6.03628258e-13,4.983502e-13,8.687061e-18,-4.0967229609e-13,0.0000e+00,0.9687
1629.00,-6.04960526e-13,4.984624e-13,8.879311e-18,-4.0978331839e-13,0.0000e+00,0.9687
1629.58,-6.04960526e-13,4.986198e-13,9.107286e-18,-4.0978331839e-13,0.0000e+00,0.9687
1630.15,-6.03628258e-13,4.987492e-13,9.354446e-18,-4.1011638530e-13,0.0000e+00,0.9687
1630.72,-6.00519634e-13,4.989185e-13,9.651241e-18,-4.1011638530e-13,0.0000e+00,0.9687
1631.29,-5.98632255e-13,4.991397e-13,9.615991e-18,-4.1022740760e-13,0.0000e+00,0.9687
1631.86,-5.99520433e-13,4.993529e-13,9.237393e-18,-4.1067149681e-13,0.0000e+00,0.9687
1632.44,-6.02740080e-13,4.995569e-13,9.163413e-18,-4.1089354141e-13,0.0000e+00,0.9687
1633.01,-6.07625061e-13,4.997983e-13,9.402978e-18,-4.1100456372e-13,0.0000e+00,0.9687
1633.58,-6.09845507e-13,5.000565e-13,9.650182e-18,-4.1111558602e-13,0.0000e+00,0.9687
1634.15,-6.09845507e-13,5.003342e-13,8.956872e-18,-4.1133763062e-13,0.0000e+00,0.9687
1634.72,-6.09845507e-13,5.004977e-13,7.526092e-18,-4.1178171983e-13,0.0000e+00,0.9687
1635.30,-6.09845507e-13,5.006247e-13,7.109523e-18,-4.1178171983e-13,0.0000e+00,0.9687
1635.87,-6.10178574e-13,5.006956e-13,6.939038e-18,-4.1189274214e-13,0.0000e+00,0.9687
1636.44,-6.09845507e-13,5.008083e-13,7.090771e-18,-4.1222580904e-13,0.0000e+00,0.9687
1637.01,-6.09179374e-13,5.010257e-13,7.717091e-18,-4.1233683135e-13,0.0000e+00,0.9687
1637.58,-6.06181771e-13,5.013012e-13,8.005683e-18,-4.1233683135e-13,0.0000e+00,0.9687
1638.15,-6.05626660e-13,5.016014e-13,7.851696e-18,-4.1233683135e-13,0.0000e+00,0.9687
1638.73,-6.05848705e-13,5.019124e-13,7.766688e-18,-4.1244785365e-13,0.0000e+00,0.9687
1639.30,-6.05848705e-13,5.021616e-13,7.643293e-18,-4.1244785365e-13,0.0000e+00,0.9687
1639.87,-6.08180173e-13,5.024023e-13,7.366295e-18,-4.1244785365e-13,0.0000e+00,0.9687
1640.44,-6.12732087e-13,5.025539e-13,6.755743e-18,-4.1278092056e-13,0.0000e+00,0.9687
1641.01,-6.14619466e-13,5.027385e-13,6.589204e-18,-4.1289194286e-13,0.0000e+00,0.9687
1641.59,-6.13731288e-13,5.028944e-13,6.081507e-18,-4.1333603207e-13,0.0000e+00,0.9687
1642.16,-6.11399820e-13,5.031106e-13,5.551615e-18,-4.1355807667e-13,0.0000e+00,0.9687
1642.73,-6.11177775e-13,5.032377e-13,5.164420e-18,-4.1366909898e-13,0.0000e+00,0.9687
1643.30,-6.11843909e-13,5.033636e-13,5.220857e-18,-4.1366909898e-13,0.0000e+00,0.9687
1643.87,-6.13287199e-13,5.035646e-13,5.799869e-18,-4.1366909898e-13,0.0000e+00,0.9687
1644.45,-6.14619466e-13,5.037454e-13,5.449333e-18,-4.1422421049e-13,0.0000e+00,0.9687
1645.02,-6.13398221e-13,5.039671e-13,4.706362e-18,-4.1422421049e-13,0.0000e+00,0.9687
1645.59,-6.10733686e-13,5.041144e-13,4.410581e-18,-4.1422421049e-13,0.0000e+00,0.9687
1646.16,-6.10844708e-13,5.042182e-13,4.794233e-18,-4.1455727740e-13,0.0000e+00,0.9687
1646.73,-6.12954132e-13,5.043125e-13,5.333589e-18,-4.1455727740e-13,0.0000e+00,0.9687
1647.31,-6.15618667e-13,5.044246e-13,5.998254e-18,-4.1455727740e-13,0.0000e+00,0.9687
1647.88,-6.16617868e-13,5.044977e-13,6.063643e-18,-4.1455727740e-13,0.0000e+00,0.9687
1648.45,-6.15063556e-13,5.045530e-13,5.900992e-18,-4.1489034430e-13,0.0000e+00,0.9687
1649.02,-6.11399820e-13,5.046439e-13,5.664425e-18,-4.1500136660e-13,0.0000e+00,0.9687
1649.59,-6.09179374e-13,5.048251e-13,5.112208e-18,-4.1500136660e-13,0.0000e+00,0.9687
1650.17,-6.10178574e-13,5.050041e-13,4.294457e-18,-4.1511238891e-13,0.0000e+00,0.9687
1650.74,-6.13953333e-13,5.051441e-13,4.101530e-18,-4.1511238891e-13,0.0000e+00,0.9687
1651.31,-6.18727292e-13,5.053044e-13,3.876518e-18,-4.1544545581e-13,0.0000e+00,0.9687
1651.88,-6.20059559e-13,5.054817e-13,3.624135e-18,-4.1544545581e-13,0.0000e+00,0.9687
1652.45,-6.18838314e-13,5.056213e-13,3.996206e-18,-4.1577852272e-13,0.0000e+00,0.9687
1653.03,-6.16506846e-13,5.056952e-13,4.388440e-18,-4.1588954502e-13,0.0000e+00,0.9687
1653.60,-6.14730489e-13,5.057454e-13,4.820177e-18,-4.1600056733e-13,0.0000e+00,0.9687
1654.17,-6.15063556e-13,5.058423e-13,5.324967e-18,-4.1622261193e-13,0.0000e+00,0.9687
1654.74,-6.16506846e-13,5.058622e-13,5.828214e-18,-4.1622261193e-13,0.0000e+00,0.9687
1655.31,-6.17839113e-13,5.059350e-13,6.279834e-18,-4.1622261193e-13,0.0000e+00,0.9687
1655.89,-6.17839113e-13,5.060632e-13,6.243644e-18,-4.1666670114e-13,0.0000e+00,0.9687
1656.46,-6.17506046e-13,5.061767e-13,6.116610e-18,-4.1666670114e-13,0.0000e+00,0.9687
1657.03,-6.17172979e-13,5.062737e-13,6.104042e-18,-4.1722181265e-13,0.0000e+00,0.9687
1657.60,-6.17950136e-13,5.063738e-13,6.670199e-18,-4.1733283496e-13,0.0000e+00,0.9687
1658.17,-6.20725693e-13,5.064920e-13,7.116752e-18,-4.1733283496e-13,0.0000e+00,0.9687
1658.75,-6.23057161e-13,5.066560e-13,6.996251e-18,-4.1733283496e-13,0.0000e+00,0.9687
1659.32,-6.22613072e-13,5.068329e-13,6.454660e-18,-4.1733283496e-13,0.0000e+00,0.9687
1659.89,-6.19393425e-13,5.070614e-13,5.031792e-18,-4.1799896877e-13,0.0000e+00,0.9687
1660.46,-6.16506846e-13,5.072422e-13,5.131447e-18,-4.1799896877e-13,0.0000e+00,0.9687
1661.03,-6.18838314e-13,5.074461e-13,5.093956e-18,-4.1822101338e-13,0.0000e+00,0.9687
1661.61,-6.23945340e-13,5.076150e-13,5.564009e-18,-4.1833203568e-13,0.0000e+00,0.9687
1662.18,-6.29052366e-13,5.078146e-13,6.490376e-18,-4.1866510259e-13,0.0000e+00,0.9687
1662.75,-6.30495656e-13,5.080440e-13,7.174339e-18,-4.1877612489e-13,0.0000e+00,0.9687
1663.32,-6.30162589e-13,5.081880e-13,6.976304e-18,-4.1899816949e-13,0.0000e+00,0.9687
1663.89,-6.29829522e-13,5.083144e-13,6.248830e-18,-4.1899816949e-13,0.0000e+00,0.9687
1664.47,-6.31494856e-13,5.084769e-13,5.752524e-18,-4.1944225870e-13,0.0000e+00,0.9687
1665.04,-6.32272013e-13,5.086827e-13,5.692740e-18,-4.1944225870e-13,0.0000e+00,0.9687
1665.61,-6.32049968e-13,5.089421e-13,6.347972e-18,-4.1955328101e-13,0.0000e+00,0.9687
1666.18,-6.29718500e-13,5.092278e-13,7.366446e-18,-4.1955328101e-13,0.0000e+00,0.9687
1666.75,-6.24611474e-13,5.093765e-13,8.130241e-18,-4.1955328101e-13,0.0000e+00,0.9687
1667.33,-6.19504448e-13,5.095196e-13,8.510598e-18,-4.1988634791e-13,0.0000e+00,0.9687
1667.90,-6.19171381e-13,5.095943e-13,8.826768e-18,-4.1988634791e-13,0.0000e+00,0.9687
1668.47,-6.20836715e-13,5.096922e-13,9.098567e-18,-4.1999737022e-13,0.0000e+00,0.9687
1669.04,-6.20725693e-13,5.098608e-13,9.255533e-18,-4.1999737022e-13,0.0000e+00,0.9687
1669.61,-6.20725693e-13,5.101288e-13,9.175534e-18,-4.1999737022e-13,0.0000e+00,0.9687
1670.19,-6.20725693e-13,5.104821e-13,9.416377e-18,-4.2033043712e-13,0.0000e+00,0.9687
1670.76,-6.21724894e-13,5.108124e-13,9.955756e-18,-4.2033043712e-13,0.0000e+00,0.9687
1671.33,-6.23723295e-13,5.110908e-13,1.058740e-17,-4.2033043712e-13,0.0000e+00,0.9687
1671.90,-6.25055563e-13,5.113572e-13,1.136557e-17,-4.2044145943e-13,0.0000e+00,0.9687
1672.47,-6.24389429e-13,5.115496e-13,1.198530e-17,-4.2077452633e-13,0.0000e+00,0.9687
1673.05,-6.20725693e-13,5.117622e-13,1.233961e-17,-4.2077452633e-13,0.0000e+00,0.9687
1673.62,-6.19171381e-13,5.119940e-13,1.245294e-17,-4.2099657094e-13,0.0000e+00,0.9687
1674.19,-6.19837515e-13,5.121985e-13,1.258409e-17,-4.2144066015e-13,0.0000e+00,0.9687
1674.76,-6.22613072e-13,5.123810e-13,1.302457e-17,-4.2144066015e-13,0.0000e+00,0.9687
1675.33,-6.24944541e-13,5.126098e-13,1.311136e-17,-4.2166270475e-13,0.0000e+00,0.9687
1675.91,-6.26942942e-13,5.128630e-13,1.307299e-17,-4.2188474936e-13,0.0000e+00,0.9687
1676.48,-6.25832719e-13,5.131175e-13,1.318533e-17,-4.2188474936e-13,0.0000e+00,0.9687
1677.05,-6.22391028e-13,5.135090e-13,1.347069e-17,-4.2188474936e-13,0.0000e+00,0.9687
1677.62,-6.20059559e-13,5.138961e-13,1.358180e-17,-4.2221781626e-13,0.0000e+00,0.9687
1678.19,-6.20170582e-13,5.142275e-13,1.374352e-17,-4.2266190547e-13,0.0000e+00,0.9687
1678.77,-6.23279206e-13,5.144717e-13,1.399226e-17,-4.2277292778e-13,0.0000e+00,0.9687
1679.34,-6.27609076e-13,5.147415e-13,1.430587e-17,-4.2299497238e-13,0.0000e+00,0.9687
1679.91,-6.32272013e-13,5.149360e-13,1.435861e-17,-4.2310599468e-13,0.0000e+00,0.9687
1680.48,-6.33937347e-13,5.151538e-13,1.459471e-17,-4.2310599468e-13,0.0000e+00,0.9687
1681.05,-6.33271213e-13,5.153937e-13,1.470696e-17,-4.2343906159e-13,0.0000e+00,0.9687
1681.63,-6.32938146e-13,5.155512e-13,1.484169e-17,-4.2355008389e-13,0.0000e+00,0.9687
1682.20,-6.34714503e-13,5.156820e-13,1.510621e-17,-4.2366110620e-13,0.0000e+00,0.9687
1682.77,-6.37490061e-13,5.158817e-13,1.568909e-17,-4.2366110620e-13,0.0000e+00,0.9687
1683.34,-6.39488462e-13,5.160896e-13,1.572167e-17,-4.2388315080e-13,0.0000e+00,0.9687
1683.91,-6.38489261e-13,5.163094e-13,1.517485e-17,-4.2410519541e-13,0.0000e+00,0.9687
1684.49,-6.36157793e-13,5.165145e-13,1.528562e-17,-4.2432724001e-13,0.0000e+00,0.9687
1685.06,-6.35935749e-13,5.168295e-13,1.618288e-17,-4.2443826231e-13,0.0000e+00,0.9687
1685.63,-6.36268815e-13,5.170876e-13,1.717266e-17,-4.2477132922e-13,0.0000e+00,0.9687
1686.20,-6.34270414e-13,5.173262e-13,1.760661e-17,-4.2488235152e-13,0.0000e+00,0.9687
1686.77,-6.27164987e-13,5.175380e-13,1.733400e-17,-4.2499337383e-13,0.0000e+00,0.9687
1687.35,-6.17617069e-13,5.178102e-13,1.668983e-17,-4.2532644073e-13,0.0000e+00,0.9687
1687.92,-6.09512441e-13,5.180609e-13,1.638331e-17,-4.2543746304e-13,0.0000e+00,0.9687
1688.49,-6.09401418e-13,5.183184e-13,1.640432e-17,-4.2565950764e-13,0.0000e+00,0.9687
1689.06,-6.17506046e-13,5.186665e-13,1.700065e-17,-4.2588155225e-13,0.0000e+00,0.9687
1689.63,-6.29052366e-13,5.190064e-13,1.777413e-17,-4.2632564146e-13,0.0000e+00,0.9687
1690.21,-6.38711306e-13,5.194318e-13,1.802469e-17,-4.2654768606e-13,0.0000e+00,0.9687
1690.78,-6.42375042e-13,5.197553e-13,1.781834e-17,-4.2665870836e-13,0.0000e+00,0.9687
1691.35,-6.40487663e-13,5.201162e-13,1.704208e-17,-4.2699177527e-13,0.0000e+00,0.9687
1691.92,-6.37156994e-13,5.204079e-13,1.652205e-17,-4.2732484218e-13,0.0000e+00,0.9687
1692.49,-6.35491659e-13,5.206633e-13,1.649328e-17,-4.2754688678e-13,0.0000e+00,0.9687
1693.07,-6.36268815e-13,5.209277e-13,1.656765e-17,-4.2765790909e-13,0.0000e+00,0.9687
1693.64,-6.36490860e-13,5.211964e-13,1.665310e-17,-4.2776893139e-13,0.0000e+00,0.9687
1694.21,-6.34048369e-13,5.214444e-13,1.619713e-17,-4.2799097599e-13,0.0000e+00,0.9687
1694.78,-6.32049968e-13,5.216882e-13,1.558366e-17,-4.2821302060e-13,0.0000e+00,0.9687
1695.35,-6.33604280e-13,5.219263e-13,1.517205e-17,-4.2843506520e-13,0.0000e+00,0.9687
1695.93,-6.39155395e-13,5.221637e-13,1.483841e-17,-4.2865710981e-13,0.0000e+00,0.9687
1696.50,-6.44595488e-13,5.223757e-13,1.512493e-17,-4.2865710981e-13,0.0000e+00,0.9687
1697.07,-6.47926157e-13,5.225370e-13,1.537579e-17,-4.2899017672e-13,0.0000e+00,0.9687
1697.64,-6.47260023e-13,5.226747e-13,1.549610e-17,-4.2910119902e-13,0.0000e+00,0.9687
1698.21,-6.42708109e-13,5.228324e-13,1.498451e-17,-4.2932324362e-13,0.0000e+00,0.9687
1698.79,-6.37934150e-13,5.230125e-13,1.411498e-17,-4.2954528823e-13,0.0000e+00,0.9687
1699.36,-6.35935749e-13,5.232238e-13,1.344124e-17,-4.2954528823e-13,0.0000e+00,0.9687
1699.93,-6.34270414e-13,5.235237e-13,1.328313e-17,-4.2976733283e-13,0.0000e+00,0.9687
1700.50,-6.32383035e-13,5.238094e-13,1.339135e-17,-4.2987835513e-13,0.0000e+00,0.9687
1701.07,-6.29718500e-13,5.241578e-13,1.359840e-17,-4.3021142204e-13,0.0000e+00,0.9687
1701.64,-6.27498054e-13,5.244580e-13,1.348497e-17,-4.3021142204e-13,0.0000e+00,0.9687
1702.22,-6.28164187e-13,5.247548e-13,1.305655e-17,-4.3021142204e-13,0.0000e+00,0.9687
1702.79,-6.32605079e-13,5.250157e-13,1.287157e-17,-4.3032244434e-13,0.0000e+00,0.9687
1703.36,-6.40154596e-13,5.252192e-13,1.288338e-17,-4.3065551125e-13,0.0000e+00,0.9687
1703.93,-6.45816733e-13,5.254163e-13,1.294022e-17,-4.3076653355e-13,0.0000e+00,0.9687
1704.50,-6.47593090e-13,5.255411e-13,1.272718e-17,-4.3076653355e-13,0.0000e+00,0.9687
1705.08,-6.45261622e-13,5.256356e-13,1.257005e-17,-4.3076653355e-13,0.0000e+00,0.9687
1705.65,-6.41597886e-13,5.257711e-13,1.248403e-17,-4.3121062276e-13,0.0000e+00,0.9687
1706.22,-6.39710507e-13,5.259023e-13,1.226898e-17,-4.3121062276e-13,0.0000e+00,0.9687
1706.79,-6.38378239e-13,5.260527e-13,1.216810e-17,-4.3121062276e-13,0.0000e+00,0.9687
1707.36,-6.38489261e-13,5.262736e-13,1.199345e-17,-4.3121062276e-13,0.0000e+00,0.9687
1707.94,-6.38489261e-13,5.265473e-13,1.164239e-17,-4.3165471197e-13,0.0000e+00,0.9687
1708.51,-6.38489261e-13,5.268123e-13,1.120673e-17,-4.3176573428e-13,0.0000e+00,0.9687
1709.08,-6.37934150e-13,5.270602e-13,1.069348e-17,-4.3209880118e-13,0.0000e+00,0.9687
1709.65,-6.39488462e-13,5.272862e-13,1.024033e-17,-4.3209880118e-13,0.0000e+00,0.9687
1710.22,-6.43041176e-13,5.274630e-13,1.001175e-17,-4.3220982349e-13,0.0000e+00,0.9687
1710.80,-6.44928555e-13,5.275889e-13,9.907688e-18,-4.3243186809e-13,0.0000e+00,0.9687
1711.37,-6.43707310e-13,5.277328e-13,9.853973e-18,-4.3243186809e-13,0.0000e+00,0.9687
1711.94,-6.40820730e-13,5.278408e-13,9.668926e-18,-4.3243186809e-13,0.0000e+00,0.9687
1712.51,-6.39377440e-13,5.279507e-13,9.593408e-18,-4.3265391270e-13,0.0000e+00,0.9687
1713.08,-6.39377440e-13,5.280464e-13,9.509731e-18,-4.3265391270e-13,0.0000e+00,0.9687
1713.66,-6.39377440e-13,5.281823e-13,9.336489e-18,-4.3287595730e-13,0.0000e+00,0.9687
1714.23,-6.39377440e-13,5.283221e-13,9.257588e-18,-4.3287595730e-13,0.0000e+00,0.9687
1714.80,-6.39377440e-13,5.285072e-13,8.769464e-18,-4.3287595730e-13,0.0000e+00,0.9687
1715.37,-6.38822328e-13,5.286347e-13,8.276674e-18,-4.3298697960e-13,0.0000e+00,0.9687
1715.94,-6.40820730e-13,5.289000e-13,8.113712e-18,-4.3309800191e-13,0.0000e+00,0.9687
1716.52,-6.44928555e-13,5.291455e-13,8.227978e-18,-4.3343106881e-13,0.0000e+00,0.9687
1717.09,-6.49480469e-13,5.294253e-13,8.404928e-18,-4.3343106881e-13,0.0000e+00,0.9687
1717.66,-6.52256027e-13,5.296997e-13,8.297417e-18,-4.3387515802e-13,0.0000e+00,0.9687
1718.23,-6.52700116e-13,5.299010e-13,7.658577e-18,-4.3387515802e-13,0.0000e+00,0.9687
1718.80,-6.51700915e-13,5.299935e-13,7.277804e-18,-4.3398618033e-13,0.0000e+00,0.9687
1719.38,-6.49036380e-13,5.302099e-13,7.300818e-18,-4.3465231414e-13,0.0000e+00,0.9687
1719.95,-6.49147402e-13,5.304245e-13,7.402975e-18,-4.3476333644e-13,0.0000e+00,0.9687
1720.52,-6.49369447e-13,5.305993e-13,7.106770e-18,-4.3509640335e-13,0.0000e+00,0.9687
1721.09,-6.46593890e-13,5.307075e-13,6.751402e-18,-4.3520742565e-13,0.0000e+00,0.9687
1721.66,-6.45594689e-13,5.307634e-13,6.456403e-18,-4.3520742565e-13,0.0000e+00,0.9687
1722.24,-6.45927756e-13,5.308569e-13,5.944720e-18,-4.3531844796e-13,0.0000e+00,0.9687
1722.81,-6.47260023e-13,5.309322e-13,5.359250e-18,-4.3554049256e-13,0.0000e+00,0.9687
1723.38,-6.47260023e-13,5.310379e-13,4.910158e-18,-4.3576253717e-13,0.0000e+00,0.9687
1723.95,-6.47149001e-13,5.311498e-13,4.740102e-18,-4.3576253717e-13,0.0000e+00,0.9687
1724.52,-6.47149001e-13,5.313074e-13,4.524082e-18,-4.3609560407e-13,0.0000e+00,0.9687
1725.10,-6.47149001e-13,5.315364e-13,4.789806e-18,-4.3609560407e-13,0.0000e+00,0.9687
1725.67,-6.47482068e-13,5.316451e-13,4.716497e-18,-4.3609560407e-13,0.0000e+00,0.9687
1726.24,-6.48148202e-13,5.318093e-13,4.235387e-18,-4.3631764868e-13,0.0000e+00,0.9687
1726.81,-6.50368648e-13,5.319827e-13,4.036699e-18,-4.3653969328e-13,0.0000e+00,0.9687
1727.38,-6.52922161e-13,5.321872e-13,3.557954e-18,-4.3676173789e-13,0.0000e+00,0.9687
1727.96,-6.52922161e-13,5.323424e-13,3.305093e-18,-4.3676173789e-13,0.0000e+00,0.9687
1728.53,-6.50368648e-13,5.324766e-13,3.418833e-18,-4.3665071559e-13,0.0000e+00,0.9687
1729.10,-6.46593890e-13,5.325988e-13,3.893906e-18,-4.3676173789e-13,0.0000e+00,0.9687
1729.67,-6.45261622e-13,5.326917e-13,4.706055e-18,-4.3698378249e-13,0.0000e+00,0.9687
1730.24,-6.46260823e-13,5.328351e-13,5.591907e-18,-4.3698378249e-13,0.0000e+00,0.9687
1730.82,-6.50035581e-13,5.329913e-13,6.575394e-18,-4.3709480479e-13,0.0000e+00,0.9687
1731.39,-6.53699317e-13,5.331613e-13,6.298571e-18,-4.3720582710e-13,0.0000e+00,0.9687
1731.96,-6.53255228e-13,5.333640e-13,5.450564e-18,-4.3720582710e-13,0.0000e+00,0.9687
1732.53,-6.49813536e-13,5.336125e-13,5.165035e-18,-4.3753889400e-13,0.0000e+00,0.9687
1733.10,-6.47593090e-13,5.337745e-13,5.301550e-18,-4.3764991631e-13,0.0000e+00,0.9687
1733.68,-6.48370246e-13,5.339111e-13,5.910596e-18,-4.3764991631e-13,0.0000e+00,0.9687
1734.25,-6.50812737e-13,5.341085e-13,6.571919e-18,-4.3787196091e-13,0.0000e+00,0.9687
1734.82,-6.52589094e-13,5.342956e-13,6.627102e-18,-4.3798298321e-13,0.0000e+00,0.9687
1735.39,-6.50479670e-13,5.344657e-13,6.301142e-18,-4.3831605012e-13,0.0000e+00,0.9687
1735.96,-6.48370246e-13,5.346511e-13,5.845874e-18,-4.3831605012e-13,0.0000e+00,0.9687
1736.54,-6.49369447e-13,5.348093e-13,5.698919e-18,-4.3842707242e-13,0.0000e+00,0.9687
1737.11,-6.50701715e-13,5.349646e-13,6.448532e-18,-4.3842707242e-13,0.0000e+00,0.9687
1737.68,-6.50701715e-13,5.350895e-13,7.460599e-18,-4.3853809473e-13,0.0000e+00,0.9687
1738.25,-6.50701715e-13,5.352344e-13,7.631182e-18,-4.3876013933e-13,0.0000e+00,0.9687
1738.82,-6.50701715e-13,5.354032e-13,6.338707e-18,-4.3887116163e-13,0.0000e+00,0.9687
1739.40,-6.50701715e-13,5.355413e-13,5.292412e-18,-4.3920422854e-13,0.0000e+00,0.9687
1739.97,-6.50479670e-13,5.356761e-13,5.199156e-18,-4.3964831775e-13,0.0000e+00,0.9687
1740.54,-6.51034782e-13,5.358141e-13,4.681548e-18,-4.3975934005e-13,0.0000e+00,0.9687
1741.11,-6.52922161e-13,5.358820e-13,6.125104e-18,-4.3987036236e-13,0.0000e+00,0.9687
1741.68,-6.57585097e-13,5.360353e-13,6.763863e-18,-4.3975934005e-13,0.0000e+00,0.9687
1742.26,-6.63691324e-13,5.362793e-13,6.033933e-18,-4.4009240696e-13,0.0000e+00,0.9687
1742.83,-6.69020395e-13,5.365488e-13,5.170407e-18,-4.4031445157e-13,0.0000e+00,0.9687
1743.40,-6.69464484e-13,5.368297e-13,4.937682e-18,-4.4053649617e-13,0.0000e+00,0.9687
1743.97,-6.67577105e-13,5.370350e-13,5.744398e-18,-4.4053649617e-13,0.0000e+00,0.9687
1744.54,-6.63913369e-13,5.372047e-13,4.930961e-18,-4.4064751847e-13,0.0000e+00,0.9687
1745.12,-6.59694521e-13,5.372948e-13,4.444557e-18,-4.4098058538e-13,0.0000e+00,0.9687
1745.69,-6.55253629e-13,5.374544e-13,4.277566e-18,-4.4109160768e-13,0.0000e+00,0.9687
1746.26,-6.52589094e-13,5.375435e-13,3.865140e-18,-4.4109160768e-13,0.0000e+00,0.9687
1746.83,-6.53921362e-13,5.376285e-13,4.375125e-18,-4.4109160768e-13,0.0000e+00,0.9687
1747.40,-6.59361454e-13,5.377294e-13,4.229211e-18,-4.4109160768e-13,0.0000e+00,0.9687
1747.98,-6.64246436e-13,5.378314e-13,3.870688e-18,-4.4120262999e-13,0.0000e+00,0.9687
1748.55,-6.66799949e-13,5.379834e-13,4.193756e-18,-4.4153569689e-13,0.0000e+00,0.9687
1749.12,-6.65245636e-13,5.381467e-13,4.585311e-18,-4.4153569689e-13,0.0000e+00,0.9687
1749.69,-6.62692123e-13,5.383424e-13,5.036895e-18,-4.4197978610e-13,0.0000e+00,0.9687
1750.26,-6.61359856e-13,5.385526e-13,5.262425e-18,-4.4197978610e-13,0.0000e+00,0.9687
1750.84,-6.62581101e-13,5.387690e-13,5.334877e-18,-4.4197978610e-13,0.0000e+00,0.9687
1751.41,-6.63691324e-13,5.390006e-13,5.587031e-18,-4.4253489762e-13,0.0000e+00,0.9687
1751.98,-6.63358257e-13,5.392154e-13,5.657038e-18,-4.4253489762e-13,0.0000e+00,0.9687
1752.55,-6.60138610e-13,5.394679e-13,5.703593e-18,-4.4320103143e-13,0.0000e+00,0.9687
1753.12,-6.56252830e-13,5.397344e-13,5.673347e-18,-4.4331205373e-13,0.0000e+00,0.9687
1753.70,-6.55808741e-13,5.400587e-13,5.678078e-18,-4.4364512064e-13,0.0000e+00,0.9687
1754.27,-6.58362254e-13,5.403271e-13,5.607894e-18,-4.4364512064e-13,0.0000e+00,0.9687
1754.84,-6.60804744e-13,5.405870e-13,6.631824e-18,-4.4364512064e-13,0.0000e+00,0.9687
1755.41,-6.60471677e-13,5.407290e-13,7.260814e-18,-4.4375614294e-13,0.0000e+00,0.9687
1755.98,-6.57474075e-13,5.408891e-13,6.633338e-18,-4.4386716525e-13,0.0000e+00,0.9687
1756.56,-6.53699317e-13,5.409289e-13,6.485255e-18,-4.4408920985e-13,0.0000e+00,0.9687
1757.13,-6.52367049e-13,5.410643e-13,6.320084e-18,-4.4420023215e-13,0.0000e+00,0.9687
1757.70,-6.54809540e-13,5.412416e-13,5.289336e-18,-4.4475534366e-13,0.0000e+00,0.9687
1758.27,-6.58473276e-13,5.414825e-13,4.558713e-18,-4.4508841057e-13,0.0000e+00,0.9687
1758.84,-6.59472477e-13,5.417132e-13,4.408833e-18,-4.4531045518e-13,0.0000e+00,0.9687
1759.42,-6.55919763e-13,5.418526e-13,4.189571e-18,-4.4575454439e-13,0.0000e+00,0.9687
1759.99,-6.52367049e-13,5.420381e-13,4.173909e-18,-4.4575454439e-13,0.0000e+00,0.9687
1760.56,-6.52589094e-13,5.421293e-13,4.291105e-18,-4.4575454439e-13,0.0000e+00,0.9687
1761.13,-6.56252830e-13,5.422754e-13,4.682961e-18,-4.4608761129e-13,0.0000e+00,0.9687
1761.70,-6.60693722e-13,5.424261e-13,4.656548e-18,-4.4619863360e-13,0.0000e+00,0.9687
1762.27,-6.61359856e-13,5.426301e-13,5.253453e-18,-4.4619863360e-13,0.0000e+00,0.9687
1762.85,-6.60360655e-13,5.428728e-13,5.803402e-18,-4.4619863360e-13,0.0000e+00,0.9687
1763.42,-6.60138610e-13,5.431130e-13,6.116979e-18,-4.4664272281e-13,0.0000e+00,0.9687
1763.99,-6.62025990e-13,5.433179e-13,6.070655e-18,-4.4686476741e-13,0.0000e+00,0.9687
1764.56,-6.64357458e-13,5.434805e-13,6.479259e-18,-4.4697578971e-13,0.0000e+00,0.9687
1765.13,-6.64579503e-13,5.436640e-13,7.083901e-18,-4.4708681202e-13,0.0000e+00,0.9687
1765.71,-6.63025190e-13,5.438697e-13,7.672139e-18,-4.4730885662e-13,0.0000e+00,0.9687
1766.28,-6.61581900e-13,5.440601e-13,8.071806e-18,-4.4708681202e-13,0.0000e+00,0.9687
1766.85,-6.62025990e-13,5.442647e-13,8.442436e-18,-4.4741987892e-13,0.0000e+00,0.9687
1767.42,-6.64246436e-13,5.444488e-13,8.572900e-18,-4.4741987892e-13,0.0000e+00,0.9687
1767.99,-6.65245636e-13,5.445853e-13,8.258100e-18,-4.4741987892e-13,0.0000e+00,0.9687
1768.57,-6.65467681e-13,5.447393e-13,8.342692e-18,-4.4753090123e-13,0.0000e+00,0.9687
1769.14,-6.64579503e-13,5.449736e-13,8.358493e-18,-4.4775294583e-13,0.0000e+00,0.9687
1769.71,-6.60138610e-13,5.452748e-13,7.942086e-18,-4.4797499044e-13,0.0000e+00,0.9687
1770.28,-6.55808741e-13,5.455560e-13,8.407757e-18,-4.4841907965e-13,0.0000e+00,0.9687
1770.85,-6.56474874e-13,5.458907e-13,9.103891e-18,-4.4864112425e-13,0.0000e+00,0.9687
1771.43,-6.61026789e-13,5.462124e-13,9.266920e-18,-4.4886316886e-13,0.0000e+00,0.9687
1772.00,-6.66244837e-13,5.464943e-13,8.665973e-18,-4.4908521346e-13,0.0000e+00,0.9687
1772.57,-6.68687328e-13,5.467905e-13,8.372452e-18,-4.4952930267e-13,0.0000e+00,0.9687
1773.14,-6.66577904e-13,5.469614e-13,8.385939e-18,-4.4964032497e-13,0.0000e+00,0.9687
1773.71,-6.62581101e-13,5.471645e-13,8.374260e-18,-4.4964032497e-13,0.0000e+00,0.9687
1774.29,-6.60138610e-13,5.472754e-13,8.271733e-18,-4.4975134728e-13,0.0000e+00,0.9687
1774.86,-6.60804744e-13,5.474147e-13,8.149723e-18,-4.5008441418e-13,0.0000e+00,0.9687
1775.43,-6.61359856e-13,5.475398e-13,7.893172e-18,-4.5008441418e-13,0.0000e+00,0.9687
1776.00,-6.61248833e-13,5.477574e-13,7.570969e-18,-4.5008441418e-13,0.0000e+00,0.9687
1776.57,-6.59472477e-13,5.480291e-13,7.687673e-18,-4.5019543649e-13,0.0000e+00,0.9687
1777.15,-6.61359856e-13,5.483535e-13,7.892966e-18,-4.5063952570e-13,0.0000e+00,0.9687
1777.72,-6.69797551e-13,5.485701e-13,7.806802e-18,-4.5063952570e-13,0.0000e+00,0.9687
1778.29,-6.80455692e-13,5.487757e-13,7.557473e-18,-4.5097259260e-13,0.0000e+00,0.9687
1778.86,-6.86561918e-13,5.489047e-13,7.277289e-18,-4.5097259260e-13,0.0000e+00,0.9687
1779.43,-6.82898182e-13,5.490671e-13,7.672540e-18,-4.5097259260e-13,0.0000e+00,0.9687
1780.01,-6.74793554e-13,5.492841e-13,7.927811e-18,-4.5130565951e-13,0.0000e+00,0.9687
1780.58,-6.67577105e-13,5.494925e-13,7.931387e-18,-4.5152770412e-13,0.0000e+00,0.9687
1781.15,-6.65467681e-13,5.497050e-13,7.723124e-18,-4.5152770412e-13,0.0000e+00,0.9687
1781.72,-6.67133015e-13,5.499053e-13,7.510761e-18,-4.5197179332e-13,0.0000e+00,0.9687
1782.29,-6.68465283e-13,5.501106e-13,7.938894e-18,-4.5197179332e-13,0.0000e+00,0.9687
1782.87,-6.63913369e-13,5.503170e-13,8.800389e-18,-4.5241588253e-13,0.0000e+00,0.9687
1783.44,-6.58806343e-13,5.505990e-13,9.317804e-18,-4.5274894944e-13,0.0000e+00,0.9687
1784.01,-6.55919763e-13,5.508285e-13,9.482403e-18,-4.5274894944e-13,0.0000e+00,0.9687
1784.58,-6.56807941e-13,5.511379e-13,9.883843e-18,-4.5319303865e-13,0.0000e+00,0.9687
1785.15,-6.59694521e-13,5.513593e-13,1.016994e-17,-4.5319303865e-13,0.0000e+00,0.9687
1785.73,-6.61026789e-13,5.515453e-13,1.011777e-17,-4.5319303865e-13,0.0000e+00,0.9687
1786.30,-6.61581900e-13,5.517341e-13,9.471029e-18,-4.5330406095e-13,0.0000e+00,0.9687
1786.87,-6.63247235e-13,5.518879e-13,9.322908e-18,-4.5330406095e-13,0.0000e+00,0.9687
1787.44,-6.67133015e-13,5.520344e-13,9.539370e-18,-4.5330406095e-13,0.0000e+00,0.9687
1788.01,-6.71906975e-13,5.521662e-13,9.836203e-18,-4.5330406095e-13,0.0000e+00,0.9687
1788.59,-6.73239242e-13,5.524038e-13,1.032379e-17,-4.5352610556e-13,0.0000e+00,0.9687
1789.16,-6.70463685e-13,5.526300e-13,1.044217e-17,-4.5385917247e-13,0.0000e+00,0.9687
1789.73,-6.67577105e-13,5.527995e-13,1.027614e-17,-4.5385917247e-13,0.0000e+00,0.9687
1790.30,-6.67577105e-13,5.530182e-13,1.020643e-17,-4.5385917247e-13,0.0000e+00,0.9687
1790.87,-6.67799149e-13,5.532213e-13,1.054847e-17,-4.5419223937e-13,0.0000e+00,0.9687
1791.45,-6.65578703e-13,5.534856e-13,1.097453e-17,-4.5430326168e-13,0.0000e+00,0.9687
1792.02,-6.62581101e-13,5.537351e-13,1.083980e-17,-4.5452530628e-13,0.0000e+00,0.9687
1792.59,-6.60138610e-13,5.539031e-13,1.058737e-17,-4.5474735089e-13,0.0000e+00,0.9687
1793.16,-6.59361454e-13,5.539854e-13,1.066879e-17,-4.5508041779e-13,0.0000e+00,0.9687
1793.73,-6.61359856e-13,5.540843e-13,1.104598e-17,-4.5519144010e-13,0.0000e+00,0.9687
1794.31,-6.64024391e-13,5.541990e-13,1.113744e-17,-4.5519144010e-13,0.0000e+00,0.9687
1794.88,-6.65911770e-13,5.543108e-13,1.097782e-17,-4.5552450700e-13,0.0000e+00,0.9687
1795.45,-6.65467681e-13,5.545406e-13,1.095101e-17,-4.5585757391e-13,0.0000e+00,0.9687
1796.02,-6.64912569e-13,5.547617e-13,1.092626e-17,-4.5596859621e-13,0.0000e+00,0.9687
1796.59,-6.64579503e-13,5.550030e-13,1.056980e-17,-4.5607961852e-13,0.0000e+00,0.9687
1797.17,-6.67466082e-13,5.553544e-13,1.074886e-17,-4.5607961852e-13,0.0000e+00,0.9687
1797.74,-6.69797551e-13,5.557363e-13,1.122867e-17,-4.5607961852e-13,0.0000e+00,0.9687
1798.31,-6.70463685e-13,5.561004e-13,1.168964e-17,-4.5630166312e-13,0.0000e+00,0.9687
1798.88,-6.71573908e-13,5.564345e-13,1.207339e-17,-4.5652370773e-13,0.0000e+00,0.9687
1799.45,-6.74016398e-13,5.568036e-13,1.202273e-17,-4.5652370773e-13,0.0000e+00,0.9687
1800.03,-6.77125023e-13,5.571025e-13,1.142489e-17,-4.5674575233e-13,0.0000e+00,0.9687
1800.60,-6.77791157e-13,5.572985e-13,1.102133e-17,-4.5696779694e-13,0.0000e+00,0.9687
1801.17,-6.76458889e-13,5.574526e-13,1.089852e-17,-4.5718984154e-13,0.0000e+00,0.9687
1801.74,-6.72684131e-13,5.575614e-13,1.078208e-17,-4.5718984154e-13,0.0000e+00,0.9687
1802.31,-6.69020395e-13,5.577135e-13,1.072791e-17,-4.5718984154e-13,0.0000e+00,0.9687
1802.89,-6.67577105e-13,5.579446e-13,1.073291e-17,-4.5763393075e-13,0.0000e+00,0.9687
1803.46,-6.68465283e-13,5.581687e-13,1.024881e-17,-4.5763393075e-13,0.0000e+00,0.9687
1804.03,-6.70130618e-13,5.583880e-13,9.588632e-18,-4.5774495305e-13,0.0000e+00,0.9687
1804.60,-6.70463685e-13,5.586720e-13,9.239969e-18,-4.5785597536e-13,0.0000e+00,0.9687
1805.17,-6.70130618e-13,5.589279e-13,9.130869e-18,-4.5807801996e-13,0.0000e+00,0.9687
1805.75,-6.69464484e-13,5.591315e-13,9.262580e-18,-4.5852210917e-13,0.0000e+00,0.9687
1806.32,-6.69464484e-13,5.593179e-13,9.011431e-18,-4.5852210917e-13,0.0000e+00,0.9687
1806.89,-6.70796751e-13,5.594947e-13,9.194875e-18,-4.5874415378e-13,0.0000e+00,0.9687
1807.46,-6.71906975e-13,5.596856e-13,9.560515e-18,-4.5874415378e-13,0.0000e+00,0.9687
1808.03,-6.72573108e-13,5.598618e-13,9.499435e-18,-4.5874415378e-13,0.0000e+00,0.9687
1808.61,-6.72573108e-13,5.600540e-13,9.565607e-18,-4.5907722068e-13,0.0000e+00,0.9687
1809.18,-6.72573108e-13,5.602210e-13,9.420890e-18,-4.5918824298e-13,0.0000e+00,0.9687
1809.75,-6.72573108e-13,5.603456e-13,9.129365e-18,-4.5952130989e-13,0.0000e+00,0.9687
1810.32,-6.72573108e-13,5.604688e-13,8.721376e-18,-4.5952130989e-13,0.0000e+00,0.9687
1810.89,-6.73239242e-13,5.605656e-13,8.262355e-18,-4.5952130989e-13,0.0000e+00,0.9687
1811.47,-6.74904577e-13,5.606856e-13,8.081316e-18,-4.5985437680e-13,0.0000e+00,0.9687
1812.04,-6.76125822e-13,5.608430e-13,8.027531e-18,-4.5985437680e-13,0.0000e+00,0.9687
1812.61,-6.76125822e-13,5.610364e-13,7.878378e-18,-4.5996539910e-13,0.0000e+00,0.9687
1813.18,-6.74238443e-13,5.612468e-13,8.012742e-18,-4.6029846601e-13,0.0000e+00,0.9687
1813.75,-6.72573108e-13,5.614966e-13,8.040984e-18,-4.6040948831e-13,0.0000e+00,0.9687
1814.33,-6.73239242e-13,5.617289e-13,7.546606e-18,-4.6040948831e-13,0.0000e+00,0.9687
1814.90,-6.74571510e-13,5.619522e-13,7.009883e-18,-4.6040948831e-13,0.0000e+00,0.9687
1815.47,-6.74571510e-13,5.621827e-13,6.760735e-18,-4.6074255522e-13,0.0000e+00,0.9687
1816.04,-6.74571510e-13,5.623991e-13,6.669526e-18,-4.6085357752e-13,0.0000e+00,0.9687
1816.61,-6.74571510e-13,5.625915e-13,6.470449e-18,-4.6085357752e-13,0.0000e+00,0.9687
1817.19,-6.74460487e-13,5.627714e-13,6.510583e-18,-4.6118664443e-13,0.0000e+00,0.9687
1817.76,-6.74460487e-13,5.629121e-13,6.241022e-18,-4.6129766673e-13,0.0000e+00,0.9687
1818.33,-6.73683331e-13,5.630299e-13,6.161454e-18,-4.6129766673e-13,0.0000e+00,0.9687
1818.90,-6.77125023e-13,5.631955e-13,5.776565e-18,-4.6140868903e-13,0.0000e+00,0.9687
1819.47,-6.82010004e-13,5.633830e-13,5.253203e-18,-4.6140868903e-13,0.0000e+00,0.9687
1820.05,-6.86561918e-13,5.635369e-13,4.886125e-18,-4.6185277824e-13,0.0000e+00,0.9687
1820.62,-6.88005208e-13,5.636761e-13,4.740737e-18,-4.6185277824e-13,0.0000e+00,0.9687
1821.19,-6.85895785e-13,5.638281e-13,4.795748e-18,-4.6207482285e-13,0.0000e+00,0.9687
1821.76,-6.82343071e-13,5.640610e-13,5.148529e-18,-4.6207482285e-13,0.0000e+00,0.9687
1822.33,-6.80122625e-13,5.643009e-13,5.743268e-18,-4.6251891206e-13,0.0000e+00,0.9687
1822.90,-6.80455692e-13,5.645514e-13,6.237180e-18,-4.6251891206e-13,0.0000e+00,0.9687
1823.48,-6.80455692e-13,5.647981e-13,6.215038e-18,-4.6262993436e-13,0.0000e+00,0.9687
1824.05,-6.80344669e-13,5.649330e-13,5.920785e-18,-4.6274095666e-13,0.0000e+00,0.9687
1824.62,-6.80344669e-13,5.650342e-13,5.605530e-18,-4.6274095666e-13,0.0000e+00,0.9687
1825.19,-6.80344669e-13,5.651008e-13,5.369642e-18,-4.6285197897e-13,0.0000e+00,0.9687
1825.76,-6.80344669e-13,5.651877e-13,5.196955e-18,-4.6307402357e-13,0.0000e+00,0.9687
1826.34,-6.81010803e-13,5.652644e-13,5.171712e-18,-4.6318504587e-13,0.0000e+00,0.9687
1826.91,-6.82343071e-13,5.653572e-13,5.133053e-18,-4.6318504587e-13,0.0000e+00,0.9687
1827.48,-6.83564316e-13,5.654488e-13,5.229836e-18,-4.6329606818e-13,0.0000e+00,0.9687
1828.05,-6.82898182e-13,5.655441e-13,5.220654e-18,-4.6351811278e-13,0.0000e+00,0.9687
1828.62,-6.81343870e-13,5.656764e-13,5.295582e-18,-4.6362913508e-13,0.0000e+00,0.9687
1829.20,-6.83675339e-13,5.658495e-13,5.284897e-18,-4.6362913508e-13,0.0000e+00,0.9687
1829.77,-6.90891788e-13,5.659926e-13,5.156283e-18,-4.6362913508e-13,0.0000e+00,0.9687
1830.34,-6.96553926e-13,5.661557e-13,5.442433e-18,-4.6362913508e-13,0.0000e+00,0.9687
1830.91,-6.98663349e-13,5.663107e-13,6.142176e-18,-4.6374015739e-13,0.0000e+00,0.9687
1831.48,-6.94555524e-13,5.664443e-13,6.598416e-18,-4.6407322429e-13,0.0000e+00,0.9687
1832.06,-6.87117030e-13,5.666013e-13,6.703787e-18,-4.6418424660e-13,0.0000e+00,0.9687
1832.63,-6.84008405e-13,5.667515e-13,6.688691e-18,-4.6451731350e-13,0.0000e+00,0.9687
1833.20,-6.87117030e-13,5.669065e-13,6.350159e-18,-4.6462833581e-13,0.0000e+00,0.9687
1833.77,-6.90114632e-13,5.670780e-13,6.124933e-18,-4.6462833581e-13,0.0000e+00,0.9687
1834.34,-6.89115431e-13,5.672517e-13,6.097965e-18,-4.6462833581e-13,0.0000e+00,0.9687
1834.92,-6.86117829e-13,5.674343e-13,6.203885e-18,-4.6462833581e-13,0.0000e+00,0.9687
1835.49,-6.82676138e-13,5.676168e-13,6.058231e-18,-4.6507242502e-13,0.0000e+00,0.9687
1836.06,-6.82565116e-13,5.678568e-13,5.844677e-18,-4.6507242502e-13,0.0000e+00,0.9687
1836.63,-6.85562718e-13,5.680238e-13,6.118539e-18,-4.6507242502e-13,0.0000e+00,0.9687
1837.20,-6.88449298e-13,5.682511e-13,6.792091e-18,-4.6529446962e-13,0.0000e+00,0.9687
1837.78,-6.88449298e-13,5.684388e-13,7.025697e-18,-4.6551651423e-13,0.0000e+00,0.9687
1838.35,-6.85562718e-13,5.685542e-13,6.884301e-18,-4.6540549192e-13,0.0000e+00,0.9687
1838.92,-6.83675339e-13,5.686514e-13,6.833722e-18,-4.6573855883e-13,0.0000e+00,0.9687
1839.49,-6.84008405e-13,5.687186e-13,6.635679e-18,-4.6573855883e-13,0.0000e+00,0.9687
1840.06,-6.86450896e-13,5.688146e-13,6.924868e-18,-4.6584958113e-13,0.0000e+00,0.9687
1840.64,-6.87450097e-13,5.689450e-13,7.638053e-18,-4.6584958113e-13,0.0000e+00,0.9687
1841.21,-6.86561918e-13,5.690662e-13,8.343534e-18,-4.6618264804e-13,0.0000e+00,0.9687
1841.78,-6.83675339e-13,5.691377e-13,8.218376e-18,-4.6629367034e-13,0.0000e+00,0.9687
1842.35,-6.81343870e-13,5.691705e-13,7.742299e-18,-4.6662673725e-13,0.0000e+00,0.9687
1842.92,-6.84230450e-13,5.692708e-13,7.310677e-18,-4.6662673725e-13,0.0000e+00,0.9687
1843.50,-6.92335078e-13,5.694516e-13,7.163104e-18,-4.6684878185e-13,0.0000e+00,0.9687
1844.07,-6.99107439e-13,5.696633e-13,7.102515e-18,-4.6707082646e-13,0.0000e+00,0.9687
1844.64,-6.99440506e-13,5.698715e-13,6.790986e-18,-4.6729287106e-13,0.0000e+00,0.9687
1845.21,-6.94555524e-13,5.700939e-13,6.621981e-18,-4.6751491567e-13,0.0000e+00,0.9687
1845.78,-6.88338275e-13,5.703334e-13,6.407101e-18,-4.6729287106e-13,0.0000e+00,0.9687
1846.36,-6.85229651e-13,5.705071e-13,6.259048e-18,-4.6751491567e-13,0.0000e+00,0.9687
1846.93,-6.87783164e-13,5.706299e-13,5.766346e-18,-4.6773696027e-13,0.0000e+00,0.9687
1847.50,-6.93334279e-13,5.707878e-13,5.666945e-18,-4.6773696027e-13,0.0000e+00,0.9687
1848.07,-6.94222457e-13,5.709115e-13,5.663107e-18,-4.6795900488e-13,0.0000e+00,0.9687
1848.64,-6.92668145e-13,5.710896e-13,5.724086e-18,-4.6818104948e-13,0.0000e+00,0.9687
1849.22,-6.87228052e-13,5.712354e-13,6.101686e-18,-4.6840309409e-13,0.0000e+00,0.9687
1849.79,-6.85895785e-13,5.714108e-13,6.345797e-18,-4.6851411639e-13,0.0000e+00,0.9687
1850.36,-6.88005208e-13,5.715972e-13,6.545379e-18,-4.6851411639e-13,0.0000e+00,0.9687
1850.93,-6.93334279e-13,5.717671e-13,6.826207e-18,-4.6884718330e-13,0.0000e+00,0.9687
1851.50,-6.94444502e-13,5.720147e-13,7.081791e-18,-4.6884718330e-13,0.0000e+00,0.9687
1852.08,-6.91224855e-13,5.722915e-13,6.186937e-18,-4.6884718330e-13,0.0000e+00,0.9687
1852.65,-6.87783164e-13,5.725946e-13,5.245233e-18,-4.6895820560e-13,0.0000e+00,0.9687
1853.22,-6.87450097e-13,5.729180e-13,5.181747e-18,-4.6906922790e-13,0.0000e+00,0.9687
1853.79,-6.90336677e-13,5.732056e-13,5.331338e-18,-4.6906922790e-13,0.0000e+00,0.9687
1854.36,-6.92668145e-13,5.734876e-13,5.940142e-18,-4.6940229481e-13,0.0000e+00,0.9687
1854.94,-6.94444502e-13,5.736867e-13,6.259502e-18,-4.6951331711e-13,0.0000e+00,0.9687
1855.51,-6.93889390e-13,5.738470e-13,5.931840e-18,-4.6973536172e-13,0.0000e+00,0.9687
1856.08,-6.93556323e-13,5.739425e-13,5.822081e-18,-4.6995740632e-13,0.0000e+00,0.9687
1856.65,-6.93889390e-13,5.740925e-13,5.657264e-18,-4.7017945093e-13,0.0000e+00,0.9687
1857.22,-6.95221658e-13,5.742767e-13,5.837720e-18,-4.7029047323e-13,0.0000e+00,0.9687
1857.80,-6.95776770e-13,5.745054e-13,5.596880e-18,-4.7062354014e-13,0.0000e+00,0.9687
1858.37,-6.95221658e-13,5.747197e-13,5.299006e-18,-4.7073456244e-13,0.0000e+00,0.9687
1858.94,-6.94555524e-13,5.748269e-13,5.562865e-18,-4.7117865165e-13,0.0000e+00,0.9687
1859.51,-6.95554725e-13,5.749000e-13,5.539674e-18,-4.7117865165e-13,0.0000e+00,0.9687
1860.08,-6.99773572e-13,5.749711e-13,5.219336e-18,-4.7117865165e-13,0.0000e+00,0.9687
1860.66,-7.05213665e-13,5.751051e-13,5.097761e-18,-4.7117865165e-13,0.0000e+00,0.9687
1861.23,-7.06879000e-13,5.753399e-13,5.186994e-18,-4.7151171856e-13,0.0000e+00,0.9687
1861.80,-7.03881398e-13,5.755348e-13,5.354328e-18,-4.7162274086e-13,0.0000e+00,0.9687
1862.37,-6.98774372e-13,5.757188e-13,5.596467e-18,-4.7173376316e-13,0.0000e+00,0.9687
1862.94,-6.95776770e-13,5.758383e-13,5.680627e-18,-4.7173376316e-13,0.0000e+00,0.9687
1863.52,-6.96775970e-13,5.759192e-13,5.666372e-18,-4.7173376316e-13,0.0000e+00,0.9687
1864.09,-6.98774372e-13,5.760340e-13,5.913168e-18,-4.7184478547e-13,0.0000e+00,0.9687
1864.66,-6.99107439e-13,5.761531e-13,6.242755e-18,-4.7228887468e-13,0.0000e+00,0.9687
1865.23,-6.98774372e-13,5.762639e-13,6.391334e-18,-4.7228887468e-13,0.0000e+00,0.9687
1865.80,-6.98441305e-13,5.764146e-13,6.325856e-18,-4.7228887468e-13,0.0000e+00,0.9687
1866.38,-7.00328684e-13,5.765960e-13,6.070971e-18,-4.7228887468e-13,0.0000e+00,0.9687
1866.95,-7.02549130e-13,5.768425e-13,5.882642e-18,-4.7273296389e-13,0.0000e+00,0.9687
1867.52,-7.01994018e-13,5.770763e-13,5.723481e-18,-4.7295500849e-13,0.0000e+00,0.9687
1868.09,-7.01216862e-13,5.773240e-13,5.609318e-18,-4.7306603079e-13,0.0000e+00,0.9687
1868.66,-7.01549929e-13,5.775011e-13,5.648073e-18,-4.7317705310e-13,0.0000e+00,0.9687
1869.24,-7.06212866e-13,5.776571e-13,5.691999e-18,-4.7317705310e-13,0.0000e+00,0.9687
1869.81,-7.10986825e-13,5.777740e-13,5.838257e-18,-4.7339909770e-13,0.0000e+00,0.9687
1870.38,-7.12652160e-13,5.778694e-13,6.036150e-18,-4.7339909770e-13,0.0000e+00,0.9687
1870.95,-7.11319892e-13,5.779689e-13,6.179290e-18,-4.7339909770e-13,0.0000e+00,0.9687
1871.52,-7.08988424e-13,5.780628e-13,6.416978e-18,-4.7351012000e-13,0.0000e+00,0.9687
1872.10,-7.08655357e-13,5.782203e-13,6.846206e-18,-4.7362114231e-13,0.0000e+00,0.9687
1872.67,-7.09321490e-13,5.783069e-13,7.287320e-18,-4.7384318691e-13,0.0000e+00,0.9687
1873.24,-7.08655357e-13,5.783958e-13,7.317509e-18,-4.7395420921e-13,0.0000e+00,0.9687
1873.81,-7.05768777e-13,5.785700e-13,7.438206e-18,-4.7406523151e-13,0.0000e+00,0.9687
1874.38,-7.03326286e-13,5.787473e-13,7.303199e-18,-4.7428727612e-13,0.0000e+00,0.9687
1874.96,-7.03326286e-13,5.790177e-13,7.389309e-18,-4.7439829842e-13,0.0000e+00,0.9687
1875.53,-7.05213665e-13,5.792599e-13,7.391578e-18,-4.7439829842e-13,0.0000e+00,0.9687
1876.10,-7.07101044e-13,5.795016e-13,6.967881e-18,-4.7439829842e-13,0.0000e+00,0.9687
1876.67,-7.07767178e-13,5.797711e-13,6.767797e-18,-4.7450932072e-13,0.0000e+00,0.9687
1877.24,-7.06101844e-13,5.800071e-13,6.805102e-18,-4.7473136533e-13,0.0000e+00,0.9687
1877.82,-7.05213665e-13,5.802070e-13,7.183639e-18,-4.7484238763e-13,0.0000e+00,0.9687
1878.39,-7.06101844e-13,5.803151e-13,7.642408e-18,-4.7495340993e-13,0.0000e+00,0.9687
1878.96,-7.08433312e-13,5.804400e-13,8.055535e-18,-4.7517545454e-13,0.0000e+00,0.9687
1879.53,-7.10542736e-13,5.805116e-13,8.329286e-18,-4.7528647684e-13,0.0000e+00,0.9687
1880.10,-7.10875803e-13,5.805788e-13,8.491713e-18,-4.7539749914e-13,0.0000e+00,0.9687
1880.68,-7.09432513e-13,5.806118e-13,8.642341e-18,-4.7539749914e-13,0.0000e+00,0.9687
1881.25,-7.07101044e-13,5.806993e-13,8.799509e-18,-4.7573056605e-13,0.0000e+00,0.9687
1881.82,-7.07101044e-13,5.808824e-13,8.942238e-18,-4.7573056605e-13,0.0000e+00,0.9687
1882.39,-7.09654557e-13,5.810887e-13,9.292863e-18,-4.7584158835e-13,0.0000e+00,0.9687
1882.96,-7.11319892e-13,5.813506e-13,9.828374e-18,-4.7584158835e-13,0.0000e+00,0.9687
1883.54,-7.10986825e-13,5.815874e-13,1.036246e-17,-4.7606363296e-13,0.0000e+00,0.9687
1884.11,-7.10320691e-13,5.818561e-13,1.072307e-17,-4.7606363296e-13,0.0000e+00,0.9687
1884.68,-7.10320691e-13,5.821065e-13,1.111070e-17,-4.7606363296e-13,0.0000e+00,0.9687
1885.25,-7.13207271e-13,5.822940e-13,1.147985e-17,-4.7606363296e-13,0.0000e+00,0.9687
1885.82,-7.15538739e-13,5.824535e-13,1.196344e-17,-4.7617465526e-13,0.0000e+00,0.9687
1886.39,-7.16982029e-13,5.825899e-13,1.236375e-17,-4.7617465526e-13,0.0000e+00,0.9687
1886.97,-7.15538739e-13,5.827004e-13,1.276373e-17,-4.7628567756e-13,0.0000e+00,0.9687
1887.54,-7.12874204e-13,5.827909e-13,1.315085e-17,-4.7628567756e-13,0.0000e+00,0.9687
1888.11,-7.11875003e-13,5.828909e-13,1.336523e-17,-4.7650772217e-13,0.0000e+00,0.9687
1888.68,-7.12874204e-13,5.830073e-13,1.353832e-17,-4.7650772217e-13,0.0000e+00,0.9687
1889.25,-7.14206472e-13,5.831134e-13,1.391787e-17,-4.7661874447e-13,0.0000e+00,0.9687
1889.83,-7.13540338e-13,5.831755e-13,1.433357e-17,-4.7661874447e-13,0.0000e+00,0.9687
1890.40,-7.09321490e-13,5.833412e-13,1.457128e-17,-4.7706283368e-13,0.0000e+00,0.9687
1890.97,-7.06767977e-13,5.835449e-13,1.444074e-17,-4.7706283368e-13,0.0000e+00,0.9687
1891.54,-7.09099446e-13,5.837263e-13,1.400410e-17,-4.7739590059e-13,0.0000e+00,0.9687
1892.11,-7.14428516e-13,5.839106e-13,1.292394e-17,-4.7706283368e-13,0.0000e+00,0.9687
1892.69,-7.15871806e-13,5.841159e-13,1.272142e-17,-4.7739590059e-13,0.0000e+00,0.9687
1893.26,-7.12541137e-13,5.843921e-13,1.298499e-17,-4.7750692289e-13,0.0000e+00,0.9687
1893.83,-7.08766379e-13,5.846966e-13,1.293952e-17,-4.7806203440e-13,0.0000e+00,0.9687
1894.40,-7.09987624e-13,5.849728e-13,1.250574e-17,-4.7839510131e-13,0.0000e+00,0.9687
1894.97,-7.15871806e-13,5.851961e-13,1.160098e-17,-4.7839510131e-13,0.0000e+00,0.9687
1895.55,-7.21533944e-13,5.854226e-13,1.095078e-17,-4.7839510131e-13,0.0000e+00,0.9687
1896.12,-7.24753590e-13,5.857068e-13,1.091424e-17,-4.7883919052e-13,0.0000e+00,0.9687
1896.69,-7.22977234e-13,5.859689e-13,1.107873e-17,-4.7883919052e-13,0.0000e+00,0.9687
1897.26,-7.17426119e-13,5.862044e-13,1.047520e-17,-4.7928327973e-13,0.0000e+00,0.9687
1897.83,-7.10098647e-13,5.864851e-13,9.902407e-18,-4.7928327973e-13,0.0000e+00,0.9687
1898.41,-7.05879799e-13,5.867178e-13,9.556984e-18,-4.7972736894e-13,0.0000e+00,0.9687
1898.98,-7.05768777e-13,5.869062e-13,9.590420e-18,-4.8006043585e-13,0.0000e+00,0.9687
1899.55,-7.07434111e-13,5.871506e-13,9.453833e-18,-4.8017145815e-13,0.0000e+00,0.9687
1900.12,-7.11541936e-13,5.874342e-13,8.995894e-18,-4.8061554736e-13,0.0000e+00,0.9687
1900.69,-7.13873405e-13,5.877002e-13,8.570224e-18,-4.8083759197e-13,0.0000e+00,0.9687
1901.27,-7.14539539e-13,5.880447e-13,7.898854e-18,-4.8117065887e-13,0.0000e+00,0.9687
1901.84,-7.14428516e-13,5.884036e-13,6.767502e-18,-4.8117065887e-13,0.0000e+00,0.9687
1902.41,-7.14206472e-13,5.888037e-13,6.562037e-18,-4.8150372578e-13,0.0000e+00,0.9687
1902.98,-7.13762383e-13,5.892358e-13,6.333706e-18,-4.8161474808e-13,0.0000e+00,0.9687
1903.55,-7.14206472e-13,5.895822e-13,5.945062e-18,-4.8194781499e-13,0.0000e+00,0.9687
1904.13,-7.17426119e-13,5.898162e-13,5.438602e-18,-4.8216985959e-13,0.0000e+00,0.9687
1904.70,-7.21200877e-13,5.900423e-13,5.251956e-18,-4.8216985959e-13,0.0000e+00,0.9687
1905.27,-7.21533944e-13,5.901070e-13,5.429817e-18,-4.8216985959e-13,0.0000e+00,0.9687
1905.84,-7.18758386e-13,5.901129e-13,5.968920e-18,-4.8216985959e-13,0.0000e+00,0.9687
1906.41,-7.16537940e-13,5.900793e-13,6.409402e-18,-4.8250292650e-13,0.0000e+00,0.9687
1906.99,-7.16759985e-13,5.901170e-13,6.162403e-18,-4.8294701571e-13,0.0000e+00,0.9687
1907.56,-7.17981230e-13,5.901921e-13,5.798175e-18,-4.8305803801e-13,0.0000e+00,0.9687
1908.13,-7.18647364e-13,5.902867e-13,5.266062e-18,-4.8328008262e-13,0.0000e+00,0.9687
1908.70,-7.18647364e-13,5.904005e-13,5.303698e-18,-4.8350212722e-13,0.0000e+00,0.9687
1909.27,-7.18647364e-13,5.906365e-13,6.071172e-18,-4.8372417183e-13,0.0000e+00,0.9687
1909.85,-7.18647364e-13,5.909142e-13,7.218077e-18,-4.8372417183e-13,0.0000e+00,0.9687
1910.42,-7.18647364e-13,5.912231e-13,7.693273e-18,-4.8372417183e-13,0.0000e+00,0.9687
1910.99,-7.18647364e-13,5.915322e-13,7.506043e-18,-4.8383519413e-13,0.0000e+00,0.9687
1911.56,-7.18425319e-13,5.918005e-13,6.914621e-18,-4.8394621643e-13,0.0000e+00,0.9687
1912.13,-7.17648163e-13,5.919329e-13,6.613980e-18,-4.8394621643e-13,0.0000e+00,0.9687
1912.71,-7.13762383e-13,5.919643e-13,6.438160e-18,-4.8416826104e-13,0.0000e+00,0.9687
1913.28,-7.10986825e-13,5.915666e-13,6.088895e-18,-4.8416826104e-13,0.0000e+00,0.9687
1913.85,-7.14206472e-13,5.915350e-13,5.771127e-18,-4.8427928334e-13,0.0000e+00,0.9687
1914.42,-7.26418925e-13,5.915995e-13,5.929255e-18,-4.8461235025e-13,0.0000e+00,0.9687
1914.99,-7.40296713e-13,5.916221e-13,6.185531e-18,-4.8461235025e-13,0.0000e+00,0.9687
1915.57,-7.45736806e-13,5.917378e-13,6.593542e-18,-4.8461235025e-13,0.0000e+00,0.9687
1916.14,-7.41851025e-13,5.919134e-13,6.537342e-18,-4.8472337255e-13,0.0000e+00,0.9687
1916.71,-7.32858219e-13,5.921096e-13,6.223650e-18,-4.8516746176e-13,0.0000e+00,0.9687
1917.28,-7.25863813e-13,5.923340e-13,6.076083e-18,-4.8505643946e-13,0.0000e+00,0.9687
1917.85,-7.23199278e-13,5.925838e-13,5.869288e-18,-4.8516746176e-13,0.0000e+00,0.9687
1918.43,-7.23754390e-13,5.927618e-13,5.651832e-18,-4.8527848406e-13,0.0000e+00,0.9687
1919.00,-7.23754390e-13,5.929695e-13,5.543339e-18,-4.8561155097e-13,0.0000e+00,0.9687
1919.57,-7.23532345e-13,5.931218e-13,5.439804e-18,-4.8550052867e-13,0.0000e+00,0.9687
1920.14,-7.21867011e-13,5.932585e-13,5.049773e-18,-4.8550052867e-13,0.0000e+00,0.9687
1920.71,-7.20867810e-13,5.933038e-13,4.630491e-18,-4.8561155097e-13,0.0000e+00,0.9687
1921.29,-7.20867810e-13,5.933370e-13,4.594962e-18,-4.8572257327e-13,0.0000e+00,0.9687
1921.86,-7.21200877e-13,5.933380e-13,4.457558e-18,-4.8572257327e-13,0.0000e+00,0.9687
1922.43,-7.20978832e-13,5.933501e-13,4.477811e-18,-4.8594461788e-13,0.0000e+00,0.9687
1923.00,-7.20312698e-13,5.933958e-13,4.486859e-18,-4.8594461788e-13,0.0000e+00,0.9687
1923.57,-7.23199278e-13,5.934513e-13,4.247578e-18,-4.8616666248e-13,0.0000e+00,0.9687
1924.15,-7.28084260e-13,5.935309e-13,4.018688e-18,-4.8616666248e-13,0.0000e+00,0.9687
1924.72,-7.32525152e-13,5.936457e-13,3.819659e-18,-4.8616666248e-13,0.0000e+00,0.9687
1925.29,-7.32969241e-13,5.937883e-13,3.568762e-18,-4.8616666248e-13,0.0000e+00,0.9687
1925.86,-7.28972438e-13,5.938856e-13,3.899316e-18,-4.8616666248e-13,0.0000e+00,0.9687
1926.43,-7.24087457e-13,5.940215e-13,4.152160e-18,-4.8638870709e-13,0.0000e+00,0.9687
1927.01,-7.21867011e-13,5.941949e-13,4.602849e-18,-4.8649972939e-13,0.0000e+00,0.9687
1927.58,-7.24198479e-13,5.944041e-13,4.868314e-18,-4.8683279630e-13,0.0000e+00,0.9687
1928.15,-7.26529947e-13,5.946382e-13,5.095825e-18,-4.8694381860e-13,0.0000e+00,0.9687
1928.72,-7.28972438e-13,5.948834e-13,5.279420e-18,-4.8694381860e-13,0.0000e+00,0.9687
1929.29,-7.27307103e-13,5.951304e-13,5.716638e-18,-4.8694381860e-13,0.0000e+00,0.9687
1929.87,-7.24531546e-13,5.953242e-13,5.760691e-18,-4.8705484090e-13,0.0000e+00,0.9687
1930.44,-7.23532345e-13,5.954912e-13,5.949640e-18,-4.8727688551e-13,0.0000e+00,0.9687
1931.01,-7.27640170e-13,5.955598e-13,6.198362e-18,-4.8738790781e-13,0.0000e+00,0.9687
1931.58,-7.32858219e-13,5.956365e-13,6.275154e-18,-4.8749893011e-13,0.0000e+00,0.9687
1932.15,-7.34190486e-13,5.957341e-13,6.449029e-18,-4.8772097472e-13,0.0000e+00,0.9687
1932.73,-7.29416527e-13,5.958579e-13,6.497819e-18,-4.8783199702e-13,0.0000e+00,0.9687
1933.30,-7.21867011e-13,5.959510e-13,6.896421e-18,-4.8783199702e-13,0.0000e+00,0.9687
1933.87,-7.17648163e-13,5.961794e-13,7.500000e-18,-4.8794301932e-13,0.0000e+00,0.9687
1934.44,-7.22311100e-13,5.964302e-13,7.545620e-18,-4.8827608623e-13,0.0000e+00,0.9687
1935.01,-7.32525152e-13,5.966730e-13,7.236424e-18,-4.8860915314e-13,0.0000e+00,0.9687
1935.59,-7.39852624e-13,5.968479e-13,6.993029e-18,-4.8872017544e-13,0.0000e+00,0.9687
1936.16,-7.40296713e-13,5.970290e-13,6.937111e-18,-4.8872017544e-13,0.0000e+00,0.9687
1936.73,-7.36632977e-13,5.971545e-13,7.161246e-18,-4.8872017544e-13,0.0000e+00,0.9687
1937.30,-7.33413330e-13,5.972952e-13,7.866016e-18,-4.8883119774e-13,0.0000e+00,0.9687
1937.87,-7.33524352e-13,5.974270e-13,8.312911e-18,-4.8905324235e-13,0.0000e+00,0.9687
1938.45,-7.35744798e-13,5.975619e-13,8.394578e-18,-4.8905324235e-13,0.0000e+00,0.9687
1939.02,-7.35744798e-13,5.976693e-13,8.283610e-18,-4.8927528695e-13,0.0000e+00,0.9687
1939.59,-7.32636174e-13,5.978066e-13,8.290953e-18,-4.8927528695e-13,0.0000e+00,0.9687
1940.16,-7.27307103e-13,5.979546e-13,8.686656e-18,-4.8960835386e-13,0.0000e+00,0.9687
1940.73,-7.22200078e-13,5.981145e-13,9.352961e-18,-4.8971937616e-13,0.0000e+00,0.9687
1941.31,-7.20201676e-13,5.982842e-13,1.015109e-17,-4.8971937616e-13,0.0000e+00,0.9687
1941.88,-7.22644167e-13,5.984483e-13,1.043995e-17,-4.8983039846e-13,0.0000e+00,0.9687
1942.45,-7.27418126e-13,5.985638e-13,9.950332e-18,-4.9005244307e-13,0.0000e+00,0.9687
1943.02,-7.29305505e-13,5.987334e-13,9.749735e-18,-4.9005244307e-13,0.0000e+00,0.9687
1943.59,-7.26751992e-13,5.989641e-13,9.954335e-18,-4.9005244307e-13,0.0000e+00,0.9687
1944.17,-7.22200078e-13,5.991512e-13,1.026092e-17,-4.9016346537e-13,0.0000e+00,0.9687
1944.74,-7.22311100e-13,5.992488e-13,1.069940e-17,-4.9049653228e-13,0.0000e+00,0.9687
1945.31,-7.27085059e-13,5.994225e-13,1.090739e-17,-4.9060755458e-13,0.0000e+00,0.9687
1945.88,-7.33191285e-13,5.995889e-13,1.117479e-17,-4.9060755458e-13,0.0000e+00,0.9687
1946.45,-7.35744798e-13,5.997356e-13,1.131369e-17,-4.9071857688e-13,0.0000e+00,0.9687
1947.02,-7.32969241e-13,5.998932e-13,1.133865e-17,-4.9094062149e-13,0.0000e+00,0.9687
1947.60,-7.28417326e-13,6.000576e-13,1.144131e-17,-4.9116266609e-13,0.0000e+00,0.9687
1948.17,-7.26529947e-13,6.002067e-13,1.190345e-17,-4.9116266609e-13,0.0000e+00,0.9687
1948.74,-7.27973237e-13,6.003722e-13,1.228205e-17,-4.9138471070e-13,0.0000e+00,0.9687
1949.31,-7.32969241e-13,6.005352e-13,1.230844e-17,-4.9138471070e-13,0.0000e+00,0.9687
1949.88,-7.37410133e-13,6.006856e-13,1.245216e-17,-4.9138471070e-13,0.0000e+00,0.9687
1950.46,-7.38742401e-13,6.008942e-13,1.240921e-17,-4.9138471070e-13,0.0000e+00,0.9687
1951.03,-7.36410932e-13,6.010922e-13,1.240846e-17,-4.9149573300e-13,0.0000e+00,0.9687
1951.60,-7.33746397e-13,6.012965e-13,1.274115e-17,-4.9160675530e-13,0.0000e+00,0.9687
1952.17,-7.33413330e-13,6.015470e-13,1.333911e-17,-4.9160675530e-13,0.0000e+00,0.9687
1952.74,-7.33746397e-13,6.017682e-13,1.360111e-17,-4.9182879991e-13,0.0000e+00,0.9687
1953.32,-7.33413330e-13,6.019630e-13,1.410317e-17,-4.9182879991e-13,0.0000e+00,0.9687
1953.89,-7.30637773e-13,6.021672e-13,1.460990e-17,-4.9193982221e-13,0.0000e+00,0.9687
1954.46,-7.30637773e-13,6.023734e-13,1.483771e-17,-4.9238391142e-13,0.0000e+00,0.9687
1955.03,-7.32303107e-13,6.025183e-13,1.448246e-17,-4.9271697833e-13,0.0000e+00,0.9687
1955.60,-7.34745598e-13,6.027358e-13,1.409363e-17,-4.9271697833e-13,0.0000e+00,0.9687
1956.18,-7.35411732e-13,6.030039e-13,1.365415e-17,-4.9282800063e-13,0.0000e+00,0.9687
1956.75,-7.35078665e-13,6.032817e-13,1.353645e-17,-4.9293902293e-13,0.0000e+00,0.9687
1957.32,-7.34856620e-13,6.035509e-13,1.379286e-17,-4.9316106754e-13,0.0000e+00,0.9687
1957.89,-7.34745598e-13,6.038322e-13,1.403125e-17,-4.9327208984e-13,0.0000e+00,0.9687
1958.46,-7.34412531e-13,6.040729e-13,1.356977e-17,-4.9338311214e-13,0.0000e+00,0.9687
1959.04,-7.35411732e-13,6.042974e-13,1.317988e-17,-4.9338311214e-13,0.0000e+00,0.9687
1959.61,-7.38076267e-13,6.045386e-13,1.344861e-17,-4.9360515675e-13,0.0000e+00,0.9687
1960.18,-7.39297512e-13,6.047982e-13,1.405752e-17,-4.9382720135e-13,0.0000e+00,0.9687
1960.75,-7.38742401e-13,6.050821e-13,1.461471e-17,-4.9382720135e-13,0.0000e+00,0.9687
1961.32,-7.35411732e-13,6.053808e-13,1.464681e-17,-4.9416026826e-13,0.0000e+00,0.9687
1961.90,-7.31303906e-13,6.056295e-13,1.392321e-17,-4.9427129056e-13,0.0000e+00,0.9687
1962.47,-7.28306304e-13,6.058863e-13,1.317409e-17,-4.9460435747e-13,0.0000e+00,0.9687
1963.04,-7.26418925e-13,6.061512e-13,1.268095e-17,-4.9460435747e-13,0.0000e+00,0.9687
1963.61,-7.28306304e-13,6.064578e-13,1.179827e-17,-4.9493742438e-13,0.0000e+00,0.9687
1964.18,-7.32303107e-13,6.067397e-13,1.118232e-17,-4.9515946898e-13,0.0000e+00,0.9687
1964.76,-7.35189687e-13,6.069750e-13,1.136839e-17,-4.9549253589e-13,0.0000e+00,0.9687
1965.33,-7.35411732e-13,6.072587e-13,1.189376e-17,-4.9549253589e-13,0.0000e+00,0.9687
1965.90,-7.32969241e-13,6.075605e-13,1.182021e-17,-4.9560355819e-13,0.0000e+00,0.9687
1966.47,-7.29749594e-13,6.078419e-13,1.152183e-17,-4.9582560280e-13,0.0000e+00,0.9687
1967.04,-7.29083460e-13,6.080650e-13,1.144772e-17,-4.9593662510e-13,0.0000e+00,0.9687
1967.62,-7.30859817e-13,6.082602e-13,1.120492e-17,-4.9593662510e-13,0.0000e+00,0.9687
1968.19,-7.33413330e-13,6.084171e-13,1.065407e-17,-4.9604764740e-13,0.0000e+00,0.9687
1968.76,-7.34745598e-13,6.085346e-13,9.912864e-18,-4.9626969201e-13,0.0000e+00,0.9687
1969.33,-7.34412531e-13,6.086779e-13,9.373601e-18,-4.9638071431e-13,0.0000e+00,0.9687
1969.90,-7.34523553e-13,6.088858e-13,9.064417e-18,-4.9649173661e-13,0.0000e+00,0.9687
1970.48,-7.34523553e-13,6.090645e-13,8.623819e-18,-4.9649173661e-13,0.0000e+00,0.9687
1971.05,-7.35522754e-13,6.092495e-13,8.181528e-18,-4.9693582582e-13,0.0000e+00,0.9687
1971.62,-7.36632977e-13,6.093873e-13,7.867995e-18,-4.9693582582e-13,0.0000e+00,0.9687
1972.19,-7.38298311e-13,6.095553e-13,7.746950e-18,-4.9715787043e-13,0.0000e+00,0.9687
1972.76,-7.38298311e-13,6.097778e-13,7.837630e-18,-4.9715787043e-13,0.0000e+00,0.9687
1973.34,-7.35189687e-13,6.100257e-13,7.946977e-18,-4.9737991503e-13,0.0000e+00,0.9687
1973.91,-7.31525951e-13,6.102778e-13,7.926947e-18,-4.9760195964e-13,0.0000e+00,0.9687
1974.48,-7.30859817e-13,6.104774e-13,7.420295e-18,-4.9771298194e-13,0.0000e+00,0.9687
1975.05,-7.33413330e-13,6.106605e-13,6.765016e-18,-4.9771298194e-13,0.0000e+00,0.9687
1975.62,-7.35744798e-13,6.108008e-13,6.326476e-18,-4.9771298194e-13,0.0000e+00,0.9687
1976.20,-7.38076267e-13,6.109354e-13,6.288723e-18,-4.9782400424e-13,0.0000e+00,0.9687
1976.77,-7.38742401e-13,6.111112e-13,6.388348e-18,-4.9782400424e-13,0.0000e+00,0.9687
1977.34,-7.40296713e-13,6.112632e-13,6.437437e-18,-4.9815707115e-13,0.0000e+00,0.9687
1977.91,-7.40629780e-13,6.114016e-13,6.521048e-18,-4.9815707115e-13,0.0000e+00,0.9687
1978.48,-7.40518757e-13,6.114941e-13,6.753960e-18,-4.9815707115e-13,0.0000e+00,0.9687
1979.06,-7.37965244e-13,6.115925e-13,6.785469e-18,-4.9826809345e-13,0.0000e+00,0.9687
1979.63,-7.34412531e-13,6.116804e-13,6.792768e-18,-4.9871218266e-13,0.0000e+00,0.9687
1980.20,-7.32525152e-13,6.117401e-13,6.232941e-18,-4.9871218266e-13,0.0000e+00,0.9687
1980.77,-7.32525152e-13,6.117835e-13,5.653012e-18,-4.9904524957e-13,0.0000e+00,0.9687
1981.34,-7.33524352e-13,6.118638e-13,6.004828e-18,-4.9915627187e-13,0.0000e+00,0.9687
1981.92,-7.35522754e-13,6.119574e-13,6.686529e-18,-4.9926729417e-13,0.0000e+00,0.9687
1982.49,-7.36743999e-13,6.120896e-13,6.837970e-18,-4.9960036108e-13,0.0000e+00,0.9687
1983.06,-7.36077865e-13,6.122348e-13,6.413097e-18,-4.9960036108e-13,0.0000e+00,0.9687
1983.63,-7.34856620e-13,6.123756e-13,6.233125e-18,-5.0004445029e-13,0.0000e+00,0.9687
1984.20,-7.34745598e-13,6.125046e-13,6.730346e-18,-5.0004445029e-13,0.0000e+00,0.9687
1984.78,-7.36077865e-13,6.126407e-13,7.001589e-18,-5.0004445029e-13,0.0000e+00,0.9687
1985.35,-7.37632178e-13,6.127479e-13,7.375080e-18,-5.0015547259e-13,0.0000e+00,0.9687
1985.92,-7.41851025e-13,6.128990e-13,7.545269e-18,-5.0037751720e-13,0.0000e+00,0.9687
1986.49,-7.48623386e-13,6.130620e-13,7.342266e-18,-5.0037751720e-13,0.0000e+00,0.9687
1987.06,-7.57394147e-13,6.131520e-13,7.927678e-18,-5.0048853950e-13,0.0000e+00,0.9687
1987.64,-7.61168906e-13,6.131967e-13,8.536708e-18,-5.0048853950e-13,0.0000e+00,0.9687
1988.21,-7.56728014e-13,6.132141e-13,9.061746e-18,-5.0093262871e-13,0.0000e+00,0.9687
1988.78,-7.46958051e-13,6.131697e-13,9.541077e-18,-5.0093262871e-13,0.0000e+00,0.9687
1989.35,-7.37743200e-13,6.131575e-13,9.193545e-18,-5.0104365101e-13,0.0000e+00,0.9687
1989.92,-7.33746397e-13,6.131879e-13,8.334116e-18,-5.0093262871e-13,0.0000e+00,0.9687
1990.50,-7.34523553e-13,6.132994e-13,8.273208e-18,-5.0104365101e-13,0.0000e+00,0.9687
1991.07,-7.36632977e-13,6.133947e-13,8.785894e-18,-5.0104365101e-13,0.0000e+00,0.9687
1991.64,-7.37299111e-13,6.135356e-13,9.328480e-18,-5.0126569562e-13,0.0000e+00,0.9687
1992.21,-7.36632977e-13,6.136841e-13,9.645930e-18,-5.0148774022e-13,0.0000e+00,0.9687
1992.78,-7.36966044e-13,6.138550e-13,9.628511e-18,-5.0170978483e-13,0.0000e+00,0.9687
1993.36,-7.38298311e-13,6.140685e-13,9.308878e-18,-5.0170978483e-13,0.0000e+00,0.9687
1993.93,-7.38409334e-13,6.142415e-13,8.812994e-18,-5.0170978483e-13,0.0000e+00,0.9687
1994.50,-7.38409334e-13,6.143291e-13,8.342828e-18,-5.0193182943e-13,0.0000e+00,0.9687
1995.07,-7.38409334e-13,6.143573e-13,8.078722e-18,-5.0193182943e-13,0.0000e+00,0.9687
1995.64,-7.38409334e-13,6.143478e-13,7.938218e-18,-5.0193182943e-13,0.0000e+00,0.9687
1996.22,-7.38409334e-13,6.144389e-13,8.113634e-18,-5.0215387404e-13,0.0000e+00,0.9687
1996.79,-7.38742401e-13,6.144486e-13,8.300153e-18,-5.0215387404e-13,0.0000e+00,0.9687
1997.36,-7.38742401e-13,6.145671e-13,8.666280e-18,-5.0237591864e-13,0.0000e+00,0.9687
1997.93,-7.38742401e-13,6.146304e-13,8.827907e-18,-5.0237591864e-13,0.0000e+00,0.9687
1998.50,-7.38742401e-13,6.146766e-13,8.511277e-18,-5.0237591864e-13,0.0000e+00,0.9687
1999.08,-7.38409334e-13,6.147468e-13,8.195495e-18,-5.0270898555e-13,0.0000e+00,0.9687
1999.65,-7.38409334e-13,6.149089e-13,8.164709e-18,-5.0304205246e-13,0.0000e+00,0.9687
2000.22,-7.38409334e-13,6.150329e-13,8.359824e-18,-5.0304205246e-13,0.0000e+00,0.9687
2000.79,-7.38409334e-13,6.151826e-13,8.605928e-18,-5.0304205246e-13,0.0000e+00,0.9687
2001.36,-7.38409334e-13,6.152682e-13,8.760352e-18,-5.0315307476e-13,0.0000e+00,0.9687
2001.94,-7.38409334e-13,6.155440e-13,8.175025e-18,-5.0315307476e-13,0.0000e+00,0.9687
2002.51,-7.38409334e-13,6.159251e-13,8.430654e-18,-5.0359716397e-13,0.0000e+00,0.9687
2003.08,-7.38409334e-13,6.163517e-13,9.641981e-18,-5.0393023088e-13,0.0000e+00,0.9687
2003.65,-7.38298311e-13,6.168212e-13,8.965500e-18,-5.0404125318e-13,0.0000e+00,0.9687
2004.22,-7.38742401e-13,6.172537e-13,7.436287e-18,-5.0415227548e-13,0.0000e+00,0.9687
2004.80,-7.43183293e-13,6.176361e-13,6.703604e-18,-5.0448534239e-13,0.0000e+00,0.9687
2005.37,-7.47957252e-13,6.176429e-13,6.227178e-18,-5.0459636469e-13,0.0000e+00,0.9687
2005.94,-7.50954854e-13,6.178034e-13,5.918026e-18,-5.0492943160e-13,0.0000e+00,0.9687
2006.51,-7.51176898e-13,6.176216e-13,6.102452e-18,-5.0526249851e-13,0.0000e+00,0.9687
2007.08,-7.47957252e-13,6.178355e-13,6.287425e-18,-5.0537352081e-13,0.0000e+00,0.9687
2007.66,-7.44182493e-13,6.181009e-13,6.148294e-18,-5.0570658772e-13,0.0000e+00,0.9687
2008.23,-7.43516360e-13,6.184232e-13,5.570623e-18,-5.0570658772e-13,0.0000e+00,0.9687
2008.80,-7.45181694e-13,6.187745e-13,5.705836e-18,-5.0581761002e-13,0.0000e+00,0.9687
2009.37,-7.46402939e-13,6.189169e-13,5.938641e-18,-5.0615067693e-13,0.0000e+00,0.9687
2009.94,-7.44848627e-13,6.191782e-13,5.795586e-18,-5.0626169923e-13,0.0000e+00,0.9687
2010.51,-7.43516360e-13,6.192151e-13,5.856888e-18,-5.0659476614e-13,0.0000e+00,0.9687
2011.09,-7.46069873e-13,6.193395e-13,6.205000e-18,-5.0670578844e-13,0.0000e+00,0.9687
2011.66,-7.51176898e-13,6.193169e-13,6.702782e-18,-5.0670578844e-13,0.0000e+00,0.9687
2012.23,-7.55506768e-13,6.194893e-13,7.089124e-18,-5.0703885535e-13,0.0000e+00,0.9687
2012.80,-7.55506768e-13,6.197055e-13,7.392344e-18,-5.0726089995e-13,0.0000e+00,0.9687
2013.37,-7.51287921e-13,6.200104e-13,7.516707e-18,-5.0748294456e-13,0.0000e+00,0.9687
2013.95,-7.46958051e-13,6.200619e-13,7.081903e-18,-5.0781601146e-13,0.0000e+00,0.9687
2014.52,-7.45070672e-13,6.202013e-13,6.763019e-18,-5.0781601146e-13,0.0000e+00,0.9687
2015.09,-7.43072270e-13,6.203202e-13,6.594336e-18,-5.0826010067e-13,0.0000e+00,0.9687
2015.66,-7.41962047e-13,6.204333e-13,6.132988e-18,-5.0826010067e-13,0.0000e+00,0.9687
2016.23,-7.42295114e-13,6.205764e-13,5.716581e-18,-5.0859316758e-13,0.0000e+00,0.9687
2016.81,-7.43738404e-13,6.207806e-13,5.769493e-18,-5.0859316758e-13,0.0000e+00,0.9687
2017.38,-7.44515560e-13,6.209925e-13,6.025910e-18,-5.0892623449e-13,0.0000e+00,0.9687
2017.95,-7.47291118e-13,6.212585e-13,6.615598e-18,-5.0892623449e-13,0.0000e+00,0.9687
2018.52,-7.48401341e-13,6.215773e-13,7.201613e-18,-5.0914827909e-13,0.0000e+00,0.9687
2019.09,-7.47735207e-13,6.219496e-13,7.721689e-18,-5.0948134600e-13,0.0000e+00,0.9687
2019.67,-7.45181694e-13,6.222343e-13,7.874594e-18,-5.0948134600e-13,0.0000e+00,0.9687
2020.24,-7.44182493e-13,6.224266e-13,7.954585e-18,-5.0959236830e-13,0.0000e+00,0.9687
2020.81,-7.45847828e-13,6.225794e-13,8.299776e-18,-5.0992543521e-13,0.0000e+00,0.9687
2021.38,-7.50843832e-13,6.227949e-13,8.867532e-18,-5.0992543521e-13,0.0000e+00,0.9687
2021.95,-7.54507568e-13,6.230532e-13,9.418323e-18,-5.1003645751e-13,0.0000e+00,0.9687
2022.53,-7.54396545e-13,6.232879e-13,9.829028e-18,-5.1048054672e-13,0.0000e+00,0.9687
2023.10,-7.50510765e-13,6.235429e-13,1.010438e-17,-5.1070259133e-13,0.0000e+00,0.9687
2023.67,-7.47957252e-13,6.237167e-13,1.043887e-17,-5.1081361363e-13,0.0000e+00,0.9687
2024.24,-7.50954854e-13,6.239476e-13,1.058135e-17,-5.1125770284e-13,0.0000e+00,0.9687
2024.81,-7.61501973e-13,6.242075e-13,1.037940e-17,-5.1125770284e-13,0.0000e+00,0.9687
2025.39,-7.73381359e-13,6.244475e-13,1.047531e-17,-5.1159076975e-13,0.0000e+00,0.9687
2025.96,-7.79598608e-13,6.246657e-13,1.082165e-17,-5.1159076975e-13,0.0000e+00,0.9687
2026.53,-7.74491582e-13,6.248619e-13,1.122824e-17,-5.1181281435e-13,0.0000e+00,0.9687
2027.10,-7.63167307e-13,6.250868e-13,1.137000e-17,-5.1203485896e-13,0.0000e+00,0.9687
2027.67,-7.51954055e-13,6.253701e-13,1.148868e-17,-5.1214588126e-13,0.0000e+00,0.9687
2028.25,-7.46069873e-13,6.256197e-13,1.184187e-17,-5.1247894817e-13,0.0000e+00,0.9687
2028.82,-7.46180895e-13,6.258210e-13,1.254014e-17,-5.1258997047e-13,0.0000e+00,0.9687
2029.39,-7.49400542e-13,6.260165e-13,1.333193e-17,-5.1225690356e-13,0.0000e+00,0.9687
2029.96,-7.53730411e-13,6.262380e-13,1.399537e-17,-5.1258997047e-13,0.0000e+00,0.9687
2030.53,-7.54507568e-13,6.264990e-13,1.436332e-17,-5.1303405968e-13,0.0000e+00,0.9687
2031.11,-7.53841434e-13,6.268094e-13,1.457886e-17,-5.1314508198e-13,0.0000e+00,0.9687
2031.68,-7.54729612e-13,6.271664e-13,1.460908e-17,-5.1347814889e-13,0.0000e+00,0.9687
2032.25,-7.60169705e-13,6.275404e-13,1.460345e-17,-5.1358917119e-13,0.0000e+00,0.9687
2032.82,-7.63056285e-13,6.278977e-13,1.490919e-17,-5.1392223810e-13,0.0000e+00,0.9687
2033.39,-7.62168106e-13,6.282293e-13,1.557321e-17,-5.1425530501e-13,0.0000e+00,0.9687
2033.97,-7.56950058e-13,6.286022e-13,1.608442e-17,-5.1436632731e-13,0.0000e+00,0.9687
2034.54,-7.51954055e-13,6.288774e-13,1.608248e-17,-5.1481041652e-13,0.0000e+00,0.9687
2035.11,-7.48734408e-13,6.291240e-13,1.602529e-17,-5.1481041652e-13,0.0000e+00,0.9687
2035.68,-7.49067475e-13,6.293938e-13,1.613433e-17,-5.1514348343e-13,0.0000e+00,0.9687
2036.25,-7.49844631e-13,6.296469e-13,1.619637e-17,-5.1525450573e-13,0.0000e+00,0.9687
2036.83,-7.48290319e-13,6.299678e-13,1.614057e-17,-5.1514348343e-13,0.0000e+00,0.9687
2037.40,-7.46069873e-13,6.302957e-13,1.609333e-17,-5.1514348343e-13,0.0000e+00,0.9687
2037.97,-7.46736006e-13,6.305848e-13,1.634284e-17,-5.1536552803e-13,0.0000e+00,0.9687
2038.54,-7.51287921e-13,6.308531e-13,1.673332e-17,-5.1603166185e-13,0.0000e+00,0.9687
2039.11,-7.58615393e-13,6.310014e-13,1.689907e-17,-5.1614268415e-13,0.0000e+00,0.9687
2039.69,-7.65165709e-13,6.311483e-13,1.678081e-17,-5.1614268415e-13,0.0000e+00,0.9687
2040.26,-7.68274333e-13,6.313092e-13,1.653843e-17,-5.1647575106e-13,0.0000e+00,0.9687
2040.83,-7.67275132e-13,6.314799e-13,1.622184e-17,-5.1647575106e-13,0.0000e+00,0.9687
2041.40,-7.64166508e-13,6.316567e-13,1.598218e-17,-5.1647575106e-13,0.0000e+00,0.9687
2041.97,-7.60502772e-13,6.319327e-13,1.586954e-17,-5.1680881796e-13,0.0000e+00,0.9687
2042.55,-7.60502772e-13,6.322702e-13,1.671318e-17,-5.1758597408e-13,0.0000e+00,0.9687
2043.12,-7.62834240e-13,6.325058e-13,1.698954e-17,-5.1758597408e-13,0.0000e+00,0.9687
2043.69,-7.64499575e-13,6.327953e-13,1.573039e-17,-5.1758597408e-13,0.0000e+00,0.9687
2044.26,-7.63833441e-13,6.330731e-13,1.446422e-17,-5.1803006329e-13,0.0000e+00,0.9687
2044.83,-7.59836638e-13,6.333688e-13,1.445154e-17,-5.1847415250e-13,0.0000e+00,0.9687
2045.41,-7.55506768e-13,6.336128e-13,1.411456e-17,-5.1858517480e-13,0.0000e+00,0.9687
2045.98,-7.56283924e-13,6.338822e-13,1.308928e-17,-5.1891824171e-13,0.0000e+00,0.9687
2046.55,-7.60280727e-13,6.341430e-13,1.279980e-17,-5.1902926401e-13,0.0000e+00,0.9687
2047.12,-7.62723218e-13,6.344725e-13,1.281010e-17,-5.1925130862e-13,0.0000e+00,0.9687
2047.69,-7.61612995e-13,6.347781e-13,1.267572e-17,-5.1969539783e-13,0.0000e+00,0.9687
2048.27,-7.58726415e-13,6.350836e-13,1.152616e-17,-5.1980642013e-13,0.0000e+00,0.9687
2048.84,-7.56950058e-13,6.353798e-13,1.030994e-17,-5.1969539783e-13,0.0000e+00,0.9687
2049.41,-7.57061080e-13,6.356507e-13,9.774995e-18,-5.1991744243e-13,0.0000e+00,0.9687
2049.98,-7.57061080e-13,6.359997e-13,9.487914e-18,-5.2025050934e-13,0.0000e+00,0.9687
2050.55,-7.56950058e-13,6.363192e-13,9.333338e-18,-5.2069459855e-13,0.0000e+00,0.9687
2051.13,-7.55839835e-13,6.366516e-13,9.375294e-18,-5.2102766546e-13,0.0000e+00,0.9687
2051.70,-7.53175300e-13,6.368796e-13,9.078439e-18,-5.2102766546e-13,0.0000e+00,0.9687
2052.27,-7.51287921e-13,6.370765e-13,8.678482e-18,-5.2147175467e-13,0.0000e+00,0.9687
2052.84,-7.51954055e-13,6.372776e-13,8.034041e-18,-5.2169379927e-13,0.0000e+00,0.9687
2053.41,-7.56061880e-13,6.373852e-13,7.403265e-18,-5.2158277697e-13,0.0000e+00,0.9687
2053.99,-7.60502772e-13,6.374830e-13,6.463881e-18,-5.2158277697e-13,0.0000e+00,0.9687
2054.56,-7.62168106e-13,6.376174e-13,5.891523e-18,-5.2169379927e-13,0.0000e+00,0.9687
2055.13,-7.61612995e-13,6.377818e-13,5.907232e-18,-5.2191584388e-13,0.0000e+00,0.9687
2055.70,-7.61501973e-13,6.379818e-13,5.711574e-18,-5.2213788848e-13,0.0000e+00,0.9687
2056.27,-7.61835039e-13,6.381192e-13,5.949790e-18,-5.2213788848e-13,0.0000e+00,0.9687
2056.85,-7.63056285e-13,6.382867e-13,6.894101e-18,-5.2258197769e-13,0.0000e+00,0.9687
2057.42,-7.64388552e-13,6.385717e-13,7.511731e-18,-5.2291504460e-13,0.0000e+00,0.9687
2057.99,-7.64388552e-13,6.387425e-13,7.200956e-18,-5.2324811151e-13,0.0000e+00,0.9687
2058.56,-7.63722419e-13,6.389017e-13,6.566521e-18,-5.2335913381e-13,0.0000e+00,0.9687
2059.13,-7.63833441e-13,6.391374e-13,6.063939e-18,-5.2347015611e-13,0.0000e+00,0.9687
2059.71,-7.66275932e-13,6.393769e-13,5.655674e-18,-5.2369220072e-13,0.0000e+00,0.9687
2060.28,-7.67275132e-13,6.396950e-13,5.647035e-18,-5.2391424532e-13,0.0000e+00,0.9687
2060.85,-7.66720021e-13,6.400083e-13,5.380135e-18,-5.2413628993e-13,0.0000e+00,0.9687
2061.42,-7.64166508e-13,6.402227e-13,4.577307e-18,-5.2424731223e-13,0.0000e+00,0.9687
2061.99,-7.61501973e-13,6.404284e-13,4.948892e-18,-5.2424731223e-13,0.0000e+00,0.9687
2062.57,-7.61835039e-13,6.406599e-13,5.812868e-18,-5.2424731223e-13,0.0000e+00,0.9687
2063.14,-7.63389352e-13,6.408189e-13,5.795498e-18,-5.2458037914e-13,0.0000e+00,0.9687
2063.71,-7.64166508e-13,6.408884e-13,5.755570e-18,-5.2458037914e-13,0.0000e+00,0.9687
2064.28,-7.63833441e-13,6.409822e-13,5.503117e-18,-5.2458037914e-13,0.0000e+00,0.9687
2064.85,-7.64055486e-13,6.410235e-13,5.897044e-18,-5.2458037914e-13,0.0000e+00,0.9687
2065.43,-7.64055486e-13,6.411328e-13,6.767823e-18,-5.2502446835e-13,0.0000e+00,0.9687
2066.00,-7.63833441e-13,6.411840e-13,7.542092e-18,-5.2502446835e-13,0.0000e+00,0.9687
2066.57,-7.64055486e-13,6.412220e-13,7.558585e-18,-5.2502446835e-13,0.0000e+00,0.9687
2067.14,-7.66275932e-13,6.413362e-13,7.592193e-18,-5.2513549065e-13,0.0000e+00,0.9687
2067.71,-7.68607400e-13,6.415088e-13,7.461716e-18,-5.2524651295e-13,0.0000e+00,0.9687
2068.29,-7.70938868e-13,6.416973e-13,7.124323e-18,-5.2546855756e-13,0.0000e+00,0.9687
2068.86,-7.71938069e-13,6.418603e-13,6.803056e-18,-5.2546855756e-13,0.0000e+00,0.9687
2069.43,-7.72160114e-13,6.420153e-13,6.425007e-18,-5.2557957986e-13,0.0000e+00,0.9687
2070.00,-7.71938069e-13,6.421883e-13,5.752744e-18,-5.2569060216e-13,0.0000e+00,0.9687
2070.57,-7.71938069e-13,6.422755e-13,5.186280e-18,-5.2569060216e-13,0.0000e+00,0.9687
2071.14,-7.70272734e-13,6.423853e-13,5.243883e-18,-5.2569060216e-13,0.0000e+00,0.9687
2071.72,-7.67608199e-13,6.425001e-13,5.686576e-18,-5.2569060216e-13,0.0000e+00,0.9687
2072.29,-7.65831842e-13,6.426343e-13,6.461339e-18,-5.2602366907e-13,0.0000e+00,0.9687
2072.86,-7.66275932e-13,6.427359e-13,7.352361e-18,-5.2602366907e-13,0.0000e+00,0.9687
2073.43,-7.65831842e-13,6.428877e-13,7.245566e-18,-5.2602366907e-13,0.0000e+00,0.9687
2074.00,-7.65720820e-13,6.430260e-13,6.578172e-18,-5.2624571367e-13,0.0000e+00,0.9687
2074.58,-7.65387753e-13,6.432513e-13,6.101805e-18,-5.2646775828e-13,0.0000e+00,0.9687
2075.15,-7.63056285e-13,6.434398e-13,6.092210e-18,-5.2668980288e-13,0.0000e+00,0.9687
2075.72,-7.60835839e-13,6.436759e-13,6.092817e-18,-5.2668980288e-13,0.0000e+00,0.9687
2076.29,-7.60613794e-13,6.438330e-13,6.193413e-18,-5.2668980288e-13,0.0000e+00,0.9687
2076.86,-7.63056285e-13,6.440233e-13,5.956394e-18,-5.2668980288e-13,0.0000e+00,0.9687
2077.44,-7.65054686e-13,6.443096e-13,6.121184e-18,-5.2668980288e-13,0.0000e+00,0.9687
2078.01,-7.67053088e-13,6.445947e-13,6.485132e-18,-5.2735593670e-13,0.0000e+00,0.9687
2078.58,-7.69051489e-13,6.448885e-13,6.599886e-18,-5.2735593670e-13,0.0000e+00,0.9687
2079.15,-7.70494779e-13,6.451763e-13,6.564566e-18,-5.2757798130e-13,0.0000e+00,0.9687
2079.72,-7.70272734e-13,6.454340e-13,6.227822e-18,-5.2791104821e-13,0.0000e+00,0.9687
2080.30,-7.67941266e-13,6.456320e-13,6.062189e-18,-5.2824411512e-13,0.0000e+00,0.9687
2080.87,-7.66942065e-13,6.457806e-13,6.272025e-18,-5.2824411512e-13,0.0000e+00,0.9687
2081.44,-7.67608199e-13,6.458233e-13,6.481873e-18,-5.2802207051e-13,0.0000e+00,0.9687
2082.01,-7.69606601e-13,6.458819e-13,6.739421e-18,-5.2835513742e-13,0.0000e+00,0.9687
2082.58,-7.70605801e-13,6.459486e-13,6.930950e-18,-5.2835513742e-13,0.0000e+00,0.9687
2083.16,-7.70605801e-13,6.460745e-13,7.023347e-18,-5.2868820433e-13,0.0000e+00,0.9687
2083.73,-7.68940467e-13,6.462980e-13,6.834078e-18,-5.2868820433e-13,0.0000e+00,0.9687
2084.30,-7.68274333e-13,6.464199e-13,6.528370e-18,-5.2868820433e-13,0.0000e+00,0.9687
2084.87,-7.68940467e-13,6.465467e-13,5.339099e-18,-5.2891024893e-13,0.0000e+00,0.9687
2085.44,-7.70605801e-13,6.466739e-13,5.013315e-18,-5.2913229354e-13,0.0000e+00,0.9687
2086.02,-7.73048292e-13,6.467983e-13,5.445245e-18,-5.2913229354e-13,0.0000e+00,0.9687
2086.59,-7.73381359e-13,6.467609e-13,5.832391e-18,-5.2913229354e-13,0.0000e+00,0.9687
2087.16,-7.71271935e-13,6.467982e-13,6.103924e-18,-5.2924331584e-13,0.0000e+00,0.9687
2087.73,-7.68274333e-13,6.469412e-13,6.089848e-18,-5.2924331584e-13,0.0000e+00,0.9687
2088.30,-7.67275132e-13,6.470881e-13,6.093332e-18,-5.2935433814e-13,0.0000e+00,0.9687
2088.88,-7.68274333e-13,6.472695e-13,6.487342e-18,-5.2957638275e-13,0.0000e+00,0.9687
2089.45,-7.69606601e-13,6.475625e-13,6.484637e-18,-5.2968740505e-13,0.0000e+00,0.9687
2090.02,-7.70272734e-13,6.478575e-13,6.538937e-18,-5.2968740505e-13,0.0000e+00,0.9687
2090.59,-7.71938069e-13,6.479295e-13,6.549088e-18,-5.2979842735e-13,0.0000e+00,0.9687
2091.16,-7.72715225e-13,6.480339e-13,6.262858e-18,-5.3002047196e-13,0.0000e+00,0.9687
2091.74,-7.72715225e-13,6.481120e-13,6.018905e-18,-5.3002047196e-13,0.0000e+00,0.9687
2092.31,-7.72715225e-13,6.481767e-13,6.094098e-18,-5.3013149426e-13,0.0000e+00,0.9687
2092.88,-7.72715225e-13,6.482523e-13,6.421971e-18,-5.3013149426e-13,0.0000e+00,0.9687
2093.45,-7.72826247e-13,6.483293e-13,6.331491e-18,-5.3046456117e-13,0.0000e+00,0.9687
2094.02,-7.73825448e-13,6.485297e-13,6.724353e-18,-5.3046456117e-13,0.0000e+00,0.9687
2094.60,-7.73825448e-13,6.487555e-13,6.895641e-18,-5.3057558347e-13,0.0000e+00,0.9687
2095.17,-7.73492381e-13,6.489851e-13,6.935894e-18,-5.3057558347e-13,0.0000e+00,0.9687
2095.74,-7.73492381e-13,6.491984e-13,7.058806e-18,-5.3057558347e-13,0.0000e+00,0.9687
2096.31,-7.73492381e-13,6.494424e-13,7.265816e-18,-5.3057558347e-13,0.0000e+00,0.9687
2096.88,-7.73492381e-13,6.496346e-13,7.151627e-18,-5.3068660577e-13,0.0000e+00,0.9687
2097.46,-7.73492381e-13,6.498455e-13,6.957970e-18,-5.3101967268e-13,0.0000e+00,0.9687
2098.03,-7.73825448e-13,6.500365e-13,6.779850e-18,-5.3101967268e-13,0.0000e+00,0.9687
2098.60,-7.76267939e-13,6.502322e-13,6.808641e-18,-5.3113069498e-13,0.0000e+00,0.9687
2099.17,-7.78266340e-13,6.503736e-13,7.345089e-18,-5.3113069498e-13,0.0000e+00,0.9687
2099.74,-7.77711229e-13,6.504850e-13,7.938764e-18,-5.3157478419e-13,0.0000e+00,0.9687
2100.32,-7.77711229e-13,6.505782e-13,8.132445e-18,-5.3157478419e-13,0.0000e+00,0.9687
2100.89,-7.77711229e-13,6.507460e-13,8.338726e-18,-5.3157478419e-13,0.0000e+00,0.9687
2101.46,-7.77711229e-13,6.508934e-13,8.630128e-18,-5.3201887340e-13,0.0000e+00,0.9687
2102.03,-7.77711229e-13,6.511137e-13,9.164493e-18,-5.3201887340e-13,0.0000e+00,0.9687
2102.60,-7.77711229e-13,6.513217e-13,9.722622e-18,-5.3201887340e-13,0.0000e+00,0.9687
2103.18,-7.77711229e-13,6.516056e-13,1.035987e-17,-5.3201887340e-13,0.0000e+00,0.9687
2103.75,-7.77711229e-13,6.518769e-13,1.032771e-17,-5.3246296261e-13,0.0000e+00,0.9687
2104.32,-7.77711229e-13,6.521513e-13,9.959163e-18,-5.3246296261e-13,0.0000e+00,0.9687
2104.89,-7.77711229e-13,6.525039e-13,1.003929e-17,-5.3279602952e-13,0.0000e+00,0.9687
2105.46,-7.77711229e-13,6.529029e-13,1.029148e-17,-5.3324011873e-13,0.0000e+00,0.9687
2106.04,-7.77711229e-13,6.532888e-13,1.108659e-17,-5.3368420794e-13,0.0000e+00,0.9687
2106.61,-7.77711229e-13,6.535760e-13,1.194994e-17,-5.3401727484e-13,0.0000e+00,0.9687
2107.18,-7.77711229e-13,6.537843e-13,1.240029e-17,-5.3379523024e-13,0.0000e+00,0.9687
2107.75,-7.77711229e-13,6.539550e-13,1.187607e-17,-5.3412829715e-13,0.0000e+00,0.9687
2108.32,-7.77711229e-13,6.541104e-13,1.131818e-17,-5.3401727484e-13,0.0000e+00,0.9687
2108.90,-7.77711229e-13,6.542619e-13,1.113929e-17,-5.3423931945e-13,0.0000e+00,0.9687
2109.47,-7.77711229e-13,6.543944e-13,1.129245e-17,-5.3468340866e-13,0.0000e+00,0.9687
2110.04,-7.77933273e-13,6.545687e-13,1.163185e-17,-5.3457238636e-13,0.0000e+00,0.9687
2110.61,-7.79154519e-13,6.547396e-13,1.231652e-17,-5.3479443096e-13,0.0000e+00,0.9687
2111.18,-7.80930876e-13,6.549176e-13,1.324561e-17,-5.3512749787e-13,0.0000e+00,0.9687
2111.76,-7.81930076e-13,6.550958e-13,1.393933e-17,-5.3523852017e-13,0.0000e+00,0.9687
2112.33,-7.81930076e-13,6.553018e-13,1.446334e-17,-5.3557158708e-13,0.0000e+00,0.9687
2112.90,-7.81930076e-13,6.555855e-13,1.475911e-17,-5.3590465399e-13,0.0000e+00,0.9687
2113.47,-7.81930076e-13,6.558915e-13,1.456807e-17,-5.3645976550e-13,0.0000e+00,0.9687
2114.04,-7.81485987e-13,6.561691e-13,1.402511e-17,-5.3645976550e-13,0.0000e+00,0.9687
2114.62,-7.80264742e-13,6.564124e-13,1.384663e-17,-5.3645976550e-13,0.0000e+00,0.9687
2115.19,-7.80264742e-13,6.566115e-13,1.411075e-17,-5.3679283241e-13,0.0000e+00,0.9687
2115.76,-7.81485987e-13,6.568165e-13,1.448710e-17,-5.3679283241e-13,0.0000e+00,0.9687
2116.33,-7.83040299e-13,6.569745e-13,1.479170e-17,-5.3690385471e-13,0.0000e+00,0.9687
2116.90,-7.83151322e-13,6.571344e-13,1.498028e-17,-5.3723692162e-13,0.0000e+00,0.9687
2117.48,-7.80597809e-13,6.573234e-13,1.489208e-17,-5.3745896622e-13,0.0000e+00,0.9687
2118.05,-7.79265541e-13,6.576063e-13,1.465771e-17,-5.3745896622e-13,0.0000e+00,0.9687
2118.62,-7.82707232e-13,6.579355e-13,1.443957e-17,-5.3745896622e-13,0.0000e+00,0.9687
2119.19,-7.88702437e-13,6.582674e-13,1.431597e-17,-5.3790305543e-13,0.0000e+00,0.9687
2119.76,-7.94808663e-13,6.586281e-13,1.416690e-17,-5.3812510004e-13,0.0000e+00,0.9687
2120.34,-7.94697641e-13,6.589837e-13,1.416254e-17,-5.3823612234e-13,0.0000e+00,0.9687
2120.91,-7.88924481e-13,6.592612e-13,1.429496e-17,-5.3856918925e-13,0.0000e+00,0.9687
2121.48,-7.83817455e-13,6.595226e-13,1.447216e-17,-5.3856918925e-13,0.0000e+00,0.9687
2122.05,-7.81930076e-13,6.597671e-13,1.441692e-17,-5.3868021155e-13,0.0000e+00,0.9687
2122.62,-7.83040299e-13,6.599229e-13,1.421450e-17,-5.3879123385e-13,0.0000e+00,0.9687
2123.20,-7.87037102e-13,6.600998e-13,1.411802e-17,-5.3901327846e-13,0.0000e+00,0.9687
2123.77,-7.91477994e-13,6.601844e-13,1.408822e-17,-5.3901327846e-13,0.0000e+00,0.9687
2124.34,-7.91811061e-13,6.603240e-13,1.418941e-17,-5.3912430076e-13,0.0000e+00,0.9687
2124.91,-7.90478794e-13,6.604425e-13,1.405992e-17,-5.3912430076e-13,0.0000e+00,0.9687
2125.48,-7.88258347e-13,6.605669e-13,1.379600e-17,-5.3912430076e-13,0.0000e+00,0.9687
2126.06,-7.88258347e-13,6.607946e-13,1.324722e-17,-5.3945736767e-13,0.0000e+00,0.9687
2126.63,-7.88258347e-13,6.609996e-13,1.285297e-17,-5.3956838997e-13,0.0000e+00,0.9687
2127.20,-7.88258347e-13,6.612389e-13,1.272955e-17,-5.3967941227e-13,0.0000e+00,0.9687
2127.77,-7.88258347e-13,6.614945e-13,1.301114e-17,-5.3967941227e-13,0.0000e+00,0.9687
2128.34,-7.88369370e-13,6.617386e-13,1.337737e-17,-5.3990145688e-13,0.0000e+00,0.9687
2128.92,-7.88258347e-13,6.620113e-13,1.345043e-17,-5.4001247918e-13,0.0000e+00,0.9687
2129.49,-7.88258347e-13,6.622373e-13,1.300948e-17,-5.4012350148e-13,0.0000e+00,0.9687
2130.06,-7.88258347e-13,6.624248e-13,1.283491e-17,-5.4012350148e-13,0.0000e+00,0.9687
2130.63,-7.88258347e-13,6.625929e-13,1.284858e-17,-5.4045656839e-13,0.0000e+00,0.9687
2131.20,-7.88258347e-13,6.628335e-13,1.262662e-17,-5.4045656839e-13,0.0000e+00,0.9687
2131.77,-7.88036303e-13,6.630753e-13,1.214052e-17,-5.4056759069e-13,0.0000e+00,0.9687
2132.35,-7.90478794e-13,6.632821e-13,1.158256e-17,-5.4056759069e-13,0.0000e+00,0.9687
2132.92,-7.94364574e-13,6.634801e-13,1.114238e-17,-5.4078963529e-13,0.0000e+00,0.9687
2133.49,-7.98028310e-13,6.636849e-13,1.069741e-17,-5.4078963529e-13,0.0000e+00,0.9687
2134.06,-7.97695243e-13,6.639228e-13,1.040296e-17,-5.4090065760e-13,0.0000e+00,0.9687
2134.63,-7.94364574e-13,6.641591e-13,1.005348e-17,-5.4090065760e-13,0.0000e+00,0.9687
2135.21,-7.91922083e-13,6.643214e-13,1.011585e-17,-5.4123372450e-13,0.0000e+00,0.9687
2135.78,-7.92144128e-13,6.644357e-13,9.756385e-18,-5.4123372450e-13,0.0000e+00,0.9687
2136.35,-7.92366173e-13,6.646168e-13,9.504934e-18,-5.4134474681e-13,0.0000e+00,0.9687
2136.92,-7.92366173e-13,6.647719e-13,9.174431e-18,-5.4134474681e-13,0.0000e+00,0.9687
2137.49,-7.90256749e-13,6.648436e-13,8.646601e-18,-5.4134474681e-13,0.0000e+00,0.9687
2138.07,-7.87703236e-13,6.649365e-13,8.062986e-18,-5.4145576911e-13,0.0000e+00,0.9687
2138.64,-7.88036303e-13,6.650789e-13,7.621583e-18,-5.4167781371e-13,0.0000e+00,0.9687
2139.21,-7.90922883e-13,6.652714e-13,7.487997e-18,-5.4178883602e-13,0.0000e+00,0.9687
2139.78,-7.95696842e-13,6.654713e-13,7.198291e-18,-5.4178883602e-13,0.0000e+00,0.9687
2140.35,-7.97251154e-13,6.656687e-13,6.960522e-18,-5.4212190292e-13,0.0000e+00,0.9687
2140.93,-7.96585020e-13,6.658254e-13,6.807345e-18,-5.4223292523e-13,0.0000e+00,0.9687
2141.50,-7.95918886e-13,6.660018e-13,6.416374e-18,-5.4234394753e-13,0.0000e+00,0.9687
2142.07,-7.96251953e-13,6.661993e-13,6.113223e-18,-5.4234394753e-13,0.0000e+00,0.9687
2142.64,-7.97695243e-13,6.663182e-13,6.332410e-18,-5.4234394753e-13,0.0000e+00,0.9687
2143.21,-7.98361377e-13,6.664306e-13,6.468145e-18,-5.4256599213e-13,0.0000e+00,0.9687
2143.79,-7.97029109e-13,6.665742e-13,6.287185e-18,-5.4267701444e-13,0.0000e+00,0.9687
2144.36,-7.94697641e-13,6.666720e-13,5.885640e-18,-5.4267701444e-13,0.0000e+00,0.9687
2144.93,-7.93698440e-13,6.666942e-13,5.343893e-18,-5.4267701444e-13,0.0000e+00,0.9687
2145.50,-7.94364574e-13,6.667134e-13,4.658272e-18,-5.4301008134e-13,0.0000e+00,0.9687
2146.07,-7.96696042e-13,6.667488e-13,4.321770e-18,-5.4301008134e-13,0.0000e+00,0.9687
2146.65,-7.99471600e-13,6.668362e-13,4.215363e-18,-5.4301008134e-13,0.0000e+00,0.9687
2147.22,-7.99804667e-13,6.668849e-13,4.059041e-18,-5.4312110365e-13,0.0000e+00,0.9687
2147.79,-7.96362976e-13,6.669860e-13,4.393382e-18,-5.4312110365e-13,0.0000e+00,0.9687
2148.36,-7.91255950e-13,6.671503e-13,4.614059e-18,-5.4312110365e-13,0.0000e+00,0.9687
2148.93,-7.89590615e-13,6.673048e-13,4.356374e-18,-5.4345417055e-13,0.0000e+00,0.9687
2149.51,-7.92699240e-13,6.674734e-13,4.651514e-18,-5.4323212595e-13,0.0000e+00,0.9687
2150.08,-7.97695243e-13,6.676472e-13,5.056015e-18,-5.4345417055e-13,0.0000e+00,0.9687
2150.65,-7.97695243e-13,6.678524e-13,5.006756e-18,-5.4356519286e-13,0.0000e+00,0.9687
2151.22,-7.93698440e-13,6.680178e-13,5.123634e-18,-5.4356519286e-13,0.0000e+00,0.9687
2151.79,-7.90256749e-13,6.681724e-13,5.419979e-18,-5.4356519286e-13,0.0000e+00,0.9687
2152.37,-7.90589816e-13,6.682979e-13,5.711379e-18,-5.4378723746e-13,0.0000e+00,0.9687
2152.94,-7.94808663e-13,6.683520e-13,5.811123e-18,-5.4378723746e-13,0.0000e+00,0.9687
2153.51,-8.00137734e-13,6.683805e-13,5.832418e-18,-5.4378723746e-13,0.0000e+00,0.9687
2154.08,-8.02136135e-13,6.684000e-13,5.711637e-18,-5.4400928207e-13,0.0000e+00,0.9687
2154.65,-7.99582622e-13,6.684628e-13,5.548279e-18,-5.4400928207e-13,0.0000e+00,0.9687
2155.23,-7.95363775e-13,6.685392e-13,5.317628e-18,-5.4412030437e-13,0.0000e+00,0.9687
2155.80,-7.94142530e-13,6.687029e-13,5.002097e-18,-5.4423132667e-13,0.0000e+00,0.9687
2156.37,-7.95918886e-13,6.688734e-13,5.477458e-18,-5.4423132667e-13,0.0000e+00,0.9687
2156.94,-7.98916489e-13,6.690886e-13,5.712432e-18,-5.4423132667e-13,0.0000e+00,0.9687
2157.51,-8.02802269e-13,6.692045e-13,5.041694e-18,-5.4423132667e-13,0.0000e+00,0.9687
2158.09,-8.07576228e-13,6.692975e-13,4.938846e-18,-5.4456439358e-13,0.0000e+00,0.9687
2158.66,-8.09907696e-13,6.693193e-13,5.255315e-18,-5.4456439358e-13,0.0000e+00,0.9687
2159.23,-8.11462009e-13,6.693149e-13,5.397026e-18,-5.4456439358e-13,0.0000e+00,0.9687
2159.80,-8.12461209e-13,6.693453e-13,5.374427e-18,-5.4467541588e-13,0.0000e+00,0.9687
2160.37,-8.12683254e-13,6.693527e-13,5.503788e-18,-5.4467541588e-13,0.0000e+00,0.9687
2160.95,-8.09907696e-13,6.693745e-13,6.234723e-18,-5.4489746049e-13,0.0000e+00,0.9687
2161.52,-8.07021117e-13,6.694037e-13,6.924306e-18,-5.4489746049e-13,0.0000e+00,0.9687
2162.09,-8.07354184e-13,6.695205e-13,7.333557e-18,-5.4500848279e-13,0.0000e+00,0.9687
2162.66,-8.08575429e-13,6.696861e-13,7.599457e-18,-5.4511950509e-13,0.0000e+00,0.9687
2163.23,-8.06688050e-13,6.698086e-13,7.876750e-18,-5.4545257200e-13,0.0000e+00,0.9687
2163.81,-8.02136135e-13,6.699197e-13,7.924679e-18,-5.4545257200e-13,0.0000e+00,0.9687
2164.38,-7.97584221e-13,6.699933e-13,7.900826e-18,-5.4545257200e-13,0.0000e+00,0.9687
2164.95,-7.96585020e-13,6.700470e-13,7.923137e-18,-5.4556359430e-13,0.0000e+00,0.9687
2165.52,-8.00581823e-13,6.700932e-13,7.915319e-18,-5.4556359430e-13,0.0000e+00,0.9687
2166.09,-8.06577027e-13,6.701630e-13,7.863702e-18,-5.4589666121e-13,0.0000e+00,0.9687
2166.67,-8.11128942e-13,6.702860e-13,7.929679e-18,-5.4600768351e-13,0.0000e+00,0.9687
2167.24,-8.11239964e-13,6.704136e-13,7.907706e-18,-5.4622972812e-13,0.0000e+00,0.9687
2167.81,-8.06577027e-13,6.705550e-13,8.178509e-18,-5.4634075042e-13,0.0000e+00,0.9687
2168.38,-8.02025113e-13,6.706759e-13,8.281848e-18,-5.4634075042e-13,0.0000e+00,0.9687
2168.95,-8.00803868e-13,6.707356e-13,8.097067e-18,-5.4645177272e-13,0.0000e+00,0.9687
2169.53,-8.04023514e-13,6.708437e-13,7.960584e-18,-5.4634075042e-13,0.0000e+00,0.9687
2170.10,-8.07576228e-13,6.709145e-13,8.211055e-18,-5.4667381733e-13,0.0000e+00,0.9687
2170.67,-8.07354184e-13,6.709116e-13,8.460626e-18,-5.4667381733e-13,0.0000e+00,0.9687
2171.24,-8.04800671e-13,6.709485e-13,8.510060e-18,-5.4678483963e-13,0.0000e+00,0.9687
2171.81,-8.02469202e-13,6.710182e-13,8.569033e-18,-5.4678483963e-13,0.0000e+00,0.9687
2172.39,-8.05244760e-13,6.710829e-13,8.655064e-18,-5.4689586193e-13,0.0000e+00,0.9687
2172.96,-8.13016321e-13,6.711523e-13,8.885664e-18,-5.4689586193e-13,0.0000e+00,0.9687
2173.53,-8.23452417e-13,6.711875e-13,9.088732e-18,-5.4722892884e-13,0.0000e+00,0.9687
2174.10,-8.29447622e-13,6.712208e-13,9.240135e-18,-5.4722892884e-13,0.0000e+00,0.9687
2174.67,-8.28892510e-13,6.712260e-13,9.391090e-18,-5.4711790654e-13,0.0000e+00,0.9687
2175.25,-8.24007529e-13,6.712731e-13,9.390763e-18,-5.4722892884e-13,0.0000e+00,0.9687
2175.82,-8.19233570e-13,6.712879e-13,9.407023e-18,-5.4722892884e-13,0.0000e+00,0.9687
2176.39,-8.16235968e-13,6.713311e-13,9.542675e-18,-5.4722892884e-13,0.0000e+00,0.9687
2176.96,-8.14681655e-13,6.713515e-13,9.801165e-18,-5.4722892884e-13,0.0000e+00,0.9687
2177.53,-8.12017120e-13,6.713534e-13,1.045301e-17,-5.4722892884e-13,0.0000e+00,0.9687
2178.11,-8.08020317e-13,6.713915e-13,1.102586e-17,-5.4722892884e-13,0.0000e+00,0.9687
2178.68,-8.04467604e-13,6.714153e-13,1.181031e-17,-5.4722892884e-13,0.0000e+00,0.9687
2179.25,-8.04134537e-13,6.715488e-13,1.227483e-17,-5.4733995114e-13,0.0000e+00,0.9687
2179.82,-8.06910094e-13,6.716939e-13,1.224541e-17,-5.4767301805e-13,0.0000e+00,0.9687
2180.39,-8.09241563e-13,6.718762e-13,1.188835e-17,-5.4778404035e-13,0.0000e+00,0.9687
2180.97,-8.08908496e-13,6.721131e-13,1.191926e-17,-5.4800608495e-13,0.0000e+00,0.9687
2181.54,-8.05688849e-13,6.722959e-13,1.193344e-17,-5.4822812956e-13,0.0000e+00,0.9687
2182.11,-8.04800671e-13,6.725137e-13,1.167091e-17,-5.4822812956e-13,0.0000e+00,0.9687
2182.68,-8.08908496e-13,6.727278e-13,1.152181e-17,-5.4822812956e-13,0.0000e+00,0.9687
2183.25,-8.14015522e-13,6.730063e-13,1.160083e-17,-5.4856119647e-13,0.0000e+00,0.9687
2183.83,-8.16680057e-13,6.733106e-13,1.192636e-17,-5.4889426337e-13,0.0000e+00,0.9687
2184.40,-8.15680856e-13,6.736154e-13,1.219246e-17,-5.4900528568e-13,0.0000e+00,0.9687
2184.97,-8.13016321e-13,6.739041e-13,1.219409e-17,-5.4911630798e-13,0.0000e+00,0.9687
2185.54,-8.12128143e-13,6.742237e-13,1.181024e-17,-5.4944937489e-13,0.0000e+00,0.9687
2186.11,-8.13016321e-13,6.745403e-13,1.144089e-17,-5.4944937489e-13,0.0000e+00,0.9687
2186.69,-8.11462009e-13,6.747631e-13,1.136756e-17,-5.4978244179e-13,0.0000e+00,0.9687
2187.26,-8.07687250e-13,6.748703e-13,1.120745e-17,-5.5000448640e-13,0.0000e+00,0.9687
2187.83,-8.03024314e-13,6.750063e-13,1.124568e-17,-5.5033755331e-13,0.0000e+00,0.9687
2188.40,-8.01247957e-13,6.750207e-13,1.116931e-17,-5.5022653100e-13,0.0000e+00,0.9687
2188.97,-8.03690448e-13,6.751014e-13,1.082823e-17,-5.5044857561e-13,0.0000e+00,0.9687
2189.55,-8.10129741e-13,6.752375e-13,1.067161e-17,-5.5089266482e-13,0.0000e+00,0.9687
2190.12,-8.16902102e-13,6.754512e-13,1.098759e-17,-5.5111470942e-13,0.0000e+00,0.9687
2190.69,-8.20121748e-13,6.758207e-13,1.181571e-17,-5.5155879863e-13,0.0000e+00,0.9687
2191.26,-8.19566637e-13,6.760049e-13,1.246668e-17,-5.5155879863e-13,0.0000e+00,0.9687
2191.83,-8.19233570e-13,6.761799e-13,1.225198e-17,-5.5178084324e-13,0.0000e+00,0.9687
2192.41,-8.19566637e-13,6.765176e-13,1.187336e-17,-5.5200288784e-13,0.0000e+00,0.9687
2192.98,-8.20121748e-13,6.768828e-13,1.163299e-17,-5.5211391015e-13,0.0000e+00,0.9687
2193.55,-8.20787882e-13,6.772782e-13,1.103514e-17,-5.5211391015e-13,0.0000e+00,0.9687
2194.12,-8.20787882e-13,6.775889e-13,1.037611e-17,-5.5266902166e-13,0.0000e+00,0.9687
2194.69,-8.19566637e-13,6.778123e-13,1.008382e-17,-5.5300208857e-13,0.0000e+00,0.9687
2195.26,-8.17013124e-13,6.779838e-13,1.000285e-17,-5.5300208857e-13,0.0000e+00,0.9687
2195.84,-8.16346990e-13,6.780836e-13,1.024595e-17,-5.5322413317e-13,0.0000e+00,0.9687
2196.41,-8.16680057e-13,6.782067e-13,1.123004e-17,-5.5344617778e-13,0.0000e+00,0.9687
2196.98,-8.18012325e-13,6.783774e-13,1.180464e-17,-5.5344617778e-13,0.0000e+00,0.9687
2197.55,-8.20121748e-13,6.785476e-13,1.159727e-17,-5.5366822238e-13,0.0000e+00,0.9687
2198.12,-8.20565838e-13,6.786434e-13,1.112292e-17,-5.5366822238e-13,0.0000e+00,0.9687
2198.70,-8.20121748e-13,6.787433e-13,1.085543e-17,-5.5400128929e-13,0.0000e+00,0.9687
2199.27,-8.19566637e-13,6.789346e-13,1.088380e-17,-5.5433435620e-13,0.0000e+00,0.9687
2199.84,-8.20121748e-13,6.790680e-13,1.125076e-17,-5.5411231159e-13,0.0000e+00,0.9687
2200.41,-8.23008328e-13,6.792511e-13,1.151653e-17,-5.5411231159e-13,0.0000e+00,0.9687
2200.98,-8.25339797e-13,6.794398e-13,1.156593e-17,-5.5433435620e-13,0.0000e+00,0.9687
2201.56,-8.25894908e-13,6.796455e-13,1.185874e-17,-5.5477844541e-13,0.0000e+00,0.9687
2202.13,-8.23785484e-13,6.798491e-13,1.194703e-17,-5.5500049001e-13,0.0000e+00,0.9687
2202.70,-8.21120949e-13,6.801051e-13,1.196797e-17,-5.5522253462e-13,0.0000e+00,0.9687
2203.27,-8.20121748e-13,6.803656e-13,1.166934e-17,-5.5533355692e-13,0.0000e+00,0.9687
2203.84,-8.20121748e-13,6.805639e-13,1.127913e-17,-5.5533355692e-13,0.0000e+00,0.9687
2204.42,-8.20121748e-13,6.808038e-13,1.160293e-17,-5.5533355692e-13,0.0000e+00,0.9687
2204.99,-8.18456414e-13,6.810220e-13,1.202804e-17,-5.5588866843e-13,0.0000e+00,0.9687
2205.56,-8.18456414e-13,6.812361e-13,1.201342e-17,-5.5611071303e-13,0.0000e+00,0.9687
2206.13,-8.18900503e-13,6.814049e-13,1.187246e-17,-5.5622173534e-13,0.0000e+00,0.9687
2206.70,-8.18900503e-13,6.815332e-13,1.217785e-17,-5.5633275764e-13,0.0000e+00,0.9687
2207.28,-8.18900503e-13,6.817847e-13,1.251389e-17,-5.5699889145e-13,0.0000e+00,0.9687
2207.85,-8.16235968e-13,6.820293e-13,1.246982e-17,-5.5710991376e-13,0.0000e+00,0.9687
2208.42,-8.13349388e-13,6.822763e-13,1.216384e-17,-5.5722093606e-13,0.0000e+00,0.9687
2208.99,-8.13127343e-13,6.825791e-13,1.178211e-17,-5.5744298066e-13,0.0000e+00,0.9687
2209.56,-8.15347789e-13,6.828569e-13,1.155173e-17,-5.5766502527e-13,0.0000e+00,0.9687
2210.14,-8.20565838e-13,6.830979e-13,1.171600e-17,-5.5766502527e-13,0.0000e+00,0.9687
2210.71,-8.24007529e-13,6.833695e-13,1.172112e-17,-5.5788706987e-13,0.0000e+00,0.9687
2211.28,-8.23785484e-13,6.837229e-13,1.127550e-17,-5.5799809218e-13,0.0000e+00,0.9687
2211.85,-8.22120150e-13,6.840528e-13,1.115527e-17,-5.5855320369e-13,0.0000e+00,0.9687
2212.42,-8.19788681e-13,6.843967e-13,1.175203e-17,-5.5899729290e-13,0.0000e+00,0.9687
2213.00,-8.20454815e-13,6.847546e-13,1.209649e-17,-5.5921933750e-13,0.0000e+00,0.9687
2213.57,-8.24895707e-13,6.850103e-13,1.196580e-17,-5.5944138211e-13,0.0000e+00,0.9687
2214.14,-8.29447622e-13,6.852525e-13,1.160798e-17,-5.5977444902e-13,0.0000e+00,0.9687
2214.71,-8.31112956e-13,6.854997e-13,1.094670e-17,-5.6010751592e-13,0.0000e+00,0.9687
2215.28,-8.30557845e-13,6.856408e-13,1.030202e-17,-5.6021853823e-13,0.0000e+00,0.9687
2215.86,-8.30446822e-13,6.858327e-13,9.700377e-18,-5.6055160513e-13,0.0000e+00,0.9687
2216.43,-8.30446822e-13,6.860973e-13,9.173049e-18,-5.6066262744e-13,0.0000e+00,0.9687
2217.00,-8.32001135e-13,6.863539e-13,9.280928e-18,-5.6077364974e-13,0.0000e+00,0.9687
2217.57,-8.32001135e-13,6.866375e-13,1.037908e-17,-5.6066262744e-13,0.0000e+00,0.9687
2218.14,-8.28448421e-13,6.868940e-13,1.131762e-17,-5.6099569434e-13,0.0000e+00,0.9687
2218.72,-8.23341395e-13,6.871019e-13,1.090785e-17,-5.6121773895e-13,0.0000e+00,0.9687
2219.29,-8.18234369e-13,6.873157e-13,9.724115e-18,-5.6121773895e-13,0.0000e+00,0.9687
2219.86,-8.16680057e-13,6.874540e-13,8.546671e-18,-5.6143978355e-13,0.0000e+00,0.9687
2220.43,-8.18789481e-13,6.876343e-13,8.522955e-18,-5.6166182816e-13,0.0000e+00,0.9687
2221.00,-8.24118551e-13,6.878984e-13,8.856411e-18,-5.6177285046e-13,0.0000e+00,0.9687
2221.58,-8.25672863e-13,6.882094e-13,8.565325e-18,-5.6177285046e-13,0.0000e+00,0.9687
2222.15,-8.25228774e-13,6.885173e-13,8.081887e-18,-5.6199489507e-13,0.0000e+00,0.9687
2222.72,-8.25339797e-13,6.888169e-13,8.080993e-18,-5.6221693967e-13,0.0000e+00,0.9687
2223.29,-8.27227176e-13,6.890449e-13,8.190689e-18,-5.6243898428e-13,0.0000e+00,0.9687
2223.86,-8.29780689e-13,6.892707e-13,8.076559e-18,-5.6255000658e-13,0.0000e+00,0.9687
2224.44,-8.30890912e-13,6.894122e-13,7.818859e-18,-5.6255000658e-13,0.0000e+00,0.9687
2225.01,-8.30446822e-13,6.895005e-13,7.585486e-18,-5.6288307348e-13,0.0000e+00,0.9687
2225.58,-8.27893309e-13,6.896328e-13,7.327990e-18,-5.6310511809e-13,0.0000e+00,0.9687
2226.15,-8.25006730e-13,6.897712e-13,7.021346e-18,-5.6332716269e-13,0.0000e+00,0.9687
2226.72,-8.22453217e-13,6.900451e-13,6.560612e-18,-5.6310511809e-13,0.0000e+00,0.9687
2227.30,-8.22120150e-13,6.903144e-13,6.158569e-18,-5.6332716269e-13,0.0000e+00,0.9687
2227.87,-8.22786284e-13,6.906723e-13,5.698268e-18,-5.6343818500e-13,0.0000e+00,0.9687
2228.44,-8.24451618e-13,6.909236e-13,6.060784e-18,-5.6343818500e-13,0.0000e+00,0.9687
2229.01,-8.24895707e-13,6.911716e-13,6.689842e-18,-5.6377125190e-13,0.0000e+00,0.9687
2229.58,-8.24451618e-13,6.914328e-13,6.942016e-18,-5.6388227421e-13,0.0000e+00,0.9687
2230.16,-8.24118551e-13,6.916761e-13,6.388319e-18,-5.6388227421e-13,0.0000e+00,0.9687
2230.73,-8.25006730e-13,6.918787e-13,5.726833e-18,-5.6421534111e-13,0.0000e+00,0.9687
2231.30,-8.26894109e-13,6.921387e-13,5.626281e-18,-5.6443738572e-13,0.0000e+00,0.9687
2231.87,-8.29225577e-13,6.922865e-13,5.903416e-18,-5.6443738572e-13,0.0000e+00,0.9687
2232.44,-8.28892510e-13,6.922239e-13,6.507879e-18,-5.6443738572e-13,0.0000e+00,0.9687
2233.02,-8.28448421e-13,6.922202e-13,6.947359e-18,-5.6443738572e-13,0.0000e+00,0.9687
2233.59,-8.28448421e-13,6.922522e-13,7.181826e-18,-5.6443738572e-13,0.0000e+00,0.9687
2234.16,-8.28448421e-13,6.921687e-13,7.297118e-18,-5.6443738572e-13,0.0000e+00,0.9687
2234.73,-8.28559443e-13,6.923015e-13,7.206466e-18,-5.6477045263e-13,0.0000e+00,0.9687
2235.30,-8.28559443e-13,6.923485e-13,7.083728e-18,-5.6477045263e-13,0.0000e+00,0.9687
2235.88,-8.28559443e-13,6.924782e-13,7.126240e-18,-5.6477045263e-13,0.0000e+00,0.9687
2236.45,-8.28559443e-13,6.925952e-13,7.414174e-18,-5.6510351953e-13,0.0000e+00,0.9687
2237.02,-8.28559443e-13,6.927617e-13,7.895118e-18,-5.6510351953e-13,0.0000e+00,0.9687
2237.59,-8.28559443e-13,6.929810e-13,8.299285e-18,-5.6554760874e-13,0.0000e+00,0.9687
2238.16,-8.28559443e-13,6.931588e-13,8.440893e-18,-5.6576965335e-13,0.0000e+00,0.9687
2238.74,-8.28559443e-13,6.932973e-13,7.897476e-18,-5.6576965335e-13,0.0000e+00,0.9687
2239.31,-8.28559443e-13,6.934150e-13,7.538950e-18,-5.6599169795e-13,0.0000e+00,0.9687
2239.88,-8.28559443e-13,6.934808e-13,7.655419e-18,-5.6610272026e-13,0.0000e+00,0.9687
2240.45,-8.28559443e-13,6.935648e-13,7.405618e-18,-5.6610272026e-13,0.0000e+00,0.9687
2241.02,-8.28559443e-13,6.936321e-13,6.782525e-18,-5.6643578716e-13,0.0000e+00,0.9687
2241.60,-8.28559443e-13,6.937261e-13,6.040536e-18,-5.6654680947e-13,0.0000e+00,0.9687
2242.17,-8.28559443e-13,6.937953e-13,5.713873e-18,-5.6665783177e-13,0.0000e+00,0.9687
2242.74,-8.28559443e-13,6.938627e-13,5.713744e-18,-5.6665783177e-13,0.0000e+00,0.9687
2243.31,-8.30890912e-13,6.939279e-13,6.246514e-18,-5.6665783177e-13,0.0000e+00,0.9687
2243.88,-8.35553848e-13,6.939976e-13,6.688429e-18,-5.6687987637e-13,0.0000e+00,0.9687
2244.46,-8.40438830e-13,6.940835e-13,6.375419e-18,-5.6687987637e-13,0.0000e+00,0.9687
2245.03,-8.43658476e-13,6.941943e-13,6.168929e-18,-5.6687987637e-13,0.0000e+00,0.9687
2245.60,-8.43436432e-13,6.943762e-13,6.408876e-18,-5.6687987637e-13,0.0000e+00,0.9687
2246.17,-8.40882919e-13,6.945462e-13,7.114634e-18,-5.6699089868e-13,0.0000e+00,0.9687
2246.74,-8.36553049e-13,6.947326e-13,7.600354e-18,-5.6710192098e-13,0.0000e+00,0.9687
2247.32,-8.33777491e-13,6.948651e-13,7.403303e-18,-5.6710192098e-13,0.0000e+00,0.9687
2247.89,-8.35553848e-13,6.950306e-13,7.556529e-18,-5.6710192098e-13,0.0000e+00,0.9687
2248.46,-8.38884517e-13,6.951782e-13,7.992885e-18,-5.6732396558e-13,0.0000e+00,0.9687
2249.03,-8.39883718e-13,6.954039e-13,9.062469e-18,-5.6754601019e-13,0.0000e+00,0.9687
2249.60,-8.36553049e-13,6.955966e-13,9.546645e-18,-5.6776805479e-13,0.0000e+00,0.9687
2250.18,-8.31446023e-13,6.958642e-13,9.473265e-18,-5.6821214400e-13,0.0000e+00,0.9687
2250.75,-8.28781488e-13,6.960047e-13,8.871810e-18,-5.6821214400e-13,0.0000e+00,0.9687
2251.32,-8.30446822e-13,6.961482e-13,8.625003e-18,-5.6832316631e-13,0.0000e+00,0.9687
2251.89,-8.34110558e-13,6.963012e-13,8.432891e-18,-5.6843418861e-13,0.0000e+00,0.9687
2252.46,-8.35553848e-13,6.964650e-13,8.405630e-18,-5.6876725552e-13,0.0000e+00,0.9687
2253.04,-8.34887715e-13,6.967030e-13,8.953811e-18,-5.6921134473e-13,0.0000e+00,0.9687
2253.61,-8.34665670e-13,6.969072e-13,9.715329e-18,-5.6921134473e-13,0.0000e+00,0.9687
2254.18,-8.34332603e-13,6.971282e-13,9.893779e-18,-5.6965543394e-13,0.0000e+00,0.9687
2254.75,-8.34665670e-13,6.974096e-13,9.204874e-18,-5.6965543394e-13,0.0000e+00,0.9687
2255.32,-8.38218384e-13,6.976520e-13,8.279347e-18,-5.6998850084e-13,0.0000e+00,0.9687
2255.89,-8.43103365e-13,6.977945e-13,7.749042e-18,-5.6998850084e-13,0.0000e+00,0.9687
2256.47,-8.44102566e-13,6.978872e-13,7.532158e-18,-5.6998850084e-13,0.0000e+00,0.9687
2257.04,-8.40216785e-13,6.979739e-13,7.381227e-18,-5.6998850084e-13,0.0000e+00,0.9687
2257.61,-8.34998737e-13,6.981122e-13,6.637656e-18,-5.6998850084e-13,0.0000e+00,0.9687
2258.18,-8.30557845e-13,6.982938e-13,5.945855e-18,-5.7043259005e-13,0.0000e+00,0.9687
2258.75,-8.29447622e-13,6.984442e-13,5.881690e-18,-5.7054361235e-13,0.0000e+00,0.9687
2259.33,-8.33111358e-13,6.986158e-13,6.176935e-18,-5.7076565696e-13,0.0000e+00,0.9687
2259.90,-8.38773495e-13,6.987934e-13,6.331463e-18,-5.7076565696e-13,0.0000e+00,0.9687
2260.47,-8.43103365e-13,6.989860e-13,5.798059e-18,-5.7076565696e-13,0.0000e+00,0.9687
2261.04,-8.41327008e-13,6.991269e-13,5.134528e-18,-5.7109872387e-13,0.0000e+00,0.9687
2261.61,-8.38551450e-13,6.992581e-13,4.590411e-18,-5.7143179077e-13,0.0000e+00,0.9687
2262.19,-8.39439629e-13,6.994123e-13,4.561351e-18,-5.7154281308e-13,0.0000e+00,0.9687
2262.76,-8.44324610e-13,6.995644e-13,4.905274e-18,-5.7154281308e-13,0.0000e+00,0.9687
2263.33,-8.49098569e-13,6.997356e-13,5.361916e-18,-5.7187587998e-13,0.0000e+00,0.9687
2263.90,-8.49764703e-13,6.999014e-13,6.518023e-18,-5.7187587998e-13,0.0000e+00,0.9687
2264.47,-8.45656878e-13,7.000720e-13,7.267445e-18,-5.7198690229e-13,0.0000e+00,0.9687
2265.05,-8.40882919e-13,7.002445e-13,7.083606e-18,-5.7243099150e-13,0.0000e+00,0.9687
2265.62,-8.41327008e-13,7.003928e-13,7.054101e-18,-5.7254201380e-13,0.0000e+00,0.9687
2266.19,-8.47544257e-13,7.005338e-13,7.191759e-18,-5.7320814761e-13,0.0000e+00,0.9687
2266.76,-8.53317417e-13,7.007051e-13,7.243236e-18,-5.7331916992e-13,0.0000e+00,0.9687
2267.33,-8.53650484e-13,7.008967e-13,6.934703e-18,-5.7365223682e-13,0.0000e+00,0.9687
2267.91,-8.47544257e-13,7.011652e-13,6.961639e-18,-5.7365223682e-13,0.0000e+00,0.9687
2268.48,-8.39883718e-13,7.013570e-13,7.147711e-18,-5.7387428143e-13,0.0000e+00,0.9687
2269.05,-8.38551450e-13,7.015214e-13,7.460842e-18,-5.7420734834e-13,0.0000e+00,0.9687
2269.62,-8.42104164e-13,7.016664e-13,8.079255e-18,-5.7420734834e-13,0.0000e+00,0.9687
2270.19,-8.46989145e-13,7.018274e-13,8.991760e-18,-5.7420734834e-13,0.0000e+00,0.9687
2270.77,-8.49542658e-13,7.020230e-13,9.429424e-18,-5.7431837064e-13,0.0000e+00,0.9687
2271.34,-8.49431636e-13,7.022410e-13,1.005487e-17,-5.7465143755e-13,0.0000e+00,0.9687
2271.91,-8.47322212e-13,7.024011e-13,1.049991e-17,-5.7465143755e-13,0.0000e+00,0.9687
2272.48,-8.45323811e-13,7.025262e-13,1.048921e-17,-5.7476245985e-13,0.0000e+00,0.9687
2273.05,-8.43103365e-13,7.026696e-13,1.060339e-17,-5.7498450445e-13,0.0000e+00,0.9687
2273.63,-8.38440428e-13,7.028739e-13,1.101960e-17,-5.7498450445e-13,0.0000e+00,0.9687
2274.20,-8.35220781e-13,7.031020e-13,1.145925e-17,-5.7520654906e-13,0.0000e+00,0.9687
2274.77,-8.34665670e-13,7.033556e-13,1.207487e-17,-5.7542859366e-13,0.0000e+00,0.9687
2275.34,-8.41104963e-13,7.035955e-13,1.286177e-17,-5.7542859366e-13,0.0000e+00,0.9687
2275.91,-8.52429238e-13,7.038383e-13,1.368029e-17,-5.7565063827e-13,0.0000e+00,0.9687
2276.49,-8.61755112e-13,7.041161e-13,1.428641e-17,-5.7587268287e-13,0.0000e+00,0.9687
2277.06,-8.63420446e-13,7.043464e-13,1.456629e-17,-5.7587268287e-13,0.0000e+00,0.9687
2277.63,-8.58868532e-13,7.046266e-13,1.497663e-17,-5.7598370518e-13,0.0000e+00,0.9687
2278.20,-8.52096171e-13,7.048185e-13,1.545187e-17,-5.7642779439e-13,0.0000e+00,0.9687
2278.77,-8.47655279e-13,7.050304e-13,1.558294e-17,-5.7642779439e-13,0.0000e+00,0.9687
2279.35,-8.44990744e-13,7.052450e-13,1.551699e-17,-5.7642779439e-13,0.0000e+00,0.9687
2279.92,-8.43103365e-13,7.054747e-13,1.529866e-17,-5.7687188360e-13,0.0000e+00,0.9687
2280.49,-8.43436432e-13,7.057017e-13,1.530102e-17,-5.7687188360e-13,0.0000e+00,0.9687
2281.06,-8.43103365e-13,7.058810e-13,1.545872e-17,-5.7731597281e-13,0.0000e+00,0.9687
2281.63,-8.42992343e-13,7.060328e-13,1.555205e-17,-5.7720495050e-13,0.0000e+00,0.9687
2282.21,-8.44879722e-13,7.060872e-13,1.534449e-17,-5.7742699511e-13,0.0000e+00,0.9687
2282.78,-8.49542658e-13,7.061653e-13,1.524100e-17,-5.7742699511e-13,0.0000e+00,0.9687
2283.35,-8.53761506e-13,7.063331e-13,1.531242e-17,-5.7764903971e-13,0.0000e+00,0.9687
2283.92,-8.55648885e-13,7.066350e-13,1.534323e-17,-5.7776006201e-13,0.0000e+00,0.9687
2284.49,-8.55315818e-13,7.069977e-13,1.536369e-17,-5.7809312892e-13,0.0000e+00,0.9687
2285.07,-8.53095372e-13,7.074771e-13,1.540500e-17,-5.7853721813e-13,0.0000e+00,0.9687
2285.64,-8.52429238e-13,7.078846e-13,1.543066e-17,-5.7864824043e-13,0.0000e+00,0.9687
2286.21,-8.52429238e-13,7.079635e-13,1.501172e-17,-5.7875926274e-13,0.0000e+00,0.9687
2286.78,-8.52318216e-13,7.081771e-13,1.403278e-17,-5.7875926274e-13,0.0000e+00,0.9687
2287.35,-8.51985149e-13,7.083799e-13,1.333105e-17,-5.7898130734e-13,0.0000e+00,0.9687
2287.93,-8.51430038e-13,7.085856e-13,1.331898e-17,-5.7964744116e-13,0.0000e+00,0.9687
2288.50,-8.51430038e-13,7.087451e-13,1.398489e-17,-5.7964744116e-13,0.0000e+00,0.9687
2289.07,-8.51430038e-13,7.089094e-13,1.447982e-17,-5.7998050806e-13,0.0000e+00,0.9687
2289.64,-8.51430038e-13,7.090717e-13,1.466212e-17,-5.8009153037e-13,0.0000e+00,0.9687
2290.21,-8.51430038e-13,7.092288e-13,1.409292e-17,-5.8020255267e-13,0.0000e+00,0.9687
2290.79,-8.51430038e-13,7.093996e-13,1.292885e-17,-5.8042459727e-13,0.0000e+00,0.9687
2291.36,-8.50763904e-13,7.096050e-13,1.253549e-17,-5.8053561958e-13,0.0000e+00,0.9687
2291.93,-8.48432435e-13,7.098102e-13,1.241471e-17,-5.8064664188e-13,0.0000e+00,0.9687
2292.50,-8.47211190e-13,7.099758e-13,1.271209e-17,-5.8064664188e-13,0.0000e+00,0.9687
2293.07,-8.48099369e-13,7.101498e-13,1.313798e-17,-5.8064664188e-13,0.0000e+00,0.9687
2293.65,-8.51763104e-13,7.103407e-13,1.313255e-17,-5.8097970879e-13,0.0000e+00,0.9687
2294.22,-8.56648086e-13,7.105314e-13,1.255170e-17,-5.8109073109e-13,0.0000e+00,0.9687
2294.79,-8.61088978e-13,7.106539e-13,1.172324e-17,-5.8131277569e-13,0.0000e+00,0.9687
2295.36,-8.61977156e-13,7.108050e-13,1.111751e-17,-5.8142379800e-13,0.0000e+00,0.9687
2295.93,-8.60200799e-13,7.110707e-13,1.076670e-17,-5.8175686490e-13,0.0000e+00,0.9687
2296.51,-8.57758309e-13,7.113791e-13,1.051563e-17,-5.8175686490e-13,0.0000e+00,0.9687
2297.08,-8.54982751e-13,7.116924e-13,1.060774e-17,-5.8197890951e-13,0.0000e+00,0.9687
2297.65,-8.52762305e-13,7.119548e-13,1.055943e-17,-5.8231197642e-13,0.0000e+00,0.9687
2298.22,-8.53428439e-13,7.121900e-13,1.047655e-17,-5.8242299872e-13,0.0000e+00,0.9687
2298.79,-8.54871729e-13,7.123868e-13,1.000032e-17,-5.8264504332e-13,0.0000e+00,0.9687
2299.37,-8.56537063e-13,7.125584e-13,9.553246e-18,-5.8275606563e-13,0.0000e+00,0.9687
2299.94,-8.55870930e-13,7.127289e-13,9.155965e-18,-5.8286708793e-13,0.0000e+00,0.9687
2300.51,-8.55981952e-13,7.129430e-13,8.942778e-18,-5.8286708793e-13,0.0000e+00,0.9687
2301.08,-8.56981153e-13,7.132824e-13,8.731012e-18,-5.8308913253e-13,0.0000e+00,0.9687
2301.65,-8.59201599e-13,7.136217e-13,8.643423e-18,-5.8331117714e-13,0.0000e+00,0.9687
2302.23,-8.59534666e-13,7.138898e-13,8.466974e-18,-5.8331117714e-13,0.0000e+00,0.9687
2302.80,-8.58535465e-13,7.141002e-13,8.396586e-18,-5.8331117714e-13,0.0000e+00,0.9687
2303.37,-8.56203997e-13,7.142569e-13,8.533584e-18,-5.8331117714e-13,0.0000e+00,0.9687
2303.94,-8.55315818e-13,7.143699e-13,8.602363e-18,-5.8353322174e-13,0.0000e+00,0.9687
2304.51,-8.56315019e-13,7.144621e-13,8.463572e-18,-5.8364424405e-13,0.0000e+00,0.9687
2305.09,-8.55981952e-13,7.145072e-13,8.033831e-18,-5.8375526635e-13,0.0000e+00,0.9687
2305.66,-8.53428439e-13,7.145519e-13,7.897086e-18,-5.8419935556e-13,0.0000e+00,0.9687
2306.23,-8.50430837e-13,7.146242e-13,7.649706e-18,-5.8419935556e-13,0.0000e+00,0.9687
2306.80,-8.49875725e-13,7.147375e-13,7.041985e-18,-5.8419935556e-13,0.0000e+00,0.9687
2307.37,-8.52429238e-13,7.148942e-13,6.494190e-18,-5.8442140016e-13,0.0000e+00,0.9687
2307.95,-8.54094573e-13,7.151294e-13,6.112802e-18,-5.8453242247e-13,0.0000e+00,0.9687
2308.52,-8.54649684e-13,7.153535e-13,5.785135e-18,-5.8453242247e-13,0.0000e+00,0.9687
2309.09,-8.54094573e-13,7.156202e-13,5.690245e-18,-5.8464344477e-13,0.0000e+00,0.9687
2309.66,-8.55981952e-13,7.158571e-13,5.361799e-18,-5.8497651167e-13,0.0000e+00,0.9687
2310.23,-8.58535465e-13,7.161089e-13,5.063286e-18,-5.8486548937e-13,0.0000e+00,0.9687
2310.81,-8.59090576e-13,7.162856e-13,4.769760e-18,-5.8497651167e-13,0.0000e+00,0.9687
2311.38,-8.58091376e-13,7.164823e-13,4.656534e-18,-5.8508753398e-13,0.0000e+00,0.9687
2311.95,-8.55648885e-13,7.166174e-13,5.280565e-18,-5.8530957858e-13,0.0000e+00,0.9687
2312.52,-8.55315818e-13,7.166394e-13,6.481358e-18,-5.8530957858e-13,0.0000e+00,0.9687
2313.09,-8.55981952e-13,7.166052e-13,6.925794e-18,-5.8530957858e-13,0.0000e+00,0.9687
2313.67,-8.57314220e-13,7.165835e-13,7.069581e-18,-5.8542060088e-13,0.0000e+00,0.9687
2314.24,-8.56648086e-13,7.165400e-13,6.929159e-18,-5.8553162319e-13,0.0000e+00,0.9687
2314.81,-8.54316617e-13,7.165869e-13,6.872931e-18,-5.8553162319e-13,0.0000e+00,0.9687
2315.38,-8.52318216e-13,7.166802e-13,7.057018e-18,-5.8597571240e-13,0.0000e+00,0.9687
2315.95,-8.52651283e-13,7.168322e-13,6.832094e-18,-5.8619775700e-13,0.0000e+00,0.9687
2316.53,-8.52984350e-13,7.170527e-13,6.712335e-18,-5.8664184621e-13,0.0000e+00,0.9687
2317.10,-8.54316617e-13,7.173157e-13,6.511142e-18,-5.8664184621e-13,0.0000e+00,0.9687
2317.67,-8.55648885e-13,7.176223e-13,6.476413e-18,-5.8675286851e-13,0.0000e+00,0.9687
2318.24,-8.55981952e-13,7.179479e-13,6.114077e-18,-5.8675286851e-13,0.0000e+00,0.9687
2318.81,-8.57314220e-13,7.182595e-13,6.110548e-18,-5.8708593542e-13,0.0000e+00,0.9687
2319.38,-8.58757510e-13,7.185054e-13,6.608627e-18,-5.8708593542e-13,0.0000e+00,0.9687
2319.96,-8.59423643e-13,7.186632e-13,6.854966e-18,-5.8730798003e-13,0.0000e+00,0.9687
2320.53,-8.59090576e-13,7.187786e-13,6.634863e-18,-5.8764104693e-13,0.0000e+00,0.9687
2321.10,-8.59090576e-13,7.188771e-13,6.813366e-18,-5.8764104693e-13,0.0000e+00,0.9687
2321.67,-8.59201599e-13,7.189927e-13,7.044136e-18,-5.8797411384e-13,0.0000e+00,0.9687
2322.24,-8.59423643e-13,7.190925e-13,7.008580e-18,-5.8819615845e-13,0.0000e+00,0.9687
2322.82,-8.59423643e-13,7.192496e-13,6.987213e-18,-5.8808513614e-13,0.0000e+00,0.9687
2323.39,-8.59201599e-13,7.193244e-13,6.856033e-18,-5.8797411384e-13,0.0000e+00,0.9687
2323.96,-8.59534666e-13,7.194825e-13,6.896541e-18,-5.8819615845e-13,0.0000e+00,0.9687
2324.53,-8.61977156e-13,7.196022e-13,7.050415e-18,-5.8819615845e-13,0.0000e+00,0.9687
2325.10,-8.64641692e-13,7.197049e-13,7.094450e-18,-5.8841820305e-13,0.0000e+00,0.9687
2325.68,-8.65307825e-13,7.197889e-13,7.178163e-18,-5.8852922535e-13,0.0000e+00,0.9687
2326.25,-8.63642491e-13,7.198749e-13,7.301556e-18,-5.8875126996e-13,0.0000e+00,0.9687
2326.82,-8.61311023e-13,7.199746e-13,7.420150e-18,-5.8875126996e-13,0.0000e+00,0.9687
2327.39,-8.60977956e-13,7.201475e-13,7.710455e-18,-5.8897331456e-13,0.0000e+00,0.9687
2327.96,-8.60977956e-13,7.203397e-13,8.244134e-18,-5.8908433687e-13,0.0000e+00,0.9687
2328.54,-8.60977956e-13,7.206011e-13,8.416010e-18,-5.8919535917e-13,0.0000e+00,0.9687
2329.11,-8.60977956e-13,7.208597e-13,8.203399e-18,-5.8919535917e-13,0.0000e+00,0.9687
2329.68,-8.61755112e-13,7.211630e-13,7.623801e-18,-5.8941740377e-13,0.0000e+00,0.9687
2330.25,-8.63087379e-13,7.214561e-13,7.250058e-18,-5.8941740377e-13,0.0000e+00,0.9687
2330.82,-8.64197602e-13,7.216932e-13,7.281632e-18,-5.8952842608e-13,0.0000e+00,0.9687
2331.40,-8.61755112e-13,7.218865e-13,6.979741e-18,-5.8952842608e-13,0.0000e+00,0.9687
2331.97,-8.59090576e-13,7.220125e-13,6.785472e-18,-5.8986149298e-13,0.0000e+00,0.9687
2332.54,-8.56648086e-13,7.221832e-13,6.733360e-18,-5.8986149298e-13,0.0000e+00,0.9687
2333.11,-8.54649684e-13,7.223092e-13,6.681175e-18,-5.8986149298e-13,0.0000e+00,0.9687
2333.68,-8.54982751e-13,7.224103e-13,6.655781e-18,-5.9008353759e-13,0.0000e+00,0.9687
2334.26,-8.57758309e-13,7.224901e-13,6.688774e-18,-5.9041660450e-13,0.0000e+00,0.9687
2334.83,-8.60200799e-13,7.226184e-13,6.921335e-18,-5.9041660450e-13,0.0000e+00,0.9687
2335.40,-8.60533866e-13,7.227659e-13,6.691635e-18,-5.9041660450e-13,0.0000e+00,0.9687
2335.97,-8.60089777e-13,7.229181e-13,6.391929e-18,-5.9074967140e-13,0.0000e+00,0.9687
2336.54,-8.59756710e-13,7.230025e-13,5.983500e-18,-5.9074967140e-13,0.0000e+00,0.9687
2337.12,-8.61755112e-13,7.230659e-13,5.818392e-18,-5.9074967140e-13,0.0000e+00,0.9687
2337.69,-8.66862138e-13,7.231455e-13,6.272026e-18,-5.9074967140e-13,0.0000e+00,0.9687
2338.26,-8.70525874e-13,7.232150e-13,6.900249e-18,-5.9074967140e-13,0.0000e+00,0.9687
2338.83,-8.70525874e-13,7.233945e-13,7.620026e-18,-5.9086069371e-13,0.0000e+00,0.9687
2339.40,-8.67861338e-13,7.236493e-13,8.317677e-18,-5.9086069371e-13,0.0000e+00,0.9687
2339.98,-8.65196803e-13,7.238926e-13,8.241940e-18,-5.9119376061e-13,0.0000e+00,0.9687
2340.55,-8.65307825e-13,7.239056e-13,7.645944e-18,-5.9097171601e-13,0.0000e+00,0.9687
2341.12,-8.65973959e-13,7.240092e-13,7.611856e-18,-5.9130478292e-13,0.0000e+00,0.9687
2341.69,-8.65529870e-13,7.240551e-13,7.953355e-18,-5.9097171601e-13,0.0000e+00,0.9687
2342.26,-8.62754312e-13,7.241637e-13,8.109551e-18,-5.9097171601e-13,0.0000e+00,0.9687
2342.84,-8.60977956e-13,7.243157e-13,8.244148e-18,-5.9130478292e-13,0.0000e+00,0.9687
2343.41,-8.60755911e-13,7.245351e-13,8.232103e-18,-5.9141580522e-13,0.0000e+00,0.9687
2343.98,-8.62976357e-13,7.247290e-13,8.516305e-18,-5.9163784982e-13,0.0000e+00,0.9687
2344.55,-8.68860539e-13,7.248931e-13,8.884281e-18,-5.9174887213e-13,0.0000e+00,0.9687
2345.12,-8.73745520e-13,7.250316e-13,8.904154e-18,-5.9174887213e-13,0.0000e+00,0.9687
2345.70,-8.73301431e-13,7.251551e-13,9.517842e-18,-5.9174887213e-13,0.0000e+00,0.9687
2346.27,-8.68194405e-13,7.252766e-13,9.905938e-18,-5.9208193903e-13,0.0000e+00,0.9687
2346.84,-8.64530669e-13,7.253851e-13,9.235581e-18,-5.9208193903e-13,0.0000e+00,0.9687
2347.41,-8.64863736e-13,7.254980e-13,8.385334e-18,-5.9252602824e-13,0.0000e+00,0.9687
2347.98,-8.65196803e-13,7.256184e-13,8.251361e-18,-5.9297011745e-13,0.0000e+00,0.9687
2348.56,-8.66640093e-13,7.257985e-13,7.826717e-18,-5.9308113975e-13,0.0000e+00,0.9687
2349.13,-8.66640093e-13,7.259832e-13,8.228605e-18,-5.9308113975e-13,0.0000e+00,0.9687
2349.70,-8.66640093e-13,7.261365e-13,8.253997e-18,-5.9341420666e-13,0.0000e+00,0.9687
2350.27,-8.66640093e-13,7.263107e-13,7.990345e-18,-5.9363625127e-13,0.0000e+00,0.9687
2350.84,-8.66640093e-13,7.264995e-13,8.115353e-18,-5.9363625127e-13,0.0000e+00,0.9687
2351.42,-8.66640093e-13,7.267193e-13,7.966343e-18,-5.9396931817e-13,0.0000e+00,0.9687
2351.99,-8.65529870e-13,7.270264e-13,7.562934e-18,-5.9408034048e-13,0.0000e+00,0.9687
2352.56,-8.62421246e-13,7.273116e-13,7.412044e-18,-5.9452442969e-13,0.0000e+00,0.9687
2353.13,-8.59423643e-13,7.275453e-13,7.671168e-18,-5.9474647429e-13,0.0000e+00,0.9687
2353.70,-8.60422844e-13,7.278221e-13,7.844050e-18,-5.9496851890e-13,0.0000e+00,0.9687
2354.28,-8.63087379e-13,7.280844e-13,7.696258e-18,-5.9530158580e-13,0.0000e+00,0.9687
2354.85,-8.64974758e-13,7.283451e-13,7.405839e-18,-5.9530158580e-13,0.0000e+00,0.9687
2355.42,-8.64863736e-13,7.286398e-13,7.650748e-18,-5.9563465271e-13,0.0000e+00,0.9687
2355.99,-8.64197602e-13,7.289228e-13,8.038254e-18,-5.9574567501e-13,0.0000e+00,0.9687
2356.56,-8.65529870e-13,7.291637e-13,8.531390e-18,-5.9618976422e-13,0.0000e+00,0.9687
2357.14,-8.68083383e-13,7.293073e-13,9.035378e-18,-5.9630078653e-13,0.0000e+00,0.9687
2357.71,-8.69082584e-13,7.294440e-13,9.614304e-18,-5.9630078653e-13,0.0000e+00,0.9687
2358.28,-8.69859740e-13,7.295688e-13,1.031925e-17,-5.9652283113e-13,0.0000e+00,0.9687
2358.85,-8.70525874e-13,7.296988e-13,1.107140e-17,-5.9674487574e-13,0.0000e+00,0.9687
2359.42,-8.70414851e-13,7.298648e-13,1.158805e-17,-5.9674487574e-13,0.0000e+00,0.9687
2360.00,-8.70414851e-13,7.301148e-13,1.170134e-17,-5.9696692034e-13,0.0000e+00,0.9687
2360.57,-8.71969164e-13,7.304003e-13,1.162648e-17,-5.9741100955e-13,0.0000e+00,0.9687
2361.14,-8.75965966e-13,7.307207e-13,1.159931e-17,-5.9752203185e-13,0.0000e+00,0.9687
2361.71,-8.80406859e-13,7.310717e-13,1.180661e-17,-5.9763305416e-13,0.0000e+00,0.9687
2362.28,-8.81072992e-13,7.314044e-13,1.234604e-17,-5.9774407646e-13,0.0000e+00,0.9687
2362.86,-8.74966766e-13,7.317784e-13,1.295617e-17,-5.9796612106e-13,0.0000e+00,0.9687
2363.43,-8.65196803e-13,7.320735e-13,1.312319e-17,-5.9807714337e-13,0.0000e+00,0.9687
2364.00,-8.58202398e-13,7.322914e-13,1.289846e-17,-5.9818816567e-13,0.0000e+00,0.9687
2364.57,-8.58202398e-13,7.324229e-13,1.260562e-17,-5.9852123258e-13,0.0000e+00,0.9687
2365.14,-8.67195205e-13,7.325786e-13,1.218197e-17,-5.9863225488e-13,0.0000e+00,0.9687
2365.72,-8.81295037e-13,7.327255e-13,1.220342e-17,-5.9885429948e-13,0.0000e+00,0.9687
2366.29,-8.92397267e-13,7.328229e-13,1.269794e-17,-5.9896532179e-13,0.0000e+00,0.9687
2366.86,-8.95172825e-13,7.329756e-13,1.338950e-17,-5.9929838869e-13,0.0000e+00,0.9687
2367.43,-8.90398866e-13,7.331988e-13,1.412815e-17,-5.9940941100e-13,0.0000e+00,0.9687
2368.00,-8.81961171e-13,7.335143e-13,1.442292e-17,-5.9940941100e-13,0.0000e+00,0.9687
2368.58,-8.76299033e-13,7.338835e-13,1.396149e-17,-5.9985350020e-13,0.0000e+00,0.9687
2369.15,-8.75965966e-13,7.342762e-13,1.337657e-17,-5.9996452251e-13,0.0000e+00,0.9687
2369.72,-8.76965167e-13,7.346915e-13,1.308949e-17,-6.0018656711e-13,0.0000e+00,0.9687
2370.29,-8.76188011e-13,7.351203e-13,1.303329e-17,-5.9996452251e-13,0.0000e+00,0.9687
2370.86,-8.72080186e-13,7.354428e-13,1.337119e-17,-6.0018656711e-13,0.0000e+00,0.9687
2371.44,-8.68749517e-13,7.356576e-13,1.386779e-17,-6.0018656711e-13,0.0000e+00,0.9687
2372.01,-8.68083383e-13,7.357089e-13,1.433435e-17,-6.0029758941e-13,0.0000e+00,0.9687
2372.58,-8.70081784e-13,7.358920e-13,1.497165e-17,-6.0029758941e-13,0.0000e+00,0.9687
2373.15,-8.72413253e-13,7.360661e-13,1.535315e-17,-6.0040861172e-13,0.0000e+00,0.9687
2373.72,-8.72080186e-13,7.363270e-13,1.566249e-17,-6.0085270093e-13,0.0000e+00,0.9687
2374.30,-8.71747119e-13,7.365267e-13,1.590548e-17,-6.0118576783e-13,0.0000e+00,0.9687
2374.87,-8.71747119e-13,7.367258e-13,1.593410e-17,-6.0129679014e-13,0.0000e+00,0.9687
2375.44,-8.71969164e-13,7.368995e-13,1.627395e-17,-6.0151883474e-13,0.0000e+00,0.9687
2376.01,-8.72968364e-13,7.370748e-13,1.635801e-17,-6.0162985704e-13,0.0000e+00,0.9687
2376.58,-8.72746320e-13,7.372639e-13,1.613517e-17,-6.0196292395e-13,0.0000e+00,0.9687
2377.16,-8.69748717e-13,7.374143e-13,1.601528e-17,-6.0196292395e-13,0.0000e+00,0.9687
2377.73,-8.65640892e-13,7.375651e-13,1.626552e-17,-6.0218496856e-13,0.0000e+00,0.9687
2378.30,-8.65973959e-13,7.377470e-13,1.666041e-17,-6.0218496856e-13,0.0000e+00,0.9687
2378.87,-8.70192807e-13,7.380353e-13,1.687273e-17,-6.0251803546e-13,0.0000e+00,0.9687
2379.44,-8.75188810e-13,7.382441e-13,1.669429e-17,-6.0285110237e-13,0.0000e+00,0.9687
2380.01,-8.76965167e-13,7.384834e-13,1.597660e-17,-6.0285110237e-13,0.0000e+00,0.9687
2380.59,-8.76965167e-13,7.386554e-13,1.537016e-17,-6.0340621388e-13,0.0000e+00,0.9687
2381.16,-8.77187212e-13,7.388206e-13,1.542953e-17,-6.0351723619e-13,0.0000e+00,0.9687
2381.73,-8.77409256e-13,7.390972e-13,1.552425e-17,-6.0351723619e-13,0.0000e+00,0.9687
2382.30,-8.75632900e-13,7.393467e-13,1.556194e-17,-6.0396132540e-13,0.0000e+00,0.9687
2382.87,-8.73301431e-13,7.395997e-13,1.572553e-17,-6.0396132540e-13,0.0000e+00,0.9687
2383.45,-8.72302230e-13,7.397876e-13,1.542468e-17,-6.0396132540e-13,0.0000e+00,0.9687
2384.02,-8.72302230e-13,7.399558e-13,1.457260e-17,-6.0429439230e-13,0.0000e+00,0.9687
2384.59,-8.73079387e-13,7.401700e-13,1.415761e-17,-6.0440541461e-13,0.0000e+00,0.9687
2385.16,-8.72080186e-13,7.404568e-13,1.452983e-17,-6.0473848151e-13,0.0000e+00,0.9687
2385.73,-8.69082584e-13,7.407605e-13,1.496120e-17,-6.0507154842e-13,0.0000e+00,0.9687
2386.31,-8.66529071e-13,7.410118e-13,1.409197e-17,-6.0518257072e-13,0.0000e+00,0.9687
2386.88,-8.65862937e-13,7.412146e-13,1.269567e-17,-6.0529359303e-13,0.0000e+00,0.9687
2387.45,-8.69193606e-13,7.413699e-13,1.141524e-17,-6.0551563763e-13,0.0000e+00,0.9687
2388.02,-8.74633699e-13,7.415957e-13,1.074205e-17,-6.0551563763e-13,0.0000e+00,0.9687
2388.59,-8.78075390e-13,7.417714e-13,1.037103e-17,-6.0551563763e-13,0.0000e+00,0.9687
2389.17,-8.76632100e-13,7.420125e-13,1.026261e-17,-6.0562665993e-13,0.0000e+00,0.9687
2389.74,-8.73301431e-13,7.422309e-13,1.046317e-17,-6.0607074914e-13,0.0000e+00,0.9687
2390.31,-8.71303030e-13,7.424499e-13,1.078035e-17,-6.0618177145e-13,0.0000e+00,0.9687
2390.88,-8.71636097e-13,7.426135e-13,1.106122e-17,-6.0662586066e-13,0.0000e+00,0.9687
2391.45,-8.74855743e-13,7.428011e-13,1.140115e-17,-6.0662586066e-13,0.0000e+00,0.9687
2392.03,-8.79185613e-13,7.430395e-13,1.157435e-17,-6.0695892756e-13,0.0000e+00,0.9687
2392.60,-8.81406059e-13,7.433280e-13,1.188320e-17,-6.0706994987e-13,0.0000e+00,0.9687
2393.17,-8.81406059e-13,7.436280e-13,1.199392e-17,-6.0740301677e-13,0.0000e+00,0.9687
2393.74,-8.80073792e-13,7.439367e-13,1.155514e-17,-6.0762506138e-13,0.0000e+00,0.9687
2394.31,-8.78186412e-13,7.442389e-13,1.125295e-17,-6.0795812828e-13,0.0000e+00,0.9687
2394.89,-8.78186412e-13,7.445320e-13,1.093476e-17,-6.0806915059e-13,0.0000e+00,0.9687
2395.46,-8.79185613e-13,7.447991e-13,1.074813e-17,-6.0806915059e-13,0.0000e+00,0.9687
2396.03,-8.80628903e-13,7.450872e-13,1.071340e-17,-6.0840221749e-13,0.0000e+00,0.9687
2396.60,-8.81739126e-13,7.454039e-13,1.080031e-17,-6.0873528440e-13,0.0000e+00,0.9687
2397.17,-8.81628104e-13,7.456713e-13,1.103748e-17,-6.0884630670e-13,0.0000e+00,0.9687
2397.75,-8.78852546e-13,7.460203e-13,1.061205e-17,-6.0884630670e-13,0.0000e+00,0.9687
2398.32,-8.76299033e-13,7.462732e-13,9.946670e-18,-6.0917937361e-13,0.0000e+00,0.9687
2398.89,-8.75854944e-13,7.464805e-13,9.606760e-18,-6.0929039591e-13,0.0000e+00,0.9687
2399.46,-8.75854944e-13,7.467574e-13,9.743839e-18,-6.0929039591e-13,0.0000e+00,0.9687
2400.03,-8.75854944e-13,7.470168e-13,9.900206e-18,-6.0940141822e-13,0.0000e+00,0.9687
2400.61,-8.76965167e-13,7.472650e-13,9.918776e-18,-6.0940141822e-13,0.0000e+00,0.9687
2401.18,-8.78741524e-13,7.474623e-13,9.767831e-18,-6.0973448512e-13,0.0000e+00,0.9687
2401.75,-8.79851747e-13,7.475986e-13,9.512986e-18,-6.0984550743e-13,0.0000e+00,0.9687
2402.32,-8.80406859e-13,7.476948e-13,8.995381e-18,-6.1006755203e-13,0.0000e+00,0.9687
2402.89,-8.80628903e-13,7.476823e-13,8.247900e-18,-6.1006755203e-13,0.0000e+00,0.9687
2403.47,-8.80184814e-13,7.476911e-13,7.393748e-18,-6.1051164124e-13,0.0000e+00,0.9687
2404.04,-8.80184814e-13,7.477060e-13,7.269564e-18,-6.1062266354e-13,0.0000e+00,0.9687
2404.61,-8.81739126e-13,7.477242e-13,7.887066e-18,-6.1095573045e-13,0.0000e+00,0.9687
2405.18,-8.85957974e-13,7.478206e-13,7.459668e-18,-6.1095573045e-13,0.0000e+00,0.9687
2405.75,-8.91287044e-13,7.480188e-13,7.685869e-18,-6.1106675275e-13,0.0000e+00,0.9687
2406.33,-8.94617713e-13,7.482085e-13,7.941960e-18,-6.1139981966e-13,0.0000e+00,0.9687
2406.90,-8.92397267e-13,7.483634e-13,8.226329e-18,-6.1139981966e-13,0.0000e+00,0.9687
2407.47,-8.88733531e-13,7.485121e-13,8.605113e-18,-6.1151084196e-13,0.0000e+00,0.9687
2408.04,-8.85513884e-13,7.486317e-13,8.674798e-18,-6.1184390887e-13,0.0000e+00,0.9687
2408.61,-8.85513884e-13,7.486748e-13,8.642239e-18,-6.1162186427e-13,0.0000e+00,0.9687
2409.19,-8.86513085e-13,7.487662e-13,8.679150e-18,-6.1162186427e-13,0.0000e+00,0.9687
2409.76,-8.86846152e-13,7.488213e-13,8.809843e-18,-6.1195493117e-13,0.0000e+00,0.9687
2410.33,-8.86846152e-13,7.489503e-13,9.048707e-18,-6.1239902038e-13,0.0000e+00,0.9687
2410.90,-8.86846152e-13,7.490835e-13,9.717618e-18,-6.1251004269e-13,0.0000e+00,0.9687
2411.47,-8.86846152e-13,7.492117e-13,1.046951e-17,-6.1251004269e-13,0.0000e+00,0.9687
2412.05,-8.87068197e-13,7.492934e-13,1.089113e-17,-6.1251004269e-13,0.0000e+00,0.9687
2412.62,-8.86846152e-13,7.493613e-13,1.085587e-17,-6.1284310959e-13,0.0000e+00,0.9687
2413.19,-8.86846152e-13,7.494955e-13,1.059136e-17,-6.1295413190e-13,0.0000e+00,0.9687
2413.76,-8.86846152e-13,7.496507e-13,1.022782e-17,-6.1295413190e-13,0.0000e+00,0.9687
2414.33,-8.87068197e-13,7.498747e-13,9.855856e-18,-6.1328719880e-13,0.0000e+00,0.9687
2414.91,-8.87512286e-13,7.500719e-13,9.723988e-18,-6.1328719880e-13,0.0000e+00,0.9687
2415.48,-8.89177620e-13,7.503017e-13,9.980803e-18,-6.1362026571e-13,0.0000e+00,0.9687
2416.05,-8.90065799e-13,7.504688e-13,1.051832e-17,-6.1362026571e-13,0.0000e+00,0.9687
2416.62,-8.89843754e-13,7.505652e-13,1.080767e-17,-6.1373128801e-13,0.0000e+00,0.9687
2417.19,-8.89843754e-13,7.506431e-13,1.085014e-17,-6.1373128801e-13,0.0000e+00,0.9687
2417.77,-8.89843754e-13,7.507245e-13,1.058094e-17,-6.1406435492e-13,0.0000e+00,0.9687
2418.34,-8.90065799e-13,7.509180e-13,1.020822e-17,-6.1373128801e-13,0.0000e+00,0.9687
2418.91,-8.91287044e-13,7.510611e-13,1.006372e-17,-6.1406435492e-13,0.0000e+00,0.9687
2419.48,-8.92730334e-13,7.511797e-13,1.011713e-17,-6.1406435492e-13,0.0000e+00,0.9687
2420.05,-8.93618513e-13,7.513168e-13,1.057138e-17,-6.1450844413e-13,0.0000e+00,0.9687
2420.63,-8.92952379e-13,7.514731e-13,1.067654e-17,-6.1450844413e-13,0.0000e+00,0.9687
2421.20,-8.92619312e-13,7.516250e-13,1.053930e-17,-6.1450844413e-13,0.0000e+00,0.9687
2421.77,-8.93396468e-13,7.517586e-13,1.044025e-17,-6.1461946643e-13,0.0000e+00,0.9687
2422.34,-8.94839758e-13,7.520239e-13,1.049814e-17,-6.1461946643e-13,0.0000e+00,0.9687
2422.91,-8.94839758e-13,7.523226e-13,1.039727e-17,-6.1517457794e-13,0.0000e+00,0.9687
2423.49,-8.94839758e-13,7.525894e-13,1.020063e-17,-6.1550764485e-13,0.0000e+00,0.9687
2424.06,-8.94839758e-13,7.527655e-13,1.005582e-17,-6.1561866715e-13,0.0000e+00,0.9687
2424.63,-8.95172825e-13,7.530182e-13,9.688157e-18,-6.1561866715e-13,0.0000e+00,0.9687
2425.20,-8.96172025e-13,7.532766e-13,9.266486e-18,-6.1572968946e-13,0.0000e+00,0.9687
2425.77,-8.96838159e-13,7.534229e-13,8.889369e-18,-6.1606275636e-13,0.0000e+00,0.9687
2426.35,-8.95172825e-13,7.534835e-13,8.608916e-18,-6.1617377867e-13,0.0000e+00,0.9687
2426.92,-8.94173624e-13,7.537128e-13,8.392280e-18,-6.1650684557e-13,0.0000e+00,0.9687
2427.49,-8.94173624e-13,7.539110e-13,8.233262e-18,-6.1650684557e-13,0.0000e+00,0.9687
2428.06,-8.95172825e-13,7.540754e-13,8.135597e-18,-6.1617377867e-13,0.0000e+00,0.9687
2428.63,-8.96505092e-13,7.542831e-13,8.240533e-18,-6.1650684557e-13,0.0000e+00,0.9687
2429.21,-8.97504293e-13,7.547023e-13,8.588415e-18,-6.1683991248e-13,0.0000e+00,0.9687
2429.78,-8.95838959e-13,7.551771e-13,8.990803e-18,-6.1683991248e-13,0.0000e+00,0.9687
2430.35,-8.91065000e-13,7.556180e-13,8.539480e-18,-6.1683991248e-13,0.0000e+00,0.9687
2430.92,-8.86624107e-13,7.559542e-13,7.945490e-18,-6.1706195709e-13,0.0000e+00,0.9687
2431.49,-8.86291041e-13,7.562301e-13,7.306393e-18,-6.1728400169e-13,0.0000e+00,0.9687
2432.07,-8.88067397e-13,7.564527e-13,6.526549e-18,-6.1772809090e-13,0.0000e+00,0.9687
2432.64,-8.91065000e-13,7.561032e-13,5.604851e-18,-6.1750604630e-13,0.0000e+00,0.9687
2433.21,-8.91398066e-13,7.562007e-13,5.761017e-18,-6.1783911320e-13,0.0000e+00,0.9687
2433.78,-8.91398066e-13,7.563741e-13,6.140245e-18,-6.1795013551e-13,0.0000e+00,0.9687
2434.35,-8.93618513e-13,7.566037e-13,6.212263e-18,-6.1795013551e-13,0.0000e+00,0.9687
2434.93,-8.95838959e-13,7.568162e-13,6.070738e-18,-6.1828320241e-13,0.0000e+00,0.9687
2435.50,-8.95838959e-13,7.570633e-13,6.039662e-18,-6.1828320241e-13,0.0000e+00,0.9687
2436.07,-8.93840557e-13,7.573232e-13,6.288621e-18,-6.1828320241e-13,0.0000e+00,0.9687
2436.64,-8.91065000e-13,7.568022e-13,7.059928e-18,-6.1839422472e-13,0.0000e+00,0.9687
2437.21,-8.88511487e-13,7.568194e-13,7.735159e-18,-6.1906035853e-13,0.0000e+00,0.9687
2437.79,-8.87845353e-13,7.569789e-13,8.298785e-18,-6.1906035853e-13,0.0000e+00,0.9687
2438.36,-8.88511487e-13,7.572612e-13,8.456557e-18,-6.1917138083e-13,0.0000e+00,0.9687
2438.93,-8.91398066e-13,7.574793e-13,8.086244e-18,-6.1950444774e-13,0.0000e+00,0.9687
2439.50,-8.92064200e-13,7.577024e-13,7.623865e-18,-6.1950444774e-13,0.0000e+00,0.9687
2440.07,-8.94506691e-13,7.578748e-13,7.858681e-18,-6.1950444774e-13,0.0000e+00,0.9687
2440.64,-8.99502695e-13,7.580360e-13,8.621797e-18,-6.2005955925e-13,0.0000e+00,0.9687
2441.22,-9.01945185e-13,7.581650e-13,9.700423e-18,-6.2005955925e-13,0.0000e+00,0.9687
2441.79,-9.00945984e-13,7.583658e-13,1.035361e-17,-6.2039262616e-13,0.0000e+00,0.9687
2442.36,-8.98170427e-13,7.585705e-13,1.005178e-17,-6.2050364846e-13,0.0000e+00,0.9687
2442.93,-8.97393271e-13,7.587574e-13,9.305237e-18,-6.2061467077e-13,0.0000e+00,0.9687
2443.50,-8.99169628e-13,7.589512e-13,9.111934e-18,-6.2083671537e-13,0.0000e+00,0.9687
2444.08,-9.01612118e-13,7.591827e-13,9.552971e-18,-6.2105875998e-13,0.0000e+00,0.9687
2444.65,-9.03610520e-13,7.593341e-13,1.048005e-17,-6.2105875998e-13,0.0000e+00,0.9687
2445.22,-9.03943587e-13,7.595436e-13,1.130025e-17,-6.2105875998e-13,0.0000e+00,0.9687
2445.79,-9.03943587e-13,7.598448e-13,1.151798e-17,-6.2172489379e-13,0.0000e+00,0.9687
2446.36,-9.02722341e-13,7.601983e-13,1.177712e-17,-6.2172489379e-13,0.0000e+00,0.9687
2446.94,-9.00057806e-13,7.605463e-13,1.199867e-17,-6.2183591609e-13,0.0000e+00,0.9687
2447.51,-8.99391672e-13,7.608645e-13,1.244382e-17,-6.2194693840e-13,0.0000e+00,0.9687
2448.08,-9.00279851e-13,7.612495e-13,1.256621e-17,-6.2272409451e-13,0.0000e+00,0.9687
2448.65,-9.02389274e-13,7.615414e-13,1.260884e-17,-6.2272409451e-13,0.0000e+00,0.9687
2449.22,-9.04609720e-13,7.618522e-13,1.279575e-17,-6.2305716142e-13,0.0000e+00,0.9687
2449.80,-9.03499497e-13,7.620803e-13,1.255497e-17,-6.2327920602e-13,0.0000e+00,0.9687
2450.37,-8.98503494e-13,7.622261e-13,1.195027e-17,-6.2327920602e-13,0.0000e+00,0.9687
2450.94,-8.91287044e-13,7.624040e-13,1.163409e-17,-6.2361227293e-13,0.0000e+00,0.9687
2451.51,-8.86624107e-13,7.625397e-13,1.159682e-17,-6.2394533984e-13,0.0000e+00,0.9687
2452.08,-8.88400464e-13,7.627362e-13,1.188906e-17,-6.2438942905e-13,0.0000e+00,0.9687
2452.66,-8.93618513e-13,7.629917e-13,1.229015e-17,-6.2450045135e-13,0.0000e+00,0.9687
2453.23,-8.97504293e-13,7.632501e-13,1.291970e-17,-6.2494454056e-13,0.0000e+00,0.9687
2453.80,-8.97726338e-13,7.635559e-13,1.373582e-17,-6.2505556286e-13,0.0000e+00,0.9687
2454.37,-8.97504293e-13,7.639072e-13,1.423863e-17,-6.2505556286e-13,0.0000e+00,0.9687
2454.94,-8.97504293e-13,7.642585e-13,1.413454e-17,-6.2549965207e-13,0.0000e+00,0.9687
2455.52,-8.97726338e-13,7.645725e-13,1.310251e-17,-6.2561067438e-13,0.0000e+00,0.9687
2456.09,-8.97726338e-13,7.648455e-13,1.198845e-17,-6.2594374128e-13,0.0000e+00,0.9687
2456.66,-8.97726338e-13,7.651591e-13,1.126764e-17,-6.2594374128e-13,0.0000e+00,0.9687
2457.23,-8.97726338e-13,7.655050e-13,1.098594e-17,-6.2605476359e-13,0.0000e+00,0.9687
2457.80,-8.97837360e-13,7.659609e-13,1.078223e-17,-6.2605476359e-13,0.0000e+00,0.9687
2458.38,-8.97726338e-13,7.664048e-13,1.049764e-17,-6.2649885280e-13,0.0000e+00,0.9687
2458.95,-8.96838159e-13,7.667919e-13,1.046532e-17,-6.2649885280e-13,0.0000e+00,0.9687
2459.52,-8.93840557e-13,7.671283e-13,1.049204e-17,-6.2694294201e-13,0.0000e+00,0.9687
2460.09,-8.91398066e-13,7.674184e-13,1.020198e-17,-6.2716498661e-13,0.0000e+00,0.9687
2460.66,-8.93840557e-13,7.676298e-13,1.005095e-17,-6.2727600891e-13,0.0000e+00,0.9687
2461.24,-8.99391672e-13,7.677570e-13,9.913059e-18,-6.2760907582e-13,0.0000e+00,0.9687
2461.81,-9.05164832e-13,7.677608e-13,9.739521e-18,-6.2760907582e-13,0.0000e+00,0.9687
2462.38,-9.07052211e-13,7.677869e-13,9.455105e-18,-6.2772009812e-13,0.0000e+00,0.9687
2462.95,-9.04831765e-13,7.678254e-13,9.005960e-18,-6.2816418733e-13,0.0000e+00,0.9687
2463.52,-9.01279051e-13,7.678995e-13,8.603313e-18,-6.2816418733e-13,0.0000e+00,0.9687
2464.10,-8.98836561e-13,7.680369e-13,8.500964e-18,-6.2816418733e-13,0.0000e+00,0.9687
2464.67,-8.98836561e-13,7.682687e-13,8.569321e-18,-6.2827520964e-13,0.0000e+00,0.9687
2465.24,-8.99724739e-13,7.684918e-13,8.726798e-18,-6.2827520964e-13,0.0000e+00,0.9687
2465.81,-9.00945984e-13,7.688005e-13,8.788410e-18,-6.2849725424e-13,0.0000e+00,0.9687
2466.38,-9.01723141e-13,7.691043e-13,8.439177e-18,-6.2849725424e-13,0.0000e+00,0.9687
2466.96,-9.02944386e-13,7.693235e-13,8.062843e-18,-6.2871929885e-13,0.0000e+00,0.9687
2467.53,-9.03610520e-13,7.695010e-13,7.898779e-18,-6.2894134345e-13,0.0000e+00,0.9687
2468.10,-9.03610520e-13,7.696947e-13,7.799357e-18,-6.2905236575e-13,0.0000e+00,0.9687
2468.67,-9.03610520e-13,7.698869e-13,7.512770e-18,-6.2894134345e-13,0.0000e+00,0.9687
2469.24,-9.01390074e-13,7.700431e-13,7.204254e-18,-6.2905236575e-13,0.0000e+00,0.9687
2469.82,-8.98836561e-13,7.701374e-13,6.913365e-18,-6.2916338806e-13,0.0000e+00,0.9687
2470.39,-8.98170427e-13,7.702433e-13,6.616088e-18,-6.2916338806e-13,0.0000e+00,0.9687
2470.96,-8.99835761e-13,7.703390e-13,6.711669e-18,-6.2938543266e-13,0.0000e+00,0.9687
2471.53,-8.99835761e-13,7.704346e-13,7.211752e-18,-6.2982952187e-13,0.0000e+00,0.9687
2472.10,-8.99835761e-13,7.705479e-13,7.343940e-18,-6.2982952187e-13,0.0000e+00,0.9687
2472.68,-8.99835761e-13,7.707330e-13,7.121358e-18,-6.2982952187e-13,0.0000e+00,0.9687
2473.25,-8.99835761e-13,7.709093e-13,6.822417e-18,-6.2982952187e-13,0.0000e+00,0.9687
2473.82,-8.99835761e-13,7.710808e-13,6.541625e-18,-6.2982952187e-13,0.0000e+00,0.9687
2474.39,-9.01279051e-13,7.712443e-13,6.067011e-18,-6.2982952187e-13,0.0000e+00,0.9687
2474.96,-9.01279051e-13,7.713256e-13,5.767231e-18,-6.3005156647e-13,0.0000e+00,0.9687
2475.54,-9.00945984e-13,7.713498e-13,5.522037e-18,-6.3005156647e-13,0.0000e+00,0.9687
2476.11,-9.00612918e-13,7.714209e-13,5.442726e-18,-6.3005156647e-13,0.0000e+00,0.9687
2476.68,-9.02389274e-13,7.714937e-13,5.488153e-18,-6.3027361108e-13,0.0000e+00,0.9687
2477.25,-9.04609720e-13,7.715429e-13,5.387500e-18,-6.3038463338e-13,0.0000e+00,0.9687
2477.82,-9.07385278e-13,7.715782e-13,5.230173e-18,-6.3038463338e-13,0.0000e+00,0.9687
2478.40,-9.08828568e-13,7.716185e-13,5.018449e-18,-6.3071770029e-13,0.0000e+00,0.9687
2478.97,-9.09383679e-13,7.716935e-13,5.033422e-18,-6.3071770029e-13,0.0000e+00,0.9687
2479.54,-9.07829367e-13,7.717934e-13,5.118998e-18,-6.3071770029e-13,0.0000e+00,0.9687
2480.11,-9.05275854e-13,7.718509e-13,5.267355e-18,-6.3071770029e-13,0.0000e+00,0.9687
2480.68,-9.04609720e-13,7.719538e-13,5.427092e-18,-6.3071770029e-13,0.0000e+00,0.9687
2481.26,-9.07052211e-13,7.720426e-13,5.465765e-18,-6.3071770029e-13,0.0000e+00,0.9687
2481.83,-9.09383679e-13,7.721331e-13,5.794830e-18,-6.3093974489e-13,0.0000e+00,0.9687
2482.40,-9.09716746e-13,7.721964e-13,5.958874e-18,-6.3093974489e-13,0.0000e+00,0.9687
2482.97,-9.08384479e-13,7.722789e-13,6.248267e-18,-6.3093974489e-13,0.0000e+00,0.9687
2483.54,-9.04942787e-13,7.723797e-13,6.821035e-18,-6.3093974489e-13,0.0000e+00,0.9687
2484.12,-9.00945984e-13,7.724620e-13,7.431351e-18,-6.3116178950e-13,0.0000e+00,0.9687
2484.69,-8.99169628e-13,7.724641e-13,7.673738e-18,-6.3138383410e-13,0.0000e+00,0.9687
2485.26,-8.99835761e-13,7.724670e-13,7.899420e-18,-6.3127281180e-13,0.0000e+00,0.9687
2485.83,-9.03943587e-13,7.724997e-13,8.080380e-18,-6.3138383410e-13,0.0000e+00,0.9687
2486.40,-9.09050613e-13,7.725816e-13,8.279092e-18,-6.3160587871e-13,0.0000e+00,0.9687
2486.98,-9.10937992e-13,7.726109e-13,8.083662e-18,-6.3160587871e-13,0.0000e+00,0.9687
2487.55,-9.09383679e-13,7.726820e-13,7.756993e-18,-6.3160587871e-13,0.0000e+00,0.9687
2488.12,-9.06719144e-13,7.727549e-13,7.392651e-18,-6.3182792331e-13,0.0000e+00,0.9687
2488.69,-9.06164033e-13,7.728110e-13,7.431250e-18,-6.3182792331e-13,0.0000e+00,0.9687
2489.26,-9.06164033e-13,7.728425e-13,7.778684e-18,-6.3182792331e-13,0.0000e+00,0.9687
2489.84,-9.07829367e-13,7.729393e-13,7.848870e-18,-6.3182792331e-13,0.0000e+00,0.9687
2490.41,-9.08828568e-13,7.730276e-13,7.259415e-18,-6.3204996792e-13,0.0000e+00,0.9687
2490.98,-9.08162434e-13,7.731604e-13,6.659261e-18,-6.3204996792e-13,0.0000e+00,0.9687
2491.55,-9.05497899e-13,7.733060e-13,6.176099e-18,-6.3216099022e-13,0.0000e+00,0.9687
2492.12,-9.03499497e-13,7.733881e-13,6.128044e-18,-6.3249405713e-13,0.0000e+00,0.9687
2492.70,-9.03277453e-13,7.734717e-13,6.705415e-18,-6.3249405713e-13,0.0000e+00,0.9687
2493.27,-9.04609720e-13,7.735714e-13,6.630115e-18,-6.3249405713e-13,0.0000e+00,0.9687
2493.84,-9.05941988e-13,7.736541e-13,6.464352e-18,-6.3271610173e-13,0.0000e+00,0.9687
2494.41,-9.05941988e-13,7.737447e-13,6.112757e-18,-6.3304916864e-13,0.0000e+00,0.9687
2494.98,-9.03499497e-13,7.738324e-13,5.919959e-18,-6.3338223555e-13,0.0000e+00,0.9687
2495.56,-9.01612118e-13,7.739484e-13,6.235687e-18,-6.3338223555e-13,0.0000e+00,0.9687
2496.13,-9.01279051e-13,7.740868e-13,6.350684e-18,-6.3360428015e-13,0.0000e+00,0.9687
2496.70,-9.03943587e-13,7.741648e-13,5.899996e-18,-6.3360428015e-13,0.0000e+00,0.9687
2497.27,-9.08828568e-13,7.742084e-13,5.744458e-18,-6.3393734706e-13,0.0000e+00,0.9687
2497.84,-9.12714349e-13,7.743535e-13,5.302925e-18,-6.3393734706e-13,0.0000e+00,0.9687
2498.42,-9.12936393e-13,7.745111e-13,5.672036e-18,-6.3404836936e-13,0.0000e+00,0.9687
2498.99,-9.10382880e-13,7.747136e-13,6.485526e-18,-6.3415939167e-13,0.0000e+00,0.9687
2499.56,-9.08828568e-13,7.749211e-13,7.261906e-18,-6.3404836936e-13,0.0000e+00,0.9687
2500.13,-9.12048215e-13,7.750735e-13,7.973996e-18,-6.3404836936e-13,0.0000e+00,0.9687
2500.70,-9.17821374e-13,7.751954e-13,8.464262e-18,-6.3404836936e-13,0.0000e+00,0.9687
2501.28,-9.22706356e-13,7.752762e-13,8.707751e-18,-6.3404836936e-13,0.0000e+00,0.9687
2501.85,-9.24149646e-13,7.753996e-13,8.186658e-18,-6.3438143627e-13,0.0000e+00,0.9687
2502.42,-9.23150445e-13,7.755721e-13,7.208611e-18,-6.3482552548e-13,0.0000e+00,0.9687
2502.99,-9.20041821e-13,7.757548e-13,7.841996e-18,-6.3482552548e-13,0.0000e+00,0.9687
2503.56,-9.17377285e-13,7.760691e-13,7.448677e-18,-6.3538063699e-13,0.0000e+00,0.9687
2504.13,-9.14601728e-13,7.763660e-13,7.548823e-18,-6.3538063699e-13,0.0000e+00,0.9687
2504.71,-9.12381282e-13,7.765921e-13,7.314727e-18,-6.3571370390e-13,0.0000e+00,0.9687
2505.28,-9.11049014e-13,7.767501e-13,6.543904e-18,-6.3582472620e-13,0.0000e+00,0.9687
2505.85,-9.11715148e-13,7.768844e-13,6.611436e-18,-6.3593574851e-13,0.0000e+00,0.9687
2506.42,-9.13824572e-13,7.770137e-13,7.565049e-18,-6.3593574851e-13,0.0000e+00,0.9687
2506.99,-9.15822973e-13,7.772470e-13,8.212743e-18,-6.3615779311e-13,0.0000e+00,0.9687
2507.57,-9.20263865e-13,7.774848e-13,8.621252e-18,-6.3626881541e-13,0.0000e+00,0.9687
2508.14,-9.24593735e-13,7.777439e-13,9.028689e-18,-6.3671290462e-13,0.0000e+00,0.9687
2508.71,-9.26814181e-13,7.779719e-13,9.733743e-18,-6.3671290462e-13,0.0000e+00,0.9687
2509.28,-9.26814181e-13,7.781778e-13,1.041293e-17,-6.3715699383e-13,0.0000e+00,0.9687
2509.85,-9.23816579e-13,7.783937e-13,1.034739e-17,-6.3771210534e-13,0.0000e+00,0.9687
2510.43,-9.19042620e-13,7.786177e-13,9.982776e-18,-6.3815619455e-13,0.0000e+00,0.9687
2511.00,-9.15267862e-13,7.788527e-13,1.009136e-17,-6.3837823916e-13,0.0000e+00,0.9687
2511.57,-9.15267862e-13,7.790622e-13,1.073542e-17,-6.3837823916e-13,0.0000e+00,0.9687
2512.14,-9.17377285e-13,7.792974e-13,1.119698e-17,-6.3860028376e-13,0.0000e+00,0.9687
2512.71,-9.17155241e-13,7.794817e-13,1.184008e-17,-6.3860028376e-13,0.0000e+00,0.9687
2513.29,-9.16711151e-13,7.796472e-13,1.224245e-17,-6.3893335067e-13,0.0000e+00,0.9687
2513.86,-9.13935594e-13,7.797902e-13,1.331267e-17,-6.3893335067e-13,0.0000e+00,0.9687
2514.43,-9.11271059e-13,7.799256e-13,1.486870e-17,-6.3948846218e-13,0.0000e+00,0.9687
2515.00,-9.08495501e-13,7.801100e-13,1.584722e-17,-6.3948846218e-13,0.0000e+00,0.9687
2515.57,-9.08162434e-13,7.803888e-13,1.609580e-17,-6.3971050679e-13,0.0000e+00,0.9687
2516.15,-9.10382880e-13,7.807119e-13,1.611538e-17,-6.4015459600e-13,0.0000e+00,0.9687
2516.72,-9.15267862e-13,7.810494e-13,1.620073e-17,-6.4070970751e-13,0.0000e+00,0.9687
2517.29,-9.19153642e-13,7.813381e-13,1.556431e-17,-6.4082072981e-13,0.0000e+00,0.9687
2517.86,-9.19153642e-13,7.816550e-13,1.546566e-17,-6.4126481902e-13,0.0000e+00,0.9687
2518.43,-9.13491505e-13,7.820107e-13,1.628320e-17,-6.4159788593e-13,0.0000e+00,0.9687
2519.01,-9.05830966e-13,7.823605e-13,1.729677e-17,-6.4159788593e-13,0.0000e+00,0.9687
2519.58,-9.01390074e-13,7.827025e-13,1.812775e-17,-6.4204197514e-13,0.0000e+00,0.9687
2520.15,-9.05941988e-13,7.829696e-13,1.826758e-17,-6.4215299744e-13,0.0000e+00,0.9687
2520.72,-9.20263865e-13,7.831198e-13,1.786727e-17,-6.4215299744e-13,0.0000e+00,0.9687
2521.29,-9.37472322e-13,7.833537e-13,1.747321e-17,-6.4237504205e-13,0.0000e+00,0.9687
2521.87,-9.47797396e-13,7.836617e-13,1.748083e-17,-6.4248606435e-13,0.0000e+00,0.9687
2522.44,-9.47464329e-13,7.839774e-13,1.784377e-17,-6.4270810896e-13,0.0000e+00,0.9687
2523.01,-9.36473121e-13,7.843433e-13,1.871942e-17,-6.4337424277e-13,0.0000e+00,0.9687
2523.58,-9.24482713e-13,7.846794e-13,1.949093e-17,-6.4381833198e-13,0.0000e+00,0.9687
2524.15,-9.19930798e-13,7.850181e-13,1.962778e-17,-6.4392935428e-13,0.0000e+00,0.9687
2524.73,-9.23150445e-13,7.852520e-13,1.914833e-17,-6.4426242119e-13,0.0000e+00,0.9687
2525.30,-9.29034627e-13,7.854458e-13,1.844860e-17,-6.4437344349e-13,0.0000e+00,0.9687
2525.87,-9.29700761e-13,7.856406e-13,1.793851e-17,-6.4437344349e-13,0.0000e+00,0.9687
2526.44,-9.22262267e-13,7.858536e-13,1.771267e-17,-6.4437344349e-13,0.0000e+00,0.9687
2527.01,-9.12381282e-13,7.860888e-13,1.760219e-17,-6.4470651040e-13,0.0000e+00,0.9687
2527.59,-9.08051412e-13,7.863606e-13,1.780366e-17,-6.4481753270e-13,0.0000e+00,0.9687
2528.16,-9.11604126e-13,7.866665e-13,1.811683e-17,-6.4481753270e-13,0.0000e+00,0.9687
2528.73,-9.17377285e-13,7.869324e-13,1.819040e-17,-6.4492855500e-13,0.0000e+00,0.9687
2529.30,-9.19486709e-13,7.871667e-13,1.809710e-17,-6.4537264421e-13,0.0000e+00,0.9687
2529.87,-9.17044218e-13,7.874328e-13,1.814062e-17,-6.4603877803e-13,0.0000e+00,0.9687
2530.45,-9.14490705e-13,7.876570e-13,1.823845e-17,-6.4603877803e-13,0.0000e+00,0.9687
2531.02,-9.15933995e-13,7.879175e-13,1.839908e-17,-6.4603877803e-13,0.0000e+00,0.9687
2531.59,-9.20707954e-13,7.881710e-13,1.851764e-17,-6.4648286724e-13,0.0000e+00,0.9687
2532.16,-9.25814980e-13,7.884405e-13,1.850037e-17,-6.4648286724e-13,0.0000e+00,0.9687
2532.73,-9.26148047e-13,7.887286e-13,1.840617e-17,-6.4648286724e-13,0.0000e+00,0.9687
2533.31,-9.21929200e-13,7.890691e-13,1.810004e-17,-6.4692695645e-13,0.0000e+00,0.9687
2533.88,-9.16822174e-13,7.893685e-13,1.774515e-17,-6.4703797875e-13,0.0000e+00,0.9687
2534.45,-9.15600928e-13,7.896375e-13,1.721601e-17,-6.4703797875e-13,0.0000e+00,0.9687
2535.02,-9.18487508e-13,7.899138e-13,1.731709e-17,-6.4737104566e-13,0.0000e+00,0.9687
2535.59,-9.23816579e-13,7.902406e-13,1.724338e-17,-6.4759309026e-13,0.0000e+00,0.9687
2536.17,-9.27147248e-13,7.905680e-13,1.679332e-17,-6.4759309026e-13,0.0000e+00,0.9687
2536.74,-9.26370092e-13,7.908722e-13,1.637450e-17,-6.4792615717e-13,0.0000e+00,0.9687
2537.31,-9.23927601e-13,7.911516e-13,1.600765e-17,-6.4792615717e-13,0.0000e+00,0.9687
2537.88,-9.23927601e-13,7.914407e-13,1.565897e-17,-6.4803717947e-13,0.0000e+00,0.9687
2538.45,-9.26370092e-13,7.916781e-13,1.564755e-17,-6.4825922408e-13,0.0000e+00,0.9687
2539.03,-9.31699162e-13,7.919245e-13,1.570541e-17,-6.4870331329e-13,0.0000e+00,0.9687
2539.60,-9.36140054e-13,7.921363e-13,1.543276e-17,-6.4870331329e-13,0.0000e+00,0.9687
2540.17,-9.35806987e-13,7.923410e-13,1.486435e-17,-6.4892535789e-13,0.0000e+00,0.9687
2540.74,-9.30588939e-13,7.925161e-13,1.457849e-17,-6.4881433559e-13,0.0000e+00,0.9687
2541.31,-9.25481913e-13,7.926926e-13,1.478861e-17,-6.4914740250e-13,0.0000e+00,0.9687
2541.89,-9.21374088e-13,7.928891e-13,1.508392e-17,-6.4925842480e-13,0.0000e+00,0.9687
2542.46,-9.22262267e-13,7.930512e-13,1.513608e-17,-6.4936944710e-13,0.0000e+00,0.9687
2543.03,-9.26370092e-13,7.932784e-13,1.482463e-17,-6.4970251401e-13,0.0000e+00,0.9687
2543.60,-9.32587341e-13,7.935569e-13,1.424133e-17,-6.4981353631e-13,0.0000e+00,0.9687
2544.17,-9.34141653e-13,7.938139e-13,1.359196e-17,-6.5025762552e-13,0.0000e+00,0.9687
2544.75,-9.30033828e-13,7.940558e-13,1.270206e-17,-6.5025762552e-13,0.0000e+00,0.9687
2545.32,-9.24815780e-13,7.943506e-13,1.196526e-17,-6.5059069243e-13,0.0000e+00,0.9687
2545.89,-9.21596133e-13,7.946414e-13,1.125197e-17,-6.5070171473e-13,0.0000e+00,0.9687
2546.46,-9.23261467e-13,7.948841e-13,1.075022e-17,-6.5092375934e-13,0.0000e+00,0.9687
2547.03,-9.28368493e-13,7.950890e-13,1.054402e-17,-6.5092375934e-13,0.0000e+00,0.9687
2547.61,-9.32698363e-13,7.952341e-13,1.044814e-17,-6.5114580394e-13,0.0000e+00,0.9687
2548.18,-9.35584943e-13,7.954375e-13,1.022212e-17,-6.5147887085e-13,0.0000e+00,0.9687
2548.75,-9.36362099e-13,7.956122e-13,1.001720e-17,-6.5170091545e-13,0.0000e+00,0.9687
2549.32,-9.36473121e-13,7.957611e-13,9.913892e-18,-6.5170091545e-13,0.0000e+00,0.9687
2549.89,-9.35473921e-13,7.958940e-13,9.103676e-18,-6.5192296006e-13,0.0000e+00,0.9687
2550.47,-9.34807787e-13,7.959989e-13,8.382822e-18,-6.5192296006e-13,0.0000e+00,0.9687
2551.04,-9.34807787e-13,7.961259e-13,8.261888e-18,-6.5214500466e-13,0.0000e+00,0.9687
2551.61,-9.34807787e-13,7.962349e-13,8.509133e-18,-6.5236704927e-13,0.0000e+00,0.9687
2552.18,-9.34807787e-13,7.963715e-13,9.054654e-18,-6.5247807157e-13,0.0000e+00,0.9687
2552.75,-9.34807787e-13,7.965493e-13,9.076501e-18,-6.5247807157e-13,0.0000e+00,0.9687
2553.33,-9.34807787e-13,7.967645e-13,8.636205e-18,-6.5258909387e-13,0.0000e+00,0.9687
2553.90,-9.34807787e-13,7.970527e-13,8.381272e-18,-6.5303318308e-13,0.0000e+00,0.9687
2554.47,-9.33142452e-13,7.972948e-13,8.264224e-18,-6.5303318308e-13,0.0000e+00,0.9687
2555.04,-9.30366895e-13,7.975195e-13,8.286857e-18,-6.5336624999e-13,0.0000e+00,0.9687
2555.61,-9.27369292e-13,7.977542e-13,8.052588e-18,-6.5347727229e-13,0.0000e+00,0.9687
2556.19,-9.25814980e-13,7.980404e-13,8.068765e-18,-6.5347727229e-13,0.0000e+00,0.9687
2556.76,-9.27369292e-13,7.983117e-13,7.747634e-18,-6.5381033920e-13,0.0000e+00,0.9687
2557.33,-9.31921207e-13,7.985543e-13,6.696327e-18,-6.5392136150e-13,0.0000e+00,0.9687
2557.90,-9.34252675e-13,7.987832e-13,6.093404e-18,-6.5414340611e-13,0.0000e+00,0.9687
2558.47,-9.33808586e-13,7.989421e-13,5.833487e-18,-6.5414340611e-13,0.0000e+00,0.9687
2559.05,-9.33142452e-13,7.991117e-13,5.906398e-18,-6.5414340611e-13,0.0000e+00,0.9687
2559.62,-9.34474720e-13,7.992502e-13,6.402360e-18,-6.5425442841e-13,0.0000e+00,0.9687
2560.19,-9.35473921e-13,7.993759e-13,6.813878e-18,-6.5425442841e-13,0.0000e+00,0.9687
2560.76,-9.35473921e-13,7.994397e-13,6.466756e-18,-6.5425442841e-13,0.0000e+00,0.9687
2561.33,-9.34807787e-13,7.995131e-13,6.400687e-18,-6.5458749532e-13,0.0000e+00,0.9687
2561.91,-9.32698363e-13,7.996267e-13,6.061120e-18,-6.5458749532e-13,0.0000e+00,0.9687
2562.48,-9.29700761e-13,7.998523e-13,6.227924e-18,-6.5458749532e-13,0.0000e+00,0.9687
2563.05,-9.27702359e-13,8.001046e-13,6.886987e-18,-6.5503158453e-13,0.0000e+00,0.9687
2563.62,-9.27702359e-13,8.003437e-13,7.201049e-18,-6.5503158453e-13,0.0000e+00,0.9687
2564.19,-9.27702359e-13,8.004906e-13,6.659945e-18,-6.5514260683e-13,0.0000e+00,0.9687
2564.76,-9.27702359e-13,8.006725e-13,6.271473e-18,-6.5525362913e-13,0.0000e+00,0.9687
2565.34,-9.27702359e-13,8.007664e-13,5.698840e-18,-6.5569771834e-13,0.0000e+00,0.9687
2565.91,-9.28035426e-13,8.008802e-13,5.354059e-18,-6.5569771834e-13,0.0000e+00,0.9687
2566.48,-9.29922805e-13,8.009255e-13,4.957518e-18,-6.5569771834e-13,0.0000e+00,0.9687
2567.05,-9.34585742e-13,8.010152e-13,4.865296e-18,-6.5591976295e-13,0.0000e+00,0.9687
2567.62,-9.40358902e-13,8.011270e-13,4.841822e-18,-6.5614180755e-13,0.0000e+00,0.9687
2568.20,-9.45243883e-13,8.013015e-13,5.258788e-18,-6.5614180755e-13,0.0000e+00,0.9687
2568.77,-9.47020240e-13,8.014408e-13,5.408311e-18,-6.5647487446e-13,0.0000e+00,0.9687
2569.34,-9.46465128e-13,8.015795e-13,5.094622e-18,-6.5647487446e-13,0.0000e+00,0.9687
2569.91,-9.43911616e-13,8.018347e-13,4.733911e-18,-6.5658589676e-13,0.0000e+00,0.9687
2570.48,-9.40247880e-13,8.020022e-13,4.746052e-18,-6.5680794137e-13,0.0000e+00,0.9687
2571.06,-9.37028233e-13,8.022052e-13,4.879159e-18,-6.5680794137e-13,0.0000e+00,0.9687
2571.63,-9.35473921e-13,8.023650e-13,4.992297e-18,-6.5725203058e-13,0.0000e+00,0.9687
2572.20,-9.35806987e-13,8.025531e-13,5.255486e-18,-6.5736305288e-13,0.0000e+00,0.9687
2572.77,-9.35806987e-13,8.027582e-13,4.776829e-18,-6.5736305288e-13,0.0000e+00,0.9687
2573.34,-9.35806987e-13,8.029420e-13,4.017639e-18,-6.5769611979e-13,0.0000e+00,0.9687
2573.92,-9.35806987e-13,8.031558e-13,3.358830e-18,-6.5780714209e-13,0.0000e+00,0.9687
2574.49,-9.35806987e-13,8.033468e-13,3.179948e-18,-6.5780714209e-13,0.0000e+00,0.9687
2575.06,-9.34252675e-13,8.035695e-13,3.283247e-18,-6.5791816439e-13,0.0000e+00,0.9687
2575.63,-9.32032229e-13,8.038033e-13,3.538475e-18,-6.5814020900e-13,0.0000e+00,0.9687
2576.20,-9.31699162e-13,8.040020e-13,3.884639e-18,-6.5814020900e-13,0.0000e+00,0.9687
2576.78,-9.33586541e-13,8.041357e-13,4.673659e-18,-6.5836225360e-13,0.0000e+00,0.9687
2577.35,-9.38693567e-13,8.042113e-13,5.688428e-18,-6.5858429821e-13,0.0000e+00,0.9687
2577.92,-9.42579348e-13,8.043693e-13,6.633953e-18,-6.5858429821e-13,0.0000e+00,0.9687
2578.49,-9.44799794e-13,8.044955e-13,6.616559e-18,-6.5880634281e-13,0.0000e+00,0.9687
2579.06,-9.45576950e-13,8.046020e-13,6.473503e-18,-6.5880634281e-13,0.0000e+00,0.9687
2579.64,-9.45576950e-13,8.047260e-13,6.821816e-18,-6.5902838742e-13,0.0000e+00,0.9687
2580.21,-9.45798995e-13,8.049076e-13,6.665223e-18,-6.5925043202e-13,0.0000e+00,0.9687
2580.78,-9.44133660e-13,8.050837e-13,6.187975e-18,-6.5947247663e-13,0.0000e+00,0.9687
2581.35,-9.42801393e-13,8.051606e-13,5.491442e-18,-6.5958349893e-13,0.0000e+00,0.9687
2581.92,-9.42801393e-13,8.052923e-13,5.196811e-18,-6.5958349893e-13,0.0000e+00,0.9687
2582.50,-9.42801393e-13,8.054377e-13,5.119308e-18,-6.5991656584e-13,0.0000e+00,0.9687
2583.07,-9.42801393e-13,8.055989e-13,5.148395e-18,-6.6002758814e-13,0.0000e+00,0.9687
2583.64,-9.42801393e-13,8.058105e-13,4.809335e-18,-6.6013861044e-13,0.0000e+00,0.9687
2584.21,-9.42801393e-13,8.060924e-13,5.191448e-18,-6.6013861044e-13,0.0000e+00,0.9687
2584.78,-9.42801393e-13,8.063577e-13,5.534973e-18,-6.6058269965e-13,0.0000e+00,0.9687
2585.36,-9.42801393e-13,8.066067e-13,5.786137e-18,-6.6069372195e-13,0.0000e+00,0.9687
2585.93,-9.42801393e-13,8.068133e-13,6.292183e-18,-6.6091576656e-13,0.0000e+00,0.9687
2586.50,-9.42801393e-13,8.069984e-13,7.047590e-18,-6.6091576656e-13,0.0000e+00,0.9687
2587.07,-9.43245482e-13,8.072250e-13,7.784673e-18,-6.6102678886e-13,0.0000e+00,0.9687
2587.64,-9.44577749e-13,8.074121e-13,7.989430e-18,-6.6135985577e-13,0.0000e+00,0.9687
2588.22,-9.45243883e-13,8.076379e-13,7.898958e-18,-6.6158190037e-13,0.0000e+00,0.9687
2588.79,-9.43800593e-13,8.078284e-13,8.176665e-18,-6.6224803419e-13,0.0000e+00,0.9687
2589.36,-9.40025835e-13,8.080596e-13,8.523144e-18,-6.6224803419e-13,0.0000e+00,0.9687
2589.93,-9.36695166e-13,8.083154e-13,8.256411e-18,-6.6235905649e-13,0.0000e+00,0.9687
2590.50,-9.35251876e-13,8.085323e-13,7.682669e-18,-6.6269212340e-13,0.0000e+00,0.9687
2591.08,-9.39581746e-13,8.086792e-13,7.384051e-18,-6.6280314570e-13,0.0000e+00,0.9687
2591.65,-9.48352508e-13,8.088211e-13,7.368921e-18,-6.6291416800e-13,0.0000e+00,0.9687
2592.22,-9.59232693e-13,8.090468e-13,7.413878e-18,-6.6291416800e-13,0.0000e+00,0.9687
2592.79,-9.64561764e-13,8.092611e-13,7.804727e-18,-6.6324723491e-13,0.0000e+00,0.9687
2593.36,-9.60231894e-13,8.095468e-13,8.611197e-18,-6.6324723491e-13,0.0000e+00,0.9687
2593.94,-9.50683976e-13,8.098738e-13,9.089062e-18,-6.6335825721e-13,0.0000e+00,0.9687
2594.51,-9.43467526e-13,8.101440e-13,9.020301e-18,-6.6369132412e-13,0.0000e+00,0.9687
2595.08,-9.43245482e-13,8.103780e-13,9.010484e-18,-6.6380234642e-13,0.0000e+00,0.9687
2595.65,-9.47686374e-13,8.105233e-13,8.738487e-18,-6.6380234642e-13,0.0000e+00,0.9687
2596.22,-9.49018641e-13,8.106564e-13,8.428513e-18,-6.6380234642e-13,0.0000e+00,0.9687
2596.80,-9.44910816e-13,8.108070e-13,8.390984e-18,-6.6424643563e-13,0.0000e+00,0.9687
2597.37,-9.39914813e-13,8.109980e-13,8.927384e-18,-6.6424643563e-13,0.0000e+00,0.9687
2597.94,-9.38693567e-13,8.111857e-13,9.574320e-18,-6.6446848024e-13,0.0000e+00,0.9687
2598.51,-9.42024236e-13,8.113550e-13,9.628890e-18,-6.6469052484e-13,0.0000e+00,0.9687
2599.08,-9.47020240e-13,8.115359e-13,9.298012e-18,-6.6491256945e-13,0.0000e+00,0.9687
2599.66,-9.51239087e-13,8.117393e-13,9.054250e-18,-6.6491256945e-13,0.0000e+00,0.9687
2600.23,-9.52571355e-13,8.119408e-13,9.147344e-18,-6.6491256945e-13,0.0000e+00,0.9687
2600.80,-9.53903623e-13,8.121161e-13,9.243150e-18,-6.6535665866e-13,0.0000e+00,0.9687
2601.37,-9.53903623e-13,8.123920e-13,9.149493e-18,-6.6535665866e-13,0.0000e+00,0.9687
2601.94,-9.53792600e-13,8.126963e-13,9.079175e-18,-6.6535665866e-13,0.0000e+00,0.9687
2602.52,-9.51905221e-13,8.129937e-13,9.246420e-18,-6.6535665866e-13,0.0000e+00,0.9687
2603.09,-9.48796597e-13,8.132480e-13,9.480641e-18,-6.6546768096e-13,0.0000e+00,0.9687
2603.66,-9.45465928e-13,8.134589e-13,9.614878e-18,-6.6546768096e-13,0.0000e+00,0.9687
2604.23,-9.43467526e-13,8.136944e-13,9.514795e-18,-6.6591177017e-13,0.0000e+00,0.9687
2604.80,-9.43134459e-13,8.139634e-13,9.480877e-18,-6.6602279247e-13,0.0000e+00,0.9687
2605.38,-9.43800593e-13,8.142055e-13,9.385093e-18,-6.6635585938e-13,0.0000e+00,0.9687
2605.95,-9.44910816e-13,8.143888e-13,9.265196e-18,-6.6668892629e-13,0.0000e+00,0.9687
2606.52,-9.46465128e-13,8.145917e-13,9.092178e-18,-6.6668892629e-13,0.0000e+00,0.9687
2607.09,-9.46354106e-13,8.148070e-13,9.069380e-18,-6.6691097089e-13,0.0000e+00,0.9687
2607.66,-9.46354106e-13,8.150110e-13,8.764945e-18,-6.6691097089e-13,0.0000e+00,0.9687
2608.24,-9.46354106e-13,8.152006e-13,8.249211e-18,-6.6713301550e-13,0.0000e+00,0.9687
2608.81,-9.46132062e-13,8.154091e-13,8.214449e-18,-6.6735506010e-13,0.0000e+00,0.9687
2609.38,-9.46132062e-13,8.156363e-13,8.507128e-18,-6.6735506010e-13,0.0000e+00,0.9687
2609.95,-9.46354106e-13,8.158375e-13,8.795170e-18,-6.6779914931e-13,0.0000e+00,0.9687
2610.52,-9.46687173e-13,8.159924e-13,8.728346e-18,-6.6779914931e-13,0.0000e+00,0.9687
2611.10,-9.46132062e-13,8.161956e-13,8.885312e-18,-6.6802119392e-13,0.0000e+00,0.9687
2611.67,-9.46132062e-13,8.163819e-13,8.723700e-18,-6.6813221622e-13,0.0000e+00,0.9687
2612.24,-9.48130463e-13,8.165527e-13,8.257993e-18,-6.6846528313e-13,0.0000e+00,0.9687
2612.81,-9.50683976e-13,8.167094e-13,7.691960e-18,-6.6857630543e-13,0.0000e+00,0.9687
2613.38,-9.52793400e-13,8.168922e-13,7.558348e-18,-6.6857630543e-13,0.0000e+00,0.9687
2613.96,-9.52016244e-13,8.170641e-13,7.360665e-18,-6.6857630543e-13,0.0000e+00,0.9687
2614.53,-9.51683177e-13,8.172386e-13,7.495642e-18,-6.6890937234e-13,0.0000e+00,0.9687
2615.10,-9.51683177e-13,8.173708e-13,8.198533e-18,-6.6890937234e-13,0.0000e+00,0.9687
2615.67,-9.52016244e-13,8.175015e-13,8.670692e-18,-6.6890937234e-13,0.0000e+00,0.9687
2616.24,-9.52904422e-13,8.176057e-13,8.731529e-18,-6.6913141694e-13,0.0000e+00,0.9687
2616.82,-9.50350909e-13,8.177738e-13,8.784893e-18,-6.6913141694e-13,0.0000e+00,0.9687
2617.39,-9.45576950e-13,8.180012e-13,9.053962e-18,-6.6990857306e-13,0.0000e+00,0.9687
2617.96,-9.43245482e-13,8.181778e-13,8.918770e-18,-6.6990857306e-13,0.0000e+00,0.9687
2618.53,-9.44799794e-13,8.183775e-13,8.102513e-18,-6.7001959536e-13,0.0000e+00,0.9687
2619.10,-9.49573753e-13,8.185793e-13,7.422956e-18,-6.7035266227e-13,0.0000e+00,0.9687
2619.68,-9.53792600e-13,8.188153e-13,7.142443e-18,-6.7035266227e-13,0.0000e+00,0.9687
2620.25,-9.54458734e-13,8.190628e-13,7.515193e-18,-6.7035266227e-13,0.0000e+00,0.9687
2620.82,-9.53459534e-13,8.193069e-13,7.998306e-18,-6.7057470687e-13,0.0000e+00,0.9687
2621.39,-9.53570556e-13,8.195990e-13,7.829904e-18,-6.7057470687e-13,0.0000e+00,0.9687
2621.96,-9.56346113e-13,8.198468e-13,7.334022e-18,-6.7079675148e-13,0.0000e+00,0.9687
2622.54,-9.60675983e-13,8.199775e-13,6.904670e-18,-6.7079675148e-13,0.0000e+00,0.9687
2623.11,-9.63451541e-13,8.201085e-13,6.923492e-18,-6.7101879608e-13,0.0000e+00,0.9687
2623.68,-9.62785407e-13,8.202578e-13,7.111758e-18,-6.7135186299e-13,0.0000e+00,0.9687
2624.25,-9.59010649e-13,8.204128e-13,7.239396e-18,-6.7146288529e-13,0.0000e+00,0.9687
2624.82,-9.53792600e-13,8.205363e-13,7.087315e-18,-6.7146288529e-13,0.0000e+00,0.9687
2625.40,-9.48685575e-13,8.207349e-13,7.152404e-18,-6.7146288529e-13,0.0000e+00,0.9687
2625.97,-9.46687173e-13,8.209230e-13,7.637882e-18,-6.7179595220e-13,0.0000e+00,0.9687
2626.54,-9.48019441e-13,8.210976e-13,7.937949e-18,-6.7212901911e-13,0.0000e+00,0.9687
2627.11,-9.52238288e-13,8.212548e-13,8.118632e-18,-6.7224004141e-13,0.0000e+00,0.9687
2627.68,-9.57123270e-13,8.214145e-13,8.222572e-18,-6.7235106371e-13,0.0000e+00,0.9687
2628.25,-9.60564961e-13,8.215756e-13,8.339458e-18,-6.7235106371e-13,0.0000e+00,0.9687
2628.83,-9.62008251e-13,8.218290e-13,8.543025e-18,-6.7279515292e-13,0.0000e+00,0.9687
2629.40,-9.61897229e-13,8.221177e-13,8.750401e-18,-6.7279515292e-13,0.0000e+00,0.9687
2629.97,-9.60342916e-13,8.224073e-13,8.632149e-18,-6.7301719753e-13,0.0000e+00,0.9687
2630.54,-9.58122470e-13,8.226693e-13,8.289856e-18,-6.7312821983e-13,0.0000e+00,0.9687
2631.11,-9.57012247e-13,8.229306e-13,8.037848e-18,-6.7346128674e-13,0.0000e+00,0.9687
2631.69,-9.57789403e-13,8.231413e-13,7.837992e-18,-6.7346128674e-13,0.0000e+00,0.9687
2632.26,-9.59010649e-13,8.233457e-13,6.631812e-18,-6.7346128674e-13,0.0000e+00,0.9687
2632.83,-9.59343716e-13,8.235801e-13,5.865011e-18,-6.7357230904e-13,0.0000e+00,0.9687
2633.40,-9.56790203e-13,8.237836e-13,5.906354e-18,-6.7401639825e-13,0.0000e+00,0.9687
2633.97,-9.51572154e-13,8.240508e-13,6.083825e-18,-6.7401639825e-13,0.0000e+00,0.9687
2634.55,-9.49018641e-13,8.242535e-13,6.777289e-18,-6.7457150976e-13,0.0000e+00,0.9687
2635.12,-9.49129664e-13,8.244910e-13,7.278446e-18,-6.7457150976e-13,0.0000e+00,0.9687
2635.69,-9.50683976e-13,8.247223e-13,7.191568e-18,-6.7457150976e-13,0.0000e+00,0.9687
2636.26,-9.52238288e-13,8.249476e-13,7.237544e-18,-6.7501559897e-13,0.0000e+00,0.9687
2636.83,-9.53570556e-13,8.251537e-13,7.792161e-18,-6.7501559897e-13,0.0000e+00,0.9687
2637.41,-9.54458734e-13,8.253460e-13,8.306092e-18,-6.7523764358e-13,0.0000e+00,0.9687
2637.98,-9.55235890e-13,8.255261e-13,8.448917e-18,-6.7545968818e-13,0.0000e+00,0.9687
2638.55,-9.55457935e-13,8.256853e-13,7.897977e-18,-6.7568173279e-13,0.0000e+00,0.9687
2639.12,-9.54902823e-13,8.258640e-13,7.716173e-18,-6.7568173279e-13,0.0000e+00,0.9687
2639.69,-9.54902823e-13,8.259972e-13,7.539336e-18,-6.7612582200e-13,0.0000e+00,0.9687
2640.27,-9.55791002e-13,8.261009e-13,7.312970e-18,-6.7623684430e-13,0.0000e+00,0.9687
2640.84,-9.57345314e-13,8.262281e-13,7.412289e-18,-6.7623684430e-13,0.0000e+00,0.9687
2641.41,-9.58788604e-13,8.263605e-13,7.946768e-18,-6.7668093351e-13,0.0000e+00,0.9687
2641.98,-9.59676782e-13,8.265005e-13,8.288781e-18,-6.7668093351e-13,0.0000e+00,0.9687
2642.55,-9.59676782e-13,8.266725e-13,8.339635e-18,-6.7679195581e-13,0.0000e+00,0.9687
2643.13,-9.57678381e-13,8.268445e-13,8.033727e-18,-6.7712502272e-13,0.0000e+00,0.9687
2643.70,-9.51683177e-13,8.270227e-13,7.843038e-18,-6.7745808963e-13,0.0000e+00,0.9687
2644.27,-9.50683976e-13,8.272459e-13,7.994261e-18,-6.7745808963e-13,0.0000e+00,0.9687
2644.84,-9.56013047e-13,8.274402e-13,8.106962e-18,-6.7745808963e-13,0.0000e+00,0.9687
2645.41,-9.66671188e-13,8.276180e-13,8.272248e-18,-6.7790217884e-13,0.0000e+00,0.9687
2645.99,-9.76663195e-13,8.277597e-13,8.262550e-18,-6.7790217884e-13,0.0000e+00,0.9687
2646.56,-9.80215908e-13,8.278663e-13,8.184182e-18,-6.7790217884e-13,0.0000e+00,0.9687
2647.13,-9.76330128e-13,8.279782e-13,8.145590e-18,-6.7790217884e-13,0.0000e+00,0.9687
2647.70,-9.71001057e-13,8.280497e-13,7.711106e-18,-6.7834626805e-13,0.0000e+00,0.9687
2648.27,-9.67670388e-13,8.281301e-13,7.350315e-18,-6.7834626805e-13,0.0000e+00,0.9687
2648.85,-9.67004254e-13,8.282486e-13,7.281834e-18,-6.7834626805e-13,0.0000e+00,0.9687
2649.42,-9.66782210e-13,8.284253e-13,7.331953e-18,-6.7834626805e-13,0.0000e+00,0.9687
2649.99,-9.66116076e-13,8.285938e-13,7.371894e-18,-6.7834626805e-13,0.0000e+00,0.9687
2650.56,-9.65783009e-13,8.287892e-13,7.585896e-18,-6.7834626805e-13,0.0000e+00,0.9687
2651.13,-9.66449143e-13,8.290097e-13,7.927905e-18,-6.7845729035e-13,0.0000e+00,0.9687
2651.71,-9.67004254e-13,8.292573e-13,8.268456e-18,-6.7867933495e-13,0.0000e+00,0.9687
2652.28,-9.67004254e-13,8.295513e-13,8.559382e-18,-6.7890137956e-13,0.0000e+00,0.9687
2652.85,-9.66338121e-13,8.298800e-13,8.797266e-18,-6.7901240186e-13,0.0000e+00,0.9687
2653.42,-9.64228697e-13,8.301550e-13,8.551974e-18,-6.7934546877e-13,0.0000e+00,0.9687
2653.99,-9.64228697e-13,8.303258e-13,8.137096e-18,-6.7945649107e-13,0.0000e+00,0.9687
2654.57,-9.64228697e-13,8.304966e-13,7.993398e-18,-6.7956751337e-13,0.0000e+00,0.9687
2655.14,-9.64228697e-13,8.306739e-13,7.906018e-18,-6.7956751337e-13,0.0000e+00,0.9687
2655.71,-9.64228697e-13,8.308133e-13,7.912983e-18,-6.7956751337e-13,0.0000e+00,0.9687
2656.28,-9.63895630e-13,8.309508e-13,8.027530e-18,-6.7978955798e-13,0.0000e+00,0.9687
2656.85,-9.64561764e-13,8.310666e-13,8.489349e-18,-6.7990058028e-13,0.0000e+00,0.9687
2657.43,-9.67004254e-13,8.311720e-13,8.830913e-18,-6.7990058028e-13,0.0000e+00,0.9687
2658.00,-9.69335723e-13,8.312871e-13,8.956321e-18,-6.8001160258e-13,0.0000e+00,0.9687
2658.57,-9.69335723e-13,8.314298e-13,8.767156e-18,-6.8001160258e-13,0.0000e+00,0.9687
2659.14,-9.69002656e-13,8.315281e-13,8.609749e-18,-6.8023364719e-13,0.0000e+00,0.9687
2659.71,-9.68891634e-13,8.316269e-13,8.758475e-18,-6.8034466949e-13,0.0000e+00,0.9687
2660.29,-9.69335723e-13,8.317643e-13,9.289122e-18,-6.8034466949e-13,0.0000e+00,0.9687
2660.86,-9.69335723e-13,8.318884e-13,9.532131e-18,-6.8045569179e-13,0.0000e+00,0.9687
2661.43,-9.69335723e-13,8.320028e-13,9.384940e-18,-6.8045569179e-13,0.0000e+00,0.9687
2662.00,-9.69224700e-13,8.321317e-13,9.305712e-18,-6.8067773640e-13,0.0000e+00,0.9687
2662.57,-9.69224700e-13,8.322935e-13,9.589101e-18,-6.8067773640e-13,0.0000e+00,0.9687
2663.15,-9.69224700e-13,8.325211e-13,1.016032e-17,-6.8078875870e-13,0.0000e+00,0.9687
2663.72,-9.69224700e-13,8.327545e-13,1.050256e-17,-6.8112182561e-13,0.0000e+00,0.9687
2664.29,-9.71223102e-13,8.329108e-13,1.020636e-17,-6.8123284791e-13,0.0000e+00,0.9687
2664.86,-9.73887637e-13,8.330012e-13,9.690668e-18,-6.8156591482e-13,0.0000e+00,0.9687
2665.43,-9.75108883e-13,8.330775e-13,9.323467e-18,-6.8156591482e-13,0.0000e+00,0.9687
2666.01,-9.74886838e-13,8.331819e-13,9.161045e-18,-6.8178795942e-13,0.0000e+00,0.9687
2666.58,-9.74442749e-13,8.333180e-13,9.074142e-18,-6.8178795942e-13,0.0000e+00,0.9687
2667.15,-9.74442749e-13,8.335150e-13,8.748470e-18,-6.8212102633e-13,0.0000e+00,0.9687
2667.72,-9.75108883e-13,8.336835e-13,8.553360e-18,-6.8223204863e-13,0.0000e+00,0.9687
2668.29,-9.75108883e-13,8.338587e-13,8.655592e-18,-6.8245409324e-13,0.0000e+00,0.9687
2668.87,-9.75108883e-13,8.339836e-13,8.866646e-18,-6.8256511554e-13,0.0000e+00,0.9687
2669.44,-9.74775816e-13,8.341201e-13,9.108529e-18,-6.8267613784e-13,0.0000e+00,0.9687
2670.01,-9.74442749e-13,8.342984e-13,9.106115e-18,-6.8300920475e-13,0.0000e+00,0.9687
2670.58,-9.74553771e-13,8.344068e-13,8.955387e-18,-6.8312022705e-13,0.0000e+00,0.9687
2671.15,-9.74553771e-13,8.344441e-13,8.631125e-18,-6.8345329396e-13,0.0000e+00,0.9687
2671.73,-9.74220704e-13,8.344739e-13,8.439449e-18,-6.8345329396e-13,0.0000e+00,0.9687
2672.30,-9.73887637e-13,8.345985e-13,7.969342e-18,-6.8378636087e-13,0.0000e+00,0.9687
2672.87,-9.74553771e-13,8.347458e-13,7.354645e-18,-6.8389738317e-13,0.0000e+00,0.9687
2673.44,-9.76663195e-13,8.348687e-13,6.865958e-18,-6.8389738317e-13,0.0000e+00,0.9687
2674.01,-9.77773418e-13,8.350961e-13,6.560728e-18,-6.8389738317e-13,0.0000e+00,0.9687
2674.59,-9.77773418e-13,8.352605e-13,6.483192e-18,-6.8389738317e-13,0.0000e+00,0.9687
2675.16,-9.77773418e-13,8.354478e-13,6.412213e-18,-6.8400840547e-13,0.0000e+00,0.9687
2675.73,-9.77773418e-13,8.356107e-13,6.156219e-18,-6.8423045008e-13,0.0000e+00,0.9687
2676.30,-9.77995462e-13,8.357630e-13,5.837335e-18,-6.8423045008e-13,0.0000e+00,0.9687
2676.87,-9.79549775e-13,8.358910e-13,5.625759e-18,-6.8434147238e-13,0.0000e+00,0.9687
2677.45,-9.80215908e-13,8.360102e-13,5.740682e-18,-6.8434147238e-13,0.0000e+00,0.9687
2678.02,-9.78883641e-13,8.361837e-13,6.268747e-18,-6.8467453929e-13,0.0000e+00,0.9687
2678.59,-9.76108083e-13,8.364338e-13,6.809544e-18,-6.8467453929e-13,0.0000e+00,0.9687
2679.16,-9.74886838e-13,8.366795e-13,6.707467e-18,-6.8467453929e-13,0.0000e+00,0.9687
2679.73,-9.76108083e-13,8.368685e-13,5.782584e-18,-6.8478556159e-13,0.0000e+00,0.9687
2680.31,-9.78883641e-13,8.370775e-13,5.113959e-18,-6.8478556159e-13,0.0000e+00,0.9687
2680.88,-9.80548975e-13,8.372396e-13,5.104148e-18,-6.8478556159e-13,0.0000e+00,0.9687
2681.45,-9.80548975e-13,8.373987e-13,5.552776e-18,-6.8511862850e-13,0.0000e+00,0.9687
2682.02,-9.80215908e-13,8.376678e-13,5.849064e-18,-6.8534067310e-13,0.0000e+00,0.9687
2682.59,-9.80215908e-13,8.378908e-13,5.937916e-18,-6.8534067310e-13,0.0000e+00,0.9687
2683.17,-9.80215908e-13,8.381291e-13,5.844460e-18,-6.8534067310e-13,0.0000e+00,0.9687
2683.74,-9.82103288e-13,8.383289e-13,6.013199e-18,-6.8556271771e-13,0.0000e+00,0.9687
2684.31,-9.83213511e-13,8.385036e-13,6.098070e-18,-6.8578476231e-13,0.0000e+00,0.9687
2684.88,-9.83435555e-13,8.386089e-13,5.752520e-18,-6.8567374001e-13,0.0000e+00,0.9687
2685.45,-9.81215109e-13,8.387157e-13,5.770812e-18,-6.8578476231e-13,0.0000e+00,0.9687
2686.03,-9.78106485e-13,8.387252e-13,5.856172e-18,-6.8600680692e-13,0.0000e+00,0.9687
2686.60,-9.78439552e-13,8.388675e-13,6.144690e-18,-6.8600680692e-13,0.0000e+00,0.9687
2687.17,-9.81215109e-13,8.390637e-13,6.604361e-18,-6.8611782922e-13,0.0000e+00,0.9687
2687.74,-9.83879644e-13,8.392761e-13,6.922419e-18,-6.8656191843e-13,0.0000e+00,0.9687
2688.31,-9.85322934e-13,8.395409e-13,6.880802e-18,-6.8667294073e-13,0.0000e+00,0.9687
2688.88,-9.83879644e-13,8.395759e-13,6.350238e-18,-6.8700600764e-13,0.0000e+00,0.9687
2689.46,-9.80215908e-13,8.397215e-13,5.707144e-18,-6.8700600764e-13,0.0000e+00,0.9687
2690.03,-9.78439552e-13,8.398482e-13,5.238127e-18,-6.8711702994e-13,0.0000e+00,0.9687
2690.60,-9.79549775e-13,8.399742e-13,5.020581e-18,-6.8711702994e-13,0.0000e+00,0.9687
2691.17,-9.82214310e-13,8.401021e-13,4.997009e-18,-6.8745009685e-13,0.0000e+00,0.9687
2691.74,-9.82547377e-13,8.402604e-13,4.681019e-18,-6.8756111915e-13,0.0000e+00,0.9687
2692.32,-9.80882042e-13,8.404312e-13,4.588833e-18,-6.8789418606e-13,0.0000e+00,0.9687
2692.89,-9.78106485e-13,8.406078e-13,4.568886e-18,-6.8800520836e-13,0.0000e+00,0.9687
2693.46,-9.78439552e-13,8.407769e-13,5.040215e-18,-6.8800520836e-13,0.0000e+00,0.9687
2694.03,-9.84545778e-13,8.408966e-13,5.410576e-18,-6.8811623066e-13,0.0000e+00,0.9687
2694.60,-9.92428362e-13,8.410135e-13,5.522776e-18,-6.8833827527e-13,0.0000e+00,0.9687
2695.18,-9.96980276e-13,8.411212e-13,5.333377e-18,-6.8833827527e-13,0.0000e+00,0.9687
2695.75,-9.94759830e-13,8.412388e-13,5.136985e-18,-6.8844929757e-13,0.0000e+00,0.9687
2696.32,-9.86655202e-13,8.413175e-13,4.823145e-18,-6.8844929757e-13,0.0000e+00,0.9687
2696.89,-9.78883641e-13,8.413910e-13,4.631063e-18,-6.8856031987e-13,0.0000e+00,0.9687
2697.46,-9.77107284e-13,8.414812e-13,4.867262e-18,-6.8889338678e-13,0.0000e+00,0.9687
2698.04,-9.80326931e-13,8.415544e-13,4.964292e-18,-6.8889338678e-13,0.0000e+00,0.9687
2698.61,-9.80659998e-13,8.416518e-13,4.908376e-18,-6.8889338678e-13,0.0000e+00,0.9687
2699.18,-9.78883641e-13,8.417424e-13,5.180636e-18,-6.8900440908e-13,0.0000e+00,0.9687
2699.75,-9.76996262e-13,8.418315e-13,5.420305e-18,-6.8922645369e-13,0.0000e+00,0.9687
2700.32,-9.78883641e-13,8.419378e-13,5.265829e-18,-6.8922645369e-13,0.0000e+00,0.9687
2700.90,-9.84101689e-13,8.420409e-13,5.029692e-18,-6.8933747599e-13,0.0000e+00,0.9687
2701.47,-9.87321336e-13,8.421484e-13,5.156320e-18,-6.8933747599e-13,0.0000e+00,0.9687
2702.04,-9.87432358e-13,8.422825e-13,6.084037e-18,-6.8944849829e-13,0.0000e+00,0.9687
2702.61,-9.84545778e-13,8.424780e-13,6.589503e-18,-6.8978156520e-13,0.0000e+00,0.9687
2703.18,-9.80659998e-13,8.426529e-13,6.563967e-18,-6.9011463211e-13,0.0000e+00,0.9687
2703.76,-9.78328529e-13,8.428229e-13,6.499549e-18,-6.9011463211e-13,0.0000e+00,0.9687
2704.33,-9.78994663e-13,8.429795e-13,6.440858e-18,-6.9011463211e-13,0.0000e+00,0.9687
2704.90,-9.82103288e-13,8.431624e-13,6.816247e-18,-6.9022565441e-13,0.0000e+00,0.9687
2705.47,-9.82436354e-13,8.433919e-13,7.930662e-18,-6.9022565441e-13,0.0000e+00,0.9687
2706.04,-9.80993065e-13,8.436386e-13,8.771877e-18,-6.9033667671e-13,0.0000e+00,0.9687
2706.62,-9.78328529e-13,8.438405e-13,8.189140e-18,-6.9066974362e-13,0.0000e+00,0.9687
2707.19,-9.78661596e-13,8.440036e-13,7.480754e-18,-6.9100281053e-13,0.0000e+00,0.9687
2707.76,-9.82769421e-13,8.441236e-13,7.065116e-18,-6.9111383283e-13,0.0000e+00,0.9687
2708.33,-9.85989068e-13,8.443016e-13,7.453845e-18,-6.9111383283e-13,0.0000e+00,0.9687
2708.90,-9.86988269e-13,8.445079e-13,8.087749e-18,-6.9122485513e-13,0.0000e+00,0.9687
2709.48,-9.87099291e-13,8.446646e-13,8.406697e-18,-6.9144689974e-13,0.0000e+00,0.9687
2710.05,-9.88653603e-13,8.447696e-13,8.777581e-18,-6.9189098895e-13,0.0000e+00,0.9687
2710.62,-9.90540983e-13,8.448896e-13,9.079664e-18,-6.9189098895e-13,0.0000e+00,0.9687
2711.19,-9.91651206e-13,8.450897e-13,9.114237e-18,-6.9200201125e-13,0.0000e+00,0.9687
2711.76,-9.89319737e-13,8.453040e-13,9.327154e-18,-6.9200201125e-13,0.0000e+00,0.9687
2712.34,-9.85322934e-13,8.455935e-13,1.017560e-17,-6.9233507816e-13,0.0000e+00,0.9687
2712.91,-9.80659998e-13,8.458710e-13,1.063643e-17,-6.9255712276e-13,0.0000e+00,0.9687
2713.48,-9.78883641e-13,8.460493e-13,1.013536e-17,-6.9244610046e-13,0.0000e+00,0.9687
2714.05,-9.80548975e-13,8.462241e-13,9.858915e-18,-6.9244610046e-13,0.0000e+00,0.9687
2714.62,-9.83102488e-13,8.463618e-13,1.021903e-17,-6.9277916737e-13,0.0000e+00,0.9687
2715.20,-9.85322934e-13,8.466147e-13,1.061518e-17,-6.9289018967e-13,0.0000e+00,0.9687
2715.77,-9.84545778e-13,8.468989e-13,1.120779e-17,-6.9300121197e-13,0.0000e+00,0.9687
2716.34,-9.84101689e-13,8.471546e-13,1.204160e-17,-6.9333427888e-13,0.0000e+00,0.9687
2716.91,-9.84101689e-13,8.474682e-13,1.232361e-17,-6.9344530118e-13,0.0000e+00,0.9687
2717.48,-9.85322934e-13,8.477789e-13,1.193930e-17,-6.9377836809e-13,0.0000e+00,0.9687
2718.06,-9.86988269e-13,8.480468e-13,1.098144e-17,-6.9388939039e-13,0.0000e+00,0.9687
2718.63,-9.87099291e-13,8.483118e-13,1.003539e-17,-6.9388939039e-13,0.0000e+00,0.9687
2719.20,-9.87099291e-13,8.485690e-13,9.460607e-18,-6.9433347960e-13,0.0000e+00,0.9687
2719.77,-9.87099291e-13,8.488394e-13,9.433215e-18,-6.9455552421e-13,0.0000e+00,0.9687
2720.34,-9.87099291e-13,8.490263e-13,9.244064e-18,-6.9455552421e-13,0.0000e+00,0.9687
2720.92,-9.87099291e-13,8.491914e-13,9.275563e-18,-6.9499961342e-13,0.0000e+00,0.9687
2721.49,-9.87099291e-13,8.493892e-13,9.719268e-18,-6.9499961342e-13,0.0000e+00,0.9687
2722.06,-9.86655202e-13,8.495481e-13,1.010747e-17,-6.9522165802e-13,0.0000e+00,0.9687
2722.63,-9.85100890e-13,8.497265e-13,1.030007e-17,-6.9555472493e-13,0.0000e+00,0.9687
2723.20,-9.85656001e-13,8.499682e-13,1.032295e-17,-6.9588779184e-13,0.0000e+00,0.9687
2723.78,-9.87099291e-13,8.502256e-13,1.028567e-17,-6.9588779184e-13,0.0000e+00,0.9687
2724.35,-9.87765425e-13,8.505060e-13,1.015155e-17,-6.9599881414e-13,0.0000e+00,0.9687
2724.92,-9.87321336e-13,8.508409e-13,9.841615e-18,-6.9610983644e-13,0.0000e+00,0.9687
2725.49,-9.85989068e-13,8.511608e-13,9.412414e-18,-6.9655392565e-13,0.0000e+00,0.9687
2726.06,-9.85767024e-13,8.514384e-13,9.210852e-18,-6.9655392565e-13,0.0000e+00,0.9687
2726.64,-9.87765425e-13,8.515773e-13,9.072640e-18,-6.9666494795e-13,0.0000e+00,0.9687
2727.21,-9.90207916e-13,8.516695e-13,9.352533e-18,-6.9666494795e-13,0.0000e+00,0.9687
2727.78,-9.92206317e-13,8.517424e-13,9.551921e-18,-6.9666494795e-13,0.0000e+00,0.9687
2728.35,-9.91873250e-13,8.518318e-13,9.544837e-18,-6.9688699256e-13,0.0000e+00,0.9687
2728.92,-9.91540183e-13,8.519024e-13,9.707017e-18,-6.9688699256e-13,0.0000e+00,0.9687
2729.50,-9.91540183e-13,8.520553e-13,9.977161e-18,-6.9710903716e-13,0.0000e+00,0.9687
2730.07,-9.91540183e-13,8.522379e-13,1.029099e-17,-6.9710903716e-13,0.0000e+00,0.9687
2730.64,-9.91540183e-13,8.524736e-13,1.020022e-17,-6.9733108177e-13,0.0000e+00,0.9687
2731.21,-9.91207116e-13,8.527269e-13,9.864465e-18,-6.9744210407e-13,0.0000e+00,0.9687
2731.78,-9.88875648e-13,8.529658e-13,9.563357e-18,-6.9755312637e-13,0.0000e+00,0.9687
2732.36,-9.86433157e-13,8.531648e-13,9.559071e-18,-6.9755312637e-13,0.0000e+00,0.9687
2732.93,-9.86988269e-13,8.533955e-13,9.612779e-18,-6.9777517098e-13,0.0000e+00,0.9687
2733.50,-9.89541782e-13,8.535967e-13,9.665336e-18,-6.9777517098e-13,0.0000e+00,0.9687
2734.07,-9.92206317e-13,8.537710e-13,9.601577e-18,-6.9788619328e-13,0.0000e+00,0.9687
2734.64,-9.93205518e-13,8.539070e-13,9.497753e-18,-6.9799721558e-13,0.0000e+00,0.9687
2735.22,-9.92872451e-13,8.541000e-13,9.502931e-18,-6.9821926019e-13,0.0000e+00,0.9687
2735.79,-9.92539384e-13,8.543112e-13,9.737779e-18,-6.9833028249e-13,0.0000e+00,0.9687
2736.36,-9.94204719e-13,8.545479e-13,9.956463e-18,-6.9877437170e-13,0.0000e+00,0.9687
2736.93,-9.94870852e-13,8.547331e-13,1.015227e-17,-6.9877437170e-13,0.0000e+00,0.9687
2737.50,-9.94204719e-13,8.549699e-13,1.052437e-17,-6.9910743861e-13,0.0000e+00,0.9687
2738.08,-9.90540983e-13,8.551964e-13,1.035156e-17,-6.9921846091e-13,0.0000e+00,0.9687
2738.65,-9.86766224e-13,8.554643e-13,9.818100e-18,-6.9955152782e-13,0.0000e+00,0.9687
2739.22,-9.84434756e-13,8.556861e-13,9.593657e-18,-6.9977357242e-13,0.0000e+00,0.9687
2739.79,-9.84767823e-13,8.559375e-13,9.615382e-18,-6.9999561703e-13,0.0000e+00,0.9687
2740.36,-9.86100090e-13,8.561213e-13,9.649226e-18,-7.0010663933e-13,0.0000e+00,0.9687
2740.94,-9.85989068e-13,8.563149e-13,9.735409e-18,-7.0010663933e-13,0.0000e+00,0.9687
2741.51,-9.84767823e-13,8.565151e-13,9.898874e-18,-7.0021766163e-13,0.0000e+00,0.9687
2742.08,-9.85433957e-13,8.567060e-13,1.003807e-17,-7.0021766163e-13,0.0000e+00,0.9687
2742.65,-9.90652005e-13,8.568800e-13,1.009574e-17,-7.0043970624e-13,0.0000e+00,0.9687
2743.22,-9.98090499e-13,8.571313e-13,1.009040e-17,-7.0043970624e-13,0.0000e+00,0.9687
2743.80,-1.00219832e-12,8.573727e-13,9.928904e-18,-7.0066175084e-13,0.0000e+00,0.9687
2744.37,-9.99866856e-13,8.575625e-13,9.811745e-18,-7.0088379545e-13,0.0000e+00,0.9687
2744.94,-9.92428362e-13,8.577347e-13,9.929329e-18,-7.0099481775e-13,0.0000e+00,0.9687
2745.51,-9.86100090e-13,8.579492e-13,1.034986e-17,-7.0143890696e-13,0.0000e+00,0.9687
2746.08,-9.85989068e-13,8.580911e-13,1.103063e-17,-7.0154992926e-13,0.0000e+00,0.9687
2746.66,-9.88653603e-13,8.582667e-13,1.151252e-17,-7.0154992926e-13,0.0000e+00,0.9687
2747.23,-9.89208715e-13,8.584469e-13,1.143515e-17,-7.0154992926e-13,0.0000e+00,0.9687
2747.80,-9.85433957e-13,8.587361e-13,1.090913e-17,-7.0188299617e-13,0.0000e+00,0.9687
2748.37,-9.81215109e-13,8.590599e-13,1.024349e-17,-7.0199401847e-13,0.0000e+00,0.9687
2748.94,-9.81215109e-13,8.593867e-13,9.740474e-18,-7.0266015229e-13,0.0000e+00,0.9687
2749.51,-9.85656001e-13,8.596948e-13,9.572139e-18,-7.0266015229e-13,0.0000e+00,0.9687
2750.09,-9.90318938e-13,8.600199e-13,9.636114e-18,-7.0277117459e-13,0.0000e+00,0.9687
2750.66,-9.91207116e-13,8.603039e-13,9.596180e-18,-7.0277117459e-13,0.0000e+00,0.9687
2751.23,-9.87765425e-13,8.605837e-13,9.251544e-18,-7.0321526380e-13,0.0000e+00,0.9687
2751.80,-9.85322934e-13,8.608274e-13,8.969775e-18,-7.0332628610e-13,0.0000e+00,0.9687
2752.37,-9.86433157e-13,8.610444e-13,8.598650e-18,-7.0377037531e-13,0.0000e+00,0.9687
2752.95,-9.92872451e-13,8.612263e-13,8.449657e-18,-7.0365935301e-13,0.0000e+00,0.9687
2753.52,-1.00019992e-12,8.614129e-13,8.447385e-18,-7.0410344222e-13,0.0000e+00,0.9687
2754.09,-1.00242037e-12,8.615318e-13,8.322498e-18,-7.0410344222e-13,0.0000e+00,0.9687
2754.66,-9.99977878e-13,8.616866e-13,8.114457e-18,-7.0410344222e-13,0.0000e+00,0.9687
2755.23,-9.95425964e-13,8.618535e-13,7.680945e-18,-7.0410344222e-13,0.0000e+00,0.9687
2755.81,-9.91318139e-13,8.620214e-13,7.453453e-18,-7.0421446452e-13,0.0000e+00,0.9687
2756.38,-9.91540183e-13,8.622257e-13,7.086983e-18,-7.0443650912e-13,0.0000e+00,0.9687
2756.95,-9.92872451e-13,8.624650e-13,6.924622e-18,-7.0465855373e-13,0.0000e+00,0.9687
2757.52,-9.92872451e-13,8.626934e-13,6.465562e-18,-7.0532468754e-13,0.0000e+00,0.9687
2758.09,-9.89319737e-13,8.628841e-13,6.106150e-18,-7.0532468754e-13,0.0000e+00,0.9687
2758.67,-9.84101689e-13,8.630028e-13,6.052818e-18,-7.0532468754e-13,0.0000e+00,0.9687
2759.24,-9.79882842e-13,8.631269e-13,6.044656e-18,-7.0532468754e-13,0.0000e+00,0.9687
2759.81,-9.80659998e-13,8.632722e-13,5.749191e-18,-7.0543570985e-13,0.0000e+00,0.9687
2760.38,-9.86988269e-13,8.632587e-13,5.380478e-18,-7.0587979906e-13,0.0000e+00,0.9687
2760.95,-9.93871652e-13,8.632624e-13,5.228842e-18,-7.0587979906e-13,0.0000e+00,0.9687
2761.53,-9.99977878e-13,8.632923e-13,5.207507e-18,-7.0599082136e-13,0.0000e+00,0.9687
2762.10,-1.00153219e-12,8.633275e-13,5.248330e-18,-7.0599082136e-13,0.0000e+00,0.9687
2762.67,-1.00031095e-12,8.633827e-13,5.177872e-18,-7.0599082136e-13,0.0000e+00,0.9687
2763.24,-9.97313343e-13,8.635215e-13,5.401090e-18,-7.0632388827e-13,0.0000e+00,0.9687
2763.81,-9.93760629e-13,8.636878e-13,5.799496e-18,-7.0632388827e-13,0.0000e+00,0.9687
2764.39,-9.89874849e-13,8.639137e-13,5.828172e-18,-7.0632388827e-13,0.0000e+00,0.9687
2764.96,-9.87321336e-13,8.641701e-13,5.872038e-18,-7.0643491057e-13,0.0000e+00,0.9687
2765.53,-9.86988269e-13,8.643916e-13,5.928260e-18,-7.0676797748e-13,0.0000e+00,0.9687
2766.10,-9.87321336e-13,8.646170e-13,6.073643e-18,-7.0676797748e-13,0.0000e+00,0.9687
2766.67,-9.87432358e-13,8.648107e-13,6.369771e-18,-7.0687899978e-13,0.0000e+00,0.9687
2767.25,-9.87099291e-13,8.648728e-13,6.406496e-18,-7.0721206669e-13,0.0000e+00,0.9687
2767.82,-9.86655202e-13,8.649044e-13,6.303818e-18,-7.0721206669e-13,0.0000e+00,0.9687
2768.39,-9.90207916e-13,8.649789e-13,6.128415e-18,-7.0732308899e-13,0.0000e+00,0.9687
2768.96,-9.97091298e-13,8.650837e-13,5.955330e-18,-7.0732308899e-13,0.0000e+00,0.9687
2769.53,-1.00375264e-12,8.651837e-13,5.651578e-18,-7.0743411129e-13,0.0000e+00,0.9687
2770.11,-1.00508490e-12,8.653599e-13,5.948605e-18,-7.0743411129e-13,0.0000e+00,0.9687
2770.68,-1.00131015e-12,8.656183e-13,6.331501e-18,-7.0743411129e-13,0.0000e+00,0.9687
2771.25,-9.96092098e-13,8.657940e-13,6.503362e-18,-7.0743411129e-13,0.0000e+00,0.9687
2771.82,-9.94093696e-13,8.659881e-13,6.680976e-18,-7.0765615590e-13,0.0000e+00,0.9687
2772.39,-9.96092098e-13,8.661462e-13,7.118500e-18,-7.0765615590e-13,0.0000e+00,0.9687
2772.97,-9.97979477e-13,8.662903e-13,7.296528e-18,-7.0776717820e-13,0.0000e+00,0.9687
2773.54,-9.95648008e-13,8.664263e-13,7.528521e-18,-7.0787820050e-13,0.0000e+00,0.9687
2774.11,-9.90874049e-13,8.665208e-13,7.288883e-18,-7.0810024511e-13,0.0000e+00,0.9687
2774.68,-9.88320537e-13,8.666308e-13,7.378868e-18,-7.0821126741e-13,0.0000e+00,0.9687
2775.25,-9.90652005e-13,8.667263e-13,7.339951e-18,-7.0821126741e-13,0.0000e+00,0.9687
2775.83,-9.95759031e-13,8.668402e-13,7.282730e-18,-7.0832228971e-13,0.0000e+00,0.9687
2776.40,-9.99533789e-13,8.669658e-13,7.117432e-18,-7.0854433432e-13,0.0000e+00,0.9687
2776.97,-9.98312544e-13,8.670902e-13,6.617056e-18,-7.0854433432e-13,0.0000e+00,0.9687
2777.54,-9.95314942e-13,8.671499e-13,6.315469e-18,-7.0865535662e-13,0.0000e+00,0.9687
2778.11,-9.93205518e-13,8.672577e-13,6.285879e-18,-7.0876637892e-13,0.0000e+00,0.9687
2778.69,-9.93871652e-13,8.673643e-13,6.567337e-18,-7.0898842353e-13,0.0000e+00,0.9687
2779.26,-9.97091298e-13,8.674244e-13,7.268824e-18,-7.0898842353e-13,0.0000e+00,0.9687
2779.83,-9.97313343e-13,8.674690e-13,7.815411e-18,-7.0898842353e-13,0.0000e+00,0.9687
2780.40,-9.94093696e-13,8.675779e-13,7.843594e-18,-7.0909944583e-13,0.0000e+00,0.9687
2780.97,-9.90540983e-13,8.677004e-13,7.900133e-18,-7.0909944583e-13,0.0000e+00,0.9687
2781.55,-9.89319737e-13,8.678175e-13,8.184496e-18,-7.0921046813e-13,0.0000e+00,0.9687
2782.12,-9.89319737e-13,8.679278e-13,8.781087e-18,-7.0954353504e-13,0.0000e+00,0.9687
2782.69,-9.89319737e-13,8.681138e-13,9.508652e-18,-7.0965455734e-13,0.0000e+00,0.9687
2783.26,-9.90207916e-13,8.682583e-13,9.724858e-18,-7.0987660195e-13,0.0000e+00,0.9687
2783.83,-9.92539384e-13,8.683429e-13,9.076493e-18,-7.0998762425e-13,0.0000e+00,0.9687
2784.41,-9.94870852e-13,8.684792e-13,7.861105e-18,-7.1009864655e-13,0.0000e+00,0.9687
2784.98,-9.95425964e-13,8.686088e-13,7.224547e-18,-7.1043171346e-13,0.0000e+00,0.9687
2785.55,-9.95314942e-13,8.686983e-13,7.395243e-18,-7.1043171346e-13,0.0000e+00,0.9687
2786.12,-9.94870852e-13,8.688313e-13,7.717524e-18,-7.1043171346e-13,0.0000e+00,0.9687
2786.69,-9.96758232e-13,8.689763e-13,7.813308e-18,-7.1087580267e-13,0.0000e+00,0.9687
2787.27,-1.00186526e-12,8.691214e-13,7.179828e-18,-7.1120886957e-13,0.0000e+00,0.9687
2787.84,-1.00530695e-12,8.692424e-13,6.806035e-18,-7.1143091418e-13,0.0000e+00,0.9687
2788.41,-1.00608410e-12,8.694703e-13,6.777333e-18,-7.1143091418e-13,0.0000e+00,0.9687
2788.98,-1.00608410e-12,8.697469e-13,7.065899e-18,-7.1176398109e-13,0.0000e+00,0.9687
2789.55,-1.00597308e-12,8.700014e-13,7.219389e-18,-7.1176398109e-13,0.0000e+00,0.9687
2790.13,-1.00608410e-12,8.702403e-13,7.532156e-18,-7.1176398109e-13,0.0000e+00,0.9687
2790.70,-1.00608410e-12,8.703505e-13,8.012114e-18,-7.1220807030e-13,0.0000e+00,0.9687
2791.27,-1.00797148e-12,8.704835e-13,8.498166e-18,-7.1220807030e-13,0.0000e+00,0.9687
2791.84,-1.00830455e-12,8.706000e-13,8.976881e-18,-7.1231909260e-13,0.0000e+00,0.9687
2792.41,-1.00708331e-12,8.707451e-13,9.208492e-18,-7.1254113720e-13,0.0000e+00,0.9687
2792.99,-1.00475184e-12,8.708932e-13,9.368443e-18,-7.1276318181e-13,0.0000e+00,0.9687
2793.56,-1.00086606e-12,8.710752e-13,9.357210e-18,-7.1298522641e-13,0.0000e+00,0.9687
2794.13,-9.96425165e-13,8.712606e-13,9.453508e-18,-7.1320727102e-13,0.0000e+00,0.9687
2794.70,-9.94426763e-13,8.713867e-13,9.674521e-18,-7.1342931562e-13,0.0000e+00,0.9687
2795.27,-9.96092098e-13,8.714760e-13,9.843033e-18,-7.1342931562e-13,0.0000e+00,0.9687
2795.85,-1.00131015e-12,8.715764e-13,9.353487e-18,-7.1365136023e-13,0.0000e+00,0.9687
2796.42,-1.00575104e-12,8.717733e-13,8.966071e-18,-7.1365136023e-13,0.0000e+00,0.9687
2796.99,-1.00697228e-12,8.719456e-13,9.012335e-18,-7.1398442714e-13,0.0000e+00,0.9687
2797.56,-1.00641717e-12,8.721144e-13,8.766075e-18,-7.1398442714e-13,0.0000e+00,0.9687
2798.13,-1.00630615e-12,8.723623e-13,8.908154e-18,-7.1398442714e-13,0.0000e+00,0.9687
2798.71,-1.00630615e-12,8.726500e-13,9.261262e-18,-7.1431749404e-13,0.0000e+00,0.9687
2799.28,-1.00630615e-12,8.729408e-13,9.532449e-18,-7.1431749404e-13,0.0000e+00,0.9687
2799.85,-1.00630615e-12,8.732402e-13,9.891718e-18,-7.1431749404e-13,0.0000e+00,0.9687
2800.42,-1.00630615e-12,8.734798e-13,1.022536e-17,-7.1453953865e-13,0.0000e+00,0.9687
2800.99,-1.00630615e-12,8.736289e-13,1.026170e-17,-7.1453953865e-13,0.0000e+00,0.9687
2801.57,-1.00441877e-12,8.737823e-13,1.026497e-17,-7.1465056095e-13,0.0000e+00,0.9687
2802.14,-1.00064401e-12,8.739344e-13,1.039444e-17,-7.1498362786e-13,0.0000e+00,0.9687
2802.71,-9.99644811e-13,8.741383e-13,1.059449e-17,-7.1498362786e-13,0.0000e+00,0.9687
2803.28,-1.00286446e-12,8.743756e-13,1.096625e-17,-7.1542771707e-13,0.0000e+00,0.9687
2803.85,-1.01174624e-12,8.745918e-13,1.118888e-17,-7.1553873937e-13,0.0000e+00,0.9687
2804.43,-1.01996189e-12,8.747909e-13,1.124429e-17,-7.1553873937e-13,0.0000e+00,0.9687
2805.00,-1.02151620e-12,8.749803e-13,1.161998e-17,-7.1576078398e-13,0.0000e+00,0.9687
2805.57,-1.01774145e-12,8.751746e-13,1.199467e-17,-7.1598282858e-13,0.0000e+00,0.9687
2806.14,-1.01418873e-12,8.753354e-13,1.235071e-17,-7.1642691779e-13,0.0000e+00,0.9687
2806.71,-1.01241238e-12,8.754237e-13,1.282735e-17,-7.1642691779e-13,0.0000e+00,0.9687
2807.29,-1.01318953e-12,8.755790e-13,1.314182e-17,-7.1675998470e-13,0.0000e+00,0.9687
2807.86,-1.01341158e-12,8.757741e-13,1.334133e-17,-7.1687100700e-13,0.0000e+00,0.9687
2808.43,-1.01063602e-12,8.760638e-13,1.367886e-17,-7.1720407391e-13,0.0000e+00,0.9687
2809.00,-1.00985886e-12,8.763202e-13,1.377287e-17,-7.1720407391e-13,0.0000e+00,0.9687
2809.57,-1.01152420e-12,8.765380e-13,1.305995e-17,-7.1764816312e-13,0.0000e+00,0.9687
2810.15,-1.01596509e-12,8.767741e-13,1.231568e-17,-7.1764816312e-13,0.0000e+00,0.9687
2810.72,-1.02029496e-12,8.770028e-13,1.208522e-17,-7.1775918542e-13,0.0000e+00,0.9687
2811.29,-1.02140518e-12,8.772239e-13,1.232438e-17,-7.1798123003e-13,0.0000e+00,0.9687
2811.86,-1.01829656e-12,8.774702e-13,1.266024e-17,-7.1820327463e-13,0.0000e+00,0.9687
2812.43,-1.01452180e-12,8.777469e-13,1.322412e-17,-7.1842531923e-13,0.0000e+00,0.9687
2813.00,-1.01307851e-12,8.780012e-13,1.366470e-17,-7.1853634154e-13,0.0000e+00,0.9687
2813.58,-1.01418873e-12,8.782474e-13,1.359929e-17,-7.1886940844e-13,0.0000e+00,0.9687
2814.15,-1.01540998e-12,8.785030e-13,1.334569e-17,-7.1886940844e-13,0.0000e+00,0.9687
2814.72,-1.01418873e-12,8.788075e-13,1.334084e-17,-7.1898043075e-13,0.0000e+00,0.9687
2815.29,-1.01285647e-12,8.790850e-13,1.325190e-17,-7.1931349765e-13,0.0000e+00,0.9687
2815.86,-1.01307851e-12,8.793046e-13,1.316807e-17,-7.1931349765e-13,0.0000e+00,0.9687
2816.44,-1.01307851e-12,8.794735e-13,1.305315e-17,-7.1942451996e-13,0.0000e+00,0.9687
2817.01,-1.01318953e-12,8.796281e-13,1.312465e-17,-7.1953554226e-13,0.0000e+00,0.9687
2817.58,-1.01374464e-12,8.798015e-13,1.338415e-17,-7.1986860917e-13,0.0000e+00,0.9687
2818.15,-1.01563202e-12,8.799314e-13,1.378116e-17,-7.1986860917e-13,0.0000e+00,0.9687
2818.72,-1.01663122e-12,8.801267e-13,1.422057e-17,-7.1986860917e-13,0.0000e+00,0.9687
2819.30,-1.01607611e-12,8.802754e-13,1.460874e-17,-7.2020167607e-13,0.0000e+00,0.9687
2819.87,-1.01452180e-12,8.804649e-13,1.485243e-17,-7.2031269838e-13,0.0000e+00,0.9687
2820.44,-1.01274544e-12,8.806321e-13,1.469168e-17,-7.2042372068e-13,0.0000e+00,0.9687
2821.01,-1.01274544e-12,8.808459e-13,1.426277e-17,-7.2064576528e-13,0.0000e+00,0.9687
2821.58,-1.01374464e-12,8.811342e-13,1.397458e-17,-7.2064576528e-13,0.0000e+00,0.9687
2822.16,-1.01674225e-12,8.814478e-13,1.416795e-17,-7.2086780989e-13,0.0000e+00,0.9687
2822.73,-1.01774145e-12,8.817346e-13,1.469770e-17,-7.2086780989e-13,0.0000e+00,0.9687
2823.30,-1.01696429e-12,8.820619e-13,1.503271e-17,-7.2108985449e-13,0.0000e+00,0.9687
2823.87,-1.01307851e-12,8.824392e-13,1.494504e-17,-7.2120087680e-13,0.0000e+00,0.9687
2824.44,-1.01174624e-12,8.827060e-13,1.471002e-17,-7.2131189910e-13,0.0000e+00,0.9687
2825.02,-1.01496589e-12,8.829428e-13,1.454690e-17,-7.2131189910e-13,0.0000e+00,0.9687
2825.59,-1.01996189e-12,8.831382e-13,1.438624e-17,-7.2153394370e-13,0.0000e+00,0.9687
2826.16,-1.02318154e-12,8.833238e-13,1.436880e-17,-7.2153394370e-13,0.0000e+00,0.9687
2826.73,-1.02351461e-12,8.835677e-13,1.430682e-17,-7.2175598831e-13,0.0000e+00,0.9687
2827.30,-1.02140518e-12,8.837807e-13,1.419841e-17,-7.2197803291e-13,0.0000e+00,0.9687
2827.88,-1.01996189e-12,8.839964e-13,1.356565e-17,-7.2197803291e-13,0.0000e+00,0.9687
2828.45,-1.01996189e-12,8.842328e-13,1.302929e-17,-7.2242212212e-13,0.0000e+00,0.9687
2829.02,-1.01996189e-12,8.844930e-13,1.267337e-17,-7.2264416673e-13,0.0000e+00,0.9687
2829.59,-1.02118314e-12,8.846524e-13,1.244723e-17,-7.2264416673e-13,0.0000e+00,0.9687
2830.16,-1.02251541e-12,8.848114e-13,1.248936e-17,-7.2308825594e-13,0.0000e+00,0.9687
2830.74,-1.02240438e-12,8.849127e-13,1.277450e-17,-7.2308825594e-13,0.0000e+00,0.9687
2831.31,-1.02184927e-12,8.850579e-13,1.289075e-17,-7.2353234515e-13,0.0000e+00,0.9687
2831.88,-1.02151620e-12,8.852397e-13,1.309708e-17,-7.2364336745e-13,0.0000e+00,0.9687
2832.45,-1.02284847e-12,8.853492e-13,1.274662e-17,-7.2386541206e-13,0.0000e+00,0.9687
2833.02,-1.02384767e-12,8.855614e-13,1.161156e-17,-7.2408745666e-13,0.0000e+00,0.9687
2833.60,-1.02573505e-12,8.857935e-13,1.031816e-17,-7.2430950127e-13,0.0000e+00,0.9687
2834.17,-1.02573505e-12,8.860233e-13,9.406888e-18,-7.2453154587e-13,0.0000e+00,0.9687
2834.74,-1.02307052e-12,8.862022e-13,8.803556e-18,-7.2453154587e-13,0.0000e+00,0.9687
2835.31,-1.01985087e-12,8.863373e-13,8.726617e-18,-7.2453154587e-13,0.0000e+00,0.9687
2835.88,-1.01985087e-12,8.864663e-13,8.505065e-18,-7.2475359048e-13,0.0000e+00,0.9687
2836.46,-1.02018394e-12,8.865331e-13,7.990074e-18,-7.2497563508e-13,0.0000e+00,0.9687
2837.03,-1.01985087e-12,8.866276e-13,7.201386e-18,-7.2497563508e-13,0.0000e+00,0.9687
2837.60,-1.01962883e-12,8.867071e-13,6.838577e-18,-7.2497563508e-13,0.0000e+00,0.9687
2838.17,-1.01962883e-12,8.867580e-13,6.417150e-18,-7.2497563508e-13,0.0000e+00,0.9687
2838.74,-1.01996189e-12,8.868241e-13,6.185699e-18,-7.2530870199e-13,0.0000e+00,0.9687
2839.32,-1.02018394e-12,8.868912e-13,6.133654e-18,-7.2530870199e-13,0.0000e+00,0.9687
2839.89,-1.02018394e-12,8.869630e-13,6.493007e-18,-7.2530870199e-13,0.0000e+00,0.9687
2840.46,-1.02018394e-12,8.871368e-13,6.821869e-18,-7.2564176890e-13,0.0000e+00,0.9687
2841.03,-1.02085007e-12,8.873032e-13,7.170564e-18,-7.2564176890e-13,0.0000e+00,0.9687
2841.60,-1.02118314e-12,8.874468e-13,7.333296e-18,-7.2575279120e-13,0.0000e+00,0.9687
2842.18,-1.01962883e-12,8.876054e-13,7.072540e-18,-7.2575279120e-13,0.0000e+00,0.9687
2842.75,-1.01674225e-12,8.877919e-13,6.951678e-18,-7.2575279120e-13,0.0000e+00,0.9687
2843.32,-1.01574305e-12,8.879570e-13,7.359289e-18,-7.2575279120e-13,0.0000e+00,0.9687
2843.89,-1.01640918e-12,8.881627e-13,7.602393e-18,-7.2619688041e-13,0.0000e+00,0.9687
2844.46,-1.01896269e-12,8.883233e-13,7.489579e-18,-7.2619688041e-13,0.0000e+00,0.9687
2845.04,-1.02051700e-12,8.884870e-13,7.632674e-18,-7.2630790271e-13,0.0000e+00,0.9687
2845.61,-1.02118314e-12,8.886346e-13,7.791012e-18,-7.2652994731e-13,0.0000e+00,0.9687
2846.18,-1.02118314e-12,8.887368e-13,7.491235e-18,-7.2652994731e-13,0.0000e+00,0.9687
2846.75,-1.02140518e-12,8.888365e-13,7.450546e-18,-7.2675199192e-13,0.0000e+00,0.9687
2847.32,-1.02140518e-12,8.889125e-13,7.826839e-18,-7.2675199192e-13,0.0000e+00,0.9687
2847.90,-1.02173825e-12,8.890643e-13,8.262655e-18,-7.2675199192e-13,0.0000e+00,0.9687
2848.47,-1.02096109e-12,8.892083e-13,8.131082e-18,-7.2741812573e-13,0.0000e+00,0.9687
2849.04,-1.02307052e-12,8.893050e-13,8.178111e-18,-7.2741812573e-13,0.0000e+00,0.9687
2849.61,-1.02728936e-12,8.894457e-13,8.433376e-18,-7.2786221494e-13,0.0000e+00,0.9687
2850.18,-1.02995390e-12,8.895538e-13,8.866591e-18,-7.2786221494e-13,0.0000e+00,0.9687
2850.76,-1.03095310e-12,8.897218e-13,9.307048e-18,-7.2797323725e-13,0.0000e+00,0.9687
2851.33,-1.03028697e-12,8.899286e-13,9.327158e-18,-7.2830630415e-13,0.0000e+00,0.9687
2851.90,-1.02817754e-12,8.901438e-13,9.354010e-18,-7.2830630415e-13,0.0000e+00,0.9687
2852.47,-1.02817754e-12,8.903168e-13,9.187454e-18,-7.2852834876e-13,0.0000e+00,0.9687
2853.04,-1.02984288e-12,8.903937e-13,8.628706e-18,-7.2886141567e-13,0.0000e+00,0.9687
2853.62,-1.03117515e-12,8.904658e-13,8.296614e-18,-7.2897243797e-13,0.0000e+00,0.9687
2854.19,-1.03150821e-12,8.904983e-13,8.499421e-18,-7.2897243797e-13,0.0000e+00,0.9687
2854.76,-1.02984288e-12,8.905427e-13,9.237003e-18,-7.2930550488e-13,0.0000e+00,0.9687
2855.33,-1.02706732e-12,8.906518e-13,9.314654e-18,-7.2974959409e-13,0.0000e+00,0.9687
2855.90,-1.02673425e-12,8.907909e-13,8.847467e-18,-7.3019368330e-13,0.0000e+00,0.9687
2856.48,-1.02706732e-12,8.909882e-13,8.724506e-18,-7.3030470560e-13,0.0000e+00,0.9687
2857.05,-1.02828857e-12,8.911347e-13,7.648851e-18,-7.3052675020e-13,0.0000e+00,0.9687
2857.62,-1.02851061e-12,8.912638e-13,6.958401e-18,-7.3063777251e-13,0.0000e+00,0.9687
2858.19,-1.02862163e-12,8.913319e-13,6.951584e-18,-7.3063777251e-13,0.0000e+00,0.9687
2858.76,-1.02862163e-12,8.914268e-13,7.265329e-18,-7.3108186172e-13,0.0000e+00,0.9687
2859.34,-1.02862163e-12,8.915460e-13,7.655223e-18,-7.3097083941e-13,0.0000e+00,0.9687
2859.91,-1.02828857e-12,8.916687e-13,8.548813e-18,-7.3108186172e-13,0.0000e+00,0.9687
2860.48,-1.02817754e-12,8.917950e-13,9.222932e-18,-7.3119288402e-13,0.0000e+00,0.9687
2861.05,-1.02629016e-12,8.918790e-13,9.375376e-18,-7.3119288402e-13,0.0000e+00,0.9687
2861.62,-1.02706732e-12,8.920006e-13,9.643702e-18,-7.3119288402e-13,0.0000e+00,0.9687
2862.20,-1.03117515e-12,8.921938e-13,9.391533e-18,-7.3163697323e-13,0.0000e+00,0.9687
2862.77,-1.03661524e-12,8.924264e-13,8.827870e-18,-7.3185901783e-13,0.0000e+00,0.9687
2863.34,-1.04150022e-12,8.926693e-13,8.406470e-18,-7.3185901783e-13,0.0000e+00,0.9687
2863.91,-1.04272146e-12,8.929371e-13,8.134823e-18,-7.3208106244e-13,0.0000e+00,0.9687
2864.48,-1.04183329e-12,8.932114e-13,7.798165e-18,-7.3252515165e-13,0.0000e+00,0.9687
2865.06,-1.04249942e-12,8.934141e-13,7.047087e-18,-7.3252515165e-13,0.0000e+00,0.9687
2865.63,-1.04560804e-12,8.935934e-13,7.087217e-18,-7.3285821856e-13,0.0000e+00,0.9687
2866.20,-1.05049303e-12,8.936995e-13,7.153329e-18,-7.3285821856e-13,0.0000e+00,0.9687
2866.77,-1.05337961e-12,8.937557e-13,6.997109e-18,-7.3285821856e-13,0.0000e+00,0.9687
2867.34,-1.05027098e-12,8.937785e-13,6.781738e-18,-7.3296924086e-13,0.0000e+00,0.9687
2867.92,-1.04338760e-12,8.938054e-13,6.411303e-18,-7.3308026316e-13,0.0000e+00,0.9687
2868.49,-1.03761444e-12,8.937930e-13,6.090191e-18,-7.3308026316e-13,0.0000e+00,0.9687
2869.06,-1.03506093e-12,8.938327e-13,6.515285e-18,-7.3330230776e-13,0.0000e+00,0.9687
2869.63,-1.03594910e-12,8.939497e-13,6.656621e-18,-7.3341333007e-13,0.0000e+00,0.9687
2870.20,-1.03561604e-12,8.940790e-13,6.334504e-18,-7.3341333007e-13,0.0000e+00,0.9687
2870.78,-1.03561604e-12,8.942665e-13,6.362933e-18,-7.3341333007e-13,0.0000e+00,0.9687
2871.35,-1.03539399e-12,8.945197e-13,7.300464e-18,-7.3374639697e-13,0.0000e+00,0.9687
2871.92,-1.03528297e-12,8.948623e-13,7.502623e-18,-7.3385741928e-13,0.0000e+00,0.9687
2872.49,-1.03528297e-12,8.952521e-13,7.130834e-18,-7.3396844158e-13,0.0000e+00,0.9687
2873.06,-1.03694830e-12,8.956016e-13,6.885594e-18,-7.3441253079e-13,0.0000e+00,0.9687
2873.63,-1.03850262e-12,8.958834e-13,6.686462e-18,-7.3474559770e-13,0.0000e+00,0.9687
2874.21,-1.03927977e-12,8.959615e-13,6.511923e-18,-7.3463457539e-13,0.0000e+00,0.9687
2874.78,-1.03894671e-12,8.960454e-13,6.441748e-18,-7.3507866460e-13,0.0000e+00,0.9687
2875.35,-1.03828057e-12,8.962662e-13,6.308433e-18,-7.3552275381e-13,0.0000e+00,0.9687
2875.92,-1.03961284e-12,8.964334e-13,6.359028e-18,-7.3552275381e-13,0.0000e+00,0.9687
2876.49,-1.04405373e-12,8.964776e-13,6.416898e-18,-7.3574479842e-13,0.0000e+00,0.9687
2877.07,-1.04627418e-12,8.965914e-13,6.569728e-18,-7.3574479842e-13,0.0000e+00,0.9687
2877.64,-1.04372067e-12,8.968176e-13,7.041963e-18,-7.3607786533e-13,0.0000e+00,0.9687
2878.21,-1.03894671e-12,8.968213e-13,7.532351e-18,-7.3607786533e-13,0.0000e+00,0.9687
2878.78,-1.03694830e-12,8.969953e-13,7.623413e-18,-7.3607786533e-13,0.0000e+00,0.9687
2879.35,-1.04150022e-12,8.971922e-13,7.614916e-18,-7.3607786533e-13,0.0000e+00,0.9687
2879.93,-1.04782849e-12,8.973397e-13,7.894894e-18,-7.3641093223e-13,0.0000e+00,0.9687
2880.50,-1.05215836e-12,8.974696e-13,8.337838e-18,-7.3641093223e-13,0.0000e+00,0.9687
2881.07,-1.05238041e-12,8.975970e-13,8.802173e-18,-7.3663297684e-13,0.0000e+00,0.9687
2881.64,-1.05204734e-12,8.978073e-13,8.830372e-18,-7.3663297684e-13,0.0000e+00,0.9687
2882.21,-1.05238041e-12,8.980279e-13,8.884646e-18,-7.3707706605e-13,0.0000e+00,0.9687
2882.79,-1.05215836e-12,8.982522e-13,8.881814e-18,-7.3752115526e-13,0.0000e+00,0.9687
2883.36,-1.05215836e-12,8.984310e-13,9.026607e-18,-7.3752115526e-13,0.0000e+00,0.9687
2883.93,-1.05215836e-12,8.985517e-13,8.561244e-18,-7.3774319986e-13,0.0000e+00,0.9687
2884.50,-1.05104814e-12,8.986496e-13,8.436170e-18,-7.3774319986e-13,0.0000e+00,0.9687
2885.07,-1.05138120e-12,8.987514e-13,8.723390e-18,-7.3785422217e-13,0.0000e+00,0.9687
2885.65,-1.05304654e-12,8.989094e-13,9.227112e-18,-7.3785422217e-13,0.0000e+00,0.9687
2886.22,-1.05371267e-12,8.991257e-13,9.735598e-18,-7.3785422217e-13,0.0000e+00,0.9687
2886.79,-1.05271347e-12,8.994513e-13,1.022835e-17,-7.3829831138e-13,0.0000e+00,0.9687
2887.36,-1.04893871e-12,8.997957e-13,1.030843e-17,-7.3840933368e-13,0.0000e+00,0.9687
2887.93,-1.04594111e-12,9.001163e-13,1.032964e-17,-7.3863137828e-13,0.0000e+00,0.9687
2888.51,-1.04494191e-12,9.003356e-13,1.082537e-17,-7.3885342289e-13,0.0000e+00,0.9687
2889.08,-1.04760645e-12,9.005250e-13,1.122823e-17,-7.3907546749e-13,0.0000e+00,0.9687
2889.65,-1.05049303e-12,9.007437e-13,1.087937e-17,-7.3907546749e-13,0.0000e+00,0.9687
2890.22,-1.04827258e-12,9.009406e-13,1.071883e-17,-7.3929751210e-13,0.0000e+00,0.9687
2890.79,-1.04272146e-12,9.011119e-13,1.091921e-17,-7.3951955670e-13,0.0000e+00,0.9687
2891.37,-1.03894671e-12,9.012984e-13,1.125420e-17,-7.3996364591e-13,0.0000e+00,0.9687
2891.94,-1.04116715e-12,9.015931e-13,1.169385e-17,-7.4018569052e-13,0.0000e+00,0.9687
2892.51,-1.04816156e-12,9.019517e-13,1.212178e-17,-7.4040773512e-13,0.0000e+00,0.9687
2893.08,-1.05282449e-12,9.022879e-13,1.259902e-17,-7.4040773512e-13,0.0000e+00,0.9687
2893.65,-1.05204734e-12,9.025723e-13,1.277063e-17,-7.4051875742e-13,0.0000e+00,0.9687
2894.23,-1.04727338e-12,9.027764e-13,1.280298e-17,-7.4096284663e-13,0.0000e+00,0.9687
2894.80,-1.04316555e-12,9.030379e-13,1.250075e-17,-7.4096284663e-13,0.0000e+00,0.9687
2895.37,-1.04305453e-12,9.032208e-13,1.232877e-17,-7.4129591354e-13,0.0000e+00,0.9687
2895.94,-1.04505293e-12,9.034098e-13,1.238102e-17,-7.4140693584e-13,0.0000e+00,0.9687
2896.51,-1.04782849e-12,9.035362e-13,1.276047e-17,-7.4196204736e-13,0.0000e+00,0.9687
2897.09,-1.04705133e-12,9.037332e-13,1.328987e-17,-7.4207306966e-13,0.0000e+00,0.9687
2897.66,-1.04705133e-12,9.039833e-13,1.396328e-17,-7.4240613657e-13,0.0000e+00,0.9687
2898.23,-1.05015996e-12,9.042202e-13,1.430554e-17,-7.4251715887e-13,0.0000e+00,0.9687
2898.80,-1.05571107e-12,9.044991e-13,1.459547e-17,-7.4251715887e-13,0.0000e+00,0.9687
2899.37,-1.05893072e-12,9.048264e-13,1.461881e-17,-7.4273920347e-13,0.0000e+00,0.9687
2899.95,-1.05793152e-12,9.051453e-13,1.421327e-17,-7.4273920347e-13,0.0000e+00,0.9687
2900.52,-1.05349063e-12,9.053990e-13,1.378807e-17,-7.4296124808e-13,0.0000e+00,0.9687
2901.09,-1.05138120e-12,9.057042e-13,1.354088e-17,-7.4329431499e-13,0.0000e+00,0.9687
2901.66,-1.05204734e-12,9.059705e-13,1.352911e-17,-7.4362738189e-13,0.0000e+00,0.9687
2902.23,-1.05337961e-12,9.062123e-13,1.384319e-17,-7.4384942650e-13,0.0000e+00,0.9687
2902.81,-1.05371267e-12,9.064690e-13,1.430523e-17,-7.4407147110e-13,0.0000e+00,0.9687
2903.38,-1.05371267e-12,9.067653e-13,1.463124e-17,-7.4407147110e-13,0.0000e+00,0.9687
2903.95,-1.05371267e-12,9.070721e-13,1.479628e-17,-7.4418249341e-13,0.0000e+00,0.9687
2904.52,-1.05371267e-12,9.074036e-13,1.445915e-17,-7.4429351571e-13,0.0000e+00,0.9687
2905.09,-1.05371267e-12,9.076680e-13,1.372165e-17,-7.4462658262e-13,0.0000e+00,0.9687
2905.67,-1.05504494e-12,9.079356e-13,1.265879e-17,-7.4473760492e-13,0.0000e+00,0.9687
2906.24,-1.05637721e-12,9.081523e-13,1.196271e-17,-7.4495964952e-13,0.0000e+00,0.9687
2906.81,-1.05671027e-12,9.083823e-13,1.178249e-17,-7.4507067183e-13,0.0000e+00,0.9687
2907.38,-1.05604414e-12,9.085867e-13,1.172977e-17,-7.4518169413e-13,0.0000e+00,0.9687
2907.95,-1.05304654e-12,9.088462e-13,1.200099e-17,-7.4518169413e-13,0.0000e+00,0.9687
2908.53,-1.04993791e-12,9.090863e-13,1.236787e-17,-7.4540373873e-13,0.0000e+00,0.9687
2909.10,-1.04993791e-12,9.092793e-13,1.248679e-17,-7.4551476104e-13,0.0000e+00,0.9687
2909.67,-1.05104814e-12,9.094999e-13,1.222467e-17,-7.4562578334e-13,0.0000e+00,0.9687
2910.24,-1.05271347e-12,9.096798e-13,1.175078e-17,-7.4584782794e-13,0.0000e+00,0.9687
2910.81,-1.05337961e-12,9.098216e-13,1.162912e-17,-7.4584782794e-13,0.0000e+00,0.9687
2911.39,-1.05271347e-12,9.099548e-13,1.196492e-17,-7.4584782794e-13,0.0000e+00,0.9687
2911.96,-1.05249143e-12,9.100895e-13,1.210556e-17,-7.4629191715e-13,0.0000e+00,0.9687
2912.53,-1.05315756e-12,9.102125e-13,1.174384e-17,-7.4629191715e-13,0.0000e+00,0.9687
2913.10,-1.05460085e-12,9.104019e-13,1.114173e-17,-7.4640293946e-13,0.0000e+00,0.9687
2913.67,-1.05493392e-12,9.105612e-13,1.046122e-17,-7.4651396176e-13,0.0000e+00,0.9687
2914.25,-1.05337961e-12,9.107365e-13,1.013420e-17,-7.4651396176e-13,0.0000e+00,0.9687
2914.82,-1.04982689e-12,9.109213e-13,1.010563e-17,-7.4684702867e-13,0.0000e+00,0.9687
2915.39,-1.04782849e-12,9.111781e-13,1.026333e-17,-7.4684702867e-13,0.0000e+00,0.9687
2915.96,-1.04916076e-12,9.114290e-13,1.044241e-17,-7.4695805097e-13,0.0000e+00,0.9687
2916.53,-1.05171427e-12,9.116209e-13,1.032237e-17,-7.4718009557e-13,0.0000e+00,0.9687
2917.11,-1.05337961e-12,9.118420e-13,9.645792e-18,-7.4729111788e-13,0.0000e+00,0.9687
2917.68,-1.05304654e-12,9.120893e-13,8.969323e-18,-7.4740214018e-13,0.0000e+00,0.9687
2918.25,-1.05271347e-12,9.123658e-13,8.546509e-18,-7.4762418478e-13,0.0000e+00,0.9687
2918.82,-1.05282449e-12,9.125850e-13,8.433015e-18,-7.4784622939e-13,0.0000e+00,0.9687
2919.39,-1.05371267e-12,9.127764e-13,8.699666e-18,-7.4784622939e-13,0.0000e+00,0.9687
2919.97,-1.05526698e-12,9.129711e-13,8.930931e-18,-7.4784622939e-13,0.0000e+00,0.9687
2920.54,-1.05593312e-12,9.131835e-13,9.277071e-18,-7.4784622939e-13,0.0000e+00,0.9687
2921.11,-1.05526698e-12,9.133679e-13,9.413397e-18,-7.4806827399e-13,0.0000e+00,0.9687
2921.68,-1.05560005e-12,9.135297e-13,9.335257e-18,-7.4851236320e-13,0.0000e+00,0.9687
2922.25,-1.05637721e-12,9.136424e-13,8.713147e-18,-7.4851236320e-13,0.0000e+00,0.9687
2922.83,-1.05759845e-12,9.138305e-13,7.612444e-18,-7.4873440781e-13,0.0000e+00,0.9687
2923.40,-1.05893072e-12,9.140779e-13,6.986035e-18,-7.4906747471e-13,0.0000e+00,0.9687
2923.97,-1.05926379e-12,9.143254e-13,7.035677e-18,-7.4906747471e-13,0.0000e+00,0.9687
2924.54,-1.05726539e-12,9.146147e-13,7.391153e-18,-7.4940054162e-13,0.0000e+00,0.9687
2925.11,-1.05460085e-12,9.148468e-13,7.766611e-18,-7.4951156392e-13,0.0000e+00,0.9687
2925.69,-1.05404574e-12,9.150366e-13,7.432038e-18,-7.4995565313e-13,0.0000e+00,0.9687
2926.26,-1.05404574e-12,9.152160e-13,6.963379e-18,-7.5006667544e-13,0.0000e+00,0.9687
2926.83,-1.05426778e-12,9.153717e-13,6.268147e-18,-7.5039974234e-13,0.0000e+00,0.9687
2927.40,-1.05382369e-12,9.155469e-13,6.192431e-18,-7.5039974234e-13,0.0000e+00,0.9687
2927.97,-1.05204734e-12,9.157773e-13,7.102195e-18,-7.5095485386e-13,0.0000e+00,0.9687
2928.55,-1.05215836e-12,9.159485e-13,7.095674e-18,-7.5095485386e-13,0.0000e+00,0.9687
2929.12,-1.05215836e-12,9.161334e-13,5.760702e-18,-7.5106587616e-13,0.0000e+00,0.9687
2929.69,-1.05204734e-12,9.163428e-13,4.771939e-18,-7.5128792076e-13,0.0000e+00,0.9687
2930.26,-1.05215836e-12,9.166191e-13,4.939231e-18,-7.5139894307e-13,0.0000e+00,0.9687
2930.83,-1.05215836e-12,9.169145e-13,5.301180e-18,-7.5128792076e-13,0.0000e+00,0.9687
2931.41,-1.05215836e-12,9.172065e-13,5.063202e-18,-7.5150996537e-13,0.0000e+00,0.9687
2931.98,-1.05215836e-12,9.174983e-13,5.058889e-18,-7.5173200997e-13,0.0000e+00,0.9687
2932.55,-1.05215836e-12,9.177241e-13,5.315920e-18,-7.5173200997e-13,0.0000e+00,0.9687
2933.12,-1.04993791e-12,9.178675e-13,5.663166e-18,-7.5184303228e-13,0.0000e+00,0.9687
2933.69,-1.04893871e-12,9.179882e-13,5.610762e-18,-7.5217609918e-13,0.0000e+00,0.9687
2934.27,-1.04993791e-12,9.180629e-13,5.910848e-18,-7.5228712149e-13,0.0000e+00,0.9687
2934.84,-1.05304654e-12,9.182130e-13,6.360956e-18,-7.5228712149e-13,0.0000e+00,0.9687
2935.41,-1.05437881e-12,9.183979e-13,6.403778e-18,-7.5262018839e-13,0.0000e+00,0.9687
2935.98,-1.05437881e-12,9.185735e-13,6.160248e-18,-7.5273121070e-13,0.0000e+00,0.9687
2936.55,-1.05437881e-12,9.187348e-13,6.289594e-18,-7.5273121070e-13,0.0000e+00,0.9687
2937.12,-1.05437881e-12,9.188770e-13,6.386053e-18,-7.5284223300e-13,0.0000e+00,0.9687
2937.70,-1.05437881e-12,9.189799e-13,5.776214e-18,-7.5328632221e-13,0.0000e+00,0.9687
2938.27,-1.05426778e-12,9.190806e-13,5.660126e-18,-7.5328632221e-13,0.0000e+00,0.9687
2938.84,-1.05426778e-12,9.192386e-13,6.379390e-18,-7.5328632221e-13,0.0000e+00,0.9687
2939.41,-1.05426778e-12,9.194260e-13,7.342491e-18,-7.5350836681e-13,0.0000e+00,0.9687
2939.98,-1.05504494e-12,9.196045e-13,7.419940e-18,-7.5395245602e-13,0.0000e+00,0.9687
2940.56,-1.05637721e-12,9.197576e-13,6.960083e-18,-7.5395245602e-13,0.0000e+00,0.9687
2941.13,-1.05782050e-12,9.199355e-13,6.404933e-18,-7.5406347833e-13,0.0000e+00,0.9687
2941.70,-1.05782050e-12,9.201331e-13,6.088932e-18,-7.5417450063e-13,0.0000e+00,0.9687
2942.27,-1.05526698e-12,9.202899e-13,6.278821e-18,-7.5439654523e-13,0.0000e+00,0.9687
2942.84,-1.05082609e-12,9.203955e-13,6.603993e-18,-7.5450756754e-13,0.0000e+00,0.9687
2943.42,-1.04849462e-12,9.204343e-13,6.773806e-18,-7.5450756754e-13,0.0000e+00,0.9687
2943.99,-1.05437881e-12,9.205239e-13,7.067743e-18,-7.5461858984e-13,0.0000e+00,0.9687
2944.56,-1.06781251e-12,9.206360e-13,7.818522e-18,-7.5450756754e-13,0.0000e+00,0.9687
2945.13,-1.08046905e-12,9.207978e-13,8.370803e-18,-7.5450756754e-13,0.0000e+00,0.9687
2945.70,-1.08335563e-12,9.209155e-13,8.081001e-18,-7.5495165675e-13,0.0000e+00,0.9687
2946.28,-1.07591713e-12,9.211037e-13,7.567266e-18,-7.5495165675e-13,0.0000e+00,0.9687
2946.85,-1.06592513e-12,9.212531e-13,7.075695e-18,-7.5528472365e-13,0.0000e+00,0.9687
2947.42,-1.05759845e-12,9.214083e-13,6.542077e-18,-7.5539574595e-13,0.0000e+00,0.9687
2947.99,-1.05537801e-12,9.215418e-13,6.206807e-18,-7.5550676826e-13,0.0000e+00,0.9687
2948.56,-1.05659925e-12,9.216409e-13,5.767524e-18,-7.5550676826e-13,0.0000e+00,0.9687
2949.14,-1.05748743e-12,9.218631e-13,5.084048e-18,-7.5583983516e-13,0.0000e+00,0.9687
2949.71,-1.05693232e-12,9.219511e-13,4.623472e-18,-7.5595085747e-13,0.0000e+00,0.9687
2950.28,-1.05626619e-12,9.220206e-13,4.547745e-18,-7.5595085747e-13,0.0000e+00,0.9687
2950.85,-1.05704334e-12,9.220824e-13,4.591724e-18,-7.5628392437e-13,0.0000e+00,0.9687
2951.42,-1.05948583e-12,9.221356e-13,4.891895e-18,-7.5639494668e-13,0.0000e+00,0.9687
2952.00,-1.05848663e-12,9.222079e-13,5.423232e-18,-7.5661699128e-13,0.0000e+00,0.9687
2952.57,-1.05238041e-12,9.223403e-13,5.854842e-18,-7.5661699128e-13,0.0000e+00,0.9687
2953.14,-1.04671827e-12,9.225268e-13,5.953473e-18,-7.5661699128e-13,0.0000e+00,0.9687
2953.71,-1.04993791e-12,9.227062e-13,5.938234e-18,-7.5683903589e-13,0.0000e+00,0.9687
2954.28,-1.06303855e-12,9.228818e-13,5.878586e-18,-7.5706108049e-13,0.0000e+00,0.9687
2954.86,-1.07747145e-12,9.230548e-13,5.633516e-18,-7.5706108049e-13,0.0000e+00,0.9687
2955.43,-1.08435483e-12,9.232616e-13,5.134282e-18,-7.5706108049e-13,0.0000e+00,0.9687
2956.00,-1.07991394e-12,9.234792e-13,4.777980e-18,-7.5717210279e-13,0.0000e+00,0.9687
2956.57,-1.07014397e-12,9.237072e-13,4.769869e-18,-7.5717210279e-13,0.0000e+00,0.9687
2957.14,-1.06270548e-12,9.238757e-13,4.904824e-18,-7.5717210279e-13,0.0000e+00,0.9687
2957.72,-1.06137321e-12,9.239811e-13,5.363888e-18,-7.5750516970e-13,0.0000e+00,0.9687
2958.29,-1.06215037e-12,9.240510e-13,5.651848e-18,-7.5750516970e-13,0.0000e+00,0.9687
2958.86,-1.06115117e-12,9.241938e-13,5.821497e-18,-7.5761619200e-13,0.0000e+00,0.9687
2959.43,-1.05726539e-12,9.243582e-13,6.035491e-18,-7.5772721431e-13,0.0000e+00,0.9687
2960.00,-1.05426778e-12,9.245211e-13,6.716110e-18,-7.5806028121e-13,0.0000e+00,0.9687
2960.58,-1.05493392e-12,9.246755e-13,7.627460e-18,-7.5806028121e-13,0.0000e+00,0.9687
2961.15,-1.05593312e-12,9.248195e-13,7.332302e-18,-7.5839334812e-13,0.0000e+00,0.9687
2961.72,-1.05726539e-12,9.249818e-13,6.990333e-18,-7.5817130352e-13,0.0000e+00,0.9687
2962.29,-1.05726539e-12,9.250997e-13,7.024440e-18,-7.5839334812e-13,0.0000e+00,0.9687
2962.86,-1.05793152e-12,9.252954e-13,7.327177e-18,-7.5839334812e-13,0.0000e+00,0.9687
2963.44,-1.05859765e-12,9.255288e-13,7.830691e-18,-7.5861539273e-13,0.0000e+00,0.9687
2964.01,-1.05992992e-12,9.258068e-13,8.393629e-18,-7.5905948194e-13,0.0000e+00,0.9687
2964.58,-1.06115117e-12,9.261429e-13,9.139402e-18,-7.5939254884e-13,0.0000e+00,0.9687
2965.15,-1.06270548e-12,9.264584e-13,9.960270e-18,-7.5961459345e-13,0.0000e+00,0.9687
2965.72,-1.06281650e-12,9.267266e-13,1.050219e-17,-7.5961459345e-13,0.0000e+00,0.9687
2966.30,-1.06104014e-12,9.269202e-13,1.078631e-17,-7.5983663805e-13,0.0000e+00,0.9687
2966.87,-1.05859765e-12,9.270932e-13,1.100381e-17,-7.5983663805e-13,0.0000e+00,0.9687
2967.44,-1.05671027e-12,9.272217e-13,1.122635e-17,-7.5983663805e-13,0.0000e+00,0.9687
2968.01,-1.05881970e-12,9.273907e-13,1.126036e-17,-7.5994766036e-13,0.0000e+00,0.9687
2968.58,-1.06437081e-12,9.275413e-13,1.165821e-17,-7.6039174957e-13,0.0000e+00,0.9687
2969.16,-1.07047704e-12,9.276328e-13,1.275987e-17,-7.6039174957e-13,0.0000e+00,0.9687
2969.73,-1.07247544e-12,9.278300e-13,1.338657e-17,-7.6050277187e-13,0.0000e+00,0.9687
2970.30,-1.07147624e-12,9.280395e-13,1.294811e-17,-7.6083583878e-13,0.0000e+00,0.9687
2970.87,-1.06892273e-12,9.282400e-13,1.215439e-17,-7.6083583878e-13,0.0000e+00,0.9687
2971.44,-1.06714637e-12,9.283819e-13,1.182881e-17,-7.6083583878e-13,0.0000e+00,0.9687
2972.02,-1.06492593e-12,9.285148e-13,1.214669e-17,-7.6094686108e-13,0.0000e+00,0.9687
2972.59,-1.06203935e-12,9.286985e-13,1.256266e-17,-7.6127992799e-13,0.0000e+00,0.9687
2973.16,-1.05793152e-12,9.289300e-13,1.217873e-17,-7.6139095029e-13,0.0000e+00,0.9687
2973.73,-1.05593312e-12,9.291577e-13,1.234334e-17,-7.6139095029e-13,0.0000e+00,0.9687
2974.30,-1.05659925e-12,9.294260e-13,1.290123e-17,-7.6172401720e-13,0.0000e+00,0.9687
2974.88,-1.05848663e-12,9.296634e-13,1.397163e-17,-7.6216810641e-13,0.0000e+00,0.9687
2975.45,-1.05948583e-12,9.298928e-13,1.423901e-17,-7.6216810641e-13,0.0000e+00,0.9687
2976.02,-1.06081810e-12,9.301575e-13,1.346678e-17,-7.6250117331e-13,0.0000e+00,0.9687
2976.59,-1.06248343e-12,9.303292e-13,1.287767e-17,-7.6261219562e-13,0.0000e+00,0.9687
2977.16,-1.06337161e-12,9.305415e-13,1.314122e-17,-7.6261219562e-13,0.0000e+00,0.9687
2977.74,-1.06459286e-12,9.307983e-13,1.359753e-17,-7.6272321792e-13,0.0000e+00,0.9687
2978.31,-1.06603615e-12,9.310145e-13,1.405234e-17,-7.6305628482e-13,0.0000e+00,0.9687
2978.88,-1.06592513e-12,9.311973e-13,1.382928e-17,-7.6305628482e-13,0.0000e+00,0.9687
2979.45,-1.06492593e-12,9.313670e-13,1.340187e-17,-7.6338935173e-13,0.0000e+00,0.9687
2980.02,-1.06459286e-12,9.315580e-13,1.298274e-17,-7.6350037403e-13,0.0000e+00,0.9687
2980.60,-1.06525899e-12,9.318082e-13,1.270565e-17,-7.6361139634e-13,0.0000e+00,0.9687
2981.17,-1.06659126e-12,9.321267e-13,1.262446e-17,-7.6361139634e-13,0.0000e+00,0.9687
2981.74,-1.06692433e-12,9.324134e-13,1.263213e-17,-7.6361139634e-13,0.0000e+00,0.9687
2982.31,-1.06692433e-12,9.326463e-13,1.276485e-17,-7.6361139634e-13,0.0000e+00,0.9687
2982.88,-1.06692433e-12,9.328933e-13,1.307688e-17,-7.6405548555e-13,0.0000e+00,0.9687
2983.46,-1.06714637e-12,9.331349e-13,1.333208e-17,-7.6405548555e-13,0.0000e+00,0.9687
2984.03,-1.06781251e-12,9.333383e-13,1.314833e-17,-7.6438855245e-13,0.0000e+00,0.9687
2984.60,-1.06858966e-12,9.335226e-13,1.280744e-17,-7.6449957476e-13,0.0000e+00,0.9687
2985.17,-1.06814557e-12,9.337239e-13,1.257446e-17,-7.6483264166e-13,0.0000e+00,0.9687
2985.74,-1.06781251e-12,9.339636e-13,1.270711e-17,-7.6483264166e-13,0.0000e+00,0.9687
2986.32,-1.06559206e-12,9.342803e-13,1.293883e-17,-7.6527673087e-13,0.0000e+00,0.9687
2986.89,-1.06237241e-12,9.345224e-13,1.320529e-17,-7.6572082008e-13,0.0000e+00,0.9687
2987.46,-1.05848663e-12,9.348248e-13,1.322669e-17,-7.6572082008e-13,0.0000e+00,0.9687
2988.03,-1.05693232e-12,9.351535e-13,1.280468e-17,-7.6616490929e-13,0.0000e+00,0.9687
2988.60,-1.05881970e-12,9.354422e-13,1.197495e-17,-7.6649797620e-13,0.0000e+00,0.9687
2989.18,-1.06537001e-12,9.357111e-13,1.153149e-17,-7.6649797620e-13,0.0000e+00,0.9687
2989.75,-1.07369669e-12,9.359739e-13,1.147752e-17,-7.6649797620e-13,0.0000e+00,0.9687
2990.32,-1.07924780e-12,9.361739e-13,1.122680e-17,-7.6649797620e-13,0.0000e+00,0.9687
2990.89,-1.08213438e-12,9.363888e-13,1.111168e-17,-7.6705308771e-13,0.0000e+00,0.9687
2991.46,-1.08069109e-12,9.365427e-13,1.137726e-17,-7.6716411002e-13,0.0000e+00,0.9687
2992.04,-1.07724940e-12,9.366685e-13,1.145340e-17,-7.6760819923e-13,0.0000e+00,0.9687
2992.61,-1.07336362e-12,9.368365e-13,1.118315e-17,-7.6760819923e-13,0.0000e+00,0.9687
2993.18,-1.07069908e-12,9.370521e-13,1.073536e-17,-7.6794126613e-13,0.0000e+00,0.9687
2993.75,-1.06958886e-12,9.373422e-13,1.038431e-17,-7.6827433304e-13,0.0000e+00,0.9687
2994.32,-1.06958886e-12,9.375781e-13,1.028633e-17,-7.6838535534e-13,0.0000e+00,0.9687
2994.90,-1.07081011e-12,9.378568e-13,1.055773e-17,-7.6860739995e-13,0.0000e+00,0.9687
2995.47,-1.07180931e-12,9.381210e-13,1.061056e-17,-7.6894046686e-13,0.0000e+00,0.9687
2996.04,-1.07214237e-12,9.382972e-13,1.042623e-17,-7.6905148916e-13,0.0000e+00,0.9687
2996.61,-1.07280851e-12,9.384566e-13,1.031140e-17,-7.6905148916e-13,0.0000e+00,0.9687
2997.18,-1.07314158e-12,9.386045e-13,1.019509e-17,-7.6927353376e-13,0.0000e+00,0.9687
2997.75,-1.07314158e-12,9.387774e-13,9.764310e-18,-7.6982864528e-13,0.0000e+00,0.9687
2998.33,-1.07314158e-12,9.390285e-13,9.148243e-18,-7.6993966758e-13,0.0000e+00,0.9687
2998.90,-1.07314158e-12,9.393070e-13,8.868255e-18,-7.6993966758e-13,0.0000e+00,0.9687
2999.47,-1.07402975e-12,9.396337e-13,8.932238e-18,-7.7027273448e-13,0.0000e+00,0.9687
3000.04,-1.07436282e-12,9.398806e-13,9.103673e-18,-7.7060580139e-13,0.0000e+00,0.9687
3000.61,-1.07169829e-12,9.401269e-13,8.796506e-18,-7.7060580139e-13,0.0000e+00,0.9687
3001.19,-1.06792353e-12,9.404292e-13,8.542789e-18,-7.7060580139e-13,0.0000e+00,0.9687
3001.76,-1.06559206e-12,9.407015e-13,8.367132e-18,-7.7071682369e-13,0.0000e+00,0.9687
3002.33,-1.06625819e-12,9.408664e-13,8.066403e-18,-7.7082784600e-13,0.0000e+00,0.9687
3002.90,-1.06759046e-12,9.411046e-13,7.668886e-18,-7.7104989060e-13,0.0000e+00,0.9687
3003.47,-1.06914477e-12,9.412818e-13,7.612792e-18,-7.7116091290e-13,0.0000e+00,0.9687
3004.05,-1.07214237e-12,9.414344e-13,7.709198e-18,-7.7116091290e-13,0.0000e+00,0.9687
3004.62,-1.07824860e-12,9.415567e-13,7.634289e-18,-7.7127193521e-13,0.0000e+00,0.9687
3005.19,-1.08490994e-12,9.416408e-13,7.463401e-18,-7.7127193521e-13,0.0000e+00,0.9687
3005.76,-1.09001697e-12,9.416919e-13,7.326490e-18,-7.7149397981e-13,0.0000e+00,0.9687
3006.33,-1.09068310e-12,9.417382e-13,7.299206e-18,-7.7160500211e-13,0.0000e+00,0.9687
3006.91,-1.08679732e-12,9.418365e-13,7.104853e-18,-7.7160500211e-13,0.0000e+00,0.9687
3007.48,-1.08202336e-12,9.419326e-13,7.057382e-18,-7.7160500211e-13,0.0000e+00,0.9687
3008.05,-1.07758247e-12,9.420419e-13,7.116512e-18,-7.7160500211e-13,0.0000e+00,0.9687
3008.62,-1.07669429e-12,9.421293e-13,7.120713e-18,-7.7160500211e-13,0.0000e+00,0.9687
3009.19,-1.07691633e-12,9.422803e-13,6.869020e-18,-7.7160500211e-13,0.0000e+00,0.9687
3009.77,-1.07980291e-12,9.423981e-13,6.487935e-18,-7.7171602442e-13,0.0000e+00,0.9687
3010.34,-1.08146825e-12,9.425154e-13,6.181720e-18,-7.7193806902e-13,0.0000e+00,0.9687
3010.91,-1.08069109e-12,9.426666e-13,6.445013e-18,-7.7193806902e-13,0.0000e+00,0.9687
3011.48,-1.07924780e-12,9.428778e-13,6.619493e-18,-7.7204909132e-13,0.0000e+00,0.9687
3012.05,-1.07958087e-12,9.430522e-13,6.701895e-18,-7.7238215823e-13,0.0000e+00,0.9687
3012.63,-1.08080211e-12,9.431828e-13,7.019896e-18,-7.7238215823e-13,0.0000e+00,0.9687
3013.20,-1.08169029e-12,9.434184e-13,7.587755e-18,-7.7260420284e-13,0.0000e+00,0.9687
3013.77,-1.07824860e-12,9.436526e-13,7.882929e-18,-7.7260420284e-13,0.0000e+00,0.9687
3014.34,-1.07602816e-12,9.438466e-13,7.624851e-18,-7.7293726974e-13,0.0000e+00,0.9687
3014.91,-1.07791553e-12,9.440105e-13,7.308548e-18,-7.7293726974e-13,0.0000e+00,0.9687
3015.49,-1.08302256e-12,9.440053e-13,7.371818e-18,-7.7327033665e-13,0.0000e+00,0.9687
3016.06,-1.08890674e-12,9.440155e-13,7.435204e-18,-7.7327033665e-13,0.0000e+00,0.9687
3016.63,-1.09068310e-12,9.441107e-13,7.486105e-18,-7.7349238126e-13,0.0000e+00,0.9687
3017.20,-1.08624221e-12,9.442374e-13,7.353465e-18,-7.7371442586e-13,0.0000e+00,0.9687
3017.77,-1.07891474e-12,9.444076e-13,7.119189e-18,-7.7371442586e-13,0.0000e+00,0.9687
3018.35,-1.07303055e-12,9.446016e-13,7.055136e-18,-7.7371442586e-13,0.0000e+00,0.9687
3018.92,-1.07147624e-12,9.447946e-13,7.011892e-18,-7.7382544816e-13,0.0000e+00,0.9687
3019.49,-1.07391873e-12,9.449556e-13,7.095134e-18,-7.7393647047e-13,0.0000e+00,0.9687
3020.06,-1.07924780e-12,9.450569e-13,6.993570e-18,-7.7426953737e-13,0.0000e+00,0.9687
3020.63,-1.08335563e-12,9.452000e-13,7.033215e-18,-7.7438055968e-13,0.0000e+00,0.9687
3021.21,-1.08457687e-12,9.454002e-13,7.269601e-18,-7.7438055968e-13,0.0000e+00,0.9687
3021.78,-1.08391074e-12,9.455232e-13,7.351689e-18,-7.7460260428e-13,0.0000e+00,0.9687
3022.35,-1.08135723e-12,9.456315e-13,7.148255e-18,-7.7482464889e-13,0.0000e+00,0.9687
3022.92,-1.08080211e-12,9.457173e-13,6.399207e-18,-7.7504669349e-13,0.0000e+00,0.9687
3023.49,-1.08080211e-12,9.458292e-13,5.668685e-18,-7.7526873810e-13,0.0000e+00,0.9687
3024.07,-1.08080211e-12,9.459722e-13,5.618439e-18,-7.7549078270e-13,0.0000e+00,0.9687
3024.64,-1.07880371e-12,9.461120e-13,6.002047e-18,-7.7549078270e-13,0.0000e+00,0.9687
3025.21,-1.07636122e-12,9.462680e-13,6.362565e-18,-7.7549078270e-13,0.0000e+00,0.9687
3025.78,-1.07602816e-12,9.464034e-13,6.365716e-18,-7.7560180500e-13,0.0000e+00,0.9687
3026.35,-1.07880371e-12,9.465528e-13,6.678920e-18,-7.7593487191e-13,0.0000e+00,0.9687
3026.93,-1.08424381e-12,9.467298e-13,7.027160e-18,-7.7604589421e-13,0.0000e+00,0.9687
3027.50,-1.08679732e-12,9.468771e-13,7.182002e-18,-7.7615691652e-13,0.0000e+00,0.9687
3028.07,-1.08624221e-12,9.470421e-13,6.809965e-18,-7.7648998342e-13,0.0000e+00,0.9687
3028.64,-1.08313358e-12,9.471884e-13,6.179267e-18,-7.7648998342e-13,0.0000e+00,0.9687
3029.21,-1.08080211e-12,9.473302e-13,5.678407e-18,-7.7682305033e-13,0.0000e+00,0.9687
3029.79,-1.08113518e-12,9.475975e-13,5.290422e-18,-7.7704509494e-13,0.0000e+00,0.9687
3030.36,-1.08280052e-12,9.477875e-13,4.553026e-18,-7.7704509494e-13,0.0000e+00,0.9687
3030.93,-1.08402176e-12,9.479205e-13,4.043268e-18,-7.7704509494e-13,0.0000e+00,0.9687
3031.50,-1.08368869e-12,9.480236e-13,4.563203e-18,-7.7737816184e-13,0.0000e+00,0.9687
3032.07,-1.07991394e-12,9.480939e-13,5.705169e-18,-7.7748918414e-13,0.0000e+00,0.9687
3032.65,-1.07691633e-12,9.481947e-13,6.808011e-18,-7.7760020645e-13,0.0000e+00,0.9687
3033.22,-1.07747145e-12,9.483048e-13,7.753850e-18,-7.7782225105e-13,0.0000e+00,0.9687
3033.79,-1.08202336e-12,9.484723e-13,8.357083e-18,-7.7804429566e-13,0.0000e+00,0.9687
3034.36,-1.08824061e-12,9.486322e-13,8.265928e-18,-7.7826634026e-13,0.0000e+00,0.9687
3034.93,-1.09201537e-12,9.486821e-13,8.188249e-18,-7.7837736256e-13,0.0000e+00,0.9687
3035.51,-1.09168230e-12,9.487797e-13,8.156449e-18,-7.7837736256e-13,0.0000e+00,0.9687
3036.08,-1.08946185e-12,9.489189e-13,8.033121e-18,-7.7837736256e-13,0.0000e+00,0.9687
3036.65,-1.08724141e-12,9.490003e-13,8.267013e-18,-7.7871042947e-13,0.0000e+00,0.9687
3037.22,-1.08535403e-12,9.490749e-13,8.829304e-18,-7.7871042947e-13,0.0000e+00,0.9687
3037.79,-1.08502096e-12,9.491867e-13,8.913667e-18,-7.7893247408e-13,0.0000e+00,0.9687
3038.37,-1.08502096e-12,9.493342e-13,8.846593e-18,-7.7937656329e-13,0.0000e+00,0.9687
3038.94,-1.08502096e-12,9.494748e-13,8.426836e-18,-7.7937656329e-13,0.0000e+00,0.9687
3039.51,-1.08524301e-12,9.496620e-13,8.439499e-18,-7.7970963019e-13,0.0000e+00,0.9687
3040.08,-1.08602016e-12,9.499412e-13,8.312558e-18,-7.7970963019e-13,0.0000e+00,0.9687
3040.65,-1.08746345e-12,9.502917e-13,8.350307e-18,-7.7970963019e-13,0.0000e+00,0.9687
3041.23,-1.08946185e-12,9.506893e-13,8.390980e-18,-7.7970963019e-13,0.0000e+00,0.9687
3041.80,-1.09079412e-12,9.510158e-13,8.812547e-18,-7.7982065250e-13,0.0000e+00,0.9687
3042.37,-1.09112719e-12,9.513100e-13,9.094744e-18,-7.7982065250e-13,0.0000e+00,0.9687
3042.94,-1.09068310e-12,9.515112e-13,8.912539e-18,-7.8015371940e-13,0.0000e+00,0.9687
3043.51,-1.09068310e-12,9.516422e-13,8.471694e-18,-7.8048678631e-13,0.0000e+00,0.9687
3044.09,-1.09046105e-12,9.517420e-13,8.424276e-18,-7.8070883092e-13,0.0000e+00,0.9687
3044.66,-1.09046105e-12,9.517357e-13,8.484917e-18,-7.8093087552e-13,0.0000e+00,0.9687
3045.23,-1.09012799e-12,9.518868e-13,8.420472e-18,-7.8104189782e-13,0.0000e+00,0.9687
3045.80,-1.08946185e-12,9.521424e-13,7.904509e-18,-7.8104189782e-13,0.0000e+00,0.9687
3046.37,-1.08946185e-12,9.523797e-13,6.954937e-18,-7.8137496473e-13,0.0000e+00,0.9687
3046.95,-1.09001697e-12,9.525281e-13,6.470438e-18,-7.8148598703e-13,0.0000e+00,0.9687
3047.52,-1.08979492e-12,9.526487e-13,6.479470e-18,-7.8159700934e-13,0.0000e+00,0.9687
3048.09,-1.08724141e-12,9.527575e-13,6.693006e-18,-7.8193007624e-13,0.0000e+00,0.9687
3048.66,-1.08624221e-12,9.528306e-13,6.378469e-18,-7.8193007624e-13,0.0000e+00,0.9687
3049.23,-1.08713039e-12,9.529080e-13,6.047950e-18,-7.8193007624e-13,0.0000e+00,0.9687
3049.81,-1.09068310e-12,9.530510e-13,5.977458e-18,-7.8204109855e-13,0.0000e+00,0.9687
3050.38,-1.09467990e-12,9.532275e-13,5.643664e-18,-7.8248518776e-13,0.0000e+00,0.9687
3050.95,-1.09912079e-12,9.533724e-13,5.567270e-18,-7.8281825466e-13,0.0000e+00,0.9687
3051.52,-1.10433884e-12,9.534894e-13,5.845559e-18,-7.8281825466e-13,0.0000e+00,0.9687
3052.09,-1.10877973e-12,9.535927e-13,7.026124e-18,-7.8292927697e-13,0.0000e+00,0.9687
3052.67,-1.10944587e-12,9.536673e-13,8.185342e-18,-7.8315132157e-13,0.0000e+00,0.9687
3053.24,-1.10522702e-12,9.537625e-13,8.821909e-18,-7.8326234387e-13,0.0000e+00,0.9687
3053.81,-1.10067511e-12,9.538931e-13,8.934966e-18,-7.8359541078e-13,0.0000e+00,0.9687
3054.38,-1.09623421e-12,9.540299e-13,8.977267e-18,-7.8359541078e-13,0.0000e+00,0.9687
3054.95,-1.09368070e-12,9.542243e-13,9.025962e-18,-7.8359541078e-13,0.0000e+00,0.9687
3055.53,-1.09301457e-12,9.545273e-13,9.469949e-18,-7.8403949999e-13,0.0000e+00,0.9687
3056.10,-1.09368070e-12,9.548552e-13,1.000860e-17,-7.8403949999e-13,0.0000e+00,0.9687
3056.67,-1.09490195e-12,9.550701e-13,1.080889e-17,-7.8426154460e-13,0.0000e+00,0.9687
3057.24,-1.09490195e-12,9.551920e-13,1.156278e-17,-7.8426154460e-13,0.0000e+00,0.9687
3057.81,-1.09279252e-12,9.553444e-13,1.243814e-17,-7.8426154460e-13,0.0000e+00,0.9687
3058.38,-1.09012799e-12,9.554948e-13,1.264666e-17,-7.8459461150e-13,0.0000e+00,0.9687
3058.96,-1.08979492e-12,9.556684e-13,1.281361e-17,-7.8470563381e-13,0.0000e+00,0.9687
3059.53,-1.09046105e-12,9.558807e-13,1.270651e-17,-7.8503870071e-13,0.0000e+00,0.9687
3060.10,-1.09212639e-12,9.560553e-13,1.227621e-17,-7.8514972301e-13,0.0000e+00,0.9687
3060.67,-1.09268150e-12,9.562219e-13,1.250148e-17,-7.8548278992e-13,0.0000e+00,0.9687
3061.24,-1.09268150e-12,9.563877e-13,1.308698e-17,-7.8548278992e-13,0.0000e+00,0.9687
3061.82,-1.09245946e-12,9.565608e-13,1.411347e-17,-7.8592687913e-13,0.0000e+00,0.9687
3062.39,-1.09101617e-12,9.566938e-13,1.486087e-17,-7.8592687913e-13,0.0000e+00,0.9687
3062.96,-1.08923981e-12,9.568404e-13,1.471913e-17,-7.8603790143e-13,0.0000e+00,0.9687
3063.53,-1.08923981e-12,9.570283e-13,1.463123e-17,-7.8581585683e-13,0.0000e+00,0.9687
3064.10,-1.09279252e-12,9.572812e-13,1.511752e-17,-7.8592687913e-13,0.0000e+00,0.9687
3064.68,-1.09745546e-12,9.574969e-13,1.543703e-17,-7.8625994604e-13,0.0000e+00,0.9687
3065.25,-1.10178533e-12,9.576691e-13,1.564721e-17,-7.8625994604e-13,0.0000e+00,0.9687
3065.82,-1.10489395e-12,9.578481e-13,1.547341e-17,-7.8648199064e-13,0.0000e+00,0.9687
3066.39,-1.10600418e-12,9.580271e-13,1.546726e-17,-7.8681505755e-13,0.0000e+00,0.9687
3066.96,-1.10389475e-12,9.582025e-13,1.575644e-17,-7.8681505755e-13,0.0000e+00,0.9687
3067.54,-1.10000897e-12,9.584704e-13,1.635508e-17,-7.8737016906e-13,0.0000e+00,0.9687
3068.11,-1.09778853e-12,9.587518e-13,1.649667e-17,-7.8781425827e-13,0.0000e+00,0.9687
3068.68,-1.09845466e-12,9.590417e-13,1.616013e-17,-7.8781425827e-13,0.0000e+00,0.9687
3069.25,-1.09912079e-12,9.593118e-13,1.598185e-17,-7.8792528058e-13,0.0000e+00,0.9687
3069.82,-1.09845466e-12,9.596411e-13,1.582074e-17,-7.8792528058e-13,0.0000e+00,0.9687
3070.40,-1.09567910e-12,9.599501e-13,1.584897e-17,-7.8825834748e-13,0.0000e+00,0.9687
3070.97,-1.09356968e-12,9.602659e-13,1.610778e-17,-7.8836936979e-13,0.0000e+00,0.9687
3071.54,-1.09356968e-12,9.605524e-13,1.633136e-17,-7.8859141439e-13,0.0000e+00,0.9687
3072.11,-1.09334763e-12,9.608815e-13,1.627560e-17,-7.8859141439e-13,0.0000e+00,0.9687
3072.68,-1.09356968e-12,9.611850e-13,1.621724e-17,-7.8881345900e-13,0.0000e+00,0.9687
3073.26,-1.09390275e-12,9.615111e-13,1.626785e-17,-7.8914652590e-13,0.0000e+00,0.9687
3073.83,-1.09656728e-12,9.617972e-13,1.619329e-17,-7.8914652590e-13,0.0000e+00,0.9687
3074.40,-1.09912079e-12,9.621191e-13,1.625958e-17,-7.8914652590e-13,0.0000e+00,0.9687
3074.97,-1.10100817e-12,9.624520e-13,1.629663e-17,-7.8947959281e-13,0.0000e+00,0.9687
3075.54,-1.10078613e-12,9.626437e-13,1.636197e-17,-7.8947959281e-13,0.0000e+00,0.9687
3076.12,-1.10045306e-12,9.628548e-13,1.631483e-17,-7.8947959281e-13,0.0000e+00,0.9687
3076.69,-1.10034204e-12,9.629174e-13,1.610505e-17,-7.9003470432e-13,0.0000e+00,0.9687
3077.26,-1.10078613e-12,9.629863e-13,1.566359e-17,-7.9003470432e-13,0.0000e+00,0.9687
3077.83,-1.10100817e-12,9.631032e-13,1.537038e-17,-7.9036777123e-13,0.0000e+00,0.9687
3078.40,-1.10078613e-12,9.632371e-13,1.518471e-17,-7.9047879353e-13,0.0000e+00,0.9687
3078.98,-1.10045306e-12,9.633980e-13,1.497195e-17,-7.9058981584e-13,0.0000e+00,0.9687
3079.55,-1.10211840e-12,9.635871e-13,1.492515e-17,-7.9081186044e-13,0.0000e+00,0.9687
3080.12,-1.10711440e-12,9.637874e-13,1.500861e-17,-7.9081186044e-13,0.0000e+00,0.9687
3080.69,-1.11100018e-12,9.640155e-13,1.500397e-17,-7.9103390505e-13,0.0000e+00,0.9687
3081.26,-1.11166631e-12,9.643049e-13,1.483468e-17,-7.9125594965e-13,0.0000e+00,0.9687
3081.84,-1.10922382e-12,9.646373e-13,1.469434e-17,-7.9125594965e-13,0.0000e+00,0.9687
3082.41,-1.10655929e-12,9.649948e-13,1.453233e-17,-7.9125594965e-13,0.0000e+00,0.9687
3082.98,-1.10556009e-12,9.653900e-13,1.425374e-17,-7.9147799426e-13,0.0000e+00,0.9687
3083.55,-1.10556009e-12,9.657626e-13,1.381482e-17,-7.9170003886e-13,0.0000e+00,0.9687
3084.12,-1.10556009e-12,9.660758e-13,1.334812e-17,-7.9170003886e-13,0.0000e+00,0.9687
3084.70,-1.10533804e-12,9.662567e-13,1.321349e-17,-7.9181106116e-13,0.0000e+00,0.9687
3085.27,-1.10533804e-12,9.664013e-13,1.323756e-17,-7.9181106116e-13,0.0000e+00,0.9687
3085.84,-1.10556009e-12,9.665242e-13,1.332063e-17,-7.9214412807e-13,0.0000e+00,0.9687
3086.41,-1.10356169e-12,9.666590e-13,1.328999e-17,-7.9214412807e-13,0.0000e+00,0.9687
3086.98,-1.10245146e-12,9.667644e-13,1.327271e-17,-7.9236617267e-13,0.0000e+00,0.9687
3087.56,-1.10278453e-12,9.668626e-13,1.296518e-17,-7.9269923958e-13,0.0000e+00,0.9687
3088.13,-1.10500498e-12,9.669970e-13,1.275226e-17,-7.9281026188e-13,0.0000e+00,0.9687
3088.70,-1.10789156e-12,9.671971e-13,1.268149e-17,-7.9314332879e-13,0.0000e+00,0.9687
3089.27,-1.10922382e-12,9.673985e-13,1.274488e-17,-7.9314332879e-13,0.0000e+00,0.9687
3089.84,-1.10911280e-12,9.676219e-13,1.270071e-17,-7.9325435109e-13,0.0000e+00,0.9687
3090.42,-1.10678133e-12,9.678230e-13,1.252659e-17,-7.9358741800e-13,0.0000e+00,0.9687
3090.99,-1.10644827e-12,9.681161e-13,1.237568e-17,-7.9369844030e-13,0.0000e+00,0.9687
3091.56,-1.10644827e-12,9.684184e-13,1.223272e-17,-7.9369844030e-13,0.0000e+00,0.9687
3092.13,-1.10855769e-12,9.686817e-13,1.201696e-17,-7.9414252951e-13,0.0000e+00,0.9687
3092.70,-1.11100018e-12,9.689354e-13,1.169455e-17,-7.9436457412e-13,0.0000e+00,0.9687
3093.28,-1.11177734e-12,9.692373e-13,1.124210e-17,-7.9436457412e-13,0.0000e+00,0.9687
3093.85,-1.11177734e-12,9.694832e-13,1.064904e-17,-7.9447559642e-13,0.0000e+00,0.9687
3094.42,-1.10977894e-12,9.697258e-13,1.000950e-17,-7.9447559642e-13,0.0000e+00,0.9687
3094.99,-1.10811360e-12,9.699483e-13,9.313730e-18,-7.9480866333e-13,0.0000e+00,0.9687
3095.56,-1.10844667e-12,9.701278e-13,8.665153e-18,-7.9480866333e-13,0.0000e+00,0.9687
3096.14,-1.10911280e-12,9.703092e-13,8.107476e-18,-7.9491968563e-13,0.0000e+00,0.9687
3096.71,-1.10911280e-12,9.704574e-13,7.495438e-18,-7.9503070793e-13,0.0000e+00,0.9687
3097.28,-1.10911280e-12,9.705654e-13,7.138758e-18,-7.9536377484e-13,0.0000e+00,0.9687
3097.85,-1.10911280e-12,9.707065e-13,6.996932e-18,-7.9536377484e-13,0.0000e+00,0.9687
3098.42,-1.10911280e-12,9.708145e-13,6.718520e-18,-7.9547479714e-13,0.0000e+00,0.9687
3099.00,-1.10911280e-12,9.709076e-13,6.446698e-18,-7.9547479714e-13,0.0000e+00,0.9687
3099.57,-1.10911280e-12,9.709665e-13,6.264235e-18,-7.9558581945e-13,0.0000e+00,0.9687
3100.14,-1.10911280e-12,9.710096e-13,6.193365e-18,-7.9558581945e-13,0.0000e+00,0.9687
3100.71,-1.10911280e-12,9.711099e-13,6.468946e-18,-7.9591888635e-13,0.0000e+00,0.9687
3101.28,-1.10911280e-12,9.712017e-13,6.687862e-18,-7.9591888635e-13,0.0000e+00,0.9687
3101.86,-1.10911280e-12,9.713559e-13,7.024792e-18,-7.9558581945e-13,0.0000e+00,0.9687
3102.43,-1.10911280e-12,9.715579e-13,7.500786e-18,-7.9591888635e-13,0.0000e+00,0.9687
3103.00,-1.10911280e-12,9.717625e-13,7.660941e-18,-7.9591888635e-13,0.0000e+00,0.9687
3103.57,-1.10966791e-12,9.719595e-13,7.546670e-18,-7.9602990866e-13,0.0000e+00,0.9687
3104.14,-1.11100018e-12,9.721869e-13,7.559789e-18,-7.9647399787e-13,0.0000e+00,0.9687
3104.72,-1.11100018e-12,9.724179e-13,7.431157e-18,-7.9647399787e-13,0.0000e+00,0.9687
3105.29,-1.11144427e-12,9.726031e-13,7.447795e-18,-7.9669604247e-13,0.0000e+00,0.9687
3105.86,-1.11233245e-12,9.727801e-13,7.527782e-18,-7.9691808708e-13,0.0000e+00,0.9687
3106.43,-1.11399778e-12,9.729296e-13,7.728973e-18,-7.9691808708e-13,0.0000e+00,0.9687
3107.00,-1.11433085e-12,9.730704e-13,7.992484e-18,-7.9691808708e-13,0.0000e+00,0.9687
3107.58,-1.11388676e-12,9.731680e-13,8.767604e-18,-7.9714013168e-13,0.0000e+00,0.9687
3108.15,-1.11177734e-12,9.733567e-13,9.424995e-18,-7.9736217629e-13,0.0000e+00,0.9687
3108.72,-1.11066711e-12,9.735191e-13,9.369490e-18,-7.9758422089e-13,0.0000e+00,0.9687
3109.29,-1.11066711e-12,9.736631e-13,9.440682e-18,-7.9758422089e-13,0.0000e+00,0.9687
3109.86,-1.11066711e-12,9.738139e-13,1.005680e-17,-7.9769524319e-13,0.0000e+00,0.9687
3110.44,-1.11144427e-12,9.739295e-13,1.075455e-17,-7.9769524319e-13,0.0000e+00,0.9687
3111.01,-1.11333165e-12,9.740162e-13,1.152964e-17,-7.9758422089e-13,0.0000e+00,0.9687
3111.58,-1.11388676e-12,9.742077e-13,1.131774e-17,-7.9780626550e-13,0.0000e+00,0.9687
3112.15,-1.11322063e-12,9.743905e-13,1.055769e-17,-7.9802831010e-13,0.0000e+00,0.9687
3112.72,-1.11333165e-12,9.745656e-13,9.981834e-18,-7.9813933240e-13,0.0000e+00,0.9687
3113.30,-1.11488596e-12,9.747905e-13,9.773322e-18,-7.9813933240e-13,0.0000e+00,0.9687
3113.87,-1.11755050e-12,9.750189e-13,9.785843e-18,-7.9825035471e-13,0.0000e+00,0.9687
3114.44,-1.11888276e-12,9.752745e-13,9.735240e-18,-7.9847239931e-13,0.0000e+00,0.9687
3115.01,-1.11843868e-12,9.754923e-13,9.755182e-18,-7.9869444392e-13,0.0000e+00,0.9687
3115.58,-1.11566312e-12,9.754949e-13,9.688031e-18,-7.9869444392e-13,0.0000e+00,0.9687
3116.16,-1.11322063e-12,9.756381e-13,9.460851e-18,-7.9902751082e-13,0.0000e+00,0.9687
3116.73,-1.11211040e-12,9.755689e-13,9.170165e-18,-7.9902751082e-13,0.0000e+00,0.9687
3117.30,-1.11211040e-12,9.757502e-13,8.946235e-18,-7.9913853313e-13,0.0000e+00,0.9687
3117.87,-1.11211040e-12,9.757231e-13,8.852624e-18,-7.9913853313e-13,0.0000e+00,0.9687
3118.44,-1.11211040e-12,9.759350e-13,8.737351e-18,-7.9947160003e-13,0.0000e+00,0.9687
3119.02,-1.11211040e-12,9.762831e-13,8.510049e-18,-7.9958262234e-13,0.0000e+00,0.9687
3119.59,-1.11211040e-12,9.766754e-13,8.506733e-18,-7.9980466694e-13,0.0000e+00,0.9687
3120.16,-1.11211040e-12,9.769780e-13,8.522976e-18,-7.9958262234e-13,0.0000e+00,0.9687
3120.73,-1.11211040e-12,9.772128e-13,8.105246e-18,-7.9958262234e-13,0.0000e+00,0.9687
3121.30,-1.11211040e-12,9.771751e-13,7.584998e-18,-7.9980466694e-13,0.0000e+00,0.9687
3121.87,-1.11211040e-12,9.771947e-13,7.468540e-18,-7.9980466694e-13,0.0000e+00,0.9687
3122.45,-1.11266552e-12,9.774250e-13,7.464008e-18,-7.9980466694e-13,0.0000e+00,0.9687
3123.02,-1.11421983e-12,9.775299e-13,7.252246e-18,-8.0002671154e-13,0.0000e+00,0.9687
3123.59,-1.11555210e-12,9.777079e-13,6.998032e-18,-8.0002671154e-13,0.0000e+00,0.9687
3124.16,-1.11555210e-12,9.777769e-13,7.259651e-18,-8.0002671154e-13,0.0000e+00,0.9687
3124.73,-1.11555210e-12,9.779778e-13,7.971822e-18,-8.0002671154e-13,0.0000e+00,0.9687
3125.31,-1.11555210e-12,9.780246e-13,8.537686e-18,-8.0024875615e-13,0.0000e+00,0.9687
3125.88,-1.11555210e-12,9.780653e-13,8.306206e-18,-8.0035977845e-13,0.0000e+00,0.9687
3126.45,-1.11521903e-12,9.780981e-13,7.935739e-18,-8.0080386766e-13,0.0000e+00,0.9687
3127.02,-1.11521903e-12,9.782102e-13,7.792815e-18,-8.0091488996e-13,0.0000e+00,0.9687
3127.59,-1.11521903e-12,9.784135e-13,7.827621e-18,-8.0124795687e-13,0.0000e+00,0.9687
3128.17,-1.11655130e-12,9.784747e-13,8.057682e-18,-8.0135897917e-13,0.0000e+00,0.9687
3128.74,-1.11688436e-12,9.785704e-13,8.531663e-18,-8.0135897917e-13,0.0000e+00,0.9687
3129.31,-1.11688436e-12,9.786778e-13,8.779242e-18,-8.0180306838e-13,0.0000e+00,0.9687
3129.88,-1.11688436e-12,9.788461e-13,8.651084e-18,-8.0180306838e-13,0.0000e+00,0.9687
3130.45,-1.11688436e-12,9.790396e-13,8.067445e-18,-8.0202511299e-13,0.0000e+00,0.9687
3131.03,-1.11688436e-12,9.791813e-13,7.341400e-18,-8.0224715759e-13,0.0000e+00,0.9687
3131.60,-1.11688436e-12,9.792920e-13,7.285996e-18,-8.0246920220e-13,0.0000e+00,0.9687
3132.17,-1.11566312e-12,9.794081e-13,7.332606e-18,-8.0246920220e-13,0.0000e+00,0.9687
3132.74,-1.11366472e-12,9.795440e-13,7.306245e-18,-8.0269124680e-13,0.0000e+00,0.9687
3133.31,-1.11355369e-12,9.796581e-13,7.374534e-18,-8.0269124680e-13,0.0000e+00,0.9687
3133.89,-1.11488596e-12,9.797862e-13,7.297160e-18,-8.0302431371e-13,0.0000e+00,0.9687
3134.46,-1.11677334e-12,9.799233e-13,7.011175e-18,-8.0302431371e-13,0.0000e+00,0.9687
3135.03,-1.12110321e-12,9.800278e-13,6.520109e-18,-8.0302431371e-13,0.0000e+00,0.9687
3135.60,-1.12532206e-12,9.802057e-13,6.365485e-18,-8.0335738062e-13,0.0000e+00,0.9687
3136.17,-1.12776455e-12,9.803559e-13,6.686687e-18,-8.0335738062e-13,0.0000e+00,0.9687
3136.75,-1.12809762e-12,9.805315e-13,6.775886e-18,-8.0346840292e-13,0.0000e+00,0.9687
3137.32,-1.12532206e-12,9.807095e-13,6.651221e-18,-8.0357942522e-13,0.0000e+00,0.9687
3137.89,-1.12165832e-12,9.808519e-13,6.671870e-18,-8.0380146983e-13,0.0000e+00,0.9687
3138.46,-1.11943788e-12,9.809547e-13,7.048907e-18,-8.0391249213e-13,0.0000e+00,0.9687
3139.03,-1.11921583e-12,9.811217e-13,7.538033e-18,-8.0402351443e-13,0.0000e+00,0.9687
3139.61,-1.11943788e-12,9.812736e-13,7.463727e-18,-8.0435658134e-13,0.0000e+00,0.9687
3140.18,-1.12032605e-12,9.814872e-13,6.993499e-18,-8.0457862595e-13,0.0000e+00,0.9687
3140.75,-1.11921583e-12,9.817195e-13,6.992176e-18,-8.0457862595e-13,0.0000e+00,0.9687
3141.32,-1.11621823e-12,9.818692e-13,7.261024e-18,-8.0480067055e-13,0.0000e+00,0.9687
3141.89,-1.11533005e-12,9.819823e-13,8.021643e-18,-8.0502271516e-13,0.0000e+00,0.9687
3142.47,-1.11677334e-12,9.820620e-13,8.398316e-18,-8.0502271516e-13,0.0000e+00,0.9687
3143.04,-1.12132525e-12,9.821508e-13,8.460845e-18,-8.0524475976e-13,0.0000e+00,0.9687
3143.61,-1.12876375e-12,9.823266e-13,8.616268e-18,-8.0524475976e-13,0.0000e+00,0.9687
3144.18,-1.13331566e-12,9.824718e-13,8.623522e-18,-8.0546680437e-13,0.0000e+00,0.9687
3144.75,-1.13209442e-12,9.827011e-13,8.609746e-18,-8.0568884897e-13,0.0000e+00,0.9687
3145.33,-1.12709841e-12,9.828431e-13,8.336325e-18,-8.0613293818e-13,0.0000e+00,0.9687
3145.90,-1.12199139e-12,9.830126e-13,8.011640e-18,-8.0613293818e-13,0.0000e+00,0.9687
3146.47,-1.12099219e-12,9.832220e-13,7.986445e-18,-8.0624396048e-13,0.0000e+00,0.9687
3147.04,-1.12365672e-12,9.834570e-13,8.072765e-18,-8.0657702739e-13,0.0000e+00,0.9687
3147.61,-1.12565512e-12,9.836875e-13,8.147571e-18,-8.0657702739e-13,0.0000e+00,0.9687
3148.19,-1.12532206e-12,9.839203e-13,8.006276e-18,-8.0668804969e-13,0.0000e+00,0.9687
3148.76,-1.12521104e-12,9.841510e-13,7.541358e-18,-8.0668804969e-13,0.0000e+00,0.9687
3149.33,-1.12521104e-12,9.843373e-13,7.462779e-18,-8.0713213890e-13,0.0000e+00,0.9687
3149.90,-1.12587717e-12,9.845257e-13,7.474434e-18,-8.0746520581e-13,0.0000e+00,0.9687
3150.47,-1.12720944e-12,9.846947e-13,6.678758e-18,-8.0757622811e-13,0.0000e+00,0.9687
3151.05,-1.12643228e-12,9.848298e-13,6.298080e-18,-8.0768725041e-13,0.0000e+00,0.9687
3151.62,-1.12387877e-12,9.849298e-13,6.277957e-18,-8.0768725041e-13,0.0000e+00,0.9687
3152.19,-1.12176934e-12,9.850234e-13,6.083542e-18,-8.0768725041e-13,0.0000e+00,0.9687
3152.76,-1.12165832e-12,9.851055e-13,6.034501e-18,-8.0790929502e-13,0.0000e+00,0.9687
3153.33,-1.12398979e-12,9.851993e-13,6.054852e-18,-8.0802031732e-13,0.0000e+00,0.9687
3153.91,-1.12565512e-12,9.853025e-13,6.159090e-18,-8.0813133962e-13,0.0000e+00,0.9687
3154.48,-1.12621024e-12,9.854103e-13,6.459137e-18,-8.0835338423e-13,0.0000e+00,0.9687
3155.05,-1.12532206e-12,9.855280e-13,6.911311e-18,-8.0835338423e-13,0.0000e+00,0.9687
3155.62,-1.12820864e-12,9.856451e-13,7.588752e-18,-8.0846440653e-13,0.0000e+00,0.9687
3156.19,-1.13453691e-12,9.857788e-13,8.646259e-18,-8.0846440653e-13,0.0000e+00,0.9687
3156.77,-1.14142029e-12,9.858960e-13,9.488322e-18,-8.0846440653e-13,0.0000e+00,0.9687
3157.34,-1.14419585e-12,9.860070e-13,1.024000e-17,-8.0846440653e-13,0.0000e+00,0.9687
3157.91,-1.14208643e-12,9.861398e-13,1.087986e-17,-8.0857542883e-13,0.0000e+00,0.9687
3158.48,-1.13709042e-12,9.862789e-13,1.179545e-17,-8.0890849574e-13,0.0000e+00,0.9687
3159.05,-1.13287157e-12,9.863776e-13,1.259777e-17,-8.0890849574e-13,0.0000e+00,0.9687
3159.63,-1.12998499e-12,9.865067e-13,1.330651e-17,-8.0901951804e-13,0.0000e+00,0.9687
3160.20,-1.12654330e-12,9.867081e-13,1.373138e-17,-8.0946360725e-13,0.0000e+00,0.9687
3160.77,-1.12432286e-12,9.869398e-13,1.403718e-17,-8.0946360725e-13,0.0000e+00,0.9687
3161.34,-1.12432286e-12,9.872757e-13,1.432535e-17,-8.0946360725e-13,0.0000e+00,0.9687
3161.91,-1.12676535e-12,9.875679e-13,1.491774e-17,-8.0968565186e-13,0.0000e+00,0.9687
3162.49,-1.12942988e-12,9.879225e-13,1.539719e-17,-8.0979667416e-13,0.0000e+00,0.9687
3163.06,-1.13364873e-12,9.882590e-13,1.565638e-17,-8.0990769646e-13,0.0000e+00,0.9687
3163.63,-1.13520304e-12,9.884650e-13,1.603967e-17,-8.0990769646e-13,0.0000e+00,0.9687
3164.20,-1.13420384e-12,9.886605e-13,1.687134e-17,-8.0990769646e-13,0.0000e+00,0.9687
3164.77,-1.13065113e-12,9.888302e-13,1.797044e-17,-8.0990769646e-13,0.0000e+00,0.9687
3165.35,-1.12720944e-12,9.890371e-13,1.838880e-17,-8.1035178567e-13,0.0000e+00,0.9687
3165.92,-1.12687637e-12,9.892390e-13,1.861637e-17,-8.1057383028e-13,0.0000e+00,0.9687
3166.49,-1.12931886e-12,9.894212e-13,1.923988e-17,-8.1068485258e-13,0.0000e+00,0.9687
3167.06,-1.13165033e-12,9.895984e-13,1.983099e-17,-8.1101791949e-13,0.0000e+00,0.9687
3167.63,-1.13231646e-12,9.898057e-13,1.999947e-17,-8.1112894179e-13,0.0000e+00,0.9687
3168.21,-1.13098420e-12,9.900161e-13,1.989907e-17,-8.1112894179e-13,0.0000e+00,0.9687
3168.78,-1.12876375e-12,9.902444e-13,2.018104e-17,-8.1146200870e-13,0.0000e+00,0.9687
3169.35,-1.12931886e-12,9.905188e-13,2.048437e-17,-8.1146200870e-13,0.0000e+00,0.9687
3169.92,-1.13165033e-12,9.908332e-13,2.055070e-17,-8.1157303100e-13,0.0000e+00,0.9687
3170.49,-1.13464793e-12,9.911156e-13,2.053015e-17,-8.1190609791e-13,0.0000e+00,0.9687
3171.07,-1.13642429e-12,9.913989e-13,2.060389e-17,-8.1201712021e-13,0.0000e+00,0.9687
3171.64,-1.13564713e-12,9.916916e-13,2.038118e-17,-8.1212814251e-13,0.0000e+00,0.9687
3172.21,-1.13264953e-12,9.919900e-13,2.064723e-17,-8.1279427633e-13,0.0000e+00,0.9687
3172.78,-1.12876375e-12,9.922770e-13,2.129895e-17,-8.1279427633e-13,0.0000e+00,0.9687
3173.35,-1.12776455e-12,9.925459e-13,2.201645e-17,-8.1279427633e-13,0.0000e+00,0.9687
3173.93,-1.12976295e-12,9.927818e-13,2.202257e-17,-8.1301632093e-13,0.0000e+00,0.9687
3174.50,-1.13253851e-12,9.930747e-13,2.129679e-17,-8.1323836554e-13,0.0000e+00,0.9687
3175.07,-1.13298260e-12,9.933904e-13,2.098671e-17,-8.1357143245e-13,0.0000e+00,0.9687
3175.64,-1.13209442e-12,9.936873e-13,2.109464e-17,-8.1357143245e-13,0.0000e+00,0.9687
3176.21,-1.12965193e-12,9.940625e-13,2.127151e-17,-8.1390449935e-13,0.0000e+00,0.9687
3176.79,-1.12687637e-12,9.944204e-13,2.068352e-17,-8.1401552166e-13,0.0000e+00,0.9687
3177.36,-1.12587717e-12,9.946017e-13,1.956345e-17,-8.1423756626e-13,0.0000e+00,0.9687
3177.93,-1.12587717e-12,9.947592e-13,1.879830e-17,-8.1434858856e-13,0.0000e+00,0.9687
3178.50,-1.12676535e-12,9.949255e-13,1.845588e-17,-8.1468165547e-13,0.0000e+00,0.9687
3179.07,-1.12720944e-12,9.951437e-13,1.844609e-17,-8.1468165547e-13,0.0000e+00,0.9687
3179.65,-1.12787557e-12,9.954368e-13,1.860845e-17,-8.1512574468e-13,0.0000e+00,0.9687
3180.22,-1.12843068e-12,9.957447e-13,1.825349e-17,-8.1512574468e-13,0.0000e+00,0.9687
3180.79,-1.12965193e-12,9.961082e-13,1.741517e-17,-8.1523676698e-13,0.0000e+00,0.9687
3181.36,-1.13076215e-12,9.964406e-13,1.643685e-17,-8.1534778928e-13,0.0000e+00,0.9687
3181.93,-1.13198340e-12,9.967483e-13,1.596719e-17,-8.1579187849e-13,0.0000e+00,0.9687
3182.50,-1.13420384e-12,9.969975e-13,1.608189e-17,-8.1601392310e-13,0.0000e+00,0.9687
3183.08,-1.13642429e-12,9.972329e-13,1.596018e-17,-8.1601392310e-13,0.0000e+00,0.9687
3183.65,-1.13808962e-12,9.974368e-13,1.568838e-17,-8.1612494540e-13,0.0000e+00,0.9687
3184.22,-1.13853371e-12,9.976182e-13,1.532412e-17,-8.1612494540e-13,0.0000e+00,0.9687
3184.79,-1.13820064e-12,9.978615e-13,1.470623e-17,-8.1623596770e-13,0.0000e+00,0.9687
3185.36,-1.13553611e-12,9.981524e-13,1.358051e-17,-8.1645801231e-13,0.0000e+00,0.9687
3185.94,-1.13109522e-12,9.984295e-13,1.290540e-17,-8.1656903461e-13,0.0000e+00,0.9687
3186.51,-1.12676535e-12,9.986948e-13,1.277361e-17,-8.1701312382e-13,0.0000e+00,0.9687
3187.08,-1.12299059e-12,9.990183e-13,1.268422e-17,-8.1712414612e-13,0.0000e+00,0.9687
3187.65,-1.12210241e-12,9.993107e-13,1.263844e-17,-8.1712414612e-13,0.0000e+00,0.9687
3188.22,-1.12487797e-12,9.996345e-13,1.269317e-17,-8.1712414612e-13,0.0000e+00,0.9687
3188.80,-1.13042908e-12,9.998389e-13,1.287561e-17,-8.1756823533e-13,0.0000e+00,0.9687
3189.37,-1.13653531e-12,9.999885e-13,1.283622e-17,-8.1756823533e-13,0.0000e+00,0.9687
3189.94,-1.14064314e-12,1.000104e-12,1.262238e-17,-8.1756823533e-13,0.0000e+00,0.9687
3190.51,-1.14164234e-12,1.000303e-12,1.278001e-17,-8.1790130224e-13,0.0000e+00,0.9687
3191.08,-1.14130927e-12,1.000566e-12,1.297635e-17,-8.1801232454e-13,0.0000e+00,0.9687
3191.66,-1.13908882e-12,1.000773e-12,1.303336e-17,-8.1823436915e-13,0.0000e+00,0.9687
3192.23,-1.13875576e-12,1.001074e-12,1.285030e-17,-8.1834539145e-13,0.0000e+00,0.9687
3192.80,-1.13942189e-12,1.001360e-12,1.242016e-17,-8.1867845836e-13,0.0000e+00,0.9687
3193.37,-1.13742349e-12,1.001597e-12,1.149939e-17,-8.1867845836e-13,0.0000e+00,0.9687
3193.94,-1.13464793e-12,1.001808e-12,1.065002e-17,-8.1867845836e-13,0.0000e+00,0.9687
3194.52,-1.13364873e-12,1.002011e-12,1.010758e-17,-8.1867845836e-13,0.0000e+00,0.9687
3195.09,-1.13364873e-12,1.002196e-12,9.727632e-18,-8.1912254757e-13,0.0000e+00,0.9687
3195.66,-1.13364873e-12,1.002379e-12,9.490101e-18,-8.1934459217e-13,0.0000e+00,0.9687
3196.23,-1.13320464e-12,1.002557e-12,9.307287e-18,-8.1967765908e-13,0.0000e+00,0.9687
3196.80,-1.13453691e-12,1.002715e-12,9.064921e-18,-8.1967765908e-13,0.0000e+00,0.9687
3197.38,-1.13586918e-12,1.002935e-12,8.792424e-18,-8.1967765908e-13,0.0000e+00,0.9687
3197.95,-1.13642429e-12,1.003143e-12,8.394460e-18,-8.1967765908e-13,0.0000e+00,0.9687
3198.52,-1.13364873e-12,1.003359e-12,8.242147e-18,-8.2001072599e-13,0.0000e+00,0.9687
3199.09,-1.13165033e-12,1.003552e-12,8.171305e-18,-8.2023277059e-13,0.0000e+00,0.9687
3199.66,-1.13165033e-12,1.003682e-12,7.905770e-18,-8.2023277059e-13,0.0000e+00,0.9687
3200.24,-1.13331566e-12,1.003826e-12,7.869978e-18,-8.2056583750e-13,0.0000e+00,0.9687
3200.81,-1.13464793e-12,1.003968e-12,7.857723e-18,-8.2056583750e-13,0.0000e+00,0.9687
3201.38,-1.13353771e-12,1.004100e-12,8.240796e-18,-8.2067685980e-13,0.0000e+00,0.9687
3201.95,-1.13076215e-12,1.004245e-12,7.750241e-18,-8.2134299362e-13,0.0000e+00,0.9687
3202.52,-1.13131726e-12,1.004400e-12,7.110982e-18,-8.2134299362e-13,0.0000e+00,0.9687
3203.10,-1.13720144e-12,1.004556e-12,6.837981e-18,-8.2156503822e-13,0.0000e+00,0.9687
3203.67,-1.14463994e-12,1.004659e-12,6.787575e-18,-8.2178708283e-13,0.0000e+00,0.9687
3204.24,-1.15030208e-12,1.004758e-12,6.698251e-18,-8.2178708283e-13,0.0000e+00,0.9687
3204.81,-1.15008003e-12,1.004847e-12,6.758304e-18,-8.2189810513e-13,0.0000e+00,0.9687
3205.38,-1.14575016e-12,1.004967e-12,7.026953e-18,-8.2189810513e-13,0.0000e+00,0.9687
3205.96,-1.14208643e-12,1.005121e-12,7.234409e-18,-8.2189810513e-13,0.0000e+00,0.9687
3206.53,-1.14097620e-12,1.005327e-12,7.430931e-18,-8.2223117204e-13,0.0000e+00,0.9687
3207.10,-1.13886678e-12,1.005598e-12,7.726854e-18,-8.2245321664e-13,0.0000e+00,0.9687
3207.67,-1.13420384e-12,1.005874e-12,7.408071e-18,-8.2223117204e-13,0.0000e+00,0.9687
3208.24,-1.12720944e-12,1.006093e-12,7.533735e-18,-8.2234219434e-13,0.0000e+00,0.9687
3208.82,-1.12143628e-12,1.006287e-12,7.987893e-18,-8.2234219434e-13,0.0000e+00,0.9687
3209.39,-1.12143628e-12,1.006426e-12,8.771834e-18,-8.2256423894e-13,0.0000e+00,0.9687
3209.96,-1.12965193e-12,1.006551e-12,9.429655e-18,-8.2289730585e-13,0.0000e+00,0.9687
3210.53,-1.13886678e-12,1.006753e-12,9.808449e-18,-8.2323037276e-13,0.0000e+00,0.9687
3211.10,-1.14230847e-12,1.006885e-12,1.020787e-17,-8.2300832815e-13,0.0000e+00,0.9687
3211.68,-1.14042109e-12,1.007012e-12,1.066296e-17,-8.2323037276e-13,0.0000e+00,0.9687
3212.25,-1.13742349e-12,1.007154e-12,1.114162e-17,-8.2367446197e-13,0.0000e+00,0.9687
3212.82,-1.13675735e-12,1.007323e-12,1.158530e-17,-8.2378548427e-13,0.0000e+00,0.9687
3213.39,-1.13820064e-12,1.007426e-12,1.147855e-17,-8.2422957348e-13,0.0000e+00,0.9687
3213.96,-1.14042109e-12,1.007520e-12,1.126824e-17,-8.2422957348e-13,0.0000e+00,0.9687
3214.54,-1.14042109e-12,1.007749e-12,1.135159e-17,-8.2478468499e-13,0.0000e+00,0.9687
3215.11,-1.13642429e-12,1.008004e-12,1.163959e-17,-8.2545081881e-13,0.0000e+00,0.9687
3215.68,-1.13331566e-12,1.008303e-12,1.150568e-17,-8.2556184111e-13,0.0000e+00,0.9687
3216.25,-1.13520304e-12,1.008643e-12,1.166396e-17,-8.2567286341e-13,0.0000e+00,0.9687
3216.82,-1.14264154e-12,1.008926e-12,1.206246e-17,-8.2567286341e-13,0.0000e+00,0.9687
3217.40,-1.14908083e-12,1.009175e-12,1.243437e-17,-8.2589490802e-13,0.0000e+00,0.9687
3217.97,-1.14930288e-12,1.009302e-12,1.253892e-17,-8.2611695262e-13,0.0000e+00,0.9687
3218.54,-1.14386278e-12,1.009303e-12,1.207175e-17,-8.2611695262e-13,0.0000e+00,0.9687
3219.11,-1.13886678e-12,1.009382e-12,1.156067e-17,-8.2645001953e-13,0.0000e+00,0.9687
3219.68,-1.13808962e-12,1.009451e-12,1.130840e-17,-8.2645001953e-13,0.0000e+00,0.9687
3220.26,-1.14197540e-12,1.009551e-12,1.137659e-17,-8.2678308644e-13,0.0000e+00,0.9687
3220.83,-1.14674936e-12,1.009753e-12,1.151317e-17,-8.2678308644e-13,0.0000e+00,0.9687
3221.40,-1.14774856e-12,1.009984e-12,1.149314e-17,-8.2656104183e-13,0.0000e+00,0.9687
3221.97,-1.14497301e-12,1.010318e-12,1.135858e-17,-8.2689410874e-13,0.0000e+00,0.9687
3222.54,-1.14208643e-12,1.010637e-12,1.120671e-17,-8.2678308644e-13,0.0000e+00,0.9687
3223.12,-1.14130927e-12,1.010934e-12,1.113200e-17,-8.2689410874e-13,0.0000e+00,0.9687
3223.69,-1.14297460e-12,1.011260e-12,1.110150e-17,-8.2722717565e-13,0.0000e+00,0.9687
3224.26,-1.14608323e-12,1.011561e-12,1.099787e-17,-8.2744922025e-13,0.0000e+00,0.9687
3224.83,-1.14874776e-12,1.011854e-12,1.061081e-17,-8.2778228716e-13,0.0000e+00,0.9687
3225.40,-1.14841470e-12,1.011635e-12,1.031799e-17,-8.2822637637e-13,0.0000e+00,0.9687
3225.98,-1.14819265e-12,1.011793e-12,1.005990e-17,-8.2811535407e-13,0.0000e+00,0.9687
3226.55,-1.14586118e-12,1.012018e-12,9.712418e-18,-8.2811535407e-13,0.0000e+00,0.9687
3227.12,-1.14486198e-12,1.012302e-12,9.416786e-18,-8.2833739867e-13,0.0000e+00,0.9687
3227.69,-1.14486198e-12,1.012604e-12,9.285916e-18,-8.2855944328e-13,0.0000e+00,0.9687
3228.26,-1.14486198e-12,1.012500e-12,9.152854e-18,-8.2878148788e-13,0.0000e+00,0.9687
3228.84,-1.14364074e-12,1.012757e-12,8.831158e-18,-8.2911455479e-13,0.0000e+00,0.9687
3229.41,-1.14108722e-12,1.013053e-12,8.652828e-18,-8.2966966630e-13,0.0000e+00,0.9687
3229.98,-1.14008802e-12,1.013396e-12,8.714056e-18,-8.3000273321e-13,0.0000e+00,0.9687
3230.55,-1.14164234e-12,1.013378e-12,8.698024e-18,-8.3011375551e-13,0.0000e+00,0.9687
3231.12,-1.14641630e-12,1.013584e-12,8.751565e-18,-8.3011375551e-13,0.0000e+00,0.9687
3231.70,-1.15008003e-12,1.013773e-12,8.621491e-18,-8.3011375551e-13,0.0000e+00,0.9687
3232.27,-1.15063514e-12,1.013934e-12,8.396864e-18,-8.3044682242e-13,0.0000e+00,0.9687
3232.84,-1.14774856e-12,1.013805e-12,8.612785e-18,-8.3033580012e-13,0.0000e+00,0.9687
3233.41,-1.14264154e-12,1.013897e-12,8.555982e-18,-8.3055784472e-13,0.0000e+00,0.9687
3233.98,-1.14008802e-12,1.014039e-12,8.531148e-18,-8.3100193393e-13,0.0000e+00,0.9687
3234.56,-1.14108722e-12,1.013855e-12,8.310732e-18,-8.3100193393e-13,0.0000e+00,0.9687
3235.13,-1.14530607e-12,1.014033e-12,7.852127e-18,-8.3144602314e-13,0.0000e+00,0.9687
3235.70,-1.14941390e-12,1.014329e-12,7.460757e-18,-8.3155704544e-13,0.0000e+00,0.9687
3236.27,-1.14996901e-12,1.014613e-12,7.093531e-18,-8.3177909005e-13,0.0000e+00,0.9687
3236.84,-1.14963594e-12,1.014843e-12,6.609121e-18,-8.3200113465e-13,0.0000e+00,0.9687
3237.42,-1.14941390e-12,1.014969e-12,6.027533e-18,-8.3200113465e-13,0.0000e+00,0.9687
3237.99,-1.14941390e-12,1.015049e-12,5.285011e-18,-8.3244522386e-13,0.0000e+00,0.9687
3238.56,-1.15230048e-12,1.015168e-12,5.040133e-18,-8.3266726847e-13,0.0000e+00,0.9687
3239.13,-1.15452092e-12,1.015286e-12,5.188150e-18,-8.3277829077e-13,0.0000e+00,0.9687
3239.70,-1.15485399e-12,1.015459e-12,5.603803e-18,-8.3322237998e-13,0.0000e+00,0.9687
3240.28,-1.15252252e-12,1.015673e-12,6.071756e-18,-8.3322237998e-13,0.0000e+00,0.9687
3240.85,-1.14930288e-12,1.015935e-12,6.070210e-18,-8.3322237998e-13,0.0000e+00,0.9687
3241.42,-1.14974696e-12,1.016244e-12,6.228829e-18,-8.3366646919e-13,0.0000e+00,0.9687
3241.99,-1.15385479e-12,1.016540e-12,6.722006e-18,-8.3366646919e-13,0.0000e+00,0.9687
3242.56,-1.15640830e-12,1.016864e-12,6.988395e-18,-8.3399953610e-13,0.0000e+00,0.9687
3243.14,-1.15363274e-12,1.017133e-12,7.540625e-18,-8.3411055840e-13,0.0000e+00,0.9687
3243.71,-1.14719345e-12,1.017406e-12,8.451694e-18,-8.3422158070e-13,0.0000e+00,0.9687
3244.28,-1.14164234e-12,1.017648e-12,9.679451e-18,-8.3488771452e-13,0.0000e+00,0.9687
3244.85,-1.14175336e-12,1.017804e-12,1.110337e-17,-8.3499873682e-13,0.0000e+00,0.9687
3245.42,-1.14941390e-12,1.017889e-12,1.126724e-17,-8.3510975912e-13,0.0000e+00,0.9687
3245.99,-1.16107124e-12,1.018017e-12,1.046036e-17,-8.3533180373e-13,0.0000e+00,0.9687
3246.57,-1.16773258e-12,1.018212e-12,1.001088e-17,-8.3555384833e-13,0.0000e+00,0.9687
3247.14,-1.16517906e-12,1.018432e-12,1.009676e-17,-8.3577589294e-13,0.0000e+00,0.9687
3247.71,-1.15840670e-12,1.018716e-12,1.076752e-17,-8.3588691524e-13,0.0000e+00,0.9687
3248.28,-1.15552012e-12,1.019096e-12,1.223485e-17,-8.3621998215e-13,0.0000e+00,0.9687
3248.85,-1.15873977e-12,1.019432e-12,1.340786e-17,-8.3644202675e-13,0.0000e+00,0.9687
3249.43,-1.16173737e-12,1.019739e-12,1.383430e-17,-8.3644202675e-13,0.0000e+00,0.9687
3250.00,-1.15940590e-12,1.019978e-12,1.396151e-17,-8.3688611596e-13,0.0000e+00,0.9687
3250.57,-1.15363274e-12,1.020224e-12,1.405405e-17,-8.3733020517e-13,0.0000e+00,0.9687
3251.14,-1.14874776e-12,1.020458e-12,1.404598e-17,-8.3766327208e-13,0.0000e+00,0.9687
3251.71,-1.14808163e-12,1.020751e-12,1.416648e-17,-8.3777429438e-13,0.0000e+00,0.9687
3252.29,-1.15130128e-12,1.021076e-12,1.450071e-17,-8.3810736129e-13,0.0000e+00,0.9687
3252.86,-1.15463195e-12,1.021468e-12,1.469225e-17,-8.3821838359e-13,0.0000e+00,0.9687
3253.43,-1.15485399e-12,1.021838e-12,1.487740e-17,-8.3855145050e-13,0.0000e+00,0.9687
3254.00,-1.15074617e-12,1.022077e-12,1.504331e-17,-8.3866247280e-13,0.0000e+00,0.9687
3254.57,-1.14297460e-12,1.022298e-12,1.506158e-17,-8.3888451741e-13,0.0000e+00,0.9687
3255.15,-1.13886678e-12,1.022538e-12,1.499022e-17,-8.3899553971e-13,0.0000e+00,0.9687
3255.72,-1.14419585e-12,1.022710e-12,1.503077e-17,-8.3932860662e-13,0.0000e+00,0.9687
3256.29,-1.15618626e-12,1.022909e-12,1.511504e-17,-8.3932860662e-13,0.0000e+00,0.9687
3256.86,-1.16673338e-12,1.023161e-12,1.497868e-17,-8.3943962892e-13,0.0000e+00,0.9687
3257.43,-1.16939791e-12,1.023412e-12,1.485888e-17,-8.3977269583e-13,0.0000e+00,0.9687
3258.01,-1.16462395e-12,1.023617e-12,1.502035e-17,-8.3988371813e-13,0.0000e+00,0.9687
3258.58,-1.15718546e-12,1.023851e-12,1.552393e-17,-8.3988371813e-13,0.0000e+00,0.9687
3259.15,-1.15263354e-12,1.024153e-12,1.571580e-17,-8.4021678504e-13,0.0000e+00,0.9687
3259.72,-1.15318866e-12,1.024409e-12,1.572458e-17,-8.4021678504e-13,0.0000e+00,0.9687
3260.29,-1.15618626e-12,1.024633e-12,1.551502e-17,-8.4043882964e-13,0.0000e+00,0.9687
3260.87,-1.15840670e-12,1.024881e-12,1.536320e-17,-8.4077189655e-13,0.0000e+00,0.9687
3261.44,-1.15651932e-12,1.025191e-12,1.528537e-17,-8.4088291885e-13,0.0000e+00,0.9687
3262.01,-1.15263354e-12,1.025498e-12,1.484669e-17,-8.4121598576e-13,0.0000e+00,0.9687
3262.58,-1.15296661e-12,1.025795e-12,1.429124e-17,-8.4132700806e-13,0.0000e+00,0.9687
3263.15,-1.15807364e-12,1.026146e-12,1.421015e-17,-8.4132700806e-13,0.0000e+00,0.9687
3263.73,-1.16329169e-12,1.026457e-12,1.436839e-17,-8.4166007497e-13,0.0000e+00,0.9687
3264.30,-1.16107124e-12,1.026708e-12,1.462764e-17,-8.4166007497e-13,0.0000e+00,0.9687
3264.87,-1.15352172e-12,1.026901e-12,1.467134e-17,-8.4177109727e-13,0.0000e+00,0.9687
3265.44,-1.14619425e-12,1.027051e-12,1.444495e-17,-8.4188211957e-13,0.0000e+00,0.9687
3266.01,-1.14452892e-12,1.027154e-12,1.453188e-17,-8.4210416418e-13,0.0000e+00,0.9687
3266.59,-1.15030208e-12,1.027329e-12,1.458962e-17,-8.4232620878e-13,0.0000e+00,0.9687
3267.16,-1.15896182e-12,1.027499e-12,1.458072e-17,-8.4232620878e-13,0.0000e+00,0.9687
3267.73,-1.16540111e-12,1.027660e-12,1.470535e-17,-8.4265927569e-13,0.0000e+00,0.9687
3268.30,-1.16495702e-12,1.027843e-12,1.507814e-17,-8.4277029799e-13,0.0000e+00,0.9687
3268.87,-1.16140431e-12,1.028039e-12,1.536554e-17,-8.4299234260e-13,0.0000e+00,0.9687
3269.45,-1.15873977e-12,1.028226e-12,1.538895e-17,-8.4299234260e-13,0.0000e+00,0.9687
3270.02,-1.15873977e-12,1.028401e-12,1.518344e-17,-8.4299234260e-13,0.0000e+00,0.9687
3270.59,-1.16040511e-12,1.028575e-12,1.495511e-17,-8.4310336490e-13,0.0000e+00,0.9687
3271.16,-1.16140431e-12,1.028725e-12,1.462897e-17,-8.4321438720e-13,0.0000e+00,0.9687
3271.73,-1.16107124e-12,1.028924e-12,1.435595e-17,-8.4343643181e-13,0.0000e+00,0.9687
3272.31,-1.16073817e-12,1.029162e-12,1.389438e-17,-8.4354745411e-13,0.0000e+00,0.9687
3272.88,-1.16096022e-12,1.029469e-12,1.338027e-17,-8.4388052102e-13,0.0000e+00,0.9687
3273.45,-1.16129328e-12,1.029722e-12,1.321813e-17,-8.4388052102e-13,0.0000e+00,0.9687
3274.02,-1.16195942e-12,1.029916e-12,1.270298e-17,-8.4399154332e-13,0.0000e+00,0.9687
3274.59,-1.16073817e-12,1.030092e-12,1.187871e-17,-8.4432461023e-13,0.0000e+00,0.9687
3275.17,-1.15685239e-12,1.030276e-12,1.151183e-17,-8.4454665483e-13,0.0000e+00,0.9687
3275.74,-1.15352172e-12,1.030498e-12,1.133714e-17,-8.4487972174e-13,0.0000e+00,0.9687
3276.31,-1.15429888e-12,1.030734e-12,1.106634e-17,-8.4499074404e-13,0.0000e+00,0.9687
3276.88,-1.15940590e-12,1.030938e-12,1.069473e-17,-8.4532381095e-13,0.0000e+00,0.9687
3277.45,-1.16429089e-12,1.031196e-12,1.023839e-17,-8.4565687786e-13,0.0000e+00,0.9687
3278.03,-1.16684440e-12,1.031479e-12,9.792289e-18,-8.4587892246e-13,0.0000e+00,0.9687
3278.60,-1.16651133e-12,1.031744e-12,9.698675e-18,-8.4587892246e-13,0.0000e+00,0.9687
3279.17,-1.16517906e-12,1.032028e-12,9.438431e-18,-8.4621198937e-13,0.0000e+00,0.9687
3279.74,-1.16329169e-12,1.032282e-12,9.353471e-18,-8.4621198937e-13,0.0000e+00,0.9687
3280.31,-1.16040511e-12,1.032540e-12,9.364760e-18,-8.4665607858e-13,0.0000e+00,0.9687
3280.89,-1.15740750e-12,1.032739e-12,9.441405e-18,-8.4710016779e-13,0.0000e+00,0.9687
3281.46,-1.15396581e-12,1.032996e-12,9.394165e-18,-8.4721119009e-13,0.0000e+00,0.9687
3282.03,-1.15396581e-12,1.033233e-12,9.128186e-18,-8.4754425700e-13,0.0000e+00,0.9687
3282.60,-1.15529808e-12,1.033396e-12,8.404074e-18,-8.4765527930e-13,0.0000e+00,0.9687
3283.17,-1.16029408e-12,1.033506e-12,8.273286e-18,-8.4787732391e-13,0.0000e+00,0.9687
3283.75,-1.16573418e-12,1.033650e-12,8.760028e-18,-8.4798834621e-13,0.0000e+00,0.9687
3284.32,-1.16839871e-12,1.033778e-12,9.334743e-18,-8.4809936851e-13,0.0000e+00,0.9687
3284.89,-1.16706644e-12,1.033980e-12,9.029287e-18,-8.4809936851e-13,0.0000e+00,0.9687
3285.46,-1.16362475e-12,1.034250e-12,8.031944e-18,-8.4832141312e-13,0.0000e+00,0.9687
3286.03,-1.16007204e-12,1.034589e-12,7.614266e-18,-8.4876550233e-13,0.0000e+00,0.9687
3286.61,-1.15973897e-12,1.034934e-12,7.744798e-18,-8.4887652463e-13,0.0000e+00,0.9687
3287.18,-1.16007204e-12,1.035275e-12,7.898339e-18,-8.4887652463e-13,0.0000e+00,0.9687
3287.75,-1.16007204e-12,1.035681e-12,7.741308e-18,-8.4920959154e-13,0.0000e+00,0.9687
3288.32,-1.15940590e-12,1.036026e-12,7.625328e-18,-8.4932061384e-13,0.0000e+00,0.9687
3288.89,-1.15996102e-12,1.036245e-12,7.296158e-18,-8.4932061384e-13,0.0000e+00,0.9687
3289.47,-1.16295862e-12,1.036362e-12,6.905850e-18,-8.4943163614e-13,0.0000e+00,0.9687
3290.04,-1.16484600e-12,1.036528e-12,6.822040e-18,-8.4943163614e-13,0.0000e+00,0.9687
3290.61,-1.16429089e-12,1.036712e-12,6.653043e-18,-8.4976470305e-13,0.0000e+00,0.9687
3291.18,-1.16384680e-12,1.036858e-12,6.351653e-18,-8.4987572535e-13,0.0000e+00,0.9687
3291.75,-1.16395782e-12,1.037043e-12,5.901767e-18,-8.4987572535e-13,0.0000e+00,0.9687
3292.33,-1.16606724e-12,1.037203e-12,5.944918e-18,-8.4998674765e-13,0.0000e+00,0.9687
3292.90,-1.16773258e-12,1.037373e-12,6.151491e-18,-8.4998674765e-13,0.0000e+00,0.9687
3293.47,-1.16606724e-12,1.037485e-12,5.521854e-18,-8.5031981456e-13,0.0000e+00,0.9687
3294.04,-1.16229248e-12,1.037510e-12,4.520329e-18,-8.5043083686e-13,0.0000e+00,0.9687
3294.61,-1.16195942e-12,1.037517e-12,4.837242e-18,-8.5065288147e-13,0.0000e+00,0.9687
3295.19,-1.16429089e-12,1.037636e-12,5.056489e-18,-8.5065288147e-13,0.0000e+00,0.9687
3295.76,-1.16673338e-12,1.037738e-12,5.125026e-18,-8.5087492607e-13,0.0000e+00,0.9687
3296.33,-1.16717747e-12,1.037961e-12,5.263992e-18,-8.5087492607e-13,0.0000e+00,0.9687
3296.90,-1.16295862e-12,1.038238e-12,5.407797e-18,-8.5120799298e-13,0.0000e+00,0.9687
3297.47,-1.15818466e-12,1.038502e-12,5.582611e-18,-8.5120799298e-13,0.0000e+00,0.9687
3298.05,-1.15940590e-12,1.038826e-12,6.295585e-18,-8.5120799298e-13,0.0000e+00,0.9687
3298.62,-1.16784360e-12,1.039007e-12,7.121391e-18,-8.5154105989e-13,0.0000e+00,0.9687
3299.19,-1.17805765e-12,1.039032e-12,7.670537e-18,-8.5165208219e-13,0.0000e+00,0.9687
3299.76,-1.18483001e-12,1.039069e-12,7.471655e-18,-8.5176310449e-13,0.0000e+00,0.9687
3300.33,-1.18227650e-12,1.039113e-12,7.789896e-18,-8.5198514910e-13,0.0000e+00,0.9687
3300.91,-1.17417187e-12,1.039189e-12,8.753284e-18,-8.5209617140e-13,0.0000e+00,0.9687
3301.48,-1.16673338e-12,1.039262e-12,1.005018e-17,-8.5209617140e-13,0.0000e+00,0.9687
3302.05,-1.16384680e-12,1.039275e-12,1.080013e-17,-8.5209617140e-13,0.0000e+00,0.9687
3302.62,-1.16484600e-12,1.039341e-12,1.106279e-17,-8.5242923831e-13,0.0000e+00,0.9687
3303.19,-1.16495702e-12,1.039423e-12,1.132942e-17,-8.5254026061e-13,0.0000e+00,0.9687
3303.77,-1.16451293e-12,1.039551e-12,1.140914e-17,-8.5254026061e-13,0.0000e+00,0.9687
3304.34,-1.16384680e-12,1.039784e-12,1.170463e-17,-8.5287332752e-13,0.0000e+00,0.9687
3304.91,-1.16318066e-12,1.040032e-12,1.214958e-17,-8.5331741673e-13,0.0000e+00,0.9687
3305.48,-1.16462395e-12,1.040215e-12,1.237607e-17,-8.5331741673e-13,0.0000e+00,0.9687
3306.05,-1.16640031e-12,1.040403e-12,1.241770e-17,-8.5376150594e-13,0.0000e+00,0.9687
3306.62,-1.16640031e-12,1.040556e-12,1.228571e-17,-8.5387252824e-13,0.0000e+00,0.9687
3307.20,-1.16606724e-12,1.040677e-12,1.193035e-17,-8.5420559515e-13,0.0000e+00,0.9687
3307.77,-1.16295862e-12,1.040780e-12,1.169252e-17,-8.5431661745e-13,0.0000e+00,0.9687
3308.34,-1.16218146e-12,1.040890e-12,1.189003e-17,-8.5442763975e-13,0.0000e+00,0.9687
3308.91,-1.16229248e-12,1.041020e-12,1.237339e-17,-8.5464968436e-13,0.0000e+00,0.9687
3309.48,-1.16329169e-12,1.041086e-12,1.283636e-17,-8.5476070666e-13,0.0000e+00,0.9687
3310.06,-1.16484600e-12,1.041213e-12,1.331004e-17,-8.5476070666e-13,0.0000e+00,0.9687
3310.63,-1.16573418e-12,1.041323e-12,1.330287e-17,-8.5476070666e-13,0.0000e+00,0.9687
3311.20,-1.16684440e-12,1.041398e-12,1.287336e-17,-8.5487172896e-13,0.0000e+00,0.9687
3311.77,-1.16817667e-12,1.041427e-12,1.247663e-17,-8.5509377357e-13,0.0000e+00,0.9687
3312.34,-1.16995302e-12,1.041577e-12,1.184139e-17,-8.5509377357e-13,0.0000e+00,0.9687
3312.92,-1.16995302e-12,1.041776e-12,1.138141e-17,-8.5520479587e-13,0.0000e+00,0.9687
3313.49,-1.16651133e-12,1.042010e-12,1.116252e-17,-8.5531581817e-13,0.0000e+00,0.9687
3314.06,-1.16284760e-12,1.042221e-12,1.106882e-17,-8.5531581817e-13,0.0000e+00,0.9687
3314.63,-1.16195942e-12,1.042402e-12,1.122874e-17,-8.5553786278e-13,0.0000e+00,0.9687
3315.20,-1.16173737e-12,1.042501e-12,1.168098e-17,-8.5531581817e-13,0.0000e+00,0.9687
3315.78,-1.16251453e-12,1.042591e-12,1.180499e-17,-8.5531581817e-13,0.0000e+00,0.9687
3316.35,-1.16395782e-12,1.042580e-12,1.135075e-17,-8.5564888508e-13,0.0000e+00,0.9687
3316.92,-1.16651133e-12,1.042547e-12,1.130059e-17,-8.5564888508e-13,0.0000e+00,0.9687
3317.49,-1.17106325e-12,1.042514e-12,1.168875e-17,-8.5564888508e-13,0.0000e+00,0.9687
3318.06,-1.17583721e-12,1.042605e-12,1.221148e-17,-8.5564888508e-13,0.0000e+00,0.9687
3318.64,-1.18005605e-12,1.042628e-12,1.232599e-17,-8.5553786278e-13,0.0000e+00,0.9687
3319.21,-1.18027810e-12,1.042620e-12,1.202962e-17,-8.5575990738e-13,0.0000e+00,0.9687
3319.78,-1.17683641e-12,1.042703e-12,1.177346e-17,-8.5575990738e-13,0.0000e+00,0.9687
3320.35,-1.17217347e-12,1.042954e-12,1.145024e-17,-8.5598195199e-13,0.0000e+00,0.9687
3320.92,-1.16773258e-12,1.043134e-12,1.130931e-17,-8.5620399659e-13,0.0000e+00,0.9687
3321.50,-1.16540111e-12,1.043073e-12,1.121039e-17,-8.5620399659e-13,0.0000e+00,0.9687
3322.07,-1.16617827e-12,1.043222e-12,1.112087e-17,-8.5653706350e-13,0.0000e+00,0.9687
3322.64,-1.17039711e-12,1.043331e-12,1.072802e-17,-8.5642604120e-13,0.0000e+00,0.9687
3323.21,-1.17494903e-12,1.043393e-12,1.015467e-17,-8.5687013041e-13,0.0000e+00,0.9687
3323.78,-1.17739152e-12,1.043503e-12,9.488760e-18,-8.5698115271e-13,0.0000e+00,0.9687
3324.36,-1.17805765e-12,1.043660e-12,8.956243e-18,-8.5709217501e-13,0.0000e+00,0.9687
3324.93,-1.17972299e-12,1.043805e-12,8.705687e-18,-8.5742524192e-13,0.0000e+00,0.9687
3325.50,-1.17927890e-12,1.043882e-12,8.698784e-18,-8.5786933113e-13,0.0000e+00,0.9687
3326.07,-1.17583721e-12,1.043992e-12,9.217063e-18,-8.5798035343e-13,0.0000e+00,0.9687
3326.64,-1.17073018e-12,1.044142e-12,9.688493e-18,-8.5820239804e-13,0.0000e+00,0.9687
3327.22,-1.16751053e-12,1.044301e-12,9.396988e-18,-8.5831342034e-13,0.0000e+00,0.9687
3327.79,-1.16862076e-12,1.044557e-12,8.433897e-18,-8.5842444264e-13,0.0000e+00,0.9687
3328.36,-1.17328369e-12,1.044852e-12,7.447113e-18,-8.5853546494e-13,0.0000e+00,0.9687
3328.93,-1.17705845e-12,1.045079e-12,7.364198e-18,-8.5897955415e-13,0.0000e+00,0.9687
3329.50,-1.17805765e-12,1.045279e-12,7.625069e-18,-8.5897955415e-13,0.0000e+00,0.9687
3330.08,-1.17572618e-12,1.045453e-12,7.488449e-18,-8.5920159876e-13,0.0000e+00,0.9687
3330.65,-1.17261756e-12,1.045611e-12,7.027355e-18,-8.5942364336e-13,0.0000e+00,0.9687
3331.22,-1.17250654e-12,1.045769e-12,6.644428e-18,-8.5975671027e-13,0.0000e+00,0.9687
3331.79,-1.17350574e-12,1.045960e-12,6.157755e-18,-8.6008977718e-13,0.0000e+00,0.9687
3332.36,-1.17295063e-12,1.046139e-12,5.498246e-18,-8.6053386639e-13,0.0000e+00,0.9687
3332.94,-1.16961996e-12,1.046294e-12,5.148800e-18,-8.6064488869e-13,0.0000e+00,0.9687
3333.51,-1.16640031e-12,1.046400e-12,5.928902e-18,-8.6064488869e-13,0.0000e+00,0.9687
3334.08,-1.16862076e-12,1.046373e-12,6.516173e-18,-8.6064488869e-13,0.0000e+00,0.9687
3334.65,-1.17672538e-12,1.046356e-12,6.732471e-18,-8.6064488869e-13,0.0000e+00,0.9687
3335.22,-1.18649535e-12,1.046316e-12,7.012087e-18,-8.6097795560e-13,0.0000e+00,0.9687
3335.80,-1.19226851e-12,1.046338e-12,7.019014e-18,-8.6108897790e-13,0.0000e+00,0.9687
3336.37,-1.19149135e-12,1.046518e-12,6.614258e-18,-8.6142204481e-13,0.0000e+00,0.9687
3336.94,-1.18649535e-12,1.046784e-12,7.185051e-18,-8.6164408941e-13,0.0000e+00,0.9687
3337.51,-1.18105525e-12,1.047117e-12,7.973427e-18,-8.6197715632e-13,0.0000e+00,0.9687
3338.08,-1.17861276e-12,1.047592e-12,8.287337e-18,-8.6197715632e-13,0.0000e+00,0.9687
3338.66,-1.17994503e-12,1.048062e-12,8.602842e-18,-8.6231022323e-13,0.0000e+00,0.9687
3339.23,-1.18038912e-12,1.048502e-12,8.810056e-18,-8.6242124553e-13,0.0000e+00,0.9687
3339.80,-1.17583721e-12,1.048883e-12,9.481639e-18,-8.6231022323e-13,0.0000e+00,0.9687
3340.37,-1.17006405e-12,1.049146e-12,1.060190e-17,-8.6231022323e-13,0.0000e+00,0.9687
3340.94,-1.17106325e-12,1.049306e-12,1.146147e-17,-8.6286533474e-13,0.0000e+00,0.9687
3341.52,-1.18005605e-12,1.049357e-12,1.128342e-17,-8.6330942395e-13,0.0000e+00,0.9687
3342.09,-1.19126931e-12,1.049428e-12,1.116041e-17,-8.6342044625e-13,0.0000e+00,0.9687
3342.66,-1.19648735e-12,1.049512e-12,1.155594e-17,-8.6342044625e-13,0.0000e+00,0.9687
3343.23,-1.19193544e-12,1.049605e-12,1.241231e-17,-8.6375351316e-13,0.0000e+00,0.9687
3343.80,-1.18416388e-12,1.049727e-12,1.357301e-17,-8.6386453546e-13,0.0000e+00,0.9687
3344.38,-1.17872379e-12,1.049918e-12,1.442745e-17,-8.6386453546e-13,0.0000e+00,0.9687
3344.95,-1.17905685e-12,1.050248e-12,1.491267e-17,-8.6419760237e-13,0.0000e+00,0.9687
3345.52,-1.18383081e-12,1.050642e-12,1.530437e-17,-8.6430862467e-13,0.0000e+00,0.9687
3346.09,-1.18771659e-12,1.051047e-12,1.556131e-17,-8.6453066928e-13,0.0000e+00,0.9687
3346.66,-1.18782761e-12,1.051458e-12,1.564415e-17,-8.6464169158e-13,0.0000e+00,0.9687
3347.24,-1.18549615e-12,1.051755e-12,1.561890e-17,-8.6508578079e-13,0.0000e+00,0.9687
3347.81,-1.18138832e-12,1.052076e-12,1.583611e-17,-8.6508578079e-13,0.0000e+00,0.9687
3348.38,-1.18005605e-12,1.052288e-12,1.637977e-17,-8.6519680309e-13,0.0000e+00,0.9687
3348.95,-1.18138832e-12,1.052481e-12,1.701446e-17,-8.6519680309e-13,0.0000e+00,0.9687
3349.52,-1.18138832e-12,1.052637e-12,1.792052e-17,-8.6541884770e-13,0.0000e+00,0.9687
3350.10,-1.18138832e-12,1.052819e-12,1.879234e-17,-8.6552987000e-13,0.0000e+00,0.9687
3350.67,-1.18127730e-12,1.053044e-12,1.955348e-17,-8.6552987000e-13,0.0000e+00,0.9687
3351.24,-1.18105525e-12,1.053245e-12,2.004872e-17,-8.6564089230e-13,0.0000e+00,0.9687
3351.81,-1.18138832e-12,1.053499e-12,2.005927e-17,-8.6564089230e-13,0.0000e+00,0.9687
3352.38,-1.17938992e-12,1.053800e-12,2.020596e-17,-8.6597395921e-13,0.0000e+00,0.9687
3352.96,-1.17739152e-12,1.054097e-12,2.046777e-17,-8.6641804842e-13,0.0000e+00,0.9687
3353.53,-1.17805765e-12,1.054339e-12,2.095660e-17,-8.6675111532e-13,0.0000e+00,0.9687
3354.10,-1.18249854e-12,1.054667e-12,2.149837e-17,-8.6697315993e-13,0.0000e+00,0.9687
3354.67,-1.18705046e-12,1.054998e-12,2.161618e-17,-8.6697315993e-13,0.0000e+00,0.9687
3355.24,-1.18960397e-12,1.055339e-12,2.172591e-17,-8.6719520453e-13,0.0000e+00,0.9687
3355.82,-1.18938193e-12,1.055657e-12,2.173845e-17,-8.6730622684e-13,0.0000e+00,0.9687
3356.39,-1.18738352e-12,1.055974e-12,2.171196e-17,-8.6730622684e-13,0.0000e+00,0.9687
3356.96,-1.18349774e-12,1.056259e-12,2.175168e-17,-8.6752827144e-13,0.0000e+00,0.9687
3357.53,-1.17839072e-12,1.056493e-12,2.179521e-17,-8.6775031605e-13,0.0000e+00,0.9687
3358.10,-1.17572618e-12,1.056650e-12,2.184034e-17,-8.6775031605e-13,0.0000e+00,0.9687
3358.68,-1.17839072e-12,1.056816e-12,2.179225e-17,-8.6786133835e-13,0.0000e+00,0.9687
3359.25,-1.18349774e-12,1.056998e-12,2.163060e-17,-8.6830542756e-13,0.0000e+00,0.9687
3359.82,-1.18827170e-12,1.057249e-12,2.156628e-17,-8.6830542756e-13,0.0000e+00,0.9687
3360.39,-1.19093624e-12,1.057533e-12,2.153515e-17,-8.6841644986e-13,0.0000e+00,0.9687
3360.96,-1.19093624e-12,1.057878e-12,2.123992e-17,-8.6874951677e-13,0.0000e+00,0.9687
3361.54,-1.18960397e-12,1.058231e-12,2.074408e-17,-8.6874951677e-13,0.0000e+00,0.9687
3362.11,-1.18649535e-12,1.058580e-12,2.022477e-17,-8.6908258368e-13,0.0000e+00,0.9687
3362.68,-1.18383081e-12,1.058911e-12,1.985782e-17,-8.6919360598e-13,0.0000e+00,0.9687
3363.25,-1.18105525e-12,1.059193e-12,1.956159e-17,-8.6930462828e-13,0.0000e+00,0.9687
3363.82,-1.18105525e-12,1.059492e-12,1.941518e-17,-8.6963769519e-13,0.0000e+00,0.9687
3364.40,-1.18105525e-12,1.059739e-12,1.934841e-17,-8.6997076210e-13,0.0000e+00,0.9687
3364.97,-1.18105525e-12,1.059962e-12,1.929178e-17,-8.6997076210e-13,0.0000e+00,0.9687
3365.54,-1.18005605e-12,1.060114e-12,1.939247e-17,-8.6997076210e-13,0.0000e+00,0.9687
3366.11,-1.17805765e-12,1.060283e-12,1.955781e-17,-8.6997076210e-13,0.0000e+00,0.9687
3366.68,-1.17805765e-12,1.060518e-12,1.958095e-17,-8.7008178440e-13,0.0000e+00,0.9687
3367.25,-1.18027810e-12,1.060754e-12,1.926858e-17,-8.7041485131e-13,0.0000e+00,0.9687
3367.83,-1.18505206e-12,1.060977e-12,1.880529e-17,-8.7041485131e-13,0.0000e+00,0.9687
3368.40,-1.18871579e-12,1.061244e-12,1.839203e-17,-8.7041485131e-13,0.0000e+00,0.9687
3368.97,-1.18860477e-12,1.061516e-12,1.789374e-17,-8.7085894052e-13,0.0000e+00,0.9687
3369.54,-1.18649535e-12,1.061781e-12,1.745975e-17,-8.7096996282e-13,0.0000e+00,0.9687
3370.11,-1.18383081e-12,1.061997e-12,1.711642e-17,-8.7108098512e-13,0.0000e+00,0.9687
3370.69,-1.18183241e-12,1.062199e-12,1.686787e-17,-8.7141405203e-13,0.0000e+00,0.9687
3371.26,-1.18249854e-12,1.062339e-12,1.716075e-17,-8.7130302973e-13,0.0000e+00,0.9687
3371.83,-1.18227650e-12,1.062425e-12,1.717216e-17,-8.7130302973e-13,0.0000e+00,0.9687
3372.40,-1.18194343e-12,1.062608e-12,1.660468e-17,-8.7152507433e-13,0.0000e+00,0.9687
3372.97,-1.18061116e-12,1.062836e-12,1.592595e-17,-8.7152507433e-13,0.0000e+00,0.9687
3373.55,-1.18194343e-12,1.063074e-12,1.543524e-17,-8.7196916354e-13,0.0000e+00,0.9687
3374.12,-1.18649535e-12,1.063278e-12,1.512469e-17,-8.7196916354e-13,0.0000e+00,0.9687
3374.69,-1.18860477e-12,1.063471e-12,1.500666e-17,-8.7219120815e-13,0.0000e+00,0.9687
3375.26,-1.18827170e-12,1.063676e-12,1.494620e-17,-8.7230223045e-13,0.0000e+00,0.9687
3375.83,-1.18782761e-12,1.063798e-12,1.466624e-17,-8.7230223045e-13,0.0000e+00,0.9687
3376.41,-1.18771659e-12,1.063919e-12,1.435447e-17,-8.7241325275e-13,0.0000e+00,0.9687
3376.98,-1.18782761e-12,1.064099e-12,1.392459e-17,-8.7263529736e-13,0.0000e+00,0.9687
3377.55,-1.18782761e-12,1.064272e-12,1.316895e-17,-8.7274631966e-13,0.0000e+00,0.9687
3378.12,-1.18516308e-12,1.064390e-12,1.234364e-17,-8.7285734196e-13,0.0000e+00,0.9687
3378.69,-1.18505206e-12,1.064495e-12,1.190316e-17,-8.7307938657e-13,0.0000e+00,0.9687
3379.27,-1.18605126e-12,1.064595e-12,1.200974e-17,-8.7307938657e-13,0.0000e+00,0.9687
3379.84,-1.18738352e-12,1.064741e-12,1.200668e-17,-8.7319040887e-13,0.0000e+00,0.9687
3380.41,-1.18771659e-12,1.064832e-12,1.155923e-17,-8.7319040887e-13,0.0000e+00,0.9687
3380.98,-1.18771659e-12,1.064947e-12,1.065723e-17,-8.7352347578e-13,0.0000e+00,0.9687
3381.55,-1.18749455e-12,1.065047e-12,9.932606e-18,-8.7352347578e-13,0.0000e+00,0.9687
3382.13,-1.18738352e-12,1.065207e-12,9.596771e-18,-8.7374552038e-13,0.0000e+00,0.9687
3382.70,-1.18749455e-12,1.065345e-12,9.214476e-18,-8.7374552038e-13,0.0000e+00,0.9687
3383.27,-1.18938193e-12,1.065484e-12,8.832138e-18,-8.7396756498e-13,0.0000e+00,0.9687
3383.84,-1.19382282e-12,1.065692e-12,8.744167e-18,-8.7407858729e-13,0.0000e+00,0.9687
3384.41,-1.19604326e-12,1.065885e-12,8.291395e-18,-8.7407858729e-13,0.0000e+00,0.9687
3384.99,-1.19582122e-12,1.066004e-12,7.927777e-18,-8.7407858729e-13,0.0000e+00,0.9687
3385.56,-1.19193544e-12,1.066079e-12,7.789592e-18,-8.7407858729e-13,0.0000e+00,0.9687
3386.13,-1.18838273e-12,1.066277e-12,7.799884e-18,-8.7441165419e-13,0.0000e+00,0.9687
3386.70,-1.18749455e-12,1.066456e-12,7.898099e-18,-8.7452267650e-13,0.0000e+00,0.9687
3387.27,-1.18860477e-12,1.066695e-12,8.023962e-18,-8.7463369880e-13,0.0000e+00,0.9687
3387.85,-1.18860477e-12,1.066958e-12,7.880577e-18,-8.7463369880e-13,0.0000e+00,0.9687
3388.42,-1.18682841e-12,1.067187e-12,7.752712e-18,-8.7496676571e-13,0.0000e+00,0.9687
3388.99,-1.18638432e-12,1.067374e-12,7.561052e-18,-8.7485574340e-13,0.0000e+00,0.9687
3389.56,-1.18838273e-12,1.067462e-12,7.194918e-18,-8.7507778801e-13,0.0000e+00,0.9687
3390.13,-1.19126931e-12,1.067642e-12,7.035813e-18,-8.7507778801e-13,0.0000e+00,0.9687
3390.71,-1.19260157e-12,1.067815e-12,6.740384e-18,-8.7529983261e-13,0.0000e+00,0.9687
3391.28,-1.19293464e-12,1.068005e-12,6.212582e-18,-8.7574392182e-13,0.0000e+00,0.9687
3391.85,-1.19260157e-12,1.068056e-12,5.789787e-18,-8.7574392182e-13,0.0000e+00,0.9687
3392.42,-1.19282362e-12,1.068134e-12,5.362491e-18,-8.7574392182e-13,0.0000e+00,0.9687
3392.99,-1.19282362e-12,1.068198e-12,5.110492e-18,-8.7574392182e-13,0.0000e+00,0.9687
3393.57,-1.19126931e-12,1.068329e-12,5.295825e-18,-8.7618801103e-13,0.0000e+00,0.9687
3394.14,-1.18860477e-12,1.068397e-12,5.140362e-18,-8.7629903334e-13,0.0000e+00,0.9687
3394.71,-1.18749455e-12,1.068492e-12,4.852853e-18,-8.7629903334e-13,0.0000e+00,0.9687
3395.28,-1.18860477e-12,1.068596e-12,4.952472e-18,-8.7629903334e-13,0.0000e+00,0.9687
3395.85,-1.19126931e-12,1.068720e-12,5.310462e-18,-8.7629903334e-13,0.0000e+00,0.9687
3396.43,-1.19249055e-12,1.068752e-12,5.477911e-18,-8.7641005564e-13,0.0000e+00,0.9687
3397.00,-1.19027010e-12,1.068866e-12,5.712323e-18,-8.7629903334e-13,0.0000e+00,0.9687
3397.57,-1.18671739e-12,1.068965e-12,5.800534e-18,-8.7641005564e-13,0.0000e+00,0.9687
3398.14,-1.18483001e-12,1.069035e-12,5.470682e-18,-8.7652107794e-13,0.0000e+00,0.9687
3398.71,-1.18505206e-12,1.069114e-12,5.265590e-18,-8.7685414485e-13,0.0000e+00,0.9687
3399.29,-1.18771659e-12,1.069179e-12,5.522631e-18,-8.7685414485e-13,0.0000e+00,0.9687
3399.86,-1.19360077e-12,1.069210e-12,5.667304e-18,-8.7685414485e-13,0.0000e+00,0.9687
3400.43,-1.20059518e-12,1.069302e-12,5.585870e-18,-8.7718721176e-13,0.0000e+00,0.9687
3401.00,-1.20414789e-12,1.069371e-12,5.903555e-18,-8.7718721176e-13,0.0000e+00,0.9687
3401.57,-1.20159438e-12,1.069466e-12,5.902689e-18,-8.7718721176e-13,0.0000e+00,0.9687
3402.15,-1.19615429e-12,1.069595e-12,5.436404e-18,-8.7740925636e-13,0.0000e+00,0.9687
3402.72,-1.19104726e-12,1.069782e-12,4.399400e-18,-8.7774232327e-13,0.0000e+00,0.9687
3403.29,-1.18904886e-12,1.069858e-12,4.373985e-18,-8.7774232327e-13,0.0000e+00,0.9687
3403.86,-1.19004806e-12,1.069950e-12,4.393327e-18,-8.7785334557e-13,0.0000e+00,0.9687
3404.43,-1.19482202e-12,1.070041e-12,4.018017e-18,-8.7785334557e-13,0.0000e+00,0.9687
3405.01,-1.19959598e-12,1.070174e-12,4.358905e-18,-8.7785334557e-13,0.0000e+00,0.9687
3405.58,-1.20148336e-12,1.070282e-12,5.227569e-18,-8.7818641248e-13,0.0000e+00,0.9687
3406.15,-1.20092825e-12,1.070383e-12,5.528713e-18,-8.7818641248e-13,0.0000e+00,0.9687
3406.72,-1.20092825e-12,1.070510e-12,5.531481e-18,-8.7829743478e-13,0.0000e+00,0.9687
3407.29,-1.20092825e-12,1.070604e-12,5.882566e-18,-8.7851947939e-13,0.0000e+00,0.9687
3407.87,-1.19926291e-12,1.070750e-12,6.080331e-18,-8.7863050169e-13,0.0000e+00,0.9687
3408.44,-1.19648735e-12,1.070868e-12,6.141395e-18,-8.7896356860e-13,0.0000e+00,0.9687
3409.01,-1.19415589e-12,1.070998e-12,6.851694e-18,-8.7896356860e-13,0.0000e+00,0.9687
3409.58,-1.19426691e-12,1.071152e-12,7.139171e-18,-8.7918561320e-13,0.0000e+00,0.9687
3410.15,-1.19448895e-12,1.071333e-12,6.784843e-18,-8.7918561320e-13,0.0000e+00,0.9687
3410.73,-1.19448895e-12,1.071492e-12,6.056085e-18,-8.7951868011e-13,0.0000e+00,0.9687
3411.30,-1.19448895e-12,1.071657e-12,5.813444e-18,-8.7962970241e-13,0.0000e+00,0.9687
3411.87,-1.19415589e-12,1.071827e-12,5.937235e-18,-8.8007379162e-13,0.0000e+00,0.9687
3412.44,-1.19393384e-12,1.071932e-12,5.875832e-18,-8.7996276932e-13,0.0000e+00,0.9687
3413.01,-1.19571020e-12,1.072061e-12,6.177829e-18,-8.8007379162e-13,0.0000e+00,0.9687
3413.59,-1.19804167e-12,1.072230e-12,6.112041e-18,-8.8029583623e-13,0.0000e+00,0.9687
3414.16,-1.20037313e-12,1.072377e-12,5.728201e-18,-8.8051788083e-13,0.0000e+00,0.9687
3414.73,-1.20214949e-12,1.072441e-12,5.110652e-18,-8.8051788083e-13,0.0000e+00,0.9687
3415.30,-1.20281562e-12,1.072480e-12,4.959650e-18,-8.8073992544e-13,0.0000e+00,0.9687
3415.87,-1.20214949e-12,1.072580e-12,5.168130e-18,-8.8096197004e-13,0.0000e+00,0.9687
3416.45,-1.19937393e-12,1.072760e-12,5.601545e-18,-8.8118401464e-13,0.0000e+00,0.9687
3417.02,-1.19670940e-12,1.072976e-12,5.910012e-18,-8.8118401464e-13,0.0000e+00,0.9687
3417.59,-1.19781962e-12,1.073239e-12,5.920384e-18,-8.8129503695e-13,0.0000e+00,0.9687
3418.16,-1.20259358e-12,1.073521e-12,5.988595e-18,-8.8140605925e-13,0.0000e+00,0.9687
3418.73,-1.20770061e-12,1.073813e-12,5.935181e-18,-8.8162810385e-13,0.0000e+00,0.9687
3419.31,-1.21036514e-12,1.074067e-12,5.903484e-18,-8.8173912616e-13,0.0000e+00,0.9687
3419.88,-1.20969901e-12,1.074235e-12,5.980445e-18,-8.8207219306e-13,0.0000e+00,0.9687
3420.45,-1.20603527e-12,1.074344e-12,6.570822e-18,-8.8207219306e-13,0.0000e+00,0.9687
3421.02,-1.20481403e-12,1.074403e-12,6.989133e-18,-8.8218321537e-13,0.0000e+00,0.9687
3421.59,-1.20548016e-12,1.074422e-12,7.345029e-18,-8.8229423767e-13,0.0000e+00,0.9687
3422.17,-1.20570220e-12,1.074420e-12,7.041655e-18,-8.8251628227e-13,0.0000e+00,0.9687
3422.74,-1.20292665e-12,1.074434e-12,6.921311e-18,-8.8262730458e-13,0.0000e+00,0.9687
3423.31,-1.20026211e-12,1.074523e-12,7.211761e-18,-8.8273832688e-13,0.0000e+00,0.9687
3423.88,-1.20004007e-12,1.074675e-12,7.419605e-18,-8.8307139379e-13,0.0000e+00,0.9687
3424.45,-1.20392585e-12,1.074850e-12,7.625715e-18,-8.8307139379e-13,0.0000e+00,0.9687
3425.03,-1.20936594e-12,1.075090e-12,7.831075e-18,-8.8318241609e-13,0.0000e+00,0.9687
3425.60,-1.21291865e-12,1.075297e-12,7.940072e-18,-8.8318241609e-13,0.0000e+00,0.9687
3426.17,-1.21125332e-12,1.075555e-12,8.132114e-18,-8.8340446069e-13,0.0000e+00,0.9687
3426.74,-1.20681243e-12,1.075853e-12,8.259734e-18,-8.8340446069e-13,0.0000e+00,0.9687
3427.31,-1.20570220e-12,1.076138e-12,8.727985e-18,-8.8362650530e-13,0.0000e+00,0.9687
3427.89,-1.21114230e-12,1.076387e-12,9.667322e-18,-8.8395957221e-13,0.0000e+00,0.9687
3428.46,-1.22091226e-12,1.076637e-12,1.045000e-17,-8.8395957221e-13,0.0000e+00,0.9687
3429.03,-1.22668542e-12,1.076896e-12,1.043462e-17,-8.8407059451e-13,0.0000e+00,0.9687
3429.60,-1.22357680e-12,1.077075e-12,1.021590e-17,-8.8440366142e-13,0.0000e+00,0.9687
3430.17,-1.21469501e-12,1.077211e-12,1.048331e-17,-8.8440366142e-13,0.0000e+00,0.9687
3430.74,-1.20614629e-12,1.077371e-12,1.115303e-17,-8.8473672832e-13,0.0000e+00,0.9687
3431.32,-1.20214949e-12,1.077502e-12,1.162496e-17,-8.8473672832e-13,0.0000e+00,0.9687
3431.89,-1.20314869e-12,1.077697e-12,1.215658e-17,-8.8495877293e-13,0.0000e+00,0.9687
3432.46,-1.20570220e-12,1.077895e-12,1.242558e-17,-8.8495877293e-13,0.0000e+00,0.9687
3433.03,-1.20770061e-12,1.078077e-12,1.299370e-17,-8.8529183984e-13,0.0000e+00,0.9687
3433.60,-1.20969901e-12,1.078279e-12,1.346283e-17,-8.8540286214e-13,0.0000e+00,0.9687
3434.18,-1.21147536e-12,1.078508e-12,1.347921e-17,-8.8573592905e-13,0.0000e+00,0.9687
3434.75,-1.21114230e-12,1.078806e-12,1.344653e-17,-8.8573592905e-13,0.0000e+00,0.9687
3435.32,-1.20681243e-12,1.079096e-12,1.351582e-17,-8.8584695135e-13,0.0000e+00,0.9687
3435.89,-1.20226051e-12,1.079450e-12,1.402740e-17,-8.8595797365e-13,0.0000e+00,0.9687
3436.46,-1.20103927e-12,1.079766e-12,1.442125e-17,-8.8640206286e-13,0.0000e+00,0.9687
3437.04,-1.20381483e-12,1.080115e-12,1.478427e-17,-8.8640206286e-13,0.0000e+00,0.9687
3437.61,-1.20858878e-12,1.080487e-12,1.537392e-17,-8.8640206286e-13,0.0000e+00,0.9687
3438.18,-1.21325172e-12,1.080848e-12,1.578118e-17,-8.8684615207e-13,0.0000e+00,0.9687
3438.75,-1.21613830e-12,1.081109e-12,1.588719e-17,-8.8684615207e-13,0.0000e+00,0.9687
3439.32,-1.21580523e-12,1.081294e-12,1.590264e-17,-8.8729024128e-13,0.0000e+00,0.9687
3439.90,-1.21291865e-12,1.081407e-12,1.604471e-17,-8.8729024128e-13,0.0000e+00,0.9687
3440.47,-1.20992105e-12,1.081566e-12,1.627982e-17,-8.8729024128e-13,0.0000e+00,0.9687
3441.04,-1.20636834e-12,1.081702e-12,1.611619e-17,-8.8762330819e-13,0.0000e+00,0.9687
3441.61,-1.20292665e-12,1.081877e-12,1.599511e-17,-8.8762330819e-13,0.0000e+00,0.9687
3442.18,-1.20148336e-12,1.082116e-12,1.617718e-17,-8.8806739740e-13,0.0000e+00,0.9687
3442.76,-1.20381483e-12,1.082360e-12,1.631454e-17,-8.8817841970e-13,0.0000e+00,0.9687
3443.33,-1.20892185e-12,1.082649e-12,1.641105e-17,-8.8862250891e-13,0.0000e+00,0.9687
3443.90,-1.21247457e-12,1.082965e-12,1.605638e-17,-8.8884455351e-13,0.0000e+00,0.9687
3444.47,-1.21125332e-12,1.083237e-12,1.572289e-17,-8.8884455351e-13,0.0000e+00,0.9687
3445.04,-1.20736754e-12,1.083514e-12,1.555312e-17,-8.8928864272e-13,0.0000e+00,0.9687
3445.62,-1.20514709e-12,1.083702e-12,1.509515e-17,-8.8928864272e-13,0.0000e+00,0.9687
3446.19,-1.20736754e-12,1.083906e-12,1.505394e-17,-8.8939966503e-13,0.0000e+00,0.9687
3446.76,-1.21347377e-12,1.084083e-12,1.519107e-17,-8.8951068733e-13,0.0000e+00,0.9687
3447.33,-1.21969101e-12,1.084236e-12,1.541843e-17,-8.8951068733e-13,0.0000e+00,0.9687
3447.90,-1.22157839e-12,1.084429e-12,1.563283e-17,-8.8951068733e-13,0.0000e+00,0.9687
3448.48,-1.21858079e-12,1.084677e-12,1.562278e-17,-8.8984375424e-13,0.0000e+00,0.9687
3449.05,-1.21291865e-12,1.084920e-12,1.543380e-17,-8.8984375424e-13,0.0000e+00,0.9687
3449.62,-1.20858878e-12,1.085162e-12,1.538097e-17,-8.8995477654e-13,0.0000e+00,0.9687
3450.19,-1.20703447e-12,1.085370e-12,1.525776e-17,-8.9028784345e-13,0.0000e+00,0.9687
3450.76,-1.20770061e-12,1.085544e-12,1.554561e-17,-8.9028784345e-13,0.0000e+00,0.9687
3451.34,-1.21025412e-12,1.085656e-12,1.589404e-17,-8.9039886575e-13,0.0000e+00,0.9687
3451.91,-1.21258559e-12,1.085828e-12,1.615171e-17,-8.9084295496e-13,0.0000e+00,0.9687
3452.48,-1.21291865e-12,1.086007e-12,1.580685e-17,-8.9084295496e-13,0.0000e+00,0.9687
3453.05,-1.21225252e-12,1.086199e-12,1.511398e-17,-8.9084295496e-13,0.0000e+00,0.9687
3453.62,-1.21225252e-12,1.086463e-12,1.492564e-17,-8.9106499956e-13,0.0000e+00,0.9687
3454.20,-1.21225252e-12,1.086699e-12,1.506508e-17,-8.9106499956e-13,0.0000e+00,0.9687
3454.77,-1.21191945e-12,1.086976e-12,1.529708e-17,-8.9106499956e-13,0.0000e+00,0.9687
3455.34,-1.20925492e-12,1.087299e-12,1.528453e-17,-8.9106499956e-13,0.0000e+00,0.9687
3455.91,-1.20647936e-12,1.087562e-12,1.500232e-17,-8.9150908877e-13,0.0000e+00,0.9687
3456.48,-1.20448096e-12,1.087835e-12,1.460135e-17,-8.9150908877e-13,0.0000e+00,0.9687
3457.06,-1.20481403e-12,1.088117e-12,1.430178e-17,-8.9173113338e-13,0.0000e+00,0.9687
3457.63,-1.20647936e-12,1.088329e-12,1.413913e-17,-8.9173113338e-13,0.0000e+00,0.9687
3458.20,-1.20869981e-12,1.088411e-12,1.399287e-17,-8.9206420029e-13,0.0000e+00,0.9687
3458.77,-1.20903287e-12,1.088440e-12,1.377371e-17,-8.9206420029e-13,0.0000e+00,0.9687
3459.34,-1.20858878e-12,1.088487e-12,1.351090e-17,-8.9217522259e-13,0.0000e+00,0.9687
3459.92,-1.20825572e-12,1.088518e-12,1.312596e-17,-8.9217522259e-13,0.0000e+00,0.9687
3460.49,-1.20969901e-12,1.088595e-12,1.291699e-17,-8.9217522259e-13,0.0000e+00,0.9687
3461.06,-1.21125332e-12,1.088762e-12,1.262725e-17,-8.9239726719e-13,0.0000e+00,0.9687
3461.63,-1.21214150e-12,1.088981e-12,1.222110e-17,-8.9250828950e-13,0.0000e+00,0.9687
3462.20,-1.21347377e-12,1.089234e-12,1.182788e-17,-8.9250828950e-13,0.0000e+00,0.9687
3462.78,-1.21380683e-12,1.089505e-12,1.131775e-17,-8.9261931180e-13,0.0000e+00,0.9687
3463.35,-1.21247457e-12,1.089811e-12,1.083539e-17,-8.9306340101e-13,0.0000e+00,0.9687
3463.92,-1.20992105e-12,1.090076e-12,1.064388e-17,-8.9306340101e-13,0.0000e+00,0.9687
3464.49,-1.20892185e-12,1.090334e-12,1.094436e-17,-8.9328544561e-13,0.0000e+00,0.9687
3465.06,-1.20969901e-12,1.090573e-12,1.126995e-17,-8.9339646792e-13,0.0000e+00,0.9687
3465.64,-1.21214150e-12,1.090758e-12,1.101840e-17,-8.9372953482e-13,0.0000e+00,0.9687
3466.21,-1.21436194e-12,1.090872e-12,1.024382e-17,-8.9372953482e-13,0.0000e+00,0.9687
3466.78,-1.21480603e-12,1.090950e-12,9.694899e-18,-8.9350749022e-13,0.0000e+00,0.9687
3467.35,-1.21447297e-12,1.091046e-12,9.478462e-18,-8.9350749022e-13,0.0000e+00,0.9687
3467.92,-1.21447297e-12,1.091180e-12,9.485782e-18,-8.9372953482e-13,0.0000e+00,0.9687
3468.50,-1.21447297e-12,1.091355e-12,9.452875e-18,-8.9384055713e-13,0.0000e+00,0.9687
3469.07,-1.21447297e-12,1.091580e-12,8.972802e-18,-8.9417362403e-13,0.0000e+00,0.9687
3469.64,-1.21447297e-12,1.091859e-12,8.536436e-18,-8.9439566864e-13,0.0000e+00,0.9687
3470.21,-1.21447297e-12,1.092110e-12,7.999892e-18,-8.9450669094e-13,0.0000e+00,0.9687
3470.78,-1.21447297e-12,1.092302e-12,7.474619e-18,-8.9472873555e-13,0.0000e+00,0.9687
3471.36,-1.21513910e-12,1.092344e-12,7.141016e-18,-8.9450669094e-13,0.0000e+00,0.9687
3471.93,-1.21680443e-12,1.092395e-12,6.832435e-18,-8.9472873555e-13,0.0000e+00,0.9687
3472.50,-1.21824772e-12,1.092483e-12,6.947088e-18,-8.9472873555e-13,0.0000e+00,0.9687
3473.07,-1.21858079e-12,1.092610e-12,7.354112e-18,-8.9472873555e-13,0.0000e+00,0.9687
3473.64,-1.21858079e-12,1.092761e-12,7.578682e-18,-8.9483975785e-13,0.0000e+00,0.9687
3474.22,-1.21858079e-12,1.092856e-12,7.531631e-18,-8.9495078015e-13,0.0000e+00,0.9687
3474.79,-1.21858079e-12,1.092911e-12,7.423609e-18,-8.9495078015e-13,0.0000e+00,0.9687
3475.36,-1.21858079e-12,1.092916e-12,7.407539e-18,-8.9495078015e-13,0.0000e+00,0.9687
3475.93,-1.21858079e-12,1.092886e-12,7.354479e-18,-8.9483975785e-13,0.0000e+00,0.9687
3476.50,-1.21858079e-12,1.092874e-12,7.430248e-18,-8.9483975785e-13,0.0000e+00,0.9687
3477.08,-1.21824772e-12,1.092860e-12,7.621634e-18,-8.9483975785e-13,0.0000e+00,0.9687
3477.65,-1.21791466e-12,1.092893e-12,7.615242e-18,-8.9483975785e-13,0.0000e+00,0.9687
3478.22,-1.21924693e-12,1.092929e-12,7.777528e-18,-8.9495078015e-13,0.0000e+00,0.9687
3478.79,-1.22191146e-12,1.092986e-12,8.101466e-18,-8.9528384706e-13,0.0000e+00,0.9687
3479.36,-1.22257759e-12,1.093022e-12,8.719851e-18,-8.9528384706e-13,0.0000e+00,0.9687
3479.94,-1.22191146e-12,1.093093e-12,9.379872e-18,-8.9528384706e-13,0.0000e+00,0.9687
3480.51,-1.21924693e-12,1.093149e-12,9.913773e-18,-8.9528384706e-13,0.0000e+00,0.9687
3481.08,-1.21791466e-12,1.093143e-12,1.014287e-17,-8.9528384706e-13,0.0000e+00,0.9687
3481.65,-1.21791466e-12,1.093156e-12,1.029636e-17,-8.9528384706e-13,0.0000e+00,0.9687
3482.22,-1.21858079e-12,1.093239e-12,1.078919e-17,-8.9528384706e-13,0.0000e+00,0.9687
3482.80,-1.21824772e-12,1.093267e-12,1.138960e-17,-8.9528384706e-13,0.0000e+00,0.9687
3483.37,-1.21824772e-12,1.093292e-12,1.188564e-17,-8.9539486936e-13,0.0000e+00,0.9687
3483.94,-1.21824772e-12,1.093291e-12,1.218433e-17,-8.9528384706e-13,0.0000e+00,0.9687
3484.51,-1.21824772e-12,1.093339e-12,1.253005e-17,-8.9528384706e-13,0.0000e+00,0.9687
3485.08,-1.21824772e-12,1.093491e-12,1.223317e-17,-8.9539486936e-13,0.0000e+00,0.9687
3485.66,-1.21824772e-12,1.093693e-12,1.185138e-17,-8.9583895857e-13,0.0000e+00,0.9687
3486.23,-1.21824772e-12,1.093855e-12,1.180137e-17,-8.9617202548e-13,0.0000e+00,0.9687
3486.80,-1.21969101e-12,1.093956e-12,1.214124e-17,-8.9617202548e-13,0.0000e+00,0.9687
3487.37,-1.22124533e-12,1.094075e-12,1.251813e-17,-8.9628304778e-13,0.0000e+00,0.9687
3487.94,-1.22146737e-12,1.094182e-12,1.283281e-17,-8.9628304778e-13,0.0000e+00,0.9687
3488.52,-1.22146737e-12,1.094326e-12,1.263025e-17,-8.9661611469e-13,0.0000e+00,0.9687
3489.09,-1.21991306e-12,1.094507e-12,1.207373e-17,-8.9661611469e-13,0.0000e+00,0.9687
3489.66,-1.21791466e-12,1.094647e-12,1.136759e-17,-8.9694918159e-13,0.0000e+00,0.9687
3490.23,-1.21791466e-12,1.094742e-12,1.095302e-17,-8.9694918159e-13,0.0000e+00,0.9687
3490.80,-1.21791466e-12,1.094888e-12,1.106614e-17,-8.9706020390e-13,0.0000e+00,0.9687
3491.37,-1.21791466e-12,1.095037e-12,1.090067e-17,-8.9739327080e-13,0.0000e+00,0.9687
3491.95,-1.21802568e-12,1.095233e-12,1.081533e-17,-8.9739327080e-13,0.0000e+00,0.9687
3492.52,-1.21791466e-12,1.095350e-12,1.110251e-17,-8.9783736001e-13,0.0000e+00,0.9687
3493.09,-1.21924693e-12,1.095509e-12,1.147727e-17,-8.9794838232e-13,0.0000e+00,0.9687
3493.66,-1.22024613e-12,1.095638e-12,1.160649e-17,-8.9794838232e-13,0.0000e+00,0.9687
3494.23,-1.22146737e-12,1.095792e-12,1.118024e-17,-8.9805940462e-13,0.0000e+00,0.9687
3494.81,-1.22257759e-12,1.095846e-12,1.064217e-17,-8.9828144922e-13,0.0000e+00,0.9687
3495.38,-1.22357680e-12,1.095955e-12,1.032678e-17,-8.9828144922e-13,0.0000e+00,0.9687
3495.95,-1.22468702e-12,1.095993e-12,1.040233e-17,-8.9839247153e-13,0.0000e+00,0.9687
3496.52,-1.22446497e-12,1.096009e-12,1.049258e-17,-8.9850349383e-13,0.0000e+00,0.9687
3497.09,-1.22435395e-12,1.096071e-12,1.037226e-17,-8.9872553843e-13,0.0000e+00,0.9687
3497.67,-1.22446497e-12,1.096127e-12,1.026883e-17,-8.9883656074e-13,0.0000e+00,0.9687
3498.24,-1.22446497e-12,1.096338e-12,1.024542e-17,-8.9916962764e-13,0.0000e+00,0.9687
3498.81,-1.22446497e-12,1.096553e-12,1.017022e-17,-8.9928064995e-13,0.0000e+00,0.9687
3499.38,-1.22446497e-12,1.096799e-12,1.002113e-17,-8.9928064995e-13,0.0000e+00,0.9687
3499.95,-1.22446497e-12,1.097055e-12,9.673595e-18,-8.9939167225e-13,0.0000e+00,0.9687
3500.53,-1.22468702e-12,1.097247e-12,9.707425e-18,-8.9961371685e-13,0.0000e+00,0.9687
3501.10,-1.22568622e-12,1.097373e-12,9.613787e-18,-8.9961371685e-13,0.0000e+00,0.9687
3501.67,-1.22613031e-12,1.097550e-12,9.102078e-18,-8.9983576146e-13,0.0000e+00,0.9687
3502.24,-1.22513111e-12,1.097738e-12,9.161803e-18,-9.0005780606e-13,0.0000e+00,0.9687
3502.81,-1.22224453e-12,1.097925e-12,8.829757e-18,-9.0016882837e-13,0.0000e+00,0.9687
3503.39,-1.21869181e-12,1.098072e-12,8.532031e-18,-9.0005780606e-13,0.0000e+00,0.9687
3503.96,-1.21891386e-12,1.098235e-12,8.657707e-18,-9.0016882837e-13,0.0000e+00,0.9687
3504.53,-1.22613031e-12,1.098376e-12,8.947163e-18,-9.0005780606e-13,0.0000e+00,0.9687
3505.10,-1.23712152e-12,1.098443e-12,9.037459e-18,-9.0050189527e-13,0.0000e+00,0.9687
3505.67,-1.24611432e-12,1.098650e-12,8.634779e-18,-9.0061291758e-13,0.0000e+00,0.9687
3506.25,-1.24833477e-12,1.098853e-12,7.784917e-18,-9.0094598448e-13,0.0000e+00,0.9687
3506.82,-1.24222854e-12,1.099083e-12,7.362152e-18,-9.0116802909e-13,0.0000e+00,0.9687
3507.39,-1.23090427e-12,1.099200e-12,7.220102e-18,-9.0105700679e-13,0.0000e+00,0.9687
3507.96,-1.22146737e-12,1.099432e-12,7.292668e-18,-9.0105700679e-13,0.0000e+00,0.9687
3508.53,-1.21902488e-12,1.099559e-12,7.487769e-18,-9.0105700679e-13,0.0000e+00,0.9687
3509.11,-1.22224453e-12,1.099644e-12,7.601635e-18,-9.0139007369e-13,0.0000e+00,0.9687
3509.68,-1.22712951e-12,1.099641e-12,7.650416e-18,-9.0139007369e-13,0.0000e+00,0.9687
3510.25,-1.23001609e-12,1.099680e-12,7.760202e-18,-9.0150109600e-13,0.0000e+00,0.9687
3510.82,-1.23057120e-12,1.099730e-12,8.056575e-18,-9.0150109600e-13,0.0000e+00,0.9687
3511.39,-1.23079325e-12,1.099807e-12,8.567000e-18,-9.0139007369e-13,0.0000e+00,0.9687
3511.97,-1.22990507e-12,1.099935e-12,9.000727e-18,-9.0161211830e-13,0.0000e+00,0.9687
3512.54,-1.22735155e-12,1.100058e-12,9.420080e-18,-9.0161211830e-13,0.0000e+00,0.9687
3513.11,-1.22435395e-12,1.100165e-12,1.009414e-17,-9.0161211830e-13,0.0000e+00,0.9687
3513.68,-1.22291066e-12,1.100201e-12,1.076156e-17,-9.0194518521e-13,0.0000e+00,0.9687
3514.25,-1.22546417e-12,1.100325e-12,1.103401e-17,-9.0194518521e-13,0.0000e+00,0.9687
3514.83,-1.23034916e-12,1.100473e-12,1.141256e-17,-9.0227825211e-13,0.0000e+00,0.9687
3515.40,-1.23345778e-12,1.100665e-12,1.178914e-17,-9.0250029672e-13,0.0000e+00,0.9687
3515.97,-1.23412391e-12,1.100912e-12,1.207288e-17,-9.0272234132e-13,0.0000e+00,0.9687
3516.54,-1.23379085e-12,1.101091e-12,1.106998e-17,-9.0272234132e-13,0.0000e+00,0.9687
3517.11,-1.23379085e-12,1.101296e-12,9.574291e-18,-9.0283336363e-13,0.0000e+00,0.9687
3517.69,-1.23356880e-12,1.101457e-12,8.971793e-18,-9.0349949744e-13,0.0000e+00,0.9687
3518.26,-1.23467903e-12,1.101556e-12,8.924131e-18,-9.0338847514e-13,0.0000e+00,0.9687
3518.83,-1.23245858e-12,1.101613e-12,8.700971e-18,-9.0394358665e-13,0.0000e+00,0.9687
3519.40,-1.22801769e-12,1.101751e-12,8.315670e-18,-9.0394358665e-13,0.0000e+00,0.9687
3519.97,-1.22313271e-12,1.101890e-12,7.996165e-18,-9.0394358665e-13,0.0000e+00,0.9687
3520.55,-1.22180044e-12,1.102079e-12,7.610831e-18,-9.0427665356e-13,0.0000e+00,0.9687
3521.12,-1.22279964e-12,1.102351e-12,7.201376e-18,-9.0438767586e-13,0.0000e+00,0.9687
3521.69,-1.22568622e-12,1.102646e-12,7.177898e-18,-9.0472074277e-13,0.0000e+00,0.9687
3522.26,-1.22801769e-12,1.102841e-12,7.508721e-18,-9.0483176507e-13,0.0000e+00,0.9687
3522.83,-1.22835075e-12,1.103070e-12,7.997785e-18,-9.0483176507e-13,0.0000e+00,0.9687
3523.41,-1.22757360e-12,1.103312e-12,8.257668e-18,-9.0516483198e-13,0.0000e+00,0.9687
3523.98,-1.22701849e-12,1.103464e-12,8.275919e-18,-9.0549789888e-13,0.0000e+00,0.9687
3524.55,-1.22701849e-12,1.103620e-12,8.264817e-18,-9.0560892119e-13,0.0000e+00,0.9687
3525.12,-1.22934996e-12,1.103809e-12,8.665633e-18,-9.0605301040e-13,0.0000e+00,0.9687
3525.69,-1.23445698e-12,1.104047e-12,9.687935e-18,-9.0605301040e-13,0.0000e+00,0.9687
3526.27,-1.23678845e-12,1.104272e-12,9.626002e-18,-9.0605301040e-13,0.0000e+00,0.9687
3526.84,-1.23800969e-12,1.104452e-12,8.843120e-18,-9.0638607730e-13,0.0000e+00,0.9687
3527.41,-1.23756561e-12,1.104532e-12,8.302635e-18,-9.0638607730e-13,0.0000e+00,0.9687
3527.98,-1.23767663e-12,1.104644e-12,8.317709e-18,-9.0649709961e-13,0.0000e+00,0.9687
3528.55,-1.23789867e-12,1.104799e-12,8.919084e-18,-9.0694118882e-13,0.0000e+00,0.9687
3529.13,-1.23789867e-12,1.104971e-12,9.616517e-18,-9.0694118882e-13,0.0000e+00,0.9687
3529.70,-1.23789867e-12,1.105202e-12,1.050523e-17,-9.0727425572e-13,0.0000e+00,0.9687
3530.27,-1.23867583e-12,1.105480e-12,1.113547e-17,-9.0738527803e-13,0.0000e+00,0.9687
3530.84,-1.24034116e-12,1.105786e-12,1.119889e-17,-9.0838447875e-13,0.0000e+00,0.9687
3531.41,-1.24189548e-12,1.106127e-12,1.100349e-17,-9.0827345645e-13,0.0000e+00,0.9687
3531.99,-1.24189548e-12,1.106479e-12,1.127959e-17,-9.0860652335e-13,0.0000e+00,0.9687
3532.56,-1.24000810e-12,1.106847e-12,1.186773e-17,-9.0871754566e-13,0.0000e+00,0.9687
3533.13,-1.23567823e-12,1.107204e-12,1.272022e-17,-9.0871754566e-13,0.0000e+00,0.9687
3533.70,-1.23079325e-12,1.107535e-12,1.326055e-17,-9.0916163487e-13,0.0000e+00,0.9687
3534.27,-1.23090427e-12,1.107797e-12,1.313367e-17,-9.0905061256e-13,0.0000e+00,0.9687
3534.85,-1.23712152e-12,1.108081e-12,1.257359e-17,-9.0927265717e-13,0.0000e+00,0.9687
3535.42,-1.24678046e-12,1.108301e-12,1.222559e-17,-9.0927265717e-13,0.0000e+00,0.9687
3535.99,-1.25377486e-12,1.108502e-12,1.220727e-17,-9.0927265717e-13,0.0000e+00,0.9687
3536.56,-1.25466304e-12,1.108760e-12,1.237222e-17,-9.0971674638e-13,0.0000e+00,0.9687
3537.13,-1.25111033e-12,1.109042e-12,1.280635e-17,-9.0993879098e-13,0.0000e+00,0.9687
3537.71,-1.24789068e-12,1.109302e-12,1.336935e-17,-9.0971674638e-13,0.0000e+00,0.9687
3538.28,-1.24600330e-12,1.109536e-12,1.323231e-17,-9.1004981329e-13,0.0000e+00,0.9687
3538.85,-1.24433797e-12,1.109750e-12,1.223708e-17,-9.1016083559e-13,0.0000e+00,0.9687
3539.42,-1.24111832e-12,1.109905e-12,1.151493e-17,-9.1038288019e-13,0.0000e+00,0.9687
3539.99,-1.24111832e-12,1.110197e-12,1.107339e-17,-9.1060492480e-13,0.0000e+00,0.9687
3540.57,-1.24111832e-12,1.110473e-12,1.090488e-17,-9.1082696940e-13,0.0000e+00,0.9687
3541.14,-1.24111832e-12,1.110798e-12,1.110518e-17,-9.1082696940e-13,0.0000e+00,0.9687
3541.71,-1.24056321e-12,1.111063e-12,1.151790e-17,-9.1093799170e-13,0.0000e+00,0.9687
3542.28,-1.23823174e-12,1.111363e-12,1.195125e-17,-9.1138208091e-13,0.0000e+00,0.9687
3542.85,-1.23701049e-12,1.111555e-12,1.184627e-17,-9.1138208091e-13,0.0000e+00,0.9687
3543.43,-1.23701049e-12,1.111422e-12,1.154151e-17,-9.1149310322e-13,0.0000e+00,0.9687
3544.00,-1.23701049e-12,1.111432e-12,1.115066e-17,-9.1171514782e-13,0.0000e+00,0.9687
3544.57,-1.23701049e-12,1.111484e-12,1.058054e-17,-9.1182617012e-13,0.0000e+00,0.9687
3545.14,-1.23834276e-12,1.111553e-12,1.020715e-17,-9.1182617012e-13,0.0000e+00,0.9687
3545.71,-1.23900890e-12,1.111652e-12,1.022272e-17,-9.1215923703e-13,0.0000e+00,0.9687
3546.29,-1.24078525e-12,1.111848e-12,1.057271e-17,-9.1227025933e-13,0.0000e+00,0.9687
3546.86,-1.24178445e-12,1.112085e-12,1.082111e-17,-9.1238128164e-13,0.0000e+00,0.9687
3547.43,-1.24078525e-12,1.112337e-12,1.101857e-17,-9.1249230394e-13,0.0000e+00,0.9687
3548.00,-1.23834276e-12,1.112624e-12,1.094189e-17,-9.1249230394e-13,0.0000e+00,0.9687
3548.57,-1.23712152e-12,1.112889e-12,1.083077e-17,-9.1249230394e-13,0.0000e+00,0.9687
3549.15,-1.23756561e-12,1.113149e-12,1.068720e-17,-9.1282537085e-13,0.0000e+00,0.9687
3549.72,-1.23889787e-12,1.113370e-12,1.071943e-17,-9.1293639315e-13,0.0000e+00,0.9687
3550.29,-1.24000810e-12,1.113587e-12,1.076246e-17,-9.1293639315e-13,0.0000e+00,0.9687
3550.86,-1.24122934e-12,1.113777e-12,1.053877e-17,-9.1315843775e-13,0.0000e+00,0.9687
3551.43,-1.24122934e-12,1.113937e-12,1.007921e-17,-9.1360252696e-13,0.0000e+00,0.9687
3552.01,-1.24078525e-12,1.114049e-12,9.769867e-18,-9.1360252696e-13,0.0000e+00,0.9687
3552.58,-1.23800969e-12,1.114133e-12,9.626090e-18,-9.1382457157e-13,0.0000e+00,0.9687
3553.15,-1.23756561e-12,1.114226e-12,9.651262e-18,-9.1382457157e-13,0.0000e+00,0.9687
3553.72,-1.23756561e-12,1.114312e-12,9.694937e-18,-9.1404661617e-13,0.0000e+00,0.9687
3554.29,-1.23756561e-12,1.114434e-12,9.453128e-18,-9.1404661617e-13,0.0000e+00,0.9687
3554.86,-1.23889787e-12,1.114620e-12,9.042813e-18,-9.1415763848e-13,0.0000e+00,0.9687
3555.44,-1.24000810e-12,1.114830e-12,9.009183e-18,-9.1449070538e-13,0.0000e+00,0.9687
3556.01,-1.24000810e-12,1.115057e-12,9.021464e-18,-9.1449070538e-13,0.0000e+00,0.9687
3556.58,-1.24000810e-12,1.115327e-12,8.986874e-18,-9.1460172769e-13,0.0000e+00,0.9687
3557.15,-1.24000810e-12,1.115627e-12,8.786501e-18,-9.1471274999e-13,0.0000e+00,0.9687
3557.72,-1.24000810e-12,1.115909e-12,8.539578e-18,-9.1515683920e-13,0.0000e+00,0.9687
3558.30,-1.24000810e-12,1.116142e-12,8.254090e-18,-9.1515683920e-13,0.0000e+00,0.9687
3558.87,-1.24023014e-12,1.116365e-12,7.966559e-18,-9.1537888380e-13,0.0000e+00,0.9687
3559.44,-1.24111832e-12,1.116595e-12,7.750291e-18,-9.1582297301e-13,0.0000e+00,0.9687
3560.01,-1.24222854e-12,1.116807e-12,6.939613e-18,-9.1593399532e-13,0.0000e+00,0.9687
3560.58,-1.24378285e-12,1.116986e-12,5.973289e-18,-9.1604501762e-13,0.0000e+00,0.9687
3561.16,-1.24700250e-12,1.117148e-12,5.743940e-18,-9.1626706222e-13,0.0000e+00,0.9687
3561.73,-1.25188748e-12,1.117269e-12,5.645363e-18,-9.1626706222e-13,0.0000e+00,0.9687
3562.30,-1.25399691e-12,1.117380e-12,5.578285e-18,-9.1626706222e-13,0.0000e+00,0.9687
3562.87,-1.25188748e-12,1.117475e-12,5.542722e-18,-9.1637808453e-13,0.0000e+00,0.9687
3563.44,-1.24700250e-12,1.117575e-12,5.524979e-18,-9.1637808453e-13,0.0000e+00,0.9687
3564.02,-1.24156241e-12,1.117705e-12,5.560663e-18,-9.1637808453e-13,0.0000e+00,0.9687
3564.59,-1.23900890e-12,1.117871e-12,5.505994e-18,-9.1671115143e-13,0.0000e+00,0.9687
3565.16,-1.23967503e-12,1.117923e-12,5.352087e-18,-9.1682217374e-13,0.0000e+00,0.9687
3565.73,-1.24089627e-12,1.117945e-12,5.078826e-18,-9.1682217374e-13,0.0000e+00,0.9687
3566.30,-1.24189548e-12,1.118008e-12,5.158574e-18,-9.1682217374e-13,0.0000e+00,0.9687
3566.88,-1.24156241e-12,1.118130e-12,5.421605e-18,-9.1682217374e-13,0.0000e+00,0.9687
3567.45,-1.24122934e-12,1.118298e-12,5.366901e-18,-9.1693319604e-13,0.0000e+00,0.9687
3568.02,-1.24145139e-12,1.118485e-12,5.020283e-18,-9.1693319604e-13,0.0000e+00,0.9687
3568.59,-1.24178445e-12,1.118657e-12,4.709746e-18,-9.1715524064e-13,0.0000e+00,0.9687
3569.16,-1.24178445e-12,1.118851e-12,4.474476e-18,-9.1715524064e-13,0.0000e+00,0.9687
3569.74,-1.24178445e-12,1.118978e-12,4.332372e-18,-9.1737728525e-13,0.0000e+00,0.9687
3570.31,-1.24178445e-12,1.119027e-12,4.104253e-18,-9.1737728525e-13,0.0000e+00,0.9687
3570.88,-1.24189548e-12,1.119086e-12,3.586408e-18,-9.1737728525e-13,0.0000e+00,0.9687
3571.45,-1.24222854e-12,1.119149e-12,3.474895e-18,-9.1737728525e-13,0.0000e+00,0.9687
3572.02,-1.24256161e-12,1.119227e-12,3.602762e-18,-9.1737728525e-13,0.0000e+00,0.9687
3572.60,-1.24344979e-12,1.119288e-12,3.592286e-18,-9.1737728525e-13,0.0000e+00,0.9687
3573.17,-1.24511512e-12,1.119368e-12,3.736154e-18,-9.1737728525e-13,0.0000e+00,0.9687
3573.74,-1.24578126e-12,1.119495e-12,3.835037e-18,-9.1737728525e-13,0.0000e+00,0.9687
3574.31,-1.24533717e-12,1.119618e-12,3.879334e-18,-9.1737728525e-13,0.0000e+00,0.9687
3574.88,-1.24245059e-12,1.119719e-12,4.072250e-18,-9.1771035216e-13,0.0000e+00,0.9687
3575.46,-1.23989707e-12,1.119812e-12,4.188303e-18,-9.1782137446e-13,0.0000e+00,0.9687
3576.03,-1.24034116e-12,1.119927e-12,4.243035e-18,-9.1782137446e-13,0.0000e+00,0.9687
3576.60,-1.24322774e-12,1.120043e-12,4.286102e-18,-9.1782137446e-13,0.0000e+00,0.9687
3577.17,-1.24789068e-12,1.120157e-12,4.077078e-18,-9.1782137446e-13,0.0000e+00,0.9687
3577.74,-1.25244259e-12,1.120295e-12,3.952381e-18,-9.1782137446e-13,0.0000e+00,0.9687
3578.32,-1.25410793e-12,1.120379e-12,4.158368e-18,-9.1782137446e-13,0.0000e+00,0.9687
3578.89,-1.25288668e-12,1.120453e-12,4.413404e-18,-9.1782137446e-13,0.0000e+00,0.9687
3579.46,-1.25044419e-12,1.120562e-12,5.203186e-18,-9.1826546367e-13,0.0000e+00,0.9687
3580.03,-1.24666943e-12,1.120660e-12,5.226921e-18,-9.1826546367e-13,0.0000e+00,0.9687
3580.60,-1.24400490e-12,1.120735e-12,4.980972e-18,-9.1826546367e-13,0.0000e+00,0.9687
3581.18,-1.24433797e-12,1.120781e-12,5.082294e-18,-9.1815444137e-13,0.0000e+00,0.9687
3581.75,-1.24633637e-12,1.120805e-12,5.109217e-18,-9.1848750827e-13,0.0000e+00,0.9687
3582.32,-1.24888988e-12,1.120839e-12,5.265921e-18,-9.1848750827e-13,0.0000e+00,0.9687
3582.89,-1.25111033e-12,1.120909e-12,5.450996e-18,-9.1848750827e-13,0.0000e+00,0.9687
3583.46,-1.25177646e-12,1.121007e-12,5.543180e-18,-9.1848750827e-13,0.0000e+00,0.9687
3584.04,-1.25155442e-12,1.121114e-12,5.665503e-18,-9.1848750827e-13,0.0000e+00,0.9687
3584.61,-1.24933397e-12,1.121228e-12,5.631073e-18,-9.1859853057e-13,0.0000e+00,0.9687
3585.18,-1.24678046e-12,1.121358e-12,5.609643e-18,-9.1859853057e-13,0.0000e+00,0.9687
3585.75,-1.24433797e-12,1.121487e-12,5.679052e-18,-9.1859853057e-13,0.0000e+00,0.9687
3586.32,-1.24433797e-12,1.121637e-12,5.770648e-18,-9.1859853057e-13,0.0000e+00,0.9687
3586.90,-1.24633637e-12,1.121776e-12,5.719895e-18,-9.1893159748e-13,0.0000e+00,0.9687
3587.47,-1.24900090e-12,1.121870e-12,5.633104e-18,-9.1937568669e-13,0.0000e+00,0.9687
3588.04,-1.25055521e-12,1.122017e-12,5.650042e-18,-9.1937568669e-13,0.0000e+00,0.9687
3588.61,-1.24900090e-12,1.122176e-12,5.849815e-18,-9.1959773130e-13,0.0000e+00,0.9687
3589.18,-1.24500410e-12,1.122322e-12,5.968105e-18,-9.1959773130e-13,0.0000e+00,0.9687
3589.76,-1.24311672e-12,1.122479e-12,6.018838e-18,-9.1993079820e-13,0.0000e+00,0.9687
3590.33,-1.24567023e-12,1.122606e-12,5.793801e-18,-9.2004182051e-13,0.0000e+00,0.9687
3590.90,-1.25111033e-12,1.122763e-12,5.101805e-18,-9.2026386511e-13,0.0000e+00,0.9687
3591.47,-1.25477406e-12,1.122956e-12,5.088886e-18,-9.2037488741e-13,0.0000e+00,0.9687
3592.04,-1.25510713e-12,1.123171e-12,5.467796e-18,-9.2048590972e-13,0.0000e+00,0.9687
3592.62,-1.25277566e-12,1.123394e-12,5.960440e-18,-9.2048590972e-13,0.0000e+00,0.9687
3593.19,-1.24833477e-12,1.123565e-12,6.256233e-18,-9.2070795432e-13,0.0000e+00,0.9687
3593.76,-1.24544819e-12,1.123789e-12,6.114293e-18,-9.2092999893e-13,0.0000e+00,0.9687
3594.33,-1.24633637e-12,1.124012e-12,5.916737e-18,-9.2126306583e-13,0.0000e+00,0.9687
3594.90,-1.24678046e-12,1.124194e-12,5.837907e-18,-9.2126306583e-13,0.0000e+00,0.9687
3595.48,-1.24855681e-12,1.124320e-12,5.823607e-18,-9.2137408814e-13,0.0000e+00,0.9687
3596.05,-1.24922295e-12,1.124399e-12,6.132212e-18,-9.2137408814e-13,0.0000e+00,0.9687
3596.62,-1.24933397e-12,1.124470e-12,6.458073e-18,-9.2170715504e-13,0.0000e+00,0.9687
3597.19,-1.24933397e-12,1.124581e-12,6.729117e-18,-9.2192919965e-13,0.0000e+00,0.9687
3597.76,-1.25088828e-12,1.124799e-12,6.856136e-18,-9.2226226656e-13,0.0000e+00,0.9687
3598.34,-1.25222055e-12,1.125087e-12,6.825048e-18,-9.2237328886e-13,0.0000e+00,0.9687
3598.91,-1.25255362e-12,1.125388e-12,7.470257e-18,-9.2259533346e-13,0.0000e+00,0.9687
3599.48,-1.25255362e-12,1.125681e-12,7.988667e-18,-9.2270635577e-13,0.0000e+00,0.9687
3600.05,-1.25255362e-12,1.125969e-12,8.153458e-18,-9.2281737807e-13,0.0000e+00,0.9687
3600.62,-1.25277566e-12,1.126293e-12,8.402014e-18,-9.2303942267e-13,0.0000e+00,0.9687
3601.20,-1.25288668e-12,1.126585e-12,9.044664e-18,-9.2315044498e-13,0.0000e+00,0.9687
3601.77,-1.25310873e-12,1.126849e-12,9.982722e-18,-9.2326146728e-13,0.0000e+00,0.9687
3602.34,-1.25344179e-12,1.127086e-12,1.050954e-17,-9.2326146728e-13,0.0000e+00,0.9687
3602.91,-1.25444100e-12,1.127288e-12,1.080005e-17,-9.2348351188e-13,0.0000e+00,0.9687
3603.48,-1.25799371e-12,1.127463e-12,1.104833e-17,-9.2359453419e-13,0.0000e+00,0.9687
3604.06,-1.26043620e-12,1.127529e-12,1.103012e-17,-9.2392760109e-13,0.0000e+00,0.9687
3604.63,-1.26043620e-12,1.127632e-12,1.097714e-17,-9.2403862340e-13,0.0000e+00,0.9687
3605.20,-1.25799371e-12,1.127720e-12,1.082667e-17,-9.2414964570e-13,0.0000e+00,0.9687
3605.77,-1.25632837e-12,1.127845e-12,1.124738e-17,-9.2437169030e-13,0.0000e+00,0.9687
3606.34,-1.25643940e-12,1.128040e-12,1.169447e-17,-9.2448271261e-13,0.0000e+00,0.9687
3606.92,-1.25766064e-12,1.128359e-12,1.194345e-17,-9.2481577951e-13,0.0000e+00,0.9687
3607.49,-1.25899291e-12,1.128644e-12,1.193376e-17,-9.2492680182e-13,0.0000e+00,0.9687
3608.06,-1.25921495e-12,1.128921e-12,1.181801e-17,-9.2492680182e-13,0.0000e+00,0.9687
3608.63,-1.25921495e-12,1.129116e-12,1.179106e-17,-9.2503782412e-13,0.0000e+00,0.9687
3609.20,-1.25754962e-12,1.129376e-12,1.184927e-17,-9.2537089103e-13,0.0000e+00,0.9687
3609.78,-1.25510713e-12,1.129575e-12,1.149835e-17,-9.2537089103e-13,0.0000e+00,0.9687
3610.35,-1.25321975e-12,1.129729e-12,1.116658e-17,-9.2537089103e-13,0.0000e+00,0.9687
3610.92,-1.25310873e-12,1.129895e-12,1.105685e-17,-9.2570395793e-13,0.0000e+00,0.9687
3611.49,-1.25799371e-12,1.130120e-12,1.145178e-17,-9.2581498023e-13,0.0000e+00,0.9687
3612.06,-1.26720856e-12,1.130424e-12,1.210049e-17,-9.2592600254e-13,0.0000e+00,0.9687
3612.64,-1.27409194e-12,1.130789e-12,1.257059e-17,-9.2659213635e-13,0.0000e+00,0.9687
3613.21,-1.27364785e-12,1.131155e-12,1.240638e-17,-9.2670315865e-13,0.0000e+00,0.9687
3613.78,-1.26798572e-12,1.131459e-12,1.211591e-17,-9.2703622556e-13,0.0000e+00,0.9687
3614.35,-1.26432198e-12,1.131690e-12,1.181974e-17,-9.2703622556e-13,0.0000e+00,0.9687
3614.92,-1.26576527e-12,1.131885e-12,1.161654e-17,-9.2703622556e-13,0.0000e+00,0.9687
3615.49,-1.26965105e-12,1.132006e-12,1.163352e-17,-9.2714724786e-13,0.0000e+00,0.9687
3616.07,-1.27053923e-12,1.132144e-12,1.182862e-17,-9.2748031477e-13,0.0000e+00,0.9687
3616.64,-1.26765265e-12,1.132207e-12,1.218187e-17,-9.2748031477e-13,0.0000e+00,0.9687
3617.21,-1.26243460e-12,1.132329e-12,1.260242e-17,-9.2759133707e-13,0.0000e+00,0.9687
3617.78,-1.25932598e-12,1.132487e-12,1.288589e-17,-9.2792440398e-13,0.0000e+00,0.9687
3618.35,-1.25921495e-12,1.132649e-12,1.276297e-17,-9.2814644859e-13,0.0000e+00,0.9687
3618.93,-1.25954802e-12,1.132847e-12,1.261901e-17,-9.2847951549e-13,0.0000e+00,0.9687
3619.50,-1.25921495e-12,1.133067e-12,1.262011e-17,-9.2859053780e-13,0.0000e+00,0.9687
3620.07,-1.26154642e-12,1.133301e-12,1.252394e-17,-9.2859053780e-13,0.0000e+00,0.9687
3620.64,-1.26409994e-12,1.133535e-12,1.249156e-17,-9.2892360470e-13,0.0000e+00,0.9687
3621.21,-1.26532118e-12,1.133814e-12,1.258077e-17,-9.2925667161e-13,0.0000e+00,0.9687
3621.79,-1.26476607e-12,1.134060e-12,1.281449e-17,-9.2947871622e-13,0.0000e+00,0.9687
3622.36,-1.26154642e-12,1.134242e-12,1.288938e-17,-9.2970076082e-13,0.0000e+00,0.9687
3622.93,-1.25832678e-12,1.134407e-12,1.278142e-17,-9.2970076082e-13,0.0000e+00,0.9687
3623.50,-1.25599531e-12,1.134608e-12,1.292916e-17,-9.3014485003e-13,0.0000e+00,0.9687
3624.07,-1.25666144e-12,1.134826e-12,1.340193e-17,-9.3025587233e-13,0.0000e+00,0.9687
3624.65,-1.25932598e-12,1.135037e-12,1.384987e-17,-9.3025587233e-13,0.0000e+00,0.9687
3625.22,-1.26187949e-12,1.135277e-12,1.448051e-17,-9.3047791694e-13,0.0000e+00,0.9687
3625.79,-1.26576527e-12,1.135488e-12,1.469206e-17,-9.3047791694e-13,0.0000e+00,0.9687
3626.36,-1.26720856e-12,1.135738e-12,1.442902e-17,-9.3047791694e-13,0.0000e+00,0.9687
3626.93,-1.26565425e-12,1.135973e-12,1.400519e-17,-9.3081098385e-13,0.0000e+00,0.9687
3627.51,-1.26276767e-12,1.136236e-12,1.348829e-17,-9.3092200615e-13,0.0000e+00,0.9687
3628.08,-1.25965904e-12,1.136515e-12,1.302377e-17,-9.3092200615e-13,0.0000e+00,0.9687
3628.65,-1.25865984e-12,1.136791e-12,1.291176e-17,-9.3125507306e-13,0.0000e+00,0.9687
3629.22,-1.25999211e-12,1.137080e-12,1.282557e-17,-9.3136609536e-13,0.0000e+00,0.9687
3629.79,-1.26176847e-12,1.137393e-12,1.273112e-17,-9.3181018457e-13,0.0000e+00,0.9687
3630.37,-1.26243460e-12,1.137687e-12,1.230818e-17,-9.3181018457e-13,0.0000e+00,0.9687
3630.94,-1.26088029e-12,1.137967e-12,1.193618e-17,-9.3181018457e-13,0.0000e+00,0.9687
3631.51,-1.25988109e-12,1.138193e-12,1.159818e-17,-9.3214325148e-13,0.0000e+00,0.9687
3632.08,-1.26121336e-12,1.138466e-12,1.159118e-17,-9.3225427378e-13,0.0000e+00,0.9687
3632.65,-1.26576527e-12,1.138669e-12,1.205158e-17,-9.3258734069e-13,0.0000e+00,0.9687
3633.23,-1.27009514e-12,1.138887e-12,1.256984e-17,-9.3292040759e-13,0.0000e+00,0.9687
3633.80,-1.26987310e-12,1.139047e-12,1.292980e-17,-9.3303142989e-13,0.0000e+00,0.9687
3634.37,-1.26754163e-12,1.139216e-12,1.301077e-17,-9.3303142989e-13,0.0000e+00,0.9687
3634.94,-1.26532118e-12,1.139360e-12,1.311760e-17,-9.3336449680e-13,0.0000e+00,0.9687
3635.51,-1.26643140e-12,1.139554e-12,1.316337e-17,-9.3347551910e-13,0.0000e+00,0.9687
3636.09,-1.26920696e-12,1.139745e-12,1.307628e-17,-9.3358654141e-13,0.0000e+00,0.9687
3636.66,-1.27153843e-12,1.140009e-12,1.276236e-17,-9.3380858601e-13,0.0000e+00,0.9687
3637.23,-1.27109434e-12,1.140351e-12,1.230696e-17,-9.3391960831e-13,0.0000e+00,0.9687
3637.80,-1.26820776e-12,1.140697e-12,1.174114e-17,-9.3403063062e-13,0.0000e+00,0.9687
3638.37,-1.26687549e-12,1.141023e-12,1.124452e-17,-9.3403063062e-13,0.0000e+00,0.9687
3638.95,-1.26687549e-12,1.141359e-12,1.106279e-17,-9.3403063062e-13,0.0000e+00,0.9687
3639.52,-1.26687549e-12,1.141627e-12,1.117726e-17,-9.3425267522e-13,0.0000e+00,0.9687
3640.09,-1.26687549e-12,1.141856e-12,1.177791e-17,-9.3436369752e-13,0.0000e+00,0.9687
3640.66,-1.26698652e-12,1.142060e-12,1.241631e-17,-9.3469676443e-13,0.0000e+00,0.9687
3641.23,-1.26698652e-12,1.142199e-12,1.203323e-17,-9.3480778673e-13,0.0000e+00,0.9687
3641.81,-1.26720856e-12,1.142311e-12,1.103326e-17,-9.3491880904e-13,0.0000e+00,0.9687
3642.38,-1.26720856e-12,1.142420e-12,1.007689e-17,-9.3514085364e-13,0.0000e+00,0.9687
3642.95,-1.26698652e-12,1.142521e-12,9.400576e-18,-9.3514085364e-13,0.0000e+00,0.9687
3643.52,-1.26698652e-12,1.142760e-12,9.061783e-18,-9.3536289825e-13,0.0000e+00,0.9687
3644.09,-1.26598731e-12,1.143000e-12,9.010482e-18,-9.3569596515e-13,0.0000e+00,0.9687
3644.67,-1.26276767e-12,1.143211e-12,9.116828e-18,-9.3569596515e-13,0.0000e+00,0.9687
3645.24,-1.26054722e-12,1.143447e-12,9.086098e-18,-9.3580698746e-13,0.0000e+00,0.9687
3645.81,-1.26221256e-12,1.143637e-12,8.605034e-18,-9.3602903206e-13,0.0000e+00,0.9687
3646.38,-1.26831878e-12,1.143807e-12,8.088577e-18,-9.3625107667e-13,0.0000e+00,0.9687
3646.95,-1.27398092e-12,1.143945e-12,7.745072e-18,-9.3625107667e-13,0.0000e+00,0.9687
3647.53,-1.27753363e-12,1.144067e-12,7.401694e-18,-9.3625107667e-13,0.0000e+00,0.9687
3648.10,-1.27819977e-12,1.144194e-12,7.085385e-18,-9.3647312127e-13,0.0000e+00,0.9687
3648.67,-1.27597932e-12,1.144265e-12,6.635108e-18,-9.3669516588e-13,0.0000e+00,0.9687
3649.24,-1.27287070e-12,1.144284e-12,6.195019e-18,-9.3669516588e-13,0.0000e+00,0.9687
3649.81,-1.27287070e-12,1.144361e-12,5.807206e-18,-9.3669516588e-13,0.0000e+00,0.9687
3650.39,-1.27364785e-12,1.144426e-12,5.609180e-18,-9.3691721048e-13,0.0000e+00,0.9687
3650.96,-1.27364785e-12,1.144514e-12,5.713227e-18,-9.3691721048e-13,0.0000e+00,0.9687
3651.53,-1.27364785e-12,1.144637e-12,5.713692e-18,-9.3702823278e-13,0.0000e+00,0.9687
3652.10,-1.27364785e-12,1.144760e-12,5.922195e-18,-9.3702823278e-13,0.0000e+00,0.9687
3652.67,-1.27398092e-12,1.145032e-12,6.131844e-18,-9.3736129969e-13,0.0000e+00,0.9687
3653.25,-1.27564626e-12,1.145271e-12,6.536688e-18,-9.3736129969e-13,0.0000e+00,0.9687
3653.82,-1.27797772e-12,1.145412e-12,6.361556e-18,-9.3736129969e-13,0.0000e+00,0.9687
3654.39,-1.27764466e-12,1.145564e-12,6.211672e-18,-9.3736129969e-13,0.0000e+00,0.9687
3654.96,-1.27531319e-12,1.145680e-12,6.120154e-18,-9.3758334430e-13,0.0000e+00,0.9687
3655.53,-1.27331479e-12,1.145782e-12,5.861140e-18,-9.3758334430e-13,0.0000e+00,0.9687
3656.11,-1.27331479e-12,1.145967e-12,6.117893e-18,-9.3791641120e-13,0.0000e+00,0.9687
3656.68,-1.27431399e-12,1.146102e-12,6.322945e-18,-9.3791641120e-13,0.0000e+00,0.9687
3657.25,-1.27531319e-12,1.146250e-12,6.047655e-18,-9.3802743351e-13,0.0000e+00,0.9687
3657.82,-1.27464705e-12,1.146463e-12,5.729699e-18,-9.3802743351e-13,0.0000e+00,0.9687
3658.39,-1.27220456e-12,1.146689e-12,4.915685e-18,-9.3836050041e-13,0.0000e+00,0.9687
3658.97,-1.27053923e-12,1.146900e-12,4.405304e-18,-9.3836050041e-13,0.0000e+00,0.9687
3659.54,-1.27120536e-12,1.147078e-12,4.746471e-18,-9.3869356732e-13,0.0000e+00,0.9687
3660.11,-1.27431399e-12,1.147155e-12,5.320962e-18,-9.3869356732e-13,0.0000e+00,0.9687
3660.68,-1.27697852e-12,1.147290e-12,5.362758e-18,-9.3869356732e-13,0.0000e+00,0.9687
3661.25,-1.27731159e-12,1.147431e-12,5.364621e-18,-9.3880458962e-13,0.0000e+00,0.9687
3661.83,-1.27631239e-12,1.147572e-12,5.140107e-18,-9.3891561193e-13,0.0000e+00,0.9687
3662.40,-1.27475808e-12,1.147654e-12,4.667191e-18,-9.3891561193e-13,0.0000e+00,0.9687
3662.97,-1.27509114e-12,1.147675e-12,4.150784e-18,-9.3924867883e-13,0.0000e+00,0.9687
3663.54,-1.27686750e-12,1.147750e-12,4.300194e-18,-9.3924867883e-13,0.0000e+00,0.9687
3664.11,-1.27819977e-12,1.147867e-12,4.521187e-18,-9.3924867883e-13,0.0000e+00,0.9687
3664.69,-1.27720057e-12,1.147965e-12,4.315292e-18,-9.3935970114e-13,0.0000e+00,0.9687
3665.26,-1.27331479e-12,1.148033e-12,4.329367e-18,-9.3935970114e-13,0.0000e+00,0.9687
3665.83,-1.27042821e-12,1.148131e-12,4.284178e-18,-9.3947072344e-13,0.0000e+00,0.9687
3666.40,-1.26987310e-12,1.148214e-12,4.177918e-18,-9.3947072344e-13,0.0000e+00,0.9687
3666.97,-1.27153843e-12,1.148362e-12,4.538275e-18,-9.3947072344e-13,0.0000e+00,0.9687
3667.55,-1.27409194e-12,1.148504e-12,5.208033e-18,-9.3980379035e-13,0.0000e+00,0.9687
3668.12,-1.27631239e-12,1.148660e-12,5.805373e-18,-9.3980379035e-13,0.0000e+00,0.9687
3668.69,-1.27686750e-12,1.148869e-12,6.389255e-18,-9.4024787956e-13,0.0000e+00,0.9687
3669.26,-1.27631239e-12,1.149075e-12,6.737714e-18,-9.4035890186e-13,0.0000e+00,0.9687
3669.83,-1.27464705e-12,1.149304e-12,6.661415e-18,-9.4058094646e-13,0.0000e+00,0.9687
3670.41,-1.27442501e-12,1.149559e-12,6.695760e-18,-9.4058094646e-13,0.0000e+00,0.9687
3670.98,-1.27509114e-12,1.149788e-12,6.950797e-18,-9.4058094646e-13,0.0000e+00,0.9687
3671.55,-1.27764466e-12,1.149976e-12,7.095449e-18,-9.4080299107e-13,0.0000e+00,0.9687
3672.12,-1.27831079e-12,1.150122e-12,7.252476e-18,-9.4080299107e-13,0.0000e+00,0.9687
3672.69,-1.27731159e-12,1.150269e-12,7.336157e-18,-9.4102503567e-13,0.0000e+00,0.9687
3673.27,-1.27697852e-12,1.150338e-12,7.116785e-18,-9.4113605797e-13,0.0000e+00,0.9687
3673.84,-1.27764466e-12,1.150436e-12,6.812142e-18,-9.4124708028e-13,0.0000e+00,0.9687
3674.41,-1.28053124e-12,1.150507e-12,6.541073e-18,-9.4158014718e-13,0.0000e+00,0.9687
3674.98,-1.28330679e-12,1.150550e-12,5.826834e-18,-9.4158014718e-13,0.0000e+00,0.9687
3675.55,-1.28375088e-12,1.150622e-12,5.983230e-18,-9.4191321409e-13,0.0000e+00,0.9687
3676.12,-1.28208555e-12,1.150735e-12,6.065232e-18,-9.4191321409e-13,0.0000e+00,0.9687
3676.70,-1.27886590e-12,1.150874e-12,5.928571e-18,-9.4191321409e-13,0.0000e+00,0.9687
3677.27,-1.27498012e-12,1.151043e-12,5.828892e-18,-9.4213525870e-13,0.0000e+00,0.9687
3677.84,-1.27398092e-12,1.151173e-12,5.713692e-18,-9.4213525870e-13,0.0000e+00,0.9687
3678.41,-1.27797772e-12,1.151337e-12,5.956024e-18,-9.4213525870e-13,0.0000e+00,0.9687
3678.98,-1.28508315e-12,1.151453e-12,6.116740e-18,-9.4213525870e-13,0.0000e+00,0.9687
3679.56,-1.28930200e-12,1.151616e-12,5.945158e-18,-9.4213525870e-13,0.0000e+00,0.9687
3680.13,-1.28885791e-12,1.151722e-12,5.940032e-18,-9.4213525870e-13,0.0000e+00,0.9687
3680.70,-1.28375088e-12,1.151861e-12,4.742737e-18,-9.4235730330e-13,0.0000e+00,0.9687
3681.27,-1.27886590e-12,1.151906e-12,3.702063e-18,-9.4257934791e-13,0.0000e+00,0.9687
3681.84,-1.27753363e-12,1.152070e-12,4.515825e-18,-9.4257934791e-13,0.0000e+00,0.9687
3682.42,-1.28175248e-12,1.152229e-12,5.381209e-18,-9.4257934791e-13,0.0000e+00,0.9687
3682.99,-1.28830280e-12,1.152402e-12,5.412373e-18,-9.4280139251e-13,0.0000e+00,0.9687
3683.56,-1.29141142e-12,1.152551e-12,5.483969e-18,-9.4302343712e-13,0.0000e+00,0.9687
3684.13,-1.28830280e-12,1.152696e-12,5.482268e-18,-9.4324548172e-13,0.0000e+00,0.9687
3684.70,-1.28252964e-12,1.152840e-12,5.576723e-18,-9.4346752633e-13,0.0000e+00,0.9687
3685.28,-1.27897692e-12,1.152944e-12,5.781954e-18,-9.4346752633e-13,0.0000e+00,0.9687
3685.85,-1.28252964e-12,1.153114e-12,6.069683e-18,-9.4368957093e-13,0.0000e+00,0.9687
3686.42,-1.28830280e-12,1.153230e-12,6.591637e-18,-9.4380059323e-13,0.0000e+00,0.9687
3686.99,-1.29019018e-12,1.153340e-12,6.879423e-18,-9.4413366014e-13,0.0000e+00,0.9687
3687.56,-1.28819178e-12,1.153424e-12,6.639935e-18,-9.4413366014e-13,0.0000e+00,0.9687
3688.14,-1.28308475e-12,1.153564e-12,6.253115e-18,-9.4413366014e-13,0.0000e+00,0.9687
3688.71,-1.28008715e-12,1.153629e-12,6.339909e-18,-9.4413366014e-13,0.0000e+00,0.9687
3689.28,-1.28241862e-12,1.153684e-12,6.368822e-18,-9.4413366014e-13,0.0000e+00,0.9687
3689.85,-1.28574928e-12,1.153771e-12,6.051277e-18,-9.4413366014e-13,0.0000e+00,0.9687
3690.42,-1.28574928e-12,1.153878e-12,6.381408e-18,-9.4435570475e-13,0.0000e+00,0.9687
3691.00,-1.28208555e-12,1.153998e-12,7.178830e-18,-9.4457774935e-13,0.0000e+00,0.9687
3691.57,-1.27697852e-12,1.154113e-12,7.673265e-18,-9.4457774935e-13,0.0000e+00,0.9687
3692.14,-1.27431399e-12,1.154255e-12,7.832357e-18,-9.4468877165e-13,0.0000e+00,0.9687
3692.71,-1.27720057e-12,1.154466e-12,8.084317e-18,-9.4479979396e-13,0.0000e+00,0.9687
3693.28,-1.28219657e-12,1.154679e-12,8.328723e-18,-9.4479979396e-13,0.0000e+00,0.9687
3693.86,-1.28597133e-12,1.154915e-12,8.689750e-18,-9.4479979396e-13,0.0000e+00,0.9687
3694.43,-1.28697053e-12,1.155110e-12,9.253190e-18,-9.4502183856e-13,0.0000e+00,0.9687
3695.00,-1.28785871e-12,1.155294e-12,9.553071e-18,-9.4546592777e-13,0.0000e+00,0.9687
3695.57,-1.28930200e-12,1.155428e-12,9.707225e-18,-9.4546592777e-13,0.0000e+00,0.9687
3696.14,-1.29007915e-12,1.155560e-12,9.829948e-18,-9.4557695007e-13,0.0000e+00,0.9687
3696.72,-1.28630440e-12,1.155663e-12,1.021753e-17,-9.4557695007e-13,0.0000e+00,0.9687
3697.29,-1.28141942e-12,1.155749e-12,1.102223e-17,-9.4557695007e-13,0.0000e+00,0.9687
3697.86,-1.27819977e-12,1.155896e-12,1.169568e-17,-9.4591001698e-13,0.0000e+00,0.9687
3698.43,-1.27853284e-12,1.156051e-12,1.199261e-17,-9.4602103928e-13,0.0000e+00,0.9687
3699.00,-1.28075328e-12,1.156184e-12,1.194523e-17,-9.4613206159e-13,0.0000e+00,0.9687
3699.58,-1.28330679e-12,1.156347e-12,1.191241e-17,-9.4613206159e-13,0.0000e+00,0.9687
3700.15,-1.28541622e-12,1.156570e-12,1.209503e-17,-9.4613206159e-13,0.0000e+00,0.9687
3700.72,-1.28608235e-12,1.156834e-12,1.244830e-17,-9.4646512849e-13,0.0000e+00,0.9687
3701.29,-1.28574928e-12,1.157086e-12,1.281529e-17,-9.4646512849e-13,0.0000e+00,0.9687
3701.86,-1.28563826e-12,1.157293e-12,1.302627e-17,-9.4657615080e-13,0.0000e+00,0.9687
3702.44,-1.28663746e-12,1.157512e-12,1.321421e-17,-9.4702024001e-13,0.0000e+00,0.9687
3703.01,-1.28930200e-12,1.157691e-12,1.324184e-17,-9.4724228461e-13,0.0000e+00,0.9687
3703.58,-1.29041222e-12,1.157881e-12,1.366771e-17,-9.4724228461e-13,0.0000e+00,0.9687
3704.15,-1.29019018e-12,1.158051e-12,1.437264e-17,-9.4768637382e-13,0.0000e+00,0.9687
3704.72,-1.28785871e-12,1.158283e-12,1.495761e-17,-9.4768637382e-13,0.0000e+00,0.9687
3705.30,-1.28685951e-12,1.158550e-12,1.497879e-17,-9.4790841842e-13,0.0000e+00,0.9687
3705.87,-1.28697053e-12,1.158802e-12,1.475923e-17,-9.4846352994e-13,0.0000e+00,0.9687
3706.44,-1.28830280e-12,1.159077e-12,1.452499e-17,-9.4846352994e-13,0.0000e+00,0.9687
3707.01,-1.29007915e-12,1.159343e-12,1.447572e-17,-9.4879659684e-13,0.0000e+00,0.9687
3707.58,-1.29118938e-12,1.159592e-12,1.458861e-17,-9.4890761915e-13,0.0000e+00,0.9687
3708.16,-1.29118938e-12,1.159823e-12,1.449839e-17,-9.4924068605e-13,0.0000e+00,0.9687
3708.73,-1.29118938e-12,1.160170e-12,1.467766e-17,-9.4935170836e-13,0.0000e+00,0.9687
3709.30,-1.29141142e-12,1.160458e-12,1.487906e-17,-9.4968477526e-13,0.0000e+00,0.9687
3709.87,-1.28952404e-12,1.160759e-12,1.494851e-17,-9.4979579757e-13,0.0000e+00,0.9687
3710.44,-1.28785871e-12,1.160983e-12,1.445983e-17,-9.5023988678e-13,0.0000e+00,0.9687
3711.02,-1.28463906e-12,1.161167e-12,1.419597e-17,-9.5068397599e-13,0.0000e+00,0.9687
3711.59,-1.28053124e-12,1.161351e-12,1.443198e-17,-9.5090602059e-13,0.0000e+00,0.9687
3712.16,-1.27797772e-12,1.161539e-12,1.420842e-17,-9.5112806520e-13,0.0000e+00,0.9687
3712.73,-1.27819977e-12,1.161726e-12,1.376335e-17,-9.5135010980e-13,0.0000e+00,0.9687
3713.30,-1.28252964e-12,1.161925e-12,1.349704e-17,-9.5135010980e-13,0.0000e+00,0.9687
3713.88,-1.29085631e-12,1.162100e-12,1.336013e-17,-9.5157215441e-13,0.0000e+00,0.9687
3714.45,-1.30018218e-12,1.162281e-12,1.325704e-17,-9.5190522131e-13,0.0000e+00,0.9687
3715.02,-1.30473410e-12,1.162463e-12,1.354558e-17,-9.5190522131e-13,0.0000e+00,0.9687
3715.59,-1.30273570e-12,1.162651e-12,1.385871e-17,-9.5201624362e-13,0.0000e+00,0.9687
3716.16,-1.29529720e-12,1.162840e-12,1.388101e-17,-9.5234931052e-13,0.0000e+00,0.9687
3716.74,-1.28796973e-12,1.163102e-12,1.375056e-17,-9.5234931052e-13,0.0000e+00,0.9687
3717.31,-1.28341782e-12,1.163332e-12,1.346996e-17,-9.5246033283e-13,0.0000e+00,0.9687
3717.88,-1.28119737e-12,1.163596e-12,1.310920e-17,-9.5268237743e-13,0.0000e+00,0.9687
3718.45,-1.28108635e-12,1.163829e-12,1.296199e-17,-9.5279339973e-13,0.0000e+00,0.9687
3719.02,-1.28119737e-12,1.164013e-12,1.268600e-17,-9.5279339973e-13,0.0000e+00,0.9687
3719.60,-1.28430599e-12,1.164215e-12,1.237268e-17,-9.5279339973e-13,0.0000e+00,0.9687
3720.17,-1.28885791e-12,1.164432e-12,1.225041e-17,-9.5323748894e-13,0.0000e+00,0.9687
3720.74,-1.29429800e-12,1.164675e-12,1.238316e-17,-9.5334851125e-13,0.0000e+00,0.9687
3721.31,-1.29729560e-12,1.164884e-12,1.269196e-17,-9.5357055585e-13,0.0000e+00,0.9687
3721.88,-1.29607436e-12,1.165119e-12,1.286519e-17,-9.5368157815e-13,0.0000e+00,0.9687
3722.46,-1.29118938e-12,1.165359e-12,1.307855e-17,-9.5379260046e-13,0.0000e+00,0.9687
3723.03,-1.28630440e-12,1.165540e-12,1.339586e-17,-9.5401464506e-13,0.0000e+00,0.9687
3723.60,-1.28408395e-12,1.165689e-12,1.331825e-17,-9.5401464506e-13,0.0000e+00,0.9687
3724.17,-1.28608235e-12,1.165828e-12,1.288778e-17,-9.5423668967e-13,0.0000e+00,0.9687
3724.74,-1.29052324e-12,1.165965e-12,1.260066e-17,-9.5423668967e-13,0.0000e+00,0.9687
3725.32,-1.29540823e-12,1.166187e-12,1.266524e-17,-9.5456975657e-13,0.0000e+00,0.9687
3725.89,-1.29785072e-12,1.166435e-12,1.302021e-17,-9.5490282348e-13,0.0000e+00,0.9687
3726.46,-1.29762867e-12,1.166693e-12,1.330292e-17,-9.5512486809e-13,0.0000e+00,0.9687
3727.03,-1.29396494e-12,1.166968e-12,1.338598e-17,-9.5512486809e-13,0.0000e+00,0.9687
3727.60,-1.28974609e-12,1.167254e-12,1.337330e-17,-9.5556895729e-13,0.0000e+00,0.9687
3728.18,-1.28919098e-12,1.167458e-12,1.266346e-17,-9.5556895729e-13,0.0000e+00,0.9687
3728.75,-1.29241062e-12,1.167606e-12,1.187991e-17,-9.5556895729e-13,0.0000e+00,0.9687
3729.32,-1.29696254e-12,1.167742e-12,1.163292e-17,-9.5579100190e-13,0.0000e+00,0.9687
3729.89,-1.29718458e-12,1.167909e-12,1.216773e-17,-9.5579100190e-13,0.0000e+00,0.9687
3730.46,-1.29407596e-12,1.168116e-12,1.280417e-17,-9.5601304650e-13,0.0000e+00,0.9687
3731.04,-1.28863586e-12,1.168331e-12,1.255280e-17,-9.5623509111e-13,0.0000e+00,0.9687
3731.61,-1.28530520e-12,1.168498e-12,1.241965e-17,-9.5623509111e-13,0.0000e+00,0.9687
3732.18,-1.28574928e-12,1.168678e-12,1.241851e-17,-9.5645713571e-13,0.0000e+00,0.9687
3732.75,-1.28630440e-12,1.168862e-12,1.266667e-17,-9.5645713571e-13,0.0000e+00,0.9687
3733.32,-1.28652644e-12,1.169122e-12,1.286469e-17,-9.5667918032e-13,0.0000e+00,0.9687
3733.90,-1.28652644e-12,1.169420e-12,1.284081e-17,-9.5667918032e-13,0.0000e+00,0.9687
3734.47,-1.28663746e-12,1.169699e-12,1.251242e-17,-9.5690122492e-13,0.0000e+00,0.9687
3735.04,-1.28685951e-12,1.169953e-12,1.242195e-17,-9.5723429183e-13,0.0000e+00,0.9687
3735.61,-1.28630440e-12,1.170130e-12,1.251317e-17,-9.5723429183e-13,0.0000e+00,0.9687
3736.18,-1.28752564e-12,1.170277e-12,1.222436e-17,-9.5723429183e-13,0.0000e+00,0.9687
3736.76,-1.29019018e-12,1.170428e-12,1.188042e-17,-9.5734531413e-13,0.0000e+00,0.9687
3737.33,-1.29252165e-12,1.170633e-12,1.159633e-17,-9.5745633644e-13,0.0000e+00,0.9687
3737.90,-1.29296573e-12,1.170834e-12,1.097328e-17,-9.5745633644e-13,0.0000e+00,0.9687
3738.47,-1.29074529e-12,1.171020e-12,1.023517e-17,-9.5767838104e-13,0.0000e+00,0.9687
3739.04,-1.28852484e-12,1.171180e-12,9.934679e-18,-9.5767838104e-13,0.0000e+00,0.9687
3739.61,-1.28796973e-12,1.171343e-12,9.952186e-18,-9.5778940334e-13,0.0000e+00,0.9687
3740.19,-1.28974609e-12,1.171498e-12,1.006388e-17,-9.5790042565e-13,0.0000e+00,0.9687
3740.76,-1.29440902e-12,1.171603e-12,1.000228e-17,-9.5823349255e-13,0.0000e+00,0.9687
3741.33,-1.29563027e-12,1.171700e-12,9.950915e-18,-9.5834451486e-13,0.0000e+00,0.9687
3741.90,-1.29529720e-12,1.171803e-12,9.880355e-18,-9.5834451486e-13,0.0000e+00,0.9687
3742.47,-1.29496414e-12,1.171942e-12,9.784247e-18,-9.5867758176e-13,0.0000e+00,0.9687
3743.05,-1.29496414e-12,1.172061e-12,9.154044e-18,-9.5867758176e-13,0.0000e+00,0.9687
3743.62,-1.29496414e-12,1.172265e-12,8.640115e-18,-9.5901064867e-13,0.0000e+00,0.9687
3744.19,-1.29463107e-12,1.172491e-12,8.538066e-18,-9.5912167097e-13,0.0000e+00,0.9687
3744.76,-1.29218858e-12,1.172708e-12,8.317613e-18,-9.5912167097e-13,0.0000e+00,0.9687
3745.33,-1.29218858e-12,1.172904e-12,7.871441e-18,-9.5912167097e-13,0.0000e+00,0.9687
3745.91,-1.29296573e-12,1.173021e-12,7.587076e-18,-9.5945473788e-13,0.0000e+00,0.9687
3746.48,-1.29496414e-12,1.173087e-12,7.340047e-18,-9.5967678249e-13,0.0000e+00,0.9687
3747.05,-1.29718458e-12,1.173159e-12,6.514012e-18,-9.6000984939e-13,0.0000e+00,0.9687
3747.62,-1.29862787e-12,1.173226e-12,5.129925e-18,-9.6012087170e-13,0.0000e+00,0.9687
3748.19,-1.29796174e-12,1.173339e-12,5.140722e-18,-9.6034291630e-13,0.0000e+00,0.9687
3748.77,-1.29796174e-12,1.173515e-12,5.110340e-18,-9.6045393860e-13,0.0000e+00,0.9687
3749.34,-1.29796174e-12,1.173633e-12,4.470490e-18,-9.6056496091e-13,0.0000e+00,0.9687
3749.91,-1.29796174e-12,1.173857e-12,3.955684e-18,-9.6078700551e-13,0.0000e+00,0.9687
3750.48,-1.29796174e-12,1.174026e-12,4.143134e-18,-9.6100905012e-13,0.0000e+00,0.9687
3751.05,-1.29796174e-12,1.174138e-12,4.108738e-18,-9.6100905012e-13,0.0000e+00,0.9687
3751.63,-1.29796174e-12,1.174255e-12,4.431460e-18,-9.6100905012e-13,0.0000e+00,0.9687
3752.20,-1.29796174e-12,1.174376e-12,4.528002e-18,-9.6100905012e-13,0.0000e+00,0.9687
3752.77,-1.29796174e-12,1.174516e-12,4.867354e-18,-9.6145313933e-13,0.0000e+00,0.9687
3753.34,-1.29829480e-12,1.174759e-12,5.175845e-18,-9.6167518393e-13,0.0000e+00,0.9687
3753.91,-1.29796174e-12,1.175017e-12,4.696093e-18,-9.6178620623e-13,0.0000e+00,0.9687
3754.49,-1.29829480e-12,1.175281e-12,4.594572e-18,-9.6189722854e-13,0.0000e+00,0.9687
3755.06,-1.30073730e-12,1.175492e-12,4.733185e-18,-9.6211927314e-13,0.0000e+00,0.9687
3755.63,-1.30495614e-12,1.175620e-12,5.045775e-18,-9.6211927314e-13,0.0000e+00,0.9687
3756.20,-1.30695454e-12,1.175759e-12,5.403605e-18,-9.6223029544e-13,0.0000e+00,0.9687
3756.77,-1.30684352e-12,1.175923e-12,5.327916e-18,-9.6234131775e-13,0.0000e+00,0.9687
3757.35,-1.30440103e-12,1.176016e-12,5.082211e-18,-9.6256336235e-13,0.0000e+00,0.9687
3757.92,-1.30206956e-12,1.176102e-12,4.721751e-18,-9.6256336235e-13,0.0000e+00,0.9687
3758.49,-1.30184752e-12,1.176175e-12,4.461338e-18,-9.6267438465e-13,0.0000e+00,0.9687
3759.06,-1.30329081e-12,1.176286e-12,4.516041e-18,-9.6267438465e-13,0.0000e+00,0.9687
3759.63,-1.30362388e-12,1.176381e-12,4.700813e-18,-9.6267438465e-13,0.0000e+00,0.9687
3760.21,-1.30362388e-12,1.176441e-12,5.073141e-18,-9.6278540695e-13,0.0000e+00,0.9687
3760.78,-1.30140343e-12,1.176544e-12,4.773893e-18,-9.6278540695e-13,0.0000e+00,0.9687
3761.35,-1.30040423e-12,1.176660e-12,4.681533e-18,-9.6278540695e-13,0.0000e+00,0.9687
3761.92,-1.30040423e-12,1.176862e-12,4.804641e-18,-9.6311847386e-13,0.0000e+00,0.9687
3762.49,-1.30073730e-12,1.177018e-12,4.804305e-18,-9.6311847386e-13,0.0000e+00,0.9687
3763.07,-1.30140343e-12,1.177175e-12,5.055120e-18,-9.6311847386e-13,0.0000e+00,0.9687
3763.64,-1.30140343e-12,1.177332e-12,5.264323e-18,-9.6367358537e-13,0.0000e+00,0.9687
3764.21,-1.30173650e-12,1.177390e-12,5.123262e-18,-9.6367358537e-13,0.0000e+00,0.9687
3764.78,-1.30184752e-12,1.177534e-12,4.912163e-18,-9.6367358537e-13,0.0000e+00,0.9687
3765.35,-1.30051525e-12,1.177675e-12,5.014816e-18,-9.6367358537e-13,0.0000e+00,0.9687
3765.93,-1.30018218e-12,1.177839e-12,5.240816e-18,-9.6367358537e-13,0.0000e+00,0.9687
3766.50,-1.30306876e-12,1.178008e-12,5.314902e-18,-9.6389562998e-13,0.0000e+00,0.9687
3767.07,-1.31072930e-12,1.178221e-12,5.296226e-18,-9.6400665228e-13,0.0000e+00,0.9687
3767.64,-1.32005518e-12,1.178352e-12,5.381046e-18,-9.6411767458e-13,0.0000e+00,0.9687
3768.21,-1.32560629e-12,1.178500e-12,5.167766e-18,-9.6433971919e-13,0.0000e+00,0.9687
3768.79,-1.32460709e-12,1.178662e-12,5.555361e-18,-9.6433971919e-13,0.0000e+00,0.9687
3769.36,-1.31716860e-12,1.178790e-12,6.115407e-18,-9.6456176379e-13,0.0000e+00,0.9687
3769.93,-1.30939704e-12,1.178925e-12,6.578533e-18,-9.6478380840e-13,0.0000e+00,0.9687
3770.50,-1.30617739e-12,1.179024e-12,6.479106e-18,-9.6489483070e-13,0.0000e+00,0.9687
3771.07,-1.30651046e-12,1.179144e-12,6.266986e-18,-9.6489483070e-13,0.0000e+00,0.9687
3771.65,-1.30984112e-12,1.179324e-12,6.210733e-18,-9.6500585300e-13,0.0000e+00,0.9687
3772.22,-1.31306077e-12,1.179555e-12,6.214926e-18,-9.6522789761e-13,0.0000e+00,0.9687
3772.79,-1.31306077e-12,1.179766e-12,6.384718e-18,-9.6533891991e-13,0.0000e+00,0.9687
3773.36,-1.31006317e-12,1.180005e-12,6.830043e-18,-9.6533891991e-13,0.0000e+00,0.9687
3773.93,-1.30728761e-12,1.180140e-12,7.513234e-18,-9.6544994221e-13,0.0000e+00,0.9687
3774.51,-1.30750966e-12,1.180256e-12,7.971476e-18,-9.6544994221e-13,0.0000e+00,0.9687
3775.08,-1.30884192e-12,1.180340e-12,8.520465e-18,-9.6567198682e-13,0.0000e+00,0.9687
3775.65,-1.30917499e-12,1.180422e-12,9.119023e-18,-9.6578300912e-13,0.0000e+00,0.9687
3776.22,-1.30939704e-12,1.180551e-12,9.650986e-18,-9.6589403142e-13,0.0000e+00,0.9687
3776.79,-1.30895295e-12,1.180672e-12,9.668768e-18,-9.6589403142e-13,0.0000e+00,0.9687
3777.37,-1.30884192e-12,1.180827e-12,9.637874e-18,-9.6622709833e-13,0.0000e+00,0.9687
3777.94,-1.30939704e-12,1.181019e-12,9.771627e-18,-9.6622709833e-13,0.0000e+00,0.9687
3778.51,-1.31006317e-12,1.181246e-12,1.005180e-17,-9.6633812063e-13,0.0000e+00,0.9687
3779.08,-1.31139544e-12,1.181417e-12,1.033362e-17,-9.6644914294e-13,0.0000e+00,0.9687
3779.65,-1.31239464e-12,1.181572e-12,1.063295e-17,-9.6644914294e-13,0.0000e+00,0.9687
3780.23,-1.31072930e-12,1.181748e-12,1.094100e-17,-9.6667118754e-13,0.0000e+00,0.9687
3780.80,-1.30695454e-12,1.181924e-12,1.135728e-17,-9.6689323215e-13,0.0000e+00,0.9687
3781.37,-1.30462308e-12,1.182112e-12,1.195899e-17,-9.6722629905e-13,0.0000e+00,0.9687
3781.94,-1.30373490e-12,1.182334e-12,1.255572e-17,-9.6755936596e-13,0.0000e+00,0.9687
3782.51,-1.30473410e-12,1.182576e-12,1.301367e-17,-9.6767038826e-13,0.0000e+00,0.9687
3783.09,-1.30784272e-12,1.182819e-12,1.250680e-17,-9.6767038826e-13,0.0000e+00,0.9687
3783.66,-1.31206157e-12,1.183052e-12,1.186357e-17,-9.6778141057e-13,0.0000e+00,0.9687
3784.23,-1.31683553e-12,1.183321e-12,1.171286e-17,-9.6778141057e-13,0.0000e+00,0.9687
3784.80,-1.31972211e-12,1.183612e-12,1.168405e-17,-9.6811447747e-13,0.0000e+00,0.9687
3785.37,-1.32016620e-12,1.183911e-12,1.167070e-17,-9.6844754438e-13,0.0000e+00,0.9687
3785.95,-1.31883393e-12,1.184228e-12,1.151493e-17,-9.6866958899e-13,0.0000e+00,0.9687
3786.52,-1.31505917e-12,1.184498e-12,1.157597e-17,-9.6889163359e-13,0.0000e+00,0.9687
3787.09,-1.31239464e-12,1.184745e-12,1.188125e-17,-9.6900265589e-13,0.0000e+00,0.9687
3787.66,-1.31272770e-12,1.184982e-12,1.236195e-17,-9.6933572280e-13,0.0000e+00,0.9687
3788.23,-1.31616940e-12,1.185116e-12,1.254423e-17,-9.6933572280e-13,0.0000e+00,0.9687
3788.81,-1.32149847e-12,1.185187e-12,1.242524e-17,-9.6944674510e-13,0.0000e+00,0.9687
3789.38,-1.32471811e-12,1.185276e-12,1.227823e-17,-9.6944674510e-13,0.0000e+00,0.9687
3789.95,-1.32360789e-12,1.185387e-12,1.243216e-17,-9.6977981201e-13,0.0000e+00,0.9687
3790.52,-1.32038824e-12,1.185492e-12,1.248483e-17,-9.6977981201e-13,0.0000e+00,0.9687
3791.09,-1.31794575e-12,1.185639e-12,1.206650e-17,-9.6977981201e-13,0.0000e+00,0.9687
3791.67,-1.31794575e-12,1.185832e-12,1.097050e-17,-9.6989083431e-13,0.0000e+00,0.9687
3792.24,-1.31794575e-12,1.186009e-12,1.052642e-17,-9.7000185661e-13,0.0000e+00,0.9687
3792.81,-1.31783473e-12,1.186109e-12,1.075655e-17,-9.7022390122e-13,0.0000e+00,0.9687
3793.38,-1.31794575e-12,1.186236e-12,1.171060e-17,-9.7022390122e-13,0.0000e+00,0.9687
3793.95,-1.31816780e-12,1.186471e-12,1.246067e-17,-9.7033492352e-13,0.0000e+00,0.9687
3794.53,-1.31827882e-12,1.186748e-12,1.236965e-17,-9.7077901273e-13,0.0000e+00,0.9687
3795.10,-1.31761269e-12,1.187031e-12,1.148564e-17,-9.7077901273e-13,0.0000e+00,0.9687
3795.67,-1.31494815e-12,1.187367e-12,1.119190e-17,-9.7089003503e-13,0.0000e+00,0.9687
3796.24,-1.31106237e-12,1.187733e-12,1.112333e-17,-9.7133412424e-13,0.0000e+00,0.9687
3796.81,-1.30828681e-12,1.188044e-12,1.086721e-17,-9.7155616885e-13,0.0000e+00,0.9687
3797.39,-1.30973010e-12,1.188338e-12,1.078885e-17,-9.7166719115e-13,0.0000e+00,0.9687
3797.96,-1.31461508e-12,1.188552e-12,1.043459e-17,-9.7166719115e-13,0.0000e+00,0.9687
3798.53,-1.31972211e-12,1.188755e-12,9.710095e-18,-9.7177821345e-13,0.0000e+00,0.9687
3799.10,-1.32260869e-12,1.188953e-12,9.539941e-18,-9.7222230266e-13,0.0000e+00,0.9687
3799.67,-1.32238664e-12,1.189123e-12,9.789353e-18,-9.7222230266e-13,0.0000e+00,0.9687
3800.24,-1.32183153e-12,1.189292e-12,1.024110e-17,-9.7244434727e-13,0.0000e+00,0.9687
3800.82,-1.32371891e-12,1.189448e-12,1.044693e-17,-9.7266639187e-13,0.0000e+00,0.9687
3801.39,-1.32582834e-12,1.189706e-12,1.054973e-17,-9.7299945878e-13,0.0000e+00,0.9687
3801.96,-1.32682754e-12,1.189989e-12,1.070461e-17,-9.7299945878e-13,0.0000e+00,0.9687
3802.53,-1.32582834e-12,1.190253e-12,1.076225e-17,-9.7333252569e-13,0.0000e+00,0.9687
3803.10,-1.32582834e-12,1.190447e-12,1.025211e-17,-9.7344354799e-13,0.0000e+00,0.9687
3803.68,-1.32682754e-12,1.190724e-12,9.641244e-18,-9.7344354799e-13,0.0000e+00,0.9687
3804.25,-1.32793776e-12,1.190980e-12,9.492230e-18,-9.7377661490e-13,0.0000e+00,0.9687
3804.82,-1.32793776e-12,1.191269e-12,9.308527e-18,-9.7388763720e-13,0.0000e+00,0.9687
3805.39,-1.32538425e-12,1.191557e-12,9.138572e-18,-9.7399865950e-13,0.0000e+00,0.9687
3805.96,-1.32538425e-12,1.191840e-12,9.178716e-18,-9.7399865950e-13,0.0000e+00,0.9687
3806.54,-1.32616140e-12,1.192116e-12,9.148191e-18,-9.7422070411e-13,0.0000e+00,0.9687
3807.11,-1.32716060e-12,1.192298e-12,9.162559e-18,-9.7433172641e-13,0.0000e+00,0.9687
3807.68,-1.32693856e-12,1.192540e-12,9.251986e-18,-9.7477581562e-13,0.0000e+00,0.9687
3808.25,-1.32693856e-12,1.192743e-12,9.514671e-18,-9.7488683792e-13,0.0000e+00,0.9687
3808.82,-1.32693856e-12,1.192908e-12,9.394743e-18,-9.7510888253e-13,0.0000e+00,0.9687
3809.40,-1.32693856e-12,1.192969e-12,9.204120e-18,-9.7510888253e-13,0.0000e+00,0.9687
3809.97,-1.32693856e-12,1.193112e-12,9.023589e-18,-9.7533092713e-13,0.0000e+00,0.9687
3810.54,-1.32693856e-12,1.193206e-12,8.716801e-18,-9.7533092713e-13,0.0000e+00,0.9687
3811.11,-1.32682754e-12,1.193275e-12,8.731407e-18,-9.7566399404e-13,0.0000e+00,0.9687
3811.68,-1.32582834e-12,1.193400e-12,8.981875e-18,-9.7566399404e-13,0.0000e+00,0.9687
3812.26,-1.32582834e-12,1.193584e-12,9.113218e-18,-9.7566399404e-13,0.0000e+00,0.9687
3812.83,-1.32593936e-12,1.193840e-12,9.162103e-18,-9.7588603865e-13,0.0000e+00,0.9687
3813.40,-1.32649447e-12,1.194091e-12,9.309188e-18,-9.7588603865e-13,0.0000e+00,0.9687
3813.97,-1.32782674e-12,1.194382e-12,9.593092e-18,-9.7588603865e-13,0.0000e+00,0.9687
3814.54,-1.32815980e-12,1.194579e-12,9.621300e-18,-9.7621910555e-13,0.0000e+00,0.9687
3815.12,-1.32815980e-12,1.194710e-12,9.526595e-18,-9.7621910555e-13,0.0000e+00,0.9687
3815.69,-1.32815980e-12,1.194768e-12,9.378372e-18,-9.7621910555e-13,0.0000e+00,0.9687
3816.26,-1.32815980e-12,1.194733e-12,9.056748e-18,-9.7621910555e-13,0.0000e+00,0.9687
3816.83,-1.32815980e-12,1.194701e-12,8.676627e-18,-9.7621910555e-13,0.0000e+00,0.9687
3817.40,-1.32815980e-12,1.194627e-12,8.428427e-18,-9.7621910555e-13,0.0000e+00,0.9687
3817.98,-1.32815980e-12,1.194649e-12,8.492273e-18,-9.7621910555e-13,0.0000e+00,0.9687
3818.55,-1.32904798e-12,1.194712e-12,8.559478e-18,-9.7633012786e-13,0.0000e+00,0.9687
3819.12,-1.33226763e-12,1.194750e-12,8.529343e-18,-9.7633012786e-13,0.0000e+00,0.9687
3819.69,-1.33659750e-12,1.194790e-12,8.845094e-18,-9.7633012786e-13,0.0000e+00,0.9687
3820.26,-1.33859590e-12,1.194899e-12,9.196657e-18,-9.7655217246e-13,0.0000e+00,0.9687
3820.84,-1.33848488e-12,1.195007e-12,9.146465e-18,-9.7655217246e-13,0.0000e+00,0.9687
3821.41,-1.33815181e-12,1.195194e-12,9.080407e-18,-9.7666319476e-13,0.0000e+00,0.9687
3821.98,-1.33815181e-12,1.195368e-12,9.154947e-18,-9.7710728397e-13,0.0000e+00,0.9687
3822.55,-1.33693057e-12,1.195545e-12,9.333265e-18,-9.7721830628e-13,0.0000e+00,0.9687
3823.12,-1.33459910e-12,1.195695e-12,9.152377e-18,-9.7721830628e-13,0.0000e+00,0.9687
3823.70,-1.33237865e-12,1.195777e-12,9.026204e-18,-9.7721830628e-13,0.0000e+00,0.9687
3824.27,-1.33304479e-12,1.195808e-12,8.876483e-18,-9.7721830628e-13,0.0000e+00,0.9687
3824.84,-1.33559830e-12,1.195809e-12,8.837509e-18,-9.7721830628e-13,0.0000e+00,0.9687
3825.41,-1.33715261e-12,1.195840e-12,8.781782e-18,-9.7721830628e-13,0.0000e+00,0.9687
3825.98,-1.33693057e-12,1.195864e-12,9.402646e-18,-9.7744035088e-13,0.0000e+00,0.9687
3826.56,-1.33393296e-12,1.195921e-12,1.019922e-17,-9.7744035088e-13,0.0000e+00,0.9687
3827.13,-1.33293376e-12,1.196012e-12,1.089693e-17,-9.7744035088e-13,0.0000e+00,0.9687
3827.70,-1.33337785e-12,1.196150e-12,1.098437e-17,-9.7766239548e-13,0.0000e+00,0.9687
3828.27,-1.33681954e-12,1.196324e-12,1.023143e-17,-9.7799546239e-13,0.0000e+00,0.9687
3828.84,-1.33937306e-12,1.196485e-12,9.218401e-18,-9.7810648469e-13,0.0000e+00,0.9687
3829.42,-1.33881795e-12,1.196683e-12,8.678949e-18,-9.7832852930e-13,0.0000e+00,0.9687
3829.99,-1.33548728e-12,1.196950e-12,8.697340e-18,-9.7843955160e-13,0.0000e+00,0.9687
3830.56,-1.33204558e-12,1.197233e-12,8.865775e-18,-9.7888364081e-13,0.0000e+00,0.9687
3831.13,-1.33237865e-12,1.197483e-12,8.525713e-18,-9.7899466311e-13,0.0000e+00,0.9687
3831.70,-1.33471012e-12,1.197655e-12,8.375362e-18,-9.7921670772e-13,0.0000e+00,0.9687
3832.28,-1.33648648e-12,1.197807e-12,8.709044e-18,-9.7977181923e-13,0.0000e+00,0.9687
3832.85,-1.33681954e-12,1.197977e-12,8.883514e-18,-9.7977181923e-13,0.0000e+00,0.9687
3833.42,-1.33559830e-12,1.198115e-12,9.163956e-18,-9.7988284153e-13,0.0000e+00,0.9687
3833.99,-1.33304479e-12,1.198274e-12,9.081269e-18,-9.8010488614e-13,0.0000e+00,0.9687
3834.56,-1.33204558e-12,1.198404e-12,9.142015e-18,-9.8010488614e-13,0.0000e+00,0.9687
3835.14,-1.33204558e-12,1.198522e-12,9.656229e-18,-9.8010488614e-13,0.0000e+00,0.9687
3835.71,-1.33204558e-12,1.198664e-12,1.038393e-17,-9.8054897535e-13,0.0000e+00,0.9687
3836.28,-1.33171252e-12,1.198781e-12,1.127453e-17,-9.8054897535e-13,0.0000e+00,0.9687
3836.85,-1.33137945e-12,1.198920e-12,1.253053e-17,-9.8054897535e-13,0.0000e+00,0.9687
3837.42,-1.33137945e-12,1.199159e-12,1.303471e-17,-9.8077101995e-13,0.0000e+00,0.9687
3838.00,-1.33371092e-12,1.199423e-12,1.232593e-17,-9.8099306456e-13,0.0000e+00,0.9687
3838.57,-1.33915101e-12,1.199768e-12,1.108769e-17,-9.8110408686e-13,0.0000e+00,0.9687
3839.14,-1.34137146e-12,1.200172e-12,1.055334e-17,-9.8154817607e-13,0.0000e+00,0.9687
3839.71,-1.34015021e-12,1.200577e-12,1.084417e-17,-9.8188124298e-13,0.0000e+00,0.9687
3840.28,-1.33648648e-12,1.200928e-12,1.058733e-17,-9.8210328758e-13,0.0000e+00,0.9687
3840.86,-1.33526523e-12,1.201288e-12,9.915895e-18,-9.8210328758e-13,0.0000e+00,0.9687
3841.43,-1.33648648e-12,1.201560e-12,9.032331e-18,-9.8254737679e-13,0.0000e+00,0.9687
3842.00,-1.33848488e-12,1.201792e-12,8.379918e-18,-9.8276942140e-13,0.0000e+00,0.9687
3842.57,-1.33903999e-12,1.201866e-12,7.504120e-18,-9.8288044370e-13,0.0000e+00,0.9687
3843.14,-1.33759670e-12,1.201918e-12,7.149494e-18,-9.8321351061e-13,0.0000e+00,0.9687
3843.72,-1.33471012e-12,1.201922e-12,7.992423e-18,-9.8321351061e-13,0.0000e+00,0.9687
3844.29,-1.33393296e-12,1.201941e-12,8.858313e-18,-9.8376862212e-13,0.0000e+00,0.9687
3844.86,-1.33681954e-12,1.202098e-12,8.984197e-18,-9.8421271133e-13,0.0000e+00,0.9687
3845.43,-1.34203759e-12,1.202394e-12,9.069544e-18,-9.8421271133e-13,0.0000e+00,0.9687
3846.00,-1.34425804e-12,1.202716e-12,8.619635e-18,-9.8465680054e-13,0.0000e+00,0.9687
3846.58,-1.34325884e-12,1.202998e-12,8.442904e-18,-9.8465680054e-13,0.0000e+00,0.9687
3847.15,-1.34103839e-12,1.203185e-12,8.263028e-18,-9.8487884514e-13,0.0000e+00,0.9687
3847.72,-1.33848488e-12,1.203259e-12,7.835938e-18,-9.8510088975e-13,0.0000e+00,0.9687
3848.29,-1.33748568e-12,1.203280e-12,7.929868e-18,-9.8521191205e-13,0.0000e+00,0.9687
3848.86,-1.33748568e-12,1.203262e-12,8.674582e-18,-9.8532293435e-13,0.0000e+00,0.9687
3849.44,-1.33748568e-12,1.203210e-12,9.269008e-18,-9.8532293435e-13,0.0000e+00,0.9687
3850.01,-1.33748568e-12,1.203184e-12,9.187891e-18,-9.8565600126e-13,0.0000e+00,0.9687
3850.58,-1.33748568e-12,1.203321e-12,8.624281e-18,-9.8576702356e-13,0.0000e+00,0.9687
3851.15,-1.33759670e-12,1.203514e-12,7.816964e-18,-9.8598906817e-13,0.0000e+00,0.9687
3851.72,-1.33759670e-12,1.203801e-12,7.306506e-18,-9.8598906817e-13,0.0000e+00,0.9687
3852.30,-1.34003919e-12,1.204137e-12,7.150421e-18,-9.8643315738e-13,0.0000e+00,0.9687
3852.87,-1.34225964e-12,1.204466e-12,6.680748e-18,-9.8643315738e-13,0.0000e+00,0.9687
3853.44,-1.34303679e-12,1.204775e-12,6.585682e-18,-9.8643315738e-13,0.0000e+00,0.9687
3854.01,-1.34225964e-12,1.205010e-12,6.650864e-18,-9.8643315738e-13,0.0000e+00,0.9687
3854.58,-1.33948408e-12,1.205217e-12,6.481197e-18,-9.8654417968e-13,0.0000e+00,0.9687
3855.16,-1.33859590e-12,1.205327e-12,6.153929e-18,-9.8687724659e-13,0.0000e+00,0.9687
3855.73,-1.34436906e-12,1.205439e-12,5.899296e-18,-9.8698826889e-13,0.0000e+00,0.9687
3856.30,-1.35624845e-12,1.205497e-12,5.661085e-18,-9.8698826889e-13,0.0000e+00,0.9687
3856.87,-1.36690659e-12,1.205578e-12,5.627723e-18,-9.8698826889e-13,0.0000e+00,0.9687
3857.44,-1.37045930e-12,1.205842e-12,6.087412e-18,-9.8732133580e-13,0.0000e+00,0.9687
3858.02,-1.36579636e-12,1.206068e-12,6.287330e-18,-9.8709929119e-13,0.0000e+00,0.9687
3858.59,-1.35613742e-12,1.206333e-12,6.415724e-18,-9.8743235810e-13,0.0000e+00,0.9687
3859.16,-1.34758871e-12,1.206514e-12,6.159246e-18,-9.8743235810e-13,0.0000e+00,0.9687
3859.73,-1.34359190e-12,1.206638e-12,5.891427e-18,-9.8743235810e-13,0.0000e+00,0.9687
3860.30,-1.34336986e-12,1.206745e-12,6.043952e-18,-9.8776542501e-13,0.0000e+00,0.9687
3860.88,-1.34370293e-12,1.206765e-12,6.233801e-18,-9.8776542501e-13,0.0000e+00,0.9687
3861.45,-1.34336986e-12,1.206859e-12,6.679852e-18,-9.8798746961e-13,0.0000e+00,0.9687
3862.02,-1.34359190e-12,1.206939e-12,7.260798e-18,-9.8798746961e-13,0.0000e+00,0.9687
3862.59,-1.34325884e-12,1.207100e-12,7.629094e-18,-9.8832053652e-13,0.0000e+00,0.9687
3863.16,-1.34403599e-12,1.207292e-12,7.636769e-18,-9.8832053652e-13,0.0000e+00,0.9687
3863.73,-1.34581235e-12,1.207533e-12,7.819847e-18,-9.8865360343e-13,0.0000e+00,0.9687
3864.31,-1.34681155e-12,1.207787e-12,8.242701e-18,-9.8887564803e-13,0.0000e+00,0.9687
3864.88,-1.34681155e-12,1.208070e-12,8.587129e-18,-9.8887564803e-13,0.0000e+00,0.9687
3865.45,-1.34470213e-12,1.208336e-12,8.797872e-18,-9.8909769264e-13,0.0000e+00,0.9687
3866.02,-1.34370293e-12,1.208567e-12,8.739775e-18,-9.8920871494e-13,0.0000e+00,0.9687
3866.59,-1.34403599e-12,1.208781e-12,8.695387e-18,-9.8965280415e-13,0.0000e+00,0.9687
3867.17,-1.34559031e-12,1.209007e-12,8.770402e-18,-9.8976382645e-13,0.0000e+00,0.9687
3867.74,-1.34692257e-12,1.209220e-12,8.944210e-18,-9.9009689336e-13,0.0000e+00,0.9687
3868.31,-1.34747768e-12,1.209465e-12,8.993607e-18,-9.9020791566e-13,0.0000e+00,0.9687
3868.88,-1.34747768e-12,1.209630e-12,8.719777e-18,-9.9065200487e-13,0.0000e+00,0.9687
3869.45,-1.34625644e-12,1.209775e-12,8.495192e-18,-9.9065200487e-13,0.0000e+00,0.9687
3870.03,-1.34625644e-12,1.209933e-12,8.527315e-18,-9.9065200487e-13,0.0000e+00,0.9687
3870.60,-1.34725564e-12,1.210140e-12,8.464174e-18,-9.9109609408e-13,0.0000e+00,0.9687
3871.17,-1.34880995e-12,1.210289e-12,8.469156e-18,-9.9131813869e-13,0.0000e+00,0.9687
3871.74,-1.35003120e-12,1.210417e-12,8.624084e-18,-9.9131813869e-13,0.0000e+00,0.9687
3872.31,-1.34969813e-12,1.210582e-12,8.736155e-18,-9.9176222790e-13,0.0000e+00,0.9687
3872.89,-1.34625644e-12,1.210705e-12,9.065816e-18,-9.9187325020e-13,0.0000e+00,0.9687
3873.46,-1.34336986e-12,1.210847e-12,9.162455e-18,-9.9187325020e-13,0.0000e+00,0.9687
3874.03,-1.34336986e-12,1.211058e-12,9.332495e-18,-9.9187325020e-13,0.0000e+00,0.9687
3874.60,-1.34614542e-12,1.211310e-12,9.746722e-18,-9.9220631711e-13,0.0000e+00,0.9687
3875.17,-1.35336187e-12,1.211624e-12,1.037715e-17,-9.9231733941e-13,0.0000e+00,0.9687
3875.75,-1.36068934e-12,1.211985e-12,1.039330e-17,-9.9231733941e-13,0.0000e+00,0.9687
3876.32,-1.36202161e-12,1.212364e-12,1.035178e-17,-9.9276142862e-13,0.0000e+00,0.9687
3876.89,-1.35791378e-12,1.212648e-12,1.073550e-17,-9.9287245092e-13,0.0000e+00,0.9687
3877.46,-1.35269573e-12,1.212853e-12,1.106055e-17,-9.9287245092e-13,0.0000e+00,0.9687
3878.03,-1.34847689e-12,1.212974e-12,1.129196e-17,-9.9309449553e-13,0.0000e+00,0.9687
3878.61,-1.34559031e-12,1.213034e-12,1.177632e-17,-9.9309449553e-13,0.0000e+00,0.9687
3879.18,-1.34614542e-12,1.213173e-12,1.259063e-17,-9.9320551783e-13,0.0000e+00,0.9687
3879.75,-1.34825484e-12,1.213313e-12,1.337868e-17,-9.9342756243e-13,0.0000e+00,0.9687
3880.32,-1.35069733e-12,1.213502e-12,1.370133e-17,-9.9364960704e-13,0.0000e+00,0.9687
3880.89,-1.35069733e-12,1.213662e-12,1.377528e-17,-9.9364960704e-13,0.0000e+00,0.9687
3881.47,-1.35069733e-12,1.213900e-12,1.366775e-17,-9.9364960704e-13,0.0000e+00,0.9687
3882.04,-1.35069733e-12,1.214133e-12,1.378975e-17,-9.9387165164e-13,0.0000e+00,0.9687
3882.61,-1.35080835e-12,1.214318e-12,1.387909e-17,-9.9453778546e-13,0.0000e+00,0.9687
3883.18,-1.35080835e-12,1.214511e-12,1.419472e-17,-9.9431574085e-13,0.0000e+00,0.9687
3883.75,-1.35103040e-12,1.214705e-12,1.431726e-17,-9.9431574085e-13,0.0000e+00,0.9687
3884.33,-1.35069733e-12,1.214992e-12,1.451644e-17,-9.9464880776e-13,0.0000e+00,0.9687
3884.90,-1.35136347e-12,1.215371e-12,1.431974e-17,-9.9464880776e-13,0.0000e+00,0.9687
3885.47,-1.35624845e-12,1.215766e-12,1.436963e-17,-9.9498187467e-13,0.0000e+00,0.9687
3886.04,-1.35969014e-12,1.216145e-12,1.476543e-17,-9.9498187467e-13,0.0000e+00,0.9687
3886.61,-1.35969014e-12,1.216529e-12,1.494930e-17,-9.9520391927e-13,0.0000e+00,0.9687
3887.19,-1.35935707e-12,1.216840e-12,1.483067e-17,-9.9542596388e-13,0.0000e+00,0.9687
3887.76,-1.35935707e-12,1.217087e-12,1.452111e-17,-9.9553698618e-13,0.0000e+00,0.9687
3888.33,-1.36168854e-12,1.217294e-12,1.433565e-17,-9.9564800848e-13,0.0000e+00,0.9687
3888.90,-1.36390899e-12,1.217440e-12,1.459219e-17,-9.9564800848e-13,0.0000e+00,0.9687
3889.47,-1.36357592e-12,1.217587e-12,1.495142e-17,-9.9609209769e-13,0.0000e+00,0.9687
3890.05,-1.35969014e-12,1.217720e-12,1.539650e-17,-9.9609209769e-13,0.0000e+00,0.9687
3890.62,-1.35591538e-12,1.217930e-12,1.616884e-17,-9.9642516460e-13,0.0000e+00,0.9687
3891.19,-1.35524925e-12,1.218056e-12,1.656332e-17,-9.9653618690e-13,0.0000e+00,0.9687
3891.76,-1.35624845e-12,1.218245e-12,1.624690e-17,-9.9675823151e-13,0.0000e+00,0.9687
3892.33,-1.35724765e-12,1.218434e-12,1.539618e-17,-9.9686925381e-13,0.0000e+00,0.9687
3892.91,-1.35724765e-12,1.218666e-12,1.470740e-17,-9.9698027611e-13,0.0000e+00,0.9687
3893.48,-1.35624845e-12,1.218896e-12,1.401742e-17,-9.9731334302e-13,0.0000e+00,0.9687
3894.05,-1.35624845e-12,1.219130e-12,1.370977e-17,-9.9764640993e-13,0.0000e+00,0.9687
3894.62,-1.36068934e-12,1.219458e-12,1.394913e-17,-9.9786845453e-13,0.0000e+00,0.9687
3895.19,-1.36579636e-12,1.219800e-12,1.432374e-17,-9.9786845453e-13,0.0000e+00,0.9687
3895.77,-1.36679557e-12,1.220125e-12,1.498400e-17,-9.9786845453e-13,0.0000e+00,0.9687
3896.34,-1.36324285e-12,1.220402e-12,1.535336e-17,-9.9820152144e-13,0.0000e+00,0.9687
3896.91,-1.35791378e-12,1.220632e-12,1.501167e-17,-9.9831254374e-13,0.0000e+00,0.9687
3897.48,-1.35425005e-12,1.220756e-12,1.441180e-17,-9.9831254374e-13,0.0000e+00,0.9687
3898.05,-1.35613742e-12,1.220898e-12,1.379902e-17,-9.9831254374e-13,0.0000e+00,0.9687
3898.63,-1.35935707e-12,1.220976e-12,1.350754e-17,-9.9875663295e-13,0.0000e+00,0.9687
3899.20,-1.36035627e-12,1.221048e-12,1.321580e-17,-9.9875663295e-13,0.0000e+00,0.9687
3899.77,-1.35846889e-12,1.221156e-12,1.278502e-17,-9.9875663295e-13,0.0000e+00,0.9687
3900.34,-1.35558231e-12,1.221281e-12,1.244982e-17,-9.9920072216e-13,0.0000e+00,0.9687
3900.91,-1.35591538e-12,1.221413e-12,1.225584e-17,-9.9953378907e-13,0.0000e+00,0.9687
3901.49,-1.35824685e-12,1.221552e-12,1.213351e-17,-9.9964481137e-13,0.0000e+00,0.9687
3902.06,-1.36046729e-12,1.221728e-12,1.221217e-17,-9.9986685598e-13,0.0000e+00,0.9687
3902.63,-1.35946809e-12,1.221887e-12,1.216319e-17,-9.9986685598e-13,0.0000e+00,0.9687
3903.20,-1.35491618e-12,1.221960e-12,1.187869e-17,-9.9986685598e-13,0.0000e+00,0.9687
3903.77,-1.35358391e-12,1.222023e-12,1.162813e-17,-9.9964481137e-13,0.0000e+00,0.9687
3904.35,-1.35524925e-12,1.222171e-12,1.154008e-17,-9.9997787828e-13,0.0000e+00,0.9687
3904.92,-1.35813583e-12,1.222345e-12,1.133254e-17,-1.0003109452e-12,0.0000e+00,0.9687
3905.49,-1.35946809e-12,1.222470e-12,1.110086e-17,-1.0003109452e-12,0.0000e+00,0.9687
3906.06,-1.35902400e-12,1.222707e-12,1.135852e-17,-1.0003109452e-12,0.0000e+00,0.9687
3906.63,-1.35813583e-12,1.222991e-12,1.176379e-17,-1.0007550344e-12,0.0000e+00,0.9687
3907.21,-1.35869094e-12,1.223188e-12,1.207143e-17,-1.0005329898e-12,0.0000e+00,0.9687
3907.78,-1.36113343e-12,1.223374e-12,1.131280e-17,-1.0008660567e-12,0.0000e+00,0.9687
3908.35,-1.36224365e-12,1.223453e-12,1.025275e-17,-1.0009770790e-12,0.0000e+00,0.9687
3908.92,-1.36224365e-12,1.223580e-12,9.444190e-18,-1.0009770790e-12,0.0000e+00,0.9687
3909.49,-1.35913503e-12,1.223772e-12,9.160805e-18,-1.0014211682e-12,0.0000e+00,0.9687
3910.07,-1.35813583e-12,1.223975e-12,8.794488e-18,-1.0014211682e-12,0.0000e+00,0.9687
3910.64,-1.35913503e-12,1.224208e-12,8.390423e-18,-1.0016432128e-12,0.0000e+00,0.9687
3911.21,-1.36191058e-12,1.224436e-12,8.579916e-18,-1.0017542351e-12,0.0000e+00,0.9687
3911.78,-1.36390899e-12,1.224618e-12,8.427319e-18,-1.0020873020e-12,0.0000e+00,0.9687
3912.35,-1.36424205e-12,1.224787e-12,8.090572e-18,-1.0020873020e-12,0.0000e+00,0.9687
3912.93,-1.36357592e-12,1.224848e-12,7.712841e-18,-1.0020873020e-12,0.0000e+00,0.9687
3913.50,-1.36357592e-12,1.224906e-12,7.159530e-18,-1.0021983243e-12,0.0000e+00,0.9687
3914.07,-1.36357592e-12,1.225054e-12,6.470170e-18,-1.0023093466e-12,0.0000e+00,0.9687
3914.64,-1.36335387e-12,1.225194e-12,5.871381e-18,-1.0026424135e-12,0.0000e+00,0.9687
3915.21,-1.36335387e-12,1.225375e-12,5.846552e-18,-1.0026424135e-12,0.0000e+00,0.9687
3915.79,-1.36390899e-12,1.225559e-12,5.881132e-18,-1.0030865027e-12,0.0000e+00,0.9687
3916.36,-1.36302081e-12,1.225783e-12,5.779942e-18,-1.0031975251e-12,0.0000e+00,0.9687
3916.93,-1.35902400e-12,1.226094e-12,5.487230e-18,-1.0033085474e-12,0.0000e+00,0.9687
3917.50,-1.35358391e-12,1.226388e-12,4.965559e-18,-1.0033085474e-12,0.0000e+00,0.9687
3918.07,-1.35047529e-12,1.226663e-12,4.778667e-18,-1.0035305920e-12,0.0000e+00,0.9687
3918.65,-1.35080835e-12,1.226907e-12,4.929260e-18,-1.0036416143e-12,0.0000e+00,0.9687
3919.22,-1.35325084e-12,1.227109e-12,5.023183e-18,-1.0036416143e-12,0.0000e+00,0.9687
3919.79,-1.35813583e-12,1.227279e-12,4.845395e-18,-1.0040857035e-12,0.0000e+00,0.9687
3920.36,-1.36146650e-12,1.227330e-12,4.767434e-18,-1.0041967258e-12,0.0000e+00,0.9687
3920.93,-1.36257672e-12,1.227351e-12,5.083318e-18,-1.0044187704e-12,0.0000e+00,0.9687
3921.51,-1.36290979e-12,1.227432e-12,5.559697e-18,-1.0045297927e-12,0.0000e+00,0.9687
3922.08,-1.36468614e-12,1.227487e-12,5.385712e-18,-1.0044187704e-12,0.0000e+00,0.9687
3922.65,-1.36723965e-12,1.227570e-12,5.288159e-18,-1.0044187704e-12,0.0000e+00,0.9687
3923.22,-1.36757272e-12,1.227721e-12,5.332692e-18,-1.0046408150e-12,0.0000e+00,0.9687
3923.79,-1.36546330e-12,1.227862e-12,5.031846e-18,-1.0046408150e-12,0.0000e+00,0.9687
3924.36,-1.36424205e-12,1.228008e-12,4.558856e-18,-1.0048628596e-12,0.0000e+00,0.9687
3924.94,-1.36424205e-12,1.228121e-12,4.679616e-18,-1.0046408150e-12,0.0000e+00,0.9687
3925.51,-1.36546330e-12,1.228215e-12,5.193692e-18,-1.0046408150e-12,0.0000e+00,0.9687
3926.08,-1.36790579e-12,1.228340e-12,5.710977e-18,-1.0049738819e-12,0.0000e+00,0.9687
3926.65,-1.36912703e-12,1.228430e-12,5.920926e-18,-1.0049738819e-12,0.0000e+00,0.9687
3927.22,-1.36912703e-12,1.228486e-12,6.179438e-18,-1.0053069488e-12,0.0000e+00,0.9687
3927.80,-1.36590739e-12,1.228536e-12,6.731613e-18,-1.0054179711e-12,0.0000e+00,0.9687
3928.37,-1.36146650e-12,1.228593e-12,6.708596e-18,-1.0054179711e-12,0.0000e+00,0.9687
3928.94,-1.35980116e-12,1.228651e-12,6.124585e-18,-1.0057510380e-12,0.0000e+00,0.9687
3929.51,-1.36068934e-12,1.228750e-12,5.431999e-18,-1.0054179711e-12,0.0000e+00,0.9687
3930.08,-1.36068934e-12,1.228816e-12,5.267567e-18,-1.0057510380e-12,0.0000e+00,0.9687
3930.66,-1.36046729e-12,1.228891e-12,5.120202e-18,-1.0057510380e-12,0.0000e+00,0.9687
3931.23,-1.35980116e-12,1.229019e-12,4.972258e-18,-1.0057510380e-12,0.0000e+00,0.9687
3931.80,-1.36080036e-12,1.229145e-12,4.924510e-18,-1.0059730826e-12,0.0000e+00,0.9687
3932.37,-1.36579636e-12,1.229280e-12,4.964707e-18,-1.0061951272e-12,0.0000e+00,0.9687
3932.94,-1.37012623e-12,1.229452e-12,5.005448e-18,-1.0063061495e-12,0.0000e+00,0.9687
3933.52,-1.37068135e-12,1.229569e-12,4.821953e-18,-1.0064171718e-12,0.0000e+00,0.9687
3934.09,-1.36912703e-12,1.229674e-12,4.904156e-18,-1.0064171718e-12,0.0000e+00,0.9687
3934.66,-1.37034828e-12,1.229799e-12,5.070405e-18,-1.0064171718e-12,0.0000e+00,0.9687
3935.23,-1.37512224e-12,1.229867e-12,5.497083e-18,-1.0063061495e-12,0.0000e+00,0.9687
3935.80,-1.38034029e-12,1.229913e-12,6.004709e-18,-1.0063061495e-12,0.0000e+00,0.9687
3936.38,-1.38200562e-12,1.229946e-12,6.515163e-18,-1.0066392164e-12,0.0000e+00,0.9687
3936.95,-1.37945211e-12,1.229997e-12,6.853536e-18,-1.0068612610e-12,0.0000e+00,0.9687
3937.52,-1.37545531e-12,1.230066e-12,7.176099e-18,-1.0067502387e-12,0.0000e+00,0.9687
3938.09,-1.37301281e-12,1.230113e-12,7.497560e-18,-1.0067502387e-12,0.0000e+00,0.9687
3938.66,-1.37367895e-12,1.230156e-12,7.603415e-18,-1.0068612610e-12,0.0000e+00,0.9687
3939.24,-1.37456713e-12,1.230178e-12,8.205985e-18,-1.0068612610e-12,0.0000e+00,0.9687
3939.81,-1.37323486e-12,1.230212e-12,8.993397e-18,-1.0068612610e-12,0.0000e+00,0.9687
3940.38,-1.36968215e-12,1.230283e-12,9.862554e-18,-1.0068612610e-12,0.0000e+00,0.9687
3940.95,-1.36723965e-12,1.230373e-12,1.069048e-17,-1.0071943279e-12,0.0000e+00,0.9687
3941.52,-1.36723965e-12,1.230468e-12,1.194883e-17,-1.0071943279e-12,0.0000e+00,0.9687
3942.10,-1.36757272e-12,1.230555e-12,1.258416e-17,-1.0073053502e-12,0.0000e+00,0.9687
3942.67,-1.36757272e-12,1.230689e-12,1.197445e-17,-1.0075273948e-12,0.0000e+00,0.9687
3943.24,-1.36624045e-12,1.230826e-12,1.137419e-17,-1.0075273948e-12,0.0000e+00,0.9687
3943.81,-1.36357592e-12,1.230998e-12,1.110244e-17,-1.0076384171e-12,0.0000e+00,0.9687
3944.38,-1.36257672e-12,1.231132e-12,1.090515e-17,-1.0077494395e-12,0.0000e+00,0.9687
3944.96,-1.36402001e-12,1.231322e-12,1.135927e-17,-1.0077494395e-12,0.0000e+00,0.9687
3945.53,-1.36846090e-12,1.231484e-12,1.174970e-17,-1.0079714841e-12,0.0000e+00,0.9687
3946.10,-1.37079237e-12,1.231557e-12,1.174891e-17,-1.0080825064e-12,0.0000e+00,0.9687
3946.67,-1.37079237e-12,1.231664e-12,1.172689e-17,-1.0080825064e-12,0.0000e+00,0.9687
3947.24,-1.36746170e-12,1.231804e-12,1.182006e-17,-1.0084155733e-12,0.0000e+00,0.9687
3947.82,-1.36202161e-12,1.231881e-12,1.130220e-17,-1.0084155733e-12,0.0000e+00,0.9687
3948.39,-1.35791378e-12,1.231975e-12,1.051601e-17,-1.0086376179e-12,0.0000e+00,0.9687
3948.96,-1.35846889e-12,1.232091e-12,9.926134e-18,-1.0089706848e-12,0.0000e+00,0.9687
3949.53,-1.36080036e-12,1.232222e-12,9.498642e-18,-1.0090817071e-12,0.0000e+00,0.9687
3950.10,-1.36290979e-12,1.232375e-12,9.537292e-18,-1.0093037517e-12,0.0000e+00,0.9687
3950.68,-1.36357592e-12,1.232547e-12,9.540839e-18,-1.0097478409e-12,0.0000e+00,0.9687
3951.25,-1.36590739e-12,1.232681e-12,9.924805e-18,-1.0098588632e-12,0.0000e+00,0.9687
3951.82,-1.37068135e-12,1.232732e-12,1.038383e-17,-1.0099698855e-12,0.0000e+00,0.9687
3952.39,-1.37456713e-12,1.232822e-12,1.042968e-17,-1.0098588632e-12,0.0000e+00,0.9687
3952.96,-1.37612144e-12,1.232954e-12,1.047618e-17,-1.0101919301e-12,0.0000e+00,0.9687
3953.54,-1.37723166e-12,1.233186e-12,1.027402e-17,-1.0101919301e-12,0.0000e+00,0.9687
3954.11,-1.37845291e-12,1.233542e-12,1.023805e-17,-1.0103029524e-12,0.0000e+00,0.9687
3954.68,-1.37878597e-12,1.233818e-12,9.994459e-18,-1.0106360193e-12,0.0000e+00,0.9687
3955.25,-1.37545531e-12,1.234008e-12,9.933856e-18,-1.0107470416e-12,0.0000e+00,0.9687
3955.82,-1.36901601e-12,1.234165e-12,1.019519e-17,-1.0111911308e-12,0.0000e+00,0.9687
3956.40,-1.36402001e-12,1.234371e-12,1.114727e-17,-1.0111911308e-12,0.0000e+00,0.9687
3956.97,-1.36146650e-12,1.234616e-12,1.151968e-17,-1.0113021531e-12,0.0000e+00,0.9687
3957.54,-1.36268774e-12,1.234948e-12,1.134211e-17,-1.0114131754e-12,0.0000e+00,0.9687
3958.11,-1.36690659e-12,1.235292e-12,1.144087e-17,-1.0117462423e-12,0.0000e+00,0.9687
3958.68,-1.37001521e-12,1.235611e-12,1.172940e-17,-1.0123013539e-12,0.0000e+00,0.9687
3959.26,-1.36968215e-12,1.235843e-12,1.186926e-17,-1.0123013539e-12,0.0000e+00,0.9687
3959.83,-1.36901601e-12,1.236092e-12,1.188475e-17,-1.0126344208e-12,0.0000e+00,0.9687
3960.40,-1.36979317e-12,1.236227e-12,1.179196e-17,-1.0126344208e-12,0.0000e+00,0.9687
3960.97,-1.37556633e-12,1.236398e-12,1.200413e-17,-1.0129674877e-12,0.0000e+00,0.9687
3961.54,-1.38189460e-12,1.236610e-12,1.259615e-17,-1.0134115769e-12,0.0000e+00,0.9687
3962.12,-1.38655754e-12,1.236871e-12,1.285180e-17,-1.0135225992e-12,0.0000e+00,0.9687
3962.69,-1.38755674e-12,1.237181e-12,1.288895e-17,-1.0138556661e-12,0.0000e+00,0.9687
3963.26,-1.38689060e-12,1.237514e-12,1.277856e-17,-1.0142997553e-12,0.0000e+00,0.9687
3963.83,-1.38689060e-12,1.237890e-12,1.265388e-17,-1.0142997553e-12,0.0000e+00,0.9687
3964.40,-1.38755674e-12,1.238252e-12,1.266137e-17,-1.0144107776e-12,0.0000e+00,0.9687
3964.98,-1.38677958e-12,1.238516e-12,1.304413e-17,-1.0145217999e-12,0.0000e+00,0.9687
3965.55,-1.38233869e-12,1.238701e-12,1.332149e-17,-1.0145217999e-12,0.0000e+00,0.9687
3966.12,-1.37645451e-12,1.238901e-12,1.338783e-17,-1.0149658891e-12,0.0000e+00,0.9687
3966.69,-1.37401202e-12,1.239024e-12,1.369362e-17,-1.0151879337e-12,0.0000e+00,0.9687
3967.26,-1.37556633e-12,1.239110e-12,1.424141e-17,-1.0152989560e-12,0.0000e+00,0.9687
3967.84,-1.37723166e-12,1.239238e-12,1.452073e-17,-1.0154099783e-12,0.0000e+00,0.9687
3968.41,-1.37811984e-12,1.239387e-12,1.487265e-17,-1.0156320229e-12,0.0000e+00,0.9687
3968.98,-1.37745371e-12,1.239564e-12,1.440904e-17,-1.0160761121e-12,0.0000e+00,0.9687
3969.55,-1.37745371e-12,1.239827e-12,1.310506e-17,-1.0160761121e-12,0.0000e+00,0.9687
3970.12,-1.37756473e-12,1.240178e-12,1.213642e-17,-1.0161871344e-12,0.0000e+00,0.9687
3970.70,-1.37934109e-12,1.240682e-12,1.164316e-17,-1.0165202013e-12,0.0000e+00,0.9687
3971.27,-1.38078438e-12,1.241193e-12,1.148394e-17,-1.0166312236e-12,0.0000e+00,0.9687
3971.84,-1.38189460e-12,1.241597e-12,1.182877e-17,-1.0167422460e-12,0.0000e+00,0.9687
3972.41,-1.38167255e-12,1.241907e-12,1.222733e-17,-1.0167422460e-12,0.0000e+00,0.9687
3972.98,-1.38167255e-12,1.242168e-12,1.234449e-17,-1.0170753129e-12,0.0000e+00,0.9687
3973.56,-1.38078438e-12,1.242351e-12,1.247120e-17,-1.0171863352e-12,0.0000e+00,0.9687
3974.13,-1.37867495e-12,1.242533e-12,1.261819e-17,-1.0171863352e-12,0.0000e+00,0.9687
3974.70,-1.37490019e-12,1.242653e-12,1.259638e-17,-1.0176304244e-12,0.0000e+00,0.9687
3975.27,-1.37334588e-12,1.242682e-12,1.244152e-17,-1.0178524690e-12,0.0000e+00,0.9687
3975.84,-1.37434508e-12,1.242704e-12,1.264680e-17,-1.0178524690e-12,0.0000e+00,0.9687
3976.42,-1.37723166e-12,1.242745e-12,1.274673e-17,-1.0182965582e-12,0.0000e+00,0.9687
3976.99,-1.38200562e-12,1.242939e-12,1.271527e-17,-1.0184075805e-12,0.0000e+00,0.9687
3977.56,-1.38322687e-12,1.243196e-12,1.319818e-17,-1.0185186028e-12,0.0000e+00,0.9687
3978.13,-1.38189460e-12,1.243520e-12,1.348534e-17,-1.0188516697e-12,0.0000e+00,0.9687
3978.70,-1.37978518e-12,1.243863e-12,1.310172e-17,-1.0188516697e-12,0.0000e+00,0.9687
3979.28,-1.38067335e-12,1.244113e-12,1.232526e-17,-1.0192957589e-12,0.0000e+00,0.9687
3979.85,-1.38478118e-12,1.244385e-12,1.173432e-17,-1.0196288258e-12,0.0000e+00,0.9687
3980.42,-1.38911105e-12,1.244571e-12,1.150164e-17,-1.0198508704e-12,0.0000e+00,0.9687
3980.99,-1.38911105e-12,1.244706e-12,1.158428e-17,-1.0200729150e-12,0.0000e+00,0.9687
3981.56,-1.38478118e-12,1.244803e-12,1.173289e-17,-1.0201839373e-12,0.0000e+00,0.9687
3982.14,-1.37967415e-12,1.244905e-12,1.200203e-17,-1.0204059819e-12,0.0000e+00,0.9687
3982.71,-1.37578837e-12,1.245063e-12,1.238511e-17,-1.0206280265e-12,0.0000e+00,0.9687
3983.28,-1.37556633e-12,1.245287e-12,1.265369e-17,-1.0208500711e-12,0.0000e+00,0.9687
3983.85,-1.38034029e-12,1.245513e-12,1.236445e-17,-1.0208500711e-12,0.0000e+00,0.9687
3984.42,-1.38544731e-12,1.245776e-12,1.185097e-17,-1.0210721157e-12,0.0000e+00,0.9687
3984.99,-1.38877798e-12,1.246049e-12,1.174025e-17,-1.0210721157e-12,0.0000e+00,0.9687
3985.57,-1.38877798e-12,1.246263e-12,1.127092e-17,-1.0211831381e-12,0.0000e+00,0.9687
3986.14,-1.38711265e-12,1.246534e-12,1.071993e-17,-1.0215162050e-12,0.0000e+00,0.9687
3986.71,-1.38433709e-12,1.246820e-12,1.049697e-17,-1.0215162050e-12,0.0000e+00,0.9687
3987.28,-1.38267175e-12,1.247097e-12,1.046124e-17,-1.0215162050e-12,0.0000e+00,0.9687
3987.85,-1.38300482e-12,1.247399e-12,1.050365e-17,-1.0216272273e-12,0.0000e+00,0.9687
3988.43,-1.38256073e-12,1.247675e-12,1.063300e-17,-1.0216272273e-12,0.0000e+00,0.9687
3989.00,-1.38256073e-12,1.247935e-12,1.121042e-17,-1.0220713165e-12,0.0000e+00,0.9687
3989.57,-1.38355993e-12,1.248109e-12,1.140574e-17,-1.0219602942e-12,0.0000e+00,0.9687
3990.14,-1.38489220e-12,1.248238e-12,1.115951e-17,-1.0220713165e-12,0.0000e+00,0.9687
3990.71,-1.38644651e-12,1.248324e-12,1.082460e-17,-1.0220713165e-12,0.0000e+00,0.9687
3991.29,-1.38755674e-12,1.248411e-12,1.035801e-17,-1.0220713165e-12,0.0000e+00,0.9687
3991.86,-1.38722367e-12,1.248554e-12,1.020643e-17,-1.0225154057e-12,0.0000e+00,0.9687
3992.43,-1.38622447e-12,1.248690e-12,9.855057e-18,-1.0228484726e-12,0.0000e+00,0.9687
3993.00,-1.38655754e-12,1.248862e-12,9.574877e-18,-1.0230705172e-12,0.0000e+00,0.9687
3993.57,-1.38711265e-12,1.249054e-12,9.538161e-18,-1.0230705172e-12,0.0000e+00,0.9687
3994.15,-1.38844491e-12,1.249250e-12,9.602243e-18,-1.0232925618e-12,0.0000e+00,0.9687
3994.72,-1.38999923e-12,1.249528e-12,9.871738e-18,-1.0230705172e-12,0.0000e+00,0.9687
3995.29,-1.38944412e-12,1.249957e-12,9.765218e-18,-1.0232925618e-12,0.0000e+00,0.9687
3995.86,-1.38677958e-12,1.250351e-12,9.195441e-18,-1.0235146064e-12,0.0000e+00,0.9687
3996.43,-1.38333789e-12,1.250462e-12,8.389656e-18,-1.0237366510e-12,0.0000e+00,0.9687
3997.01,-1.38233869e-12,1.250392e-12,7.794880e-18,-1.0237366510e-12,0.0000e+00,0.9687
3997.58,-1.38389300e-12,1.250428e-12,7.329629e-18,-1.0237366510e-12,0.0000e+00,0.9687
3998.15,-1.38589140e-12,1.250473e-12,7.068480e-18,-1.0237366510e-12,0.0000e+00,0.9687
3998.72,-1.38622447e-12,1.250553e-12,6.822004e-18,-1.0241807402e-12,0.0000e+00,0.9687
3999.29,-1.38589140e-12,1.250591e-12,6.508104e-18,-1.0241807402e-12,0.0000e+00,0.9687
3999.87,-1.38589140e-12,1.250643e-12,6.313472e-18,-1.0241807402e-12,0.0000e+00,0.9687
