t,rhoc_rel,errD,Snorm,Mb_rel,vatm,rstar_R
0.00,0.00000000e+00,3.845933e-07,1.227938e-05,0.0000000000e+00,0.0000e+00,0.9938
0.51,-3.33173119e-04,1.957861e-04,1.225999e-05,-2.9642954757e-13,2.0554e-02,1.0250
1.01,-6.62285957e-04,2.672597e-04,1.220171e-05,-4.7395420921e-13,1.7089e-02,1.0312
1.52,-9.90732131e-04,3.653682e-04,1.210497e-05,-6.4293015356e-13,9.5481e-03,1.0312
2.03,-1.30408600e-03,4.718253e-04,1.197052e-05,-6.7945649107e-13,4.7660e-03,1.0312
2.53,-1.61266274e-03,5.806996e-04,1.179939e-05,-6.8001160258e-13,1.0255e-02,1.0312
3.04,-1.90425100e-03,6.896010e-04,1.159291e-05,-6.8045569179e-13,1.7460e-02,1.0312
3.55,-2.18263898e-03,7.973377e-04,1.135269e-05,-6.8212102633e-13,2.4627e-02,1.0312
4.05,-2.44361966e-03,9.031731e-04,1.108059e-05,-6.8300920475e-13,3.1754e-02,1.0312
4.56,-2.68479240e-03,1.006401e-03,1.077880e-05,-6.8378636087e-13,3.8838e-02,1.0312
5.07,-2.90670509e-03,1.106930e-03,1.044974e-05,-6.8489658389e-13,4.5879e-02,1.0312
5.57,-3.10576188e-03,1.204406e-03,1.009612e-05,-6.8556271771e-13,5.2877e-02,1.0312
6.08,-3.28266849e-03,1.298535e-03,9.720959e-06,-6.8600680692e-13,5.9831e-02,1.0312
6.59,-3.43574481e-03,1.389077e-03,9.327535e-06,-6.8745009685e-13,6.6742e-02,1.0312
7.10,-3.56463798e-03,1.475899e-03,8.919464e-06,-6.8756111915e-13,7.3608e-02,1.0312
7.60,-3.66939860e-03,1.558833e-03,8.500696e-06,-6.8900440908e-13,8.0429e-02,1.0312
8.11,-3.74954369e-03,1.637806e-03,8.075555e-06,-6.9011463211e-13,8.7207e-02,1.0312
8.62,-3.80573583e-03,1.712736e-03,7.648786e-06,-6.9078076592e-13,9.3939e-02,1.0312
9.12,-3.83816473e-03,1.783549e-03,7.225612e-06,-7.5905948194e-13,1.0052e-01,1.0250
9.63,-3.84760596e-03,1.850251e-03,6.811795e-06,-7.6083583878e-13,1.0725e-01,1.0250
10.14,-3.83493763e-03,1.912941e-03,6.413692e-06,-7.6127992799e-13,1.1392e-01,1.0250
10.64,-3.80111980e-03,1.971687e-03,6.038267e-06,-7.6250117331e-13,1.2055e-01,1.0250
11.15,-3.74741929e-03,2.026522e-03,5.693051e-06,-7.6350037403e-13,1.2714e-01,1.0250
11.66,-3.67508059e-03,2.077649e-03,5.385961e-06,-8.3044682242e-13,2.0153e-02,1.0188
12.16,-3.58555315e-03,2.125134e-03,5.124933e-06,-8.3311135768e-13,1.7079e-02,1.0188
12.67,-3.48032075e-03,2.169259e-03,4.917283e-06,-8.3544282603e-13,1.6444e-02,1.0188
13.18,-3.36094142e-03,2.210195e-03,4.768848e-06,-8.3777429438e-13,1.4985e-02,1.0188
13.68,-3.22901483e-03,2.248162e-03,4.683072e-06,-8.3899553971e-13,1.8774e-02,1.0188
14.19,-3.08614253e-03,2.283421e-03,4.660280e-06,-8.4054985194e-13,2.6004e-02,1.0188
14.70,-2.93394270e-03,2.316239e-03,4.697469e-06,-8.4143803036e-13,3.2987e-02,1.0188
15.20,-2.77399465e-03,2.346902e-03,4.788724e-06,-8.4232620878e-13,3.9789e-02,1.0188
15.71,-2.60786546e-03,2.375706e-03,4.926127e-06,-8.4365847641e-13,4.7309e-02,1.0188
16.22,-2.43704697e-03,2.402952e-03,5.100812e-06,-8.4365847641e-13,5.4794e-02,1.0188
16.72,-2.26298651e-03,2.428949e-03,5.303901e-06,-8.4587892246e-13,6.2269e-02,1.0188
17.23,-2.08705098e-03,2.454002e-03,5.527134e-06,-8.4698914549e-13,6.9741e-02,1.0188
17.74,-1.91052582e-03,2.478419e-03,5.763218e-06,-8.4565687786e-13,7.7281e-02,1.0188
18.24,-1.73461781e-03,2.502496e-03,6.005935e-06,-8.4765527930e-13,8.4727e-02,1.0188
18.75,-1.56041828e-03,2.525835e-03,6.250122e-06,-8.4809936851e-13,9.1926e-02,1.0188
19.26,-1.38894537e-03,2.549193e-03,6.491577e-06,-8.4932061384e-13,9.9156e-02,1.0188
19.76,-1.22110219e-03,2.573560e-03,6.726935e-06,-8.5109697068e-13,1.0616e-01,1.0188
20.27,-1.05771389e-03,2.597482e-03,6.953553e-06,-8.5131901528e-13,1.1293e-01,1.0188
20.78,-8.99473267e-04,2.621775e-03,7.169389e-06,-8.5242923831e-13,1.1965e-01,1.0188
21.29,-7.46999544e-04,2.646443e-03,7.372914e-06,-8.5198514910e-13,1.2632e-01,1.0188
21.79,-6.00815920e-04,2.672678e-03,7.563035e-06,-8.5387252824e-13,1.3294e-01,1.0188
22.30,-4.61335131e-04,2.697997e-03,7.739022e-06,-8.5531581817e-13,1.3951e-01,1.0188
22.81,-3.28930512e-04,2.724865e-03,7.900449e-06,-8.5575990738e-13,1.4604e-01,1.0188
23.31,-2.03847731e-04,2.751827e-03,8.047150e-06,-8.5698115271e-13,1.5251e-01,1.0188
23.82,-8.62695553e-05,2.778647e-03,8.179178e-06,-8.5742524192e-13,1.5894e-01,1.0188
24.33,2.36826121e-05,2.805066e-03,8.296769e-06,-9.2315044498e-13,7.1779e-02,1.0125
24.83,1.25964133e-04,2.828645e-03,8.400315e-06,-9.2459373491e-13,1.9822e-03,1.0125
25.34,2.20581082e-04,2.853368e-03,8.490332e-06,-9.2592600254e-13,1.0292e-02,1.0188
25.85,3.07594729e-04,2.876897e-03,8.567439e-06,-9.4768637382e-13,1.0710e-02,1.0188
26.35,3.87120050e-04,2.898909e-03,8.632338e-06,-1.0040857035e-12,1.4751e-02,1.0188
26.86,4.59309916e-04,2.919078e-03,8.685794e-06,-1.2220224832e-12,1.7992e-02,1.0188
27.37,5.24354565e-04,2.937070e-03,8.728619e-06,-1.8156587345e-12,1.9769e-02,1.0188
27.87,5.82465614e-04,2.952537e-03,8.761656e-06,-2.0563550862e-12,1.9840e-02,1.0250
28.38,6.33893835e-04,2.965129e-03,8.785763e-06,-2.0565771308e-12,1.8580e-02,1.0250
28.89,6.78910953e-04,2.974474e-03,8.801807e-06,-2.0566881531e-12,1.8382e-02,1.0250
29.39,7.17808234e-04,2.980214e-03,8.810644e-06,-2.0584645100e-12,2.5631e-02,1.0250
29.90,7.50879335e-04,2.981990e-03,8.813113e-06,-2.0585755323e-12,3.2839e-02,1.0250
30.41,7.78449047e-04,2.979440e-03,8.810025e-06,-2.0603518891e-12,4.0003e-02,1.0250
30.91,8.00837039e-04,2.972235e-03,8.802150e-06,-2.0597967776e-12,4.7122e-02,1.0250
31.42,8.18345141e-04,2.960056e-03,8.790212e-06,-2.0616841567e-12,5.4197e-02,1.0250
31.93,8.31318499e-04,2.942607e-03,8.774871e-06,-2.0627943798e-12,6.1227e-02,1.0250
32.43,8.40070258e-04,2.919621e-03,8.756717e-06,-2.0637935805e-12,6.8212e-02,1.0250
32.94,8.44914856e-04,2.890865e-03,8.736259e-06,-2.0649038035e-12,7.5151e-02,1.0250
33.45,8.46174759e-04,2.856160e-03,8.713910e-06,-2.0661250488e-12,8.2097e-02,1.0250
33.95,8.44126741e-04,2.810028e-03,8.689977e-06,-2.0671242495e-12,8.9536e-02,1.0250
34.46,8.39111820e-04,2.763023e-03,8.664664e-06,-2.0670132272e-12,9.6714e-02,1.0250
34.97,8.31410090e-04,2.704383e-03,8.638055e-06,-2.0684565172e-12,1.0392e-01,1.0250
35.48,8.21248675e-04,2.643565e-03,8.610112e-06,-2.1345147871e-12,1.1094e-01,1.0188
35.98,8.08985720e-04,2.575025e-03,8.580683e-06,-2.1367352332e-12,1.1767e-01,1.0188
36.49,7.94835496e-04,2.498350e-03,8.549455e-06,-2.1372903447e-12,1.2435e-01,1.0188
37.00,7.78964880e-04,2.411202e-03,8.516035e-06,-2.1375123893e-12,1.3099e-01,1.0188
37.50,7.61761319e-04,2.315819e-03,8.479848e-06,-2.1393997685e-12,1.3758e-01,1.0188
38.01,7.43404286e-04,2.212940e-03,8.440159e-06,-2.1407320361e-12,1.4412e-01,1.0188
38.52,7.23918402e-04,2.104145e-03,8.396153e-06,-2.1415091922e-12,1.5061e-01,1.0188
39.02,7.03694237e-04,1.992229e-03,8.347025e-06,-2.1412871476e-12,1.5705e-01,1.0188
39.53,6.83030187e-04,1.881003e-03,8.292018e-06,-2.1423973706e-12,1.6344e-01,1.0188
40.04,6.61778100e-04,1.774969e-03,8.230464e-06,-2.2087887075e-12,9.3943e-02,1.0125
40.54,6.40104345e-04,1.678831e-03,8.161551e-06,-2.2114532428e-12,1.0131e-01,1.0125
41.05,6.18573151e-04,1.597350e-03,8.084312e-06,-2.2114532428e-12,1.0868e-01,1.0125
41.56,5.97199200e-04,1.535431e-03,7.997734e-06,-2.2116752874e-12,1.1610e-01,1.0125
42.06,5.75616184e-04,1.498017e-03,7.900873e-06,-2.2127855104e-12,1.2332e-01,1.0125
42.57,5.54127209e-04,1.489595e-03,7.792899e-06,-2.2130075550e-12,1.3037e-01,1.0125
43.08,5.33449481e-04,1.513341e-03,7.673062e-06,-2.2140067557e-12,1.3704e-01,1.0125
43.58,5.13561210e-04,1.570295e-03,7.540633e-06,-2.2158941348e-12,1.4367e-01,1.0125
44.09,4.93792135e-04,1.658807e-03,7.394991e-06,-2.2158941348e-12,1.5024e-01,1.0125
44.60,4.74097245e-04,1.774955e-03,7.235596e-06,-2.2168933356e-12,1.5676e-01,1.0125
45.10,4.55419392e-04,1.913768e-03,7.061972e-06,-2.2184476478e-12,1.6323e-01,1.0125
45.61,4.38468232e-04,2.070363e-03,6.873684e-06,-2.2190027593e-12,1.6966e-01,1.0125
46.12,4.22649759e-04,2.240746e-03,6.670338e-06,-2.2197799154e-12,1.7603e-01,1.0125
46.62,4.06693070e-04,2.424278e-03,6.451610e-06,-2.2213342277e-12,1.8235e-01,1.0125
47.13,3.90252306e-04,2.617520e-03,6.217216e-06,-2.6316726576e-12,2.6171e-02,1.0063
47.64,3.74711490e-04,2.817577e-03,5.967093e-06,-2.8638202920e-12,2.6310e-02,1.0063
48.14,3.62385613e-04,3.021245e-03,5.701366e-06,-3.0183633370e-12,2.9923e-02,1.0063
48.65,3.54521714e-04,3.224810e-03,5.420490e-06,-3.1096236697e-12,3.4982e-02,1.0063
49.16,3.49518803e-04,3.424096e-03,5.125176e-06,-3.1582514382e-12,4.1900e-02,1.0063
49.67,3.43012333e-04,3.638621e-03,4.815849e-06,-3.1826763447e-12,4.6219e-02,1.0063
50.17,3.29954875e-04,3.826217e-03,4.492146e-06,-3.2136515671e-12,3.9730e-02,1.0063
50.68,3.07059933e-04,4.025289e-03,4.155274e-06,-3.2289726448e-12,1.6967e-02,1.0125
51.19,2.74407743e-04,4.231421e-03,3.807220e-06,-3.2300828678e-12,1.2086e-02,1.0125
51.69,2.36483171e-04,4.355089e-03,3.450069e-06,-3.2305269571e-12,1.8727e-02,1.0125
52.20,2.02730080e-04,4.478657e-03,3.084789e-06,-3.2317482024e-12,2.6304e-02,1.0125
52.71,1.85917913e-04,4.578692e-03,2.712551e-06,-3.2334135369e-12,3.3874e-02,1.0125
53.21,1.97041233e-04,4.661105e-03,2.335326e-06,-3.2328584254e-12,4.1283e-02,1.0125
53.72,2.39151606e-04,4.705348e-03,1.956857e-06,-3.2334135369e-12,4.8573e-02,1.0125
54.23,3.04973494e-04,4.765585e-03,1.583756e-06,-3.2351898938e-12,5.5814e-02,1.0125
54.73,3.80454314e-04,4.793496e-03,1.228386e-06,-3.2372993175e-12,6.3008e-02,1.0125
55.24,4.50669268e-04,4.814299e-03,9.181492e-07,-3.2374103398e-12,7.0153e-02,1.0125
55.75,5.03560752e-04,4.827259e-03,7.181254e-07,-3.2375213621e-12,7.7250e-02,1.0125
56.25,5.31694208e-04,4.831975e-03,7.255477e-07,-3.2390756743e-12,8.4298e-02,1.0125
56.76,5.33292421e-04,4.803267e-03,9.329883e-07,-3.2410740758e-12,9.1298e-02,1.0125
57.27,5.11957042e-04,4.765473e-03,1.240698e-06,-3.2409630535e-12,9.8250e-02,1.0125
57.77,4.75256710e-04,4.718398e-03,1.587130e-06,-3.2416291873e-12,6.9400e-03,1.0125
58.28,4.32611251e-04,4.687391e-03,1.947146e-06,-3.4875435873e-12,3.0410e-02,1.0188
58.79,3.92856019e-04,4.621117e-03,2.309431e-06,-3.7114755713e-12,4.0296e-02,1.0188
59.29,3.62482623e-04,4.570712e-03,2.668262e-06,-3.9628300641e-12,3.8416e-02,1.0250
59.80,3.44996225e-04,4.483395e-03,3.020270e-06,-4.2459369354e-12,3.5072e-02,1.0250
60.31,3.40924753e-04,4.385703e-03,3.363250e-06,-4.7455372965e-12,3.1456e-02,1.0312
60.81,3.48292384e-04,4.278148e-03,3.695659e-06,-4.8164805477e-12,2.7319e-02,1.0312
61.32,3.63690123e-04,4.161190e-03,4.016203e-06,-4.9671378122e-12,2.3894e-02,1.0312
61.83,3.83561934e-04,4.035787e-03,4.324286e-06,-4.9943382763e-12,2.1309e-02,1.0375
62.33,4.05027580e-04,3.903456e-03,4.619562e-06,-4.9954484993e-12,1.9151e-02,1.0375
62.84,4.26153539e-04,3.766152e-03,4.901791e-06,-4.9968917892e-12,1.8114e-02,1.0375
63.35,4.46118843e-04,3.626118e-03,5.170823e-06,-4.9967807669e-12,2.5192e-02,1.0375
63.86,4.65120441e-04,3.485815e-03,5.426586e-06,-4.9976689454e-12,3.2231e-02,1.0375
64.36,4.83877438e-04,3.347828e-03,5.669170e-06,-4.9982240569e-12,3.9228e-02,1.0375
64.87,5.03232311e-04,3.214778e-03,5.898653e-06,-4.9998893914e-12,4.6183e-02,1.0375
65.38,5.23946109e-04,3.089087e-03,6.115187e-06,-5.0004445029e-12,5.3095e-02,1.0375
65.88,5.46490411e-04,2.972458e-03,6.319101e-06,-5.0008885921e-12,5.9966e-02,1.0375
66.39,5.70989212e-04,2.866428e-03,6.510732e-06,-5.0026649490e-12,6.6793e-02,1.0375
66.90,5.97322341e-04,2.772413e-03,6.690497e-06,-5.0031090382e-12,7.3577e-02,1.0375
67.40,6.25295079e-04,2.691011e-03,6.858989e-06,-5.0035531274e-12,8.0318e-02,1.0375
67.91,6.54821734e-04,2.623206e-03,7.016805e-06,-5.0044413058e-12,8.7016e-02,1.0375
68.42,6.86056039e-04,2.569873e-03,7.164646e-06,-5.0058845957e-12,9.3670e-02,1.0375
68.92,7.19412999e-04,2.530996e-03,7.303321e-06,-5.0063286849e-12,1.0028e-01,1.0375
69.43,7.55529303e-04,2.505385e-03,7.433644e-06,-5.0747184233e-12,1.0395e-01,1.0312
69.94,7.95184090e-04,2.491589e-03,7.556332e-06,-5.0748294456e-12,1.1057e-01,1.0312
70.44,8.39128843e-04,2.487957e-03,7.672198e-06,-5.0766058024e-12,1.1715e-01,1.0312
70.95,8.87790249e-04,2.492179e-03,7.782165e-06,-5.0770498916e-12,1.2368e-01,1.0312
71.46,9.40915741e-04,2.502160e-03,7.887190e-06,-5.0791593154e-12,1.3016e-01,1.0312
71.96,9.97303615e-04,2.516178e-03,7.988140e-06,-5.0788262485e-12,1.3660e-01,1.0312
72.47,1.05474084e-03,2.532937e-03,8.085755e-06,-5.1458837191e-12,1.3614e-01,1.0250
72.98,1.11017719e-03,2.550961e-03,8.180568e-06,-5.1466608753e-12,1.4261e-01,1.0250
73.48,1.16007134e-03,2.569387e-03,8.272832e-06,-5.1484372321e-12,1.4904e-01,1.0250
73.99,1.20081468e-03,2.588781e-03,8.362811e-06,-5.1497694997e-12,1.5542e-01,1.0250
74.50,1.22916540e-03,2.609941e-03,8.450694e-06,-5.1497694997e-12,1.6175e-01,1.0250
75.00,1.24264517e-03,2.633235e-03,8.536694e-06,-5.1507687004e-12,1.6803e-01,1.0250
75.51,1.23987299e-03,2.658661e-03,8.621079e-06,-5.2182702603e-12,2.3074e-02,1.0188
76.02,1.22080421e-03,2.685762e-03,8.704114e-06,-5.2230442193e-12,2.5581e-02,1.0250
76.52,1.18678322e-03,2.714320e-03,8.785740e-06,-5.2227111524e-12,2.5769e-02,1.0250
77.03,1.14034404e-03,2.744124e-03,8.865947e-06,-5.2243764870e-12,2.3031e-02,1.0250
77.54,1.08476290e-03,2.774487e-03,8.944530e-06,-5.2253756877e-12,1.9481e-02,1.0250
78.05,1.02349414e-03,2.805121e-03,9.021207e-06,-5.3023141433e-12,1.6094e-02,1.0250
78.55,9.59692361e-04,2.835179e-03,9.095086e-06,-5.3034243663e-12,1.3832e-02,1.0250
79.06,8.95985849e-04,2.862009e-03,9.165188e-06,-5.3058668570e-12,1.2628e-02,1.0250
79.57,8.34537077e-04,2.885505e-03,9.230825e-06,-5.3069770800e-12,1.9760e-02,1.0250
80.07,7.77072280e-04,2.906224e-03,9.291315e-06,-5.3076432138e-12,2.6342e-02,1.0250
80.58,7.24587384e-04,2.924293e-03,9.346056e-06,-5.3090865038e-12,3.3232e-02,1.0250
81.09,6.76865731e-04,2.939225e-03,9.394465e-06,-5.3097526376e-12,4.0490e-02,1.0250
81.59,6.32374753e-04,2.950555e-03,9.435848e-06,-5.3103077491e-12,4.7895e-02,1.0250
82.10,5.89263357e-04,2.958303e-03,9.469357e-06,-5.3121951282e-12,5.5281e-02,1.0250
82.61,5.47167183e-04,2.962956e-03,9.493990e-06,-5.3134163736e-12,6.2662e-02,1.0250
83.11,5.08576741e-04,2.965360e-03,9.508566e-06,-5.3138604628e-12,7.0051e-02,1.0250
83.62,4.78360958e-04,2.966247e-03,9.511772e-06,-5.3146376189e-12,7.7479e-02,1.0250
84.13,4.61570770e-04,2.965941e-03,9.502299e-06,-5.3155257973e-12,8.4843e-02,1.0250
84.63,4.61749484e-04,2.964259e-03,9.478962e-06,-5.3160809088e-12,9.1918e-02,1.0250
85.14,4.81776695e-04,2.960736e-03,9.440734e-06,-5.3170801095e-12,9.8959e-02,1.0250
85.65,5.25890329e-04,2.955108e-03,9.386734e-06,-5.3180793103e-12,1.0576e-01,1.0250
86.15,5.97912807e-04,2.947664e-03,9.316232e-06,-5.3180793103e-12,1.1244e-01,1.0250
86.66,6.93013439e-04,2.939167e-03,9.228520e-06,-5.3207438455e-12,1.1908e-01,1.0250
87.17,7.87538077e-04,2.930832e-03,9.122869e-06,-5.3202997563e-12,1.2568e-01,1.0250
87.67,8.35529165e-04,2.924105e-03,8.998589e-06,-5.3215210016e-12,1.3223e-01,1.0250
88.18,7.79837942e-04,2.919298e-03,8.855235e-06,-5.3241855369e-12,1.3873e-01,1.0250
88.69,5.76828575e-04,2.900076e-03,8.692681e-06,-5.3237414477e-12,1.4518e-01,1.0250
89.19,2.19727567e-04,2.890310e-03,8.511266e-06,-5.3245186038e-12,1.5159e-01,1.0250
89.70,-2.54347373e-04,2.886199e-03,8.311725e-06,-5.3254067822e-12,1.5795e-01,1.0250
90.21,-7.77659440e-04,2.884823e-03,8.095022e-06,-5.3935744759e-12,1.5739e-01,1.0188
90.72,-1.27718684e-03,2.883692e-03,7.862167e-06,-5.3944626544e-12,1.6378e-01,1.0188
91.22,-1.69494052e-03,2.880998e-03,7.614129e-06,-5.3949067436e-12,1.7012e-01,1.0188
91.73,-1.99873147e-03,2.875825e-03,7.351850e-06,-5.3960169666e-12,1.7642e-01,1.0188
92.24,-2.18808743e-03,2.868007e-03,7.076385e-06,-5.4969362395e-12,3.4454e-02,1.0063
92.74,-2.28934756e-03,2.857873e-03,6.789135e-06,-5.5055959791e-12,4.0241e-02,1.0125
93.25,-2.34018488e-03,2.858008e-03,6.491999e-06,-5.5124793619e-12,4.5473e-02,1.0125
93.76,-2.37569129e-03,2.843832e-03,6.187563e-06,-5.5221383022e-12,4.1910e-02,1.0125
94.26,-2.41993782e-03,2.839849e-03,5.879407e-06,-5.5296878188e-12,4.1132e-02,1.0125
94.77,-2.48141875e-03,2.832795e-03,5.572444e-06,-5.5435656066e-12,3.2949e-02,1.0125
95.28,-2.55437355e-03,2.822590e-03,5.273280e-06,-5.5583315728e-12,3.2555e-02,1.0125
95.78,-2.62759017e-03,2.810777e-03,4.990593e-06,-5.5707660707e-12,3.1785e-02,1.0125
96.29,-2.69665120e-03,2.785790e-03,4.735368e-06,-5.6078475197e-12,1.5319e-02,1.0125
96.80,-2.77042456e-03,2.775127e-03,4.520706e-06,-5.6764593026e-12,4.0881e-03,1.0250
97.30,-2.86651393e-03,2.765110e-03,4.360968e-06,-5.6764593026e-12,7.4108e-03,1.0250
97.81,-2.99984767e-03,2.753996e-03,4.269720e-06,-5.6772364587e-12,1.2480e-02,1.0250
98.32,-3.17450775e-03,2.739782e-03,4.257011e-06,-5.6786797487e-12,1.0938e-02,1.0250
98.82,-3.38580885e-03,2.720772e-03,4.327132e-06,-5.6795679271e-12,6.4292e-03,1.0250
99.33,-3.62923831e-03,2.695964e-03,4.478056e-06,-5.6802340609e-12,1.3189e-02,1.0250
99.84,-3.90535014e-03,2.665475e-03,4.702598e-06,-5.6811222393e-12,2.0472e-02,1.0250
100.34,-4.21295936e-03,2.630232e-03,4.990514e-06,-5.6822324623e-12,2.7713e-02,1.0250
100.85,-4.53369871e-03,2.591034e-03,5.330539e-06,-5.6828985961e-12,3.4909e-02,1.0250
101.36,-4.82335346e-03,2.548471e-03,5.711700e-06,-5.6844529084e-12,4.2062e-02,1.0250
101.86,-5.01924325e-03,2.502849e-03,6.123975e-06,-5.6856741537e-12,4.9169e-02,1.0250
102.37,-5.05401871e-03,2.454252e-03,6.558497e-06,-5.6862292652e-12,5.6232e-02,1.0250
102.88,-4.87091686e-03,2.402576e-03,7.007543e-06,-5.6862292652e-12,6.3249e-02,1.0250
103.38,-4.44396149e-03,2.347767e-03,7.464585e-06,-5.6867843767e-12,7.0221e-02,1.0250
103.89,-3.79767003e-03,2.289760e-03,7.924240e-06,-5.6883386890e-12,7.7147e-02,1.0250
104.40,-3.00778511e-03,2.228612e-03,8.382097e-06,-5.6898930012e-12,8.4028e-02,1.0250
104.91,-2.18149377e-03,2.164602e-03,8.834461e-06,-5.6903370904e-12,9.0863e-02,1.0250
105.41,-1.43197476e-03,2.098199e-03,9.277900e-06,-5.6912252688e-12,9.7651e-02,1.0250
105.92,-8.55583248e-04,2.030151e-03,9.708716e-06,-5.6914473134e-12,1.0439e-01,1.0250
106.43,-5.04847655e-04,1.961458e-03,1.012256e-05,-5.6932236703e-12,1.1109e-01,1.0250
106.93,-3.76844067e-04,1.893337e-03,1.051435e-05,-5.6942228710e-12,1.1774e-01,1.0250
107.44,-4.27048391e-04,1.827172e-03,1.087859e-05,-5.6948890048e-12,1.2434e-01,1.0250
107.95,-5.91201747e-04,1.764392e-03,1.121004e-05,-5.7622795424e-12,7.2832e-02,1.0188
108.45,-8.07951705e-04,1.706346e-03,1.150426e-05,-5.7638338546e-12,8.0331e-02,1.0188
108.96,-1.03342232e-03,1.654186e-03,1.175803e-05,-5.7649440777e-12,8.7521e-02,1.0188
109.47,-1.24263123e-03,1.608931e-03,1.196938e-05,-5.7658322561e-12,9.4671e-02,1.0188
109.97,-1.42295239e-03,1.571575e-03,1.213754e-05,-5.7667204345e-12,1.0158e-01,1.0188
110.48,-1.56498974e-03,1.542787e-03,1.226272e-05,-5.7674975906e-12,1.0838e-01,1.0188
110.99,-1.65625538e-03,1.522855e-03,1.234571e-05,-5.7683857690e-12,1.1512e-01,1.0188
111.49,-1.68085021e-03,1.511878e-03,1.238736e-05,-5.7692739475e-12,1.2183e-01,1.0188
112.00,-1.62304079e-03,1.509890e-03,1.238812e-05,-5.7697180367e-12,1.2848e-01,1.0188
112.51,-1.47168930e-03,1.516899e-03,1.234814e-05,-5.7714943935e-12,1.3509e-01,1.0188
113.01,-1.22422434e-03,1.532749e-03,1.226764e-05,-5.7714943935e-12,1.4164e-01,1.0188
113.52,-8.89991614e-04,1.557000e-03,1.214754e-05,-5.7726046165e-12,1.4815e-01,1.0188
114.03,-4.89353526e-04,1.588875e-03,1.198969e-05,-5.7737148396e-12,1.5461e-01,1.0188
114.53,-4.96075235e-05,1.627293e-03,1.179699e-05,-5.8755222909e-12,3.9795e-02,1.0125
115.04,3.99068998e-04,1.670918e-03,1.157325e-05,-6.0434990345e-12,3.5814e-02,1.0125
115.55,8.26660427e-04,1.718240e-03,1.132296e-05,-6.2007066148e-12,4.0218e-02,1.0125
116.05,1.20822638e-03,1.767731e-03,1.105085e-05,-6.3115068727e-12,4.0841e-02,1.0125
116.56,1.53142048e-03,1.818135e-03,1.076113e-05,-6.4042104952e-12,4.6769e-02,1.0125
117.07,1.80001761e-03,1.868683e-03,1.045671e-05,-6.4509508846e-12,5.2564e-02,1.0125
117.57,2.03047477e-03,1.919152e-03,1.013867e-05,-6.4755978357e-12,5.7682e-02,1.0125
118.08,2.24655372e-03,1.969747e-03,9.806576e-06,-6.4932503818e-12,5.6782e-02,1.0125
118.59,2.47652338e-03,2.020881e-03,9.459462e-06,-6.5060179466e-12,5.6243e-02,1.0125
119.10,2.75038279e-03,2.072882e-03,9.097313e-06,-6.5166760876e-12,5.6422e-02,1.0125
119.60,3.09417135e-03,2.125760e-03,8.722239e-06,-6.5242256042e-12,5.5638e-02,1.0125
120.11,3.52275074e-03,2.179183e-03,8.338858e-06,-6.5301097862e-12,5.5682e-02,1.0125
120.62,4.03448258e-03,2.232614e-03,7.953928e-06,-6.5354388568e-12,5.6806e-02,1.0125
121.12,4.61220817e-03,2.285471e-03,7.575443e-06,-6.5391025927e-12,5.8427e-02,1.0125
121.63,5.22641383e-03,2.323510e-03,7.211586e-06,-6.5423222395e-12,3.2852e-02,1.0125
122.14,5.83223779e-03,2.374646e-03,6.869487e-06,-6.5580874065e-12,2.1845e-02,1.0125
122.64,6.36210123e-03,2.424879e-03,6.554033e-06,-6.5669691907e-12,3.2945e-02,1.0125
123.15,6.73271625e-03,2.462030e-03,6.267398e-06,-6.5824012907e-12,1.9799e-02,1.0125
123.66,6.86835616e-03,2.510100e-03,6.009853e-06,-6.6093797102e-12,3.0373e-02,1.0125
124.16,6.72384594e-03,2.546153e-03,5.781802e-06,-6.6376903973e-12,2.1230e-02,1.0125
124.67,6.29668271e-03,2.591762e-03,5.585856e-06,-6.6661121068e-12,2.7648e-02,1.0125
125.18,5.62881148e-03,2.635748e-03,5.427477e-06,-6.6889827011e-12,3.2261e-02,1.0125
125.68,4.80339212e-03,2.677370e-03,5.313657e-06,-6.7041927565e-12,3.6268e-02,1.0125
126.19,3.92665339e-03,2.716127e-03,5.249847e-06,-6.7124084069e-12,4.2488e-02,1.0125
126.70,3.09716780e-03,2.749903e-03,5.236989e-06,-6.7184036112e-12,4.9751e-02,1.0125
127.20,2.37371490e-03,2.783487e-03,5.270418e-06,-6.7209571242e-12,5.7535e-02,1.0125
127.71,1.75739657e-03,2.818705e-03,5.341313e-06,-6.7222893918e-12,6.5609e-02,1.0125
128.22,1.20123634e-03,2.856681e-03,5.439965e-06,-6.7233996148e-12,7.2781e-02,1.0125
128.72,6.49000490e-04,2.897548e-03,5.558609e-06,-6.7242877932e-12,7.9644e-02,1.0125
129.23,8.08190582e-05,2.940535e-03,5.692442e-06,-6.7260641501e-12,8.6785e-02,1.0125
129.74,-4.69624792e-04,2.984323e-03,5.838915e-06,-6.7267302839e-12,9.3887e-02,1.0125
130.24,-9.30899788e-04,3.027642e-03,5.996253e-06,-6.7283956184e-12,1.0164e-01,1.0125
130.75,-1.21775434e-03,3.069699e-03,6.162212e-06,-6.7276184623e-12,1.0889e-01,1.0125
131.26,-1.25978793e-03,3.110337e-03,6.333527e-06,-6.7295058415e-12,1.1615e-01,1.0125
131.76,-1.04275242e-03,3.149913e-03,6.506107e-06,-6.7306160645e-12,1.2336e-01,1.0125
132.27,-6.30445200e-04,3.189027e-03,6.675694e-06,-6.7319483321e-12,1.3028e-01,1.0125
132.78,-1.37016378e-04,3.221227e-03,6.838795e-06,-6.8450800583e-12,6.9397e-03,1.0250
133.29,3.20280745e-04,3.260694e-03,6.993417e-06,-7.1721517614e-12,1.5163e-02,1.0250
133.79,6.52063096e-04,3.298387e-03,7.138971e-06,-7.1730399398e-12,1.7844e-02,1.0250
134.30,8.16616986e-04,3.338144e-03,7.275521e-06,-7.1741501628e-12,2.0888e-02,1.0250
134.81,8.31998183e-04,3.379287e-03,7.402865e-06,-7.1752603858e-12,2.4310e-02,1.0250
135.31,7.66011660e-04,3.420856e-03,7.520022e-06,-7.1753714082e-12,2.9508e-02,1.0250
135.82,6.99907346e-04,3.461673e-03,7.625344e-06,-7.1762595866e-12,3.6693e-02,1.0250
136.33,6.88857320e-04,3.502123e-03,7.717168e-06,-7.1773698096e-12,4.3839e-02,1.0250
136.83,7.38686303e-04,3.537909e-03,7.794639e-06,-7.1784800326e-12,5.1347e-02,1.0250
137.34,8.02934979e-04,3.570064e-03,7.858300e-06,-7.1790351441e-12,5.8827e-02,1.0250
137.85,8.03386379e-04,3.599613e-03,7.910165e-06,-7.1795902556e-12,6.6290e-02,1.0250
138.35,6.65115166e-04,3.626603e-03,7.953219e-06,-7.1815886571e-12,7.3747e-02,1.0250
138.86,3.50405607e-04,3.649659e-03,7.990571e-06,-7.1831429693e-12,8.0925e-02,1.0250
139.37,-1.17022540e-04,3.668872e-03,8.024893e-06,-7.1834760362e-12,8.8084e-02,1.0250
139.87,-6.58446956e-04,3.687676e-03,8.058050e-06,-7.1842531923e-12,9.4980e-02,1.0250
140.38,-1.16798309e-03,3.708744e-03,8.091176e-06,-7.1844752370e-12,1.0180e-01,1.0250
140.89,-1.54236089e-03,3.731175e-03,8.124915e-06,-7.1862515938e-12,1.0857e-01,1.0250
141.39,-1.70590100e-03,3.756211e-03,8.159754e-06,-7.1862515938e-12,1.1275e-01,1.0250
141.90,-1.63180708e-03,3.778393e-03,8.196198e-06,-7.1880279506e-12,1.1939e-01,1.0250
142.41,-1.35291913e-03,3.792708e-03,8.234678e-06,-7.2537531537e-12,1.1103e-02,1.0188
142.91,-9.42168716e-04,3.794588e-03,8.275271e-06,-7.2553074659e-12,1.6284e-02,1.0188
143.42,-4.82473447e-04,3.781249e-03,8.317441e-06,-7.2555295105e-12,2.3492e-02,1.0188
143.93,-4.93710877e-05,3.752664e-03,8.360133e-06,-7.2563066666e-12,3.0979e-02,1.0188
144.43,2.96848392e-04,3.710216e-03,8.402154e-06,-7.2577499566e-12,3.8457e-02,1.0188
144.94,5.20822111e-04,3.656718e-03,8.442495e-06,-7.2591932465e-12,4.5931e-02,1.0188
145.45,6.11372126e-04,3.594830e-03,8.480566e-06,-7.2596373357e-12,5.3403e-02,1.0188
145.95,5.66784288e-04,3.529997e-03,8.516075e-06,-7.2609696034e-12,6.0873e-02,1.0188
146.46,3.84588558e-04,3.462346e-03,8.548815e-06,-7.2618577818e-12,6.8122e-02,1.0188
146.97,6.71320066e-05,3.392540e-03,8.578583e-06,-7.2620798264e-12,7.5192e-02,1.0188
147.48,-3.62303601e-04,3.318680e-03,8.605183e-06,-7.2627459602e-12,8.2171e-02,1.0188
147.98,-8.49046517e-04,3.239214e-03,8.628370e-06,-7.2644112947e-12,8.9102e-02,1.0188
148.49,-1.31422051e-03,3.151581e-03,8.647712e-06,-7.2648553839e-12,1.8620e-02,1.0188
149.00,-1.67402281e-03,3.057843e-03,8.662547e-06,-7.2656325401e-12,2.3709e-02,1.0188
149.50,-1.85984481e-03,2.956281e-03,8.671853e-06,-7.3769879094e-12,2.2434e-02,1.0250
150.01,-1.83887163e-03,2.851479e-03,8.674532e-06,-7.3782091548e-12,2.9273e-02,1.0250
150.52,-1.62672150e-03,2.742811e-03,8.669776e-06,-7.3792083555e-12,2.5428e-02,1.0250
151.02,-1.28085517e-03,2.635532e-03,8.656924e-06,-7.3859807159e-12,2.9113e-02,1.0250
151.53,-8.78593197e-04,2.529468e-03,8.635089e-06,-7.4118489124e-12,3.1318e-02,1.0250
152.04,-4.98853008e-04,2.425407e-03,8.602989e-06,-7.4628081492e-12,3.1938e-02,1.0312
152.54,-2.07488587e-04,2.324145e-03,8.559113e-06,-7.4632522384e-12,3.1245e-02,1.0312
153.05,-3.92800317e-05,2.227347e-03,8.502026e-06,-7.4641404169e-12,2.9627e-02,1.0312
153.56,9.94897036e-06,2.138380e-03,8.430549e-06,-7.4651396176e-12,2.7479e-02,1.0312
154.06,-2.26737363e-05,2.062711e-03,8.343713e-06,-7.4660277960e-12,3.0534e-02,1.0312
154.57,-8.59414830e-05,2.007522e-03,8.240690e-06,-7.4668049521e-12,3.7625e-02,1.0312
155.08,-1.36406112e-04,1.980217e-03,8.120911e-06,-7.4678041528e-12,4.4674e-02,1.0312
155.58,-1.52174466e-04,1.986263e-03,7.984503e-06,-7.4686923313e-12,5.1679e-02,1.0312
156.09,-1.34779418e-04,2.027365e-03,7.832523e-06,-7.4690253982e-12,5.8641e-02,1.0312
156.60,-9.95346257e-05,2.100487e-03,7.666710e-06,-7.4709127773e-12,6.5559e-02,1.0312
157.10,-6.40913382e-05,2.200690e-03,7.488852e-06,-7.4720230003e-12,7.2432e-02,1.0312
157.61,-4.03791733e-05,2.320743e-03,7.300034e-06,-7.5393025156e-12,6.9055e-02,1.0250
158.12,-3.21152219e-05,2.455872e-03,7.099995e-06,-7.5405237610e-12,7.6505e-02,1.0250
158.62,-3.62917047e-05,2.599739e-03,6.887026e-06,-7.5405237610e-12,8.3879e-02,1.0250
159.13,-4.53323709e-05,2.749233e-03,6.658493e-06,-7.5405237610e-12,9.1048e-02,1.0250
159.64,-5.14721113e-05,2.901335e-03,6.411737e-06,-7.5419670509e-12,9.8166e-02,1.0250
160.14,-5.27008806e-05,3.053510e-03,6.145244e-06,-7.5428552293e-12,1.0516e-01,1.0250
160.65,-5.32356158e-05,3.203592e-03,5.859384e-06,-7.5444095415e-12,1.1185e-01,1.0250
161.16,-5.98559757e-05,3.349798e-03,5.556885e-06,-7.5465189653e-12,1.1850e-01,1.0250
161.67,-7.88183432e-05,3.490787e-03,5.242476e-06,-7.5462969207e-12,1.2510e-01,1.0250
162.17,-1.12081643e-04,3.625644e-03,4.921895e-06,-7.5469630545e-12,1.3165e-01,1.0250
162.68,-1.55634535e-04,3.753808e-03,4.600576e-06,-7.5478512329e-12,1.3815e-01,1.0250
163.19,-2.02561128e-04,3.875623e-03,4.282254e-06,-7.5494055451e-12,1.4461e-01,1.0250
163.69,-2.46868239e-04,3.991181e-03,3.968533e-06,-7.5495165675e-12,1.5102e-01,1.0250
164.20,-2.84610561e-04,4.099163e-03,3.659788e-06,-7.5511819020e-12,1.5738e-01,1.0250
164.71,-3.13592184e-04,4.198480e-03,3.357125e-06,-7.5520700804e-12,1.6370e-01,1.0250
165.21,-3.33843568e-04,4.287971e-03,3.063171e-06,-7.6202377741e-12,6.6680e-02,1.0188
165.72,-3.46248441e-04,4.365855e-03,2.781831e-06,-7.6200157295e-12,7.4196e-02,1.0188
166.23,-3.52539732e-04,4.430488e-03,2.517999e-06,-7.6214590194e-12,8.1709e-02,1.0188
166.73,-3.55421999e-04,4.480399e-03,2.279507e-06,-7.6231243540e-12,8.9251e-02,1.0188
167.24,-3.56949974e-04,4.514210e-03,2.081186e-06,-7.6226802648e-12,9.6456e-02,1.0188
167.75,-3.57848867e-04,4.530566e-03,1.946397e-06,-7.6605388699e-12,5.1262e-02,1.0250
168.25,-3.57285675e-04,4.529196e-03,1.900178e-06,-8.0486728393e-12,1.9445e-02,1.0250
168.76,-3.53935235e-04,4.510160e-03,1.953126e-06,-8.7866380838e-12,1.8091e-02,1.0312
169.27,-3.48620796e-04,4.474694e-03,2.092403e-06,-9.2801322182e-12,2.6477e-02,1.0312
169.77,-3.44537131e-04,4.423684e-03,2.289346e-06,-9.2825747089e-12,2.5095e-02,1.0312
170.28,-3.47145195e-04,4.358092e-03,2.516635e-06,-9.2827967535e-12,2.8941e-02,1.0312
170.79,-3.64215598e-04,4.280334e-03,2.757903e-06,-9.2839069765e-12,2.3777e-02,1.0312
171.29,-4.03420937e-04,4.194647e-03,3.007377e-06,-9.2850171995e-12,2.2734e-02,1.0312
171.80,-4.68858059e-04,4.104286e-03,3.264379e-06,-9.2864604895e-12,1.9893e-02,1.0312
172.31,-5.58493735e-04,4.011680e-03,3.527397e-06,-9.2872376456e-12,1.5543e-02,1.0312
172.81,-6.63777853e-04,3.918334e-03,3.791586e-06,-9.2881258240e-12,1.5130e-02,1.0312
173.32,-7.71788890e-04,3.825457e-03,4.050266e-06,-9.2891250247e-12,2.2523e-02,1.0312
173.83,-8.66551720e-04,3.734308e-03,4.298052e-06,-9.2904572924e-12,2.9163e-02,1.0312
174.34,-9.31498376e-04,3.646092e-03,4.533108e-06,-9.2910124039e-12,3.6484e-02,1.0312
174.84,-9.53247541e-04,3.561751e-03,4.756905e-06,-9.2924556938e-12,4.3784e-02,1.0312
175.35,-9.22038671e-04,3.481601e-03,4.971811e-06,-9.2926777384e-12,5.1078e-02,1.0312
175.86,-8.32951576e-04,3.405410e-03,5.180127e-06,-9.2928997830e-12,5.8369e-02,1.0312
176.36,-6.89896557e-04,3.332637e-03,5.383347e-06,-9.2946761399e-12,6.5660e-02,1.0312
176.87,-5.11924936e-04,3.262430e-03,5.581806e-06,-9.2958973852e-12,7.2952e-02,1.0312
177.38,-3.36590819e-04,3.194465e-03,5.774728e-06,-9.2963414744e-12,8.0083e-02,1.0312
177.88,-2.12968889e-04,3.128940e-03,5.960764e-06,-9.2983398758e-12,8.7098e-02,1.0312
178.39,-1.84323490e-04,3.055770e-03,6.138726e-06,-9.2983398758e-12,9.3969e-02,1.0312
178.90,-2.73150418e-04,2.984049e-03,6.308261e-06,-9.2996721435e-12,1.0066e-01,1.0312
179.40,-4.72990472e-04,2.915350e-03,6.470045e-06,-9.3004492996e-12,1.0730e-01,1.0312
179.91,-7.48463547e-04,2.851104e-03,6.624925e-06,-9.3010044111e-12,1.1390e-01,1.0312
180.42,-1.04793530e-03,2.793451e-03,6.773416e-06,-9.3022256564e-12,1.2045e-01,1.0312
180.92,-1.31882425e-03,2.743403e-03,6.917032e-06,-9.3030028125e-12,1.2696e-01,1.0312
181.43,-1.51875465e-03,2.699836e-03,7.057006e-06,-9.3027807679e-12,1.3342e-01,1.0312
181.94,-1.62309969e-03,2.660482e-03,7.194295e-06,-9.3048901917e-12,1.3983e-01,1.0312
182.44,-1.62946248e-03,2.623468e-03,7.329355e-06,-9.3058893924e-12,1.4620e-01,1.0312
182.95,-1.55543721e-03,2.588784e-03,7.462019e-06,-9.3054453032e-12,1.5253e-01,1.0312
183.46,-1.43453451e-03,2.558530e-03,7.591787e-06,-9.3750562868e-12,1.4987e-01,1.0250
183.96,-1.31112384e-03,2.537252e-03,7.718557e-06,-9.3763885545e-12,1.5624e-01,1.0250
184.47,-1.22704088e-03,2.529834e-03,7.843282e-06,-9.3786090005e-12,1.6256e-01,1.0250
184.98,-1.20586408e-03,2.537767e-03,7.968338e-06,-9.3782759336e-12,1.6884e-01,1.0250
185.48,-1.24730633e-03,2.564692e-03,8.095085e-06,-9.3789420674e-12,1.7507e-01,1.0250
185.99,-1.33218139e-03,2.622733e-03,8.224155e-06,-9.4491081626e-12,1.7066e-01,1.0188
186.50,-1.43163541e-03,2.718000e-03,8.356477e-06,-9.4488861180e-12,1.7695e-01,1.0188
187.00,-1.51381832e-03,2.839290e-03,8.493826e-06,-9.4514396309e-12,2.8574e-02,1.0188
187.51,-1.54752161e-03,2.958813e-03,8.636523e-06,-9.6210817091e-12,3.7534e-02,1.0188
188.02,-1.50685382e-03,3.056258e-03,8.782137e-06,-9.9653618690e-12,3.5797e-02,1.0250
188.53,-1.37474022e-03,3.126046e-03,8.927248e-06,-1.0120682070e-11,3.5928e-02,1.0250
189.03,-1.14356131e-03,3.177658e-03,9.069313e-06,-1.0568435016e-11,3.4405e-02,1.0312
189.54,-8.22018358e-04,3.221003e-03,9.206976e-06,-1.0617506874e-11,3.2470e-02,1.0312
190.05,-4.52024391e-04,3.261911e-03,9.340063e-06,-1.0640488490e-11,3.0746e-02,1.0375
190.55,-1.18464495e-04,3.301926e-03,9.469017e-06,-1.0642264847e-11,2.9551e-02,1.0375
191.06,7.08819424e-05,3.339777e-03,9.594000e-06,-1.0642597914e-11,2.8661e-02,1.0375
191.57,3.23215642e-05,3.374132e-03,9.713860e-06,-1.0643486092e-11,2.3972e-02,1.0375
192.07,-2.54333396e-04,3.402865e-03,9.826204e-06,-1.0644818360e-11,3.1017e-02,1.0375
192.58,-7.34891113e-04,3.424836e-03,9.928315e-06,-1.0645373472e-11,3.8021e-02,1.0375
193.09,-1.29958082e-03,3.440180e-03,1.001814e-05,-1.0646150628e-11,4.4984e-02,1.0375
193.59,-1.82172464e-03,3.449913e-03,1.009482e-05,-1.0647704940e-11,5.1904e-02,1.0375
194.10,-2.19181923e-03,3.455557e-03,1.015828e-05,-1.0648149029e-11,5.8781e-02,1.0375
194.61,-2.33701825e-03,3.458575e-03,1.020837e-05,-1.0648926185e-11,6.5616e-02,1.0375
195.11,-2.23183710e-03,3.460651e-03,1.024439e-05,-1.0649259252e-11,7.2408e-02,1.0375
195.62,-1.90066584e-03,3.455486e-03,1.026493e-05,-1.0650591520e-11,7.9156e-02,1.0375
196.13,-1.41071757e-03,3.455553e-03,1.026821e-05,-1.0651257654e-11,8.5861e-02,1.0375
196.63,-8.55177420e-04,3.452451e-03,1.025261e-05,-1.0652034810e-11,9.2523e-02,1.0375
197.14,-3.27131678e-04,3.448419e-03,1.021704e-05,-1.0722311927e-11,9.6842e-02,1.0312
197.65,1.01193790e-04,3.441479e-03,1.016087e-05,-1.0723422150e-11,1.0351e-01,1.0312
198.15,3.89548320e-04,3.430001e-03,1.008350e-05,-1.0723977262e-11,1.1013e-01,1.0312
198.66,5.37911817e-04,3.417146e-03,9.984216e-06,-1.0724532373e-11,1.1671e-01,1.0312
199.17,5.79111107e-04,3.398490e-03,9.862057e-06,-1.0726086686e-11,1.2324e-01,1.0312
199.67,5.61817352e-04,3.378713e-03,9.715830e-06,-1.0725642596e-11,1.2973e-01,1.0312
200.18,5.35744734e-04,3.353595e-03,9.543904e-06,-1.0795586647e-11,1.3237e-01,1.0250
200.69,5.36184169e-04,3.324834e-03,9.345398e-06,-1.0797140959e-11,1.3887e-01,1.0250
201.19,5.80319734e-04,3.295389e-03,9.120303e-06,-1.0798251182e-11,1.4532e-01,1.0250
201.70,6.72335616e-04,3.263885e-03,8.869801e-06,-1.0797807093e-11,1.5173e-01,1.0250
202.21,8.05900109e-04,3.241511e-03,8.596070e-06,-1.0800027539e-11,1.5796e-01,1.0250
202.72,9.66433826e-04,3.222242e-03,8.301517e-06,-1.0800582650e-11,4.9752e-02,1.0250
203.22,1.13646574e-03,3.215714e-03,7.988249e-06,-1.0801692873e-11,1.8394e-02,1.0250
203.73,1.30197062e-03,3.219546e-03,7.657810e-06,-1.0803913320e-11,2.3672e-02,1.0250
204.24,1.45573284e-03,3.231993e-03,7.311144e-06,-1.1232903496e-11,2.2441e-02,1.0250
204.74,1.59678223e-03,3.251683e-03,6.948780e-06,-1.1274869927e-11,2.2899e-02,1.0312
205.25,1.72767162e-03,3.276273e-03,6.571444e-06,-1.1274758904e-11,2.5149e-02,1.0312
205.76,1.85144009e-03,3.300635e-03,6.180524e-06,-1.1275869127e-11,2.6231e-02,1.0312
206.26,1.96897091e-03,3.322519e-03,5.778906e-06,-1.1276646283e-11,2.6107e-02,1.0312
206.77,2.07832434e-03,3.340701e-03,5.371951e-06,-1.1277090373e-11,2.5017e-02,1.0312
207.28,2.17681782e-03,3.354847e-03,4.968063e-06,-1.1278422640e-11,2.7096e-02,1.0312
207.78,2.26587124e-03,3.365111e-03,4.578268e-06,-1.1279643886e-11,3.4208e-02,1.0312
208.29,2.35524928e-03,3.372014e-03,4.215537e-06,-1.1280532064e-11,4.1278e-02,1.0312
208.80,2.46245227e-03,3.376049e-03,3.894460e-06,-1.1281642287e-11,4.8304e-02,1.0312
209.30,2.60532366e-03,3.377341e-03,3.632384e-06,-1.1282419443e-11,5.5287e-02,1.0312
209.81,2.79294329e-03,3.375272e-03,3.450533e-06,-1.1282863532e-11,6.2226e-02,1.0312
210.32,3.02334242e-03,3.369165e-03,3.370814e-06,-1.1284084778e-11,6.9121e-02,1.0312
210.82,3.28642486e-03,3.358111e-03,3.407273e-06,-1.1285528068e-11,7.5972e-02,1.0312
211.33,3.56709705e-03,3.341846e-03,3.558050e-06,-1.1286527268e-11,8.2778e-02,1.0312
211.84,3.84837379e-03,3.320616e-03,3.806772e-06,-1.1286971358e-11,8.9540e-02,1.0312
212.34,4.11633626e-03,3.294804e-03,4.132620e-06,-1.1288414647e-11,9.6257e-02,1.0312
212.85,4.36200860e-03,3.264779e-03,4.518984e-06,-1.1288303625e-11,1.0293e-01,1.0312
213.36,4.57764529e-03,3.230053e-03,4.954880e-06,-1.1356027230e-11,1.0588e-01,1.0250
213.86,4.75310471e-03,3.189868e-03,5.430327e-06,-1.1357137453e-11,1.1263e-01,1.0250
214.37,4.87707479e-03,3.144225e-03,5.932060e-06,-1.1357692564e-11,1.1927e-01,1.0250
214.88,4.94034726e-03,3.092815e-03,6.443884e-06,-1.1358913810e-11,1.2586e-01,1.0250
215.38,4.93296817e-03,3.035952e-03,6.951528e-06,-1.1359913010e-11,1.3241e-01,1.0250
215.89,4.83870520e-03,2.973709e-03,7.447290e-06,-1.1361023233e-11,1.3891e-01,1.0250
216.40,4.64034892e-03,2.906199e-03,7.930885e-06,-1.1361578345e-11,1.4536e-01,1.0250
216.91,4.33997486e-03,2.834152e-03,8.405237e-06,-1.1362133456e-11,1.5177e-01,1.0250
217.41,3.97531703e-03,2.759031e-03,8.871063e-06,-1.1363798791e-11,1.5812e-01,1.0250
217.92,3.60933134e-03,2.682176e-03,9.324289e-06,-1.1364797992e-11,1.6443e-01,1.0250
218.43,3.29002407e-03,2.605748e-03,9.757491e-06,-1.1432521596e-11,3.4841e-02,1.0188
218.93,3.00631885e-03,2.532535e-03,1.016327e-05,-1.1433631819e-11,4.2740e-02,1.0188
219.44,2.67546153e-03,2.466742e-03,1.053744e-05,-1.1434519998e-11,2.3226e-02,1.0188
219.95,2.18862904e-03,2.411519e-03,1.087884e-05,-1.1456613436e-11,1.9738e-02,1.0250
220.45,1.49310117e-03,2.369447e-03,1.118776e-05,-1.1459055926e-11,1.6580e-02,1.0250
220.96,6.40949767e-04,2.347793e-03,1.146371e-05,-1.1458389793e-11,1.6211e-02,1.0250
221.47,-2.33133278e-04,2.347795e-03,1.170519e-05,-1.1460166149e-11,1.4165e-02,1.0250
221.97,-9.72197081e-04,2.357819e-03,1.190997e-05,-1.1461054328e-11,1.3276e-02,1.0250
222.48,-1.45267878e-03,2.366899e-03,1.207523e-05,-1.1462275573e-11,1.2021e-02,1.0250
222.99,-1.62501364e-03,2.371907e-03,1.219865e-05,-1.1462386595e-11,1.7608e-02,1.0250
223.49,-1.52826773e-03,2.375368e-03,1.227903e-05,-1.1462164551e-11,2.4924e-02,1.0250
224.00,-1.25878992e-03,2.380248e-03,1.231654e-05,-1.1464273975e-11,3.2311e-02,1.0250
224.51,-9.28099209e-04,2.388686e-03,1.231246e-05,-1.1465384198e-11,3.9698e-02,1.0250
225.01,-6.32245707e-04,2.401561e-03,1.226860e-05,-1.1466494421e-11,4.7081e-02,1.0250
225.52,-4.36228300e-04,2.418686e-03,1.218669e-05,-1.1467160554e-11,5.4462e-02,1.0250
226.03,-3.66673274e-04,2.439148e-03,1.206787e-05,-1.1468603844e-11,6.1843e-02,1.0250
226.53,-4.10626866e-04,2.462024e-03,1.191269e-05,-1.1468492822e-11,6.9222e-02,1.0250
227.04,-5.27582957e-04,2.486452e-03,1.172166e-05,-1.1469936112e-11,7.6342e-02,1.0250
227.55,-6.74735470e-04,2.511814e-03,1.149601e-05,-1.1470713268e-11,8.3324e-02,1.0250
228.05,-8.27682902e-04,2.538090e-03,1.123819e-05,-1.1471157357e-11,9.0165e-02,1.0250
228.56,-9.86843700e-04,2.565143e-03,1.095176e-05,-1.1472600647e-11,9.6959e-02,1.0250
229.07,-1.17554227e-03,2.593016e-03,1.064099e-05,-1.1473266781e-11,1.0371e-01,1.0250
229.57,-1.42778703e-03,2.621410e-03,1.031078e-05,-1.1474821093e-11,1.1041e-01,1.0250
230.08,-1.76802371e-03,2.649381e-03,9.966904e-06,-1.1474932116e-11,1.1706e-01,1.0250
230.59,-2.19616035e-03,2.675889e-03,9.616155e-06,-1.1477041539e-11,1.2367e-01,1.0250
231.10,-2.68474870e-03,2.699672e-03,9.265802e-06,-1.1476819495e-11,1.3023e-01,1.0250
231.60,-3.19036285e-03,2.719936e-03,8.922633e-06,-1.1477596651e-11,1.3675e-01,1.0250
232.11,-3.66465852e-03,2.736298e-03,8.592305e-06,-1.1478928919e-11,1.4322e-01,1.0250
232.62,-4.04630979e-03,2.748861e-03,8.279471e-06,-1.1480261186e-11,1.4964e-01,1.0250
233.12,-4.24906889e-03,2.757905e-03,7.988345e-06,-1.1547207635e-11,2.3990e-02,1.0188
233.63,-4.16785739e-03,2.763789e-03,7.722822e-06,-1.1549872170e-11,1.3011e-02,1.0250
234.14,-3.71390305e-03,2.767409e-03,7.485655e-06,-1.1551426482e-11,1.3793e-02,1.0250
234.64,-2.88151187e-03,2.770175e-03,7.277203e-06,-1.1551870571e-11,1.9069e-02,1.0250
235.15,-1.82251840e-03,2.773799e-03,7.094863e-06,-1.1554091017e-11,1.6853e-02,1.0250
235.66,-8.73666946e-04,2.780231e-03,6.933779e-06,-1.1554091017e-11,1.9912e-02,1.0250
236.16,-4.72447126e-04,2.790660e-03,6.788464e-06,-1.1555312263e-11,1.8051e-02,1.0250
236.67,-9.23874602e-04,2.805548e-03,6.654441e-06,-1.1556866575e-11,1.9791e-02,1.0250
237.18,-2.17680729e-03,2.824385e-03,6.529251e-06,-1.1558531909e-11,2.1282e-02,1.0250
237.68,-3.84553911e-03,2.846291e-03,6.412805e-06,-1.1561640534e-11,2.2310e-02,1.0250
238.19,-5.44429352e-03,2.870409e-03,6.307386e-06,-1.1564971203e-11,2.2679e-02,1.0250
238.70,-6.59444175e-03,2.896199e-03,6.217378e-06,-1.1572964809e-11,2.2326e-02,1.0250
239.20,-7.08637052e-03,2.923520e-03,6.148400e-06,-1.1581180459e-11,2.1334e-02,1.0250
239.71,-6.88049131e-03,2.952570e-03,6.105638e-06,-1.1587841797e-11,1.9754e-02,1.0250
240.22,-6.08504333e-03,2.983776e-03,6.091928e-06,-1.1593725979e-11,2.3664e-02,1.0250
240.72,-4.89866763e-03,3.017619e-03,6.106669e-06,-1.1596279492e-11,3.1032e-02,1.0250
241.23,-3.54539413e-03,3.054448e-03,6.146148e-06,-1.1597944827e-11,3.8277e-02,1.0250
241.74,-2.23826674e-03,3.094250e-03,6.204827e-06,-1.1600498340e-11,4.5364e-02,1.0250
242.24,-1.15877932e-03,3.136494e-03,6.276595e-06,-1.1601164474e-11,5.1969e-02,1.0250
242.75,-4.27640536e-04,3.180095e-03,6.355523e-06,-1.1603162875e-11,5.7174e-02,1.0250
243.26,-7.07918779e-05,3.223577e-03,6.436131e-06,-1.1604051053e-11,6.1683e-02,1.0250
243.76,-1.15701112e-05,3.265414e-03,6.513496e-06,-1.1605161276e-11,6.4338e-02,1.0250
244.27,-1.17904686e-04,3.304545e-03,6.583341e-06,-1.1605605366e-11,6.9297e-02,1.0250
244.78,-2.59136595e-04,3.340759e-03,6.642228e-06,-1.1607492745e-11,7.6741e-02,1.0250
245.29,-3.37359658e-04,3.374833e-03,6.687839e-06,-1.1607492745e-11,8.4262e-02,1.0250
245.79,-3.00710325e-04,3.408300e-03,6.719333e-06,-1.1608491945e-11,9.1607e-02,1.0250
246.30,-1.36706201e-04,3.442975e-03,6.737785e-06,-1.1609491146e-11,9.8693e-02,1.0250
246.81,1.40163336e-04,3.480292e-03,6.746884e-06,-1.1609824213e-11,1.0580e-01,1.0250
247.31,5.01201430e-04,3.520821e-03,6.752988e-06,-1.1610823414e-11,1.1276e-01,1.0250
247.82,9.12666554e-04,3.563617e-03,6.763800e-06,-1.1611489548e-11,1.1940e-01,1.0250
248.33,1.33966617e-03,3.607835e-03,6.785520e-06,-1.1613487949e-11,1.2599e-01,1.0250
248.83,1.74772947e-03,3.651731e-03,6.820125e-06,-1.1613821016e-11,1.3253e-01,1.0250
249.34,2.10406963e-03,3.693917e-03,6.864880e-06,-1.1614709194e-11,1.3903e-01,1.0250
249.85,2.37938850e-03,3.731979e-03,6.914480e-06,-1.1615708395e-11,1.4548e-01,1.0250
250.35,2.55147200e-03,3.765404e-03,6.964039e-06,-1.1616485551e-11,1.5189e-01,1.0250
250.86,2.60753270e-03,3.792825e-03,7.010937e-06,-1.1617373730e-11,1.5824e-01,1.0250
251.37,2.54253102e-03,3.813691e-03,7.054925e-06,-1.1618483953e-11,1.6455e-01,1.0250
251.87,2.35868489e-03,3.827440e-03,7.097239e-06,-1.1636691610e-11,2.2090e-02,1.0250
252.38,2.06317312e-03,3.834723e-03,7.139685e-06,-1.1694312185e-11,2.1261e-02,1.0250
252.89,1.66610543e-03,3.836223e-03,7.183866e-06,-1.2424505869e-11,2.6029e-02,1.0312
253.39,1.18044038e-03,3.832065e-03,7.230520e-06,-1.2424838935e-11,2.9271e-02,1.0312
253.90,6.26565318e-04,3.822802e-03,7.278912e-06,-1.2426060181e-11,3.0431e-02,1.0312
254.41,3.57155264e-05,3.808927e-03,7.327022e-06,-1.2426837337e-11,2.9476e-02,1.0312
254.91,-5.49309398e-04,3.790681e-03,7.373536e-06,-1.2428724716e-11,2.6772e-02,1.0312
255.42,-1.07551545e-03,3.767859e-03,7.420662e-06,-1.2429168805e-11,2.2753e-02,1.0312
255.93,-1.48998458e-03,3.739798e-03,7.474932e-06,-1.2428946761e-11,1.7982e-02,1.0312
256.43,-1.75093703e-03,3.705853e-03,7.544287e-06,-1.2430945162e-11,2.2049e-02,1.0312
256.94,-1.83782615e-03,3.665626e-03,7.633071e-06,-1.2431389251e-11,2.9354e-02,1.0312
257.45,-1.75740313e-03,3.619098e-03,7.739155e-06,-1.2432055385e-11,3.6652e-02,1.0312
257.96,-1.54162283e-03,3.566650e-03,7.855540e-06,-1.2433165608e-11,4.3947e-02,1.0312
258.46,-1.23869603e-03,3.508893e-03,7.974406e-06,-1.2434719920e-11,5.1239e-02,1.0312
258.97,-9.02929645e-04,3.446342e-03,8.090371e-06,-1.2434497876e-11,5.8530e-02,1.0312
259.48,-5.82975450e-04,3.379548e-03,8.200940e-06,-1.2435941166e-11,6.5688e-02,1.0312
259.98,-3.12354977e-04,3.309213e-03,8.304705e-06,-1.2437495478e-11,7.2796e-02,1.0312
260.49,-1.04934204e-04,3.236372e-03,8.399660e-06,-1.2438827746e-11,7.9625e-02,1.0312
261.00,4.29033782e-05,3.162389e-03,8.482822e-06,-1.2439049790e-11,8.6409e-02,1.0312
261.50,1.48436813e-04,3.088667e-03,8.550906e-06,-1.2440271036e-11,9.3147e-02,1.0312
262.01,2.34075130e-04,3.016309e-03,8.601248e-06,-1.2440715125e-11,9.9840e-02,1.0312
262.52,3.19505820e-04,2.946194e-03,8.632569e-06,-1.2442047392e-11,1.0649e-01,1.0312
263.02,4.17902871e-04,2.879533e-03,8.645382e-06,-1.2443379660e-11,1.1309e-01,1.0312
263.53,5.35215733e-04,2.817712e-03,8.641589e-06,-1.2443934772e-11,1.1965e-01,1.0312
264.04,6.69376754e-04,2.762302e-03,8.623789e-06,-1.2444378861e-11,1.2616e-01,1.0312
264.54,8.12823073e-04,2.715964e-03,8.594400e-06,-1.2445822151e-11,1.3263e-01,1.0312
265.05,9.60755740e-04,2.683468e-03,8.555186e-06,-1.2446599307e-11,1.3905e-01,1.0312
265.56,1.11015001e-03,2.668785e-03,8.506914e-06,-1.2446266240e-11,1.4542e-01,1.0312
266.06,1.25589954e-03,2.673873e-03,8.449522e-06,-1.2516432335e-11,1.4369e-01,1.0250
266.57,1.38835016e-03,2.698478e-03,8.382412e-06,-1.2516876424e-11,1.5011e-01,1.0250
267.08,1.48583079e-03,2.740920e-03,8.304534e-06,-1.2517764603e-11,1.5648e-01,1.0250
267.58,1.51892428e-03,2.799194e-03,8.214511e-06,-1.2518985848e-11,1.6280e-01,1.0250
268.09,1.47176497e-03,2.867423e-03,8.110436e-06,-1.2519985049e-11,1.6908e-01,1.0250
268.60,1.35445518e-03,2.943832e-03,7.990060e-06,-1.2588263765e-11,1.1526e-01,1.0188
269.10,1.19401737e-03,3.033228e-03,7.851121e-06,-1.2589707055e-11,1.2241e-01,1.0188
269.61,1.00834354e-03,3.136786e-03,7.691898e-06,-1.2590484211e-11,1.2939e-01,1.0188
270.12,7.79446137e-04,3.253049e-03,7.511594e-06,-1.2591372389e-11,1.3599e-01,1.0188
270.62,4.55250273e-04,3.376394e-03,7.310371e-06,-1.2592593635e-11,1.4254e-01,1.0188
271.13,-1.28419567e-05,3.499870e-03,7.088975e-06,-1.2592260568e-11,1.4904e-01,1.0188
271.64,-6.19054089e-04,3.620610e-03,6.848965e-06,-1.2594369991e-11,1.5549e-01,1.0188
272.15,-1.28338983e-03,3.736479e-03,6.592824e-06,-1.2595369192e-11,1.6190e-01,1.0188
272.65,-1.87849144e-03,3.846141e-03,6.323608e-06,-1.2596590437e-11,1.6826e-01,1.0188
273.16,-2.27427007e-03,3.949380e-03,6.044578e-06,-1.2596590437e-11,1.7456e-01,1.0188
273.67,-2.38208112e-03,4.046968e-03,5.759038e-06,-1.2597589638e-11,1.8082e-01,1.0188
274.17,-2.18515008e-03,4.139508e-03,5.471539e-06,-1.2662981774e-11,9.0101e-02,1.0125
274.68,-1.74014074e-03,4.227896e-03,5.187176e-06,-1.2664091997e-11,9.7744e-02,1.0125
275.19,-1.15229609e-03,4.315287e-03,4.911073e-06,-1.2665091198e-11,1.0492e-01,1.0125
275.69,-5.42397180e-04,4.405300e-03,4.650567e-06,-1.2666867555e-11,1.1223e-01,1.0125
276.20,-1.51278411e-05,4.510155e-03,4.408151e-06,-1.2666978577e-11,1.1937e-01,1.0125
276.71,3.64962628e-04,4.621887e-03,4.186732e-06,-1.2668088800e-11,1.2613e-01,1.0125
277.21,5.81439969e-04,4.716326e-03,3.988818e-06,-1.2668754934e-11,1.3283e-01,1.0125
277.72,6.59345315e-04,4.805509e-03,3.813238e-06,-1.2669754135e-11,1.3948e-01,1.0125
278.23,6.49699179e-04,4.867162e-03,3.660359e-06,-1.2670531291e-11,1.4609e-01,1.0125
278.73,6.06947082e-04,4.917859e-03,3.531968e-06,-1.2672196625e-11,1.5264e-01,1.0125
279.24,5.72774655e-04,4.958712e-03,3.430959e-06,-1.2673528893e-11,1.5915e-01,1.0125
279.75,5.71177886e-04,4.989885e-03,3.360509e-06,-1.2779888259e-11,3.0854e-03,1.0188
280.25,6.10087674e-04,5.010711e-03,3.323436e-06,-1.2918222048e-11,1.3953e-02,1.0250
280.76,6.83841742e-04,5.019615e-03,3.321925e-06,-1.2919443293e-11,2.8680e-02,1.0250
281.27,7.77013975e-04,5.022847e-03,3.356474e-06,-1.2919554315e-11,3.1562e-02,1.0250
281.77,8.71530587e-04,5.007985e-03,3.424315e-06,-1.2920553516e-11,3.5299e-02,1.0250
282.28,9.52783539e-04,4.982297e-03,3.519788e-06,-1.2924217252e-11,3.2308e-02,1.0250
282.79,1.01106797e-03,4.945411e-03,3.637630e-06,-1.2934320281e-11,2.9179e-02,1.0250
283.29,1.04187833e-03,4.895975e-03,3.775988e-06,-1.2994605392e-11,2.5221e-02,1.0250
283.80,1.04822312e-03,4.832486e-03,3.935324e-06,-1.3225975870e-11,2.2845e-02,1.0250
284.31,1.03947612e-03,4.753931e-03,4.113930e-06,-1.3406165067e-11,1.9600e-02,1.0312
284.81,1.02234380e-03,4.661742e-03,4.304959e-06,-1.3408718580e-11,1.5637e-02,1.0312
285.32,9.96938606e-04,4.559987e-03,4.497047e-06,-1.3408829602e-11,1.7339e-02,1.0312
285.83,9.62560978e-04,4.454645e-03,4.679466e-06,-1.3409717781e-11,2.4507e-02,1.0312
286.34,9.19111616e-04,4.352787e-03,4.846888e-06,-1.3410161870e-11,3.1634e-02,1.0312
286.84,8.64736670e-04,4.260889e-03,4.999862e-06,-1.3412049249e-11,3.8719e-02,1.0312
287.35,8.02466534e-04,4.183189e-03,5.141820e-06,-1.3411383115e-11,4.5761e-02,1.0312
287.86,7.43894355e-04,4.119999e-03,5.275659e-06,-1.3413381517e-11,5.2760e-02,1.0312
288.36,6.99774013e-04,4.067252e-03,5.402282e-06,-1.3414602762e-11,5.9715e-02,1.0312
288.87,6.73895345e-04,4.017805e-03,5.521287e-06,-1.3414713784e-11,6.6626e-02,1.0312
289.38,6.66791221e-04,3.964233e-03,5.632427e-06,-1.3415935030e-11,7.3492e-02,1.0312
289.88,6.76689681e-04,3.901800e-03,5.736519e-06,-1.3417045253e-11,8.0315e-02,1.0312
290.39,6.97118608e-04,3.830402e-03,5.835643e-06,-1.3486212147e-11,8.6854e-02,1.0250
290.90,7.19989298e-04,3.754543e-03,5.933086e-06,-1.3486434192e-11,9.3909e-02,1.0250
291.40,7.41973796e-04,3.681676e-03,6.032904e-06,-1.3487433392e-11,1.0098e-01,1.0250
291.91,7.66042242e-04,3.619608e-03,6.139392e-06,-1.3488321571e-11,1.0783e-01,1.0250
292.42,7.96107686e-04,3.574117e-03,6.256018e-06,-1.3489320771e-11,1.1450e-01,1.0250
292.92,8.33004541e-04,3.547491e-03,6.383892e-06,-1.3490319972e-11,1.2113e-01,1.0250
293.43,8.77292718e-04,3.519314e-03,6.521428e-06,-1.3489653838e-11,1.2771e-01,1.0250
293.94,9.30670614e-04,3.523900e-03,6.665352e-06,-1.3492318374e-11,1.3411e-01,1.0250
294.44,9.93229299e-04,3.518388e-03,6.812409e-06,-1.3493206552e-11,3.3166e-02,1.0250
294.95,1.06617180e-03,3.537335e-03,6.961373e-06,-1.3501311180e-11,2.5900e-02,1.0250
295.46,1.15614842e-03,3.557661e-03,7.113359e-06,-1.3725909298e-11,2.8050e-02,1.0250
295.96,1.26573448e-03,3.576049e-03,7.270674e-06,-1.4074408305e-11,3.1376e-02,1.0250
296.47,1.38609015e-03,3.591029e-03,7.435081e-06,-1.4105383528e-11,3.2452e-02,1.0312
296.98,1.50452372e-03,3.602371e-03,7.606856e-06,-1.4106160684e-11,3.1673e-02,1.0312
297.48,1.61362236e-03,3.610526e-03,7.784803e-06,-1.4107492952e-11,2.9528e-02,1.0312
297.99,1.71042240e-03,3.616314e-03,7.966774e-06,-1.4108381130e-11,2.6460e-02,1.0312
298.50,1.79010653e-03,3.620786e-03,8.150197e-06,-1.4108825219e-11,2.2788e-02,1.0312
299.00,1.84850103e-03,3.625081e-03,8.332657e-06,-1.4109935442e-11,2.7052e-02,1.0312
299.51,1.88816323e-03,3.629982e-03,8.512857e-06,-1.4111045665e-11,3.4348e-02,1.0312
300.02,1.91638645e-03,3.635934e-03,8.691534e-06,-1.4112155888e-11,4.1641e-02,1.0312
300.53,1.93811965e-03,3.642832e-03,8.871437e-06,-1.4112599978e-11,4.8933e-02,1.0312
301.03,1.95225522e-03,3.649182e-03,9.055824e-06,-1.4112933044e-11,5.6009e-02,1.0312
301.54,1.95302797e-03,3.654419e-03,9.245920e-06,-1.4115042468e-11,6.2946e-02,1.0312
302.05,1.93300489e-03,3.658218e-03,9.439496e-06,-1.4115486557e-11,6.9838e-02,1.0312
302.55,1.88431308e-03,3.661177e-03,9.631406e-06,-1.4116152691e-11,7.6685e-02,1.0312
303.06,1.79910541e-03,3.664538e-03,9.815800e-06,-1.4117818026e-11,8.3487e-02,1.0312
303.57,1.67347706e-03,3.668086e-03,9.988318e-06,-1.4118373137e-11,9.0244e-02,1.0312
304.07,1.51170588e-03,3.670323e-03,1.014696e-05,-1.4119150293e-11,9.6956e-02,1.0312
304.58,1.32767565e-03,3.667216e-03,1.029118e-05,-1.4120260516e-11,1.0362e-01,1.0312
305.09,1.14136194e-03,3.654394e-03,1.042066e-05,-1.4120704606e-11,1.1025e-01,1.0312
305.59,9.69505138e-04,3.627899e-03,1.053487e-05,-1.4121592784e-11,1.1682e-01,1.0312
306.10,8.16634803e-04,3.582910e-03,1.063197e-05,-1.4123258119e-11,1.2336e-01,1.0312
306.61,6.75057343e-04,3.520562e-03,1.071075e-05,-1.4123591185e-11,1.2984e-01,1.0312
307.11,5.32671382e-04,3.441850e-03,1.076992e-05,-1.4124479364e-11,1.3628e-01,1.0312
307.62,3.82186314e-04,3.347911e-03,1.080833e-05,-1.4193979325e-11,1.3520e-01,1.0250
308.13,2.25866182e-04,3.254838e-03,1.082481e-05,-1.4194867504e-11,1.4168e-01,1.0250
308.63,7.23704190e-05,3.170674e-03,1.081825e-05,-1.4195200571e-11,1.4811e-01,1.0250
309.14,-6.95985202e-05,3.103628e-03,1.078664e-05,-1.4196643860e-11,1.5450e-01,1.0250
309.65,-1.93630201e-04,3.005774e-03,1.072997e-05,-1.4197087950e-11,1.6083e-01,1.0250
310.15,-2.94615259e-04,2.991331e-03,1.065004e-05,-1.4198309195e-11,1.6712e-01,1.0250
310.66,-3.67622042e-04,3.023104e-03,1.054510e-05,-1.4199752485e-11,1.7337e-01,1.0250
311.17,-4.07887597e-04,3.089755e-03,1.041556e-05,-1.4268031201e-11,1.7044e-01,1.0188
311.67,-4.11381035e-04,3.177331e-03,1.026229e-05,-1.4269807558e-11,1.7673e-01,1.0188
312.18,-3.74928030e-04,3.256091e-03,1.008458e-05,-1.4269807558e-11,1.8297e-01,1.0188
312.69,-2.99359676e-04,3.320571e-03,9.881488e-06,-1.4371059898e-11,3.5008e-02,1.0125
313.19,-1.96581004e-04,3.386795e-03,9.652102e-06,-1.4389933689e-11,4.0615e-02,1.0125
313.70,-9.58404201e-05,3.441349e-03,9.395665e-06,-1.4404366588e-11,3.7183e-02,1.0125
314.21,-4.58453147e-05,3.486708e-03,9.111890e-06,-1.4438006346e-11,7.3500e-03,1.0188
314.72,-1.09119972e-04,3.526596e-03,8.800760e-06,-1.4447110175e-11,3.4958e-02,1.0250
315.22,-3.36606477e-04,3.544879e-03,8.462120e-06,-1.4449219599e-11,2.4551e-02,1.0250
315.73,-7.33991440e-04,3.582946e-03,8.095570e-06,-1.4594880859e-11,3.0974e-02,1.0250
316.24,-1.25066830e-03,3.621474e-03,7.701069e-06,-1.4817036487e-11,3.4865e-02,1.0250
316.74,-1.79938276e-03,3.660796e-03,7.279896e-06,-1.4945378268e-11,3.6035e-02,1.0312
317.25,-2.29055387e-03,3.699569e-03,6.835376e-06,-1.5620504890e-11,3.5133e-02,1.0312
317.76,-2.66103086e-03,3.735072e-03,6.372752e-06,-1.5626056005e-11,3.2699e-02,1.0375
318.26,-2.89103386e-03,3.764461e-03,5.898230e-06,-1.5627499295e-11,2.9156e-02,1.0375
318.77,-3.00879067e-03,3.786209e-03,5.417936e-06,-1.5627721339e-11,2.4844e-02,1.0375
319.28,-3.07579600e-03,3.800729e-03,4.937562e-06,-1.5628165428e-11,2.0135e-02,1.0375
319.78,-3.15623512e-03,3.809844e-03,4.463188e-06,-1.5629941785e-11,2.6790e-02,1.0375
320.29,-3.28387195e-03,3.815552e-03,4.003202e-06,-1.5630496897e-11,3.3819e-02,1.0375
320.80,-3.44459429e-03,3.819014e-03,3.570804e-06,-1.5631496098e-11,4.0806e-02,1.0375
321.30,-3.58569068e-03,3.819758e-03,3.186398e-06,-1.5632606321e-11,4.7752e-02,1.0375
321.81,-3.64604357e-03,3.816959e-03,2.878879e-06,-1.5632606321e-11,5.4655e-02,1.0375
322.32,-3.58594614e-03,3.808111e-03,2.683674e-06,-1.5634049610e-11,6.1515e-02,1.0375
322.82,-3.40018243e-03,3.790538e-03,2.633008e-06,-1.5634604722e-11,6.8333e-02,1.0375
323.33,-3.11186493e-03,3.763980e-03,2.740009e-06,-1.5635381878e-11,7.5107e-02,1.0375
323.84,-2.76133776e-03,3.729079e-03,2.990540e-06,-1.5637713346e-11,8.1839e-02,1.0375
324.34,-2.40570394e-03,3.686217e-03,3.352761e-06,-1.5706991263e-11,8.1258e-02,1.0312
324.85,-2.12942752e-03,3.636845e-03,3.792541e-06,-1.5706658196e-11,8.8230e-02,1.0312
325.36,-2.04422608e-03,3.582254e-03,4.282184e-06,-1.5708212509e-11,9.5207e-02,1.0312
325.86,-2.25638653e-03,3.523838e-03,4.801981e-06,-1.5708767620e-11,1.0189e-01,1.0312
326.37,-2.81230524e-03,3.461996e-03,5.338083e-06,-1.5710210910e-11,1.0852e-01,1.0312
326.88,-3.65521906e-03,3.397018e-03,5.880338e-06,-1.5711321133e-11,1.1511e-01,1.0312
327.38,-4.62117679e-03,3.329702e-03,6.421337e-06,-1.5711987267e-11,1.2166e-01,1.0312
327.89,-5.49104915e-03,3.261883e-03,6.956047e-06,-1.5713208512e-11,1.2815e-01,1.0312
328.40,-6.06818538e-03,3.195777e-03,7.480367e-06,-1.5713652601e-11,1.3461e-01,1.0312
328.91,-6.22837316e-03,3.113555e-03,7.990774e-06,-1.5714984869e-11,1.4101e-01,1.0312
329.41,-5.93785418e-03,3.055538e-03,8.483911e-06,-1.5715428958e-11,1.4737e-01,1.0312
329.92,-5.24965467e-03,3.003123e-03,8.955965e-06,-1.5716428159e-11,1.2275e-01,1.0312
330.43,-4.28157269e-03,2.958429e-03,9.403280e-06,-1.5717316337e-11,3.2619e-02,1.0312
330.93,-3.18540802e-03,2.926892e-03,9.821960e-06,-1.5726309144e-11,3.3871e-02,1.0312
331.44,-2.11530624e-03,2.913617e-03,1.020817e-05,-1.5979884083e-11,3.3731e-02,1.0312
331.95,-1.20680476e-03,2.914174e-03,1.055914e-05,-1.6244339207e-11,3.2323e-02,1.0312
332.45,-5.54877689e-04,2.921842e-03,1.087259e-05,-1.6417756044e-11,2.9929e-02,1.0312
332.96,-1.86416490e-04,2.931125e-03,1.114693e-05,-1.6420864668e-11,2.6828e-02,1.0312
333.47,-5.76217320e-05,2.939366e-03,1.138144e-05,-1.6421530802e-11,2.3582e-02,1.0312
333.97,-7.75283702e-05,2.947819e-03,1.157645e-05,-1.6421974891e-11,1.9865e-02,1.0312
334.48,-1.45412511e-04,2.958253e-03,1.173290e-05,-1.6423529203e-11,2.6287e-02,1.0312
334.99,-1.83789911e-04,2.971981e-03,1.185195e-05,-1.6424417382e-11,3.3581e-02,1.0312
335.49,-1.51637355e-04,2.989765e-03,1.193470e-05,-1.6424528404e-11,4.0880e-02,1.0312
336.00,-4.15415489e-05,3.011990e-03,1.198186e-05,-1.6425083516e-11,4.8176e-02,1.0312
336.51,1.31652469e-04,3.037962e-03,1.199380e-05,-1.6426970895e-11,5.5468e-02,1.0312
337.01,3.42897738e-04,3.064770e-03,1.197045e-05,-1.6428525207e-11,6.2759e-02,1.0312
337.52,5.65939666e-04,3.091913e-03,1.191123e-05,-1.6428636229e-11,7.0051e-02,1.0312
338.03,7.78190308e-04,3.116636e-03,1.181520e-05,-1.6430412586e-11,7.7343e-02,1.0312
338.53,9.63703882e-04,3.140735e-03,1.168173e-05,-1.6430079519e-11,8.4338e-02,1.0312
339.04,1.11638799e-03,3.163479e-03,1.151172e-05,-1.6431633831e-11,9.1359e-02,1.0312
339.55,1.24312817e-03,3.184659e-03,1.130846e-05,-1.6432077921e-11,9.8094e-02,1.0312
340.05,1.36429785e-03,3.204403e-03,1.107746e-05,-1.6433188144e-11,1.0475e-01,1.0312
340.56,1.50974101e-03,3.219291e-03,1.082496e-05,-1.6434520411e-11,1.1137e-01,1.0312
341.07,1.70874393e-03,3.227762e-03,1.055659e-05,-1.6435741657e-11,1.1794e-01,1.0312
341.58,1.97844638e-03,3.228634e-03,1.027692e-05,-1.6434964500e-11,1.2446e-01,1.0312
342.08,2.31606562e-03,3.219773e-03,9.989161e-06,-1.6436740857e-11,1.3094e-01,1.0312
342.59,2.69562124e-03,3.200664e-03,9.695052e-06,-1.6437518013e-11,1.3737e-01,1.0312
343.10,3.07334039e-03,3.173818e-03,9.395512e-06,-1.6438961303e-11,1.4376e-01,1.0312
343.60,3.40100940e-03,3.143604e-03,9.090288e-06,-1.6440737660e-11,1.5010e-01,1.0312
344.11,3.64072186e-03,3.112708e-03,8.780291e-06,-1.6507906153e-11,6.1997e-02,1.0250
344.62,3.77465659e-03,3.084927e-03,8.470821e-06,-1.6507684109e-11,6.7391e-02,1.0250
345.12,3.80659854e-03,3.062547e-03,8.172746e-06,-1.6509571488e-11,7.4336e-02,1.0250
345.63,3.75604854e-03,3.056496e-03,7.903684e-06,-1.6510015577e-11,8.1235e-02,1.0250
346.14,3.64697124e-03,3.080861e-03,7.677653e-06,-1.6511902956e-11,8.8089e-02,1.0250
346.64,3.49969331e-03,3.141303e-03,7.499059e-06,-1.6510903755e-11,9.4896e-02,1.0250
347.15,3.32776288e-03,3.220007e-03,7.364862e-06,-1.6513124201e-11,1.0823e-02,1.0250
347.66,3.13923115e-03,3.297266e-03,7.263293e-06,-1.6513568291e-11,1.2297e-02,1.0250
348.16,2.94083991e-03,3.359581e-03,7.181064e-06,-1.6514789536e-11,1.1809e-02,1.0250
348.67,2.73995956e-03,3.407098e-03,7.109671e-06,-1.6515788737e-11,9.6449e-03,1.0250
349.18,2.54481945e-03,3.447011e-03,7.046554e-06,-1.6517565093e-11,1.2338e-02,1.0250
349.68,2.36486431e-03,3.485691e-03,6.992618e-06,-1.6518897361e-11,1.9155e-02,1.0250
350.19,2.21182021e-03,3.527002e-03,6.949705e-06,-1.6519008383e-11,2.6248e-02,1.0250
350.70,2.09870657e-03,3.574064e-03,6.918707e-06,-1.6519008383e-11,3.3619e-02,1.0250
351.20,2.03601794e-03,3.628362e-03,6.898374e-06,-1.6521672919e-11,4.1006e-02,1.0250
351.71,2.02484667e-03,3.687850e-03,6.885642e-06,-1.6521672919e-11,4.8390e-02,1.0250
352.22,2.05473347e-03,3.748862e-03,6.876228e-06,-1.6523338253e-11,5.5772e-02,1.0250
352.72,2.10753764e-03,3.808266e-03,6.864883e-06,-1.6524448476e-11,6.3152e-02,1.0250
353.23,2.16317466e-03,3.864612e-03,6.845962e-06,-1.6524781543e-11,7.0533e-02,1.0250
353.74,2.20100049e-03,3.918139e-03,6.814479e-06,-1.6526113811e-11,7.7744e-02,1.0250
354.24,2.20139114e-03,3.970062e-03,6.767849e-06,-1.6526113811e-11,8.4928e-02,1.0250
354.75,2.15511320e-03,4.021906e-03,6.707628e-06,-1.6527224034e-11,9.1949e-02,1.0250
355.26,2.07600681e-03,4.074861e-03,6.639811e-06,-1.6527668123e-11,9.8732e-02,1.0250
355.77,2.00206225e-03,4.129109e-03,6.573041e-06,-1.6529666524e-11,1.0547e-01,1.0250
356.27,1.97706145e-03,4.184131e-03,6.514915e-06,-1.6531220837e-11,1.1216e-01,1.0250
356.78,2.02303896e-03,4.239077e-03,6.468610e-06,-1.6529777547e-11,1.1880e-01,1.0250
357.29,2.12704098e-03,4.292960e-03,6.432174e-06,-1.6532109015e-11,1.2540e-01,1.0250
357.79,2.24845451e-03,4.344657e-03,6.400785e-06,-1.6532109015e-11,1.3194e-01,1.0250
358.30,2.32643280e-03,4.393002e-03,6.370129e-06,-1.6533330260e-11,1.3845e-01,1.0250
358.81,2.27336690e-03,4.435263e-03,6.338495e-06,-1.6533996394e-11,1.4490e-01,1.0250
359.31,1.96791841e-03,4.470708e-03,6.306808e-06,-1.6535217640e-11,1.5131e-01,1.0250
359.82,1.28459749e-03,4.502543e-03,6.276861e-06,-1.6603052266e-11,1.4133e-01,1.0188
360.33,1.74215715e-04,4.532694e-03,6.249824e-06,-1.6604051467e-11,1.4785e-01,1.0188
360.83,-1.25976168e-03,4.563009e-03,6.225443e-06,-1.6606160891e-11,1.5431e-01,1.0188
361.34,-2.77736354e-03,4.589665e-03,6.201829e-06,-1.6605827824e-11,1.6072e-01,1.0188
361.85,-4.09385253e-03,4.621517e-03,6.176806e-06,-1.6607271114e-11,1.6709e-01,1.0188
362.35,-4.96576862e-03,4.653756e-03,6.150877e-06,-1.6608159292e-11,1.7341e-01,1.0188
362.86,-5.24245880e-03,4.689124e-03,6.129525e-06,-1.6608048270e-11,1.7968e-01,1.0188
363.37,-4.89579374e-03,4.720178e-03,6.122654e-06,-1.6723511465e-11,3.3909e-02,1.0125
363.87,-4.03272846e-03,4.746587e-03,6.139933e-06,-1.6731283026e-11,4.0005e-02,1.0125
364.38,-2.85314702e-03,4.763784e-03,6.184927e-06,-1.6736168007e-11,4.5115e-02,1.0125
364.89,-1.57698681e-03,4.771140e-03,6.252968e-06,-1.6740719921e-11,4.8721e-02,1.0125
365.39,-4.07268980e-04,4.771808e-03,6.334581e-06,-1.6745937970e-11,4.9521e-02,1.0125
365.90,4.87701846e-04,4.767157e-03,6.421850e-06,-1.6751378062e-11,5.2683e-02,1.0125
366.41,1.00489654e-03,4.758266e-03,6.512633e-06,-1.6754264642e-11,5.1852e-02,1.0125
366.91,1.13390603e-03,4.746428e-03,6.610015e-06,-1.6756929178e-11,5.8310e-02,1.0125
367.42,9.50896937e-04,4.728854e-03,6.718631e-06,-1.6757373267e-11,6.4202e-02,1.0125
367.93,5.83659957e-04,4.703857e-03,6.841368e-06,-1.6760814958e-11,2.0427e-02,1.0125
368.43,1.69734995e-04,4.664566e-03,6.978397e-06,-1.6766255051e-11,1.7989e-02,1.0188
368.94,-1.77088218e-04,4.614808e-03,7.127590e-06,-1.6928569657e-11,2.9989e-02,1.0188
369.45,-3.89218734e-04,4.551803e-03,7.285571e-06,-1.7117862683e-11,2.1812e-02,1.0250
369.96,-4.53683227e-04,4.482219e-03,7.447736e-06,-1.7501777805e-11,2.3672e-02,1.0250
370.46,-4.02460078e-04,4.407264e-03,7.608223e-06,-1.7624124382e-11,2.4922e-02,1.0250
370.97,-2.89591578e-04,4.329172e-03,7.760780e-06,-1.7644996575e-11,2.6049e-02,1.0312
371.48,-1.63734049e-04,4.249006e-03,7.900637e-06,-1.7646106798e-11,2.6714e-02,1.0312
371.98,-5.22707318e-05,4.166815e-03,8.026352e-06,-1.7646328843e-11,2.6780e-02,1.0312
372.49,4.30637738e-05,4.082210e-03,8.140067e-06,-1.7647883155e-11,2.6249e-02,1.0312
373.00,1.36063966e-04,3.995149e-03,8.245889e-06,-1.7648216222e-11,2.5312e-02,1.0312
373.50,2.43093439e-04,3.906412e-03,8.347326e-06,-1.7649437467e-11,2.7118e-02,1.0312
374.01,3.76852540e-04,3.817531e-03,8.445475e-06,-1.7650436668e-11,3.4231e-02,1.0312
374.52,5.42893079e-04,3.730375e-03,8.538917e-06,-1.7650658712e-11,4.1301e-02,1.0312
375.02,7.41085576e-04,3.646868e-03,8.624768e-06,-1.7652546092e-11,4.8327e-02,1.0312
375.53,9.69218126e-04,3.569025e-03,8.699688e-06,-1.7653101203e-11,5.5310e-02,1.0312
376.04,1.22096573e-03,3.498959e-03,8.760191e-06,-1.7653545292e-11,6.2249e-02,1.0312
376.54,1.47872616e-03,3.438437e-03,8.802455e-06,-1.7653767337e-11,6.9144e-02,1.0312
377.05,1.70597189e-03,3.388040e-03,8.822082e-06,-1.7655210627e-11,7.5995e-02,1.0312
377.56,1.84985811e-03,3.346564e-03,8.813981e-06,-1.7654877560e-11,8.2801e-02,1.0312
378.06,1.86389210e-03,3.310712e-03,8.772514e-06,-1.7657875162e-11,8.9563e-02,1.0312
378.57,1.73670656e-03,3.278192e-03,8.692573e-06,-1.7657209028e-11,9.6280e-02,1.0312
379.08,1.50023864e-03,3.247716e-03,8.572412e-06,-1.7659207430e-11,1.0295e-01,1.0312
379.58,1.20293576e-03,3.220492e-03,8.417455e-06,-1.7660095608e-11,1.0958e-01,1.0312
380.09,8.68477287e-04,3.200254e-03,8.241841e-06,-1.7661205831e-11,1.1616e-01,1.0312
380.60,4.75244125e-04,3.192532e-03,8.064367e-06,-1.7730705792e-11,1.1721e-01,1.0250
381.10,-2.28499016e-05,3.203390e-03,7.899610e-06,-1.7731149882e-11,1.2382e-01,1.0250
381.61,-6.44388972e-04,3.237811e-03,7.750174e-06,-1.7731704993e-11,1.3038e-01,1.0250
382.12,-1.34021274e-03,3.298061e-03,7.606452e-06,-1.7732926239e-11,1.3689e-01,1.0250
382.62,-1.99802647e-03,3.383870e-03,7.454240e-06,-1.7733370328e-11,1.4336e-01,1.0250
383.13,-2.48417414e-03,3.489149e-03,7.283871e-06,-1.7734369528e-11,1.4978e-01,1.0250
383.64,-2.69396032e-03,3.606815e-03,7.094273e-06,-1.7735590774e-11,1.5615e-01,1.0250
384.15,-2.58914205e-03,3.729642e-03,6.890694e-06,-1.7736034863e-11,1.6247e-01,1.0250
384.65,-2.20852552e-03,3.849976e-03,6.679836e-06,-1.7741030867e-11,1.9904e-02,1.0250
385.16,-1.64943314e-03,3.965628e-03,6.466597e-06,-1.7921886197e-11,1.9667e-02,1.0250
385.67,-1.03621757e-03,4.076143e-03,6.253544e-06,-1.8123280654e-11,2.6627e-02,1.0312
386.17,-4.88865810e-04,4.177405e-03,6.041495e-06,-1.8402057655e-11,2.1500e-02,1.0312
386.68,-9.02924817e-05,4.273043e-03,5.829790e-06,-1.9057089240e-11,2.4219e-02,1.0375
387.19,1.35860267e-04,4.361884e-03,5.616785e-06,-1.9058976619e-11,2.5415e-02,1.0375
387.69,2.24744482e-04,4.444325e-03,5.401664e-06,-1.9059087641e-11,2.4587e-02,1.0375
388.20,2.47308652e-04,4.520309e-03,5.187032e-06,-1.9059975820e-11,2.1962e-02,1.0375
388.71,2.73730328e-04,4.589285e-03,4.980133e-06,-1.9061308087e-11,1.8908e-02,1.0375
389.21,3.50874572e-04,4.650469e-03,4.790777e-06,-1.9062085244e-11,2.5982e-02,1.0375
389.72,4.95698564e-04,4.703142e-03,4.627290e-06,-1.9062973422e-11,3.3015e-02,1.0375
390.23,6.99641543e-04,4.746920e-03,4.493606e-06,-1.9064083645e-11,4.0007e-02,1.0375
390.73,9.44388998e-04,4.781841e-03,4.389796e-06,-1.9064083645e-11,4.6958e-02,1.0375
391.24,1.20869720e-03,4.808072e-03,4.314641e-06,-1.9066193069e-11,5.3866e-02,1.0375
391.75,1.46331160e-03,4.825808e-03,4.267488e-06,-1.9066748180e-11,6.0731e-02,1.0375
392.25,1.66672470e-03,4.835394e-03,4.248056e-06,-1.9066748180e-11,6.7554e-02,1.0375
392.76,1.78141802e-03,4.837031e-03,4.255411e-06,-1.9067858403e-11,7.4333e-02,1.0375
393.27,1.81403001e-03,4.831003e-03,4.287482e-06,-1.9068191470e-11,8.1069e-02,1.0375
393.77,1.82850807e-03,4.817584e-03,4.341286e-06,-1.9070856005e-11,8.7762e-02,1.0375
394.28,1.89011134e-03,4.796654e-03,4.413056e-06,-1.9138135521e-11,8.8429e-02,1.0312
394.79,1.97359104e-03,4.767339e-03,4.497952e-06,-1.9139911878e-11,9.5480e-02,1.0312
395.29,1.91030619e-03,4.726155e-03,4.590826e-06,-1.9140800056e-11,1.0240e-01,1.0312
395.80,1.44689463e-03,4.673682e-03,4.686863e-06,-1.9141688234e-11,1.0903e-01,1.0312
396.31,4.14935732e-04,4.608616e-03,4.781605e-06,-1.9142576413e-11,1.1562e-01,1.0312
396.81,-1.11581091e-03,4.531369e-03,4.872999e-06,-1.9143242547e-11,1.2216e-01,1.0312
397.32,-2.85007998e-03,4.444653e-03,4.959789e-06,-1.9144463792e-11,1.2865e-01,1.0312
397.83,-4.41007325e-03,4.353400e-03,5.041923e-06,-1.9144574814e-11,1.3510e-01,1.0312
398.34,-5.46889013e-03,4.263683e-03,5.117829e-06,-1.9145796060e-11,1.4151e-01,1.0312
398.84,-5.83335374e-03,4.182292e-03,5.187261e-06,-1.9146684238e-11,1.4786e-01,1.0312
399.35,-5.48157320e-03,4.116092e-03,5.252622e-06,-1.9148793662e-11,1.5418e-01,1.0312
399.86,-4.54408080e-03,4.068406e-03,5.315588e-06,-1.9148460595e-11,1.6044e-01,1.0312
400.36,-3.25422766e-03,4.035945e-03,5.377920e-06,-1.9216961356e-11,1.6229e-01,1.0250
400.87,-1.89076410e-03,4.012295e-03,5.438791e-06,-1.9217405445e-11,1.6857e-01,1.0250
401.38,-7.23010761e-04,3.992742e-03,5.497347e-06,-1.9219403846e-11,1.7480e-01,1.0250
401.88,4.37574460e-05,3.974669e-03,5.553586e-06,-1.9284907005e-11,1.5447e-01,1.0188
402.39,3.27905725e-04,3.956775e-03,5.609059e-06,-1.9286239272e-11,1.6088e-01,1.0188
402.90,1.98327121e-04,3.938996e-03,5.666835e-06,-1.9287349495e-11,1.6724e-01,1.0188
403.40,-1.69004683e-04,3.922117e-03,5.729807e-06,-1.9288015629e-11,1.7356e-01,1.0188
403.91,-5.80454354e-04,3.907702e-03,5.799660e-06,-1.9289347897e-11,1.7983e-01,1.0188
404.42,-8.96654791e-04,3.895155e-03,5.876656e-06,-1.9290458120e-11,1.8605e-01,1.0188
404.92,-1.06498108e-03,3.880940e-03,5.960608e-06,-1.9390489214e-11,2.9258e-02,1.0188
405.43,-1.10530102e-03,3.879035e-03,6.052326e-06,-1.9391599437e-11,3.3386e-02,1.0188
405.94,-1.07824227e-03,3.890410e-03,6.154906e-06,-1.9393042727e-11,3.6872e-02,1.0188
406.44,-1.05325492e-03,3.913008e-03,6.274905e-06,-1.9393930906e-11,4.0243e-02,1.0188
406.95,-1.08067673e-03,3.943631e-03,6.420138e-06,-1.9394486017e-11,4.6695e-02,1.0188
407.46,-1.17397374e-03,3.979213e-03,6.594386e-06,-1.9395485218e-11,5.4166e-02,1.0188
407.96,-1.31069138e-03,4.016006e-03,6.795601e-06,-1.9396262374e-11,6.1368e-02,1.0188
408.47,-1.44716968e-03,4.035878e-03,7.015816e-06,-1.9396817486e-11,6.8439e-02,1.0188
408.98,-1.53510136e-03,4.059962e-03,7.244168e-06,-1.9397483619e-11,7.5462e-02,1.0188
409.48,-1.53925090e-03,4.071442e-03,7.472108e-06,-1.9398593842e-11,8.2438e-02,1.0188
409.99,-1.45496728e-03,4.092208e-03,7.696242e-06,-1.9399926110e-11,8.9367e-02,1.0188
410.50,-1.31080848e-03,4.106166e-03,7.918397e-06,-1.9401147355e-11,9.6248e-02,1.0188
411.00,-1.15841039e-03,4.122079e-03,8.143153e-06,-1.9401702467e-11,1.0308e-01,1.0188
411.51,-1.05873192e-03,4.136751e-03,8.374514e-06,-1.9402257578e-11,1.0987e-01,1.0188
412.02,-1.06604950e-03,4.149546e-03,8.613873e-06,-1.9404700069e-11,1.1661e-01,1.0188
412.53,-1.20865983e-03,4.143581e-03,8.859739e-06,-1.9403922913e-11,1.2330e-01,1.0188
413.03,-1.47512206e-03,4.121109e-03,9.109246e-06,-1.9404922114e-11,1.2994e-01,1.0188
413.54,-1.81839200e-03,4.068595e-03,9.358790e-06,-1.9406698470e-11,1.3654e-01,1.0188
414.05,-2.16933739e-03,3.992676e-03,9.604691e-06,-1.9407142560e-11,1.4308e-01,1.0188
414.55,-2.44938748e-03,3.908856e-03,9.843124e-06,-1.9485746350e-11,3.6059e-02,1.0125
415.06,-2.58900342e-03,3.820169e-03,1.007044e-05,-1.9498846981e-11,4.0043e-02,1.0125
415.57,-2.54916503e-03,3.741098e-03,1.028368e-05,-1.9506951610e-11,4.2860e-02,1.0125
416.07,-2.32991504e-03,3.681951e-03,1.048112e-05,-1.9512613747e-11,4.8953e-02,1.0125
416.58,-1.96983153e-03,3.641978e-03,1.066269e-05,-1.9516721572e-11,3.0438e-02,1.0125
417.09,-1.53632781e-03,3.630079e-03,1.082938e-05,-1.9540480345e-11,2.5636e-02,1.0188
417.59,-1.10671669e-03,3.631468e-03,1.098183e-05,-1.9686696717e-11,2.8792e-02,1.0188
418.10,-7.44748393e-04,3.645469e-03,1.111923e-05,-1.9828028108e-11,3.0068e-02,1.0250
418.61,-4.82966105e-04,3.666825e-03,1.123894e-05,-2.0102364218e-11,3.0487e-02,1.0250
419.11,-3.22719401e-04,3.691585e-03,1.133749e-05,-2.0410673152e-11,2.9903e-02,1.0312
419.62,-2.43226766e-04,3.722479e-03,1.141196e-05,-2.0490831254e-11,3.4748e-02,1.0312
420.13,-2.15677004e-04,3.753910e-03,1.146072e-05,-2.0733414985e-11,3.7619e-02,1.0312
420.63,-2.15877737e-04,3.785550e-03,1.148338e-05,-2.0804913348e-11,3.8133e-02,1.0312
421.14,-2.26859207e-04,3.817522e-03,1.147981e-05,-2.0856871785e-11,3.6546e-02,1.0312
421.65,-2.38682115e-04,3.849366e-03,1.144860e-05,-2.0857648941e-11,3.2547e-02,1.0312
422.15,-2.45785972e-04,3.884055e-03,1.138601e-05,-2.0859536320e-11,2.8543e-02,1.0312
422.66,-2.42260607e-04,3.922069e-03,1.128633e-05,-2.0860757566e-11,2.3861e-02,1.0312
423.17,-2.19005780e-04,3.964531e-03,1.114415e-05,-2.0861312677e-11,2.1466e-02,1.0312
423.67,-1.63060091e-04,4.011678e-03,1.095785e-05,-2.0862200856e-11,2.8509e-02,1.0312
424.18,-6.65847217e-05,4.062565e-03,1.073232e-05,-2.0862978012e-11,3.5804e-02,1.0312
424.69,6.89073539e-05,4.115172e-03,1.047824e-05,-2.0864199257e-11,4.3102e-02,1.0312
425.19,2.36864847e-04,4.166511e-03,1.020737e-05,-2.0865087436e-11,5.0397e-02,1.0312
425.70,4.28300756e-04,4.215572e-03,9.926395e-06,-2.0866086636e-11,5.7689e-02,1.0312
426.21,6.33445144e-04,4.262460e-03,9.632790e-06,-2.0867196859e-11,6.4980e-02,1.0312
426.72,8.43607814e-04,4.307923e-03,9.316210e-06,-2.0867418904e-11,7.2283e-02,1.0312
427.22,1.04998578e-03,4.352845e-03,8.964291e-06,-2.0867974015e-11,7.9400e-02,1.0312
427.73,1.24464667e-03,4.396678e-03,8.569787e-06,-2.0869306283e-11,8.6518e-02,1.0312
428.24,1.42550161e-03,4.437807e-03,8.135021e-06,-2.0870194462e-11,9.3477e-02,1.0312
428.74,1.59473181e-03,4.472871e-03,7.671070e-06,-2.0871193662e-11,1.0017e-01,1.0312
429.25,1.75720611e-03,4.495618e-03,7.192083e-06,-2.0872525930e-11,1.0681e-01,1.0312
429.76,1.92177810e-03,4.504295e-03,6.709281e-06,-2.0872970019e-11,1.1342e-01,1.0312
430.26,2.09703124e-03,4.496043e-03,6.227015e-06,-2.0874191264e-11,1.1997e-01,1.0312
430.77,2.28886392e-03,4.470025e-03,5.742277e-06,-2.0874746376e-11,1.2648e-01,1.0312
431.28,2.50221257e-03,4.428386e-03,5.252433e-06,-2.0875301487e-11,1.3295e-01,1.0312
431.78,2.73633861e-03,4.375568e-03,4.756585e-06,-2.0876966822e-11,1.3936e-01,1.0312
432.29,2.97945911e-03,4.315302e-03,4.257255e-06,-2.0876522733e-11,1.4574e-01,1.0312
432.80,3.21523269e-03,4.251156e-03,3.760798e-06,-2.0878188067e-11,1.5206e-01,1.0312
433.30,3.43289974e-03,4.187372e-03,3.278355e-06,-2.0945578605e-11,1.4915e-01,1.0250
433.81,3.62904857e-03,4.129732e-03,2.835259e-06,-2.0945356560e-11,1.5553e-01,1.0250
434.32,3.80469415e-03,4.084819e-03,2.479803e-06,-2.0947688029e-11,1.6186e-01,1.0250
434.82,3.96039919e-03,4.053486e-03,2.272021e-06,-2.0947910073e-11,1.6814e-01,1.0250
435.33,4.09155887e-03,4.036933e-03,2.257728e-06,-2.0949242341e-11,1.7438e-01,1.0250
435.84,4.18897648e-03,4.043464e-03,2.430915e-06,-2.1016854923e-11,3.1839e-02,1.0188
436.34,4.24248088e-03,4.063646e-03,2.756624e-06,-2.1018742302e-11,3.8004e-02,1.0188
436.85,4.24210630e-03,4.075336e-03,3.190744e-06,-2.1019408436e-11,4.4276e-02,1.0188
437.36,4.18042263e-03,4.076334e-03,3.697269e-06,-2.1021184793e-11,5.1322e-02,1.0188
437.86,4.05931675e-03,4.068932e-03,4.248607e-06,-2.1020740704e-11,5.8830e-02,1.0188
438.37,3.89190981e-03,4.056126e-03,4.822000e-06,-2.1022183994e-11,6.6308e-02,1.0188
438.88,3.69558287e-03,4.041068e-03,5.399653e-06,-2.1024071373e-11,7.3785e-02,1.0188
439.39,3.48715076e-03,4.014848e-03,5.968827e-06,-2.1024071373e-11,3.6886e-02,1.0188
439.89,3.28308042e-03,4.004925e-03,6.520603e-06,-2.1032842135e-11,2.3911e-02,1.0250
440.40,3.09653387e-03,4.001334e-03,7.048701e-06,-2.1037060982e-11,2.9313e-02,1.0250
440.91,2.93295233e-03,4.004894e-03,7.549376e-06,-2.1215473822e-11,3.2334e-02,1.0250
441.41,2.78841035e-03,4.017476e-03,8.021674e-06,-2.1598167699e-11,3.3052e-02,1.0312
441.92,2.65121934e-03,4.037996e-03,8.467303e-06,-2.1967205832e-11,3.2049e-02,1.0375
442.43,2.51010885e-03,4.061581e-03,8.889487e-06,-2.1969093211e-11,2.9762e-02,1.0375
442.93,2.36884215e-03,4.082115e-03,9.291059e-06,-2.1968316055e-11,2.6558e-02,1.0375
443.44,2.25284750e-03,4.095310e-03,9.672578e-06,-2.1970758546e-11,2.2717e-02,1.0375
443.95,2.19501707e-03,4.100656e-03,1.003148e-05,-2.1970758546e-11,2.8332e-02,1.0375
444.45,2.21068688e-03,4.100749e-03,1.036282e-05,-2.1971979791e-11,3.5351e-02,1.0375
444.96,2.28412748e-03,4.099334e-03,1.066115e-05,-2.1971868769e-11,4.2330e-02,1.0375
445.47,2.38064571e-03,4.099508e-03,1.092239e-05,-2.1972867970e-11,4.9266e-02,1.0375
445.97,2.47212087e-03,4.102519e-03,1.114470e-05,-2.1974977393e-11,5.6160e-02,1.0375
446.48,2.54424851e-03,4.108790e-03,1.132795e-05,-2.1974977393e-11,6.3011e-02,1.0375
446.99,2.56935660e-03,4.117638e-03,1.147256e-05,-2.1976753750e-11,6.9819e-02,1.0375
447.49,2.47155615e-03,4.126905e-03,1.157857e-05,-2.2044144288e-11,6.9510e-02,1.0312
448.00,2.12847656e-03,4.132742e-03,1.164565e-05,-2.2046031667e-11,7.6359e-02,1.0312
448.51,1.42933121e-03,4.124143e-03,1.167356e-05,-2.2046475756e-11,8.3163e-02,1.0312
449.01,3.57120258e-04,4.097465e-03,1.166266e-05,-2.2046808823e-11,8.9923e-02,1.0312
449.52,-9.77241541e-04,4.051806e-03,1.161433e-05,-2.2047474957e-11,9.6637e-02,1.0312
450.03,-2.37632970e-03,3.989317e-03,1.153124e-05,-2.2049251314e-11,1.0331e-01,1.0312
450.53,-3.62214744e-03,3.914215e-03,1.141703e-05,-2.2049917447e-11,1.0993e-01,1.0312
451.04,-4.53919680e-03,3.833846e-03,1.127610e-05,-2.2050472559e-11,1.1651e-01,1.0312
451.55,-5.03195754e-03,3.752822e-03,1.111247e-05,-2.2051249715e-11,1.2304e-01,1.0312
452.05,-5.07493326e-03,3.680098e-03,1.092887e-05,-2.2052470960e-11,1.2953e-01,1.0312
452.56,-4.69482161e-03,3.626387e-03,1.072642e-05,-2.2053581183e-11,1.3598e-01,1.0312
453.07,-3.96587929e-03,3.571103e-03,1.050520e-05,-2.2123192167e-11,1.3653e-01,1.0250
453.58,-3.00592238e-03,3.574370e-03,1.026589e-05,-2.2123192167e-11,1.4300e-01,1.0250
454.08,-1.96295456e-03,3.599260e-03,1.001025e-05,-2.2124857502e-11,1.4942e-01,1.0250
454.59,-9.95843444e-04,3.635847e-03,9.742470e-06,-2.2125190569e-11,1.5580e-01,1.0250
455.10,-2.57625677e-04,3.674411e-03,9.468714e-06,-2.2126189769e-11,1.6213e-01,1.0250
455.60,1.21185668e-04,3.700920e-03,9.196109e-06,-2.2128299193e-11,7.1107e-02,1.0250
456.11,6.27457674e-05,3.726883e-03,8.931777e-06,-2.2128188171e-11,2.4913e-02,1.0250
456.62,-4.30548003e-04,3.760718e-03,8.682323e-06,-2.2328250360e-11,3.1234e-02,1.0250
457.12,-1.27245925e-03,3.790684e-03,8.453564e-06,-2.2581381209e-11,3.5466e-02,1.0312
457.63,-2.31037591e-03,3.815211e-03,8.250323e-06,-2.2992829862e-11,3.7131e-02,1.0312
458.14,-3.35611295e-03,3.833450e-03,8.075926e-06,-2.3107182834e-11,3.6808e-02,1.0312
458.64,-4.22791689e-03,3.847052e-03,7.931800e-06,-2.3129498317e-11,3.5012e-02,1.0375
459.15,-4.78548240e-03,3.857636e-03,7.817425e-06,-2.3130497517e-11,3.2165e-02,1.0375
459.66,-4.95326402e-03,3.866345e-03,7.730838e-06,-2.3130497517e-11,2.8605e-02,1.0375
460.16,-4.73731683e-03,3.874064e-03,7.669262e-06,-2.3131385696e-11,2.4614e-02,1.0375
460.67,-4.23137688e-03,3.881661e-03,7.629437e-06,-2.3132273874e-11,2.6841e-02,1.0375
461.18,-3.59462243e-03,3.890159e-03,7.607586e-06,-2.3134272276e-11,3.3869e-02,1.0375
461.68,-2.99869839e-03,3.900848e-03,7.599331e-06,-2.3134938409e-11,4.0857e-02,1.0375
462.19,-2.57009003e-03,3.914940e-03,7.599968e-06,-2.3136048632e-11,4.7802e-02,1.0375
462.70,-2.35039480e-03,3.933395e-03,7.605091e-06,-2.3136270677e-11,5.4705e-02,1.0375
463.20,-2.28551659e-03,3.955314e-03,7.611209e-06,-2.3137824989e-11,6.1565e-02,1.0375
463.71,-2.25494525e-03,3.980003e-03,7.615843e-06,-2.3138491123e-11,6.8382e-02,1.0375
464.22,-2.12962267e-03,4.007012e-03,7.616952e-06,-2.3138713168e-11,7.5156e-02,1.0375
464.72,-1.82859069e-03,4.034471e-03,7.611885e-06,-2.3140156458e-11,8.1887e-02,1.0375
465.23,-1.35011950e-03,4.059978e-03,7.596414e-06,-2.3141266681e-11,8.8575e-02,1.0375
465.74,-7.72743001e-04,4.083968e-03,7.564199e-06,-2.3142154859e-11,9.5219e-02,1.0375
466.24,-2.21630536e-04,4.106952e-03,7.507191e-06,-2.3143043038e-11,1.0182e-01,1.0375
466.75,1.78384486e-04,4.130939e-03,7.417124e-06,-2.3210655620e-11,9.9801e-02,1.0312
467.26,3.44062776e-04,4.157602e-03,7.288104e-06,-2.3212098910e-11,1.0651e-01,1.0312
467.77,2.55265853e-04,4.188479e-03,7.119827e-06,-2.3212542999e-11,1.1312e-01,1.0312
468.27,-4.31340322e-05,4.222971e-03,6.920223e-06,-2.3213431177e-11,1.1967e-01,1.0312
468.78,-4.57544157e-04,4.258847e-03,6.705719e-06,-2.3214541400e-11,1.2619e-01,1.0312
469.29,-8.79517876e-04,4.295136e-03,6.497251e-06,-2.3215540601e-11,1.3265e-01,1.0312
469.79,-1.22143868e-03,4.328383e-03,6.312215e-06,-2.3216428779e-11,1.3907e-01,1.0312
470.30,-1.43377021e-03,4.360780e-03,6.156571e-06,-2.3216983891e-11,3.1675e-02,1.0312
470.81,-1.50401682e-03,4.390881e-03,6.022349e-06,-2.3219204337e-11,2.8360e-02,1.0312
471.31,-1.44748144e-03,4.420734e-03,5.893269e-06,-2.3484547640e-11,2.8294e-02,1.0312
471.82,-1.29929875e-03,4.452126e-03,5.755323e-06,-2.3525736914e-11,3.4668e-02,1.0312
472.33,-1.10398504e-03,4.484463e-03,5.605766e-06,-2.3708368602e-11,3.1957e-02,1.0312
472.83,-8.99884552e-04,4.518522e-03,5.455421e-06,-2.3763768731e-11,3.5198e-02,1.0375
473.34,-7.07382026e-04,4.552771e-03,5.323530e-06,-2.3765434065e-11,3.6633e-02,1.0375
473.85,-5.29088129e-04,4.586033e-03,5.228474e-06,-2.3766433266e-11,3.6073e-02,1.0375
474.35,-3.58428221e-04,4.617239e-03,5.180059e-06,-2.3767321444e-11,3.3592e-02,1.0375
474.86,-1.85325555e-04,4.645636e-03,5.177593e-06,-2.3767654511e-11,2.9945e-02,1.0375
475.37,2.99841457e-06,4.670735e-03,5.213171e-06,-2.3769430868e-11,2.5579e-02,1.0375
475.87,2.16629840e-04,4.692238e-03,5.276027e-06,-2.3769985980e-11,3.2492e-02,1.0375
476.38,4.59915119e-04,4.710087e-03,5.354864e-06,-2.3771429269e-11,3.9491e-02,1.0375
476.89,7.33178987e-04,4.724427e-03,5.438903e-06,-2.3771429269e-11,4.6447e-02,1.0375
477.39,1.03351505e-03,4.735343e-03,5.520023e-06,-2.3772539492e-11,5.3360e-02,1.0375
477.90,1.35571953e-03,4.742648e-03,5.596306e-06,-2.3773538693e-11,6.0229e-02,1.0375
478.41,1.69134109e-03,4.745412e-03,5.674277e-06,-2.3774426872e-11,6.7056e-02,1.0375
478.91,2.02788258e-03,4.742964e-03,5.766803e-06,-2.3775315050e-11,7.3839e-02,1.0375
479.42,2.35020160e-03,4.734108e-03,5.886597e-06,-2.3776647318e-11,8.0578e-02,1.0375
479.93,2.64299069e-03,4.718562e-03,6.038905e-06,-2.3776980385e-11,8.7274e-02,1.0375
480.43,2.89559675e-03,4.696579e-03,6.218583e-06,-2.3777868563e-11,9.3927e-02,1.0375
480.94,3.10401380e-03,4.668821e-03,6.413437e-06,-2.3778534697e-11,1.0054e-01,1.0375
481.45,3.25826191e-03,4.636031e-03,6.610704e-06,-2.3779866964e-11,1.0710e-01,1.0375
481.96,3.32409289e-03,4.598918e-03,6.802500e-06,-2.3779755942e-11,1.1362e-01,1.0375
482.46,3.24780044e-03,4.556997e-03,6.987207e-06,-2.3781199232e-11,1.2010e-01,1.0375
482.97,2.98073726e-03,4.509829e-03,7.167447e-06,-2.3781754344e-11,1.2653e-01,1.0375
483.48,2.49747304e-03,4.456602e-03,7.346334e-06,-2.3851809416e-11,1.2242e-01,1.0312
483.98,1.79384983e-03,4.395474e-03,7.525133e-06,-2.3852697595e-11,1.2891e-01,1.0312
484.49,8.70641187e-04,4.324218e-03,7.702160e-06,-2.3854029862e-11,1.3536e-01,1.0312
485.00,-2.60554621e-04,4.241088e-03,7.873056e-06,-2.3855029063e-11,1.4176e-01,1.0312
485.50,-1.54756176e-03,4.145665e-03,8.031782e-06,-2.3855806219e-11,1.4811e-01,1.0312
486.01,-2.87151002e-03,4.040245e-03,8.173749e-06,-2.3856583375e-11,1.5442e-01,1.0312
486.52,-4.05851214e-03,3.931471e-03,8.295507e-06,-2.3857138487e-11,1.6069e-01,1.0312
487.02,-4.92487558e-03,3.827922e-03,8.395094e-06,-2.3859025866e-11,1.6691e-01,1.0312
487.53,-5.33121102e-03,3.736649e-03,8.472169e-06,-2.3927859694e-11,3.9356e-02,1.0250
488.04,-5.22372403e-03,3.665168e-03,8.527795e-06,-2.3929414006e-11,4.7325e-02,1.0250
488.54,-4.64020599e-03,3.622819e-03,8.565708e-06,-2.3930080140e-11,5.0881e-02,1.0250
489.05,-3.69463312e-03,3.614282e-03,8.587912e-06,-2.3930746273e-11,5.2240e-02,1.0250
489.56,-2.55005542e-03,3.637620e-03,8.594489e-06,-2.3932300586e-11,5.8378e-02,1.0250
490.06,-1.39158305e-03,3.682606e-03,8.585428e-06,-2.3933521831e-11,6.5794e-02,1.0250
490.57,-3.95503561e-04,3.730811e-03,8.560876e-06,-2.3933965920e-11,7.3172e-02,1.0250
491.08,3.04575942e-04,3.773221e-03,8.521371e-06,-2.3935742277e-11,8.0389e-02,1.0250
491.58,6.46269487e-04,3.808450e-03,8.467631e-06,-2.3936630456e-11,8.7515e-02,1.0250
492.09,6.50727868e-04,3.838470e-03,8.400716e-06,-2.3936852500e-11,9.4467e-02,1.0250
492.60,4.10471074e-04,3.867568e-03,8.321926e-06,-2.3937629656e-11,1.0123e-01,1.0250
493.10,5.58547565e-05,3.901466e-03,8.231584e-06,-2.3938628857e-11,1.0795e-01,1.0250
493.61,-2.83797967e-04,3.944977e-03,8.127930e-06,-2.3939294991e-11,1.1462e-01,1.0250
494.12,-5.12707482e-04,3.999172e-03,8.007200e-06,-2.3940849303e-11,1.2125e-01,1.0250
494.62,-5.83782090e-04,4.062781e-03,7.864859e-06,-2.3941293392e-11,1.2783e-01,1.0250
495.13,-5.01052171e-04,4.131542e-03,7.697931e-06,-2.3942736682e-11,1.3436e-01,1.0250
495.64,-3.10799813e-04,4.199416e-03,7.507050e-06,-2.3943069749e-11,1.4084e-01,1.0250
496.15,-8.49619075e-05,4.270253e-03,7.298575e-06,-2.3943957927e-11,1.4728e-01,1.0250
496.65,1.03188293e-04,4.345002e-03,7.081645e-06,-2.3944957128e-11,1.5367e-01,1.0250
497.16,2.05508304e-04,4.418018e-03,6.865111e-06,-2.4013124822e-11,1.2214e-01,1.0188
497.67,2.18552741e-04,4.497617e-03,6.654705e-06,-2.4015345268e-11,1.2908e-01,1.0188
498.17,1.83861118e-04,4.591716e-03,6.453426e-06,-2.4015789357e-11,1.3568e-01,1.0188
498.68,1.67004659e-04,4.701126e-03,6.262700e-06,-2.4016233446e-11,1.4223e-01,1.0188
499.19,2.25530699e-04,4.822430e-03,6.087516e-06,-2.4017565714e-11,1.4874e-01,1.0188
499.69,3.83692024e-04,4.936263e-03,5.937703e-06,-2.4017787759e-11,1.5519e-01,1.0188
500.20,6.30614306e-04,5.030429e-03,5.824499e-06,-2.4019564115e-11,1.6160e-01,1.0188
500.71,9.35980447e-04,5.100475e-03,5.755693e-06,-2.4019564115e-11,1.6796e-01,1.0188
501.21,1.26664085e-03,5.147447e-03,5.731842e-06,-2.4020896383e-11,1.7427e-01,1.0188
501.72,1.58838297e-03,5.169442e-03,5.744901e-06,-2.4021229450e-11,1.8053e-01,1.0188
502.23,1.85350799e-03,5.168998e-03,5.779568e-06,-2.4124258147e-11,2.5852e-02,1.0125
502.73,1.99586644e-03,5.145652e-03,5.819383e-06,-2.4126034504e-11,3.3391e-02,1.0125
503.24,1.94862588e-03,5.107786e-03,5.846545e-06,-2.4128143927e-11,4.1219e-02,1.0125
503.75,1.67499918e-03,5.063249e-03,5.846766e-06,-2.4129809262e-11,4.9148e-02,1.0125
504.25,1.19502167e-03,5.019885e-03,5.813288e-06,-2.4131474596e-11,5.6229e-02,1.0125
504.76,5.86140897e-04,4.984177e-03,5.750475e-06,-2.4133250953e-11,6.3374e-02,1.0125
505.27,-5.19339378e-05,4.958568e-03,5.671531e-06,-2.4134916288e-11,1.3137e-02,1.0125
505.77,-6.33821775e-04,4.943379e-03,5.593477e-06,-2.4173441027e-11,1.2020e-02,1.0188
506.28,-1.10367226e-03,4.935285e-03,5.532128e-06,-2.4263036025e-11,2.1255e-02,1.0188
506.79,-1.43552719e-03,4.931339e-03,5.498476e-06,-2.4529489551e-11,2.7643e-02,1.0250
507.29,-1.62078500e-03,4.928792e-03,5.497835e-06,-2.4715673952e-11,3.2094e-02,1.0250
507.80,-1.65390445e-03,4.923355e-03,5.530495e-06,-2.5495827671e-11,2.9175e-02,1.0312
508.31,-1.53292804e-03,4.915037e-03,5.592577e-06,-2.5702440176e-11,3.5558e-02,1.0312
508.81,-1.27044742e-03,4.897062e-03,5.676974e-06,-2.5703106310e-11,3.3692e-02,1.0312
509.32,-8.97446772e-04,4.870894e-03,5.774287e-06,-2.5703772444e-11,3.5794e-02,1.0312
509.83,-4.60483182e-04,4.834774e-03,5.873577e-06,-2.5705770845e-11,3.5499e-02,1.0312
510.34,-1.47857021e-05,4.790127e-03,5.962981e-06,-2.5705659823e-11,3.3126e-02,1.0312
510.84,3.87605022e-04,4.740054e-03,6.029842e-06,-2.5707325157e-11,2.9317e-02,1.0312
511.35,7.13003572e-04,4.689243e-03,6.061331e-06,-2.5707880269e-11,2.4794e-02,1.0312
511.86,9.52459310e-04,4.643327e-03,6.046613e-06,-2.5708213336e-11,2.7208e-02,1.0312
512.36,1.11676221e-03,4.607420e-03,5.980989e-06,-2.5709767648e-11,3.4500e-02,1.0312
512.87,1.22958336e-03,4.584441e-03,5.870738e-06,-2.5710544804e-11,4.1794e-02,1.0312
513.38,1.31993914e-03,4.573316e-03,5.735456e-06,-2.5712099117e-11,4.9086e-02,1.0312
513.88,1.41503755e-03,4.570892e-03,5.604294e-06,-2.5711988094e-11,5.6376e-02,1.0312
514.39,1.53552278e-03,4.573216e-03,5.505000e-06,-2.5713431384e-11,6.3429e-02,1.0312
514.90,1.69266664e-03,4.578001e-03,5.450878e-06,-2.5713875473e-11,7.0319e-02,1.0312
515.40,1.88967899e-03,4.584011e-03,5.435174e-06,-2.5714541607e-11,7.7163e-02,1.0312
515.91,2.12535345e-03,4.593096e-03,5.438518e-06,-2.5716095919e-11,8.3962e-02,1.0312
516.42,2.39340014e-03,4.605269e-03,5.443978e-06,-2.5716540009e-11,9.0717e-02,1.0312
516.92,2.68143915e-03,4.621699e-03,5.448753e-06,-2.5718205343e-11,9.7426e-02,1.0312
517.43,2.97176797e-03,4.638602e-03,5.466019e-06,-2.5719204544e-11,1.0409e-01,1.0312
517.94,3.24138405e-03,4.653466e-03,5.517645e-06,-2.5719093522e-11,1.1071e-01,1.0312
518.44,3.46530243e-03,4.662421e-03,5.623299e-06,-2.5720869878e-11,1.1728e-01,1.0312
518.95,3.62034165e-03,4.662400e-03,5.791890e-06,-2.5721869079e-11,1.2381e-01,1.0312
519.46,3.68632534e-03,4.651164e-03,6.018403e-06,-2.5721980101e-11,1.3030e-01,1.0312
519.96,3.64875086e-03,4.629087e-03,6.286026e-06,-2.5722868280e-11,1.3673e-01,1.0312
520.47,3.50247883e-03,4.597031e-03,6.571984e-06,-2.5793034375e-11,1.0620e-02,1.0250
520.98,3.25145160e-03,4.559607e-03,6.854560e-06,-2.5793700509e-11,2.5037e-02,1.0250
521.48,2.90843763e-03,4.517799e-03,7.119664e-06,-2.5844437701e-11,2.3509e-02,1.0312
521.99,2.49595090e-03,4.474465e-03,7.364464e-06,-2.5844992813e-11,2.7324e-02,1.0312
522.50,2.04217535e-03,4.429615e-03,7.596878e-06,-2.5847657348e-11,2.7381e-02,1.0312
523.01,1.57751397e-03,4.383527e-03,7.830406e-06,-2.5855761976e-11,2.4741e-02,1.0312
523.51,1.13263580e-03,4.336530e-03,8.077559e-06,-2.5898394540e-11,2.0431e-02,1.0312
524.02,7.33984540e-04,4.289301e-03,8.344868e-06,-2.5947244353e-11,1.5357e-02,1.0375
524.53,4.00471504e-04,4.242786e-03,8.631517e-06,-2.5948465598e-11,1.1337e-02,1.0375
525.03,1.43943571e-04,4.197802e-03,8.931268e-06,-2.5948798665e-11,1.8450e-02,1.0375
525.54,-3.06441778e-05,4.154563e-03,9.235556e-06,-2.5950241955e-11,2.5526e-02,1.0375
526.05,-1.25956181e-04,4.112669e-03,9.535973e-06,-2.5951019111e-11,3.2562e-02,1.0375
526.55,-1.51415740e-04,4.073403e-03,9.825867e-06,-2.5952018312e-11,3.9557e-02,1.0375
527.06,-1.21728974e-04,4.037887e-03,1.010114e-05,-2.5953350580e-11,4.6510e-02,1.0375
527.57,-5.38769196e-05,4.006822e-03,1.036038e-05,-2.5953794669e-11,5.3421e-02,1.0375
528.07,3.69046136e-05,3.981301e-03,1.060415e-05,-2.5954904892e-11,6.0289e-02,1.0375
528.58,1.42737109e-04,3.962709e-03,1.083322e-05,-2.6022961563e-11,6.3208e-02,1.0312
529.09,2.64544598e-04,3.952580e-03,1.104667e-05,-2.6023516675e-11,7.0530e-02,1.0312
529.59,4.06349669e-04,3.952334e-03,1.124088e-05,-2.6023627697e-11,7.7824e-02,1.0312
530.10,5.68470638e-04,3.962979e-03,1.141018e-05,-2.6024959965e-11,8.4917e-02,1.0312
530.61,7.44233176e-04,3.984618e-03,1.154883e-05,-2.6025737121e-11,9.1991e-02,1.0312
531.11,9.21205565e-04,4.016094e-03,1.165338e-05,-2.6027513478e-11,9.8896e-02,1.0312
531.62,1.08550987e-03,4.054959e-03,1.172402e-05,-2.6028401656e-11,1.0555e-01,1.0312
532.13,1.22591869e-03,4.097855e-03,1.176419e-05,-2.6028845745e-11,1.1216e-01,1.0312
532.63,1.33610156e-03,4.140937e-03,1.177859e-05,-2.6030400058e-11,1.1873e-01,1.0312
533.14,1.41584279e-03,4.181428e-03,1.177071e-05,-2.6031288236e-11,1.2524e-01,1.0312
533.65,1.47732060e-03,4.218181e-03,1.174125e-05,-2.6031288236e-11,1.3172e-01,1.0312
534.15,1.55350475e-03,4.251470e-03,1.168815e-05,-2.6032176415e-11,1.3815e-01,1.0312
534.66,1.69304020e-03,4.282405e-03,1.160818e-05,-2.6033730727e-11,1.4453e-01,1.0312
535.17,1.93082742e-03,4.312039e-03,1.149873e-05,-2.6034063794e-11,1.5086e-01,1.0312
535.67,2.24805618e-03,4.340467e-03,1.135897e-05,-2.6035285039e-11,1.5715e-01,1.0312
536.18,2.55156539e-03,4.366331e-03,1.118984e-05,-2.6104451933e-11,3.7149e-02,1.0250
536.69,2.68930263e-03,4.386759e-03,1.099287e-05,-2.6106450335e-11,4.3381e-02,1.0250
537.20,2.49594610e-03,4.395110e-03,1.076947e-05,-2.6106894424e-11,5.0792e-02,1.0250
537.70,1.85417822e-03,4.378667e-03,1.051939e-05,-2.6108670781e-11,5.8176e-02,1.0250
538.21,7.44912065e-04,4.342130e-03,1.023976e-05,-2.6108670781e-11,6.5423e-02,1.0250
538.72,-7.34890706e-04,4.293653e-03,9.926201e-06,-2.6108892826e-11,7.2641e-02,1.0250
539.22,-2.39732951e-03,4.241269e-03,9.574031e-06,-2.6109447937e-11,7.9554e-02,1.0250
539.73,-4.00743418e-03,4.191182e-03,9.179803e-06,-2.6111224294e-11,8.6419e-02,1.0250
540.24,-5.33340075e-03,4.149771e-03,8.742569e-06,-2.6113000651e-11,9.3239e-02,1.0250
540.74,-6.19035499e-03,4.127240e-03,8.264305e-06,-2.6113555762e-11,1.0001e-01,1.0250
541.25,-6.46159703e-03,4.094210e-03,7.749715e-06,-2.6114221896e-11,1.0674e-01,1.0250
541.76,-6.12160625e-03,4.119975e-03,7.205684e-06,-2.6114443941e-11,1.1342e-01,1.0250
542.26,-5.25810828e-03,4.162431e-03,6.639652e-06,-2.6116664387e-11,1.2005e-01,1.0250
542.77,-4.05894385e-03,4.213515e-03,6.059997e-06,-2.6116997454e-11,1.2664e-01,1.0250
543.28,-2.76712290e-03,4.265526e-03,5.476409e-06,-2.6118773810e-11,1.3318e-01,1.0250
543.78,-1.63660133e-03,4.291356e-03,4.900749e-06,-2.6118773810e-11,2.5173e-02,1.0250
544.29,-8.79147646e-04,4.331467e-03,4.348534e-06,-2.6131985464e-11,3.6072e-02,1.0250
544.80,-5.96181887e-04,4.344081e-03,3.840738e-06,-2.6320390312e-11,3.2134e-02,1.0250
545.30,-7.41119443e-04,4.367655e-03,3.404636e-06,-2.6558200084e-11,3.3984e-02,1.0312
545.81,-1.16442199e-03,4.382515e-03,3.071923e-06,-2.6828539390e-11,3.5825e-02,1.0312
546.32,-1.70076342e-03,4.390625e-03,2.870516e-06,-2.7178148621e-11,3.5731e-02,1.0312
546.82,-2.23380933e-03,4.393862e-03,2.810943e-06,-2.7953972470e-11,3.4270e-02,1.0375
547.33,-2.73302406e-03,4.393664e-03,2.878864e-06,-2.8276159192e-11,3.1876e-02,1.0375
547.84,-3.24316196e-03,4.391122e-03,3.044380e-06,-2.8277158393e-11,2.8848e-02,1.0375
548.34,-3.82874162e-03,4.387190e-03,3.279263e-06,-2.8277935549e-11,2.5406e-02,1.0375
548.85,-4.50429491e-03,4.382764e-03,3.566368e-06,-2.8279378839e-11,2.1767e-02,1.0375
549.36,-5.19353510e-03,4.378673e-03,3.898396e-06,-2.8279933950e-11,2.6352e-02,1.0375
549.86,-5.74906625e-03,4.375358e-03,4.272168e-06,-2.8281155195e-11,3.3560e-02,1.0375
550.37,-6.01485900e-03,4.373147e-03,4.684022e-06,-2.8281266218e-11,4.0549e-02,1.0375
550.88,-5.88840693e-03,4.372371e-03,5.128437e-06,-2.8282709508e-11,4.7499e-02,1.0375
551.39,-5.35225558e-03,4.373204e-03,5.598926e-06,-2.8282709508e-11,5.4405e-02,1.0375
551.89,-4.47162032e-03,4.375339e-03,6.089236e-06,-2.8284485865e-11,6.1268e-02,1.0375
552.40,-3.36819297e-03,4.375791e-03,6.593566e-06,-2.8284707909e-11,6.8088e-02,1.0375
552.91,-2.18858399e-03,4.376814e-03,7.105723e-06,-2.8286151199e-11,7.4865e-02,1.0375
553.41,-1.08737590e-03,4.374716e-03,7.618063e-06,-2.8286262221e-11,8.1598e-02,1.0375
553.92,-2.11674144e-04,4.368611e-03,8.121142e-06,-2.8288704712e-11,8.8287e-02,1.0375
554.43,3.11582957e-04,4.361394e-03,8.604334e-06,-2.8289370846e-11,9.4933e-02,1.0375
554.93,4.02975778e-04,4.350964e-03,9.057142e-06,-2.8289814935e-11,1.0154e-01,1.0375
555.44,6.61424800e-05,4.336294e-03,9.470635e-06,-2.8290259024e-11,1.0809e-01,1.0375
555.95,-6.04814443e-04,4.310597e-03,9.837909e-06,-2.8291924359e-11,1.1461e-01,1.0375
556.45,-1.45006099e-03,4.273320e-03,1.015542e-05,-2.8292368448e-11,1.2108e-01,1.0375
556.96,-2.28588210e-03,4.223825e-03,1.042293e-05,-2.8293034582e-11,1.2750e-01,1.0375
557.47,-2.95387439e-03,4.160279e-03,1.064211e-05,-2.8361091253e-11,1.2733e-01,1.0312
557.97,-3.35007414e-03,4.083857e-03,1.081614e-05,-2.8361757387e-11,1.3379e-01,1.0312
558.48,-3.43024885e-03,4.000450e-03,1.094993e-05,-2.8363866811e-11,1.4020e-01,1.0312
558.99,-3.20561527e-03,3.918620e-03,1.104792e-05,-2.8364532945e-11,1.4657e-01,1.0312
559.49,-2.73190546e-03,3.846379e-03,1.111371e-05,-2.8365643168e-11,1.5289e-01,1.0312
560.00,-2.09537636e-03,3.785886e-03,1.114959e-05,-2.8367197480e-11,1.5888e-01,1.0312
560.51,-1.39646409e-03,3.746157e-03,1.115666e-05,-2.8367419524e-11,1.6512e-01,1.0312
561.01,-7.31062901e-04,3.724764e-03,1.113503e-05,-2.8438695843e-11,3.1724e-02,1.0250
561.52,-1.71945644e-04,3.725805e-03,1.108517e-05,-2.8438917887e-11,3.3893e-02,1.0250
562.03,2.42289010e-04,3.759999e-03,1.100679e-05,-2.8440028110e-11,3.5346e-02,1.0250
562.53,5.08538236e-04,3.819061e-03,1.090097e-05,-2.8440361177e-11,4.2728e-02,1.0250
563.04,6.57274352e-04,3.884903e-03,1.077027e-05,-2.8441693445e-11,4.9821e-02,1.0250
563.55,7.42019867e-04,3.944294e-03,1.061929e-05,-2.8442581623e-11,5.6881e-02,1.0250
564.05,8.23420707e-04,3.990692e-03,1.045466e-05,-2.8443580824e-11,1.4618e-02,1.0250
564.56,9.53434120e-04,4.025402e-03,1.028302e-05,-2.8443913891e-11,2.7735e-02,1.0250
565.07,1.16745303e-03,4.047741e-03,1.010801e-05,-2.8505198202e-11,2.4708e-02,1.0312
565.58,1.48290681e-03,4.063131e-03,9.928522e-06,-2.8507529670e-11,2.2206e-02,1.0312
566.08,1.89907782e-03,4.079240e-03,9.739692e-06,-2.8509639094e-11,2.5565e-02,1.0312
566.59,2.39863277e-03,4.099633e-03,9.536573e-06,-2.8530178220e-11,2.7849e-02,1.0312
567.10,2.94879355e-03,4.125771e-03,9.318296e-06,-2.8637647809e-11,2.8285e-02,1.0312
567.60,3.50670227e-03,4.156339e-03,9.090066e-06,-2.8868019086e-11,2.6702e-02,1.0375
568.11,4.03041628e-03,4.188628e-03,8.862083e-06,-2.8869240332e-11,2.3418e-02,1.0375
568.62,4.48449032e-03,4.219956e-03,8.646563e-06,-2.8871127711e-11,1.8881e-02,1.0375
569.12,4.84262412e-03,4.248535e-03,8.454597e-06,-2.8871016688e-11,2.1229e-02,1.0375
569.63,5.08978198e-03,4.273634e-03,8.293498e-06,-2.8872348956e-11,2.8290e-02,1.0375
570.14,5.22044691e-03,4.295013e-03,8.165437e-06,-2.8873459179e-11,3.5310e-02,1.0375
570.64,5.23361600e-03,4.313408e-03,8.067848e-06,-2.8872793045e-11,4.2288e-02,1.0375
571.15,5.12953683e-03,4.329832e-03,7.995917e-06,-2.8874791447e-11,4.9225e-02,1.0375
571.66,4.91040982e-03,4.344891e-03,7.945714e-06,-2.8875568603e-11,5.6119e-02,1.0375
572.16,4.58277848e-03,4.358267e-03,7.916329e-06,-2.8876900871e-11,6.2970e-02,1.0375
572.67,4.16061078e-03,4.369148e-03,7.908790e-06,-2.8877567004e-11,6.9778e-02,1.0375
573.18,3.66183667e-03,4.377203e-03,7.922446e-06,-2.8878233138e-11,7.6544e-02,1.0375
573.68,3.10473248e-03,4.383070e-03,7.951853e-06,-2.8878788250e-11,8.3266e-02,1.0375
574.19,2.51521991e-03,4.387219e-03,7.986157e-06,-2.8947955144e-11,8.8325e-02,1.0312
574.70,1.92886454e-03,4.389318e-03,8.011955e-06,-2.8948621278e-11,9.5457e-02,1.0312
575.20,1.38125773e-03,4.387213e-03,8.018044e-06,-2.8948954345e-11,1.0241e-01,1.0312
575.71,8.95789688e-04,4.381435e-03,7.999573e-06,-2.8950397635e-11,1.0907e-01,1.0312
576.22,4.77904760e-04,4.372443e-03,7.959471e-06,-2.8951174791e-11,1.1566e-01,1.0312
576.72,1.24414473e-04,4.362189e-03,7.906415e-06,-2.8953062170e-11,1.2220e-01,1.0312
577.23,-1.63734341e-04,4.353451e-03,7.850022e-06,-2.8953062170e-11,1.2869e-01,1.0312
577.74,-3.78407872e-04,4.347862e-03,7.795600e-06,-2.8953950348e-11,1.3514e-01,1.0312
578.24,-5.10232553e-04,4.347215e-03,7.740363e-06,-2.8955393638e-11,1.4154e-01,1.0312
578.75,-5.56160995e-04,4.354628e-03,7.674333e-06,-2.8955615683e-11,1.4790e-01,1.0312
579.26,-5.21721160e-04,4.374016e-03,7.585255e-06,-2.8955837728e-11,1.5421e-01,1.0312
579.77,-4.20179204e-04,4.408700e-03,7.464292e-06,-2.8956947951e-11,1.6048e-01,1.0312
580.27,-2.71472121e-04,4.461435e-03,7.310770e-06,-2.9023672354e-11,1.6064e-01,1.0250
580.78,-1.00101138e-04,4.531980e-03,7.131304e-06,-2.9026114845e-11,1.6693e-01,1.0250
581.29,6.95709210e-05,4.608440e-03,6.935941e-06,-2.9027114046e-11,1.7317e-01,1.0250
581.79,2.19859704e-04,4.701187e-03,6.735031e-06,-2.9027003023e-11,1.7937e-01,1.0250
582.30,3.44262952e-04,4.806098e-03,6.534525e-06,-2.9095614806e-11,1.3679e-01,1.0188
582.81,4.49137118e-04,4.902464e-03,6.333349e-06,-2.9096058896e-11,1.4334e-01,1.0188
583.31,5.50327479e-04,4.988116e-03,6.123019e-06,-2.9097613208e-11,1.4984e-01,1.0188
583.82,6.61742445e-04,5.067260e-03,5.890829e-06,-2.9098057297e-11,1.5628e-01,1.0188
584.33,7.75889410e-04,5.144292e-03,5.626384e-06,-2.9099167520e-11,1.6268e-01,1.0188
584.83,8.47077312e-04,5.212258e-03,5.328547e-06,-2.9151236980e-11,1.3229e-02,1.0250
585.34,7.97182632e-04,5.296197e-03,5.009469e-06,-2.9152236181e-11,2.2121e-02,1.0250
585.85,5.53730252e-04,5.383099e-03,4.694000e-06,-2.9341640229e-11,2.6023e-02,1.0250
586.35,1.02956241e-04,5.467905e-03,4.414661e-06,-2.9464652940e-11,2.5061e-02,1.0250
586.86,-4.79314867e-04,5.544008e-03,4.203444e-06,-3.0093705305e-11,2.2679e-02,1.0312
587.37,-1.04803130e-03,5.605736e-03,4.083801e-06,-3.0110247629e-11,2.3358e-02,1.0375
587.87,-1.44723907e-03,5.650546e-03,4.065748e-06,-3.0112023985e-11,1.8470e-02,1.0375
588.38,-1.56889179e-03,5.680350e-03,4.146247e-06,-3.0111690918e-11,1.5277e-02,1.0375
588.89,-1.38752740e-03,5.699872e-03,4.313009e-06,-3.0113134208e-11,2.2370e-02,1.0375
589.39,-9.62667816e-04,5.713536e-03,4.548387e-06,-3.0115687721e-11,2.9424e-02,1.0375
589.90,-4.14261723e-04,5.722789e-03,4.832015e-06,-3.0114910565e-11,3.6437e-02,1.0375
590.41,1.14837819e-04,5.725968e-03,5.142638e-06,-3.0117019989e-11,4.3409e-02,1.0375
590.91,4.98373600e-04,5.713863e-03,5.461552e-06,-3.0117019989e-11,5.0339e-02,1.0375
591.42,6.59797859e-04,5.674030e-03,5.772622e-06,-3.0118352257e-11,5.7226e-02,1.0375
591.93,5.88677456e-04,5.607643e-03,6.063011e-06,-3.0117686123e-11,6.4070e-02,1.0375
592.43,3.33463258e-04,5.519880e-03,6.323291e-06,-3.0120128613e-11,7.0872e-02,1.0375
592.94,-2.52475311e-05,5.418923e-03,6.546895e-06,-3.0120683725e-11,7.7630e-02,1.0375
593.45,-4.05928282e-04,5.308844e-03,6.731111e-06,-3.0189628575e-11,8.0028e-02,1.0312
593.96,-7.46662424e-04,5.192015e-03,6.878935e-06,-3.0190294709e-11,8.6808e-02,1.0312
594.46,-1.01309556e-03,5.068138e-03,6.999875e-06,-3.0192293110e-11,9.3543e-02,1.0312
594.97,-1.19321639e-03,4.952593e-03,7.108733e-06,-3.0191849021e-11,1.0023e-01,1.0312
595.48,-1.28467684e-03,4.846531e-03,7.221153e-06,-3.0194069467e-11,1.0688e-01,1.0312
595.98,-1.28900995e-03,4.760255e-03,7.348169e-06,-3.0193514355e-11,1.1348e-01,1.0312
596.49,-1.21328097e-03,4.684633e-03,7.493144e-06,-3.0195512757e-11,1.2003e-01,1.0312
597.00,-1.06913377e-03,4.618062e-03,7.652315e-06,-3.0196178891e-11,1.2654e-01,1.0312
597.50,-8.71595766e-04,4.546721e-03,7.817822e-06,-3.0197178091e-11,1.3301e-01,1.0312
598.01,-6.40793107e-04,4.474885e-03,7.981377e-06,-3.0265567830e-11,4.8133e-02,1.0250
598.52,-3.98291369e-04,4.408891e-03,8.136697e-06,-3.0296098963e-11,3.3658e-02,1.0250
599.02,-1.59466335e-04,4.341082e-03,8.279827e-06,-3.0467073309e-11,4.0806e-02,1.0312
599.53,6.64530632e-05,4.271224e-03,8.408202e-06,-3.0710767263e-11,4.5290e-02,1.0312
600.04,2.73288916e-04,4.197667e-03,8.519563e-06,-3.0932256756e-11,4.6062e-02,1.0312
600.54,4.60338844e-04,4.115992e-03,8.611352e-06,-3.1128877254e-11,4.0178e-02,1.0375
601.05,6.32071770e-04,4.032605e-03,8.680403e-06,-3.1129543387e-11,3.6473e-02,1.0375
601.56,7.93809116e-04,3.951821e-03,8.722763e-06,-3.1130764633e-11,3.3790e-02,1.0375
602.06,9.50200898e-04,3.880912e-03,8.734045e-06,-3.1130986677e-11,3.1728e-02,1.0375
602.57,1.10639700e-03,3.828055e-03,8.710841e-06,-3.1131208722e-11,2.9924e-02,1.0375
603.08,1.27077675e-03,3.798327e-03,8.652777e-06,-3.1133873257e-11,3.5533e-02,1.0375
603.58,1.45634208e-03,3.795241e-03,8.563713e-06,-3.1133651213e-11,4.2511e-02,1.0375
604.09,1.67482756e-03,3.819021e-03,8.450959e-06,-3.1134095302e-11,4.9446e-02,1.0375
604.60,1.92860468e-03,3.867325e-03,8.323051e-06,-3.1135538592e-11,5.6339e-02,1.0375
605.10,2.20959251e-03,3.935602e-03,8.187503e-06,-3.1136870859e-11,6.3189e-02,1.0375
605.61,2.50582267e-03,4.018351e-03,8.049656e-06,-3.1137648016e-11,6.9996e-02,1.0375
606.12,2.81190115e-03,4.109470e-03,7.912809e-06,-3.1138314149e-11,7.6760e-02,1.0375
606.63,3.13027182e-03,4.202979e-03,7.778853e-06,-3.1139202328e-11,8.3481e-02,1.0375
607.13,3.45000162e-03,4.293313e-03,7.648407e-06,-3.1140423573e-11,9.0158e-02,1.0375
607.64,3.71564502e-03,4.376043e-03,7.520609e-06,-3.1141977885e-11,9.6792e-02,1.0375
608.15,3.82696290e-03,4.448480e-03,7.393512e-06,-3.1142421975e-11,1.0338e-01,1.0375
608.65,3.69243991e-03,4.510053e-03,7.265295e-06,-3.1141977885e-11,1.0993e-01,1.0375
609.16,3.29464834e-03,4.562191e-03,7.135732e-06,-3.1212366025e-11,9.4556e-02,1.0312
609.67,2.70106881e-03,4.607681e-03,7.007013e-06,-3.1213365226e-11,1.0164e-01,1.0312
610.17,2.00567703e-03,4.649851e-03,6.883266e-06,-3.1213254204e-11,1.0850e-01,1.0312
610.68,1.25148541e-03,4.691740e-03,6.768631e-06,-3.1214586471e-11,1.1509e-01,1.0312
611.19,4.05960253e-04,4.735479e-03,6.664636e-06,-3.1215918739e-11,1.2163e-01,1.0312
611.69,-5.86719125e-04,4.781787e-03,6.569001e-06,-3.1216140783e-11,1.2813e-01,1.0312
612.20,-1.71854020e-03,4.829641e-03,6.477317e-06,-3.1217695096e-11,1.3458e-01,1.0312
612.71,-2.87542471e-03,4.877233e-03,6.386968e-06,-3.1219249408e-11,1.4099e-01,1.0312
613.21,-3.86950065e-03,4.922672e-03,6.300344e-06,-3.1220248609e-11,1.4735e-01,1.0312
613.72,-4.50741947e-03,4.963357e-03,6.224794e-06,-3.1221358832e-11,1.5367e-01,1.0312
614.23,-4.65854326e-03,4.996982e-03,6.169539e-06,-3.1221025765e-11,1.5994e-01,1.0312
614.73,-4.30098773e-03,5.015767e-03,6.141806e-06,-3.1222469055e-11,1.2983e-02,1.0312
615.24,-3.53082703e-03,5.030623e-03,6.144506e-06,-3.1265212641e-11,1.2677e-02,1.0312
615.75,-2.53320112e-03,5.035693e-03,6.175891e-06,-3.1286084834e-11,1.6241e-02,1.0312
616.25,-1.52679209e-03,5.031582e-03,6.230588e-06,-3.1287195057e-11,2.3979e-02,1.0312
616.76,-7.07406394e-04,5.013314e-03,6.301043e-06,-3.1288416302e-11,1.3867e-02,1.0312
617.27,-1.97888382e-04,4.995377e-03,6.379007e-06,-3.1289415503e-11,1.8716e-02,1.0312
617.77,-1.48145652e-05,4.975456e-03,6.457024e-06,-3.1289304481e-11,1.5258e-02,1.0312
618.28,-7.37359650e-05,4.954969e-03,6.529381e-06,-3.1291080838e-11,1.7537e-02,1.0312
618.79,-2.36141809e-04,4.934813e-03,6.592137e-06,-3.1291635949e-11,1.5268e-02,1.0312
619.29,-3.73247231e-04,4.915497e-03,6.641604e-06,-3.1293301284e-11,1.1909e-02,1.0312
619.80,-4.08666939e-04,4.897425e-03,6.672504e-06,-3.1295188663e-11,1.6276e-02,1.0312
620.31,-3.27791609e-04,4.881211e-03,6.677727e-06,-3.1294411507e-11,2.3319e-02,1.0312
620.82,-1.65959807e-04,4.867589e-03,6.650353e-06,-3.1296520930e-11,3.0615e-02,1.0312
621.32,1.57486537e-05,4.857016e-03,6.586794e-06,-3.1296965020e-11,3.7915e-02,1.0312
621.83,1.56995688e-04,4.849362e-03,6.489122e-06,-3.1298741376e-11,4.5211e-02,1.0312
622.34,2.13269420e-04,4.844174e-03,6.365214e-06,-3.1299296488e-11,5.2504e-02,1.0312
622.84,1.64120541e-04,4.840734e-03,6.226720e-06,-3.1299740577e-11,5.9796e-02,1.0312
623.35,1.04219186e-05,4.838374e-03,6.085903e-06,-3.1300406711e-11,6.7087e-02,1.0312
623.86,-2.26069410e-04,4.836258e-03,5.952414e-06,-3.1300961822e-11,7.4379e-02,1.0312
624.36,-4.99869008e-04,4.832963e-03,5.830098e-06,-3.1302072045e-11,8.1418e-02,1.0312
624.87,-7.42956405e-04,4.827443e-03,5.717886e-06,-3.1302516135e-11,8.8421e-02,1.0312
625.38,-8.78170287e-04,4.815763e-03,5.612900e-06,-3.1304514536e-11,9.5174e-02,1.0312
625.88,-8.47057742e-04,4.798435e-03,5.514139e-06,-3.1304514536e-11,1.0185e-01,1.0312
626.39,-6.40342101e-04,4.774855e-03,5.424524e-06,-3.1306068848e-11,1.0849e-01,1.0312
626.90,-3.16240339e-04,4.744834e-03,5.349738e-06,-3.1306957027e-11,1.1508e-01,1.0312
627.40,1.23125377e-05,4.709214e-03,5.295372e-06,-3.1308178272e-11,1.2162e-01,1.0312
627.91,2.19427563e-04,4.669781e-03,5.264090e-06,-3.1308955428e-11,1.2812e-01,1.0312
628.42,2.21423797e-04,4.628720e-03,5.254414e-06,-3.1309843607e-11,1.3457e-01,1.0312
628.92,5.45037020e-06,4.588443e-03,5.261371e-06,-3.1310065651e-11,1.4098e-01,1.0312
629.43,-3.96612296e-04,4.551392e-03,5.278495e-06,-3.1311953030e-11,1.4734e-01,1.0312
629.94,-9.53803475e-04,4.519909e-03,5.300550e-06,-3.1312397120e-11,1.5366e-01,1.0312
630.44,-1.65906296e-03,4.495673e-03,5.326508e-06,-3.1379565613e-11,1.5554e-01,1.0250
630.95,-2.50869966e-03,4.479402e-03,5.361970e-06,-3.1380564813e-11,1.6187e-01,1.0250
631.46,-3.45800419e-03,4.471064e-03,5.419458e-06,-3.1381564014e-11,1.6815e-01,1.0250
631.96,-4.39890432e-03,4.470059e-03,5.515192e-06,-3.1382119126e-11,1.7439e-01,1.0250
632.47,-5.18113425e-03,4.466886e-03,5.663201e-06,-3.1472380257e-11,1.3397e-01,1.0188
632.98,-5.65925300e-03,4.471519e-03,5.870232e-06,-3.1473823547e-11,1.4053e-01,1.0188
633.48,-5.73405992e-03,4.468754e-03,6.134571e-06,-3.1474267637e-11,1.4705e-01,1.0188
633.99,-5.37597884e-03,4.496425e-03,6.449826e-06,-3.1475488882e-11,1.5352e-01,1.0188
634.50,-4.63571098e-03,4.530137e-03,6.807392e-06,-3.1548763602e-11,3.0089e-02,1.0125
635.01,-3.64191952e-03,4.562184e-03,7.198688e-06,-3.1731839378e-11,2.4436e-02,1.0125
635.51,-2.58264993e-03,4.569307e-03,7.614742e-06,-3.2105096359e-11,1.6416e-02,1.0188
636.02,-1.66836903e-03,4.584720e-03,8.045523e-06,-3.2397085015e-11,2.4597e-02,1.0250
636.53,-1.06487837e-03,4.591511e-03,8.479894e-06,-3.2729485788e-11,3.1168e-02,1.0250
637.03,-8.30359610e-04,4.591151e-03,8.906255e-06,-3.3508307240e-11,3.5184e-02,1.0312
637.54,-8.99587021e-04,4.585466e-03,9.313477e-06,-3.3616998074e-11,3.6655e-02,1.0312
638.05,-1.11865193e-03,4.575739e-03,9.691930e-06,-3.3618441364e-11,3.6266e-02,1.0375
638.55,-1.32520147e-03,4.562852e-03,1.003456e-05,-3.3619773632e-11,3.4499e-02,1.0375
639.06,-1.42263303e-03,4.543610e-03,1.033800e-05,-3.3620439766e-11,3.1732e-02,1.0375
639.57,-1.40685265e-03,4.517958e-03,1.060290e-05,-3.3621327944e-11,2.8384e-02,1.0375
640.07,-1.33657818e-03,4.488900e-03,1.083345e-05,-3.3622882256e-11,2.9844e-02,1.0375
640.58,-1.27653594e-03,4.459855e-03,1.103588e-05,-3.3622882256e-11,3.6855e-02,1.0375
641.09,-1.24867510e-03,4.434000e-03,1.121663e-05,-3.3623770435e-11,4.3825e-02,1.0375
641.59,-1.22414879e-03,4.413679e-03,1.138097e-05,-3.3624436568e-11,5.0752e-02,1.0375
642.10,-1.15414404e-03,4.400138e-03,1.153207e-05,-3.3626545992e-11,5.7636e-02,1.0375
642.61,-1.00807465e-03,4.393554e-03,1.167067e-05,-3.3626101903e-11,6.4478e-02,1.0375
643.11,-7.90962502e-04,4.393182e-03,1.179526e-05,-3.3627545193e-11,7.1277e-02,1.0375
643.62,-5.28861004e-04,4.396896e-03,1.190326e-05,-3.3628211327e-11,7.8033e-02,1.0375
644.13,-2.37209715e-04,4.402920e-03,1.199227e-05,-3.3628877461e-11,8.4745e-02,1.0375
644.63,9.47023556e-05,4.410416e-03,1.206072e-05,-3.3631208929e-11,9.1414e-02,1.0375
645.14,4.89351964e-04,4.418272e-03,1.210735e-05,-3.3631097907e-11,9.8040e-02,1.0375
645.65,9.46047405e-04,4.425484e-03,1.213005e-05,-3.3701597069e-11,9.5686e-02,1.0312
646.15,1.40910638e-03,4.434068e-03,1.212491e-05,-3.3702263202e-11,1.0236e-01,1.0312
646.66,1.76791153e-03,4.443803e-03,1.208630e-05,-3.3703040359e-11,1.0899e-01,1.0312
647.17,1.89768582e-03,4.457921e-03,1.200811e-05,-3.3703040359e-11,1.1558e-01,1.0312
647.67,1.72386236e-03,4.476786e-03,1.188546e-05,-3.3704927738e-11,1.2212e-01,1.0312
648.18,1.27128232e-03,4.499670e-03,1.171596e-05,-3.3705260805e-11,1.2861e-01,1.0312
648.69,6.60357424e-04,4.524442e-03,1.150020e-05,-3.3706482050e-11,1.3506e-01,1.0312
649.20,5.35551893e-05,4.549982e-03,1.124161e-05,-3.3707592273e-11,1.4147e-01,1.0312
649.70,-4.10218572e-04,4.574204e-03,1.094562e-05,-3.3707592273e-11,1.4783e-01,1.0312
650.21,-6.56089091e-04,4.594986e-03,1.061839e-05,-3.3776426100e-11,1.4607e-01,1.0250
650.72,-6.77518669e-04,4.612040e-03,1.026524e-05,-3.3779423703e-11,1.7639e-02,1.0250
651.22,-5.14218491e-04,4.626208e-03,9.889597e-06,-3.3946179201e-11,2.3341e-02,1.0250
651.73,-2.24962387e-04,4.638383e-03,9.492705e-06,-3.4186431463e-11,1.9809e-02,1.0312
652.24,1.31055038e-04,4.651285e-03,9.074092e-06,-3.4393821124e-11,2.4268e-02,1.0312
652.74,5.04365681e-04,4.665266e-03,8.632535e-06,-3.4562241957e-11,2.9648e-02,1.0312
653.25,8.59188007e-04,4.679715e-03,8.167268e-06,-3.4586666864e-11,2.5633e-02,1.0312
653.76,1.17227964e-03,4.701970e-03,7.679255e-06,-3.4632297030e-11,2.7893e-02,1.0312
654.26,1.43224324e-03,4.733781e-03,7.171986e-06,-3.4633629298e-11,2.8342e-02,1.0312
654.77,1.64117834e-03,4.771188e-03,6.650987e-06,-3.4635516677e-11,2.7016e-02,1.0312
655.28,1.81309955e-03,4.809543e-03,6.121778e-06,-3.4636182811e-11,2.4274e-02,1.0312
655.78,1.96728234e-03,4.845884e-03,5.587264e-06,-3.4639069391e-11,2.0528e-02,1.0312
656.29,2.12213803e-03,4.879796e-03,5.046166e-06,-3.4639291435e-11,2.5503e-02,1.0312
656.80,2.29245743e-03,4.912925e-03,4.493981e-06,-3.4640179614e-11,3.1962e-02,1.0312
657.30,2.48771695e-03,4.947587e-03,3.926950e-06,-3.4641067792e-11,3.9067e-02,1.0312
657.81,2.71274324e-03,4.985278e-03,3.348134e-06,-3.4642400060e-11,4.6389e-02,1.0312
658.32,2.96989592e-03,5.025943e-03,2.775050e-06,-3.4643288238e-11,5.3687e-02,1.0312
658.82,3.26272921e-03,5.067606e-03,2.251206e-06,-3.4644065394e-11,6.0979e-02,1.0312
659.33,3.59677657e-03,5.107496e-03,1.864748e-06,-3.4645175617e-11,6.8271e-02,1.0312
659.84,3.97559936e-03,5.142665e-03,1.744151e-06,-3.4646285840e-11,7.5602e-02,1.0312
660.34,4.39397379e-03,5.170456e-03,1.946315e-06,-3.4646063796e-11,8.2881e-02,1.0312
660.85,4.83096423e-03,5.189086e-03,2.376503e-06,-3.4648062197e-11,8.9879e-02,1.0312
661.36,5.24865599e-03,5.196999e-03,2.913849e-06,-3.4648173219e-11,9.6882e-02,1.0312
661.86,5.59850756e-03,5.192671e-03,3.489389e-06,-3.4649061398e-11,1.0364e-01,1.0312
662.37,5.83116316e-03,5.174801e-03,4.073096e-06,-3.4650726732e-11,1.1026e-01,1.0312
662.88,5.90576393e-03,5.141656e-03,4.652843e-06,-3.4651614911e-11,1.1684e-01,1.0312
663.39,5.79403389e-03,5.090983e-03,5.222947e-06,-3.4652614112e-11,1.2337e-01,1.0312
663.89,5.48571347e-03,5.020876e-03,5.778967e-06,-3.4653613312e-11,1.2986e-01,1.0312
664.40,5.00265326e-03,4.934082e-03,6.315731e-06,-3.4654057401e-11,1.3630e-01,1.0312
664.91,4.40326541e-03,4.835450e-03,6.827327e-06,-3.4655056602e-11,1.4270e-01,1.0312
665.41,3.76684464e-03,4.729994e-03,7.307923e-06,-3.4656166825e-11,1.4904e-01,1.0312
665.92,3.16784744e-03,4.619904e-03,7.752754e-06,-3.4655944781e-11,1.5535e-01,1.0312
666.43,2.64624371e-03,4.516473e-03,8.158953e-06,-3.4725444742e-11,1.4773e-01,1.0250
666.93,2.19100707e-03,4.427011e-03,8.526150e-06,-3.4726110876e-11,1.5412e-01,1.0250
667.44,1.75645541e-03,4.357678e-03,8.856537e-06,-3.4726999054e-11,1.6046e-01,1.0250
667.95,1.30060072e-03,4.304346e-03,9.154150e-06,-3.4727887233e-11,1.6676e-01,1.0250
668.45,8.18172041e-04,4.276993e-03,9.423898e-06,-3.4729219500e-11,1.7300e-01,1.0250
668.96,3.49442806e-04,4.296480e-03,9.669421e-06,-3.4796832082e-11,1.0629e-01,1.0188
669.47,-3.66295987e-05,4.339221e-03,9.892639e-06,-3.4797609239e-11,1.1352e-01,1.0188
669.97,-2.75284328e-04,4.395529e-03,1.009401e-05,-3.4797831283e-11,1.2069e-01,1.0188
670.48,-3.40918001e-04,4.443896e-03,1.027244e-05,-3.4798719462e-11,2.0472e-02,1.0188
670.99,-2.64586008e-04,4.501486e-03,1.042548e-05,-3.4842018160e-11,3.5865e-02,1.0250
671.49,-1.21513769e-04,4.543408e-03,1.055015e-05,-3.4976799235e-11,3.0867e-02,1.0250
672.00,3.68168453e-06,4.592494e-03,1.064404e-05,-3.5225156125e-11,3.6574e-02,1.0250
672.51,4.93841926e-05,4.638606e-03,1.070598e-05,-3.5417113686e-11,3.9435e-02,1.0312
673.01,-9.62269910e-06,4.682543e-03,1.073579e-05,-3.5759839534e-11,4.0059e-02,1.0312
673.52,-1.67398145e-04,4.724507e-03,1.073347e-05,-3.5833780387e-11,3.8960e-02,1.0312
674.03,-4.03114479e-04,4.764284e-03,1.069861e-05,-3.5847658175e-11,3.6519e-02,1.0375
674.53,-6.93798279e-04,4.801530e-03,1.063049e-05,-3.5848657376e-11,3.2885e-02,1.0375
675.04,-1.01465725e-03,4.834689e-03,1.052896e-05,-3.5848768398e-11,2.8897e-02,1.0375
675.55,-1.33263774e-03,4.861760e-03,1.039528e-05,-3.5849767599e-11,2.4464e-02,1.0375
676.05,-1.60439692e-03,4.883206e-03,1.023265e-05,-3.5851099867e-11,2.5894e-02,1.0375
676.56,-1.78410870e-03,4.899469e-03,1.004613e-05,-3.5852210090e-11,3.2928e-02,1.0375
677.07,-1.83689595e-03,4.910624e-03,9.842419e-06,-3.5853764402e-11,3.9922e-02,1.0375
677.58,-1.75043558e-03,4.917111e-03,9.629626e-06,-3.5854430536e-11,4.6873e-02,1.0375
678.08,-1.54389199e-03,4.919199e-03,9.416538e-06,-3.5855540759e-11,5.3781e-02,1.0375
678.59,-1.27157665e-03,4.916476e-03,9.211303e-06,-3.5855540759e-11,6.0647e-02,1.0375
679.10,-1.01007176e-03,4.909563e-03,9.020301e-06,-3.5857206093e-11,6.7470e-02,1.0375
679.60,-8.35860576e-04,4.899618e-03,8.848020e-06,-3.5857317116e-11,7.4250e-02,1.0375
680.11,-8.04622206e-04,4.884960e-03,8.697920e-06,-3.5858649383e-11,8.0987e-02,1.0375
680.62,-9.34146075e-04,4.864304e-03,8.573360e-06,-3.5859537562e-11,8.7681e-02,1.0375
681.12,-1.19743886e-03,4.837721e-03,8.477629e-06,-3.5860092673e-11,9.4330e-02,1.0375
681.63,-1.53927875e-03,4.802716e-03,8.412963e-06,-3.5861202896e-11,1.0094e-01,1.0375
682.14,-1.90722293e-03,4.757762e-03,8.378962e-06,-3.5861869030e-11,1.0750e-01,1.0375
682.64,-2.27930818e-03,4.697494e-03,8.371421e-06,-3.5931146947e-11,1.0375e-01,1.0312
683.15,-2.67005131e-03,4.621258e-03,8.383631e-06,-3.5930924902e-11,1.1053e-01,1.0312
683.66,-3.10864249e-03,4.526550e-03,8.406956e-06,-3.5931480014e-11,1.1711e-01,1.0312
684.16,-3.60279976e-03,4.414150e-03,8.431800e-06,-3.5933589437e-11,1.2364e-01,1.0312
684.67,-4.11011788e-03,4.290103e-03,8.451150e-06,-3.5934255571e-11,1.3012e-01,1.0312
685.18,-4.53808648e-03,4.165642e-03,8.460683e-06,-3.5934699660e-11,1.3656e-01,1.0312
685.68,-4.77608198e-03,4.053856e-03,8.459443e-06,-3.5936364995e-11,1.4296e-01,1.0312
686.19,-4.74268355e-03,3.968610e-03,8.448977e-06,-3.5936920106e-11,1.4930e-01,1.0312
686.70,-4.42405175e-03,3.917902e-03,8.431404e-06,-3.5937697263e-11,1.5560e-01,1.0312
687.20,-3.88310957e-03,3.905294e-03,8.407873e-06,-3.5938585441e-11,1.6186e-01,1.0312
687.71,-3.23508269e-03,3.928302e-03,8.378121e-06,-3.6127545400e-11,2.4971e-02,1.0312
688.22,-2.60255802e-03,3.976904e-03,8.340848e-06,-3.6128988690e-11,2.6180e-02,1.0312
688.72,-2.07129959e-03,4.040811e-03,8.294352e-06,-3.6135539005e-11,2.8861e-02,1.0312
689.23,-1.66706122e-03,4.110923e-03,8.236893e-06,-3.6547764815e-11,3.0631e-02,1.0312
689.74,-1.36480863e-03,4.181799e-03,8.166655e-06,-3.6691427674e-11,3.1797e-02,1.0375
690.25,-1.11536962e-03,4.249968e-03,8.081489e-06,-3.6693426075e-11,3.3000e-02,1.0375
690.75,-8.74866621e-04,4.314815e-03,7.978680e-06,-3.6694092209e-11,3.2793e-02,1.0375
691.26,-6.24454038e-04,4.377417e-03,7.854787e-06,-3.6695091410e-11,3.1720e-02,1.0375
691.77,-3.71285509e-04,4.439755e-03,7.705416e-06,-3.6695757544e-11,3.0318e-02,1.0375
692.27,-1.37603957e-04,4.504023e-03,7.525187e-06,-3.6696312655e-11,2.8327e-02,1.0375
692.78,5.54129806e-05,4.572069e-03,7.308483e-06,-3.6698200034e-11,3.1106e-02,1.0375
693.29,1.97666901e-04,4.644961e-03,7.051057e-06,-3.6697644923e-11,3.8110e-02,1.0375
693.79,2.92866240e-04,4.722781e-03,6.752101e-06,-3.6700420480e-11,4.5071e-02,1.0375
694.30,3.56818118e-04,4.804414e-03,6.415318e-06,-3.6699421280e-11,5.1991e-02,1.0375
694.81,4.11607769e-04,4.887157e-03,6.048546e-06,-3.6701308659e-11,5.8868e-02,1.0375
695.31,4.78975393e-04,4.970485e-03,5.662368e-06,-3.6702196837e-11,6.5702e-02,1.0375
695.82,5.75727251e-04,5.052735e-03,5.268647e-06,-3.6703085016e-11,7.2493e-02,1.0375
696.33,7.11138788e-04,5.132567e-03,4.879229e-06,-3.6703529105e-11,7.9242e-02,1.0375
696.83,8.85291724e-04,5.209064e-03,4.505170e-06,-3.6703862172e-11,8.5946e-02,1.0375
697.34,1.08701188e-03,5.280775e-03,4.157349e-06,-3.6704084216e-11,9.2607e-02,1.0375
697.85,1.29956398e-03,5.346137e-03,3.848247e-06,-3.6706304662e-11,9.9225e-02,1.0375
698.35,1.50784599e-03,5.402541e-03,3.592917e-06,-3.6707969997e-11,1.0580e-01,1.0375
698.86,1.69948272e-03,5.447234e-03,3.407853e-06,-3.6776914847e-11,1.0436e-01,1.0312
699.37,1.85997585e-03,5.478486e-03,3.306971e-06,-3.6778025070e-11,1.1121e-01,1.0312
699.87,1.96717070e-03,5.494018e-03,3.294222e-06,-3.6779135293e-11,1.1778e-01,1.0312
700.38,1.99465805e-03,5.493743e-03,3.360626e-06,-3.6780245516e-11,1.2431e-01,1.0312
700.89,1.92541245e-03,5.478864e-03,3.484524e-06,-3.6779801427e-11,1.3079e-01,1.0312
701.39,1.76672544e-03,5.448010e-03,3.645165e-06,-3.6781799828e-11,1.3722e-01,1.0312
701.90,1.55144121e-03,5.404753e-03,3.827512e-06,-3.6782243917e-11,1.4361e-01,1.0312
702.41,1.31609531e-03,5.351584e-03,4.025308e-06,-3.6783465163e-11,1.4995e-01,1.0312
702.91,1.07042294e-03,5.289627e-03,4.236617e-06,-3.6784353341e-11,1.5625e-01,1.0312
703.42,7.83074713e-04,5.221986e-03,4.466035e-06,-3.6784797430e-11,1.6250e-01,1.0312
703.93,4.01017745e-04,5.153803e-03,4.718649e-06,-3.6854186369e-11,1.2025e-01,1.0250
704.44,-1.05222636e-04,5.081537e-03,4.996084e-06,-3.6855407615e-11,1.2683e-01,1.0250
704.94,-7.04644201e-04,5.017073e-03,5.296243e-06,-3.6855740682e-11,1.3337e-01,1.0250
705.45,-1.30541478e-03,4.962572e-03,5.612016e-06,-3.6856961927e-11,1.3986e-01,1.0250
705.96,-1.79007283e-03,4.920425e-03,5.933504e-06,-3.6857628061e-11,1.4631e-01,1.0250
706.46,-2.06198067e-03,4.895650e-03,6.251047e-06,-3.6859959529e-11,1.5271e-01,1.0250
706.97,-2.08070267e-03,4.883661e-03,6.558515e-06,-3.6860403618e-11,1.5906e-01,1.0250
707.48,-1.87318885e-03,4.871971e-03,6.853336e-06,-3.6860403618e-11,1.6536e-01,1.0250
707.98,-1.51773483e-03,4.854008e-03,7.132933e-06,-3.6861402819e-11,1.7162e-01,1.0250
708.49,-1.11388503e-03,4.814540e-03,7.393640e-06,-3.6963321293e-11,2.7846e-02,1.0188
709.00,-7.51207529e-04,4.762738e-03,7.630417e-06,-3.6973757389e-11,2.3112e-02,1.0188
709.50,-4.88998297e-04,4.698822e-03,7.837295e-06,-3.6986191887e-11,2.1390e-02,1.0188
710.01,-3.51383327e-04,4.631161e-03,8.008826e-06,-3.7044811663e-11,1.3867e-02,1.0188
710.52,-3.33090862e-04,4.568732e-03,8.141255e-06,-3.7096992145e-11,1.9158e-02,1.0250
711.02,-4.11566613e-04,4.512011e-03,8.233334e-06,-3.7749248172e-11,1.2457e-02,1.0250
711.53,-5.54756741e-04,4.473011e-03,8.287188e-06,-3.8226311005e-11,1.7044e-02,1.0312
712.04,-7.21004640e-04,4.446116e-03,8.309113e-06,-3.8229974741e-11,2.1165e-02,1.0312
712.54,-8.59952001e-04,4.430273e-03,8.309164e-06,-3.8525405088e-11,2.1594e-02,1.0312
713.05,-9.18839054e-04,4.424876e-03,8.298919e-06,-3.8743452890e-11,2.0094e-02,1.0375
713.56,-8.57394323e-04,4.429466e-03,8.288309e-06,-3.8743674935e-11,1.3013e-02,1.0375
714.06,-6.68417733e-04,4.443228e-03,8.283539e-06,-3.8745451292e-11,9.4182e-03,1.0375
714.57,-3.91304082e-04,4.464950e-03,8.286872e-06,-3.8746783559e-11,1.6540e-02,1.0375
715.08,-1.04575556e-04,4.493316e-03,8.297665e-06,-3.8747449693e-11,2.3626e-02,1.0375
715.58,1.02875351e-04,4.526485e-03,8.313662e-06,-3.8747893782e-11,3.0673e-02,1.0375
716.09,1.72705378e-04,4.562203e-03,8.331755e-06,-3.8749226050e-11,3.7679e-02,1.0375
716.60,1.04369075e-04,4.598447e-03,8.348826e-06,-3.8750558318e-11,4.4644e-02,1.0375
717.10,-5.30501287e-05,4.632337e-03,8.361682e-06,-3.8750558318e-11,5.1566e-02,1.0375
717.61,-2.41633897e-04,4.662886e-03,8.366812e-06,-3.8751224452e-11,5.8446e-02,1.0375
718.12,-4.37007504e-04,4.690498e-03,8.359777e-06,-3.8752667741e-11,6.5282e-02,1.0375
718.63,-6.61911020e-04,4.715798e-03,8.334966e-06,-3.8752667741e-11,7.2076e-02,1.0375
719.13,-9.65023769e-04,4.740167e-03,8.286328e-06,-3.8754000009e-11,7.8827e-02,1.0375
719.64,-1.37950199e-03,4.764918e-03,8.209028e-06,-3.8755554321e-11,8.5534e-02,1.0375
720.15,-1.89162988e-03,4.790274e-03,8.101349e-06,-3.8755998411e-11,9.2198e-02,1.0375
720.65,-2.43700612e-03,4.815318e-03,7.965812e-06,-3.8824499171e-11,9.6928e-02,1.0312
721.16,-2.91832619e-03,4.839923e-03,7.809164e-06,-3.8825831439e-11,1.0372e-01,1.0312
721.67,-3.23622580e-03,4.863598e-03,7.641648e-06,-3.8826719617e-11,1.1034e-01,1.0312
722.17,-3.32117761e-03,4.885864e-03,7.475723e-06,-3.8827496773e-11,1.1692e-01,1.0312
722.68,-3.15589983e-03,4.906833e-03,7.324046e-06,-3.8829384152e-11,1.2345e-01,1.0312
723.19,-2.77971872e-03,4.916610e-03,7.196655e-06,-3.8828162907e-11,1.2993e-01,1.0312
723.69,-2.27398956e-03,4.925397e-03,7.099691e-06,-3.8829717219e-11,1.3637e-01,1.0312
724.20,-1.73172372e-03,4.937485e-03,7.035676e-06,-3.8831160509e-11,1.4277e-01,1.0312
724.71,-1.22697520e-03,4.954236e-03,7.004688e-06,-3.8832159710e-11,1.4912e-01,1.0312
725.21,-7.96010773e-04,4.967986e-03,7.005324e-06,-3.8832603799e-11,1.5542e-01,1.0312
725.72,-4.39329867e-04,4.992325e-03,7.037602e-06,-3.8903213984e-11,1.5974e-01,1.0250
726.23,-1.36166090e-04,5.040951e-03,7.099566e-06,-3.8903880117e-11,1.6604e-01,1.0250
726.73,1.36963472e-04,5.098704e-03,7.186855e-06,-3.8904879318e-11,1.7229e-01,1.0250
727.24,3.93558773e-04,5.163973e-03,7.292272e-06,-3.8905434430e-11,1.7850e-01,1.0250
727.75,6.31842733e-04,5.218311e-03,7.405327e-06,-3.8975489502e-11,1.7878e-01,1.0188
728.25,8.37513083e-04,5.254292e-03,7.512554e-06,-3.8976710748e-11,1.8500e-01,1.0188
728.76,9.97835524e-04,5.275801e-03,7.600681e-06,-3.9001246677e-11,2.4298e-02,1.0188
729.27,1.11679412e-03,5.281874e-03,7.659421e-06,-3.9184766543e-11,2.2209e-02,1.0250
729.77,1.21834540e-03,5.293089e-03,7.683583e-06,-3.9370173788e-11,3.2030e-02,1.0250
730.28,1.33499741e-03,5.296802e-03,7.674086e-06,-3.9860559298e-11,2.5357e-02,1.0375
730.79,1.49368858e-03,5.307203e-03,7.637003e-06,-3.9873548907e-11,2.9731e-02,1.0375
731.29,1.70421045e-03,5.314910e-03,7.581670e-06,-3.9874437086e-11,3.2934e-02,1.0375
731.80,1.95475121e-03,5.317194e-03,7.518645e-06,-3.9874770152e-11,3.4359e-02,1.0375
732.31,2.21966775e-03,5.311715e-03,7.457039e-06,-3.9877101621e-11,3.4196e-02,1.0375
732.82,2.47171282e-03,5.297264e-03,7.401402e-06,-3.9877212643e-11,3.2745e-02,1.0375
733.32,2.69263990e-03,5.274305e-03,7.350018e-06,-3.9877656732e-11,3.0353e-02,1.0375
733.83,2.88282946e-03,5.244650e-03,7.296229e-06,-3.9878877978e-11,3.1885e-02,1.0375
734.34,3.06469075e-03,5.210503e-03,7.232132e-06,-3.9880210245e-11,3.8884e-02,1.0375
734.84,3.26896050e-03,5.173598e-03,7.151848e-06,-3.9880654334e-11,4.5841e-02,1.0375
735.35,3.50093497e-03,5.134992e-03,7.052251e-06,-3.9882319669e-11,5.2756e-02,1.0375
735.86,3.70483443e-03,5.095427e-03,6.931221e-06,-3.9882541714e-11,5.9629e-02,1.0375
736.36,3.75917086e-03,5.055894e-03,6.785294e-06,-3.9882430691e-11,6.6458e-02,1.0375
736.87,3.52307656e-03,5.018115e-03,6.608998e-06,-3.9884762160e-11,7.3244e-02,1.0375
737.38,2.91782946e-03,4.983560e-03,6.396733e-06,-3.9885206249e-11,7.9988e-02,1.0375
737.88,1.98310691e-03,4.956126e-03,6.145946e-06,-3.9884873182e-11,8.6688e-02,1.0375
738.39,8.64605312e-04,4.937285e-03,5.859583e-06,-3.9887981806e-11,9.3344e-02,1.0375
738.90,-2.44859856e-04,4.930657e-03,5.547197e-06,-3.9887426695e-11,9.9956e-02,1.0375
739.40,-1.16485834e-03,4.933955e-03,5.225042e-06,-3.9889758163e-11,1.0653e-01,1.0375
739.91,-1.76552456e-03,4.947706e-03,4.915036e-06,-3.9958591991e-11,1.0013e-01,1.0312
740.42,-1.98809579e-03,4.967814e-03,4.641451e-06,-3.9958591991e-11,1.0677e-01,1.0312
740.92,-1.85514989e-03,4.990717e-03,4.425357e-06,-3.9960368348e-11,1.1337e-01,1.0312
741.43,-1.46220203e-03,5.014774e-03,4.280803e-06,-3.9960812437e-11,1.1993e-01,1.0312
741.94,-9.41323435e-04,5.036024e-03,4.215131e-06,-3.9961478571e-11,1.2644e-01,1.0312
742.44,-4.11356225e-04,5.052497e-03,4.231532e-06,-3.9963476972e-11,1.3291e-01,1.0312
742.95,5.57023812e-05,5.060876e-03,4.330052e-06,-3.9963699017e-11,1.3932e-01,1.0312
743.46,4.35855293e-04,5.062804e-03,4.506340e-06,-3.9965142307e-11,2.4190e-02,1.0312
743.96,7.35174392e-04,5.060185e-03,4.751066e-06,-3.9968028887e-11,3.0770e-02,1.0312
744.47,9.73304305e-04,5.049837e-03,5.051378e-06,-4.0195513584e-11,2.5433e-02,1.0312
744.98,1.17474209e-03,5.036004e-03,5.393049e-06,-4.0248582245e-11,2.7638e-02,1.0312
745.48,1.36651791e-03,5.017431e-03,5.762104e-06,-4.0344172447e-11,2.8595e-02,1.0375
745.99,1.57388039e-03,4.994667e-03,6.145572e-06,-4.0345060626e-11,2.7977e-02,1.0375
746.50,1.81681973e-03,4.968428e-03,6.532017e-06,-4.0345504715e-11,2.5817e-02,1.0375
747.01,2.10493131e-03,4.939664e-03,6.912548e-06,-4.0347059027e-11,2.2420e-02,1.0375
747.51,2.43802675e-03,4.909413e-03,7.282348e-06,-4.0347281072e-11,1.8230e-02,1.0375
748.02,2.80861250e-03,4.878554e-03,7.641990e-06,-4.0347725161e-11,2.3985e-02,1.0375
748.53,3.20539782e-03,4.847390e-03,7.996656e-06,-4.0349501518e-11,3.1195e-02,1.0375
749.03,3.61295726e-03,4.818064e-03,8.353182e-06,-4.0349612540e-11,3.8231e-02,1.0375
749.54,4.01085689e-03,4.790526e-03,8.716431e-06,-4.0351499919e-11,4.5196e-02,1.0375
750.05,4.38089753e-03,4.764002e-03,9.086988e-06,-4.0351388897e-11,5.2116e-02,1.0375
750.55,4.71987878e-03,4.737909e-03,9.461060e-06,-4.0353831388e-11,5.8994e-02,1.0375
751.06,5.03796987e-03,4.711922e-03,9.831867e-06,-4.0353720365e-11,6.5828e-02,1.0375
751.57,5.32842756e-03,4.686208e-03,1.019171e-05,-4.0355052633e-11,7.2619e-02,1.0375
752.07,5.53249201e-03,4.661234e-03,1.053365e-05,-4.0354608544e-11,7.9367e-02,1.0375
752.58,5.54908590e-03,4.637344e-03,1.085262e-05,-4.0356051834e-11,8.6071e-02,1.0375
753.09,5.30268052e-03,4.613973e-03,1.114543e-05,-4.0357717168e-11,9.2731e-02,1.0375
753.59,4.80859519e-03,4.590470e-03,1.141022e-05,-4.0358494324e-11,9.9348e-02,1.0375
754.10,4.15679007e-03,4.565203e-03,1.164550e-05,-4.0359493525e-11,1.0592e-01,1.0375
754.61,3.41531131e-03,4.534998e-03,1.184986e-05,-4.0359382503e-11,1.1245e-01,1.0375
755.11,2.54733713e-03,4.495817e-03,1.202111e-05,-4.0361047837e-11,1.1893e-01,1.0375
755.62,1.43533341e-03,4.445926e-03,1.215609e-05,-4.0361713971e-11,1.2537e-01,1.0375
756.13,4.14358780e-06,4.386876e-03,1.225191e-05,-4.0362713172e-11,1.3177e-01,1.0375
756.63,-1.66199374e-03,4.323209e-03,1.230624e-05,-4.0431324955e-11,1.3335e-01,1.0312
757.14,-3.31106865e-03,4.260142e-03,1.231796e-05,-4.0432657222e-11,1.3976e-01,1.0312
757.65,-4.62339623e-03,4.203527e-03,1.228765e-05,-4.0433212334e-11,1.4613e-01,1.0312
758.15,-5.33188278e-03,4.158334e-03,1.221817e-05,-4.0433434378e-11,1.5246e-01,1.0312
758.66,-5.30642483e-03,4.130238e-03,1.211494e-05,-4.0435210735e-11,1.5873e-01,1.0312
759.17,-4.59354121e-03,4.123615e-03,1.198527e-05,-4.0435432780e-11,1.6497e-01,1.0312
759.67,-3.40303803e-03,4.145602e-03,1.183604e-05,-4.0510039767e-11,1.1508e-01,1.0250
760.18,-2.03154750e-03,4.198061e-03,1.167176e-05,-4.0510927946e-11,1.2170e-01,1.0250
760.69,-7.81186475e-04,4.277620e-03,1.149314e-05,-4.0512260213e-11,1.2828e-01,1.0250
761.20,1.06225516e-04,4.364075e-03,1.129884e-05,-4.0513259414e-11,1.3481e-01,1.0250
761.70,5.12956225e-04,4.444940e-03,1.108674e-05,-4.0513814525e-11,1.4129e-01,1.0250
762.21,4.76069252e-04,4.517226e-03,1.085551e-05,-4.0582870398e-11,5.9132e-02,1.0188
762.72,1.39777609e-04,4.579619e-03,1.060452e-05,-4.0583869598e-11,6.4178e-02,1.0188
763.22,-3.32619638e-04,4.631956e-03,1.033285e-05,-4.0585534933e-11,7.0917e-02,1.0188
763.73,-8.19643829e-04,4.675209e-03,1.003850e-05,-4.0608183483e-11,1.2509e-02,1.0250
764.24,-1.25789779e-03,4.712752e-03,9.718126e-06,-4.0760173015e-11,2.3833e-02,1.0250
764.74,-1.62914956e-03,4.746903e-03,9.367393e-06,-4.1064152079e-11,2.5631e-02,1.0312
765.25,-1.93717203e-03,4.779926e-03,8.981752e-06,-4.1236347670e-11,3.2110e-02,1.0312
765.76,-2.18864390e-03,4.811023e-03,8.557554e-06,-4.2143732948e-11,2.9141e-02,1.0375
766.26,-2.38415555e-03,4.841453e-03,8.093205e-06,-4.2511660858e-11,3.1830e-02,1.0375
766.77,-2.52135315e-03,4.869624e-03,7.589946e-06,-4.2513215170e-11,3.3322e-02,1.0375
767.28,-2.60046348e-03,4.894473e-03,7.052132e-06,-4.2514214371e-11,3.3084e-02,1.0375
767.78,-2.62620280e-03,4.915107e-03,6.487214e-06,-4.2515879706e-11,3.1180e-02,1.0375
768.29,-2.60812401e-03,4.931009e-03,5.905392e-06,-4.2515990728e-11,2.7894e-02,1.0375
768.80,-2.55493410e-03,4.942154e-03,5.318467e-06,-4.2516767884e-11,2.3642e-02,1.0375
769.30,-2.46991784e-03,4.948851e-03,4.738380e-06,-4.2517656063e-11,2.7995e-02,1.0375
769.81,-2.35449379e-03,4.951360e-03,4.177131e-06,-4.2518100152e-11,3.5204e-02,1.0375
770.32,-2.21279221e-03,4.949479e-03,3.650487e-06,-4.2518655263e-11,4.2409e-02,1.0375
770.82,-2.05737559e-03,4.942431e-03,3.185797e-06,-4.2521430821e-11,4.9420e-02,1.0375
771.33,-1.91375587e-03,4.928988e-03,2.829729e-06,-4.2522652066e-11,5.6316e-02,1.0375
771.84,-1.81598725e-03,4.908815e-03,2.643895e-06,-4.2521874910e-11,6.3167e-02,1.0375
772.34,-1.79804626e-03,4.882138e-03,2.673385e-06,-4.2523096155e-11,6.9975e-02,1.0375
772.85,-1.88128510e-03,4.850929e-03,2.907959e-06,-4.2523540245e-11,7.6740e-02,1.0375
773.36,-2.06007246e-03,4.818124e-03,3.289486e-06,-4.2524539445e-11,8.3461e-02,1.0375
773.87,-2.29626195e-03,4.787600e-03,3.753115e-06,-4.2526648869e-11,9.0139e-02,1.0375
774.37,-2.53319416e-03,4.762751e-03,4.251191e-06,-4.2527092958e-11,9.6773e-02,1.0375
774.88,-2.73112864e-03,4.745443e-03,4.755261e-06,-4.2527870114e-11,1.0336e-01,1.0375
775.39,-2.90525311e-03,4.735955e-03,5.251080e-06,-4.2528314204e-11,1.0991e-01,1.0375
775.89,-3.13193643e-03,4.732525e-03,5.733008e-06,-4.2530534650e-11,1.1641e-01,1.0375
776.40,-3.50621767e-03,4.732405e-03,6.199118e-06,-4.2530312605e-11,1.2287e-01,1.0375
776.91,-4.06929015e-03,4.732862e-03,6.648306e-06,-4.2530867717e-11,1.2928e-01,1.0375
777.41,-4.75635910e-03,4.731828e-03,7.079418e-06,-4.2531866917e-11,1.3565e-01,1.0375
777.92,-5.40623764e-03,4.728256e-03,7.491524e-06,-4.2602366079e-11,1.3328e-01,1.0312
778.43,-5.82471266e-03,4.721605e-03,7.884033e-06,-4.2604142436e-11,4.9349e-02,1.0312
778.93,-5.85769671e-03,4.711918e-03,8.256383e-06,-4.2605030615e-11,2.7436e-02,1.0312
779.44,-5.44337676e-03,4.699675e-03,8.607414e-06,-4.2854053639e-11,3.2701e-02,1.0312
779.95,-4.62883648e-03,4.685882e-03,8.934718e-06,-4.3185566234e-11,3.5583e-02,1.0375
780.45,-3.55593071e-03,4.671825e-03,9.234281e-06,-4.3482439871e-11,3.6460e-02,1.0375
780.96,-2.41430178e-03,4.659289e-03,9.500706e-06,-4.3517522919e-11,3.6038e-02,1.0375
781.47,-1.39327587e-03,4.650124e-03,9.727985e-06,-4.3520631543e-11,3.4399e-02,1.0437
781.97,-6.35263967e-04,4.646010e-03,9.910401e-06,-4.3520853588e-11,3.1824e-02,1.0437
782.48,-1.94914492e-04,4.649071e-03,1.004358e-05,-4.3521408699e-11,2.8543e-02,1.0437
782.99,-3.22062203e-05,4.663455e-03,1.012579e-05,-4.3522851989e-11,2.5151e-02,1.0437
783.49,-4.65220779e-05,4.687720e-03,1.015951e-05,-4.3524406301e-11,3.2106e-02,1.0437
784.00,-1.27444864e-04,4.719104e-03,1.015240e-05,-4.3524961413e-11,3.9021e-02,1.0437
784.51,-1.87504669e-04,4.754521e-03,1.011654e-05,-4.3525960614e-11,4.5895e-02,1.0437
785.01,-1.75159813e-04,4.791363e-03,1.006514e-05,-4.3527736970e-11,5.2727e-02,1.0437
785.52,-7.14470302e-05,4.828326e-03,1.000762e-05,-4.3528292082e-11,5.9519e-02,1.0437
786.03,1.18051722e-04,4.865296e-03,9.945767e-06,-4.3528625149e-11,6.6268e-02,1.0437
786.53,3.69094357e-04,4.902930e-03,9.874384e-06,-4.3529513327e-11,7.2976e-02,1.0437
787.04,6.48857983e-04,4.941585e-03,9.786135e-06,-4.3530290483e-11,7.9641e-02,1.0437
787.55,9.27647625e-04,4.979938e-03,9.677217e-06,-4.3531622751e-11,8.6264e-02,1.0437
788.06,1.18714397e-03,5.015951e-03,9.550013e-06,-4.3533177063e-11,9.2845e-02,1.0437
788.56,1.42556641e-03,5.046738e-03,9.411871e-06,-4.3532955019e-11,9.9384e-02,1.0437
789.07,1.65286259e-03,5.067093e-03,9.271910e-06,-4.3532732974e-11,1.0588e-01,1.0437
789.58,1.88217539e-03,5.072607e-03,9.138179e-06,-4.3605119515e-11,9.8311e-02,1.0375
790.08,2.12392857e-03,5.059365e-03,9.016310e-06,-4.3605452582e-11,1.0495e-01,1.0375
790.59,2.38041307e-03,5.024121e-03,8.908911e-06,-4.3607228939e-11,1.1149e-01,1.0375
791.10,2.64506509e-03,4.964000e-03,8.816166e-06,-4.3608228140e-11,1.1798e-01,1.0375
791.60,2.90632613e-03,4.880341e-03,8.735708e-06,-4.3609005296e-11,1.2443e-01,1.0375
792.11,3.15041669e-03,4.776832e-03,8.662653e-06,-4.3608561207e-11,1.3083e-01,1.0375
792.62,3.36074838e-03,4.660826e-03,8.593623e-06,-4.3610781653e-11,1.3719e-01,1.0375
793.12,3.51771878e-03,4.542097e-03,8.526345e-06,-4.3610781653e-11,1.4350e-01,1.0375
793.63,3.60207975e-03,4.431307e-03,8.461204e-06,-4.3611669831e-11,1.4977e-01,1.0375
794.14,3.60019078e-03,4.334817e-03,8.401678e-06,-4.3612224943e-11,1.5600e-01,1.0375
794.64,3.50608566e-03,4.255780e-03,8.354897e-06,-4.3682502060e-11,1.5649e-01,1.0312
795.15,3.32088056e-03,4.206240e-03,8.329414e-06,-4.3683168194e-11,1.6274e-01,1.0312
795.66,3.05639707e-03,4.182202e-03,8.330628e-06,-4.3684500461e-11,1.6894e-01,1.0312
796.16,2.73810837e-03,4.189227e-03,8.360740e-06,-4.3684944551e-11,1.7510e-01,1.0312
796.67,2.40018502e-03,4.228697e-03,8.414421e-06,-4.3756998025e-11,1.7135e-01,1.0250
797.18,2.07885977e-03,4.291014e-03,8.482729e-06,-4.3756220869e-11,1.7757e-01,1.0250
797.68,1.80265034e-03,4.357091e-03,8.556790e-06,-4.3757886203e-11,1.8373e-01,1.0250
798.19,1.57826326e-03,4.416451e-03,8.629291e-06,-4.3859027521e-11,5.3832e-02,1.0125
798.70,1.38988681e-03,4.464963e-03,8.695295e-06,-4.3862136145e-11,5.6291e-02,1.0188
799.20,1.21326336e-03,4.504643e-03,8.751203e-06,-4.3877568245e-11,1.8108e-02,1.0250
799.71,1.03336158e-03,4.544815e-03,8.793305e-06,-4.4052761439e-11,2.4019e-02,1.0250
800.22,8.54392012e-04,4.595057e-03,8.817025e-06,-4.4201864391e-11,3.1800e-02,1.0312
800.72,6.99040376e-04,4.658586e-03,8.817127e-06,-4.4501180518e-11,2.7738e-02,1.0312
801.23,5.95175177e-04,4.739928e-03,8.788385e-06,-4.4733106108e-11,2.9591e-02,1.0312
801.74,5.56782722e-04,4.834587e-03,8.726619e-06,-4.5214276767e-11,3.0005e-02,1.0375
802.25,5.74100196e-04,4.936133e-03,8.629602e-06,-4.5225267975e-11,2.8759e-02,1.0437
802.75,6.16897824e-04,5.039133e-03,8.497329e-06,-4.5227710466e-11,2.5824e-02,1.0437
803.26,6.50533531e-04,5.140366e-03,8.331264e-06,-4.5227377399e-11,2.1477e-02,1.0437
803.77,6.57012318e-04,5.237850e-03,8.132731e-06,-4.5227932510e-11,2.1396e-02,1.0437
804.27,6.49284324e-04,5.330699e-03,7.901473e-06,-4.5229597845e-11,2.8372e-02,1.0437
804.78,6.67025646e-04,5.418717e-03,7.635849e-06,-4.5230597046e-11,3.5309e-02,1.0437
805.29,7.51544220e-04,5.501697e-03,7.334728e-06,-4.5231707269e-11,4.2204e-02,1.0437
805.79,9.13558734e-04,5.578878e-03,6.999644e-06,-4.5231485224e-11,4.9059e-02,1.0437
806.30,1.11794935e-03,5.649337e-03,6.635733e-06,-4.5233372603e-11,5.5873e-02,1.0437
806.81,1.30069513e-03,5.711508e-03,6.251044e-06,-4.5234926915e-11,6.2645e-02,1.0437
807.31,1.40228126e-03,5.763105e-03,5.854655e-06,-4.5235371005e-11,6.9375e-02,1.0437
807.82,1.38679542e-03,5.801264e-03,5.454686e-06,-4.5236703272e-11,7.6063e-02,1.0437
808.33,1.22954836e-03,5.822351e-03,5.057102e-06,-4.5236481228e-11,8.2709e-02,1.0437
808.83,8.95409919e-04,5.825063e-03,4.665658e-06,-4.5238479629e-11,8.9312e-02,1.0437
809.34,3.39550079e-04,5.810045e-03,4.283201e-06,-4.5307424479e-11,8.7188e-02,1.0375
809.85,-4.60252201e-04,5.780454e-03,3.912624e-06,-4.5307868568e-11,9.3842e-02,1.0375
810.35,-1.45601138e-03,5.738587e-03,3.556534e-06,-4.5308756746e-11,1.0045e-01,1.0375
810.86,-2.51095409e-03,5.684865e-03,3.218399e-06,-4.5309533903e-11,1.0702e-01,1.0375
811.37,-3.43311038e-03,5.616479e-03,2.904394e-06,-4.5309755947e-11,1.1354e-01,1.0375
811.87,-4.03177687e-03,5.548708e-03,2.629403e-06,-4.5311421282e-11,1.2002e-01,1.0375
812.38,-4.17611608e-03,5.491626e-03,2.424989e-06,-4.5312420482e-11,1.2645e-01,1.0375
812.89,-3.84169342e-03,5.451282e-03,2.335991e-06,-4.5313086616e-11,1.3284e-01,1.0375
813.39,-3.11924404e-03,5.422319e-03,2.397889e-06,-4.5313530705e-11,1.3918e-01,1.0375
813.90,-2.17957996e-03,5.411308e-03,2.607183e-06,-4.5382919645e-11,1.3903e-01,1.0312
814.41,-1.21746133e-03,5.420659e-03,2.921052e-06,-4.5383252711e-11,1.4541e-01,1.0312
814.91,-3.98314749e-04,5.438548e-03,3.285460e-06,-4.5384696001e-11,1.5174e-01,1.0312
815.42,1.79019004e-04,5.456578e-03,3.661716e-06,-4.5386250314e-11,1.5802e-01,1.0312
815.93,4.95075696e-04,5.479106e-03,4.031223e-06,-4.5386583380e-11,1.6413e-01,1.0312
816.44,5.94060546e-04,5.505380e-03,4.392031e-06,-4.5387471559e-11,4.0557e-02,1.0312
816.94,5.51482618e-04,5.521004e-03,4.748082e-06,-4.5403680815e-11,4.5656e-02,1.0312
817.45,4.46820232e-04,5.520392e-03,5.102679e-06,-4.5753845157e-11,4.8247e-02,1.0312
817.96,3.42779513e-04,5.499588e-03,5.456100e-06,-4.5886405786e-11,4.2499e-02,1.0312
818.46,2.75912392e-04,5.466681e-03,5.805409e-06,-4.6250003827e-11,3.8186e-02,1.0312
818.97,2.58407732e-04,5.427165e-03,6.145203e-06,-4.6361248174e-11,3.5112e-02,1.0375
819.48,2.86492155e-04,5.384985e-03,6.468352e-06,-4.6361803285e-11,3.2632e-02,1.0375
819.98,3.49180890e-04,5.342931e-03,6.766912e-06,-4.6363024531e-11,3.0404e-02,1.0375
820.49,4.33758518e-04,5.301780e-03,7.033180e-06,-4.6364134754e-11,2.7525e-02,1.0375
821.00,5.27687663e-04,5.262274e-03,7.261079e-06,-4.6365578044e-11,2.3996e-02,1.0375
821.50,6.22404194e-04,5.225334e-03,7.448106e-06,-4.6365578044e-11,2.8381e-02,1.0375
822.01,7.15630099e-04,5.190904e-03,7.596789e-06,-4.6366688267e-11,3.5405e-02,1.0375
822.52,8.11648421e-04,5.157714e-03,7.714482e-06,-4.6367243378e-11,4.2386e-02,1.0375
823.02,9.17981146e-04,5.123379e-03,7.810929e-06,-4.6369130757e-11,4.9324e-02,1.0375
823.53,1.04149527e-03,5.085929e-03,7.894708e-06,-4.6369907913e-11,5.6219e-02,1.0375
824.04,1.18546992e-03,5.044770e-03,7.970690e-06,-4.6369907913e-11,6.3070e-02,1.0375
824.54,1.34886396e-03,5.000486e-03,8.039893e-06,-4.6371573248e-11,6.9879e-02,1.0375
825.05,1.52823871e-03,4.950790e-03,8.101294e-06,-4.6372128359e-11,7.6644e-02,1.0375
825.56,1.71873015e-03,4.898863e-03,8.153754e-06,-4.6373793694e-11,8.3365e-02,1.0375
826.06,1.91342332e-03,4.844726e-03,8.196521e-06,-4.6373571649e-11,9.0043e-02,1.0375
826.57,2.10285631e-03,4.788325e-03,8.228125e-06,-4.6375348006e-11,9.6678e-02,1.0375
827.08,2.27830516e-03,4.726588e-03,8.244975e-06,-4.6376236185e-11,1.0327e-01,1.0375
827.58,2.43334467e-03,4.668918e-03,8.241530e-06,-4.6377235385e-11,1.0981e-01,1.0375
828.09,2.55893526e-03,4.609274e-03,8.212888e-06,-4.6377568452e-11,1.1632e-01,1.0375
828.60,2.63571290e-03,4.546951e-03,8.158423e-06,-4.6378012541e-11,1.2278e-01,1.0375
829.10,2.63659859e-03,4.480894e-03,8.084666e-06,-4.6379455831e-11,1.2919e-01,1.0375
829.61,2.54230558e-03,4.414768e-03,8.004602e-06,-4.6447845570e-11,1.2679e-01,1.0312
830.12,2.35776039e-03,4.350883e-03,7.932664e-06,-4.6449399882e-11,1.3325e-01,1.0312
830.63,2.11343439e-03,4.302831e-03,7.878016e-06,-4.6450288060e-11,1.3966e-01,1.0312
831.13,1.84900302e-03,4.272672e-03,7.840813e-06,-4.6450843172e-11,1.2146e-01,1.0312
831.64,1.59127529e-03,4.272306e-03,7.813564e-06,-4.6451620328e-11,2.3043e-02,1.0312
832.15,1.34055151e-03,4.299142e-03,7.786685e-06,-4.6462389491e-11,2.1732e-02,1.0312
832.65,1.07510273e-03,4.355979e-03,7.754472e-06,-4.6511461349e-11,2.7495e-02,1.0312
833.16,7.71742220e-04,4.429820e-03,7.717509e-06,-4.6728731995e-11,2.5945e-02,1.0312
833.67,4.30227436e-04,4.516860e-03,7.681381e-06,-4.7339687725e-11,3.1790e-02,1.0375
834.17,8.14806307e-05,4.606631e-03,7.653172e-06,-4.7340797948e-11,3.6567e-02,1.0375
834.68,-2.24263633e-04,4.692863e-03,7.638496e-06,-4.7342130216e-11,3.9568e-02,1.0375
835.19,-4.41107296e-04,4.771334e-03,7.640373e-06,-4.7343018394e-11,4.0790e-02,1.0375
835.69,-5.47316562e-04,4.839856e-03,7.659373e-06,-4.7344128618e-11,4.0434e-02,1.0375
836.20,-5.50761569e-04,4.897802e-03,7.693834e-06,-4.7344905774e-11,3.8454e-02,1.0375
836.71,-4.79873442e-04,4.946051e-03,7.739342e-06,-4.7345571907e-11,3.5581e-02,1.0375
837.21,-3.69786088e-04,4.986386e-03,7.788209e-06,-4.7346571108e-11,3.2321e-02,1.0375
837.72,-2.55927592e-04,5.020381e-03,7.830780e-06,-4.7347903376e-11,2.8400e-02,1.0375
838.23,-1.71012608e-04,5.049494e-03,7.859644e-06,-4.7349235643e-11,2.4050e-02,1.0375
838.73,-1.39299468e-04,5.074424e-03,7.874576e-06,-4.7350012800e-11,2.6304e-02,1.0375
839.24,-1.62739375e-04,5.095077e-03,7.884132e-06,-4.7349568710e-11,3.3514e-02,1.0375
839.75,-2.07557990e-04,5.111137e-03,7.901626e-06,-4.7350678933e-11,4.0584e-02,1.0375
840.25,-2.07230643e-04,5.122376e-03,7.937478e-06,-4.7352233246e-11,4.7534e-02,1.0375
840.76,-8.60899366e-05,5.129298e-03,7.993434e-06,-4.7352899379e-11,5.4440e-02,1.0375
841.27,2.04414289e-04,5.133065e-03,8.062298e-06,-4.7353787558e-11,6.1303e-02,1.0375
841.77,6.54071167e-04,5.133110e-03,8.132860e-06,-4.7354786759e-11,6.8123e-02,1.0375
842.28,1.18400599e-03,5.132426e-03,8.195587e-06,-4.7355674937e-11,7.4900e-02,1.0375
842.79,1.66709842e-03,5.131004e-03,8.245431e-06,-4.7356563115e-11,8.1632e-02,1.0375
843.29,1.97566410e-03,5.128923e-03,8.281069e-06,-4.7358339472e-11,8.8322e-02,1.0375
843.80,2.02879706e-03,5.125657e-03,8.302314e-06,-4.7358117428e-11,9.4967e-02,1.0375
844.31,1.80172534e-03,5.118900e-03,8.307582e-06,-4.7359449695e-11,1.0157e-01,1.0375
844.82,1.29308586e-03,5.108115e-03,8.293708e-06,-4.7360115829e-11,1.0813e-01,1.0375
845.32,4.94660832e-04,5.093742e-03,8.256155e-06,-4.7362225253e-11,1.1464e-01,1.0375
845.83,-5.96736408e-04,5.074925e-03,8.189240e-06,-4.7361337074e-11,1.2111e-01,1.0375
846.34,-1.93452238e-03,5.048585e-03,8.088205e-06,-4.7363557520e-11,1.2754e-01,1.0375
846.84,-3.38378034e-03,5.010743e-03,7.950212e-06,-4.7432724415e-11,1.2549e-01,1.0312
847.35,-4.73237298e-03,4.958325e-03,7.773578e-06,-4.7434167705e-11,1.3196e-01,1.0312
847.86,-5.74654979e-03,4.890684e-03,7.556401e-06,-4.7434611794e-11,1.3839e-01,1.0312
848.36,-6.23506792e-03,4.813594e-03,7.303187e-06,-4.7435166906e-11,1.4477e-01,1.0312
848.87,-6.10337387e-03,4.739031e-03,7.018548e-06,-4.7436388151e-11,1.5110e-01,1.0312
849.38,-5.38605382e-03,4.677108e-03,6.707469e-06,-4.7437720418e-11,1.5739e-01,1.0312
849.88,-4.24245307e-03,4.636403e-03,6.373578e-06,-4.7437498374e-11,1.6363e-01,1.0312
850.39,-2.91856654e-03,4.620193e-03,6.021978e-06,-4.7439274731e-11,1.6983e-01,1.0312
850.90,-1.68150281e-03,4.641934e-03,5.665053e-06,-4.7440051887e-11,1.7598e-01,1.0312
851.40,-7.55809016e-04,4.703753e-03,5.315307e-06,-4.7509218781e-11,1.6693e-01,1.0250
851.91,-2.60350512e-04,4.788101e-03,4.984324e-06,-4.7508996737e-11,1.7318e-01,1.0250
852.42,-1.77285446e-04,4.871586e-03,4.689030e-06,-4.7510551049e-11,1.7937e-01,1.0250
852.92,-3.85282195e-04,4.937423e-03,4.444410e-06,-4.7657655600e-11,3.0681e-02,1.0188
853.43,-7.31815941e-04,4.976175e-03,4.263134e-06,-4.7693515803e-11,3.4088e-02,1.0188
853.94,-1.09651492e-03,4.998526e-03,4.155610e-06,-4.7719828089e-11,3.9018e-02,1.0188
854.44,-1.41375576e-03,5.010144e-03,4.127458e-06,-4.7734483033e-11,4.4504e-02,1.0188
854.95,-1.66084384e-03,5.019962e-03,4.176083e-06,-4.7745030152e-11,5.0506e-02,1.0188
855.46,-1.84084424e-03,5.033576e-03,4.289255e-06,-4.7750359222e-11,5.6728e-02,1.0188
855.96,-1.96615024e-03,5.058042e-03,4.449013e-06,-4.7754356025e-11,6.1815e-02,1.0188
856.47,-2.04438580e-03,5.093605e-03,4.643580e-06,-4.7758796917e-11,6.4049e-02,1.0188
856.98,-2.06916894e-03,5.133503e-03,4.874089e-06,-4.7761461452e-11,5.5213e-02,1.0188
857.49,-2.02726091e-03,5.169495e-03,5.150305e-06,-4.7764237010e-11,5.6598e-02,1.0188
857.99,-1.91794893e-03,5.192011e-03,5.479049e-06,-4.7766346434e-11,5.3179e-02,1.0188
858.50,-1.77166218e-03,5.199582e-03,5.855959e-06,-4.7767234612e-11,5.9005e-02,1.0188
859.01,-1.65111997e-03,5.193360e-03,6.266882e-06,-4.7769788125e-11,5.5460e-02,1.0188
859.51,-1.62317186e-03,5.177125e-03,6.695838e-06,-4.7815196247e-11,1.6116e-02,1.0250
860.02,-1.70627090e-03,5.152156e-03,7.132111e-06,-4.7983728102e-11,2.3865e-02,1.0250
860.53,-1.83062146e-03,5.120704e-03,7.572118e-06,-4.8256620921e-11,2.3079e-02,1.0312
861.03,-1.85449044e-03,5.083975e-03,8.016389e-06,-4.8415715881e-11,2.6352e-02,1.0312
861.54,-1.63255484e-03,5.033289e-03,8.465989e-06,-4.9130699509e-11,2.8109e-02,1.0375
862.05,-1.09706156e-03,4.967815e-03,8.918809e-06,-4.9514614631e-11,2.8567e-02,1.0375
862.55,-3.16314178e-04,4.889734e-03,9.369238e-06,-4.9515946898e-11,2.7671e-02,1.0375
863.06,5.00553121e-04,4.802669e-03,9.808893e-06,-4.9516835077e-11,2.5409e-02,1.0375
863.57,1.07201131e-03,4.711819e-03,1.022764e-05,-4.9517723255e-11,2.1926e-02,1.0375
864.07,1.15430982e-03,4.623562e-03,1.061489e-05,-4.9518389389e-11,1.7467e-02,1.0375
864.58,6.36135708e-04,4.543897e-03,1.096146e-05,-4.9519943701e-11,2.3831e-02,1.0375
865.09,-4.18992684e-04,4.478498e-03,1.126149e-05,-4.9520165746e-11,3.1046e-02,1.0375
865.59,-1.80894335e-03,4.431563e-03,1.151365e-05,-4.9521942103e-11,3.8128e-02,1.0375
866.10,-3.27132153e-03,4.404597e-03,1.172098e-05,-4.9521942103e-11,4.5093e-02,1.0375
866.61,-4.55730720e-03,4.396335e-03,1.188947e-05,-4.9523718459e-11,5.2015e-02,1.0375
867.11,-5.47523231e-03,4.403254e-03,1.202572e-05,-4.9523607437e-11,5.8893e-02,1.0375
867.62,-5.90644118e-03,4.421014e-03,1.213494e-05,-4.9525161749e-11,6.5728e-02,1.0375
868.13,-5.81009890e-03,4.445434e-03,1.222035e-05,-4.9526049928e-11,7.2520e-02,1.0375
868.63,-5.22351211e-03,4.472913e-03,1.228365e-05,-4.9527271173e-11,7.9268e-02,1.0375
869.14,-4.25551386e-03,4.501241e-03,1.232583e-05,-4.9527715262e-11,8.5972e-02,1.0375
869.65,-3.06626219e-03,4.528779e-03,1.234734e-05,-4.9530046731e-11,9.2633e-02,1.0375
870.15,-1.83880655e-03,4.555313e-03,1.234801e-05,-4.9529602641e-11,9.9251e-02,1.0375
870.66,-7.43804418e-04,4.580961e-03,1.232704e-05,-4.9530934909e-11,1.0582e-01,1.0375
871.17,9.42191533e-05,4.606125e-03,1.228298e-05,-4.9532378199e-11,1.1235e-01,1.0375
871.68,6.22892628e-04,4.631790e-03,1.221297e-05,-4.9531712065e-11,1.1884e-01,1.0375
872.18,8.77273963e-04,4.659251e-03,1.211134e-05,-4.9533488422e-11,1.2528e-01,1.0375
872.69,9.48852088e-04,4.689903e-03,1.196897e-05,-4.9534376600e-11,2.2009e-02,1.0375
873.20,9.41557614e-04,4.725393e-03,1.177470e-05,-4.9535930913e-11,2.1108e-02,1.0375
873.70,9.40589629e-04,4.766594e-03,1.151956e-05,-4.9536375002e-11,1.8165e-02,1.0375
874.21,9.99658330e-04,4.812675e-03,1.120260e-05,-4.9536597047e-11,1.3612e-02,1.0375
874.72,1.14768284e-03,4.860812e-03,1.083493e-05,-4.9538151359e-11,1.9790e-02,1.0375
875.22,1.39978604e-03,4.907008e-03,1.043840e-05,-4.9538595448e-11,2.6862e-02,1.0375
875.73,1.76287878e-03,4.947799e-03,1.003761e-05,-4.9538928515e-11,3.3892e-02,1.0375
876.24,2.22841948e-03,4.981653e-03,9.648787e-06,-4.9540038738e-11,4.0881e-02,1.0375
876.74,2.76852520e-03,5.009193e-03,9.272919e-06,-4.9542481229e-11,4.7827e-02,1.0375
877.25,3.34309739e-03,5.032235e-03,8.898380e-06,-4.9541815095e-11,5.4730e-02,1.0375
877.76,3.90709046e-03,5.052131e-03,8.511306e-06,-4.9543036340e-11,6.1590e-02,1.0375
878.26,4.41805220e-03,5.068894e-03,8.105759e-06,-4.9544701675e-11,6.8408e-02,1.0375
878.77,4.84471546e-03,5.081602e-03,7.686646e-06,-4.9544812697e-11,7.5182e-02,1.0375
879.28,5.17223008e-03,5.090302e-03,7.264872e-06,-4.9545589853e-11,8.1913e-02,1.0375
879.78,5.40395148e-03,5.096698e-03,6.849694e-06,-4.9546589054e-11,8.8600e-02,1.0375
880.29,5.55119599e-03,5.103259e-03,6.445301e-06,-4.9548476433e-11,9.5244e-02,1.0375
880.80,5.60877112e-03,5.112505e-03,6.053145e-06,-4.9547921321e-11,1.0184e-01,1.0375
881.30,5.53858130e-03,5.125596e-03,5.676035e-06,-4.9548809500e-11,1.0840e-01,1.0375
881.81,5.27906708e-03,5.141779e-03,5.317998e-06,-4.9550585857e-11,1.1491e-01,1.0375
882.32,4.78021004e-03,5.159807e-03,4.978275e-06,-4.9550252790e-11,1.2138e-01,1.0375
882.82,4.04490415e-03,5.178673e-03,4.644809e-06,-4.9621307063e-11,1.2245e-01,1.0312
883.33,3.14787675e-03,5.197280e-03,4.298375e-06,-4.9621862175e-11,1.2894e-01,1.0312
883.84,2.21547924e-03,5.213067e-03,3.929376e-06,-4.9622750353e-11,1.3539e-01,1.0312
884.34,1.38238339e-03,5.222895e-03,3.561362e-06,-4.9624748755e-11,1.4179e-01,1.0312
884.85,7.48718653e-04,5.223629e-03,3.266332e-06,-4.9624859777e-11,1.4814e-01,1.0312
885.36,3.56742474e-04,5.213345e-03,3.146476e-06,-4.9626081022e-11,1.5445e-01,1.0312
885.87,1.92404358e-04,5.192499e-03,3.265309e-06,-4.9626747156e-11,1.6072e-01,1.0312
886.37,2.04386568e-04,5.163089e-03,3.591634e-06,-4.9627413290e-11,1.6694e-01,1.0312
886.88,3.27466841e-04,5.130491e-03,4.039310e-06,-4.9696802229e-11,1.5557e-01,1.0250
887.39,5.02737809e-04,5.098121e-03,4.537062e-06,-4.9698911653e-11,1.6190e-01,1.0250
887.89,6.88195630e-04,5.072013e-03,5.050690e-06,-4.9698467564e-11,1.6818e-01,1.0250
888.40,8.62732557e-04,5.053240e-03,5.569944e-06,-4.9699133697e-11,1.7442e-01,1.0250
888.91,1.02183551e-03,5.043551e-03,6.089745e-06,-4.9700021876e-11,1.8060e-01,1.0250
889.41,1.17118085e-03,5.045167e-03,6.600204e-06,-4.9805604085e-11,4.5661e-02,1.0188
889.92,1.31919992e-03,5.057828e-03,7.087136e-06,-4.9808046576e-11,5.0583e-02,1.0188
890.43,1.47172583e-03,5.082606e-03,7.537707e-06,-4.9811155201e-11,5.4270e-02,1.0188
890.93,1.63104893e-03,5.115133e-03,7.944589e-06,-4.9812043379e-11,5.2450e-02,1.0188
891.44,1.79587122e-03,5.148339e-03,8.305758e-06,-4.9815040981e-11,4.8375e-02,1.0188
891.95,1.96273071e-03,5.177287e-03,8.621796e-06,-4.9817039383e-11,4.4296e-02,1.0188
892.45,2.12797956e-03,5.202474e-03,8.893593e-06,-4.9817927561e-11,4.3162e-02,1.0188
892.96,2.29041405e-03,5.226930e-03,9.122125e-06,-4.9819259829e-11,4.9204e-02,1.0188
893.47,2.45318347e-03,5.253282e-03,9.309590e-06,-4.9822590498e-11,5.5231e-02,1.0188
893.97,2.61925665e-03,5.283067e-03,9.459825e-06,-4.9827808546e-11,1.1468e-02,1.0188
894.48,2.78421260e-03,5.315508e-03,9.577342e-06,-4.9962034510e-11,2.3450e-02,1.0250
894.99,2.93484459e-03,5.349350e-03,9.665709e-06,-5.0118131867e-11,2.5036e-02,1.0312
895.49,3.06299593e-03,5.382253e-03,9.726472e-06,-5.0349391323e-11,3.1163e-02,1.0312
896.00,3.18476349e-03,5.411197e-03,9.759588e-06,-5.0669024532e-11,2.7394e-02,1.0312
896.51,3.34196957e-03,5.436427e-03,9.764647e-06,-5.1071924467e-11,2.9143e-02,1.0375
897.01,3.57312312e-03,5.457779e-03,9.741674e-06,-5.1072812646e-11,2.9555e-02,1.0375
897.52,3.86889284e-03,5.472655e-03,9.691451e-06,-5.1073700824e-11,2.8196e-02,1.0375
898.03,4.14456985e-03,5.470271e-03,9.614734e-06,-5.1074811047e-11,2.5031e-02,1.0375
898.53,4.24641779e-03,5.451593e-03,9.511813e-06,-5.1075477181e-11,2.0427e-02,1.0375
899.04,3.98572520e-03,5.419652e-03,9.383663e-06,-5.1076920471e-11,2.3095e-02,1.0375
899.55,3.19120317e-03,5.378554e-03,9.233498e-06,-5.1077364560e-11,3.0148e-02,1.0375
900.06,1.77282571e-03,5.333648e-03,9.068388e-06,-5.1079473984e-11,3.7160e-02,1.0375
900.56,-2.13419086e-04,5.289098e-03,8.899228e-06,-5.1078585805e-11,4.4129e-02,1.0375
901.07,-2.54178505e-03,5.247533e-03,8.738629e-06,-5.1079807051e-11,5.1055e-02,1.0375
901.58,-4.87174165e-03,5.211401e-03,8.597273e-06,-5.1080806251e-11,5.7938e-02,1.0375
902.08,-6.84547648e-03,5.182883e-03,8.481219e-06,-5.1083359764e-11,6.4778e-02,1.0375
902.59,-8.17713836e-03,5.163507e-03,8.391696e-06,-5.1082693631e-11,7.1576e-02,1.0375
903.10,-8.69833865e-03,5.153596e-03,8.327382e-06,-5.1083359764e-11,7.8330e-02,1.0375
903.60,-8.36267802e-03,5.150319e-03,8.287354e-06,-5.1084914077e-11,8.5040e-02,1.0375
904.11,-7.24884571e-03,5.147972e-03,8.272619e-06,-5.1084581010e-11,9.1707e-02,1.0375
904.62,-5.56626458e-03,5.141006e-03,8.285357e-06,-5.1086135322e-11,9.8331e-02,1.0375
905.12,-3.63132570e-03,5.125493e-03,8.326281e-06,-5.1086801456e-11,1.0491e-01,1.0375
905.63,-1.83056124e-03,5.099858e-03,8.392034e-06,-5.1088466790e-11,1.1145e-01,1.0375
906.14,-5.50443333e-04,5.065006e-03,8.474740e-06,-5.1088910880e-11,1.1794e-01,1.0375
906.64,-3.59446916e-05,5.023362e-03,8.564087e-06,-5.1089799058e-11,1.2439e-01,1.0375
907.15,-2.68648630e-04,4.977819e-03,8.650338e-06,-5.1158965952e-11,3.3746e-02,1.0312
907.66,-9.85185441e-04,4.930849e-03,8.726956e-06,-5.1202153628e-11,3.3921e-02,1.0375
908.16,-1.81437049e-03,4.884493e-03,8.791727e-06,-5.1203596918e-11,3.2468e-02,1.0375
908.67,-2.43354493e-03,4.840423e-03,8.846201e-06,-5.1204374074e-11,3.0014e-02,1.0375
909.18,-2.66543255e-03,4.800369e-03,8.893924e-06,-5.1205373275e-11,2.7492e-02,1.0375
909.68,-2.49948454e-03,4.765597e-03,8.938192e-06,-5.1206594520e-11,2.3701e-02,1.0375
910.19,-2.05326933e-03,4.737154e-03,8.980237e-06,-5.1207482699e-11,2.0146e-02,1.0375
910.70,-1.50190250e-03,4.715424e-03,9.018628e-06,-5.1208592922e-11,1.6484e-02,1.0375
911.20,-1.00507220e-03,4.700694e-03,9.050196e-06,-5.1210036212e-11,2.0130e-02,1.0375
911.71,-6.60411544e-04,4.693442e-03,9.071419e-06,-5.1210702345e-11,2.7332e-02,1.0375
912.22,-4.95473706e-04,4.694637e-03,9.079559e-06,-5.1210036212e-11,3.4545e-02,1.0375
912.72,-4.85323377e-04,4.705806e-03,9.073028e-06,-5.1212922791e-11,4.1754e-02,1.0375
913.23,-5.80129399e-04,4.728591e-03,9.050738e-06,-5.1213033814e-11,4.8960e-02,1.0375
913.74,-7.26810052e-04,4.764220e-03,9.010949e-06,-5.1213366881e-11,5.6164e-02,1.0375
914.25,-8.80843720e-04,4.812972e-03,8.950533e-06,-5.1214477104e-11,6.3367e-02,1.0375
914.75,-1.00552569e-03,4.873291e-03,8.864990e-06,-5.1214921193e-11,7.0571e-02,1.0375
915.26,-1.07225179e-03,4.942588e-03,8.748899e-06,-5.1216697550e-11,7.7540e-02,1.0375
915.77,-1.06209155e-03,5.015954e-03,8.596360e-06,-5.1218362884e-11,8.4477e-02,1.0375
916.27,-9.68188859e-04,5.087565e-03,8.401679e-06,-5.1218251862e-11,9.1150e-02,1.0375
916.78,-7.98676991e-04,5.151415e-03,8.160761e-06,-5.1219806174e-11,9.7777e-02,1.0375
917.29,-5.75059628e-04,5.202694e-03,7.873272e-06,-5.1220361286e-11,1.0436e-01,1.0375
917.79,-3.25707041e-04,5.239187e-03,7.544801e-06,-5.1221471509e-11,1.1090e-01,1.0375
918.30,-8.00959163e-05,5.261634e-03,7.186509e-06,-5.1223025821e-11,1.1740e-01,1.0375
918.81,1.37743327e-04,5.274158e-03,6.811372e-06,-5.1223025821e-11,1.2385e-01,1.0375
919.31,3.14894097e-04,5.283314e-03,6.427884e-06,-5.1225246267e-11,1.3025e-01,1.0375
919.82,4.48970326e-04,5.295614e-03,6.035415e-06,-5.1224358089e-11,1.3662e-01,1.0375
920.33,5.46936071e-04,5.315985e-03,5.625513e-06,-5.1226023423e-11,1.4293e-01,1.0375
920.83,6.22062470e-04,5.346674e-03,5.188935e-06,-5.1226578535e-11,1.4921e-01,1.0375
921.34,6.88859858e-04,5.386781e-03,4.724813e-06,-5.1296966674e-11,1.7446e-02,1.0312
921.85,7.60005229e-04,5.433105e-03,4.246261e-06,-5.1297632808e-11,1.6935e-02,1.0312
922.35,8.43666955e-04,5.481458e-03,3.779003e-06,-5.1299742232e-11,1.9387e-02,1.0312
922.86,9.42046764e-04,5.527760e-03,3.352934e-06,-5.1301629611e-11,2.8124e-02,1.0312
923.37,1.05116502e-03,5.568667e-03,2.990450e-06,-5.1317505800e-11,2.5967e-02,1.0375
923.87,1.16229776e-03,5.602542e-03,2.699649e-06,-5.1318727046e-11,2.8615e-02,1.0375
924.38,1.26486800e-03,5.628410e-03,2.480510e-06,-5.1319171135e-11,2.9354e-02,1.0375
924.89,1.34931589e-03,5.645868e-03,2.341318e-06,-5.1321724648e-11,2.8903e-02,1.0375
925.39,1.40760706e-03,5.654904e-03,2.307725e-06,-5.1321502603e-11,2.9185e-02,1.0375
925.90,1.43193638e-03,5.655594e-03,2.406818e-06,-5.1323167938e-11,2.8750e-02,1.0375
926.41,1.41495872e-03,5.648535e-03,2.637940e-06,-5.1324500205e-11,2.7638e-02,1.0375
926.91,1.35559067e-03,5.636236e-03,2.967386e-06,-5.1325943495e-11,2.6065e-02,1.0375
927.42,1.26359356e-03,5.622460e-03,3.351091e-06,-5.1328274964e-11,2.2143e-02,1.0375
927.93,1.16301120e-03,5.607292e-03,3.754310e-06,-5.1328941097e-11,1.8819e-02,1.0375
928.44,1.08865395e-03,5.591142e-03,4.156804e-06,-5.1329940298e-11,2.5715e-02,1.0375
928.94,1.06804675e-03,5.574494e-03,4.548462e-06,-5.1331605633e-11,3.2335e-02,1.0375
929.45,1.09934394e-03,5.557826e-03,4.923640e-06,-5.1332493811e-11,3.9402e-02,1.0375
929.96,1.14117848e-03,5.541515e-03,5.278465e-06,-5.1334270168e-11,4.6632e-02,1.0375
930.46,1.12016821e-03,5.525848e-03,5.610397e-06,-5.1333826079e-11,5.3841e-02,1.0375
930.97,9.55570202e-04,5.510985e-03,5.918180e-06,-5.1335269369e-11,6.1046e-02,1.0375
931.48,5.93212798e-04,5.496626e-03,6.201535e-06,-5.1334825280e-11,6.8250e-02,1.0375
931.98,2.89042459e-05,5.481459e-03,6.461011e-06,-5.1336823681e-11,7.5513e-02,1.0375
932.49,-6.87867314e-04,5.464380e-03,6.698000e-06,-5.1337933904e-11,8.2696e-02,1.0375
933.00,-1.46585563e-03,5.444439e-03,6.914714e-06,-5.1339044127e-11,8.9608e-02,1.0375
933.50,-2.19574479e-03,5.420360e-03,7.113594e-06,-5.1339044127e-11,9.6556e-02,1.0375
934.01,-2.77515755e-03,5.389437e-03,7.296377e-06,-5.1340265372e-11,1.0324e-01,1.0375
934.52,-3.12263327e-03,5.346743e-03,7.463837e-06,-5.1341486618e-11,1.0979e-01,1.0375
935.02,-3.19100320e-03,5.290276e-03,7.615190e-06,-5.1342374796e-11,1.1629e-01,1.0375
935.53,-2.98097037e-03,5.214046e-03,7.749258e-06,-5.1343818086e-11,1.2275e-01,1.0375
936.04,-2.54605774e-03,5.114009e-03,7.863387e-06,-5.1344706264e-11,1.2916e-01,1.0375
936.54,-1.98662517e-03,4.990473e-03,7.951894e-06,-5.1344373198e-11,1.3553e-01,1.0375
937.05,-1.43023440e-03,4.849044e-03,8.011048e-06,-5.1345705465e-11,1.4186e-01,1.0375
937.56,-1.00039326e-03,4.701717e-03,8.039704e-06,-5.1346593644e-11,1.4814e-01,1.0375
938.06,-7.80502394e-04,4.562591e-03,8.039684e-06,-5.1348258978e-11,1.5438e-01,1.0375
938.57,-7.93965063e-04,4.443047e-03,8.016479e-06,-5.1418980185e-11,1.4985e-01,1.0312
939.08,-1.01016005e-03,4.348275e-03,7.977429e-06,-5.1420756542e-11,1.5615e-01,1.0312
939.58,-1.36871458e-03,4.284937e-03,7.930095e-06,-5.1420756542e-11,1.6240e-01,1.0312
940.09,-1.80441639e-03,4.255756e-03,7.880172e-06,-5.1421089609e-11,1.6860e-01,1.0312
940.60,-2.25912407e-03,4.257984e-03,7.833280e-06,-5.1422421876e-11,1.7476e-01,1.0312
941.11,-2.67771398e-03,4.302559e-03,7.794647e-06,-5.1492587971e-11,1.4190e-01,1.0250
941.61,-2.99900895e-03,4.382070e-03,7.767099e-06,-5.1493920239e-11,1.4833e-01,1.0250
942.12,-3.16075912e-03,4.486289e-03,7.751685e-06,-5.1494142284e-11,1.5472e-01,1.0250
942.63,-3.11572843e-03,4.590566e-03,7.749204e-06,-5.1496251707e-11,1.6105e-01,1.0250
943.13,-2.85073768e-03,4.680878e-03,7.757988e-06,-5.1496251707e-11,1.6734e-01,1.0250
943.64,-2.39781485e-03,4.755591e-03,7.775112e-06,-5.1498028064e-11,1.7358e-01,1.0250
944.15,-1.82891724e-03,4.822213e-03,7.797097e-06,-5.1498583176e-11,1.7978e-01,1.0250
944.65,-1.23663415e-03,4.889972e-03,7.820878e-06,-5.1599280404e-11,5.7277e-02,1.0188
945.16,-7.14822270e-04,4.968560e-03,7.843654e-06,-5.1600168582e-11,6.5649e-02,1.0188
945.67,-3.48071469e-04,5.062944e-03,7.862724e-06,-5.1602722095e-11,2.2572e-02,1.0188
946.17,-1.97360595e-04,5.171259e-03,7.876795e-06,-5.1608384233e-11,2.8738e-02,1.0250
946.68,-2.78918912e-04,5.287804e-03,7.888393e-06,-5.1822435232e-11,3.4794e-02,1.0312
947.19,-5.49881608e-04,5.403610e-03,7.905025e-06,-5.2069681900e-11,3.4437e-02,1.0312
947.69,-9.04881446e-04,5.510859e-03,7.936863e-06,-5.2352566726e-11,3.8248e-02,1.0375
948.20,-1.20861816e-03,5.603586e-03,7.991688e-06,-5.2560067410e-11,3.9793e-02,1.0375
948.71,-1.35241470e-03,5.680571e-03,8.070482e-06,-5.3075543960e-11,3.9496e-02,1.0375
949.21,-1.29498948e-03,5.743874e-03,8.167103e-06,-5.3098525576e-11,3.3824e-02,1.0437
949.72,-1.07101728e-03,5.798198e-03,8.272008e-06,-5.3100190911e-11,2.8126e-02,1.0437
950.23,-7.67824607e-04,5.847141e-03,8.377144e-06,-5.3101190112e-11,2.2843e-02,1.0437
950.73,-4.78304184e-04,5.890294e-03,8.479308e-06,-5.3101856246e-11,1.9558e-02,1.0437
951.24,-2.53995866e-04,5.924539e-03,8.578239e-06,-5.3103188513e-11,2.6544e-02,1.0437
951.75,-8.85469088e-05,5.945917e-03,8.672937e-06,-5.3102300335e-11,3.3491e-02,1.0437
952.25,5.75567214e-05,5.950528e-03,8.759607e-06,-5.3104520781e-11,4.0398e-02,1.0437
952.76,2.23369722e-04,5.935159e-03,8.832666e-06,-5.3105075892e-11,4.7263e-02,1.0437
953.27,4.26731430e-04,5.891573e-03,8.887892e-06,-5.3105853048e-11,5.4088e-02,1.0437
953.77,6.59633679e-04,5.822271e-03,8.923689e-06,-5.3106075093e-11,6.0871e-02,1.0437
954.28,8.94277162e-04,5.733824e-03,8.941784e-06,-5.3107740428e-11,6.7612e-02,1.0437
954.79,1.09744424e-03,5.635142e-03,8.945029e-06,-5.3108739628e-11,7.4311e-02,1.0437
955.30,1.24579815e-03,5.529825e-03,8.935069e-06,-5.3109738829e-11,8.0968e-02,1.0437
955.80,1.33307021e-03,5.422958e-03,8.911740e-06,-5.3110849052e-11,8.7583e-02,1.0437
956.31,1.37070417e-03,5.293761e-03,8.873618e-06,-5.3181570259e-11,8.5245e-02,1.0375
956.82,1.38528215e-03,5.209939e-03,8.819468e-06,-5.3182125370e-11,9.2181e-02,1.0375
957.32,1.40985978e-03,5.149194e-03,8.748199e-06,-5.3182791504e-11,9.8859e-02,1.0375
957.83,1.46575034e-03,5.111548e-03,8.658740e-06,-5.3183679682e-11,1.0544e-01,1.0375
958.34,1.54941462e-03,5.093547e-03,8.549291e-06,-5.3184345816e-11,1.1197e-01,1.0375
958.84,1.63900675e-03,5.089204e-03,8.417379e-06,-5.3185678084e-11,1.1846e-01,1.0375
959.35,1.71294706e-03,5.091671e-03,8.260312e-06,-5.3187343418e-11,1.2490e-01,1.0375
959.86,1.76320683e-03,5.074309e-03,8.075363e-06,-5.3188675686e-11,1.3130e-01,1.0375
960.36,1.79415064e-03,5.059441e-03,7.859444e-06,-5.3187343418e-11,1.3766e-01,1.0375
960.87,1.81412924e-03,5.066757e-03,7.608667e-06,-5.3189230798e-11,1.4397e-01,1.0375
961.38,1.82801391e-03,5.079857e-03,7.318741e-06,-5.3189785909e-11,8.2931e-02,1.0375
961.88,1.83229529e-03,5.101517e-03,6.986908e-06,-5.3191451244e-11,4.5894e-02,1.0375
962.39,1.81901690e-03,5.130331e-03,6.615141e-06,-5.3370419195e-11,4.4402e-02,1.0375
962.90,1.78721302e-03,5.161625e-03,6.212717e-06,-5.3582471793e-11,4.0419e-02,1.0375
963.40,1.74910367e-03,5.198833e-03,5.795756e-06,-5.3648419041e-11,3.7476e-02,1.0375
963.91,1.72315936e-03,5.239149e-03,5.382609e-06,-5.3650528464e-11,3.5010e-02,1.0437
964.42,1.72168290e-03,5.280447e-03,4.986662e-06,-5.3651527665e-11,3.2620e-02,1.0437
964.92,1.74539469e-03,5.319709e-03,4.611508e-06,-5.3652637888e-11,2.9606e-02,1.0437
965.43,1.78869063e-03,5.356691e-03,4.253538e-06,-5.3653526066e-11,2.6084e-02,1.0437
965.94,1.84732767e-03,5.392147e-03,3.912765e-06,-5.3653970156e-11,2.8185e-02,1.0437
966.44,1.92101610e-03,5.426627e-03,3.605775e-06,-5.3654747312e-11,3.5123e-02,1.0437
966.95,2.01243955e-03,5.460122e-03,3.371308e-06,-5.3655857535e-11,4.2020e-02,1.0437
967.46,2.12474903e-03,5.491157e-03,3.259316e-06,-5.3657411847e-11,4.8876e-02,1.0437
967.96,2.25979730e-03,5.520353e-03,3.303101e-06,-5.3658077981e-11,5.5691e-02,1.0437
968.47,2.41712266e-03,5.546988e-03,3.496494e-06,-5.3658189003e-11,6.2464e-02,1.0437
968.98,2.59357126e-03,5.570731e-03,3.802248e-06,-5.3660520472e-11,6.9196e-02,1.0437
969.49,2.78122529e-03,5.590453e-03,4.179596e-06,-5.3660409449e-11,7.5885e-02,1.0437
969.99,2.96399767e-03,5.604450e-03,4.602033e-06,-5.3660742516e-11,8.2532e-02,1.0437
970.50,3.11794337e-03,5.610977e-03,5.058071e-06,-5.3662296828e-11,8.9137e-02,1.0437
971.01,3.21623868e-03,5.607543e-03,5.542589e-06,-5.3664406252e-11,9.5699e-02,1.0437
971.51,3.23641048e-03,5.592144e-03,6.049325e-06,-5.3664184207e-11,1.0222e-01,1.0437
972.02,3.16593626e-03,5.563530e-03,6.568694e-06,-5.3665516475e-11,1.0870e-01,1.0437
972.53,3.00242907e-03,5.520634e-03,7.088716e-06,-5.3735349503e-11,1.0660e-01,1.0375
973.03,2.74883695e-03,5.456908e-03,7.600827e-06,-5.3736126659e-11,1.1313e-01,1.0375
973.54,2.41213124e-03,5.379202e-03,8.099789e-06,-5.3737347905e-11,1.1961e-01,1.0375
974.05,2.01151299e-03,5.287396e-03,8.582586e-06,-5.3739013239e-11,1.2605e-01,1.0375
974.55,1.58757469e-03,5.182070e-03,9.045284e-06,-5.3738791195e-11,1.3244e-01,1.0375
975.06,1.19687457e-03,5.067040e-03,9.483589e-06,-5.3740345507e-11,1.3879e-01,1.0375
975.57,8.88903319e-04,4.950469e-03,9.894815e-06,-5.3741011641e-11,1.4509e-01,1.0375
976.07,6.79825544e-04,4.839275e-03,1.027743e-05,-5.3741233685e-11,1.5135e-01,1.0375
976.58,5.43765066e-04,4.729216e-03,1.063135e-05,-5.3742232886e-11,1.5756e-01,1.0375
977.09,4.31848561e-04,4.653650e-03,1.095653e-05,-5.3742676975e-11,1.6373e-01,1.0375
977.59,3.06877360e-04,4.609826e-03,1.125418e-05,-5.3814508405e-11,1.6753e-01,1.0312
978.10,1.68068789e-04,4.603522e-03,1.152515e-05,-5.3816062717e-11,1.7370e-01,1.0312
978.61,4.84068213e-05,4.633136e-03,1.176766e-05,-5.3816839873e-11,1.7982e-01,1.0312
979.11,-9.89478188e-06,4.686221e-03,1.197933e-05,-5.3886006768e-11,1.8512e-01,1.0250
979.62,1.71842820e-05,4.739419e-03,1.215789e-05,-5.3887116991e-11,1.9122e-01,1.0250
980.13,1.22340296e-04,4.779142e-03,1.230084e-05,-5.3989923643e-11,4.2993e-02,1.0188
980.63,2.74876622e-04,4.806507e-03,1.240633e-05,-5.3994142490e-11,3.8839e-02,1.0188
981.14,4.42363902e-04,4.830687e-03,1.247331e-05,-5.3996251914e-11,4.5380e-02,1.0188
981.65,6.06433741e-04,4.848416e-03,1.250179e-05,-5.4003912453e-11,1.4913e-02,1.0188
982.15,7.61421795e-04,4.868151e-03,1.249268e-05,-5.4023341356e-11,1.9089e-02,1.0188
982.66,9.01659186e-04,4.885941e-03,1.244691e-05,-5.4034998698e-11,2.3260e-02,1.0188
983.17,1.01027944e-03,4.902888e-03,1.236471e-05,-5.4043880482e-11,2.7308e-02,1.0188
983.68,1.06309774e-03,4.920464e-03,1.224628e-05,-5.4049764664e-11,3.3126e-02,1.0188
984.18,1.04946464e-03,4.937026e-03,1.209289e-05,-5.4054316578e-11,3.9831e-02,1.0188
984.69,9.98430819e-04,4.947457e-03,1.190709e-05,-5.4056981114e-11,4.7040e-02,1.0188
985.20,9.86612311e-04,4.954062e-03,1.169182e-05,-5.4058979515e-11,5.4399e-02,1.0188
985.70,1.10887802e-03,4.958836e-03,1.144955e-05,-5.4060533827e-11,6.1857e-02,1.0188
986.21,1.42270836e-03,4.963835e-03,1.118170e-05,-5.4061422006e-11,6.8149e-02,1.0188
986.72,1.89509912e-03,4.971774e-03,1.088852e-05,-5.4062088140e-11,7.5329e-02,1.0188
987.22,2.38608351e-03,4.985383e-03,1.056942e-05,-5.4063642452e-11,8.2395e-02,1.0188
987.73,2.68936643e-03,5.002627e-03,1.022374e-05,-5.4064308586e-11,1.6275e-02,1.0188
988.24,2.61763778e-03,5.030121e-03,9.851953e-06,-5.4066418009e-11,2.8308e-02,1.0250
988.74,2.08188315e-03,5.063683e-03,9.456889e-06,-5.4066973121e-11,2.7386e-02,1.0250
989.25,1.11012962e-03,5.099901e-03,9.043901e-06,-5.4067861299e-11,2.4149e-02,1.0250
989.76,-2.00219474e-04,5.136407e-03,8.619755e-06,-5.4067639255e-11,2.8721e-02,1.0250
990.26,-1.74377908e-03,5.168040e-03,8.190841e-06,-5.4069082545e-11,3.5457e-02,1.0250
990.77,-3.42525946e-03,5.192386e-03,7.761806e-06,-5.4071302991e-11,4.2604e-02,1.0250
991.28,-5.13567397e-03,5.208090e-03,7.335154e-06,-5.4070081745e-11,4.9707e-02,1.0250
991.78,-6.72501598e-03,5.212135e-03,6.911680e-06,-5.4078297396e-11,1.7456e-02,1.0250
992.29,-8.00786751e-03,5.209755e-03,6.491366e-06,-5.4241500180e-11,2.9053e-02,1.0312
992.80,-8.79886108e-03,5.197134e-03,6.074524e-06,-5.4513060732e-11,2.3540e-02,1.0312
993.30,-8.96325626e-03,5.181206e-03,5.662825e-06,-5.4574900155e-11,2.8570e-02,1.0312
993.81,-8.46065592e-03,5.162079e-03,5.260007e-06,-5.4750648459e-11,3.2030e-02,1.0375
994.32,-7.36838361e-03,5.142613e-03,4.872284e-06,-5.4751314593e-11,3.3539e-02,1.0375
994.82,-5.86521672e-03,5.125530e-03,4.509252e-06,-5.4752646861e-11,3.3433e-02,1.0375
995.33,-4.19376771e-03,5.112938e-03,4.185062e-06,-5.4752979928e-11,3.2120e-02,1.0375
995.84,-2.62686433e-03,5.105851e-03,3.919452e-06,-5.4754090151e-11,3.0015e-02,1.0375
996.34,-1.42353225e-03,5.103901e-03,3.736811e-06,-5.4755644463e-11,2.7471e-02,1.0375
996.85,-7.60346129e-04,5.105440e-03,3.661019e-06,-5.4756532641e-11,3.3480e-02,1.0375
997.36,-6.68971139e-04,5.108015e-03,3.706860e-06,-5.4756532641e-11,4.0470e-02,1.0375
997.87,-1.03209530e-03,5.109079e-03,3.873219e-06,-5.4758086954e-11,4.7418e-02,1.0375
998.37,-1.63729480e-03,5.106733e-03,4.142820e-06,-5.4758753087e-11,5.4323e-02,1.0375
998.88,-2.25819258e-03,5.100335e-03,4.487319e-06,-5.4759974333e-11,6.1186e-02,1.0375
999.39,-2.72279606e-03,5.090768e-03,4.873607e-06,-5.4761750690e-11,6.8006e-02,1.0375
999.89,-2.95089455e-03,5.079856e-03,5.269377e-06,-5.4760751489e-11,7.4783e-02,1.0375
1000.40,-2.95692239e-03,5.070778e-03,5.648001e-06,-5.4762194779e-11,8.1516e-02,1.0375
1000.91,-2.82454878e-03,5.066166e-03,5.992282e-06,-5.4762860913e-11,8.8206e-02,1.0375
1001.41,-2.65902734e-03,5.067262e-03,6.296532e-06,-5.4762971935e-11,9.4852e-02,1.0375
1001.92,-2.53506817e-03,5.075183e-03,6.566255e-06,-5.4765192381e-11,1.0146e-01,1.0375
1002.43,-2.46458840e-03,5.088177e-03,6.814883e-06,-5.4765525448e-11,1.0801e-01,1.0375
1002.93,-2.40458012e-03,5.105006e-03,7.058109e-06,-5.4765969537e-11,1.1453e-01,1.0375
1003.44,-2.29822450e-03,5.123902e-03,7.308222e-06,-5.4836357677e-11,1.0566e-01,1.0312
1003.95,-2.12036053e-03,5.143392e-03,7.571260e-06,-5.4836579721e-11,1.1250e-01,1.0312
1004.45,-1.89775201e-03,5.162701e-03,7.847601e-06,-5.4837911989e-11,1.1906e-01,1.0312
1004.96,-1.68507230e-03,5.181058e-03,8.134222e-06,-5.4839244257e-11,1.2558e-01,1.0312
1005.47,-1.51207331e-03,5.197515e-03,8.426243e-06,-5.4840909591e-11,1.3205e-01,1.0312
1005.97,-1.34235811e-03,5.211097e-03,8.716875e-06,-5.4841686747e-11,1.3847e-01,1.0312
1006.48,-1.07453408e-03,5.221801e-03,8.996606e-06,-5.4841686747e-11,1.4485e-01,1.0312
1006.99,-5.92639961e-04,5.229486e-03,9.252648e-06,-5.4842463904e-11,1.5119e-01,1.0312
1007.49,1.55957696e-04,5.234606e-03,9.469346e-06,-5.4843019015e-11,1.5747e-01,1.0312
1008.00,1.09643893e-03,5.237605e-03,9.629260e-06,-5.4879989442e-11,5.8133e-02,1.0312
1008.51,2.02035689e-03,5.239682e-03,9.715580e-06,-5.5322746384e-11,4.4466e-02,1.0375
1009.01,2.65498802e-03,5.240736e-03,9.716152e-06,-5.5988103043e-11,3.2777e-02,1.0375
1009.52,2.78755714e-03,5.240330e-03,9.628943e-06,-5.6739946075e-11,1.2158e-02,1.0375
1010.03,2.37367249e-03,5.237528e-03,9.466205e-06,-5.7175819634e-11,1.1135e-02,1.0375
1010.53,1.55388085e-03,5.231919e-03,9.255292e-06,-5.7220561622e-11,1.3635e-02,1.0375
1011.04,5.74593604e-04,5.224662e-03,9.032469e-06,-5.7221671845e-11,1.9003e-02,1.0375
1011.55,-3.24328676e-04,5.218292e-03,8.831510e-06,-5.7223004113e-11,2.6085e-02,1.0375
1012.06,-9.86847281e-04,5.216078e-03,8.671150e-06,-5.7223337180e-11,3.3344e-02,1.0375
1012.56,-1.35623450e-03,5.222045e-03,8.549366e-06,-5.7224003314e-11,4.0678e-02,1.0375
1013.07,-1.45566174e-03,5.236773e-03,8.448447e-06,-5.7225668648e-11,4.7924e-02,1.0375
1013.58,-1.35234975e-03,5.255362e-03,8.347876e-06,-5.7227000916e-11,5.5178e-02,1.0375
1014.08,-1.12364401e-03,5.270265e-03,8.237580e-06,-5.7227889094e-11,6.2424e-02,1.0375
1014.59,-8.37527796e-04,5.275425e-03,8.123301e-06,-5.7228222161e-11,6.9436e-02,1.0375
1015.10,-5.43278741e-04,5.267593e-03,8.022268e-06,-5.7228777273e-11,7.6386e-02,1.0375
1015.60,-2.71592288e-04,5.246624e-03,7.953300e-06,-5.7229998518e-11,8.3128e-02,1.0375
1016.11,-3.72441133e-05,5.214595e-03,7.928870e-06,-5.7230664652e-11,8.9815e-02,1.0375
1016.62,1.57330843e-04,5.175664e-03,7.952460e-06,-5.7232552031e-11,9.6448e-02,1.0375
1017.12,3.18782065e-04,5.134610e-03,8.020100e-06,-5.7232885098e-11,1.0303e-01,1.0375
1017.63,4.61948901e-04,5.095809e-03,8.123237e-06,-5.7234106343e-11,1.0955e-01,1.0375
1018.14,6.07526254e-04,5.062360e-03,8.251197e-06,-5.7303606305e-11,1.1605e-01,1.0312
1018.64,7.79609341e-04,5.035334e-03,8.393099e-06,-5.7304494483e-11,1.2259e-01,1.0312
1019.15,1.00449180e-03,5.013268e-03,8.538856e-06,-5.7304716528e-11,1.2908e-01,1.0312
1019.66,1.30749067e-03,4.994056e-03,8.680435e-06,-5.7305826751e-11,1.3553e-01,1.0312
1020.16,1.70942483e-03,4.975901e-03,8.813297e-06,-5.7306603907e-11,1.4193e-01,1.0312
1020.67,2.22272178e-03,4.957619e-03,8.937181e-06,-5.7375437734e-11,1.0504e-01,1.0250
1021.18,2.84832316e-03,4.939241e-03,9.055016e-06,-5.7377658180e-11,1.1222e-01,1.0250
1021.68,3.57232868e-03,4.922228e-03,9.169785e-06,-5.7378102269e-11,1.1922e-01,1.0250
1022.19,4.36020629e-03,4.909222e-03,9.281362e-06,-5.7378435336e-11,1.2601e-01,1.0250
1022.70,5.14862879e-03,4.903433e-03,9.385559e-06,-5.7380766805e-11,1.3255e-01,1.0250
1023.20,5.84168593e-03,4.907914e-03,9.475513e-06,-5.7381543961e-11,1.3905e-01,1.0250
1023.71,6.32335283e-03,4.924071e-03,9.543999e-06,-5.7381099872e-11,1.4550e-01,1.0250
1024.22,6.49510718e-03,4.950446e-03,9.585092e-06,-5.7383542362e-11,1.5191e-01,1.0250
1024.73,6.32545066e-03,4.986631e-03,9.594399e-06,-5.7383431340e-11,1.5826e-01,1.0250
1025.23,5.86941463e-03,5.030315e-03,9.568666e-06,-5.7384208496e-11,1.6457e-01,1.0250
1025.74,5.22532305e-03,5.079569e-03,9.505101e-06,-5.7384874630e-11,1.7083e-01,1.0250
1026.25,4.44816828e-03,5.132461e-03,9.400963e-06,-5.7386762009e-11,1.7705e-01,1.0250
1026.75,3.48739649e-03,5.187210e-03,9.254219e-06,-5.7488236394e-11,6.9517e-02,1.0188
1027.26,2.21548336e-03,5.242025e-03,9.065091e-06,-5.7488680483e-11,7.6190e-02,1.0188
1027.77,5.47677182e-04,5.294983e-03,8.837667e-06,-5.7490012750e-11,8.3280e-02,1.0188
1028.27,-1.43752230e-03,5.344205e-03,8.579961e-06,-5.7490900929e-11,9.0268e-02,1.0188
1028.78,-3.48562563e-03,5.389947e-03,8.302005e-06,-5.7491900129e-11,9.7899e-02,1.0188
1029.29,-5.25701119e-03,5.428696e-03,8.011491e-06,-5.7495119776e-11,1.2775e-02,1.0188
1029.79,-6.44666210e-03,5.470396e-03,7.710408e-06,-5.7496341022e-11,2.0679e-02,1.0250
1030.30,-6.86399910e-03,5.514658e-03,7.394134e-06,-5.7497673289e-11,2.8282e-02,1.0250
1030.81,-6.45904884e-03,5.563935e-03,7.055077e-06,-5.7498006356e-11,3.3005e-02,1.0250
1031.31,-5.32404790e-03,5.621136e-03,6.688206e-06,-5.7499005557e-11,3.8131e-02,1.0250
1031.82,-3.68442935e-03,5.684368e-03,6.294569e-06,-5.7500337824e-11,3.9971e-02,1.0250
1032.33,-1.86810412e-03,5.753352e-03,5.880254e-06,-5.7500670891e-11,4.3984e-02,1.0250
1032.83,-2.46480756e-04,5.828348e-03,5.452816e-06,-5.7567839384e-11,4.9695e-02,1.0188
1033.34,8.64762866e-04,5.908751e-03,5.018183e-06,-5.7570836987e-11,5.0813e-02,1.0188
1033.85,1.31928500e-03,5.990659e-03,4.581848e-06,-5.7573168455e-11,5.3835e-02,1.0188
1034.35,1.18624726e-03,6.066047e-03,4.152671e-06,-5.7575166856e-11,4.7294e-02,1.0188
1034.86,6.88005865e-04,6.130849e-03,3.745083e-06,-5.7577609347e-11,4.9420e-02,1.0188
1035.37,7.77188352e-05,6.183310e-03,3.377036e-06,-5.7580051838e-11,4.9180e-02,1.0188
1035.87,-4.62044524e-04,6.224757e-03,3.063161e-06,-5.7581606150e-11,5.5438e-02,1.0188
1036.38,-8.54215248e-04,6.257731e-03,2.806832e-06,-5.7586602153e-11,1.4661e-02,1.0188
1036.89,-1.10264290e-03,6.285064e-03,2.600620e-06,-5.7856608393e-11,2.0646e-02,1.0312
1037.39,-1.24428248e-03,6.309102e-03,2.441524e-06,-5.7857385549e-11,2.5471e-02,1.0312
1037.90,-1.31172445e-03,6.329970e-03,2.349922e-06,-5.7859161906e-11,3.2750e-02,1.0312
1038.41,-1.31902868e-03,6.345349e-03,2.368567e-06,-5.8095195321e-11,2.7932e-02,1.0312
1038.92,-1.26519751e-03,6.355131e-03,2.530704e-06,-5.8219429278e-11,2.8958e-02,1.0312
1039.42,-1.14414471e-03,6.358929e-03,2.827594e-06,-5.8331672825e-11,2.8692e-02,1.0312
1039.93,-9.54621370e-04,6.357359e-03,3.217589e-06,-5.8352545018e-11,2.6965e-02,1.0375
1040.44,-7.07280629e-04,6.350660e-03,3.657949e-06,-5.8353322174e-11,2.3809e-02,1.0375
1040.94,-4.27099393e-04,6.337772e-03,4.121419e-06,-5.8353877286e-11,1.9519e-02,1.0375
1041.45,-1.47551656e-04,6.315925e-03,4.593727e-06,-5.8355320576e-11,1.4520e-02,1.0375
1041.96,1.00625090e-04,6.281876e-03,5.064303e-06,-5.8356208754e-11,1.9459e-02,1.0375
1042.46,3.01331911e-04,6.226622e-03,5.520729e-06,-5.8357096933e-11,2.6586e-02,1.0375
1042.97,4.56391818e-04,6.146305e-03,5.947119e-06,-5.8357874089e-11,3.3621e-02,1.0375
1043.48,5.79883382e-04,6.044619e-03,6.328284e-06,-5.8359317379e-11,4.0613e-02,1.0375
1043.98,6.87894496e-04,5.927580e-03,6.653725e-06,-5.8358651245e-11,4.7561e-02,1.0375
1044.49,7.91252204e-04,5.800031e-03,6.919909e-06,-5.8360649646e-11,5.4467e-02,1.0375
1045.00,8.92988416e-04,5.666063e-03,7.129642e-06,-5.8361870892e-11,6.1330e-02,1.0375
1045.50,9.91543114e-04,5.532882e-03,7.289912e-06,-5.8361870892e-11,6.8149e-02,1.0375
1046.01,1.08529696e-03,5.409062e-03,7.410092e-06,-5.8364313382e-11,7.4925e-02,1.0375
1046.52,1.17445978e-03,5.301844e-03,7.501860e-06,-5.8364313382e-11,8.1657e-02,1.0375
1047.02,1.26180155e-03,5.216452e-03,7.578795e-06,-5.8364979516e-11,8.8347e-02,1.0375
1047.53,1.34960028e-03,5.154391e-03,7.653194e-06,-5.8364757471e-11,9.4992e-02,1.0375
1048.04,1.43899466e-03,5.114158e-03,7.730767e-06,-5.8366866895e-11,1.0159e-01,1.0375
1048.54,1.52910949e-03,5.092126e-03,7.807484e-06,-5.8368199163e-11,1.0815e-01,1.0375
1049.05,1.61743027e-03,5.079353e-03,7.872423e-06,-5.8368976319e-11,1.1467e-01,1.0375
1049.56,1.70216360e-03,5.067868e-03,7.915400e-06,-5.8369198364e-11,1.2114e-01,1.0375
1050.06,1.78296924e-03,5.053326e-03,7.932906e-06,-5.8369975520e-11,1.2756e-01,1.0375
1050.57,1.86099891e-03,5.034530e-03,7.927862e-06,-5.8708704564e-11,4.2667e-02,1.0312
1051.08,1.93769756e-03,5.011736e-03,7.905176e-06,-5.9039440004e-11,4.1394e-02,1.0375
1051.58,2.01424482e-03,4.987940e-03,7.868670e-06,-5.9209193104e-11,4.3663e-02,1.0375
1052.09,2.09144747e-03,4.964591e-03,7.822428e-06,-5.9634075456e-11,4.2837e-02,1.0375
1052.60,2.16918752e-03,4.942738e-03,7.773939e-06,-5.9684701625e-11,3.7800e-02,1.0437
1053.11,2.24882212e-03,4.924634e-03,7.734449e-06,-5.9686700027e-11,3.3762e-02,1.0437
1053.61,2.33219616e-03,4.911231e-03,7.714778e-06,-5.9686700027e-11,3.0087e-02,1.0437
1054.12,2.42117609e-03,4.903597e-03,7.719411e-06,-5.9687921272e-11,2.6906e-02,1.0437
1054.63,2.51578213e-03,4.902467e-03,7.743804e-06,-5.9689142518e-11,2.3055e-02,1.0437
1055.13,2.61110411e-03,4.909056e-03,7.777523e-06,-5.9689808651e-11,2.8556e-02,1.0437
1055.64,2.69827674e-03,4.924490e-03,7.811135e-06,-5.9690474785e-11,3.5493e-02,1.0437
1056.15,2.76807955e-03,4.948829e-03,7.842097e-06,-5.9691140919e-11,4.2389e-02,1.0437
1056.65,2.81186394e-03,4.981276e-03,7.875925e-06,-5.9692473187e-11,4.9243e-02,1.0437
1057.16,2.81986100e-03,5.019041e-03,7.922120e-06,-5.9693694432e-11,5.6056e-02,1.0437
1057.67,2.77851941e-03,5.063006e-03,7.987406e-06,-5.9695581811e-11,6.2827e-02,1.0437
1058.17,2.67290540e-03,5.114613e-03,8.070737e-06,-5.9695470789e-11,6.9556e-02,1.0437
1058.68,2.50071778e-03,5.173903e-03,8.163654e-06,-5.9697025101e-11,7.6244e-02,1.0437
1059.19,2.29141608e-03,5.240730e-03,8.255765e-06,-5.9697247146e-11,8.2888e-02,1.0437
1059.69,2.10592809e-03,5.313509e-03,8.341475e-06,-5.9698357369e-11,8.9491e-02,1.0437
1060.20,2.00182887e-03,5.387079e-03,8.423364e-06,-5.9699467592e-11,9.6051e-02,1.0437
1060.71,1.97729484e-03,5.455361e-03,8.510394e-06,-5.9701021904e-11,1.0257e-01,1.0437
1061.21,1.93530734e-03,5.511439e-03,8.612441e-06,-5.9700577815e-11,1.0904e-01,1.0437
1061.72,1.70809449e-03,5.547736e-03,8.734727e-06,-5.9701799060e-11,1.1547e-01,1.0437
1062.23,1.14442258e-03,5.562004e-03,8.875873e-06,-5.9703242350e-11,1.2186e-01,1.0437
1062.73,2.12404544e-04,5.554101e-03,9.028067e-06,-5.9771076977e-11,1.1633e-01,1.0375
1063.24,-9.57325631e-04,5.526034e-03,9.179479e-06,-5.9772076177e-11,1.2279e-01,1.0375
1063.75,-2.11902103e-03,5.480527e-03,9.319017e-06,-5.9773186400e-11,1.2920e-01,1.0375
1064.25,-3.01142233e-03,5.420412e-03,9.437982e-06,-5.9773630490e-11,1.3557e-01,1.0375
1064.76,-3.44552060e-03,5.348938e-03,9.531761e-06,-5.9774296624e-11,1.4190e-01,1.0375
1065.27,-3.35081881e-03,5.269388e-03,9.599414e-06,-5.9776406047e-11,1.4818e-01,1.0375
1065.77,-2.78417682e-03,5.188218e-03,9.644181e-06,-5.9776406047e-11,1.5441e-01,1.0375
1066.28,-1.90877240e-03,5.114796e-03,9.671432e-06,-5.9777405248e-11,1.6060e-01,1.0375
1066.79,-9.52059794e-04,5.056991e-03,9.684070e-06,-5.9778737516e-11,1.6675e-01,1.0375
1067.30,-1.55789775e-04,5.017749e-03,9.682113e-06,-5.9846572142e-11,4.8466e-02,1.0312
1067.80,2.84586416e-04,5.000374e-03,9.663165e-06,-5.9847238276e-11,5.5449e-02,1.0312
1068.31,2.82131388e-04,5.012666e-03,9.625156e-06,-5.9848459522e-11,6.2389e-02,1.0312
1068.82,-1.10685103e-04,5.049879e-03,9.566803e-06,-5.9849236678e-11,6.9283e-02,1.0312
1069.32,-7.29356031e-04,5.092634e-03,9.489004e-06,-5.9849791789e-11,7.6134e-02,1.0312
1069.83,-1.36611655e-03,5.125412e-03,9.391705e-06,-5.9851235079e-11,8.2939e-02,1.0312
1070.34,-1.84113096e-03,5.140138e-03,9.272895e-06,-5.9851901213e-11,8.9700e-02,1.0312
1070.84,-2.04656160e-03,5.139400e-03,9.128686e-06,-5.9853233481e-11,9.6416e-02,1.0312
1071.35,-1.96285989e-03,5.130719e-03,8.953686e-06,-5.9853677570e-11,1.0309e-01,1.0312
1071.86,-1.65619043e-03,5.124224e-03,8.742453e-06,-5.9854676770e-11,1.0971e-01,1.0312
1072.36,-1.25709460e-03,5.131229e-03,8.490984e-06,-5.9856453127e-11,1.6211e-02,1.0312
1072.87,-9.22733599e-04,5.160027e-03,8.196915e-06,-5.9865556956e-11,2.3883e-02,1.0312
1073.38,-7.86867383e-04,5.211836e-03,7.859966e-06,-6.0078608755e-11,2.9081e-02,1.0375
1073.88,-9.18339208e-04,5.281543e-03,7.483311e-06,-6.0243587896e-11,3.0281e-02,1.0375
1074.39,-1.30195594e-03,5.361799e-03,7.074695e-06,-6.0512150846e-11,2.8893e-02,1.0375
1074.90,-1.85574190e-03,5.445683e-03,6.645430e-06,-6.0514926403e-11,2.9688e-02,1.0437
1075.40,-2.46666420e-03,5.528020e-03,6.206276e-06,-6.0516147649e-11,2.8235e-02,1.0437
1075.91,-3.02431125e-03,5.605990e-03,5.762371e-06,-6.0515592537e-11,2.4615e-02,1.0437
1076.42,-3.44255617e-03,5.679103e-03,5.311441e-06,-6.0517035827e-11,2.2948e-02,1.0437
1076.92,-3.66529025e-03,5.748409e-03,4.848072e-06,-6.0518257072e-11,2.9916e-02,1.0437
1077.43,-3.66755271e-03,5.815052e-03,4.371997e-06,-6.0519700362e-11,3.6843e-02,1.0437
1077.94,-3.45302188e-03,5.878703e-03,3.895486e-06,-6.0520921608e-11,4.3730e-02,1.0437
1078.44,-3.05189605e-03,5.936220e-03,3.446351e-06,-6.0520921608e-11,5.0576e-02,1.0437
1078.95,-2.52157800e-03,5.982531e-03,3.066773e-06,-6.0522142853e-11,5.7380e-02,1.0437
1079.46,-1.94409116e-03,6.011391e-03,2.805852e-06,-6.0522475920e-11,6.4143e-02,1.0437
1079.96,-1.41782611e-03,6.016790e-03,2.705435e-06,-6.0524141254e-11,7.0864e-02,1.0437
1080.47,-1.03634885e-03,5.994385e-03,2.780489e-06,-6.0524585344e-11,7.7542e-02,1.0437
1080.98,-8.62802940e-04,5.936184e-03,3.010461e-06,-6.0526028633e-11,8.4179e-02,1.0437
1081.49,-9.14689278e-04,5.846386e-03,3.351018e-06,-6.0526805790e-11,9.0773e-02,1.0437
1081.99,-1.16640067e-03,5.732274e-03,3.762196e-06,-6.0527360901e-11,9.7325e-02,1.0437
1082.50,-1.56607931e-03,5.607486e-03,4.219271e-06,-6.0596527796e-11,9.4068e-02,1.0375
1083.01,-2.05009844e-03,5.485371e-03,4.710932e-06,-6.0597526996e-11,1.0068e-01,1.0375
1083.51,-2.54796296e-03,5.378765e-03,5.232678e-06,-6.0598082108e-11,1.0724e-01,1.0375
1084.02,-2.97945888e-03,5.297606e-03,5.779110e-06,-6.0598304152e-11,1.1376e-01,1.0375
1084.53,-3.25741118e-03,5.245308e-03,6.341614e-06,-6.0600080509e-11,1.2024e-01,1.0375
1085.03,-3.30569196e-03,5.217397e-03,6.911292e-06,-6.0600968688e-11,1.2667e-01,1.0375
1085.54,-3.08654680e-03,5.204827e-03,7.480878e-06,-6.0601412777e-11,1.3306e-01,1.0375
1086.05,-2.62223502e-03,5.190017e-03,8.044760e-06,-6.0601967888e-11,1.3940e-01,1.0375
1086.55,-2.00010803e-03,5.169452e-03,8.597857e-06,-6.0604188334e-11,1.4570e-01,1.0375
1087.06,-1.35840054e-03,5.140870e-03,9.132919e-06,-6.0673022162e-11,1.4550e-01,1.0312
1087.57,-8.42533681e-04,5.104555e-03,9.641718e-06,-6.0672911140e-11,1.5183e-01,1.0312
1088.07,-5.54939610e-04,5.059190e-03,1.011600e-05,-6.0674132385e-11,9.0438e-02,1.0312
1088.58,-5.24567992e-04,5.008185e-03,1.054865e-05,-6.0677463054e-11,3.5521e-02,1.0312
1089.09,-7.07803265e-04,4.955206e-03,1.093457e-05,-6.0880855912e-11,3.3595e-02,1.0312
1089.59,-1.01848179e-03,4.909896e-03,1.127116e-05,-6.1108895721e-11,3.9089e-02,1.0375
1090.10,-1.37336488e-03,4.875200e-03,1.155818e-05,-6.1526117534e-11,4.2113e-02,1.0375
1090.61,-1.72058916e-03,4.852537e-03,1.179740e-05,-6.1594396250e-11,4.3345e-02,1.0375
1091.11,-2.03606031e-03,4.839194e-03,1.199276e-05,-6.1638805171e-11,3.7287e-02,1.0437
1091.62,-2.30257241e-03,4.835394e-03,1.215063e-05,-6.1639915394e-11,3.2782e-02,1.0437
1092.13,-2.48944828e-03,4.839363e-03,1.227903e-05,-6.1640359483e-11,2.9525e-02,1.0437
1092.63,-2.55361811e-03,4.849015e-03,1.238468e-05,-6.1642135840e-11,2.6817e-02,1.0437
1093.14,-2.46049335e-03,4.862871e-03,1.246930e-05,-6.1641469706e-11,2.8466e-02,1.0437
1093.65,-2.20770775e-03,4.880145e-03,1.252830e-05,-6.1643468108e-11,3.5402e-02,1.0437
1094.15,-1.83313397e-03,4.901973e-03,1.255374e-05,-6.1644689353e-11,4.2297e-02,1.0437
1094.66,-1.40000848e-03,4.929444e-03,1.253932e-05,-6.1644356286e-11,4.9152e-02,1.0437
1095.17,-9.63952304e-04,4.962666e-03,1.248345e-05,-6.1645799576e-11,5.5965e-02,1.0437
1095.68,-5.38033794e-04,5.000047e-03,1.238828e-05,-6.1646687755e-11,6.2736e-02,1.0437
1096.18,-8.63300323e-05,5.040911e-03,1.225662e-05,-6.1648686156e-11,6.9466e-02,1.0437
1096.69,4.45427372e-04,5.085539e-03,1.209020e-05,-6.1648797178e-11,7.6153e-02,1.0437
1097.20,1.08031876e-03,5.132284e-03,1.189090e-05,-6.1649796379e-11,8.2799e-02,1.0437
1097.70,1.76859650e-03,5.180019e-03,1.166291e-05,-6.1650906602e-11,8.9402e-02,1.0437
1098.21,2.38415669e-03,5.227715e-03,1.141264e-05,-6.1651572736e-11,9.5962e-02,1.0437
1098.72,2.77470355e-03,5.275215e-03,1.114533e-05,-6.1652349892e-11,1.0248e-01,1.0437
1099.22,2.83532077e-03,5.320729e-03,1.086111e-05,-6.1722960076e-11,9.7936e-02,1.0375
1099.73,2.56490683e-03,5.362307e-03,1.055414e-05,-6.1723293143e-11,1.0464e-01,1.0375
1100.24,2.07337267e-03,5.399087e-03,1.021693e-05,-6.1723848255e-11,1.1118e-01,1.0375
1100.74,1.52764375e-03,5.430481e-03,9.845983e-06,-6.1726734835e-11,1.1767e-01,1.0375
1101.25,1.08026839e-03,5.454212e-03,9.444364e-06,-6.1725735634e-11,1.2412e-01,1.0375
1101.76,8.24774943e-04,5.466905e-03,9.020825e-06,-6.1727067902e-11,1.3053e-01,1.0375
1102.26,7.80955097e-04,5.465444e-03,8.586232e-06,-6.1728511191e-11,1.3689e-01,1.0375
1102.77,9.07003130e-04,5.447370e-03,8.148796e-06,-6.1728844258e-11,1.4320e-01,1.0375
1103.28,1.12936145e-03,5.411438e-03,7.711625e-06,-6.1729399370e-11,1.4948e-01,1.0375
1103.78,1.37281115e-03,5.360913e-03,7.272359e-06,-6.1731064704e-11,1.5570e-01,1.0375
1104.29,1.58034488e-03,5.303226e-03,6.830789e-06,-6.1800453643e-11,7.0526e-02,1.0312
1104.80,1.72418611e-03,5.248890e-03,6.388340e-06,-6.1801674889e-11,7.7368e-02,1.0312
1105.30,1.80501535e-03,5.209132e-03,5.949594e-06,-6.1802674090e-11,8.4165e-02,1.0312
1105.81,1.84293436e-03,5.191886e-03,5.521241e-06,-6.1802230000e-11,9.0917e-02,1.0312
1106.32,1.86508733e-03,5.204175e-03,5.117672e-06,-6.1804228402e-11,9.7625e-02,1.0312
1106.82,1.89353652e-03,5.250506e-03,4.760225e-06,-6.1805116580e-11,1.0429e-01,1.0312
1107.33,1.94261112e-03,5.325002e-03,4.468961e-06,-6.1807114982e-11,1.1091e-01,1.0312
1107.84,2.02422762e-03,5.412547e-03,4.259955e-06,-6.1808336227e-11,1.1748e-01,1.0312
1108.35,2.15278168e-03,5.488126e-03,4.138495e-06,-6.1808003160e-11,1.2401e-01,1.0312
1108.85,2.34277153e-03,5.538860e-03,4.091532e-06,-6.1910587767e-11,3.8979e-02,1.0250
1109.36,2.60294549e-03,5.568640e-03,4.096114e-06,-6.1912364124e-11,4.6939e-02,1.0250
1109.87,2.93437911e-03,5.585285e-03,4.133232e-06,-6.1912142080e-11,5.4096e-02,1.0250
1110.37,3.33215714e-03,5.594413e-03,4.199494e-06,-6.1912808214e-11,6.1086e-02,1.0250
1110.88,3.78650771e-03,5.601045e-03,4.308390e-06,-6.1914584570e-11,6.8394e-02,1.0250
1111.39,4.28178375e-03,5.609132e-03,4.475062e-06,-6.1915139682e-11,7.5824e-02,1.0250
1111.89,4.79526690e-03,5.618500e-03,4.702929e-06,-6.1916916039e-11,8.3321e-02,1.0250
1112.40,5.29900998e-03,5.629013e-03,4.979533e-06,-6.1917804217e-11,9.0683e-02,1.0250
1112.91,5.76260936e-03,5.642928e-03,5.281961e-06,-6.1918248306e-11,9.7841e-02,1.0250
1113.41,6.14794120e-03,5.664784e-03,5.588965e-06,-6.1919025462e-11,1.0495e-01,1.0250
1113.92,6.39591647e-03,5.696195e-03,5.885374e-06,-6.1919580574e-11,1.1198e-01,1.0250
1114.43,6.42851623e-03,5.732817e-03,6.163983e-06,-6.1921245909e-11,1.1873e-01,1.0250
1114.93,6.18817282e-03,5.767881e-03,6.423280e-06,-6.1922245109e-11,1.2533e-01,1.0250
1115.44,5.68844149e-03,5.796078e-03,6.664603e-06,-6.1922134087e-11,1.3188e-01,1.0250
1115.95,5.01016640e-03,5.812191e-03,6.890927e-06,-6.1922467154e-11,1.3838e-01,1.0250
1116.45,4.22200847e-03,5.814317e-03,7.105614e-06,-6.1924909645e-11,1.4484e-01,1.0250
1116.96,3.29719659e-03,5.808740e-03,7.312101e-06,-6.1924798622e-11,1.5125e-01,1.0250
1117.47,2.11896267e-03,5.799015e-03,7.512029e-06,-6.1925686801e-11,1.5761e-01,1.0250
1117.97,5.93842057e-04,5.793656e-03,7.703557e-06,-6.1927019068e-11,1.6392e-01,1.0250
1118.48,-1.21461490e-03,5.795259e-03,7.881269e-06,-6.1928129291e-11,1.7019e-01,1.0250
1118.99,-3.05633470e-03,5.806372e-03,8.037715e-06,-6.2036931148e-11,3.4593e-02,1.0188
1119.49,-4.59192076e-03,5.826635e-03,8.165813e-06,-6.2041927151e-11,3.6748e-02,1.0188
1120.00,-5.52445409e-03,5.854715e-03,8.261336e-06,-6.2045701910e-11,4.0608e-02,1.0188
1120.51,-5.69003725e-03,5.886478e-03,8.324278e-06,-6.2048810534e-11,4.2497e-02,1.0188
1121.01,-5.09326095e-03,5.917266e-03,8.358588e-06,-6.2052474270e-11,4.2133e-02,1.0188
1121.52,-3.89646678e-03,5.943291e-03,8.369987e-06,-6.2054472671e-11,5.0344e-02,1.0188
1122.03,-2.38215955e-03,5.960898e-03,8.362808e-06,-6.2055360850e-11,5.7078e-02,1.0188
1122.54,-8.84322737e-04,5.970246e-03,8.337891e-06,-6.2056582095e-11,6.2046e-02,1.0188
1123.04,2.99359032e-04,5.972668e-03,8.293402e-06,-6.2265748113e-11,1.8770e-02,1.0250
1123.55,9.92803619e-04,5.972635e-03,8.228493e-06,-6.2314153837e-11,2.5848e-02,1.0312
1124.06,1.18077295e-03,5.973073e-03,8.147462e-06,-6.2325589134e-11,3.2685e-02,1.0312
1124.56,9.79978438e-04,5.971200e-03,8.061225e-06,-6.2567950820e-11,2.8093e-02,1.0312
1125.07,5.61997888e-04,5.966605e-03,7.984801e-06,-6.2936988954e-11,3.1348e-02,1.0312
1125.58,7.71079656e-05,5.955084e-03,7.931713e-06,-6.3249849802e-11,3.3674e-02,1.0375
1126.08,-3.81348387e-04,5.934369e-03,7.908192e-06,-6.3255845006e-11,3.4484e-02,1.0437
1126.59,-7.71602498e-04,5.903768e-03,7.911002e-06,-6.3256844207e-11,3.3729e-02,1.0437
1127.10,-1.08200597e-03,5.864089e-03,7.929418e-06,-6.3258065452e-11,3.1576e-02,1.0437
1127.60,-1.31775636e-03,5.817194e-03,7.950574e-06,-6.3259064653e-11,2.8324e-02,1.0437
1128.11,-1.50076172e-03,5.765465e-03,7.964952e-06,-6.3259064653e-11,3.0584e-02,1.0437
1128.62,-1.66954700e-03,5.711252e-03,7.970073e-06,-6.3261174077e-11,3.7507e-02,1.0437
1129.12,-1.86512138e-03,5.656585e-03,7.972020e-06,-6.3261174077e-11,4.4390e-02,1.0437
1129.63,-2.10442700e-03,5.603027e-03,7.984106e-06,-6.3262728389e-11,5.1232e-02,1.0437
1130.14,-2.35914364e-03,5.551686e-03,8.022312e-06,-6.3264393724e-11,5.8032e-02,1.0437
1130.64,-2.55663186e-03,5.503420e-03,8.099416e-06,-6.3264726791e-11,6.4791e-02,1.0437
1131.15,-2.60160292e-03,5.458515e-03,8.220724e-06,-6.3265614969e-11,7.1508e-02,1.0437
1131.66,-2.40432721e-03,5.417666e-03,8.384218e-06,-6.3266281103e-11,7.8182e-02,1.0437
1132.16,-1.90756003e-03,5.380614e-03,8.584336e-06,-6.3267502348e-11,8.4815e-02,1.0437
1132.67,-1.11304290e-03,5.345943e-03,8.815659e-06,-6.3337113332e-11,8.4221e-02,1.0375
1133.18,-1.06752052e-04,5.311752e-03,9.073578e-06,-6.3338445599e-11,9.0894e-02,1.0375
1133.68,9.34833160e-04,5.275370e-03,9.352228e-06,-6.3339444800e-11,9.7523e-02,1.0375
1134.19,1.77424107e-03,5.234964e-03,9.641608e-06,-6.3339999912e-11,1.0411e-01,1.0375
1134.70,2.18716914e-03,5.190429e-03,9.925923e-06,-6.3339999912e-11,1.1065e-01,1.0375
1135.20,2.05739883e-03,5.143208e-03,1.018427e-05,-6.3341332179e-11,1.1715e-01,1.0375
1135.71,1.43470435e-03,5.096900e-03,1.039367e-05,-6.3342442402e-11,1.2360e-01,1.0375
1136.22,5.04881142e-04,5.055770e-03,1.053354e-05,-6.3343663648e-11,1.3001e-01,1.0375
1136.73,-5.03278254e-04,5.024360e-03,1.059015e-05,-6.3344440804e-11,1.3637e-01,1.0375
1137.23,-1.40010423e-03,5.005942e-03,1.055949e-05,-6.3412164408e-11,1.8480e-02,1.0312
1137.74,-2.07263835e-03,5.002572e-03,1.044830e-05,-6.3413940765e-11,1.8493e-02,1.0312
1138.25,-2.48070812e-03,5.014069e-03,1.027332e-05,-6.4177108072e-11,2.4445e-02,1.0312
1138.75,-2.64076053e-03,5.037756e-03,1.005835e-05,-6.4228844465e-11,2.0966e-02,1.0375
1139.26,-2.60478233e-03,5.070722e-03,9.827530e-06,-6.4230065711e-11,2.3122e-02,1.0375
1139.77,-2.44298556e-03,5.109684e-03,9.595650e-06,-6.4231842067e-11,2.5040e-02,1.0375
1140.27,-2.22774973e-03,5.152668e-03,9.360502e-06,-6.4231064911e-11,2.6358e-02,1.0375
1140.78,-2.01642114e-03,5.198883e-03,9.104001e-06,-6.4231842067e-11,2.6833e-02,1.0375
1141.29,-1.84010395e-03,5.247940e-03,8.803563e-06,-6.4233396380e-11,2.6382e-02,1.0375
1141.79,-1.70094227e-03,5.298938e-03,8.446702e-06,-6.4233729447e-11,2.5080e-02,1.0375
1142.30,-1.57598534e-03,5.350169e-03,8.039359e-06,-6.4234395580e-11,2.3088e-02,1.0375
1142.81,-1.43306301e-03,5.399794e-03,7.603331e-06,-6.4236171937e-11,2.6975e-02,1.0375
1143.31,-1.24561391e-03,5.446741e-03,7.165478e-06,-6.4236616026e-11,3.4177e-02,1.0375
1143.82,-1.00116709e-03,5.491127e-03,6.745956e-06,-6.4238281361e-11,4.1384e-02,1.0375
1144.33,-7.03702532e-04,5.534012e-03,6.351865e-06,-6.4238725450e-11,4.8589e-02,1.0375
1144.83,-3.70891438e-04,5.576715e-03,5.978632e-06,-6.4239058517e-11,5.5792e-02,1.0375
1145.34,-2.60146104e-05,5.620116e-03,5.616197e-06,-6.4240168740e-11,6.2994e-02,1.0375
1145.85,3.08624799e-04,5.664470e-03,5.254722e-06,-6.4242278164e-11,6.9947e-02,1.0375
1146.35,6.18806609e-04,5.709457e-03,4.887274e-06,-6.4242833275e-11,7.6736e-02,1.0375
1146.86,9.00163155e-04,5.754609e-03,4.511525e-06,-6.4243610431e-11,8.3458e-02,1.0375
1147.37,1.15804393e-03,5.799342e-03,4.133223e-06,-6.4243277365e-11,9.0136e-02,1.0375
1147.87,1.40554167e-03,5.842902e-03,3.770657e-06,-6.4244942699e-11,9.6770e-02,1.0375
1148.38,1.65960788e-03,5.884309e-03,3.455115e-06,-6.4244942699e-11,1.0336e-01,1.0375
1148.89,1.93601306e-03,5.922250e-03,3.222215e-06,-6.4246385989e-11,1.0991e-01,1.0375
1149.39,2.24761574e-03,5.955080e-03,3.095443e-06,-6.4247274167e-11,1.1641e-01,1.0375
1149.90,2.60075279e-03,5.981036e-03,3.074296e-06,-6.4248939502e-11,1.2287e-01,1.0375
1150.41,2.99057163e-03,5.998240e-03,3.139884e-06,-6.4249161547e-11,1.2928e-01,1.0375
1150.92,3.39707971e-03,6.004999e-03,3.272116e-06,-6.4251159948e-11,1.3565e-01,1.0375
1151.42,3.78345400e-03,6.000031e-03,3.460395e-06,-6.4250382792e-11,1.4197e-01,1.0375
1151.93,4.10230193e-03,5.982913e-03,3.700708e-06,-6.4318439463e-11,6.0247e-02,1.0312
1152.44,4.31052781e-03,5.954228e-03,3.986418e-06,-6.4319660709e-11,6.2343e-02,1.0312
1152.94,4.38489197e-03,5.915531e-03,4.303140e-06,-6.4320659909e-11,1.9397e-02,1.0312
1153.45,4.32546439e-03,5.869435e-03,4.631146e-06,-6.4323213422e-11,1.2147e-02,1.0375
1153.96,4.13942422e-03,5.818816e-03,4.951673e-06,-6.4324656712e-11,1.3598e-02,1.0375
1154.46,3.80863412e-03,5.765781e-03,5.251872e-06,-6.4325544891e-11,1.5661e-02,1.0375
1154.97,3.25352786e-03,5.711724e-03,5.525891e-06,-6.4326100002e-11,1.5556e-02,1.0375
1155.48,2.33224273e-03,5.657279e-03,5.773244e-06,-6.4326988181e-11,1.3277e-02,1.0375
1155.98,9.16204069e-04,5.602331e-03,5.996289e-06,-6.4328764537e-11,8.8599e-03,1.0375
1156.49,-9.92390254e-04,5.546237e-03,6.198152e-06,-6.4329652716e-11,1.5352e-02,1.0375
1157.00,-3.19897181e-03,5.488172e-03,6.381754e-06,-6.4329430671e-11,2.2584e-02,1.0375
1157.50,-5.36200505e-03,5.427442e-03,6.549243e-06,-6.4331651117e-11,2.9190e-02,1.0375
1158.01,-7.11105730e-03,5.363730e-03,6.701411e-06,-6.4332650318e-11,3.6417e-02,1.0375
1158.52,-8.15011033e-03,5.299012e-03,6.838123e-06,-6.4333094407e-11,4.3627e-02,1.0375
1159.02,-8.30962844e-03,5.237258e-03,6.958404e-06,-6.4333649519e-11,5.0833e-02,1.0375
1159.53,-7.56930895e-03,5.183107e-03,7.060973e-06,-6.4335314853e-11,5.8037e-02,1.0375
1160.04,-6.06394927e-03,5.140925e-03,7.144937e-06,-6.4336647121e-11,6.5240e-02,1.0375
1160.54,-4.07195667e-03,5.113976e-03,7.211489e-06,-6.4336314054e-11,7.2444e-02,1.0375
1161.05,-1.98498973e-03,5.100072e-03,7.263686e-06,-6.4338423478e-11,7.9439e-02,1.0375
1161.56,-2.33838307e-04,5.095975e-03,7.305587e-06,-6.4339089612e-11,8.6392e-02,1.0375
1162.06,8.20632443e-04,5.096435e-03,7.340682e-06,-6.4339311656e-11,9.3105e-02,1.0375
1162.57,1.02233455e-03,5.100471e-03,7.370648e-06,-6.4339977790e-11,9.9720e-02,1.0375
1163.08,4.70821820e-04,5.109703e-03,7.394875e-06,-6.4340421879e-11,1.0629e-01,1.0375
1163.58,-5.60945038e-04,5.126621e-03,7.411044e-06,-6.4342531303e-11,1.1282e-01,1.0375
1164.09,-1.76826527e-03,5.154729e-03,7.416571e-06,-6.4343419481e-11,1.1930e-01,1.0375
1164.60,-2.91252077e-03,5.196122e-03,7.410743e-06,-6.4343863571e-11,1.2574e-01,1.0375
1165.11,-3.83943202e-03,5.250396e-03,7.396072e-06,-6.4344529704e-11,1.3213e-01,1.0375
1165.61,-4.45657637e-03,5.314085e-03,7.378549e-06,-6.4346528106e-11,1.3848e-01,1.0375
1166.12,-4.71202203e-03,5.382139e-03,7.365938e-06,-6.4346639128e-11,1.4479e-01,1.0375
1166.63,-4.58706819e-03,5.449224e-03,7.365342e-06,-6.4347638329e-11,1.5105e-01,1.0375
1167.13,-4.10380230e-03,5.511888e-03,7.381469e-06,-6.4417360335e-11,1.5047e-01,1.0312
1167.64,-3.33565593e-03,5.569421e-03,7.416723e-06,-6.4418914647e-11,1.5677e-01,1.0312
1168.15,-2.40828512e-03,5.622398e-03,7.472898e-06,-6.4420246915e-11,1.6301e-01,1.0312
1168.65,-1.48168236e-03,5.670507e-03,7.552719e-06,-6.4420913048e-11,1.6921e-01,1.0312
1169.16,-7.16207594e-04,5.711120e-03,7.659577e-06,-6.4420691004e-11,1.7537e-01,1.0312
1169.67,-2.33192279e-04,5.739576e-03,7.795888e-06,-6.4495964125e-11,1.1821e-01,1.0250
1170.17,-7.94336213e-05,5.750759e-03,7.961556e-06,-6.4496741281e-11,1.2481e-01,1.0250
1170.68,-2.14809941e-04,5.740633e-03,8.153662e-06,-6.4497851504e-11,1.3136e-01,1.0250
1171.19,-5.31269846e-04,5.706519e-03,8.367119e-06,-6.4498739683e-11,1.3787e-01,1.0250
1171.69,-8.96253390e-04,5.650711e-03,8.595213e-06,-6.4498961727e-11,1.4433e-01,1.0250
1172.20,-1.19516038e-03,5.581866e-03,8.829480e-06,-6.4499405816e-11,1.5074e-01,1.0250
1172.71,-1.35545428e-03,5.510930e-03,9.060460e-06,-6.4686700441e-11,2.8163e-02,1.0188
1173.21,-1.35565081e-03,5.449735e-03,9.278516e-06,-6.4770966368e-11,3.3658e-02,1.0188
1173.72,-1.21926336e-03,5.411893e-03,9.475167e-06,-6.4820926404e-11,3.9297e-02,1.0188
1174.23,-9.91314580e-04,5.407729e-03,9.646884e-06,-6.4849237091e-11,4.5121e-02,1.0188
1174.73,-7.21459886e-04,5.433944e-03,9.793486e-06,-6.4865224303e-11,5.1189e-02,1.0188
1175.24,-4.54510679e-04,5.479235e-03,9.918078e-06,-6.4871774619e-11,5.7597e-02,1.0188
1175.75,-2.22592110e-04,5.530438e-03,1.002493e-05,-6.4874217109e-11,6.4259e-02,1.0188
1176.25,-4.08941422e-05,5.577136e-03,1.011769e-05,-6.4876326533e-11,7.1280e-02,1.0188
1176.76,9.18561797e-05,5.611428e-03,1.019876e-05,-6.4878435957e-11,6.3512e-02,1.0188
1177.27,1.91269601e-04,5.635564e-03,1.026925e-05,-6.4883542983e-11,2.8525e-02,1.0188
1177.77,2.80208016e-04,5.653083e-03,1.032916e-05,-6.4912741848e-11,2.4904e-02,1.0250
1178.28,3.78038861e-04,5.665820e-03,1.037806e-05,-6.4932614841e-11,3.4487e-02,1.0250
1178.79,4.90645186e-04,5.669414e-03,1.041541e-05,-6.5219718515e-11,3.4892e-02,1.0312
1179.30,6.09513953e-04,5.661341e-03,1.044016e-05,-6.5401017935e-11,3.2736e-02,1.0312
1179.80,7.19117831e-04,5.647235e-03,1.045089e-05,-6.5995098275e-11,3.2209e-02,1.0312
1180.31,8.11431925e-04,5.631881e-03,1.044552e-05,-6.6095018347e-11,3.2147e-02,1.0375
1180.82,8.93456437e-04,5.618826e-03,1.042077e-05,-6.6096794704e-11,3.2134e-02,1.0375
1181.32,9.82822901e-04,5.609227e-03,1.037195e-05,-6.6096350615e-11,3.2016e-02,1.0375
1181.83,1.09483893e-03,5.603578e-03,1.029347e-05,-6.6097016749e-11,2.7505e-02,1.0375
1182.34,1.23284551e-03,5.602775e-03,1.017972e-05,-6.6098349016e-11,2.2646e-02,1.0375
1182.84,1.38815418e-03,5.608379e-03,1.002566e-05,-6.6099237195e-11,2.5252e-02,1.0375
1183.35,1.54912444e-03,5.622331e-03,9.827195e-06,-6.6100236396e-11,3.2302e-02,1.0375
1183.86,1.70982882e-03,5.646270e-03,9.581957e-06,-6.6101457641e-11,3.9302e-02,1.0375
1184.36,1.87208663e-03,5.680076e-03,9.290899e-06,-6.6102012752e-11,4.6259e-02,1.0375
1184.87,2.04250578e-03,5.723925e-03,8.959780e-06,-6.6103456042e-11,5.3173e-02,1.0375
1185.38,2.22703742e-03,5.775607e-03,8.598075e-06,-6.6104011154e-11,6.0044e-02,1.0375
1185.88,2.42605679e-03,5.832008e-03,8.213914e-06,-6.6104011154e-11,6.6871e-02,1.0375
1186.39,2.63143037e-03,5.889391e-03,7.808083e-06,-6.6104788310e-11,7.3655e-02,1.0375
1186.90,2.82873148e-03,5.944426e-03,7.372761e-06,-6.6106009555e-11,8.0396e-02,1.0375
1187.40,3.00494491e-03,5.993941e-03,6.897497e-06,-6.6106675689e-11,8.7094e-02,1.0375
1187.91,3.15203540e-03,6.034996e-03,6.378563e-06,-6.6107341823e-11,9.3747e-02,1.0375
1188.42,3.26303933e-03,6.064808e-03,5.825065e-06,-6.6110006358e-11,1.0036e-01,1.0375
1188.92,3.32717192e-03,6.081691e-03,5.257946e-06,-6.6109340224e-11,1.0692e-01,1.0375
1189.43,3.33026357e-03,6.085291e-03,4.703353e-06,-6.6110894537e-11,1.1345e-01,1.0375
1189.94,3.26188647e-03,6.076985e-03,4.184291e-06,-6.6112004760e-11,1.1992e-01,1.0375
1190.44,3.12430024e-03,6.059448e-03,3.713393e-06,-6.6112337826e-11,1.2636e-01,1.0375
1190.95,2.93407132e-03,6.035947e-03,3.292539e-06,-6.6181948810e-11,1.2496e-01,1.0312
1191.46,2.71382441e-03,6.009205e-03,2.920951e-06,-6.6183059033e-11,1.3144e-01,1.0312
1191.96,2.48266849e-03,5.981072e-03,2.610346e-06,-6.6184058234e-11,1.3787e-01,1.0312
1192.47,2.25267823e-03,5.950475e-03,2.400436e-06,-6.6185279479e-11,1.4425e-01,1.0312
1192.98,2.03109514e-03,5.890871e-03,2.352426e-06,-6.6185168457e-11,1.5059e-01,1.0312
1193.49,1.82455135e-03,5.857745e-03,2.508341e-06,-6.6186278680e-11,1.5688e-01,1.0312
1193.99,1.64094049e-03,5.827556e-03,2.850381e-06,-6.6187499925e-11,1.6313e-01,1.0312
1194.50,1.48834232e-03,5.801224e-03,3.319902e-06,-6.6256666820e-11,9.3022e-02,1.0250
1195.01,1.37242894e-03,5.781673e-03,3.861219e-06,-6.6259331355e-11,9.9797e-02,1.0250
1195.51,1.29464178e-03,5.770614e-03,4.437756e-06,-6.6259109310e-11,1.0653e-01,1.0250
1196.02,1.25227238e-03,5.759279e-03,5.030332e-06,-6.6260774645e-11,1.1321e-01,1.0250
1196.53,1.23978079e-03,5.757409e-03,5.630084e-06,-6.6261662823e-11,1.1984e-01,1.0250
1197.03,1.25069055e-03,5.748897e-03,6.232496e-06,-6.6262106913e-11,1.2643e-01,1.0250
1197.54,1.27928203e-03,5.737121e-03,6.832497e-06,-6.6263439180e-11,1.3297e-01,1.0250
1198.05,1.32135423e-03,5.714398e-03,7.422880e-06,-6.6263550202e-11,1.3947e-01,1.0250
1198.55,1.37398002e-03,5.680757e-03,7.995220e-06,-6.6265437582e-11,1.8849e-02,1.0250
1199.06,1.43407231e-03,5.632588e-03,8.541681e-06,-6.6873950821e-11,2.1052e-02,1.0250
1199.57,1.49728700e-03,5.587102e-03,9.056171e-06,-6.7203687060e-11,3.0335e-02,1.0312
1200.07,1.55850642e-03,5.537555e-03,9.534412e-06,-6.7391647818e-11,2.3765e-02,1.0312
1200.58,1.61368965e-03,5.500325e-03,9.973763e-06,-6.7916894331e-11,2.6362e-02,1.0312
1201.09,1.66158809e-03,5.472767e-03,1.037312e-05,-6.8282712817e-11,2.7728e-02,1.0375
1201.59,1.70371211e-03,5.457082e-03,1.073275e-05,-6.8290151312e-11,2.7649e-02,1.0375
1202.10,1.74166732e-03,5.454172e-03,1.105408e-05,-6.8298144917e-11,2.6132e-02,1.0375
1202.61,1.77440042e-03,5.462968e-03,1.133903e-05,-6.8357874916e-11,2.3384e-02,1.0375
1203.11,1.79749484e-03,5.481027e-03,1.158921e-05,-6.8359207184e-11,1.9747e-02,1.0375
1203.62,1.80550185e-03,5.505792e-03,1.180503e-05,-6.8360983541e-11,1.5851e-02,1.0375
1204.13,1.79485053e-03,5.535422e-03,1.198524e-05,-6.8362315808e-11,1.7934e-02,1.0375
1204.63,1.76424477e-03,5.569198e-03,1.212742e-05,-6.8364203187e-11,2.4997e-02,1.0375
1205.14,1.71206485e-03,5.607161e-03,1.222929e-05,-6.8365202388e-11,3.2190e-02,1.0375
1205.65,1.63479502e-03,5.648835e-03,1.229032e-05,-6.8364647277e-11,3.9400e-02,1.0375
1206.16,1.53165080e-03,5.693690e-03,1.231263e-05,-6.8365535455e-11,4.6608e-02,1.0375
1206.66,1.41436670e-03,5.739229e-03,1.230029e-05,-6.8367311812e-11,5.3813e-02,1.0375
1207.17,1.31170641e-03,5.781990e-03,1.225737e-05,-6.8367422834e-11,6.1016e-02,1.0375
1207.68,1.25607987e-03,5.816930e-03,1.218595e-05,-6.8369532258e-11,6.8220e-02,1.0375
1208.18,1.25123317e-03,5.838108e-03,1.208549e-05,-6.8369532258e-11,7.5424e-02,1.0375
1208.69,1.24175140e-03,5.838147e-03,1.195384e-05,-6.8370198392e-11,8.2344e-02,1.0375
1209.20,1.11440526e-03,5.806789e-03,1.178959e-05,-6.8371419637e-11,8.9288e-02,1.0375
1209.70,7.45943948e-04,5.742986e-03,1.159258e-05,-6.8373195994e-11,9.5956e-02,1.0375
1210.21,7.82217108e-05,5.649150e-03,1.136419e-05,-6.8373195994e-11,1.0255e-01,1.0375
1210.72,-8.28485036e-04,5.529530e-03,1.110642e-05,-6.8374417239e-11,1.0910e-01,1.0375
1211.22,-1.80263219e-03,5.401955e-03,1.082102e-05,-6.8374972351e-11,1.1561e-01,1.0375
1211.73,-2.62652834e-03,5.284046e-03,1.051080e-05,-6.8376304618e-11,1.2208e-01,1.0375
1212.24,-3.11831856e-03,5.191101e-03,1.017894e-05,-6.8377303819e-11,1.2849e-01,1.0375
1212.74,-3.19063499e-03,5.137675e-03,9.829364e-06,-6.8378747109e-11,1.3487e-01,1.0375
1213.25,-2.87614128e-03,5.128473e-03,9.466903e-06,-6.8378747109e-11,1.4120e-01,1.0375
1213.76,-2.31342281e-03,5.158796e-03,9.095635e-06,-6.8380745510e-11,1.4748e-01,1.0375
1214.26,-1.69882231e-03,5.217296e-03,8.719069e-06,-6.8450245472e-11,1.4858e-01,1.0312
1214.77,-1.22557508e-03,5.285650e-03,8.340840e-06,-6.8450578539e-11,1.5488e-01,1.0312
1215.28,-1.02620539e-03,5.349400e-03,7.964910e-06,-6.8451133650e-11,1.6114e-01,1.0312
1215.78,-1.13725536e-03,5.397637e-03,7.595790e-06,-6.8452910007e-11,1.6736e-01,1.0312
1216.29,-1.50171437e-03,5.422105e-03,7.237885e-06,-6.8521077701e-11,2.7904e-02,1.0250
1216.80,-2.00551640e-03,5.421970e-03,6.894197e-06,-6.8704042455e-11,3.3268e-02,1.0312
1217.30,-2.52737260e-03,5.404984e-03,6.565565e-06,-6.8939298714e-11,3.8324e-02,1.0312
1217.81,-2.97644536e-03,5.378302e-03,6.251074e-06,-6.9184324936e-11,3.9353e-02,1.0375
1218.32,-3.30964651e-03,5.352835e-03,5.949359e-06,-6.9563244054e-11,4.3988e-02,1.0375
1218.82,-3.53009001e-03,5.334194e-03,5.660392e-06,-6.9739547470e-11,4.6602e-02,1.0375
1219.33,-3.66944044e-03,5.323765e-03,5.386873e-06,-7.0149330789e-11,4.2011e-02,1.0375
1219.84,-3.76754965e-03,5.322586e-03,5.134880e-06,-7.0307093480e-11,3.7342e-02,1.0437
1220.35,-3.85355246e-03,5.329149e-03,4.913468e-06,-7.0307870637e-11,3.3963e-02,1.0437
1220.85,-3.92499868e-03,5.340701e-03,4.733151e-06,-7.0309313926e-11,3.1449e-02,1.0437
1221.36,-3.93532546e-03,5.354075e-03,4.603703e-06,-7.0309202904e-11,2.9402e-02,1.0437
1221.87,-3.80769335e-03,5.366512e-03,4.532204e-06,-7.0310868239e-11,2.8192e-02,1.0437
1222.37,-3.47728040e-03,5.375113e-03,4.522093e-06,-7.0311312328e-11,3.5130e-02,1.0437
1222.88,-2.93846700e-03,5.378816e-03,4.573009e-06,-7.0312977662e-11,4.2028e-02,1.0437
1223.39,-2.26935429e-03,5.379109e-03,4.680860e-06,-7.0313532774e-11,4.8884e-02,1.0437
1223.89,-1.61922229e-03,5.378180e-03,4.838348e-06,-7.0314754019e-11,5.5699e-02,1.0437
1224.40,-1.15767657e-03,5.378511e-03,5.035887e-06,-7.0314420952e-11,6.2473e-02,1.0437
1224.91,-9.98781775e-04,5.382682e-03,5.262845e-06,-7.0315531175e-11,6.9204e-02,1.0437
1225.41,-1.13937647e-03,5.392615e-03,5.508546e-06,-7.0316641398e-11,7.5893e-02,1.0437
1225.92,-1.46364421e-03,5.406837e-03,5.762693e-06,-7.0318306733e-11,8.2540e-02,1.0437
1226.43,-1.81491879e-03,5.425256e-03,6.015318e-06,-7.0319194911e-11,8.9145e-02,1.0437
1226.93,-2.08214834e-03,5.449503e-03,6.256885e-06,-7.0319416956e-11,9.5707e-02,1.0437
1227.44,-2.23891714e-03,5.478101e-03,6.478477e-06,-7.0320527179e-11,1.0223e-01,1.0437
1227.95,-2.31866139e-03,5.511102e-03,6.672978e-06,-7.0322303536e-11,1.0870e-01,1.0437
1228.45,-2.36526497e-03,5.546659e-03,6.836538e-06,-7.0322525580e-11,1.1514e-01,1.0437
1228.96,-2.39608714e-03,5.579578e-03,6.968713e-06,-7.0391692475e-11,1.0978e-01,1.0375
1229.47,-2.39872027e-03,5.606982e-03,7.072117e-06,-7.0392691676e-11,1.1628e-01,1.0375
1229.97,-2.34860729e-03,5.629312e-03,7.150694e-06,-7.0393912921e-11,1.2274e-01,1.0375
1230.48,-2.23003490e-03,5.645128e-03,7.207314e-06,-7.0394468032e-11,1.2916e-01,1.0375
1230.99,-2.05014291e-03,5.653987e-03,7.242064e-06,-7.0395245189e-11,1.3553e-01,1.0375
1231.49,-1.83918619e-03,5.655343e-03,7.252992e-06,-7.0397021545e-11,1.4185e-01,1.0375
1232.00,-1.63532704e-03,5.648919e-03,7.239355e-06,-7.0397132568e-11,1.4813e-01,1.0375
1232.51,-1.46547493e-03,5.632729e-03,7.203221e-06,-7.0399353014e-11,1.5434e-01,1.0375
1233.01,-1.33530332e-03,5.609803e-03,7.150469e-06,-7.0399797103e-11,3.2470e-02,1.0375
1233.52,-1.22638274e-03,5.579912e-03,7.088220e-06,-7.0400685281e-11,3.4841e-02,1.0375
1234.03,-1.10072053e-03,5.548294e-03,7.025521e-06,-7.0401462438e-11,3.5271e-02,1.0375
1234.54,-9.14920409e-04,5.521088e-03,6.969386e-06,-7.0402461638e-11,3.6743e-02,1.0375
1235.04,-6.40150413e-04,5.509311e-03,6.922164e-06,-7.0403016750e-11,4.3713e-02,1.0375
1235.55,-2.77171257e-04,5.519946e-03,6.882241e-06,-7.0404126973e-11,5.0641e-02,1.0375
1236.06,1.43346750e-04,5.556071e-03,6.849486e-06,-7.0405459240e-11,5.7526e-02,1.0375
1236.56,5.76436716e-04,5.610585e-03,6.824363e-06,-7.0405681285e-11,6.4369e-02,1.0375
1237.07,9.85771047e-04,5.666829e-03,6.805553e-06,-7.0407346620e-11,7.1169e-02,1.0375
1237.58,1.35873339e-03,5.712794e-03,6.788444e-06,-7.0407901731e-11,7.7925e-02,1.0375
1238.08,1.70592526e-03,5.740746e-03,6.769840e-06,-7.0409678088e-11,8.4638e-02,1.0375
1238.59,2.04893637e-03,5.750949e-03,6.753965e-06,-7.0409567066e-11,9.1308e-02,1.0375
1239.10,2.40650928e-03,5.746672e-03,6.753063e-06,-7.0478733960e-11,8.8106e-02,1.0312
1239.60,2.78201742e-03,5.733699e-03,6.781092e-06,-7.0479400094e-11,9.4832e-02,1.0312
1240.11,3.15725857e-03,5.716265e-03,6.845149e-06,-7.0480732361e-11,1.0795e-02,1.0312
1240.62,3.50185196e-03,5.697661e-03,6.942246e-06,-7.0482397696e-11,6.6624e-03,1.0312
1241.12,3.79105719e-03,5.676962e-03,7.063915e-06,-7.0482952808e-11,8.5262e-03,1.0312
1241.63,4.01381909e-03,5.653766e-03,7.202986e-06,-7.0484285075e-11,1.1788e-02,1.0312
1242.14,4.16167159e-03,5.628308e-03,7.357422e-06,-7.0483952008e-11,1.7994e-02,1.0312
1242.64,4.20877100e-03,5.600802e-03,7.529293e-06,-7.0485617343e-11,2.4950e-02,1.0312
1243.15,4.10429211e-03,5.571018e-03,7.722169e-06,-7.0485950410e-11,3.2245e-02,1.0312
1243.66,3.79153359e-03,5.538224e-03,7.938718e-06,-7.0488392900e-11,3.9541e-02,1.0312
1244.16,3.24271591e-03,5.501600e-03,8.178479e-06,-7.0488281878e-11,4.6835e-02,1.0312
1244.67,2.48127689e-03,5.460822e-03,8.435947e-06,-7.0489836190e-11,5.4126e-02,1.0312
1245.18,1.57906473e-03,5.416105e-03,8.700635e-06,-7.0490280280e-11,6.1416e-02,1.0312
1245.68,6.31559457e-04,5.368788e-03,8.959852e-06,-7.0491834592e-11,6.8512e-02,1.0312
1246.19,-2.67717152e-04,5.320934e-03,9.202346e-06,-7.0492278681e-11,7.5498e-02,1.0312
1246.70,-1.03900048e-03,5.275192e-03,9.420393e-06,-7.0491501525e-11,8.2309e-02,1.0312
1247.20,-1.61691212e-03,5.234868e-03,9.609790e-06,-7.0492944815e-11,8.9075e-02,1.0312
1247.71,-1.95088530e-03,5.203101e-03,9.768632e-06,-7.0494166060e-11,9.5795e-02,1.0312
1248.22,-2.01219523e-03,5.182971e-03,9.895819e-06,-7.0495387305e-11,1.0247e-01,1.0312
1248.73,-1.80544807e-03,5.176794e-03,9.990440e-06,-7.0495609350e-11,1.0910e-01,1.0312
1249.23,-1.37555164e-03,5.185337e-03,1.005261e-05,-7.0495942417e-11,1.1569e-01,1.0312
1249.74,-8.03622083e-04,5.207706e-03,1.008412e-05,-7.0498384908e-11,1.2223e-01,1.0312
1250.25,-1.92797493e-04,5.236284e-03,1.008710e-05,-7.0498606952e-11,1.2872e-01,1.0312
1250.75,3.50633719e-04,5.275847e-03,1.006143e-05,-7.0499717175e-11,1.3517e-01,1.0312
1251.26,7.35059731e-04,5.325657e-03,1.000374e-05,-7.0500050242e-11,1.4157e-01,1.0312
1251.77,8.99956926e-04,5.385378e-03,9.909648e-06,-7.0567995891e-11,1.3677e-01,1.0250
1252.27,8.28395600e-04,5.453974e-03,9.777424e-06,-7.0570105315e-11,1.4324e-01,1.0250
1252.78,5.50109401e-04,5.533299e-03,9.609467e-06,-7.0570216337e-11,1.4966e-01,1.0250
1253.29,1.31265452e-04,5.616281e-03,9.410431e-06,-7.0571881672e-11,1.5604e-01,1.0250
1253.79,-3.44483250e-04,5.699838e-03,9.183777e-06,-7.0572769850e-11,1.6236e-01,1.0250
1254.30,-7.94695342e-04,5.781390e-03,8.929403e-06,-7.0573658029e-11,1.6864e-01,1.0250
1254.81,-1.15155733e-03,5.858492e-03,8.643733e-06,-7.0574213140e-11,1.7487e-01,1.0250
1255.31,-1.37187226e-03,5.932664e-03,8.320794e-06,-7.0676242636e-11,6.3429e-02,1.0188
1255.82,-1.44672998e-03,6.001562e-03,7.953837e-06,-7.0718098044e-11,3.7720e-03,1.0250
1256.33,-1.40718378e-03,6.075600e-03,7.539096e-06,-7.0929595530e-11,9.4582e-03,1.0250
1256.83,-1.31703438e-03,6.151046e-03,7.079510e-06,-7.1064265583e-11,1.0064e-02,1.0312
1257.34,-1.24959185e-03,6.226931e-03,6.585551e-06,-7.1071037944e-11,5.5643e-03,1.0312
1257.85,-1.25509184e-03,6.302537e-03,6.073020e-06,-7.1070482832e-11,7.9143e-03,1.0312
1258.35,-1.33547645e-03,6.377443e-03,5.559667e-06,-7.1071482033e-11,1.5133e-02,1.0312
1258.86,-1.44036307e-03,6.450209e-03,5.063329e-06,-7.1071926122e-11,2.2316e-02,1.0312
1259.37,-1.48323834e-03,6.518563e-03,4.603327e-06,-7.1073369412e-11,2.9458e-02,1.0312
1259.87,-1.36644190e-03,6.579097e-03,4.204160e-06,-7.1073813501e-11,3.6557e-02,1.0312
1260.38,-1.00185202e-03,6.627897e-03,3.898451e-06,-7.1074812702e-11,4.3613e-02,1.0312
1260.89,-3.29689373e-04,6.663027e-03,3.723778e-06,-7.1075922925e-11,5.0626e-02,1.0312
1261.39,6.50446882e-04,6.683312e-03,3.708909e-06,-7.1077255193e-11,5.7594e-02,1.0312
1261.90,1.83405462e-03,6.687926e-03,3.855490e-06,-7.1078143371e-11,6.4519e-02,1.0312
1262.41,2.97590015e-03,6.677989e-03,4.133120e-06,-7.1079031549e-11,7.1399e-02,1.0312
1262.92,3.72292304e-03,6.650987e-03,4.493395e-06,-7.1078809505e-11,7.8235e-02,1.0312
1263.42,3.74931360e-03,6.614703e-03,4.887648e-06,-7.1080363817e-11,8.5597e-02,1.0312
1263.93,2.93299297e-03,6.569408e-03,5.275663e-06,-7.1080807906e-11,9.2727e-02,1.0312
1264.44,1.44373009e-03,6.516554e-03,5.628098e-06,-7.1081251996e-11,9.9928e-02,1.0312
1264.94,-3.29047865e-04,6.461059e-03,5.926623e-06,-7.1083583464e-11,1.0698e-01,1.0312
1265.45,-1.95967907e-03,6.405957e-03,6.163979e-06,-7.1084027553e-11,1.1379e-01,1.0312
1265.96,-3.13931992e-03,6.353782e-03,6.343926e-06,-7.1085359821e-11,1.2042e-01,1.0312
1266.46,-3.72907909e-03,6.306912e-03,6.479664e-06,-7.1153416492e-11,1.2700e-01,1.0250
1266.97,-3.74451139e-03,6.262715e-03,6.589544e-06,-7.1155525916e-11,1.3354e-01,1.0250
1267.48,-3.30428098e-03,6.222185e-03,6.690433e-06,-7.1154859782e-11,1.4003e-01,1.0250
1267.98,-2.57894616e-03,6.181127e-03,6.791207e-06,-7.1156858183e-11,1.4647e-01,1.0250
1268.49,-1.74583102e-03,6.136539e-03,6.889747e-06,-7.1157857384e-11,1.5287e-01,1.0250
1269.00,-9.53748158e-04,6.088358e-03,6.975494e-06,-7.1158634540e-11,1.5922e-01,1.0250
1269.50,-2.99945522e-04,6.034905e-03,7.036311e-06,-7.1159744763e-11,1.6552e-01,1.0250
1270.01,1.77783451e-04,5.976804e-03,7.065739e-06,-7.1234684818e-11,2.6826e-02,1.0250
1270.52,4.91122730e-04,5.913143e-03,7.066824e-06,-7.1343930763e-11,2.6884e-02,1.0250
1271.02,6.82935760e-04,5.847146e-03,7.050685e-06,-7.1507355592e-11,2.4948e-02,1.0312
1271.53,8.09144717e-04,5.781712e-03,7.030884e-06,-7.1845862593e-11,3.1250e-02,1.0312
1272.04,9.24165006e-04,5.714729e-03,7.017088e-06,-7.1975869709e-11,2.6816e-02,1.0312
1272.54,1.06826482e-03,5.651711e-03,7.011960e-06,-7.2552297503e-11,3.0070e-02,1.0375
1273.05,1.25877609e-03,5.593202e-03,7.012599e-06,-7.3537842482e-11,3.2607e-02,1.0375
1273.56,1.48875029e-03,5.541530e-03,7.014077e-06,-7.3585360028e-11,3.3854e-02,1.0375
1274.06,1.73527145e-03,5.498702e-03,7.011535e-06,-7.3585582072e-11,3.3881e-02,1.0375
1274.57,1.97440551e-03,5.466081e-03,6.999607e-06,-7.3586359228e-11,3.2924e-02,1.0375
1275.08,2.19156732e-03,5.444132e-03,6.972047e-06,-7.3587136384e-11,3.1262e-02,1.0375
1275.58,2.38641522e-03,5.432020e-03,6.924844e-06,-7.3589134786e-11,2.9137e-02,1.0375
1276.09,2.57041951e-03,5.427589e-03,6.861538e-06,-7.3590578076e-11,3.0456e-02,1.0375
1276.60,2.76241704e-03,5.427907e-03,6.795436e-06,-7.3590133987e-11,3.7664e-02,1.0375
1277.11,2.98424695e-03,5.430078e-03,6.744782e-06,-7.3591466254e-11,4.4869e-02,1.0375
1277.61,3.25781577e-03,5.432038e-03,6.723710e-06,-7.3592132388e-11,5.2073e-02,1.0375
1278.12,3.60158097e-03,5.432823e-03,6.736418e-06,-7.3593131589e-11,5.9119e-02,1.0375
1278.63,4.02373610e-03,5.432417e-03,6.779008e-06,-7.3594352834e-11,6.5991e-02,1.0375
1279.13,4.51677264e-03,5.431320e-03,6.846014e-06,-7.3594130789e-11,7.2782e-02,1.0375
1279.64,5.05669531e-03,5.430219e-03,6.935427e-06,-7.3595241012e-11,7.9529e-02,1.0375
1280.15,5.60238760e-03,5.429874e-03,7.049044e-06,-7.3597128392e-11,8.6233e-02,1.0375
1280.65,6.08706530e-03,5.430968e-03,7.189475e-06,-7.3597572481e-11,9.2892e-02,1.0375
1281.16,6.41341256e-03,5.432825e-03,7.356858e-06,-7.3599126793e-11,9.9508e-02,1.0375
1281.67,6.47834739e-03,5.436947e-03,7.547448e-06,-7.3599015771e-11,1.0608e-01,1.0375
1282.17,6.23938260e-03,5.443301e-03,7.754567e-06,-7.3599792927e-11,1.1261e-01,1.0375
1282.68,5.77015426e-03,5.450267e-03,7.970894e-06,-7.3601125195e-11,1.1909e-01,1.0375
1283.19,5.22990377e-03,5.459002e-03,8.190593e-06,-7.3602013373e-11,1.2553e-01,1.0375
1283.69,4.73549830e-03,5.467087e-03,8.410315e-06,-7.3602901551e-11,1.3193e-01,1.0375
1284.20,4.22625178e-03,5.474210e-03,8.629095e-06,-7.3604233819e-11,1.3828e-01,1.0375
1284.71,3.45579405e-03,5.478405e-03,8.847519e-06,-7.3672845602e-11,1.3552e-01,1.0312
1285.21,2.15661933e-03,5.478852e-03,9.066194e-06,-7.3673622758e-11,1.4192e-01,1.0312
1285.72,2.65645629e-04,5.475356e-03,9.283941e-06,-7.3674399914e-11,1.4827e-01,1.0312
1286.23,-1.96813664e-03,5.468825e-03,9.496762e-06,-7.3675843204e-11,1.5458e-01,1.0312
1286.73,-4.08691913e-03,5.459821e-03,9.698868e-06,-7.3676842405e-11,1.6085e-01,1.0312
1287.24,-5.63547548e-03,5.447947e-03,9.885612e-06,-7.3677730583e-11,2.5766e-02,1.0312
1287.75,-6.31427355e-03,5.435140e-03,1.005612e-05,-7.4019679275e-11,1.3504e-02,1.0312
1288.25,-6.03666640e-03,5.419475e-03,1.021329e-05,-7.4185768639e-11,1.3832e-02,1.0375
1288.76,-4.92826706e-03,5.402253e-03,1.036097e-05,-7.4229400404e-11,1.6677e-02,1.0375
1289.27,-3.28532356e-03,5.382948e-03,1.050049e-05,-7.4230288583e-11,1.8211e-02,1.0375
1289.78,-1.51257434e-03,5.361916e-03,1.062931e-05,-7.4231287783e-11,2.1357e-02,1.0375
1290.28,-2.05879573e-05,5.340187e-03,1.074235e-05,-7.4231953917e-11,2.4591e-02,1.0375
1290.79,8.91810619e-04,5.321513e-03,1.083429e-05,-7.4232953118e-11,2.5885e-02,1.0375
1291.30,1.12559951e-03,5.311010e-03,1.090052e-05,-7.4234840497e-11,2.5155e-02,1.0375
1291.80,7.86794545e-04,5.313688e-03,1.093764e-05,-7.4235173564e-11,2.3059e-02,1.0375
1292.31,1.02421133e-04,5.330891e-03,1.094331e-05,-7.4236394809e-11,2.0215e-02,1.0375
1292.82,-6.90960665e-04,5.360243e-03,1.091618e-05,-7.4237505032e-11,2.7389e-02,1.0375
1293.32,-1.42182604e-03,5.397462e-03,1.085559e-05,-7.4237505032e-11,3.4601e-02,1.0375
1293.83,-2.00078424e-03,5.438465e-03,1.076121e-05,-7.4239170367e-11,4.1809e-02,1.0375
1294.34,-2.39873110e-03,5.480677e-03,1.063263e-05,-7.4239836501e-11,4.9015e-02,1.0375
1294.84,-2.61659132e-03,5.523076e-03,1.046939e-05,-7.4240502634e-11,5.6218e-02,1.0375
1295.35,-2.66446612e-03,5.565275e-03,1.027104e-05,-7.4242278991e-11,6.3421e-02,1.0375
1295.86,-2.55511551e-03,5.606561e-03,1.003748e-05,-7.4242501036e-11,7.0483e-02,1.0375
1296.36,-2.30795456e-03,5.645664e-03,9.769005e-06,-7.4243389214e-11,7.7485e-02,1.0375
1296.87,-1.95683118e-03,5.681005e-03,9.466435e-06,-7.4244610460e-11,8.4227e-02,1.0375
1297.38,-1.55486452e-03,5.710353e-03,9.131322e-06,-7.4244610460e-11,9.0900e-02,1.0375
1297.88,-1.17151591e-03,5.731135e-03,8.766561e-06,-7.4245609660e-11,9.7529e-02,1.0375
1298.39,-8.81577899e-04,5.740132e-03,8.377047e-06,-7.4247052950e-11,1.0411e-01,1.0375
1298.90,-7.48286620e-04,5.737734e-03,7.969440e-06,-7.4247497039e-11,1.1066e-01,1.0375
1299.40,-8.05254168e-04,5.727467e-03,7.550748e-06,-7.4249051352e-11,1.1715e-01,1.0375
1299.91,-1.04327289e-03,5.714285e-03,7.125722e-06,-7.4248385218e-11,1.2361e-01,1.0375
1300.42,-1.40887289e-03,5.703484e-03,6.694887e-06,-7.4250383619e-11,1.3001e-01,1.0375
1300.92,-1.81979113e-03,5.700012e-03,6.255087e-06,-7.4250494642e-11,1.3638e-01,1.0375
1301.43,-2.19644642e-03,5.707324e-03,5.802930e-06,-7.4253159177e-11,1.4270e-01,1.0375
1301.94,-2.49002074e-03,5.726652e-03,5.338212e-06,-7.4321993004e-11,1.3891e-01,1.0312
1302.44,-2.69215304e-03,5.752039e-03,4.865795e-06,-7.4322548116e-11,1.4529e-01,1.0312
1302.95,-2.82174658e-03,5.782262e-03,4.394146e-06,-7.4323214250e-11,1.5162e-01,1.0312
1303.46,-2.89790522e-03,5.817858e-03,3.934910e-06,-7.4325101629e-11,1.5790e-01,1.0312
1303.97,-2.91946738e-03,5.861521e-03,3.504816e-06,-7.4324768562e-11,1.6414e-01,1.0312
1304.47,-2.86819556e-03,5.902002e-03,3.129845e-06,-7.4326433896e-11,1.7033e-01,1.0312
1304.98,-2.72786488e-03,5.943444e-03,2.848821e-06,-7.4394046479e-11,1.1655e-01,1.0250
1305.49,-2.50364319e-03,5.978413e-03,2.709026e-06,-7.4395156702e-11,1.2354e-01,1.0250
1305.99,-2.23273437e-03,6.003204e-03,2.748218e-06,-7.4397377148e-11,1.3018e-01,1.0250
1306.50,-1.97439326e-03,6.010485e-03,2.972969e-06,-7.4396599992e-11,1.3670e-01,1.0250
1307.01,-1.79257293e-03,6.008887e-03,3.357318e-06,-7.4642514392e-11,3.0082e-02,1.0312
1307.51,-1.73993014e-03,5.990180e-03,3.861498e-06,-7.4827366525e-11,2.6217e-02,1.0312
1308.02,-1.84504626e-03,5.964276e-03,4.447292e-06,-7.5242034825e-11,3.0884e-02,1.0375
1308.53,-2.10703284e-03,5.929662e-03,5.083110e-06,-7.6012640626e-11,3.3864e-02,1.0375
1309.03,-2.49001670e-03,5.888672e-03,5.743974e-06,-7.6037842689e-11,3.5141e-02,1.0375
1309.54,-2.92081443e-03,5.843086e-03,6.410606e-06,-7.6146311478e-11,3.4998e-02,1.0437
1310.05,-3.30114196e-03,5.794169e-03,7.068390e-06,-7.6147643746e-11,3.3836e-02,1.0437
1310.55,-3.52913025e-03,5.743150e-03,7.706110e-06,-7.6148531925e-11,3.1950e-02,1.0437
1311.06,-3.52632862e-03,5.691737e-03,8.314509e-06,-7.6148309880e-11,2.9544e-02,1.0437
1311.57,-3.26249870e-03,5.642343e-03,8.885197e-06,-7.6149309081e-11,2.7443e-02,1.0437
1312.07,-2.76903747e-03,5.597978e-03,9.410443e-06,-7.6150974415e-11,3.4385e-02,1.0437
1312.58,-2.13437301e-03,5.561822e-03,9.884142e-06,-7.6151529527e-11,4.1287e-02,1.0437
1313.09,-1.48205478e-03,5.536410e-03,1.030314e-05,-7.6152417705e-11,4.8147e-02,1.0437
1313.59,-9.35475768e-04,5.523537e-03,1.066763e-05,-7.6153083839e-11,5.4966e-02,1.0437
1314.10,-5.76311959e-04,5.523712e-03,1.098015e-05,-7.6154638151e-11,6.1744e-02,1.0437
1314.61,-4.19577506e-04,5.535504e-03,1.124459e-05,-7.6155304285e-11,6.8480e-02,1.0437
1315.11,-4.16066124e-04,5.549430e-03,1.146639e-05,-7.6155637352e-11,7.5173e-02,1.0437
1315.62,-4.80658928e-04,5.557174e-03,1.165233e-05,-7.6157857798e-11,8.1825e-02,1.0437
1316.13,-5.36575089e-04,5.554164e-03,1.180906e-05,-7.6157746776e-11,8.8434e-02,1.0437
1316.63,-5.45216171e-04,5.536821e-03,1.194040e-05,-7.6158856999e-11,9.5001e-02,1.0437
1317.14,-5.10693882e-04,5.507027e-03,1.204640e-05,-7.6159523132e-11,1.0153e-01,1.0437
1317.65,-4.65178611e-04,5.468721e-03,1.212513e-05,-7.6160189266e-11,1.0801e-01,1.0437
1318.16,-4.40877737e-04,5.427946e-03,1.217480e-05,-7.6231021495e-11,1.0168e-01,1.0375
1318.66,-4.46696403e-04,5.392609e-03,1.219385e-05,-7.6232131718e-11,1.0823e-01,1.0375
1319.17,-4.66859400e-04,5.367854e-03,1.217985e-05,-7.6233797053e-11,1.1475e-01,1.0375
1319.68,-4.71656393e-04,5.356383e-03,1.212966e-05,-7.6232908874e-11,1.2122e-01,1.0375
1320.18,-4.30942868e-04,5.360675e-03,1.204147e-05,-7.6234907276e-11,1.2764e-01,1.0375
1320.69,-3.28726313e-04,5.378531e-03,1.191623e-05,-7.6235684432e-11,1.3402e-01,1.0375
1321.20,-1.67633376e-04,5.405441e-03,1.175735e-05,-7.6236017499e-11,1.4036e-01,1.0375
1321.70,3.43305976e-05,5.436052e-03,1.156921e-05,-7.6237016700e-11,1.4665e-01,1.0375
1322.21,2.48229534e-04,5.465535e-03,1.135573e-05,-7.6237571811e-11,1.5290e-01,1.0375
1322.72,4.41672942e-04,5.490365e-03,1.111970e-05,-7.6306849728e-11,1.5316e-01,1.0312
1323.22,5.91359582e-04,5.507821e-03,1.086218e-05,-7.6307626884e-11,3.0254e-02,1.0312
1323.73,6.90341946e-04,5.521009e-03,1.058296e-05,-7.6307515862e-11,3.7348e-02,1.0312
1324.24,7.46416055e-04,5.529845e-03,1.028201e-05,-7.6307737906e-11,4.4398e-02,1.0312
1324.74,7.77302155e-04,5.536393e-03,9.961169e-06,-7.6310402441e-11,5.1406e-02,1.0312
1325.25,8.04871637e-04,5.541736e-03,9.624764e-06,-7.6311512665e-11,5.8369e-02,1.0312
1325.76,8.44515047e-04,5.551171e-03,9.278151e-06,-7.6312067776e-11,6.5289e-02,1.0312
1326.26,9.01649743e-04,5.568140e-03,8.926367e-06,-7.6312622888e-11,2.0165e-02,1.0312
1326.77,9.76817117e-04,5.594313e-03,8.574263e-06,-7.6371575730e-11,2.0963e-02,1.0312
1327.28,1.06821500e-03,5.626396e-03,8.226256e-06,-7.6552097994e-11,2.7214e-02,1.0375
1327.78,1.17235201e-03,5.657289e-03,7.885789e-06,-7.6886275124e-11,2.2093e-02,1.0375
1328.29,1.28821476e-03,5.683249e-03,7.554561e-06,-7.6896933265e-11,2.3306e-02,1.0437
1328.80,1.41841906e-03,5.702375e-03,7.232947e-06,-7.6898043488e-11,2.3036e-02,1.0437
1329.30,1.56451668e-03,5.716990e-03,6.921307e-06,-7.6898598600e-11,2.1137e-02,1.0437
1329.81,1.72411303e-03,5.731879e-03,6.620987e-06,-7.6899708823e-11,2.0141e-02,1.0437
1330.32,1.89419541e-03,5.752197e-03,6.334097e-06,-7.6899708823e-11,2.7124e-02,1.0437
1330.82,2.07339808e-03,5.781382e-03,6.062407e-06,-7.6902040291e-11,3.4068e-02,1.0437
1331.33,2.26019495e-03,5.820265e-03,5.807023e-06,-7.6902595403e-11,4.0971e-02,1.0437
1331.84,2.45473645e-03,5.867515e-03,5.569937e-06,-7.6903039492e-11,4.7833e-02,1.0437
1332.35,2.66072070e-03,5.920606e-03,5.356676e-06,-7.6904371760e-11,5.4654e-02,1.0437
1332.85,2.88247424e-03,5.976361e-03,5.177393e-06,-7.6904704827e-11,6.1434e-02,1.0437
1333.36,3.12082915e-03,6.030745e-03,5.044154e-06,-7.6906037094e-11,6.8171e-02,1.0437
1333.87,3.37198931e-03,6.079983e-03,4.964900e-06,-7.6907147317e-11,7.4867e-02,1.0437
1334.37,3.62672982e-03,6.122167e-03,4.939071e-06,-7.6906592206e-11,8.1520e-02,1.0437
1334.88,3.87004356e-03,6.157283e-03,4.958464e-06,-7.6908812652e-11,8.8132e-02,1.0437
1335.39,4.08346074e-03,6.186310e-03,5.012851e-06,-7.6909367763e-11,9.4701e-02,1.0437
1335.89,4.24870459e-03,6.209693e-03,5.094852e-06,-7.6909811852e-11,1.0123e-01,1.0437
1336.40,4.34976155e-03,6.225413e-03,5.200667e-06,-7.6979755903e-11,9.4868e-02,1.0375
1336.91,4.36914801e-03,6.229963e-03,5.327547e-06,-7.6981310215e-11,1.0147e-01,1.0375
1337.41,4.28424396e-03,6.217721e-03,5.471121e-06,-7.6982198394e-11,1.0803e-01,1.0375
1337.92,4.07966089e-03,6.185635e-03,5.624485e-06,-7.6982642483e-11,1.1455e-01,1.0375
1338.43,3.76960302e-03,6.133921e-03,5.779313e-06,-7.6984307817e-11,1.2102e-01,1.0375
1338.93,3.40518190e-03,6.066286e-03,5.927822e-06,-7.6984418840e-11,1.2744e-01,1.0375
1339.44,3.05834044e-03,5.990474e-03,6.064109e-06,-7.6985973152e-11,1.3382e-01,1.0375
1339.95,2.78389784e-03,5.909008e-03,6.184784e-06,-7.6985640085e-11,1.4016e-01,1.0375
1340.45,2.57149840e-03,5.837024e-03,6.288096e-06,-7.6987860531e-11,1.4646e-01,1.0375
1340.96,2.33048202e-03,5.789591e-03,6.373014e-06,-7.6988748710e-11,1.5270e-01,1.0375
1341.47,1.93923896e-03,5.771360e-03,6.440008e-06,-7.7058803782e-11,1.5359e-01,1.0312
1341.97,1.32665318e-03,5.782300e-03,6.489563e-06,-7.7058803782e-11,1.5986e-01,1.0312
1342.48,5.24629542e-04,5.822743e-03,6.522631e-06,-7.7060358095e-11,1.6609e-01,1.0312
1342.99,-3.36664825e-04,5.885476e-03,6.538889e-06,-7.7061579340e-11,1.7227e-01,1.0312
1343.49,-1.08091406e-03,5.958593e-03,6.538612e-06,-7.7127304543e-11,1.4420e-01,1.0250
1344.00,-1.55803216e-03,6.033028e-03,6.524738e-06,-7.7129080900e-11,1.5062e-01,1.0250
1344.51,-1.70267108e-03,6.102375e-03,6.501778e-06,-7.7129636011e-11,1.5698e-01,1.0250
1345.01,-1.55835205e-03,6.164166e-03,6.473096e-06,-7.7131190324e-11,1.6330e-01,1.0250
1345.52,-1.26078221e-03,6.216938e-03,6.439616e-06,-7.7131967480e-11,1.6957e-01,1.0250
1346.03,-9.84575010e-04,6.259065e-03,6.399509e-06,-7.7170492219e-11,3.0395e-02,1.0250
1346.54,-8.70051108e-04,6.291919e-03,6.349850e-06,-7.7374329166e-11,3.0878e-02,1.0312
1347.04,-9.62590546e-04,6.315987e-03,6.289348e-06,-7.7649664476e-11,3.3453e-02,1.0312
1347.55,-1.19482048e-03,6.332625e-03,6.219528e-06,-7.7950979005e-11,3.3953e-02,1.0375
1348.06,-1.42218172e-03,6.345692e-03,6.144910e-06,-7.8070216958e-11,3.3136e-02,1.0375
1348.56,-1.49450485e-03,6.358817e-03,6.071923e-06,-7.8328343811e-11,3.4742e-02,1.0375
1349.07,-1.32270821e-03,6.372146e-03,6.007499e-06,-7.8364426059e-11,3.5183e-02,1.0375
1349.58,-9.13809746e-04,6.384827e-03,5.957965e-06,-7.8375084200e-11,3.3105e-02,1.0375
1350.08,-3.67287746e-04,6.395373e-03,5.928334e-06,-7.8375972379e-11,2.9581e-02,1.0375
1350.59,1.60509753e-04,6.402586e-03,5.922356e-06,-7.8376749535e-11,2.6521e-02,1.0375
1351.10,5.15178021e-04,6.404163e-03,5.943336e-06,-7.8378081803e-11,2.2783e-02,1.0375
1351.60,6.04803644e-04,6.398369e-03,5.995056e-06,-7.8378636914e-11,2.9988e-02,1.0375
1352.11,4.32505572e-04,6.383919e-03,6.081887e-06,-7.8380080204e-11,3.7197e-02,1.0375
1352.62,8.27351950e-05,6.359997e-03,6.207802e-06,-7.8380635316e-11,4.4404e-02,1.0375
1353.12,-3.28897421e-04,6.326062e-03,6.374879e-06,-7.8381301449e-11,5.1608e-02,1.0375
1353.63,-7.12618359e-04,6.282728e-03,6.582239e-06,-7.8383299851e-11,5.8811e-02,1.0375
1354.14,-1.03639309e-03,6.231187e-03,6.825973e-06,-7.8383521895e-11,6.5882e-02,1.0375
1354.64,-1.31863864e-03,6.172991e-03,7.099816e-06,-7.8384521096e-11,7.2926e-02,1.0375
1355.15,-1.59433702e-03,6.110157e-03,7.395935e-06,-7.8385964386e-11,7.9674e-02,1.0375
1355.66,-1.87787430e-03,6.044330e-03,7.705502e-06,-7.8386186431e-11,8.6377e-02,1.0375
1356.16,-2.14492611e-03,5.977071e-03,8.019190e-06,-7.8387074609e-11,9.3036e-02,1.0375
1356.67,-2.34072822e-03,5.910178e-03,8.327739e-06,-7.8388073810e-11,9.9650e-02,1.0375
1357.18,-2.40660081e-03,5.844922e-03,8.622448e-06,-7.8388073810e-11,1.0622e-01,1.0375
1357.68,-2.30869320e-03,5.781097e-03,8.895468e-06,-7.8390405278e-11,1.1275e-01,1.0375
1358.19,-2.05452759e-03,5.718819e-03,9.140539e-06,-7.8391182434e-11,1.1923e-01,1.0375
1358.70,-1.69172396e-03,5.658025e-03,9.353455e-06,-7.8392070613e-11,1.2567e-01,1.0375
1359.20,-1.29182597e-03,5.597681e-03,9.531964e-06,-7.8392625724e-11,1.3206e-01,1.0375
1359.71,-9.27975859e-04,5.536934e-03,9.675335e-06,-7.8392514702e-11,1.3841e-01,1.0375
1360.22,-6.54217398e-04,5.475016e-03,9.784066e-06,-7.8393957992e-11,1.4472e-01,1.0375
1360.73,-4.93747395e-04,5.411582e-03,9.860361e-06,-7.8463679998e-11,1.4463e-01,1.0312
1361.23,-4.33502455e-04,5.347731e-03,9.907511e-06,-7.8463679998e-11,1.2383e-02,1.0312
1361.74,-4.30669186e-04,5.287173e-03,9.928675e-06,-7.8495432376e-11,1.7840e-02,1.0312
1362.25,-4.30827281e-04,5.233978e-03,9.925414e-06,-7.8730577613e-11,2.2971e-02,1.0375
1362.75,-3.94138473e-04,5.192603e-03,9.897411e-06,-7.8824724525e-11,2.5912e-02,1.0375
1363.26,-3.14441396e-04,5.167975e-03,9.843529e-06,-7.9201201153e-11,2.6773e-02,1.0375
1363.77,-2.17215369e-04,5.164625e-03,9.762467e-06,-7.9208195558e-11,3.0592e-02,1.0437
1364.27,-1.38921797e-04,5.183590e-03,9.652303e-06,-7.9207307380e-11,2.7970e-02,1.0437
1364.78,-9.83842231e-05,5.223543e-03,9.510171e-06,-7.9208639647e-11,2.9301e-02,1.0437
1365.29,-8.19066082e-05,5.280708e-03,9.332876e-06,-7.9209194759e-11,2.9628e-02,1.0437
1365.79,-5.02081707e-05,5.350396e-03,9.118262e-06,-7.9211082138e-11,2.8856e-02,1.0437
1366.30,4.04296992e-05,5.427848e-03,8.866067e-06,-7.9211859294e-11,3.4712e-02,1.0437
1366.81,2.14873122e-04,5.508947e-03,8.577708e-06,-7.9211859294e-11,4.1611e-02,1.0437
1367.31,4.69103261e-04,5.590548e-03,8.255674e-06,-7.9213302584e-11,4.8470e-02,1.0437
1367.82,7.76418871e-04,5.670429e-03,7.903421e-06,-7.9213746673e-11,5.5287e-02,1.0437
1368.33,1.10194721e-03,5.747036e-03,7.525715e-06,-7.9214856896e-11,6.2062e-02,1.0437
1368.83,1.41584684e-03,5.819229e-03,7.128720e-06,-7.9216411208e-11,6.8796e-02,1.0437
1369.34,1.70219099e-03,5.886068e-03,6.719686e-06,-7.9216744275e-11,7.5488e-02,1.0437
1369.85,1.95869601e-03,5.946872e-03,6.307056e-06,-7.9216411208e-11,8.2138e-02,1.0437
1370.35,2.19388722e-03,6.001114e-03,5.901509e-06,-7.9218076543e-11,8.8745e-02,1.0437
1370.86,2.42171788e-03,6.048495e-03,5.516914e-06,-7.9218964721e-11,9.5310e-02,1.0437
1371.37,2.64579531e-03,6.088626e-03,5.169595e-06,-7.9219186766e-11,1.0183e-01,1.0437
1371.87,2.84532912e-03,6.121566e-03,4.875568e-06,-7.9290018995e-11,8.8612e-02,1.0375
1372.38,2.97442976e-03,6.147639e-03,4.647736e-06,-7.9292017396e-11,9.5562e-02,1.0375
1372.89,2.98501252e-03,6.167095e-03,4.494703e-06,-7.9292461486e-11,1.0231e-01,1.0375
1373.40,2.86477183e-03,6.180215e-03,4.420522e-06,-7.9294126820e-11,1.0886e-01,1.0375
1373.90,2.65489461e-03,6.186843e-03,4.424147e-06,-7.9295126021e-11,1.1537e-01,1.0375
1374.41,2.41967560e-03,6.187124e-03,4.499272e-06,-7.9295014999e-11,1.2184e-01,1.0375
1374.92,2.18320847e-03,6.181146e-03,4.635720e-06,-7.9296791355e-11,1.2826e-01,1.0375
1375.42,1.88507222e-03,6.169013e-03,4.821562e-06,-7.9297346467e-11,1.3463e-01,1.0375
1375.93,1.40206746e-03,6.151172e-03,5.044297e-06,-7.9299011801e-11,1.4097e-01,1.0375
1376.44,6.34012460e-04,6.128189e-03,5.290775e-06,-7.9299899980e-11,1.4725e-01,1.0375
1376.94,-4.04343982e-04,6.100481e-03,5.548085e-06,-7.9300566114e-11,1.5350e-01,1.0375
1377.45,-1.55796589e-03,6.068449e-03,5.804419e-06,-7.9370177097e-11,7.3189e-02,1.0312
1377.96,-2.59130715e-03,6.032574e-03,6.050530e-06,-7.9370177097e-11,8.0426e-02,1.0312
1378.46,-3.28621567e-03,5.993201e-03,6.280119e-06,-7.9371176298e-11,8.7649e-02,1.0312
1378.97,-3.52048316e-03,5.950151e-03,6.489700e-06,-7.9371953454e-11,9.4610e-02,1.0312
1379.48,-3.29853237e-03,5.902955e-03,6.678950e-06,-7.9373840833e-11,1.0166e-01,1.0312
1379.98,-2.73610407e-03,5.850912e-03,6.849170e-06,-7.9374506967e-11,1.0845e-01,1.0312
1380.49,-2.01616171e-03,5.793420e-03,7.002136e-06,-7.9374951056e-11,1.1504e-01,1.0312
1381.00,-1.33002222e-03,5.730738e-03,7.138442e-06,-7.9375395146e-11,1.2159e-01,1.0312
1381.50,-8.24183092e-04,5.665462e-03,7.257413e-06,-7.9376727413e-11,1.2809e-01,1.0312
1382.01,-5.67029533e-04,5.603736e-03,7.357559e-06,-7.9377282525e-11,1.3454e-01,1.0312
1382.52,-5.47780374e-04,5.554298e-03,7.435173e-06,-7.9378614792e-11,1.4095e-01,1.0312
1383.02,-7.01504313e-04,5.524936e-03,7.484197e-06,-7.9379280926e-11,1.4731e-01,1.0312
1383.53,-9.46228647e-04,5.519093e-03,7.499954e-06,-7.9380946261e-11,1.5363e-01,1.0312
1384.04,-1.21513355e-03,5.533449e-03,7.479581e-06,-7.9381279328e-11,1.5990e-01,1.0312
1384.54,-1.47192259e-03,5.556140e-03,7.422783e-06,-7.9451445423e-11,4.2608e-02,1.0250
1385.05,-1.70572661e-03,5.575605e-03,7.331199e-06,-7.9459328006e-11,4.3412e-02,1.0250
1385.56,-1.91236103e-03,5.586154e-03,7.208554e-06,-7.9468209790e-11,4.3454e-02,1.0250
1386.06,-2.07859451e-03,5.588895e-03,7.061214e-06,-7.9472650683e-11,4.8472e-02,1.0250
1386.57,-2.18352250e-03,5.588423e-03,6.898297e-06,-7.9476647485e-11,4.7041e-02,1.0250
1387.08,-2.21394685e-03,5.591156e-03,6.731089e-06,-7.9478867931e-11,4.6423e-02,1.0250
1387.59,-2.17484881e-03,5.604483e-03,6.571389e-06,-7.9481088378e-11,5.3451e-02,1.0250
1388.09,-2.08144647e-03,5.631119e-03,6.430242e-06,-7.9483863935e-11,4.8469e-02,1.0250
1388.60,-1.94361026e-03,5.668801e-03,6.317657e-06,-7.9487971760e-11,4.2423e-02,1.0250
1389.11,-1.76310314e-03,5.710593e-03,6.243509e-06,-7.9489748117e-11,4.6233e-02,1.0250
1389.61,-1.55188980e-03,5.749552e-03,6.217308e-06,-7.9490747318e-11,5.2119e-02,1.0250
1390.12,-1.35546708e-03,5.780931e-03,6.247173e-06,-7.9492967764e-11,5.8617e-02,1.0250
1390.63,-1.25339762e-03,5.802114e-03,6.337018e-06,-7.9494522076e-11,6.4702e-02,1.0250
1391.13,-1.32741404e-03,5.812666e-03,6.485794e-06,-7.9494744121e-11,7.1798e-02,1.0250
1391.64,-1.61824130e-03,5.814027e-03,6.688379e-06,-7.9496409455e-11,7.8891e-02,1.0250
1392.15,-2.09942007e-03,5.809030e-03,6.936293e-06,-7.9496520478e-11,8.6446e-02,1.0250
1392.65,-2.68308143e-03,5.801457e-03,7.217506e-06,-7.9498407857e-11,9.3846e-02,1.0250
1393.16,-3.25393735e-03,5.794074e-03,7.517263e-06,-7.9499629102e-11,1.0100e-01,1.0250
1393.67,-3.70967209e-03,5.787959e-03,7.820679e-06,-7.9499962169e-11,1.0809e-01,1.0250
1394.17,-3.99010764e-03,5.783060e-03,8.115441e-06,-7.9500850347e-11,1.1515e-01,1.0250
1394.68,-4.08989949e-03,5.778723e-03,8.393214e-06,-7.9501294437e-11,1.2192e-01,1.0250
1395.19,-4.05212426e-03,5.774428e-03,8.649714e-06,-7.9502737727e-11,1.2849e-01,1.0250
1395.69,-3.94172295e-03,5.770249e-03,8.884386e-06,-7.9503070793e-11,1.3502e-01,1.0250
1396.20,-3.81398573e-03,5.763815e-03,9.099900e-06,-7.9503625905e-11,1.4150e-01,1.0250
1396.71,-3.68865070e-03,5.747986e-03,9.300865e-06,-7.9505069195e-11,1.4793e-01,1.0250
1397.21,-3.54336911e-03,5.734073e-03,9.492343e-06,-7.9506401462e-11,1.5432e-01,1.0250
1397.72,-3.33208490e-03,5.718639e-03,9.678312e-06,-7.9507289641e-11,1.6066e-01,1.0250
1398.23,-3.01397592e-03,5.704352e-03,9.861248e-06,-7.9508621909e-11,1.6695e-01,1.0250
1398.73,-2.57852365e-03,5.695918e-03,1.004213e-05,-7.9509399065e-11,1.7320e-01,1.0250
1399.24,-2.05637001e-03,5.690372e-03,1.022059e-05,-7.9650175344e-11,4.0143e-02,1.0188
1399.75,-1.50879737e-03,5.686943e-03,1.039541e-05,-7.9674933318e-11,4.2359e-02,1.0188
1400.25,-1.00494186e-03,5.688949e-03,1.056480e-05,-7.9689033150e-11,4.8397e-02,1.0188
1400.76,-5.97845116e-04,5.690384e-03,1.072667e-05,-7.9698248001e-11,5.3834e-02,1.0188
1401.27,-3.05451179e-04,5.696945e-03,1.087834e-05,-7.9702910938e-11,5.9784e-02,1.0188
1401.78,-1.07480931e-04,5.703937e-03,1.101603e-05,-7.9706352629e-11,6.6689e-02,1.0188
1402.28,4.13734207e-05,5.710813e-03,1.113461e-05,-7.9710904544e-11,2.6104e-02,1.0188
1402.79,1.92892456e-04,5.713010e-03,1.122809e-05,-7.9778073037e-11,2.3186e-02,1.0312
1403.30,3.88852138e-04,5.714224e-03,1.129036e-05,-7.9779627349e-11,2.6502e-02,1.0312
1403.80,6.48697031e-04,5.718664e-03,1.131618e-05,-7.9969031397e-11,3.5282e-02,1.0312
1404.31,9.70970615e-04,5.717568e-03,1.130209e-05,-8.0185302842e-11,3.1229e-02,1.0375
1404.82,1.33955226e-03,5.716265e-03,1.124683e-05,-8.0401463265e-11,3.5416e-02,1.0375
1405.32,1.73422797e-03,5.712948e-03,1.115136e-05,-8.0793705060e-11,3.8185e-02,1.0375
1405.83,2.13781055e-03,5.708906e-03,1.101911e-05,-8.0834783311e-11,3.9134e-02,1.0375
1406.34,2.54034099e-03,5.704111e-03,1.085636e-05,-8.0836892735e-11,3.6494e-02,1.0437
1406.84,2.93783169e-03,5.699247e-03,1.067104e-05,-8.0837891936e-11,3.2858e-02,1.0437
1407.35,3.32959961e-03,5.695358e-03,1.046939e-05,-8.0838669092e-11,2.9747e-02,1.0437
1407.86,3.71407840e-03,5.692830e-03,1.025220e-05,-8.0839446248e-11,2.6021e-02,1.0437
1408.36,4.08620734e-03,5.693209e-03,1.001485e-05,-8.0840445449e-11,3.0491e-02,1.0437
1408.87,4.43687711e-03,5.698583e-03,9.751301e-06,-8.0841222605e-11,3.7415e-02,1.0437
1409.38,4.75207062e-03,5.710576e-03,9.458420e-06,-8.0841666694e-11,4.4299e-02,1.0437
1409.88,5.01236228e-03,5.730181e-03,9.136852e-06,-8.0843554073e-11,5.1141e-02,1.0437
1410.39,5.19212490e-03,5.757586e-03,8.788398e-06,-8.0842776917e-11,5.7942e-02,1.0437
1410.90,5.26030263e-03,5.792522e-03,8.413047e-06,-8.0845330430e-11,6.4701e-02,1.0437
1411.40,5.18564652e-03,5.834266e-03,8.008458e-06,-8.0846329631e-11,7.1418e-02,1.0437
1411.91,4.94555069e-03,5.879961e-03,7.571158e-06,-8.0847328832e-11,7.8094e-02,1.0437
1412.42,4.53437903e-03,5.929846e-03,7.097843e-06,-8.0847661899e-11,8.4727e-02,1.0437
1412.92,3.96859267e-03,5.980348e-03,6.585892e-06,-8.0848994166e-11,9.1317e-02,1.0437
1413.43,3.28706915e-03,6.030111e-03,6.034139e-06,-8.0849993367e-11,9.7866e-02,1.0437
1413.94,2.54466674e-03,6.077292e-03,5.444570e-06,-8.0919049239e-11,9.5006e-02,1.0375
1414.44,1.80152516e-03,6.120836e-03,4.823872e-06,-8.0920159462e-11,1.0182e-01,1.0375
1414.95,1.11185325e-03,6.158650e-03,4.183133e-06,-8.0921380707e-11,1.0837e-01,1.0375
1415.46,5.18183741e-04,6.189481e-03,3.536467e-06,-8.0922379908e-11,1.1489e-01,1.0375
1415.97,5.10882895e-05,6.213187e-03,2.902179e-06,-8.0922268886e-11,1.2136e-01,1.0375
1416.47,-2.69762667e-04,6.228658e-03,2.310863e-06,-8.0924045243e-11,1.2778e-01,1.0375
1416.98,-4.37184626e-04,6.235754e-03,1.824967e-06,-8.0925932622e-11,1.3416e-01,1.0375
1417.49,-4.59856558e-04,6.234214e-03,1.560561e-06,-8.0925599555e-11,1.4049e-01,1.0375
1417.99,-3.62280450e-04,6.225461e-03,1.630498e-06,-8.0925488533e-11,1.4679e-01,1.0375
1418.50,-1.79097294e-04,6.210565e-03,1.996073e-06,-8.0927597956e-11,1.9504e-02,1.0375
1419.01,5.38194165e-05,6.189468e-03,2.529198e-06,-8.0928708179e-11,1.9873e-02,1.0375
1419.51,3.06633499e-04,6.162290e-03,3.143682e-06,-8.0929485335e-11,1.9297e-02,1.0375
1420.02,5.58582470e-04,6.129270e-03,3.795760e-06,-8.0931594759e-11,1.9205e-02,1.0375
1420.53,7.97411292e-04,6.091737e-03,4.460569e-06,-8.0931594759e-11,1.8822e-02,1.0375
1421.03,1.01736816e-03,6.052148e-03,5.122354e-06,-8.0931816804e-11,1.7108e-02,1.0375
1421.54,1.21740078e-03,6.015658e-03,5.770053e-06,-8.0934370317e-11,1.4447e-02,1.0375
1422.05,1.39975973e-03,5.987224e-03,6.395488e-06,-8.0934370317e-11,2.1483e-02,1.0375
1422.55,1.56872105e-03,5.970271e-03,6.993241e-06,-8.0935036451e-11,2.8684e-02,1.0375
1423.06,1.72927190e-03,5.966357e-03,7.559882e-06,-8.0936368718e-11,3.5894e-02,1.0375
1423.57,1.88535613e-03,5.973897e-03,8.093167e-06,-8.0937589964e-11,4.3101e-02,1.0375
1424.07,2.03958863e-03,5.985703e-03,8.592995e-06,-8.0937589964e-11,5.0305e-02,1.0375
1424.58,2.19269718e-03,5.993321e-03,9.060417e-06,-8.0938034053e-11,5.7508e-02,1.0375
1425.09,2.34453636e-03,5.993278e-03,9.496581e-06,-8.0938589164e-11,6.4711e-02,1.0375
1425.59,2.49410089e-03,5.986824e-03,9.901971e-06,-8.0941253700e-11,7.1654e-02,1.0375
1426.10,2.63908054e-03,5.976479e-03,1.027615e-05,-8.0941919833e-11,7.8432e-02,1.0375
1426.61,2.77551127e-03,5.964796e-03,1.061818e-05,-8.0942919034e-11,8.5143e-02,1.0375
1427.11,2.90011326e-03,5.952501e-03,1.092708e-05,-8.0943474146e-11,9.1810e-02,1.0375
1427.62,3.00812688e-03,5.938194e-03,1.120159e-05,-8.0943807212e-11,9.8433e-02,1.0375
1428.13,3.08669525e-03,5.919708e-03,1.143989e-05,-8.0944917435e-11,1.0501e-01,1.0375
1428.63,3.10725883e-03,5.895050e-03,1.163975e-05,-8.0946027659e-11,1.1155e-01,1.0375
1429.14,3.03564507e-03,5.862913e-03,1.179924e-05,-8.0947915038e-11,1.1804e-01,1.0375
1429.65,2.86388387e-03,5.821700e-03,1.191716e-05,-8.0947804015e-11,1.2448e-01,1.0375
1430.16,2.64079481e-03,5.774092e-03,1.199295e-05,-8.0948470149e-11,1.3089e-01,1.0375
1430.66,2.45745473e-03,5.725363e-03,1.202660e-05,-8.0950468551e-11,1.3725e-01,1.0375
1431.17,2.37280143e-03,5.678867e-03,1.201866e-05,-8.0950468551e-11,1.4356e-01,1.0375
1431.68,2.32477522e-03,5.640229e-03,1.197015e-05,-8.1018192155e-11,1.4510e-01,1.0312
1432.18,2.10862727e-03,5.616104e-03,1.188249e-05,-8.1019524423e-11,1.5143e-01,1.0312
1432.69,1.47510323e-03,5.611384e-03,1.175744e-05,-8.1019413400e-11,1.5772e-01,1.0312
1433.20,3.02998640e-04,5.624487e-03,1.159744e-05,-8.1020634646e-11,1.6396e-01,1.0312
1433.70,-1.28355998e-03,5.655940e-03,1.140588e-05,-8.1022855092e-11,1.7015e-01,1.0312
1434.21,-2.94526684e-03,5.701649e-03,1.118703e-05,-8.1091688919e-11,1.1953e-01,1.0250
1434.72,-4.27320936e-03,5.748876e-03,1.094575e-05,-8.1092355053e-11,1.2647e-01,1.0250
1435.22,-4.94484987e-03,5.800208e-03,1.068684e-05,-8.1092799142e-11,1.3301e-01,1.0250
1435.73,-4.81161172e-03,5.847570e-03,1.041479e-05,-8.1094020388e-11,1.3951e-01,1.0250
1436.24,-3.93918058e-03,5.886920e-03,1.013394e-05,-8.1094020388e-11,1.4596e-01,1.0250
1436.74,-2.59768171e-03,5.914639e-03,9.848591e-06,-8.1095574700e-11,1.5236e-01,1.0250
1437.25,-1.18940497e-03,5.925082e-03,9.563000e-06,-8.1286088971e-11,2.5446e-02,1.0312
1437.76,-1.28843442e-04,5.929240e-03,9.281314e-06,-8.1443740640e-11,3.4842e-02,1.0312
1438.26,2.94569871e-04,5.921025e-03,9.007547e-06,-8.2048368100e-11,3.0386e-02,1.0375
1438.77,3.75903721e-05,5.910772e-03,8.745425e-06,-8.2125639622e-11,3.2009e-02,1.0375
1439.28,-6.97826505e-04,5.896303e-03,8.497948e-06,-8.2207796126e-11,3.3718e-02,1.0375
1439.78,-1.58557827e-03,5.879042e-03,8.266781e-06,-8.2374773669e-11,3.3903e-02,1.0437
1440.29,-2.32194978e-03,5.860154e-03,8.051795e-06,-8.2375439803e-11,3.2952e-02,1.0437
1440.80,-2.71653308e-03,5.840596e-03,7.850894e-06,-8.2375550825e-11,3.1218e-02,1.0437
1441.30,-2.72084308e-03,5.821096e-03,7.660069e-06,-8.2376994115e-11,2.8925e-02,1.0437
1441.81,-2.41283289e-03,5.802059e-03,7.473617e-06,-8.2378992516e-11,2.8274e-02,1.0437
1442.32,-1.94699102e-03,5.783476e-03,7.284875e-06,-8.2379214561e-11,3.5212e-02,1.0437
1442.82,-1.49692793e-03,5.764949e-03,7.087696e-06,-8.2379436606e-11,4.2109e-02,1.0437
1443.33,-1.20851848e-03,5.745737e-03,6.878394e-06,-8.2380657851e-11,4.8964e-02,1.0437
1443.84,-1.16434409e-03,5.725224e-03,6.657336e-06,-8.2381435007e-11,5.5779e-02,1.0437
1444.35,-1.36942858e-03,5.702989e-03,6.429519e-06,-8.2381879096e-11,6.2551e-02,1.0437
1444.85,-1.76279926e-03,5.679210e-03,6.204067e-06,-8.2383988520e-11,6.9282e-02,1.0437
1445.36,-2.24581525e-03,5.654751e-03,5.992883e-06,-8.2384876698e-11,7.5971e-02,1.0437
1445.87,-2.71149867e-03,5.631010e-03,5.808807e-06,-8.2384987721e-11,8.2617e-02,1.0437
1446.37,-3.06670866e-03,5.609536e-03,5.663495e-06,-8.2385875899e-11,8.9221e-02,1.0437
1446.88,-3.24758879e-03,5.591740e-03,5.565482e-06,-8.2387763278e-11,9.5783e-02,1.0437
1447.39,-3.22929850e-03,5.577311e-03,5.518932e-06,-8.2387763278e-11,1.0230e-01,1.0437
1447.89,-3.02976451e-03,5.568182e-03,5.523203e-06,-8.2388651457e-11,1.0878e-01,1.0437
1448.40,-2.70798859e-03,5.564816e-03,5.573181e-06,-8.2457929373e-11,1.0051e-01,1.0375
1448.91,-2.35399533e-03,5.567584e-03,5.660253e-06,-8.2459594708e-11,1.0708e-01,1.0375
1449.41,-2.06579526e-03,5.576675e-03,5.773674e-06,-8.2460593909e-11,1.1360e-01,1.0375
1449.92,-1.91639739e-03,5.591902e-03,5.901815e-06,-8.2461815154e-11,1.2008e-01,1.0375
1450.43,-1.92441337e-03,5.613923e-03,6.033150e-06,-8.2461926176e-11,1.2651e-01,1.0375
1450.93,-2.04592132e-03,5.640231e-03,6.156588e-06,-8.2463258444e-11,1.3290e-01,1.0375
1451.44,-2.19601078e-03,5.669304e-03,6.261960e-06,-8.2464035600e-11,1.3924e-01,1.0375
1451.95,-2.28706778e-03,5.698029e-03,6.341286e-06,-8.2464146622e-11,1.4554e-01,1.0375
1452.45,-2.26583079e-03,5.727983e-03,6.389755e-06,-8.2466034002e-11,3.3469e-02,1.0375
1452.96,-2.12799059e-03,5.755245e-03,6.405481e-06,-8.2466700135e-11,2.6573e-02,1.0375
1453.47,-1.90885338e-03,5.780718e-03,6.388775e-06,-8.2479800767e-11,2.4522e-02,1.0375
1453.97,-1.65987124e-03,5.805399e-03,6.342952e-06,-8.2770346133e-11,2.8519e-02,1.0375
1454.48,-1.42254894e-03,5.827970e-03,6.276392e-06,-8.2810425184e-11,3.1870e-02,1.0375
1454.99,-1.21811015e-03,5.848327e-03,6.201869e-06,-8.2817530611e-11,3.3648e-02,1.0437
1455.49,-1.04916219e-03,5.866469e-03,6.130435e-06,-8.2819417990e-11,3.3644e-02,1.0437
1456.00,-9.10145446e-04,5.882671e-03,6.064211e-06,-8.2819751057e-11,3.2103e-02,1.0437
1456.51,-7.96079817e-04,5.897453e-03,5.996162e-06,-8.2821083325e-11,2.9361e-02,1.0437
1457.02,-7.04368808e-04,5.911299e-03,5.918033e-06,-8.2821638436e-11,2.5738e-02,1.0437
1457.52,-6.32566775e-04,5.924394e-03,5.827967e-06,-8.2822526615e-11,2.3338e-02,1.0437
1458.03,-5.74288441e-04,5.938743e-03,5.729824e-06,-8.2823858882e-11,3.0463e-02,1.0437
1458.54,-5.18432449e-04,5.954624e-03,5.625930e-06,-8.2824636038e-11,3.7409e-02,1.0437
1459.04,-4.51281066e-04,5.972203e-03,5.513211e-06,-8.2825968306e-11,4.4296e-02,1.0437
1459.55,-3.60659333e-04,5.991749e-03,5.387951e-06,-8.2826856485e-11,5.1140e-02,1.0437
1460.06,-2.40763644e-04,6.013067e-03,5.254131e-06,-8.2827744663e-11,5.7942e-02,1.0437
1460.56,-9.19950165e-05,6.035777e-03,5.126241e-06,-8.2827522618e-11,6.4702e-02,1.0437
1461.07,7.97884646e-05,6.059399e-03,5.022953e-06,-8.2828299774e-11,7.1420e-02,1.0437
1461.58,2.65147123e-04,6.083060e-03,4.957165e-06,-8.2830298176e-11,7.8096e-02,1.0437
1462.08,4.55798569e-04,6.106040e-03,4.931750e-06,-8.2830520221e-11,8.4729e-02,1.0437
1462.59,6.47638516e-04,6.126886e-03,4.944498e-06,-8.2830742265e-11,9.1320e-02,1.0437
1463.10,8.42192300e-04,6.143251e-03,4.995822e-06,-8.2833406800e-11,9.7868e-02,1.0437
1463.60,1.04586221e-03,6.153187e-03,5.090922e-06,-8.2834294979e-11,1.0437e-01,1.0437
1464.11,1.26741760e-03,6.154868e-03,5.235103e-06,-8.2834183956e-11,1.1084e-01,1.0437
1464.62,1.51315983e-03,6.146138e-03,5.427751e-06,-8.2835072135e-11,1.1726e-01,1.0437
1465.12,1.78421207e-03,6.123970e-03,5.662847e-06,-8.2835627246e-11,1.2363e-01,1.0437
1465.63,2.07322412e-03,6.085045e-03,5.931754e-06,-8.2837292581e-11,1.2997e-01,1.0437
1466.14,2.36385732e-03,6.025375e-03,6.227135e-06,-8.2908235832e-11,1.3026e-01,1.0375
1466.64,2.63514035e-03,5.944619e-03,6.542456e-06,-8.2908235832e-11,1.3662e-01,1.0375
1467.15,2.86332317e-03,5.844634e-03,6.870722e-06,-8.2908457877e-11,1.4294e-01,1.0375
1467.66,3.01996705e-03,5.728732e-03,7.203148e-06,-8.2910012189e-11,1.4921e-01,1.0375
1468.16,3.07426433e-03,5.602822e-03,7.530219e-06,-8.2910789345e-11,1.5544e-01,1.0375
1468.67,3.00437103e-03,5.475915e-03,7.845426e-06,-8.2912787747e-11,1.6163e-01,1.0375
1469.18,2.81471772e-03,5.362323e-03,8.144111e-06,-8.2913009791e-11,1.6776e-01,1.0375
1469.68,2.54487989e-03,5.271197e-03,8.423715e-06,-8.2982509753e-11,1.5352e-01,1.0312
1470.19,2.25652856e-03,5.209579e-03,8.682688e-06,-8.2983175886e-11,1.5979e-01,1.0312
1470.70,2.00078274e-03,5.181798e-03,8.919890e-06,-8.2984508154e-11,1.6602e-01,1.0312
1471.21,1.78034914e-03,5.191600e-03,9.135266e-06,-8.2984952243e-11,1.7219e-01,1.0312
1471.71,1.52740804e-03,5.221286e-03,9.327097e-06,-8.2986506555e-11,1.7833e-01,1.0312
1472.22,1.12222217e-03,5.266320e-03,9.494287e-06,-8.3088536051e-11,6.4915e-02,1.0250
1472.73,4.56934842e-04,5.311262e-03,9.635920e-06,-8.3090645475e-11,7.2085e-02,1.0250
1473.23,-4.85074424e-04,5.344564e-03,9.750646e-06,-8.3091311609e-11,7.9156e-02,1.0250
1473.74,-1.58478610e-03,5.373735e-03,9.836818e-06,-8.3091422631e-11,8.6112e-02,1.0250
1474.25,-2.61782964e-03,5.395737e-03,9.892840e-06,-8.3092643877e-11,9.3242e-02,1.0250
1474.75,-3.33945451e-03,5.407395e-03,9.917539e-06,-8.3094531256e-11,1.0080e-01,1.0250
1475.26,-3.57920067e-03,5.427561e-03,9.910148e-06,-8.3095863523e-11,3.6034e-02,1.0250
1475.77,-3.30694237e-03,5.448696e-03,9.869042e-06,-8.3099638282e-11,3.2636e-02,1.0312
1476.27,-2.64285511e-03,5.487614e-03,9.792312e-06,-8.3212214896e-11,3.9832e-02,1.0312
1476.78,-1.81479130e-03,5.541290e-03,9.677753e-06,-8.3475670820e-11,4.4769e-02,1.0375
1477.29,-1.07431053e-03,5.612477e-03,9.524424e-06,-8.3574591692e-11,4.7820e-02,1.0375
1477.79,-6.04596631e-04,5.699624e-03,9.334079e-06,-8.4194429206e-11,4.1582e-02,1.0375
1478.30,-4.62878640e-04,5.803270e-03,9.111197e-06,-8.4389051302e-11,3.6730e-02,1.0437
1478.81,-5.84364136e-04,5.917650e-03,8.861898e-06,-8.4389606414e-11,3.2831e-02,1.0437
1479.31,-8.34657682e-04,6.035479e-03,8.591613e-06,-8.4390383570e-11,2.9434e-02,1.0437
1479.82,-1.07042585e-03,6.148243e-03,8.303891e-06,-8.4391271749e-11,2.5977e-02,1.0437
1480.33,-1.17980734e-03,6.250603e-03,8.000275e-06,-8.4392492994e-11,2.3377e-02,1.0437
1480.83,-1.10181150e-03,6.344951e-03,7.682051e-06,-8.4393159128e-11,3.0344e-02,1.0437
1481.34,-8.36782842e-04,6.436210e-03,7.352500e-06,-8.4394935485e-11,3.7270e-02,1.0437
1481.85,-4.50014614e-04,6.525977e-03,7.018053e-06,-8.4395490596e-11,4.4156e-02,1.0437
1482.35,-5.87413676e-05,6.612221e-03,6.687035e-06,-8.4396267752e-11,5.0999e-02,1.0437
1482.86,2.04568116e-04,6.692087e-03,6.368069e-06,-8.4396822864e-11,5.7801e-02,1.0437
1483.37,2.42081591e-04,6.762694e-03,6.069825e-06,-8.4397488997e-11,6.4562e-02,1.0437
1483.87,2.75645862e-05,6.823654e-03,5.802167e-06,-8.4397933087e-11,7.1280e-02,1.0437
1484.38,-3.89167549e-04,6.874421e-03,5.577108e-06,-8.4399265354e-11,7.7956e-02,1.0437
1484.89,-9.08681780e-04,6.910788e-03,5.407895e-06,-8.4400597622e-11,8.4590e-02,1.0437
1485.40,-1.41815762e-03,6.927510e-03,5.305092e-06,-8.4401596823e-11,9.1182e-02,1.0437
1485.90,-1.81950927e-03,6.920310e-03,5.272331e-06,-8.4402151934e-11,9.7731e-02,1.0437
1486.41,-2.04390623e-03,6.892243e-03,5.306012e-06,-8.4403373179e-11,1.0424e-01,1.0437
1486.92,-2.05802893e-03,6.844401e-03,5.396802e-06,-8.4403373179e-11,1.1070e-01,1.0437
1487.42,-1.86602338e-03,6.779290e-03,5.531355e-06,-8.4406037715e-11,1.1712e-01,1.0437
1487.93,-1.50829999e-03,6.700057e-03,5.698101e-06,-8.4475426654e-11,1.0975e-01,1.0375
1488.44,-1.05447132e-03,6.610498e-03,5.884799e-06,-8.4475315631e-11,1.1626e-01,1.0375
1488.94,-5.87885486e-04,6.514798e-03,6.079482e-06,-8.4477980167e-11,1.2271e-01,1.0375
1489.45,-1.85071985e-04,6.417038e-03,6.271304e-06,-8.4477980167e-11,1.2913e-01,1.0375
1489.96,1.04184239e-04,6.320451e-03,6.452059e-06,-8.4479534479e-11,1.3550e-01,1.0375
1490.46,2.67033076e-04,6.227868e-03,6.619965e-06,-8.4480644702e-11,1.4183e-01,1.0375
1490.97,3.25387408e-04,6.154788e-03,6.775510e-06,-8.4480866747e-11,1.4811e-01,1.0375
1491.48,3.22348724e-04,6.092747e-03,6.918496e-06,-8.4481532880e-11,1.5434e-01,1.0375
1491.98,3.03997414e-04,6.044206e-03,7.050337e-06,-8.4483531282e-11,1.6053e-01,1.0375
1492.49,3.06765925e-04,6.008704e-03,7.171654e-06,-8.4552698176e-11,1.6657e-01,1.0312
1493.00,3.51172796e-04,5.990015e-03,7.280879e-06,-8.4553253288e-11,1.7274e-01,1.0312
1493.50,4.42151463e-04,5.985038e-03,7.374031e-06,-8.4554807600e-11,1.0451e-01,1.0312
1494.01,5.73669726e-04,5.989625e-03,7.445963e-06,-8.4555362712e-11,2.6025e-02,1.0312
1494.52,7.33803903e-04,5.994335e-03,7.490703e-06,-8.4811158096e-11,3.2959e-02,1.0312
1495.02,9.10473939e-04,5.994652e-03,7.503036e-06,-8.4987017424e-11,3.7828e-02,1.0312
1495.53,1.09847575e-03,5.991744e-03,7.479218e-06,-8.5181306453e-11,4.0603e-02,1.0375
1496.04,1.29986267e-03,5.986445e-03,7.416436e-06,-8.5415896578e-11,4.1813e-02,1.0375
1496.54,1.51853588e-03,5.979084e-03,7.312833e-06,-8.5545681650e-11,4.1751e-02,1.0375
1497.05,1.75429531e-03,5.968747e-03,7.169394e-06,-8.5583429232e-11,3.8666e-02,1.0375
1497.56,2.00306418e-03,5.956146e-03,6.992742e-06,-8.5583873322e-11,3.6159e-02,1.0375
1498.06,2.26072007e-03,5.941132e-03,6.796415e-06,-8.5585094567e-11,3.3912e-02,1.0375
1498.57,2.52640906e-03,5.923447e-03,6.598796e-06,-8.5587315013e-11,3.1100e-02,1.0375
1499.08,2.80247535e-03,5.903715e-03,6.417275e-06,-8.5587759102e-11,2.7723e-02,1.0375
1499.59,3.09143455e-03,5.883419e-03,6.261711e-06,-8.5588758303e-11,2.4031e-02,1.0375
1500.09,3.39131434e-03,5.864442e-03,6.132344e-06,-8.5590423637e-11,2.8991e-02,1.0375
1500.60,3.69317021e-03,5.848226e-03,6.024532e-06,-8.5590978749e-11,3.6157e-02,1.0375
1501.11,3.98087368e-03,5.835310e-03,5.936707e-06,-8.5592644083e-11,4.3365e-02,1.0375
1501.61,4.23301197e-03,5.825026e-03,5.875060e-06,-8.5593532262e-11,5.0573e-02,1.0375
1502.12,4.42623589e-03,5.815914e-03,5.851668e-06,-8.5592422039e-11,5.7778e-02,1.0375
1502.63,4.53951780e-03,5.806523e-03,5.878548e-06,-8.5594975552e-11,6.4982e-02,1.0375
1503.13,4.55736576e-03,5.795995e-03,5.963056e-06,-8.5594198396e-11,7.2212e-02,1.0375
1503.64,4.47011477e-03,5.784176e-03,6.107662e-06,-8.5595974753e-11,7.9406e-02,1.0375
1504.15,4.27380282e-03,5.769890e-03,6.312284e-06,-8.5595863730e-11,8.6339e-02,1.0375
1504.65,3.97370516e-03,5.754809e-03,6.574920e-06,-8.5598972355e-11,9.3270e-02,1.0375
1505.16,3.59140034e-03,5.739318e-03,6.889081e-06,-8.5599416444e-11,9.9970e-02,1.0375
1505.67,3.16670259e-03,5.723917e-03,7.241183e-06,-8.5600526667e-11,1.0654e-01,1.0375
1506.17,2.74819086e-03,5.709277e-03,7.611833e-06,-8.5600748712e-11,1.1306e-01,1.0375
1506.68,2.37408702e-03,5.697529e-03,7.981109e-06,-8.5601636890e-11,1.1955e-01,1.0375
1507.19,2.05652724e-03,5.687846e-03,8.334357e-06,-8.5601747912e-11,1.2598e-01,1.0375
1507.69,1.78096804e-03,5.679978e-03,8.665228e-06,-8.5604079381e-11,1.3237e-01,1.0375
1508.20,1.52125116e-03,5.672769e-03,8.975625e-06,-8.5604301425e-11,1.3872e-01,1.0375
1508.71,1.26010114e-03,5.663559e-03,9.272642e-06,-8.5604523470e-11,1.4502e-01,1.0375
1509.21,1.00002327e-03,5.652795e-03,9.564221e-06,-8.5606188804e-11,1.5128e-01,1.0375
1509.72,7.58273644e-04,5.636245e-03,9.855021e-06,-8.5606743916e-11,3.7048e-02,1.0375
1510.23,5.52887088e-04,5.615629e-03,1.014453e-05,-8.5608520273e-11,1.9806e-02,1.0375
1510.73,3.92609983e-04,5.590242e-03,1.042810e-05,-8.5609741518e-11,2.0945e-02,1.0375
1511.24,2.77789857e-04,5.561470e-03,1.069945e-05,-8.5720319731e-11,2.0101e-02,1.0375
1511.75,2.06692984e-04,5.530640e-03,1.095259e-05,-8.5825124785e-11,2.1214e-02,1.0375
1512.25,1.76037067e-04,5.499000e-03,1.118201e-05,-8.6090801155e-11,2.1992e-02,1.0375
1512.76,1.72569535e-04,5.468448e-03,1.138219e-05,-8.6091467288e-11,2.1632e-02,1.0375
1513.27,1.66396302e-04,5.441235e-03,1.154761e-05,-8.6094020801e-11,2.0094e-02,1.0375
1513.78,1.20252133e-04,5.418542e-03,1.167415e-05,-8.6094686935e-11,1.7824e-02,1.0375
1514.28,1.56992122e-05,5.405068e-03,1.176083e-05,-8.6096019203e-11,2.4242e-02,1.0375
1514.79,-1.21181403e-04,5.402311e-03,1.181049e-05,-8.6096685337e-11,3.1278e-02,1.0375
1515.30,-2.17400751e-04,5.407429e-03,1.182817e-05,-8.6097684537e-11,3.8487e-02,1.0375
1515.80,-1.83243307e-04,5.416298e-03,1.181819e-05,-8.6098683738e-11,4.5697e-02,1.0375
1516.31,3.68851073e-05,5.426136e-03,1.178168e-05,-8.6099571917e-11,5.2903e-02,1.0375
1516.82,4.20895076e-04,5.436622e-03,1.171657e-05,-8.6099127827e-11,6.0108e-02,1.0375
1517.32,8.60910043e-04,5.449710e-03,1.161948e-05,-8.6100016006e-11,6.7318e-02,1.0375
1517.83,1.20128470e-03,5.468055e-03,1.148843e-05,-8.6103013608e-11,7.4537e-02,1.0375
1518.34,1.30186509e-03,5.493519e-03,1.132423e-05,-8.6103457697e-11,8.1736e-02,1.0375
1518.84,1.08064562e-03,5.526416e-03,1.113027e-05,-8.6104345876e-11,8.8589e-02,1.0375
1519.35,5.12168195e-04,5.565438e-03,1.091130e-05,-8.6105012009e-11,9.5483e-02,1.0375
1519.86,-3.97383420e-04,5.608262e-03,1.067228e-05,-8.6105789165e-11,1.0208e-01,1.0375
1520.36,-1.61409082e-03,5.652293e-03,1.041776e-05,-8.6106344277e-11,1.0864e-01,1.0375
1520.87,-3.05146902e-03,5.695545e-03,1.015141e-05,-8.6107454500e-11,1.1515e-01,1.0375
1521.38,-4.54595490e-03,5.737081e-03,9.875222e-06,-8.6107454500e-11,1.2162e-01,1.0375
1521.88,-5.87380025e-03,5.776578e-03,9.588792e-06,-8.6109341879e-11,1.2804e-01,1.0375
1522.39,-6.80615184e-03,5.813510e-03,9.288768e-06,-8.6110674147e-11,1.3442e-01,1.0375
1522.90,-7.16912335e-03,5.846790e-03,8.969182e-06,-8.6111118236e-11,1.4075e-01,1.0375
1523.40,-6.88534978e-03,5.874733e-03,8.622472e-06,-8.6112672548e-11,1.4704e-01,1.0375
1523.91,-5.99502049e-03,5.895176e-03,8.240729e-06,-8.6113338682e-11,1.5328e-01,1.0375
1524.42,-4.66204413e-03,5.907729e-03,7.817624e-06,-8.6180729220e-11,4.3550e-02,1.0312
1524.92,-3.14431442e-03,5.912730e-03,7.349986e-06,-8.6182838643e-11,5.0165e-02,1.0312
1525.43,-1.73397426e-03,5.910959e-03,6.838773e-06,-8.6183504777e-11,5.6092e-02,1.0312
1525.94,-6.83715556e-04,5.904942e-03,6.289130e-06,-8.6184392956e-11,6.3182e-02,1.0312
1526.44,-1.42313866e-04,5.898403e-03,5.709552e-06,-8.6185392156e-11,7.0414e-02,1.0312
1526.95,-1.29668326e-04,5.895323e-03,5.110761e-06,-8.6186280335e-11,7.7752e-02,1.0312
1527.46,-5.68539496e-04,5.899115e-03,4.505112e-06,-8.6186724424e-11,8.5173e-02,1.0312
1527.97,-1.34125478e-03,5.911932e-03,3.907930e-06,-8.6188389758e-11,9.2419e-02,1.0312
1528.47,-2.31169228e-03,5.934174e-03,3.342107e-06,-8.6189499982e-11,9.9406e-02,1.0312
1528.98,-3.32241766e-03,5.964258e-03,2.845494e-06,-8.6189499982e-11,1.0647e-01,1.0312
1529.49,-4.19981041e-03,5.997950e-03,2.477183e-06,-8.6191054294e-11,1.1337e-01,1.0312
1529.99,-4.78417123e-03,6.030102e-03,2.306494e-06,-8.6192941673e-11,1.1996e-01,1.0312
1530.50,-4.97232906e-03,6.056130e-03,2.365960e-06,-8.6193385762e-11,1.2648e-01,1.0312
1531.01,-4.75022451e-03,6.072917e-03,2.616037e-06,-8.6193940874e-11,1.3294e-01,1.0312
1531.51,-4.19739210e-03,6.079164e-03,2.983917e-06,-8.6193607807e-11,1.3936e-01,1.0312
1532.02,-3.46338143e-03,6.075289e-03,3.416489e-06,-8.6195828253e-11,1.4573e-01,1.0312
1532.53,-2.72468006e-03,6.062711e-03,3.891926e-06,-8.6195606208e-11,9.2589e-02,1.0312
1533.03,-2.13325650e-03,6.043135e-03,4.407071e-06,-8.6202489591e-11,3.4336e-02,1.0312
1533.54,-1.77185761e-03,6.018145e-03,4.961123e-06,-8.6425089307e-11,3.9566e-02,1.0312
1534.05,-1.63763119e-03,5.988991e-03,5.545489e-06,-8.6617379935e-11,4.1708e-02,1.0375
1534.55,-1.65379482e-03,5.956520e-03,6.142843e-06,-8.7032159257e-11,4.2073e-02,1.0375
1535.06,-1.70444386e-03,5.921020e-03,6.732675e-06,-8.7083895650e-11,4.1336e-02,1.0375
1535.57,-1.67679688e-03,5.882288e-03,7.298200e-06,-8.7097995483e-11,3.9814e-02,1.0437
1536.07,-1.49232578e-03,5.839869e-03,7.830526e-06,-8.7099438772e-11,3.7682e-02,1.0437
1536.58,-1.12331791e-03,5.793457e-03,8.328567e-06,-8.7098661616e-11,3.5065e-02,1.0437
1537.09,-5.87064634e-04,5.743387e-03,8.795746e-06,-8.7100104906e-11,3.2023e-02,1.0437
1537.59,8.44144309e-05,5.690951e-03,9.235938e-06,-8.7101437174e-11,2.8649e-02,1.0437
1538.10,8.76973484e-04,5.638381e-03,9.650832e-06,-8.7101215129e-11,3.0974e-02,1.0437
1538.61,1.79307909e-03,5.588500e-03,1.003936e-05,-8.7102769442e-11,3.7896e-02,1.0437
1539.11,2.80242940e-03,5.544201e-03,1.039839e-05,-8.7102991486e-11,4.4776e-02,1.0437
1539.62,3.77156317e-03,5.507679e-03,1.072361e-05,-8.7104989888e-11,5.1616e-02,1.0437
1540.13,4.44057324e-03,5.480833e-03,1.101012e-05,-8.7105433977e-11,5.8414e-02,1.0437
1540.64,4.51311194e-03,5.464433e-03,1.125294e-05,-8.7106655222e-11,6.5170e-02,1.0437
1541.14,3.81483360e-03,5.458400e-03,1.144770e-05,-8.7106988289e-11,7.1885e-02,1.0437
1541.65,2.39891137e-03,5.462148e-03,1.159137e-05,-8.7108209534e-11,7.8557e-02,1.0437
1542.16,5.27737848e-04,5.474304e-03,1.168300e-05,-8.7109430780e-11,8.5187e-02,1.0437
1542.66,-1.45676302e-03,5.493393e-03,1.172409e-05,-8.7109874869e-11,9.1775e-02,1.0437
1543.17,-3.26170996e-03,5.517709e-03,1.171867e-05,-8.7110652025e-11,9.8320e-02,1.0437
1543.68,-4.68753606e-03,5.545380e-03,1.167267e-05,-8.7111318159e-11,1.0482e-01,1.0437
1544.18,-5.61325146e-03,5.571827e-03,1.159271e-05,-8.7181484254e-11,9.8662e-02,1.0375
1544.69,-5.98548080e-03,5.597695e-03,1.148454e-05,-8.7181928343e-11,1.0558e-01,1.0375
1545.20,-5.80707035e-03,5.624129e-03,1.135148e-05,-8.7183149589e-11,1.1224e-01,1.0375
1545.70,-5.13592432e-03,5.647777e-03,1.119396e-05,-8.7183926745e-11,1.1873e-01,1.0375
1546.21,-4.08833020e-03,5.667163e-03,1.101081e-05,-8.7185036968e-11,1.2517e-01,1.0375
1546.72,-2.83137371e-03,5.682132e-03,1.080205e-05,-8.7185370035e-11,1.3157e-01,1.0375
1547.22,-1.55775840e-03,5.692744e-03,1.057074e-05,-8.7186591280e-11,1.3792e-01,1.0375
1547.73,-4.44147968e-04,5.696395e-03,1.032291e-05,-8.7187257414e-11,1.4423e-01,1.0375
1548.24,3.90546988e-04,5.696819e-03,1.006531e-05,-8.7188589681e-11,1.5050e-01,1.0375
1548.74,9.10539805e-04,5.691855e-03,9.803381e-06,-8.7189366837e-11,1.5672e-01,1.0375
1549.25,1.15831269e-03,5.681628e-03,9.539686e-06,-8.7190810127e-11,9.9834e-03,1.0375
1549.76,1.23057651e-03,5.666326e-03,9.275267e-06,-8.7191365239e-11,9.0083e-03,1.0375
1550.26,1.23664309e-03,5.646721e-03,9.011785e-06,-8.7191143194e-11,8.3325e-03,1.0375
1550.77,1.25839086e-03,5.626168e-03,8.754771e-06,-8.7192475462e-11,1.5408e-02,1.0375
1551.28,1.33993022e-03,5.612482e-03,8.511014e-06,-8.7194029774e-11,2.2503e-02,1.0375
1551.78,1.48916423e-03,5.612455e-03,8.283847e-06,-8.7194473863e-11,2.9558e-02,1.0375
1552.29,1.68797318e-03,5.630943e-03,8.071951e-06,-8.7195139997e-11,3.6572e-02,1.0375
1552.80,1.90740360e-03,5.669855e-03,7.869507e-06,-8.7196139198e-11,4.3543e-02,1.0375
1553.30,2.12120622e-03,5.725322e-03,7.668308e-06,-8.7197360443e-11,5.0473e-02,1.0375
1553.81,2.31398948e-03,5.783352e-03,7.464487e-06,-8.7198803733e-11,5.7359e-02,1.0375
1554.32,2.48359388e-03,5.830497e-03,7.259993e-06,-8.7199802934e-11,6.4203e-02,1.0375
1554.83,2.63993364e-03,5.861868e-03,7.062782e-06,-8.7199358845e-11,7.1004e-02,1.0375
1555.33,2.79857979e-03,5.879128e-03,6.883521e-06,-8.7201468268e-11,7.7761e-02,1.0375
1555.84,2.97505476e-03,5.886652e-03,6.731230e-06,-8.7201468268e-11,8.4475e-02,1.0375
1556.35,3.17999081e-03,5.890446e-03,6.610435e-06,-8.7203244625e-11,9.1146e-02,1.0375
1556.85,3.41473486e-03,5.894728e-03,6.521142e-06,-8.7204687915e-11,9.7773e-02,1.0375
1557.36,3.66895357e-03,5.900623e-03,6.460866e-06,-8.7204243826e-11,1.0436e-01,1.0375
1557.87,3.92052644e-03,5.907728e-03,6.426736e-06,-8.7205576094e-11,1.1090e-01,1.0375
1558.37,4.13905051e-03,5.915451e-03,6.415931e-06,-8.7207130406e-11,1.1739e-01,1.0375
1558.88,4.29251870e-03,5.923825e-03,6.423651e-06,-8.7274742988e-11,1.2234e-01,1.0312
1559.39,4.35426417e-03,5.933507e-03,6.440769e-06,-8.7276519345e-11,1.2884e-01,1.0312
1559.89,4.30386559e-03,5.945414e-03,6.454227e-06,-8.7276741390e-11,1.3528e-01,1.0312
1560.40,4.12661936e-03,5.959586e-03,6.451111e-06,-8.7277629568e-11,1.4169e-01,1.0312
1560.91,3.81930501e-03,5.975591e-03,6.423713e-06,-8.7279294902e-11,1.4804e-01,1.0312
1561.41,3.40307105e-03,5.995164e-03,6.372070e-06,-8.7279961036e-11,1.5435e-01,1.0312
1561.92,2.93026732e-03,6.021045e-03,6.303172e-06,-8.7280294103e-11,1.6062e-01,1.0312
1562.43,2.46868650e-03,6.054207e-03,6.228158e-06,-8.7281515349e-11,1.6684e-01,1.0312
1562.93,2.06460641e-03,6.081687e-03,6.158687e-06,-8.7349349975e-11,1.6726e-01,1.0250
1563.44,1.70983825e-03,6.116116e-03,6.102823e-06,-8.7350460198e-11,1.7350e-01,1.0250
1563.95,1.34337800e-03,6.152277e-03,6.061496e-06,-8.7351015310e-11,1.7969e-01,1.0250
1564.45,8.93640647e-04,6.197575e-03,6.027120e-06,-8.7696738760e-11,3.9929e-02,1.0188
1564.96,3.36961259e-04,6.247062e-03,5.986830e-06,-8.7848173180e-11,3.9461e-02,1.0188
1565.47,-2.69347368e-04,6.308279e-03,5.929622e-06,-8.7942542137e-11,4.4357e-02,1.0188
1565.97,-8.05119943e-04,6.374339e-03,5.852375e-06,-8.8000717824e-11,4.4118e-02,1.0188
1566.48,-1.14272487e-03,6.445652e-03,5.762355e-06,-8.8030804868e-11,4.6659e-02,1.0188
1566.99,-1.20718110e-03,6.514749e-03,5.674286e-06,-8.8049567637e-11,5.2048e-02,1.0188
1567.49,-1.00954652e-03,6.569905e-03,5.603458e-06,-8.8057672265e-11,5.2764e-02,1.0188
1568.00,-6.40851198e-04,6.619372e-03,5.558695e-06,-8.8066998138e-11,6.1646e-02,1.0188
1568.51,-2.32759119e-04,6.659904e-03,5.540716e-06,-8.8070217785e-11,5.9512e-02,1.0188
1569.02,9.58606362e-05,6.692409e-03,5.545112e-06,-8.8081653082e-11,3.3477e-02,1.0188
1569.52,2.79239647e-04,6.712662e-03,5.566742e-06,-8.8142160237e-11,1.5044e-02,1.0312
1570.03,3.12557962e-04,6.726024e-03,5.600440e-06,-8.8146268062e-11,2.9911e-02,1.0312
1570.54,2.29684465e-04,6.726163e-03,5.638083e-06,-8.8148821575e-11,2.4693e-02,1.0312
1571.04,7.28047175e-05,6.720155e-03,5.665144e-06,-8.8371421292e-11,2.9191e-02,1.0312
1571.55,-1.23354294e-04,6.709444e-03,5.661156e-06,-8.8516749486e-11,3.2929e-02,1.0312
1572.06,-3.27154856e-04,6.695368e-03,5.605245e-06,-8.8712925894e-11,3.4822e-02,1.0375
1572.56,-4.98725471e-04,6.678403e-03,5.484290e-06,-8.8801299647e-11,3.4570e-02,1.0375
1573.07,-5.88610501e-04,6.657123e-03,5.302687e-06,-8.8809848364e-11,3.2547e-02,1.0375
1573.58,-5.53788652e-04,6.628489e-03,5.087483e-06,-8.8819951394e-11,2.9185e-02,1.0375
1574.08,-3.81777174e-04,6.590299e-03,4.883506e-06,-8.8821727751e-11,2.4984e-02,1.0375
1574.59,-1.07635406e-04,6.543181e-03,4.737636e-06,-8.8823393085e-11,2.0529e-02,1.0375
1575.10,1.88655248e-04,6.491504e-03,4.679397e-06,-8.8823060018e-11,2.1500e-02,1.0375
1575.60,4.07001150e-04,6.441128e-03,4.711693e-06,-8.8824725353e-11,2.8707e-02,1.0375
1576.11,4.63430260e-04,6.397332e-03,4.819771e-06,-8.8826057620e-11,3.5918e-02,1.0375
1576.62,3.21046512e-04,6.362884e-03,4.988850e-06,-8.8826723754e-11,4.3125e-02,1.0375
1577.12,6.42936784e-07,6.337677e-03,5.213662e-06,-8.8827167843e-11,5.0330e-02,1.0375
1577.63,-4.32174976e-04,6.317936e-03,5.494352e-06,-8.8827611933e-11,5.7533e-02,1.0375
1578.14,-8.93929119e-04,6.298551e-03,5.827098e-06,-8.8829166245e-11,6.4736e-02,1.0375
1578.64,-1.30854305e-03,6.275118e-03,6.199799e-06,-8.8830054423e-11,7.1761e-02,1.0375
1579.15,-1.62333138e-03,6.244852e-03,6.595766e-06,-8.8830498512e-11,7.8717e-02,1.0375
1579.66,-1.81175757e-03,6.205041e-03,7.000100e-06,-8.8831497713e-11,8.5426e-02,1.0375
1580.16,-1.86904454e-03,6.153830e-03,7.402695e-06,-8.8832718959e-11,9.2092e-02,1.0375
1580.67,-1.80552227e-03,6.090491e-03,7.796660e-06,-8.8832941003e-11,9.8713e-02,1.0375
1581.18,-1.64108735e-03,6.015608e-03,8.174773e-06,-8.8834273271e-11,1.0529e-01,1.0375
1581.68,-1.40178760e-03,5.933796e-03,8.527819e-06,-8.8834273271e-11,1.1182e-01,1.0375
1582.19,-1.11835974e-03,5.851550e-03,8.845761e-06,-8.8835938605e-11,2.8547e-02,1.0375
1582.70,-8.24549378e-04,5.773356e-03,9.120888e-06,-8.8836937806e-11,2.3147e-02,1.0375
1583.21,-5.52480263e-04,5.705395e-03,9.350462e-06,-8.8837714962e-11,2.4237e-02,1.0375
1583.71,-3.27422207e-04,5.648828e-03,9.536802e-06,-8.8839602341e-11,2.3979e-02,1.0375
1584.22,-1.66017337e-04,5.602824e-03,9.685337e-06,-8.8841267676e-11,2.2476e-02,1.0375
1584.73,-7.37632687e-05,5.564790e-03,9.802288e-06,-8.8841822787e-11,2.0062e-02,1.0375
1585.23,-4.35930837e-05,5.531933e-03,9.892955e-06,-8.8842933010e-11,1.7187e-02,1.0375
1585.74,-5.85222331e-05,5.502469e-03,9.960288e-06,-8.8845486523e-11,1.4428e-02,1.0375
1586.25,-9.75128595e-05,5.476018e-03,1.000383e-05,-8.8846485724e-11,1.9699e-02,1.0375
1586.75,-1.39618934e-04,5.453287e-03,1.002026e-05,-8.8848151059e-11,2.6808e-02,1.0375
1587.26,-1.67416575e-04,5.435765e-03,1.000586e-05,-8.8848706170e-11,3.3871e-02,1.0375
1587.77,-1.69258814e-04,5.425237e-03,9.959034e-06,-8.8850260482e-11,4.0887e-02,1.0375
1588.27,-1.40015377e-04,5.423868e-03,9.880971e-06,-8.8850926616e-11,4.8093e-02,1.0375
1588.78,-8.00921891e-05,5.433916e-03,9.773943e-06,-8.8851592750e-11,5.5300e-02,1.0375
1589.29,6.09416394e-06,5.457437e-03,9.639062e-06,-8.8854146263e-11,6.2505e-02,1.0375
1589.79,1.12290413e-04,5.495705e-03,9.475494e-06,-8.8852702973e-11,6.9713e-02,1.0375
1590.30,2.32507932e-04,5.548903e-03,9.281977e-06,-8.8854590352e-11,7.6968e-02,1.0375
1590.81,3.62043649e-04,5.615430e-03,9.059489e-06,-8.8855034441e-11,8.4154e-02,1.0375
1591.31,4.98339673e-04,5.692453e-03,8.812916e-06,-8.8855811597e-11,9.1059e-02,1.0375
1591.82,6.41792695e-04,5.777238e-03,8.550232e-06,-8.8856588754e-11,9.8003e-02,1.0375
1592.33,7.95037071e-04,5.865834e-03,8.279449e-06,-8.8858143066e-11,1.0468e-01,1.0375
1592.83,9.62187351e-04,5.948588e-03,8.006376e-06,-8.8859475333e-11,1.1121e-01,1.0375
1593.34,1.14845852e-03,6.015840e-03,7.733655e-06,-8.8859364311e-11,1.1771e-01,1.0375
1593.85,1.36053016e-03,6.064867e-03,7.462971e-06,-8.8861140668e-11,1.2416e-01,1.0375
1594.35,1.60432223e-03,6.093737e-03,7.198048e-06,-8.8861584757e-11,1.3056e-01,1.0375
1594.86,1.88265703e-03,6.102520e-03,6.945972e-06,-8.8862472936e-11,1.3692e-01,1.0375
1595.37,2.19362760e-03,6.094174e-03,6.716104e-06,-8.8863361114e-11,1.4324e-01,1.0375
1595.87,2.53085111e-03,6.073058e-03,6.517207e-06,-8.8864360315e-11,1.4951e-01,1.0375
1596.38,2.88175894e-03,6.045725e-03,6.354991e-06,-8.8865692582e-11,1.5574e-01,1.0375
1596.89,3.22099425e-03,6.019856e-03,6.231632e-06,-8.8936191744e-11,7.3874e-02,1.0312
1597.40,3.50384467e-03,6.000964e-03,6.147026e-06,-8.8937190945e-11,8.0774e-02,1.0312
1597.90,3.67207156e-03,5.991162e-03,6.100927e-06,-8.8937635034e-11,8.7924e-02,1.0312
1598.41,3.68015797e-03,5.989802e-03,6.093660e-06,-8.8939411391e-11,9.4875e-02,1.0312
1598.92,3.53107496e-03,5.994314e-03,6.124680e-06,-8.8940410592e-11,1.0186e-01,1.0312
1599.42,3.28990262e-03,5.997612e-03,6.190595e-06,-8.8942297971e-11,1.0859e-01,1.0312
1599.93,3.04742274e-03,6.000800e-03,6.284268e-06,-8.8941742860e-11,1.1518e-01,1.0312
1600.44,2.84103690e-03,6.002138e-03,6.396052e-06,-8.8942075926e-11,1.2172e-01,1.0312
1600.94,2.58686769e-03,5.998137e-03,6.516877e-06,-8.8943186149e-11,1.2822e-01,1.0312
1601.45,2.08807489e-03,5.990706e-03,6.640470e-06,-8.8944296373e-11,1.3467e-01,1.0312
1601.96,1.14517728e-03,5.980306e-03,6.763811e-06,-8.8944518417e-11,1.4108e-01,1.0312
1602.46,-2.89559466e-04,5.969789e-03,6.885472e-06,-8.8946516819e-11,1.4744e-01,1.0312
1602.97,-2.03251307e-03,5.956366e-03,7.004074e-06,-8.8947182952e-11,1.5375e-01,1.0312
1603.48,-3.72945088e-03,5.939635e-03,7.116928e-06,-8.8950735666e-11,2.5659e-02,1.0375
1603.98,-4.99891129e-03,5.918630e-03,7.220077e-06,-8.8951623844e-11,2.7895e-02,1.0375
1604.49,-5.56539709e-03,5.895028e-03,7.309270e-06,-8.9112939250e-11,3.4215e-02,1.0375
1605.00,-5.33755203e-03,5.868524e-03,7.380874e-06,-8.9265927983e-11,3.8037e-02,1.0375
1605.50,-4.42549878e-03,5.840800e-03,7.432248e-06,-8.9474538889e-11,3.9250e-02,1.0437
1606.01,-3.10921397e-03,5.813772e-03,7.461493e-06,-8.9752316690e-11,3.8390e-02,1.0437
1606.52,-1.76500706e-03,5.789239e-03,7.467060e-06,-9.0047191925e-11,3.5870e-02,1.0437
1607.02,-7.56318751e-04,5.768474e-03,7.447459e-06,-9.0094154359e-11,3.1358e-02,1.0437
1607.53,-3.14076973e-04,5.752946e-03,7.401295e-06,-9.0120355623e-11,2.6689e-02,1.0437
1608.04,-4.68441116e-04,5.743018e-03,7.327607e-06,-9.0122020957e-11,2.1479e-02,1.0437
1608.54,-1.06677726e-03,5.738835e-03,7.226330e-06,-9.0123464247e-11,1.6176e-02,1.0437
1609.05,-1.86626774e-03,5.740360e-03,7.098625e-06,-9.0123908336e-11,2.0861e-02,1.0437
1609.56,-2.63516473e-03,5.747480e-03,6.946971e-06,-9.0126017760e-11,2.7818e-02,1.0437
1610.06,-3.20898659e-03,5.759984e-03,6.775138e-06,-9.0126905938e-11,3.4945e-02,1.0437
1610.57,-3.50229613e-03,5.777497e-03,6.588024e-06,-9.0128127184e-11,4.2069e-02,1.0437
1611.08,-3.50289636e-03,5.799042e-03,6.391250e-06,-9.0127905139e-11,4.9190e-02,1.0437
1611.59,-3.26263216e-03,5.824082e-03,6.190624e-06,-9.0128904340e-11,5.6308e-02,1.0437
1612.09,-2.87815308e-03,5.851986e-03,5.992063e-06,-9.0130125585e-11,6.3426e-02,1.0437
1612.60,-2.46132563e-03,5.880633e-03,5.802308e-06,-9.0131790920e-11,7.0543e-02,1.0437
1613.11,-2.11327042e-03,5.908739e-03,5.630313e-06,-9.0131457853e-11,7.7662e-02,1.0437
1613.61,-1.90653097e-03,5.933794e-03,5.488391e-06,-9.0133567276e-11,8.4487e-02,1.0437
1614.12,-1.87765506e-03,5.953573e-03,5.391601e-06,-9.0132790120e-11,9.1313e-02,1.0437
1614.63,-2.02878105e-03,5.964638e-03,5.355031e-06,-9.0135121589e-11,9.7863e-02,1.0437
1615.13,-2.33523840e-03,5.964884e-03,5.390117e-06,-9.0134899544e-11,1.0437e-01,1.0437
1615.64,-2.75096640e-03,5.953869e-03,5.500872e-06,-9.0136786923e-11,1.1083e-01,1.0437
1616.15,-3.20790724e-03,5.930357e-03,5.685264e-06,-9.0137675102e-11,1.1725e-01,1.0437
1616.65,-3.61797972e-03,5.892622e-03,5.936817e-06,-9.0139229414e-11,1.2363e-01,1.0437
1617.16,-3.88951938e-03,5.839799e-03,6.247116e-06,-9.0139895548e-11,1.2996e-01,1.0437
1617.67,-3.95209660e-03,5.771737e-03,6.606081e-06,-9.0140894748e-11,1.3625e-01,1.0437
1618.17,-3.77794106e-03,5.697373e-03,7.001737e-06,-9.0141338838e-11,1.4250e-01,1.0437
1618.68,-3.39052614e-03,5.626831e-03,7.423759e-06,-9.0142115994e-11,1.4870e-01,1.0437
1619.19,-2.85467563e-03,5.569695e-03,7.859876e-06,-9.0211615955e-11,1.4807e-01,1.0375
1619.69,-2.26080435e-03,5.533110e-03,8.298701e-06,-9.0211615955e-11,1.5430e-01,1.0375
1620.20,-1.70819675e-03,5.520020e-03,8.730884e-06,-9.0212948223e-11,1.6049e-01,1.0375
1620.71,-1.28694851e-03,5.532789e-03,9.149506e-06,-9.0214058446e-11,1.6664e-01,1.0375
1621.21,-1.05824946e-03,5.571220e-03,9.550522e-06,-9.0215390713e-11,1.7274e-01,1.0375
1621.72,-1.04171265e-03,5.620386e-03,9.930635e-06,-9.0286222942e-11,1.7487e-01,1.0312
1622.23,-1.21220852e-03,5.674800e-03,1.028808e-05,-9.0287111121e-11,1.8098e-01,1.0312
1622.73,-1.50953389e-03,5.713872e-03,1.062078e-05,-9.0354390636e-11,9.7616e-02,1.0250
1623.24,-1.85487617e-03,5.735293e-03,1.092629e-05,-9.0354612681e-11,1.0486e-01,1.0250
1623.75,-2.16741816e-03,5.734924e-03,1.120229e-05,-9.0355722904e-11,2.2045e-02,1.0250
1624.26,-2.37918089e-03,5.725516e-03,1.144688e-05,-9.0386920171e-11,2.5112e-02,1.0312
1624.76,-2.44161019e-03,5.717262e-03,1.165837e-05,-9.0401686137e-11,3.3774e-02,1.0312
1625.27,-2.32547498e-03,5.710408e-03,1.183488e-05,-9.0637275463e-11,4.0467e-02,1.0312
1625.78,-2.02454434e-03,5.709334e-03,1.197442e-05,-9.0847884771e-11,4.4835e-02,1.0375
1626.28,-1.55853706e-03,5.715803e-03,1.207551e-05,-9.1148200099e-11,4.7285e-02,1.0375
1626.79,-9.73689728e-04,5.725959e-03,1.213763e-05,-9.1309071415e-11,4.2498e-02,1.0375
1627.30,-3.39844380e-04,5.741649e-03,1.216121e-05,-9.1484375631e-11,3.8651e-02,1.0437
1627.80,2.61608733e-04,5.761239e-03,1.214751e-05,-9.1486374032e-11,3.5631e-02,1.0437
1628.31,7.59702145e-04,5.781044e-03,1.209859e-05,-9.1487595277e-11,3.2985e-02,1.0437
1628.82,1.11354823e-03,5.797512e-03,1.201743e-05,-9.1487928344e-11,3.0398e-02,1.0437
1629.32,1.32399160e-03,5.805780e-03,1.190752e-05,-9.1488594478e-11,2.7060e-02,1.0437
1629.83,1.43322544e-03,5.807549e-03,1.177179e-05,-9.1490259813e-11,2.6029e-02,1.0437
1630.34,1.50131234e-03,5.805532e-03,1.161141e-05,-9.1490814924e-11,3.2981e-02,1.0437
1630.84,1.58592672e-03,5.802463e-03,1.142577e-05,-9.1491147991e-11,3.9892e-02,1.0437
1631.35,1.72646151e-03,5.801024e-03,1.121388e-05,-9.1493368437e-11,4.6762e-02,1.0437
1631.86,1.93720790e-03,5.803148e-03,1.097607e-05,-9.1493257415e-11,5.3590e-02,1.0437
1632.36,2.20995894e-03,5.810187e-03,1.071430e-05,-9.1494811727e-11,6.0376e-02,1.0437
1632.87,2.52209926e-03,5.822885e-03,1.043119e-05,-9.1496032972e-11,6.7120e-02,1.0437
1633.38,2.84242476e-03,5.841699e-03,1.012903e-05,-9.1496921151e-11,7.3823e-02,1.0437
1633.88,3.13909458e-03,5.865029e-03,9.809368e-06,-9.1498697508e-11,8.0483e-02,1.0437
1634.39,3.38830570e-03,5.893792e-03,9.472814e-06,-9.1498031374e-11,8.7101e-02,1.0437
1634.90,3.57764791e-03,5.927143e-03,9.118197e-06,-9.1499363641e-11,9.3676e-02,1.0437
1635.40,3.70504607e-03,5.962876e-03,8.741713e-06,-9.1499696708e-11,1.0021e-01,1.0437
1635.91,3.77555023e-03,6.002659e-03,8.337535e-06,-9.1501584087e-11,1.0670e-01,1.0437
1636.42,3.79780056e-03,6.045237e-03,7.900436e-06,-9.1501584087e-11,1.1315e-01,1.0437
1636.92,3.78001594e-03,6.087506e-03,7.429255e-06,-9.1503471467e-11,1.1955e-01,1.0437
1637.43,3.72561344e-03,6.126152e-03,6.929232e-06,-9.1573304495e-11,1.1456e-01,1.0375
1637.94,3.63084183e-03,6.159501e-03,6.412278e-06,-9.1574414718e-11,1.2103e-01,1.0375
1638.45,3.49076970e-03,6.186024e-03,5.893894e-06,-9.1575191874e-11,1.2746e-01,1.0375
1638.95,3.31312905e-03,6.204097e-03,5.387837e-06,-9.1576302097e-11,1.3384e-01,1.0375
1639.46,3.12605243e-03,6.216373e-03,4.900921e-06,-9.1576635164e-11,1.4018e-01,1.0375
1639.97,2.96620514e-03,6.222343e-03,4.432943e-06,-9.1577634365e-11,1.4520e-01,1.0375
1640.47,2.85143420e-03,6.225184e-03,3.983599e-06,-9.1579299699e-11,4.3453e-02,1.0375
1640.98,2.76207271e-03,6.224437e-03,3.563884e-06,-9.1580520944e-11,1.8516e-02,1.0375
1641.49,2.65177867e-03,6.220279e-03,3.202434e-06,-9.1580631967e-11,1.8884e-02,1.0375
1641.99,2.48504984e-03,6.214363e-03,2.941442e-06,-9.1581520145e-11,2.0228e-02,1.0375
1642.50,2.27031906e-03,6.208412e-03,2.814888e-06,-9.1582519346e-11,2.0216e-02,1.0375
1643.01,2.06029033e-03,6.205743e-03,2.829642e-06,-9.1583296502e-11,1.8393e-02,1.0375
1643.51,1.91774170e-03,6.210887e-03,2.968403e-06,-9.1584739792e-11,1.5758e-02,1.0375
1644.02,1.87356531e-03,6.226144e-03,3.213219e-06,-9.1586405127e-11,1.9890e-02,1.0375
1644.53,1.90862878e-03,6.249366e-03,3.551591e-06,-9.1586627171e-11,2.6621e-02,1.0375
1645.03,1.96941326e-03,6.270754e-03,3.971022e-06,-9.1586849216e-11,3.3825e-02,1.0375
1645.54,2.00312782e-03,6.282562e-03,4.448971e-06,-9.1589513751e-11,4.1034e-02,1.0375
1646.05,1.98683690e-03,6.283304e-03,4.955637e-06,-9.1589735796e-11,4.8240e-02,1.0375
1646.55,1.93282647e-03,6.276760e-03,5.463631e-06,-9.1590179885e-11,5.5444e-02,1.0375
1647.06,1.87082827e-03,6.268973e-03,5.956610e-06,-9.1590957041e-11,6.2648e-02,1.0375
1647.57,1.82139395e-03,6.264890e-03,6.431751e-06,-9.1592289309e-11,6.9851e-02,1.0375
1648.07,1.77840647e-03,6.266633e-03,6.895334e-06,-9.1592844420e-11,7.6858e-02,1.0375
1648.58,1.71301109e-03,6.273814e-03,7.354940e-06,-9.1593621576e-11,8.3846e-02,1.0375
1649.09,1.59687969e-03,6.284481e-03,7.813275e-06,-9.1594953844e-11,9.0574e-02,1.0375
1649.59,1.42692286e-03,6.296129e-03,8.266727e-06,-9.1596286111e-11,9.7205e-02,1.0375
1650.10,1.22931710e-03,6.306586e-03,8.707766e-06,-9.1596064067e-11,1.0379e-01,1.0375
1650.61,1.03616531e-03,6.314070e-03,9.128183e-06,-9.1596841223e-11,1.1034e-01,1.0375
1651.11,8.53194792e-04,6.317781e-03,9.521402e-06,-9.1598617580e-11,1.1684e-01,1.0375
1651.62,6.47856323e-04,6.317954e-03,9.883395e-06,-9.1599394736e-11,1.2329e-01,1.0375
1652.13,3.72258386e-04,6.315111e-03,1.021228e-05,-9.1600393937e-11,1.2970e-01,1.0375
1652.64,6.01372843e-06,6.309282e-03,1.050698e-05,-9.1601393137e-11,1.3607e-01,1.0375
1653.14,-4.14005277e-04,6.299315e-03,1.076567e-05,-9.1602170293e-11,1.4239e-01,1.0375
1653.65,-8.00545393e-04,6.282483e-03,1.098501e-05,-9.1602392338e-11,1.4867e-01,1.0375
1654.16,-1.05511746e-03,6.255576e-03,1.116117e-05,-9.1671337188e-11,9.1944e-02,1.0312
1654.66,-1.11381445e-03,6.216192e-03,1.129144e-05,-9.1673224567e-11,9.8646e-02,1.0312
1655.17,-9.74565056e-04,6.166330e-03,1.137506e-05,-9.1674001723e-11,1.0530e-01,1.0312
1655.68,-6.95148467e-04,6.110977e-03,1.141314e-05,-9.1674334790e-11,1.1191e-01,1.0312
1656.18,-3.66951336e-04,6.055635e-03,1.140796e-05,-9.1675445013e-11,1.1848e-01,1.0312
1656.69,-7.93832152e-05,6.003060e-03,1.136211e-05,-9.1676000125e-11,1.2500e-01,1.0312
1657.20,1.10385487e-04,5.957324e-03,1.127767e-05,-9.1676999325e-11,1.3147e-01,1.0312
1657.70,1.89707873e-04,5.925011e-03,1.115642e-05,-9.1678664660e-11,1.3790e-01,1.0312
1658.21,1.83548786e-04,5.915854e-03,1.100072e-05,-9.1678997727e-11,1.4429e-01,1.0312
1658.72,1.33235821e-04,5.925194e-03,1.081368e-05,-9.1679441816e-11,1.5062e-01,1.0312
1659.22,7.48252452e-05,5.956365e-03,1.059955e-05,-9.1748941777e-11,1.0572e-01,1.0250
1659.73,2.73431012e-05,5.994839e-03,1.036373e-05,-9.1750163023e-11,1.1289e-01,1.0250
1660.24,-8.38500631e-06,6.034867e-03,1.011234e-05,-9.1751384268e-11,1.2002e-01,1.0250
1660.74,-4.39648123e-05,6.065585e-03,9.851647e-06,-9.1752494491e-11,1.2691e-01,1.0250
1661.25,-9.89802854e-05,6.082733e-03,9.587325e-06,-9.1752827558e-11,1.3345e-01,1.0250
1661.76,-1.97835248e-04,6.085343e-03,9.324229e-06,-9.1753160625e-11,1.3994e-01,1.0250
1662.26,-3.61756113e-04,6.069528e-03,9.066735e-06,-9.1766372279e-11,2.5641e-02,1.0250
1662.77,-5.93096214e-04,6.045242e-03,8.819405e-06,-9.2032159671e-11,2.8293e-02,1.0312
1663.28,-8.58717305e-04,6.020845e-03,8.587203e-06,-9.2394092377e-11,3.6789e-02,1.0375
1663.78,-1.08935866e-03,5.994293e-03,8.374534e-06,-9.2537533192e-11,4.2645e-02,1.0375
1664.29,-1.19923149e-03,5.967524e-03,8.183725e-06,-9.2850060973e-11,4.6041e-02,1.0437
1664.80,-1.11631609e-03,5.941439e-03,8.014157e-06,-9.3002383572e-11,4.7793e-02,1.0437
1665.30,-8.12990530e-04,5.913136e-03,7.862945e-06,-9.3048568850e-11,4.2827e-02,1.0500
1665.81,-3.21952500e-04,5.884842e-03,7.726755e-06,-9.3050012140e-11,3.9605e-02,1.0500
1666.32,2.68816045e-04,5.855472e-03,7.603408e-06,-9.3050678274e-11,3.7126e-02,1.0500
1666.83,8.32496760e-04,5.823917e-03,7.492287e-06,-9.3050678274e-11,3.4980e-02,1.0500
1667.33,1.23176691e-03,5.789495e-03,7.393667e-06,-9.3052676675e-11,3.2923e-02,1.0500
1667.84,1.35959263e-03,5.752033e-03,7.307770e-06,-9.3053342809e-11,3.6506e-02,1.0500
1668.35,1.17268760e-03,5.712041e-03,7.234140e-06,-9.3053675876e-11,4.3313e-02,1.0500
1668.85,6.93761349e-04,5.671972e-03,7.171480e-06,-9.3055452233e-11,5.0081e-02,1.0500
1669.36,-2.17703179e-05,5.635194e-03,7.117707e-06,-9.3056007344e-11,5.6808e-02,1.0500
1669.87,-9.25071299e-04,5.605168e-03,7.069854e-06,-9.3056007344e-11,6.3495e-02,1.0500
1670.37,-1.98330707e-03,5.584994e-03,7.023917e-06,-9.3057117567e-11,7.0140e-02,1.0500
1670.88,-3.15051187e-03,5.576294e-03,6.975170e-06,-9.3126950595e-11,5.9835e-02,1.0437
1671.39,-4.33016083e-03,5.579612e-03,6.919011e-06,-9.3127283662e-11,6.6584e-02,1.0437
1671.89,-5.36977335e-03,5.593749e-03,6.851796e-06,-9.3128837975e-11,7.3290e-02,1.0437
1672.40,-6.09158395e-03,5.616663e-03,6.771202e-06,-9.3129726153e-11,7.9954e-02,1.0437
1672.91,-6.34421361e-03,5.645552e-03,6.676254e-06,-9.3130503309e-11,8.6576e-02,1.0437
1673.41,-6.05156196e-03,5.677536e-03,6.567308e-06,-9.3131946599e-11,9.3155e-02,1.0437
1673.92,-5.24315144e-03,5.709681e-03,6.446165e-06,-9.3132390688e-11,9.9691e-02,1.0437
1674.43,-4.05891217e-03,5.739888e-03,6.316168e-06,-9.3134278067e-11,1.0618e-01,1.0437
1674.93,-2.72921974e-03,5.766741e-03,6.181785e-06,-9.3135166246e-11,1.1264e-01,1.0437
1675.44,-1.52013731e-03,5.789902e-03,6.046967e-06,-9.3135388290e-11,1.1904e-01,1.0437
1675.95,-6.65795792e-04,5.810132e-03,5.913048e-06,-9.3136720558e-11,1.2541e-01,1.0437
1676.45,-3.08413723e-04,5.829110e-03,5.778154e-06,-9.3136942603e-11,1.3173e-01,1.0437
1676.96,-4.64771224e-04,5.848662e-03,5.639207e-06,-9.3207774832e-11,1.2521e-01,1.0375
1677.47,-1.01292587e-03,5.870249e-03,5.494763e-06,-9.3208440965e-11,2.6881e-02,1.0375
1677.97,-1.73653482e-03,5.894795e-03,5.346208e-06,-9.3209662211e-11,1.9647e-02,1.0375
1678.48,-2.39829104e-03,5.922483e-03,5.196502e-06,-9.3210994478e-11,2.2432e-02,1.0375
1678.99,-2.80887696e-03,5.952808e-03,5.048446e-06,-9.3341889773e-11,2.3498e-02,1.0437
1679.49,-2.87065464e-03,5.984680e-03,4.903489e-06,-9.3342777951e-11,2.7078e-02,1.0437
1680.00,-2.58601592e-03,6.016614e-03,4.761211e-06,-9.3342888974e-11,2.4821e-02,1.0437
1680.51,-2.04331329e-03,6.047167e-03,4.618990e-06,-9.3344110219e-11,2.4655e-02,1.0437
1681.02,-1.38141908e-03,6.075220e-03,4.471630e-06,-9.3343666130e-11,2.2900e-02,1.0437
1681.52,-7.45138533e-04,6.099822e-03,4.312478e-06,-9.3346885777e-11,2.0232e-02,1.0437
1682.03,-2.43190632e-04,6.120478e-03,4.137166e-06,-9.3346996799e-11,2.3660e-02,1.0437
1682.54,7.81884091e-05,6.137090e-03,3.948457e-06,-9.3347773955e-11,3.0624e-02,1.0437
1683.04,2.36539752e-04,6.153907e-03,3.758424e-06,-9.3348995200e-11,3.7548e-02,1.0437
1683.55,2.96359685e-04,6.172391e-03,3.587014e-06,-9.3350105423e-11,4.4431e-02,1.0437
1684.06,3.39504265e-04,6.190523e-03,3.456104e-06,-9.3350549513e-11,5.1272e-02,1.0437
1684.56,4.36918843e-04,6.205844e-03,3.381868e-06,-9.3350771557e-11,5.8073e-02,1.0437
1685.07,6.31133001e-04,6.216246e-03,3.368375e-06,-9.3352769959e-11,6.4831e-02,1.0437
1685.58,9.31389977e-04,6.220505e-03,3.407721e-06,-9.3353547115e-11,7.1548e-02,1.0437
1686.08,1.31993981e-03,6.218509e-03,3.487720e-06,-9.3354435293e-11,7.8222e-02,1.0437
1686.59,1.76411290e-03,6.211122e-03,3.601323e-06,-9.3355323472e-11,8.4855e-02,1.0437
1687.10,2.22579851e-03,6.199663e-03,3.750136e-06,-9.3355434494e-11,9.1444e-02,1.0437
1687.60,2.66672291e-03,6.185249e-03,3.939739e-06,-9.3356433695e-11,9.7992e-02,1.0437
1688.11,3.05436339e-03,6.168432e-03,4.171553e-06,-9.3358543118e-11,1.0450e-01,1.0437
1688.62,3.35871126e-03,6.149157e-03,4.438666e-06,-9.3359875386e-11,1.1096e-01,1.0437
1689.12,3.54973960e-03,6.127124e-03,4.728490e-06,-9.3427487968e-11,1.0353e-01,1.0375
1689.63,3.59571820e-03,6.102249e-03,5.028710e-06,-9.3428820236e-11,1.1046e-01,1.0375
1690.14,3.47125399e-03,6.074811e-03,5.331811e-06,-9.3428820236e-11,1.1724e-01,1.0375
1690.64,3.18136103e-03,6.044622e-03,5.635552e-06,-9.3430818637e-11,1.2369e-01,1.0375
1691.15,2.77676244e-03,6.011176e-03,5.941087e-06,-9.3431373749e-11,1.3010e-01,1.0375
1691.66,2.33671773e-03,5.974053e-03,6.250774e-06,-9.3433039083e-11,1.3646e-01,1.0375
1692.16,1.91655682e-03,5.932918e-03,6.566024e-06,-9.3432706016e-11,1.4278e-01,1.0375
1692.67,1.49661735e-03,5.887813e-03,6.886058e-06,-9.3433594195e-11,1.4906e-01,1.0375
1693.18,9.77695930e-04,5.839471e-03,7.207419e-06,-9.3434482373e-11,1.5529e-01,1.0375
1693.68,2.47415811e-04,5.789850e-03,7.525207e-06,-9.3435370552e-11,1.6147e-01,1.0375
1694.19,-7.23971125e-04,5.739944e-03,7.835295e-06,-9.3436258730e-11,1.6761e-01,1.0375
1694.70,-1.82793614e-03,5.691845e-03,8.135492e-06,-9.3506757892e-11,1.1806e-01,1.0312
1695.21,-2.84397236e-03,5.653636e-03,8.425616e-06,-9.3506868915e-11,1.2492e-01,1.0312
1695.71,-3.53023715e-03,5.626578e-03,8.705758e-06,-9.3507424026e-11,1.3143e-01,1.0312
1696.22,-3.71684739e-03,5.609927e-03,8.974606e-06,-9.3508756294e-11,1.3786e-01,1.0312
1696.73,-3.36887755e-03,5.604672e-03,9.229306e-06,-9.3510532650e-11,1.4425e-01,1.0312
1697.23,-2.59631199e-03,5.609880e-03,9.466546e-06,-9.3510088561e-11,1.5059e-01,1.0312
1697.74,-1.61393079e-03,5.624137e-03,9.683362e-06,-9.3511087762e-11,1.5688e-01,1.0312
1698.25,-6.74489364e-04,5.644748e-03,9.876964e-06,-9.3511975940e-11,1.6312e-01,1.0312
1698.75,6.73712944e-06,5.667804e-03,1.004366e-05,-9.3512864119e-11,1.6932e-01,1.0312
1699.26,3.12182769e-04,5.690960e-03,1.017795e-05,-9.3513641275e-11,1.7548e-01,1.0312
1699.77,2.46005203e-04,5.712544e-03,1.027274e-05,-9.3616225882e-11,3.1679e-02,1.0250
1700.27,-8.49674514e-05,5.733295e-03,1.032105e-05,-9.3617114061e-11,2.4238e-02,1.0250
1700.78,-5.24337782e-04,5.754066e-03,1.031782e-05,-9.3620222685e-11,2.3958e-02,1.0250
1701.29,-9.29174025e-04,5.776396e-03,1.026139e-05,-9.3621999042e-11,2.8477e-02,1.0250
1701.79,-1.21470886e-03,5.802468e-03,1.015416e-05,-9.3624774600e-11,3.4376e-02,1.0250
1702.30,-1.36209969e-03,5.833538e-03,1.000162e-05,-9.3625218689e-11,4.0755e-02,1.0250
1702.81,-1.39328984e-03,5.870573e-03,9.810864e-06,-9.3626995046e-11,4.7740e-02,1.0250
1703.31,-1.33810644e-03,5.914567e-03,9.589178e-06,-9.3628771403e-11,5.3652e-02,1.0250
1703.82,-1.22012533e-03,5.966744e-03,9.343483e-06,-9.3628660380e-11,5.7770e-02,1.0250
1704.33,-1.06591546e-03,6.028030e-03,9.080660e-06,-9.3631324916e-11,5.0247e-02,1.0250
1704.83,-9.16819009e-04,6.096833e-03,8.806888e-06,-9.3630880826e-11,4.3896e-02,1.0250
1705.34,-8.20292562e-04,6.169749e-03,8.527955e-06,-9.3633323317e-11,4.0557e-02,1.0250
1705.85,-8.01549495e-04,6.239728e-03,8.250874e-06,-9.3634322518e-11,4.6583e-02,1.0250
1706.35,-8.41688630e-04,6.300471e-03,7.984907e-06,-9.3634100473e-11,5.2100e-02,1.0250
1706.86,-8.87461652e-04,6.353437e-03,7.741807e-06,-9.3636876031e-11,2.1173e-02,1.0250
1707.37,-8.89548495e-04,6.401173e-03,7.533958e-06,-9.3644647592e-11,1.8984e-02,1.0312
1707.88,-8.42008699e-04,6.446278e-03,7.371105e-06,-9.3675622814e-11,1.9491e-02,1.0312
1708.38,-7.92341986e-04,6.490065e-03,7.258459e-06,-9.3974383830e-11,2.4390e-02,1.0312
1708.89,-8.14235208e-04,6.532011e-03,7.197391e-06,-9.3997587491e-11,2.1798e-02,1.0375
1709.40,-9.60128923e-04,6.570733e-03,7.187587e-06,-9.3997365447e-11,2.4475e-02,1.0375
1709.90,-1.22463269e-03,6.604054e-03,7.227983e-06,-9.3999141804e-11,2.7128e-02,1.0375
1710.41,-1.54193935e-03,6.630256e-03,7.314834e-06,-9.3999696915e-11,2.9093e-02,1.0375
1710.92,-1.81319864e-03,6.648699e-03,7.438501e-06,-9.4000474071e-11,2.9809e-02,1.0375
1711.42,-1.94723058e-03,6.660136e-03,7.582452e-06,-9.4002361450e-11,2.9163e-02,1.0375
1711.93,-1.89272569e-03,6.666389e-03,7.726474e-06,-9.4003471673e-11,2.7378e-02,1.0375
1712.44,-1.65071691e-03,6.669399e-03,7.852827e-06,-9.4003249629e-11,2.4707e-02,1.0375
1712.94,-1.26897898e-03,6.670157e-03,7.951712e-06,-9.4004692919e-11,2.7928e-02,1.0375
1713.45,-8.23349994e-04,6.668243e-03,8.022807e-06,-9.4006358253e-11,3.5146e-02,1.0375
1713.96,-3.94627967e-04,6.662101e-03,8.072260e-06,-9.4006025186e-11,4.2354e-02,1.0375
1714.46,-4.68333236e-05,6.649929e-03,8.107647e-06,-9.4007912566e-11,4.9558e-02,1.0375
1714.97,1.87571506e-04,6.630857e-03,8.134116e-06,-9.4006913365e-11,5.6760e-02,1.0375
1715.48,3.09397185e-04,6.605682e-03,8.153043e-06,-9.4008800744e-11,6.3767e-02,1.0375
1715.98,3.47113332e-04,6.576574e-03,8.162481e-06,-9.4009910967e-11,7.0593e-02,1.0375
1716.49,3.42049842e-04,6.546267e-03,8.158501e-06,-9.4011132212e-11,7.7355e-02,1.0375
1717.00,3.34536914e-04,6.517080e-03,8.137004e-06,-9.4011798346e-11,8.4072e-02,1.0375
1717.50,3.55971127e-04,6.490369e-03,8.095205e-06,-9.4012353458e-11,9.0746e-02,1.0375
1718.01,4.22033753e-04,6.466689e-03,8.031604e-06,-9.4014573904e-11,9.7376e-02,1.0375
1718.52,5.34385494e-04,6.445980e-03,7.944456e-06,-9.4013574703e-11,1.0396e-01,1.0375
1719.02,6.84189756e-04,6.427800e-03,7.830296e-06,-9.4015351060e-11,1.1050e-01,1.0375
1719.53,8.58644272e-04,6.411264e-03,7.684162e-06,-9.4015129015e-11,1.1700e-01,1.0375
1720.04,1.04810343e-03,6.395644e-03,7.501718e-06,-9.4017238439e-11,1.2346e-01,1.0375
1720.54,1.24914135e-03,6.378413e-03,7.282281e-06,-9.4018570707e-11,1.2987e-01,1.0375
1721.05,1.46102496e-03,6.357323e-03,7.030715e-06,-9.4019458885e-11,1.3623e-01,1.0375
1721.56,1.68093088e-03,6.330120e-03,6.756886e-06,-9.4088181690e-11,1.2075e-01,1.0312
1722.07,1.90409042e-03,6.294502e-03,6.472620e-06,-9.4089513958e-11,1.2745e-01,1.0312
1722.57,2.13038171e-03,6.248717e-03,6.187927e-06,-9.4089958047e-11,1.3390e-01,1.0312
1723.08,2.36976607e-03,6.192491e-03,5.908578e-06,-9.4091401337e-11,1.4032e-01,1.0312
1723.59,2.63945286e-03,6.127333e-03,5.637086e-06,-9.4092289515e-11,1.4668e-01,1.0312
1724.09,2.95688916e-03,6.056265e-03,5.375766e-06,-9.4092733605e-11,1.5300e-01,1.0312
1724.60,3.33318658e-03,5.984249e-03,5.130894e-06,-9.4094620984e-11,1.5928e-01,1.0312
1725.11,3.76936023e-03,5.917594e-03,4.916112e-06,-9.4095398140e-11,1.6551e-01,1.0312
1725.61,4.25534779e-03,5.862211e-03,4.752424e-06,-9.4095953251e-11,1.7169e-01,1.0312
1726.12,4.76813876e-03,5.822396e-03,4.662791e-06,-9.4097396541e-11,1.7782e-01,1.0312
1726.63,5.27008445e-03,5.800136e-03,4.662429e-06,-9.4279806184e-11,2.8506e-02,1.0250
1727.13,5.71187761e-03,5.795179e-03,4.751206e-06,-9.4392826888e-11,3.1421e-02,1.0250
1727.64,6.04166358e-03,5.803780e-03,4.915250e-06,-9.4507401904e-11,3.3172e-02,1.0250
1728.15,6.21425614e-03,5.818790e-03,5.136811e-06,-9.4608099133e-11,3.6728e-02,1.0250
1728.65,6.19458906e-03,5.833546e-03,5.403986e-06,-9.4684482477e-11,4.0982e-02,1.0250
1729.16,5.95993578e-03,5.842404e-03,5.712487e-06,-9.4728669353e-11,3.6145e-02,1.0250
1729.67,5.51231190e-03,5.842552e-03,6.060841e-06,-9.4859786692e-11,2.4700e-02,1.0375
1730.17,4.89837521e-03,5.833558e-03,6.445201e-06,-9.4862895317e-11,2.5487e-02,1.0375
1730.68,4.21260658e-03,5.817357e-03,6.857661e-06,-9.4917740334e-11,2.5523e-02,1.0375
1731.19,3.56356578e-03,5.797626e-03,7.287960e-06,-9.5295660252e-11,2.8696e-02,1.0375
1731.69,3.01477198e-03,5.777202e-03,7.726196e-06,-9.5312646664e-11,3.0139e-02,1.0437
1732.20,2.54583620e-03,5.758304e-03,8.164691e-06,-9.5312979731e-11,2.9852e-02,1.0437
1732.71,2.06636166e-03,5.741740e-03,8.598466e-06,-9.5314867110e-11,2.8266e-02,1.0437
1733.21,1.48418184e-03,5.727021e-03,9.024674e-06,-9.5315533244e-11,2.5899e-02,1.0437
1733.72,7.79607737e-04,5.713207e-03,9.441416e-06,-9.5315311199e-11,2.2979e-02,1.0437
1734.23,3.31506285e-05,5.699202e-03,9.846408e-06,-9.5316865512e-11,2.6647e-02,1.0437
1734.73,-6.11931967e-04,5.684518e-03,1.023607e-05,-9.5317753690e-11,3.3594e-02,1.0437
1735.24,-1.02316514e-03,5.669415e-03,1.060559e-05,-9.5319419025e-11,4.0500e-02,1.0437
1735.75,-1.14147710e-03,5.654798e-03,1.094993e-05,-9.5319974136e-11,4.7366e-02,1.0437
1736.26,-1.00316812e-03,5.641694e-03,1.126493e-05,-9.5320307203e-11,5.4190e-02,1.0437
1736.76,-7.17803042e-04,5.631265e-03,1.154785e-05,-9.5321084359e-11,6.0972e-02,1.0437
1737.27,-4.18938030e-04,5.624477e-03,1.179716e-05,-9.5321972537e-11,6.7713e-02,1.0437
1737.78,-2.12655366e-04,5.621329e-03,1.201175e-05,-9.5323637872e-11,7.4411e-02,1.0437
1738.28,-1.47236141e-04,5.622284e-03,1.219043e-05,-9.5322860716e-11,8.1068e-02,1.0437
1738.79,-2.13554185e-04,5.626861e-03,1.233172e-05,-9.5324304006e-11,8.7682e-02,1.0437
1739.30,-3.67787947e-04,5.635111e-03,1.243423e-05,-9.5324859117e-11,9.4253e-02,1.0437
1739.80,-5.58437326e-04,5.647115e-03,1.249705e-05,-9.5326524452e-11,1.0078e-01,1.0437
1740.31,-7.42822755e-04,5.662434e-03,1.251997e-05,-9.5326968541e-11,1.0727e-01,1.0437
1740.82,-8.88529848e-04,5.679811e-03,1.250325e-05,-9.5327856720e-11,1.1371e-01,1.0437
1741.32,-9.66771133e-04,5.698557e-03,1.244718e-05,-9.5397356681e-11,1.1235e-01,1.0375
1741.83,-9.48374059e-04,5.717126e-03,1.235176e-05,-9.5397578725e-11,1.1884e-01,1.0375
1742.34,-8.11862507e-04,5.733668e-03,1.221661e-05,-9.5398133837e-11,1.2528e-01,1.0375
1742.84,-5.63092375e-04,5.746144e-03,1.204217e-05,-9.5399022015e-11,1.3168e-01,1.0375
1743.35,-2.55053656e-04,5.753099e-03,1.182998e-05,-9.5400354283e-11,1.3803e-01,1.0375
1743.86,1.07387177e-05,5.752509e-03,1.158242e-05,-9.5401353484e-11,1.4434e-01,1.0375
1744.36,1.12426886e-04,5.742480e-03,1.130259e-05,-9.5402241662e-11,1.5060e-01,1.0375
1744.87,-4.36840867e-05,5.720845e-03,1.099452e-05,-9.5402574729e-11,1.5682e-01,1.0375
1745.38,-4.81852938e-04,5.684782e-03,1.066221e-05,-9.5403573930e-11,1.6299e-01,1.0375
1745.88,-1.14908246e-03,5.628695e-03,1.030850e-05,-9.5472296735e-11,1.2806e-01,1.0312
1746.39,-1.94348596e-03,5.569065e-03,9.935474e-06,-9.5472629802e-11,1.3451e-01,1.0312
1746.90,-2.75439756e-03,5.513682e-03,9.546131e-06,-9.5473517980e-11,1.4092e-01,1.0312
1747.40,-3.49078425e-03,5.475100e-03,9.142111e-06,-9.5475516382e-11,1.4728e-01,1.0312
1747.91,-4.08693622e-03,5.466768e-03,8.724766e-06,-9.5476071493e-11,1.5360e-01,1.0312
1748.42,-4.49346572e-03,5.497384e-03,8.295447e-06,-9.5477847850e-11,1.5987e-01,1.0312
1748.92,-4.66981040e-03,5.569599e-03,7.858461e-06,-9.5477736828e-11,1.6609e-01,1.0312
1749.43,-4.58874541e-03,5.675865e-03,7.416799e-06,-9.5578989168e-11,6.0551e-02,1.0250
1749.94,-4.25064799e-03,5.789848e-03,6.974139e-06,-9.5580210413e-11,6.8544e-02,1.0250
1750.45,-3.69945840e-03,5.897972e-03,6.533542e-06,-9.5582097792e-11,7.5089e-02,1.0250
1750.95,-3.02811824e-03,5.991623e-03,6.099541e-06,-9.5581875748e-11,8.2104e-02,1.0250
1751.46,-2.36377982e-03,6.065088e-03,5.679328e-06,-9.5583430060e-11,8.9020e-02,1.0250
1751.97,-1.83097584e-03,6.116469e-03,5.283142e-06,-9.5584318238e-11,9.6515e-02,1.0250
1752.47,-1.51464273e-03,6.147758e-03,4.922596e-06,-9.5586538684e-11,1.0368e-01,1.0250
1752.98,-1.44577078e-03,6.163460e-03,4.607549e-06,-9.5586982773e-11,4.1027e-02,1.0312
1753.49,-1.61843458e-03,6.157779e-03,4.343514e-06,-9.5601193628e-11,3.4380e-02,1.0312
1753.99,-2.01124164e-03,6.156471e-03,4.132040e-06,-9.5848995407e-11,4.1091e-02,1.0375
1754.50,-2.58972288e-03,6.152938e-03,3.973764e-06,-9.6123331517e-11,4.4721e-02,1.0375
1755.01,-3.28461159e-03,6.150232e-03,3.871680e-06,-9.6436414410e-11,4.6220e-02,1.0437
1755.51,-3.97451676e-03,6.149841e-03,3.831471e-06,-9.6533003813e-11,4.6342e-02,1.0437
1756.02,-4.50088497e-03,6.149634e-03,3.858923e-06,-9.6950225625e-11,4.2234e-02,1.0437
1756.53,-4.71524247e-03,6.151882e-03,3.957001e-06,-9.7513219721e-11,3.8794e-02,1.0437
1757.03,-4.53147274e-03,6.154750e-03,4.124249e-06,-9.7524543996e-11,3.6007e-02,1.0500
1757.54,-3.96051807e-03,6.155785e-03,4.355784e-06,-9.7524766041e-11,3.3562e-02,1.0500
1758.05,-3.11125024e-03,6.153073e-03,4.644409e-06,-9.7526320353e-11,3.0953e-02,1.0500
1758.55,-2.15674251e-03,6.145062e-03,4.981485e-06,-9.7528207732e-11,2.7812e-02,1.0500
1759.06,-1.28565361e-03,6.131373e-03,5.357640e-06,-9.7528207732e-11,3.3341e-02,1.0500
1759.57,-6.43545796e-04,6.111938e-03,5.763440e-06,-9.7528207732e-11,4.0168e-02,1.0500
1760.07,-2.94063929e-04,6.086911e-03,6.190062e-06,-9.7529873067e-11,4.6954e-02,1.0500
1760.58,-2.13944603e-04,6.056499e-03,6.628968e-06,-9.7531538401e-11,5.3701e-02,1.0500
1761.09,-3.16252735e-04,6.021662e-03,7.071669e-06,-9.7531316356e-11,6.0406e-02,1.0500
1761.59,-4.94247494e-04,5.983620e-03,7.509650e-06,-9.7532648624e-11,6.7071e-02,1.0500
1762.10,-6.58305579e-04,5.943989e-03,7.934560e-06,-9.7532981691e-11,7.3695e-02,1.0500
1762.61,-7.56075369e-04,5.904916e-03,8.338538e-06,-9.7534758048e-11,8.0278e-02,1.0500
1763.11,-7.76179131e-04,5.868971e-03,8.714482e-06,-9.7535202137e-11,8.6820e-02,1.0500
1763.62,-7.34003401e-04,5.838841e-03,9.056430e-06,-9.7536312360e-11,9.3321e-02,1.0500
1764.13,-6.54113057e-04,5.816475e-03,9.360090e-06,-9.7536756449e-11,9.9780e-02,1.0500
1764.64,-5.59357577e-04,5.802872e-03,9.623283e-06,-9.7537533605e-11,1.0620e-01,1.0500
1765.14,-4.64599542e-04,5.797316e-03,9.845920e-06,-9.7539198940e-11,1.1257e-01,1.0500
1765.65,-3.76078419e-04,5.797701e-03,1.002964e-05,-9.7608254812e-11,1.0993e-01,1.0437
1766.16,-2.97099971e-04,5.801169e-03,1.017709e-05,-9.7608698901e-11,1.1635e-01,1.0437
1766.66,-2.29727746e-04,5.804685e-03,1.029166e-05,-9.7609920147e-11,1.2274e-01,1.0437
1767.17,-1.72849292e-04,5.805628e-03,1.037765e-05,-9.7611363437e-11,1.2908e-01,1.0437
1767.68,-1.23339023e-04,5.802412e-03,1.043962e-05,-9.7611807526e-11,1.3537e-01,1.0437
1768.18,-7.87900427e-05,5.794689e-03,1.048115e-05,-9.7613028771e-11,1.4163e-01,1.0437
1768.69,-3.66009001e-05,5.779974e-03,1.050325e-05,-9.7613139793e-11,1.4784e-01,1.0437
1769.20,7.44290009e-06,5.767290e-03,1.050397e-05,-9.7683194866e-11,1.2737e-01,1.0375
1769.70,5.93147535e-05,5.754903e-03,1.048056e-05,-9.7683305889e-11,3.8280e-02,1.0375
1770.21,1.26034552e-04,5.743770e-03,1.043132e-05,-9.7685304290e-11,1.8776e-02,1.0375
1770.72,2.13129318e-04,5.734165e-03,1.035630e-05,-9.7738039884e-11,1.9041e-02,1.0375
1771.22,3.21548643e-04,5.726796e-03,1.025610e-05,-9.7823638079e-11,1.8399e-02,1.0375
1771.73,4.46480181e-04,5.723807e-03,1.013090e-05,-9.7894692352e-11,1.7779e-02,1.0437
1772.24,5.77710478e-04,5.726577e-03,9.979769e-06,-9.7895136442e-11,1.6280e-02,1.0437
1772.74,7.01877546e-04,5.741525e-03,9.801659e-06,-9.7896801776e-11,1.7918e-02,1.0437
1773.25,8.09771298e-04,5.769725e-03,9.599867e-06,-9.7897356888e-11,2.4913e-02,1.0437
1773.76,9.05200924e-04,5.804921e-03,9.383721e-06,-9.7898911200e-11,3.1869e-02,1.0437
1774.26,1.00861460e-03,5.837379e-03,9.166940e-06,-9.7900243468e-11,3.8785e-02,1.0437
1774.77,1.14803765e-03,5.858907e-03,8.961888e-06,-9.7900798579e-11,4.5660e-02,1.0437
1775.28,1.34021091e-03,5.866329e-03,8.773498e-06,-9.7901686757e-11,5.2494e-02,1.0437
1775.78,1.56859378e-03,5.862133e-03,8.597076e-06,-9.7969077295e-11,5.7534e-02,1.0375
1776.29,1.77520166e-03,5.852795e-03,8.421919e-06,-9.7969965474e-11,6.4738e-02,1.0375
1776.80,1.87697326e-03,5.845487e-03,8.239207e-06,-9.7971297741e-11,7.1969e-02,1.0375
1777.30,1.80137193e-03,5.845197e-03,8.049354e-06,-9.7972296942e-11,7.9163e-02,1.0375
1777.81,1.52541296e-03,5.853525e-03,7.864163e-06,-9.7972852053e-11,8.6093e-02,1.0375
1778.32,1.09058554e-03,5.869208e-03,7.702000e-06,-9.7974073299e-11,9.3026e-02,1.0375
1778.83,5.87565426e-04,5.889914e-03,7.578188e-06,-9.7975405566e-11,9.9699e-02,1.0375
1779.33,1.24222641e-04,5.913718e-03,7.496647e-06,-9.7975516589e-11,1.0627e-01,1.0375
1779.84,-2.10989118e-04,5.939287e-03,7.448799e-06,-9.7977181923e-11,1.1280e-01,1.0375
1780.35,-3.71129091e-04,5.965216e-03,7.420326e-06,-9.7977737035e-11,1.1928e-01,1.0375
1780.85,-3.54165486e-04,5.989785e-03,7.400068e-06,-9.7978514191e-11,1.2572e-01,1.0375
1781.36,-1.94417192e-04,6.011392e-03,7.384477e-06,-9.7980068503e-11,1.3211e-01,1.0375
1781.87,5.35782055e-05,6.029150e-03,7.376096e-06,-9.7980290548e-11,1.3846e-01,1.0375
1782.37,3.32283354e-04,6.042285e-03,7.377892e-06,-9.7982622016e-11,1.4477e-01,1.0375
1782.88,5.95682133e-04,6.049701e-03,7.388636e-06,-9.7981400771e-11,1.5103e-01,1.0375
1783.39,8.18134474e-04,6.049487e-03,7.402014e-06,-9.8053121178e-11,9.9434e-02,1.0312
1783.89,9.95503119e-04,6.045253e-03,7.409124e-06,-9.8054231401e-11,1.0627e-01,1.0312
1784.40,1.13915679e-03,6.042364e-03,7.402260e-06,-9.8054231401e-11,1.1288e-01,1.0312
1784.91,1.26589017e-03,6.046446e-03,7.377039e-06,-9.8055563669e-11,1.1944e-01,1.0312
1785.41,1.38863951e-03,6.057678e-03,7.332592e-06,-9.8057006959e-11,1.2595e-01,1.0312
1785.92,1.51168368e-03,6.077052e-03,7.269631e-06,-9.8056562869e-11,1.3242e-01,1.0312
1786.43,1.63059652e-03,6.104857e-03,7.189206e-06,-9.8057451048e-11,1.3884e-01,1.0312
1786.93,1.73740121e-03,6.140990e-03,7.090637e-06,-9.8058561271e-11,1.4522e-01,1.0312
1787.44,1.82651966e-03,6.184906e-03,6.971032e-06,-9.8060004561e-11,1.5155e-01,1.0312
1787.95,1.89908620e-03,6.236476e-03,6.825726e-06,-9.8060448650e-11,1.5784e-01,1.0312
1788.45,1.96295094e-03,6.292602e-03,6.650098e-06,-9.8163810414e-11,6.9531e-02,1.0250
1788.96,2.02831944e-03,6.350489e-03,6.441458e-06,-9.8164920637e-11,7.6607e-02,1.0250
1789.47,2.10235673e-03,6.399521e-03,6.203996e-06,-9.8166030860e-11,8.3574e-02,1.0250
1789.97,2.18492480e-03,6.443346e-03,5.948600e-06,-9.8166696993e-11,9.0902e-02,1.0250
1790.48,2.26771879e-03,6.482793e-03,5.689653e-06,-9.8167030060e-11,9.8407e-02,1.0250
1790.99,2.33647461e-03,6.515793e-03,5.439741e-06,-9.8168029261e-11,1.0546e-01,1.0250
1791.50,2.37615823e-03,6.539043e-03,5.202535e-06,-9.8169250506e-11,1.1258e-01,1.0250
1792.00,2.37845466e-03,6.555443e-03,4.973771e-06,-9.8170138685e-11,1.1959e-01,1.0250
1792.51,2.34963907e-03,6.579974e-03,4.744850e-06,-9.8170582774e-11,1.2633e-01,1.0250
1793.02,2.31391728e-03,6.607741e-03,4.509160e-06,-9.8171581975e-11,1.3288e-01,1.0250
1793.52,2.30542314e-03,6.641992e-03,4.266808e-06,-9.8172359131e-11,1.3937e-01,1.0250
1794.03,2.34842152e-03,6.687318e-03,4.027542e-06,-9.8218655431e-11,3.3025e-02,1.0250
1794.54,2.43822033e-03,6.741303e-03,3.802750e-06,-9.8441255147e-11,2.9134e-02,1.0312
1795.04,2.53925146e-03,6.805069e-03,3.601296e-06,-9.8652308544e-11,2.5923e-02,1.0312
1795.55,2.60113428e-03,6.873552e-03,3.430219e-06,-9.9217301042e-11,3.1802e-02,1.0375
1796.06,2.57075745e-03,6.931437e-03,3.296197e-06,-1.0007161766e-10,3.6225e-02,1.0375
1796.56,2.38086947e-03,6.974067e-03,3.207104e-06,-1.0021661279e-10,3.8756e-02,1.0437
1797.07,1.93170283e-03,7.001308e-03,3.173407e-06,-1.0021794505e-10,3.9612e-02,1.0437
1797.58,1.10887981e-03,7.014715e-03,3.203826e-06,-1.0021872221e-10,3.8754e-02,1.0437
1798.08,-1.44073170e-04,7.012439e-03,3.298496e-06,-1.0021949937e-10,3.5608e-02,1.0437
1798.59,-1.74598544e-03,6.994892e-03,3.445366e-06,-1.0022005448e-10,3.3073e-02,1.0437
1799.10,-3.46237451e-03,6.963658e-03,3.624596e-06,-1.0022138675e-10,3.0845e-02,1.0437
1799.60,-4.97498914e-03,6.921401e-03,3.817652e-06,-1.0022171981e-10,3.7767e-02,1.0437
1800.11,-5.98832030e-03,6.871084e-03,4.013662e-06,-1.0022271901e-10,4.4648e-02,1.0437
1800.62,-6.31106323e-03,6.815256e-03,4.210578e-06,-1.0022316310e-10,5.1489e-02,1.0437
1801.12,-5.89318273e-03,6.756053e-03,4.412980e-06,-1.0022427333e-10,5.8287e-02,1.0437
1801.63,-4.82026093e-03,6.695443e-03,4.628829e-06,-1.0022549457e-10,6.5045e-02,1.0437
1802.14,-3.29985280e-03,6.635279e-03,4.865927e-06,-1.0022649377e-10,7.1760e-02,1.0437
1802.64,-1.62000800e-03,6.577320e-03,5.128568e-06,-1.0022760399e-10,7.8433e-02,1.0437
1803.15,-9.66159264e-05,6.522852e-03,5.415978e-06,-1.0022815911e-10,8.5064e-02,1.0437
1803.66,1.00861893e-03,6.471310e-03,5.723486e-06,-1.0023037955e-10,9.1652e-02,1.0437
1804.16,1.55751404e-03,6.422563e-03,6.045214e-06,-1.0022938035e-10,9.8198e-02,1.0437
1804.67,1.56702902e-03,6.374627e-03,6.375937e-06,-1.0029999054e-10,9.0787e-02,1.0375
1805.18,1.17525870e-03,6.324947e-03,6.711244e-06,-1.0030143383e-10,9.7417e-02,1.0375
1805.69,5.63858796e-04,6.270991e-03,7.046921e-06,-1.0030154485e-10,1.0400e-01,1.0375
1806.19,-1.08832317e-04,6.211966e-03,7.378724e-06,-1.0030287712e-10,1.1055e-01,1.0375
1806.70,-7.35856882e-04,6.144904e-03,7.702564e-06,-1.0030387632e-10,1.1704e-01,1.0375
1807.21,-1.25032335e-03,6.073043e-03,8.014420e-06,-1.0030465347e-10,1.2350e-01,1.0375
1807.71,-1.60392716e-03,5.997810e-03,8.310065e-06,-1.0030520858e-10,1.2991e-01,1.0375
1808.22,-1.76029539e-03,5.922999e-03,8.584908e-06,-1.0030698494e-10,1.3627e-01,1.0375
1808.73,-1.70374178e-03,5.851415e-03,8.834207e-06,-1.0030742903e-10,1.4259e-01,1.0375
1809.23,-1.45449865e-03,5.789580e-03,9.053545e-06,-1.0030853925e-10,2.4747e-02,1.0375
1809.74,-1.07123405e-03,5.737407e-03,9.239144e-06,-1.0030953845e-10,1.9931e-02,1.0375
1810.25,-6.34826331e-04,5.698492e-03,9.388137e-06,-1.0031853126e-10,2.2266e-02,1.0375
1810.75,-2.20344354e-04,5.671249e-03,9.499140e-06,-1.0033918141e-10,2.4392e-02,1.0375
1811.26,1.26865666e-04,5.654225e-03,9.573313e-06,-1.0041922849e-10,2.5999e-02,1.0375
1811.77,3.97374475e-04,5.645323e-03,9.615391e-06,-1.0069800549e-10,2.6897e-02,1.0375
1812.27,6.09222204e-04,5.642256e-03,9.633468e-06,-1.0102230164e-10,2.6996e-02,1.0437
1812.78,7.93937310e-04,5.643005e-03,9.636468e-06,-1.0102418901e-10,2.6348e-02,1.0437
1813.29,9.86349512e-04,5.646225e-03,9.630140e-06,-1.0102418901e-10,2.5114e-02,1.0437
1813.79,1.21704353e-03,5.651499e-03,9.614377e-06,-1.0102585435e-10,2.3427e-02,1.0437
1814.30,1.50855939e-03,5.659256e-03,9.584223e-06,-1.0102629844e-10,2.9343e-02,1.0437
1814.81,1.87029768e-03,5.670339e-03,9.533929e-06,-1.0102774173e-10,3.6274e-02,1.0437
1815.31,2.30005155e-03,5.685481e-03,9.460867e-06,-1.0102862991e-10,4.3164e-02,1.0437
1815.82,2.78504636e-03,5.704954e-03,9.366689e-06,-1.0103018422e-10,5.0013e-02,1.0437
1816.33,3.30396880e-03,5.728534e-03,9.255701e-06,-1.0102985115e-10,5.6821e-02,1.0437
1816.83,3.82816947e-03,5.755678e-03,9.132349e-06,-1.0103129444e-10,6.3587e-02,1.0437
1817.34,4.32309519e-03,5.785512e-03,8.999742e-06,-1.0103096137e-10,7.0311e-02,1.0437
1817.85,4.74563419e-03,5.817550e-03,8.859966e-06,-1.0103340387e-10,7.6993e-02,1.0437
1818.35,5.03671235e-03,5.850879e-03,8.715707e-06,-1.0103440307e-10,8.3633e-02,1.0437
1818.86,5.12337768e-03,5.884956e-03,8.571678e-06,-1.0103429204e-10,9.0231e-02,1.0437
1819.37,4.94930756e-03,5.919046e-03,8.434194e-06,-1.0103529124e-10,9.6786e-02,1.0437
1819.88,4.52550035e-03,5.952601e-03,8.308329e-06,-1.0110356996e-10,1.0158e-01,1.0375
1820.38,3.94985138e-03,5.985246e-03,8.194444e-06,-1.0110556836e-10,1.0837e-01,1.0375
1820.89,3.35791582e-03,6.017444e-03,8.087341e-06,-1.0110601245e-10,1.1488e-01,1.0375
1821.40,2.82290614e-03,6.049167e-03,7.979960e-06,-1.0110756676e-10,1.2135e-01,1.0375
1821.90,2.28735381e-03,6.079878e-03,7.870210e-06,-1.0110778881e-10,1.2777e-01,1.0375
1822.41,1.59298074e-03,6.108365e-03,7.766980e-06,-1.0110856596e-10,1.3415e-01,1.0375
1822.92,6.07074440e-04,6.132951e-03,7.690723e-06,-1.0110978721e-10,1.4049e-01,1.0375
1823.42,-6.49738206e-04,6.151540e-03,7.666078e-06,-1.0111078641e-10,1.4678e-01,1.0375
1823.93,-1.97336053e-03,6.162514e-03,7.708993e-06,-1.0111178561e-10,1.5302e-01,1.0375
1824.44,-3.06379645e-03,6.165161e-03,7.816928e-06,-1.0111167459e-10,1.5923e-01,1.0375
1824.94,-3.66005284e-03,6.159989e-03,7.969451e-06,-1.0118061944e-10,1.1546e-01,1.0312
1825.45,-3.64243739e-03,6.148174e-03,8.139377e-06,-1.0122058747e-10,1.7731e-02,1.0375
1825.96,-3.06698381e-03,6.131257e-03,8.305463e-06,-1.0130007944e-10,2.5509e-02,1.0375
1826.46,-2.13909869e-03,6.109894e-03,8.458316e-06,-1.0130096761e-10,2.7863e-02,1.0375
1826.97,-1.14370008e-03,6.084053e-03,8.598340e-06,-1.0130229988e-10,2.7966e-02,1.0375
1827.48,-3.49201470e-04,6.053420e-03,8.728341e-06,-1.0130318806e-10,2.7038e-02,1.0375
1827.98,7.88206773e-05,6.017962e-03,8.847648e-06,-1.0130385419e-10,3.2951e-02,1.0375
1828.49,1.19689594e-04,5.979398e-03,8.950236e-06,-1.0130496442e-10,3.9944e-02,1.0375
1829.00,-1.26032039e-04,5.943420e-03,9.027496e-06,-1.0130551953e-10,4.6896e-02,1.0375
1829.50,-5.05557949e-04,5.917179e-03,9.069851e-06,-1.0130651873e-10,5.3804e-02,1.0375
1830.01,-8.86001860e-04,5.906300e-03,9.069428e-06,-1.0130762895e-10,6.0670e-02,1.0375
1830.52,-1.19594136e-03,5.912967e-03,9.021617e-06,-1.0130740691e-10,6.7493e-02,1.0375
1831.02,-1.42707902e-03,5.930840e-03,8.924824e-06,-1.0130907224e-10,7.4273e-02,1.0375
1831.53,-1.60856855e-03,5.948799e-03,8.778942e-06,-1.0130996042e-10,8.1010e-02,1.0375
1832.04,-1.77409905e-03,5.958072e-03,8.583935e-06,-1.0131051553e-10,8.7703e-02,1.0375
1832.54,-1.93915447e-03,5.958275e-03,8.339756e-06,-1.0131229189e-10,9.4353e-02,1.0375
1833.05,-2.09609792e-03,5.951842e-03,8.046984e-06,-1.0131318007e-10,1.0096e-01,1.0375
1833.56,-2.22441952e-03,5.941401e-03,7.708055e-06,-1.0131373518e-10,1.0752e-01,1.0375
1834.07,-2.30703696e-03,5.930103e-03,7.328567e-06,-1.0131573358e-10,1.1404e-01,1.0375
1834.57,-2.34566243e-03,5.920643e-03,6.917655e-06,-1.0138379025e-10,8.3130e-02,1.0312
1835.08,-2.36803483e-03,5.914335e-03,6.487905e-06,-1.0138345719e-10,9.0198e-02,1.0312
1835.59,-2.42459069e-03,5.911106e-03,6.055251e-06,-1.0138523354e-10,9.7281e-02,1.0312
1836.09,-2.57146168e-03,5.909937e-03,5.638196e-06,-1.0138656581e-10,1.0423e-01,1.0312
1836.60,-2.84282719e-03,5.910735e-03,5.255746e-06,-1.0138656581e-10,1.1091e-01,1.0312
1837.11,-3.22726955e-03,5.914823e-03,4.925067e-06,-1.0138823114e-10,8.9423e-03,1.0312
1837.61,-3.65906678e-03,5.924016e-03,4.661185e-06,-1.0138967443e-10,1.5416e-02,1.0312
1838.12,-4.03297770e-03,5.938783e-03,4.479127e-06,-1.0139011852e-10,2.5760e-02,1.0312
1838.63,-4.23734123e-03,5.957939e-03,4.394922e-06,-1.0139133977e-10,2.7430e-02,1.0312
1839.13,-4.19003310e-03,5.979620e-03,4.421483e-06,-1.0139133977e-10,3.0376e-02,1.0312
1839.64,-3.86751615e-03,6.001883e-03,4.561714e-06,-1.0139278306e-10,3.2694e-02,1.0312
1840.15,-3.31913552e-03,6.023013e-03,4.806525e-06,-1.0139511453e-10,3.8694e-02,1.0312
1840.65,-2.65800749e-03,6.041464e-03,5.139610e-06,-1.0139500350e-10,4.6024e-02,1.0312
1841.16,-2.02390508e-03,6.055981e-03,5.542334e-06,-1.0139644679e-10,4.0224e-02,1.0312
1841.67,-1.52940713e-03,6.066096e-03,5.994322e-06,-1.0139777906e-10,9.3798e-03,1.0312
1842.17,-1.22647581e-03,6.072845e-03,6.473035e-06,-1.0139900031e-10,1.1826e-02,1.0375
1842.68,-1.11878282e-03,6.078438e-03,6.956386e-06,-1.0140122075e-10,1.4319e-02,1.0375
1843.19,-1.20961491e-03,6.085082e-03,7.427626e-06,-1.0140233098e-10,1.4651e-02,1.0375
1843.69,-1.53581498e-03,6.093809e-03,7.878707e-06,-1.0140233098e-10,1.3493e-02,1.0375
1844.20,-2.14651073e-03,6.103837e-03,8.309822e-06,-1.0140399631e-10,1.1378e-02,1.0375
1844.71,-3.03710683e-03,6.113151e-03,8.725982e-06,-1.0140444040e-10,1.7642e-02,1.0375
1845.21,-4.09805333e-03,6.119759e-03,9.132790e-06,-1.0140654982e-10,2.4561e-02,1.0375
1845.72,-5.12550574e-03,6.122619e-03,9.533185e-06,-1.0140654982e-10,3.1773e-02,1.0375
1846.23,-5.88744131e-03,6.121777e-03,9.926165e-06,-1.0140799311e-10,3.8982e-02,1.0375
1846.73,-6.19947410e-03,6.117875e-03,1.030764e-05,-1.0140721596e-10,4.6188e-02,1.0375
1847.24,-5.97469139e-03,6.111572e-03,1.067249e-05,-1.0140976947e-10,5.3392e-02,1.0375
1847.75,-5.23692496e-03,6.103243e-03,1.101622e-05,-1.0141076867e-10,6.0594e-02,1.0375
1848.26,-4.10369777e-03,6.092831e-03,1.133525e-05,-1.0141043560e-10,6.7668e-02,1.0375
1848.76,-2.76067216e-03,6.079679e-03,1.162609e-05,-1.0141110174e-10,7.4652e-02,1.0375
1849.27,-1.42144968e-03,6.062183e-03,1.188447e-05,-1.0141287810e-10,8.1388e-02,1.0375
1849.78,-2.77653650e-04,6.037332e-03,1.210519e-05,-1.0141387730e-10,8.8080e-02,1.0375
1850.28,5.43798527e-04,6.001664e-03,1.228341e-05,-1.0141421036e-10,9.4727e-02,1.0375
1850.79,1.01039598e-03,5.949994e-03,1.241619e-05,-1.0141565365e-10,1.0133e-01,1.0375
1851.30,1.18216518e-03,5.886494e-03,1.250317e-05,-1.0141565365e-10,1.0789e-01,1.0375
1851.80,1.17300832e-03,5.815817e-03,1.254635e-05,-1.0141831819e-10,1.1441e-01,1.0375
1852.31,1.10293801e-03,5.744612e-03,1.254945e-05,-1.0141831819e-10,1.2088e-01,1.0375
1852.82,1.06819817e-03,5.681621e-03,1.251762e-05,-1.0141942841e-10,1.2731e-01,1.0375
1853.32,1.12601011e-03,5.635479e-03,1.245711e-05,-1.0142031659e-10,1.3369e-01,1.0375
1853.83,1.28876247e-03,5.611284e-03,1.237293e-05,-1.0142164886e-10,1.4003e-01,1.0375
1854.34,1.53203945e-03,5.609975e-03,1.226605e-05,-1.0142164886e-10,1.4632e-01,1.0375
1854.84,1.81600151e-03,5.630158e-03,1.213268e-05,-1.0149159291e-10,1.4321e-01,1.0312
1855.35,2.09944960e-03,5.667021e-03,1.196739e-05,-1.0149336926e-10,1.4956e-01,1.0312
1855.86,2.35528708e-03,5.711897e-03,1.176695e-05,-1.0149348029e-10,1.5586e-01,1.0312
1856.36,2.57984540e-03,5.757790e-03,1.153200e-05,-1.0149436847e-10,1.6211e-01,1.0312
1856.87,2.79295536e-03,5.799920e-03,1.126605e-05,-1.0149558971e-10,1.6832e-01,1.0312
1857.38,3.02125342e-03,5.835372e-03,1.097334e-05,-1.0149603380e-10,1.7448e-01,1.0312
1857.88,3.28009617e-03,5.862909e-03,1.065730e-05,-1.0157341634e-10,2.6210e-02,1.0312
1858.39,3.56151668e-03,5.883241e-03,1.031973e-05,-1.0171952169e-10,3.1038e-02,1.0312
1858.90,3.83635867e-03,5.898686e-03,9.960970e-06,-1.0207545920e-10,3.0184e-02,1.0375
1859.40,4.06364202e-03,5.912786e-03,9.581561e-06,-1.0221523628e-10,3.2362e-02,1.0375
1859.91,4.20306711e-03,5.928295e-03,9.184034e-06,-1.0274159301e-10,3.2114e-02,1.0437
1860.42,4.22930787e-03,5.947611e-03,8.772962e-06,-1.0277978468e-10,3.4490e-02,1.0437
1860.92,4.13796356e-03,5.971127e-03,8.352587e-06,-1.0278855544e-10,3.5205e-02,1.0500
1861.43,3.94305367e-03,5.999120e-03,7.923946e-06,-1.0278977669e-10,3.3746e-02,1.0500
1861.94,3.66924693e-03,6.031192e-03,7.484381e-06,-1.0279033180e-10,2.9035e-02,1.0500
1862.45,3.34381380e-03,6.067522e-03,7.030361e-06,-1.0279166407e-10,2.5061e-02,1.0500
1862.95,2.99284702e-03,6.106908e-03,6.562156e-06,-1.0279266327e-10,3.1315e-02,1.0500
1863.46,2.63935604e-03,6.148094e-03,6.088388e-06,-1.0279355145e-10,3.8153e-02,1.0500
1863.97,2.30168409e-03,6.189931e-03,5.628015e-06,-1.0279532781e-10,4.4951e-02,1.0500
1864.47,1.99391888e-03,6.231585e-03,5.206868e-06,-1.0279510576e-10,5.1709e-02,1.0500
1864.98,1.72710275e-03,6.272260e-03,4.848330e-06,-1.0279643803e-10,5.8426e-02,1.0500
1865.49,1.50877125e-03,6.312682e-03,4.563496e-06,-1.0279666007e-10,6.5103e-02,1.0500
1865.99,1.34272762e-03,6.353001e-03,4.349237e-06,-1.0279754825e-10,7.1739e-02,1.0500
1866.50,1.22887333e-03,6.393384e-03,4.196607e-06,-1.0279843643e-10,7.8335e-02,1.0500
1867.01,1.16320455e-03,6.434674e-03,4.101826e-06,-1.0280021279e-10,8.4888e-02,1.0500
1867.51,1.13941518e-03,6.475890e-03,4.069955e-06,-1.0280087892e-10,9.1401e-02,1.0500
1868.02,1.14952830e-03,6.516252e-03,4.109400e-06,-1.0287193319e-10,9.3119e-02,1.0437
1868.53,1.18527027e-03,6.554569e-03,4.222870e-06,-1.0287348751e-10,9.9656e-02,1.0437
1869.03,1.23949496e-03,6.589735e-03,4.402906e-06,-1.0287348751e-10,1.0615e-01,1.0437
1869.54,1.30632440e-03,6.621050e-03,4.634943e-06,-1.0287382057e-10,1.1260e-01,1.0437
1870.05,1.38171350e-03,6.647610e-03,4.903217e-06,-1.0287448671e-10,1.1901e-01,1.0437
1870.55,1.46330034e-03,6.668225e-03,5.194008e-06,-1.0287604102e-10,1.2537e-01,1.0437
1871.06,1.54990477e-03,6.680195e-03,5.498020e-06,-1.0287737329e-10,1.3170e-01,1.0437
1871.57,1.64065616e-03,6.681101e-03,5.808502e-06,-1.0294620711e-10,1.3151e-01,1.0375
1872.07,1.73425653e-03,6.669182e-03,6.120173e-06,-1.0294665120e-10,1.3787e-01,1.0375
1872.58,1.82761024e-03,6.642140e-03,6.430498e-06,-1.0294731734e-10,1.4418e-01,1.0375
1873.09,1.91643460e-03,6.597920e-03,6.740431e-06,-1.0294798347e-10,1.5044e-01,1.0375
1873.59,1.99661512e-03,6.536036e-03,7.050732e-06,-1.0294853858e-10,1.5666e-01,1.0375
1874.10,2.06599631e-03,6.459385e-03,7.358998e-06,-1.0295020392e-10,1.6283e-01,1.0375
1874.61,2.12136522e-03,6.373392e-03,7.662817e-06,-1.0301748343e-10,1.4393e-01,1.0312
1875.12,2.15169226e-03,6.286227e-03,7.957403e-06,-1.0301770548e-10,1.5027e-01,1.0312
1875.62,2.13501382e-03,6.206240e-03,8.236295e-06,-1.0301970388e-10,1.5657e-01,1.0312
1876.13,2.05162412e-03,6.141483e-03,8.494091e-06,-1.0302081410e-10,1.6281e-01,1.0312
1876.64,1.91215415e-03,6.099130e-03,8.727790e-06,-1.0302192432e-10,1.6902e-01,1.0312
1877.14,1.77610721e-03,6.085566e-03,8.940417e-06,-1.0302259046e-10,1.7517e-01,1.0312
1877.65,1.72672463e-03,6.101837e-03,9.133435e-06,-1.0312384280e-10,5.8944e-02,1.0250
1878.16,1.79572542e-03,6.142099e-03,9.306882e-06,-1.0312495302e-10,6.7191e-02,1.0250
1878.66,1.88741424e-03,6.189357e-03,9.458690e-06,-1.0312561916e-10,7.3640e-02,1.0250
1879.17,1.77783183e-03,6.233078e-03,9.585766e-06,-1.0312695142e-10,8.0678e-02,1.0250
1879.68,1.22848408e-03,6.271160e-03,9.685884e-06,-1.0312839471e-10,8.7611e-02,1.0250
1880.18,1.55701033e-04,6.307071e-03,9.758539e-06,-1.0312872778e-10,9.4955e-02,1.0250
1880.69,-1.27752556e-03,6.342936e-03,9.804427e-06,-1.0312983800e-10,1.0217e-01,1.0250
1881.20,-2.72083281e-03,6.377923e-03,9.824468e-06,-1.0313161436e-10,1.0940e-01,1.0250
1881.70,-3.79504007e-03,6.406271e-03,9.819342e-06,-1.0313239152e-10,1.1653e-01,1.0250
1882.21,-4.23881213e-03,6.427505e-03,9.789707e-06,-1.0313239152e-10,1.2348e-01,1.0250
1882.72,-3.98059648e-03,6.432957e-03,9.736889e-06,-1.0313294663e-10,2.1790e-02,1.0250
1883.22,-3.13885121e-03,6.430993e-03,9.662823e-06,-1.0314382681e-10,2.6970e-02,1.0312
1883.73,-1.96883735e-03,6.429349e-03,9.569592e-06,-1.0332323885e-10,3.7011e-02,1.0312
1884.24,-7.77250421e-04,6.420228e-03,9.458485e-06,-1.0349987534e-10,3.2430e-02,1.0375
1884.74,1.71757769e-04,6.417210e-03,9.329658e-06,-1.0389877847e-10,3.6678e-02,1.0375
1885.25,7.36169290e-04,6.417462e-03,9.182703e-06,-1.0405909467e-10,3.9432e-02,1.0375
1885.76,9.21849989e-04,6.421906e-03,9.018116e-06,-1.0468415024e-10,4.0460e-02,1.0437
1886.26,8.35062585e-04,6.427256e-03,8.839244e-06,-1.0508294235e-10,3.7260e-02,1.0500
1886.77,5.99489956e-04,6.431377e-03,8.653411e-06,-1.0508371950e-10,3.4003e-02,1.0500
1887.28,2.99229332e-04,6.430388e-03,8.471355e-06,-1.0508571791e-10,3.1523e-02,1.0500
1887.78,-3.25605350e-05,6.419487e-03,8.304679e-06,-1.0508560688e-10,2.8997e-02,1.0500
1888.29,-3.86082467e-04,6.395408e-03,8.162018e-06,-1.0508649506e-10,2.6465e-02,1.0500
1888.80,-7.40605809e-04,6.358602e-03,8.046063e-06,-1.0508927062e-10,3.3330e-02,1.0500
1889.31,-1.05105267e-03,6.312207e-03,7.953665e-06,-1.0508871551e-10,4.0156e-02,1.0500
1889.81,-1.26025834e-03,6.260691e-03,7.879161e-06,-1.0508971471e-10,4.6942e-02,1.0500
1890.32,-1.32718103e-03,6.208243e-03,7.818447e-06,-1.0509049186e-10,5.3688e-02,1.0500
1890.83,-1.24948027e-03,6.157684e-03,7.770902e-06,-1.0509226822e-10,6.0394e-02,1.0500
1891.33,-1.06769118e-03,6.110616e-03,7.738241e-06,-1.0509315640e-10,6.7059e-02,1.0500
1891.84,-8.51442746e-04,6.067912e-03,7.721580e-06,-1.0509293435e-10,7.3683e-02,1.0500
1892.35,-6.73813750e-04,6.029956e-03,7.718849e-06,-1.0516465476e-10,7.6089e-02,1.0437
1892.85,-5.85999448e-04,5.997012e-03,7.724036e-06,-1.0516476578e-10,8.2735e-02,1.0437
1893.36,-6.03985826e-04,5.968882e-03,7.728581e-06,-1.0516520987e-10,8.9339e-02,1.0437
1893.87,-7.07804757e-04,5.945149e-03,7.724066e-06,-1.0516654214e-10,9.5900e-02,1.0437
1894.37,-8.54770593e-04,5.924689e-03,7.704602e-06,-1.0516798543e-10,1.0242e-01,1.0437
1894.88,-9.99201217e-04,5.905459e-03,7.667709e-06,-1.0516754134e-10,1.0889e-01,1.0437
1895.39,-1.10903073e-03,5.884567e-03,7.613754e-06,-1.0516898463e-10,1.1533e-01,1.0437
1895.89,-1.17051961e-03,5.858908e-03,7.545012e-06,-1.0516920668e-10,1.2172e-01,1.0437
1896.40,-1.18377242e-03,5.826490e-03,7.464999e-06,-1.0517187121e-10,1.2806e-01,1.0437
1896.91,-1.15788864e-03,5.787489e-03,7.378165e-06,-1.0524170424e-10,1.2608e-01,1.0375
1897.41,-1.11008429e-03,5.744856e-03,7.289139e-06,-1.0524248140e-10,5.0918e-02,1.0375
1897.92,-1.06887183e-03,5.704029e-03,7.201195e-06,-1.0524381366e-10,2.4450e-02,1.0375
1898.43,-1.07022874e-03,5.671791e-03,7.115339e-06,-1.0548617535e-10,2.4945e-02,1.0375
1898.93,-1.14382142e-03,5.654381e-03,7.030380e-06,-1.0610468060e-10,2.5445e-02,1.0375
1899.44,-1.29430158e-03,5.656321e-03,6.943635e-06,-1.0635958780e-10,2.3886e-02,1.0437
1899.95,-1.49222812e-03,5.679019e-03,6.851561e-06,-1.0635992087e-10,2.2023e-02,1.0437
1900.45,-1.68380262e-03,5.720473e-03,6.749842e-06,-1.0636047598e-10,2.1082e-02,1.0437
1900.96,-1.81188793e-03,5.776311e-03,6.633313e-06,-1.0636180825e-10,2.0539e-02,1.0437
1901.47,-1.83400708e-03,5.841057e-03,6.496074e-06,-1.0636314052e-10,2.0492e-02,1.0437
1901.97,-1.72930992e-03,5.909278e-03,6.332154e-06,-1.0636480585e-10,2.5464e-02,1.0437
1902.48,-1.49629193e-03,5.976465e-03,6.136399e-06,-1.0636436176e-10,3.2418e-02,1.0437
1902.99,-1.15357854e-03,6.039476e-03,5.904692e-06,-1.0636636016e-10,3.9331e-02,1.0437
1903.50,-7.46812120e-04,6.096596e-03,5.634176e-06,-1.0636702630e-10,4.6204e-02,1.0437
1904.00,-3.51289668e-04,6.147184e-03,5.325726e-06,-1.0636758141e-10,5.3035e-02,1.0437
1904.51,-5.88846117e-05,6.191061e-03,4.989711e-06,-1.0636858061e-10,5.9824e-02,1.0437
1905.02,5.48980748e-05,6.227965e-03,4.650796e-06,-1.0636858061e-10,6.6572e-02,1.0437
1905.52,-3.63508152e-05,6.257689e-03,4.344129e-06,-1.0637080106e-10,7.3278e-02,1.0437
1906.03,-2.93662026e-04,6.280615e-03,4.099330e-06,-1.0637080106e-10,7.9941e-02,1.0437
1906.54,-6.29510534e-04,6.297839e-03,3.921216e-06,-1.0637202230e-10,8.6563e-02,1.0437
1907.04,-9.42085567e-04,6.311428e-03,3.785573e-06,-1.0637224435e-10,9.3141e-02,1.0437
1907.55,-1.15252852e-03,6.323913e-03,3.656806e-06,-1.0637302150e-10,9.9678e-02,1.0437
1908.06,-1.22681392e-03,6.335449e-03,3.512038e-06,-1.0637446479e-10,1.0617e-01,1.0437
1908.56,-1.17842639e-03,6.345707e-03,3.354745e-06,-1.0637513093e-10,1.1262e-01,1.0437
1909.07,-1.05289147e-03,6.354039e-03,3.212287e-06,-1.0644618520e-10,1.1779e-01,1.0375
1909.58,-9.05476510e-04,6.359808e-03,3.121196e-06,-1.0644729542e-10,1.2424e-01,1.0375
1910.08,-7.78823691e-04,6.361160e-03,3.107845e-06,-1.0644796156e-10,1.3064e-01,1.0375
1910.59,-6.87584184e-04,6.360879e-03,3.176218e-06,-1.0644851667e-10,1.3700e-01,1.0375
1911.10,-6.18849183e-04,6.357448e-03,3.311756e-06,-1.0644984894e-10,1.4332e-01,1.0375
1911.60,-5.45847083e-04,6.350193e-03,3.495371e-06,-1.0645040405e-10,1.4959e-01,1.0375
1912.11,-4.43114922e-04,6.337966e-03,3.714495e-06,-1.0645051507e-10,1.5581e-01,1.0375
1912.62,-2.99634784e-04,6.320243e-03,3.963743e-06,-1.0645306858e-10,1.6200e-01,1.0375
1913.12,-1.24472348e-04,6.295967e-03,4.239585e-06,-1.0645362369e-10,1.6813e-01,1.0312
1913.63,6.06522925e-05,6.264712e-03,4.536307e-06,-1.0652145832e-10,7.7071e-02,1.0312
1914.14,2.34310144e-04,6.226463e-03,4.846349e-06,-1.0652290161e-10,8.3757e-02,1.0312
1914.64,3.83744729e-04,6.181297e-03,5.161545e-06,-1.0652334570e-10,9.0618e-02,1.0312
1915.15,5.09109862e-04,6.129036e-03,5.474659e-06,-1.0652445592e-10,9.7384e-02,1.0312
1915.66,6.19538564e-04,6.069348e-03,5.780956e-06,-1.0652467797e-10,1.0483e-01,1.0312
1916.16,7.21859695e-04,6.002299e-03,6.076749e-06,-1.0652623228e-10,1.1174e-01,1.0312
1916.67,8.19084889e-04,5.929597e-03,6.359897e-06,-1.0652734250e-10,1.1883e-01,1.0312
1917.18,9.11900298e-04,5.854136e-03,6.629856e-06,-1.0652945193e-10,1.2572e-01,1.0312
1917.69,9.99407464e-04,5.781927e-03,6.889682e-06,-1.0652823068e-10,1.3234e-01,1.0312
1918.19,1.08356353e-03,5.722124e-03,7.143820e-06,-1.0653045113e-10,1.3877e-01,1.0312
1918.70,1.17147791e-03,5.679738e-03,7.394831e-06,-1.0653111726e-10,1.4515e-01,1.0312
1919.21,1.27294006e-03,5.660434e-03,7.643361e-06,-1.0653189442e-10,1.5148e-01,1.0312
1919.71,1.39475058e-03,5.661815e-03,7.888668e-06,-1.0653300464e-10,1.5776e-01,1.0312
1920.22,1.53242306e-03,5.683601e-03,8.127259e-06,-1.0653367077e-10,1.6400e-01,1.0312
1920.73,1.66374409e-03,5.709760e-03,8.355318e-06,-1.0653444793e-10,1.7020e-01,1.0312
1921.23,1.75542075e-03,5.731022e-03,8.568307e-06,-1.0653566918e-10,1.7634e-01,1.0312
1921.74,1.78261517e-03,5.744663e-03,8.762131e-06,-1.0664003014e-10,4.7840e-02,1.0250
1922.25,1.74751332e-03,5.751457e-03,8.934143e-06,-1.0664424899e-10,5.4943e-02,1.0250
1922.75,1.68060792e-03,5.756167e-03,9.083542e-06,-1.0664646943e-10,6.2586e-02,1.0250
1923.26,1.62065482e-03,5.762824e-03,9.210662e-06,-1.0664946704e-10,7.0421e-02,1.0250
1923.77,1.58553502e-03,5.777837e-03,9.315757e-06,-1.0664968908e-10,7.4895e-02,1.0250
1924.27,1.54881260e-03,5.806787e-03,9.397862e-06,-1.0665146544e-10,6.7349e-02,1.0250
1924.78,1.42848654e-03,5.852138e-03,9.455660e-06,-1.0665346384e-10,5.1182e-02,1.0250
1925.29,1.09617914e-03,5.911406e-03,9.488756e-06,-1.0665501815e-10,4.8110e-02,1.0250
1925.79,4.13135535e-04,5.976962e-03,9.498862e-06,-1.0665590633e-10,3.9614e-02,1.0250
1926.30,-7.07636906e-04,6.041476e-03,9.490002e-06,-1.0665890393e-10,4.6906e-02,1.0250
1926.81,-2.23187219e-03,6.098792e-03,9.467238e-06,-1.0666290073e-10,9.4939e-03,1.0250
1927.31,-3.97911246e-03,6.146860e-03,9.434343e-06,-1.0679934714e-10,2.2436e-02,1.0312
1927.82,-5.67199250e-03,6.188690e-03,9.392093e-06,-1.0697009944e-10,2.5544e-02,1.0375
1928.33,-7.01898733e-03,6.228455e-03,9.338786e-06,-1.0718859134e-10,3.1337e-02,1.0375
1928.83,-7.78432342e-03,6.268455e-03,9.272593e-06,-1.0789402705e-10,3.5215e-02,1.0437
1929.34,-7.83908855e-03,6.309552e-03,9.193768e-06,-1.0790979221e-10,3.7084e-02,1.0500
1929.85,-7.17775843e-03,6.350968e-03,9.105075e-06,-1.0791112448e-10,3.6792e-02,1.0500
1930.35,-5.91906703e-03,6.391211e-03,9.010616e-06,-1.0791179061e-10,3.3408e-02,1.0500
1930.86,-4.28449553e-03,6.428807e-03,8.914435e-06,-1.0791223470e-10,2.8259e-02,1.0500
1931.37,-2.56104912e-03,6.462226e-03,8.819937e-06,-1.0791301186e-10,2.8447e-02,1.0500
1931.88,-1.03881343e-03,6.489428e-03,8.730144e-06,-1.0791390004e-10,3.5301e-02,1.0500
1932.38,5.95743803e-05,6.509058e-03,8.648297e-06,-1.0791556537e-10,4.2115e-02,1.0500
1932.89,6.30262326e-04,6.515203e-03,8.578777e-06,-1.0791612048e-10,4.8890e-02,1.0500
1933.40,6.98536852e-04,6.510684e-03,8.525962e-06,-1.0791756377e-10,5.5624e-02,1.0500
1933.90,3.86112899e-04,6.500732e-03,8.493289e-06,-1.0791711968e-10,6.2318e-02,1.0500
1934.41,-1.44489410e-04,6.490950e-03,8.482211e-06,-1.0791878502e-10,6.8971e-02,1.0500
1934.92,-7.37328332e-04,6.487152e-03,8.492391e-06,-1.0799028338e-10,6.2053e-02,1.0437
1935.42,-1.27596836e-03,6.492642e-03,8.522691e-06,-1.0799094952e-10,6.8788e-02,1.0437
1935.93,-1.69177938e-03,6.507622e-03,8.571820e-06,-1.0799205974e-10,7.5481e-02,1.0437
1936.44,-1.95131722e-03,6.529728e-03,8.637531e-06,-1.0799294792e-10,8.2131e-02,1.0437
1936.94,-2.04455183e-03,6.555358e-03,8.714924e-06,-1.0799305894e-10,8.8738e-02,1.0437
1937.45,-1.97481508e-03,6.580454e-03,8.795610e-06,-1.0799394712e-10,9.5303e-02,1.0437
1937.96,-1.75540753e-03,6.601844e-03,8.869118e-06,-1.0799561245e-10,1.0183e-01,1.0437
1938.46,-1.41153562e-03,6.617710e-03,8.926084e-06,-1.0799572348e-10,1.0831e-01,1.0437
1938.97,-9.80720961e-04,6.625902e-03,8.961041e-06,-1.0799672268e-10,1.1474e-01,1.0437
1939.48,-5.09093568e-04,6.625389e-03,8.972837e-06,-1.0799749983e-10,1.2114e-01,1.0437
1939.98,-4.52091825e-05,6.615302e-03,8.963005e-06,-1.0799794392e-10,1.2749e-01,1.0437
1940.49,3.69463995e-04,6.596172e-03,8.933862e-06,-1.0799861005e-10,1.3379e-01,1.0437
1941.00,7.07632669e-04,6.568767e-03,8.887718e-06,-1.0806966433e-10,1.3128e-01,1.0375
1941.50,9.62165405e-04,6.536379e-03,8.826877e-06,-1.0807132966e-10,6.5764e-02,1.0375
1942.01,1.15048366e-03,6.499761e-03,8.753387e-06,-1.0807177375e-10,3.5193e-02,1.0375
1942.52,1.31175665e-03,6.461485e-03,8.668223e-06,-1.0815315310e-10,3.8327e-02,1.0375
1943.02,1.49582565e-03,6.423318e-03,8.570639e-06,-1.0839196207e-10,3.9421e-02,1.0437
1943.53,1.74522942e-03,6.387522e-03,8.458436e-06,-1.0860967681e-10,3.8500e-02,1.0437
1944.04,2.07899507e-03,6.355991e-03,8.328737e-06,-1.0925238492e-10,3.4221e-02,1.0500
1944.54,2.48701078e-03,6.329968e-03,8.178619e-06,-1.0925216287e-10,2.9776e-02,1.0500
1945.05,2.94079139e-03,6.309286e-03,8.005040e-06,-1.0925305105e-10,2.5302e-02,1.0500
1945.56,3.41083970e-03,6.293737e-03,7.804459e-06,-1.0925393923e-10,2.0579e-02,1.0500
1946.07,3.87867897e-03,6.282627e-03,7.572780e-06,-1.0925560456e-10,2.7244e-02,1.0500
1946.57,4.33620922e-03,6.275153e-03,7.305904e-06,-1.0925560456e-10,3.4104e-02,1.0500
1947.08,4.77390301e-03,6.270840e-03,7.000092e-06,-1.0925782501e-10,4.0926e-02,1.0500
1947.59,5.16975729e-03,6.269549e-03,6.651618e-06,-1.0925760296e-10,4.7707e-02,1.0500
1948.09,5.48486521e-03,6.271324e-03,6.257284e-06,-1.0925893523e-10,5.4449e-02,1.0500
1948.60,5.67147674e-03,6.276025e-03,5.818670e-06,-1.0926004546e-10,6.1150e-02,1.0500
1949.11,5.68899497e-03,6.282858e-03,5.350768e-06,-1.0932887928e-10,5.6367e-02,1.0437
1949.61,5.52174225e-03,6.290420e-03,4.889835e-06,-1.0933043360e-10,6.3484e-02,1.0437
1950.12,5.18683811e-03,6.296741e-03,4.491034e-06,-1.0933087768e-10,7.0400e-02,1.0437
1950.63,4.72912893e-03,6.300559e-03,4.208797e-06,-1.0933121075e-10,7.7214e-02,1.0437
1951.13,4.20696851e-03,6.301236e-03,4.068472e-06,-1.0933220995e-10,8.3854e-02,1.0437
1951.64,3.67591969e-03,6.299185e-03,4.057121e-06,-1.0933343120e-10,9.0451e-02,1.0437
1952.15,3.18015653e-03,6.294868e-03,4.147163e-06,-1.0933554062e-10,9.7005e-02,1.0437
1952.65,2.74796565e-03,6.288577e-03,4.325267e-06,-1.0933587369e-10,1.0352e-01,1.0437
1953.16,2.39050523e-03,6.279991e-03,4.595637e-06,-1.0933631778e-10,1.0998e-01,1.0437
1953.67,2.10387304e-03,6.268896e-03,4.961967e-06,-1.0933620676e-10,1.1641e-01,1.0437
1954.17,1.87619655e-03,6.255514e-03,5.412962e-06,-1.0933753902e-10,1.2279e-01,1.0437
1954.68,1.69773534e-03,6.240249e-03,5.925045e-06,-1.0933842720e-10,1.2913e-01,1.0437
1955.19,1.56542823e-03,6.222994e-03,6.474179e-06,-1.0933964845e-10,1.3543e-01,1.0437
1955.69,1.47785350e-03,6.203116e-03,7.043494e-06,-1.0934098071e-10,1.4168e-01,1.0437
1956.20,1.42606830e-03,6.179403e-03,7.622841e-06,-1.0940903739e-10,1.9985e-02,1.0375
1956.71,1.39099491e-03,6.150714e-03,8.204425e-06,-1.0940992556e-10,2.0745e-02,1.0375
1957.21,1.35221968e-03,6.116622e-03,8.779489e-06,-1.0952538876e-10,2.1659e-02,1.0437
1957.72,1.30163721e-03,6.077540e-03,9.337931e-06,-1.0952672103e-10,2.6277e-02,1.0437
1958.23,1.24981340e-03,6.034517e-03,9.869875e-06,-1.0952816432e-10,2.4894e-02,1.0437
1958.73,1.21850306e-03,5.989100e-03,1.036710e-05,-1.0952816432e-10,2.6286e-02,1.0437
1959.24,1.22424683e-03,5.943029e-03,1.082344e-05,-1.0952960761e-10,2.6235e-02,1.0437
1959.75,1.26518041e-03,5.898866e-03,1.123457e-05,-1.0953082885e-10,2.4838e-02,1.0437
1960.26,1.32072957e-03,5.859443e-03,1.159771e-05,-1.0953171703e-10,2.2314e-02,1.0437
1960.76,1.36406670e-03,5.827030e-03,1.191172e-05,-1.0953293827e-10,1.8978e-02,1.0437
1961.27,1.37781756e-03,5.802665e-03,1.217719e-05,-1.0953293827e-10,2.4972e-02,1.0437
1961.78,1.36177455e-03,5.785877e-03,1.239625e-05,-1.0953449259e-10,3.1932e-02,1.0437
1962.28,1.32786140e-03,5.775496e-03,1.257198e-05,-1.0953526974e-10,3.8851e-02,1.0437
1962.79,1.28679244e-03,5.769764e-03,1.270762e-05,-1.0953593588e-10,4.5727e-02,1.0437
1963.30,1.23672406e-03,5.766944e-03,1.280590e-05,-1.0953726814e-10,5.2562e-02,1.0437
1963.80,1.16265275e-03,5.765808e-03,1.286855e-05,-1.0953837837e-10,5.9355e-02,1.0437
1964.31,1.04883879e-03,5.765817e-03,1.289620e-05,-1.0953848939e-10,6.6106e-02,1.0437
1964.82,8.98181623e-04,5.767022e-03,1.288855e-05,-1.0953982166e-10,7.2815e-02,1.0437
1965.32,7.47308439e-04,5.769853e-03,1.284496e-05,-1.0954037677e-10,7.9482e-02,1.0437
1965.83,6.61457775e-04,5.774989e-03,1.276511e-05,-1.0954082086e-10,8.6106e-02,1.0437
1966.34,7.02401212e-04,5.782917e-03,1.264943e-05,-1.0954337437e-10,9.2688e-02,1.0437
1966.84,8.73420226e-04,5.794032e-03,1.249918e-05,-1.0954404051e-10,9.9227e-02,1.0437
1967.35,1.06468104e-03,5.808617e-03,1.231627e-05,-1.0954404051e-10,1.0572e-01,1.0437
1967.86,1.05157323e-03,5.826856e-03,1.210299e-05,-1.0954404051e-10,1.1218e-01,1.0437
1968.36,5.79474580e-04,5.848750e-03,1.186182e-05,-1.0954570584e-10,1.1859e-01,1.0437
1968.87,-4.92227848e-04,5.874077e-03,1.159545e-05,-1.0954714913e-10,1.2496e-01,1.0437
1969.38,-2.07874149e-03,5.902353e-03,1.130683e-05,-1.0961676011e-10,1.2008e-01,1.0375
1969.88,-3.88463756e-03,5.932835e-03,1.099926e-05,-1.0961853647e-10,1.2655e-01,1.0375
1970.39,-5.52566958e-03,5.964686e-03,1.067608e-05,-1.0961842545e-10,1.3294e-01,1.0375
1970.90,-6.66799557e-03,5.997038e-03,1.034026e-05,-1.0961997976e-10,1.3928e-01,1.0375
1971.40,-7.11027149e-03,6.029052e-03,9.993736e-06,-1.0961986874e-10,1.4558e-01,1.0375
1971.91,-6.79959489e-03,6.060256e-03,9.636971e-06,-1.0962153407e-10,1.5184e-01,1.0375
1972.42,-5.82857647e-03,6.090354e-03,9.268940e-06,-1.0962253327e-10,1.5805e-01,1.0375
1972.93,-4.42719801e-03,6.119069e-03,8.887993e-06,-1.0962264430e-10,1.6421e-01,1.0375
1973.43,-2.93146936e-03,6.146178e-03,8.493341e-06,-1.0962286634e-10,1.7033e-01,1.0375
1973.94,-1.72063489e-03,6.171619e-03,8.086086e-06,-1.0972556197e-10,2.8815e-02,1.0312
1974.45,-1.10623358e-03,6.195485e-03,7.669330e-06,-1.0983447485e-10,2.8850e-02,1.0312
1974.95,-1.20165501e-03,6.218328e-03,7.247445e-06,-1.0994694044e-10,2.9010e-02,1.0312
1975.46,-1.86623057e-03,6.242165e-03,6.826193e-06,-1.1007050826e-10,3.0500e-02,1.0312
1975.97,-2.77896712e-03,6.269850e-03,6.412661e-06,-1.1020795387e-10,3.2375e-02,1.0312
1976.47,-3.58893682e-03,6.303359e-03,6.016164e-06,-1.1032552649e-10,3.5657e-02,1.0312
1976.98,-4.04253816e-03,6.341753e-03,5.648440e-06,-1.1039236192e-10,4.0043e-02,1.0312
1977.49,-4.04394929e-03,6.381763e-03,5.322609e-06,-1.1043588266e-10,4.3261e-02,1.0312
1977.99,-3.65066670e-03,6.417260e-03,5.049849e-06,-1.1046652482e-10,4.6475e-02,1.0312
1978.50,-3.02508185e-03,6.434227e-03,4.838735e-06,-1.1048528759e-10,4.8129e-02,1.0312
1979.01,-2.36701766e-03,6.425429e-03,4.692872e-06,-1.1049594573e-10,5.3271e-02,1.0312
1979.51,-1.84618845e-03,6.392544e-03,4.611666e-06,-1.1050194093e-10,5.9642e-02,1.0312
1980.02,-1.55885105e-03,6.341227e-03,4.590771e-06,-1.1050482751e-10,6.6720e-02,1.0312
1980.53,-1.51908240e-03,6.281433e-03,4.622089e-06,-1.1050615978e-10,7.4015e-02,1.0312
1981.03,-1.67758364e-03,6.223588e-03,4.695132e-06,-1.1050782511e-10,7.9876e-02,1.0312
1981.54,-1.94984394e-03,6.176795e-03,4.799626e-06,-1.1050838022e-10,8.6830e-02,1.0312
1982.05,-2.24027070e-03,6.147064e-03,4.928143e-06,-1.1050915738e-10,9.3659e-02,1.0312
1982.55,-2.45923322e-03,6.135978e-03,5.077116e-06,-1.1051115578e-10,1.0050e-01,1.0312
1983.06,-2.53631760e-03,6.141882e-03,5.246353e-06,-1.1051248805e-10,1.0770e-01,1.0312
1983.57,-2.43378877e-03,6.160590e-03,5.437328e-06,-1.1051293214e-10,1.1479e-01,1.0312
1984.07,-2.15468281e-03,6.183355e-03,5.650963e-06,-1.1051426441e-10,1.2182e-01,1.0312
1984.58,-1.74659574e-03,6.203230e-03,5.886577e-06,-1.1051481952e-10,1.2867e-01,1.0312
1985.09,-1.29101240e-03,6.214548e-03,6.141403e-06,-1.1051504156e-10,8.6441e-02,1.0312
1985.59,-8.78540397e-04,6.214248e-03,6.410819e-06,-1.1052780913e-10,3.0901e-02,1.0375
1986.10,-5.82175239e-04,6.202250e-03,6.688991e-06,-1.1052825322e-10,3.7864e-02,1.0375
1986.61,-4.27348289e-04,6.178082e-03,6.969526e-06,-1.1072109896e-10,3.6236e-02,1.0375
1987.12,-3.86591767e-04,6.144909e-03,7.246007e-06,-1.1096756847e-10,3.8158e-02,1.0437
1987.62,-3.96954921e-04,6.106109e-03,7.511965e-06,-1.1122602839e-10,4.3009e-02,1.0437
1988.13,-3.87040079e-04,6.064955e-03,7.760865e-06,-1.1154810409e-10,4.5306e-02,1.0437
1988.64,-3.07965944e-04,6.023914e-03,7.986520e-06,-1.1159351221e-10,3.9630e-02,1.0437
1989.14,-1.48779369e-04,5.987476e-03,8.183987e-06,-1.1159506652e-10,3.5597e-02,1.0500
1989.65,7.01132372e-05,5.957829e-03,8.350570e-06,-1.1159562163e-10,3.2259e-02,1.0500
1990.16,3.10528113e-04,5.936038e-03,8.486322e-06,-1.1159639879e-10,2.9199e-02,1.0500
1990.66,5.30091732e-04,5.921750e-03,8.593751e-06,-1.1159650981e-10,2.5629e-02,1.0500
1991.17,6.96870733e-04,5.913734e-03,8.677004e-06,-1.1159828617e-10,2.5734e-02,1.0500
1991.68,7.97372414e-04,5.910713e-03,8.740923e-06,-1.1159917435e-10,3.2604e-02,1.0500
1992.18,8.32876677e-04,5.911494e-03,8.790124e-06,-1.1159906332e-10,3.9434e-02,1.0500
1992.69,8.13072430e-04,5.915126e-03,8.828115e-06,-1.1160006252e-10,4.6225e-02,1.0500
1993.20,7.48791289e-04,5.921065e-03,8.856676e-06,-1.1160150581e-10,5.2975e-02,1.0500
1993.70,6.45152621e-04,5.929212e-03,8.875845e-06,-1.1160283808e-10,5.9685e-02,1.0500
1994.21,5.02482667e-04,5.937972e-03,8.884615e-06,-1.1160294910e-10,6.6354e-02,1.0500
1994.72,3.18594941e-04,5.949504e-03,8.881827e-06,-1.1160372626e-10,7.2983e-02,1.0500
1995.22,9.61245827e-05,5.963936e-03,8.866707e-06,-1.1160494751e-10,7.9570e-02,1.0500
1995.73,-1.51208303e-04,5.980518e-03,8.838773e-06,-1.1160539160e-10,8.6116e-02,1.0500
1996.24,-3.99309031e-04,5.999616e-03,8.797470e-06,-1.1160694591e-10,9.2621e-02,1.0500
1996.74,-6.16537947e-04,6.021593e-03,8.742173e-06,-1.1160805613e-10,9.9085e-02,1.0500
1997.25,-7.71799139e-04,6.045082e-03,8.672583e-06,-1.1160916635e-10,1.0551e-01,1.0500
1997.76,-8.42496922e-04,6.067702e-03,8.588693e-06,-1.1168088676e-10,9.9473e-02,1.0437
1998.26,-8.20522185e-04,6.087344e-03,8.491270e-06,-1.1168099778e-10,1.0623e-01,1.0437
1998.77,-7.13111156e-04,6.103546e-03,8.382568e-06,-1.1168199698e-10,1.1278e-01,1.0437
1999.28,-5.40391937e-04,6.114533e-03,8.267069e-06,-1.1168199698e-10,1.1919e-01,1.0437
1999.78,-3.29093335e-04,6.117488e-03,8.153614e-06,-1.1168377334e-10,1.2555e-01,1.0437
2000.29,-1.05379031e-04,6.109390e-03,8.052749e-06,-1.1168410641e-10,1.3187e-01,1.0437
2000.80,1.10573299e-04,6.088357e-03,7.971101e-06,-1.1168510561e-10,1.3815e-01,1.0437
2001.31,3.07582525e-04,6.052166e-03,7.905282e-06,-1.1168588276e-10,1.4439e-01,1.0437
2001.81,4.84076794e-04,6.000790e-03,7.849374e-06,-1.1168677094e-10,1.5058e-01,1.0437
2002.32,6.45141097e-04,5.935295e-03,7.796659e-06,-1.1168876934e-10,1.5672e-01,1.0437
2002.83,8.00317693e-04,5.860736e-03,7.745025e-06,-1.1168821423e-10,1.6283e-01,1.0437
2003.33,9.60126928e-04,5.786467e-03,7.695532e-06,-1.1176071180e-10,1.1738e-01,1.0375
2003.84,1.13262952e-03,5.726071e-03,7.653788e-06,-1.1176204406e-10,1.2383e-01,1.0375
2004.35,1.31945220e-03,5.691376e-03,7.621659e-06,-1.1176293224e-10,1.3024e-01,1.0375
2004.85,1.51431044e-03,5.689836e-03,7.595512e-06,-1.1176293224e-10,1.3660e-01,1.0375
2005.36,1.70296810e-03,5.724645e-03,7.577385e-06,-1.1176437553e-10,1.4292e-01,1.0375
2005.87,1.86667264e-03,5.789288e-03,7.567195e-06,-1.1186729321e-10,5.6112e-02,1.0312
2006.37,1.98796886e-03,5.868749e-03,7.565660e-06,-1.1186807036e-10,6.3385e-02,1.0312
2006.88,2.05499364e-03,5.936385e-03,7.573334e-06,-1.1186951365e-10,7.0708e-02,1.0312
2007.39,2.06269897e-03,5.980969e-03,7.585369e-06,-1.1187040183e-10,7.8085e-02,1.0312
2007.89,2.01186414e-03,6.007392e-03,7.594265e-06,-1.1187140103e-10,8.5380e-02,1.0312
2008.40,1.90676883e-03,6.022234e-03,7.594208e-06,-1.1187173410e-10,9.2434e-02,1.0312
2008.91,1.75309004e-03,6.035986e-03,7.583755e-06,-1.1187295534e-10,9.9548e-02,1.0312
2009.41,1.55720192e-03,6.051999e-03,7.562444e-06,-1.1187384352e-10,1.0651e-01,1.0312
2009.92,1.32683601e-03,6.073398e-03,7.526661e-06,-1.1187539783e-10,1.1322e-01,1.0312
2010.43,1.07047423e-03,6.103390e-03,7.469668e-06,-1.1187650806e-10,1.1977e-01,1.0312
2010.93,7.96919802e-04,6.146512e-03,7.384436e-06,-1.1187673010e-10,1.2629e-01,1.0312
2011.44,5.15811718e-04,6.205724e-03,7.266110e-06,-1.1187806237e-10,1.3275e-01,1.0312
2011.95,2.39976980e-04,6.282779e-03,7.112107e-06,-1.1187928362e-10,1.3917e-01,1.0312
2012.45,-1.24784573e-05,6.378116e-03,6.922617e-06,-1.1187917259e-10,1.4555e-01,1.0312
2012.96,-2.18755977e-04,6.487894e-03,6.701841e-06,-1.1188105997e-10,1.5187e-01,1.0312
2013.47,-3.55942883e-04,6.603819e-03,6.459453e-06,-1.1188128202e-10,1.5816e-01,1.0312
2013.97,-4.08365915e-04,6.713427e-03,6.210216e-06,-1.1188250326e-10,1.6439e-01,1.0312
2014.48,-3.73939572e-04,6.807666e-03,5.966349e-06,-1.1195211425e-10,3.0364e-02,1.0250
2014.99,-2.66124145e-04,6.885483e-03,5.729750e-06,-1.1195311345e-10,3.3933e-02,1.0250
2015.50,-1.10319622e-04,6.952058e-03,5.492343e-06,-1.1195389060e-10,3.6090e-02,1.0250
2016.00,6.36408547e-05,7.015868e-03,5.243721e-06,-1.1195488980e-10,4.3455e-02,1.0250
2016.51,2.29711793e-04,7.082639e-03,4.980524e-06,-1.1195611105e-10,1.3780e-02,1.0250
2017.02,3.71089487e-04,7.152805e-03,4.708862e-06,-1.1196010785e-10,1.2532e-02,1.0250
2017.52,4.82253835e-04,7.224148e-03,4.440129e-06,-1.1196532590e-10,1.1362e-02,1.0250
2018.03,5.66502612e-04,7.292750e-03,4.181827e-06,-1.1197509586e-10,1.1188e-02,1.0250
2018.54,6.32214904e-04,7.355618e-03,3.935780e-06,-1.1198186822e-10,1.8669e-02,1.0250
2019.04,6.88908172e-04,7.407869e-03,3.704976e-06,-1.1198730832e-10,2.3057e-02,1.0250
2019.55,7.44983861e-04,7.444937e-03,3.500401e-06,-1.1199263739e-10,2.8880e-02,1.0250
2020.06,8.06175257e-04,7.464671e-03,3.341989e-06,-1.1199674521e-10,3.2115e-02,1.0250
2020.56,8.75090749e-04,7.467136e-03,3.250990e-06,-1.1200040895e-10,3.5198e-02,1.0250
2021.07,9.49438904e-04,7.452235e-03,3.238151e-06,-1.1200462779e-10,3.9723e-02,1.0250
2021.58,1.02077171e-03,7.418844e-03,3.298041e-06,-1.1200718131e-10,3.9544e-02,1.0250
2022.08,1.07534997e-03,7.369233e-03,3.414307e-06,-1.1201051198e-10,4.1945e-02,1.0250
2022.59,1.09800122e-03,7.307310e-03,3.569398e-06,-1.1201362060e-10,4.7205e-02,1.0250
2023.10,1.07962070e-03,7.237202e-03,3.749529e-06,-1.1201439776e-10,4.6616e-02,1.0250
2023.60,1.02536092e-03,7.162950e-03,3.943746e-06,-1.1201684025e-10,5.0913e-02,1.0250
2024.11,9.57975944e-04,7.089019e-03,4.141880e-06,-1.1201861660e-10,5.3141e-02,1.0250
2024.62,9.07297042e-04,7.020711e-03,4.335283e-06,-1.1201972683e-10,3.1079e-02,1.0250
2025.12,8.83253806e-04,6.962405e-03,4.520135e-06,-1.1202272443e-10,3.5173e-02,1.0250
2025.63,8.45399783e-04,6.914894e-03,4.699279e-06,-1.1202450079e-10,4.2349e-02,1.0250
2026.14,6.98751260e-04,6.875564e-03,4.881840e-06,-1.1202505590e-10,4.8940e-02,1.0250
2026.64,3.36787946e-04,6.837854e-03,5.080092e-06,-1.1202805350e-10,1.9464e-02,1.0250
2027.15,-2.85123089e-04,6.795047e-03,5.304645e-06,-1.1203182826e-10,2.0280e-02,1.0250
2027.66,-1.09531660e-03,6.742841e-03,5.560756e-06,-1.1204570605e-10,2.0429e-02,1.0312
2028.16,-1.91511560e-03,6.680852e-03,5.846830e-06,-1.1212486495e-10,2.8878e-02,1.0312
2028.67,-2.53247119e-03,6.612024e-03,6.156149e-06,-1.1247924814e-10,3.1575e-02,1.0375
2029.18,-2.79018898e-03,6.540557e-03,6.479487e-06,-1.1270051559e-10,3.0684e-02,1.0375
2029.69,-2.63745613e-03,6.470768e-03,6.807285e-06,-1.1284861934e-10,3.1106e-02,1.0375
2030.19,-2.13130179e-03,6.405896e-03,7.130511e-06,-1.1306044989e-10,3.3334e-02,1.0437
2030.70,-1.40086047e-03,6.347479e-03,7.440498e-06,-1.1306156011e-10,3.4127e-02,1.0437
2031.21,-5.96122774e-04,6.295636e-03,7.729046e-06,-1.1306156011e-10,3.3453e-02,1.0437
2031.71,1.53241169e-04,6.249314e-03,7.989069e-06,-1.1306289238e-10,3.1777e-02,1.0437
2032.22,7.57787023e-04,6.206877e-03,8.215767e-06,-1.1306366954e-10,2.9564e-02,1.0437
2032.73,1.16818050e-03,6.166700e-03,8.407874e-06,-1.1306466874e-10,2.7158e-02,1.0437
2033.23,1.36835712e-03,6.127654e-03,8.568229e-06,-1.1306588998e-10,2.8996e-02,1.0437
2033.74,1.37265789e-03,6.089408e-03,8.703300e-06,-1.1306722225e-10,3.5930e-02,1.0437
2034.25,1.22813705e-03,6.052539e-03,8.821529e-06,-1.1306688918e-10,4.2824e-02,1.0437
2034.75,1.00604073e-03,6.018396e-03,8.931029e-06,-1.1306910963e-10,4.9676e-02,1.0437
2035.26,7.85758710e-04,5.988395e-03,9.037451e-06,-1.1306910963e-10,5.6486e-02,1.0437
2035.77,6.30087614e-04,5.964411e-03,9.142774e-06,-1.1307121905e-10,6.3254e-02,1.0437
2036.27,5.68742423e-04,5.947739e-03,9.245448e-06,-1.1307121905e-10,6.9981e-02,1.0437
2036.78,5.94516761e-04,5.938588e-03,9.341701e-06,-1.1307210723e-10,7.6665e-02,1.0437
2037.29,6.75040546e-04,5.936489e-03,9.427303e-06,-1.1307366155e-10,8.3307e-02,1.0437
2037.79,7.72205421e-04,5.940426e-03,9.498905e-06,-1.1307399461e-10,8.9907e-02,1.0437
2038.30,8.57777217e-04,5.948969e-03,9.554438e-06,-1.1307454972e-10,9.6465e-02,1.0437
2038.81,9.20052258e-04,5.960714e-03,9.592700e-06,-1.1307499381e-10,1.0298e-01,1.0437
2039.31,9.61721494e-04,5.974702e-03,9.612770e-06,-1.1307732528e-10,1.0945e-01,1.0437
2039.82,9.93344344e-04,5.990148e-03,9.613807e-06,-1.1307754733e-10,1.1588e-01,1.0437
2040.33,1.02609216e-03,6.006015e-03,9.595423e-06,-1.1307765835e-10,1.2227e-01,1.0437
2040.83,1.06709326e-03,6.021694e-03,9.558722e-06,-1.1314704729e-10,1.1855e-01,1.0375
2041.34,1.11791799e-03,6.036090e-03,9.507575e-06,-1.1314837955e-10,1.2500e-01,1.0375
2041.85,1.17543343e-03,6.048125e-03,9.449712e-06,-1.1314860160e-10,1.3140e-01,1.0375
2042.35,1.23453566e-03,6.056760e-03,9.396045e-06,-1.1314971182e-10,1.3775e-01,1.0375
2042.86,1.29135116e-03,6.060831e-03,9.358058e-06,-1.1315104409e-10,1.4406e-01,1.0375
2043.37,1.34591756e-03,6.059712e-03,9.342699e-06,-1.1315215431e-10,1.5033e-01,1.0375
2043.88,1.40291181e-03,6.053548e-03,9.348779e-06,-1.1315282045e-10,1.5655e-01,1.0375
2044.38,1.47028034e-03,6.043049e-03,9.367363e-06,-1.1315404169e-10,1.6272e-01,1.0375
2044.89,1.55640259e-03,6.029255e-03,9.386257e-06,-1.1322454085e-10,1.1181e-02,1.0312
2045.40,1.66851401e-03,6.012790e-03,9.397060e-06,-1.1322742743e-10,7.6250e-03,1.0312
2045.90,1.81244644e-03,5.993818e-03,9.398305e-06,-1.1323331162e-10,9.7352e-03,1.0312
2046.41,1.99273215e-03,5.972607e-03,9.394483e-06,-1.1324163829e-10,1.0423e-02,1.0312
2046.92,2.21176906e-03,5.950188e-03,9.391638e-06,-1.1325063110e-10,1.5978e-02,1.0312
2047.42,2.46890731e-03,5.930050e-03,9.393862e-06,-1.1325518301e-10,2.3482e-02,1.0312
2047.93,2.75955537e-03,5.916971e-03,9.401224e-06,-1.1325873572e-10,3.0207e-02,1.0312
2048.44,3.07418071e-03,5.917716e-03,9.410400e-06,-1.1326006799e-10,3.6768e-02,1.0312
2048.94,3.39658804e-03,5.938196e-03,9.418637e-06,-1.1326162230e-10,4.3953e-02,1.0312
2049.45,3.70503466e-03,5.977976e-03,9.426673e-06,-1.1326328764e-10,5.0702e-02,1.0312
2049.96,3.97803093e-03,6.022796e-03,9.437297e-06,-1.1326384275e-10,5.6686e-02,1.0312
2050.46,4.20141294e-03,6.054298e-03,9.450192e-06,-1.1326517502e-10,6.3772e-02,1.0312
2050.97,4.36604565e-03,6.076950e-03,9.460123e-06,-1.1326728444e-10,7.1002e-02,1.0312
2051.48,4.45391332e-03,6.087994e-03,9.458737e-06,-1.1326684035e-10,7.8340e-02,1.0312
2051.98,4.42122265e-03,6.089027e-03,9.437991e-06,-1.1326839466e-10,8.5758e-02,1.0312
2052.49,4.18676005e-03,6.083445e-03,9.392670e-06,-1.1326906080e-10,9.3007e-02,1.0312
2053.00,3.62850444e-03,6.075514e-03,9.320285e-06,-1.1327094818e-10,9.9998e-02,1.0312
2053.50,2.60068339e-03,6.071147e-03,9.219380e-06,-1.1327139227e-10,1.0701e-01,1.0312
2054.01,9.89879078e-04,6.067358e-03,9.088705e-06,-1.1327228044e-10,1.1392e-01,1.0312
2054.52,-1.19657549e-03,6.069872e-03,8.927628e-06,-1.1327228044e-10,1.2051e-01,1.0312
2055.02,-3.76489850e-03,6.075310e-03,8.736947e-06,-1.1327339067e-10,1.2701e-01,1.0312
2055.53,-6.35989556e-03,6.082637e-03,8.518940e-06,-1.1327461191e-10,1.3347e-01,1.0312
2056.04,-8.57208764e-03,6.088063e-03,8.276588e-06,-1.1331557914e-10,1.3430e-02,1.0312
2056.55,-1.00579508e-02,6.096799e-03,8.012771e-06,-1.1362888408e-10,1.9592e-02,1.0312
2057.05,-1.06080590e-02,6.105167e-03,7.729974e-06,-1.1385237197e-10,2.4474e-02,1.0375
2057.56,-1.01670413e-02,6.112394e-03,7.430301e-06,-1.1394152288e-10,2.7548e-02,1.0375
2058.07,-8.83998182e-03,6.118204e-03,7.115354e-06,-1.1414358347e-10,2.8648e-02,1.0437
2058.57,-6.88005294e-03,6.123113e-03,6.786160e-06,-1.1414336143e-10,2.7901e-02,1.0437
2059.08,-4.65177762e-03,6.128154e-03,6.443615e-06,-1.1414436063e-10,2.5792e-02,1.0437
2059.59,-2.56406088e-03,6.134309e-03,6.089326e-06,-1.1414480472e-10,2.2831e-02,1.0437
2060.09,-9.94481217e-04,6.142189e-03,5.726154e-06,-1.1414602596e-10,2.3019e-02,1.0437
2060.60,-1.74987896e-04,6.151701e-03,5.358096e-06,-1.1414780232e-10,2.9987e-02,1.0437
2061.11,-1.19763411e-04,6.162241e-03,4.990136e-06,-1.1414835743e-10,3.6915e-02,1.0437
2061.61,-6.60757458e-04,6.172965e-03,4.629301e-06,-1.1414913459e-10,4.3802e-02,1.0437
2062.12,-1.56417384e-03,6.183100e-03,4.287907e-06,-1.1414968970e-10,5.0648e-02,1.0437
2062.63,-2.61570054e-03,6.191539e-03,3.987756e-06,-1.1415146606e-10,5.7452e-02,1.0437
2063.13,-3.64778126e-03,6.197236e-03,3.761578e-06,-1.1415235424e-10,6.4214e-02,1.0437
2063.64,-4.52484620e-03,6.199528e-03,3.647250e-06,-1.1415257628e-10,7.0935e-02,1.0437
2064.15,-5.12913816e-03,6.198372e-03,3.674369e-06,-1.1415401957e-10,7.7613e-02,1.0437
2064.65,-5.36668519e-03,6.194591e-03,3.850491e-06,-1.1415457468e-10,8.4249e-02,1.0437
2065.16,-5.18864062e-03,6.189166e-03,4.157835e-06,-1.1415590695e-10,9.0843e-02,1.0437
2065.67,-4.61916095e-03,6.183421e-03,4.562873e-06,-1.1415668411e-10,9.7394e-02,1.0437
2066.17,-3.77465194e-03,6.178773e-03,5.029301e-06,-1.1415646206e-10,1.0390e-01,1.0437
2066.68,-2.86259001e-03,6.175951e-03,5.527204e-06,-1.1415812740e-10,1.1037e-01,1.0437
2067.19,-2.14066550e-03,6.174300e-03,6.037283e-06,-1.1415945966e-10,1.1679e-01,1.0437
2067.69,-1.83263820e-03,6.171820e-03,6.549998e-06,-1.1422962576e-10,1.1330e-01,1.0375
2068.20,-2.03204563e-03,6.167933e-03,7.062325e-06,-1.1423129109e-10,1.1978e-01,1.0375
2068.71,-2.65138834e-03,6.160920e-03,7.573745e-06,-1.1423184620e-10,1.2622e-01,1.0375
2069.21,-3.45490878e-03,6.149634e-03,8.083630e-06,-1.1423240132e-10,1.3261e-01,1.0375
2069.72,-4.15113494e-03,6.133529e-03,8.590657e-06,-1.1423451074e-10,1.3895e-01,1.0375
2070.23,-4.49255719e-03,6.112464e-03,9.093457e-06,-1.1423462176e-10,1.4526e-01,1.0375
2070.74,-4.33969918e-03,6.084322e-03,9.591124e-06,-1.1423639812e-10,1.5151e-01,1.0375
2071.24,-3.68673639e-03,6.054070e-03,1.008259e-05,-1.1423639812e-10,1.5772e-01,1.0375
2071.75,-2.65950523e-03,6.019619e-03,1.056575e-05,-1.1423773039e-10,1.6389e-01,1.0312
2072.26,-1.48257683e-03,5.983140e-03,1.103707e-05,-1.1430567604e-10,1.6662e-01,1.0312
2072.76,-4.13109597e-04,5.949745e-03,1.149147e-05,-1.1430612012e-10,1.7279e-01,1.0312
2073.27,3.50028364e-04,5.923959e-03,1.192179e-05,-1.1431000591e-10,1.4250e-02,1.0312
2073.78,7.45303506e-04,5.912995e-03,1.231893e-05,-1.1454259763e-10,1.8995e-02,1.0375
2074.28,8.59364523e-04,5.917554e-03,1.267231e-05,-1.1468281880e-10,2.2639e-02,1.0375
2074.79,8.61696504e-04,5.933739e-03,1.297068e-05,-1.1491896323e-10,2.4782e-02,1.0375
2075.30,9.06299978e-04,5.954475e-03,1.320339e-05,-1.1494083463e-10,2.5312e-02,1.0437
2075.80,1.06397306e-03,5.974757e-03,1.336231e-05,-1.1494061258e-10,2.4436e-02,1.0437
2076.31,1.30745005e-03,5.993174e-03,1.344361e-05,-1.1494216690e-10,2.2524e-02,1.0437
2076.82,1.54959182e-03,6.010444e-03,1.344898e-05,-1.1494238894e-10,2.2509e-02,1.0437
2077.32,1.70697070e-03,6.027125e-03,1.338633e-05,-1.1494349916e-10,2.9479e-02,1.0437
2077.83,1.74244058e-03,6.042517e-03,1.326988e-05,-1.1494516450e-10,3.6409e-02,1.0437
2078.34,1.67370491e-03,6.054424e-03,1.311829e-05,-1.1494505348e-10,4.3299e-02,1.0437
2078.84,1.55462494e-03,6.057982e-03,1.294969e-05,-1.1494671881e-10,5.0147e-02,1.0437
2079.35,1.44420833e-03,6.053536e-03,1.277461e-05,-1.1494649677e-10,5.6954e-02,1.0437
2079.86,1.37672495e-03,6.043463e-03,1.259158e-05,-1.1494727392e-10,6.3719e-02,1.0437
2080.36,1.35634528e-03,6.031203e-03,1.238931e-05,-1.1494849517e-10,7.0443e-02,1.0437
2080.87,1.36660558e-03,6.020906e-03,1.215465e-05,-1.1494949437e-10,7.7124e-02,1.0437
2081.38,1.38521040e-03,6.016359e-03,1.188081e-05,-1.1494960539e-10,8.3763e-02,1.0437
2081.88,1.39383789e-03,6.020131e-03,1.157033e-05,-1.1495127072e-10,9.0360e-02,1.0437
2082.39,1.38583146e-03,6.033320e-03,1.123230e-05,-1.1495260299e-10,9.6915e-02,1.0437
2082.90,1.36613390e-03,6.055639e-03,1.087688e-05,-1.1495315810e-10,1.0343e-01,1.0437
2083.40,1.34640612e-03,6.085685e-03,1.051131e-05,-1.1502188091e-10,1.0102e-01,1.0375
2083.91,1.34004003e-03,6.121115e-03,1.013972e-05,-1.1502265806e-10,1.0758e-01,1.0375
2084.42,1.35611490e-03,6.158856e-03,9.766397e-06,-1.1502376829e-10,1.1410e-01,1.0375
2084.93,1.39645266e-03,6.195647e-03,9.399024e-06,-1.1502443442e-10,1.2057e-01,1.0375
2085.43,1.45848671e-03,6.228707e-03,9.048262e-06,-1.1502632180e-10,1.2700e-01,1.0375
2085.94,1.53704026e-03,6.256345e-03,8.722597e-06,-1.1502765407e-10,1.3339e-01,1.0375
2086.45,1.62651950e-03,6.278293e-03,8.423179e-06,-1.1502820918e-10,1.3973e-01,1.0375
2086.95,1.72374250e-03,6.293903e-03,8.143464e-06,-1.1502865327e-10,1.4602e-01,1.0375
2087.46,1.82939488e-03,6.307986e-03,7.874235e-06,-1.1502998554e-10,6.2853e-02,1.0375
2087.97,1.94789400e-03,6.320710e-03,7.608954e-06,-1.1503009656e-10,2.6824e-02,1.0375
2088.47,2.08714878e-03,6.333842e-03,7.344372e-06,-1.1535594702e-10,2.8941e-02,1.0375
2088.98,2.25633043e-03,6.349303e-03,7.077995e-06,-1.1541789746e-10,2.9238e-02,1.0375
2089.49,2.46286392e-03,6.369094e-03,6.806787e-06,-1.1544709633e-10,2.8038e-02,1.0437
2089.99,2.70924115e-03,6.393452e-03,6.529912e-06,-1.1544631917e-10,2.5611e-02,1.0437
2090.50,2.99203871e-03,6.422033e-03,6.254740e-06,-1.1544787348e-10,2.2403e-02,1.0437
2091.01,3.30155682e-03,6.453485e-03,5.999821e-06,-1.1544942780e-10,1.8855e-02,1.0437
2091.51,3.62258984e-03,6.486169e-03,5.790344e-06,-1.1545031597e-10,2.2682e-02,1.0437
2092.02,3.93490793e-03,6.518432e-03,5.646121e-06,-1.1545009393e-10,2.9651e-02,1.0437
2092.53,4.21470919e-03,6.548317e-03,5.569609e-06,-1.1545187029e-10,3.6581e-02,1.0437
2093.03,4.43894972e-03,6.574598e-03,5.545801e-06,-1.1545275846e-10,4.3470e-02,1.0437
2093.54,4.58831161e-03,6.597502e-03,5.553869e-06,-1.1545320255e-10,5.0317e-02,1.0437
2094.05,4.64219654e-03,6.618071e-03,5.580105e-06,-1.1545320255e-10,5.7123e-02,1.0437
2094.55,4.57080979e-03,6.637570e-03,5.622146e-06,-1.1545542300e-10,6.3888e-02,1.0437
2095.06,4.34444963e-03,6.656818e-03,5.684610e-06,-1.1545620016e-10,7.0610e-02,1.0437
2095.57,3.96820825e-03,6.676443e-03,5.771245e-06,-1.1545753242e-10,7.7291e-02,1.0437
2096.07,3.51077337e-03,6.696852e-03,5.879624e-06,-1.1545764345e-10,8.3929e-02,1.0437
2096.58,3.07750342e-03,6.718480e-03,6.001919e-06,-1.1545842060e-10,9.0525e-02,1.0437
2097.09,2.72262031e-03,6.741701e-03,6.130489e-06,-1.1546075207e-10,9.7078e-02,1.0437
2097.59,2.36854118e-03,6.766839e-03,6.263228e-06,-1.1546086309e-10,1.0359e-01,1.0437
2098.10,1.82061484e-03,6.793685e-03,6.403462e-06,-1.1546108514e-10,1.1006e-01,1.0437
2098.61,8.96916405e-04,6.821614e-03,6.554830e-06,-1.1553036305e-10,1.1175e-01,1.0375
2099.12,-4.11955057e-04,6.849850e-03,6.716324e-06,-1.1553236146e-10,1.1824e-01,1.0375
2099.62,-1.88917203e-03,6.877518e-03,6.882154e-06,-1.1553225043e-10,1.2469e-01,1.0375
2100.13,-3.18914535e-03,6.903361e-03,7.045519e-06,-1.1553358270e-10,1.3109e-01,1.0375
2100.64,-3.99218094e-03,6.925673e-03,7.201549e-06,-1.1553358270e-10,1.3744e-01,1.0375
2101.14,-4.12350947e-03,6.943088e-03,7.347269e-06,-1.1553535906e-10,1.4376e-01,1.0375
2101.65,-3.59495629e-03,6.955446e-03,7.479892e-06,-1.1553569212e-10,1.5002e-01,1.0375
2102.16,-2.58372178e-03,6.963987e-03,7.596555e-06,-1.1553724644e-10,1.5625e-01,1.0375
2102.66,-1.36834928e-03,6.971211e-03,7.695823e-06,-1.1553757950e-10,1.6242e-01,1.0375
2103.17,-2.46214380e-04,6.979036e-03,7.778217e-06,-1.1560896684e-10,1.3960e-01,1.0312
2103.68,5.54376682e-04,6.988866e-03,7.844659e-06,-1.1560974400e-10,1.4598e-01,1.0312
2104.18,9.36792586e-04,7.001912e-03,7.895940e-06,-1.1561018809e-10,1.5230e-01,1.0312
2104.69,9.43233044e-04,7.020184e-03,7.934114e-06,-1.1561174240e-10,1.5858e-01,1.0312
2105.20,7.08066349e-04,7.044547e-03,7.963269e-06,-1.1561229751e-10,1.6481e-01,1.0312
2105.70,3.87654913e-04,7.070271e-03,7.987905e-06,-1.1561307467e-10,1.7100e-01,1.0312
2106.21,1.04752228e-04,7.087152e-03,8.012167e-06,-1.1568102032e-10,1.0630e-01,1.0250
2106.72,-7.44890258e-05,7.083590e-03,8.038938e-06,-1.1568057623e-10,1.1347e-01,1.0250
2107.22,-1.36533177e-04,7.052209e-03,8.069615e-06,-1.1568213054e-10,1.2054e-01,1.0250
2107.73,-1.04637436e-04,6.988067e-03,8.102798e-06,-1.1568257463e-10,1.2740e-01,1.0250
2108.24,-2.29888022e-05,6.894467e-03,8.134188e-06,-1.1568479508e-10,1.3394e-01,1.0250
2108.74,5.63269977e-05,6.782796e-03,8.158329e-06,-1.1568601632e-10,1.4043e-01,1.0250
2109.25,8.51482217e-05,6.661334e-03,8.170142e-06,-1.1568690450e-10,1.4687e-01,1.0250
2109.76,3.03840280e-05,6.549189e-03,8.167191e-06,-1.1568690450e-10,1.5326e-01,1.0250
2110.26,-1.17947131e-04,6.461498e-03,8.148800e-06,-1.1568790370e-10,1.5961e-01,1.0250
2110.77,-3.44707545e-04,6.410815e-03,8.115735e-06,-1.1568856984e-10,1.6591e-01,1.0250
2111.28,-6.13391594e-04,6.389612e-03,8.069744e-06,-1.1568968006e-10,1.7216e-01,1.0250
2111.78,-8.74396770e-04,6.390812e-03,8.013551e-06,-1.1569090130e-10,1.7836e-01,1.0250
2112.29,-1.07673306e-03,6.414228e-03,7.951446e-06,-1.1584866400e-10,4.7752e-02,1.0188
2112.80,-1.17817488e-03,6.437409e-03,7.890550e-06,-1.1588940918e-10,4.4271e-02,1.0188
2113.31,-1.15330796e-03,6.447993e-03,7.840670e-06,-1.1593337401e-10,3.0489e-02,1.0188
2113.81,-1.00485543e-03,6.428779e-03,7.810948e-06,-1.1613465745e-10,3.4627e-02,1.0312
2114.32,-7.68728272e-04,6.378534e-03,7.804889e-06,-1.1629830432e-10,3.0628e-02,1.0312
2114.83,-5.01229976e-04,6.323283e-03,7.818904e-06,-1.1679113232e-10,4.2018e-02,1.0375
2115.33,-2.61095070e-04,6.253704e-03,7.845229e-06,-1.1700584945e-10,5.0289e-02,1.0375
2115.84,-9.53388579e-05,6.178074e-03,7.876236e-06,-1.1718914728e-10,5.5336e-02,1.0437
2116.35,-2.39795589e-05,6.096035e-03,7.907140e-06,-1.1756118301e-10,4.8728e-02,1.0437
2116.85,-3.18277090e-05,6.019205e-03,7.935681e-06,-1.1804546229e-10,4.3633e-02,1.0437
2117.36,-7.65955011e-05,5.951374e-03,7.960078e-06,-1.1868461769e-10,3.9797e-02,1.0437
2117.87,-1.06574101e-04,5.893538e-03,7.977569e-06,-1.1901746255e-10,3.6488e-02,1.0437
2118.37,-7.98331564e-05,5.846670e-03,7.984585e-06,-1.1936229782e-10,3.3682e-02,1.0437
2118.88,1.77973767e-05,5.809418e-03,7.977857e-06,-1.2002066008e-10,3.1217e-02,1.0437
2119.39,1.65428257e-04,5.778940e-03,7.955267e-06,-1.2007372874e-10,2.8947e-02,1.0500
2119.89,3.17437956e-04,5.751903e-03,7.915995e-06,-1.2007550509e-10,2.6518e-02,1.0500
2120.40,4.32120035e-04,5.725209e-03,7.860425e-06,-1.2007572714e-10,2.3386e-02,1.0500
2120.91,4.99617805e-04,5.700917e-03,7.790303e-06,-1.2007672634e-10,2.6387e-02,1.0500
2121.41,5.45765219e-04,5.683457e-03,7.709040e-06,-1.2007650430e-10,3.3253e-02,1.0500
2121.92,6.00211113e-04,5.677261e-03,7.621287e-06,-1.2007950190e-10,4.0079e-02,1.0500
2122.43,6.45569871e-04,5.687402e-03,7.531118e-06,-1.2007939088e-10,4.6866e-02,1.0500
2122.93,5.88961026e-04,5.713897e-03,7.439459e-06,-1.2008005701e-10,5.3612e-02,1.0500
2123.44,2.91706191e-04,5.757708e-03,7.342838e-06,-1.2008116723e-10,6.0318e-02,1.0500
2123.95,-3.42534981e-04,5.814541e-03,7.234671e-06,-1.2008249950e-10,6.6983e-02,1.0500
2124.45,-1.27744650e-03,5.880939e-03,7.107552e-06,-1.2008305461e-10,7.3608e-02,1.0500
2124.96,-2.32852256e-03,5.950763e-03,6.954644e-06,-1.2008405381e-10,8.0191e-02,1.0500
2125.47,-3.23342676e-03,6.019877e-03,6.769916e-06,-1.2015488604e-10,8.1939e-02,1.0437
2125.97,-3.76025306e-03,6.084515e-03,6.548423e-06,-1.2015621831e-10,8.8836e-02,1.0437
2126.48,-3.78980737e-03,6.143051e-03,6.287427e-06,-1.2015577422e-10,9.5797e-02,1.0437
2126.99,-3.34738407e-03,6.193312e-03,5.988157e-06,-1.2015688444e-10,1.0261e-01,1.0437
2127.50,-2.58226324e-03,6.234910e-03,5.657419e-06,-1.2015943796e-10,1.0918e-01,1.0437
2128.00,-1.70512450e-03,6.267784e-03,5.308795e-06,-1.2015988204e-10,1.1561e-01,1.0437
2128.51,-9.13833724e-04,6.292437e-03,4.961803e-06,-1.2016088125e-10,1.2200e-01,1.0437
2129.02,-3.40076175e-04,6.310159e-03,4.638556e-06,-1.2016043716e-10,1.2834e-01,1.0437
2129.52,-2.61832796e-05,6.322470e-03,4.356425e-06,-1.2016210249e-10,1.3465e-01,1.0437
2130.03,6.89530210e-05,6.330388e-03,4.119612e-06,-1.2016299067e-10,5.3204e-02,1.0437
2130.54,3.57248120e-05,6.335027e-03,3.916503e-06,-1.2016487805e-10,1.1005e-02,1.0437
2131.04,-3.18943372e-05,6.337413e-03,3.727001e-06,-1.2016532214e-10,1.0621e-02,1.0437
2131.55,-7.10248317e-05,6.338465e-03,3.535475e-06,-1.2016565520e-10,1.1732e-02,1.0437
2132.06,-5.51701937e-05,6.338715e-03,3.342068e-06,-1.2016643236e-10,1.7513e-02,1.0437
2132.56,1.26221959e-05,6.339951e-03,3.163967e-06,-1.2016798667e-10,2.4517e-02,1.0437
2133.07,1.12411071e-04,6.347582e-03,3.026487e-06,-1.2016765361e-10,3.1480e-02,1.0437
2133.58,2.18976558e-04,6.367305e-03,2.941865e-06,-1.2016909690e-10,3.8401e-02,1.0437
2134.08,3.13444542e-04,6.402886e-03,2.914276e-06,-1.2017020712e-10,4.5280e-02,1.0437
2134.59,3.87203921e-04,6.450017e-03,2.948681e-06,-1.2017087325e-10,5.2118e-02,1.0437
2135.10,4.38942874e-04,6.497409e-03,3.053864e-06,-1.2017153939e-10,5.8914e-02,1.0437
2135.60,4.71301518e-04,6.532693e-03,3.231804e-06,-1.2017353779e-10,6.5667e-02,1.0437
2136.11,4.89274525e-04,6.547071e-03,3.470653e-06,-1.2017431494e-10,7.2379e-02,1.0437
2136.62,4.99480462e-04,6.538290e-03,3.750015e-06,-1.2017520312e-10,7.9048e-02,1.0437
2137.12,5.06200134e-04,6.508635e-03,4.050916e-06,-1.2017631335e-10,8.5676e-02,1.0437
2137.63,5.07989957e-04,6.462738e-03,4.361535e-06,-1.2017620232e-10,9.2260e-02,1.0437
2138.14,4.97941145e-04,6.407285e-03,4.674302e-06,-1.2017753459e-10,9.8802e-02,1.0437
2138.64,4.69966571e-04,6.347797e-03,4.979890e-06,-1.2017897788e-10,1.0530e-01,1.0437
2139.15,4.23755347e-04,6.287829e-03,5.265610e-06,-1.2017931095e-10,1.1176e-01,1.0437
2139.66,3.62253021e-04,6.230559e-03,5.519381e-06,-1.2017975504e-10,1.1817e-01,1.0437
2140.17,2.80729492e-04,6.172875e-03,5.735821e-06,-1.2018119833e-10,1.2454e-01,1.0437
2140.67,1.56993928e-04,6.130730e-03,5.920675e-06,-1.2025225260e-10,1.2562e-01,1.0375
2141.18,-4.29210676e-05,6.101484e-03,6.088705e-06,-1.2025302976e-10,1.3201e-01,1.0375
2141.69,-3.41425284e-04,6.088003e-03,6.256607e-06,-1.2025480611e-10,1.3836e-01,1.0375
2142.19,-7.22897309e-04,6.092407e-03,6.436642e-06,-1.2025425100e-10,1.4467e-01,1.0375
2142.70,-1.12481125e-03,6.112170e-03,6.634006e-06,-1.2025558327e-10,1.5093e-01,1.0375
2143.21,-1.45557633e-03,6.139787e-03,6.846853e-06,-1.2025669349e-10,1.5715e-01,1.0375
2143.71,-1.63396629e-03,6.167053e-03,7.067878e-06,-1.2025791474e-10,1.6332e-01,1.0375
2144.22,-1.62425746e-03,6.189475e-03,7.287604e-06,-1.2025846985e-10,1.6944e-01,1.0375
2144.73,-1.45176157e-03,6.207836e-03,7.498664e-06,-1.2032774777e-10,1.7504e-01,1.0312
2145.23,-1.19122370e-03,6.226080e-03,7.698040e-06,-1.2032808083e-10,1.8115e-01,1.0312
2145.74,-9.33520419e-04,6.248501e-03,7.886000e-06,-1.2043011033e-10,2.4946e-02,1.0250
2146.25,-7.48771208e-04,6.277246e-03,8.063458e-06,-1.2047607356e-10,3.1201e-02,1.0250
2146.75,-6.62022008e-04,6.311244e-03,8.230639e-06,-1.2049983233e-10,3.7105e-02,1.0250
2147.26,-6.52447583e-04,6.346919e-03,8.387719e-06,-1.2051637466e-10,4.2202e-02,1.0250
2147.77,-6.71320565e-04,6.379299e-03,8.535825e-06,-1.2052658871e-10,4.8135e-02,1.0250
2148.27,-6.69766001e-04,6.406556e-03,8.677169e-06,-1.2053258391e-10,5.3768e-02,1.0250
2148.78,-6.18265327e-04,6.427613e-03,8.814750e-06,-1.2053480436e-10,6.0751e-02,1.0250
2149.29,-5.13052594e-04,6.441011e-03,8.951908e-06,-1.2053735787e-10,6.8183e-02,1.0250
2149.79,-3.71869303e-04,6.444342e-03,9.091639e-06,-1.2053780196e-10,7.4497e-02,1.0250
2150.30,-2.23211012e-04,6.434913e-03,9.235242e-06,-1.2053902321e-10,8.1007e-02,1.0250
2150.81,-9.66593259e-05,6.411225e-03,9.380991e-06,-1.2053946730e-10,8.7975e-02,1.0250
2151.31,-1.66658623e-05,6.373818e-03,9.523584e-06,-1.2054024445e-10,9.4844e-02,1.0250
2151.82,1.73475756e-06,6.323700e-03,9.654589e-06,-1.2054390819e-10,1.0338e-02,1.0312
2152.33,-4.99145742e-05,6.272271e-03,9.764615e-06,-1.2062906229e-10,1.2147e-02,1.0312
2152.83,-1.83555275e-04,6.227807e-03,9.846664e-06,-1.2062928434e-10,1.4184e-02,1.0312
2153.34,-4.23780735e-04,6.197008e-03,9.898858e-06,-1.2063106070e-10,1.6315e-02,1.0312
2153.85,-8.06245690e-04,6.184028e-03,9.924737e-06,-1.2063172683e-10,2.3361e-02,1.0312
2154.36,-1.36494855e-03,6.191907e-03,9.931144e-06,-1.2063339216e-10,3.0658e-02,1.0312
2154.86,-2.10675568e-03,6.217573e-03,9.926858e-06,-1.2063394728e-10,3.7953e-02,1.0312
2155.37,-2.98542948e-03,6.254689e-03,9.922749e-06,-1.2063394728e-10,4.5127e-02,1.0312
2155.88,-3.90199364e-03,6.296652e-03,9.930828e-06,-1.2063539057e-10,5.2132e-02,1.0312
2156.38,-4.72786441e-03,6.337083e-03,9.959904e-06,-1.2063605670e-10,5.9093e-02,1.0312
2156.89,-5.33163951e-03,6.371279e-03,1.001132e-05,-1.2063627874e-10,6.6009e-02,1.0312
2157.40,-5.60447064e-03,6.397783e-03,1.007929e-05,-1.2063894328e-10,7.2881e-02,1.0312
2157.90,-5.47883693e-03,6.418505e-03,1.015564e-05,-1.2063972044e-10,7.9708e-02,1.0312
2158.41,-4.93394625e-03,6.433713e-03,1.023433e-05,-1.2063983146e-10,8.6490e-02,1.0312
2158.92,-3.99562742e-03,6.443760e-03,1.031284e-05,-1.2064105270e-10,9.3227e-02,1.0312
2159.42,-2.73687931e-03,6.449474e-03,1.039056e-05,-1.2064249599e-10,9.9919e-02,1.0312
2159.93,-1.28589364e-03,6.452568e-03,1.046671e-05,-1.2067258304e-10,2.9758e-02,1.0312
2160.44,1.62087867e-04,6.455067e-03,1.053848e-05,-1.2089929058e-10,2.8728e-02,1.0375
2160.94,1.35473538e-03,6.458924e-03,1.060047e-05,-1.2114931280e-10,3.0677e-02,1.0375
2161.45,2.04090705e-03,6.464279e-03,1.064591e-05,-1.2131018412e-10,3.5858e-02,1.0500
2161.96,2.07356311e-03,6.469978e-03,1.066923e-05,-1.2133449800e-10,3.8864e-02,1.0500
2162.46,1.49438285e-03,6.474326e-03,1.066801e-05,-1.2133505312e-10,4.0055e-02,1.0500
2162.97,5.45740736e-04,6.476801e-03,1.064262e-05,-1.2133538618e-10,3.6012e-02,1.0500
2163.48,-4.31646683e-04,6.477832e-03,1.059479e-05,-1.2133771765e-10,3.1293e-02,1.0500
2163.98,-1.14338220e-03,6.477901e-03,1.052648e-05,-1.2133805072e-10,2.7630e-02,1.0500
2164.49,-1.42075546e-03,6.477609e-03,1.043978e-05,-1.2133949401e-10,3.3946e-02,1.0500
2165.00,-1.24606148e-03,6.477613e-03,1.033628e-05,-1.2134016014e-10,4.0768e-02,1.0500
2165.50,-7.30230456e-04,6.478689e-03,1.021588e-05,-1.2134127036e-10,4.7551e-02,1.0500
2166.01,-5.16683100e-05,6.481405e-03,1.007599e-05,-1.2134160343e-10,5.4293e-02,1.0500
2166.52,6.08135021e-04,6.486061e-03,9.911663e-06,-1.2134260263e-10,6.0995e-02,1.0500
2167.02,1.11780704e-03,6.492636e-03,9.716265e-06,-1.2134337979e-10,6.7656e-02,1.0500
2167.53,1.42666396e-03,6.501016e-03,9.482029e-06,-1.2134493410e-10,7.4276e-02,1.0500
2168.04,1.55894978e-03,6.510854e-03,9.201198e-06,-1.2134493410e-10,8.0856e-02,1.0500
2168.55,1.58405249e-03,6.521741e-03,8.868053e-06,-1.2134615535e-10,8.7394e-02,1.0500
2169.05,1.58018541e-03,6.532825e-03,8.480820e-06,-1.2141676553e-10,7.9049e-02,1.0437
2169.56,1.60544719e-03,6.543607e-03,8.042449e-06,-1.2141576633e-10,8.5677e-02,1.0437
2170.07,1.68400647e-03,6.553581e-03,7.560666e-06,-1.2141776473e-10,9.2262e-02,1.0437
2170.57,1.81097051e-03,6.562100e-03,7.048085e-06,-1.2141898598e-10,9.8804e-02,1.0437
2171.08,1.96424049e-03,6.568563e-03,6.521651e-06,-1.2142031824e-10,1.0530e-01,1.0437
2171.59,2.11635666e-03,6.572717e-03,5.999736e-06,-1.2142153949e-10,1.1176e-01,1.0437
2172.09,2.24483077e-03,6.573903e-03,5.496532e-06,-1.2142176153e-10,1.1817e-01,1.0437
2172.60,2.34078717e-03,6.572117e-03,5.015918e-06,-1.2142220562e-10,1.2454e-01,1.0437
2173.11,2.41406662e-03,6.567387e-03,4.549588e-06,-1.2142431505e-10,1.3087e-01,1.0437
2173.61,2.49229994e-03,6.559416e-03,4.084386e-06,-1.2142487016e-10,1.3716e-01,1.0437
2174.12,2.61612976e-03,6.547495e-03,3.615971e-06,-1.2149448114e-10,1.3484e-01,1.0375
2174.63,2.83237165e-03,6.530079e-03,3.163677e-06,-1.2149636852e-10,4.5047e-02,1.0375
2175.13,3.18592886e-03,6.505210e-03,2.777443e-06,-1.2149770079e-10,5.1967e-02,1.0375
2175.64,3.71292143e-03,6.470454e-03,2.531267e-06,-1.2149858897e-10,5.8845e-02,1.0375
2176.15,4.43235655e-03,6.424197e-03,2.488769e-06,-1.2149947715e-10,6.5679e-02,1.0375
2176.65,5.33314842e-03,6.366728e-03,2.656199e-06,-1.2150003226e-10,7.2471e-02,1.0375
2177.16,6.35975994e-03,6.300966e-03,2.983856e-06,-1.2150092044e-10,6.1962e-02,1.0375
2177.67,7.40373774e-03,6.233469e-03,3.414660e-06,-1.2150258577e-10,4.9571e-02,1.0375
2178.17,8.31088917e-03,6.173838e-03,3.913241e-06,-1.2150358497e-10,5.6463e-02,1.0375
2178.68,8.90643391e-03,6.130279e-03,4.460038e-06,-1.2150447315e-10,6.3312e-02,1.0375
2179.19,9.03911049e-03,6.106661e-03,5.040484e-06,-1.2150513928e-10,7.0118e-02,1.0375
2179.69,8.64237678e-03,6.101811e-03,5.637752e-06,-1.2150613848e-10,7.6881e-02,1.0375
2180.20,7.79319328e-03,6.112669e-03,6.233542e-06,-1.2150636053e-10,8.3601e-02,1.0375
2180.71,6.71535224e-03,6.132588e-03,6.813393e-06,-1.2150702666e-10,9.0278e-02,1.0375
2181.21,5.69042180e-03,6.154537e-03,7.370583e-06,-1.2150813689e-10,9.6911e-02,1.0375
2181.72,4.90145968e-03,6.173388e-03,7.905195e-06,-1.2150946915e-10,1.0350e-01,1.0375
2182.23,4.30093016e-03,6.186012e-03,8.419599e-06,-1.2157874707e-10,5.8748e-02,1.0312
2182.74,3.61470576e-03,6.191375e-03,8.914279e-06,-1.2158096752e-10,6.4316e-02,1.0312
2183.24,2.51591052e-03,6.189982e-03,9.386704e-06,-1.2158096752e-10,6.8318e-02,1.0312
2183.75,8.68469305e-04,6.183234e-03,9.833154e-06,-1.2158252183e-10,7.4753e-02,1.0312
2184.26,-1.14386410e-03,6.171374e-03,1.025126e-05,-1.2158452023e-10,2.2658e-02,1.0312
2184.76,-3.09992909e-03,6.156499e-03,1.064097e-05,-1.2158640761e-10,1.9709e-02,1.0375
2185.27,-4.55236306e-03,6.140252e-03,1.100340e-05,-1.2161560647e-10,2.4260e-02,1.0375
2185.78,-5.19981696e-03,6.123721e-03,1.133869e-05,-1.2180423337e-10,2.6344e-02,1.0437
2186.28,-4.96405849e-03,6.107831e-03,1.164494e-05,-1.2191081478e-10,2.5980e-02,1.0437
2186.79,-3.98091349e-03,6.093158e-03,1.191887e-05,-1.2206291533e-10,2.3880e-02,1.0437
2187.30,-2.55422422e-03,6.079964e-03,1.215737e-05,-1.2206469169e-10,2.3682e-02,1.0437
2187.80,-1.07463463e-03,6.068172e-03,1.235854e-05,-1.2206480271e-10,2.1686e-02,1.0437
2188.31,9.69833219e-05,6.057818e-03,1.252161e-05,-1.2206591293e-10,1.8043e-02,1.0437
2188.82,7.54068548e-04,6.049141e-03,1.264620e-05,-1.2206680111e-10,1.7265e-02,1.0437
2189.32,9.08369325e-04,6.042696e-03,1.273201e-05,-1.2206857747e-10,2.4359e-02,1.0437
2189.83,7.37433901e-04,6.039795e-03,1.277894e-05,-1.2206990974e-10,3.1482e-02,1.0437
2190.34,4.45579682e-04,6.041200e-03,1.278727e-05,-1.2207013178e-10,3.8604e-02,1.0437
2190.84,1.34572388e-04,6.046273e-03,1.275751e-05,-1.2207057587e-10,4.5723e-02,1.0437
2191.35,-2.32133710e-04,6.054350e-03,1.269021e-05,-1.2207168609e-10,5.2840e-02,1.0437
2191.86,-7.57784397e-04,6.065141e-03,1.258603e-05,-1.2207279632e-10,5.9849e-02,1.0437
2192.36,-1.49332164e-03,6.078027e-03,1.244628e-05,-1.2207335143e-10,6.6682e-02,1.0437
2192.87,-2.35857210e-03,6.092035e-03,1.227344e-05,-1.2207446165e-10,7.3388e-02,1.0437
2193.38,-3.15875263e-03,6.106184e-03,1.207128e-05,-1.2207579392e-10,8.0052e-02,1.0437
2193.88,-3.67577320e-03,6.118999e-03,1.184419e-05,-1.2207668210e-10,8.6673e-02,1.0437
2194.39,-3.77021081e-03,6.129330e-03,1.159598e-05,-1.2207823641e-10,9.3252e-02,1.0437
2194.90,-3.44355279e-03,6.137361e-03,1.132887e-05,-1.2207934663e-10,9.9788e-02,1.0437
2195.40,-2.83900136e-03,6.144175e-03,1.104296e-05,-1.2207823641e-10,1.0628e-01,1.0437
2195.91,-2.18797052e-03,6.151361e-03,1.073666e-05,-1.2208034583e-10,1.1273e-01,1.0437
2196.42,-1.72029498e-03,6.160115e-03,1.040850e-05,-1.2208134503e-10,1.1914e-01,1.0437
2196.93,-1.57785879e-03,6.170682e-03,1.005899e-05,-1.2208145606e-10,1.2550e-01,1.0437
2197.43,-1.77079687e-03,6.182153e-03,9.692045e-06,-1.2208367650e-10,1.3182e-01,1.0437
2197.94,-2.19477393e-03,6.192823e-03,9.314881e-06,-1.2208367650e-10,1.3810e-01,1.0437
2198.45,-2.69063028e-03,6.200836e-03,8.936707e-06,-1.2215550793e-10,1.3847e-01,1.0375
2198.95,-3.10859588e-03,6.205089e-03,8.567490e-06,-1.2215584100e-10,1.4477e-01,1.0375
2199.46,-3.34578661e-03,6.205542e-03,8.217468e-06,-1.2215695122e-10,1.5103e-01,1.0375
2199.97,-3.35457834e-03,6.203203e-03,7.896327e-06,-1.2215717327e-10,1.5725e-01,1.0375
2200.47,-3.13482588e-03,6.199195e-03,7.612675e-06,-1.2215817247e-10,1.6342e-01,1.0375
2200.98,-2.72578463e-03,6.195715e-03,7.373633e-06,-1.2215983780e-10,1.6955e-01,1.0375
2201.49,-2.19684525e-03,6.195796e-03,7.185306e-06,-1.2223022594e-10,5.7308e-02,1.0312
2201.99,-1.63828837e-03,6.203936e-03,7.051748e-06,-1.2223144719e-10,1.2813e-02,1.0375
2202.50,-1.14976090e-03,6.223976e-03,6.973821e-06,-1.2223200230e-10,1.6815e-02,1.0375
2203.01,-8.18600536e-04,6.257648e-03,6.948256e-06,-1.2224177226e-10,2.1848e-02,1.0375
2203.51,-6.99997186e-04,6.299306e-03,6.966357e-06,-1.2249912196e-10,2.3891e-02,1.0437
2204.02,-8.00074330e-04,6.340886e-03,7.013324e-06,-1.2250345183e-10,2.4122e-02,1.0437
2204.53,-1.07258789e-03,6.376622e-03,7.069887e-06,-1.2250411796e-10,2.6732e-02,1.0437
2205.03,-1.42857814e-03,6.403808e-03,7.116699e-06,-1.2250500614e-10,2.4019e-02,1.0437
2205.54,-1.76322628e-03,6.421604e-03,7.139240e-06,-1.2250578330e-10,2.3704e-02,1.0437
2206.05,-1.98841206e-03,6.429463e-03,7.130595e-06,-1.2250611636e-10,2.1937e-02,1.0437
2206.55,-2.05738911e-03,6.427034e-03,7.091405e-06,-1.2250722659e-10,1.8895e-02,1.0437
2207.06,-1.97851693e-03,6.414753e-03,7.028184e-06,-1.2250933601e-10,2.4277e-02,1.0437
2207.57,-1.79779912e-03,6.394051e-03,6.952035e-06,-1.2250922499e-10,3.1400e-02,1.0437
2208.07,-1.57612407e-03,6.367221e-03,6.877532e-06,-1.2251033521e-10,3.8341e-02,1.0437
2208.58,-1.36669363e-03,6.337246e-03,6.819755e-06,-1.2251255566e-10,4.5222e-02,1.0437
2209.09,-1.20183059e-03,6.307674e-03,6.788559e-06,-1.2251211157e-10,5.2061e-02,1.0437
2209.59,-1.10232930e-03,6.282484e-03,6.783942e-06,-1.2251333281e-10,5.8857e-02,1.0437
2210.10,-1.08310472e-03,6.265611e-03,6.796702e-06,-1.2251299975e-10,6.5611e-02,1.0437
2210.61,-1.15364077e-03,6.260094e-03,6.814272e-06,-1.2251422099e-10,7.2324e-02,1.0437
2211.12,-1.30915479e-03,6.267065e-03,6.827554e-06,-1.2251644144e-10,7.8993e-02,1.0437
2211.62,-1.51802604e-03,6.285073e-03,6.834746e-06,-1.2251666348e-10,8.5621e-02,1.0437
2212.13,-1.72462112e-03,6.310166e-03,6.840792e-06,-1.2251799575e-10,9.2206e-02,1.0437
2212.64,-1.86591093e-03,6.336700e-03,6.853509e-06,-1.2251877290e-10,9.8748e-02,1.0437
2213.14,-1.89656707e-03,6.358707e-03,6.879642e-06,-1.2251910597e-10,1.0525e-01,1.0437
2213.65,-1.80340561e-03,6.371511e-03,6.922020e-06,-1.2252088233e-10,1.1171e-01,1.0437
2214.16,-1.60772769e-03,6.372709e-03,6.979810e-06,-1.2252066028e-10,1.1812e-01,1.0437
2214.66,-1.35312327e-03,6.362066e-03,7.050405e-06,-1.2252154846e-10,1.2449e-01,1.0437
2215.17,-1.08160203e-03,6.342171e-03,7.130502e-06,-1.2252321380e-10,1.3082e-01,1.0437
2215.68,-8.22083534e-04,6.317011e-03,7.215403e-06,-1.2264211868e-10,2.5185e-02,1.0437
2216.18,-5.89328535e-04,6.291698e-03,7.298052e-06,-1.2264378402e-10,3.1699e-02,1.0437
2216.69,-3.83474252e-04,6.270236e-03,7.369413e-06,-1.2264433913e-10,2.8588e-02,1.0437
2217.20,-1.99163723e-04,6.256315e-03,7.420881e-06,-1.2265854998e-10,3.0434e-02,1.0437
2217.70,-3.02652539e-05,6.250590e-03,7.447496e-06,-1.2270351402e-10,3.0331e-02,1.0437
2218.21,1.33370729e-04,6.251885e-03,7.449575e-06,-1.2289647078e-10,2.8322e-02,1.0437
2218.72,3.00684312e-04,6.257711e-03,7.432036e-06,-1.2337530997e-10,2.4773e-02,1.0437
2219.22,4.73434144e-04,6.265018e-03,7.403100e-06,-1.2338130517e-10,2.0205e-02,1.0500
2219.73,6.47707726e-04,6.270693e-03,7.373420e-06,-1.2338285948e-10,1.5193e-02,1.0500
2220.24,8.15748605e-04,6.272070e-03,7.354038e-06,-1.2338385869e-10,1.9673e-02,1.0500
2220.74,9.68359014e-04,6.267561e-03,7.352172e-06,-1.2338519095e-10,2.6576e-02,1.0500
2221.25,1.10282789e-03,6.256995e-03,7.367707e-06,-1.2338496891e-10,3.3440e-02,1.0500
2221.76,1.22800405e-03,6.241350e-03,7.394222e-06,-1.2338585709e-10,4.0265e-02,1.0500
2222.26,1.35841586e-03,6.221869e-03,7.423934e-06,-1.2338707833e-10,4.7051e-02,1.0500
2222.77,1.50530991e-03,6.199936e-03,7.452080e-06,-1.2338718935e-10,5.3796e-02,1.0500
2223.28,1.67022512e-03,6.176110e-03,7.478139e-06,-1.2338829958e-10,6.0501e-02,1.0500
2223.79,1.83987990e-03,6.150139e-03,7.504872e-06,-1.2338963185e-10,6.7165e-02,1.0500
2224.29,1.98995401e-03,6.121710e-03,7.536302e-06,-1.2339118616e-10,7.3789e-02,1.0500
2224.80,2.09709494e-03,6.090947e-03,7.574962e-06,-1.2339274047e-10,8.0371e-02,1.0500
2225.31,2.15051146e-03,6.058723e-03,7.619894e-06,-1.2346257350e-10,8.5884e-02,1.0437
2225.81,2.15228042e-03,6.026504e-03,7.667397e-06,-1.2346390577e-10,9.2734e-02,1.0437
2226.32,2.10917332e-03,5.996115e-03,7.713952e-06,-1.2346434985e-10,9.9617e-02,1.0437
2226.83,2.02219704e-03,5.969420e-03,7.758616e-06,-1.2346501599e-10,1.0633e-01,1.0437
2227.33,1.87303816e-03,5.948330e-03,7.802119e-06,-1.2346634826e-10,1.1278e-01,1.0437
2227.84,1.61897046e-03,5.934479e-03,7.844470e-06,-1.2346712541e-10,1.1918e-01,1.0437
2228.35,1.20620479e-03,5.929065e-03,7.883429e-06,-1.2346834666e-10,1.2555e-01,1.0437
2228.85,6.00353261e-04,5.932535e-03,7.914627e-06,-1.2346901279e-10,1.3187e-01,1.0437
2229.36,-1.81338647e-04,5.943810e-03,7.933782e-06,-1.2346967893e-10,1.3815e-01,1.0437
2229.87,-1.05251193e-03,5.960389e-03,7.938863e-06,-1.2347112222e-10,1.4438e-01,1.0437
2230.37,-1.87313102e-03,5.979425e-03,7.931860e-06,-1.2347145528e-10,1.5057e-01,1.0437
2230.88,-2.49652580e-03,6.000695e-03,7.914921e-06,-1.2347289857e-10,1.5672e-01,1.0437
2231.39,-2.81748415e-03,6.027012e-03,7.889784e-06,-1.2354206547e-10,1.5715e-01,1.0375
2231.89,-2.80069815e-03,6.061966e-03,7.856554e-06,-1.2354339773e-10,1.6332e-01,1.0375
2232.40,-2.48546009e-03,6.108586e-03,7.813075e-06,-1.2354384182e-10,1.6945e-01,1.0375
2232.91,-1.96577528e-03,6.168825e-03,7.757284e-06,-1.2354473000e-10,1.7553e-01,1.0375
2233.41,-1.35681229e-03,6.242241e-03,7.689501e-06,-1.2361356383e-10,1.2763e-01,1.0312
2233.92,-7.62107259e-04,6.324078e-03,7.612041e-06,-1.2361578428e-10,1.3409e-01,1.0312
2234.43,-2.51517544e-04,6.406507e-03,7.527964e-06,-1.2361589530e-10,1.4050e-01,1.0312
2234.93,1.44291592e-04,6.482263e-03,7.440295e-06,-1.2361667245e-10,1.4687e-01,1.0312
2235.44,4.23332039e-04,6.543022e-03,7.350620e-06,-1.2361756063e-10,1.5319e-01,1.0312
2235.95,5.96198313e-04,6.580395e-03,7.258411e-06,-1.2361911494e-10,1.5946e-01,1.0312
2236.45,6.75294432e-04,6.593218e-03,7.160564e-06,-1.2361989210e-10,1.6569e-01,1.0312
2236.96,6.76229160e-04,6.589478e-03,7.051976e-06,-1.2362055823e-10,1.7187e-01,1.0312
2237.47,6.23028001e-04,6.580854e-03,6.927421e-06,-1.2362222357e-10,1.7800e-01,1.0312
2237.98,5.48642087e-04,6.579302e-03,6.783322e-06,-1.2388445825e-10,3.0645e-02,1.0250
2238.48,4.85970293e-04,6.593631e-03,6.618371e-06,-1.2399059557e-10,3.5483e-02,1.0250
2238.99,4.53457152e-04,6.628635e-03,6.433097e-06,-1.2405176886e-10,4.0693e-02,1.0250
2239.50,4.48003655e-04,6.684896e-03,6.227975e-06,-1.2408796213e-10,4.6141e-02,1.0250
2240.00,4.51365215e-04,6.747654e-03,6.002131e-06,-1.2410639183e-10,5.1883e-02,1.0250
2240.51,4.44589246e-04,6.820953e-03,5.754569e-06,-1.2411371930e-10,5.7969e-02,1.0250
2241.02,4.21906646e-04,6.893356e-03,5.484947e-06,-1.2411738304e-10,6.4463e-02,1.0250
2241.52,3.95041919e-04,6.966319e-03,5.195465e-06,-1.2411993655e-10,7.1297e-02,1.0250
2242.03,3.85488019e-04,7.034178e-03,4.893375e-06,-1.2412126882e-10,7.8821e-02,1.0250
2242.54,4.12464061e-04,7.094391e-03,4.591931e-06,-1.2412304518e-10,8.5669e-02,1.0250
2243.04,4.82857855e-04,7.141536e-03,4.307304e-06,-1.2412304518e-10,9.2597e-02,1.0250
2243.55,5.87383718e-04,7.174336e-03,4.053432e-06,-1.2412404438e-10,9.9429e-02,1.0250
2244.06,7.06466802e-04,7.185737e-03,3.838173e-06,-1.2412582073e-10,3.5201e-02,1.0250
2244.56,8.20191160e-04,7.181149e-03,3.664706e-06,-1.2412859629e-10,3.7158e-02,1.0312
2245.07,9.15092425e-04,7.166271e-03,3.535588e-06,-1.2424727913e-10,3.5564e-02,1.0312
2245.58,9.87212692e-04,7.151200e-03,3.455949e-06,-1.2452616716e-10,4.0869e-02,1.0375
2246.08,1.04203000e-03,7.135568e-03,3.431241e-06,-1.2477840983e-10,4.4701e-02,1.0375
2246.59,1.09205726e-03,7.122212e-03,3.462653e-06,-1.2498335700e-10,4.5117e-02,1.0437
2247.10,1.15280525e-03,7.110750e-03,3.545119e-06,-1.2563494689e-10,3.9871e-02,1.0437
2247.60,1.23578085e-03,7.103265e-03,3.669583e-06,-1.2569201235e-10,3.6401e-02,1.0437
2248.11,1.33594630e-03,7.097284e-03,3.827853e-06,-1.2570355867e-10,3.3785e-02,1.0500
2248.62,1.42570740e-03,7.090242e-03,4.014537e-06,-1.2570444685e-10,3.1631e-02,1.0500
2249.12,1.46662450e-03,7.079653e-03,4.225534e-06,-1.2570577912e-10,2.9545e-02,1.0500
2249.63,1.44153281e-03,7.063058e-03,4.455596e-06,-1.2570644525e-10,2.6830e-02,1.0500
2250.14,1.37591066e-03,7.040107e-03,4.697502e-06,-1.2570777752e-10,2.9890e-02,1.0500
2250.64,1.31693648e-03,7.011926e-03,4.943301e-06,-1.2570766650e-10,3.6736e-02,1.0500
2251.15,1.27395331e-03,6.980580e-03,5.186273e-06,-1.2570888774e-10,4.3542e-02,1.0500
2251.66,1.17169300e-03,6.948242e-03,5.422095e-06,-1.2570999797e-10,5.0309e-02,1.0500
2252.17,8.70993779e-04,6.917048e-03,5.648705e-06,-1.2571088615e-10,5.7034e-02,1.0500
2252.67,2.61350342e-04,6.888387e-03,5.865127e-06,-1.2571155228e-10,6.3720e-02,1.0500
2253.18,-6.39039275e-04,6.862779e-03,6.070802e-06,-1.2571255148e-10,7.0364e-02,1.0500
2253.69,-1.65752876e-03,6.839936e-03,6.264390e-06,-1.2571366170e-10,7.6968e-02,1.0500
2254.19,-2.53490725e-03,6.818336e-03,6.443138e-06,-1.2571532704e-10,8.3531e-02,1.0500
2254.70,-3.03646109e-03,6.796352e-03,6.603169e-06,-1.2571543806e-10,9.0052e-02,1.0500
2255.21,-3.03916566e-03,6.771748e-03,6.740420e-06,-1.2578627029e-10,8.7325e-02,1.0437
2255.71,-2.56348158e-03,6.742988e-03,6.852147e-06,-1.2578715847e-10,9.4088e-02,1.0437
2256.22,-1.75132903e-03,6.708733e-03,6.938881e-06,-1.2578771358e-10,1.0062e-01,1.0437
2256.73,-8.11935180e-04,6.668265e-03,7.006236e-06,-1.2578860176e-10,1.0711e-01,1.0437
2257.23,5.13387181e-05,6.621347e-03,7.065380e-06,-1.2578960096e-10,1.1355e-01,1.0437
2257.74,7.05363026e-04,6.568367e-03,7.131128e-06,-1.2579115527e-10,1.1995e-01,1.0437
2258.25,1.11522526e-03,6.510778e-03,7.217377e-06,-1.2579171038e-10,1.2631e-01,1.0437
2258.75,1.32414884e-03,6.450408e-03,7.331777e-06,-1.2579315367e-10,1.3263e-01,1.0437
2259.26,1.40623517e-03,6.389730e-03,7.473103e-06,-1.2579370878e-10,1.3890e-01,1.0437
2259.77,1.42646554e-03,6.331364e-03,7.632773e-06,-1.2579404185e-10,1.4513e-01,1.0437
2260.27,1.43010957e-03,6.277349e-03,7.799993e-06,-1.2579459696e-10,1.5131e-01,1.0437
2260.78,1.44907977e-03,6.228920e-03,7.966927e-06,-1.2586587328e-10,1.2596e-02,1.0375
2261.29,1.50855078e-03,6.186231e-03,8.130520e-06,-1.2586820475e-10,1.0097e-02,1.0375
2261.79,1.61901107e-03,6.148691e-03,8.291416e-06,-1.2587042519e-10,1.0530e-02,1.0375
2262.30,1.77038040e-03,6.115796e-03,8.451030e-06,-1.2587220155e-10,1.7694e-02,1.0375
2262.81,1.93435512e-03,6.086993e-03,8.609920e-06,-1.2587275666e-10,2.4784e-02,1.0375
2263.31,2.07987333e-03,6.062023e-03,8.767707e-06,-1.2587486609e-10,3.1802e-02,1.0375
2263.82,2.18848609e-03,6.042137e-03,8.924002e-06,-1.2587531018e-10,3.8756e-02,1.0375
2264.33,2.26013318e-03,6.029394e-03,9.079021e-06,-1.2587664244e-10,4.5951e-02,1.0375
2264.83,2.30808884e-03,6.024262e-03,9.233373e-06,-1.2587664244e-10,5.3158e-02,1.0375
2265.34,2.34793063e-03,6.025580e-03,9.387398e-06,-1.2587841880e-10,6.0364e-02,1.0375
2265.85,2.38879084e-03,6.031987e-03,9.540380e-06,-1.2587908493e-10,6.7568e-02,1.0375
2266.36,2.42989670e-03,6.040750e-03,9.690214e-06,-1.2588019516e-10,7.4836e-02,1.0375
2266.86,2.46337487e-03,6.049492e-03,9.833777e-06,-1.2588041720e-10,8.2016e-02,1.0375
2267.37,2.48068563e-03,6.056207e-03,9.967741e-06,-1.2588208254e-10,8.9036e-02,1.0375
2267.88,2.47734848e-03,6.059691e-03,1.008964e-05,-1.2588252662e-10,9.5979e-02,1.0375
2268.38,2.45270410e-03,6.059487e-03,1.019906e-05,-1.2588408094e-10,1.0279e-01,1.0375
2268.89,2.40574761e-03,6.056054e-03,1.029822e-05,-1.2588474707e-10,2.2015e-02,1.0375
2269.40,2.33251760e-03,6.050379e-03,1.039141e-05,-1.2588519116e-10,2.0497e-02,1.0375
2269.90,2.22873334e-03,6.043909e-03,1.048300e-05,-1.2589995713e-10,2.7494e-02,1.0437
2270.41,2.09593490e-03,6.038004e-03,1.057491e-05,-1.2590006815e-10,2.6433e-02,1.0437
2270.92,1.94462102e-03,6.034123e-03,1.066498e-05,-1.2590140042e-10,2.4822e-02,1.0437
2271.42,1.78978136e-03,6.033392e-03,1.074755e-05,-1.2590151144e-10,2.6867e-02,1.0437
2271.93,1.64169641e-03,6.036232e-03,1.081636e-05,-1.2590362086e-10,2.7527e-02,1.0437
2272.44,1.49887877e-03,6.042310e-03,1.086793e-05,-1.2590462006e-10,2.6488e-02,1.0437
2272.94,1.34834217e-03,6.052104e-03,1.090281e-05,-1.2590417597e-10,2.4004e-02,1.0437
2273.45,1.17396572e-03,6.064992e-03,1.092361e-05,-1.2590506415e-10,2.0459e-02,1.0437
2273.96,9.66495004e-04,6.079598e-03,1.093196e-05,-1.2590650744e-10,2.0421e-02,1.0437
2274.46,7.31204430e-04,6.095027e-03,1.092698e-05,-1.2590684051e-10,2.7505e-02,1.0437
2274.97,4.89165099e-04,6.110809e-03,1.090607e-05,-1.2590939402e-10,3.4627e-02,1.0437
2275.48,2.71373042e-04,6.126837e-03,1.086663e-05,-1.2590950504e-10,4.1747e-02,1.0437
2275.98,1.07671735e-04,6.143304e-03,1.080743e-05,-1.2591061527e-10,4.8865e-02,1.0437
2276.49,1.51140807e-05,6.160425e-03,1.072880e-05,-1.2591183651e-10,5.5982e-02,1.0437
2277.00,-7.41866968e-06,6.178334e-03,1.063203e-05,-1.2591150345e-10,6.2952e-02,1.0437
2277.50,2.52132482e-05,6.196953e-03,1.051807e-05,-1.2591327980e-10,6.9758e-02,1.0437
2278.01,9.63512868e-05,6.215935e-03,1.038680e-05,-1.2591394594e-10,7.6445e-02,1.0437
2278.52,1.96224401e-04,6.234608e-03,1.023710e-05,-1.2591461207e-10,8.3089e-02,1.0437
2279.02,3.18476415e-04,6.251916e-03,1.006752e-05,-1.2591594434e-10,8.9691e-02,1.0437
2279.53,4.44926567e-04,6.266480e-03,9.876676e-06,-1.2591716558e-10,9.6250e-02,1.0437
2280.04,5.29668701e-04,6.276736e-03,9.662819e-06,-1.2591716558e-10,1.0277e-01,1.0437
2280.55,4.93013944e-04,6.280646e-03,9.423027e-06,-1.2591894194e-10,1.0924e-01,1.0437
2281.05,2.34823320e-04,6.276294e-03,9.152525e-06,-1.2591916398e-10,1.1567e-01,1.0437
2281.56,-3.31304709e-04,6.263519e-03,8.844701e-06,-1.2592027421e-10,1.2206e-01,1.0437
2282.07,-1.23466486e-03,6.244376e-03,8.492601e-06,-1.2592160648e-10,1.2840e-01,1.0437
2282.57,-2.42230923e-03,6.221801e-03,8.090596e-06,-1.2592227261e-10,1.3470e-01,1.0437
2283.08,-3.77061999e-03,6.198850e-03,7.636024e-06,-1.2592227261e-10,1.4096e-01,1.0437
2283.59,-5.12745437e-03,6.178022e-03,7.129954e-06,-1.2599421506e-10,1.3957e-01,1.0375
2284.09,-6.34801881e-03,6.161045e-03,6.576918e-06,-1.2599499222e-10,1.4587e-01,1.0375
2284.60,-7.30588424e-03,6.148659e-03,5.984639e-06,-1.2599576937e-10,1.5212e-01,1.0375
2285.11,-7.88943335e-03,6.141041e-03,5.363903e-06,-1.2599754573e-10,1.5833e-01,1.0375
2285.61,-8.00431915e-03,6.134386e-03,4.728465e-06,-1.2599732369e-10,1.6449e-01,1.0375
2286.12,-7.59556971e-03,6.129338e-03,4.096336e-06,-1.2599898902e-10,1.7061e-01,1.0375
2286.63,-6.68161049e-03,6.130883e-03,3.490939e-06,-1.2606660160e-10,1.3400e-01,1.0312
2287.13,-5.38762419e-03,6.138417e-03,2.946195e-06,-1.2606726774e-10,1.4041e-01,1.0312
2287.64,-3.94458440e-03,6.147912e-03,2.513738e-06,-1.2606915512e-10,1.4678e-01,1.0312
2288.15,-2.64992144e-03,6.167712e-03,2.265568e-06,-1.2606915512e-10,1.5310e-01,1.0312
2288.65,-1.78059385e-03,6.192959e-03,2.265750e-06,-1.2607037636e-10,1.5937e-01,1.0312
2289.16,-1.49186084e-03,6.218685e-03,2.513431e-06,-1.2607082045e-10,1.6560e-01,1.0312
2289.67,-1.75674762e-03,6.235761e-03,2.942716e-06,-1.2607137556e-10,1.6604e-02,1.0312
2290.17,-2.38397839e-03,6.248676e-03,3.480690e-06,-1.2633094570e-10,2.9009e-02,1.0375
2290.68,-3.10213399e-03,6.248850e-03,4.077166e-06,-1.2653589287e-10,2.5588e-02,1.0375
2291.19,-3.66117295e-03,6.244364e-03,4.702374e-06,-1.2692491502e-10,3.0635e-02,1.0375
2291.69,-3.90864016e-03,6.233298e-03,5.338726e-06,-1.2742351618e-10,3.3926e-02,1.0375
2292.20,-3.81710747e-03,6.217650e-03,5.974994e-06,-1.2764911350e-10,3.5133e-02,1.0437
2292.71,-3.47031088e-03,6.199385e-03,6.603042e-06,-1.2765311030e-10,3.4669e-02,1.0437
2293.21,-3.01197070e-03,6.178425e-03,7.216306e-06,-1.2766465662e-10,3.2946e-02,1.0437
2293.72,-2.57893074e-03,6.155933e-03,7.809253e-06,-1.2767065183e-10,3.0282e-02,1.0437
2294.23,-2.25239190e-03,6.133803e-03,8.377415e-06,-1.2767087387e-10,2.6921e-02,1.0437
2294.74,-2.04412856e-03,6.113409e-03,8.917247e-06,-1.2767265023e-10,2.3136e-02,1.0437
2295.24,-1.92389436e-03,6.095549e-03,9.425567e-06,-1.2767487068e-10,2.0334e-02,1.0437
2295.75,-1.86106113e-03,6.080461e-03,9.898750e-06,-1.2767531476e-10,2.7235e-02,1.0437
2296.26,-1.85064028e-03,6.068043e-03,1.033236e-05,-1.2767564783e-10,3.4376e-02,1.0437
2296.76,-1.90916991e-03,6.058044e-03,1.072169e-05,-1.2767653601e-10,4.1501e-02,1.0437
2297.27,-2.04760914e-03,6.050083e-03,1.106285e-05,-1.2767853441e-10,4.8621e-02,1.0437
2297.78,-2.24483861e-03,6.044930e-03,1.135362e-05,-1.2767809032e-10,5.5739e-02,1.0437
2298.28,-2.43908280e-03,6.042006e-03,1.159372e-05,-1.2767964463e-10,6.2856e-02,1.0437
2298.79,-2.54627897e-03,6.040826e-03,1.178488e-05,-1.2768086588e-10,6.9974e-02,1.0437
2299.30,-2.49493123e-03,6.041701e-03,1.193084e-05,-1.2768153201e-10,7.6932e-02,1.0437
2299.80,-2.25624460e-03,6.044195e-03,1.203702e-05,-1.2768242019e-10,8.3831e-02,1.0437
2300.31,-1.85593458e-03,6.048428e-03,1.210966e-05,-1.2768330837e-10,9.0556e-02,1.0437
2300.82,-1.36144990e-03,6.054417e-03,1.215471e-05,-1.2768386348e-10,9.7111e-02,1.0437
2301.32,-8.53839176e-04,6.061397e-03,1.217658e-05,-1.2768475166e-10,1.0362e-01,1.0437
2301.83,-3.96852046e-04,6.068484e-03,1.217753e-05,-1.2768552882e-10,1.1009e-01,1.0437
2302.34,-1.98785216e-05,6.075112e-03,1.215772e-05,-1.2768730517e-10,1.1651e-01,1.0437
2302.84,2.80059333e-04,6.080947e-03,1.211598e-05,-1.2768641700e-10,1.2290e-01,1.0437
2303.35,5.30289068e-04,6.084402e-03,1.205068e-05,-1.2768819335e-10,1.2923e-01,1.0437
2303.86,7.70534590e-04,6.083112e-03,1.196053e-05,-1.2768919255e-10,1.3553e-01,1.0437
2304.36,1.03995984e-03,6.074374e-03,1.184545e-05,-1.2769030278e-10,1.4178e-01,1.0437
2304.87,1.37282524e-03,6.056339e-03,1.170621e-05,-1.2769207913e-10,1.4799e-01,1.0437
2305.38,1.79496091e-03,6.028548e-03,1.154413e-05,-1.2775980274e-10,1.4719e-01,1.0375
2305.88,2.31792419e-03,5.992743e-03,1.136058e-05,-1.2776180114e-10,1.5343e-01,1.0375
2306.39,2.93204539e-03,5.951739e-03,1.115832e-05,-1.2776335545e-10,1.5963e-01,1.0375
2306.90,3.61061374e-03,5.909964e-03,1.094066e-05,-1.2776291136e-10,1.6578e-01,1.0375
2307.41,4.31120207e-03,5.873155e-03,1.071147e-05,-1.2776446567e-10,1.7189e-01,1.0375
2307.91,4.98003923e-03,5.847030e-03,1.047433e-05,-1.2783452075e-10,3.8966e-02,1.0312
2308.42,5.55685692e-03,5.838079e-03,1.023225e-05,-1.2783596404e-10,3.9248e-02,1.0312
2308.93,5.98272881e-03,5.850886e-03,9.985923e-06,-1.2783774039e-10,3.4758e-02,1.0312
2309.43,6.20882575e-03,5.886315e-03,9.733232e-06,-1.2784062697e-10,3.7529e-02,1.0312
2309.94,6.20802361e-03,5.945080e-03,9.470645e-06,-1.2784118208e-10,4.3435e-02,1.0312
2310.45,5.98419976e-03,6.018774e-03,9.195679e-06,-1.2784251435e-10,4.9602e-02,1.0312
2310.95,5.57169168e-03,6.096028e-03,8.909258e-06,-1.2784295844e-10,3.0882e-02,1.0312
2311.46,5.02494424e-03,6.167577e-03,8.616729e-06,-1.2784517889e-10,3.5009e-02,1.0312
2311.97,4.40402830e-03,6.227750e-03,8.327285e-06,-1.2784973080e-10,1.4053e-02,1.0312
2312.47,3.75918455e-03,6.274997e-03,8.051976e-06,-1.2785261738e-10,2.6271e-02,1.0375
2312.98,3.12060359e-03,6.310975e-03,7.800778e-06,-1.2793432980e-10,2.9625e-02,1.0375
2313.49,2.49793105e-03,6.338968e-03,7.579559e-06,-1.2816436801e-10,2.9404e-02,1.0437
2313.99,1.88779527e-03,6.362439e-03,7.388417e-06,-1.2857515053e-10,3.2714e-02,1.0437
2314.50,1.28577778e-03,6.384146e-03,7.222950e-06,-1.2860568166e-10,3.1790e-02,1.0500
2315.01,6.98831502e-04,6.406208e-03,7.078277e-06,-1.2860734699e-10,3.0990e-02,1.0500
2315.51,1.51315798e-04,6.429405e-03,6.952760e-06,-1.2860779108e-10,2.9178e-02,1.0500
2316.02,-3.17737836e-04,6.453784e-03,6.848259e-06,-1.2860879028e-10,2.6590e-02,1.0500
2316.53,-6.65034226e-04,6.479311e-03,6.767177e-06,-1.2860923437e-10,2.5289e-02,1.0500
2317.03,-8.56532046e-04,6.506165e-03,6.709638e-06,-1.2861056664e-10,3.2161e-02,1.0500
2317.54,-8.78515747e-04,6.534486e-03,6.673319e-06,-1.2861101073e-10,3.8994e-02,1.0500
2318.05,-7.42889241e-04,6.564140e-03,6.655231e-06,-1.2861178789e-10,4.5787e-02,1.0500
2318.55,-4.86660960e-04,6.594991e-03,6.653112e-06,-1.2861323118e-10,5.2540e-02,1.0500
2319.06,-1.64768473e-04,6.627449e-03,6.665342e-06,-1.2861400833e-10,5.9253e-02,1.0500
2319.57,1.62436830e-04,6.662235e-03,6.689871e-06,-1.2861600673e-10,6.5925e-02,1.0500
2320.07,4.45511018e-04,6.700275e-03,6.723291e-06,-1.2861600673e-10,7.2556e-02,1.0500
2320.58,6.58657973e-04,6.742458e-03,6.760778e-06,-1.2861656185e-10,7.9146e-02,1.0500
2321.09,8.02706802e-04,6.788840e-03,6.797156e-06,-1.2861767207e-10,8.5695e-02,1.0500
2321.60,8.95449975e-04,6.839777e-03,6.828807e-06,-1.2861833820e-10,9.2202e-02,1.0500
2322.10,9.55339889e-04,6.894177e-03,6.855431e-06,-1.2861955945e-10,9.8668e-02,1.0500
2322.61,9.89306372e-04,6.948781e-03,6.880093e-06,-1.2869194599e-10,9.2661e-02,1.0437
2323.12,9.91813616e-04,6.999643e-03,6.906943e-06,-1.2869116883e-10,9.9202e-02,1.0437
2323.62,9.54446317e-04,7.043971e-03,6.938004e-06,-1.2869227906e-10,1.0570e-01,1.0437
2324.13,8.77759988e-04,7.080276e-03,6.969908e-06,-1.2869316723e-10,1.1215e-01,1.0437
2324.64,7.76328065e-04,7.109308e-03,6.993377e-06,-1.2869472155e-10,1.1856e-01,1.0437
2325.14,6.73371624e-04,7.131949e-03,6.997483e-06,-1.2869616484e-10,1.2493e-01,1.0437
2325.65,5.89060988e-04,7.148560e-03,6.975123e-06,-1.2869683097e-10,1.3126e-01,1.0437
2326.16,5.30571630e-04,7.157483e-03,6.926148e-06,-1.2869827426e-10,1.3754e-01,1.0437
2326.66,4.90849316e-04,7.156964e-03,6.855795e-06,-1.2869816324e-10,1.4378e-01,1.0437
2327.17,4.54100418e-04,7.139444e-03,6.773964e-06,-1.2869971755e-10,1.4997e-01,1.0437
2327.68,4.04163014e-04,7.110992e-03,6.690236e-06,-1.2877054978e-10,1.4860e-01,1.0375
2328.18,3.29637413e-04,7.074586e-03,6.608524e-06,-1.2877188205e-10,1.5484e-01,1.0375
2328.69,2.26227213e-04,7.035017e-03,6.534329e-06,-1.2877210409e-10,1.6102e-01,1.0375
2329.20,9.93875313e-05,7.001455e-03,6.474383e-06,-1.2877277022e-10,1.6717e-01,1.0375
2329.70,-3.25380302e-05,6.979215e-03,6.435353e-06,-1.2877343636e-10,1.7327e-01,1.0375
2330.21,-1.37654087e-04,6.972730e-03,6.421024e-06,-1.2884249223e-10,1.6614e-01,1.0312
2330.72,-1.77558524e-04,6.986916e-03,6.435531e-06,-1.2884393552e-10,1.7232e-01,1.0312
2331.22,-1.21704886e-04,7.022623e-03,6.479688e-06,-1.2884471268e-10,1.7845e-01,1.0312
2331.73,3.83709316e-05,7.072038e-03,6.551023e-06,-1.2884515677e-10,1.8454e-01,1.0312
2332.24,2.83678442e-04,7.120491e-03,6.647221e-06,-1.2894840751e-10,4.6800e-02,1.0250
2332.74,5.73624249e-04,7.151834e-03,6.766525e-06,-1.2894874057e-10,4.7146e-02,1.0250
2333.25,8.56765948e-04,7.162563e-03,6.907162e-06,-1.2895129409e-10,5.3090e-02,1.0250
2333.76,1.08149351e-03,7.152702e-03,7.066295e-06,-1.2895173818e-10,3.2563e-02,1.0250
2334.26,1.20522305e-03,7.121707e-03,7.237799e-06,-1.2895506885e-10,1.4483e-02,1.0250
2334.77,1.20793397e-03,7.070653e-03,7.410687e-06,-1.2905554403e-10,2.2997e-02,1.0312
2335.28,1.10373383e-03,7.001125e-03,7.570550e-06,-1.2921097525e-10,2.5624e-02,1.0375
2335.79,9.36578869e-04,6.915991e-03,7.703983e-06,-1.2941914207e-10,3.2206e-02,1.0375
2336.29,7.51682315e-04,6.817988e-03,7.803463e-06,-1.3015011291e-10,2.9914e-02,1.0437
2336.80,5.56609191e-04,6.713628e-03,7.869671e-06,-1.3096213003e-10,3.4207e-02,1.0437
2337.31,3.03720025e-04,6.610061e-03,7.909641e-06,-1.3098977458e-10,3.7365e-02,1.0437
2337.81,-8.37562682e-05,6.515556e-03,7.932685e-06,-1.3098955254e-10,3.8685e-02,1.0437
2338.32,-6.52091523e-04,6.436810e-03,7.947003e-06,-1.3099232810e-10,3.6861e-02,1.0437
2338.83,-1.36344203e-03,6.377797e-03,7.958677e-06,-1.3099177298e-10,3.4050e-02,1.0437
2339.33,-2.09041956e-03,6.339131e-03,7.971985e-06,-1.3099243912e-10,3.2507e-02,1.0437
2339.84,-2.66282366e-03,6.315736e-03,7.989021e-06,-1.3099332730e-10,3.1568e-02,1.0437
2340.35,-2.93770817e-03,6.299843e-03,8.009446e-06,-1.3099443752e-10,3.0518e-02,1.0437
2340.85,-2.85468069e-03,6.283962e-03,8.031689e-06,-1.3099510365e-10,3.5505e-02,1.0437
2341.36,-2.45317822e-03,6.261929e-03,8.052890e-06,-1.3099632490e-10,4.2624e-02,1.0437
2341.87,-1.85105894e-03,6.230409e-03,8.070154e-06,-1.3099643592e-10,4.9742e-02,1.0437
2342.37,-1.19886934e-03,6.189433e-03,8.082068e-06,-1.3099821228e-10,5.6733e-02,1.0437
2342.88,-6.28457609e-04,6.141704e-03,8.089300e-06,-1.3099910046e-10,6.3536e-02,1.0437
2343.39,-2.17953417e-04,6.091235e-03,8.093749e-06,-1.3099965557e-10,7.0262e-02,1.0437
2343.89,1.59829143e-05,6.042103e-03,8.096782e-06,-1.3100098784e-10,7.6945e-02,1.0437
2344.40,1.03351166e-04,5.997763e-03,8.097575e-06,-1.3100209806e-10,8.3586e-02,1.0437
2344.91,9.77331503e-05,5.960901e-03,8.092358e-06,-1.3100265317e-10,9.0184e-02,1.0437
2345.41,5.62765358e-05,5.933482e-03,8.074761e-06,-1.3100309726e-10,9.6740e-02,1.0437
2345.92,2.45107507e-05,5.916808e-03,8.037125e-06,-1.3100442953e-10,1.0325e-01,1.0437
2346.43,2.87055926e-05,5.911387e-03,7.972195e-06,-1.3100565077e-10,1.0972e-01,1.0437
2346.93,7.06968699e-05,5.916747e-03,7.874660e-06,-1.3100576179e-10,1.1615e-01,1.0437
2347.44,1.31834641e-04,5.931452e-03,7.742122e-06,-1.3100598384e-10,9.4708e-03,1.0437
2347.95,1.84514153e-04,5.953234e-03,7.575597e-06,-1.3100764917e-10,1.2146e-02,1.0437
2348.45,2.07609527e-04,5.979573e-03,7.379722e-06,-1.3100809326e-10,1.9173e-02,1.0437
2348.96,1.97947383e-04,6.008255e-03,7.162562e-06,-1.3100975860e-10,2.6163e-02,1.0437
2349.47,1.71345082e-04,6.037798e-03,6.934687e-06,-1.3100942553e-10,3.3113e-02,1.0437
2349.98,1.54390162e-04,6.067604e-03,6.707324e-06,-1.3101064678e-10,4.0022e-02,1.0437
2350.48,1.71105611e-04,6.097854e-03,6.489898e-06,-1.3101164598e-10,4.6890e-02,1.0437
2350.99,2.33320069e-04,6.129172e-03,6.287853e-06,-1.3101286722e-10,5.3717e-02,1.0437
2351.50,3.37994125e-04,6.162191e-03,6.101548e-06,-1.3101308927e-10,6.0503e-02,1.0437
2352.00,4.71610122e-04,6.197101e-03,5.926906e-06,-1.3101353336e-10,6.7246e-02,1.0437
2352.51,6.17256547e-04,6.233375e-03,5.757760e-06,-1.3101653096e-10,7.3948e-02,1.0437
2353.02,7.60731629e-04,6.269755e-03,5.588963e-06,-1.3101630891e-10,8.0607e-02,1.0437
2353.52,8.94097588e-04,6.304510e-03,5.418743e-06,-1.3101797425e-10,8.7224e-02,1.0437
2354.03,1.01692689e-03,6.335800e-03,5.249391e-06,-1.3101841834e-10,9.3799e-02,1.0437
2354.54,1.13610992e-03,6.361887e-03,5.086318e-06,-1.3102008367e-10,1.0033e-01,1.0437
2355.04,1.25894950e-03,6.381579e-03,4.936428e-06,-1.3102008367e-10,1.0682e-01,1.0437
2355.55,1.38226147e-03,6.392310e-03,4.806855e-06,-1.3102108287e-10,1.1327e-01,1.0437
2356.06,1.48574013e-03,6.398129e-03,4.704553e-06,-1.3109202612e-10,1.1301e-01,1.0375
2356.56,1.53847355e-03,6.398042e-03,4.635085e-06,-1.3109202612e-10,1.1949e-01,1.0375
2357.07,1.51450925e-03,6.393113e-03,4.599924e-06,-1.3109291430e-10,1.2593e-01,1.0375
2357.58,1.39821004e-03,6.385619e-03,4.593350e-06,-1.3109446861e-10,1.3232e-01,1.0375
2358.08,1.17073101e-03,6.374595e-03,4.602473e-06,-1.3109480168e-10,1.3867e-01,1.0375
2358.59,7.91630921e-04,6.363261e-03,4.611047e-06,-1.3109580088e-10,1.4497e-01,1.0375
2359.10,2.04838681e-04,6.355951e-03,4.605600e-06,-1.3109557884e-10,1.5123e-01,1.0375
2359.60,-6.19936351e-04,6.356633e-03,4.580850e-06,-1.3109746622e-10,1.5745e-01,1.0375
2360.11,-1.63638649e-03,6.369133e-03,4.542157e-06,-1.3109979768e-10,1.6362e-01,1.0375
2360.62,-2.70346472e-03,6.393329e-03,4.505728e-06,-1.3120271536e-10,2.7818e-02,1.0312
2361.12,-3.62046331e-03,6.425193e-03,4.495076e-06,-1.3120515785e-10,3.0317e-02,1.0312
2361.63,-4.19465999e-03,6.457327e-03,4.532010e-06,-1.3120904363e-10,5.8920e-03,1.0375
2362.14,-4.30388173e-03,6.486207e-03,4.625504e-06,-1.3121159714e-10,7.7467e-03,1.0375
2362.64,-3.93169367e-03,6.506664e-03,4.766751e-06,-1.3121204123e-10,5.4858e-03,1.0375
2363.15,-3.17052982e-03,6.517640e-03,4.935086e-06,-1.3121370657e-10,5.9832e-03,1.0375
2363.66,-2.19623541e-03,6.520672e-03,5.110562e-06,-1.3124601406e-10,3.7335e-03,1.0437
2364.17,-1.22119041e-03,6.517836e-03,5.282397e-06,-1.3124823450e-10,1.0774e-02,1.0437
2364.67,-4.35774406e-04,6.510656e-03,5.449659e-06,-1.3124812348e-10,1.7805e-02,1.0437
2365.18,4.44654148e-05,6.499794e-03,5.616608e-06,-1.3124878961e-10,2.4801e-02,1.0437
2365.69,2.02591025e-04,6.485041e-03,5.787831e-06,-1.3124989984e-10,3.1758e-02,1.0437
2366.19,1.06099073e-04,6.465743e-03,5.965726e-06,-1.3125212028e-10,3.8674e-02,1.0437
2366.70,-1.35571528e-04,6.441981e-03,6.150158e-06,-1.3125167619e-10,4.5550e-02,1.0437
2367.21,-4.15033451e-04,6.414596e-03,6.338579e-06,-1.3125367460e-10,5.2385e-02,1.0437
2367.71,-6.57539034e-04,6.385241e-03,6.526431e-06,-1.3125323051e-10,5.9178e-02,1.0437
2368.22,-8.28283100e-04,6.355945e-03,6.708203e-06,-1.3125456277e-10,6.5930e-02,1.0437
2368.73,-9.25036870e-04,6.329009e-03,6.878631e-06,-1.3125578402e-10,7.2639e-02,1.0437
2369.23,-9.64914278e-04,6.307013e-03,7.033325e-06,-1.3125622811e-10,7.9638e-02,1.0437
2369.74,-9.74241003e-04,6.291313e-03,7.169244e-06,-1.3132672727e-10,8.6822e-02,1.0375
2370.25,-9.83285760e-04,6.281934e-03,7.285342e-06,-1.3132772647e-10,9.3714e-02,1.0375
2370.75,-1.02280169e-03,6.278356e-03,7.383931e-06,-1.3132805954e-10,1.0058e-01,1.0375
2371.26,-1.11736130e-03,6.276052e-03,7.470799e-06,-1.3132916976e-10,1.0724e-01,1.0375
2371.77,-1.27256009e-03,6.277339e-03,7.554391e-06,-1.3133016896e-10,1.1376e-01,1.0375
2372.27,-1.46354020e-03,6.281910e-03,7.643180e-06,-1.3133061305e-10,1.2024e-01,1.0375
2372.78,-1.63460758e-03,6.288883e-03,7.742455e-06,-1.3133172327e-10,1.2667e-01,1.0375
2373.29,-1.71556173e-03,6.298647e-03,7.852359e-06,-1.3133261145e-10,1.3305e-01,1.0375
2373.79,-1.64800902e-03,6.311190e-03,7.968691e-06,-1.3133349963e-10,1.3940e-01,1.0375
2374.30,-1.40858556e-03,6.325670e-03,8.086487e-06,-1.3133505394e-10,1.4570e-01,1.0375
2374.81,-1.01876204e-03,6.341330e-03,8.203701e-06,-1.3133627519e-10,1.5195e-01,1.0375
2375.31,-5.37015987e-04,6.358361e-03,8.323099e-06,-1.3133572008e-10,1.5816e-01,1.0375
2375.82,-3.79105739e-05,6.376094e-03,8.451592e-06,-1.3140788457e-10,1.6283e-01,1.0312
2376.33,4.10794882e-04,6.392978e-03,8.597265e-06,-1.3140943889e-10,2.4544e-02,1.0312
2376.83,7.61097924e-04,6.409843e-03,8.765801e-06,-1.3156031820e-10,3.1253e-02,1.0375
2377.34,9.86479086e-04,6.425289e-03,8.958501e-06,-1.3183287795e-10,3.2185e-02,1.0375
2377.85,1.07589631e-03,6.438970e-03,9.172835e-06,-1.3207646088e-10,3.7356e-02,1.0500
2378.36,1.02583770e-03,6.449058e-03,9.404469e-06,-1.3213363736e-10,4.1277e-02,1.0500
2378.86,8.21917347e-04,6.455893e-03,9.648898e-06,-1.3240997188e-10,4.3502e-02,1.0500
2379.37,4.19096413e-04,6.459690e-03,9.901758e-06,-1.3257295262e-10,3.8886e-02,1.0500
2379.88,-2.57098309e-04,6.462302e-03,1.015842e-05,-1.3257273057e-10,3.4413e-02,1.0500
2380.38,-1.26784709e-03,6.464535e-03,1.041381e-05,-1.3257417386e-10,3.0873e-02,1.0500
2380.89,-2.59650215e-03,6.466140e-03,1.066256e-05,-1.3257539511e-10,2.7732e-02,1.0500
2381.40,-4.10936993e-03,6.466401e-03,1.089926e-05,-1.3257550613e-10,2.6022e-02,1.0500
2381.90,-5.56834884e-03,6.465247e-03,1.111854e-05,-1.3257650533e-10,3.2891e-02,1.0500
2382.41,-6.69865112e-03,6.463632e-03,1.131526e-05,-1.3257739351e-10,3.9720e-02,1.0500
2382.92,-7.26185211e-03,6.463036e-03,1.148497e-05,-1.3257850373e-10,4.6509e-02,1.0500
2383.42,-7.11567218e-03,6.464965e-03,1.162436e-05,-1.3257916986e-10,5.3258e-02,1.0500
2383.93,-6.25052733e-03,6.469984e-03,1.173139e-05,-1.3258150133e-10,5.9967e-02,1.0500
2384.44,-4.80374980e-03,6.478636e-03,1.180513e-05,-1.3258183440e-10,6.6634e-02,1.0500
2384.94,-3.04251787e-03,6.491221e-03,1.184536e-05,-1.3258139031e-10,7.3261e-02,1.0500
2385.45,-1.30226180e-03,6.507196e-03,1.185270e-05,-1.3258283360e-10,7.9847e-02,1.0500
2385.96,1.16384766e-04,6.526171e-03,1.182922e-05,-1.3258405485e-10,8.6391e-02,1.0500
2386.46,1.04505599e-03,6.546262e-03,1.177890e-05,-1.3258527609e-10,9.2895e-02,1.0500
2386.97,1.48180595e-03,6.565598e-03,1.170675e-05,-1.3258627529e-10,9.9356e-02,1.0500
2387.48,1.54276165e-03,6.583004e-03,1.161664e-05,-1.3258683040e-10,1.0578e-01,1.0500
2387.98,1.37639289e-03,6.597771e-03,1.150952e-05,-1.3258816267e-10,1.1215e-01,1.0500
2388.49,1.09723594e-03,6.608728e-03,1.138389e-05,-1.3265699650e-10,1.0156e-01,1.0437
2389.00,7.75186810e-04,6.614751e-03,1.123809e-05,-1.3265966103e-10,1.0819e-01,1.0437
2389.50,4.49427410e-04,6.614995e-03,1.107202e-05,-1.3265910592e-10,1.1463e-01,1.0437
2390.01,1.52409357e-04,6.608186e-03,1.088672e-05,-1.3266088228e-10,1.2103e-01,1.0437
2390.52,-8.21479617e-05,6.593280e-03,1.068294e-05,-1.3266188148e-10,1.2738e-01,1.0437
2391.03,-2.20450956e-04,6.570114e-03,1.046004e-05,-1.3266265864e-10,1.3369e-01,1.0437
2391.53,-2.35896432e-04,6.539454e-03,1.021582e-05,-1.3266421295e-10,1.3995e-01,1.0437
2392.04,-1.15273865e-04,6.503966e-03,9.947006e-06,-1.3266487908e-10,1.4617e-01,1.0437
2392.55,1.36413670e-04,6.465799e-03,9.650725e-06,-1.3266487908e-10,1.5235e-01,1.0437
2393.05,4.94263271e-04,6.427969e-03,9.324313e-06,-1.3266576726e-10,1.5848e-01,1.0437
2393.56,9.17911121e-04,6.394226e-03,8.964994e-06,-1.3273515620e-10,1.1828e-01,1.0375
2394.07,1.35880932e-03,6.367653e-03,8.570242e-06,-1.3273571131e-10,1.2473e-01,1.0375
2394.57,1.77261116e-03,6.350694e-03,8.138462e-06,-1.3273770971e-10,1.3113e-01,1.0375
2395.08,2.13064504e-03,6.345160e-03,7.669780e-06,-1.3273704358e-10,1.3748e-01,1.0375
2395.59,2.42558202e-03,6.351601e-03,7.165827e-06,-1.3273837585e-10,1.4380e-01,1.0375
2396.09,2.67010012e-03,6.369917e-03,6.628717e-06,-1.3273959709e-10,1.5006e-01,1.0375
2396.60,2.88798269e-03,6.403045e-03,6.063037e-06,-1.3281009625e-10,4.0841e-02,1.0312
2397.11,3.10244778e-03,6.448405e-03,5.477100e-06,-1.3281109545e-10,4.1593e-02,1.0312
2397.61,3.32772033e-03,6.495765e-03,4.884450e-06,-1.3281242772e-10,4.7015e-02,1.0312
2398.12,3.56683067e-03,6.536013e-03,4.300406e-06,-1.3281531430e-10,2.2098e-02,1.0312
2398.63,3.81574335e-03,6.564856e-03,3.739469e-06,-1.3286460820e-10,1.8380e-02,1.0375
2399.13,4.06990334e-03,6.582505e-03,3.218029e-06,-1.3289014333e-10,2.4972e-02,1.0375
2399.64,4.32845724e-03,6.591373e-03,2.764467e-06,-1.3309875424e-10,2.7637e-02,1.0437
2400.15,4.59342119e-03,6.594334e-03,2.430351e-06,-1.3327527970e-10,2.8320e-02,1.0437
2400.65,4.86557036e-03,6.593828e-03,2.283395e-06,-1.3352863260e-10,2.7714e-02,1.0437
2401.16,5.14023495e-03,6.590630e-03,2.362713e-06,-1.3353096406e-10,3.0391e-02,1.0500
2401.67,5.40462366e-03,6.584821e-03,2.638556e-06,-1.3353151918e-10,3.1588e-02,1.0500
2402.17,5.63923854e-03,6.578424e-03,3.042341e-06,-1.3353296247e-10,3.0869e-02,1.0500
2402.68,5.82097497e-03,6.573070e-03,3.515480e-06,-1.3353418371e-10,2.8434e-02,1.0500
2403.19,5.92919908e-03,6.569867e-03,4.023004e-06,-1.3353451678e-10,2.9031e-02,1.0500
2403.69,5.94996136e-03,6.569071e-03,4.547815e-06,-1.3353607109e-10,3.5882e-02,1.0500
2404.20,5.87591710e-03,6.569810e-03,5.083683e-06,-1.3353629313e-10,4.2693e-02,1.0500
2404.71,5.70175523e-03,6.572168e-03,5.630141e-06,-1.3353740336e-10,4.9464e-02,1.0500
2405.22,5.42012021e-03,6.573925e-03,6.187990e-06,-1.3353784745e-10,5.6195e-02,1.0500
2405.72,5.02867913e-03,6.573013e-03,6.755227e-06,-1.3353906869e-10,6.2886e-02,1.0500
2406.23,4.54915670e-03,6.569014e-03,7.325081e-06,-1.3354028994e-10,6.9535e-02,1.0500
2406.74,4.04384643e-03,6.563006e-03,7.887287e-06,-1.3354040096e-10,7.6144e-02,1.0500
2407.24,3.60392360e-03,6.556587e-03,8.431334e-06,-1.3354228834e-10,8.2712e-02,1.0500
2407.75,3.30089903e-03,6.550920e-03,8.949112e-06,-1.3354395367e-10,8.9238e-02,1.0500
2408.26,3.12450893e-03,6.546024e-03,9.435563e-06,-1.3354373163e-10,9.5723e-02,1.0500
2408.76,2.95383081e-03,6.541002e-03,9.887980e-06,-1.3354395367e-10,1.0217e-01,1.0500
2409.27,2.60023963e-03,6.534684e-03,1.030523e-05,-1.3361467488e-10,9.0825e-02,1.0437
2409.78,1.91371939e-03,6.525997e-03,1.068728e-05,-1.3361522999e-10,9.7658e-02,1.0437
2410.28,8.87340501e-04,6.513723e-03,1.103455e-05,-1.3361645124e-10,1.0420e-01,1.0437
2410.79,-3.17498841e-04,6.495861e-03,1.134691e-05,-1.3361634021e-10,1.1066e-01,1.0437
2411.30,-1.44278964e-03,6.469815e-03,1.162257e-05,-1.3361789453e-10,1.1708e-01,1.0437
2411.80,-2.25003410e-03,6.434754e-03,1.185749e-05,-1.3361867168e-10,1.2346e-01,1.0437
2412.31,-2.61314185e-03,6.392138e-03,1.204638e-05,-1.3361900475e-10,1.2979e-01,1.0437
2412.82,-2.55134452e-03,6.345045e-03,1.218422e-05,-1.3362011497e-10,1.3609e-01,1.0437
2413.32,-2.20825350e-03,6.297613e-03,1.226813e-05,-1.3362100315e-10,1.4233e-01,1.0437
2413.83,-1.78981334e-03,6.253007e-03,1.229872e-05,-1.3362244644e-10,1.4854e-01,1.0437
2414.34,-1.48899770e-03,6.213573e-03,1.228114e-05,-1.3362488893e-10,1.5470e-01,1.0437
2414.84,-1.42024638e-03,6.181379e-03,1.222416e-05,-1.3369250151e-10,1.4961e-01,1.0375
2415.35,-1.59246170e-03,6.158014e-03,1.213840e-05,-1.3369372276e-10,1.5584e-01,1.0375
2415.86,-1.92498218e-03,6.144480e-03,1.203315e-05,-1.3369350071e-10,1.6202e-01,1.0375
2416.36,-2.29673675e-03,6.141437e-03,1.191302e-05,-1.3369416685e-10,1.6815e-01,1.0375
2416.87,-2.59622598e-03,6.147201e-03,1.177669e-05,-1.3369638729e-10,1.7424e-01,1.0375
2417.38,-2.75586764e-03,6.160138e-03,1.161891e-05,-1.3376677543e-10,1.4742e-02,1.0312
2417.88,-2.76238965e-03,6.181923e-03,1.143485e-05,-1.3376844077e-10,3.0751e-02,1.0312
2418.39,-2.64647156e-03,6.211381e-03,1.122371e-05,-1.3376810770e-10,3.3067e-02,1.0312
2418.90,-2.46365603e-03,6.244541e-03,1.098981e-05,-1.3377021713e-10,3.4688e-02,1.0312
2419.41,-2.27284761e-03,6.276878e-03,1.074125e-05,-1.3377166042e-10,3.4614e-02,1.0312
2419.91,-2.11731098e-03,6.305010e-03,1.048778e-05,-1.3377388086e-10,2.0462e-02,1.0312
2420.42,-2.01491152e-03,6.327175e-03,1.023882e-05,-1.3381395991e-10,2.4091e-02,1.0375
2420.93,-1.95690441e-03,6.343510e-03,1.000213e-05,-1.3399970022e-10,2.8241e-02,1.0375
2421.43,-1.91859371e-03,6.353594e-03,9.783205e-06,-1.3424861223e-10,3.0509e-02,1.0437
2421.94,-1.87474470e-03,6.358212e-03,9.585561e-06,-1.3438217206e-10,3.0246e-02,1.0437
2422.45,-1.81233500e-03,6.359242e-03,9.411099e-06,-1.3468737237e-10,2.8751e-02,1.0437
2422.95,-1.73726174e-03,6.358108e-03,9.260014e-06,-1.3473100413e-10,2.6673e-02,1.0437
2423.46,-1.66868320e-03,6.356231e-03,9.130461e-06,-1.3496226359e-10,2.7858e-02,1.0437
2423.97,-1.62806282e-03,6.354847e-03,9.018671e-06,-1.3496370688e-10,2.5592e-02,1.0437
2424.47,-1.63326290e-03,6.355172e-03,8.919741e-06,-1.3496503914e-10,2.2023e-02,1.0437
2424.98,-1.69685676e-03,6.358103e-03,8.828609e-06,-1.3496659346e-10,1.7619e-02,1.0437
2425.49,-1.82821257e-03,6.363991e-03,8.740732e-06,-1.3496725959e-10,2.4482e-02,1.0437
2425.99,-2.03169947e-03,6.372501e-03,8.652255e-06,-1.3496892493e-10,3.1405e-02,1.0437
2426.50,-2.29637701e-03,6.382868e-03,8.559754e-06,-1.3496936901e-10,3.8526e-02,1.0437
2427.01,-2.58796932e-03,6.394576e-03,8.459842e-06,-1.3496970208e-10,4.5649e-02,1.0437
2427.51,-2.85139910e-03,6.407614e-03,8.349086e-06,-1.3497203355e-10,5.2770e-02,1.0437
2428.02,-3.02559238e-03,6.422608e-03,8.224354e-06,-1.3497258866e-10,5.9888e-02,1.0437
2428.53,-3.06771950e-03,6.440150e-03,8.083520e-06,-1.3497336582e-10,6.7011e-02,1.0437
2429.03,-2.97165960e-03,6.460128e-03,7.926719e-06,-1.3497303275e-10,7.4144e-02,1.0437
2429.54,-2.77150902e-03,6.481444e-03,7.758014e-06,-1.3497425400e-10,8.1257e-02,1.0437
2430.05,-2.52637112e-03,6.502467e-03,7.585841e-06,-1.3497580831e-10,8.8061e-02,1.0437
2430.55,-2.29375526e-03,6.521322e-03,7.420529e-06,-1.3497647444e-10,9.4873e-02,1.0437
2431.06,-2.10682339e-03,6.534793e-03,7.269915e-06,-1.3497747364e-10,1.0140e-01,1.0437
2431.57,-1.96498940e-03,6.541905e-03,7.136679e-06,-1.3497869489e-10,1.0788e-01,1.0437
2432.07,-1.84126619e-03,6.538439e-03,7.019585e-06,-1.3497925000e-10,1.1432e-01,1.0437
2432.58,-1.69995245e-03,6.521678e-03,6.916638e-06,-1.3498024920e-10,1.2072e-01,1.0437
2433.09,-1.51541285e-03,6.490461e-03,6.827453e-06,-1.3498147045e-10,1.2707e-01,1.0437
2433.60,-1.28063317e-03,6.447843e-03,6.752574e-06,-1.3498235862e-10,1.3338e-01,1.0437
2434.10,-1.01172769e-03,6.399654e-03,6.691418e-06,-1.3498302476e-10,1.3965e-01,1.0437
2434.61,-7.40685772e-04,6.353029e-03,6.641981e-06,-1.3498391294e-10,1.4587e-01,1.0437
2435.12,-5.02431596e-04,6.314762e-03,6.600671e-06,-1.3498424600e-10,1.5205e-01,1.0437
2435.62,-3.24169385e-04,6.290449e-03,6.563101e-06,-1.3505474517e-10,1.4941e-01,1.0375
2436.13,-2.12144945e-04,6.283307e-03,6.524865e-06,-1.3505674357e-10,1.5563e-01,1.0375
2436.64,-1.49937803e-04,6.293034e-03,6.482125e-06,-1.3505740970e-10,2.1096e-02,1.0375
2437.14,-1.04208957e-04,6.318658e-03,6.431993e-06,-1.3505829788e-10,2.3977e-02,1.0375
2437.65,-3.67745220e-05,6.354180e-03,6.372449e-06,-1.3505896401e-10,2.4182e-02,1.0375
2438.16,8.17163219e-05,6.394711e-03,6.302636e-06,-1.3505985219e-10,2.9426e-02,1.0375
2438.66,2.67575743e-04,6.436165e-03,6.222854e-06,-1.3506074037e-10,3.2662e-02,1.0375
2439.17,5.21022409e-04,6.475702e-03,6.134298e-06,-1.3506218366e-10,3.9658e-02,1.0375
2439.68,8.27199659e-04,6.510787e-03,6.039248e-06,-1.3506284979e-10,2.1357e-02,1.0375
2440.18,1.16230510e-03,6.539812e-03,5.941806e-06,-1.3533008048e-10,2.9707e-02,1.0375
2440.69,1.49683353e-03,6.561846e-03,5.848389e-06,-1.3572531987e-10,2.6902e-02,1.0437
2441.20,1.80487765e-03,6.577838e-03,5.766840e-06,-1.3573475677e-10,2.9954e-02,1.0437
2441.70,2.07351244e-03,6.587971e-03,5.704121e-06,-1.3616419103e-10,3.1529e-02,1.0437
2442.21,2.29241956e-03,6.592582e-03,5.664506e-06,-1.3617484917e-10,3.1673e-02,1.0500
2442.72,2.43815523e-03,6.592117e-03,5.649824e-06,-1.3617584838e-10,3.4670e-02,1.0500
2443.22,2.47390279e-03,6.585727e-03,5.661101e-06,-1.3617662553e-10,3.5497e-02,1.0500
2443.73,2.36854903e-03,6.573095e-03,5.699592e-06,-1.3617840189e-10,3.4204e-02,1.0500
2444.24,2.12204537e-03,6.554308e-03,5.766118e-06,-1.3617884598e-10,3.1165e-02,1.0500
2444.74,1.76227400e-03,6.529825e-03,5.859719e-06,-1.3617995620e-10,2.6839e-02,1.0500
2445.25,1.30270338e-03,6.500392e-03,5.977119e-06,-1.3618040029e-10,2.1794e-02,1.0500
2445.76,7.09077143e-04,6.466920e-03,6.113331e-06,-1.3618173256e-10,2.8373e-02,1.0500
2446.26,-7.78611157e-05,6.430405e-03,6.262679e-06,-1.3618173256e-10,3.5229e-02,1.0500
2446.77,-1.07168138e-03,6.391836e-03,6.419658e-06,-1.3618306482e-10,4.2045e-02,1.0500
2447.28,-2.17763922e-03,6.352116e-03,6.579525e-06,-1.3618428607e-10,4.8821e-02,1.0500
2447.79,-3.19622909e-03,6.312541e-03,6.738837e-06,-1.3618561834e-10,5.5556e-02,1.0500
2448.29,-3.89830193e-03,6.274602e-03,6.895616e-06,-1.3618584038e-10,6.2250e-02,1.0500
2448.80,-4.11382430e-03,6.238778e-03,7.048979e-06,-1.3618561834e-10,6.8904e-02,1.0500
2449.31,-3.79688866e-03,6.206172e-03,7.198375e-06,-1.3618828287e-10,7.5517e-02,1.0500
2449.81,-3.04221056e-03,6.177384e-03,7.342997e-06,-1.3618872696e-10,8.2089e-02,1.0500
2450.32,-2.05121340e-03,6.153313e-03,7.481772e-06,-1.3619028127e-10,8.8619e-02,1.0500
2450.83,-1.06364482e-03,6.134317e-03,7.613541e-06,-1.3619061434e-10,9.5108e-02,1.0500
2451.33,-2.77103641e-04,6.120655e-03,7.737189e-06,-1.3619105843e-10,1.0156e-01,1.0500
2451.84,2.12316804e-04,6.112278e-03,7.851682e-06,-1.3619205763e-10,1.0796e-01,1.0500
2452.35,4.21580531e-04,6.108392e-03,7.955938e-06,-1.3619250172e-10,1.1433e-01,1.0500
2452.85,4.44751127e-04,6.107860e-03,8.048956e-06,-1.3626333395e-10,1.1448e-01,1.0437
2453.36,3.93170516e-04,6.109427e-03,8.130489e-06,-1.3626355599e-10,1.2088e-01,1.0437
2453.87,3.44394909e-04,6.112216e-03,8.199990e-06,-1.3626544337e-10,1.2723e-01,1.0437
2454.37,3.24228285e-04,6.115123e-03,8.256575e-06,-1.3626588746e-10,1.3354e-01,1.0437
2454.88,3.20506419e-04,6.116768e-03,8.299424e-06,-1.3626699769e-10,1.3981e-01,1.0437
2455.39,3.10480645e-04,6.115513e-03,8.326313e-06,-1.3626610951e-10,1.4603e-01,1.0437
2455.89,2.80219096e-04,6.108483e-03,8.333320e-06,-1.3626810791e-10,1.5221e-01,1.0437
2456.40,2.30308233e-04,6.092336e-03,8.318060e-06,-1.3626877404e-10,1.5834e-01,1.0437
2456.91,1.71220078e-04,6.070326e-03,8.277696e-06,-1.3627032835e-10,1.6443e-01,1.0437
2457.41,1.16882213e-04,6.047043e-03,8.209377e-06,-1.3633982832e-10,1.5990e-01,1.0375
2457.92,7.89542853e-05,6.032668e-03,8.113333e-06,-1.3634093854e-10,1.6605e-01,1.0375
2458.43,6.19438938e-05,6.038785e-03,7.994478e-06,-1.3634171570e-10,1.7215e-01,1.0375
2458.93,6.04959264e-05,6.072725e-03,7.857930e-06,-1.3644663177e-10,4.6594e-02,1.0312
2459.44,6.23899723e-05,6.140140e-03,7.709387e-06,-1.3644796404e-10,5.4173e-02,1.0312
2459.95,5.85387846e-05,6.241224e-03,7.557491e-06,-1.3644951835e-10,6.2028e-02,1.0312
2460.45,5.41617509e-05,6.364959e-03,7.406458e-06,-1.3645040653e-10,6.8385e-02,1.0312
2460.96,7.11632816e-05,6.496251e-03,7.257783e-06,-1.3645129471e-10,7.5381e-02,1.0312
2461.47,1.36248847e-04,6.614135e-03,7.113193e-06,-1.3645229391e-10,8.2272e-02,1.0312
2461.98,2.63366112e-04,6.705494e-03,6.972681e-06,-1.3645273800e-10,8.9546e-02,1.0312
2462.48,4.43492126e-04,6.772562e-03,6.835498e-06,-1.3645318209e-10,9.6963e-02,1.0312
2462.99,6.50410499e-04,6.820374e-03,6.702494e-06,-1.3645518049e-10,1.0392e-01,1.0312
2463.50,8.55363593e-04,6.851772e-03,6.577201e-06,-1.3645651276e-10,1.1103e-01,1.0312
2464.00,1.03796099e-03,6.873889e-03,6.463848e-06,-1.3645695685e-10,1.1794e-01,1.0312
2464.51,1.18633080e-03,6.890084e-03,6.365095e-06,-1.3645740093e-10,1.2461e-01,1.0312
2465.02,1.29016202e-03,6.904746e-03,6.280810e-06,-1.3645906627e-10,1.3109e-01,1.0312
2465.52,1.33351277e-03,6.922194e-03,6.207816e-06,-1.3645962138e-10,1.3752e-01,1.0312
2466.03,1.29132332e-03,6.944369e-03,6.141299e-06,-1.3646161978e-10,1.4391e-01,1.0312
2466.54,1.13158987e-03,6.973203e-03,6.074707e-06,-1.3646217489e-10,1.5025e-01,1.0312
2467.04,8.24332546e-04,7.009089e-03,5.999165e-06,-1.3646228592e-10,1.5655e-01,1.0312
2467.55,3.57288758e-04,7.052272e-03,5.905758e-06,-1.3646306307e-10,1.6279e-01,1.0312
2468.06,-2.47799712e-04,7.099507e-03,5.788479e-06,-1.3646395125e-10,1.6900e-01,1.0312
2468.56,-9.28928314e-04,7.143623e-03,5.648179e-06,-1.3646506147e-10,1.7515e-01,1.0250
2469.07,-1.59404682e-03,7.180317e-03,5.493879e-06,-1.3653234099e-10,4.1832e-02,1.0250
2469.58,-2.14205047e-03,7.209493e-03,5.341216e-06,-1.3653422837e-10,4.0683e-02,1.0250
2470.08,-2.48700894e-03,7.231282e-03,5.208132e-06,-1.3653567166e-10,1.0882e-02,1.0250
2470.59,-2.57699826e-03,7.245632e-03,5.109938e-06,-1.3656820119e-10,3.3870e-02,1.0312
2471.10,-2.40301977e-03,7.252696e-03,5.055933e-06,-1.3679468669e-10,3.4765e-02,1.0375
2471.60,-2.00006716e-03,7.253221e-03,5.048342e-06,-1.3704959390e-10,3.9217e-02,1.0375
2472.11,-1.44166580e-03,7.246559e-03,5.083042e-06,-1.3731260573e-10,3.5353e-02,1.0437
2472.62,-8.24615094e-04,7.233564e-03,5.151667e-06,-1.3783363340e-10,3.5914e-02,1.0437
2473.12,-2.47268421e-04,7.214711e-03,5.244606e-06,-1.3790246722e-10,4.0218e-02,1.0437
2473.63,2.15829824e-04,7.190313e-03,5.353594e-06,-1.3796330744e-10,4.3600e-02,1.0437
2474.14,5.33172309e-04,7.160394e-03,5.472585e-06,-1.3796441767e-10,3.9393e-02,1.0500
2474.65,7.18625719e-04,7.126348e-03,5.596727e-06,-1.3796452869e-10,3.5833e-02,1.0500
2475.15,8.17429577e-04,7.089219e-03,5.720569e-06,-1.3796597198e-10,3.3079e-02,1.0500
2475.66,8.80231362e-04,7.050164e-03,5.836735e-06,-1.3796763731e-10,3.0602e-02,1.0500
2476.17,9.43519021e-04,7.010672e-03,5.935711e-06,-1.3796863652e-10,3.1382e-02,1.0500
2476.67,1.01925839e-03,6.972072e-03,6.006998e-06,-1.3796863652e-10,3.8219e-02,1.0500
2477.18,1.10011913e-03,6.935576e-03,6.041464e-06,-1.3796952469e-10,4.5017e-02,1.0500
2477.69,1.16988658e-03,6.902106e-03,6.034139e-06,-1.3797085696e-10,5.1774e-02,1.0500
2478.19,1.21858872e-03,6.872028e-03,5.987121e-06,-1.3797163412e-10,5.8491e-02,1.0500
2478.70,1.25053261e-03,6.844794e-03,5.912223e-06,-1.3797252230e-10,6.5168e-02,1.0500
2479.21,1.28305726e-03,6.819405e-03,5.831622e-06,-1.3797385456e-10,7.1804e-02,1.0500
2479.71,1.33423548e-03,6.794902e-03,5.774255e-06,-1.3797485376e-10,7.8398e-02,1.0500
2480.22,1.41116523e-03,6.769870e-03,5.765014e-06,-1.3797518683e-10,8.4952e-02,1.0500
2480.73,1.50660017e-03,6.745259e-03,5.812922e-06,-1.3797696319e-10,9.1464e-02,1.0500
2481.23,1.60993981e-03,6.721469e-03,5.908071e-06,-1.3797618603e-10,9.7935e-02,1.0500
2481.74,1.71877281e-03,6.700686e-03,6.030846e-06,-1.3804779542e-10,9.2027e-02,1.0437
2482.25,1.84145627e-03,6.684059e-03,6.165342e-06,-1.3804857257e-10,9.8854e-02,1.0437
2482.75,1.98645029e-03,6.669958e-03,6.306699e-06,-1.3805001586e-10,1.0541e-01,1.0437
2483.26,2.15281579e-03,6.657022e-03,6.458952e-06,-1.3805023791e-10,1.1187e-01,1.0437
2483.77,2.33256982e-03,6.641277e-03,6.628055e-06,-1.3805123711e-10,1.1828e-01,1.0437
2484.27,2.52330571e-03,6.621645e-03,6.816792e-06,-1.3805123711e-10,1.2465e-01,1.0437
2484.78,2.73580120e-03,6.597312e-03,7.023149e-06,-1.3805312449e-10,1.3098e-01,1.0437
2485.29,2.98340418e-03,6.568040e-03,7.242166e-06,-1.3805401267e-10,1.3726e-01,1.0437
2485.79,3.25729857e-03,6.534134e-03,7.468069e-06,-1.3805490084e-10,1.4350e-01,1.0437
2486.30,3.50768506e-03,6.495840e-03,7.695700e-06,-1.3805545596e-10,1.4970e-01,1.0437
2486.81,3.65072170e-03,6.453091e-03,7.920292e-06,-1.3805667720e-10,1.5585e-01,1.0437
2487.31,3.60362514e-03,6.407073e-03,8.136805e-06,-1.3805789845e-10,1.4097e-02,1.0437
2487.82,3.32802166e-03,6.359187e-03,8.339917e-06,-1.3805767640e-10,2.1112e-02,1.0437
2488.33,2.85359655e-03,6.310421e-03,8.525769e-06,-1.3805934174e-10,2.8090e-02,1.0437
2488.84,2.26641851e-03,6.261588e-03,8.694584e-06,-1.3805989685e-10,3.5028e-02,1.0437
2489.34,1.67003301e-03,6.214210e-03,8.852164e-06,-1.3806145116e-10,4.1925e-02,1.0437
2489.85,1.14361618e-03,6.168968e-03,9.009641e-06,-1.3806256138e-10,4.8781e-02,1.0437
2490.36,7.18864899e-04,6.128399e-03,9.181322e-06,-1.3806356058e-10,2.4440e-02,1.0437
2490.86,3.82783450e-04,6.097498e-03,9.379251e-06,-1.3806422672e-10,2.4956e-02,1.0437
2491.37,1.02452627e-04,6.083870e-03,9.606696e-06,-1.3806522592e-10,2.3818e-02,1.0437
2491.88,-1.47439879e-04,6.091967e-03,9.857236e-06,-1.3806578103e-10,2.1600e-02,1.0437
2492.38,-3.65263373e-04,6.118691e-03,1.011820e-05,-1.3806689125e-10,1.8738e-02,1.0437
2492.89,-5.23138521e-04,6.155385e-03,1.037690e-05,-1.3806777943e-10,2.2504e-02,1.0437
2493.40,-5.83455131e-04,6.193522e-03,1.062541e-05,-1.3806955579e-10,2.9629e-02,1.0437
2493.90,-5.21114546e-04,6.228084e-03,1.086185e-05,-1.3806933374e-10,3.6662e-02,1.0437
2494.41,-3.38557214e-04,6.257801e-03,1.108808e-05,-1.3807066601e-10,4.3554e-02,1.0437
2494.92,-6.62030300e-05,6.283471e-03,1.130630e-05,-1.3807099908e-10,5.0403e-02,1.0437
2495.42,2.49004531e-04,6.305798e-03,1.151690e-05,-1.3807255339e-10,5.7210e-02,1.0437
2495.93,5.59406872e-04,6.324289e-03,1.171793e-05,-1.3807410770e-10,6.3974e-02,1.0437
2496.44,8.27635018e-04,6.337607e-03,1.190534e-05,-1.3807466281e-10,7.0697e-02,1.0437
2496.94,1.03055547e-03,6.344351e-03,1.207347e-05,-1.3807377464e-10,7.7377e-02,1.0437
2497.45,1.15909806e-03,6.343498e-03,1.221604e-05,-1.3807555099e-10,8.4015e-02,1.0437
2497.96,1.21796932e-03,6.333987e-03,1.232725e-05,-1.3807655019e-10,9.0610e-02,1.0437
2498.46,1.22524952e-03,6.311849e-03,1.240237e-05,-1.3807721633e-10,9.7163e-02,1.0437
2498.97,1.20854302e-03,6.279337e-03,1.243763e-05,-1.3807777144e-10,1.0367e-01,1.0437
2499.48,1.19565909e-03,6.240219e-03,1.243098e-05,-1.3807976984e-10,1.1014e-01,1.0437
2499.98,1.20284599e-03,6.199887e-03,1.238258e-05,-1.3808043597e-10,1.1656e-01,1.0437
2500.49,1.22850584e-03,6.164589e-03,1.229500e-05,-1.3808043597e-10,1.2295e-01,1.0437
2501.00,1.25723687e-03,6.139056e-03,1.217213e-05,-1.3808310051e-10,1.2928e-01,1.0437
2501.50,1.27337565e-03,6.125655e-03,1.201714e-05,-1.3815304456e-10,1.2777e-01,1.0375
2502.01,1.27354886e-03,6.124515e-03,1.183098e-05,-1.3815382172e-10,1.3415e-01,1.0375
2502.52,1.26838033e-03,6.133931e-03,1.161201e-05,-1.3815559807e-10,1.4048e-01,1.0375
2503.03,1.27028513e-03,6.151648e-03,1.135682e-05,-1.3815559807e-10,1.4678e-01,1.0375
2503.53,1.27834068e-03,6.174825e-03,1.106159e-05,-1.3815770750e-10,1.5302e-01,1.0375
2504.04,1.27554819e-03,6.200841e-03,1.072337e-05,-1.3815726341e-10,1.5922e-01,1.0375
2504.55,1.24202923e-03,6.228214e-03,1.034142e-05,-1.3815915079e-10,1.6538e-01,1.0375
2505.05,1.17404243e-03,6.255510e-03,9.917621e-06,-1.3815959488e-10,1.7149e-01,1.0375
2505.56,1.08894411e-03,6.281555e-03,9.456411e-06,-1.3822853973e-10,6.9669e-02,1.0312
2506.07,1.00848720e-03,6.305400e-03,8.964197e-06,-1.3823053813e-10,7.0247e-02,1.0312
2506.57,9.26445026e-04,6.326316e-03,8.448396e-06,-1.3823153733e-10,6.4815e-02,1.0312
2507.08,7.79394198e-04,6.344567e-03,7.916293e-06,-1.3823209244e-10,7.0478e-02,1.0312
2507.59,4.39353955e-04,6.360482e-03,7.373849e-06,-1.3823353573e-10,7.4772e-02,1.0312
2508.09,-2.56368501e-04,6.374712e-03,6.825075e-06,-1.3823575618e-10,1.5572e-02,1.0375
2508.60,-1.43794799e-03,6.388789e-03,6.272785e-06,-1.3835776969e-10,2.6714e-02,1.0375
2509.11,-3.12282542e-03,6.403265e-03,5.720675e-06,-1.3855938619e-10,2.9508e-02,1.0437
2509.61,-5.16645983e-03,6.417120e-03,5.175710e-06,-1.3893564077e-10,2.9036e-02,1.0437
2510.12,-7.28517474e-03,6.427442e-03,4.649637e-06,-1.3900403051e-10,3.2551e-02,1.0437
2510.63,-9.13659717e-03,6.432244e-03,4.159739e-06,-1.3924317255e-10,3.4787e-02,1.0437
2511.13,-1.04087029e-02,6.431482e-03,3.729824e-06,-1.3934953191e-10,3.5252e-02,1.0500
2511.64,-1.08799755e-02,6.426177e-03,3.390154e-06,-1.3935075316e-10,3.3663e-02,1.0500
2512.15,-1.04463574e-02,6.417408e-03,3.172751e-06,-1.3935108623e-10,2.9043e-02,1.0500
2512.65,-9.14785787e-03,6.406772e-03,3.099602e-06,-1.3935219645e-10,2.4869e-02,1.0500
2513.16,-7.18116397e-03,6.395652e-03,3.170066e-06,-1.3935308463e-10,2.4425e-02,1.0500
2513.67,-4.88911530e-03,6.385201e-03,3.360527e-06,-1.3935430587e-10,3.1305e-02,1.0500
2514.17,-2.72113046e-03,6.376184e-03,3.637364e-06,-1.3935463894e-10,3.8144e-02,1.0500
2514.68,-1.12401170e-03,6.368944e-03,3.969904e-06,-1.3935608223e-10,4.4943e-02,1.0500
2515.19,-3.86227100e-04,6.363406e-03,4.336009e-06,-1.3935741450e-10,5.1702e-02,1.0500
2515.69,-5.14345641e-04,6.359707e-03,4.722871e-06,-1.3935752552e-10,5.8420e-02,1.0500
2516.20,-1.26182731e-03,6.357474e-03,5.125820e-06,-1.3935830268e-10,6.5097e-02,1.0500
2516.71,-2.28486451e-03,6.355997e-03,5.545524e-06,-1.3935896881e-10,7.1733e-02,1.0500
2517.22,-3.29010819e-03,6.354357e-03,5.984211e-06,-1.3936030108e-10,7.8329e-02,1.0500
2517.72,-4.09477072e-03,6.351609e-03,6.442749e-06,-1.3936074517e-10,8.4883e-02,1.0500
2518.23,-4.61453166e-03,6.345274e-03,6.919686e-06,-1.3936152232e-10,9.1395e-02,1.0500
2518.74,-4.82530198e-03,6.334318e-03,7.411293e-06,-1.3936340970e-10,9.7867e-02,1.0500
2519.24,-4.73371881e-03,6.318103e-03,7.911717e-06,-1.3936385379e-10,1.0430e-01,1.0500
2519.75,-4.36889995e-03,6.296228e-03,8.413262e-06,-1.3936496401e-10,1.1068e-01,1.0500
2520.26,-3.78702342e-03,6.268679e-03,8.907304e-06,-1.3936574117e-10,1.1703e-01,1.0500
2520.76,-3.07254309e-03,6.236081e-03,9.385618e-06,-1.3943757260e-10,1.1529e-01,1.0437
2521.27,-2.32973196e-03,6.199946e-03,9.841094e-06,-1.3943723953e-10,1.2168e-01,1.0437
2521.78,-1.65918643e-03,6.162580e-03,1.026717e-05,-1.3943945998e-10,1.2803e-01,1.0437
2522.28,-1.13269746e-03,6.126520e-03,1.065688e-05,-1.3943923793e-10,1.3433e-01,1.0437
2522.79,-7.75722594e-04,6.093948e-03,1.100274e-05,-1.3944068122e-10,1.4060e-01,1.0437
2523.30,-5.68010419e-04,6.066487e-03,1.129676e-05,-1.3944212451e-10,1.4681e-01,1.0437
2523.80,-4.60329569e-04,6.044924e-03,1.153140e-05,-1.3944190247e-10,1.5299e-01,1.0437
2524.31,-3.95180691e-04,6.029151e-03,1.170106e-05,-1.3944334576e-10,1.5911e-01,1.0437
2524.82,-3.24075048e-04,6.018397e-03,1.180352e-05,-1.3944456700e-10,1.6520e-01,1.0437
2525.32,-2.14131394e-04,6.011606e-03,1.184103e-05,-1.3951351185e-10,1.6049e-01,1.0375
2525.83,-5.45928078e-05,6.008164e-03,1.182052e-05,-1.3951451105e-10,1.6664e-01,1.0375
2526.34,1.43419179e-04,6.007700e-03,1.175329e-05,-1.3951539923e-10,1.7274e-01,1.0375
2526.84,3.55036491e-04,6.009805e-03,1.165436e-05,-1.3951584332e-10,1.7880e-01,1.0375
2527.35,5.53034568e-04,6.014441e-03,1.153996e-05,-1.3961753975e-10,2.4523e-02,1.0312
2527.86,7.24243972e-04,6.024620e-03,1.142275e-05,-1.3968126655e-10,2.0966e-02,1.0375
2528.36,8.75196816e-04,6.045268e-03,1.130729e-05,-1.4009626792e-10,2.0625e-02,1.0375
2528.87,1.02489387e-03,6.074741e-03,1.119010e-05,-1.4074785781e-10,2.6777e-02,1.0375
2529.38,1.19267623e-03,6.105715e-03,1.106461e-05,-1.4090484335e-10,2.4315e-02,1.0437
2529.88,1.38581263e-03,6.133310e-03,1.092744e-05,-1.4090606459e-10,2.7547e-02,1.0437
2530.39,1.59834042e-03,6.154268e-03,1.078091e-05,-1.4090872913e-10,2.9389e-02,1.0437
2530.90,1.81854182e-03,6.168460e-03,1.063019e-05,-1.4092393918e-10,2.9520e-02,1.0437
2531.41,2.03770464e-03,6.177726e-03,1.047872e-05,-1.4097545353e-10,2.8217e-02,1.0500
2531.91,2.25809442e-03,6.184704e-03,1.032646e-05,-1.4097567558e-10,2.5845e-02,1.0500
2532.42,2.49176060e-03,6.191900e-03,1.017138e-05,-1.4097711887e-10,2.2801e-02,1.0500
2532.93,2.75655305e-03,6.201002e-03,1.001179e-05,-1.4097711887e-10,2.1223e-02,1.0500
2533.43,3.06905669e-03,6.212944e-03,9.847359e-06,-1.4097889522e-10,2.8118e-02,1.0500
2533.94,3.43718975e-03,6.228139e-03,9.679166e-06,-1.4097989443e-10,3.4973e-02,1.0500
2534.45,3.85581473e-03,6.246668e-03,9.509826e-06,-1.4097978340e-10,4.1790e-02,1.0500
2534.95,4.30624957e-03,6.268214e-03,9.343895e-06,-1.4098144874e-10,4.8566e-02,1.0500
2535.46,4.75681270e-03,6.292143e-03,9.187806e-06,-1.4098244794e-10,5.5303e-02,1.0500
2535.97,5.16886211e-03,6.317388e-03,9.048548e-06,-1.4098255896e-10,6.1998e-02,1.0500
2536.47,5.49735281e-03,6.343123e-03,8.931138e-06,-1.4098444634e-10,6.8653e-02,1.0500
2536.98,5.68614920e-03,6.369146e-03,8.836173e-06,-1.4105439039e-10,6.9302e-02,1.0437
2537.49,5.67106536e-03,6.395921e-03,8.759387e-06,-1.4105572266e-10,7.6475e-02,1.0437
2537.99,5.40671480e-03,6.423910e-03,8.694077e-06,-1.4105550061e-10,8.3574e-02,1.0437
2538.50,4.91279351e-03,6.452848e-03,8.634855e-06,-1.4105705493e-10,9.0447e-02,1.0437
2539.01,4.29337313e-03,6.481964e-03,8.579889e-06,-1.4105705493e-10,9.7265e-02,1.0437
2539.51,3.68572928e-03,6.509853e-03,8.530032e-06,-1.4105816515e-10,1.0392e-01,1.0437
2540.02,3.16277575e-03,6.535249e-03,8.486064e-06,-1.4106027457e-10,1.1039e-01,1.0437
2540.53,2.66390868e-03,6.556876e-03,8.446555e-06,-1.4106071866e-10,1.1681e-01,1.0437
2541.03,2.01798635e-03,6.573552e-03,8.407271e-06,-1.4106127377e-10,1.2319e-01,1.0437
2541.54,1.06588574e-03,6.584276e-03,8.362479e-06,-1.4106260604e-10,1.2953e-01,1.0437
2542.05,-1.97206543e-04,6.589113e-03,8.306004e-06,-1.4106249502e-10,1.3582e-01,1.0437
2542.55,-1.57895070e-03,6.590097e-03,8.232116e-06,-1.4106404933e-10,1.4207e-01,1.0437
2543.06,-2.77250222e-03,6.588794e-03,8.136656e-06,-1.4106515955e-10,1.4828e-01,1.0437
2543.57,-3.48891672e-03,6.586947e-03,8.017198e-06,-1.4106660284e-10,1.5444e-01,1.0437
2544.07,-3.56829892e-03,6.586142e-03,7.873776e-06,-1.4113532565e-10,1.3516e-01,1.0375
2544.58,-3.03132344e-03,6.587894e-03,7.709800e-06,-1.4113532565e-10,1.4149e-01,1.0375
2545.09,-2.06789897e-03,6.593662e-03,7.532544e-06,-1.4113676894e-10,1.4778e-01,1.0375
2545.60,-9.79021762e-04,6.605851e-03,7.353128e-06,-1.4113887836e-10,1.5401e-01,1.0375
2546.10,-8.02585217e-05,6.626957e-03,7.182534e-06,-1.4113898938e-10,1.6021e-01,1.0375
2546.61,4.10363535e-04,6.659104e-03,7.025713e-06,-1.4113865632e-10,1.6636e-01,1.0375
2547.12,4.50559733e-04,6.704428e-03,6.878339e-06,-1.4114087676e-10,1.7246e-01,1.0375
2547.62,1.72008979e-04,6.765111e-03,6.730145e-06,-1.4120815628e-10,9.6900e-02,1.0312
2548.13,-1.99735131e-04,6.839940e-03,6.571686e-06,-1.4120971059e-10,1.0406e-01,1.0312
2548.64,-4.53272605e-04,6.921574e-03,6.400720e-06,-1.4120948855e-10,1.1103e-01,1.0312
2549.14,-4.70634563e-04,6.998396e-03,6.222898e-06,-1.4121037673e-10,1.1785e-01,1.0312
2549.65,-2.51743776e-04,7.068072e-03,6.047136e-06,-1.4121182002e-10,1.2437e-01,1.0312
2550.16,1.10555073e-04,7.129341e-03,5.881131e-06,-1.4121270819e-10,1.3085e-01,1.0312
2550.66,4.84538800e-04,7.184656e-03,5.729626e-06,-1.4121437353e-10,1.3729e-01,1.0312
2551.17,7.58159541e-04,7.236496e-03,5.595412e-06,-1.4121404046e-10,1.4367e-01,1.0312
2551.68,8.79015795e-04,7.286614e-03,5.480760e-06,-1.4121548375e-10,2.4888e-02,1.0312
2552.18,8.61796136e-04,7.333776e-03,5.387506e-06,-1.4167533813e-10,2.4440e-02,1.0375
2552.69,7.65614644e-04,7.380978e-03,5.316050e-06,-1.4184586838e-10,3.0654e-02,1.0375
2553.20,6.58092658e-04,7.426806e-03,5.265524e-06,-1.4213674682e-10,3.4303e-02,1.0375
2553.70,5.85508266e-04,7.471404e-03,5.236216e-06,-1.4244749824e-10,3.5476e-02,1.0375
2554.21,5.59891954e-04,7.514217e-03,5.232304e-06,-1.4245671309e-10,3.4744e-02,1.0437
2554.72,5.63706183e-04,7.553461e-03,5.261839e-06,-1.4245860047e-10,3.2634e-02,1.0437
2555.22,5.66251350e-04,7.586517e-03,5.332901e-06,-1.4245971069e-10,2.9446e-02,1.0437
2555.73,5.42717173e-04,7.611186e-03,5.448077e-06,-1.4246104296e-10,2.5513e-02,1.0437
2556.24,4.86088590e-04,7.626978e-03,5.601258e-06,-1.4246182012e-10,2.1202e-02,1.0437
2556.74,4.03854452e-04,7.635150e-03,5.778928e-06,-1.4246270830e-10,2.0240e-02,1.0437
2557.25,3.02564690e-04,7.637210e-03,5.965168e-06,-1.4246359648e-10,2.7335e-02,1.0437
2557.76,1.73259463e-04,7.633144e-03,6.146856e-06,-1.4246392954e-10,3.4458e-02,1.0437
2558.27,-7.59836666e-06,7.620907e-03,6.315960e-06,-1.4246526181e-10,4.1579e-02,1.0437
2558.77,-2.58269400e-04,7.597892e-03,6.469395e-06,-1.4246526181e-10,4.8697e-02,1.0437
2559.28,-5.66423791e-04,7.562234e-03,6.607966e-06,-1.4246681612e-10,5.5814e-02,1.0437
2559.79,-8.78550284e-04,7.514055e-03,6.734681e-06,-1.4246648306e-10,6.2809e-02,1.0437
2560.29,-1.11437646e-03,7.451589e-03,6.852968e-06,-1.4246848146e-10,6.9715e-02,1.0437
2560.80,-1.19938012e-03,7.374863e-03,6.965745e-06,-1.4246848146e-10,7.6403e-02,1.0437
2561.31,-1.09738407e-03,7.283407e-03,7.077075e-06,-1.4247003577e-10,8.3048e-02,1.0437
2561.81,-8.27301464e-04,7.176109e-03,7.193210e-06,-1.4247070190e-10,8.9650e-02,1.0437
2562.32,-4.56643307e-04,7.052178e-03,7.320261e-06,-1.4247303337e-10,9.6209e-02,1.0437
2562.83,-7.48590229e-05,6.914571e-03,7.460115e-06,-1.4247270030e-10,1.0273e-01,1.0437
2563.33,2.41073434e-04,6.770904e-03,7.609133e-06,-1.4247392155e-10,1.0920e-01,1.0437
2563.84,4.52107139e-04,6.631758e-03,7.760872e-06,-1.4247469871e-10,1.1563e-01,1.0437
2564.35,5.60371864e-04,6.507386e-03,7.910562e-06,-1.4247547586e-10,1.2202e-01,1.0437
2564.85,5.93579728e-04,6.404895e-03,8.055442e-06,-1.4247714120e-10,1.2836e-01,1.0437
2565.36,5.83190517e-04,6.326240e-03,8.193040e-06,-1.4247769631e-10,1.3466e-01,1.0437
2565.87,5.51688247e-04,6.267295e-03,8.319268e-06,-1.4247858449e-10,1.4092e-01,1.0437
2566.37,5.12424633e-04,6.226618e-03,8.429057e-06,-1.4255041592e-10,1.4003e-01,1.0375
2566.88,4.75768051e-04,6.197227e-03,8.517237e-06,-1.4254941672e-10,1.4633e-01,1.0375
2567.39,4.53604129e-04,6.169629e-03,8.578431e-06,-1.4255163716e-10,1.5258e-01,1.0375
2567.89,4.56761664e-04,6.136290e-03,8.607530e-06,-1.4255163716e-10,1.5714e-01,1.0375
2568.40,4.90543644e-04,6.098983e-03,8.600541e-06,-1.4255319147e-10,3.0564e-02,1.0375
2568.91,5.51401109e-04,6.060833e-03,8.555763e-06,-1.4272227844e-10,3.7130e-02,1.0375
2569.41,6.28383958e-04,6.024152e-03,8.474993e-06,-1.4292866890e-10,4.1138e-02,1.0437
2569.92,7.09051732e-04,5.994270e-03,8.363992e-06,-1.4324208486e-10,4.8257e-02,1.0437
2570.43,7.85954103e-04,5.971633e-03,8.231841e-06,-1.4341994259e-10,4.6310e-02,1.0437
2570.93,8.58972640e-04,5.960855e-03,8.088994e-06,-1.4368628509e-10,4.5066e-02,1.0437
2571.44,9.32351891e-04,5.961234e-03,7.944845e-06,-1.4416690064e-10,4.0609e-02,1.0437
2571.95,1.01183576e-03,5.973920e-03,7.804866e-06,-1.4427392614e-10,3.7215e-02,1.0500
2572.46,1.10505344e-03,5.997455e-03,7.668855e-06,-1.4427437023e-10,3.4242e-02,1.0500
2572.96,1.21751241e-03,6.029708e-03,7.532331e-06,-1.4427603556e-10,3.1505e-02,1.0500
2573.47,1.34390781e-03,6.068035e-03,7.391021e-06,-1.4427647965e-10,2.8852e-02,1.0500
2573.98,1.46038961e-03,6.108799e-03,7.244914e-06,-1.4427747885e-10,2.5591e-02,1.0500
2574.48,1.52806627e-03,6.149220e-03,7.098418e-06,-1.4427803396e-10,2.1992e-02,1.0500
2574.99,1.51431401e-03,6.187483e-03,6.957277e-06,-1.4427925521e-10,2.5798e-02,1.0500
2575.50,1.42161914e-03,6.222699e-03,6.825966e-06,-1.4428014339e-10,3.2832e-02,1.0500
2576.00,1.28985501e-03,6.254551e-03,6.707658e-06,-1.4428147566e-10,3.9868e-02,1.0500
2576.51,1.15683111e-03,6.283451e-03,6.605187e-06,-1.4428236383e-10,4.6901e-02,1.0500
2577.02,1.00352687e-03,6.309625e-03,6.520788e-06,-1.4428336303e-10,5.3933e-02,1.0500
2577.52,7.39073841e-04,6.333765e-03,6.454914e-06,-1.4428325201e-10,6.0696e-02,1.0500
2578.03,2.54528435e-04,6.356524e-03,6.405777e-06,-1.4428391815e-10,6.7361e-02,1.0500
2578.54,-4.86249855e-04,6.378662e-03,6.370204e-06,-1.4428513939e-10,7.3984e-02,1.0500
2579.04,-1.38839074e-03,6.400527e-03,6.344664e-06,-1.4428658268e-10,8.0566e-02,1.0500
2579.55,-2.24983438e-03,6.422329e-03,6.325473e-06,-1.4428735984e-10,8.7106e-02,1.0500
2580.06,-2.84913056e-03,6.443456e-03,6.308934e-06,-1.4428835904e-10,9.3605e-02,1.0500
2580.56,-3.03890854e-03,6.463248e-03,6.292015e-06,-1.4428946926e-10,1.0006e-01,1.0500
2581.07,-2.79751744e-03,6.480295e-03,6.272845e-06,-1.4429046846e-10,1.0648e-01,1.0500
2581.58,-2.22623126e-03,6.492747e-03,6.251102e-06,-1.4429135664e-10,1.1285e-01,1.0500
2582.08,-1.50400370e-03,6.498834e-03,6.227748e-06,-1.4429268891e-10,1.1918e-01,1.0500
2582.59,-8.20246751e-04,6.497500e-03,6.204341e-06,-1.4429324402e-10,1.2547e-01,1.0500
2583.10,-3.12684191e-04,6.488362e-03,6.182988e-06,-1.4429446527e-10,1.3172e-01,1.0500
2583.60,-3.32614370e-05,6.471324e-03,6.165523e-06,-1.4429535344e-10,1.3793e-01,1.0500
2584.11,4.60011283e-05,6.446188e-03,6.154984e-06,-1.4436529749e-10,1.3549e-01,1.0437
2584.62,-8.03681494e-07,6.409949e-03,6.152763e-06,-1.4436651874e-10,1.4175e-01,1.0437
2585.12,-9.34710949e-05,6.363021e-03,6.157166e-06,-1.4436685181e-10,1.4795e-01,1.0437
2585.63,-1.72056560e-04,6.311677e-03,6.164347e-06,-1.4436785101e-10,1.5412e-01,1.0437
2586.14,-2.08350943e-04,6.253243e-03,6.172202e-06,-1.4436873919e-10,1.6024e-01,1.0437
2586.65,-2.00992098e-04,6.192083e-03,6.177150e-06,-1.4437107065e-10,1.6632e-01,1.0437
2587.15,-1.64119484e-04,6.137249e-03,6.171855e-06,-1.4443968244e-10,1.7171e-01,1.0375
2587.66,-1.17341667e-04,6.105674e-03,6.152140e-06,-1.4444023755e-10,1.7777e-01,1.0375
2588.17,-8.20119191e-05,6.113646e-03,6.111843e-06,-1.4444101470e-10,1.8379e-01,1.0375
2588.67,-8.19953063e-05,6.168976e-03,6.050049e-06,-1.4454559771e-10,5.4153e-02,1.0312
2589.18,-1.41195320e-04,6.269518e-03,5.972157e-06,-1.4454781816e-10,6.1165e-02,1.0312
2589.69,-2.72537419e-04,6.398394e-03,5.882788e-06,-1.4454959452e-10,5.5482e-02,1.0312
2590.19,-4.63092462e-04,6.523808e-03,5.790407e-06,-1.4455281416e-10,5.3480e-02,1.0312
2590.70,-6.67093960e-04,6.622969e-03,5.695899e-06,-1.4455447950e-10,5.9177e-02,1.0312
2591.21,-8.16712800e-04,6.689244e-03,5.596341e-06,-1.4455459052e-10,6.4951e-02,1.0312
2591.71,-8.48601543e-04,6.724263e-03,5.493604e-06,-1.4455681097e-10,7.1291e-02,1.0312
2592.22,-7.33280645e-04,6.731475e-03,5.397393e-06,-1.4455725506e-10,3.6635e-02,1.0312
2592.73,-4.93800392e-04,6.714829e-03,5.324039e-06,-1.4456436048e-10,2.3245e-02,1.0312
2593.23,-2.04411807e-04,6.679058e-03,5.283957e-06,-1.4457124387e-10,2.5114e-02,1.0312
2593.74,3.29418429e-05,6.628822e-03,5.278042e-06,-1.4457379738e-10,3.0046e-02,1.0312
2594.25,1.28478379e-04,6.568877e-03,5.303016e-06,-1.4457690600e-10,3.5707e-02,1.0312
2594.75,3.99949733e-05,6.507786e-03,5.363209e-06,-1.4457834929e-10,3.5734e-02,1.0312
2595.26,-2.20431715e-04,6.455626e-03,5.462965e-06,-1.4458179098e-10,3.6087e-02,1.0312
2595.77,-6.12925938e-04,6.421532e-03,5.601357e-06,-1.4458489961e-10,4.1040e-02,1.0312
2596.27,-1.10695446e-03,6.412318e-03,5.771762e-06,-1.4458534370e-10,4.7582e-02,1.0312
2596.78,-1.70221335e-03,6.431806e-03,5.965041e-06,-1.4458723108e-10,5.4200e-02,1.0312
2597.29,-2.41256145e-03,6.470970e-03,6.172542e-06,-1.4458834130e-10,6.0143e-02,1.0312
2597.79,-3.22426344e-03,6.516472e-03,6.386500e-06,-1.4458878539e-10,6.7198e-02,1.0312
2598.30,-4.05601969e-03,6.561692e-03,6.600572e-06,-1.4459144992e-10,7.4264e-02,1.0312
2598.81,-4.75922520e-03,6.601166e-03,6.811962e-06,-1.4459056175e-10,8.1640e-02,1.0312
2599.31,-5.16372366e-03,6.626904e-03,7.023466e-06,-1.4459267117e-10,8.9076e-02,1.0312
2599.82,-5.14349894e-03,6.644125e-03,7.243096e-06,-1.4459322628e-10,9.6087e-02,1.0312
2600.33,-4.66884044e-03,6.652533e-03,7.480150e-06,-1.4459433650e-10,1.0324e-01,1.0312
2600.84,-3.82628671e-03,6.651623e-03,7.740623e-06,-1.4459533570e-10,1.1026e-01,1.0312
2601.34,-2.80340337e-03,6.643403e-03,8.024534e-06,-1.4459544673e-10,1.1708e-01,1.0312
2601.85,-1.83764695e-03,6.627621e-03,8.327315e-06,-1.4459777820e-10,2.3984e-02,1.0312
2602.36,-1.13918468e-03,6.609192e-03,8.643324e-06,-1.4503331869e-10,2.6790e-02,1.0375
2602.86,-8.18365592e-04,6.592141e-03,8.968299e-06,-1.4521683855e-10,3.5370e-02,1.0375
2603.37,-8.55772708e-04,6.572564e-03,9.299639e-06,-1.4544343507e-10,3.2106e-02,1.0375
2603.88,-1.13276016e-03,6.554724e-03,9.635444e-06,-1.4562717698e-10,3.5600e-02,1.0437
2604.38,-1.49909573e-03,6.535583e-03,9.973406e-06,-1.4608159127e-10,3.7053e-02,1.0437
2604.89,-1.83689861e-03,6.514839e-03,1.031000e-05,-1.4612222543e-10,3.6784e-02,1.0437
2605.40,-2.08598061e-03,6.493763e-03,1.063996e-05,-1.4612999699e-10,3.5175e-02,1.0500
2605.90,-2.23664099e-03,6.473979e-03,1.095634e-05,-1.4613099619e-10,3.2516e-02,1.0500
2606.41,-2.30444648e-03,6.456727e-03,1.125087e-05,-1.4613221744e-10,2.9048e-02,1.0500
2606.92,-2.30820278e-03,6.442655e-03,1.151510e-05,-1.4613255050e-10,2.5079e-02,1.0500
2607.42,-2.26160035e-03,6.431584e-03,1.174196e-05,-1.4613354971e-10,2.8326e-02,1.0500
2607.93,-2.17507695e-03,6.424089e-03,1.192742e-05,-1.4613443788e-10,3.5181e-02,1.0500
2608.44,-2.05991829e-03,6.420506e-03,1.207120e-05,-1.4613599220e-10,4.1997e-02,1.0500
2608.94,-1.92579125e-03,6.420424e-03,1.217745e-05,-1.4613676935e-10,4.8772e-02,1.0500
2609.45,-1.77374273e-03,6.422572e-03,1.225511e-05,-1.4613810162e-10,5.5507e-02,1.0500
2609.96,-1.59680276e-03,6.425094e-03,1.231664e-05,-1.4613732446e-10,6.2202e-02,1.0500
2610.46,-1.38754799e-03,6.426223e-03,1.237334e-05,-1.4613910082e-10,6.8856e-02,1.0500
2610.97,-1.14440779e-03,6.425528e-03,1.242931e-05,-1.4613943389e-10,7.5469e-02,1.0500
2611.48,-8.72899489e-04,6.422969e-03,1.247928e-05,-1.4614076616e-10,8.2041e-02,1.0500
2611.98,-5.77764349e-04,6.422148e-03,1.251228e-05,-1.4614265353e-10,8.8571e-02,1.0500
2612.49,-2.57795790e-04,6.425069e-03,1.251872e-05,-1.4614409682e-10,9.5061e-02,1.0500
2613.00,9.64611437e-05,6.432998e-03,1.249509e-05,-1.4614320865e-10,1.0151e-01,1.0500
2613.50,5.03621652e-04,6.445474e-03,1.244341e-05,-1.4621415190e-10,9.8639e-02,1.0437
2614.01,9.93098285e-04,6.460095e-03,1.236719e-05,-1.4621648337e-10,1.0523e-01,1.0437
2614.52,1.59428346e-03,6.475341e-03,1.226753e-05,-1.4621603928e-10,1.1169e-01,1.0437
2615.03,2.30877035e-03,6.490519e-03,1.214176e-05,-1.4621681643e-10,1.1810e-01,1.0437
2615.53,3.07214665e-03,6.504734e-03,1.198415e-05,-1.4621803768e-10,1.2447e-01,1.0437
2616.04,3.74243939e-03,6.517425e-03,1.178695e-05,-1.4621892586e-10,1.3080e-01,1.0437
2616.55,4.14117050e-03,6.527980e-03,1.154116e-05,-1.4622025812e-10,1.3709e-01,1.0437
2617.05,4.13878772e-03,6.535778e-03,1.123771e-05,-1.4622136835e-10,1.4333e-01,1.0437
2617.56,3.73071937e-03,6.540037e-03,1.086951e-05,-1.4622258959e-10,1.4953e-01,1.0437
2618.07,3.04687696e-03,6.541505e-03,1.043474e-05,-1.4622281164e-10,1.5568e-01,1.0437
2618.57,2.28386054e-03,6.539318e-03,9.939518e-06,-1.4629442102e-10,1.5602e-01,1.0375
2619.08,1.61924673e-03,6.532504e-03,9.400033e-06,-1.4629453204e-10,1.6220e-01,1.0375
2619.59,1.15411691e-03,6.520654e-03,8.838549e-06,-1.4629564227e-10,1.6834e-01,1.0375
2620.09,9.02994562e-04,6.504665e-03,8.274302e-06,-1.4629653045e-10,1.7443e-01,1.0375
2620.60,8.19130652e-04,6.488651e-03,7.713440e-06,-1.4636836188e-10,3.5264e-02,1.0312
2621.11,8.33776113e-04,6.481697e-03,7.144168e-06,-1.4637513424e-10,1.3159e-02,1.0312
2621.61,8.89202508e-04,6.490945e-03,6.542833e-06,-1.4638446011e-10,1.0287e-02,1.0375
2622.12,9.54108601e-04,6.520305e-03,5.892059e-06,-1.4638734669e-10,1.3976e-02,1.0375
2622.63,1.02377204e-03,6.568931e-03,5.196503e-06,-1.4638901202e-10,1.6240e-02,1.0375
2623.13,1.11009191e-03,6.629071e-03,4.487369e-06,-1.4638978918e-10,1.7082e-02,1.0375
2623.64,1.22885179e-03,6.684736e-03,3.819348e-06,-1.4639134349e-10,1.6531e-02,1.0375
2624.15,1.39022172e-03,6.726323e-03,3.258758e-06,-1.4639445212e-10,1.4842e-02,1.0375
2624.65,1.59455406e-03,6.753981e-03,2.871406e-06,-1.4639678358e-10,1.2809e-02,1.0375
2625.16,1.83316331e-03,6.772499e-03,2.703627e-06,-1.4639889301e-10,2.0098e-02,1.0375
2625.67,2.09169845e-03,6.786458e-03,2.761852e-06,-1.4640055834e-10,2.7085e-02,1.0375
2626.17,2.35386732e-03,6.799469e-03,3.012835e-06,-1.4640166857e-10,3.3733e-02,1.0375
2626.68,2.60401725e-03,6.811443e-03,3.406876e-06,-1.4640233470e-10,4.0159e-02,1.0375
2627.19,2.83105641e-03,6.819721e-03,3.895427e-06,-1.4640300083e-10,4.7116e-02,1.0375
2627.69,3.03031010e-03,6.821559e-03,4.435462e-06,-1.4640400003e-10,5.4338e-02,1.0375
2628.20,3.20748911e-03,6.816127e-03,4.992012e-06,-1.4640433310e-10,6.1546e-02,1.0375
2628.71,3.37834793e-03,6.804426e-03,5.542392e-06,-1.4640566537e-10,6.8750e-02,1.0375
2629.22,3.56609718e-03,6.787415e-03,6.077672e-06,-1.4640655355e-10,7.6020e-02,1.0375
2629.72,3.79762269e-03,6.765027e-03,6.598688e-06,-1.4640755275e-10,8.3214e-02,1.0375
2630.23,4.09475289e-03,6.736612e-03,7.108411e-06,-1.4640832990e-10,9.0224e-02,1.0375
2630.74,4.46835974e-03,6.700735e-03,7.605571e-06,-1.4640921808e-10,9.7164e-02,1.0375
2631.24,4.91502906e-03,6.659675e-03,8.082853e-06,-1.4641055035e-10,1.0397e-01,1.0375
2631.75,5.41702016e-03,6.617395e-03,8.529993e-06,-1.4641166057e-10,1.1051e-01,1.0375
2632.26,5.93982243e-03,6.578570e-03,8.938284e-06,-1.4641188262e-10,1.1701e-01,1.0375
2632.76,6.42374471e-03,6.547416e-03,9.303657e-06,-1.4641299284e-10,1.2346e-01,1.0375
2633.27,6.78018911e-03,6.526321e-03,9.626789e-06,-1.4641332591e-10,1.2987e-01,1.0375
2633.78,6.91407189e-03,6.516374e-03,9.911171e-06,-1.4641465818e-10,1.3624e-01,1.0375
2634.28,6.77910418e-03,6.517248e-03,1.016070e-05,-1.4641587942e-10,1.4256e-01,1.0375
2634.79,6.43227563e-03,6.526520e-03,1.037811e-05,-1.4641721169e-10,1.4883e-01,1.0375
2635.30,6.02695655e-03,6.541658e-03,1.056483e-05,-1.4641743373e-10,1.5506e-01,1.0375
2635.80,5.71069834e-03,6.559478e-03,1.072170e-05,-1.4641832191e-10,1.6125e-01,1.0375
2636.31,5.46892440e-03,6.576947e-03,1.084971e-05,-1.4648893210e-10,6.1789e-02,1.0312
2636.82,5.03063347e-03,6.591574e-03,1.094977e-05,-1.4649148561e-10,6.6821e-02,1.0312
2637.32,3.96051128e-03,6.602972e-03,1.102170e-05,-1.4649137459e-10,7.3808e-02,1.0312
2637.83,1.94225504e-03,6.611705e-03,1.106374e-05,-1.4649181868e-10,8.0831e-02,1.0312
2638.34,-9.43861964e-04,6.618608e-03,1.107364e-05,-1.4649292890e-10,8.2518e-02,1.0312
2638.84,-4.20392931e-03,6.624329e-03,1.105074e-05,-1.4649415014e-10,6.1149e-02,1.0312
2639.35,-7.17477957e-03,6.629543e-03,1.099744e-05,-1.4649548241e-10,6.8501e-02,1.0312
2639.86,-9.28560548e-03,6.634250e-03,1.091858e-05,-1.4649481628e-10,3.6559e-02,1.0312
2640.36,-1.01926225e-02,6.637870e-03,1.081973e-05,-1.4649725877e-10,1.7490e-02,1.0375
2640.87,-9.78875811e-03,6.640055e-03,1.070572e-05,-1.4666989845e-10,2.5590e-02,1.0375
2641.38,-8.17368316e-03,6.639932e-03,1.058052e-05,-1.4689049976e-10,2.7752e-02,1.0437
2641.89,-5.65415604e-03,6.636970e-03,1.044800e-05,-1.4711820651e-10,2.7109e-02,1.0437
2642.39,-2.73532065e-03,6.631287e-03,1.031243e-05,-1.4765388912e-10,2.9081e-02,1.0437
2642.90,-5.84069152e-05,6.623497e-03,1.017815e-05,-1.4765910716e-10,2.9721e-02,1.0500
2643.41,1.76766999e-03,6.614807e-03,1.004858e-05,-1.4765955125e-10,2.8694e-02,1.0500
2643.91,2.39421588e-03,6.605645e-03,9.925071e-06,-1.4766043943e-10,2.5973e-02,1.0500
2644.42,1.86883088e-03,6.596525e-03,9.805906e-06,-1.4766055045e-10,2.1871e-02,1.0500
2644.93,5.39306312e-04,6.588608e-03,9.686021e-06,-1.4766243783e-10,2.6193e-02,1.0500
2645.43,-1.17019681e-03,6.582491e-03,9.558976e-06,-1.4766365908e-10,3.3059e-02,1.0500
2645.94,-2.91833823e-03,6.577780e-03,9.421177e-06,-1.4766499135e-10,3.9887e-02,1.0500
2646.45,-4.47886263e-03,6.573013e-03,9.275611e-06,-1.4766421419e-10,4.6675e-02,1.0500
2646.95,-5.70174624e-03,6.566325e-03,9.131760e-06,-1.4766698975e-10,5.3422e-02,1.0500
2647.46,-6.47798679e-03,6.555965e-03,9.001689e-06,-1.4766687872e-10,6.0130e-02,1.0500
2647.97,-6.73270772e-03,6.540583e-03,8.895677e-06,-1.4766787793e-10,6.6796e-02,1.0500
2648.47,-6.44158320e-03,6.519178e-03,8.820410e-06,-1.4767009837e-10,7.3422e-02,1.0500
2648.98,-5.65300733e-03,6.491066e-03,8.779501e-06,-1.4766987633e-10,8.0006e-02,1.0500
2649.49,-4.49456321e-03,6.456220e-03,8.774246e-06,-1.4766998735e-10,8.6550e-02,1.0500
2649.99,-3.15823494e-03,6.415808e-03,8.803529e-06,-1.4774026447e-10,8.4302e-02,1.0437
2650.50,-1.86484437e-03,6.372530e-03,8.863537e-06,-1.4774104162e-10,9.1088e-02,1.0437
2651.01,-8.11546190e-04,6.330332e-03,8.948111e-06,-1.4774215185e-10,9.7889e-02,1.0437
2651.51,-1.20838417e-04,6.293606e-03,9.049430e-06,-1.4774304002e-10,1.0440e-01,1.0437
2652.02,1.84031406e-04,6.266041e-03,9.158064e-06,-1.4774459434e-10,1.1086e-01,1.0437
2652.53,1.68524206e-04,6.249521e-03,9.262340e-06,-1.4774470536e-10,1.1728e-01,1.0437
2653.03,-5.14587656e-05,6.244264e-03,9.347708e-06,-1.4774570456e-10,1.2366e-01,1.0437
2653.54,-3.55256343e-04,6.248881e-03,9.397768e-06,-1.4774725887e-10,1.2999e-01,1.0437
2654.05,-6.48798869e-04,6.260714e-03,9.397319e-06,-1.4774748092e-10,1.3628e-01,1.0437
2654.55,-8.81543588e-04,6.276330e-03,9.335827e-06,-1.4774870216e-10,1.4253e-01,1.0437
2655.06,-1.04328458e-03,6.293483e-03,9.209159e-06,-1.4774925727e-10,1.4873e-01,1.0437
2655.57,-1.14953497e-03,6.309667e-03,9.020037e-06,-1.4775047852e-10,1.5489e-01,1.0437
2656.08,-1.22142677e-03,6.323811e-03,8.779718e-06,-1.4782242097e-10,2.3348e-02,1.0375
2656.58,-1.26707504e-03,6.335366e-03,8.510126e-06,-1.4794521164e-10,2.8304e-02,1.0437
2657.09,-1.27844762e-03,6.344241e-03,8.240766e-06,-1.4794643288e-10,3.1422e-02,1.0437
2657.60,-1.23616076e-03,6.350957e-03,7.996428e-06,-1.4794887537e-10,3.3041e-02,1.0437
2658.10,-1.12267175e-03,6.356854e-03,7.782289e-06,-1.4796230907e-10,3.3260e-02,1.0437
2658.61,-9.37629207e-04,6.363830e-03,7.580912e-06,-1.4804224513e-10,3.2210e-02,1.0437
2659.12,-6.99079160e-04,6.373714e-03,7.367002e-06,-1.4841117224e-10,3.3681e-02,1.0437
2659.62,-4.38265111e-04,6.386957e-03,7.128088e-06,-1.4906809120e-10,3.3280e-02,1.0500
2660.13,-1.90156544e-04,6.402911e-03,6.873985e-06,-1.4906920143e-10,3.1335e-02,1.0500
2660.64,2.18145292e-05,6.420311e-03,6.629007e-06,-1.4906853529e-10,2.8296e-02,1.0500
2661.14,1.89543523e-04,6.438135e-03,6.414771e-06,-1.4907053369e-10,2.4552e-02,1.0500
2661.65,3.19600040e-04,6.456031e-03,6.237405e-06,-1.4907119983e-10,2.1502e-02,1.0500
2662.16,4.30110674e-04,6.474176e-03,6.087597e-06,-1.4907197698e-10,2.8396e-02,1.0500
2662.66,5.40713561e-04,6.492887e-03,5.950427e-06,-1.4907264312e-10,3.5250e-02,1.0500
2663.17,6.66435351e-04,6.512367e-03,5.815383e-06,-1.4907386436e-10,4.2065e-02,1.0500
2663.68,8.16216558e-04,6.532682e-03,5.680033e-06,-1.4907486356e-10,4.8840e-02,1.0500
2664.18,9.92633320e-04,6.554160e-03,5.547643e-06,-1.4907519663e-10,5.5575e-02,1.0500
2664.69,1.19221873e-03,6.577398e-03,5.423079e-06,-1.4907608481e-10,6.2269e-02,1.0500
2665.20,1.40878849e-03,6.602789e-03,5.310725e-06,-1.4907752810e-10,6.8922e-02,1.0500
2665.70,1.63490123e-03,6.630590e-03,5.215060e-06,-1.4907886037e-10,7.5535e-02,1.0500
2666.21,1.86246408e-03,6.660320e-03,5.141930e-06,-1.4907908241e-10,8.2106e-02,1.0500
2666.72,2.07900880e-03,6.690743e-03,5.098313e-06,-1.4907974855e-10,8.8637e-02,1.0500
2667.22,2.26057016e-03,6.719888e-03,5.090330e-06,-1.4908108081e-10,9.5126e-02,1.0500
2667.73,2.37041336e-03,6.745602e-03,5.120986e-06,-1.4908208001e-10,1.0157e-01,1.0500
2668.24,2.37091846e-03,6.765441e-03,5.189604e-06,-1.4915213509e-10,1.0561e-01,1.0437
2668.74,2.25081014e-03,6.777410e-03,5.293006e-06,-1.4915291224e-10,1.1226e-01,1.0437
2669.25,2.04521752e-03,6.779450e-03,5.427431e-06,-1.4915335633e-10,1.1867e-01,1.0437
2669.76,1.82079415e-03,6.770683e-03,5.589396e-06,-1.4915535473e-10,1.2504e-01,1.0437
2670.27,1.61886188e-03,6.751393e-03,5.775110e-06,-1.4915535473e-10,1.3136e-01,1.0437
2670.77,1.38601332e-03,6.722577e-03,5.979914e-06,-1.4915690905e-10,1.3764e-01,1.0437
2671.28,9.62424606e-04,6.685691e-03,6.197781e-06,-1.4915790825e-10,1.4388e-01,1.0437
2671.79,1.66562931e-04,6.642370e-03,6.421402e-06,-1.4915968460e-10,1.5008e-01,1.0437
2672.29,-1.06660821e-03,6.594028e-03,6.643196e-06,-1.4915979563e-10,1.5623e-01,1.0437
2672.80,-2.59444601e-03,6.541502e-03,6.856732e-06,-1.4915979563e-10,1.6233e-01,1.0437
2673.31,-4.09891263e-03,6.485353e-03,7.057189e-06,-1.4922996172e-10,1.2283e-01,1.0375
2673.81,-5.21593200e-03,6.426033e-03,7.241870e-06,-1.4923062785e-10,1.2924e-01,1.0375
2674.32,-5.66882421e-03,6.363972e-03,7.409707e-06,-1.4923207114e-10,1.3561e-01,1.0375
2674.83,-5.35180746e-03,6.299443e-03,7.562943e-06,-1.4923151603e-10,1.4194e-01,1.0375
2675.33,-4.35338978e-03,6.233146e-03,7.704305e-06,-1.4923340341e-10,1.4822e-01,1.0375
2675.84,-2.93265681e-03,6.166820e-03,7.835515e-06,-1.4923451364e-10,1.5445e-01,1.0375
2676.35,-1.44964293e-03,6.104196e-03,7.957121e-06,-1.4923429159e-10,1.6064e-01,1.0375
2676.85,-2.55887925e-04,6.053984e-03,8.069331e-06,-1.4923529079e-10,1.6679e-01,1.0375
2677.36,4.22977760e-04,6.022720e-03,8.169404e-06,-1.4934120607e-10,1.7814e-02,1.0375
2677.87,5.54997741e-04,6.020670e-03,8.256643e-06,-1.4934165016e-10,2.9465e-02,1.0375
2678.37,2.78550155e-04,6.041462e-03,8.330863e-06,-1.4934231629e-10,3.5287e-02,1.0375
2678.88,-1.87580112e-04,6.071948e-03,8.393932e-06,-1.4934420367e-10,3.8354e-02,1.0375
2679.39,-6.40134467e-04,6.098360e-03,8.446264e-06,-1.4934498083e-10,4.1991e-02,1.0375
2679.89,-9.46491945e-04,6.113778e-03,8.485892e-06,-1.4934586900e-10,4.5433e-02,1.0375
2680.40,-1.05257967e-03,6.119772e-03,8.509370e-06,-1.4934509185e-10,5.2543e-02,1.0375
2680.91,-9.67176777e-04,6.123628e-03,8.513483e-06,-1.4934731229e-10,5.9482e-02,1.0375
2681.41,-7.41396937e-04,6.135458e-03,8.496395e-06,-1.4934864456e-10,6.6314e-02,1.0375
2681.92,-4.49956342e-04,6.165341e-03,8.457398e-06,-1.4934864456e-10,7.3103e-02,1.0375
2682.43,-1.72877724e-04,6.218232e-03,8.396231e-06,-1.4934908865e-10,7.9847e-02,1.0375
2682.93,2.33513116e-05,6.293078e-03,8.313024e-06,-1.4935042092e-10,8.6548e-02,1.0375
2683.44,1.02675520e-04,6.384718e-03,8.209025e-06,-1.4935097603e-10,9.3206e-02,1.0375
2683.95,6.70519016e-05,6.486692e-03,8.087974e-06,-1.4935253034e-10,3.2129e-02,1.0375
2684.46,-4.72641150e-05,6.592886e-03,7.957537e-06,-1.4940060300e-10,2.9835e-02,1.0375
2684.96,-1.84733470e-04,6.697412e-03,7.828209e-06,-1.4965351181e-10,3.2500e-02,1.0437
2685.47,-2.90262863e-04,6.796490e-03,7.709373e-06,-1.4986112351e-10,3.6800e-02,1.0437
2685.98,-3.28527555e-04,6.890079e-03,7.603667e-06,-1.5036794032e-10,3.7838e-02,1.0437
2686.48,-2.95368818e-04,6.980775e-03,7.505576e-06,-1.5071777160e-10,3.6383e-02,1.0500
2686.99,-2.16560756e-04,7.069840e-03,7.407578e-06,-1.5071965898e-10,3.2020e-02,1.0500
2687.50,-1.31655922e-04,7.154964e-03,7.306788e-06,-1.5072010306e-10,2.4886e-02,1.0500
2688.00,-7.38132523e-05,7.231794e-03,7.208603e-06,-1.5072099124e-10,1.7941e-02,1.0500
2688.51,-5.84355386e-05,7.296681e-03,7.124403e-06,-1.5072210147e-10,1.6425e-02,1.0500
2689.02,-8.03380654e-05,7.347702e-03,7.064370e-06,-1.5072232351e-10,2.1202e-02,1.0500
2689.52,-1.23287429e-04,7.383331e-03,7.030458e-06,-1.5072354476e-10,2.8180e-02,1.0500
2690.03,-1.76848120e-04,7.401178e-03,7.015080e-06,-1.5072498805e-10,3.5040e-02,1.0500
2690.54,-2.38152217e-04,7.398250e-03,7.006469e-06,-1.5072576520e-10,4.1859e-02,1.0500
2691.04,-3.01987729e-04,7.373079e-03,6.996175e-06,-1.5072643134e-10,4.8637e-02,1.0500
2691.55,-3.62830445e-04,7.327558e-03,6.983324e-06,-1.5072798565e-10,5.5374e-02,1.0500
2692.06,-4.18566458e-04,7.270291e-03,6.972275e-06,-1.5072820769e-10,6.2070e-02,1.0500
2692.56,-4.63136789e-04,7.208590e-03,6.969694e-06,-1.5072898485e-10,6.8726e-02,1.0500
2693.07,-4.86530985e-04,7.153224e-03,6.981283e-06,-1.5073076121e-10,7.5340e-02,1.0500
2693.58,-4.82745340e-04,7.115050e-03,7.010413e-06,-1.5073120530e-10,8.1913e-02,1.0500
2694.08,-4.49982788e-04,7.098480e-03,7.057521e-06,-1.5073209347e-10,8.8444e-02,1.0500
2694.59,-3.87534591e-04,7.105884e-03,7.121493e-06,-1.5073242654e-10,9.4934e-02,1.0500
2695.10,-2.97243898e-04,7.132707e-03,7.197842e-06,-1.5073253756e-10,1.0138e-01,1.0500
2695.60,-1.88298796e-04,7.164332e-03,7.280234e-06,-1.5073420290e-10,1.0779e-01,1.0500
2696.11,-7.46336544e-05,7.187660e-03,7.361446e-06,-1.5073564619e-10,1.1416e-01,1.0500
2696.62,3.60809112e-05,7.194017e-03,7.434331e-06,-1.5073609028e-10,1.2048e-01,1.0500
2697.12,1.44221474e-04,7.178317e-03,7.492148e-06,-1.5073753357e-10,1.2676e-01,1.0500
2697.63,2.51481076e-04,7.139707e-03,7.528189e-06,-1.5080625637e-10,1.2245e-01,1.0437
2698.14,3.57907309e-04,7.081292e-03,7.535097e-06,-1.5080692251e-10,1.2879e-01,1.0437
2698.65,4.63928808e-04,7.008714e-03,7.505885e-06,-1.5080847682e-10,1.3509e-01,1.0437
2699.15,5.70897459e-04,6.931073e-03,7.435614e-06,-1.5080914295e-10,1.4134e-01,1.0437
2699.66,6.79995679e-04,6.856349e-03,7.321877e-06,-1.5081025317e-10,7.9028e-02,1.0437
2700.17,7.92618483e-04,6.792107e-03,7.165640e-06,-1.5081080829e-10,4.7855e-02,1.0437
2700.67,9.11824816e-04,6.744473e-03,6.973357e-06,-1.5082324278e-10,4.6388e-02,1.0437
2701.18,1.04180506e-03,6.714892e-03,6.759788e-06,-1.5107870510e-10,4.3992e-02,1.0437
2701.69,1.18394468e-03,6.701589e-03,6.546992e-06,-1.5122803010e-10,4.1301e-02,1.0437
2702.19,1.33370480e-03,6.702315e-03,6.354554e-06,-1.5149326238e-10,3.9419e-02,1.0500
2702.70,1.48384746e-03,6.712671e-03,6.186495e-06,-1.5149548283e-10,3.7877e-02,1.0500
2703.21,1.62841311e-03,6.729134e-03,6.028982e-06,-1.5149526078e-10,3.6383e-02,1.0500
2703.71,1.76449134e-03,6.748898e-03,5.863750e-06,-1.5149692612e-10,3.4652e-02,1.0500
2704.22,1.89128031e-03,6.769138e-03,5.684377e-06,-1.5149637100e-10,3.2368e-02,1.0500
2704.73,2.00905748e-03,6.788017e-03,5.500138e-06,-1.5149814736e-10,2.9590e-02,1.0500
2705.23,2.11620600e-03,6.804522e-03,5.326664e-06,-1.5149981270e-10,3.3304e-02,1.0500
2705.74,2.20734794e-03,6.818655e-03,5.175427e-06,-1.5149936861e-10,4.0133e-02,1.0500
2706.25,2.27285663e-03,6.831013e-03,5.052038e-06,-1.5150014576e-10,4.6922e-02,1.0500
2706.75,2.30077381e-03,6.842354e-03,4.962119e-06,-1.5150136701e-10,5.3669e-02,1.0500
2707.26,2.28116322e-03,6.852733e-03,4.915252e-06,-1.5150247723e-10,6.0376e-02,1.0500
2707.77,2.20983508e-03,6.861599e-03,4.921248e-06,-1.5150269927e-10,6.7042e-02,1.0500
2708.27,2.09051220e-03,6.868247e-03,4.984070e-06,-1.5150425359e-10,7.3666e-02,1.0500
2708.78,1.93495933e-03,6.872186e-03,5.098805e-06,-1.5150625199e-10,8.0249e-02,1.0500
2709.29,1.76121353e-03,6.873179e-03,5.254434e-06,-1.5150536381e-10,8.6791e-02,1.0500
2709.79,1.59031315e-03,6.870881e-03,5.440129e-06,-1.5150758426e-10,9.3292e-02,1.0500
2710.30,1.44213867e-03,6.864309e-03,5.650296e-06,-1.5150736221e-10,9.9751e-02,1.0500
2710.81,1.33149637e-03,6.851688e-03,5.885147e-06,-1.5150836141e-10,1.0617e-01,1.0500
2711.31,1.26556423e-03,6.831244e-03,6.146172e-06,-1.5150902755e-10,1.1254e-01,1.0500
2711.82,1.24308382e-03,6.801703e-03,6.431476e-06,-1.5151091493e-10,1.1888e-01,1.0500
2712.33,1.25543517e-03,6.763433e-03,6.735381e-06,-1.5151047084e-10,1.2517e-01,1.0500
2712.84,1.28992111e-03,6.717192e-03,7.051603e-06,-1.5158252431e-10,1.2335e-01,1.0437
2713.34,1.33453823e-03,6.663637e-03,7.377725e-06,-1.5158285738e-10,1.2968e-01,1.0437
2713.85,1.38292282e-03,6.603528e-03,7.713841e-06,-1.5158507782e-10,1.3598e-01,1.0437
2714.36,1.43639321e-03,6.537893e-03,8.060124e-06,-1.5158607702e-10,1.4223e-01,1.0437
2714.86,1.50087110e-03,6.467487e-03,8.414685e-06,-1.5158718725e-10,1.4843e-01,1.0437
2715.37,1.58124259e-03,6.394219e-03,8.773000e-06,-1.5158774236e-10,1.5459e-01,1.0437
2715.88,1.67570925e-03,6.319362e-03,9.131419e-06,-1.5158774236e-10,1.6071e-01,1.0437
2716.38,1.77544686e-03,6.244389e-03,9.486331e-06,-1.5158907463e-10,1.6679e-01,1.0437
2716.89,1.86927803e-03,6.171999e-03,9.833910e-06,-1.5165890765e-10,1.7282e-01,1.0375
2717.40,1.95074794e-03,6.109402e-03,1.017091e-05,-1.5165957379e-10,1.7888e-01,1.0375
2717.90,2.02258488e-03,6.067979e-03,1.049299e-05,-1.5173162726e-10,3.6369e-02,1.0312
2718.41,2.09520645e-03,6.056440e-03,1.079422e-05,-1.5173717838e-10,4.1200e-02,1.0312
2718.92,2.17990962e-03,6.080288e-03,1.107146e-05,-1.5174006496e-10,4.6709e-02,1.0312
2719.42,2.28010439e-03,6.136492e-03,1.132237e-05,-1.5174350665e-10,5.3563e-02,1.0312
2719.93,2.38656709e-03,6.209033e-03,1.154708e-05,-1.5174483892e-10,6.0532e-02,1.0312
2720.44,2.48010769e-03,6.278983e-03,1.174550e-05,-1.5174617118e-10,6.6801e-02,1.0312
2720.94,2.54210116e-03,6.335942e-03,1.191627e-05,-1.5174739243e-10,7.3284e-02,1.0312
2721.45,2.56718778e-03,6.377562e-03,1.205796e-05,-1.5174739243e-10,7.9331e-02,1.0312
2721.96,2.56686780e-03,6.404411e-03,1.217064e-05,-1.5174927981e-10,8.5246e-02,1.0312
2722.46,2.55603606e-03,6.417808e-03,1.225650e-05,-1.5175016799e-10,9.2722e-02,1.0312
2722.97,2.53086161e-03,6.419125e-03,1.231742e-05,-1.5175094514e-10,9.9759e-02,1.0312
2723.48,2.46349429e-03,6.410283e-03,1.235259e-05,-1.5175150025e-10,1.0691e-01,1.0312
2723.98,2.33075314e-03,6.393347e-03,1.235956e-05,-1.5175227741e-10,1.1392e-01,1.0312
2724.49,2.15473412e-03,6.366719e-03,1.233640e-05,-1.5175427581e-10,5.6625e-02,1.0312
2725.00,2.00143985e-03,6.337545e-03,1.228294e-05,-1.5175383172e-10,3.9400e-02,1.0312
2725.50,1.90951272e-03,6.311903e-03,1.220076e-05,-1.5175494195e-10,4.0469e-02,1.0312
2726.01,1.79589697e-03,6.295148e-03,1.209137e-05,-1.5175671830e-10,4.3181e-02,1.0312
2726.52,1.43481415e-03,6.291264e-03,1.195479e-05,-1.5175782853e-10,1.3676e-02,1.0312
2727.03,5.70015563e-04,6.302313e-03,1.178982e-05,-1.5175893875e-10,1.1195e-02,1.0312
2727.53,-8.95798813e-04,6.328030e-03,1.159505e-05,-1.5176138124e-10,1.5761e-02,1.0312
2728.04,-2.78085450e-03,6.365738e-03,1.136944e-05,-1.5176282453e-10,2.2874e-02,1.0312
2728.55,-4.67215725e-03,6.410722e-03,1.111220e-05,-1.5176415680e-10,3.1393e-02,1.0312
2729.05,-6.09888564e-03,6.452425e-03,1.082246e-05,-1.5176482293e-10,3.6646e-02,1.0312
2729.56,-6.70803767e-03,6.496092e-03,1.049929e-05,-1.5176548906e-10,4.3331e-02,1.0312
2730.07,-6.37021231e-03,6.533348e-03,1.014199e-05,-1.5176671031e-10,5.0664e-02,1.0312
2730.57,-5.20950663e-03,6.562608e-03,9.750592e-06,-1.5176793156e-10,5.5174e-02,1.0312
2731.08,-3.57644333e-03,6.583937e-03,9.326149e-06,-1.5176837564e-10,5.2312e-02,1.0312
2731.59,-1.95571879e-03,6.592995e-03,8.870984e-06,-1.5177081814e-10,2.4027e-02,1.0375
2732.09,-8.05662893e-04,6.597178e-03,8.388738e-06,-1.5177215040e-10,2.3962e-02,1.0375
2732.60,-3.81809108e-04,6.603068e-03,7.884388e-06,-1.5183421187e-10,2.8629e-02,1.0375
2733.11,-6.47696437e-04,6.606991e-03,7.364173e-06,-1.5202672454e-10,3.0497e-02,1.0437
2733.61,-1.33641937e-03,6.609453e-03,6.835806e-06,-1.5255863239e-10,3.2459e-02,1.0437
2734.12,-2.11247424e-03,6.610373e-03,6.309004e-06,-1.5256163000e-10,3.2618e-02,1.0500
2734.63,-2.72277859e-03,6.609161e-03,5.796024e-06,-1.5256262920e-10,3.1464e-02,1.0500
2735.13,-3.06466447e-03,6.605032e-03,5.311705e-06,-1.5256274022e-10,2.9392e-02,1.0500
2735.64,-3.17306240e-03,6.597367e-03,4.872878e-06,-1.5256407249e-10,2.6663e-02,1.0500
2736.15,-3.16293893e-03,6.585990e-03,4.496265e-06,-1.5256562680e-10,2.9412e-02,1.0500
2736.65,-3.16042953e-03,6.571328e-03,4.195227e-06,-1.5256573782e-10,3.6260e-02,1.0500
2737.16,-3.24946967e-03,6.554288e-03,3.977507e-06,-1.5256662600e-10,4.3069e-02,1.0500
2737.67,-3.45235430e-03,6.536006e-03,3.846329e-06,-1.5256629293e-10,4.9838e-02,1.0500
2738.17,-3.74167548e-03,6.517625e-03,3.803484e-06,-1.5256851338e-10,5.6567e-02,1.0500
2738.68,-4.06388068e-03,6.500002e-03,3.849893e-06,-1.5256984565e-10,6.3255e-02,1.0500
2739.19,-4.36081444e-03,6.483680e-03,3.983043e-06,-1.5257117791e-10,6.9903e-02,1.0500
2739.70,-4.58401328e-03,6.468892e-03,4.196107e-06,-1.5257162200e-10,7.6509e-02,1.0500
2740.20,-4.70699590e-03,6.455565e-03,4.481206e-06,-1.5257328734e-10,8.3074e-02,1.0500
2740.71,-4.73419798e-03,6.441739e-03,4.832727e-06,-1.5264256525e-10,8.2056e-02,1.0437
2741.22,-4.68861996e-03,6.429307e-03,5.246517e-06,-1.5264400854e-10,8.8665e-02,1.0437
2741.72,-4.58277782e-03,6.415535e-03,5.716552e-06,-1.5264456366e-10,9.5231e-02,1.0437
2742.23,-4.38712611e-03,6.402098e-03,6.233102e-06,-1.5264656206e-10,1.0175e-01,1.0437
2742.74,-4.02696261e-03,6.387854e-03,6.783668e-06,-1.5264700615e-10,1.0823e-01,1.0437
2743.24,-3.42857751e-03,6.373061e-03,7.354929e-06,-1.5264756126e-10,1.1467e-01,1.0437
2743.75,-2.58867037e-03,6.357636e-03,7.934031e-06,-1.5264878250e-10,1.2107e-01,1.0437
2744.26,-1.62768446e-03,6.340090e-03,8.508557e-06,-1.5265000375e-10,1.2742e-01,1.0437
2744.76,-7.73758983e-04,6.320866e-03,9.066200e-06,-1.5265033682e-10,1.3372e-01,1.0437
2745.27,-2.65473430e-04,6.300553e-03,9.593470e-06,-1.5265222419e-10,1.3999e-01,1.0437
2745.78,-2.23642281e-04,6.279788e-03,1.007522e-05,-1.5272028087e-10,1.3792e-01,1.0375
2746.28,-5.73915699e-04,6.259546e-03,1.049571e-05,-1.5272227927e-10,1.4423e-01,1.0375
2746.79,-1.08642374e-03,6.240657e-03,1.084218e-05,-1.5272194620e-10,1.5050e-01,1.0375
2747.30,-1.49105531e-03,6.223791e-03,1.110829e-05,-1.5272227927e-10,1.5672e-01,1.0375
2747.80,-1.59665347e-03,6.209053e-03,1.129530e-05,-1.5272350051e-10,1.1798e-02,1.0375
2748.31,-1.35218121e-03,6.197013e-03,1.141019e-05,-1.5275791743e-10,1.5413e-02,1.0437
2748.82,-8.43487050e-04,6.187736e-03,1.146349e-05,-1.5275836152e-10,1.5809e-02,1.0437
2749.32,-2.41789420e-04,6.180479e-03,1.146952e-05,-1.5275924969e-10,1.6560e-02,1.0437
2749.83,2.66794539e-04,6.174351e-03,1.144509e-05,-1.5276013787e-10,2.2117e-02,1.0437
2750.34,5.44524447e-04,6.168939e-03,1.140295e-05,-1.5276224730e-10,2.9327e-02,1.0437
2750.84,5.41103363e-04,6.166057e-03,1.134418e-05,-1.5276280241e-10,3.6533e-02,1.0437
2751.35,2.94648890e-04,6.171068e-03,1.125773e-05,-1.5276324650e-10,4.3736e-02,1.0437
2751.86,-9.37891982e-05,6.190540e-03,1.112964e-05,-1.5276413468e-10,4.8834e-02,1.0437
2752.36,-5.03142395e-04,6.225951e-03,1.095599e-05,-1.5276591103e-10,5.5648e-02,1.0437
2752.87,-8.33460798e-04,6.271206e-03,1.074621e-05,-1.5276646614e-10,6.2422e-02,1.0437
2753.38,-1.03007013e-03,6.316588e-03,1.051657e-05,-1.5276713228e-10,6.9153e-02,1.0437
2753.89,-1.08614831e-03,6.354135e-03,1.028135e-05,-1.5276802046e-10,7.5843e-02,1.0437
2754.39,-1.02769101e-03,6.380335e-03,1.004933e-05,-1.5283829757e-10,2.1308e-02,1.0375
2754.90,-8.87252917e-04,6.395877e-03,9.825641e-06,-1.5284262744e-10,2.0391e-02,1.0375
2755.41,-6.86265247e-04,6.403820e-03,9.614733e-06,-1.5284540300e-10,2.5092e-02,1.0375
2755.91,-4.34885714e-04,6.407590e-03,9.421806e-06,-1.5284717936e-10,3.2225e-02,1.0375
2756.42,-1.40767217e-04,6.409449e-03,9.252338e-06,-1.5284895571e-10,3.9063e-02,1.0375
2756.93,1.80994657e-04,6.410133e-03,9.110207e-06,-1.5284995492e-10,4.4483e-02,1.0375
2757.43,5.08705898e-04,6.409224e-03,8.995966e-06,-1.5285117616e-10,4.9159e-02,1.0375
2757.94,8.23758608e-04,6.406020e-03,8.907423e-06,-1.5285295252e-10,5.1846e-02,1.0375
2758.45,1.12503693e-03,6.400120e-03,8.842659e-06,-1.5285350763e-10,5.2557e-02,1.0375
2758.95,1.43379651e-03,6.391544e-03,8.802285e-06,-1.5285483990e-10,5.4194e-02,1.0375
2759.46,1.78994136e-03,6.380590e-03,8.787915e-06,-1.5285483990e-10,5.4846e-02,1.0375
2759.97,2.23906449e-03,6.367726e-03,8.798306e-06,-1.5285561705e-10,5.7845e-02,1.0375
2760.47,2.81994212e-03,6.353640e-03,8.827759e-06,-1.5285706034e-10,6.5095e-02,1.0375
2760.98,3.55544993e-03,6.339179e-03,8.868642e-06,-1.5285772648e-10,7.2362e-02,1.0375
2761.49,4.44349815e-03,6.325154e-03,8.914968e-06,-1.5285983590e-10,7.9605e-02,1.0375
2761.99,5.45056124e-03,6.312362e-03,8.963474e-06,-1.5285994692e-10,8.6786e-02,1.0375
2762.50,6.50403742e-03,6.301816e-03,9.012007e-06,-1.5286072408e-10,9.3677e-02,1.0375
2763.01,7.48601151e-03,6.294820e-03,9.057514e-06,-1.5286083510e-10,1.0054e-01,1.0375
2763.51,8.23798343e-03,6.292891e-03,9.095556e-06,-1.5286294452e-10,1.0720e-01,1.0375
2764.02,8.58812862e-03,6.297412e-03,9.121311e-06,-1.5286416577e-10,1.1372e-01,1.0375
2764.53,8.41669893e-03,6.309033e-03,9.130946e-06,-1.5286372168e-10,1.2020e-01,1.0375
2765.03,7.73688610e-03,6.328104e-03,9.122224e-06,-1.5286538702e-10,1.2663e-01,1.0375
2765.54,6.72178839e-03,6.354109e-03,9.094580e-06,-1.5286583110e-10,1.3302e-01,1.0375
2766.05,5.63287456e-03,6.385603e-03,9.049316e-06,-1.5286671928e-10,1.3936e-01,1.0375
2766.55,4.67158350e-03,6.420481e-03,8.989090e-06,-1.5286794053e-10,1.4566e-01,1.0375
2767.06,3.84212405e-03,6.456820e-03,8.915482e-06,-1.5286794053e-10,1.5191e-01,1.0375
2767.57,2.93355507e-03,6.493921e-03,8.825950e-06,-1.5287004995e-10,1.5812e-01,1.0375
2768.08,1.66187661e-03,6.532573e-03,8.713589e-06,-1.5293677436e-10,8.9297e-02,1.0312
2768.58,-1.08855641e-04,6.574182e-03,8.570827e-06,-1.5293777356e-10,9.6077e-02,1.0312
2769.09,-2.22754431e-03,6.619740e-03,8.393574e-06,-1.5293777356e-10,1.0344e-01,1.0312
2769.60,-4.30948243e-03,6.670036e-03,8.182133e-06,-1.5293988298e-10,1.1045e-01,1.0312
2770.10,-5.90954401e-03,6.726325e-03,7.939178e-06,-1.5294132627e-10,1.1746e-01,1.0312
2770.61,-6.68142389e-03,6.789654e-03,7.667707e-06,-1.5294132627e-10,1.2441e-01,1.0312
2771.12,-6.47353038e-03,6.859825e-03,7.371352e-06,-1.5294221445e-10,1.3112e-01,1.0312
2771.62,-5.35940877e-03,6.935797e-03,7.055538e-06,-1.5294399081e-10,1.3755e-01,1.0312
2772.13,-3.62611724e-03,7.015334e-03,6.727294e-06,-1.5294476796e-10,1.4394e-01,1.0312
2772.64,-1.72248681e-03,7.094210e-03,6.394692e-06,-1.5294576716e-10,1.5028e-01,1.0312
2773.14,-1.38066552e-04,7.169433e-03,6.065104e-06,-1.5294621125e-10,1.5657e-01,1.0312
2773.65,7.65273193e-04,7.240261e-03,5.743427e-06,-1.5294721045e-10,1.6282e-01,1.0312
2774.16,8.84968764e-04,7.307401e-03,5.430618e-06,-1.5294787659e-10,1.6902e-01,1.0312
2774.66,3.79881907e-04,7.372574e-03,5.124865e-06,-1.5294843170e-10,1.7518e-01,1.0312
2775.17,-4.51295336e-04,7.437139e-03,4.825787e-06,-1.5304857381e-10,1.9905e-02,1.0188
2775.68,-1.31757394e-03,7.500144e-03,4.538217e-06,-1.5319179258e-10,2.1712e-02,1.0250
2776.18,-2.02246935e-03,7.558764e-03,4.270962e-06,-1.5327428216e-10,2.4366e-02,1.0250
2776.69,-2.47380743e-03,7.609979e-03,4.032594e-06,-1.5334766790e-10,2.6883e-02,1.0250
2777.20,-2.65244338e-03,7.652193e-03,3.829322e-06,-1.5340340109e-10,2.9877e-02,1.0250
2777.70,-2.57789073e-03,7.685374e-03,3.669159e-06,-1.5344070459e-10,3.4132e-02,1.0250
2778.21,-2.28843809e-03,7.709317e-03,3.567194e-06,-1.5346446336e-10,4.0501e-02,1.0250
2778.72,-1.83522883e-03,7.722631e-03,3.543855e-06,-1.5347800808e-10,4.7063e-02,1.0250
2779.22,-1.28105158e-03,7.723924e-03,3.615733e-06,-1.5348478044e-10,5.3772e-02,1.0250
2779.73,-6.95729159e-04,7.709321e-03,3.786853e-06,-1.5349077565e-10,3.5827e-02,1.0250
2780.24,-1.45733988e-04,7.677341e-03,4.048002e-06,-1.5351586669e-10,3.2597e-02,1.0250
2780.74,3.17463511e-04,7.634454e-03,4.380588e-06,-1.5353507354e-10,3.5619e-02,1.0250
2781.25,6.63952180e-04,7.580163e-03,4.763038e-06,-1.5355539063e-10,3.2099e-02,1.0250
2781.76,8.84309230e-04,7.521864e-03,5.174461e-06,-1.5357959349e-10,2.7989e-02,1.0250
2782.27,9.85283961e-04,7.465500e-03,5.595046e-06,-1.5359979955e-10,3.0423e-02,1.0250
2782.77,9.86714338e-04,7.414022e-03,6.004962e-06,-1.5361656391e-10,3.5085e-02,1.0250
2783.28,9.19157933e-04,7.372550e-03,6.384206e-06,-1.5362877637e-10,3.9571e-02,1.0250
2783.79,8.19950178e-04,7.341252e-03,6.714675e-06,-1.5363754713e-10,4.4967e-02,1.0250
2784.29,7.25005718e-04,7.317152e-03,6.984977e-06,-1.5364387540e-10,5.0424e-02,1.0250
2784.80,6.59544477e-04,7.293710e-03,7.194251e-06,-1.5364731709e-10,5.4117e-02,1.0250
2785.31,6.32916980e-04,7.266199e-03,7.351435e-06,-1.5365264616e-10,5.4973e-02,1.0250
2785.81,6.40587790e-04,7.231766e-03,7.470694e-06,-1.5365553274e-10,5.6083e-02,1.0250
2786.32,6.71289180e-04,7.188062e-03,7.567498e-06,-1.5365841932e-10,5.6732e-02,1.0250
2786.83,7.14574103e-04,7.136780e-03,7.657276e-06,-1.5365986261e-10,6.2944e-02,1.0250
2787.33,7.64794714e-04,7.078335e-03,7.753519e-06,-1.5366430350e-10,1.4906e-02,1.0250
2787.84,8.20683240e-04,7.012449e-03,7.863118e-06,-1.5370771322e-10,2.9996e-02,1.0312
2788.35,8.82482182e-04,6.942131e-03,7.983138e-06,-1.5390666519e-10,3.4502e-02,1.0375
2788.85,9.49323476e-04,6.868446e-03,8.104415e-06,-1.5415335675e-10,3.4541e-02,1.0375
2789.36,1.01841950e-03,6.792123e-03,8.219714e-06,-1.5439316492e-10,3.3154e-02,1.0437
2789.87,1.08590242e-03,6.715220e-03,8.328731e-06,-1.5487777727e-10,3.7633e-02,1.0437
2790.37,1.14828890e-03,6.637211e-03,8.436107e-06,-1.5494694416e-10,4.1050e-02,1.0437
2790.88,1.20369598e-03,6.558915e-03,8.545908e-06,-1.5507151119e-10,4.1349e-02,1.0437
2791.39,1.25252326e-03,6.481085e-03,8.657555e-06,-1.5507850559e-10,3.7045e-02,1.0500
2791.89,1.29773652e-03,6.406781e-03,8.765810e-06,-1.5508061502e-10,3.4142e-02,1.0500
2792.40,1.34476158e-03,6.337874e-03,8.861903e-06,-1.5508161422e-10,3.1827e-02,1.0500
2792.91,1.40093072e-03,6.276658e-03,8.935381e-06,-1.5508294648e-10,2.9766e-02,1.0500
2793.41,1.47400201e-03,6.225447e-03,8.977225e-06,-1.5508339057e-10,3.0085e-02,1.0500
2793.92,1.57072823e-03,6.186676e-03,8.982471e-06,-1.5508361262e-10,3.6930e-02,1.0500
2794.43,1.69384303e-03,6.162289e-03,8.950604e-06,-1.5508516693e-10,4.3735e-02,1.0500
2794.93,1.84010131e-03,6.153142e-03,8.883823e-06,-1.5508572204e-10,5.0500e-02,1.0500
2795.44,2.00013868e-03,6.158494e-03,8.785377e-06,-1.5508638818e-10,5.7225e-02,1.0500
2795.95,2.16171062e-03,6.175982e-03,8.659869e-06,-1.5508694329e-10,6.3909e-02,1.0500
2796.46,2.31257859e-03,6.202031e-03,8.514580e-06,-1.5508916373e-10,7.0553e-02,1.0500
2796.96,2.43712848e-03,6.232708e-03,8.359102e-06,-1.5508927476e-10,7.7155e-02,1.0500
2797.47,2.50836127e-03,6.264801e-03,8.202417e-06,-1.5509016293e-10,8.3717e-02,1.0500
2797.98,2.48890841e-03,6.296617e-03,8.050151e-06,-1.5509138418e-10,9.0237e-02,1.0500
2798.48,2.35295313e-03,6.327862e-03,7.905210e-06,-1.5509216134e-10,9.6715e-02,1.0500
2798.99,2.11881037e-03,6.359081e-03,7.771219e-06,-1.5509271645e-10,1.0315e-01,1.0500
2799.50,1.85392559e-03,6.390867e-03,7.654840e-06,-1.5509415974e-10,1.0955e-01,1.0500
2800.00,1.62994270e-03,6.423327e-03,7.564292e-06,-1.5516343765e-10,1.0564e-01,1.0437
2800.51,1.44844482e-03,6.455904e-03,7.505400e-06,-1.5516476992e-10,1.1210e-01,1.0437
2801.02,1.20164746e-03,6.487404e-03,7.478582e-06,-1.5516643526e-10,1.1851e-01,1.0437
2801.52,7.20314130e-04,6.516209e-03,7.478957e-06,-1.5516699037e-10,1.2488e-01,1.0437
2802.03,-1.06067208e-04,6.540588e-03,7.499279e-06,-1.5516821161e-10,1.3120e-01,1.0437
2802.54,-1.22246088e-03,6.558944e-03,7.533818e-06,-1.5516821161e-10,1.8745e-02,1.0437
2803.04,-2.40068838e-03,6.570030e-03,7.580705e-06,-1.5516876672e-10,2.0080e-02,1.0437
2803.55,-3.33595926e-03,6.573287e-03,7.641079e-06,-1.5517021001e-10,2.2432e-02,1.0437
2804.06,-3.77771576e-03,6.569058e-03,7.715470e-06,-1.5517198637e-10,2.2320e-02,1.0437
2804.56,-3.62165224e-03,6.558649e-03,7.800672e-06,-1.5517376273e-10,1.9919e-02,1.0437
2805.07,-2.93897303e-03,6.543948e-03,7.890072e-06,-1.5519563412e-10,1.5813e-02,1.0500
2805.58,-1.94532721e-03,6.526807e-03,7.976549e-06,-1.5519563412e-10,1.0703e-02,1.0500
2806.08,-9.24986598e-04,6.508448e-03,8.055304e-06,-1.5519718843e-10,1.1363e-02,1.0500
2806.59,-1.32043695e-04,6.489305e-03,8.124566e-06,-1.5519829866e-10,1.8220e-02,1.0500
2807.10,2.95145162e-04,6.468993e-03,8.184509e-06,-1.5519829866e-10,2.5131e-02,1.0500
2807.60,3.64965817e-04,6.445210e-03,8.235795e-06,-1.5519929786e-10,3.2004e-02,1.0500
2808.11,1.95374420e-04,6.419864e-03,8.278514e-06,-1.5520140728e-10,3.8838e-02,1.0500
2808.62,-6.29537062e-05,6.392467e-03,8.311492e-06,-1.5520162933e-10,4.5632e-02,1.0500
2809.12,-2.95846040e-04,6.361783e-03,8.332332e-06,-1.5520285057e-10,5.2386e-02,1.0500
2809.63,-4.56085881e-04,6.331307e-03,8.337865e-06,-1.5520262853e-10,5.9099e-02,1.0500
2810.14,-5.53230549e-04,6.301995e-03,8.324672e-06,-1.5520373875e-10,6.5772e-02,1.0500
2810.65,-6.21419435e-04,6.279943e-03,8.289271e-06,-1.5520484897e-10,7.2523e-02,1.0500
2811.15,-6.86564037e-04,6.265111e-03,8.228419e-06,-1.5520573715e-10,7.9735e-02,1.0500
2811.66,-7.49515676e-04,6.259052e-03,8.139251e-06,-1.5520706942e-10,8.6838e-02,1.0500
2812.17,-7.89077658e-04,6.262863e-03,8.019229e-06,-1.5520817964e-10,9.3753e-02,1.0500
2812.67,-7.79161257e-04,6.276284e-03,7.866474e-06,-1.5520862373e-10,1.0062e-01,1.0500
2813.18,-7.08296443e-04,6.300625e-03,7.680512e-06,-1.5527978903e-10,1.0739e-01,1.0437
2813.69,-5.90417475e-04,6.338239e-03,7.462709e-06,-1.5528056618e-10,1.1386e-01,1.0437
2814.19,-4.62244000e-04,6.387822e-03,7.215820e-06,-1.5528078823e-10,1.2026e-01,1.0437
2814.70,-3.68878538e-04,6.447411e-03,6.943228e-06,-1.5528189845e-10,1.2662e-01,1.0437
2815.21,-3.45520802e-04,6.512922e-03,6.648874e-06,-1.5528145436e-10,1.3293e-01,1.0437
2815.71,-4.03462035e-04,6.583369e-03,6.338161e-06,-1.5528356379e-10,8.9267e-02,1.0437
2816.22,-5.26412460e-04,6.652607e-03,6.018536e-06,-1.5528478503e-10,2.1523e-02,1.0437
2816.73,-6.79120041e-04,6.718922e-03,5.698287e-06,-1.5528611730e-10,2.3188e-02,1.0437
2817.23,-8.23493770e-04,6.778336e-03,5.384565e-06,-1.5536560927e-10,2.3692e-02,1.0437
2817.74,-9.32422651e-04,6.830169e-03,5.082975e-06,-1.5555812194e-10,2.2805e-02,1.0437
2818.25,-9.94304825e-04,6.875960e-03,4.799063e-06,-1.5625867267e-10,2.0367e-02,1.0437
2818.75,-1.01341828e-03,6.916942e-03,4.540943e-06,-1.5638956796e-10,1.6431e-02,1.0500
2819.26,-1.01392008e-03,6.951952e-03,4.321466e-06,-1.5639045614e-10,1.1312e-02,1.0500
2819.77,-1.04607123e-03,6.976987e-03,4.157528e-06,-1.5639001205e-10,1.2022e-02,1.0500
2820.27,-1.18027840e-03,6.986908e-03,4.065804e-06,-1.5639167739e-10,1.8965e-02,1.0500
2820.78,-1.47926946e-03,6.977034e-03,4.057391e-06,-1.5639278761e-10,2.5872e-02,1.0500
2821.29,-1.95948953e-03,6.945948e-03,4.133695e-06,-1.5639345374e-10,3.2741e-02,1.0500
2821.79,-2.56707433e-03,6.896759e-03,4.286795e-06,-1.5639478601e-10,3.9570e-02,1.0500
2822.30,-3.18807608e-03,6.840781e-03,4.504113e-06,-1.5639489703e-10,4.6360e-02,1.0500
2822.81,-3.68758329e-03,6.790385e-03,4.775170e-06,-1.5639678441e-10,5.3109e-02,1.0500
2823.32,-3.95797351e-03,6.753725e-03,5.092733e-06,-1.5639767259e-10,5.9819e-02,1.0500
2823.82,-3.95398639e-03,6.733502e-03,5.451502e-06,-1.5639800566e-10,6.6487e-02,1.0500
2824.33,-3.70542216e-03,6.729068e-03,5.845847e-06,-1.5639900486e-10,7.3115e-02,1.0500
2824.84,-3.30599439e-03,6.735988e-03,6.268656e-06,-1.5639978201e-10,7.9701e-02,1.0500
2825.34,-2.88210099e-03,6.747607e-03,6.712383e-06,-1.5640033713e-10,8.6247e-02,1.0500
2825.85,-2.55102273e-03,6.756089e-03,7.169448e-06,-1.5640166939e-10,9.2751e-02,1.0500
2826.36,-2.38286366e-03,6.749788e-03,7.632542e-06,-1.5640255757e-10,9.9213e-02,1.0500
2826.86,-2.38349018e-03,6.728153e-03,8.095377e-06,-1.5647305673e-10,1.0510e-01,1.0437
2827.37,-2.50498315e-03,6.690348e-03,8.551695e-06,-1.5647372287e-10,1.1169e-01,1.0437
2827.88,-2.67401267e-03,6.637626e-03,8.994592e-06,-1.5647538820e-10,1.1810e-01,1.0437
2828.38,-2.82170617e-03,6.575121e-03,9.417584e-06,-1.5647583229e-10,1.2447e-01,1.0437
2828.89,-2.89998030e-03,6.507252e-03,9.815149e-06,-1.5647705354e-10,1.3080e-01,1.0437
2829.40,-2.88457961e-03,6.439733e-03,1.018334e-05,-1.5647860785e-10,1.3708e-01,1.0437
2829.90,-2.76938436e-03,6.374914e-03,1.052028e-05,-1.5647916296e-10,1.4333e-01,1.0437
2830.41,-2.55910388e-03,6.322667e-03,1.082627e-05,-1.5647949603e-10,6.8298e-02,1.0437
2830.92,-2.26346342e-03,6.283849e-03,1.110318e-05,-1.5648005114e-10,4.3484e-02,1.0437
2831.42,-1.89283925e-03,6.259910e-03,1.135340e-05,-1.5669965325e-10,4.8839e-02,1.0437
2831.93,-1.46231039e-03,6.247809e-03,1.157898e-05,-1.5694834321e-10,4.9907e-02,1.0437
2832.44,-1.00061152e-03,6.243402e-03,1.178152e-05,-1.5706846934e-10,4.3882e-02,1.0500
2832.94,-5.57615226e-04,6.245258e-03,1.196238e-05,-1.5764312078e-10,3.9845e-02,1.0500
2833.45,-2.02478683e-04,6.250641e-03,1.212215e-05,-1.5865586622e-10,3.6560e-02,1.0500
2833.96,-2.27268457e-06,6.258051e-03,1.225986e-05,-1.5889778382e-10,3.3791e-02,1.0500
2834.46,1.13706620e-05,6.266766e-03,1.237287e-05,-1.5904288997e-10,3.1249e-02,1.0500
2834.97,-1.36318660e-04,6.276660e-03,1.245822e-05,-1.5904344508e-10,2.8773e-02,1.0500
2835.48,-3.68130148e-04,6.287745e-03,1.251428e-05,-1.5904466633e-10,2.5959e-02,1.0500
2835.98,-5.85253413e-04,6.299956e-03,1.254139e-05,-1.5904599859e-10,2.2386e-02,1.0500
2836.49,-7.01378865e-04,6.313925e-03,1.254110e-05,-1.5904644268e-10,2.5570e-02,1.0500
2837.00,-6.67319053e-04,6.330274e-03,1.251501e-05,-1.5904777495e-10,3.2591e-02,1.0500
2837.51,-4.77832660e-04,6.349347e-03,1.246370e-05,-1.5904788597e-10,3.9630e-02,1.0500
2838.01,-1.70051480e-04,6.371891e-03,1.238598e-05,-1.5904888517e-10,4.6667e-02,1.0500
2838.52,1.88657755e-04,6.398025e-03,1.227861e-05,-1.5904999540e-10,5.3701e-02,1.0500
2839.03,5.22868966e-04,6.428012e-03,1.213720e-05,-1.5905132766e-10,6.0734e-02,1.0500
2839.53,7.78417312e-04,6.461948e-03,1.195790e-05,-1.5905177175e-10,6.7767e-02,1.0500
2840.04,9.44469662e-04,6.499611e-03,1.173858e-05,-1.5905321504e-10,7.4801e-02,1.0500
2840.55,1.05028767e-03,6.540452e-03,1.147862e-05,-1.5905365913e-10,8.1587e-02,1.0500
2841.05,1.14058955e-03,6.583357e-03,1.117791e-05,-1.5905454731e-10,8.8372e-02,1.0500
2841.56,1.24605268e-03,6.626865e-03,1.083642e-05,-1.5905599060e-10,9.4916e-02,1.0500
2842.07,1.36772509e-03,6.669164e-03,1.045453e-05,-1.5905599060e-10,1.0137e-01,1.0500
2842.57,1.48221114e-03,6.707989e-03,1.003452e-05,-1.5905643469e-10,1.0777e-01,1.0500
2843.08,1.56367742e-03,6.741017e-03,9.580030e-06,-1.5905865514e-10,1.1414e-01,1.0500
2843.59,1.60437959e-03,6.765576e-03,9.095060e-06,-1.5905943229e-10,1.2046e-01,1.0500
2844.09,1.61830647e-03,6.780558e-03,8.582196e-06,-1.5906032047e-10,1.2674e-01,1.0500
2844.60,1.63360654e-03,6.784073e-03,8.043394e-06,-1.5906087558e-10,1.3298e-01,1.0500
2845.11,1.67880980e-03,6.774049e-03,7.481325e-06,-1.5906298501e-10,1.3918e-01,1.0500
2845.61,1.76813679e-03,6.756483e-03,6.899797e-06,-1.5906265194e-10,1.4533e-01,1.0500
2846.12,1.89746440e-03,6.729562e-03,6.302395e-06,-1.5906354012e-10,1.5145e-01,1.0500
2846.63,2.05086987e-03,6.694383e-03,5.698971e-06,-1.5913470541e-10,1.5003e-01,1.0437
2847.13,2.20984232e-03,6.653114e-03,5.101417e-06,-1.5913514950e-10,1.5618e-01,1.0437
2847.64,2.36108025e-03,6.609875e-03,4.521576e-06,-1.5913592666e-10,1.6229e-01,1.0437
2848.15,2.50291009e-03,6.572465e-03,3.972017e-06,-1.5913725893e-10,1.6835e-01,1.0437
2848.65,2.64727812e-03,6.553773e-03,3.472853e-06,-1.5920686991e-10,1.7399e-01,1.0375
2849.16,2.81380565e-03,6.562712e-03,3.045129e-06,-1.5920742502e-10,1.8003e-01,1.0375
2849.67,3.01795800e-03,6.603779e-03,2.727511e-06,-1.5927592578e-10,2.3425e-02,1.0312
2850.17,3.26266486e-03,6.675917e-03,2.564104e-06,-1.5927936747e-10,1.8306e-02,1.0312
2850.68,3.53925022e-03,6.765639e-03,2.573972e-06,-1.5928391939e-10,1.8459e-02,1.0312
2851.19,3.83458474e-03,6.847532e-03,2.746098e-06,-1.5928969255e-10,2.2326e-02,1.0312
2851.70,4.13744863e-03,6.904512e-03,3.037924e-06,-1.5929546571e-10,2.8351e-02,1.0312
2852.20,4.44020379e-03,6.936085e-03,3.407626e-06,-1.5929879638e-10,3.3287e-02,1.0312
2852.71,4.73454339e-03,6.945818e-03,3.828727e-06,-1.5930312625e-10,3.7500e-02,1.0312
2853.22,5.00342504e-03,6.935323e-03,4.289614e-06,-1.5930601283e-10,4.3300e-02,1.0312
2853.72,5.21614696e-03,6.906913e-03,4.781351e-06,-1.5930767816e-10,4.8430e-02,1.0312
2854.23,5.33298269e-03,6.863982e-03,5.289606e-06,-1.5931045372e-10,5.2535e-02,1.0312
2854.74,5.31953827e-03,6.811993e-03,5.797155e-06,-1.5931123087e-10,5.8769e-02,1.0312
2855.24,5.16109134e-03,6.758777e-03,6.294411e-06,-1.5931278519e-10,5.5917e-02,1.0312
2855.75,4.86597652e-03,6.714090e-03,6.777171e-06,-1.5931400643e-10,6.1643e-02,1.0312
2856.26,4.45774019e-03,6.685718e-03,7.244609e-06,-1.5931489461e-10,6.7708e-02,1.0312
2856.76,3.96733357e-03,6.678863e-03,7.695302e-06,-1.5931622688e-10,2.8080e-02,1.0312
2857.27,3.43372168e-03,6.698176e-03,8.125690e-06,-1.5931866937e-10,2.2368e-02,1.0312
2857.78,2.90594477e-03,6.736016e-03,8.529754e-06,-1.5932666297e-10,4.3313e-03,1.0312
2858.28,2.43142391e-03,6.779106e-03,8.901434e-06,-1.5932921649e-10,5.8126e-03,1.0375
2858.79,2.02846884e-03,6.822678e-03,9.235983e-06,-1.5933154796e-10,1.0175e-02,1.0375
2859.30,1.66342485e-03,6.864673e-03,9.530411e-06,-1.5933165898e-10,1.4087e-02,1.0375
2859.80,1.25914062e-03,6.904056e-03,9.783326e-06,-1.5933387942e-10,2.1189e-02,1.0375
2860.31,7.43411334e-04,6.940087e-03,9.994287e-06,-1.5933276920e-10,2.8251e-02,1.0375
2860.82,1.06169161e-04,6.973595e-03,1.016338e-05,-1.5933421249e-10,3.5273e-02,1.0375
2861.32,-5.73236294e-04,7.002759e-03,1.029139e-05,-1.5933598885e-10,1.7273e-02,1.0375
2861.83,-1.15402480e-03,7.027474e-03,1.038016e-05,-1.5941203912e-10,2.3480e-02,1.0375
2862.34,-1.49828548e-03,7.047241e-03,1.043248e-05,-1.5965428979e-10,2.2924e-02,1.0437
2862.84,-1.53290480e-03,7.062338e-03,1.045128e-05,-1.5965495592e-10,2.7072e-02,1.0437
2863.35,-1.27996837e-03,7.073395e-03,1.043891e-05,-1.5965628819e-10,2.4608e-02,1.0437
2863.86,-8.45694724e-04,7.082017e-03,1.039732e-05,-1.5965706535e-10,2.5793e-02,1.0437
2864.36,-3.79748963e-04,7.088912e-03,1.032951e-05,-1.5965873068e-10,2.5387e-02,1.0437
2864.87,-2.33240015e-05,7.093870e-03,1.024054e-05,-1.5965873068e-10,2.3626e-02,1.0437
2865.38,1.30936341e-04,7.095879e-03,1.013712e-05,-1.5966039602e-10,2.0905e-02,1.0437
2865.89,5.43569423e-05,7.093841e-03,1.002553e-05,-1.5966206135e-10,1.7569e-02,1.0437
2866.39,-2.26284573e-04,7.087169e-03,9.909436e-06,-1.5966239442e-10,2.2233e-02,1.0437
2866.90,-6.50612235e-04,7.076081e-03,9.789214e-06,-1.5966294953e-10,2.9351e-02,1.0437
2867.41,-1.15018804e-03,7.061270e-03,9.663300e-06,-1.5966461486e-10,3.6477e-02,1.0437
2867.91,-1.67131774e-03,7.043435e-03,9.531002e-06,-1.5966528100e-10,4.3598e-02,1.0437
2868.42,-2.18934124e-03,7.022663e-03,9.394842e-06,-1.5966616917e-10,5.0717e-02,1.0437
2868.93,-2.70381923e-03,6.998558e-03,9.260503e-06,-1.5966661326e-10,5.7835e-02,1.0437
2869.43,-3.21634288e-03,6.970744e-03,9.134178e-06,-1.5966727940e-10,6.4952e-02,1.0437
2869.94,-3.70055010e-03,6.939430e-03,9.019525e-06,-1.5966905575e-10,7.2069e-02,1.0437
2870.45,-4.08960236e-03,6.905467e-03,8.916971e-06,-1.5966938882e-10,7.8921e-02,1.0437
2870.95,-4.29279392e-03,6.869861e-03,8.825824e-06,-1.5967049904e-10,8.5693e-02,1.0437
2871.46,-4.23654065e-03,6.833164e-03,8.747211e-06,-1.5967205336e-10,9.2279e-02,1.0437
2871.97,-3.90682312e-03,6.795042e-03,8.685593e-06,-1.5967205336e-10,9.8821e-02,1.0437
2872.47,-3.36884511e-03,6.754399e-03,8.648172e-06,-1.5967271949e-10,1.0532e-01,1.0437
2872.98,-2.75122035e-03,6.710028e-03,8.642811e-06,-1.5967405176e-10,1.1178e-01,1.0437
2873.49,-2.19897185e-03,6.661160e-03,8.675854e-06,-1.5967460687e-10,1.1819e-01,1.0437
2873.99,-1.81628185e-03,6.607617e-03,8.750324e-06,-1.5967493994e-10,1.2456e-01,1.0437
2874.50,-1.62806425e-03,6.550779e-03,8.865383e-06,-1.5967671629e-10,1.3089e-01,1.0437
2875.01,-1.57989718e-03,6.492893e-03,9.016782e-06,-1.5967804856e-10,1.3717e-01,1.0437
2875.51,-1.57271288e-03,6.436380e-03,9.197309e-06,-1.5967815958e-10,1.4341e-01,1.0437
2876.02,-1.50992933e-03,6.383372e-03,9.396763e-06,-1.5967915878e-10,1.4961e-01,1.0437
2876.53,-1.33372373e-03,6.335508e-03,9.601833e-06,-1.5975099021e-10,1.4936e-01,1.0375
2877.03,-1.03904173e-03,6.293580e-03,9.796950e-06,-1.5975054612e-10,1.5559e-01,1.0375
2877.54,-6.67068778e-04,6.258684e-03,9.966070e-06,-1.5975187839e-10,1.6177e-01,1.0375
2878.05,-2.86443751e-04,6.230594e-03,1.009501e-05,-1.5975365475e-10,8.3255e-03,1.0375
2878.55,2.90407622e-05,6.209952e-03,1.017365e-05,-1.5975520906e-10,1.6858e-02,1.0375
2879.06,2.19081298e-04,6.196352e-03,1.019711e-05,-1.5975643031e-10,1.7108e-02,1.0375
2879.57,2.48409371e-04,6.190348e-03,1.016541e-05,-1.5980650137e-10,2.4395e-02,1.0437
2880.08,1.11136602e-04,6.191554e-03,1.008160e-05,-1.5980738954e-10,2.3325e-02,1.0437
2880.58,-1.71030507e-04,6.200374e-03,9.949687e-06,-1.5980738954e-10,2.2836e-02,1.0437
2881.09,-5.55331460e-04,6.217187e-03,9.773691e-06,-1.5980960999e-10,2.7373e-02,1.0437
2881.60,-9.84955263e-04,6.241363e-03,9.557225e-06,-1.5980949897e-10,2.5722e-02,1.0437
2882.10,-1.39964598e-03,6.273148e-03,9.302286e-06,-1.5981094226e-10,2.8397e-02,1.0437
2882.61,-1.74391480e-03,6.311697e-03,9.007154e-06,-1.5981183044e-10,2.9778e-02,1.0437
2883.12,-1.97636839e-03,6.356183e-03,8.665796e-06,-1.5981260759e-10,2.9899e-02,1.0437
2883.62,-2.07512984e-03,6.405319e-03,8.270909e-06,-1.5981505008e-10,2.9049e-02,1.0437
2884.13,-2.03777639e-03,6.457150e-03,7.819620e-06,-1.5981749257e-10,2.7513e-02,1.0437
2884.64,-1.88014992e-03,6.509059e-03,7.318256e-06,-1.5981838075e-10,2.5501e-02,1.0437
2885.14,-1.63179178e-03,6.558141e-03,6.783188e-06,-1.5982026813e-10,2.4558e-02,1.0437
2885.65,-1.33123564e-03,6.601796e-03,6.237218e-06,-1.5982060120e-10,3.0979e-02,1.0437
2886.16,-1.01997398e-03,6.638333e-03,5.702834e-06,-1.5982259960e-10,3.7323e-02,1.0437
2886.66,-7.35633837e-04,6.667309e-03,5.194975e-06,-1.5982259960e-10,4.3836e-02,1.0437
2887.17,-5.05369172e-04,6.689453e-03,4.717347e-06,-1.5982359880e-10,5.0974e-02,1.0437
2887.68,-3.39229223e-04,6.706202e-03,4.265893e-06,-1.5982526413e-10,5.8096e-02,1.0437
2888.18,-2.27513040e-04,6.719069e-03,3.838598e-06,-1.5982581925e-10,6.5214e-02,1.0437
2888.69,-1.45839571e-04,6.728931e-03,3.445487e-06,-1.5982692947e-10,7.2387e-02,1.0437
2889.20,-6.15404926e-05,6.736538e-03,3.111709e-06,-1.5982792867e-10,7.9491e-02,1.0437
2889.70,5.64710962e-05,6.741971e-03,2.870247e-06,-1.5982826174e-10,8.6411e-02,1.0437
2890.21,2.30108856e-04,6.744868e-03,2.746679e-06,-1.5982926094e-10,9.3340e-02,1.0437
2890.72,4.71198130e-04,6.745286e-03,2.745936e-06,-1.5983103729e-10,1.0007e-01,1.0437
2891.22,7.83806889e-04,6.743094e-03,2.852934e-06,-1.5983059320e-10,1.0657e-01,1.0437
2891.73,1.16807160e-03,6.738204e-03,3.044869e-06,-1.5983292467e-10,1.1301e-01,1.0437
2892.24,1.62403311e-03,6.730939e-03,3.300586e-06,-1.5983259161e-10,1.1942e-01,1.0437
2892.74,2.15204306e-03,6.721039e-03,3.600995e-06,-1.5983392387e-10,1.2578e-01,1.0437
2893.25,2.74894283e-03,6.708376e-03,3.926521e-06,-1.5983503410e-10,1.3210e-01,1.0437
2893.76,3.40093733e-03,6.693331e-03,4.258236e-06,-1.5983614432e-10,1.3838e-01,1.0437
2894.27,4.07021942e-03,6.676113e-03,4.581657e-06,-1.5983681045e-10,1.4461e-01,1.0437
2894.77,4.68429891e-03,6.656729e-03,4.889841e-06,-1.5983792068e-10,1.5080e-01,1.0437
2895.28,5.14409770e-03,6.634931e-03,5.183016e-06,-1.5983725454e-10,1.5694e-01,1.0437
2895.79,5.35487731e-03,6.610266e-03,5.465412e-06,-1.5991064028e-10,1.1908e-01,1.0375
2896.29,5.27981732e-03,6.582343e-03,5.740642e-06,-1.5991108437e-10,1.2563e-01,1.0375
2896.80,4.95875134e-03,6.550675e-03,6.008916e-06,-1.5991197255e-10,1.3605e-02,1.0375
2897.31,4.45912303e-03,6.515088e-03,6.266855e-06,-1.5991385993e-10,2.8622e-02,1.0375
2897.81,3.77247000e-03,6.474906e-03,6.509877e-06,-1.5991596936e-10,3.1424e-02,1.0375
2898.32,2.76193448e-03,6.429836e-03,6.733424e-06,-1.5991574731e-10,3.5680e-02,1.0375
2898.83,1.23921989e-03,6.379862e-03,6.934472e-06,-1.5991774571e-10,3.7973e-02,1.0375
2899.33,-8.59360121e-04,6.324922e-03,7.111494e-06,-1.5991818980e-10,3.7032e-02,1.0375
2899.84,-3.33846105e-03,6.265520e-03,7.266301e-06,-1.5991918900e-10,4.1659e-02,1.0375
2900.35,-5.78594779e-03,6.204160e-03,7.401085e-06,-1.5992074331e-10,3.7520e-02,1.0375
2900.85,-7.73536516e-03,6.145906e-03,7.517332e-06,-1.5992318581e-10,2.1442e-02,1.0375
2901.36,-8.81816387e-03,6.100908e-03,7.617976e-06,-1.5992718261e-10,2.1244e-02,1.0375
2901.87,-8.83951519e-03,6.079322e-03,7.703183e-06,-1.5993051328e-10,2.7941e-02,1.0375
2902.37,-7.80921469e-03,6.086642e-03,7.775245e-06,-1.5993173452e-10,3.3114e-02,1.0375
2902.88,-5.93127624e-03,6.120297e-03,7.835530e-06,-1.5993395497e-10,3.8435e-02,1.0375
2903.39,-3.59836634e-03,6.165657e-03,7.887186e-06,-1.5993595337e-10,4.4974e-02,1.0375
2903.89,-1.31912691e-03,6.207419e-03,7.931697e-06,-1.5993706359e-10,5.1499e-02,1.0375
2904.40,4.13332182e-04,6.237590e-03,7.968647e-06,-1.5993772973e-10,5.7605e-02,1.0375
2904.91,1.28831024e-03,6.257283e-03,7.996649e-06,-1.5993917302e-10,6.4808e-02,1.0375
2905.41,1.26150069e-03,6.272075e-03,8.014937e-06,-1.5993939506e-10,7.2045e-02,1.0375
2905.92,5.08132885e-04,6.288581e-03,8.024562e-06,-1.5994072733e-10,7.9273e-02,1.0375
2906.43,-6.99389268e-04,6.312229e-03,8.026462e-06,-1.5994094937e-10,8.6562e-02,1.0375
2906.94,-2.08949690e-03,6.344918e-03,8.020687e-06,-1.5994261471e-10,9.3512e-02,1.0375
2907.44,-3.42495487e-03,6.388949e-03,8.007790e-06,-1.5994439106e-10,1.0059e-01,1.0375
2907.95,-4.50287281e-03,6.442111e-03,7.989892e-06,-1.5994428004e-10,1.0749e-01,1.0375
2908.46,-5.15914275e-03,6.502876e-03,7.970822e-06,-1.5994572333e-10,1.1424e-01,1.0375
2908.96,-5.28956176e-03,6.570681e-03,7.954373e-06,-1.5994605640e-10,1.2072e-01,1.0375
2909.47,-4.87518570e-03,6.643447e-03,7.941846e-06,-1.5994716662e-10,1.2715e-01,1.0375
2909.98,-3.99600565e-03,6.718242e-03,7.932683e-06,-1.5994738867e-10,1.3353e-01,1.0375
2910.48,-2.82272441e-03,6.790227e-03,7.928234e-06,-1.5994883196e-10,1.3987e-01,1.0375
2910.99,-1.58145536e-03,6.855015e-03,7.931796e-06,-1.5994938707e-10,1.4617e-01,1.0375
2911.50,-4.95472877e-04,6.910289e-03,7.947358e-06,-1.5994983116e-10,1.5242e-01,1.0375
2912.00,2.78520150e-04,6.956254e-03,7.977737e-06,-1.5995171854e-10,1.5862e-01,1.0375
2912.51,6.90825799e-04,6.994853e-03,8.023155e-06,-1.5995216263e-10,1.6478e-01,1.0375
2913.02,7.95601865e-04,7.027713e-03,8.080472e-06,-1.6002055236e-10,1.2510e-01,1.0312
2913.52,7.08521813e-04,7.056669e-03,8.143174e-06,-1.6002121850e-10,1.3157e-01,1.0312
2914.03,5.52779752e-04,7.083277e-03,8.203046e-06,-1.6002188463e-10,1.3800e-01,1.0312
2914.54,4.17958125e-04,7.108680e-03,8.253250e-06,-1.6002188463e-10,1.4438e-01,1.0312
2915.04,3.46411395e-04,7.133778e-03,8.290707e-06,-1.6002388303e-10,1.5072e-01,1.0312
2915.55,3.40835856e-04,7.157187e-03,8.316406e-06,-1.6002443815e-10,1.5701e-01,1.0312
2916.06,3.80817438e-04,7.180725e-03,8.333784e-06,-1.6002565939e-10,1.6326e-01,1.0312
2916.56,4.40575314e-04,7.206773e-03,8.347481e-06,-1.6002710268e-10,1.6945e-01,1.0312
2917.07,4.98782632e-04,7.232528e-03,8.363098e-06,-1.6002721370e-10,1.7561e-01,1.0312
2917.58,5.44767856e-04,7.256875e-03,8.387123e-06,-1.6025292204e-10,3.6925e-02,1.0250
2918.08,5.79780235e-04,7.275518e-03,8.426210e-06,-1.6033507855e-10,4.0803e-02,1.0250
2918.59,6.13695022e-04,7.286626e-03,8.485461e-06,-1.6038070871e-10,4.5276e-02,1.0250
2919.10,6.58368446e-04,7.286232e-03,8.566655e-06,-1.6040579975e-10,4.8920e-02,1.0250
2919.60,7.17957700e-04,7.275292e-03,8.667888e-06,-1.6041878936e-10,5.5465e-02,1.0250
2920.11,7.85863392e-04,7.252885e-03,8.784764e-06,-1.6042500661e-10,6.2211e-02,1.0250
2920.62,8.51099644e-04,7.221301e-03,8.912386e-06,-1.6042778217e-10,6.8450e-02,1.0250
2921.13,9.08807901e-04,7.181325e-03,9.046685e-06,-1.6044676698e-10,1.5798e-02,1.0312
2921.63,9.66020590e-04,7.136632e-03,9.184084e-06,-1.6058776531e-10,2.4924e-02,1.0312
2922.14,1.03772693e-03,7.090540e-03,9.319912e-06,-1.6072310149e-10,3.5663e-02,1.0375
2922.65,1.13701124e-03,7.042811e-03,9.446790e-06,-1.6098788969e-10,3.2968e-02,1.0375
2923.15,1.26565556e-03,6.998802e-03,9.553997e-06,-1.6127676972e-10,3.8355e-02,1.0437
2923.66,1.41299526e-03,6.960332e-03,9.628037e-06,-1.6157719607e-10,4.2591e-02,1.0437
2924.17,1.56324795e-03,6.929863e-03,9.654237e-06,-1.6205281561e-10,4.4046e-02,1.0437
2924.67,1.70360686e-03,6.908252e-03,9.619072e-06,-1.6205903286e-10,3.9781e-02,1.0500
2925.18,1.82877115e-03,6.896543e-03,9.512424e-06,-1.6206014308e-10,3.7207e-02,1.0500
2925.69,1.93946529e-03,6.893594e-03,9.329050e-06,-1.6206136433e-10,3.5387e-02,1.0500
2926.19,2.03881266e-03,6.897467e-03,9.070260e-06,-1.6206225251e-10,3.3941e-02,1.0500
2926.70,2.12659825e-03,6.905814e-03,8.747112e-06,-1.6206325171e-10,3.2654e-02,1.0500
2927.21,2.19690555e-03,6.916029e-03,8.382181e-06,-1.6206325171e-10,3.3907e-02,1.0500
2927.71,2.23824105e-03,6.926049e-03,8.003115e-06,-1.6206491704e-10,4.0730e-02,1.0500
2928.22,2.23665199e-03,6.935577e-03,7.626240e-06,-1.6206613829e-10,4.7513e-02,1.0500
2928.73,2.17857120e-03,6.946244e-03,7.242107e-06,-1.6206658238e-10,5.4255e-02,1.0500
2929.23,2.05544649e-03,6.960390e-03,6.820067e-06,-1.6206880282e-10,6.0957e-02,1.0500
2929.74,1.86782142e-03,6.979192e-03,6.333455e-06,-1.6206747055e-10,6.7619e-02,1.0500
2930.25,1.62686259e-03,7.001130e-03,5.787524e-06,-1.6206980202e-10,7.4239e-02,1.0500
2930.75,1.35370184e-03,7.022595e-03,5.230505e-06,-1.6207046816e-10,8.0819e-02,1.0500
2931.26,1.07624645e-03,7.039758e-03,4.738569e-06,-1.6207168940e-10,8.7357e-02,1.0500
2931.77,8.24332368e-04,7.050696e-03,4.376681e-06,-1.6214107834e-10,8.0964e-02,1.0437
2932.27,6.24380978e-04,7.055788e-03,4.158129e-06,-1.6214263265e-10,8.7837e-02,1.0437
2932.78,4.95034316e-04,7.056937e-03,4.043474e-06,-1.6214329879e-10,9.4710e-02,1.0437
2933.29,4.44581987e-04,7.055656e-03,3.986725e-06,-1.6214440901e-10,1.0138e-01,1.0437
2933.79,4.70375896e-04,7.051886e-03,3.980170e-06,-1.6214463106e-10,1.0786e-01,1.0437
2934.30,5.60500494e-04,7.044074e-03,4.055702e-06,-1.6214540821e-10,1.1430e-01,1.0437
2934.81,6.97113004e-04,7.030554e-03,4.249592e-06,-1.6214662946e-10,1.2070e-01,1.0437
2935.32,8.60751693e-04,7.010732e-03,4.566486e-06,-1.6214729559e-10,1.2705e-01,1.0437
2935.82,1.03463293e-03,6.985256e-03,4.976229e-06,-1.6214807275e-10,1.3337e-01,1.0437
2936.33,1.20765087e-03,6.955512e-03,5.436648e-06,-1.6214907195e-10,1.3963e-01,1.0437
2936.84,1.37504546e-03,6.922804e-03,5.914970e-06,-1.6214973808e-10,1.4586e-01,1.0437
2937.34,1.53689368e-03,6.887149e-03,6.394656e-06,-1.6215118137e-10,1.5204e-01,1.0437
2937.85,1.69407167e-03,6.846074e-03,6.871523e-06,-1.6215184750e-10,1.5817e-01,1.0437
2938.36,1.84584038e-03,6.799299e-03,7.346679e-06,-1.6222190258e-10,1.4551e-01,1.0375
2938.86,1.98867346e-03,6.750468e-03,7.819721e-06,-1.6222312382e-10,1.5176e-01,1.0375
2939.37,2.11830759e-03,6.696130e-03,8.286832e-06,-1.6222512222e-10,1.5797e-01,1.0375
2939.88,2.23220145e-03,6.638253e-03,8.741937e-06,-1.6222578836e-10,1.6414e-01,1.0375
2940.38,2.33164333e-03,6.577524e-03,9.179289e-06,-1.6222512222e-10,1.7026e-01,1.0375
2940.89,2.42070240e-03,6.516236e-03,9.594928e-06,-1.6233503430e-10,4.4441e-02,1.0312
2941.40,2.50427128e-03,6.455488e-03,9.986882e-06,-1.6234114053e-10,5.1435e-02,1.0312
2941.90,2.58546969e-03,6.397690e-03,1.035501e-05,-1.6234447120e-10,5.7784e-02,1.0312
2942.41,2.66507380e-03,6.347416e-03,1.069987e-05,-1.6234857902e-10,5.9802e-02,1.0312
2942.92,2.74114689e-03,6.309856e-03,1.102089e-05,-1.6235079947e-10,5.9479e-02,1.0312
2943.42,2.81044846e-03,6.287903e-03,1.131640e-05,-1.6235368605e-10,5.4877e-02,1.0312
2943.93,2.86934416e-03,6.280291e-03,1.158379e-05,-1.6235623956e-10,5.3579e-02,1.0312
2944.44,2.91415158e-03,6.283054e-03,1.182013e-05,-1.6235690570e-10,5.9067e-02,1.0312
2944.94,2.94134738e-03,6.292761e-03,1.202259e-05,-1.6236467726e-10,1.5098e-02,1.0312
2945.45,2.94762697e-03,6.308448e-03,1.218909e-05,-1.6253443036e-10,1.3230e-02,1.0437
2945.96,2.92966386e-03,6.332543e-03,1.231922e-05,-1.6253665081e-10,3.0853e-02,1.0437
2946.46,2.88243190e-03,6.364966e-03,1.241456e-05,-1.6253554058e-10,2.7666e-02,1.0437
2946.97,2.79634435e-03,6.405859e-03,1.247781e-05,-1.6253798307e-10,3.3282e-02,1.0437
2947.48,2.65847857e-03,6.451456e-03,1.251117e-05,-1.6274426251e-10,2.8146e-02,1.0437
2947.98,2.46588520e-03,6.499216e-03,1.251517e-05,-1.6295897964e-10,3.0023e-02,1.0500
2948.49,2.24896157e-03,6.545893e-03,1.248902e-05,-1.6296008987e-10,3.0403e-02,1.0500
2949.00,2.08051097e-03,6.591104e-03,1.243159e-05,-1.6296031191e-10,2.9092e-02,1.0500
2949.51,2.03714951e-03,6.636489e-03,1.234215e-05,-1.6296164418e-10,2.6242e-02,1.0500
2950.01,2.11065825e-03,6.682655e-03,1.222103e-05,-1.6296297645e-10,2.2222e-02,1.0500
2950.52,2.12784363e-03,6.726167e-03,1.206975e-05,-1.6296375360e-10,1.7647e-02,1.0500
2951.03,1.77309221e-03,6.759643e-03,1.189089e-05,-1.6296375360e-10,2.1443e-02,1.0500
2951.53,7.57449065e-04,6.775824e-03,1.168734e-05,-1.6296630712e-10,2.8338e-02,1.0500
2952.04,-9.63015913e-04,6.766357e-03,1.146206e-05,-1.6296597405e-10,3.5194e-02,1.0500
2952.55,-3.09921139e-03,6.730898e-03,1.121603e-05,-1.6296697325e-10,4.2010e-02,1.0500
2953.05,-5.14457428e-03,6.683279e-03,1.094833e-05,-1.6296775041e-10,4.8786e-02,1.0500
2953.56,-6.58893870e-03,6.638471e-03,1.065765e-05,-1.6296908267e-10,5.5522e-02,1.0500
2954.07,-7.08375021e-03,6.608301e-03,1.034367e-05,-1.6297063699e-10,6.2216e-02,1.0500
2954.57,-6.52246601e-03,6.599296e-03,1.000777e-05,-1.6297130312e-10,6.8870e-02,1.0500
2955.08,-5.05824005e-03,6.612525e-03,9.652412e-06,-1.6297141414e-10,7.5483e-02,1.0500
2955.59,-3.08197478e-03,6.644358e-03,9.279978e-06,-1.6297185823e-10,8.2055e-02,1.0500
2956.09,-1.14574204e-03,6.688469e-03,8.892667e-06,-1.6297407868e-10,8.8586e-02,1.0500
2956.60,2.03000929e-04,6.734918e-03,8.492355e-06,-1.6297441174e-10,9.5075e-02,1.0500
2957.11,6.27756452e-04,6.774119e-03,8.080973e-06,-1.6297574401e-10,1.0152e-01,1.0500
2957.61,1.21674515e-04,6.798953e-03,7.660612e-06,-1.6297596606e-10,1.0793e-01,1.0500
2958.12,-1.04349480e-03,6.805084e-03,7.233532e-06,-1.6297740935e-10,1.1429e-01,1.0500
2958.63,-2.48698625e-03,6.790847e-03,6.801713e-06,-1.6304813055e-10,1.1591e-01,1.0437
2959.13,-3.87611618e-03,6.757485e-03,6.366797e-06,-1.6304857464e-10,1.2229e-01,1.0437
2959.64,-4.99300036e-03,6.709748e-03,5.930610e-06,-1.6304924078e-10,1.2864e-01,1.0437
2960.15,-5.72106002e-03,6.654960e-03,5.495745e-06,-1.6305157224e-10,1.3494e-01,1.0437
2960.65,-6.00642891e-03,6.597051e-03,5.066714e-06,-1.6305268247e-10,1.4119e-01,1.0437
2961.16,-5.84017623e-03,6.550118e-03,4.650637e-06,-1.6305445882e-10,6.9077e-02,1.0437
2961.67,-5.26446258e-03,6.514243e-03,4.257969e-06,-1.6305445882e-10,4.3724e-02,1.0437
2962.17,-4.38175605e-03,6.490414e-03,3.903918e-06,-1.6321521912e-10,4.2742e-02,1.0437
2962.68,-3.35485670e-03,6.477153e-03,3.609382e-06,-1.6348611354e-10,4.2267e-02,1.0500
2963.19,-2.38633843e-03,6.471379e-03,3.400350e-06,-1.6364221089e-10,4.1182e-02,1.0500
2963.70,-1.66425416e-03,6.469483e-03,3.304172e-06,-1.6430812266e-10,3.9734e-02,1.0500
2964.20,-1.29459263e-03,6.468233e-03,3.341039e-06,-1.6480006249e-10,3.7982e-02,1.0500
2964.71,-1.27125350e-03,6.465323e-03,3.514481e-06,-1.6490409038e-10,3.5929e-02,1.0500
2965.22,-1.49908910e-03,6.459536e-03,3.809396e-06,-1.6490453447e-10,3.3574e-02,1.0500
2965.72,-1.84542231e-03,6.450481e-03,4.199795e-06,-1.6490619981e-10,3.0933e-02,1.0500
2966.23,-2.19081024e-03,6.438357e-03,4.658686e-06,-1.6490786514e-10,2.8044e-02,1.0500
2966.74,-2.46187116e-03,6.424126e-03,5.163536e-06,-1.6490886434e-10,2.5156e-02,1.0500
2967.24,-2.63733482e-03,6.409031e-03,5.696939e-06,-1.6490875332e-10,3.2179e-02,1.0500
2967.75,-2.73040934e-03,6.394146e-03,6.245037e-06,-1.6490986354e-10,3.9218e-02,1.0500
2968.26,-2.76265382e-03,6.380271e-03,6.795692e-06,-1.6491130683e-10,4.6255e-02,1.0500
2968.76,-2.74471626e-03,6.367409e-03,7.337301e-06,-1.6491130683e-10,5.3289e-02,1.0500
2969.27,-2.67312710e-03,6.356606e-03,7.858364e-06,-1.6491297217e-10,6.0322e-02,1.0500
2969.78,-2.53724756e-03,6.348624e-03,8.347658e-06,-1.6491430443e-10,6.7355e-02,1.0500
2970.28,-2.32964304e-03,6.344110e-03,8.794639e-06,-1.6491474852e-10,7.4389e-02,1.0500
2970.79,-2.06071552e-03,6.344448e-03,9.189989e-06,-1.6491552568e-10,8.1179e-02,1.0500
2971.30,-1.76185249e-03,6.350088e-03,9.526434e-06,-1.6491696897e-10,8.7964e-02,1.0500
2971.80,-1.47887781e-03,6.360832e-03,9.799629e-06,-1.6491752408e-10,9.4511e-02,1.0500
2972.31,-1.25349858e-03,6.376123e-03,1.000859e-05,-1.6491874533e-10,1.0096e-01,1.0500
2972.82,-1.10652867e-03,6.395325e-03,1.015538e-05,-1.6491963351e-10,1.0737e-01,1.0500
2973.32,-1.03432450e-03,6.417007e-03,1.024469e-05,-1.6492063271e-10,1.1374e-01,1.0500
2973.83,-1.01264413e-03,6.439463e-03,1.028348e-05,-1.6492074373e-10,1.2007e-01,1.0500
2974.34,-1.00654833e-03,6.460683e-03,1.028017e-05,-1.6492252009e-10,1.2635e-01,1.0500
2974.84,-9.80970038e-04,6.479014e-03,1.024058e-05,-1.6492285315e-10,1.3259e-01,1.0500
2975.35,-9.12723601e-04,6.493571e-03,1.016466e-05,-1.6492429644e-10,1.3879e-01,1.0500
2975.86,-7.94105072e-04,6.504132e-03,1.004798e-05,-1.6492462951e-10,1.4495e-01,1.0500
2976.36,-6.29676766e-04,6.510318e-03,9.888650e-06,-1.6492562871e-10,1.5107e-01,1.0500
2976.87,-4.34512421e-04,6.511028e-03,9.695752e-06,-1.6499790423e-10,1.5220e-01,1.0437
2977.38,-2.29434796e-04,6.501360e-03,9.488377e-06,-1.6499890343e-10,1.5833e-01,1.0437
2977.89,-3.28082644e-05,6.483599e-03,9.288640e-06,-1.6499890343e-10,1.6442e-01,1.0437
2978.39,1.47507619e-04,6.459748e-03,9.111081e-06,-1.6500034672e-10,1.7047e-01,1.0437
2978.90,3.14333310e-04,6.428403e-03,8.958730e-06,-1.6506862544e-10,1.7209e-01,1.0375
2979.41,4.75281018e-04,6.394152e-03,8.821947e-06,-1.6506973566e-10,1.7815e-01,1.0375
2979.91,6.33731711e-04,6.363852e-03,8.688051e-06,-1.6517787138e-10,4.2469e-02,1.0312
2980.42,7.83382884e-04,6.351399e-03,8.555837e-06,-1.6520163015e-10,4.3861e-02,1.0312
2980.93,9.14906844e-04,6.365565e-03,8.433934e-06,-1.6521151114e-10,4.6511e-02,1.0312
2981.43,1.02890657e-03,6.411480e-03,8.338418e-06,-1.6521739532e-10,5.2981e-02,1.0312
2981.94,1.14014526e-03,6.484472e-03,8.279096e-06,-1.6522272439e-10,5.6430e-02,1.0312
2982.45,1.27167914e-03,6.568757e-03,8.253779e-06,-1.6522638813e-10,6.2988e-02,1.0312
2982.95,1.44277782e-03,6.637213e-03,8.253438e-06,-1.6522894164e-10,3.9927e-02,1.0312
2983.46,1.66066644e-03,6.676170e-03,8.267548e-06,-1.6523526991e-10,4.0334e-02,1.0312
2983.97,1.91971955e-03,6.686813e-03,8.292428e-06,-1.6523937774e-10,4.4570e-02,1.0312
2984.47,2.20965757e-03,6.674715e-03,8.331440e-06,-1.6524170920e-10,5.0811e-02,1.0312
2984.98,2.52408323e-03,6.646365e-03,8.391876e-06,-1.6524226432e-10,5.7618e-02,1.0312
2985.49,2.86029580e-03,6.608770e-03,8.478349e-06,-1.6524392965e-10,6.3315e-02,1.0312
2985.99,3.21565223e-03,6.566246e-03,8.588826e-06,-1.6524737134e-10,1.4848e-02,1.0312
2986.50,3.58030649e-03,6.521404e-03,8.716302e-06,-1.6525980584e-10,1.5851e-02,1.0375
2987.01,3.93616997e-03,6.473436e-03,8.854270e-06,-1.6526158220e-10,1.3805e-02,1.0375
2987.51,4.25938770e-03,6.424047e-03,8.998938e-06,-1.6548573623e-10,1.9324e-02,1.0375
2988.02,4.52186900e-03,6.375272e-03,9.147187e-06,-1.6612888842e-10,2.3628e-02,1.0375
2988.53,4.68613913e-03,6.332588e-03,9.294576e-06,-1.6622381249e-10,1.6645e-02,1.0437
2989.03,4.70547192e-03,6.306285e-03,9.434192e-06,-1.6622470067e-10,1.7502e-02,1.0437
2989.54,4.54191199e-03,6.302934e-03,9.557119e-06,-1.6622536680e-10,1.7841e-02,1.0437
2990.05,4.19802285e-03,6.326534e-03,9.655515e-06,-1.6622625498e-10,1.7474e-02,1.0437
2990.56,3.73088360e-03,6.376286e-03,9.722380e-06,-1.6622692112e-10,1.6524e-02,1.0437
2991.06,3.22074745e-03,6.442689e-03,9.752938e-06,-1.6622947463e-10,1.5199e-02,1.0437
2991.57,2.70868139e-03,6.514606e-03,9.744164e-06,-1.6622958565e-10,1.8398e-02,1.0437
2992.08,2.15566493e-03,6.586839e-03,9.694615e-06,-1.6623002974e-10,2.5509e-02,1.0437
2992.58,1.46862929e-03,6.659078e-03,9.605991e-06,-1.6623125099e-10,3.2632e-02,1.0437
2993.09,5.86771941e-04,6.732254e-03,9.484769e-06,-1.6623236121e-10,3.9752e-02,1.0437
2993.60,-4.38172885e-04,6.806857e-03,9.339685e-06,-1.6623313837e-10,4.6870e-02,1.0437
2994.10,-1.43471241e-03,6.883055e-03,9.174400e-06,-1.6623391552e-10,5.3869e-02,1.0437
2994.61,-2.17933672e-03,6.961828e-03,8.982272e-06,-1.6623535881e-10,6.0706e-02,1.0437
2995.12,-2.49300804e-03,7.044641e-03,8.750274e-06,-1.6623569188e-10,6.7450e-02,1.0437
2995.62,-2.31205505e-03,7.131761e-03,8.469697e-06,-1.6623591392e-10,7.4151e-02,1.0437
2996.13,-1.71745307e-03,7.221316e-03,8.144164e-06,-1.6623702415e-10,8.0809e-02,1.0437
2996.64,-9.12429203e-04,7.310030e-03,7.788560e-06,-1.6623891153e-10,8.7426e-02,1.0437
2997.14,-1.59867389e-04,7.394193e-03,7.420630e-06,-1.6623957766e-10,9.3999e-02,1.0437
2997.65,3.08076842e-04,7.470814e-03,7.051164e-06,-1.6624035482e-10,1.0053e-01,1.0437
2998.16,3.72117897e-04,7.538692e-03,6.679287e-06,-1.6624090993e-10,1.0702e-01,1.0437
2998.66,5.07903201e-05,7.598888e-03,6.295577e-06,-1.6624090993e-10,1.1346e-01,1.0437
2999.17,-5.43488106e-04,7.654000e-03,5.889579e-06,-1.6624301935e-10,1.1987e-01,1.0437
2999.68,-1.27931474e-03,7.705848e-03,5.457288e-06,-1.6624468469e-10,1.2622e-01,1.0437
3000.18,-2.05509546e-03,7.753602e-03,5.004711e-06,-1.6624479571e-10,1.3254e-01,1.0437
3000.69,-2.79907959e-03,7.794005e-03,4.546969e-06,-1.6631263033e-10,5.8593e-02,1.0375
3001.20,-3.44292580e-03,7.823358e-03,4.103952e-06,-1.6631451771e-10,6.5855e-02,1.0375
3001.70,-3.90362364e-03,7.840045e-03,3.694554e-06,-1.6631485078e-10,7.3141e-02,1.0375
3002.21,-4.09215424e-03,7.844919e-03,3.331977e-06,-1.6631618305e-10,8.0347e-02,1.0375
3002.72,-3.94005140e-03,7.839382e-03,3.023321e-06,-1.6631729327e-10,8.7332e-02,1.0375
3003.22,-3.42713433e-03,7.823796e-03,2.775376e-06,-1.6631762634e-10,9.4379e-02,1.0375
3003.73,-2.59865245e-03,7.797593e-03,2.604890e-06,-1.6631862554e-10,1.0125e-01,1.0375
3004.24,-1.57027085e-03,7.760422e-03,2.541108e-06,-1.6632029087e-10,1.0781e-01,1.0375
3004.75,-5.14539828e-04,7.712873e-03,2.610903e-06,-1.6632084598e-10,1.1433e-01,1.0375
3005.25,3.75664386e-04,7.658804e-03,2.819308e-06,-1.6632140110e-10,1.2080e-01,1.0375
3005.76,9.44899449e-04,7.603873e-03,3.146451e-06,-1.6632206723e-10,1.2723e-01,1.0375
3006.27,1.13475445e-03,7.551494e-03,3.562001e-06,-1.6632384359e-10,1.3361e-01,1.0375
3006.77,1.01001887e-03,7.504368e-03,4.038111e-06,-1.6632362154e-10,1.3995e-01,1.0375
3007.28,7.31134770e-04,7.468455e-03,4.553366e-06,-1.6632606403e-10,1.4625e-01,1.0375
3007.79,4.84633328e-04,7.442831e-03,5.091515e-06,-1.6632650812e-10,1.5250e-01,1.0375
3008.29,4.09981093e-04,7.421426e-03,5.638337e-06,-1.6632650812e-10,1.5870e-01,1.0375
3008.80,5.55049064e-04,7.399853e-03,6.178602e-06,-1.6639623013e-10,1.3884e-01,1.0312
3009.31,8.75615007e-04,7.373550e-03,6.694577e-06,-1.6639678524e-10,1.4521e-01,1.0312
3009.81,1.26890256e-03,7.336388e-03,7.167342e-06,-1.6639856160e-10,1.5155e-01,1.0312
3010.32,1.62232516e-03,7.288688e-03,7.579490e-06,-1.6639767342e-10,1.5783e-01,1.0312
3010.83,1.85413401e-03,7.230199e-03,7.918178e-06,-1.6639956080e-10,1.6407e-01,1.0312
3011.33,1.93218490e-03,7.163583e-03,8.177926e-06,-1.6640111511e-10,1.7026e-01,1.0312
3011.84,1.86907249e-03,7.090907e-03,8.361624e-06,-1.6641565903e-10,3.4828e-02,1.0312
3012.35,1.70399048e-03,7.017115e-03,8.479191e-06,-1.6664414293e-10,2.9504e-02,1.0375
3012.85,1.48295261e-03,6.949397e-03,8.545057e-06,-1.6687562443e-10,3.1551e-02,1.0375
3013.36,1.24560126e-03,6.890438e-03,8.575557e-06,-1.6713341822e-10,3.8224e-02,1.0437
3013.87,1.02069916e-03,6.840013e-03,8.585023e-06,-1.6766221744e-10,4.3297e-02,1.0437
3014.37,8.27056158e-04,6.798072e-03,8.580107e-06,-1.6772039313e-10,4.6866e-02,1.0437
3014.88,6.76369716e-04,6.761633e-03,8.556136e-06,-1.6783985313e-10,4.2042e-02,1.0437
3015.39,5.74116170e-04,6.730432e-03,8.500996e-06,-1.6784784673e-10,3.8318e-02,1.0500
3015.89,5.18928998e-04,6.702742e-03,8.405920e-06,-1.6784906798e-10,3.5852e-02,1.0500
3016.40,5.01574091e-04,6.676142e-03,8.275283e-06,-1.6785095536e-10,3.3977e-02,1.0500
3016.91,5.06814248e-04,6.648322e-03,8.128139e-06,-1.6785151047e-10,3.2317e-02,1.0500
3017.41,5.19144953e-04,6.617737e-03,7.991295e-06,-1.6785239865e-10,3.0666e-02,1.0500
3017.92,5.30489608e-04,6.583469e-03,7.888672e-06,-1.6785273171e-10,3.5373e-02,1.0500
3018.43,5.45217854e-04,6.545820e-03,7.831654e-06,-1.6785361989e-10,4.2187e-02,1.0500
3018.94,5.78564842e-04,6.506812e-03,7.814792e-06,-1.6785506318e-10,4.8962e-02,1.0500
3019.44,6.48954576e-04,6.469314e-03,7.820530e-06,-1.6785628443e-10,5.5696e-02,1.0500
3019.95,7.68566215e-04,6.435699e-03,7.830186e-06,-1.6785617341e-10,6.2389e-02,1.0500
3020.46,9.38130629e-04,6.407977e-03,7.835008e-06,-1.6785739465e-10,6.9042e-02,1.0500
3020.96,1.14834117e-03,6.387311e-03,7.838517e-06,-1.6785828283e-10,7.5654e-02,1.0500
3021.47,1.38739094e-03,6.374218e-03,7.849939e-06,-1.6785950407e-10,8.2225e-02,1.0500
3021.98,1.64801036e-03,6.369084e-03,7.875906e-06,-1.6785994816e-10,8.8754e-02,1.0500
3022.48,1.93253878e-03,6.371726e-03,7.916646e-06,-1.6786172452e-10,9.5243e-02,1.0500
3022.99,2.25066541e-03,6.381453e-03,7.966965e-06,-1.6786172452e-10,1.0169e-01,1.0500
3023.50,2.61381128e-03,6.397048e-03,8.019518e-06,-1.6786350088e-10,1.0809e-01,1.0500
3024.00,3.02764836e-03,6.416880e-03,8.068628e-06,-1.6793422208e-10,1.0099e-01,1.0437
3024.51,3.48793433e-03,6.438789e-03,8.113106e-06,-1.6793533231e-10,1.0769e-01,1.0437
3025.02,3.97666611e-03,6.460512e-03,8.156168e-06,-1.6793622049e-10,1.1413e-01,1.0437
3025.52,4.45663470e-03,6.480098e-03,8.202138e-06,-1.6793677560e-10,1.2053e-01,1.0437
3026.03,4.86572576e-03,6.496121e-03,8.253192e-06,-1.6793777480e-10,1.2689e-01,1.0437
3026.54,5.12342069e-03,6.507875e-03,8.308589e-06,-1.6793877400e-10,1.3320e-01,1.0437
3027.04,5.15897077e-03,6.515264e-03,8.366541e-06,-1.6793944013e-10,1.3947e-01,1.0437
3027.55,4.96038134e-03,6.518595e-03,8.426156e-06,-1.6794132751e-10,1.4569e-01,1.0437
3028.06,4.60372385e-03,6.518397e-03,8.487594e-06,-1.6794210467e-10,1.5187e-01,1.0437
3028.56,4.21404829e-03,6.515282e-03,8.551206e-06,-1.6794210467e-10,1.5801e-01,1.0437
3029.07,3.85022685e-03,6.509616e-03,8.617657e-06,-1.6801315894e-10,2.9346e-02,1.0375
3029.58,3.38751212e-03,6.501634e-03,8.687677e-06,-1.6801326996e-10,3.2273e-02,1.0375
3030.08,2.52101615e-03,6.491360e-03,8.761913e-06,-1.6801382507e-10,3.5430e-02,1.0375
3030.59,9.53942349e-04,6.478711e-03,8.840030e-06,-1.6801493530e-10,4.1607e-02,1.0375
3031.10,-1.34519123e-03,6.463653e-03,8.920703e-06,-1.6801626757e-10,4.8849e-02,1.0375
3031.60,-4.03855312e-03,6.446115e-03,9.001294e-06,-1.6801637859e-10,5.6059e-02,1.0375
3032.11,-6.56256673e-03,6.426433e-03,9.078298e-06,-1.6801782188e-10,6.3263e-02,1.0375
3032.62,-8.36904165e-03,6.407481e-03,9.148589e-06,-1.6801848801e-10,7.0467e-02,1.0375
3033.13,-9.10421350e-03,6.394643e-03,9.209215e-06,-1.6801904312e-10,7.7471e-02,1.0375
3033.63,-8.65810092e-03,6.392514e-03,9.256841e-06,-1.6802170766e-10,8.4457e-02,1.0375
3034.14,-7.16071270e-03,6.400308e-03,9.288623e-06,-1.6802137459e-10,9.1208e-02,1.0375
3034.65,-4.94837968e-03,6.412064e-03,9.302059e-06,-1.6802181868e-10,9.7835e-02,1.0375
3035.15,-2.52210536e-03,6.418885e-03,9.294713e-06,-1.6802326197e-10,1.0442e-01,1.0375
3035.66,-4.27390011e-04,6.421688e-03,9.264194e-06,-1.6802415015e-10,1.1096e-01,1.0375
3036.17,9.12861745e-04,6.416275e-03,9.208678e-06,-1.6802415015e-10,1.1745e-01,1.0375
3036.67,1.37764212e-03,6.410301e-03,9.127671e-06,-1.6802570446e-10,1.2390e-01,1.0375
3037.18,1.17963481e-03,6.406988e-03,9.022494e-06,-1.6802748082e-10,1.3031e-01,1.0375
3037.69,7.03741533e-04,6.411285e-03,8.895361e-06,-1.6802714775e-10,1.3667e-01,1.0375
3038.19,2.56731770e-04,6.426688e-03,8.747315e-06,-1.6802903513e-10,1.4299e-01,1.0375
3038.70,-9.52829420e-05,6.454734e-03,8.576762e-06,-1.6803070046e-10,1.4926e-01,1.0375
3039.21,-5.07417819e-04,6.494978e-03,8.380357e-06,-1.6810108860e-10,4.1227e-02,1.0312
3039.71,-1.19342733e-03,6.545407e-03,8.155336e-06,-1.6812329307e-10,3.1436e-02,1.0312
3040.22,-2.23313613e-03,6.603086e-03,7.900761e-06,-1.6815127069e-10,2.7303e-02,1.0312
3040.73,-3.47929093e-03,6.664907e-03,7.616625e-06,-1.6819079462e-10,2.6436e-02,1.0312
3041.23,-4.61554317e-03,6.728179e-03,7.302436e-06,-1.6823220594e-10,2.5430e-02,1.0312
3041.74,-5.30675169e-03,6.790774e-03,6.957547e-06,-1.6827395033e-10,2.9576e-02,1.0312
3042.25,-5.34069804e-03,6.851060e-03,6.583126e-06,-1.6829371230e-10,3.6843e-02,1.0312
3042.75,-4.70093119e-03,6.907252e-03,6.184155e-06,-1.6830470351e-10,4.3923e-02,1.0312
3043.26,-3.56755267e-03,6.956674e-03,5.769808e-06,-1.6831225302e-10,5.0082e-02,1.0312
3043.77,-2.25996685e-03,6.996200e-03,5.353303e-06,-1.6831647187e-10,5.6814e-02,1.0312
3044.27,-1.13172960e-03,7.024188e-03,4.951755e-06,-1.6831891436e-10,6.3698e-02,1.0312
3044.78,-4.42883170e-04,7.040305e-03,4.585426e-06,-1.6832035765e-10,7.0618e-02,1.0312
3045.29,-2.67655746e-04,7.045981e-03,4.276066e-06,-1.6832080174e-10,7.6507e-02,1.0312
3045.79,-4.90821297e-04,7.043903e-03,4.045034e-06,-1.6832168992e-10,8.3456e-02,1.0312
3046.30,-8.91176086e-04,7.036852e-03,3.911742e-06,-1.6832302219e-10,9.0294e-02,1.0312
3046.81,-1.25591948e-03,7.028007e-03,3.889086e-06,-1.6832213401e-10,9.7338e-02,1.0312
3047.32,-1.46136820e-03,7.021160e-03,3.978348e-06,-1.6832457650e-10,1.0455e-01,1.0312
3047.82,-1.49171448e-03,7.018715e-03,4.168904e-06,-1.6832635286e-10,1.1171e-01,1.0312
3048.33,-1.40963843e-03,7.020785e-03,4.444792e-06,-1.6832624183e-10,1.1872e-01,1.0312
3048.84,-1.30023677e-03,7.025638e-03,4.791906e-06,-1.6832801819e-10,1.2558e-01,1.0312
3049.34,-1.22337808e-03,7.029973e-03,5.200591e-06,-1.6832879535e-10,1.3209e-01,1.0312
3049.85,-1.19763947e-03,7.029664e-03,5.663370e-06,-1.6832846228e-10,1.3852e-01,1.0312
3050.36,-1.21053269e-03,7.020773e-03,6.172509e-06,-1.6833068273e-10,1.4490e-01,1.0312
3050.86,-1.24052566e-03,7.000241e-03,6.719425e-06,-1.6833123784e-10,1.5123e-01,1.0312
3051.37,-1.27372845e-03,6.966309e-03,7.295112e-06,-1.6833212602e-10,1.5752e-01,1.0312
3051.88,-1.30440594e-03,6.918616e-03,7.890849e-06,-1.6833323624e-10,1.6376e-01,1.0312
3052.38,-1.32794685e-03,6.858182e-03,8.498433e-06,-1.6833490157e-10,1.6995e-01,1.0312
3052.89,-1.34226434e-03,6.787401e-03,9.109723e-06,-1.6833479055e-10,1.7610e-01,1.0312
3053.40,-1.35490619e-03,6.709863e-03,9.715485e-06,-1.6848800133e-10,3.2280e-02,1.0250
3053.90,-1.38676661e-03,6.630401e-03,1.030420e-05,-1.6865997488e-10,3.0808e-02,1.0375
3054.41,-1.46989369e-03,6.550216e-03,1.086183e-05,-1.6866130714e-10,3.0879e-02,1.0375
3054.92,-1.62651758e-03,6.479063e-03,1.137298e-05,-1.6878620723e-10,2.9041e-02,1.0375
3055.42,-1.84722291e-03,6.423796e-03,1.182322e-05,-1.6904733169e-10,3.4521e-02,1.0437
3055.93,-2.09389177e-03,6.382651e-03,1.220215e-05,-1.6934742497e-10,3.8874e-02,1.0437
3056.44,-2.31161365e-03,6.355274e-03,1.250611e-05,-1.6951340331e-10,4.1815e-02,1.0437
3056.94,-2.45477841e-03,6.339445e-03,1.273890e-05,-1.6995738150e-10,4.3667e-02,1.0437
3057.45,-2.50667503e-03,6.331081e-03,1.290960e-05,-1.7076917658e-10,4.2862e-02,1.0500
3057.96,-2.47454653e-03,6.326687e-03,1.302959e-05,-1.7106982497e-10,4.0572e-02,1.0500
3058.46,-2.37668105e-03,6.324467e-03,1.311094e-05,-1.7107082417e-10,3.8768e-02,1.0500
3058.97,-2.22719946e-03,6.322746e-03,1.316502e-05,-1.7107204542e-10,3.7071e-02,1.0500
3059.48,-2.02878938e-03,6.321231e-03,1.319861e-05,-1.7107359973e-10,3.5271e-02,1.0500
3059.98,-1.77827149e-03,6.321799e-03,1.320926e-05,-1.7107348871e-10,3.3175e-02,1.0500
3060.49,-1.47613071e-03,6.327155e-03,1.318566e-05,-1.7107470995e-10,3.1223e-02,1.0500
3061.00,-1.13889766e-03,6.339944e-03,1.311536e-05,-1.7107593120e-10,3.8135e-02,1.0500
3061.51,-7.97292370e-04,6.361100e-03,1.299362e-05,-1.7107681938e-10,4.4937e-02,1.0500
3062.01,-4.87747982e-04,6.389394e-03,1.282582e-05,-1.7107726347e-10,5.1697e-02,1.0500
3062.52,-2.43919601e-04,6.422400e-03,1.262309e-05,-1.7107848471e-10,5.8416e-02,1.0500
3063.03,-8.33638701e-05,6.457797e-03,1.239674e-05,-1.7107948391e-10,6.5094e-02,1.0500
3063.53,7.73865505e-07,6.493702e-03,1.215533e-05,-1.7107848471e-10,7.1730e-02,1.0500
3064.04,3.85410018e-05,6.529325e-03,1.190310e-05,-1.7108148231e-10,7.8326e-02,1.0500
3064.55,7.66356292e-05,6.564670e-03,1.163871e-05,-1.7108192640e-10,8.4880e-02,1.0500
3065.05,1.59470541e-04,6.599760e-03,1.135642e-05,-1.7108292560e-10,9.1393e-02,1.0500
3065.56,3.04718603e-04,6.634384e-03,1.105082e-05,-1.7108348072e-10,9.7864e-02,1.0500
3066.07,4.97091158e-04,6.668121e-03,1.072120e-05,-1.7108470196e-10,1.0429e-01,1.0500
3066.57,7.01760988e-04,6.700128e-03,1.037137e-05,-1.7108514605e-10,1.1068e-01,1.0500
3067.08,8.87958756e-04,6.729573e-03,1.000518e-05,-1.7108670036e-10,1.1703e-01,1.0500
3067.59,1.04822580e-03,6.755941e-03,9.622715e-06,-1.7108703343e-10,1.2333e-01,1.0500
3068.09,1.19940141e-03,6.778873e-03,9.221033e-06,-1.7108803263e-10,1.2959e-01,1.0500
3068.60,1.36472145e-03,6.798022e-03,8.797132e-06,-1.7115975304e-10,1.2330e-01,1.0437
3069.11,1.55389258e-03,6.812892e-03,8.350547e-06,-1.7116019713e-10,1.2963e-01,1.0437
3069.61,1.75779331e-03,6.821993e-03,7.883809e-06,-1.7116019713e-10,1.3593e-01,1.0437
3070.12,1.95628038e-03,6.824888e-03,7.401000e-06,-1.7116119633e-10,1.4218e-01,1.0437
3070.63,2.13161472e-03,6.818577e-03,6.909394e-06,-1.7116208451e-10,1.4838e-01,1.0437
3071.13,2.27684800e-03,6.803098e-03,6.417307e-06,-1.7116263962e-10,1.5454e-01,1.0437
3071.64,2.39884638e-03,6.783607e-03,5.932971e-06,-1.7116352780e-10,1.6066e-01,1.0437
3072.15,2.51321154e-03,6.758105e-03,5.462273e-06,-1.7116530415e-10,1.6674e-01,1.0437
3072.65,2.63952612e-03,6.727380e-03,5.013910e-06,-1.7123324980e-10,1.6015e-01,1.0375
3073.16,2.79695603e-03,6.693533e-03,4.597437e-06,-1.7123358287e-10,1.6630e-01,1.0375
3073.67,3.00239324e-03,6.660608e-03,4.223251e-06,-1.7123491514e-10,1.7240e-01,1.0375
3074.18,3.26629879e-03,6.638396e-03,3.910102e-06,-1.7123591434e-10,1.7846e-01,1.0375
3074.68,3.59276544e-03,6.636785e-03,3.675008e-06,-1.7133894303e-10,7.3534e-02,1.0312
3075.19,3.97959487e-03,6.661537e-03,3.533156e-06,-1.7134071939e-10,7.2882e-02,1.0312
3075.70,4.41826536e-03,6.713583e-03,3.495921e-06,-1.7134282881e-10,2.4383e-02,1.0312
3076.20,4.89132937e-03,6.787840e-03,3.559462e-06,-1.7134926811e-10,2.0550e-02,1.0312
3076.71,5.36794545e-03,6.866435e-03,3.709395e-06,-1.7135193264e-10,2.7680e-02,1.0312
3077.22,5.80278440e-03,6.936249e-03,3.921074e-06,-1.7135415309e-10,3.4919e-02,1.0312
3077.72,6.14176677e-03,6.994891e-03,4.171693e-06,-1.7135670660e-10,4.2044e-02,1.0312
3078.23,6.33059575e-03,7.046719e-03,4.447061e-06,-1.7136003727e-10,1.7448e-02,1.0312
3078.74,6.32005979e-03,7.097172e-03,4.742581e-06,-1.7137025132e-10,1.7368e-02,1.0375
3079.24,6.07311424e-03,7.146575e-03,5.058815e-06,-1.7146073450e-10,2.2909e-02,1.0375
3079.75,5.58601358e-03,7.187961e-03,5.396978e-06,-1.7173540368e-10,3.0654e-02,1.0437
3080.26,4.91782781e-03,7.213580e-03,5.752871e-06,-1.7210843861e-10,2.8120e-02,1.0437
3080.76,4.19368492e-03,7.222882e-03,6.117254e-06,-1.7212664627e-10,2.9777e-02,1.0437
3081.27,3.55105476e-03,7.222975e-03,6.476817e-06,-1.7213053205e-10,2.9363e-02,1.0500
3081.78,3.04683938e-03,7.224270e-03,6.819298e-06,-1.7213008796e-10,2.6883e-02,1.0500
3082.28,2.59460562e-03,7.233439e-03,7.137080e-06,-1.7213119818e-10,2.2557e-02,1.0500
3082.79,1.99985355e-03,7.249998e-03,7.429885e-06,-1.7213197534e-10,2.3837e-02,1.0500
3083.30,1.09303372e-03,7.265461e-03,7.700229e-06,-1.7213297454e-10,3.0717e-02,1.0500
3083.80,-1.28516381e-04,7.270138e-03,7.952323e-06,-1.7213341863e-10,3.7558e-02,1.0500
3084.31,-1.46009743e-03,7.258353e-03,8.191597e-06,-1.7213541703e-10,4.4360e-02,1.0500
3084.82,-2.57917774e-03,7.231301e-03,8.419271e-06,-1.7213575010e-10,5.1121e-02,1.0500
3085.32,-3.19299275e-03,7.201400e-03,8.631213e-06,-1.7213774850e-10,5.7842e-02,1.0500
3085.83,-3.15175639e-03,7.180587e-03,8.820092e-06,-1.7213797054e-10,6.4523e-02,1.0500
3086.34,-2.49686595e-03,7.177628e-03,8.979603e-06,-1.7213863668e-10,7.1163e-02,1.0500
3086.84,-1.44157948e-03,7.195559e-03,9.107654e-06,-1.7213996895e-10,7.7761e-02,1.0500
3087.35,-3.08066283e-04,7.231333e-03,9.205636e-06,-1.7214063508e-10,8.4319e-02,1.0500
3087.86,5.76678638e-04,7.273867e-03,9.275711e-06,-1.7214107917e-10,9.0835e-02,1.0500
3088.37,9.89606776e-04,7.319902e-03,9.318412e-06,-1.7214185632e-10,9.7310e-02,1.0500
3088.87,8.82496638e-04,7.357728e-03,9.332548e-06,-1.7214463188e-10,1.0374e-01,1.0500
3089.38,3.75388390e-04,7.382844e-03,9.316690e-06,-1.7221413184e-10,9.5905e-02,1.0437
3089.89,-3.19469609e-04,7.397217e-03,9.270558e-06,-1.7221502002e-10,1.0251e-01,1.0437
3090.39,-9.93019105e-04,7.400407e-03,9.195860e-06,-1.7221613025e-10,1.0899e-01,1.0437
3090.90,-1.50687318e-03,7.392690e-03,9.096565e-06,-1.7221757354e-10,1.1542e-01,1.0437
3091.41,-1.81282581e-03,7.372876e-03,8.978539e-06,-1.7221835069e-10,1.2181e-01,1.0437
3091.91,-1.93422885e-03,7.337354e-03,8.848641e-06,-1.7221835069e-10,1.2816e-01,1.0437
3092.42,-1.93045261e-03,7.291037e-03,8.713906e-06,-1.7222068216e-10,1.3446e-01,1.0437
3092.93,-1.86383596e-03,7.239258e-03,8.580539e-06,-1.7222112625e-10,4.4454e-02,1.0437
3093.43,-1.78053696e-03,7.183159e-03,8.453410e-06,-1.7222279158e-10,4.4521e-02,1.0437
3093.94,-1.70585454e-03,7.127859e-03,8.336178e-06,-1.7242074435e-10,4.4235e-02,1.0437
3094.45,-1.64830185e-03,7.077095e-03,8.232149e-06,-1.7254109252e-10,4.0506e-02,1.0437
3094.95,-1.60611135e-03,7.033728e-03,8.145571e-06,-1.7285350928e-10,3.6047e-02,1.0500
3095.46,-1.57342812e-03,6.998488e-03,8.082537e-06,-1.7286716503e-10,3.2635e-02,1.0500
3095.97,-1.54594457e-03,6.968817e-03,8.050536e-06,-1.7286849729e-10,2.9525e-02,1.0500
3096.47,-1.52505292e-03,6.940680e-03,8.056609e-06,-1.7286982956e-10,2.6179e-02,1.0500
3096.98,-1.51826941e-03,6.910638e-03,8.105433e-06,-1.7287116183e-10,2.2918e-02,1.0500
3097.49,-1.53407192e-03,6.876460e-03,8.198680e-06,-1.7287171694e-10,1.9903e-02,1.0500
3097.99,-1.57409885e-03,6.837417e-03,8.335646e-06,-1.7287338228e-10,2.3798e-02,1.0500
3098.50,-1.62706179e-03,6.794073e-03,8.514211e-06,-1.7287304921e-10,3.0844e-02,1.0500
3099.01,-1.66891008e-03,6.747694e-03,8.731245e-06,-1.7287482557e-10,3.7882e-02,1.0500
3099.51,-1.67044172e-03,6.700145e-03,8.982392e-06,-1.7287604681e-10,4.4916e-02,1.0500
3100.02,-1.60855781e-03,6.653025e-03,9.261109e-06,-1.7287649090e-10,5.1949e-02,1.0500
3100.53,-1.47594524e-03,6.607635e-03,9.557250e-06,-1.7287782317e-10,5.8981e-02,1.0500
3101.03,-1.28506797e-03,6.565155e-03,9.856684e-06,-1.7287793419e-10,6.5788e-02,1.0500
3101.54,-1.06486765e-03,6.526907e-03,1.014222e-05,-1.7287882237e-10,7.2423e-02,1.0500
3102.05,-8.51498745e-04,6.494323e-03,1.039554e-05,-1.7287937748e-10,7.9015e-02,1.0500
3102.56,-6.77963495e-04,6.468553e-03,1.059974e-05,-1.7288070975e-10,8.5565e-02,1.0500
3103.06,-5.65127723e-04,6.450316e-03,1.074217e-05,-1.7288204202e-10,9.2074e-02,1.0500
3103.57,-5.18221977e-04,6.439549e-03,1.081669e-05,-1.7288326326e-10,9.8541e-02,1.0500
3104.08,-5.28612961e-04,6.435697e-03,1.082372e-05,-1.7288392939e-10,1.0497e-01,1.0500
3104.58,-5.78921622e-04,6.437764e-03,1.076779e-05,-1.7288481757e-10,1.1135e-01,1.0500
3105.09,-6.49022358e-04,6.444714e-03,1.065471e-05,-1.7288526166e-10,1.1769e-01,1.0500
3105.60,-7.20986968e-04,6.455305e-03,1.049095e-05,-1.7288692700e-10,1.2399e-01,1.0500
3106.10,-7.82270972e-04,6.468379e-03,1.028320e-05,-1.7288703802e-10,1.3025e-01,1.0500
3106.61,-8.26841790e-04,6.483133e-03,1.003543e-05,-1.7288859233e-10,1.3647e-01,1.0500
3107.12,-8.54266975e-04,6.499423e-03,9.745139e-06,-1.7295964660e-10,1.3500e-01,1.0437
3107.62,-8.66685569e-04,6.517723e-03,9.404453e-06,-1.7296009069e-10,1.4125e-01,1.0437
3108.13,-8.66019585e-04,6.538309e-03,9.007959e-06,-1.7296120092e-10,1.4747e-01,1.0437
3108.64,-8.52155338e-04,6.560879e-03,8.561382e-06,-1.7296197807e-10,1.5363e-01,1.0437
3109.14,-8.24303770e-04,6.584710e-03,8.082553e-06,-1.7296297727e-10,1.5976e-01,1.0437
3109.65,-7.83368187e-04,6.609159e-03,7.594577e-06,-1.7296430954e-10,1.6584e-01,1.0437
3110.16,-7.32912974e-04,6.634121e-03,7.116121e-06,-1.7306889255e-10,2.4848e-02,1.0375
3110.66,-6.79085192e-04,6.660269e-03,6.654742e-06,-1.7307022482e-10,2.8385e-02,1.0375
3111.17,-6.24665671e-04,6.689154e-03,6.205956e-06,-1.7307166811e-10,3.3779e-02,1.0375
3111.68,-5.66057824e-04,6.722573e-03,5.758329e-06,-1.7307222322e-10,4.0665e-02,1.0375
3112.18,-4.94082790e-04,6.761380e-03,5.303860e-06,-1.7307300038e-10,3.8224e-02,1.0375
3112.69,-3.95935049e-04,6.804834e-03,4.847164e-06,-1.7307411060e-10,4.1862e-02,1.0375
3113.20,-2.63257337e-04,6.850681e-03,4.406276e-06,-1.7307544287e-10,4.8331e-02,1.0375
3113.70,-9.68239368e-05,6.895967e-03,4.003566e-06,-1.7307744127e-10,5.3604e-02,1.0375
3114.21,9.38670338e-05,6.937859e-03,3.654293e-06,-1.7307710820e-10,6.0860e-02,1.0375
3114.72,2.94569912e-04,6.974020e-03,3.363637e-06,-1.7307832945e-10,3.0240e-02,1.0375
3115.22,4.93621010e-04,7.002614e-03,3.134813e-06,-1.7307899558e-10,2.6986e-02,1.0437
3115.73,6.87981686e-04,7.022257e-03,2.978903e-06,-1.7308021683e-10,3.0371e-02,1.0437
3116.24,8.85500363e-04,7.031994e-03,2.915026e-06,-1.7310008982e-10,3.2597e-02,1.0437
3116.75,1.10282323e-03,7.031318e-03,2.959234e-06,-1.7313572798e-10,3.3884e-02,1.0437
3117.25,1.35922626e-03,7.020220e-03,3.112081e-06,-1.7320611612e-10,3.4232e-02,1.0437
3117.76,1.67042411e-03,6.999148e-03,3.356640e-06,-1.7325596513e-10,3.3758e-02,1.0500
3118.27,2.04069174e-03,6.968871e-03,3.666962e-06,-1.7325796353e-10,3.2561e-02,1.0500
3118.77,2.46035643e-03,6.930370e-03,4.017677e-06,-1.7325874069e-10,3.0742e-02,1.0500
3119.28,2.90826110e-03,6.884851e-03,4.388899e-06,-1.7325874069e-10,2.8385e-02,1.0500
3119.79,3.35255389e-03,6.833795e-03,4.766598e-06,-1.7326118318e-10,3.0055e-02,1.0500
3120.29,3.74435849e-03,6.778940e-03,5.140691e-06,-1.7326096113e-10,3.6900e-02,1.0500
3120.80,4.00922735e-03,6.722168e-03,5.502995e-06,-1.7326229340e-10,4.3705e-02,1.0500
3121.31,4.06791864e-03,6.665328e-03,5.846400e-06,-1.7326373669e-10,5.0470e-02,1.0500
3121.81,3.89107124e-03,6.610460e-03,6.165311e-06,-1.7326451385e-10,5.7195e-02,1.0500
3122.32,3.53378132e-03,6.559683e-03,6.456387e-06,-1.7326462487e-10,6.3880e-02,1.0500
3122.83,3.10168308e-03,6.513328e-03,6.718600e-06,-1.7326562407e-10,7.0523e-02,1.0500
3123.33,2.64593212e-03,6.471293e-03,6.952635e-06,-1.7333667834e-10,5.9536e-02,1.0437
3123.84,2.07555413e-03,6.433223e-03,7.159956e-06,-1.7333690039e-10,6.6699e-02,1.0437
3124.35,1.17621999e-03,6.399208e-03,7.341968e-06,-1.7333834368e-10,7.3824e-02,1.0437
3124.85,-2.44334920e-04,6.369839e-03,7.499462e-06,-1.7333934288e-10,8.1050e-02,1.0437
3125.36,-2.17271793e-03,6.345616e-03,7.632399e-06,-1.7333967595e-10,8.8141e-02,1.0437
3125.87,-4.32104135e-03,6.327988e-03,7.740037e-06,-1.7334100821e-10,9.5054e-02,1.0437
3126.37,-6.23031155e-03,6.317743e-03,7.821349e-06,-1.7334189639e-10,1.0192e-01,1.0437
3126.88,-7.45862597e-03,6.315991e-03,7.875556e-06,-1.7334245150e-10,1.0868e-01,1.0437
3127.39,-7.72439165e-03,6.322573e-03,7.902790e-06,-1.7334367275e-10,1.1518e-01,1.0437
3127.89,-6.97172536e-03,6.337741e-03,7.904689e-06,-1.7334422786e-10,1.2157e-01,1.0437
3128.40,-5.38210139e-03,6.360672e-03,7.884396e-06,-1.7334433888e-10,1.2792e-01,1.0437
3128.91,-3.35174548e-03,6.389845e-03,7.846497e-06,-1.7334678137e-10,1.3422e-01,1.0437
3129.41,-1.41381018e-03,6.423174e-03,7.797099e-06,-1.7334678137e-10,1.4049e-01,1.0437
3129.92,-8.04854806e-05,6.458356e-03,7.743132e-06,-1.7334789160e-10,1.4670e-01,1.0437
3130.43,3.58319201e-04,6.492790e-03,7.691197e-06,-1.7334866875e-10,1.5288e-01,1.0437
3130.94,-5.95014403e-05,6.523330e-03,7.647601e-06,-1.7334933489e-10,1.5901e-01,1.0437
3131.44,-1.05073497e-03,6.547516e-03,7.616351e-06,-1.7335100022e-10,1.6509e-01,1.0437
3131.95,-2.28192998e-03,6.564543e-03,7.597598e-06,-1.7342194347e-10,1.4185e-01,1.0375
3132.46,-3.51690060e-03,6.574323e-03,7.588921e-06,-1.7342327574e-10,1.4813e-01,1.0375
3132.96,-4.63652363e-03,6.577842e-03,7.588315e-06,-1.7342338676e-10,1.5437e-01,1.0375
3133.47,-5.57433760e-03,6.575967e-03,7.594494e-06,-1.7342383085e-10,1.6056e-01,1.0375
3133.98,-6.25277716e-03,6.576443e-03,7.607959e-06,-1.7342594028e-10,1.6671e-01,1.0375
3134.48,-6.56768106e-03,6.581609e-03,7.629658e-06,-1.7342682845e-10,1.7281e-01,1.0375
3134.99,-6.41417559e-03,6.594448e-03,7.660953e-06,-1.7342782765e-10,1.7886e-01,1.0375
3135.50,-5.72770135e-03,6.617487e-03,7.702238e-06,-1.7355072934e-10,3.6567e-02,1.0312
3136.00,-4.52307177e-03,6.651392e-03,7.754453e-06,-1.7356949211e-10,3.9422e-02,1.0312
3136.51,-2.92548295e-03,6.694933e-03,7.821278e-06,-1.7358015025e-10,4.4866e-02,1.0312
3137.02,-1.18050468e-03,6.748112e-03,7.906366e-06,-1.7358581239e-10,5.1367e-02,1.0312
3137.52,3.82381376e-04,6.802289e-03,8.014054e-06,-1.7359003124e-10,5.8602e-02,1.0312
3138.03,1.44807369e-03,6.854691e-03,8.146196e-06,-1.7359158555e-10,6.6087e-02,1.0312
3138.54,1.84323438e-03,6.907527e-03,8.303201e-06,-1.7359280680e-10,7.2609e-02,1.0312
3139.04,1.61887550e-03,6.961307e-03,8.485044e-06,-1.7359469417e-10,7.9498e-02,1.0312
3139.55,1.01847370e-03,7.014469e-03,8.691019e-06,-1.7359513826e-10,8.6388e-02,1.0312
3140.06,3.55216858e-04,7.061743e-03,8.918049e-06,-1.7359558235e-10,9.3210e-02,1.0312
3140.56,-1.16728803e-04,7.098189e-03,9.159402e-06,-1.7359791382e-10,1.0068e-01,1.0312
3141.07,-2.73221817e-04,7.124087e-03,9.404589e-06,-1.7359902404e-10,1.0767e-01,1.0312
3141.58,-1.24854979e-04,7.140184e-03,9.641081e-06,-1.7359946813e-10,1.1468e-01,1.0312
3142.08,2.25484441e-04,7.147845e-03,9.856189e-06,-1.7360035631e-10,1.2163e-01,1.0312
3142.59,6.39198217e-04,7.144938e-03,1.003921e-05,-1.7360057836e-10,1.2836e-01,1.0312
3143.10,9.93507051e-04,7.135732e-03,1.018253e-05,-1.7360157756e-10,1.3481e-01,1.0312
3143.60,1.21122953e-03,7.122412e-03,1.028255e-05,-1.7360368698e-10,2.5820e-02,1.0312
3144.11,1.27126229e-03,7.110657e-03,1.033983e-05,-1.7380097361e-10,3.2992e-02,1.0375
3144.62,1.20186599e-03,7.102184e-03,1.035844e-05,-1.7399426344e-10,3.3872e-02,1.0375
3145.13,1.05722657e-03,7.099260e-03,1.034443e-05,-1.7451828871e-10,4.0983e-02,1.0437
3145.63,8.93835739e-04,7.099962e-03,1.030409e-05,-1.7456414092e-10,4.5759e-02,1.0437
3146.14,7.48872360e-04,7.102655e-03,1.024225e-05,-1.7493506643e-10,4.6925e-02,1.0437
3146.65,6.35363098e-04,7.104340e-03,1.016147e-05,-1.7526879947e-10,4.1111e-02,1.0500
3147.15,5.52770535e-04,7.105296e-03,1.006232e-05,-1.7527046481e-10,3.7492e-02,1.0500
3147.66,5.01081570e-04,7.104692e-03,9.944835e-06,-1.7527101992e-10,3.4794e-02,1.0500
3148.17,4.88190913e-04,7.102096e-03,9.810284e-06,-1.7527168605e-10,3.2516e-02,1.0500
3148.67,5.24504104e-04,7.097323e-03,9.662001e-06,-1.7527246321e-10,3.0443e-02,1.0500
3149.18,6.12408321e-04,7.090087e-03,9.504674e-06,-1.7527446161e-10,2.7954e-02,1.0500
3149.69,7.40321607e-04,7.080271e-03,9.342664e-06,-1.7527446161e-10,3.1342e-02,1.0500
3150.19,8.87474281e-04,7.068501e-03,9.178380e-06,-1.7527623797e-10,3.8181e-02,1.0500
3150.70,1.03395077e-03,7.055770e-03,9.011424e-06,-1.7527668206e-10,4.4980e-02,1.0500
3151.21,1.17053845e-03,7.043442e-03,8.838638e-06,-1.7527712615e-10,5.1738e-02,1.0500
3151.71,1.30267044e-03,7.033120e-03,8.654846e-06,-1.7527823637e-10,5.8456e-02,1.0500
3152.22,1.44563451e-03,7.026313e-03,8.453753e-06,-1.7527956864e-10,6.5133e-02,1.0500
3152.73,1.61754061e-03,7.024320e-03,8.228393e-06,-1.7527990170e-10,7.1769e-02,1.0500
3153.23,1.83208090e-03,7.028263e-03,7.970963e-06,-1.7528034579e-10,7.8364e-02,1.0500
3153.74,2.09576021e-03,7.038819e-03,7.672686e-06,-1.7528178908e-10,8.4918e-02,1.0500
3154.25,2.40805363e-03,7.056073e-03,7.324721e-06,-1.7528212215e-10,9.1430e-02,1.0500
3154.75,2.76062281e-03,7.079235e-03,6.920413e-06,-1.7528312135e-10,9.7901e-02,1.0500
3155.26,3.13884149e-03,7.106901e-03,6.458158e-06,-1.7528445362e-10,1.0433e-01,1.0500
3155.77,3.52235959e-03,7.136486e-03,5.943974e-06,-1.7528611895e-10,1.1072e-01,1.0500
3156.27,3.88677938e-03,7.165069e-03,5.393950e-06,-1.7528700713e-10,1.1706e-01,1.0500
3156.78,4.20727612e-03,7.189567e-03,4.836253e-06,-1.7535606300e-10,1.0758e-01,1.0437
3157.29,4.46095288e-03,7.207344e-03,4.309776e-06,-1.7535717323e-10,1.1416e-01,1.0437
3157.80,4.62836023e-03,7.216878e-03,3.855174e-06,-1.7535817243e-10,1.2055e-01,1.0437
3158.30,4.69422715e-03,7.218339e-03,3.498870e-06,-1.7535850549e-10,1.2691e-01,1.0437
3158.81,4.64842561e-03,7.213294e-03,3.244884e-06,-1.7536072594e-10,1.3322e-01,1.0437
3159.32,4.48737998e-03,7.203650e-03,3.089588e-06,-1.7536183616e-10,1.3949e-01,1.0437
3159.82,4.21422323e-03,7.190251e-03,3.048982e-06,-1.7536183616e-10,1.4571e-01,1.0437
3160.33,3.83754122e-03,7.172473e-03,3.164807e-06,-1.7536327945e-10,1.5189e-01,1.0437
3160.84,3.36987586e-03,7.148907e-03,3.469101e-06,-1.7536327945e-10,1.5803e-01,1.0437
3161.34,2.82800862e-03,7.118358e-03,3.947671e-06,-1.7536527785e-10,1.6413e-01,1.0437
3161.85,2.23433303e-03,7.079327e-03,4.545151e-06,-1.7543366759e-10,1.5656e-01,1.0375
3162.36,1.61768525e-03,7.035659e-03,5.197097e-06,-1.7543433373e-10,1.6273e-01,1.0375
3162.86,1.01291257e-03,6.987041e-03,5.852837e-06,-1.7543511088e-10,1.6886e-01,1.0375
3163.37,4.58981806e-04,6.938151e-03,6.484199e-06,-1.7551282649e-10,5.1337e-02,1.0312
3163.88,-4.26674219e-06,6.889087e-03,7.084250e-06,-1.7552259646e-10,5.5826e-02,1.0312
3164.38,-3.41539815e-04,6.844660e-03,7.659862e-06,-1.7552903575e-10,5.7803e-02,1.0312
3164.89,-5.29600934e-04,6.806399e-03,8.219583e-06,-1.7553747345e-10,5.4441e-02,1.0312
3165.40,-5.64429921e-04,6.778238e-03,8.766919e-06,-1.7554357967e-10,4.9220e-02,1.0312
3165.90,-4.63981077e-04,6.758091e-03,9.300150e-06,-1.7555068510e-10,4.9060e-02,1.0312
3166.41,-2.64193968e-04,6.736860e-03,9.814878e-06,-1.7555923382e-10,4.3318e-02,1.0312
3166.92,-9.79327594e-06,6.711266e-03,1.030630e-05,-1.7556733845e-10,4.3640e-02,1.0312
3167.42,2.55415090e-04,6.678263e-03,1.077000e-05,-1.7557721943e-10,3.7582e-02,1.0312
3167.93,4.95440020e-04,6.642928e-03,1.120191e-05,-1.7558621224e-10,3.7823e-02,1.0312
3168.44,6.86118369e-04,6.608839e-03,1.159851e-05,-1.7559820265e-10,3.3279e-02,1.0312
3168.94,8.18058563e-04,6.581249e-03,1.195715e-05,-1.7564449895e-10,2.6964e-02,1.0312
3169.45,8.97697625e-04,6.563980e-03,1.227607e-05,-1.7568235755e-10,2.2380e-02,1.0312
3169.96,9.43345411e-04,6.557434e-03,1.255389e-05,-1.7577184153e-10,1.5676e-02,1.0437
3170.46,9.75071248e-04,6.563673e-03,1.278889e-05,-1.7577306277e-10,1.9953e-02,1.0437
3170.97,1.00305829e-03,6.580904e-03,1.297870e-05,-1.7577506117e-10,2.3158e-02,1.0437
3171.48,1.02243744e-03,6.607942e-03,1.312074e-05,-1.7577939104e-10,2.4883e-02,1.0437
3171.99,1.01884909e-03,6.643336e-03,1.321308e-05,-1.7581724965e-10,2.5148e-02,1.0437
3172.49,9.80772596e-04,6.685611e-03,1.325464e-05,-1.7582046929e-10,2.4086e-02,1.0437
3173.00,9.09333632e-04,6.733425e-03,1.324489e-05,-1.7582191258e-10,2.2009e-02,1.0437
3173.51,8.18622445e-04,6.785328e-03,1.318397e-05,-1.7582213463e-10,1.9229e-02,1.0437
3174.01,7.27133693e-04,6.839368e-03,1.307396e-05,-1.7582446610e-10,1.9797e-02,1.0437
3174.52,6.47111773e-04,6.892950e-03,1.292010e-05,-1.7582502121e-10,2.6812e-02,1.0437
3175.03,5.79129339e-04,6.943083e-03,1.273043e-05,-1.7582479916e-10,3.3931e-02,1.0437
3175.53,5.14854321e-04,6.985979e-03,1.251365e-05,-1.7582679757e-10,4.1054e-02,1.0437
3176.04,4.45277018e-04,7.017030e-03,1.227631e-05,-1.7582668654e-10,4.8175e-02,1.0437
3176.55,3.68326038e-04,7.031857e-03,1.202086e-05,-1.7582857392e-10,5.5293e-02,1.0437
3177.05,2.90704203e-04,7.028055e-03,1.174525e-05,-1.7582901801e-10,6.2410e-02,1.0437
3177.56,2.23289339e-04,7.004568e-03,1.144484e-05,-1.7583035028e-10,6.9528e-02,1.0437
3178.07,1.74187105e-04,6.967853e-03,1.111510e-05,-1.7583123846e-10,7.6485e-02,1.0437
3178.57,1.44464520e-04,6.927004e-03,1.075436e-05,-1.7583179357e-10,8.3414e-02,1.0437
3179.08,1.28561015e-04,6.890713e-03,1.036464e-05,-1.7583379197e-10,9.0168e-02,1.0437
3179.59,1.17208031e-04,6.865436e-03,9.950256e-06,-1.7583268175e-10,9.6725e-02,1.0437
3180.09,1.00320095e-04,6.854656e-03,9.516117e-06,-1.7583356993e-10,1.0324e-01,1.0437
3180.60,6.77098183e-05,6.859116e-03,9.066912e-06,-1.7583523526e-10,1.0971e-01,1.0437
3181.11,7.80684701e-06,6.877004e-03,8.607598e-06,-1.7583601242e-10,1.1614e-01,1.0437
3181.61,-9.57807278e-05,6.903026e-03,8.143804e-06,-1.7583712264e-10,1.2252e-01,1.0437
3182.12,-2.64341345e-04,6.928107e-03,7.682505e-06,-1.7583778877e-10,1.2886e-01,1.0437
3182.63,-5.16566828e-04,6.943841e-03,7.232133e-06,-1.7583845491e-10,1.3516e-01,1.0437
3183.13,-8.59179406e-04,6.944302e-03,6.802379e-06,-1.7584034229e-10,1.4141e-01,1.0437
3183.64,-1.28935871e-03,6.926208e-03,6.403776e-06,-1.7584145251e-10,1.4763e-01,1.0437
3184.15,-1.81228592e-03,6.888715e-03,6.046422e-06,-1.7591161861e-10,1.4779e-01,1.0375
3184.65,-2.45836647e-03,6.833678e-03,5.739289e-06,-1.7591250678e-10,1.5403e-01,1.0375
3185.16,-3.27406986e-03,6.766380e-03,5.488211e-06,-1.7591228474e-10,1.6022e-01,1.0375
3185.67,-4.27674380e-03,6.693918e-03,5.294409e-06,-1.7591395007e-10,1.6637e-01,1.0375
3186.18,-5.40184758e-03,6.624287e-03,5.154409e-06,-1.7591872403e-10,2.9639e-02,1.0375
3186.68,-6.48961735e-03,6.564721e-03,5.060575e-06,-1.7616252901e-10,3.2388e-02,1.0375
3187.19,-7.32503098e-03,6.520727e-03,5.002602e-06,-1.7647150408e-10,3.7192e-02,1.0437
3187.70,-7.70872907e-03,6.494092e-03,4.970065e-06,-1.7662660223e-10,3.9579e-02,1.0437
3188.20,-7.52032703e-03,6.483488e-03,4.955380e-06,-1.7688728260e-10,3.9755e-02,1.0500
3188.71,-6.75541277e-03,6.484810e-03,4.955901e-06,-1.7699952615e-10,3.9079e-02,1.0500
3189.22,-5.53058902e-03,6.492391e-03,4.974253e-06,-1.7703039035e-10,3.8362e-02,1.0500
3189.72,-4.06768677e-03,6.500531e-03,5.016859e-06,-1.7703405408e-10,3.8041e-02,1.0500
3190.23,-2.63824173e-03,6.504724e-03,5.091193e-06,-1.7703594146e-10,3.7116e-02,1.0500
3190.74,-1.49439465e-03,6.502511e-03,5.202578e-06,-1.7703549737e-10,3.4440e-02,1.0500
3191.24,-7.97711258e-04,6.494315e-03,5.351735e-06,-1.7703682964e-10,3.2790e-02,1.0500
3191.75,-5.70845632e-04,6.481847e-03,5.534040e-06,-1.7703682964e-10,3.1690e-02,1.0500
3192.26,-7.07674487e-04,6.468533e-03,5.741087e-06,-1.7703860600e-10,3.4418e-02,1.0500
3192.76,-1.03995343e-03,6.457874e-03,5.963569e-06,-1.7704016031e-10,4.1454e-02,1.0500
3193.27,-1.41647333e-03,6.452381e-03,6.193698e-06,-1.7704027133e-10,4.8487e-02,1.0500
3193.78,-1.75078521e-03,6.452760e-03,6.426248e-06,-1.7704160360e-10,5.5519e-02,1.0500
3194.28,-2.02057925e-03,6.458181e-03,6.658328e-06,-1.7704171462e-10,6.2365e-02,1.0500
3194.79,-2.24016419e-03,6.467185e-03,6.888381e-06,-1.7704304689e-10,6.9020e-02,1.0500
3195.30,-2.42599271e-03,6.478158e-03,7.115038e-06,-1.7704382405e-10,7.5633e-02,1.0500
3195.80,-2.57498726e-03,6.489977e-03,7.336158e-06,-1.7704560040e-10,8.2204e-02,1.0500
3196.31,-2.66248743e-03,6.500853e-03,7.548123e-06,-1.7704571142e-10,8.8734e-02,1.0500
3196.82,-2.65581466e-03,6.510532e-03,7.745629e-06,-1.7704693267e-10,9.5223e-02,1.0500
3197.32,-2.53255429e-03,6.520047e-03,7.922032e-06,-1.7704737676e-10,1.0167e-01,1.0500
3197.83,-2.29230679e-03,6.530383e-03,8.070115e-06,-1.7704848698e-10,1.0807e-01,1.0500
3198.34,-1.95975792e-03,6.541983e-03,8.183087e-06,-1.7704981925e-10,1.1444e-01,1.0500
3198.84,-1.57600980e-03,6.553855e-03,8.255381e-06,-1.7705004129e-10,1.2076e-01,1.0500
3199.35,-1.18533603e-03,6.565885e-03,8.283840e-06,-1.7705115152e-10,1.2704e-01,1.0500
3199.86,-8.25034582e-04,6.578670e-03,8.268784e-06,-1.7705192867e-10,1.3328e-01,1.0500
3200.37,-5.14639219e-04,6.591655e-03,8.214337e-06,-1.7705259481e-10,1.3947e-01,1.0500
3200.87,-2.56534640e-04,6.603994e-03,8.127972e-06,-1.7712442624e-10,1.2612e-01,1.0437
3201.38,-4.22035098e-05,6.614330e-03,8.019855e-06,-1.7712586953e-10,1.3244e-01,1.0437
3201.89,1.43572250e-04,6.621093e-03,7.902223e-06,-1.7712609157e-10,1.3871e-01,1.0437
3202.39,3.13885320e-04,6.622906e-03,7.786139e-06,-1.7712675771e-10,1.4494e-01,1.0437
3202.90,4.78025370e-04,6.618639e-03,7.677945e-06,-1.7712831202e-10,1.5113e-01,1.0437
3203.41,6.42007233e-04,6.607226e-03,7.578177e-06,-1.7712886713e-10,1.5727e-01,1.0437
3203.91,8.09549067e-04,6.588162e-03,7.483987e-06,-1.7712986633e-10,1.6337e-01,1.0437
3204.42,9.86815651e-04,6.561679e-03,7.392213e-06,-1.7719903322e-10,1.2433e-01,1.0375
3204.93,1.18200345e-03,6.524936e-03,7.303563e-06,-1.7719936629e-10,1.3074e-01,1.0375
3205.43,1.40551250e-03,6.482604e-03,7.226616e-06,-1.7720158674e-10,1.3710e-01,1.0375
3205.94,1.66705271e-03,6.435308e-03,7.175072e-06,-1.7720269696e-10,1.4341e-01,1.0375
3206.45,1.97391721e-03,6.388441e-03,7.160735e-06,-1.7720303003e-10,1.4968e-01,1.0375
3206.95,2.32715175e-03,6.350698e-03,7.190821e-06,-1.7720380718e-10,1.5591e-01,1.0375
3207.46,2.71968909e-03,6.337314e-03,7.266107e-06,-1.7720491741e-10,1.6209e-01,1.0375
3207.97,3.13644541e-03,6.357519e-03,7.380284e-06,-1.7720624967e-10,1.6822e-01,1.0375
3208.47,3.55108245e-03,6.413876e-03,7.525688e-06,-1.7720702683e-10,1.7431e-01,1.0375
3208.98,3.92928846e-03,6.496558e-03,7.690617e-06,-1.7731816015e-10,4.7876e-02,1.0312
3209.49,4.23313439e-03,6.583999e-03,7.867387e-06,-1.7732415536e-10,5.4519e-02,1.0312
3209.99,4.42897963e-03,6.654371e-03,8.048940e-06,-1.7732726398e-10,5.5896e-02,1.0312
3210.50,4.48909495e-03,6.700495e-03,8.229629e-06,-1.7733248203e-10,4.6832e-02,1.0312
3211.01,4.38896253e-03,6.724511e-03,8.406393e-06,-1.7735091173e-10,1.1831e-02,1.0375
3211.51,4.11329491e-03,6.735576e-03,8.579192e-06,-1.7736134783e-10,2.5490e-02,1.0375
3212.02,3.67757223e-03,6.738511e-03,8.750243e-06,-1.7756196513e-10,2.0063e-02,1.0437
3212.53,3.14390431e-03,6.739816e-03,8.921315e-06,-1.7781487394e-10,2.2825e-02,1.0437
3213.03,2.60181423e-03,6.738817e-03,9.092088e-06,-1.7787660234e-10,2.4416e-02,1.0437
3213.54,2.11088988e-03,6.734503e-03,9.260419e-06,-1.7797785468e-10,2.4554e-02,1.0500
3214.05,1.64592230e-03,6.727137e-03,9.423670e-06,-1.7797963103e-10,2.3014e-02,1.0500
3214.56,1.09862529e-03,6.717610e-03,9.579311e-06,-1.7798018614e-10,1.9841e-02,1.0500
3215.06,3.53584699e-04,6.707717e-03,9.724022e-06,-1.7798151841e-10,1.5346e-02,1.0500
3215.57,-6.06831163e-04,6.699446e-03,9.853479e-06,-1.7798174046e-10,2.1930e-02,1.0500
3216.08,-1.65162699e-03,6.694557e-03,9.963344e-06,-1.7798240659e-10,2.8822e-02,1.0500
3216.58,-2.54647951e-03,6.695042e-03,1.005033e-05,-1.7798407193e-10,3.5674e-02,1.0500
3217.09,-3.05872494e-03,6.703238e-03,1.011193e-05,-1.7798496010e-10,4.2487e-02,1.0500
3217.60,-3.05435945e-03,6.721629e-03,1.014474e-05,-1.7798529317e-10,4.9260e-02,1.0500
3218.10,-2.54782728e-03,6.752071e-03,1.014460e-05,-1.7798684748e-10,5.5992e-02,1.0500
3218.61,-1.69279579e-03,6.794643e-03,1.010670e-05,-1.7798729157e-10,6.2684e-02,1.0500
3219.12,-7.25820047e-04,6.848588e-03,1.002606e-05,-1.7798829077e-10,6.9335e-02,1.0500
3219.62,1.13038748e-04,6.912832e-03,9.898169e-06,-1.7798940100e-10,7.5945e-02,1.0500
3220.13,6.55171509e-04,6.985768e-03,9.719153e-06,-1.7799051122e-10,8.2514e-02,1.0500
3220.64,8.44485424e-04,7.066173e-03,9.485877e-06,-1.7799084429e-10,8.9042e-02,1.0500
3221.14,7.27851016e-04,7.152598e-03,9.196901e-06,-1.7799217655e-10,9.5528e-02,1.0500
3221.65,4.09233234e-04,7.242889e-03,8.853870e-06,-1.7799262064e-10,1.0197e-01,1.0500
3222.16,-2.35917297e-06,7.334615e-03,8.462577e-06,-1.7799439700e-10,1.0838e-01,1.0500
3222.66,-4.25070370e-04,7.424760e-03,8.033834e-06,-1.7806545127e-10,1.0474e-01,1.0437
3223.17,-8.11473287e-04,7.509635e-03,7.583923e-06,-1.7806589536e-10,1.1120e-01,1.0437
3223.68,-1.14218655e-03,7.585845e-03,7.132138e-06,-1.7806589536e-10,1.1762e-01,1.0437
3224.18,-1.41768254e-03,7.651405e-03,6.693371e-06,-1.7806689456e-10,1.2400e-01,1.0437
3224.69,-1.65092669e-03,7.706691e-03,6.269580e-06,-1.7806833785e-10,1.3033e-01,1.0437
3225.20,-1.85599583e-03,7.753145e-03,5.847733e-06,-1.7806911501e-10,1.3661e-01,1.0437
3225.70,-2.03187828e-03,7.792733e-03,5.409657e-06,-1.7807033625e-10,1.4286e-01,1.0437
3226.21,-2.15049404e-03,7.826343e-03,4.946620e-06,-1.7807177954e-10,1.4906e-01,1.0437
3226.72,-2.16182842e-03,7.853931e-03,4.468540e-06,-1.7807166852e-10,3.7182e-02,1.0437
3227.22,-2.01778069e-03,7.875636e-03,4.004549e-06,-1.7807344488e-10,2.8088e-02,1.0437
3227.73,-1.70419776e-03,7.893344e-03,3.598073e-06,-1.7807622044e-10,3.0975e-02,1.0437
3228.24,-1.25746850e-03,7.908627e-03,3.299538e-06,-1.7808621244e-10,3.1783e-02,1.0437
3228.75,-7.54119277e-04,7.922921e-03,3.155172e-06,-1.7811663255e-10,3.0485e-02,1.0437
3229.25,-2.79542779e-04,7.937568e-03,3.190215e-06,-1.7823864606e-10,2.7305e-02,1.0437
3229.76,1.02531436e-04,7.952273e-03,3.394977e-06,-1.7823920118e-10,2.2685e-02,1.0437
3230.27,3.60320263e-04,7.962396e-03,3.735823e-06,-1.7824119958e-10,1.7337e-02,1.0437
3230.77,4.86521275e-04,7.962908e-03,4.174328e-06,-1.7824219878e-10,1.9164e-02,1.0437
3231.28,4.91263287e-04,7.952696e-03,4.678353e-06,-1.7824297593e-10,2.6071e-02,1.0437
3231.79,4.06434538e-04,7.934001e-03,5.222341e-06,-1.7824353105e-10,3.3044e-02,1.0437
3232.29,2.93419485e-04,7.908681e-03,5.784333e-06,-1.7824530740e-10,4.0168e-02,1.0437
3232.80,2.33545941e-04,7.877985e-03,6.343888e-06,-1.7824564047e-10,4.7291e-02,1.0437
3233.31,2.98247206e-04,7.841861e-03,6.881080e-06,-1.7824575149e-10,5.4410e-02,1.0437
3233.81,5.12847342e-04,7.799087e-03,7.376597e-06,-1.7824752785e-10,6.1528e-02,1.0437
3234.32,8.38410370e-04,7.747479e-03,7.812708e-06,-1.7824841603e-10,6.8672e-02,1.0437
3234.83,1.18429439e-03,7.686657e-03,8.174980e-06,-1.7824941523e-10,7.5782e-02,1.0437
3235.33,1.44662221e-03,7.618979e-03,8.454642e-06,-1.7825019238e-10,8.2719e-02,1.0437
3235.84,1.55240677e-03,7.547291e-03,8.650251e-06,-1.7825152465e-10,8.9626e-02,1.0437
3236.35,1.48580318e-03,7.473518e-03,8.767276e-06,-1.7825241283e-10,9.6352e-02,1.0437
3236.85,1.28779835e-03,7.398007e-03,8.816043e-06,-1.7825307896e-10,1.0287e-01,1.0437
3237.36,1.03100120e-03,7.319813e-03,8.810311e-06,-1.7825396714e-10,1.0934e-01,1.0437
3237.87,7.88931887e-04,7.237838e-03,8.766996e-06,-1.7825485532e-10,1.1577e-01,1.0437
3238.37,6.12173500e-04,7.152181e-03,8.703645e-06,-1.7825563248e-10,1.2216e-01,1.0437
3238.88,5.19612540e-04,7.064737e-03,8.631766e-06,-1.7825607657e-10,1.2850e-01,1.0437
3239.39,5.04456578e-04,6.979145e-03,8.550699e-06,-1.7825740883e-10,1.3480e-01,1.0437
3239.89,5.46556360e-04,6.900568e-03,8.449574e-06,-1.7825763088e-10,1.4106e-01,1.0437
3240.40,6.26129285e-04,6.834062e-03,8.318326e-06,-1.7825885212e-10,1.4727e-01,1.0437
3240.91,7.28791676e-04,6.782463e-03,8.158679e-06,-1.7825985132e-10,1.5344e-01,1.0437
3241.42,8.43430289e-04,6.746520e-03,7.985922e-06,-1.7833035049e-10,1.5218e-01,1.0375
3241.92,9.57099089e-04,6.723914e-03,7.821364e-06,-1.7833112764e-10,1.5838e-01,1.0375
3242.43,1.05326088e-03,6.709922e-03,7.682949e-06,-1.7833257093e-10,1.5524e-02,1.0375
3242.94,1.11739190e-03,6.699181e-03,7.580761e-06,-1.7833623467e-10,2.1236e-02,1.0375
3243.44,1.14658740e-03,6.687954e-03,7.517674e-06,-1.7879964176e-10,2.6134e-02,1.0375
3243.95,1.15620824e-03,6.674361e-03,7.491015e-06,-1.7915036121e-10,3.0704e-02,1.0437
3244.46,1.17677052e-03,6.657879e-03,7.493818e-06,-1.7915191552e-10,2.8895e-02,1.0437
3244.96,1.24220215e-03,6.639484e-03,7.517115e-06,-1.7915902095e-10,3.0043e-02,1.0437
3245.47,1.37477982e-03,6.620059e-03,7.553623e-06,-1.7917511919e-10,2.9937e-02,1.0437
3245.98,1.57565027e-03,6.600820e-03,7.601137e-06,-1.7927082041e-10,3.1072e-02,1.0437
3246.48,1.82615992e-03,6.582068e-03,7.661426e-06,-1.7955725795e-10,3.1656e-02,1.0437
3246.99,2.09769962e-03,6.564138e-03,7.736088e-06,-1.7979828737e-10,3.1339e-02,1.0500
3247.50,2.36530939e-03,6.547452e-03,7.824078e-06,-1.7980006373e-10,3.0560e-02,1.0500
3248.00,2.61711240e-03,6.532496e-03,7.923282e-06,-1.7980006373e-10,2.9622e-02,1.0500
3248.51,2.85538521e-03,6.519571e-03,8.034067e-06,-1.7980117395e-10,2.6960e-02,1.0500
3249.02,3.09256107e-03,6.508596e-03,8.160150e-06,-1.7980195111e-10,2.9402e-02,1.0500
3249.52,3.34286084e-03,6.499327e-03,8.304926e-06,-1.7980328337e-10,3.6251e-02,1.0500
3250.03,3.61376790e-03,6.491702e-03,8.466955e-06,-1.7980383848e-10,4.3060e-02,1.0500
3250.54,3.90227858e-03,6.485866e-03,8.639591e-06,-1.7980439360e-10,4.9829e-02,1.0500
3251.04,4.19694255e-03,6.481858e-03,8.815110e-06,-1.7980528177e-10,5.6558e-02,1.0500
3251.55,4.48262974e-03,6.478664e-03,8.988917e-06,-1.7980605893e-10,6.3246e-02,1.0500
3252.06,4.74012500e-03,6.476404e-03,9.160189e-06,-1.7980772427e-10,6.9893e-02,1.0500
3252.56,4.93766178e-03,6.474444e-03,9.329500e-06,-1.7980872347e-10,7.6500e-02,1.0500
3253.07,5.02521675e-03,6.472157e-03,9.496438e-06,-1.7980861244e-10,8.3065e-02,1.0500
3253.58,4.95062680e-03,6.469743e-03,9.658945e-06,-1.7987977774e-10,8.1193e-02,1.0437
3254.08,4.70060996e-03,6.467065e-03,9.813814e-06,-1.7988155410e-10,8.8281e-02,1.0437
3254.59,4.33504123e-03,6.464462e-03,9.957217e-06,-1.7988255330e-10,9.5111e-02,1.0437
3255.10,3.96455511e-03,6.462099e-03,1.008510e-05,-1.7988210921e-10,1.0206e-01,1.0437
3255.61,3.65268978e-03,6.460037e-03,1.019383e-05,-1.7988444068e-10,1.0882e-01,1.0437
3256.11,3.29708235e-03,6.457917e-03,1.028093e-05,-1.7988355250e-10,1.1528e-01,1.0437
3256.62,2.60281993e-03,6.454838e-03,1.034516e-05,-1.7988666112e-10,1.2167e-01,1.0437
3257.13,1.23023612e-03,6.450743e-03,1.038604e-05,-1.7988643908e-10,1.2802e-01,1.0437
3257.63,-9.44649007e-04,6.445920e-03,1.040260e-05,-1.7988743828e-10,1.3433e-01,1.0437
3258.14,-3.67439775e-03,6.440816e-03,1.039281e-05,-1.7988877055e-10,1.4059e-01,1.0437
3258.65,-6.42276869e-03,6.435769e-03,1.035479e-05,-1.7988921464e-10,1.4680e-01,1.0437
3259.15,-8.60316834e-03,6.431130e-03,1.028777e-05,-1.7988910361e-10,1.5298e-01,1.0437
3259.66,-9.77694516e-03,6.427193e-03,1.019283e-05,-1.7989132406e-10,1.5911e-01,1.0437
3260.17,-9.73383448e-03,6.423680e-03,1.007177e-05,-1.7989232326e-10,2.4508e-02,1.0437
3260.67,-8.50388590e-03,6.420331e-03,9.927172e-06,-1.7989332246e-10,2.6382e-02,1.0437
3261.18,-6.35409370e-03,6.416788e-03,9.761075e-06,-1.7989409962e-10,3.2695e-02,1.0437
3261.69,-3.79077804e-03,6.412453e-03,9.574948e-06,-1.7989432166e-10,2.5397e-02,1.0437
3262.19,-1.46740023e-03,6.406791e-03,9.369593e-06,-1.7989609802e-10,3.2174e-02,1.0437
3262.70,7.25893888e-06,6.400884e-03,9.147805e-06,-1.7989676415e-10,3.9089e-02,1.0437
3263.21,3.31765565e-04,6.398802e-03,8.911396e-06,-1.7989720824e-10,4.5963e-02,1.0437
3263.71,-3.56789050e-04,6.407986e-03,8.660518e-06,-1.7989820744e-10,5.2795e-02,1.0437
3264.22,-1.60012875e-03,6.436541e-03,8.395779e-06,-1.7989920664e-10,5.9586e-02,1.0437
3264.73,-2.88109025e-03,6.489680e-03,8.114866e-06,-1.7990098300e-10,6.6335e-02,1.0437
3265.23,-3.83708604e-03,6.568682e-03,7.817168e-06,-1.7990076095e-10,7.3042e-02,1.0437
3265.74,-4.32188635e-03,6.666670e-03,7.500110e-06,-1.7990198220e-10,7.9707e-02,1.0437
3266.25,-4.36338695e-03,6.764861e-03,7.161972e-06,-1.7990242629e-10,8.6330e-02,1.0437
3266.75,-4.08596561e-03,6.840320e-03,6.800976e-06,-1.7990364753e-10,9.2911e-02,1.0437
3267.26,-3.64219872e-03,6.888790e-03,6.413761e-06,-1.7990486878e-10,9.9448e-02,1.0437
3267.77,-3.16811401e-03,6.913922e-03,5.996966e-06,-1.7990575696e-10,1.0594e-01,1.0437
3268.27,-2.75712068e-03,6.924715e-03,5.550546e-06,-1.7990731127e-10,1.1241e-01,1.0375
3268.78,-2.45169245e-03,6.930014e-03,5.080456e-06,-1.7997425772e-10,1.1890e-01,1.0375
3269.29,-2.24758932e-03,6.938741e-03,4.600019e-06,-1.7997558999e-10,1.2534e-01,1.0375
3269.80,-2.10938934e-03,6.956344e-03,4.132561e-06,-1.7997725532e-10,1.3173e-01,1.0375
3270.30,-1.99054459e-03,6.983736e-03,3.715748e-06,-1.7997858759e-10,1.3809e-01,1.0375
3270.81,-1.85133917e-03,7.021110e-03,3.399915e-06,-1.7997869861e-10,1.4439e-01,1.0375
3271.32,-1.67108172e-03,7.064897e-03,3.233923e-06,-1.7997991986e-10,1.5066e-01,1.0375
3271.82,-1.45112020e-03,7.110865e-03,3.242161e-06,-1.7998036395e-10,1.5687e-01,1.0375
3272.33,-1.20978634e-03,7.154653e-03,3.414182e-06,-1.7998147417e-10,1.6305e-01,1.0375
3272.84,-9.75396514e-04,7.190766e-03,3.718844e-06,-1.8008450287e-10,6.6343e-02,1.0312
3273.34,-7.80750484e-04,7.214291e-03,4.122249e-06,-1.8008605718e-10,7.3672e-02,1.0312
3273.85,-6.55119542e-04,7.222042e-03,4.593769e-06,-1.8008738945e-10,2.5720e-02,1.0312
3274.36,-6.18651858e-04,7.213341e-03,5.106168e-06,-1.8009116420e-10,1.9480e-02,1.0312
3274.86,-6.71260692e-04,7.189693e-03,5.635752e-06,-1.8009638225e-10,1.8552e-02,1.0375
3275.37,-7.83347875e-04,7.153598e-03,6.163604e-06,-1.8011436786e-10,2.7458e-02,1.0375
3275.88,-9.02310331e-04,7.108036e-03,6.676968e-06,-1.8028256665e-10,3.4548e-02,1.0437
3276.38,-9.69347091e-04,7.055978e-03,7.170780e-06,-1.8051016237e-10,3.5830e-02,1.0437
3276.89,-9.52226956e-04,7.000214e-03,7.648042e-06,-1.8091661502e-10,3.4161e-02,1.0437
3277.40,-8.74754630e-04,6.943414e-03,8.116865e-06,-1.8148504921e-10,3.5496e-02,1.0500
3277.90,-8.24673509e-04,6.888136e-03,8.585135e-06,-1.8148449410e-10,3.6041e-02,1.0500
3278.41,-9.30233710e-04,6.836553e-03,9.056207e-06,-1.8148627046e-10,3.6436e-02,1.0500
3278.92,-1.29591027e-03,6.789452e-03,9.528719e-06,-1.8148726966e-10,3.1256e-02,1.0500
3279.42,-1.93409651e-03,6.747635e-03,9.999203e-06,-1.8148815784e-10,3.0371e-02,1.0500
3279.93,-2.73281185e-03,6.709774e-03,1.046438e-05,-1.8148826886e-10,2.7028e-02,1.0500
3280.44,-3.48529249e-03,6.674200e-03,1.092162e-05,-1.8148915704e-10,2.7701e-02,1.0500
3280.94,-3.96733016e-03,6.639161e-03,1.136795e-05,-1.8148993419e-10,3.4564e-02,1.0500
3281.45,-4.01895472e-03,6.603399e-03,1.179893e-05,-1.8149204362e-10,4.1385e-02,1.0500
3281.96,-3.60363266e-03,6.566495e-03,1.220823e-05,-1.8149171055e-10,4.8166e-02,1.0500
3282.46,-2.81921607e-03,6.528970e-03,1.258787e-05,-1.8149326486e-10,5.4906e-02,1.0500
3282.97,-1.86594547e-03,6.492365e-03,1.292856e-05,-1.8149393100e-10,6.1605e-02,1.0500
3283.48,-9.79627875e-04,6.459259e-03,1.322018e-05,-1.8149526326e-10,6.8263e-02,1.0500
3283.99,-3.45179828e-04,6.432736e-03,1.345240e-05,-1.8149592940e-10,7.4880e-02,1.0500
3284.49,-3.38628192e-05,6.415509e-03,1.361563e-05,-1.8149703962e-10,8.1455e-02,1.0500
3285.00,3.66962060e-06,6.410281e-03,1.370232e-05,-1.8149859393e-10,8.7990e-02,1.0500
3285.51,-1.04536467e-04,6.418429e-03,1.370784e-05,-1.8149848291e-10,9.4483e-02,1.0500
3286.01,-2.17172536e-04,6.440012e-03,1.363102e-05,-1.8149992620e-10,1.0093e-01,1.0500
3286.52,-2.35753845e-04,6.473518e-03,1.347548e-05,-1.8150014824e-10,1.0734e-01,1.0500
3287.03,-1.25339139e-04,6.515632e-03,1.325254e-05,-1.8150114744e-10,1.1371e-01,1.0500
3287.53,9.15039303e-05,6.561347e-03,1.298331e-05,-1.8150214665e-10,1.2004e-01,1.0500
3288.04,3.60587466e-04,6.605039e-03,1.269466e-05,-1.8150303482e-10,1.2632e-01,1.0500
3288.55,6.31507087e-04,6.642732e-03,1.240774e-05,-1.8157453319e-10,1.2224e-01,1.0437
3289.05,8.83100106e-04,6.673764e-03,1.212552e-05,-1.8157442216e-10,1.2858e-01,1.0437
3289.56,1.12832255e-03,6.700196e-03,1.183284e-05,-1.8157630954e-10,1.3488e-01,1.0437
3290.07,1.39742404e-03,6.724592e-03,1.151098e-05,-1.8157708670e-10,1.4114e-01,1.0437
3290.57,1.70786020e-03,6.747837e-03,1.115500e-05,-1.8157841897e-10,1.4735e-01,1.0437
3291.08,2.04103401e-03,6.768654e-03,1.077883e-05,-1.8157841897e-10,1.5352e-01,1.0437
3291.59,2.33889873e-03,6.784991e-03,1.040442e-05,-1.8157997328e-10,1.5965e-01,1.0437
3292.09,2.52251820e-03,6.795666e-03,1.004587e-05,-1.8158108350e-10,1.6573e-01,1.0437
3292.60,2.52648201e-03,6.801220e-03,9.702362e-06,-1.8165224880e-10,1.3740e-01,1.0375
3293.11,2.33321579e-03,6.803157e-03,9.362617e-06,-1.8165269289e-10,1.4371e-01,1.0375
3293.61,1.98963779e-03,6.802655e-03,9.015654e-06,-1.8165413618e-10,1.4998e-01,1.0375
3294.12,1.59175392e-03,6.799812e-03,8.657203e-06,-1.8165546845e-10,1.5620e-01,1.0375
3294.63,1.24273945e-03,6.793607e-03,8.291240e-06,-1.8165546845e-10,1.6238e-01,1.0375
3295.13,1.01410955e-03,6.783473e-03,7.924169e-06,-1.8165668969e-10,1.6851e-01,1.0375
3295.64,9.24937034e-04,6.770602e-03,7.560357e-06,-1.8176071759e-10,1.6091e-02,1.0375
3296.15,9.45706686e-04,6.761347e-03,7.202600e-06,-1.8176093963e-10,2.0718e-02,1.0375
3296.65,1.02394261e-03,6.763069e-03,6.850585e-06,-1.8176171679e-10,2.4409e-02,1.0375
3297.16,1.11220697e-03,6.782283e-03,6.505927e-06,-1.8176249394e-10,2.7730e-02,1.0375
3297.67,1.18604786e-03,6.816951e-03,6.176193e-06,-1.8176371519e-10,3.1730e-02,1.0375
3298.18,1.24607966e-03,6.858301e-03,5.878938e-06,-1.8176482541e-10,3.8947e-02,1.0375
3298.68,1.30767815e-03,6.892972e-03,5.638315e-06,-1.8176515848e-10,4.6155e-02,1.0375
3299.19,1.38801853e-03,6.914698e-03,5.473455e-06,-1.8176615768e-10,5.3359e-02,1.0375
3299.70,1.49533656e-03,6.926249e-03,5.386428e-06,-1.8176615768e-10,6.0562e-02,1.0375
3300.20,1.62684421e-03,6.933609e-03,5.360839e-06,-1.8176771199e-10,6.7765e-02,1.0375
3300.71,1.77134386e-03,6.944793e-03,5.374446e-06,-1.8176948835e-10,7.4749e-02,1.0375
3301.22,1.91629761e-03,6.965373e-03,5.413084e-06,-1.8176993244e-10,8.1646e-02,1.0375
3301.72,2.05415470e-03,6.998348e-03,5.473606e-06,-1.8177104266e-10,8.8336e-02,1.0375
3302.23,2.18427445e-03,7.044019e-03,5.556716e-06,-1.8177226391e-10,9.4982e-02,1.0375
3302.74,2.31060420e-03,7.102031e-03,5.659174e-06,-1.8177193084e-10,1.0158e-01,1.0375
3303.24,2.43938499e-03,7.169622e-03,5.772495e-06,-1.8177315209e-10,9.7067e-03,1.0375
3303.75,2.57519875e-03,7.244311e-03,5.887690e-06,-1.8180834616e-10,1.8588e-02,1.0375
3304.26,2.72119337e-03,7.319670e-03,6.000801e-06,-1.8252321876e-10,2.4269e-02,1.0375
3304.76,2.87960214e-03,7.390375e-03,6.114174e-06,-1.8260237766e-10,2.7106e-02,1.0437
3305.27,3.05227967e-03,7.454597e-03,6.230685e-06,-1.8260237766e-10,2.7231e-02,1.0437
3305.78,3.24007224e-03,7.514251e-03,6.350723e-06,-1.8260293277e-10,2.4898e-02,1.0437
3306.28,3.44114299e-03,7.570652e-03,6.472256e-06,-1.8260504220e-10,2.0425e-02,1.0437
3306.79,3.64875739e-03,7.621758e-03,6.593177e-06,-1.8260626344e-10,1.4231e-02,1.0437
3307.30,3.84955770e-03,7.663332e-03,6.713664e-06,-1.8260648549e-10,1.7040e-02,1.0437
3307.80,4.02432497e-03,7.692245e-03,6.835455e-06,-1.8260781776e-10,2.4175e-02,1.0437
3308.31,4.15181997e-03,7.708194e-03,6.958822e-06,-1.8260881696e-10,3.1302e-02,1.0437
3308.82,4.21507471e-03,7.712359e-03,7.080651e-06,-1.8260948309e-10,3.8423e-02,1.0437
3309.32,4.20823670e-03,7.705037e-03,7.195267e-06,-1.8260970513e-10,4.5542e-02,1.0437
3309.83,4.14008037e-03,7.685611e-03,7.296330e-06,-1.8261048229e-10,5.2659e-02,1.0437
3310.34,4.02957035e-03,7.651039e-03,7.378382e-06,-1.8261170354e-10,5.9621e-02,1.0437
3310.84,3.89397200e-03,7.603531e-03,7.436116e-06,-1.8261370194e-10,6.6426e-02,1.0437
3311.35,3.73770275e-03,7.550580e-03,7.464791e-06,-1.8261414603e-10,7.3134e-02,1.0437
3311.86,3.54642468e-03,7.499555e-03,7.461765e-06,-1.8261536727e-10,7.9799e-02,1.0437
3312.37,3.27871783e-03,7.459041e-03,7.427266e-06,-1.8261536727e-10,8.6422e-02,1.0437
3312.87,2.84797803e-03,7.435349e-03,7.364652e-06,-1.8261603341e-10,9.3002e-02,1.0437
3313.38,2.11105297e-03,7.431098e-03,7.279432e-06,-1.8261681056e-10,9.9539e-02,1.0437
3313.89,9.12457748e-04,7.443605e-03,7.178747e-06,-1.8261814283e-10,1.0603e-01,1.0437
3314.39,-8.03412057e-04,7.464614e-03,7.072035e-06,-1.8261869794e-10,1.1249e-01,1.0437
3314.90,-2.89993035e-03,7.484720e-03,6.970726e-06,-1.8262091839e-10,1.1889e-01,1.0437
3315.41,-5.05505843e-03,7.495304e-03,6.885753e-06,-1.8262091839e-10,1.2526e-01,1.0437
3315.91,-6.85917230e-03,7.490526e-03,6.822558e-06,-1.8262258372e-10,1.3158e-01,1.0437
3316.42,-7.94072278e-03,7.469262e-03,6.779617e-06,-1.8262336088e-10,1.3786e-01,1.0437
3316.93,-8.07651004e-03,7.432320e-03,6.753904e-06,-1.8269141755e-10,1.3931e-01,1.0375
3317.43,-7.23757797e-03,7.384533e-03,6.745841e-06,-1.8269241675e-10,1.4561e-01,1.0375
3317.94,-5.59375407e-03,7.326486e-03,6.759367e-06,-1.8269363800e-10,1.0589e-01,1.0375
3318.45,-3.49201696e-03,7.268810e-03,6.797847e-06,-1.8269530333e-10,3.8013e-02,1.0375
3318.95,-1.40679174e-03,7.212410e-03,6.860919e-06,-1.8288570658e-10,4.1034e-02,1.0375
3319.46,1.78148341e-04,7.161452e-03,6.944780e-06,-1.8321533179e-10,4.8532e-02,1.0437
3319.97,9.48634299e-04,7.114942e-03,7.044528e-06,-1.8342749541e-10,5.3322e-02,1.0437
3320.47,8.80029885e-04,7.069743e-03,7.156388e-06,-1.8374890498e-10,4.7392e-02,1.0500
3320.98,2.04133630e-04,7.026703e-03,7.279346e-06,-1.8390500234e-10,4.2737e-02,1.0500
3321.49,-7.37235788e-04,6.984616e-03,7.415667e-06,-1.8414014757e-10,3.9220e-02,1.0500
3321.99,-1.63909776e-03,6.942311e-03,7.569464e-06,-1.8416435044e-10,3.6114e-02,1.0500
3322.50,-2.30741296e-03,6.899884e-03,7.743965e-06,-1.8417256609e-10,3.3418e-02,1.0500
3323.01,-2.65808779e-03,6.857735e-03,7.939826e-06,-1.8417467551e-10,3.0947e-02,1.0500
3323.51,-2.68148393e-03,6.816454e-03,8.155603e-06,-1.8417523062e-10,2.8565e-02,1.0500
3324.02,-2.41212110e-03,6.776188e-03,8.388890e-06,-1.8417600778e-10,2.5872e-02,1.0500
3324.53,-1.91578988e-03,6.736519e-03,8.636455e-06,-1.8417578573e-10,2.2471e-02,1.0500
3325.04,-1.28619367e-03,6.698006e-03,8.893714e-06,-1.8417789516e-10,2.8856e-02,1.0500
3325.54,-6.36963926e-04,6.661440e-03,9.154793e-06,-1.8417922742e-10,3.5904e-02,1.0500
3326.05,-8.17236779e-05,6.627521e-03,9.413146e-06,-1.8417989356e-10,4.2942e-02,1.0500
3326.56,2.91177240e-04,6.597800e-03,9.662340e-06,-1.8418078174e-10,4.9976e-02,1.0500
3327.06,4.36728992e-04,6.572178e-03,9.895418e-06,-1.8418155889e-10,5.7009e-02,1.0500
3327.57,3.58122914e-04,6.552073e-03,1.010443e-05,-1.8418155889e-10,6.4042e-02,1.0500
3328.08,9.87044378e-05,6.537823e-03,1.028076e-05,-1.8418244707e-10,7.1075e-02,1.0500
3328.58,-2.74376800e-04,6.529783e-03,1.041587e-05,-1.8418411241e-10,7.7877e-02,1.0500
3329.09,-6.86520508e-04,6.527764e-03,1.050212e-05,-1.8418477854e-10,8.4623e-02,1.0500
3329.60,-1.06670191e-03,6.529480e-03,1.053337e-05,-1.8418766512e-10,9.1139e-02,1.0500
3330.10,-1.35455300e-03,6.532162e-03,1.050565e-05,-1.8418655490e-10,9.7613e-02,1.0500
3330.61,-1.50715074e-03,6.532927e-03,1.041726e-05,-1.8418766512e-10,1.0404e-01,1.0500
3331.12,-1.50551867e-03,6.529566e-03,1.026942e-05,-1.8418933045e-10,1.1043e-01,1.0500
3331.62,-1.35675136e-03,6.521462e-03,1.006822e-05,-1.8418921943e-10,1.1678e-01,1.0500
3332.13,-1.08996810e-03,6.509862e-03,9.825984e-06,-1.8419110681e-10,1.2309e-01,1.0500
3332.64,-7.49411007e-04,6.497577e-03,9.558784e-06,-1.8419110681e-10,1.2935e-01,1.0500
3333.14,-3.85042290e-04,6.488231e-03,9.278243e-06,-1.8419288317e-10,1.3557e-01,1.0500
3333.65,-4.12605410e-05,6.485250e-03,8.982468e-06,-1.8419321623e-10,1.4175e-01,1.0500
3334.16,2.53508385e-04,6.491299e-03,8.657291e-06,-1.8419499259e-10,1.4789e-01,1.0500
3334.66,4.90094890e-04,6.507409e-03,8.286864e-06,-1.8426549175e-10,1.4502e-01,1.0437
3335.17,6.77013554e-04,6.532571e-03,7.867498e-06,-1.8426682402e-10,1.5121e-01,1.0437
3335.68,8.32823752e-04,6.559753e-03,7.412514e-06,-1.8426782322e-10,1.5735e-01,1.0437
3336.18,9.79868625e-04,6.593510e-03,6.944401e-06,-1.8426782322e-10,1.6345e-01,1.0437
3336.69,1.13797011e-03,6.629788e-03,6.483014e-06,-1.8426971060e-10,1.6950e-01,1.0437
3337.20,1.31974557e-03,6.667625e-03,6.037955e-06,-1.8433898852e-10,1.7451e-01,1.0375
3337.70,1.52986904e-03,6.707660e-03,5.612996e-06,-1.8433876647e-10,1.8056e-01,1.0375
3338.21,1.76504454e-03,6.753432e-03,5.216360e-06,-1.8445978078e-10,4.3661e-02,1.0312
3338.72,2.01663174e-03,6.802100e-03,4.866262e-06,-1.8449142214e-10,3.8826e-02,1.0312
3339.23,2.27125505e-03,6.863328e-03,4.585668e-06,-1.8450851957e-10,4.3941e-02,1.0312
3339.73,2.51235283e-03,6.929238e-03,4.390824e-06,-1.8452372963e-10,4.3345e-02,1.0312
3340.24,2.72298853e-03,6.991075e-03,4.279637e-06,-1.8457491091e-10,2.5810e-02,1.0312
3340.75,2.88816573e-03,7.041201e-03,4.233798e-06,-1.8462253948e-10,2.0732e-02,1.0375
3341.25,2.99867125e-03,7.082408e-03,4.233522e-06,-1.8484780373e-10,3.1295e-02,1.0437
3341.76,3.04864088e-03,7.110124e-03,4.269565e-06,-1.8504930921e-10,2.6318e-02,1.0437
3342.27,3.02473226e-03,7.129996e-03,4.343363e-06,-1.8563617310e-10,3.0771e-02,1.0437
3342.77,2.90486827e-03,7.141668e-03,4.459376e-06,-1.8601387097e-10,3.3707e-02,1.0437
3343.28,2.67299923e-03,7.146330e-03,4.618755e-06,-1.8652746014e-10,3.4828e-02,1.0500
3343.79,2.35254753e-03,7.143813e-03,4.819109e-06,-1.8653301126e-10,3.4462e-02,1.0500
3344.29,2.01857254e-03,7.132840e-03,5.057373e-06,-1.8653489864e-10,3.2936e-02,1.0500
3344.80,1.75445743e-03,7.112120e-03,5.330687e-06,-1.8653578682e-10,3.0523e-02,1.0500
3345.31,1.56167688e-03,7.081193e-03,5.634824e-06,-1.8653600886e-10,2.7413e-02,1.0500
3345.81,1.29495897e-03,7.040608e-03,5.963068e-06,-1.8653767420e-10,2.3823e-02,1.0500
3346.32,7.03954943e-04,6.991434e-03,6.307113e-06,-1.8653822931e-10,2.5713e-02,1.0500
3346.83,-4.08388560e-04,6.934792e-03,6.658731e-06,-1.8653945055e-10,3.2748e-02,1.0500
3347.33,-2.01144220e-03,6.871808e-03,7.010539e-06,-1.8654033873e-10,3.9785e-02,1.0500
3347.84,-3.80026265e-03,6.803964e-03,7.355283e-06,-1.8654133793e-10,4.6820e-02,1.0500
3348.35,-5.32009455e-03,6.733593e-03,7.684232e-06,-1.8654244816e-10,5.3853e-02,1.0500
3348.85,-6.16227683e-03,6.664108e-03,7.985871e-06,-1.8654267020e-10,6.0885e-02,1.0500
3349.36,-6.11196122e-03,6.599290e-03,8.246128e-06,-1.8654366940e-10,6.7785e-02,1.0500
3349.87,-5.19828644e-03,6.544311e-03,8.450619e-06,-1.8654433553e-10,7.4631e-02,1.0500
3350.37,-3.67630200e-03,6.502293e-03,8.588366e-06,-1.8654633394e-10,8.1210e-02,1.0500
3350.88,-1.95732863e-03,6.475978e-03,8.655560e-06,-1.8654622291e-10,8.7747e-02,1.0500
3351.39,-4.97545235e-04,6.464791e-03,8.657351e-06,-1.8654711109e-10,9.4242e-02,1.0500
3351.89,3.42559885e-04,6.466239e-03,8.606197e-06,-1.8654888745e-10,1.0070e-01,1.0500
3352.40,4.22666369e-04,6.477099e-03,8.517961e-06,-1.8654877643e-10,1.0711e-01,1.0500
3352.91,-1.47651770e-04,6.494510e-03,8.408339e-06,-1.8654988665e-10,1.1348e-01,1.0500
3353.42,-1.08955694e-03,6.515365e-03,8.290683e-06,-1.8655010869e-10,1.1980e-01,1.0500
3353.92,-2.08954798e-03,6.537331e-03,8.174804e-06,-1.8655255118e-10,1.2609e-01,1.0500
3354.43,-2.90836029e-03,6.559332e-03,8.065275e-06,-1.8655266221e-10,1.3233e-01,1.0500
3354.94,-3.42546315e-03,6.581395e-03,7.962306e-06,-1.8655388345e-10,1.3854e-01,1.0500
3355.44,-3.63032993e-03,6.604054e-03,7.864162e-06,-1.8655432754e-10,1.4469e-01,1.0500
3355.95,-3.58669599e-03,6.627225e-03,7.771124e-06,-1.8662549284e-10,1.4261e-01,1.0437
3356.46,-3.39244383e-03,6.649580e-03,7.686578e-06,-1.8662682510e-10,1.4882e-01,1.0437
3356.96,-3.14719901e-03,6.669126e-03,7.616296e-06,-1.8662682510e-10,1.5498e-01,1.0437
3357.47,-2.93203893e-03,6.684249e-03,7.564000e-06,-1.8662815737e-10,1.6109e-01,1.0437
3357.98,-2.80034113e-03,6.694310e-03,7.529418e-06,-1.8662849044e-10,1.6716e-01,1.0437
3358.48,-2.77526914e-03,6.699862e-03,7.511992e-06,-1.8670098800e-10,1.5329e-01,1.0375
3358.99,-2.85079133e-03,6.702981e-03,7.513667e-06,-1.8670232027e-10,1.5949e-01,1.0375
3359.50,-2.99600384e-03,6.708065e-03,7.540372e-06,-1.8670254232e-10,1.6565e-01,1.0375
3360.00,-3.16352256e-03,6.722218e-03,7.603103e-06,-1.8670276436e-10,1.7176e-01,1.0375
3360.51,-3.29861357e-03,6.751595e-03,7.713509e-06,-1.8670409663e-10,1.7782e-01,1.0375
3361.02,-3.34583309e-03,6.800890e-03,7.877618e-06,-1.8681989289e-10,3.3555e-02,1.0312
3361.52,-3.25316860e-03,6.872427e-03,8.097243e-06,-1.8683254943e-10,3.8428e-02,1.0312
3362.03,-2.97666335e-03,6.960897e-03,8.367222e-06,-1.8684420677e-10,4.1772e-02,1.0312
3362.54,-2.49554511e-03,7.054779e-03,8.678383e-06,-1.8685164527e-10,4.5727e-02,1.0312
3363.04,-1.83536854e-03,7.136716e-03,9.021046e-06,-1.8685741843e-10,5.0877e-02,1.0312
3363.55,-1.08394903e-03,7.197807e-03,9.383908e-06,-1.8686141523e-10,4.5412e-02,1.0312
3364.06,-3.82461889e-04,7.240434e-03,9.756642e-06,-1.8687129621e-10,3.1856e-02,1.0312
3364.56,1.23455521e-04,7.265428e-03,1.013075e-05,-1.8688661729e-10,3.0039e-02,1.0312
3365.07,3.48576702e-04,7.274379e-03,1.049725e-05,-1.8690049508e-10,2.9079e-02,1.0312
3365.58,3.13811085e-04,7.268002e-03,1.084312e-05,-1.8691770354e-10,2.8516e-02,1.0312
3366.08,1.35171317e-04,7.249629e-03,1.115056e-05,-1.8693568915e-10,2.6277e-02,1.0312
3366.59,-3.77898663e-05,7.217154e-03,1.140271e-05,-1.8695855974e-10,2.5971e-02,1.0312
3367.10,-9.33731106e-05,7.172551e-03,1.159064e-05,-1.8698154136e-10,2.7500e-02,1.0312
3367.61,-3.41592619e-07,7.120969e-03,1.171626e-05,-1.8700485604e-10,2.9459e-02,1.0312
3368.11,1.88823661e-04,7.068201e-03,1.178912e-05,-1.8702550619e-10,3.2753e-02,1.0312
3368.62,3.74654650e-04,7.018899e-03,1.181956e-05,-1.8704071625e-10,3.7650e-02,1.0312
3369.13,4.65839907e-04,6.978826e-03,1.181535e-05,-1.8704982008e-10,4.2781e-02,1.0312
3369.63,4.20683335e-04,6.952579e-03,1.178152e-05,-1.8705714755e-10,4.6853e-02,1.0312
3370.14,2.52210452e-04,6.944349e-03,1.172041e-05,-1.8706380889e-10,4.4400e-02,1.0312
3370.65,1.70067708e-05,6.953545e-03,1.163031e-05,-1.8707224658e-10,4.3821e-02,1.0312
3371.15,-2.06709702e-04,6.976180e-03,1.150614e-05,-1.8707779770e-10,4.7038e-02,1.0312
3371.66,-3.50136921e-04,7.005087e-03,1.134316e-05,-1.8708246063e-10,5.3093e-02,1.0312
3372.17,-3.71640409e-04,7.030845e-03,1.114178e-05,-1.8708390392e-10,5.9497e-02,1.0312
3372.67,-2.64927113e-04,7.046577e-03,1.090885e-05,-1.8708545824e-10,6.6510e-02,1.0312
3373.18,-5.77209667e-05,7.049801e-03,1.065441e-05,-1.8708612437e-10,7.2171e-02,1.0312
3373.69,2.01776068e-04,7.041113e-03,1.038649e-05,-1.8708790073e-10,7.9260e-02,1.0312
3374.19,4.67754602e-04,7.023287e-03,1.010903e-05,-1.8708889993e-10,8.4588e-02,1.0312
3374.70,7.14104295e-04,7.000017e-03,9.823254e-06,-1.8709145344e-10,2.4455e-02,1.0375
3375.21,9.36978470e-04,6.976059e-03,9.530381e-06,-1.8720269779e-10,3.2579e-02,1.0375
3375.71,1.14351198e-03,6.954906e-03,9.232382e-06,-1.8737433827e-10,3.0493e-02,1.0437
3376.22,1.33684696e-03,6.939985e-03,8.930010e-06,-1.8770895949e-10,3.5410e-02,1.0437
3376.73,1.51207698e-03,6.932692e-03,8.620005e-06,-1.8798640422e-10,3.8823e-02,1.0437
3377.23,1.66264897e-03,6.933382e-03,8.294259e-06,-1.8858969941e-10,3.5271e-02,1.0500
3377.74,1.79110669e-03,6.942733e-03,7.942114e-06,-1.8859791506e-10,3.7407e-02,1.0563
3378.25,1.91622518e-03,6.958660e-03,7.554161e-06,-1.8859802609e-10,3.4786e-02,1.0563
3378.75,2.06725165e-03,6.980739e-03,7.124611e-06,-1.8859880324e-10,3.5588e-02,1.0563
3379.26,2.27614829e-03,7.006007e-03,6.651550e-06,-1.8860013551e-10,3.1998e-02,1.0563
3379.77,2.56855715e-03,7.032827e-03,6.138326e-06,-1.8860057960e-10,2.8537e-02,1.0563
3380.27,2.96364357e-03,7.059056e-03,5.598231e-06,-1.8860168982e-10,3.5305e-02,1.0563
3380.78,3.47539703e-03,7.081962e-03,5.057986e-06,-1.8860235595e-10,4.2039e-02,1.0563
3381.29,4.11248513e-03,7.100035e-03,4.551194e-06,-1.8860335516e-10,4.8735e-02,1.0563
3381.80,4.86796726e-03,7.113732e-03,4.100295e-06,-1.8860524253e-10,5.5392e-02,1.0563
3382.30,5.70283816e-03,7.125263e-03,3.702190e-06,-1.8860513151e-10,6.2009e-02,1.0563
3382.81,6.53581563e-03,7.137325e-03,3.338263e-06,-1.8860646378e-10,6.8586e-02,1.0563
3383.32,7.25210077e-03,7.150655e-03,3.005969e-06,-1.8860701889e-10,7.5124e-02,1.0563
3383.82,7.73002983e-03,7.165390e-03,2.743485e-06,-1.8860857320e-10,8.1621e-02,1.0563
3384.33,7.86812552e-03,7.179530e-03,2.618288e-06,-1.8867973850e-10,7.5282e-02,1.0500
3384.84,7.60654350e-03,7.192771e-03,2.676071e-06,-1.8868029361e-10,8.1856e-02,1.0500
3385.34,6.94984969e-03,7.204384e-03,2.902920e-06,-1.8868184792e-10,8.8388e-02,1.0500
3385.85,5.98946146e-03,7.214744e-03,3.252297e-06,-1.8868195895e-10,9.4878e-02,1.0500
3386.36,4.89386405e-03,7.223199e-03,3.687963e-06,-1.8868295815e-10,1.0133e-01,1.0500
3386.86,3.84002253e-03,7.226797e-03,4.190658e-06,-1.8868473450e-10,1.0773e-01,1.0500
3387.37,2.91502427e-03,7.226572e-03,4.745267e-06,-1.8868506757e-10,1.1410e-01,1.0500
3387.88,2.06382875e-03,7.220689e-03,5.330846e-06,-1.8868595575e-10,1.2042e-01,1.0500
3388.38,1.13995428e-03,7.209079e-03,5.923528e-06,-1.8868617779e-10,1.2671e-01,1.0500
3388.89,3.69456127e-05,7.192279e-03,6.503185e-06,-1.8868728802e-10,1.3295e-01,1.0500
3389.40,-1.19710731e-03,7.170237e-03,7.059818e-06,-1.8875767616e-10,1.3008e-01,1.0437
3389.90,-2.35089772e-03,7.142727e-03,7.591790e-06,-1.8875978558e-10,1.3637e-01,1.0437
3390.41,-3.15010812e-03,7.109528e-03,8.100662e-06,-1.8875967456e-10,1.4261e-01,1.0437
3390.92,-3.38623791e-03,7.070669e-03,8.586359e-06,-1.8876100683e-10,1.4882e-01,1.0437
3391.42,-3.01041557e-03,7.026183e-03,9.048890e-06,-1.8876167296e-10,1.5498e-01,1.0437
3391.93,-2.15081561e-03,6.976417e-03,9.489067e-06,-1.8876278318e-10,1.6109e-01,1.0437
3392.44,-1.06963607e-03,6.921426e-03,9.909168e-06,-1.8876400443e-10,1.6716e-01,1.0437
3392.94,-6.78839242e-05,6.860449e-03,1.031167e-05,-1.8886758824e-10,5.1329e-02,1.0375
3393.45,6.21079636e-04,6.794597e-03,1.069807e-05,-1.8886947561e-10,5.3306e-02,1.0375
3393.96,9.03949041e-04,6.729328e-03,1.106632e-05,-1.8886958664e-10,6.0559e-02,1.0375
3394.46,8.28792953e-04,6.674592e-03,1.141289e-05,-1.8887025277e-10,2.0401e-02,1.0375
3394.97,5.24181789e-04,6.641173e-03,1.173633e-05,-1.8887258424e-10,1.3945e-02,1.0375
3395.48,1.25176510e-04,6.636900e-03,1.203403e-05,-1.8887547082e-10,1.7054e-02,1.0375
3395.99,-2.69925352e-04,6.666611e-03,1.230500e-05,-1.8887702513e-10,2.3425e-02,1.0375
3396.49,-6.01485290e-04,6.726488e-03,1.254626e-05,-1.8887813535e-10,3.0156e-02,1.0375
3397.00,-8.30246481e-04,6.803734e-03,1.275187e-05,-1.8888035580e-10,3.6924e-02,1.0375
3397.51,-9.25680369e-04,6.873628e-03,1.291500e-05,-1.8888091091e-10,4.3125e-02,1.0375
3398.01,-8.72303009e-04,6.919416e-03,1.302639e-05,-1.8888213216e-10,5.0060e-02,1.0375
3398.52,-6.86036606e-04,6.938682e-03,1.307725e-05,-1.8888302034e-10,5.7295e-02,1.0375
3399.03,-4.22568823e-04,6.937437e-03,1.306205e-05,-1.8888424158e-10,6.4504e-02,1.0375
3399.53,-1.64766212e-04,6.923304e-03,1.298059e-05,-1.8888479669e-10,7.1709e-02,1.0375
3400.04,8.94825474e-06,6.903654e-03,1.283733e-05,-1.8888524078e-10,7.9003e-02,1.0375
3400.55,5.86364980e-05,6.886564e-03,1.263956e-05,-1.8888579589e-10,8.6174e-02,1.0375
3401.05,-1.13453265e-06,6.876989e-03,1.239618e-05,-1.8888701714e-10,9.3104e-02,1.0375
3401.56,-1.12548308e-04,6.879943e-03,1.211771e-05,-1.8888801634e-10,1.0010e-01,1.0375
3402.07,-2.04840628e-04,6.899970e-03,1.181460e-05,-1.8888934861e-10,1.0692e-01,1.0375
3402.57,-2.25715022e-04,6.938683e-03,1.149486e-05,-1.8889023679e-10,1.1345e-01,1.0375
3403.08,-1.57478259e-04,6.991375e-03,1.116212e-05,-1.8889012576e-10,1.1992e-01,1.0375
3403.59,-1.53364481e-05,7.049472e-03,1.081689e-05,-1.8889256825e-10,1.2636e-01,1.0375
3404.09,1.67188374e-04,7.103336e-03,1.046045e-05,-1.8889256825e-10,1.3275e-01,1.0375
3404.60,3.54723110e-04,7.145170e-03,1.009706e-05,-1.8889323439e-10,1.3909e-01,1.0375
3405.11,5.20553066e-04,7.169831e-03,9.731889e-06,-1.8889467768e-10,1.4539e-01,1.0375
3405.61,6.50334881e-04,7.177256e-03,9.366754e-06,-1.8889589892e-10,1.5165e-01,1.0375
3406.12,7.42570083e-04,7.169625e-03,8.998518e-06,-1.8889745323e-10,1.6798e-02,1.0375
3406.63,8.08144312e-04,7.150346e-03,8.622527e-06,-1.8900536691e-10,2.5600e-02,1.0375
3407.13,8.66641450e-04,7.123715e-03,8.237381e-06,-1.8934609436e-10,3.4119e-02,1.0437
3407.64,9.37377675e-04,7.092399e-03,7.846534e-06,-1.8954449121e-10,3.3459e-02,1.0437
3408.15,1.02620064e-03,7.059072e-03,7.456370e-06,-1.8999046780e-10,3.6182e-02,1.0437
3408.66,1.10747340e-03,7.025175e-03,7.074282e-06,-1.9028079112e-10,3.7174e-02,1.0500
3409.16,1.09956199e-03,6.991438e-03,6.709299e-06,-1.9028101317e-10,3.6638e-02,1.0500
3409.67,8.48658324e-04,6.957832e-03,6.373973e-06,-1.9028167930e-10,3.8677e-02,1.0500
3410.18,1.60533951e-04,6.922916e-03,6.084335e-06,-1.9028167930e-10,3.7423e-02,1.0500
3410.68,-1.10011552e-03,6.885357e-03,5.856950e-06,-1.9028356668e-10,3.3888e-02,1.0500
3411.19,-2.89185683e-03,6.844645e-03,5.705467e-06,-1.9028512099e-10,3.1161e-02,1.0500
3411.70,-4.95601599e-03,6.800679e-03,5.638870e-06,-1.9028556508e-10,2.8467e-02,1.0500
3412.20,-6.89710041e-03,6.754037e-03,5.659618e-06,-1.9028667531e-10,2.5055e-02,1.0500
3412.71,-8.31539681e-03,6.706163e-03,5.763490e-06,-1.9028811860e-10,2.6564e-02,1.0500
3413.22,-8.91757819e-03,6.659086e-03,5.939472e-06,-1.9028811860e-10,3.3604e-02,1.0500
3413.72,-8.57559902e-03,6.615205e-03,6.169282e-06,-1.9028933984e-10,4.0641e-02,1.0500
3414.23,-7.35486594e-03,6.576975e-03,6.427575e-06,-1.9029000597e-10,4.7675e-02,1.0500
3414.74,-5.52442274e-03,6.546754e-03,6.684046e-06,-1.9029111620e-10,5.4708e-02,1.0500
3415.24,-3.51980869e-03,6.526501e-03,6.907618e-06,-1.9029233744e-10,6.1740e-02,1.0500
3415.75,-1.83575843e-03,6.517449e-03,7.072042e-06,-1.9029355869e-10,6.8609e-02,1.0500
3416.26,-8.55448549e-04,6.519116e-03,7.161546e-06,-1.9029300358e-10,7.5435e-02,1.0500
3416.76,-6.93811963e-04,6.530663e-03,7.174219e-06,-1.9029444687e-10,8.2009e-02,1.0500
3417.27,-1.17096893e-03,6.549853e-03,7.121381e-06,-1.9029544607e-10,8.8541e-02,1.0500
3417.78,-1.92722468e-03,6.573661e-03,7.023729e-06,-1.9029722242e-10,9.5031e-02,1.0500
3418.28,-2.59987153e-03,6.600870e-03,6.907054e-06,-1.9029888776e-10,1.0148e-01,1.0500
3418.79,-2.93913784e-03,6.629664e-03,6.797961e-06,-1.9029788856e-10,1.0789e-01,1.0500
3419.30,-2.84411599e-03,6.657539e-03,6.717300e-06,-1.9029933185e-10,1.1425e-01,1.0500
3419.80,-2.35242769e-03,6.684692e-03,6.672158e-06,-1.9030121923e-10,1.2057e-01,1.0500
3420.31,-1.61000505e-03,6.710215e-03,6.653410e-06,-1.9030110820e-10,1.2685e-01,1.0500
3420.82,-8.25223218e-04,6.733910e-03,6.644136e-06,-1.9030255149e-10,1.3309e-01,1.0500
3421.32,-2.03849401e-04,6.755178e-03,6.633899e-06,-1.9030288456e-10,1.3929e-01,1.0500
3421.83,1.23109629e-04,6.772320e-03,6.627011e-06,-1.9037493804e-10,1.1317e-02,1.0437
3422.34,1.45154146e-04,6.785165e-03,6.638222e-06,-1.9037549315e-10,1.4749e-02,1.0437
3422.85,-3.88932348e-05,6.792489e-03,6.680331e-06,-1.9037627030e-10,1.2696e-02,1.0437
3423.35,-2.78767742e-04,6.794868e-03,6.753916e-06,-1.9037815768e-10,6.3375e-03,1.0437
3423.86,-4.43471837e-04,6.793827e-03,6.847536e-06,-1.9038026711e-10,5.5262e-03,1.0437
3424.37,-4.70227190e-04,6.790966e-03,6.945687e-06,-1.9038270960e-10,1.1929e-02,1.0437
3424.87,-3.69793985e-04,6.787146e-03,7.037088e-06,-1.9038381982e-10,1.9124e-02,1.0437
3425.38,-2.04779209e-04,6.782406e-03,7.116064e-06,-1.9038393084e-10,2.5899e-02,1.0437
3425.89,-5.00324648e-05,6.776260e-03,7.178643e-06,-1.9038481902e-10,3.2292e-02,1.0437
3426.39,4.19976305e-05,6.768028e-03,7.218363e-06,-1.9038670640e-10,3.9229e-02,1.0437
3426.90,5.61849061e-05,6.757559e-03,7.225558e-06,-1.9038692844e-10,4.6371e-02,1.0437
3427.41,1.06805513e-05,6.744749e-03,7.190433e-06,-1.9038659538e-10,5.3494e-02,1.0437
3427.91,-5.89364963e-05,6.729485e-03,7.105469e-06,-1.9038970400e-10,6.0613e-02,1.0437
3428.42,-1.17469534e-04,6.713819e-03,6.968699e-06,-1.9038870480e-10,6.7731e-02,1.0437
3428.93,-1.42271992e-04,6.701896e-03,6.788328e-06,-1.9039059218e-10,7.4903e-02,1.0437
3429.43,-1.25465152e-04,6.696705e-03,6.588989e-06,-1.9039125831e-10,8.2002e-02,1.0437
3429.94,-7.12026473e-05,6.696912e-03,6.414453e-06,-1.9039292365e-10,8.8834e-02,1.0437
3430.45,1.07672763e-05,6.696063e-03,6.314162e-06,-1.9039370081e-10,9.5675e-02,1.0437
3430.95,1.10146665e-04,6.688699e-03,6.315340e-06,-1.9039458898e-10,1.0228e-01,1.0437
3431.46,2.19404502e-04,6.673015e-03,6.403873e-06,-1.9039558818e-10,1.0876e-01,1.0437
3431.97,3.36230077e-04,6.651445e-03,6.537220e-06,-1.9039592125e-10,1.1519e-01,1.0437
3432.47,4.61965108e-04,6.629031e-03,6.678775e-06,-1.9039692045e-10,1.2158e-01,1.0437
3432.98,5.98374105e-04,6.611374e-03,6.821528e-06,-1.9039769761e-10,1.2793e-01,1.0437
3433.49,7.45825827e-04,6.602302e-03,6.983191e-06,-1.9039902988e-10,1.3424e-01,1.0437
3433.99,9.02904783e-04,6.602767e-03,7.181848e-06,-1.9039980703e-10,1.4050e-01,1.0437
3434.50,1.06920151e-03,6.613259e-03,7.416766e-06,-1.9040091725e-10,1.4672e-01,1.0437
3435.01,1.25026648e-03,6.634369e-03,7.669806e-06,-1.9040136134e-10,1.5289e-01,1.0437
3435.51,1.45343152e-03,6.665669e-03,7.921236e-06,-1.9047330380e-10,7.2808e-03,1.0437
3436.02,1.68038441e-03,6.704787e-03,8.161939e-06,-1.9047474709e-10,2.1060e-02,1.0437
3436.53,1.92596718e-03,6.746800e-03,8.393149e-06,-1.9070844903e-10,1.9789e-02,1.0437
3437.04,2.17974225e-03,6.786905e-03,8.618777e-06,-1.9077694979e-10,2.3539e-02,1.0437
3437.54,2.42906024e-03,6.821333e-03,8.839666e-06,-1.9117496475e-10,2.5447e-02,1.0437
3438.05,2.66308110e-03,6.848471e-03,9.053439e-06,-1.9128942874e-10,2.5173e-02,1.0500
3438.56,2.87942736e-03,6.868009e-03,9.258103e-06,-1.9128842954e-10,2.2613e-02,1.0500
3439.06,3.08213575e-03,6.878651e-03,9.453383e-06,-1.9129053896e-10,1.7993e-02,1.0500
3439.57,3.27080739e-03,6.878530e-03,9.639504e-06,-1.9129120510e-10,1.6651e-02,1.0500
3440.08,3.42921650e-03,6.866871e-03,9.814981e-06,-1.9129220430e-10,2.3637e-02,1.0500
3440.58,3.52904666e-03,6.845133e-03,9.975579e-06,-1.9129386963e-10,3.0673e-02,1.0500
3441.09,3.54416225e-03,6.816980e-03,1.011529e-05,-1.9129398066e-10,3.7709e-02,1.0500
3441.60,3.46960521e-03,6.787341e-03,1.022782e-05,-1.9129475781e-10,4.4742e-02,1.0500
3442.10,3.32828743e-03,6.762394e-03,1.030730e-05,-1.9129542395e-10,5.1501e-02,1.0500
3442.61,3.16399943e-03,6.748256e-03,1.034797e-05,-1.9129708928e-10,5.8222e-02,1.0500
3443.12,3.00821224e-03,6.750018e-03,1.034397e-05,-1.9129708928e-10,6.4902e-02,1.0500
3443.62,2.82957634e-03,6.770624e-03,1.029014e-05,-1.9129808848e-10,7.1540e-02,1.0500
3444.13,2.48967139e-03,6.810269e-03,1.018311e-05,-1.9129975382e-10,7.8137e-02,1.0500
3444.64,1.75365120e-03,6.867347e-03,1.002207e-05,-1.9130030893e-10,8.4692e-02,1.0500
3445.14,4.02521588e-04,6.938512e-03,9.808966e-06,-1.9130153017e-10,9.1206e-02,1.0500
3445.65,-1.59667604e-03,7.018727e-03,9.547809e-06,-1.9130308448e-10,9.7679e-02,1.0500
3446.16,-3.99545911e-03,7.102421e-03,9.245386e-06,-1.9130330653e-10,1.0411e-01,1.0500
3446.66,-6.33743071e-03,7.184321e-03,8.912152e-06,-1.9130519391e-10,1.1050e-01,1.0500
3447.17,-8.13652052e-03,7.257390e-03,8.560906e-06,-1.9130519391e-10,1.1685e-01,1.0500
3447.68,-9.03060279e-03,7.326513e-03,8.201698e-06,-1.9130663720e-10,1.2315e-01,1.0500
3448.18,-8.84072114e-03,7.388761e-03,7.836520e-06,-1.9130652618e-10,1.2942e-01,1.0500
3448.69,-7.59122944e-03,7.445168e-03,7.459916e-06,-1.9137846863e-10,1.2910e-01,1.0437
3449.20,-5.50302638e-03,7.497076e-03,7.067206e-06,-1.9137980090e-10,1.3540e-01,1.0437
3449.70,-2.98102604e-03,7.539779e-03,6.663383e-06,-1.9138068907e-10,1.4165e-01,1.0437
3450.21,-5.61051923e-04,7.577247e-03,6.264034e-06,-1.9138024498e-10,1.4786e-01,1.0437
3450.72,1.23152075e-03,7.612125e-03,5.888114e-06,-1.9138124419e-10,1.5403e-01,1.0437
3451.23,2.06063028e-03,7.640783e-03,5.549021e-06,-1.9138390872e-10,4.8021e-02,1.0437
3451.73,1.90990224e-03,7.664218e-03,5.252063e-06,-1.9153134634e-10,5.0821e-02,1.0437
3452.24,1.05065547e-03,7.683282e-03,4.999222e-06,-1.9171741972e-10,4.5766e-02,1.0437
3452.75,-1.15087151e-04,7.703230e-03,4.795321e-06,-1.9196888523e-10,4.1415e-02,1.0500
3453.25,-1.21947926e-03,7.727075e-03,4.648636e-06,-1.9225931958e-10,3.8191e-02,1.0500
3453.76,-2.01846388e-03,7.755996e-03,4.569939e-06,-1.9273327378e-10,3.5452e-02,1.0500
3454.27,-2.40120432e-03,7.788986e-03,4.568210e-06,-1.9279267072e-10,3.2936e-02,1.0500
3454.77,-2.36309249e-03,7.821430e-03,4.648140e-06,-1.9286716668e-10,3.0511e-02,1.0500
3455.28,-1.97171149e-03,7.846867e-03,4.807328e-06,-1.9286894304e-10,2.7657e-02,1.0500
3455.79,-1.33672566e-03,7.862992e-03,5.036536e-06,-1.9287005326e-10,2.4120e-02,1.0500
3456.29,-5.83139875e-04,7.871996e-03,5.322786e-06,-1.9287071940e-10,2.0320e-02,1.0500
3456.80,1.70681329e-04,7.877340e-03,5.652016e-06,-1.9287138553e-10,2.6417e-02,1.0500
3457.31,8.25352324e-04,7.881338e-03,6.010145e-06,-1.9287227371e-10,3.3460e-02,1.0500
3457.81,1.30613103e-03,7.884318e-03,6.383246e-06,-1.9287405006e-10,4.0499e-02,1.0500
3458.32,1.56998323e-03,7.885247e-03,6.758027e-06,-1.9287405006e-10,4.7535e-02,1.0500
3458.83,1.61557440e-03,7.881700e-03,7.122599e-06,-1.9287493824e-10,5.4569e-02,1.0500
3459.33,1.49062585e-03,7.870548e-03,7.466082e-06,-1.9287615949e-10,6.1602e-02,1.0500
3459.84,1.27757740e-03,7.849447e-03,7.777673e-06,-1.9287760278e-10,6.8635e-02,1.0500
3460.35,1.06475842e-03,7.818029e-03,8.046523e-06,-1.9287771380e-10,7.5513e-02,1.0500
3460.85,9.13699818e-04,7.776145e-03,8.263315e-06,-1.9287804687e-10,8.2389e-02,1.0500
3461.36,8.44979204e-04,7.726640e-03,8.422765e-06,-1.9288004527e-10,8.9094e-02,1.0500
3461.87,8.43996666e-04,7.670053e-03,8.524509e-06,-1.9288048936e-10,9.5581e-02,1.0500
3462.37,8.82265664e-04,7.604298e-03,8.571541e-06,-1.9288204367e-10,1.0203e-01,1.0500
3462.88,9.37660084e-04,7.526345e-03,8.568316e-06,-1.9288348696e-10,1.0843e-01,1.0500
3463.39,1.00369570e-03,7.434478e-03,8.521955e-06,-1.9288404207e-10,1.1479e-01,1.0500
3463.89,1.08686495e-03,7.329979e-03,8.443886e-06,-1.9288559638e-10,1.2111e-01,1.0500
3464.40,1.19696576e-03,7.215741e-03,8.347810e-06,-1.9288481923e-10,1.2739e-01,1.0500
3464.91,1.33933680e-03,7.097083e-03,8.241746e-06,-1.9288715070e-10,1.3362e-01,1.0500
3465.42,1.51123187e-03,6.980576e-03,8.122995e-06,-1.9288648456e-10,1.3981e-01,1.0500
3465.92,1.70336625e-03,6.873356e-03,7.979598e-06,-1.9288792785e-10,1.4596e-01,1.0500
3466.43,1.90441020e-03,6.786747e-03,7.803622e-06,-1.9295998133e-10,1.4497e-01,1.0437
3466.94,2.10609839e-03,6.721101e-03,7.603040e-06,-1.9296120257e-10,1.5116e-01,1.0437
3467.44,2.30588262e-03,6.674552e-03,7.403077e-06,-1.9296297893e-10,1.5730e-01,1.0437
3467.95,2.50743247e-03,6.643485e-03,7.234896e-06,-1.9296431120e-10,1.6340e-01,1.0437
3468.46,2.71681237e-03,6.624212e-03,7.119625e-06,-1.9296364506e-10,1.6946e-01,1.0437
3468.96,2.93721931e-03,6.612380e-03,7.061361e-06,-1.9303580956e-10,1.7543e-01,1.0375
3469.47,3.16658787e-03,6.606047e-03,7.051451e-06,-1.9303736387e-10,1.8147e-01,1.0375
3469.98,3.39945690e-03,6.605207e-03,7.078674e-06,-1.9314350119e-10,4.1975e-02,1.0312
3470.48,3.63121151e-03,6.612022e-03,7.137531e-06,-1.9314394528e-10,4.7748e-02,1.0312
3470.99,3.86013940e-03,6.625986e-03,7.230169e-06,-1.9314660982e-10,4.7936e-02,1.0312
3471.50,4.08604532e-03,6.644456e-03,7.362164e-06,-1.9314971844e-10,1.9957e-02,1.0375
3472.00,4.30319146e-03,6.665673e-03,7.535569e-06,-1.9335477663e-10,3.7524e-02,1.0375
3472.51,4.49542965e-03,6.686598e-03,7.744265e-06,-1.9358925574e-10,3.5998e-02,1.0437
3473.02,4.63802374e-03,6.706377e-03,7.975319e-06,-1.9384915895e-10,3.9173e-02,1.0500
3473.52,4.70556474e-03,6.722569e-03,8.214962e-06,-1.9418489039e-10,4.0196e-02,1.0563
3474.03,4.67735430e-03,6.734622e-03,8.454197e-06,-1.9437762511e-10,4.5366e-02,1.0563
3474.54,4.53547706e-03,6.741373e-03,8.689878e-06,-1.9451418254e-10,4.8159e-02,1.0625
3475.04,4.26440302e-03,6.741893e-03,8.922557e-06,-1.9455270728e-10,4.2128e-02,1.0625
3475.55,3.86593786e-03,6.737795e-03,9.155243e-06,-1.9455492772e-10,3.7883e-02,1.0625
3476.06,3.38425126e-03,6.729190e-03,9.394115e-06,-1.9455570488e-10,3.4218e-02,1.0625
3476.56,2.90783767e-03,6.715826e-03,9.647875e-06,-1.9455603795e-10,3.1005e-02,1.0625
3477.07,2.52201562e-03,6.697307e-03,9.922851e-06,-1.9455714817e-10,2.9678e-02,1.0625
3477.58,2.23137661e-03,6.673678e-03,1.021690e-05,-1.9455759226e-10,3.6366e-02,1.0625
3478.08,1.91703434e-03,6.645333e-03,1.051875e-05,-1.9455914657e-10,4.3016e-02,1.0625
3478.59,1.38678091e-03,6.613134e-03,1.081451e-05,-1.9455936862e-10,4.9628e-02,1.0625
3479.10,5.06505149e-04,6.577931e-03,1.109538e-05,-1.9456058986e-10,5.6202e-02,1.0625
3479.61,-6.79165121e-04,6.540537e-03,1.135905e-05,-1.9456170008e-10,6.2738e-02,1.0625
3480.11,-1.93591041e-03,6.502200e-03,1.160473e-05,-1.9456203315e-10,6.9235e-02,1.0625
3480.62,-2.94479626e-03,6.465033e-03,1.182742e-05,-1.9456258826e-10,7.5693e-02,1.0625
3481.13,-3.44394599e-03,6.432160e-03,1.201678e-05,-1.9456458666e-10,8.2112e-02,1.0625
3481.63,-3.32492766e-03,6.407200e-03,1.216027e-05,-1.9456602995e-10,8.8491e-02,1.0625
3482.14,-2.65619969e-03,6.393325e-03,1.224743e-05,-1.9456569689e-10,9.4832e-02,1.0625
3482.65,-1.64754632e-03,6.392264e-03,1.227303e-05,-1.9463752832e-10,9.6651e-02,1.0563
3483.15,-5.83867351e-04,6.403599e-03,1.223878e-05,-1.9463841650e-10,1.0301e-01,1.0563
3483.66,2.50091653e-04,6.424589e-03,1.215301e-05,-1.9463919365e-10,1.0934e-01,1.0563
3484.17,6.41598810e-04,6.450389e-03,1.202777e-05,-1.9464063694e-10,1.1562e-01,1.0563
3484.67,5.02073188e-04,6.476458e-03,1.187396e-05,-1.9464141410e-10,1.2186e-01,1.0563
3485.18,-1.16128465e-04,6.500716e-03,1.169673e-05,-1.9464263534e-10,1.2806e-01,1.0563
3485.69,-1.04697336e-03,6.522183e-03,1.149450e-05,-1.9471391166e-10,1.1884e-01,1.0500
3486.19,-2.07253191e-03,6.541024e-03,1.126184e-05,-1.9471535495e-10,1.2513e-01,1.0500
3486.70,-2.99363544e-03,6.557288e-03,1.099462e-05,-1.9471546597e-10,1.3138e-01,1.0500
3487.21,-3.68189622e-03,6.570083e-03,1.069244e-05,-1.9471835255e-10,1.3759e-01,1.0500
3487.71,-4.09699937e-03,6.579004e-03,1.035810e-05,-1.9471768642e-10,1.4376e-01,1.0500
3488.22,-4.26992394e-03,6.583056e-03,9.996338e-06,-1.9471835255e-10,1.4988e-01,1.0500
3488.73,-4.26480848e-03,6.581635e-03,9.610168e-06,-1.9472035095e-10,1.5596e-01,1.0500
3489.23,-4.14072764e-03,6.575414e-03,9.198700e-06,-1.9472112811e-10,1.6200e-01,1.0500
3489.74,-3.92981200e-03,6.565549e-03,8.756966e-06,-1.9479340363e-10,1.6623e-01,1.0437
3490.25,-3.64059085e-03,6.553179e-03,8.282497e-06,-1.9479395874e-10,1.7227e-01,1.0437
3490.75,-3.27889333e-03,6.541421e-03,7.774626e-06,-1.9486579017e-10,7.7678e-02,1.0375
3491.26,-2.87248111e-03,6.538932e-03,7.234175e-06,-1.9486778857e-10,6.7090e-02,1.0375
3491.77,-2.47995144e-03,6.558081e-03,6.666581e-06,-1.9486789959e-10,4.3532e-02,1.0375
3492.27,-2.17758568e-03,6.608638e-03,6.077181e-06,-1.9486923186e-10,4.1368e-02,1.0375
3492.78,-2.03009051e-03,6.696563e-03,5.478223e-06,-1.9486923186e-10,3.7455e-02,1.0375
3493.29,-2.06056241e-03,6.818101e-03,4.889264e-06,-1.9487189640e-10,1.9022e-02,1.0375
3493.80,-2.23921772e-03,6.958955e-03,4.333459e-06,-1.9487322866e-10,1.2510e-02,1.0375
3494.30,-2.49377225e-03,7.092565e-03,3.840348e-06,-1.9487489400e-10,1.9225e-02,1.0375
3494.81,-2.73432227e-03,7.201949e-03,3.437351e-06,-1.9487644831e-10,2.3800e-02,1.0375
3495.32,-2.88254917e-03,7.283454e-03,3.158803e-06,-1.9488155534e-10,8.5505e-03,1.0437
3495.82,-2.89141977e-03,7.337248e-03,3.052382e-06,-1.9488388681e-10,1.1887e-02,1.0437
3496.33,-2.75310705e-03,7.361105e-03,3.154980e-06,-1.9488433090e-10,1.2750e-02,1.0437
3496.84,-2.49845228e-03,7.356700e-03,3.445245e-06,-1.9488577419e-10,1.2211e-02,1.0437
3497.34,-2.18499004e-03,7.324634e-03,3.848337e-06,-1.9488632930e-10,1.0492e-02,1.0437
3497.85,-1.88082793e-03,7.269882e-03,4.288320e-06,-1.9488788361e-10,1.4896e-02,1.0437
3498.36,-1.64677344e-03,7.201993e-03,4.721670e-06,-1.9488832770e-10,2.1390e-02,1.0437
3498.86,-1.51601999e-03,7.129190e-03,5.137797e-06,-1.9488854974e-10,2.8438e-02,1.0437
3499.37,-1.48474068e-03,7.058980e-03,5.541793e-06,-1.9488988201e-10,3.5559e-02,1.0437
3499.88,-1.51487740e-03,7.000008e-03,5.941479e-06,-1.9489143632e-10,4.2681e-02,1.0437
3500.38,-1.55348053e-03,6.959457e-03,6.342111e-06,-1.9489199143e-10,4.9800e-02,1.0437
3500.89,-1.54807088e-03,6.941121e-03,6.746189e-06,-1.9489332370e-10,5.6917e-02,1.0437
3501.40,-1.46288477e-03,6.944556e-03,7.153182e-06,-1.9489398984e-10,6.4034e-02,1.0437
3501.90,-1.29636239e-03,6.962729e-03,7.558303e-06,-1.9489521108e-10,7.1007e-02,1.0437
3502.41,-1.10772731e-03,6.985417e-03,7.953685e-06,-1.9489532210e-10,7.7951e-02,1.0437
3502.92,-1.02704537e-03,7.001727e-03,8.332335e-06,-1.9489621028e-10,8.4658e-02,1.0437
3503.42,-1.20984608e-03,7.005188e-03,8.691488e-06,-1.9489754255e-10,9.1250e-02,1.0437
3503.93,-1.74613100e-03,6.990893e-03,9.033592e-06,-1.9489831971e-10,9.7799e-02,1.0437
3504.44,-2.57782178e-03,6.958330e-03,9.364739e-06,-1.9489843073e-10,1.0431e-01,1.0437
3504.94,-3.49517637e-03,6.909910e-03,9.691576e-06,-1.9490098424e-10,1.1077e-01,1.0437
3505.45,-4.21868656e-03,6.848637e-03,1.001818e-05,-1.9490109526e-10,1.1719e-01,1.0437
3505.96,-4.51448583e-03,6.781048e-03,1.034441e-05,-1.9490176140e-10,3.3384e-02,1.0437
3506.47,-4.27779592e-03,6.712249e-03,1.066630e-05,-1.9490775660e-10,3.6156e-02,1.0437
3506.97,-3.56091475e-03,6.646534e-03,1.097758e-05,-1.9509971416e-10,3.6605e-02,1.0500
3507.48,-2.55588887e-03,6.588263e-03,1.127124e-05,-1.9536272600e-10,4.1152e-02,1.0500
3507.99,-1.52956866e-03,6.538305e-03,1.154034e-05,-1.9556212205e-10,4.3306e-02,1.0500
3508.49,-7.29603941e-04,6.497582e-03,1.177794e-05,-1.9619661451e-10,4.3079e-02,1.0500
3509.00,-2.97226176e-04,6.465513e-03,1.197703e-05,-1.9624446512e-10,3.8203e-02,1.0563
3509.51,-2.24338526e-04,6.443087e-03,1.213122e-05,-1.9624457614e-10,3.4440e-02,1.0563
3510.01,-3.71760614e-04,6.429738e-03,1.223621e-05,-1.9624624148e-10,3.1193e-02,1.0563
3510.52,-5.47067769e-04,6.424258e-03,1.229064e-05,-1.9624724068e-10,2.7677e-02,1.0563
3511.03,-5.80848013e-04,6.425265e-03,1.229584e-05,-1.9624768477e-10,2.3653e-02,1.0563
3511.53,-3.76372078e-04,6.431625e-03,1.225557e-05,-1.9624890601e-10,3.0063e-02,1.0563
3512.04,7.70490982e-05,6.442051e-03,1.217664e-05,-1.9624957215e-10,3.6829e-02,1.0563
3512.55,7.16922125e-04,6.455357e-03,1.206849e-05,-1.9624979419e-10,4.3556e-02,1.0563
3513.05,1.43681753e-03,6.470732e-03,1.193890e-05,-1.9625168157e-10,5.0244e-02,1.0563
3513.56,2.12449938e-03,6.488733e-03,1.178833e-05,-1.9625301384e-10,5.6892e-02,1.0563
3514.07,2.70568592e-03,6.510683e-03,1.160862e-05,-1.9625367997e-10,6.3500e-02,1.0563
3514.57,3.17673058e-03,6.537785e-03,1.138961e-05,-1.9625434611e-10,7.0069e-02,1.0563
3515.08,3.60485403e-03,6.570605e-03,1.112874e-05,-1.9625456815e-10,7.6597e-02,1.0563
3515.59,4.08868116e-03,6.607149e-03,1.083551e-05,-1.9625578940e-10,8.3086e-02,1.0563
3516.09,4.67845473e-03,6.644597e-03,1.052711e-05,-1.9625590042e-10,8.9534e-02,1.0563
3516.60,5.30710587e-03,6.680656e-03,1.021951e-05,-1.9625678860e-10,9.5942e-02,1.0563
3517.11,5.77126835e-03,6.714357e-03,9.920546e-06,-1.9625900904e-10,1.0231e-01,1.0563
3517.61,5.81472501e-03,6.745616e-03,9.628835e-06,-1.9625978620e-10,1.0864e-01,1.0563
3518.12,5.26872584e-03,6.774187e-03,9.337891e-06,-1.9626023029e-10,1.1492e-01,1.0563
3518.63,4.16610462e-03,6.801285e-03,9.041741e-06,-1.9633261683e-10,1.0542e-01,1.0500
3519.13,2.73019096e-03,6.826485e-03,8.739567e-06,-1.9633328296e-10,1.1196e-01,1.0500
3519.64,1.25718864e-03,6.848713e-03,8.436854e-06,-1.9633417114e-10,1.1830e-01,1.0500
3520.15,-9.84006124e-06,6.866435e-03,8.142690e-06,-1.9633572546e-10,1.2459e-01,1.0500
3520.66,-9.41677957e-04,6.878487e-03,7.863811e-06,-1.9633727977e-10,1.3085e-01,1.0500
3521.16,-1.51489124e-03,6.884593e-03,7.599512e-06,-1.9633861204e-10,1.3706e-01,1.0500
3521.67,-1.76597350e-03,6.884711e-03,7.341894e-06,-1.9633894510e-10,1.4323e-01,1.0500
3522.18,-1.74601767e-03,6.879308e-03,7.083625e-06,-1.9633794590e-10,1.4936e-01,1.0500
3522.68,-1.50418006e-03,6.868444e-03,6.820458e-06,-1.9633994430e-10,1.5544e-01,1.0500
3523.19,-1.09202352e-03,6.851939e-03,6.551437e-06,-1.9634016635e-10,1.6148e-01,1.0500
3523.70,-5.72324208e-04,6.830237e-03,6.281174e-06,-1.9641221982e-10,1.6165e-01,1.0437
3524.20,-1.94332840e-05,6.805796e-03,6.023206e-06,-1.9641321902e-10,1.6772e-01,1.0437
3524.71,4.92631096e-04,6.785157e-03,5.800795e-06,-1.9641399618e-10,1.7374e-01,1.0437
3525.22,9.07450262e-04,6.776959e-03,5.644766e-06,-1.9651646976e-10,4.8555e-02,1.0375
3525.72,1.19704483e-03,6.790060e-03,5.577655e-06,-1.9651702488e-10,5.5544e-02,1.0375
3526.23,1.36223119e-03,6.831173e-03,5.597363e-06,-1.9651746896e-10,5.8329e-02,1.0375
3526.74,1.42390743e-03,6.902032e-03,5.686884e-06,-1.9651891225e-10,4.9912e-02,1.0375
3527.24,1.41163792e-03,6.994506e-03,5.825679e-06,-1.9652079963e-10,4.2438e-02,1.0375
3527.75,1.35611318e-03,7.093244e-03,6.002676e-06,-1.9652102168e-10,3.9407e-02,1.0375
3528.26,1.28460540e-03,7.179147e-03,6.213057e-06,-1.9652190986e-10,4.1237e-02,1.0375
3528.76,1.21881481e-03,7.246842e-03,6.444086e-06,-1.9652279803e-10,4.7735e-02,1.0375
3529.27,1.17401212e-03,7.299251e-03,6.675022e-06,-1.9652457439e-10,5.4125e-02,1.0375
3529.78,1.15785975e-03,7.341903e-03,6.883706e-06,-1.9652512950e-10,6.1350e-02,1.0375
3530.28,1.17059322e-03,7.378872e-03,7.051119e-06,-1.9652590666e-10,6.8576e-02,1.0375
3530.79,1.20645977e-03,7.414350e-03,7.161059e-06,-1.9652646177e-10,7.5794e-02,1.0375
3531.30,1.25649881e-03,7.450036e-03,7.203869e-06,-1.9652723893e-10,8.2807e-02,1.0375
3531.80,1.31227758e-03,7.486441e-03,7.182237e-06,-1.9652912631e-10,8.9832e-02,1.0375
3532.31,1.36975386e-03,7.523949e-03,7.114011e-06,-1.9652812711e-10,9.6695e-02,1.0375
3532.82,1.43221297e-03,7.563188e-03,7.023987e-06,-1.9653012551e-10,1.0329e-01,1.0375
3533.32,1.51107628e-03,7.604590e-03,6.930943e-06,-1.9653179084e-10,1.0983e-01,1.0375
3533.83,1.62381228e-03,7.646026e-03,6.839370e-06,-1.9653290106e-10,1.1634e-01,1.0375
3534.34,1.78870169e-03,7.689982e-03,6.741508e-06,-1.9653423333e-10,1.2279e-01,1.0375
3534.85,2.01900456e-03,7.736589e-03,6.626962e-06,-1.9653423333e-10,1.2921e-01,1.0375
3535.35,2.32058854e-03,7.785833e-03,6.491662e-06,-1.9653489947e-10,1.3558e-01,1.0375
3535.86,2.69181465e-03,7.833375e-03,6.340929e-06,-1.9653489947e-10,1.4190e-01,1.0375
3536.37,3.12194242e-03,7.874933e-03,6.186941e-06,-1.9653645378e-10,1.4818e-01,1.0375
3536.87,3.58339277e-03,7.905602e-03,6.042816e-06,-1.9653678685e-10,1.5442e-01,1.0375
3537.38,4.02301985e-03,7.923861e-03,5.917124e-06,-1.9660661987e-10,4.8973e-02,1.0312
3537.89,4.36713272e-03,7.927294e-03,5.811518e-06,-1.9660872930e-10,5.5871e-02,1.0312
3538.39,4.55245391e-03,7.917623e-03,5.721882e-06,-1.9660995054e-10,6.1868e-02,1.0312
3538.90,4.56533110e-03,7.898426e-03,5.642168e-06,-1.9661094974e-10,6.4822e-02,1.0312
3539.41,4.45836178e-03,7.874008e-03,5.567804e-06,-1.9661194894e-10,5.9063e-02,1.0312
3539.91,4.30510132e-03,7.847101e-03,5.496749e-06,-1.9661317019e-10,6.2423e-02,1.0312
3540.42,4.10607740e-03,7.819272e-03,5.430224e-06,-1.9661450246e-10,6.8111e-02,1.0312
3540.93,3.70039203e-03,7.790998e-03,5.375227e-06,-1.9664869733e-10,1.5583e-02,1.0312
3541.43,2.79425890e-03,7.761969e-03,5.346971e-06,-1.9684986974e-10,2.7132e-02,1.0375
3541.94,1.13463803e-03,7.730635e-03,5.365826e-06,-1.9705226340e-10,3.0366e-02,1.0437
3542.45,-1.27162263e-03,7.695304e-03,5.447454e-06,-1.9739976320e-10,3.0487e-02,1.0437
3542.95,-4.07956605e-03,7.655077e-03,5.594019e-06,-1.9764845316e-10,2.9455e-02,1.0437
3543.46,-6.73766065e-03,7.610186e-03,5.796003e-06,-1.9842805177e-10,3.2688e-02,1.0500
3543.97,-8.70044405e-03,7.560378e-03,6.042407e-06,-1.9854928812e-10,3.5545e-02,1.0563
3544.47,-9.59400977e-03,7.504940e-03,6.327231e-06,-1.9854973221e-10,3.7246e-02,1.0563
3544.98,-9.26786073e-03,7.442702e-03,6.645852e-06,-1.9855161959e-10,3.6248e-02,1.0563
3545.49,-7.80137866e-03,7.373422e-03,6.987507e-06,-1.9855217470e-10,3.4070e-02,1.0563
3545.99,-5.49592522e-03,7.298689e-03,7.333076e-06,-1.9855350697e-10,3.2507e-02,1.0563
3546.50,-2.85446020e-03,7.221462e-03,7.659686e-06,-1.9855361799e-10,3.5362e-02,1.0563
3547.01,-4.87403009e-04,7.145368e-03,7.946681e-06,-1.9855472821e-10,4.2097e-02,1.0563
3547.51,1.07264098e-03,7.073817e-03,8.180125e-06,-1.9855539435e-10,4.8792e-02,1.0563
3548.02,1.58822533e-03,7.009185e-03,8.356369e-06,-1.9855739275e-10,5.5448e-02,1.0563
3548.53,1.19330107e-03,6.952239e-03,8.484689e-06,-1.9855750377e-10,6.2065e-02,1.0563
3549.04,2.80359919e-04,6.902011e-03,8.586140e-06,-1.9855805888e-10,6.8642e-02,1.0563
3549.54,-7.20390771e-04,6.856392e-03,8.686164e-06,-1.9862977929e-10,6.7479e-02,1.0500
3550.05,-1.51139760e-03,6.813447e-03,8.803525e-06,-1.9863000134e-10,7.4102e-02,1.0500
3550.56,-1.97560756e-03,6.772591e-03,8.942918e-06,-1.9863044542e-10,8.0682e-02,1.0500
3551.06,-2.13431662e-03,6.734653e-03,9.096400e-06,-1.9863177769e-10,8.7222e-02,1.0500
3551.57,-2.07069205e-03,6.701045e-03,9.251498e-06,-1.9863244383e-10,9.3720e-02,1.0500
3552.08,-1.86803363e-03,6.672374e-03,9.399067e-06,-1.9863322098e-10,1.0018e-01,1.0500
3552.58,-1.57950160e-03,6.649484e-03,9.536295e-06,-1.9863366507e-10,1.0659e-01,1.0500
3553.09,-1.22784392e-03,6.632256e-03,9.665094e-06,-1.9863588552e-10,1.1296e-01,1.0500
3553.60,-8.23520964e-04,6.619883e-03,9.789123e-06,-1.9863632961e-10,1.1930e-01,1.0500
3554.10,-3.84370234e-04,6.610600e-03,9.910348e-06,-1.9863710676e-10,1.2558e-01,1.0500
3554.61,5.51303196e-05,6.602433e-03,1.002777e-05,-1.9863855005e-10,1.3183e-01,1.0500
3555.12,4.50571332e-04,6.592594e-03,1.013821e-05,-1.9870860513e-10,1.2756e-01,1.0437
3555.62,7.64157818e-04,6.579222e-03,1.023750e-05,-1.9870827206e-10,1.3387e-01,1.0437
3556.13,9.78378309e-04,6.562366e-03,1.032063e-05,-1.9870993739e-10,1.4013e-01,1.0437
3556.64,1.09786185e-03,6.543902e-03,1.038043e-05,-1.9871115864e-10,1.4635e-01,1.0437
3557.14,1.14107888e-03,6.527322e-03,1.040611e-05,-1.9871093659e-10,1.5253e-01,1.0437
3557.65,1.13139740e-03,6.516824e-03,1.038332e-05,-1.9871304602e-10,1.5866e-01,1.0437
3558.16,1.09349102e-03,6.515990e-03,1.029609e-05,-1.9871304602e-10,1.6475e-01,1.0437
3558.66,1.05226487e-03,6.526685e-03,1.012982e-05,-1.9878332314e-10,1.0479e-01,1.0375
3559.17,1.03019907e-03,6.547996e-03,9.874900e-06,-1.9892265612e-10,1.4265e-02,1.0437
3559.68,1.03956058e-03,6.577754e-03,9.531564e-06,-1.9899371040e-10,2.0684e-02,1.0500
3560.18,1.07815228e-03,6.611660e-03,9.116091e-06,-1.9899493164e-10,2.3535e-02,1.0500
3560.69,1.13056950e-03,6.644725e-03,8.663933e-06,-1.9899637493e-10,2.5735e-02,1.0500
3561.20,1.17564769e-03,6.673036e-03,8.222584e-06,-1.9899737413e-10,2.7151e-02,1.0500
3561.70,1.19666275e-03,6.695131e-03,7.831110e-06,-1.9899815129e-10,3.9112e-02,1.0500
3562.21,1.18682072e-03,6.711917e-03,7.497862e-06,-1.9899892845e-10,3.9377e-02,1.0500
3562.72,1.14951576e-03,6.726832e-03,7.197989e-06,-1.9900048276e-10,4.6250e-02,1.0500
3563.23,1.09498005e-03,6.743247e-03,6.898368e-06,-1.9900081583e-10,5.3081e-02,1.0500
3563.73,1.03618845e-03,6.762672e-03,6.589426e-06,-1.9907042681e-10,5.9870e-02,1.0437
3564.24,9.85732175e-04,6.784841e-03,6.296306e-06,-1.9907175908e-10,6.6618e-02,1.0437
3564.75,9.53648742e-04,6.809590e-03,6.060770e-06,-1.9907153703e-10,1.8972e-02,1.0437
3565.25,9.45959523e-04,6.837750e-03,5.910223e-06,-1.9916057692e-10,2.0734e-02,1.0437
3565.76,9.63912505e-04,6.869345e-03,5.841759e-06,-1.9921408967e-10,2.0987e-02,1.0500
3566.27,1.00455520e-03,6.904187e-03,5.832939e-06,-1.9921531091e-10,2.5623e-02,1.0500
3566.77,1.06288319e-03,6.941024e-03,5.862506e-06,-1.9921797545e-10,2.3296e-02,1.0500
3567.28,1.13454313e-03,6.979212e-03,5.920791e-06,-1.9922075101e-10,2.5341e-02,1.0500
3567.79,1.21849834e-03,7.016792e-03,6.007392e-06,-1.9924895067e-10,2.6310e-02,1.0500
3568.29,1.31823595e-03,7.051430e-03,6.124565e-06,-1.9924983885e-10,2.5888e-02,1.0500
3568.80,1.43990480e-03,7.080627e-03,6.272463e-06,-1.9925372463e-10,2.4112e-02,1.0500
3569.31,1.58835778e-03,7.102081e-03,6.447190e-06,-1.9925272543e-10,2.1249e-02,1.0500
3569.81,1.75983970e-03,7.113762e-03,6.641078e-06,-1.9925572303e-10,1.7680e-02,1.0500
3570.32,1.93698844e-03,7.113799e-03,6.844651e-06,-1.9925638917e-10,2.2385e-02,1.0500
3570.83,2.09347548e-03,7.100713e-03,7.049010e-06,-1.9925716632e-10,2.8924e-02,1.0500
3571.33,2.20864632e-03,7.074260e-03,7.247619e-06,-1.9925883166e-10,3.5904e-02,1.0500
3571.84,2.28241680e-03,7.034926e-03,7.436509e-06,-1.9925949779e-10,4.2940e-02,1.0500
3572.35,2.33590738e-03,6.983507e-03,7.613184e-06,-1.9925983086e-10,4.9977e-02,1.0500
3572.85,2.39372467e-03,6.922742e-03,7.775858e-06,-1.9925983086e-10,5.7011e-02,1.0500
3573.36,2.45294436e-03,6.859127e-03,7.923148e-06,-1.9926171824e-10,6.4045e-02,1.0500
3573.87,2.44394242e-03,6.798476e-03,8.053912e-06,-1.9926271744e-10,7.1121e-02,1.0500
3574.37,2.20047536e-03,6.744484e-03,8.166428e-06,-1.9926427175e-10,7.8138e-02,1.0500
3574.88,1.48679742e-03,6.699134e-03,8.257560e-06,-1.9926382766e-10,8.4943e-02,1.0500
3575.39,1.09473391e-04,6.663686e-03,8.322645e-06,-1.9926515993e-10,9.1742e-02,1.0500
3575.89,-1.93855687e-03,6.638336e-03,8.356663e-06,-1.9926671424e-10,9.8350e-02,1.0500
3576.40,-4.41672772e-03,6.622359e-03,8.355118e-06,-1.9926715833e-10,1.0478e-01,1.0500
3576.91,-6.91331209e-03,6.614548e-03,8.314990e-06,-1.9926715833e-10,1.1116e-01,1.0500
3577.42,-8.99006841e-03,6.613254e-03,8.235540e-06,-1.9926893469e-10,1.1751e-01,1.0500
3577.92,-1.03004437e-02,6.617250e-03,8.119032e-06,-1.9926982286e-10,1.2381e-01,1.0500
3578.43,-1.06311035e-02,6.625176e-03,7.970737e-06,-1.9927115513e-10,1.3007e-01,1.0500
3578.94,-9.92027657e-03,6.635654e-03,7.798138e-06,-1.9927193229e-10,1.3628e-01,1.0500
3579.44,-8.26760079e-03,6.647400e-03,7.610036e-06,-1.9927304251e-10,1.4246e-01,1.0500
3579.95,-5.95919496e-03,6.658331e-03,7.416500e-06,-1.9927370865e-10,1.4859e-01,1.0500
3580.46,-3.47201332e-03,6.666734e-03,7.228678e-06,-1.9927426376e-10,1.5468e-01,1.0500
3580.96,-1.39136832e-03,6.675245e-03,7.058457e-06,-1.9934520701e-10,1.3248e-01,1.0437
3581.47,-2.17266234e-04,6.680985e-03,6.916094e-06,-1.9934620621e-10,1.3875e-01,1.0437
3581.98,-1.46321413e-04,6.683986e-03,6.809593e-06,-1.9934631723e-10,1.4498e-01,1.0437
3582.48,-9.82556631e-04,6.684790e-03,6.746091e-06,-1.9934753848e-10,1.5116e-01,1.0437
3582.99,-2.26164374e-03,6.684494e-03,6.733295e-06,-1.9934887074e-10,1.5731e-01,1.0437
3583.50,-3.48633537e-03,6.684700e-03,6.779056e-06,-1.9935020301e-10,1.6341e-01,1.0437
3584.00,-4.30692262e-03,6.692070e-03,6.888005e-06,-1.9934964790e-10,2.9936e-02,1.0437
3584.51,-4.58220148e-03,6.711858e-03,7.057838e-06,-1.9936585716e-10,3.3397e-02,1.0437
3585.02,-4.34985511e-03,6.745721e-03,7.282429e-06,-1.9953472208e-10,3.4632e-02,1.0500
3585.52,-3.76395558e-03,6.791986e-03,7.553716e-06,-1.9983537047e-10,3.4276e-02,1.0500
3586.03,-3.02648619e-03,6.841476e-03,7.864558e-06,-1.9991897027e-10,3.2726e-02,1.0500
3586.54,-2.32504767e-03,6.886342e-03,8.207090e-06,-2.0000456846e-10,3.0250e-02,1.0563
3587.04,-1.78244245e-03,6.925691e-03,8.572172e-06,-2.0000578971e-10,2.7131e-02,1.0563
3587.55,-1.43648300e-03,6.963411e-03,8.950276e-06,-2.0000623380e-10,2.3661e-02,1.0563
3588.06,-1.25279827e-03,7.004653e-03,9.332930e-06,-2.0000767709e-10,2.2240e-02,1.0563
3588.56,-1.16077144e-03,7.052797e-03,9.713620e-06,-2.0000812118e-10,2.9049e-02,1.0563
3589.07,-1.09610345e-03,7.107535e-03,1.008788e-05,-2.0000845424e-10,3.5820e-02,1.0563
3589.58,-1.02308297e-03,7.165395e-03,1.045327e-05,-2.0001045264e-10,4.2552e-02,1.0563
3590.09,-9.35432967e-04,7.220988e-03,1.080893e-05,-2.0001111878e-10,4.9245e-02,1.0563
3590.59,-8.43730841e-04,7.268640e-03,1.115383e-05,-2.0001156287e-10,5.5898e-02,1.0563
3591.10,-7.57967884e-04,7.304540e-03,1.148431e-05,-2.0001222900e-10,6.2513e-02,1.0563
3591.61,-6.78704987e-04,7.328213e-03,1.179321e-05,-2.0001433843e-10,6.9087e-02,1.0563
3592.11,-5.96868040e-04,7.341775e-03,1.207185e-05,-2.0001467149e-10,7.5621e-02,1.0563
3592.62,-5.00228354e-04,7.347081e-03,1.231287e-05,-2.0001522660e-10,8.2116e-02,1.0563
3593.13,-3.78641192e-04,7.343817e-03,1.251100e-05,-2.0001567069e-10,8.8570e-02,1.0563
3593.63,-2.28194277e-04,7.329672e-03,1.266187e-05,-2.0001711398e-10,9.4984e-02,1.0563
3594.14,-5.15562883e-05,7.299018e-03,1.276155e-05,-2.0001889034e-10,1.0136e-01,1.0563
3594.65,1.45706490e-04,7.244439e-03,1.280703e-05,-2.0001900136e-10,1.0769e-01,1.0563
3595.15,3.55930544e-04,7.171104e-03,1.279711e-05,-2.0009094381e-10,1.0454e-01,1.0500
3595.66,5.72236232e-04,7.087390e-03,1.273337e-05,-2.0009305324e-10,1.1093e-01,1.0500
3596.17,7.90896004e-04,7.003671e-03,1.261943e-05,-2.0009260915e-10,1.1727e-01,1.0500
3596.67,1.00588088e-03,6.930357e-03,1.246020e-05,-2.0009471857e-10,1.2358e-01,1.0500
3597.18,1.20956887e-03,6.875912e-03,1.226089e-05,-2.0009449653e-10,1.2984e-01,1.0500
3597.69,1.39499368e-03,6.844987e-03,1.202677e-05,-2.0009538471e-10,1.3606e-01,1.0500
3598.19,1.55947174e-03,6.837455e-03,1.176191e-05,-2.0009616186e-10,1.4223e-01,1.0500
3598.70,1.71005941e-03,6.848733e-03,1.146884e-05,-2.0009749413e-10,1.4837e-01,1.0500
3599.21,1.86287531e-03,6.871348e-03,1.114998e-05,-2.0016910351e-10,1.4840e-01,1.0437
3599.71,2.02491000e-03,6.896593e-03,1.080959e-05,-2.0016954760e-10,1.5456e-01,1.0437
3600.22,2.18261376e-03,6.914500e-03,1.045424e-05,-2.0017143498e-10,1.6068e-01,1.0437
3600.73,2.30766439e-03,6.921545e-03,1.008963e-05,-2.0017143498e-10,1.6675e-01,1.0437
3601.23,2.37934056e-03,6.919739e-03,9.717632e-06,-2.0024248926e-10,1.6210e-01,1.0375
3601.74,2.40485343e-03,6.911970e-03,9.336010e-06,-2.0024382152e-10,1.6823e-01,1.0375
3602.25,2.41895497e-03,6.904295e-03,8.941826e-06,-2.0024382152e-10,1.7432e-01,1.0375
3602.75,2.46527008e-03,6.902058e-03,8.534471e-06,-2.0024515379e-10,1.8037e-01,1.0375
3603.26,2.57238629e-03,6.908523e-03,8.115000e-06,-2.0033363857e-10,3.0853e-02,1.0312
3603.77,2.74015494e-03,6.924346e-03,7.682770e-06,-2.0038337656e-10,3.4173e-02,1.0437
3604.28,2.94377066e-03,6.951512e-03,7.233575e-06,-2.0038537496e-10,3.5813e-02,1.0437
3604.78,3.15223710e-03,6.989234e-03,6.760900e-06,-2.0056201144e-10,3.9307e-02,1.0437
3605.29,3.34540700e-03,7.033809e-03,6.258858e-06,-2.0076840190e-10,3.9827e-02,1.0500
3605.80,3.52111461e-03,7.082766e-03,5.725445e-06,-2.0105073162e-10,4.3496e-02,1.0500
3606.30,3.69095796e-03,7.132590e-03,5.167477e-06,-2.0130030975e-10,4.3975e-02,1.0500
3606.81,3.86926518e-03,7.179785e-03,4.607436e-06,-2.0147306046e-10,3.8489e-02,1.0500
3607.32,4.06059957e-03,7.222531e-03,4.086575e-06,-2.0161683434e-10,3.4657e-02,1.0563
3607.82,4.25140707e-03,7.259047e-03,3.655609e-06,-2.0161727843e-10,3.1558e-02,1.0563
3608.33,4.41107919e-03,7.288981e-03,3.351649e-06,-2.0161794456e-10,2.8765e-02,1.0563
3608.84,4.50401266e-03,7.312880e-03,3.181772e-06,-2.0161960990e-10,2.5403e-02,1.0563
3609.34,4.50631771e-03,7.331451e-03,3.136630e-06,-2.0161960990e-10,2.1945e-02,1.0563
3609.85,4.41528748e-03,7.344894e-03,3.218545e-06,-2.0162127523e-10,2.8757e-02,1.0563
3610.36,4.24410013e-03,7.352844e-03,3.442151e-06,-2.0162171932e-10,3.5530e-02,1.0563
3610.86,4.00699937e-03,7.354909e-03,3.806376e-06,-2.0162171932e-10,4.2265e-02,1.0563
3611.37,3.70968197e-03,7.351413e-03,4.280229e-06,-2.0162349568e-10,4.8960e-02,1.0563
3611.88,3.35439688e-03,7.343418e-03,4.817817e-06,-2.0162416181e-10,5.5616e-02,1.0563
3612.38,2.95325259e-03,7.332709e-03,5.377624e-06,-2.0162527203e-10,6.2232e-02,1.0563
3612.89,2.53279837e-03,7.321353e-03,5.930034e-06,-2.0162627123e-10,6.8808e-02,1.0563
3613.40,2.12148405e-03,7.311463e-03,6.456992e-06,-2.0162715941e-10,7.5344e-02,1.0563
3613.90,1.73014752e-03,7.304565e-03,6.950220e-06,-2.0162815861e-10,8.1840e-02,1.0563
3614.41,1.34492803e-03,7.301244e-03,7.409625e-06,-2.0162860270e-10,8.8296e-02,1.0563
3614.92,9.42300647e-04,7.301040e-03,7.840384e-06,-2.0162960190e-10,9.4712e-02,1.0563
3615.42,5.16152324e-04,7.302604e-03,8.248664e-06,-2.0163126724e-10,1.0109e-01,1.0563
3615.93,9.52902891e-05,7.303465e-03,8.639132e-06,-2.0163215542e-10,1.0742e-01,1.0563
3616.44,-2.63046147e-04,7.302677e-03,9.014066e-06,-2.0163315462e-10,1.1372e-01,1.0563
3616.94,-4.99281973e-04,7.298647e-03,9.373758e-06,-2.0170332071e-10,1.0955e-01,1.0500
3617.45,-5.79536638e-04,7.290185e-03,9.716660e-06,-2.0170576320e-10,1.1591e-01,1.0500
3617.96,-5.11202340e-04,7.276661e-03,1.004006e-05,-2.0170631831e-10,1.2222e-01,1.0500
3618.47,-3.43653475e-04,7.258142e-03,1.034035e-05,-2.0170720649e-10,1.2849e-01,1.0500
3618.97,-1.59000558e-04,7.234790e-03,1.061387e-05,-2.0170731752e-10,1.3472e-01,1.0500
3619.48,-5.38566026e-05,7.206176e-03,1.085965e-05,-2.0170909387e-10,1.4090e-01,1.0500
3619.99,-1.08833203e-04,7.171820e-03,1.107829e-05,-2.0170987103e-10,1.4705e-01,1.0500
3620.49,-3.50315361e-04,7.131705e-03,1.127003e-05,-2.0170953796e-10,1.5315e-01,1.0500
3621.00,-7.24453311e-04,7.086402e-03,1.143282e-05,-2.0171120330e-10,1.5920e-01,1.0500
3621.51,-1.10676229e-03,7.036479e-03,1.156494e-05,-2.0178148041e-10,1.6495e-01,1.0437
3622.01,-1.35098463e-03,6.984434e-03,1.166399e-05,-2.0178070326e-10,1.7100e-01,1.0437
3622.52,-1.35424890e-03,6.935489e-03,1.172711e-05,-2.0178281268e-10,1.7700e-01,1.0437
3623.03,-1.10484227e-03,6.901119e-03,1.175340e-05,-2.0185531024e-10,1.6446e-01,1.0375
3623.53,-6.88780086e-04,6.892822e-03,1.174319e-05,-2.0185619842e-10,1.7058e-01,1.0375
3624.04,-2.51606672e-04,6.918697e-03,1.169594e-05,-2.0196655459e-10,3.1974e-02,1.0312
3624.55,6.67967318e-05,6.981629e-03,1.161362e-05,-2.0202572948e-10,3.7818e-02,1.0312
3625.05,1.91573740e-04,7.073298e-03,1.149707e-05,-2.0205470630e-10,4.3811e-02,1.0312
3625.56,1.36035430e-04,7.177937e-03,1.134725e-05,-2.0206847307e-10,5.0043e-02,1.0312
3626.07,-1.96737627e-05,7.269850e-03,1.116779e-05,-2.0207879814e-10,4.8337e-02,1.0312
3626.57,-1.76355929e-04,7.335674e-03,1.096359e-05,-2.0209367513e-10,5.0469e-02,1.0312
3627.08,-2.59136105e-04,7.371555e-03,1.074121e-05,-2.0210033647e-10,5.3435e-02,1.0312
3627.59,-2.38552830e-04,7.376142e-03,1.050735e-05,-2.0210533247e-10,5.7395e-02,1.0312
3628.09,-1.29912866e-04,7.349445e-03,1.026608e-05,-2.0210910723e-10,5.8639e-02,1.0312
3628.60,2.30492574e-05,7.299000e-03,1.001813e-05,-2.0211243790e-10,5.4298e-02,1.0312
3629.11,1.67859037e-04,7.237332e-03,9.763857e-06,-2.0211321505e-10,5.9281e-02,1.0312
3629.61,2.57364816e-04,7.173612e-03,9.506003e-06,-2.0211687879e-10,4.4397e-02,1.0312
3630.12,2.60611876e-04,7.117184e-03,9.250050e-06,-2.0211998741e-10,4.3643e-02,1.0312
3630.63,1.73123917e-04,7.074517e-03,9.001201e-06,-2.0212487239e-10,3.2553e-02,1.0312
3631.13,2.45044897e-05,7.051136e-03,8.760997e-06,-2.0213042351e-10,3.4372e-02,1.0312
3631.64,-1.24888280e-04,7.049313e-03,8.526508e-06,-2.0213763996e-10,3.6546e-02,1.0312
3632.15,-2.08133122e-04,7.066456e-03,8.292256e-06,-2.0214085961e-10,3.9297e-02,1.0312
3632.66,-1.99385691e-04,7.092613e-03,8.053185e-06,-2.0214463436e-10,3.3311e-02,1.0312
3633.16,-1.65243864e-04,7.117222e-03,7.806866e-06,-2.0216217589e-10,1.9030e-02,1.0312
3633.67,-2.71632174e-04,7.130342e-03,7.554275e-06,-2.0218804409e-10,1.5675e-02,1.0312
3634.18,-7.11827090e-04,7.126074e-03,7.299284e-06,-2.0230583875e-10,2.0272e-02,1.0437
3634.68,-1.58184752e-03,7.103904e-03,7.047517e-06,-2.0230705999e-10,2.5680e-02,1.0437
3635.19,-2.78468091e-03,7.066154e-03,6.805224e-06,-2.0230805919e-10,3.1156e-02,1.0437
3635.70,-4.04059708e-03,7.016804e-03,6.578749e-06,-2.0232415743e-10,2.9804e-02,1.0437
3636.20,-5.00128137e-03,6.961960e-03,6.374446e-06,-2.0262846956e-10,2.9282e-02,1.0437
3636.71,-5.39446974e-03,6.908030e-03,6.198300e-06,-2.0270496393e-10,3.6410e-02,1.0437
3637.22,-5.12017571e-03,6.856505e-03,6.054875e-06,-2.0291224256e-10,3.7425e-02,1.0437
3637.72,-4.28936656e-03,6.810712e-03,5.947442e-06,-2.0293755565e-10,4.1111e-02,1.0500
3638.23,-3.18342152e-03,6.769753e-03,5.879063e-06,-2.0293766667e-10,4.2697e-02,1.0500
3638.74,-2.15139293e-03,6.731578e-03,5.851624e-06,-2.0293811076e-10,3.9306e-02,1.0500
3639.24,-1.47598334e-03,6.695893e-03,5.865062e-06,-2.0293977609e-10,3.6086e-02,1.0500
3639.75,-1.26837478e-03,6.662386e-03,5.916283e-06,-2.0294055325e-10,3.3260e-02,1.0500
3640.26,-1.44564557e-03,6.631288e-03,5.998430e-06,-2.0294244063e-10,3.0407e-02,1.0500
3640.76,-1.80231528e-03,6.603094e-03,6.101057e-06,-2.0294410596e-10,2.6828e-02,1.0500
3641.27,-2.13344251e-03,6.579048e-03,6.211141e-06,-2.0294554925e-10,2.2876e-02,1.0500
3641.78,-2.32917896e-03,6.560592e-03,6.314411e-06,-2.0294610437e-10,1.9154e-02,1.0500
3642.28,-2.39384824e-03,6.549073e-03,6.396703e-06,-2.0294788072e-10,2.5892e-02,1.0500
3642.79,-2.39785915e-03,6.545483e-03,6.445563e-06,-2.0294832481e-10,3.2561e-02,1.0500
3643.30,-2.40364806e-03,6.550447e-03,6.452088e-06,-2.0294887992e-10,3.9577e-02,1.0500
3643.80,-2.41448538e-03,6.563942e-03,6.412355e-06,-2.0295010117e-10,4.6614e-02,1.0500
3644.31,-2.37348034e-03,6.585493e-03,6.327757e-06,-2.0295154446e-10,5.3650e-02,1.0500
3644.82,-2.20406456e-03,6.614087e-03,6.204399e-06,-2.0295221059e-10,6.0684e-02,1.0500
3645.32,-1.85892332e-03,6.648344e-03,6.052286e-06,-2.0295276570e-10,6.7723e-02,1.0500
3645.83,-1.34419965e-03,6.686913e-03,5.884382e-06,-2.0295320979e-10,7.4785e-02,1.0500
3646.34,-7.06536547e-04,6.728219e-03,5.714735e-06,-2.0295376491e-10,8.1808e-02,1.0500
3646.85,-1.11210728e-06,6.770677e-03,5.555397e-06,-2.0295598535e-10,8.8531e-02,1.0500
3647.35,7.25139940e-04,6.812804e-03,5.413763e-06,-2.0295631842e-10,9.5292e-02,1.0500
3647.86,1.42152463e-03,6.853247e-03,5.292969e-06,-2.0295742864e-10,1.0177e-01,1.0500
3648.37,2.01511844e-03,6.890590e-03,5.196312e-06,-2.0295765069e-10,1.0817e-01,1.0500
3648.87,2.41540214e-03,6.922491e-03,5.131058e-06,-2.0295864989e-10,1.1454e-01,1.0500
3649.38,2.55184573e-03,6.948089e-03,5.105988e-06,-2.0296031522e-10,1.2086e-01,1.0500
3649.89,2.41364295e-03,6.966646e-03,5.123959e-06,-2.0296131442e-10,1.2714e-01,1.0500
3650.39,2.06469599e-03,6.977773e-03,5.176993e-06,-2.0296253567e-10,1.3337e-01,1.0500
3650.90,1.61513464e-03,6.981382e-03,5.251498e-06,-2.0296264669e-10,1.3957e-01,1.0500
3651.41,1.16118980e-03,6.976026e-03,5.334666e-06,-2.0296320180e-10,1.4572e-01,1.0500
3651.91,7.41647691e-04,6.963873e-03,5.417928e-06,-2.0296497816e-10,1.5183e-01,1.0500
3652.42,3.32078199e-04,6.944601e-03,5.494577e-06,-2.0303603243e-10,1.5074e-01,1.0437
3652.93,-1.22982144e-04,6.918305e-03,5.557545e-06,-2.0303703163e-10,1.5688e-01,1.0437
3653.43,-6.58838616e-04,6.885092e-03,5.598299e-06,-2.0303825288e-10,1.6298e-01,1.0437
3653.94,-1.25586073e-03,6.845410e-03,5.609220e-06,-2.0304014026e-10,1.6904e-01,1.0437
3654.45,-1.83790997e-03,6.800583e-03,5.591509e-06,-2.0314383509e-10,4.1619e-02,1.0312
3654.95,-2.30204323e-03,6.753593e-03,5.553481e-06,-2.0314605553e-10,4.6521e-02,1.0375
3655.46,-2.55856797e-03,6.711438e-03,5.513325e-06,-2.0314583349e-10,4.6423e-02,1.0375
3655.97,-2.56198734e-03,6.686260e-03,5.501453e-06,-2.0314838700e-10,4.9709e-02,1.0375
3656.47,-2.32331501e-03,6.685913e-03,5.547942e-06,-2.0314960825e-10,1.6550e-02,1.0375
3656.98,-1.90294132e-03,6.713775e-03,5.670477e-06,-2.0320023442e-10,1.3728e-02,1.0500
3657.49,-1.38983142e-03,6.760024e-03,5.860741e-06,-2.0320967131e-10,9.8853e-03,1.0500
3657.99,-8.74921505e-04,6.805066e-03,6.095513e-06,-2.0321100358e-10,1.4001e-02,1.0500
3658.50,-4.27313050e-04,6.834946e-03,6.351565e-06,-2.0321122562e-10,2.0722e-02,1.0500
3659.01,-8.14232322e-05,6.845084e-03,6.620152e-06,-2.0321266891e-10,2.6128e-02,1.0500
3659.51,1.61481768e-04,6.838576e-03,6.905689e-06,-2.0321355709e-10,3.2939e-02,1.0500
3660.02,3.21413491e-04,6.822972e-03,7.215677e-06,-2.0321355709e-10,4.0082e-02,1.0500
3660.53,4.24245827e-04,6.806280e-03,7.550352e-06,-2.0321522243e-10,4.7202e-02,1.0500
3661.04,4.91029800e-04,6.792202e-03,7.898219e-06,-2.0321722083e-10,5.4317e-02,1.0500
3661.54,5.34978090e-04,6.780007e-03,8.240143e-06,-2.0321622163e-10,6.1429e-02,1.0500
3662.05,5.64989665e-04,6.768510e-03,8.557251e-06,-2.0321766492e-10,6.8328e-02,1.0500
3662.56,5.90410842e-04,6.759288e-03,8.837087e-06,-2.0321866412e-10,7.5122e-02,1.0500
3663.06,6.23236411e-04,6.757922e-03,9.075885e-06,-2.0321944127e-10,8.1769e-02,1.0500
3663.57,6.76309051e-04,6.769284e-03,9.275196e-06,-2.0321977434e-10,8.8371e-02,1.0500
3664.08,7.59440698e-04,6.796139e-03,9.439363e-06,-2.0322166172e-10,9.4931e-02,1.0500
3664.58,8.76196682e-04,6.838345e-03,9.575416e-06,-2.0329216088e-10,1.0145e-01,1.0437
3665.09,1.02342903e-03,6.890611e-03,9.690231e-06,-2.0329304906e-10,1.0793e-01,1.0437
3665.60,1.19432934e-03,6.940868e-03,9.790202e-06,-2.0329360417e-10,1.1437e-01,1.0437
3666.10,1.38079183e-03,6.981223e-03,9.876882e-06,-2.0329526951e-10,1.2077e-01,1.0437
3666.61,1.57679546e-03,7.011011e-03,9.947959e-06,-2.0329671280e-10,1.2712e-01,1.0437
3667.12,1.78075052e-03,7.035027e-03,9.999248e-06,-2.0329704586e-10,1.3343e-01,1.0437
3667.62,1.99685381e-03,7.057434e-03,1.002747e-05,-2.0329826711e-10,1.3970e-01,1.0437
3668.13,2.23217323e-03,7.080809e-03,1.003127e-05,-2.0336854423e-10,7.9059e-02,1.0375
3668.64,2.48726064e-03,7.106262e-03,1.000995e-05,-2.0336976547e-10,8.5935e-02,1.0375
3669.14,2.74635591e-03,7.134003e-03,9.962149e-06,-2.0337009854e-10,9.2883e-02,1.0375
3669.65,2.97305802e-03,7.164344e-03,9.886149e-06,-2.0337187490e-10,9.9815e-02,1.0375
3670.16,3.12076499e-03,7.198100e-03,9.780589e-06,-2.0337198592e-10,1.0667e-01,1.0375
3670.66,3.15296399e-03,7.236381e-03,9.644426e-06,-2.0337320716e-10,1.1319e-01,1.0375
3671.17,3.06406230e-03,7.280346e-03,9.478022e-06,-2.0337409534e-10,1.1967e-01,1.0375
3671.68,2.87304518e-03,7.330760e-03,9.286030e-06,-2.0337409534e-10,1.2611e-01,1.0375
3672.18,2.57412578e-03,7.385080e-03,9.078759e-06,-2.0337542761e-10,1.3250e-01,1.0375
3672.69,2.07425075e-03,7.438426e-03,8.867936e-06,-2.0337675988e-10,1.3885e-01,1.0375
3673.20,1.19030881e-03,7.488004e-03,8.659594e-06,-2.0337809215e-10,1.4515e-01,1.0375
3673.71,-2.49968246e-04,7.533238e-03,8.452053e-06,-2.0337875828e-10,1.5141e-01,1.0375
3674.21,-2.25559637e-03,7.576198e-03,8.242098e-06,-2.0337942441e-10,1.5762e-01,1.0375
3674.72,-4.59245111e-03,7.618724e-03,8.032954e-06,-2.0338053464e-10,1.6379e-01,1.0375
3675.23,-6.85053451e-03,7.659885e-03,7.836425e-06,-2.0348689400e-10,5.5715e-02,1.0312
3675.73,-8.58502181e-03,7.697832e-03,7.668593e-06,-2.0348867036e-10,5.9382e-02,1.0312
3676.24,-9.45180691e-03,7.730190e-03,7.542970e-06,-2.0349055774e-10,6.5691e-02,1.0312
3676.75,-9.26812772e-03,7.755007e-03,7.464202e-06,-2.0349222307e-10,3.6030e-02,1.0312
3677.25,-8.03904474e-03,7.772532e-03,7.424494e-06,-2.0376200727e-10,2.1153e-02,1.0375
3677.76,-5.96892123e-03,7.785335e-03,7.405408e-06,-2.0406132339e-10,2.7831e-02,1.0437
3678.27,-3.46291953e-03,7.795379e-03,7.385549e-06,-2.0425772185e-10,2.9223e-02,1.0437
3678.77,-1.07123561e-03,7.803868e-03,7.350034e-06,-2.0455726002e-10,3.5360e-02,1.0500
3679.28,6.67727551e-04,7.809960e-03,7.296047e-06,-2.0461832229e-10,3.2768e-02,1.0563
3679.79,1.44149029e-03,7.813812e-03,7.231804e-06,-2.0462143091e-10,3.6242e-02,1.0563
3680.29,1.29446549e-03,7.814209e-03,7.171067e-06,-2.0462309624e-10,3.8676e-02,1.0563
3680.80,5.62266454e-04,7.810316e-03,7.127783e-06,-2.0462398442e-10,3.8222e-02,1.0563
3681.31,-3.31507506e-04,7.801898e-03,7.113266e-06,-2.0462398442e-10,3.4562e-02,1.0563
3681.81,-1.05955588e-03,7.789853e-03,7.134440e-06,-2.0462531669e-10,3.1580e-02,1.0563
3682.32,-1.45937746e-03,7.775179e-03,7.191610e-06,-2.0462576078e-10,3.8135e-02,1.0563
3682.83,-1.50163346e-03,7.758104e-03,7.277837e-06,-2.0462831429e-10,4.4854e-02,1.0563
3683.33,-1.22751031e-03,7.738062e-03,7.382508e-06,-2.0462820327e-10,5.1533e-02,1.0563
3683.84,-7.07243903e-04,7.713978e-03,7.497340e-06,-2.0462953554e-10,5.8173e-02,1.0563
3684.35,-3.01291359e-05,7.684916e-03,7.620119e-06,-2.0462920247e-10,6.4774e-02,1.0563
3684.85,6.95274224e-04,7.651286e-03,7.753790e-06,-2.0463131190e-10,7.1334e-02,1.0563
3685.36,1.35491551e-03,7.612865e-03,7.902324e-06,-2.0463220007e-10,7.7855e-02,1.0563
3685.87,1.86016680e-03,7.568792e-03,8.066145e-06,-2.0463275519e-10,8.4336e-02,1.0563
3686.37,2.17523833e-03,7.518224e-03,8.239304e-06,-2.0470314332e-10,6.9583e-02,1.0500
3686.88,2.32268451e-03,7.461036e-03,8.409498e-06,-2.0470425355e-10,7.6423e-02,1.0500
3687.39,2.36014944e-03,7.399451e-03,8.560659e-06,-2.0470469764e-10,8.3014e-02,1.0500
3687.90,2.34855735e-03,7.336836e-03,8.676299e-06,-2.0470602990e-10,8.9539e-02,1.0500
3688.40,2.33193569e-03,7.277547e-03,8.741866e-06,-2.0470602990e-10,9.6023e-02,1.0500
3688.91,2.33123205e-03,7.225713e-03,8.745911e-06,-2.0470725115e-10,1.0246e-01,1.0500
3689.42,2.35290639e-03,7.183875e-03,8.680793e-06,-2.0470902751e-10,1.0886e-01,1.0500
3689.92,2.39575178e-03,7.152944e-03,8.543579e-06,-2.0470836137e-10,1.1522e-01,1.0500
3690.43,2.45609983e-03,7.131763e-03,8.337522e-06,-2.0471080386e-10,1.2154e-01,1.0500
3690.94,2.52938801e-03,7.117237e-03,8.075945e-06,-2.0471091489e-10,1.2781e-01,1.0500
3691.44,2.61031287e-03,7.105207e-03,7.786573e-06,-2.0471213613e-10,1.3405e-01,1.0500
3691.95,2.69455759e-03,7.091365e-03,7.509533e-06,-2.0471302431e-10,1.4024e-01,1.0500
3692.46,2.77926499e-03,7.072462e-03,7.281334e-06,-2.0478330143e-10,1.3833e-01,1.0437
3692.96,2.86438123e-03,7.047419e-03,7.112756e-06,-2.0478407858e-10,1.4360e-01,1.0437
3693.47,2.95258341e-03,7.017114e-03,6.982123e-06,-2.0478596596e-10,1.4979e-01,1.0437
3693.98,3.04843965e-03,6.983393e-03,6.856259e-06,-2.0478629903e-10,1.5594e-01,1.0437
3694.48,3.15428400e-03,6.947972e-03,6.722837e-06,-2.0478785334e-10,1.6205e-01,1.0437
3694.99,3.26970897e-03,6.911584e-03,6.607213e-06,-2.0478907459e-10,1.6812e-01,1.0437
3695.50,3.39009547e-03,6.874327e-03,6.561422e-06,-2.0489432373e-10,1.8042e-02,1.0437
3696.00,3.50926171e-03,6.836580e-03,6.632609e-06,-2.0490031893e-10,2.2341e-02,1.0437
3696.51,3.62402777e-03,6.799900e-03,6.832766e-06,-2.0506607523e-10,2.8523e-02,1.0437
3697.02,3.73813355e-03,6.766818e-03,7.132964e-06,-2.0529888900e-10,2.6877e-02,1.0500
3697.52,3.86036397e-03,6.740522e-03,7.484646e-06,-2.0545554147e-10,2.7898e-02,1.0500
3698.03,4.00105040e-03,6.723264e-03,7.847830e-06,-2.0569113079e-10,2.7615e-02,1.0500
3698.54,4.16647746e-03,6.715747e-03,8.206094e-06,-2.0573287518e-10,2.9623e-02,1.0500
3699.04,4.35485924e-03,6.716429e-03,8.563186e-06,-2.0589874250e-10,3.0136e-02,1.0500
3699.55,4.55534715e-03,6.725316e-03,8.928977e-06,-2.0590062988e-10,2.9056e-02,1.0500
3700.06,4.74930041e-03,6.740494e-03,9.306831e-06,-2.0590318339e-10,2.6669e-02,1.0500
3700.56,4.91031552e-03,6.758686e-03,9.690016e-06,-2.0590418259e-10,2.3361e-02,1.0500
3701.07,5.00142375e-03,6.777158e-03,1.006607e-05,-2.0590484873e-10,2.2351e-02,1.0500
3701.58,4.97573907e-03,6.794138e-03,1.042334e-05,-2.0590507077e-10,2.9035e-02,1.0500
3702.09,4.79442568e-03,6.808473e-03,1.075516e-05,-2.0590606997e-10,3.5836e-02,1.0500
3702.59,4.46619396e-03,6.819038e-03,1.106023e-05,-2.0590862349e-10,4.2868e-02,1.0500
3703.10,4.07852745e-03,6.824338e-03,1.134019e-05,-2.0590873451e-10,4.9905e-02,1.0500
3703.61,3.76815336e-03,6.823073e-03,1.159670e-05,-2.0590873451e-10,5.6940e-02,1.0500
3704.11,3.60808501e-03,6.812434e-03,1.183004e-05,-2.0591139904e-10,6.3973e-02,1.0500
3704.62,3.46969775e-03,6.793939e-03,1.203931e-05,-2.0591095495e-10,7.1050e-02,1.0500
3705.13,2.99379241e-03,6.769348e-03,1.222370e-05,-2.0591317540e-10,7.8068e-02,1.0500
3705.63,1.77444794e-03,6.740016e-03,1.238297e-05,-2.0591417460e-10,8.4914e-02,1.0500
3706.14,-3.29665321e-04,6.707845e-03,1.251688e-05,-2.0591428562e-10,9.1733e-02,1.0500
3706.65,-3.02105354e-03,6.674686e-03,1.262436e-05,-2.0591384153e-10,9.8398e-02,1.0500
3707.15,-5.68697279e-03,6.642507e-03,1.270331e-05,-2.0591550687e-10,1.0482e-01,1.0500
3707.66,-7.68935079e-03,6.613643e-03,1.275108e-05,-2.0591739425e-10,1.1121e-01,1.0500
3708.17,-8.58675817e-03,6.590006e-03,1.276506e-05,-2.0591806038e-10,1.1755e-01,1.0500
3708.67,-8.21900496e-03,6.572839e-03,1.274283e-05,-2.0591828243e-10,1.2385e-01,1.0500
3709.18,-6.70025484e-03,6.562912e-03,1.268172e-05,-2.0591917060e-10,1.3011e-01,1.0500
3709.69,-4.40730961e-03,6.560521e-03,1.257842e-05,-2.0591983674e-10,1.3633e-01,1.0500
3710.19,-1.92367203e-03,6.565362e-03,1.242961e-05,-2.0592172412e-10,1.4250e-01,1.0500
3710.70,1.06673539e-04,6.576606e-03,1.223280e-05,-2.0592239025e-10,1.4864e-01,1.0500
3711.21,1.21692151e-03,6.592554e-03,1.198788e-05,-2.0592350047e-10,1.5472e-01,1.0500
3711.71,1.30994162e-03,6.610614e-03,1.169778e-05,-2.0599677519e-10,7.3999e-02,1.0437
3712.22,6.31570392e-04,6.630005e-03,1.136784e-05,-2.0599677519e-10,8.1196e-02,1.0437
3712.73,-4.51110218e-04,6.648309e-03,1.100389e-05,-2.0599699724e-10,8.8328e-02,1.0437
3713.23,-1.67247005e-03,6.664192e-03,1.061071e-05,-2.0599910666e-10,9.5207e-02,1.0437
3713.74,-2.93237072e-03,6.677397e-03,1.019148e-05,-2.0599988382e-10,1.0214e-01,1.0437
3714.25,-4.20824952e-03,6.687754e-03,9.749252e-06,-2.0599999484e-10,1.0893e-01,1.0437
3714.75,-5.43460502e-03,6.695491e-03,9.288785e-06,-2.0600177120e-10,1.1553e-01,1.0437
3715.26,-6.45222721e-03,6.701708e-03,8.816000e-06,-2.0600232631e-10,1.2192e-01,1.0437
3715.77,-7.04937860e-03,6.710591e-03,8.337123e-06,-2.0600254835e-10,1.2826e-01,1.0437
3716.28,-7.05188713e-03,6.729530e-03,7.857425e-06,-2.0600354755e-10,1.3456e-01,1.0437
3716.78,-6.40180314e-03,6.764352e-03,7.379634e-06,-2.0600487982e-10,4.9972e-02,1.0437
3717.29,-5.19693493e-03,6.817435e-03,6.906667e-06,-2.0602308748e-10,2.6844e-02,1.0437
3717.80,-3.68543487e-03,6.884259e-03,6.442259e-06,-2.0635337883e-10,3.1507e-02,1.0437
3718.30,-2.20575321e-03,6.953471e-03,5.992589e-06,-2.0664203682e-10,3.1882e-02,1.0500
3718.81,-1.07701659e-03,7.017081e-03,5.564946e-06,-2.0678991852e-10,3.5778e-02,1.0500
3719.32,-4.81789581e-04,7.073293e-03,5.167659e-06,-2.0707902060e-10,3.8488e-02,1.0500
3719.82,-4.07840211e-04,7.124676e-03,4.811166e-06,-2.0747425999e-10,3.9929e-02,1.0500
3720.33,-6.91392244e-04,7.175229e-03,4.510653e-06,-2.0748069929e-10,3.5591e-02,1.0563
3720.84,-1.12752563e-03,7.228338e-03,4.288351e-06,-2.0748203156e-10,3.1235e-02,1.0563
3721.34,-1.56479889e-03,7.284263e-03,4.171235e-06,-2.0748203156e-10,2.7693e-02,1.0563
3721.85,-1.93590046e-03,7.339498e-03,4.182292e-06,-2.0748247564e-10,2.4168e-02,1.0563
3722.36,-2.23171507e-03,7.388136e-03,4.329401e-06,-2.0748414098e-10,2.6481e-02,1.0563
3722.86,-2.45156810e-03,7.425122e-03,4.599787e-06,-2.0748547325e-10,3.3270e-02,1.0563
3723.37,-2.58031644e-03,7.449109e-03,4.964698e-06,-2.0748647245e-10,4.0019e-02,1.0563
3723.88,-2.59336695e-03,7.462195e-03,5.390801e-06,-2.0748625040e-10,4.6728e-02,1.0563
3724.38,-2.47590921e-03,7.466397e-03,5.849813e-06,-2.0748669449e-10,5.3397e-02,1.0563
3724.89,-2.24452814e-03,7.460914e-03,6.321210e-06,-2.0748869289e-10,6.0027e-02,1.0563
3725.40,-1.94370323e-03,7.437554e-03,6.790309e-06,-2.0749013618e-10,6.6617e-02,1.0563
3725.90,-1.63215870e-03,7.390225e-03,7.243688e-06,-2.0749113538e-10,7.3166e-02,1.0563
3726.41,-1.36361930e-03,7.320513e-03,7.669009e-06,-2.0749135743e-10,7.9676e-02,1.0563
3726.92,-1.17222961e-03,7.233326e-03,8.057642e-06,-2.0749280072e-10,8.6146e-02,1.0563
3727.42,-1.06883443e-03,7.138963e-03,8.406927e-06,-2.0749379992e-10,9.2575e-02,1.0563
3727.93,-1.04215479e-03,7.048920e-03,8.721014e-06,-2.0749468810e-10,9.8963e-02,1.0563
3728.44,-1.06723200e-03,6.973056e-03,9.008230e-06,-2.0749446605e-10,1.0531e-01,1.0563
3728.94,-1.11251450e-03,6.918401e-03,9.277086e-06,-2.0749568730e-10,1.1162e-01,1.0563
3729.45,-1.14990758e-03,6.887688e-03,9.533588e-06,-2.0749657548e-10,1.1789e-01,1.0563
3729.96,-1.15895965e-03,6.878881e-03,9.780537e-06,-2.0749835183e-10,1.2411e-01,1.0563
3730.47,-1.13016657e-03,6.886048e-03,1.001864e-05,-2.0757029429e-10,1.2024e-01,1.0500
3730.97,-1.06825143e-03,6.898861e-03,1.024742e-05,-2.0757107144e-10,1.2652e-01,1.0500
3731.48,-9.92198056e-04,6.907541e-03,1.046546e-05,-2.0757162655e-10,1.3276e-01,1.0500
3731.99,-9.29325319e-04,6.905272e-03,1.067045e-05,-2.0757284780e-10,1.3896e-01,1.0500
3732.49,-9.00760796e-04,6.888492e-03,1.085989e-05,-2.0757329189e-10,1.4512e-01,1.0500
3733.00,-9.13192975e-04,6.857573e-03,1.103158e-05,-2.0757462416e-10,1.5123e-01,1.0500
3733.51,-9.52380874e-04,6.815838e-03,1.118375e-05,-2.0757595642e-10,1.5730e-01,1.0500
3734.01,-9.84550582e-04,6.768630e-03,1.131414e-05,-2.0757551233e-10,1.6333e-01,1.0500
3734.52,-9.75653360e-04,6.722091e-03,1.141878e-05,-2.0764800990e-10,1.5344e-01,1.0437
3735.03,-9.05830307e-04,6.681718e-03,1.149181e-05,-2.0765233977e-10,3.7754e-02,1.0437
3735.53,-7.71336005e-04,6.651669e-03,1.152701e-05,-2.0780843712e-10,4.0883e-02,1.0437
3736.04,-5.82576003e-04,6.634200e-03,1.151965e-05,-2.0800938749e-10,4.2057e-02,1.0500
3736.55,-3.57098136e-04,6.629397e-03,1.146743e-05,-2.0832191527e-10,4.1645e-02,1.0500
3737.05,-1.11165441e-04,6.635541e-03,1.137126e-05,-2.0846868676e-10,3.9979e-02,1.0500
3737.56,1.41912067e-04,6.650007e-03,1.123719e-05,-2.0915114085e-10,3.7322e-02,1.0563
3738.07,3.90810469e-04,6.669426e-03,1.107745e-05,-2.0920498667e-10,3.3964e-02,1.0625
3738.57,6.25270268e-04,6.690228e-03,1.090606e-05,-2.0920631894e-10,3.0222e-02,1.0625
3739.08,8.36749415e-04,6.710758e-03,1.072989e-05,-2.0920720711e-10,2.6998e-02,1.0625
3739.59,1.02238127e-03,6.733297e-03,1.054305e-05,-2.0920876143e-10,2.5725e-02,1.0625
3740.09,1.18851457e-03,6.759862e-03,1.033224e-05,-2.0920909449e-10,2.7237e-02,1.0625
3740.60,1.35117517e-03,6.788010e-03,1.008965e-05,-2.0920987165e-10,3.3938e-02,1.0625
3741.11,1.53106227e-03,6.814290e-03,9.821332e-06,-2.0921087085e-10,4.0602e-02,1.0625
3741.61,1.74583155e-03,6.836377e-03,9.545683e-06,-2.0921220312e-10,4.7228e-02,1.0625
3742.12,2.00279343e-03,6.853287e-03,9.284361e-06,-2.0921309130e-10,5.3816e-02,1.0625
3742.63,2.29453747e-03,6.865096e-03,9.051788e-06,-2.0921331334e-10,6.0365e-02,1.0625
3743.13,2.59980972e-03,6.873599e-03,8.848646e-06,-2.0921453459e-10,6.6876e-02,1.0625
3743.64,2.88653069e-03,6.881110e-03,8.663174e-06,-2.0921531174e-10,7.3348e-02,1.0625
3744.15,3.11958534e-03,6.889738e-03,8.480205e-06,-2.0921553379e-10,7.9781e-02,1.0625
3744.66,3.26743123e-03,6.900899e-03,8.291581e-06,-2.0928836442e-10,7.5168e-02,1.0563
3745.16,3.30555347e-03,6.914323e-03,8.099844e-06,-2.0928825339e-10,8.1666e-02,1.0563
3745.67,3.21580613e-03,6.929536e-03,7.913301e-06,-2.0929058486e-10,8.8123e-02,1.0563
3746.18,2.98968551e-03,6.946618e-03,7.738203e-06,-2.0929047384e-10,9.4540e-02,1.0563
3746.68,2.63710051e-03,6.966306e-03,7.574557e-06,-2.0929125100e-10,1.0092e-01,1.0563
3747.19,2.19339563e-03,6.989472e-03,7.417296e-06,-2.0929269429e-10,1.0725e-01,1.0563
3747.70,1.71601282e-03,7.016322e-03,7.260342e-06,-2.0929313838e-10,1.1355e-01,1.0563
3748.20,1.26262687e-03,7.046184e-03,7.100929e-06,-2.0929424860e-10,1.1980e-01,1.0563
3748.71,8.68524669e-04,7.077304e-03,6.939986e-06,-2.0929558087e-10,1.2602e-01,1.0563
3749.22,5.38149655e-04,7.108407e-03,6.780415e-06,-2.0929669109e-10,1.3219e-01,1.0563
3749.72,2.56735291e-04,7.137828e-03,6.626746e-06,-2.0929646904e-10,1.3832e-01,1.0563
3750.23,1.15862263e-05,7.163598e-03,6.480653e-06,-2.0937040990e-10,1.3739e-01,1.0500
3750.74,-1.98932194e-04,7.184326e-03,6.342500e-06,-2.0937107603e-10,1.4355e-01,1.0500
3751.24,-3.71768720e-04,7.198595e-03,6.215712e-06,-2.0937063194e-10,1.4968e-01,1.0500
3751.75,-5.08857914e-04,7.204161e-03,6.103050e-06,-2.0937263034e-10,1.5576e-01,1.0500
3752.26,-6.15753755e-04,7.199325e-03,6.006169e-06,-2.0937362954e-10,1.6180e-01,1.0500
3752.76,-6.88612161e-04,7.183826e-03,5.926885e-06,-2.0944324053e-10,1.6144e-01,1.0437
3753.27,-7.03810344e-04,7.163680e-03,5.865865e-06,-2.0944423973e-10,1.6751e-01,1.0437
3753.78,-6.23742441e-04,7.149327e-03,5.820472e-06,-2.0944523893e-10,1.7354e-01,1.0437
3754.28,-4.18444082e-04,7.152349e-03,5.787500e-06,-2.0951518298e-10,9.7621e-02,1.0375
3754.79,-8.93148522e-05,7.183846e-03,5.760700e-06,-2.0951607116e-10,1.0461e-01,1.0375
3755.30,3.21062736e-04,7.249364e-03,5.729573e-06,-2.0951751445e-10,1.1147e-01,1.0375
3755.80,7.40445290e-04,7.346955e-03,5.689533e-06,-2.0951762547e-10,1.1813e-01,1.0375
3756.31,1.09470266e-03,7.464403e-03,5.634389e-06,-2.0951884672e-10,1.2458e-01,1.0375
3756.82,1.33749837e-03,7.584177e-03,5.558814e-06,-2.0952040103e-10,1.3098e-01,1.0375
3757.33,1.46659808e-03,7.686257e-03,5.462880e-06,-2.0952084512e-10,1.3734e-01,1.0375
3757.83,1.51968829e-03,7.758165e-03,5.347980e-06,-2.0952206636e-10,1.4365e-01,1.0375
3758.34,1.55304952e-03,7.800825e-03,5.215124e-06,-2.0952251045e-10,1.4992e-01,1.0375
3758.85,1.61703133e-03,7.824211e-03,5.062938e-06,-2.0952295454e-10,1.5615e-01,1.0375
3759.35,1.73631982e-03,7.839645e-03,4.886894e-06,-2.0952428681e-10,1.6232e-01,1.0375
3759.86,1.90609483e-03,7.857831e-03,4.684302e-06,-2.0952595214e-10,1.6846e-01,1.0375
3760.37,2.10141394e-03,7.882902e-03,4.457289e-06,-2.0962942493e-10,5.8925e-02,1.0312
3760.87,2.29391894e-03,7.915553e-03,4.218028e-06,-2.0963175640e-10,2.3080e-02,1.0312
3761.38,2.46229578e-03,7.955068e-03,3.990129e-06,-2.0963619729e-10,2.3197e-02,1.0312
3761.89,2.59019240e-03,8.000922e-03,3.799900e-06,-2.0964296965e-10,2.3332e-02,1.0312
3762.39,2.65445404e-03,8.050534e-03,3.661887e-06,-2.0964707748e-10,2.7557e-02,1.0312
3762.90,2.62576185e-03,8.097774e-03,3.573319e-06,-2.0965218450e-10,3.3298e-02,1.0312
3763.41,2.49177326e-03,8.136567e-03,3.523774e-06,-2.0965562619e-10,3.9197e-02,1.0312
3763.91,2.28760966e-03,8.161848e-03,3.509695e-06,-2.0965695846e-10,4.6052e-02,1.0312
3764.42,2.08988073e-03,8.169671e-03,3.538287e-06,-2.0965973402e-10,5.2974e-02,1.0312
3764.93,1.95436740e-03,8.156679e-03,3.618772e-06,-2.0966017811e-10,5.9160e-02,1.0312
3765.43,1.83173552e-03,8.122974e-03,3.750928e-06,-2.0966151038e-10,3.2885e-02,1.0312
3765.94,1.54236986e-03,8.070616e-03,3.922385e-06,-2.0966561820e-10,3.1886e-02,1.0375
3766.45,8.66672732e-04,8.005198e-03,4.115145e-06,-2.0980095439e-10,3.5366e-02,1.0375
3766.95,-2.90212247e-04,7.933743e-03,4.314089e-06,-2.0998969230e-10,3.7107e-02,1.0437
3767.46,-1.78295046e-03,7.861934e-03,4.510733e-06,-2.1027402042e-10,3.7254e-02,1.0437
3767.97,-3.25938602e-03,7.794505e-03,4.703118e-06,-2.1054957777e-10,3.6136e-02,1.0437
3768.47,-4.31528668e-03,7.734524e-03,4.893486e-06,-2.1055990285e-10,3.4044e-02,1.0500
3768.98,-4.65581424e-03,7.683156e-03,5.086069e-06,-2.1055956978e-10,3.1314e-02,1.0500
3769.49,-4.20023454e-03,7.639602e-03,5.285990e-06,-2.1056068000e-10,2.9018e-02,1.0500
3769.99,-3.10184420e-03,7.601329e-03,5.499093e-06,-2.1056167920e-10,2.9203e-02,1.0500
3770.50,-1.70278994e-03,7.564671e-03,5.731696e-06,-2.1056290045e-10,2.9343e-02,1.0500
3771.01,-4.19744884e-04,7.525747e-03,5.989436e-06,-2.1056256738e-10,2.9033e-02,1.0500
3771.52,4.10534178e-04,7.481408e-03,6.275299e-06,-2.1056478783e-10,3.5884e-02,1.0500
3772.02,6.55631616e-04,7.429989e-03,6.588035e-06,-2.1056445476e-10,4.2695e-02,1.0500
3772.53,4.01952769e-04,7.371470e-03,6.922168e-06,-2.1056700827e-10,4.9467e-02,1.0500
3773.04,-1.40280129e-04,7.307123e-03,7.269424e-06,-2.1056745236e-10,5.6198e-02,1.0500
3773.54,-7.58727236e-04,7.238988e-03,7.620242e-06,-2.1056822952e-10,6.2888e-02,1.0500
3774.05,-1.30648336e-03,7.169056e-03,7.964541e-06,-2.1056989485e-10,6.9538e-02,1.0500
3774.56,-1.70091888e-03,7.099819e-03,8.291584e-06,-2.1057011690e-10,7.6146e-02,1.0500
3775.06,-1.89607604e-03,7.034862e-03,8.589927e-06,-2.1057111610e-10,8.2714e-02,1.0500
3775.57,-1.87051618e-03,6.976348e-03,8.848243e-06,-2.1057100508e-10,8.9241e-02,1.0500
3776.08,-1.63679204e-03,6.925821e-03,9.057298e-06,-2.1057189326e-10,9.5726e-02,1.0500
3776.58,-1.24937348e-03,6.885587e-03,9.212555e-06,-2.1057366961e-10,1.0217e-01,1.0500
3777.09,-7.89643214e-04,6.854445e-03,9.316018e-06,-2.1064427980e-10,1.0077e-01,1.0437
3777.60,-3.32925638e-04,6.832325e-03,9.376096e-06,-2.1064439082e-10,1.0744e-01,1.0437
3778.10,7.72226155e-05,6.816679e-03,9.405376e-06,-2.1064539002e-10,1.1389e-01,1.0437
3778.61,4.28707589e-04,6.805379e-03,9.417521e-06,-2.1064650024e-10,1.2029e-01,1.0437
3779.12,7.21520714e-04,6.797189e-03,9.425028e-06,-2.1064738842e-10,1.2664e-01,1.0437
3779.62,9.50905942e-04,6.790122e-03,9.438378e-06,-2.1064927580e-10,1.3296e-01,1.0437
3780.13,1.11136740e-03,6.782659e-03,9.465627e-06,-2.1064994193e-10,1.3923e-01,1.0437
3780.64,1.20937618e-03,6.775018e-03,9.510932e-06,-2.1065160727e-10,1.4545e-01,1.0437
3781.14,1.27278528e-03,6.767335e-03,9.573114e-06,-2.1065171829e-10,1.5164e-01,1.0437
3781.65,1.34375085e-03,6.760266e-03,9.645779e-06,-2.1065127420e-10,1.5778e-01,1.0437
3782.16,1.45954331e-03,6.754667e-03,9.719952e-06,-2.1072388279e-10,6.8401e-02,1.0375
3782.66,1.63303592e-03,6.751267e-03,9.786937e-06,-2.1072477097e-10,7.5273e-02,1.0375
3783.17,1.84540874e-03,6.750018e-03,9.838998e-06,-2.1072665835e-10,1.4339e-02,1.0375
3783.68,2.05192617e-03,6.751770e-03,9.868323e-06,-2.1073220946e-10,2.8903e-02,1.0375
3784.18,2.19776503e-03,6.756450e-03,9.865693e-06,-2.1073598422e-10,3.1481e-02,1.0375
3784.69,2.23630014e-03,6.763913e-03,9.821423e-06,-2.1074031409e-10,3.2168e-02,1.0375
3785.20,2.13848074e-03,6.774191e-03,9.726961e-06,-2.1074186840e-10,3.3579e-02,1.0375
3785.71,1.89924071e-03,6.787275e-03,9.577243e-06,-2.1074364476e-10,3.5357e-02,1.0375
3786.21,1.54176872e-03,6.802998e-03,9.373198e-06,-2.1074597623e-10,3.9157e-02,1.0375
3786.72,1.12140447e-03,6.820985e-03,9.125718e-06,-2.1074864076e-10,4.2746e-02,1.0375
3787.23,7.15946642e-04,6.840491e-03,8.857273e-06,-2.1075086121e-10,4.4027e-02,1.0375
3787.73,3.96700564e-04,6.861496e-03,8.598515e-06,-2.1075241552e-10,4.6082e-02,1.0375
3788.24,1.91160293e-04,6.884989e-03,8.377633e-06,-2.1075363676e-10,4.6718e-02,1.0375
3788.75,6.43128650e-05,6.914362e-03,8.205710e-06,-2.1075596823e-10,4.4723e-02,1.0375
3789.25,-6.04936250e-05,6.950850e-03,8.073119e-06,-2.1075741152e-10,4.5944e-02,1.0375
3789.76,-2.49948813e-04,6.990746e-03,7.961136e-06,-2.1075785561e-10,5.1468e-02,1.0375
3790.27,-5.11928127e-04,7.028083e-03,7.860571e-06,-2.1075918788e-10,5.7220e-02,1.0375
3790.77,-7.86169202e-04,7.058019e-03,7.780840e-06,-2.1076052015e-10,2.3891e-02,1.0375
3791.28,-9.81667704e-04,7.077618e-03,7.741645e-06,-2.1077062318e-10,1.8049e-02,1.0437
3791.79,-1.03041082e-03,7.087266e-03,7.755173e-06,-2.1086510316e-10,2.2737e-02,1.0437
3792.29,-9.24599157e-04,7.089523e-03,7.815330e-06,-2.1107104953e-10,3.0298e-02,1.0500
3792.80,-7.16524433e-04,7.087992e-03,7.902370e-06,-2.1135826422e-10,2.9573e-02,1.0500
3793.31,-4.86268287e-04,7.085896e-03,7.996079e-06,-2.1145452056e-10,2.8549e-02,1.0500
3793.81,-2.99633180e-04,7.084786e-03,8.085394e-06,-2.1146395746e-10,3.1241e-02,1.0563
3794.32,-1.78015815e-04,7.084474e-03,8.168784e-06,-2.1146484563e-10,3.2904e-02,1.0563
3794.83,-9.42286358e-05,7.084158e-03,8.248183e-06,-2.1146440154e-10,3.3035e-02,1.0563
3795.33,4.52961188e-06,7.083040e-03,8.323034e-06,-2.1146628892e-10,3.1519e-02,1.0563
3795.84,1.60526369e-04,7.080584e-03,8.388945e-06,-2.1146762119e-10,3.0130e-02,1.0563
3796.35,3.80395205e-04,7.076409e-03,8.440642e-06,-2.1146873141e-10,3.6895e-02,1.0563
3796.85,6.38033006e-04,7.070126e-03,8.475600e-06,-2.1146862039e-10,4.3621e-02,1.0563
3797.36,8.97998001e-04,7.061333e-03,8.495049e-06,-2.1146961959e-10,5.0307e-02,1.0563
3797.87,1.13691993e-03,7.049753e-03,8.501820e-06,-2.1147117391e-10,5.6955e-02,1.0563
3798.37,1.34628666e-03,7.035383e-03,8.497253e-06,-2.1147139595e-10,6.3562e-02,1.0563
3798.88,1.52440880e-03,7.018583e-03,8.479745e-06,-2.1147350537e-10,7.0131e-02,1.0563
3799.39,1.67169874e-03,6.999929e-03,8.445709e-06,-2.1147350537e-10,7.6659e-02,1.0563
3799.90,1.78866707e-03,6.979924e-03,8.391270e-06,-2.1147450457e-10,8.3147e-02,1.0563
3800.40,1.88148735e-03,6.959083e-03,8.313393e-06,-2.1147517071e-10,8.9595e-02,1.0563
3800.91,1.96348365e-03,6.938356e-03,8.210142e-06,-2.1147672502e-10,9.6002e-02,1.0563
3801.42,2.05360639e-03,6.918692e-03,8.080755e-06,-2.1147728013e-10,1.0237e-01,1.0563
3801.92,2.15541790e-03,6.901770e-03,7.925854e-06,-2.1147794627e-10,1.0870e-01,1.0563
3802.43,2.22085565e-03,6.888959e-03,7.747630e-06,-2.1154877849e-10,9.2495e-02,1.0500
3802.94,2.11625615e-03,6.880692e-03,7.549575e-06,-2.1155011076e-10,9.9335e-02,1.0500
3803.44,1.62740951e-03,6.876730e-03,7.336807e-06,-2.1155144303e-10,1.0596e-01,1.0500
3803.95,5.31677618e-04,6.876437e-03,7.116865e-06,-2.1155233121e-10,1.1234e-01,1.0500
3804.46,-1.28539266e-03,6.878733e-03,6.900791e-06,-2.1155188712e-10,1.1868e-01,1.0500
3804.96,-3.73201485e-03,6.882459e-03,6.702103e-06,-2.1155388552e-10,1.2497e-01,1.0500
3805.47,-6.50674291e-03,6.886687e-03,6.533305e-06,-2.1155477370e-10,1.3122e-01,1.0500
3805.98,-9.18738243e-03,6.891364e-03,6.403588e-06,-2.1155521779e-10,1.3743e-01,1.0500
3806.48,-1.13545138e-02,6.896417e-03,6.320121e-06,-2.1155588392e-10,1.4360e-01,1.0500
3806.99,-1.26777999e-02,6.901275e-03,6.291032e-06,-2.1155754926e-10,1.4972e-01,1.0500
3807.50,-1.29578786e-02,6.904696e-03,6.325467e-06,-2.1155710517e-10,1.5580e-01,1.0500
3808.00,-1.21345687e-02,6.905141e-03,6.430396e-06,-2.1155865948e-10,1.6184e-01,1.0437
3808.51,-1.03042501e-02,6.898489e-03,6.606514e-06,-2.1162849251e-10,1.5280e-01,1.0437
3809.02,-7.73747791e-03,6.890198e-03,6.847355e-06,-2.1162949171e-10,1.5894e-01,1.0437
3809.52,-4.89101940e-03,6.877211e-03,7.141648e-06,-2.1162949171e-10,1.6502e-01,1.0437
3810.03,-2.34202495e-03,6.860285e-03,7.476985e-06,-2.1163171215e-10,1.7107e-01,1.0437
3810.54,-6.23486562e-04,6.842053e-03,7.840415e-06,-2.1170110109e-10,1.0227e-01,1.0375
3811.04,-1.64787961e-05,6.828217e-03,8.220390e-06,-2.1170121212e-10,1.0920e-01,1.0375
3811.55,-4.25132707e-04,6.823707e-03,8.606858e-06,-2.1170298847e-10,2.1595e-02,1.0375
3812.06,-1.46188438e-03,6.836126e-03,8.991901e-06,-2.1174650922e-10,3.0525e-02,1.0437
3812.56,-2.64455313e-03,6.863272e-03,9.370693e-06,-2.1174928477e-10,2.5565e-02,1.0437
3813.07,-3.58329722e-03,6.904397e-03,9.740479e-06,-2.1199719757e-10,2.8830e-02,1.0437
3813.58,-4.05834897e-03,6.946797e-03,1.010146e-05,-2.1208490519e-10,3.0722e-02,1.0437
3814.09,-4.01024931e-03,6.981826e-03,1.045475e-05,-2.1256219007e-10,3.1100e-02,1.0500
3814.59,-3.49666221e-03,7.008380e-03,1.080094e-05,-2.1256429950e-10,3.0074e-02,1.0500
3815.10,-2.64940509e-03,7.029114e-03,1.113937e-05,-2.1256496563e-10,2.7952e-02,1.0500
3815.61,-1.64011210e-03,7.046960e-03,1.146875e-05,-2.1256607585e-10,2.4993e-02,1.0500
3816.11,-6.51535142e-04,7.063739e-03,1.178780e-05,-2.1256707505e-10,2.1470e-02,1.0500
3816.62,1.57017576e-04,7.078457e-03,1.209429e-05,-2.1256763016e-10,2.0845e-02,1.0500
3817.13,6.83635891e-04,7.088299e-03,1.238310e-05,-2.1256851834e-10,2.7892e-02,1.0500
3817.63,9.04206006e-04,7.090835e-03,1.264602e-05,-2.1256940652e-10,3.4930e-02,1.0500
3818.14,8.70793328e-04,7.085075e-03,1.287370e-05,-2.1257151595e-10,4.1965e-02,1.0500
3818.65,6.84798184e-04,7.070732e-03,1.305768e-05,-2.1257162697e-10,4.8998e-02,1.0500
3819.15,4.59113308e-04,7.045218e-03,1.319102e-05,-2.1257240412e-10,5.5909e-02,1.0500
3819.66,2.86214895e-04,7.012729e-03,1.326792e-05,-2.1257373639e-10,6.2671e-02,1.0500
3820.17,2.21022236e-04,6.978729e-03,1.328406e-05,-2.1257473559e-10,6.9323e-02,1.0500
3820.67,2.78877722e-04,6.949451e-03,1.323728e-05,-2.1257473559e-10,7.5934e-02,1.0500
3821.18,4.44906663e-04,6.930669e-03,1.312800e-05,-2.1257529070e-10,8.2504e-02,1.0500
3821.69,6.85735338e-04,6.925155e-03,1.295906e-05,-2.1257595684e-10,8.9032e-02,1.0500
3822.19,9.62606755e-04,6.932719e-03,1.273560e-05,-2.1257740013e-10,9.5519e-02,1.0500
3822.70,1.24271366e-03,6.950719e-03,1.246584e-05,-2.1257773319e-10,1.0196e-01,1.0500
3823.21,1.50446167e-03,6.975192e-03,1.216154e-05,-2.1257950955e-10,1.0837e-01,1.0500
3823.71,1.73896434e-03,7.001588e-03,1.183601e-05,-2.1258050875e-10,1.1473e-01,1.0500
3824.22,1.94982570e-03,7.026033e-03,1.149951e-05,-2.1258106386e-10,1.2105e-01,1.0500
3824.73,2.14569909e-03,7.045944e-03,1.115498e-05,-2.1258128591e-10,1.2733e-01,1.0500
3825.23,2.34055958e-03,7.060280e-03,1.079723e-05,-2.1258284022e-10,1.3356e-01,1.0500
3825.74,2.54953693e-03,7.069284e-03,1.041756e-05,-2.1265400552e-10,1.3409e-01,1.0437
3826.25,2.78584658e-03,7.074044e-03,1.001082e-05,-2.1265400552e-10,1.4035e-01,1.0437
3826.75,3.05624014e-03,7.076001e-03,9.580308e-06,-2.1265622596e-10,1.4657e-01,1.0437
3827.26,3.35719491e-03,7.076609e-03,9.137699e-06,-2.1265600392e-10,1.5274e-01,1.0437
3827.77,3.67395108e-03,7.075867e-03,8.699214e-06,-2.1265778027e-10,1.5887e-01,1.0437
3828.28,3.99108561e-03,7.076879e-03,8.280822e-06,-2.1265789130e-10,2.8565e-02,1.0437
3828.78,4.29885307e-03,7.079115e-03,7.894995e-06,-2.1266011174e-10,3.3984e-02,1.0437
3829.29,4.59560113e-03,7.083256e-03,7.549501e-06,-2.1291202135e-10,3.6860e-02,1.0437
3829.80,4.88174685e-03,7.090045e-03,7.247484e-06,-2.1315738064e-10,3.7733e-02,1.0437
3830.30,5.14955191e-03,7.099721e-03,6.988221e-06,-2.1332591249e-10,3.7231e-02,1.0500
3830.81,5.37910533e-03,7.112452e-03,6.768437e-06,-2.1335311295e-10,3.5915e-02,1.0500
3831.32,5.54197692e-03,7.131183e-03,6.583175e-06,-2.1336155065e-10,3.4052e-02,1.0500
3831.82,5.61072518e-03,7.160833e-03,6.425475e-06,-2.1336254985e-10,3.1755e-02,1.0500
3832.33,5.56883785e-03,7.200816e-03,6.285490e-06,-2.1336366007e-10,2.9121e-02,1.0500
3832.84,5.41681778e-03,7.246360e-03,6.150218e-06,-2.1336432621e-10,2.6257e-02,1.0500
3833.34,5.17203892e-03,7.293479e-03,6.005705e-06,-2.1336532541e-10,2.3267e-02,1.0500
3833.85,4.85920181e-03,7.340589e-03,5.843607e-06,-2.1336621359e-10,2.7214e-02,1.0500
3834.36,4.49459643e-03,7.387578e-03,5.670646e-06,-2.1336787892e-10,3.4252e-02,1.0500
3834.86,4.07914099e-03,7.433825e-03,5.515358e-06,-2.1336787892e-10,4.1289e-02,1.0500
3835.37,3.61141716e-03,7.477442e-03,5.423570e-06,-2.1336954426e-10,4.8323e-02,1.0500
3835.88,3.11164395e-03,7.516175e-03,5.437520e-06,-2.1337109857e-10,5.5356e-02,1.0500
3836.38,2.62680409e-03,7.548614e-03,5.569860e-06,-2.1337132061e-10,6.2388e-02,1.0500
3836.89,2.19765809e-03,7.574577e-03,5.798047e-06,-2.1337198675e-10,6.9252e-02,1.0500
3837.40,1.80835838e-03,7.594374e-03,6.086600e-06,-2.1337287492e-10,7.6056e-02,1.0500
3837.90,1.36915164e-03,7.607824e-03,6.412981e-06,-2.1337498435e-10,8.2625e-02,1.0500
3838.41,7.65488798e-04,7.614198e-03,6.773286e-06,-2.1337420719e-10,8.9153e-02,1.0500
3838.92,-5.00064999e-05,7.612733e-03,7.168491e-06,-2.1337565048e-10,9.5639e-02,1.0500
3839.42,-9.92720047e-04,7.604405e-03,7.590291e-06,-2.1337720479e-10,1.0208e-01,1.0500
3839.93,-1.86265979e-03,7.590586e-03,8.020153e-06,-2.1337831502e-10,1.0849e-01,1.0500
3840.44,-2.43167816e-03,7.573005e-03,8.438626e-06,-2.1337787093e-10,1.1485e-01,1.0500
3840.95,-2.54418007e-03,7.553883e-03,8.833556e-06,-2.1338053546e-10,1.2117e-01,1.0500
3841.45,-2.17967823e-03,7.535087e-03,9.200252e-06,-2.1337986933e-10,1.2744e-01,1.0500
3841.96,-1.45719349e-03,7.517643e-03,9.536672e-06,-2.1338075751e-10,1.3368e-01,1.0500
3842.47,-5.89278973e-04,7.502308e-03,9.840480e-06,-2.1338286693e-10,1.3987e-01,1.0500
3842.97,1.95790367e-04,7.489634e-03,1.010921e-05,-2.1345369916e-10,1.3720e-01,1.0437
3843.48,7.32901259e-04,7.479756e-03,1.034222e-05,-2.1345358814e-10,1.4344e-01,1.0437
3843.99,9.65376549e-04,7.472089e-03,1.054190e-05,-2.1345425427e-10,1.4964e-01,1.0437
3844.49,9.37816039e-04,7.465076e-03,1.071350e-05,-2.1345558654e-10,1.5579e-01,1.0437
3845.00,7.48424715e-04,7.456646e-03,1.086352e-05,-2.1345647472e-10,1.6190e-01,1.0437
3845.51,4.94038857e-04,7.444881e-03,1.099712e-05,-2.1345736290e-10,1.6797e-01,1.0437
3846.01,2.36586096e-04,7.428822e-03,1.111592e-05,-2.1352664081e-10,1.4065e-01,1.0375
3846.52,-1.71395872e-06,7.408057e-03,1.121703e-05,-2.1352752899e-10,1.4694e-01,1.0375
3847.03,-2.25397129e-04,7.385115e-03,1.129495e-05,-2.1352830615e-10,1.5319e-01,1.0375
3847.53,-4.49374373e-04,7.362392e-03,1.134369e-05,-2.1352875024e-10,1.5939e-01,1.0375
3848.04,-6.86759312e-04,7.343375e-03,1.135971e-05,-2.1353063762e-10,1.6554e-01,1.0375
3848.55,-9.41182429e-04,7.333854e-03,1.134358e-05,-2.1353119273e-10,1.7165e-01,1.0375
3849.05,-1.19832974e-03,7.338699e-03,1.129660e-05,-2.1353141477e-10,1.7772e-01,1.0375
3849.56,-1.42330762e-03,7.362334e-03,1.121937e-05,-2.1365331726e-10,4.1198e-02,1.0312
3850.07,-1.56951727e-03,7.405173e-03,1.111170e-05,-2.1366564074e-10,4.7623e-02,1.0312
3850.57,-1.59124307e-03,7.463269e-03,1.097312e-05,-2.1367463354e-10,5.2551e-02,1.0312
3851.08,-1.46697804e-03,7.526376e-03,1.080549e-05,-2.1370005765e-10,2.8455e-02,1.0312
3851.59,-1.21714955e-03,7.583876e-03,1.061375e-05,-2.1383284032e-10,1.9879e-02,1.0437
3852.09,-8.97056964e-04,7.636121e-03,1.040548e-05,-2.1383517179e-10,3.0696e-02,1.0437
3852.60,-5.80645552e-04,7.684472e-03,1.018923e-05,-2.1383561588e-10,2.5863e-02,1.0437
3853.11,-3.34964930e-04,7.732323e-03,9.972420e-06,-2.1383994575e-10,2.9881e-02,1.0437
3853.61,-1.91317796e-04,7.775163e-03,9.760799e-06,-2.1414314766e-10,3.2490e-02,1.0437
3854.12,-1.36778963e-04,7.804329e-03,9.559697e-06,-2.1416990403e-10,3.3326e-02,1.0437
3854.63,-1.29040493e-04,7.811997e-03,9.374814e-06,-2.1417267959e-10,3.2553e-02,1.0500
3855.14,-1.16416165e-04,7.796281e-03,9.210563e-06,-2.1417412288e-10,3.0487e-02,1.0500
3855.64,-5.51025750e-05,7.761335e-03,9.066836e-06,-2.1417556617e-10,2.7384e-02,1.0500
3856.15,7.38577324e-05,7.706708e-03,8.938835e-06,-2.1417589924e-10,2.3539e-02,1.0500
3856.66,2.57065207e-04,7.635441e-03,8.819187e-06,-2.1417667639e-10,1.9983e-02,1.0500
3857.16,4.57084612e-04,7.547213e-03,8.702135e-06,-2.1417767559e-10,2.6888e-02,1.0500
3857.67,6.27368726e-04,7.442098e-03,8.583990e-06,-2.1417867480e-10,3.3753e-02,1.0500
3858.18,7.30526989e-04,7.324490e-03,8.461324e-06,-2.1417889684e-10,4.0578e-02,1.0500
3858.68,7.59320656e-04,7.203979e-03,8.329695e-06,-2.1418022911e-10,4.7363e-02,1.0500
3859.19,7.43938287e-04,7.093233e-03,8.184947e-06,-2.1418089524e-10,5.4107e-02,1.0500
3859.70,7.29442425e-04,7.004569e-03,8.025767e-06,-2.1418222751e-10,6.0811e-02,1.0500
3860.20,7.23638315e-04,6.946050e-03,7.854964e-06,-2.1418256058e-10,6.7474e-02,1.0500
3860.71,6.47836460e-04,6.919116e-03,7.678564e-06,-2.1418367080e-10,7.4095e-02,1.0500
3861.22,3.40849101e-04,6.919067e-03,7.503488e-06,-2.1418478102e-10,8.0676e-02,1.0500
3861.72,-3.58585569e-04,6.936827e-03,7.336336e-06,-2.1418700147e-10,8.7215e-02,1.0500
3862.23,-1.48971371e-03,6.959138e-03,7.182410e-06,-2.1418589125e-10,9.3713e-02,1.0500
3862.74,-2.89460139e-03,6.975301e-03,7.044368e-06,-2.1418811169e-10,1.0017e-01,1.0500
3863.24,-4.25552206e-03,6.978288e-03,6.923769e-06,-2.1418811169e-10,1.0658e-01,1.0500
3863.75,-5.22121695e-03,6.965080e-03,6.819529e-06,-2.1418877783e-10,1.1296e-01,1.0500
3864.26,-5.53854774e-03,6.937181e-03,6.727918e-06,-2.1419033214e-10,1.1929e-01,1.0500
3864.76,-5.13855916e-03,6.899658e-03,6.644691e-06,-2.1426094232e-10,1.1992e-01,1.0437
3865.27,-4.16250808e-03,6.856312e-03,6.565840e-06,-2.1426171948e-10,4.2353e-02,1.0437
3865.78,-2.92255651e-03,6.818230e-03,6.486530e-06,-2.1442403408e-10,4.0428e-02,1.0437
3866.28,-1.80413421e-03,6.790391e-03,6.400026e-06,-2.1469692690e-10,4.8469e-02,1.0500
3866.79,-1.12720725e-03,6.774186e-03,6.298425e-06,-2.1494128699e-10,5.3549e-02,1.0563
3867.30,-1.01455688e-03,6.768455e-03,6.174472e-06,-2.1509960479e-10,5.0488e-02,1.0625
3867.80,-1.34903063e-03,6.771867e-03,6.022640e-06,-2.1516877169e-10,4.4987e-02,1.0625
3868.31,-1.85400193e-03,6.782996e-03,5.839365e-06,-2.1534529715e-10,4.0728e-02,1.0625
3868.82,-2.23533797e-03,6.799337e-03,5.623369e-06,-2.1542456707e-10,3.7016e-02,1.0625
3869.33,-2.29989514e-03,6.818733e-03,5.376221e-06,-2.1542467810e-10,3.3639e-02,1.0625
3869.83,-2.00789954e-03,6.839565e-03,5.102791e-06,-2.1542512219e-10,3.0506e-02,1.0625
3870.34,-1.45636300e-03,6.860610e-03,4.811542e-06,-2.1542734263e-10,2.7356e-02,1.0625
3870.85,-8.18042389e-04,6.880707e-03,4.514046e-06,-2.1542767570e-10,2.6611e-02,1.0625
3871.35,-2.68515726e-04,6.899612e-03,4.221820e-06,-2.1542900797e-10,3.3317e-02,1.0625
3871.86,7.83539152e-05,6.917473e-03,3.940453e-06,-2.1542989614e-10,3.9985e-02,1.0625
3872.37,2.05832442e-04,6.934901e-03,3.666290e-06,-2.1543000717e-10,4.6615e-02,1.0625
3872.87,1.85400060e-04,6.952670e-03,3.391862e-06,-2.1543167250e-10,5.3207e-02,1.0625
3873.38,1.26702830e-04,6.970980e-03,3.117729e-06,-2.1543267170e-10,5.9760e-02,1.0625
3873.89,1.27030096e-04,6.989149e-03,2.860468e-06,-2.1543411499e-10,6.6275e-02,1.0625
3874.39,2.39324733e-04,7.006136e-03,2.649415e-06,-2.1543478113e-10,7.2751e-02,1.0625
3874.90,4.63767906e-04,7.021091e-03,2.514501e-06,-2.1543478113e-10,7.9187e-02,1.0625
3875.41,7.59279223e-04,7.033561e-03,2.474528e-06,-2.1543544726e-10,8.5585e-02,1.0625
3875.91,1.06936724e-03,7.043204e-03,2.533096e-06,-2.1543677953e-10,9.1943e-02,1.0625
3876.42,1.34539978e-03,7.049792e-03,2.681359e-06,-2.1543844486e-10,9.8262e-02,1.0625
3876.93,1.55504184e-03,7.053400e-03,2.900910e-06,-2.1543877793e-10,1.0454e-01,1.0625
3877.43,1.67446503e-03,7.053941e-03,3.167446e-06,-2.1544022122e-10,1.1078e-01,1.0625
3877.94,1.68121919e-03,7.051374e-03,3.455692e-06,-2.1551083140e-10,9.3482e-02,1.0563
3878.45,1.56399636e-03,7.045583e-03,3.745628e-06,-2.1551160856e-10,1.0024e-01,1.0563
3878.95,1.34430539e-03,7.036521e-03,4.023021e-06,-2.1551138651e-10,1.0682e-01,1.0563
3879.46,1.08401916e-03,7.024216e-03,4.277128e-06,-2.1551316287e-10,1.1312e-01,1.0563
3879.97,8.51678707e-04,7.008655e-03,4.499424e-06,-2.1551416207e-10,1.1937e-01,1.0563
3880.47,6.66775772e-04,6.988875e-03,4.684813e-06,-2.1551549434e-10,1.2559e-01,1.0563
3880.98,4.66864224e-04,6.963395e-03,4.834870e-06,-2.1551527229e-10,1.3177e-01,1.0563
3881.49,1.37274042e-04,6.932496e-03,4.956791e-06,-2.1551638252e-10,1.3790e-01,1.0563
3881.99,-4.05489974e-04,6.897614e-03,5.067696e-06,-2.1551727070e-10,1.4399e-01,1.0563
3882.50,-1.13584345e-03,6.856480e-03,5.191857e-06,-2.1551938012e-10,1.5004e-01,1.0563
3883.01,-1.90725560e-03,6.807686e-03,5.348952e-06,-2.1551982421e-10,1.5605e-01,1.0563
3883.52,-2.51618720e-03,6.752354e-03,5.543523e-06,-2.1552104545e-10,1.6202e-01,1.0500
3884.02,-2.79588064e-03,6.695175e-03,5.768918e-06,-2.1559010133e-10,1.6605e-01,1.0500
3884.53,-2.68504462e-03,6.647266e-03,6.011706e-06,-2.1559098951e-10,1.7202e-01,1.0500
3885.04,-2.24474605e-03,6.621502e-03,6.265062e-06,-2.1559221075e-10,1.7794e-01,1.0500
3885.54,-1.62687094e-03,6.629604e-03,6.535392e-06,-2.1566026742e-10,1.8248e-01,1.0437
3886.05,-1.01379345e-03,6.678060e-03,6.824328e-06,-2.1566237685e-10,1.8840e-01,1.0437
3886.56,-5.54775327e-04,6.763955e-03,7.129024e-06,-2.1577017950e-10,2.5284e-02,1.0375
3887.06,-3.23452288e-04,6.874684e-03,7.436588e-06,-2.1577206688e-10,3.2666e-02,1.0375
3887.57,-3.09488355e-04,6.983883e-03,7.735752e-06,-2.1577262199e-10,4.0362e-02,1.0375
3888.08,-4.39950855e-04,7.065691e-03,8.018212e-06,-2.1577306608e-10,4.7010e-02,1.0375
3888.58,-6.14196347e-04,7.114967e-03,8.278868e-06,-2.1577484244e-10,5.4262e-02,1.0375
3889.09,-7.36673874e-04,7.137615e-03,8.514982e-06,-2.1577528653e-10,6.1484e-02,1.0375
3889.60,-7.40221434e-04,7.139166e-03,8.726058e-06,-2.1577573062e-10,6.8691e-02,1.0375
3890.10,-5.98626480e-04,7.124810e-03,8.911149e-06,-2.1577695186e-10,7.5923e-02,1.0375
3890.61,-3.28429444e-04,7.099310e-03,9.066515e-06,-2.1577806208e-10,8.3191e-02,1.0375
3891.12,2.01263533e-05,7.067662e-03,9.185624e-06,-2.1577883924e-10,9.0157e-02,1.0375
3891.62,3.82194633e-04,7.037780e-03,9.266482e-06,-2.1578006049e-10,9.7196e-02,1.0375
3892.13,7.01046872e-04,7.020501e-03,9.314507e-06,-2.1578028253e-10,1.0412e-01,1.0375
3892.64,9.46858640e-04,7.024083e-03,9.337782e-06,-2.1578117071e-10,1.1079e-01,1.0375
3893.14,1.12236621e-03,7.054624e-03,9.343957e-06,-2.1578261400e-10,1.1729e-01,1.0375
3893.65,1.25650434e-03,7.113773e-03,9.340101e-06,-2.1578305809e-10,1.2374e-01,1.0375
3894.16,1.38279267e-03,7.192182e-03,9.331129e-06,-2.1578416831e-10,1.3015e-01,1.0375
3894.66,1.51923064e-03,7.270379e-03,9.321144e-06,-2.1578527853e-10,1.3651e-01,1.0375
3895.17,1.65181810e-03,7.342253e-03,9.312934e-06,-2.1578705489e-10,1.4283e-01,1.0375
3895.68,1.73819863e-03,7.407441e-03,9.307883e-06,-2.1578738796e-10,1.4910e-01,1.0375
3896.18,1.73206615e-03,7.467504e-03,9.305270e-06,-2.1578816511e-10,1.5533e-01,1.0375
3896.69,1.61370237e-03,7.522154e-03,9.302306e-06,-2.1578927534e-10,1.6152e-01,1.0375
3897.20,1.40310732e-03,7.573059e-03,9.293887e-06,-2.1589385835e-10,4.9270e-02,1.0312
3897.71,1.13141700e-03,7.620884e-03,9.272805e-06,-2.1589585675e-10,5.6793e-02,1.0312
3898.21,7.87497142e-04,7.662866e-03,9.231441e-06,-2.1589718902e-10,4.1120e-02,1.0312
3898.72,2.85153546e-04,7.697134e-03,9.163949e-06,-2.1589985355e-10,2.5277e-02,1.0375
3899.23,-4.97775345e-04,7.728117e-03,9.069308e-06,-2.1614487977e-10,3.2838e-02,1.0437
3899.73,-1.61926366e-03,7.758290e-03,8.953857e-06,-2.1642920789e-10,3.4297e-02,1.0437
3900.24,-2.98286564e-03,7.787033e-03,8.831416e-06,-2.1674650963e-10,3.3698e-02,1.0500
3900.75,-4.33370665e-03,7.812158e-03,8.718917e-06,-2.1688317808e-10,3.8991e-02,1.0500
3901.25,-5.34763810e-03,7.830769e-03,8.628408e-06,-2.1755730550e-10,4.2520e-02,1.0500
3901.76,-5.74997889e-03,7.842730e-03,8.561462e-06,-2.1796831007e-10,4.2423e-02,1.0563
3902.27,-5.41234347e-03,7.850105e-03,8.511463e-06,-2.1796908722e-10,3.6781e-02,1.0563
3902.77,-4.40052253e-03,7.856126e-03,8.472855e-06,-2.1797075256e-10,3.2780e-02,1.0563
3903.28,-2.97464143e-03,7.861729e-03,8.448057e-06,-2.1797119665e-10,2.9466e-02,1.0563
3903.79,-1.53084718e-03,7.865743e-03,8.445924e-06,-2.1797208483e-10,2.6421e-02,1.0563
3904.29,-4.69462364e-04,7.866007e-03,8.474382e-06,-2.1797308403e-10,3.2351e-02,1.0563
3904.80,-3.06557944e-05,7.861158e-03,8.534348e-06,-2.1797397221e-10,3.9102e-02,1.0563
3905.31,-1.90353272e-04,7.851383e-03,8.619107e-06,-2.1797452732e-10,4.5815e-02,1.0563
3905.81,-6.98167379e-04,7.838001e-03,8.717592e-06,-2.1797530447e-10,5.2489e-02,1.0563
3906.32,-1.23155240e-03,7.822498e-03,8.817746e-06,-2.1797719185e-10,5.9123e-02,1.0563
3906.83,-1.55502569e-03,7.806094e-03,8.907774e-06,-2.1797808003e-10,6.5718e-02,1.0563
3907.33,-1.59394030e-03,7.789761e-03,8.976047e-06,-2.1797885719e-10,7.2273e-02,1.0563
3907.84,-1.40084062e-03,7.774217e-03,9.011691e-06,-2.1804869021e-10,6.7474e-02,1.0500
3908.35,-1.06491962e-03,7.760622e-03,9.006728e-06,-2.1804902328e-10,7.4508e-02,1.0500
3908.85,-6.36443609e-04,7.749390e-03,8.958792e-06,-2.1805035555e-10,8.1333e-02,1.0500
3909.36,-1.15072950e-04,7.740679e-03,8.872969e-06,-2.1805102168e-10,8.8110e-02,1.0500
3909.87,5.02978297e-04,7.733233e-03,8.761601e-06,-2.1805213191e-10,9.4683e-02,1.0500
3910.37,1.17101403e-03,7.725726e-03,8.641179e-06,-2.1805279804e-10,1.0113e-01,1.0500
3910.88,1.78380389e-03,7.716009e-03,8.526491e-06,-2.1805413031e-10,1.0754e-01,1.0500
3911.39,2.22337161e-03,7.702491e-03,8.424698e-06,-2.1805479644e-10,1.1391e-01,1.0500
3911.90,2.42573292e-03,7.684315e-03,8.333850e-06,-2.1805490746e-10,1.2023e-01,1.0500
3912.40,2.41771812e-03,7.661487e-03,8.247937e-06,-2.1805590666e-10,1.2652e-01,1.0500
3912.91,2.30137686e-03,7.632971e-03,8.164509e-06,-2.1805757200e-10,1.3276e-01,1.0500
3913.42,2.20193982e-03,7.596623e-03,8.088804e-06,-2.1805912631e-10,1.3896e-01,1.0500
3913.92,2.21710799e-03,7.550148e-03,8.030134e-06,-2.1805990347e-10,1.4511e-01,1.0500
3914.43,2.38705653e-03,7.492656e-03,7.993374e-06,-2.1806068062e-10,1.5123e-01,1.0500
3914.94,2.69194272e-03,7.425402e-03,7.972023e-06,-2.1813262308e-10,2.1185e-02,1.0437
3915.44,3.06973399e-03,7.352831e-03,7.949169e-06,-2.1813362228e-10,2.2722e-02,1.0437
3915.95,3.43920088e-03,7.280120e-03,7.903579e-06,-2.1813484352e-10,2.4442e-02,1.0437
3916.46,3.73111032e-03,7.212228e-03,7.817418e-06,-2.1813484352e-10,3.0125e-02,1.0437
3916.96,3.90442851e-03,7.152796e-03,7.681085e-06,-2.1813673090e-10,3.3417e-02,1.0437
3917.47,3.95597412e-03,7.103985e-03,7.494624e-06,-2.1813806317e-10,4.0378e-02,1.0437
3917.98,3.91090542e-03,7.066636e-03,7.269634e-06,-2.1813850726e-10,4.7246e-02,1.0437
3918.48,3.80687302e-03,7.040040e-03,7.030830e-06,-2.1814006157e-10,5.4073e-02,1.0437
3918.99,3.67598689e-03,7.021863e-03,6.816927e-06,-2.1813950646e-10,6.0857e-02,1.0437
3919.50,3.53554536e-03,7.009713e-03,6.671839e-06,-2.1814161588e-10,6.7599e-02,1.0437
3920.00,3.38730126e-03,7.002162e-03,6.624795e-06,-2.1814172690e-10,7.4299e-02,1.0437
3920.51,3.22529920e-03,6.999145e-03,6.674088e-06,-2.1814317019e-10,8.0956e-02,1.0437
3921.02,3.04490354e-03,7.000713e-03,6.792900e-06,-2.1814383633e-10,8.7571e-02,1.0437
3921.52,2.84920708e-03,7.005859e-03,6.954789e-06,-2.1814450246e-10,9.4143e-02,1.0437
3922.03,2.64852809e-03,7.012435e-03,7.155462e-06,-2.1814594575e-10,1.0067e-01,1.0437
3922.54,2.45496949e-03,7.017484e-03,7.412560e-06,-2.1814672291e-10,1.0716e-01,1.0437
3923.04,2.27771372e-03,7.017976e-03,7.745952e-06,-2.1814794415e-10,1.1360e-01,1.0437
3923.55,2.12209023e-03,7.011944e-03,8.156739e-06,-2.1814816620e-10,2.5902e-02,1.0437
3924.06,1.99066532e-03,6.999473e-03,8.622375e-06,-2.1834423158e-10,2.8146e-02,1.0437
3924.57,1.88735085e-03,6.982110e-03,9.109339e-06,-2.1855506294e-10,2.7550e-02,1.0500
3925.07,1.81959605e-03,6.962117e-03,9.590374e-06,-2.1867740951e-10,2.8992e-02,1.0500
3925.58,1.79770726e-03,6.941343e-03,1.005319e-05,-2.1876811473e-10,2.9244e-02,1.0563
3926.09,1.83262124e-03,6.920924e-03,1.049694e-05,-2.1876911394e-10,2.8577e-02,1.0563
3926.59,1.93384068e-03,6.901629e-03,1.092255e-05,-2.1876855882e-10,3.0904e-02,1.0563
3927.10,2.10823108e-03,6.883973e-03,1.132607e-05,-2.1876978007e-10,3.0657e-02,1.0563
3927.61,2.35912864e-03,6.868303e-03,1.169929e-05,-2.1877133438e-10,2.8643e-02,1.0563
3928.11,2.68491682e-03,6.854474e-03,1.203447e-05,-2.1877255563e-10,3.2541e-02,1.0563
3928.62,3.07570204e-03,6.841903e-03,1.232779e-05,-2.1877200052e-10,3.9292e-02,1.0563
3929.13,3.50867365e-03,6.831245e-03,1.257947e-05,-2.1877355483e-10,4.6004e-02,1.0563
3929.63,3.94508610e-03,6.823076e-03,1.279146e-05,-2.1877399892e-10,5.2676e-02,1.0563
3930.14,4.33398121e-03,6.817031e-03,1.296514e-05,-2.1877544221e-10,5.9310e-02,1.0563
3930.65,4.63257359e-03,6.811365e-03,1.310033e-05,-2.1877666345e-10,6.5903e-02,1.0563
3931.15,4.82691799e-03,6.805064e-03,1.319577e-05,-2.1877799572e-10,7.2457e-02,1.0563
3931.66,4.93443125e-03,6.798173e-03,1.325012e-05,-2.1877832879e-10,7.8971e-02,1.0563
3932.17,4.97312065e-03,6.790993e-03,1.326232e-05,-2.1877788470e-10,8.5445e-02,1.0563
3932.67,4.91720644e-03,6.782535e-03,1.323126e-05,-2.1878054923e-10,9.1879e-02,1.0563
3933.18,4.66535074e-03,6.773480e-03,1.315533e-05,-2.1878143741e-10,9.8272e-02,1.0563
3933.69,4.03717752e-03,6.764462e-03,1.303267e-05,-2.1878154843e-10,1.0462e-01,1.0563
3934.19,2.81631625e-03,6.756404e-03,1.286205e-05,-2.1885271373e-10,9.2101e-02,1.0500
3934.70,8.51024942e-04,6.750535e-03,1.264380e-05,-2.1885482315e-10,9.8879e-02,1.0500
3935.21,-1.82193670e-03,6.748211e-03,1.238040e-05,-2.1885515622e-10,1.0545e-01,1.0500
3935.71,-4.92160356e-03,6.750568e-03,1.207657e-05,-2.1885571133e-10,1.1183e-01,1.0500
3936.22,-7.99148194e-03,6.757972e-03,1.173858e-05,-2.1885671053e-10,1.1817e-01,1.0500
3936.73,-1.05456283e-02,6.770225e-03,1.137266e-05,-2.1885881996e-10,1.2447e-01,1.0500
3937.23,-1.21775517e-02,6.786653e-03,1.098312e-05,-2.1885770973e-10,1.3072e-01,1.0500
3937.74,-1.26290244e-02,6.805450e-03,1.057224e-05,-2.1886059631e-10,1.3694e-01,1.0500
3938.25,-1.18062199e-02,6.824398e-03,1.014072e-05,-2.1886059631e-10,1.4311e-01,1.0500
3938.76,-9.80689852e-03,6.841083e-03,9.689617e-06,-2.1886170654e-10,1.4923e-01,1.0500
3939.26,-6.95348651e-03,6.853235e-03,9.222087e-06,-2.1886215062e-10,1.5532e-01,1.0500
3939.77,-3.77871430e-03,6.859112e-03,8.744625e-06,-2.1893253876e-10,1.4754e-01,1.0437
3940.28,-9.44063465e-04,6.858103e-03,8.266894e-06,-2.1893387103e-10,1.5371e-01,1.0437
3940.78,9.53087716e-04,6.851371e-03,7.800080e-06,-2.1893442614e-10,1.5983e-01,1.0437
3941.29,1.60580890e-03,6.840843e-03,7.354901e-06,-2.1893531432e-10,1.6591e-01,1.0437
3941.80,1.08239881e-03,6.828512e-03,6.941489e-06,-2.1893664659e-10,1.7195e-01,1.0437
3942.30,-2.89421721e-04,6.816602e-03,6.567930e-06,-2.1900647962e-10,6.7510e-02,1.0375
3942.81,-2.11598702e-03,6.808197e-03,6.239416e-06,-2.1900670166e-10,6.0953e-02,1.0375
3943.32,-4.04661637e-03,6.809225e-03,5.960996e-06,-2.1900814495e-10,6.4086e-02,1.0375
3943.82,-5.78839075e-03,6.827263e-03,5.735796e-06,-2.1900925518e-10,6.7093e-02,1.0375
3944.33,-7.08981412e-03,6.866153e-03,5.566227e-06,-2.1901003233e-10,1.7605e-02,1.0437
3944.84,-7.75054592e-03,6.925053e-03,5.453296e-06,-2.1903256986e-10,2.3120e-02,1.0437
3945.34,-7.65824506e-03,6.995088e-03,5.395948e-06,-2.1925095073e-10,2.7474e-02,1.0437
3945.85,-6.82976374e-03,7.063675e-03,5.390721e-06,-2.1945212314e-10,2.8854e-02,1.0500
3946.36,-5.43625617e-03,7.124156e-03,5.432910e-06,-2.2004731370e-10,2.8594e-02,1.0500
3946.86,-3.78727023e-03,7.176259e-03,5.519470e-06,-2.2023227686e-10,3.1562e-02,1.0563
3947.37,-2.25592537e-03,7.222382e-03,5.649925e-06,-2.2023260993e-10,2.8764e-02,1.0563
3947.88,-1.15382125e-03,7.264480e-03,5.825605e-06,-2.2023405322e-10,2.9019e-02,1.0563
3948.38,-6.16217198e-04,7.301760e-03,6.047698e-06,-2.2023527446e-10,2.7846e-02,1.0563
3948.89,-5.69544199e-04,7.331689e-03,6.314220e-06,-2.2023693980e-10,2.5305e-02,1.0563
3949.40,-8.04769699e-04,7.352192e-03,6.617348e-06,-2.2023616264e-10,2.5971e-02,1.0563
3949.90,-1.09597980e-03,7.359147e-03,6.943544e-06,-2.2023793900e-10,3.2759e-02,1.0563
3950.41,-1.28809971e-03,7.353116e-03,7.275825e-06,-2.2023849411e-10,3.9508e-02,1.0563
3950.92,-1.32417836e-03,7.335366e-03,7.597499e-06,-2.2024038149e-10,4.6219e-02,1.0563
3951.42,-1.22016030e-03,7.306016e-03,7.894183e-06,-2.2024038149e-10,5.2890e-02,1.0563
3951.93,-1.02717010e-03,7.266244e-03,8.154880e-06,-2.2024126967e-10,5.9522e-02,1.0563
3952.44,-7.99983473e-04,7.219304e-03,8.373779e-06,-2.2024171376e-10,6.6114e-02,1.0563
3952.95,-5.80144079e-04,7.170238e-03,8.552868e-06,-2.2024337909e-10,7.2667e-02,1.0563
3953.45,-3.93321946e-04,7.124901e-03,8.703200e-06,-2.2024415625e-10,7.9180e-02,1.0563
3953.96,-2.50365232e-04,7.088137e-03,8.842579e-06,-2.2024526647e-10,8.5652e-02,1.0563
3954.47,-1.51845139e-04,7.061822e-03,8.989850e-06,-2.2024593260e-10,9.2084e-02,1.0563
3954.97,-8.81321230e-05,7.044821e-03,9.157058e-06,-2.2031620972e-10,8.9140e-02,1.0500
3955.48,-4.59555262e-05,7.034424e-03,9.343797e-06,-2.2031809710e-10,9.5972e-02,1.0500
3955.99,-1.08682088e-05,7.027251e-03,9.537995e-06,-2.2031843017e-10,1.0267e-01,1.0500
3956.49,2.83684902e-05,7.020607e-03,9.723118e-06,-2.2031931834e-10,1.0907e-01,1.0500
3957.00,7.48006793e-05,7.012566e-03,9.886879e-06,-2.2032009550e-10,1.1543e-01,1.0500
3957.51,1.26232649e-04,7.001879e-03,1.002597e-05,-2.2032198288e-10,1.2175e-01,1.0500
3958.01,1.76781151e-04,6.988326e-03,1.014535e-05,-2.2032242697e-10,1.2802e-01,1.0500
3958.52,2.23420560e-04,6.972256e-03,1.025398e-05,-2.2032353719e-10,1.3425e-01,1.0500
3959.03,2.67785109e-04,6.954052e-03,1.036050e-05,-2.2032387026e-10,1.4044e-01,1.0500
3959.53,3.13627924e-04,6.934966e-03,1.047061e-05,-2.2032620173e-10,1.4659e-01,1.0500
3960.04,3.68828375e-04,6.915783e-03,1.058621e-05,-2.2032575764e-10,1.5269e-01,1.0500
3960.55,4.38212193e-04,6.897062e-03,1.070528e-05,-2.2032664582e-10,1.5875e-01,1.0500
3961.05,5.24047304e-04,6.879095e-03,1.082242e-05,-2.2040080871e-10,2.5860e-02,1.0437
3961.56,6.28054742e-04,6.862674e-03,1.093002e-05,-2.2046309223e-10,3.3506e-02,1.0437
3962.07,7.53131528e-04,6.847950e-03,1.101976e-05,-2.2069746031e-10,3.6886e-02,1.0500
3962.57,9.06981962e-04,6.835248e-03,1.108333e-05,-2.2086699136e-10,3.7672e-02,1.0500
3963.08,1.10067871e-03,6.824984e-03,1.111240e-05,-2.2118573639e-10,3.6698e-02,1.0500
3963.59,1.34101054e-03,6.817444e-03,1.109835e-05,-2.2119439613e-10,3.9014e-02,1.0563
3964.09,1.62023010e-03,6.813581e-03,1.103307e-05,-2.2119539533e-10,3.9515e-02,1.0563
3964.60,1.91247359e-03,6.816514e-03,1.091088e-05,-2.2119617249e-10,3.5627e-02,1.0563
3965.11,2.18366901e-03,6.831900e-03,1.073149e-05,-2.2119828191e-10,3.2154e-02,1.0563
3965.61,2.40623199e-03,6.858529e-03,1.050428e-05,-2.2119828191e-10,2.8974e-02,1.0563
3966.12,2.56838256e-03,6.891603e-03,1.025014e-05,-2.2119872600e-10,2.5096e-02,1.0563
3966.63,2.66609841e-03,6.925616e-03,9.997328e-06,-2.2119972520e-10,2.0714e-02,1.0563
3967.14,2.68751522e-03,6.956246e-03,9.769967e-06,-2.2120016929e-10,2.2918e-02,1.0563
3967.64,2.59988366e-03,6.981699e-03,9.575625e-06,-2.2120250076e-10,2.9863e-02,1.0563
3968.15,2.35716468e-03,7.002780e-03,9.402207e-06,-2.2120250076e-10,3.6818e-02,1.0563
3968.66,1.92491872e-03,7.021566e-03,9.229416e-06,-2.2120338894e-10,4.3770e-02,1.0563
3969.16,1.30625274e-03,7.039599e-03,9.045678e-06,-2.2120472121e-10,5.0720e-02,1.0563
3969.67,5.53299661e-04,7.056850e-03,8.857305e-06,-2.2120472121e-10,5.7669e-02,1.0563
3970.18,-2.43414963e-04,7.071818e-03,8.684279e-06,-2.2120683063e-10,6.4494e-02,1.0563
3970.68,-9.78016652e-04,7.083314e-03,8.547258e-06,-2.2120694165e-10,7.1253e-02,1.0563
3971.19,-1.55360666e-03,7.090963e-03,8.455370e-06,-2.2120782983e-10,7.7775e-02,1.0563
3971.70,-1.90156834e-03,7.095260e-03,8.402394e-06,-2.2120882903e-10,8.4258e-02,1.0563
3972.20,-1.99172034e-03,7.097521e-03,8.372807e-06,-2.2121005028e-10,9.0699e-02,1.0563
3972.71,-1.83443888e-03,7.099662e-03,8.351696e-06,-2.2121060539e-10,9.7100e-02,1.0563
3973.22,-1.47599482e-03,7.103416e-03,8.329916e-06,-2.2121193766e-10,1.0346e-01,1.0563
3973.72,-9.88352160e-04,7.110051e-03,8.302211e-06,-2.2121249277e-10,1.0978e-01,1.0563
3974.23,-4.54032572e-04,7.120702e-03,8.263561e-06,-2.2121326992e-10,1.1606e-01,1.0563
3974.74,4.99481381e-05,7.136228e-03,8.207981e-06,-2.2121471321e-10,1.2230e-01,1.0563
3975.24,4.64242584e-04,7.157648e-03,8.129908e-06,-2.2121493526e-10,1.2849e-01,1.0563
3975.75,7.54103191e-04,7.185151e-03,8.026627e-06,-2.2121682264e-10,1.3465e-01,1.0563
3976.26,9.12651316e-04,7.217786e-03,7.898500e-06,-2.2121593446e-10,1.4076e-01,1.0563
3976.76,9.60963932e-04,7.253439e-03,7.748476e-06,-2.2128654464e-10,1.3984e-01,1.0500
3977.27,9.41664667e-04,7.288539e-03,7.582587e-06,-2.2128832100e-10,1.4599e-01,1.0500
3977.78,9.03371950e-04,7.320941e-03,7.407816e-06,-2.2128776589e-10,1.5210e-01,1.0500
3978.28,8.79499816e-04,7.349640e-03,7.227741e-06,-2.2128954225e-10,1.5816e-01,1.0500
3978.79,8.73777144e-04,7.374213e-03,7.039518e-06,-2.2129043042e-10,1.6419e-01,1.0500
3979.30,8.60168746e-04,7.395790e-03,6.839467e-06,-2.2136237288e-10,1.6245e-01,1.0437
3979.80,8.01370293e-04,7.417575e-03,6.623300e-06,-2.2136292799e-10,1.6851e-01,1.0437
3980.31,6.74452258e-04,7.445213e-03,6.387420e-06,-2.2136381617e-10,1.7453e-01,1.0437
3980.82,4.89808995e-04,7.488552e-03,6.135168e-06,-2.2146906531e-10,6.6641e-02,1.0375
3981.33,2.92344357e-04,7.554640e-03,5.865806e-06,-2.2147006451e-10,7.3651e-02,1.0375
3981.83,1.44339890e-04,7.651350e-03,5.575630e-06,-2.2147139678e-10,8.0490e-02,1.0375
3982.34,9.99081494e-05,7.777140e-03,5.261686e-06,-2.2147228496e-10,8.7423e-02,1.0375
3982.85,1.83379250e-04,7.923416e-03,4.921339e-06,-2.2147328416e-10,9.4790e-02,1.0375
3983.35,3.81066909e-04,8.075468e-03,4.556352e-06,-2.2147361722e-10,1.0174e-01,1.0375
3983.86,6.48544265e-04,8.213943e-03,4.172378e-06,-2.2147528256e-10,1.0875e-01,1.0375
3984.37,9.28502555e-04,8.329876e-03,3.773111e-06,-2.2147628176e-10,1.1567e-01,1.0375
3984.87,1.17224232e-03,8.421200e-03,3.362839e-06,-2.2147728096e-10,1.2239e-01,1.0375
3985.38,1.35373393e-03,8.484663e-03,2.960209e-06,-2.2147883527e-10,1.2880e-01,1.0375
3985.89,1.47474274e-03,8.513447e-03,2.604946e-06,-2.2147883527e-10,1.3518e-01,1.0375
3986.39,1.55801929e-03,8.504019e-03,2.336488e-06,-2.2148016754e-10,1.4151e-01,1.0375
3986.90,1.63389555e-03,8.461609e-03,2.162397e-06,-2.2148094470e-10,1.4779e-01,1.0375
3987.41,1.72960351e-03,8.395113e-03,2.051787e-06,-2.2148072265e-10,1.5403e-01,1.0375
3987.91,1.86176862e-03,8.317855e-03,1.975335e-06,-2.2148205492e-10,1.6022e-01,1.0375
3988.42,2.03701348e-03,8.239590e-03,1.948591e-06,-2.2148538559e-10,1.0298e-02,1.0375
3988.93,2.24800680e-03,8.167548e-03,2.024121e-06,-2.2175727921e-10,8.4379e-03,1.0375
3989.43,2.46552672e-03,8.105651e-03,2.233524e-06,-2.2176771530e-10,6.0150e-03,1.0437
3989.94,2.63337721e-03,8.055519e-03,2.547684e-06,-2.2176904757e-10,4.0582e-03,1.0437
3990.45,2.68356579e-03,8.019076e-03,2.906592e-06,-2.2176993575e-10,8.6596e-03,1.0437
3990.95,2.58001510e-03,7.999376e-03,3.260003e-06,-2.2177071290e-10,1.5706e-02,1.0437
3991.46,2.35467440e-03,7.996345e-03,3.583212e-06,-2.2177049086e-10,2.2717e-02,1.0437
3991.97,2.08930737e-03,8.003935e-03,3.873521e-06,-2.2177248926e-10,2.9688e-02,1.0437
3992.47,1.83500221e-03,8.010744e-03,4.137850e-06,-2.2177171211e-10,3.6618e-02,1.0437
3992.98,1.52924886e-03,8.004436e-03,4.382406e-06,-2.2177359948e-10,4.3507e-02,1.0437
3993.49,9.93780161e-04,7.978505e-03,4.610172e-06,-2.2177404357e-10,5.0355e-02,1.0437
3993.99,5.13445268e-05,7.930493e-03,4.823598e-06,-2.2177482073e-10,5.7195e-02,1.0437
3994.50,-1.30970150e-03,7.862654e-03,5.027553e-06,-2.2177604198e-10,6.4405e-02,1.0437
3995.01,-2.86835459e-03,7.778653e-03,5.229169e-06,-2.2177659709e-10,7.1610e-02,1.0437
3995.52,-4.25481580e-03,7.682803e-03,5.435231e-06,-2.2177859549e-10,7.7328e-02,1.0437
3996.02,-5.10431653e-03,7.581412e-03,5.649909e-06,-2.2177859549e-10,8.3966e-02,1.0437
3996.53,-5.19502741e-03,7.481475e-03,5.874263e-06,-2.2177892856e-10,3.1961e-02,1.0437
3997.04,-4.52640959e-03,7.389358e-03,6.107437e-06,-2.2181079196e-10,3.4506e-02,1.0437
3997.54,-3.31920515e-03,7.309426e-03,6.347592e-06,-2.2201718242e-10,4.0803e-02,1.0500
3998.05,-1.94365119e-03,7.242052e-03,6.591487e-06,-2.2233004326e-10,4.0514e-02,1.0500
3998.56,-7.85264365e-04,7.188437e-03,6.833664e-06,-2.2239543540e-10,4.3334e-02,1.0500
3999.06,-9.14787861e-05,7.144378e-03,7.066631e-06,-2.2243118458e-10,3.9692e-02,1.0563
3999.57,1.18620374e-04,7.107315e-03,7.282327e-06,-2.2243262787e-10,3.5186e-02,1.0563
