# FINE Δr=0.0024 (t=1.0002000000000313, nan=true, Rstar=9.585623601260446):  r  δε  dε
0.0012  -0.10135675545148363  0.0
0.0036  0.27611387062239406  0.0
0.005999999999999999  0.01522122430870354  -23.400926127819528
0.0084  -0.04094099615306192  -23.400926127819528
0.010799999999999999  -10.087466969865229  -4186.052490293956
0.013199999999999998  -70022.82638263873  0.0
0.0156  436665.78342461627  2.111202540863544e8
0.018  3.3670415911306515e6  0.0
0.020399999999999998  361489.1301192261  -1.797631981235825e8
0.022799999999999997  -69942.54537736518  0.0
0.025199999999999997  -30.153815967005414  12563.78634472514
0.027599999999999996  -0.0007287314334449679  0.28458270354513115
0.03  -4.572396506080049e-5  0.07202399878721778
0.0324  0.00012714336012509112  0.0
0.0348  9.733448992399604e-5  -0.012424727732589768
0.0372  5.6394652902704966e-5  -0.0112645347984982
0.039599999999999996  2.9371742291765856e-5  -0.005431667871507344
0.041999999999999996  1.6348460440656536e-5  -0.0015542769252534908
0.044399999999999995  1.2631664970540798e-5  -0.0007364815211915417
0.046799999999999994  1.0878326553618103e-5  -0.0007364815211915417
0.049199999999999994  6.877129759500639e-6  -0.0016734008681196552
0.05159999999999999  8.037089792726007e-7  -0.0024490543645477292
0.05399999999999999  -5.057560185332084e-6  -0.001258787222677727
0.05639999999999999  -8.0614402468847e-6  0.0
0.0588  -7.747659627420833e-6  0.000123259685764486
0.0612  -5.186966216372225e-6  0.0010591616876455994
0.06359999999999999  -1.486017079774856e-6  0.0014262561703059702
0.06599999999999999  1.9571987637208906e-6  0.000867875493180673
0.06839999999999999  4.061048760189111e-6  0.00021253896440453205
0.07079999999999999  4.592838824400876e-6  0.0
0.07319999999999999  4.143207264394955e-6  -0.00019669825154797655
0.07559999999999999  3.1186354310761173e-6  -0.0004365682195368689
0.078  1.8534892642558566e-6  -0.000488849008634649
0.0804  7.049386983176698e-7  -0.00032686142958547
0.0828  -5.409390695272631e-8  -0.00012818276558255337
0.0852  -3.3555025986411156e-7  0.0
0.0876  -2.614555848416515e-7  1.965207671896574e-5
0.09  2.4127319575399653e-8  0.0001074607750616648
0.0924  4.1885640966873514e-7  0.0001495711655903526
0.0948  8.069987931103983e-7  0.00010111339840020784
0.0972  1.0795897207416076e-6  3.282229940004677e-5
0.0996  1.1890291373073316e-6  0.0
0.102  1.167038615077767e-6  -2.225145266168321e-5
0.10439999999999999  1.067454511473158e-6  -5.4893388941005865e-5
0.10679999999999999  9.245657699031695e-7  -7.324829606555865e-5
0.10919999999999999  7.762046398370522e-7  -6.075839762154552e-5
0.11159999999999999  6.647853397919422e-7  -3.631145080211261e-5
0.11399999999999999  6.127854538867054e-7  -1.4194664207247144e-5
0.11639999999999999  6.146125283892478e-7  -1.15725349514433e-6
0.11879999999999999  6.484759905232666e-7  0.0
0.12119999999999999  7.010307332502332e-7  6.319726002639951e-6
0.12359999999999999  7.547559855128512e-7  1.7196290055260477e-7
0.126  7.940489341576491e-7  0.0
0.1284  8.127497649647319e-7  -8.719081128571369e-6
0.1308  8.122535598105093e-7  -1.7028845383399088e-5
0.13319999999999999  8.008197264759535e-7  -2.189708489924522e-5
0.1356  7.829866831047475e-7  -2.4874283138252535e-5
0.13799999999999998  7.629364030847016e-7  -2.50598004587975e-5
0.1404  7.46150001002541e-7  -2.2405015499132878e-5
0.14279999999999998  7.364808970208685e-7  -1.9512313940611387e-5
0.1452  7.345000042049878e-7  -1.784981371324744e-5
0.14759999999999998  7.372547511279651e-7  -1.6902141548619676e-5
0.15  7.430294607449223e-7  -1.6702654750915473e-5
0.15239999999999998  7.500284524997874e-7  -1.6702654750915473e-5
0.1548  7.560691498663657e-7  -1.74125938114892e-5
0.15719999999999998  7.597428242306446e-7  -1.8709382982670174e-5
0.1596  7.60712278730178e-7  -2.014663103607883e-5
0.16199999999999998  7.596430409550353e-7  -2.1306535508805142e-5
0.1644  7.574889021809937e-7  -2.206898592401844e-5
0.16679999999999998  7.547812842850429e-7  -2.2609968923698914e-5
0.1692  7.52182624623671e-7  -2.287489411711728e-5
0.17159999999999997  7.503195091963268e-7  -2.277349481023368e-5
0.174  7.494534553060487e-7  -2.2729740502692566e-5
0.17639999999999997  7.494368775766251e-7  -2.2729740502692566e-5
0.1788  7.498638252335411e-7  -2.2855175864478952e-5
0.18119999999999997  7.505338481270454e-7  -2.3064011205534633e-5
0.18359999999999999  7.512354796286418e-7  -2.3360898906409282e-5
0.18599999999999997  7.517462888260995e-7  -2.3750419663096132e-5
0.18839999999999998  7.519498982607505e-7  -2.4188383930451453e-5
0.19079999999999997  7.518529161435351e-7  -2.4623547074035183e-5
0.19319999999999998  7.515732631535339e-7  -2.5009528293713636e-5
0.1956  7.512083514131691e-7  -2.5354872215900926e-5
0.19799999999999998  7.508229198603927e-7  -2.5673192063197743e-5
0.2004  7.50494478329259e-7  -2.5959166023819428e-5
0.20279999999999998  7.502696775817976e-7  -2.622567235281472e-5
0.2052  7.501487708813474e-7  -2.649207753053588e-5
0.20759999999999998  7.500933955255709e-7  -2.6774338259901526e-5
0.21  7.500881774344208e-7  -2.7062952312444332e-5
0.21239999999999998  7.501137087807721e-7  -2.735959981383903e-5
0.2148  7.501478812121497e-7  -2.7665405379171275e-5
0.21719999999999998  7.501699043918706e-7  -2.79798192321973e-5
0.2196  7.501684936937064e-7  -2.829888005759186e-5
0.22199999999999998  7.501426239038891e-7  -2.86183124978889e-5
0.2244  7.500986762202892e-7  -2.8935029945693684e-5
0.22679999999999997  7.500466824004494e-7  -2.92475107325632e-5
0.2292  7.499963477004996e-7  -2.955590568258446e-5
0.23159999999999997  7.499531932476152e-7  -2.9862004998310362e-5
0.23399999999999999  7.499197976624898e-7  -3.016689274087676e-5
0.23639999999999997  7.498969618337757e-7  -3.0471387609052727e-5
0.23879999999999998  7.498836075553721e-7  -3.077627195761457e-5
0.24119999999999997  7.498774857227306e-7  -3.108203306117097e-5
0.24359999999999998  7.498758811768074e-7  -3.138886450817595e-5
0.24599999999999997  7.498758950257554e-7  -3.169684225512318e-5
0.24839999999999998  7.498744896896215e-7  -3.200602348852732e-5
0.25079999999999997  7.49869490784252e-7  -3.231604794435983e-5
0.2532  7.498597575210115e-7  -3.2626484359070805e-5
0.2556  7.498450698734289e-7  -3.29369484829174e-5
0.25799999999999995  7.498260389273391e-7  -3.324714825053684e-5
0.26039999999999996  7.498034789346197e-7  -3.35569226269164e-5
0.2628  7.497781984535691e-7  -3.386626002157345e-5
0.2652  7.497508167923946e-7  -3.417527300721956e-5
0.26759999999999995  7.497215247492112e-7  -3.4484139531879246e-5
0.26999999999999996  7.496900793016199e-7  -3.479303975778891e-5
0.2724  7.496559121032524e-7  -3.5102108639568374e-5
0.2748  7.49618295119072e-7  -3.541141211839376e-5
0.2772  7.495765082311031e-7  -3.572094629926877e-5
0.27959999999999996  7.495299682758368e-7  -3.603065352215347e-5
0.282  7.49478300485348e-7  -3.634044636032762e-5
0.2844  7.494213559652851e-7  -3.665023010493675e-5
0.2868  7.493592782531738e-7  -3.69599174196108e-5
0.28919999999999996  7.492923228360517e-7  -3.7269439056808785e-5
0.29159999999999997  7.492206889597036e-7  -3.7578756066838685e-5
0.294  7.491447033165788e-7  -3.788786344077683e-5
0.2964  7.490646455360784e-7  -3.8196780196161763e-5
0.29879999999999995  7.48980722240682e-7  -3.850553615876281e-5
0.30119999999999997  7.488930669613796e-7  -3.8814161191031454e-5
0.3036  7.488017580699422e-7  -3.9122677683639907e-5
0.306  7.48706846553579e-7  -3.943109645457675e-5
0.30839999999999995  7.486083849076244e-7  -3.973941628438559e-5
0.31079999999999997  7.485064490626598e-7  -4.0047626816586575e-5
0.3132  7.484011490417868e-7  -4.035571325525335e-5
0.3156  7.482926311860611e-7  -4.066365987728602e-5
0.31799999999999995  7.48181146501296e-7  -4.097144996464848e-5
0.32039999999999996  7.480669719373955e-7  -4.1279066525091834e-5
0.3228  7.479502335523778e-7  -4.1586500040405205e-5
0.3252  7.478311677851495e-7  -4.189375383610771e-5
0.32759999999999995  7.477099815539606e-7  -4.2200839623751225e-5
0.32999999999999996  7.475868467872546e-7  -4.250777139379022e-5
0.3324  7.474619033163207e-7  -4.2814561932311264e-5
0.3348  7.47335265251052e-7  -4.312122136910562e-5
0.33719999999999994  7.47207028415622e-7  -4.3427756735766466e-5
0.33959999999999996  7.470772774174819e-7  -4.373417211910354e-5
0.34199999999999997  7.469460908101147e-7  -4.404046945514053e-5
0.3444  7.468135426484321e-7  -4.434665003254206e-5
0.3468  7.466796998784487e-7  -4.465271622724685e-5
0.34919999999999995  7.465446187513922e-7  -4.495867191021804e-5
0.35159999999999997  7.464083600890528e-7  -4.526451958876352e-5
0.354  7.462711217487861e-7  -4.557025581006077e-5
0.3564  7.46132814343544e-7  -4.587587563791799e-5
0.35879999999999995  7.45993498838882e-7  -4.6181380648945846e-5
0.36119999999999997  7.458532201335636e-7  -4.648677695461128e-5
0.3636  7.457120069426833e-7  -4.679207071489929e-5
0.366  7.455698762164412e-7  -4.709726625017483e-5
0.36839999999999995  7.454268375430874e-7  -4.740236604524858e-5
0.37079999999999996  7.452828962161307e-7  -4.770737130774105e-5
0.3732  7.451380552088872e-7  -4.8012282423899284e-5
0.3756  7.449923165269139e-7  -4.831709921600446e-5
0.37799999999999995  7.448456821059456e-7  -4.862182113264943e-5
0.38039999999999996  7.446981539177121e-7  -4.8926447578968603e-5
0.3828  7.44549732482197e-7  -4.923097858026002e-5
0.3852  7.444004134322339e-7  -4.953541559405281e-5
0.38759999999999994  7.44250184314026e-7  -4.9839761410993014e-5
0.38999999999999996  7.440990277599556e-7  -5.014401750026493e-5
0.39239999999999997  7.439470688405496e-7  -5.044817934734105e-5
0.3948  7.437941917604139e-7  -5.075223948974818e-5
0.39719999999999994  7.436404005317469e-7  -5.105619503835858e-5
0.39959999999999996  7.434857051122953e-7  -5.136004716167114e-5
0.40199999999999997  7.433301098293266e-7  -5.16637976305494e-5
0.4044  7.431736157230244e-7  -5.1967447238267964e-5
0.40679999999999994  7.430162227942561e-7  -5.227099584369985e-5
0.40919999999999995  7.428579310614532e-7  -5.257444286426708e-5
0.41159999999999997  7.426987408023882e-7  -5.2877787618187184e-5
0.414  7.425386525196972e-7  -5.318102943777234e-5
0.41639999999999994  7.423776669029328e-7  -5.348416767241088e-5
0.41879999999999995  7.422157848305157e-7  -5.378720167013591e-5
0.42119999999999996  7.420530074122352e-7  -5.4090130763078885e-5
0.4236  7.418893360302322e-7  -5.439295426503018e-5
0.426  7.417247722071602e-7  -5.469567154679113e-5
0.42839999999999995  7.415593167893475e-7  -5.4998282319241164e-5
0.43079999999999996  7.41392967943625e-7  -5.530078712818572e-5
0.4332  7.41225718699657e-7  -5.560318754463375e-5
0.4356  7.410575573961985e-7  -5.590548495338248e-5
0.43799999999999994  7.408885323121218e-7  -5.6207677573268434e-5
0.44039999999999996  7.407186433283815e-7  -5.6509760118986726e-5
0.44279999999999997  7.405478456936655e-7  -5.681172838744693e-5
0.4452  7.40376150620576e-7  -5.711358184205933e-5
0.44759999999999994  7.402035650352131e-7  -5.741532170155751e-5
0.44999999999999996  7.400300921613437e-7  -5.771694894253658e-5
0.45239999999999997  7.398557333383911e-7  -5.8018463783915026e-5
0.4548  7.396804892546068e-7  -5.831986593169336e-5
0.45719999999999994  7.39504360427589e-7  -5.862115489228854e-5
0.45959999999999995  7.393273473122689e-7  -5.89223301273942e-5
0.46199999999999997  7.391494503371232e-7  -5.922339108406722e-5
0.4644  7.389706699594684e-7  -5.9524337187138347e-5
0.46679999999999994  7.387910067192371e-7  -5.982516783921219e-5
0.46919999999999995  7.386104612558918e-7  -6.012588243647849e-5
0.47159999999999996  7.384290342860901e-7  -6.0426480384975147e-5
0.474  7.382467265629189e-7  -6.072696110853906e-5
0.47639999999999993  7.380635388398987e-7  -6.1027324045914915e-5
0.47879999999999995  7.378794718605752e-7  -6.132756864153945e-5
0.48119999999999996  7.376945263671934e-7  -6.162769433587396e-5
0.4836  7.375087031163095e-7  -6.192770056368775e-5
0.48599999999999993  7.373220029015595e-7  -6.222758675152821e-5
0.48839999999999995  7.371344265890041e-7  -6.252735231094461e-5
0.49079999999999996  7.369459751693872e-7  -6.282699663216358e-5
0.49319999999999997  7.367566497043596e-7  -6.312651912908349e-5
0.49559999999999993  7.365664508648256e-7  -6.342591940777754e-5
0.49799999999999994  7.363753777860256e-7  -6.372519755245213e-5
0.5004  7.361834267235589e-7  -6.402435420775577e-5
0.5027999999999999  7.359905915169888e-7  -6.43233898254394e-5
0.5052  7.357969039178264e-7  -6.462230294679931e-5
0.5075999999999999  7.356023566890222e-7  -6.492109027324076e-5
0.51  7.354069291247e-7  -6.521974937335002e-5
0.5124  7.352106279076651e-7  -6.551827986837914e-5
0.5147999999999999  7.350134571934477e-7  -6.581668225941022e-5
0.5172  7.348154190719557e-7  -6.611495685507948e-5
0.5196  7.346165146193684e-7  -6.641310352808352e-5
0.5219999999999999  7.344167445670884e-7  -6.67111218711237e-5
0.5244  7.342161095621677e-7  -6.700901136974611e-5
0.5267999999999999  7.340146102210836e-7  -6.730677148808383e-5
0.5292  7.338122471522903e-7  -6.760440168042175e-5
0.5316  7.336090209919977e-7  -6.790190138767297e-5
0.5339999999999999  7.334049324321436e-7  -6.819927003936643e-5
0.5364  7.33199982229718e-7  -6.849650706132674e-5
0.5388  7.329941711902831e-7  -6.879361188741966e-5
0.5411999999999999  7.327875001421694e-7  -6.909058396280471e-5
0.5436  7.325799699056841e-7  -6.938742274520014e-5
0.5459999999999999  7.323715812859559e-7  -6.968412769756446e-5
0.5484  7.321623350662124e-7  -6.998069828430178e-5
0.5508  7.319522320214412e-7  -7.027713396683469e-5
0.5531999999999999  7.31741272924245e-7  -7.05734342023393e-5
0.5556  7.315294585556829e-7  -7.086959844618471e-5
0.5579999999999999  7.31316789705054e-7  -7.116562615337863e-5
0.5603999999999999  7.311032671694639e-7  -7.146151678001297e-5
0.5628  7.30888891751439e-7  -7.175726978380596e-5
0.5651999999999999  7.30673664255891e-7  -7.20528846241021e-5
0.5676  7.304575854896831e-7  -7.23483607615108e-5
0.57  7.302406562611965e-7  -7.26436976566415e-5
0.5723999999999999  7.30022877381848e-7  -7.293889477118782e-5
0.5748  7.298042496660904e-7  -7.323395156684336e-5
0.5771999999999999  7.295847739288101e-7  -7.352886750638596e-5
0.5796  7.293644509896637e-7  -7.38236420528645e-5
0.582  7.291432816719946e-7  -7.411827466932783e-5
0.5843999999999999  7.289212668010973e-7  -7.441276482072221e-5
0.5868  7.286984072048686e-7  -7.470711197163245e-5
0.5892  7.284747037151085e-7  -7.500131558772758e-5
0.5915999999999999  7.282501571655685e-7  -7.529537513548977e-5
0.594  7.280247683923852e-7  -7.558929008194331e-5
0.5963999999999999  7.277985382358153e-7  -7.588305989438355e-5
0.5988  7.275714675369829e-7  -7.617668404164175e-5
0.6012  7.273435571391804e-7  -7.647016199263958e-5
0.6035999999999999  7.271148078909044e-7  -7.676349321629862e-5
0.606  7.268852206460726e-7  -7.705667718145021e-5
0.6083999999999999  7.266547962631563e-7  -7.734971335810016e-5
0.6107999999999999  7.264235356088666e-7  -7.764260121598327e-5
0.6132  7.261914395507822e-7  -7.793534022763517e-5
0.6155999999999999  7.259585089543132e-7  -7.822792986812133e-5
0.618  7.257247446781478e-7  -7.852036961467558e-5
0.6204  7.25490147570132e-7  -7.881265894742297e-5
0.6227999999999999  7.252547184685709e-7  -7.910479734621754e-5
0.6252  7.250184582109024e-7  -7.939678428793173e-5
0.6275999999999999  7.247813676480083e-7  -7.968861924483011e-5
0.6299999999999999  7.245434476606943e-7  -7.99803016819493e-5
0.6324  7.243046991707493e-7  -8.027183106089253e-5
0.6347999999999999  7.2406512314333e-7  -8.056320684317274e-5
0.6372  7.238247205923823e-7  -8.085442848894759e-5
0.6396  7.235834926207566e-7  -8.114549544111788e-5
0.6419999999999999  7.233414404861273e-7  -8.14364071170153e-5
0.6444  7.230985655044993e-7  -8.172716297444837e-5
0.6467999999999999  7.228548683773511e-7  -8.201776275203406e-5
0.6491999999999999  7.226103476605256e-7  -8.230820682797819e-5
0.6516  7.223649982097003e-7  -8.259849622766501e-5
0.6539999999999999  7.221188123779972e-7  -8.288863147864918e-5
0.6564  7.218718446550323e-7  -8.317861043032538e-5
0.6587999999999999  7.216240533133335e-7  -8.346842931744014e-5
0.6611999999999999  7.213754357638259e-7  -8.375808619005586e-5
0.6636  7.211259981853776e-7  -8.404758110165985e-5
0.6659999999999999  7.208757441933694e-7  -8.433691460953203e-5
0.6684  7.206246756563152e-7  -8.462608693015143e-5
0.6708  7.203727936933284e-7  -8.491509786592219e-5
0.6731999999999999  7.201200991977918e-7  -8.520394700132385e-5
0.6756  7.198665929939157e-7  -8.54926338563259e-5
0.6779999999999999  7.196122758530016e-7  -8.578115794538644e-5
0.6803999999999999  7.193571485142585e-7  -8.606951877428998e-5
0.6828  7.191012117286049e-7  -8.635771583165453e-5
0.6851999999999999  7.188444663068071e-7  -8.664574858676312e-5
0.6876  7.185869131515719e-7  -8.693361649606903e-5
0.69  7.183285532690389e-7  -8.722131901259227e-5
0.6923999999999999  7.180693877516502e-7  -8.750885559603879e-5
0.6948  7.178094177532138e-7  -8.77962257185828e-5
0.6971999999999999  7.175486444889034e-7  -8.808342885185647e-5
0.6995999999999999  7.172870693321863e-7  -8.837046442918343e-5
0.702  7.170246939384225e-7  -8.865733183166496e-5
0.7043999999999999  7.167615199980999e-7  -8.894403054538924e-5
0.7068  7.164975477655725e-7  -8.923056066938003e-5
0.7091999999999999  7.162327729771066e-7  -8.951692358744075e-5
0.7115999999999999  7.159671842175714e-7  -8.98031217819426e-5
0.714  7.157007698257219e-7  -9.008915627772768e-5
0.7163999999999999  7.154336451819197e-7  -9.037502251852673e-5
0.7187999999999999  7.151656984307614e-7  -9.066071367504059e-5
0.7212  7.148969438351433e-7  -9.094622742698628e-5
0.7235999999999999  7.146273915553409e-7  -9.123156499002548e-5
0.726  7.143570467332914e-7  -9.151672796136867e-5
0.7283999999999999  7.140859116093901e-7  -9.180171705848668e-5
0.7307999999999999  7.138139873925226e-7  -9.20865322185861e-5
0.7332  7.135412751089944e-7  -9.237117302750171e-5
0.7355999999999999  7.132677758165534e-7  -9.265563898180231e-5
0.738  7.129934907292891e-7  -9.293992952673778e-5
0.7404  7.127184214225472e-7  -9.322404402380339e-5
0.7427999999999999  7.124425696948024e-7  -9.350798189159572e-5
0.7452  7.121659360684231e-7  -9.379174317547058e-5
0.7475999999999999  7.118885161844831e-7  -9.407532942240375e-5
0.7499999999999999  7.116102970017649e-7  -9.435874376510706e-5
0.7524  7.113312592886903e-7  -9.464198829771702e-5
0.7547999999999999  7.110515233242631e-7  -9.492505888562864e-5
0.7572  7.107710055273379e-7  -9.52079472199682e-5
0.7595999999999999  7.10489687082887e-7  -9.54906489478447e-5
0.7619999999999999  7.102075827841985e-7  -9.577316475935283e-5
0.7644  7.099247010527044e-7  -9.605549682867931e-5
0.7667999999999999  7.096410458312143e-7  -9.633764654161526e-5
0.7691999999999999  7.093566192560401e-7  -9.661961417201205e-5
0.7716  7.090714232676869e-7  -9.690139932323241e-5
0.7739999999999999  7.087854597645927e-7  -9.718300153503248e-5
0.7764  7.084987286556845e-7  -9.746442115950696e-5
0.7787999999999999  7.08211223373733e-7  -9.774566041927028e-5
0.7811999999999999  7.079229265695517e-7  -9.802672333174323e-5
0.7836  7.076338142475783e-7  -9.830761219173007e-5
0.7859999999999999  7.073440514680524e-7  -9.858832111689192e-5
0.7883999999999999  7.070535014994193e-7  -9.886883976601809e-5
0.7908  7.067621622881999e-7  -9.91491637196295e-5
0.7931999999999999  7.06470051151922e-7  -9.942929451864847e-5
0.7956  7.061771776304803e-7  -9.970923493375365e-5
0.7979999999999999  7.058835465021708e-7  -9.998898647948513e-5
0.8003999999999999  7.055891605160965e-7  -0.00010026854953215142
0.8028  7.052940195599339e-7  -0.00010054792481663202
0.8051999999999999  7.049981158139835e-7  -0.00010082711507740402
0.8076  7.047014292309133e-7  -0.00010110612494283615
0.8099999999999999  7.044039320664233e-7  -0.00010138495715478535
0.8123999999999999  7.041058180271096e-7  -0.00010166360488747616
0.8148  7.03806920999972e-7  -0.00010194205628100169
0.8171999999999999  7.035072437529787e-7  -0.00010222030645997584
0.8195999999999999  7.032068062415211e-7  -0.00010249835725850728
0.822  7.029056196790687e-7  -0.00010277621185746448
0.8243999999999999  7.026036887474232e-7  -0.00010305387251831247
0.8268  7.023010115464121e-7  -0.00010333134152365823
0.8291999999999999  7.019975754838943e-7  -0.00010360862287005167
0.8315999999999999  7.016933546127434e-7  -0.00010388572166435607
0.834  7.013883731778886e-7  -0.0001041626389470441
0.8363999999999999  7.010827696384524e-7  -0.00010443936580597393
0.8387999999999999  7.007763699422558e-7  -0.000104715887549664
0.8412  7.004692125099545e-7  -0.00010499219809836028
0.8435999999999999  7.001613191815002e-7  -0.00010526830390821567
0.846  6.998526928671082e-7  -0.00010554421241342376
0.8483999999999999  6.995433248998834e-7  -0.00010581992798521665
0.8507999999999999  6.992331979356267e-7  -0.000106095453789284
0.8532  6.989222864611094e-7  -0.00010637079277817935
0.8555999999999999  6.986106957202701e-7  -0.00010664594374645062
0.8579999999999999  6.982984462145046e-7  -0.00010692089677771367
0.8603999999999999  6.979854171164195e-7  -0.00010719563974534789
0.8627999999999999  6.976716405845355e-7  -0.00010747017007672224
0.8652  6.97357133441984e-7  -0.00010774449371561372
0.8675999999999999  6.970418946483647e-7  -0.00010801861766027633
0.8699999999999999  6.967259078133597e-7  -0.00010829254786207645
0.8724  6.964091446536036e-7  -0.00010856628883373462
0.8747999999999999  6.960917103748712e-7  -0.0001088398396740981
0.8771999999999999  6.957736387576494e-7  -0.000109113189649204
0.8795999999999999  6.954547924382937e-7  -0.0001093863253083498
0.8819999999999999  6.951352060392824e-7  -0.00010965924376258849
0.8844  6.948148958377427e-7  -0.00010993195221635312
0.8867999999999999  6.944938553310638e-7  -0.00011020445972372571
0.8891999999999999  6.941720586523502e-7  -0.00011047677391541148
0.8916  6.938494704236513e-7  -0.0001107488984268307
0.8939999999999999  6.935263901512636e-7  -0.000111020826407994
0.8964  6.932025219516438e-7  -0.00011129254000118812
0.8987999999999999  6.92877909203287e-7  -0.00011156402968684694
0.9011999999999999  6.925525773513342e-7  -0.00011183530250532759
0.9036  6.922265225509875e-7  -0.00011210637022862625
0.9059999999999999  6.918997169519121e-7  -0.00011237724242798932
0.9083999999999999  6.915721352236757e-7  -0.0001126479228718325
0.9107999999999999  6.912440717909193e-7  -0.00011291840363924578
0.9131999999999999  6.909152259267515e-7  -0.00011318866612369357
0.9156  6.90585641475441e-7  -0.00011345870149696934
0.9179999999999999  6.902553400518589e-7  -0.00011372851859459798
0.9203999999999999  6.899243101222627e-7  -0.00011399813080376582
0.9228  6.895925175887108e-7  -0.0001142675471012151
0.9251999999999999  6.892601000535892e-7  -0.00011453676634058274
0.9275999999999999  6.889270762170004e-7  -0.00011480577472666095
0.9299999999999999  6.88593294628911e-7  -0.0001150745571719634
0.9323999999999999  6.88258789662867e-7  -0.00011534311348630293
0.9348  6.879235643873771e-7  -0.00011561145629358754
0.9371999999999999  6.875875904587946e-7  -0.00011587959826290033
0.9395999999999999  6.872509275485713e-7  -0.00011614754276502582
0.942  6.869137455490192e-7  -0.00011641527861912914
0.9443999999999999  6.86575798857338e-7  -0.0001166827878878985
0.9467999999999999  6.862371264568842e-7  -0.000116950066598275
0.9491999999999999  6.85897735341846e-7  -0.00011721712766482321
0.9515999999999999  6.855575973823812e-7  -0.00011748398530793881
0.954  6.852168091605205e-7  -0.00011775064292361403
0.9563999999999999  6.84875487088352e-7  -0.00011801708808436221
0.9587999999999999  6.84533407392619e-7  -0.00011828330338069729
0.9611999999999999  6.841906052240231e-7  -0.00011854928724179104
0.9635999999999999  6.83847079596591e-7  -0.00011881505431503409
0.966  6.835027961263687e-7  -0.00011908061810922411
0.9683999999999999  6.831580029995933e-7  -0.00011934597730850107
0.9707999999999999  6.828125584548792e-7  -0.00011961111407159544
0.9732  6.824663734720723e-7  -0.00011987601641915738
0.9755999999999999  6.82119469517942e-7  -0.000120140690592216
0.9779999999999999  6.817718283182606e-7  -0.00012040515274655825
0.9803999999999999  6.814235251756395e-7  -0.0001206694106564558
0.9827999999999999  6.810747436966809e-7  -0.00012093345381978429
0.9852  6.80725207397254e-7  -0.00012119726304905648
0.9875999999999999  6.803749488888591e-7  -0.00012146083745161258
0.9899999999999999  6.800239626108401e-7  -0.00012172419253479627
0.9924  6.796722350809262e-7  -0.0001219873415796324
0.9947999999999999  6.793201291716098e-7  -0.00012225027871805744
0.9971999999999999  6.789672619294564e-7  -0.00012251298155334568
0.9995999999999999  6.786136692857932e-7  -0.00012277544619483763
1.002  6.782593516049124e-7  -0.00012303768706793355
1.0044  6.77904287341765e-7  -0.0001232997193945609
1.0068  6.775488697453695e-7  -0.00012356153891832262
1.0091999999999999  6.771926902731686e-7  -0.00012382312299439148
1.0115999999999998  6.768357830554128e-7  -0.00012408446766633304
1.014  6.764781474767091e-7  -0.00012434558702145715
1.0164  6.761198341042468e-7  -0.00012460649484476202
1.0188  6.757611175855181e-7  -0.0001248671852499333
1.0211999999999999  6.754016448288352e-7  -0.00012512763823127257
1.0235999999999998  6.750414432066167e-7  -0.0001253878526866883
1.0259999999999998  6.746805038676529e-7  -0.00012564784332491887
1.0284  6.743190294196226e-7  -0.00012590761906632807
1.0308  6.739570283171344e-7  -0.00012616716848487053
1.0332  6.735942833222854e-7  -0.00012642647793541023
1.0355999999999999  6.732308085819622e-7  -0.00012668555245722848
1.0379999999999998  6.728665792930886e-7  -0.0001269444079001865
1.0404  6.725020279885804e-7  -0.00012720304553469819
1.0428  6.721367450067666e-7  -0.00012746144549239733
1.0452  6.717707274157478e-7  -0.00012771960316632818
1.0475999999999999  6.714039720698197e-7  -0.00012797753122792296
1.0499999999999998  6.710367115286137e-7  -0.00012823523986958555
1.0524  6.70668924616577e-7  -0.00012849271917917833
1.0548  6.7030039141696e-7  -0.00012874995682616032
1.0572  6.69931122647318e-7  -0.0001290069575909596
1.0595999999999999  6.695612090130889e-7  -0.0001292637351862942
1.0619999999999998  6.691909232607249e-7  -0.00012952028707729945
1.0644  6.688198855118056e-7  -0.00012977659625437922
1.0668  6.684481122351451e-7  -0.00013003266467433768
1.0692  6.680756034591496e-7  -0.00013028850691490556
1.0715999999999999  6.677028252034031e-7  -0.00013054412492638184
1.0739999999999998  6.673292889754125e-7  -0.00013079949985087672
1.0763999999999998  6.669550155645378e-7  -0.00013105463075507284
1.0788  6.665799905361449e-7  -0.00013130953195287834
1.0812  6.662047072336641e-7  -0.00013156420790316498
1.0836  6.658286867812589e-7  -0.00013181864077451143
1.0859999999999999  6.654519266160921e-7  -0.00013207282871175737
1.0883999999999998  6.650744130550987e-7  -0.00013232678518647621
1.0908  6.646966626724753e-7  -0.000132580514819899
1.0932  6.643181624020698e-7  -0.00013283399994757153
1.0956  6.639389202684962e-7  -0.0001330872390070681
1.0979999999999999  6.635589759646128e-7  -0.00013334024512292705
1.1003999999999998  6.631787646709571e-7  -0.00013359302180705992
1.1028  6.627977924250194e-7  -0.00013384555300749215
1.1052  6.624160752189984e-7  -0.00013409783789363453
1.1076  6.620337693900771e-7  -0.00013434988842776066
1.1099999999999999  6.616510952977932e-7  -0.00013460170520871156
1.1123999999999998  6.612676619356921e-7  -0.0001348532760174384
1.1148  6.608834782423703e-7  -0.0001351046020515328
1.1172  6.604988684278876e-7  -0.00013535569288160879
1.1196  6.601137390242588e-7  -0.00013560654311764556
1.1219999999999999  6.597278558960733e-7  -0.0001358571463464066
1.1243999999999998  6.593412123991234e-7  -0.00013610750991001862
1.1267999999999998  6.589543478992699e-7  -0.00013635763956884784
1.1292  6.585667512036455e-7  -0.00013660752140797248
1.1316  6.581784032083909e-7  -0.00013685715284229315
1.134  6.577895211852362e-7  -0.0001371065444122427
1.1363999999999999  6.574002474719291e-7  -0.00013735569685083214
1.1387999999999998  6.570102124227491e-7  -0.000137604601047872
1.1412  6.566194153375185e-7  -0.00013785326072100122
1.1436  6.562283793247036e-7  -0.00013810168285790275
1.146  6.558366477816668e-7  -0.00013834985656875965
1.1483999999999999  6.554441594459979e-7  -0.0001385977785905751
1.1507999999999998  6.550511860558411e-7  -0.0001388454579271061
1.1532  6.546577868335717e-7  -0.00013909289438473218
1.1556  6.54263624661703e-7  -0.00013934008050034766
1.158  6.538687454067573e-7  -0.0001395870213990666
1.1603999999999999  6.53473667665402e-7  -0.00013983372201961056
1.1627999999999998  6.530778172638991e-7  -0.00014008017073201392
1.1651999999999998  6.526812025506052e-7  -0.00014032636783262528
1.1676  6.522843085589747e-7  -0.00014057232202785907
1.17  6.518867865432359e-7  -0.00014081802747422707
1.1723999999999999  6.514884986765727e-7  -0.00014106347984043188
1.1747999999999998  6.510897778463486e-7  -0.00014130868613773792
1.1771999999999998  6.506905927700785e-7  -0.00014155364527661238
1.1796  6.502906379109163e-7  -0.00014179835099090878
1.182  6.498901246401474e-7  -0.00014204280786607953
1.1844  6.494892787543664e-7  -0.00014228701803682833
1.1867999999999999  6.490876589347171e-7  -0.0001425309743045045
1.1891999999999998  6.486853858431434e-7  -0.00014277467925185834
1.1916  6.482828802585085e-7  -0.0001430181375843273
1.194  6.478795967692231e-7  -0.00014326134147089973
1.1964  6.474755957369422e-7  -0.00014350429198132182
1.1987999999999999  6.470714311813865e-7  -0.00014374699551401269
1.2011999999999998  6.466664860969775e-7  -0.00014398944362674173
1.2036  6.462607899874583e-7  -0.0001442316371032968
1.206  6.458549681532047e-7  -0.00014447358294211255
1.2084  6.454483631606906e-7  -0.00014471527247932945
1.2107999999999999  6.450410047200913e-7  -0.00014495670620572965
1.2131999999999998  6.446335275875435e-7  -0.00014519789134923733
1.2155999999999998  6.442252645350553e-7  -0.0001454388195895946
1.218  6.438162763978614e-7  -0.00014567949095462937
1.2204  6.434071458246912e-7  -0.00014591991246879713
1.2227999999999999  6.429972263469891e-7  -0.0001461600767570837
1.2251999999999998  6.42586640633774e-7  -0.00014639998326428718
1.2275999999999998  6.421758580500442e-7  -0.00014663963824544093
1.23  6.417642844146285e-7  -0.0001468790355117383
1.2324  6.413521337997764e-7  -0.00014711817468578657
1.2348  6.409397011702782e-7  -0.00014735706030442972
1.2371999999999999  6.405264763166378e-7  -0.00014759568744981705
1.2395999999999998  6.401127941948765e-7  -0.00014783405678177596
1.242  6.396987142765192e-7  -0.0001480721702477142
1.2444  6.392838411712481e-7  -0.00014831002451994426
1.2468  6.388686600985669e-7  -0.00014854762184583658
1.2491999999999999  6.384529330884584e-7  -0.00014878496115663885
1.2515999999999998  6.380364083299808e-7  -0.00014902204141910638
1.2539999999999998  6.376197489402647e-7  -0.00014925886687102411
1.2564  6.372023606268998e-7  -0.0001494954311340306
1.2588  6.367843068165804e-7  -0.00014973173305155322
1.2611999999999999  6.363660697396648e-7  -0.00014996777868699264
1.2635999999999998  6.35947028682169e-7  -0.00015020356287394473
1.2659999999999998  6.355275577588949e-7  -0.000150439084593892
1.2684  6.351076770980558e-7  -0.0001506743470128854
1.2708  6.346869905664385e-7  -0.00015090934917953757
1.2731999999999999  6.342661282390284e-7  -0.00015114409311561453
1.2755999999999998  6.338445884955957e-7  -0.00015137857427514689
1.2779999999999998  6.334223990813077e-7  -0.00015161279141898191
1.2804  6.330000170578533e-7  -0.00015184674970737986
1.2828  6.325768228021729e-7  -0.00015208044451766405
1.2852  6.321532966791464e-7  -0.00015231387486754733
1.2875999999999999  6.317292696297796e-7  -0.00015254704287655458
1.2899999999999998  6.313044600904545e-7  -0.00015277994970107778
1.2924  6.308795820200112e-7  -0.00015301259816139786
1.2948  6.304538826597001e-7  -0.0001532449798216087
1.2972  6.300277790877856e-7  -0.00015347709213817205
1.2995999999999999  6.296012585674943e-7  -0.00015370894129113064
1.3019999999999998  6.291739153580639e-7  -0.00015394052994608585
1.3043999999999998  6.287465415491956e-7  -0.0001541718596851597
1.3068  6.283183395963503e-7  -0.00015440292082832414
1.3092  6.278897448190601e-7  -0.0001546337105563825
1.3115999999999999  6.27460725218399e-7  -0.00015486423523911286
1.3139999999999998  6.270309330464949e-7  -0.00015509449771161356
1.3163999999999998  6.266010679481168e-7  -0.00015532449977447336
1.3188  6.261703663951353e-7  -0.00015555423367889933
1.3212  6.257393664358887e-7  -0.00015578369643619785
1.3235999999999999  6.253078421781556e-7  -0.00015601289130719726
1.3259999999999998  6.248756871699793e-7  -0.00015624181989272213
1.3283999999999998  6.244433326317404e-7  -0.00015647048536243747
1.3308  6.240101359472703e-7  -0.00015669888475077927
1.3332  6.23576816202601e-7  -0.0001569270168973802
1.3356  6.231427773580218e-7  -0.000157154878561831
1.3379999999999999  6.227083330231312e-7  -0.00015738246852286828
1.3403999999999998  6.222734756737829e-7  -0.0001576097906414263
1.3427999999999998  6.218379256779736e-7  -0.00015783684579805793
1.3452  6.214022330330339e-7  -0.00015806363581115094
1.3476  6.209656877300893e-7  -0.00015829015738436932
1.3499999999999999  6.205290325011874e-7  -0.00015851640930331627
1.3523999999999998  6.200916454568526e-7  -0.0001587423894081707
1.3547999999999998  6.196539156300748e-7  -0.00015896809660244287
1.3572  6.192157087022993e-7  -0.00015919353341828688
1.3596  6.187769291490265e-7  -0.00015941870001408664
1.3619999999999999  6.183378981486701e-7  -0.00015964359829496606
1.3643999999999998  6.178980692466383e-7  -0.0001598682277622825
1.3667999999999998  6.17458193331432e-7  -0.00016009258902102076
1.3692  6.170174517052939e-7  -0.00016031667833754998
1.3716  6.165765951686875e-7  -0.00016054049429174597
1.3739999999999999  6.161350156492097e-7  -0.00016076403707930724
1.3763999999999998  6.156931487810279e-7  -0.00016098730647761097
1.3787999999999998  6.152507416679141e-7  -0.0001612103038831999
1.3812  6.148078829195432e-7  -0.0001614330286657008
1.3836  6.143646476416357e-7  -0.00016165548138103833
1.386  6.139208104563153e-7  -0.0001618776610339149
1.3883999999999999  6.13476745234872e-7  -0.0001620995681949823
1.3907999999999998  6.130319417810368e-7  -0.00016232120222248314
1.3931999999999998  6.125870409905664e-7  -0.00016254256406355837
1.3956  6.121412763941073e-7  -0.0001627636532896771
1.398  6.116955274671886e-7  -0.00016298447003220846
1.4003999999999999  6.11248895297789e-7  -0.00016320501171147414
1.4027999999999998  6.108022155030743e-7  -0.00016342527731961785
1.4051999999999998  6.103547421881621e-7  -0.00016364526750038458
1.4076  6.099071396831884e-7  -0.00016386498236147182
1.41  6.094588281685409e-7  -0.0001640844223869758
1.4123999999999999  6.090103170696207e-7  -0.00016430358710599135
1.4147999999999998  6.08561165542235e-7  -0.00016452247656504885
1.4171999999999998  6.081117587123427e-7  -0.00016474109027399858
1.4196  6.076617653635527e-7  -0.00016495942826139117
1.422  6.07211475605815e-7  -0.0001651774901052913
1.4243999999999999  6.06760638536966e-7  -0.00016539527575826508
1.4267999999999998  6.063094786300065e-7  -0.00016561278484147427
1.4291999999999998  6.058577961026886e-7  -0.00016583001725101608
1.4316  6.054057789376711e-7  -0.00016604697268367537
1.434  6.04953249286333e-7  -0.00016626365098784449
1.4364  6.045003876722389e-7  -0.00016648005193087176
1.4387999999999999  6.040470091621571e-7  -0.00016669617529293517
1.4411999999999998  6.035933158262188e-7  -0.00016691202089730975
1.4435999999999998  6.031390867963955e-7  -0.0001671275884482794
1.446  6.026845745816384e-7  -0.00016734287783281602
1.4484  6.022294935950721e-7  -0.00016755788868924782
1.4507999999999999  6.01774175524282e-7  -0.0001677726209757427
1.4531999999999998  6.013182413937713e-7  -0.00016798707425825835
1.4555999999999998  6.008621306868422e-7  -0.00016820124857447083
1.458  6.004053422722401e-7  -0.00016841514349846937
1.4604  5.999484512342161e-7  -0.00016862875935696025
1.4627999999999999  5.994908044647772e-7  -0.00016884209601035239
1.4651999999999998  5.990331395223751e-7  -0.00016905515413591078
1.4675999999999998  5.985746446249447e-7  -0.00016926793323490243
1.47  5.981161863624889e-7  -0.0001694804330577801
1.4724  5.97656930336702e-7  -0.0001696926515578412
1.4747999999999999  5.971976038208603e-7  -0.00016990458768964374
1.4771999999999998  5.967376108613389e-7  -0.0001701162424490274
1.4795999999999998  5.962774224006501e-7  -0.00017032761572314487
1.4819999999999998  5.958167077469399e-7  -0.00017053870806069273
1.4844  5.953556564319753e-7  -0.000170749518621324
1.4868  5.948942328249697e-7  -0.00017096004787196836
1.4891999999999999  5.944323169112479e-7  -0.00017117029520456915
1.4915999999999998  5.93970193660991e-7  -0.00017138026176585083
1.4939999999999998  5.935074030326889e-7  -0.00017158994745001334
1.4964  5.930445773722967e-7  -0.00017179935324548767
1.4988  5.925809869894178e-7  -0.00017200847698079758
1.5011999999999999  5.921173709809869e-7  -0.00017221731772081868
1.5035999999999998  5.916530980468702e-7  -0.0001724258738559625
1.5059999999999998  5.911886042930803e-7  -0.00017263414433283628
1.5084  5.907236782635474e-7  -0.00017284213113345193
1.5108  5.902583133361814e-7  -0.00017304983449181643
1.5131999999999999  5.897927412299234e-7  -0.00017325725669071747
1.5155999999999998  5.893264852082844e-7  -0.00017346439780126062
1.5179999999999998  5.888602517627704e-7  -0.00017367125835624089
1.5204  5.883932983187599e-7  -0.0001738778331162513
1.5228  5.879262097361043e-7  -0.00017408411981178565
1.5252  5.874586388944676e-7  -0.0001742901202296091
1.5275999999999998  5.869906706179248e-7  -0.00017449583527710856
1.5299999999999998  5.865224942753957e-7  -0.00017470126856359303
1.5323999999999998  5.860536249448819e-7  -0.0001749064204675394
1.5348  5.855848181079981e-7  -0.00017511129121979243
1.5372  5.851153280079895e-7  -0.00017531587362477335
1.5395999999999999  5.846456169913798e-7  -0.00017552016515321914
1.5419999999999998  5.841755506357481e-7  -0.0001757241709432543
1.5443999999999998  5.837049412630961e-7  -0.00017592789323926764
1.5468  5.832342879635594e-7  -0.00017613133406826548
1.5492  5.827629748769107e-7  -0.0001763344881223554
1.5515999999999999  5.822915207702537e-7  -0.00017653735368072785
1.5539999999999998  5.81819646100273e-7  -0.0001767399319902153
1.5563999999999998  5.813472800501353e-7  -0.00017694222404710926
1.5588  5.808748457336414e-7  -0.00017714423307980232
1.5612  5.80401776945072e-7  -0.0001773459546846267
1.5635999999999999  5.799285617332645e-7  -0.00017754738768206078
1.5659999999999998  5.794549549807074e-7  -0.00017774853312359996
1.5683999999999998  5.789808149108365e-7  -0.00017794939203806176
1.5707999999999998  5.785066670702717e-7  -0.00017814996767127645
1.5732  5.780319072474539e-7  -0.00017835025392776903
1.5756  5.775569083847285e-7  -0.00017855024916090746
1.5779999999999998  5.77081638190001e-7  -0.0001787499572888177
1.5803999999999998  5.766057737017789e-7  -0.0001789493791181462
1.5827999999999998  5.761299120645748e-7  -0.00017914851669613763
1.5852  5.756535307655831e-7  -0.0001793473639799009
1.5876  5.751767225715271e-7  -0.000179545920193599
1.5899999999999999  5.746998440205563e-7  -0.00017974419055585836
1.5923999999999998  5.742223920784245e-7  -0.0001799421714367701
1.5947999999999998  5.73744712863665e-7  -0.00018013986244349165
1.5972  5.732667804883487e-7  -0.0001803372652961098
1.5996  5.727882912650618e-7  -0.00018053437856275478
1.6019999999999999  5.723097365154146e-7  -0.00018073120468875434
1.6043999999999998  5.71830775027973e-7  -0.0001809277406630983
1.6067999999999998  5.713512678888998e-7  -0.00018112398721798452
1.6092  5.708718193880337e-7  -0.0001813199487986419
1.6116  5.70391841502255e-7  -0.0001815156177396708
1.6139999999999999  5.699114208788329e-7  -0.00018171099406546568
1.6163999999999998  5.69430991016924e-7  -0.00018190608393429491
1.6187999999999998  5.689500342149784e-7  -0.00018210088237075476
1.6211999999999998  5.684687127611478e-7  -0.00018229538900964973
1.6236  5.679873162920193e-7  -0.00018248960830117805
1.626  5.675054065524751e-7  -0.00018268353559799743
1.6283999999999998  5.670231763214677e-7  -0.00018287717172428222
1.6307999999999998  5.665408368388768e-7  -0.00018307051981346706
1.6331999999999998  5.660579967792755e-7  -0.00018326357515153122
1.6356  5.655748482756486e-7  -0.00018345633932312656
1.638  5.65091588959404e-7  -0.00018364881502854895
1.6403999999999999  5.646078417059948e-7  -0.00018384099723185997
1.6427999999999998  5.64123766627362e-7  -0.00018403288786131319
1.6451999999999998  5.636396115179122e-7  -0.0001842244900549511
1.6476  5.631549805356489e-7  -0.00018441579819272142
1.65  5.626699702719271e-7  -0.00018460681410295036
1.6523999999999999  5.621849417341944e-7  -0.00018479754214051667
1.6547999999999998  5.616994483421782e-7  -0.00018498797550458153
1.6571999999999998  5.612134957549801e-7  -0.00018517811688721893
1.6596  5.607276000213924e-7  -0.0001853679719060417
1.662  5.602412529342234e-7  -0.0001855575310780756
1.6643999999999999  5.597544623855977e-7  -0.00018574679423563064
1.6667999999999998  5.592676083872924e-7  -0.00018593576893089777
1.6691999999999998  5.587804422272323e-7  -0.00018612445085887155
1.6715999999999998  5.582928440885006e-7  -0.00018631283648216172
1.674  5.578050268292573e-7  -0.00018650093152969256
1.6764  5.573170664260538e-7  -0.00018668873575010983
1.6787999999999998  5.568286821336279e-7  -0.00018687624419909025
1.6811999999999998  5.563398852981554e-7  -0.0001870634614172725
1.6835999999999998  5.558511330832402e-7  -0.0001872503919884827
1.686  5.553619596765976e-7  -0.0001874370244836036
1.6884  5.548723827756598e-7  -0.00018762335844212038
1.6907999999999999  5.543826528150823e-7  -0.0001878094023517097
1.6931999999999998  5.538927355234514e-7  -0.0001879951542700234
1.6955999999999998  5.534024215708179e-7  -0.0001881806092207542
1.698  5.529117106208622e-7  -0.00018836577270758335
1.7004  5.524210282994817e-7  -0.00018855064914276198
1.7027999999999999  5.519299725129535e-7  -0.00018873522647050404
1.7051999999999998  5.514385395964574e-7  -0.00018891950423616737
1.7075999999999998  5.509468441328158e-7  -0.00018910349198687494
1.7099999999999997  5.504550813857558e-7  -0.00018928719087151963
1.7124  5.499629413209441e-7  -0.0001894705903450608
1.7147999999999999  5.494704364047542e-7  -0.00018965369228786635
1.7171999999999998  5.489777608195297e-7  -0.00018983650524615996
1.7195999999999998  5.48484934367573e-7  -0.00019001902586948587
1.7219999999999998  5.479917474424632e-7  -0.00019020124641844753
1.7244  5.474982085178909e-7  -0.0001903831707031121
1.7268  5.470045343135103e-7  -0.00019056480680584536
1.7291999999999998  5.465106805110399e-7  -0.0001907461488387971
1.7315999999999998  5.460164810052858e-7  -0.00019092718977895736
1.7339999999999998  5.455219438865646e-7  -0.0001911079342328301
1.7364  5.450272527801267e-7  -0.0001912883907849475
1.7388  5.445324080602387e-7  -0.00019146855371840178
1.7411999999999999  5.440372306691772e-7  -0.00019164841428856035
1.7435999999999998  5.435417314760688e-7  -0.00019182797684885633
1.7459999999999998  5.430460052837684e-7  -0.00019200725160976368
1.7484  5.425502041867588e-7  -0.00019218623552359008
1.7508  5.420540805211715e-7  -0.00019236491552199504
1.7531999999999999  5.415576510416163e-7  -0.00019254329470823616
1.7555999999999998  5.410609035267494e-7  -0.00019272138506916235
1.7579999999999998  5.405641458190811e-7  -0.00019289918885169224
1.7603999999999997  5.40067100702861e-7  -0.00019307669085106495
1.7628  5.395697601905548e-7  -0.00019325388764038844
1.7651999999999999  5.390721278569939e-7  -0.0001934307886926985
1.7675999999999998  5.385742952398499e-7  -0.00019360740394497905
1.7699999999999998  5.380763714879239e-7  -0.00019378372757587764
1.7723999999999998  5.375781505355826e-7  -0.00019395974578106112
1.7748  5.370796536602936e-7  -0.00019413546055790094
1.7772  5.365808735308987e-7  -0.00019431088374877607
1.7795999999999998  5.360819573341311e-7  -0.0001944860212694549
1.7819999999999998  5.355828897239765e-7  -0.00019466086291352927
1.7843999999999998  5.35083543558865e-7  -0.00019483539793384516
1.7868  5.345839386079222e-7  -0.00019500962978123734
1.7892  5.340840647095717e-7  -0.0001951835708544612
1.7915999999999999  5.335840359793446e-7  -0.00019535722666325143
1.7939999999999998  5.330838774963553e-7  -0.00019553058719843432
1.7963999999999998  5.325834523991612e-7  -0.0001957036400351433
1.7987999999999997  5.320827856272314e-7  -0.00019587638719622858
1.8012  5.315818723489272e-7  -0.00019604884101873633
1.8035999999999999  5.310807046422002e-7  -0.00019622101099991618
1.8059999999999998  5.305795076715556e-7  -0.00019639289208666318
1.8083999999999998  5.300780414755138e-7  -0.00019656446713304282
1.8107999999999997  5.295763406806733e-7  -0.00019673573214322798
1.8132  5.290744182343595e-7  -0.00019690669608709424
1.8155999999999999  5.285722571254405e-7  -0.0001970773713855328
1.8179999999999998  5.280699086314747e-7  -0.0001972477622818399
1.8203999999999998  5.275674665216386e-7  -0.0001974178599696737
1.8227999999999998  5.270647752977052e-7  -0.00019758765030019587
1.8252  5.265618679679927e-7  -0.00019775713091038782
1.8276  5.260587555566687e-7  -0.00019792631090284951
1.8299999999999998  5.255554226162376e-7  -0.000198095201251514
1.8323999999999998  5.250518532958805e-7  -0.00019826380713028438
1.8347999999999998  5.245482436473225e-7  -0.0001984321226963048
1.8372  5.240443880446827e-7  -0.0001986001333405834
1.8396  5.235403220584661e-7  -0.00019876783287259687
1.8419999999999999  5.230360657540022e-7  -0.00019893522770214844
1.8443999999999998  5.225316161024639e-7  -0.00019910232740066525
1.8467999999999998  5.220269536350495e-7  -0.0001992691387689861
1.8491999999999997  5.21522090162407e-7  -0.00019943566339257596
1.8516  5.210171553559836e-7  -0.00019960189474770005
1.8539999999999999  5.20511992814195e-7  -0.00019976782102459583
1.8563999999999998  5.200066340506782e-7  -0.00019993343754493094
1.8587999999999998  5.195010973604777e-7  -0.00020009874977181943
1.8611999999999997  5.189953842296008e-7  -0.00020026376466466465
1.8636  5.184894840621398e-7  -0.00020042848721567555
1.8659999999999999  5.179833788158863e-7  -0.0002005929204843803
1.8683999999999998  5.174771244573564e-7  -0.00020075706385811433
1.8707999999999998  5.169707535093628e-7  -0.00020092091045562712
1.8731999999999998  5.164641772301744e-7  -0.00020108445153842988
1.8756  5.159574204484547e-7  -0.0002012476853231004
1.878  5.154504970448105e-7  -0.00020141061633437572
1.8803999999999998  5.149434105910372e-7  -0.0002015732488315441
1.8827999999999998  5.144361591216933e-7  -0.00020173558508637047
1.8851999999999998  5.139287364611632e-7  -0.0002018976268183995
1.8876  5.13421128859378e-7  -0.00020205937715040448
1.89  5.129133629020594e-7  -0.00020222083656124137
1.8923999999999999  5.124054979451561e-7  -0.00020238199988766836
1.8947999999999998  5.118974423597069e-7  -0.00020254285940790728
1.8971999999999998  5.113892175454774e-7  -0.00020270341276291484
1.8995999999999997  5.108808360672866e-7  -0.0002028636636057296
1.902  5.10372301844959e-7  -0.00020302361551006258
1.9043999999999999  5.098636155749861e-7  -0.00020318326979258702
1.9067999999999998  5.093547777892775e-7  -0.00020334262649513503
1.9091999999999998  5.088457888581966e-7  -0.00020350168566053258
1.9115999999999997  5.083366480453533e-7  -0.0002036604477260746
1.914  5.078273493108743e-7  -0.0002038189148775126
1.9163999999999999  5.073178824682462e-7  -0.00020397708882083872
1.9187999999999998  5.068083102264219e-7  -0.0002041349677513985
1.9211999999999998  5.062986027566142e-7  -0.00020429254702031364
1.9235999999999998  5.057887367580175e-7  -0.00020444982295548178
1.926  5.052787241958869e-7  -0.0002046067963782764
1.9284  5.047685704177244e-7  -0.0002047634700290185
1.9307999999999998  5.042582769461835e-7  -0.00020491984548413804
1.9331999999999998  5.0374784479933e-7  -0.00020507592293833964
1.9355999999999998  5.032372755245373e-7  -0.00020523170215635148
1.9379999999999997  5.027265708354954e-7  -0.00020538718305468994
1.9404  5.022157322216812e-7  -0.00020554236571412808
1.9427999999999999  5.017047609433712e-7  -0.0002056972502177881
1.9451999999999998  5.011936581986089e-7  -0.00020585183658048743
1.9475999999999998  5.006824252407321e-7  -0.00020600612476906753
1.9499999999999997  5.001710634093808e-7  -0.00020616011473835333
1.9524  4.996595741298474e-7  -0.00020631380644398287
1.9547999999999999  4.991479588753456e-7  -0.00020646719985858004
1.9571999999999998  4.986362189642653e-7  -0.0002066202950401497
1.9595999999999998  4.981243550716309e-7  -0.00020677309225115907
1.9619999999999997  4.97612366568605e-7  -0.0002069255920300049
1.9644  4.971002513683154e-7  -0.0002070777949803168
1.9667999999999999  4.965880192162216e-7  -0.00020722970107101422
1.9691999999999998  4.960756813004227e-7  -0.00020738130895624093
1.9715999999999998  4.955632180510695e-7  -0.00020753261681291096
1.9739999999999998  4.950506359566783e-7  -0.00020768362426787804
1.9764  4.94537939023593e-7  -0.00020783433235583245
1.9788  4.940251290548418e-7  -0.0002079847419968101
1.9811999999999999  4.935122070971135e-7  -0.00020813485350848224
1.9835999999999998  4.929991742565112e-7  -0.00020828466686943583
1.9859999999999998  4.924860317722778e-7  -0.00020843418202862307
1.9883999999999997  4.919727808812713e-7  -0.00020858339899236842
1.9908  4.914594227732952e-7  -0.00020873231778624103
1.9931999999999999  4.909459586481275e-7  -0.00020888093841331276
1.9955999999999998  4.904323897632259e-7  -0.00020902926085750132
1.9979999999999998  4.899187174378476e-7  -0.00020917728510218224
2.0004  4.894049430246433e-7  -0.000209325011142567
2.0027999999999997  4.888910679098739e-7  -0.00020947243897621613
2.0052  4.883770935402987e-7  -0.00020961956858858323
2.0075999999999996  4.878630214201398e-7  -0.0002097663999686456
2.01  4.873488529098541e-7  -0.00020991293318994825
2.0124  4.868345886556262e-7  -0.0002100591685637476
2.0147999999999997  4.863202277582187e-7  -0.00021020510674950963
2.0172  4.858057674058617e-7  -0.0002103507485602052
2.0195999999999996  4.852912189833285e-7  -0.0002104960941942434
2.022  4.847765908825609e-7  -0.0002106411424466238
2.0244  4.842618669183719e-7  -0.0002107858915076323
2.0267999999999997  4.83747052476861e-7  -0.00021093034084474489
2.0292  4.83232151094479e-7  -0.00021107449124888711
2.0315999999999996  4.827171644580276e-7  -0.00021121834351161688
2.034  4.822020935656233e-7  -0.00021136189794283532
2.0364  4.816869394381508e-7  -0.00021150515455591422
2.0387999999999997  4.811717032354897e-7  -0.000211648113316882
2.0412  4.806563861725968e-7  -0.00021179077422790697
2.0435999999999996  4.801409894880648e-7  -0.0002119331373047101
2.046  4.796255144699259e-7  -0.0002120752025534352
2.0484  4.791099624959841e-7  -0.00021221696996441482
2.0507999999999997  4.78594335080653e-7  -0.0002123584395087369
2.0532  4.780786339384901e-7  -0.00021249961113273337
2.0555999999999996  4.775628609204451e-7  -0.00021264048480947997
2.058  4.770470175608811e-7  -0.00021278106070232974
2.0604  4.7653110402503043e-7  -0.000212921339413286
2.0627999999999997  4.760151166430856e-7  -0.0002130613225733502
2.0652  4.754990459393364e-7  -0.00021320101263516835
2.0675999999999997  4.74982906598434e-7  -0.00021334041016144136
2.07  4.74466743436092e-7  -0.0002134795121056515
2.0724  4.739504951042483e-7  -0.0002136183131619844
2.0747999999999998  4.734341758911697e-7  -0.0002137568113553851
2.0772  4.7291779465869106e-7  -0.00021389500898517529
2.0795999999999997  4.724013545481798e-7  -0.00021403290847301094
2.082  4.7188485665901683e-7  -0.00021417051071001588
2.0844  4.713683022345653e-7  -0.00021430781567667446
2.0867999999999998  4.708516923011309e-7  -0.00021444482350489795
2.0892  4.7033502538636716e-7  -0.00021458153527816572
2.0915999999999997  4.6981829126516335e-7  -0.00021471795468692124
2.094  4.6930147358363074e-7  -0.00021485408432855155
2.0963999999999996  4.687846677606678e-7  -0.00021498992185386157
2.0987999999999998  4.6826780186184566e-7  -0.000215125460180662
2.1012  4.6775086981042796e-7  -0.0002152606941718223
2.1035999999999997  4.6723388717685894e-7  -0.00021539562527195144
2.106  4.6671686081329634e-7  -0.00021553025716245796
2.1083999999999996  4.661997913850066e-7  -0.00021566459247027335
2.1108  4.6568267456038523e-7  -0.00021579863332730047
2.1132  4.6516549812871365e-7  -0.0002159323830676417
2.1155999999999997  4.6464824344301554e-7  -0.00021606584442493214
2.118  4.641310330235574e-7  -0.00021619901490568748
2.1203999999999996  4.63613764184901e-7  -0.00021633188569154937
2.1228  4.6309643927000717e-7  -0.0002164644506805376
2.1252  4.6257907600709934e-7  -0.00021659671233839896
2.1275999999999997  4.6206167857924633e-7  -0.00021672867636505537
2.13  4.615442387608231e-7  -0.00021686034798780684
2.1323999999999996  4.6102673870065773e-7  -0.00021699173127457996
2.1348  4.6050920695576807e-7  -0.0002171228270799971
2.1372  4.5999171929258717e-7  -0.00021725362947925476
2.1395999999999997  4.594741666475322e-7  -0.0002173841287381148
2.142  4.589565741289908e-7  -0.00021751432199347036
2.1443999999999996  4.5843895185755656e-7  -0.00021764421555203506
2.1468  4.57921290424523e-7  -0.00021777381761381068
2.1492  4.574035675807605e-7  -0.0002179031335926704
2.1515999999999997  4.568858744107441e-7  -0.00021803216220880393
2.154  4.5636819096428645e-7  -0.00021816089387461144
2.1563999999999997  4.5585045594601775e-7  -0.00021828932099733476
2.1588  4.553326894711409e-7  -0.00021841744464030517
2.1612  4.5481488997081536e-7  -0.00021854527390666485
2.1635999999999997  4.542970364555376e-7  -0.0002186728169561193
2.166  4.537792106023772e-7  -0.00021880007412395804
2.1683999999999997  4.5326141940096876e-7  -0.00021892703561161362
2.1708  4.5274357966026274e-7  -0.00021905369278540343
2.1732  4.5222570987696505e-7  -0.00021918004756508812
2.1755999999999998  4.517078047291609e-7  -0.00021930610994800557
2.178  4.511898390195581e-7  -0.000219431888288837
2.1803999999999997  4.506719968892705e-7  -0.00021955737966872948
2.1828  4.501541160891777e-7  -0.00021968257010987756
2.1851999999999996  4.496361976505728e-7  -0.00021980745655492145
2.1875999999999998  4.49118248018604e-7  -0.0002199320460681611
2.19  4.486002481234562e-7  -0.00022005634935862278
2.1923999999999997  4.4808234139098214e-7  -0.00022018036731399703
2.1948  4.4756444525896957e-7  -0.00022030408806136655
2.1971999999999996  4.4704650809229e-7  -0.0002204275062669987
2.1995999999999998  4.4652853756232437e-7  -0.00022055062741867322
2.202  4.460105164261381e-7  -0.00022067346197839893
2.2043999999999997  4.4549262490718895e-7  -0.00022079601092322266
2.2068  4.449747246036001e-7  -0.00022091826196136372
2.2091999999999996  4.4445678470755e-7  -0.00022104021185801454
2.2116  4.439388083207242e-7  -0.0002211618670128592
2.214  4.434208213193423e-7  -0.00022128323692766479
2.2163999999999997  4.4290298024094767e-7  -0.0002214043189499307
2.2188  4.4238508856934283e-7  -0.000221525100877865
2.2211999999999996  4.4186715939301645e-7  -0.00022164558424236117
2.2236  4.4134918391995626e-7  -0.00022176577824928946
2.226  4.4083135366536873e-7  -0.0002218856865769865
2.2283999999999997  4.4031352912561085e-7  -0.0002220052991338791
2.2308  4.397956632478262e-7  -0.000222124613244066
2.2331999999999996  4.3927775501481636e-7  -0.00022224363511252654
2.2356  4.3875994659627743e-7  -0.00022236237144884592
2.238  4.38242198043913e-7  -0.00022248081622052322
2.2403999999999997  4.377243966325727e-7  -0.0002225989656907653
2.2428  4.372065399069723e-7  -0.0002227168238870218
2.2451999999999996  4.366887690282831e-7  -0.0002228343956205303
2.2476  4.361710658090136e-7  -0.00022295167420555804
2.25  4.3565332430266224e-7  -0.00022306864962597428
2.2523999999999997  4.351355653796872e-7  -0.0002231853244336296
2.2548  4.34617982226701e-7  -0.0002233017083577025
2.2571999999999997  4.341004689642058e-7  -0.00022341780586140157
2.2596  4.335828982294544e-7  -0.00022353362280863427
2.262  4.330652397875178e-7  -0.0002236491608297696
2.2643999999999997  4.325477686323992e-7  -0.0002237644092860738
2.2668  4.3203025596990144e-7  -0.00022387935634899145
2.2691999999999997  4.3151270075376946e-7  -0.00022399400217374421
2.2716  4.3099519513555007e-7  -0.0002241083573717801
2.274  4.3047785466235507e-7  -0.00022422242586773032
2.2763999999999998  4.299604652172658e-7  -0.00022433620187782801
2.2788  4.2944302647068486e-7  -0.00022444968721711797
2.2811999999999997  4.2892578047421664e-7  -0.00022456288655842122
2.2836  4.2840854421822075e-7  -0.00022467579390347958
2.2859999999999996  4.278912574770012e-7  -0.00022478840847889547
2.2883999999999998  4.2737404301498687e-7  -0.00022490073454486066
2.2908  4.26856968380792e-7  -0.000225012772213048
2.2931999999999997  4.263398403045373e-7  -0.0002251245177056453
2.2956  4.2582268402297993e-7  -0.0002252359739519862
2.2979999999999996  4.2530576825671254e-7  -0.00022534714424768385
2.3004  4.2478879553535347e-7  -0.00022545802185134988
2.3028  4.242717686624327e-7  -0.0002255686085643862
2.3051999999999997  4.237549703566771e-7  -0.0002256789092175459
2.3076  4.232381606507525e-7  -0.00022578891920513815
2.3099999999999996  4.2272129574657744e-7  -0.0002258986383231523
2.3124  4.222046171232976e-7  -0.00022600807069860388
2.3148  4.2168797532234244e-7  -0.00022611721384144189
2.3171999999999997  4.211712762223867e-7  -0.00022622606681328938
2.3196  4.20654743524913e-7  -0.00022633463276899396
2.3219999999999996  4.2013827114095563e-7  -0.00022644291014784659
2.3244  4.1962173972479207e-7  -0.00022655089784920138
2.3268  4.191053784366461e-7  -0.00022665859856712002
2.3291999999999997  4.185890773251901e-7  -0.00022676601102007555
2.3316  4.1807271585207924e-7  -0.00022687313433130982
2.3339999999999996  4.175565511909361e-7  -0.00022697997108339236
2.3364  4.1704042350845967e-7  -0.00022708651943137255
2.3388  4.165242339360369e-7  -0.00022719277950390896
2.3411999999999997  4.160082893260846e-7  -0.00022729875400301418
2.3436  4.1549233442510214e-7  -0.0002274044397068007
2.3459999999999996  4.1497633032497663e-7  -0.00022750983800214384
2.3484  4.144606096283601e-7  -0.0002276149521744472
2.3508  4.139448214661792e-7  -0.00022771977730947412
2.3531999999999997  4.134290762583537e-7  -0.00022782431340740526
2.3556  4.129135331050471e-7  -0.0002279285642969199
2.3579999999999997  4.123979233448642e-7  -0.00022803252813568753
2.3604  4.1188246632881814e-7  -0.0002281362048619086
2.3628  4.1136710321985903e-7  -0.00022823959565194244
2.3651999999999997  4.108516702700654e-7  -0.00022834270103957798
2.3676  4.103365137579987e-7  -0.00022844552259166802
2.3699999999999997  4.098213175142591e-7  -0.00022854805614207539
2.3724  4.0930617270355275e-7  -0.00022865030177464501
2.3747999999999996  4.08791226456668e-7  -0.00022875226311503937
2.3771999999999998  4.0827620767015273e-7  -0.0002288539392896625
2.3796  4.0776140475392783e-7  -0.00022895533004851546
2.3819999999999997  4.072466330772538e-7  -0.00022905643469355277
2.3844  4.067318736449086e-7  -0.00022915725368194637
2.3867999999999996  4.0621734987279605e-7  -0.0002292577897068544
2.3891999999999998  4.0570274865894124e-7  -0.00022935804086758013
2.3916  4.0518836150128974e-7  -0.00022945800617551188
2.3939999999999997  4.0467401082422243e-7  -0.0002295576859020616
2.3964  4.041596988603284e-7  -0.00022965708037393553
2.3987999999999996  4.0364560130370236e-7  -0.00022975619240301202
2.4012  4.031314226717389e-7  -0.00022985502138936587
2.4036  4.0261751256976536e-7  -0.0002299535667623453
2.4059999999999997  4.0210357825452153e-7  -0.00023005182666922954
2.4084  4.0158976886712355e-7  -0.0002301498003589375
2.4107999999999996  4.0107609412657654e-7  -0.0002302474908050744
2.4132  4.0056239847523906e-7  -0.0002303448990055579
2.4156  4.0004897175417893e-7  -0.00023044202605064368
2.4179999999999997  3.995354581210874e-7  -0.00023053887014606753
2.4204  3.990222051978524e-7  -0.00023063543016660823
2.4227999999999996  3.9850893954456595e-7  -0.00023073170627146286
2.4252  3.979958241029369e-7  -0.00023082769797463774
2.4276  3.974828166877428e-7  -0.00023092340718261208
2.4299999999999997  3.9696985297088365e-7  -0.00023101883397814662
2.4324  3.964571010043466e-7  -0.00023111397943478224
2.4347999999999996  3.9594429251748296e-7  -0.00023120884371487818
2.4372  3.9543178610322235e-7  -0.00023130342711839708
2.4396  3.949191874118643e-7  -0.00023139772861363017
2.4419999999999997  3.9440687454460506e-7  -0.0002314917472893056
2.4444  3.9389452370880255e-7  -0.00023158548388087376
2.4467999999999996  3.9338239032362353e-7  -0.00023167893804446193
2.4492  3.928702925193577e-7  -0.00023177211118411187
2.4516  3.9235835006434967e-7  -0.00023186500304304841
2.4539999999999997  3.9184650421912777e-7  -0.00023195761429356721
2.4564  3.913347611916168e-7  -0.00023204994462540577
2.4587999999999997  3.9082316601328666e-7  -0.00023214199447694318
2.4612  3.9031163122198176e-7  -0.00023223376378168168
2.4635999999999996  3.898002856801176e-7  -0.00023232525281265953
2.4659999999999997  3.89288967889926e-7  -0.00023241646166176285
2.4684  3.8877787110111993e-7  -0.00023250739043614697
2.4707999999999997  3.8826677912530416e-7  -0.0002325980393860819
2.4732  3.877559303134843e-7  -0.00023268840851075446
2.4755999999999996  3.8724507275258654e-7  -0.00023277849819505644
2.4779999999999998  3.8673447098035163e-7  -0.00023286830832108086
2.4804  3.8622385623520404e-7  -0.0002329578393329892
2.4827999999999997  3.857135007813428e-7  -0.00023304709100535774
2.4852  3.8520313749238616e-7  -0.000233136063871614
2.4875999999999996  3.84693027742156e-7  -0.00023322475775729173
2.4899999999999998  3.841829236202361e-7  -0.00023331317337968105
2.4924  3.836730571946806e-7  -0.00023340131056043067
2.4947999999999997  3.8316321846355167e-7  -0.00023348916966798864
2.4972  3.826535953756812e-7  -0.00023357674967615765
2.4995999999999996  3.821440371215828e-7  -0.0002336640502458534
2.502  3.816346681177925e-7  -0.0002337510719010166
2.5044  3.8112539117035604e-7  -0.0002338378222641307
2.5067999999999997  3.8061625236523837e-7  -0.00023392429294283835
2.5092  3.8010726494033115e-7  -0.00023401048386666642
2.5115999999999996  3.7959837373901725e-7  -0.00023409639688562527
2.514  3.7908969083289e-7  -0.00023418203345923166
2.5164  3.7858104369892925e-7  -0.00023426739375336856
2.5187999999999997  3.780726663749675e-7  -0.00023435247808760456
2.5212  3.7756425445910173e-7  -0.00023443728706764726
2.5235999999999996  3.770561798094752e-7  -0.0002345218206569952
2.526  3.765480679996866e-7  -0.0002346060775715916
2.5284  3.7604023491594196e-7  -0.0002346900565283735
2.5307999999999997  3.7553244936839106e-7  -0.0002347737590914833
2.5332  3.750248579088584e-7  -0.00023485718512476325
2.5355999999999996  3.745174097786845e-7  -0.00023494033584550134
2.538  3.7401005977683033e-7  -0.00023502321118846475
2.5404  3.735029520494926e-7  -0.00023510581252191658
2.5427999999999997  3.729958321339877e-7  -0.00023518814073978156
2.5452  3.724890549959385e-7  -0.00023527019574692097
2.5475999999999996  3.7198227069651715e-7  -0.00023535197452609046
2.55  3.714757253118865e-7  -0.00023543347582115148
2.5523999999999996  3.709693025869508e-7  -0.00023551470222605775
2.5547999999999997  3.7046299610344995e-7  -0.0002355956547443287
2.5572  3.699569358032312e-7  -0.00023567633529075573
2.5595999999999997  3.69450884619418e-7  -0.00023575674341015464
2.562  3.68945148190988e-7  -0.00023583687842905517
2.5643999999999996  3.684394616464831e-7  -0.00023591673783219865
2.5667999999999997  3.679339573674223e-7  -0.00023599632178555833
2.5692  3.6742865396218426e-7  -0.00023607563358321145
2.5715999999999997  3.6692337674931914e-7  -0.00023615467474186655
2.574  3.6641844116313757e-7  -0.00023623344564930657
2.5763999999999996  3.659135381192842e-7  -0.0002363119414920353
2.5787999999999998  3.6540882787585056e-7  -0.00023639016218340687
2.5812  3.649043216274409e-7  -0.00023646811122747237
2.5835999999999997  3.643998575412685e-7  -0.00023654578998960374
2.586  3.6389571508779056e-7  -0.00023662319912529155
2.5883999999999996  3.6339164124154187e-7  -0.00023670033478561807
2.5907999999999998  3.6288771846997546e-7  -0.00023677719722537083
2.5932  3.623840493780818e-7  -0.00023685378937930438
2.5955999999999997  3.6188043709816514e-7  -0.000236930110469323
2.598  3.613770814198461e-7  -0.00023700616046506902
2.6003999999999996  3.608738816550036e-7  -0.00023708193931025427
2.6028  3.603707461497397e-7  -0.00023715744870409457
2.6052  3.5986794727689043e-7  -0.0002372326902009745
2.6075999999999997  3.5936522167095454e-7  -0.0002373076592384809
2.61  3.5886263556497537e-7  -0.00023738235671415256
2.6123999999999996  3.583603325639159e-7  -0.0002374567859266745
2.6148  3.5785810688078283e-7  -0.00023753094512759005
2.6172  3.573560771682766e-7  -0.00023760483433388503
2.6195999999999997  3.5685428032786876e-7  -0.000237678455105365
2.622  3.563525690622373e-7  -0.00023775180640309322
2.6243999999999996  3.5585109144586034e-7  -0.00023782488909813575
2.6268  3.553498146376035e-7  -0.000237897703131765
2.6292  3.548486313250873e-7  -0.00023797024823925494
2.6315999999999997  3.543477017752938e-7  -0.0002380425258971986
2.634  3.5384695826331733e-7  -0.00023811453506187061
2.6363999999999996  3.533463158607829e-7  -0.00023818627569442049
2.6388  3.528459305384129e-7  -0.00023825774969798438
2.6411999999999995  3.523457335753537e-7  -0.00023832895574784797
2.6435999999999997  3.5184564508585446e-7  -0.00023839989361117882
2.646  3.5134580069905337e-7  -0.00023847056536151358
2.6483999999999996  3.5084616355966596e-7  -0.0002385409700704138
2.6508  3.5034664192011913e-7  -0.00023861110692138492
2.6531999999999996  3.4984733550424453e-7  -0.00023868097788415122
2.6555999999999997  3.4934827137372837e-7  -0.00023875058299991235
2.658  3.4884932944450643e-7  -0.00023881992060405661
2.6603999999999997  3.4835055746462555e-7  -0.0002388889926796801
2.6628  3.4785207662555405e-7  -0.0002389578007210845
2.6651999999999996  3.473537241128685e-7  -0.00023902634096283564
2.6675999999999997  3.468555025162943e-7  -0.00023909461601171695
2.67  3.4635759181989717e-7  -0.0002391626288512721
2.6723999999999997  3.458598351201072e-7  -0.0002392303744083384
2.6748  3.453622183084183e-7  -0.00023929785311497048
2.6771999999999996  3.4486483502780586e-7  -0.00023936506877735036
2.6795999999999998  3.4436769395210405e-7  -0.00023943202042457502
2.682  3.4387069774771337e-7  -0.000239498706127126
2.6843999999999997  3.433738457318033e-7  -0.00023956512928352533
2.6868  3.428773117214977e-7  -0.0002396312920955166
2.6891999999999996  3.423809336426664e-7  -0.00023969718780346067
2.6915999999999998  3.418847110605444e-7  -0.00023976281756944156
2.694  3.4138869640953397e-7  -0.00023982818641268285
2.6963999999999997  3.408929551802168e-7  -0.00023989329447702206
2.6988  3.4039737085360226e-7  -0.00023995813668685706
2.7011999999999996  3.3990194803147807e-7  -0.00024002271545652538
2.7036  3.3940677227214076e-7  -0.0002400870348514238
2.706  3.389118347250312e-7  -0.00024015109198287628
2.7083999999999997  3.384170636508768e-7  -0.00024021488400241268
2.7108  3.3792246116473926e-7  -0.00024027841437514319
2.7131999999999996  3.3742811783197754e-7  -0.00024034168688836661
2.7156  3.369340034287214e-7  -0.00024040469723012064
2.718  3.36440063444755e-7  -0.00024046744280744537
2.7203999999999997  3.359463001261116e-7  -0.00024052992744784556
2.7228  3.354527828088212e-7  -0.0002405921554378952
2.7251999999999996  3.3495951074782003e-7  -0.00024065412278637498
2.7276  3.3446642028049124e-7  -0.00024071582534530817
2.73  3.3397351569875756e-7  -0.0002407772668871762
2.7323999999999997  3.3348081937469715e-7  -0.00024083845298197734
2.7348  3.329884070697557e-7  -0.00024089938197738753
2.7371999999999996  3.3249617918565226e-7  -0.00024096004646189105
2.7396  3.320041454370551e-7  -0.0002410204484503873
2.7419999999999995  3.315123011727369e-7  -0.00024108059412282864
2.7443999999999997  3.310207299796978e-7  -0.0002411404860766021
2.7468  3.305293821804448e-7  -0.00024120011704393908
2.7491999999999996  3.3003823373518003e-7  -0.0002412594839124566
2.7516  3.295472888128776e-7  -0.00024131859157958618
2.7539999999999996  3.290565358381615e-7  -0.00024137744680117226
2.7563999999999997  3.285660794055331e-7  -0.0002414360492458104
2.7588  3.280758234390675e-7  -0.0002414943891981456
2.7611999999999997  3.2758577683637824e-7  -0.00024155246548317378
2.7636  3.2709594314866107e-7  -0.00024161028381906754
2.7659999999999996  3.266063093379512e-7  -0.00024166785131701858
2.7683999999999997  3.2611695976471865e-7  -0.0002417251676186981
2.7708  3.2562782347617114e-7  -0.0002417822234425223
2.7731999999999997  3.2513890160638416e-7  -0.000241839016247031
2.7756  3.246502016680114e-7  -0.00024189555045866023
2.7779999999999996  3.2416171502690043e-7  -0.0002419518330056426
2.7803999999999998  3.2367346712450576e-7  -0.00024200786651021135
2.7828  3.231854781920399e-7  -0.00024206364535186252
2.7851999999999997  3.226977010452412e-7  -0.00024211916297424478
2.7876  3.222101502959023e-7  -0.00024217442006347747
2.7899999999999996  3.2172282881911055e-7  -0.0002422294217126906
2.7923999999999998  3.2123572562257376e-7  -0.00024228417390424073
2.7948  3.207488673783159e-7  -0.00024233867784014665
2.7971999999999997  3.2026226370516185e-7  -0.0002423929278559038
2.7996  3.197758781251295e-7  -0.00024244691830534862
2.8019999999999996  3.192897257220731e-7  -0.00024250064925904465
2.8044  3.1880381179036875e-7  -0.00024255412500212022
2.8068  3.1831812935469335e-7  -0.00024260735085285807
2.8091999999999997  3.1783266473718597e-7  -0.00024266032981070353
2.8116  3.1734747612285723e-7  -0.00024271305982768898
2.8139999999999996  3.1686251465430464e-7  -0.0002427655343911024
2.8164  3.163777834848218e-7  -0.0002428177507414685
2.8188  3.158932944994329e-7  -0.00024286971038709322
2.8211999999999997  3.154090503791531e-7  -0.00024292141737196032
2.8236  3.149250464454332e-7  -0.00024297287497189633
2.8259999999999996  3.1444127323991024e-7  -0.00024302408538837372
2.8284  3.1395774454214334e-7  -0.0002430750486391915
2.8307999999999995  3.134744792918434e-7  -0.00024312576108540579
2.8331999999999997  3.1299144344679695e-7  -0.00024317621912059876
2.8356  3.1250864931009655e-7  -0.000243226421755978
2.8379999999999996  3.120261034296728e-7  -0.0002432763716014892
2.8404  3.1154380685438285e-7  -0.0002433260711605552
2.8427999999999995  3.110617586873747e-7  -0.00024337552145594003
2.8451999999999997  3.1057995622573234e-7  -0.00024342472345402925
2.8476  3.1009839269102377e-7  -0.0002434736790660002
2.8499999999999996  3.0961708191029613e-7  -0.00024352238837750486
2.8524  3.091360337192147e-7  -0.00024357084856266065
2.8547999999999996  3.0865522452033604e-7  -0.0002436190570511856
2.8571999999999997  3.0817466391882403e-7  -0.0002436670131929198
2.8596  3.076943565739291e-7  -0.00024371471926405537
2.8619999999999997  3.072143028358485e-7  -0.00024376217727596804
2.8644  3.067345021238836e-7  -0.0002438093878329198
2.8667999999999996  3.062549549361169e-7  -0.00024385635070153618
2.8691999999999998  3.057756630688545e-7  -0.00024390306555854417
2.8716  3.05296627294482e-7  -0.00024394953304741782
2.8739999999999997  3.0481784544979934e-7  -0.00024399575460978457
2.8764  3.043393124904474e-7  -0.0002440417316637809
2.8787999999999996  3.038610437806552e-7  -0.00024408746378448988
2.8811999999999998  3.033830353260051e-7  -0.0002441329488771426
2.8836  3.029052788488303e-7  -0.00024417818547156086
2.8859999999999997  3.0242778056269355e-7  -0.0002442231737516073
2.8884  3.0195054306577686e-7  -0.0002442679154438739
2.8907999999999996  3.014735664988097e-7  -0.00024431241179248266
2.8931999999999998  3.0099685064842105e-7  -0.00024435666316660436
2.8956  3.0052039582512645e-7  -0.0002444006695683171
2.8979999999999997  3.00044202754474e-7  -0.00024444443104731353
2.9004  2.995682722127524e-7  -0.0002444879478037192
2.9027999999999996  2.9909260485178404e-7  -0.0002445312201121987
2.9052  2.986172012505329e-7  -0.00024457424822546146
2.9076  2.9814206199360073e-7  -0.0002446170323646848
2.9099999999999997  2.976671877215342e-7  -0.00024465957273008465
2.9124  2.9719257908637255e-7  -0.0002447018695401278
2.9147999999999996  2.9671823673126443e-7  -0.0002447439230234905
2.9172  2.962441612896008e-7  -0.00024478573340875877
2.9195999999999995  2.957703533843642e-7  -0.0002448273009246089
2.9219999999999997  2.952968136359351e-7  -0.0002448686257982715
2.9244  2.9482354265667095e-7  -0.00024490970825815197
2.9267999999999996  2.943505410578449e-7  -0.0002449505485310292
2.9292  2.938778094498627e-7  -0.00024499114684368214
2.9315999999999995  2.934053484426966e-7  -0.0002450315034230705
2.9339999999999997  2.9293315864631873e-7  -0.0002450716184963345
2.9364  2.924612406691833e-7  -0.00024511149229115674
2.9387999999999996  2.919895951193109e-7  -0.00024515112503612315
2.9412  2.915182226029874e-7  -0.00024519051695972926
2.9435999999999996  2.9104712372433027e-7  -0.00024522966829137425
2.9459999999999997  2.905762990863727e-7  -0.00024526857926108965
2.9484  2.901057492873775e-7  -0.00024530725009926844
2.9507999999999996  2.89635474923439e-7  -0.0002453456810368457
2.9532  2.8916547658848317e-7  -0.0002453838723044854
2.9555999999999996  2.886957548751349e-7  -0.0002454218241327612
2.9579999999999997  2.882263103803559e-7  -0.0002454595367509819
2.9604  2.8775714370414367e-7  -0.0002454970103884562
2.9627999999999997  2.8728825544996513e-7  -0.0002455342452749447
2.9652  2.868196462191188e-7  -0.0002455712416430087
2.9675999999999996  2.863513165998928e-7  -0.0002456079997299981
2.9699999999999998  2.8588326716474585e-7  -0.00024564451977506993
2.9724  2.854154984705242e-7  -0.00024568080201711
2.9747999999999997  2.849480110747246e-7  -0.0002457168466888604
2.9772  2.844808055463364e-7  -0.000245752654018636
2.9795999999999996  2.8401388246107086e-7  -0.00024578822423719114
2.9819999999999998  2.835472423935552e-7  -0.00024582355757916534
2.9844  2.830808858848063e-7  -0.00024585865429284083
2.9867999999999997  2.8261481342466664e-7  -0.00024589351463372795
2.9892  2.8214902550948405e-7  -0.0002459281388344784
2.9915999999999996  2.816835228459415e-7  -0.0002459625270420015
2.9939999999999998  2.8121830674809195e-7  -0.000245996679239673
2.9964  2.8075337871907337e-7  -0.00024603059558370817
2.9987999999999997  2.802887391114683e-7  -0.00024606427679040336
3.0012  2.7982438538954463e-7  -0.0002460977242989466
3.0035999999999996  2.793603124998361e-7  -0.0002461309393961051
3.006  2.788965389080404e-7  -0.00024616392124144157
3.0083999999999995  2.784330507970851e-7  -0.0002461966679267601
3.0107999999999997  2.7796984941651313e-7  -0.00024622917867306147
3.0132  2.775069390264801e-7  -0.000246261454069203
3.0155999999999996  2.770443207972739e-7  -0.0002462934956407023
3.018  2.7658199432773964e-7  -0.00024632530428175505
3.0203999999999995  2.7611995962752676e-7  -0.0002463568800594012
3.0227999999999997  2.75658218279462e-7  -0.00024638822255762326
3.0252  2.7519677234960106e-7  -0.00024641933181513635
3.0275999999999996  2.7473562190950124e-7  -0.00024645020890204795
3.03  2.74274762548086e-7  -0.0002464808559269054
3.0323999999999995  2.73814187236039e-7  -0.0002465112744493788
3.0347999999999997  2.733539248715765e-7  -0.0002465414627927494
3.0372  2.7289394819579593e-7  -0.00024657141795603595
3.0395999999999996  2.7243426502536125e-7  -0.0002466011389176941
3.042  2.7197488069086086e-7  -0.00024663062695545626
3.0443999999999996  2.715157967979982e-7  -0.00024665988386336063
3.0467999999999997  2.710570139295319e-7  -0.0002466889103098179
3.0492  2.705985313041859e-7  -0.00024671770710572096
3.0515999999999996  2.701403432973362e-7  -0.00024674627651140546
3.054  2.6968244374193234e-7  -0.0002467746200742086
3.0563999999999996  2.69224862459172e-7  -0.00024680273561773005
3.0587999999999997  2.6876757082015465e-7  -0.0002468306194349922
3.0612  2.683105785345613e-7  -0.0002468582704393535
3.0635999999999997  2.678538923448284e-7  -0.00024688569011124676
3.066  2.673975128321968e-7  -0.0002469128812624148
3.0683999999999996  2.6694143538804824e-7  -0.00024693984630005754
3.0707999999999998  2.664856509612462e-7  -0.00024696658732038947
3.0732  2.660301759424338e-7  -0.00024699310369565757
3.0755999999999997  2.6557500823606514e-7  -0.00024701939142090937
3.078  2.651201400999609e-7  -0.0002470454478343382
3.0803999999999996  2.646655804221937e-7  -0.00024707127373075455
3.0827999999999998  2.642113313341965e-7  -0.0002470968721714485
3.0852  2.637573861336484e-7  -0.0002471222470843037
3.0875999999999997  2.6330373326143627e-7  -0.00024714740073941374
3.09  2.628504101278477e-7  -0.0002471723307233446
3.0923999999999996  2.623973844720134e-7  -0.00024719703127848566
3.0947999999999998  2.619446675619381e-7  -0.0002472215013188279
3.0971999999999995  2.6149226449011936e-7  -0.00024724574414590245
3.0995999999999997  2.610401694756997e-7  -0.000247269764538511
3.102  2.6058837126943096e-7  -0.00024729356549582784
3.1043999999999996  2.601369076872008e-7  -0.0002473171443444815
3.1068  2.5968574426178843e-7  -0.0002473404949160844
3.1091999999999995  2.592348925780025e-7  -0.00024736361680519005
3.1115999999999997  2.587843550340982e-7  -0.00024738651408957326
3.114  2.583341229871411e-7  -0.00024740919161864443
3.1163999999999996  2.5788421270840373e-7  -0.0002474316501778629
3.1188  2.5743462159807766e-7  -0.00024745388450717656
3.1211999999999995  2.569853399259905e-7  -0.00024747589170476356
3.1235999999999997  2.5653637258601404e-7  -0.0002474976745008708
3.126  2.5608771440455234e-7  -0.0002475192373410434
3.1283999999999996  2.556393787080764e-7  -0.0002475405822599675
3.1308  2.55191368665926e-7  -0.0002475617049611757
3.1331999999999995  2.547436693074376e-7  -0.00024758260217986423
3.1355999999999997  2.542962846787452e-7  -0.00024760327659947867
3.138  2.5384920905612875e-7  -0.0002476237325436366
3.1403999999999996  2.534024682943406e-7  -0.00024764397128230006
3.1428  2.5295604677208743e-7  -0.0002476639876458125
3.1451999999999996  2.525099391184485e-7  -0.00024768378029866266
3.1475999999999997  2.5206414588409016e-7  -0.00024770335286452525
3.15  2.5161866894544103e-7  -0.0002477227090648339
3.1523999999999996  2.5117353382494555e-7  -0.0002477418472299173
3.1548  2.507287099897358e-7  -0.00024776076282171164
3.1571999999999996  2.502842013846814e-7  -0.0002477794579194457
3.1595999999999997  2.498400032420033e-7  -0.00024779793640754483
3.162  2.493961529512808e-7  -0.00024781619923942925
3.1643999999999997  2.4895261701608773e-7  -0.0002478342411880248
3.1668  2.48509396626336e-7  -0.00024785206303056895
3.1691999999999996  2.4806648863957403e-7  -0.0002478696685979093
3.1715999999999998  2.47623925884251e-7  -0.0002478870594301099
3.174  2.471816828828084e-7  -0.00024790423092753335
3.1763999999999997  2.467397553543825e-7  -0.0002479211836974685
3.1788  2.4629813993458545e-7  -0.0002479379212999834
3.1811999999999996  2.4585687381025075e-7  -0.00024795444464264566
3.1835999999999998  2.4541592538208923e-7  -0.00024797074943793264
3.1859999999999995  2.4497529292795417e-7  -0.0002479868369315023
3.1883999999999997  2.4453497795304344e-7  -0.00024800271041255294
3.1908  2.440950132794094e-7  -0.00024801837003224044
3.1931999999999996  2.43655361991486e-7  -0.00024803381237252704
3.1955999999999998  2.4321602562439506e-7  -0.00024804903928595293
3.1979999999999995  2.4277702340711263e-7  -0.0002480640526178754
3.2003999999999997  2.423383594097337e-7  -0.00024807885106232765
3.2028  2.4190001183990294e-7  -0.00024809343415373527
3.2051999999999996  2.414619778460603e-7  -0.00024810780466995975
3.2076  2.410242971289788e-7  -0.0002481219628287902
3.2099999999999995  2.4058693421996017e-7  -0.0002481359055828957
3.2123999999999997  2.401498879686659e-7  -0.0002481496346683098
3.2148  2.39713180052851e-7  -0.0002481631516631339
3.2171999999999996  2.3927680920584216e-7  -0.0002481764555465918
3.2196  2.388407561111682e-7  -0.00024818954631502415
3.2219999999999995  2.3840502803732042e-7  -0.00024820242581315583
3.2243999999999997  2.3796965039170944e-7  -0.0002482150934504129
3.2268  2.3753459180110223e-7  -0.0002482275481066338
3.2291999999999996  2.370998508701306e-7  -0.0002482397921513876
3.2316  2.3666546715352555e-7  -0.0002482518259005385
3.2339999999999995  2.3623140381302463e-7  -0.0002482636471106011
3.2363999999999997  2.3579766059308137e-7  -0.0002482752576311792
3.2388  2.3536427048965417e-7  -0.00024828665846452733
3.2411999999999996  2.3493120814986786e-7  -0.00024829784807442137
3.2436  2.344984668363817e-7  -0.00024830882802224797
3.2459999999999996  2.3406607653703518e-7  -0.00024831959879549154
3.2483999999999997  2.3363401771992615e-7  -0.00024833015919177185
3.2508  2.332022811455921e-7  -0.00024834051074528016
3.2531999999999996  2.3277089642099232e-7  -0.0002483506537248083
3.2556  2.3233984419821375e-7  -0.00024836058709530454
3.2579999999999996  2.3190911583594823e-7  -0.00024837031240049207
3.2603999999999997  2.3147874285347082e-7  -0.0002483798297577358
3.2628  2.3104870126497683e-7  -0.00024838913825910676
3.2651999999999997  2.3061898474067716e-7  -0.0002483982398057535
3.2676  2.3018962719333156e-7  -0.0002484071346115348
3.2699999999999996  2.297605965857416e-7  -0.00024841582111312155
3.2723999999999998  2.293318999903749e-7  -0.0002484243006347763
3.2748  2.2890355781625318e-7  -0.00024843257391262726
3.2771999999999997  2.2847554363486424e-7  -0.00024844064043750587
3.2796  2.2804787265301094e-7  -0.0002484485007540882
3.2819999999999996  2.2762054923373964e-7  -0.00024845615498642515
3.2843999999999998  2.2719355484901102e-7  -0.0002484636040157471
3.2867999999999995  2.2676691336786115e-7  -0.0002484708474896433
3.2891999999999997  2.263406112684458e-7  -0.0002484778852473806
3.2916  2.259146424990737e-7  -0.0002484847189099769
3.2939999999999996  2.2548902979730757e-7  -0.00024849134834777965
3.2963999999999998  2.2506374920227938e-7  -0.0002484977726274263
3.2987999999999995  2.2463881667355353e-7  -0.0002485039921596037
3.3011999999999997  2.2421423264632877e-7  -0.0002485100077251631
3.3036  2.237899809807379e-7  -0.0002485158210624421
3.3059999999999996  2.2336608538578873e-7  -0.0002485214313302805
3.3084  2.2294252637457355e-7  -0.00024852683739604844
3.3107999999999995  2.2251931527125877e-7  -0.0002485320398930103
3.3131999999999997  2.220964555172105e-7  -0.00024853703980968746
3.3156  2.2167393078683772e-7  -0.0002485418389495147
3.3179999999999996  2.212517615782835e-7  -0.00024854643629270947
3.3204  2.208299307216886e-7  -0.000248550830915893
3.3227999999999995  2.2040845067258438e-7  -0.0002485550230613392
3.3251999999999997  2.1998732127267735e-7  -0.0002485590136731624
3.3276  2.1956653329638278e-7  -0.00024856280443783906
3.3299999999999996  2.1914609995470416e-7  -0.0002485663946760261
3.3324  2.1872600587723254e-7  -0.0002485697845074827
3.3347999999999995  2.183062654139258e-7  -0.00024857297340555773
3.3371999999999997  2.178868717938329e-7  -0.0002485759618009052
3.3396  2.1746782839803837e-7  -0.0002485787503301326
3.3419999999999996  2.1704913748482688e-7  -0.00024858133929257006
3.3444  2.1663079153623217e-7  -0.000248583729903563
3.3467999999999996  2.162128000217844e-7  -0.0002485859213525348
3.3491999999999997  2.1579515306136606e-7  -0.0002485879142204823
3.3516  2.1537786182637946e-7  -0.0002485897077093423
3.3539999999999996  2.1496092092335248e-7  -0.0002485913024829629
3.3564  2.1454433488782808e-7  -0.00024859269923103197
3.3587999999999996  2.141280982972775e-7  -0.00024859389982036516
3.3611999999999997  2.1371220463748883e-7  -0.0002485949059159355
3.3636  2.1329665463856382e-7  -0.0002485957149499457
3.3659999999999997  2.12881455564657e-7  -0.00024859632350390635
3.3684  2.124666230159198e-7  -0.00024859672969342885
3.3707999999999996  2.1205216285680173e-7  -0.000248596936452545
3.3731999999999998  2.116380672490632e-7  -0.0002485967802963065
3.3755999999999995  2.1122430979444128e-7  -0.0002485964164775404
3.3779999999999997  2.108108843333666e-7  -0.00024859585308570505
3.3804  2.1039780253911868e-7  -0.0002485950886843229
3.3827999999999996  2.099850766567853e-7  -0.00024859412779632396
3.3851999999999998  2.0957271324405485e-7  -0.00024859297207028284
3.3875999999999995  2.0916071023107698e-7  -0.0002485916232108364
3.3899999999999997  2.0874906781344175e-7  -0.00024859008132812146
3.3924  2.0833778053435965e-7  -0.0002485883465882469
3.3947999999999996  2.0792684928233433e-7  -0.0002485864182118521
3.3971999999999998  2.0751627123399494e-7  -0.00024858429638645877
3.3995999999999995  2.0710604999615682e-7  -0.0002485819809661514
3.4019999999999997  2.0669618373413308e-7  -0.00024857947263334486
3.4044  2.0628667627916892e-7  -0.0002485767714613584
3.4067999999999996  2.0587752471996467e-7  -0.00024857387814905063
3.4092  2.0546873303467494e-7  -0.000248570792611131
3.4115999999999995  2.0506029695739787e-7  -0.00024856751552396097
3.4139999999999997  2.0465222180462723e-7  -0.0002485640466405231
3.4164  2.0424450150591505e-7  -0.0002485603867203914
3.4187999999999996  2.038371439351712e-7  -0.0002485565353317823
3.4212  2.0343014029810657e-7  -0.00024855249341487984
3.4235999999999995  2.0302350233500441e-7  -0.00024854826045396516
3.4259999999999997  2.026172168630505e-7  -0.00024854383779679195
3.4284  2.022113002813448e-7  -0.0002485392246921888
3.4307999999999996  2.0180573290446216e-7  -0.0002485344223778628
3.4332  2.01400536635238e-7  -0.0002485294300559315
3.4355999999999995  2.0099568915840638e-7  -0.00024852424871170886
3.4379999999999997  2.0059121261164093e-7  -0.00024851887801984377
3.4404  2.0018708898016362e-7  -0.0002485133188230325
3.4427999999999996  1.9978333305856362e-7  -0.0002485075711048312
3.4452  1.9937993471193585e-7  -0.000248501635088179
3.4475999999999996  1.9897689949779224e-7  -0.00024849551108844327
3.4499999999999997  1.9857422862957184e-7  -0.000248489199003212
3.4524  1.981719155026403e-7  -0.00024848269997130397
3.4547999999999996  1.9776997452474344e-7  -0.0002484760134826926
3.4572  1.9736838276034323e-7  -0.00024846914067673867
3.4595999999999996  1.9696716777972516e-7  -0.00024846208079463625
3.4619999999999997  1.9656630042045285e-7  -0.0002484548343411267
3.4643999999999995  1.961658074983155e-7  -0.00024844740129542934
3.4667999999999997  1.9576567397315212e-7  -0.00024843978209858873
3.4692  1.953659061240112e-7  -0.00024843197766097314
3.4715999999999996  1.9496650969608002e-7  -0.0002484239877849417
3.4739999999999998  1.9456746562984337e-7  -0.0002484158136600899
3.4763999999999995  1.9416880111308016e-7  -0.00024840745426640956
3.4787999999999997  1.937704820069745e-7  -0.000248398909635749
3.4812  1.9337254088735642e-7  -0.00024839017997424213
3.4835999999999996  1.9297496413426141e-7  -0.0002483812660895745
3.4859999999999998  1.925777512395239e-7  -0.000248372169738515
3.4883999999999995  1.921809180440966e-7  -0.00024836288980216686
3.4907999999999997  1.9178442684127106e-7  -0.0002483534260552873
3.4932  1.9138831941110327e-7  -0.00024834377828311373
3.4955999999999996  1.9099257230978123e-7  -0.00024833394740663084
3.4979999999999998  1.9059719417080685e-7  -0.0002483239352381277
3.5003999999999995  1.902021969765657e-7  -0.0002483137408216091
3.5027999999999997  1.898075423229905e-7  -0.00024830336390174534
3.5052  1.894132736012617e-7  -0.0002482928043932007
3.5075999999999996  1.890193680343516e-7  -0.00024828206302230033
3.51  1.886258293567946e-7  -0.0002482711415740024
3.5123999999999995  1.8823267730822598e-7  -0.00024826003901872134
3.5147999999999997  1.8783986645276845e-7  -0.00024824875509715224
3.5172  1.874474411179194e-7  -0.0002482372906323852
3.5195999999999996  1.870553897133408e-7  -0.00024822564574951
3.522  1.866636927662195e-7  -0.00024821382112859253
3.5243999999999995  1.862723847536425e-7  -0.0002482018165557287
3.5267999999999997  1.858814350099271e-7  -0.0002481896321237533
3.5292  1.854908561555119e-7  -0.0002481772691843503
3.5315999999999996  1.8510066650745047e-7  -0.00024816472696136637
3.534  1.847108208795573e-7  -0.00024815200540777424
3.5363999999999995  1.8432136043822992e-7  -0.00024813910602858216
3.5387999999999997  1.8393228551859524e-7  -0.00024812602829519625
3.5412  1.8354355274703693e-7  -0.0002481127722521593
3.5435999999999996  1.831552115205649e-7  -0.0002480993388916969
3.546  1.827672480667758e-7  -0.00024808572790783817
3.5483999999999996  1.8237963485278914e-7  -0.0002480719396632036
3.5507999999999997  1.8199241328038275e-7  -0.00024805797489911634
3.5531999999999995  1.8160556402701394e-7  -0.000248043833177604
3.5555999999999996  1.8121906961545212e-7  -0.00024802951498045886
3.558  1.808329669824053e-7  -0.0002480150210528892
3.5603999999999996  1.8044723475748974e-7  -0.00024800035089309015
3.5627999999999997  1.8006185856819616e-7  -0.00024798550500824246
3.5651999999999995  1.7967687430389331e-7  -0.00024797048429954396
3.5675999999999997  1.7929226216704952e-7  -0.00024795528814610827
3.57  1.7890800307841705e-7  -0.0002479399169041409
3.5723999999999996  1.78524135913149e-7  -0.00024792437169841137
3.5747999999999998  1.7814064689342102e-7  -0.00024790865169647817
3.5771999999999995  1.7775750404426787e-7  -0.0002478927570918714
3.5795999999999997  1.773747537794088e-7  -0.00024787668970085563
3.582  1.7699239233937274e-7  -0.00024786044869243507
3.5843999999999996  1.7661036420791275e-7  -0.0002478440335446567
3.5867999999999998  1.7622872800621397e-7  -0.0002478274457321258
3.5891999999999995  1.7584748294248356e-7  -0.00024781068551238557
3.5915999999999997  1.75466583965736e-7  -0.0002477937521726183
3.594  1.7508606130753942e-7  -0.00024777664653988956
3.5963999999999996  1.7470592985420648e-7  -0.00024775936957145944
3.5987999999999998  1.7432616547584205e-7  -0.000247741920212083
3.6011999999999995  1.7394675498323513e-7  -0.0002477242986802271
3.6035999999999997  1.7356773660871534e-7  -0.0002477065069242029
3.606  1.7318910790415417e-7  -0.0002476885443278674
3.6083999999999996  1.728108140293047e-7  -0.0002476704098435651
3.6108  1.72432906261075e-7  -0.0002476521045914575
3.6131999999999995  1.7205539057168432e-7  -0.000247633630118927
3.6155999999999997  1.7167824466776758e-7  -0.0002476149853604288
3.618  1.7130144876209303e-7  -0.0002475961699978398
3.6203999999999996  1.7092504467884368e-7  -0.0002475771856866464
3.6228  1.7054903111459168e-7  -0.00024755803269649876
3.6251999999999995  1.7017336886935696e-7  -0.0002475387097550856
3.6275999999999997  1.6979807564306525e-7  -0.0002475192172766173
3.63  1.6942317528328543e-7  -0.00024749955747173694
3.6323999999999996  1.690486649960285e-7  -0.00024747972991335924
3.6348  1.6867449588160808e-7  -0.00024745973312190965
3.6371999999999995  1.68300706201302e-7  -0.0002474395677195394
3.6395999999999997  1.679273100438838e-7  -0.00024741923616503845
3.6419999999999995  1.6755430419989822e-7  -0.0002473987379969432
3.6443999999999996  1.6718163866745895e-7  -0.00024737807162725884
3.6468  1.668093535435065e-7  -0.0002473572374721835
3.6491999999999996  1.664374622629321e-7  -0.0002473362379823303
3.6515999999999997  1.660659620576592e-7  -0.00024731507328044
3.6539999999999995  1.656948112860844e-7  -0.00024729374169358865
3.6563999999999997  1.65324031265574e-7  -0.00024727224297119
3.6588  1.649536450408452e-7  -0.0002472505792662888
3.6611999999999996  1.6458365140171148e-7  -0.000247228751937526
3.6635999999999997  1.6421402768119174e-7  -0.0002472067594339504
3.6659999999999995  1.6384475359527279e-7  -0.00024718460054505017
3.6683999999999997  1.6347587237488994e-7  -0.00024716227655452076
3.6708  1.631073854991118e-7  -0.00024713979001859466
3.6731999999999996  1.6273928891150438e-7  -0.0002471171406030665
3.6755999999999998  1.6237153635284725e-7  -0.00024709432644012705
3.6779999999999995  1.620041600548447e-7  -0.00024707134699178613
3.6803999999999997  1.6163717795432062e-7  -0.0002470482043413382
3.6828  1.6127058997473034e-7  -0.00024702490083743626
3.6851999999999996  1.6090439099896488e-7  -0.00024700143545578027
3.6875999999999998  1.6053852611782205e-7  -0.0002469778063509226
3.6899999999999995  1.6017304790957778e-7  -0.00024695401319674434
3.6923999999999997  1.5980796386845433e-7  -0.0002469300580989015
3.6948  1.5944327390001768e-7  -0.00024690594327413595
3.6971999999999996  1.590789731860734e-7  -0.0002468816681187728
3.6995999999999998  1.5871501428540383e-7  -0.0002468572309685166
3.7019999999999995  1.5835143395246266e-7  -0.00024683263113372444
3.7043999999999997  1.5798824598274672e-7  -0.0002468078699085723
3.7068  1.576254519548544e-7  -0.00024678294936036264
3.7091999999999996  1.5726304908281977e-7  -0.00024675787029908487
3.7116  1.5690101602564097e-7  -0.00024673263151165227
3.7139999999999995  1.565393342292578e-7  -0.0002467072318635376
3.7163999999999997  1.561780415926077e-7  -0.00024668167141242946
3.7188  1.5581714128741573e-7  -0.00024665595152505507
3.7211999999999996  1.554566338007055e-7  -0.00024663007381872784
3.7236  1.5509651633566907e-7  -0.00024660403877686636
3.7259999999999995  1.54736766976569e-7  -0.00024657784543669916
3.7283999999999997  1.5437737259642748e-7  -0.0002465514930555929
3.7308  1.540183665048626e-7  -0.00024652498171960613
3.7331999999999996  1.5365975103507745e-7  -0.0002464983122673241
3.7356  1.5330152710484914e-7  -0.0002464714858117706
3.7379999999999995  1.5294369355603292e-7  -0.00024644450329145817
3.7403999999999997  1.5258624757631678e-7  -0.00024641736426823366
3.7427999999999995  1.5222915013778354e-7  -0.0002463900681982341
3.7451999999999996  1.5187243125223352e-7  -0.00024636261511759957
3.7476  1.5151610101337212e-7  -0.000246335005642699
3.7499999999999996  1.5116015980077852e-7  -0.00024630724023540256
3.7523999999999997  1.5080460748261373e-7  -0.00024627931922517214
3.7547999999999995  1.50449443733075e-7  -0.00024625124309931147
3.7571999999999997  1.5009466765379242e-7  -0.0002462230119938427
3.7596  1.4974026086385286e-7  -0.00024619462564381397
3.7619999999999996  1.493862170651259e-7  -0.0002461660843038773
3.7643999999999997  1.490325618580101e-7  -0.00024613738871720795
3.7667999999999995  1.486792946593131e-7  -0.00024610853952949365
3.7691999999999997  1.483264139316362e-7  -0.0002460795367129517
3.7716  1.4797391880035354e-7  -0.0002460503799340543
3.7739999999999996  1.4762180978740002e-7  -0.0002460210692533362
3.7763999999999998  1.4727008786671446e-7  -0.0002459916052008367
3.7787999999999995  1.4691875333417564e-7  -0.0002459619878779738
3.7811999999999997  1.465677786897544e-7  -0.0002459322174887131
3.7836  1.462171842667951e-7  -0.00024590229461879485
3.7859999999999996  1.4586697907057258e-7  -0.00024587222017271465
3.7883999999999998  1.4551716148595087e-7  -0.0002458419947656217
3.7907999999999995  1.4516772901742182e-7  -0.0002458116184433688
3.7931999999999997  1.4481867965411566e-7  -0.00024578109084021836
3.7956  1.4447001285848495e-7  -0.0002457504115141321
3.7979999999999996  1.4412172974877582e-7  -0.00024571958032777784
3.8004  1.437738323693599e-7  -0.0002456885977025035
3.8027999999999995  1.4342632234751618e-7  -0.00024565746438595697
3.8051999999999997  1.4307920011139615e-7  -0.00024562618065903687
3.8076  1.4273244177494173e-7  -0.0002455947468382399
3.8099999999999996  1.4238606734959768e-7  -0.0002455631634095146
3.8124  1.4204008149960173e-7  -0.00024553143102916457
3.8147999999999995  1.416944828698096e-7  -0.00024549955012554005
3.8171999999999997  1.4134926967378138e-7  -0.0002454675207989298
3.8196  1.4100444047765968e-7  -0.0002454353429937683
3.8219999999999996  1.4065999457443627e-7  -0.00024540301669523834
3.8244  1.4031593188810858e-7  -0.00024537054202070465
3.8267999999999995  1.399722526547074e-7  -0.00024533791920991146
3.8291999999999997  1.3962895712836976e-7  -0.00024530514856363456
3.8315999999999995  1.3928604543573045e-7  -0.0002452722303713107
3.8339999999999996  1.389435176021598e-7  -0.0002452391648552918
3.8364  1.3860137371265926e-7  -0.0002452059521545363
3.8387999999999995  1.3825961411265564e-7  -0.00024517259237963286
3.8411999999999997  1.3791823947533009e-7  -0.0002451390857348633
3.8435999999999995  1.3757725057664608e-7  -0.00024510543259414173
3.8459999999999996  1.3723664788833998e-7  -0.0002450716333678388
3.8484  1.3689642889929115e-7  -0.00024503768830211347
3.8507999999999996  1.3655658497849135e-7  -0.00024500359774621444
3.8531999999999997  1.362171281441048e-7  -0.00024496936209357154
3.8555999999999995  1.3587805789360384e-7  -0.00024493498174262907
3.8579999999999997  1.3553937336222878e-7  -0.00024490045694072066
3.8604  1.352010736816421e-7  -0.00024486578780878005
3.8627999999999996  1.3486315828675766e-7  -0.0002448309744399582
3.8651999999999997  1.3452562698079273e-7  -0.0002447960169733041
3.8675999999999995  1.3418847982381212e-7  -0.00024476091561400303
3.8699999999999997  1.3385171697671144e-7  -0.0002447256706152613
3.8724  1.3351533858336432e-7  -0.0002446902822488523
3.8747999999999996  1.3317934472519433e-7  -0.0002446547507835678
3.8771999999999998  1.3284373543255915e-7  -0.00024461907647699624
3.8795999999999995  1.3250851070708506e-7  -0.00024458325957570315
3.8819999999999997  1.3217367054909734e-7  -0.0002445473003218271
3.8844  1.3183921496857064e-7  -0.0002445111989574162
3.8867999999999996  1.315051439861048e-7  -0.000244474955727229
3.8891999999999998  1.311714576236007e-7  -0.00024443857087927694
3.8915999999999995  1.3083815589938139e-7  -0.0002444020446646882
3.8939999999999997  1.3050523881875942e-7  -0.0002443653773396959
3.8964  1.301727063602676e-7  -0.00024432856916572836
3.8987999999999996  1.2984055846731058e-7  -0.00024429162040678876
3.9012  1.295087950376481e-7  -0.00024425453131359887
3.9035999999999995  1.2917741595613787e-7  -0.00024421730209166014
3.9059999999999997  1.2884642120478216e-7  -0.0002441799328707155
3.9084  1.2851581104151265e-7  -0.0002441424237211928
3.9107999999999996  1.2818558614569042e-7  -0.00024410477475291287
3.9132  1.2785574752106985e-7  -0.00024406698623462216
3.9155999999999995  1.2752629611470154e-7  -0.00024402905855473616
3.9179999999999997  1.2719723232437925e-7  -0.00024399099197165637
3.9203999999999994  1.2686854012602857e-7  -0.00024395278691039006
3.9227999999999996  1.2654023519656239e-7  -0.00024391444379937778
3.9252  1.2621231722112838e-7  -0.00024387596307153244
3.9275999999999995  1.258847854329788e-7  -0.0002438373450115926
3.9299999999999997  1.2555763897071498e-7  -0.0002437985897664225
3.9323999999999995  1.252308772054997e-7  -0.00024375969744096386
3.9347999999999996  1.2490449984448992e-7  -0.0002437206681783766
3.9372  1.2457850683792078e-7  -0.00024368150219328748
3.9395999999999995  1.2425289820671738e-7  -0.00024364219976081287
3.9419999999999997  1.2392767389840433e-7  -0.00024360276117662373
3.9443999999999995  1.2360283373679878e-7  -0.00024356318669166766
3.9467999999999996  1.2327837752934643e-7  -0.00024352347643410643
3.9492  1.2295430536018136e-7  -0.00024348363036829685
3.9515999999999996  1.2263061798683562e-7  -0.00024344364837158858
3.9539999999999997  1.2230731704450295e-7  -0.00024340353045355874
3.9563999999999995  1.2198440472999377e-7  -0.00024336327694145566
3.9587999999999997  1.2166188304105902e-7  -0.0002433228883352321
3.9612  1.2133974361253682e-7  -0.00024328236510800675
3.9635999999999996  1.210179669750835e-7  -0.00024324170805210555
3.9659999999999997  1.2069658119891018e-7  -0.00024320091788847777
3.9683999999999995  1.2037558463776424e-7  -0.00024315999518809134
3.9707999999999997  1.200549748585876e-7  -0.000243118940120895
3.9732  1.1973474960450502e-7  -0.0002430777524714487
3.9755999999999996  1.194149077182391e-7  -0.00024303643178389065
3.9779999999999998  1.1909544971955635e-7  -0.00024299497758474068
3.9803999999999995  1.1877637784700901e-7  -0.00024295338969162697
3.9827999999999997  1.1845769535981723e-7  -0.0002429116684420526
3.9852  1.1813940528875976e-7  -0.0002428698145071388
3.9875999999999996  1.1782149829235068e-7  -0.00024282782856419556
3.9899999999999998  1.1750394302728097e-7  -0.00024278571170307207
3.9923999999999995  1.1718678044137301e-7  -0.0002427434647154617
3.9947999999999997  1.1687000812791483e-7  -0.0002427010879539561
3.9972  1.1655362341499859e-7  -0.0002426585810707974
3.9995999999999996  1.1623762504614239e-7  -0.00024261594332597238
4.002  1.1592201412116091e-7  -0.00024257317420818946
4.0043999999999995  1.1560679354799281e-7  -0.0002425302738503989
4.006799999999999  1.1529196649435157e-7  -0.0002424872427989934
4.0092  1.1497750597184303e-7  -0.0002424440819661032
4.0116  1.146634034698054e-7  -0.00024240079248173807
4.013999999999999  1.1434969471497709e-7  -0.00024235737492422945
4.0164  1.1403637758134605e-7  -0.00024231382919107512
4.0188  1.137234507663518e-7  -0.0002422701546800911
4.021199999999999  1.1341091499131404e-7  -0.000242226350989716
4.0236  1.1309877252004691e-7  -0.00024218241829315114
4.026  1.1278702577780225e-7  -0.00024213835686659701
4.0283999999999995  1.1247560366748049e-7  -0.00024209416787683585
4.030799999999999  1.1216457265251795e-7  -0.00024204985203939592
4.0332  1.1185393697886719e-7  -0.00024200540958503155
4.0356  1.1154369563453389e-7  -0.00024196084025235974
4.037999999999999  1.1123384881239762e-7  -0.00024191614380064235
4.0404  1.109243978591459e-7  -0.00024187132023877894
4.0428  1.1061532169593692e-7  -0.00024182636982643589
4.0451999999999995  1.1030657830961126e-7  -0.00024178129346666326
4.0476  1.0999823291612219e-7  -0.00024173609157349078
4.05  1.0969028534655104e-7  -0.00024169076428574146
4.0524  1.0938273567494879e-7  -0.00024164531159582596
4.054799999999999  1.090755845675577e-7  -0.00024159973348964958
4.0572  1.0876881456308492e-7  -0.00024155402994326954
4.0596  1.0846236549600773e-7  -0.00024150820172235847
4.061999999999999  1.0815631685395788e-7  -0.000241462249175397
4.0644  1.0785066900437148e-7  -0.00024141617258987942
4.0668  1.0754542219845818e-7  -0.0002413699721072489
4.0691999999999995  1.0724057691923004e-7  -0.00024132364755299413
4.071599999999999  1.0693607139394302e-7  -0.00024127719922563206
4.074  1.0663192378146565e-7  -0.00024123062760058534
4.0764  1.0632817923697524e-7  -0.00024118393298359903
4.078799999999999  1.0602483834973569e-7  -0.00024113711564247101
4.0812  1.0572190163701985e-7  -0.00024109017554968968
4.0836  1.054193293489403e-7  -0.00024104311272246675
4.085999999999999  1.0511708685553758e-7  -0.00024099592775616473
4.0884  1.0481525011807585e-7  -0.0002409486209586067
4.0908  1.0451381978089647e-7  -0.0002409011926432174
4.0931999999999995  1.0421279630738745e-7  -0.0002408536427322957
4.095599999999999  1.03912128233399e-7  -0.00024080597127747676
4.098  1.0361179573776386e-7  -0.0002407581788127301
4.1004  1.033118718043102e-7  -0.00024071026564077404
4.102799999999999  1.0301235721518146e-7  -0.00024066223203464678
4.1052  1.0271325266611019e-7  -0.00024061407774028366
4.1076  1.0241446001782624e-7  -0.00024056580329761735
4.109999999999999  1.0211604458050007e-7  -0.0002405174091219876
4.1124  1.0181804072713525e-7  -0.00024046889551823596
4.1148  1.0152044899733922e-7  -0.00024042026246467836
4.1171999999999995  1.0122322916016405e-7  -0.00024037150984462756
4.119599999999999  1.0092632309077233e-7  -0.00024032263831619426
4.122  1.0062983106832405e-7  -0.00024027364812879013
4.1244  1.0033375403943612e-7  -0.00024022453945489372
4.126799999999999  1.0003808871463914e-7  -0.0002401753119154408
4.1292  9.974269631388664e-8  -0.00024012596651557712
4.1316  9.944772103097181e-8  -0.00024007650352888304
4.1339999999999995  9.91531634903951e-8  -0.00024002692312133188
4.1364  9.885902447982937e-8  -0.00023997722481948865
4.1388  9.856515923714268e-8  -0.0002399274095065264
4.1411999999999995  9.827170335439343e-8  -0.0002398774774131091
4.143599999999999  9.797866803811211e-8  -0.00023982742864092591
4.146  9.768605453860067e-8  -0.00023977726274595086
4.1484  9.739370253520913e-8  -0.00023972698087183653
4.150799999999999  9.710177166987691e-8  -0.00023967658323406814
4.1532  9.681026456583117e-8  -0.00023962606980526953
4.1556  9.651915234643125e-8  -0.0002395754403737051
4.1579999999999995  9.622832507336001e-8  -0.00023952469595210998
4.160399999999999  9.593792349904453e-8  -0.00023947383665107283
4.1628  9.564794846309097e-8  -0.0002394228621999497
4.1652  9.535831522046283e-8  -0.00023937177283572903
4.167599999999999  9.506901866988045e-8  -0.00023932056918422144
4.17  9.478015140448621e-8  -0.00023926925124127078
4.1724  9.44917150793147e-8  -0.00023921781865157498
4.174799999999999  9.420354428316992e-8  -0.00023916627268690316
4.1772  9.391578774896586e-8  -0.0002391146136083222
4.1796  9.362846381771699e-8  -0.0002390628411057051
4.1819999999999995  9.334149284317278e-8  -0.0002390109552674143
4.184399999999999  9.305484533275732e-8  -0.00023895895673109625
4.1868  9.276863301957601e-8  -0.0002389068453217878
4.1892  9.248285132688622e-8  -0.00023885462064059291
4.191599999999999  9.219731698538111e-8  -0.00023880228419238418
4.194  9.19122216709459e-8  -0.00023874983605603732
4.1964  9.162756632672808e-8  -0.00023869727581955554
4.198799999999999  9.134320264330299e-8  -0.0002386446043285713
4.2012  9.105922443093835e-8  -0.0002385918218419831
4.2036  9.077568806109982e-8  -0.0002385389279156746
4.2059999999999995  9.04924885637183e-8  -0.0002384859229589773
4.208399999999999  9.020962829118725e-8  -0.00023843280763113128
4.2108  8.992721303778626e-8  -0.00023837958160064174
4.2132  8.964516773346531e-8  -0.00023832624502462764
4.215599999999999  8.936342905615548e-8  -0.00023827279883771642
4.218  8.908213873037949e-8  -0.00023821924272399871
4.2204  8.8801237961263e-8  -0.00023816557664972868
4.222799999999999  8.852062447991822e-8  -0.00023811180168406519
4.2252  8.824046259599174e-8  -0.00023805791748647843
4.2276  8.796069617112139e-8  -0.00023800392396684412
4.2299999999999995  8.768121138652205e-8  -0.00023794982223353304
4.232399999999999  8.740218151222917e-8  -0.00023789561190964945
4.2348  8.71235391090245e-8  -0.0002378412929893206
4.2372  8.684518667655822e-8  -0.00023778686651234154
4.239599999999999  8.656729249558424e-8  -0.00023773233204954887
4.242  8.628976355153084e-8  -0.0002376776898159309
4.2444  8.601254704743849e-8  -0.00023762294066050825
4.2467999999999995  8.573579205416702e-8  -0.000237568084068827
4.249199999999999  8.54593654844903e-8  -0.00023751312057499225
4.2516  8.518328830676991e-8  -0.00023745805064019648
4.254  8.490767620472715e-8  -0.00023740287356499378
4.256399999999999  8.46323417306484e-8  -0.0002373475903033917
4.2588  8.43574096867205e-8  -0.00023729220091122668
4.2612  8.408294796600872e-8  -0.00023723670480280365
4.263599999999999  8.380869928462705e-8  -0.00023718110386210456
4.266  8.353492098349055e-8  -0.0002371253977575443
4.2684  8.326153920078412e-8  -0.00023706958636796323
4.2707999999999995  8.298844089639663e-8  -0.00023701367058453037
4.273199999999999  8.271581698445288e-8  -0.00023695764958695645
4.2756  8.24434988692382e-8  -0.00023690152392416398
4.278  8.217155616520571e-8  -0.00023684529376302976
4.280399999999999  8.190009231608467e-8  -0.0002367889585200723
4.2828  8.162883390538597e-8  -0.00023673252019487662
4.2852  8.135805809302357e-8  -0.00023667597830917406
4.287599999999999  8.108764585040406e-8  -0.0002366193329243124
4.29  8.081755392653437e-8  -0.00023656258454336142
4.2924  8.05479481802776e-8  -0.00023650573239875118
4.2947999999999995  8.0278575712695e-8  -0.0002364487780029437
4.297199999999999  8.000965674237817e-8  -0.00023639172096083763
4.2996  7.974111870692833e-8  -0.0002363345612024116
4.302  7.947288610966191e-8  -0.00023627729943831495
4.304399999999999  7.920514722651456e-8  -0.00023621993499191519
4.3068  7.893763398383706e-8  -0.00023616246952014425
4.3092  7.867058540700876e-8  -0.00023610490252417882
4.311599999999999  7.840389474526692e-8  -0.0002360472340066842
4.314  7.813753536757041e-8  -0.00023598946428379571
4.3164  7.78716631781801e-8  -0.00023593159269306578
4.3187999999999995  7.760599656154478e-8  -0.00023587362122499928
4.321199999999999  7.73408341730791e-8  -0.00023581554933921177
4.3236  7.707596539794585e-8  -0.00023575737776193798
4.326  7.681149540733363e-8  -0.00023569910614153506
4.328399999999999  7.654743067880831e-8  -0.00023564073396083852
4.3308  7.628365397498692e-8  -0.0002355822619029861
4.3332  7.602039003124731e-8  -0.0002355236892731849
4.3355999999999995  7.575731510850708e-8  -0.00023546501831230013
4.337999999999999  7.549475409347663e-8  -0.0002354062485103502
4.3404  7.523247666854638e-8  -0.0002353473807439577
4.3427999999999995  7.49706146025526e-8  -0.0002352884146305348
4.345199999999999  7.470912473102158e-8  -0.00023522934996607082
4.3476  7.444795993290058e-8  -0.00023517018696713512
4.35  7.418725333108601e-8  -0.0002351109249490992
4.352399999999999  7.392679072192303e-8  -0.00023505156515292282
4.3548  7.366685604635968e-8  -0.00023499210685553346
4.3572  7.340711388585403e-8  -0.0002349325520918431
4.3595999999999995  7.314789088287352e-8  -0.00023487290017799116
4.361999999999999  7.28889267595078e-8  -0.0002348131521473579
4.3644  7.263041302174762e-8  -0.00023475330744108226
4.3668  7.237221830451359e-8  -0.00023469336644911558
4.369199999999999  7.21144128250752e-8  -0.0002346333290862577
4.3716  7.185698185801538e-8  -0.0002345731954335527
4.374  7.15998866877756e-8  -0.00023451296593498134
4.376399999999999  7.134321587188089e-8  -0.00023445264038617157
4.3788  7.108683407457822e-8  -0.00023439221962123622
4.3812  7.083091991340502e-8  -0.00023433170310927764
4.3835999999999995  7.057525431761452e-8  -0.00023427109195672417
4.385999999999999  7.032009298230286e-8  -0.00023421038532313838
4.3884  7.006514637474936e-8  -0.00023414958453684868
4.3908  6.981073421847683e-8  -0.00023408868853682768
4.393199999999999  6.955650984103324e-8  -0.00023402769889765317
4.3956  6.930284259453693e-8  -0.0002339666144846624
4.398  6.904934453789806e-8  -0.00023390543709808276
4.400399999999999  6.879640610077571e-8  -0.0002338441655629101
4.4028  6.854364765660967e-8  -0.00023378280144586175
4.4052  6.829143910005303e-8  -0.00023372134353285716
4.4075999999999995  6.80394146733345e-8  -0.00023365979329443586
4.409999999999999  6.778793787323018e-8  -0.0002335981495180081
4.4124  6.753664315707446e-8  -0.0002335364136924545
4.4148  6.72859015191183e-8  -0.0002334745846058177
4.417199999999999  6.703533356991649e-8  -0.00023341266388254882
4.4196  6.678532674792275e-8  -0.0002333506503553687
4.422  6.65354876627387e-8  -0.00023328854579048782
4.4243999999999994  6.62862019791717e-8  -0.0002332263490743402
4.426799999999999  6.603710502300214e-8  -0.00023316406171640635
4.4292  6.578853563191187e-8  -0.0002331016827113598
4.4315999999999995  6.554018302249234e-8  -0.00023303921332030832
4.433999999999999  6.52923250459448e-8  -0.00023297665277654034
4.4364  6.50447193954436e-8  -0.00023291400209997387
4.4388  6.479756830993048e-8  -0.00023285126083940008
4.441199999999999  6.455071247044985e-8  -0.00023278842971391606
4.4436  6.43042637109379e-8  -0.00023272550860511793
4.446  6.405816044741022e-8  -0.0002326624978268822
4.4483999999999995  6.38124093860909e-8  -0.00023259939757228719
4.450799999999999  6.356706186037495e-8  -0.00023253620761798727
4.4532  6.332200496914596e-8  -0.00023247292847631312
4.4556  6.307741856701604e-8  -0.0002324095594236502
4.457999999999999  6.283305542932691e-8  -0.00023234610166364354
4.4604  6.258922919083042e-8  -0.00023228255445921644
4.4628  6.234556988130458e-8  -0.00023221891999846954
4.465199999999999  6.210243448125357e-8  -0.00023215519757531616
4.4676  6.185954680632856e-8  -0.00023209138816513174
4.47  6.161709282181353e-8  -0.0002320274911580525
4.4723999999999995  6.137497558377121e-8  -0.00023196350655877668
4.474799999999999  6.113319654047888e-8  -0.0002318994343186055
4.4772  6.089185463015526e-8  -0.00023183527388265338
4.4796  6.06507510556584e-8  -0.00023177102638436328
4.481999999999999  6.041017055970384e-8  -0.00023170669129084987
4.4844  6.016976846455468e-8  -0.00023164227078492836
4.4868  5.992986138857875e-8  -0.00023157776425854199
4.489199999999999  5.969024731021684e-8  -0.0002315131721194863
4.4916  5.945100465306469e-8  -0.0002314484939463681
4.494  5.921218011566143e-8  -0.000231383729180507
4.4963999999999995  5.897359963899767e-8  -0.00023131887884240832
4.498799999999999  5.8735530927118106e-8  -0.00023125394240564671
4.5012  5.8497655996644395e-8  -0.0002311889218223282
4.5036  5.8260246410513604e-8  -0.00023112381645363182
4.505999999999999  5.802317305922053e-8  -0.0002310586261812892
4.5084  5.778641641595878e-8  -0.00023099335097241284
4.5108  5.755015085198798e-8  -0.00023092799027189126
4.513199999999999  5.731404876380391e-8  -0.00023086254645078425
4.515599999999999  5.707844801428226e-8  -0.0002307970188049025
4.518  5.684314653003897e-8  -0.00023073140757557133
4.5203999999999995  5.6608190694652435e-8  -0.00023066571245921417
4.522799999999999  5.637370762887582e-8  -0.00023059993292199693
4.5252  5.613939710455082e-8  -0.0002305340711634948
4.5276  5.5905580224630685e-8  -0.0002304681264317232
4.529999999999999  5.567207080991836e-8  -0.0002304020988861502
4.5324  5.543889104416607e-8  -0.0002303359883415128
4.5348  5.5206201058071586e-8  -0.0002302697942024936
4.5371999999999995  5.497367213454663e-8  -0.00023020351888559858
4.539599999999999  5.474161851744784e-8  -0.0002301371617638878
4.542  5.450992781414962e-8  -0.0002300707227627772
4.5443999999999996  5.4278504293286435e-8  -0.00023000420253667316
4.546799999999999  5.404756184832285e-8  -0.00022993760020095704
4.5492  5.381685999410971e-8  -0.00022987091676520175
4.5516  5.3586542990359705e-8  -0.00022980415173790234
4.553999999999999  5.335669297373575e-8  -0.00022973730468677832
4.5564  5.312700371914048e-8  -0.00022967037801866822
4.5588  5.289779074903016e-8  -0.00022960337099044175
4.5611999999999995  5.266894939767123e-8  -0.00022953628351807327
4.563599999999999  5.244035627429127e-8  -0.00022946911656022338
4.566  5.2212233387066015e-8  -0.00022940186923498394
4.5684  5.1984402887591055e-8  -0.0002293345422338501
4.570799999999999  5.175689413074863e-8  -0.0002292671358147264
4.5732  5.1529851739567575e-8  -0.0002291996492801998
4.5756  5.130304030914485e-8  -0.00022913208404126914
4.577999999999999  5.107660901485737e-8  -0.00022906443977728155
4.5804  5.085064049123369e-8  -0.00022899671585167487
4.5828  5.062485773817127e-8  -0.0002289289141384022
4.5851999999999995  5.039949705200417e-8  -0.00022886103384965514
4.587599999999999  5.017459531739873e-8  -0.00022879307437561513
4.59  4.994985052127459e-8  -0.00022872503793157825
4.5924  4.972555310220339e-8  -0.0002286569234925669
4.594799999999999  4.950170653353521e-8  -0.0002285887304364749
4.5972  4.9278012142616595e-8  -0.00022852046097435188
4.5996  4.905476977434039e-8  -0.00022845211396417154
4.601999999999999  4.88319783170741e-8  -0.0002283836887929079
4.604399999999999  4.8609336228823234e-8  -0.0002283151878192428
4.6068  4.8387142185493844e-8  -0.00022824661001074473
4.6091999999999995  4.8165395051817834e-8  -0.00022817795467894528
4.611599999999999  4.794381892924207e-8  -0.0002281092239838914
4.614  4.772266562209481e-8  -0.00022804041717152055
4.6164  4.7501955014210215e-8  -0.00022797153347028728
4.618799999999999  4.72814542423804e-8  -0.00022790257471231259
4.6212  4.706133384184928e-8  -0.00022783354064280896
4.6236  4.6841651821986734e-8  -0.00022776443037666086
4.6259999999999994  4.662223578478109e-8  -0.00022769524523130944
4.628399999999999  4.640314022461879e-8  -0.00022762598561387263
4.6308  4.618447869855855e-8  -0.00022755665042835754
4.6331999999999995  4.5966157168758626e-8  -0.00022748724020814646
4.635599999999999  4.574807945184958e-8  -0.00022741775609847313
4.638  4.553043294859907e-8  -0.00022734819671887716
4.6404  4.5313218286218045e-8  -0.00022727856196382948
4.642799999999999  4.509616048837574e-8  -0.00022720885476194087
4.6452  4.487952936040908e-8  -0.00022713907450569673
4.6476  4.4663323964916866e-8  -0.00022706922008229908
4.6499999999999995  4.4447387084018894e-8  -0.00022699929265012755
4.652399999999999  4.4231757361391094e-8  -0.00022692929248158792
4.6548  4.401654897956842e-8  -0.00022685921800698138
4.6572  4.38017440420593e-8  -0.0002267890694540807
4.659599999999999  4.358711464186923e-8  -0.00022671884964086284
4.662  4.3372905568538414e-8  -0.0002266485579030733
4.6644  4.31591138684833e-8  -0.0002265781930627264
4.666799999999999  4.294561370985026e-8  -0.00022650775627978294
4.6692  4.273239362611713e-8  -0.00022643724847251702
4.6716  4.251958665539568e-8  -0.00022636666822107549
4.6739999999999995  4.230719285688335e-8  -0.00022629601520936826
4.676399999999999  4.2095010408730975e-8  -0.0002262252918560245
4.6788  4.188318589745752e-8  -0.00022615449801250854
4.6812  4.167176966473826e-8  -0.00022608363176244783
4.683599999999999  4.1460763436839895e-8  -0.00022601269331757804
4.686  4.1249919156762134e-8  -0.00022594168594762702
4.6884  4.1039481413467777e-8  -0.0002258706090300369
4.690799999999999  4.0829447053229544e-8  -0.00022579946054502933
4.693199999999999  4.0619795814043555e-8  -0.00022572824087939346
4.6956  4.041032819447014e-8  -0.0002256569529254193
4.6979999999999995  4.020126218018654e-8  -0.00022558559585043953
4.700399999999999  3.99925946727598e-8  -0.00022551416758904907
4.7028  3.978431483905864e-8  -0.00022544266862922923
4.7052  3.9576213123402974e-8  -0.00022537110219995993
4.707599999999999  3.936850935244533e-8  -0.00022529946768826036
4.71  3.916119967325646e-8  -0.0002252277628615776
4.7124  3.895428602081197e-8  -0.0002251559877574973
4.714799999999999  3.874756683325438e-8  -0.00022508414560834235
4.717199999999999  3.854121542951668e-8  -0.00022501223661473534
4.7196  3.833525356975332e-8  -0.00022494025869871243
4.7219999999999995  3.812968157694812e-8  -0.00022486821106614075
4.724399999999999  3.7924376779263115e-8  -0.0002247960960838336
4.7268  3.771936472559724e-8  -0.00022472391528394938
4.7292  3.751473817790313e-8  -0.00022465166695304206
4.731599999999999  3.731049584261917e-8  -0.0002245793490119281
4.734  3.710662725925438e-8  -0.0002245069624771374
4.7364  3.690294807429974e-8  -0.00022443451111473655
4.7387999999999995  3.669965427518726e-8  -0.00022436199488614603
4.741199999999999  3.649673988492721e-8  -0.0002242894113411141
4.7436  3.6294205233984404e-8  -0.00022421675914196114
4.7459999999999996  3.609197441714791e-8  -0.00022414404036389532
4.748399999999999  3.588999941336879e-8  -0.0002240712577031467
4.7508  3.568840236344278e-8  -0.00022399841035469518
4.7532  3.548717899181861e-8  -0.00022392549582772182
4.755599999999999  3.528633142754409e-8  -0.00022385251333776113
4.758  3.508576756558468e-8  -0.00022377946555398337
4.7604  3.488548036599884e-8  -0.00022370635507720885
4.7627999999999995  3.468556599220667e-8  -0.00022363318101662993
4.765199999999999  3.4486019639674674e-8  -0.0002235599407000045
4.7676  3.428684333889667e-8  -0.00022348663291957654
4.77  3.4087978569409885e-8  -0.00022341326003267256
4.772399999999999  3.388936337675799e-8  -0.0002233398254277858
4.7748  3.369111763542893e-8  -0.00022326632894386706
4.7772  3.34932345566908e-8  -0.00022319276784407382
4.779599999999999  3.329571434079574e-8  -0.00022311913972725966
4.781999999999999  3.309856336686408e-8  -0.00022304544558424984
4.7844  3.290162397151693e-8  -0.00022297168977832566
4.7867999999999995  3.2705035350592306e-8  -0.00022289787401525338
4.789199999999999  3.2508807022192665e-8  -0.00022282399665992059
4.7916  3.231293402229836e-8  -0.0002227500545876566
4.794  3.211741930189086e-8  -0.00022267604603929826
4.796399999999999  3.1922250801497826e-8  -0.00022260197296315683
4.7988  3.172730087973221e-8  -0.00022252783983260532
4.8012  3.153271476569186e-8  -0.0002224536479664853
4.803599999999999  3.133848272150654e-8  -0.00022237939558182634
4.805999999999999  3.114459970194987e-8  -0.00022230507950810502
4.8084  3.0951068685867306e-8  -0.00022223069768854468
4.8107999999999995  3.075789799852208e-8  -0.0002221562515632368
4.813199999999999  3.0564946716833685e-8  -0.00022208174572382284
4.8156  3.037234413733221e-8  -0.0002220071823673029
4.818  3.018009330174685e-8  -0.00022193256067058685
4.820399999999999  2.998818641563976e-8  -0.00022185787795226205
4.8228  2.9796622531851925e-8  -0.00022178313140943997
4.8252  2.9605407838467247e-8  -0.00022170832018573644
4.8275999999999994  2.9414521165787785e-8  -0.00022163344682017225
4.829999999999999  2.9223878405312126e-8  -0.0002215585156047424
4.8324  2.903359121208312e-8  -0.00022148352815626335
4.8347999999999995  2.8843649196516608e-8  -0.00022140848353418974
4.837199999999999  2.865404463334685e-8  -0.00022133337929373603
4.8396  2.8464776073103965e-8  -0.0002212582127154521
4.842  2.8275848999465697e-8  -0.00022118298236475782
4.844399999999999  2.808727274556961e-8  -0.00022110768974101437
4.8468  2.789894454856539e-8  -0.00022103233903516013
4.8492  2.7710946657547725e-8  -0.00022095693292535512
4.8515999999999995  2.7523294399557467e-8  -0.00022088147165631286
4.853999999999999  2.7335978060793673e-8  -0.00022080595385069
4.8564  2.7148991639113114e-8  -0.00022073037736678063
4.8588  2.6962334673838288e-8  -0.0002206547399900567
4.861199999999999  2.6776012423566573e-8  -0.00022057904037095752
4.8636  2.659003378873044e-8  -0.00022050327930659756
4.866  2.6404345788598113e-8  -0.00022042746009033127
4.868399999999999  2.6218952010902997e-8  -0.00022035158594653075
4.870799999999999  2.6033903433638622e-8  -0.00022027565792380019
4.8732  2.5849190494900767e-8  -0.00022019967546363996
4.8755999999999995  2.566480537314654e-8  -0.00022012363730232207
4.877999999999999  2.5480743679525547e-8  -0.00022004754198453097
4.8804  2.5297004917906873e-8  -0.00021997138800733659
4.8828  2.511359259644349e-8  -0.0002198951740390676
4.885199999999999  2.4930513818611187e-8  -0.00021981889969022435
4.8876  2.474777702026181e-8  -0.00021974256662916813
4.89  2.4565303663958392e-8  -0.00021966617833989229
4.892399999999999  2.4383159241583678e-8  -0.00021958973695204094
4.894799999999999  2.4201352452667482e-8  -0.00021951324275812275
4.8972  2.401987514585261e-8  -0.00021943669503587842
4.8995999999999995  2.3838721297853895e-8  -0.0002193600928533458
4.901999999999999  2.3657887516527996e-8  -0.00021928343548709102
4.9044  2.3477372542031992e-8  -0.0002192067224742049
4.9068  2.329717661776927e-8  -0.00021912995342893737
4.909199999999999  2.311730130726778e-8  -0.00021905312782540516
4.9116  2.2937749829415356e-8  -0.0002189762450374364
4.914  2.2758527297526282e-8  -0.00021889930491712778
4.916399999999999  2.2579639572580662e-8  -0.00021882230871000176
4.918799999999999  2.240103042709489e-8  -0.00021874525899347796
4.9212  2.2222741333862046e-8  -0.00021866815742155194
4.9235999999999995  2.20447835362755e-8  -0.00021859100422615263
4.925999999999999  2.1867150762225687e-8  -0.0002185137988531172
4.9284  2.1689838459689782e-8  -0.00021843654060774308
4.9308  2.151284413012388e-8  -0.00021835922900227485
4.933199999999999  2.1336166836885724e-8  -0.00021828186384318242
4.9356  2.1159806495841225e-8  -0.00021820444517713162
4.938  2.0983763296725765e-8  -0.000218126973196207
4.9403999999999995  2.080803735815106e-8  -0.00021804944814896187
4.942799999999999  2.063262858655046e-8  -0.00021797187027943206
4.9452  2.0457536689406225e-8  -0.00021789423978589104
4.9475999999999996  2.0282761285079186e-8  -0.0002178165567876011
4.949999999999999  2.0108302090267316e-8  -0.0002177388212781473
4.9524  1.9934159221197088e-8  -0.00021766103307976572
4.9548  1.9760333605837142e-8  -0.00021758319188955737
4.957199999999999  1.9586827282812823e-8  -0.00021750529755455936
4.9596  1.941364304134264e-8  -0.00021742735055150443
4.962  1.9240762963142546e-8  -0.00021734935215030957
4.9643999999999995  1.9068186693136334e-8  -0.00021727130354815986
4.966799999999999  1.8895932712959494e-8  -0.00021719320513938865
4.9692  1.8723997333072034e-8  -0.00021711505677238832
4.9716  1.855237760737139e-8  -0.00021703685813165605
4.973999999999999  1.8381071728817804e-8  -0.00021695860897690556
4.9764  1.8210078846204146e-8  -0.0002168803092234787
4.9788  1.8039398691732482e-8  -0.00021680195892743773
4.981199999999999  1.7869031240791422e-8  -0.00021672355823636975
4.983599999999999  1.7698976492947285e-8  -0.00021664510734150085
4.986  1.7529234368294372e-8  -0.00021656660644282119
4.9883999999999995  1.7359804683060413e-8  -0.00021648805573056305
4.990799999999999  1.7190687173784282e-8  -0.00021640945537752118
4.9932  1.7021881539708295e-8  -0.0002163308055421246
4.9956  1.685338747573796e-8  -0.00021625210637363183
4.997999999999999  1.6685204693692342e-8  -0.00021617335802003645
5.0004  1.651733292544824e-8  -0.0002160945606314101
5.0028  1.634977191654341e-8  -0.00021601571436207092
5.005199999999999  1.6182521416852405e-8  -0.00021593681936882164
5.007599999999999  1.601558117375612e-8  -0.0002158578758091426
5.01  1.5848950929648123e-8  -0.0002157788838403335
5.0123999999999995  1.568263042041676e-8  -0.00021569984361860978
5.014799999999999  1.5516619381733543e-8  -0.000215620755298922
5.0172  1.5350917546884738e-8  -0.00021554161903604004
5.0196  1.5185524650457652e-8  -0.00021546243498419166
5.021999999999999  1.5020440426063812e-8  -0.00021538320329652039
5.0244  1.485566461035051e-8  -0.0002153039241249049
5.0268  1.4691196945602891e-8  -0.0002152245976196879
5.0291999999999994  1.4527037182129193e-8  -0.0002151452239322059
5.031599999999999  1.4363185075224986e-8  -0.0002150658032174095
5.034  1.4199640377041654e-8  -0.00021498633563752249
5.0363999999999995  1.4036402817938116e-8  -0.00021490682136213207
5.038799999999999  1.3873472088266232e-8  -0.00021482726056498168
5.0412  1.3710847828721402e-8  -0.00021474765341728493
5.0436  1.3548529634137274e-8  -0.00021466800007873576
5.045999999999999  1.3386517082650783e-8  -0.00021458830068241995
5.0484  1.3224809797610093e-8  -0.00021450855529307346
5.0508  1.3063407612698592e-8  -0.0002144287638244118
5.0531999999999995  1.2902310932432111e-8  -0.00021434892596513348
5.055599999999999  1.2741521271549504e-8  -0.00021426904126719195
5.058  1.258104158352591e-8  -0.00021418910957297127
5.0604  1.2420875564298113e-8  -0.00021410913164258757
5.062799999999999  1.2260986140440189e-8  -0.00021402910906028605
5.0652  1.210140516413145e-8  -0.0002139490427822653
5.0676  1.1942133635927873e-8  -0.00021386893299308812
5.069999999999999  1.1783168329569053e-8  -0.00021378877947528168
5.072399999999999  1.1624506899708849e-8  -0.0002137085819488507
5.0748  1.1466148034571053e-8  -0.0002136283402453373
5.0771999999999995  1.1308091185115686e-8  -0.00021354805434965302
5.079599999999999  1.1150336197169198e-8  -0.0002134677243737417
5.082  1.0992883007685233e-8  -0.0002133873505088747
5.0844  1.0835731449588236e-8  -0.00021330693297711014
5.086799999999999  1.0678881182005044e-8  -0.00021322647199115496
5.0892  1.0522331710810517e-8  -0.00021314596772082235
5.0916  1.036608248945834e-8  -0.00021306542024336167
5.093999999999999  1.0210133142489301e-8  -0.00021298482943750042
5.096399999999999  1.0054483941008153e-8  -0.00021290419483350798
5.0988  9.899136637790337e-9  -0.00021282351558633912
5.1011999999999995  9.744095368199781e-9  -0.00021274279089700463
5.103599999999999  9.589366539275012e-9  -0.00021266202100915632
5.106  9.434931162624442e-9  -0.00021258120794704483
5.1084  9.280758289697058e-9  -0.00021250035431207777
5.110799999999999  9.12689932371048e-9  -0.0002124194611847755
5.1132  8.973347801085035e-9  -0.00021233852840996163
5.1156  8.820097979777598e-9  -0.0002122575553489733
5.117999999999999  8.667146002522101e-9  -0.00021217654139659982
5.120399999999999  8.514489814592796e-9  -0.00021209548615213814
5.1228  8.362128673202775e-9  -0.00021201438930564196
5.1251999999999995  8.21006292930828e-9  -0.00021193325034087293
5.127599999999999  8.058294520703856e-9  -0.0002118520682711167
5.13  7.90682810284521e-9  -0.00021177084184127382
5.1324  7.755671690534271e-9  -0.00021168957062500426
5.134799999999999  7.604834669709248e-9  -0.00021160825660951514
5.1372  7.454219694844402e-9  -0.00021152690374952424
5.1396  7.303916900978924e-9  -0.00021144551410975904
5.1419999999999995  7.153923295010085e-9  -0.0002113640877282344
5.144399999999999  7.004230338141047e-9  -0.0002112826236298234
5.1468  6.854832176384808e-9  -0.00021120112055915543
5.1491999999999996  6.705726313691127e-9  -0.00021111957711024618
5.151599999999999  6.5569139714137525e-9  -0.000211037991573625
5.154  6.40840081727375e-9  -0.00021095636231438286
5.1564  6.260196786195098e-9  -0.00021087468878235486
5.158799999999999  6.1123134751837026e-9  -0.00021079297345914422
5.161199999999999  5.964631758664275e-9  -0.00021071122116547527
5.1636  5.817265165506281e-9  -0.0002106294342766768
5.1659999999999995  5.670207208819701e-9  -0.0002105476125912002
5.168399999999999  5.5234481066614854e-9  -0.00021046575444542756
5.1708  5.376982410373616e-9  -0.0002103838574988374
5.1732  5.230810625627986e-9  -0.000210301919190996
5.175599999999999  5.084939743848094e-9  -0.00021021993762287804
5.178  4.939381653364973e-9  -0.0002101379132631299
5.1804  4.7940947241220146e-9  -0.0002100558499214122
5.182799999999999  4.649038339737434e-9  -0.00020997375207855177
5.185199999999999  4.504297783228858e-9  -0.00020989162117156826
5.1876  4.3598618175455e-9  -0.00020980945593327777
5.1899999999999995  4.215722582980551e-9  -0.00020972725350308063
5.192399999999999  4.0718794223990745e-9  -0.00020964501055986234
5.1948  3.928339982787413e-9  -0.00020956272502276784
5.1972  3.785117240365059e-9  -0.00020948039830279592
5.199599999999999  3.6421117618665698e-9  -0.00020939803533326975
5.202  3.4993752299626764e-9  -0.0002093156398485882
5.2044  3.3569512706177647e-9  -0.00020923321201508593
5.206799999999999  3.2148296029389442e-9  -0.00020915074922627316
5.209199999999999  3.0730065351093974e-9  -0.00020906824769808104
5.2116  2.931487787162946e-9  -0.00020898570472081728
5.2139999999999995  2.7902859132933854e-9  -0.00020890312136382145
5.216399999999999  2.649295341265734e-9  -0.00020882050264015074
5.2188  2.5085660670574016e-9  -0.000208737852377468
5.2212  2.3681500971903073e-9  -0.00020865517039703798
5.223599999999999  2.228037948527519e-9  -0.00020857245345321112
5.226  2.0882282569800736e-9  -0.0002084896974925621
5.2284  1.9487297138920563e-9  -0.00020840690079911508
5.2307999999999995  1.8095270977696969e-9  -0.0002083240665653711
5.233199999999999  1.6704897447955558e-9  -0.0002082412005621318
5.2356  1.531772481533529e-9  -0.00020815830432808333
5.2379999999999995  1.3933642189806368e-9  -0.00020807537514106505
5.240399999999999  1.2552607272847335e-9  -0.00020799240851103443
5.2428  1.1174688777397176e-9  -0.00020790940188017778
5.2452  9.799892695841299e-10  -0.00020782635797774823
5.247599999999999  8.426484408787134e-10  -0.00020774328291019829
5.249999999999999  7.056301847625963e-10  -0.00020766017821492662
5.2524  5.689239106947477e-10  -0.00020757704089158444
5.2547999999999995  4.3252654956986783e-10  -0.00020749386658992344
5.257199999999999  2.964457973802376e-10  -0.00020741065383251487
5.2596  1.6062370297763653e-10  -0.00020732740631133821
5.262  2.498334904840055e-11  -0.0002072441289114922
5.264399999999999  -1.1033649037830995e-10  -0.00020716082148712907
5.2668  -2.4534352723254785e-10  -0.0002070774800010865
5.2692  -3.800354643067501e-10  -0.00020699410083084173
5.271599999999999  -5.144009909328028e-10  -0.00020691068538400542
5.273999999999999  -6.486310166818436e-10  -0.0002068272394001406
5.2764  -7.825643855803241e-10  -0.00020674376465196299
5.2787999999999995  -9.161797497416781e-10  -0.00020666025800929053
5.281199999999999  -1.0494784243031408e-9  -0.00020657671540128293
5.2836  -1.182451635250211e-9  -0.000206493136849963
5.286  -1.31524976500208e-9  -0.00020640952714662345
5.288399999999999  -1.4477988218020155e-9  -0.00020632588887550533
5.2908  -1.5800258764114145e-9  -0.0002062422195352865
5.2932  -1.7119326465317788e-9  -0.00020615851519666011
5.295599999999999  -1.8435111052723246e-9  -0.00020607477585375344
5.297999999999999  -1.9749224067634567e-9  -0.0002059910062130655
5.3004  -2.1060836348551007e-9  -0.00020590720845659838
5.3027999999999995  -2.236920697230773e-9  -0.0002058233796216567
5.305199999999999  -2.3674337230731625e-9  -0.00020573951586180735
5.3076  -2.4976132983632257e-9  -0.00020565561813801488
5.31  -2.6276816858473648e-9  -0.00020557169181737364
5.312399999999999  -2.7574489693004724e-9  -0.00020548773772383216
5.3148  -2.8868896821145594e-9  -0.0002054037521934421
5.3172  -3.0160015405261698e-9  -0.0002053197325051497
5.319599999999999  -3.144842767818269e-9  -0.0002052356811496609
5.321999999999999  -3.2735480319837605e-9  -0.0002051516022974046
5.3244  -3.4019204425586418e-9  -0.00020506749453449077
5.3267999999999995  -3.5299625444906724e-9  -0.00020498335404156885
5.329199999999999  -3.6576674109205926e-9  -0.00020489918082415015
5.3316  -3.78524528979159e-9  -0.00020481497942120193
5.334  -3.912548304492534e-9  -0.00020473075074695505
5.336399999999999  -4.0395178162199764e-9  -0.00020464649150956843
5.338799999999999  -4.166150874588756e-9  -0.00020456219986296202
5.3412  -4.292565814899198e-9  -0.00020447787877638158
5.3435999999999995  -4.418802002146942e-9  -0.00020439353092665448
5.345999999999999  -4.544700779444445e-9  -0.00020430915392336343
5.3484  -4.6702613626966975e-9  -0.00020422474498516845
5.3508  -4.795541919133412e-9  -0.00020414030609704038
5.353199999999999  -4.920708160437246e-9  -0.0002040558410556972
5.3556  -5.045532996126364e-9  -0.000203971348020412
5.358  -5.170017217939402e-9  -0.0002038868236582796
5.360399999999999  -5.294190617637865e-9  -0.0002038022693343331
5.362799999999999  -5.418283546766885e-9  -0.00020371768930618926
5.3652  -5.542031549443053e-9  -0.0002036330820050527
5.3675999999999995  -5.665435944923573e-9  -0.00020354844402390844
5.369999999999999  -5.788529824088742e-9  -0.0002034637765419845
5.3724  -5.911546197435308e-9  -0.00020337908365598392
5.3748  -6.03421444441473e-9  -0.00020329436380510732
5.377199999999999  -6.1565354319008565e-9  -0.00020320961398744738
5.3796  -6.278577382827499e-9  -0.00020312483562123085
5.382  -6.400513834757017e-9  -0.0002030400320085762
5.384399999999999  -6.522099318191817e-9  -0.0002029552013318862
5.386799999999999  -6.6433332779119655e-9  -0.00020287034148448827
5.3892  -6.764351040183716e-9  -0.00020278545454403002
5.3915999999999995  -6.885204372841878e-9  -0.00020270054234421356
5.393999999999999  -7.005704304543538e-9  -0.0002026156024772969
5.3964  -7.125847654076891e-9  -0.00020253063416882086
5.3988  -7.245868551431639e-9  -0.00020244564059999277
5.401199999999999  -7.3656342194092575e-9  -0.0002023606215825228
5.4036  -7.48504360467521e-9  -0.0002022755738644595
5.406  -7.604109023820384e-9  -0.00020219049810730173
5.408399999999999  -7.723137126027825e-9  -0.0002021053986267162
5.410799999999999  -7.84180347160367e-9  -0.00020202027410580388
5.4132  -7.960109141822748e-9  -0.00020193512244715307
5.4155999999999995  -8.078222509867207e-9  -0.00020184994534085427
5.417999999999999  -8.196157060935249e-9  -0.00020176474341418617
5.4204  -8.313729322269488e-9  -0.00020167951364272166
5.4228  -8.430932489308669e-9  -0.00020159425637530278
5.425199999999999  -8.548118462798748e-9  -0.0002015089760998037
5.427599999999999  -8.664943067638979e-9  -0.00020142367163114631
5.43  -8.781400008463659e-9  -0.00020133834097593454
5.4323999999999995  -8.897686876402442e-9  -0.00020125298590604841
5.434799999999999  -9.013774815035038e-9  -0.00020116760681979665
5.4372  -9.129494134632599e-9  -0.00020108220117684842
5.4395999999999995  -9.244901179935195e-9  -0.00020099676966822447
5.441999999999999  -9.360248139512334e-9  -0.0002009113152009645
5.4444  -9.475221128432514e-9  -0.0002008258356491287
5.4468  -9.58981711060439e-9  -0.00020074033030292613
5.449199999999999  -9.704357794833394e-9  -0.0002006548023919465
5.451599999999999  -9.818581567960002e-9  -0.00020056925095827467
5.454  -9.932427981864181e-9  -0.00020048367430429846
5.4563999999999995  -1.0046120458521296e-8  -0.00020039807432628752
5.458799999999999  -1.0159598749955034e-8  -0.00020031245131498868
5.4612  -1.0272697527206106e-8  -0.00020022680337555536
5.4636  -1.0385558451371426e-8  -0.0002001411316804845
5.465999999999999  -1.0498289035245235e-8  -0.00020005543767696006
5.4684  -1.061063683313948e-8  -0.00019996971928706346
5.4708  -1.0722679582892032e-8  -0.00019988397700494237
5.473199999999999  -1.0834658808805617e-8  -0.00019979821310645013
5.475599999999999  -1.0946252102384934e-8  -0.00019971242533183835
5.478  -1.105749046828846e-8  -0.00019962661361718427
5.4803999999999995  -1.1168715139905395e-8  -0.0001995407808186604
5.482799999999999  -1.1279550624304722e-8  -0.00019945492455987628
5.4852  -1.1389998261614534e-8  -0.00019936904442454347
5.4876  -1.150046469037061e-8  -0.00019928314375121408
5.489999999999999  -1.1610538653010656e-8  -0.00019919722026762624
5.4924  -1.1720217275423134e-8  -0.00019911127327300134
5.4948  -1.1829916003497538e-8  -0.00019902530591405548
5.497199999999999  -1.1939226935548351e-8  -0.00019893931589164764
5.499599999999999  -1.2048139164935398e-8  -0.00019885330255634071
5.502  -1.215707903979733e-8  -0.0001987672691946225
5.5043999999999995  -1.226562257973041e-8  -0.00019868121358920923
5.506799999999999  -1.2373783347128034e-8  -0.0001985951351509048
5.5092  -1.2481958281903866e-8  -0.0001985090369198798
5.5116  -1.258973070494265e-8  -0.000198422916830684
5.513999999999999  -1.2697156609431902e-8  -0.00019833677451125533
5.516399999999999  -1.2804560838551322e-8  -0.00019825061244929565
5.5188  -1.2911559173927646e-8  -0.00019816442882278064
5.521199999999999  -1.3018264497053223e-8  -0.00019807822367604963
5.523599999999999  -1.3124894997923204e-8  -0.00019799199874398425
5.526  -1.32311161118049e-8  -0.00019790575253253128
5.5283999999999995  -1.3337115015469789e-8  -0.00019781948565934714
5.530799999999999  -1.3442968754492652e-8  -0.00019773319885552296
5.5332  -1.3548409600271615e-8  -0.00019764689096534433
5.5356  -1.3653716254076638e-8  -0.00019756056322943225
5.537999999999999  -1.3758789630400128e-8  -0.00019747421503347318
5.540399999999999  -1.3863445364565782e-8  -0.00019738784564154234
5.5428  -1.3968070420526234e-8  -0.00019730145735745642
5.5451999999999995  -1.4072354993365389e-8  -0.00019721504848066687
5.547599999999999  -1.4176258012203909e-8  -0.0001971286187022213
5.55  -1.4280168609886665e-8  -0.00019704217103459794
5.5524  -1.4383655979385152e-8  -0.00019695570401247507
5.554799999999999  -1.4486897939721896e-8  -0.00019686921757816402
5.5572  -1.4590017131455631e-8  -0.0001967827123285859
5.5596  -1.4692711163173666e-8  -0.00019669618714997144
5.561999999999999  -1.4795311047111851e-8  -0.00019660964310346088
5.564399999999999  -1.4897635664749397e-8  -0.00019652307867223283
5.5668  -1.4999540751223662e-8  -0.00019643649375080345
5.5691999999999995  -1.510148680725857e-8  -0.00019634989209094141
5.571599999999999  -1.5202998992851734e-8  -0.0001962632723503141
5.574  -1.530427444441842e-8  -0.00019617663404566095
5.5764  -1.5405416015339818e-8  -0.00019608997714291998
5.578799999999999  -1.5506121157590237e-8  -0.00019600330084443456
5.5812  -1.5606784572639535e-8  -0.00019591660721556472
5.5836  -1.57071147441107e-8  -0.00019582989495269283
5.585999999999999  -1.5807110787077923e-8  -0.00019574316376900225
5.588399999999999  -1.5907064440830176e-8  -0.00019565641555597402
5.5908  -1.600657486937329e-8  -0.0001955696493804263
5.5931999999999995  -1.6105977336099836e-8  -0.0001954828659857378
5.595599999999999  -1.620511301888986e-8  -0.00019539606399345837
5.598  -1.6303864303600108e-8  -0.0001953092431381166
5.6004  -1.640261916785804e-8  -0.00019522240619642203
5.602799999999999  -1.6500923826433776e-8  -0.0001951355522466673
5.605199999999999  -1.6599099819918778e-8  -0.0001950486815782214
5.6076  -1.6697028255570172e-8  -0.00019496179278232176
5.609999999999999  -1.679456958225689e-8  -0.0001948748854750027
5.612399999999999  -1.6892114962721323e-8  -0.00019478796231777725
5.6148  -1.6989202865380117e-8  -0.0001947010226048524
5.6171999999999995  -1.708618681863774e-8  -0.00019461406708927428
5.619599999999999  -1.718289505288611e-8  -0.0001945270944026217
5.622  -1.727926109699107e-8  -0.0001944401038958189
5.6244  -1.7375586261686796e-8  -0.00019435309708835268
5.626799999999999  -1.74714465657564e-8  -0.00019426607365767288
5.629199999999999  -1.7567273232941497e-8  -0.00019417903570756085
5.6316  -1.7662748613743798e-8  -0.0001940919819793031
5.6339999999999995  -1.775797429584688e-8  -0.0001940049114120981
5.636399999999999  -1.7853068501631417e-8  -0.0001939178232514089
5.6388  -1.7947693121023612e-8  -0.00019383071735958705
5.6411999999999995  -1.8042391501237477e-8  -0.00019374359764850172
5.643599999999999  -1.813661482439168e-8  -0.00019365646347537915
5.646  -1.8230723186607976e-8  -0.0001935693151499623
5.6484  -1.8324561832825607e-8  -0.00019348215120087593
5.650799999999999  -1.8418092617017434e-8  -0.00019339497046978556
5.653199999999999  -1.8511545205675446e-8  -0.000193307773086434
5.6556  -1.860451488987268e-8  -0.00019322055891098178
5.6579999999999995  -1.8697546301114833e-8  -0.0001931333314554082
5.660399999999999  -1.879011333436346e-8  -0.00019304609007538093
5.6628  -1.8882571207264227e-8  -0.00019295883522034698
5.6652  -1.897474752755174e-8  -0.0001928715656663776
5.667599999999999  -1.9066647614376063e-8  -0.00019278428051722158
5.67  -1.915843395093684e-8  -0.00019269697952545496
5.6724  -1.9249775294171573e-8  -0.00019260966224434126
5.674799999999999  -1.93411582051755e-8  -0.00019252233126309078
5.677199999999999  -1.9432044644880023e-8  -0.00019243498606955355
5.6796  -1.9522914715300148e-8  -0.00019234762831189754
5.6819999999999995  -1.9613397556951257e-8  -0.0001922602570133244
5.684399999999999  -1.9703723967365045e-8  -0.00019217287233669027
5.6868  -1.9793810290206614e-8  -0.0001920854736576077
5.6892  -1.9883603222627718e-8  -0.00019199806043722817
5.691599999999999  -1.997329124130403e-8  -0.00019191063275851575
5.693999999999999  -2.006255119511597e-8  -0.00019182318988879822
5.6964  -2.015183068766052e-8  -0.00019173573343129436
5.698799999999999  -2.024060026398558e-8  -0.00019164826282314516
5.701199999999999  -2.0329418118315498e-8  -0.00019156078036182018
5.7036  -2.0417771353362698e-8  -0.0001914732850552293
5.7059999999999995  -2.050606445698532e-8  -0.00019138577762237917
5.708399999999999  -2.059400796910419e-8  -0.00019129825713889715
5.7108  -2.0681787974916044e-8  -0.00019121072385868985
5.7132  -2.0769323258625072e-8  -0.00019112317755052853
5.715599999999999  -2.0856596297084713e-8  -0.00019103561823103761
5.717999999999999  -2.0943720965567025e-8  -0.00019094804624440617
5.7204  -2.1030491193993472e-8  -0.00019086046118168667
5.722799999999999  -2.1117202063055708e-8  -0.00019077286365086805
5.725199999999999  -2.1203472817267997e-8  -0.00019068525264154165
5.7276  -2.1289764684962343e-8  -0.0001905976291237974
5.7299999999999995  -2.1375535901859907e-8  -0.00019050999224852423
5.732399999999999  -2.146140085237209e-8  -0.00019042234433444666
5.7348  -2.1546734472912936e-8  -0.00019033468429688818
5.7372  -2.1632113221797117e-8  -0.00019024701347752636
5.739599999999999  -2.1717020147037774e-8  -0.00019015933058968426
5.741999999999999  -2.180191517923112e-8  -0.00019007163654065844
5.7444  -2.188639676540009e-8  -0.00018998393037982945
5.7467999999999995  -2.197081463176055e-8  -0.00018989621291224
5.749199999999999  -2.205486894800218e-8  -0.000189808483545351
5.7516  -2.213881408974711e-8  -0.00018972074295041911
5.754  -2.2222438248343124e-8  -0.00018963299077092254
5.756399999999999  -2.2305914935873833e-8  -0.000189545227501777
5.7588  -2.2389106273644228e-8  -0.00018945745294220178
5.7612  -2.2472119098285864e-8  -0.0001893696674205746
5.763599999999999  -2.2554875201688182e-8  -0.00018928187085736478
5.765999999999999  -2.2637428869257646e-8  -0.0001891940634559731
5.7684  -2.2719747327785197e-8  -0.00018910624523964213
5.7707999999999995  -2.2801846489347178e-8  -0.00018901841632795038
5.773199999999999  -2.2883724834108984e-8  -0.00018893057681759515
5.7756  -2.2965374101480054e-8  -0.0001888427267747127
5.778  -2.3046809852797327e-8  -0.0001887548663354834
5.780399999999999  -2.3128013846684514e-8  -0.00018866699554214594
5.782799999999999  -2.320900454206307e-8  -0.00018857911453722774
5.7852  -2.328976789271438e-8  -0.0001884912233700374
5.787599999999999  -2.3370311078279443e-8  -0.0001884033221579172
5.789999999999999  -2.3450638413937113e-8  -0.0001883154109884165
5.7924  -2.3530731625839244e-8  -0.0001882274899227927
5.7947999999999995  -2.3610627557344062e-8  -0.00018813955911970072
5.797199999999999  -2.3690268312922917e-8  -0.00018805161855553658
5.7996  -2.376973743105793e-8  -0.0001879636684952522
5.802  -2.3848923255947313e-8  -0.000187875708802735
5.804399999999999  -2.3927970198007846e-8  -0.00018778773987961417
5.806799999999999  -2.400669871054084e-8  -0.0001876997614411059
5.8092  -2.408532823622864e-8  -0.00018761177404954973
5.811599999999999  -2.416359718625206e-8  -0.00018752377722615747
5.813999999999999  -2.424181413381932e-8  -0.00018743577168180432
5.8164  -2.431962116807235e-8  -0.00018734775661399998
5.8187999999999995  -2.43974297431393e-8  -0.00018725973277590357
5.821199999999999  -2.4474770786973334e-8  -0.0001871716989780098
5.8236  -2.4552171969658733e-8  -0.00018708365636742712
5.826  -2.462904768590077e-8  -0.00018699560405187974
5.828399999999999  -2.4706031335390653e-8  -0.00018690754435090527
5.830799999999999  -2.478250224724173e-8  -0.00018681947617390926
5.8332  -2.485900990330074e-8  -0.00018673140073034185
5.8355999999999995  -2.4935085722284974e-8  -0.00018664331685005523
5.837999999999999  -2.50111195610153e-8  -0.00018655522532932812
5.8404  -2.5086807876385266e-8  -0.0001864671254673142
5.8427999999999995  -2.516236690915715e-8  -0.00018637901781476556
5.845199999999999  -2.5237672817259374e-8  -0.00018629090214842693
5.8476  -2.5312754665875355e-8  -0.00018620277858945786
5.85  -2.5387682543634004e-8  -0.00018611464717275614
5.852399999999999  -2.5462283823757e-8  -0.00018602650729869022
5.854799999999999  -2.55368355161047e-8  -0.00018593835926735818
5.8572  -2.5610948116601417e-8  -0.00018585020230278752
5.8595999999999995  -2.5685119860597693e-8  -0.00018576203816265065
5.861999999999999  -2.5758791879549638e-8  -0.00018567386621160513
5.8644  -2.5832525987182133e-8  -0.000185585688564839
5.8668  -2.5905825141959646e-8  -0.0001854975042424368
5.869199999999999  -2.5979064803148717e-8  -0.0001854093139145936
5.871599999999999  -2.605200393992124e-8  -0.00018532111674667703
5.874  -2.6124753010957173e-8  -0.0001852329126680332
5.876399999999999  -2.619733961890542e-8  -0.00018514470119567267
5.878799999999999  -2.6269594245883175e-8  -0.00018505648135815026
5.8812  -2.634182584635835e-8  -0.00018496825348111062
5.8835999999999995  -2.6413572946535572e-8  -0.0001848800174138045
5.885999999999999  -2.6485436986373873e-8  -0.00018479177667394842
5.8884  -2.6556822886115213e-8  -0.00018470353055918264
5.8908  -2.6628174848810672e-8  -0.00018461527979804588
5.893199999999999  -2.6699216972600297e-8  -0.0001845270230322361
5.895599999999999  -2.6770065024417887e-8  -0.00018443875967992068
5.898  -2.684077155472959e-8  -0.0001843504890803236
5.900399999999999  -2.6911108444199923e-8  -0.00018426221067426761
5.902799999999999  -2.6981472398609086e-8  -0.0001841739262269016
5.9052  -2.705136772473537e-8  -0.00018408563552418594
5.9075999999999995  -2.712130269140727e-8  -0.00018399734094289515
5.909999999999999  -2.7190860434219387e-8  -0.0001839090414331601
5.9124  -2.7260275236088132e-8  -0.00018382073667974898
5.9148  -2.73295081767576e-8  -0.00018373242553358825
5.917199999999999  -2.7398401044513663e-8  -0.00018364410729749067
5.919599999999999  -2.74673056318989e-8  -0.00018355578349713201
5.922  -2.753575397649319e-8  -0.00018346745396744253
5.9243999999999994  -2.7604236730411832e-8  -0.0001833791211258542
5.926799999999999  -2.7672361230756098e-8  -0.00018329078376199084
5.9292  -2.7740313142214906e-8  -0.0001832024411123031
5.9315999999999995  -2.7808124228984564e-8  -0.00018311409208179193
5.933999999999999  -2.7875538812231933e-8  -0.0001830257364126205
5.9364  -2.7943028439291612e-8  -0.00018293737715591442
5.9388  -2.801007384687455e-8  -0.00018284901371156783
5.941199999999999  -2.8077067989963535e-8  -0.00018276064682022628
5.943599999999999  -2.8143805826086853e-8  -0.00018267227494909899
5.946  -2.8210257357484583e-8  -0.00018258389734988317
5.9483999999999995  -2.827668898986932e-8  -0.00018249551501896058
5.950799999999999  -2.834268471958376e-8  -0.00018240712770502225
5.9532  -2.84087094687825e-8  -0.00018231873779647514
5.9556  -2.847440196872492e-8  -0.00018223034394642402
5.957999999999999  -2.853987415287699e-8  -0.0001821419453237149
5.9604  -2.860527024197432e-8  -0.00018205354174602117
5.9628  -2.8670238287891326e-8  -0.00018196513302952535
5.965199999999999  -2.8735275364798023e-8  -0.00018187672231608726
5.967599999999999  -2.8799946103234744e-8  -0.0001817883083098594
5.97  -2.8864420765063823e-8  -0.0001816998902059346
5.9723999999999995  -2.8928803352053396e-8  -0.00018161146750562504
5.974799999999999  -2.8992766056218713e-8  -0.0001815230399112269
5.9772  -2.9056797826827133e-8  -0.00018143461053564267
5.9796  -2.9120470792544373e-8  -0.00018134617808191814
5.981999999999999  -2.9183930060603953e-8  -0.00018125774193517512
5.984399999999999  -2.9247321168559236e-8  -0.00018116930216516397
5.9868  -2.931030073212654e-8  -0.0001810808581871835
5.989199999999999  -2.9373309515701336e-8  -0.00018099241230055545
5.991599999999999  -2.9436008598118183e-8  -0.0001809039631397046
5.994  -2.9498434745540113e-8  -0.0001808155104275721
5.9963999999999995  -2.9560856563417507e-8  -0.0001807270556716056
5.998799999999999  -2.9622875472631437e-8  -0.00018063859781890923
6.0012  -2.9684844083592392e-8  -0.00018055013753290179
6.0036  -2.9746593490449693e-8  -0.00018046167315868416
6.005999999999999  -2.980796869528129e-8  -0.0001803732046169289
6.008399999999999  -2.986944145185388e-8  -0.00018028473549503514
6.0108  -2.993051676690667e-8  -0.00018019626447856585
6.013199999999999  -2.999141845744409e-8  -0.000180107791283957
6.015599999999999  -3.0052231259829025e-8  -0.00018001931576953946
6.018  -3.011265330707738e-8  -0.00017993083700210884
6.0203999999999995  -3.017308368961783e-8  -0.0001798423567183311
6.022799999999999  -3.0233245546559383e-8  -0.00017975387326506906
6.0252  -3.0293066872728956e-8  -0.00017966538650544212
6.0276  -3.0352964194640345e-8  -0.00017957689952475086
6.029999999999999  -3.041247583016873e-8  -0.0001794884109102573
6.032399999999999  -3.047180830085443e-8  -0.00017939992067623673
6.0348  -3.053106714884582e-8  -0.0001793114291659521
6.0371999999999995  -3.0589947088723556e-8  -0.00017922293523001356
6.039599999999999  -3.064879298573728e-8  -0.00017913444008860034
6.042  -3.0707424808170455e-8  -0.00017904594232709962
6.0443999999999996  -3.076567874462158e-8  -0.00017895744160757913
6.046799999999999  -3.082402442799526e-8  -0.00017886894121492303
6.0492  -3.0882027348387315e-8  -0.00017878043933797157
6.0516  -3.093974165269738e-8  -0.00017869193556653492
6.053999999999999  -3.099749718997501e-8  -0.00017860343203147692
6.056399999999999  -3.1054883645534326e-8  -0.00017851492703432713
6.0588  -3.111208950396568e-8  -0.00017842642085216695
6.0611999999999995  -3.1169235942317495e-8  -0.00017833791426905525
6.063599999999999  -3.1226017724013747e-8  -0.00017824940600746306
6.066  -3.128271086437614e-8  -0.00017816089729994755
6.0684  -3.1339256191282184e-8  -0.0001780723879202041
6.070799999999999  -3.1395440301760363e-8  -0.00017798387693202417
6.073199999999999  -3.145161334025754e-8  -0.00017789536630560633
6.0756  -3.150756414213758e-8  -0.00017780685488135125
6.077999999999999  -3.1563157392518366e-8  -0.0001777183419174613
6.080399999999999  -3.161880330655601e-8  -0.00017762982992693645
6.0828  -3.1674166386128164e-8  -0.0001775413169555926
6.0851999999999995  -3.1729175203562034e-8  -0.00017745280244642092
6.087599999999999  -3.178428585712441e-8  -0.00017736428952677997
6.09  -3.183906659447091e-8  -0.00017727577588689
6.0924  -3.1893512833492104e-8  -0.00017718726100800537
6.094799999999999  -3.194806549714803e-8  -0.0001770987480306984
6.097199999999999  -3.2002271629243996e-8  -0.00017701023462120136
6.0996  -3.205617054885968e-8  -0.00017692172034404895
6.101999999999999  -3.211015347235127e-8  -0.0001768332079721334
6.104399999999999  -3.216379418000386e-8  -0.00017674469519068304
6.1068  -3.2217140438892036e-8  -0.00017665618176828851
6.1091999999999995  -3.227056129289545e-8  -0.0001765676704240385
6.111599999999999  -3.232364372500853e-8  -0.00017647915883247747
6.114  -3.237643038975051e-8  -0.00017639064680886185
6.1164  -3.2429295925158995e-8  -0.00017630213712874923
6.118799999999999  -3.248182683425211e-8  -0.00017621362733488574
6.121199999999999  -3.253404672938108e-8  -0.00017612511713153265
6.1236  -3.25863631346038e-8  -0.00017603660952197512
6.1259999999999994  -3.263834816920764e-8  -0.00017594810193568278
6.128399999999999  -3.269000144174141e-8  -0.00017585959387080553
6.1308  -3.2741764242709675e-8  -0.00017577108882918085
6.1331999999999995  -3.279320747020869e-8  -0.0001756825846594806
6.135599999999999  -3.284432341306735e-8  -0.00017559408034110912
6.138  -3.28955028246875e-8  -0.00017550557886926527
6.1404  -3.294641298407647e-8  -0.00017541707866873885
6.142799999999999  -3.299700016885397e-8  -0.00017532857847512418
6.145199999999999  -3.3047590436831396e-8  -0.00017524008085922278
6.1476  -3.309797472444802e-8  -0.0001751515851063195
6.1499999999999995  -3.3148040010728876e-8  -0.00017506308963722875
6.152399999999999  -3.319803424842822e-8  -0.00017497459645695655
6.1548  -3.32478994015048e-8  -0.00017488610584373627
6.1572  -3.3297449710781475e-8  -0.00017479761579698906
6.159599999999999  -3.334684137943364e-8  -0.0001747091275371877
6.161999999999999  -3.339619422681756e-8  -0.00017462064233142577
6.1644  -3.344523556448589e-8  -0.00017453215756054185
6.166799999999999  -3.349401523115251e-8  -0.0001744436736879872
6.169199999999999  -3.354285723180042e-8  -0.00017435519380538687
6.1716  -3.3591389396795106e-8  -0.00017426671556404274
6.1739999999999995  -3.363961209915632e-8  -0.0001741782381640847
6.176399999999999  -3.368788090688966e-8  -0.0001740897649272597
6.1788  -3.3735910542767936e-8  -0.00017400129478436374
6.1812  -3.3783637120991285e-8  -0.00017391282579311634
6.183599999999999  -3.383127949920656e-8  -0.00017382435981802902
6.185999999999999  -3.3878818823842704e-8  -0.0001737358972566426
6.1884  -3.392605881999151e-8  -0.00017364743540848054
6.190799999999999  -3.3973066355279854e-8  -0.00017355897515265004
6.193199999999999  -3.402011531885478e-8  -0.0001734705195573981
6.1956  -3.406686577902022e-8  -0.00017338206636864582
6.1979999999999995  -3.411331835062722e-8  -0.0001732936146664477
6.200399999999999  -3.4159787548203487e-8  -0.0001732051676496518
6.2028  -3.4206055576728716e-8  -0.00017311672463473648
6.2052  -3.42520323520128e-8  -0.00017302828305950613
6.207599999999999  -3.429785024820211e-8  -0.00017293984427130783
6.209999999999999  -3.4343645297866404e-8  -0.0001728514100629602
6.2124  -3.438915104081192e-8  -0.00017276297769972136
6.214799999999999  -3.443436564999538e-8  -0.00017267454694166643
6.217199999999999  -3.4479626837046265e-8  -0.00017258612163504778
6.2196  -3.452465968222917e-8  -0.0001724977010117082
6.2219999999999995  -3.456940851989405e-8  -0.00017240928220637236
6.224399999999999  -3.4613998686143076e-8  -0.00017232086659396676
6.2268  -3.465856998971376e-8  -0.0001722324562877595
6.2292  -3.470285961224744e-8  -0.00017214404875340547
6.231599999999999  -3.474686687080517e-8  -0.0001720556433241203
6.233999999999999  -3.4790882173058816e-8  -0.00017196724335237005
6.2364  -3.483471459154791e-8  -0.00017187884845958746
6.2387999999999995  -3.4878270717701634e-8  -0.00017179045515830073
6.241199999999999  -3.492159622397019e-8  -0.00017170206445623059
6.2436  -3.496497475412178e-8  -0.00017161368019228846
6.2459999999999996  -3.5008076869531574e-8  -0.00017152530075343
6.248399999999999  -3.505090575244138e-8  -0.00017143692375346176
6.250799999999999  -3.509363323761982e-8  -0.00017134855132076293
6.2532  -3.513629208775921e-8  -0.00017126018488686435
6.255599999999999  -3.5178681479452155e-8  -0.00017117182161215021
6.257999999999999  -3.522079999673062e-8  -0.00017108346094948238
6.2604  -3.526292125286641e-8  -0.00017099510641086277
6.2627999999999995  -3.530487170932137e-8  -0.00017090675790334362
6.265199999999999  -3.5346557503786093e-8  -0.0001708184114786446
6.2676  -3.538797404032757e-8  -0.00017073006770884047
6.27  -3.5429473737344074e-8  -0.00017064173124877257
6.272399999999999  -3.547072122703438e-8  -0.00017055340135372954
6.274799999999999  -3.551170812743148e-8  -0.0001704650739405382
6.2772  -3.555247831343259e-8  -0.00017037675001962984
6.279599999999999  -3.559329804188934e-8  -0.00017028843349770108
6.281999999999999  -3.563385695467148e-8  -0.00017020012295941635
6.2844  -3.567415878831916e-8  -0.0001701118150334038
6.2867999999999995  -3.571428686382355e-8  -0.0001700235114123967
6.289199999999999  -3.5754423913486166e-8  -0.00016993521538852973
6.2916  -3.5794304649244216e-8  -0.00016984692509135088
6.294  -3.583393160975709e-8  -0.00016975863756121408
6.296399999999999  -3.587340524456714e-8  -0.00016967035489758652
6.298799999999999  -3.591286894651319e-8  -0.0001695820801573536
6.3012  -3.595208040725172e-8  -0.00016949381125134808
6.303599999999999  -3.5991041848909295e-8  -0.00016940554523618695
6.305999999999999  -3.6029848510189984e-8  -0.00016931728430545967
6.3084  -3.6068648186227126e-8  -0.00016922903166341285
6.3107999999999995  -3.610719935716322e-8  -0.0001691407853097612
6.313199999999999  -3.614550476288558e-8  -0.00016905254194703935
6.3156  -3.6183632219481156e-8  -0.00016896430354763694
6.318  -3.622177746170864e-8  -0.00016887607377918406
6.320399999999999  -3.625967752213157e-8  -0.00016878785102420913
6.322799999999999  -3.629733631444875e-8  -0.00016869963111296098
6.3252  -3.6334771594368105e-8  -0.00016861141544288584
6.3275999999999994  -3.637226972033744e-8  -0.0001685232087413085
6.329999999999999  -3.640952419967829e-8  -0.00016843501034602987
6.3324  -3.6446541487513556e-8  -0.00016834681553062872
6.3347999999999995  -3.648331655601829e-8  -0.0001682586244534437
6.337199999999999  -3.652012954899345e-8  -0.00016817044193408103
6.339599999999999  -3.655674796207496e-8  -0.0001680822685463095
6.342  -3.6593132586907294e-8  -0.00016799410006729717
6.344399999999999  -3.662928103065626e-8  -0.00016790593523180274
6.346799999999999  -3.666537444163109e-8  -0.00016781777796575612
6.3492  -3.6701368507079547e-8  -0.00016772963017437157
6.3515999999999995  -3.673713139414319e-8  -0.0001676414887974998
6.353999999999999  -3.677266377269633e-8  -0.0001675533506464118
6.3564  -3.680802535010498e-8  -0.00016746521816030275
6.3588  -3.6843401189380056e-8  -0.00016737709557132195
6.361199999999999  -3.687854532540805e-8  -0.0001672889818620473
6.363599999999999  -3.691346379979714e-8  -0.00016720087237851835
6.366  -3.6948151348881316e-8  -0.0001671127670992205
6.368399999999999  -3.6982842760517045e-8  -0.00016702467088204582
6.370799999999999  -3.701737720420827e-8  -0.00016693658516311042
6.3732  -3.705168944473001e-8  -0.00016684850590434848
6.3755999999999995  -3.708577904197748e-8  -0.000166760430008793
6.377999999999999  -3.711971011032748e-8  -0.0001666723602327569
6.3804  -3.7153645224947095e-8  -0.00016658430096804958
6.3828  -3.7187355765626534e-8  -0.0001664962514430692
6.385199999999999  -3.7220848628569244e-8  -0.00016640820696323162
6.387599999999999  -3.7254119310514396e-8  -0.00016632016682014626
6.39  -3.7287347333305344e-8  -0.0001662321355321466
6.392399999999999  -3.73204672225421e-8  -0.00016614411533040784
6.394799999999999  -3.7353371294776994e-8  -0.0001660561031886054
6.3972  -3.73860617533799e-8  -0.00016596809464206256
6.3995999999999995  -3.741852995582293e-8  -0.00016588009102982545
6.401999999999999  -3.745103715953888e-8  -0.00016579209812408479
6.4044  -3.7483353321221286e-8  -0.00016570411730246627
6.4068  -3.7515459900579326e-8  -0.00016561614382741295
6.409199999999999  -3.7547356735335036e-8  -0.0001655281736638519
6.411599999999999  -3.7579058780051614e-8  -0.00016544020922307128
6.414  -3.761080214777874e-8  -0.00016535225625536327
6.416399999999999  -3.764232956875212e-8  -0.0001652643155035531
6.418799999999999  -3.7673652049656677e-8  -0.00016517638175920132
6.4212  -3.770476796879701e-8  -0.00016508845158073404
6.4235999999999995  -3.77357146969686e-8  -0.0001650005278838758
6.425999999999999  -3.7766678261905466e-8  -0.00016491261606614644
6.428399999999999  -3.779743054638631e-8  -0.00016482471656670427
6.4308  -3.782798216271752e-8  -0.00016473682414008887
6.433199999999999  -3.7858331007194516e-8  -0.00016464893533804038
6.435599999999999  -3.788850428009167e-8  -0.00016456105311497585
6.438  -3.79187006336473e-8  -0.00016447318314983332
6.4403999999999995  -3.794868888004404e-8  -0.0001643853261932647
6.442799999999999  -3.797848065556302e-8  -0.00016429747698284625
6.4452  -3.800807484000655e-8  -0.00016420963114686024
6.4475999999999996  -3.803745969699454e-8  -0.00016412179097130176
6.449999999999999  -3.806689632940676e-8  -0.00016403396298026707
6.452399999999999  -3.809612902875713e-8  -0.00016394614894080242
6.4548  -3.8125167216708326e-8  -0.00016385834437699368
6.457199999999999  -3.8154013300270486e-8  -0.00016377054433134905
6.459599999999999  -3.818265766416954e-8  -0.00016368274934703119
6.462  -3.8211279916171856e-8  -0.0001635949651149157
6.4643999999999995  -3.823977293683175e-8  -0.0001635071946000696
6.466799999999999  -3.8268071765146065e-8  -0.0001634194355777101
6.4692  -3.8296183031770025e-8  -0.00016333168274480103
6.4716  -3.832410051725918e-8  -0.00016324393413040967
6.473999999999999  -3.8351890404946225e-8  -0.00016315619379818225
6.476399999999999  -3.837965442592757e-8  -0.00016306846695994634
6.4788  -3.8407221875796666e-8  -0.00016298075401734242
6.481199999999999  -3.843460454324636e-8  -0.00016289304999247075
6.483599999999999  -3.846180214836276e-8  -0.00016280535042111763
6.486  -3.848880357587808e-8  -0.00016271765646448617
6.4883999999999995  -3.85157872928696e-8  -0.00016262997419808393
6.490799999999999  -3.85426358135365e-8  -0.0001625423067498003
6.4932  -3.856929790680536e-8  -0.0001624546521253696
6.4956  -3.859578206696652e-8  -0.00016236700457984173
6.497999999999999  -3.8622082879514325e-8  -0.00016227936068575994
6.500399999999999  -3.864819467873349e-8  -0.000162191723542271
6.5028  -3.867433908823323e-8  -0.00016210410000180365
6.505199999999999  -3.870028863472703e-8  -0.00016201649229412134
6.507599999999999  -3.8726058439691015e-8  -0.00016192889686729867
6.51  -3.8751654981477104e-8  -0.0001618413079864144
6.5123999999999995  -3.877707085647524e-8  -0.00016175372311992418
6.514799999999999  -3.8802329412057635e-8  -0.0001616661460183092
6.517199999999999  -3.8827589064093686e-8  -0.0001615785830574237
6.5196  -3.885265901823584e-8  -0.00016149103604507306
6.521999999999999  -3.887755396965193e-8  -0.00016140350139018774
6.524399999999999  -3.890227987841813e-8  -0.0001613159734308494
6.5268  -3.892682899902123e-8  -0.00016122844949274917
6.5291999999999994  -3.895120940643638e-8  -0.00016114093316608698
6.531599999999999  -3.8975600466544446e-8  -0.0001610534311724646
6.534  -3.8999803735680506e-8  -0.00016096594572395935
6.5363999999999995  -3.902383464816721e-8  -0.000160878473711102
6.538799999999999  -3.904770105853431e-8  -0.00016079100949692218
6.541199999999999  -3.9071397178551664e-8  -0.00016070354953164032
6.5436  -3.909490858724617e-8  -0.00016061609610408626
6.545999999999999  -3.9118413754568246e-8  -0.000160528655915228
6.548399999999999  -3.914176616260181e-8  -0.00016044123232920938
6.5508  -3.916494545889342e-8  -0.00016035382386380177
6.5531999999999995  -3.9187962861059536e-8  -0.00016026642561692056
6.555599999999999  -3.92108177080892e-8  -0.00016017903304459542
6.558  -3.923349832128187e-8  -0.00016009164566670547
6.5604  -3.9256072082772576e-8  -0.00016000426835632162
6.562799999999999  -3.927859154037117e-8  -0.00015991690676820194
6.565199999999999  -3.9300933399148696e-8  -0.0001598295620189956
6.5676  -3.9323112328658706e-8  -0.00015974223081341693
6.569999999999999  -3.93451349776355e-8  -0.0001596549080842099
6.572399999999999  -3.936699572297292e-8  -0.0001595675903680262
6.5748  -3.938868051823552e-8  -0.0001594802791202717
6.5771999999999995  -3.941031740788961e-8  -0.0001593929803272219
6.579599999999999  -3.943183902690344e-8  -0.0001593056984406335
6.582  -3.945319064456161e-8  -0.00015921843329320056
6.5844  -3.9474385918423366e-8  -0.00015913118117977509
6.586799999999999  -3.9495429504432305e-8  -0.00015904393721046976
6.589199999999999  -3.9516314213840133e-8  -0.00015895669832322658
6.5916  -3.953702539950918e-8  -0.00015886946631366508
6.593999999999999  -3.955769322481627e-8  -0.00015878224723044748
6.596399999999999  -3.9578238883794655e-8  -0.00015869504539151063
6.5988  -3.9598617616052115e-8  -0.0001586078607340837
6.6011999999999995  -3.961884338315818e-8  -0.00015852068989746752
6.603599999999999  -3.963892197304483e-8  -0.0001584335282406556
6.605999999999999  -3.965884792623913e-8  -0.00015834637233039754
6.6084  -3.9678607437947187e-8  -0.00015825922272343115
6.610799999999999  -3.9698274674509386e-8  -0.0001581720845304483
6.613199999999999  -3.971786627035177e-8  -0.00015808496304592446
6.6156  -3.9737289492280167e-8  -0.00015799785957670717
6.617999999999999  -3.9756559555987865e-8  -0.0001579107718726817
6.620399999999999  -3.9775686171752153e-8  -0.0001578236957338521
6.6228  -3.9794668863011966e-8  -0.00015773662685549525
6.6251999999999995  -3.9813496718383743e-8  -0.0001576495632936593
6.627599999999999  -3.9832154054910167e-8  -0.00015756250795932543
6.629999999999999  -3.9850792627285116e-8  -0.00015747546722927387
6.6324  -3.986927933467572e-8  -0.0001573884447328601
6.634799999999999  -3.9887607018501605e-8  -0.0001573014401799697
6.637199999999999  -3.990578988517226e-8  -0.0001572144506646924
6.6396  -3.9923835063696445e-8  -0.00015712747206788434
6.6419999999999995  -3.994173969403014e-8  -0.00015704050053247376
6.644399999999999  -3.9959491555019346e-8  -0.000156953534631628
6.6468  -3.997707489984724e-8  -0.0001568665776206979
6.6491999999999996  -3.9994645223271523e-8  -0.00015677963584226627
6.651599999999999  -4.00120553551743e-8  -0.00015669271260154596
6.653999999999999  -4.002930983516427e-8  -0.00015660580752253342
6.6564  -4.004642257323006e-8  -0.00015651891797882793
6.658799999999999  -4.0063401075655664e-8  -0.00015643204035319222
6.661199999999999  -4.0080244065006983e-8  -0.00015634517109964146
6.6636  -4.009694165289942e-8  -0.00015625830829962343
6.6659999999999995  -4.011347924486042e-8  -0.00015617145363908382
6.668399999999999  -4.0129942952861486e-8  -0.0001560846122357166
6.6708  -4.0146304933262687e-8  -0.00015599778842717753
6.6732  -4.016250856962288e-8  -0.0001559109832214471
6.675599999999999  -4.017856802829029e-8  -0.00015582419512312818
6.677999999999999  -4.0194493786018925e-8  -0.0001557374213780197
6.6804  -4.021028961043844e-8  -0.00015565065874423295
6.682799999999999  -4.022595138998314e-8  -0.00015556390430088212
6.685199999999999  -4.0241467904055016e-8  -0.0001554771568319215
6.6876  -4.0256824914802715e-8  -0.00015539041871167483
6.6899999999999995  -4.027213073174644e-8  -0.00015530369518276782
6.692399999999999  -4.0287309847441936e-8  -0.0001552169898026146
6.694799999999999  -4.030233589498683e-8  -0.00015513030302959554
6.6972  -4.031722216526318e-8  -0.0001550436333478153
6.699599999999999  -4.0331978214022375e-8  -0.00015495697840166395
6.701999999999999  -4.034660784751876e-8  -0.00015487033550984176
6.7044  -4.036110833841467e-8  -0.00015478370221492547
6.706799999999999  -4.0375470966336506e-8  -0.00015469707682576293
6.709199999999999  -4.0389682855841366e-8  -0.0001546104601756765
6.7116  -4.040378478821819e-8  -0.00015452385626300044
6.7139999999999995  -4.041781688949122e-8  -0.00015443726950841108
6.716399999999999  -4.04316938072539e-8  -0.00015435070148105384
6.718799999999999  -4.04454282575985e-8  -0.00015426415144480061
6.7212  -4.045903109387667e-8  -0.00015417761768228647
6.723599999999999  -4.0472508952896485e-8  -0.00015409109819750652
6.725999999999999  -4.0485863586566017e-8  -0.00015400459079783127
6.7284  -4.049909139094304e-8  -0.00015391809362275848
6.7307999999999995  -4.051218420220203e-8  -0.00015383160526315286
6.733199999999999  -4.052513038094478e-8  -0.0001537451262570384
6.7356  -4.053795809241269e-8  -0.00015365866013098605
6.7379999999999995  -4.0550722863369514e-8  -0.00015357221111406182
6.740399999999999  -4.0563335450776285e-8  -0.0001534857808008222
6.742799999999999  -4.05758075765119e-8  -0.00015339936859863778
6.7452  -4.058814944695745e-8  -0.00015331297306158943
6.747599999999999  -4.0600367706402013e-8  -0.0001532265926877183
6.749999999999999  -4.0612465302709974e-8  -0.00015314022599588006
6.7524  -4.062444153619146e-8  -0.0001530538713954823
6.7547999999999995  -4.063629180009855e-8  -0.00015296752759758934
6.757199999999999  -4.0648008300806556e-8  -0.0001528811934919669
6.7596  -4.065958048916386e-8  -0.00015279486991195984
6.762  -4.0671048546028245e-8  -0.00015270856025550295
6.764399999999999  -4.06824379831105e-8  -0.00015262226808274347
6.766799999999999  -4.0693680771955584e-8  -0.00015253599454591728
6.7692  -4.0704787468626895e-8  -0.00015244973895386804
6.771599999999999  -4.07157668807492e-8  -0.00015236350000453675
6.773999999999999  -4.072662460104389e-8  -0.00015227727654400474
6.7764  -4.073736336354357e-8  -0.00015219106767892335
6.7787999999999995  -4.0747983669583336e-8  -0.0001521048724530262
6.781199999999999  -4.0758483636093744e-8  -0.00015201868990501
6.783599999999999  -4.076885898405408e-8  -0.00015193251900006024
6.786  -4.0779102862445026e-8  -0.00015184635873006087
6.788399999999999  -4.078920591259606e-8  -0.0001517602100317174
6.790799999999999  -4.0799212991935504e-8  -0.00015167407605410637
6.7932  -4.080913218018189e-8  -0.00015158795981947516
6.795599999999999  -4.0818910074767473e-8  -0.00015150186218502114
6.797999999999999  -4.082855608412766e-8  -0.00015141578242331243
6.8004  -4.083807778420645e-8  -0.00015132971932095736
6.8027999999999995  -4.084747975369803e-8  -0.0001512436718896831
6.805199999999999  -4.085676411172976e-8  -0.00015115763957951675
6.807599999999999  -4.0865931570839304e-8  -0.00015107162210698468
6.81  -4.0874982077114715e-8  -0.00015098561906714864
6.812399999999999  -4.0883914519736653e-8  -0.00015089962984494976
6.814799999999999  -4.089272622552335e-8  -0.00015081365354954656
6.8172  -4.0901412297540164e-8  -0.0001507276890252247
6.819599999999999  -4.090996498081422e-8  -0.0001506417363648529
6.821999999999999  -4.091839336518811e-8  -0.00015055579787869654
6.8244  -4.092676134592136e-8  -0.00015046987677457105
6.8267999999999995  -4.0934990669502444e-8  -0.00015038397436038567
6.829199999999999  -4.0943089849439186e-8  -0.00015029809023121344
6.831599999999999  -4.095106634303676e-8  -0.0001502122232839013
6.834  -4.0958924876522166e-8  -0.00015012637247742308
6.836399999999999  -4.096666759414915e-8  -0.00015004053716586538
6.838799999999999  -4.097429500671246e-8  -0.00014995471712407558
6.8412  -4.09818070015906e-8  -0.00014986891241174124
6.8435999999999995  -4.0989203525928705e-8  -0.00014978312315430228
6.845999999999999  -4.099648474585366e-8  -0.0001496973492692577
6.8484  -4.100365054619608e-8  -0.000149611590226523
6.8508  -4.101069945921729e-8  -0.00014952584519100276
6.853199999999999  -4.101762792914072e-8  -0.0001494401130076715
6.855599999999999  -4.1024429546325774e-8  -0.00014935439340389763
6.858  -4.1031097167316694e-8  -0.00014926868807528293
6.860399999999999  -4.103770995283118e-8  -0.00014918299998844175
6.862799999999999  -4.1044191773011596e-8  -0.00014909733059900585
6.8652  -4.1050546701313934e-8  -0.00014901167974882854
6.8675999999999995  -4.105678157338894e-8  -0.00014892604652280928
6.869999999999999  -4.106290095071911e-8  -0.00014884042996603702
6.872399999999999  -4.106890702079073e-8  -0.00014875482942805824
6.8748  -4.107480033123433e-8  -0.00014866924461717735
6.877199999999999  -4.1080580649515645e-8  -0.0001485836755106374
6.879599999999999  -4.10862476084154e-8  -0.0001484981222326812
6.882  -4.109180106021105e-8  -0.0001484125849567811
6.884399999999999  -4.109724119417718e-8  -0.00014832706383970592
6.886799999999999  -4.110256849744584e-8  -0.00014824155895856958
6.8892  -4.110778356266904e-8  -0.00014815607021231538
6.8915999999999995  -4.1112886664068605e-8  -0.00014807059719235724
6.893999999999999  -4.111787701280615e-8  -0.00014798513913355334
6.896399999999999  -4.112275190967904e-8  -0.00014789969516199156
6.8988  -4.1127506478216965e-8  -0.00014781426499044866
6.901199999999999  -4.113213507609629e-8  -0.00014772884976285957
6.903599999999999  -4.1136690860285857e-8  -0.00014764345172055255
6.906  -4.114113247156276e-8  -0.00014755807223626309
6.908399999999999  -4.1145452132565355e-8  -0.00014747271138720666
6.910799999999999  -4.114965549987452e-8  -0.00014738736853304898
6.9132  -4.115374661585675e-8  -0.00014730204291072628
6.9155999999999995  -4.1157727616823996e-8  -0.00014721673395670193
6.917999999999999  -4.116159920897135e-8  -0.00014713144138507402
6.920399999999999  -4.116536133681476e-8  -0.0001470461651321909
6.9228  -4.1169013717648516e-8  -0.00014696090525969394
6.925199999999999  -4.11725561406495e-8  -0.00014687566187100026
6.927599999999999  -4.1175988567030385e-8  -0.00014679043506104526
6.93  -4.117931111323448e-8  -0.0001467052248992518
6.9323999999999995  -4.118252398656124e-8  -0.00014662003143379912
6.934799999999999  -4.118562743420876e-8  -0.00014653485470546897
6.9372  -4.1188621728609947e-8  -0.00014644969476084824
6.9395999999999995  -4.1191507178979254e-8  -0.000146364551657761
6.941999999999999  -4.119428416101984e-8  -0.000146279425451863
6.944399999999999  -4.119695310816863e-8  -0.00014619431614843967
6.9468  -4.1199514394041695e-8  -0.00014610922361450688
6.949199999999999  -4.1201968001074955e-8  -0.00014602414748729736
6.951599999999999  -4.120431296652399e-8  -0.00014593908718963153
6.954  -4.1206546870232704e-8  -0.00014585404220127308
6.9563999999999995  -4.1208665970836247e-8  -0.0001457690126132611
6.958799999999999  -4.121067394521655e-8  -0.00014568399956434668
6.9612  -4.121260438835371e-8  -0.00014559900463513846
6.9636  -4.121441745885365e-8  -0.00014551402848971034
6.965999999999999  -4.1216117467531314e-8  -0.0001454290709543753
6.968399999999999  -4.121770823806961e-8  -0.00014534413150079942
6.9708  -4.1219192253210205e-8  -0.00014525920961561297
6.973199999999999  -4.122057069427267e-8  -0.00014517430496583032
6.975599999999999  -4.122184387166409e-8  -0.0001450894174141192
6.978  -4.122301169539569e-8  -0.0001450045469624222
6.9803999999999995  -4.1224074009884454e-8  -0.000144919693681427
6.982799999999999  -4.122503075913134e-8  -0.00014483485765625473
6.985199999999999  -4.122588202114469e-8  -0.0001447500389571414
6.9876  -4.1226627971998947e-8  -0.00014466523763234532
6.989999999999999  -4.122726883503975e-8  -0.00014458045371368102
6.992399999999999  -4.122780484019928e-8  -0.00014449568722537363
6.9948  -4.122823620575453e-8  -0.0001444109381906206
6.997199999999999  -4.122856313770393e-8  -0.00014432620663395196
6.999599999999999  -4.122878583117675e-8  -0.00014424149258094812
7.002  -4.1228904473712864e-8  -0.0001441567960578784
7.0043999999999995  -4.122891924873218e-8  -0.0001440721170920173
7.006799999999999  -4.122883033640199e-8  -0.00014398745571209609
7.009199999999999  -4.1228637916483016e-8  -0.00014390281194805464
7.0116  -4.122834217567487e-8  -0.00014381818583049903
7.013999999999999  -4.122794330455319e-8  -0.00014373357738954975
7.016399999999999  -4.122744149794911e-8  -0.0001436489866541076
7.0188  -4.122683695432583e-8  -0.00014356441365161643
7.021199999999999  -4.122612986986974e-8  -0.000143479858408594
7.023599999999999  -4.1225320438896974e-8  -0.00014339532095110634
7.026  -4.122440885089896e-8  -0.00014331080130520823
7.0283999999999995  -4.122339529168085e-8  -0.00014322629949696563
7.030799999999999  -4.122227994257546e-8  -0.00014314181555251238
7.033199999999999  -4.122106298266588e-8  -0.00014305734949855822
7.0356  -4.121974458935469e-8  -0.00014297290136312303
7.037999999999999  -4.121832494104736e-8  -0.00014288847117639505
7.040399999999999  -4.1216804223223776e-8  -0.00014280405897176997
7.0428  -4.121518263689502e-8  -0.00014271966478589606
7.0451999999999995  -4.1213460406084364e-8  -0.0001426352886556701
7.047599999999999  -4.121163777788149e-8  -0.00014255093060707905
7.05  -4.12097149968824e-8  -0.00014246659063204786
7.0524  -4.120769222528374e-8  -0.0001423822686602728
7.054799999999999  -4.120556939109449e-8  -0.00014229796455137228
7.057199999999999  -4.120334602179224e-8  -0.00014221367815077973
7.0596  -4.1201021210333444e-8  -0.00014212940943414577
7.061999999999999  -4.119859392707841e-8  -0.0001420451586752992
7.064399999999999  -4.1196075454018105e-8  -0.000141960926378507
7.0668  -4.1193457968118855e-8  -0.0001418767128725986
7.0691999999999995  -4.119073899262922e-8  -0.00014179251819855916
7.071599999999999  -4.1187920003365195e-8  -0.0001417083422304405
7.073999999999999  -4.118500211046849e-8  -0.00014162418480894397
7.0764  -4.118198597909714e-8  -0.00014154004581766463
7.078799999999999  -4.117887193388838e-8  -0.00014145592520447046
7.081199999999999  -4.117566011088247e-8  -0.00014137182297058114
7.0836  -4.117235058776251e-8  -0.0001412877391481162
7.085999999999999  -4.116894345833908e-8  -0.00014120367377989032
7.088399999999999  -4.116543885629431e-8  -0.00014111962690644813
7.0908  -4.116183695195637e-8  -0.000141035598561479
7.0931999999999995  -4.1158137935656943e-8  -0.00014095158877222344
7.095599999999999  -4.115434200198322e-8  -0.0001408675975622629
7.097999999999999  -4.115044934018268e-8  -0.0001407836249541849
7.1004  -4.1146460135979166e-8  -0.00014069967097079158
7.102799999999999  -4.114237456628736e-8  -0.00014061573563551753
7.105199999999999  -4.113819280623303e-8  -0.00014053181897201187
7.1076  -4.113391502755378e-8  -0.00014044792100396898
7.109999999999999  -4.112954139751492e-8  -0.00014036404175522997
7.112399999999999  -4.11250720827041e-8  -0.00014028018125003132
7.1148  -4.112050724724243e-8  -0.0001401963395135242
7.1171999999999995  -4.1115847057338105e-8  -0.00014011251657131168
7.119599999999999  -4.1111091680500356e-8  -0.0001400287124487821
7.121999999999999  -4.110624128746392e-8  -0.00013994492717065755
7.1244  -4.1101296049044856e-8  -0.00013986116076156971
7.126799999999999  -4.109625613714341e-8  -0.000139777413246444
7.129199999999999  -4.109112172428326e-8  -0.00013969368465029607
7.1316  -4.108589298567147e-8  -0.0001396099749978932
7.1339999999999995  -4.1080570098182075e-8  -0.00013952628431323464
7.136399999999999  -4.10751532375778e-8  -0.0001394426126199526
7.1388  -4.106964257977045e-8  -0.00013935895994170757
7.1411999999999995  -4.1064038299072625e-8  -0.0001392753263025383
7.143599999999999  -4.105834057117929e-8  -0.00013919171172769207
7.145999999999999  -4.1052549575376824e-8  -0.00013910811624434727
7.1484  -4.10466654989476e-8  -0.00013902453988313268
7.150799999999999  -4.104068854614176e-8  -0.00013894098267887262
7.153199999999999  -4.1034618948178965e-8  -0.00013885744466812504
7.1556  -4.102845696774785e-8  -0.0001387739258778877
7.1579999999999995  -4.102220287676632e-8  -0.00013869042630285816
7.160399999999999  -4.101585687776334e-8  -0.00013860694587617732
7.162799999999999  -4.100941895702375e-8  -0.00013852348445648663
7.1652  -4.10028887072128e-8  -0.0001384400418695853
7.167599999999999  -4.099626524657596e-8  -0.00013835661803237947
7.169999999999999  -4.098954743874739e-8  -0.00013827321311710473
7.1724  -4.0982743918882396e-8  -0.00013818982754970575
7.174799999999999  -4.097585181978122e-8  -0.000138106461693554
7.177199999999999  -4.096886642214221e-8  -0.0001380231156650262
7.1796  -4.0961788955924954e-8  -0.00013793978940225505
7.1819999999999995  -4.095462044757076e-8  -0.0001378564827803201
7.184399999999999  -4.094736157077576e-8  -0.000137773195689988
7.186799999999999  -4.094001268149707e-8  -0.00013768992807010864
7.1892  -4.093257393613086e-8  -0.0001376066799078805
7.191599999999999  -4.092504540684433e-8  -0.00013752345122363237
7.193999999999999  -4.0917427161129075e-8  -0.00013744024205290014
7.1964  -4.0909719298135375e-8  -0.0001373570524332525
7.198799999999999  -4.090192195388995e-8  -0.00013727388239778024
7.201199999999999  -4.089403529167364e-8  -0.00013719073197398366
7.2036  -4.0886059487601546e-8  -0.00013710760118519573
7.2059999999999995  -4.087799472181385e-8  -0.0001370244900527673
7.208399999999999  -4.086984117282445e-8  -0.00013694139859773304
7.210799999999999  -4.0861599017344733e-8  -0.00013685832684133653
7.2132  -4.0853268431408486e-8  -0.0001367752748051037
7.215599999999999  -4.0844849591510266e-8  -0.0001366922425108428
7.217999999999999  -4.08363426726132e-8  -0.0001366092299807518
7.2204  -4.08277478536513e-8  -0.0001365262372371641
7.222799999999999  -4.0819065314832525e-8  -0.00013644326430204608
7.225199999999999  -4.081029523854678e-8  -0.00013636031119664696
7.2276  -4.080143780641149e-8  -0.00013627737794149887
7.2299999999999995  -4.0792493199623935e-8  -0.00013619446455654657
7.232399999999999  -4.078346159549183e-8  -0.00013611157106151466
7.234799999999999  -4.077434316912738e-8  -0.00013602869747595262
7.2372  -4.076513809085874e-8  -0.00013594584381921803
7.239599999999999  -4.075584652911673e-8  -0.00013586301011044813
7.241999999999999  -4.0746468647195736e-8  -0.00013578019636861088
7.2444  -4.073700460444638e-8  -0.00013569740261239177
7.2467999999999995  -4.072745455588247e-8  -0.00013561462886019967
7.249199999999999  -4.071781865029719e-8  -0.00013553187513025707
7.251599999999999  -4.0708097031306686e-8  -0.00013544914144113097
7.254  -4.0698289838230926e-8  -0.00013536642781249506
7.256399999999999  -4.0688397208953325e-8  -0.0001352837342663553
7.258799999999999  -4.0678419284257534e-8  -0.00013520106083016122
7.2612  -4.066835622356193e-8  -0.00013511840754165655
7.263599999999999  -4.065820822804023e-8  -0.00013503577445219978
7.265999999999999  -4.0647975573391486e-8  -0.0001349531616207613
7.2684  -4.0637658628800096e-8  -0.00013487056908662652
7.2707999999999995  -4.0627257810491274e-8  -0.00013478799681284788
7.273199999999999  -4.061677339764708e-8  -0.0001347054446118019
7.275599999999999  -4.060620517138064e-8  -0.00013462291210266256
7.278  -4.059555195199869e-8  -0.00013454039879033352
7.280399999999999  -4.0584811324332454e-8  -0.00013445790434413304
7.282799999999999  -4.0573980031059147e-8  -0.0001343754290167085
7.2852  -4.056307011681109e-8  -0.00013429297380749102
7.287599999999999  -4.055209497376194e-8  -0.00013421053984144762
7.289999999999999  -4.0541028957711395e-8  -0.0001341281275658343
7.2924  -4.0529875401808637e-8  -0.00013404573684249434
7.2947999999999995  -4.051863726185984e-8  -0.00013396336727511797
7.297199999999999  -4.050731649508032e-8  -0.00013388101846785846
7.299599999999999  -4.049591406409252e-8  -0.00013379869015208774
7.302  -4.0484430239296474e-8  -0.0001337163822073126
7.304399999999999  -4.047286495797108e-8  -0.0001336340946243286
7.306799999999999  -4.046121808884656e-8  -0.00013355182745203778
7.3092  -4.044948957318626e-8  -0.0001334695807533916
7.311599999999999  -4.043767945803101e-8  -0.00013338735458055605
7.313999999999999  -4.042578787025956e-8  -0.00013330514896824248
7.3164  -4.0413814975659977e-8  -0.00013322296393735006
7.3187999999999995  -4.040176094534647e-8  -0.00013314079950178706
7.321199999999999  -4.0389625939645435e-8  -0.00013305865567521892
7.323599999999999  -4.03774101067131e-8  -0.00013297653247700884
7.326  -4.0365113597267115e-8  -0.0001328944299384236
7.328399999999999  -4.035273659295201e-8  -0.0001328123481087606
7.330799999999999  -4.034027935004606e-8  -0.0001327302870549579
7.3332  -4.032774224170456e-8  -0.00013264824684190965
7.3355999999999995  -4.031512575304022e-8  -0.00013256622747817644
7.337999999999999  -4.0302430346505916e-8  -0.0001324842288262905
7.340399999999999  -4.0289656111507674e-8  -0.00013240225051338228
7.3427999999999995  -4.027680219884414e-8  -0.00013232029193238325
7.345199999999999  -4.02638662592525e-8  -0.00013223835245409476
7.347599999999999  -4.0250844392505166e-8  -0.00013215643189844328
7.35  -4.0237732221312054e-8  -0.00013207453105312423
7.352399999999999  -4.022456998173038e-8  -0.00013199265149222415
7.354799999999999  -4.021133072037216e-8  -0.00013191079431846696
7.3572  -4.019800410916816e-8  -0.00013182895974215403
7.3595999999999995  -4.018459442060678e-8  -0.0001317471473904497
7.361999999999999  -4.017110498989718e-8  -0.0001316653567090217
7.364399999999999  -4.015753778019069e-8  -0.00013158358722737147
7.3668  -4.01438935838087e-8  -0.0001315018386634088
7.369199999999999  -4.013017247557471e-8  -0.00013142011091521306
7.371599999999999  -4.0116374243039316e-8  -0.0001313384040003404
7.374  -4.0102498675758866e-8  -0.00013125671799012794
7.376399999999999  -4.008854569332622e-8  -0.00013117505296530923
7.378799999999999  -4.007451536826095e-8  -0.0001310934089997681
7.3812  -4.006040790996315e-8  -0.00013101178616445767
7.3835999999999995  -4.004622365758482e-8  -0.00013093018453403548
7.385999999999999  -4.003196308851372e-8  -0.00013084860417334466
7.388399999999999  -4.001762679675712e-8  -0.00013076704508384215
7.3908  -4.000321533867337e-8  -0.00013068550710784995
7.393199999999999  -3.998872885294547e-8  -0.00013060398982936756
7.395599999999999  -3.997416643973983e-8  -0.00013052249256704167
7.398  -3.995952552488945e-8  -0.00013044101458936904
7.400399999999999  -3.994480173813799e-8  -0.0001303595556138133
7.402799999999999  -3.992998999468569e-8  -0.00013027811639026402
7.4052  -3.991512813547875e-8  -0.00013019669862767796
7.4075999999999995  -3.9900201912718256e-8  -0.00013011530373222013
7.409999999999999  -3.988518963016349e-8  -0.00013003393209216484
7.412399999999999  -3.987009625184765e-8  -0.00012995258335152666
7.4148  -3.9854925847472664e-8  -0.00012987125687375473
7.417199999999999  -3.983968092168108e-8  -0.00012978995207709552
7.419599999999999  -3.9824362544417817e-8  -0.0001297086685874315
7.422  -3.9808970848091057e-8  -0.000129627406252901
7.4243999999999994  -3.979350556478089e-8  -0.00012954616508871667
7.426799999999999  -3.9777966425225716e-8  -0.0001294649452062295
7.429199999999999  -3.976235338985215e-8  -0.0001293837467535178
7.4315999999999995  -3.9746666734291483e-8  -0.00012930256986405135
7.433999999999999  -3.973090702005203e-8  -0.00012922141459142475
7.436399999999999  -3.971507489807522e-8  -0.0001291402808143937
7.4388  -3.9699170692794996e-8  -0.00012905916813402265
7.441199999999999  -3.968319373482494e-8  -0.00012897807585652947
7.443599999999999  -3.966714164965388e-8  -0.00012889700315173153
7.446  -3.965101003704729e-8  -0.0001288159495377744
7.4483999999999995  -3.963479330223736e-8  -0.00012873491551878947
7.450799999999999  -3.961851493073721e-8  -0.00012865390276630591
7.453199999999999  -3.960219385113113e-8  -0.00012857291308269127
7.4556  -3.958578700273064e-8  -0.00012849194717744856
7.457999999999999  -3.956929989363514e-8  -0.00012841100481488806
7.460399999999999  -3.955273743267839e-8  -0.00012833008532218325
7.4628  -3.953610287567885e-8  -0.00012824918800992275
7.465199999999999  -3.9519397789783005e-8  -0.00012816831239901338
7.467599999999999  -3.9502622556304755e-8  -0.00012808745828033966
7.47  -3.948577702063687e-8  -0.0001280066256703623
7.4723999999999995  -3.946886103168223e-8  -0.00012792581471446034
7.474799999999999  -3.9451874751664576e-8  -0.00012784502556173987
7.477199999999999  -3.943481866665885e-8  -0.00012776425821644166
7.4796  -3.941769323984978e-8  -0.00012768351238571252
7.481999999999999  -3.9400498193424105e-8  -0.0001276027874583166
7.484399999999999  -3.938323175213629e-8  -0.0001275220825451685
7.4868  -3.9365889967972554e-8  -0.00012744139681759905
7.489199999999999  -3.934846687375518e-8  -0.0001273607302701646
7.491599999999999  -3.9330956455794195e-8  -0.00012728008433235746
7.494  -3.931343635161166e-8  -0.00012719946133177903
7.4963999999999995  -3.929583090433314e-8  -0.0001271188625022965
7.498799999999999  -3.927814464778042e-8  -0.0001270382878725397
7.501199999999999  -3.9260383476950444e-8  -0.00012695773679719926
7.5036  -3.924255170406762e-8  -0.00012687720848556438
7.505999999999999  -3.92246517134687e-8  -0.00012679670233244127
7.508399999999999  -3.920668440020325e-8  -0.00012671621803892895
7.5108  -3.918864991089605e-8  -0.0001266357555729023
7.513199999999999  -3.917054828265392e-8  -0.0001265553150249543
7.515599999999999  -3.915237973664055e-8  -0.00012647489640492182
7.517999999999999  -3.913414448670127e-8  -0.00012639449943497807
7.5203999999999995  -3.911584204432169e-8  -0.00012631412354516586
7.522799999999999  -3.9097470524697637e-8  -0.00012623376786020086
7.525199999999999  -3.907902590730931e-8  -0.0001261534315091356
7.5276  -3.906050205095099e-8  -0.00012607311443229376
7.529999999999999  -3.90418926391557e-8  -0.00012599281800800688
7.532399999999999  -3.9023273146841634e-8  -0.0001259125445921785
7.5348  -3.900457650669897e-8  -0.00012583229557936934
7.5371999999999995  -3.8985800054206e-8  -0.00012575207112056584
7.539599999999999  -3.8966950016776055e-8  -0.00012567187061816932
7.541999999999999  -3.894803115702468e-8  -0.0001255916932790294
7.5443999999999996  -3.892904630072155e-8  -0.00012551153847744853
7.546799999999999  -3.8909996742498925e-8  -0.00012543140588423577
7.549199999999999  -3.889088295552974e-8  -0.00012535129539901775
7.5516  -3.8871705143101896e-8  -0.00012527120695042347
7.553999999999999  -3.8852463305513556e-8  -0.00012519114025318916
7.556399999999999  -3.883315672689313e-8  -0.0001251110947686132
7.5588  -3.8813783369306444e-8  -0.00012503106966098458
7.5611999999999995  -3.879433916028686e-8  -0.0001249510640444876
7.563599999999999  -3.8774817869764743e-8  -0.00012487107779438818
7.565999999999999  -3.8755212938913265e-8  -0.0001247911121870633
7.5684  -3.873559393994229e-8  -0.00012471116955637673
7.570799999999999  -3.871590876646132e-8  -0.0001246312514770305
7.573199999999999  -3.86961445440439e-8  -0.00012455135826149502
7.5756  -3.867630778679352e-8  -0.00012447148939385952
7.577999999999999  -3.865640374329225e-8  -0.0001243916440937299
7.580399999999999  -3.863643575879167e-8  -0.00012431182170154426
7.5828  -3.861640556581975e-8  -0.00012423202181130274
7.5851999999999995  -3.859631389632138e-8  -0.00012415224418241405
7.587599999999999  -3.857616087468165e-8  -0.00012407248852049478
7.589999999999999  -3.855594588942409e-8  -0.00012399275432599876
7.5924  -3.8535667102961545e-8  -0.0001239130408691958
7.594799999999999  -3.851532089628137e-8  -0.0001238333472314504
7.597199999999999  -3.849490142046521e-8  -0.00012375367301424494
7.5996  -3.847440183927278e-8  -0.00012367401901768952
7.601999999999999  -3.845386040508467e-8  -0.000123594387307929
7.604399999999999  -3.843328672102511e-8  -0.00012351477992358535
7.606799999999999  -3.84126330754087e-8  -0.00012343519765567443
7.6091999999999995  -3.839190618967227e-8  -0.00012335564025600426
7.611599999999999  -3.837111216365243e-8  -0.00012327610700263737
7.613999999999999  -3.8350255337071674e-8  -0.0001231965971567973
7.6164  -3.832933824606861e-8  -0.00012311711016569336
7.618799999999999  -3.83083620774516e-8  -0.00012303764561659469
7.621199999999999  -3.8287326997876064e-8  -0.00012295820303877115
7.6236  -3.8266232019871e-8  -0.00012287878179639464
7.6259999999999994  -3.824507459972192e-8  -0.00012279938105341543
7.628399999999999  -3.8223850163301835e-8  -0.00012271999995702094
7.630799999999999  -3.820255206288611e-8  -0.00012264063839050138
7.6331999999999995  -3.81811733439209e-8  -0.000122561297600901
7.635599999999999  -3.815978080913004e-8  -0.0001224819799475312
7.637999999999999  -3.813833410095112e-8  -0.00012240268719703173
7.6404  -3.811681051507258e-8  -0.00012232341983961438
7.642799999999999  -3.809521706088178e-8  -0.00012224417745915165
7.645199999999999  -3.807355972486879e-8  -0.00012216495928401628
7.6476  -3.805184261696621e-8  -0.00012208576456527304
7.6499999999999995  -3.803006802378353e-8  -0.00012200659269081923
7.652399999999999  -3.800823673648341e-8  -0.00012192744308395527
7.654799999999999  -3.7986348137538165e-8  -0.00012184831503671692
7.6572  -3.796439988596557e-8  -0.00012176920772875558
7.659599999999999  -3.7942387646312196e-8  -0.00012169012028279923
7.661999999999999  -3.792030495308746e-8  -0.00012161105240071205
7.6644  -3.789814459934879e-8  -0.00012153200500087256
7.666799999999999  -3.7875949547339126e-8  -0.00012145298024604387
7.669199999999999  -3.78537265313092e-8  -0.00012137398022877852
7.6716  -3.783142629480235e-8  -0.00012129500579016895
7.6739999999999995  -3.7809055967891214e-8  -0.00012121605672299699
7.676399999999999  -3.7786622158239146e-8  -0.00012113713230568941
7.678799999999999  -3.7764129718206526e-8  -0.00012105823171998415
7.6812  -3.774158151211997e-8  -0.00012097935421713512
7.683599999999999  -3.771897858281933e-8  -0.00012090049906533411
7.685999999999999  -3.769632019634718e-8  -0.00012082166542210239
7.6884  -3.7673603568756935e-8  -0.00012074285236902472
7.690799999999999  -3.765082369095325e-8  -0.0001206640590891265
7.693199999999999  -3.762797356869369e-8  -0.00012058528548378772
7.695599999999999  -3.760504594803554e-8  -0.00012050653275886423
7.6979999999999995  -3.758210304219352e-8  -0.00012042780325349682
7.700399999999999  -3.755911810848756e-8  -0.00012034909888362882
7.702799999999999  -3.753605845016519e-8  -0.00012027042031252374
7.7052  -3.7512931419086135e-8  -0.0001201917672267907
7.707599999999999  -3.7489743588842714e-8  -0.00012011313885434787
7.709999999999999  -3.7466499660481335e-8  -0.00012003453432489711
7.7124  -3.7443202223239416e-8  -0.00011995595278774348
7.714799999999999  -3.741985180143035e-8  -0.00011987739335463176
7.717199999999999  -3.739644676702971e-8  -0.00011979885505284344
7.719599999999999  -3.73729831332838e-8  -0.00011972033690757347
7.7219999999999995  -3.734945455386942e-8  -0.00011964183837527799
7.724399999999999  -3.732585335521017e-8  -0.00011956335995798777
7.726799999999999  -3.730218806669743e-8  -0.00011948490354936637
7.7292  -3.7278534124963515e-8  -0.00011940647164374512
7.731599999999999  -3.7254803245803983e-8  -0.00011932806561880055
7.733999999999999  -3.7231002707718743e-8  -0.00011924968556668981
7.7364  -3.720713999238719e-8  -0.00011917133084712659
7.7387999999999995  -3.718322102137599e-8  -0.00011909300054351394
7.741199999999999  -3.715924949678834e-8  -0.00011901469369048279
7.743599999999999  -3.7135226781676435e-8  -0.0001189364092973095
7.7459999999999996  -3.711115184188758e-8  -0.00011885814630562359
7.748399999999999  -3.708702108032357e-8  -0.00011877990367232657
7.750799999999999  -3.706282837836398e-8  -0.00011870168072020994
7.7532  -3.703856596831012e-8  -0.0001186234777199318
7.755599999999999  -3.701422671489196e-8  -0.00011854529635190104
7.757999999999999  -3.6989909509409376e-8  -0.00011846713919673342
7.7604  -3.6965522867289636e-8  -0.00011838900788438009
7.7627999999999995  -3.694106636526021e-8  -0.0001183109027849182
7.765199999999999  -3.691654780795721e-8  -0.00011823282334077704
7.767599999999999  -3.6891973645204496e-8  -0.00011815476863525236
7.77  -3.6867348106739016e-8  -0.00011807673760746081
7.772399999999999  -3.684267285563881e-8  -0.0001179987291686912
7.774799999999999  -3.681794692313536e-8  -0.00011792074218651408
7.7772  -3.679316660159604e-8  -0.00011784277559363409
7.779599999999999  -3.6768325604857324e-8  -0.00011776482874503846
7.781999999999999  -3.674341607708164e-8  -0.0001176869019725354
7.784399999999999  -3.671843094157977e-8  -0.00011760899699677916
7.7867999999999995  -3.6693474557256036e-8  -0.00011753111638631248
7.789199999999999  -3.666844659301041e-8  -0.00011745326176353094
7.791599999999999  -3.664335037963394e-8  -0.00011737543350841918
7.794  -3.6618193863325655e-8  -0.00011729763101758763
7.796399999999999  -3.659298352058757e-8  -0.00011721985329305643
7.798799999999999  -3.65677234157006e-8  -0.0001171420991970994
7.8012  -3.654241486303626e-8  -0.00011706436754608115
7.803599999999999  -3.6517056320635455e-8  -0.00011698665716934288
7.805999999999999  -3.649164341633094e-8  -0.00011690896708938032
7.808399999999999  -3.646616941399496e-8  -0.00011683129691019709
7.8107999999999995  -3.6440626609422387e-8  -0.00011675364730872783
7.813199999999999  -3.641503173731442e-8  -0.0001166760202068338
7.815599999999999  -3.6389450082410205e-8  -0.00011659841792260985
7.818  -3.636379614212085e-8  -0.00011652084181024989
7.820399999999999  -3.6338077190751746e-8  -0.00011644329204816165
7.822799999999999  -3.6312300911921724e-8  -0.00011636576793917208
7.8252  -3.628647329899197e-8  -0.00011628826839434974
7.8275999999999994  -3.626059771472394e-8  -0.00011621079218907981
7.829999999999999  -3.623467456510392e-8  -0.0001161333380699201
7.832399999999999  -3.620870123249517e-8  -0.00011605590488326821
7.8347999999999995  -3.61826723121363e-8  -0.00011597849185059357
7.837199999999999  -3.615658051305231e-8  -0.0001159010990033324
7.839599999999999  -3.61304186050445e-8  -0.00011582372757006929
7.842  -3.6104251511724606e-8  -0.0001157463797601739
7.844399999999999  -3.607805537157819e-8  -0.00011566905742027407
7.846799999999999  -3.6051791263475204e-8  -0.00011559176143536959
7.8492  -3.602546669609168e-8  -0.00011551449163733287
7.8515999999999995  -3.599908875735866e-8  -0.00011543724715156149
7.853999999999999  -3.597266241855656e-8  -0.00011536002677813724
7.856399999999999  -3.5946189757077724e-8  -0.0001152828292221924
7.8588  -3.59196697263418e-8  -0.0001152056532247805
7.861199999999999  -3.58930982428741e-8  -0.00011512849777514135
7.863599999999999  -3.5866468779703e-8  -0.0001150513624724392
7.866  -3.583977383293991e-8  -0.00011497424794831074
7.868399999999999  -3.5813025366884555e-8  -0.00011489715600624583
7.870799999999999  -3.578630021102344e-8  -0.00011482008887375758
7.8732  -3.575950555158246e-8  -0.00011474304792804254
7.8755999999999995  -3.5732648315407316e-8  -0.00011466603343178536
7.877999999999999  -3.5705736047403336e-8  -0.00011458904476584167
7.880399999999999  -3.567877478871453e-8  -0.00011451208080293485
7.8828  -3.5651767861980097e-8  -0.0001144351402157685
7.885199999999999  -3.56247153887967e-8  -0.0001143582216878092
7.887599999999999  -3.5597614315681717e-8  -0.00011428132410046947
7.89  -3.55704588898347e-8  -0.00011420444683653618
7.892399999999999  -3.554324186311341e-8  -0.00011412759017212933
7.894799999999999  -3.551595663624688e-8  -0.00011405075553190191
7.897199999999999  -3.548869434753739e-8  -0.00011397394509512144
7.8995999999999995  -3.5461383461816884e-8  -0.0001138971604734587
7.901999999999999  -3.5434009086328464e-8  -0.00011382040227932131
7.904399999999999  -3.5406578547998605e-8  -0.00011374367016910332
7.9068  -3.537909833484896e-8  -0.0001136669631679206
7.909199999999999  -3.535157258350384e-8  -0.00011359027997939067
7.911599999999999  -3.5324002304537924e-8  -0.00011351361926448147
7.914  -3.5296385279971727e-8  -0.00011343697985648984
7.916399999999999  -3.5268716477999246e-8  -0.00011336036103056026
7.918799999999999  -3.524098911625488e-8  -0.0001132837628509303
7.921199999999999  -3.521319654883003e-8  -0.00011320718643572863
7.9235999999999995  -3.518540111625864e-8  -0.00011313063374917525
7.925999999999999  -3.51575864561952e-8  -0.00011305410654883951
7.928399999999999  -3.5129708268901274e-8  -0.0001129776057770964
7.9308  -3.5101773734526077e-8  -0.0001129011314028118
7.933199999999999  -3.507378994301659e-8  -0.0001128246826307432
7.935599999999999  -3.504576206455351e-8  -0.00011274825819649768
7.938  -3.501769222121186e-8  -0.00011267185669886675
7.9403999999999995  -3.4989579158478256e-8  -0.00011259547679098332
7.942799999999999  -3.4961418378414615e-8  -0.00011251911743203309
7.945199999999999  -3.493320287171827e-8  -0.00011244277819790524
7.9475999999999996  -3.4904924597651144e-8  -0.00011236645951093462
7.949999999999999  -3.4876622659506186e-8  -0.00011229016249543043
7.952399999999999  -3.484831617568099e-8  -0.0001122138887905087
7.9548  -3.4819935076150875e-8  -0.00011213763971103703
7.957199999999999  -3.4791482072742645e-8  -0.00011206141624432973
7.959599999999999  -3.4762962233376396e-8  -0.00011198521940938014
7.962  -3.473438305984686e-8  -0.0001119090504810011
7.9643999999999995  -3.47057551022035e-8  -0.00011183291075029808
7.966799999999999  -3.467709199626054e-8  -0.00011175680171502016
7.969199999999999  -3.464841096268906e-8  -0.00011168072481877546
7.9716  -3.4619732671776387e-8  -0.00011160468076030549
7.973999999999999  -3.459107946240036e-8  -0.00011152866876493648
7.976399999999999  -3.456250344213054e-8  -0.00011145268577712694
7.9788  -3.4534070222894575e-8  -0.00011137672524632644
7.981199999999999  -3.4505693019614374e-8  -0.00011130077554659551
7.983599999999999  -3.447734130681155e-8  -0.000111224818872528
7.985999999999999  -3.444894181575839e-8  -0.00011114883203306202
7.9883999999999995  -3.442036560726938e-8  -0.00011107279392252657
7.990799999999999  -3.4391433077879375e-8  -0.00011099668979131954
7.993199999999999  -3.4361929213912567e-8  -0.00011092051719950888
7.9956  -3.4331633135984904e-8  -0.00011084429323473914
7.997999999999999  -3.4300364962873894e-8  -0.0001107680614168672
8.000399999999999  -3.426804925128108e-8  -0.0001106918973451965
8.002799999999999  -3.4234812657358654e-8  -0.00011061590299673684
8.005199999999999  -3.4201080149103344e-8  -0.00011054019074476735
8.0076  -3.416737714721873e-8  -0.00011046487102992376
8.01  -3.413458910284274e-8  -0.0001103900851218158
8.0124  -3.410394050351251e-8  -0.00011031601504829888
8.0148  -3.4077092691991756e-8  -0.00011024267497273232
8.017199999999999  -3.405574099580177e-8  -0.00011016994225577725
8.019599999999999  -3.404128639444383e-8  -0.00011009755521460484
8.021999999999998  -3.403450182216037e-8  -0.0001100250766344343
8.0244  -3.4035110885385436e-8  -0.00010995189087117337
8.0268  -3.404135963800111e-8  -0.00010987725839884653
8.0292  -3.40497303820506e-8  -0.00010980044131124876
8.0316  -3.405501628442403e-8  -0.00010972066853608053
8.033999999999999  -3.4049962784345506e-8  -0.00010963701508526449
8.036399999999999  -3.402519951228854e-8  -0.00010954831643548242
8.0388  -3.396856123325064e-8  -0.00010945489571473284
8.0412  -3.386865821133835e-8  -0.00010935765784154594
8.0436  -3.371627250496964e-8  -0.00010925832223288696
8.046  -3.350631276465963e-8  -0.00010915957862138732
8.048399999999999  -3.324014299049416e-8  -0.0001090650687151862
8.050799999999999  -3.292786727217594e-8  -0.00010897913273534386
8.053199999999999  -3.259000622367247e-8  -0.00010890623806709465
8.0556  -3.225780310540904e-8  -0.00010885004864775143
8.058  -3.197140647500306e-8  -0.00010881278347184792
8.0604  -3.177606386157094e-8  -0.00010879626116150705
8.0628  -3.172150129401023e-8  -0.00010879626116150705
8.065199999999999  -3.18629226935756e-8  -0.0001088027641739567
8.067599999999999  -3.2257795806393995e-8  -0.00010883323577344685
8.069999999999999  -3.2949000303178515e-8  -0.00010888159759897828
8.0724  -3.3964725015902046e-8  -0.00010894172847135164
8.0748  -3.531980334534068e-8  -0.00010900806363034406
8.0772  -3.701853329128025e-8  -0.00010907621332938954
8.0796  -3.905870307601696e-8  -0.00010914346516326817
8.081999999999999  -4.143575486172392e-8  -0.0001092088416116195
8.084399999999999  -4.414589514597794e-8  -0.0001092726186634481
8.086799999999998  -4.718679901656989e-8  -0.00010933548828236487
8.0892  -5.055676427598013e-8  -0.00010939767734863765
8.0916  -5.423674821299167e-8  -0.00010945195567815611
8.094  -5.8130401176801164e-8  -0.0001093690570013495
8.0964  -6.197075880609332e-8  -0.00010904954718754375
8.098799999999999  -6.522387269809958e-8  -0.00010840918809927316
8.101199999999999  -6.71196476250836e-8  -0.00010731447553681686
8.1036  -6.656757827521566e-8  -0.00010562129072035833
8.106  -6.213127426218799e-8  -0.00010321116769457199
8.1084  -5.209002690954178e-8  -0.00010002574889547996
8.1108  -3.458315290439649e-8  -9.607947292820517e-5
8.113199999999999  -7.784483982580338e-9  -9.142813300755699e-5
8.115599999999999  2.999821952951304e-8  -8.608068828588238e-5
8.117999999999999  8.043566504599791e-8  -7.986771704349148e-5
8.1204  1.4560516684077912e-7  -7.23325528017881e-5
8.1228  2.286799512379607e-7  -6.279945857605375e-5
8.1252  3.284622736117843e-7  -5.088979376268834e-5
8.1276  2.0632676858133231e-7  -3.788281256774543e-5
8.129999999999999  1.1540801841874329e-7  -2.5325887717889485e-5
8.132399999999999  5.462588789580853e-8  -1.4574365810364525e-5
8.134799999999998  1.9647409950933676e-8  -6.542226585715849e-6
8.1372  3.946066145215642e-9  -1.7397243504269894e-6
8.1396  -2.2927229580913198e-10  -2.011183618976671e-9
8.142  -2.34099136494676e-10  0.0
8.1444  1.0000000000099999e-13  0.0
8.146799999999999  1.0000000000099999e-13  0.0
8.149199999999999  1.0000000000099999e-13  0.0
8.151599999999998  1.0000000000099999e-13  0.0
8.154  1.0000000000099999e-13  0.0
8.1564  1.0000000000099999e-13  0.0
8.1588  1.0000000000099999e-13  0.0
8.1612  1.0000000000099999e-13  0.0
8.163599999999999  1.0000000000099999e-13  0.0
8.165999999999999  1.0000000000099999e-13  0.0
8.1684  1.0000000000099999e-13  0.0
8.1708  1.0000000000099999e-13  0.0
8.1732  1.0000000000099999e-13  0.0
8.1756  1.0000000000099999e-13  0.0
8.177999999999999  1.0000000000099999e-13  0.0
8.180399999999999  1.0000000000099999e-13  0.0
8.182799999999999  1.0000000000099999e-13  0.0
8.1852  1.0000000000099999e-13  0.0
8.1876  1.0000000000099999e-13  0.0
8.19  1.0000000000099999e-13  0.0
8.1924  1.0000000000099999e-13  0.0
8.194799999999999  1.0000000000099999e-13  0.0
8.197199999999999  1.0000000000099999e-13  0.0
8.199599999999998  1.0000000000099999e-13  0.0
8.202  1.0000000000099999e-13  0.0
8.2044  1.0000000000099999e-13  0.0
8.2068  1.0000000000099999e-13  0.0
8.2092  1.0000000000099999e-13  0.0
8.211599999999999  1.0000000000099999e-13  0.0
8.213999999999999  1.0000000000099999e-13  0.0
8.2164  1.0000000000099999e-13  0.0
8.2188  1.0000000000099999e-13  0.0
8.2212  1.0000000000099999e-13  0.0
8.2236  1.0000000000099999e-13  0.0
8.225999999999999  1.0000000000099999e-13  0.0
8.228399999999999  1.0000000000099999e-13  0.0
8.230799999999999  1.0000000000099999e-13  0.0
8.2332  1.0000000000099999e-13  0.0
8.2356  1.0000000000099999e-13  0.0
8.238  1.0000000000099999e-13  0.0
8.2404  1.0000000000099999e-13  0.0
8.242799999999999  1.0000000000099999e-13  0.0
8.245199999999999  1.0000000000099999e-13  0.0
8.247599999999998  1.0000000000099999e-13  0.0
8.25  1.0000000000099999e-13  0.0
8.2524  1.0000000000099999e-13  0.0
8.2548  1.0000000000099999e-13  0.0
8.2572  1.0000000000099999e-13  0.0
8.259599999999999  1.0000000000099999e-13  0.0
8.261999999999999  1.0000000000099999e-13  0.0
8.264399999999998  1.0000000000099999e-13  0.0
8.2668  1.0000000000099999e-13  0.0
8.2692  1.0000000000099999e-13  0.0
8.2716  1.0000000000099999e-13  0.0
8.274  1.0000000000099999e-13  0.0
8.276399999999999  1.0000000000099999e-13  0.0
8.278799999999999  1.0000000000099999e-13  0.0
8.2812  1.0000000000099999e-13  0.0
8.2836  1.0000000000099999e-13  0.0
8.286  1.0000000000099999e-13  0.0
8.2884  1.0000000000099999e-13  0.0
8.290799999999999  1.0000000000099999e-13  0.0
8.293199999999999  1.0000000000099999e-13  0.0
8.295599999999999  1.0000000000099999e-13  0.0
8.298  1.0000000000099999e-13  0.0
8.3004  1.0000000000099999e-13  0.0
8.3028  1.0000000000099999e-13  0.0
8.3052  1.0000000000099999e-13  0.0
8.307599999999999  1.0000000000099999e-13  0.0
8.309999999999999  1.0000000000099999e-13  0.0
8.312399999999998  1.0000000000099999e-13  0.0
8.3148  1.0000000000099999e-13  0.0
8.3172  1.0000000000099999e-13  0.0
8.3196  1.0000000000099999e-13  0.0
8.322  1.0000000000099999e-13  0.0
8.324399999999999  1.0000000000099999e-13  0.0
8.326799999999999  1.0000000000099999e-13  0.0
8.329199999999998  1.0000000000099999e-13  0.0
8.3316  1.0000000000099999e-13  0.0
8.334  1.0000000000099999e-13  0.0
8.3364  1.0000000000099999e-13  0.0
8.338799999999999  1.0000000000099999e-13  0.0
8.341199999999999  1.0000000000099999e-13  0.0
8.343599999999999  1.0000000000099999e-13  0.0
8.346  1.0000000000099999e-13  0.0
8.3484  1.0000000000099999e-13  0.0
8.3508  1.0000000000099999e-13  0.0
8.3532  1.0000000000099999e-13  0.0
8.355599999999999  1.0000000000099999e-13  0.0
8.357999999999999  1.0000000000099999e-13  0.0
8.360399999999998  1.0000000000099999e-13  0.0
8.3628  1.0000000000099999e-13  0.0
8.3652  1.0000000000099999e-13  0.0
8.3676  1.0000000000099999e-13  0.0
8.37  1.0000000000099999e-13  0.0
8.372399999999999  1.0000000000099999e-13  0.0
8.374799999999999  1.0000000000099999e-13  0.0
8.377199999999998  1.0000000000099999e-13  0.0
8.3796  1.0000000000099999e-13  0.0
8.382  1.0000000000099999e-13  0.0
8.3844  1.0000000000099999e-13  0.0
8.3868  1.0000000000099999e-13  0.0
8.389199999999999  1.0000000000099999e-13  0.0
8.391599999999999  1.0000000000099999e-13  0.0
8.394  1.0000000000099999e-13  0.0
8.3964  1.0000000000099999e-13  0.0
8.3988  1.0000000000099999e-13  0.0
8.4012  1.0000000000099999e-13  0.0
8.403599999999999  1.0000000000099999e-13  0.0
8.405999999999999  1.0000000000099999e-13  0.0
8.408399999999999  1.0000000000099999e-13  0.0
8.4108  1.0000000000099999e-13  0.0
8.4132  1.0000000000099999e-13  0.0
8.4156  1.0000000000099999e-13  0.0
8.418  1.0000000000099999e-13  0.0
8.420399999999999  1.0000000000099999e-13  0.0
8.422799999999999  1.0000000000099999e-13  0.0
8.425199999999998  1.0000000000099999e-13  0.0
8.4276  1.0000000000099999e-13  0.0
8.43  1.0000000000099999e-13  0.0
8.4324  1.0000000000099999e-13  0.0
8.4348  1.0000000000099999e-13  0.0
8.437199999999999  1.0000000000099999e-13  0.0
8.439599999999999  1.0000000000099999e-13  0.0
8.441999999999998  1.0000000000099999e-13  0.0
8.4444  1.0000000000099999e-13  0.0
8.4468  1.0000000000099999e-13  0.0
8.4492  1.0000000000099999e-13  0.0
8.4516  1.0000000000099999e-13  0.0
8.453999999999999  1.0000000000099999e-13  0.0
8.456399999999999  1.0000000000099999e-13  0.0
8.4588  1.0000000000099999e-13  0.0
8.4612  1.0000000000099999e-13  0.0
8.4636  1.0000000000099999e-13  0.0
8.466  1.0000000000099999e-13  0.0
8.468399999999999  1.0000000000099999e-13  0.0
8.470799999999999  1.0000000000099999e-13  0.0
8.473199999999999  1.0000000000099999e-13  0.0
8.4756  1.0000000000099999e-13  0.0
8.478  1.0000000000099999e-13  0.0
8.4804  1.0000000000099999e-13  0.0
8.4828  1.0000000000099999e-13  0.0
8.485199999999999  1.0000000000099999e-13  0.0
8.487599999999999  1.0000000000099999e-13  0.0
8.489999999999998  1.0000000000099999e-13  0.0
8.4924  1.0000000000099999e-13  0.0
8.4948  1.0000000000099999e-13  0.0
8.4972  1.0000000000099999e-13  0.0
8.4996  1.0000000000099999e-13  0.0
8.501999999999999  1.0000000000099999e-13  0.0
8.504399999999999  1.0000000000099999e-13  0.0
8.5068  1.0000000000099999e-13  0.0
8.5092  1.0000000000099999e-13  0.0
8.5116  1.0000000000099999e-13  0.0
8.514  1.0000000000099999e-13  0.0
8.516399999999999  1.0000000000099999e-13  0.0
8.518799999999999  1.0000000000099999e-13  0.0
8.521199999999999  1.0000000000099999e-13  0.0
8.5236  1.0000000000099999e-13  0.0
8.526  1.0000000000099999e-13  0.0
8.5284  1.0000000000099999e-13  0.0
8.5308  1.0000000000099999e-13  0.0
8.533199999999999  1.0000000000099999e-13  0.0
8.535599999999999  1.0000000000099999e-13  0.0
8.537999999999998  1.0000000000099999e-13  0.0
8.5404  1.0000000000099999e-13  0.0
8.5428  1.0000000000099999e-13  0.0
8.5452  1.0000000000099999e-13  0.0
8.5476  1.0000000000099999e-13  0.0
8.549999999999999  1.0000000000099999e-13  0.0
8.552399999999999  1.0000000000099999e-13  0.0
8.554799999999998  1.0000000000099999e-13  0.0
8.5572  1.0000000000099999e-13  0.0
8.5596  1.0000000000099999e-13  0.0
8.562  1.0000000000099999e-13  0.0
8.5644  1.0000000000099999e-13  0.0
8.566799999999999  1.0000000000099999e-13  0.0
8.569199999999999  1.0000000000099999e-13  0.0
8.5716  1.0000000000099999e-13  0.0
8.574  1.0000000000099999e-13  0.0
8.5764  1.0000000000099999e-13  0.0
8.5788  1.0000000000099999e-13  0.0
8.581199999999999  1.0000000000099999e-13  0.0
8.583599999999999  1.0000000000099999e-13  0.0
8.585999999999999  1.0000000000099999e-13  0.0
8.5884  1.0000000000099999e-13  0.0
8.5908  1.0000000000099999e-13  0.0
8.5932  1.0000000000099999e-13  0.0
8.5956  1.0000000000099999e-13  0.0
8.597999999999999  1.0000000000099999e-13  0.0
8.600399999999999  1.0000000000099999e-13  0.0
8.602799999999998  1.0000000000099999e-13  0.0
8.6052  1.0000000000099999e-13  0.0
8.6076  1.0000000000099999e-13  0.0
8.61  1.0000000000099999e-13  0.0
8.6124  1.0000000000099999e-13  0.0
8.614799999999999  1.0000000000099999e-13  0.0
8.617199999999999  1.0000000000099999e-13  0.0
8.619599999999998  1.0000000000099999e-13  0.0
8.622  1.0000000000099999e-13  0.0
8.6244  1.0000000000099999e-13  0.0
8.6268  1.0000000000099999e-13  0.0
8.629199999999999  1.0000000000099999e-13  0.0
8.631599999999999  1.0000000000099999e-13  0.0
8.633999999999999  1.0000000000099999e-13  0.0
8.6364  1.0000000000099999e-13  0.0
8.6388  1.0000000000099999e-13  0.0
8.6412  1.0000000000099999e-13  0.0
8.6436  1.0000000000099999e-13  0.0
8.645999999999999  1.0000000000099999e-13  0.0
8.648399999999999  1.0000000000099999e-13  0.0
8.650799999999998  1.0000000000099999e-13  0.0
8.6532  1.0000000000099999e-13  0.0
8.6556  1.0000000000099999e-13  0.0
8.658  1.0000000000099999e-13  0.0
8.6604  1.0000000000099999e-13  0.0
8.662799999999999  1.0000000000099999e-13  0.0
8.665199999999999  1.0000000000099999e-13  0.0
8.667599999999998  1.0000000000099999e-13  0.0
8.67  1.0000000000099999e-13  0.0
8.6724  1.0000000000099999e-13  0.0
8.6748  1.0000000000099999e-13  0.0
8.6772  1.0000000000099999e-13  0.0
8.679599999999999  1.0000000000099999e-13  0.0
8.681999999999999  1.0000000000099999e-13  0.0
8.6844  1.0000000000099999e-13  0.0
8.6868  1.0000000000099999e-13  0.0
8.6892  1.0000000000099999e-13  0.0
8.6916  1.0000000000099999e-13  0.0
8.693999999999999  1.0000000000099999e-13  0.0
8.696399999999999  1.0000000000099999e-13  0.0
8.698799999999999  1.0000000000099999e-13  0.0
8.7012  1.0000000000099999e-13  0.0
8.7036  1.0000000000099999e-13  0.0
8.706  1.0000000000099999e-13  0.0
8.7084  1.0000000000099999e-13  0.0
8.710799999999999  1.0000000000099999e-13  0.0
8.713199999999999  1.0000000000099999e-13  0.0
8.715599999999998  1.0000000000099999e-13  0.0
8.718  1.0000000000099999e-13  0.0
8.7204  1.0000000000099999e-13  0.0
8.7228  1.0000000000099999e-13  0.0
8.7252  1.0000000000099999e-13  0.0
8.727599999999999  1.0000000000099999e-13  0.0
8.729999999999999  1.0000000000099999e-13  0.0
8.732399999999998  1.0000000000099999e-13  0.0
8.7348  1.0000000000099999e-13  0.0
8.7372  1.0000000000099999e-13  0.0
8.7396  1.0000000000099999e-13  0.0
8.741999999999999  1.0000000000099999e-13  0.0
8.744399999999999  1.0000000000099999e-13  0.0
8.746799999999999  1.0000000000099999e-13  0.0
8.7492  1.0000000000099999e-13  0.0
8.7516  1.0000000000099999e-13  0.0
8.754  1.0000000000099999e-13  0.0
8.7564  1.0000000000099999e-13  0.0
8.758799999999999  1.0000000000099999e-13  0.0
8.761199999999999  1.0000000000099999e-13  0.0
8.763599999999999  1.0000000000099999e-13  0.0
8.766  1.0000000000099999e-13  0.0
8.7684  1.0000000000099999e-13  0.0
8.7708  1.0000000000099999e-13  0.0
8.7732  1.0000000000099999e-13  0.0
8.775599999999999  1.0000000000099999e-13  0.0
8.777999999999999  1.0000000000099999e-13  0.0
8.780399999999998  1.0000000000099999e-13  0.0
8.7828  1.0000000000099999e-13  0.0
8.7852  1.0000000000099999e-13  0.0
8.7876  1.0000000000099999e-13  0.0
8.79  1.0000000000099999e-13  0.0
8.792399999999999  1.0000000000099999e-13  0.0
8.794799999999999  1.0000000000099999e-13  0.0
8.797199999999998  1.0000000000099999e-13  0.0
8.7996  1.0000000000099999e-13  0.0
8.802  1.0000000000099999e-13  0.0
8.8044  1.0000000000099999e-13  0.0
8.806799999999999  1.0000000000099999e-13  0.0
8.809199999999999  1.0000000000099999e-13  0.0
8.811599999999999  1.0000000000099999e-13  0.0
8.814  1.0000000000099999e-13  0.0
8.8164  1.0000000000099999e-13  0.0
8.8188  1.0000000000099999e-13  0.0
8.8212  1.0000000000099999e-13  0.0
8.823599999999999  1.0000000000099999e-13  0.0
8.825999999999999  1.0000000000099999e-13  0.0
8.828399999999998  1.0000000000099999e-13  0.0
8.8308  1.0000000000099999e-13  0.0
8.8332  1.0000000000099999e-13  0.0
8.8356  1.0000000000099999e-13  0.0
8.838  1.0000000000099999e-13  0.0
8.840399999999999  1.0000000000099999e-13  0.0
8.842799999999999  1.0000000000099999e-13  0.0
8.845199999999998  1.0000000000099999e-13  0.0
8.8476  1.0000000000099999e-13  0.0
8.85  1.0000000000099999e-13  0.0
8.8524  1.0000000000099999e-13  0.0
8.8548  1.0000000000099999e-13  0.0
8.857199999999999  1.0000000000099999e-13  0.0
8.859599999999999  1.0000000000099999e-13  0.0
8.862  1.0000000000099999e-13  0.0
8.8644  1.0000000000099999e-13  0.0
8.8668  1.0000000000099999e-13  0.0
8.8692  1.0000000000099999e-13  0.0
8.871599999999999  1.0000000000099999e-13  0.0
8.873999999999999  1.0000000000099999e-13  0.0
8.876399999999999  1.0000000000099999e-13  0.0
8.8788  1.0000000000099999e-13  0.0
8.8812  1.0000000000099999e-13  0.0
8.8836  1.0000000000099999e-13  0.0
8.886  1.0000000000099999e-13  0.0
8.888399999999999  1.0000000000099999e-13  0.0
8.890799999999999  1.0000000000099999e-13  0.0
8.893199999999998  1.0000000000099999e-13  0.0
8.8956  1.0000000000099999e-13  0.0
8.898  1.0000000000099999e-13  0.0
8.9004  1.0000000000099999e-13  0.0
8.9028  1.0000000000099999e-13  0.0
8.905199999999999  1.0000000000099999e-13  0.0
8.907599999999999  1.0000000000099999e-13  0.0
8.909999999999998  1.0000000000099999e-13  0.0
8.9124  1.0000000000099999e-13  0.0
8.9148  1.0000000000099999e-13  0.0
8.9172  1.0000000000099999e-13  0.0
8.919599999999999  1.0000000000099999e-13  0.0
8.921999999999999  1.0000000000099999e-13  0.0
8.924399999999999  1.0000000000099999e-13  0.0
8.9268  1.0000000000099999e-13  0.0
8.9292  1.0000000000099999e-13  0.0
8.9316  1.0000000000099999e-13  0.0
8.934  1.0000000000099999e-13  0.0
8.936399999999999  1.0000000000099999e-13  0.0
8.938799999999999  1.0000000000099999e-13  0.0
8.941199999999998  1.0000000000099999e-13  0.0
8.9436  1.0000000000099999e-13  0.0
8.946  1.0000000000099999e-13  0.0
8.9484  1.0000000000099999e-13  0.0
8.9508  1.0000000000099999e-13  0.0
8.953199999999999  1.0000000000099999e-13  0.0
8.955599999999999  1.0000000000099999e-13  0.0
8.957999999999998  1.0000000000099999e-13  0.0
8.9604  1.0000000000099999e-13  0.0
8.9628  1.0000000000099999e-13  0.0
8.9652  1.0000000000099999e-13  0.0
8.9676  1.0000000000099999e-13  0.0
8.969999999999999  1.0000000000099999e-13  0.0
8.972399999999999  1.0000000000099999e-13  0.0
8.974799999999998  1.0000000000099999e-13  0.0
8.9772  1.0000000000099999e-13  0.0
8.9796  1.0000000000099999e-13  0.0
8.982  1.0000000000099999e-13  0.0
8.984399999999999  1.0000000000099999e-13  0.0
8.986799999999999  1.0000000000099999e-13  0.0
8.989199999999999  1.0000000000099999e-13  0.0
8.9916  1.0000000000099999e-13  0.0
8.994  1.0000000000099999e-13  0.0
8.9964  1.0000000000099999e-13  0.0
8.9988  1.0000000000099999e-13  0.0
9.001199999999999  1.0000000000099999e-13  0.0
9.003599999999999  1.0000000000099999e-13  0.0
9.005999999999998  1.0000000000099999e-13  0.0
9.0084  1.0000000000099999e-13  0.0
9.0108  1.0000000000099999e-13  0.0
9.0132  1.0000000000099999e-13  0.0
9.0156  1.0000000000099999e-13  0.0
9.017999999999999  1.0000000000099999e-13  0.0
9.020399999999999  1.0000000000099999e-13  0.0
9.022799999999998  1.0000000000099999e-13  0.0
9.0252  1.0000000000099999e-13  0.0
9.0276  1.0000000000099999e-13  0.0
9.03  1.0000000000099999e-13  0.0
9.032399999999999  1.0000000000099999e-13  0.0
9.034799999999999  1.0000000000099999e-13  0.0
9.037199999999999  1.0000000000099999e-13  0.0
9.0396  1.0000000000099999e-13  0.0
9.042  1.0000000000099999e-13  0.0
9.0444  1.0000000000099999e-13  0.0
9.0468  1.0000000000099999e-13  0.0
9.049199999999999  1.0000000000099999e-13  0.0
9.051599999999999  1.0000000000099999e-13  0.0
9.053999999999998  1.0000000000099999e-13  0.0
9.0564  1.0000000000099999e-13  0.0
9.0588  1.0000000000099999e-13  0.0
9.0612  1.0000000000099999e-13  0.0
9.0636  1.0000000000099999e-13  0.0
9.065999999999999  1.0000000000099999e-13  0.0
9.068399999999999  1.0000000000099999e-13  0.0
9.070799999999998  1.0000000000099999e-13  0.0
9.0732  1.0000000000099999e-13  0.0
9.0756  1.0000000000099999e-13  0.0
9.078  1.0000000000099999e-13  0.0
9.0804  1.0000000000099999e-13  0.0
9.082799999999999  1.0000000000099999e-13  0.0
9.085199999999999  1.0000000000099999e-13  0.0
9.087599999999998  1.0000000000099999e-13  0.0
9.09  1.0000000000099999e-13  0.0
9.0924  1.0000000000099999e-13  0.0
9.0948  1.0000000000099999e-13  0.0
9.097199999999999  1.0000000000099999e-13  0.0
9.099599999999999  1.0000000000099999e-13  0.0
9.101999999999999  1.0000000000099999e-13  0.0
9.1044  1.0000000000099999e-13  0.0
9.1068  1.0000000000099999e-13  0.0
9.1092  1.0000000000099999e-13  0.0
9.1116  1.0000000000099999e-13  0.0
9.113999999999999  1.0000000000099999e-13  0.0
9.116399999999999  1.0000000000099999e-13  0.0
9.118799999999998  1.0000000000099999e-13  0.0
9.1212  1.0000000000099999e-13  0.0
9.1236  1.0000000000099999e-13  0.0
9.126  1.0000000000099999e-13  0.0
9.1284  1.0000000000099999e-13  0.0
9.130799999999999  1.0000000000099999e-13  0.0
9.133199999999999  1.0000000000099999e-13  0.0
9.135599999999998  1.0000000000099999e-13  0.0
9.138  1.0000000000099999e-13  0.0
9.1404  1.0000000000099999e-13  0.0
9.1428  1.0000000000099999e-13  0.0
9.145199999999999  1.0000000000099999e-13  0.0
9.147599999999999  1.0000000000099999e-13  0.0
9.149999999999999  1.0000000000099999e-13  0.0
9.152399999999998  1.0000000000099999e-13  0.0
9.1548  1.0000000000099999e-13  0.0
9.1572  1.0000000000099999e-13  0.0
9.1596  1.0000000000099999e-13  0.0
9.161999999999999  1.0000000000099999e-13  0.0
9.164399999999999  1.0000000000099999e-13  0.0
9.166799999999999  1.0000000000099999e-13  0.0
9.1692  1.0000000000099999e-13  0.0
9.1716  1.0000000000099999e-13  0.0
9.174  1.0000000000099999e-13  0.0
9.1764  1.0000000000099999e-13  0.0
9.178799999999999  1.0000000000099999e-13  0.0
9.181199999999999  1.0000000000099999e-13  0.0
9.183599999999998  1.0000000000099999e-13  0.0
9.186  1.0000000000099999e-13  0.0
9.1884  1.0000000000099999e-13  0.0
9.1908  1.0000000000099999e-13  0.0
9.1932  1.0000000000099999e-13  0.0
9.195599999999999  1.0000000000099999e-13  0.0
9.197999999999999  1.0000000000099999e-13  0.0
9.200399999999998  1.0000000000099999e-13  0.0
9.2028  1.0000000000099999e-13  0.0
9.2052  1.0000000000099999e-13  0.0
9.2076  1.0000000000099999e-13  0.0
9.209999999999999  1.0000000000099999e-13  0.0
9.212399999999999  1.0000000000099999e-13  0.0
9.214799999999999  1.0000000000099999e-13  0.0
9.2172  1.0000000000099999e-13  0.0
9.2196  1.0000000000099999e-13  0.0
9.222  1.0000000000099999e-13  0.0
9.2244  1.0000000000099999e-13  0.0
9.226799999999999  1.0000000000099999e-13  0.0
9.229199999999999  1.0000000000099999e-13  0.0
9.231599999999998  1.0000000000099999e-13  0.0
9.234  1.0000000000099999e-13  0.0
9.2364  1.0000000000099999e-13  0.0
9.2388  1.0000000000099999e-13  0.0
9.2412  1.0000000000099999e-13  0.0
9.243599999999999  1.0000000000099999e-13  0.0
9.245999999999999  1.0000000000099999e-13  0.0
9.248399999999998  1.0000000000099999e-13  0.0
9.2508  1.0000000000099999e-13  0.0
9.2532  1.0000000000099999e-13  0.0
9.2556  1.0000000000099999e-13  0.0
9.258  1.0000000000099999e-13  0.0
9.260399999999999  1.0000000000099999e-13  0.0
9.262799999999999  1.0000000000099999e-13  0.0
9.265199999999998  1.0000000000099999e-13  0.0
9.2676  1.0000000000099999e-13  0.0
9.27  1.0000000000099999e-13  0.0
9.2724  1.0000000000099999e-13  0.0
9.274799999999999  1.0000000000099999e-13  0.0
9.277199999999999  1.0000000000099999e-13  0.0
9.279599999999999  1.0000000000099999e-13  0.0
9.282  1.0000000000099999e-13  0.0
9.2844  1.0000000000099999e-13  0.0
9.2868  1.0000000000099999e-13  0.0
9.2892  1.0000000000099999e-13  0.0
9.291599999999999  1.0000000000099999e-13  0.0
9.293999999999999  1.0000000000099999e-13  0.0
9.296399999999998  1.0000000000099999e-13  0.0
9.2988  1.0000000000099999e-13  0.0
9.3012  1.0000000000099999e-13  0.0
9.3036  1.0000000000099999e-13  0.0
9.306  1.0000000000099999e-13  0.0
9.308399999999999  1.0000000000099999e-13  0.0
9.310799999999999  1.0000000000099999e-13  0.0
9.313199999999998  1.0000000000099999e-13  0.0
9.3156  1.0000000000099999e-13  0.0
9.318  1.0000000000099999e-13  0.0
9.3204  1.0000000000099999e-13  0.0
9.322799999999999  1.0000000000099999e-13  0.0
9.325199999999999  1.0000000000099999e-13  0.0
9.327599999999999  1.0000000000099999e-13  0.0
9.329999999999998  1.0000000000099999e-13  0.0
9.3324  1.0000000000099999e-13  0.0
9.3348  1.0000000000099999e-13  0.0
9.3372  1.0000000000099999e-13  0.0
9.339599999999999  1.0000000000099999e-13  0.0
9.341999999999999  1.0000000000099999e-13  0.0
9.344399999999998  1.0000000000099999e-13  0.0
9.3468  1.0000000000099999e-13  0.0
9.3492  1.0000000000099999e-13  0.0
9.3516  1.0000000000099999e-13  0.0
9.354  1.0000000000099999e-13  0.0
9.356399999999999  1.0000000000099999e-13  0.0
9.358799999999999  1.0000000000099999e-13  0.0
9.361199999999998  1.0000000000099999e-13  0.0
9.3636  1.0000000000099999e-13  0.0
9.366  1.0000000000099999e-13  0.0
9.3684  1.0000000000099999e-13  0.0
9.3708  1.0000000000099999e-13  0.0
9.373199999999999  1.0000000000099999e-13  0.0
9.375599999999999  1.0000000000099999e-13  0.0
9.377999999999998  1.0000000000099999e-13  0.0
9.3804  1.0000000000099999e-13  0.0
9.3828  1.0000000000099999e-13  0.0
9.3852  1.0000000000099999e-13  0.0
9.387599999999999  1.0000000000099999e-13  0.0
9.389999999999999  1.0000000000099999e-13  0.0
9.392399999999999  1.0000000000099999e-13  0.0
9.3948  1.0000000000099999e-13  0.0
9.3972  1.0000000000099999e-13  0.0
9.3996  1.0000000000099999e-13  0.0
9.402  1.0000000000099999e-13  0.0
9.404399999999999  1.0000000000099999e-13  0.0
9.406799999999999  1.0000000000099999e-13  0.0
9.409199999999998  1.0000000000099999e-13  0.0
9.4116  1.0000000000099999e-13  0.0
9.414  1.0000000000099999e-13  0.0
9.4164  1.0000000000099999e-13  0.0
9.4188  1.0000000000099999e-13  0.0
9.421199999999999  1.0000000000099999e-13  0.0
9.423599999999999  1.0000000000099999e-13  0.0
9.425999999999998  1.0000000000099999e-13  0.0
9.4284  1.0000000000099999e-13  0.0
9.4308  1.0000000000099999e-13  0.0
9.4332  1.0000000000099999e-13  0.0
9.435599999999999  1.0000000000099999e-13  0.0
9.437999999999999  1.0000000000099999e-13  0.0
9.440399999999999  1.0000000000099999e-13  0.0
9.442799999999998  1.0000000000099999e-13  0.0
9.4452  1.0000000000099999e-13  0.0
9.4476  1.0000000000099999e-13  0.0
9.45  1.0000000000099999e-13  0.0
9.452399999999999  1.0000000000099999e-13  0.0
9.454799999999999  1.0000000000099999e-13  0.0
9.457199999999998  1.0000000000099999e-13  0.0
9.4596  1.0000000000099999e-13  0.0
9.462  1.0000000000099999e-13  0.0
9.4644  1.0000000000099999e-13  0.0
9.4668  1.0000000000099999e-13  0.0
9.469199999999999  1.0000000000099999e-13  0.0
9.471599999999999  1.0000000000099999e-13  0.0
9.473999999999998  1.0000000000099999e-13  0.0
9.4764  1.0000000000099999e-13  0.0
9.4788  1.0000000000099999e-13  0.0
9.4812  1.0000000000099999e-13  0.0
9.4836  1.0000000000099999e-13  0.0
9.485999999999999  1.0000000000099999e-13  0.0
9.488399999999999  1.0000000000099999e-13  0.0
9.490799999999998  1.0000000000099999e-13  0.0
9.4932  1.0000000000099999e-13  0.0
9.4956  1.0000000000099999e-13  0.0
9.498  1.0000000000099999e-13  0.0
9.500399999999999  1.0000000000099999e-13  0.0
9.502799999999999  1.0000000000099999e-13  0.0
9.505199999999999  1.0000000000099999e-13  0.0
9.5076  1.0000000000099999e-13  0.0
9.51  1.0000000000099999e-13  0.0
9.5124  1.0000000000099999e-13  0.0
9.5148  1.0000000000099999e-13  0.0
9.517199999999999  1.0000000000099999e-13  0.0
9.519599999999999  1.0000000000099999e-13  0.0
9.521999999999998  1.0000000000099999e-13  0.0
9.5244  1.0000000000099999e-13  0.0
9.5268  1.0000000000099999e-13  0.0
9.5292  1.0000000000099999e-13  0.0
9.5316  1.0000000000099999e-13  0.0
9.533999999999999  1.0000000000099999e-13  0.0
9.536399999999999  1.0000000000099999e-13  0.0
9.538799999999998  1.0000000000099999e-13  0.0
9.5412  1.0000000000099999e-13  0.0
9.5436  1.0000000000099999e-13  0.0
9.546  1.0000000000099999e-13  0.0
9.548399999999999  1.0000000000099999e-13  0.0
9.550799999999999  1.0000000000099999e-13  0.0
9.553199999999999  1.0000000000099999e-13  0.0
9.555599999999998  1.0000000000099999e-13  0.0
9.558  1.0000000000099999e-13  0.0
9.5604  1.0000000000099999e-13  0.0
9.5628  1.0000000000099999e-13  0.0
9.565199999999999  1.0000000000099999e-13  0.0
9.567599999999999  1.0000000000099999e-13  0.0
9.569999999999999  1.0000000000099999e-13  0.0
9.5724  1.0000000000099999e-13  0.0
9.5748  1.0000000000099999e-13  0.0
9.5772  1.0000000000099999e-13  0.0
9.5796  1.0000000000099999e-13  0.0
9.581999999999999  1.0000000000099999e-13  0.0
9.584399999999999  1.0000000000099999e-13  0.0
9.586799999999998  1.0000000000099999e-13  0.0
9.5892  1.0000000000099999e-13  0.0
9.5916  1.0000000000099999e-13  0.0
9.594  1.0000000000099999e-13  0.0
9.5964  1.0000000000099999e-13  0.0
9.598799999999999  1.0000000000099999e-13  0.0
9.601199999999999  1.0000000000099999e-13  0.0
9.603599999999998  1.0000000000099999e-13  0.0
9.606  1.0000000000099999e-13  0.0
9.6084  1.0000000000099999e-13  0.0
9.6108  1.0000000000099999e-13  0.0
9.613199999999999  1.0000000000099999e-13  0.0
9.615599999999999  1.0000000000099999e-13  0.0
9.617999999999999  1.0000000000099999e-13  0.0
9.620399999999998  1.0000000000099999e-13  0.0
9.6228  1.0000000000099999e-13  0.0
9.6252  1.0000000000099999e-13  0.0
9.6276  1.0000000000099999e-13  0.0
9.629999999999999  1.0000000000099999e-13  0.0
9.632399999999999  1.0000000000099999e-13  0.0
9.634799999999998  1.0000000000099999e-13  0.0
9.6372  1.0000000000099999e-13  0.0
9.6396  1.0000000000099999e-13  0.0
9.642  1.0000000000099999e-13  0.0
9.6444  1.0000000000099999e-13  0.0
9.646799999999999  1.0000000000099999e-13  0.0
9.649199999999999  1.0000000000099999e-13  0.0
9.651599999999998  1.0000000000099999e-13  0.0
9.654  1.0000000000099999e-13  0.0
9.6564  1.0000000000099999e-13  0.0
9.6588  1.0000000000099999e-13  0.0
9.6612  1.0000000000099999e-13  0.0
9.663599999999999  1.0000000000099999e-13  0.0
9.665999999999999  1.0000000000099999e-13  0.0
9.668399999999998  1.0000000000099999e-13  0.0
9.6708  1.0000000000099999e-13  0.0
9.6732  1.0000000000099999e-13  0.0
9.6756  1.0000000000099999e-13  0.0
9.677999999999999  1.0000000000099999e-13  0.0
9.680399999999999  1.0000000000099999e-13  0.0
9.682799999999999  1.0000000000099999e-13  0.0
9.6852  1.0000000000099999e-13  0.0
9.6876  1.0000000000099999e-13  0.0
9.69  1.0000000000099999e-13  0.0
9.6924  1.0000000000099999e-13  0.0
9.694799999999999  1.0000000000099999e-13  0.0
9.697199999999999  1.0000000000099999e-13  0.0
9.699599999999998  1.0000000000099999e-13  0.0
9.702  1.0000000000099999e-13  0.0
9.7044  1.0000000000099999e-13  0.0
9.7068  1.0000000000099999e-13  0.0
9.7092  1.0000000000099999e-13  0.0
9.711599999999999  1.0000000000099999e-13  0.0
9.713999999999999  1.0000000000099999e-13  0.0
9.716399999999998  1.0000000000099999e-13  0.0
9.7188  1.0000000000099999e-13  0.0
9.7212  1.0000000000099999e-13  0.0
9.7236  1.0000000000099999e-13  0.0
9.725999999999999  1.0000000000099999e-13  0.0
9.728399999999999  1.0000000000099999e-13  0.0
9.730799999999999  1.0000000000099999e-13  0.0
9.733199999999998  1.0000000000099999e-13  0.0
9.7356  1.0000000000099999e-13  0.0
9.738  1.0000000000099999e-13  0.0
9.7404  1.0000000000099999e-13  0.0
9.742799999999999  1.0000000000099999e-13  0.0
9.745199999999999  1.0000000000099999e-13  0.0
9.747599999999998  1.0000000000099999e-13  0.0
9.75  1.0000000000099999e-13  0.0
9.7524  1.0000000000099999e-13  0.0
9.7548  1.0000000000099999e-13  0.0
9.7572  1.0000000000099999e-13  0.0
9.759599999999999  1.0000000000099999e-13  0.0
9.761999999999999  1.0000000000099999e-13  0.0
9.764399999999998  1.0000000000099999e-13  0.0
9.7668  1.0000000000099999e-13  0.0
9.7692  1.0000000000099999e-13  0.0
9.7716  1.0000000000099999e-13  0.0
9.774  1.0000000000099999e-13  0.0
9.776399999999999  1.0000000000099999e-13  0.0
9.778799999999999  1.0000000000099999e-13  0.0
9.781199999999998  1.0000000000099999e-13  0.0
9.7836  1.0000000000099999e-13  0.0
9.786  1.0000000000099999e-13  0.0
9.7884  1.0000000000099999e-13  0.0
9.790799999999999  1.0000000000099999e-13  0.0
9.793199999999999  1.0000000000099999e-13  0.0
9.795599999999999  1.0000000000099999e-13  0.0
9.797999999999998  1.0000000000099999e-13  0.0
9.8004  1.0000000000099999e-13  0.0
9.8028  1.0000000000099999e-13  0.0
9.8052  1.0000000000099999e-13  0.0
9.807599999999999  1.0000000000099999e-13  0.0
9.809999999999999  1.0000000000099999e-13  0.0
9.812399999999998  1.0000000000099999e-13  0.0
9.8148  1.0000000000099999e-13  0.0
9.8172  1.0000000000099999e-13  0.0
9.8196  1.0000000000099999e-13  0.0
9.822  1.0000000000099999e-13  0.0
9.824399999999999  1.0000000000099999e-13  0.0
9.826799999999999  1.0000000000099999e-13  0.0
9.829199999999998  1.0000000000099999e-13  0.0
9.8316  1.0000000000099999e-13  0.0
9.834  1.0000000000099999e-13  0.0
9.8364  1.0000000000099999e-13  0.0
9.838799999999999  1.0000000000099999e-13  0.0
9.841199999999999  1.0000000000099999e-13  0.0
9.843599999999999  1.0000000000099999e-13  0.0
9.845999999999998  1.0000000000099999e-13  0.0
9.8484  1.0000000000099999e-13  0.0
9.8508  1.0000000000099999e-13  0.0
9.8532  1.0000000000099999e-13  0.0
9.855599999999999  1.0000000000099999e-13  0.0
9.857999999999999  1.0000000000099999e-13  0.0
9.860399999999998  1.0000000000099999e-13  0.0
9.8628  1.0000000000099999e-13  0.0
9.8652  1.0000000000099999e-13  0.0
9.8676  1.0000000000099999e-13  0.0
9.87  1.0000000000099999e-13  0.0
9.872399999999999  1.0000000000099999e-13  0.0
9.874799999999999  1.0000000000099999e-13  0.0
9.877199999999998  1.0000000000099999e-13  0.0
9.8796  1.0000000000099999e-13  0.0
9.882  1.0000000000099999e-13  0.0
9.8844  1.0000000000099999e-13  0.0
9.8868  1.0000000000099999e-13  0.0
9.889199999999999  1.0000000000099999e-13  0.0
9.891599999999999  1.0000000000099999e-13  0.0
9.893999999999998  1.0000000000099999e-13  0.0
9.8964  1.0000000000099999e-13  0.0
9.8988  1.0000000000099999e-13  0.0
9.9012  1.0000000000099999e-13  0.0
9.903599999999999  1.0000000000099999e-13  0.0
9.905999999999999  1.0000000000099999e-13  0.0
9.908399999999999  1.0000000000099999e-13  0.0
9.910799999999998  1.0000000000099999e-13  0.0
9.9132  1.0000000000099999e-13  0.0
9.9156  1.0000000000099999e-13  0.0
9.918  1.0000000000099999e-13  0.0
9.920399999999999  1.0000000000099999e-13  0.0
9.922799999999999  1.0000000000099999e-13  0.0
9.925199999999998  1.0000000000099999e-13  0.0
9.9276  1.0000000000099999e-13  0.0
9.93  1.0000000000099999e-13  0.0
9.9324  1.0000000000099999e-13  0.0
9.9348  1.0000000000099999e-13  0.0
9.937199999999999  1.0000000000099999e-13  0.0
9.939599999999999  1.0000000000099999e-13  0.0
9.941999999999998  1.0000000000099999e-13  0.0
9.9444  1.0000000000099999e-13  0.0
9.9468  1.0000000000099999e-13  0.0
9.9492  1.0000000000099999e-13  0.0
9.9516  1.0000000000099999e-13  0.0
9.953999999999999  1.0000000000099999e-13  0.0
9.956399999999999  1.0000000000099999e-13  0.0
9.958799999999998  1.0000000000099999e-13  0.0
9.9612  1.0000000000099999e-13  0.0
9.9636  1.0000000000099999e-13  0.0
9.966  1.0000000000099999e-13  0.0
9.968399999999999  1.0000000000099999e-13  0.0
9.970799999999999  1.0000000000099999e-13  0.0
9.973199999999999  1.0000000000099999e-13  0.0
9.975599999999998  1.0000000000099999e-13  0.0
9.978  1.0000000000099999e-13  0.0
9.9804  1.0000000000099999e-13  0.0
9.9828  1.0000000000099999e-13  0.0
9.985199999999999  1.0000000000099999e-13  0.0
9.987599999999999  1.0000000000099999e-13  0.0
9.989999999999998  1.0000000000099999e-13  0.0
9.9924  1.0000000000099999e-13  0.0
9.9948  1.0000000000099999e-13  0.0
9.9972  1.0000000000099999e-13  0.0
9.9996  1.0000000000099999e-13  0.0
10.001999999999999  1.0000000000099999e-13  0.0
10.004399999999999  1.0000000000099999e-13  0.0
10.006799999999998  1.0000000000099999e-13  0.0
10.0092  1.0000000000099999e-13  0.0
10.0116  1.0000000000099999e-13  0.0
10.014  1.0000000000099999e-13  0.0
10.016399999999999  1.0000000000099999e-13  0.0
10.018799999999999  1.0000000000099999e-13  0.0
10.021199999999999  1.0000000000099999e-13  0.0
10.023599999999998  1.0000000000099999e-13  0.0
10.026  1.0000000000099999e-13  0.0
10.0284  1.0000000000099999e-13  0.0
10.0308  1.0000000000099999e-13  0.0
10.033199999999999  1.0000000000099999e-13  0.0
10.035599999999999  1.0000000000099999e-13  0.0
10.037999999999998  1.0000000000099999e-13  0.0
10.0404  1.0000000000099999e-13  0.0
10.0428  1.0000000000099999e-13  0.0
10.0452  1.0000000000099999e-13  0.0
10.0476  1.0000000000099999e-13  0.0
10.049999999999999  1.0000000000099999e-13  0.0
10.052399999999999  1.0000000000099999e-13  0.0
10.054799999999998  1.0000000000099999e-13  0.0
10.0572  1.0000000000099999e-13  0.0
10.0596  1.0000000000099999e-13  0.0
10.062  1.0000000000099999e-13  0.0
10.0644  1.0000000000099999e-13  0.0
10.066799999999999  1.0000000000099999e-13  0.0
10.069199999999999  1.0000000000099999e-13  0.0
10.071599999999998  1.0000000000099999e-13  0.0
10.074  1.0000000000099999e-13  0.0
10.0764  1.0000000000099999e-13  0.0
10.0788  1.0000000000099999e-13  0.0
10.081199999999999  1.0000000000099999e-13  0.0
10.083599999999999  1.0000000000099999e-13  0.0
10.085999999999999  1.0000000000099999e-13  0.0
10.088399999999998  1.0000000000099999e-13  0.0
10.0908  1.0000000000099999e-13  0.0
10.0932  1.0000000000099999e-13  0.0
10.0956  1.0000000000099999e-13  0.0
10.097999999999999  1.0000000000099999e-13  0.0
10.100399999999999  1.0000000000099999e-13  0.0
10.102799999999998  1.0000000000099999e-13  0.0
10.1052  1.0000000000099999e-13  0.0
10.1076  1.0000000000099999e-13  0.0
10.11  1.0000000000099999e-13  0.0
10.1124  1.0000000000099999e-13  0.0
10.114799999999999  1.0000000000099999e-13  0.0
10.117199999999999  1.0000000000099999e-13  0.0
10.119599999999998  1.0000000000099999e-13  0.0
10.122  1.0000000000099999e-13  0.0
10.1244  1.0000000000099999e-13  0.0
10.1268  1.0000000000099999e-13  0.0
10.129199999999999  1.0000000000099999e-13  0.0
10.131599999999999  1.0000000000099999e-13  0.0
10.133999999999999  1.0000000000099999e-13  0.0
10.136399999999998  1.0000000000099999e-13  0.0
10.1388  1.0000000000099999e-13  0.0
10.1412  1.0000000000099999e-13  0.0
10.1436  1.0000000000099999e-13  0.0
10.145999999999999  1.0000000000099999e-13  0.0
10.148399999999999  1.0000000000099999e-13  0.0
10.150799999999998  1.0000000000099999e-13  0.0
10.153199999999998  1.0000000000099999e-13  0.0
10.1556  1.0000000000099999e-13  0.0
10.158  1.0000000000099999e-13  0.0
10.1604  1.0000000000099999e-13  0.0
10.162799999999999  1.0000000000099999e-13  0.0
10.165199999999999  1.0000000000099999e-13  0.0
10.167599999999998  1.0000000000099999e-13  0.0
10.17  1.0000000000099999e-13  0.0
10.1724  1.0000000000099999e-13  0.0
10.1748  1.0000000000099999e-13  0.0
10.1772  1.0000000000099999e-13  0.0
10.179599999999999  1.0000000000099999e-13  0.0
10.181999999999999  1.0000000000099999e-13  0.0
10.184399999999998  1.0000000000099999e-13  0.0
10.1868  1.0000000000099999e-13  0.0
10.1892  1.0000000000099999e-13  0.0
10.1916  1.0000000000099999e-13  0.0
10.193999999999999  1.0000000000099999e-13  0.0
10.196399999999999  1.0000000000099999e-13  0.0
10.198799999999999  1.0000000000099999e-13  0.0
10.201199999999998  1.0000000000099999e-13  0.0
10.2036  1.0000000000099999e-13  0.0
10.206  1.0000000000099999e-13  0.0
10.2084  1.0000000000099999e-13  0.0
10.210799999999999  1.0000000000099999e-13  0.0
10.213199999999999  1.0000000000099999e-13  0.0
10.215599999999998  1.0000000000099999e-13  0.0
10.218  1.0000000000099999e-13  0.0
10.2204  1.0000000000099999e-13  0.0
10.2228  1.0000000000099999e-13  0.0
10.2252  1.0000000000099999e-13  0.0
10.227599999999999  1.0000000000099999e-13  0.0
10.229999999999999  1.0000000000099999e-13  0.0
10.232399999999998  1.0000000000099999e-13  0.0
10.2348  1.0000000000099999e-13  0.0
10.2372  1.0000000000099999e-13  0.0
10.2396  1.0000000000099999e-13  0.0
10.241999999999999  1.0000000000099999e-13  0.0
10.244399999999999  1.0000000000099999e-13  0.0
10.246799999999999  1.0000000000099999e-13  0.0
10.249199999999998  1.0000000000099999e-13  0.0
10.2516  1.0000000000099999e-13  0.0
10.254  1.0000000000099999e-13  0.0
10.2564  1.0000000000099999e-13  0.0
10.258799999999999  1.0000000000099999e-13  0.0
10.261199999999999  1.0000000000099999e-13  0.0
10.263599999999999  1.0000000000099999e-13  0.0
10.265999999999998  1.0000000000099999e-13  0.0
10.2684  1.0000000000099999e-13  0.0
10.2708  1.0000000000099999e-13  0.0
10.2732  1.0000000000099999e-13  0.0
10.275599999999999  1.0000000000099999e-13  0.0
10.277999999999999  1.0000000000099999e-13  0.0
10.280399999999998  1.0000000000099999e-13  0.0
10.2828  1.0000000000099999e-13  0.0
10.2852  1.0000000000099999e-13  0.0
10.2876  1.0000000000099999e-13  0.0
10.29  1.0000000000099999e-13  0.0
10.292399999999999  1.0000000000099999e-13  0.0
10.294799999999999  1.0000000000099999e-13  0.0
10.297199999999998  1.0000000000099999e-13  0.0
10.2996  1.0000000000099999e-13  0.0
10.302  1.0000000000099999e-13  0.0
10.3044  1.0000000000099999e-13  0.0
10.306799999999999  1.0000000000099999e-13  0.0
10.309199999999999  1.0000000000099999e-13  0.0
10.311599999999999  1.0000000000099999e-13  0.0
10.313999999999998  1.0000000000099999e-13  0.0
10.3164  1.0000000000099999e-13  0.0
10.3188  1.0000000000099999e-13  0.0
10.3212  1.0000000000099999e-13  0.0
10.323599999999999  1.0000000000099999e-13  0.0
10.325999999999999  1.0000000000099999e-13  0.0
10.328399999999998  1.0000000000099999e-13  0.0
10.3308  1.0000000000099999e-13  0.0
10.3332  1.0000000000099999e-13  0.0
10.3356  1.0000000000099999e-13  0.0
10.338  1.0000000000099999e-13  0.0
10.340399999999999  1.0000000000099999e-13  0.0
10.342799999999999  1.0000000000099999e-13  0.0
10.345199999999998  1.0000000000099999e-13  0.0
10.3476  1.0000000000099999e-13  0.0
10.35  1.0000000000099999e-13  0.0
10.3524  1.0000000000099999e-13  0.0
10.3548  1.0000000000099999e-13  0.0
10.357199999999999  1.0000000000099999e-13  0.0
10.359599999999999  1.0000000000099999e-13  0.0
10.361999999999998  1.0000000000099999e-13  0.0
10.3644  1.0000000000099999e-13  0.0
10.3668  1.0000000000099999e-13  0.0
10.3692  1.0000000000099999e-13  0.0
10.371599999999999  1.0000000000099999e-13  0.0
10.373999999999999  1.0000000000099999e-13  0.0
10.376399999999999  1.0000000000099999e-13  0.0
10.378799999999998  1.0000000000099999e-13  0.0
10.3812  1.0000000000099999e-13  0.0
10.3836  1.0000000000099999e-13  0.0
10.386  1.0000000000099999e-13  0.0
10.388399999999999  1.0000000000099999e-13  0.0
10.390799999999999  1.0000000000099999e-13  0.0
10.393199999999998  1.0000000000099999e-13  0.0
10.3956  1.0000000000099999e-13  0.0
10.398  1.0000000000099999e-13  0.0
10.4004  1.0000000000099999e-13  0.0
10.4028  1.0000000000099999e-13  0.0
10.405199999999999  1.0000000000099999e-13  0.0
10.407599999999999  1.0000000000099999e-13  0.0
10.409999999999998  1.0000000000099999e-13  0.0
10.4124  1.0000000000099999e-13  0.0
10.4148  1.0000000000099999e-13  0.0
10.4172  1.0000000000099999e-13  0.0
10.419599999999999  1.0000000000099999e-13  0.0
10.421999999999999  1.0000000000099999e-13  0.0
10.424399999999999  1.0000000000099999e-13  0.0
10.426799999999998  1.0000000000099999e-13  0.0
10.4292  1.0000000000099999e-13  0.0
10.4316  1.0000000000099999e-13  0.0
10.434  1.0000000000099999e-13  0.0
10.436399999999999  1.0000000000099999e-13  0.0
10.438799999999999  1.0000000000099999e-13  0.0
10.441199999999998  1.0000000000099999e-13  0.0
10.443599999999998  1.0000000000099999e-13  0.0
10.446  1.0000000000099999e-13  0.0
10.4484  1.0000000000099999e-13  0.0
10.4508  1.0000000000099999e-13  0.0
10.453199999999999  1.0000000000099999e-13  0.0
10.455599999999999  1.0000000000099999e-13  0.0
10.457999999999998  1.0000000000099999e-13  0.0
10.4604  1.0000000000099999e-13  0.0
10.4628  1.0000000000099999e-13  0.0
10.4652  1.0000000000099999e-13  0.0
10.4676  1.0000000000099999e-13  0.0
10.469999999999999  1.0000000000099999e-13  0.0
10.472399999999999  1.0000000000099999e-13  0.0
10.474799999999998  1.0000000000099999e-13  0.0
10.4772  1.0000000000099999e-13  0.0
10.4796  1.0000000000099999e-13  0.0
10.482  1.0000000000099999e-13  0.0
10.484399999999999  1.0000000000099999e-13  0.0
10.486799999999999  1.0000000000099999e-13  0.0
10.489199999999999  1.0000000000099999e-13  0.0
10.491599999999998  1.0000000000099999e-13  0.0
10.494  1.0000000000099999e-13  0.0
10.4964  1.0000000000099999e-13  0.0
10.4988  1.0000000000099999e-13  0.0
10.501199999999999  1.0000000000099999e-13  0.0
10.503599999999999  1.0000000000099999e-13  0.0
10.505999999999998  1.0000000000099999e-13  0.0
10.5084  1.0000000000099999e-13  0.0
10.5108  1.0000000000099999e-13  0.0
10.5132  1.0000000000099999e-13  0.0
10.5156  1.0000000000099999e-13  0.0
10.517999999999999  1.0000000000099999e-13  0.0
10.520399999999999  1.0000000000099999e-13  0.0
10.522799999999998  1.0000000000099999e-13  0.0
10.5252  1.0000000000099999e-13  0.0
10.5276  1.0000000000099999e-13  0.0
10.53  1.0000000000099999e-13  0.0
10.532399999999999  1.0000000000099999e-13  0.0
10.534799999999999  1.0000000000099999e-13  0.0
10.537199999999999  1.0000000000099999e-13  0.0
10.539599999999998  1.0000000000099999e-13  0.0
10.542  1.0000000000099999e-13  0.0
10.5444  1.0000000000099999e-13  0.0
10.5468  1.0000000000099999e-13  0.0
10.549199999999999  1.0000000000099999e-13  0.0
10.551599999999999  1.0000000000099999e-13  0.0
10.553999999999998  1.0000000000099999e-13  0.0
10.556399999999998  1.0000000000099999e-13  0.0
10.5588  1.0000000000099999e-13  0.0
10.5612  1.0000000000099999e-13  0.0
10.5636  1.0000000000099999e-13  0.0
10.565999999999999  1.0000000000099999e-13  0.0
10.568399999999999  1.0000000000099999e-13  0.0
10.570799999999998  1.0000000000099999e-13  0.0
10.5732  1.0000000000099999e-13  0.0
10.5756  1.0000000000099999e-13  0.0
10.578  1.0000000000099999e-13  0.0
10.5804  1.0000000000099999e-13  0.0
10.582799999999999  1.0000000000099999e-13  0.0
10.585199999999999  1.0000000000099999e-13  0.0
10.587599999999998  1.0000000000099999e-13  0.0
10.59  1.0000000000099999e-13  0.0
10.5924  1.0000000000099999e-13  0.0
10.5948  1.0000000000099999e-13  0.0
10.597199999999999  1.0000000000099999e-13  0.0
10.599599999999999  1.0000000000099999e-13  0.0
10.601999999999999  1.0000000000099999e-13  0.0
10.604399999999998  1.0000000000099999e-13  0.0
10.6068  1.0000000000099999e-13  0.0
10.6092  1.0000000000099999e-13  0.0
10.6116  1.0000000000099999e-13  0.0
10.613999999999999  1.0000000000099999e-13  0.0
10.616399999999999  1.0000000000099999e-13  0.0
10.618799999999998  1.0000000000099999e-13  0.0
10.621199999999998  1.0000000000099999e-13  0.0
10.6236  1.0000000000099999e-13  0.0
10.626  1.0000000000099999e-13  0.0
10.6284  1.0000000000099999e-13  0.0
10.630799999999999  1.0000000000099999e-13  0.0
10.633199999999999  1.0000000000099999e-13  0.0
10.635599999999998  1.0000000000099999e-13  0.0
10.638  1.0000000000099999e-13  0.0
10.6404  1.0000000000099999e-13  0.0
10.6428  1.0000000000099999e-13  0.0
10.645199999999999  1.0000000000099999e-13  0.0
10.647599999999999  1.0000000000099999e-13  0.0
10.649999999999999  1.0000000000099999e-13  0.0
10.652399999999998  1.0000000000099999e-13  0.0
10.6548  1.0000000000099999e-13  0.0
10.6572  1.0000000000099999e-13  0.0
10.6596  1.0000000000099999e-13  0.0
10.661999999999999  1.0000000000099999e-13  0.0
10.664399999999999  1.0000000000099999e-13  0.0
10.666799999999999  1.0000000000099999e-13  0.0
10.669199999999998  1.0000000000099999e-13  0.0
10.6716  1.0000000000099999e-13  0.0
10.674  1.0000000000099999e-13  0.0
10.6764  1.0000000000099999e-13  0.0
10.678799999999999  1.0000000000099999e-13  0.0
10.681199999999999  1.0000000000099999e-13  0.0
10.683599999999998  1.0000000000099999e-13  0.0
10.686  1.0000000000099999e-13  0.0
10.6884  1.0000000000099999e-13  0.0
10.6908  1.0000000000099999e-13  0.0
10.6932  1.0000000000099999e-13  0.0
10.695599999999999  1.0000000000099999e-13  0.0
10.697999999999999  1.0000000000099999e-13  0.0
10.700399999999998  1.0000000000099999e-13  0.0
10.7028  1.0000000000099999e-13  0.0
10.7052  1.0000000000099999e-13  0.0
10.7076  1.0000000000099999e-13  0.0
10.709999999999999  1.0000000000099999e-13  0.0
10.712399999999999  1.0000000000099999e-13  0.0
10.714799999999999  1.0000000000099999e-13  0.0
10.717199999999998  1.0000000000099999e-13  0.0
10.7196  1.0000000000099999e-13  0.0
10.722  1.0000000000099999e-13  0.0
10.7244  1.0000000000099999e-13  0.0
10.726799999999999  1.0000000000099999e-13  0.0
10.729199999999999  1.0000000000099999e-13  0.0
10.731599999999998  1.0000000000099999e-13  0.0
10.733999999999998  1.0000000000099999e-13  0.0
10.7364  1.0000000000099999e-13  0.0
10.7388  1.0000000000099999e-13  0.0
10.7412  1.0000000000099999e-13  0.0
10.743599999999999  1.0000000000099999e-13  0.0
10.745999999999999  1.0000000000099999e-13  0.0
10.748399999999998  1.0000000000099999e-13  0.0
10.7508  1.0000000000099999e-13  0.0
10.7532  1.0000000000099999e-13  0.0
10.7556  1.0000000000099999e-13  0.0
10.758  1.0000000000099999e-13  0.0
10.760399999999999  1.0000000000099999e-13  0.0
10.762799999999999  1.0000000000099999e-13  0.0
10.765199999999998  1.0000000000099999e-13  0.0
10.7676  1.0000000000099999e-13  0.0
10.77  1.0000000000099999e-13  0.0
10.7724  1.0000000000099999e-13  0.0
10.774799999999999  1.0000000000099999e-13  0.0
10.777199999999999  1.0000000000099999e-13  0.0
10.779599999999999  1.0000000000099999e-13  0.0
10.781999999999998  1.0000000000099999e-13  0.0
10.7844  1.0000000000099999e-13  0.0
10.7868  1.0000000000099999e-13  0.0
10.7892  1.0000000000099999e-13  0.0
10.791599999999999  1.0000000000099999e-13  0.0
10.793999999999999  1.0000000000099999e-13  0.0
10.796399999999998  1.0000000000099999e-13  0.0
10.798799999999998  1.0000000000099999e-13  0.0
10.8012  1.0000000000099999e-13  0.0
10.8036  1.0000000000099999e-13  0.0
10.806  1.0000000000099999e-13  0.0
10.808399999999999  1.0000000000099999e-13  0.0
10.810799999999999  1.0000000000099999e-13  0.0
10.813199999999998  1.0000000000099999e-13  0.0
10.8156  1.0000000000099999e-13  0.0
10.818  1.0000000000099999e-13  0.0
10.8204  1.0000000000099999e-13  0.0
10.822799999999999  1.0000000000099999e-13  0.0
10.825199999999999  1.0000000000099999e-13  0.0
10.827599999999999  1.0000000000099999e-13  0.0
10.829999999999998  1.0000000000099999e-13  0.0
10.8324  1.0000000000099999e-13  0.0
10.8348  1.0000000000099999e-13  0.0
10.8372  1.0000000000099999e-13  0.0
10.839599999999999  1.0000000000099999e-13  0.0
10.841999999999999  1.0000000000099999e-13  0.0
10.844399999999998  1.0000000000099999e-13  0.0
10.846799999999998  1.0000000000099999e-13  0.0
10.8492  1.0000000000099999e-13  0.0
10.8516  1.0000000000099999e-13  0.0
10.854  1.0000000000099999e-13  0.0
10.856399999999999  1.0000000000099999e-13  0.0
10.858799999999999  1.0000000000099999e-13  0.0
10.861199999999998  1.0000000000099999e-13  0.0
10.8636  1.0000000000099999e-13  0.0
10.866  1.0000000000099999e-13  0.0
10.8684  1.0000000000099999e-13  0.0
10.8708  1.0000000000099999e-13  0.0
10.873199999999999  1.0000000000099999e-13  0.0
10.875599999999999  1.0000000000099999e-13  0.0
10.877999999999998  1.0000000000099999e-13  0.0
10.8804  1.0000000000099999e-13  0.0
10.8828  1.0000000000099999e-13  0.0
10.8852  1.0000000000099999e-13  0.0
10.887599999999999  1.0000000000099999e-13  0.0
10.889999999999999  1.0000000000099999e-13  0.0
10.892399999999999  1.0000000000099999e-13  0.0
10.894799999999998  1.0000000000099999e-13  0.0
10.8972  1.0000000000099999e-13  0.0
10.8996  1.0000000000099999e-13  0.0
10.902  1.0000000000099999e-13  0.0
10.904399999999999  1.0000000000099999e-13  0.0
10.906799999999999  1.0000000000099999e-13  0.0
10.909199999999998  1.0000000000099999e-13  0.0
10.911599999999998  1.0000000000099999e-13  0.0
10.914  1.0000000000099999e-13  0.0
10.9164  1.0000000000099999e-13  0.0
10.9188  1.0000000000099999e-13  0.0
10.921199999999999  1.0000000000099999e-13  0.0
10.923599999999999  1.0000000000099999e-13  0.0
10.925999999999998  1.0000000000099999e-13  0.0
10.9284  1.0000000000099999e-13  0.0
10.9308  1.0000000000099999e-13  0.0
10.9332  1.0000000000099999e-13  0.0
10.935599999999999  1.0000000000099999e-13  0.0
10.937999999999999  1.0000000000099999e-13  0.0
10.940399999999999  1.0000000000099999e-13  0.0
10.942799999999998  1.0000000000099999e-13  0.0
10.9452  1.0000000000099999e-13  0.0
10.9476  1.0000000000099999e-13  0.0
10.95  1.0000000000099999e-13  0.0
10.952399999999999  1.0000000000099999e-13  0.0
10.954799999999999  1.0000000000099999e-13  0.0
10.957199999999998  1.0000000000099999e-13  0.0
10.959599999999998  1.0000000000099999e-13  0.0
10.962  1.0000000000099999e-13  0.0
10.9644  1.0000000000099999e-13  0.0
10.9668  1.0000000000099999e-13  0.0
10.969199999999999  1.0000000000099999e-13  0.0
10.971599999999999  1.0000000000099999e-13  0.0
10.973999999999998  1.0000000000099999e-13  0.0
10.976399999999998  1.0000000000099999e-13  0.0
10.9788  1.0000000000099999e-13  0.0
10.9812  1.0000000000099999e-13  0.0
10.9836  1.0000000000099999e-13  0.0
10.985999999999999  1.0000000000099999e-13  0.0
10.988399999999999  1.0000000000099999e-13  0.0
10.990799999999998  1.0000000000099999e-13  0.0
10.9932  1.0000000000099999e-13  0.0
10.9956  1.0000000000099999e-13  0.0
10.998  1.0000000000099999e-13  0.0
11.000399999999999  1.0000000000099999e-13  0.0
11.002799999999999  1.0000000000099999e-13  0.0
11.005199999999999  1.0000000000099999e-13  0.0
11.007599999999998  1.0000000000099999e-13  0.0
11.01  1.0000000000099999e-13  0.0
11.0124  1.0000000000099999e-13  0.0
11.0148  1.0000000000099999e-13  0.0
11.017199999999999  1.0000000000099999e-13  0.0
11.019599999999999  1.0000000000099999e-13  0.0
11.021999999999998  1.0000000000099999e-13  0.0
11.024399999999998  1.0000000000099999e-13  0.0
11.0268  1.0000000000099999e-13  0.0
11.0292  1.0000000000099999e-13  0.0
11.0316  1.0000000000099999e-13  0.0
11.033999999999999  1.0000000000099999e-13  0.0
11.036399999999999  1.0000000000099999e-13  0.0
11.038799999999998  1.0000000000099999e-13  0.0
11.0412  1.0000000000099999e-13  0.0
11.0436  1.0000000000099999e-13  0.0
11.046  1.0000000000099999e-13  0.0
11.048399999999999  1.0000000000099999e-13  0.0
11.050799999999999  1.0000000000099999e-13  0.0
11.053199999999999  1.0000000000099999e-13  0.0
11.055599999999998  1.0000000000099999e-13  0.0
11.058  1.0000000000099999e-13  0.0
11.0604  1.0000000000099999e-13  0.0
11.0628  1.0000000000099999e-13  0.0
11.065199999999999  1.0000000000099999e-13  0.0
11.067599999999999  1.0000000000099999e-13  0.0
11.069999999999999  1.0000000000099999e-13  0.0
11.072399999999998  1.0000000000099999e-13  0.0
11.0748  1.0000000000099999e-13  0.0
11.0772  1.0000000000099999e-13  0.0
11.0796  1.0000000000099999e-13  0.0
11.081999999999999  1.0000000000099999e-13  0.0
11.084399999999999  1.0000000000099999e-13  0.0
11.086799999999998  1.0000000000099999e-13  0.0
11.089199999999998  1.0000000000099999e-13  0.0
11.0916  1.0000000000099999e-13  0.0
11.094  1.0000000000099999e-13  0.0
11.0964  1.0000000000099999e-13  0.0
11.098799999999999  1.0000000000099999e-13  0.0
11.101199999999999  1.0000000000099999e-13  0.0
11.103599999999998  1.0000000000099999e-13  0.0
11.106  1.0000000000099999e-13  0.0
11.1084  1.0000000000099999e-13  0.0
11.1108  1.0000000000099999e-13  0.0
11.113199999999999  1.0000000000099999e-13  0.0
11.115599999999999  1.0000000000099999e-13  0.0
11.117999999999999  1.0000000000099999e-13  0.0
11.120399999999998  1.0000000000099999e-13  0.0
11.1228  1.0000000000099999e-13  0.0
11.1252  1.0000000000099999e-13  0.0
11.1276  1.0000000000099999e-13  0.0
11.129999999999999  1.0000000000099999e-13  0.0
11.132399999999999  1.0000000000099999e-13  0.0
11.134799999999998  1.0000000000099999e-13  0.0
11.137199999999998  1.0000000000099999e-13  0.0
11.1396  1.0000000000099999e-13  0.0
11.142  1.0000000000099999e-13  0.0
11.1444  1.0000000000099999e-13  0.0
11.146799999999999  1.0000000000099999e-13  0.0
11.149199999999999  1.0000000000099999e-13  0.0
11.151599999999998  1.0000000000099999e-13  0.0
11.153999999999998  1.0000000000099999e-13  0.0
11.1564  1.0000000000099999e-13  0.0
11.1588  1.0000000000099999e-13  0.0
11.1612  1.0000000000099999e-13  0.0
11.163599999999999  1.0000000000099999e-13  0.0
11.165999999999999  1.0000000000099999e-13  0.0
11.168399999999998  1.0000000000099999e-13  0.0
11.1708  1.0000000000099999e-13  0.0
11.1732  1.0000000000099999e-13  0.0
11.1756  1.0000000000099999e-13  0.0
11.177999999999999  1.0000000000099999e-13  0.0
11.180399999999999  1.0000000000099999e-13  0.0
11.182799999999999  1.0000000000099999e-13  0.0
11.185199999999998  1.0000000000099999e-13  0.0
11.1876  1.0000000000099999e-13  0.0
11.19  1.0000000000099999e-13  0.0
11.1924  1.0000000000099999e-13  0.0
11.194799999999999  1.0000000000099999e-13  0.0
11.197199999999999  1.0000000000099999e-13  0.0
11.199599999999998  1.0000000000099999e-13  0.0
11.201999999999998  1.0000000000099999e-13  0.0
11.2044  1.0000000000099999e-13  0.0
11.2068  1.0000000000099999e-13  0.0
11.2092  1.0000000000099999e-13  0.0
11.211599999999999  1.0000000000099999e-13  0.0
11.213999999999999  1.0000000000099999e-13  0.0
11.216399999999998  1.0000000000099999e-13  0.0
11.2188  1.0000000000099999e-13  0.0
11.2212  1.0000000000099999e-13  0.0
11.2236  1.0000000000099999e-13  0.0
11.225999999999999  1.0000000000099999e-13  0.0
11.228399999999999  1.0000000000099999e-13  0.0
11.230799999999999  1.0000000000099999e-13  0.0
11.233199999999998  1.0000000000099999e-13  0.0
11.2356  1.0000000000099999e-13  0.0
11.238  1.0000000000099999e-13  0.0
11.2404  1.0000000000099999e-13  0.0
11.242799999999999  1.0000000000099999e-13  0.0
11.245199999999999  1.0000000000099999e-13  0.0
11.247599999999998  1.0000000000099999e-13  0.0
11.249999999999998  1.0000000000099999e-13  0.0
11.2524  1.0000000000099999e-13  0.0
11.2548  1.0000000000099999e-13  0.0
11.2572  1.0000000000099999e-13  0.0
11.259599999999999  1.0000000000099999e-13  0.0
11.261999999999999  1.0000000000099999e-13  0.0
11.264399999999998  1.0000000000099999e-13  0.0
11.266799999999998  1.0000000000099999e-13  0.0
11.2692  1.0000000000099999e-13  0.0
11.2716  1.0000000000099999e-13  0.0
11.274  1.0000000000099999e-13  0.0
11.276399999999999  1.0000000000099999e-13  0.0
11.278799999999999  1.0000000000099999e-13  0.0
11.281199999999998  1.0000000000099999e-13  0.0
11.2836  1.0000000000099999e-13  0.0
11.286  1.0000000000099999e-13  0.0
11.2884  1.0000000000099999e-13  0.0
11.290799999999999  1.0000000000099999e-13  0.0
11.293199999999999  1.0000000000099999e-13  0.0
11.295599999999999  1.0000000000099999e-13  0.0
11.297999999999998  1.0000000000099999e-13  0.0
11.3004  1.0000000000099999e-13  0.0
11.3028  1.0000000000099999e-13  0.0
11.3052  1.0000000000099999e-13  0.0
11.307599999999999  1.0000000000099999e-13  0.0
11.309999999999999  1.0000000000099999e-13  0.0
11.312399999999998  1.0000000000099999e-13  0.0
11.314799999999998  1.0000000000099999e-13  0.0
11.3172  1.0000000000099999e-13  0.0
11.3196  1.0000000000099999e-13  0.0
11.322  1.0000000000099999e-13  0.0
11.324399999999999  1.0000000000099999e-13  0.0
11.326799999999999  1.0000000000099999e-13  0.0
11.329199999999998  1.0000000000099999e-13  0.0
11.3316  1.0000000000099999e-13  0.0
11.334  1.0000000000099999e-13  0.0
11.3364  1.0000000000099999e-13  0.0
11.338799999999999  1.0000000000099999e-13  0.0
11.341199999999999  1.0000000000099999e-13  0.0
11.343599999999999  1.0000000000099999e-13  0.0
11.345999999999998  1.0000000000099999e-13  0.0
11.3484  1.0000000000099999e-13  0.0
11.3508  1.0000000000099999e-13  0.0
11.3532  1.0000000000099999e-13  0.0
11.355599999999999  1.0000000000099999e-13  0.0
11.357999999999999  1.0000000000099999e-13  0.0
11.360399999999998  1.0000000000099999e-13  0.0
11.362799999999998  1.0000000000099999e-13  0.0
11.3652  1.0000000000099999e-13  0.0
11.3676  1.0000000000099999e-13  0.0
11.37  1.0000000000099999e-13  0.0
11.372399999999999  1.0000000000099999e-13  0.0
11.374799999999999  1.0000000000099999e-13  0.0
11.377199999999998  1.0000000000099999e-13  0.0
11.379599999999998  1.0000000000099999e-13  0.0
11.382  1.0000000000099999e-13  0.0
11.3844  1.0000000000099999e-13  0.0
11.3868  1.0000000000099999e-13  0.0
11.389199999999999  1.0000000000099999e-13  0.0
11.391599999999999  1.0000000000099999e-13  0.0
11.393999999999998  1.0000000000099999e-13  0.0
11.3964  1.0000000000099999e-13  0.0
11.3988  1.0000000000099999e-13  0.0
11.4012  1.0000000000099999e-13  0.0
11.403599999999999  1.0000000000099999e-13  0.0
11.405999999999999  1.0000000000099999e-13  0.0
11.408399999999999  1.0000000000099999e-13  0.0
11.410799999999998  1.0000000000099999e-13  0.0
11.4132  1.0000000000099999e-13  0.0
11.4156  1.0000000000099999e-13  0.0
11.418  1.0000000000099999e-13  0.0
11.420399999999999  1.0000000000099999e-13  0.0
11.422799999999999  1.0000000000099999e-13  0.0
11.425199999999998  1.0000000000099999e-13  0.0
11.427599999999998  1.0000000000099999e-13  0.0
11.43  1.0000000000099999e-13  0.0
11.4324  1.0000000000099999e-13  0.0
11.4348  1.0000000000099999e-13  0.0
11.437199999999999  1.0000000000099999e-13  0.0
11.439599999999999  1.0000000000099999e-13  0.0
11.441999999999998  1.0000000000099999e-13  0.0
11.444399999999998  1.0000000000099999e-13  0.0
11.4468  1.0000000000099999e-13  0.0
11.4492  1.0000000000099999e-13  0.0
11.4516  1.0000000000099999e-13  0.0
11.453999999999999  1.0000000000099999e-13  0.0
11.456399999999999  1.0000000000099999e-13  0.0
11.458799999999998  1.0000000000099999e-13  0.0
11.4612  1.0000000000099999e-13  0.0
11.4636  1.0000000000099999e-13  0.0
11.466  1.0000000000099999e-13  0.0
11.468399999999999  1.0000000000099999e-13  0.0
11.470799999999999  1.0000000000099999e-13  0.0
11.473199999999999  1.0000000000099999e-13  0.0
11.475599999999998  1.0000000000099999e-13  0.0
11.478  1.0000000000099999e-13  0.0
11.4804  1.0000000000099999e-13  0.0
11.4828  1.0000000000099999e-13  0.0
11.485199999999999  1.0000000000099999e-13  0.0
11.487599999999999  1.0000000000099999e-13  0.0
11.489999999999998  1.0000000000099999e-13  0.0
11.492399999999998  1.0000000000099999e-13  0.0
11.4948  1.0000000000099999e-13  0.0
11.4972  1.0000000000099999e-13  0.0
11.4996  1.0000000000099999e-13  0.0
11.501999999999999  1.0000000000099999e-13  0.0
11.504399999999999  1.0000000000099999e-13  0.0
11.506799999999998  1.0000000000099999e-13  0.0
11.5092  1.0000000000099999e-13  0.0
11.5116  1.0000000000099999e-13  0.0
11.514  1.0000000000099999e-13  0.0
11.516399999999999  1.0000000000099999e-13  0.0
11.518799999999999  1.0000000000099999e-13  0.0
11.521199999999999  1.0000000000099999e-13  0.0
11.523599999999998  1.0000000000099999e-13  0.0
11.526  1.0000000000099999e-13  0.0
11.5284  1.0000000000099999e-13  0.0
11.5308  1.0000000000099999e-13  0.0
11.533199999999999  1.0000000000099999e-13  0.0
11.535599999999999  1.0000000000099999e-13  0.0
11.537999999999998  1.0000000000099999e-13  0.0
11.540399999999998  1.0000000000099999e-13  0.0
11.5428  1.0000000000099999e-13  0.0
11.5452  1.0000000000099999e-13  0.0
11.5476  1.0000000000099999e-13  0.0
11.549999999999999  1.0000000000099999e-13  0.0
11.552399999999999  1.0000000000099999e-13  0.0
11.554799999999998  1.0000000000099999e-13  0.0
11.557199999999998  1.0000000000099999e-13  0.0
11.5596  1.0000000000099999e-13  0.0
11.562  1.0000000000099999e-13  0.0
11.5644  1.0000000000099999e-13  0.0
11.566799999999999  1.0000000000099999e-13  0.0
11.569199999999999  1.0000000000099999e-13  0.0
11.571599999999998  1.0000000000099999e-13  0.0
11.574  1.0000000000099999e-13  0.0
11.5764  1.0000000000099999e-13  0.0
11.5788  1.0000000000099999e-13  0.0
11.581199999999999  1.0000000000099999e-13  0.0
11.583599999999999  1.0000000000099999e-13  0.0
11.585999999999999  1.0000000000099999e-13  0.0
11.588399999999998  1.0000000000099999e-13  0.0
11.5908  1.0000000000099999e-13  0.0
11.5932  1.0000000000099999e-13  0.0
11.5956  1.0000000000099999e-13  0.0
11.597999999999999  1.0000000000099999e-13  0.0
11.600399999999999  1.0000000000099999e-13  0.0
11.602799999999998  1.0000000000099999e-13  0.0
11.605199999999998  1.0000000000099999e-13  0.0
11.6076  1.0000000000099999e-13  0.0
11.61  1.0000000000099999e-13  0.0
11.6124  1.0000000000099999e-13  0.0
11.614799999999999  1.0000000000099999e-13  0.0
11.617199999999999  1.0000000000099999e-13  0.0
11.619599999999998  1.0000000000099999e-13  0.0
11.621999999999998  1.0000000000099999e-13  0.0
11.6244  1.0000000000099999e-13  0.0
11.6268  1.0000000000099999e-13  0.0
11.629199999999999  1.0000000000099999e-13  0.0
11.631599999999999  1.0000000000099999e-13  0.0
11.633999999999999  1.0000000000099999e-13  0.0
11.636399999999998  1.0000000000099999e-13  0.0
11.6388  1.0000000000099999e-13  0.0
11.6412  1.0000000000099999e-13  0.0
11.6436  1.0000000000099999e-13  0.0
11.645999999999999  1.0000000000099999e-13  0.0
11.648399999999999  1.0000000000099999e-13  0.0
11.650799999999998  1.0000000000099999e-13  0.0
11.653199999999998  1.0000000000099999e-13  0.0
11.6556  1.0000000000099999e-13  0.0
11.658  1.0000000000099999e-13  0.0
11.6604  1.0000000000099999e-13  0.0
11.662799999999999  1.0000000000099999e-13  0.0
11.665199999999999  1.0000000000099999e-13  0.0
11.667599999999998  1.0000000000099999e-13  0.0
11.669999999999998  1.0000000000099999e-13  0.0
11.6724  1.0000000000099999e-13  0.0
11.6748  1.0000000000099999e-13  0.0
11.6772  1.0000000000099999e-13  0.0
11.679599999999999  1.0000000000099999e-13  0.0
11.681999999999999  1.0000000000099999e-13  0.0
11.684399999999998  1.0000000000099999e-13  0.0
11.6868  1.0000000000099999e-13  0.0
11.6892  1.0000000000099999e-13  0.0
11.6916  1.0000000000099999e-13  0.0
11.693999999999999  1.0000000000099999e-13  0.0
11.696399999999999  1.0000000000099999e-13  0.0
11.698799999999999  1.0000000000099999e-13  0.0
11.701199999999998  1.0000000000099999e-13  0.0
11.7036  1.0000000000099999e-13  0.0
11.706  1.0000000000099999e-13  0.0
11.7084  1.0000000000099999e-13  0.0
11.710799999999999  1.0000000000099999e-13  0.0
11.713199999999999  1.0000000000099999e-13  0.0
11.715599999999998  1.0000000000099999e-13  0.0
11.717999999999998  1.0000000000099999e-13  0.0
11.7204  1.0000000000099999e-13  0.0
11.7228  1.0000000000099999e-13  0.0
11.7252  1.0000000000099999e-13  0.0
11.727599999999999  1.0000000000099999e-13  0.0
11.729999999999999  1.0000000000099999e-13  0.0
11.732399999999998  1.0000000000099999e-13  0.0
11.734799999999998  1.0000000000099999e-13  0.0
11.7372  1.0000000000099999e-13  0.0
11.7396  1.0000000000099999e-13  0.0
11.741999999999999  1.0000000000099999e-13  0.0
11.744399999999999  1.0000000000099999e-13  0.0
11.746799999999999  1.0000000000099999e-13  0.0
11.749199999999998  1.0000000000099999e-13  0.0
11.7516  1.0000000000099999e-13  0.0
11.754  1.0000000000099999e-13  0.0
11.7564  1.0000000000099999e-13  0.0
11.758799999999999  1.0000000000099999e-13  0.0
11.761199999999999  1.0000000000099999e-13  0.0
11.763599999999999  1.0000000000099999e-13  0.0
11.765999999999998  1.0000000000099999e-13  0.0
11.7684  1.0000000000099999e-13  0.0
11.7708  1.0000000000099999e-13  0.0
11.7732  1.0000000000099999e-13  0.0
11.775599999999999  1.0000000000099999e-13  0.0
11.777999999999999  1.0000000000099999e-13  0.0
11.780399999999998  1.0000000000099999e-13  0.0
11.782799999999998  1.0000000000099999e-13  0.0
11.7852  1.0000000000099999e-13  0.0
11.7876  1.0000000000099999e-13  0.0
11.79  1.0000000000099999e-13  0.0
11.792399999999999  1.0000000000099999e-13  0.0
11.794799999999999  1.0000000000099999e-13  0.0
11.797199999999998  1.0000000000099999e-13  0.0
11.799599999999998  1.0000000000099999e-13  0.0
11.802  1.0000000000099999e-13  0.0
11.8044  1.0000000000099999e-13  0.0
11.806799999999999  1.0000000000099999e-13  0.0
11.809199999999999  1.0000000000099999e-13  0.0
11.811599999999999  1.0000000000099999e-13  0.0
11.813999999999998  1.0000000000099999e-13  0.0
11.8164  1.0000000000099999e-13  0.0
11.8188  1.0000000000099999e-13  0.0
11.8212  1.0000000000099999e-13  0.0
11.823599999999999  1.0000000000099999e-13  0.0
11.825999999999999  1.0000000000099999e-13  0.0
11.828399999999998  1.0000000000099999e-13  0.0
11.830799999999998  1.0000000000099999e-13  0.0
11.8332  1.0000000000099999e-13  0.0
11.8356  1.0000000000099999e-13  0.0
11.838  1.0000000000099999e-13  0.0
11.840399999999999  1.0000000000099999e-13  0.0
11.842799999999999  1.0000000000099999e-13  0.0
11.845199999999998  1.0000000000099999e-13  0.0
11.847599999999998  1.0000000000099999e-13  0.0
11.85  1.0000000000099999e-13  0.0
11.8524  1.0000000000099999e-13  0.0
11.8548  1.0000000000099999e-13  0.0
11.857199999999999  1.0000000000099999e-13  0.0
11.859599999999999  1.0000000000099999e-13  0.0
11.861999999999998  1.0000000000099999e-13  0.0
11.8644  1.0000000000099999e-13  0.0
11.8668  1.0000000000099999e-13  0.0
11.8692  1.0000000000099999e-13  0.0
11.871599999999999  1.0000000000099999e-13  0.0
11.873999999999999  1.0000000000099999e-13  0.0
11.876399999999999  1.0000000000099999e-13  0.0
11.878799999999998  1.0000000000099999e-13  0.0
11.8812  1.0000000000099999e-13  0.0
11.8836  1.0000000000099999e-13  0.0
11.886  1.0000000000099999e-13  0.0
11.888399999999999  1.0000000000099999e-13  0.0
11.890799999999999  1.0000000000099999e-13  0.0
11.893199999999998  1.0000000000099999e-13  0.0
11.895599999999998  1.0000000000099999e-13  0.0
11.898  1.0000000000099999e-13  0.0
11.9004  1.0000000000099999e-13  0.0
11.9028  1.0000000000099999e-13  0.0
11.905199999999999  1.0000000000099999e-13  0.0
11.907599999999999  1.0000000000099999e-13  0.0
11.909999999999998  1.0000000000099999e-13  0.0
11.912399999999998  1.0000000000099999e-13  0.0
11.9148  1.0000000000099999e-13  0.0
11.9172  1.0000000000099999e-13  0.0
11.919599999999999  1.0000000000099999e-13  0.0
11.921999999999999  1.0000000000099999e-13  0.0
11.924399999999999  1.0000000000099999e-13  0.0
11.926799999999998  1.0000000000099999e-13  0.0
11.9292  1.0000000000099999e-13  0.0
11.9316  1.0000000000099999e-13  0.0
11.934  1.0000000000099999e-13  0.0
11.936399999999999  1.0000000000099999e-13  0.0
11.938799999999999  1.0000000000099999e-13  0.0
11.941199999999998  1.0000000000099999e-13  0.0
11.943599999999998  1.0000000000099999e-13  0.0
11.946  1.0000000000099999e-13  0.0
11.9484  1.0000000000099999e-13  0.0
11.9508  1.0000000000099999e-13  0.0
11.953199999999999  1.0000000000099999e-13  0.0
11.955599999999999  1.0000000000099999e-13  0.0
11.957999999999998  1.0000000000099999e-13  0.0
11.960399999999998  1.0000000000099999e-13  0.0
11.9628  1.0000000000099999e-13  0.0
11.9652  1.0000000000099999e-13  0.0
11.9676  1.0000000000099999e-13  0.0
11.969999999999999  1.0000000000099999e-13  0.0
11.972399999999999  1.0000000000099999e-13  0.0
11.974799999999998  1.0000000000099999e-13  0.0
11.977199999999998  1.0000000000099999e-13  0.0
11.9796  1.0000000000099999e-13  0.0
11.982  1.0000000000099999e-13  0.0
11.984399999999999  1.0000000000099999e-13  0.0
11.986799999999999  1.0000000000099999e-13  0.0
11.989199999999999  1.0000000000099999e-13  0.0
11.991599999999998  1.0000000000099999e-13  0.0
11.994  1.0000000000099999e-13  0.0
11.9964  1.0000000000099999e-13  0.0
11.9988  1.0000000000099999e-13  0.0
12.001199999999999  1.0000000000099999e-13  0.0
12.003599999999999  1.0000000000099999e-13  0.0
12.005999999999998  1.0000000000099999e-13  0.0
12.008399999999998  1.0000000000099999e-13  0.0
12.0108  1.0000000000099999e-13  0.0
12.0132  1.0000000000099999e-13  0.0
12.0156  1.0000000000099999e-13  0.0
12.017999999999999  1.0000000000099999e-13  0.0
12.020399999999999  1.0000000000099999e-13  0.0
12.022799999999998  1.0000000000099999e-13  0.0
12.025199999999998  1.0000000000099999e-13  0.0
12.0276  1.0000000000099999e-13  0.0
12.03  1.0000000000099999e-13  0.0
12.032399999999999  1.0000000000099999e-13  0.0
12.034799999999999  1.0000000000099999e-13  0.0
12.037199999999999  1.0000000000099999e-13  0.0
12.039599999999998  1.0000000000099999e-13  0.0
12.042  1.0000000000099999e-13  0.0
12.0444  1.0000000000099999e-13  0.0
12.0468  1.0000000000099999e-13  0.0
12.049199999999999  1.0000000000099999e-13  0.0
12.051599999999999  1.0000000000099999e-13  0.0
12.053999999999998  1.0000000000099999e-13  0.0
12.056399999999998  1.0000000000099999e-13  0.0
12.0588  1.0000000000099999e-13  0.0
12.0612  1.0000000000099999e-13  0.0
12.0636  1.0000000000099999e-13  0.0
12.065999999999999  1.0000000000099999e-13  0.0
12.068399999999999  1.0000000000099999e-13  0.0
12.070799999999998  1.0000000000099999e-13  0.0
12.073199999999998  1.0000000000099999e-13  0.0
12.0756  1.0000000000099999e-13  0.0
12.078  1.0000000000099999e-13  0.0
12.0804  1.0000000000099999e-13  0.0
12.082799999999999  1.0000000000099999e-13  0.0
12.085199999999999  1.0000000000099999e-13  0.0
12.087599999999998  1.0000000000099999e-13  0.0
12.089999999999998  1.0000000000099999e-13  0.0
12.0924  1.0000000000099999e-13  0.0
12.0948  1.0000000000099999e-13  0.0
12.097199999999999  1.0000000000099999e-13  0.0
12.099599999999999  1.0000000000099999e-13  0.0
12.101999999999999  1.0000000000099999e-13  0.0
12.104399999999998  1.0000000000099999e-13  0.0
12.1068  1.0000000000099999e-13  0.0
12.1092  1.0000000000099999e-13  0.0
12.1116  1.0000000000099999e-13  0.0
12.113999999999999  1.0000000000099999e-13  0.0
12.116399999999999  1.0000000000099999e-13  0.0
12.118799999999998  1.0000000000099999e-13  0.0
12.121199999999998  1.0000000000099999e-13  0.0
12.1236  1.0000000000099999e-13  0.0
12.126  1.0000000000099999e-13  0.0
12.1284  1.0000000000099999e-13  0.0
12.130799999999999  1.0000000000099999e-13  0.0
12.133199999999999  1.0000000000099999e-13  0.0
12.135599999999998  1.0000000000099999e-13  0.0
12.137999999999998  1.0000000000099999e-13  0.0
12.1404  1.0000000000099999e-13  0.0
12.1428  1.0000000000099999e-13  0.0
12.145199999999999  1.0000000000099999e-13  0.0
12.147599999999999  1.0000000000099999e-13  0.0
12.149999999999999  1.0000000000099999e-13  0.0
12.152399999999998  1.0000000000099999e-13  0.0
12.154799999999998  1.0000000000099999e-13  0.0
12.1572  1.0000000000099999e-13  0.0
12.1596  1.0000000000099999e-13  0.0
12.161999999999999  1.0000000000099999e-13  0.0
12.164399999999999  1.0000000000099999e-13  0.0
12.166799999999999  1.0000000000099999e-13  0.0
12.169199999999998  1.0000000000099999e-13  0.0
12.1716  1.0000000000099999e-13  0.0
12.174  1.0000000000099999e-13  0.0
12.1764  1.0000000000099999e-13  0.0
12.178799999999999  1.0000000000099999e-13  0.0
12.181199999999999  1.0000000000099999e-13  0.0
12.183599999999998  1.0000000000099999e-13  0.0
12.185999999999998  1.0000000000099999e-13  0.0
12.1884  1.0000000000099999e-13  0.0
12.1908  1.0000000000099999e-13  0.0
12.1932  1.0000000000099999e-13  0.0
12.195599999999999  1.0000000000099999e-13  0.0
12.197999999999999  1.0000000000099999e-13  0.0
12.200399999999998  1.0000000000099999e-13  0.0
12.202799999999998  1.0000000000099999e-13  0.0
12.2052  1.0000000000099999e-13  0.0
12.2076  1.0000000000099999e-13  0.0
12.209999999999999  1.0000000000099999e-13  0.0
12.212399999999999  1.0000000000099999e-13  0.0
12.214799999999999  1.0000000000099999e-13  0.0
12.217199999999998  1.0000000000099999e-13  0.0
12.2196  1.0000000000099999e-13  0.0
12.222  1.0000000000099999e-13  0.0
12.2244  1.0000000000099999e-13  0.0
12.226799999999999  1.0000000000099999e-13  0.0
12.229199999999999  1.0000000000099999e-13  0.0
12.231599999999998  1.0000000000099999e-13  0.0
12.233999999999998  1.0000000000099999e-13  0.0
12.2364  1.0000000000099999e-13  0.0
12.2388  1.0000000000099999e-13  0.0
12.2412  1.0000000000099999e-13  0.0
12.243599999999999  1.0000000000099999e-13  0.0
12.245999999999999  1.0000000000099999e-13  0.0
12.248399999999998  1.0000000000099999e-13  0.0
12.250799999999998  1.0000000000099999e-13  0.0
12.2532  1.0000000000099999e-13  0.0
12.2556  1.0000000000099999e-13  0.0
12.258  1.0000000000099999e-13  0.0
12.260399999999999  1.0000000000099999e-13  0.0
12.262799999999999  1.0000000000099999e-13  0.0
12.265199999999998  1.0000000000099999e-13  0.0
12.267599999999998  1.0000000000099999e-13  0.0
12.27  1.0000000000099999e-13  0.0
12.2724  1.0000000000099999e-13  0.0
12.274799999999999  1.0000000000099999e-13  0.0
12.277199999999999  1.0000000000099999e-13  0.0
12.279599999999999  1.0000000000099999e-13  0.0
12.281999999999998  1.0000000000099999e-13  0.0
12.2844  1.0000000000099999e-13  0.0
12.2868  1.0000000000099999e-13  0.0
12.2892  1.0000000000099999e-13  0.0
12.291599999999999  1.0000000000099999e-13  0.0
12.293999999999999  1.0000000000099999e-13  0.0
12.296399999999998  1.0000000000099999e-13  0.0
12.298799999999998  1.0000000000099999e-13  0.0
12.3012  1.0000000000099999e-13  0.0
12.3036  1.0000000000099999e-13  0.0
12.306  1.0000000000099999e-13  0.0
12.308399999999999  1.0000000000099999e-13  0.0
12.310799999999999  1.0000000000099999e-13  0.0
12.313199999999998  1.0000000000099999e-13  0.0
12.315599999999998  1.0000000000099999e-13  0.0
12.318  1.0000000000099999e-13  0.0
12.3204  1.0000000000099999e-13  0.0
12.322799999999999  1.0000000000099999e-13  0.0
12.325199999999999  1.0000000000099999e-13  0.0
12.327599999999999  1.0000000000099999e-13  0.0
12.329999999999998  1.0000000000099999e-13  0.0
12.3324  1.0000000000099999e-13  0.0
12.3348  1.0000000000099999e-13  0.0
12.3372  1.0000000000099999e-13  0.0
12.339599999999999  1.0000000000099999e-13  0.0
12.341999999999999  1.0000000000099999e-13  0.0
12.344399999999998  1.0000000000099999e-13  0.0
12.346799999999998  1.0000000000099999e-13  0.0
12.3492  1.0000000000099999e-13  0.0
12.3516  1.0000000000099999e-13  0.0
12.354  1.0000000000099999e-13  0.0
12.356399999999999  1.0000000000099999e-13  0.0
12.358799999999999  1.0000000000099999e-13  0.0
12.361199999999998  1.0000000000099999e-13  0.0
12.363599999999998  1.0000000000099999e-13  0.0
12.366  1.0000000000099999e-13  0.0
12.3684  1.0000000000099999e-13  0.0
12.3708  1.0000000000099999e-13  0.0
12.373199999999999  1.0000000000099999e-13  0.0
12.375599999999999  1.0000000000099999e-13  0.0
12.377999999999998  1.0000000000099999e-13  0.0
12.380399999999998  1.0000000000099999e-13  0.0
12.3828  1.0000000000099999e-13  0.0
12.3852  1.0000000000099999e-13  0.0
12.387599999999999  1.0000000000099999e-13  0.0
12.389999999999999  1.0000000000099999e-13  0.0
12.392399999999999  1.0000000000099999e-13  0.0
12.394799999999998  1.0000000000099999e-13  0.0
12.3972  1.0000000000099999e-13  0.0
12.3996  1.0000000000099999e-13  0.0
12.402  1.0000000000099999e-13  0.0
12.404399999999999  1.0000000000099999e-13  0.0
12.406799999999999  1.0000000000099999e-13  0.0
12.409199999999998  1.0000000000099999e-13  0.0
12.411599999999998  1.0000000000099999e-13  0.0
12.414  1.0000000000099999e-13  0.0
12.4164  1.0000000000099999e-13  0.0
12.4188  1.0000000000099999e-13  0.0
12.421199999999999  1.0000000000099999e-13  0.0
12.423599999999999  1.0000000000099999e-13  0.0
12.425999999999998  1.0000000000099999e-13  0.0
12.428399999999998  1.0000000000099999e-13  0.0
12.4308  1.0000000000099999e-13  0.0
12.4332  1.0000000000099999e-13  0.0
12.435599999999999  1.0000000000099999e-13  0.0
12.437999999999999  1.0000000000099999e-13  0.0
12.440399999999999  1.0000000000099999e-13  0.0
12.442799999999998  1.0000000000099999e-13  0.0
12.445199999999998  1.0000000000099999e-13  0.0
12.4476  1.0000000000099999e-13  0.0
12.45  1.0000000000099999e-13  0.0
12.452399999999999  1.0000000000099999e-13  0.0
12.454799999999999  1.0000000000099999e-13  0.0
12.457199999999998  1.0000000000099999e-13  0.0
12.459599999999998  1.0000000000099999e-13  0.0
12.462  1.0000000000099999e-13  0.0
12.4644  1.0000000000099999e-13  0.0
12.4668  1.0000000000099999e-13  0.0
12.469199999999999  1.0000000000099999e-13  0.0
12.471599999999999  1.0000000000099999e-13  0.0
12.473999999999998  1.0000000000099999e-13  0.0
12.476399999999998  1.0000000000099999e-13  0.0
12.4788  1.0000000000099999e-13  0.0
12.4812  1.0000000000099999e-13  0.0
12.4836  1.0000000000099999e-13  0.0
12.485999999999999  1.0000000000099999e-13  0.0
12.488399999999999  1.0000000000099999e-13  0.0
12.490799999999998  1.0000000000099999e-13  0.0
12.493199999999998  1.0000000000099999e-13  0.0
12.4956  1.0000000000099999e-13  0.0
12.498  1.0000000000099999e-13  0.0
12.500399999999999  1.0000000000099999e-13  0.0
12.502799999999999  1.0000000000099999e-13  0.0
12.505199999999999  1.0000000000099999e-13  0.0
12.507599999999998  1.0000000000099999e-13  0.0
12.51  1.0000000000099999e-13  0.0
12.5124  1.0000000000099999e-13  0.0
12.5148  1.0000000000099999e-13  0.0
12.517199999999999  1.0000000000099999e-13  0.0
12.519599999999999  1.0000000000099999e-13  0.0
12.521999999999998  1.0000000000099999e-13  0.0
12.524399999999998  1.0000000000099999e-13  0.0
12.5268  1.0000000000099999e-13  0.0
12.5292  1.0000000000099999e-13  0.0
12.5316  1.0000000000099999e-13  0.0
12.533999999999999  1.0000000000099999e-13  0.0
12.536399999999999  1.0000000000099999e-13  0.0
12.538799999999998  1.0000000000099999e-13  0.0
12.541199999999998  1.0000000000099999e-13  0.0
12.5436  1.0000000000099999e-13  0.0
12.546  1.0000000000099999e-13  0.0
12.548399999999999  1.0000000000099999e-13  0.0
12.550799999999999  1.0000000000099999e-13  0.0
12.553199999999999  1.0000000000099999e-13  0.0
12.555599999999998  1.0000000000099999e-13  0.0
12.557999999999998  1.0000000000099999e-13  0.0
12.5604  1.0000000000099999e-13  0.0
12.5628  1.0000000000099999e-13  0.0
12.565199999999999  1.0000000000099999e-13  0.0
12.567599999999999  1.0000000000099999e-13  0.0
12.569999999999999  1.0000000000099999e-13  0.0
12.572399999999998  1.0000000000099999e-13  0.0
12.5748  1.0000000000099999e-13  0.0
12.5772  1.0000000000099999e-13  0.0
12.5796  1.0000000000099999e-13  0.0
12.581999999999999  1.0000000000099999e-13  0.0
12.584399999999999  1.0000000000099999e-13  0.0
12.586799999999998  1.0000000000099999e-13  0.0
12.589199999999998  1.0000000000099999e-13  0.0
12.5916  1.0000000000099999e-13  0.0
12.594  1.0000000000099999e-13  0.0
12.5964  1.0000000000099999e-13  0.0
12.598799999999999  1.0000000000099999e-13  0.0
12.601199999999999  1.0000000000099999e-13  0.0
12.603599999999998  1.0000000000099999e-13  0.0
12.605999999999998  1.0000000000099999e-13  0.0
12.6084  1.0000000000099999e-13  0.0
12.6108  1.0000000000099999e-13  0.0
12.613199999999999  1.0000000000099999e-13  0.0
12.615599999999999  1.0000000000099999e-13  0.0
12.617999999999999  1.0000000000099999e-13  0.0
12.620399999999998  1.0000000000099999e-13  0.0
12.622799999999998  1.0000000000099999e-13  0.0
12.6252  1.0000000000099999e-13  0.0
12.6276  1.0000000000099999e-13  0.0
12.629999999999999  1.0000000000099999e-13  0.0
12.632399999999999  1.0000000000099999e-13  0.0
12.634799999999998  1.0000000000099999e-13  0.0
12.637199999999998  1.0000000000099999e-13  0.0
12.6396  1.0000000000099999e-13  0.0
12.642  1.0000000000099999e-13  0.0
12.6444  1.0000000000099999e-13  0.0
12.646799999999999  1.0000000000099999e-13  0.0
12.649199999999999  1.0000000000099999e-13  0.0
12.651599999999998  1.0000000000099999e-13  0.0
12.653999999999998  1.0000000000099999e-13  0.0
12.6564  1.0000000000099999e-13  0.0
12.6588  1.0000000000099999e-13  0.0
12.6612  1.0000000000099999e-13  0.0
12.663599999999999  1.0000000000099999e-13  0.0
12.665999999999999  1.0000000000099999e-13  0.0
12.668399999999998  1.0000000000099999e-13  0.0
12.670799999999998  1.0000000000099999e-13  0.0
12.6732  1.0000000000099999e-13  0.0
12.6756  1.0000000000099999e-13  0.0
12.677999999999999  1.0000000000099999e-13  0.0
12.680399999999999  1.0000000000099999e-13  0.0
12.682799999999999  1.0000000000099999e-13  0.0
12.685199999999998  1.0000000000099999e-13  0.0
12.6876  1.0000000000099999e-13  0.0
12.69  1.0000000000099999e-13  0.0
12.6924  1.0000000000099999e-13  0.0
12.694799999999999  1.0000000000099999e-13  0.0
12.697199999999999  1.0000000000099999e-13  0.0
12.699599999999998  1.0000000000099999e-13  0.0
12.701999999999998  1.0000000000099999e-13  0.0
12.7044  1.0000000000099999e-13  0.0
12.7068  1.0000000000099999e-13  0.0
12.7092  1.0000000000099999e-13  0.0
12.711599999999999  1.0000000000099999e-13  0.0
12.713999999999999  1.0000000000099999e-13  0.0
12.716399999999998  1.0000000000099999e-13  0.0
12.718799999999998  1.0000000000099999e-13  0.0
12.7212  1.0000000000099999e-13  0.0
12.7236  1.0000000000099999e-13  0.0
12.725999999999999  1.0000000000099999e-13  0.0
12.728399999999999  1.0000000000099999e-13  0.0
12.730799999999999  1.0000000000099999e-13  0.0
12.733199999999998  1.0000000000099999e-13  0.0
12.735599999999998  1.0000000000099999e-13  0.0
12.738  1.0000000000099999e-13  0.0
12.7404  1.0000000000099999e-13  0.0
12.742799999999999  1.0000000000099999e-13  0.0
12.745199999999999  1.0000000000099999e-13  0.0
12.747599999999998  1.0000000000099999e-13  0.0
12.749999999999998  1.0000000000099999e-13  0.0
12.7524  1.0000000000099999e-13  0.0
12.7548  1.0000000000099999e-13  0.0
12.7572  1.0000000000099999e-13  0.0
12.759599999999999  1.0000000000099999e-13  0.0
12.761999999999999  1.0000000000099999e-13  0.0
12.764399999999998  1.0000000000099999e-13  0.0
12.766799999999998  1.0000000000099999e-13  0.0
12.7692  1.0000000000099999e-13  0.0
12.7716  1.0000000000099999e-13  0.0
12.774  1.0000000000099999e-13  0.0
12.776399999999999  1.0000000000099999e-13  0.0
12.778799999999999  1.0000000000099999e-13  0.0
12.781199999999998  1.0000000000099999e-13  0.0
12.783599999999998  1.0000000000099999e-13  0.0
12.786  1.0000000000099999e-13  0.0
12.7884  1.0000000000099999e-13  0.0
12.790799999999999  1.0000000000099999e-13  0.0
12.793199999999999  1.0000000000099999e-13  0.0
12.795599999999999  1.0000000000099999e-13  0.0
12.797999999999998  1.0000000000099999e-13  0.0
12.800399999999998  1.0000000000099999e-13  0.0
12.8028  1.0000000000099999e-13  0.0
12.8052  1.0000000000099999e-13  0.0
12.807599999999999  1.0000000000099999e-13  0.0
12.809999999999999  1.0000000000099999e-13  0.0
12.812399999999998  1.0000000000099999e-13  0.0
12.814799999999998  1.0000000000099999e-13  0.0
12.8172  1.0000000000099999e-13  0.0
12.8196  1.0000000000099999e-13  0.0
12.822  1.0000000000099999e-13  0.0
12.824399999999999  1.0000000000099999e-13  0.0
12.826799999999999  1.0000000000099999e-13  0.0
12.829199999999998  1.0000000000099999e-13  0.0
12.831599999999998  1.0000000000099999e-13  0.0
12.834  1.0000000000099999e-13  0.0
12.8364  1.0000000000099999e-13  0.0
12.838799999999999  1.0000000000099999e-13  0.0
12.841199999999999  1.0000000000099999e-13  0.0
12.843599999999999  1.0000000000099999e-13  0.0
12.845999999999998  1.0000000000099999e-13  0.0
12.848399999999998  1.0000000000099999e-13  0.0
12.8508  1.0000000000099999e-13  0.0
12.8532  1.0000000000099999e-13  0.0
12.855599999999999  1.0000000000099999e-13  0.0
12.857999999999999  1.0000000000099999e-13  0.0
12.860399999999998  1.0000000000099999e-13  0.0
12.862799999999998  1.0000000000099999e-13  0.0
12.8652  1.0000000000099999e-13  0.0
12.8676  1.0000000000099999e-13  0.0
12.87  1.0000000000099999e-13  0.0
12.872399999999999  1.0000000000099999e-13  0.0
12.874799999999999  1.0000000000099999e-13  0.0
12.877199999999998  1.0000000000099999e-13  0.0
12.879599999999998  1.0000000000099999e-13  0.0
12.882  1.0000000000099999e-13  0.0
12.8844  1.0000000000099999e-13  0.0
12.8868  1.0000000000099999e-13  0.0
12.889199999999999  1.0000000000099999e-13  0.0
12.891599999999999  1.0000000000099999e-13  0.0
12.893999999999998  1.0000000000099999e-13  0.0
12.896399999999998  1.0000000000099999e-13  0.0
12.8988  1.0000000000099999e-13  0.0
12.9012  1.0000000000099999e-13  0.0
12.903599999999999  1.0000000000099999e-13  0.0
12.905999999999999  1.0000000000099999e-13  0.0
12.908399999999999  1.0000000000099999e-13  0.0
12.910799999999998  1.0000000000099999e-13  0.0
12.913199999999998  1.0000000000099999e-13  0.0
12.9156  1.0000000000099999e-13  0.0
12.918  1.0000000000099999e-13  0.0
12.920399999999999  1.0000000000099999e-13  0.0
12.922799999999999  1.0000000000099999e-13  0.0
12.925199999999998  1.0000000000099999e-13  0.0
12.927599999999998  1.0000000000099999e-13  0.0
12.93  1.0000000000099999e-13  0.0
12.9324  1.0000000000099999e-13  0.0
12.9348  1.0000000000099999e-13  0.0
12.937199999999999  1.0000000000099999e-13  0.0
12.939599999999999  1.0000000000099999e-13  0.0
12.941999999999998  1.0000000000099999e-13  0.0
12.944399999999998  1.0000000000099999e-13  0.0
12.9468  1.0000000000099999e-13  0.0
12.9492  1.0000000000099999e-13  0.0
12.9516  1.0000000000099999e-13  0.0
12.953999999999999  1.0000000000099999e-13  0.0
12.956399999999999  1.0000000000099999e-13  0.0
12.958799999999998  1.0000000000099999e-13  0.0
12.961199999999998  1.0000000000099999e-13  0.0
12.9636  1.0000000000099999e-13  0.0
12.966  1.0000000000099999e-13  0.0
12.968399999999999  1.0000000000099999e-13  0.0
12.970799999999999  1.0000000000099999e-13  0.0
12.973199999999999  1.0000000000099999e-13  0.0
12.975599999999998  1.0000000000099999e-13  0.0
12.977999999999998  1.0000000000099999e-13  0.0
12.9804  1.0000000000099999e-13  0.0
12.9828  1.0000000000099999e-13  0.0
12.985199999999999  1.0000000000099999e-13  0.0
12.987599999999999  1.0000000000099999e-13  0.0
12.989999999999998  1.0000000000099999e-13  0.0
12.992399999999998  1.0000000000099999e-13  0.0
12.9948  1.0000000000099999e-13  0.0
12.9972  1.0000000000099999e-13  0.0
12.9996  1.0000000000099999e-13  0.0
13.001999999999999  1.0000000000099999e-13  0.0
13.004399999999999  1.0000000000099999e-13  0.0
13.006799999999998  1.0000000000099999e-13  0.0
13.009199999999998  1.0000000000099999e-13  0.0
13.0116  1.0000000000099999e-13  0.0
13.014  1.0000000000099999e-13  0.0
13.016399999999999  1.0000000000099999e-13  0.0
13.018799999999999  1.0000000000099999e-13  0.0
13.021199999999999  1.0000000000099999e-13  0.0
13.023599999999998  1.0000000000099999e-13  0.0
13.025999999999998  1.0000000000099999e-13  0.0
13.0284  1.0000000000099999e-13  0.0
13.0308  1.0000000000099999e-13  0.0
13.033199999999999  1.0000000000099999e-13  0.0
13.035599999999999  1.0000000000099999e-13  0.0
13.037999999999998  1.0000000000099999e-13  0.0
13.040399999999998  1.0000000000099999e-13  0.0
13.0428  1.0000000000099999e-13  0.0
13.0452  1.0000000000099999e-13  0.0
13.0476  1.0000000000099999e-13  0.0
13.049999999999999  1.0000000000099999e-13  0.0
13.052399999999999  1.0000000000099999e-13  0.0
13.054799999999998  1.0000000000099999e-13  0.0
13.057199999999998  1.0000000000099999e-13  0.0
13.0596  1.0000000000099999e-13  0.0
13.062  1.0000000000099999e-13  0.0
13.0644  1.0000000000099999e-13  0.0
13.066799999999999  1.0000000000099999e-13  0.0
13.069199999999999  1.0000000000099999e-13  0.0
13.071599999999998  1.0000000000099999e-13  0.0
13.073999999999998  1.0000000000099999e-13  0.0
13.0764  1.0000000000099999e-13  0.0
13.0788  1.0000000000099999e-13  0.0
13.081199999999999  1.0000000000099999e-13  0.0
13.083599999999999  1.0000000000099999e-13  0.0
13.085999999999999  1.0000000000099999e-13  0.0
13.088399999999998  1.0000000000099999e-13  0.0
13.090799999999998  1.0000000000099999e-13  0.0
13.0932  1.0000000000099999e-13  0.0
13.0956  1.0000000000099999e-13  0.0
13.097999999999999  1.0000000000099999e-13  0.0
13.100399999999999  1.0000000000099999e-13  0.0
13.102799999999998  1.0000000000099999e-13  0.0
13.105199999999998  1.0000000000099999e-13  0.0
13.1076  1.0000000000099999e-13  0.0
13.11  1.0000000000099999e-13  0.0
13.1124  1.0000000000099999e-13  0.0
13.114799999999999  1.0000000000099999e-13  0.0
13.117199999999999  1.0000000000099999e-13  0.0
13.119599999999998  1.0000000000099999e-13  0.0
13.121999999999998  1.0000000000099999e-13  0.0
13.1244  1.0000000000099999e-13  0.0
13.1268  1.0000000000099999e-13  0.0
13.129199999999999  1.0000000000099999e-13  0.0
13.131599999999999  1.0000000000099999e-13  0.0
13.133999999999999  1.0000000000099999e-13  0.0
13.136399999999998  1.0000000000099999e-13  0.0
13.138799999999998  1.0000000000099999e-13  0.0
13.1412  1.0000000000099999e-13  0.0
13.1436  1.0000000000099999e-13  0.0
13.145999999999999  1.0000000000099999e-13  0.0
13.148399999999999  1.0000000000099999e-13  0.0
13.150799999999998  1.0000000000099999e-13  0.0
13.153199999999998  1.0000000000099999e-13  0.0
13.155599999999998  1.0000000000099999e-13  0.0
13.158  1.0000000000099999e-13  0.0
13.1604  1.0000000000099999e-13  0.0
13.162799999999999  1.0000000000099999e-13  0.0
13.165199999999999  1.0000000000099999e-13  0.0
13.167599999999998  1.0000000000099999e-13  0.0
13.169999999999998  1.0000000000099999e-13  0.0
13.1724  1.0000000000099999e-13  0.0
13.1748  1.0000000000099999e-13  0.0
13.1772  1.0000000000099999e-13  0.0
13.179599999999999  1.0000000000099999e-13  0.0
13.181999999999999  1.0000000000099999e-13  0.0
13.184399999999998  1.0000000000099999e-13  0.0
13.186799999999998  1.0000000000099999e-13  0.0
13.1892  1.0000000000099999e-13  0.0
13.1916  1.0000000000099999e-13  0.0
13.193999999999999  1.0000000000099999e-13  0.0
13.196399999999999  1.0000000000099999e-13  0.0
13.198799999999999  1.0000000000099999e-13  0.0
13.201199999999998  1.0000000000099999e-13  0.0
13.203599999999998  1.0000000000099999e-13  0.0
13.206  1.0000000000099999e-13  0.0
13.2084  1.0000000000099999e-13  0.0
13.210799999999999  1.0000000000099999e-13  0.0
13.213199999999999  1.0000000000099999e-13  0.0
13.215599999999998  1.0000000000099999e-13  0.0
13.217999999999998  1.0000000000099999e-13  0.0
13.2204  1.0000000000099999e-13  0.0
13.2228  1.0000000000099999e-13  0.0
13.2252  1.0000000000099999e-13  0.0
13.227599999999999  1.0000000000099999e-13  0.0
13.229999999999999  1.0000000000099999e-13  0.0
13.232399999999998  1.0000000000099999e-13  0.0
13.234799999999998  1.0000000000099999e-13  0.0
13.2372  1.0000000000099999e-13  0.0
13.2396  1.0000000000099999e-13  0.0
13.241999999999999  1.0000000000099999e-13  0.0
13.244399999999999  1.0000000000099999e-13  0.0
13.246799999999999  1.0000000000099999e-13  0.0
13.249199999999998  1.0000000000099999e-13  0.0
13.251599999999998  1.0000000000099999e-13  0.0
13.254  1.0000000000099999e-13  0.0
13.2564  1.0000000000099999e-13  0.0
13.258799999999999  1.0000000000099999e-13  0.0
13.261199999999999  1.0000000000099999e-13  0.0
13.263599999999999  1.0000000000099999e-13  0.0
13.265999999999998  1.0000000000099999e-13  0.0
13.268399999999998  1.0000000000099999e-13  0.0
13.2708  1.0000000000099999e-13  0.0
13.2732  1.0000000000099999e-13  0.0
13.275599999999999  1.0000000000099999e-13  0.0
13.277999999999999  1.0000000000099999e-13  0.0
13.280399999999998  1.0000000000099999e-13  0.0
13.282799999999998  1.0000000000099999e-13  0.0
13.2852  1.0000000000099999e-13  0.0
13.2876  1.0000000000099999e-13  0.0
13.29  1.0000000000099999e-13  0.0
13.292399999999999  1.0000000000099999e-13  0.0
13.294799999999999  1.0000000000099999e-13  0.0
13.297199999999998  1.0000000000099999e-13  0.0
13.299599999999998  1.0000000000099999e-13  0.0
13.302  1.0000000000099999e-13  0.0
13.3044  1.0000000000099999e-13  0.0
13.306799999999999  1.0000000000099999e-13  0.0
13.309199999999999  1.0000000000099999e-13  0.0
13.311599999999999  1.0000000000099999e-13  0.0
13.313999999999998  1.0000000000099999e-13  0.0
13.316399999999998  1.0000000000099999e-13  0.0
13.3188  1.0000000000099999e-13  0.0
13.3212  1.0000000000099999e-13  0.0
13.323599999999999  1.0000000000099999e-13  0.0
13.325999999999999  1.0000000000099999e-13  0.0
13.328399999999998  1.0000000000099999e-13  0.0
13.330799999999998  1.0000000000099999e-13  0.0
13.3332  1.0000000000099999e-13  0.0
13.3356  1.0000000000099999e-13  0.0
13.338  1.0000000000099999e-13  0.0
13.340399999999999  1.0000000000099999e-13  0.0
13.342799999999999  1.0000000000099999e-13  0.0
13.345199999999998  1.0000000000099999e-13  0.0
13.347599999999998  1.0000000000099999e-13  0.0
13.35  1.0000000000099999e-13  0.0
13.3524  1.0000000000099999e-13  0.0
13.3548  1.0000000000099999e-13  0.0
13.357199999999999  1.0000000000099999e-13  0.0
13.359599999999999  1.0000000000099999e-13  0.0
13.361999999999998  1.0000000000099999e-13  0.0
13.364399999999998  1.0000000000099999e-13  0.0
13.3668  1.0000000000099999e-13  0.0
13.3692  1.0000000000099999e-13  0.0
13.371599999999999  1.0000000000099999e-13  0.0
13.373999999999999  1.0000000000099999e-13  0.0
13.376399999999999  1.0000000000099999e-13  0.0
13.378799999999998  1.0000000000099999e-13  0.0
13.381199999999998  1.0000000000099999e-13  0.0
13.3836  1.0000000000099999e-13  0.0
13.386  1.0000000000099999e-13  0.0
13.388399999999999  1.0000000000099999e-13  0.0
13.390799999999999  1.0000000000099999e-13  0.0
13.393199999999998  1.0000000000099999e-13  0.0
13.395599999999998  1.0000000000099999e-13  0.0
13.398  1.0000000000099999e-13  0.0
13.4004  1.0000000000099999e-13  0.0
13.4028  1.0000000000099999e-13  0.0
13.405199999999999  1.0000000000099999e-13  0.0
13.407599999999999  1.0000000000099999e-13  0.0
13.409999999999998  1.0000000000099999e-13  0.0
13.412399999999998  1.0000000000099999e-13  0.0
13.4148  1.0000000000099999e-13  0.0
13.4172  1.0000000000099999e-13  0.0
13.419599999999999  1.0000000000099999e-13  0.0
13.421999999999999  1.0000000000099999e-13  0.0
13.424399999999999  1.0000000000099999e-13  0.0
13.426799999999998  1.0000000000099999e-13  0.0
13.429199999999998  1.0000000000099999e-13  0.0
13.4316  1.0000000000099999e-13  0.0
13.434  1.0000000000099999e-13  0.0
13.436399999999999  1.0000000000099999e-13  0.0
13.438799999999999  1.0000000000099999e-13  0.0
13.441199999999998  1.0000000000099999e-13  0.0
13.443599999999998  1.0000000000099999e-13  0.0
13.445999999999998  1.0000000000099999e-13  0.0
13.4484  1.0000000000099999e-13  0.0
13.4508  1.0000000000099999e-13  0.0
13.453199999999999  1.0000000000099999e-13  0.0
13.455599999999999  1.0000000000099999e-13  0.0
13.457999999999998  1.0000000000099999e-13  0.0
13.460399999999998  1.0000000000099999e-13  0.0
13.4628  1.0000000000099999e-13  0.0
13.4652  1.0000000000099999e-13  0.0
13.4676  1.0000000000099999e-13  0.0
13.469999999999999  1.0000000000099999e-13  0.0
13.472399999999999  1.0000000000099999e-13  0.0
13.474799999999998  1.0000000000099999e-13  0.0
13.477199999999998  1.0000000000099999e-13  0.0
13.4796  1.0000000000099999e-13  0.0
13.482  1.0000000000099999e-13  0.0
13.484399999999999  1.0000000000099999e-13  0.0
13.486799999999999  1.0000000000099999e-13  0.0
13.489199999999999  1.0000000000099999e-13  0.0
13.491599999999998  1.0000000000099999e-13  0.0
13.493999999999998  1.0000000000099999e-13  0.0
13.4964  1.0000000000099999e-13  0.0
13.4988  1.0000000000099999e-13  0.0
13.501199999999999  1.0000000000099999e-13  0.0
13.503599999999999  1.0000000000099999e-13  0.0
13.505999999999998  1.0000000000099999e-13  0.0
13.508399999999998  1.0000000000099999e-13  0.0
13.5108  1.0000000000099999e-13  0.0
13.5132  1.0000000000099999e-13  0.0
13.5156  1.0000000000099999e-13  0.0
13.517999999999999  1.0000000000099999e-13  0.0
13.520399999999999  1.0000000000099999e-13  0.0
13.522799999999998  1.0000000000099999e-13  0.0
13.525199999999998  1.0000000000099999e-13  0.0
13.5276  1.0000000000099999e-13  0.0
13.53  1.0000000000099999e-13  0.0
13.532399999999999  1.0000000000099999e-13  0.0
13.534799999999999  1.0000000000099999e-13  0.0
13.537199999999999  1.0000000000099999e-13  0.0
13.539599999999998  1.0000000000099999e-13  0.0
13.541999999999998  1.0000000000099999e-13  0.0
13.5444  1.0000000000099999e-13  0.0
13.5468  1.0000000000099999e-13  0.0
13.549199999999999  1.0000000000099999e-13  0.0
13.551599999999999  1.0000000000099999e-13  0.0
13.553999999999998  1.0000000000099999e-13  0.0
13.556399999999998  1.0000000000099999e-13  0.0
13.558799999999998  1.0000000000099999e-13  0.0
13.5612  1.0000000000099999e-13  0.0
13.5636  1.0000000000099999e-13  0.0
13.565999999999999  1.0000000000099999e-13  0.0
13.568399999999999  1.0000000000099999e-13  0.0
13.570799999999998  1.0000000000099999e-13  0.0
13.573199999999998  1.0000000000099999e-13  0.0
13.5756  1.0000000000099999e-13  0.0
13.578  1.0000000000099999e-13  0.0
13.5804  1.0000000000099999e-13  0.0
13.582799999999999  1.0000000000099999e-13  0.0
13.585199999999999  1.0000000000099999e-13  0.0
13.587599999999998  1.0000000000099999e-13  0.0
13.589999999999998  1.0000000000099999e-13  0.0
13.5924  1.0000000000099999e-13  0.0
13.5948  1.0000000000099999e-13  0.0
13.597199999999999  1.0000000000099999e-13  0.0
13.599599999999999  1.0000000000099999e-13  0.0
13.601999999999999  1.0000000000099999e-13  0.0
13.604399999999998  1.0000000000099999e-13  0.0
13.606799999999998  1.0000000000099999e-13  0.0
13.6092  1.0000000000099999e-13  0.0
13.6116  1.0000000000099999e-13  0.0
13.613999999999999  1.0000000000099999e-13  0.0
13.616399999999999  1.0000000000099999e-13  0.0
13.618799999999998  1.0000000000099999e-13  0.0
13.621199999999998  1.0000000000099999e-13  0.0
13.623599999999998  1.0000000000099999e-13  0.0
13.626  1.0000000000099999e-13  0.0
13.6284  1.0000000000099999e-13  0.0
13.630799999999999  1.0000000000099999e-13  0.0
13.633199999999999  1.0000000000099999e-13  0.0
13.635599999999998  1.0000000000099999e-13  0.0
13.637999999999998  1.0000000000099999e-13  0.0
13.6404  1.0000000000099999e-13  0.0
13.6428  1.0000000000099999e-13  0.0
13.645199999999999  1.0000000000099999e-13  0.0
13.647599999999999  1.0000000000099999e-13  0.0
13.649999999999999  1.0000000000099999e-13  0.0
13.652399999999998  1.0000000000099999e-13  0.0
13.654799999999998  1.0000000000099999e-13  0.0
13.6572  1.0000000000099999e-13  0.0
13.6596  1.0000000000099999e-13  0.0
13.661999999999999  1.0000000000099999e-13  0.0
13.664399999999999  1.0000000000099999e-13  0.0
13.666799999999999  1.0000000000099999e-13  0.0
13.669199999999998  1.0000000000099999e-13  0.0
13.671599999999998  1.0000000000099999e-13  0.0
13.674  1.0000000000099999e-13  0.0
13.6764  1.0000000000099999e-13  0.0
13.678799999999999  1.0000000000099999e-13  0.0
13.681199999999999  1.0000000000099999e-13  0.0
13.683599999999998  1.0000000000099999e-13  0.0
13.685999999999998  1.0000000000099999e-13  0.0
13.6884  1.0000000000099999e-13  0.0
13.6908  1.0000000000099999e-13  0.0
13.6932  1.0000000000099999e-13  0.0
13.695599999999999  1.0000000000099999e-13  0.0
13.697999999999999  1.0000000000099999e-13  0.0
13.700399999999998  1.0000000000099999e-13  0.0
13.702799999999998  1.0000000000099999e-13  0.0
13.7052  1.0000000000099999e-13  0.0
13.7076  1.0000000000099999e-13  0.0
13.709999999999999  1.0000000000099999e-13  0.0
13.712399999999999  1.0000000000099999e-13  0.0
13.714799999999999  1.0000000000099999e-13  0.0
13.717199999999998  1.0000000000099999e-13  0.0
13.719599999999998  1.0000000000099999e-13  0.0
13.722  1.0000000000099999e-13  0.0
13.7244  1.0000000000099999e-13  0.0
13.726799999999999  1.0000000000099999e-13  0.0
13.729199999999999  1.0000000000099999e-13  0.0
13.731599999999998  1.0000000000099999e-13  0.0
13.733999999999998  1.0000000000099999e-13  0.0
13.736399999999998  1.0000000000099999e-13  0.0
13.7388  1.0000000000099999e-13  0.0
13.7412  1.0000000000099999e-13  0.0
13.743599999999999  1.0000000000099999e-13  0.0
13.745999999999999  1.0000000000099999e-13  0.0
13.748399999999998  1.0000000000099999e-13  0.0
13.750799999999998  1.0000000000099999e-13  0.0
13.7532  1.0000000000099999e-13  0.0
13.7556  1.0000000000099999e-13  0.0
13.758  1.0000000000099999e-13  0.0
13.760399999999999  1.0000000000099999e-13  0.0
13.762799999999999  1.0000000000099999e-13  0.0
13.765199999999998  1.0000000000099999e-13  0.0
13.767599999999998  1.0000000000099999e-13  0.0
13.77  1.0000000000099999e-13  0.0
13.7724  1.0000000000099999e-13  0.0
13.774799999999999  1.0000000000099999e-13  0.0
13.777199999999999  1.0000000000099999e-13  0.0
13.779599999999999  1.0000000000099999e-13  0.0
13.781999999999998  1.0000000000099999e-13  0.0
13.784399999999998  1.0000000000099999e-13  0.0
13.7868  1.0000000000099999e-13  0.0
13.7892  1.0000000000099999e-13  0.0
13.791599999999999  1.0000000000099999e-13  0.0
13.793999999999999  1.0000000000099999e-13  0.0
13.796399999999998  1.0000000000099999e-13  0.0
13.798799999999998  1.0000000000099999e-13  0.0
13.801199999999998  1.0000000000099999e-13  0.0
13.8036  1.0000000000099999e-13  0.0
13.806  1.0000000000099999e-13  0.0
13.808399999999999  1.0000000000099999e-13  0.0
13.810799999999999  1.0000000000099999e-13  0.0
13.813199999999998  1.0000000000099999e-13  0.0
13.815599999999998  1.0000000000099999e-13  0.0
13.818  1.0000000000099999e-13  0.0
13.8204  1.0000000000099999e-13  0.0
13.822799999999999  1.0000000000099999e-13  0.0
13.825199999999999  1.0000000000099999e-13  0.0
13.827599999999999  1.0000000000099999e-13  0.0
13.829999999999998  1.0000000000099999e-13  0.0
13.832399999999998  1.0000000000099999e-13  0.0
13.8348  1.0000000000099999e-13  0.0
13.8372  1.0000000000099999e-13  0.0
13.839599999999999  1.0000000000099999e-13  0.0
13.841999999999999  1.0000000000099999e-13  0.0
13.844399999999998  1.0000000000099999e-13  0.0
13.846799999999998  1.0000000000099999e-13  0.0
13.849199999999998  1.0000000000099999e-13  0.0
13.8516  1.0000000000099999e-13  0.0
13.854  1.0000000000099999e-13  0.0
13.856399999999999  1.0000000000099999e-13  0.0
13.858799999999999  1.0000000000099999e-13  0.0
13.861199999999998  1.0000000000099999e-13  0.0
13.863599999999998  1.0000000000099999e-13  0.0
13.866  1.0000000000099999e-13  0.0
13.8684  1.0000000000099999e-13  0.0
13.8708  1.0000000000099999e-13  0.0
13.873199999999999  1.0000000000099999e-13  0.0
13.875599999999999  1.0000000000099999e-13  0.0
13.877999999999998  1.0000000000099999e-13  0.0
13.880399999999998  1.0000000000099999e-13  0.0
13.8828  1.0000000000099999e-13  0.0
13.8852  1.0000000000099999e-13  0.0
13.887599999999999  1.0000000000099999e-13  0.0
13.889999999999999  1.0000000000099999e-13  0.0
13.892399999999999  1.0000000000099999e-13  0.0
13.894799999999998  1.0000000000099999e-13  0.0
13.897199999999998  1.0000000000099999e-13  0.0
13.8996  1.0000000000099999e-13  0.0
13.902  1.0000000000099999e-13  0.0
13.904399999999999  1.0000000000099999e-13  0.0
13.906799999999999  1.0000000000099999e-13  0.0
13.909199999999998  1.0000000000099999e-13  0.0
13.911599999999998  1.0000000000099999e-13  0.0
13.913999999999998  1.0000000000099999e-13  0.0
13.9164  1.0000000000099999e-13  0.0
13.9188  1.0000000000099999e-13  0.0
13.921199999999999  1.0000000000099999e-13  0.0
13.923599999999999  1.0000000000099999e-13  0.0
13.925999999999998  1.0000000000099999e-13  0.0
13.928399999999998  1.0000000000099999e-13  0.0
13.9308  1.0000000000099999e-13  0.0
13.9332  1.0000000000099999e-13  0.0
13.935599999999999  1.0000000000099999e-13  0.0
13.937999999999999  1.0000000000099999e-13  0.0
13.940399999999999  1.0000000000099999e-13  0.0
13.942799999999998  1.0000000000099999e-13  0.0
13.945199999999998  1.0000000000099999e-13  0.0
13.9476  1.0000000000099999e-13  0.0
13.95  1.0000000000099999e-13  0.0
13.952399999999999  1.0000000000099999e-13  0.0
13.954799999999999  1.0000000000099999e-13  0.0
13.957199999999998  1.0000000000099999e-13  0.0
13.959599999999998  1.0000000000099999e-13  0.0
13.961999999999998  1.0000000000099999e-13  0.0
13.9644  1.0000000000099999e-13  0.0
13.9668  1.0000000000099999e-13  0.0
13.969199999999999  1.0000000000099999e-13  0.0
13.971599999999999  1.0000000000099999e-13  0.0
13.973999999999998  1.0000000000099999e-13  0.0
13.976399999999998  1.0000000000099999e-13  0.0
13.978799999999998  1.0000000000099999e-13  0.0
13.9812  1.0000000000099999e-13  0.0
13.9836  1.0000000000099999e-13  0.0
13.985999999999999  1.0000000000099999e-13  0.0
13.988399999999999  1.0000000000099999e-13  0.0
13.990799999999998  1.0000000000099999e-13  0.0
13.993199999999998  1.0000000000099999e-13  0.0
13.9956  1.0000000000099999e-13  0.0
13.998  1.0000000000099999e-13  0.0
14.000399999999999  1.0000000000099999e-13  0.0
14.002799999999999  1.0000000000099999e-13  0.0
14.005199999999999  1.0000000000099999e-13  0.0
14.007599999999998  1.0000000000099999e-13  0.0
14.009999999999998  1.0000000000099999e-13  0.0
14.0124  1.0000000000099999e-13  0.0
14.0148  1.0000000000099999e-13  0.0
14.017199999999999  1.0000000000099999e-13  0.0
14.019599999999999  1.0000000000099999e-13  0.0
14.021999999999998  1.0000000000099999e-13  0.0
14.024399999999998  1.0000000000099999e-13  0.0
14.026799999999998  1.0000000000099999e-13  0.0
14.0292  1.0000000000099999e-13  0.0
14.0316  1.0000000000099999e-13  0.0
14.033999999999999  1.0000000000099999e-13  0.0
14.036399999999999  1.0000000000099999e-13  0.0
14.038799999999998  1.0000000000099999e-13  0.0
14.041199999999998  1.0000000000099999e-13  0.0
14.0436  1.0000000000099999e-13  0.0
14.046  1.0000000000099999e-13  0.0
14.048399999999999  1.0000000000099999e-13  0.0
14.050799999999999  1.0000000000099999e-13  0.0
14.053199999999999  1.0000000000099999e-13  0.0
14.055599999999998  1.0000000000099999e-13  0.0
14.057999999999998  1.0000000000099999e-13  0.0
14.0604  1.0000000000099999e-13  0.0
14.0628  1.0000000000099999e-13  0.0
14.065199999999999  1.0000000000099999e-13  0.0
14.067599999999999  1.0000000000099999e-13  0.0
14.069999999999999  1.0000000000099999e-13  0.0
14.072399999999998  1.0000000000099999e-13  0.0
14.074799999999998  1.0000000000099999e-13  0.0
14.0772  1.0000000000099999e-13  0.0
14.0796  1.0000000000099999e-13  0.0
14.081999999999999  1.0000000000099999e-13  0.0
14.084399999999999  1.0000000000099999e-13  0.0
14.086799999999998  1.0000000000099999e-13  0.0
14.089199999999998  1.0000000000099999e-13  0.0
14.091599999999998  1.0000000000099999e-13  0.0
14.094  1.0000000000099999e-13  0.0
14.0964  1.0000000000099999e-13  0.0
14.098799999999999  1.0000000000099999e-13  0.0
14.101199999999999  1.0000000000099999e-13  0.0
14.103599999999998  1.0000000000099999e-13  0.0
14.105999999999998  1.0000000000099999e-13  0.0
14.1084  1.0000000000099999e-13  0.0
14.1108  1.0000000000099999e-13  0.0
14.113199999999999  1.0000000000099999e-13  0.0
14.115599999999999  1.0000000000099999e-13  0.0
14.117999999999999  1.0000000000099999e-13  0.0
14.120399999999998  1.0000000000099999e-13  0.0
14.122799999999998  1.0000000000099999e-13  0.0
14.1252  1.0000000000099999e-13  0.0
14.1276  1.0000000000099999e-13  0.0
14.129999999999999  1.0000000000099999e-13  0.0
14.132399999999999  1.0000000000099999e-13  0.0
14.134799999999998  1.0000000000099999e-13  0.0
14.137199999999998  1.0000000000099999e-13  0.0
14.139599999999998  1.0000000000099999e-13  0.0
14.142  1.0000000000099999e-13  0.0
14.1444  1.0000000000099999e-13  0.0
14.146799999999999  1.0000000000099999e-13  0.0
14.149199999999999  1.0000000000099999e-13  0.0
14.151599999999998  1.0000000000099999e-13  0.0
14.153999999999998  1.0000000000099999e-13  0.0
14.156399999999998  1.0000000000099999e-13  0.0
14.1588  1.0000000000099999e-13  0.0
14.1612  1.0000000000099999e-13  0.0
14.163599999999999  1.0000000000099999e-13  0.0
14.165999999999999  1.0000000000099999e-13  0.0
14.168399999999998  1.0000000000099999e-13  0.0
14.170799999999998  1.0000000000099999e-13  0.0
14.1732  1.0000000000099999e-13  0.0
14.1756  1.0000000000099999e-13  0.0
14.177999999999999  1.0000000000099999e-13  0.0
14.180399999999999  1.0000000000099999e-13  0.0
14.182799999999999  1.0000000000099999e-13  0.0
14.185199999999998  1.0000000000099999e-13  0.0
14.187599999999998  1.0000000000099999e-13  0.0
14.19  1.0000000000099999e-13  0.0
14.1924  1.0000000000099999e-13  0.0
14.194799999999999  1.0000000000099999e-13  0.0
14.197199999999999  1.0000000000099999e-13  0.0
14.199599999999998  1.0000000000099999e-13  0.0
14.201999999999998  1.0000000000099999e-13  0.0
14.204399999999998  1.0000000000099999e-13  0.0
14.2068  1.0000000000099999e-13  0.0
14.2092  1.0000000000099999e-13  0.0
14.211599999999999  1.0000000000099999e-13  0.0
14.213999999999999  1.0000000000099999e-13  0.0
14.216399999999998  1.0000000000099999e-13  0.0
14.218799999999998  1.0000000000099999e-13  0.0
14.2212  1.0000000000099999e-13  0.0
14.2236  1.0000000000099999e-13  0.0
14.225999999999999  1.0000000000099999e-13  0.0
14.228399999999999  1.0000000000099999e-13  0.0
14.230799999999999  1.0000000000099999e-13  0.0
14.233199999999998  1.0000000000099999e-13  0.0
14.235599999999998  1.0000000000099999e-13  0.0
14.238  1.0000000000099999e-13  0.0
14.2404  1.0000000000099999e-13  0.0
14.242799999999999  1.0000000000099999e-13  0.0
14.245199999999999  1.0000000000099999e-13  0.0
14.247599999999998  1.0000000000099999e-13  0.0
14.249999999999998  1.0000000000099999e-13  0.0
14.252399999999998  1.0000000000099999e-13  0.0
14.2548  1.0000000000099999e-13  0.0
14.2572  1.0000000000099999e-13  0.0
14.259599999999999  1.0000000000099999e-13  0.0
14.261999999999999  1.0000000000099999e-13  0.0
14.264399999999998  1.0000000000099999e-13  0.0
14.266799999999998  1.0000000000099999e-13  0.0
14.269199999999998  1.0000000000099999e-13  0.0
14.2716  1.0000000000099999e-13  0.0
14.274  1.0000000000099999e-13  0.0
14.276399999999999  1.0000000000099999e-13  0.0
14.278799999999999  1.0000000000099999e-13  0.0
14.281199999999998  1.0000000000099999e-13  0.0
14.283599999999998  1.0000000000099999e-13  0.0
14.286  1.0000000000099999e-13  0.0
14.2884  1.0000000000099999e-13  0.0
14.290799999999999  1.0000000000099999e-13  0.0
14.293199999999999  1.0000000000099999e-13  0.0
14.295599999999999  1.0000000000099999e-13  0.0
14.297999999999998  1.0000000000099999e-13  0.0
14.300399999999998  1.0000000000099999e-13  0.0
14.3028  1.0000000000099999e-13  0.0
14.3052  1.0000000000099999e-13  0.0
14.307599999999999  1.0000000000099999e-13  0.0
14.309999999999999  1.0000000000099999e-13  0.0
14.312399999999998  1.0000000000099999e-13  0.0
14.314799999999998  1.0000000000099999e-13  0.0
14.317199999999998  1.0000000000099999e-13  0.0
14.3196  1.0000000000099999e-13  0.0
14.322  1.0000000000099999e-13  0.0
14.324399999999999  1.0000000000099999e-13  0.0
14.326799999999999  1.0000000000099999e-13  0.0
14.329199999999998  1.0000000000099999e-13  0.0
14.331599999999998  1.0000000000099999e-13  0.0
14.334  1.0000000000099999e-13  0.0
14.3364  1.0000000000099999e-13  0.0
14.338799999999999  1.0000000000099999e-13  0.0
14.341199999999999  1.0000000000099999e-13  0.0
14.343599999999999  1.0000000000099999e-13  0.0
14.345999999999998  1.0000000000099999e-13  0.0
14.348399999999998  1.0000000000099999e-13  0.0
14.3508  1.0000000000099999e-13  0.0
14.3532  1.0000000000099999e-13  0.0
14.355599999999999  1.0000000000099999e-13  0.0
14.357999999999999  1.0000000000099999e-13  0.0
14.360399999999998  1.0000000000099999e-13  0.0
14.362799999999998  1.0000000000099999e-13  0.0
14.365199999999998  1.0000000000099999e-13  0.0
14.3676  1.0000000000099999e-13  0.0
14.37  1.0000000000099999e-13  0.0
14.372399999999999  1.0000000000099999e-13  0.0
14.374799999999999  1.0000000000099999e-13  0.0
14.377199999999998  1.0000000000099999e-13  0.0
14.379599999999998  1.0000000000099999e-13  0.0
14.381999999999998  1.0000000000099999e-13  0.0
14.3844  1.0000000000099999e-13  0.0
14.3868  1.0000000000099999e-13  0.0
14.389199999999999  1.0000000000099999e-13  0.0
14.391599999999999  1.0000000000099999e-13  0.0
14.393999999999998  1.0000000000099999e-13  0.0
14.396399999999998  1.0000000000099999e-13  0.0
14.3988  1.0000000000099999e-13  0.0
14.4012  1.0000000000099999e-13  0.0
14.403599999999999  1.0000000000099999e-13  0.0
14.405999999999999  1.0000000000099999e-13  0.0
14.408399999999999  1.0000000000099999e-13  0.0
14.410799999999998  1.0000000000099999e-13  0.0
14.413199999999998  1.0000000000099999e-13  0.0
14.4156  1.0000000000099999e-13  0.0
14.418  1.0000000000099999e-13  0.0
14.420399999999999  1.0000000000099999e-13  0.0
14.422799999999999  1.0000000000099999e-13  0.0
14.425199999999998  1.0000000000099999e-13  0.0
14.427599999999998  1.0000000000099999e-13  0.0
14.429999999999998  1.0000000000099999e-13  0.0
14.4324  1.0000000000099999e-13  0.0
14.4348  1.0000000000099999e-13  0.0
14.437199999999999  1.0000000000099999e-13  0.0
14.439599999999999  1.0000000000099999e-13  0.0
14.441999999999998  1.0000000000099999e-13  0.0
14.444399999999998  1.0000000000099999e-13  0.0
14.446799999999998  1.0000000000099999e-13  0.0
14.4492  1.0000000000099999e-13  0.0
14.4516  1.0000000000099999e-13  0.0
14.453999999999999  1.0000000000099999e-13  0.0
14.456399999999999  1.0000000000099999e-13  0.0
14.458799999999998  1.0000000000099999e-13  0.0
14.461199999999998  1.0000000000099999e-13  0.0
14.4636  1.0000000000099999e-13  0.0
14.466  1.0000000000099999e-13  0.0
14.468399999999999  1.0000000000099999e-13  0.0
14.470799999999999  1.0000000000099999e-13  0.0
14.473199999999999  1.0000000000099999e-13  0.0
14.475599999999998  1.0000000000099999e-13  0.0
14.477999999999998  1.0000000000099999e-13  0.0
14.4804  1.0000000000099999e-13  0.0
14.4828  1.0000000000099999e-13  0.0
14.485199999999999  1.0000000000099999e-13  0.0
14.487599999999999  1.0000000000099999e-13  0.0
14.489999999999998  1.0000000000099999e-13  0.0
14.492399999999998  1.0000000000099999e-13  0.0
14.494799999999998  1.0000000000099999e-13  0.0
14.4972  1.0000000000099999e-13  0.0
14.4996  1.0000000000099999e-13  0.0
14.501999999999999  1.0000000000099999e-13  0.0
14.504399999999999  1.0000000000099999e-13  0.0
14.506799999999998  1.0000000000099999e-13  0.0
14.509199999999998  1.0000000000099999e-13  0.0
14.5116  1.0000000000099999e-13  0.0
14.514  1.0000000000099999e-13  0.0
14.516399999999999  1.0000000000099999e-13  0.0
14.518799999999999  1.0000000000099999e-13  0.0
14.521199999999999  1.0000000000099999e-13  0.0
14.523599999999998  1.0000000000099999e-13  0.0
14.525999999999998  1.0000000000099999e-13  0.0
14.5284  1.0000000000099999e-13  0.0
14.5308  1.0000000000099999e-13  0.0
14.533199999999999  1.0000000000099999e-13  0.0
14.535599999999999  1.0000000000099999e-13  0.0
14.537999999999998  1.0000000000099999e-13  0.0
14.540399999999998  1.0000000000099999e-13  0.0
14.542799999999998  1.0000000000099999e-13  0.0
14.5452  1.0000000000099999e-13  0.0
14.5476  1.0000000000099999e-13  0.0
14.549999999999999  1.0000000000099999e-13  0.0
14.552399999999999  1.0000000000099999e-13  0.0
14.554799999999998  1.0000000000099999e-13  0.0
14.557199999999998  1.0000000000099999e-13  0.0
14.559599999999998  1.0000000000099999e-13  0.0
14.562  1.0000000000099999e-13  0.0
14.5644  1.0000000000099999e-13  0.0
14.566799999999999  1.0000000000099999e-13  0.0
14.569199999999999  1.0000000000099999e-13  0.0
14.571599999999998  1.0000000000099999e-13  0.0
14.573999999999998  1.0000000000099999e-13  0.0
14.5764  1.0000000000099999e-13  0.0
14.5788  1.0000000000099999e-13  0.0
14.581199999999999  1.0000000000099999e-13  0.0
14.583599999999999  1.0000000000099999e-13  0.0
14.585999999999999  1.0000000000099999e-13  0.0
14.588399999999998  1.0000000000099999e-13  0.0
14.590799999999998  1.0000000000099999e-13  0.0
14.5932  1.0000000000099999e-13  0.0
14.5956  1.0000000000099999e-13  0.0
14.597999999999999  1.0000000000099999e-13  0.0
14.600399999999999  1.0000000000099999e-13  0.0
14.602799999999998  1.0000000000099999e-13  0.0
14.605199999999998  1.0000000000099999e-13  0.0
14.607599999999998  1.0000000000099999e-13  0.0
14.61  1.0000000000099999e-13  0.0
14.6124  1.0000000000099999e-13  0.0
14.614799999999999  1.0000000000099999e-13  0.0
14.617199999999999  1.0000000000099999e-13  0.0
14.619599999999998  1.0000000000099999e-13  0.0
14.621999999999998  1.0000000000099999e-13  0.0
14.624399999999998  1.0000000000099999e-13  0.0
14.6268  1.0000000000099999e-13  0.0
14.629199999999999  1.0000000000099999e-13  0.0
14.631599999999999  1.0000000000099999e-13  0.0
14.633999999999999  1.0000000000099999e-13  0.0
14.636399999999998  1.0000000000099999e-13  0.0
14.638799999999998  1.0000000000099999e-13  0.0
14.6412  1.0000000000099999e-13  0.0
14.6436  1.0000000000099999e-13  0.0
14.645999999999999  1.0000000000099999e-13  0.0
14.648399999999999  1.0000000000099999e-13  0.0
14.650799999999998  1.0000000000099999e-13  0.0
14.653199999999998  1.0000000000099999e-13  0.0
14.655599999999998  1.0000000000099999e-13  0.0
14.658  1.0000000000099999e-13  0.0
14.6604  1.0000000000099999e-13  0.0
14.662799999999999  1.0000000000099999e-13  0.0
14.665199999999999  1.0000000000099999e-13  0.0
14.667599999999998  1.0000000000099999e-13  0.0
14.669999999999998  1.0000000000099999e-13  0.0
14.672399999999998  1.0000000000099999e-13  0.0
14.6748  1.0000000000099999e-13  0.0
14.6772  1.0000000000099999e-13  0.0
14.679599999999999  1.0000000000099999e-13  0.0
14.681999999999999  1.0000000000099999e-13  0.0
14.684399999999998  1.0000000000099999e-13  0.0
14.686799999999998  1.0000000000099999e-13  0.0
14.6892  1.0000000000099999e-13  0.0
14.6916  1.0000000000099999e-13  0.0
14.693999999999999  1.0000000000099999e-13  0.0
14.696399999999999  1.0000000000099999e-13  0.0
14.698799999999999  1.0000000000099999e-13  0.0
14.701199999999998  1.0000000000099999e-13  0.0
14.703599999999998  1.0000000000099999e-13  0.0
14.706  1.0000000000099999e-13  0.0
14.7084  1.0000000000099999e-13  0.0
14.710799999999999  1.0000000000099999e-13  0.0
14.713199999999999  1.0000000000099999e-13  0.0
14.715599999999998  1.0000000000099999e-13  0.0
14.717999999999998  1.0000000000099999e-13  0.0
14.720399999999998  1.0000000000099999e-13  0.0
14.7228  1.0000000000099999e-13  0.0
14.7252  1.0000000000099999e-13  0.0
14.727599999999999  1.0000000000099999e-13  0.0
14.729999999999999  1.0000000000099999e-13  0.0
14.732399999999998  1.0000000000099999e-13  0.0
14.734799999999998  1.0000000000099999e-13  0.0
14.737199999999998  1.0000000000099999e-13  0.0
14.7396  1.0000000000099999e-13  0.0
14.741999999999999  1.0000000000099999e-13  0.0
14.744399999999999  1.0000000000099999e-13  0.0
14.746799999999999  1.0000000000099999e-13  0.0
14.749199999999998  1.0000000000099999e-13  0.0
14.751599999999998  1.0000000000099999e-13  0.0
14.754  1.0000000000099999e-13  0.0
14.7564  1.0000000000099999e-13  0.0
14.758799999999999  1.0000000000099999e-13  0.0
14.761199999999999  1.0000000000099999e-13  0.0
14.763599999999999  1.0000000000099999e-13  0.0
14.765999999999998  1.0000000000099999e-13  0.0
14.768399999999998  1.0000000000099999e-13  0.0
14.7708  1.0000000000099999e-13  0.0
14.7732  1.0000000000099999e-13  0.0
14.775599999999999  1.0000000000099999e-13  0.0
14.777999999999999  1.0000000000099999e-13  0.0
14.780399999999998  1.0000000000099999e-13  0.0
14.782799999999998  1.0000000000099999e-13  0.0
14.785199999999998  1.0000000000099999e-13  0.0
14.7876  1.0000000000099999e-13  0.0
14.79  1.0000000000099999e-13  0.0
14.792399999999999  1.0000000000099999e-13  0.0
14.794799999999999  1.0000000000099999e-13  0.0
14.797199999999998  1.0000000000099999e-13  0.0
14.799599999999998  1.0000000000099999e-13  0.0
14.801999999999998  1.0000000000099999e-13  0.0
14.8044  1.0000000000099999e-13  0.0
14.806799999999999  1.0000000000099999e-13  0.0
14.809199999999999  1.0000000000099999e-13  0.0
14.811599999999999  1.0000000000099999e-13  0.0
14.813999999999998  1.0000000000099999e-13  0.0
14.816399999999998  1.0000000000099999e-13  0.0
14.8188  1.0000000000099999e-13  0.0
14.8212  1.0000000000099999e-13  0.0
14.823599999999999  1.0000000000099999e-13  0.0
14.825999999999999  1.0000000000099999e-13  0.0
14.828399999999998  1.0000000000099999e-13  0.0
14.830799999999998  1.0000000000099999e-13  0.0
14.833199999999998  1.0000000000099999e-13  0.0
14.8356  1.0000000000099999e-13  0.0
14.838  1.0000000000099999e-13  0.0
14.840399999999999  1.0000000000099999e-13  0.0
14.842799999999999  1.0000000000099999e-13  0.0
14.845199999999998  1.0000000000099999e-13  0.0
14.847599999999998  1.0000000000099999e-13  0.0
14.849999999999998  1.0000000000099999e-13  0.0
14.8524  1.0000000000099999e-13  0.0
14.8548  1.0000000000099999e-13  0.0
14.857199999999999  1.0000000000099999e-13  0.0
14.859599999999999  1.0000000000099999e-13  0.0
14.861999999999998  1.0000000000099999e-13  0.0
14.864399999999998  1.0000000000099999e-13  0.0
14.8668  1.0000000000099999e-13  0.0
14.8692  1.0000000000099999e-13  0.0
14.871599999999999  1.0000000000099999e-13  0.0
14.873999999999999  1.0000000000099999e-13  0.0
14.876399999999999  1.0000000000099999e-13  0.0
14.878799999999998  1.0000000000099999e-13  0.0
14.881199999999998  1.0000000000099999e-13  0.0
14.8836  1.0000000000099999e-13  0.0
14.886  1.0000000000099999e-13  0.0
14.888399999999999  1.0000000000099999e-13  0.0
14.890799999999999  1.0000000000099999e-13  0.0
14.893199999999998  1.0000000000099999e-13  0.0
14.895599999999998  1.0000000000099999e-13  0.0
14.897999999999998  1.0000000000099999e-13  0.0
14.9004  1.0000000000099999e-13  0.0
14.9028  1.0000000000099999e-13  0.0
14.905199999999999  1.0000000000099999e-13  0.0
14.907599999999999  1.0000000000099999e-13  0.0
14.909999999999998  1.0000000000099999e-13  0.0
14.912399999999998  1.0000000000099999e-13  0.0
14.914799999999998  1.0000000000099999e-13  0.0
14.9172  1.0000000000099999e-13  0.0
14.919599999999999  1.0000000000099999e-13  0.0
14.921999999999999  1.0000000000099999e-13  0.0
14.924399999999999  1.0000000000099999e-13  0.0
14.926799999999998  1.0000000000099999e-13  0.0
14.929199999999998  1.0000000000099999e-13  0.0
14.9316  1.0000000000099999e-13  0.0
14.934  1.0000000000099999e-13  0.0
14.936399999999999  1.0000000000099999e-13  0.0
14.938799999999999  1.0000000000099999e-13  0.0
14.941199999999998  1.0000000000099999e-13  0.0
14.943599999999998  1.0000000000099999e-13  0.0
14.945999999999998  1.0000000000099999e-13  0.0
14.9484  1.0000000000099999e-13  0.0
14.9508  1.0000000000099999e-13  0.0
14.953199999999999  1.0000000000099999e-13  0.0
14.955599999999999  1.0000000000099999e-13  0.0
14.957999999999998  1.0000000000099999e-13  0.0
14.960399999999998  1.0000000000099999e-13  0.0
14.962799999999998  1.0000000000099999e-13  0.0
14.9652  1.0000000000099999e-13  0.0
14.9676  1.0000000000099999e-13  0.0
14.969999999999999  1.0000000000099999e-13  0.0
14.972399999999999  1.0000000000099999e-13  0.0
14.974799999999998  1.0000000000099999e-13  0.0
14.977199999999998  1.0000000000099999e-13  0.0
14.979599999999998  1.0000000000099999e-13  0.0
14.982  1.0000000000099999e-13  0.0
14.984399999999999  1.0000000000099999e-13  0.0
14.986799999999999  1.0000000000099999e-13  0.0
14.989199999999999  1.0000000000099999e-13  0.0
14.991599999999998  1.0000000000099999e-13  0.0
14.993999999999998  1.0000000000099999e-13  0.0
14.9964  1.0000000000099999e-13  0.0
14.9988  1.0000000000099999e-13  0.0
15.001199999999999  1.0000000000099999e-13  0.0
15.003599999999999  1.0000000000099999e-13  0.0
15.005999999999998  1.0000000000099999e-13  0.0
15.008399999999998  1.0000000000099999e-13  0.0
15.010799999999998  1.0000000000099999e-13  0.0
15.0132  1.0000000000099999e-13  0.0
15.0156  1.0000000000099999e-13  0.0
15.017999999999999  1.0000000000099999e-13  0.0
15.020399999999999  1.0000000000099999e-13  0.0
15.022799999999998  1.0000000000099999e-13  0.0
15.025199999999998  1.0000000000099999e-13  0.0
15.027599999999998  1.0000000000099999e-13  0.0
15.03  1.0000000000099999e-13  0.0
15.032399999999999  1.0000000000099999e-13  0.0
15.034799999999999  1.0000000000099999e-13  0.0
15.037199999999999  1.0000000000099999e-13  0.0
15.039599999999998  1.0000000000099999e-13  0.0
15.041999999999998  1.0000000000099999e-13  0.0
15.0444  1.0000000000099999e-13  0.0
15.0468  1.0000000000099999e-13  0.0
15.049199999999999  1.0000000000099999e-13  0.0
15.051599999999999  1.0000000000099999e-13  0.0
15.053999999999998  1.0000000000099999e-13  0.0
15.056399999999998  1.0000000000099999e-13  0.0
15.058799999999998  1.0000000000099999e-13  0.0
15.0612  1.0000000000099999e-13  0.0
15.0636  1.0000000000099999e-13  0.0
15.065999999999999  1.0000000000099999e-13  0.0
15.068399999999999  1.0000000000099999e-13  0.0
15.070799999999998  1.0000000000099999e-13  0.0
15.073199999999998  1.0000000000099999e-13  0.0
15.075599999999998  1.0000000000099999e-13  0.0
15.078  1.0000000000099999e-13  0.0
15.0804  1.0000000000099999e-13  0.0
15.082799999999999  1.0000000000099999e-13  0.0
15.085199999999999  1.0000000000099999e-13  0.0
15.087599999999998  1.0000000000099999e-13  0.0
15.089999999999998  1.0000000000099999e-13  0.0
15.092399999999998  1.0000000000099999e-13  0.0
15.0948  1.0000000000099999e-13  0.0
15.097199999999999  1.0000000000099999e-13  0.0
15.099599999999999  1.0000000000099999e-13  0.0
15.101999999999999  1.0000000000099999e-13  0.0
15.104399999999998  1.0000000000099999e-13  0.0
15.106799999999998  1.0000000000099999e-13  0.0
15.1092  1.0000000000099999e-13  0.0
15.1116  1.0000000000099999e-13  0.0
15.113999999999999  1.0000000000099999e-13  0.0
15.116399999999999  1.0000000000099999e-13  0.0
15.118799999999998  1.0000000000099999e-13  0.0
15.121199999999998  1.0000000000099999e-13  0.0
15.123599999999998  1.0000000000099999e-13  0.0
15.126  1.0000000000099999e-13  0.0
15.1284  1.0000000000099999e-13  0.0
15.130799999999999  1.0000000000099999e-13  0.0
15.133199999999999  1.0000000000099999e-13  0.0
15.135599999999998  1.0000000000099999e-13  0.0
15.137999999999998  1.0000000000099999e-13  0.0
15.140399999999998  1.0000000000099999e-13  0.0
15.1428  1.0000000000099999e-13  0.0
15.145199999999999  1.0000000000099999e-13  0.0
15.147599999999999  1.0000000000099999e-13  0.0
15.149999999999999  1.0000000000099999e-13  0.0
15.152399999999998  1.0000000000099999e-13  0.0
15.154799999999998  1.0000000000099999e-13  0.0
15.157199999999998  1.0000000000099999e-13  0.0
15.1596  1.0000000000099999e-13  0.0
15.161999999999999  1.0000000000099999e-13  0.0
15.164399999999999  1.0000000000099999e-13  0.0
15.166799999999999  1.0000000000099999e-13  0.0
15.169199999999998  1.0000000000099999e-13  0.0
15.171599999999998  1.0000000000099999e-13  0.0
15.174  1.0000000000099999e-13  0.0
15.1764  1.0000000000099999e-13  0.0
15.178799999999999  1.0000000000099999e-13  0.0
15.181199999999999  1.0000000000099999e-13  0.0
15.183599999999998  1.0000000000099999e-13  0.0
15.185999999999998  1.0000000000099999e-13  0.0
15.188399999999998  1.0000000000099999e-13  0.0
15.1908  1.0000000000099999e-13  0.0
15.1932  1.0000000000099999e-13  0.0
15.195599999999999  1.0000000000099999e-13  0.0
15.197999999999999  1.0000000000099999e-13  0.0
15.200399999999998  1.0000000000099999e-13  0.0
15.202799999999998  1.0000000000099999e-13  0.0
15.205199999999998  1.0000000000099999e-13  0.0
15.2076  1.0000000000099999e-13  0.0
15.209999999999999  1.0000000000099999e-13  0.0
15.212399999999999  1.0000000000099999e-13  0.0
15.214799999999999  1.0000000000099999e-13  0.0
15.217199999999998  1.0000000000099999e-13  0.0
15.219599999999998  1.0000000000099999e-13  0.0
15.222  1.0000000000099999e-13  0.0
15.2244  1.0000000000099999e-13  0.0
15.226799999999999  1.0000000000099999e-13  0.0
15.229199999999999  1.0000000000099999e-13  0.0
15.231599999999998  1.0000000000099999e-13  0.0
15.233999999999998  1.0000000000099999e-13  0.0
15.236399999999998  1.0000000000099999e-13  0.0
15.2388  1.0000000000099999e-13  0.0
15.2412  1.0000000000099999e-13  0.0
15.243599999999999  1.0000000000099999e-13  0.0
15.245999999999999  1.0000000000099999e-13  0.0
15.248399999999998  1.0000000000099999e-13  0.0
15.250799999999998  1.0000000000099999e-13  0.0
15.253199999999998  1.0000000000099999e-13  0.0
15.2556  1.0000000000099999e-13  0.0
15.258  1.0000000000099999e-13  0.0
15.260399999999999  1.0000000000099999e-13  0.0
15.262799999999999  1.0000000000099999e-13  0.0
15.265199999999998  1.0000000000099999e-13  0.0
15.267599999999998  1.0000000000099999e-13  0.0
15.269999999999998  1.0000000000099999e-13  0.0
15.2724  1.0000000000099999e-13  0.0
15.274799999999999  1.0000000000099999e-13  0.0
15.277199999999999  1.0000000000099999e-13  0.0
15.279599999999999  1.0000000000099999e-13  0.0
15.281999999999998  1.0000000000099999e-13  0.0
15.284399999999998  1.0000000000099999e-13  0.0
15.2868  1.0000000000099999e-13  0.0
15.2892  1.0000000000099999e-13  0.0
15.291599999999999  1.0000000000099999e-13  0.0
15.293999999999999  1.0000000000099999e-13  0.0
15.296399999999998  1.0000000000099999e-13  0.0
15.298799999999998  1.0000000000099999e-13  0.0
15.301199999999998  1.0000000000099999e-13  0.0
15.3036  1.0000000000099999e-13  0.0
15.306  1.0000000000099999e-13  0.0
15.308399999999999  1.0000000000099999e-13  0.0
15.310799999999999  1.0000000000099999e-13  0.0
15.313199999999998  1.0000000000099999e-13  0.0
15.315599999999998  1.0000000000099999e-13  0.0
15.317999999999998  1.0000000000099999e-13  0.0
15.3204  1.0000000000099999e-13  0.0
15.322799999999999  1.0000000000099999e-13  0.0
15.325199999999999  1.0000000000099999e-13  0.0
15.327599999999999  1.0000000000099999e-13  0.0
15.329999999999998  1.0000000000099999e-13  0.0
15.332399999999998  1.0000000000099999e-13  0.0
15.3348  1.0000000000099999e-13  0.0
15.3372  1.0000000000099999e-13  0.0
15.339599999999999  1.0000000000099999e-13  0.0
15.341999999999999  1.0000000000099999e-13  0.0
15.344399999999998  1.0000000000099999e-13  0.0
15.346799999999998  1.0000000000099999e-13  0.0
15.349199999999998  1.0000000000099999e-13  0.0
15.3516  1.0000000000099999e-13  0.0
15.354  1.0000000000099999e-13  0.0
15.356399999999999  1.0000000000099999e-13  0.0
15.358799999999999  1.0000000000099999e-13  0.0
15.361199999999998  1.0000000000099999e-13  0.0
15.363599999999998  1.0000000000099999e-13  0.0
15.365999999999998  1.0000000000099999e-13  0.0
15.3684  1.0000000000099999e-13  0.0
15.3708  1.0000000000099999e-13  0.0
15.373199999999999  1.0000000000099999e-13  0.0
15.375599999999999  1.0000000000099999e-13  0.0
15.377999999999998  1.0000000000099999e-13  0.0
15.380399999999998  1.0000000000099999e-13  0.0
15.382799999999998  1.0000000000099999e-13  0.0
15.3852  1.0000000000099999e-13  0.0
15.387599999999999  1.0000000000099999e-13  0.0
15.389999999999999  1.0000000000099999e-13  0.0
15.392399999999999  1.0000000000099999e-13  0.0
15.394799999999998  1.0000000000099999e-13  0.0
15.397199999999998  1.0000000000099999e-13  0.0
15.3996  1.0000000000099999e-13  0.0
15.402  1.0000000000099999e-13  0.0
15.404399999999999  1.0000000000099999e-13  0.0
15.406799999999999  1.0000000000099999e-13  0.0
15.409199999999998  1.0000000000099999e-13  0.0
15.411599999999998  1.0000000000099999e-13  0.0
15.413999999999998  1.0000000000099999e-13  0.0
15.4164  1.0000000000099999e-13  0.0
15.4188  1.0000000000099999e-13  0.0
15.421199999999999  1.0000000000099999e-13  0.0
15.423599999999999  1.0000000000099999e-13  0.0
15.425999999999998  1.0000000000099999e-13  0.0
15.428399999999998  1.0000000000099999e-13  0.0
15.430799999999998  1.0000000000099999e-13  0.0
15.4332  1.0000000000099999e-13  0.0
15.435599999999999  1.0000000000099999e-13  0.0
15.437999999999999  1.0000000000099999e-13  0.0
15.440399999999999  1.0000000000099999e-13  0.0
15.442799999999998  1.0000000000099999e-13  0.0
15.445199999999998  1.0000000000099999e-13  0.0
15.447599999999998  1.0000000000099999e-13  0.0
15.45  1.0000000000099999e-13  0.0
15.452399999999999  1.0000000000099999e-13  0.0
15.454799999999999  1.0000000000099999e-13  0.0
15.457199999999998  1.0000000000099999e-13  0.0
15.459599999999998  1.0000000000099999e-13  0.0
15.461999999999998  1.0000000000099999e-13  0.0
15.4644  1.0000000000099999e-13  0.0
15.4668  1.0000000000099999e-13  0.0
15.469199999999999  1.0000000000099999e-13  0.0
15.471599999999999  1.0000000000099999e-13  0.0
15.473999999999998  1.0000000000099999e-13  0.0
15.476399999999998  1.0000000000099999e-13  0.0
15.478799999999998  1.0000000000099999e-13  0.0
15.4812  1.0000000000099999e-13  0.0
15.4836  1.0000000000099999e-13  0.0
15.485999999999999  1.0000000000099999e-13  0.0
15.488399999999999  1.0000000000099999e-13  0.0
15.490799999999998  1.0000000000099999e-13  0.0
15.493199999999998  1.0000000000099999e-13  0.0
15.495599999999998  1.0000000000099999e-13  0.0
15.498  1.0000000000099999e-13  0.0
15.500399999999999  1.0000000000099999e-13  0.0
15.502799999999999  1.0000000000099999e-13  0.0
15.505199999999999  1.0000000000099999e-13  0.0
15.507599999999998  1.0000000000099999e-13  0.0
15.509999999999998  1.0000000000099999e-13  0.0
15.5124  1.0000000000099999e-13  0.0
15.5148  1.0000000000099999e-13  0.0
15.517199999999999  1.0000000000099999e-13  0.0
15.519599999999999  1.0000000000099999e-13  0.0
15.521999999999998  1.0000000000099999e-13  0.0
15.524399999999998  1.0000000000099999e-13  0.0
15.526799999999998  1.0000000000099999e-13  0.0
15.5292  1.0000000000099999e-13  0.0
15.5316  1.0000000000099999e-13  0.0
15.533999999999999  1.0000000000099999e-13  0.0
15.536399999999999  1.0000000000099999e-13  0.0
15.538799999999998  1.0000000000099999e-13  0.0
15.541199999999998  1.0000000000099999e-13  0.0
15.543599999999998  1.0000000000099999e-13  0.0
15.546  1.0000000000099999e-13  0.0
15.548399999999999  1.0000000000099999e-13  0.0
15.550799999999999  1.0000000000099999e-13  0.0
15.553199999999999  1.0000000000099999e-13  0.0
15.555599999999998  1.0000000000099999e-13  0.0
15.557999999999998  1.0000000000099999e-13  0.0
15.560399999999998  1.0000000000099999e-13  0.0
15.5628  1.0000000000099999e-13  0.0
15.565199999999999  1.0000000000099999e-13  0.0
15.567599999999999  1.0000000000099999e-13  0.0
15.569999999999999  1.0000000000099999e-13  0.0
15.572399999999998  1.0000000000099999e-13  0.0
15.574799999999998  1.0000000000099999e-13  0.0
15.5772  1.0000000000099999e-13  0.0
15.5796  1.0000000000099999e-13  0.0
15.581999999999999  1.0000000000099999e-13  0.0
15.584399999999999  1.0000000000099999e-13  0.0
15.586799999999998  1.0000000000099999e-13  0.0
15.589199999999998  1.0000000000099999e-13  0.0
15.591599999999998  1.0000000000099999e-13  0.0
15.594  1.0000000000099999e-13  0.0
15.5964  1.0000000000099999e-13  0.0
15.598799999999999  1.0000000000099999e-13  0.0
15.601199999999999  1.0000000000099999e-13  0.0
15.603599999999998  1.0000000000099999e-13  0.0
15.605999999999998  1.0000000000099999e-13  0.0
15.608399999999998  1.0000000000099999e-13  0.0
15.6108  1.0000000000099999e-13  0.0
15.613199999999999  1.0000000000099999e-13  0.0
15.615599999999999  1.0000000000099999e-13  0.0
15.617999999999999  1.0000000000099999e-13  0.0
15.620399999999998  1.0000000000099999e-13  0.0
15.622799999999998  1.0000000000099999e-13  0.0
15.625199999999998  1.0000000000099999e-13  0.0
15.6276  1.0000000000099999e-13  0.0
15.629999999999999  1.0000000000099999e-13  0.0
15.632399999999999  1.0000000000099999e-13  0.0
15.634799999999998  1.0000000000099999e-13  0.0
15.637199999999998  1.0000000000099999e-13  0.0
15.639599999999998  1.0000000000099999e-13  0.0
15.642  1.0000000000099999e-13  0.0
15.6444  1.0000000000099999e-13  0.0
15.646799999999999  1.0000000000099999e-13  0.0
15.649199999999999  1.0000000000099999e-13  0.0
15.651599999999998  1.0000000000099999e-13  0.0
15.653999999999998  1.0000000000099999e-13  0.0
15.656399999999998  1.0000000000099999e-13  0.0
15.6588  1.0000000000099999e-13  0.0
15.6612  1.0000000000099999e-13  0.0
15.663599999999999  1.0000000000099999e-13  0.0
15.665999999999999  1.0000000000099999e-13  0.0
15.668399999999998  1.0000000000099999e-13  0.0
15.670799999999998  1.0000000000099999e-13  0.0
15.673199999999998  1.0000000000099999e-13  0.0
15.6756  1.0000000000099999e-13  0.0
15.677999999999999  1.0000000000099999e-13  0.0
15.680399999999999  1.0000000000099999e-13  0.0
15.682799999999999  1.0000000000099999e-13  0.0
15.685199999999998  1.0000000000099999e-13  0.0
15.687599999999998  1.0000000000099999e-13  0.0
15.69  1.0000000000099999e-13  0.0
15.6924  1.0000000000099999e-13  0.0
15.694799999999999  1.0000000000099999e-13  0.0
15.697199999999999  1.0000000000099999e-13  0.0
15.699599999999998  1.0000000000099999e-13  0.0
15.701999999999998  1.0000000000099999e-13  0.0
15.704399999999998  1.0000000000099999e-13  0.0
15.7068  1.0000000000099999e-13  0.0
15.7092  1.0000000000099999e-13  0.0
15.711599999999999  1.0000000000099999e-13  0.0
15.713999999999999  1.0000000000099999e-13  0.0
15.716399999999998  1.0000000000099999e-13  0.0
15.718799999999998  1.0000000000099999e-13  0.0
15.721199999999998  1.0000000000099999e-13  0.0
15.7236  1.0000000000099999e-13  0.0
15.725999999999999  1.0000000000099999e-13  0.0
15.728399999999999  1.0000000000099999e-13  0.0
15.730799999999999  1.0000000000099999e-13  0.0
15.733199999999998  1.0000000000099999e-13  0.0
15.735599999999998  1.0000000000099999e-13  0.0
15.737999999999998  1.0000000000099999e-13  0.0
15.7404  1.0000000000099999e-13  0.0
15.742799999999999  1.0000000000099999e-13  0.0
15.745199999999999  1.0000000000099999e-13  0.0
15.747599999999998  1.0000000000099999e-13  0.0
15.749999999999998  1.0000000000099999e-13  0.0
15.752399999999998  1.0000000000099999e-13  0.0
15.7548  1.0000000000099999e-13  0.0
15.7572  1.0000000000099999e-13  0.0
15.759599999999999  1.0000000000099999e-13  0.0
15.761999999999999  1.0000000000099999e-13  0.0
15.764399999999998  1.0000000000099999e-13  0.0
15.766799999999998  1.0000000000099999e-13  0.0
15.769199999999998  1.0000000000099999e-13  0.0
15.7716  1.0000000000099999e-13  0.0
15.774  1.0000000000099999e-13  0.0
15.776399999999999  1.0000000000099999e-13  0.0
15.778799999999999  1.0000000000099999e-13  0.0
15.781199999999998  1.0000000000099999e-13  0.0
15.783599999999998  1.0000000000099999e-13  0.0
15.785999999999998  1.0000000000099999e-13  0.0
15.7884  1.0000000000099999e-13  0.0
15.790799999999999  1.0000000000099999e-13  0.0
15.793199999999999  1.0000000000099999e-13  0.0
15.795599999999999  1.0000000000099999e-13  0.0
15.797999999999998  1.0000000000099999e-13  0.0
15.800399999999998  1.0000000000099999e-13  0.0
15.802799999999998  1.0000000000099999e-13  0.0
15.8052  1.0000000000099999e-13  0.0
15.807599999999999  1.0000000000099999e-13  0.0
15.809999999999999  1.0000000000099999e-13  0.0
15.812399999999998  1.0000000000099999e-13  0.0
15.814799999999998  1.0000000000099999e-13  0.0
15.817199999999998  1.0000000000099999e-13  0.0
15.8196  1.0000000000099999e-13  0.0
15.822  1.0000000000099999e-13  0.0
15.824399999999999  1.0000000000099999e-13  0.0
15.826799999999999  1.0000000000099999e-13  0.0
15.829199999999998  1.0000000000099999e-13  0.0
15.831599999999998  1.0000000000099999e-13  0.0
15.833999999999998  1.0000000000099999e-13  0.0
15.8364  1.0000000000099999e-13  0.0
15.838799999999999  1.0000000000099999e-13  0.0
15.841199999999999  1.0000000000099999e-13  0.0
15.843599999999999  1.0000000000099999e-13  0.0
15.845999999999998  1.0000000000099999e-13  0.0
15.848399999999998  1.0000000000099999e-13  0.0
15.850799999999998  1.0000000000099999e-13  0.0
15.8532  1.0000000000099999e-13  0.0
15.855599999999999  1.0000000000099999e-13  0.0
15.857999999999999  1.0000000000099999e-13  0.0
15.860399999999998  1.0000000000099999e-13  0.0
15.862799999999998  1.0000000000099999e-13  0.0
15.865199999999998  1.0000000000099999e-13  0.0
15.8676  1.0000000000099999e-13  0.0
15.87  1.0000000000099999e-13  0.0
15.872399999999999  1.0000000000099999e-13  0.0
15.874799999999999  1.0000000000099999e-13  0.0
15.877199999999998  1.0000000000099999e-13  0.0
15.879599999999998  1.0000000000099999e-13  0.0
15.881999999999998  1.0000000000099999e-13  0.0
15.8844  1.0000000000099999e-13  0.0
15.8868  1.0000000000099999e-13  0.0
15.889199999999999  1.0000000000099999e-13  0.0
15.891599999999999  1.0000000000099999e-13  0.0
15.893999999999998  1.0000000000099999e-13  0.0
15.896399999999998  1.0000000000099999e-13  0.0
15.898799999999998  1.0000000000099999e-13  0.0
15.9012  1.0000000000099999e-13  0.0
15.903599999999999  1.0000000000099999e-13  0.0
15.905999999999999  1.0000000000099999e-13  0.0
15.908399999999999  1.0000000000099999e-13  0.0
15.910799999999998  1.0000000000099999e-13  0.0
15.913199999999998  1.0000000000099999e-13  0.0
15.915599999999998  1.0000000000099999e-13  0.0
15.918  1.0000000000099999e-13  0.0
15.920399999999999  1.0000000000099999e-13  0.0
15.922799999999999  1.0000000000099999e-13  0.0
15.925199999999998  1.0000000000099999e-13  0.0
15.927599999999998  1.0000000000099999e-13  0.0
15.929999999999998  1.0000000000099999e-13  0.0
15.9324  1.0000000000099999e-13  0.0
15.9348  1.0000000000099999e-13  0.0
15.937199999999999  1.0000000000099999e-13  0.0
15.939599999999999  1.0000000000099999e-13  0.0
15.941999999999998  1.0000000000099999e-13  0.0
15.944399999999998  1.0000000000099999e-13  0.0
15.946799999999998  1.0000000000099999e-13  0.0
15.9492  1.0000000000099999e-13  0.0
15.9516  1.0000000000099999e-13  0.0
15.953999999999999  1.0000000000099999e-13  0.0
15.956399999999999  1.0000000000099999e-13  0.0
15.958799999999998  1.0000000000099999e-13  0.0
15.961199999999998  1.0000000000099999e-13  0.0
15.963599999999998  1.0000000000099999e-13  0.0
15.966  1.0000000000099999e-13  0.0
15.968399999999999  1.0000000000099999e-13  0.0
15.970799999999999  1.0000000000099999e-13  0.0
15.973199999999999  1.0000000000099999e-13  0.0
15.975599999999998  1.0000000000099999e-13  0.0
15.977999999999998  1.0000000000099999e-13  0.0
15.980399999999998  1.0000000000099999e-13  0.0
15.9828  1.0000000000099999e-13  0.0
15.985199999999999  1.0000000000099999e-13  0.0
15.987599999999999  1.0000000000099999e-13  0.0
15.989999999999998  1.0000000000099999e-13  0.0
15.992399999999998  1.0000000000099999e-13  0.0
15.994799999999998  1.0000000000099999e-13  0.0
15.9972  1.0000000000099999e-13  0.0
15.9996  1.0000000000099999e-13  0.0
16.002  1.0000000000099999e-13  0.0
16.004399999999997  1.0000000000099999e-13  0.0
16.0068  1.0000000000099999e-13  0.0
16.0092  1.0000000000099999e-13  0.0
16.011599999999998  1.0000000000099999e-13  0.0
16.014  1.0000000000099999e-13  0.0
16.016399999999997  1.0000000000099999e-13  0.0
16.0188  1.0000000000099999e-13  0.0
16.0212  1.0000000000099999e-13  0.0
16.0236  1.0000000000099999e-13  0.0
16.026  1.0000000000099999e-13  0.0
16.028399999999998  1.0000000000099999e-13  0.0
16.0308  1.0000000000099999e-13  0.0
16.033199999999997  1.0000000000099999e-13  0.0
16.0356  1.0000000000099999e-13  0.0
16.038  1.0000000000099999e-13  0.0
16.040399999999998  1.0000000000099999e-13  0.0
16.0428  1.0000000000099999e-13  0.0
16.045199999999998  1.0000000000099999e-13  0.0
16.0476  1.0000000000099999e-13  0.0
16.049999999999997  1.0000000000099999e-13  0.0
16.0524  1.0000000000099999e-13  0.0
16.0548  1.0000000000099999e-13  0.0
16.057199999999998  1.0000000000099999e-13  0.0
16.0596  1.0000000000099999e-13  0.0
16.061999999999998  1.0000000000099999e-13  0.0
16.0644  1.0000000000099999e-13  0.0
16.066799999999997  1.0000000000099999e-13  0.0
16.0692  1.0000000000099999e-13  0.0
16.0716  1.0000000000099999e-13  0.0
16.073999999999998  1.0000000000099999e-13  0.0
16.0764  1.0000000000099999e-13  0.0
16.078799999999998  1.0000000000099999e-13  0.0
16.0812  1.0000000000099999e-13  0.0
16.083599999999997  1.0000000000099999e-13  0.0
16.086  1.0000000000099999e-13  0.0
16.0884  1.0000000000099999e-13  0.0
16.090799999999998  1.0000000000099999e-13  0.0
16.0932  1.0000000000099999e-13  0.0
16.095599999999997  1.0000000000099999e-13  0.0
16.098  1.0000000000099999e-13  0.0
16.100399999999997  1.0000000000099999e-13  0.0
16.1028  1.0000000000099999e-13  0.0
16.1052  1.0000000000099999e-13  0.0
16.107599999999998  1.0000000000099999e-13  0.0
16.11  1.0000000000099999e-13  0.0
16.112399999999997  1.0000000000099999e-13  0.0
16.1148  1.0000000000099999e-13  0.0
16.117199999999997  1.0000000000099999e-13  0.0
16.1196  1.0000000000099999e-13  0.0
16.122  1.0000000000099999e-13  0.0
16.124399999999998  1.0000000000099999e-13  0.0
16.1268  1.0000000000099999e-13  0.0
16.129199999999997  1.0000000000099999e-13  0.0
16.1316  1.0000000000099999e-13  0.0
16.134  1.0000000000099999e-13  0.0
16.1364  1.0000000000099999e-13  0.0
16.1388  1.0000000000099999e-13  0.0
16.141199999999998  1.0000000000099999e-13  0.0
16.1436  1.0000000000099999e-13  0.0
16.145999999999997  1.0000000000099999e-13  0.0
16.1484  1.0000000000099999e-13  0.0
16.1508  1.0000000000099999e-13  0.0
16.1532  1.0000000000099999e-13  0.0
16.1556  1.0000000000099999e-13  0.0
16.157999999999998  1.0000000000099999e-13  0.0
16.1604  1.0000000000099999e-13  0.0
16.162799999999997  1.0000000000099999e-13  0.0
16.1652  1.0000000000099999e-13  0.0
16.1676  1.0000000000099999e-13  0.0
16.169999999999998  1.0000000000099999e-13  0.0
16.1724  1.0000000000099999e-13  0.0
16.174799999999998  1.0000000000099999e-13  0.0
16.1772  1.0000000000099999e-13  0.0
16.179599999999997  1.0000000000099999e-13  0.0
16.182  1.0000000000099999e-13  0.0
16.1844  1.0000000000099999e-13  0.0
16.186799999999998  1.0000000000099999e-13  0.0
16.1892  1.0000000000099999e-13  0.0
16.191599999999998  1.0000000000099999e-13  0.0
16.194  1.0000000000099999e-13  0.0
16.196399999999997  1.0000000000099999e-13  0.0
16.1988  1.0000000000099999e-13  0.0
16.2012  1.0000000000099999e-13  0.0
16.203599999999998  1.0000000000099999e-13  0.0
16.206  1.0000000000099999e-13  0.0
16.208399999999997  1.0000000000099999e-13  0.0
16.2108  1.0000000000099999e-13  0.0
16.213199999999997  1.0000000000099999e-13  0.0
16.2156  1.0000000000099999e-13  0.0
16.218  1.0000000000099999e-13  0.0
16.220399999999998  1.0000000000099999e-13  0.0
16.2228  1.0000000000099999e-13  0.0
16.225199999999997  1.0000000000099999e-13  0.0
16.2276  1.0000000000099999e-13  0.0
16.229999999999997  1.0000000000099999e-13  0.0
16.2324  1.0000000000099999e-13  0.0
16.2348  1.0000000000099999e-13  0.0
16.237199999999998  1.0000000000099999e-13  0.0
16.2396  1.0000000000099999e-13  0.0
16.241999999999997  1.0000000000099999e-13  0.0
16.2444  1.0000000000099999e-13  0.0
16.2468  1.0000000000099999e-13  0.0
16.2492  1.0000000000099999e-13  0.0
16.2516  1.0000000000099999e-13  0.0
16.253999999999998  1.0000000000099999e-13  0.0
16.2564  1.0000000000099999e-13  0.0
16.258799999999997  1.0000000000099999e-13  0.0
16.2612  1.0000000000099999e-13  0.0
16.2636  1.0000000000099999e-13  0.0
16.266  1.0000000000099999e-13  0.0
16.2684  1.0000000000099999e-13  0.0
16.270799999999998  1.0000000000099999e-13  0.0
16.2732  1.0000000000099999e-13  0.0
16.275599999999997  1.0000000000099999e-13  0.0
16.278  1.0000000000099999e-13  0.0
16.2804  1.0000000000099999e-13  0.0
16.282799999999998  1.0000000000099999e-13  0.0
16.2852  1.0000000000099999e-13  0.0
16.287599999999998  1.0000000000099999e-13  0.0
16.29  1.0000000000099999e-13  0.0
16.292399999999997  1.0000000000099999e-13  0.0
16.2948  1.0000000000099999e-13  0.0
16.2972  1.0000000000099999e-13  0.0
16.299599999999998  1.0000000000099999e-13  0.0
16.302  1.0000000000099999e-13  0.0
16.304399999999998  1.0000000000099999e-13  0.0
16.3068  1.0000000000099999e-13  0.0
16.309199999999997  1.0000000000099999e-13  0.0
16.3116  1.0000000000099999e-13  0.0
16.314  1.0000000000099999e-13  0.0
16.316399999999998  1.0000000000099999e-13  0.0
16.3188  1.0000000000099999e-13  0.0
16.321199999999997  1.0000000000099999e-13  0.0
16.3236  1.0000000000099999e-13  0.0
16.325999999999997  1.0000000000099999e-13  0.0
16.3284  1.0000000000099999e-13  0.0
16.3308  1.0000000000099999e-13  0.0
16.333199999999998  1.0000000000099999e-13  0.0
16.3356  1.0000000000099999e-13  0.0
16.337999999999997  1.0000000000099999e-13  0.0
16.3404  1.0000000000099999e-13  0.0
16.342799999999997  1.0000000000099999e-13  0.0
16.3452  1.0000000000099999e-13  0.0
16.3476  1.0000000000099999e-13  0.0
16.349999999999998  1.0000000000099999e-13  0.0
16.3524  1.0000000000099999e-13  0.0
16.354799999999997  1.0000000000099999e-13  0.0
16.3572  1.0000000000099999e-13  0.0
16.359599999999997  1.0000000000099999e-13  0.0
16.362  1.0000000000099999e-13  0.0
16.3644  1.0000000000099999e-13  0.0
16.366799999999998  1.0000000000099999e-13  0.0
16.3692  1.0000000000099999e-13  0.0
16.371599999999997  1.0000000000099999e-13  0.0
16.374  1.0000000000099999e-13  0.0
16.3764  1.0000000000099999e-13  0.0
16.3788  1.0000000000099999e-13  0.0
16.3812  1.0000000000099999e-13  0.0
16.383599999999998  1.0000000000099999e-13  0.0
16.386  1.0000000000099999e-13  0.0
16.388399999999997  1.0000000000099999e-13  0.0
16.3908  1.0000000000099999e-13  0.0
16.3932  1.0000000000099999e-13  0.0
16.395599999999998  1.0000000000099999e-13  0.0
16.398  1.0000000000099999e-13  0.0
16.400399999999998  1.0000000000099999e-13  0.0
16.4028  1.0000000000099999e-13  0.0
16.405199999999997  1.0000000000099999e-13  0.0
16.4076  1.0000000000099999e-13  0.0
16.41  1.0000000000099999e-13  0.0
16.412399999999998  1.0000000000099999e-13  0.0
16.4148  1.0000000000099999e-13  0.0
16.417199999999998  1.0000000000099999e-13  0.0
16.4196  1.0000000000099999e-13  0.0
16.421999999999997  1.0000000000099999e-13  0.0
16.4244  1.0000000000099999e-13  0.0
16.4268  1.0000000000099999e-13  0.0
16.429199999999998  1.0000000000099999e-13  0.0
16.4316  1.0000000000099999e-13  0.0
16.433999999999997  1.0000000000099999e-13  0.0
16.4364  1.0000000000099999e-13  0.0
16.438799999999997  1.0000000000099999e-13  0.0
16.4412  1.0000000000099999e-13  0.0
16.4436  1.0000000000099999e-13  0.0
16.445999999999998  1.0000000000099999e-13  0.0
16.4484  1.0000000000099999e-13  0.0
16.450799999999997  1.0000000000099999e-13  0.0
16.4532  1.0000000000099999e-13  0.0
16.455599999999997  1.0000000000099999e-13  0.0
16.458  1.0000000000099999e-13  0.0
16.4604  1.0000000000099999e-13  0.0
16.462799999999998  1.0000000000099999e-13  0.0
16.4652  1.0000000000099999e-13  0.0
16.467599999999997  1.0000000000099999e-13  0.0
16.47  1.0000000000099999e-13  0.0
16.472399999999997  1.0000000000099999e-13  0.0
16.4748  1.0000000000099999e-13  0.0
16.4772  1.0000000000099999e-13  0.0
16.479599999999998  1.0000000000099999e-13  0.0
16.482  1.0000000000099999e-13  0.0
16.484399999999997  1.0000000000099999e-13  0.0
16.4868  1.0000000000099999e-13  0.0
16.4892  1.0000000000099999e-13  0.0
16.4916  1.0000000000099999e-13  0.0
16.494  1.0000000000099999e-13  0.0
16.496399999999998  1.0000000000099999e-13  0.0
16.4988  1.0000000000099999e-13  0.0
16.501199999999997  1.0000000000099999e-13  0.0
16.5036  1.0000000000099999e-13  0.0
16.506  1.0000000000099999e-13  0.0
16.508399999999998  1.0000000000099999e-13  0.0
16.5108  1.0000000000099999e-13  0.0
16.513199999999998  1.0000000000099999e-13  0.0
16.5156  1.0000000000099999e-13  0.0
16.517999999999997  1.0000000000099999e-13  0.0
16.5204  1.0000000000099999e-13  0.0
16.5228  1.0000000000099999e-13  0.0
16.525199999999998  1.0000000000099999e-13  0.0
16.5276  1.0000000000099999e-13  0.0
16.529999999999998  1.0000000000099999e-13  0.0
16.5324  1.0000000000099999e-13  0.0
16.534799999999997  1.0000000000099999e-13  0.0
16.5372  1.0000000000099999e-13  0.0
16.5396  1.0000000000099999e-13  0.0
16.541999999999998  1.0000000000099999e-13  0.0
16.5444  1.0000000000099999e-13  0.0
16.546799999999998  1.0000000000099999e-13  0.0
16.5492  1.0000000000099999e-13  0.0
16.551599999999997  1.0000000000099999e-13  0.0
16.554  1.0000000000099999e-13  0.0
16.5564  1.0000000000099999e-13  0.0
16.558799999999998  1.0000000000099999e-13  0.0
16.5612  1.0000000000099999e-13  0.0
16.563599999999997  1.0000000000099999e-13  0.0
16.566  1.0000000000099999e-13  0.0
16.568399999999997  1.0000000000099999e-13  0.0
16.5708  1.0000000000099999e-13  0.0
16.5732  1.0000000000099999e-13  0.0
16.575599999999998  1.0000000000099999e-13  0.0
16.578  1.0000000000099999e-13  0.0
16.580399999999997  1.0000000000099999e-13  0.0
16.5828  1.0000000000099999e-13  0.0
16.585199999999997  1.0000000000099999e-13  0.0
16.5876  1.0000000000099999e-13  0.0
16.59  1.0000000000099999e-13  0.0
16.592399999999998  1.0000000000099999e-13  0.0
16.5948  1.0000000000099999e-13  0.0
16.597199999999997  1.0000000000099999e-13  0.0
16.5996  1.0000000000099999e-13  0.0
16.602  1.0000000000099999e-13  0.0
16.6044  1.0000000000099999e-13  0.0
16.6068  1.0000000000099999e-13  0.0
16.609199999999998  1.0000000000099999e-13  0.0
16.6116  1.0000000000099999e-13  0.0
16.613999999999997  1.0000000000099999e-13  0.0
16.6164  1.0000000000099999e-13  0.0
16.6188  1.0000000000099999e-13  0.0
16.621199999999998  1.0000000000099999e-13  0.0
16.6236  1.0000000000099999e-13  0.0
16.625999999999998  1.0000000000099999e-13  0.0
16.6284  1.0000000000099999e-13  0.0
16.630799999999997  1.0000000000099999e-13  0.0
16.6332  1.0000000000099999e-13  0.0
16.6356  1.0000000000099999e-13  0.0
16.637999999999998  1.0000000000099999e-13  0.0
16.6404  1.0000000000099999e-13  0.0
16.642799999999998  1.0000000000099999e-13  0.0
16.6452  1.0000000000099999e-13  0.0
16.647599999999997  1.0000000000099999e-13  0.0
16.65  1.0000000000099999e-13  0.0
16.6524  1.0000000000099999e-13  0.0
16.654799999999998  1.0000000000099999e-13  0.0
16.6572  1.0000000000099999e-13  0.0
16.659599999999998  1.0000000000099999e-13  0.0
16.662  1.0000000000099999e-13  0.0
16.664399999999997  1.0000000000099999e-13  0.0
16.6668  1.0000000000099999e-13  0.0
16.6692  1.0000000000099999e-13  0.0
16.671599999999998  1.0000000000099999e-13  0.0
16.674  1.0000000000099999e-13  0.0
16.676399999999997  1.0000000000099999e-13  0.0
16.6788  1.0000000000099999e-13  0.0
16.681199999999997  1.0000000000099999e-13  0.0
16.6836  1.0000000000099999e-13  0.0
16.686  1.0000000000099999e-13  0.0
16.688399999999998  1.0000000000099999e-13  0.0
16.6908  1.0000000000099999e-13  0.0
16.693199999999997  1.0000000000099999e-13  0.0
16.6956  1.0000000000099999e-13  0.0
16.697999999999997  1.0000000000099999e-13  0.0
16.7004  1.0000000000099999e-13  0.0
16.7028  1.0000000000099999e-13  0.0
16.705199999999998  1.0000000000099999e-13  0.0
16.7076  1.0000000000099999e-13  0.0
16.709999999999997  1.0000000000099999e-13  0.0
16.7124  1.0000000000099999e-13  0.0
16.714799999999997  1.0000000000099999e-13  0.0
16.7172  1.0000000000099999e-13  0.0
16.7196  1.0000000000099999e-13  0.0
16.721999999999998  1.0000000000099999e-13  0.0
16.7244  1.0000000000099999e-13  0.0
16.726799999999997  1.0000000000099999e-13  0.0
16.7292  1.0000000000099999e-13  0.0
16.7316  1.0000000000099999e-13  0.0
16.733999999999998  1.0000000000099999e-13  0.0
16.7364  1.0000000000099999e-13  0.0
16.738799999999998  1.0000000000099999e-13  0.0
16.7412  1.0000000000099999e-13  0.0
16.743599999999997  1.0000000000099999e-13  0.0
16.746  1.0000000000099999e-13  0.0
16.7484  1.0000000000099999e-13  0.0
16.750799999999998  1.0000000000099999e-13  0.0
16.7532  1.0000000000099999e-13  0.0
16.755599999999998  1.0000000000099999e-13  0.0
16.758  1.0000000000099999e-13  0.0
16.760399999999997  1.0000000000099999e-13  0.0
16.7628  1.0000000000099999e-13  0.0
16.7652  1.0000000000099999e-13  0.0
16.767599999999998  1.0000000000099999e-13  0.0
16.77  1.0000000000099999e-13  0.0
16.772399999999998  1.0000000000099999e-13  0.0
16.7748  1.0000000000099999e-13  0.0
16.777199999999997  1.0000000000099999e-13  0.0
16.7796  1.0000000000099999e-13  0.0
16.782  1.0000000000099999e-13  0.0
16.784399999999998  1.0000000000099999e-13  0.0
16.7868  1.0000000000099999e-13  0.0
16.789199999999997  1.0000000000099999e-13  0.0
16.7916  1.0000000000099999e-13  0.0
16.793999999999997  1.0000000000099999e-13  0.0
16.7964  1.0000000000099999e-13  0.0
16.7988  1.0000000000099999e-13  0.0
16.801199999999998  1.0000000000099999e-13  0.0
16.8036  1.0000000000099999e-13  0.0
16.805999999999997  1.0000000000099999e-13  0.0
16.8084  1.0000000000099999e-13  0.0
16.810799999999997  1.0000000000099999e-13  0.0
16.8132  1.0000000000099999e-13  0.0
16.8156  1.0000000000099999e-13  0.0
16.817999999999998  1.0000000000099999e-13  0.0
16.8204  1.0000000000099999e-13  0.0
16.822799999999997  1.0000000000099999e-13  0.0
16.8252  1.0000000000099999e-13  0.0
16.827599999999997  1.0000000000099999e-13  0.0
16.83  1.0000000000099999e-13  0.0
16.8324  1.0000000000099999e-13  0.0
16.834799999999998  1.0000000000099999e-13  0.0
16.8372  1.0000000000099999e-13  0.0
16.839599999999997  1.0000000000099999e-13  0.0
16.842  1.0000000000099999e-13  0.0
16.8444  1.0000000000099999e-13  0.0
16.846799999999998  1.0000000000099999e-13  0.0
16.8492  1.0000000000099999e-13  0.0
16.851599999999998  1.0000000000099999e-13  0.0
16.854  1.0000000000099999e-13  0.0
16.856399999999997  1.0000000000099999e-13  0.0
16.8588  1.0000000000099999e-13  0.0
16.8612  1.0000000000099999e-13  0.0
16.863599999999998  1.0000000000099999e-13  0.0
16.866  1.0000000000099999e-13  0.0
16.868399999999998  1.0000000000099999e-13  0.0
16.8708  1.0000000000099999e-13  0.0
16.873199999999997  1.0000000000099999e-13  0.0
16.8756  1.0000000000099999e-13  0.0
16.878  1.0000000000099999e-13  0.0
16.880399999999998  1.0000000000099999e-13  0.0
16.8828  1.0000000000099999e-13  0.0
16.885199999999998  1.0000000000099999e-13  0.0
16.8876  1.0000000000099999e-13  0.0
16.889999999999997  1.0000000000099999e-13  0.0
16.8924  1.0000000000099999e-13  0.0
16.8948  1.0000000000099999e-13  0.0
16.897199999999998  1.0000000000099999e-13  0.0
16.8996  1.0000000000099999e-13  0.0
16.901999999999997  1.0000000000099999e-13  0.0
16.9044  1.0000000000099999e-13  0.0
16.906799999999997  1.0000000000099999e-13  0.0
16.9092  1.0000000000099999e-13  0.0
16.9116  1.0000000000099999e-13  0.0
16.913999999999998  1.0000000000099999e-13  0.0
16.9164  1.0000000000099999e-13  0.0
16.918799999999997  1.0000000000099999e-13  0.0
16.9212  1.0000000000099999e-13  0.0
16.923599999999997  1.0000000000099999e-13  0.0
16.926  1.0000000000099999e-13  0.0
16.9284  1.0000000000099999e-13  0.0
16.930799999999998  1.0000000000099999e-13  0.0
16.9332  1.0000000000099999e-13  0.0
16.935599999999997  1.0000000000099999e-13  0.0
16.938  1.0000000000099999e-13  0.0
16.940399999999997  1.0000000000099999e-13  0.0
16.9428  1.0000000000099999e-13  0.0
16.9452  1.0000000000099999e-13  0.0
16.947599999999998  1.0000000000099999e-13  0.0
16.95  1.0000000000099999e-13  0.0
16.952399999999997  1.0000000000099999e-13  0.0
16.9548  1.0000000000099999e-13  0.0
16.9572  1.0000000000099999e-13  0.0
16.9596  1.0000000000099999e-13  0.0
16.962  1.0000000000099999e-13  0.0
16.964399999999998  1.0000000000099999e-13  0.0
16.9668  1.0000000000099999e-13  0.0
16.969199999999997  1.0000000000099999e-13  0.0
16.9716  1.0000000000099999e-13  0.0
16.974  1.0000000000099999e-13  0.0
16.976399999999998  1.0000000000099999e-13  0.0
16.9788  1.0000000000099999e-13  0.0
16.981199999999998  1.0000000000099999e-13  0.0
16.9836  1.0000000000099999e-13  0.0
16.985999999999997  1.0000000000099999e-13  0.0
16.9884  1.0000000000099999e-13  0.0
16.9908  1.0000000000099999e-13  0.0
16.993199999999998  1.0000000000099999e-13  0.0
16.9956  1.0000000000099999e-13  0.0
16.997999999999998  1.0000000000099999e-13  0.0
17.0004  1.0000000000099999e-13  0.0
17.002799999999997  1.0000000000099999e-13  0.0
17.0052  1.0000000000099999e-13  0.0
17.0076  1.0000000000099999e-13  0.0
17.009999999999998  1.0000000000099999e-13  0.0
17.0124  1.0000000000099999e-13  0.0
17.014799999999997  1.0000000000099999e-13  0.0
17.0172  1.0000000000099999e-13  0.0
17.019599999999997  1.0000000000099999e-13  0.0
17.022  1.0000000000099999e-13  0.0
17.0244  1.0000000000099999e-13  0.0
17.026799999999998  1.0000000000099999e-13  0.0
17.0292  1.0000000000099999e-13  0.0
17.031599999999997  1.0000000000099999e-13  0.0
17.034  1.0000000000099999e-13  0.0
17.036399999999997  1.0000000000099999e-13  0.0
17.0388  1.0000000000099999e-13  0.0
17.0412  1.0000000000099999e-13  0.0
17.043599999999998  1.0000000000099999e-13  0.0
17.046  1.0000000000099999e-13  0.0
17.048399999999997  1.0000000000099999e-13  0.0
17.0508  1.0000000000099999e-13  0.0
17.053199999999997  1.0000000000099999e-13  0.0
17.0556  1.0000000000099999e-13  0.0
17.058  1.0000000000099999e-13  0.0
17.060399999999998  1.0000000000099999e-13  0.0
17.0628  1.0000000000099999e-13  0.0
17.065199999999997  1.0000000000099999e-13  0.0
17.0676  1.0000000000099999e-13  0.0
17.069999999999997  1.0000000000099999e-13  0.0
17.0724  1.0000000000099999e-13  0.0
17.0748  1.0000000000099999e-13  0.0
17.077199999999998  1.0000000000099999e-13  0.0
17.0796  1.0000000000099999e-13  0.0
17.081999999999997  1.0000000000099999e-13  0.0
17.0844  1.0000000000099999e-13  0.0
17.0868  1.0000000000099999e-13  0.0
17.089199999999998  1.0000000000099999e-13  0.0
17.0916  1.0000000000099999e-13  0.0
17.093999999999998  1.0000000000099999e-13  0.0
17.0964  1.0000000000099999e-13  0.0
17.098799999999997  1.0000000000099999e-13  0.0
17.1012  1.0000000000099999e-13  0.0
17.1036  1.0000000000099999e-13  0.0
17.105999999999998  1.0000000000099999e-13  0.0
17.1084  1.0000000000099999e-13  0.0
17.110799999999998  1.0000000000099999e-13  0.0
17.1132  1.0000000000099999e-13  0.0
17.115599999999997  1.0000000000099999e-13  0.0
17.118  1.0000000000099999e-13  0.0
17.1204  1.0000000000099999e-13  0.0
17.122799999999998  1.0000000000099999e-13  0.0
17.1252  1.0000000000099999e-13  0.0
17.127599999999997  1.0000000000099999e-13  0.0
17.13  1.0000000000099999e-13  0.0
17.132399999999997  1.0000000000099999e-13  0.0
17.1348  1.0000000000099999e-13  0.0
17.1372  1.0000000000099999e-13  0.0
17.139599999999998  1.0000000000099999e-13  0.0
17.142  1.0000000000099999e-13  0.0
17.144399999999997  1.0000000000099999e-13  0.0
17.1468  1.0000000000099999e-13  0.0
17.149199999999997  1.0000000000099999e-13  0.0
17.1516  1.0000000000099999e-13  0.0
17.154  1.0000000000099999e-13  0.0
17.156399999999998  1.0000000000099999e-13  0.0
17.1588  1.0000000000099999e-13  0.0
17.161199999999997  1.0000000000099999e-13  0.0
17.1636  1.0000000000099999e-13  0.0
17.165999999999997  1.0000000000099999e-13  0.0
17.1684  1.0000000000099999e-13  0.0
17.1708  1.0000000000099999e-13  0.0
17.173199999999998  1.0000000000099999e-13  0.0
17.1756  1.0000000000099999e-13  0.0
17.177999999999997  1.0000000000099999e-13  0.0
17.1804  1.0000000000099999e-13  0.0
17.182799999999997  1.0000000000099999e-13  0.0
17.1852  1.0000000000099999e-13  0.0
17.1876  1.0000000000099999e-13  0.0
17.189999999999998  1.0000000000099999e-13  0.0
17.1924  1.0000000000099999e-13  0.0
17.194799999999997  1.0000000000099999e-13  0.0
17.1972  1.0000000000099999e-13  0.0
17.1996  1.0000000000099999e-13  0.0
17.201999999999998  1.0000000000099999e-13  0.0
17.2044  1.0000000000099999e-13  0.0
17.206799999999998  1.0000000000099999e-13  0.0
17.2092  1.0000000000099999e-13  0.0
17.211599999999997  1.0000000000099999e-13  0.0
17.214  1.0000000000099999e-13  0.0
17.2164  1.0000000000099999e-13  0.0
17.218799999999998  1.0000000000099999e-13  0.0
17.2212  1.0000000000099999e-13  0.0
17.223599999999998  1.0000000000099999e-13  0.0
17.226  1.0000000000099999e-13  0.0
17.228399999999997  1.0000000000099999e-13  0.0
17.2308  1.0000000000099999e-13  0.0
17.2332  1.0000000000099999e-13  0.0
17.235599999999998  1.0000000000099999e-13  0.0
17.238  1.0000000000099999e-13  0.0
17.240399999999998  1.0000000000099999e-13  0.0
17.2428  1.0000000000099999e-13  0.0
17.245199999999997  1.0000000000099999e-13  0.0
17.2476  1.0000000000099999e-13  0.0
17.25  1.0000000000099999e-13  0.0
17.252399999999998  1.0000000000099999e-13  0.0
17.2548  1.0000000000099999e-13  0.0
17.257199999999997  1.0000000000099999e-13  0.0
17.2596  1.0000000000099999e-13  0.0
17.261999999999997  1.0000000000099999e-13  0.0
17.2644  1.0000000000099999e-13  0.0
17.2668  1.0000000000099999e-13  0.0
17.269199999999998  1.0000000000099999e-13  0.0
17.2716  1.0000000000099999e-13  0.0
17.273999999999997  1.0000000000099999e-13  0.0
17.2764  1.0000000000099999e-13  0.0
17.278799999999997  1.0000000000099999e-13  0.0
17.2812  1.0000000000099999e-13  0.0
17.2836  1.0000000000099999e-13  0.0
17.285999999999998  1.0000000000099999e-13  0.0
17.2884  1.0000000000099999e-13  0.0
17.290799999999997  1.0000000000099999e-13  0.0
17.2932  1.0000000000099999e-13  0.0
17.295599999999997  1.0000000000099999e-13  0.0
17.298  1.0000000000099999e-13  0.0
17.3004  1.0000000000099999e-13  0.0
17.302799999999998  1.0000000000099999e-13  0.0
17.3052  1.0000000000099999e-13  0.0
17.307599999999997  1.0000000000099999e-13  0.0
17.31  1.0000000000099999e-13  0.0
17.3124  1.0000000000099999e-13  0.0
17.314799999999998  1.0000000000099999e-13  0.0
17.3172  1.0000000000099999e-13  0.0
17.319599999999998  1.0000000000099999e-13  0.0
17.322  1.0000000000099999e-13  0.0
17.324399999999997  1.0000000000099999e-13  0.0
17.3268  1.0000000000099999e-13  0.0
17.3292  1.0000000000099999e-13  0.0
17.331599999999998  1.0000000000099999e-13  0.0
17.334  1.0000000000099999e-13  0.0
17.336399999999998  1.0000000000099999e-13  0.0
17.3388  1.0000000000099999e-13  0.0
17.341199999999997  1.0000000000099999e-13  0.0
17.3436  1.0000000000099999e-13  0.0
17.346  1.0000000000099999e-13  0.0
17.348399999999998  1.0000000000099999e-13  0.0
17.3508  1.0000000000099999e-13  0.0
17.353199999999998  1.0000000000099999e-13  0.0
17.3556  1.0000000000099999e-13  0.0
17.357999999999997  1.0000000000099999e-13  0.0
17.3604  1.0000000000099999e-13  0.0
17.3628  1.0000000000099999e-13  0.0
17.365199999999998  1.0000000000099999e-13  0.0
17.3676  1.0000000000099999e-13  0.0
17.369999999999997  1.0000000000099999e-13  0.0
17.3724  1.0000000000099999e-13  0.0
17.374799999999997  1.0000000000099999e-13  0.0
17.3772  1.0000000000099999e-13  0.0
17.3796  1.0000000000099999e-13  0.0
17.381999999999998  1.0000000000099999e-13  0.0
17.3844  1.0000000000099999e-13  0.0
17.386799999999997  1.0000000000099999e-13  0.0
17.3892  1.0000000000099999e-13  0.0
17.391599999999997  1.0000000000099999e-13  0.0
17.394  1.0000000000099999e-13  0.0
17.3964  1.0000000000099999e-13  0.0
17.398799999999998  1.0000000000099999e-13  0.0
17.4012  1.0000000000099999e-13  0.0
17.403599999999997  1.0000000000099999e-13  0.0
17.406  1.0000000000099999e-13  0.0
17.408399999999997  1.0000000000099999e-13  0.0
17.4108  1.0000000000099999e-13  0.0
17.4132  1.0000000000099999e-13  0.0
17.415599999999998  1.0000000000099999e-13  0.0
17.418  1.0000000000099999e-13  0.0
17.420399999999997  1.0000000000099999e-13  0.0
17.4228  1.0000000000099999e-13  0.0
17.4252  1.0000000000099999e-13  0.0
17.427599999999998  1.0000000000099999e-13  0.0
17.43  1.0000000000099999e-13  0.0
17.432399999999998  1.0000000000099999e-13  0.0
17.4348  1.0000000000099999e-13  0.0
17.437199999999997  1.0000000000099999e-13  0.0
17.4396  1.0000000000099999e-13  0.0
17.442  1.0000000000099999e-13  0.0
17.444399999999998  1.0000000000099999e-13  0.0
17.4468  1.0000000000099999e-13  0.0
17.449199999999998  1.0000000000099999e-13  0.0
17.4516  1.0000000000099999e-13  0.0
17.453999999999997  1.0000000000099999e-13  0.0
17.4564  1.0000000000099999e-13  0.0
17.4588  1.0000000000099999e-13  0.0
17.461199999999998  1.0000000000099999e-13  0.0
17.4636  1.0000000000099999e-13  0.0
17.465999999999998  1.0000000000099999e-13  0.0
17.4684  1.0000000000099999e-13  0.0
17.470799999999997  1.0000000000099999e-13  0.0
17.4732  1.0000000000099999e-13  0.0
17.4756  1.0000000000099999e-13  0.0
17.477999999999998  1.0000000000099999e-13  0.0
17.4804  1.0000000000099999e-13  0.0
17.482799999999997  1.0000000000099999e-13  0.0
17.4852  1.0000000000099999e-13  0.0
17.487599999999997  1.0000000000099999e-13  0.0
17.49  1.0000000000099999e-13  0.0
17.4924  1.0000000000099999e-13  0.0
17.494799999999998  1.0000000000099999e-13  0.0
17.4972  1.0000000000099999e-13  0.0
17.499599999999997  1.0000000000099999e-13  0.0
17.502  1.0000000000099999e-13  0.0
17.504399999999997  1.0000000000099999e-13  0.0
17.5068  1.0000000000099999e-13  0.0
17.5092  1.0000000000099999e-13  0.0
17.511599999999998  1.0000000000099999e-13  0.0
17.514  1.0000000000099999e-13  0.0
17.516399999999997  1.0000000000099999e-13  0.0
17.5188  1.0000000000099999e-13  0.0
17.521199999999997  1.0000000000099999e-13  0.0
17.5236  1.0000000000099999e-13  0.0
17.526  1.0000000000099999e-13  0.0
17.528399999999998  1.0000000000099999e-13  0.0
17.5308  1.0000000000099999e-13  0.0
17.533199999999997  1.0000000000099999e-13  0.0
17.5356  1.0000000000099999e-13  0.0
17.537999999999997  1.0000000000099999e-13  0.0
17.540399999999998  1.0000000000099999e-13  0.0
17.5428  1.0000000000099999e-13  0.0
17.545199999999998  1.0000000000099999e-13  0.0
17.5476  1.0000000000099999e-13  0.0
17.549999999999997  1.0000000000099999e-13  0.0
17.5524  1.0000000000099999e-13  0.0
17.5548  1.0000000000099999e-13  0.0
17.557199999999998  1.0000000000099999e-13  0.0
17.5596  1.0000000000099999e-13  0.0
17.561999999999998  1.0000000000099999e-13  0.0
17.5644  1.0000000000099999e-13  0.0
17.566799999999997  1.0000000000099999e-13  0.0
17.5692  1.0000000000099999e-13  0.0
17.5716  1.0000000000099999e-13  0.0
17.573999999999998  1.0000000000099999e-13  0.0
17.5764  1.0000000000099999e-13  0.0
17.578799999999998  1.0000000000099999e-13  0.0
17.5812  1.0000000000099999e-13  0.0
17.583599999999997  1.0000000000099999e-13  0.0
17.586  1.0000000000099999e-13  0.0
17.5884  1.0000000000099999e-13  0.0
17.590799999999998  1.0000000000099999e-13  0.0
17.5932  1.0000000000099999e-13  0.0
17.595599999999997  1.0000000000099999e-13  0.0
17.598  1.0000000000099999e-13  0.0
17.600399999999997  1.0000000000099999e-13  0.0
17.6028  1.0000000000099999e-13  0.0
17.6052  1.0000000000099999e-13  0.0
17.607599999999998  1.0000000000099999e-13  0.0
17.61  1.0000000000099999e-13  0.0
17.612399999999997  1.0000000000099999e-13  0.0
17.6148  1.0000000000099999e-13  0.0
17.617199999999997  1.0000000000099999e-13  0.0
17.6196  1.0000000000099999e-13  0.0
17.622  1.0000000000099999e-13  0.0
17.624399999999998  1.0000000000099999e-13  0.0
17.6268  1.0000000000099999e-13  0.0
17.629199999999997  1.0000000000099999e-13  0.0
17.6316  1.0000000000099999e-13  0.0
17.633999999999997  1.0000000000099999e-13  0.0
17.6364  1.0000000000099999e-13  0.0
17.6388  1.0000000000099999e-13  0.0
17.641199999999998  1.0000000000099999e-13  0.0
17.6436  1.0000000000099999e-13  0.0
17.645999999999997  1.0000000000099999e-13  0.0
17.6484  1.0000000000099999e-13  0.0
17.650799999999997  1.0000000000099999e-13  0.0
17.6532  1.0000000000099999e-13  0.0
17.6556  1.0000000000099999e-13  0.0
17.657999999999998  1.0000000000099999e-13  0.0
17.6604  1.0000000000099999e-13  0.0
17.662799999999997  1.0000000000099999e-13  0.0
17.6652  1.0000000000099999e-13  0.0
17.6676  1.0000000000099999e-13  0.0
17.669999999999998  1.0000000000099999e-13  0.0
17.6724  1.0000000000099999e-13  0.0
17.674799999999998  1.0000000000099999e-13  0.0
17.6772  1.0000000000099999e-13  0.0
17.679599999999997  1.0000000000099999e-13  0.0
17.682  1.0000000000099999e-13  0.0
17.6844  1.0000000000099999e-13  0.0
17.686799999999998  1.0000000000099999e-13  0.0
17.6892  1.0000000000099999e-13  0.0
17.691599999999998  1.0000000000099999e-13  0.0
17.694  1.0000000000099999e-13  0.0
17.696399999999997  1.0000000000099999e-13  0.0
17.6988  1.0000000000099999e-13  0.0
17.7012  1.0000000000099999e-13  0.0
17.703599999999998  1.0000000000099999e-13  0.0
17.706  1.0000000000099999e-13  0.0
17.708399999999997  1.0000000000099999e-13  0.0
17.7108  1.0000000000099999e-13  0.0
17.713199999999997  1.0000000000099999e-13  0.0
17.7156  1.0000000000099999e-13  0.0
17.718  1.0000000000099999e-13  0.0
17.720399999999998  1.0000000000099999e-13  0.0
17.7228  1.0000000000099999e-13  0.0
17.725199999999997  1.0000000000099999e-13  0.0
17.7276  1.0000000000099999e-13  0.0
17.729999999999997  1.0000000000099999e-13  0.0
17.7324  1.0000000000099999e-13  0.0
17.7348  1.0000000000099999e-13  0.0
17.737199999999998  1.0000000000099999e-13  0.0
17.7396  1.0000000000099999e-13  0.0
17.741999999999997  1.0000000000099999e-13  0.0
17.7444  1.0000000000099999e-13  0.0
17.746799999999997  1.0000000000099999e-13  0.0
17.7492  1.0000000000099999e-13  0.0
17.7516  1.0000000000099999e-13  0.0
17.753999999999998  1.0000000000099999e-13  0.0
17.7564  1.0000000000099999e-13  0.0
17.758799999999997  1.0000000000099999e-13  0.0
17.7612  1.0000000000099999e-13  0.0
17.763599999999997  1.0000000000099999e-13  0.0
17.766  1.0000000000099999e-13  0.0
17.7684  1.0000000000099999e-13  0.0
17.770799999999998  1.0000000000099999e-13  0.0
17.7732  1.0000000000099999e-13  0.0
17.775599999999997  1.0000000000099999e-13  0.0
17.778  1.0000000000099999e-13  0.0
17.7804  1.0000000000099999e-13  0.0
17.782799999999998  1.0000000000099999e-13  0.0
17.7852  1.0000000000099999e-13  0.0
17.787599999999998  1.0000000000099999e-13  0.0
17.79  1.0000000000099999e-13  0.0
17.792399999999997  1.0000000000099999e-13  0.0
17.7948  1.0000000000099999e-13  0.0
17.7972  1.0000000000099999e-13  0.0
17.799599999999998  1.0000000000099999e-13  0.0
17.802  1.0000000000099999e-13  0.0
17.804399999999998  1.0000000000099999e-13  0.0
17.8068  1.0000000000099999e-13  0.0
17.809199999999997  1.0000000000099999e-13  0.0
17.8116  1.0000000000099999e-13  0.0
17.814  1.0000000000099999e-13  0.0
17.816399999999998  1.0000000000099999e-13  0.0
17.8188  1.0000000000099999e-13  0.0
17.821199999999997  1.0000000000099999e-13  0.0
17.8236  1.0000000000099999e-13  0.0
17.825999999999997  1.0000000000099999e-13  0.0
17.8284  1.0000000000099999e-13  0.0
17.8308  1.0000000000099999e-13  0.0
17.833199999999998  1.0000000000099999e-13  0.0
17.8356  1.0000000000099999e-13  0.0
17.837999999999997  1.0000000000099999e-13  0.0
17.8404  1.0000000000099999e-13  0.0
17.842799999999997  1.0000000000099999e-13  0.0
17.8452  1.0000000000099999e-13  0.0
17.8476  1.0000000000099999e-13  0.0
17.849999999999998  1.0000000000099999e-13  0.0
17.8524  1.0000000000099999e-13  0.0
17.854799999999997  1.0000000000099999e-13  0.0
17.8572  1.0000000000099999e-13  0.0
17.859599999999997  1.0000000000099999e-13  0.0
17.862  1.0000000000099999e-13  0.0
17.8644  1.0000000000099999e-13  0.0
17.866799999999998  1.0000000000099999e-13  0.0
17.8692  1.0000000000099999e-13  0.0
17.871599999999997  1.0000000000099999e-13  0.0
17.874  1.0000000000099999e-13  0.0
17.876399999999997  1.0000000000099999e-13  0.0
17.8788  1.0000000000099999e-13  0.0
17.8812  1.0000000000099999e-13  0.0
17.883599999999998  1.0000000000099999e-13  0.0
17.886  1.0000000000099999e-13  0.0
17.888399999999997  1.0000000000099999e-13  0.0
17.8908  1.0000000000099999e-13  0.0
17.893199999999997  1.0000000000099999e-13  0.0
17.895599999999998  1.0000000000099999e-13  0.0
17.898  1.0000000000099999e-13  0.0
17.900399999999998  1.0000000000099999e-13  0.0
17.9028  1.0000000000099999e-13  0.0
17.905199999999997  1.0000000000099999e-13  0.0
17.9076  1.0000000000099999e-13  0.0
17.91  1.0000000000099999e-13  0.0
17.912399999999998  1.0000000000099999e-13  0.0
17.9148  1.0000000000099999e-13  0.0
17.917199999999998  1.0000000000099999e-13  0.0
17.9196  1.0000000000099999e-13  0.0
17.921999999999997  1.0000000000099999e-13  0.0
17.9244  1.0000000000099999e-13  0.0
17.9268  1.0000000000099999e-13  0.0
17.929199999999998  1.0000000000099999e-13  0.0
17.9316  1.0000000000099999e-13  0.0
17.933999999999997  1.0000000000099999e-13  0.0
17.9364  1.0000000000099999e-13  0.0
17.938799999999997  1.0000000000099999e-13  0.0
17.9412  1.0000000000099999e-13  0.0
17.9436  1.0000000000099999e-13  0.0
17.945999999999998  1.0000000000099999e-13  0.0
17.9484  1.0000000000099999e-13  0.0
17.950799999999997  1.0000000000099999e-13  0.0
17.9532  1.0000000000099999e-13  0.0
17.955599999999997  1.0000000000099999e-13  0.0
17.958  1.0000000000099999e-13  0.0
17.9604  1.0000000000099999e-13  0.0
17.962799999999998  1.0000000000099999e-13  0.0
17.9652  1.0000000000099999e-13  0.0
17.967599999999997  1.0000000000099999e-13  0.0
17.97  1.0000000000099999e-13  0.0
17.972399999999997  1.0000000000099999e-13  0.0
17.9748  1.0000000000099999e-13  0.0
17.9772  1.0000000000099999e-13  0.0
17.979599999999998  1.0000000000099999e-13  0.0
17.982  1.0000000000099999e-13  0.0
17.984399999999997  1.0000000000099999e-13  0.0
17.9868  1.0000000000099999e-13  0.0
17.989199999999997  1.0000000000099999e-13  0.0
17.9916  1.0000000000099999e-13  0.0
17.994  1.0000000000099999e-13  0.0
17.996399999999998  1.0000000000099999e-13  0.0
17.9988  1.0000000000099999e-13  0.0
18.001199999999997  1.0000000000099999e-13  0.0
18.0036  1.0000000000099999e-13  0.0
18.005999999999997  1.0000000000099999e-13  0.0
18.008399999999998  1.0000000000099999e-13  0.0
18.0108  1.0000000000099999e-13  0.0
18.013199999999998  1.0000000000099999e-13  0.0
18.0156  1.0000000000099999e-13  0.0
18.017999999999997  1.0000000000099999e-13  0.0
18.0204  1.0000000000099999e-13  0.0
18.0228  1.0000000000099999e-13  0.0
18.025199999999998  1.0000000000099999e-13  0.0
18.0276  1.0000000000099999e-13  0.0
18.029999999999998  1.0000000000099999e-13  0.0
18.0324  1.0000000000099999e-13  0.0
18.034799999999997  1.0000000000099999e-13  0.0
18.0372  1.0000000000099999e-13  0.0
18.0396  1.0000000000099999e-13  0.0
18.041999999999998  1.0000000000099999e-13  0.0
18.0444  1.0000000000099999e-13  0.0
18.046799999999998  1.0000000000099999e-13  0.0
18.0492  1.0000000000099999e-13  0.0
18.051599999999997  1.0000000000099999e-13  0.0
18.054  1.0000000000099999e-13  0.0
18.0564  1.0000000000099999e-13  0.0
18.058799999999998  1.0000000000099999e-13  0.0
18.0612  1.0000000000099999e-13  0.0
18.063599999999997  1.0000000000099999e-13  0.0
18.066  1.0000000000099999e-13  0.0
18.068399999999997  1.0000000000099999e-13  0.0
18.0708  1.0000000000099999e-13  0.0
18.0732  1.0000000000099999e-13  0.0
18.075599999999998  1.0000000000099999e-13  0.0
18.078  1.0000000000099999e-13  0.0
18.080399999999997  1.0000000000099999e-13  0.0
18.0828  1.0000000000099999e-13  0.0
18.085199999999997  1.0000000000099999e-13  0.0
18.0876  1.0000000000099999e-13  0.0
18.09  1.0000000000099999e-13  0.0
18.092399999999998  1.0000000000099999e-13  0.0
18.0948  1.0000000000099999e-13  0.0
18.097199999999997  1.0000000000099999e-13  0.0
18.0996  1.0000000000099999e-13  0.0
18.101999999999997  1.0000000000099999e-13  0.0
18.1044  1.0000000000099999e-13  0.0
18.1068  1.0000000000099999e-13  0.0
18.109199999999998  1.0000000000099999e-13  0.0
18.1116  1.0000000000099999e-13  0.0
18.113999999999997  1.0000000000099999e-13  0.0
18.1164  1.0000000000099999e-13  0.0
18.118799999999997  1.0000000000099999e-13  0.0
18.121199999999998  1.0000000000099999e-13  0.0
18.1236  1.0000000000099999e-13  0.0
18.125999999999998  1.0000000000099999e-13  0.0
18.1284  1.0000000000099999e-13  0.0
18.130799999999997  1.0000000000099999e-13  0.0
18.1332  1.0000000000099999e-13  0.0
18.1356  1.0000000000099999e-13  0.0
18.137999999999998  1.0000000000099999e-13  0.0
18.1404  1.0000000000099999e-13  0.0
18.142799999999998  1.0000000000099999e-13  0.0
18.1452  1.0000000000099999e-13  0.0
18.147599999999997  1.0000000000099999e-13  0.0
18.15  1.0000000000099999e-13  0.0
18.1524  1.0000000000099999e-13  0.0
18.154799999999998  1.0000000000099999e-13  0.0
18.1572  1.0000000000099999e-13  0.0
18.159599999999998  1.0000000000099999e-13  0.0
18.162  1.0000000000099999e-13  0.0
18.164399999999997  1.0000000000099999e-13  0.0
18.1668  1.0000000000099999e-13  0.0
18.1692  1.0000000000099999e-13  0.0
18.171599999999998  1.0000000000099999e-13  0.0
18.174  1.0000000000099999e-13  0.0
18.176399999999997  1.0000000000099999e-13  0.0
18.1788  1.0000000000099999e-13  0.0
18.181199999999997  1.0000000000099999e-13  0.0
18.1836  1.0000000000099999e-13  0.0
18.186  1.0000000000099999e-13  0.0
18.188399999999998  1.0000000000099999e-13  0.0
18.1908  1.0000000000099999e-13  0.0
18.193199999999997  1.0000000000099999e-13  0.0
18.1956  1.0000000000099999e-13  0.0
18.197999999999997  1.0000000000099999e-13  0.0
18.2004  1.0000000000099999e-13  0.0
18.2028  1.0000000000099999e-13  0.0
18.205199999999998  1.0000000000099999e-13  0.0
18.2076  1.0000000000099999e-13  0.0
18.209999999999997  1.0000000000099999e-13  0.0
18.2124  1.0000000000099999e-13  0.0
18.214799999999997  1.0000000000099999e-13  0.0
18.2172  1.0000000000099999e-13  0.0
18.2196  1.0000000000099999e-13  0.0
18.221999999999998  1.0000000000099999e-13  0.0
18.2244  1.0000000000099999e-13  0.0
18.226799999999997  1.0000000000099999e-13  0.0
18.2292  1.0000000000099999e-13  0.0
18.231599999999997  1.0000000000099999e-13  0.0
18.233999999999998  1.0000000000099999e-13  0.0
18.2364  1.0000000000099999e-13  0.0
18.238799999999998  1.0000000000099999e-13  0.0
18.2412  1.0000000000099999e-13  0.0
18.243599999999997  1.0000000000099999e-13  0.0
18.246  1.0000000000099999e-13  0.0
18.2484  1.0000000000099999e-13  0.0
18.250799999999998  1.0000000000099999e-13  0.0
18.2532  1.0000000000099999e-13  0.0
18.255599999999998  1.0000000000099999e-13  0.0
18.258  1.0000000000099999e-13  0.0
18.260399999999997  1.0000000000099999e-13  0.0
18.2628  1.0000000000099999e-13  0.0
18.2652  1.0000000000099999e-13  0.0
18.267599999999998  1.0000000000099999e-13  0.0
18.27  1.0000000000099999e-13  0.0
18.272399999999998  1.0000000000099999e-13  0.0
18.2748  1.0000000000099999e-13  0.0
18.277199999999997  1.0000000000099999e-13  0.0
18.2796  1.0000000000099999e-13  0.0
18.282  1.0000000000099999e-13  0.0
18.284399999999998  1.0000000000099999e-13  0.0
18.2868  1.0000000000099999e-13  0.0
18.289199999999997  1.0000000000099999e-13  0.0
18.2916  1.0000000000099999e-13  0.0
18.293999999999997  1.0000000000099999e-13  0.0
18.2964  1.0000000000099999e-13  0.0
18.2988  1.0000000000099999e-13  0.0
18.301199999999998  1.0000000000099999e-13  0.0
18.3036  1.0000000000099999e-13  0.0
18.305999999999997  1.0000000000099999e-13  0.0
18.3084  1.0000000000099999e-13  0.0
18.310799999999997  1.0000000000099999e-13  0.0
18.3132  1.0000000000099999e-13  0.0
18.3156  1.0000000000099999e-13  0.0
18.317999999999998  1.0000000000099999e-13  0.0
18.3204  1.0000000000099999e-13  0.0
18.322799999999997  1.0000000000099999e-13  0.0
18.3252  1.0000000000099999e-13  0.0
18.327599999999997  1.0000000000099999e-13  0.0
18.33  1.0000000000099999e-13  0.0
18.3324  1.0000000000099999e-13  0.0
18.334799999999998  1.0000000000099999e-13  0.0
18.3372  1.0000000000099999e-13  0.0
18.339599999999997  1.0000000000099999e-13  0.0
18.342  1.0000000000099999e-13  0.0
18.344399999999997  1.0000000000099999e-13  0.0
18.346799999999998  1.0000000000099999e-13  0.0
18.3492  1.0000000000099999e-13  0.0
18.351599999999998  1.0000000000099999e-13  0.0
18.354  1.0000000000099999e-13  0.0
18.356399999999997  1.0000000000099999e-13  0.0
18.3588  1.0000000000099999e-13  0.0
18.361199999999997  1.0000000000099999e-13  0.0
18.363599999999998  1.0000000000099999e-13  0.0
18.366  1.0000000000099999e-13  0.0
18.368399999999998  1.0000000000099999e-13  0.0
18.3708  1.0000000000099999e-13  0.0
18.373199999999997  1.0000000000099999e-13  0.0
18.3756  1.0000000000099999e-13  0.0
18.378  1.0000000000099999e-13  0.0
18.380399999999998  1.0000000000099999e-13  0.0
18.3828  1.0000000000099999e-13  0.0
18.385199999999998  1.0000000000099999e-13  0.0
18.3876  1.0000000000099999e-13  0.0
18.389999999999997  1.0000000000099999e-13  0.0
18.3924  1.0000000000099999e-13  0.0
18.3948  1.0000000000099999e-13  0.0
18.397199999999998  1.0000000000099999e-13  0.0
18.3996  1.0000000000099999e-13  0.0
18.401999999999997  1.0000000000099999e-13  0.0
18.4044  1.0000000000099999e-13  0.0
18.406799999999997  1.0000000000099999e-13  0.0
18.4092  1.0000000000099999e-13  0.0
18.4116  1.0000000000099999e-13  0.0
18.413999999999998  1.0000000000099999e-13  0.0
18.4164  1.0000000000099999e-13  0.0
18.418799999999997  1.0000000000099999e-13  0.0
18.4212  1.0000000000099999e-13  0.0
18.423599999999997  1.0000000000099999e-13  0.0
18.426  1.0000000000099999e-13  0.0
18.4284  1.0000000000099999e-13  0.0
18.430799999999998  1.0000000000099999e-13  0.0
18.4332  1.0000000000099999e-13  0.0
18.435599999999997  1.0000000000099999e-13  0.0
18.438  1.0000000000099999e-13  0.0
18.440399999999997  1.0000000000099999e-13  0.0
18.4428  1.0000000000099999e-13  0.0
18.4452  1.0000000000099999e-13  0.0
18.447599999999998  1.0000000000099999e-13  0.0
18.45  1.0000000000099999e-13  0.0
18.452399999999997  1.0000000000099999e-13  0.0
18.4548  1.0000000000099999e-13  0.0
18.457199999999997  1.0000000000099999e-13  0.0
18.4596  1.0000000000099999e-13  0.0
18.462  1.0000000000099999e-13  0.0
18.464399999999998  1.0000000000099999e-13  0.0
18.4668  1.0000000000099999e-13  0.0
18.469199999999997  1.0000000000099999e-13  0.0
18.4716  1.0000000000099999e-13  0.0
18.473999999999997  1.0000000000099999e-13  0.0
18.476399999999998  1.0000000000099999e-13  0.0
18.4788  1.0000000000099999e-13  0.0
18.481199999999998  1.0000000000099999e-13  0.0
18.4836  1.0000000000099999e-13  0.0
18.485999999999997  1.0000000000099999e-13  0.0
18.4884  1.0000000000099999e-13  0.0
18.4908  1.0000000000099999e-13  0.0
18.493199999999998  1.0000000000099999e-13  0.0
18.4956  1.0000000000099999e-13  0.0
18.497999999999998  1.0000000000099999e-13  0.0
18.5004  1.0000000000099999e-13  0.0
18.502799999999997  1.0000000000099999e-13  0.0
18.5052  1.0000000000099999e-13  0.0
18.5076  1.0000000000099999e-13  0.0
18.509999999999998  1.0000000000099999e-13  0.0
18.5124  1.0000000000099999e-13  0.0
18.514799999999997  1.0000000000099999e-13  0.0
18.5172  1.0000000000099999e-13  0.0
18.519599999999997  1.0000000000099999e-13  0.0
18.522  1.0000000000099999e-13  0.0
18.5244  1.0000000000099999e-13  0.0
18.526799999999998  1.0000000000099999e-13  0.0
18.5292  1.0000000000099999e-13  0.0
18.531599999999997  1.0000000000099999e-13  0.0
18.534  1.0000000000099999e-13  0.0
18.536399999999997  1.0000000000099999e-13  0.0
18.5388  1.0000000000099999e-13  0.0
18.5412  1.0000000000099999e-13  0.0
18.543599999999998  1.0000000000099999e-13  0.0
18.546  1.0000000000099999e-13  0.0
18.548399999999997  1.0000000000099999e-13  0.0
18.5508  1.0000000000099999e-13  0.0
18.553199999999997  1.0000000000099999e-13  0.0
18.5556  1.0000000000099999e-13  0.0
18.558  1.0000000000099999e-13  0.0
18.560399999999998  1.0000000000099999e-13  0.0
18.5628  1.0000000000099999e-13  0.0
18.565199999999997  1.0000000000099999e-13  0.0
18.5676  1.0000000000099999e-13  0.0
18.569999999999997  1.0000000000099999e-13  0.0
18.5724  1.0000000000099999e-13  0.0
18.5748  1.0000000000099999e-13  0.0
18.577199999999998  1.0000000000099999e-13  0.0
18.5796  1.0000000000099999e-13  0.0
18.581999999999997  1.0000000000099999e-13  0.0
18.5844  1.0000000000099999e-13  0.0
18.586799999999997  1.0000000000099999e-13  0.0
18.589199999999998  1.0000000000099999e-13  0.0
18.5916  1.0000000000099999e-13  0.0
18.593999999999998  1.0000000000099999e-13  0.0
18.5964  1.0000000000099999e-13  0.0
18.598799999999997  1.0000000000099999e-13  0.0
18.6012  1.0000000000099999e-13  0.0
18.6036  1.0000000000099999e-13  0.0
18.605999999999998  1.0000000000099999e-13  0.0
18.6084  1.0000000000099999e-13  0.0
18.610799999999998  1.0000000000099999e-13  0.0
18.6132  1.0000000000099999e-13  0.0
18.615599999999997  1.0000000000099999e-13  0.0
18.618  1.0000000000099999e-13  0.0
18.6204  1.0000000000099999e-13  0.0
18.622799999999998  1.0000000000099999e-13  0.0
18.6252  1.0000000000099999e-13  0.0
18.627599999999997  1.0000000000099999e-13  0.0
18.63  1.0000000000099999e-13  0.0
18.632399999999997  1.0000000000099999e-13  0.0
18.6348  1.0000000000099999e-13  0.0
18.6372  1.0000000000099999e-13  0.0
18.639599999999998  1.0000000000099999e-13  0.0
18.642  1.0000000000099999e-13  0.0
18.644399999999997  1.0000000000099999e-13  0.0
18.6468  1.0000000000099999e-13  0.0
18.649199999999997  1.0000000000099999e-13  0.0
18.6516  1.0000000000099999e-13  0.0
18.654  1.0000000000099999e-13  0.0
18.656399999999998  1.0000000000099999e-13  0.0
18.6588  1.0000000000099999e-13  0.0
18.661199999999997  1.0000000000099999e-13  0.0
18.6636  1.0000000000099999e-13  0.0
18.665999999999997  1.0000000000099999e-13  0.0
18.6684  1.0000000000099999e-13  0.0
18.6708  1.0000000000099999e-13  0.0
18.673199999999998  1.0000000000099999e-13  0.0
18.6756  1.0000000000099999e-13  0.0
18.677999999999997  1.0000000000099999e-13  0.0
18.6804  1.0000000000099999e-13  0.0
18.682799999999997  1.0000000000099999e-13  0.0
18.6852  1.0000000000099999e-13  0.0
18.6876  1.0000000000099999e-13  0.0
18.689999999999998  1.0000000000099999e-13  0.0
18.6924  1.0000000000099999e-13  0.0
18.694799999999997  1.0000000000099999e-13  0.0
18.6972  1.0000000000099999e-13  0.0
18.699599999999997  1.0000000000099999e-13  0.0
18.701999999999998  1.0000000000099999e-13  0.0
18.7044  1.0000000000099999e-13  0.0
18.706799999999998  1.0000000000099999e-13  0.0
18.7092  1.0000000000099999e-13  0.0
18.711599999999997  1.0000000000099999e-13  0.0
18.714  1.0000000000099999e-13  0.0
18.716399999999997  1.0000000000099999e-13  0.0
18.718799999999998  1.0000000000099999e-13  0.0
18.7212  1.0000000000099999e-13  0.0
18.723599999999998  1.0000000000099999e-13  0.0
18.726  1.0000000000099999e-13  0.0
18.728399999999997  1.0000000000099999e-13  0.0
18.7308  1.0000000000099999e-13  0.0
18.7332  1.0000000000099999e-13  0.0
18.735599999999998  1.0000000000099999e-13  0.0
18.738  1.0000000000099999e-13  0.0
18.740399999999998  1.0000000000099999e-13  0.0
18.7428  1.0000000000099999e-13  0.0
18.745199999999997  1.0000000000099999e-13  0.0
18.7476  1.0000000000099999e-13  0.0
18.75  1.0000000000099999e-13  0.0
18.752399999999998  1.0000000000099999e-13  0.0
18.7548  1.0000000000099999e-13  0.0
18.757199999999997  1.0000000000099999e-13  0.0
18.7596  1.0000000000099999e-13  0.0
18.761999999999997  1.0000000000099999e-13  0.0
18.7644  1.0000000000099999e-13  0.0
18.7668  1.0000000000099999e-13  0.0
18.769199999999998  1.0000000000099999e-13  0.0
18.7716  1.0000000000099999e-13  0.0
18.773999999999997  1.0000000000099999e-13  0.0
18.7764  1.0000000000099999e-13  0.0
18.778799999999997  1.0000000000099999e-13  0.0
18.7812  1.0000000000099999e-13  0.0
18.7836  1.0000000000099999e-13  0.0
18.785999999999998  1.0000000000099999e-13  0.0
18.7884  1.0000000000099999e-13  0.0
18.790799999999997  1.0000000000099999e-13  0.0
18.7932  1.0000000000099999e-13  0.0
18.795599999999997  1.0000000000099999e-13  0.0
18.798  1.0000000000099999e-13  0.0
18.8004  1.0000000000099999e-13  0.0
18.802799999999998  1.0000000000099999e-13  0.0
18.8052  1.0000000000099999e-13  0.0
18.807599999999997  1.0000000000099999e-13  0.0
18.81  1.0000000000099999e-13  0.0
18.812399999999997  1.0000000000099999e-13  0.0
18.814799999999998  1.0000000000099999e-13  0.0
18.8172  1.0000000000099999e-13  0.0
18.819599999999998  1.0000000000099999e-13  0.0
18.822  1.0000000000099999e-13  0.0
18.824399999999997  1.0000000000099999e-13  0.0
18.8268  1.0000000000099999e-13  0.0
18.829199999999997  1.0000000000099999e-13  0.0
18.831599999999998  1.0000000000099999e-13  0.0
18.834  1.0000000000099999e-13  0.0
18.836399999999998  1.0000000000099999e-13  0.0
18.8388  1.0000000000099999e-13  0.0
18.841199999999997  1.0000000000099999e-13  0.0
18.8436  1.0000000000099999e-13  0.0
18.846  1.0000000000099999e-13  0.0
18.848399999999998  1.0000000000099999e-13  0.0
18.8508  1.0000000000099999e-13  0.0
18.853199999999998  1.0000000000099999e-13  0.0
18.8556  1.0000000000099999e-13  0.0
18.857999999999997  1.0000000000099999e-13  0.0
18.8604  1.0000000000099999e-13  0.0
18.8628  1.0000000000099999e-13  0.0
18.865199999999998  1.0000000000099999e-13  0.0
18.8676  1.0000000000099999e-13  0.0
18.869999999999997  1.0000000000099999e-13  0.0
18.8724  1.0000000000099999e-13  0.0
18.874799999999997  1.0000000000099999e-13  0.0
18.8772  1.0000000000099999e-13  0.0
18.8796  1.0000000000099999e-13  0.0
18.881999999999998  1.0000000000099999e-13  0.0
18.8844  1.0000000000099999e-13  0.0
18.886799999999997  1.0000000000099999e-13  0.0
18.8892  1.0000000000099999e-13  0.0
18.891599999999997  1.0000000000099999e-13  0.0
18.894  1.0000000000099999e-13  0.0
18.8964  1.0000000000099999e-13  0.0
18.898799999999998  1.0000000000099999e-13  0.0
18.9012  1.0000000000099999e-13  0.0
18.903599999999997  1.0000000000099999e-13  0.0
18.906  1.0000000000099999e-13  0.0
18.908399999999997  1.0000000000099999e-13  0.0
18.9108  1.0000000000099999e-13  0.0
18.9132  1.0000000000099999e-13  0.0
18.915599999999998  1.0000000000099999e-13  0.0
18.918  1.0000000000099999e-13  0.0
18.920399999999997  1.0000000000099999e-13  0.0
18.9228  1.0000000000099999e-13  0.0
18.925199999999997  1.0000000000099999e-13  0.0
18.927599999999998  1.0000000000099999e-13  0.0
18.93  1.0000000000099999e-13  0.0
18.932399999999998  1.0000000000099999e-13  0.0
18.9348  1.0000000000099999e-13  0.0
18.937199999999997  1.0000000000099999e-13  0.0
18.9396  1.0000000000099999e-13  0.0
18.941999999999997  1.0000000000099999e-13  0.0
18.944399999999998  1.0000000000099999e-13  0.0
18.9468  1.0000000000099999e-13  0.0
18.949199999999998  1.0000000000099999e-13  0.0
18.9516  1.0000000000099999e-13  0.0
18.953999999999997  1.0000000000099999e-13  0.0
18.9564  1.0000000000099999e-13  0.0
18.9588  1.0000000000099999e-13  0.0
18.961199999999998  1.0000000000099999e-13  0.0
18.9636  1.0000000000099999e-13  0.0
18.965999999999998  1.0000000000099999e-13  0.0
18.9684  1.0000000000099999e-13  0.0
18.970799999999997  1.0000000000099999e-13  0.0
18.9732  1.0000000000099999e-13  0.0
18.9756  1.0000000000099999e-13  0.0
18.977999999999998  1.0000000000099999e-13  0.0
18.9804  1.0000000000099999e-13  0.0
18.982799999999997  1.0000000000099999e-13  0.0
18.9852  1.0000000000099999e-13  0.0
18.987599999999997  1.0000000000099999e-13  0.0
18.99  1.0000000000099999e-13  0.0
18.9924  1.0000000000099999e-13  0.0
18.994799999999998  1.0000000000099999e-13  0.0
18.9972  1.0000000000099999e-13  0.0
18.999599999999997  1.0000000000099999e-13  0.0
19.002  1.0000000000099999e-13  0.0
19.004399999999997  1.0000000000099999e-13  0.0
19.0068  1.0000000000099999e-13  0.0
19.0092  1.0000000000099999e-13  0.0
19.011599999999998  1.0000000000099999e-13  0.0
19.014  1.0000000000099999e-13  0.0
19.016399999999997  1.0000000000099999e-13  0.0
19.0188  1.0000000000099999e-13  0.0
19.021199999999997  1.0000000000099999e-13  0.0
19.0236  1.0000000000099999e-13  0.0
19.026  1.0000000000099999e-13  0.0
19.028399999999998  1.0000000000099999e-13  0.0
19.0308  1.0000000000099999e-13  0.0
19.033199999999997  1.0000000000099999e-13  0.0
19.0356  1.0000000000099999e-13  0.0
19.037999999999997  1.0000000000099999e-13  0.0
19.040399999999998  1.0000000000099999e-13  0.0
19.0428  1.0000000000099999e-13  0.0
19.045199999999998  1.0000000000099999e-13  0.0
19.0476  1.0000000000099999e-13  0.0
19.049999999999997  1.0000000000099999e-13  0.0
19.0524  1.0000000000099999e-13  0.0
19.054799999999997  1.0000000000099999e-13  0.0
19.057199999999998  1.0000000000099999e-13  0.0
19.0596  1.0000000000099999e-13  0.0
19.061999999999998  1.0000000000099999e-13  0.0
19.0644  1.0000000000099999e-13  0.0
19.066799999999997  1.0000000000099999e-13  0.0
19.0692  1.0000000000099999e-13  0.0
19.071599999999997  1.0000000000099999e-13  0.0
19.073999999999998  1.0000000000099999e-13  0.0
19.0764  1.0000000000099999e-13  0.0
19.078799999999998  1.0000000000099999e-13  0.0
19.0812  1.0000000000099999e-13  0.0
19.083599999999997  1.0000000000099999e-13  0.0
19.086  1.0000000000099999e-13  0.0
19.0884  1.0000000000099999e-13  0.0
19.090799999999998  1.0000000000099999e-13  0.0
19.0932  1.0000000000099999e-13  0.0
19.095599999999997  1.0000000000099999e-13  0.0
19.098  1.0000000000099999e-13  0.0
19.100399999999997  1.0000000000099999e-13  0.0
19.1028  1.0000000000099999e-13  0.0
19.1052  1.0000000000099999e-13  0.0
19.107599999999998  1.0000000000099999e-13  0.0
19.11  1.0000000000099999e-13  0.0
19.112399999999997  1.0000000000099999e-13  0.0
19.1148  1.0000000000099999e-13  0.0
19.117199999999997  1.0000000000099999e-13  0.0
19.1196  1.0000000000099999e-13  0.0
19.122  1.0000000000099999e-13  0.0
19.124399999999998  1.0000000000099999e-13  0.0
19.1268  1.0000000000099999e-13  0.0
19.129199999999997  1.0000000000099999e-13  0.0
19.1316  1.0000000000099999e-13  0.0
19.133999999999997  1.0000000000099999e-13  0.0
19.1364  1.0000000000099999e-13  0.0
19.1388  1.0000000000099999e-13  0.0
19.141199999999998  1.0000000000099999e-13  0.0
19.1436  1.0000000000099999e-13  0.0
19.145999999999997  1.0000000000099999e-13  0.0
19.1484  1.0000000000099999e-13  0.0
19.150799999999997  1.0000000000099999e-13  0.0
19.1532  1.0000000000099999e-13  0.0
19.1556  1.0000000000099999e-13  0.0
19.157999999999998  1.0000000000099999e-13  0.0
19.1604  1.0000000000099999e-13  0.0
19.162799999999997  1.0000000000099999e-13  0.0
19.1652  1.0000000000099999e-13  0.0
19.167599999999997  1.0000000000099999e-13  0.0
19.169999999999998  1.0000000000099999e-13  0.0
19.1724  1.0000000000099999e-13  0.0
19.174799999999998  1.0000000000099999e-13  0.0
19.1772  1.0000000000099999e-13  0.0
19.179599999999997  1.0000000000099999e-13  0.0
19.182  1.0000000000099999e-13  0.0
19.184399999999997  1.0000000000099999e-13  0.0
19.186799999999998  1.0000000000099999e-13  0.0
19.1892  1.0000000000099999e-13  0.0
19.191599999999998  1.0000000000099999e-13  0.0
19.194  1.0000000000099999e-13  0.0
19.196399999999997  1.0000000000099999e-13  0.0
19.1988  1.0000000000099999e-13  0.0
19.2012  1.0000000000099999e-13  0.0
19.203599999999998  1.0000000000099999e-13  0.0
19.206  1.0000000000099999e-13  0.0
19.208399999999997  1.0000000000099999e-13  0.0
19.2108  1.0000000000099999e-13  0.0
19.213199999999997  1.0000000000099999e-13  0.0
19.2156  1.0000000000099999e-13  0.0
19.218  1.0000000000099999e-13  0.0
19.220399999999998  1.0000000000099999e-13  0.0
19.2228  1.0000000000099999e-13  0.0
19.225199999999997  1.0000000000099999e-13  0.0
19.2276  1.0000000000099999e-13  0.0
19.229999999999997  1.0000000000099999e-13  0.0
19.2324  1.0000000000099999e-13  0.0
19.2348  1.0000000000099999e-13  0.0
19.237199999999998  1.0000000000099999e-13  0.0
19.2396  1.0000000000099999e-13  0.0
19.241999999999997  1.0000000000099999e-13  0.0
19.2444  1.0000000000099999e-13  0.0
19.246799999999997  1.0000000000099999e-13  0.0
19.2492  1.0000000000099999e-13  0.0
19.2516  1.0000000000099999e-13  0.0
19.253999999999998  1.0000000000099999e-13  0.0
19.2564  1.0000000000099999e-13  0.0
19.258799999999997  1.0000000000099999e-13  0.0
19.2612  1.0000000000099999e-13  0.0
19.263599999999997  1.0000000000099999e-13  0.0
19.266  1.0000000000099999e-13  0.0
19.2684  1.0000000000099999e-13  0.0
19.270799999999998  1.0000000000099999e-13  0.0
19.2732  1.0000000000099999e-13  0.0
19.275599999999997  1.0000000000099999e-13  0.0
19.278  1.0000000000099999e-13  0.0
19.280399999999997  1.0000000000099999e-13  0.0
19.282799999999998  1.0000000000099999e-13  0.0
19.2852  1.0000000000099999e-13  0.0
19.287599999999998  1.0000000000099999e-13  0.0
19.29  1.0000000000099999e-13  0.0
19.292399999999997  1.0000000000099999e-13  0.0
19.2948  1.0000000000099999e-13  0.0
19.297199999999997  1.0000000000099999e-13  0.0
19.299599999999998  1.0000000000099999e-13  0.0
19.302  1.0000000000099999e-13  0.0
19.304399999999998  1.0000000000099999e-13  0.0
19.3068  1.0000000000099999e-13  0.0
19.309199999999997  1.0000000000099999e-13  0.0
19.3116  1.0000000000099999e-13  0.0
19.314  1.0000000000099999e-13  0.0
19.316399999999998  1.0000000000099999e-13  0.0
19.3188  1.0000000000099999e-13  0.0
19.321199999999997  1.0000000000099999e-13  0.0
19.3236  1.0000000000099999e-13  0.0
19.325999999999997  1.0000000000099999e-13  0.0
19.3284  1.0000000000099999e-13  0.0
19.3308  1.0000000000099999e-13  0.0
19.333199999999998  1.0000000000099999e-13  0.0
19.3356  1.0000000000099999e-13  0.0
19.337999999999997  1.0000000000099999e-13  0.0
19.3404  1.0000000000099999e-13  0.0
19.342799999999997  1.0000000000099999e-13  0.0
19.3452  1.0000000000099999e-13  0.0
19.3476  1.0000000000099999e-13  0.0
19.349999999999998  1.0000000000099999e-13  0.0
19.3524  1.0000000000099999e-13  0.0
19.354799999999997  1.0000000000099999e-13  0.0
19.3572  1.0000000000099999e-13  0.0
19.359599999999997  1.0000000000099999e-13  0.0
19.362  1.0000000000099999e-13  0.0
19.3644  1.0000000000099999e-13  0.0
19.366799999999998  1.0000000000099999e-13  0.0
19.3692  1.0000000000099999e-13  0.0
19.371599999999997  1.0000000000099999e-13  0.0
19.374  1.0000000000099999e-13  0.0
19.376399999999997  1.0000000000099999e-13  0.0
19.3788  1.0000000000099999e-13  0.0
19.3812  1.0000000000099999e-13  0.0
19.383599999999998  1.0000000000099999e-13  0.0
19.386  1.0000000000099999e-13  0.0
19.388399999999997  1.0000000000099999e-13  0.0
19.3908  1.0000000000099999e-13  0.0
19.393199999999997  1.0000000000099999e-13  0.0
19.395599999999998  1.0000000000099999e-13  0.0
19.398  1.0000000000099999e-13  0.0
19.400399999999998  1.0000000000099999e-13  0.0
19.4028  1.0000000000099999e-13  0.0
19.405199999999997  1.0000000000099999e-13  0.0
19.4076  1.0000000000099999e-13  0.0
19.409999999999997  1.0000000000099999e-13  0.0
19.412399999999998  1.0000000000099999e-13  0.0
19.4148  1.0000000000099999e-13  0.0
19.417199999999998  1.0000000000099999e-13  0.0
19.4196  1.0000000000099999e-13  0.0
19.421999999999997  1.0000000000099999e-13  0.0
19.4244  1.0000000000099999e-13  0.0
19.4268  1.0000000000099999e-13  0.0
19.429199999999998  1.0000000000099999e-13  0.0
19.4316  1.0000000000099999e-13  0.0
19.433999999999997  1.0000000000099999e-13  0.0
19.4364  1.0000000000099999e-13  0.0
19.438799999999997  1.0000000000099999e-13  0.0
19.4412  1.0000000000099999e-13  0.0
19.4436  1.0000000000099999e-13  0.0
19.445999999999998  1.0000000000099999e-13  0.0
19.4484  1.0000000000099999e-13  0.0
19.450799999999997  1.0000000000099999e-13  0.0
19.4532  1.0000000000099999e-13  0.0
19.455599999999997  1.0000000000099999e-13  0.0
19.458  1.0000000000099999e-13  0.0
19.4604  1.0000000000099999e-13  0.0
19.462799999999998  1.0000000000099999e-13  0.0
19.4652  1.0000000000099999e-13  0.0
19.467599999999997  1.0000000000099999e-13  0.0
19.47  1.0000000000099999e-13  0.0
19.472399999999997  1.0000000000099999e-13  0.0
19.4748  1.0000000000099999e-13  0.0
19.4772  1.0000000000099999e-13  0.0
19.479599999999998  1.0000000000099999e-13  0.0
19.482  1.0000000000099999e-13  0.0
19.484399999999997  1.0000000000099999e-13  0.0
19.4868  1.0000000000099999e-13  0.0
19.489199999999997  1.0000000000099999e-13  0.0
19.4916  1.0000000000099999e-13  0.0
19.494  1.0000000000099999e-13  0.0
19.496399999999998  1.0000000000099999e-13  0.0
19.4988  1.0000000000099999e-13  0.0
19.501199999999997  1.0000000000099999e-13  0.0
19.5036  1.0000000000099999e-13  0.0
19.505999999999997  1.0000000000099999e-13  0.0
19.508399999999998  1.0000000000099999e-13  0.0
19.5108  1.0000000000099999e-13  0.0
19.513199999999998  1.0000000000099999e-13  0.0
19.5156  1.0000000000099999e-13  0.0
19.517999999999997  1.0000000000099999e-13  0.0
19.5204  1.0000000000099999e-13  0.0
19.522799999999997  1.0000000000099999e-13  0.0
19.525199999999998  1.0000000000099999e-13  0.0
19.5276  1.0000000000099999e-13  0.0
19.529999999999998  1.0000000000099999e-13  0.0
19.5324  1.0000000000099999e-13  0.0
19.534799999999997  1.0000000000099999e-13  0.0
19.5372  1.0000000000099999e-13  0.0
19.539599999999997  1.0000000000099999e-13  0.0
19.541999999999998  1.0000000000099999e-13  0.0
19.5444  1.0000000000099999e-13  0.0
19.546799999999998  1.0000000000099999e-13  0.0
19.5492  1.0000000000099999e-13  0.0
19.551599999999997  1.0000000000099999e-13  0.0
19.554  1.0000000000099999e-13  0.0
19.5564  1.0000000000099999e-13  0.0
19.558799999999998  1.0000000000099999e-13  0.0
19.5612  1.0000000000099999e-13  0.0
19.563599999999997  1.0000000000099999e-13  0.0
19.566  1.0000000000099999e-13  0.0
19.568399999999997  1.0000000000099999e-13  0.0
19.5708  1.0000000000099999e-13  0.0
19.5732  1.0000000000099999e-13  0.0
19.575599999999998  1.0000000000099999e-13  0.0
19.578  1.0000000000099999e-13  0.0
19.580399999999997  1.0000000000099999e-13  0.0
19.5828  1.0000000000099999e-13  0.0
19.585199999999997  1.0000000000099999e-13  0.0
19.5876  1.0000000000099999e-13  0.0
19.59  1.0000000000099999e-13  0.0
19.592399999999998  1.0000000000099999e-13  0.0
19.5948  1.0000000000099999e-13  0.0
19.597199999999997  1.0000000000099999e-13  0.0
19.5996  1.0000000000099999e-13  0.0
19.601999999999997  1.0000000000099999e-13  0.0
19.6044  1.0000000000099999e-13  0.0
19.6068  1.0000000000099999e-13  0.0
19.609199999999998  1.0000000000099999e-13  0.0
19.6116  1.0000000000099999e-13  0.0
19.613999999999997  1.0000000000099999e-13  0.0
19.6164  1.0000000000099999e-13  0.0
19.618799999999997  1.0000000000099999e-13  0.0
19.621199999999998  1.0000000000099999e-13  0.0
19.6236  1.0000000000099999e-13  0.0
19.625999999999998  1.0000000000099999e-13  0.0
19.6284  1.0000000000099999e-13  0.0
19.630799999999997  1.0000000000099999e-13  0.0
19.6332  1.0000000000099999e-13  0.0
19.635599999999997  1.0000000000099999e-13  0.0
19.637999999999998  1.0000000000099999e-13  0.0
19.6404  1.0000000000099999e-13  0.0
19.642799999999998  1.0000000000099999e-13  0.0
19.6452  1.0000000000099999e-13  0.0
19.647599999999997  1.0000000000099999e-13  0.0
19.65  1.0000000000099999e-13  0.0
19.652399999999997  1.0000000000099999e-13  0.0
19.654799999999998  1.0000000000099999e-13  0.0
19.6572  1.0000000000099999e-13  0.0
19.659599999999998  1.0000000000099999e-13  0.0
19.662  1.0000000000099999e-13  0.0
19.664399999999997  1.0000000000099999e-13  0.0
19.6668  1.0000000000099999e-13  0.0
19.6692  1.0000000000099999e-13  0.0
19.671599999999998  1.0000000000099999e-13  0.0
19.674  1.0000000000099999e-13  0.0
19.676399999999997  1.0000000000099999e-13  0.0
19.6788  1.0000000000099999e-13  0.0
19.681199999999997  1.0000000000099999e-13  0.0
19.6836  1.0000000000099999e-13  0.0
19.686  1.0000000000099999e-13  0.0
19.688399999999998  1.0000000000099999e-13  0.0
19.6908  1.0000000000099999e-13  0.0
19.693199999999997  1.0000000000099999e-13  0.0
19.6956  1.0000000000099999e-13  0.0
19.697999999999997  1.0000000000099999e-13  0.0
19.7004  1.0000000000099999e-13  0.0
19.7028  1.0000000000099999e-13  0.0
19.705199999999998  1.0000000000099999e-13  0.0
19.7076  1.0000000000099999e-13  0.0
19.709999999999997  1.0000000000099999e-13  0.0
19.7124  1.0000000000099999e-13  0.0
19.714799999999997  1.0000000000099999e-13  0.0
19.7172  1.0000000000099999e-13  0.0
19.7196  1.0000000000099999e-13  0.0
19.721999999999998  1.0000000000099999e-13  0.0
19.7244  1.0000000000099999e-13  0.0
19.726799999999997  1.0000000000099999e-13  0.0
19.7292  1.0000000000099999e-13  0.0
19.731599999999997  1.0000000000099999e-13  0.0
19.733999999999998  1.0000000000099999e-13  0.0
19.7364  1.0000000000099999e-13  0.0
19.738799999999998  1.0000000000099999e-13  0.0
19.7412  1.0000000000099999e-13  0.0
19.743599999999997  1.0000000000099999e-13  0.0
19.746  1.0000000000099999e-13  0.0
19.748399999999997  1.0000000000099999e-13  0.0
19.750799999999998  1.0000000000099999e-13  0.0
19.7532  1.0000000000099999e-13  0.0
19.755599999999998  1.0000000000099999e-13  0.0
19.758  1.0000000000099999e-13  0.0
19.760399999999997  1.0000000000099999e-13  0.0
19.7628  1.0000000000099999e-13  0.0
19.765199999999997  1.0000000000099999e-13  0.0
19.767599999999998  1.0000000000099999e-13  0.0
19.77  1.0000000000099999e-13  0.0
19.772399999999998  1.0000000000099999e-13  0.0
19.7748  1.0000000000099999e-13  0.0
19.777199999999997  1.0000000000099999e-13  0.0
19.7796  1.0000000000099999e-13  0.0
19.782  1.0000000000099999e-13  0.0
19.784399999999998  1.0000000000099999e-13  0.0
19.7868  1.0000000000099999e-13  0.0
19.789199999999997  1.0000000000099999e-13  0.0
19.7916  1.0000000000099999e-13  0.0
19.793999999999997  1.0000000000099999e-13  0.0
19.7964  1.0000000000099999e-13  0.0
19.7988  1.0000000000099999e-13  0.0
19.801199999999998  1.0000000000099999e-13  0.0
19.8036  1.0000000000099999e-13  0.0
19.805999999999997  1.0000000000099999e-13  0.0
19.8084  1.0000000000099999e-13  0.0
19.810799999999997  1.0000000000099999e-13  0.0
19.8132  1.0000000000099999e-13  0.0
19.8156  1.0000000000099999e-13  0.0
19.817999999999998  1.0000000000099999e-13  0.0
19.8204  1.0000000000099999e-13  0.0
19.822799999999997  1.0000000000099999e-13  0.0
19.8252  1.0000000000099999e-13  0.0
19.827599999999997  1.0000000000099999e-13  0.0
19.83  1.0000000000099999e-13  0.0
19.8324  1.0000000000099999e-13  0.0
19.834799999999998  1.0000000000099999e-13  0.0
19.8372  1.0000000000099999e-13  0.0
19.839599999999997  1.0000000000099999e-13  0.0
19.842  1.0000000000099999e-13  0.0
19.844399999999997  1.0000000000099999e-13  0.0
19.846799999999998  1.0000000000099999e-13  0.0
19.8492  1.0000000000099999e-13  0.0
19.851599999999998  1.0000000000099999e-13  0.0
19.854  1.0000000000099999e-13  0.0
19.856399999999997  1.0000000000099999e-13  0.0
19.8588  1.0000000000099999e-13  0.0
19.861199999999997  1.0000000000099999e-13  0.0
19.863599999999998  1.0000000000099999e-13  0.0
19.866  1.0000000000099999e-13  0.0
19.868399999999998  1.0000000000099999e-13  0.0
19.8708  1.0000000000099999e-13  0.0
19.873199999999997  1.0000000000099999e-13  0.0
19.8756  1.0000000000099999e-13  0.0
19.877999999999997  1.0000000000099999e-13  0.0
19.880399999999998  1.0000000000099999e-13  0.0
19.8828  1.0000000000099999e-13  0.0
19.885199999999998  1.0000000000099999e-13  0.0
19.8876  1.0000000000099999e-13  0.0
19.889999999999997  1.0000000000099999e-13  0.0
19.8924  1.0000000000099999e-13  0.0
19.894799999999996  1.0000000000099999e-13  0.0
19.897199999999998  1.0000000000099999e-13  0.0
19.8996  1.0000000000099999e-13  0.0
19.901999999999997  1.0000000000099999e-13  0.0
19.9044  1.0000000000099999e-13  0.0
19.906799999999997  1.0000000000099999e-13  0.0
19.9092  1.0000000000099999e-13  0.0
19.9116  1.0000000000099999e-13  0.0
19.913999999999998  1.0000000000099999e-13  0.0
19.9164  1.0000000000099999e-13  0.0
19.918799999999997  1.0000000000099999e-13  0.0
19.9212  1.0000000000099999e-13  0.0
19.923599999999997  1.0000000000099999e-13  0.0
19.926  1.0000000000099999e-13  0.0
19.9284  1.0000000000099999e-13  0.0
19.930799999999998  1.0000000000099999e-13  0.0
19.9332  1.0000000000099999e-13  0.0
19.935599999999997  1.0000000000099999e-13  0.0
19.938  1.0000000000099999e-13  0.0
19.940399999999997  1.0000000000099999e-13  0.0
19.9428  1.0000000000099999e-13  0.0
19.9452  1.0000000000099999e-13  0.0
19.947599999999998  1.0000000000099999e-13  0.0
19.95  1.0000000000099999e-13  0.0
19.952399999999997  1.0000000000099999e-13  0.0
19.9548  1.0000000000099999e-13  0.0
19.957199999999997  1.0000000000099999e-13  0.0
19.9596  1.0000000000099999e-13  0.0
19.962  1.0000000000099999e-13  0.0
19.964399999999998  1.0000000000099999e-13  0.0
19.9668  1.0000000000099999e-13  0.0
19.969199999999997  1.0000000000099999e-13  0.0
19.9716  1.0000000000099999e-13  0.0
19.973999999999997  1.0000000000099999e-13  0.0
19.976399999999998  1.0000000000099999e-13  0.0
19.9788  1.0000000000099999e-13  0.0
19.981199999999998  1.0000000000099999e-13  0.0
19.9836  1.0000000000099999e-13  0.0
19.985999999999997  1.0000000000099999e-13  0.0
19.9884  1.0000000000099999e-13  0.0
19.990799999999997  1.0000000000099999e-13  0.0
19.993199999999998  1.0000000000099999e-13  0.0
19.9956  1.0000000000099999e-13  0.0
19.997999999999998  1.0000000000099999e-13  0.0
# COARSE Δr=0.04 (t=26.000000000001265, nan=false):  r  δε  dε
0.02  3.3024219224671823e-7  0.0
0.06  3.120834893418842e-7  -5.650348005724771e-6
0.1  3.0358867351000345e-7  -1.0602282142106517e-5
0.14  3.0897109478257405e-7  -1.5443187950105967e-5
0.18  3.182011414398951e-7  -2.052630133314126e-5
0.22  3.259330634878231e-7  -2.5731698566285087e-5
0.26  3.3045703010450844e-7  -3.0965669067887234e-5
0.3  3.334851249776633e-7  -3.613987290098709e-5
0.34  3.3635461998580626e-7  -4.126092899624321e-5
0.38  3.396027176217134e-7  -4.634605569811957e-5
0.42  3.432532007581913e-7  -5.140541953518895e-5
0.46  3.471328353782648e-7  -5.644123842431714e-5
0.5  3.5110261773613725e-7  -6.145001901501136e-5
0.54  3.551226734975054e-7  -6.642669105046497e-5
0.58  3.592164615089967e-7  -7.136710012190027e-5
0.62  3.634213960803257e-7  -7.626839073258083e-5
0.66  3.6776216815023917e-7  -8.112841372456088e-5
0.7000000000000001  3.722480006866126e-7  -8.594514596673656e-5
0.74  3.7688027434588586e-7  -9.071644259747041e-5
0.78  3.8165794184188626e-7  -9.544004146651883e-5
0.8200000000000001  3.865818269355951e-7  -0.00010011367741633243
0.86  3.9165127196840593e-7  -0.00010473520195592866
0.9  3.968608205846824e-7  -0.00010930263724891242
0.9400000000000001  4.022180799122428e-7  -0.00011381361425618795
0.98  4.077240324269066e-7  -0.00011826630465255243
1.02  4.1337233521441565e-7  -0.00012265901107827806
1.06  4.19161371373062e-7  -0.00012698977711486322
1.1  4.2508997598203827e-7  -0.00013125682722538558
1.1400000000000001  4.311566571717825e-7  -0.00013545850727349033
1.18  4.3735806067686164e-7  -0.00013959322894578283
1.22  4.4369175216545965e-7  -0.00014365947591000474
1.26  4.5015412333511765e-7  -0.00014765579858581315
1.3  4.567418458408575e-7  -0.00015158082694670914
1.34  4.6345179261007667e-7  -0.00015543327129677645
1.3800000000000001  4.7028025551391905e-7  -0.00015921192028073143
1.42  4.772234095465344e-7  -0.0001629156471908517
1.46  4.842775247603653e-7  -0.00016654340955735386
1.5  4.914376830061906e-7  -0.00017009424330744383
1.54  4.986987432343149e-7  -0.00017356726771117627
1.58  5.060554536195049e-7  -0.00017696167984805524
1.62  5.135015564965845e-7  -0.0001802767470915291
1.6600000000000001  5.210315186800988e-7  -0.00018351181172449873
1.7  5.286400349040557e-7  -0.00018666628462701666
1.74  5.363217282026555e-7  -0.0001897396474669663
1.78  5.440720772709098e-7  -0.00019273146286994335
1.82  5.518867597252217e-7  -0.0001956413736852998
1.86  5.597608174743619e-7  -0.0001984691026021574
1.9000000000000001  5.676888771180381e-7  -0.00020121445548245114
1.94  5.756648615684156e-7  -0.00020387731684918457
1.98  5.836812849420534e-7  -0.0002064576437898417
2.02  5.917295658435916e-7  -0.00020895546496786568
2.06  5.997998778297688e-7  -0.00021137087004102447
2.1  6.078828219168234e-7  -0.00021370398036334626
2.14  6.159729021011466e-7  -0.00021595489141854312
2.18  6.240731052534719e-7  -0.00021812363634508098
2.22  6.321943210156351e-7  -0.0002202103344165992
2.2600000000000002  6.403350006406114e-7  -0.00022221565492680354
2.3000000000000003  6.484704773389565e-7  -0.00022414061138823177
2.34  6.565911271710044e-7  -0.00022598528971327003
2.38  6.647045245025858e-7  -0.00022774979870412168
2.42  6.727827375242745e-7  -0.0002294355915376722
2.46  6.807605401227147e-7  -0.0002310442359629663
2.5  6.886310306903655e-7  -0.0002325749361400801
2.54  6.964803118908545e-7  -0.00023402607400494868
2.58  7.043244105399069e-7  -0.0002354001686268026
2.62  7.120891819967917e-7  -0.00023670025401371269
2.66  7.197280780528621e-7  -0.0002379264783196832
2.7  7.272313143585722e-7  -0.00023907877910645968
2.74  7.345983133186587e-7  -0.0002401578314441006
2.7800000000000002  7.418187068849048e-7  -0.00024116480585279713
2.82  7.488712748281775e-7  -0.00024210092998783682
2.86  7.557804697626725e-7  -0.00024296605180043596
2.9  7.6252430737298e-7  -0.0002437623391581185
2.94  7.690942853215942e-7  -0.0002444904914003531
2.98  7.754931246539091e-7  -0.0002451512787591951
3.02  7.817282676993382e-7  -0.00024574566480642314
3.06  7.878103168638788e-7  -0.000246274660721906
3.1  7.937539467997579e-7  -0.0002467392734921788
3.14  7.995780932339852e-7  -0.0002471405214648034
3.18  8.053049028768078e-7  -0.00024747946163666335
3.22  8.109577443254305e-7  -0.0002477572113100462
3.2600000000000002  8.165587721193409e-7  -0.00024797495886621926
3.3000000000000003  8.221274393567426e-7  -0.0002481339377486053
3.34  8.276826565708226e-7  -0.00024823533458683195
3.38  8.332452642136664e-7  -0.0002482702800822714
3.42  8.388230030724518e-7  -0.00024820729410684084
3.46  8.443927712166541e-7  -0.00024809199833169746
3.5  8.499518011003153e-7  -0.00024792600495459987
3.54  8.554802812200859e-7  -0.0002477110396906728
3.58  8.609367592675833e-7  -0.00024744864710087163
3.62  8.662652817160565e-7  -0.00024714029769137846
3.66  8.713983006792755e-7  -0.00024678747276954166
3.7  8.762559672309414e-7  -0.00024639172136454415
3.74  8.807432902192824e-7  -0.0002459543132384321
3.7800000000000002  8.847610328337977e-7  -0.0002454766275544469
3.8200000000000003  8.882009133621147e-7  -0.00024496011262148214
3.86  8.909428458415752e-7  -0.00024440609995858
3.9  8.928589196417411e-7  -0.0002438158124783591
3.94  8.938175714405267e-7  -0.0002431903719672966
3.98  8.936871005195673e-7  -0.00024253079545145278
4.0200000000000005  8.923394406911084e-7  -0.00024183798626265592
4.0600000000000005  8.896544927423488e-7  -0.00024111271730743592
4.1  8.855243418733625e-7  -0.00024035562586054995
4.14  8.798586817309337e-7  -0.00023956723906642854
4.18  8.72588460415556e-7  -0.00023874807751051547
4.22  8.636656013854584e-7  -0.00023789859770048855
4.26  8.530650529219117e-7  -0.00023701858803413037
4.3  8.408108688505792e-7  -0.00023610962175285599
4.34  8.269042443266551e-7  -0.00023517364442431174
4.38  8.113082806290818e-7  -0.00023420723307509118
4.42  7.941615270234525e-7  -0.00023321131249444882
4.46  7.756040671415276e-7  -0.0002321865874715495
4.5  7.557852795057711e-7  -0.00023113345244236906
4.54  7.348758988571982e-7  -0.00023005220820016285
4.58  7.130705514216433e-7  -0.00022894299266307185
4.62  6.905946082502463e-7  -0.00022780684325609223
4.66  6.676663872973252e-7  -0.00022664397177530487
4.7  6.4453055591046e-7  -0.00022545449593809348
4.74  6.214605646616238e-7  -0.00022423912374459334
4.78  5.987343776095964e-7  -0.00022300001490680788
4.82  5.765760064742505e-7  -0.00022173498330868655
4.86  5.553289559366657e-7  -0.0002204449821711029
4.9  5.353291342322054e-7  -0.0002191339508311567
4.94  5.167854640567449e-7  -0.00021780158700091966
4.98  4.999485998407639e-7  -0.00021644826968991086
5.0200000000000005  4.850829343493223e-7  -0.00021507497399186654
5.0600000000000005  4.7244247115591116e-7  -0.00021368281751262366
5.1000000000000005  4.6226383319835414e-7  -0.00021227293187179577
5.14  4.547659379898917e-7  -0.0002108464605338862
5.18  4.5014772005806626e-7  -0.00020940458580764616
5.22  4.485872099357392e-7  -0.00020794853163688437
5.26  4.502383045460563e-7  -0.00020647956950748373
5.3  4.5522838912213015e-7  -0.00020499902041418877
5.34  4.6365633651115337e-7  -0.00020350824839052617
5.38  4.7558947444619566e-7  -0.00020200866184827426
5.42  4.91061145311395e-7  -0.00020050171560531
5.46  5.100690799426195e-7  -0.000198988902261873
5.5  5.325724664439059e-7  -0.00019747175078820662
5.54  5.584902911352774e-7  -0.00019595181946914747
5.58  5.876993057283143e-7  -0.00019443068820131489
5.62  6.200332663469296e-7  -0.00019290994043448507
5.66  6.552814865220928e-7  -0.00019139115076694397
5.7  6.931885475936774e-7  -0.0001898758711850224
5.74  7.334557737019229e-7  -0.00018836560257760155
5.78  7.75741372696908e-7  -0.00018686177810013936
5.82  8.196636823453482e-7  -0.00018536573515410903
5.86  8.648036711075792e-7  -0.0001838786943017225
5.9  9.107100094404722e-7  -0.0001824017292246426
5.94  9.569031627525214e-7  -0.0001809357438999266
5.98  1.0028831026346946e-6  -0.00017948142298374877
6.0200000000000005  1.0481367984178295e-6  -0.00017803920079142343
6.0600000000000005  1.0921478292703728e-6  -0.0001766093615462072
6.1000000000000005  1.1344022071599585e-6  -0.00017519226309105725
6.140000000000001  1.1743843252888238e-6  -0.00017378699602075648
6.18  1.211628385742135e-6  -0.0001723933668527241
6.22  1.2456880636941073e-6  -0.00017101125786160484
6.26  1.2761339874957736e-6  -0.00016964016908799999
6.3  1.3025678154817625e-6  -0.00016827935723912329
6.34  1.3246325224254985e-6  -0.0001669279274868016
6.38  1.342017269439637e-6  -0.0001655848776882434
6.42  1.3544615067927841e-6  -0.00016424912897725584
6.46  1.3617580640963751e-6  -0.00016291955083407053
6.5  1.3637540783916825e-6  -0.00016159499328774596
6.54  1.3603521340237905e-6  -0.00016027431574903013
6.58  1.351509515371891e-6  -0.0001589564196778409
6.62  1.3372355531616564e-6  -0.00015764028178350434
6.66  1.3175889089177533e-6  -0.00015632497220853685
6.7  1.2926731189267138e-6  -0.00015500967671688124
6.74  1.2626320046529057e-6  -0.00015369368772380208
6.78  1.2276446150107773e-6  -0.000152376210477619
6.82  1.1879291635169477e-6  -0.00015105594180544392
6.86  1.143762056494621e-6  -0.0001497313468876903
6.9  1.0954878619154188e-6  -0.00014840252393257946
6.94  1.0434530130919335e-6  -0.00014706970289614027
6.98  9.880009340654315e-7  -0.00014573846662534228
7.0200000000000005  9.29256906893075e-7  -0.00014440211690232622
7.0600000000000005  8.676196684084814e-7  -0.0001430603771695297
7.1000000000000005  8.035036009401773e-7  -0.00014171357333245266
7.140000000000001  7.373154386482818e-7  -0.0001403623068978332
7.18  6.694421122065077e-7  -0.0001390076226847732
7.22  6.002329578941329e-7  -0.00013765190155553414
7.26  5.299466563627093e-7  -0.00013629832535914056
7.3  4.587181339783374e-7  -0.00013494891134386682
7.34  3.8660538861034176e-7  -0.00013360214089673812
7.38  3.1373063035979715e-7  -0.00013225061737650543
7.42  2.405154730283546e-7  -0.00013088028421042036
7.46  1.6794666213858537e-7  -0.00012947345154861313
7.5  9.772150410205138e-8  -0.0001280175460097028
7.54  3.204302235450729e-8  -0.0001265194721462823
7.58  -2.7159338921158515e-8  -0.00012502168987529237
7.62  -7.96521022008141e-8  -0.00012361155817414057
7.66  -1.2869388592378587e-7  -0.00012241215832719626
7.7  -1.824646121098046e-7  -0.00012154322681766326
7.74  -2.5393170594642246e-7  -0.00012104790700692205
7.78  -3.57786135056063e-7  -0.00012079786609132126
7.82  -5.035844857820377e-7  -0.00012039282621740007
7.86  -6.848702729409331e-7  -0.00011910285247134065
7.9  -8.659883514353271e-7  -0.00011596377222103701
7.94  -9.727155688423766e-7  -0.00011005335510315547
7.98  -8.939380775486469e-7  -0.00010080981657928937
8.02  -4.960700506846116e-7  -8.78287929070136e-5
8.06  3.706502447416587e-7  -7.212214474246542e-5
8.1  1.8155104652019017e-6  -5.369064910751525e-5
8.14  2.3640128167748556e-6  -3.405183020305501e-5
8.18  1.0019396086526552e-6  -1.7805384167986942e-5
8.22  2.897242419331775e-7  -7.121247124687412e-6
8.26  4.874356945681004e-9  -5.269705060710581e-7
8.3  -1.620446329716132e-8  0.0
8.34  -2.5556987336588055e-10  6.391746834147039e-9
8.38  1.0000000000099999e-13  0.0
8.42  1.0000000000099999e-13  0.0
8.46  1.0000000000099999e-13  0.0
8.5  1.0000000000099999e-13  0.0
8.540000000000001  1.0000000000099999e-13  0.0
8.58  1.0000000000099999e-13  0.0
8.620000000000001  1.0000000000099999e-13  0.0
8.66  1.0000000000099999e-13  0.0
8.700000000000001  1.0000000000099999e-13  0.0
8.74  1.0000000000099999e-13  0.0
8.78  1.0000000000099999e-13  0.0
8.82  1.0000000000099999e-13  0.0
8.86  1.0000000000099999e-13  0.0
8.9  1.0000000000099999e-13  0.0
8.94  1.0000000000099999e-13  0.0
8.98  1.0000000000099999e-13  0.0
9.02  1.0000000000099999e-13  0.0
9.06  1.0000000000099999e-13  0.0
9.1  1.0000000000099999e-13  0.0
9.14  1.0000000000099999e-13  0.0
9.18  1.0000000000099999e-13  0.0
9.22  1.0000000000099999e-13  0.0
9.26  1.0000000000099999e-13  0.0
9.3  1.0000000000099999e-13  0.0
9.34  1.0000000000099999e-13  0.0
9.38  1.0000000000099999e-13  0.0
9.42  1.0000000000099999e-13  0.0
9.46  1.0000000000099999e-13  0.0
9.5  1.0000000000099999e-13  0.0
9.540000000000001  1.0000000000099999e-13  0.0
9.58  1.0000000000099999e-13  0.0
9.620000000000001  1.0000000000099999e-13  0.0
9.66  1.0000000000099999e-13  0.0
9.700000000000001  1.0000000000099999e-13  0.0
9.74  1.0000000000099999e-13  0.0
9.78  1.0000000000099999e-13  0.0
9.82  1.0000000000099999e-13  0.0
9.86  1.0000000000099999e-13  0.0
9.9  1.0000000000099999e-13  0.0
9.94  1.0000000000099999e-13  0.0
9.98  1.0000000000099999e-13  0.0
10.02  1.0000000000099999e-13  0.0
10.06  1.0000000000099999e-13  0.0
10.1  1.0000000000099999e-13  0.0
10.14  1.0000000000099999e-13  0.0
10.18  1.0000000000099999e-13  0.0
10.22  1.0000000000099999e-13  0.0
10.26  1.0000000000099999e-13  0.0
10.3  1.0000000000099999e-13  0.0
10.34  1.0000000000099999e-13  0.0
10.38  1.0000000000099999e-13  0.0
10.42  1.0000000000099999e-13  0.0
10.46  1.0000000000099999e-13  0.0
10.5  1.0000000000099999e-13  0.0
10.540000000000001  1.0000000000099999e-13  0.0
10.58  1.0000000000099999e-13  0.0
10.620000000000001  1.0000000000099999e-13  0.0
10.66  1.0000000000099999e-13  0.0
10.700000000000001  1.0000000000099999e-13  0.0
10.74  1.0000000000099999e-13  0.0
10.78  1.0000000000099999e-13  0.0
10.82  1.0000000000099999e-13  0.0
10.86  1.0000000000099999e-13  0.0
10.9  1.0000000000099999e-13  0.0
10.94  1.0000000000099999e-13  0.0
10.98  1.0000000000099999e-13  0.0
11.02  1.0000000000099999e-13  0.0
11.06  1.0000000000099999e-13  0.0
11.1  1.0000000000099999e-13  0.0
11.14  1.0000000000099999e-13  0.0
11.18  1.0000000000099999e-13  0.0
11.22  1.0000000000099999e-13  0.0
11.26  1.0000000000099999e-13  0.0
11.3  1.0000000000099999e-13  0.0
11.34  1.0000000000099999e-13  0.0
11.38  1.0000000000099999e-13  0.0
11.42  1.0000000000099999e-13  0.0
11.46  1.0000000000099999e-13  0.0
11.5  1.0000000000099999e-13  0.0
11.540000000000001  1.0000000000099999e-13  0.0
11.58  1.0000000000099999e-13  0.0
11.620000000000001  1.0000000000099999e-13  0.0
11.66  1.0000000000099999e-13  0.0
11.700000000000001  1.0000000000099999e-13  0.0
11.74  1.0000000000099999e-13  0.0
11.78  1.0000000000099999e-13  0.0
11.82  1.0000000000099999e-13  0.0
11.86  1.0000000000099999e-13  0.0
11.9  1.0000000000099999e-13  0.0
11.94  1.0000000000099999e-13  0.0
11.98  1.0000000000099999e-13  0.0
12.02  1.0000000000099999e-13  0.0
12.06  1.0000000000099999e-13  0.0
12.1  1.0000000000099999e-13  0.0
12.14  1.0000000000099999e-13  0.0
12.18  1.0000000000099999e-13  0.0
12.22  1.0000000000099999e-13  0.0
12.26  1.0000000000099999e-13  0.0
12.3  1.0000000000099999e-13  0.0
12.34  1.0000000000099999e-13  0.0
12.38  1.0000000000099999e-13  0.0
12.42  1.0000000000099999e-13  0.0
12.46  1.0000000000099999e-13  0.0
12.5  1.0000000000099999e-13  0.0
12.540000000000001  1.0000000000099999e-13  0.0
12.58  1.0000000000099999e-13  0.0
12.620000000000001  1.0000000000099999e-13  0.0
12.66  1.0000000000099999e-13  0.0
12.700000000000001  1.0000000000099999e-13  0.0
12.74  1.0000000000099999e-13  0.0
12.780000000000001  1.0000000000099999e-13  0.0
12.82  1.0000000000099999e-13  0.0
12.86  1.0000000000099999e-13  0.0
12.9  1.0000000000099999e-13  0.0
12.94  1.0000000000099999e-13  0.0
12.98  1.0000000000099999e-13  0.0
13.02  1.0000000000099999e-13  0.0
13.06  1.0000000000099999e-13  0.0
13.1  1.0000000000099999e-13  0.0
13.14  1.0000000000099999e-13  0.0
13.18  1.0000000000099999e-13  0.0
13.22  1.0000000000099999e-13  0.0
13.26  1.0000000000099999e-13  0.0
13.3  1.0000000000099999e-13  0.0
13.34  1.0000000000099999e-13  0.0
13.38  1.0000000000099999e-13  0.0
13.42  1.0000000000099999e-13  0.0
13.46  1.0000000000099999e-13  0.0
13.5  1.0000000000099999e-13  0.0
13.540000000000001  1.0000000000099999e-13  0.0
13.58  1.0000000000099999e-13  0.0
13.620000000000001  1.0000000000099999e-13  0.0
13.66  1.0000000000099999e-13  0.0
13.700000000000001  1.0000000000099999e-13  0.0
13.74  1.0000000000099999e-13  0.0
13.780000000000001  1.0000000000099999e-13  0.0
13.82  1.0000000000099999e-13  0.0
13.86  1.0000000000099999e-13  0.0
13.9  1.0000000000099999e-13  0.0
13.94  1.0000000000099999e-13  0.0
13.98  1.0000000000099999e-13  0.0
14.02  1.0000000000099999e-13  0.0
14.06  1.0000000000099999e-13  0.0
14.1  1.0000000000099999e-13  0.0
14.14  1.0000000000099999e-13  0.0
14.18  1.0000000000099999e-13  0.0
14.22  1.0000000000099999e-13  0.0
14.26  1.0000000000099999e-13  0.0
14.3  1.0000000000099999e-13  0.0
14.34  1.0000000000099999e-13  0.0
14.38  1.0000000000099999e-13  0.0
14.42  1.0000000000099999e-13  0.0
14.46  1.0000000000099999e-13  0.0
14.5  1.0000000000099999e-13  0.0
14.540000000000001  1.0000000000099999e-13  0.0
14.58  1.0000000000099999e-13  0.0
14.620000000000001  1.0000000000099999e-13  0.0
14.66  1.0000000000099999e-13  0.0
14.700000000000001  1.0000000000099999e-13  0.0
14.74  1.0000000000099999e-13  0.0
14.780000000000001  1.0000000000099999e-13  0.0
14.82  1.0000000000099999e-13  0.0
14.86  1.0000000000099999e-13  0.0
14.9  1.0000000000099999e-13  0.0
14.94  1.0000000000099999e-13  0.0
14.98  1.0000000000099999e-13  0.0
15.02  1.0000000000099999e-13  0.0
15.06  1.0000000000099999e-13  0.0
15.1  1.0000000000099999e-13  0.0
15.14  1.0000000000099999e-13  0.0
15.18  1.0000000000099999e-13  0.0
15.22  1.0000000000099999e-13  0.0
15.26  1.0000000000099999e-13  0.0
15.3  1.0000000000099999e-13  0.0
15.34  1.0000000000099999e-13  0.0
15.38  1.0000000000099999e-13  0.0
15.42  1.0000000000099999e-13  0.0
15.46  1.0000000000099999e-13  0.0
15.5  1.0000000000099999e-13  0.0
15.540000000000001  1.0000000000099999e-13  0.0
15.58  1.0000000000099999e-13  0.0
15.620000000000001  1.0000000000099999e-13  0.0
15.66  1.0000000000099999e-13  0.0
15.700000000000001  1.0000000000099999e-13  0.0
15.74  1.0000000000099999e-13  0.0
15.780000000000001  1.0000000000099999e-13  0.0
15.82  1.0000000000099999e-13  0.0
15.860000000000001  1.0000000000099999e-13  0.0
15.9  1.0000000000099999e-13  0.0
15.94  1.0000000000099999e-13  0.0
15.98  1.0000000000099999e-13  0.0
16.02  1.0000000000099999e-13  0.0
16.06  1.0000000000099999e-13  0.0
16.1  1.0000000000099999e-13  0.0
16.14  1.0000000000099999e-13  0.0
16.18  1.0000000000099999e-13  0.0
16.22  1.0000000000099999e-13  0.0
16.26  1.0000000000099999e-13  0.0
16.3  1.0000000000099999e-13  0.0
16.34  1.0000000000099999e-13  0.0
16.38  1.0000000000099999e-13  0.0
16.42  1.0000000000099999e-13  0.0
16.46  1.0000000000099999e-13  0.0
16.5  1.0000000000099999e-13  0.0
16.54  1.0000000000099999e-13  0.0
16.580000000000002  1.0000000000099999e-13  0.0
16.62  1.0000000000099999e-13  0.0
16.66  1.0000000000099999e-13  0.0
16.7  1.0000000000099999e-13  0.0
16.740000000000002  1.0000000000099999e-13  0.0
16.78  1.0000000000099999e-13  0.0
16.82  1.0000000000099999e-13  0.0
16.86  1.0000000000099999e-13  0.0
16.9  1.0000000000099999e-13  0.0
16.94  1.0000000000099999e-13  0.0
16.98  1.0000000000099999e-13  0.0
17.02  1.0000000000099999e-13  0.0
17.06  1.0000000000099999e-13  0.0
17.1  1.0000000000099999e-13  0.0
17.14  1.0000000000099999e-13  0.0
17.18  1.0000000000099999e-13  0.0
17.22  1.0000000000099999e-13  0.0
17.26  1.0000000000099999e-13  0.0
17.3  1.0000000000099999e-13  0.0
17.34  1.0000000000099999e-13  0.0
17.38  1.0000000000099999e-13  0.0
17.42  1.0000000000099999e-13  0.0
17.46  1.0000000000099999e-13  0.0
17.5  1.0000000000099999e-13  0.0
17.54  1.0000000000099999e-13  0.0
17.580000000000002  1.0000000000099999e-13  0.0
17.62  1.0000000000099999e-13  0.0
17.66  1.0000000000099999e-13  0.0
17.7  1.0000000000099999e-13  0.0
17.740000000000002  1.0000000000099999e-13  0.0
17.78  1.0000000000099999e-13  0.0
17.82  1.0000000000099999e-13  0.0
17.86  1.0000000000099999e-13  0.0
17.900000000000002  1.0000000000099999e-13  0.0
17.94  1.0000000000099999e-13  0.0
17.98  1.0000000000099999e-13  0.0
18.02  1.0000000000099999e-13  0.0
18.06  1.0000000000099999e-13  0.0
18.1  1.0000000000099999e-13  0.0
18.14  1.0000000000099999e-13  0.0
18.18  1.0000000000099999e-13  0.0
18.22  1.0000000000099999e-13  0.0
18.26  1.0000000000099999e-13  0.0
18.3  1.0000000000099999e-13  0.0
18.34  1.0000000000099999e-13  0.0
18.38  1.0000000000099999e-13  0.0
18.42  1.0000000000099999e-13  0.0
18.46  1.0000000000099999e-13  0.0
18.5  1.0000000000099999e-13  0.0
18.54  1.0000000000099999e-13  0.0
18.580000000000002  1.0000000000099999e-13  0.0
18.62  1.0000000000099999e-13  0.0
18.66  1.0000000000099999e-13  0.0
18.7  1.0000000000099999e-13  0.0
18.740000000000002  1.0000000000099999e-13  0.0
18.78  1.0000000000099999e-13  0.0
18.82  1.0000000000099999e-13  0.0
18.86  1.0000000000099999e-13  0.0
18.900000000000002  1.0000000000099999e-13  0.0
18.94  1.0000000000099999e-13  0.0
18.98  1.0000000000099999e-13  0.0
19.02  1.0000000000099999e-13  0.0
19.06  1.0000000000099999e-13  0.0
19.1  1.0000000000099999e-13  0.0
19.14  1.0000000000099999e-13  0.0
19.18  1.0000000000099999e-13  0.0
19.22  1.0000000000099999e-13  0.0
19.26  1.0000000000099999e-13  0.0
19.3  1.0000000000099999e-13  0.0
19.34  1.0000000000099999e-13  0.0
19.38  1.0000000000099999e-13  0.0
19.42  1.0000000000099999e-13  0.0
19.46  1.0000000000099999e-13  0.0
19.5  1.0000000000099999e-13  0.0
19.54  1.0000000000099999e-13  0.0
19.580000000000002  1.0000000000099999e-13  0.0
19.62  1.0000000000099999e-13  0.0
19.66  1.0000000000099999e-13  0.0
19.7  1.0000000000099999e-13  0.0
19.740000000000002  1.0000000000099999e-13  0.0
19.78  1.0000000000099999e-13  0.0
19.82  1.0000000000099999e-13  0.0
19.86  1.0000000000099999e-13  0.0
19.900000000000002  1.0000000000099999e-13  0.0
19.94  1.0000000000099999e-13  0.0
19.98  1.0000000000099999e-13  0.0
